host,timestamp,gpu_index,uuid,name,memory_used_mb,memory_total_mb,gpu_util_percent,power_watts,temp_c
nid008225,2026/05/04 00:19:45.125, 0, GPU-baade223-6883-6299-1b87-c48c53d32c2d, NVIDIA A100-SXM4-80GB, 34769, 81920, 0, 95.54, 31
nid008225,2026/05/04 00:19:45.135, 1, GPU-08cd89d1-fe1c-96bf-9720-f8b4d92156ab, NVIDIA A100-SXM4-80GB, 34769, 81920, 0, 96.53, 30
nid008225,2026/05/04 00:19:45.141, 2, GPU-035e63ff-8624-b2e0-9447-5140761bc5cf, NVIDIA A100-SXM4-80GB, 72001, 81920, 0, 93.80, 31
nid008225,2026/05/04 00:19:45.143, 3, GPU-428acb6b-9398-1f29-218d-e81317ef4d30, NVIDIA A100-SXM4-80GB, 72493, 81920, 0, 97.51, 30
nid008569,2026/05/04 00:19:46.061, 0, GPU-7b8dcc3e-7a6b-ed06-f92f-1b75b7f66c4d, NVIDIA A100-SXM4-80GB, 72467, 81920, 0, 92.05, 32
nid008569,2026/05/04 00:19:46.064, 1, GPU-a38d0ad5-b689-3842-8693-74ca661db097, NVIDIA A100-SXM4-80GB, 72467, 81920, 0, 92.71, 30
nid008569,2026/05/04 00:19:46.065, 2, GPU-0eeb185a-5ff9-a064-b944-df364d9f0525, NVIDIA A100-SXM4-80GB, 73087, 81920, 0, 96.53, 31
nid008569,2026/05/04 00:19:46.067, 3, GPU-b85332e0-5267-87ff-d66c-3ea990a45a88, NVIDIA A100-SXM4-80GB, 73087, 81920, 0, 95.07, 29
nid008225,2026/05/04 00:19:49.063, 0, GPU-baade223-6883-6299-1b87-c48c53d32c2d, NVIDIA A100-SXM4-80GB, 34769, 81920, 0, 95.43, 32
nid008225,2026/05/04 00:19:49.066, 1, GPU-08cd89d1-fe1c-96bf-9720-f8b4d92156ab, NVIDIA A100-SXM4-80GB, 34769, 81920, 0, 96.53, 30
nid008225,2026/05/04 00:19:49.067, 2, GPU-035e63ff-8624-b2e0-9447-5140761bc5cf, NVIDIA A100-SXM4-80GB, 72001, 81920, 0, 93.52, 31
nid008225,2026/05/04 00:19:49.071, 3, GPU-428acb6b-9398-1f29-218d-e81317ef4d30, NVIDIA A100-SXM4-80GB, 72493, 81920, 0, 97.75, 30
nid008569,2026/05/04 00:19:50.026, 0, GPU-7b8dcc3e-7a6b-ed06-f92f-1b75b7f66c4d, NVIDIA A100-SXM4-80GB, 72467, 81920, 0, 92.19, 32
nid008569,2026/05/04 00:19:50.028, 1, GPU-a38d0ad5-b689-3842-8693-74ca661db097, NVIDIA A100-SXM4-80GB, 72467, 81920, 0, 92.71, 30
nid008569,2026/05/04 00:19:50.030, 2, GPU-0eeb185a-5ff9-a064-b944-df364d9f0525, NVIDIA A100-SXM4-80GB, 73087, 81920, 0, 96.53, 31
nid008569,2026/05/04 00:19:50.031, 3, GPU-b85332e0-5267-87ff-d66c-3ea990a45a88, NVIDIA A100-SXM4-80GB, 73087, 81920, 0, 94.79, 29
nid008225,2026/05/04 00:19:53.112, 0, GPU-baade223-6883-6299-1b87-c48c53d32c2d, NVIDIA A100-SXM4-80GB, 34769, 81920, 0, 95.54, 32
nid008225,2026/05/04 00:19:53.114, 1, GPU-08cd89d1-fe1c-96bf-9720-f8b4d92156ab, NVIDIA A100-SXM4-80GB, 34769, 81920, 0, 96.53, 30
nid008225,2026/05/04 00:19:53.116, 2, GPU-035e63ff-8624-b2e0-9447-5140761bc5cf, NVIDIA A100-SXM4-80GB, 72001, 81920, 0, 93.52, 31
nid008225,2026/05/04 00:19:53.117, 3, GPU-428acb6b-9398-1f29-218d-e81317ef4d30, NVIDIA A100-SXM4-80GB, 72493, 81920, 0, 97.75, 30
nid008569,2026/05/04 00:19:54.038, 0, GPU-7b8dcc3e-7a6b-ed06-f92f-1b75b7f66c4d, NVIDIA A100-SXM4-80GB, 72467, 81920, 0, 92.05, 32
nid008569,2026/05/04 00:19:54.040, 1, GPU-a38d0ad5-b689-3842-8693-74ca661db097, NVIDIA A100-SXM4-80GB, 72467, 81920, 0, 92.71, 30
nid008569,2026/05/04 00:19:54.041, 2, GPU-0eeb185a-5ff9-a064-b944-df364d9f0525, NVIDIA A100-SXM4-80GB, 73087, 81920, 0, 96.65, 31
nid008569,2026/05/04 00:19:54.043, 3, GPU-b85332e0-5267-87ff-d66c-3ea990a45a88, NVIDIA A100-SXM4-80GB, 73087, 81920, 0, 94.79, 29
nid008225,2026/05/04 00:19:57.102, 0, GPU-baade223-6883-6299-1b87-c48c53d32c2d, NVIDIA A100-SXM4-80GB, 34769, 81920, 0, 95.54, 32
nid008225,2026/05/04 00:19:57.105, 1, GPU-08cd89d1-fe1c-96bf-9720-f8b4d92156ab, NVIDIA A100-SXM4-80GB, 34769, 81920, 0, 96.53, 30
nid008225,2026/05/04 00:19:57.106, 2, GPU-035e63ff-8624-b2e0-9447-5140761bc5cf, NVIDIA A100-SXM4-80GB, 72001, 81920, 0, 93.80, 31
nid008225,2026/05/04 00:19:57.108, 3, GPU-428acb6b-9398-1f29-218d-e81317ef4d30, NVIDIA A100-SXM4-80GB, 72493, 81920, 0, 97.51, 30
nid008569,2026/05/04 00:19:58.090, 0, GPU-7b8dcc3e-7a6b-ed06-f92f-1b75b7f66c4d, NVIDIA A100-SXM4-80GB, 72467, 81920, 0, 92.29, 32
nid008569,2026/05/04 00:19:58.092, 1, GPU-a38d0ad5-b689-3842-8693-74ca661db097, NVIDIA A100-SXM4-80GB, 72467, 81920, 0, 92.58, 30
nid008569,2026/05/04 00:19:58.094, 2, GPU-0eeb185a-5ff9-a064-b944-df364d9f0525, NVIDIA A100-SXM4-80GB, 73087, 81920, 0, 96.65, 31
nid008569,2026/05/04 00:19:58.095, 3, GPU-b85332e0-5267-87ff-d66c-3ea990a45a88, NVIDIA A100-SXM4-80GB, 73087, 81920, 0, 94.79, 29
nid008225,2026/05/04 00:20:01.059, 0, GPU-baade223-6883-6299-1b87-c48c53d32c2d, NVIDIA A100-SXM4-80GB, 34769, 81920, 0, 95.54, 32
nid008225,2026/05/04 00:20:01.062, 1, GPU-08cd89d1-fe1c-96bf-9720-f8b4d92156ab, NVIDIA A100-SXM4-80GB, 34769, 81920, 0, 96.53, 30
nid008225,2026/05/04 00:20:01.063, 2, GPU-035e63ff-8624-b2e0-9447-5140761bc5cf, NVIDIA A100-SXM4-80GB, 72001, 81920, 0, 93.52, 31
nid008225,2026/05/04 00:20:01.065, 3, GPU-428acb6b-9398-1f29-218d-e81317ef4d30, NVIDIA A100-SXM4-80GB, 72493, 81920, 0, 97.51, 30
nid008569,2026/05/04 00:20:02.003, 0, GPU-7b8dcc3e-7a6b-ed06-f92f-1b75b7f66c4d, NVIDIA A100-SXM4-80GB, 72467, 81920, 0, 92.19, 32
nid008569,2026/05/04 00:20:02.005, 1, GPU-a38d0ad5-b689-3842-8693-74ca661db097, NVIDIA A100-SXM4-80GB, 72467, 81920, 0, 92.71, 30
nid008569,2026/05/04 00:20:02.006, 2, GPU-0eeb185a-5ff9-a064-b944-df364d9f0525, NVIDIA A100-SXM4-80GB, 73087, 81920, 0, 96.53, 31
nid008569,2026/05/04 00:20:02.008, 3, GPU-b85332e0-5267-87ff-d66c-3ea990a45a88, NVIDIA A100-SXM4-80GB, 73087, 81920, 0, 95.07, 29
nid008225,2026/05/04 00:20:05.067, 0, GPU-baade223-6883-6299-1b87-c48c53d32c2d, NVIDIA A100-SXM4-80GB, 34769, 81920, 0, 95.78, 32
nid008225,2026/05/04 00:20:05.075, 1, GPU-08cd89d1-fe1c-96bf-9720-f8b4d92156ab, NVIDIA A100-SXM4-80GB, 34769, 81920, 0, 96.53, 30
nid008225,2026/05/04 00:20:05.082, 2, GPU-035e63ff-8624-b2e0-9447-5140761bc5cf, NVIDIA A100-SXM4-80GB, 72001, 81920, 0, 93.52, 31
nid008225,2026/05/04 00:20:05.088, 3, GPU-428acb6b-9398-1f29-218d-e81317ef4d30, NVIDIA A100-SXM4-80GB, 72493, 81920, 0, 97.51, 30
nid008569,2026/05/04 00:20:06.045, 0, GPU-7b8dcc3e-7a6b-ed06-f92f-1b75b7f66c4d, NVIDIA A100-SXM4-80GB, 72467, 81920, 0, 92.19, 32
nid008569,2026/05/04 00:20:06.051, 1, GPU-a38d0ad5-b689-3842-8693-74ca661db097, NVIDIA A100-SXM4-80GB, 72467, 81920, 0, 92.71, 30
nid008569,2026/05/04 00:20:06.057, 2, GPU-0eeb185a-5ff9-a064-b944-df364d9f0525, NVIDIA A100-SXM4-80GB, 73087, 81920, 0, 96.53, 31
nid008569,2026/05/04 00:20:06.069, 3, GPU-b85332e0-5267-87ff-d66c-3ea990a45a88, NVIDIA A100-SXM4-80GB, 73087, 81920, 0, 95.07, 29
nid008225,2026/05/04 00:20:09.112, 0, GPU-baade223-6883-6299-1b87-c48c53d32c2d, NVIDIA A100-SXM4-80GB, 34769, 81920, 0, 95.54, 32
nid008225,2026/05/04 00:20:09.118, 1, GPU-08cd89d1-fe1c-96bf-9720-f8b4d92156ab, NVIDIA A100-SXM4-80GB, 34769, 81920, 0, 96.53, 30
nid008225,2026/05/04 00:20:09.123, 2, GPU-035e63ff-8624-b2e0-9447-5140761bc5cf, NVIDIA A100-SXM4-80GB, 72001, 81920, 0, 93.52, 31
nid008225,2026/05/04 00:20:09.130, 3, GPU-428acb6b-9398-1f29-218d-e81317ef4d30, NVIDIA A100-SXM4-80GB, 72493, 81920, 0, 97.75, 30
nid008569,2026/05/04 00:20:10.143, 0, GPU-7b8dcc3e-7a6b-ed06-f92f-1b75b7f66c4d, NVIDIA A100-SXM4-80GB, 72467, 81920, 0, 92.19, 32
nid008569,2026/05/04 00:20:10.145, 1, GPU-a38d0ad5-b689-3842-8693-74ca661db097, NVIDIA A100-SXM4-80GB, 72467, 81920, 0, 92.71, 30
nid008569,2026/05/04 00:20:10.147, 2, GPU-0eeb185a-5ff9-a064-b944-df364d9f0525, NVIDIA A100-SXM4-80GB, 73087, 81920, 0, 96.65, 31
nid008569,2026/05/04 00:20:10.148, 3, GPU-b85332e0-5267-87ff-d66c-3ea990a45a88, NVIDIA A100-SXM4-80GB, 73087, 81920, 0, 94.90, 29
nid008225,2026/05/04 00:20:13.152, 0, GPU-baade223-6883-6299-1b87-c48c53d32c2d, NVIDIA A100-SXM4-80GB, 34769, 81920, 0, 95.54, 32
nid008225,2026/05/04 00:20:13.154, 1, GPU-08cd89d1-fe1c-96bf-9720-f8b4d92156ab, NVIDIA A100-SXM4-80GB, 34769, 81920, 0, 96.42, 30
nid008225,2026/05/04 00:20:13.156, 2, GPU-035e63ff-8624-b2e0-9447-5140761bc5cf, NVIDIA A100-SXM4-80GB, 72001, 81920, 0, 93.52, 31
nid008225,2026/05/04 00:20:13.157, 3, GPU-428acb6b-9398-1f29-218d-e81317ef4d30, NVIDIA A100-SXM4-80GB, 72493, 81920, 0, 97.51, 30
nid008569,2026/05/04 00:20:14.091, 0, GPU-7b8dcc3e-7a6b-ed06-f92f-1b75b7f66c4d, NVIDIA A100-SXM4-80GB, 72467, 81920, 0, 92.19, 32
nid008569,2026/05/04 00:20:14.093, 1, GPU-a38d0ad5-b689-3842-8693-74ca661db097, NVIDIA A100-SXM4-80GB, 72467, 81920, 0, 92.71, 30
nid008569,2026/05/04 00:20:14.094, 2, GPU-0eeb185a-5ff9-a064-b944-df364d9f0525, NVIDIA A100-SXM4-80GB, 73087, 81920, 0, 96.53, 31
nid008569,2026/05/04 00:20:14.096, 3, GPU-b85332e0-5267-87ff-d66c-3ea990a45a88, NVIDIA A100-SXM4-80GB, 73087, 81920, 0, 94.68, 29
nid008225,2026/05/04 00:20:17.119, 0, GPU-baade223-6883-6299-1b87-c48c53d32c2d, NVIDIA A100-SXM4-80GB, 34769, 81920, 0, 95.54, 32
nid008225,2026/05/04 00:20:17.121, 1, GPU-08cd89d1-fe1c-96bf-9720-f8b4d92156ab, NVIDIA A100-SXM4-80GB, 34769, 81920, 0, 96.53, 30
nid008225,2026/05/04 00:20:17.123, 2, GPU-035e63ff-8624-b2e0-9447-5140761bc5cf, NVIDIA A100-SXM4-80GB, 72001, 81920, 0, 93.80, 31
nid008225,2026/05/04 00:20:17.124, 3, GPU-428acb6b-9398-1f29-218d-e81317ef4d30, NVIDIA A100-SXM4-80GB, 72493, 81920, 0, 97.51, 30
nid008569,2026/05/04 00:20:18.053, 0, GPU-7b8dcc3e-7a6b-ed06-f92f-1b75b7f66c4d, NVIDIA A100-SXM4-80GB, 72467, 81920, 0, 92.19, 32
nid008569,2026/05/04 00:20:18.056, 1, GPU-a38d0ad5-b689-3842-8693-74ca661db097, NVIDIA A100-SXM4-80GB, 72467, 81920, 0, 92.71, 30
nid008569,2026/05/04 00:20:18.057, 2, GPU-0eeb185a-5ff9-a064-b944-df364d9f0525, NVIDIA A100-SXM4-80GB, 73087, 81920, 0, 96.53, 32
nid008569,2026/05/04 00:20:18.063, 3, GPU-b85332e0-5267-87ff-d66c-3ea990a45a88, NVIDIA A100-SXM4-80GB, 73087, 81920, 0, 95.07, 29
nid008225,2026/05/04 00:20:21.087, 0, GPU-baade223-6883-6299-1b87-c48c53d32c2d, NVIDIA A100-SXM4-80GB, 34769, 81920, 0, 95.54, 32
nid008225,2026/05/04 00:20:21.090, 1, GPU-08cd89d1-fe1c-96bf-9720-f8b4d92156ab, NVIDIA A100-SXM4-80GB, 34769, 81920, 0, 96.53, 30
nid008225,2026/05/04 00:20:21.091, 2, GPU-035e63ff-8624-b2e0-9447-5140761bc5cf, NVIDIA A100-SXM4-80GB, 72001, 81920, 0, 93.80, 31
nid008225,2026/05/04 00:20:21.093, 3, GPU-428acb6b-9398-1f29-218d-e81317ef4d30, NVIDIA A100-SXM4-80GB, 72493, 81920, 0, 97.75, 30
nid008569,2026/05/04 00:20:22.042, 0, GPU-7b8dcc3e-7a6b-ed06-f92f-1b75b7f66c4d, NVIDIA A100-SXM4-80GB, 72467, 81920, 0, 92.29, 32
nid008569,2026/05/04 00:20:22.044, 1, GPU-a38d0ad5-b689-3842-8693-74ca661db097, NVIDIA A100-SXM4-80GB, 72467, 81920, 0, 92.71, 30
nid008569,2026/05/04 00:20:22.045, 2, GPU-0eeb185a-5ff9-a064-b944-df364d9f0525, NVIDIA A100-SXM4-80GB, 73087, 81920, 0, 96.53, 32
nid008569,2026/05/04 00:20:22.047, 3, GPU-b85332e0-5267-87ff-d66c-3ea990a45a88, NVIDIA A100-SXM4-80GB, 73087, 81920, 0, 94.79, 29
nid008225,2026/05/04 00:20:25.076, 0, GPU-baade223-6883-6299-1b87-c48c53d32c2d, NVIDIA A100-SXM4-80GB, 34769, 81920, 0, 95.54, 32
nid008225,2026/05/04 00:20:25.078, 1, GPU-08cd89d1-fe1c-96bf-9720-f8b4d92156ab, NVIDIA A100-SXM4-80GB, 34769, 81920, 0, 96.53, 30
nid008225,2026/05/04 00:20:25.080, 2, GPU-035e63ff-8624-b2e0-9447-5140761bc5cf, NVIDIA A100-SXM4-80GB, 72001, 81920, 0, 93.52, 31
nid008225,2026/05/04 00:20:25.081, 3, GPU-428acb6b-9398-1f29-218d-e81317ef4d30, NVIDIA A100-SXM4-80GB, 72493, 81920, 0, 97.51, 30
nid008569,2026/05/04 00:20:26.026, 0, GPU-7b8dcc3e-7a6b-ed06-f92f-1b75b7f66c4d, NVIDIA A100-SXM4-80GB, 72467, 81920, 0, 92.19, 32
nid008569,2026/05/04 00:20:26.029, 1, GPU-a38d0ad5-b689-3842-8693-74ca661db097, NVIDIA A100-SXM4-80GB, 72467, 81920, 0, 92.71, 30
nid008569,2026/05/04 00:20:26.030, 2, GPU-0eeb185a-5ff9-a064-b944-df364d9f0525, NVIDIA A100-SXM4-80GB, 73087, 81920, 0, 96.53, 31
nid008569,2026/05/04 00:20:26.032, 3, GPU-b85332e0-5267-87ff-d66c-3ea990a45a88, NVIDIA A100-SXM4-80GB, 73087, 81920, 0, 94.96, 29
nid008225,2026/05/04 00:20:29.014, 0, GPU-baade223-6883-6299-1b87-c48c53d32c2d, NVIDIA A100-SXM4-80GB, 34769, 81920, 0, 95.54, 32
nid008225,2026/05/04 00:20:29.017, 1, GPU-08cd89d1-fe1c-96bf-9720-f8b4d92156ab, NVIDIA A100-SXM4-80GB, 34769, 81920, 0, 96.53, 30
nid008225,2026/05/04 00:20:29.018, 2, GPU-035e63ff-8624-b2e0-9447-5140761bc5cf, NVIDIA A100-SXM4-80GB, 72001, 81920, 0, 93.52, 31
nid008225,2026/05/04 00:20:29.020, 3, GPU-428acb6b-9398-1f29-218d-e81317ef4d30, NVIDIA A100-SXM4-80GB, 72493, 81920, 0, 97.63, 30
nid008569,2026/05/04 00:20:29.957, 0, GPU-7b8dcc3e-7a6b-ed06-f92f-1b75b7f66c4d, NVIDIA A100-SXM4-80GB, 72467, 81920, 0, 92.19, 32
nid008569,2026/05/04 00:20:29.959, 1, GPU-a38d0ad5-b689-3842-8693-74ca661db097, NVIDIA A100-SXM4-80GB, 72467, 81920, 0, 92.82, 30
nid008569,2026/05/04 00:20:29.960, 2, GPU-0eeb185a-5ff9-a064-b944-df364d9f0525, NVIDIA A100-SXM4-80GB, 73087, 81920, 0, 96.65, 31
nid008569,2026/05/04 00:20:29.965, 3, GPU-b85332e0-5267-87ff-d66c-3ea990a45a88, NVIDIA A100-SXM4-80GB, 73087, 81920, 0, 94.79, 29
nid008225,2026/05/04 00:20:32.980, 0, GPU-baade223-6883-6299-1b87-c48c53d32c2d, NVIDIA A100-SXM4-80GB, 34769, 81920, 0, 95.43, 32
nid008225,2026/05/04 00:20:32.982, 1, GPU-08cd89d1-fe1c-96bf-9720-f8b4d92156ab, NVIDIA A100-SXM4-80GB, 34769, 81920, 0, 96.53, 30
nid008225,2026/05/04 00:20:32.984, 2, GPU-035e63ff-8624-b2e0-9447-5140761bc5cf, NVIDIA A100-SXM4-80GB, 72001, 81920, 0, 93.52, 31
nid008225,2026/05/04 00:20:32.985, 3, GPU-428acb6b-9398-1f29-218d-e81317ef4d30, NVIDIA A100-SXM4-80GB, 72493, 81920, 0, 97.51, 30
nid008569,2026/05/04 00:20:33.923, 0, GPU-7b8dcc3e-7a6b-ed06-f92f-1b75b7f66c4d, NVIDIA A100-SXM4-80GB, 72467, 81920, 0, 92.19, 32
nid008569,2026/05/04 00:20:33.925, 1, GPU-a38d0ad5-b689-3842-8693-74ca661db097, NVIDIA A100-SXM4-80GB, 72467, 81920, 0, 92.60, 30
nid008569,2026/05/04 00:20:33.927, 2, GPU-0eeb185a-5ff9-a064-b944-df364d9f0525, NVIDIA A100-SXM4-80GB, 73087, 81920, 0, 96.42, 32
nid008569,2026/05/04 00:20:33.928, 3, GPU-b85332e0-5267-87ff-d66c-3ea990a45a88, NVIDIA A100-SXM4-80GB, 73087, 81920, 0, 95.07, 29
nid008225,2026/05/04 00:20:36.942, 0, GPU-baade223-6883-6299-1b87-c48c53d32c2d, NVIDIA A100-SXM4-80GB, 34769, 81920, 0, 95.54, 32
nid008225,2026/05/04 00:20:36.953, 1, GPU-08cd89d1-fe1c-96bf-9720-f8b4d92156ab, NVIDIA A100-SXM4-80GB, 34769, 81920, 0, 96.42, 30
nid008225,2026/05/04 00:20:36.956, 2, GPU-035e63ff-8624-b2e0-9447-5140761bc5cf, NVIDIA A100-SXM4-80GB, 72001, 81920, 0, 93.69, 31
nid008225,2026/05/04 00:20:36.958, 3, GPU-428acb6b-9398-1f29-218d-e81317ef4d30, NVIDIA A100-SXM4-80GB, 72493, 81920, 0, 97.51, 30
nid008569,2026/05/04 00:20:37.902, 0, GPU-7b8dcc3e-7a6b-ed06-f92f-1b75b7f66c4d, NVIDIA A100-SXM4-80GB, 72467, 81920, 0, 92.29, 32
nid008569,2026/05/04 00:20:37.904, 1, GPU-a38d0ad5-b689-3842-8693-74ca661db097, NVIDIA A100-SXM4-80GB, 72467, 81920, 0, 92.71, 30
nid008569,2026/05/04 00:20:37.906, 2, GPU-0eeb185a-5ff9-a064-b944-df364d9f0525, NVIDIA A100-SXM4-80GB, 73087, 81920, 0, 96.53, 32
nid008569,2026/05/04 00:20:37.907, 3, GPU-b85332e0-5267-87ff-d66c-3ea990a45a88, NVIDIA A100-SXM4-80GB, 73087, 81920, 0, 95.07, 29
nid008225,2026/05/04 00:20:41.100, 0, GPU-baade223-6883-6299-1b87-c48c53d32c2d, NVIDIA A100-SXM4-80GB, 34769, 81920, 0, 95.54, 32
nid008225,2026/05/04 00:20:41.102, 1, GPU-08cd89d1-fe1c-96bf-9720-f8b4d92156ab, NVIDIA A100-SXM4-80GB, 34769, 81920, 0, 96.53, 30
nid008225,2026/05/04 00:20:41.103, 2, GPU-035e63ff-8624-b2e0-9447-5140761bc5cf, NVIDIA A100-SXM4-80GB, 72001, 81920, 0, 93.52, 31
nid008225,2026/05/04 00:20:41.105, 3, GPU-428acb6b-9398-1f29-218d-e81317ef4d30, NVIDIA A100-SXM4-80GB, 72493, 81920, 0, 97.63, 30
nid008569,2026/05/04 00:20:42.201, 0, GPU-7b8dcc3e-7a6b-ed06-f92f-1b75b7f66c4d, NVIDIA A100-SXM4-80GB, 72467, 81920, 0, 92.19, 32
nid008569,2026/05/04 00:20:42.203, 1, GPU-a38d0ad5-b689-3842-8693-74ca661db097, NVIDIA A100-SXM4-80GB, 72467, 81920, 0, 92.71, 30
nid008569,2026/05/04 00:20:42.205, 2, GPU-0eeb185a-5ff9-a064-b944-df364d9f0525, NVIDIA A100-SXM4-80GB, 73087, 81920, 0, 96.53, 32
nid008569,2026/05/04 00:20:42.206, 3, GPU-b85332e0-5267-87ff-d66c-3ea990a45a88, NVIDIA A100-SXM4-80GB, 73087, 81920, 0, 95.07, 29
nid008225,2026/05/04 00:20:45.198, 0, GPU-baade223-6883-6299-1b87-c48c53d32c2d, NVIDIA A100-SXM4-80GB, 34769, 81920, 0, 95.54, 32
nid008225,2026/05/04 00:20:45.200, 1, GPU-08cd89d1-fe1c-96bf-9720-f8b4d92156ab, NVIDIA A100-SXM4-80GB, 34769, 81920, 0, 96.53, 30
nid008225,2026/05/04 00:20:45.202, 2, GPU-035e63ff-8624-b2e0-9447-5140761bc5cf, NVIDIA A100-SXM4-80GB, 72001, 81920, 0, 93.52, 31
nid008225,2026/05/04 00:20:45.203, 3, GPU-428acb6b-9398-1f29-218d-e81317ef4d30, NVIDIA A100-SXM4-80GB, 72493, 81920, 0, 97.75, 30
nid008569,2026/05/04 00:20:46.132, 0, GPU-7b8dcc3e-7a6b-ed06-f92f-1b75b7f66c4d, NVIDIA A100-SXM4-80GB, 72467, 81920, 0, 92.19, 32
nid008569,2026/05/04 00:20:46.134, 1, GPU-a38d0ad5-b689-3842-8693-74ca661db097, NVIDIA A100-SXM4-80GB, 72467, 81920, 0, 92.71, 30
nid008569,2026/05/04 00:20:46.136, 2, GPU-0eeb185a-5ff9-a064-b944-df364d9f0525, NVIDIA A100-SXM4-80GB, 73087, 81920, 0, 96.82, 32
nid008569,2026/05/04 00:20:46.137, 3, GPU-b85332e0-5267-87ff-d66c-3ea990a45a88, NVIDIA A100-SXM4-80GB, 73087, 81920, 0, 94.96, 29
nid008225,2026/05/04 00:20:49.148, 0, GPU-baade223-6883-6299-1b87-c48c53d32c2d, NVIDIA A100-SXM4-80GB, 34769, 81920, 0, 95.54, 32
nid008225,2026/05/04 00:20:49.151, 1, GPU-08cd89d1-fe1c-96bf-9720-f8b4d92156ab, NVIDIA A100-SXM4-80GB, 34769, 81920, 0, 96.53, 30
nid008225,2026/05/04 00:20:49.152, 2, GPU-035e63ff-8624-b2e0-9447-5140761bc5cf, NVIDIA A100-SXM4-80GB, 72001, 81920, 0, 93.52, 31
nid008225,2026/05/04 00:20:49.154, 3, GPU-428acb6b-9398-1f29-218d-e81317ef4d30, NVIDIA A100-SXM4-80GB, 72493, 81920, 0, 97.51, 30
nid008569,2026/05/04 00:20:50.147, 0, GPU-7b8dcc3e-7a6b-ed06-f92f-1b75b7f66c4d, NVIDIA A100-SXM4-80GB, 72467, 81920, 0, 92.29, 32
nid008569,2026/05/04 00:20:50.154, 1, GPU-a38d0ad5-b689-3842-8693-74ca661db097, NVIDIA A100-SXM4-80GB, 72467, 81920, 0, 92.82, 30
nid008569,2026/05/04 00:20:50.159, 2, GPU-0eeb185a-5ff9-a064-b944-df364d9f0525, NVIDIA A100-SXM4-80GB, 73087, 81920, 0, 96.65, 32
nid008569,2026/05/04 00:20:50.166, 3, GPU-b85332e0-5267-87ff-d66c-3ea990a45a88, NVIDIA A100-SXM4-80GB, 73087, 81920, 0, 95.07, 29
nid008225,2026/05/04 00:20:53.191, 0, GPU-baade223-6883-6299-1b87-c48c53d32c2d, NVIDIA A100-SXM4-80GB, 34769, 81920, 0, 95.54, 32
nid008225,2026/05/04 00:20:53.194, 1, GPU-08cd89d1-fe1c-96bf-9720-f8b4d92156ab, NVIDIA A100-SXM4-80GB, 34769, 81920, 0, 96.53, 30
nid008225,2026/05/04 00:20:53.195, 2, GPU-035e63ff-8624-b2e0-9447-5140761bc5cf, NVIDIA A100-SXM4-80GB, 72001, 81920, 0, 93.52, 31
nid008225,2026/05/04 00:20:53.197, 3, GPU-428acb6b-9398-1f29-218d-e81317ef4d30, NVIDIA A100-SXM4-80GB, 72493, 81920, 0, 97.63, 30
nid008569,2026/05/04 00:20:54.152, 0, GPU-7b8dcc3e-7a6b-ed06-f92f-1b75b7f66c4d, NVIDIA A100-SXM4-80GB, 72467, 81920, 0, 92.19, 32
nid008569,2026/05/04 00:20:54.154, 1, GPU-a38d0ad5-b689-3842-8693-74ca661db097, NVIDIA A100-SXM4-80GB, 72467, 81920, 0, 92.71, 30
nid008569,2026/05/04 00:20:54.156, 2, GPU-0eeb185a-5ff9-a064-b944-df364d9f0525, NVIDIA A100-SXM4-80GB, 73087, 81920, 0, 96.53, 32
nid008569,2026/05/04 00:20:54.157, 3, GPU-b85332e0-5267-87ff-d66c-3ea990a45a88, NVIDIA A100-SXM4-80GB, 73087, 81920, 0, 95.07, 29
nid008225,2026/05/04 00:20:57.210, 0, GPU-baade223-6883-6299-1b87-c48c53d32c2d, NVIDIA A100-SXM4-80GB, 34769, 81920, 0, 95.54, 32
nid008225,2026/05/04 00:20:57.212, 1, GPU-08cd89d1-fe1c-96bf-9720-f8b4d92156ab, NVIDIA A100-SXM4-80GB, 34769, 81920, 0, 96.82, 30
nid008225,2026/05/04 00:20:57.213, 2, GPU-035e63ff-8624-b2e0-9447-5140761bc5cf, NVIDIA A100-SXM4-80GB, 72001, 81920, 0, 93.52, 31
nid008225,2026/05/04 00:20:57.215, 3, GPU-428acb6b-9398-1f29-218d-e81317ef4d30, NVIDIA A100-SXM4-80GB, 72493, 81920, 0, 97.86, 30
nid008569,2026/05/04 00:20:58.133, 0, GPU-7b8dcc3e-7a6b-ed06-f92f-1b75b7f66c4d, NVIDIA A100-SXM4-80GB, 72467, 81920, 0, 92.29, 32
nid008569,2026/05/04 00:20:58.136, 1, GPU-a38d0ad5-b689-3842-8693-74ca661db097, NVIDIA A100-SXM4-80GB, 72467, 81920, 0, 92.71, 30
nid008569,2026/05/04 00:20:58.137, 2, GPU-0eeb185a-5ff9-a064-b944-df364d9f0525, NVIDIA A100-SXM4-80GB, 73087, 81920, 0, 96.53, 32
nid008569,2026/05/04 00:20:58.139, 3, GPU-b85332e0-5267-87ff-d66c-3ea990a45a88, NVIDIA A100-SXM4-80GB, 73087, 81920, 0, 95.07, 29
nid008225,2026/05/04 00:21:01.130, 0, GPU-baade223-6883-6299-1b87-c48c53d32c2d, NVIDIA A100-SXM4-80GB, 34769, 81920, 0, 95.54, 32
nid008225,2026/05/04 00:21:01.133, 1, GPU-08cd89d1-fe1c-96bf-9720-f8b4d92156ab, NVIDIA A100-SXM4-80GB, 34769, 81920, 0, 96.53, 30
nid008225,2026/05/04 00:21:01.134, 2, GPU-035e63ff-8624-b2e0-9447-5140761bc5cf, NVIDIA A100-SXM4-80GB, 72001, 81920, 0, 93.52, 31
nid008225,2026/05/04 00:21:01.136, 3, GPU-428acb6b-9398-1f29-218d-e81317ef4d30, NVIDIA A100-SXM4-80GB, 72493, 81920, 0, 97.63, 30
nid008569,2026/05/04 00:21:02.065, 0, GPU-7b8dcc3e-7a6b-ed06-f92f-1b75b7f66c4d, NVIDIA A100-SXM4-80GB, 72467, 81920, 0, 92.19, 32
nid008569,2026/05/04 00:21:02.073, 1, GPU-a38d0ad5-b689-3842-8693-74ca661db097, NVIDIA A100-SXM4-80GB, 72467, 81920, 0, 92.71, 30
nid008569,2026/05/04 00:21:02.082, 2, GPU-0eeb185a-5ff9-a064-b944-df364d9f0525, NVIDIA A100-SXM4-80GB, 73087, 81920, 0, 96.53, 32
nid008569,2026/05/04 00:21:02.087, 3, GPU-b85332e0-5267-87ff-d66c-3ea990a45a88, NVIDIA A100-SXM4-80GB, 73087, 81920, 0, 95.07, 29
nid008225,2026/05/04 00:21:05.138, 0, GPU-baade223-6883-6299-1b87-c48c53d32c2d, NVIDIA A100-SXM4-80GB, 34769, 81920, 0, 95.54, 32
nid008225,2026/05/04 00:21:05.140, 1, GPU-08cd89d1-fe1c-96bf-9720-f8b4d92156ab, NVIDIA A100-SXM4-80GB, 34769, 81920, 0, 96.53, 30
nid008225,2026/05/04 00:21:05.142, 2, GPU-035e63ff-8624-b2e0-9447-5140761bc5cf, NVIDIA A100-SXM4-80GB, 72001, 81920, 0, 93.80, 31
nid008225,2026/05/04 00:21:05.143, 3, GPU-428acb6b-9398-1f29-218d-e81317ef4d30, NVIDIA A100-SXM4-80GB, 72493, 81920, 0, 97.51, 30
nid008569,2026/05/04 00:21:06.120, 0, GPU-7b8dcc3e-7a6b-ed06-f92f-1b75b7f66c4d, NVIDIA A100-SXM4-80GB, 72467, 81920, 0, 92.19, 32
nid008569,2026/05/04 00:21:06.122, 1, GPU-a38d0ad5-b689-3842-8693-74ca661db097, NVIDIA A100-SXM4-80GB, 72467, 81920, 0, 92.71, 30
nid008569,2026/05/04 00:21:06.124, 2, GPU-0eeb185a-5ff9-a064-b944-df364d9f0525, NVIDIA A100-SXM4-80GB, 73087, 81920, 0, 96.53, 32
nid008569,2026/05/04 00:21:06.125, 3, GPU-b85332e0-5267-87ff-d66c-3ea990a45a88, NVIDIA A100-SXM4-80GB, 73087, 81920, 0, 95.07, 29
nid008225,2026/05/04 00:21:09.106, 0, GPU-baade223-6883-6299-1b87-c48c53d32c2d, NVIDIA A100-SXM4-80GB, 34769, 81920, 0, 95.54, 32
nid008225,2026/05/04 00:21:09.108, 1, GPU-08cd89d1-fe1c-96bf-9720-f8b4d92156ab, NVIDIA A100-SXM4-80GB, 34769, 81920, 0, 96.53, 30
nid008225,2026/05/04 00:21:09.110, 2, GPU-035e63ff-8624-b2e0-9447-5140761bc5cf, NVIDIA A100-SXM4-80GB, 72001, 81920, 0, 93.52, 31
nid008225,2026/05/04 00:21:09.111, 3, GPU-428acb6b-9398-1f29-218d-e81317ef4d30, NVIDIA A100-SXM4-80GB, 72493, 81920, 0, 97.63, 30
nid008569,2026/05/04 00:21:10.041, 0, GPU-7b8dcc3e-7a6b-ed06-f92f-1b75b7f66c4d, NVIDIA A100-SXM4-80GB, 72467, 81920, 0, 92.19, 32
nid008569,2026/05/04 00:21:10.043, 1, GPU-a38d0ad5-b689-3842-8693-74ca661db097, NVIDIA A100-SXM4-80GB, 72467, 81920, 0, 92.71, 30
nid008569,2026/05/04 00:21:10.045, 2, GPU-0eeb185a-5ff9-a064-b944-df364d9f0525, NVIDIA A100-SXM4-80GB, 73087, 81920, 0, 96.53, 32
nid008569,2026/05/04 00:21:10.046, 3, GPU-b85332e0-5267-87ff-d66c-3ea990a45a88, NVIDIA A100-SXM4-80GB, 73087, 81920, 0, 95.07, 29
nid008225,2026/05/04 00:21:13.088, 0, GPU-baade223-6883-6299-1b87-c48c53d32c2d, NVIDIA A100-SXM4-80GB, 34769, 81920, 0, 95.54, 32
nid008225,2026/05/04 00:21:13.090, 1, GPU-08cd89d1-fe1c-96bf-9720-f8b4d92156ab, NVIDIA A100-SXM4-80GB, 34769, 81920, 0, 96.53, 30
nid008225,2026/05/04 00:21:13.092, 2, GPU-035e63ff-8624-b2e0-9447-5140761bc5cf, NVIDIA A100-SXM4-80GB, 72001, 81920, 0, 93.52, 31
nid008225,2026/05/04 00:21:13.093, 3, GPU-428acb6b-9398-1f29-218d-e81317ef4d30, NVIDIA A100-SXM4-80GB, 72493, 81920, 0, 97.75, 30
nid008569,2026/05/04 00:21:14.035, 0, GPU-7b8dcc3e-7a6b-ed06-f92f-1b75b7f66c4d, NVIDIA A100-SXM4-80GB, 72467, 81920, 0, 92.29, 32
nid008569,2026/05/04 00:21:14.037, 1, GPU-a38d0ad5-b689-3842-8693-74ca661db097, NVIDIA A100-SXM4-80GB, 72467, 81920, 0, 92.71, 30
nid008569,2026/05/04 00:21:14.039, 2, GPU-0eeb185a-5ff9-a064-b944-df364d9f0525, NVIDIA A100-SXM4-80GB, 73087, 81920, 0, 96.53, 32
nid008569,2026/05/04 00:21:14.040, 3, GPU-b85332e0-5267-87ff-d66c-3ea990a45a88, NVIDIA A100-SXM4-80GB, 73087, 81920, 0, 95.07, 29
nid008225,2026/05/04 00:21:17.069, 0, GPU-baade223-6883-6299-1b87-c48c53d32c2d, NVIDIA A100-SXM4-80GB, 34769, 81920, 0, 95.54, 32
nid008225,2026/05/04 00:21:17.072, 1, GPU-08cd89d1-fe1c-96bf-9720-f8b4d92156ab, NVIDIA A100-SXM4-80GB, 34769, 81920, 0, 96.53, 30
nid008225,2026/05/04 00:21:17.073, 2, GPU-035e63ff-8624-b2e0-9447-5140761bc5cf, NVIDIA A100-SXM4-80GB, 72001, 81920, 0, 93.80, 31
nid008225,2026/05/04 00:21:17.074, 3, GPU-428acb6b-9398-1f29-218d-e81317ef4d30, NVIDIA A100-SXM4-80GB, 72493, 81920, 0, 97.75, 30
nid008569,2026/05/04 00:21:18.019, 0, GPU-7b8dcc3e-7a6b-ed06-f92f-1b75b7f66c4d, NVIDIA A100-SXM4-80GB, 72467, 81920, 0, 92.19, 32
nid008569,2026/05/04 00:21:18.022, 1, GPU-a38d0ad5-b689-3842-8693-74ca661db097, NVIDIA A100-SXM4-80GB, 72467, 81920, 0, 92.60, 30
nid008569,2026/05/04 00:21:18.023, 2, GPU-0eeb185a-5ff9-a064-b944-df364d9f0525, NVIDIA A100-SXM4-80GB, 73087, 81920, 0, 96.82, 32
nid008569,2026/05/04 00:21:18.025, 3, GPU-b85332e0-5267-87ff-d66c-3ea990a45a88, NVIDIA A100-SXM4-80GB, 73087, 81920, 0, 95.07, 29
nid008225,2026/05/04 00:21:21.077, 0, GPU-baade223-6883-6299-1b87-c48c53d32c2d, NVIDIA A100-SXM4-80GB, 34769, 81920, 0, 95.54, 32
nid008225,2026/05/04 00:21:21.080, 1, GPU-08cd89d1-fe1c-96bf-9720-f8b4d92156ab, NVIDIA A100-SXM4-80GB, 34769, 81920, 0, 96.53, 30
nid008225,2026/05/04 00:21:21.081, 2, GPU-035e63ff-8624-b2e0-9447-5140761bc5cf, NVIDIA A100-SXM4-80GB, 72001, 81920, 0, 93.80, 31
nid008225,2026/05/04 00:21:21.083, 3, GPU-428acb6b-9398-1f29-218d-e81317ef4d30, NVIDIA A100-SXM4-80GB, 72493, 81920, 0, 97.75, 30
nid008569,2026/05/04 00:21:22.063, 0, GPU-7b8dcc3e-7a6b-ed06-f92f-1b75b7f66c4d, NVIDIA A100-SXM4-80GB, 72467, 81920, 0, 92.19, 32
nid008569,2026/05/04 00:21:22.065, 1, GPU-a38d0ad5-b689-3842-8693-74ca661db097, NVIDIA A100-SXM4-80GB, 72467, 81920, 0, 92.71, 30
nid008569,2026/05/04 00:21:22.066, 2, GPU-0eeb185a-5ff9-a064-b944-df364d9f0525, NVIDIA A100-SXM4-80GB, 73087, 81920, 0, 96.53, 32
nid008569,2026/05/04 00:21:22.072, 3, GPU-b85332e0-5267-87ff-d66c-3ea990a45a88, NVIDIA A100-SXM4-80GB, 73087, 81920, 0, 95.07, 29
nid008225,2026/05/04 00:21:25.077, 0, GPU-baade223-6883-6299-1b87-c48c53d32c2d, NVIDIA A100-SXM4-80GB, 34769, 81920, 0, 95.43, 32
nid008225,2026/05/04 00:21:25.079, 1, GPU-08cd89d1-fe1c-96bf-9720-f8b4d92156ab, NVIDIA A100-SXM4-80GB, 34769, 81920, 0, 96.53, 30
nid008225,2026/05/04 00:21:25.081, 2, GPU-035e63ff-8624-b2e0-9447-5140761bc5cf, NVIDIA A100-SXM4-80GB, 72001, 81920, 0, 93.80, 31
nid008225,2026/05/04 00:21:25.082, 3, GPU-428acb6b-9398-1f29-218d-e81317ef4d30, NVIDIA A100-SXM4-80GB, 72493, 81920, 0, 97.75, 30
nid008569,2026/05/04 00:21:26.005, 0, GPU-7b8dcc3e-7a6b-ed06-f92f-1b75b7f66c4d, NVIDIA A100-SXM4-80GB, 72467, 81920, 0, 92.29, 32
nid008569,2026/05/04 00:21:26.007, 1, GPU-a38d0ad5-b689-3842-8693-74ca661db097, NVIDIA A100-SXM4-80GB, 72467, 81920, 0, 92.71, 30
nid008569,2026/05/04 00:21:26.008, 2, GPU-0eeb185a-5ff9-a064-b944-df364d9f0525, NVIDIA A100-SXM4-80GB, 73087, 81920, 0, 96.82, 32
nid008569,2026/05/04 00:21:26.010, 3, GPU-b85332e0-5267-87ff-d66c-3ea990a45a88, NVIDIA A100-SXM4-80GB, 73087, 81920, 0, 95.07, 30
nid008225,2026/05/04 00:21:29.075, 0, GPU-baade223-6883-6299-1b87-c48c53d32c2d, NVIDIA A100-SXM4-80GB, 35209, 81920, 0, 95.26, 32
nid008225,2026/05/04 00:21:29.078, 1, GPU-08cd89d1-fe1c-96bf-9720-f8b4d92156ab, NVIDIA A100-SXM4-80GB, 35209, 81920, 0, 97.06, 30
nid008225,2026/05/04 00:21:29.079, 2, GPU-035e63ff-8624-b2e0-9447-5140761bc5cf, NVIDIA A100-SXM4-80GB, 72001, 81920, 0, 93.80, 31
nid008225,2026/05/04 00:21:29.081, 3, GPU-428acb6b-9398-1f29-218d-e81317ef4d30, NVIDIA A100-SXM4-80GB, 72493, 81920, 0, 97.51, 30
nid008569,2026/05/04 00:21:30.023, 0, GPU-7b8dcc3e-7a6b-ed06-f92f-1b75b7f66c4d, NVIDIA A100-SXM4-80GB, 72467, 81920, 0, 92.19, 32
nid008569,2026/05/04 00:21:30.025, 1, GPU-a38d0ad5-b689-3842-8693-74ca661db097, NVIDIA A100-SXM4-80GB, 72467, 81920, 0, 92.71, 30
nid008569,2026/05/04 00:21:30.027, 2, GPU-0eeb185a-5ff9-a064-b944-df364d9f0525, NVIDIA A100-SXM4-80GB, 73087, 81920, 0, 96.53, 32
nid008569,2026/05/04 00:21:30.028, 3, GPU-b85332e0-5267-87ff-d66c-3ea990a45a88, NVIDIA A100-SXM4-80GB, 73087, 81920, 0, 94.79, 30
nid008225,2026/05/04 00:21:33.055, 0, GPU-baade223-6883-6299-1b87-c48c53d32c2d, NVIDIA A100-SXM4-80GB, 35209, 81920, 0, 95.95, 32
nid008225,2026/05/04 00:21:33.057, 1, GPU-08cd89d1-fe1c-96bf-9720-f8b4d92156ab, NVIDIA A100-SXM4-80GB, 35209, 81920, 0, 96.94, 30
nid008225,2026/05/04 00:21:33.059, 2, GPU-035e63ff-8624-b2e0-9447-5140761bc5cf, NVIDIA A100-SXM4-80GB, 72829, 81920, 94, 110.33, 36
nid008225,2026/05/04 00:21:33.061, 3, GPU-428acb6b-9398-1f29-218d-e81317ef4d30, NVIDIA A100-SXM4-80GB, 73015, 81920, 100, 119.07, 39
nid008569,2026/05/04 00:21:34.004, 0, GPU-7b8dcc3e-7a6b-ed06-f92f-1b75b7f66c4d, NVIDIA A100-SXM4-80GB, 72467, 81920, 0, 92.19, 32
nid008569,2026/05/04 00:21:34.006, 1, GPU-a38d0ad5-b689-3842-8693-74ca661db097, NVIDIA A100-SXM4-80GB, 72467, 81920, 0, 92.71, 30
nid008569,2026/05/04 00:21:34.008, 2, GPU-0eeb185a-5ff9-a064-b944-df364d9f0525, NVIDIA A100-SXM4-80GB, 73087, 81920, 0, 96.53, 32
nid008569,2026/05/04 00:21:34.009, 3, GPU-b85332e0-5267-87ff-d66c-3ea990a45a88, NVIDIA A100-SXM4-80GB, 73087, 81920, 0, 95.07, 30
nid008225,2026/05/04 00:21:37.058, 0, GPU-baade223-6883-6299-1b87-c48c53d32c2d, NVIDIA A100-SXM4-80GB, 35209, 81920, 0, 95.78, 32
nid008225,2026/05/04 00:21:37.060, 1, GPU-08cd89d1-fe1c-96bf-9720-f8b4d92156ab, NVIDIA A100-SXM4-80GB, 35209, 81920, 0, 97.06, 30
nid008225,2026/05/04 00:21:37.062, 2, GPU-035e63ff-8624-b2e0-9447-5140761bc5cf, NVIDIA A100-SXM4-80GB, 72829, 81920, 0, 93.52, 32
nid008225,2026/05/04 00:21:37.063, 3, GPU-428acb6b-9398-1f29-218d-e81317ef4d30, NVIDIA A100-SXM4-80GB, 73015, 81920, 0, 98.28, 31
nid008569,2026/05/04 00:21:38.021, 0, GPU-7b8dcc3e-7a6b-ed06-f92f-1b75b7f66c4d, NVIDIA A100-SXM4-80GB, 72467, 81920, 0, 92.29, 32
nid008569,2026/05/04 00:21:38.027, 1, GPU-a38d0ad5-b689-3842-8693-74ca661db097, NVIDIA A100-SXM4-80GB, 72467, 81920, 0, 92.71, 30
nid008569,2026/05/04 00:21:38.032, 2, GPU-0eeb185a-5ff9-a064-b944-df364d9f0525, NVIDIA A100-SXM4-80GB, 73087, 81920, 0, 96.53, 32
nid008569,2026/05/04 00:21:38.037, 3, GPU-b85332e0-5267-87ff-d66c-3ea990a45a88, NVIDIA A100-SXM4-80GB, 73087, 81920, 0, 95.07, 30
nid008225,2026/05/04 00:21:41.023, 0, GPU-baade223-6883-6299-1b87-c48c53d32c2d, NVIDIA A100-SXM4-80GB, 35209, 81920, 0, 95.95, 32
nid008225,2026/05/04 00:21:41.026, 1, GPU-08cd89d1-fe1c-96bf-9720-f8b4d92156ab, NVIDIA A100-SXM4-80GB, 35209, 81920, 0, 96.70, 30
nid008225,2026/05/04 00:21:41.028, 2, GPU-035e63ff-8624-b2e0-9447-5140761bc5cf, NVIDIA A100-SXM4-80GB, 72829, 81920, 0, 93.69, 32
nid008225,2026/05/04 00:21:41.029, 3, GPU-428acb6b-9398-1f29-218d-e81317ef4d30, NVIDIA A100-SXM4-80GB, 73015, 81920, 0, 98.03, 30
nid008569,2026/05/04 00:21:42.038, 0, GPU-7b8dcc3e-7a6b-ed06-f92f-1b75b7f66c4d, NVIDIA A100-SXM4-80GB, 72467, 81920, 0, 92.19, 32
nid008569,2026/05/04 00:21:42.040, 1, GPU-a38d0ad5-b689-3842-8693-74ca661db097, NVIDIA A100-SXM4-80GB, 72467, 81920, 0, 92.71, 30
nid008569,2026/05/04 00:21:42.042, 2, GPU-0eeb185a-5ff9-a064-b944-df364d9f0525, NVIDIA A100-SXM4-80GB, 73087, 81920, 0, 96.53, 32
nid008569,2026/05/04 00:21:42.043, 3, GPU-b85332e0-5267-87ff-d66c-3ea990a45a88, NVIDIA A100-SXM4-80GB, 73087, 81920, 0, 95.07, 29
nid008225,2026/05/04 00:21:45.083, 0, GPU-baade223-6883-6299-1b87-c48c53d32c2d, NVIDIA A100-SXM4-80GB, 35209, 81920, 0, 95.67, 32
nid008225,2026/05/04 00:21:45.089, 1, GPU-08cd89d1-fe1c-96bf-9720-f8b4d92156ab, NVIDIA A100-SXM4-80GB, 35209, 81920, 0, 96.82, 30
nid008225,2026/05/04 00:21:45.095, 2, GPU-035e63ff-8624-b2e0-9447-5140761bc5cf, NVIDIA A100-SXM4-80GB, 72829, 81920, 0, 93.69, 32
nid008225,2026/05/04 00:21:45.100, 3, GPU-428acb6b-9398-1f29-218d-e81317ef4d30, NVIDIA A100-SXM4-80GB, 73015, 81920, 0, 98.03, 30
nid008569,2026/05/04 00:21:46.113, 0, GPU-7b8dcc3e-7a6b-ed06-f92f-1b75b7f66c4d, NVIDIA A100-SXM4-80GB, 72771, 81920, 100, 249.99, 35
nid008569,2026/05/04 00:21:46.116, 1, GPU-a38d0ad5-b689-3842-8693-74ca661db097, NVIDIA A100-SXM4-80GB, 72771, 81920, 100, 168.44, 33
nid008569,2026/05/04 00:21:46.118, 2, GPU-0eeb185a-5ff9-a064-b944-df364d9f0525, NVIDIA A100-SXM4-80GB, 73391, 81920, 81, 187.75, 35
nid008569,2026/05/04 00:21:46.120, 3, GPU-b85332e0-5267-87ff-d66c-3ea990a45a88, NVIDIA A100-SXM4-80GB, 73391, 81920, 100, 218.59, 33
nid008225,2026/05/04 00:21:49.135, 0, GPU-baade223-6883-6299-1b87-c48c53d32c2d, NVIDIA A100-SXM4-80GB, 35209, 81920, 0, 96.07, 32
nid008225,2026/05/04 00:21:49.138, 1, GPU-08cd89d1-fe1c-96bf-9720-f8b4d92156ab, NVIDIA A100-SXM4-80GB, 35209, 81920, 0, 96.82, 30
nid008225,2026/05/04 00:21:49.140, 2, GPU-035e63ff-8624-b2e0-9447-5140761bc5cf, NVIDIA A100-SXM4-80GB, 72829, 81920, 0, 93.69, 31
nid008225,2026/05/04 00:21:49.141, 3, GPU-428acb6b-9398-1f29-218d-e81317ef4d30, NVIDIA A100-SXM4-80GB, 73015, 81920, 0, 98.03, 30
nid008569,2026/05/04 00:21:50.093, 0, GPU-7b8dcc3e-7a6b-ed06-f92f-1b75b7f66c4d, NVIDIA A100-SXM4-80GB, 72771, 81920, 0, 111.03, 35
nid008569,2026/05/04 00:21:50.095, 1, GPU-a38d0ad5-b689-3842-8693-74ca661db097, NVIDIA A100-SXM4-80GB, 72771, 81920, 0, 112.18, 32
nid008569,2026/05/04 00:21:50.097, 2, GPU-0eeb185a-5ff9-a064-b944-df364d9f0525, NVIDIA A100-SXM4-80GB, 73391, 81920, 0, 114.98, 35
nid008569,2026/05/04 00:21:50.099, 3, GPU-b85332e0-5267-87ff-d66c-3ea990a45a88, NVIDIA A100-SXM4-80GB, 73391, 81920, 0, 112.74, 32
nid008225,2026/05/04 00:21:53.147, 0, GPU-baade223-6883-6299-1b87-c48c53d32c2d, NVIDIA A100-SXM4-80GB, 35209, 81920, 0, 95.78, 32
nid008225,2026/05/04 00:21:53.149, 1, GPU-08cd89d1-fe1c-96bf-9720-f8b4d92156ab, NVIDIA A100-SXM4-80GB, 35209, 81920, 0, 96.82, 30
nid008225,2026/05/04 00:21:53.151, 2, GPU-035e63ff-8624-b2e0-9447-5140761bc5cf, NVIDIA A100-SXM4-80GB, 73359, 81920, 0, 92.71, 33
nid008225,2026/05/04 00:21:53.153, 3, GPU-428acb6b-9398-1f29-218d-e81317ef4d30, NVIDIA A100-SXM4-80GB, 73015, 81920, 0, 98.28, 32
nid008569,2026/05/04 00:21:54.096, 0, GPU-7b8dcc3e-7a6b-ed06-f92f-1b75b7f66c4d, NVIDIA A100-SXM4-80GB, 72771, 81920, 0, 92.19, 33
nid008569,2026/05/04 00:21:54.102, 1, GPU-a38d0ad5-b689-3842-8693-74ca661db097, NVIDIA A100-SXM4-80GB, 72771, 81920, 0, 92.47, 30
nid008569,2026/05/04 00:21:54.108, 2, GPU-0eeb185a-5ff9-a064-b944-df364d9f0525, NVIDIA A100-SXM4-80GB, 73391, 81920, 0, 97.06, 32
nid008569,2026/05/04 00:21:54.113, 3, GPU-b85332e0-5267-87ff-d66c-3ea990a45a88, NVIDIA A100-SXM4-80GB, 73391, 81920, 0, 95.60, 30
nid008225,2026/05/04 00:21:57.135, 0, GPU-baade223-6883-6299-1b87-c48c53d32c2d, NVIDIA A100-SXM4-80GB, 35209, 81920, 0, 95.78, 32
nid008225,2026/05/04 00:21:57.137, 1, GPU-08cd89d1-fe1c-96bf-9720-f8b4d92156ab, NVIDIA A100-SXM4-80GB, 35209, 81920, 0, 96.70, 30
nid008225,2026/05/04 00:21:57.138, 2, GPU-035e63ff-8624-b2e0-9447-5140761bc5cf, NVIDIA A100-SXM4-80GB, 73359, 81920, 0, 92.19, 32
nid008225,2026/05/04 00:21:57.140, 3, GPU-428acb6b-9398-1f29-218d-e81317ef4d30, NVIDIA A100-SXM4-80GB, 73015, 81920, 0, 98.03, 31
nid008569,2026/05/04 00:21:58.123, 0, GPU-7b8dcc3e-7a6b-ed06-f92f-1b75b7f66c4d, NVIDIA A100-SXM4-80GB, 72771, 81920, 100, 197.51, 38
nid008569,2026/05/04 00:21:58.126, 1, GPU-a38d0ad5-b689-3842-8693-74ca661db097, NVIDIA A100-SXM4-80GB, 72771, 81920, 100, 198.84, 36
nid008569,2026/05/04 00:21:58.128, 2, GPU-0eeb185a-5ff9-a064-b944-df364d9f0525, NVIDIA A100-SXM4-80GB, 73391, 81920, 100, 209.37, 37
nid008569,2026/05/04 00:21:58.130, 3, GPU-b85332e0-5267-87ff-d66c-3ea990a45a88, NVIDIA A100-SXM4-80GB, 73391, 81920, 100, 238.68, 35
nid008225,2026/05/04 00:22:01.197, 0, GPU-baade223-6883-6299-1b87-c48c53d32c2d, NVIDIA A100-SXM4-80GB, 35351, 81920, 0, 116.28, 33
nid008225,2026/05/04 00:22:01.200, 1, GPU-08cd89d1-fe1c-96bf-9720-f8b4d92156ab, NVIDIA A100-SXM4-80GB, 35351, 81920, 0, 113.80, 31
nid008225,2026/05/04 00:22:01.201, 2, GPU-035e63ff-8624-b2e0-9447-5140761bc5cf, NVIDIA A100-SXM4-80GB, 73359, 81920, 35, 390.06, 42
nid008225,2026/05/04 00:22:01.203, 3, GPU-428acb6b-9398-1f29-218d-e81317ef4d30, NVIDIA A100-SXM4-80GB, 73015, 81920, 14, 98.04, 30
nid008569,2026/05/04 00:22:02.139, 0, GPU-7b8dcc3e-7a6b-ed06-f92f-1b75b7f66c4d, NVIDIA A100-SXM4-80GB, 72771, 81920, 0, 92.71, 34
nid008569,2026/05/04 00:22:02.142, 1, GPU-a38d0ad5-b689-3842-8693-74ca661db097, NVIDIA A100-SXM4-80GB, 72771, 81920, 0, 92.88, 31
nid008569,2026/05/04 00:22:02.144, 2, GPU-0eeb185a-5ff9-a064-b944-df364d9f0525, NVIDIA A100-SXM4-80GB, 73391, 81920, 0, 97.63, 34
nid008569,2026/05/04 00:22:02.145, 3, GPU-b85332e0-5267-87ff-d66c-3ea990a45a88, NVIDIA A100-SXM4-80GB, 73391, 81920, 0, 94.26, 31
nid008225,2026/05/04 00:22:05.157, 0, GPU-baade223-6883-6299-1b87-c48c53d32c2d, NVIDIA A100-SXM4-80GB, 35351, 81920, 0, 96.07, 32
nid008225,2026/05/04 00:22:05.159, 1, GPU-08cd89d1-fe1c-96bf-9720-f8b4d92156ab, NVIDIA A100-SXM4-80GB, 35351, 81920, 0, 96.94, 30
nid008225,2026/05/04 00:22:05.161, 2, GPU-035e63ff-8624-b2e0-9447-5140761bc5cf, NVIDIA A100-SXM4-80GB, 73359, 81920, 0, 94.04, 33
nid008225,2026/05/04 00:22:05.163, 3, GPU-428acb6b-9398-1f29-218d-e81317ef4d30, NVIDIA A100-SXM4-80GB, 73015, 81920, 0, 96.70, 31
nid008569,2026/05/04 00:22:06.117, 0, GPU-7b8dcc3e-7a6b-ed06-f92f-1b75b7f66c4d, NVIDIA A100-SXM4-80GB, 72771, 81920, 0, 92.47, 33
nid008569,2026/05/04 00:22:06.120, 1, GPU-a38d0ad5-b689-3842-8693-74ca661db097, NVIDIA A100-SXM4-80GB, 72771, 81920, 0, 92.60, 30
nid008569,2026/05/04 00:22:06.121, 2, GPU-0eeb185a-5ff9-a064-b944-df364d9f0525, NVIDIA A100-SXM4-80GB, 73391, 81920, 0, 96.94, 32
nid008569,2026/05/04 00:22:06.123, 3, GPU-b85332e0-5267-87ff-d66c-3ea990a45a88, NVIDIA A100-SXM4-80GB, 73391, 81920, 0, 95.20, 30
nid008225,2026/05/04 00:22:09.141, 0, GPU-baade223-6883-6299-1b87-c48c53d32c2d, NVIDIA A100-SXM4-80GB, 35351, 81920, 0, 95.95, 32
nid008225,2026/05/04 00:22:09.144, 1, GPU-08cd89d1-fe1c-96bf-9720-f8b4d92156ab, NVIDIA A100-SXM4-80GB, 35351, 81920, 0, 96.94, 30
nid008225,2026/05/04 00:22:09.145, 2, GPU-035e63ff-8624-b2e0-9447-5140761bc5cf, NVIDIA A100-SXM4-80GB, 73359, 81920, 0, 93.69, 32
nid008225,2026/05/04 00:22:09.147, 3, GPU-428acb6b-9398-1f29-218d-e81317ef4d30, NVIDIA A100-SXM4-80GB, 73015, 81920, 0, 98.03, 31
nid008569,2026/05/04 00:22:10.075, 0, GPU-7b8dcc3e-7a6b-ed06-f92f-1b75b7f66c4d, NVIDIA A100-SXM4-80GB, 72771, 81920, 100, 188.26, 38
nid008569,2026/05/04 00:22:10.078, 1, GPU-a38d0ad5-b689-3842-8693-74ca661db097, NVIDIA A100-SXM4-80GB, 72771, 81920, 100, 192.49, 36
nid008569,2026/05/04 00:22:10.080, 2, GPU-0eeb185a-5ff9-a064-b944-df364d9f0525, NVIDIA A100-SXM4-80GB, 73391, 81920, 100, 250.29, 37
nid008569,2026/05/04 00:22:10.089, 3, GPU-b85332e0-5267-87ff-d66c-3ea990a45a88, NVIDIA A100-SXM4-80GB, 73391, 81920, 100, 175.53, 35
nid008225,2026/05/04 00:22:13.152, 0, GPU-baade223-6883-6299-1b87-c48c53d32c2d, NVIDIA A100-SXM4-80GB, 35351, 81920, 0, 112.74, 33
nid008225,2026/05/04 00:22:13.154, 1, GPU-08cd89d1-fe1c-96bf-9720-f8b4d92156ab, NVIDIA A100-SXM4-80GB, 35351, 81920, 0, 116.32, 31
nid008225,2026/05/04 00:22:13.156, 2, GPU-035e63ff-8624-b2e0-9447-5140761bc5cf, NVIDIA A100-SXM4-80GB, 73467, 81920, 100, 111.16, 35
nid008225,2026/05/04 00:22:13.165, 3, GPU-428acb6b-9398-1f29-218d-e81317ef4d30, NVIDIA A100-SXM4-80GB, 73015, 81920, 100, 469.16, 45
nid008569,2026/05/04 00:22:14.153, 0, GPU-7b8dcc3e-7a6b-ed06-f92f-1b75b7f66c4d, NVIDIA A100-SXM4-80GB, 72771, 81920, 0, 92.71, 34
nid008569,2026/05/04 00:22:14.156, 1, GPU-a38d0ad5-b689-3842-8693-74ca661db097, NVIDIA A100-SXM4-80GB, 72771, 81920, 0, 92.99, 31
nid008569,2026/05/04 00:22:14.157, 2, GPU-0eeb185a-5ff9-a064-b944-df364d9f0525, NVIDIA A100-SXM4-80GB, 73391, 81920, 0, 97.63, 33
nid008569,2026/05/04 00:22:14.159, 3, GPU-b85332e0-5267-87ff-d66c-3ea990a45a88, NVIDIA A100-SXM4-80GB, 73391, 81920, 0, 94.02, 31
nid008225,2026/05/04 00:22:17.222, 0, GPU-baade223-6883-6299-1b87-c48c53d32c2d, NVIDIA A100-SXM4-80GB, 35351, 81920, 0, 96.07, 32
nid008225,2026/05/04 00:22:17.225, 1, GPU-08cd89d1-fe1c-96bf-9720-f8b4d92156ab, NVIDIA A100-SXM4-80GB, 35351, 81920, 0, 96.94, 30
nid008225,2026/05/04 00:22:17.226, 2, GPU-035e63ff-8624-b2e0-9447-5140761bc5cf, NVIDIA A100-SXM4-80GB, 73467, 81920, 0, 92.36, 33
nid008225,2026/05/04 00:22:17.228, 3, GPU-428acb6b-9398-1f29-218d-e81317ef4d30, NVIDIA A100-SXM4-80GB, 73015, 81920, 0, 98.56, 31
nid008569,2026/05/04 00:22:18.146, 0, GPU-7b8dcc3e-7a6b-ed06-f92f-1b75b7f66c4d, NVIDIA A100-SXM4-80GB, 72771, 81920, 0, 92.19, 33
nid008569,2026/05/04 00:22:18.153, 1, GPU-a38d0ad5-b689-3842-8693-74ca661db097, NVIDIA A100-SXM4-80GB, 72771, 81920, 0, 92.36, 30
nid008569,2026/05/04 00:22:18.159, 2, GPU-0eeb185a-5ff9-a064-b944-df364d9f0525, NVIDIA A100-SXM4-80GB, 73391, 81920, 0, 97.06, 32
nid008569,2026/05/04 00:22:18.162, 3, GPU-b85332e0-5267-87ff-d66c-3ea990a45a88, NVIDIA A100-SXM4-80GB, 73391, 81920, 0, 95.48, 30
nid008225,2026/05/04 00:22:21.202, 0, GPU-baade223-6883-6299-1b87-c48c53d32c2d, NVIDIA A100-SXM4-80GB, 35351, 81920, 0, 95.78, 32
nid008225,2026/05/04 00:22:21.204, 1, GPU-08cd89d1-fe1c-96bf-9720-f8b4d92156ab, NVIDIA A100-SXM4-80GB, 35351, 81920, 0, 96.82, 30
nid008225,2026/05/04 00:22:21.206, 2, GPU-035e63ff-8624-b2e0-9447-5140761bc5cf, NVIDIA A100-SXM4-80GB, 73467, 81920, 0, 92.19, 32
nid008225,2026/05/04 00:22:21.208, 3, GPU-428acb6b-9398-1f29-218d-e81317ef4d30, NVIDIA A100-SXM4-80GB, 73015, 81920, 0, 98.15, 31
nid008569,2026/05/04 00:22:22.242, 0, GPU-7b8dcc3e-7a6b-ed06-f92f-1b75b7f66c4d, NVIDIA A100-SXM4-80GB, 72771, 81920, 100, 206.19, 39
nid008569,2026/05/04 00:22:22.249, 1, GPU-a38d0ad5-b689-3842-8693-74ca661db097, NVIDIA A100-SXM4-80GB, 72771, 81920, 100, 181.70, 36
nid008569,2026/05/04 00:22:22.256, 2, GPU-0eeb185a-5ff9-a064-b944-df364d9f0525, NVIDIA A100-SXM4-80GB, 73391, 81920, 100, 228.11, 38
nid008569,2026/05/04 00:22:22.261, 3, GPU-b85332e0-5267-87ff-d66c-3ea990a45a88, NVIDIA A100-SXM4-80GB, 73391, 81920, 100, 227.58, 36
nid008225,2026/05/04 00:22:25.333, 0, GPU-baade223-6883-6299-1b87-c48c53d32c2d, NVIDIA A100-SXM4-80GB, 35351, 81920, 0, 116.28, 33
nid008225,2026/05/04 00:22:25.336, 1, GPU-08cd89d1-fe1c-96bf-9720-f8b4d92156ab, NVIDIA A100-SXM4-80GB, 35351, 81920, 0, 116.04, 31
nid008225,2026/05/04 00:22:25.337, 2, GPU-035e63ff-8624-b2e0-9447-5140761bc5cf, NVIDIA A100-SXM4-80GB, 73467, 81920, 100, 114.72, 38
nid008225,2026/05/04 00:22:25.339, 3, GPU-428acb6b-9398-1f29-218d-e81317ef4d30, NVIDIA A100-SXM4-80GB, 73015, 81920, 100, 471.00, 47
nid008569,2026/05/04 00:22:26.277, 0, GPU-7b8dcc3e-7a6b-ed06-f92f-1b75b7f66c4d, NVIDIA A100-SXM4-80GB, 72771, 81920, 0, 92.71, 34
nid008569,2026/05/04 00:22:26.279, 1, GPU-a38d0ad5-b689-3842-8693-74ca661db097, NVIDIA A100-SXM4-80GB, 72771, 81920, 0, 92.60, 31
nid008569,2026/05/04 00:22:26.281, 2, GPU-0eeb185a-5ff9-a064-b944-df364d9f0525, NVIDIA A100-SXM4-80GB, 73391, 81920, 0, 97.51, 33
nid008569,2026/05/04 00:22:26.282, 3, GPU-b85332e0-5267-87ff-d66c-3ea990a45a88, NVIDIA A100-SXM4-80GB, 73391, 81920, 0, 95.60, 31
nid008225,2026/05/04 00:22:29.359, 0, GPU-baade223-6883-6299-1b87-c48c53d32c2d, NVIDIA A100-SXM4-80GB, 35351, 81920, 0, 95.96, 32
nid008225,2026/05/04 00:22:29.361, 1, GPU-08cd89d1-fe1c-96bf-9720-f8b4d92156ab, NVIDIA A100-SXM4-80GB, 35351, 81920, 0, 97.00, 30
nid008225,2026/05/04 00:22:29.363, 2, GPU-035e63ff-8624-b2e0-9447-5140761bc5cf, NVIDIA A100-SXM4-80GB, 73467, 81920, 100, 491.02, 54
nid008225,2026/05/04 00:22:29.364, 3, GPU-428acb6b-9398-1f29-218d-e81317ef4d30, NVIDIA A100-SXM4-80GB, 73015, 81920, 100, 126.47, 39
nid008569,2026/05/04 00:22:30.343, 0, GPU-7b8dcc3e-7a6b-ed06-f92f-1b75b7f66c4d, NVIDIA A100-SXM4-80GB, 72771, 81920, 0, 92.19, 33
nid008569,2026/05/04 00:22:30.346, 1, GPU-a38d0ad5-b689-3842-8693-74ca661db097, NVIDIA A100-SXM4-80GB, 72771, 81920, 0, 92.71, 30
nid008569,2026/05/04 00:22:30.347, 2, GPU-0eeb185a-5ff9-a064-b944-df364d9f0525, NVIDIA A100-SXM4-80GB, 73391, 81920, 0, 97.06, 32
nid008569,2026/05/04 00:22:30.349, 3, GPU-b85332e0-5267-87ff-d66c-3ea990a45a88, NVIDIA A100-SXM4-80GB, 73391, 81920, 0, 95.60, 30
nid008225,2026/05/04 00:22:33.364, 0, GPU-baade223-6883-6299-1b87-c48c53d32c2d, NVIDIA A100-SXM4-80GB, 35351, 81920, 0, 95.78, 32
nid008225,2026/05/04 00:22:33.366, 1, GPU-08cd89d1-fe1c-96bf-9720-f8b4d92156ab, NVIDIA A100-SXM4-80GB, 35351, 81920, 0, 96.82, 30
nid008225,2026/05/04 00:22:33.368, 2, GPU-035e63ff-8624-b2e0-9447-5140761bc5cf, NVIDIA A100-SXM4-80GB, 73467, 81920, 0, 92.60, 34
nid008225,2026/05/04 00:22:33.370, 3, GPU-428acb6b-9398-1f29-218d-e81317ef4d30, NVIDIA A100-SXM4-80GB, 73015, 81920, 0, 97.23, 32
nid008569,2026/05/04 00:22:34.304, 0, GPU-7b8dcc3e-7a6b-ed06-f92f-1b75b7f66c4d, NVIDIA A100-SXM4-80GB, 72771, 81920, 0, 92.29, 33
nid008569,2026/05/04 00:22:34.306, 1, GPU-a38d0ad5-b689-3842-8693-74ca661db097, NVIDIA A100-SXM4-80GB, 72771, 81920, 0, 92.47, 30
nid008569,2026/05/04 00:22:34.308, 2, GPU-0eeb185a-5ff9-a064-b944-df364d9f0525, NVIDIA A100-SXM4-80GB, 73391, 81920, 0, 97.06, 32
nid008569,2026/05/04 00:22:34.310, 3, GPU-b85332e0-5267-87ff-d66c-3ea990a45a88, NVIDIA A100-SXM4-80GB, 73391, 81920, 0, 95.31, 30
nid008225,2026/05/04 00:22:37.367, 0, GPU-baade223-6883-6299-1b87-c48c53d32c2d, NVIDIA A100-SXM4-80GB, 35351, 81920, 0, 95.67, 32
nid008225,2026/05/04 00:22:37.369, 1, GPU-08cd89d1-fe1c-96bf-9720-f8b4d92156ab, NVIDIA A100-SXM4-80GB, 35351, 81920, 0, 96.94, 30
nid008225,2026/05/04 00:22:37.376, 2, GPU-035e63ff-8624-b2e0-9447-5140761bc5cf, NVIDIA A100-SXM4-80GB, 73467, 81920, 0, 93.69, 33
nid008225,2026/05/04 00:22:37.377, 3, GPU-428acb6b-9398-1f29-218d-e81317ef4d30, NVIDIA A100-SXM4-80GB, 73015, 81920, 0, 96.70, 31
nid008569,2026/05/04 00:22:38.379, 0, GPU-7b8dcc3e-7a6b-ed06-f92f-1b75b7f66c4d, NVIDIA A100-SXM4-80GB, 72771, 81920, 0, 92.19, 32
nid008569,2026/05/04 00:22:38.381, 1, GPU-a38d0ad5-b689-3842-8693-74ca661db097, NVIDIA A100-SXM4-80GB, 72771, 81920, 0, 92.60, 30
nid008569,2026/05/04 00:22:38.383, 2, GPU-0eeb185a-5ff9-a064-b944-df364d9f0525, NVIDIA A100-SXM4-80GB, 73391, 81920, 0, 97.06, 32
nid008569,2026/05/04 00:22:38.385, 3, GPU-b85332e0-5267-87ff-d66c-3ea990a45a88, NVIDIA A100-SXM4-80GB, 73391, 81920, 0, 95.48, 30
nid008225,2026/05/04 00:22:41.481, 0, GPU-baade223-6883-6299-1b87-c48c53d32c2d, NVIDIA A100-SXM4-80GB, 35351, 81920, 0, 95.78, 32
nid008225,2026/05/04 00:22:41.484, 1, GPU-08cd89d1-fe1c-96bf-9720-f8b4d92156ab, NVIDIA A100-SXM4-80GB, 35351, 81920, 0, 97.06, 30
nid008225,2026/05/04 00:22:41.485, 2, GPU-035e63ff-8624-b2e0-9447-5140761bc5cf, NVIDIA A100-SXM4-80GB, 73467, 81920, 0, 93.69, 32
nid008225,2026/05/04 00:22:41.487, 3, GPU-428acb6b-9398-1f29-218d-e81317ef4d30, NVIDIA A100-SXM4-80GB, 73015, 81920, 0, 96.42, 31
nid008569,2026/05/04 00:22:42.468, 0, GPU-7b8dcc3e-7a6b-ed06-f92f-1b75b7f66c4d, NVIDIA A100-SXM4-80GB, 72771, 81920, 0, 92.19, 32
nid008569,2026/05/04 00:22:42.471, 1, GPU-a38d0ad5-b689-3842-8693-74ca661db097, NVIDIA A100-SXM4-80GB, 72771, 81920, 0, 92.60, 30
nid008569,2026/05/04 00:22:42.472, 2, GPU-0eeb185a-5ff9-a064-b944-df364d9f0525, NVIDIA A100-SXM4-80GB, 73391, 81920, 0, 96.94, 32
nid008569,2026/05/04 00:22:42.474, 3, GPU-b85332e0-5267-87ff-d66c-3ea990a45a88, NVIDIA A100-SXM4-80GB, 73391, 81920, 0, 95.48, 30
nid008225,2026/05/04 00:22:45.555, 0, GPU-baade223-6883-6299-1b87-c48c53d32c2d, NVIDIA A100-SXM4-80GB, 35351, 81920, 0, 95.95, 32
nid008225,2026/05/04 00:22:45.558, 1, GPU-08cd89d1-fe1c-96bf-9720-f8b4d92156ab, NVIDIA A100-SXM4-80GB, 35351, 81920, 0, 97.06, 30
nid008225,2026/05/04 00:22:45.559, 2, GPU-035e63ff-8624-b2e0-9447-5140761bc5cf, NVIDIA A100-SXM4-80GB, 73467, 81920, 0, 93.41, 32
nid008225,2026/05/04 00:22:45.561, 3, GPU-428acb6b-9398-1f29-218d-e81317ef4d30, NVIDIA A100-SXM4-80GB, 73015, 81920, 0, 96.42, 31
nid008569,2026/05/04 00:22:46.522, 0, GPU-7b8dcc3e-7a6b-ed06-f92f-1b75b7f66c4d, NVIDIA A100-SXM4-80GB, 72771, 81920, 0, 93.52, 33
nid008569,2026/05/04 00:22:46.531, 1, GPU-a38d0ad5-b689-3842-8693-74ca661db097, NVIDIA A100-SXM4-80GB, 72771, 81920, 0, 151.92, 31
nid008569,2026/05/04 00:22:46.537, 2, GPU-0eeb185a-5ff9-a064-b944-df364d9f0525, NVIDIA A100-SXM4-80GB, 73391, 81920, 0, 97.06, 32
nid008569,2026/05/04 00:22:46.538, 3, GPU-b85332e0-5267-87ff-d66c-3ea990a45a88, NVIDIA A100-SXM4-80GB, 73391, 81920, 0, 95.31, 30
nid008225,2026/05/04 00:22:49.544, 0, GPU-baade223-6883-6299-1b87-c48c53d32c2d, NVIDIA A100-SXM4-80GB, 35351, 81920, 0, 96.07, 32
nid008225,2026/05/04 00:22:49.547, 1, GPU-08cd89d1-fe1c-96bf-9720-f8b4d92156ab, NVIDIA A100-SXM4-80GB, 35351, 81920, 0, 97.06, 30
nid008225,2026/05/04 00:22:49.548, 2, GPU-035e63ff-8624-b2e0-9447-5140761bc5cf, NVIDIA A100-SXM4-80GB, 73467, 81920, 0, 93.80, 32
nid008225,2026/05/04 00:22:49.551, 3, GPU-428acb6b-9398-1f29-218d-e81317ef4d30, NVIDIA A100-SXM4-80GB, 73015, 81920, 0, 96.42, 30
nid008569,2026/05/04 00:22:50.470, 0, GPU-7b8dcc3e-7a6b-ed06-f92f-1b75b7f66c4d, NVIDIA A100-SXM4-80GB, 72771, 81920, 65, 111.94, 37
nid008569,2026/05/04 00:22:50.473, 1, GPU-a38d0ad5-b689-3842-8693-74ca661db097, NVIDIA A100-SXM4-80GB, 72771, 81920, 3, 113.27, 34
nid008569,2026/05/04 00:22:50.474, 2, GPU-0eeb185a-5ff9-a064-b944-df364d9f0525, NVIDIA A100-SXM4-80GB, 73391, 81920, 94, 115.50, 36
nid008569,2026/05/04 00:22:50.476, 3, GPU-b85332e0-5267-87ff-d66c-3ea990a45a88, NVIDIA A100-SXM4-80GB, 73391, 81920, 36, 113.26, 34
nid008225,2026/05/04 00:22:53.507, 0, GPU-baade223-6883-6299-1b87-c48c53d32c2d, NVIDIA A100-SXM4-80GB, 35351, 81920, 0, 95.96, 32
nid008225,2026/05/04 00:22:53.510, 1, GPU-08cd89d1-fe1c-96bf-9720-f8b4d92156ab, NVIDIA A100-SXM4-80GB, 35351, 81920, 0, 96.72, 30
nid008225,2026/05/04 00:22:53.511, 2, GPU-035e63ff-8624-b2e0-9447-5140761bc5cf, NVIDIA A100-SXM4-80GB, 73467, 81920, 100, 491.26, 52
nid008225,2026/05/04 00:22:53.513, 3, GPU-428acb6b-9398-1f29-218d-e81317ef4d30, NVIDIA A100-SXM4-80GB, 73015, 81920, 100, 118.79, 37
nid008569,2026/05/04 00:22:54.473, 0, GPU-7b8dcc3e-7a6b-ed06-f92f-1b75b7f66c4d, NVIDIA A100-SXM4-80GB, 72771, 81920, 0, 92.71, 33
nid008569,2026/05/04 00:22:54.476, 1, GPU-a38d0ad5-b689-3842-8693-74ca661db097, NVIDIA A100-SXM4-80GB, 72771, 81920, 0, 92.60, 31
nid008569,2026/05/04 00:22:54.477, 2, GPU-0eeb185a-5ff9-a064-b944-df364d9f0525, NVIDIA A100-SXM4-80GB, 73391, 81920, 0, 97.34, 33
nid008569,2026/05/04 00:22:54.479, 3, GPU-b85332e0-5267-87ff-d66c-3ea990a45a88, NVIDIA A100-SXM4-80GB, 73391, 81920, 0, 95.31, 30
nid008225,2026/05/04 00:22:57.581, 0, GPU-baade223-6883-6299-1b87-c48c53d32c2d, NVIDIA A100-SXM4-80GB, 35351, 81920, 0, 95.95, 32
nid008225,2026/05/04 00:22:57.583, 1, GPU-08cd89d1-fe1c-96bf-9720-f8b4d92156ab, NVIDIA A100-SXM4-80GB, 35351, 81920, 0, 97.06, 30
nid008225,2026/05/04 00:22:57.585, 2, GPU-035e63ff-8624-b2e0-9447-5140761bc5cf, NVIDIA A100-SXM4-80GB, 73467, 81920, 25, 112.47, 39
nid008225,2026/05/04 00:22:57.587, 3, GPU-428acb6b-9398-1f29-218d-e81317ef4d30, NVIDIA A100-SXM4-80GB, 73015, 81920, 100, 124.64, 40
nid008569,2026/05/04 00:22:58.535, 0, GPU-7b8dcc3e-7a6b-ed06-f92f-1b75b7f66c4d, NVIDIA A100-SXM4-80GB, 72771, 81920, 0, 92.47, 33
nid008569,2026/05/04 00:22:58.538, 1, GPU-a38d0ad5-b689-3842-8693-74ca661db097, NVIDIA A100-SXM4-80GB, 72771, 81920, 0, 92.71, 30
nid008569,2026/05/04 00:22:58.539, 2, GPU-0eeb185a-5ff9-a064-b944-df364d9f0525, NVIDIA A100-SXM4-80GB, 73391, 81920, 0, 97.06, 32
nid008569,2026/05/04 00:22:58.541, 3, GPU-b85332e0-5267-87ff-d66c-3ea990a45a88, NVIDIA A100-SXM4-80GB, 73391, 81920, 0, 95.31, 30
nid008225,2026/05/04 00:23:01.562, 0, GPU-baade223-6883-6299-1b87-c48c53d32c2d, NVIDIA A100-SXM4-80GB, 35351, 81920, 0, 95.67, 32
nid008225,2026/05/04 00:23:01.565, 1, GPU-08cd89d1-fe1c-96bf-9720-f8b4d92156ab, NVIDIA A100-SXM4-80GB, 35351, 81920, 0, 96.70, 30
nid008225,2026/05/04 00:23:01.566, 2, GPU-035e63ff-8624-b2e0-9447-5140761bc5cf, NVIDIA A100-SXM4-80GB, 73467, 81920, 0, 92.47, 33
nid008225,2026/05/04 00:23:01.568, 3, GPU-428acb6b-9398-1f29-218d-e81317ef4d30, NVIDIA A100-SXM4-80GB, 73015, 81920, 0, 96.94, 32
nid008569,2026/05/04 00:23:02.518, 0, GPU-7b8dcc3e-7a6b-ed06-f92f-1b75b7f66c4d, NVIDIA A100-SXM4-80GB, 72771, 81920, 0, 92.19, 33
nid008569,2026/05/04 00:23:02.521, 1, GPU-a38d0ad5-b689-3842-8693-74ca661db097, NVIDIA A100-SXM4-80GB, 72771, 81920, 0, 92.60, 30
nid008569,2026/05/04 00:23:02.523, 2, GPU-0eeb185a-5ff9-a064-b944-df364d9f0525, NVIDIA A100-SXM4-80GB, 73391, 81920, 0, 96.94, 32
nid008569,2026/05/04 00:23:02.524, 3, GPU-b85332e0-5267-87ff-d66c-3ea990a45a88, NVIDIA A100-SXM4-80GB, 73391, 81920, 0, 95.20, 30
nid008225,2026/05/04 00:23:05.698, 0, GPU-baade223-6883-6299-1b87-c48c53d32c2d, NVIDIA A100-SXM4-80GB, 35351, 81920, 0, 95.78, 32
nid008225,2026/05/04 00:23:05.700, 1, GPU-08cd89d1-fe1c-96bf-9720-f8b4d92156ab, NVIDIA A100-SXM4-80GB, 35351, 81920, 0, 96.82, 30
nid008225,2026/05/04 00:23:05.702, 2, GPU-035e63ff-8624-b2e0-9447-5140761bc5cf, NVIDIA A100-SXM4-80GB, 73467, 81920, 0, 93.80, 33
nid008225,2026/05/04 00:23:05.703, 3, GPU-428acb6b-9398-1f29-218d-e81317ef4d30, NVIDIA A100-SXM4-80GB, 73015, 81920, 0, 96.70, 31
nid008569,2026/05/04 00:23:06.643, 0, GPU-7b8dcc3e-7a6b-ed06-f92f-1b75b7f66c4d, NVIDIA A100-SXM4-80GB, 72771, 81920, 0, 92.19, 32
nid008569,2026/05/04 00:23:06.645, 1, GPU-a38d0ad5-b689-3842-8693-74ca661db097, NVIDIA A100-SXM4-80GB, 72771, 81920, 0, 92.60, 30
nid008569,2026/05/04 00:23:06.647, 2, GPU-0eeb185a-5ff9-a064-b944-df364d9f0525, NVIDIA A100-SXM4-80GB, 73391, 81920, 0, 96.82, 32
nid008569,2026/05/04 00:23:06.648, 3, GPU-b85332e0-5267-87ff-d66c-3ea990a45a88, NVIDIA A100-SXM4-80GB, 73391, 81920, 0, 95.20, 30
nid008225,2026/05/04 00:23:09.735, 0, GPU-baade223-6883-6299-1b87-c48c53d32c2d, NVIDIA A100-SXM4-80GB, 35351, 81920, 0, 96.07, 32
nid008225,2026/05/04 00:23:09.738, 1, GPU-08cd89d1-fe1c-96bf-9720-f8b4d92156ab, NVIDIA A100-SXM4-80GB, 35351, 81920, 0, 97.06, 30
nid008225,2026/05/04 00:23:09.739, 2, GPU-035e63ff-8624-b2e0-9447-5140761bc5cf, NVIDIA A100-SXM4-80GB, 73467, 81920, 0, 93.69, 32
nid008225,2026/05/04 00:23:09.741, 3, GPU-428acb6b-9398-1f29-218d-e81317ef4d30, NVIDIA A100-SXM4-80GB, 73015, 81920, 0, 96.70, 31
nid008569,2026/05/04 00:23:10.660, 0, GPU-7b8dcc3e-7a6b-ed06-f92f-1b75b7f66c4d, NVIDIA A100-SXM4-80GB, 72771, 81920, 0, 92.08, 32
nid008569,2026/05/04 00:23:10.663, 1, GPU-a38d0ad5-b689-3842-8693-74ca661db097, NVIDIA A100-SXM4-80GB, 72771, 81920, 0, 92.71, 30
nid008569,2026/05/04 00:23:10.664, 2, GPU-0eeb185a-5ff9-a064-b944-df364d9f0525, NVIDIA A100-SXM4-80GB, 73391, 81920, 0, 96.70, 32
nid008569,2026/05/04 00:23:10.666, 3, GPU-b85332e0-5267-87ff-d66c-3ea990a45a88, NVIDIA A100-SXM4-80GB, 73391, 81920, 0, 95.20, 30
nid008225,2026/05/04 00:23:13.683, 0, GPU-baade223-6883-6299-1b87-c48c53d32c2d, NVIDIA A100-SXM4-80GB, 35351, 81920, 0, 95.78, 32
nid008225,2026/05/04 00:23:13.685, 1, GPU-08cd89d1-fe1c-96bf-9720-f8b4d92156ab, NVIDIA A100-SXM4-80GB, 35351, 81920, 0, 96.82, 30
nid008225,2026/05/04 00:23:13.687, 2, GPU-035e63ff-8624-b2e0-9447-5140761bc5cf, NVIDIA A100-SXM4-80GB, 73467, 81920, 0, 93.80, 32
nid008225,2026/05/04 00:23:13.688, 3, GPU-428acb6b-9398-1f29-218d-e81317ef4d30, NVIDIA A100-SXM4-80GB, 73015, 81920, 0, 98.03, 31
nid008569,2026/05/04 00:23:14.647, 0, GPU-7b8dcc3e-7a6b-ed06-f92f-1b75b7f66c4d, NVIDIA A100-SXM4-80GB, 72771, 81920, 100, 201.73, 37
nid008569,2026/05/04 00:23:14.650, 1, GPU-a38d0ad5-b689-3842-8693-74ca661db097, NVIDIA A100-SXM4-80GB, 72771, 81920, 100, 199.65, 35
nid008569,2026/05/04 00:23:14.652, 2, GPU-0eeb185a-5ff9-a064-b944-df364d9f0525, NVIDIA A100-SXM4-80GB, 73391, 81920, 100, 213.32, 36
nid008569,2026/05/04 00:23:14.654, 3, GPU-b85332e0-5267-87ff-d66c-3ea990a45a88, NVIDIA A100-SXM4-80GB, 73391, 81920, 100, 210.95, 34
nid008225,2026/05/04 00:23:17.684, 0, GPU-baade223-6883-6299-1b87-c48c53d32c2d, NVIDIA A100-SXM4-80GB, 35351, 81920, 0, 95.95, 32
nid008225,2026/05/04 00:23:17.691, 1, GPU-08cd89d1-fe1c-96bf-9720-f8b4d92156ab, NVIDIA A100-SXM4-80GB, 35351, 81920, 0, 96.82, 30
nid008225,2026/05/04 00:23:17.697, 2, GPU-035e63ff-8624-b2e0-9447-5140761bc5cf, NVIDIA A100-SXM4-80GB, 73467, 81920, 0, 93.69, 32
nid008225,2026/05/04 00:23:17.701, 3, GPU-428acb6b-9398-1f29-218d-e81317ef4d30, NVIDIA A100-SXM4-80GB, 73015, 81920, 0, 98.03, 31
nid008569,2026/05/04 00:23:18.639, 0, GPU-7b8dcc3e-7a6b-ed06-f92f-1b75b7f66c4d, NVIDIA A100-SXM4-80GB, 72771, 81920, 0, 111.27, 35
nid008569,2026/05/04 00:23:18.641, 1, GPU-a38d0ad5-b689-3842-8693-74ca661db097, NVIDIA A100-SXM4-80GB, 72771, 81920, 0, 112.47, 33
nid008569,2026/05/04 00:23:18.643, 2, GPU-0eeb185a-5ff9-a064-b944-df364d9f0525, NVIDIA A100-SXM4-80GB, 73391, 81920, 0, 114.98, 35
nid008569,2026/05/04 00:23:18.644, 3, GPU-b85332e0-5267-87ff-d66c-3ea990a45a88, NVIDIA A100-SXM4-80GB, 73391, 81920, 0, 112.44, 32
nid008225,2026/05/04 00:23:21.751, 0, GPU-baade223-6883-6299-1b87-c48c53d32c2d, NVIDIA A100-SXM4-80GB, 35351, 81920, 0, 95.73, 32
nid008225,2026/05/04 00:23:21.753, 1, GPU-08cd89d1-fe1c-96bf-9720-f8b4d92156ab, NVIDIA A100-SXM4-80GB, 35351, 81920, 0, 96.72, 30
nid008225,2026/05/04 00:23:21.755, 2, GPU-035e63ff-8624-b2e0-9447-5140761bc5cf, NVIDIA A100-SXM4-80GB, 73467, 81920, 84, 494.42, 53
nid008225,2026/05/04 00:23:21.757, 3, GPU-428acb6b-9398-1f29-218d-e81317ef4d30, NVIDIA A100-SXM4-80GB, 73015, 81920, 73, 119.74, 38
nid008569,2026/05/04 00:23:22.686, 0, GPU-7b8dcc3e-7a6b-ed06-f92f-1b75b7f66c4d, NVIDIA A100-SXM4-80GB, 72771, 81920, 0, 92.47, 33
nid008569,2026/05/04 00:23:22.689, 1, GPU-a38d0ad5-b689-3842-8693-74ca661db097, NVIDIA A100-SXM4-80GB, 72771, 81920, 0, 92.60, 31
nid008569,2026/05/04 00:23:22.694, 2, GPU-0eeb185a-5ff9-a064-b944-df364d9f0525, NVIDIA A100-SXM4-80GB, 73391, 81920, 0, 96.94, 33
nid008569,2026/05/04 00:23:22.696, 3, GPU-b85332e0-5267-87ff-d66c-3ea990a45a88, NVIDIA A100-SXM4-80GB, 73391, 81920, 0, 95.48, 30
nid008225,2026/05/04 00:23:25.772, 0, GPU-baade223-6883-6299-1b87-c48c53d32c2d, NVIDIA A100-SXM4-80GB, 35351, 81920, 0, 95.67, 32
nid008225,2026/05/04 00:23:25.779, 1, GPU-08cd89d1-fe1c-96bf-9720-f8b4d92156ab, NVIDIA A100-SXM4-80GB, 35351, 81920, 0, 96.94, 30
nid008225,2026/05/04 00:23:25.789, 2, GPU-035e63ff-8624-b2e0-9447-5140761bc5cf, NVIDIA A100-SXM4-80GB, 73467, 81920, 0, 111.27, 37
nid008225,2026/05/04 00:23:25.795, 3, GPU-428acb6b-9398-1f29-218d-e81317ef4d30, NVIDIA A100-SXM4-80GB, 73015, 81920, 0, 115.79, 35
nid008569,2026/05/04 00:23:26.832, 0, GPU-7b8dcc3e-7a6b-ed06-f92f-1b75b7f66c4d, NVIDIA A100-SXM4-80GB, 72771, 81920, 0, 92.47, 33
nid008569,2026/05/04 00:23:26.835, 1, GPU-a38d0ad5-b689-3842-8693-74ca661db097, NVIDIA A100-SXM4-80GB, 72771, 81920, 0, 92.71, 30
nid008569,2026/05/04 00:23:26.836, 2, GPU-0eeb185a-5ff9-a064-b944-df364d9f0525, NVIDIA A100-SXM4-80GB, 73391, 81920, 0, 97.06, 32
nid008569,2026/05/04 00:23:26.838, 3, GPU-b85332e0-5267-87ff-d66c-3ea990a45a88, NVIDIA A100-SXM4-80GB, 73391, 81920, 0, 95.31, 30
nid008225,2026/05/04 00:23:29.889, 0, GPU-baade223-6883-6299-1b87-c48c53d32c2d, NVIDIA A100-SXM4-80GB, 35351, 81920, 0, 96.07, 32
nid008225,2026/05/04 00:23:29.891, 1, GPU-08cd89d1-fe1c-96bf-9720-f8b4d92156ab, NVIDIA A100-SXM4-80GB, 35351, 81920, 0, 97.06, 30
nid008225,2026/05/04 00:23:29.893, 2, GPU-035e63ff-8624-b2e0-9447-5140761bc5cf, NVIDIA A100-SXM4-80GB, 73467, 81920, 0, 92.47, 33
nid008225,2026/05/04 00:23:29.894, 3, GPU-428acb6b-9398-1f29-218d-e81317ef4d30, NVIDIA A100-SXM4-80GB, 73015, 81920, 0, 96.70, 31
nid008569,2026/05/04 00:23:30.833, 0, GPU-7b8dcc3e-7a6b-ed06-f92f-1b75b7f66c4d, NVIDIA A100-SXM4-80GB, 72771, 81920, 0, 92.29, 32
nid008569,2026/05/04 00:23:30.836, 1, GPU-a38d0ad5-b689-3842-8693-74ca661db097, NVIDIA A100-SXM4-80GB, 72771, 81920, 0, 92.71, 30
nid008569,2026/05/04 00:23:30.837, 2, GPU-0eeb185a-5ff9-a064-b944-df364d9f0525, NVIDIA A100-SXM4-80GB, 73391, 81920, 0, 96.82, 32
nid008569,2026/05/04 00:23:30.839, 3, GPU-b85332e0-5267-87ff-d66c-3ea990a45a88, NVIDIA A100-SXM4-80GB, 73391, 81920, 0, 95.31, 30
nid008225,2026/05/04 00:23:34.044, 0, GPU-baade223-6883-6299-1b87-c48c53d32c2d, NVIDIA A100-SXM4-80GB, 35351, 81920, 0, 95.78, 32
nid008225,2026/05/04 00:23:34.046, 1, GPU-08cd89d1-fe1c-96bf-9720-f8b4d92156ab, NVIDIA A100-SXM4-80GB, 35351, 81920, 0, 96.82, 30
nid008225,2026/05/04 00:23:34.048, 2, GPU-035e63ff-8624-b2e0-9447-5140761bc5cf, NVIDIA A100-SXM4-80GB, 73467, 81920, 0, 93.80, 32
nid008225,2026/05/04 00:23:34.049, 3, GPU-428acb6b-9398-1f29-218d-e81317ef4d30, NVIDIA A100-SXM4-80GB, 73015, 81920, 0, 96.70, 31
nid008569,2026/05/04 00:23:35.028, 0, GPU-7b8dcc3e-7a6b-ed06-f92f-1b75b7f66c4d, NVIDIA A100-SXM4-80GB, 72771, 81920, 0, 92.19, 32
nid008569,2026/05/04 00:23:35.031, 1, GPU-a38d0ad5-b689-3842-8693-74ca661db097, NVIDIA A100-SXM4-80GB, 72771, 81920, 0, 92.71, 30
nid008569,2026/05/04 00:23:35.032, 2, GPU-0eeb185a-5ff9-a064-b944-df364d9f0525, NVIDIA A100-SXM4-80GB, 73391, 81920, 0, 96.82, 32
nid008569,2026/05/04 00:23:35.034, 3, GPU-b85332e0-5267-87ff-d66c-3ea990a45a88, NVIDIA A100-SXM4-80GB, 73391, 81920, 0, 95.07, 30
nid008225,2026/05/04 00:23:38.068, 0, GPU-baade223-6883-6299-1b87-c48c53d32c2d, NVIDIA A100-SXM4-80GB, 35351, 81920, 0, 95.78, 32
nid008225,2026/05/04 00:23:38.073, 1, GPU-08cd89d1-fe1c-96bf-9720-f8b4d92156ab, NVIDIA A100-SXM4-80GB, 35351, 81920, 0, 96.82, 30
nid008225,2026/05/04 00:23:38.079, 2, GPU-035e63ff-8624-b2e0-9447-5140761bc5cf, NVIDIA A100-SXM4-80GB, 73467, 81920, 0, 93.80, 32
nid008225,2026/05/04 00:23:38.086, 3, GPU-428acb6b-9398-1f29-218d-e81317ef4d30, NVIDIA A100-SXM4-80GB, 73015, 81920, 0, 96.42, 31
nid008569,2026/05/04 00:23:39.040, 0, GPU-7b8dcc3e-7a6b-ed06-f92f-1b75b7f66c4d, NVIDIA A100-SXM4-80GB, 72771, 81920, 0, 92.47, 32
nid008569,2026/05/04 00:23:39.042, 1, GPU-a38d0ad5-b689-3842-8693-74ca661db097, NVIDIA A100-SXM4-80GB, 72771, 81920, 0, 92.60, 30
nid008569,2026/05/04 00:23:39.044, 2, GPU-0eeb185a-5ff9-a064-b944-df364d9f0525, NVIDIA A100-SXM4-80GB, 73391, 81920, 0, 96.94, 32
nid008569,2026/05/04 00:23:39.046, 3, GPU-b85332e0-5267-87ff-d66c-3ea990a45a88, NVIDIA A100-SXM4-80GB, 73391, 81920, 0, 95.20, 30
nid008225,2026/05/04 00:23:42.124, 0, GPU-baade223-6883-6299-1b87-c48c53d32c2d, NVIDIA A100-SXM4-80GB, 35351, 81920, 0, 96.07, 32
nid008225,2026/05/04 00:23:42.126, 1, GPU-08cd89d1-fe1c-96bf-9720-f8b4d92156ab, NVIDIA A100-SXM4-80GB, 35351, 81920, 0, 97.06, 30
nid008225,2026/05/04 00:23:42.128, 2, GPU-035e63ff-8624-b2e0-9447-5140761bc5cf, NVIDIA A100-SXM4-80GB, 73467, 81920, 0, 93.80, 32
nid008225,2026/05/04 00:23:42.129, 3, GPU-428acb6b-9398-1f29-218d-e81317ef4d30, NVIDIA A100-SXM4-80GB, 73015, 81920, 0, 96.42, 31
nid008569,2026/05/04 00:23:43.087, 0, GPU-7b8dcc3e-7a6b-ed06-f92f-1b75b7f66c4d, NVIDIA A100-SXM4-80GB, 72771, 81920, 100, 162.37, 38
nid008569,2026/05/04 00:23:43.091, 1, GPU-a38d0ad5-b689-3842-8693-74ca661db097, NVIDIA A100-SXM4-80GB, 72771, 81920, 100, 238.39, 36
nid008569,2026/05/04 00:23:43.095, 2, GPU-0eeb185a-5ff9-a064-b944-df364d9f0525, NVIDIA A100-SXM4-80GB, 73391, 81920, 100, 170.78, 38
nid008569,2026/05/04 00:23:43.096, 3, GPU-b85332e0-5267-87ff-d66c-3ea990a45a88, NVIDIA A100-SXM4-80GB, 73391, 81920, 100, 265.40, 36
nid008225,2026/05/04 00:23:46.138, 0, GPU-baade223-6883-6299-1b87-c48c53d32c2d, NVIDIA A100-SXM4-80GB, 35351, 81920, 0, 95.61, 32
nid008225,2026/05/04 00:23:46.143, 1, GPU-08cd89d1-fe1c-96bf-9720-f8b4d92156ab, NVIDIA A100-SXM4-80GB, 35351, 81920, 0, 97.00, 30
nid008225,2026/05/04 00:23:46.145, 2, GPU-035e63ff-8624-b2e0-9447-5140761bc5cf, NVIDIA A100-SXM4-80GB, 73467, 81920, 100, 496.27, 49
nid008225,2026/05/04 00:23:46.147, 3, GPU-428acb6b-9398-1f29-218d-e81317ef4d30, NVIDIA A100-SXM4-80GB, 73015, 81920, 100, 120.93, 35
nid008569,2026/05/04 00:23:47.086, 0, GPU-7b8dcc3e-7a6b-ed06-f92f-1b75b7f66c4d, NVIDIA A100-SXM4-80GB, 72771, 81920, 0, 92.99, 34
nid008569,2026/05/04 00:23:47.088, 1, GPU-a38d0ad5-b689-3842-8693-74ca661db097, NVIDIA A100-SXM4-80GB, 72771, 81920, 0, 92.99, 31
nid008569,2026/05/04 00:23:47.090, 2, GPU-0eeb185a-5ff9-a064-b944-df364d9f0525, NVIDIA A100-SXM4-80GB, 73391, 81920, 0, 97.63, 34
nid008569,2026/05/04 00:23:47.092, 3, GPU-b85332e0-5267-87ff-d66c-3ea990a45a88, NVIDIA A100-SXM4-80GB, 73391, 81920, 0, 93.91, 31
nid008225,2026/05/04 00:23:50.141, 0, GPU-baade223-6883-6299-1b87-c48c53d32c2d, NVIDIA A100-SXM4-80GB, 35351, 81920, 0, 95.73, 32
nid008225,2026/05/04 00:23:50.145, 1, GPU-08cd89d1-fe1c-96bf-9720-f8b4d92156ab, NVIDIA A100-SXM4-80GB, 35351, 81920, 0, 97.00, 30
nid008225,2026/05/04 00:23:50.146, 2, GPU-035e63ff-8624-b2e0-9447-5140761bc5cf, NVIDIA A100-SXM4-80GB, 73467, 81920, 100, 114.34, 42
nid008225,2026/05/04 00:23:50.148, 3, GPU-428acb6b-9398-1f29-218d-e81317ef4d30, NVIDIA A100-SXM4-80GB, 73015, 81920, 100, 384.23, 48
nid008569,2026/05/04 00:23:51.132, 0, GPU-7b8dcc3e-7a6b-ed06-f92f-1b75b7f66c4d, NVIDIA A100-SXM4-80GB, 72771, 81920, 0, 92.47, 33
nid008569,2026/05/04 00:23:51.134, 1, GPU-a38d0ad5-b689-3842-8693-74ca661db097, NVIDIA A100-SXM4-80GB, 72771, 81920, 0, 92.88, 31
nid008569,2026/05/04 00:23:51.136, 2, GPU-0eeb185a-5ff9-a064-b944-df364d9f0525, NVIDIA A100-SXM4-80GB, 73391, 81920, 0, 97.06, 33
nid008569,2026/05/04 00:23:51.138, 3, GPU-b85332e0-5267-87ff-d66c-3ea990a45a88, NVIDIA A100-SXM4-80GB, 73391, 81920, 0, 95.60, 30
nid008225,2026/05/04 00:23:54.185, 0, GPU-baade223-6883-6299-1b87-c48c53d32c2d, NVIDIA A100-SXM4-80GB, 35351, 81920, 0, 95.78, 32
nid008225,2026/05/04 00:23:54.188, 1, GPU-08cd89d1-fe1c-96bf-9720-f8b4d92156ab, NVIDIA A100-SXM4-80GB, 35351, 81920, 0, 96.94, 30
nid008225,2026/05/04 00:23:54.189, 2, GPU-035e63ff-8624-b2e0-9447-5140761bc5cf, NVIDIA A100-SXM4-80GB, 73467, 81920, 0, 92.99, 35
nid008225,2026/05/04 00:23:54.191, 3, GPU-428acb6b-9398-1f29-218d-e81317ef4d30, NVIDIA A100-SXM4-80GB, 73015, 81920, 0, 99.37, 33
nid008569,2026/05/04 00:23:55.142, 0, GPU-7b8dcc3e-7a6b-ed06-f92f-1b75b7f66c4d, NVIDIA A100-SXM4-80GB, 72771, 81920, 0, 92.19, 33
nid008569,2026/05/04 00:23:55.149, 1, GPU-a38d0ad5-b689-3842-8693-74ca661db097, NVIDIA A100-SXM4-80GB, 72771, 81920, 0, 92.71, 30
nid008569,2026/05/04 00:23:55.154, 2, GPU-0eeb185a-5ff9-a064-b944-df364d9f0525, NVIDIA A100-SXM4-80GB, 73391, 81920, 0, 97.06, 32
nid008569,2026/05/04 00:23:55.158, 3, GPU-b85332e0-5267-87ff-d66c-3ea990a45a88, NVIDIA A100-SXM4-80GB, 73391, 81920, 0, 95.20, 30
nid008225,2026/05/04 00:23:58.156, 0, GPU-baade223-6883-6299-1b87-c48c53d32c2d, NVIDIA A100-SXM4-80GB, 35351, 81920, 0, 96.07, 32
nid008225,2026/05/04 00:23:58.158, 1, GPU-08cd89d1-fe1c-96bf-9720-f8b4d92156ab, NVIDIA A100-SXM4-80GB, 35351, 81920, 0, 96.82, 30
nid008225,2026/05/04 00:23:58.160, 2, GPU-035e63ff-8624-b2e0-9447-5140761bc5cf, NVIDIA A100-SXM4-80GB, 73467, 81920, 0, 92.36, 33
nid008225,2026/05/04 00:23:58.161, 3, GPU-428acb6b-9398-1f29-218d-e81317ef4d30, NVIDIA A100-SXM4-80GB, 73015, 81920, 0, 98.56, 31
nid008569,2026/05/04 00:23:59.133, 0, GPU-7b8dcc3e-7a6b-ed06-f92f-1b75b7f66c4d, NVIDIA A100-SXM4-80GB, 72771, 81920, 0, 92.47, 32
nid008569,2026/05/04 00:23:59.136, 1, GPU-a38d0ad5-b689-3842-8693-74ca661db097, NVIDIA A100-SXM4-80GB, 72771, 81920, 0, 92.60, 30
nid008569,2026/05/04 00:23:59.137, 2, GPU-0eeb185a-5ff9-a064-b944-df364d9f0525, NVIDIA A100-SXM4-80GB, 73391, 81920, 0, 96.94, 32
nid008569,2026/05/04 00:23:59.139, 3, GPU-b85332e0-5267-87ff-d66c-3ea990a45a88, NVIDIA A100-SXM4-80GB, 73391, 81920, 0, 95.20, 30
nid008225,2026/05/04 00:24:02.171, 0, GPU-baade223-6883-6299-1b87-c48c53d32c2d, NVIDIA A100-SXM4-80GB, 35351, 81920, 0, 95.78, 32
nid008225,2026/05/04 00:24:02.173, 1, GPU-08cd89d1-fe1c-96bf-9720-f8b4d92156ab, NVIDIA A100-SXM4-80GB, 35351, 81920, 0, 96.82, 30
nid008225,2026/05/04 00:24:02.175, 2, GPU-035e63ff-8624-b2e0-9447-5140761bc5cf, NVIDIA A100-SXM4-80GB, 73467, 81920, 0, 92.19, 32
nid008225,2026/05/04 00:24:02.176, 3, GPU-428acb6b-9398-1f29-218d-e81317ef4d30, NVIDIA A100-SXM4-80GB, 73015, 81920, 0, 98.39, 31
nid008569,2026/05/04 00:24:03.145, 0, GPU-7b8dcc3e-7a6b-ed06-f92f-1b75b7f66c4d, NVIDIA A100-SXM4-80GB, 72771, 81920, 0, 92.36, 32
nid008569,2026/05/04 00:24:03.147, 1, GPU-a38d0ad5-b689-3842-8693-74ca661db097, NVIDIA A100-SXM4-80GB, 72771, 81920, 0, 92.60, 30
nid008569,2026/05/04 00:24:03.149, 2, GPU-0eeb185a-5ff9-a064-b944-df364d9f0525, NVIDIA A100-SXM4-80GB, 73391, 81920, 0, 96.94, 32
nid008569,2026/05/04 00:24:03.151, 3, GPU-b85332e0-5267-87ff-d66c-3ea990a45a88, NVIDIA A100-SXM4-80GB, 73391, 81920, 0, 95.20, 30
nid008225,2026/05/04 00:24:06.136, 0, GPU-baade223-6883-6299-1b87-c48c53d32c2d, NVIDIA A100-SXM4-80GB, 35351, 81920, 0, 95.67, 32
nid008225,2026/05/04 00:24:06.139, 1, GPU-08cd89d1-fe1c-96bf-9720-f8b4d92156ab, NVIDIA A100-SXM4-80GB, 35351, 81920, 0, 97.06, 30
nid008225,2026/05/04 00:24:06.141, 2, GPU-035e63ff-8624-b2e0-9447-5140761bc5cf, NVIDIA A100-SXM4-80GB, 73467, 81920, 0, 92.08, 32
nid008225,2026/05/04 00:24:06.142, 3, GPU-428acb6b-9398-1f29-218d-e81317ef4d30, NVIDIA A100-SXM4-80GB, 73015, 81920, 0, 98.28, 31
nid008569,2026/05/04 00:24:07.212, 0, GPU-7b8dcc3e-7a6b-ed06-f92f-1b75b7f66c4d, NVIDIA A100-SXM4-80GB, 72771, 81920, 0, 92.47, 32
nid008569,2026/05/04 00:24:07.214, 1, GPU-a38d0ad5-b689-3842-8693-74ca661db097, NVIDIA A100-SXM4-80GB, 72771, 81920, 0, 92.71, 30
nid008569,2026/05/04 00:24:07.216, 2, GPU-0eeb185a-5ff9-a064-b944-df364d9f0525, NVIDIA A100-SXM4-80GB, 73391, 81920, 0, 97.06, 32
nid008569,2026/05/04 00:24:07.223, 3, GPU-b85332e0-5267-87ff-d66c-3ea990a45a88, NVIDIA A100-SXM4-80GB, 73391, 81920, 0, 95.31, 30
nid008225,2026/05/04 00:24:10.198, 0, GPU-baade223-6883-6299-1b87-c48c53d32c2d, NVIDIA A100-SXM4-80GB, 35351, 81920, 0, 95.95, 32
nid008225,2026/05/04 00:24:10.201, 1, GPU-08cd89d1-fe1c-96bf-9720-f8b4d92156ab, NVIDIA A100-SXM4-80GB, 35351, 81920, 0, 96.82, 30
nid008225,2026/05/04 00:24:10.202, 2, GPU-035e63ff-8624-b2e0-9447-5140761bc5cf, NVIDIA A100-SXM4-80GB, 73467, 81920, 0, 92.08, 32
nid008225,2026/05/04 00:24:10.204, 3, GPU-428acb6b-9398-1f29-218d-e81317ef4d30, NVIDIA A100-SXM4-80GB, 73015, 81920, 0, 98.28, 31
nid008569,2026/05/04 00:24:11.191, 0, GPU-7b8dcc3e-7a6b-ed06-f92f-1b75b7f66c4d, NVIDIA A100-SXM4-80GB, 72771, 81920, 100, 195.66, 39
nid008569,2026/05/04 00:24:11.195, 1, GPU-a38d0ad5-b689-3842-8693-74ca661db097, NVIDIA A100-SXM4-80GB, 72771, 81920, 100, 261.05, 36
nid008569,2026/05/04 00:24:11.197, 2, GPU-0eeb185a-5ff9-a064-b944-df364d9f0525, NVIDIA A100-SXM4-80GB, 73391, 81920, 100, 196.71, 38
nid008569,2026/05/04 00:24:11.198, 3, GPU-b85332e0-5267-87ff-d66c-3ea990a45a88, NVIDIA A100-SXM4-80GB, 73391, 81920, 100, 223.62, 36
nid008225,2026/05/04 00:24:14.209, 0, GPU-baade223-6883-6299-1b87-c48c53d32c2d, NVIDIA A100-SXM4-80GB, 35351, 81920, 0, 95.96, 32
nid008225,2026/05/04 00:24:14.215, 1, GPU-08cd89d1-fe1c-96bf-9720-f8b4d92156ab, NVIDIA A100-SXM4-80GB, 35351, 81920, 0, 97.00, 30
nid008225,2026/05/04 00:24:14.220, 2, GPU-035e63ff-8624-b2e0-9447-5140761bc5cf, NVIDIA A100-SXM4-80GB, 73467, 81920, 100, 494.19, 52
nid008225,2026/05/04 00:24:14.227, 3, GPU-428acb6b-9398-1f29-218d-e81317ef4d30, NVIDIA A100-SXM4-80GB, 73015, 81920, 100, 471.81, 45
nid008569,2026/05/04 00:24:15.204, 0, GPU-7b8dcc3e-7a6b-ed06-f92f-1b75b7f66c4d, NVIDIA A100-SXM4-80GB, 72771, 81920, 0, 92.71, 33
nid008569,2026/05/04 00:24:15.210, 1, GPU-a38d0ad5-b689-3842-8693-74ca661db097, NVIDIA A100-SXM4-80GB, 72771, 81920, 0, 92.88, 31
nid008569,2026/05/04 00:24:15.214, 2, GPU-0eeb185a-5ff9-a064-b944-df364d9f0525, NVIDIA A100-SXM4-80GB, 73391, 81920, 0, 97.34, 33
nid008569,2026/05/04 00:24:15.224, 3, GPU-b85332e0-5267-87ff-d66c-3ea990a45a88, NVIDIA A100-SXM4-80GB, 73391, 81920, 0, 95.48, 30
nid008225,2026/05/04 00:24:18.279, 0, GPU-baade223-6883-6299-1b87-c48c53d32c2d, NVIDIA A100-SXM4-80GB, 35351, 81920, 0, 95.73, 32
nid008225,2026/05/04 00:24:18.281, 1, GPU-08cd89d1-fe1c-96bf-9720-f8b4d92156ab, NVIDIA A100-SXM4-80GB, 35351, 81920, 0, 96.72, 30
nid008225,2026/05/04 00:24:18.283, 2, GPU-035e63ff-8624-b2e0-9447-5140761bc5cf, NVIDIA A100-SXM4-80GB, 73467, 81920, 100, 114.05, 41
nid008225,2026/05/04 00:24:18.285, 3, GPU-428acb6b-9398-1f29-218d-e81317ef4d30, NVIDIA A100-SXM4-80GB, 73015, 81920, 100, 487.11, 44
nid008569,2026/05/04 00:24:19.269, 0, GPU-7b8dcc3e-7a6b-ed06-f92f-1b75b7f66c4d, NVIDIA A100-SXM4-80GB, 72771, 81920, 0, 92.58, 33
nid008569,2026/05/04 00:24:19.271, 1, GPU-a38d0ad5-b689-3842-8693-74ca661db097, NVIDIA A100-SXM4-80GB, 72771, 81920, 0, 92.58, 30
nid008569,2026/05/04 00:24:19.273, 2, GPU-0eeb185a-5ff9-a064-b944-df364d9f0525, NVIDIA A100-SXM4-80GB, 73391, 81920, 0, 96.93, 32
nid008569,2026/05/04 00:24:19.275, 3, GPU-b85332e0-5267-87ff-d66c-3ea990a45a88, NVIDIA A100-SXM4-80GB, 73391, 81920, 0, 95.42, 30
nid008225,2026/05/04 00:24:22.330, 0, GPU-baade223-6883-6299-1b87-c48c53d32c2d, NVIDIA A100-SXM4-80GB, 35351, 81920, 0, 95.78, 32
nid008225,2026/05/04 00:24:22.332, 1, GPU-08cd89d1-fe1c-96bf-9720-f8b4d92156ab, NVIDIA A100-SXM4-80GB, 35351, 81920, 0, 96.93, 30
nid008225,2026/05/04 00:24:22.334, 2, GPU-035e63ff-8624-b2e0-9447-5140761bc5cf, NVIDIA A100-SXM4-80GB, 73467, 81920, 0, 94.32, 34
nid008225,2026/05/04 00:24:22.335, 3, GPU-428acb6b-9398-1f29-218d-e81317ef4d30, NVIDIA A100-SXM4-80GB, 73015, 81920, 0, 98.91, 32
nid008569,2026/05/04 00:24:23.321, 0, GPU-7b8dcc3e-7a6b-ed06-f92f-1b75b7f66c4d, NVIDIA A100-SXM4-80GB, 72771, 81920, 0, 92.29, 33
nid008569,2026/05/04 00:24:23.323, 1, GPU-a38d0ad5-b689-3842-8693-74ca661db097, NVIDIA A100-SXM4-80GB, 72771, 81920, 0, 92.82, 30
nid008569,2026/05/04 00:24:23.325, 2, GPU-0eeb185a-5ff9-a064-b944-df364d9f0525, NVIDIA A100-SXM4-80GB, 73391, 81920, 0, 97.18, 32
nid008569,2026/05/04 00:24:23.327, 3, GPU-b85332e0-5267-87ff-d66c-3ea990a45a88, NVIDIA A100-SXM4-80GB, 73391, 81920, 0, 95.31, 30
nid008225,2026/05/04 00:24:26.406, 0, GPU-baade223-6883-6299-1b87-c48c53d32c2d, NVIDIA A100-SXM4-80GB, 35351, 81920, 0, 95.78, 32
nid008225,2026/05/04 00:24:26.408, 1, GPU-08cd89d1-fe1c-96bf-9720-f8b4d92156ab, NVIDIA A100-SXM4-80GB, 35351, 81920, 0, 96.82, 30
nid008225,2026/05/04 00:24:26.410, 2, GPU-035e63ff-8624-b2e0-9447-5140761bc5cf, NVIDIA A100-SXM4-80GB, 73467, 81920, 0, 93.80, 33
nid008225,2026/05/04 00:24:26.411, 3, GPU-428acb6b-9398-1f29-218d-e81317ef4d30, NVIDIA A100-SXM4-80GB, 73015, 81920, 0, 98.39, 31
nid008569,2026/05/04 00:24:27.337, 0, GPU-7b8dcc3e-7a6b-ed06-f92f-1b75b7f66c4d, NVIDIA A100-SXM4-80GB, 72771, 81920, 0, 92.29, 32
nid008569,2026/05/04 00:24:27.340, 1, GPU-a38d0ad5-b689-3842-8693-74ca661db097, NVIDIA A100-SXM4-80GB, 72771, 81920, 0, 92.47, 30
nid008569,2026/05/04 00:24:27.341, 2, GPU-0eeb185a-5ff9-a064-b944-df364d9f0525, NVIDIA A100-SXM4-80GB, 73391, 81920, 0, 97.06, 32
nid008569,2026/05/04 00:24:27.343, 3, GPU-b85332e0-5267-87ff-d66c-3ea990a45a88, NVIDIA A100-SXM4-80GB, 73391, 81920, 0, 95.07, 30
nid008225,2026/05/04 00:24:30.356, 0, GPU-baade223-6883-6299-1b87-c48c53d32c2d, NVIDIA A100-SXM4-80GB, 35351, 81920, 0, 96.07, 32
nid008225,2026/05/04 00:24:30.363, 1, GPU-08cd89d1-fe1c-96bf-9720-f8b4d92156ab, NVIDIA A100-SXM4-80GB, 35351, 81920, 0, 96.93, 30
nid008225,2026/05/04 00:24:30.369, 2, GPU-035e63ff-8624-b2e0-9447-5140761bc5cf, NVIDIA A100-SXM4-80GB, 73467, 81920, 0, 93.91, 32
nid008225,2026/05/04 00:24:30.370, 3, GPU-428acb6b-9398-1f29-218d-e81317ef4d30, NVIDIA A100-SXM4-80GB, 73015, 81920, 0, 98.39, 31
nid008569,2026/05/04 00:24:31.354, 0, GPU-7b8dcc3e-7a6b-ed06-f92f-1b75b7f66c4d, NVIDIA A100-SXM4-80GB, 72771, 81920, 0, 92.29, 32
nid008569,2026/05/04 00:24:31.361, 1, GPU-a38d0ad5-b689-3842-8693-74ca661db097, NVIDIA A100-SXM4-80GB, 72771, 81920, 0, 92.82, 30
nid008569,2026/05/04 00:24:31.367, 2, GPU-0eeb185a-5ff9-a064-b944-df364d9f0525, NVIDIA A100-SXM4-80GB, 73391, 81920, 0, 96.93, 32
nid008569,2026/05/04 00:24:31.370, 3, GPU-b85332e0-5267-87ff-d66c-3ea990a45a88, NVIDIA A100-SXM4-80GB, 73391, 81920, 0, 95.19, 30
nid008225,2026/05/04 00:24:34.403, 0, GPU-baade223-6883-6299-1b87-c48c53d32c2d, NVIDIA A100-SXM4-80GB, 35351, 81920, 0, 95.78, 32
nid008225,2026/05/04 00:24:34.413, 1, GPU-08cd89d1-fe1c-96bf-9720-f8b4d92156ab, NVIDIA A100-SXM4-80GB, 35351, 81920, 0, 96.82, 30
nid008225,2026/05/04 00:24:34.421, 2, GPU-035e63ff-8624-b2e0-9447-5140761bc5cf, NVIDIA A100-SXM4-80GB, 73467, 81920, 0, 93.80, 32
nid008225,2026/05/04 00:24:34.428, 3, GPU-428acb6b-9398-1f29-218d-e81317ef4d30, NVIDIA A100-SXM4-80GB, 73015, 81920, 0, 98.39, 31
nid008569,2026/05/04 00:24:35.391, 0, GPU-7b8dcc3e-7a6b-ed06-f92f-1b75b7f66c4d, NVIDIA A100-SXM4-80GB, 72771, 81920, 0, 181.30, 33
nid008569,2026/05/04 00:24:35.394, 1, GPU-a38d0ad5-b689-3842-8693-74ca661db097, NVIDIA A100-SXM4-80GB, 72771, 81920, 0, 92.82, 31
nid008569,2026/05/04 00:24:35.396, 2, GPU-0eeb185a-5ff9-a064-b944-df364d9f0525, NVIDIA A100-SXM4-80GB, 73391, 81920, 0, 160.05, 33
nid008569,2026/05/04 00:24:35.398, 3, GPU-b85332e0-5267-87ff-d66c-3ea990a45a88, NVIDIA A100-SXM4-80GB, 73391, 81920, 0, 160.76, 31
nid008225,2026/05/04 00:24:38.451, 0, GPU-baade223-6883-6299-1b87-c48c53d32c2d, NVIDIA A100-SXM4-80GB, 35351, 81920, 0, 95.78, 32
nid008225,2026/05/04 00:24:38.455, 1, GPU-08cd89d1-fe1c-96bf-9720-f8b4d92156ab, NVIDIA A100-SXM4-80GB, 35351, 81920, 0, 97.06, 30
nid008225,2026/05/04 00:24:38.456, 2, GPU-035e63ff-8624-b2e0-9447-5140761bc5cf, NVIDIA A100-SXM4-80GB, 73467, 81920, 0, 93.80, 32
nid008225,2026/05/04 00:24:38.458, 3, GPU-428acb6b-9398-1f29-218d-e81317ef4d30, NVIDIA A100-SXM4-80GB, 73015, 81920, 0, 98.28, 31
nid008569,2026/05/04 00:24:39.415, 0, GPU-7b8dcc3e-7a6b-ed06-f92f-1b75b7f66c4d, NVIDIA A100-SXM4-80GB, 72771, 81920, 0, 111.69, 36
nid008569,2026/05/04 00:24:39.418, 1, GPU-a38d0ad5-b689-3842-8693-74ca661db097, NVIDIA A100-SXM4-80GB, 72771, 81920, 0, 113.26, 33
nid008569,2026/05/04 00:24:39.419, 2, GPU-0eeb185a-5ff9-a064-b944-df364d9f0525, NVIDIA A100-SXM4-80GB, 73391, 81920, 1, 115.54, 36
nid008569,2026/05/04 00:24:39.421, 3, GPU-b85332e0-5267-87ff-d66c-3ea990a45a88, NVIDIA A100-SXM4-80GB, 73391, 81920, 0, 113.29, 33
nid008225,2026/05/04 00:24:42.540, 0, GPU-baade223-6883-6299-1b87-c48c53d32c2d, NVIDIA A100-SXM4-80GB, 35351, 81920, 0, 95.96, 32
nid008225,2026/05/04 00:24:42.543, 1, GPU-08cd89d1-fe1c-96bf-9720-f8b4d92156ab, NVIDIA A100-SXM4-80GB, 35351, 81920, 0, 96.83, 30
nid008225,2026/05/04 00:24:42.544, 2, GPU-035e63ff-8624-b2e0-9447-5140761bc5cf, NVIDIA A100-SXM4-80GB, 73467, 81920, 100, 497.31, 52
nid008225,2026/05/04 00:24:42.546, 3, GPU-428acb6b-9398-1f29-218d-e81317ef4d30, NVIDIA A100-SXM4-80GB, 73015, 81920, 100, 118.69, 37
nid008569,2026/05/04 00:24:43.470, 0, GPU-7b8dcc3e-7a6b-ed06-f92f-1b75b7f66c4d, NVIDIA A100-SXM4-80GB, 72771, 81920, 0, 92.58, 33
nid008569,2026/05/04 00:24:43.472, 1, GPU-a38d0ad5-b689-3842-8693-74ca661db097, NVIDIA A100-SXM4-80GB, 72771, 81920, 0, 92.82, 31
nid008569,2026/05/04 00:24:43.474, 2, GPU-0eeb185a-5ff9-a064-b944-df364d9f0525, NVIDIA A100-SXM4-80GB, 73391, 81920, 0, 97.18, 33
nid008569,2026/05/04 00:24:43.476, 3, GPU-b85332e0-5267-87ff-d66c-3ea990a45a88, NVIDIA A100-SXM4-80GB, 73391, 81920, 0, 95.42, 30
nid008225,2026/05/04 00:24:46.566, 0, GPU-baade223-6883-6299-1b87-c48c53d32c2d, NVIDIA A100-SXM4-80GB, 35351, 81920, 0, 95.78, 32
nid008225,2026/05/04 00:24:46.568, 1, GPU-08cd89d1-fe1c-96bf-9720-f8b4d92156ab, NVIDIA A100-SXM4-80GB, 35351, 81920, 0, 97.06, 30
nid008225,2026/05/04 00:24:46.570, 2, GPU-035e63ff-8624-b2e0-9447-5140761bc5cf, NVIDIA A100-SXM4-80GB, 73467, 81920, 0, 111.79, 38
nid008225,2026/05/04 00:24:46.571, 3, GPU-428acb6b-9398-1f29-218d-e81317ef4d30, NVIDIA A100-SXM4-80GB, 73015, 81920, 0, 118.02, 36
nid008569,2026/05/04 00:24:47.558, 0, GPU-7b8dcc3e-7a6b-ed06-f92f-1b75b7f66c4d, NVIDIA A100-SXM4-80GB, 72771, 81920, 0, 92.29, 33
nid008569,2026/05/04 00:24:47.560, 1, GPU-a38d0ad5-b689-3842-8693-74ca661db097, NVIDIA A100-SXM4-80GB, 72771, 81920, 0, 92.82, 30
nid008569,2026/05/04 00:24:47.562, 2, GPU-0eeb185a-5ff9-a064-b944-df364d9f0525, NVIDIA A100-SXM4-80GB, 73391, 81920, 0, 97.18, 32
nid008569,2026/05/04 00:24:47.564, 3, GPU-b85332e0-5267-87ff-d66c-3ea990a45a88, NVIDIA A100-SXM4-80GB, 73391, 81920, 0, 95.31, 30
nid008225,2026/05/04 00:24:50.654, 0, GPU-baade223-6883-6299-1b87-c48c53d32c2d, NVIDIA A100-SXM4-80GB, 35351, 81920, 0, 95.78, 32
nid008225,2026/05/04 00:24:50.660, 1, GPU-08cd89d1-fe1c-96bf-9720-f8b4d92156ab, NVIDIA A100-SXM4-80GB, 35351, 81920, 0, 97.06, 30
nid008225,2026/05/04 00:24:50.662, 2, GPU-035e63ff-8624-b2e0-9447-5140761bc5cf, NVIDIA A100-SXM4-80GB, 73467, 81920, 0, 92.47, 33
nid008225,2026/05/04 00:24:50.663, 3, GPU-428acb6b-9398-1f29-218d-e81317ef4d30, NVIDIA A100-SXM4-80GB, 73015, 81920, 0, 96.94, 32
nid008569,2026/05/04 00:24:51.637, 0, GPU-7b8dcc3e-7a6b-ed06-f92f-1b75b7f66c4d, NVIDIA A100-SXM4-80GB, 72771, 81920, 0, 92.19, 33
nid008569,2026/05/04 00:24:51.639, 1, GPU-a38d0ad5-b689-3842-8693-74ca661db097, NVIDIA A100-SXM4-80GB, 72771, 81920, 0, 92.71, 30
nid008569,2026/05/04 00:24:51.641, 2, GPU-0eeb185a-5ff9-a064-b944-df364d9f0525, NVIDIA A100-SXM4-80GB, 73391, 81920, 0, 96.82, 32
nid008569,2026/05/04 00:24:51.642, 3, GPU-b85332e0-5267-87ff-d66c-3ea990a45a88, NVIDIA A100-SXM4-80GB, 73391, 81920, 0, 95.07, 30
nid008225,2026/05/04 00:24:54.690, 0, GPU-baade223-6883-6299-1b87-c48c53d32c2d, NVIDIA A100-SXM4-80GB, 35351, 81920, 0, 95.67, 32
nid008225,2026/05/04 00:24:54.692, 1, GPU-08cd89d1-fe1c-96bf-9720-f8b4d92156ab, NVIDIA A100-SXM4-80GB, 35351, 81920, 0, 96.82, 30
nid008225,2026/05/04 00:24:54.694, 2, GPU-035e63ff-8624-b2e0-9447-5140761bc5cf, NVIDIA A100-SXM4-80GB, 73467, 81920, 0, 92.19, 33
nid008225,2026/05/04 00:24:54.695, 3, GPU-428acb6b-9398-1f29-218d-e81317ef4d30, NVIDIA A100-SXM4-80GB, 73015, 81920, 0, 98.56, 31
nid008569,2026/05/04 00:24:55.626, 0, GPU-7b8dcc3e-7a6b-ed06-f92f-1b75b7f66c4d, NVIDIA A100-SXM4-80GB, 72771, 81920, 0, 92.29, 32
nid008569,2026/05/04 00:24:55.628, 1, GPU-a38d0ad5-b689-3842-8693-74ca661db097, NVIDIA A100-SXM4-80GB, 72771, 81920, 0, 92.71, 30
nid008569,2026/05/04 00:24:55.630, 2, GPU-0eeb185a-5ff9-a064-b944-df364d9f0525, NVIDIA A100-SXM4-80GB, 73391, 81920, 0, 97.06, 32
nid008569,2026/05/04 00:24:55.632, 3, GPU-b85332e0-5267-87ff-d66c-3ea990a45a88, NVIDIA A100-SXM4-80GB, 73391, 81920, 0, 95.31, 30
nid008225,2026/05/04 00:24:58.649, 0, GPU-baade223-6883-6299-1b87-c48c53d32c2d, NVIDIA A100-SXM4-80GB, 35351, 81920, 0, 95.78, 32
nid008225,2026/05/04 00:24:58.651, 1, GPU-08cd89d1-fe1c-96bf-9720-f8b4d92156ab, NVIDIA A100-SXM4-80GB, 35351, 81920, 0, 97.06, 30
nid008225,2026/05/04 00:24:58.653, 2, GPU-035e63ff-8624-b2e0-9447-5140761bc5cf, NVIDIA A100-SXM4-80GB, 73467, 81920, 0, 92.19, 32
nid008225,2026/05/04 00:24:58.654, 3, GPU-428acb6b-9398-1f29-218d-e81317ef4d30, NVIDIA A100-SXM4-80GB, 73015, 81920, 0, 98.28, 31
nid008569,2026/05/04 00:24:59.588, 0, GPU-7b8dcc3e-7a6b-ed06-f92f-1b75b7f66c4d, NVIDIA A100-SXM4-80GB, 72771, 81920, 0, 92.19, 32
nid008569,2026/05/04 00:24:59.591, 1, GPU-a38d0ad5-b689-3842-8693-74ca661db097, NVIDIA A100-SXM4-80GB, 72771, 81920, 0, 92.60, 30
nid008569,2026/05/04 00:24:59.592, 2, GPU-0eeb185a-5ff9-a064-b944-df364d9f0525, NVIDIA A100-SXM4-80GB, 73391, 81920, 0, 97.06, 32
nid008569,2026/05/04 00:24:59.594, 3, GPU-b85332e0-5267-87ff-d66c-3ea990a45a88, NVIDIA A100-SXM4-80GB, 73391, 81920, 0, 95.31, 30
nid008225,2026/05/04 00:25:02.704, 0, GPU-baade223-6883-6299-1b87-c48c53d32c2d, NVIDIA A100-SXM4-80GB, 35351, 81920, 0, 95.78, 32
nid008225,2026/05/04 00:25:02.711, 1, GPU-08cd89d1-fe1c-96bf-9720-f8b4d92156ab, NVIDIA A100-SXM4-80GB, 35351, 81920, 0, 97.06, 30
nid008225,2026/05/04 00:25:02.718, 2, GPU-035e63ff-8624-b2e0-9447-5140761bc5cf, NVIDIA A100-SXM4-80GB, 73467, 81920, 0, 92.19, 32
nid008225,2026/05/04 00:25:02.724, 3, GPU-428acb6b-9398-1f29-218d-e81317ef4d30, NVIDIA A100-SXM4-80GB, 73015, 81920, 0, 98.39, 31
nid008569,2026/05/04 00:25:03.690, 0, GPU-7b8dcc3e-7a6b-ed06-f92f-1b75b7f66c4d, NVIDIA A100-SXM4-80GB, 72771, 81920, 100, 176.13, 38
nid008569,2026/05/04 00:25:03.693, 1, GPU-a38d0ad5-b689-3842-8693-74ca661db097, NVIDIA A100-SXM4-80GB, 72771, 81920, 100, 230.25, 35
nid008569,2026/05/04 00:25:03.694, 2, GPU-0eeb185a-5ff9-a064-b944-df364d9f0525, NVIDIA A100-SXM4-80GB, 73391, 81920, 100, 184.50, 37
nid008569,2026/05/04 00:25:03.697, 3, GPU-b85332e0-5267-87ff-d66c-3ea990a45a88, NVIDIA A100-SXM4-80GB, 73391, 81920, 100, 179.76, 35
nid008225,2026/05/04 00:25:06.722, 0, GPU-baade223-6883-6299-1b87-c48c53d32c2d, NVIDIA A100-SXM4-80GB, 35351, 81920, 0, 95.84, 32
nid008225,2026/05/04 00:25:06.724, 1, GPU-08cd89d1-fe1c-96bf-9720-f8b4d92156ab, NVIDIA A100-SXM4-80GB, 35351, 81920, 0, 96.83, 30
nid008225,2026/05/04 00:25:06.726, 2, GPU-035e63ff-8624-b2e0-9447-5140761bc5cf, NVIDIA A100-SXM4-80GB, 73467, 81920, 29, 390.80, 43
nid008225,2026/05/04 00:25:06.728, 3, GPU-428acb6b-9398-1f29-218d-e81317ef4d30, NVIDIA A100-SXM4-80GB, 73015, 81920, 13, 98.44, 31
nid008569,2026/05/04 00:25:07.667, 0, GPU-7b8dcc3e-7a6b-ed06-f92f-1b75b7f66c4d, NVIDIA A100-SXM4-80GB, 72771, 81920, 0, 111.27, 35
nid008569,2026/05/04 00:25:07.669, 1, GPU-a38d0ad5-b689-3842-8693-74ca661db097, NVIDIA A100-SXM4-80GB, 72771, 81920, 0, 112.47, 32
nid008569,2026/05/04 00:25:07.670, 2, GPU-0eeb185a-5ff9-a064-b944-df364d9f0525, NVIDIA A100-SXM4-80GB, 73391, 81920, 0, 114.98, 35
nid008569,2026/05/04 00:25:07.672, 3, GPU-b85332e0-5267-87ff-d66c-3ea990a45a88, NVIDIA A100-SXM4-80GB, 73391, 81920, 0, 112.44, 32
nid008225,2026/05/04 00:25:10.878, 0, GPU-baade223-6883-6299-1b87-c48c53d32c2d, NVIDIA A100-SXM4-80GB, 35351, 81920, 0, 95.84, 32
nid008225,2026/05/04 00:25:10.880, 1, GPU-08cd89d1-fe1c-96bf-9720-f8b4d92156ab, NVIDIA A100-SXM4-80GB, 35351, 81920, 0, 96.83, 30
nid008225,2026/05/04 00:25:10.882, 2, GPU-035e63ff-8624-b2e0-9447-5140761bc5cf, NVIDIA A100-SXM4-80GB, 73467, 81920, 100, 114.86, 41
nid008225,2026/05/04 00:25:10.884, 3, GPU-428acb6b-9398-1f29-218d-e81317ef4d30, NVIDIA A100-SXM4-80GB, 73015, 81920, 100, 479.48, 48
nid008569,2026/05/04 00:25:11.892, 0, GPU-7b8dcc3e-7a6b-ed06-f92f-1b75b7f66c4d, NVIDIA A100-SXM4-80GB, 72771, 81920, 0, 92.47, 33
nid008569,2026/05/04 00:25:11.894, 1, GPU-a38d0ad5-b689-3842-8693-74ca661db097, NVIDIA A100-SXM4-80GB, 72771, 81920, 0, 92.71, 31
nid008569,2026/05/04 00:25:11.895, 2, GPU-0eeb185a-5ff9-a064-b944-df364d9f0525, NVIDIA A100-SXM4-80GB, 73391, 81920, 0, 97.06, 33
nid008569,2026/05/04 00:25:11.897, 3, GPU-b85332e0-5267-87ff-d66c-3ea990a45a88, NVIDIA A100-SXM4-80GB, 73391, 81920, 0, 95.31, 30
nid008225,2026/05/04 00:25:14.943, 0, GPU-baade223-6883-6299-1b87-c48c53d32c2d, NVIDIA A100-SXM4-80GB, 35351, 81920, 0, 95.78, 32
nid008225,2026/05/04 00:25:14.945, 1, GPU-08cd89d1-fe1c-96bf-9720-f8b4d92156ab, NVIDIA A100-SXM4-80GB, 35351, 81920, 0, 96.82, 30
nid008225,2026/05/04 00:25:14.947, 2, GPU-035e63ff-8624-b2e0-9447-5140761bc5cf, NVIDIA A100-SXM4-80GB, 73467, 81920, 0, 92.99, 35
nid008225,2026/05/04 00:25:14.948, 3, GPU-428acb6b-9398-1f29-218d-e81317ef4d30, NVIDIA A100-SXM4-80GB, 73015, 81920, 0, 99.73, 33
nid008569,2026/05/04 00:25:15.868, 0, GPU-7b8dcc3e-7a6b-ed06-f92f-1b75b7f66c4d, NVIDIA A100-SXM4-80GB, 72771, 81920, 0, 92.47, 33
nid008569,2026/05/04 00:25:15.871, 1, GPU-a38d0ad5-b689-3842-8693-74ca661db097, NVIDIA A100-SXM4-80GB, 72771, 81920, 0, 92.71, 30
nid008569,2026/05/04 00:25:15.872, 2, GPU-0eeb185a-5ff9-a064-b944-df364d9f0525, NVIDIA A100-SXM4-80GB, 73391, 81920, 0, 97.06, 32
nid008569,2026/05/04 00:25:15.874, 3, GPU-b85332e0-5267-87ff-d66c-3ea990a45a88, NVIDIA A100-SXM4-80GB, 73391, 81920, 0, 95.20, 30
nid008225,2026/05/04 00:25:18.912, 0, GPU-baade223-6883-6299-1b87-c48c53d32c2d, NVIDIA A100-SXM4-80GB, 35351, 81920, 0, 95.78, 32
nid008225,2026/05/04 00:25:18.914, 1, GPU-08cd89d1-fe1c-96bf-9720-f8b4d92156ab, NVIDIA A100-SXM4-80GB, 35351, 81920, 0, 97.06, 30
nid008225,2026/05/04 00:25:18.919, 2, GPU-035e63ff-8624-b2e0-9447-5140761bc5cf, NVIDIA A100-SXM4-80GB, 73467, 81920, 0, 92.47, 33
nid008225,2026/05/04 00:25:18.920, 3, GPU-428acb6b-9398-1f29-218d-e81317ef4d30, NVIDIA A100-SXM4-80GB, 73015, 81920, 0, 98.68, 31
nid008569,2026/05/04 00:25:19.877, 0, GPU-7b8dcc3e-7a6b-ed06-f92f-1b75b7f66c4d, NVIDIA A100-SXM4-80GB, 72771, 81920, 0, 92.47, 32
nid008569,2026/05/04 00:25:19.885, 1, GPU-a38d0ad5-b689-3842-8693-74ca661db097, NVIDIA A100-SXM4-80GB, 72771, 81920, 0, 92.60, 30
nid008569,2026/05/04 00:25:19.891, 2, GPU-0eeb185a-5ff9-a064-b944-df364d9f0525, NVIDIA A100-SXM4-80GB, 73391, 81920, 0, 97.06, 32
nid008569,2026/05/04 00:25:19.893, 3, GPU-b85332e0-5267-87ff-d66c-3ea990a45a88, NVIDIA A100-SXM4-80GB, 73391, 81920, 0, 95.20, 30
nid008225,2026/05/04 00:25:22.901, 0, GPU-baade223-6883-6299-1b87-c48c53d32c2d, NVIDIA A100-SXM4-80GB, 35351, 81920, 0, 95.78, 32
nid008225,2026/05/04 00:25:22.903, 1, GPU-08cd89d1-fe1c-96bf-9720-f8b4d92156ab, NVIDIA A100-SXM4-80GB, 35351, 81920, 0, 96.82, 30
nid008225,2026/05/04 00:25:22.905, 2, GPU-035e63ff-8624-b2e0-9447-5140761bc5cf, NVIDIA A100-SXM4-80GB, 73467, 81920, 0, 92.19, 32
nid008225,2026/05/04 00:25:22.906, 3, GPU-428acb6b-9398-1f29-218d-e81317ef4d30, NVIDIA A100-SXM4-80GB, 73015, 81920, 0, 98.39, 31
nid008569,2026/05/04 00:25:23.876, 0, GPU-7b8dcc3e-7a6b-ed06-f92f-1b75b7f66c4d, NVIDIA A100-SXM4-80GB, 72771, 81920, 0, 92.19, 32
nid008569,2026/05/04 00:25:23.879, 1, GPU-a38d0ad5-b689-3842-8693-74ca661db097, NVIDIA A100-SXM4-80GB, 72771, 81920, 0, 92.71, 30
nid008569,2026/05/04 00:25:23.880, 2, GPU-0eeb185a-5ff9-a064-b944-df364d9f0525, NVIDIA A100-SXM4-80GB, 73391, 81920, 0, 96.82, 32
nid008569,2026/05/04 00:25:23.882, 3, GPU-b85332e0-5267-87ff-d66c-3ea990a45a88, NVIDIA A100-SXM4-80GB, 73391, 81920, 0, 95.07, 30
nid008225,2026/05/04 00:25:26.958, 0, GPU-baade223-6883-6299-1b87-c48c53d32c2d, NVIDIA A100-SXM4-80GB, 35351, 81920, 0, 95.78, 32
nid008225,2026/05/04 00:25:26.960, 1, GPU-08cd89d1-fe1c-96bf-9720-f8b4d92156ab, NVIDIA A100-SXM4-80GB, 35351, 81920, 0, 96.82, 30
nid008225,2026/05/04 00:25:26.962, 2, GPU-035e63ff-8624-b2e0-9447-5140761bc5cf, NVIDIA A100-SXM4-80GB, 73467, 81920, 0, 92.19, 32
nid008225,2026/05/04 00:25:26.963, 3, GPU-428acb6b-9398-1f29-218d-e81317ef4d30, NVIDIA A100-SXM4-80GB, 73015, 81920, 0, 98.39, 31
nid008569,2026/05/04 00:25:27.902, 0, GPU-7b8dcc3e-7a6b-ed06-f92f-1b75b7f66c4d, NVIDIA A100-SXM4-80GB, 72771, 81920, 0, 92.19, 32
nid008569,2026/05/04 00:25:27.904, 1, GPU-a38d0ad5-b689-3842-8693-74ca661db097, NVIDIA A100-SXM4-80GB, 72771, 81920, 0, 92.60, 30
nid008569,2026/05/04 00:25:27.906, 2, GPU-0eeb185a-5ff9-a064-b944-df364d9f0525, NVIDIA A100-SXM4-80GB, 73391, 81920, 0, 96.94, 32
nid008569,2026/05/04 00:25:27.908, 3, GPU-b85332e0-5267-87ff-d66c-3ea990a45a88, NVIDIA A100-SXM4-80GB, 73391, 81920, 0, 94.96, 30
nid008225,2026/05/04 00:25:30.970, 0, GPU-baade223-6883-6299-1b87-c48c53d32c2d, NVIDIA A100-SXM4-80GB, 35351, 81920, 0, 95.78, 32
nid008225,2026/05/04 00:25:30.979, 1, GPU-08cd89d1-fe1c-96bf-9720-f8b4d92156ab, NVIDIA A100-SXM4-80GB, 35351, 81920, 0, 96.82, 30
nid008225,2026/05/04 00:25:30.985, 2, GPU-035e63ff-8624-b2e0-9447-5140761bc5cf, NVIDIA A100-SXM4-80GB, 73467, 81920, 0, 91.94, 32
nid008225,2026/05/04 00:25:30.991, 3, GPU-428acb6b-9398-1f29-218d-e81317ef4d30, NVIDIA A100-SXM4-80GB, 73015, 81920, 0, 98.15, 31
nid008569,2026/05/04 00:25:31.980, 0, GPU-7b8dcc3e-7a6b-ed06-f92f-1b75b7f66c4d, NVIDIA A100-SXM4-80GB, 72771, 81920, 100, 221.24, 38
nid008569,2026/05/04 00:25:31.986, 1, GPU-a38d0ad5-b689-3842-8693-74ca661db097, NVIDIA A100-SXM4-80GB, 72771, 81920, 100, 241.56, 36
nid008569,2026/05/04 00:25:31.988, 2, GPU-0eeb185a-5ff9-a064-b944-df364d9f0525, NVIDIA A100-SXM4-80GB, 73391, 81920, 100, 239.71, 37
nid008569,2026/05/04 00:25:31.989, 3, GPU-b85332e0-5267-87ff-d66c-3ea990a45a88, NVIDIA A100-SXM4-80GB, 73391, 81920, 100, 241.57, 36
nid008225,2026/05/04 00:25:35.095, 0, GPU-baade223-6883-6299-1b87-c48c53d32c2d, NVIDIA A100-SXM4-80GB, 35351, 81920, 0, 95.84, 32
nid008225,2026/05/04 00:25:35.097, 1, GPU-08cd89d1-fe1c-96bf-9720-f8b4d92156ab, NVIDIA A100-SXM4-80GB, 35351, 81920, 0, 96.83, 30
nid008225,2026/05/04 00:25:35.099, 2, GPU-035e63ff-8624-b2e0-9447-5140761bc5cf, NVIDIA A100-SXM4-80GB, 73467, 81920, 100, 460.20, 44
nid008225,2026/05/04 00:25:35.101, 3, GPU-428acb6b-9398-1f29-218d-e81317ef4d30, NVIDIA A100-SXM4-80GB, 73015, 81920, 100, 480.00, 43
nid008569,2026/05/04 00:25:36.012, 0, GPU-7b8dcc3e-7a6b-ed06-f92f-1b75b7f66c4d, NVIDIA A100-SXM4-80GB, 72771, 81920, 0, 92.71, 34
nid008569,2026/05/04 00:25:36.015, 1, GPU-a38d0ad5-b689-3842-8693-74ca661db097, NVIDIA A100-SXM4-80GB, 72771, 81920, 0, 92.99, 31
nid008569,2026/05/04 00:25:36.016, 2, GPU-0eeb185a-5ff9-a064-b944-df364d9f0525, NVIDIA A100-SXM4-80GB, 73391, 81920, 0, 97.23, 33
nid008569,2026/05/04 00:25:36.018, 3, GPU-b85332e0-5267-87ff-d66c-3ea990a45a88, NVIDIA A100-SXM4-80GB, 73391, 81920, 0, 95.60, 31
nid008225,2026/05/04 00:25:39.031, 0, GPU-baade223-6883-6299-1b87-c48c53d32c2d, NVIDIA A100-SXM4-80GB, 35351, 81920, 0, 95.84, 32
nid008225,2026/05/04 00:25:39.038, 1, GPU-08cd89d1-fe1c-96bf-9720-f8b4d92156ab, NVIDIA A100-SXM4-80GB, 35351, 81920, 0, 96.83, 30
nid008225,2026/05/04 00:25:39.044, 2, GPU-035e63ff-8624-b2e0-9447-5140761bc5cf, NVIDIA A100-SXM4-80GB, 73467, 81920, 100, 490.73, 53
nid008225,2026/05/04 00:25:39.049, 3, GPU-428acb6b-9398-1f29-218d-e81317ef4d30, NVIDIA A100-SXM4-80GB, 73015, 81920, 100, 123.97, 39
nid008569,2026/05/04 00:25:40.050, 0, GPU-7b8dcc3e-7a6b-ed06-f92f-1b75b7f66c4d, NVIDIA A100-SXM4-80GB, 72771, 81920, 0, 92.47, 33
nid008569,2026/05/04 00:25:40.053, 1, GPU-a38d0ad5-b689-3842-8693-74ca661db097, NVIDIA A100-SXM4-80GB, 72771, 81920, 0, 92.71, 30
nid008569,2026/05/04 00:25:40.054, 2, GPU-0eeb185a-5ff9-a064-b944-df364d9f0525, NVIDIA A100-SXM4-80GB, 73391, 81920, 0, 96.94, 32
nid008569,2026/05/04 00:25:40.056, 3, GPU-b85332e0-5267-87ff-d66c-3ea990a45a88, NVIDIA A100-SXM4-80GB, 73391, 81920, 0, 95.20, 30
nid008225,2026/05/04 00:25:43.086, 0, GPU-baade223-6883-6299-1b87-c48c53d32c2d, NVIDIA A100-SXM4-80GB, 35351, 81920, 0, 95.78, 32
nid008225,2026/05/04 00:25:43.088, 1, GPU-08cd89d1-fe1c-96bf-9720-f8b4d92156ab, NVIDIA A100-SXM4-80GB, 35351, 81920, 0, 96.82, 30
nid008225,2026/05/04 00:25:43.090, 2, GPU-035e63ff-8624-b2e0-9447-5140761bc5cf, NVIDIA A100-SXM4-80GB, 73467, 81920, 0, 92.71, 34
nid008225,2026/05/04 00:25:43.091, 3, GPU-428acb6b-9398-1f29-218d-e81317ef4d30, NVIDIA A100-SXM4-80GB, 73015, 81920, 0, 97.34, 32
nid008569,2026/05/04 00:25:44.004, 0, GPU-7b8dcc3e-7a6b-ed06-f92f-1b75b7f66c4d, NVIDIA A100-SXM4-80GB, 72771, 81920, 0, 92.19, 32
nid008569,2026/05/04 00:25:44.007, 1, GPU-a38d0ad5-b689-3842-8693-74ca661db097, NVIDIA A100-SXM4-80GB, 72771, 81920, 0, 92.60, 30
nid008569,2026/05/04 00:25:44.008, 2, GPU-0eeb185a-5ff9-a064-b944-df364d9f0525, NVIDIA A100-SXM4-80GB, 73391, 81920, 0, 96.94, 32
nid008569,2026/05/04 00:25:44.010, 3, GPU-b85332e0-5267-87ff-d66c-3ea990a45a88, NVIDIA A100-SXM4-80GB, 73391, 81920, 0, 95.31, 30
nid008225,2026/05/04 00:25:47.108, 0, GPU-baade223-6883-6299-1b87-c48c53d32c2d, NVIDIA A100-SXM4-80GB, 35351, 81920, 0, 95.78, 32
nid008225,2026/05/04 00:25:47.111, 1, GPU-08cd89d1-fe1c-96bf-9720-f8b4d92156ab, NVIDIA A100-SXM4-80GB, 35351, 81920, 0, 97.06, 30
nid008225,2026/05/04 00:25:47.112, 2, GPU-035e63ff-8624-b2e0-9447-5140761bc5cf, NVIDIA A100-SXM4-80GB, 73467, 81920, 0, 92.47, 33
nid008225,2026/05/04 00:25:47.114, 3, GPU-428acb6b-9398-1f29-218d-e81317ef4d30, NVIDIA A100-SXM4-80GB, 73015, 81920, 0, 96.82, 31
nid008569,2026/05/04 00:25:48.049, 0, GPU-7b8dcc3e-7a6b-ed06-f92f-1b75b7f66c4d, NVIDIA A100-SXM4-80GB, 72771, 81920, 0, 92.19, 32
nid008569,2026/05/04 00:25:48.052, 1, GPU-a38d0ad5-b689-3842-8693-74ca661db097, NVIDIA A100-SXM4-80GB, 72771, 81920, 0, 92.60, 30
nid008569,2026/05/04 00:25:48.053, 2, GPU-0eeb185a-5ff9-a064-b944-df364d9f0525, NVIDIA A100-SXM4-80GB, 73391, 81920, 0, 96.82, 32
nid008569,2026/05/04 00:25:48.055, 3, GPU-b85332e0-5267-87ff-d66c-3ea990a45a88, NVIDIA A100-SXM4-80GB, 73391, 81920, 0, 95.31, 30
nid008225,2026/05/04 00:25:51.100, 0, GPU-baade223-6883-6299-1b87-c48c53d32c2d, NVIDIA A100-SXM4-80GB, 35351, 81920, 0, 95.90, 32
nid008225,2026/05/04 00:25:51.103, 1, GPU-08cd89d1-fe1c-96bf-9720-f8b4d92156ab, NVIDIA A100-SXM4-80GB, 35351, 81920, 0, 96.93, 30
nid008225,2026/05/04 00:25:51.104, 2, GPU-035e63ff-8624-b2e0-9447-5140761bc5cf, NVIDIA A100-SXM4-80GB, 73467, 81920, 0, 92.29, 32
nid008225,2026/05/04 00:25:51.106, 3, GPU-428acb6b-9398-1f29-218d-e81317ef4d30, NVIDIA A100-SXM4-80GB, 73015, 81920, 0, 96.53, 31
nid008569,2026/05/04 00:25:52.118, 0, GPU-7b8dcc3e-7a6b-ed06-f92f-1b75b7f66c4d, NVIDIA A100-SXM4-80GB, 72771, 81920, 0, 92.19, 32
nid008569,2026/05/04 00:25:52.121, 1, GPU-a38d0ad5-b689-3842-8693-74ca661db097, NVIDIA A100-SXM4-80GB, 72771, 81920, 0, 92.71, 30
nid008569,2026/05/04 00:25:52.123, 2, GPU-0eeb185a-5ff9-a064-b944-df364d9f0525, NVIDIA A100-SXM4-80GB, 73391, 81920, 0, 97.06, 32
nid008569,2026/05/04 00:25:52.124, 3, GPU-b85332e0-5267-87ff-d66c-3ea990a45a88, NVIDIA A100-SXM4-80GB, 73391, 81920, 0, 95.07, 30
nid008225,2026/05/04 00:25:55.139, 0, GPU-baade223-6883-6299-1b87-c48c53d32c2d, NVIDIA A100-SXM4-80GB, 35351, 81920, 0, 95.78, 32
nid008225,2026/05/04 00:25:55.141, 1, GPU-08cd89d1-fe1c-96bf-9720-f8b4d92156ab, NVIDIA A100-SXM4-80GB, 35351, 81920, 0, 96.82, 30
nid008225,2026/05/04 00:25:55.143, 2, GPU-035e63ff-8624-b2e0-9447-5140761bc5cf, NVIDIA A100-SXM4-80GB, 73467, 81920, 0, 92.19, 32
nid008225,2026/05/04 00:25:55.144, 3, GPU-428acb6b-9398-1f29-218d-e81317ef4d30, NVIDIA A100-SXM4-80GB, 73015, 81920, 0, 96.53, 31
nid008569,2026/05/04 00:25:56.073, 0, GPU-7b8dcc3e-7a6b-ed06-f92f-1b75b7f66c4d, NVIDIA A100-SXM4-80GB, 72771, 81920, 0, 92.29, 32
nid008569,2026/05/04 00:25:56.075, 1, GPU-a38d0ad5-b689-3842-8693-74ca661db097, NVIDIA A100-SXM4-80GB, 72771, 81920, 0, 92.71, 30
nid008569,2026/05/04 00:25:56.077, 2, GPU-0eeb185a-5ff9-a064-b944-df364d9f0525, NVIDIA A100-SXM4-80GB, 73391, 81920, 0, 96.82, 32
nid008569,2026/05/04 00:25:56.078, 3, GPU-b85332e0-5267-87ff-d66c-3ea990a45a88, NVIDIA A100-SXM4-80GB, 73391, 81920, 0, 95.07, 30
nid008225,2026/05/04 00:25:59.120, 0, GPU-baade223-6883-6299-1b87-c48c53d32c2d, NVIDIA A100-SXM4-80GB, 35351, 81920, 0, 95.78, 32
nid008225,2026/05/04 00:25:59.123, 1, GPU-08cd89d1-fe1c-96bf-9720-f8b4d92156ab, NVIDIA A100-SXM4-80GB, 35351, 81920, 0, 96.82, 30
nid008225,2026/05/04 00:25:59.124, 2, GPU-035e63ff-8624-b2e0-9447-5140761bc5cf, NVIDIA A100-SXM4-80GB, 73467, 81920, 0, 92.19, 32
nid008225,2026/05/04 00:25:59.126, 3, GPU-428acb6b-9398-1f29-218d-e81317ef4d30, NVIDIA A100-SXM4-80GB, 73015, 81920, 0, 96.53, 31
nid008569,2026/05/04 00:26:00.089, 0, GPU-7b8dcc3e-7a6b-ed06-f92f-1b75b7f66c4d, NVIDIA A100-SXM4-80GB, 72771, 81920, 100, 250.52, 39
nid008569,2026/05/04 00:26:00.092, 1, GPU-a38d0ad5-b689-3842-8693-74ca661db097, NVIDIA A100-SXM4-80GB, 72771, 81920, 100, 221.26, 36
nid008569,2026/05/04 00:26:00.094, 2, GPU-0eeb185a-5ff9-a064-b944-df364d9f0525, NVIDIA A100-SXM4-80GB, 73391, 81920, 100, 215.20, 38
nid008569,2026/05/04 00:26:00.096, 3, GPU-b85332e0-5267-87ff-d66c-3ea990a45a88, NVIDIA A100-SXM4-80GB, 73391, 81920, 100, 183.17, 35
nid008225,2026/05/04 00:26:03.114, 0, GPU-baade223-6883-6299-1b87-c48c53d32c2d, NVIDIA A100-SXM4-80GB, 35351, 81920, 0, 95.73, 32
nid008225,2026/05/04 00:26:03.120, 1, GPU-08cd89d1-fe1c-96bf-9720-f8b4d92156ab, NVIDIA A100-SXM4-80GB, 35351, 81920, 0, 96.83, 30
nid008225,2026/05/04 00:26:03.126, 2, GPU-035e63ff-8624-b2e0-9447-5140761bc5cf, NVIDIA A100-SXM4-80GB, 73467, 81920, 100, 319.62, 43
nid008225,2026/05/04 00:26:03.131, 3, GPU-428acb6b-9398-1f29-218d-e81317ef4d30, NVIDIA A100-SXM4-80GB, 73015, 81920, 100, 464.94, 46
nid008569,2026/05/04 00:26:04.120, 0, GPU-7b8dcc3e-7a6b-ed06-f92f-1b75b7f66c4d, NVIDIA A100-SXM4-80GB, 72771, 81920, 0, 92.71, 33
nid008569,2026/05/04 00:26:04.123, 1, GPU-a38d0ad5-b689-3842-8693-74ca661db097, NVIDIA A100-SXM4-80GB, 72771, 81920, 0, 92.71, 31
nid008569,2026/05/04 00:26:04.125, 2, GPU-0eeb185a-5ff9-a064-b944-df364d9f0525, NVIDIA A100-SXM4-80GB, 73391, 81920, 0, 97.34, 33
nid008569,2026/05/04 00:26:04.126, 3, GPU-b85332e0-5267-87ff-d66c-3ea990a45a88, NVIDIA A100-SXM4-80GB, 73391, 81920, 0, 95.48, 30
nid008225,2026/05/04 00:26:07.255, 0, GPU-baade223-6883-6299-1b87-c48c53d32c2d, NVIDIA A100-SXM4-80GB, 35351, 81920, 0, 95.73, 32
nid008225,2026/05/04 00:26:07.258, 1, GPU-08cd89d1-fe1c-96bf-9720-f8b4d92156ab, NVIDIA A100-SXM4-80GB, 35351, 81920, 0, 96.72, 30
nid008225,2026/05/04 00:26:07.259, 2, GPU-035e63ff-8624-b2e0-9447-5140761bc5cf, NVIDIA A100-SXM4-80GB, 73467, 81920, 100, 493.39, 51
nid008225,2026/05/04 00:26:07.261, 3, GPU-428acb6b-9398-1f29-218d-e81317ef4d30, NVIDIA A100-SXM4-80GB, 73015, 81920, 100, 363.96, 41
nid008569,2026/05/04 00:26:08.255, 0, GPU-7b8dcc3e-7a6b-ed06-f92f-1b75b7f66c4d, NVIDIA A100-SXM4-80GB, 72771, 81920, 0, 92.47, 33
nid008569,2026/05/04 00:26:08.257, 1, GPU-a38d0ad5-b689-3842-8693-74ca661db097, NVIDIA A100-SXM4-80GB, 72771, 81920, 0, 92.88, 30
nid008569,2026/05/04 00:26:08.259, 2, GPU-0eeb185a-5ff9-a064-b944-df364d9f0525, NVIDIA A100-SXM4-80GB, 73391, 81920, 0, 96.94, 32
nid008569,2026/05/04 00:26:08.260, 3, GPU-b85332e0-5267-87ff-d66c-3ea990a45a88, NVIDIA A100-SXM4-80GB, 73391, 81920, 0, 95.20, 30
nid008225,2026/05/04 00:26:11.293, 0, GPU-baade223-6883-6299-1b87-c48c53d32c2d, NVIDIA A100-SXM4-80GB, 35351, 81920, 0, 95.78, 32
nid008225,2026/05/04 00:26:11.296, 1, GPU-08cd89d1-fe1c-96bf-9720-f8b4d92156ab, NVIDIA A100-SXM4-80GB, 35351, 81920, 0, 96.82, 30
nid008225,2026/05/04 00:26:11.297, 2, GPU-035e63ff-8624-b2e0-9447-5140761bc5cf, NVIDIA A100-SXM4-80GB, 73467, 81920, 0, 94.32, 34
nid008225,2026/05/04 00:26:11.299, 3, GPU-428acb6b-9398-1f29-218d-e81317ef4d30, NVIDIA A100-SXM4-80GB, 73015, 81920, 0, 98.91, 32
nid008569,2026/05/04 00:26:12.244, 0, GPU-7b8dcc3e-7a6b-ed06-f92f-1b75b7f66c4d, NVIDIA A100-SXM4-80GB, 72771, 81920, 0, 92.47, 32
nid008569,2026/05/04 00:26:12.247, 1, GPU-a38d0ad5-b689-3842-8693-74ca661db097, NVIDIA A100-SXM4-80GB, 72771, 81920, 0, 92.71, 30
nid008569,2026/05/04 00:26:12.248, 2, GPU-0eeb185a-5ff9-a064-b944-df364d9f0525, NVIDIA A100-SXM4-80GB, 73391, 81920, 0, 97.06, 32
nid008569,2026/05/04 00:26:12.250, 3, GPU-b85332e0-5267-87ff-d66c-3ea990a45a88, NVIDIA A100-SXM4-80GB, 73391, 81920, 0, 95.07, 30
nid008225,2026/05/04 00:26:15.254, 0, GPU-baade223-6883-6299-1b87-c48c53d32c2d, NVIDIA A100-SXM4-80GB, 35351, 81920, 0, 96.07, 32
nid008225,2026/05/04 00:26:15.256, 1, GPU-08cd89d1-fe1c-96bf-9720-f8b4d92156ab, NVIDIA A100-SXM4-80GB, 35351, 81920, 0, 96.82, 30
nid008225,2026/05/04 00:26:15.258, 2, GPU-035e63ff-8624-b2e0-9447-5140761bc5cf, NVIDIA A100-SXM4-80GB, 73467, 81920, 0, 94.04, 33
nid008225,2026/05/04 00:26:15.264, 3, GPU-428acb6b-9398-1f29-218d-e81317ef4d30, NVIDIA A100-SXM4-80GB, 73015, 81920, 0, 98.28, 31
nid008569,2026/05/04 00:26:16.182, 0, GPU-7b8dcc3e-7a6b-ed06-f92f-1b75b7f66c4d, NVIDIA A100-SXM4-80GB, 72771, 81920, 0, 92.47, 32
nid008569,2026/05/04 00:26:16.185, 1, GPU-a38d0ad5-b689-3842-8693-74ca661db097, NVIDIA A100-SXM4-80GB, 72771, 81920, 0, 92.71, 30
nid008569,2026/05/04 00:26:16.186, 2, GPU-0eeb185a-5ff9-a064-b944-df364d9f0525, NVIDIA A100-SXM4-80GB, 73391, 81920, 0, 96.82, 32
nid008569,2026/05/04 00:26:16.188, 3, GPU-b85332e0-5267-87ff-d66c-3ea990a45a88, NVIDIA A100-SXM4-80GB, 73391, 81920, 0, 95.07, 30
nid008225,2026/05/04 00:26:19.253, 0, GPU-baade223-6883-6299-1b87-c48c53d32c2d, NVIDIA A100-SXM4-80GB, 35351, 81920, 0, 95.78, 32
nid008225,2026/05/04 00:26:19.255, 1, GPU-08cd89d1-fe1c-96bf-9720-f8b4d92156ab, NVIDIA A100-SXM4-80GB, 35351, 81920, 0, 96.82, 30
nid008225,2026/05/04 00:26:19.257, 2, GPU-035e63ff-8624-b2e0-9447-5140761bc5cf, NVIDIA A100-SXM4-80GB, 73467, 81920, 0, 93.80, 32
nid008225,2026/05/04 00:26:19.259, 3, GPU-428acb6b-9398-1f29-218d-e81317ef4d30, NVIDIA A100-SXM4-80GB, 73015, 81920, 0, 98.28, 31
nid008569,2026/05/04 00:26:20.222, 0, GPU-7b8dcc3e-7a6b-ed06-f92f-1b75b7f66c4d, NVIDIA A100-SXM4-80GB, 72771, 81920, 0, 92.19, 32
nid008569,2026/05/04 00:26:20.224, 1, GPU-a38d0ad5-b689-3842-8693-74ca661db097, NVIDIA A100-SXM4-80GB, 72771, 81920, 0, 92.71, 30
nid008569,2026/05/04 00:26:20.226, 2, GPU-0eeb185a-5ff9-a064-b944-df364d9f0525, NVIDIA A100-SXM4-80GB, 73391, 81920, 0, 96.82, 32
nid008569,2026/05/04 00:26:20.227, 3, GPU-b85332e0-5267-87ff-d66c-3ea990a45a88, NVIDIA A100-SXM4-80GB, 73391, 81920, 0, 95.20, 30
nid008225,2026/05/04 00:26:23.236, 0, GPU-baade223-6883-6299-1b87-c48c53d32c2d, NVIDIA A100-SXM4-80GB, 35351, 81920, 0, 95.78, 32
nid008225,2026/05/04 00:26:23.238, 1, GPU-08cd89d1-fe1c-96bf-9720-f8b4d92156ab, NVIDIA A100-SXM4-80GB, 35351, 81920, 0, 96.82, 30
nid008225,2026/05/04 00:26:23.240, 2, GPU-035e63ff-8624-b2e0-9447-5140761bc5cf, NVIDIA A100-SXM4-80GB, 73467, 81920, 0, 93.80, 32
nid008225,2026/05/04 00:26:23.241, 3, GPU-428acb6b-9398-1f29-218d-e81317ef4d30, NVIDIA A100-SXM4-80GB, 73015, 81920, 0, 98.28, 31
nid008569,2026/05/04 00:26:24.184, 0, GPU-7b8dcc3e-7a6b-ed06-f92f-1b75b7f66c4d, NVIDIA A100-SXM4-80GB, 72771, 81920, 83, 208.56, 35
nid008569,2026/05/04 00:26:24.187, 1, GPU-a38d0ad5-b689-3842-8693-74ca661db097, NVIDIA A100-SXM4-80GB, 72771, 81920, 6, 196.19, 33
nid008569,2026/05/04 00:26:24.189, 2, GPU-0eeb185a-5ff9-a064-b944-df364d9f0525, NVIDIA A100-SXM4-80GB, 73391, 81920, 78, 219.94, 35
nid008569,2026/05/04 00:26:24.191, 3, GPU-b85332e0-5267-87ff-d66c-3ea990a45a88, NVIDIA A100-SXM4-80GB, 73391, 81920, 54, 243.18, 33
nid008225,2026/05/04 00:26:27.234, 0, GPU-baade223-6883-6299-1b87-c48c53d32c2d, NVIDIA A100-SXM4-80GB, 35351, 81920, 0, 95.78, 32
nid008225,2026/05/04 00:26:27.241, 1, GPU-08cd89d1-fe1c-96bf-9720-f8b4d92156ab, NVIDIA A100-SXM4-80GB, 35351, 81920, 0, 96.82, 30
nid008225,2026/05/04 00:26:27.246, 2, GPU-035e63ff-8624-b2e0-9447-5140761bc5cf, NVIDIA A100-SXM4-80GB, 73467, 81920, 0, 93.80, 32
nid008225,2026/05/04 00:26:27.247, 3, GPU-428acb6b-9398-1f29-218d-e81317ef4d30, NVIDIA A100-SXM4-80GB, 73015, 81920, 0, 98.28, 31
nid008569,2026/05/04 00:26:28.165, 0, GPU-7b8dcc3e-7a6b-ed06-f92f-1b75b7f66c4d, NVIDIA A100-SXM4-80GB, 72771, 81920, 0, 111.42, 36
nid008569,2026/05/04 00:26:28.171, 1, GPU-a38d0ad5-b689-3842-8693-74ca661db097, NVIDIA A100-SXM4-80GB, 72771, 81920, 0, 112.47, 33
nid008569,2026/05/04 00:26:28.176, 2, GPU-0eeb185a-5ff9-a064-b944-df364d9f0525, NVIDIA A100-SXM4-80GB, 73391, 81920, 0, 115.26, 35
nid008569,2026/05/04 00:26:28.181, 3, GPU-b85332e0-5267-87ff-d66c-3ea990a45a88, NVIDIA A100-SXM4-80GB, 73391, 81920, 0, 112.74, 33
nid008225,2026/05/04 00:26:31.345, 0, GPU-baade223-6883-6299-1b87-c48c53d32c2d, NVIDIA A100-SXM4-80GB, 35351, 81920, 0, 95.73, 32
nid008225,2026/05/04 00:26:31.347, 1, GPU-08cd89d1-fe1c-96bf-9720-f8b4d92156ab, NVIDIA A100-SXM4-80GB, 35351, 81920, 0, 96.72, 30
nid008225,2026/05/04 00:26:31.349, 2, GPU-035e63ff-8624-b2e0-9447-5140761bc5cf, NVIDIA A100-SXM4-80GB, 73467, 81920, 100, 493.10, 46
nid008225,2026/05/04 00:26:31.350, 3, GPU-428acb6b-9398-1f29-218d-e81317ef4d30, NVIDIA A100-SXM4-80GB, 73015, 81920, 100, 118.04, 39
nid008569,2026/05/04 00:26:32.319, 0, GPU-7b8dcc3e-7a6b-ed06-f92f-1b75b7f66c4d, NVIDIA A100-SXM4-80GB, 72771, 81920, 0, 92.47, 33
nid008569,2026/05/04 00:26:32.325, 1, GPU-a38d0ad5-b689-3842-8693-74ca661db097, NVIDIA A100-SXM4-80GB, 72771, 81920, 0, 92.99, 31
nid008569,2026/05/04 00:26:32.327, 2, GPU-0eeb185a-5ff9-a064-b944-df364d9f0525, NVIDIA A100-SXM4-80GB, 73391, 81920, 0, 97.34, 33
nid008569,2026/05/04 00:26:32.328, 3, GPU-b85332e0-5267-87ff-d66c-3ea990a45a88, NVIDIA A100-SXM4-80GB, 73391, 81920, 0, 95.31, 30
nid008225,2026/05/04 00:26:35.331, 0, GPU-baade223-6883-6299-1b87-c48c53d32c2d, NVIDIA A100-SXM4-80GB, 35351, 81920, 0, 95.95, 32
nid008225,2026/05/04 00:26:35.334, 1, GPU-08cd89d1-fe1c-96bf-9720-f8b4d92156ab, NVIDIA A100-SXM4-80GB, 35351, 81920, 0, 96.82, 30
nid008225,2026/05/04 00:26:35.335, 2, GPU-035e63ff-8624-b2e0-9447-5140761bc5cf, NVIDIA A100-SXM4-80GB, 73467, 81920, 0, 111.66, 38
nid008225,2026/05/04 00:26:35.337, 3, GPU-428acb6b-9398-1f29-218d-e81317ef4d30, NVIDIA A100-SXM4-80GB, 73015, 81920, 0, 116.60, 36
nid008569,2026/05/04 00:26:36.288, 0, GPU-7b8dcc3e-7a6b-ed06-f92f-1b75b7f66c4d, NVIDIA A100-SXM4-80GB, 72771, 81920, 0, 92.47, 33
nid008569,2026/05/04 00:26:36.290, 1, GPU-a38d0ad5-b689-3842-8693-74ca661db097, NVIDIA A100-SXM4-80GB, 72771, 81920, 0, 92.71, 30
nid008569,2026/05/04 00:26:36.292, 2, GPU-0eeb185a-5ff9-a064-b944-df364d9f0525, NVIDIA A100-SXM4-80GB, 73391, 81920, 0, 97.06, 32
nid008569,2026/05/04 00:26:36.294, 3, GPU-b85332e0-5267-87ff-d66c-3ea990a45a88, NVIDIA A100-SXM4-80GB, 73391, 81920, 0, 95.20, 30
nid008225,2026/05/04 00:26:39.330, 0, GPU-baade223-6883-6299-1b87-c48c53d32c2d, NVIDIA A100-SXM4-80GB, 35351, 81920, 0, 95.67, 32
nid008225,2026/05/04 00:26:39.333, 1, GPU-08cd89d1-fe1c-96bf-9720-f8b4d92156ab, NVIDIA A100-SXM4-80GB, 35351, 81920, 0, 96.82, 30
nid008225,2026/05/04 00:26:39.334, 2, GPU-035e63ff-8624-b2e0-9447-5140761bc5cf, NVIDIA A100-SXM4-80GB, 73467, 81920, 0, 94.04, 33
nid008225,2026/05/04 00:26:39.336, 3, GPU-428acb6b-9398-1f29-218d-e81317ef4d30, NVIDIA A100-SXM4-80GB, 73015, 81920, 0, 98.56, 32
nid008569,2026/05/04 00:26:40.319, 0, GPU-7b8dcc3e-7a6b-ed06-f92f-1b75b7f66c4d, NVIDIA A100-SXM4-80GB, 72771, 81920, 0, 92.19, 32
nid008569,2026/05/04 00:26:40.321, 1, GPU-a38d0ad5-b689-3842-8693-74ca661db097, NVIDIA A100-SXM4-80GB, 72771, 81920, 0, 92.60, 30
nid008569,2026/05/04 00:26:40.323, 2, GPU-0eeb185a-5ff9-a064-b944-df364d9f0525, NVIDIA A100-SXM4-80GB, 73391, 81920, 0, 96.94, 32
nid008569,2026/05/04 00:26:40.325, 3, GPU-b85332e0-5267-87ff-d66c-3ea990a45a88, NVIDIA A100-SXM4-80GB, 73391, 81920, 0, 95.31, 30
nid008225,2026/05/04 00:26:43.380, 0, GPU-baade223-6883-6299-1b87-c48c53d32c2d, NVIDIA A100-SXM4-80GB, 35351, 81920, 0, 95.78, 32
nid008225,2026/05/04 00:26:43.382, 1, GPU-08cd89d1-fe1c-96bf-9720-f8b4d92156ab, NVIDIA A100-SXM4-80GB, 35351, 81920, 0, 96.70, 30
nid008225,2026/05/04 00:26:43.384, 2, GPU-035e63ff-8624-b2e0-9447-5140761bc5cf, NVIDIA A100-SXM4-80GB, 73467, 81920, 0, 93.93, 33
nid008225,2026/05/04 00:26:43.385, 3, GPU-428acb6b-9398-1f29-218d-e81317ef4d30, NVIDIA A100-SXM4-80GB, 73015, 81920, 0, 98.56, 31
nid008569,2026/05/04 00:26:44.359, 0, GPU-7b8dcc3e-7a6b-ed06-f92f-1b75b7f66c4d, NVIDIA A100-SXM4-80GB, 72771, 81920, 0, 92.47, 32
nid008569,2026/05/04 00:26:44.366, 1, GPU-a38d0ad5-b689-3842-8693-74ca661db097, NVIDIA A100-SXM4-80GB, 72771, 81920, 0, 92.47, 30
nid008569,2026/05/04 00:26:44.371, 2, GPU-0eeb185a-5ff9-a064-b944-df364d9f0525, NVIDIA A100-SXM4-80GB, 73391, 81920, 0, 96.94, 32
nid008569,2026/05/04 00:26:44.377, 3, GPU-b85332e0-5267-87ff-d66c-3ea990a45a88, NVIDIA A100-SXM4-80GB, 73391, 81920, 0, 95.20, 30
nid008225,2026/05/04 00:26:47.489, 0, GPU-baade223-6883-6299-1b87-c48c53d32c2d, NVIDIA A100-SXM4-80GB, 35351, 81920, 0, 95.78, 32
nid008225,2026/05/04 00:26:47.492, 1, GPU-08cd89d1-fe1c-96bf-9720-f8b4d92156ab, NVIDIA A100-SXM4-80GB, 35351, 81920, 0, 97.06, 30
nid008225,2026/05/04 00:26:47.494, 2, GPU-035e63ff-8624-b2e0-9447-5140761bc5cf, NVIDIA A100-SXM4-80GB, 73467, 81920, 0, 93.80, 32
nid008225,2026/05/04 00:26:47.495, 3, GPU-428acb6b-9398-1f29-218d-e81317ef4d30, NVIDIA A100-SXM4-80GB, 73015, 81920, 0, 98.28, 31
nid008569,2026/05/04 00:26:48.490, 0, GPU-7b8dcc3e-7a6b-ed06-f92f-1b75b7f66c4d, NVIDIA A100-SXM4-80GB, 72771, 81920, 0, 92.19, 32
nid008569,2026/05/04 00:26:48.496, 1, GPU-a38d0ad5-b689-3842-8693-74ca661db097, NVIDIA A100-SXM4-80GB, 72771, 81920, 0, 92.60, 30
nid008569,2026/05/04 00:26:48.502, 2, GPU-0eeb185a-5ff9-a064-b944-df364d9f0525, NVIDIA A100-SXM4-80GB, 73391, 81920, 0, 97.06, 32
nid008569,2026/05/04 00:26:48.509, 3, GPU-b85332e0-5267-87ff-d66c-3ea990a45a88, NVIDIA A100-SXM4-80GB, 73391, 81920, 0, 95.31, 30
nid008225,2026/05/04 00:26:51.556, 0, GPU-baade223-6883-6299-1b87-c48c53d32c2d, NVIDIA A100-SXM4-80GB, 35351, 81920, 0, 95.95, 32
nid008225,2026/05/04 00:26:51.559, 1, GPU-08cd89d1-fe1c-96bf-9720-f8b4d92156ab, NVIDIA A100-SXM4-80GB, 35351, 81920, 0, 96.82, 30
nid008225,2026/05/04 00:26:51.560, 2, GPU-035e63ff-8624-b2e0-9447-5140761bc5cf, NVIDIA A100-SXM4-80GB, 73467, 81920, 0, 93.80, 32
nid008225,2026/05/04 00:26:51.562, 3, GPU-428acb6b-9398-1f29-218d-e81317ef4d30, NVIDIA A100-SXM4-80GB, 73015, 81920, 0, 98.28, 31
nid008569,2026/05/04 00:26:52.475, 0, GPU-7b8dcc3e-7a6b-ed06-f92f-1b75b7f66c4d, NVIDIA A100-SXM4-80GB, 72771, 81920, 100, 249.76, 38
nid008569,2026/05/04 00:26:52.478, 1, GPU-a38d0ad5-b689-3842-8693-74ca661db097, NVIDIA A100-SXM4-80GB, 72771, 81920, 100, 200.40, 35
nid008569,2026/05/04 00:26:52.481, 2, GPU-0eeb185a-5ff9-a064-b944-df364d9f0525, NVIDIA A100-SXM4-80GB, 73391, 81920, 100, 237.87, 37
nid008569,2026/05/04 00:26:52.482, 3, GPU-b85332e0-5267-87ff-d66c-3ea990a45a88, NVIDIA A100-SXM4-80GB, 73391, 81920, 100, 223.12, 35
nid008225,2026/05/04 00:26:55.535, 0, GPU-baade223-6883-6299-1b87-c48c53d32c2d, NVIDIA A100-SXM4-80GB, 35351, 81920, 0, 95.73, 32
nid008225,2026/05/04 00:26:55.537, 1, GPU-08cd89d1-fe1c-96bf-9720-f8b4d92156ab, NVIDIA A100-SXM4-80GB, 35351, 81920, 0, 96.83, 30
nid008225,2026/05/04 00:26:55.539, 2, GPU-035e63ff-8624-b2e0-9447-5140761bc5cf, NVIDIA A100-SXM4-80GB, 73467, 81920, 94, 117.23, 38
nid008225,2026/05/04 00:26:55.540, 3, GPU-428acb6b-9398-1f29-218d-e81317ef4d30, NVIDIA A100-SXM4-80GB, 73015, 81920, 77, 117.60, 38
nid008569,2026/05/04 00:26:56.467, 0, GPU-7b8dcc3e-7a6b-ed06-f92f-1b75b7f66c4d, NVIDIA A100-SXM4-80GB, 72771, 81920, 0, 109.17, 35
nid008569,2026/05/04 00:26:56.470, 1, GPU-a38d0ad5-b689-3842-8693-74ca661db097, NVIDIA A100-SXM4-80GB, 72771, 81920, 0, 112.31, 32
nid008569,2026/05/04 00:26:56.472, 2, GPU-0eeb185a-5ff9-a064-b944-df364d9f0525, NVIDIA A100-SXM4-80GB, 73391, 81920, 0, 114.31, 34
nid008569,2026/05/04 00:26:56.473, 3, GPU-b85332e0-5267-87ff-d66c-3ea990a45a88, NVIDIA A100-SXM4-80GB, 73391, 81920, 0, 94.55, 31
nid008225,2026/05/04 00:26:59.693, 0, GPU-baade223-6883-6299-1b87-c48c53d32c2d, NVIDIA A100-SXM4-80GB, 35351, 81920, 0, 95.73, 32
nid008225,2026/05/04 00:26:59.701, 1, GPU-08cd89d1-fe1c-96bf-9720-f8b4d92156ab, NVIDIA A100-SXM4-80GB, 35351, 81920, 0, 97.00, 30
nid008225,2026/05/04 00:26:59.711, 2, GPU-035e63ff-8624-b2e0-9447-5140761bc5cf, NVIDIA A100-SXM4-80GB, 73467, 81920, 100, 499.15, 54
nid008225,2026/05/04 00:26:59.713, 3, GPU-428acb6b-9398-1f29-218d-e81317ef4d30, NVIDIA A100-SXM4-80GB, 73015, 81920, 100, 119.60, 38
nid008569,2026/05/04 00:27:00.683, 0, GPU-7b8dcc3e-7a6b-ed06-f92f-1b75b7f66c4d, NVIDIA A100-SXM4-80GB, 72771, 81920, 0, 92.58, 33
nid008569,2026/05/04 00:27:00.686, 1, GPU-a38d0ad5-b689-3842-8693-74ca661db097, NVIDIA A100-SXM4-80GB, 72771, 81920, 0, 92.99, 31
nid008569,2026/05/04 00:27:00.687, 2, GPU-0eeb185a-5ff9-a064-b944-df364d9f0525, NVIDIA A100-SXM4-80GB, 73391, 81920, 0, 97.18, 32
nid008569,2026/05/04 00:27:00.689, 3, GPU-b85332e0-5267-87ff-d66c-3ea990a45a88, NVIDIA A100-SXM4-80GB, 73391, 81920, 0, 95.31, 30
nid008225,2026/05/04 00:27:03.746, 0, GPU-baade223-6883-6299-1b87-c48c53d32c2d, NVIDIA A100-SXM4-80GB, 35351, 81920, 0, 95.67, 32
nid008225,2026/05/04 00:27:03.748, 1, GPU-08cd89d1-fe1c-96bf-9720-f8b4d92156ab, NVIDIA A100-SXM4-80GB, 35351, 81920, 0, 96.82, 30
nid008225,2026/05/04 00:27:03.750, 2, GPU-035e63ff-8624-b2e0-9447-5140761bc5cf, NVIDIA A100-SXM4-80GB, 73467, 81920, 0, 92.99, 35
nid008225,2026/05/04 00:27:03.752, 3, GPU-428acb6b-9398-1f29-218d-e81317ef4d30, NVIDIA A100-SXM4-80GB, 73015, 81920, 0, 99.08, 33
nid008569,2026/05/04 00:27:04.692, 0, GPU-7b8dcc3e-7a6b-ed06-f92f-1b75b7f66c4d, NVIDIA A100-SXM4-80GB, 72771, 81920, 0, 92.47, 33
nid008569,2026/05/04 00:27:04.698, 1, GPU-a38d0ad5-b689-3842-8693-74ca661db097, NVIDIA A100-SXM4-80GB, 72771, 81920, 0, 92.71, 30
nid008569,2026/05/04 00:27:04.704, 2, GPU-0eeb185a-5ff9-a064-b944-df364d9f0525, NVIDIA A100-SXM4-80GB, 73391, 81920, 0, 97.06, 32
nid008569,2026/05/04 00:27:04.709, 3, GPU-b85332e0-5267-87ff-d66c-3ea990a45a88, NVIDIA A100-SXM4-80GB, 73391, 81920, 0, 95.20, 30
nid008225,2026/05/04 00:27:07.727, 0, GPU-baade223-6883-6299-1b87-c48c53d32c2d, NVIDIA A100-SXM4-80GB, 35351, 81920, 0, 95.78, 32
nid008225,2026/05/04 00:27:07.729, 1, GPU-08cd89d1-fe1c-96bf-9720-f8b4d92156ab, NVIDIA A100-SXM4-80GB, 35351, 81920, 0, 96.70, 30
nid008225,2026/05/04 00:27:07.731, 2, GPU-035e63ff-8624-b2e0-9447-5140761bc5cf, NVIDIA A100-SXM4-80GB, 73467, 81920, 0, 92.47, 33
nid008225,2026/05/04 00:27:07.738, 3, GPU-428acb6b-9398-1f29-218d-e81317ef4d30, NVIDIA A100-SXM4-80GB, 73015, 81920, 0, 98.56, 31
nid008569,2026/05/04 00:27:08.738, 0, GPU-7b8dcc3e-7a6b-ed06-f92f-1b75b7f66c4d, NVIDIA A100-SXM4-80GB, 72771, 81920, 0, 92.19, 32
nid008569,2026/05/04 00:27:08.740, 1, GPU-a38d0ad5-b689-3842-8693-74ca661db097, NVIDIA A100-SXM4-80GB, 72771, 81920, 0, 92.60, 30
nid008569,2026/05/04 00:27:08.742, 2, GPU-0eeb185a-5ff9-a064-b944-df364d9f0525, NVIDIA A100-SXM4-80GB, 73391, 81920, 0, 96.82, 32
nid008569,2026/05/04 00:27:08.744, 3, GPU-b85332e0-5267-87ff-d66c-3ea990a45a88, NVIDIA A100-SXM4-80GB, 73391, 81920, 0, 95.20, 30
nid008225,2026/05/04 00:27:11.737, 0, GPU-baade223-6883-6299-1b87-c48c53d32c2d, NVIDIA A100-SXM4-80GB, 35351, 81920, 0, 95.78, 32
nid008225,2026/05/04 00:27:11.739, 1, GPU-08cd89d1-fe1c-96bf-9720-f8b4d92156ab, NVIDIA A100-SXM4-80GB, 35351, 81920, 0, 96.82, 30
nid008225,2026/05/04 00:27:11.741, 2, GPU-035e63ff-8624-b2e0-9447-5140761bc5cf, NVIDIA A100-SXM4-80GB, 73467, 81920, 0, 92.19, 32
nid008225,2026/05/04 00:27:11.742, 3, GPU-428acb6b-9398-1f29-218d-e81317ef4d30, NVIDIA A100-SXM4-80GB, 73015, 81920, 0, 98.39, 31
nid008569,2026/05/04 00:27:12.717, 0, GPU-7b8dcc3e-7a6b-ed06-f92f-1b75b7f66c4d, NVIDIA A100-SXM4-80GB, 72771, 81920, 0, 92.47, 32
nid008569,2026/05/04 00:27:12.719, 1, GPU-a38d0ad5-b689-3842-8693-74ca661db097, NVIDIA A100-SXM4-80GB, 72771, 81920, 0, 92.71, 30
nid008569,2026/05/04 00:27:12.721, 2, GPU-0eeb185a-5ff9-a064-b944-df364d9f0525, NVIDIA A100-SXM4-80GB, 73391, 81920, 0, 97.06, 32
nid008569,2026/05/04 00:27:12.723, 3, GPU-b85332e0-5267-87ff-d66c-3ea990a45a88, NVIDIA A100-SXM4-80GB, 73391, 81920, 0, 95.07, 30
nid008225,2026/05/04 00:27:15.790, 0, GPU-baade223-6883-6299-1b87-c48c53d32c2d, NVIDIA A100-SXM4-80GB, 35351, 81920, 0, 96.07, 32
nid008225,2026/05/04 00:27:15.793, 1, GPU-08cd89d1-fe1c-96bf-9720-f8b4d92156ab, NVIDIA A100-SXM4-80GB, 35351, 81920, 0, 96.82, 30
nid008225,2026/05/04 00:27:15.794, 2, GPU-035e63ff-8624-b2e0-9447-5140761bc5cf, NVIDIA A100-SXM4-80GB, 73467, 81920, 0, 92.19, 32
nid008225,2026/05/04 00:27:15.796, 3, GPU-428acb6b-9398-1f29-218d-e81317ef4d30, NVIDIA A100-SXM4-80GB, 73015, 81920, 0, 98.28, 31
nid008569,2026/05/04 00:27:16.738, 0, GPU-7b8dcc3e-7a6b-ed06-f92f-1b75b7f66c4d, NVIDIA A100-SXM4-80GB, 72771, 81920, 0, 92.19, 32
nid008569,2026/05/04 00:27:16.744, 1, GPU-a38d0ad5-b689-3842-8693-74ca661db097, NVIDIA A100-SXM4-80GB, 72771, 81920, 0, 92.71, 30
nid008569,2026/05/04 00:27:16.749, 2, GPU-0eeb185a-5ff9-a064-b944-df364d9f0525, NVIDIA A100-SXM4-80GB, 73391, 81920, 0, 96.82, 32
nid008569,2026/05/04 00:27:16.755, 3, GPU-b85332e0-5267-87ff-d66c-3ea990a45a88, NVIDIA A100-SXM4-80GB, 73391, 81920, 0, 95.31, 30
nid008225,2026/05/04 00:27:19.761, 0, GPU-baade223-6883-6299-1b87-c48c53d32c2d, NVIDIA A100-SXM4-80GB, 35351, 81920, 0, 95.78, 32
nid008225,2026/05/04 00:27:19.763, 1, GPU-08cd89d1-fe1c-96bf-9720-f8b4d92156ab, NVIDIA A100-SXM4-80GB, 35351, 81920, 0, 96.82, 30
nid008225,2026/05/04 00:27:19.765, 2, GPU-035e63ff-8624-b2e0-9447-5140761bc5cf, NVIDIA A100-SXM4-80GB, 73467, 81920, 0, 92.19, 32
nid008225,2026/05/04 00:27:19.767, 3, GPU-428acb6b-9398-1f29-218d-e81317ef4d30, NVIDIA A100-SXM4-80GB, 73015, 81920, 0, 98.28, 31
nid008569,2026/05/04 00:27:20.691, 0, GPU-7b8dcc3e-7a6b-ed06-f92f-1b75b7f66c4d, NVIDIA A100-SXM4-80GB, 72771, 81920, 100, 245.78, 39
nid008569,2026/05/04 00:27:20.693, 1, GPU-a38d0ad5-b689-3842-8693-74ca661db097, NVIDIA A100-SXM4-80GB, 72771, 81920, 100, 258.11, 36
nid008569,2026/05/04 00:27:20.695, 2, GPU-0eeb185a-5ff9-a064-b944-df364d9f0525, NVIDIA A100-SXM4-80GB, 73391, 81920, 100, 193.24, 37
nid008569,2026/05/04 00:27:20.697, 3, GPU-b85332e0-5267-87ff-d66c-3ea990a45a88, NVIDIA A100-SXM4-80GB, 73391, 81920, 100, 224.16, 35
nid008225,2026/05/04 00:27:23.884, 0, GPU-baade223-6883-6299-1b87-c48c53d32c2d, NVIDIA A100-SXM4-80GB, 35351, 81920, 0, 95.73, 32
nid008225,2026/05/04 00:27:23.890, 1, GPU-08cd89d1-fe1c-96bf-9720-f8b4d92156ab, NVIDIA A100-SXM4-80GB, 35351, 81920, 0, 97.00, 30
nid008225,2026/05/04 00:27:23.892, 2, GPU-035e63ff-8624-b2e0-9447-5140761bc5cf, NVIDIA A100-SXM4-80GB, 73467, 81920, 100, 488.09, 50
nid008225,2026/05/04 00:27:23.894, 3, GPU-428acb6b-9398-1f29-218d-e81317ef4d30, NVIDIA A100-SXM4-80GB, 73015, 81920, 100, 123.30, 38
nid008569,2026/05/04 00:27:24.844, 0, GPU-7b8dcc3e-7a6b-ed06-f92f-1b75b7f66c4d, NVIDIA A100-SXM4-80GB, 72771, 81920, 0, 92.71, 34
nid008569,2026/05/04 00:27:24.847, 1, GPU-a38d0ad5-b689-3842-8693-74ca661db097, NVIDIA A100-SXM4-80GB, 72771, 81920, 0, 92.99, 31
nid008569,2026/05/04 00:27:24.848, 2, GPU-0eeb185a-5ff9-a064-b944-df364d9f0525, NVIDIA A100-SXM4-80GB, 73391, 81920, 0, 97.63, 33
nid008569,2026/05/04 00:27:24.850, 3, GPU-b85332e0-5267-87ff-d66c-3ea990a45a88, NVIDIA A100-SXM4-80GB, 73391, 81920, 0, 95.48, 31
nid008225,2026/05/04 00:27:27.964, 0, GPU-baade223-6883-6299-1b87-c48c53d32c2d, NVIDIA A100-SXM4-80GB, 35351, 81920, 0, 95.73, 32
nid008225,2026/05/04 00:27:27.966, 1, GPU-08cd89d1-fe1c-96bf-9720-f8b4d92156ab, NVIDIA A100-SXM4-80GB, 35351, 81920, 0, 96.72, 30
nid008225,2026/05/04 00:27:27.968, 2, GPU-035e63ff-8624-b2e0-9447-5140761bc5cf, NVIDIA A100-SXM4-80GB, 73467, 81920, 100, 115.09, 41
nid008225,2026/05/04 00:27:27.970, 3, GPU-428acb6b-9398-1f29-218d-e81317ef4d30, NVIDIA A100-SXM4-80GB, 73015, 81920, 100, 482.09, 46
nid008569,2026/05/04 00:27:28.932, 0, GPU-7b8dcc3e-7a6b-ed06-f92f-1b75b7f66c4d, NVIDIA A100-SXM4-80GB, 72771, 81920, 0, 92.47, 33
nid008569,2026/05/04 00:27:28.935, 1, GPU-a38d0ad5-b689-3842-8693-74ca661db097, NVIDIA A100-SXM4-80GB, 72771, 81920, 0, 92.71, 30
nid008569,2026/05/04 00:27:28.937, 2, GPU-0eeb185a-5ff9-a064-b944-df364d9f0525, NVIDIA A100-SXM4-80GB, 73391, 81920, 0, 97.06, 32
nid008569,2026/05/04 00:27:28.939, 3, GPU-b85332e0-5267-87ff-d66c-3ea990a45a88, NVIDIA A100-SXM4-80GB, 73391, 81920, 0, 95.20, 30
nid008225,2026/05/04 00:27:31.939, 0, GPU-baade223-6883-6299-1b87-c48c53d32c2d, NVIDIA A100-SXM4-80GB, 35351, 81920, 0, 95.73, 32
nid008225,2026/05/04 00:27:31.941, 1, GPU-08cd89d1-fe1c-96bf-9720-f8b4d92156ab, NVIDIA A100-SXM4-80GB, 35351, 81920, 0, 96.72, 30
nid008225,2026/05/04 00:27:31.943, 2, GPU-035e63ff-8624-b2e0-9447-5140761bc5cf, NVIDIA A100-SXM4-80GB, 73467, 81920, 99, 493.39, 55
nid008225,2026/05/04 00:27:31.947, 3, GPU-428acb6b-9398-1f29-218d-e81317ef4d30, NVIDIA A100-SXM4-80GB, 73015, 81920, 90, 120.26, 47
nid008569,2026/05/04 00:27:32.877, 0, GPU-7b8dcc3e-7a6b-ed06-f92f-1b75b7f66c4d, NVIDIA A100-SXM4-80GB, 72771, 81920, 0, 92.19, 33
nid008569,2026/05/04 00:27:32.884, 1, GPU-a38d0ad5-b689-3842-8693-74ca661db097, NVIDIA A100-SXM4-80GB, 72771, 81920, 0, 92.60, 30
nid008569,2026/05/04 00:27:32.888, 2, GPU-0eeb185a-5ff9-a064-b944-df364d9f0525, NVIDIA A100-SXM4-80GB, 73391, 81920, 0, 97.06, 32
nid008569,2026/05/04 00:27:32.893, 3, GPU-b85332e0-5267-87ff-d66c-3ea990a45a88, NVIDIA A100-SXM4-80GB, 73391, 81920, 0, 95.31, 30
nid008225,2026/05/04 00:27:35.927, 0, GPU-baade223-6883-6299-1b87-c48c53d32c2d, NVIDIA A100-SXM4-80GB, 35351, 81920, 0, 95.96, 32
nid008225,2026/05/04 00:27:35.929, 1, GPU-08cd89d1-fe1c-96bf-9720-f8b4d92156ab, NVIDIA A100-SXM4-80GB, 35351, 81920, 0, 96.72, 30
nid008225,2026/05/04 00:27:35.931, 2, GPU-035e63ff-8624-b2e0-9447-5140761bc5cf, NVIDIA A100-SXM4-80GB, 73467, 81920, 100, 115.62, 48
nid008225,2026/05/04 00:27:35.933, 3, GPU-428acb6b-9398-1f29-218d-e81317ef4d30, NVIDIA A100-SXM4-80GB, 73015, 81920, 100, 426.95, 46
nid008569,2026/05/04 00:27:36.907, 0, GPU-7b8dcc3e-7a6b-ed06-f92f-1b75b7f66c4d, NVIDIA A100-SXM4-80GB, 72771, 81920, 0, 92.08, 32
nid008569,2026/05/04 00:27:36.910, 1, GPU-a38d0ad5-b689-3842-8693-74ca661db097, NVIDIA A100-SXM4-80GB, 72771, 81920, 0, 92.71, 30
nid008569,2026/05/04 00:27:36.911, 2, GPU-0eeb185a-5ff9-a064-b944-df364d9f0525, NVIDIA A100-SXM4-80GB, 73391, 81920, 0, 96.94, 32
nid008569,2026/05/04 00:27:36.913, 3, GPU-b85332e0-5267-87ff-d66c-3ea990a45a88, NVIDIA A100-SXM4-80GB, 73391, 81920, 0, 95.20, 30
nid008225,2026/05/04 00:27:39.984, 0, GPU-baade223-6883-6299-1b87-c48c53d32c2d, NVIDIA A100-SXM4-80GB, 35351, 81920, 0, 95.73, 32
nid008225,2026/05/04 00:27:39.986, 1, GPU-08cd89d1-fe1c-96bf-9720-f8b4d92156ab, NVIDIA A100-SXM4-80GB, 35351, 81920, 0, 96.72, 30
nid008225,2026/05/04 00:27:39.988, 2, GPU-035e63ff-8624-b2e0-9447-5140761bc5cf, NVIDIA A100-SXM4-80GB, 73467, 81920, 100, 115.90, 43
nid008225,2026/05/04 00:27:39.989, 3, GPU-428acb6b-9398-1f29-218d-e81317ef4d30, NVIDIA A100-SXM4-80GB, 73015, 81920, 100, 480.76, 52
nid008569,2026/05/04 00:27:41.031, 0, GPU-7b8dcc3e-7a6b-ed06-f92f-1b75b7f66c4d, NVIDIA A100-SXM4-80GB, 72771, 81920, 100, 221.53, 38
nid008569,2026/05/04 00:27:41.033, 1, GPU-a38d0ad5-b689-3842-8693-74ca661db097, NVIDIA A100-SXM4-80GB, 72771, 81920, 100, 233.90, 36
nid008569,2026/05/04 00:27:41.080, 2, GPU-0eeb185a-5ff9-a064-b944-df364d9f0525, NVIDIA A100-SXM4-80GB, 73391, 81920, 100, 182.20, 37
nid008569,2026/05/04 00:27:41.086, 3, GPU-b85332e0-5267-87ff-d66c-3ea990a45a88, NVIDIA A100-SXM4-80GB, 73391, 81920, 100, 268.27, 35
nid008225,2026/05/04 00:27:44.160, 0, GPU-baade223-6883-6299-1b87-c48c53d32c2d, NVIDIA A100-SXM4-80GB, 35351, 81920, 0, 95.73, 32
nid008225,2026/05/04 00:27:44.163, 1, GPU-08cd89d1-fe1c-96bf-9720-f8b4d92156ab, NVIDIA A100-SXM4-80GB, 35351, 81920, 0, 97.00, 30
nid008225,2026/05/04 00:27:44.164, 2, GPU-035e63ff-8624-b2e0-9447-5140761bc5cf, NVIDIA A100-SXM4-80GB, 73467, 81920, 100, 119.60, 45
nid008225,2026/05/04 00:27:44.166, 3, GPU-428acb6b-9398-1f29-218d-e81317ef4d30, NVIDIA A100-SXM4-80GB, 73015, 81920, 100, 476.26, 51
nid008569,2026/05/04 00:27:45.102, 0, GPU-7b8dcc3e-7a6b-ed06-f92f-1b75b7f66c4d, NVIDIA A100-SXM4-80GB, 72771, 81920, 0, 111.03, 35
nid008569,2026/05/04 00:27:45.104, 1, GPU-a38d0ad5-b689-3842-8693-74ca661db097, NVIDIA A100-SXM4-80GB, 72771, 81920, 0, 112.47, 32
nid008569,2026/05/04 00:27:45.106, 2, GPU-0eeb185a-5ff9-a064-b944-df364d9f0525, NVIDIA A100-SXM4-80GB, 73391, 81920, 0, 114.98, 35
nid008569,2026/05/04 00:27:45.107, 3, GPU-b85332e0-5267-87ff-d66c-3ea990a45a88, NVIDIA A100-SXM4-80GB, 73391, 81920, 0, 112.44, 32
nid008225,2026/05/04 00:27:48.182, 0, GPU-baade223-6883-6299-1b87-c48c53d32c2d, NVIDIA A100-SXM4-80GB, 35351, 81920, 0, 95.73, 32
nid008225,2026/05/04 00:27:48.188, 1, GPU-08cd89d1-fe1c-96bf-9720-f8b4d92156ab, NVIDIA A100-SXM4-80GB, 35351, 81920, 0, 97.00, 30
nid008225,2026/05/04 00:27:48.194, 2, GPU-035e63ff-8624-b2e0-9447-5140761bc5cf, NVIDIA A100-SXM4-80GB, 73467, 81920, 100, 235.22, 52
nid008225,2026/05/04 00:27:48.200, 3, GPU-428acb6b-9398-1f29-218d-e81317ef4d30, NVIDIA A100-SXM4-80GB, 73015, 81920, 100, 472.85, 48
nid008569,2026/05/04 00:27:49.121, 0, GPU-7b8dcc3e-7a6b-ed06-f92f-1b75b7f66c4d, NVIDIA A100-SXM4-80GB, 72771, 81920, 0, 92.47, 33
nid008569,2026/05/04 00:27:49.123, 1, GPU-a38d0ad5-b689-3842-8693-74ca661db097, NVIDIA A100-SXM4-80GB, 72771, 81920, 0, 92.60, 31
nid008569,2026/05/04 00:27:49.125, 2, GPU-0eeb185a-5ff9-a064-b944-df364d9f0525, NVIDIA A100-SXM4-80GB, 73391, 81920, 0, 97.34, 33
nid008569,2026/05/04 00:27:49.126, 3, GPU-b85332e0-5267-87ff-d66c-3ea990a45a88, NVIDIA A100-SXM4-80GB, 73391, 81920, 0, 95.31, 30
nid008225,2026/05/04 00:27:52.311, 0, GPU-baade223-6883-6299-1b87-c48c53d32c2d, NVIDIA A100-SXM4-80GB, 35351, 81920, 0, 95.96, 32
nid008225,2026/05/04 00:27:52.313, 1, GPU-08cd89d1-fe1c-96bf-9720-f8b4d92156ab, NVIDIA A100-SXM4-80GB, 35351, 81920, 0, 96.72, 30
nid008225,2026/05/04 00:27:52.315, 2, GPU-035e63ff-8624-b2e0-9447-5140761bc5cf, NVIDIA A100-SXM4-80GB, 73467, 81920, 100, 483.12, 55
nid008225,2026/05/04 00:27:52.316, 3, GPU-428acb6b-9398-1f29-218d-e81317ef4d30, NVIDIA A100-SXM4-80GB, 73015, 81920, 100, 121.69, 40
nid008569,2026/05/04 00:27:53.219, 0, GPU-7b8dcc3e-7a6b-ed06-f92f-1b75b7f66c4d, NVIDIA A100-SXM4-80GB, 72771, 81920, 0, 92.47, 33
nid008569,2026/05/04 00:27:53.221, 1, GPU-a38d0ad5-b689-3842-8693-74ca661db097, NVIDIA A100-SXM4-80GB, 72771, 81920, 0, 92.71, 30
nid008569,2026/05/04 00:27:53.223, 2, GPU-0eeb185a-5ff9-a064-b944-df364d9f0525, NVIDIA A100-SXM4-80GB, 73391, 81920, 0, 96.94, 32
nid008569,2026/05/04 00:27:53.224, 3, GPU-b85332e0-5267-87ff-d66c-3ea990a45a88, NVIDIA A100-SXM4-80GB, 73391, 81920, 0, 95.31, 30
nid008225,2026/05/04 00:27:56.223, 0, GPU-baade223-6883-6299-1b87-c48c53d32c2d, NVIDIA A100-SXM4-80GB, 35351, 81920, 0, 95.73, 32
nid008225,2026/05/04 00:27:56.225, 1, GPU-08cd89d1-fe1c-96bf-9720-f8b4d92156ab, NVIDIA A100-SXM4-80GB, 35351, 81920, 0, 96.72, 30
nid008225,2026/05/04 00:27:56.227, 2, GPU-035e63ff-8624-b2e0-9447-5140761bc5cf, NVIDIA A100-SXM4-80GB, 73467, 81920, 100, 116.42, 45
nid008225,2026/05/04 00:27:56.228, 3, GPU-428acb6b-9398-1f29-218d-e81317ef4d30, NVIDIA A100-SXM4-80GB, 73015, 81920, 100, 481.05, 51
nid008569,2026/05/04 00:27:57.284, 0, GPU-7b8dcc3e-7a6b-ed06-f92f-1b75b7f66c4d, NVIDIA A100-SXM4-80GB, 72771, 81920, 0, 92.47, 33
nid008569,2026/05/04 00:27:57.286, 1, GPU-a38d0ad5-b689-3842-8693-74ca661db097, NVIDIA A100-SXM4-80GB, 72771, 81920, 0, 92.60, 30
nid008569,2026/05/04 00:27:57.288, 2, GPU-0eeb185a-5ff9-a064-b944-df364d9f0525, NVIDIA A100-SXM4-80GB, 73391, 81920, 0, 97.06, 32
nid008569,2026/05/04 00:27:57.289, 3, GPU-b85332e0-5267-87ff-d66c-3ea990a45a88, NVIDIA A100-SXM4-80GB, 73391, 81920, 0, 95.20, 30
nid008225,2026/05/04 00:28:00.381, 0, GPU-baade223-6883-6299-1b87-c48c53d32c2d, NVIDIA A100-SXM4-80GB, 35351, 81920, 0, 95.96, 32
nid008225,2026/05/04 00:28:00.384, 1, GPU-08cd89d1-fe1c-96bf-9720-f8b4d92156ab, NVIDIA A100-SXM4-80GB, 35351, 81920, 0, 96.72, 30
nid008225,2026/05/04 00:28:00.385, 2, GPU-035e63ff-8624-b2e0-9447-5140761bc5cf, NVIDIA A100-SXM4-80GB, 73467, 81920, 100, 118.13, 45
nid008225,2026/05/04 00:28:00.387, 3, GPU-428acb6b-9398-1f29-218d-e81317ef4d30, NVIDIA A100-SXM4-80GB, 73015, 81920, 90, 474.13, 52
nid008569,2026/05/04 00:28:01.378, 0, GPU-7b8dcc3e-7a6b-ed06-f92f-1b75b7f66c4d, NVIDIA A100-SXM4-80GB, 72771, 81920, 0, 92.08, 32
nid008569,2026/05/04 00:28:01.380, 1, GPU-a38d0ad5-b689-3842-8693-74ca661db097, NVIDIA A100-SXM4-80GB, 72771, 81920, 0, 92.60, 30
nid008569,2026/05/04 00:28:01.382, 2, GPU-0eeb185a-5ff9-a064-b944-df364d9f0525, NVIDIA A100-SXM4-80GB, 73391, 81920, 0, 96.94, 32
nid008569,2026/05/04 00:28:01.388, 3, GPU-b85332e0-5267-87ff-d66c-3ea990a45a88, NVIDIA A100-SXM4-80GB, 73391, 81920, 0, 95.20, 30
nid008225,2026/05/04 00:28:04.432, 0, GPU-baade223-6883-6299-1b87-c48c53d32c2d, NVIDIA A100-SXM4-80GB, 35351, 81920, 0, 95.96, 32
nid008225,2026/05/04 00:28:04.434, 1, GPU-08cd89d1-fe1c-96bf-9720-f8b4d92156ab, NVIDIA A100-SXM4-80GB, 35351, 81920, 0, 96.72, 30
nid008225,2026/05/04 00:28:04.436, 2, GPU-035e63ff-8624-b2e0-9447-5140761bc5cf, NVIDIA A100-SXM4-80GB, 73467, 81920, 99, 494.42, 53
nid008225,2026/05/04 00:28:04.438, 3, GPU-428acb6b-9398-1f29-218d-e81317ef4d30, NVIDIA A100-SXM4-80GB, 73015, 81920, 96, 120.64, 42
nid008569,2026/05/04 00:28:05.370, 0, GPU-7b8dcc3e-7a6b-ed06-f92f-1b75b7f66c4d, NVIDIA A100-SXM4-80GB, 72771, 81920, 0, 92.47, 32
nid008569,2026/05/04 00:28:05.372, 1, GPU-a38d0ad5-b689-3842-8693-74ca661db097, NVIDIA A100-SXM4-80GB, 72771, 81920, 0, 92.71, 30
nid008569,2026/05/04 00:28:05.374, 2, GPU-0eeb185a-5ff9-a064-b944-df364d9f0525, NVIDIA A100-SXM4-80GB, 73391, 81920, 0, 97.06, 32
nid008569,2026/05/04 00:28:05.375, 3, GPU-b85332e0-5267-87ff-d66c-3ea990a45a88, NVIDIA A100-SXM4-80GB, 73391, 81920, 0, 95.20, 30
nid008225,2026/05/04 00:28:08.384, 0, GPU-baade223-6883-6299-1b87-c48c53d32c2d, NVIDIA A100-SXM4-80GB, 35351, 81920, 0, 95.73, 32
nid008225,2026/05/04 00:28:08.387, 1, GPU-08cd89d1-fe1c-96bf-9720-f8b4d92156ab, NVIDIA A100-SXM4-80GB, 35351, 81920, 0, 97.00, 30
nid008225,2026/05/04 00:28:08.388, 2, GPU-035e63ff-8624-b2e0-9447-5140761bc5cf, NVIDIA A100-SXM4-80GB, 73467, 81920, 100, 114.86, 45
nid008225,2026/05/04 00:28:08.390, 3, GPU-428acb6b-9398-1f29-218d-e81317ef4d30, NVIDIA A100-SXM4-80GB, 73015, 81920, 100, 485.72, 49
nid008569,2026/05/04 00:28:09.323, 0, GPU-7b8dcc3e-7a6b-ed06-f92f-1b75b7f66c4d, NVIDIA A100-SXM4-80GB, 72771, 81920, 0, 92.19, 32
nid008569,2026/05/04 00:28:09.326, 1, GPU-a38d0ad5-b689-3842-8693-74ca661db097, NVIDIA A100-SXM4-80GB, 72771, 81920, 0, 92.71, 30
nid008569,2026/05/04 00:28:09.327, 2, GPU-0eeb185a-5ff9-a064-b944-df364d9f0525, NVIDIA A100-SXM4-80GB, 73391, 81920, 0, 97.06, 32
nid008569,2026/05/04 00:28:09.329, 3, GPU-b85332e0-5267-87ff-d66c-3ea990a45a88, NVIDIA A100-SXM4-80GB, 73391, 81920, 0, 95.20, 30
nid008225,2026/05/04 00:28:12.335, 0, GPU-baade223-6883-6299-1b87-c48c53d32c2d, NVIDIA A100-SXM4-80GB, 35351, 81920, 0, 95.73, 32
nid008225,2026/05/04 00:28:12.338, 1, GPU-08cd89d1-fe1c-96bf-9720-f8b4d92156ab, NVIDIA A100-SXM4-80GB, 35351, 81920, 0, 96.72, 30
nid008225,2026/05/04 00:28:12.339, 2, GPU-035e63ff-8624-b2e0-9447-5140761bc5cf, NVIDIA A100-SXM4-80GB, 73467, 81920, 100, 171.86, 51
nid008225,2026/05/04 00:28:12.341, 3, GPU-428acb6b-9398-1f29-218d-e81317ef4d30, NVIDIA A100-SXM4-80GB, 73015, 81920, 100, 327.01, 48
nid008569,2026/05/04 00:28:13.320, 0, GPU-7b8dcc3e-7a6b-ed06-f92f-1b75b7f66c4d, NVIDIA A100-SXM4-80GB, 72771, 81920, 0, 92.19, 32
nid008569,2026/05/04 00:28:13.322, 1, GPU-a38d0ad5-b689-3842-8693-74ca661db097, NVIDIA A100-SXM4-80GB, 72771, 81920, 0, 92.60, 30
nid008569,2026/05/04 00:28:13.324, 2, GPU-0eeb185a-5ff9-a064-b944-df364d9f0525, NVIDIA A100-SXM4-80GB, 73391, 81920, 0, 97.06, 32
nid008569,2026/05/04 00:28:13.326, 3, GPU-b85332e0-5267-87ff-d66c-3ea990a45a88, NVIDIA A100-SXM4-80GB, 73391, 81920, 0, 95.31, 30
nid008225,2026/05/04 00:28:16.317, 0, GPU-baade223-6883-6299-1b87-c48c53d32c2d, NVIDIA A100-SXM4-80GB, 35351, 81920, 0, 95.73, 32
nid008225,2026/05/04 00:28:16.324, 1, GPU-08cd89d1-fe1c-96bf-9720-f8b4d92156ab, NVIDIA A100-SXM4-80GB, 35351, 81920, 0, 97.00, 30
nid008225,2026/05/04 00:28:16.330, 2, GPU-035e63ff-8624-b2e0-9447-5140761bc5cf, NVIDIA A100-SXM4-80GB, 73467, 81920, 100, 485.72, 51
nid008225,2026/05/04 00:28:16.335, 3, GPU-428acb6b-9398-1f29-218d-e81317ef4d30, NVIDIA A100-SXM4-80GB, 73015, 81920, 100, 148.62, 43
nid008569,2026/05/04 00:28:17.309, 0, GPU-7b8dcc3e-7a6b-ed06-f92f-1b75b7f66c4d, NVIDIA A100-SXM4-80GB, 72771, 81920, 0, 92.19, 32
nid008569,2026/05/04 00:28:17.316, 1, GPU-a38d0ad5-b689-3842-8693-74ca661db097, NVIDIA A100-SXM4-80GB, 72771, 81920, 0, 92.71, 30
nid008569,2026/05/04 00:28:17.319, 2, GPU-0eeb185a-5ff9-a064-b944-df364d9f0525, NVIDIA A100-SXM4-80GB, 73391, 81920, 0, 97.06, 32
nid008569,2026/05/04 00:28:17.325, 3, GPU-b85332e0-5267-87ff-d66c-3ea990a45a88, NVIDIA A100-SXM4-80GB, 73391, 81920, 0, 95.20, 30
nid008225,2026/05/04 00:28:20.363, 0, GPU-baade223-6883-6299-1b87-c48c53d32c2d, NVIDIA A100-SXM4-80GB, 35351, 81920, 0, 95.96, 32
nid008225,2026/05/04 00:28:20.366, 1, GPU-08cd89d1-fe1c-96bf-9720-f8b4d92156ab, NVIDIA A100-SXM4-80GB, 35351, 81920, 0, 97.00, 30
nid008225,2026/05/04 00:28:20.371, 2, GPU-035e63ff-8624-b2e0-9447-5140761bc5cf, NVIDIA A100-SXM4-80GB, 73467, 81920, 100, 117.23, 45
nid008225,2026/05/04 00:28:20.373, 3, GPU-428acb6b-9398-1f29-218d-e81317ef4d30, NVIDIA A100-SXM4-80GB, 73015, 81920, 100, 480.99, 53
nid008569,2026/05/04 00:28:21.403, 0, GPU-7b8dcc3e-7a6b-ed06-f92f-1b75b7f66c4d, NVIDIA A100-SXM4-80GB, 72771, 81920, 0, 92.19, 32
nid008569,2026/05/04 00:28:21.406, 1, GPU-a38d0ad5-b689-3842-8693-74ca661db097, NVIDIA A100-SXM4-80GB, 72771, 81920, 0, 92.71, 30
nid008569,2026/05/04 00:28:21.407, 2, GPU-0eeb185a-5ff9-a064-b944-df364d9f0525, NVIDIA A100-SXM4-80GB, 73391, 81920, 0, 97.06, 32
nid008569,2026/05/04 00:28:21.409, 3, GPU-b85332e0-5267-87ff-d66c-3ea990a45a88, NVIDIA A100-SXM4-80GB, 73391, 81920, 0, 95.31, 30
nid008225,2026/05/04 00:28:24.389, 0, GPU-baade223-6883-6299-1b87-c48c53d32c2d, NVIDIA A100-SXM4-80GB, 35351, 81920, 0, 95.85, 32
nid008225,2026/05/04 00:28:24.391, 1, GPU-08cd89d1-fe1c-96bf-9720-f8b4d92156ab, NVIDIA A100-SXM4-80GB, 35351, 81920, 0, 97.00, 30
nid008225,2026/05/04 00:28:24.393, 2, GPU-035e63ff-8624-b2e0-9447-5140761bc5cf, NVIDIA A100-SXM4-80GB, 73467, 81920, 99, 160.62, 51
nid008225,2026/05/04 00:28:24.395, 3, GPU-428acb6b-9398-1f29-218d-e81317ef4d30, NVIDIA A100-SXM4-80GB, 73015, 81920, 90, 318.06, 48
nid008569,2026/05/04 00:28:25.386, 0, GPU-7b8dcc3e-7a6b-ed06-f92f-1b75b7f66c4d, NVIDIA A100-SXM4-80GB, 72771, 81920, 0, 92.08, 32
nid008569,2026/05/04 00:28:25.388, 1, GPU-a38d0ad5-b689-3842-8693-74ca661db097, NVIDIA A100-SXM4-80GB, 72771, 81920, 0, 92.60, 30
nid008569,2026/05/04 00:28:25.390, 2, GPU-0eeb185a-5ff9-a064-b944-df364d9f0525, NVIDIA A100-SXM4-80GB, 73391, 81920, 0, 96.94, 32
nid008569,2026/05/04 00:28:25.394, 3, GPU-b85332e0-5267-87ff-d66c-3ea990a45a88, NVIDIA A100-SXM4-80GB, 73391, 81920, 0, 95.20, 30
nid008225,2026/05/04 00:28:28.398, 0, GPU-baade223-6883-6299-1b87-c48c53d32c2d, NVIDIA A100-SXM4-80GB, 35351, 81920, 0, 95.85, 32
nid008225,2026/05/04 00:28:28.401, 1, GPU-08cd89d1-fe1c-96bf-9720-f8b4d92156ab, NVIDIA A100-SXM4-80GB, 35351, 81920, 0, 96.88, 30
nid008225,2026/05/04 00:28:28.402, 2, GPU-035e63ff-8624-b2e0-9447-5140761bc5cf, NVIDIA A100-SXM4-80GB, 73467, 81920, 99, 491.02, 52
nid008225,2026/05/04 00:28:28.404, 3, GPU-428acb6b-9398-1f29-218d-e81317ef4d30, NVIDIA A100-SXM4-80GB, 73015, 81920, 90, 178.29, 45
nid008569,2026/05/04 00:28:29.325, 0, GPU-7b8dcc3e-7a6b-ed06-f92f-1b75b7f66c4d, NVIDIA A100-SXM4-80GB, 72771, 81920, 0, 92.19, 32
nid008569,2026/05/04 00:28:29.327, 1, GPU-a38d0ad5-b689-3842-8693-74ca661db097, NVIDIA A100-SXM4-80GB, 72771, 81920, 0, 92.60, 30
nid008569,2026/05/04 00:28:29.329, 2, GPU-0eeb185a-5ff9-a064-b944-df364d9f0525, NVIDIA A100-SXM4-80GB, 73391, 81920, 0, 96.94, 32
nid008569,2026/05/04 00:28:29.330, 3, GPU-b85332e0-5267-87ff-d66c-3ea990a45a88, NVIDIA A100-SXM4-80GB, 73391, 81920, 0, 95.09, 30
nid008225,2026/05/04 00:28:32.358, 0, GPU-baade223-6883-6299-1b87-c48c53d32c2d, NVIDIA A100-SXM4-80GB, 35351, 81920, 0, 95.85, 32
nid008225,2026/05/04 00:28:32.360, 1, GPU-08cd89d1-fe1c-96bf-9720-f8b4d92156ab, NVIDIA A100-SXM4-80GB, 35351, 81920, 0, 97.00, 30
nid008225,2026/05/04 00:28:32.362, 2, GPU-035e63ff-8624-b2e0-9447-5140761bc5cf, NVIDIA A100-SXM4-80GB, 73467, 81920, 100, 117.89, 49
nid008225,2026/05/04 00:28:32.376, 3, GPU-428acb6b-9398-1f29-218d-e81317ef4d30, NVIDIA A100-SXM4-80GB, 73015, 81920, 100, 479.67, 53
nid008569,2026/05/04 00:28:33.343, 0, GPU-7b8dcc3e-7a6b-ed06-f92f-1b75b7f66c4d, NVIDIA A100-SXM4-80GB, 72771, 81920, 0, 92.08, 32
nid008569,2026/05/04 00:28:33.350, 1, GPU-a38d0ad5-b689-3842-8693-74ca661db097, NVIDIA A100-SXM4-80GB, 72771, 81920, 0, 92.60, 30
nid008569,2026/05/04 00:28:33.353, 2, GPU-0eeb185a-5ff9-a064-b944-df364d9f0525, NVIDIA A100-SXM4-80GB, 73391, 81920, 0, 96.82, 32
nid008569,2026/05/04 00:28:33.357, 3, GPU-b85332e0-5267-87ff-d66c-3ea990a45a88, NVIDIA A100-SXM4-80GB, 73391, 81920, 0, 95.20, 30
nid008225,2026/05/04 00:28:36.555, 0, GPU-baade223-6883-6299-1b87-c48c53d32c2d, NVIDIA A100-SXM4-80GB, 35351, 81920, 0, 95.73, 32
nid008225,2026/05/04 00:28:36.558, 1, GPU-08cd89d1-fe1c-96bf-9720-f8b4d92156ab, NVIDIA A100-SXM4-80GB, 35351, 81920, 0, 97.00, 30
nid008225,2026/05/04 00:28:36.560, 2, GPU-035e63ff-8624-b2e0-9447-5140761bc5cf, NVIDIA A100-SXM4-80GB, 73467, 81920, 100, 116.94, 47
nid008225,2026/05/04 00:28:36.561, 3, GPU-428acb6b-9398-1f29-218d-e81317ef4d30, NVIDIA A100-SXM4-80GB, 73015, 81920, 100, 400.33, 50
nid008569,2026/05/04 00:28:37.477, 0, GPU-7b8dcc3e-7a6b-ed06-f92f-1b75b7f66c4d, NVIDIA A100-SXM4-80GB, 72771, 81920, 0, 92.08, 32
nid008569,2026/05/04 00:28:37.479, 1, GPU-a38d0ad5-b689-3842-8693-74ca661db097, NVIDIA A100-SXM4-80GB, 72771, 81920, 0, 92.71, 30
nid008569,2026/05/04 00:28:37.481, 2, GPU-0eeb185a-5ff9-a064-b944-df364d9f0525, NVIDIA A100-SXM4-80GB, 73391, 81920, 0, 96.94, 32
nid008569,2026/05/04 00:28:37.482, 3, GPU-b85332e0-5267-87ff-d66c-3ea990a45a88, NVIDIA A100-SXM4-80GB, 73391, 81920, 0, 95.20, 30
nid008225,2026/05/04 00:28:40.475, 0, GPU-baade223-6883-6299-1b87-c48c53d32c2d, NVIDIA A100-SXM4-80GB, 35351, 81920, 0, 95.96, 32
nid008225,2026/05/04 00:28:40.481, 1, GPU-08cd89d1-fe1c-96bf-9720-f8b4d92156ab, NVIDIA A100-SXM4-80GB, 35351, 81920, 0, 97.00, 30
nid008225,2026/05/04 00:28:40.487, 2, GPU-035e63ff-8624-b2e0-9447-5140761bc5cf, NVIDIA A100-SXM4-80GB, 73467, 81920, 100, 475.45, 56
nid008225,2026/05/04 00:28:40.494, 3, GPU-428acb6b-9398-1f29-218d-e81317ef4d30, NVIDIA A100-SXM4-80GB, 73015, 81920, 100, 141.79, 44
nid008569,2026/05/04 00:28:41.482, 0, GPU-7b8dcc3e-7a6b-ed06-f92f-1b75b7f66c4d, NVIDIA A100-SXM4-80GB, 72771, 81920, 0, 92.08, 32
nid008569,2026/05/04 00:28:41.484, 1, GPU-a38d0ad5-b689-3842-8693-74ca661db097, NVIDIA A100-SXM4-80GB, 72771, 81920, 0, 92.49, 30
nid008569,2026/05/04 00:28:41.485, 2, GPU-0eeb185a-5ff9-a064-b944-df364d9f0525, NVIDIA A100-SXM4-80GB, 73391, 81920, 0, 96.94, 32
nid008569,2026/05/04 00:28:41.487, 3, GPU-b85332e0-5267-87ff-d66c-3ea990a45a88, NVIDIA A100-SXM4-80GB, 73391, 81920, 0, 95.20, 30
nid008225,2026/05/04 00:28:44.687, 0, GPU-baade223-6883-6299-1b87-c48c53d32c2d, NVIDIA A100-SXM4-80GB, 35351, 81920, 0, 95.85, 32
nid008225,2026/05/04 00:28:44.690, 1, GPU-08cd89d1-fe1c-96bf-9720-f8b4d92156ab, NVIDIA A100-SXM4-80GB, 35351, 81920, 0, 97.00, 30
nid008225,2026/05/04 00:28:44.691, 2, GPU-035e63ff-8624-b2e0-9447-5140761bc5cf, NVIDIA A100-SXM4-80GB, 73467, 81920, 100, 393.00, 53
nid008225,2026/05/04 00:28:44.693, 3, GPU-428acb6b-9398-1f29-218d-e81317ef4d30, NVIDIA A100-SXM4-80GB, 73015, 81920, 100, 126.19, 44
nid008569,2026/05/04 00:28:45.686, 0, GPU-7b8dcc3e-7a6b-ed06-f92f-1b75b7f66c4d, NVIDIA A100-SXM4-80GB, 72771, 81920, 0, 92.19, 32
nid008569,2026/05/04 00:28:45.689, 1, GPU-a38d0ad5-b689-3842-8693-74ca661db097, NVIDIA A100-SXM4-80GB, 72771, 81920, 0, 92.71, 30
nid008569,2026/05/04 00:28:45.690, 2, GPU-0eeb185a-5ff9-a064-b944-df364d9f0525, NVIDIA A100-SXM4-80GB, 73391, 81920, 0, 97.06, 32
nid008569,2026/05/04 00:28:45.692, 3, GPU-b85332e0-5267-87ff-d66c-3ea990a45a88, NVIDIA A100-SXM4-80GB, 73391, 81920, 0, 95.20, 30
nid008225,2026/05/04 00:28:48.695, 0, GPU-baade223-6883-6299-1b87-c48c53d32c2d, NVIDIA A100-SXM4-80GB, 35351, 81920, 0, 95.96, 32
nid008225,2026/05/04 00:28:48.697, 1, GPU-08cd89d1-fe1c-96bf-9720-f8b4d92156ab, NVIDIA A100-SXM4-80GB, 35351, 81920, 0, 97.00, 30
nid008225,2026/05/04 00:28:48.699, 2, GPU-035e63ff-8624-b2e0-9447-5140761bc5cf, NVIDIA A100-SXM4-80GB, 73467, 81920, 99, 120.41, 47
nid008225,2026/05/04 00:28:48.700, 3, GPU-428acb6b-9398-1f29-218d-e81317ef4d30, NVIDIA A100-SXM4-80GB, 73015, 81920, 100, 474.65, 53
nid008569,2026/05/04 00:28:49.757, 0, GPU-7b8dcc3e-7a6b-ed06-f92f-1b75b7f66c4d, NVIDIA A100-SXM4-80GB, 72771, 81920, 0, 92.08, 32
nid008569,2026/05/04 00:28:49.760, 1, GPU-a38d0ad5-b689-3842-8693-74ca661db097, NVIDIA A100-SXM4-80GB, 72771, 81920, 0, 92.60, 30
nid008569,2026/05/04 00:28:49.761, 2, GPU-0eeb185a-5ff9-a064-b944-df364d9f0525, NVIDIA A100-SXM4-80GB, 73391, 81920, 0, 96.82, 32
nid008569,2026/05/04 00:28:49.763, 3, GPU-b85332e0-5267-87ff-d66c-3ea990a45a88, NVIDIA A100-SXM4-80GB, 73391, 81920, 0, 95.20, 30
nid008225,2026/05/04 00:28:52.768, 0, GPU-baade223-6883-6299-1b87-c48c53d32c2d, NVIDIA A100-SXM4-80GB, 35351, 81920, 0, 95.85, 32
nid008225,2026/05/04 00:28:52.771, 1, GPU-08cd89d1-fe1c-96bf-9720-f8b4d92156ab, NVIDIA A100-SXM4-80GB, 35351, 81920, 0, 97.00, 30
nid008225,2026/05/04 00:28:52.772, 2, GPU-035e63ff-8624-b2e0-9447-5140761bc5cf, NVIDIA A100-SXM4-80GB, 73467, 81920, 100, 499.96, 50
nid008225,2026/05/04 00:28:52.774, 3, GPU-428acb6b-9398-1f29-218d-e81317ef4d30, NVIDIA A100-SXM4-80GB, 73015, 81920, 100, 394.27, 47
nid008569,2026/05/04 00:28:53.746, 0, GPU-7b8dcc3e-7a6b-ed06-f92f-1b75b7f66c4d, NVIDIA A100-SXM4-80GB, 72771, 81920, 0, 92.08, 32
nid008569,2026/05/04 00:28:53.754, 1, GPU-a38d0ad5-b689-3842-8693-74ca661db097, NVIDIA A100-SXM4-80GB, 72771, 81920, 0, 92.60, 30
nid008569,2026/05/04 00:28:53.759, 2, GPU-0eeb185a-5ff9-a064-b944-df364d9f0525, NVIDIA A100-SXM4-80GB, 73391, 81920, 0, 96.94, 32
nid008569,2026/05/04 00:28:53.760, 3, GPU-b85332e0-5267-87ff-d66c-3ea990a45a88, NVIDIA A100-SXM4-80GB, 73391, 81920, 0, 95.20, 30
nid008225,2026/05/04 00:28:56.747, 0, GPU-baade223-6883-6299-1b87-c48c53d32c2d, NVIDIA A100-SXM4-80GB, 35351, 81920, 0, 95.85, 32
nid008225,2026/05/04 00:28:56.749, 1, GPU-08cd89d1-fe1c-96bf-9720-f8b4d92156ab, NVIDIA A100-SXM4-80GB, 35351, 81920, 0, 96.88, 30
nid008225,2026/05/04 00:28:56.751, 2, GPU-035e63ff-8624-b2e0-9447-5140761bc5cf, NVIDIA A100-SXM4-80GB, 73467, 81920, 99, 489.63, 55
nid008225,2026/05/04 00:28:56.753, 3, GPU-428acb6b-9398-1f29-218d-e81317ef4d30, NVIDIA A100-SXM4-80GB, 73015, 81920, 100, 127.52, 43
nid008569,2026/05/04 00:28:57.677, 0, GPU-7b8dcc3e-7a6b-ed06-f92f-1b75b7f66c4d, NVIDIA A100-SXM4-80GB, 72771, 81920, 0, 92.19, 32
nid008569,2026/05/04 00:28:57.679, 1, GPU-a38d0ad5-b689-3842-8693-74ca661db097, NVIDIA A100-SXM4-80GB, 72771, 81920, 0, 92.60, 30
nid008569,2026/05/04 00:28:57.681, 2, GPU-0eeb185a-5ff9-a064-b944-df364d9f0525, NVIDIA A100-SXM4-80GB, 73391, 81920, 0, 97.06, 32
nid008569,2026/05/04 00:28:57.682, 3, GPU-b85332e0-5267-87ff-d66c-3ea990a45a88, NVIDIA A100-SXM4-80GB, 73391, 81920, 0, 95.20, 30
nid008225,2026/05/04 00:29:00.750, 0, GPU-baade223-6883-6299-1b87-c48c53d32c2d, NVIDIA A100-SXM4-80GB, 35351, 81920, 0, 95.73, 32
nid008225,2026/05/04 00:29:00.755, 1, GPU-08cd89d1-fe1c-96bf-9720-f8b4d92156ab, NVIDIA A100-SXM4-80GB, 35351, 81920, 0, 96.72, 30
nid008225,2026/05/04 00:29:00.761, 2, GPU-035e63ff-8624-b2e0-9447-5140761bc5cf, NVIDIA A100-SXM4-80GB, 73467, 81920, 100, 117.75, 45
nid008225,2026/05/04 00:29:00.776, 3, GPU-428acb6b-9398-1f29-218d-e81317ef4d30, NVIDIA A100-SXM4-80GB, 73015, 81920, 100, 477.07, 53
nid008569,2026/05/04 00:29:01.767, 0, GPU-7b8dcc3e-7a6b-ed06-f92f-1b75b7f66c4d, NVIDIA A100-SXM4-80GB, 72771, 81920, 0, 92.08, 32
nid008569,2026/05/04 00:29:01.770, 1, GPU-a38d0ad5-b689-3842-8693-74ca661db097, NVIDIA A100-SXM4-80GB, 72771, 81920, 0, 92.60, 30
nid008569,2026/05/04 00:29:01.771, 2, GPU-0eeb185a-5ff9-a064-b944-df364d9f0525, NVIDIA A100-SXM4-80GB, 73391, 81920, 0, 97.06, 32
nid008569,2026/05/04 00:29:01.773, 3, GPU-b85332e0-5267-87ff-d66c-3ea990a45a88, NVIDIA A100-SXM4-80GB, 73391, 81920, 0, 95.20, 30
nid008225,2026/05/04 00:29:04.936, 0, GPU-baade223-6883-6299-1b87-c48c53d32c2d, NVIDIA A100-SXM4-80GB, 35351, 81920, 0, 95.96, 32
nid008225,2026/05/04 00:29:04.938, 1, GPU-08cd89d1-fe1c-96bf-9720-f8b4d92156ab, NVIDIA A100-SXM4-80GB, 35351, 81920, 0, 97.00, 30
nid008225,2026/05/04 00:29:04.940, 2, GPU-035e63ff-8624-b2e0-9447-5140761bc5cf, NVIDIA A100-SXM4-80GB, 73467, 81920, 100, 117.09, 46
nid008225,2026/05/04 00:29:04.941, 3, GPU-428acb6b-9398-1f29-218d-e81317ef4d30, NVIDIA A100-SXM4-80GB, 73015, 81920, 100, 476.49, 52
nid008569,2026/05/04 00:29:05.932, 0, GPU-7b8dcc3e-7a6b-ed06-f92f-1b75b7f66c4d, NVIDIA A100-SXM4-80GB, 72771, 81920, 0, 92.08, 32
nid008569,2026/05/04 00:29:05.934, 1, GPU-a38d0ad5-b689-3842-8693-74ca661db097, NVIDIA A100-SXM4-80GB, 72771, 81920, 0, 92.60, 30
nid008569,2026/05/04 00:29:05.936, 2, GPU-0eeb185a-5ff9-a064-b944-df364d9f0525, NVIDIA A100-SXM4-80GB, 73391, 81920, 0, 96.94, 32
nid008569,2026/05/04 00:29:05.937, 3, GPU-b85332e0-5267-87ff-d66c-3ea990a45a88, NVIDIA A100-SXM4-80GB, 73391, 81920, 0, 95.09, 30
nid008225,2026/05/04 00:29:08.942, 0, GPU-baade223-6883-6299-1b87-c48c53d32c2d, NVIDIA A100-SXM4-80GB, 35351, 81920, 0, 95.85, 32
nid008225,2026/05/04 00:29:08.950, 1, GPU-08cd89d1-fe1c-96bf-9720-f8b4d92156ab, NVIDIA A100-SXM4-80GB, 35351, 81920, 0, 97.00, 30
nid008225,2026/05/04 00:29:08.956, 2, GPU-035e63ff-8624-b2e0-9447-5140761bc5cf, NVIDIA A100-SXM4-80GB, 73467, 81920, 100, 495.23, 58
nid008225,2026/05/04 00:29:08.975, 3, GPU-428acb6b-9398-1f29-218d-e81317ef4d30, NVIDIA A100-SXM4-80GB, 73015, 81920, 100, 121.69, 46
nid008569,2026/05/04 00:29:09.918, 0, GPU-7b8dcc3e-7a6b-ed06-f92f-1b75b7f66c4d, NVIDIA A100-SXM4-80GB, 72771, 81920, 0, 92.19, 32
nid008569,2026/05/04 00:29:09.920, 1, GPU-a38d0ad5-b689-3842-8693-74ca661db097, NVIDIA A100-SXM4-80GB, 72771, 81920, 0, 92.60, 30
nid008569,2026/05/04 00:29:09.922, 2, GPU-0eeb185a-5ff9-a064-b944-df364d9f0525, NVIDIA A100-SXM4-80GB, 73391, 81920, 0, 97.06, 32
nid008569,2026/05/04 00:29:09.923, 3, GPU-b85332e0-5267-87ff-d66c-3ea990a45a88, NVIDIA A100-SXM4-80GB, 73391, 81920, 0, 95.20, 30
nid008225,2026/05/04 00:29:13.029, 0, GPU-baade223-6883-6299-1b87-c48c53d32c2d, NVIDIA A100-SXM4-80GB, 35351, 81920, 0, 95.96, 32
nid008225,2026/05/04 00:29:13.031, 1, GPU-08cd89d1-fe1c-96bf-9720-f8b4d92156ab, NVIDIA A100-SXM4-80GB, 35351, 81920, 0, 96.88, 30
nid008225,2026/05/04 00:29:13.033, 2, GPU-035e63ff-8624-b2e0-9447-5140761bc5cf, NVIDIA A100-SXM4-80GB, 73467, 81920, 100, 493.91, 57
nid008225,2026/05/04 00:29:13.034, 3, GPU-428acb6b-9398-1f29-218d-e81317ef4d30, NVIDIA A100-SXM4-80GB, 73015, 81920, 100, 127.52, 43
nid008569,2026/05/04 00:29:13.940, 0, GPU-7b8dcc3e-7a6b-ed06-f92f-1b75b7f66c4d, NVIDIA A100-SXM4-80GB, 72771, 81920, 0, 92.19, 32
nid008569,2026/05/04 00:29:13.943, 1, GPU-a38d0ad5-b689-3842-8693-74ca661db097, NVIDIA A100-SXM4-80GB, 72771, 81920, 0, 92.60, 30
nid008569,2026/05/04 00:29:13.944, 2, GPU-0eeb185a-5ff9-a064-b944-df364d9f0525, NVIDIA A100-SXM4-80GB, 73391, 81920, 0, 96.94, 32
nid008569,2026/05/04 00:29:13.946, 3, GPU-b85332e0-5267-87ff-d66c-3ea990a45a88, NVIDIA A100-SXM4-80GB, 73391, 81920, 0, 95.20, 30
nid008225,2026/05/04 00:29:17.004, 0, GPU-baade223-6883-6299-1b87-c48c53d32c2d, NVIDIA A100-SXM4-80GB, 35351, 81920, 0, 95.73, 32
nid008225,2026/05/04 00:29:17.006, 1, GPU-08cd89d1-fe1c-96bf-9720-f8b4d92156ab, NVIDIA A100-SXM4-80GB, 35351, 81920, 0, 97.00, 30
nid008225,2026/05/04 00:29:17.008, 2, GPU-035e63ff-8624-b2e0-9447-5140761bc5cf, NVIDIA A100-SXM4-80GB, 73467, 81920, 100, 118.13, 46
nid008225,2026/05/04 00:29:17.009, 3, GPU-428acb6b-9398-1f29-218d-e81317ef4d30, NVIDIA A100-SXM4-80GB, 73015, 81920, 100, 480.47, 53
nid008569,2026/05/04 00:29:17.949, 0, GPU-7b8dcc3e-7a6b-ed06-f92f-1b75b7f66c4d, NVIDIA A100-SXM4-80GB, 72771, 81920, 0, 92.08, 32
nid008569,2026/05/04 00:29:17.956, 1, GPU-a38d0ad5-b689-3842-8693-74ca661db097, NVIDIA A100-SXM4-80GB, 72771, 81920, 0, 92.60, 30
nid008569,2026/05/04 00:29:17.957, 2, GPU-0eeb185a-5ff9-a064-b944-df364d9f0525, NVIDIA A100-SXM4-80GB, 73391, 81920, 0, 96.94, 32
nid008569,2026/05/04 00:29:17.959, 3, GPU-b85332e0-5267-87ff-d66c-3ea990a45a88, NVIDIA A100-SXM4-80GB, 73391, 81920, 0, 95.20, 30
nid008225,2026/05/04 00:29:20.979, 0, GPU-baade223-6883-6299-1b87-c48c53d32c2d, NVIDIA A100-SXM4-80GB, 35351, 81920, 0, 95.85, 32
nid008225,2026/05/04 00:29:20.982, 1, GPU-08cd89d1-fe1c-96bf-9720-f8b4d92156ab, NVIDIA A100-SXM4-80GB, 35351, 81920, 0, 97.00, 30
nid008225,2026/05/04 00:29:20.987, 2, GPU-035e63ff-8624-b2e0-9447-5140761bc5cf, NVIDIA A100-SXM4-80GB, 73467, 81920, 99, 491.76, 57
nid008225,2026/05/04 00:29:20.988, 3, GPU-428acb6b-9398-1f29-218d-e81317ef4d30, NVIDIA A100-SXM4-80GB, 73015, 81920, 90, 124.34, 41
nid008569,2026/05/04 00:29:22.089, 0, GPU-7b8dcc3e-7a6b-ed06-f92f-1b75b7f66c4d, NVIDIA A100-SXM4-80GB, 72771, 81920, 0, 92.08, 32
nid008569,2026/05/04 00:29:22.091, 1, GPU-a38d0ad5-b689-3842-8693-74ca661db097, NVIDIA A100-SXM4-80GB, 72771, 81920, 0, 92.36, 30
nid008569,2026/05/04 00:29:22.093, 2, GPU-0eeb185a-5ff9-a064-b944-df364d9f0525, NVIDIA A100-SXM4-80GB, 73391, 81920, 0, 96.70, 32
nid008569,2026/05/04 00:29:22.094, 3, GPU-b85332e0-5267-87ff-d66c-3ea990a45a88, NVIDIA A100-SXM4-80GB, 73391, 81920, 0, 95.07, 30
nid008225,2026/05/04 00:29:25.130, 0, GPU-baade223-6883-6299-1b87-c48c53d32c2d, NVIDIA A100-SXM4-80GB, 35351, 81920, 0, 95.96, 32
nid008225,2026/05/04 00:29:25.133, 1, GPU-08cd89d1-fe1c-96bf-9720-f8b4d92156ab, NVIDIA A100-SXM4-80GB, 35351, 81920, 0, 97.00, 30
nid008225,2026/05/04 00:29:25.134, 2, GPU-035e63ff-8624-b2e0-9447-5140761bc5cf, NVIDIA A100-SXM4-80GB, 73467, 81920, 99, 488.37, 56
nid008225,2026/05/04 00:29:25.136, 3, GPU-428acb6b-9398-1f29-218d-e81317ef4d30, NVIDIA A100-SXM4-80GB, 73015, 81920, 96, 124.34, 43
nid008569,2026/05/04 00:29:26.064, 0, GPU-7b8dcc3e-7a6b-ed06-f92f-1b75b7f66c4d, NVIDIA A100-SXM4-80GB, 72771, 81920, 0, 92.19, 32
nid008569,2026/05/04 00:29:26.073, 1, GPU-a38d0ad5-b689-3842-8693-74ca661db097, NVIDIA A100-SXM4-80GB, 72771, 81920, 0, 92.47, 30
nid008569,2026/05/04 00:29:26.075, 2, GPU-0eeb185a-5ff9-a064-b944-df364d9f0525, NVIDIA A100-SXM4-80GB, 73391, 81920, 0, 96.82, 32
nid008569,2026/05/04 00:29:26.076, 3, GPU-b85332e0-5267-87ff-d66c-3ea990a45a88, NVIDIA A100-SXM4-80GB, 73391, 81920, 0, 95.20, 30
nid008225,2026/05/04 00:29:29.165, 0, GPU-baade223-6883-6299-1b87-c48c53d32c2d, NVIDIA A100-SXM4-80GB, 35351, 81920, 0, 95.96, 32
nid008225,2026/05/04 00:29:29.167, 1, GPU-08cd89d1-fe1c-96bf-9720-f8b4d92156ab, NVIDIA A100-SXM4-80GB, 35351, 81920, 0, 97.00, 30
nid008225,2026/05/04 00:29:29.169, 2, GPU-035e63ff-8624-b2e0-9447-5140761bc5cf, NVIDIA A100-SXM4-80GB, 73467, 81920, 100, 198.03, 49
nid008225,2026/05/04 00:29:29.171, 3, GPU-428acb6b-9398-1f29-218d-e81317ef4d30, NVIDIA A100-SXM4-80GB, 73015, 81920, 100, 485.54, 52
nid008569,2026/05/04 00:29:30.124, 0, GPU-7b8dcc3e-7a6b-ed06-f92f-1b75b7f66c4d, NVIDIA A100-SXM4-80GB, 72771, 81920, 0, 92.19, 32
nid008569,2026/05/04 00:29:30.130, 1, GPU-a38d0ad5-b689-3842-8693-74ca661db097, NVIDIA A100-SXM4-80GB, 72771, 81920, 0, 92.60, 30
nid008569,2026/05/04 00:29:30.136, 2, GPU-0eeb185a-5ff9-a064-b944-df364d9f0525, NVIDIA A100-SXM4-80GB, 73391, 81920, 0, 96.82, 32
nid008569,2026/05/04 00:29:30.141, 3, GPU-b85332e0-5267-87ff-d66c-3ea990a45a88, NVIDIA A100-SXM4-80GB, 73391, 81920, 0, 95.20, 30
nid008225,2026/05/04 00:29:33.251, 0, GPU-baade223-6883-6299-1b87-c48c53d32c2d, NVIDIA A100-SXM4-80GB, 35351, 81920, 0, 95.96, 32
nid008225,2026/05/04 00:29:33.253, 1, GPU-08cd89d1-fe1c-96bf-9720-f8b4d92156ab, NVIDIA A100-SXM4-80GB, 35351, 81920, 0, 97.00, 30
nid008225,2026/05/04 00:29:33.255, 2, GPU-035e63ff-8624-b2e0-9447-5140761bc5cf, NVIDIA A100-SXM4-80GB, 73467, 81920, 100, 118.79, 47
nid008225,2026/05/04 00:29:33.256, 3, GPU-428acb6b-9398-1f29-218d-e81317ef4d30, NVIDIA A100-SXM4-80GB, 73015, 81920, 100, 474.42, 51
nid008569,2026/05/04 00:29:34.170, 0, GPU-7b8dcc3e-7a6b-ed06-f92f-1b75b7f66c4d, NVIDIA A100-SXM4-80GB, 72771, 81920, 0, 92.19, 32
nid008569,2026/05/04 00:29:34.172, 1, GPU-a38d0ad5-b689-3842-8693-74ca661db097, NVIDIA A100-SXM4-80GB, 72771, 81920, 0, 92.60, 30
nid008569,2026/05/04 00:29:34.174, 2, GPU-0eeb185a-5ff9-a064-b944-df364d9f0525, NVIDIA A100-SXM4-80GB, 73391, 81920, 0, 96.82, 32
nid008569,2026/05/04 00:29:34.176, 3, GPU-b85332e0-5267-87ff-d66c-3ea990a45a88, NVIDIA A100-SXM4-80GB, 73391, 81920, 0, 95.20, 30
nid008225,2026/05/04 00:29:37.196, 0, GPU-baade223-6883-6299-1b87-c48c53d32c2d, NVIDIA A100-SXM4-80GB, 35351, 81920, 0, 95.96, 32
nid008225,2026/05/04 00:29:37.199, 1, GPU-08cd89d1-fe1c-96bf-9720-f8b4d92156ab, NVIDIA A100-SXM4-80GB, 35351, 81920, 0, 97.00, 30
nid008225,2026/05/04 00:29:37.201, 2, GPU-035e63ff-8624-b2e0-9447-5140761bc5cf, NVIDIA A100-SXM4-80GB, 73467, 81920, 100, 116.94, 50
nid008225,2026/05/04 00:29:37.202, 3, GPU-428acb6b-9398-1f29-218d-e81317ef4d30, NVIDIA A100-SXM4-80GB, 73015, 81920, 100, 142.84, 46
nid008569,2026/05/04 00:29:38.162, 0, GPU-7b8dcc3e-7a6b-ed06-f92f-1b75b7f66c4d, NVIDIA A100-SXM4-80GB, 72771, 81920, 0, 92.19, 32
nid008569,2026/05/04 00:29:38.165, 1, GPU-a38d0ad5-b689-3842-8693-74ca661db097, NVIDIA A100-SXM4-80GB, 72771, 81920, 0, 92.60, 30
nid008569,2026/05/04 00:29:38.170, 2, GPU-0eeb185a-5ff9-a064-b944-df364d9f0525, NVIDIA A100-SXM4-80GB, 73391, 81920, 0, 96.94, 32
nid008569,2026/05/04 00:29:38.172, 3, GPU-b85332e0-5267-87ff-d66c-3ea990a45a88, NVIDIA A100-SXM4-80GB, 73391, 81920, 0, 95.20, 30
nid008225,2026/05/04 00:29:41.243, 0, GPU-baade223-6883-6299-1b87-c48c53d32c2d, NVIDIA A100-SXM4-80GB, 35351, 81920, 0, 95.96, 32
nid008225,2026/05/04 00:29:41.245, 1, GPU-08cd89d1-fe1c-96bf-9720-f8b4d92156ab, NVIDIA A100-SXM4-80GB, 35351, 81920, 0, 97.00, 30
nid008225,2026/05/04 00:29:41.247, 2, GPU-035e63ff-8624-b2e0-9447-5140761bc5cf, NVIDIA A100-SXM4-80GB, 73467, 81920, 100, 115.90, 46
nid008225,2026/05/04 00:29:41.249, 3, GPU-428acb6b-9398-1f29-218d-e81317ef4d30, NVIDIA A100-SXM4-80GB, 73015, 81920, 100, 477.87, 54
nid008569,2026/05/04 00:29:42.245, 0, GPU-7b8dcc3e-7a6b-ed06-f92f-1b75b7f66c4d, NVIDIA A100-SXM4-80GB, 72771, 81920, 100, 169.05, 38
nid008569,2026/05/04 00:29:42.247, 1, GPU-a38d0ad5-b689-3842-8693-74ca661db097, NVIDIA A100-SXM4-80GB, 72771, 81920, 100, 186.19, 36
nid008569,2026/05/04 00:29:42.249, 2, GPU-0eeb185a-5ff9-a064-b944-df364d9f0525, NVIDIA A100-SXM4-80GB, 73391, 81920, 100, 195.95, 37
nid008569,2026/05/04 00:29:42.251, 3, GPU-b85332e0-5267-87ff-d66c-3ea990a45a88, NVIDIA A100-SXM4-80GB, 73391, 81920, 98, 263.76, 35
nid008225,2026/05/04 00:29:45.261, 0, GPU-baade223-6883-6299-1b87-c48c53d32c2d, NVIDIA A100-SXM4-80GB, 35351, 81920, 0, 95.96, 32
nid008225,2026/05/04 00:29:45.263, 1, GPU-08cd89d1-fe1c-96bf-9720-f8b4d92156ab, NVIDIA A100-SXM4-80GB, 35351, 81920, 0, 97.00, 30
nid008225,2026/05/04 00:29:45.265, 2, GPU-035e63ff-8624-b2e0-9447-5140761bc5cf, NVIDIA A100-SXM4-80GB, 73467, 81920, 100, 497.60, 58
nid008225,2026/05/04 00:29:45.266, 3, GPU-428acb6b-9398-1f29-218d-e81317ef4d30, NVIDIA A100-SXM4-80GB, 73015, 81920, 100, 122.25, 41
nid008569,2026/05/04 00:29:46.189, 0, GPU-7b8dcc3e-7a6b-ed06-f92f-1b75b7f66c4d, NVIDIA A100-SXM4-80GB, 72771, 81920, 0, 92.88, 34
nid008569,2026/05/04 00:29:46.192, 1, GPU-a38d0ad5-b689-3842-8693-74ca661db097, NVIDIA A100-SXM4-80GB, 72771, 81920, 0, 92.88, 31
nid008569,2026/05/04 00:29:46.194, 2, GPU-0eeb185a-5ff9-a064-b944-df364d9f0525, NVIDIA A100-SXM4-80GB, 73391, 81920, 0, 97.51, 33
nid008569,2026/05/04 00:29:46.195, 3, GPU-b85332e0-5267-87ff-d66c-3ea990a45a88, NVIDIA A100-SXM4-80GB, 73391, 81920, 0, 95.77, 31
nid008225,2026/05/04 00:29:49.244, 0, GPU-baade223-6883-6299-1b87-c48c53d32c2d, NVIDIA A100-SXM4-80GB, 35351, 81920, 0, 95.96, 32
nid008225,2026/05/04 00:29:49.249, 1, GPU-08cd89d1-fe1c-96bf-9720-f8b4d92156ab, NVIDIA A100-SXM4-80GB, 35351, 81920, 0, 97.00, 30
nid008225,2026/05/04 00:29:49.250, 2, GPU-035e63ff-8624-b2e0-9447-5140761bc5cf, NVIDIA A100-SXM4-80GB, 73467, 81920, 100, 497.08, 55
nid008225,2026/05/04 00:29:49.252, 3, GPU-428acb6b-9398-1f29-218d-e81317ef4d30, NVIDIA A100-SXM4-80GB, 73015, 81920, 100, 134.11, 45
nid008569,2026/05/04 00:29:50.228, 0, GPU-7b8dcc3e-7a6b-ed06-f92f-1b75b7f66c4d, NVIDIA A100-SXM4-80GB, 72771, 81920, 0, 92.19, 33
nid008569,2026/05/04 00:29:50.235, 1, GPU-a38d0ad5-b689-3842-8693-74ca661db097, NVIDIA A100-SXM4-80GB, 72771, 81920, 0, 92.71, 30
nid008569,2026/05/04 00:29:50.240, 2, GPU-0eeb185a-5ff9-a064-b944-df364d9f0525, NVIDIA A100-SXM4-80GB, 73391, 81920, 0, 97.23, 32
nid008569,2026/05/04 00:29:50.244, 3, GPU-b85332e0-5267-87ff-d66c-3ea990a45a88, NVIDIA A100-SXM4-80GB, 73391, 81920, 0, 95.48, 30
nid008225,2026/05/04 00:29:53.245, 0, GPU-baade223-6883-6299-1b87-c48c53d32c2d, NVIDIA A100-SXM4-80GB, 35351, 81920, 0, 95.73, 32
nid008225,2026/05/04 00:29:53.247, 1, GPU-08cd89d1-fe1c-96bf-9720-f8b4d92156ab, NVIDIA A100-SXM4-80GB, 35351, 81920, 0, 97.00, 30
nid008225,2026/05/04 00:29:53.249, 2, GPU-035e63ff-8624-b2e0-9447-5140761bc5cf, NVIDIA A100-SXM4-80GB, 73467, 81920, 100, 118.04, 49
nid008225,2026/05/04 00:29:53.250, 3, GPU-428acb6b-9398-1f29-218d-e81317ef4d30, NVIDIA A100-SXM4-80GB, 73015, 81920, 100, 469.44, 50
nid008569,2026/05/04 00:29:54.164, 0, GPU-7b8dcc3e-7a6b-ed06-f92f-1b75b7f66c4d, NVIDIA A100-SXM4-80GB, 72771, 81920, 0, 92.19, 33
nid008569,2026/05/04 00:29:54.167, 1, GPU-a38d0ad5-b689-3842-8693-74ca661db097, NVIDIA A100-SXM4-80GB, 72771, 81920, 0, 92.60, 30
nid008569,2026/05/04 00:29:54.169, 2, GPU-0eeb185a-5ff9-a064-b944-df364d9f0525, NVIDIA A100-SXM4-80GB, 73391, 81920, 0, 97.06, 32
nid008569,2026/05/04 00:29:54.170, 3, GPU-b85332e0-5267-87ff-d66c-3ea990a45a88, NVIDIA A100-SXM4-80GB, 73391, 81920, 0, 95.48, 30
nid008225,2026/05/04 00:29:57.167, 0, GPU-baade223-6883-6299-1b87-c48c53d32c2d, NVIDIA A100-SXM4-80GB, 35351, 81920, 0, 95.96, 32
nid008225,2026/05/04 00:29:57.172, 1, GPU-08cd89d1-fe1c-96bf-9720-f8b4d92156ab, NVIDIA A100-SXM4-80GB, 35351, 81920, 0, 97.00, 30
nid008225,2026/05/04 00:29:57.178, 2, GPU-035e63ff-8624-b2e0-9447-5140761bc5cf, NVIDIA A100-SXM4-80GB, 73467, 81920, 100, 493.91, 55
nid008225,2026/05/04 00:29:57.183, 3, GPU-428acb6b-9398-1f29-218d-e81317ef4d30, NVIDIA A100-SXM4-80GB, 73015, 81920, 100, 135.72, 45
nid008569,2026/05/04 00:29:58.120, 0, GPU-7b8dcc3e-7a6b-ed06-f92f-1b75b7f66c4d, NVIDIA A100-SXM4-80GB, 72771, 81920, 0, 92.08, 32
nid008569,2026/05/04 00:29:58.123, 1, GPU-a38d0ad5-b689-3842-8693-74ca661db097, NVIDIA A100-SXM4-80GB, 72771, 81920, 0, 92.36, 30
nid008569,2026/05/04 00:29:58.124, 2, GPU-0eeb185a-5ff9-a064-b944-df364d9f0525, NVIDIA A100-SXM4-80GB, 73391, 81920, 0, 97.23, 32
nid008569,2026/05/04 00:29:58.126, 3, GPU-b85332e0-5267-87ff-d66c-3ea990a45a88, NVIDIA A100-SXM4-80GB, 73391, 81920, 0, 95.20, 30
nid008225,2026/05/04 00:30:01.129, 0, GPU-baade223-6883-6299-1b87-c48c53d32c2d, NVIDIA A100-SXM4-80GB, 35351, 81920, 0, 95.96, 32
nid008225,2026/05/04 00:30:01.132, 1, GPU-08cd89d1-fe1c-96bf-9720-f8b4d92156ab, NVIDIA A100-SXM4-80GB, 35351, 81920, 0, 97.00, 30
nid008225,2026/05/04 00:30:01.133, 2, GPU-035e63ff-8624-b2e0-9447-5140761bc5cf, NVIDIA A100-SXM4-80GB, 73467, 81920, 100, 116.18, 48
nid008225,2026/05/04 00:30:01.135, 3, GPU-428acb6b-9398-1f29-218d-e81317ef4d30, NVIDIA A100-SXM4-80GB, 73015, 81920, 90, 474.94, 49
nid008569,2026/05/04 00:30:02.117, 0, GPU-7b8dcc3e-7a6b-ed06-f92f-1b75b7f66c4d, NVIDIA A100-SXM4-80GB, 72771, 81920, 100, 218.38, 39
nid008569,2026/05/04 00:30:02.119, 1, GPU-a38d0ad5-b689-3842-8693-74ca661db097, NVIDIA A100-SXM4-80GB, 72771, 81920, 100, 202.25, 36
nid008569,2026/05/04 00:30:02.120, 2, GPU-0eeb185a-5ff9-a064-b944-df364d9f0525, NVIDIA A100-SXM4-80GB, 73391, 81920, 100, 177.71, 38
nid008569,2026/05/04 00:30:02.122, 3, GPU-b85332e0-5267-87ff-d66c-3ea990a45a88, NVIDIA A100-SXM4-80GB, 73391, 81920, 100, 200.97, 36
nid008225,2026/05/04 00:30:05.169, 0, GPU-baade223-6883-6299-1b87-c48c53d32c2d, NVIDIA A100-SXM4-80GB, 35351, 81920, 0, 95.95, 32
nid008225,2026/05/04 00:30:05.172, 1, GPU-08cd89d1-fe1c-96bf-9720-f8b4d92156ab, NVIDIA A100-SXM4-80GB, 35351, 81920, 0, 96.94, 30
nid008225,2026/05/04 00:30:05.173, 2, GPU-035e63ff-8624-b2e0-9447-5140761bc5cf, NVIDIA A100-SXM4-80GB, 73467, 81920, 0, 114.04, 41
nid008225,2026/05/04 00:30:05.175, 3, GPU-428acb6b-9398-1f29-218d-e81317ef4d30, NVIDIA A100-SXM4-80GB, 73015, 81920, 0, 118.17, 38
nid008569,2026/05/04 00:30:06.098, 0, GPU-7b8dcc3e-7a6b-ed06-f92f-1b75b7f66c4d, NVIDIA A100-SXM4-80GB, 72771, 81920, 0, 92.60, 33
nid008569,2026/05/04 00:30:06.101, 1, GPU-a38d0ad5-b689-3842-8693-74ca661db097, NVIDIA A100-SXM4-80GB, 72771, 81920, 0, 92.60, 31
nid008569,2026/05/04 00:30:06.102, 2, GPU-0eeb185a-5ff9-a064-b944-df364d9f0525, NVIDIA A100-SXM4-80GB, 73391, 81920, 0, 97.23, 33
nid008569,2026/05/04 00:30:06.104, 3, GPU-b85332e0-5267-87ff-d66c-3ea990a45a88, NVIDIA A100-SXM4-80GB, 73391, 81920, 0, 95.48, 30
nid008225,2026/05/04 00:30:09.119, 0, GPU-baade223-6883-6299-1b87-c48c53d32c2d, NVIDIA A100-SXM4-80GB, 35351, 81920, 0, 96.07, 32
nid008225,2026/05/04 00:30:09.122, 1, GPU-08cd89d1-fe1c-96bf-9720-f8b4d92156ab, NVIDIA A100-SXM4-80GB, 35351, 81920, 0, 97.06, 30
nid008225,2026/05/04 00:30:09.124, 2, GPU-035e63ff-8624-b2e0-9447-5140761bc5cf, NVIDIA A100-SXM4-80GB, 73467, 81920, 0, 93.27, 36
nid008225,2026/05/04 00:30:09.128, 3, GPU-428acb6b-9398-1f29-218d-e81317ef4d30, NVIDIA A100-SXM4-80GB, 73015, 81920, 0, 99.61, 33
nid008569,2026/05/04 00:30:10.087, 0, GPU-7b8dcc3e-7a6b-ed06-f92f-1b75b7f66c4d, NVIDIA A100-SXM4-80GB, 72771, 81920, 100, 188.86, 36
nid008569,2026/05/04 00:30:10.090, 1, GPU-a38d0ad5-b689-3842-8693-74ca661db097, NVIDIA A100-SXM4-80GB, 72771, 81920, 100, 193.88, 34
nid008569,2026/05/04 00:30:10.092, 2, GPU-0eeb185a-5ff9-a064-b944-df364d9f0525, NVIDIA A100-SXM4-80GB, 73391, 81920, 100, 215.18, 35
nid008569,2026/05/04 00:30:10.094, 3, GPU-b85332e0-5267-87ff-d66c-3ea990a45a88, NVIDIA A100-SXM4-80GB, 73391, 81920, 91, 270.35, 33
nid008225,2026/05/04 00:30:13.174, 0, GPU-baade223-6883-6299-1b87-c48c53d32c2d, NVIDIA A100-SXM4-80GB, 35351, 81920, 0, 95.95, 32
nid008225,2026/05/04 00:30:13.176, 1, GPU-08cd89d1-fe1c-96bf-9720-f8b4d92156ab, NVIDIA A100-SXM4-80GB, 35351, 81920, 0, 97.06, 30
nid008225,2026/05/04 00:30:13.178, 2, GPU-035e63ff-8624-b2e0-9447-5140761bc5cf, NVIDIA A100-SXM4-80GB, 73467, 81920, 0, 93.41, 35
nid008225,2026/05/04 00:30:13.180, 3, GPU-428acb6b-9398-1f29-218d-e81317ef4d30, NVIDIA A100-SXM4-80GB, 73015, 81920, 0, 99.37, 32
nid008569,2026/05/04 00:30:14.105, 0, GPU-7b8dcc3e-7a6b-ed06-f92f-1b75b7f66c4d, NVIDIA A100-SXM4-80GB, 72771, 81920, 0, 111.29, 36
nid008569,2026/05/04 00:30:14.107, 1, GPU-a38d0ad5-b689-3842-8693-74ca661db097, NVIDIA A100-SXM4-80GB, 72771, 81920, 0, 112.33, 33
nid008569,2026/05/04 00:30:14.108, 2, GPU-0eeb185a-5ff9-a064-b944-df364d9f0525, NVIDIA A100-SXM4-80GB, 73391, 81920, 0, 115.36, 35
nid008569,2026/05/04 00:30:14.110, 3, GPU-b85332e0-5267-87ff-d66c-3ea990a45a88, NVIDIA A100-SXM4-80GB, 73391, 81920, 0, 112.89, 32
