host,timestamp,gpu_index,uuid,name,memory_used_mb,memory_total_mb,gpu_util_percent,power_watts,temp_c
nid001121,2026/05/02 01:57:42.262, 0, GPU-1142dc10-04e1-8104-b58f-6e9c4e3ad695, NVIDIA A100-SXM4-40GB, 36689, 40960, 0, 105.76, 36
nid001121,2026/05/02 01:57:42.265, 1, GPU-609dad44-ba7d-bab2-0915-e9b0b033ff14, NVIDIA A100-SXM4-40GB, 36669, 40960, 0, 105.64, 32
nid001121,2026/05/02 01:57:42.267, 2, GPU-aad97d9d-6ff8-bc8d-0481-0c3f454fa1c0, NVIDIA A100-SXM4-40GB, 36669, 40960, 0, 108.69, 34
nid001121,2026/05/02 01:57:42.269, 3, GPU-7d9c6827-58f4-451d-6e2f-de41351f3aa8, NVIDIA A100-SXM4-40GB, 36669, 40960, 0, 98.00, 32
nid001124,2026/05/02 01:57:44.290, 0, GPU-ea60c39f-8348-3f52-3b10-288cfb47cb68, NVIDIA A100-SXM4-40GB, 37449, 40960, 0, 104.96, 37
nid001124,2026/05/02 01:57:44.293, 1, GPU-e687c310-f91d-421a-4706-8e960a8458df, NVIDIA A100-SXM4-40GB, 37443, 40960, 0, 102.43, 33
nid001124,2026/05/02 01:57:44.294, 2, GPU-dfbfc0a1-5bdd-9a67-abb3-e6f3ac7d37b7, NVIDIA A100-SXM4-40GB, 37443, 40960, 0, 99.75, 36
nid001124,2026/05/02 01:57:44.298, 3, GPU-145799ee-88ab-a08b-a7c5-5e22d5beb30f, NVIDIA A100-SXM4-40GB, 37443, 40960, 0, 102.56, 32
nid001121,2026/05/02 01:57:48.279, 0, GPU-1142dc10-04e1-8104-b58f-6e9c4e3ad695, NVIDIA A100-SXM4-40GB, 36689, 40960, 0, 104.72, 36
nid001121,2026/05/02 01:57:48.285, 1, GPU-609dad44-ba7d-bab2-0915-e9b0b033ff14, NVIDIA A100-SXM4-40GB, 36669, 40960, 0, 105.64, 32
nid001121,2026/05/02 01:57:48.287, 2, GPU-aad97d9d-6ff8-bc8d-0481-0c3f454fa1c0, NVIDIA A100-SXM4-40GB, 36669, 40960, 0, 108.69, 34
nid001121,2026/05/02 01:57:48.288, 3, GPU-7d9c6827-58f4-451d-6e2f-de41351f3aa8, NVIDIA A100-SXM4-40GB, 36669, 40960, 0, 98.00, 32
nid001124,2026/05/02 01:57:50.750, 0, GPU-ea60c39f-8348-3f52-3b10-288cfb47cb68, NVIDIA A100-SXM4-40GB, 37449, 40960, 0, 104.21, 37
nid001124,2026/05/02 01:57:50.752, 1, GPU-e687c310-f91d-421a-4706-8e960a8458df, NVIDIA A100-SXM4-40GB, 37443, 40960, 0, 102.43, 33
nid001124,2026/05/02 01:57:50.754, 2, GPU-dfbfc0a1-5bdd-9a67-abb3-e6f3ac7d37b7, NVIDIA A100-SXM4-40GB, 37443, 40960, 0, 99.75, 36
nid001124,2026/05/02 01:57:50.756, 3, GPU-145799ee-88ab-a08b-a7c5-5e22d5beb30f, NVIDIA A100-SXM4-40GB, 37443, 40960, 0, 102.68, 32
nid001121,2026/05/02 01:57:54.991, 0, GPU-1142dc10-04e1-8104-b58f-6e9c4e3ad695, NVIDIA A100-SXM4-40GB, 36689, 40960, 0, 104.72, 36
nid001121,2026/05/02 01:57:54.994, 1, GPU-609dad44-ba7d-bab2-0915-e9b0b033ff14, NVIDIA A100-SXM4-40GB, 36669, 40960, 0, 105.64, 32
nid001121,2026/05/02 01:57:54.996, 2, GPU-aad97d9d-6ff8-bc8d-0481-0c3f454fa1c0, NVIDIA A100-SXM4-40GB, 36669, 40960, 0, 108.69, 34
nid001121,2026/05/02 01:57:54.997, 3, GPU-7d9c6827-58f4-451d-6e2f-de41351f3aa8, NVIDIA A100-SXM4-40GB, 36669, 40960, 0, 98.00, 32
nid001124,2026/05/02 01:57:57.252, 0, GPU-ea60c39f-8348-3f52-3b10-288cfb47cb68, NVIDIA A100-SXM4-40GB, 37449, 40960, 0, 103.96, 37
nid001124,2026/05/02 01:57:57.255, 1, GPU-e687c310-f91d-421a-4706-8e960a8458df, NVIDIA A100-SXM4-40GB, 37443, 40960, 0, 102.43, 33
nid001124,2026/05/02 01:57:57.257, 2, GPU-dfbfc0a1-5bdd-9a67-abb3-e6f3ac7d37b7, NVIDIA A100-SXM4-40GB, 37443, 40960, 0, 99.75, 36
nid001124,2026/05/02 01:57:57.258, 3, GPU-145799ee-88ab-a08b-a7c5-5e22d5beb30f, NVIDIA A100-SXM4-40GB, 37443, 40960, 0, 102.44, 32
nid001121,2026/05/02 01:58:00.972, 0, GPU-1142dc10-04e1-8104-b58f-6e9c4e3ad695, NVIDIA A100-SXM4-40GB, 36689, 40960, 0, 104.72, 36
nid001121,2026/05/02 01:58:00.975, 1, GPU-609dad44-ba7d-bab2-0915-e9b0b033ff14, NVIDIA A100-SXM4-40GB, 36669, 40960, 0, 105.64, 32
nid001121,2026/05/02 01:58:00.976, 2, GPU-aad97d9d-6ff8-bc8d-0481-0c3f454fa1c0, NVIDIA A100-SXM4-40GB, 36669, 40960, 0, 108.94, 34
nid001121,2026/05/02 01:58:00.978, 3, GPU-7d9c6827-58f4-451d-6e2f-de41351f3aa8, NVIDIA A100-SXM4-40GB, 36669, 40960, 0, 98.00, 32
nid001124,2026/05/02 01:58:03.186, 0, GPU-ea60c39f-8348-3f52-3b10-288cfb47cb68, NVIDIA A100-SXM4-40GB, 37449, 40960, 0, 103.96, 37
nid001124,2026/05/02 01:58:03.189, 1, GPU-e687c310-f91d-421a-4706-8e960a8458df, NVIDIA A100-SXM4-40GB, 37443, 40960, 0, 102.43, 33
nid001124,2026/05/02 01:58:03.191, 2, GPU-dfbfc0a1-5bdd-9a67-abb3-e6f3ac7d37b7, NVIDIA A100-SXM4-40GB, 37443, 40960, 0, 99.75, 36
nid001124,2026/05/02 01:58:03.192, 3, GPU-145799ee-88ab-a08b-a7c5-5e22d5beb30f, NVIDIA A100-SXM4-40GB, 37443, 40960, 0, 102.68, 32
nid001121,2026/05/02 01:58:07.487, 0, GPU-1142dc10-04e1-8104-b58f-6e9c4e3ad695, NVIDIA A100-SXM4-40GB, 36689, 40960, 0, 104.72, 36
nid001121,2026/05/02 01:58:07.490, 1, GPU-609dad44-ba7d-bab2-0915-e9b0b033ff14, NVIDIA A100-SXM4-40GB, 36669, 40960, 0, 105.64, 32
nid001121,2026/05/02 01:58:07.492, 2, GPU-aad97d9d-6ff8-bc8d-0481-0c3f454fa1c0, NVIDIA A100-SXM4-40GB, 36669, 40960, 0, 108.69, 34
nid001121,2026/05/02 01:58:07.493, 3, GPU-7d9c6827-58f4-451d-6e2f-de41351f3aa8, NVIDIA A100-SXM4-40GB, 36669, 40960, 0, 98.00, 32
nid001124,2026/05/02 01:58:09.491, 0, GPU-ea60c39f-8348-3f52-3b10-288cfb47cb68, NVIDIA A100-SXM4-40GB, 37449, 40960, 0, 103.96, 37
nid001124,2026/05/02 01:58:09.494, 1, GPU-e687c310-f91d-421a-4706-8e960a8458df, NVIDIA A100-SXM4-40GB, 37443, 40960, 0, 102.43, 33
nid001124,2026/05/02 01:58:09.496, 2, GPU-dfbfc0a1-5bdd-9a67-abb3-e6f3ac7d37b7, NVIDIA A100-SXM4-40GB, 37443, 40960, 0, 99.63, 36
nid001124,2026/05/02 01:58:09.497, 3, GPU-145799ee-88ab-a08b-a7c5-5e22d5beb30f, NVIDIA A100-SXM4-40GB, 37443, 40960, 0, 102.56, 32
nid001121,2026/05/02 01:58:13.434, 0, GPU-1142dc10-04e1-8104-b58f-6e9c4e3ad695, NVIDIA A100-SXM4-40GB, 36993, 40960, 0, 105.24, 36
nid001121,2026/05/02 01:58:13.438, 1, GPU-609dad44-ba7d-bab2-0915-e9b0b033ff14, NVIDIA A100-SXM4-40GB, 36783, 40960, 0, 106.16, 32
nid001121,2026/05/02 01:58:13.439, 2, GPU-aad97d9d-6ff8-bc8d-0481-0c3f454fa1c0, NVIDIA A100-SXM4-40GB, 36783, 40960, 0, 109.22, 34
nid001121,2026/05/02 01:58:13.441, 3, GPU-7d9c6827-58f4-451d-6e2f-de41351f3aa8, NVIDIA A100-SXM4-40GB, 36783, 40960, 0, 98.47, 32
nid001124,2026/05/02 01:58:15.419, 0, GPU-ea60c39f-8348-3f52-3b10-288cfb47cb68, NVIDIA A100-SXM4-40GB, 37465, 40960, 0, 104.73, 37
nid001124,2026/05/02 01:58:15.422, 1, GPU-e687c310-f91d-421a-4706-8e960a8458df, NVIDIA A100-SXM4-40GB, 37459, 40960, 0, 102.43, 33
nid001124,2026/05/02 01:58:15.424, 2, GPU-dfbfc0a1-5bdd-9a67-abb3-e6f3ac7d37b7, NVIDIA A100-SXM4-40GB, 37459, 40960, 0, 99.75, 36
nid001124,2026/05/02 01:58:15.426, 3, GPU-145799ee-88ab-a08b-a7c5-5e22d5beb30f, NVIDIA A100-SXM4-40GB, 37527, 40960, 81, 102.56, 32
nid001121,2026/05/02 01:58:19.415, 0, GPU-1142dc10-04e1-8104-b58f-6e9c4e3ad695, NVIDIA A100-SXM4-40GB, 37219, 40960, 4, 105.00, 36
nid001121,2026/05/02 01:58:19.419, 1, GPU-609dad44-ba7d-bab2-0915-e9b0b033ff14, NVIDIA A100-SXM4-40GB, 37017, 40960, 17, 105.87, 33
nid001121,2026/05/02 01:58:19.421, 2, GPU-aad97d9d-6ff8-bc8d-0481-0c3f454fa1c0, NVIDIA A100-SXM4-40GB, 37017, 40960, 12, 109.46, 34
nid001121,2026/05/02 01:58:19.424, 3, GPU-7d9c6827-58f4-451d-6e2f-de41351f3aa8, NVIDIA A100-SXM4-40GB, 37017, 40960, 9, 98.23, 32
nid001124,2026/05/02 01:58:21.357, 0, GPU-ea60c39f-8348-3f52-3b10-288cfb47cb68, NVIDIA A100-SXM4-40GB, 37717, 40960, 30, 114.97, 38
nid001124,2026/05/02 01:58:21.359, 1, GPU-e687c310-f91d-421a-4706-8e960a8458df, NVIDIA A100-SXM4-40GB, 37711, 40960, 16, 104.24, 34
nid001124,2026/05/02 01:58:21.361, 2, GPU-dfbfc0a1-5bdd-9a67-abb3-e6f3ac7d37b7, NVIDIA A100-SXM4-40GB, 37711, 40960, 14, 100.11, 37
nid001124,2026/05/02 01:58:21.363, 3, GPU-145799ee-88ab-a08b-a7c5-5e22d5beb30f, NVIDIA A100-SXM4-40GB, 37711, 40960, 10, 103.08, 33
nid001121,2026/05/02 01:58:25.321, 0, GPU-1142dc10-04e1-8104-b58f-6e9c4e3ad695, NVIDIA A100-SXM4-40GB, 37219, 40960, 4, 105.00, 36
nid001121,2026/05/02 01:58:25.328, 1, GPU-609dad44-ba7d-bab2-0915-e9b0b033ff14, NVIDIA A100-SXM4-40GB, 37017, 40960, 6, 105.64, 33
nid001121,2026/05/02 01:58:25.333, 2, GPU-aad97d9d-6ff8-bc8d-0481-0c3f454fa1c0, NVIDIA A100-SXM4-40GB, 37017, 40960, 4, 108.94, 34
nid001121,2026/05/02 01:58:25.338, 3, GPU-7d9c6827-58f4-451d-6e2f-de41351f3aa8, NVIDIA A100-SXM4-40GB, 37017, 40960, 7, 112.91, 32
nid001124,2026/05/02 01:58:27.230, 0, GPU-ea60c39f-8348-3f52-3b10-288cfb47cb68, NVIDIA A100-SXM4-40GB, 37717, 40960, 12, 145.01, 38
nid001124,2026/05/02 01:58:27.233, 1, GPU-e687c310-f91d-421a-4706-8e960a8458df, NVIDIA A100-SXM4-40GB, 37711, 40960, 11, 107.81, 34
nid001124,2026/05/02 01:58:27.234, 2, GPU-dfbfc0a1-5bdd-9a67-abb3-e6f3ac7d37b7, NVIDIA A100-SXM4-40GB, 37711, 40960, 22, 100.99, 36
nid001124,2026/05/02 01:58:27.236, 3, GPU-145799ee-88ab-a08b-a7c5-5e22d5beb30f, NVIDIA A100-SXM4-40GB, 37711, 40960, 30, 103.84, 33
nid001121,2026/05/02 01:58:31.020, 0, GPU-1142dc10-04e1-8104-b58f-6e9c4e3ad695, NVIDIA A100-SXM4-40GB, 37219, 40960, 18, 104.88, 36
nid001121,2026/05/02 01:58:31.023, 1, GPU-609dad44-ba7d-bab2-0915-e9b0b033ff14, NVIDIA A100-SXM4-40GB, 37017, 40960, 0, 105.87, 33
nid001121,2026/05/02 01:58:31.025, 2, GPU-aad97d9d-6ff8-bc8d-0481-0c3f454fa1c0, NVIDIA A100-SXM4-40GB, 37017, 40960, 8, 109.22, 34
nid001121,2026/05/02 01:58:31.027, 3, GPU-7d9c6827-58f4-451d-6e2f-de41351f3aa8, NVIDIA A100-SXM4-40GB, 37017, 40960, 9, 98.23, 32
nid001124,2026/05/02 01:58:33.090, 0, GPU-ea60c39f-8348-3f52-3b10-288cfb47cb68, NVIDIA A100-SXM4-40GB, 37717, 40960, 8, 105.49, 38
nid001124,2026/05/02 01:58:33.098, 1, GPU-e687c310-f91d-421a-4706-8e960a8458df, NVIDIA A100-SXM4-40GB, 37711, 40960, 1, 102.96, 34
nid001124,2026/05/02 01:58:33.101, 2, GPU-dfbfc0a1-5bdd-9a67-abb3-e6f3ac7d37b7, NVIDIA A100-SXM4-40GB, 37711, 40960, 0, 100.11, 36
nid001124,2026/05/02 01:58:33.102, 3, GPU-145799ee-88ab-a08b-a7c5-5e22d5beb30f, NVIDIA A100-SXM4-40GB, 37711, 40960, 10, 103.08, 33
nid001121,2026/05/02 01:58:37.168, 0, GPU-1142dc10-04e1-8104-b58f-6e9c4e3ad695, NVIDIA A100-SXM4-40GB, 37219, 40960, 8, 104.88, 36
nid001121,2026/05/02 01:58:37.174, 1, GPU-609dad44-ba7d-bab2-0915-e9b0b033ff14, NVIDIA A100-SXM4-40GB, 37017, 40960, 4, 105.87, 33
nid001121,2026/05/02 01:58:37.176, 2, GPU-aad97d9d-6ff8-bc8d-0481-0c3f454fa1c0, NVIDIA A100-SXM4-40GB, 37017, 40960, 6, 108.94, 34
nid001121,2026/05/02 01:58:37.178, 3, GPU-7d9c6827-58f4-451d-6e2f-de41351f3aa8, NVIDIA A100-SXM4-40GB, 37017, 40960, 1, 98.00, 32
nid001124,2026/05/02 01:58:39.368, 0, GPU-ea60c39f-8348-3f52-3b10-288cfb47cb68, NVIDIA A100-SXM4-40GB, 37717, 40960, 55, 105.78, 38
nid001124,2026/05/02 01:58:39.371, 1, GPU-e687c310-f91d-421a-4706-8e960a8458df, NVIDIA A100-SXM4-40GB, 37711, 40960, 20, 174.32, 34
nid001124,2026/05/02 01:58:39.373, 2, GPU-dfbfc0a1-5bdd-9a67-abb3-e6f3ac7d37b7, NVIDIA A100-SXM4-40GB, 37711, 40960, 57, 103.73, 36
nid001124,2026/05/02 01:58:39.375, 3, GPU-145799ee-88ab-a08b-a7c5-5e22d5beb30f, NVIDIA A100-SXM4-40GB, 37711, 40960, 44, 116.12, 33
nid001121,2026/05/02 01:58:43.505, 0, GPU-1142dc10-04e1-8104-b58f-6e9c4e3ad695, NVIDIA A100-SXM4-40GB, 37219, 40960, 35, 106.53, 37
nid001121,2026/05/02 01:58:43.508, 1, GPU-609dad44-ba7d-bab2-0915-e9b0b033ff14, NVIDIA A100-SXM4-40GB, 37017, 40960, 21, 145.01, 33
nid001121,2026/05/02 01:58:43.509, 2, GPU-aad97d9d-6ff8-bc8d-0481-0c3f454fa1c0, NVIDIA A100-SXM4-40GB, 37017, 40960, 21, 173.25, 34
nid001121,2026/05/02 01:58:43.511, 3, GPU-7d9c6827-58f4-451d-6e2f-de41351f3aa8, NVIDIA A100-SXM4-40GB, 37017, 40960, 20, 110.11, 33
nid001124,2026/05/02 01:58:45.409, 0, GPU-ea60c39f-8348-3f52-3b10-288cfb47cb68, NVIDIA A100-SXM4-40GB, 37717, 40960, 12, 116.26, 38
nid001124,2026/05/02 01:58:45.412, 1, GPU-e687c310-f91d-421a-4706-8e960a8458df, NVIDIA A100-SXM4-40GB, 37711, 40960, 4, 104.72, 34
nid001124,2026/05/02 01:58:45.414, 2, GPU-dfbfc0a1-5bdd-9a67-abb3-e6f3ac7d37b7, NVIDIA A100-SXM4-40GB, 37711, 40960, 3, 100.39, 36
nid001124,2026/05/02 01:58:45.415, 3, GPU-145799ee-88ab-a08b-a7c5-5e22d5beb30f, NVIDIA A100-SXM4-40GB, 37711, 40960, 25, 103.08, 33
nid001121,2026/05/02 01:58:49.181, 0, GPU-1142dc10-04e1-8104-b58f-6e9c4e3ad695, NVIDIA A100-SXM4-40GB, 37219, 40960, 19, 105.76, 36
nid001121,2026/05/02 01:58:49.184, 1, GPU-609dad44-ba7d-bab2-0915-e9b0b033ff14, NVIDIA A100-SXM4-40GB, 37017, 40960, 20, 105.87, 33
nid001121,2026/05/02 01:58:49.186, 2, GPU-aad97d9d-6ff8-bc8d-0481-0c3f454fa1c0, NVIDIA A100-SXM4-40GB, 37017, 40960, 0, 109.22, 34
nid001121,2026/05/02 01:58:49.187, 3, GPU-7d9c6827-58f4-451d-6e2f-de41351f3aa8, NVIDIA A100-SXM4-40GB, 37017, 40960, 8, 102.55, 32
nid001124,2026/05/02 01:58:51.124, 0, GPU-ea60c39f-8348-3f52-3b10-288cfb47cb68, NVIDIA A100-SXM4-40GB, 37717, 40960, 28, 106.54, 38
nid001124,2026/05/02 01:58:51.127, 1, GPU-e687c310-f91d-421a-4706-8e960a8458df, NVIDIA A100-SXM4-40GB, 37711, 40960, 28, 103.20, 34
nid001124,2026/05/02 01:58:51.129, 2, GPU-dfbfc0a1-5bdd-9a67-abb3-e6f3ac7d37b7, NVIDIA A100-SXM4-40GB, 37711, 40960, 19, 114.45, 36
nid001124,2026/05/02 01:58:51.131, 3, GPU-145799ee-88ab-a08b-a7c5-5e22d5beb30f, NVIDIA A100-SXM4-40GB, 37711, 40960, 32, 103.08, 33
nid001121,2026/05/02 01:58:55.010, 0, GPU-1142dc10-04e1-8104-b58f-6e9c4e3ad695, NVIDIA A100-SXM4-40GB, 37219, 40960, 21, 152.17, 37
nid001121,2026/05/02 01:58:55.013, 1, GPU-609dad44-ba7d-bab2-0915-e9b0b033ff14, NVIDIA A100-SXM4-40GB, 37017, 40960, 2, 105.87, 33
nid001121,2026/05/02 01:58:55.016, 2, GPU-aad97d9d-6ff8-bc8d-0481-0c3f454fa1c0, NVIDIA A100-SXM4-40GB, 37017, 40960, 10, 108.94, 34
nid001121,2026/05/02 01:58:55.020, 3, GPU-7d9c6827-58f4-451d-6e2f-de41351f3aa8, NVIDIA A100-SXM4-40GB, 37017, 40960, 5, 98.23, 32
nid001124,2026/05/02 01:58:56.873, 0, GPU-ea60c39f-8348-3f52-3b10-288cfb47cb68, NVIDIA A100-SXM4-40GB, 37717, 40960, 17, 107.02, 38
nid001124,2026/05/02 01:58:56.876, 1, GPU-e687c310-f91d-421a-4706-8e960a8458df, NVIDIA A100-SXM4-40GB, 37711, 40960, 24, 103.72, 34
nid001124,2026/05/02 01:58:56.877, 2, GPU-dfbfc0a1-5bdd-9a67-abb3-e6f3ac7d37b7, NVIDIA A100-SXM4-40GB, 37711, 40960, 14, 100.39, 36
nid001124,2026/05/02 01:58:56.879, 3, GPU-145799ee-88ab-a08b-a7c5-5e22d5beb30f, NVIDIA A100-SXM4-40GB, 37711, 40960, 7, 103.08, 33
nid001121,2026/05/02 01:59:00.530, 0, GPU-1142dc10-04e1-8104-b58f-6e9c4e3ad695, NVIDIA A100-SXM4-40GB, 37219, 40960, 4, 105.00, 36
nid001121,2026/05/02 01:59:00.533, 1, GPU-609dad44-ba7d-bab2-0915-e9b0b033ff14, NVIDIA A100-SXM4-40GB, 37017, 40960, 25, 105.87, 33
nid001121,2026/05/02 01:59:00.534, 2, GPU-aad97d9d-6ff8-bc8d-0481-0c3f454fa1c0, NVIDIA A100-SXM4-40GB, 37017, 40960, 24, 109.22, 34
nid001121,2026/05/02 01:59:00.536, 3, GPU-7d9c6827-58f4-451d-6e2f-de41351f3aa8, NVIDIA A100-SXM4-40GB, 37017, 40960, 6, 98.23, 32
nid001124,2026/05/02 01:59:02.057, 0, GPU-ea60c39f-8348-3f52-3b10-288cfb47cb68, NVIDIA A100-SXM4-40GB, 37717, 40960, 39, 121.21, 38
nid001124,2026/05/02 01:59:02.060, 1, GPU-e687c310-f91d-421a-4706-8e960a8458df, NVIDIA A100-SXM4-40GB, 37711, 40960, 45, 108.57, 34
nid001124,2026/05/02 01:59:02.062, 2, GPU-dfbfc0a1-5bdd-9a67-abb3-e6f3ac7d37b7, NVIDIA A100-SXM4-40GB, 37711, 40960, 41, 100.11, 37
nid001124,2026/05/02 01:59:02.064, 3, GPU-145799ee-88ab-a08b-a7c5-5e22d5beb30f, NVIDIA A100-SXM4-40GB, 37711, 40960, 34, 104.37, 33
nid001121,2026/05/02 01:59:05.653, 0, GPU-1142dc10-04e1-8104-b58f-6e9c4e3ad695, NVIDIA A100-SXM4-40GB, 37219, 40960, 12, 181.27, 37
nid001121,2026/05/02 01:59:05.656, 1, GPU-609dad44-ba7d-bab2-0915-e9b0b033ff14, NVIDIA A100-SXM4-40GB, 37017, 40960, 8, 107.15, 33
nid001121,2026/05/02 01:59:05.658, 2, GPU-aad97d9d-6ff8-bc8d-0481-0c3f454fa1c0, NVIDIA A100-SXM4-40GB, 37017, 40960, 4, 115.36, 35
nid001121,2026/05/02 01:59:05.660, 3, GPU-7d9c6827-58f4-451d-6e2f-de41351f3aa8, NVIDIA A100-SXM4-40GB, 37017, 40960, 20, 98.75, 32
nid001124,2026/05/02 01:59:07.094, 0, GPU-ea60c39f-8348-3f52-3b10-288cfb47cb68, NVIDIA A100-SXM4-40GB, 37717, 40960, 0, 104.73, 38
nid001124,2026/05/02 01:59:07.098, 1, GPU-e687c310-f91d-421a-4706-8e960a8458df, NVIDIA A100-SXM4-40GB, 37711, 40960, 28, 102.96, 34
nid001124,2026/05/02 01:59:07.099, 2, GPU-dfbfc0a1-5bdd-9a67-abb3-e6f3ac7d37b7, NVIDIA A100-SXM4-40GB, 37711, 40960, 23, 100.11, 36
nid001124,2026/05/02 01:59:07.101, 3, GPU-145799ee-88ab-a08b-a7c5-5e22d5beb30f, NVIDIA A100-SXM4-40GB, 37711, 40960, 9, 103.08, 33
nid001121,2026/05/02 01:59:10.557, 0, GPU-1142dc10-04e1-8104-b58f-6e9c4e3ad695, NVIDIA A100-SXM4-40GB, 37219, 40960, 20, 105.00, 36
nid001121,2026/05/02 01:59:10.570, 1, GPU-609dad44-ba7d-bab2-0915-e9b0b033ff14, NVIDIA A100-SXM4-40GB, 37017, 40960, 0, 106.16, 33
nid001121,2026/05/02 01:59:10.580, 2, GPU-aad97d9d-6ff8-bc8d-0481-0c3f454fa1c0, NVIDIA A100-SXM4-40GB, 37017, 40960, 4, 109.22, 34
nid001121,2026/05/02 01:59:10.582, 3, GPU-7d9c6827-58f4-451d-6e2f-de41351f3aa8, NVIDIA A100-SXM4-40GB, 37017, 40960, 8, 117.23, 32
nid001124,2026/05/02 01:59:11.982, 0, GPU-ea60c39f-8348-3f52-3b10-288cfb47cb68, NVIDIA A100-SXM4-40GB, 37717, 40960, 22, 105.78, 38
nid001124,2026/05/02 01:59:11.986, 1, GPU-e687c310-f91d-421a-4706-8e960a8458df, NVIDIA A100-SXM4-40GB, 37711, 40960, 3, 102.96, 34
nid001124,2026/05/02 01:59:11.987, 2, GPU-dfbfc0a1-5bdd-9a67-abb3-e6f3ac7d37b7, NVIDIA A100-SXM4-40GB, 37711, 40960, 0, 100.11, 36
nid001124,2026/05/02 01:59:11.990, 3, GPU-145799ee-88ab-a08b-a7c5-5e22d5beb30f, NVIDIA A100-SXM4-40GB, 37711, 40960, 11, 103.08, 33
nid001121,2026/05/02 01:59:15.667, 0, GPU-1142dc10-04e1-8104-b58f-6e9c4e3ad695, NVIDIA A100-SXM4-40GB, 37219, 40960, 17, 105.24, 37
nid001121,2026/05/02 01:59:15.674, 1, GPU-609dad44-ba7d-bab2-0915-e9b0b033ff14, NVIDIA A100-SXM4-40GB, 37017, 40960, 7, 157.25, 33
nid001121,2026/05/02 01:59:15.681, 2, GPU-aad97d9d-6ff8-bc8d-0481-0c3f454fa1c0, NVIDIA A100-SXM4-40GB, 37017, 40960, 8, 142.79, 34
nid001121,2026/05/02 01:59:15.689, 3, GPU-7d9c6827-58f4-451d-6e2f-de41351f3aa8, NVIDIA A100-SXM4-40GB, 37017, 40960, 6, 107.03, 32
nid001124,2026/05/02 01:59:16.935, 0, GPU-ea60c39f-8348-3f52-3b10-288cfb47cb68, NVIDIA A100-SXM4-40GB, 37717, 40960, 9, 104.73, 38
nid001124,2026/05/02 01:59:16.939, 1, GPU-e687c310-f91d-421a-4706-8e960a8458df, NVIDIA A100-SXM4-40GB, 37711, 40960, 19, 102.96, 34
nid001124,2026/05/02 01:59:16.942, 2, GPU-dfbfc0a1-5bdd-9a67-abb3-e6f3ac7d37b7, NVIDIA A100-SXM4-40GB, 37711, 40960, 4, 100.22, 36
nid001124,2026/05/02 01:59:16.944, 3, GPU-145799ee-88ab-a08b-a7c5-5e22d5beb30f, NVIDIA A100-SXM4-40GB, 37711, 40960, 28, 103.08, 33
nid001121,2026/05/02 01:59:20.629, 0, GPU-1142dc10-04e1-8104-b58f-6e9c4e3ad695, NVIDIA A100-SXM4-40GB, 37219, 40960, 11, 105.24, 36
nid001121,2026/05/02 01:59:20.633, 1, GPU-609dad44-ba7d-bab2-0915-e9b0b033ff14, NVIDIA A100-SXM4-40GB, 37017, 40960, 18, 112.00, 33
nid001121,2026/05/02 01:59:20.634, 2, GPU-aad97d9d-6ff8-bc8d-0481-0c3f454fa1c0, NVIDIA A100-SXM4-40GB, 37017, 40960, 17, 132.86, 34
nid001121,2026/05/02 01:59:20.636, 3, GPU-7d9c6827-58f4-451d-6e2f-de41351f3aa8, NVIDIA A100-SXM4-40GB, 37017, 40960, 18, 99.28, 32
nid001124,2026/05/02 01:59:22.225, 0, GPU-ea60c39f-8348-3f52-3b10-288cfb47cb68, NVIDIA A100-SXM4-40GB, 37717, 40960, 29, 105.25, 38
nid001124,2026/05/02 01:59:22.228, 1, GPU-e687c310-f91d-421a-4706-8e960a8458df, NVIDIA A100-SXM4-40GB, 37711, 40960, 8, 103.20, 34
nid001124,2026/05/02 01:59:22.231, 2, GPU-dfbfc0a1-5bdd-9a67-abb3-e6f3ac7d37b7, NVIDIA A100-SXM4-40GB, 37711, 40960, 13, 113.44, 37
nid001124,2026/05/02 01:59:22.233, 3, GPU-145799ee-88ab-a08b-a7c5-5e22d5beb30f, NVIDIA A100-SXM4-40GB, 37711, 40960, 29, 179.66, 33
nid001121,2026/05/02 01:59:25.744, 0, GPU-1142dc10-04e1-8104-b58f-6e9c4e3ad695, NVIDIA A100-SXM4-40GB, 37219, 40960, 13, 105.00, 36
nid001121,2026/05/02 01:59:25.750, 1, GPU-609dad44-ba7d-bab2-0915-e9b0b033ff14, NVIDIA A100-SXM4-40GB, 37017, 40960, 14, 105.87, 33
nid001121,2026/05/02 01:59:25.756, 2, GPU-aad97d9d-6ff8-bc8d-0481-0c3f454fa1c0, NVIDIA A100-SXM4-40GB, 37017, 40960, 13, 109.22, 34
nid001121,2026/05/02 01:59:25.762, 3, GPU-7d9c6827-58f4-451d-6e2f-de41351f3aa8, NVIDIA A100-SXM4-40GB, 37017, 40960, 4, 98.23, 32
nid001124,2026/05/02 01:59:27.456, 0, GPU-ea60c39f-8348-3f52-3b10-288cfb47cb68, NVIDIA A100-SXM4-40GB, 37717, 40960, 2, 104.96, 38
nid001124,2026/05/02 01:59:27.459, 1, GPU-e687c310-f91d-421a-4706-8e960a8458df, NVIDIA A100-SXM4-40GB, 37711, 40960, 39, 167.69, 34
nid001124,2026/05/02 01:59:27.460, 2, GPU-dfbfc0a1-5bdd-9a67-abb3-e6f3ac7d37b7, NVIDIA A100-SXM4-40GB, 37711, 40960, 35, 101.15, 37
nid001124,2026/05/02 01:59:27.462, 3, GPU-145799ee-88ab-a08b-a7c5-5e22d5beb30f, NVIDIA A100-SXM4-40GB, 37711, 40960, 27, 124.07, 33
nid001121,2026/05/02 01:59:31.038, 0, GPU-1142dc10-04e1-8104-b58f-6e9c4e3ad695, NVIDIA A100-SXM4-40GB, 37219, 40960, 6, 106.92, 36
nid001121,2026/05/02 01:59:31.041, 1, GPU-609dad44-ba7d-bab2-0915-e9b0b033ff14, NVIDIA A100-SXM4-40GB, 37017, 40960, 5, 106.16, 33
nid001121,2026/05/02 01:59:31.042, 2, GPU-aad97d9d-6ff8-bc8d-0481-0c3f454fa1c0, NVIDIA A100-SXM4-40GB, 37017, 40960, 10, 109.74, 34
nid001121,2026/05/02 01:59:31.044, 3, GPU-7d9c6827-58f4-451d-6e2f-de41351f3aa8, NVIDIA A100-SXM4-40GB, 37017, 40960, 7, 130.98, 32
nid001124,2026/05/02 01:59:32.830, 0, GPU-ea60c39f-8348-3f52-3b10-288cfb47cb68, NVIDIA A100-SXM4-40GB, 37717, 40960, 22, 105.25, 38
nid001124,2026/05/02 01:59:32.833, 1, GPU-e687c310-f91d-421a-4706-8e960a8458df, NVIDIA A100-SXM4-40GB, 37711, 40960, 33, 103.20, 34
nid001124,2026/05/02 01:59:32.834, 2, GPU-dfbfc0a1-5bdd-9a67-abb3-e6f3ac7d37b7, NVIDIA A100-SXM4-40GB, 37711, 40960, 24, 106.54, 36
nid001124,2026/05/02 01:59:32.836, 3, GPU-145799ee-88ab-a08b-a7c5-5e22d5beb30f, NVIDIA A100-SXM4-40GB, 37711, 40960, 15, 103.08, 33
nid001121,2026/05/02 01:59:36.433, 0, GPU-1142dc10-04e1-8104-b58f-6e9c4e3ad695, NVIDIA A100-SXM4-40GB, 37219, 40960, 4, 105.00, 37
nid001121,2026/05/02 01:59:36.436, 1, GPU-609dad44-ba7d-bab2-0915-e9b0b033ff14, NVIDIA A100-SXM4-40GB, 37017, 40960, 12, 105.87, 33
nid001121,2026/05/02 01:59:36.437, 2, GPU-aad97d9d-6ff8-bc8d-0481-0c3f454fa1c0, NVIDIA A100-SXM4-40GB, 37017, 40960, 18, 109.22, 35
nid001121,2026/05/02 01:59:36.439, 3, GPU-7d9c6827-58f4-451d-6e2f-de41351f3aa8, NVIDIA A100-SXM4-40GB, 37017, 40960, 7, 145.60, 32
nid001124,2026/05/02 01:59:38.198, 0, GPU-ea60c39f-8348-3f52-3b10-288cfb47cb68, NVIDIA A100-SXM4-40GB, 37717, 40960, 47, 123.55, 38
nid001124,2026/05/02 01:59:38.201, 1, GPU-e687c310-f91d-421a-4706-8e960a8458df, NVIDIA A100-SXM4-40GB, 37711, 40960, 49, 109.86, 34
nid001124,2026/05/02 01:59:38.202, 2, GPU-dfbfc0a1-5bdd-9a67-abb3-e6f3ac7d37b7, NVIDIA A100-SXM4-40GB, 37711, 40960, 39, 100.63, 37
nid001124,2026/05/02 01:59:38.204, 3, GPU-145799ee-88ab-a08b-a7c5-5e22d5beb30f, NVIDIA A100-SXM4-40GB, 37711, 40960, 28, 105.89, 33
nid001121,2026/05/02 01:59:41.923, 0, GPU-1142dc10-04e1-8104-b58f-6e9c4e3ad695, NVIDIA A100-SXM4-40GB, 37219, 40960, 10, 105.24, 36
nid001121,2026/05/02 01:59:41.927, 1, GPU-609dad44-ba7d-bab2-0915-e9b0b033ff14, NVIDIA A100-SXM4-40GB, 37017, 40960, 3, 105.87, 33
nid001121,2026/05/02 01:59:41.929, 2, GPU-aad97d9d-6ff8-bc8d-0481-0c3f454fa1c0, NVIDIA A100-SXM4-40GB, 37017, 40960, 14, 109.22, 34
nid001121,2026/05/02 01:59:41.933, 3, GPU-7d9c6827-58f4-451d-6e2f-de41351f3aa8, NVIDIA A100-SXM4-40GB, 37017, 40960, 11, 98.23, 32
nid001124,2026/05/02 01:59:43.922, 0, GPU-ea60c39f-8348-3f52-3b10-288cfb47cb68, NVIDIA A100-SXM4-40GB, 37717, 40960, 49, 158.38, 38
nid001124,2026/05/02 01:59:43.931, 1, GPU-e687c310-f91d-421a-4706-8e960a8458df, NVIDIA A100-SXM4-40GB, 37711, 40960, 36, 128.62, 34
nid001124,2026/05/02 01:59:43.937, 2, GPU-dfbfc0a1-5bdd-9a67-abb3-e6f3ac7d37b7, NVIDIA A100-SXM4-40GB, 37711, 40960, 48, 100.63, 36
nid001124,2026/05/02 01:59:43.938, 3, GPU-145799ee-88ab-a08b-a7c5-5e22d5beb30f, NVIDIA A100-SXM4-40GB, 37711, 40960, 54, 110.98, 33
nid001121,2026/05/02 01:59:47.758, 0, GPU-1142dc10-04e1-8104-b58f-6e9c4e3ad695, NVIDIA A100-SXM4-40GB, 37219, 40960, 8, 178.71, 36
nid001121,2026/05/02 01:59:47.761, 1, GPU-609dad44-ba7d-bab2-0915-e9b0b033ff14, NVIDIA A100-SXM4-40GB, 37017, 40960, 9, 105.87, 33
nid001121,2026/05/02 01:59:47.762, 2, GPU-aad97d9d-6ff8-bc8d-0481-0c3f454fa1c0, NVIDIA A100-SXM4-40GB, 37017, 40960, 6, 109.22, 34
nid001121,2026/05/02 01:59:47.764, 3, GPU-7d9c6827-58f4-451d-6e2f-de41351f3aa8, NVIDIA A100-SXM4-40GB, 37017, 40960, 14, 98.23, 32
nid001124,2026/05/02 01:59:49.654, 0, GPU-ea60c39f-8348-3f52-3b10-288cfb47cb68, NVIDIA A100-SXM4-40GB, 37717, 40960, 9, 106.01, 38
nid001124,2026/05/02 01:59:49.657, 1, GPU-e687c310-f91d-421a-4706-8e960a8458df, NVIDIA A100-SXM4-40GB, 37711, 40960, 43, 103.72, 34
nid001124,2026/05/02 01:59:49.659, 2, GPU-dfbfc0a1-5bdd-9a67-abb3-e6f3ac7d37b7, NVIDIA A100-SXM4-40GB, 37711, 40960, 39, 148.17, 37
nid001124,2026/05/02 01:59:49.661, 3, GPU-145799ee-88ab-a08b-a7c5-5e22d5beb30f, NVIDIA A100-SXM4-40GB, 37711, 40960, 15, 136.66, 33
nid001121,2026/05/02 01:59:53.375, 0, GPU-1142dc10-04e1-8104-b58f-6e9c4e3ad695, NVIDIA A100-SXM4-40GB, 37219, 40960, 6, 105.24, 36
nid001121,2026/05/02 01:59:53.378, 1, GPU-609dad44-ba7d-bab2-0915-e9b0b033ff14, NVIDIA A100-SXM4-40GB, 37017, 40960, 21, 105.87, 33
nid001121,2026/05/02 01:59:53.380, 2, GPU-aad97d9d-6ff8-bc8d-0481-0c3f454fa1c0, NVIDIA A100-SXM4-40GB, 37017, 40960, 4, 109.09, 35
nid001121,2026/05/02 01:59:53.384, 3, GPU-7d9c6827-58f4-451d-6e2f-de41351f3aa8, NVIDIA A100-SXM4-40GB, 37017, 40960, 8, 98.23, 32
nid001124,2026/05/02 01:59:55.145, 0, GPU-ea60c39f-8348-3f52-3b10-288cfb47cb68, NVIDIA A100-SXM4-40GB, 37717, 40960, 28, 107.94, 38
nid001124,2026/05/02 01:59:55.148, 1, GPU-e687c310-f91d-421a-4706-8e960a8458df, NVIDIA A100-SXM4-40GB, 37711, 40960, 53, 105.12, 34
nid001124,2026/05/02 01:59:55.149, 2, GPU-dfbfc0a1-5bdd-9a67-abb3-e6f3ac7d37b7, NVIDIA A100-SXM4-40GB, 37711, 40960, 18, 100.39, 37
nid001124,2026/05/02 01:59:55.151, 3, GPU-145799ee-88ab-a08b-a7c5-5e22d5beb30f, NVIDIA A100-SXM4-40GB, 37711, 40960, 16, 103.72, 33
nid001121,2026/05/02 01:59:58.782, 0, GPU-1142dc10-04e1-8104-b58f-6e9c4e3ad695, NVIDIA A100-SXM4-40GB, 37219, 40960, 0, 104.88, 36
nid001121,2026/05/02 01:59:58.794, 1, GPU-609dad44-ba7d-bab2-0915-e9b0b033ff14, NVIDIA A100-SXM4-40GB, 37017, 40960, 8, 123.34, 33
nid001121,2026/05/02 01:59:58.800, 2, GPU-aad97d9d-6ff8-bc8d-0481-0c3f454fa1c0, NVIDIA A100-SXM4-40GB, 37017, 40960, 7, 109.86, 34
nid001121,2026/05/02 01:59:58.806, 3, GPU-7d9c6827-58f4-451d-6e2f-de41351f3aa8, NVIDIA A100-SXM4-40GB, 37017, 40960, 0, 112.63, 32
nid001124,2026/05/02 02:00:00.467, 0, GPU-ea60c39f-8348-3f52-3b10-288cfb47cb68, NVIDIA A100-SXM4-40GB, 37717, 40960, 9, 104.73, 38
nid001124,2026/05/02 02:00:00.470, 1, GPU-e687c310-f91d-421a-4706-8e960a8458df, NVIDIA A100-SXM4-40GB, 37711, 40960, 2, 102.96, 34
nid001124,2026/05/02 02:00:00.472, 2, GPU-dfbfc0a1-5bdd-9a67-abb3-e6f3ac7d37b7, NVIDIA A100-SXM4-40GB, 37711, 40960, 16, 100.11, 36
nid001124,2026/05/02 02:00:00.474, 3, GPU-145799ee-88ab-a08b-a7c5-5e22d5beb30f, NVIDIA A100-SXM4-40GB, 37711, 40960, 41, 103.08, 33
nid001121,2026/05/02 02:00:04.123, 0, GPU-1142dc10-04e1-8104-b58f-6e9c4e3ad695, NVIDIA A100-SXM4-40GB, 37219, 40960, 0, 105.87, 37
nid001121,2026/05/02 02:00:04.126, 1, GPU-609dad44-ba7d-bab2-0915-e9b0b033ff14, NVIDIA A100-SXM4-40GB, 37017, 40960, 5, 105.87, 33
nid001121,2026/05/02 02:00:04.128, 2, GPU-aad97d9d-6ff8-bc8d-0481-0c3f454fa1c0, NVIDIA A100-SXM4-40GB, 37017, 40960, 18, 109.33, 35
nid001121,2026/05/02 02:00:04.130, 3, GPU-7d9c6827-58f4-451d-6e2f-de41351f3aa8, NVIDIA A100-SXM4-40GB, 37017, 40960, 1, 100.91, 32
nid001124,2026/05/02 02:00:05.832, 0, GPU-ea60c39f-8348-3f52-3b10-288cfb47cb68, NVIDIA A100-SXM4-40GB, 37717, 40960, 0, 105.25, 38
nid001124,2026/05/02 02:00:05.835, 1, GPU-e687c310-f91d-421a-4706-8e960a8458df, NVIDIA A100-SXM4-40GB, 37711, 40960, 9, 102.96, 34
nid001124,2026/05/02 02:00:05.836, 2, GPU-dfbfc0a1-5bdd-9a67-abb3-e6f3ac7d37b7, NVIDIA A100-SXM4-40GB, 37711, 40960, 13, 100.39, 37
nid001124,2026/05/02 02:00:05.838, 3, GPU-145799ee-88ab-a08b-a7c5-5e22d5beb30f, NVIDIA A100-SXM4-40GB, 37711, 40960, 7, 157.44, 33
nid001121,2026/05/02 02:00:09.465, 0, GPU-1142dc10-04e1-8104-b58f-6e9c4e3ad695, NVIDIA A100-SXM4-40GB, 37219, 40960, 13, 104.88, 36
nid001121,2026/05/02 02:00:09.468, 1, GPU-609dad44-ba7d-bab2-0915-e9b0b033ff14, NVIDIA A100-SXM4-40GB, 37017, 40960, 13, 105.87, 33
nid001121,2026/05/02 02:00:09.469, 2, GPU-aad97d9d-6ff8-bc8d-0481-0c3f454fa1c0, NVIDIA A100-SXM4-40GB, 37017, 40960, 0, 109.22, 34
nid001121,2026/05/02 02:00:09.471, 3, GPU-7d9c6827-58f4-451d-6e2f-de41351f3aa8, NVIDIA A100-SXM4-40GB, 37017, 40960, 6, 98.75, 32
nid001124,2026/05/02 02:00:11.366, 0, GPU-ea60c39f-8348-3f52-3b10-288cfb47cb68, NVIDIA A100-SXM4-40GB, 37717, 40960, 33, 104.49, 38
nid001124,2026/05/02 02:00:11.369, 1, GPU-e687c310-f91d-421a-4706-8e960a8458df, NVIDIA A100-SXM4-40GB, 37711, 40960, 8, 103.48, 34
nid001124,2026/05/02 02:00:11.371, 2, GPU-dfbfc0a1-5bdd-9a67-abb3-e6f3ac7d37b7, NVIDIA A100-SXM4-40GB, 37711, 40960, 24, 114.45, 37
nid001124,2026/05/02 02:00:11.372, 3, GPU-145799ee-88ab-a08b-a7c5-5e22d5beb30f, NVIDIA A100-SXM4-40GB, 37711, 40960, 6, 103.08, 33
nid001121,2026/05/02 02:00:15.162, 0, GPU-1142dc10-04e1-8104-b58f-6e9c4e3ad695, NVIDIA A100-SXM4-40GB, 37219, 40960, 4, 109.48, 36
nid001121,2026/05/02 02:00:15.165, 1, GPU-609dad44-ba7d-bab2-0915-e9b0b033ff14, NVIDIA A100-SXM4-40GB, 37017, 40960, 6, 111.76, 33
nid001121,2026/05/02 02:00:15.167, 2, GPU-aad97d9d-6ff8-bc8d-0481-0c3f454fa1c0, NVIDIA A100-SXM4-40GB, 37017, 40960, 0, 183.24, 34
nid001121,2026/05/02 02:00:15.168, 3, GPU-7d9c6827-58f4-451d-6e2f-de41351f3aa8, NVIDIA A100-SXM4-40GB, 37017, 40960, 6, 98.75, 32
nid001124,2026/05/02 02:00:16.740, 0, GPU-ea60c39f-8348-3f52-3b10-288cfb47cb68, NVIDIA A100-SXM4-40GB, 37717, 40960, 9, 111.92, 38
nid001124,2026/05/02 02:00:16.743, 1, GPU-e687c310-f91d-421a-4706-8e960a8458df, NVIDIA A100-SXM4-40GB, 37711, 40960, 10, 120.69, 35
nid001124,2026/05/02 02:00:16.745, 2, GPU-dfbfc0a1-5bdd-9a67-abb3-e6f3ac7d37b7, NVIDIA A100-SXM4-40GB, 37711, 40960, 27, 100.11, 37
nid001124,2026/05/02 02:00:16.747, 3, GPU-145799ee-88ab-a08b-a7c5-5e22d5beb30f, NVIDIA A100-SXM4-40GB, 37711, 40960, 28, 111.51, 33
nid001121,2026/05/02 02:00:20.334, 0, GPU-1142dc10-04e1-8104-b58f-6e9c4e3ad695, NVIDIA A100-SXM4-40GB, 37219, 40960, 19, 106.16, 37
nid001121,2026/05/02 02:00:20.337, 1, GPU-609dad44-ba7d-bab2-0915-e9b0b033ff14, NVIDIA A100-SXM4-40GB, 37017, 40960, 32, 107.44, 33
nid001121,2026/05/02 02:00:20.339, 2, GPU-aad97d9d-6ff8-bc8d-0481-0c3f454fa1c0, NVIDIA A100-SXM4-40GB, 37017, 40960, 26, 129.53, 34
nid001121,2026/05/02 02:00:20.340, 3, GPU-7d9c6827-58f4-451d-6e2f-de41351f3aa8, NVIDIA A100-SXM4-40GB, 37017, 40960, 14, 98.64, 32
nid001124,2026/05/02 02:00:22.109, 0, GPU-ea60c39f-8348-3f52-3b10-288cfb47cb68, NVIDIA A100-SXM4-40GB, 37717, 40960, 24, 181.41, 38
nid001124,2026/05/02 02:00:22.112, 1, GPU-e687c310-f91d-421a-4706-8e960a8458df, NVIDIA A100-SXM4-40GB, 37711, 40960, 11, 103.48, 34
nid001124,2026/05/02 02:00:22.114, 2, GPU-dfbfc0a1-5bdd-9a67-abb3-e6f3ac7d37b7, NVIDIA A100-SXM4-40GB, 37711, 40960, 45, 100.39, 36
nid001124,2026/05/02 02:00:22.116, 3, GPU-145799ee-88ab-a08b-a7c5-5e22d5beb30f, NVIDIA A100-SXM4-40GB, 37711, 40960, 9, 103.32, 33
nid001121,2026/05/02 02:00:25.756, 0, GPU-1142dc10-04e1-8104-b58f-6e9c4e3ad695, NVIDIA A100-SXM4-40GB, 37219, 40960, 10, 105.00, 36
nid001121,2026/05/02 02:00:25.759, 1, GPU-609dad44-ba7d-bab2-0915-e9b0b033ff14, NVIDIA A100-SXM4-40GB, 37017, 40960, 12, 105.87, 33
nid001121,2026/05/02 02:00:25.761, 2, GPU-aad97d9d-6ff8-bc8d-0481-0c3f454fa1c0, NVIDIA A100-SXM4-40GB, 37017, 40960, 14, 109.74, 34
nid001121,2026/05/02 02:00:25.762, 3, GPU-7d9c6827-58f4-451d-6e2f-de41351f3aa8, NVIDIA A100-SXM4-40GB, 37017, 40960, 0, 98.23, 32
nid001124,2026/05/02 02:00:27.401, 0, GPU-ea60c39f-8348-3f52-3b10-288cfb47cb68, NVIDIA A100-SXM4-40GB, 37717, 40960, 24, 106.01, 39
nid001124,2026/05/02 02:00:27.404, 1, GPU-e687c310-f91d-421a-4706-8e960a8458df, NVIDIA A100-SXM4-40GB, 37711, 40960, 1, 106.29, 34
nid001124,2026/05/02 02:00:27.406, 2, GPU-dfbfc0a1-5bdd-9a67-abb3-e6f3ac7d37b7, NVIDIA A100-SXM4-40GB, 37711, 40960, 17, 129.16, 36
nid001124,2026/05/02 02:00:27.407, 3, GPU-145799ee-88ab-a08b-a7c5-5e22d5beb30f, NVIDIA A100-SXM4-40GB, 37711, 40960, 47, 105.12, 33
nid001121,2026/05/02 02:00:31.397, 0, GPU-1142dc10-04e1-8104-b58f-6e9c4e3ad695, NVIDIA A100-SXM4-40GB, 37219, 40960, 19, 181.50, 37
nid001121,2026/05/02 02:00:31.403, 1, GPU-609dad44-ba7d-bab2-0915-e9b0b033ff14, NVIDIA A100-SXM4-40GB, 37017, 40960, 12, 125.15, 33
nid001121,2026/05/02 02:00:31.406, 2, GPU-aad97d9d-6ff8-bc8d-0481-0c3f454fa1c0, NVIDIA A100-SXM4-40GB, 37017, 40960, 0, 109.22, 35
nid001121,2026/05/02 02:00:31.407, 3, GPU-7d9c6827-58f4-451d-6e2f-de41351f3aa8, NVIDIA A100-SXM4-40GB, 37017, 40960, 0, 98.23, 32
nid001124,2026/05/02 02:00:33.467, 0, GPU-ea60c39f-8348-3f52-3b10-288cfb47cb68, NVIDIA A100-SXM4-40GB, 37717, 40960, 15, 104.73, 38
nid001124,2026/05/02 02:00:33.471, 1, GPU-e687c310-f91d-421a-4706-8e960a8458df, NVIDIA A100-SXM4-40GB, 37711, 40960, 59, 102.96, 34
nid001124,2026/05/02 02:00:33.474, 2, GPU-dfbfc0a1-5bdd-9a67-abb3-e6f3ac7d37b7, NVIDIA A100-SXM4-40GB, 37711, 40960, 15, 100.63, 36
nid001124,2026/05/02 02:00:33.476, 3, GPU-145799ee-88ab-a08b-a7c5-5e22d5beb30f, NVIDIA A100-SXM4-40GB, 37711, 40960, 10, 103.08, 33
nid001121,2026/05/02 02:00:37.433, 0, GPU-1142dc10-04e1-8104-b58f-6e9c4e3ad695, NVIDIA A100-SXM4-40GB, 37219, 40960, 0, 105.00, 37
nid001121,2026/05/02 02:00:37.436, 1, GPU-609dad44-ba7d-bab2-0915-e9b0b033ff14, NVIDIA A100-SXM4-40GB, 37017, 40960, 0, 105.87, 33
nid001121,2026/05/02 02:00:37.438, 2, GPU-aad97d9d-6ff8-bc8d-0481-0c3f454fa1c0, NVIDIA A100-SXM4-40GB, 37017, 40960, 12, 112.79, 34
nid001121,2026/05/02 02:00:37.440, 3, GPU-7d9c6827-58f4-451d-6e2f-de41351f3aa8, NVIDIA A100-SXM4-40GB, 37017, 40960, 0, 141.81, 32
nid001124,2026/05/02 02:00:39.355, 0, GPU-ea60c39f-8348-3f52-3b10-288cfb47cb68, NVIDIA A100-SXM4-40GB, 37717, 40960, 10, 104.96, 38
nid001124,2026/05/02 02:00:39.358, 1, GPU-e687c310-f91d-421a-4706-8e960a8458df, NVIDIA A100-SXM4-40GB, 37711, 40960, 8, 103.48, 34
nid001124,2026/05/02 02:00:39.360, 2, GPU-dfbfc0a1-5bdd-9a67-abb3-e6f3ac7d37b7, NVIDIA A100-SXM4-40GB, 37711, 40960, 3, 118.55, 36
nid001124,2026/05/02 02:00:39.362, 3, GPU-145799ee-88ab-a08b-a7c5-5e22d5beb30f, NVIDIA A100-SXM4-40GB, 37711, 40960, 12, 103.32, 33
nid001121,2026/05/02 02:00:43.274, 0, GPU-1142dc10-04e1-8104-b58f-6e9c4e3ad695, NVIDIA A100-SXM4-40GB, 37219, 40960, 13, 105.24, 36
nid001121,2026/05/02 02:00:43.277, 1, GPU-609dad44-ba7d-bab2-0915-e9b0b033ff14, NVIDIA A100-SXM4-40GB, 37017, 40960, 10, 105.87, 33
nid001121,2026/05/02 02:00:43.278, 2, GPU-aad97d9d-6ff8-bc8d-0481-0c3f454fa1c0, NVIDIA A100-SXM4-40GB, 37017, 40960, 9, 109.22, 34
nid001121,2026/05/02 02:00:43.280, 3, GPU-7d9c6827-58f4-451d-6e2f-de41351f3aa8, NVIDIA A100-SXM4-40GB, 37017, 40960, 11, 98.99, 32
nid001124,2026/05/02 02:00:45.228, 0, GPU-ea60c39f-8348-3f52-3b10-288cfb47cb68, NVIDIA A100-SXM4-40GB, 37737, 40960, 11, 104.96, 38
nid001124,2026/05/02 02:00:45.234, 1, GPU-e687c310-f91d-421a-4706-8e960a8458df, NVIDIA A100-SXM4-40GB, 37731, 40960, 42, 103.48, 35
nid001124,2026/05/02 02:00:45.236, 2, GPU-dfbfc0a1-5bdd-9a67-abb3-e6f3ac7d37b7, NVIDIA A100-SXM4-40GB, 37731, 40960, 14, 125.74, 37
nid001124,2026/05/02 02:00:45.237, 3, GPU-145799ee-88ab-a08b-a7c5-5e22d5beb30f, NVIDIA A100-SXM4-40GB, 37731, 40960, 9, 103.84, 33
nid001121,2026/05/02 02:00:49.208, 0, GPU-1142dc10-04e1-8104-b58f-6e9c4e3ad695, NVIDIA A100-SXM4-40GB, 37219, 40960, 12, 105.00, 36
nid001121,2026/05/02 02:00:49.216, 1, GPU-609dad44-ba7d-bab2-0915-e9b0b033ff14, NVIDIA A100-SXM4-40GB, 37017, 40960, 0, 105.87, 33
nid001121,2026/05/02 02:00:49.222, 2, GPU-aad97d9d-6ff8-bc8d-0481-0c3f454fa1c0, NVIDIA A100-SXM4-40GB, 37017, 40960, 21, 108.94, 34
nid001121,2026/05/02 02:00:49.227, 3, GPU-7d9c6827-58f4-451d-6e2f-de41351f3aa8, NVIDIA A100-SXM4-40GB, 37017, 40960, 10, 98.23, 32
nid001124,2026/05/02 02:00:51.184, 0, GPU-ea60c39f-8348-3f52-3b10-288cfb47cb68, NVIDIA A100-SXM4-40GB, 37737, 40960, 25, 105.49, 38
nid001124,2026/05/02 02:00:51.187, 1, GPU-e687c310-f91d-421a-4706-8e960a8458df, NVIDIA A100-SXM4-40GB, 37731, 40960, 54, 105.00, 34
nid001124,2026/05/02 02:00:51.188, 2, GPU-dfbfc0a1-5bdd-9a67-abb3-e6f3ac7d37b7, NVIDIA A100-SXM4-40GB, 37731, 40960, 2, 169.37, 36
nid001124,2026/05/02 02:00:51.190, 3, GPU-145799ee-88ab-a08b-a7c5-5e22d5beb30f, NVIDIA A100-SXM4-40GB, 37731, 40960, 45, 105.12, 33
nid001121,2026/05/02 02:00:55.048, 0, GPU-1142dc10-04e1-8104-b58f-6e9c4e3ad695, NVIDIA A100-SXM4-40GB, 37219, 40960, 12, 105.12, 36
nid001121,2026/05/02 02:00:55.054, 1, GPU-609dad44-ba7d-bab2-0915-e9b0b033ff14, NVIDIA A100-SXM4-40GB, 37017, 40960, 12, 106.16, 33
nid001121,2026/05/02 02:00:55.056, 2, GPU-aad97d9d-6ff8-bc8d-0481-0c3f454fa1c0, NVIDIA A100-SXM4-40GB, 37017, 40960, 6, 113.84, 34
nid001121,2026/05/02 02:00:55.057, 3, GPU-7d9c6827-58f4-451d-6e2f-de41351f3aa8, NVIDIA A100-SXM4-40GB, 37017, 40960, 7, 98.23, 32
nid001124,2026/05/02 02:00:56.823, 0, GPU-ea60c39f-8348-3f52-3b10-288cfb47cb68, NVIDIA A100-SXM4-40GB, 37737, 40960, 12, 105.78, 38
nid001124,2026/05/02 02:00:56.827, 1, GPU-e687c310-f91d-421a-4706-8e960a8458df, NVIDIA A100-SXM4-40GB, 37731, 40960, 16, 102.96, 34
nid001124,2026/05/02 02:00:56.830, 2, GPU-dfbfc0a1-5bdd-9a67-abb3-e6f3ac7d37b7, NVIDIA A100-SXM4-40GB, 37731, 40960, 21, 100.11, 36
nid001124,2026/05/02 02:00:56.832, 3, GPU-145799ee-88ab-a08b-a7c5-5e22d5beb30f, NVIDIA A100-SXM4-40GB, 37731, 40960, 18, 103.08, 33
nid001121,2026/05/02 02:01:00.751, 0, GPU-1142dc10-04e1-8104-b58f-6e9c4e3ad695, NVIDIA A100-SXM4-40GB, 37219, 40960, 27, 105.53, 37
nid001121,2026/05/02 02:01:00.754, 1, GPU-609dad44-ba7d-bab2-0915-e9b0b033ff14, NVIDIA A100-SXM4-40GB, 37017, 40960, 18, 106.40, 33
nid001121,2026/05/02 02:01:00.756, 2, GPU-aad97d9d-6ff8-bc8d-0481-0c3f454fa1c0, NVIDIA A100-SXM4-40GB, 37017, 40960, 31, 120.07, 35
nid001121,2026/05/02 02:01:00.758, 3, GPU-7d9c6827-58f4-451d-6e2f-de41351f3aa8, NVIDIA A100-SXM4-40GB, 37017, 40960, 27, 160.62, 32
nid001124,2026/05/02 02:01:02.719, 0, GPU-ea60c39f-8348-3f52-3b10-288cfb47cb68, NVIDIA A100-SXM4-40GB, 37737, 40960, 36, 104.73, 38
nid001124,2026/05/02 02:01:02.722, 1, GPU-e687c310-f91d-421a-4706-8e960a8458df, NVIDIA A100-SXM4-40GB, 37731, 40960, 25, 103.20, 34
nid001124,2026/05/02 02:01:02.724, 2, GPU-dfbfc0a1-5bdd-9a67-abb3-e6f3ac7d37b7, NVIDIA A100-SXM4-40GB, 37731, 40960, 6, 100.39, 37
nid001124,2026/05/02 02:01:02.725, 3, GPU-145799ee-88ab-a08b-a7c5-5e22d5beb30f, NVIDIA A100-SXM4-40GB, 37731, 40960, 25, 103.08, 33
nid001121,2026/05/02 02:01:06.775, 0, GPU-1142dc10-04e1-8104-b58f-6e9c4e3ad695, NVIDIA A100-SXM4-40GB, 37219, 40960, 11, 105.24, 36
nid001121,2026/05/02 02:01:06.778, 1, GPU-609dad44-ba7d-bab2-0915-e9b0b033ff14, NVIDIA A100-SXM4-40GB, 37017, 40960, 8, 105.87, 33
nid001121,2026/05/02 02:01:06.779, 2, GPU-aad97d9d-6ff8-bc8d-0481-0c3f454fa1c0, NVIDIA A100-SXM4-40GB, 37017, 40960, 12, 109.22, 34
nid001121,2026/05/02 02:01:06.781, 3, GPU-7d9c6827-58f4-451d-6e2f-de41351f3aa8, NVIDIA A100-SXM4-40GB, 37017, 40960, 7, 98.23, 32
nid001124,2026/05/02 02:01:08.829, 0, GPU-ea60c39f-8348-3f52-3b10-288cfb47cb68, NVIDIA A100-SXM4-40GB, 37737, 40960, 10, 105.25, 38
nid001124,2026/05/02 02:01:08.840, 1, GPU-e687c310-f91d-421a-4706-8e960a8458df, NVIDIA A100-SXM4-40GB, 37731, 40960, 13, 102.96, 34
nid001124,2026/05/02 02:01:08.846, 2, GPU-dfbfc0a1-5bdd-9a67-abb3-e6f3ac7d37b7, NVIDIA A100-SXM4-40GB, 37731, 40960, 33, 131.21, 37
nid001124,2026/05/02 02:01:08.850, 3, GPU-145799ee-88ab-a08b-a7c5-5e22d5beb30f, NVIDIA A100-SXM4-40GB, 37731, 40960, 33, 104.60, 33
nid001121,2026/05/02 02:01:12.756, 0, GPU-1142dc10-04e1-8104-b58f-6e9c4e3ad695, NVIDIA A100-SXM4-40GB, 37219, 40960, 4, 105.53, 36
nid001121,2026/05/02 02:01:12.759, 1, GPU-609dad44-ba7d-bab2-0915-e9b0b033ff14, NVIDIA A100-SXM4-40GB, 37017, 40960, 16, 109.48, 33
nid001121,2026/05/02 02:01:12.760, 2, GPU-aad97d9d-6ff8-bc8d-0481-0c3f454fa1c0, NVIDIA A100-SXM4-40GB, 37017, 40960, 18, 109.22, 34
nid001121,2026/05/02 02:01:12.762, 3, GPU-7d9c6827-58f4-451d-6e2f-de41351f3aa8, NVIDIA A100-SXM4-40GB, 37017, 40960, 8, 98.47, 32
nid001124,2026/05/02 02:01:14.688, 0, GPU-ea60c39f-8348-3f52-3b10-288cfb47cb68, NVIDIA A100-SXM4-40GB, 37737, 40960, 0, 118.83, 38
nid001124,2026/05/02 02:01:14.691, 1, GPU-e687c310-f91d-421a-4706-8e960a8458df, NVIDIA A100-SXM4-40GB, 37731, 40960, 24, 102.96, 34
nid001124,2026/05/02 02:01:14.693, 2, GPU-dfbfc0a1-5bdd-9a67-abb3-e6f3ac7d37b7, NVIDIA A100-SXM4-40GB, 37731, 40960, 18, 100.11, 37
nid001124,2026/05/02 02:01:14.695, 3, GPU-145799ee-88ab-a08b-a7c5-5e22d5beb30f, NVIDIA A100-SXM4-40GB, 37731, 40960, 2, 103.21, 33
nid001121,2026/05/02 02:01:18.768, 0, GPU-1142dc10-04e1-8104-b58f-6e9c4e3ad695, NVIDIA A100-SXM4-40GB, 37219, 40960, 4, 105.24, 36
nid001121,2026/05/02 02:01:18.771, 1, GPU-609dad44-ba7d-bab2-0915-e9b0b033ff14, NVIDIA A100-SXM4-40GB, 37017, 40960, 16, 106.64, 33
nid001121,2026/05/02 02:01:18.773, 2, GPU-aad97d9d-6ff8-bc8d-0481-0c3f454fa1c0, NVIDIA A100-SXM4-40GB, 37017, 40960, 9, 150.97, 34
nid001121,2026/05/02 02:01:18.775, 3, GPU-7d9c6827-58f4-451d-6e2f-de41351f3aa8, NVIDIA A100-SXM4-40GB, 37017, 40960, 9, 98.23, 32
nid001124,2026/05/02 02:01:20.618, 0, GPU-ea60c39f-8348-3f52-3b10-288cfb47cb68, NVIDIA A100-SXM4-40GB, 37737, 40960, 26, 139.39, 38
nid001124,2026/05/02 02:01:20.621, 1, GPU-e687c310-f91d-421a-4706-8e960a8458df, NVIDIA A100-SXM4-40GB, 37731, 40960, 31, 103.48, 34
nid001124,2026/05/02 02:01:20.623, 2, GPU-dfbfc0a1-5bdd-9a67-abb3-e6f3ac7d37b7, NVIDIA A100-SXM4-40GB, 37731, 40960, 32, 100.39, 36
nid001124,2026/05/02 02:01:20.624, 3, GPU-145799ee-88ab-a08b-a7c5-5e22d5beb30f, NVIDIA A100-SXM4-40GB, 37731, 40960, 16, 103.60, 33
nid001121,2026/05/02 02:01:24.974, 0, GPU-1142dc10-04e1-8104-b58f-6e9c4e3ad695, NVIDIA A100-SXM4-40GB, 37219, 40960, 25, 124.54, 36
nid001121,2026/05/02 02:01:24.983, 1, GPU-609dad44-ba7d-bab2-0915-e9b0b033ff14, NVIDIA A100-SXM4-40GB, 37017, 40960, 28, 105.87, 33
nid001121,2026/05/02 02:01:24.985, 2, GPU-aad97d9d-6ff8-bc8d-0481-0c3f454fa1c0, NVIDIA A100-SXM4-40GB, 37017, 40960, 15, 115.60, 34
nid001121,2026/05/02 02:01:24.987, 3, GPU-7d9c6827-58f4-451d-6e2f-de41351f3aa8, NVIDIA A100-SXM4-40GB, 37017, 40960, 12, 111.11, 32
nid001124,2026/05/02 02:01:26.988, 0, GPU-ea60c39f-8348-3f52-3b10-288cfb47cb68, NVIDIA A100-SXM4-40GB, 37737, 40960, 27, 105.49, 38
nid001124,2026/05/02 02:01:26.991, 1, GPU-e687c310-f91d-421a-4706-8e960a8458df, NVIDIA A100-SXM4-40GB, 37731, 40960, 5, 110.09, 34
nid001124,2026/05/02 02:01:26.993, 2, GPU-dfbfc0a1-5bdd-9a67-abb3-e6f3ac7d37b7, NVIDIA A100-SXM4-40GB, 37731, 40960, 56, 100.39, 36
nid001124,2026/05/02 02:01:26.995, 3, GPU-145799ee-88ab-a08b-a7c5-5e22d5beb30f, NVIDIA A100-SXM4-40GB, 37731, 40960, 27, 103.08, 33
nid001121,2026/05/02 02:01:30.944, 0, GPU-1142dc10-04e1-8104-b58f-6e9c4e3ad695, NVIDIA A100-SXM4-40GB, 37219, 40960, 7, 105.24, 36
nid001121,2026/05/02 02:01:30.951, 1, GPU-609dad44-ba7d-bab2-0915-e9b0b033ff14, NVIDIA A100-SXM4-40GB, 37017, 40960, 12, 105.87, 33
nid001121,2026/05/02 02:01:30.957, 2, GPU-aad97d9d-6ff8-bc8d-0481-0c3f454fa1c0, NVIDIA A100-SXM4-40GB, 37017, 40960, 39, 109.22, 34
nid001121,2026/05/02 02:01:30.963, 3, GPU-7d9c6827-58f4-451d-6e2f-de41351f3aa8, NVIDIA A100-SXM4-40GB, 37017, 40960, 25, 98.23, 32
nid001124,2026/05/02 02:01:32.648, 0, GPU-ea60c39f-8348-3f52-3b10-288cfb47cb68, NVIDIA A100-SXM4-40GB, 37737, 40960, 26, 104.96, 38
nid001124,2026/05/02 02:01:32.651, 1, GPU-e687c310-f91d-421a-4706-8e960a8458df, NVIDIA A100-SXM4-40GB, 37731, 40960, 44, 107.05, 34
nid001124,2026/05/02 02:01:32.653, 2, GPU-dfbfc0a1-5bdd-9a67-abb3-e6f3ac7d37b7, NVIDIA A100-SXM4-40GB, 37731, 40960, 21, 100.39, 36
nid001124,2026/05/02 02:01:32.655, 3, GPU-145799ee-88ab-a08b-a7c5-5e22d5beb30f, NVIDIA A100-SXM4-40GB, 37731, 40960, 5, 103.08, 33
nid001121,2026/05/02 02:01:36.280, 0, GPU-1142dc10-04e1-8104-b58f-6e9c4e3ad695, NVIDIA A100-SXM4-40GB, 37219, 40960, 9, 126.81, 37
nid001121,2026/05/02 02:01:36.283, 1, GPU-609dad44-ba7d-bab2-0915-e9b0b033ff14, NVIDIA A100-SXM4-40GB, 37017, 40960, 4, 106.16, 33
nid001121,2026/05/02 02:01:36.284, 2, GPU-aad97d9d-6ff8-bc8d-0481-0c3f454fa1c0, NVIDIA A100-SXM4-40GB, 37017, 40960, 10, 122.88, 34
nid001121,2026/05/02 02:01:36.286, 3, GPU-7d9c6827-58f4-451d-6e2f-de41351f3aa8, NVIDIA A100-SXM4-40GB, 37017, 40960, 11, 117.99, 32
nid001124,2026/05/02 02:01:37.878, 0, GPU-ea60c39f-8348-3f52-3b10-288cfb47cb68, NVIDIA A100-SXM4-40GB, 37737, 40960, 36, 107.83, 38
nid001124,2026/05/02 02:01:37.890, 1, GPU-e687c310-f91d-421a-4706-8e960a8458df, NVIDIA A100-SXM4-40GB, 37731, 40960, 27, 103.20, 34
nid001124,2026/05/02 02:01:37.895, 2, GPU-dfbfc0a1-5bdd-9a67-abb3-e6f3ac7d37b7, NVIDIA A100-SXM4-40GB, 37731, 40960, 8, 100.63, 37
nid001124,2026/05/02 02:01:37.901, 3, GPU-145799ee-88ab-a08b-a7c5-5e22d5beb30f, NVIDIA A100-SXM4-40GB, 37731, 40960, 41, 103.08, 33
nid001121,2026/05/02 02:01:41.569, 0, GPU-1142dc10-04e1-8104-b58f-6e9c4e3ad695, NVIDIA A100-SXM4-40GB, 37219, 40960, 20, 105.24, 36
nid001121,2026/05/02 02:01:41.572, 1, GPU-609dad44-ba7d-bab2-0915-e9b0b033ff14, NVIDIA A100-SXM4-40GB, 37017, 40960, 19, 110.72, 33
nid001121,2026/05/02 02:01:41.574, 2, GPU-aad97d9d-6ff8-bc8d-0481-0c3f454fa1c0, NVIDIA A100-SXM4-40GB, 37017, 40960, 12, 109.22, 34
nid001121,2026/05/02 02:01:41.576, 3, GPU-7d9c6827-58f4-451d-6e2f-de41351f3aa8, NVIDIA A100-SXM4-40GB, 37017, 40960, 17, 98.47, 32
nid001124,2026/05/02 02:01:43.159, 0, GPU-ea60c39f-8348-3f52-3b10-288cfb47cb68, NVIDIA A100-SXM4-40GB, 37737, 40960, 25, 122.50, 39
nid001124,2026/05/02 02:01:43.166, 1, GPU-e687c310-f91d-421a-4706-8e960a8458df, NVIDIA A100-SXM4-40GB, 37731, 40960, 8, 103.20, 34
nid001124,2026/05/02 02:01:43.177, 2, GPU-dfbfc0a1-5bdd-9a67-abb3-e6f3ac7d37b7, NVIDIA A100-SXM4-40GB, 37731, 40960, 21, 100.63, 37
nid001124,2026/05/02 02:01:43.182, 3, GPU-145799ee-88ab-a08b-a7c5-5e22d5beb30f, NVIDIA A100-SXM4-40GB, 37731, 40960, 36, 103.08, 33
nid001121,2026/05/02 02:01:46.685, 0, GPU-1142dc10-04e1-8104-b58f-6e9c4e3ad695, NVIDIA A100-SXM4-40GB, 37219, 40960, 9, 105.24, 36
nid001121,2026/05/02 02:01:46.688, 1, GPU-609dad44-ba7d-bab2-0915-e9b0b033ff14, NVIDIA A100-SXM4-40GB, 37017, 40960, 5, 108.96, 33
nid001121,2026/05/02 02:01:46.690, 2, GPU-aad97d9d-6ff8-bc8d-0481-0c3f454fa1c0, NVIDIA A100-SXM4-40GB, 37017, 40960, 0, 109.22, 34
nid001121,2026/05/02 02:01:46.691, 3, GPU-7d9c6827-58f4-451d-6e2f-de41351f3aa8, NVIDIA A100-SXM4-40GB, 37017, 40960, 9, 98.23, 32
nid001124,2026/05/02 02:01:48.091, 0, GPU-ea60c39f-8348-3f52-3b10-288cfb47cb68, NVIDIA A100-SXM4-40GB, 37737, 40960, 4, 104.96, 38
nid001124,2026/05/02 02:01:48.094, 1, GPU-e687c310-f91d-421a-4706-8e960a8458df, NVIDIA A100-SXM4-40GB, 37731, 40960, 15, 103.20, 34
nid001124,2026/05/02 02:01:48.096, 2, GPU-dfbfc0a1-5bdd-9a67-abb3-e6f3ac7d37b7, NVIDIA A100-SXM4-40GB, 37731, 40960, 5, 100.11, 36
nid001124,2026/05/02 02:01:48.098, 3, GPU-145799ee-88ab-a08b-a7c5-5e22d5beb30f, NVIDIA A100-SXM4-40GB, 37731, 40960, 30, 103.08, 33
nid001121,2026/05/02 02:01:51.545, 0, GPU-1142dc10-04e1-8104-b58f-6e9c4e3ad695, NVIDIA A100-SXM4-40GB, 37219, 40960, 9, 105.24, 36
nid001121,2026/05/02 02:01:51.548, 1, GPU-609dad44-ba7d-bab2-0915-e9b0b033ff14, NVIDIA A100-SXM4-40GB, 37017, 40960, 23, 109.20, 33
nid001121,2026/05/02 02:01:51.549, 2, GPU-aad97d9d-6ff8-bc8d-0481-0c3f454fa1c0, NVIDIA A100-SXM4-40GB, 37017, 40960, 11, 109.46, 34
nid001121,2026/05/02 02:01:51.551, 3, GPU-7d9c6827-58f4-451d-6e2f-de41351f3aa8, NVIDIA A100-SXM4-40GB, 37017, 40960, 9, 98.23, 32
nid001124,2026/05/02 02:01:53.171, 0, GPU-ea60c39f-8348-3f52-3b10-288cfb47cb68, NVIDIA A100-SXM4-40GB, 37737, 40960, 9, 104.73, 38
nid001124,2026/05/02 02:01:53.174, 1, GPU-e687c310-f91d-421a-4706-8e960a8458df, NVIDIA A100-SXM4-40GB, 37731, 40960, 11, 103.20, 34
nid001124,2026/05/02 02:01:53.178, 2, GPU-dfbfc0a1-5bdd-9a67-abb3-e6f3ac7d37b7, NVIDIA A100-SXM4-40GB, 37731, 40960, 38, 100.39, 36
nid001124,2026/05/02 02:01:53.183, 3, GPU-145799ee-88ab-a08b-a7c5-5e22d5beb30f, NVIDIA A100-SXM4-40GB, 37731, 40960, 8, 103.08, 33
nid001121,2026/05/02 02:01:56.872, 0, GPU-1142dc10-04e1-8104-b58f-6e9c4e3ad695, NVIDIA A100-SXM4-40GB, 37219, 40960, 5, 105.64, 37
nid001121,2026/05/02 02:01:56.879, 1, GPU-609dad44-ba7d-bab2-0915-e9b0b033ff14, NVIDIA A100-SXM4-40GB, 37017, 40960, 12, 128.46, 33
nid001121,2026/05/02 02:01:56.883, 2, GPU-aad97d9d-6ff8-bc8d-0481-0c3f454fa1c0, NVIDIA A100-SXM4-40GB, 37017, 40960, 10, 110.51, 34
nid001121,2026/05/02 02:01:56.885, 3, GPU-7d9c6827-58f4-451d-6e2f-de41351f3aa8, NVIDIA A100-SXM4-40GB, 37017, 40960, 7, 98.87, 32
nid001124,2026/05/02 02:01:58.494, 0, GPU-ea60c39f-8348-3f52-3b10-288cfb47cb68, NVIDIA A100-SXM4-40GB, 37737, 40960, 30, 115.88, 38
nid001124,2026/05/02 02:01:58.497, 1, GPU-e687c310-f91d-421a-4706-8e960a8458df, NVIDIA A100-SXM4-40GB, 37731, 40960, 18, 103.20, 34
nid001124,2026/05/02 02:01:58.499, 2, GPU-dfbfc0a1-5bdd-9a67-abb3-e6f3ac7d37b7, NVIDIA A100-SXM4-40GB, 37731, 40960, 13, 101.39, 36
nid001124,2026/05/02 02:01:58.500, 3, GPU-145799ee-88ab-a08b-a7c5-5e22d5beb30f, NVIDIA A100-SXM4-40GB, 37731, 40960, 14, 103.60, 33
nid001121,2026/05/02 02:02:02.086, 0, GPU-1142dc10-04e1-8104-b58f-6e9c4e3ad695, NVIDIA A100-SXM4-40GB, 37219, 40960, 10, 105.24, 37
nid001121,2026/05/02 02:02:02.089, 1, GPU-609dad44-ba7d-bab2-0915-e9b0b033ff14, NVIDIA A100-SXM4-40GB, 37017, 40960, 0, 145.54, 33
nid001121,2026/05/02 02:02:02.091, 2, GPU-aad97d9d-6ff8-bc8d-0481-0c3f454fa1c0, NVIDIA A100-SXM4-40GB, 37017, 40960, 8, 108.94, 35
nid001121,2026/05/02 02:02:02.092, 3, GPU-7d9c6827-58f4-451d-6e2f-de41351f3aa8, NVIDIA A100-SXM4-40GB, 37017, 40960, 17, 98.23, 32
nid001124,2026/05/02 02:02:03.742, 0, GPU-ea60c39f-8348-3f52-3b10-288cfb47cb68, NVIDIA A100-SXM4-40GB, 37737, 40960, 15, 122.78, 38
nid001124,2026/05/02 02:02:03.748, 1, GPU-e687c310-f91d-421a-4706-8e960a8458df, NVIDIA A100-SXM4-40GB, 37731, 40960, 0, 103.20, 34
nid001124,2026/05/02 02:02:03.750, 2, GPU-dfbfc0a1-5bdd-9a67-abb3-e6f3ac7d37b7, NVIDIA A100-SXM4-40GB, 37731, 40960, 27, 100.39, 37
nid001124,2026/05/02 02:02:03.751, 3, GPU-145799ee-88ab-a08b-a7c5-5e22d5beb30f, NVIDIA A100-SXM4-40GB, 37731, 40960, 17, 103.08, 33
nid001121,2026/05/02 02:02:07.440, 0, GPU-1142dc10-04e1-8104-b58f-6e9c4e3ad695, NVIDIA A100-SXM4-40GB, 37219, 40960, 16, 105.24, 36
nid001121,2026/05/02 02:02:07.443, 1, GPU-609dad44-ba7d-bab2-0915-e9b0b033ff14, NVIDIA A100-SXM4-40GB, 37017, 40960, 9, 105.87, 33
nid001121,2026/05/02 02:02:07.445, 2, GPU-aad97d9d-6ff8-bc8d-0481-0c3f454fa1c0, NVIDIA A100-SXM4-40GB, 37017, 40960, 10, 109.74, 34
nid001121,2026/05/02 02:02:07.447, 3, GPU-7d9c6827-58f4-451d-6e2f-de41351f3aa8, NVIDIA A100-SXM4-40GB, 37017, 40960, 26, 97.47, 32
nid001124,2026/05/02 02:02:09.139, 0, GPU-ea60c39f-8348-3f52-3b10-288cfb47cb68, NVIDIA A100-SXM4-40GB, 37737, 40960, 35, 104.73, 39
nid001124,2026/05/02 02:02:09.142, 1, GPU-e687c310-f91d-421a-4706-8e960a8458df, NVIDIA A100-SXM4-40GB, 37731, 40960, 80, 102.67, 34
nid001124,2026/05/02 02:02:09.143, 2, GPU-dfbfc0a1-5bdd-9a67-abb3-e6f3ac7d37b7, NVIDIA A100-SXM4-40GB, 37731, 40960, 8, 101.39, 37
nid001124,2026/05/02 02:02:09.145, 3, GPU-145799ee-88ab-a08b-a7c5-5e22d5beb30f, NVIDIA A100-SXM4-40GB, 37731, 40960, 7, 109.22, 33
nid001121,2026/05/02 02:02:12.709, 0, GPU-1142dc10-04e1-8104-b58f-6e9c4e3ad695, NVIDIA A100-SXM4-40GB, 37219, 40960, 4, 123.25, 37
nid001121,2026/05/02 02:02:12.712, 1, GPU-609dad44-ba7d-bab2-0915-e9b0b033ff14, NVIDIA A100-SXM4-40GB, 37017, 40960, 14, 106.92, 33
nid001121,2026/05/02 02:02:12.714, 2, GPU-aad97d9d-6ff8-bc8d-0481-0c3f454fa1c0, NVIDIA A100-SXM4-40GB, 37017, 40960, 14, 109.22, 34
nid001121,2026/05/02 02:02:12.721, 3, GPU-7d9c6827-58f4-451d-6e2f-de41351f3aa8, NVIDIA A100-SXM4-40GB, 37017, 40960, 14, 97.24, 32
nid001124,2026/05/02 02:02:14.318, 0, GPU-ea60c39f-8348-3f52-3b10-288cfb47cb68, NVIDIA A100-SXM4-40GB, 37737, 40960, 31, 105.49, 38
nid001124,2026/05/02 02:02:14.321, 1, GPU-e687c310-f91d-421a-4706-8e960a8458df, NVIDIA A100-SXM4-40GB, 37731, 40960, 0, 102.96, 34
nid001124,2026/05/02 02:02:14.323, 2, GPU-dfbfc0a1-5bdd-9a67-abb3-e6f3ac7d37b7, NVIDIA A100-SXM4-40GB, 37731, 40960, 18, 100.22, 36
nid001124,2026/05/02 02:02:14.327, 3, GPU-145799ee-88ab-a08b-a7c5-5e22d5beb30f, NVIDIA A100-SXM4-40GB, 37731, 40960, 14, 103.08, 33
nid001121,2026/05/02 02:02:18.130, 0, GPU-1142dc10-04e1-8104-b58f-6e9c4e3ad695, NVIDIA A100-SXM4-40GB, 37219, 40960, 7, 105.12, 36
nid001121,2026/05/02 02:02:18.133, 1, GPU-609dad44-ba7d-bab2-0915-e9b0b033ff14, NVIDIA A100-SXM4-40GB, 37017, 40960, 6, 105.87, 33
nid001121,2026/05/02 02:02:18.135, 2, GPU-aad97d9d-6ff8-bc8d-0481-0c3f454fa1c0, NVIDIA A100-SXM4-40GB, 37017, 40960, 4, 109.22, 34
nid001121,2026/05/02 02:02:18.136, 3, GPU-7d9c6827-58f4-451d-6e2f-de41351f3aa8, NVIDIA A100-SXM4-40GB, 37017, 40960, 14, 98.23, 32
nid001124,2026/05/02 02:02:19.888, 0, GPU-ea60c39f-8348-3f52-3b10-288cfb47cb68, NVIDIA A100-SXM4-40GB, 37737, 40960, 28, 105.49, 38
nid001124,2026/05/02 02:02:19.891, 1, GPU-e687c310-f91d-421a-4706-8e960a8458df, NVIDIA A100-SXM4-40GB, 37731, 40960, 25, 166.93, 34
nid001124,2026/05/02 02:02:19.893, 2, GPU-dfbfc0a1-5bdd-9a67-abb3-e6f3ac7d37b7, NVIDIA A100-SXM4-40GB, 37731, 40960, 25, 100.39, 37
nid001124,2026/05/02 02:02:19.895, 3, GPU-145799ee-88ab-a08b-a7c5-5e22d5beb30f, NVIDIA A100-SXM4-40GB, 37731, 40960, 8, 103.08, 33
nid001121,2026/05/02 02:02:23.503, 0, GPU-1142dc10-04e1-8104-b58f-6e9c4e3ad695, NVIDIA A100-SXM4-40GB, 37219, 40960, 12, 105.24, 36
nid001121,2026/05/02 02:02:23.507, 1, GPU-609dad44-ba7d-bab2-0915-e9b0b033ff14, NVIDIA A100-SXM4-40GB, 37017, 40960, 15, 105.87, 33
nid001121,2026/05/02 02:02:23.509, 2, GPU-aad97d9d-6ff8-bc8d-0481-0c3f454fa1c0, NVIDIA A100-SXM4-40GB, 37017, 40960, 4, 109.22, 34
nid001121,2026/05/02 02:02:23.511, 3, GPU-7d9c6827-58f4-451d-6e2f-de41351f3aa8, NVIDIA A100-SXM4-40GB, 37017, 40960, 9, 97.24, 32
nid001124,2026/05/02 02:02:24.909, 0, GPU-ea60c39f-8348-3f52-3b10-288cfb47cb68, NVIDIA A100-SXM4-40GB, 37737, 40960, 53, 104.60, 38
nid001124,2026/05/02 02:02:24.912, 1, GPU-e687c310-f91d-421a-4706-8e960a8458df, NVIDIA A100-SXM4-40GB, 37731, 40960, 33, 103.07, 35
nid001124,2026/05/02 02:02:24.913, 2, GPU-dfbfc0a1-5bdd-9a67-abb3-e6f3ac7d37b7, NVIDIA A100-SXM4-40GB, 37731, 40960, 13, 100.39, 36
nid001124,2026/05/02 02:02:24.915, 3, GPU-145799ee-88ab-a08b-a7c5-5e22d5beb30f, NVIDIA A100-SXM4-40GB, 37731, 40960, 38, 103.32, 33
nid001121,2026/05/02 02:02:28.372, 0, GPU-1142dc10-04e1-8104-b58f-6e9c4e3ad695, NVIDIA A100-SXM4-40GB, 37219, 40960, 4, 106.00, 36
nid001121,2026/05/02 02:02:28.379, 1, GPU-609dad44-ba7d-bab2-0915-e9b0b033ff14, NVIDIA A100-SXM4-40GB, 37017, 40960, 11, 105.87, 33
nid001121,2026/05/02 02:02:28.384, 2, GPU-aad97d9d-6ff8-bc8d-0481-0c3f454fa1c0, NVIDIA A100-SXM4-40GB, 37017, 40960, 5, 109.22, 34
nid001121,2026/05/02 02:02:28.390, 3, GPU-7d9c6827-58f4-451d-6e2f-de41351f3aa8, NVIDIA A100-SXM4-40GB, 37017, 40960, 15, 98.23, 32
nid001124,2026/05/02 02:02:29.660, 0, GPU-ea60c39f-8348-3f52-3b10-288cfb47cb68, NVIDIA A100-SXM4-40GB, 37737, 40960, 26, 110.64, 38
nid001124,2026/05/02 02:02:29.663, 1, GPU-e687c310-f91d-421a-4706-8e960a8458df, NVIDIA A100-SXM4-40GB, 37731, 40960, 8, 103.20, 34
nid001124,2026/05/02 02:02:29.665, 2, GPU-dfbfc0a1-5bdd-9a67-abb3-e6f3ac7d37b7, NVIDIA A100-SXM4-40GB, 37731, 40960, 22, 100.39, 37
nid001124,2026/05/02 02:02:29.666, 3, GPU-145799ee-88ab-a08b-a7c5-5e22d5beb30f, NVIDIA A100-SXM4-40GB, 37731, 40960, 13, 103.32, 33
nid001121,2026/05/02 02:02:33.332, 0, GPU-1142dc10-04e1-8104-b58f-6e9c4e3ad695, NVIDIA A100-SXM4-40GB, 37219, 40960, 11, 105.12, 37
nid001121,2026/05/02 02:02:33.336, 1, GPU-609dad44-ba7d-bab2-0915-e9b0b033ff14, NVIDIA A100-SXM4-40GB, 37017, 40960, 0, 105.87, 33
nid001121,2026/05/02 02:02:33.337, 2, GPU-aad97d9d-6ff8-bc8d-0481-0c3f454fa1c0, NVIDIA A100-SXM4-40GB, 37017, 40960, 2, 109.22, 34
nid001121,2026/05/02 02:02:33.339, 3, GPU-7d9c6827-58f4-451d-6e2f-de41351f3aa8, NVIDIA A100-SXM4-40GB, 37017, 40960, 8, 121.07, 32
nid001124,2026/05/02 02:02:34.803, 0, GPU-ea60c39f-8348-3f52-3b10-288cfb47cb68, NVIDIA A100-SXM4-40GB, 37737, 40960, 4, 104.73, 38
nid001124,2026/05/02 02:02:34.806, 1, GPU-e687c310-f91d-421a-4706-8e960a8458df, NVIDIA A100-SXM4-40GB, 37731, 40960, 30, 118.03, 34
nid001124,2026/05/02 02:02:34.807, 2, GPU-dfbfc0a1-5bdd-9a67-abb3-e6f3ac7d37b7, NVIDIA A100-SXM4-40GB, 37731, 40960, 26, 112.92, 37
nid001124,2026/05/02 02:02:34.809, 3, GPU-145799ee-88ab-a08b-a7c5-5e22d5beb30f, NVIDIA A100-SXM4-40GB, 37731, 40960, 34, 177.09, 33
nid001121,2026/05/02 02:02:38.417, 0, GPU-1142dc10-04e1-8104-b58f-6e9c4e3ad695, NVIDIA A100-SXM4-40GB, 37219, 40960, 8, 106.00, 36
nid001121,2026/05/02 02:02:38.420, 1, GPU-609dad44-ba7d-bab2-0915-e9b0b033ff14, NVIDIA A100-SXM4-40GB, 37017, 40960, 8, 105.87, 33
nid001121,2026/05/02 02:02:38.421, 2, GPU-aad97d9d-6ff8-bc8d-0481-0c3f454fa1c0, NVIDIA A100-SXM4-40GB, 37017, 40960, 4, 109.22, 34
nid001121,2026/05/02 02:02:38.429, 3, GPU-7d9c6827-58f4-451d-6e2f-de41351f3aa8, NVIDIA A100-SXM4-40GB, 37017, 40960, 6, 98.23, 32
nid001124,2026/05/02 02:02:39.958, 0, GPU-ea60c39f-8348-3f52-3b10-288cfb47cb68, NVIDIA A100-SXM4-40GB, 37737, 40960, 14, 104.96, 38
nid001124,2026/05/02 02:02:39.961, 1, GPU-e687c310-f91d-421a-4706-8e960a8458df, NVIDIA A100-SXM4-40GB, 37731, 40960, 17, 115.09, 34
nid001124,2026/05/02 02:02:39.962, 2, GPU-dfbfc0a1-5bdd-9a67-abb3-e6f3ac7d37b7, NVIDIA A100-SXM4-40GB, 37731, 40960, 7, 127.88, 36
nid001124,2026/05/02 02:02:39.964, 3, GPU-145799ee-88ab-a08b-a7c5-5e22d5beb30f, NVIDIA A100-SXM4-40GB, 37731, 40960, 15, 180.65, 33
nid001121,2026/05/02 02:02:43.462, 0, GPU-1142dc10-04e1-8104-b58f-6e9c4e3ad695, NVIDIA A100-SXM4-40GB, 37219, 40960, 13, 105.76, 36
nid001121,2026/05/02 02:02:43.465, 1, GPU-609dad44-ba7d-bab2-0915-e9b0b033ff14, NVIDIA A100-SXM4-40GB, 37017, 40960, 8, 105.87, 33
nid001121,2026/05/02 02:02:43.467, 2, GPU-aad97d9d-6ff8-bc8d-0481-0c3f454fa1c0, NVIDIA A100-SXM4-40GB, 37017, 40960, 4, 109.22, 34
nid001121,2026/05/02 02:02:43.468, 3, GPU-7d9c6827-58f4-451d-6e2f-de41351f3aa8, NVIDIA A100-SXM4-40GB, 37017, 40960, 12, 97.24, 32
nid001124,2026/05/02 02:02:44.882, 0, GPU-ea60c39f-8348-3f52-3b10-288cfb47cb68, NVIDIA A100-SXM4-40GB, 37737, 40960, 13, 133.25, 38
nid001124,2026/05/02 02:02:44.885, 1, GPU-e687c310-f91d-421a-4706-8e960a8458df, NVIDIA A100-SXM4-40GB, 37731, 40960, 0, 109.86, 34
nid001124,2026/05/02 02:02:44.889, 2, GPU-dfbfc0a1-5bdd-9a67-abb3-e6f3ac7d37b7, NVIDIA A100-SXM4-40GB, 37731, 40960, 23, 176.78, 37
nid001124,2026/05/02 02:02:44.891, 3, GPU-145799ee-88ab-a08b-a7c5-5e22d5beb30f, NVIDIA A100-SXM4-40GB, 37731, 40960, 29, 157.44, 33
nid001121,2026/05/02 02:02:49.214, 0, GPU-1142dc10-04e1-8104-b58f-6e9c4e3ad695, NVIDIA A100-SXM4-40GB, 37219, 40960, 6, 112.52, 37
nid001121,2026/05/02 02:02:49.221, 1, GPU-609dad44-ba7d-bab2-0915-e9b0b033ff14, NVIDIA A100-SXM4-40GB, 37017, 40960, 11, 105.87, 33
nid001121,2026/05/02 02:02:49.232, 2, GPU-aad97d9d-6ff8-bc8d-0481-0c3f454fa1c0, NVIDIA A100-SXM4-40GB, 37017, 40960, 4, 109.22, 34
nid001121,2026/05/02 02:02:49.239, 3, GPU-7d9c6827-58f4-451d-6e2f-de41351f3aa8, NVIDIA A100-SXM4-40GB, 37017, 40960, 14, 98.23, 32
nid001124,2026/05/02 02:02:51.306, 0, GPU-ea60c39f-8348-3f52-3b10-288cfb47cb68, NVIDIA A100-SXM4-40GB, 37737, 40960, 3, 131.97, 39
nid001124,2026/05/02 02:02:51.312, 1, GPU-e687c310-f91d-421a-4706-8e960a8458df, NVIDIA A100-SXM4-40GB, 37731, 40960, 0, 104.48, 34
nid001124,2026/05/02 02:02:51.316, 2, GPU-dfbfc0a1-5bdd-9a67-abb3-e6f3ac7d37b7, NVIDIA A100-SXM4-40GB, 37731, 40960, 24, 100.39, 36
nid001124,2026/05/02 02:02:51.328, 3, GPU-145799ee-88ab-a08b-a7c5-5e22d5beb30f, NVIDIA A100-SXM4-40GB, 37731, 40960, 8, 119.45, 33
nid001121,2026/05/02 02:02:55.079, 0, GPU-1142dc10-04e1-8104-b58f-6e9c4e3ad695, NVIDIA A100-SXM4-40GB, 37219, 40960, 4, 105.53, 37
nid001121,2026/05/02 02:02:55.082, 1, GPU-609dad44-ba7d-bab2-0915-e9b0b033ff14, NVIDIA A100-SXM4-40GB, 37017, 40960, 37, 106.16, 33
nid001121,2026/05/02 02:02:55.083, 2, GPU-aad97d9d-6ff8-bc8d-0481-0c3f454fa1c0, NVIDIA A100-SXM4-40GB, 37017, 40960, 9, 137.02, 35
nid001121,2026/05/02 02:02:55.085, 3, GPU-7d9c6827-58f4-451d-6e2f-de41351f3aa8, NVIDIA A100-SXM4-40GB, 37017, 40960, 26, 108.07, 32
nid001124,2026/05/02 02:02:56.937, 0, GPU-ea60c39f-8348-3f52-3b10-288cfb47cb68, NVIDIA A100-SXM4-40GB, 37737, 40960, 4, 105.49, 38
nid001124,2026/05/02 02:02:56.940, 1, GPU-e687c310-f91d-421a-4706-8e960a8458df, NVIDIA A100-SXM4-40GB, 37731, 40960, 10, 102.96, 35
nid001124,2026/05/02 02:02:56.941, 2, GPU-dfbfc0a1-5bdd-9a67-abb3-e6f3ac7d37b7, NVIDIA A100-SXM4-40GB, 37731, 40960, 13, 140.92, 37
nid001124,2026/05/02 02:02:56.943, 3, GPU-145799ee-88ab-a08b-a7c5-5e22d5beb30f, NVIDIA A100-SXM4-40GB, 37731, 40960, 10, 103.60, 33
nid001121,2026/05/02 02:03:00.633, 0, GPU-1142dc10-04e1-8104-b58f-6e9c4e3ad695, NVIDIA A100-SXM4-40GB, 37219, 40960, 0, 105.24, 36
nid001121,2026/05/02 02:03:00.637, 1, GPU-609dad44-ba7d-bab2-0915-e9b0b033ff14, NVIDIA A100-SXM4-40GB, 37017, 40960, 8, 105.87, 33
nid001121,2026/05/02 02:03:00.639, 2, GPU-aad97d9d-6ff8-bc8d-0481-0c3f454fa1c0, NVIDIA A100-SXM4-40GB, 37017, 40960, 0, 109.22, 34
nid001121,2026/05/02 02:03:00.641, 3, GPU-7d9c6827-58f4-451d-6e2f-de41351f3aa8, NVIDIA A100-SXM4-40GB, 37017, 40960, 4, 104.36, 32
nid001124,2026/05/02 02:03:02.012, 0, GPU-ea60c39f-8348-3f52-3b10-288cfb47cb68, NVIDIA A100-SXM4-40GB, 37737, 40960, 29, 184.43, 39
nid001124,2026/05/02 02:03:02.015, 1, GPU-e687c310-f91d-421a-4706-8e960a8458df, NVIDIA A100-SXM4-40GB, 37731, 40960, 36, 107.81, 34
nid001124,2026/05/02 02:03:02.017, 2, GPU-dfbfc0a1-5bdd-9a67-abb3-e6f3ac7d37b7, NVIDIA A100-SXM4-40GB, 37731, 40960, 42, 174.74, 37
nid001124,2026/05/02 02:03:02.019, 3, GPU-145799ee-88ab-a08b-a7c5-5e22d5beb30f, NVIDIA A100-SXM4-40GB, 37731, 40960, 11, 177.62, 33
nid001121,2026/05/02 02:03:05.671, 0, GPU-1142dc10-04e1-8104-b58f-6e9c4e3ad695, NVIDIA A100-SXM4-40GB, 37219, 40960, 11, 105.24, 37
nid001121,2026/05/02 02:03:05.674, 1, GPU-609dad44-ba7d-bab2-0915-e9b0b033ff14, NVIDIA A100-SXM4-40GB, 37017, 40960, 14, 106.16, 33
nid001121,2026/05/02 02:03:05.675, 2, GPU-aad97d9d-6ff8-bc8d-0481-0c3f454fa1c0, NVIDIA A100-SXM4-40GB, 37017, 40960, 12, 169.69, 34
nid001121,2026/05/02 02:03:05.677, 3, GPU-7d9c6827-58f4-451d-6e2f-de41351f3aa8, NVIDIA A100-SXM4-40GB, 37017, 40960, 12, 100.03, 32
nid001124,2026/05/02 02:03:07.483, 0, GPU-ea60c39f-8348-3f52-3b10-288cfb47cb68, NVIDIA A100-SXM4-40GB, 37737, 40960, 28, 105.49, 38
nid001124,2026/05/02 02:03:07.486, 1, GPU-e687c310-f91d-421a-4706-8e960a8458df, NVIDIA A100-SXM4-40GB, 37731, 40960, 24, 103.48, 34
nid001124,2026/05/02 02:03:07.488, 2, GPU-dfbfc0a1-5bdd-9a67-abb3-e6f3ac7d37b7, NVIDIA A100-SXM4-40GB, 37731, 40960, 18, 100.39, 36
nid001124,2026/05/02 02:03:07.490, 3, GPU-145799ee-88ab-a08b-a7c5-5e22d5beb30f, NVIDIA A100-SXM4-40GB, 37731, 40960, 11, 103.08, 33
nid001121,2026/05/02 02:03:11.338, 0, GPU-1142dc10-04e1-8104-b58f-6e9c4e3ad695, NVIDIA A100-SXM4-40GB, 37219, 40960, 4, 105.24, 37
nid001121,2026/05/02 02:03:11.344, 1, GPU-609dad44-ba7d-bab2-0915-e9b0b033ff14, NVIDIA A100-SXM4-40GB, 37017, 40960, 12, 106.16, 33
nid001121,2026/05/02 02:03:11.349, 2, GPU-aad97d9d-6ff8-bc8d-0481-0c3f454fa1c0, NVIDIA A100-SXM4-40GB, 37017, 40960, 13, 162.28, 35
nid001121,2026/05/02 02:03:11.355, 3, GPU-7d9c6827-58f4-451d-6e2f-de41351f3aa8, NVIDIA A100-SXM4-40GB, 37017, 40960, 9, 103.36, 32
nid001124,2026/05/02 02:03:12.699, 0, GPU-ea60c39f-8348-3f52-3b10-288cfb47cb68, NVIDIA A100-SXM4-40GB, 37737, 40960, 99, 104.73, 38
nid001124,2026/05/02 02:03:12.702, 1, GPU-e687c310-f91d-421a-4706-8e960a8458df, NVIDIA A100-SXM4-40GB, 37731, 40960, 97, 103.20, 34
nid001124,2026/05/02 02:03:12.703, 2, GPU-dfbfc0a1-5bdd-9a67-abb3-e6f3ac7d37b7, NVIDIA A100-SXM4-40GB, 37731, 40960, 70, 100.87, 36
nid001124,2026/05/02 02:03:12.705, 3, GPU-145799ee-88ab-a08b-a7c5-5e22d5beb30f, NVIDIA A100-SXM4-40GB, 37731, 40960, 54, 103.08, 33
nid001121,2026/05/02 02:03:16.404, 0, GPU-1142dc10-04e1-8104-b58f-6e9c4e3ad695, NVIDIA A100-SXM4-40GB, 37219, 40960, 15, 105.24, 36
nid001121,2026/05/02 02:03:16.408, 1, GPU-609dad44-ba7d-bab2-0915-e9b0b033ff14, NVIDIA A100-SXM4-40GB, 37017, 40960, 7, 105.87, 33
nid001121,2026/05/02 02:03:16.410, 2, GPU-aad97d9d-6ff8-bc8d-0481-0c3f454fa1c0, NVIDIA A100-SXM4-40GB, 37017, 40960, 6, 109.22, 34
nid001121,2026/05/02 02:03:16.412, 3, GPU-7d9c6827-58f4-451d-6e2f-de41351f3aa8, NVIDIA A100-SXM4-40GB, 37017, 40960, 12, 97.47, 32
nid001124,2026/05/02 02:03:18.081, 0, GPU-ea60c39f-8348-3f52-3b10-288cfb47cb68, NVIDIA A100-SXM4-40GB, 37737, 40960, 22, 105.78, 38
nid001124,2026/05/02 02:03:18.084, 1, GPU-e687c310-f91d-421a-4706-8e960a8458df, NVIDIA A100-SXM4-40GB, 37731, 40960, 7, 103.20, 34
nid001124,2026/05/02 02:03:18.085, 2, GPU-dfbfc0a1-5bdd-9a67-abb3-e6f3ac7d37b7, NVIDIA A100-SXM4-40GB, 37731, 40960, 37, 100.39, 36
nid001124,2026/05/02 02:03:18.087, 3, GPU-145799ee-88ab-a08b-a7c5-5e22d5beb30f, NVIDIA A100-SXM4-40GB, 37731, 40960, 12, 103.08, 33
nid001121,2026/05/02 02:03:21.772, 0, GPU-1142dc10-04e1-8104-b58f-6e9c4e3ad695, NVIDIA A100-SXM4-40GB, 37219, 40960, 15, 120.69, 37
nid001121,2026/05/02 02:03:21.778, 1, GPU-609dad44-ba7d-bab2-0915-e9b0b033ff14, NVIDIA A100-SXM4-40GB, 37017, 40960, 18, 129.38, 33
nid001121,2026/05/02 02:03:21.783, 2, GPU-aad97d9d-6ff8-bc8d-0481-0c3f454fa1c0, NVIDIA A100-SXM4-40GB, 37017, 40960, 4, 129.77, 35
nid001121,2026/05/02 02:03:21.789, 3, GPU-7d9c6827-58f4-451d-6e2f-de41351f3aa8, NVIDIA A100-SXM4-40GB, 37017, 40960, 6, 105.40, 32
nid001124,2026/05/02 02:03:23.322, 0, GPU-ea60c39f-8348-3f52-3b10-288cfb47cb68, NVIDIA A100-SXM4-40GB, 37737, 40960, 11, 105.78, 39
nid001124,2026/05/02 02:03:23.325, 1, GPU-e687c310-f91d-421a-4706-8e960a8458df, NVIDIA A100-SXM4-40GB, 37731, 40960, 16, 115.22, 34
nid001124,2026/05/02 02:03:23.327, 2, GPU-dfbfc0a1-5bdd-9a67-abb3-e6f3ac7d37b7, NVIDIA A100-SXM4-40GB, 37731, 40960, 22, 100.11, 36
nid001124,2026/05/02 02:03:23.329, 3, GPU-145799ee-88ab-a08b-a7c5-5e22d5beb30f, NVIDIA A100-SXM4-40GB, 37731, 40960, 22, 103.32, 33
nid001121,2026/05/02 02:03:26.969, 0, GPU-1142dc10-04e1-8104-b58f-6e9c4e3ad695, NVIDIA A100-SXM4-40GB, 37219, 40960, 42, 105.24, 37
nid001121,2026/05/02 02:03:26.972, 1, GPU-609dad44-ba7d-bab2-0915-e9b0b033ff14, NVIDIA A100-SXM4-40GB, 37017, 40960, 19, 105.87, 33
nid001121,2026/05/02 02:03:26.973, 2, GPU-aad97d9d-6ff8-bc8d-0481-0c3f454fa1c0, NVIDIA A100-SXM4-40GB, 37017, 40960, 38, 109.22, 34
nid001121,2026/05/02 02:03:26.975, 3, GPU-7d9c6827-58f4-451d-6e2f-de41351f3aa8, NVIDIA A100-SXM4-40GB, 37017, 40960, 41, 103.60, 32
nid001124,2026/05/02 02:03:28.589, 0, GPU-ea60c39f-8348-3f52-3b10-288cfb47cb68, NVIDIA A100-SXM4-40GB, 37737, 40960, 25, 104.96, 38
nid001124,2026/05/02 02:03:28.592, 1, GPU-e687c310-f91d-421a-4706-8e960a8458df, NVIDIA A100-SXM4-40GB, 37731, 40960, 21, 116.22, 35
nid001124,2026/05/02 02:03:28.593, 2, GPU-dfbfc0a1-5bdd-9a67-abb3-e6f3ac7d37b7, NVIDIA A100-SXM4-40GB, 37731, 40960, 30, 100.22, 37
nid001124,2026/05/02 02:03:28.595, 3, GPU-145799ee-88ab-a08b-a7c5-5e22d5beb30f, NVIDIA A100-SXM4-40GB, 37731, 40960, 33, 103.32, 33
nid001121,2026/05/02 02:03:32.111, 0, GPU-1142dc10-04e1-8104-b58f-6e9c4e3ad695, NVIDIA A100-SXM4-40GB, 37219, 40960, 8, 106.29, 37
nid001121,2026/05/02 02:03:32.114, 1, GPU-609dad44-ba7d-bab2-0915-e9b0b033ff14, NVIDIA A100-SXM4-40GB, 37017, 40960, 14, 105.87, 33
nid001121,2026/05/02 02:03:32.115, 2, GPU-aad97d9d-6ff8-bc8d-0481-0c3f454fa1c0, NVIDIA A100-SXM4-40GB, 37017, 40960, 20, 109.46, 35
nid001121,2026/05/02 02:03:32.117, 3, GPU-7d9c6827-58f4-451d-6e2f-de41351f3aa8, NVIDIA A100-SXM4-40GB, 37017, 40960, 7, 135.41, 32
nid001124,2026/05/02 02:03:33.339, 0, GPU-ea60c39f-8348-3f52-3b10-288cfb47cb68, NVIDIA A100-SXM4-40GB, 37737, 40960, 11, 116.26, 38
nid001124,2026/05/02 02:03:33.342, 1, GPU-e687c310-f91d-421a-4706-8e960a8458df, NVIDIA A100-SXM4-40GB, 37731, 40960, 32, 105.00, 34
nid001124,2026/05/02 02:03:33.344, 2, GPU-dfbfc0a1-5bdd-9a67-abb3-e6f3ac7d37b7, NVIDIA A100-SXM4-40GB, 37731, 40960, 30, 100.22, 37
nid001124,2026/05/02 02:03:33.350, 3, GPU-145799ee-88ab-a08b-a7c5-5e22d5beb30f, NVIDIA A100-SXM4-40GB, 37731, 40960, 33, 139.99, 33
nid001121,2026/05/02 02:03:36.829, 0, GPU-1142dc10-04e1-8104-b58f-6e9c4e3ad695, NVIDIA A100-SXM4-40GB, 37219, 40960, 0, 105.64, 37
nid001121,2026/05/02 02:03:36.836, 1, GPU-609dad44-ba7d-bab2-0915-e9b0b033ff14, NVIDIA A100-SXM4-40GB, 37017, 40960, 7, 105.87, 33
nid001121,2026/05/02 02:03:36.846, 2, GPU-aad97d9d-6ff8-bc8d-0481-0c3f454fa1c0, NVIDIA A100-SXM4-40GB, 37017, 40960, 17, 109.22, 34
nid001121,2026/05/02 02:03:36.851, 3, GPU-7d9c6827-58f4-451d-6e2f-de41351f3aa8, NVIDIA A100-SXM4-40GB, 37017, 40960, 4, 97.24, 32
nid001124,2026/05/02 02:03:38.381, 0, GPU-ea60c39f-8348-3f52-3b10-288cfb47cb68, NVIDIA A100-SXM4-40GB, 37737, 40960, 23, 120.59, 38
nid001124,2026/05/02 02:03:38.384, 1, GPU-e687c310-f91d-421a-4706-8e960a8458df, NVIDIA A100-SXM4-40GB, 37731, 40960, 44, 119.69, 34
nid001124,2026/05/02 02:03:38.386, 2, GPU-dfbfc0a1-5bdd-9a67-abb3-e6f3ac7d37b7, NVIDIA A100-SXM4-40GB, 37731, 40960, 38, 148.86, 37
nid001124,2026/05/02 02:03:38.387, 3, GPU-145799ee-88ab-a08b-a7c5-5e22d5beb30f, NVIDIA A100-SXM4-40GB, 37731, 40960, 48, 161.95, 33
nid001121,2026/05/02 02:03:41.771, 0, GPU-1142dc10-04e1-8104-b58f-6e9c4e3ad695, NVIDIA A100-SXM4-40GB, 37219, 40960, 41, 106.29, 37
nid001121,2026/05/02 02:03:41.774, 1, GPU-609dad44-ba7d-bab2-0915-e9b0b033ff14, NVIDIA A100-SXM4-40GB, 37017, 40960, 25, 107.92, 33
nid001121,2026/05/02 02:03:41.775, 2, GPU-aad97d9d-6ff8-bc8d-0481-0c3f454fa1c0, NVIDIA A100-SXM4-40GB, 37017, 40960, 10, 111.27, 34
nid001121,2026/05/02 02:03:41.777, 3, GPU-7d9c6827-58f4-451d-6e2f-de41351f3aa8, NVIDIA A100-SXM4-40GB, 37017, 40960, 8, 166.53, 32
nid001124,2026/05/02 02:03:43.157, 0, GPU-ea60c39f-8348-3f52-3b10-288cfb47cb68, NVIDIA A100-SXM4-40GB, 37737, 40960, 56, 104.96, 39
nid001124,2026/05/02 02:03:43.160, 1, GPU-e687c310-f91d-421a-4706-8e960a8458df, NVIDIA A100-SXM4-40GB, 37731, 40960, 20, 103.20, 34
nid001124,2026/05/02 02:03:43.161, 2, GPU-dfbfc0a1-5bdd-9a67-abb3-e6f3ac7d37b7, NVIDIA A100-SXM4-40GB, 37731, 40960, 33, 107.02, 36
nid001124,2026/05/02 02:03:43.163, 3, GPU-145799ee-88ab-a08b-a7c5-5e22d5beb30f, NVIDIA A100-SXM4-40GB, 37731, 40960, 16, 110.98, 33
nid001121,2026/05/02 02:03:46.245, 0, GPU-1142dc10-04e1-8104-b58f-6e9c4e3ad695, NVIDIA A100-SXM4-40GB, 37219, 40960, 14, 105.24, 36
nid001121,2026/05/02 02:03:46.248, 1, GPU-609dad44-ba7d-bab2-0915-e9b0b033ff14, NVIDIA A100-SXM4-40GB, 37017, 40960, 0, 105.87, 33
nid001121,2026/05/02 02:03:46.250, 2, GPU-aad97d9d-6ff8-bc8d-0481-0c3f454fa1c0, NVIDIA A100-SXM4-40GB, 37017, 40960, 4, 109.22, 34
nid001121,2026/05/02 02:03:46.252, 3, GPU-7d9c6827-58f4-451d-6e2f-de41351f3aa8, NVIDIA A100-SXM4-40GB, 37017, 40960, 0, 97.24, 32
nid001124,2026/05/02 02:03:47.695, 0, GPU-ea60c39f-8348-3f52-3b10-288cfb47cb68, NVIDIA A100-SXM4-40GB, 37737, 40960, 34, 108.82, 38
nid001124,2026/05/02 02:03:47.698, 1, GPU-e687c310-f91d-421a-4706-8e960a8458df, NVIDIA A100-SXM4-40GB, 37731, 40960, 16, 103.20, 34
nid001124,2026/05/02 02:03:47.700, 2, GPU-dfbfc0a1-5bdd-9a67-abb3-e6f3ac7d37b7, NVIDIA A100-SXM4-40GB, 37731, 40960, 43, 115.50, 37
nid001124,2026/05/02 02:03:47.702, 3, GPU-145799ee-88ab-a08b-a7c5-5e22d5beb30f, NVIDIA A100-SXM4-40GB, 37731, 40960, 30, 120.98, 33
nid001121,2026/05/02 02:03:50.865, 0, GPU-1142dc10-04e1-8104-b58f-6e9c4e3ad695, NVIDIA A100-SXM4-40GB, 37219, 40960, 7, 106.53, 37
nid001121,2026/05/02 02:03:50.868, 1, GPU-609dad44-ba7d-bab2-0915-e9b0b033ff14, NVIDIA A100-SXM4-40GB, 37017, 40960, 10, 108.44, 33
nid001121,2026/05/02 02:03:50.869, 2, GPU-aad97d9d-6ff8-bc8d-0481-0c3f454fa1c0, NVIDIA A100-SXM4-40GB, 37017, 40960, 11, 112.03, 34
nid001121,2026/05/02 02:03:50.871, 3, GPU-7d9c6827-58f4-451d-6e2f-de41351f3aa8, NVIDIA A100-SXM4-40GB, 37017, 40960, 12, 157.82, 32
nid001124,2026/05/02 02:03:52.215, 0, GPU-ea60c39f-8348-3f52-3b10-288cfb47cb68, NVIDIA A100-SXM4-40GB, 37737, 40960, 35, 104.96, 38
nid001124,2026/05/02 02:03:52.218, 1, GPU-e687c310-f91d-421a-4706-8e960a8458df, NVIDIA A100-SXM4-40GB, 37731, 40960, 22, 103.20, 35
nid001124,2026/05/02 02:03:52.220, 2, GPU-dfbfc0a1-5bdd-9a67-abb3-e6f3ac7d37b7, NVIDIA A100-SXM4-40GB, 37731, 40960, 49, 100.75, 37
nid001124,2026/05/02 02:03:52.222, 3, GPU-145799ee-88ab-a08b-a7c5-5e22d5beb30f, NVIDIA A100-SXM4-40GB, 37731, 40960, 14, 103.73, 33
nid001121,2026/05/02 02:03:55.528, 0, GPU-1142dc10-04e1-8104-b58f-6e9c4e3ad695, NVIDIA A100-SXM4-40GB, 37219, 40960, 8, 105.24, 36
nid001121,2026/05/02 02:03:55.531, 1, GPU-609dad44-ba7d-bab2-0915-e9b0b033ff14, NVIDIA A100-SXM4-40GB, 37017, 40960, 15, 106.16, 33
nid001121,2026/05/02 02:03:55.533, 2, GPU-aad97d9d-6ff8-bc8d-0481-0c3f454fa1c0, NVIDIA A100-SXM4-40GB, 37017, 40960, 4, 109.22, 34
nid001121,2026/05/02 02:03:55.535, 3, GPU-7d9c6827-58f4-451d-6e2f-de41351f3aa8, NVIDIA A100-SXM4-40GB, 37017, 40960, 6, 98.00, 32
nid001124,2026/05/02 02:03:56.913, 0, GPU-ea60c39f-8348-3f52-3b10-288cfb47cb68, NVIDIA A100-SXM4-40GB, 37737, 40960, 22, 105.49, 38
nid001124,2026/05/02 02:03:56.916, 1, GPU-e687c310-f91d-421a-4706-8e960a8458df, NVIDIA A100-SXM4-40GB, 37731, 40960, 8, 103.20, 34
nid001124,2026/05/02 02:03:56.918, 2, GPU-dfbfc0a1-5bdd-9a67-abb3-e6f3ac7d37b7, NVIDIA A100-SXM4-40GB, 37731, 40960, 9, 103.73, 36
nid001124,2026/05/02 02:03:56.919, 3, GPU-145799ee-88ab-a08b-a7c5-5e22d5beb30f, NVIDIA A100-SXM4-40GB, 37731, 40960, 36, 107.41, 33
nid001121,2026/05/02 02:04:00.174, 0, GPU-1142dc10-04e1-8104-b58f-6e9c4e3ad695, NVIDIA A100-SXM4-40GB, 37219, 40960, 11, 104.88, 36
nid001121,2026/05/02 02:04:00.178, 1, GPU-609dad44-ba7d-bab2-0915-e9b0b033ff14, NVIDIA A100-SXM4-40GB, 37017, 40960, 8, 105.87, 33
nid001121,2026/05/02 02:04:00.179, 2, GPU-aad97d9d-6ff8-bc8d-0481-0c3f454fa1c0, NVIDIA A100-SXM4-40GB, 37017, 40960, 18, 109.46, 34
nid001121,2026/05/02 02:04:00.181, 3, GPU-7d9c6827-58f4-451d-6e2f-de41351f3aa8, NVIDIA A100-SXM4-40GB, 37017, 40960, 8, 98.23, 32
nid001124,2026/05/02 02:04:01.499, 0, GPU-ea60c39f-8348-3f52-3b10-288cfb47cb68, NVIDIA A100-SXM4-40GB, 37737, 40960, 39, 104.84, 38
nid001124,2026/05/02 02:04:01.502, 1, GPU-e687c310-f91d-421a-4706-8e960a8458df, NVIDIA A100-SXM4-40GB, 37731, 40960, 66, 103.48, 35
nid001124,2026/05/02 02:04:01.509, 2, GPU-dfbfc0a1-5bdd-9a67-abb3-e6f3ac7d37b7, NVIDIA A100-SXM4-40GB, 37731, 40960, 42, 100.39, 36
nid001124,2026/05/02 02:04:01.511, 3, GPU-145799ee-88ab-a08b-a7c5-5e22d5beb30f, NVIDIA A100-SXM4-40GB, 37731, 40960, 17, 103.32, 33
nid001121,2026/05/02 02:04:04.844, 0, GPU-1142dc10-04e1-8104-b58f-6e9c4e3ad695, NVIDIA A100-SXM4-40GB, 37219, 40960, 0, 114.04, 37
nid001121,2026/05/02 02:04:04.851, 1, GPU-609dad44-ba7d-bab2-0915-e9b0b033ff14, NVIDIA A100-SXM4-40GB, 37017, 40960, 25, 106.16, 33
nid001121,2026/05/02 02:04:04.853, 2, GPU-aad97d9d-6ff8-bc8d-0481-0c3f454fa1c0, NVIDIA A100-SXM4-40GB, 37017, 40960, 13, 109.46, 34
nid001121,2026/05/02 02:04:04.854, 3, GPU-7d9c6827-58f4-451d-6e2f-de41351f3aa8, NVIDIA A100-SXM4-40GB, 37017, 40960, 6, 98.99, 32
nid001124,2026/05/02 02:04:06.500, 0, GPU-ea60c39f-8348-3f52-3b10-288cfb47cb68, NVIDIA A100-SXM4-40GB, 37737, 40960, 27, 109.35, 38
nid001124,2026/05/02 02:04:06.502, 1, GPU-e687c310-f91d-421a-4706-8e960a8458df, NVIDIA A100-SXM4-40GB, 37731, 40960, 61, 103.96, 34
nid001124,2026/05/02 02:04:06.509, 2, GPU-dfbfc0a1-5bdd-9a67-abb3-e6f3ac7d37b7, NVIDIA A100-SXM4-40GB, 37731, 40960, 23, 124.21, 36
nid001124,2026/05/02 02:04:06.511, 3, GPU-145799ee-88ab-a08b-a7c5-5e22d5beb30f, NVIDIA A100-SXM4-40GB, 37731, 40960, 63, 103.21, 33
nid001121,2026/05/02 02:04:09.977, 0, GPU-1142dc10-04e1-8104-b58f-6e9c4e3ad695, NVIDIA A100-SXM4-40GB, 37219, 40960, 16, 111.89, 37
nid001121,2026/05/02 02:04:09.980, 1, GPU-609dad44-ba7d-bab2-0915-e9b0b033ff14, NVIDIA A100-SXM4-40GB, 37017, 40960, 6, 106.16, 33
nid001121,2026/05/02 02:04:09.982, 2, GPU-aad97d9d-6ff8-bc8d-0481-0c3f454fa1c0, NVIDIA A100-SXM4-40GB, 37017, 40960, 15, 109.22, 34
nid001121,2026/05/02 02:04:09.983, 3, GPU-7d9c6827-58f4-451d-6e2f-de41351f3aa8, NVIDIA A100-SXM4-40GB, 37017, 40960, 4, 99.51, 32
nid001124,2026/05/02 02:04:11.760, 0, GPU-ea60c39f-8348-3f52-3b10-288cfb47cb68, NVIDIA A100-SXM4-40GB, 37737, 40960, 8, 162.99, 38
nid001124,2026/05/02 02:04:11.763, 1, GPU-e687c310-f91d-421a-4706-8e960a8458df, NVIDIA A100-SXM4-40GB, 37731, 40960, 19, 125.82, 34
nid001124,2026/05/02 02:04:11.765, 2, GPU-dfbfc0a1-5bdd-9a67-abb3-e6f3ac7d37b7, NVIDIA A100-SXM4-40GB, 37731, 40960, 5, 100.63, 36
nid001124,2026/05/02 02:04:11.766, 3, GPU-145799ee-88ab-a08b-a7c5-5e22d5beb30f, NVIDIA A100-SXM4-40GB, 37731, 40960, 0, 103.60, 33
nid001121,2026/05/02 02:04:15.339, 0, GPU-1142dc10-04e1-8104-b58f-6e9c4e3ad695, NVIDIA A100-SXM4-40GB, 37219, 40960, 4, 117.13, 37
nid001121,2026/05/02 02:04:15.346, 1, GPU-609dad44-ba7d-bab2-0915-e9b0b033ff14, NVIDIA A100-SXM4-40GB, 37017, 40960, 11, 105.87, 33
nid001121,2026/05/02 02:04:15.363, 2, GPU-aad97d9d-6ff8-bc8d-0481-0c3f454fa1c0, NVIDIA A100-SXM4-40GB, 37017, 40960, 15, 109.22, 35
nid001121,2026/05/02 02:04:15.367, 3, GPU-7d9c6827-58f4-451d-6e2f-de41351f3aa8, NVIDIA A100-SXM4-40GB, 37017, 40960, 5, 98.23, 32
nid001124,2026/05/02 02:04:17.055, 0, GPU-ea60c39f-8348-3f52-3b10-288cfb47cb68, NVIDIA A100-SXM4-40GB, 37737, 40960, 45, 104.73, 38
nid001124,2026/05/02 02:04:17.058, 1, GPU-e687c310-f91d-421a-4706-8e960a8458df, NVIDIA A100-SXM4-40GB, 37731, 40960, 9, 102.96, 34
nid001124,2026/05/02 02:04:17.060, 2, GPU-dfbfc0a1-5bdd-9a67-abb3-e6f3ac7d37b7, NVIDIA A100-SXM4-40GB, 37731, 40960, 23, 104.49, 37
nid001124,2026/05/02 02:04:17.065, 3, GPU-145799ee-88ab-a08b-a7c5-5e22d5beb30f, NVIDIA A100-SXM4-40GB, 37731, 40960, 9, 103.08, 33
nid001121,2026/05/02 02:04:20.604, 0, GPU-1142dc10-04e1-8104-b58f-6e9c4e3ad695, NVIDIA A100-SXM4-40GB, 37219, 40960, 11, 105.12, 36
nid001121,2026/05/02 02:04:20.608, 1, GPU-609dad44-ba7d-bab2-0915-e9b0b033ff14, NVIDIA A100-SXM4-40GB, 37017, 40960, 6, 106.16, 33
nid001121,2026/05/02 02:04:20.613, 2, GPU-aad97d9d-6ff8-bc8d-0481-0c3f454fa1c0, NVIDIA A100-SXM4-40GB, 37017, 40960, 13, 190.86, 35
nid001121,2026/05/02 02:04:20.619, 3, GPU-7d9c6827-58f4-451d-6e2f-de41351f3aa8, NVIDIA A100-SXM4-40GB, 37017, 40960, 10, 98.47, 32
nid001124,2026/05/02 02:04:22.268, 0, GPU-ea60c39f-8348-3f52-3b10-288cfb47cb68, NVIDIA A100-SXM4-40GB, 37737, 40960, 22, 105.25, 39
nid001124,2026/05/02 02:04:22.271, 1, GPU-e687c310-f91d-421a-4706-8e960a8458df, NVIDIA A100-SXM4-40GB, 37731, 40960, 5, 162.84, 34
nid001124,2026/05/02 02:04:22.273, 2, GPU-dfbfc0a1-5bdd-9a67-abb3-e6f3ac7d37b7, NVIDIA A100-SXM4-40GB, 37731, 40960, 32, 101.15, 36
nid001124,2026/05/02 02:04:22.275, 3, GPU-145799ee-88ab-a08b-a7c5-5e22d5beb30f, NVIDIA A100-SXM4-40GB, 37731, 40960, 41, 104.08, 33
nid001121,2026/05/02 02:04:25.770, 0, GPU-1142dc10-04e1-8104-b58f-6e9c4e3ad695, NVIDIA A100-SXM4-40GB, 37219, 40960, 4, 114.57, 36
nid001121,2026/05/02 02:04:25.773, 1, GPU-609dad44-ba7d-bab2-0915-e9b0b033ff14, NVIDIA A100-SXM4-40GB, 37017, 40960, 6, 109.48, 33
nid001121,2026/05/02 02:04:25.775, 2, GPU-aad97d9d-6ff8-bc8d-0481-0c3f454fa1c0, NVIDIA A100-SXM4-40GB, 37017, 40960, 6, 118.79, 34
nid001121,2026/05/02 02:04:25.776, 3, GPU-7d9c6827-58f4-451d-6e2f-de41351f3aa8, NVIDIA A100-SXM4-40GB, 37017, 40960, 8, 162.22, 32
nid001124,2026/05/02 02:04:27.383, 0, GPU-ea60c39f-8348-3f52-3b10-288cfb47cb68, NVIDIA A100-SXM4-40GB, 37737, 40960, 20, 104.73, 38
nid001124,2026/05/02 02:04:27.386, 1, GPU-e687c310-f91d-421a-4706-8e960a8458df, NVIDIA A100-SXM4-40GB, 37731, 40960, 26, 103.20, 34
nid001124,2026/05/02 02:04:27.388, 2, GPU-dfbfc0a1-5bdd-9a67-abb3-e6f3ac7d37b7, NVIDIA A100-SXM4-40GB, 37731, 40960, 12, 150.15, 37
nid001124,2026/05/02 02:04:27.390, 3, GPU-145799ee-88ab-a08b-a7c5-5e22d5beb30f, NVIDIA A100-SXM4-40GB, 37731, 40960, 13, 161.28, 33
nid001121,2026/05/02 02:04:30.783, 0, GPU-1142dc10-04e1-8104-b58f-6e9c4e3ad695, NVIDIA A100-SXM4-40GB, 37219, 40960, 0, 119.69, 37
nid001121,2026/05/02 02:04:30.792, 1, GPU-609dad44-ba7d-bab2-0915-e9b0b033ff14, NVIDIA A100-SXM4-40GB, 37017, 40960, 6, 106.40, 33
nid001121,2026/05/02 02:04:30.805, 2, GPU-aad97d9d-6ff8-bc8d-0481-0c3f454fa1c0, NVIDIA A100-SXM4-40GB, 37017, 40960, 9, 110.98, 34
nid001121,2026/05/02 02:04:30.809, 3, GPU-7d9c6827-58f4-451d-6e2f-de41351f3aa8, NVIDIA A100-SXM4-40GB, 37017, 40960, 13, 105.75, 32
nid001124,2026/05/02 02:04:32.340, 0, GPU-ea60c39f-8348-3f52-3b10-288cfb47cb68, NVIDIA A100-SXM4-40GB, 37737, 40960, 26, 105.49, 38
nid001124,2026/05/02 02:04:32.343, 1, GPU-e687c310-f91d-421a-4706-8e960a8458df, NVIDIA A100-SXM4-40GB, 37731, 40960, 37, 103.20, 34
nid001124,2026/05/02 02:04:32.345, 2, GPU-dfbfc0a1-5bdd-9a67-abb3-e6f3ac7d37b7, NVIDIA A100-SXM4-40GB, 37731, 40960, 30, 104.96, 36
nid001124,2026/05/02 02:04:32.346, 3, GPU-145799ee-88ab-a08b-a7c5-5e22d5beb30f, NVIDIA A100-SXM4-40GB, 37731, 40960, 24, 108.17, 33
nid001121,2026/05/02 02:04:35.759, 0, GPU-1142dc10-04e1-8104-b58f-6e9c4e3ad695, NVIDIA A100-SXM4-40GB, 37219, 40960, 14, 106.53, 37
nid001121,2026/05/02 02:04:35.762, 1, GPU-609dad44-ba7d-bab2-0915-e9b0b033ff14, NVIDIA A100-SXM4-40GB, 37017, 40960, 15, 165.21, 33
nid001121,2026/05/02 02:04:35.764, 2, GPU-aad97d9d-6ff8-bc8d-0481-0c3f454fa1c0, NVIDIA A100-SXM4-40GB, 37017, 40960, 11, 135.38, 35
nid001121,2026/05/02 02:04:35.765, 3, GPU-7d9c6827-58f4-451d-6e2f-de41351f3aa8, NVIDIA A100-SXM4-40GB, 37017, 40960, 4, 98.47, 32
nid001124,2026/05/02 02:04:37.085, 0, GPU-ea60c39f-8348-3f52-3b10-288cfb47cb68, NVIDIA A100-SXM4-40GB, 37737, 40960, 19, 106.78, 38
nid001124,2026/05/02 02:04:37.088, 1, GPU-e687c310-f91d-421a-4706-8e960a8458df, NVIDIA A100-SXM4-40GB, 37731, 40960, 16, 103.48, 34
nid001124,2026/05/02 02:04:37.090, 2, GPU-dfbfc0a1-5bdd-9a67-abb3-e6f3ac7d37b7, NVIDIA A100-SXM4-40GB, 37731, 40960, 33, 100.39, 36
nid001124,2026/05/02 02:04:37.092, 3, GPU-145799ee-88ab-a08b-a7c5-5e22d5beb30f, NVIDIA A100-SXM4-40GB, 37731, 40960, 36, 103.32, 33
nid001121,2026/05/02 02:04:40.484, 0, GPU-1142dc10-04e1-8104-b58f-6e9c4e3ad695, NVIDIA A100-SXM4-40GB, 37219, 40960, 29, 105.24, 36
nid001121,2026/05/02 02:04:40.487, 1, GPU-609dad44-ba7d-bab2-0915-e9b0b033ff14, NVIDIA A100-SXM4-40GB, 37017, 40960, 0, 105.87, 33
nid001121,2026/05/02 02:04:40.489, 2, GPU-aad97d9d-6ff8-bc8d-0481-0c3f454fa1c0, NVIDIA A100-SXM4-40GB, 37017, 40960, 11, 109.22, 34
nid001121,2026/05/02 02:04:40.491, 3, GPU-7d9c6827-58f4-451d-6e2f-de41351f3aa8, NVIDIA A100-SXM4-40GB, 37017, 40960, 7, 98.23, 32
nid001124,2026/05/02 02:04:41.835, 0, GPU-ea60c39f-8348-3f52-3b10-288cfb47cb68, NVIDIA A100-SXM4-40GB, 37737, 40960, 6, 104.73, 38
nid001124,2026/05/02 02:04:41.839, 1, GPU-e687c310-f91d-421a-4706-8e960a8458df, NVIDIA A100-SXM4-40GB, 37731, 40960, 18, 102.96, 34
nid001124,2026/05/02 02:04:41.843, 2, GPU-dfbfc0a1-5bdd-9a67-abb3-e6f3ac7d37b7, NVIDIA A100-SXM4-40GB, 37731, 40960, 0, 100.22, 36
nid001124,2026/05/02 02:04:41.848, 3, GPU-145799ee-88ab-a08b-a7c5-5e22d5beb30f, NVIDIA A100-SXM4-40GB, 37731, 40960, 0, 103.21, 33
nid001121,2026/05/02 02:04:45.099, 0, GPU-1142dc10-04e1-8104-b58f-6e9c4e3ad695, NVIDIA A100-SXM4-40GB, 37219, 40960, 8, 105.24, 36
nid001121,2026/05/02 02:04:45.102, 1, GPU-609dad44-ba7d-bab2-0915-e9b0b033ff14, NVIDIA A100-SXM4-40GB, 37017, 40960, 13, 105.87, 33
nid001121,2026/05/02 02:04:45.104, 2, GPU-aad97d9d-6ff8-bc8d-0481-0c3f454fa1c0, NVIDIA A100-SXM4-40GB, 37017, 40960, 14, 109.22, 34
nid001121,2026/05/02 02:04:45.105, 3, GPU-7d9c6827-58f4-451d-6e2f-de41351f3aa8, NVIDIA A100-SXM4-40GB, 37017, 40960, 0, 98.23, 32
nid001124,2026/05/02 02:04:46.437, 0, GPU-ea60c39f-8348-3f52-3b10-288cfb47cb68, NVIDIA A100-SXM4-40GB, 37737, 40960, 29, 104.73, 38
nid001124,2026/05/02 02:04:46.440, 1, GPU-e687c310-f91d-421a-4706-8e960a8458df, NVIDIA A100-SXM4-40GB, 37731, 40960, 14, 102.96, 34
nid001124,2026/05/02 02:04:46.441, 2, GPU-dfbfc0a1-5bdd-9a67-abb3-e6f3ac7d37b7, NVIDIA A100-SXM4-40GB, 37731, 40960, 15, 100.39, 37
nid001124,2026/05/02 02:04:46.443, 3, GPU-145799ee-88ab-a08b-a7c5-5e22d5beb30f, NVIDIA A100-SXM4-40GB, 37731, 40960, 22, 103.08, 33
nid001121,2026/05/02 02:04:49.498, 0, GPU-1142dc10-04e1-8104-b58f-6e9c4e3ad695, NVIDIA A100-SXM4-40GB, 37219, 40960, 15, 106.53, 36
nid001121,2026/05/02 02:04:49.504, 1, GPU-609dad44-ba7d-bab2-0915-e9b0b033ff14, NVIDIA A100-SXM4-40GB, 37017, 40960, 7, 105.87, 33
nid001121,2026/05/02 02:04:49.508, 2, GPU-aad97d9d-6ff8-bc8d-0481-0c3f454fa1c0, NVIDIA A100-SXM4-40GB, 37017, 40960, 0, 110.22, 34
nid001121,2026/05/02 02:04:49.515, 3, GPU-7d9c6827-58f4-451d-6e2f-de41351f3aa8, NVIDIA A100-SXM4-40GB, 37017, 40960, 0, 99.28, 32
nid001124,2026/05/02 02:04:50.590, 0, GPU-ea60c39f-8348-3f52-3b10-288cfb47cb68, NVIDIA A100-SXM4-40GB, 37737, 40960, 22, 104.73, 38
nid001124,2026/05/02 02:04:50.597, 1, GPU-e687c310-f91d-421a-4706-8e960a8458df, NVIDIA A100-SXM4-40GB, 37731, 40960, 19, 107.28, 34
nid001124,2026/05/02 02:04:50.598, 2, GPU-dfbfc0a1-5bdd-9a67-abb3-e6f3ac7d37b7, NVIDIA A100-SXM4-40GB, 37731, 40960, 23, 100.39, 36
nid001124,2026/05/02 02:04:50.600, 3, GPU-145799ee-88ab-a08b-a7c5-5e22d5beb30f, NVIDIA A100-SXM4-40GB, 37731, 40960, 19, 103.21, 33
nid001121,2026/05/02 02:04:53.769, 0, GPU-1142dc10-04e1-8104-b58f-6e9c4e3ad695, NVIDIA A100-SXM4-40GB, 37219, 40960, 23, 105.12, 36
nid001121,2026/05/02 02:04:53.773, 1, GPU-609dad44-ba7d-bab2-0915-e9b0b033ff14, NVIDIA A100-SXM4-40GB, 37017, 40960, 4, 105.87, 33
nid001121,2026/05/02 02:04:53.774, 2, GPU-aad97d9d-6ff8-bc8d-0481-0c3f454fa1c0, NVIDIA A100-SXM4-40GB, 37017, 40960, 19, 109.46, 34
nid001121,2026/05/02 02:04:53.776, 3, GPU-7d9c6827-58f4-451d-6e2f-de41351f3aa8, NVIDIA A100-SXM4-40GB, 37017, 40960, 18, 98.23, 32
nid001124,2026/05/02 02:04:54.993, 0, GPU-ea60c39f-8348-3f52-3b10-288cfb47cb68, NVIDIA A100-SXM4-40GB, 37737, 40960, 7, 105.25, 38
nid001124,2026/05/02 02:04:54.998, 1, GPU-e687c310-f91d-421a-4706-8e960a8458df, NVIDIA A100-SXM4-40GB, 37731, 40960, 36, 102.96, 34
nid001124,2026/05/02 02:04:55.000, 2, GPU-dfbfc0a1-5bdd-9a67-abb3-e6f3ac7d37b7, NVIDIA A100-SXM4-40GB, 37731, 40960, 67, 100.11, 36
nid001124,2026/05/02 02:04:55.002, 3, GPU-145799ee-88ab-a08b-a7c5-5e22d5beb30f, NVIDIA A100-SXM4-40GB, 37731, 40960, 31, 103.08, 33
nid001121,2026/05/02 02:04:58.357, 0, GPU-1142dc10-04e1-8104-b58f-6e9c4e3ad695, NVIDIA A100-SXM4-40GB, 37219, 40960, 9, 105.24, 36
nid001121,2026/05/02 02:04:58.361, 1, GPU-609dad44-ba7d-bab2-0915-e9b0b033ff14, NVIDIA A100-SXM4-40GB, 37017, 40960, 9, 106.16, 33
nid001121,2026/05/02 02:04:58.362, 2, GPU-aad97d9d-6ff8-bc8d-0481-0c3f454fa1c0, NVIDIA A100-SXM4-40GB, 37017, 40960, 6, 109.22, 34
nid001121,2026/05/02 02:04:58.367, 3, GPU-7d9c6827-58f4-451d-6e2f-de41351f3aa8, NVIDIA A100-SXM4-40GB, 37017, 40960, 4, 98.23, 32
nid001124,2026/05/02 02:04:59.492, 0, GPU-ea60c39f-8348-3f52-3b10-288cfb47cb68, NVIDIA A100-SXM4-40GB, 37737, 40960, 44, 106.54, 39
nid001124,2026/05/02 02:04:59.499, 1, GPU-e687c310-f91d-421a-4706-8e960a8458df, NVIDIA A100-SXM4-40GB, 37731, 40960, 38, 103.20, 34
nid001124,2026/05/02 02:04:59.501, 2, GPU-dfbfc0a1-5bdd-9a67-abb3-e6f3ac7d37b7, NVIDIA A100-SXM4-40GB, 37731, 40960, 63, 107.83, 36
nid001124,2026/05/02 02:04:59.502, 3, GPU-145799ee-88ab-a08b-a7c5-5e22d5beb30f, NVIDIA A100-SXM4-40GB, 37731, 40960, 4, 108.69, 33
nid001121,2026/05/02 02:05:02.829, 0, GPU-1142dc10-04e1-8104-b58f-6e9c4e3ad695, NVIDIA A100-SXM4-40GB, 37219, 40960, 0, 105.24, 36
nid001121,2026/05/02 02:05:02.832, 1, GPU-609dad44-ba7d-bab2-0915-e9b0b033ff14, NVIDIA A100-SXM4-40GB, 37017, 40960, 12, 105.87, 33
nid001121,2026/05/02 02:05:02.833, 2, GPU-aad97d9d-6ff8-bc8d-0481-0c3f454fa1c0, NVIDIA A100-SXM4-40GB, 37017, 40960, 0, 109.22, 34
nid001121,2026/05/02 02:05:02.835, 3, GPU-7d9c6827-58f4-451d-6e2f-de41351f3aa8, NVIDIA A100-SXM4-40GB, 37017, 40960, 4, 97.47, 32
nid001124,2026/05/02 02:05:03.870, 0, GPU-ea60c39f-8348-3f52-3b10-288cfb47cb68, NVIDIA A100-SXM4-40GB, 37737, 40960, 14, 105.49, 38
nid001124,2026/05/02 02:05:03.874, 1, GPU-e687c310-f91d-421a-4706-8e960a8458df, NVIDIA A100-SXM4-40GB, 37731, 40960, 16, 102.96, 35
nid001124,2026/05/02 02:05:03.875, 2, GPU-dfbfc0a1-5bdd-9a67-abb3-e6f3ac7d37b7, NVIDIA A100-SXM4-40GB, 37731, 40960, 13, 108.82, 37
nid001124,2026/05/02 02:05:03.882, 3, GPU-145799ee-88ab-a08b-a7c5-5e22d5beb30f, NVIDIA A100-SXM4-40GB, 37731, 40960, 33, 108.69, 33
nid001121,2026/05/02 02:05:07.083, 0, GPU-1142dc10-04e1-8104-b58f-6e9c4e3ad695, NVIDIA A100-SXM4-40GB, 37219, 40960, 14, 105.24, 37
nid001121,2026/05/02 02:05:07.086, 1, GPU-609dad44-ba7d-bab2-0915-e9b0b033ff14, NVIDIA A100-SXM4-40GB, 37017, 40960, 24, 112.29, 33
nid001121,2026/05/02 02:05:07.088, 2, GPU-aad97d9d-6ff8-bc8d-0481-0c3f454fa1c0, NVIDIA A100-SXM4-40GB, 37017, 40960, 0, 109.46, 35
nid001121,2026/05/02 02:05:07.090, 3, GPU-7d9c6827-58f4-451d-6e2f-de41351f3aa8, NVIDIA A100-SXM4-40GB, 37017, 40960, 19, 97.47, 32
nid001124,2026/05/02 02:05:08.193, 0, GPU-ea60c39f-8348-3f52-3b10-288cfb47cb68, NVIDIA A100-SXM4-40GB, 37737, 40960, 35, 104.96, 38
nid001124,2026/05/02 02:05:08.196, 1, GPU-e687c310-f91d-421a-4706-8e960a8458df, NVIDIA A100-SXM4-40GB, 37731, 40960, 8, 102.96, 34
nid001124,2026/05/02 02:05:08.198, 2, GPU-dfbfc0a1-5bdd-9a67-abb3-e6f3ac7d37b7, NVIDIA A100-SXM4-40GB, 37731, 40960, 38, 104.73, 37
nid001124,2026/05/02 02:05:08.199, 3, GPU-145799ee-88ab-a08b-a7c5-5e22d5beb30f, NVIDIA A100-SXM4-40GB, 37731, 40960, 13, 105.65, 33
nid001121,2026/05/02 02:05:11.323, 0, GPU-1142dc10-04e1-8104-b58f-6e9c4e3ad695, NVIDIA A100-SXM4-40GB, 37219, 40960, 6, 105.24, 36
nid001121,2026/05/02 02:05:11.326, 1, GPU-609dad44-ba7d-bab2-0915-e9b0b033ff14, NVIDIA A100-SXM4-40GB, 37017, 40960, 5, 106.40, 33
nid001121,2026/05/02 02:05:11.328, 2, GPU-aad97d9d-6ff8-bc8d-0481-0c3f454fa1c0, NVIDIA A100-SXM4-40GB, 37017, 40960, 11, 109.22, 34
nid001121,2026/05/02 02:05:11.329, 3, GPU-7d9c6827-58f4-451d-6e2f-de41351f3aa8, NVIDIA A100-SXM4-40GB, 37017, 40960, 14, 97.24, 32
nid001124,2026/05/02 02:05:12.418, 0, GPU-ea60c39f-8348-3f52-3b10-288cfb47cb68, NVIDIA A100-SXM4-40GB, 37737, 40960, 21, 108.59, 38
nid001124,2026/05/02 02:05:12.424, 1, GPU-e687c310-f91d-421a-4706-8e960a8458df, NVIDIA A100-SXM4-40GB, 37731, 40960, 20, 103.96, 34
nid001124,2026/05/02 02:05:12.430, 2, GPU-dfbfc0a1-5bdd-9a67-abb3-e6f3ac7d37b7, NVIDIA A100-SXM4-40GB, 37731, 40960, 13, 160.71, 36
nid001124,2026/05/02 02:05:12.435, 3, GPU-145799ee-88ab-a08b-a7c5-5e22d5beb30f, NVIDIA A100-SXM4-40GB, 37731, 40960, 0, 158.15, 33
nid001121,2026/05/02 02:05:15.636, 0, GPU-1142dc10-04e1-8104-b58f-6e9c4e3ad695, NVIDIA A100-SXM4-40GB, 37219, 40960, 21, 105.53, 36
nid001121,2026/05/02 02:05:15.639, 1, GPU-609dad44-ba7d-bab2-0915-e9b0b033ff14, NVIDIA A100-SXM4-40GB, 37017, 40960, 8, 106.16, 33
nid001121,2026/05/02 02:05:15.640, 2, GPU-aad97d9d-6ff8-bc8d-0481-0c3f454fa1c0, NVIDIA A100-SXM4-40GB, 37017, 40960, 25, 112.55, 34
nid001121,2026/05/02 02:05:15.642, 3, GPU-7d9c6827-58f4-451d-6e2f-de41351f3aa8, NVIDIA A100-SXM4-40GB, 37017, 40960, 7, 98.00, 32
nid001124,2026/05/02 02:05:16.804, 0, GPU-ea60c39f-8348-3f52-3b10-288cfb47cb68, NVIDIA A100-SXM4-40GB, 37737, 40960, 14, 138.39, 38
nid001124,2026/05/02 02:05:16.807, 1, GPU-e687c310-f91d-421a-4706-8e960a8458df, NVIDIA A100-SXM4-40GB, 37731, 40960, 38, 103.20, 34
nid001124,2026/05/02 02:05:16.809, 2, GPU-dfbfc0a1-5bdd-9a67-abb3-e6f3ac7d37b7, NVIDIA A100-SXM4-40GB, 37731, 40960, 35, 100.11, 36
nid001124,2026/05/02 02:05:16.812, 3, GPU-145799ee-88ab-a08b-a7c5-5e22d5beb30f, NVIDIA A100-SXM4-40GB, 37731, 40960, 23, 103.08, 33
nid001121,2026/05/02 02:05:19.917, 0, GPU-1142dc10-04e1-8104-b58f-6e9c4e3ad695, NVIDIA A100-SXM4-40GB, 37219, 40960, 15, 105.24, 36
nid001121,2026/05/02 02:05:19.920, 1, GPU-609dad44-ba7d-bab2-0915-e9b0b033ff14, NVIDIA A100-SXM4-40GB, 37017, 40960, 18, 105.87, 33
nid001121,2026/05/02 02:05:19.921, 2, GPU-aad97d9d-6ff8-bc8d-0481-0c3f454fa1c0, NVIDIA A100-SXM4-40GB, 37017, 40960, 4, 109.22, 34
nid001121,2026/05/02 02:05:19.923, 3, GPU-7d9c6827-58f4-451d-6e2f-de41351f3aa8, NVIDIA A100-SXM4-40GB, 37017, 40960, 6, 98.23, 32
nid001124,2026/05/02 02:05:21.063, 0, GPU-ea60c39f-8348-3f52-3b10-288cfb47cb68, NVIDIA A100-SXM4-40GB, 37737, 40960, 9, 104.73, 38
nid001124,2026/05/02 02:05:21.066, 1, GPU-e687c310-f91d-421a-4706-8e960a8458df, NVIDIA A100-SXM4-40GB, 37731, 40960, 21, 174.32, 34
nid001124,2026/05/02 02:05:21.067, 2, GPU-dfbfc0a1-5bdd-9a67-abb3-e6f3ac7d37b7, NVIDIA A100-SXM4-40GB, 37731, 40960, 0, 105.49, 37
nid001124,2026/05/02 02:05:21.069, 3, GPU-145799ee-88ab-a08b-a7c5-5e22d5beb30f, NVIDIA A100-SXM4-40GB, 37731, 40960, 4, 103.08, 33
nid001121,2026/05/02 02:05:24.194, 0, GPU-1142dc10-04e1-8104-b58f-6e9c4e3ad695, NVIDIA A100-SXM4-40GB, 37219, 40960, 11, 106.00, 36
nid001121,2026/05/02 02:05:24.197, 1, GPU-609dad44-ba7d-bab2-0915-e9b0b033ff14, NVIDIA A100-SXM4-40GB, 37017, 40960, 4, 105.87, 33
nid001121,2026/05/02 02:05:24.198, 2, GPU-aad97d9d-6ff8-bc8d-0481-0c3f454fa1c0, NVIDIA A100-SXM4-40GB, 37017, 40960, 0, 109.22, 34
nid001121,2026/05/02 02:05:24.200, 3, GPU-7d9c6827-58f4-451d-6e2f-de41351f3aa8, NVIDIA A100-SXM4-40GB, 37017, 40960, 11, 98.23, 32
nid001124,2026/05/02 02:05:25.424, 0, GPU-ea60c39f-8348-3f52-3b10-288cfb47cb68, NVIDIA A100-SXM4-40GB, 37737, 40960, 28, 104.96, 38
nid001124,2026/05/02 02:05:25.427, 1, GPU-e687c310-f91d-421a-4706-8e960a8458df, NVIDIA A100-SXM4-40GB, 37731, 40960, 24, 103.20, 34
nid001124,2026/05/02 02:05:25.429, 2, GPU-dfbfc0a1-5bdd-9a67-abb3-e6f3ac7d37b7, NVIDIA A100-SXM4-40GB, 37731, 40960, 22, 100.63, 36
nid001124,2026/05/02 02:05:25.431, 3, GPU-145799ee-88ab-a08b-a7c5-5e22d5beb30f, NVIDIA A100-SXM4-40GB, 37731, 40960, 10, 103.21, 33
nid001121,2026/05/02 02:05:28.605, 0, GPU-1142dc10-04e1-8104-b58f-6e9c4e3ad695, NVIDIA A100-SXM4-40GB, 37219, 40960, 0, 105.24, 37
nid001121,2026/05/02 02:05:28.608, 1, GPU-609dad44-ba7d-bab2-0915-e9b0b033ff14, NVIDIA A100-SXM4-40GB, 37017, 40960, 11, 105.87, 33
nid001121,2026/05/02 02:05:28.610, 2, GPU-aad97d9d-6ff8-bc8d-0481-0c3f454fa1c0, NVIDIA A100-SXM4-40GB, 37017, 40960, 9, 109.22, 35
nid001121,2026/05/02 02:05:28.613, 3, GPU-7d9c6827-58f4-451d-6e2f-de41351f3aa8, NVIDIA A100-SXM4-40GB, 37017, 40960, 10, 98.23, 32
nid001124,2026/05/02 02:05:29.715, 0, GPU-ea60c39f-8348-3f52-3b10-288cfb47cb68, NVIDIA A100-SXM4-40GB, 37737, 40960, 4, 104.73, 38
nid001124,2026/05/02 02:05:29.718, 1, GPU-e687c310-f91d-421a-4706-8e960a8458df, NVIDIA A100-SXM4-40GB, 37731, 40960, 5, 174.09, 34
nid001124,2026/05/02 02:05:29.721, 2, GPU-dfbfc0a1-5bdd-9a67-abb3-e6f3ac7d37b7, NVIDIA A100-SXM4-40GB, 37731, 40960, 32, 100.39, 36
nid001124,2026/05/02 02:05:29.723, 3, GPU-145799ee-88ab-a08b-a7c5-5e22d5beb30f, NVIDIA A100-SXM4-40GB, 37731, 40960, 29, 103.08, 33
nid001121,2026/05/02 02:05:32.947, 0, GPU-1142dc10-04e1-8104-b58f-6e9c4e3ad695, NVIDIA A100-SXM4-40GB, 37219, 40960, 0, 153.70, 37
nid001121,2026/05/02 02:05:32.950, 1, GPU-609dad44-ba7d-bab2-0915-e9b0b033ff14, NVIDIA A100-SXM4-40GB, 37017, 40960, 0, 139.66, 33
nid001121,2026/05/02 02:05:32.951, 2, GPU-aad97d9d-6ff8-bc8d-0481-0c3f454fa1c0, NVIDIA A100-SXM4-40GB, 37017, 40960, 0, 110.22, 35
nid001121,2026/05/02 02:05:32.953, 3, GPU-7d9c6827-58f4-451d-6e2f-de41351f3aa8, NVIDIA A100-SXM4-40GB, 37017, 40960, 21, 98.47, 32
nid001124,2026/05/02 02:05:34.209, 0, GPU-ea60c39f-8348-3f52-3b10-288cfb47cb68, NVIDIA A100-SXM4-40GB, 37737, 40960, 0, 104.73, 38
nid001124,2026/05/02 02:05:34.212, 1, GPU-e687c310-f91d-421a-4706-8e960a8458df, NVIDIA A100-SXM4-40GB, 37731, 40960, 11, 102.96, 34
nid001124,2026/05/02 02:05:34.214, 2, GPU-dfbfc0a1-5bdd-9a67-abb3-e6f3ac7d37b7, NVIDIA A100-SXM4-40GB, 37731, 40960, 4, 100.51, 36
nid001124,2026/05/02 02:05:34.215, 3, GPU-145799ee-88ab-a08b-a7c5-5e22d5beb30f, NVIDIA A100-SXM4-40GB, 37731, 40960, 25, 103.21, 33
nid001121,2026/05/02 02:05:37.400, 0, GPU-1142dc10-04e1-8104-b58f-6e9c4e3ad695, NVIDIA A100-SXM4-40GB, 37219, 40960, 15, 106.29, 36
nid001121,2026/05/02 02:05:37.403, 1, GPU-609dad44-ba7d-bab2-0915-e9b0b033ff14, NVIDIA A100-SXM4-40GB, 37017, 40960, 4, 105.87, 33
nid001121,2026/05/02 02:05:37.405, 2, GPU-aad97d9d-6ff8-bc8d-0481-0c3f454fa1c0, NVIDIA A100-SXM4-40GB, 37017, 40960, 11, 109.22, 34
nid001121,2026/05/02 02:05:37.407, 3, GPU-7d9c6827-58f4-451d-6e2f-de41351f3aa8, NVIDIA A100-SXM4-40GB, 37017, 40960, 4, 98.23, 32
nid001124,2026/05/02 02:05:38.475, 0, GPU-ea60c39f-8348-3f52-3b10-288cfb47cb68, NVIDIA A100-SXM4-40GB, 37737, 40960, 23, 104.73, 39
nid001124,2026/05/02 02:05:38.478, 1, GPU-e687c310-f91d-421a-4706-8e960a8458df, NVIDIA A100-SXM4-40GB, 37731, 40960, 37, 102.96, 35
nid001124,2026/05/02 02:05:38.479, 2, GPU-dfbfc0a1-5bdd-9a67-abb3-e6f3ac7d37b7, NVIDIA A100-SXM4-40GB, 37731, 40960, 60, 100.51, 36
nid001124,2026/05/02 02:05:38.481, 3, GPU-145799ee-88ab-a08b-a7c5-5e22d5beb30f, NVIDIA A100-SXM4-40GB, 37731, 40960, 25, 103.21, 33
nid001121,2026/05/02 02:05:41.699, 0, GPU-1142dc10-04e1-8104-b58f-6e9c4e3ad695, NVIDIA A100-SXM4-40GB, 37219, 40960, 21, 106.29, 36
nid001121,2026/05/02 02:05:41.702, 1, GPU-609dad44-ba7d-bab2-0915-e9b0b033ff14, NVIDIA A100-SXM4-40GB, 37017, 40960, 6, 105.87, 33
nid001121,2026/05/02 02:05:41.704, 2, GPU-aad97d9d-6ff8-bc8d-0481-0c3f454fa1c0, NVIDIA A100-SXM4-40GB, 37017, 40960, 8, 109.46, 35
nid001121,2026/05/02 02:05:41.706, 3, GPU-7d9c6827-58f4-451d-6e2f-de41351f3aa8, NVIDIA A100-SXM4-40GB, 37017, 40960, 23, 98.23, 32
nid001124,2026/05/02 02:05:42.947, 0, GPU-ea60c39f-8348-3f52-3b10-288cfb47cb68, NVIDIA A100-SXM4-40GB, 37737, 40960, 13, 104.96, 38
nid001124,2026/05/02 02:05:42.954, 1, GPU-e687c310-f91d-421a-4706-8e960a8458df, NVIDIA A100-SXM4-40GB, 37731, 40960, 32, 119.93, 34
nid001124,2026/05/02 02:05:42.958, 2, GPU-dfbfc0a1-5bdd-9a67-abb3-e6f3ac7d37b7, NVIDIA A100-SXM4-40GB, 37731, 40960, 29, 101.39, 37
nid001124,2026/05/02 02:05:42.960, 3, GPU-145799ee-88ab-a08b-a7c5-5e22d5beb30f, NVIDIA A100-SXM4-40GB, 37731, 40960, 27, 103.32, 33
nid001121,2026/05/02 02:05:46.089, 0, GPU-1142dc10-04e1-8104-b58f-6e9c4e3ad695, NVIDIA A100-SXM4-40GB, 37219, 40960, 12, 105.24, 36
nid001121,2026/05/02 02:05:46.093, 1, GPU-609dad44-ba7d-bab2-0915-e9b0b033ff14, NVIDIA A100-SXM4-40GB, 37017, 40960, 10, 105.87, 33
nid001121,2026/05/02 02:05:46.094, 2, GPU-aad97d9d-6ff8-bc8d-0481-0c3f454fa1c0, NVIDIA A100-SXM4-40GB, 37017, 40960, 4, 109.22, 34
nid001121,2026/05/02 02:05:46.096, 3, GPU-7d9c6827-58f4-451d-6e2f-de41351f3aa8, NVIDIA A100-SXM4-40GB, 37017, 40960, 17, 98.23, 32
nid001124,2026/05/02 02:05:47.288, 0, GPU-ea60c39f-8348-3f52-3b10-288cfb47cb68, NVIDIA A100-SXM4-40GB, 37737, 40960, 25, 105.49, 38
nid001124,2026/05/02 02:05:47.291, 1, GPU-e687c310-f91d-421a-4706-8e960a8458df, NVIDIA A100-SXM4-40GB, 37731, 40960, 34, 103.20, 34
nid001124,2026/05/02 02:05:47.293, 2, GPU-dfbfc0a1-5bdd-9a67-abb3-e6f3ac7d37b7, NVIDIA A100-SXM4-40GB, 37731, 40960, 35, 100.11, 36
nid001124,2026/05/02 02:05:47.301, 3, GPU-145799ee-88ab-a08b-a7c5-5e22d5beb30f, NVIDIA A100-SXM4-40GB, 37731, 40960, 24, 103.08, 33
nid001121,2026/05/02 02:05:50.505, 0, GPU-1142dc10-04e1-8104-b58f-6e9c4e3ad695, NVIDIA A100-SXM4-40GB, 37219, 40960, 5, 105.40, 36
nid001121,2026/05/02 02:05:50.513, 1, GPU-609dad44-ba7d-bab2-0915-e9b0b033ff14, NVIDIA A100-SXM4-40GB, 37017, 40960, 11, 106.92, 33
nid001121,2026/05/02 02:05:50.518, 2, GPU-aad97d9d-6ff8-bc8d-0481-0c3f454fa1c0, NVIDIA A100-SXM4-40GB, 37017, 40960, 8, 109.33, 34
nid001121,2026/05/02 02:05:50.523, 3, GPU-7d9c6827-58f4-451d-6e2f-de41351f3aa8, NVIDIA A100-SXM4-40GB, 37017, 40960, 6, 101.96, 32
nid001124,2026/05/02 02:05:51.746, 0, GPU-ea60c39f-8348-3f52-3b10-288cfb47cb68, NVIDIA A100-SXM4-40GB, 37737, 40960, 37, 108.59, 38
nid001124,2026/05/02 02:05:51.749, 1, GPU-e687c310-f91d-421a-4706-8e960a8458df, NVIDIA A100-SXM4-40GB, 37731, 40960, 9, 104.48, 34
nid001124,2026/05/02 02:05:51.750, 2, GPU-dfbfc0a1-5bdd-9a67-abb3-e6f3ac7d37b7, NVIDIA A100-SXM4-40GB, 37731, 40960, 35, 100.11, 37
nid001124,2026/05/02 02:05:51.752, 3, GPU-145799ee-88ab-a08b-a7c5-5e22d5beb30f, NVIDIA A100-SXM4-40GB, 37731, 40960, 17, 172.77, 33
nid001121,2026/05/02 02:05:55.120, 0, GPU-1142dc10-04e1-8104-b58f-6e9c4e3ad695, NVIDIA A100-SXM4-40GB, 37219, 40960, 8, 105.24, 36
nid001121,2026/05/02 02:05:55.123, 1, GPU-609dad44-ba7d-bab2-0915-e9b0b033ff14, NVIDIA A100-SXM4-40GB, 37017, 40960, 6, 106.16, 33
nid001121,2026/05/02 02:05:55.125, 2, GPU-aad97d9d-6ff8-bc8d-0481-0c3f454fa1c0, NVIDIA A100-SXM4-40GB, 37017, 40960, 3, 143.55, 34
nid001121,2026/05/02 02:05:55.127, 3, GPU-7d9c6827-58f4-451d-6e2f-de41351f3aa8, NVIDIA A100-SXM4-40GB, 37017, 40960, 6, 99.40, 32
nid001124,2026/05/02 02:05:56.438, 0, GPU-ea60c39f-8348-3f52-3b10-288cfb47cb68, NVIDIA A100-SXM4-40GB, 37737, 40960, 9, 104.73, 38
nid001124,2026/05/02 02:05:56.441, 1, GPU-e687c310-f91d-421a-4706-8e960a8458df, NVIDIA A100-SXM4-40GB, 37731, 40960, 40, 102.96, 34
nid001124,2026/05/02 02:05:56.442, 2, GPU-dfbfc0a1-5bdd-9a67-abb3-e6f3ac7d37b7, NVIDIA A100-SXM4-40GB, 37731, 40960, 34, 100.51, 36
nid001124,2026/05/02 02:05:56.444, 3, GPU-145799ee-88ab-a08b-a7c5-5e22d5beb30f, NVIDIA A100-SXM4-40GB, 37731, 40960, 0, 103.08, 33
nid001121,2026/05/02 02:05:59.902, 0, GPU-1142dc10-04e1-8104-b58f-6e9c4e3ad695, NVIDIA A100-SXM4-40GB, 37219, 40960, 22, 115.09, 37
nid001121,2026/05/02 02:05:59.905, 1, GPU-609dad44-ba7d-bab2-0915-e9b0b033ff14, NVIDIA A100-SXM4-40GB, 37017, 40960, 0, 184.58, 33
nid001121,2026/05/02 02:05:59.907, 2, GPU-aad97d9d-6ff8-bc8d-0481-0c3f454fa1c0, NVIDIA A100-SXM4-40GB, 37017, 40960, 9, 114.07, 34
nid001121,2026/05/02 02:05:59.909, 3, GPU-7d9c6827-58f4-451d-6e2f-de41351f3aa8, NVIDIA A100-SXM4-40GB, 37017, 40960, 23, 170.59, 32
nid001124,2026/05/02 02:06:01.379, 0, GPU-ea60c39f-8348-3f52-3b10-288cfb47cb68, NVIDIA A100-SXM4-40GB, 37737, 40960, 20, 106.25, 38
nid001124,2026/05/02 02:06:01.382, 1, GPU-e687c310-f91d-421a-4706-8e960a8458df, NVIDIA A100-SXM4-40GB, 37731, 40960, 14, 103.72, 34
nid001124,2026/05/02 02:06:01.384, 2, GPU-dfbfc0a1-5bdd-9a67-abb3-e6f3ac7d37b7, NVIDIA A100-SXM4-40GB, 37731, 40960, 25, 147.58, 37
nid001124,2026/05/02 02:06:01.386, 3, GPU-145799ee-88ab-a08b-a7c5-5e22d5beb30f, NVIDIA A100-SXM4-40GB, 37731, 40960, 11, 132.10, 33
nid001121,2026/05/02 02:06:04.851, 0, GPU-1142dc10-04e1-8104-b58f-6e9c4e3ad695, NVIDIA A100-SXM4-40GB, 37219, 40960, 28, 105.24, 36
nid001121,2026/05/02 02:06:04.854, 1, GPU-609dad44-ba7d-bab2-0915-e9b0b033ff14, NVIDIA A100-SXM4-40GB, 37017, 40960, 17, 106.40, 33
nid001121,2026/05/02 02:06:04.855, 2, GPU-aad97d9d-6ff8-bc8d-0481-0c3f454fa1c0, NVIDIA A100-SXM4-40GB, 37017, 40960, 27, 109.22, 34
nid001121,2026/05/02 02:06:04.857, 3, GPU-7d9c6827-58f4-451d-6e2f-de41351f3aa8, NVIDIA A100-SXM4-40GB, 37017, 40960, 9, 98.75, 32
nid001124,2026/05/02 02:06:06.540, 0, GPU-ea60c39f-8348-3f52-3b10-288cfb47cb68, NVIDIA A100-SXM4-40GB, 37737, 40960, 8, 104.73, 38
nid001124,2026/05/02 02:06:06.543, 1, GPU-e687c310-f91d-421a-4706-8e960a8458df, NVIDIA A100-SXM4-40GB, 37731, 40960, 16, 102.96, 34
nid001124,2026/05/02 02:06:06.545, 2, GPU-dfbfc0a1-5bdd-9a67-abb3-e6f3ac7d37b7, NVIDIA A100-SXM4-40GB, 37731, 40960, 17, 100.39, 36
nid001124,2026/05/02 02:06:06.547, 3, GPU-145799ee-88ab-a08b-a7c5-5e22d5beb30f, NVIDIA A100-SXM4-40GB, 37731, 40960, 44, 103.08, 33
nid001121,2026/05/02 02:06:09.998, 0, GPU-1142dc10-04e1-8104-b58f-6e9c4e3ad695, NVIDIA A100-SXM4-40GB, 37219, 40960, 0, 105.24, 37
nid001121,2026/05/02 02:06:10.001, 1, GPU-609dad44-ba7d-bab2-0915-e9b0b033ff14, NVIDIA A100-SXM4-40GB, 37017, 40960, 8, 116.60, 33
nid001121,2026/05/02 02:06:10.002, 2, GPU-aad97d9d-6ff8-bc8d-0481-0c3f454fa1c0, NVIDIA A100-SXM4-40GB, 37017, 40960, 0, 109.22, 35
nid001121,2026/05/02 02:06:10.004, 3, GPU-7d9c6827-58f4-451d-6e2f-de41351f3aa8, NVIDIA A100-SXM4-40GB, 37017, 40960, 4, 130.98, 32
nid001124,2026/05/02 02:06:11.449, 0, GPU-ea60c39f-8348-3f52-3b10-288cfb47cb68, NVIDIA A100-SXM4-40GB, 37737, 40960, 7, 104.96, 38
nid001124,2026/05/02 02:06:11.452, 1, GPU-e687c310-f91d-421a-4706-8e960a8458df, NVIDIA A100-SXM4-40GB, 37731, 40960, 0, 102.96, 34
nid001124,2026/05/02 02:06:11.453, 2, GPU-dfbfc0a1-5bdd-9a67-abb3-e6f3ac7d37b7, NVIDIA A100-SXM4-40GB, 37731, 40960, 0, 100.22, 36
nid001124,2026/05/02 02:06:11.455, 3, GPU-145799ee-88ab-a08b-a7c5-5e22d5beb30f, NVIDIA A100-SXM4-40GB, 37731, 40960, 0, 103.08, 33
nid001121,2026/05/02 02:06:14.944, 0, GPU-1142dc10-04e1-8104-b58f-6e9c4e3ad695, NVIDIA A100-SXM4-40GB, 37219, 40960, 7, 182.03, 37
nid001121,2026/05/02 02:06:14.947, 1, GPU-609dad44-ba7d-bab2-0915-e9b0b033ff14, NVIDIA A100-SXM4-40GB, 37017, 40960, 35, 106.40, 33
nid001121,2026/05/02 02:06:14.949, 2, GPU-aad97d9d-6ff8-bc8d-0481-0c3f454fa1c0, NVIDIA A100-SXM4-40GB, 37017, 40960, 7, 109.46, 35
nid001121,2026/05/02 02:06:14.950, 3, GPU-7d9c6827-58f4-451d-6e2f-de41351f3aa8, NVIDIA A100-SXM4-40GB, 37017, 40960, 13, 98.23, 32
nid001124,2026/05/02 02:06:16.313, 0, GPU-ea60c39f-8348-3f52-3b10-288cfb47cb68, NVIDIA A100-SXM4-40GB, 37737, 40960, 7, 105.25, 38
nid001124,2026/05/02 02:06:16.316, 1, GPU-e687c310-f91d-421a-4706-8e960a8458df, NVIDIA A100-SXM4-40GB, 37731, 40960, 11, 103.20, 34
nid001124,2026/05/02 02:06:16.318, 2, GPU-dfbfc0a1-5bdd-9a67-abb3-e6f3ac7d37b7, NVIDIA A100-SXM4-40GB, 37731, 40960, 10, 100.39, 36
nid001124,2026/05/02 02:06:16.320, 3, GPU-145799ee-88ab-a08b-a7c5-5e22d5beb30f, NVIDIA A100-SXM4-40GB, 37731, 40960, 9, 103.08, 33
nid001121,2026/05/02 02:06:19.922, 0, GPU-1142dc10-04e1-8104-b58f-6e9c4e3ad695, NVIDIA A100-SXM4-40GB, 37219, 40960, 13, 105.24, 37
nid001121,2026/05/02 02:06:19.925, 1, GPU-609dad44-ba7d-bab2-0915-e9b0b033ff14, NVIDIA A100-SXM4-40GB, 37017, 40960, 15, 123.77, 33
nid001121,2026/05/02 02:06:19.927, 2, GPU-aad97d9d-6ff8-bc8d-0481-0c3f454fa1c0, NVIDIA A100-SXM4-40GB, 37017, 40960, 0, 112.55, 35
nid001121,2026/05/02 02:06:19.929, 3, GPU-7d9c6827-58f4-451d-6e2f-de41351f3aa8, NVIDIA A100-SXM4-40GB, 37017, 40960, 5, 147.64, 32
nid001124,2026/05/02 02:06:21.595, 0, GPU-ea60c39f-8348-3f52-3b10-288cfb47cb68, NVIDIA A100-SXM4-40GB, 37737, 40960, 42, 105.49, 38
nid001124,2026/05/02 02:06:21.600, 1, GPU-e687c310-f91d-421a-4706-8e960a8458df, NVIDIA A100-SXM4-40GB, 37731, 40960, 14, 102.96, 34
nid001124,2026/05/02 02:06:21.606, 2, GPU-dfbfc0a1-5bdd-9a67-abb3-e6f3ac7d37b7, NVIDIA A100-SXM4-40GB, 37731, 40960, 39, 168.37, 37
nid001124,2026/05/02 02:06:21.612, 3, GPU-145799ee-88ab-a08b-a7c5-5e22d5beb30f, NVIDIA A100-SXM4-40GB, 37731, 40960, 11, 122.78, 33
nid001121,2026/05/02 02:06:25.166, 0, GPU-1142dc10-04e1-8104-b58f-6e9c4e3ad695, NVIDIA A100-SXM4-40GB, 37219, 40960, 4, 128.62, 37
nid001121,2026/05/02 02:06:25.169, 1, GPU-609dad44-ba7d-bab2-0915-e9b0b033ff14, NVIDIA A100-SXM4-40GB, 37017, 40960, 7, 106.16, 33
nid001121,2026/05/02 02:06:25.170, 2, GPU-aad97d9d-6ff8-bc8d-0481-0c3f454fa1c0, NVIDIA A100-SXM4-40GB, 37017, 40960, 7, 109.22, 34
nid001121,2026/05/02 02:06:25.172, 3, GPU-7d9c6827-58f4-451d-6e2f-de41351f3aa8, NVIDIA A100-SXM4-40GB, 37017, 40960, 14, 101.32, 32
nid001124,2026/05/02 02:06:26.685, 0, GPU-ea60c39f-8348-3f52-3b10-288cfb47cb68, NVIDIA A100-SXM4-40GB, 37737, 40960, 26, 109.87, 38
nid001124,2026/05/02 02:06:26.688, 1, GPU-e687c310-f91d-421a-4706-8e960a8458df, NVIDIA A100-SXM4-40GB, 37731, 40960, 0, 105.24, 34
nid001124,2026/05/02 02:06:26.690, 2, GPU-dfbfc0a1-5bdd-9a67-abb3-e6f3ac7d37b7, NVIDIA A100-SXM4-40GB, 37731, 40960, 0, 100.22, 36
nid001124,2026/05/02 02:06:26.692, 3, GPU-145799ee-88ab-a08b-a7c5-5e22d5beb30f, NVIDIA A100-SXM4-40GB, 37731, 40960, 0, 103.08, 33
nid001121,2026/05/02 02:06:30.274, 0, GPU-1142dc10-04e1-8104-b58f-6e9c4e3ad695, NVIDIA A100-SXM4-40GB, 37219, 40960, 5, 127.33, 37
nid001121,2026/05/02 02:06:30.277, 1, GPU-609dad44-ba7d-bab2-0915-e9b0b033ff14, NVIDIA A100-SXM4-40GB, 37017, 40960, 17, 105.87, 33
nid001121,2026/05/02 02:06:30.278, 2, GPU-aad97d9d-6ff8-bc8d-0481-0c3f454fa1c0, NVIDIA A100-SXM4-40GB, 37017, 40960, 8, 109.22, 35
nid001121,2026/05/02 02:06:30.280, 3, GPU-7d9c6827-58f4-451d-6e2f-de41351f3aa8, NVIDIA A100-SXM4-40GB, 37017, 40960, 16, 98.00, 32
nid001124,2026/05/02 02:06:31.804, 0, GPU-ea60c39f-8348-3f52-3b10-288cfb47cb68, NVIDIA A100-SXM4-40GB, 37737, 40960, 9, 105.78, 38
nid001124,2026/05/02 02:06:31.807, 1, GPU-e687c310-f91d-421a-4706-8e960a8458df, NVIDIA A100-SXM4-40GB, 37731, 40960, 0, 102.96, 34
nid001124,2026/05/02 02:06:31.809, 2, GPU-dfbfc0a1-5bdd-9a67-abb3-e6f3ac7d37b7, NVIDIA A100-SXM4-40GB, 37731, 40960, 0, 100.11, 37
nid001124,2026/05/02 02:06:31.811, 3, GPU-145799ee-88ab-a08b-a7c5-5e22d5beb30f, NVIDIA A100-SXM4-40GB, 37731, 40960, 0, 103.08, 33
nid001121,2026/05/02 02:06:35.435, 0, GPU-1142dc10-04e1-8104-b58f-6e9c4e3ad695, NVIDIA A100-SXM4-40GB, 37219, 40960, 4, 179.99, 37
nid001121,2026/05/02 02:06:35.442, 1, GPU-609dad44-ba7d-bab2-0915-e9b0b033ff14, NVIDIA A100-SXM4-40GB, 37017, 40960, 18, 106.92, 33
nid001121,2026/05/02 02:06:35.449, 2, GPU-aad97d9d-6ff8-bc8d-0481-0c3f454fa1c0, NVIDIA A100-SXM4-40GB, 37017, 40960, 4, 109.22, 34
nid001121,2026/05/02 02:06:35.455, 3, GPU-7d9c6827-58f4-451d-6e2f-de41351f3aa8, NVIDIA A100-SXM4-40GB, 37017, 40960, 16, 102.08, 32
nid001124,2026/05/02 02:06:37.156, 0, GPU-ea60c39f-8348-3f52-3b10-288cfb47cb68, NVIDIA A100-SXM4-40GB, 37737, 40960, 37, 105.49, 38
nid001124,2026/05/02 02:06:37.159, 1, GPU-e687c310-f91d-421a-4706-8e960a8458df, NVIDIA A100-SXM4-40GB, 37731, 40960, 4, 178.92, 34
nid001124,2026/05/02 02:06:37.161, 2, GPU-dfbfc0a1-5bdd-9a67-abb3-e6f3ac7d37b7, NVIDIA A100-SXM4-40GB, 37731, 40960, 12, 109.87, 37
nid001124,2026/05/02 02:06:37.163, 3, GPU-145799ee-88ab-a08b-a7c5-5e22d5beb30f, NVIDIA A100-SXM4-40GB, 37731, 40960, 6, 103.08, 33
nid001121,2026/05/02 02:06:40.841, 0, GPU-1142dc10-04e1-8104-b58f-6e9c4e3ad695, NVIDIA A100-SXM4-40GB, 37219, 40960, 4, 105.24, 36
nid001121,2026/05/02 02:06:40.844, 1, GPU-609dad44-ba7d-bab2-0915-e9b0b033ff14, NVIDIA A100-SXM4-40GB, 37017, 40960, 4, 106.92, 33
nid001121,2026/05/02 02:06:40.846, 2, GPU-aad97d9d-6ff8-bc8d-0481-0c3f454fa1c0, NVIDIA A100-SXM4-40GB, 37017, 40960, 9, 109.74, 34
nid001121,2026/05/02 02:06:40.848, 3, GPU-7d9c6827-58f4-451d-6e2f-de41351f3aa8, NVIDIA A100-SXM4-40GB, 37017, 40960, 8, 100.28, 32
nid001124,2026/05/02 02:06:42.621, 0, GPU-ea60c39f-8348-3f52-3b10-288cfb47cb68, NVIDIA A100-SXM4-40GB, 37737, 40960, 62, 107.30, 38
nid001124,2026/05/02 02:06:42.625, 1, GPU-e687c310-f91d-421a-4706-8e960a8458df, NVIDIA A100-SXM4-40GB, 37731, 40960, 21, 132.94, 35
nid001124,2026/05/02 02:06:42.627, 2, GPU-dfbfc0a1-5bdd-9a67-abb3-e6f3ac7d37b7, NVIDIA A100-SXM4-40GB, 37731, 40960, 23, 100.39, 37
nid001124,2026/05/02 02:06:42.629, 3, GPU-145799ee-88ab-a08b-a7c5-5e22d5beb30f, NVIDIA A100-SXM4-40GB, 37731, 40960, 41, 103.32, 33
nid001121,2026/05/02 02:06:46.268, 0, GPU-1142dc10-04e1-8104-b58f-6e9c4e3ad695, NVIDIA A100-SXM4-40GB, 37219, 40960, 0, 105.24, 37
nid001121,2026/05/02 02:06:46.272, 1, GPU-609dad44-ba7d-bab2-0915-e9b0b033ff14, NVIDIA A100-SXM4-40GB, 37017, 40960, 0, 152.41, 33
nid001121,2026/05/02 02:06:46.273, 2, GPU-aad97d9d-6ff8-bc8d-0481-0c3f454fa1c0, NVIDIA A100-SXM4-40GB, 37017, 40960, 6, 133.62, 35
nid001121,2026/05/02 02:06:46.275, 3, GPU-7d9c6827-58f4-451d-6e2f-de41351f3aa8, NVIDIA A100-SXM4-40GB, 37017, 40960, 0, 98.47, 32
nid001124,2026/05/02 02:06:48.009, 0, GPU-ea60c39f-8348-3f52-3b10-288cfb47cb68, NVIDIA A100-SXM4-40GB, 37737, 40960, 2, 105.49, 38
nid001124,2026/05/02 02:06:48.012, 1, GPU-e687c310-f91d-421a-4706-8e960a8458df, NVIDIA A100-SXM4-40GB, 37731, 40960, 0, 103.20, 34
nid001124,2026/05/02 02:06:48.014, 2, GPU-dfbfc0a1-5bdd-9a67-abb3-e6f3ac7d37b7, NVIDIA A100-SXM4-40GB, 37731, 40960, 0, 145.29, 37
nid001124,2026/05/02 02:06:48.015, 3, GPU-145799ee-88ab-a08b-a7c5-5e22d5beb30f, NVIDIA A100-SXM4-40GB, 37731, 40960, 7, 103.08, 33
nid001121,2026/05/02 02:06:51.484, 0, GPU-1142dc10-04e1-8104-b58f-6e9c4e3ad695, NVIDIA A100-SXM4-40GB, 37219, 40960, 4, 105.00, 36
nid001121,2026/05/02 02:06:51.489, 1, GPU-609dad44-ba7d-bab2-0915-e9b0b033ff14, NVIDIA A100-SXM4-40GB, 37017, 40960, 8, 105.87, 33
nid001121,2026/05/02 02:06:51.498, 2, GPU-aad97d9d-6ff8-bc8d-0481-0c3f454fa1c0, NVIDIA A100-SXM4-40GB, 37017, 40960, 6, 109.22, 34
nid001121,2026/05/02 02:06:51.500, 3, GPU-7d9c6827-58f4-451d-6e2f-de41351f3aa8, NVIDIA A100-SXM4-40GB, 37017, 40960, 18, 154.79, 32
nid001124,2026/05/02 02:06:53.341, 0, GPU-ea60c39f-8348-3f52-3b10-288cfb47cb68, NVIDIA A100-SXM4-40GB, 37737, 40960, 53, 105.25, 38
nid001124,2026/05/02 02:06:53.345, 1, GPU-e687c310-f91d-421a-4706-8e960a8458df, NVIDIA A100-SXM4-40GB, 37731, 40960, 51, 103.20, 34
nid001124,2026/05/02 02:06:53.347, 2, GPU-dfbfc0a1-5bdd-9a67-abb3-e6f3ac7d37b7, NVIDIA A100-SXM4-40GB, 37731, 40960, 27, 100.51, 36
nid001124,2026/05/02 02:06:53.350, 3, GPU-145799ee-88ab-a08b-a7c5-5e22d5beb30f, NVIDIA A100-SXM4-40GB, 37731, 40960, 23, 103.21, 33
nid001121,2026/05/02 02:06:56.781, 0, GPU-1142dc10-04e1-8104-b58f-6e9c4e3ad695, NVIDIA A100-SXM4-40GB, 37219, 40960, 14, 105.53, 37
nid001121,2026/05/02 02:06:56.788, 1, GPU-609dad44-ba7d-bab2-0915-e9b0b033ff14, NVIDIA A100-SXM4-40GB, 37017, 40960, 26, 113.04, 33
nid001121,2026/05/02 02:06:56.789, 2, GPU-aad97d9d-6ff8-bc8d-0481-0c3f454fa1c0, NVIDIA A100-SXM4-40GB, 37017, 40960, 21, 116.12, 35
nid001121,2026/05/02 02:06:56.791, 3, GPU-7d9c6827-58f4-451d-6e2f-de41351f3aa8, NVIDIA A100-SXM4-40GB, 37017, 40960, 28, 116.71, 32
nid001124,2026/05/02 02:06:58.270, 0, GPU-ea60c39f-8348-3f52-3b10-288cfb47cb68, NVIDIA A100-SXM4-40GB, 37737, 40960, 42, 105.78, 39
nid001124,2026/05/02 02:06:58.273, 1, GPU-e687c310-f91d-421a-4706-8e960a8458df, NVIDIA A100-SXM4-40GB, 37731, 40960, 4, 103.20, 34
nid001124,2026/05/02 02:06:58.274, 2, GPU-dfbfc0a1-5bdd-9a67-abb3-e6f3ac7d37b7, NVIDIA A100-SXM4-40GB, 37731, 40960, 3, 141.68, 37
nid001124,2026/05/02 02:06:58.276, 3, GPU-145799ee-88ab-a08b-a7c5-5e22d5beb30f, NVIDIA A100-SXM4-40GB, 37731, 40960, 0, 136.42, 33
nid001121,2026/05/02 02:07:01.923, 0, GPU-1142dc10-04e1-8104-b58f-6e9c4e3ad695, NVIDIA A100-SXM4-40GB, 37219, 40960, 4, 105.76, 37
nid001121,2026/05/02 02:07:01.926, 1, GPU-609dad44-ba7d-bab2-0915-e9b0b033ff14, NVIDIA A100-SXM4-40GB, 37017, 40960, 16, 105.87, 33
nid001121,2026/05/02 02:07:01.927, 2, GPU-aad97d9d-6ff8-bc8d-0481-0c3f454fa1c0, NVIDIA A100-SXM4-40GB, 37017, 40960, 12, 109.22, 34
nid001121,2026/05/02 02:07:01.929, 3, GPU-7d9c6827-58f4-451d-6e2f-de41351f3aa8, NVIDIA A100-SXM4-40GB, 37017, 40960, 9, 97.47, 32
nid001124,2026/05/02 02:07:03.498, 0, GPU-ea60c39f-8348-3f52-3b10-288cfb47cb68, NVIDIA A100-SXM4-40GB, 37737, 40960, 0, 107.02, 38
nid001124,2026/05/02 02:07:03.501, 1, GPU-e687c310-f91d-421a-4706-8e960a8458df, NVIDIA A100-SXM4-40GB, 37731, 40960, 0, 107.57, 34
nid001124,2026/05/02 02:07:03.503, 2, GPU-dfbfc0a1-5bdd-9a67-abb3-e6f3ac7d37b7, NVIDIA A100-SXM4-40GB, 37731, 40960, 0, 100.39, 37
nid001124,2026/05/02 02:07:03.505, 3, GPU-145799ee-88ab-a08b-a7c5-5e22d5beb30f, NVIDIA A100-SXM4-40GB, 37731, 40960, 3, 103.21, 33
nid001121,2026/05/02 02:07:07.167, 0, GPU-1142dc10-04e1-8104-b58f-6e9c4e3ad695, NVIDIA A100-SXM4-40GB, 37219, 40960, 0, 105.24, 36
nid001121,2026/05/02 02:07:07.176, 1, GPU-609dad44-ba7d-bab2-0915-e9b0b033ff14, NVIDIA A100-SXM4-40GB, 37017, 40960, 31, 105.87, 33
nid001121,2026/05/02 02:07:07.189, 2, GPU-aad97d9d-6ff8-bc8d-0481-0c3f454fa1c0, NVIDIA A100-SXM4-40GB, 37017, 40960, 19, 109.22, 35
nid001121,2026/05/02 02:07:07.191, 3, GPU-7d9c6827-58f4-451d-6e2f-de41351f3aa8, NVIDIA A100-SXM4-40GB, 37017, 40960, 26, 98.23, 32
nid001124,2026/05/02 02:07:08.765, 0, GPU-ea60c39f-8348-3f52-3b10-288cfb47cb68, NVIDIA A100-SXM4-40GB, 37737, 40960, 27, 143.72, 38
nid001124,2026/05/02 02:07:08.768, 1, GPU-e687c310-f91d-421a-4706-8e960a8458df, NVIDIA A100-SXM4-40GB, 37731, 40960, 43, 171.29, 34
nid001124,2026/05/02 02:07:08.769, 2, GPU-dfbfc0a1-5bdd-9a67-abb3-e6f3ac7d37b7, NVIDIA A100-SXM4-40GB, 37731, 40960, 35, 108.30, 36
nid001124,2026/05/02 02:07:08.771, 3, GPU-145799ee-88ab-a08b-a7c5-5e22d5beb30f, NVIDIA A100-SXM4-40GB, 37731, 40960, 8, 105.89, 33
nid001121,2026/05/02 02:07:12.167, 0, GPU-1142dc10-04e1-8104-b58f-6e9c4e3ad695, NVIDIA A100-SXM4-40GB, 37219, 40960, 4, 106.00, 36
nid001121,2026/05/02 02:07:12.170, 1, GPU-609dad44-ba7d-bab2-0915-e9b0b033ff14, NVIDIA A100-SXM4-40GB, 37017, 40960, 4, 105.87, 33
nid001121,2026/05/02 02:07:12.171, 2, GPU-aad97d9d-6ff8-bc8d-0481-0c3f454fa1c0, NVIDIA A100-SXM4-40GB, 37017, 40960, 9, 109.22, 34
nid001121,2026/05/02 02:07:12.173, 3, GPU-7d9c6827-58f4-451d-6e2f-de41351f3aa8, NVIDIA A100-SXM4-40GB, 37017, 40960, 9, 98.23, 32
nid001124,2026/05/02 02:07:13.500, 0, GPU-ea60c39f-8348-3f52-3b10-288cfb47cb68, NVIDIA A100-SXM4-40GB, 37737, 40960, 22, 134.77, 38
nid001124,2026/05/02 02:07:13.503, 1, GPU-e687c310-f91d-421a-4706-8e960a8458df, NVIDIA A100-SXM4-40GB, 37731, 40960, 25, 157.96, 34
nid001124,2026/05/02 02:07:13.505, 2, GPU-dfbfc0a1-5bdd-9a67-abb3-e6f3ac7d37b7, NVIDIA A100-SXM4-40GB, 37731, 40960, 26, 106.78, 37
nid001124,2026/05/02 02:07:13.506, 3, GPU-145799ee-88ab-a08b-a7c5-5e22d5beb30f, NVIDIA A100-SXM4-40GB, 37731, 40960, 7, 105.65, 33
nid001121,2026/05/02 02:07:16.852, 0, GPU-1142dc10-04e1-8104-b58f-6e9c4e3ad695, NVIDIA A100-SXM4-40GB, 37219, 40960, 0, 106.00, 37
nid001121,2026/05/02 02:07:16.855, 1, GPU-609dad44-ba7d-bab2-0915-e9b0b033ff14, NVIDIA A100-SXM4-40GB, 37017, 40960, 20, 155.21, 33
nid001121,2026/05/02 02:07:16.857, 2, GPU-aad97d9d-6ff8-bc8d-0481-0c3f454fa1c0, NVIDIA A100-SXM4-40GB, 37017, 40960, 11, 175.81, 35
nid001121,2026/05/02 02:07:16.858, 3, GPU-7d9c6827-58f4-451d-6e2f-de41351f3aa8, NVIDIA A100-SXM4-40GB, 37017, 40960, 1, 167.01, 32
nid001124,2026/05/02 02:07:18.173, 0, GPU-ea60c39f-8348-3f52-3b10-288cfb47cb68, NVIDIA A100-SXM4-40GB, 37737, 40960, 31, 170.65, 39
nid001124,2026/05/02 02:07:18.176, 1, GPU-e687c310-f91d-421a-4706-8e960a8458df, NVIDIA A100-SXM4-40GB, 37731, 40960, 26, 103.48, 35
nid001124,2026/05/02 02:07:18.177, 2, GPU-dfbfc0a1-5bdd-9a67-abb3-e6f3ac7d37b7, NVIDIA A100-SXM4-40GB, 37731, 40960, 13, 152.96, 37
nid001124,2026/05/02 02:07:18.179, 3, GPU-145799ee-88ab-a08b-a7c5-5e22d5beb30f, NVIDIA A100-SXM4-40GB, 37731, 40960, 32, 124.07, 33
nid001121,2026/05/02 02:07:21.520, 0, GPU-1142dc10-04e1-8104-b58f-6e9c4e3ad695, NVIDIA A100-SXM4-40GB, 37219, 40960, 15, 106.00, 37
nid001121,2026/05/02 02:07:21.523, 1, GPU-609dad44-ba7d-bab2-0915-e9b0b033ff14, NVIDIA A100-SXM4-40GB, 37017, 40960, 4, 105.87, 33
nid001121,2026/05/02 02:07:21.525, 2, GPU-aad97d9d-6ff8-bc8d-0481-0c3f454fa1c0, NVIDIA A100-SXM4-40GB, 37017, 40960, 9, 109.22, 35
nid001121,2026/05/02 02:07:21.527, 3, GPU-7d9c6827-58f4-451d-6e2f-de41351f3aa8, NVIDIA A100-SXM4-40GB, 37017, 40960, 14, 97.24, 32
nid001124,2026/05/02 02:07:22.659, 0, GPU-ea60c39f-8348-3f52-3b10-288cfb47cb68, NVIDIA A100-SXM4-40GB, 37737, 40960, 18, 104.73, 38
nid001124,2026/05/02 02:07:22.662, 1, GPU-e687c310-f91d-421a-4706-8e960a8458df, NVIDIA A100-SXM4-40GB, 37731, 40960, 15, 103.20, 34
nid001124,2026/05/02 02:07:22.664, 2, GPU-dfbfc0a1-5bdd-9a67-abb3-e6f3ac7d37b7, NVIDIA A100-SXM4-40GB, 37731, 40960, 19, 100.22, 36
nid001124,2026/05/02 02:07:22.665, 3, GPU-145799ee-88ab-a08b-a7c5-5e22d5beb30f, NVIDIA A100-SXM4-40GB, 37731, 40960, 24, 103.21, 33
nid001121,2026/05/02 02:07:25.868, 0, GPU-1142dc10-04e1-8104-b58f-6e9c4e3ad695, NVIDIA A100-SXM4-40GB, 37219, 40960, 24, 124.25, 37
nid001121,2026/05/02 02:07:25.871, 1, GPU-609dad44-ba7d-bab2-0915-e9b0b033ff14, NVIDIA A100-SXM4-40GB, 37017, 40960, 6, 184.82, 33
nid001121,2026/05/02 02:07:25.873, 2, GPU-aad97d9d-6ff8-bc8d-0481-0c3f454fa1c0, NVIDIA A100-SXM4-40GB, 37017, 40960, 53, 109.22, 35
nid001121,2026/05/02 02:07:25.874, 3, GPU-7d9c6827-58f4-451d-6e2f-de41351f3aa8, NVIDIA A100-SXM4-40GB, 37017, 40960, 4, 136.86, 33
nid001124,2026/05/02 02:07:27.059, 0, GPU-ea60c39f-8348-3f52-3b10-288cfb47cb68, NVIDIA A100-SXM4-40GB, 37737, 40960, 7, 105.25, 38
nid001124,2026/05/02 02:07:27.062, 1, GPU-e687c310-f91d-421a-4706-8e960a8458df, NVIDIA A100-SXM4-40GB, 37731, 40960, 27, 103.96, 34
nid001124,2026/05/02 02:07:27.064, 2, GPU-dfbfc0a1-5bdd-9a67-abb3-e6f3ac7d37b7, NVIDIA A100-SXM4-40GB, 37731, 40960, 78, 101.15, 37
nid001124,2026/05/02 02:07:27.065, 3, GPU-145799ee-88ab-a08b-a7c5-5e22d5beb30f, NVIDIA A100-SXM4-40GB, 37731, 40960, 29, 151.49, 33
nid001121,2026/05/02 02:07:30.224, 0, GPU-1142dc10-04e1-8104-b58f-6e9c4e3ad695, NVIDIA A100-SXM4-40GB, 37219, 40960, 4, 105.00, 36
nid001121,2026/05/02 02:07:30.227, 1, GPU-609dad44-ba7d-bab2-0915-e9b0b033ff14, NVIDIA A100-SXM4-40GB, 37017, 40960, 19, 105.87, 33
nid001121,2026/05/02 02:07:30.229, 2, GPU-aad97d9d-6ff8-bc8d-0481-0c3f454fa1c0, NVIDIA A100-SXM4-40GB, 37017, 40960, 19, 109.22, 34
nid001121,2026/05/02 02:07:30.231, 3, GPU-7d9c6827-58f4-451d-6e2f-de41351f3aa8, NVIDIA A100-SXM4-40GB, 37017, 40960, 21, 98.23, 32
nid001124,2026/05/02 02:07:31.296, 0, GPU-ea60c39f-8348-3f52-3b10-288cfb47cb68, NVIDIA A100-SXM4-40GB, 37737, 40960, 24, 178.30, 38
nid001124,2026/05/02 02:07:31.299, 1, GPU-e687c310-f91d-421a-4706-8e960a8458df, NVIDIA A100-SXM4-40GB, 37731, 40960, 19, 102.96, 34
nid001124,2026/05/02 02:07:31.301, 2, GPU-dfbfc0a1-5bdd-9a67-abb3-e6f3ac7d37b7, NVIDIA A100-SXM4-40GB, 37731, 40960, 10, 100.11, 36
nid001124,2026/05/02 02:07:31.303, 3, GPU-145799ee-88ab-a08b-a7c5-5e22d5beb30f, NVIDIA A100-SXM4-40GB, 37731, 40960, 11, 112.79, 33
nid001121,2026/05/02 02:07:34.497, 0, GPU-1142dc10-04e1-8104-b58f-6e9c4e3ad695, NVIDIA A100-SXM4-40GB, 37219, 40960, 9, 106.00, 36
nid001121,2026/05/02 02:07:34.500, 1, GPU-609dad44-ba7d-bab2-0915-e9b0b033ff14, NVIDIA A100-SXM4-40GB, 37017, 40960, 11, 109.96, 33
nid001121,2026/05/02 02:07:34.502, 2, GPU-aad97d9d-6ff8-bc8d-0481-0c3f454fa1c0, NVIDIA A100-SXM4-40GB, 37017, 40960, 18, 130.81, 34
nid001121,2026/05/02 02:07:34.503, 3, GPU-7d9c6827-58f4-451d-6e2f-de41351f3aa8, NVIDIA A100-SXM4-40GB, 37017, 40960, 4, 103.36, 32
nid001124,2026/05/02 02:07:35.519, 0, GPU-ea60c39f-8348-3f52-3b10-288cfb47cb68, NVIDIA A100-SXM4-40GB, 37737, 40960, 35, 104.73, 38
nid001124,2026/05/02 02:07:35.522, 1, GPU-e687c310-f91d-421a-4706-8e960a8458df, NVIDIA A100-SXM4-40GB, 37731, 40960, 38, 103.20, 34
nid001124,2026/05/02 02:07:35.524, 2, GPU-dfbfc0a1-5bdd-9a67-abb3-e6f3ac7d37b7, NVIDIA A100-SXM4-40GB, 37731, 40960, 35, 102.16, 37
nid001124,2026/05/02 02:07:35.525, 3, GPU-145799ee-88ab-a08b-a7c5-5e22d5beb30f, NVIDIA A100-SXM4-40GB, 37731, 40960, 26, 103.84, 33
nid001121,2026/05/02 02:07:38.748, 0, GPU-1142dc10-04e1-8104-b58f-6e9c4e3ad695, NVIDIA A100-SXM4-40GB, 37219, 40960, 10, 106.29, 37
nid001121,2026/05/02 02:07:38.751, 1, GPU-609dad44-ba7d-bab2-0915-e9b0b033ff14, NVIDIA A100-SXM4-40GB, 37017, 40960, 43, 106.16, 33
nid001121,2026/05/02 02:07:38.753, 2, GPU-aad97d9d-6ff8-bc8d-0481-0c3f454fa1c0, NVIDIA A100-SXM4-40GB, 37017, 40960, 4, 109.99, 34
nid001121,2026/05/02 02:07:38.754, 3, GPU-7d9c6827-58f4-451d-6e2f-de41351f3aa8, NVIDIA A100-SXM4-40GB, 37017, 40960, 36, 98.47, 32
nid001124,2026/05/02 02:07:39.978, 0, GPU-ea60c39f-8348-3f52-3b10-288cfb47cb68, NVIDIA A100-SXM4-40GB, 37737, 40960, 27, 104.96, 38
nid001124,2026/05/02 02:07:39.981, 1, GPU-e687c310-f91d-421a-4706-8e960a8458df, NVIDIA A100-SXM4-40GB, 37731, 40960, 31, 102.96, 34
nid001124,2026/05/02 02:07:39.983, 2, GPU-dfbfc0a1-5bdd-9a67-abb3-e6f3ac7d37b7, NVIDIA A100-SXM4-40GB, 37731, 40960, 39, 152.53, 36
nid001124,2026/05/02 02:07:39.984, 3, GPU-145799ee-88ab-a08b-a7c5-5e22d5beb30f, NVIDIA A100-SXM4-40GB, 37731, 40960, 30, 103.08, 33
nid001121,2026/05/02 02:07:43.481, 0, GPU-1142dc10-04e1-8104-b58f-6e9c4e3ad695, NVIDIA A100-SXM4-40GB, 37219, 40960, 4, 105.76, 37
nid001121,2026/05/02 02:07:43.485, 1, GPU-609dad44-ba7d-bab2-0915-e9b0b033ff14, NVIDIA A100-SXM4-40GB, 37017, 40960, 10, 107.15, 33
nid001121,2026/05/02 02:07:43.487, 2, GPU-aad97d9d-6ff8-bc8d-0481-0c3f454fa1c0, NVIDIA A100-SXM4-40GB, 37017, 40960, 7, 120.60, 35
nid001121,2026/05/02 02:07:43.490, 3, GPU-7d9c6827-58f4-451d-6e2f-de41351f3aa8, NVIDIA A100-SXM4-40GB, 37017, 40960, 14, 100.03, 32
nid001124,2026/05/02 02:07:44.670, 0, GPU-ea60c39f-8348-3f52-3b10-288cfb47cb68, NVIDIA A100-SXM4-40GB, 37737, 40960, 19, 104.96, 38
nid001124,2026/05/02 02:07:44.677, 1, GPU-e687c310-f91d-421a-4706-8e960a8458df, NVIDIA A100-SXM4-40GB, 37731, 40960, 9, 103.48, 34
nid001124,2026/05/02 02:07:44.683, 2, GPU-dfbfc0a1-5bdd-9a67-abb3-e6f3ac7d37b7, NVIDIA A100-SXM4-40GB, 37731, 40960, 10, 175.50, 36
nid001124,2026/05/02 02:07:44.688, 3, GPU-145799ee-88ab-a08b-a7c5-5e22d5beb30f, NVIDIA A100-SXM4-40GB, 37731, 40960, 5, 149.45, 33
nid001121,2026/05/02 02:07:48.105, 0, GPU-1142dc10-04e1-8104-b58f-6e9c4e3ad695, NVIDIA A100-SXM4-40GB, 37219, 40960, 20, 105.24, 37
nid001121,2026/05/02 02:07:48.108, 1, GPU-609dad44-ba7d-bab2-0915-e9b0b033ff14, NVIDIA A100-SXM4-40GB, 37017, 40960, 2, 106.16, 33
nid001121,2026/05/02 02:07:48.114, 2, GPU-aad97d9d-6ff8-bc8d-0481-0c3f454fa1c0, NVIDIA A100-SXM4-40GB, 37017, 40960, 20, 109.99, 34
nid001121,2026/05/02 02:07:48.116, 3, GPU-7d9c6827-58f4-451d-6e2f-de41351f3aa8, NVIDIA A100-SXM4-40GB, 37017, 40960, 9, 97.24, 32
nid001124,2026/05/02 02:07:49.174, 0, GPU-ea60c39f-8348-3f52-3b10-288cfb47cb68, NVIDIA A100-SXM4-40GB, 37737, 40960, 7, 112.92, 38
nid001124,2026/05/02 02:07:49.177, 1, GPU-e687c310-f91d-421a-4706-8e960a8458df, NVIDIA A100-SXM4-40GB, 37731, 40960, 34, 141.10, 34
nid001124,2026/05/02 02:07:49.179, 2, GPU-dfbfc0a1-5bdd-9a67-abb3-e6f3ac7d37b7, NVIDIA A100-SXM4-40GB, 37731, 40960, 43, 103.21, 37
nid001124,2026/05/02 02:07:49.181, 3, GPU-145799ee-88ab-a08b-a7c5-5e22d5beb30f, NVIDIA A100-SXM4-40GB, 37731, 40960, 0, 105.37, 33
nid001121,2026/05/02 02:07:52.724, 0, GPU-1142dc10-04e1-8104-b58f-6e9c4e3ad695, NVIDIA A100-SXM4-40GB, 37219, 40960, 5, 105.24, 37
nid001121,2026/05/02 02:07:52.727, 1, GPU-609dad44-ba7d-bab2-0915-e9b0b033ff14, NVIDIA A100-SXM4-40GB, 37017, 40960, 6, 107.44, 33
nid001121,2026/05/02 02:07:52.729, 2, GPU-aad97d9d-6ff8-bc8d-0481-0c3f454fa1c0, NVIDIA A100-SXM4-40GB, 37017, 40960, 2, 127.49, 35
nid001121,2026/05/02 02:07:52.730, 3, GPU-7d9c6827-58f4-451d-6e2f-de41351f3aa8, NVIDIA A100-SXM4-40GB, 37017, 40960, 8, 98.47, 32
nid001124,2026/05/02 02:07:53.918, 0, GPU-ea60c39f-8348-3f52-3b10-288cfb47cb68, NVIDIA A100-SXM4-40GB, 37737, 40960, 29, 104.73, 38
nid001124,2026/05/02 02:07:53.921, 1, GPU-e687c310-f91d-421a-4706-8e960a8458df, NVIDIA A100-SXM4-40GB, 37731, 40960, 19, 102.96, 34
nid001124,2026/05/02 02:07:53.923, 2, GPU-dfbfc0a1-5bdd-9a67-abb3-e6f3ac7d37b7, NVIDIA A100-SXM4-40GB, 37731, 40960, 46, 100.39, 37
nid001124,2026/05/02 02:07:53.930, 3, GPU-145799ee-88ab-a08b-a7c5-5e22d5beb30f, NVIDIA A100-SXM4-40GB, 37731, 40960, 33, 103.08, 33
nid001121,2026/05/02 02:07:57.405, 0, GPU-1142dc10-04e1-8104-b58f-6e9c4e3ad695, NVIDIA A100-SXM4-40GB, 37219, 40960, 7, 105.24, 36
nid001121,2026/05/02 02:07:57.408, 1, GPU-609dad44-ba7d-bab2-0915-e9b0b033ff14, NVIDIA A100-SXM4-40GB, 37017, 40960, 12, 106.40, 34
nid001121,2026/05/02 02:07:57.414, 2, GPU-aad97d9d-6ff8-bc8d-0481-0c3f454fa1c0, NVIDIA A100-SXM4-40GB, 37017, 40960, 15, 134.90, 35
nid001121,2026/05/02 02:07:57.418, 3, GPU-7d9c6827-58f4-451d-6e2f-de41351f3aa8, NVIDIA A100-SXM4-40GB, 37017, 40960, 4, 98.75, 32
nid001124,2026/05/02 02:07:58.870, 0, GPU-ea60c39f-8348-3f52-3b10-288cfb47cb68, NVIDIA A100-SXM4-40GB, 37737, 40960, 15, 105.49, 39
nid001124,2026/05/02 02:07:58.873, 1, GPU-e687c310-f91d-421a-4706-8e960a8458df, NVIDIA A100-SXM4-40GB, 37731, 40960, 6, 103.48, 34
nid001124,2026/05/02 02:07:58.875, 2, GPU-dfbfc0a1-5bdd-9a67-abb3-e6f3ac7d37b7, NVIDIA A100-SXM4-40GB, 37731, 40960, 27, 100.11, 37
nid001124,2026/05/02 02:07:58.876, 3, GPU-145799ee-88ab-a08b-a7c5-5e22d5beb30f, NVIDIA A100-SXM4-40GB, 37731, 40960, 28, 103.08, 33
nid001121,2026/05/02 02:08:02.201, 0, GPU-1142dc10-04e1-8104-b58f-6e9c4e3ad695, NVIDIA A100-SXM4-40GB, 37219, 40960, 11, 105.24, 36
nid001121,2026/05/02 02:08:02.205, 1, GPU-609dad44-ba7d-bab2-0915-e9b0b033ff14, NVIDIA A100-SXM4-40GB, 37017, 40960, 4, 106.16, 33
nid001121,2026/05/02 02:08:02.206, 2, GPU-aad97d9d-6ff8-bc8d-0481-0c3f454fa1c0, NVIDIA A100-SXM4-40GB, 37017, 40960, 1, 113.55, 34
nid001121,2026/05/02 02:08:02.208, 3, GPU-7d9c6827-58f4-451d-6e2f-de41351f3aa8, NVIDIA A100-SXM4-40GB, 37017, 40960, 7, 98.23, 32
nid001124,2026/05/02 02:08:03.523, 0, GPU-ea60c39f-8348-3f52-3b10-288cfb47cb68, NVIDIA A100-SXM4-40GB, 37737, 40960, 30, 108.07, 38
nid001124,2026/05/02 02:08:03.526, 1, GPU-e687c310-f91d-421a-4706-8e960a8458df, NVIDIA A100-SXM4-40GB, 37731, 40960, 17, 143.73, 34
nid001124,2026/05/02 02:08:03.528, 2, GPU-dfbfc0a1-5bdd-9a67-abb3-e6f3ac7d37b7, NVIDIA A100-SXM4-40GB, 37731, 40960, 20, 100.39, 36
nid001124,2026/05/02 02:08:03.534, 3, GPU-145799ee-88ab-a08b-a7c5-5e22d5beb30f, NVIDIA A100-SXM4-40GB, 37731, 40960, 15, 106.12, 33
nid001121,2026/05/02 02:08:07.191, 0, GPU-1142dc10-04e1-8104-b58f-6e9c4e3ad695, NVIDIA A100-SXM4-40GB, 37219, 40960, 12, 106.29, 37
nid001121,2026/05/02 02:08:07.194, 1, GPU-609dad44-ba7d-bab2-0915-e9b0b033ff14, NVIDIA A100-SXM4-40GB, 37017, 40960, 16, 105.87, 33
nid001121,2026/05/02 02:08:07.195, 2, GPU-aad97d9d-6ff8-bc8d-0481-0c3f454fa1c0, NVIDIA A100-SXM4-40GB, 37017, 40960, 14, 109.22, 34
nid001121,2026/05/02 02:08:07.197, 3, GPU-7d9c6827-58f4-451d-6e2f-de41351f3aa8, NVIDIA A100-SXM4-40GB, 37017, 40960, 0, 98.23, 32
nid001124,2026/05/02 02:08:08.998, 0, GPU-ea60c39f-8348-3f52-3b10-288cfb47cb68, NVIDIA A100-SXM4-40GB, 37737, 40960, 36, 147.58, 38
nid001124,2026/05/02 02:08:09.001, 1, GPU-e687c310-f91d-421a-4706-8e960a8458df, NVIDIA A100-SXM4-40GB, 37731, 40960, 21, 103.96, 34
nid001124,2026/05/02 02:08:09.003, 2, GPU-dfbfc0a1-5bdd-9a67-abb3-e6f3ac7d37b7, NVIDIA A100-SXM4-40GB, 37731, 40960, 12, 145.77, 37
nid001124,2026/05/02 02:08:09.005, 3, GPU-145799ee-88ab-a08b-a7c5-5e22d5beb30f, NVIDIA A100-SXM4-40GB, 37731, 40960, 26, 180.65, 33
nid001121,2026/05/02 02:08:12.482, 0, GPU-1142dc10-04e1-8104-b58f-6e9c4e3ad695, NVIDIA A100-SXM4-40GB, 37219, 40960, 7, 105.24, 36
nid001121,2026/05/02 02:08:12.485, 1, GPU-609dad44-ba7d-bab2-0915-e9b0b033ff14, NVIDIA A100-SXM4-40GB, 37017, 40960, 21, 105.87, 33
nid001121,2026/05/02 02:08:12.487, 2, GPU-aad97d9d-6ff8-bc8d-0481-0c3f454fa1c0, NVIDIA A100-SXM4-40GB, 37017, 40960, 9, 110.74, 34
nid001121,2026/05/02 02:08:12.489, 3, GPU-7d9c6827-58f4-451d-6e2f-de41351f3aa8, NVIDIA A100-SXM4-40GB, 37017, 40960, 4, 98.23, 32
nid001124,2026/05/02 02:08:14.092, 0, GPU-ea60c39f-8348-3f52-3b10-288cfb47cb68, NVIDIA A100-SXM4-40GB, 37737, 40960, 31, 105.49, 38
nid001124,2026/05/02 02:08:14.098, 1, GPU-e687c310-f91d-421a-4706-8e960a8458df, NVIDIA A100-SXM4-40GB, 37731, 40960, 45, 102.96, 34
nid001124,2026/05/02 02:08:14.103, 2, GPU-dfbfc0a1-5bdd-9a67-abb3-e6f3ac7d37b7, NVIDIA A100-SXM4-40GB, 37731, 40960, 30, 100.11, 36
nid001124,2026/05/02 02:08:14.109, 3, GPU-145799ee-88ab-a08b-a7c5-5e22d5beb30f, NVIDIA A100-SXM4-40GB, 37731, 40960, 34, 130.97, 33
nid001121,2026/05/02 02:08:17.508, 0, GPU-1142dc10-04e1-8104-b58f-6e9c4e3ad695, NVIDIA A100-SXM4-40GB, 37219, 40960, 7, 105.24, 36
nid001121,2026/05/02 02:08:17.512, 1, GPU-609dad44-ba7d-bab2-0915-e9b0b033ff14, NVIDIA A100-SXM4-40GB, 37017, 40960, 0, 107.15, 33
nid001121,2026/05/02 02:08:17.514, 2, GPU-aad97d9d-6ff8-bc8d-0481-0c3f454fa1c0, NVIDIA A100-SXM4-40GB, 37017, 40960, 0, 148.92, 34
nid001121,2026/05/02 02:08:17.516, 3, GPU-7d9c6827-58f4-451d-6e2f-de41351f3aa8, NVIDIA A100-SXM4-40GB, 37017, 40960, 21, 98.23, 32
nid001124,2026/05/02 02:08:18.762, 0, GPU-ea60c39f-8348-3f52-3b10-288cfb47cb68, NVIDIA A100-SXM4-40GB, 37737, 40960, 34, 104.96, 39
nid001124,2026/05/02 02:08:18.765, 1, GPU-e687c310-f91d-421a-4706-8e960a8458df, NVIDIA A100-SXM4-40GB, 37731, 40960, 15, 176.91, 34
nid001124,2026/05/02 02:08:18.767, 2, GPU-dfbfc0a1-5bdd-9a67-abb3-e6f3ac7d37b7, NVIDIA A100-SXM4-40GB, 37731, 40960, 0, 100.39, 37
nid001124,2026/05/02 02:08:18.768, 3, GPU-145799ee-88ab-a08b-a7c5-5e22d5beb30f, NVIDIA A100-SXM4-40GB, 37731, 40960, 26, 103.08, 33
nid001121,2026/05/02 02:08:22.170, 0, GPU-1142dc10-04e1-8104-b58f-6e9c4e3ad695, NVIDIA A100-SXM4-40GB, 37219, 40960, 17, 105.24, 36
nid001121,2026/05/02 02:08:22.173, 1, GPU-609dad44-ba7d-bab2-0915-e9b0b033ff14, NVIDIA A100-SXM4-40GB, 37017, 40960, 19, 106.92, 33
nid001121,2026/05/02 02:08:22.175, 2, GPU-aad97d9d-6ff8-bc8d-0481-0c3f454fa1c0, NVIDIA A100-SXM4-40GB, 37017, 40960, 7, 109.22, 34
nid001121,2026/05/02 02:08:22.177, 3, GPU-7d9c6827-58f4-451d-6e2f-de41351f3aa8, NVIDIA A100-SXM4-40GB, 37017, 40960, 27, 97.71, 32
nid001124,2026/05/02 02:08:23.485, 0, GPU-ea60c39f-8348-3f52-3b10-288cfb47cb68, NVIDIA A100-SXM4-40GB, 37737, 40960, 35, 114.45, 38
nid001124,2026/05/02 02:08:23.488, 1, GPU-e687c310-f91d-421a-4706-8e960a8458df, NVIDIA A100-SXM4-40GB, 37731, 40960, 24, 102.96, 34
nid001124,2026/05/02 02:08:23.489, 2, GPU-dfbfc0a1-5bdd-9a67-abb3-e6f3ac7d37b7, NVIDIA A100-SXM4-40GB, 37731, 40960, 35, 110.64, 36
nid001124,2026/05/02 02:08:23.491, 3, GPU-145799ee-88ab-a08b-a7c5-5e22d5beb30f, NVIDIA A100-SXM4-40GB, 37731, 40960, 8, 124.31, 33
nid001121,2026/05/02 02:08:26.696, 0, GPU-1142dc10-04e1-8104-b58f-6e9c4e3ad695, NVIDIA A100-SXM4-40GB, 37219, 40960, 17, 138.54, 37
nid001121,2026/05/02 02:08:26.699, 1, GPU-609dad44-ba7d-bab2-0915-e9b0b033ff14, NVIDIA A100-SXM4-40GB, 37017, 40960, 4, 106.40, 33
nid001121,2026/05/02 02:08:26.701, 2, GPU-aad97d9d-6ff8-bc8d-0481-0c3f454fa1c0, NVIDIA A100-SXM4-40GB, 37017, 40960, 14, 121.50, 34
nid001121,2026/05/02 02:08:26.703, 3, GPU-7d9c6827-58f4-451d-6e2f-de41351f3aa8, NVIDIA A100-SXM4-40GB, 37017, 40960, 8, 98.47, 32
nid001124,2026/05/02 02:08:27.859, 0, GPU-ea60c39f-8348-3f52-3b10-288cfb47cb68, NVIDIA A100-SXM4-40GB, 37737, 40960, 18, 159.43, 39
nid001124,2026/05/02 02:08:27.870, 1, GPU-e687c310-f91d-421a-4706-8e960a8458df, NVIDIA A100-SXM4-40GB, 37731, 40960, 11, 103.20, 35
nid001124,2026/05/02 02:08:27.875, 2, GPU-dfbfc0a1-5bdd-9a67-abb3-e6f3ac7d37b7, NVIDIA A100-SXM4-40GB, 37731, 40960, 12, 176.54, 37
nid001124,2026/05/02 02:08:27.880, 3, GPU-145799ee-88ab-a08b-a7c5-5e22d5beb30f, NVIDIA A100-SXM4-40GB, 37731, 40960, 15, 145.60, 33
nid001121,2026/05/02 02:08:31.275, 0, GPU-1142dc10-04e1-8104-b58f-6e9c4e3ad695, NVIDIA A100-SXM4-40GB, 37219, 40960, 4, 119.93, 37
nid001121,2026/05/02 02:08:31.282, 1, GPU-609dad44-ba7d-bab2-0915-e9b0b033ff14, NVIDIA A100-SXM4-40GB, 37017, 40960, 9, 106.16, 33
nid001121,2026/05/02 02:08:31.285, 2, GPU-aad97d9d-6ff8-bc8d-0481-0c3f454fa1c0, NVIDIA A100-SXM4-40GB, 37017, 40960, 10, 118.93, 34
nid001121,2026/05/02 02:08:31.286, 3, GPU-7d9c6827-58f4-451d-6e2f-de41351f3aa8, NVIDIA A100-SXM4-40GB, 37017, 40960, 15, 98.47, 32
nid001124,2026/05/02 02:08:32.539, 0, GPU-ea60c39f-8348-3f52-3b10-288cfb47cb68, NVIDIA A100-SXM4-40GB, 37737, 40960, 17, 134.77, 38
nid001124,2026/05/02 02:08:32.542, 1, GPU-e687c310-f91d-421a-4706-8e960a8458df, NVIDIA A100-SXM4-40GB, 37731, 40960, 17, 103.48, 34
nid001124,2026/05/02 02:08:32.544, 2, GPU-dfbfc0a1-5bdd-9a67-abb3-e6f3ac7d37b7, NVIDIA A100-SXM4-40GB, 37731, 40960, 20, 148.34, 36
nid001124,2026/05/02 02:08:32.545, 3, GPU-145799ee-88ab-a08b-a7c5-5e22d5beb30f, NVIDIA A100-SXM4-40GB, 37731, 40960, 0, 180.65, 33
nid001121,2026/05/02 02:08:35.894, 0, GPU-1142dc10-04e1-8104-b58f-6e9c4e3ad695, NVIDIA A100-SXM4-40GB, 37219, 40960, 14, 105.53, 37
nid001121,2026/05/02 02:08:35.903, 1, GPU-609dad44-ba7d-bab2-0915-e9b0b033ff14, NVIDIA A100-SXM4-40GB, 37017, 40960, 24, 123.77, 33
nid001121,2026/05/02 02:08:35.909, 2, GPU-aad97d9d-6ff8-bc8d-0481-0c3f454fa1c0, NVIDIA A100-SXM4-40GB, 37017, 40960, 8, 109.74, 34
nid001121,2026/05/02 02:08:35.916, 3, GPU-7d9c6827-58f4-451d-6e2f-de41351f3aa8, NVIDIA A100-SXM4-40GB, 37017, 40960, 15, 98.23, 32
nid001124,2026/05/02 02:08:37.216, 0, GPU-ea60c39f-8348-3f52-3b10-288cfb47cb68, NVIDIA A100-SXM4-40GB, 37737, 40960, 3, 105.49, 39
nid001124,2026/05/02 02:08:37.218, 1, GPU-e687c310-f91d-421a-4706-8e960a8458df, NVIDIA A100-SXM4-40GB, 37731, 40960, 19, 102.96, 35
nid001124,2026/05/02 02:08:37.220, 2, GPU-dfbfc0a1-5bdd-9a67-abb3-e6f3ac7d37b7, NVIDIA A100-SXM4-40GB, 37731, 40960, 24, 100.39, 37
nid001124,2026/05/02 02:08:37.222, 3, GPU-145799ee-88ab-a08b-a7c5-5e22d5beb30f, NVIDIA A100-SXM4-40GB, 37731, 40960, 11, 103.60, 33
nid001121,2026/05/02 02:08:40.465, 0, GPU-1142dc10-04e1-8104-b58f-6e9c4e3ad695, NVIDIA A100-SXM4-40GB, 37219, 40960, 12, 105.24, 36
nid001121,2026/05/02 02:08:40.468, 1, GPU-609dad44-ba7d-bab2-0915-e9b0b033ff14, NVIDIA A100-SXM4-40GB, 37017, 40960, 4, 105.87, 33
nid001121,2026/05/02 02:08:40.470, 2, GPU-aad97d9d-6ff8-bc8d-0481-0c3f454fa1c0, NVIDIA A100-SXM4-40GB, 37017, 40960, 0, 110.22, 34
nid001121,2026/05/02 02:08:40.471, 3, GPU-7d9c6827-58f4-451d-6e2f-de41351f3aa8, NVIDIA A100-SXM4-40GB, 37017, 40960, 10, 98.00, 32
nid001124,2026/05/02 02:08:41.758, 0, GPU-ea60c39f-8348-3f52-3b10-288cfb47cb68, NVIDIA A100-SXM4-40GB, 37737, 40960, 11, 107.83, 38
nid001124,2026/05/02 02:08:41.762, 1, GPU-e687c310-f91d-421a-4706-8e960a8458df, NVIDIA A100-SXM4-40GB, 37731, 40960, 19, 105.53, 34
nid001124,2026/05/02 02:08:41.763, 2, GPU-dfbfc0a1-5bdd-9a67-abb3-e6f3ac7d37b7, NVIDIA A100-SXM4-40GB, 37731, 40960, 24, 100.39, 36
nid001124,2026/05/02 02:08:41.765, 3, GPU-145799ee-88ab-a08b-a7c5-5e22d5beb30f, NVIDIA A100-SXM4-40GB, 37731, 40960, 34, 103.32, 33
nid001121,2026/05/02 02:08:45.129, 0, GPU-1142dc10-04e1-8104-b58f-6e9c4e3ad695, NVIDIA A100-SXM4-40GB, 37219, 40960, 15, 109.09, 37
nid001121,2026/05/02 02:08:45.132, 1, GPU-609dad44-ba7d-bab2-0915-e9b0b033ff14, NVIDIA A100-SXM4-40GB, 37017, 40960, 3, 105.87, 33
nid001121,2026/05/02 02:08:45.134, 2, GPU-aad97d9d-6ff8-bc8d-0481-0c3f454fa1c0, NVIDIA A100-SXM4-40GB, 37017, 40960, 23, 114.31, 35
nid001121,2026/05/02 02:08:45.136, 3, GPU-7d9c6827-58f4-451d-6e2f-de41351f3aa8, NVIDIA A100-SXM4-40GB, 37017, 40960, 5, 98.47, 32
nid001124,2026/05/02 02:08:46.525, 0, GPU-ea60c39f-8348-3f52-3b10-288cfb47cb68, NVIDIA A100-SXM4-40GB, 37737, 40960, 19, 154.82, 38
nid001124,2026/05/02 02:08:46.528, 1, GPU-e687c310-f91d-421a-4706-8e960a8458df, NVIDIA A100-SXM4-40GB, 37731, 40960, 16, 103.96, 34
nid001124,2026/05/02 02:08:46.530, 2, GPU-dfbfc0a1-5bdd-9a67-abb3-e6f3ac7d37b7, NVIDIA A100-SXM4-40GB, 37731, 40960, 19, 171.93, 37
nid001124,2026/05/02 02:08:46.531, 3, GPU-145799ee-88ab-a08b-a7c5-5e22d5beb30f, NVIDIA A100-SXM4-40GB, 37731, 40960, 34, 103.08, 33
nid001121,2026/05/02 02:08:49.830, 0, GPU-1142dc10-04e1-8104-b58f-6e9c4e3ad695, NVIDIA A100-SXM4-40GB, 37219, 40960, 20, 125.82, 37
nid001121,2026/05/02 02:08:49.839, 1, GPU-609dad44-ba7d-bab2-0915-e9b0b033ff14, NVIDIA A100-SXM4-40GB, 37017, 40960, 23, 107.15, 33
nid001121,2026/05/02 02:08:49.840, 2, GPU-aad97d9d-6ff8-bc8d-0481-0c3f454fa1c0, NVIDIA A100-SXM4-40GB, 37017, 40960, 12, 109.22, 35
nid001121,2026/05/02 02:08:49.842, 3, GPU-7d9c6827-58f4-451d-6e2f-de41351f3aa8, NVIDIA A100-SXM4-40GB, 37017, 40960, 16, 98.75, 32
nid001124,2026/05/02 02:08:51.010, 0, GPU-ea60c39f-8348-3f52-3b10-288cfb47cb68, NVIDIA A100-SXM4-40GB, 37737, 40960, 30, 104.73, 38
nid001124,2026/05/02 02:08:51.013, 1, GPU-e687c310-f91d-421a-4706-8e960a8458df, NVIDIA A100-SXM4-40GB, 37731, 40960, 4, 102.96, 34
nid001124,2026/05/02 02:08:51.015, 2, GPU-dfbfc0a1-5bdd-9a67-abb3-e6f3ac7d37b7, NVIDIA A100-SXM4-40GB, 37731, 40960, 0, 100.11, 36
nid001124,2026/05/02 02:08:51.016, 3, GPU-145799ee-88ab-a08b-a7c5-5e22d5beb30f, NVIDIA A100-SXM4-40GB, 37731, 40960, 0, 103.08, 33
nid001121,2026/05/02 02:08:54.397, 0, GPU-1142dc10-04e1-8104-b58f-6e9c4e3ad695, NVIDIA A100-SXM4-40GB, 37219, 40960, 7, 158.30, 37
nid001121,2026/05/02 02:08:54.403, 1, GPU-609dad44-ba7d-bab2-0915-e9b0b033ff14, NVIDIA A100-SXM4-40GB, 37017, 40960, 14, 109.96, 33
nid001121,2026/05/02 02:08:54.408, 2, GPU-aad97d9d-6ff8-bc8d-0481-0c3f454fa1c0, NVIDIA A100-SXM4-40GB, 37017, 40960, 4, 143.90, 34
nid001121,2026/05/02 02:08:54.414, 3, GPU-7d9c6827-58f4-451d-6e2f-de41351f3aa8, NVIDIA A100-SXM4-40GB, 37017, 40960, 12, 100.03, 32
nid001124,2026/05/02 02:08:55.717, 0, GPU-ea60c39f-8348-3f52-3b10-288cfb47cb68, NVIDIA A100-SXM4-40GB, 37737, 40960, 18, 105.49, 38
nid001124,2026/05/02 02:08:55.720, 1, GPU-e687c310-f91d-421a-4706-8e960a8458df, NVIDIA A100-SXM4-40GB, 37731, 40960, 0, 102.96, 34
nid001124,2026/05/02 02:08:55.721, 2, GPU-dfbfc0a1-5bdd-9a67-abb3-e6f3ac7d37b7, NVIDIA A100-SXM4-40GB, 37731, 40960, 3, 100.39, 36
nid001124,2026/05/02 02:08:55.723, 3, GPU-145799ee-88ab-a08b-a7c5-5e22d5beb30f, NVIDIA A100-SXM4-40GB, 37731, 40960, 21, 102.79, 33
nid001121,2026/05/02 02:08:59.335, 0, GPU-1142dc10-04e1-8104-b58f-6e9c4e3ad695, NVIDIA A100-SXM4-40GB, 37219, 40960, 4, 126.81, 37
nid001121,2026/05/02 02:08:59.338, 1, GPU-609dad44-ba7d-bab2-0915-e9b0b033ff14, NVIDIA A100-SXM4-40GB, 37017, 40960, 6, 105.87, 33
nid001121,2026/05/02 02:08:59.339, 2, GPU-aad97d9d-6ff8-bc8d-0481-0c3f454fa1c0, NVIDIA A100-SXM4-40GB, 37017, 40960, 12, 158.67, 35
nid001121,2026/05/02 02:08:59.341, 3, GPU-7d9c6827-58f4-451d-6e2f-de41351f3aa8, NVIDIA A100-SXM4-40GB, 37017, 40960, 11, 98.00, 32
nid001124,2026/05/02 02:09:00.818, 0, GPU-ea60c39f-8348-3f52-3b10-288cfb47cb68, NVIDIA A100-SXM4-40GB, 37737, 40960, 29, 110.87, 38
nid001124,2026/05/02 02:09:00.821, 1, GPU-e687c310-f91d-421a-4706-8e960a8458df, NVIDIA A100-SXM4-40GB, 37731, 40960, 11, 102.96, 34
nid001124,2026/05/02 02:09:00.822, 2, GPU-dfbfc0a1-5bdd-9a67-abb3-e6f3ac7d37b7, NVIDIA A100-SXM4-40GB, 37731, 40960, 4, 119.07, 36
nid001124,2026/05/02 02:09:00.824, 3, GPU-145799ee-88ab-a08b-a7c5-5e22d5beb30f, NVIDIA A100-SXM4-40GB, 37731, 40960, 5, 103.21, 33
nid001121,2026/05/02 02:09:04.290, 0, GPU-1142dc10-04e1-8104-b58f-6e9c4e3ad695, NVIDIA A100-SXM4-40GB, 37219, 40960, 4, 118.13, 37
nid001121,2026/05/02 02:09:04.293, 1, GPU-609dad44-ba7d-bab2-0915-e9b0b033ff14, NVIDIA A100-SXM4-40GB, 37017, 40960, 9, 110.48, 33
nid001121,2026/05/02 02:09:04.294, 2, GPU-aad97d9d-6ff8-bc8d-0481-0c3f454fa1c0, NVIDIA A100-SXM4-40GB, 37017, 40960, 7, 109.22, 34
nid001121,2026/05/02 02:09:04.296, 3, GPU-7d9c6827-58f4-451d-6e2f-de41351f3aa8, NVIDIA A100-SXM4-40GB, 37017, 40960, 12, 99.75, 32
nid001124,2026/05/02 02:09:05.786, 0, GPU-ea60c39f-8348-3f52-3b10-288cfb47cb68, NVIDIA A100-SXM4-40GB, 37737, 40960, 30, 104.73, 38
nid001124,2026/05/02 02:09:05.788, 1, GPU-e687c310-f91d-421a-4706-8e960a8458df, NVIDIA A100-SXM4-40GB, 37731, 40960, 20, 110.38, 34
nid001124,2026/05/02 02:09:05.790, 2, GPU-dfbfc0a1-5bdd-9a67-abb3-e6f3ac7d37b7, NVIDIA A100-SXM4-40GB, 37731, 40960, 16, 100.63, 36
nid001124,2026/05/02 02:09:05.792, 3, GPU-145799ee-88ab-a08b-a7c5-5e22d5beb30f, NVIDIA A100-SXM4-40GB, 37731, 40960, 23, 104.60, 33
nid001121,2026/05/02 02:09:09.183, 0, GPU-1142dc10-04e1-8104-b58f-6e9c4e3ad695, NVIDIA A100-SXM4-40GB, 37219, 40960, 0, 106.00, 37
nid001121,2026/05/02 02:09:09.186, 1, GPU-609dad44-ba7d-bab2-0915-e9b0b033ff14, NVIDIA A100-SXM4-40GB, 37017, 40960, 20, 106.16, 33
nid001121,2026/05/02 02:09:09.188, 2, GPU-aad97d9d-6ff8-bc8d-0481-0c3f454fa1c0, NVIDIA A100-SXM4-40GB, 37017, 40960, 14, 122.03, 34
nid001121,2026/05/02 02:09:09.190, 3, GPU-7d9c6827-58f4-451d-6e2f-de41351f3aa8, NVIDIA A100-SXM4-40GB, 37017, 40960, 18, 98.47, 32
nid001124,2026/05/02 02:09:10.549, 0, GPU-ea60c39f-8348-3f52-3b10-288cfb47cb68, NVIDIA A100-SXM4-40GB, 37737, 40960, 46, 104.73, 38
nid001124,2026/05/02 02:09:10.552, 1, GPU-e687c310-f91d-421a-4706-8e960a8458df, NVIDIA A100-SXM4-40GB, 37731, 40960, 1, 102.96, 34
nid001124,2026/05/02 02:09:10.554, 2, GPU-dfbfc0a1-5bdd-9a67-abb3-e6f3ac7d37b7, NVIDIA A100-SXM4-40GB, 37731, 40960, 0, 100.11, 36
nid001124,2026/05/02 02:09:10.556, 3, GPU-145799ee-88ab-a08b-a7c5-5e22d5beb30f, NVIDIA A100-SXM4-40GB, 37731, 40960, 12, 103.21, 33
nid001121,2026/05/02 02:09:13.884, 0, GPU-1142dc10-04e1-8104-b58f-6e9c4e3ad695, NVIDIA A100-SXM4-40GB, 37219, 40960, 7, 137.26, 37
nid001121,2026/05/02 02:09:13.887, 1, GPU-609dad44-ba7d-bab2-0915-e9b0b033ff14, NVIDIA A100-SXM4-40GB, 37017, 40960, 8, 123.49, 33
nid001121,2026/05/02 02:09:13.889, 2, GPU-aad97d9d-6ff8-bc8d-0481-0c3f454fa1c0, NVIDIA A100-SXM4-40GB, 37017, 40960, 9, 109.74, 35
nid001121,2026/05/02 02:09:13.890, 3, GPU-7d9c6827-58f4-451d-6e2f-de41351f3aa8, NVIDIA A100-SXM4-40GB, 37017, 40960, 6, 104.36, 32
nid001124,2026/05/02 02:09:15.297, 0, GPU-ea60c39f-8348-3f52-3b10-288cfb47cb68, NVIDIA A100-SXM4-40GB, 37737, 40960, 0, 104.73, 38
nid001124,2026/05/02 02:09:15.300, 1, GPU-e687c310-f91d-421a-4706-8e960a8458df, NVIDIA A100-SXM4-40GB, 37731, 40960, 8, 102.96, 34
nid001124,2026/05/02 02:09:15.302, 2, GPU-dfbfc0a1-5bdd-9a67-abb3-e6f3ac7d37b7, NVIDIA A100-SXM4-40GB, 37731, 40960, 3, 100.11, 37
nid001124,2026/05/02 02:09:15.303, 3, GPU-145799ee-88ab-a08b-a7c5-5e22d5beb30f, NVIDIA A100-SXM4-40GB, 37731, 40960, 0, 103.08, 33
nid001121,2026/05/02 02:09:18.857, 0, GPU-1142dc10-04e1-8104-b58f-6e9c4e3ad695, NVIDIA A100-SXM4-40GB, 37219, 40960, 19, 108.33, 37
nid001121,2026/05/02 02:09:18.864, 1, GPU-609dad44-ba7d-bab2-0915-e9b0b033ff14, NVIDIA A100-SXM4-40GB, 37017, 40960, 12, 108.20, 33
nid001121,2026/05/02 02:09:18.870, 2, GPU-aad97d9d-6ff8-bc8d-0481-0c3f454fa1c0, NVIDIA A100-SXM4-40GB, 37017, 40960, 4, 163.33, 34
nid001121,2026/05/02 02:09:18.871, 3, GPU-7d9c6827-58f4-451d-6e2f-de41351f3aa8, NVIDIA A100-SXM4-40GB, 37017, 40960, 14, 98.99, 32
nid001124,2026/05/02 02:09:20.232, 0, GPU-ea60c39f-8348-3f52-3b10-288cfb47cb68, NVIDIA A100-SXM4-40GB, 37737, 40960, 26, 113.44, 38
nid001124,2026/05/02 02:09:20.235, 1, GPU-e687c310-f91d-421a-4706-8e960a8458df, NVIDIA A100-SXM4-40GB, 37731, 40960, 15, 103.48, 34
nid001124,2026/05/02 02:09:20.237, 2, GPU-dfbfc0a1-5bdd-9a67-abb3-e6f3ac7d37b7, NVIDIA A100-SXM4-40GB, 37731, 40960, 27, 100.22, 36
nid001124,2026/05/02 02:09:20.239, 3, GPU-145799ee-88ab-a08b-a7c5-5e22d5beb30f, NVIDIA A100-SXM4-40GB, 37731, 40960, 28, 103.08, 33
nid001121,2026/05/02 02:09:23.687, 0, GPU-1142dc10-04e1-8104-b58f-6e9c4e3ad695, NVIDIA A100-SXM4-40GB, 37219, 40960, 0, 105.24, 36
nid001121,2026/05/02 02:09:23.690, 1, GPU-609dad44-ba7d-bab2-0915-e9b0b033ff14, NVIDIA A100-SXM4-40GB, 37017, 40960, 4, 106.16, 33
nid001121,2026/05/02 02:09:23.692, 2, GPU-aad97d9d-6ff8-bc8d-0481-0c3f454fa1c0, NVIDIA A100-SXM4-40GB, 37017, 40960, 10, 109.22, 34
nid001121,2026/05/02 02:09:23.694, 3, GPU-7d9c6827-58f4-451d-6e2f-de41351f3aa8, NVIDIA A100-SXM4-40GB, 37017, 40960, 12, 98.23, 32
nid001124,2026/05/02 02:09:25.129, 0, GPU-ea60c39f-8348-3f52-3b10-288cfb47cb68, NVIDIA A100-SXM4-40GB, 37737, 40960, 29, 105.78, 38
nid001124,2026/05/02 02:09:25.132, 1, GPU-e687c310-f91d-421a-4706-8e960a8458df, NVIDIA A100-SXM4-40GB, 37731, 40960, 23, 102.96, 34
nid001124,2026/05/02 02:09:25.134, 2, GPU-dfbfc0a1-5bdd-9a67-abb3-e6f3ac7d37b7, NVIDIA A100-SXM4-40GB, 37731, 40960, 11, 100.11, 36
nid001124,2026/05/02 02:09:25.135, 3, GPU-145799ee-88ab-a08b-a7c5-5e22d5beb30f, NVIDIA A100-SXM4-40GB, 37731, 40960, 8, 171.41, 33
nid001121,2026/05/02 02:09:28.581, 0, GPU-1142dc10-04e1-8104-b58f-6e9c4e3ad695, NVIDIA A100-SXM4-40GB, 37219, 40960, 0, 105.24, 36
nid001121,2026/05/02 02:09:28.585, 1, GPU-609dad44-ba7d-bab2-0915-e9b0b033ff14, NVIDIA A100-SXM4-40GB, 37017, 40960, 12, 105.87, 33
nid001121,2026/05/02 02:09:28.591, 2, GPU-aad97d9d-6ff8-bc8d-0481-0c3f454fa1c0, NVIDIA A100-SXM4-40GB, 37017, 40960, 4, 109.22, 34
nid001121,2026/05/02 02:09:28.596, 3, GPU-7d9c6827-58f4-451d-6e2f-de41351f3aa8, NVIDIA A100-SXM4-40GB, 37017, 40960, 9, 98.23, 32
nid001124,2026/05/02 02:09:30.277, 0, GPU-ea60c39f-8348-3f52-3b10-288cfb47cb68, NVIDIA A100-SXM4-40GB, 37737, 40960, 11, 105.25, 38
nid001124,2026/05/02 02:09:30.280, 1, GPU-e687c310-f91d-421a-4706-8e960a8458df, NVIDIA A100-SXM4-40GB, 37731, 40960, 0, 102.96, 34
nid001124,2026/05/02 02:09:30.281, 2, GPU-dfbfc0a1-5bdd-9a67-abb3-e6f3ac7d37b7, NVIDIA A100-SXM4-40GB, 37731, 40960, 6, 100.11, 36
nid001124,2026/05/02 02:09:30.283, 3, GPU-145799ee-88ab-a08b-a7c5-5e22d5beb30f, NVIDIA A100-SXM4-40GB, 37731, 40960, 14, 103.08, 33
nid001121,2026/05/02 02:09:33.797, 0, GPU-1142dc10-04e1-8104-b58f-6e9c4e3ad695, NVIDIA A100-SXM4-40GB, 37219, 40960, 13, 153.17, 36
nid001121,2026/05/02 02:09:33.800, 1, GPU-609dad44-ba7d-bab2-0915-e9b0b033ff14, NVIDIA A100-SXM4-40GB, 37017, 40960, 14, 153.41, 33
nid001121,2026/05/02 02:09:33.801, 2, GPU-aad97d9d-6ff8-bc8d-0481-0c3f454fa1c0, NVIDIA A100-SXM4-40GB, 37017, 40960, 15, 109.22, 35
nid001121,2026/05/02 02:09:33.803, 3, GPU-7d9c6827-58f4-451d-6e2f-de41351f3aa8, NVIDIA A100-SXM4-40GB, 37017, 40960, 4, 132.02, 32
nid001124,2026/05/02 02:09:35.386, 0, GPU-ea60c39f-8348-3f52-3b10-288cfb47cb68, NVIDIA A100-SXM4-40GB, 37737, 40960, 48, 104.73, 38
nid001124,2026/05/02 02:09:35.390, 1, GPU-e687c310-f91d-421a-4706-8e960a8458df, NVIDIA A100-SXM4-40GB, 37731, 40960, 0, 166.69, 34
nid001124,2026/05/02 02:09:35.391, 2, GPU-dfbfc0a1-5bdd-9a67-abb3-e6f3ac7d37b7, NVIDIA A100-SXM4-40GB, 37731, 40960, 4, 100.11, 37
nid001124,2026/05/02 02:09:35.393, 3, GPU-145799ee-88ab-a08b-a7c5-5e22d5beb30f, NVIDIA A100-SXM4-40GB, 37731, 40960, 70, 103.32, 33
nid001121,2026/05/02 02:09:38.955, 0, GPU-1142dc10-04e1-8104-b58f-6e9c4e3ad695, NVIDIA A100-SXM4-40GB, 37219, 40960, 5, 127.86, 37
nid001121,2026/05/02 02:09:38.958, 1, GPU-609dad44-ba7d-bab2-0915-e9b0b033ff14, NVIDIA A100-SXM4-40GB, 37017, 40960, 4, 105.87, 33
nid001121,2026/05/02 02:09:38.960, 2, GPU-aad97d9d-6ff8-bc8d-0481-0c3f454fa1c0, NVIDIA A100-SXM4-40GB, 37017, 40960, 17, 137.71, 35
nid001121,2026/05/02 02:09:38.961, 3, GPU-7d9c6827-58f4-451d-6e2f-de41351f3aa8, NVIDIA A100-SXM4-40GB, 37017, 40960, 3, 119.55, 32
nid001124,2026/05/02 02:09:40.799, 0, GPU-ea60c39f-8348-3f52-3b10-288cfb47cb68, NVIDIA A100-SXM4-40GB, 37737, 40960, 0, 106.01, 38
nid001124,2026/05/02 02:09:40.802, 1, GPU-e687c310-f91d-421a-4706-8e960a8458df, NVIDIA A100-SXM4-40GB, 37731, 40960, 33, 119.31, 34
nid001124,2026/05/02 02:09:40.803, 2, GPU-dfbfc0a1-5bdd-9a67-abb3-e6f3ac7d37b7, NVIDIA A100-SXM4-40GB, 37731, 40960, 25, 101.27, 36
nid001124,2026/05/02 02:09:40.805, 3, GPU-145799ee-88ab-a08b-a7c5-5e22d5beb30f, NVIDIA A100-SXM4-40GB, 37731, 40960, 0, 111.51, 33
nid001121,2026/05/02 02:09:44.478, 0, GPU-1142dc10-04e1-8104-b58f-6e9c4e3ad695, NVIDIA A100-SXM4-40GB, 37219, 40960, 14, 106.00, 37
nid001121,2026/05/02 02:09:44.482, 1, GPU-609dad44-ba7d-bab2-0915-e9b0b033ff14, NVIDIA A100-SXM4-40GB, 37017, 40960, 6, 108.96, 33
nid001121,2026/05/02 02:09:44.485, 2, GPU-aad97d9d-6ff8-bc8d-0481-0c3f454fa1c0, NVIDIA A100-SXM4-40GB, 37017, 40960, 4, 139.23, 35
nid001121,2026/05/02 02:09:44.487, 3, GPU-7d9c6827-58f4-451d-6e2f-de41351f3aa8, NVIDIA A100-SXM4-40GB, 37017, 40960, 8, 98.99, 32
nid001124,2026/05/02 02:09:45.812, 0, GPU-ea60c39f-8348-3f52-3b10-288cfb47cb68, NVIDIA A100-SXM4-40GB, 37737, 40960, 15, 118.31, 38
nid001124,2026/05/02 02:09:45.815, 1, GPU-e687c310-f91d-421a-4706-8e960a8458df, NVIDIA A100-SXM4-40GB, 37731, 40960, 15, 103.48, 34
nid001124,2026/05/02 02:09:45.817, 2, GPU-dfbfc0a1-5bdd-9a67-abb3-e6f3ac7d37b7, NVIDIA A100-SXM4-40GB, 37731, 40960, 5, 166.56, 36
nid001124,2026/05/02 02:09:45.818, 3, GPU-145799ee-88ab-a08b-a7c5-5e22d5beb30f, NVIDIA A100-SXM4-40GB, 37731, 40960, 25, 103.32, 33
nid001121,2026/05/02 02:09:49.406, 0, GPU-1142dc10-04e1-8104-b58f-6e9c4e3ad695, NVIDIA A100-SXM4-40GB, 37219, 40960, 4, 106.76, 37
nid001121,2026/05/02 02:09:49.409, 1, GPU-609dad44-ba7d-bab2-0915-e9b0b033ff14, NVIDIA A100-SXM4-40GB, 37017, 40960, 6, 106.64, 33
nid001121,2026/05/02 02:09:49.411, 2, GPU-aad97d9d-6ff8-bc8d-0481-0c3f454fa1c0, NVIDIA A100-SXM4-40GB, 37017, 40960, 14, 145.88, 34
nid001121,2026/05/02 02:09:49.412, 3, GPU-7d9c6827-58f4-451d-6e2f-de41351f3aa8, NVIDIA A100-SXM4-40GB, 37017, 40960, 28, 98.47, 32
nid001124,2026/05/02 02:09:51.023, 0, GPU-ea60c39f-8348-3f52-3b10-288cfb47cb68, NVIDIA A100-SXM4-40GB, 37737, 40960, 19, 127.79, 39
nid001124,2026/05/02 02:09:51.026, 1, GPU-e687c310-f91d-421a-4706-8e960a8458df, NVIDIA A100-SXM4-40GB, 37731, 40960, 0, 103.08, 34
nid001124,2026/05/02 02:09:51.028, 2, GPU-dfbfc0a1-5bdd-9a67-abb3-e6f3ac7d37b7, NVIDIA A100-SXM4-40GB, 37731, 40960, 0, 150.67, 37
nid001124,2026/05/02 02:09:51.030, 3, GPU-145799ee-88ab-a08b-a7c5-5e22d5beb30f, NVIDIA A100-SXM4-40GB, 37731, 40960, 0, 103.73, 33
nid001121,2026/05/02 02:09:54.659, 0, GPU-1142dc10-04e1-8104-b58f-6e9c4e3ad695, NVIDIA A100-SXM4-40GB, 37219, 40960, 0, 107.05, 37
nid001121,2026/05/02 02:09:54.662, 1, GPU-609dad44-ba7d-bab2-0915-e9b0b033ff14, NVIDIA A100-SXM4-40GB, 37017, 40960, 8, 132.18, 33
nid001121,2026/05/02 02:09:54.663, 2, GPU-aad97d9d-6ff8-bc8d-0481-0c3f454fa1c0, NVIDIA A100-SXM4-40GB, 37017, 40960, 11, 138.99, 35
nid001121,2026/05/02 02:09:54.665, 3, GPU-7d9c6827-58f4-451d-6e2f-de41351f3aa8, NVIDIA A100-SXM4-40GB, 37017, 40960, 9, 103.07, 32
nid001124,2026/05/02 02:09:56.135, 0, GPU-ea60c39f-8348-3f52-3b10-288cfb47cb68, NVIDIA A100-SXM4-40GB, 37737, 40960, 34, 106.25, 38
nid001124,2026/05/02 02:09:56.138, 1, GPU-e687c310-f91d-421a-4706-8e960a8458df, NVIDIA A100-SXM4-40GB, 37731, 40960, 34, 103.20, 34
nid001124,2026/05/02 02:09:56.140, 2, GPU-dfbfc0a1-5bdd-9a67-abb3-e6f3ac7d37b7, NVIDIA A100-SXM4-40GB, 37731, 40960, 23, 118.83, 37
nid001124,2026/05/02 02:09:56.142, 3, GPU-145799ee-88ab-a08b-a7c5-5e22d5beb30f, NVIDIA A100-SXM4-40GB, 37731, 40960, 33, 103.32, 33
nid001121,2026/05/02 02:09:59.535, 0, GPU-1142dc10-04e1-8104-b58f-6e9c4e3ad695, NVIDIA A100-SXM4-40GB, 37219, 40960, 0, 105.87, 37
nid001121,2026/05/02 02:09:59.538, 1, GPU-609dad44-ba7d-bab2-0915-e9b0b033ff14, NVIDIA A100-SXM4-40GB, 37017, 40960, 0, 120.55, 33
nid001121,2026/05/02 02:09:59.539, 2, GPU-aad97d9d-6ff8-bc8d-0481-0c3f454fa1c0, NVIDIA A100-SXM4-40GB, 37017, 40960, 11, 109.46, 34
nid001121,2026/05/02 02:09:59.541, 3, GPU-7d9c6827-58f4-451d-6e2f-de41351f3aa8, NVIDIA A100-SXM4-40GB, 37017, 40960, 8, 103.47, 32
nid001124,2026/05/02 02:10:01.149, 0, GPU-ea60c39f-8348-3f52-3b10-288cfb47cb68, NVIDIA A100-SXM4-40GB, 37737, 40960, 0, 105.49, 38
nid001124,2026/05/02 02:10:01.155, 1, GPU-e687c310-f91d-421a-4706-8e960a8458df, NVIDIA A100-SXM4-40GB, 37731, 40960, 10, 158.30, 34
nid001124,2026/05/02 02:10:01.161, 2, GPU-dfbfc0a1-5bdd-9a67-abb3-e6f3ac7d37b7, NVIDIA A100-SXM4-40GB, 37731, 40960, 24, 104.73, 36
nid001124,2026/05/02 02:10:01.168, 3, GPU-145799ee-88ab-a08b-a7c5-5e22d5beb30f, NVIDIA A100-SXM4-40GB, 37731, 40960, 9, 162.99, 33
nid001121,2026/05/02 02:10:04.693, 0, GPU-1142dc10-04e1-8104-b58f-6e9c4e3ad695, NVIDIA A100-SXM4-40GB, 37219, 40960, 0, 105.24, 37
nid001121,2026/05/02 02:10:04.696, 1, GPU-609dad44-ba7d-bab2-0915-e9b0b033ff14, NVIDIA A100-SXM4-40GB, 37017, 40960, 12, 105.87, 33
nid001121,2026/05/02 02:10:04.697, 2, GPU-aad97d9d-6ff8-bc8d-0481-0c3f454fa1c0, NVIDIA A100-SXM4-40GB, 37017, 40960, 7, 109.22, 34
nid001121,2026/05/02 02:10:04.699, 3, GPU-7d9c6827-58f4-451d-6e2f-de41351f3aa8, NVIDIA A100-SXM4-40GB, 37017, 40960, 7, 98.23, 32
nid001124,2026/05/02 02:10:06.272, 0, GPU-ea60c39f-8348-3f52-3b10-288cfb47cb68, NVIDIA A100-SXM4-40GB, 37737, 40960, 26, 107.83, 38
nid001124,2026/05/02 02:10:06.275, 1, GPU-e687c310-f91d-421a-4706-8e960a8458df, NVIDIA A100-SXM4-40GB, 37731, 40960, 21, 103.20, 34
nid001124,2026/05/02 02:10:06.277, 2, GPU-dfbfc0a1-5bdd-9a67-abb3-e6f3ac7d37b7, NVIDIA A100-SXM4-40GB, 37731, 40960, 36, 100.11, 36
nid001124,2026/05/02 02:10:06.279, 3, GPU-145799ee-88ab-a08b-a7c5-5e22d5beb30f, NVIDIA A100-SXM4-40GB, 37731, 40960, 9, 103.08, 33
nid001121,2026/05/02 02:10:09.806, 0, GPU-1142dc10-04e1-8104-b58f-6e9c4e3ad695, NVIDIA A100-SXM4-40GB, 37219, 40960, 7, 110.61, 37
nid001121,2026/05/02 02:10:09.814, 1, GPU-609dad44-ba7d-bab2-0915-e9b0b033ff14, NVIDIA A100-SXM4-40GB, 37017, 40960, 4, 109.72, 33
nid001121,2026/05/02 02:10:09.820, 2, GPU-aad97d9d-6ff8-bc8d-0481-0c3f454fa1c0, NVIDIA A100-SXM4-40GB, 37017, 40960, 7, 112.79, 35
nid001121,2026/05/02 02:10:09.826, 3, GPU-7d9c6827-58f4-451d-6e2f-de41351f3aa8, NVIDIA A100-SXM4-40GB, 37017, 40960, 8, 121.07, 32
nid001124,2026/05/02 02:10:11.639, 0, GPU-ea60c39f-8348-3f52-3b10-288cfb47cb68, NVIDIA A100-SXM4-40GB, 37737, 40960, 31, 105.49, 38
nid001124,2026/05/02 02:10:11.649, 1, GPU-e687c310-f91d-421a-4706-8e960a8458df, NVIDIA A100-SXM4-40GB, 37731, 40960, 11, 103.20, 34
nid001124,2026/05/02 02:10:11.650, 2, GPU-dfbfc0a1-5bdd-9a67-abb3-e6f3ac7d37b7, NVIDIA A100-SXM4-40GB, 37731, 40960, 26, 102.44, 37
nid001124,2026/05/02 02:10:11.652, 3, GPU-145799ee-88ab-a08b-a7c5-5e22d5beb30f, NVIDIA A100-SXM4-40GB, 37731, 40960, 47, 116.88, 33
nid001121,2026/05/02 02:10:15.199, 0, GPU-1142dc10-04e1-8104-b58f-6e9c4e3ad695, NVIDIA A100-SXM4-40GB, 37219, 40960, 11, 107.28, 36
nid001121,2026/05/02 02:10:15.202, 1, GPU-609dad44-ba7d-bab2-0915-e9b0b033ff14, NVIDIA A100-SXM4-40GB, 37017, 40960, 4, 105.87, 33
nid001121,2026/05/02 02:10:15.204, 2, GPU-aad97d9d-6ff8-bc8d-0481-0c3f454fa1c0, NVIDIA A100-SXM4-40GB, 37017, 40960, 10, 110.74, 34
nid001121,2026/05/02 02:10:15.206, 3, GPU-7d9c6827-58f4-451d-6e2f-de41351f3aa8, NVIDIA A100-SXM4-40GB, 37017, 40960, 17, 108.44, 32
nid001124,2026/05/02 02:10:16.839, 0, GPU-ea60c39f-8348-3f52-3b10-288cfb47cb68, NVIDIA A100-SXM4-40GB, 37737, 40960, 33, 104.73, 38
nid001124,2026/05/02 02:10:16.842, 1, GPU-e687c310-f91d-421a-4706-8e960a8458df, NVIDIA A100-SXM4-40GB, 37731, 40960, 30, 103.20, 34
nid001124,2026/05/02 02:10:16.843, 2, GPU-dfbfc0a1-5bdd-9a67-abb3-e6f3ac7d37b7, NVIDIA A100-SXM4-40GB, 37731, 40960, 9, 100.22, 37
nid001124,2026/05/02 02:10:16.845, 3, GPU-145799ee-88ab-a08b-a7c5-5e22d5beb30f, NVIDIA A100-SXM4-40GB, 37731, 40960, 14, 105.12, 33
nid001121,2026/05/02 02:10:20.206, 0, GPU-1142dc10-04e1-8104-b58f-6e9c4e3ad695, NVIDIA A100-SXM4-40GB, 37219, 40960, 16, 105.00, 36
nid001121,2026/05/02 02:10:20.209, 1, GPU-609dad44-ba7d-bab2-0915-e9b0b033ff14, NVIDIA A100-SXM4-40GB, 37017, 40960, 0, 105.87, 33
nid001121,2026/05/02 02:10:20.210, 2, GPU-aad97d9d-6ff8-bc8d-0481-0c3f454fa1c0, NVIDIA A100-SXM4-40GB, 37017, 40960, 11, 109.22, 34
nid001121,2026/05/02 02:10:20.212, 3, GPU-7d9c6827-58f4-451d-6e2f-de41351f3aa8, NVIDIA A100-SXM4-40GB, 37017, 40960, 22, 98.23, 32
nid001124,2026/05/02 02:10:21.704, 0, GPU-ea60c39f-8348-3f52-3b10-288cfb47cb68, NVIDIA A100-SXM4-40GB, 37737, 40960, 7, 105.78, 38
nid001124,2026/05/02 02:10:21.707, 1, GPU-e687c310-f91d-421a-4706-8e960a8458df, NVIDIA A100-SXM4-40GB, 37731, 40960, 40, 103.20, 34
nid001124,2026/05/02 02:10:21.708, 2, GPU-dfbfc0a1-5bdd-9a67-abb3-e6f3ac7d37b7, NVIDIA A100-SXM4-40GB, 37731, 40960, 11, 100.22, 36
nid001124,2026/05/02 02:10:21.710, 3, GPU-145799ee-88ab-a08b-a7c5-5e22d5beb30f, NVIDIA A100-SXM4-40GB, 37731, 40960, 19, 104.08, 33
nid001121,2026/05/02 02:10:25.045, 0, GPU-1142dc10-04e1-8104-b58f-6e9c4e3ad695, NVIDIA A100-SXM4-40GB, 37219, 40960, 4, 105.76, 37
nid001121,2026/05/02 02:10:25.048, 1, GPU-609dad44-ba7d-bab2-0915-e9b0b033ff14, NVIDIA A100-SXM4-40GB, 37017, 40960, 4, 141.70, 33
nid001121,2026/05/02 02:10:25.050, 2, GPU-aad97d9d-6ff8-bc8d-0481-0c3f454fa1c0, NVIDIA A100-SXM4-40GB, 37017, 40960, 1, 109.22, 34
nid001121,2026/05/02 02:10:25.052, 3, GPU-7d9c6827-58f4-451d-6e2f-de41351f3aa8, NVIDIA A100-SXM4-40GB, 37017, 40960, 5, 102.55, 32
nid001124,2026/05/02 02:10:26.572, 0, GPU-ea60c39f-8348-3f52-3b10-288cfb47cb68, NVIDIA A100-SXM4-40GB, 37737, 40960, 14, 104.73, 38
nid001124,2026/05/02 02:10:26.575, 1, GPU-e687c310-f91d-421a-4706-8e960a8458df, NVIDIA A100-SXM4-40GB, 37731, 40960, 15, 103.96, 34
nid001124,2026/05/02 02:10:26.577, 2, GPU-dfbfc0a1-5bdd-9a67-abb3-e6f3ac7d37b7, NVIDIA A100-SXM4-40GB, 37731, 40960, 11, 100.11, 36
nid001124,2026/05/02 02:10:26.578, 3, GPU-145799ee-88ab-a08b-a7c5-5e22d5beb30f, NVIDIA A100-SXM4-40GB, 37731, 40960, 29, 103.84, 33
nid001121,2026/05/02 02:10:29.896, 0, GPU-1142dc10-04e1-8104-b58f-6e9c4e3ad695, NVIDIA A100-SXM4-40GB, 37219, 40960, 4, 105.24, 36
nid001121,2026/05/02 02:10:29.899, 1, GPU-609dad44-ba7d-bab2-0915-e9b0b033ff14, NVIDIA A100-SXM4-40GB, 37017, 40960, 3, 105.87, 33
nid001121,2026/05/02 02:10:29.901, 2, GPU-aad97d9d-6ff8-bc8d-0481-0c3f454fa1c0, NVIDIA A100-SXM4-40GB, 37017, 40960, 0, 109.22, 34
nid001121,2026/05/02 02:10:29.902, 3, GPU-7d9c6827-58f4-451d-6e2f-de41351f3aa8, NVIDIA A100-SXM4-40GB, 37017, 40960, 8, 98.23, 32
nid001124,2026/05/02 02:10:31.262, 0, GPU-ea60c39f-8348-3f52-3b10-288cfb47cb68, NVIDIA A100-SXM4-40GB, 37737, 40960, 8, 104.96, 38
nid001124,2026/05/02 02:10:31.264, 1, GPU-e687c310-f91d-421a-4706-8e960a8458df, NVIDIA A100-SXM4-40GB, 37731, 40960, 45, 102.96, 34
nid001124,2026/05/02 02:10:31.266, 2, GPU-dfbfc0a1-5bdd-9a67-abb3-e6f3ac7d37b7, NVIDIA A100-SXM4-40GB, 37731, 40960, 47, 105.25, 37
nid001124,2026/05/02 02:10:31.268, 3, GPU-145799ee-88ab-a08b-a7c5-5e22d5beb30f, NVIDIA A100-SXM4-40GB, 37731, 40960, 60, 103.08, 33
nid001121,2026/05/02 02:10:34.487, 0, GPU-1142dc10-04e1-8104-b58f-6e9c4e3ad695, NVIDIA A100-SXM4-40GB, 37219, 40960, 4, 106.29, 37
nid001121,2026/05/02 02:10:34.490, 1, GPU-609dad44-ba7d-bab2-0915-e9b0b033ff14, NVIDIA A100-SXM4-40GB, 37017, 40960, 4, 141.46, 33
nid001121,2026/05/02 02:10:34.492, 2, GPU-aad97d9d-6ff8-bc8d-0481-0c3f454fa1c0, NVIDIA A100-SXM4-40GB, 37017, 40960, 18, 112.26, 34
nid001121,2026/05/02 02:10:34.493, 3, GPU-7d9c6827-58f4-451d-6e2f-de41351f3aa8, NVIDIA A100-SXM4-40GB, 37017, 40960, 17, 111.24, 32
nid001124,2026/05/02 02:10:35.760, 0, GPU-ea60c39f-8348-3f52-3b10-288cfb47cb68, NVIDIA A100-SXM4-40GB, 37737, 40960, 55, 105.78, 38
nid001124,2026/05/02 02:10:35.763, 1, GPU-e687c310-f91d-421a-4706-8e960a8458df, NVIDIA A100-SXM4-40GB, 37731, 40960, 54, 102.96, 34
nid001124,2026/05/02 02:10:35.765, 2, GPU-dfbfc0a1-5bdd-9a67-abb3-e6f3ac7d37b7, NVIDIA A100-SXM4-40GB, 37731, 40960, 36, 101.15, 37
nid001124,2026/05/02 02:10:35.767, 3, GPU-145799ee-88ab-a08b-a7c5-5e22d5beb30f, NVIDIA A100-SXM4-40GB, 37731, 40960, 33, 107.94, 33
nid001121,2026/05/02 02:10:39.031, 0, GPU-1142dc10-04e1-8104-b58f-6e9c4e3ad695, NVIDIA A100-SXM4-40GB, 37219, 40960, 4, 105.24, 36
nid001121,2026/05/02 02:10:39.034, 1, GPU-609dad44-ba7d-bab2-0915-e9b0b033ff14, NVIDIA A100-SXM4-40GB, 37017, 40960, 11, 105.87, 33
nid001121,2026/05/02 02:10:39.035, 2, GPU-aad97d9d-6ff8-bc8d-0481-0c3f454fa1c0, NVIDIA A100-SXM4-40GB, 37017, 40960, 4, 109.46, 34
nid001121,2026/05/02 02:10:39.037, 3, GPU-7d9c6827-58f4-451d-6e2f-de41351f3aa8, NVIDIA A100-SXM4-40GB, 37017, 40960, 10, 99.28, 32
nid001124,2026/05/02 02:10:40.393, 0, GPU-ea60c39f-8348-3f52-3b10-288cfb47cb68, NVIDIA A100-SXM4-40GB, 37737, 40960, 20, 104.96, 38
nid001124,2026/05/02 02:10:40.395, 1, GPU-e687c310-f91d-421a-4706-8e960a8458df, NVIDIA A100-SXM4-40GB, 37731, 40960, 17, 103.20, 34
nid001124,2026/05/02 02:10:40.398, 2, GPU-dfbfc0a1-5bdd-9a67-abb3-e6f3ac7d37b7, NVIDIA A100-SXM4-40GB, 37731, 40960, 13, 100.22, 37
nid001124,2026/05/02 02:10:40.400, 3, GPU-145799ee-88ab-a08b-a7c5-5e22d5beb30f, NVIDIA A100-SXM4-40GB, 37731, 40960, 6, 103.21, 33
nid001121,2026/05/02 02:10:43.708, 0, GPU-1142dc10-04e1-8104-b58f-6e9c4e3ad695, NVIDIA A100-SXM4-40GB, 37219, 40960, 0, 105.76, 36
nid001121,2026/05/02 02:10:43.717, 1, GPU-609dad44-ba7d-bab2-0915-e9b0b033ff14, NVIDIA A100-SXM4-40GB, 37017, 40960, 1, 128.86, 33
nid001121,2026/05/02 02:10:43.725, 2, GPU-aad97d9d-6ff8-bc8d-0481-0c3f454fa1c0, NVIDIA A100-SXM4-40GB, 37017, 40960, 4, 109.99, 35
nid001121,2026/05/02 02:10:43.726, 3, GPU-7d9c6827-58f4-451d-6e2f-de41351f3aa8, NVIDIA A100-SXM4-40GB, 37017, 40960, 6, 100.51, 32
nid001124,2026/05/02 02:10:45.060, 0, GPU-ea60c39f-8348-3f52-3b10-288cfb47cb68, NVIDIA A100-SXM4-40GB, 37737, 40960, 23, 106.01, 38
nid001124,2026/05/02 02:10:45.063, 1, GPU-e687c310-f91d-421a-4706-8e960a8458df, NVIDIA A100-SXM4-40GB, 37731, 40960, 25, 103.20, 34
nid001124,2026/05/02 02:10:45.065, 2, GPU-dfbfc0a1-5bdd-9a67-abb3-e6f3ac7d37b7, NVIDIA A100-SXM4-40GB, 37731, 40960, 11, 120.88, 37
nid001124,2026/05/02 02:10:45.067, 3, GPU-145799ee-88ab-a08b-a7c5-5e22d5beb30f, NVIDIA A100-SXM4-40GB, 37731, 40960, 34, 103.32, 33
nid001121,2026/05/02 02:10:48.198, 0, GPU-1142dc10-04e1-8104-b58f-6e9c4e3ad695, NVIDIA A100-SXM4-40GB, 37219, 40960, 25, 127.05, 37
nid001121,2026/05/02 02:10:48.201, 1, GPU-609dad44-ba7d-bab2-0915-e9b0b033ff14, NVIDIA A100-SXM4-40GB, 37017, 40960, 20, 107.44, 33
nid001121,2026/05/02 02:10:48.203, 2, GPU-aad97d9d-6ff8-bc8d-0481-0c3f454fa1c0, NVIDIA A100-SXM4-40GB, 37017, 40960, 25, 109.22, 34
nid001121,2026/05/02 02:10:48.205, 3, GPU-7d9c6827-58f4-451d-6e2f-de41351f3aa8, NVIDIA A100-SXM4-40GB, 37017, 40960, 24, 98.23, 32
nid001124,2026/05/02 02:10:49.315, 0, GPU-ea60c39f-8348-3f52-3b10-288cfb47cb68, NVIDIA A100-SXM4-40GB, 37737, 40960, 15, 104.73, 38
nid001124,2026/05/02 02:10:49.318, 1, GPU-e687c310-f91d-421a-4706-8e960a8458df, NVIDIA A100-SXM4-40GB, 37731, 40960, 27, 102.96, 34
nid001124,2026/05/02 02:10:49.320, 2, GPU-dfbfc0a1-5bdd-9a67-abb3-e6f3ac7d37b7, NVIDIA A100-SXM4-40GB, 37731, 40960, 19, 100.11, 36
nid001124,2026/05/02 02:10:49.321, 3, GPU-145799ee-88ab-a08b-a7c5-5e22d5beb30f, NVIDIA A100-SXM4-40GB, 37731, 40960, 25, 103.08, 33
nid001121,2026/05/02 02:10:52.496, 0, GPU-1142dc10-04e1-8104-b58f-6e9c4e3ad695, NVIDIA A100-SXM4-40GB, 37219, 40960, 10, 106.00, 36
nid001121,2026/05/02 02:10:52.499, 1, GPU-609dad44-ba7d-bab2-0915-e9b0b033ff14, NVIDIA A100-SXM4-40GB, 37017, 40960, 12, 105.87, 33
nid001121,2026/05/02 02:10:52.501, 2, GPU-aad97d9d-6ff8-bc8d-0481-0c3f454fa1c0, NVIDIA A100-SXM4-40GB, 37017, 40960, 4, 114.07, 34
nid001121,2026/05/02 02:10:52.503, 3, GPU-7d9c6827-58f4-451d-6e2f-de41351f3aa8, NVIDIA A100-SXM4-40GB, 37017, 40960, 4, 106.40, 32
nid001124,2026/05/02 02:10:53.738, 0, GPU-ea60c39f-8348-3f52-3b10-288cfb47cb68, NVIDIA A100-SXM4-40GB, 37737, 40960, 89, 220.72, 43
nid001124,2026/05/02 02:10:53.741, 1, GPU-e687c310-f91d-421a-4706-8e960a8458df, NVIDIA A100-SXM4-40GB, 37731, 40960, 94, 219.94, 38
nid001124,2026/05/02 02:10:53.743, 2, GPU-dfbfc0a1-5bdd-9a67-abb3-e6f3ac7d37b7, NVIDIA A100-SXM4-40GB, 37731, 40960, 87, 283.76, 41
nid001124,2026/05/02 02:10:53.745, 3, GPU-145799ee-88ab-a08b-a7c5-5e22d5beb30f, NVIDIA A100-SXM4-40GB, 37731, 40960, 86, 192.15, 36
nid001121,2026/05/02 02:10:57.058, 0, GPU-1142dc10-04e1-8104-b58f-6e9c4e3ad695, NVIDIA A100-SXM4-40GB, 37219, 40960, 9, 109.61, 37
nid001121,2026/05/02 02:10:57.064, 1, GPU-609dad44-ba7d-bab2-0915-e9b0b033ff14, NVIDIA A100-SXM4-40GB, 37017, 40960, 10, 105.87, 33
nid001121,2026/05/02 02:10:57.069, 2, GPU-aad97d9d-6ff8-bc8d-0481-0c3f454fa1c0, NVIDIA A100-SXM4-40GB, 37017, 40960, 8, 135.66, 34
nid001121,2026/05/02 02:10:57.075, 3, GPU-7d9c6827-58f4-451d-6e2f-de41351f3aa8, NVIDIA A100-SXM4-40GB, 37017, 40960, 7, 146.12, 32
nid001124,2026/05/02 02:10:58.280, 0, GPU-ea60c39f-8348-3f52-3b10-288cfb47cb68, NVIDIA A100-SXM4-40GB, 37737, 40960, 30, 106.25, 38
nid001124,2026/05/02 02:10:58.283, 1, GPU-e687c310-f91d-421a-4706-8e960a8458df, NVIDIA A100-SXM4-40GB, 37731, 40960, 0, 103.20, 34
nid001124,2026/05/02 02:10:58.285, 2, GPU-dfbfc0a1-5bdd-9a67-abb3-e6f3ac7d37b7, NVIDIA A100-SXM4-40GB, 37731, 40960, 1, 125.98, 37
nid001124,2026/05/02 02:10:58.287, 3, GPU-145799ee-88ab-a08b-a7c5-5e22d5beb30f, NVIDIA A100-SXM4-40GB, 37731, 40960, 22, 103.08, 33
nid001121,2026/05/02 02:11:01.572, 0, GPU-1142dc10-04e1-8104-b58f-6e9c4e3ad695, NVIDIA A100-SXM4-40GB, 37219, 40960, 6, 106.29, 36
nid001121,2026/05/02 02:11:01.579, 1, GPU-609dad44-ba7d-bab2-0915-e9b0b033ff14, NVIDIA A100-SXM4-40GB, 37017, 40960, 9, 105.87, 33
nid001121,2026/05/02 02:11:01.585, 2, GPU-aad97d9d-6ff8-bc8d-0481-0c3f454fa1c0, NVIDIA A100-SXM4-40GB, 37017, 40960, 14, 109.22, 34
nid001121,2026/05/02 02:11:01.591, 3, GPU-7d9c6827-58f4-451d-6e2f-de41351f3aa8, NVIDIA A100-SXM4-40GB, 37017, 40960, 4, 98.23, 32
nid001124,2026/05/02 02:11:02.839, 0, GPU-ea60c39f-8348-3f52-3b10-288cfb47cb68, NVIDIA A100-SXM4-40GB, 37737, 40960, 18, 173.98, 39
nid001124,2026/05/02 02:11:02.842, 1, GPU-e687c310-f91d-421a-4706-8e960a8458df, NVIDIA A100-SXM4-40GB, 37731, 40960, 28, 122.12, 34
nid001124,2026/05/02 02:11:02.844, 2, GPU-dfbfc0a1-5bdd-9a67-abb3-e6f3ac7d37b7, NVIDIA A100-SXM4-40GB, 37731, 40960, 52, 100.63, 37
nid001124,2026/05/02 02:11:02.846, 3, GPU-145799ee-88ab-a08b-a7c5-5e22d5beb30f, NVIDIA A100-SXM4-40GB, 37731, 40960, 32, 125.07, 33
nid001121,2026/05/02 02:11:06.330, 0, GPU-1142dc10-04e1-8104-b58f-6e9c4e3ad695, NVIDIA A100-SXM4-40GB, 37219, 40960, 15, 105.24, 36
nid001121,2026/05/02 02:11:06.333, 1, GPU-609dad44-ba7d-bab2-0915-e9b0b033ff14, NVIDIA A100-SXM4-40GB, 37017, 40960, 17, 165.97, 33
nid001121,2026/05/02 02:11:06.335, 2, GPU-aad97d9d-6ff8-bc8d-0481-0c3f454fa1c0, NVIDIA A100-SXM4-40GB, 37017, 40960, 4, 109.22, 35
nid001121,2026/05/02 02:11:06.337, 3, GPU-7d9c6827-58f4-451d-6e2f-de41351f3aa8, NVIDIA A100-SXM4-40GB, 37017, 40960, 7, 98.23, 32
nid001124,2026/05/02 02:11:07.779, 0, GPU-ea60c39f-8348-3f52-3b10-288cfb47cb68, NVIDIA A100-SXM4-40GB, 37737, 40960, 18, 112.16, 39
nid001124,2026/05/02 02:11:07.782, 1, GPU-e687c310-f91d-421a-4706-8e960a8458df, NVIDIA A100-SXM4-40GB, 37731, 40960, 16, 105.76, 35
nid001124,2026/05/02 02:11:07.784, 2, GPU-dfbfc0a1-5bdd-9a67-abb3-e6f3ac7d37b7, NVIDIA A100-SXM4-40GB, 37731, 40960, 11, 171.17, 37
nid001124,2026/05/02 02:11:07.787, 3, GPU-145799ee-88ab-a08b-a7c5-5e22d5beb30f, NVIDIA A100-SXM4-40GB, 37731, 40960, 14, 105.89, 33
nid001121,2026/05/02 02:11:11.031, 0, GPU-1142dc10-04e1-8104-b58f-6e9c4e3ad695, NVIDIA A100-SXM4-40GB, 37219, 40960, 26, 106.40, 36
nid001121,2026/05/02 02:11:11.034, 1, GPU-609dad44-ba7d-bab2-0915-e9b0b033ff14, NVIDIA A100-SXM4-40GB, 37017, 40960, 10, 106.16, 33
nid001121,2026/05/02 02:11:11.036, 2, GPU-aad97d9d-6ff8-bc8d-0481-0c3f454fa1c0, NVIDIA A100-SXM4-40GB, 37017, 40960, 23, 109.22, 34
nid001121,2026/05/02 02:11:11.037, 3, GPU-7d9c6827-58f4-451d-6e2f-de41351f3aa8, NVIDIA A100-SXM4-40GB, 37017, 40960, 4, 98.23, 32
nid001124,2026/05/02 02:11:12.364, 0, GPU-ea60c39f-8348-3f52-3b10-288cfb47cb68, NVIDIA A100-SXM4-40GB, 37737, 40960, 27, 105.49, 38
nid001124,2026/05/02 02:11:12.367, 1, GPU-e687c310-f91d-421a-4706-8e960a8458df, NVIDIA A100-SXM4-40GB, 37731, 40960, 18, 102.96, 34
nid001124,2026/05/02 02:11:12.369, 2, GPU-dfbfc0a1-5bdd-9a67-abb3-e6f3ac7d37b7, NVIDIA A100-SXM4-40GB, 37731, 40960, 30, 100.51, 36
nid001124,2026/05/02 02:11:12.371, 3, GPU-145799ee-88ab-a08b-a7c5-5e22d5beb30f, NVIDIA A100-SXM4-40GB, 37731, 40960, 19, 106.65, 33
nid001121,2026/05/02 02:11:15.598, 0, GPU-1142dc10-04e1-8104-b58f-6e9c4e3ad695, NVIDIA A100-SXM4-40GB, 37219, 40960, 38, 106.00, 36
nid001121,2026/05/02 02:11:15.601, 1, GPU-609dad44-ba7d-bab2-0915-e9b0b033ff14, NVIDIA A100-SXM4-40GB, 37017, 40960, 12, 105.87, 33
nid001121,2026/05/02 02:11:15.603, 2, GPU-aad97d9d-6ff8-bc8d-0481-0c3f454fa1c0, NVIDIA A100-SXM4-40GB, 37017, 40960, 26, 109.22, 34
nid001121,2026/05/02 02:11:15.604, 3, GPU-7d9c6827-58f4-451d-6e2f-de41351f3aa8, NVIDIA A100-SXM4-40GB, 37017, 40960, 12, 98.23, 32
nid001124,2026/05/02 02:11:16.813, 0, GPU-ea60c39f-8348-3f52-3b10-288cfb47cb68, NVIDIA A100-SXM4-40GB, 37737, 40960, 14, 104.73, 38
nid001124,2026/05/02 02:11:16.816, 1, GPU-e687c310-f91d-421a-4706-8e960a8458df, NVIDIA A100-SXM4-40GB, 37731, 40960, 4, 102.96, 34
nid001124,2026/05/02 02:11:16.817, 2, GPU-dfbfc0a1-5bdd-9a67-abb3-e6f3ac7d37b7, NVIDIA A100-SXM4-40GB, 37731, 40960, 0, 100.11, 36
nid001124,2026/05/02 02:11:16.819, 3, GPU-145799ee-88ab-a08b-a7c5-5e22d5beb30f, NVIDIA A100-SXM4-40GB, 37731, 40960, 31, 103.08, 33
nid001121,2026/05/02 02:11:20.187, 0, GPU-1142dc10-04e1-8104-b58f-6e9c4e3ad695, NVIDIA A100-SXM4-40GB, 37219, 40960, 6, 106.64, 37
nid001121,2026/05/02 02:11:20.194, 1, GPU-609dad44-ba7d-bab2-0915-e9b0b033ff14, NVIDIA A100-SXM4-40GB, 37017, 40960, 9, 105.87, 33
nid001121,2026/05/02 02:11:20.200, 2, GPU-aad97d9d-6ff8-bc8d-0481-0c3f454fa1c0, NVIDIA A100-SXM4-40GB, 37017, 40960, 4, 136.42, 34
nid001121,2026/05/02 02:11:20.204, 3, GPU-7d9c6827-58f4-451d-6e2f-de41351f3aa8, NVIDIA A100-SXM4-40GB, 37017, 40960, 8, 122.82, 32
nid001124,2026/05/02 02:11:21.764, 0, GPU-ea60c39f-8348-3f52-3b10-288cfb47cb68, NVIDIA A100-SXM4-40GB, 37737, 40960, 46, 106.25, 38
nid001124,2026/05/02 02:11:21.767, 1, GPU-e687c310-f91d-421a-4706-8e960a8458df, NVIDIA A100-SXM4-40GB, 37731, 40960, 33, 103.96, 34
nid001124,2026/05/02 02:11:21.769, 2, GPU-dfbfc0a1-5bdd-9a67-abb3-e6f3ac7d37b7, NVIDIA A100-SXM4-40GB, 37731, 40960, 11, 170.65, 37
nid001124,2026/05/02 02:11:21.773, 3, GPU-145799ee-88ab-a08b-a7c5-5e22d5beb30f, NVIDIA A100-SXM4-40GB, 37731, 40960, 15, 104.37, 33
nid001121,2026/05/02 02:11:25.134, 0, GPU-1142dc10-04e1-8104-b58f-6e9c4e3ad695, NVIDIA A100-SXM4-40GB, 37219, 40960, 17, 106.29, 36
nid001121,2026/05/02 02:11:25.137, 1, GPU-609dad44-ba7d-bab2-0915-e9b0b033ff14, NVIDIA A100-SXM4-40GB, 37017, 40960, 4, 105.87, 33
nid001121,2026/05/02 02:11:25.138, 2, GPU-aad97d9d-6ff8-bc8d-0481-0c3f454fa1c0, NVIDIA A100-SXM4-40GB, 37017, 40960, 19, 109.22, 34
nid001121,2026/05/02 02:11:25.140, 3, GPU-7d9c6827-58f4-451d-6e2f-de41351f3aa8, NVIDIA A100-SXM4-40GB, 37017, 40960, 27, 98.23, 32
nid001124,2026/05/02 02:11:26.640, 0, GPU-ea60c39f-8348-3f52-3b10-288cfb47cb68, NVIDIA A100-SXM4-40GB, 37737, 40960, 16, 112.69, 38
nid001124,2026/05/02 02:11:26.643, 1, GPU-e687c310-f91d-421a-4706-8e960a8458df, NVIDIA A100-SXM4-40GB, 37731, 40960, 3, 109.61, 34
nid001124,2026/05/02 02:11:26.645, 2, GPU-dfbfc0a1-5bdd-9a67-abb3-e6f3ac7d37b7, NVIDIA A100-SXM4-40GB, 37731, 40960, 11, 100.51, 36
nid001124,2026/05/02 02:11:26.646, 3, GPU-145799ee-88ab-a08b-a7c5-5e22d5beb30f, NVIDIA A100-SXM4-40GB, 37731, 40960, 12, 103.08, 33
nid001121,2026/05/02 02:11:30.075, 0, GPU-1142dc10-04e1-8104-b58f-6e9c4e3ad695, NVIDIA A100-SXM4-40GB, 37219, 40960, 0, 105.76, 36
nid001121,2026/05/02 02:11:30.078, 1, GPU-609dad44-ba7d-bab2-0915-e9b0b033ff14, NVIDIA A100-SXM4-40GB, 37017, 40960, 0, 106.16, 33
nid001121,2026/05/02 02:11:30.082, 2, GPU-aad97d9d-6ff8-bc8d-0481-0c3f454fa1c0, NVIDIA A100-SXM4-40GB, 37017, 40960, 0, 109.22, 34
nid001121,2026/05/02 02:11:30.084, 3, GPU-7d9c6827-58f4-451d-6e2f-de41351f3aa8, NVIDIA A100-SXM4-40GB, 37017, 40960, 0, 133.90, 32
nid001124,2026/05/02 02:11:31.484, 0, GPU-ea60c39f-8348-3f52-3b10-288cfb47cb68, NVIDIA A100-SXM4-40GB, 37737, 40960, 18, 105.78, 38
nid001124,2026/05/02 02:11:31.487, 1, GPU-e687c310-f91d-421a-4706-8e960a8458df, NVIDIA A100-SXM4-40GB, 37731, 40960, 21, 103.48, 34
nid001124,2026/05/02 02:11:31.489, 2, GPU-dfbfc0a1-5bdd-9a67-abb3-e6f3ac7d37b7, NVIDIA A100-SXM4-40GB, 37731, 40960, 5, 100.39, 36
nid001124,2026/05/02 02:11:31.492, 3, GPU-145799ee-88ab-a08b-a7c5-5e22d5beb30f, NVIDIA A100-SXM4-40GB, 37731, 40960, 27, 103.60, 33
nid001121,2026/05/02 02:11:34.738, 0, GPU-1142dc10-04e1-8104-b58f-6e9c4e3ad695, NVIDIA A100-SXM4-40GB, 37219, 40960, 4, 105.24, 36
nid001121,2026/05/02 02:11:34.741, 1, GPU-609dad44-ba7d-bab2-0915-e9b0b033ff14, NVIDIA A100-SXM4-40GB, 37017, 40960, 6, 125.67, 33
nid001121,2026/05/02 02:11:34.743, 2, GPU-aad97d9d-6ff8-bc8d-0481-0c3f454fa1c0, NVIDIA A100-SXM4-40GB, 37017, 40960, 14, 109.22, 34
nid001121,2026/05/02 02:11:34.744, 3, GPU-7d9c6827-58f4-451d-6e2f-de41351f3aa8, NVIDIA A100-SXM4-40GB, 37017, 40960, 12, 98.12, 32
nid001124,2026/05/02 02:11:35.978, 0, GPU-ea60c39f-8348-3f52-3b10-288cfb47cb68, NVIDIA A100-SXM4-40GB, 37737, 40960, 35, 105.37, 38
nid001124,2026/05/02 02:11:35.982, 1, GPU-e687c310-f91d-421a-4706-8e960a8458df, NVIDIA A100-SXM4-40GB, 37731, 40960, 37, 102.84, 34
nid001124,2026/05/02 02:11:35.983, 2, GPU-dfbfc0a1-5bdd-9a67-abb3-e6f3ac7d37b7, NVIDIA A100-SXM4-40GB, 37731, 40960, 38, 100.39, 36
nid001124,2026/05/02 02:11:35.985, 3, GPU-145799ee-88ab-a08b-a7c5-5e22d5beb30f, NVIDIA A100-SXM4-40GB, 37731, 40960, 28, 107.41, 33
nid001121,2026/05/02 02:11:39.044, 0, GPU-1142dc10-04e1-8104-b58f-6e9c4e3ad695, NVIDIA A100-SXM4-40GB, 37219, 40960, 26, 105.12, 36
nid001121,2026/05/02 02:11:39.048, 1, GPU-609dad44-ba7d-bab2-0915-e9b0b033ff14, NVIDIA A100-SXM4-40GB, 37017, 40960, 7, 105.87, 33
nid001121,2026/05/02 02:11:39.049, 2, GPU-aad97d9d-6ff8-bc8d-0481-0c3f454fa1c0, NVIDIA A100-SXM4-40GB, 37017, 40960, 17, 109.22, 34
nid001121,2026/05/02 02:11:39.051, 3, GPU-7d9c6827-58f4-451d-6e2f-de41351f3aa8, NVIDIA A100-SXM4-40GB, 37017, 40960, 22, 98.00, 32
nid001124,2026/05/02 02:11:40.206, 0, GPU-ea60c39f-8348-3f52-3b10-288cfb47cb68, NVIDIA A100-SXM4-40GB, 37737, 40960, 25, 105.78, 38
nid001124,2026/05/02 02:11:40.209, 1, GPU-e687c310-f91d-421a-4706-8e960a8458df, NVIDIA A100-SXM4-40GB, 37731, 40960, 6, 102.96, 34
nid001124,2026/05/02 02:11:40.211, 2, GPU-dfbfc0a1-5bdd-9a67-abb3-e6f3ac7d37b7, NVIDIA A100-SXM4-40GB, 37731, 40960, 9, 100.11, 36
nid001124,2026/05/02 02:11:40.212, 3, GPU-145799ee-88ab-a08b-a7c5-5e22d5beb30f, NVIDIA A100-SXM4-40GB, 37731, 40960, 8, 103.08, 33
nid001121,2026/05/02 02:11:43.292, 0, GPU-1142dc10-04e1-8104-b58f-6e9c4e3ad695, NVIDIA A100-SXM4-40GB, 37219, 40960, 17, 105.76, 37
nid001121,2026/05/02 02:11:43.295, 1, GPU-609dad44-ba7d-bab2-0915-e9b0b033ff14, NVIDIA A100-SXM4-40GB, 37017, 40960, 6, 106.40, 33
nid001121,2026/05/02 02:11:43.297, 2, GPU-aad97d9d-6ff8-bc8d-0481-0c3f454fa1c0, NVIDIA A100-SXM4-40GB, 37017, 40960, 9, 109.22, 34
nid001121,2026/05/02 02:11:43.299, 3, GPU-7d9c6827-58f4-451d-6e2f-de41351f3aa8, NVIDIA A100-SXM4-40GB, 37017, 40960, 9, 158.11, 32
nid001124,2026/05/02 02:11:44.355, 0, GPU-ea60c39f-8348-3f52-3b10-288cfb47cb68, NVIDIA A100-SXM4-40GB, 37737, 40960, 13, 105.78, 38
nid001124,2026/05/02 02:11:44.358, 1, GPU-e687c310-f91d-421a-4706-8e960a8458df, NVIDIA A100-SXM4-40GB, 37731, 40960, 17, 102.96, 34
nid001124,2026/05/02 02:11:44.368, 2, GPU-dfbfc0a1-5bdd-9a67-abb3-e6f3ac7d37b7, NVIDIA A100-SXM4-40GB, 37731, 40960, 11, 100.11, 36
nid001124,2026/05/02 02:11:44.370, 3, GPU-145799ee-88ab-a08b-a7c5-5e22d5beb30f, NVIDIA A100-SXM4-40GB, 37731, 40960, 28, 103.08, 33
nid001121,2026/05/02 02:11:47.463, 0, GPU-1142dc10-04e1-8104-b58f-6e9c4e3ad695, NVIDIA A100-SXM4-40GB, 37219, 40960, 10, 173.60, 36
nid001121,2026/05/02 02:11:47.466, 1, GPU-609dad44-ba7d-bab2-0915-e9b0b033ff14, NVIDIA A100-SXM4-40GB, 37017, 40960, 0, 185.81, 33
nid001121,2026/05/02 02:11:47.467, 2, GPU-aad97d9d-6ff8-bc8d-0481-0c3f454fa1c0, NVIDIA A100-SXM4-40GB, 37017, 40960, 0, 109.22, 35
nid001121,2026/05/02 02:11:47.469, 3, GPU-7d9c6827-58f4-451d-6e2f-de41351f3aa8, NVIDIA A100-SXM4-40GB, 37017, 40960, 0, 102.08, 32
nid001124,2026/05/02 02:11:48.429, 0, GPU-ea60c39f-8348-3f52-3b10-288cfb47cb68, NVIDIA A100-SXM4-40GB, 37737, 40960, 1, 139.92, 39
nid001124,2026/05/02 02:11:48.433, 1, GPU-e687c310-f91d-421a-4706-8e960a8458df, NVIDIA A100-SXM4-40GB, 37731, 40960, 14, 140.11, 35
nid001124,2026/05/02 02:11:48.435, 2, GPU-dfbfc0a1-5bdd-9a67-abb3-e6f3ac7d37b7, NVIDIA A100-SXM4-40GB, 37731, 40960, 37, 101.92, 36
nid001124,2026/05/02 02:11:48.436, 3, GPU-145799ee-88ab-a08b-a7c5-5e22d5beb30f, NVIDIA A100-SXM4-40GB, 37731, 40960, 31, 163.04, 33
nid001121,2026/05/02 02:11:51.560, 0, GPU-1142dc10-04e1-8104-b58f-6e9c4e3ad695, NVIDIA A100-SXM4-40GB, 37219, 40960, 4, 105.24, 36
nid001121,2026/05/02 02:11:51.564, 1, GPU-609dad44-ba7d-bab2-0915-e9b0b033ff14, NVIDIA A100-SXM4-40GB, 37017, 40960, 6, 113.81, 33
nid001121,2026/05/02 02:11:51.565, 2, GPU-aad97d9d-6ff8-bc8d-0481-0c3f454fa1c0, NVIDIA A100-SXM4-40GB, 37017, 40960, 12, 122.35, 34
nid001121,2026/05/02 02:11:51.567, 3, GPU-7d9c6827-58f4-451d-6e2f-de41351f3aa8, NVIDIA A100-SXM4-40GB, 37017, 40960, 10, 98.23, 32
nid001124,2026/05/02 02:11:52.546, 0, GPU-ea60c39f-8348-3f52-3b10-288cfb47cb68, NVIDIA A100-SXM4-40GB, 37737, 40960, 21, 105.78, 38
nid001124,2026/05/02 02:11:52.549, 1, GPU-e687c310-f91d-421a-4706-8e960a8458df, NVIDIA A100-SXM4-40GB, 37731, 40960, 14, 103.20, 34
nid001124,2026/05/02 02:11:52.551, 2, GPU-dfbfc0a1-5bdd-9a67-abb3-e6f3ac7d37b7, NVIDIA A100-SXM4-40GB, 37731, 40960, 32, 100.39, 36
nid001124,2026/05/02 02:11:52.552, 3, GPU-145799ee-88ab-a08b-a7c5-5e22d5beb30f, NVIDIA A100-SXM4-40GB, 37731, 40960, 13, 103.08, 33
nid001121,2026/05/02 02:11:55.590, 0, GPU-1142dc10-04e1-8104-b58f-6e9c4e3ad695, NVIDIA A100-SXM4-40GB, 37219, 40960, 14, 106.40, 37
nid001121,2026/05/02 02:11:55.593, 1, GPU-609dad44-ba7d-bab2-0915-e9b0b033ff14, NVIDIA A100-SXM4-40GB, 37017, 40960, 10, 108.20, 33
nid001121,2026/05/02 02:11:55.594, 2, GPU-aad97d9d-6ff8-bc8d-0481-0c3f454fa1c0, NVIDIA A100-SXM4-40GB, 37017, 40960, 10, 109.46, 34
nid001121,2026/05/02 02:11:55.596, 3, GPU-7d9c6827-58f4-451d-6e2f-de41351f3aa8, NVIDIA A100-SXM4-40GB, 37017, 40960, 10, 98.23, 32
nid001124,2026/05/02 02:11:56.582, 0, GPU-ea60c39f-8348-3f52-3b10-288cfb47cb68, NVIDIA A100-SXM4-40GB, 37737, 40960, 19, 107.83, 39
nid001124,2026/05/02 02:11:56.585, 1, GPU-e687c310-f91d-421a-4706-8e960a8458df, NVIDIA A100-SXM4-40GB, 37731, 40960, 8, 106.29, 34
nid001124,2026/05/02 02:11:56.587, 2, GPU-dfbfc0a1-5bdd-9a67-abb3-e6f3ac7d37b7, NVIDIA A100-SXM4-40GB, 37731, 40960, 38, 100.22, 37
nid001124,2026/05/02 02:11:56.588, 3, GPU-145799ee-88ab-a08b-a7c5-5e22d5beb30f, NVIDIA A100-SXM4-40GB, 37731, 40960, 36, 114.07, 33
nid001121,2026/05/02 02:11:59.610, 0, GPU-1142dc10-04e1-8104-b58f-6e9c4e3ad695, NVIDIA A100-SXM4-40GB, 37219, 40960, 12, 120.69, 37
nid001121,2026/05/02 02:11:59.613, 1, GPU-609dad44-ba7d-bab2-0915-e9b0b033ff14, NVIDIA A100-SXM4-40GB, 37017, 40960, 14, 105.87, 33
nid001121,2026/05/02 02:11:59.614, 2, GPU-aad97d9d-6ff8-bc8d-0481-0c3f454fa1c0, NVIDIA A100-SXM4-40GB, 37017, 40960, 12, 112.26, 34
nid001121,2026/05/02 02:11:59.616, 3, GPU-7d9c6827-58f4-451d-6e2f-de41351f3aa8, NVIDIA A100-SXM4-40GB, 37017, 40960, 23, 99.51, 32
nid001124,2026/05/02 02:12:00.601, 0, GPU-ea60c39f-8348-3f52-3b10-288cfb47cb68, NVIDIA A100-SXM4-40GB, 37737, 40960, 16, 107.30, 38
nid001124,2026/05/02 02:12:00.609, 1, GPU-e687c310-f91d-421a-4706-8e960a8458df, NVIDIA A100-SXM4-40GB, 37731, 40960, 31, 105.53, 34
nid001124,2026/05/02 02:12:00.612, 2, GPU-dfbfc0a1-5bdd-9a67-abb3-e6f3ac7d37b7, NVIDIA A100-SXM4-40GB, 37731, 40960, 48, 100.51, 36
nid001124,2026/05/02 02:12:00.614, 3, GPU-145799ee-88ab-a08b-a7c5-5e22d5beb30f, NVIDIA A100-SXM4-40GB, 37731, 40960, 24, 103.32, 33
nid001121,2026/05/02 02:12:03.685, 0, GPU-1142dc10-04e1-8104-b58f-6e9c4e3ad695, NVIDIA A100-SXM4-40GB, 37219, 40960, 0, 181.27, 37
nid001121,2026/05/02 02:12:03.688, 1, GPU-609dad44-ba7d-bab2-0915-e9b0b033ff14, NVIDIA A100-SXM4-40GB, 37017, 40960, 0, 111.01, 33
nid001121,2026/05/02 02:12:03.695, 2, GPU-aad97d9d-6ff8-bc8d-0481-0c3f454fa1c0, NVIDIA A100-SXM4-40GB, 37017, 40960, 0, 125.59, 34
nid001121,2026/05/02 02:12:03.697, 3, GPU-7d9c6827-58f4-451d-6e2f-de41351f3aa8, NVIDIA A100-SXM4-40GB, 37017, 40960, 33, 103.60, 32
nid001124,2026/05/02 02:12:04.744, 0, GPU-ea60c39f-8348-3f52-3b10-288cfb47cb68, NVIDIA A100-SXM4-40GB, 37737, 40960, 0, 104.96, 38
nid001124,2026/05/02 02:12:04.747, 1, GPU-e687c310-f91d-421a-4706-8e960a8458df, NVIDIA A100-SXM4-40GB, 37731, 40960, 0, 102.96, 34
nid001124,2026/05/02 02:12:04.749, 2, GPU-dfbfc0a1-5bdd-9a67-abb3-e6f3ac7d37b7, NVIDIA A100-SXM4-40GB, 37731, 40960, 0, 100.11, 37
nid001124,2026/05/02 02:12:04.750, 3, GPU-145799ee-88ab-a08b-a7c5-5e22d5beb30f, NVIDIA A100-SXM4-40GB, 37731, 40960, 1, 180.13, 33
nid001121,2026/05/02 02:12:07.968, 0, GPU-1142dc10-04e1-8104-b58f-6e9c4e3ad695, NVIDIA A100-SXM4-40GB, 37219, 40960, 25, 105.00, 36
nid001121,2026/05/02 02:12:07.971, 1, GPU-609dad44-ba7d-bab2-0915-e9b0b033ff14, NVIDIA A100-SXM4-40GB, 37017, 40960, 4, 108.20, 33
nid001121,2026/05/02 02:12:07.973, 2, GPU-aad97d9d-6ff8-bc8d-0481-0c3f454fa1c0, NVIDIA A100-SXM4-40GB, 37017, 40960, 21, 109.46, 34
nid001121,2026/05/02 02:12:07.974, 3, GPU-7d9c6827-58f4-451d-6e2f-de41351f3aa8, NVIDIA A100-SXM4-40GB, 37017, 40960, 25, 98.23, 32
nid001124,2026/05/02 02:12:09.254, 0, GPU-ea60c39f-8348-3f52-3b10-288cfb47cb68, NVIDIA A100-SXM4-40GB, 37737, 40960, 7, 105.49, 38
nid001124,2026/05/02 02:12:09.257, 1, GPU-e687c310-f91d-421a-4706-8e960a8458df, NVIDIA A100-SXM4-40GB, 37731, 40960, 27, 110.09, 34
nid001124,2026/05/02 02:12:09.259, 2, GPU-dfbfc0a1-5bdd-9a67-abb3-e6f3ac7d37b7, NVIDIA A100-SXM4-40GB, 37731, 40960, 22, 100.39, 36
nid001124,2026/05/02 02:12:09.261, 3, GPU-145799ee-88ab-a08b-a7c5-5e22d5beb30f, NVIDIA A100-SXM4-40GB, 37731, 40960, 51, 103.21, 33
nid001121,2026/05/02 02:12:12.414, 0, GPU-1142dc10-04e1-8104-b58f-6e9c4e3ad695, NVIDIA A100-SXM4-40GB, 37219, 40960, 17, 107.05, 36
nid001121,2026/05/02 02:12:12.417, 1, GPU-609dad44-ba7d-bab2-0915-e9b0b033ff14, NVIDIA A100-SXM4-40GB, 37017, 40960, 15, 105.87, 33
nid001121,2026/05/02 02:12:12.419, 2, GPU-aad97d9d-6ff8-bc8d-0481-0c3f454fa1c0, NVIDIA A100-SXM4-40GB, 37017, 40960, 12, 109.99, 34
nid001121,2026/05/02 02:12:12.421, 3, GPU-7d9c6827-58f4-451d-6e2f-de41351f3aa8, NVIDIA A100-SXM4-40GB, 37017, 40960, 9, 98.23, 32
nid001124,2026/05/02 02:12:13.729, 0, GPU-ea60c39f-8348-3f52-3b10-288cfb47cb68, NVIDIA A100-SXM4-40GB, 37737, 40960, 8, 148.86, 38
nid001124,2026/05/02 02:12:13.732, 1, GPU-e687c310-f91d-421a-4706-8e960a8458df, NVIDIA A100-SXM4-40GB, 37731, 40960, 18, 102.96, 34
nid001124,2026/05/02 02:12:13.734, 2, GPU-dfbfc0a1-5bdd-9a67-abb3-e6f3ac7d37b7, NVIDIA A100-SXM4-40GB, 37731, 40960, 7, 100.22, 36
nid001124,2026/05/02 02:12:13.736, 3, GPU-145799ee-88ab-a08b-a7c5-5e22d5beb30f, NVIDIA A100-SXM4-40GB, 37731, 40960, 35, 103.32, 33
nid001121,2026/05/02 02:12:16.923, 0, GPU-1142dc10-04e1-8104-b58f-6e9c4e3ad695, NVIDIA A100-SXM4-40GB, 37219, 40960, 7, 105.00, 36
nid001121,2026/05/02 02:12:16.926, 1, GPU-609dad44-ba7d-bab2-0915-e9b0b033ff14, NVIDIA A100-SXM4-40GB, 37017, 40960, 9, 105.87, 33
nid001121,2026/05/02 02:12:16.927, 2, GPU-aad97d9d-6ff8-bc8d-0481-0c3f454fa1c0, NVIDIA A100-SXM4-40GB, 37017, 40960, 9, 109.22, 35
nid001121,2026/05/02 02:12:16.929, 3, GPU-7d9c6827-58f4-451d-6e2f-de41351f3aa8, NVIDIA A100-SXM4-40GB, 37017, 40960, 4, 164.45, 32
nid001124,2026/05/02 02:12:18.197, 0, GPU-ea60c39f-8348-3f52-3b10-288cfb47cb68, NVIDIA A100-SXM4-40GB, 37737, 40960, 11, 106.54, 38
nid001124,2026/05/02 02:12:18.200, 1, GPU-e687c310-f91d-421a-4706-8e960a8458df, NVIDIA A100-SXM4-40GB, 37731, 40960, 53, 106.53, 34
nid001124,2026/05/02 02:12:18.201, 2, GPU-dfbfc0a1-5bdd-9a67-abb3-e6f3ac7d37b7, NVIDIA A100-SXM4-40GB, 37731, 40960, 27, 100.51, 36
nid001124,2026/05/02 02:12:18.205, 3, GPU-145799ee-88ab-a08b-a7c5-5e22d5beb30f, NVIDIA A100-SXM4-40GB, 37731, 40960, 23, 111.79, 33
nid001121,2026/05/02 02:12:21.272, 0, GPU-1142dc10-04e1-8104-b58f-6e9c4e3ad695, NVIDIA A100-SXM4-40GB, 37219, 40960, 7, 168.72, 36
nid001121,2026/05/02 02:12:21.283, 1, GPU-609dad44-ba7d-bab2-0915-e9b0b033ff14, NVIDIA A100-SXM4-40GB, 37017, 40960, 16, 105.87, 33
nid001121,2026/05/02 02:12:21.289, 2, GPU-aad97d9d-6ff8-bc8d-0481-0c3f454fa1c0, NVIDIA A100-SXM4-40GB, 37017, 40960, 4, 182.98, 35
nid001121,2026/05/02 02:12:21.294, 3, GPU-7d9c6827-58f4-451d-6e2f-de41351f3aa8, NVIDIA A100-SXM4-40GB, 37017, 40960, 3, 98.23, 32
nid001124,2026/05/02 02:12:22.550, 0, GPU-ea60c39f-8348-3f52-3b10-288cfb47cb68, NVIDIA A100-SXM4-40GB, 37737, 40960, 70, 104.96, 38
nid001124,2026/05/02 02:12:22.553, 1, GPU-e687c310-f91d-421a-4706-8e960a8458df, NVIDIA A100-SXM4-40GB, 37731, 40960, 34, 104.24, 34
nid001124,2026/05/02 02:12:22.555, 2, GPU-dfbfc0a1-5bdd-9a67-abb3-e6f3ac7d37b7, NVIDIA A100-SXM4-40GB, 37731, 40960, 44, 100.22, 36
nid001124,2026/05/02 02:12:22.558, 3, GPU-145799ee-88ab-a08b-a7c5-5e22d5beb30f, NVIDIA A100-SXM4-40GB, 37731, 40960, 40, 103.08, 33
nid001121,2026/05/02 02:12:25.655, 0, GPU-1142dc10-04e1-8104-b58f-6e9c4e3ad695, NVIDIA A100-SXM4-40GB, 37219, 40960, 20, 105.00, 37
nid001121,2026/05/02 02:12:25.658, 1, GPU-609dad44-ba7d-bab2-0915-e9b0b033ff14, NVIDIA A100-SXM4-40GB, 37017, 40960, 11, 109.20, 33
nid001121,2026/05/02 02:12:25.660, 2, GPU-aad97d9d-6ff8-bc8d-0481-0c3f454fa1c0, NVIDIA A100-SXM4-40GB, 37017, 40960, 6, 109.22, 35
nid001121,2026/05/02 02:12:25.662, 3, GPU-7d9c6827-58f4-451d-6e2f-de41351f3aa8, NVIDIA A100-SXM4-40GB, 37017, 40960, 15, 98.23, 32
nid001124,2026/05/02 02:12:26.771, 0, GPU-ea60c39f-8348-3f52-3b10-288cfb47cb68, NVIDIA A100-SXM4-40GB, 37737, 40960, 40, 105.78, 39
nid001124,2026/05/02 02:12:26.774, 1, GPU-e687c310-f91d-421a-4706-8e960a8458df, NVIDIA A100-SXM4-40GB, 37731, 40960, 28, 111.89, 34
nid001124,2026/05/02 02:12:26.775, 2, GPU-dfbfc0a1-5bdd-9a67-abb3-e6f3ac7d37b7, NVIDIA A100-SXM4-40GB, 37731, 40960, 30, 104.21, 36
nid001124,2026/05/02 02:12:26.777, 3, GPU-145799ee-88ab-a08b-a7c5-5e22d5beb30f, NVIDIA A100-SXM4-40GB, 37731, 40960, 26, 103.32, 33
nid001121,2026/05/02 02:12:29.814, 0, GPU-1142dc10-04e1-8104-b58f-6e9c4e3ad695, NVIDIA A100-SXM4-40GB, 37219, 40960, 15, 107.57, 37
nid001121,2026/05/02 02:12:29.817, 1, GPU-609dad44-ba7d-bab2-0915-e9b0b033ff14, NVIDIA A100-SXM4-40GB, 37017, 40960, 9, 105.87, 33
nid001121,2026/05/02 02:12:29.818, 2, GPU-aad97d9d-6ff8-bc8d-0481-0c3f454fa1c0, NVIDIA A100-SXM4-40GB, 37017, 40960, 4, 111.51, 35
nid001121,2026/05/02 02:12:29.820, 3, GPU-7d9c6827-58f4-451d-6e2f-de41351f3aa8, NVIDIA A100-SXM4-40GB, 37017, 40960, 13, 128.94, 32
nid001124,2026/05/02 02:12:30.978, 0, GPU-ea60c39f-8348-3f52-3b10-288cfb47cb68, NVIDIA A100-SXM4-40GB, 37737, 40960, 19, 105.78, 39
nid001124,2026/05/02 02:12:30.981, 1, GPU-e687c310-f91d-421a-4706-8e960a8458df, NVIDIA A100-SXM4-40GB, 37731, 40960, 55, 103.48, 34
nid001124,2026/05/02 02:12:30.983, 2, GPU-dfbfc0a1-5bdd-9a67-abb3-e6f3ac7d37b7, NVIDIA A100-SXM4-40GB, 37731, 40960, 6, 112.69, 36
nid001124,2026/05/02 02:12:30.984, 3, GPU-145799ee-88ab-a08b-a7c5-5e22d5beb30f, NVIDIA A100-SXM4-40GB, 37731, 40960, 14, 103.60, 33
nid001121,2026/05/02 02:12:34.046, 0, GPU-1142dc10-04e1-8104-b58f-6e9c4e3ad695, NVIDIA A100-SXM4-40GB, 37219, 40960, 10, 105.53, 36
nid001121,2026/05/02 02:12:34.049, 1, GPU-609dad44-ba7d-bab2-0915-e9b0b033ff14, NVIDIA A100-SXM4-40GB, 37017, 40960, 15, 106.40, 33
nid001121,2026/05/02 02:12:34.051, 2, GPU-aad97d9d-6ff8-bc8d-0481-0c3f454fa1c0, NVIDIA A100-SXM4-40GB, 37017, 40960, 13, 109.22, 34
nid001121,2026/05/02 02:12:34.052, 3, GPU-7d9c6827-58f4-451d-6e2f-de41351f3aa8, NVIDIA A100-SXM4-40GB, 37017, 40960, 9, 127.43, 32
nid001124,2026/05/02 02:12:35.156, 0, GPU-ea60c39f-8348-3f52-3b10-288cfb47cb68, NVIDIA A100-SXM4-40GB, 37737, 40960, 0, 105.25, 38
nid001124,2026/05/02 02:12:35.159, 1, GPU-e687c310-f91d-421a-4706-8e960a8458df, NVIDIA A100-SXM4-40GB, 37731, 40960, 5, 106.00, 34
nid001124,2026/05/02 02:12:35.161, 2, GPU-dfbfc0a1-5bdd-9a67-abb3-e6f3ac7d37b7, NVIDIA A100-SXM4-40GB, 37731, 40960, 15, 100.39, 37
nid001124,2026/05/02 02:12:35.163, 3, GPU-145799ee-88ab-a08b-a7c5-5e22d5beb30f, NVIDIA A100-SXM4-40GB, 37731, 40960, 1, 139.99, 33
nid001121,2026/05/02 02:12:38.151, 0, GPU-1142dc10-04e1-8104-b58f-6e9c4e3ad695, NVIDIA A100-SXM4-40GB, 37219, 40960, 31, 107.05, 36
nid001121,2026/05/02 02:12:38.154, 1, GPU-609dad44-ba7d-bab2-0915-e9b0b033ff14, NVIDIA A100-SXM4-40GB, 37017, 40960, 22, 105.87, 33
nid001121,2026/05/02 02:12:38.155, 2, GPU-aad97d9d-6ff8-bc8d-0481-0c3f454fa1c0, NVIDIA A100-SXM4-40GB, 37017, 40960, 24, 112.03, 34
nid001121,2026/05/02 02:12:38.157, 3, GPU-7d9c6827-58f4-451d-6e2f-de41351f3aa8, NVIDIA A100-SXM4-40GB, 37017, 40960, 13, 98.47, 32
nid001124,2026/05/02 02:12:39.193, 0, GPU-ea60c39f-8348-3f52-3b10-288cfb47cb68, NVIDIA A100-SXM4-40GB, 37737, 40960, 4, 165.27, 38
nid001124,2026/05/02 02:12:39.196, 1, GPU-e687c310-f91d-421a-4706-8e960a8458df, NVIDIA A100-SXM4-40GB, 37731, 40960, 7, 103.48, 34
nid001124,2026/05/02 02:12:39.197, 2, GPU-dfbfc0a1-5bdd-9a67-abb3-e6f3ac7d37b7, NVIDIA A100-SXM4-40GB, 37731, 40960, 27, 100.63, 37
nid001124,2026/05/02 02:12:39.199, 3, GPU-145799ee-88ab-a08b-a7c5-5e22d5beb30f, NVIDIA A100-SXM4-40GB, 37731, 40960, 36, 103.08, 33
nid001121,2026/05/02 02:12:42.268, 0, GPU-1142dc10-04e1-8104-b58f-6e9c4e3ad695, NVIDIA A100-SXM4-40GB, 37219, 40960, 12, 106.92, 37
nid001121,2026/05/02 02:12:42.276, 1, GPU-609dad44-ba7d-bab2-0915-e9b0b033ff14, NVIDIA A100-SXM4-40GB, 37017, 40960, 11, 117.65, 33
nid001121,2026/05/02 02:12:42.281, 2, GPU-aad97d9d-6ff8-bc8d-0481-0c3f454fa1c0, NVIDIA A100-SXM4-40GB, 37017, 40960, 19, 113.31, 34
nid001121,2026/05/02 02:12:42.289, 3, GPU-7d9c6827-58f4-451d-6e2f-de41351f3aa8, NVIDIA A100-SXM4-40GB, 37017, 40960, 15, 98.23, 32
nid001124,2026/05/02 02:12:43.398, 0, GPU-ea60c39f-8348-3f52-3b10-288cfb47cb68, NVIDIA A100-SXM4-40GB, 37737, 40960, 18, 104.96, 38
nid001124,2026/05/02 02:12:43.404, 1, GPU-e687c310-f91d-421a-4706-8e960a8458df, NVIDIA A100-SXM4-40GB, 37731, 40960, 26, 104.48, 34
nid001124,2026/05/02 02:12:43.409, 2, GPU-dfbfc0a1-5bdd-9a67-abb3-e6f3ac7d37b7, NVIDIA A100-SXM4-40GB, 37731, 40960, 17, 100.39, 36
nid001124,2026/05/02 02:12:43.414, 3, GPU-145799ee-88ab-a08b-a7c5-5e22d5beb30f, NVIDIA A100-SXM4-40GB, 37731, 40960, 23, 107.70, 33
nid001121,2026/05/02 02:12:46.482, 0, GPU-1142dc10-04e1-8104-b58f-6e9c4e3ad695, NVIDIA A100-SXM4-40GB, 37219, 40960, 4, 105.12, 36
nid001121,2026/05/02 02:12:46.485, 1, GPU-609dad44-ba7d-bab2-0915-e9b0b033ff14, NVIDIA A100-SXM4-40GB, 37017, 40960, 12, 105.87, 33
nid001121,2026/05/02 02:12:46.487, 2, GPU-aad97d9d-6ff8-bc8d-0481-0c3f454fa1c0, NVIDIA A100-SXM4-40GB, 37017, 40960, 19, 109.22, 34
nid001121,2026/05/02 02:12:46.488, 3, GPU-7d9c6827-58f4-451d-6e2f-de41351f3aa8, NVIDIA A100-SXM4-40GB, 37017, 40960, 5, 98.23, 32
nid001124,2026/05/02 02:12:47.530, 0, GPU-ea60c39f-8348-3f52-3b10-288cfb47cb68, NVIDIA A100-SXM4-40GB, 37737, 40960, 26, 104.73, 39
nid001124,2026/05/02 02:12:47.533, 1, GPU-e687c310-f91d-421a-4706-8e960a8458df, NVIDIA A100-SXM4-40GB, 37731, 40960, 5, 142.15, 34
nid001124,2026/05/02 02:12:47.534, 2, GPU-dfbfc0a1-5bdd-9a67-abb3-e6f3ac7d37b7, NVIDIA A100-SXM4-40GB, 37731, 40960, 17, 103.44, 37
nid001124,2026/05/02 02:12:47.536, 3, GPU-145799ee-88ab-a08b-a7c5-5e22d5beb30f, NVIDIA A100-SXM4-40GB, 37731, 40960, 16, 103.32, 33
nid001121,2026/05/02 02:12:50.859, 0, GPU-1142dc10-04e1-8104-b58f-6e9c4e3ad695, NVIDIA A100-SXM4-40GB, 37219, 40960, 21, 108.68, 36
nid001121,2026/05/02 02:12:50.865, 1, GPU-609dad44-ba7d-bab2-0915-e9b0b033ff14, NVIDIA A100-SXM4-40GB, 37017, 40960, 12, 105.87, 33
nid001121,2026/05/02 02:12:50.871, 2, GPU-aad97d9d-6ff8-bc8d-0481-0c3f454fa1c0, NVIDIA A100-SXM4-40GB, 37017, 40960, 17, 121.88, 34
nid001121,2026/05/02 02:12:50.877, 3, GPU-7d9c6827-58f4-451d-6e2f-de41351f3aa8, NVIDIA A100-SXM4-40GB, 37017, 40960, 6, 99.28, 32
nid001124,2026/05/02 02:12:51.920, 0, GPU-ea60c39f-8348-3f52-3b10-288cfb47cb68, NVIDIA A100-SXM4-40GB, 37737, 40960, 28, 104.73, 39
nid001124,2026/05/02 02:12:51.928, 1, GPU-e687c310-f91d-421a-4706-8e960a8458df, NVIDIA A100-SXM4-40GB, 37731, 40960, 45, 103.20, 34
nid001124,2026/05/02 02:12:51.933, 2, GPU-dfbfc0a1-5bdd-9a67-abb3-e6f3ac7d37b7, NVIDIA A100-SXM4-40GB, 37731, 40960, 41, 134.02, 36
nid001124,2026/05/02 02:12:51.943, 3, GPU-145799ee-88ab-a08b-a7c5-5e22d5beb30f, NVIDIA A100-SXM4-40GB, 37731, 40960, 31, 110.22, 33
nid001121,2026/05/02 02:12:55.122, 0, GPU-1142dc10-04e1-8104-b58f-6e9c4e3ad695, NVIDIA A100-SXM4-40GB, 37219, 40960, 10, 105.24, 36
nid001121,2026/05/02 02:12:55.125, 1, GPU-609dad44-ba7d-bab2-0915-e9b0b033ff14, NVIDIA A100-SXM4-40GB, 37017, 40960, 11, 105.87, 33
nid001121,2026/05/02 02:12:55.127, 2, GPU-aad97d9d-6ff8-bc8d-0481-0c3f454fa1c0, NVIDIA A100-SXM4-40GB, 37017, 40960, 13, 109.46, 34
nid001121,2026/05/02 02:12:55.129, 3, GPU-7d9c6827-58f4-451d-6e2f-de41351f3aa8, NVIDIA A100-SXM4-40GB, 37017, 40960, 22, 98.23, 32
nid001124,2026/05/02 02:12:56.398, 0, GPU-ea60c39f-8348-3f52-3b10-288cfb47cb68, NVIDIA A100-SXM4-40GB, 37737, 40960, 14, 105.49, 38
nid001124,2026/05/02 02:12:56.405, 1, GPU-e687c310-f91d-421a-4706-8e960a8458df, NVIDIA A100-SXM4-40GB, 37731, 40960, 22, 102.96, 34
nid001124,2026/05/02 02:12:56.409, 2, GPU-dfbfc0a1-5bdd-9a67-abb3-e6f3ac7d37b7, NVIDIA A100-SXM4-40GB, 37731, 40960, 2, 100.11, 37
nid001124,2026/05/02 02:12:56.417, 3, GPU-145799ee-88ab-a08b-a7c5-5e22d5beb30f, NVIDIA A100-SXM4-40GB, 37731, 40960, 28, 103.08, 33
nid001121,2026/05/02 02:12:59.546, 0, GPU-1142dc10-04e1-8104-b58f-6e9c4e3ad695, NVIDIA A100-SXM4-40GB, 37219, 40960, 27, 105.40, 37
nid001121,2026/05/02 02:12:59.549, 1, GPU-609dad44-ba7d-bab2-0915-e9b0b033ff14, NVIDIA A100-SXM4-40GB, 37017, 40960, 12, 109.72, 33
nid001121,2026/05/02 02:12:59.551, 2, GPU-aad97d9d-6ff8-bc8d-0481-0c3f454fa1c0, NVIDIA A100-SXM4-40GB, 37017, 40960, 6, 111.51, 34
nid001121,2026/05/02 02:12:59.555, 3, GPU-7d9c6827-58f4-451d-6e2f-de41351f3aa8, NVIDIA A100-SXM4-40GB, 37017, 40960, 12, 98.47, 32
nid001124,2026/05/02 02:13:00.678, 0, GPU-ea60c39f-8348-3f52-3b10-288cfb47cb68, NVIDIA A100-SXM4-40GB, 37737, 40960, 12, 107.54, 38
nid001124,2026/05/02 02:13:00.681, 1, GPU-e687c310-f91d-421a-4706-8e960a8458df, NVIDIA A100-SXM4-40GB, 37731, 40960, 15, 102.96, 34
nid001124,2026/05/02 02:13:00.682, 2, GPU-dfbfc0a1-5bdd-9a67-abb3-e6f3ac7d37b7, NVIDIA A100-SXM4-40GB, 37731, 40960, 12, 100.63, 36
nid001124,2026/05/02 02:13:00.684, 3, GPU-145799ee-88ab-a08b-a7c5-5e22d5beb30f, NVIDIA A100-SXM4-40GB, 37731, 40960, 15, 103.08, 33
nid001121,2026/05/02 02:13:03.694, 0, GPU-1142dc10-04e1-8104-b58f-6e9c4e3ad695, NVIDIA A100-SXM4-40GB, 37219, 40960, 9, 105.12, 36
nid001121,2026/05/02 02:13:03.697, 1, GPU-609dad44-ba7d-bab2-0915-e9b0b033ff14, NVIDIA A100-SXM4-40GB, 37017, 40960, 4, 105.87, 33
nid001121,2026/05/02 02:13:03.699, 2, GPU-aad97d9d-6ff8-bc8d-0481-0c3f454fa1c0, NVIDIA A100-SXM4-40GB, 37017, 40960, 19, 109.46, 34
nid001121,2026/05/02 02:13:03.705, 3, GPU-7d9c6827-58f4-451d-6e2f-de41351f3aa8, NVIDIA A100-SXM4-40GB, 37017, 40960, 23, 98.12, 32
nid001124,2026/05/02 02:13:04.903, 0, GPU-ea60c39f-8348-3f52-3b10-288cfb47cb68, NVIDIA A100-SXM4-40GB, 37737, 40960, 8, 143.84, 39
nid001124,2026/05/02 02:13:04.906, 1, GPU-e687c310-f91d-421a-4706-8e960a8458df, NVIDIA A100-SXM4-40GB, 37731, 40960, 9, 103.20, 34
nid001124,2026/05/02 02:13:04.908, 2, GPU-dfbfc0a1-5bdd-9a67-abb3-e6f3ac7d37b7, NVIDIA A100-SXM4-40GB, 37731, 40960, 33, 100.39, 36
nid001124,2026/05/02 02:13:04.910, 3, GPU-145799ee-88ab-a08b-a7c5-5e22d5beb30f, NVIDIA A100-SXM4-40GB, 37731, 40960, 26, 103.08, 33
nid001121,2026/05/02 02:13:08.130, 0, GPU-1142dc10-04e1-8104-b58f-6e9c4e3ad695, NVIDIA A100-SXM4-40GB, 37219, 40960, 7, 109.48, 37
nid001121,2026/05/02 02:13:08.133, 1, GPU-609dad44-ba7d-bab2-0915-e9b0b033ff14, NVIDIA A100-SXM4-40GB, 37017, 40960, 11, 174.64, 34
nid001121,2026/05/02 02:13:08.134, 2, GPU-aad97d9d-6ff8-bc8d-0481-0c3f454fa1c0, NVIDIA A100-SXM4-40GB, 37017, 40960, 10, 150.79, 35
nid001121,2026/05/02 02:13:08.136, 3, GPU-7d9c6827-58f4-451d-6e2f-de41351f3aa8, NVIDIA A100-SXM4-40GB, 37017, 40960, 9, 100.16, 32
nid001124,2026/05/02 02:13:09.369, 0, GPU-ea60c39f-8348-3f52-3b10-288cfb47cb68, NVIDIA A100-SXM4-40GB, 37737, 40960, 9, 104.73, 38
nid001124,2026/05/02 02:13:09.371, 1, GPU-e687c310-f91d-421a-4706-8e960a8458df, NVIDIA A100-SXM4-40GB, 37731, 40960, 16, 103.20, 34
nid001124,2026/05/02 02:13:09.373, 2, GPU-dfbfc0a1-5bdd-9a67-abb3-e6f3ac7d37b7, NVIDIA A100-SXM4-40GB, 37731, 40960, 27, 104.73, 36
nid001124,2026/05/02 02:13:09.374, 3, GPU-145799ee-88ab-a08b-a7c5-5e22d5beb30f, NVIDIA A100-SXM4-40GB, 37731, 40960, 22, 103.60, 33
nid001121,2026/05/02 02:13:12.437, 0, GPU-1142dc10-04e1-8104-b58f-6e9c4e3ad695, NVIDIA A100-SXM4-40GB, 37219, 40960, 13, 155.97, 37
nid001121,2026/05/02 02:13:12.440, 1, GPU-609dad44-ba7d-bab2-0915-e9b0b033ff14, NVIDIA A100-SXM4-40GB, 37017, 40960, 18, 106.04, 33
nid001121,2026/05/02 02:13:12.441, 2, GPU-aad97d9d-6ff8-bc8d-0481-0c3f454fa1c0, NVIDIA A100-SXM4-40GB, 37017, 40960, 11, 109.61, 34
nid001121,2026/05/02 02:13:12.443, 3, GPU-7d9c6827-58f4-451d-6e2f-de41351f3aa8, NVIDIA A100-SXM4-40GB, 37017, 40960, 10, 127.71, 32
nid001124,2026/05/02 02:13:13.615, 0, GPU-ea60c39f-8348-3f52-3b10-288cfb47cb68, NVIDIA A100-SXM4-40GB, 37737, 40960, 30, 114.07, 38
nid001124,2026/05/02 02:13:13.618, 1, GPU-e687c310-f91d-421a-4706-8e960a8458df, NVIDIA A100-SXM4-40GB, 37731, 40960, 9, 102.96, 35
nid001124,2026/05/02 02:13:13.620, 2, GPU-dfbfc0a1-5bdd-9a67-abb3-e6f3ac7d37b7, NVIDIA A100-SXM4-40GB, 37731, 40960, 45, 106.01, 37
nid001124,2026/05/02 02:13:13.621, 3, GPU-145799ee-88ab-a08b-a7c5-5e22d5beb30f, NVIDIA A100-SXM4-40GB, 37731, 40960, 55, 103.32, 33
nid001121,2026/05/02 02:13:16.732, 0, GPU-1142dc10-04e1-8104-b58f-6e9c4e3ad695, NVIDIA A100-SXM4-40GB, 37219, 40960, 9, 105.64, 36
nid001121,2026/05/02 02:13:16.735, 1, GPU-609dad44-ba7d-bab2-0915-e9b0b033ff14, NVIDIA A100-SXM4-40GB, 37017, 40960, 33, 115.47, 33
nid001121,2026/05/02 02:13:16.737, 2, GPU-aad97d9d-6ff8-bc8d-0481-0c3f454fa1c0, NVIDIA A100-SXM4-40GB, 37017, 40960, 35, 114.94, 34
nid001121,2026/05/02 02:13:16.738, 3, GPU-7d9c6827-58f4-451d-6e2f-de41351f3aa8, NVIDIA A100-SXM4-40GB, 37017, 40960, 32, 98.35, 32
nid001124,2026/05/02 02:13:17.863, 0, GPU-ea60c39f-8348-3f52-3b10-288cfb47cb68, NVIDIA A100-SXM4-40GB, 37737, 40960, 16, 105.78, 38
nid001124,2026/05/02 02:13:17.866, 1, GPU-e687c310-f91d-421a-4706-8e960a8458df, NVIDIA A100-SXM4-40GB, 37731, 40960, 19, 102.96, 34
nid001124,2026/05/02 02:13:17.872, 2, GPU-dfbfc0a1-5bdd-9a67-abb3-e6f3ac7d37b7, NVIDIA A100-SXM4-40GB, 37731, 40960, 8, 100.63, 36
nid001124,2026/05/02 02:13:17.874, 3, GPU-145799ee-88ab-a08b-a7c5-5e22d5beb30f, NVIDIA A100-SXM4-40GB, 37731, 40960, 23, 103.08, 33
nid001121,2026/05/02 02:13:20.999, 0, GPU-1142dc10-04e1-8104-b58f-6e9c4e3ad695, NVIDIA A100-SXM4-40GB, 37219, 40960, 17, 109.48, 37
nid001121,2026/05/02 02:13:21.002, 1, GPU-609dad44-ba7d-bab2-0915-e9b0b033ff14, NVIDIA A100-SXM4-40GB, 37017, 40960, 34, 106.92, 33
nid001121,2026/05/02 02:13:21.004, 2, GPU-aad97d9d-6ff8-bc8d-0481-0c3f454fa1c0, NVIDIA A100-SXM4-40GB, 37017, 40960, 9, 109.99, 34
nid001121,2026/05/02 02:13:21.005, 3, GPU-7d9c6827-58f4-451d-6e2f-de41351f3aa8, NVIDIA A100-SXM4-40GB, 37017, 40960, 21, 102.43, 32
nid001124,2026/05/02 02:13:22.162, 0, GPU-ea60c39f-8348-3f52-3b10-288cfb47cb68, NVIDIA A100-SXM4-40GB, 37737, 40960, 23, 127.64, 38
nid001124,2026/05/02 02:13:22.166, 1, GPU-e687c310-f91d-421a-4706-8e960a8458df, NVIDIA A100-SXM4-40GB, 37731, 40960, 0, 103.48, 34
nid001124,2026/05/02 02:13:22.167, 2, GPU-dfbfc0a1-5bdd-9a67-abb3-e6f3ac7d37b7, NVIDIA A100-SXM4-40GB, 37731, 40960, 0, 111.11, 36
nid001124,2026/05/02 02:13:22.169, 3, GPU-145799ee-88ab-a08b-a7c5-5e22d5beb30f, NVIDIA A100-SXM4-40GB, 37731, 40960, 0, 104.37, 33
nid001121,2026/05/02 02:13:25.251, 0, GPU-1142dc10-04e1-8104-b58f-6e9c4e3ad695, NVIDIA A100-SXM4-40GB, 37219, 40960, 12, 109.96, 37
nid001121,2026/05/02 02:13:25.254, 1, GPU-609dad44-ba7d-bab2-0915-e9b0b033ff14, NVIDIA A100-SXM4-40GB, 37017, 40960, 10, 106.16, 33
nid001121,2026/05/02 02:13:25.255, 2, GPU-aad97d9d-6ff8-bc8d-0481-0c3f454fa1c0, NVIDIA A100-SXM4-40GB, 37017, 40960, 4, 109.46, 34
nid001121,2026/05/02 02:13:25.257, 3, GPU-7d9c6827-58f4-451d-6e2f-de41351f3aa8, NVIDIA A100-SXM4-40GB, 37017, 40960, 21, 103.71, 32
nid001124,2026/05/02 02:13:26.391, 0, GPU-ea60c39f-8348-3f52-3b10-288cfb47cb68, NVIDIA A100-SXM4-40GB, 37737, 40960, 31, 105.25, 39
nid001124,2026/05/02 02:13:26.394, 1, GPU-e687c310-f91d-421a-4706-8e960a8458df, NVIDIA A100-SXM4-40GB, 37731, 40960, 27, 112.76, 35
nid001124,2026/05/02 02:13:26.396, 2, GPU-dfbfc0a1-5bdd-9a67-abb3-e6f3ac7d37b7, NVIDIA A100-SXM4-40GB, 37731, 40960, 31, 100.39, 37
nid001124,2026/05/02 02:13:26.398, 3, GPU-145799ee-88ab-a08b-a7c5-5e22d5beb30f, NVIDIA A100-SXM4-40GB, 37731, 40960, 22, 154.40, 33
nid001121,2026/05/02 02:13:29.622, 0, GPU-1142dc10-04e1-8104-b58f-6e9c4e3ad695, NVIDIA A100-SXM4-40GB, 37219, 40960, 9, 104.88, 36
nid001121,2026/05/02 02:13:29.625, 1, GPU-609dad44-ba7d-bab2-0915-e9b0b033ff14, NVIDIA A100-SXM4-40GB, 37017, 40960, 11, 105.87, 33
nid001121,2026/05/02 02:13:29.627, 2, GPU-aad97d9d-6ff8-bc8d-0481-0c3f454fa1c0, NVIDIA A100-SXM4-40GB, 37017, 40960, 13, 175.08, 34
nid001121,2026/05/02 02:13:29.628, 3, GPU-7d9c6827-58f4-451d-6e2f-de41351f3aa8, NVIDIA A100-SXM4-40GB, 37017, 40960, 1, 98.12, 32
nid001124,2026/05/02 02:13:30.683, 0, GPU-ea60c39f-8348-3f52-3b10-288cfb47cb68, NVIDIA A100-SXM4-40GB, 37737, 40960, 0, 153.78, 39
nid001124,2026/05/02 02:13:30.690, 1, GPU-e687c310-f91d-421a-4706-8e960a8458df, NVIDIA A100-SXM4-40GB, 37731, 40960, 21, 102.96, 34
nid001124,2026/05/02 02:13:30.694, 2, GPU-dfbfc0a1-5bdd-9a67-abb3-e6f3ac7d37b7, NVIDIA A100-SXM4-40GB, 37731, 40960, 7, 100.39, 36
nid001124,2026/05/02 02:13:30.696, 3, GPU-145799ee-88ab-a08b-a7c5-5e22d5beb30f, NVIDIA A100-SXM4-40GB, 37731, 40960, 15, 103.08, 33
nid001121,2026/05/02 02:13:33.742, 0, GPU-1142dc10-04e1-8104-b58f-6e9c4e3ad695, NVIDIA A100-SXM4-40GB, 37219, 40960, 18, 105.12, 37
nid001121,2026/05/02 02:13:33.745, 1, GPU-609dad44-ba7d-bab2-0915-e9b0b033ff14, NVIDIA A100-SXM4-40GB, 37017, 40960, 13, 105.87, 33
nid001121,2026/05/02 02:13:33.746, 2, GPU-aad97d9d-6ff8-bc8d-0481-0c3f454fa1c0, NVIDIA A100-SXM4-40GB, 37017, 40960, 8, 109.22, 35
nid001121,2026/05/02 02:13:33.748, 3, GPU-7d9c6827-58f4-451d-6e2f-de41351f3aa8, NVIDIA A100-SXM4-40GB, 37017, 40960, 29, 106.51, 32
nid001124,2026/05/02 02:13:34.811, 0, GPU-ea60c39f-8348-3f52-3b10-288cfb47cb68, NVIDIA A100-SXM4-40GB, 37737, 40960, 47, 104.73, 39
nid001124,2026/05/02 02:13:34.814, 1, GPU-e687c310-f91d-421a-4706-8e960a8458df, NVIDIA A100-SXM4-40GB, 37731, 40960, 25, 158.30, 34
nid001124,2026/05/02 02:13:34.817, 2, GPU-dfbfc0a1-5bdd-9a67-abb3-e6f3ac7d37b7, NVIDIA A100-SXM4-40GB, 37731, 40960, 2, 101.92, 37
nid001124,2026/05/02 02:13:34.825, 3, GPU-145799ee-88ab-a08b-a7c5-5e22d5beb30f, NVIDIA A100-SXM4-40GB, 37731, 40960, 38, 103.08, 33
nid001121,2026/05/02 02:13:37.827, 0, GPU-1142dc10-04e1-8104-b58f-6e9c4e3ad695, NVIDIA A100-SXM4-40GB, 37219, 40960, 4, 129.75, 37
nid001121,2026/05/02 02:13:37.830, 1, GPU-609dad44-ba7d-bab2-0915-e9b0b033ff14, NVIDIA A100-SXM4-40GB, 37017, 40960, 14, 106.27, 33
nid001121,2026/05/02 02:13:37.831, 2, GPU-aad97d9d-6ff8-bc8d-0481-0c3f454fa1c0, NVIDIA A100-SXM4-40GB, 37017, 40960, 7, 110.09, 34
nid001121,2026/05/02 02:13:37.833, 3, GPU-7d9c6827-58f4-451d-6e2f-de41351f3aa8, NVIDIA A100-SXM4-40GB, 37017, 40960, 10, 143.33, 32
nid001124,2026/05/02 02:13:38.949, 0, GPU-ea60c39f-8348-3f52-3b10-288cfb47cb68, NVIDIA A100-SXM4-40GB, 37737, 40960, 41, 104.73, 38
nid001124,2026/05/02 02:13:38.952, 1, GPU-e687c310-f91d-421a-4706-8e960a8458df, NVIDIA A100-SXM4-40GB, 37731, 40960, 47, 103.20, 34
nid001124,2026/05/02 02:13:38.953, 2, GPU-dfbfc0a1-5bdd-9a67-abb3-e6f3ac7d37b7, NVIDIA A100-SXM4-40GB, 37731, 40960, 40, 100.11, 36
nid001124,2026/05/02 02:13:38.955, 3, GPU-145799ee-88ab-a08b-a7c5-5e22d5beb30f, NVIDIA A100-SXM4-40GB, 37731, 40960, 8, 103.08, 33
nid001121,2026/05/02 02:13:42.097, 0, GPU-1142dc10-04e1-8104-b58f-6e9c4e3ad695, NVIDIA A100-SXM4-40GB, 37219, 40960, 14, 105.64, 37
nid001121,2026/05/02 02:13:42.100, 1, GPU-609dad44-ba7d-bab2-0915-e9b0b033ff14, NVIDIA A100-SXM4-40GB, 37017, 40960, 9, 105.87, 33
nid001121,2026/05/02 02:13:42.102, 2, GPU-aad97d9d-6ff8-bc8d-0481-0c3f454fa1c0, NVIDIA A100-SXM4-40GB, 37017, 40960, 8, 171.49, 35
nid001121,2026/05/02 02:13:42.103, 3, GPU-7d9c6827-58f4-451d-6e2f-de41351f3aa8, NVIDIA A100-SXM4-40GB, 37017, 40960, 12, 98.12, 32
nid001124,2026/05/02 02:13:43.189, 0, GPU-ea60c39f-8348-3f52-3b10-288cfb47cb68, NVIDIA A100-SXM4-40GB, 37737, 40960, 8, 104.73, 38
nid001124,2026/05/02 02:13:43.193, 1, GPU-e687c310-f91d-421a-4706-8e960a8458df, NVIDIA A100-SXM4-40GB, 37731, 40960, 26, 103.20, 34
nid001124,2026/05/02 02:13:43.195, 2, GPU-dfbfc0a1-5bdd-9a67-abb3-e6f3ac7d37b7, NVIDIA A100-SXM4-40GB, 37731, 40960, 22, 100.63, 36
nid001124,2026/05/02 02:13:43.196, 3, GPU-145799ee-88ab-a08b-a7c5-5e22d5beb30f, NVIDIA A100-SXM4-40GB, 37731, 40960, 0, 103.32, 33
nid001121,2026/05/02 02:13:46.297, 0, GPU-1142dc10-04e1-8104-b58f-6e9c4e3ad695, NVIDIA A100-SXM4-40GB, 37219, 40960, 7, 110.48, 36
nid001121,2026/05/02 02:13:46.300, 1, GPU-609dad44-ba7d-bab2-0915-e9b0b033ff14, NVIDIA A100-SXM4-40GB, 37017, 40960, 4, 105.87, 33
nid001121,2026/05/02 02:13:46.302, 2, GPU-aad97d9d-6ff8-bc8d-0481-0c3f454fa1c0, NVIDIA A100-SXM4-40GB, 37017, 40960, 43, 109.22, 35
nid001121,2026/05/02 02:13:46.304, 3, GPU-7d9c6827-58f4-451d-6e2f-de41351f3aa8, NVIDIA A100-SXM4-40GB, 37017, 40960, 59, 109.60, 32
nid001124,2026/05/02 02:13:47.250, 0, GPU-ea60c39f-8348-3f52-3b10-288cfb47cb68, NVIDIA A100-SXM4-40GB, 37737, 40960, 9, 106.25, 38
nid001124,2026/05/02 02:13:47.253, 1, GPU-e687c310-f91d-421a-4706-8e960a8458df, NVIDIA A100-SXM4-40GB, 37731, 40960, 7, 111.89, 34
nid001124,2026/05/02 02:13:47.255, 2, GPU-dfbfc0a1-5bdd-9a67-abb3-e6f3ac7d37b7, NVIDIA A100-SXM4-40GB, 37731, 40960, 22, 100.63, 36
nid001124,2026/05/02 02:13:47.257, 3, GPU-145799ee-88ab-a08b-a7c5-5e22d5beb30f, NVIDIA A100-SXM4-40GB, 37731, 40960, 18, 129.25, 33
nid001121,2026/05/02 02:13:50.293, 0, GPU-1142dc10-04e1-8104-b58f-6e9c4e3ad695, NVIDIA A100-SXM4-40GB, 37219, 40960, 0, 105.12, 36
nid001121,2026/05/02 02:13:50.303, 1, GPU-609dad44-ba7d-bab2-0915-e9b0b033ff14, NVIDIA A100-SXM4-40GB, 37017, 40960, 4, 105.87, 33
nid001121,2026/05/02 02:13:50.310, 2, GPU-aad97d9d-6ff8-bc8d-0481-0c3f454fa1c0, NVIDIA A100-SXM4-40GB, 37017, 40960, 12, 109.09, 34
nid001121,2026/05/02 02:13:50.321, 3, GPU-7d9c6827-58f4-451d-6e2f-de41351f3aa8, NVIDIA A100-SXM4-40GB, 37017, 40960, 10, 98.12, 32
nid001124,2026/05/02 02:13:51.228, 0, GPU-ea60c39f-8348-3f52-3b10-288cfb47cb68, NVIDIA A100-SXM4-40GB, 37737, 40960, 15, 111.51, 38
nid001124,2026/05/02 02:13:51.231, 1, GPU-e687c310-f91d-421a-4706-8e960a8458df, NVIDIA A100-SXM4-40GB, 37731, 40960, 49, 103.20, 34
nid001124,2026/05/02 02:13:51.233, 2, GPU-dfbfc0a1-5bdd-9a67-abb3-e6f3ac7d37b7, NVIDIA A100-SXM4-40GB, 37731, 40960, 37, 100.39, 36
nid001124,2026/05/02 02:13:51.235, 3, GPU-145799ee-88ab-a08b-a7c5-5e22d5beb30f, NVIDIA A100-SXM4-40GB, 37731, 40960, 13, 104.08, 33
nid001121,2026/05/02 02:13:54.216, 0, GPU-1142dc10-04e1-8104-b58f-6e9c4e3ad695, NVIDIA A100-SXM4-40GB, 37219, 40960, 4, 153.41, 37
nid001121,2026/05/02 02:13:54.220, 1, GPU-609dad44-ba7d-bab2-0915-e9b0b033ff14, NVIDIA A100-SXM4-40GB, 37017, 40960, 0, 105.87, 33
nid001121,2026/05/02 02:13:54.222, 2, GPU-aad97d9d-6ff8-bc8d-0481-0c3f454fa1c0, NVIDIA A100-SXM4-40GB, 37017, 40960, 10, 113.42, 34
nid001121,2026/05/02 02:13:54.223, 3, GPU-7d9c6827-58f4-451d-6e2f-de41351f3aa8, NVIDIA A100-SXM4-40GB, 37017, 40960, 0, 130.07, 32
nid001124,2026/05/02 02:13:55.190, 0, GPU-ea60c39f-8348-3f52-3b10-288cfb47cb68, NVIDIA A100-SXM4-40GB, 37737, 40960, 5, 105.49, 38
nid001124,2026/05/02 02:13:55.193, 1, GPU-e687c310-f91d-421a-4706-8e960a8458df, NVIDIA A100-SXM4-40GB, 37731, 40960, 27, 103.20, 34
nid001124,2026/05/02 02:13:55.195, 2, GPU-dfbfc0a1-5bdd-9a67-abb3-e6f3ac7d37b7, NVIDIA A100-SXM4-40GB, 37731, 40960, 28, 111.40, 36
nid001124,2026/05/02 02:13:55.197, 3, GPU-145799ee-88ab-a08b-a7c5-5e22d5beb30f, NVIDIA A100-SXM4-40GB, 37731, 40960, 7, 105.65, 33
nid001121,2026/05/02 02:13:58.260, 0, GPU-1142dc10-04e1-8104-b58f-6e9c4e3ad695, NVIDIA A100-SXM4-40GB, 37219, 40960, 34, 105.40, 37
nid001121,2026/05/02 02:13:58.267, 1, GPU-609dad44-ba7d-bab2-0915-e9b0b033ff14, NVIDIA A100-SXM4-40GB, 37017, 40960, 5, 118.27, 33
nid001121,2026/05/02 02:13:58.274, 2, GPU-aad97d9d-6ff8-bc8d-0481-0c3f454fa1c0, NVIDIA A100-SXM4-40GB, 37017, 40960, 12, 136.19, 35
nid001121,2026/05/02 02:13:58.280, 3, GPU-7d9c6827-58f4-451d-6e2f-de41351f3aa8, NVIDIA A100-SXM4-40GB, 37017, 40960, 11, 98.35, 32
nid001124,2026/05/02 02:13:59.340, 0, GPU-ea60c39f-8348-3f52-3b10-288cfb47cb68, NVIDIA A100-SXM4-40GB, 37737, 40960, 30, 104.73, 38
nid001124,2026/05/02 02:13:59.347, 1, GPU-e687c310-f91d-421a-4706-8e960a8458df, NVIDIA A100-SXM4-40GB, 37731, 40960, 46, 102.96, 34
nid001124,2026/05/02 02:13:59.352, 2, GPU-dfbfc0a1-5bdd-9a67-abb3-e6f3ac7d37b7, NVIDIA A100-SXM4-40GB, 37731, 40960, 12, 100.11, 36
nid001124,2026/05/02 02:13:59.357, 3, GPU-145799ee-88ab-a08b-a7c5-5e22d5beb30f, NVIDIA A100-SXM4-40GB, 37731, 40960, 15, 103.08, 33
nid001121,2026/05/02 02:14:02.503, 0, GPU-1142dc10-04e1-8104-b58f-6e9c4e3ad695, NVIDIA A100-SXM4-40GB, 37219, 40960, 4, 105.24, 36
nid001121,2026/05/02 02:14:02.506, 1, GPU-609dad44-ba7d-bab2-0915-e9b0b033ff14, NVIDIA A100-SXM4-40GB, 37017, 40960, 9, 105.87, 33
nid001121,2026/05/02 02:14:02.508, 2, GPU-aad97d9d-6ff8-bc8d-0481-0c3f454fa1c0, NVIDIA A100-SXM4-40GB, 37017, 40960, 6, 109.22, 34
nid001121,2026/05/02 02:14:02.510, 3, GPU-7d9c6827-58f4-451d-6e2f-de41351f3aa8, NVIDIA A100-SXM4-40GB, 37017, 40960, 8, 98.00, 32
nid001124,2026/05/02 02:14:03.564, 0, GPU-ea60c39f-8348-3f52-3b10-288cfb47cb68, NVIDIA A100-SXM4-40GB, 37737, 40960, 19, 106.78, 38
nid001124,2026/05/02 02:14:03.568, 1, GPU-e687c310-f91d-421a-4706-8e960a8458df, NVIDIA A100-SXM4-40GB, 37731, 40960, 29, 173.57, 34
nid001124,2026/05/02 02:14:03.571, 2, GPU-dfbfc0a1-5bdd-9a67-abb3-e6f3ac7d37b7, NVIDIA A100-SXM4-40GB, 37731, 40960, 16, 102.91, 37
nid001124,2026/05/02 02:14:03.573, 3, GPU-145799ee-88ab-a08b-a7c5-5e22d5beb30f, NVIDIA A100-SXM4-40GB, 37731, 40960, 36, 103.84, 33
nid001121,2026/05/02 02:14:06.664, 0, GPU-1142dc10-04e1-8104-b58f-6e9c4e3ad695, NVIDIA A100-SXM4-40GB, 37219, 40960, 10, 106.00, 36
nid001121,2026/05/02 02:14:06.667, 1, GPU-609dad44-ba7d-bab2-0915-e9b0b033ff14, NVIDIA A100-SXM4-40GB, 37017, 40960, 15, 105.87, 33
nid001121,2026/05/02 02:14:06.669, 2, GPU-aad97d9d-6ff8-bc8d-0481-0c3f454fa1c0, NVIDIA A100-SXM4-40GB, 37017, 40960, 4, 109.22, 34
nid001121,2026/05/02 02:14:06.670, 3, GPU-7d9c6827-58f4-451d-6e2f-de41351f3aa8, NVIDIA A100-SXM4-40GB, 37017, 40960, 6, 98.23, 32
nid001124,2026/05/02 02:14:07.780, 0, GPU-ea60c39f-8348-3f52-3b10-288cfb47cb68, NVIDIA A100-SXM4-40GB, 37737, 40960, 10, 145.53, 39
nid001124,2026/05/02 02:14:07.783, 1, GPU-e687c310-f91d-421a-4706-8e960a8458df, NVIDIA A100-SXM4-40GB, 37731, 40960, 31, 103.72, 34
nid001124,2026/05/02 02:14:07.786, 2, GPU-dfbfc0a1-5bdd-9a67-abb3-e6f3ac7d37b7, NVIDIA A100-SXM4-40GB, 37731, 40960, 18, 130.97, 36
nid001124,2026/05/02 02:14:07.788, 3, GPU-145799ee-88ab-a08b-a7c5-5e22d5beb30f, NVIDIA A100-SXM4-40GB, 37731, 40960, 22, 111.27, 33
nid001121,2026/05/02 02:14:10.990, 0, GPU-1142dc10-04e1-8104-b58f-6e9c4e3ad695, NVIDIA A100-SXM4-40GB, 37219, 40960, 0, 105.12, 36
nid001121,2026/05/02 02:14:10.993, 1, GPU-609dad44-ba7d-bab2-0915-e9b0b033ff14, NVIDIA A100-SXM4-40GB, 37017, 40960, 22, 105.64, 33
nid001121,2026/05/02 02:14:10.995, 2, GPU-aad97d9d-6ff8-bc8d-0481-0c3f454fa1c0, NVIDIA A100-SXM4-40GB, 37017, 40960, 8, 109.22, 34
nid001121,2026/05/02 02:14:10.996, 3, GPU-7d9c6827-58f4-451d-6e2f-de41351f3aa8, NVIDIA A100-SXM4-40GB, 37017, 40960, 0, 98.47, 32
nid001124,2026/05/02 02:14:12.127, 0, GPU-ea60c39f-8348-3f52-3b10-288cfb47cb68, NVIDIA A100-SXM4-40GB, 37737, 40960, 21, 105.25, 38
nid001124,2026/05/02 02:14:12.130, 1, GPU-e687c310-f91d-421a-4706-8e960a8458df, NVIDIA A100-SXM4-40GB, 37731, 40960, 13, 102.96, 34
nid001124,2026/05/02 02:14:12.131, 2, GPU-dfbfc0a1-5bdd-9a67-abb3-e6f3ac7d37b7, NVIDIA A100-SXM4-40GB, 37731, 40960, 13, 100.11, 36
nid001124,2026/05/02 02:14:12.134, 3, GPU-145799ee-88ab-a08b-a7c5-5e22d5beb30f, NVIDIA A100-SXM4-40GB, 37731, 40960, 22, 103.08, 33
nid001121,2026/05/02 02:14:15.340, 0, GPU-1142dc10-04e1-8104-b58f-6e9c4e3ad695, NVIDIA A100-SXM4-40GB, 37219, 40960, 21, 105.64, 36
nid001121,2026/05/02 02:14:15.343, 1, GPU-609dad44-ba7d-bab2-0915-e9b0b033ff14, NVIDIA A100-SXM4-40GB, 37017, 40960, 18, 105.87, 33
nid001121,2026/05/02 02:14:15.345, 2, GPU-aad97d9d-6ff8-bc8d-0481-0c3f454fa1c0, NVIDIA A100-SXM4-40GB, 37017, 40960, 7, 109.46, 34
nid001121,2026/05/02 02:14:15.347, 3, GPU-7d9c6827-58f4-451d-6e2f-de41351f3aa8, NVIDIA A100-SXM4-40GB, 37017, 40960, 20, 101.96, 32
nid001124,2026/05/02 02:14:16.608, 0, GPU-ea60c39f-8348-3f52-3b10-288cfb47cb68, NVIDIA A100-SXM4-40GB, 37737, 40960, 50, 104.84, 38
nid001124,2026/05/02 02:14:16.611, 1, GPU-e687c310-f91d-421a-4706-8e960a8458df, NVIDIA A100-SXM4-40GB, 37731, 40960, 27, 177.67, 34
nid001124,2026/05/02 02:14:16.613, 2, GPU-dfbfc0a1-5bdd-9a67-abb3-e6f3ac7d37b7, NVIDIA A100-SXM4-40GB, 37731, 40960, 26, 101.15, 36
nid001124,2026/05/02 02:14:16.615, 3, GPU-145799ee-88ab-a08b-a7c5-5e22d5beb30f, NVIDIA A100-SXM4-40GB, 37731, 40960, 58, 103.08, 33
nid001121,2026/05/02 02:14:19.853, 0, GPU-1142dc10-04e1-8104-b58f-6e9c4e3ad695, NVIDIA A100-SXM4-40GB, 37219, 40960, 0, 105.24, 37
nid001121,2026/05/02 02:14:19.856, 1, GPU-609dad44-ba7d-bab2-0915-e9b0b033ff14, NVIDIA A100-SXM4-40GB, 37017, 40960, 4, 105.87, 33
nid001121,2026/05/02 02:14:19.857, 2, GPU-aad97d9d-6ff8-bc8d-0481-0c3f454fa1c0, NVIDIA A100-SXM4-40GB, 37017, 40960, 24, 130.53, 35
nid001121,2026/05/02 02:14:19.859, 3, GPU-7d9c6827-58f4-451d-6e2f-de41351f3aa8, NVIDIA A100-SXM4-40GB, 37017, 40960, 19, 98.47, 32
nid001124,2026/05/02 02:14:21.131, 0, GPU-ea60c39f-8348-3f52-3b10-288cfb47cb68, NVIDIA A100-SXM4-40GB, 37737, 40960, 10, 104.73, 39
nid001124,2026/05/02 02:14:21.134, 1, GPU-e687c310-f91d-421a-4706-8e960a8458df, NVIDIA A100-SXM4-40GB, 37731, 40960, 33, 104.72, 34
nid001124,2026/05/02 02:14:21.135, 2, GPU-dfbfc0a1-5bdd-9a67-abb3-e6f3ac7d37b7, NVIDIA A100-SXM4-40GB, 37731, 40960, 56, 103.44, 36
nid001124,2026/05/02 02:14:21.137, 3, GPU-145799ee-88ab-a08b-a7c5-5e22d5beb30f, NVIDIA A100-SXM4-40GB, 37731, 40960, 25, 103.32, 33
nid001121,2026/05/02 02:14:24.418, 0, GPU-1142dc10-04e1-8104-b58f-6e9c4e3ad695, NVIDIA A100-SXM4-40GB, 37219, 40960, 9, 105.53, 36
nid001121,2026/05/02 02:14:24.422, 1, GPU-609dad44-ba7d-bab2-0915-e9b0b033ff14, NVIDIA A100-SXM4-40GB, 37017, 40960, 24, 164.45, 33
nid001121,2026/05/02 02:14:24.423, 2, GPU-aad97d9d-6ff8-bc8d-0481-0c3f454fa1c0, NVIDIA A100-SXM4-40GB, 37017, 40960, 16, 109.46, 34
nid001121,2026/05/02 02:14:24.425, 3, GPU-7d9c6827-58f4-451d-6e2f-de41351f3aa8, NVIDIA A100-SXM4-40GB, 37017, 40960, 4, 98.23, 32
nid001124,2026/05/02 02:14:25.548, 0, GPU-ea60c39f-8348-3f52-3b10-288cfb47cb68, NVIDIA A100-SXM4-40GB, 37737, 40960, 22, 119.17, 38
nid001124,2026/05/02 02:14:25.551, 1, GPU-e687c310-f91d-421a-4706-8e960a8458df, NVIDIA A100-SXM4-40GB, 37731, 40960, 17, 103.72, 34
nid001124,2026/05/02 02:14:25.552, 2, GPU-dfbfc0a1-5bdd-9a67-abb3-e6f3ac7d37b7, NVIDIA A100-SXM4-40GB, 37731, 40960, 19, 118.83, 37
nid001124,2026/05/02 02:14:25.554, 3, GPU-145799ee-88ab-a08b-a7c5-5e22d5beb30f, NVIDIA A100-SXM4-40GB, 37731, 40960, 44, 108.17, 33
nid001121,2026/05/02 02:14:28.697, 0, GPU-1142dc10-04e1-8104-b58f-6e9c4e3ad695, NVIDIA A100-SXM4-40GB, 37219, 40960, 19, 105.64, 37
nid001121,2026/05/02 02:14:28.705, 1, GPU-609dad44-ba7d-bab2-0915-e9b0b033ff14, NVIDIA A100-SXM4-40GB, 37017, 40960, 14, 106.16, 33
nid001121,2026/05/02 02:14:28.707, 2, GPU-aad97d9d-6ff8-bc8d-0481-0c3f454fa1c0, NVIDIA A100-SXM4-40GB, 37017, 40960, 4, 109.22, 34
nid001121,2026/05/02 02:14:28.709, 3, GPU-7d9c6827-58f4-451d-6e2f-de41351f3aa8, NVIDIA A100-SXM4-40GB, 37017, 40960, 13, 98.12, 32
nid001124,2026/05/02 02:14:29.934, 0, GPU-ea60c39f-8348-3f52-3b10-288cfb47cb68, NVIDIA A100-SXM4-40GB, 37737, 40960, 13, 105.78, 38
nid001124,2026/05/02 02:14:29.937, 1, GPU-e687c310-f91d-421a-4706-8e960a8458df, NVIDIA A100-SXM4-40GB, 37731, 40960, 37, 103.20, 34
nid001124,2026/05/02 02:14:29.939, 2, GPU-dfbfc0a1-5bdd-9a67-abb3-e6f3ac7d37b7, NVIDIA A100-SXM4-40GB, 37731, 40960, 7, 100.39, 37
nid001124,2026/05/02 02:14:29.940, 3, GPU-145799ee-88ab-a08b-a7c5-5e22d5beb30f, NVIDIA A100-SXM4-40GB, 37731, 40960, 12, 104.08, 33
nid001121,2026/05/02 02:14:33.255, 0, GPU-1142dc10-04e1-8104-b58f-6e9c4e3ad695, NVIDIA A100-SXM4-40GB, 37219, 40960, 4, 105.12, 36
nid001121,2026/05/02 02:14:33.258, 1, GPU-609dad44-ba7d-bab2-0915-e9b0b033ff14, NVIDIA A100-SXM4-40GB, 37017, 40960, 8, 105.87, 33
nid001121,2026/05/02 02:14:33.260, 2, GPU-aad97d9d-6ff8-bc8d-0481-0c3f454fa1c0, NVIDIA A100-SXM4-40GB, 37017, 40960, 13, 109.22, 34
nid001121,2026/05/02 02:14:33.262, 3, GPU-7d9c6827-58f4-451d-6e2f-de41351f3aa8, NVIDIA A100-SXM4-40GB, 37017, 40960, 0, 98.12, 32
nid001124,2026/05/02 02:14:34.449, 0, GPU-ea60c39f-8348-3f52-3b10-288cfb47cb68, NVIDIA A100-SXM4-40GB, 37737, 40960, 12, 170.65, 38
nid001124,2026/05/02 02:14:34.451, 1, GPU-e687c310-f91d-421a-4706-8e960a8458df, NVIDIA A100-SXM4-40GB, 37731, 40960, 20, 107.57, 34
nid001124,2026/05/02 02:14:34.453, 2, GPU-dfbfc0a1-5bdd-9a67-abb3-e6f3ac7d37b7, NVIDIA A100-SXM4-40GB, 37731, 40960, 10, 100.39, 36
nid001124,2026/05/02 02:14:34.455, 3, GPU-145799ee-88ab-a08b-a7c5-5e22d5beb30f, NVIDIA A100-SXM4-40GB, 37731, 40960, 32, 103.08, 33
nid001121,2026/05/02 02:14:37.716, 0, GPU-1142dc10-04e1-8104-b58f-6e9c4e3ad695, NVIDIA A100-SXM4-40GB, 37219, 40960, 9, 113.04, 37
nid001121,2026/05/02 02:14:37.720, 1, GPU-609dad44-ba7d-bab2-0915-e9b0b033ff14, NVIDIA A100-SXM4-40GB, 37017, 40960, 9, 105.87, 33
nid001121,2026/05/02 02:14:37.721, 2, GPU-aad97d9d-6ff8-bc8d-0481-0c3f454fa1c0, NVIDIA A100-SXM4-40GB, 37017, 40960, 9, 152.78, 34
nid001121,2026/05/02 02:14:37.727, 3, GPU-7d9c6827-58f4-451d-6e2f-de41351f3aa8, NVIDIA A100-SXM4-40GB, 37017, 40960, 4, 98.47, 32
nid001124,2026/05/02 02:14:38.752, 0, GPU-ea60c39f-8348-3f52-3b10-288cfb47cb68, NVIDIA A100-SXM4-40GB, 37737, 40960, 13, 104.73, 38
nid001124,2026/05/02 02:14:38.756, 1, GPU-e687c310-f91d-421a-4706-8e960a8458df, NVIDIA A100-SXM4-40GB, 37731, 40960, 20, 103.20, 34
nid001124,2026/05/02 02:14:38.762, 2, GPU-dfbfc0a1-5bdd-9a67-abb3-e6f3ac7d37b7, NVIDIA A100-SXM4-40GB, 37731, 40960, 9, 100.11, 36
nid001124,2026/05/02 02:14:38.772, 3, GPU-145799ee-88ab-a08b-a7c5-5e22d5beb30f, NVIDIA A100-SXM4-40GB, 37731, 40960, 9, 167.64, 33
nid001121,2026/05/02 02:14:41.932, 0, GPU-1142dc10-04e1-8104-b58f-6e9c4e3ad695, NVIDIA A100-SXM4-40GB, 37219, 40960, 10, 105.24, 36
nid001121,2026/05/02 02:14:41.936, 1, GPU-609dad44-ba7d-bab2-0915-e9b0b033ff14, NVIDIA A100-SXM4-40GB, 37017, 40960, 8, 105.87, 33
nid001121,2026/05/02 02:14:41.937, 2, GPU-aad97d9d-6ff8-bc8d-0481-0c3f454fa1c0, NVIDIA A100-SXM4-40GB, 37017, 40960, 8, 109.22, 34
nid001121,2026/05/02 02:14:41.939, 3, GPU-7d9c6827-58f4-451d-6e2f-de41351f3aa8, NVIDIA A100-SXM4-40GB, 37017, 40960, 9, 98.23, 32
nid001124,2026/05/02 02:14:43.006, 0, GPU-ea60c39f-8348-3f52-3b10-288cfb47cb68, NVIDIA A100-SXM4-40GB, 37737, 40960, 36, 104.96, 38
nid001124,2026/05/02 02:14:43.009, 1, GPU-e687c310-f91d-421a-4706-8e960a8458df, NVIDIA A100-SXM4-40GB, 37731, 40960, 22, 103.20, 34
nid001124,2026/05/02 02:14:43.010, 2, GPU-dfbfc0a1-5bdd-9a67-abb3-e6f3ac7d37b7, NVIDIA A100-SXM4-40GB, 37731, 40960, 8, 100.39, 36
nid001124,2026/05/02 02:14:43.012, 3, GPU-145799ee-88ab-a08b-a7c5-5e22d5beb30f, NVIDIA A100-SXM4-40GB, 37731, 40960, 17, 103.32, 33
nid001121,2026/05/02 02:14:46.188, 0, GPU-1142dc10-04e1-8104-b58f-6e9c4e3ad695, NVIDIA A100-SXM4-40GB, 37219, 40960, 2, 105.12, 36
nid001121,2026/05/02 02:14:46.195, 1, GPU-609dad44-ba7d-bab2-0915-e9b0b033ff14, NVIDIA A100-SXM4-40GB, 37017, 40960, 8, 105.87, 33
nid001121,2026/05/02 02:14:46.199, 2, GPU-aad97d9d-6ff8-bc8d-0481-0c3f454fa1c0, NVIDIA A100-SXM4-40GB, 37017, 40960, 0, 145.71, 35
nid001121,2026/05/02 02:14:46.216, 3, GPU-7d9c6827-58f4-451d-6e2f-de41351f3aa8, NVIDIA A100-SXM4-40GB, 37017, 40960, 16, 98.35, 32
nid001124,2026/05/02 02:14:47.418, 0, GPU-ea60c39f-8348-3f52-3b10-288cfb47cb68, NVIDIA A100-SXM4-40GB, 37737, 40960, 12, 104.60, 38
nid001124,2026/05/02 02:14:47.421, 1, GPU-e687c310-f91d-421a-4706-8e960a8458df, NVIDIA A100-SXM4-40GB, 37731, 40960, 32, 103.07, 34
nid001124,2026/05/02 02:14:47.423, 2, GPU-dfbfc0a1-5bdd-9a67-abb3-e6f3ac7d37b7, NVIDIA A100-SXM4-40GB, 37731, 40960, 28, 100.39, 36
nid001124,2026/05/02 02:14:47.425, 3, GPU-145799ee-88ab-a08b-a7c5-5e22d5beb30f, NVIDIA A100-SXM4-40GB, 37731, 40960, 24, 103.08, 33
nid001121,2026/05/02 02:14:50.466, 0, GPU-1142dc10-04e1-8104-b58f-6e9c4e3ad695, NVIDIA A100-SXM4-40GB, 37219, 40960, 2, 105.12, 36
nid001121,2026/05/02 02:14:50.469, 1, GPU-609dad44-ba7d-bab2-0915-e9b0b033ff14, NVIDIA A100-SXM4-40GB, 37017, 40960, 8, 105.87, 33
nid001121,2026/05/02 02:14:50.471, 2, GPU-aad97d9d-6ff8-bc8d-0481-0c3f454fa1c0, NVIDIA A100-SXM4-40GB, 37017, 40960, 14, 109.46, 34
nid001121,2026/05/02 02:14:50.472, 3, GPU-7d9c6827-58f4-451d-6e2f-de41351f3aa8, NVIDIA A100-SXM4-40GB, 37017, 40960, 5, 98.23, 32
nid001124,2026/05/02 02:14:51.625, 0, GPU-ea60c39f-8348-3f52-3b10-288cfb47cb68, NVIDIA A100-SXM4-40GB, 37737, 40960, 35, 177.09, 39
nid001124,2026/05/02 02:14:51.629, 1, GPU-e687c310-f91d-421a-4706-8e960a8458df, NVIDIA A100-SXM4-40GB, 37731, 40960, 61, 108.33, 34
nid001124,2026/05/02 02:14:51.630, 2, GPU-dfbfc0a1-5bdd-9a67-abb3-e6f3ac7d37b7, NVIDIA A100-SXM4-40GB, 37731, 40960, 30, 100.11, 36
nid001124,2026/05/02 02:14:51.632, 3, GPU-145799ee-88ab-a08b-a7c5-5e22d5beb30f, NVIDIA A100-SXM4-40GB, 37731, 40960, 32, 105.76, 34
nid001121,2026/05/02 02:14:54.801, 0, GPU-1142dc10-04e1-8104-b58f-6e9c4e3ad695, NVIDIA A100-SXM4-40GB, 37219, 40960, 22, 111.53, 37
nid001121,2026/05/02 02:14:54.804, 1, GPU-609dad44-ba7d-bab2-0915-e9b0b033ff14, NVIDIA A100-SXM4-40GB, 37017, 40960, 10, 105.87, 33
nid001121,2026/05/02 02:14:54.806, 2, GPU-aad97d9d-6ff8-bc8d-0481-0c3f454fa1c0, NVIDIA A100-SXM4-40GB, 37017, 40960, 16, 109.33, 34
nid001121,2026/05/02 02:14:54.807, 3, GPU-7d9c6827-58f4-451d-6e2f-de41351f3aa8, NVIDIA A100-SXM4-40GB, 37017, 40960, 7, 98.64, 32
nid001124,2026/05/02 02:14:55.699, 0, GPU-ea60c39f-8348-3f52-3b10-288cfb47cb68, NVIDIA A100-SXM4-40GB, 37737, 40960, 0, 104.84, 38
nid001124,2026/05/02 02:14:55.702, 1, GPU-e687c310-f91d-421a-4706-8e960a8458df, NVIDIA A100-SXM4-40GB, 37731, 40960, 32, 103.20, 34
nid001124,2026/05/02 02:14:55.703, 2, GPU-dfbfc0a1-5bdd-9a67-abb3-e6f3ac7d37b7, NVIDIA A100-SXM4-40GB, 37731, 40960, 21, 100.11, 36
nid001124,2026/05/02 02:14:55.705, 3, GPU-145799ee-88ab-a08b-a7c5-5e22d5beb30f, NVIDIA A100-SXM4-40GB, 37731, 40960, 6, 103.08, 33
nid001121,2026/05/02 02:14:58.847, 0, GPU-1142dc10-04e1-8104-b58f-6e9c4e3ad695, NVIDIA A100-SXM4-40GB, 37219, 40960, 12, 139.66, 37
nid001121,2026/05/02 02:14:58.849, 1, GPU-609dad44-ba7d-bab2-0915-e9b0b033ff14, NVIDIA A100-SXM4-40GB, 37017, 40960, 14, 144.09, 33
nid001121,2026/05/02 02:14:58.851, 2, GPU-aad97d9d-6ff8-bc8d-0481-0c3f454fa1c0, NVIDIA A100-SXM4-40GB, 37017, 40960, 7, 109.74, 35
nid001121,2026/05/02 02:14:58.853, 3, GPU-7d9c6827-58f4-451d-6e2f-de41351f3aa8, NVIDIA A100-SXM4-40GB, 37017, 40960, 14, 101.67, 32
nid001124,2026/05/02 02:15:00.002, 0, GPU-ea60c39f-8348-3f52-3b10-288cfb47cb68, NVIDIA A100-SXM4-40GB, 37737, 40960, 26, 104.96, 38
nid001124,2026/05/02 02:15:00.008, 1, GPU-e687c310-f91d-421a-4706-8e960a8458df, NVIDIA A100-SXM4-40GB, 37731, 40960, 22, 103.20, 34
nid001124,2026/05/02 02:15:00.014, 2, GPU-dfbfc0a1-5bdd-9a67-abb3-e6f3ac7d37b7, NVIDIA A100-SXM4-40GB, 37731, 40960, 26, 100.39, 36
nid001124,2026/05/02 02:15:00.022, 3, GPU-145799ee-88ab-a08b-a7c5-5e22d5beb30f, NVIDIA A100-SXM4-40GB, 37731, 40960, 8, 103.08, 33
nid001121,2026/05/02 02:15:03.149, 0, GPU-1142dc10-04e1-8104-b58f-6e9c4e3ad695, NVIDIA A100-SXM4-40GB, 37219, 40960, 8, 105.53, 37
nid001121,2026/05/02 02:15:03.152, 1, GPU-609dad44-ba7d-bab2-0915-e9b0b033ff14, NVIDIA A100-SXM4-40GB, 37017, 40960, 20, 106.16, 33
nid001121,2026/05/02 02:15:03.154, 2, GPU-aad97d9d-6ff8-bc8d-0481-0c3f454fa1c0, NVIDIA A100-SXM4-40GB, 37017, 40960, 11, 111.51, 35
nid001121,2026/05/02 02:15:03.156, 3, GPU-7d9c6827-58f4-451d-6e2f-de41351f3aa8, NVIDIA A100-SXM4-40GB, 37017, 40960, 26, 110.88, 33
nid001124,2026/05/02 02:15:04.261, 0, GPU-ea60c39f-8348-3f52-3b10-288cfb47cb68, NVIDIA A100-SXM4-40GB, 37737, 40960, 18, 109.87, 39
nid001124,2026/05/02 02:15:04.264, 1, GPU-e687c310-f91d-421a-4706-8e960a8458df, NVIDIA A100-SXM4-40GB, 37731, 40960, 25, 103.48, 34
nid001124,2026/05/02 02:15:04.266, 2, GPU-dfbfc0a1-5bdd-9a67-abb3-e6f3ac7d37b7, NVIDIA A100-SXM4-40GB, 37731, 40960, 36, 125.59, 37
nid001124,2026/05/02 02:15:04.267, 3, GPU-145799ee-88ab-a08b-a7c5-5e22d5beb30f, NVIDIA A100-SXM4-40GB, 37731, 40960, 23, 115.07, 33
nid001121,2026/05/02 02:15:07.415, 0, GPU-1142dc10-04e1-8104-b58f-6e9c4e3ad695, NVIDIA A100-SXM4-40GB, 37219, 40960, 4, 178.50, 37
nid001121,2026/05/02 02:15:07.418, 1, GPU-609dad44-ba7d-bab2-0915-e9b0b033ff14, NVIDIA A100-SXM4-40GB, 37017, 40960, 12, 106.04, 33
nid001121,2026/05/02 02:15:07.419, 2, GPU-aad97d9d-6ff8-bc8d-0481-0c3f454fa1c0, NVIDIA A100-SXM4-40GB, 37017, 40960, 10, 110.38, 34
nid001121,2026/05/02 02:15:07.421, 3, GPU-7d9c6827-58f4-451d-6e2f-de41351f3aa8, NVIDIA A100-SXM4-40GB, 37017, 40960, 14, 101.96, 32
nid001124,2026/05/02 02:15:08.513, 0, GPU-ea60c39f-8348-3f52-3b10-288cfb47cb68, NVIDIA A100-SXM4-40GB, 37737, 40960, 52, 122.78, 38
nid001124,2026/05/02 02:15:08.517, 1, GPU-e687c310-f91d-421a-4706-8e960a8458df, NVIDIA A100-SXM4-40GB, 37731, 40960, 16, 103.84, 34
nid001124,2026/05/02 02:15:08.519, 2, GPU-dfbfc0a1-5bdd-9a67-abb3-e6f3ac7d37b7, NVIDIA A100-SXM4-40GB, 37731, 40960, 53, 122.50, 37
nid001124,2026/05/02 02:15:08.520, 3, GPU-145799ee-88ab-a08b-a7c5-5e22d5beb30f, NVIDIA A100-SXM4-40GB, 37731, 40960, 32, 122.12, 33
nid001121,2026/05/02 02:15:11.559, 0, GPU-1142dc10-04e1-8104-b58f-6e9c4e3ad695, NVIDIA A100-SXM4-40GB, 37219, 40960, 6, 105.28, 36
nid001121,2026/05/02 02:15:11.562, 1, GPU-609dad44-ba7d-bab2-0915-e9b0b033ff14, NVIDIA A100-SXM4-40GB, 37017, 40960, 6, 106.04, 33
nid001121,2026/05/02 02:15:11.564, 2, GPU-aad97d9d-6ff8-bc8d-0481-0c3f454fa1c0, NVIDIA A100-SXM4-40GB, 37017, 40960, 8, 109.61, 34
nid001121,2026/05/02 02:15:11.566, 3, GPU-7d9c6827-58f4-451d-6e2f-de41351f3aa8, NVIDIA A100-SXM4-40GB, 37017, 40960, 14, 98.24, 32
nid001124,2026/05/02 02:15:12.618, 0, GPU-ea60c39f-8348-3f52-3b10-288cfb47cb68, NVIDIA A100-SXM4-40GB, 37737, 40960, 6, 106.89, 39
nid001124,2026/05/02 02:15:12.621, 1, GPU-e687c310-f91d-421a-4706-8e960a8458df, NVIDIA A100-SXM4-40GB, 37731, 40960, 21, 145.26, 34
nid001124,2026/05/02 02:15:12.623, 2, GPU-dfbfc0a1-5bdd-9a67-abb3-e6f3ac7d37b7, NVIDIA A100-SXM4-40GB, 37731, 40960, 24, 108.82, 37
nid001124,2026/05/02 02:15:12.624, 3, GPU-145799ee-88ab-a08b-a7c5-5e22d5beb30f, NVIDIA A100-SXM4-40GB, 37731, 40960, 0, 106.42, 34
nid001121,2026/05/02 02:15:15.590, 0, GPU-1142dc10-04e1-8104-b58f-6e9c4e3ad695, NVIDIA A100-SXM4-40GB, 37219, 40960, 8, 105.28, 37
nid001121,2026/05/02 02:15:15.593, 1, GPU-609dad44-ba7d-bab2-0915-e9b0b033ff14, NVIDIA A100-SXM4-40GB, 37017, 40960, 10, 106.79, 33
nid001121,2026/05/02 02:15:15.595, 2, GPU-aad97d9d-6ff8-bc8d-0481-0c3f454fa1c0, NVIDIA A100-SXM4-40GB, 37017, 40960, 4, 124.25, 34
nid001121,2026/05/02 02:15:15.596, 3, GPU-7d9c6827-58f4-451d-6e2f-de41351f3aa8, NVIDIA A100-SXM4-40GB, 37017, 40960, 7, 139.61, 32
nid001124,2026/05/02 02:15:16.581, 0, GPU-ea60c39f-8348-3f52-3b10-288cfb47cb68, NVIDIA A100-SXM4-40GB, 37737, 40960, 12, 112.42, 39
nid001124,2026/05/02 02:15:16.584, 1, GPU-e687c310-f91d-421a-4706-8e960a8458df, NVIDIA A100-SXM4-40GB, 37731, 40960, 39, 103.36, 34
nid001124,2026/05/02 02:15:16.586, 2, GPU-dfbfc0a1-5bdd-9a67-abb3-e6f3ac7d37b7, NVIDIA A100-SXM4-40GB, 37731, 40960, 18, 100.27, 36
nid001124,2026/05/02 02:15:16.588, 3, GPU-145799ee-88ab-a08b-a7c5-5e22d5beb30f, NVIDIA A100-SXM4-40GB, 37731, 40960, 14, 102.96, 33
nid001121,2026/05/02 02:15:19.514, 0, GPU-1142dc10-04e1-8104-b58f-6e9c4e3ad695, NVIDIA A100-SXM4-40GB, 37219, 40960, 18, 131.78, 37
nid001121,2026/05/02 02:15:19.517, 1, GPU-609dad44-ba7d-bab2-0915-e9b0b033ff14, NVIDIA A100-SXM4-40GB, 37017, 40960, 12, 105.75, 33
nid001121,2026/05/02 02:15:19.519, 2, GPU-aad97d9d-6ff8-bc8d-0481-0c3f454fa1c0, NVIDIA A100-SXM4-40GB, 37017, 40960, 23, 109.09, 34
nid001121,2026/05/02 02:15:19.520, 3, GPU-7d9c6827-58f4-451d-6e2f-de41351f3aa8, NVIDIA A100-SXM4-40GB, 37017, 40960, 9, 98.00, 32
nid001124,2026/05/02 02:15:20.524, 0, GPU-ea60c39f-8348-3f52-3b10-288cfb47cb68, NVIDIA A100-SXM4-40GB, 37737, 40960, 2, 104.60, 38
nid001124,2026/05/02 02:15:20.529, 1, GPU-e687c310-f91d-421a-4706-8e960a8458df, NVIDIA A100-SXM4-40GB, 37731, 40960, 9, 103.07, 35
nid001124,2026/05/02 02:15:20.531, 2, GPU-dfbfc0a1-5bdd-9a67-abb3-e6f3ac7d37b7, NVIDIA A100-SXM4-40GB, 37731, 40960, 27, 100.39, 36
nid001124,2026/05/02 02:15:20.532, 3, GPU-145799ee-88ab-a08b-a7c5-5e22d5beb30f, NVIDIA A100-SXM4-40GB, 37731, 40960, 49, 102.96, 33
nid001121,2026/05/02 02:15:23.491, 0, GPU-1142dc10-04e1-8104-b58f-6e9c4e3ad695, NVIDIA A100-SXM4-40GB, 37219, 40960, 15, 105.64, 37
nid001121,2026/05/02 02:15:23.494, 1, GPU-609dad44-ba7d-bab2-0915-e9b0b033ff14, NVIDIA A100-SXM4-40GB, 37017, 40960, 4, 105.87, 33
nid001121,2026/05/02 02:15:23.497, 2, GPU-aad97d9d-6ff8-bc8d-0481-0c3f454fa1c0, NVIDIA A100-SXM4-40GB, 37017, 40960, 3, 109.33, 34
nid001121,2026/05/02 02:15:23.499, 3, GPU-7d9c6827-58f4-451d-6e2f-de41351f3aa8, NVIDIA A100-SXM4-40GB, 37017, 40960, 18, 98.35, 32
nid001124,2026/05/02 02:15:24.427, 0, GPU-ea60c39f-8348-3f52-3b10-288cfb47cb68, NVIDIA A100-SXM4-40GB, 37737, 40960, 12, 104.84, 38
nid001124,2026/05/02 02:15:24.430, 1, GPU-e687c310-f91d-421a-4706-8e960a8458df, NVIDIA A100-SXM4-40GB, 37731, 40960, 29, 103.07, 34
nid001124,2026/05/02 02:15:24.432, 2, GPU-dfbfc0a1-5bdd-9a67-abb3-e6f3ac7d37b7, NVIDIA A100-SXM4-40GB, 37731, 40960, 12, 100.75, 36
nid001124,2026/05/02 02:15:24.433, 3, GPU-145799ee-88ab-a08b-a7c5-5e22d5beb30f, NVIDIA A100-SXM4-40GB, 37731, 40960, 18, 103.20, 33
nid001121,2026/05/02 02:15:27.330, 0, GPU-1142dc10-04e1-8104-b58f-6e9c4e3ad695, NVIDIA A100-SXM4-40GB, 37219, 40960, 18, 105.12, 37
nid001121,2026/05/02 02:15:27.333, 1, GPU-609dad44-ba7d-bab2-0915-e9b0b033ff14, NVIDIA A100-SXM4-40GB, 37017, 40960, 0, 105.75, 34
nid001121,2026/05/02 02:15:27.335, 2, GPU-aad97d9d-6ff8-bc8d-0481-0c3f454fa1c0, NVIDIA A100-SXM4-40GB, 37017, 40960, 8, 167.21, 34
nid001121,2026/05/02 02:15:27.339, 3, GPU-7d9c6827-58f4-451d-6e2f-de41351f3aa8, NVIDIA A100-SXM4-40GB, 37017, 40960, 16, 98.12, 32
nid001124,2026/05/02 02:15:28.217, 0, GPU-ea60c39f-8348-3f52-3b10-288cfb47cb68, NVIDIA A100-SXM4-40GB, 37737, 40960, 16, 105.12, 38
nid001124,2026/05/02 02:15:28.220, 1, GPU-e687c310-f91d-421a-4706-8e960a8458df, NVIDIA A100-SXM4-40GB, 37731, 40960, 13, 103.07, 34
nid001124,2026/05/02 02:15:28.221, 2, GPU-dfbfc0a1-5bdd-9a67-abb3-e6f3ac7d37b7, NVIDIA A100-SXM4-40GB, 37731, 40960, 27, 100.51, 36
nid001124,2026/05/02 02:15:28.223, 3, GPU-145799ee-88ab-a08b-a7c5-5e22d5beb30f, NVIDIA A100-SXM4-40GB, 37731, 40960, 15, 103.20, 33
nid001121,2026/05/02 02:15:31.161, 0, GPU-1142dc10-04e1-8104-b58f-6e9c4e3ad695, NVIDIA A100-SXM4-40GB, 37219, 40960, 5, 105.28, 37
nid001121,2026/05/02 02:15:31.164, 1, GPU-609dad44-ba7d-bab2-0915-e9b0b033ff14, NVIDIA A100-SXM4-40GB, 37017, 40960, 4, 106.27, 33
nid001121,2026/05/02 02:15:31.166, 2, GPU-aad97d9d-6ff8-bc8d-0481-0c3f454fa1c0, NVIDIA A100-SXM4-40GB, 37017, 40960, 9, 109.33, 34
nid001121,2026/05/02 02:15:31.167, 3, GPU-7d9c6827-58f4-451d-6e2f-de41351f3aa8, NVIDIA A100-SXM4-40GB, 37017, 40960, 32, 98.12, 32
nid001124,2026/05/02 02:15:32.052, 0, GPU-ea60c39f-8348-3f52-3b10-288cfb47cb68, NVIDIA A100-SXM4-40GB, 37737, 40960, 49, 118.69, 39
nid001124,2026/05/02 02:15:32.063, 1, GPU-e687c310-f91d-421a-4706-8e960a8458df, NVIDIA A100-SXM4-40GB, 37731, 40960, 31, 103.96, 34
nid001124,2026/05/02 02:15:32.068, 2, GPU-dfbfc0a1-5bdd-9a67-abb3-e6f3ac7d37b7, NVIDIA A100-SXM4-40GB, 37731, 40960, 21, 113.69, 37
nid001124,2026/05/02 02:15:32.075, 3, GPU-145799ee-88ab-a08b-a7c5-5e22d5beb30f, NVIDIA A100-SXM4-40GB, 37731, 40960, 44, 107.94, 33
nid001121,2026/05/02 02:15:35.050, 0, GPU-1142dc10-04e1-8104-b58f-6e9c4e3ad695, NVIDIA A100-SXM4-40GB, 37219, 40960, 4, 107.15, 37
nid001121,2026/05/02 02:15:35.054, 1, GPU-609dad44-ba7d-bab2-0915-e9b0b033ff14, NVIDIA A100-SXM4-40GB, 37017, 40960, 0, 136.86, 33
nid001121,2026/05/02 02:15:35.055, 2, GPU-aad97d9d-6ff8-bc8d-0481-0c3f454fa1c0, NVIDIA A100-SXM4-40GB, 37017, 40960, 7, 109.33, 34
nid001121,2026/05/02 02:15:35.057, 3, GPU-7d9c6827-58f4-451d-6e2f-de41351f3aa8, NVIDIA A100-SXM4-40GB, 37017, 40960, 13, 98.64, 32
nid001124,2026/05/02 02:15:35.912, 0, GPU-ea60c39f-8348-3f52-3b10-288cfb47cb68, NVIDIA A100-SXM4-40GB, 37737, 40960, 26, 104.96, 38
nid001124,2026/05/02 02:15:35.916, 1, GPU-e687c310-f91d-421a-4706-8e960a8458df, NVIDIA A100-SXM4-40GB, 37731, 40960, 28, 102.96, 34
nid001124,2026/05/02 02:15:35.918, 2, GPU-dfbfc0a1-5bdd-9a67-abb3-e6f3ac7d37b7, NVIDIA A100-SXM4-40GB, 37731, 40960, 34, 100.39, 36
nid001124,2026/05/02 02:15:35.920, 3, GPU-145799ee-88ab-a08b-a7c5-5e22d5beb30f, NVIDIA A100-SXM4-40GB, 37731, 40960, 30, 103.08, 33
nid001121,2026/05/02 02:15:38.984, 0, GPU-1142dc10-04e1-8104-b58f-6e9c4e3ad695, NVIDIA A100-SXM4-40GB, 37219, 40960, 23, 105.12, 36
nid001121,2026/05/02 02:15:38.987, 1, GPU-609dad44-ba7d-bab2-0915-e9b0b033ff14, NVIDIA A100-SXM4-40GB, 37017, 40960, 4, 105.87, 33
nid001121,2026/05/02 02:15:38.989, 2, GPU-aad97d9d-6ff8-bc8d-0481-0c3f454fa1c0, NVIDIA A100-SXM4-40GB, 37017, 40960, 27, 109.22, 34
nid001121,2026/05/02 02:15:38.990, 3, GPU-7d9c6827-58f4-451d-6e2f-de41351f3aa8, NVIDIA A100-SXM4-40GB, 37017, 40960, 4, 98.12, 32
nid001124,2026/05/02 02:15:39.976, 0, GPU-ea60c39f-8348-3f52-3b10-288cfb47cb68, NVIDIA A100-SXM4-40GB, 37737, 40960, 16, 105.78, 38
nid001124,2026/05/02 02:15:39.979, 1, GPU-e687c310-f91d-421a-4706-8e960a8458df, NVIDIA A100-SXM4-40GB, 37731, 40960, 41, 103.20, 34
nid001124,2026/05/02 02:15:39.981, 2, GPU-dfbfc0a1-5bdd-9a67-abb3-e6f3ac7d37b7, NVIDIA A100-SXM4-40GB, 37731, 40960, 52, 155.00, 37
nid001124,2026/05/02 02:15:39.983, 3, GPU-145799ee-88ab-a08b-a7c5-5e22d5beb30f, NVIDIA A100-SXM4-40GB, 37731, 40960, 6, 125.44, 33
nid001121,2026/05/02 02:15:43.001, 0, GPU-1142dc10-04e1-8104-b58f-6e9c4e3ad695, NVIDIA A100-SXM4-40GB, 37219, 40960, 25, 107.44, 36
nid001121,2026/05/02 02:15:43.004, 1, GPU-609dad44-ba7d-bab2-0915-e9b0b033ff14, NVIDIA A100-SXM4-40GB, 37017, 40960, 4, 105.87, 33
nid001121,2026/05/02 02:15:43.006, 2, GPU-aad97d9d-6ff8-bc8d-0481-0c3f454fa1c0, NVIDIA A100-SXM4-40GB, 37017, 40960, 17, 110.51, 34
nid001121,2026/05/02 02:15:43.007, 3, GPU-7d9c6827-58f4-451d-6e2f-de41351f3aa8, NVIDIA A100-SXM4-40GB, 37017, 40960, 16, 98.64, 32
nid001124,2026/05/02 02:15:43.993, 0, GPU-ea60c39f-8348-3f52-3b10-288cfb47cb68, NVIDIA A100-SXM4-40GB, 37737, 40960, 6, 104.96, 38
nid001124,2026/05/02 02:15:44.000, 1, GPU-e687c310-f91d-421a-4706-8e960a8458df, NVIDIA A100-SXM4-40GB, 37731, 40960, 0, 103.20, 34
nid001124,2026/05/02 02:15:44.007, 2, GPU-dfbfc0a1-5bdd-9a67-abb3-e6f3ac7d37b7, NVIDIA A100-SXM4-40GB, 37731, 40960, 0, 100.63, 37
nid001124,2026/05/02 02:15:44.013, 3, GPU-145799ee-88ab-a08b-a7c5-5e22d5beb30f, NVIDIA A100-SXM4-40GB, 37731, 40960, 18, 103.60, 33
nid001121,2026/05/02 02:15:46.937, 0, GPU-1142dc10-04e1-8104-b58f-6e9c4e3ad695, NVIDIA A100-SXM4-40GB, 37219, 40960, 100, 144.26, 38
nid001121,2026/05/02 02:15:46.940, 1, GPU-609dad44-ba7d-bab2-0915-e9b0b033ff14, NVIDIA A100-SXM4-40GB, 37017, 40960, 2, 233.66, 35
nid001121,2026/05/02 02:15:46.942, 2, GPU-aad97d9d-6ff8-bc8d-0481-0c3f454fa1c0, NVIDIA A100-SXM4-40GB, 37017, 40960, 52, 132.33, 35
nid001121,2026/05/02 02:15:46.946, 3, GPU-7d9c6827-58f4-451d-6e2f-de41351f3aa8, NVIDIA A100-SXM4-40GB, 37017, 40960, 57, 118.74, 34
nid001124,2026/05/02 02:15:47.947, 0, GPU-ea60c39f-8348-3f52-3b10-288cfb47cb68, NVIDIA A100-SXM4-40GB, 37737, 40960, 60, 105.49, 39
nid001124,2026/05/02 02:15:47.950, 1, GPU-e687c310-f91d-421a-4706-8e960a8458df, NVIDIA A100-SXM4-40GB, 37731, 40960, 53, 111.37, 35
nid001124,2026/05/02 02:15:47.952, 2, GPU-dfbfc0a1-5bdd-9a67-abb3-e6f3ac7d37b7, NVIDIA A100-SXM4-40GB, 37731, 40960, 52, 101.15, 37
nid001124,2026/05/02 02:15:47.957, 3, GPU-145799ee-88ab-a08b-a7c5-5e22d5beb30f, NVIDIA A100-SXM4-40GB, 37731, 40960, 50, 103.32, 34
nid001121,2026/05/02 02:15:51.021, 0, GPU-1142dc10-04e1-8104-b58f-6e9c4e3ad695, NVIDIA A100-SXM4-40GB, 37219, 40960, 0, 105.24, 36
nid001121,2026/05/02 02:15:51.024, 1, GPU-609dad44-ba7d-bab2-0915-e9b0b033ff14, NVIDIA A100-SXM4-40GB, 37017, 40960, 0, 106.40, 33
nid001121,2026/05/02 02:15:51.026, 2, GPU-aad97d9d-6ff8-bc8d-0481-0c3f454fa1c0, NVIDIA A100-SXM4-40GB, 37017, 40960, 15, 109.22, 34
nid001121,2026/05/02 02:15:51.028, 3, GPU-7d9c6827-58f4-451d-6e2f-de41351f3aa8, NVIDIA A100-SXM4-40GB, 37017, 40960, 18, 98.23, 32
nid001124,2026/05/02 02:15:52.054, 0, GPU-ea60c39f-8348-3f52-3b10-288cfb47cb68, NVIDIA A100-SXM4-40GB, 37737, 40960, 34, 113.55, 39
nid001124,2026/05/02 02:15:52.056, 1, GPU-e687c310-f91d-421a-4706-8e960a8458df, NVIDIA A100-SXM4-40GB, 37731, 40960, 33, 103.72, 34
nid001124,2026/05/02 02:15:52.058, 2, GPU-dfbfc0a1-5bdd-9a67-abb3-e6f3ac7d37b7, NVIDIA A100-SXM4-40GB, 37731, 40960, 47, 160.10, 37
nid001124,2026/05/02 02:15:52.061, 3, GPU-145799ee-88ab-a08b-a7c5-5e22d5beb30f, NVIDIA A100-SXM4-40GB, 37731, 40960, 63, 144.60, 33
nid001121,2026/05/02 02:15:54.990, 0, GPU-1142dc10-04e1-8104-b58f-6e9c4e3ad695, NVIDIA A100-SXM4-40GB, 37219, 40960, 4, 105.76, 37
nid001121,2026/05/02 02:15:54.993, 1, GPU-609dad44-ba7d-bab2-0915-e9b0b033ff14, NVIDIA A100-SXM4-40GB, 37017, 40960, 15, 105.87, 33
nid001121,2026/05/02 02:15:54.995, 2, GPU-aad97d9d-6ff8-bc8d-0481-0c3f454fa1c0, NVIDIA A100-SXM4-40GB, 37017, 40960, 8, 109.99, 34
nid001121,2026/05/02 02:15:54.997, 3, GPU-7d9c6827-58f4-451d-6e2f-de41351f3aa8, NVIDIA A100-SXM4-40GB, 37017, 40960, 13, 98.75, 32
nid001124,2026/05/02 02:15:55.856, 0, GPU-ea60c39f-8348-3f52-3b10-288cfb47cb68, NVIDIA A100-SXM4-40GB, 37737, 40960, 5, 104.96, 38
nid001124,2026/05/02 02:15:55.859, 1, GPU-e687c310-f91d-421a-4706-8e960a8458df, NVIDIA A100-SXM4-40GB, 37731, 40960, 18, 103.20, 34
nid001124,2026/05/02 02:15:55.861, 2, GPU-dfbfc0a1-5bdd-9a67-abb3-e6f3ac7d37b7, NVIDIA A100-SXM4-40GB, 37731, 40960, 5, 100.11, 36
nid001124,2026/05/02 02:15:55.862, 3, GPU-145799ee-88ab-a08b-a7c5-5e22d5beb30f, NVIDIA A100-SXM4-40GB, 37731, 40960, 3, 103.08, 33
nid001121,2026/05/02 02:15:58.875, 0, GPU-1142dc10-04e1-8104-b58f-6e9c4e3ad695, NVIDIA A100-SXM4-40GB, 37219, 40960, 10, 105.12, 36
nid001121,2026/05/02 02:15:58.878, 1, GPU-609dad44-ba7d-bab2-0915-e9b0b033ff14, NVIDIA A100-SXM4-40GB, 37017, 40960, 19, 105.87, 33
nid001121,2026/05/02 02:15:58.879, 2, GPU-aad97d9d-6ff8-bc8d-0481-0c3f454fa1c0, NVIDIA A100-SXM4-40GB, 37017, 40960, 15, 109.22, 34
nid001121,2026/05/02 02:15:58.881, 3, GPU-7d9c6827-58f4-451d-6e2f-de41351f3aa8, NVIDIA A100-SXM4-40GB, 37017, 40960, 25, 98.12, 32
nid001124,2026/05/02 02:15:59.770, 0, GPU-ea60c39f-8348-3f52-3b10-288cfb47cb68, NVIDIA A100-SXM4-40GB, 37737, 40960, 23, 171.93, 38
nid001124,2026/05/02 02:15:59.773, 1, GPU-e687c310-f91d-421a-4706-8e960a8458df, NVIDIA A100-SXM4-40GB, 37731, 40960, 62, 106.76, 34
nid001124,2026/05/02 02:15:59.775, 2, GPU-dfbfc0a1-5bdd-9a67-abb3-e6f3ac7d37b7, NVIDIA A100-SXM4-40GB, 37731, 40960, 32, 101.15, 37
nid001124,2026/05/02 02:15:59.777, 3, GPU-145799ee-88ab-a08b-a7c5-5e22d5beb30f, NVIDIA A100-SXM4-40GB, 37731, 40960, 14, 103.32, 33
nid001121,2026/05/02 02:16:02.739, 0, GPU-1142dc10-04e1-8104-b58f-6e9c4e3ad695, NVIDIA A100-SXM4-40GB, 37219, 40960, 12, 105.12, 37
nid001121,2026/05/02 02:16:02.742, 1, GPU-609dad44-ba7d-bab2-0915-e9b0b033ff14, NVIDIA A100-SXM4-40GB, 37017, 40960, 16, 106.40, 33
nid001121,2026/05/02 02:16:02.743, 2, GPU-aad97d9d-6ff8-bc8d-0481-0c3f454fa1c0, NVIDIA A100-SXM4-40GB, 37017, 40960, 4, 146.23, 35
nid001121,2026/05/02 02:16:02.748, 3, GPU-7d9c6827-58f4-451d-6e2f-de41351f3aa8, NVIDIA A100-SXM4-40GB, 37017, 40960, 20, 114.19, 32
nid001124,2026/05/02 02:16:03.732, 0, GPU-ea60c39f-8348-3f52-3b10-288cfb47cb68, NVIDIA A100-SXM4-40GB, 37737, 40960, 23, 108.59, 38
nid001124,2026/05/02 02:16:03.740, 1, GPU-e687c310-f91d-421a-4706-8e960a8458df, NVIDIA A100-SXM4-40GB, 37731, 40960, 40, 103.20, 34
nid001124,2026/05/02 02:16:03.744, 2, GPU-dfbfc0a1-5bdd-9a67-abb3-e6f3ac7d37b7, NVIDIA A100-SXM4-40GB, 37731, 40960, 17, 161.19, 37
nid001124,2026/05/02 02:16:03.746, 3, GPU-145799ee-88ab-a08b-a7c5-5e22d5beb30f, NVIDIA A100-SXM4-40GB, 37731, 40960, 21, 133.33, 33
nid001121,2026/05/02 02:16:06.696, 0, GPU-1142dc10-04e1-8104-b58f-6e9c4e3ad695, NVIDIA A100-SXM4-40GB, 37219, 40960, 11, 144.02, 37
nid001121,2026/05/02 02:16:06.699, 1, GPU-609dad44-ba7d-bab2-0915-e9b0b033ff14, NVIDIA A100-SXM4-40GB, 37017, 40960, 4, 107.15, 33
nid001121,2026/05/02 02:16:06.701, 2, GPU-aad97d9d-6ff8-bc8d-0481-0c3f454fa1c0, NVIDIA A100-SXM4-40GB, 37017, 40960, 6, 182.76, 34
nid001121,2026/05/02 02:16:06.703, 3, GPU-7d9c6827-58f4-451d-6e2f-de41351f3aa8, NVIDIA A100-SXM4-40GB, 37017, 40960, 4, 132.10, 32
nid001124,2026/05/02 02:16:07.624, 0, GPU-ea60c39f-8348-3f52-3b10-288cfb47cb68, NVIDIA A100-SXM4-40GB, 37737, 40960, 2, 104.96, 38
nid001124,2026/05/02 02:16:07.627, 1, GPU-e687c310-f91d-421a-4706-8e960a8458df, NVIDIA A100-SXM4-40GB, 37731, 40960, 41, 113.70, 34
nid001124,2026/05/02 02:16:07.629, 2, GPU-dfbfc0a1-5bdd-9a67-abb3-e6f3ac7d37b7, NVIDIA A100-SXM4-40GB, 37731, 40960, 30, 102.68, 37
nid001124,2026/05/02 02:16:07.631, 3, GPU-145799ee-88ab-a08b-a7c5-5e22d5beb30f, NVIDIA A100-SXM4-40GB, 37731, 40960, 27, 103.84, 33
nid001121,2026/05/02 02:16:10.640, 0, GPU-1142dc10-04e1-8104-b58f-6e9c4e3ad695, NVIDIA A100-SXM4-40GB, 37219, 40960, 17, 167.49, 37
nid001121,2026/05/02 02:16:10.643, 1, GPU-609dad44-ba7d-bab2-0915-e9b0b033ff14, NVIDIA A100-SXM4-40GB, 37017, 40960, 19, 105.87, 33
nid001121,2026/05/02 02:16:10.645, 2, GPU-aad97d9d-6ff8-bc8d-0481-0c3f454fa1c0, NVIDIA A100-SXM4-40GB, 37017, 40960, 8, 109.46, 35
nid001121,2026/05/02 02:16:10.648, 3, GPU-7d9c6827-58f4-451d-6e2f-de41351f3aa8, NVIDIA A100-SXM4-40GB, 37017, 40960, 29, 164.69, 32
nid001124,2026/05/02 02:16:11.573, 0, GPU-ea60c39f-8348-3f52-3b10-288cfb47cb68, NVIDIA A100-SXM4-40GB, 37737, 40960, 28, 107.02, 38
nid001124,2026/05/02 02:16:11.576, 1, GPU-e687c310-f91d-421a-4706-8e960a8458df, NVIDIA A100-SXM4-40GB, 37731, 40960, 13, 103.20, 34
nid001124,2026/05/02 02:16:11.578, 2, GPU-dfbfc0a1-5bdd-9a67-abb3-e6f3ac7d37b7, NVIDIA A100-SXM4-40GB, 37731, 40960, 4, 167.32, 37
nid001124,2026/05/02 02:16:11.579, 3, GPU-145799ee-88ab-a08b-a7c5-5e22d5beb30f, NVIDIA A100-SXM4-40GB, 37731, 40960, 0, 127.35, 33
nid001121,2026/05/02 02:16:14.567, 0, GPU-1142dc10-04e1-8104-b58f-6e9c4e3ad695, NVIDIA A100-SXM4-40GB, 37219, 40960, 13, 150.89, 37
nid001121,2026/05/02 02:16:14.569, 1, GPU-609dad44-ba7d-bab2-0915-e9b0b033ff14, NVIDIA A100-SXM4-40GB, 37017, 40960, 7, 108.20, 33
nid001121,2026/05/02 02:16:14.571, 2, GPU-aad97d9d-6ff8-bc8d-0481-0c3f454fa1c0, NVIDIA A100-SXM4-40GB, 37017, 40960, 22, 109.46, 34
nid001121,2026/05/02 02:16:14.573, 3, GPU-7d9c6827-58f4-451d-6e2f-de41351f3aa8, NVIDIA A100-SXM4-40GB, 37017, 40960, 22, 98.23, 32
nid001124,2026/05/02 02:16:15.506, 0, GPU-ea60c39f-8348-3f52-3b10-288cfb47cb68, NVIDIA A100-SXM4-40GB, 37737, 40960, 10, 110.87, 38
nid001124,2026/05/02 02:16:15.510, 1, GPU-e687c310-f91d-421a-4706-8e960a8458df, NVIDIA A100-SXM4-40GB, 37731, 40960, 49, 103.48, 34
nid001124,2026/05/02 02:16:15.511, 2, GPU-dfbfc0a1-5bdd-9a67-abb3-e6f3ac7d37b7, NVIDIA A100-SXM4-40GB, 37731, 40960, 36, 104.21, 37
nid001124,2026/05/02 02:16:15.513, 3, GPU-145799ee-88ab-a08b-a7c5-5e22d5beb30f, NVIDIA A100-SXM4-40GB, 37731, 40960, 20, 142.79, 33
nid001121,2026/05/02 02:16:18.459, 0, GPU-1142dc10-04e1-8104-b58f-6e9c4e3ad695, NVIDIA A100-SXM4-40GB, 37219, 40960, 19, 106.29, 37
nid001121,2026/05/02 02:16:18.467, 1, GPU-609dad44-ba7d-bab2-0915-e9b0b033ff14, NVIDIA A100-SXM4-40GB, 37017, 40960, 11, 105.87, 34
nid001121,2026/05/02 02:16:18.472, 2, GPU-aad97d9d-6ff8-bc8d-0481-0c3f454fa1c0, NVIDIA A100-SXM4-40GB, 37017, 40960, 8, 109.74, 34
nid001121,2026/05/02 02:16:18.474, 3, GPU-7d9c6827-58f4-451d-6e2f-de41351f3aa8, NVIDIA A100-SXM4-40GB, 37017, 40960, 1, 98.47, 32
nid001124,2026/05/02 02:16:19.341, 0, GPU-ea60c39f-8348-3f52-3b10-288cfb47cb68, NVIDIA A100-SXM4-40GB, 37737, 40960, 0, 108.07, 38
nid001124,2026/05/02 02:16:19.343, 1, GPU-e687c310-f91d-421a-4706-8e960a8458df, NVIDIA A100-SXM4-40GB, 37731, 40960, 16, 102.96, 34
nid001124,2026/05/02 02:16:19.345, 2, GPU-dfbfc0a1-5bdd-9a67-abb3-e6f3ac7d37b7, NVIDIA A100-SXM4-40GB, 37731, 40960, 22, 178.06, 37
nid001124,2026/05/02 02:16:19.347, 3, GPU-145799ee-88ab-a08b-a7c5-5e22d5beb30f, NVIDIA A100-SXM4-40GB, 37731, 40960, 0, 119.98, 33
nid001121,2026/05/02 02:16:22.288, 0, GPU-1142dc10-04e1-8104-b58f-6e9c4e3ad695, NVIDIA A100-SXM4-40GB, 37219, 40960, 18, 105.00, 36
nid001121,2026/05/02 02:16:22.291, 1, GPU-609dad44-ba7d-bab2-0915-e9b0b033ff14, NVIDIA A100-SXM4-40GB, 37017, 40960, 12, 151.14, 33
nid001121,2026/05/02 02:16:22.293, 2, GPU-aad97d9d-6ff8-bc8d-0481-0c3f454fa1c0, NVIDIA A100-SXM4-40GB, 37017, 40960, 20, 109.46, 35
nid001121,2026/05/02 02:16:22.294, 3, GPU-7d9c6827-58f4-451d-6e2f-de41351f3aa8, NVIDIA A100-SXM4-40GB, 37017, 40960, 21, 98.23, 32
nid001124,2026/05/02 02:16:23.224, 0, GPU-ea60c39f-8348-3f52-3b10-288cfb47cb68, NVIDIA A100-SXM4-40GB, 37737, 40960, 13, 104.73, 38
nid001124,2026/05/02 02:16:23.227, 1, GPU-e687c310-f91d-421a-4706-8e960a8458df, NVIDIA A100-SXM4-40GB, 37731, 40960, 9, 121.97, 34
nid001124,2026/05/02 02:16:23.228, 2, GPU-dfbfc0a1-5bdd-9a67-abb3-e6f3ac7d37b7, NVIDIA A100-SXM4-40GB, 37731, 40960, 14, 100.39, 37
nid001124,2026/05/02 02:16:23.230, 3, GPU-145799ee-88ab-a08b-a7c5-5e22d5beb30f, NVIDIA A100-SXM4-40GB, 37731, 40960, 8, 103.08, 33
nid001121,2026/05/02 02:16:26.142, 0, GPU-1142dc10-04e1-8104-b58f-6e9c4e3ad695, NVIDIA A100-SXM4-40GB, 37219, 40960, 30, 132.70, 37
nid001121,2026/05/02 02:16:26.145, 1, GPU-609dad44-ba7d-bab2-0915-e9b0b033ff14, NVIDIA A100-SXM4-40GB, 37017, 40960, 3, 109.20, 33
nid001121,2026/05/02 02:16:26.147, 2, GPU-aad97d9d-6ff8-bc8d-0481-0c3f454fa1c0, NVIDIA A100-SXM4-40GB, 37017, 40960, 11, 181.48, 35
nid001121,2026/05/02 02:16:26.151, 3, GPU-7d9c6827-58f4-451d-6e2f-de41351f3aa8, NVIDIA A100-SXM4-40GB, 37017, 40960, 0, 111.86, 32
nid001124,2026/05/02 02:16:27.013, 0, GPU-ea60c39f-8348-3f52-3b10-288cfb47cb68, NVIDIA A100-SXM4-40GB, 37737, 40960, 14, 105.49, 38
nid001124,2026/05/02 02:16:27.016, 1, GPU-e687c310-f91d-421a-4706-8e960a8458df, NVIDIA A100-SXM4-40GB, 37731, 40960, 19, 102.96, 34
nid001124,2026/05/02 02:16:27.018, 2, GPU-dfbfc0a1-5bdd-9a67-abb3-e6f3ac7d37b7, NVIDIA A100-SXM4-40GB, 37731, 40960, 11, 100.11, 36
nid001124,2026/05/02 02:16:27.019, 3, GPU-145799ee-88ab-a08b-a7c5-5e22d5beb30f, NVIDIA A100-SXM4-40GB, 37731, 40960, 8, 103.08, 33
nid001121,2026/05/02 02:16:29.935, 0, GPU-1142dc10-04e1-8104-b58f-6e9c4e3ad695, NVIDIA A100-SXM4-40GB, 37219, 40960, 14, 105.24, 37
nid001121,2026/05/02 02:16:29.938, 1, GPU-609dad44-ba7d-bab2-0915-e9b0b033ff14, NVIDIA A100-SXM4-40GB, 37017, 40960, 22, 105.87, 33
nid001121,2026/05/02 02:16:29.940, 2, GPU-aad97d9d-6ff8-bc8d-0481-0c3f454fa1c0, NVIDIA A100-SXM4-40GB, 37017, 40960, 6, 109.22, 34
nid001121,2026/05/02 02:16:29.941, 3, GPU-7d9c6827-58f4-451d-6e2f-de41351f3aa8, NVIDIA A100-SXM4-40GB, 37017, 40960, 4, 98.47, 32
nid001124,2026/05/02 02:16:30.778, 0, GPU-ea60c39f-8348-3f52-3b10-288cfb47cb68, NVIDIA A100-SXM4-40GB, 37737, 40960, 37, 104.96, 38
nid001124,2026/05/02 02:16:30.781, 1, GPU-e687c310-f91d-421a-4706-8e960a8458df, NVIDIA A100-SXM4-40GB, 37731, 40960, 24, 103.20, 34
nid001124,2026/05/02 02:16:30.783, 2, GPU-dfbfc0a1-5bdd-9a67-abb3-e6f3ac7d37b7, NVIDIA A100-SXM4-40GB, 37731, 40960, 38, 100.51, 36
nid001124,2026/05/02 02:16:30.785, 3, GPU-145799ee-88ab-a08b-a7c5-5e22d5beb30f, NVIDIA A100-SXM4-40GB, 37731, 40960, 12, 103.08, 33
nid001121,2026/05/02 02:16:33.694, 0, GPU-1142dc10-04e1-8104-b58f-6e9c4e3ad695, NVIDIA A100-SXM4-40GB, 37219, 40960, 13, 111.89, 37
nid001121,2026/05/02 02:16:33.698, 1, GPU-609dad44-ba7d-bab2-0915-e9b0b033ff14, NVIDIA A100-SXM4-40GB, 37017, 40960, 21, 106.92, 33
nid001121,2026/05/02 02:16:33.699, 2, GPU-aad97d9d-6ff8-bc8d-0481-0c3f454fa1c0, NVIDIA A100-SXM4-40GB, 37017, 40960, 7, 109.46, 35
nid001121,2026/05/02 02:16:33.701, 3, GPU-7d9c6827-58f4-451d-6e2f-de41351f3aa8, NVIDIA A100-SXM4-40GB, 37017, 40960, 14, 119.55, 32
nid001124,2026/05/02 02:16:34.536, 0, GPU-ea60c39f-8348-3f52-3b10-288cfb47cb68, NVIDIA A100-SXM4-40GB, 37737, 40960, 17, 104.96, 38
nid001124,2026/05/02 02:16:34.539, 1, GPU-e687c310-f91d-421a-4706-8e960a8458df, NVIDIA A100-SXM4-40GB, 37731, 40960, 29, 110.61, 34
nid001124,2026/05/02 02:16:34.541, 2, GPU-dfbfc0a1-5bdd-9a67-abb3-e6f3ac7d37b7, NVIDIA A100-SXM4-40GB, 37731, 40960, 32, 102.91, 37
nid001124,2026/05/02 02:16:34.543, 3, GPU-145799ee-88ab-a08b-a7c5-5e22d5beb30f, NVIDIA A100-SXM4-40GB, 37731, 40960, 18, 103.60, 33
nid001121,2026/05/02 02:16:37.413, 0, GPU-1142dc10-04e1-8104-b58f-6e9c4e3ad695, NVIDIA A100-SXM4-40GB, 37219, 40960, 7, 105.24, 37
nid001121,2026/05/02 02:16:37.416, 1, GPU-609dad44-ba7d-bab2-0915-e9b0b033ff14, NVIDIA A100-SXM4-40GB, 37017, 40960, 14, 106.92, 33
nid001121,2026/05/02 02:16:37.418, 2, GPU-aad97d9d-6ff8-bc8d-0481-0c3f454fa1c0, NVIDIA A100-SXM4-40GB, 37017, 40960, 11, 109.22, 35
nid001121,2026/05/02 02:16:37.420, 3, GPU-7d9c6827-58f4-451d-6e2f-de41351f3aa8, NVIDIA A100-SXM4-40GB, 37017, 40960, 17, 120.55, 32
nid001124,2026/05/02 02:16:38.331, 0, GPU-ea60c39f-8348-3f52-3b10-288cfb47cb68, NVIDIA A100-SXM4-40GB, 37737, 40960, 48, 104.73, 38
nid001124,2026/05/02 02:16:38.334, 1, GPU-e687c310-f91d-421a-4706-8e960a8458df, NVIDIA A100-SXM4-40GB, 37731, 40960, 33, 102.96, 34
nid001124,2026/05/02 02:16:38.336, 2, GPU-dfbfc0a1-5bdd-9a67-abb3-e6f3ac7d37b7, NVIDIA A100-SXM4-40GB, 37731, 40960, 28, 100.51, 36
nid001124,2026/05/02 02:16:38.338, 3, GPU-145799ee-88ab-a08b-a7c5-5e22d5beb30f, NVIDIA A100-SXM4-40GB, 37731, 40960, 16, 103.21, 33
nid001121,2026/05/02 02:16:41.304, 0, GPU-1142dc10-04e1-8104-b58f-6e9c4e3ad695, NVIDIA A100-SXM4-40GB, 37219, 40960, 27, 125.53, 37
nid001121,2026/05/02 02:16:41.307, 1, GPU-609dad44-ba7d-bab2-0915-e9b0b033ff14, NVIDIA A100-SXM4-40GB, 37017, 40960, 5, 109.48, 33
nid001121,2026/05/02 02:16:41.309, 2, GPU-aad97d9d-6ff8-bc8d-0481-0c3f454fa1c0, NVIDIA A100-SXM4-40GB, 37017, 40960, 28, 109.74, 34
nid001121,2026/05/02 02:16:41.311, 3, GPU-7d9c6827-58f4-451d-6e2f-de41351f3aa8, NVIDIA A100-SXM4-40GB, 37017, 40960, 15, 98.23, 32
nid001124,2026/05/02 02:16:42.318, 0, GPU-ea60c39f-8348-3f52-3b10-288cfb47cb68, NVIDIA A100-SXM4-40GB, 37737, 40960, 23, 104.73, 38
nid001124,2026/05/02 02:16:42.321, 1, GPU-e687c310-f91d-421a-4706-8e960a8458df, NVIDIA A100-SXM4-40GB, 37731, 40960, 35, 103.20, 34
nid001124,2026/05/02 02:16:42.323, 2, GPU-dfbfc0a1-5bdd-9a67-abb3-e6f3ac7d37b7, NVIDIA A100-SXM4-40GB, 37731, 40960, 46, 100.51, 37
nid001124,2026/05/02 02:16:42.325, 3, GPU-145799ee-88ab-a08b-a7c5-5e22d5beb30f, NVIDIA A100-SXM4-40GB, 37731, 40960, 40, 103.21, 33
nid001121,2026/05/02 02:16:45.297, 0, GPU-1142dc10-04e1-8104-b58f-6e9c4e3ad695, NVIDIA A100-SXM4-40GB, 37219, 40960, 11, 105.00, 36
nid001121,2026/05/02 02:16:45.300, 1, GPU-609dad44-ba7d-bab2-0915-e9b0b033ff14, NVIDIA A100-SXM4-40GB, 37017, 40960, 4, 105.64, 33
nid001121,2026/05/02 02:16:45.302, 2, GPU-aad97d9d-6ff8-bc8d-0481-0c3f454fa1c0, NVIDIA A100-SXM4-40GB, 37017, 40960, 28, 109.22, 34
nid001121,2026/05/02 02:16:45.303, 3, GPU-7d9c6827-58f4-451d-6e2f-de41351f3aa8, NVIDIA A100-SXM4-40GB, 37017, 40960, 40, 98.00, 32
nid001124,2026/05/02 02:16:46.251, 0, GPU-ea60c39f-8348-3f52-3b10-288cfb47cb68, NVIDIA A100-SXM4-40GB, 37737, 40960, 33, 104.73, 38
nid001124,2026/05/02 02:16:46.254, 1, GPU-e687c310-f91d-421a-4706-8e960a8458df, NVIDIA A100-SXM4-40GB, 37731, 40960, 4, 105.00, 34
nid001124,2026/05/02 02:16:46.256, 2, GPU-dfbfc0a1-5bdd-9a67-abb3-e6f3ac7d37b7, NVIDIA A100-SXM4-40GB, 37731, 40960, 4, 101.27, 37
nid001124,2026/05/02 02:16:46.258, 3, GPU-145799ee-88ab-a08b-a7c5-5e22d5beb30f, NVIDIA A100-SXM4-40GB, 37731, 40960, 32, 103.44, 33
nid001121,2026/05/02 02:16:49.216, 0, GPU-1142dc10-04e1-8104-b58f-6e9c4e3ad695, NVIDIA A100-SXM4-40GB, 37219, 40960, 4, 105.24, 37
nid001121,2026/05/02 02:16:49.219, 1, GPU-609dad44-ba7d-bab2-0915-e9b0b033ff14, NVIDIA A100-SXM4-40GB, 37017, 40960, 1, 124.01, 33
nid001121,2026/05/02 02:16:49.221, 2, GPU-aad97d9d-6ff8-bc8d-0481-0c3f454fa1c0, NVIDIA A100-SXM4-40GB, 37017, 40960, 13, 136.19, 35
nid001121,2026/05/02 02:16:49.222, 3, GPU-7d9c6827-58f4-451d-6e2f-de41351f3aa8, NVIDIA A100-SXM4-40GB, 37017, 40960, 14, 102.84, 32
nid001124,2026/05/02 02:16:50.160, 0, GPU-ea60c39f-8348-3f52-3b10-288cfb47cb68, NVIDIA A100-SXM4-40GB, 37737, 40960, 0, 104.73, 38
nid001124,2026/05/02 02:16:50.163, 1, GPU-e687c310-f91d-421a-4706-8e960a8458df, NVIDIA A100-SXM4-40GB, 37731, 40960, 31, 103.08, 34
nid001124,2026/05/02 02:16:50.165, 2, GPU-dfbfc0a1-5bdd-9a67-abb3-e6f3ac7d37b7, NVIDIA A100-SXM4-40GB, 37731, 40960, 0, 100.22, 36
nid001124,2026/05/02 02:16:50.167, 3, GPU-145799ee-88ab-a08b-a7c5-5e22d5beb30f, NVIDIA A100-SXM4-40GB, 37731, 40960, 0, 103.21, 33
nid001121,2026/05/02 02:16:53.123, 0, GPU-1142dc10-04e1-8104-b58f-6e9c4e3ad695, NVIDIA A100-SXM4-40GB, 37219, 40960, 0, 107.81, 36
nid001121,2026/05/02 02:16:53.126, 1, GPU-609dad44-ba7d-bab2-0915-e9b0b033ff14, NVIDIA A100-SXM4-40GB, 37017, 40960, 25, 106.40, 33
nid001121,2026/05/02 02:16:53.128, 2, GPU-aad97d9d-6ff8-bc8d-0481-0c3f454fa1c0, NVIDIA A100-SXM4-40GB, 37017, 40960, 1, 109.46, 34
nid001121,2026/05/02 02:16:53.130, 3, GPU-7d9c6827-58f4-451d-6e2f-de41351f3aa8, NVIDIA A100-SXM4-40GB, 37017, 40960, 25, 98.00, 32
nid001124,2026/05/02 02:16:54.049, 0, GPU-ea60c39f-8348-3f52-3b10-288cfb47cb68, NVIDIA A100-SXM4-40GB, 37737, 40960, 17, 104.73, 38
nid001124,2026/05/02 02:16:54.052, 1, GPU-e687c310-f91d-421a-4706-8e960a8458df, NVIDIA A100-SXM4-40GB, 37731, 40960, 7, 103.20, 34
nid001124,2026/05/02 02:16:54.054, 2, GPU-dfbfc0a1-5bdd-9a67-abb3-e6f3ac7d37b7, NVIDIA A100-SXM4-40GB, 37731, 40960, 17, 100.51, 36
nid001124,2026/05/02 02:16:54.056, 3, GPU-145799ee-88ab-a08b-a7c5-5e22d5beb30f, NVIDIA A100-SXM4-40GB, 37731, 40960, 9, 103.21, 33
nid001121,2026/05/02 02:16:57.077, 0, GPU-1142dc10-04e1-8104-b58f-6e9c4e3ad695, NVIDIA A100-SXM4-40GB, 37219, 40960, 15, 107.05, 37
nid001121,2026/05/02 02:16:57.080, 1, GPU-609dad44-ba7d-bab2-0915-e9b0b033ff14, NVIDIA A100-SXM4-40GB, 37017, 40960, 0, 106.40, 33
nid001121,2026/05/02 02:16:57.086, 2, GPU-aad97d9d-6ff8-bc8d-0481-0c3f454fa1c0, NVIDIA A100-SXM4-40GB, 37017, 40960, 6, 109.74, 34
nid001121,2026/05/02 02:16:57.089, 3, GPU-7d9c6827-58f4-451d-6e2f-de41351f3aa8, NVIDIA A100-SXM4-40GB, 37017, 40960, 10, 107.92, 32
nid001124,2026/05/02 02:16:58.061, 0, GPU-ea60c39f-8348-3f52-3b10-288cfb47cb68, NVIDIA A100-SXM4-40GB, 37737, 40960, 36, 104.96, 38
nid001124,2026/05/02 02:16:58.064, 1, GPU-e687c310-f91d-421a-4706-8e960a8458df, NVIDIA A100-SXM4-40GB, 37731, 40960, 43, 102.96, 35
nid001124,2026/05/02 02:16:58.065, 2, GPU-dfbfc0a1-5bdd-9a67-abb3-e6f3ac7d37b7, NVIDIA A100-SXM4-40GB, 37731, 40960, 19, 100.51, 36
nid001124,2026/05/02 02:16:58.067, 3, GPU-145799ee-88ab-a08b-a7c5-5e22d5beb30f, NVIDIA A100-SXM4-40GB, 37731, 40960, 17, 103.08, 33
nid001121,2026/05/02 02:17:01.022, 0, GPU-1142dc10-04e1-8104-b58f-6e9c4e3ad695, NVIDIA A100-SXM4-40GB, 37219, 40960, 13, 105.24, 36
nid001121,2026/05/02 02:17:01.027, 1, GPU-609dad44-ba7d-bab2-0915-e9b0b033ff14, NVIDIA A100-SXM4-40GB, 37017, 40960, 4, 187.38, 33
nid001121,2026/05/02 02:17:01.040, 2, GPU-aad97d9d-6ff8-bc8d-0481-0c3f454fa1c0, NVIDIA A100-SXM4-40GB, 37017, 40960, 18, 109.22, 34
nid001121,2026/05/02 02:17:01.046, 3, GPU-7d9c6827-58f4-451d-6e2f-de41351f3aa8, NVIDIA A100-SXM4-40GB, 37017, 40960, 19, 98.23, 32
nid001124,2026/05/02 02:17:01.969, 0, GPU-ea60c39f-8348-3f52-3b10-288cfb47cb68, NVIDIA A100-SXM4-40GB, 37737, 40960, 0, 108.82, 39
nid001124,2026/05/02 02:17:01.972, 1, GPU-e687c310-f91d-421a-4706-8e960a8458df, NVIDIA A100-SXM4-40GB, 37731, 40960, 25, 122.64, 34
nid001124,2026/05/02 02:17:01.974, 2, GPU-dfbfc0a1-5bdd-9a67-abb3-e6f3ac7d37b7, NVIDIA A100-SXM4-40GB, 37731, 40960, 15, 110.64, 36
nid001124,2026/05/02 02:17:01.978, 3, GPU-145799ee-88ab-a08b-a7c5-5e22d5beb30f, NVIDIA A100-SXM4-40GB, 37731, 40960, 0, 128.64, 33
nid001121,2026/05/02 02:17:04.923, 0, GPU-1142dc10-04e1-8104-b58f-6e9c4e3ad695, NVIDIA A100-SXM4-40GB, 37219, 40960, 0, 105.53, 36
nid001121,2026/05/02 02:17:04.926, 1, GPU-609dad44-ba7d-bab2-0915-e9b0b033ff14, NVIDIA A100-SXM4-40GB, 37017, 40960, 15, 106.16, 33
nid001121,2026/05/02 02:17:04.927, 2, GPU-aad97d9d-6ff8-bc8d-0481-0c3f454fa1c0, NVIDIA A100-SXM4-40GB, 37017, 40960, 0, 109.22, 34
nid001121,2026/05/02 02:17:04.929, 3, GPU-7d9c6827-58f4-451d-6e2f-de41351f3aa8, NVIDIA A100-SXM4-40GB, 37017, 40960, 20, 98.23, 32
nid001124,2026/05/02 02:17:05.827, 0, GPU-ea60c39f-8348-3f52-3b10-288cfb47cb68, NVIDIA A100-SXM4-40GB, 37737, 40960, 6, 104.73, 38
nid001124,2026/05/02 02:17:05.830, 1, GPU-e687c310-f91d-421a-4706-8e960a8458df, NVIDIA A100-SXM4-40GB, 37731, 40960, 37, 102.96, 34
nid001124,2026/05/02 02:17:05.831, 2, GPU-dfbfc0a1-5bdd-9a67-abb3-e6f3ac7d37b7, NVIDIA A100-SXM4-40GB, 37731, 40960, 23, 100.11, 36
nid001124,2026/05/02 02:17:05.833, 3, GPU-145799ee-88ab-a08b-a7c5-5e22d5beb30f, NVIDIA A100-SXM4-40GB, 37731, 40960, 26, 103.08, 33
nid001121,2026/05/02 02:17:08.786, 0, GPU-1142dc10-04e1-8104-b58f-6e9c4e3ad695, NVIDIA A100-SXM4-40GB, 37219, 40960, 4, 105.24, 36
nid001121,2026/05/02 02:17:08.789, 1, GPU-609dad44-ba7d-bab2-0915-e9b0b033ff14, NVIDIA A100-SXM4-40GB, 37017, 40960, 8, 105.87, 33
nid001121,2026/05/02 02:17:08.790, 2, GPU-aad97d9d-6ff8-bc8d-0481-0c3f454fa1c0, NVIDIA A100-SXM4-40GB, 37017, 40960, 6, 109.22, 34
nid001121,2026/05/02 02:17:08.800, 3, GPU-7d9c6827-58f4-451d-6e2f-de41351f3aa8, NVIDIA A100-SXM4-40GB, 37017, 40960, 7, 98.23, 32
nid001124,2026/05/02 02:17:09.796, 0, GPU-ea60c39f-8348-3f52-3b10-288cfb47cb68, NVIDIA A100-SXM4-40GB, 37737, 40960, 14, 105.25, 38
nid001124,2026/05/02 02:17:09.798, 1, GPU-e687c310-f91d-421a-4706-8e960a8458df, NVIDIA A100-SXM4-40GB, 37731, 40960, 31, 149.79, 34
nid001124,2026/05/02 02:17:09.800, 2, GPU-dfbfc0a1-5bdd-9a67-abb3-e6f3ac7d37b7, NVIDIA A100-SXM4-40GB, 37731, 40960, 17, 100.22, 36
nid001124,2026/05/02 02:17:09.802, 3, GPU-145799ee-88ab-a08b-a7c5-5e22d5beb30f, NVIDIA A100-SXM4-40GB, 37731, 40960, 20, 103.08, 33
nid001121,2026/05/02 02:17:12.776, 0, GPU-1142dc10-04e1-8104-b58f-6e9c4e3ad695, NVIDIA A100-SXM4-40GB, 37219, 40960, 6, 108.05, 37
nid001121,2026/05/02 02:17:12.785, 1, GPU-609dad44-ba7d-bab2-0915-e9b0b033ff14, NVIDIA A100-SXM4-40GB, 37017, 40960, 7, 105.87, 33
nid001121,2026/05/02 02:17:12.791, 2, GPU-aad97d9d-6ff8-bc8d-0481-0c3f454fa1c0, NVIDIA A100-SXM4-40GB, 37017, 40960, 9, 109.46, 34
nid001121,2026/05/02 02:17:12.793, 3, GPU-7d9c6827-58f4-451d-6e2f-de41351f3aa8, NVIDIA A100-SXM4-40GB, 37017, 40960, 13, 98.23, 32
nid001124,2026/05/02 02:17:13.712, 0, GPU-ea60c39f-8348-3f52-3b10-288cfb47cb68, NVIDIA A100-SXM4-40GB, 37737, 40960, 7, 104.96, 38
nid001124,2026/05/02 02:17:13.720, 1, GPU-e687c310-f91d-421a-4706-8e960a8458df, NVIDIA A100-SXM4-40GB, 37731, 40960, 4, 102.96, 34
nid001124,2026/05/02 02:17:13.725, 2, GPU-dfbfc0a1-5bdd-9a67-abb3-e6f3ac7d37b7, NVIDIA A100-SXM4-40GB, 37731, 40960, 10, 100.11, 37
nid001124,2026/05/02 02:17:13.729, 3, GPU-145799ee-88ab-a08b-a7c5-5e22d5beb30f, NVIDIA A100-SXM4-40GB, 37731, 40960, 3, 103.08, 33
nid001121,2026/05/02 02:17:16.722, 0, GPU-1142dc10-04e1-8104-b58f-6e9c4e3ad695, NVIDIA A100-SXM4-40GB, 37219, 40960, 7, 131.14, 37
nid001121,2026/05/02 02:17:16.725, 1, GPU-609dad44-ba7d-bab2-0915-e9b0b033ff14, NVIDIA A100-SXM4-40GB, 37017, 40960, 11, 105.87, 33
nid001121,2026/05/02 02:17:16.726, 2, GPU-aad97d9d-6ff8-bc8d-0481-0c3f454fa1c0, NVIDIA A100-SXM4-40GB, 37017, 40960, 18, 179.66, 34
nid001121,2026/05/02 02:17:16.728, 3, GPU-7d9c6827-58f4-451d-6e2f-de41351f3aa8, NVIDIA A100-SXM4-40GB, 37017, 40960, 9, 98.75, 32
nid001124,2026/05/02 02:17:17.674, 0, GPU-ea60c39f-8348-3f52-3b10-288cfb47cb68, NVIDIA A100-SXM4-40GB, 37737, 40960, 34, 105.78, 38
nid001124,2026/05/02 02:17:17.677, 1, GPU-e687c310-f91d-421a-4706-8e960a8458df, NVIDIA A100-SXM4-40GB, 37731, 40960, 14, 102.96, 34
nid001124,2026/05/02 02:17:17.678, 2, GPU-dfbfc0a1-5bdd-9a67-abb3-e6f3ac7d37b7, NVIDIA A100-SXM4-40GB, 37731, 40960, 32, 100.22, 37
nid001124,2026/05/02 02:17:17.682, 3, GPU-145799ee-88ab-a08b-a7c5-5e22d5beb30f, NVIDIA A100-SXM4-40GB, 37731, 40960, 25, 103.08, 33
nid001121,2026/05/02 02:17:20.581, 0, GPU-1142dc10-04e1-8104-b58f-6e9c4e3ad695, NVIDIA A100-SXM4-40GB, 37219, 40960, 10, 125.82, 37
nid001121,2026/05/02 02:17:20.585, 1, GPU-609dad44-ba7d-bab2-0915-e9b0b033ff14, NVIDIA A100-SXM4-40GB, 37017, 40960, 6, 177.95, 33
nid001121,2026/05/02 02:17:20.587, 2, GPU-aad97d9d-6ff8-bc8d-0481-0c3f454fa1c0, NVIDIA A100-SXM4-40GB, 37017, 40960, 4, 126.88, 35
nid001121,2026/05/02 02:17:20.589, 3, GPU-7d9c6827-58f4-451d-6e2f-de41351f3aa8, NVIDIA A100-SXM4-40GB, 37017, 40960, 10, 98.75, 32
nid001124,2026/05/02 02:17:21.475, 0, GPU-ea60c39f-8348-3f52-3b10-288cfb47cb68, NVIDIA A100-SXM4-40GB, 37737, 40960, 31, 104.96, 38
nid001124,2026/05/02 02:17:21.488, 1, GPU-e687c310-f91d-421a-4706-8e960a8458df, NVIDIA A100-SXM4-40GB, 37731, 40960, 18, 162.84, 34
nid001124,2026/05/02 02:17:21.493, 2, GPU-dfbfc0a1-5bdd-9a67-abb3-e6f3ac7d37b7, NVIDIA A100-SXM4-40GB, 37731, 40960, 39, 160.62, 37
nid001124,2026/05/02 02:17:21.502, 3, GPU-145799ee-88ab-a08b-a7c5-5e22d5beb30f, NVIDIA A100-SXM4-40GB, 37731, 40960, 8, 110.51, 33
nid001121,2026/05/02 02:17:24.405, 0, GPU-1142dc10-04e1-8104-b58f-6e9c4e3ad695, NVIDIA A100-SXM4-40GB, 37219, 40960, 24, 105.53, 36
nid001121,2026/05/02 02:17:24.408, 1, GPU-609dad44-ba7d-bab2-0915-e9b0b033ff14, NVIDIA A100-SXM4-40GB, 37017, 40960, 0, 106.92, 33
nid001121,2026/05/02 02:17:24.410, 2, GPU-aad97d9d-6ff8-bc8d-0481-0c3f454fa1c0, NVIDIA A100-SXM4-40GB, 37017, 40960, 25, 109.46, 35
nid001121,2026/05/02 02:17:24.411, 3, GPU-7d9c6827-58f4-451d-6e2f-de41351f3aa8, NVIDIA A100-SXM4-40GB, 37017, 40960, 37, 98.23, 32
nid001124,2026/05/02 02:17:25.426, 0, GPU-ea60c39f-8348-3f52-3b10-288cfb47cb68, NVIDIA A100-SXM4-40GB, 37737, 40960, 13, 109.87, 38
nid001124,2026/05/02 02:17:25.429, 1, GPU-e687c310-f91d-421a-4706-8e960a8458df, NVIDIA A100-SXM4-40GB, 37731, 40960, 47, 103.48, 34
nid001124,2026/05/02 02:17:25.431, 2, GPU-dfbfc0a1-5bdd-9a67-abb3-e6f3ac7d37b7, NVIDIA A100-SXM4-40GB, 37731, 40960, 34, 100.39, 37
nid001124,2026/05/02 02:17:25.432, 3, GPU-145799ee-88ab-a08b-a7c5-5e22d5beb30f, NVIDIA A100-SXM4-40GB, 37731, 40960, 10, 151.25, 33
nid001121,2026/05/02 02:17:28.357, 0, GPU-1142dc10-04e1-8104-b58f-6e9c4e3ad695, NVIDIA A100-SXM4-40GB, 37219, 40960, 0, 106.29, 36
nid001121,2026/05/02 02:17:28.361, 1, GPU-609dad44-ba7d-bab2-0915-e9b0b033ff14, NVIDIA A100-SXM4-40GB, 37017, 40960, 0, 106.92, 33
nid001121,2026/05/02 02:17:28.362, 2, GPU-aad97d9d-6ff8-bc8d-0481-0c3f454fa1c0, NVIDIA A100-SXM4-40GB, 37017, 40960, 8, 111.27, 34
nid001121,2026/05/02 02:17:28.368, 3, GPU-7d9c6827-58f4-451d-6e2f-de41351f3aa8, NVIDIA A100-SXM4-40GB, 37017, 40960, 6, 98.23, 32
nid001124,2026/05/02 02:17:29.200, 0, GPU-ea60c39f-8348-3f52-3b10-288cfb47cb68, NVIDIA A100-SXM4-40GB, 37737, 40960, 0, 129.40, 38
nid001124,2026/05/02 02:17:29.204, 1, GPU-e687c310-f91d-421a-4706-8e960a8458df, NVIDIA A100-SXM4-40GB, 37731, 40960, 6, 104.24, 34
nid001124,2026/05/02 02:17:29.205, 2, GPU-dfbfc0a1-5bdd-9a67-abb3-e6f3ac7d37b7, NVIDIA A100-SXM4-40GB, 37731, 40960, 17, 100.87, 36
nid001124,2026/05/02 02:17:29.207, 3, GPU-145799ee-88ab-a08b-a7c5-5e22d5beb30f, NVIDIA A100-SXM4-40GB, 37731, 40960, 0, 103.08, 33
nid001121,2026/05/02 02:17:32.096, 0, GPU-1142dc10-04e1-8104-b58f-6e9c4e3ad695, NVIDIA A100-SXM4-40GB, 37219, 40960, 20, 176.15, 37
nid001121,2026/05/02 02:17:32.099, 1, GPU-609dad44-ba7d-bab2-0915-e9b0b033ff14, NVIDIA A100-SXM4-40GB, 37017, 40960, 12, 180.51, 33
nid001121,2026/05/02 02:17:32.101, 2, GPU-aad97d9d-6ff8-bc8d-0481-0c3f454fa1c0, NVIDIA A100-SXM4-40GB, 37017, 40960, 0, 109.46, 35
nid001121,2026/05/02 02:17:32.102, 3, GPU-7d9c6827-58f4-451d-6e2f-de41351f3aa8, NVIDIA A100-SXM4-40GB, 37017, 40960, 0, 98.23, 32
nid001124,2026/05/02 02:17:32.928, 0, GPU-ea60c39f-8348-3f52-3b10-288cfb47cb68, NVIDIA A100-SXM4-40GB, 37737, 40960, 21, 104.73, 38
nid001124,2026/05/02 02:17:32.931, 1, GPU-e687c310-f91d-421a-4706-8e960a8458df, NVIDIA A100-SXM4-40GB, 37731, 40960, 22, 102.96, 34
nid001124,2026/05/02 02:17:32.933, 2, GPU-dfbfc0a1-5bdd-9a67-abb3-e6f3ac7d37b7, NVIDIA A100-SXM4-40GB, 37731, 40960, 23, 100.22, 36
nid001124,2026/05/02 02:17:32.935, 3, GPU-145799ee-88ab-a08b-a7c5-5e22d5beb30f, NVIDIA A100-SXM4-40GB, 37731, 40960, 11, 103.21, 33
nid001121,2026/05/02 02:17:35.846, 0, GPU-1142dc10-04e1-8104-b58f-6e9c4e3ad695, NVIDIA A100-SXM4-40GB, 37219, 40960, 13, 105.53, 37
nid001121,2026/05/02 02:17:35.859, 1, GPU-609dad44-ba7d-bab2-0915-e9b0b033ff14, NVIDIA A100-SXM4-40GB, 37017, 40960, 7, 108.68, 33
nid001121,2026/05/02 02:17:35.866, 2, GPU-aad97d9d-6ff8-bc8d-0481-0c3f454fa1c0, NVIDIA A100-SXM4-40GB, 37017, 40960, 21, 110.74, 34
nid001121,2026/05/02 02:17:35.873, 3, GPU-7d9c6827-58f4-451d-6e2f-de41351f3aa8, NVIDIA A100-SXM4-40GB, 37017, 40960, 7, 103.60, 32
nid001124,2026/05/02 02:17:36.723, 0, GPU-ea60c39f-8348-3f52-3b10-288cfb47cb68, NVIDIA A100-SXM4-40GB, 37737, 40960, 31, 110.35, 38
nid001124,2026/05/02 02:17:36.726, 1, GPU-e687c310-f91d-421a-4706-8e960a8458df, NVIDIA A100-SXM4-40GB, 37731, 40960, 21, 102.96, 34
nid001124,2026/05/02 02:17:36.727, 2, GPU-dfbfc0a1-5bdd-9a67-abb3-e6f3ac7d37b7, NVIDIA A100-SXM4-40GB, 37731, 40960, 12, 100.51, 37
nid001124,2026/05/02 02:17:36.729, 3, GPU-145799ee-88ab-a08b-a7c5-5e22d5beb30f, NVIDIA A100-SXM4-40GB, 37731, 40960, 32, 103.08, 33
nid001121,2026/05/02 02:17:39.590, 0, GPU-1142dc10-04e1-8104-b58f-6e9c4e3ad695, NVIDIA A100-SXM4-40GB, 37219, 40960, 0, 105.00, 37
nid001121,2026/05/02 02:17:39.593, 1, GPU-609dad44-ba7d-bab2-0915-e9b0b033ff14, NVIDIA A100-SXM4-40GB, 37017, 40960, 0, 105.76, 33
nid001121,2026/05/02 02:17:39.594, 2, GPU-aad97d9d-6ff8-bc8d-0481-0c3f454fa1c0, NVIDIA A100-SXM4-40GB, 37017, 40960, 12, 114.31, 35
nid001121,2026/05/02 02:17:39.596, 3, GPU-7d9c6827-58f4-451d-6e2f-de41351f3aa8, NVIDIA A100-SXM4-40GB, 37017, 40960, 4, 112.52, 32
nid001124,2026/05/02 02:17:40.434, 0, GPU-ea60c39f-8348-3f52-3b10-288cfb47cb68, NVIDIA A100-SXM4-40GB, 37737, 40960, 9, 104.85, 38
nid001124,2026/05/02 02:17:40.441, 1, GPU-e687c310-f91d-421a-4706-8e960a8458df, NVIDIA A100-SXM4-40GB, 37731, 40960, 13, 103.08, 34
nid001124,2026/05/02 02:17:40.453, 2, GPU-dfbfc0a1-5bdd-9a67-abb3-e6f3ac7d37b7, NVIDIA A100-SXM4-40GB, 37731, 40960, 32, 100.51, 36
nid001124,2026/05/02 02:17:40.457, 3, GPU-145799ee-88ab-a08b-a7c5-5e22d5beb30f, NVIDIA A100-SXM4-40GB, 37731, 40960, 53, 103.21, 33
nid001121,2026/05/02 02:17:43.386, 0, GPU-1142dc10-04e1-8104-b58f-6e9c4e3ad695, NVIDIA A100-SXM4-40GB, 37219, 40960, 26, 106.76, 37
nid001121,2026/05/02 02:17:43.389, 1, GPU-609dad44-ba7d-bab2-0915-e9b0b033ff14, NVIDIA A100-SXM4-40GB, 37017, 40960, 6, 107.15, 34
nid001121,2026/05/02 02:17:43.391, 2, GPU-aad97d9d-6ff8-bc8d-0481-0c3f454fa1c0, NVIDIA A100-SXM4-40GB, 37017, 40960, 10, 118.93, 35
nid001121,2026/05/02 02:17:43.392, 3, GPU-7d9c6827-58f4-451d-6e2f-de41351f3aa8, NVIDIA A100-SXM4-40GB, 37017, 40960, 4, 124.39, 32
nid001124,2026/05/02 02:17:44.216, 0, GPU-ea60c39f-8348-3f52-3b10-288cfb47cb68, NVIDIA A100-SXM4-40GB, 37737, 40960, 30, 105.49, 38
nid001124,2026/05/02 02:17:44.219, 1, GPU-e687c310-f91d-421a-4706-8e960a8458df, NVIDIA A100-SXM4-40GB, 37731, 40960, 18, 102.96, 34
nid001124,2026/05/02 02:17:44.220, 2, GPU-dfbfc0a1-5bdd-9a67-abb3-e6f3ac7d37b7, NVIDIA A100-SXM4-40GB, 37731, 40960, 10, 100.51, 36
nid001124,2026/05/02 02:17:44.222, 3, GPU-145799ee-88ab-a08b-a7c5-5e22d5beb30f, NVIDIA A100-SXM4-40GB, 37731, 40960, 24, 103.21, 33
nid001121,2026/05/02 02:17:47.105, 0, GPU-1142dc10-04e1-8104-b58f-6e9c4e3ad695, NVIDIA A100-SXM4-40GB, 37219, 40960, 30, 105.24, 37
nid001121,2026/05/02 02:17:47.108, 1, GPU-609dad44-ba7d-bab2-0915-e9b0b033ff14, NVIDIA A100-SXM4-40GB, 37017, 40960, 29, 105.87, 33
nid001121,2026/05/02 02:17:47.110, 2, GPU-aad97d9d-6ff8-bc8d-0481-0c3f454fa1c0, NVIDIA A100-SXM4-40GB, 37017, 40960, 7, 109.46, 34
nid001121,2026/05/02 02:17:47.111, 3, GPU-7d9c6827-58f4-451d-6e2f-de41351f3aa8, NVIDIA A100-SXM4-40GB, 37017, 40960, 4, 98.75, 32
nid001124,2026/05/02 02:17:47.946, 0, GPU-ea60c39f-8348-3f52-3b10-288cfb47cb68, NVIDIA A100-SXM4-40GB, 37737, 40960, 38, 104.96, 38
nid001124,2026/05/02 02:17:47.949, 1, GPU-e687c310-f91d-421a-4706-8e960a8458df, NVIDIA A100-SXM4-40GB, 37731, 40960, 32, 103.72, 34
nid001124,2026/05/02 02:17:47.951, 2, GPU-dfbfc0a1-5bdd-9a67-abb3-e6f3ac7d37b7, NVIDIA A100-SXM4-40GB, 37731, 40960, 14, 100.75, 37
nid001124,2026/05/02 02:17:47.953, 3, GPU-145799ee-88ab-a08b-a7c5-5e22d5beb30f, NVIDIA A100-SXM4-40GB, 37731, 40960, 24, 103.32, 33
nid001121,2026/05/02 02:17:50.827, 0, GPU-1142dc10-04e1-8104-b58f-6e9c4e3ad695, NVIDIA A100-SXM4-40GB, 37219, 40960, 5, 105.24, 37
nid001121,2026/05/02 02:17:50.830, 1, GPU-609dad44-ba7d-bab2-0915-e9b0b033ff14, NVIDIA A100-SXM4-40GB, 37017, 40960, 2, 106.64, 33
nid001121,2026/05/02 02:17:50.832, 2, GPU-aad97d9d-6ff8-bc8d-0481-0c3f454fa1c0, NVIDIA A100-SXM4-40GB, 37017, 40960, 7, 111.27, 34
nid001121,2026/05/02 02:17:50.834, 3, GPU-7d9c6827-58f4-451d-6e2f-de41351f3aa8, NVIDIA A100-SXM4-40GB, 37017, 40960, 4, 102.08, 32
nid001124,2026/05/02 02:17:51.676, 0, GPU-ea60c39f-8348-3f52-3b10-288cfb47cb68, NVIDIA A100-SXM4-40GB, 37737, 40960, 12, 104.96, 39
nid001124,2026/05/02 02:17:51.679, 1, GPU-e687c310-f91d-421a-4706-8e960a8458df, NVIDIA A100-SXM4-40GB, 37731, 40960, 18, 137.26, 34
nid001124,2026/05/02 02:17:51.681, 2, GPU-dfbfc0a1-5bdd-9a67-abb3-e6f3ac7d37b7, NVIDIA A100-SXM4-40GB, 37731, 40960, 66, 100.39, 37
nid001124,2026/05/02 02:17:51.683, 3, GPU-145799ee-88ab-a08b-a7c5-5e22d5beb30f, NVIDIA A100-SXM4-40GB, 37731, 40960, 42, 103.32, 33
nid001121,2026/05/02 02:17:54.603, 0, GPU-1142dc10-04e1-8104-b58f-6e9c4e3ad695, NVIDIA A100-SXM4-40GB, 37219, 40960, 16, 105.24, 36
nid001121,2026/05/02 02:17:54.606, 1, GPU-609dad44-ba7d-bab2-0915-e9b0b033ff14, NVIDIA A100-SXM4-40GB, 37017, 40960, 14, 105.87, 33
nid001121,2026/05/02 02:17:54.608, 2, GPU-aad97d9d-6ff8-bc8d-0481-0c3f454fa1c0, NVIDIA A100-SXM4-40GB, 37017, 40960, 6, 109.46, 34
nid001121,2026/05/02 02:17:54.610, 3, GPU-7d9c6827-58f4-451d-6e2f-de41351f3aa8, NVIDIA A100-SXM4-40GB, 37017, 40960, 5, 97.71, 32
nid001124,2026/05/02 02:17:55.506, 0, GPU-ea60c39f-8348-3f52-3b10-288cfb47cb68, NVIDIA A100-SXM4-40GB, 37737, 40960, 4, 110.11, 38
nid001124,2026/05/02 02:17:55.509, 1, GPU-e687c310-f91d-421a-4706-8e960a8458df, NVIDIA A100-SXM4-40GB, 37731, 40960, 19, 103.72, 34
nid001124,2026/05/02 02:17:55.511, 2, GPU-dfbfc0a1-5bdd-9a67-abb3-e6f3ac7d37b7, NVIDIA A100-SXM4-40GB, 37731, 40960, 48, 100.63, 36
nid001124,2026/05/02 02:17:55.513, 3, GPU-145799ee-88ab-a08b-a7c5-5e22d5beb30f, NVIDIA A100-SXM4-40GB, 37731, 40960, 51, 103.08, 33
nid001121,2026/05/02 02:17:58.411, 0, GPU-1142dc10-04e1-8104-b58f-6e9c4e3ad695, NVIDIA A100-SXM4-40GB, 37219, 40960, 33, 106.00, 37
nid001121,2026/05/02 02:17:58.414, 1, GPU-609dad44-ba7d-bab2-0915-e9b0b033ff14, NVIDIA A100-SXM4-40GB, 37017, 40960, 28, 108.20, 33
nid001121,2026/05/02 02:17:58.416, 2, GPU-aad97d9d-6ff8-bc8d-0481-0c3f454fa1c0, NVIDIA A100-SXM4-40GB, 37017, 40960, 46, 130.81, 34
nid001121,2026/05/02 02:17:58.418, 3, GPU-7d9c6827-58f4-451d-6e2f-de41351f3aa8, NVIDIA A100-SXM4-40GB, 37017, 40960, 0, 126.43, 32
nid001124,2026/05/02 02:17:59.275, 0, GPU-ea60c39f-8348-3f52-3b10-288cfb47cb68, NVIDIA A100-SXM4-40GB, 37737, 40960, 17, 104.73, 38
nid001124,2026/05/02 02:17:59.278, 1, GPU-e687c310-f91d-421a-4706-8e960a8458df, NVIDIA A100-SXM4-40GB, 37731, 40960, 69, 163.37, 34
nid001124,2026/05/02 02:17:59.280, 2, GPU-dfbfc0a1-5bdd-9a67-abb3-e6f3ac7d37b7, NVIDIA A100-SXM4-40GB, 37731, 40960, 37, 100.87, 37
nid001124,2026/05/02 02:17:59.282, 3, GPU-145799ee-88ab-a08b-a7c5-5e22d5beb30f, NVIDIA A100-SXM4-40GB, 37731, 40960, 38, 103.32, 33
nid001121,2026/05/02 02:18:02.135, 0, GPU-1142dc10-04e1-8104-b58f-6e9c4e3ad695, NVIDIA A100-SXM4-40GB, 37219, 40960, 15, 155.26, 37
nid001121,2026/05/02 02:18:02.141, 1, GPU-609dad44-ba7d-bab2-0915-e9b0b033ff14, NVIDIA A100-SXM4-40GB, 37017, 40960, 40, 106.40, 33
nid001121,2026/05/02 02:18:02.151, 2, GPU-aad97d9d-6ff8-bc8d-0481-0c3f454fa1c0, NVIDIA A100-SXM4-40GB, 37017, 40960, 13, 110.98, 34
nid001121,2026/05/02 02:18:02.159, 3, GPU-7d9c6827-58f4-451d-6e2f-de41351f3aa8, NVIDIA A100-SXM4-40GB, 37017, 40960, 16, 100.28, 32
nid001124,2026/05/02 02:18:03.003, 0, GPU-ea60c39f-8348-3f52-3b10-288cfb47cb68, NVIDIA A100-SXM4-40GB, 37737, 40960, 34, 117.78, 38
nid001124,2026/05/02 02:18:03.006, 1, GPU-e687c310-f91d-421a-4706-8e960a8458df, NVIDIA A100-SXM4-40GB, 37731, 40960, 21, 104.72, 35
nid001124,2026/05/02 02:18:03.007, 2, GPU-dfbfc0a1-5bdd-9a67-abb3-e6f3ac7d37b7, NVIDIA A100-SXM4-40GB, 37731, 40960, 10, 104.21, 37
nid001124,2026/05/02 02:18:03.009, 3, GPU-145799ee-88ab-a08b-a7c5-5e22d5beb30f, NVIDIA A100-SXM4-40GB, 37731, 40960, 19, 103.60, 33
nid001121,2026/05/02 02:18:05.921, 0, GPU-1142dc10-04e1-8104-b58f-6e9c4e3ad695, NVIDIA A100-SXM4-40GB, 37219, 40960, 7, 110.72, 37
nid001121,2026/05/02 02:18:05.928, 1, GPU-609dad44-ba7d-bab2-0915-e9b0b033ff14, NVIDIA A100-SXM4-40GB, 37017, 40960, 21, 105.87, 33
nid001121,2026/05/02 02:18:05.935, 2, GPU-aad97d9d-6ff8-bc8d-0481-0c3f454fa1c0, NVIDIA A100-SXM4-40GB, 37017, 40960, 10, 109.46, 34
nid001121,2026/05/02 02:18:05.941, 3, GPU-7d9c6827-58f4-451d-6e2f-de41351f3aa8, NVIDIA A100-SXM4-40GB, 37017, 40960, 2, 98.23, 32
nid001124,2026/05/02 02:18:06.798, 0, GPU-ea60c39f-8348-3f52-3b10-288cfb47cb68, NVIDIA A100-SXM4-40GB, 37737, 40960, 18, 104.96, 39
nid001124,2026/05/02 02:18:06.801, 1, GPU-e687c310-f91d-421a-4706-8e960a8458df, NVIDIA A100-SXM4-40GB, 37731, 40960, 29, 103.48, 35
nid001124,2026/05/02 02:18:06.803, 2, GPU-dfbfc0a1-5bdd-9a67-abb3-e6f3ac7d37b7, NVIDIA A100-SXM4-40GB, 37731, 40960, 29, 100.22, 37
nid001124,2026/05/02 02:18:06.804, 3, GPU-145799ee-88ab-a08b-a7c5-5e22d5beb30f, NVIDIA A100-SXM4-40GB, 37731, 40960, 9, 103.21, 33
nid001121,2026/05/02 02:18:09.737, 0, GPU-1142dc10-04e1-8104-b58f-6e9c4e3ad695, NVIDIA A100-SXM4-40GB, 37219, 40960, 6, 105.24, 36
nid001121,2026/05/02 02:18:09.740, 1, GPU-609dad44-ba7d-bab2-0915-e9b0b033ff14, NVIDIA A100-SXM4-40GB, 37017, 40960, 8, 105.87, 33
nid001121,2026/05/02 02:18:09.742, 2, GPU-aad97d9d-6ff8-bc8d-0481-0c3f454fa1c0, NVIDIA A100-SXM4-40GB, 37017, 40960, 4, 109.46, 34
nid001121,2026/05/02 02:18:09.744, 3, GPU-7d9c6827-58f4-451d-6e2f-de41351f3aa8, NVIDIA A100-SXM4-40GB, 37017, 40960, 10, 98.23, 32
nid001124,2026/05/02 02:18:10.578, 0, GPU-ea60c39f-8348-3f52-3b10-288cfb47cb68, NVIDIA A100-SXM4-40GB, 37737, 40960, 47, 104.96, 38
nid001124,2026/05/02 02:18:10.581, 1, GPU-e687c310-f91d-421a-4706-8e960a8458df, NVIDIA A100-SXM4-40GB, 37731, 40960, 43, 103.20, 34
nid001124,2026/05/02 02:18:10.582, 2, GPU-dfbfc0a1-5bdd-9a67-abb3-e6f3ac7d37b7, NVIDIA A100-SXM4-40GB, 37731, 40960, 11, 168.37, 37
nid001124,2026/05/02 02:18:10.584, 3, GPU-145799ee-88ab-a08b-a7c5-5e22d5beb30f, NVIDIA A100-SXM4-40GB, 37731, 40960, 30, 119.17, 33
nid001121,2026/05/02 02:18:13.475, 0, GPU-1142dc10-04e1-8104-b58f-6e9c4e3ad695, NVIDIA A100-SXM4-40GB, 37219, 40960, 15, 105.24, 36
nid001121,2026/05/02 02:18:13.478, 1, GPU-609dad44-ba7d-bab2-0915-e9b0b033ff14, NVIDIA A100-SXM4-40GB, 37017, 40960, 4, 106.16, 33
nid001121,2026/05/02 02:18:13.479, 2, GPU-aad97d9d-6ff8-bc8d-0481-0c3f454fa1c0, NVIDIA A100-SXM4-40GB, 37017, 40960, 27, 109.22, 34
nid001121,2026/05/02 02:18:13.481, 3, GPU-7d9c6827-58f4-451d-6e2f-de41351f3aa8, NVIDIA A100-SXM4-40GB, 37017, 40960, 4, 98.23, 32
nid001124,2026/05/02 02:18:14.347, 0, GPU-ea60c39f-8348-3f52-3b10-288cfb47cb68, NVIDIA A100-SXM4-40GB, 37737, 40960, 5, 104.73, 38
nid001124,2026/05/02 02:18:14.350, 1, GPU-e687c310-f91d-421a-4706-8e960a8458df, NVIDIA A100-SXM4-40GB, 37731, 40960, 33, 107.57, 34
nid001124,2026/05/02 02:18:14.352, 2, GPU-dfbfc0a1-5bdd-9a67-abb3-e6f3ac7d37b7, NVIDIA A100-SXM4-40GB, 37731, 40960, 7, 100.22, 36
nid001124,2026/05/02 02:18:14.354, 3, GPU-145799ee-88ab-a08b-a7c5-5e22d5beb30f, NVIDIA A100-SXM4-40GB, 37731, 40960, 7, 103.08, 33
nid001121,2026/05/02 02:18:17.216, 0, GPU-1142dc10-04e1-8104-b58f-6e9c4e3ad695, NVIDIA A100-SXM4-40GB, 37219, 40960, 0, 117.65, 37
nid001121,2026/05/02 02:18:17.218, 1, GPU-609dad44-ba7d-bab2-0915-e9b0b033ff14, NVIDIA A100-SXM4-40GB, 37017, 40960, 0, 105.87, 33
nid001121,2026/05/02 02:18:17.220, 2, GPU-aad97d9d-6ff8-bc8d-0481-0c3f454fa1c0, NVIDIA A100-SXM4-40GB, 37017, 40960, 0, 110.51, 35
nid001121,2026/05/02 02:18:17.222, 3, GPU-7d9c6827-58f4-451d-6e2f-de41351f3aa8, NVIDIA A100-SXM4-40GB, 37017, 40960, 0, 98.47, 32
nid001124,2026/05/02 02:18:18.040, 0, GPU-ea60c39f-8348-3f52-3b10-288cfb47cb68, NVIDIA A100-SXM4-40GB, 37737, 40960, 32, 104.96, 38
nid001124,2026/05/02 02:18:18.043, 1, GPU-e687c310-f91d-421a-4706-8e960a8458df, NVIDIA A100-SXM4-40GB, 37731, 40960, 6, 159.05, 34
nid001124,2026/05/02 02:18:18.045, 2, GPU-dfbfc0a1-5bdd-9a67-abb3-e6f3ac7d37b7, NVIDIA A100-SXM4-40GB, 37731, 40960, 17, 146.82, 37
nid001124,2026/05/02 02:18:18.047, 3, GPU-145799ee-88ab-a08b-a7c5-5e22d5beb30f, NVIDIA A100-SXM4-40GB, 37731, 40960, 32, 108.69, 33
nid001121,2026/05/02 02:18:20.967, 0, GPU-1142dc10-04e1-8104-b58f-6e9c4e3ad695, NVIDIA A100-SXM4-40GB, 37219, 40960, 7, 105.24, 36
nid001121,2026/05/02 02:18:20.972, 1, GPU-609dad44-ba7d-bab2-0915-e9b0b033ff14, NVIDIA A100-SXM4-40GB, 37017, 40960, 0, 105.87, 33
nid001121,2026/05/02 02:18:20.974, 2, GPU-aad97d9d-6ff8-bc8d-0481-0c3f454fa1c0, NVIDIA A100-SXM4-40GB, 37017, 40960, 24, 116.12, 35
nid001121,2026/05/02 02:18:20.976, 3, GPU-7d9c6827-58f4-451d-6e2f-de41351f3aa8, NVIDIA A100-SXM4-40GB, 37017, 40960, 4, 100.03, 32
nid001124,2026/05/02 02:18:21.858, 0, GPU-ea60c39f-8348-3f52-3b10-288cfb47cb68, NVIDIA A100-SXM4-40GB, 37737, 40960, 27, 180.63, 39
nid001124,2026/05/02 02:18:21.861, 1, GPU-e687c310-f91d-421a-4706-8e960a8458df, NVIDIA A100-SXM4-40GB, 37731, 40960, 26, 121.07, 34
nid001124,2026/05/02 02:18:21.863, 2, GPU-dfbfc0a1-5bdd-9a67-abb3-e6f3ac7d37b7, NVIDIA A100-SXM4-40GB, 37731, 40960, 16, 100.39, 36
nid001124,2026/05/02 02:18:21.864, 3, GPU-145799ee-88ab-a08b-a7c5-5e22d5beb30f, NVIDIA A100-SXM4-40GB, 37731, 40960, 31, 103.08, 33
nid001121,2026/05/02 02:18:24.756, 0, GPU-1142dc10-04e1-8104-b58f-6e9c4e3ad695, NVIDIA A100-SXM4-40GB, 37219, 40960, 4, 105.24, 36
nid001121,2026/05/02 02:18:24.759, 1, GPU-609dad44-ba7d-bab2-0915-e9b0b033ff14, NVIDIA A100-SXM4-40GB, 37017, 40960, 0, 105.64, 33
nid001121,2026/05/02 02:18:24.760, 2, GPU-aad97d9d-6ff8-bc8d-0481-0c3f454fa1c0, NVIDIA A100-SXM4-40GB, 37017, 40960, 23, 109.22, 34
nid001121,2026/05/02 02:18:24.762, 3, GPU-7d9c6827-58f4-451d-6e2f-de41351f3aa8, NVIDIA A100-SXM4-40GB, 37017, 40960, 5, 98.00, 32
nid001124,2026/05/02 02:18:25.595, 0, GPU-ea60c39f-8348-3f52-3b10-288cfb47cb68, NVIDIA A100-SXM4-40GB, 37737, 40960, 5, 105.78, 38
nid001124,2026/05/02 02:18:25.598, 1, GPU-e687c310-f91d-421a-4706-8e960a8458df, NVIDIA A100-SXM4-40GB, 37731, 40960, 0, 102.96, 34
nid001124,2026/05/02 02:18:25.600, 2, GPU-dfbfc0a1-5bdd-9a67-abb3-e6f3ac7d37b7, NVIDIA A100-SXM4-40GB, 37731, 40960, 3, 105.78, 37
nid001124,2026/05/02 02:18:25.601, 3, GPU-145799ee-88ab-a08b-a7c5-5e22d5beb30f, NVIDIA A100-SXM4-40GB, 37731, 40960, 4, 103.08, 33
nid001121,2026/05/02 02:18:28.493, 0, GPU-1142dc10-04e1-8104-b58f-6e9c4e3ad695, NVIDIA A100-SXM4-40GB, 37219, 40960, 9, 105.12, 36
nid001121,2026/05/02 02:18:28.496, 1, GPU-609dad44-ba7d-bab2-0915-e9b0b033ff14, NVIDIA A100-SXM4-40GB, 37017, 40960, 8, 106.64, 33
nid001121,2026/05/02 02:18:28.498, 2, GPU-aad97d9d-6ff8-bc8d-0481-0c3f454fa1c0, NVIDIA A100-SXM4-40GB, 37017, 40960, 6, 109.22, 34
nid001121,2026/05/02 02:18:28.500, 3, GPU-7d9c6827-58f4-451d-6e2f-de41351f3aa8, NVIDIA A100-SXM4-40GB, 37017, 40960, 20, 98.12, 32
nid001124,2026/05/02 02:18:29.330, 0, GPU-ea60c39f-8348-3f52-3b10-288cfb47cb68, NVIDIA A100-SXM4-40GB, 37737, 40960, 56, 104.73, 38
nid001124,2026/05/02 02:18:29.338, 1, GPU-e687c310-f91d-421a-4706-8e960a8458df, NVIDIA A100-SXM4-40GB, 37731, 40960, 30, 103.96, 34
nid001124,2026/05/02 02:18:29.340, 2, GPU-dfbfc0a1-5bdd-9a67-abb3-e6f3ac7d37b7, NVIDIA A100-SXM4-40GB, 37731, 40960, 44, 100.11, 36
nid001124,2026/05/02 02:18:29.341, 3, GPU-145799ee-88ab-a08b-a7c5-5e22d5beb30f, NVIDIA A100-SXM4-40GB, 37731, 40960, 15, 103.32, 33
nid001121,2026/05/02 02:18:32.210, 0, GPU-1142dc10-04e1-8104-b58f-6e9c4e3ad695, NVIDIA A100-SXM4-40GB, 37219, 40960, 13, 139.06, 37
nid001121,2026/05/02 02:18:32.213, 1, GPU-609dad44-ba7d-bab2-0915-e9b0b033ff14, NVIDIA A100-SXM4-40GB, 37017, 40960, 30, 105.87, 33
nid001121,2026/05/02 02:18:32.216, 2, GPU-aad97d9d-6ff8-bc8d-0481-0c3f454fa1c0, NVIDIA A100-SXM4-40GB, 37017, 40960, 10, 121.73, 34
nid001121,2026/05/02 02:18:32.218, 3, GPU-7d9c6827-58f4-451d-6e2f-de41351f3aa8, NVIDIA A100-SXM4-40GB, 37017, 40960, 4, 98.23, 32
nid001124,2026/05/02 02:18:33.054, 0, GPU-ea60c39f-8348-3f52-3b10-288cfb47cb68, NVIDIA A100-SXM4-40GB, 37737, 40960, 30, 130.97, 39
nid001124,2026/05/02 02:18:33.056, 1, GPU-e687c310-f91d-421a-4706-8e960a8458df, NVIDIA A100-SXM4-40GB, 37731, 40960, 18, 102.96, 34
nid001124,2026/05/02 02:18:33.058, 2, GPU-dfbfc0a1-5bdd-9a67-abb3-e6f3ac7d37b7, NVIDIA A100-SXM4-40GB, 37731, 40960, 36, 100.39, 36
nid001124,2026/05/02 02:18:33.060, 3, GPU-145799ee-88ab-a08b-a7c5-5e22d5beb30f, NVIDIA A100-SXM4-40GB, 37731, 40960, 7, 103.08, 33
nid001121,2026/05/02 02:18:35.967, 0, GPU-1142dc10-04e1-8104-b58f-6e9c4e3ad695, NVIDIA A100-SXM4-40GB, 37219, 40960, 4, 105.53, 37
nid001121,2026/05/02 02:18:35.977, 1, GPU-609dad44-ba7d-bab2-0915-e9b0b033ff14, NVIDIA A100-SXM4-40GB, 37017, 40960, 17, 105.87, 33
nid001121,2026/05/02 02:18:35.984, 2, GPU-aad97d9d-6ff8-bc8d-0481-0c3f454fa1c0, NVIDIA A100-SXM4-40GB, 37017, 40960, 32, 152.01, 34
nid001121,2026/05/02 02:18:35.990, 3, GPU-7d9c6827-58f4-451d-6e2f-de41351f3aa8, NVIDIA A100-SXM4-40GB, 37017, 40960, 16, 112.91, 32
nid001124,2026/05/02 02:18:36.831, 0, GPU-ea60c39f-8348-3f52-3b10-288cfb47cb68, NVIDIA A100-SXM4-40GB, 37737, 40960, 8, 104.96, 38
nid001124,2026/05/02 02:18:36.838, 1, GPU-e687c310-f91d-421a-4706-8e960a8458df, NVIDIA A100-SXM4-40GB, 37731, 40960, 38, 102.96, 34
nid001124,2026/05/02 02:18:36.839, 2, GPU-dfbfc0a1-5bdd-9a67-abb3-e6f3ac7d37b7, NVIDIA A100-SXM4-40GB, 37731, 40960, 50, 100.11, 36
nid001124,2026/05/02 02:18:36.842, 3, GPU-145799ee-88ab-a08b-a7c5-5e22d5beb30f, NVIDIA A100-SXM4-40GB, 37731, 40960, 24, 103.08, 33
nid001121,2026/05/02 02:18:39.729, 0, GPU-1142dc10-04e1-8104-b58f-6e9c4e3ad695, NVIDIA A100-SXM4-40GB, 37219, 40960, 9, 105.12, 36
nid001121,2026/05/02 02:18:39.732, 1, GPU-609dad44-ba7d-bab2-0915-e9b0b033ff14, NVIDIA A100-SXM4-40GB, 37017, 40960, 0, 105.87, 33
nid001121,2026/05/02 02:18:39.733, 2, GPU-aad97d9d-6ff8-bc8d-0481-0c3f454fa1c0, NVIDIA A100-SXM4-40GB, 37017, 40960, 12, 109.22, 34
nid001121,2026/05/02 02:18:39.735, 3, GPU-7d9c6827-58f4-451d-6e2f-de41351f3aa8, NVIDIA A100-SXM4-40GB, 37017, 40960, 0, 98.12, 32
nid001124,2026/05/02 02:18:40.581, 0, GPU-ea60c39f-8348-3f52-3b10-288cfb47cb68, NVIDIA A100-SXM4-40GB, 37737, 40960, 0, 105.78, 38
nid001124,2026/05/02 02:18:40.588, 1, GPU-e687c310-f91d-421a-4706-8e960a8458df, NVIDIA A100-SXM4-40GB, 37731, 40960, 100, 102.67, 34
nid001124,2026/05/02 02:18:40.592, 2, GPU-dfbfc0a1-5bdd-9a67-abb3-e6f3ac7d37b7, NVIDIA A100-SXM4-40GB, 37731, 40960, 100, 99.87, 36
nid001124,2026/05/02 02:18:40.597, 3, GPU-145799ee-88ab-a08b-a7c5-5e22d5beb30f, NVIDIA A100-SXM4-40GB, 37731, 40960, 100, 102.79, 33
