host,timestamp,gpu_index,uuid,name,memory_used_mb,memory_total_mb,gpu_util_percent,power_watts,temp_c
nid001132,2026/05/03 14:01:30.267, 0, GPU-1ee6ac61-44ab-b161-9de0-16bbb44716e7, NVIDIA A100-SXM4-40GB, 36493, 40960, 0, 105.37, 37
nid001132,2026/05/03 14:01:30.269, 1, GPU-afa7121e-c5d0-2eb5-4e9a-8b001ff7a220, NVIDIA A100-SXM4-40GB, 36471, 40960, 0, 101.43, 34
nid001132,2026/05/03 14:01:30.271, 2, GPU-4dea0284-873a-fa20-cc19-10ca82324573, NVIDIA A100-SXM4-40GB, 36471, 40960, 0, 106.92, 35
nid001132,2026/05/03 14:01:30.273, 3, GPU-cba17786-ea73-0caf-0d43-c838fbb66bcd, NVIDIA A100-SXM4-40GB, 36471, 40960, 0, 105.49, 33
nid001133,2026/05/03 14:01:31.328, 0, GPU-43cac420-244c-9975-fbd1-604f88cdd44c, NVIDIA A100-SXM4-40GB, 37253, 40960, 0, 103.20, 34
nid001133,2026/05/03 14:01:31.331, 1, GPU-73838956-9ad1-3484-0ba2-7d8b02c7a72a, NVIDIA A100-SXM4-40GB, 37243, 40960, 0, 102.68, 33
nid001133,2026/05/03 14:01:31.332, 2, GPU-aee03275-201a-58e4-7b5a-f08a6e4c1e50, NVIDIA A100-SXM4-40GB, 37243, 40960, 0, 103.84, 36
nid001133,2026/05/03 14:01:31.334, 3, GPU-e0003d1b-186b-2e66-9474-0b7af5c50af4, NVIDIA A100-SXM4-40GB, 37243, 40960, 0, 101.80, 35
nid001132,2026/05/03 14:01:34.198, 0, GPU-1ee6ac61-44ab-b161-9de0-16bbb44716e7, NVIDIA A100-SXM4-40GB, 36493, 40960, 0, 105.37, 37
nid001132,2026/05/03 14:01:34.201, 1, GPU-afa7121e-c5d0-2eb5-4e9a-8b001ff7a220, NVIDIA A100-SXM4-40GB, 36471, 40960, 0, 101.43, 34
nid001132,2026/05/03 14:01:34.203, 2, GPU-4dea0284-873a-fa20-cc19-10ca82324573, NVIDIA A100-SXM4-40GB, 36471, 40960, 0, 107.28, 35
nid001132,2026/05/03 14:01:34.204, 3, GPU-cba17786-ea73-0caf-0d43-c838fbb66bcd, NVIDIA A100-SXM4-40GB, 36471, 40960, 0, 105.37, 33
nid001133,2026/05/03 14:01:35.067, 0, GPU-43cac420-244c-9975-fbd1-604f88cdd44c, NVIDIA A100-SXM4-40GB, 37253, 40960, 0, 103.20, 34
nid001133,2026/05/03 14:01:35.070, 1, GPU-73838956-9ad1-3484-0ba2-7d8b02c7a72a, NVIDIA A100-SXM4-40GB, 37243, 40960, 0, 102.56, 33
nid001133,2026/05/03 14:01:35.072, 2, GPU-aee03275-201a-58e4-7b5a-f08a6e4c1e50, NVIDIA A100-SXM4-40GB, 37243, 40960, 0, 103.72, 36
nid001133,2026/05/03 14:01:35.073, 3, GPU-e0003d1b-186b-2e66-9474-0b7af5c50af4, NVIDIA A100-SXM4-40GB, 37243, 40960, 0, 101.80, 35
nid001132,2026/05/03 14:01:37.935, 0, GPU-1ee6ac61-44ab-b161-9de0-16bbb44716e7, NVIDIA A100-SXM4-40GB, 36493, 40960, 0, 105.24, 37
nid001132,2026/05/03 14:01:37.937, 1, GPU-afa7121e-c5d0-2eb5-4e9a-8b001ff7a220, NVIDIA A100-SXM4-40GB, 36471, 40960, 0, 101.43, 34
nid001132,2026/05/03 14:01:37.939, 2, GPU-4dea0284-873a-fa20-cc19-10ca82324573, NVIDIA A100-SXM4-40GB, 36471, 40960, 0, 107.15, 35
nid001132,2026/05/03 14:01:37.940, 3, GPU-cba17786-ea73-0caf-0d43-c838fbb66bcd, NVIDIA A100-SXM4-40GB, 36471, 40960, 0, 105.37, 33
nid001133,2026/05/03 14:01:38.790, 0, GPU-43cac420-244c-9975-fbd1-604f88cdd44c, NVIDIA A100-SXM4-40GB, 37253, 40960, 0, 103.48, 34
nid001133,2026/05/03 14:01:38.795, 1, GPU-73838956-9ad1-3484-0ba2-7d8b02c7a72a, NVIDIA A100-SXM4-40GB, 37243, 40960, 0, 102.68, 33
nid001133,2026/05/03 14:01:38.798, 2, GPU-aee03275-201a-58e4-7b5a-f08a6e4c1e50, NVIDIA A100-SXM4-40GB, 37243, 40960, 0, 103.84, 36
nid001133,2026/05/03 14:01:38.799, 3, GPU-e0003d1b-186b-2e66-9474-0b7af5c50af4, NVIDIA A100-SXM4-40GB, 37243, 40960, 0, 101.92, 35
nid001132,2026/05/03 14:01:41.712, 0, GPU-1ee6ac61-44ab-b161-9de0-16bbb44716e7, NVIDIA A100-SXM4-40GB, 36493, 40960, 0, 105.53, 37
nid001132,2026/05/03 14:01:41.715, 1, GPU-afa7121e-c5d0-2eb5-4e9a-8b001ff7a220, NVIDIA A100-SXM4-40GB, 36471, 40960, 0, 101.43, 34
nid001132,2026/05/03 14:01:41.717, 2, GPU-4dea0284-873a-fa20-cc19-10ca82324573, NVIDIA A100-SXM4-40GB, 36471, 40960, 0, 107.15, 35
nid001132,2026/05/03 14:01:41.718, 3, GPU-cba17786-ea73-0caf-0d43-c838fbb66bcd, NVIDIA A100-SXM4-40GB, 36471, 40960, 0, 105.37, 33
nid001133,2026/05/03 14:01:42.600, 0, GPU-43cac420-244c-9975-fbd1-604f88cdd44c, NVIDIA A100-SXM4-40GB, 37253, 40960, 0, 103.48, 34
nid001133,2026/05/03 14:01:42.607, 1, GPU-73838956-9ad1-3484-0ba2-7d8b02c7a72a, NVIDIA A100-SXM4-40GB, 37243, 40960, 0, 102.32, 33
nid001133,2026/05/03 14:01:42.611, 2, GPU-aee03275-201a-58e4-7b5a-f08a6e4c1e50, NVIDIA A100-SXM4-40GB, 37243, 40960, 0, 103.96, 36
nid001133,2026/05/03 14:01:42.616, 3, GPU-e0003d1b-186b-2e66-9474-0b7af5c50af4, NVIDIA A100-SXM4-40GB, 37243, 40960, 0, 101.80, 35
nid001132,2026/05/03 14:01:45.498, 0, GPU-1ee6ac61-44ab-b161-9de0-16bbb44716e7, NVIDIA A100-SXM4-40GB, 36493, 40960, 0, 105.37, 37
nid001132,2026/05/03 14:01:45.500, 1, GPU-afa7121e-c5d0-2eb5-4e9a-8b001ff7a220, NVIDIA A100-SXM4-40GB, 36471, 40960, 0, 101.56, 34
nid001132,2026/05/03 14:01:45.505, 2, GPU-4dea0284-873a-fa20-cc19-10ca82324573, NVIDIA A100-SXM4-40GB, 36471, 40960, 0, 107.05, 35
nid001132,2026/05/03 14:01:45.507, 3, GPU-cba17786-ea73-0caf-0d43-c838fbb66bcd, NVIDIA A100-SXM4-40GB, 36471, 40960, 0, 105.25, 33
nid001133,2026/05/03 14:01:46.464, 0, GPU-43cac420-244c-9975-fbd1-604f88cdd44c, NVIDIA A100-SXM4-40GB, 37253, 40960, 0, 103.48, 34
nid001133,2026/05/03 14:01:46.466, 1, GPU-73838956-9ad1-3484-0ba2-7d8b02c7a72a, NVIDIA A100-SXM4-40GB, 37243, 40960, 0, 102.56, 33
nid001133,2026/05/03 14:01:46.468, 2, GPU-aee03275-201a-58e4-7b5a-f08a6e4c1e50, NVIDIA A100-SXM4-40GB, 37243, 40960, 0, 103.96, 36
nid001133,2026/05/03 14:01:46.469, 3, GPU-e0003d1b-186b-2e66-9474-0b7af5c50af4, NVIDIA A100-SXM4-40GB, 37243, 40960, 0, 101.80, 35
nid001132,2026/05/03 14:01:49.340, 0, GPU-1ee6ac61-44ab-b161-9de0-16bbb44716e7, NVIDIA A100-SXM4-40GB, 36493, 40960, 0, 105.53, 37
nid001132,2026/05/03 14:01:49.343, 1, GPU-afa7121e-c5d0-2eb5-4e9a-8b001ff7a220, NVIDIA A100-SXM4-40GB, 36471, 40960, 0, 101.43, 34
nid001132,2026/05/03 14:01:49.344, 2, GPU-4dea0284-873a-fa20-cc19-10ca82324573, NVIDIA A100-SXM4-40GB, 36471, 40960, 0, 106.92, 35
nid001132,2026/05/03 14:01:49.346, 3, GPU-cba17786-ea73-0caf-0d43-c838fbb66bcd, NVIDIA A100-SXM4-40GB, 36471, 40960, 0, 105.37, 33
nid001133,2026/05/03 14:01:50.246, 0, GPU-43cac420-244c-9975-fbd1-604f88cdd44c, NVIDIA A100-SXM4-40GB, 37253, 40960, 0, 103.20, 34
nid001133,2026/05/03 14:01:50.249, 1, GPU-73838956-9ad1-3484-0ba2-7d8b02c7a72a, NVIDIA A100-SXM4-40GB, 37243, 40960, 0, 102.32, 33
nid001133,2026/05/03 14:01:50.250, 2, GPU-aee03275-201a-58e4-7b5a-f08a6e4c1e50, NVIDIA A100-SXM4-40GB, 37243, 40960, 0, 103.96, 36
nid001133,2026/05/03 14:01:50.252, 3, GPU-e0003d1b-186b-2e66-9474-0b7af5c50af4, NVIDIA A100-SXM4-40GB, 37243, 40960, 0, 102.04, 35
nid001132,2026/05/03 14:01:53.169, 0, GPU-1ee6ac61-44ab-b161-9de0-16bbb44716e7, NVIDIA A100-SXM4-40GB, 36493, 40960, 0, 105.53, 37
nid001132,2026/05/03 14:01:53.171, 1, GPU-afa7121e-c5d0-2eb5-4e9a-8b001ff7a220, NVIDIA A100-SXM4-40GB, 36471, 40960, 0, 101.43, 34
nid001132,2026/05/03 14:01:53.173, 2, GPU-4dea0284-873a-fa20-cc19-10ca82324573, NVIDIA A100-SXM4-40GB, 36471, 40960, 0, 107.15, 35
nid001132,2026/05/03 14:01:53.176, 3, GPU-cba17786-ea73-0caf-0d43-c838fbb66bcd, NVIDIA A100-SXM4-40GB, 36471, 40960, 0, 105.37, 33
nid001133,2026/05/03 14:01:54.030, 0, GPU-43cac420-244c-9975-fbd1-604f88cdd44c, NVIDIA A100-SXM4-40GB, 37253, 40960, 0, 103.48, 35
nid001133,2026/05/03 14:01:54.033, 1, GPU-73838956-9ad1-3484-0ba2-7d8b02c7a72a, NVIDIA A100-SXM4-40GB, 37243, 40960, 0, 102.56, 33
nid001133,2026/05/03 14:01:54.034, 2, GPU-aee03275-201a-58e4-7b5a-f08a6e4c1e50, NVIDIA A100-SXM4-40GB, 37243, 40960, 0, 103.96, 36
nid001133,2026/05/03 14:01:54.036, 3, GPU-e0003d1b-186b-2e66-9474-0b7af5c50af4, NVIDIA A100-SXM4-40GB, 37243, 40960, 0, 101.80, 35
nid001132,2026/05/03 14:01:56.886, 0, GPU-1ee6ac61-44ab-b161-9de0-16bbb44716e7, NVIDIA A100-SXM4-40GB, 36493, 40960, 0, 105.53, 37
nid001132,2026/05/03 14:01:56.889, 1, GPU-afa7121e-c5d0-2eb5-4e9a-8b001ff7a220, NVIDIA A100-SXM4-40GB, 36471, 40960, 0, 101.43, 34
nid001132,2026/05/03 14:01:56.891, 2, GPU-4dea0284-873a-fa20-cc19-10ca82324573, NVIDIA A100-SXM4-40GB, 36471, 40960, 0, 107.15, 35
nid001132,2026/05/03 14:01:56.892, 3, GPU-cba17786-ea73-0caf-0d43-c838fbb66bcd, NVIDIA A100-SXM4-40GB, 36471, 40960, 0, 105.37, 33
nid001133,2026/05/03 14:01:57.727, 0, GPU-43cac420-244c-9975-fbd1-604f88cdd44c, NVIDIA A100-SXM4-40GB, 37269, 40960, 0, 103.32, 34
nid001133,2026/05/03 14:01:57.729, 1, GPU-73838956-9ad1-3484-0ba2-7d8b02c7a72a, NVIDIA A100-SXM4-40GB, 37259, 40960, 0, 102.68, 33
nid001133,2026/05/03 14:01:57.731, 2, GPU-aee03275-201a-58e4-7b5a-f08a6e4c1e50, NVIDIA A100-SXM4-40GB, 37259, 40960, 0, 103.84, 36
nid001133,2026/05/03 14:01:57.732, 3, GPU-e0003d1b-186b-2e66-9474-0b7af5c50af4, NVIDIA A100-SXM4-40GB, 37259, 40960, 0, 101.80, 35
nid001132,2026/05/03 14:02:00.636, 0, GPU-1ee6ac61-44ab-b161-9de0-16bbb44716e7, NVIDIA A100-SXM4-40GB, 36599, 40960, 0, 105.53, 37
nid001132,2026/05/03 14:02:00.639, 1, GPU-afa7121e-c5d0-2eb5-4e9a-8b001ff7a220, NVIDIA A100-SXM4-40GB, 36523, 40960, 0, 101.43, 34
nid001132,2026/05/03 14:02:00.641, 2, GPU-4dea0284-873a-fa20-cc19-10ca82324573, NVIDIA A100-SXM4-40GB, 36523, 40960, 0, 106.92, 35
nid001132,2026/05/03 14:02:00.642, 3, GPU-cba17786-ea73-0caf-0d43-c838fbb66bcd, NVIDIA A100-SXM4-40GB, 36523, 40960, 0, 105.12, 33
nid001133,2026/05/03 14:02:01.471, 0, GPU-43cac420-244c-9975-fbd1-604f88cdd44c, NVIDIA A100-SXM4-40GB, 37269, 40960, 0, 103.20, 35
nid001133,2026/05/03 14:02:01.473, 1, GPU-73838956-9ad1-3484-0ba2-7d8b02c7a72a, NVIDIA A100-SXM4-40GB, 37259, 40960, 0, 102.56, 33
nid001133,2026/05/03 14:02:01.475, 2, GPU-aee03275-201a-58e4-7b5a-f08a6e4c1e50, NVIDIA A100-SXM4-40GB, 37259, 40960, 0, 103.96, 36
nid001133,2026/05/03 14:02:01.476, 3, GPU-e0003d1b-186b-2e66-9474-0b7af5c50af4, NVIDIA A100-SXM4-40GB, 37259, 40960, 0, 102.04, 35
nid001132,2026/05/03 14:02:04.346, 0, GPU-1ee6ac61-44ab-b161-9de0-16bbb44716e7, NVIDIA A100-SXM4-40GB, 36599, 40960, 0, 105.37, 37
nid001132,2026/05/03 14:02:04.352, 1, GPU-afa7121e-c5d0-2eb5-4e9a-8b001ff7a220, NVIDIA A100-SXM4-40GB, 36523, 40960, 0, 101.43, 34
nid001132,2026/05/03 14:02:04.358, 2, GPU-4dea0284-873a-fa20-cc19-10ca82324573, NVIDIA A100-SXM4-40GB, 36523, 40960, 0, 106.92, 35
nid001132,2026/05/03 14:02:04.364, 3, GPU-cba17786-ea73-0caf-0d43-c838fbb66bcd, NVIDIA A100-SXM4-40GB, 36523, 40960, 0, 105.12, 33
nid001133,2026/05/03 14:02:05.248, 0, GPU-43cac420-244c-9975-fbd1-604f88cdd44c, NVIDIA A100-SXM4-40GB, 37269, 40960, 0, 103.48, 35
nid001133,2026/05/03 14:02:05.250, 1, GPU-73838956-9ad1-3484-0ba2-7d8b02c7a72a, NVIDIA A100-SXM4-40GB, 37259, 40960, 0, 102.56, 33
nid001133,2026/05/03 14:02:05.252, 2, GPU-aee03275-201a-58e4-7b5a-f08a6e4c1e50, NVIDIA A100-SXM4-40GB, 37259, 40960, 0, 103.72, 36
nid001133,2026/05/03 14:02:05.253, 3, GPU-e0003d1b-186b-2e66-9474-0b7af5c50af4, NVIDIA A100-SXM4-40GB, 37259, 40960, 0, 102.04, 35
nid001132,2026/05/03 14:02:08.144, 0, GPU-1ee6ac61-44ab-b161-9de0-16bbb44716e7, NVIDIA A100-SXM4-40GB, 36599, 40960, 0, 105.53, 37
nid001132,2026/05/03 14:02:08.146, 1, GPU-afa7121e-c5d0-2eb5-4e9a-8b001ff7a220, NVIDIA A100-SXM4-40GB, 36523, 40960, 0, 101.43, 34
nid001132,2026/05/03 14:02:08.148, 2, GPU-4dea0284-873a-fa20-cc19-10ca82324573, NVIDIA A100-SXM4-40GB, 36523, 40960, 0, 106.92, 35
nid001132,2026/05/03 14:02:08.150, 3, GPU-cba17786-ea73-0caf-0d43-c838fbb66bcd, NVIDIA A100-SXM4-40GB, 36523, 40960, 0, 105.37, 33
nid001133,2026/05/03 14:02:08.998, 0, GPU-43cac420-244c-9975-fbd1-604f88cdd44c, NVIDIA A100-SXM4-40GB, 37269, 40960, 0, 103.48, 35
nid001133,2026/05/03 14:02:09.002, 1, GPU-73838956-9ad1-3484-0ba2-7d8b02c7a72a, NVIDIA A100-SXM4-40GB, 37259, 40960, 0, 102.56, 33
nid001133,2026/05/03 14:02:09.007, 2, GPU-aee03275-201a-58e4-7b5a-f08a6e4c1e50, NVIDIA A100-SXM4-40GB, 37259, 40960, 0, 103.96, 36
nid001133,2026/05/03 14:02:09.013, 3, GPU-e0003d1b-186b-2e66-9474-0b7af5c50af4, NVIDIA A100-SXM4-40GB, 37259, 40960, 0, 101.92, 35
nid001132,2026/05/03 14:02:11.925, 0, GPU-1ee6ac61-44ab-b161-9de0-16bbb44716e7, NVIDIA A100-SXM4-40GB, 36599, 40960, 0, 105.37, 37
nid001132,2026/05/03 14:02:11.928, 1, GPU-afa7121e-c5d0-2eb5-4e9a-8b001ff7a220, NVIDIA A100-SXM4-40GB, 36523, 40960, 0, 101.27, 34
nid001132,2026/05/03 14:02:11.929, 2, GPU-4dea0284-873a-fa20-cc19-10ca82324573, NVIDIA A100-SXM4-40GB, 36523, 40960, 0, 107.05, 35
nid001132,2026/05/03 14:02:11.931, 3, GPU-cba17786-ea73-0caf-0d43-c838fbb66bcd, NVIDIA A100-SXM4-40GB, 36523, 40960, 0, 105.25, 33
nid001133,2026/05/03 14:02:12.769, 0, GPU-43cac420-244c-9975-fbd1-604f88cdd44c, NVIDIA A100-SXM4-40GB, 37269, 40960, 0, 103.32, 35
nid001133,2026/05/03 14:02:12.772, 1, GPU-73838956-9ad1-3484-0ba2-7d8b02c7a72a, NVIDIA A100-SXM4-40GB, 37259, 40960, 0, 102.68, 33
nid001133,2026/05/03 14:02:12.773, 2, GPU-aee03275-201a-58e4-7b5a-f08a6e4c1e50, NVIDIA A100-SXM4-40GB, 37259, 40960, 0, 104.08, 36
nid001133,2026/05/03 14:02:12.775, 3, GPU-e0003d1b-186b-2e66-9474-0b7af5c50af4, NVIDIA A100-SXM4-40GB, 37259, 40960, 0, 101.80, 35
nid001132,2026/05/03 14:02:15.662, 0, GPU-1ee6ac61-44ab-b161-9de0-16bbb44716e7, NVIDIA A100-SXM4-40GB, 36599, 40960, 0, 105.37, 37
nid001132,2026/05/03 14:02:15.668, 1, GPU-afa7121e-c5d0-2eb5-4e9a-8b001ff7a220, NVIDIA A100-SXM4-40GB, 36523, 40960, 0, 101.15, 34
nid001132,2026/05/03 14:02:15.670, 2, GPU-4dea0284-873a-fa20-cc19-10ca82324573, NVIDIA A100-SXM4-40GB, 36523, 40960, 0, 106.92, 35
nid001132,2026/05/03 14:02:15.671, 3, GPU-cba17786-ea73-0caf-0d43-c838fbb66bcd, NVIDIA A100-SXM4-40GB, 36523, 40960, 0, 105.12, 33
nid001133,2026/05/03 14:02:16.518, 0, GPU-43cac420-244c-9975-fbd1-604f88cdd44c, NVIDIA A100-SXM4-40GB, 37269, 40960, 0, 103.48, 35
nid001133,2026/05/03 14:02:16.520, 1, GPU-73838956-9ad1-3484-0ba2-7d8b02c7a72a, NVIDIA A100-SXM4-40GB, 37259, 40960, 0, 102.56, 33
nid001133,2026/05/03 14:02:16.522, 2, GPU-aee03275-201a-58e4-7b5a-f08a6e4c1e50, NVIDIA A100-SXM4-40GB, 37259, 40960, 0, 103.84, 36
nid001133,2026/05/03 14:02:16.524, 3, GPU-e0003d1b-186b-2e66-9474-0b7af5c50af4, NVIDIA A100-SXM4-40GB, 37259, 40960, 0, 102.04, 35
nid001132,2026/05/03 14:02:19.401, 0, GPU-1ee6ac61-44ab-b161-9de0-16bbb44716e7, NVIDIA A100-SXM4-40GB, 36757, 40960, 0, 105.65, 38
nid001132,2026/05/03 14:02:19.403, 1, GPU-afa7121e-c5d0-2eb5-4e9a-8b001ff7a220, NVIDIA A100-SXM4-40GB, 36689, 40960, 0, 101.43, 34
nid001132,2026/05/03 14:02:19.405, 2, GPU-4dea0284-873a-fa20-cc19-10ca82324573, NVIDIA A100-SXM4-40GB, 36689, 40960, 0, 106.92, 36
nid001132,2026/05/03 14:02:19.406, 3, GPU-cba17786-ea73-0caf-0d43-c838fbb66bcd, NVIDIA A100-SXM4-40GB, 36689, 40960, 0, 105.37, 33
nid001133,2026/05/03 14:02:20.224, 0, GPU-43cac420-244c-9975-fbd1-604f88cdd44c, NVIDIA A100-SXM4-40GB, 37461, 40960, 0, 103.60, 35
nid001133,2026/05/03 14:02:20.231, 1, GPU-73838956-9ad1-3484-0ba2-7d8b02c7a72a, NVIDIA A100-SXM4-40GB, 37451, 40960, 0, 102.96, 34
nid001133,2026/05/03 14:02:20.237, 2, GPU-aee03275-201a-58e4-7b5a-f08a6e4c1e50, NVIDIA A100-SXM4-40GB, 37451, 40960, 0, 102.20, 36
nid001133,2026/05/03 14:02:20.241, 3, GPU-e0003d1b-186b-2e66-9474-0b7af5c50af4, NVIDIA A100-SXM4-40GB, 37451, 40960, 0, 102.20, 35
nid001132,2026/05/03 14:02:23.099, 0, GPU-1ee6ac61-44ab-b161-9de0-16bbb44716e7, NVIDIA A100-SXM4-40GB, 36757, 40960, 32, 118.69, 38
nid001132,2026/05/03 14:02:23.102, 1, GPU-afa7121e-c5d0-2eb5-4e9a-8b001ff7a220, NVIDIA A100-SXM4-40GB, 36689, 40960, 13, 120.60, 35
nid001132,2026/05/03 14:02:23.103, 2, GPU-4dea0284-873a-fa20-cc19-10ca82324573, NVIDIA A100-SXM4-40GB, 36689, 40960, 10, 113.18, 36
nid001132,2026/05/03 14:02:23.105, 3, GPU-cba17786-ea73-0caf-0d43-c838fbb66bcd, NVIDIA A100-SXM4-40GB, 36689, 40960, 7, 121.64, 33
nid001133,2026/05/03 14:02:23.950, 0, GPU-43cac420-244c-9975-fbd1-604f88cdd44c, NVIDIA A100-SXM4-40GB, 37461, 40960, 0, 116.22, 35
nid001133,2026/05/03 14:02:23.953, 1, GPU-73838956-9ad1-3484-0ba2-7d8b02c7a72a, NVIDIA A100-SXM4-40GB, 37451, 40960, 30, 112.69, 34
nid001133,2026/05/03 14:02:23.954, 2, GPU-aee03275-201a-58e4-7b5a-f08a6e4c1e50, NVIDIA A100-SXM4-40GB, 37451, 40960, 7, 114.31, 37
nid001133,2026/05/03 14:02:23.956, 3, GPU-e0003d1b-186b-2e66-9474-0b7af5c50af4, NVIDIA A100-SXM4-40GB, 37451, 40960, 0, 111.27, 35
nid001132,2026/05/03 14:02:26.815, 0, GPU-1ee6ac61-44ab-b161-9de0-16bbb44716e7, NVIDIA A100-SXM4-40GB, 36757, 40960, 42, 105.89, 38
nid001132,2026/05/03 14:02:26.818, 1, GPU-afa7121e-c5d0-2eb5-4e9a-8b001ff7a220, NVIDIA A100-SXM4-40GB, 36689, 40960, 29, 101.04, 34
nid001132,2026/05/03 14:02:26.820, 2, GPU-4dea0284-873a-fa20-cc19-10ca82324573, NVIDIA A100-SXM4-40GB, 36689, 40960, 56, 106.76, 36
nid001132,2026/05/03 14:02:26.821, 3, GPU-cba17786-ea73-0caf-0d43-c838fbb66bcd, NVIDIA A100-SXM4-40GB, 36689, 40960, 82, 105.49, 33
nid001133,2026/05/03 14:02:27.690, 0, GPU-43cac420-244c-9975-fbd1-604f88cdd44c, NVIDIA A100-SXM4-40GB, 37461, 40960, 84, 103.84, 35
nid001133,2026/05/03 14:02:27.693, 1, GPU-73838956-9ad1-3484-0ba2-7d8b02c7a72a, NVIDIA A100-SXM4-40GB, 37451, 40960, 34, 102.91, 34
nid001133,2026/05/03 14:02:27.694, 2, GPU-aee03275-201a-58e4-7b5a-f08a6e4c1e50, NVIDIA A100-SXM4-40GB, 37451, 40960, 0, 102.32, 36
nid001133,2026/05/03 14:02:27.697, 3, GPU-e0003d1b-186b-2e66-9474-0b7af5c50af4, NVIDIA A100-SXM4-40GB, 37451, 40960, 49, 102.44, 35
nid001132,2026/05/03 14:02:30.566, 0, GPU-1ee6ac61-44ab-b161-9de0-16bbb44716e7, NVIDIA A100-SXM4-40GB, 36757, 40960, 100, 106.12, 38
nid001132,2026/05/03 14:02:30.568, 1, GPU-afa7121e-c5d0-2eb5-4e9a-8b001ff7a220, NVIDIA A100-SXM4-40GB, 36689, 40960, 56, 119.02, 35
nid001132,2026/05/03 14:02:30.570, 2, GPU-4dea0284-873a-fa20-cc19-10ca82324573, NVIDIA A100-SXM4-40GB, 36689, 40960, 43, 127.20, 36
nid001132,2026/05/03 14:02:30.571, 3, GPU-cba17786-ea73-0caf-0d43-c838fbb66bcd, NVIDIA A100-SXM4-40GB, 36689, 40960, 85, 121.36, 33
nid001133,2026/05/03 14:02:31.404, 0, GPU-43cac420-244c-9975-fbd1-604f88cdd44c, NVIDIA A100-SXM4-40GB, 37461, 40960, 52, 105.00, 35
nid001133,2026/05/03 14:02:31.407, 1, GPU-73838956-9ad1-3484-0ba2-7d8b02c7a72a, NVIDIA A100-SXM4-40GB, 37451, 40960, 71, 127.11, 34
nid001133,2026/05/03 14:02:31.408, 2, GPU-aee03275-201a-58e4-7b5a-f08a6e4c1e50, NVIDIA A100-SXM4-40GB, 37451, 40960, 0, 102.56, 36
nid001133,2026/05/03 14:02:31.410, 3, GPU-e0003d1b-186b-2e66-9474-0b7af5c50af4, NVIDIA A100-SXM4-40GB, 37451, 40960, 30, 102.56, 35
nid001132,2026/05/03 14:02:34.289, 0, GPU-1ee6ac61-44ab-b161-9de0-16bbb44716e7, NVIDIA A100-SXM4-40GB, 36757, 40960, 52, 118.17, 38
nid001132,2026/05/03 14:02:34.296, 1, GPU-afa7121e-c5d0-2eb5-4e9a-8b001ff7a220, NVIDIA A100-SXM4-40GB, 36689, 40960, 56, 118.79, 35
nid001132,2026/05/03 14:02:34.299, 2, GPU-4dea0284-873a-fa20-cc19-10ca82324573, NVIDIA A100-SXM4-40GB, 36689, 40960, 93, 112.89, 36
nid001132,2026/05/03 14:02:34.300, 3, GPU-cba17786-ea73-0caf-0d43-c838fbb66bcd, NVIDIA A100-SXM4-40GB, 36689, 40960, 71, 108.07, 33
nid001133,2026/05/03 14:02:35.113, 0, GPU-43cac420-244c-9975-fbd1-604f88cdd44c, NVIDIA A100-SXM4-40GB, 37461, 40960, 52, 104.08, 35
nid001133,2026/05/03 14:02:35.120, 1, GPU-73838956-9ad1-3484-0ba2-7d8b02c7a72a, NVIDIA A100-SXM4-40GB, 37451, 40960, 38, 122.17, 34
nid001133,2026/05/03 14:02:35.125, 2, GPU-aee03275-201a-58e4-7b5a-f08a6e4c1e50, NVIDIA A100-SXM4-40GB, 37451, 40960, 44, 102.32, 36
nid001133,2026/05/03 14:02:35.129, 3, GPU-e0003d1b-186b-2e66-9474-0b7af5c50af4, NVIDIA A100-SXM4-40GB, 37451, 40960, 54, 102.91, 35
nid001132,2026/05/03 14:02:37.988, 0, GPU-1ee6ac61-44ab-b161-9de0-16bbb44716e7, NVIDIA A100-SXM4-40GB, 36757, 40960, 4, 108.17, 38
nid001132,2026/05/03 14:02:37.991, 1, GPU-afa7121e-c5d0-2eb5-4e9a-8b001ff7a220, NVIDIA A100-SXM4-40GB, 36689, 40960, 11, 101.27, 35
nid001132,2026/05/03 14:02:37.992, 2, GPU-4dea0284-873a-fa20-cc19-10ca82324573, NVIDIA A100-SXM4-40GB, 36689, 40960, 1, 120.60, 36
nid001132,2026/05/03 14:02:37.994, 3, GPU-cba17786-ea73-0caf-0d43-c838fbb66bcd, NVIDIA A100-SXM4-40GB, 36689, 40960, 26, 119.83, 33
nid001133,2026/05/03 14:02:38.832, 0, GPU-43cac420-244c-9975-fbd1-604f88cdd44c, NVIDIA A100-SXM4-40GB, 37461, 40960, 32, 114.94, 35
nid001133,2026/05/03 14:02:38.835, 1, GPU-73838956-9ad1-3484-0ba2-7d8b02c7a72a, NVIDIA A100-SXM4-40GB, 37451, 40960, 0, 115.88, 34
nid001133,2026/05/03 14:02:38.837, 2, GPU-aee03275-201a-58e4-7b5a-f08a6e4c1e50, NVIDIA A100-SXM4-40GB, 37451, 40960, 0, 114.18, 37
nid001133,2026/05/03 14:02:38.838, 3, GPU-e0003d1b-186b-2e66-9474-0b7af5c50af4, NVIDIA A100-SXM4-40GB, 37451, 40960, 10, 108.46, 35
nid001132,2026/05/03 14:02:41.731, 0, GPU-1ee6ac61-44ab-b161-9de0-16bbb44716e7, NVIDIA A100-SXM4-40GB, 36757, 40960, 67, 105.65, 38
nid001132,2026/05/03 14:02:41.734, 1, GPU-afa7121e-c5d0-2eb5-4e9a-8b001ff7a220, NVIDIA A100-SXM4-40GB, 36689, 40960, 2, 101.15, 35
nid001132,2026/05/03 14:02:41.735, 2, GPU-4dea0284-873a-fa20-cc19-10ca82324573, NVIDIA A100-SXM4-40GB, 36689, 40960, 46, 106.76, 36
nid001132,2026/05/03 14:02:41.737, 3, GPU-cba17786-ea73-0caf-0d43-c838fbb66bcd, NVIDIA A100-SXM4-40GB, 36689, 40960, 23, 117.02, 33
nid001133,2026/05/03 14:02:42.663, 0, GPU-43cac420-244c-9975-fbd1-604f88cdd44c, NVIDIA A100-SXM4-40GB, 37461, 40960, 0, 104.08, 35
nid001133,2026/05/03 14:02:42.666, 1, GPU-73838956-9ad1-3484-0ba2-7d8b02c7a72a, NVIDIA A100-SXM4-40GB, 37451, 40960, 23, 103.21, 34
nid001133,2026/05/03 14:02:42.667, 2, GPU-aee03275-201a-58e4-7b5a-f08a6e4c1e50, NVIDIA A100-SXM4-40GB, 37451, 40960, 34, 102.56, 36
nid001133,2026/05/03 14:02:42.669, 3, GPU-e0003d1b-186b-2e66-9474-0b7af5c50af4, NVIDIA A100-SXM4-40GB, 37451, 40960, 0, 102.32, 35
nid001132,2026/05/03 14:02:45.530, 0, GPU-1ee6ac61-44ab-b161-9de0-16bbb44716e7, NVIDIA A100-SXM4-40GB, 36757, 40960, 0, 109.46, 38
nid001132,2026/05/03 14:02:45.533, 1, GPU-afa7121e-c5d0-2eb5-4e9a-8b001ff7a220, NVIDIA A100-SXM4-40GB, 36689, 40960, 54, 116.22, 35
nid001132,2026/05/03 14:02:45.535, 2, GPU-4dea0284-873a-fa20-cc19-10ca82324573, NVIDIA A100-SXM4-40GB, 36689, 40960, 0, 131.42, 36
nid001132,2026/05/03 14:02:45.536, 3, GPU-cba17786-ea73-0caf-0d43-c838fbb66bcd, NVIDIA A100-SXM4-40GB, 36689, 40960, 50, 112.40, 33
nid001133,2026/05/03 14:02:46.410, 0, GPU-43cac420-244c-9975-fbd1-604f88cdd44c, NVIDIA A100-SXM4-40GB, 37461, 40960, 71, 123.92, 36
nid001133,2026/05/03 14:02:46.413, 1, GPU-73838956-9ad1-3484-0ba2-7d8b02c7a72a, NVIDIA A100-SXM4-40GB, 37451, 40960, 0, 103.21, 34
nid001133,2026/05/03 14:02:46.414, 2, GPU-aee03275-201a-58e4-7b5a-f08a6e4c1e50, NVIDIA A100-SXM4-40GB, 37451, 40960, 0, 123.92, 37
nid001133,2026/05/03 14:02:46.416, 3, GPU-e0003d1b-186b-2e66-9474-0b7af5c50af4, NVIDIA A100-SXM4-40GB, 37451, 40960, 20, 119.17, 36
nid001132,2026/05/03 14:02:49.276, 0, GPU-1ee6ac61-44ab-b161-9de0-16bbb44716e7, NVIDIA A100-SXM4-40GB, 36757, 40960, 82, 112.26, 38
nid001132,2026/05/03 14:02:49.279, 1, GPU-afa7121e-c5d0-2eb5-4e9a-8b001ff7a220, NVIDIA A100-SXM4-40GB, 36689, 40960, 58, 104.72, 35
nid001132,2026/05/03 14:02:49.284, 2, GPU-4dea0284-873a-fa20-cc19-10ca82324573, NVIDIA A100-SXM4-40GB, 36689, 40960, 84, 107.57, 36
nid001132,2026/05/03 14:02:49.290, 3, GPU-cba17786-ea73-0caf-0d43-c838fbb66bcd, NVIDIA A100-SXM4-40GB, 36689, 40960, 79, 114.84, 33
nid001133,2026/05/03 14:02:50.133, 0, GPU-43cac420-244c-9975-fbd1-604f88cdd44c, NVIDIA A100-SXM4-40GB, 37461, 40960, 33, 103.84, 35
nid001133,2026/05/03 14:02:50.136, 1, GPU-73838956-9ad1-3484-0ba2-7d8b02c7a72a, NVIDIA A100-SXM4-40GB, 37451, 40960, 59, 103.21, 34
nid001133,2026/05/03 14:02:50.138, 2, GPU-aee03275-201a-58e4-7b5a-f08a6e4c1e50, NVIDIA A100-SXM4-40GB, 37451, 40960, 18, 102.56, 36
nid001133,2026/05/03 14:02:50.139, 3, GPU-e0003d1b-186b-2e66-9474-0b7af5c50af4, NVIDIA A100-SXM4-40GB, 37451, 40960, 7, 102.44, 35
nid001132,2026/05/03 14:02:53.024, 0, GPU-1ee6ac61-44ab-b161-9de0-16bbb44716e7, NVIDIA A100-SXM4-40GB, 36757, 40960, 35, 110.22, 38
nid001132,2026/05/03 14:02:53.031, 1, GPU-afa7121e-c5d0-2eb5-4e9a-8b001ff7a220, NVIDIA A100-SXM4-40GB, 36689, 40960, 40, 111.79, 35
nid001132,2026/05/03 14:02:53.041, 2, GPU-4dea0284-873a-fa20-cc19-10ca82324573, NVIDIA A100-SXM4-40GB, 36689, 40960, 30, 121.45, 36
nid001132,2026/05/03 14:02:53.043, 3, GPU-cba17786-ea73-0caf-0d43-c838fbb66bcd, NVIDIA A100-SXM4-40GB, 36689, 40960, 7, 121.50, 33
nid001133,2026/05/03 14:02:53.871, 0, GPU-43cac420-244c-9975-fbd1-604f88cdd44c, NVIDIA A100-SXM4-40GB, 37461, 40960, 0, 103.84, 35
nid001133,2026/05/03 14:02:53.873, 1, GPU-73838956-9ad1-3484-0ba2-7d8b02c7a72a, NVIDIA A100-SXM4-40GB, 37451, 40960, 0, 102.91, 34
nid001133,2026/05/03 14:02:53.875, 2, GPU-aee03275-201a-58e4-7b5a-f08a6e4c1e50, NVIDIA A100-SXM4-40GB, 37451, 40960, 0, 102.32, 36
nid001133,2026/05/03 14:02:53.877, 3, GPU-e0003d1b-186b-2e66-9474-0b7af5c50af4, NVIDIA A100-SXM4-40GB, 37451, 40960, 0, 102.44, 35
nid001132,2026/05/03 14:02:56.736, 0, GPU-1ee6ac61-44ab-b161-9de0-16bbb44716e7, NVIDIA A100-SXM4-40GB, 36757, 40960, 61, 106.65, 38
nid001132,2026/05/03 14:02:56.739, 1, GPU-afa7121e-c5d0-2eb5-4e9a-8b001ff7a220, NVIDIA A100-SXM4-40GB, 36689, 40960, 12, 101.27, 35
nid001132,2026/05/03 14:02:56.740, 2, GPU-4dea0284-873a-fa20-cc19-10ca82324573, NVIDIA A100-SXM4-40GB, 36689, 40960, 100, 114.94, 36
nid001132,2026/05/03 14:02:56.741, 3, GPU-cba17786-ea73-0caf-0d43-c838fbb66bcd, NVIDIA A100-SXM4-40GB, 36689, 40960, 44, 105.49, 33
nid001133,2026/05/03 14:02:57.610, 0, GPU-43cac420-244c-9975-fbd1-604f88cdd44c, NVIDIA A100-SXM4-40GB, 37461, 40960, 37, 103.84, 35
nid001133,2026/05/03 14:02:57.613, 1, GPU-73838956-9ad1-3484-0ba2-7d8b02c7a72a, NVIDIA A100-SXM4-40GB, 37451, 40960, 16, 103.44, 34
nid001133,2026/05/03 14:02:57.614, 2, GPU-aee03275-201a-58e4-7b5a-f08a6e4c1e50, NVIDIA A100-SXM4-40GB, 37451, 40960, 23, 102.32, 36
nid001133,2026/05/03 14:02:57.616, 3, GPU-e0003d1b-186b-2e66-9474-0b7af5c50af4, NVIDIA A100-SXM4-40GB, 37451, 40960, 18, 102.44, 35
nid001132,2026/05/03 14:03:00.479, 0, GPU-1ee6ac61-44ab-b161-9de0-16bbb44716e7, NVIDIA A100-SXM4-40GB, 36777, 40960, 3, 116.64, 40
nid001132,2026/05/03 14:03:00.481, 1, GPU-afa7121e-c5d0-2eb5-4e9a-8b001ff7a220, NVIDIA A100-SXM4-40GB, 36709, 40960, 100, 216.13, 37
nid001132,2026/05/03 14:03:00.483, 2, GPU-4dea0284-873a-fa20-cc19-10ca82324573, NVIDIA A100-SXM4-40GB, 36709, 40960, 100, 144.43, 37
nid001132,2026/05/03 14:03:00.487, 3, GPU-cba17786-ea73-0caf-0d43-c838fbb66bcd, NVIDIA A100-SXM4-40GB, 36709, 40960, 100, 109.59, 35
nid001133,2026/05/03 14:03:01.423, 0, GPU-43cac420-244c-9975-fbd1-604f88cdd44c, NVIDIA A100-SXM4-40GB, 37481, 40960, 0, 103.96, 35
nid001133,2026/05/03 14:03:01.426, 1, GPU-73838956-9ad1-3484-0ba2-7d8b02c7a72a, NVIDIA A100-SXM4-40GB, 37471, 40960, 0, 103.32, 34
nid001133,2026/05/03 14:03:01.428, 2, GPU-aee03275-201a-58e4-7b5a-f08a6e4c1e50, NVIDIA A100-SXM4-40GB, 37471, 40960, 13, 102.56, 37
nid001133,2026/05/03 14:03:01.430, 3, GPU-e0003d1b-186b-2e66-9474-0b7af5c50af4, NVIDIA A100-SXM4-40GB, 37471, 40960, 69, 102.56, 35
nid001132,2026/05/03 14:03:04.346, 0, GPU-1ee6ac61-44ab-b161-9de0-16bbb44716e7, NVIDIA A100-SXM4-40GB, 36777, 40960, 61, 112.03, 38
nid001132,2026/05/03 14:03:04.348, 1, GPU-afa7121e-c5d0-2eb5-4e9a-8b001ff7a220, NVIDIA A100-SXM4-40GB, 36709, 40960, 50, 121.88, 35
nid001132,2026/05/03 14:03:04.350, 2, GPU-4dea0284-873a-fa20-cc19-10ca82324573, NVIDIA A100-SXM4-40GB, 36709, 40960, 3, 115.46, 37
nid001132,2026/05/03 14:03:04.352, 3, GPU-cba17786-ea73-0caf-0d43-c838fbb66bcd, NVIDIA A100-SXM4-40GB, 36709, 40960, 51, 106.54, 33
nid001133,2026/05/03 14:03:05.224, 0, GPU-43cac420-244c-9975-fbd1-604f88cdd44c, NVIDIA A100-SXM4-40GB, 37481, 40960, 54, 129.77, 36
nid001133,2026/05/03 14:03:05.229, 1, GPU-73838956-9ad1-3484-0ba2-7d8b02c7a72a, NVIDIA A100-SXM4-40GB, 37471, 40960, 0, 102.91, 34
nid001133,2026/05/03 14:03:05.235, 2, GPU-aee03275-201a-58e4-7b5a-f08a6e4c1e50, NVIDIA A100-SXM4-40GB, 37471, 40960, 0, 102.32, 37
nid001133,2026/05/03 14:03:05.239, 3, GPU-e0003d1b-186b-2e66-9474-0b7af5c50af4, NVIDIA A100-SXM4-40GB, 37471, 40960, 75, 118.17, 35
nid001132,2026/05/03 14:03:08.152, 0, GPU-1ee6ac61-44ab-b161-9de0-16bbb44716e7, NVIDIA A100-SXM4-40GB, 36777, 40960, 95, 105.65, 38
nid001132,2026/05/03 14:03:08.155, 1, GPU-afa7121e-c5d0-2eb5-4e9a-8b001ff7a220, NVIDIA A100-SXM4-40GB, 36709, 40960, 100, 102.04, 35
nid001132,2026/05/03 14:03:08.156, 2, GPU-4dea0284-873a-fa20-cc19-10ca82324573, NVIDIA A100-SXM4-40GB, 36709, 40960, 48, 109.61, 36
nid001132,2026/05/03 14:03:08.158, 3, GPU-cba17786-ea73-0caf-0d43-c838fbb66bcd, NVIDIA A100-SXM4-40GB, 36709, 40960, 59, 109.07, 33
nid001133,2026/05/03 14:03:09.042, 0, GPU-43cac420-244c-9975-fbd1-604f88cdd44c, NVIDIA A100-SXM4-40GB, 37481, 40960, 22, 125.15, 35
nid001133,2026/05/03 14:03:09.044, 1, GPU-73838956-9ad1-3484-0ba2-7d8b02c7a72a, NVIDIA A100-SXM4-40GB, 37471, 40960, 93, 126.88, 34
nid001133,2026/05/03 14:03:09.046, 2, GPU-aee03275-201a-58e4-7b5a-f08a6e4c1e50, NVIDIA A100-SXM4-40GB, 37471, 40960, 7, 105.65, 37
nid001133,2026/05/03 14:03:09.047, 3, GPU-e0003d1b-186b-2e66-9474-0b7af5c50af4, NVIDIA A100-SXM4-40GB, 37471, 40960, 75, 133.02, 35
nid001132,2026/05/03 14:03:11.942, 0, GPU-1ee6ac61-44ab-b161-9de0-16bbb44716e7, NVIDIA A100-SXM4-40GB, 36777, 40960, 23, 105.78, 38
nid001132,2026/05/03 14:03:11.948, 1, GPU-afa7121e-c5d0-2eb5-4e9a-8b001ff7a220, NVIDIA A100-SXM4-40GB, 36709, 40960, 31, 101.27, 35
nid001132,2026/05/03 14:03:11.949, 2, GPU-4dea0284-873a-fa20-cc19-10ca82324573, NVIDIA A100-SXM4-40GB, 36709, 40960, 39, 107.05, 36
nid001132,2026/05/03 14:03:11.951, 3, GPU-cba17786-ea73-0caf-0d43-c838fbb66bcd, NVIDIA A100-SXM4-40GB, 36709, 40960, 59, 105.25, 33
nid001133,2026/05/03 14:03:12.769, 0, GPU-43cac420-244c-9975-fbd1-604f88cdd44c, NVIDIA A100-SXM4-40GB, 37481, 40960, 24, 103.96, 35
nid001133,2026/05/03 14:03:12.771, 1, GPU-73838956-9ad1-3484-0ba2-7d8b02c7a72a, NVIDIA A100-SXM4-40GB, 37471, 40960, 51, 103.08, 34
nid001133,2026/05/03 14:03:12.773, 2, GPU-aee03275-201a-58e4-7b5a-f08a6e4c1e50, NVIDIA A100-SXM4-40GB, 37471, 40960, 15, 102.32, 36
nid001133,2026/05/03 14:03:12.775, 3, GPU-e0003d1b-186b-2e66-9474-0b7af5c50af4, NVIDIA A100-SXM4-40GB, 37471, 40960, 74, 102.56, 35
nid001132,2026/05/03 14:03:15.712, 0, GPU-1ee6ac61-44ab-b161-9de0-16bbb44716e7, NVIDIA A100-SXM4-40GB, 36777, 40960, 56, 105.78, 38
nid001132,2026/05/03 14:03:15.714, 1, GPU-afa7121e-c5d0-2eb5-4e9a-8b001ff7a220, NVIDIA A100-SXM4-40GB, 36709, 40960, 74, 101.56, 35
nid001132,2026/05/03 14:03:15.716, 2, GPU-4dea0284-873a-fa20-cc19-10ca82324573, NVIDIA A100-SXM4-40GB, 36709, 40960, 70, 107.05, 36
nid001132,2026/05/03 14:03:15.717, 3, GPU-cba17786-ea73-0caf-0d43-c838fbb66bcd, NVIDIA A100-SXM4-40GB, 36709, 40960, 70, 105.25, 33
nid001133,2026/05/03 14:03:16.736, 0, GPU-43cac420-244c-9975-fbd1-604f88cdd44c, NVIDIA A100-SXM4-40GB, 37481, 40960, 2, 103.84, 35
nid001133,2026/05/03 14:03:16.739, 1, GPU-73838956-9ad1-3484-0ba2-7d8b02c7a72a, NVIDIA A100-SXM4-40GB, 37471, 40960, 17, 103.21, 34
nid001133,2026/05/03 14:03:16.741, 2, GPU-aee03275-201a-58e4-7b5a-f08a6e4c1e50, NVIDIA A100-SXM4-40GB, 37471, 40960, 0, 102.32, 36
nid001133,2026/05/03 14:03:16.742, 3, GPU-e0003d1b-186b-2e66-9474-0b7af5c50af4, NVIDIA A100-SXM4-40GB, 37471, 40960, 41, 102.68, 35
nid001132,2026/05/03 14:03:19.639, 0, GPU-1ee6ac61-44ab-b161-9de0-16bbb44716e7, NVIDIA A100-SXM4-40GB, 36777, 40960, 13, 112.26, 38
nid001132,2026/05/03 14:03:19.642, 1, GPU-afa7121e-c5d0-2eb5-4e9a-8b001ff7a220, NVIDIA A100-SXM4-40GB, 36709, 40960, 69, 111.27, 35
nid001132,2026/05/03 14:03:19.644, 2, GPU-4dea0284-873a-fa20-cc19-10ca82324573, NVIDIA A100-SXM4-40GB, 36709, 40960, 58, 115.46, 36
nid001132,2026/05/03 14:03:19.645, 3, GPU-cba17786-ea73-0caf-0d43-c838fbb66bcd, NVIDIA A100-SXM4-40GB, 36709, 40960, 23, 113.69, 34
nid001133,2026/05/03 14:03:20.474, 0, GPU-43cac420-244c-9975-fbd1-604f88cdd44c, NVIDIA A100-SXM4-40GB, 37481, 40960, 0, 103.96, 35
nid001133,2026/05/03 14:03:20.477, 1, GPU-73838956-9ad1-3484-0ba2-7d8b02c7a72a, NVIDIA A100-SXM4-40GB, 37471, 40960, 0, 103.21, 34
nid001133,2026/05/03 14:03:20.478, 2, GPU-aee03275-201a-58e4-7b5a-f08a6e4c1e50, NVIDIA A100-SXM4-40GB, 37471, 40960, 0, 102.56, 36
nid001133,2026/05/03 14:03:20.480, 3, GPU-e0003d1b-186b-2e66-9474-0b7af5c50af4, NVIDIA A100-SXM4-40GB, 37471, 40960, 0, 102.56, 35
nid001132,2026/05/03 14:03:23.419, 0, GPU-1ee6ac61-44ab-b161-9de0-16bbb44716e7, NVIDIA A100-SXM4-40GB, 36777, 40960, 0, 112.26, 38
nid001132,2026/05/03 14:03:23.422, 1, GPU-afa7121e-c5d0-2eb5-4e9a-8b001ff7a220, NVIDIA A100-SXM4-40GB, 36709, 40960, 9, 104.84, 35
nid001132,2026/05/03 14:03:23.423, 2, GPU-4dea0284-873a-fa20-cc19-10ca82324573, NVIDIA A100-SXM4-40GB, 36709, 40960, 45, 108.81, 36
nid001132,2026/05/03 14:03:23.425, 3, GPU-cba17786-ea73-0caf-0d43-c838fbb66bcd, NVIDIA A100-SXM4-40GB, 36709, 40960, 33, 122.41, 33
nid001133,2026/05/03 14:03:24.272, 0, GPU-43cac420-244c-9975-fbd1-604f88cdd44c, NVIDIA A100-SXM4-40GB, 37481, 40960, 4, 118.55, 36
nid001133,2026/05/03 14:03:24.276, 1, GPU-73838956-9ad1-3484-0ba2-7d8b02c7a72a, NVIDIA A100-SXM4-40GB, 37471, 40960, 4, 119.98, 34
nid001133,2026/05/03 14:03:24.277, 2, GPU-aee03275-201a-58e4-7b5a-f08a6e4c1e50, NVIDIA A100-SXM4-40GB, 37471, 40960, 14, 123.26, 37
nid001133,2026/05/03 14:03:24.279, 3, GPU-e0003d1b-186b-2e66-9474-0b7af5c50af4, NVIDIA A100-SXM4-40GB, 37471, 40960, 29, 113.31, 36
nid001132,2026/05/03 14:03:27.152, 0, GPU-1ee6ac61-44ab-b161-9de0-16bbb44716e7, NVIDIA A100-SXM4-40GB, 36777, 40960, 90, 105.78, 38
nid001132,2026/05/03 14:03:27.154, 1, GPU-afa7121e-c5d0-2eb5-4e9a-8b001ff7a220, NVIDIA A100-SXM4-40GB, 36709, 40960, 100, 102.32, 35
nid001132,2026/05/03 14:03:27.156, 2, GPU-4dea0284-873a-fa20-cc19-10ca82324573, NVIDIA A100-SXM4-40GB, 36709, 40960, 90, 107.57, 36
nid001132,2026/05/03 14:03:27.158, 3, GPU-cba17786-ea73-0caf-0d43-c838fbb66bcd, NVIDIA A100-SXM4-40GB, 36709, 40960, 24, 105.25, 33
nid001133,2026/05/03 14:03:28.013, 0, GPU-43cac420-244c-9975-fbd1-604f88cdd44c, NVIDIA A100-SXM4-40GB, 37481, 40960, 10, 113.03, 35
nid001133,2026/05/03 14:03:28.020, 1, GPU-73838956-9ad1-3484-0ba2-7d8b02c7a72a, NVIDIA A100-SXM4-40GB, 37471, 40960, 0, 119.45, 34
nid001133,2026/05/03 14:03:28.025, 2, GPU-aee03275-201a-58e4-7b5a-f08a6e4c1e50, NVIDIA A100-SXM4-40GB, 37471, 40960, 0, 124.31, 37
nid001133,2026/05/03 14:03:28.026, 3, GPU-e0003d1b-186b-2e66-9474-0b7af5c50af4, NVIDIA A100-SXM4-40GB, 37471, 40960, 92, 119.69, 36
nid001132,2026/05/03 14:03:30.929, 0, GPU-1ee6ac61-44ab-b161-9de0-16bbb44716e7, NVIDIA A100-SXM4-40GB, 36777, 40960, 25, 117.93, 38
nid001132,2026/05/03 14:03:30.932, 1, GPU-afa7121e-c5d0-2eb5-4e9a-8b001ff7a220, NVIDIA A100-SXM4-40GB, 36709, 40960, 7, 108.57, 35
nid001132,2026/05/03 14:03:30.935, 2, GPU-4dea0284-873a-fa20-cc19-10ca82324573, NVIDIA A100-SXM4-40GB, 36709, 40960, 15, 120.31, 36
nid001132,2026/05/03 14:03:30.936, 3, GPU-cba17786-ea73-0caf-0d43-c838fbb66bcd, NVIDIA A100-SXM4-40GB, 36709, 40960, 62, 109.87, 33
nid001133,2026/05/03 14:03:31.782, 0, GPU-43cac420-244c-9975-fbd1-604f88cdd44c, NVIDIA A100-SXM4-40GB, 37481, 40960, 0, 123.40, 35
nid001133,2026/05/03 14:03:31.784, 1, GPU-73838956-9ad1-3484-0ba2-7d8b02c7a72a, NVIDIA A100-SXM4-40GB, 37471, 40960, 0, 115.36, 34
nid001133,2026/05/03 14:03:31.786, 2, GPU-aee03275-201a-58e4-7b5a-f08a6e4c1e50, NVIDIA A100-SXM4-40GB, 37471, 40960, 0, 102.56, 36
nid001133,2026/05/03 14:03:31.788, 3, GPU-e0003d1b-186b-2e66-9474-0b7af5c50af4, NVIDIA A100-SXM4-40GB, 37471, 40960, 0, 102.56, 35
nid001132,2026/05/03 14:03:34.720, 0, GPU-1ee6ac61-44ab-b161-9de0-16bbb44716e7, NVIDIA A100-SXM4-40GB, 36777, 40960, 0, 120.45, 38
nid001132,2026/05/03 14:03:34.727, 1, GPU-afa7121e-c5d0-2eb5-4e9a-8b001ff7a220, NVIDIA A100-SXM4-40GB, 36709, 40960, 0, 122.88, 35
nid001132,2026/05/03 14:03:34.735, 2, GPU-4dea0284-873a-fa20-cc19-10ca82324573, NVIDIA A100-SXM4-40GB, 36709, 40960, 0, 121.07, 36
nid001132,2026/05/03 14:03:34.740, 3, GPU-cba17786-ea73-0caf-0d43-c838fbb66bcd, NVIDIA A100-SXM4-40GB, 36709, 40960, 0, 118.31, 33
nid001133,2026/05/03 14:03:35.614, 0, GPU-43cac420-244c-9975-fbd1-604f88cdd44c, NVIDIA A100-SXM4-40GB, 37481, 40960, 0, 104.08, 35
nid001133,2026/05/03 14:03:35.620, 1, GPU-73838956-9ad1-3484-0ba2-7d8b02c7a72a, NVIDIA A100-SXM4-40GB, 37471, 40960, 0, 102.91, 34
nid001133,2026/05/03 14:03:35.621, 2, GPU-aee03275-201a-58e4-7b5a-f08a6e4c1e50, NVIDIA A100-SXM4-40GB, 37471, 40960, 0, 102.32, 36
nid001133,2026/05/03 14:03:35.623, 3, GPU-e0003d1b-186b-2e66-9474-0b7af5c50af4, NVIDIA A100-SXM4-40GB, 37471, 40960, 0, 102.44, 35
nid001132,2026/05/03 14:03:38.510, 0, GPU-1ee6ac61-44ab-b161-9de0-16bbb44716e7, NVIDIA A100-SXM4-40GB, 36777, 40960, 25, 108.17, 38
nid001132,2026/05/03 14:03:38.512, 1, GPU-afa7121e-c5d0-2eb5-4e9a-8b001ff7a220, NVIDIA A100-SXM4-40GB, 36709, 40960, 17, 112.89, 35
nid001132,2026/05/03 14:03:38.514, 2, GPU-4dea0284-873a-fa20-cc19-10ca82324573, NVIDIA A100-SXM4-40GB, 36709, 40960, 10, 107.28, 36
nid001132,2026/05/03 14:03:38.515, 3, GPU-cba17786-ea73-0caf-0d43-c838fbb66bcd, NVIDIA A100-SXM4-40GB, 36709, 40960, 26, 108.07, 33
nid001133,2026/05/03 14:03:39.352, 0, GPU-43cac420-244c-9975-fbd1-604f88cdd44c, NVIDIA A100-SXM4-40GB, 37481, 40960, 13, 118.03, 35
nid001133,2026/05/03 14:03:39.355, 1, GPU-73838956-9ad1-3484-0ba2-7d8b02c7a72a, NVIDIA A100-SXM4-40GB, 37471, 40960, 0, 114.73, 34
nid001133,2026/05/03 14:03:39.357, 2, GPU-aee03275-201a-58e4-7b5a-f08a6e4c1e50, NVIDIA A100-SXM4-40GB, 37471, 40960, 4, 111.51, 37
nid001133,2026/05/03 14:03:39.359, 3, GPU-e0003d1b-186b-2e66-9474-0b7af5c50af4, NVIDIA A100-SXM4-40GB, 37471, 40960, 23, 102.68, 35
nid001132,2026/05/03 14:03:42.301, 0, GPU-1ee6ac61-44ab-b161-9de0-16bbb44716e7, NVIDIA A100-SXM4-40GB, 36777, 40960, 54, 105.65, 38
nid001132,2026/05/03 14:03:42.304, 1, GPU-afa7121e-c5d0-2eb5-4e9a-8b001ff7a220, NVIDIA A100-SXM4-40GB, 36709, 40960, 11, 101.27, 35
nid001132,2026/05/03 14:03:42.305, 2, GPU-4dea0284-873a-fa20-cc19-10ca82324573, NVIDIA A100-SXM4-40GB, 36709, 40960, 33, 122.21, 36
nid001132,2026/05/03 14:03:42.307, 3, GPU-cba17786-ea73-0caf-0d43-c838fbb66bcd, NVIDIA A100-SXM4-40GB, 36709, 40960, 66, 115.21, 33
nid001133,2026/05/03 14:03:43.207, 0, GPU-43cac420-244c-9975-fbd1-604f88cdd44c, NVIDIA A100-SXM4-40GB, 37481, 40960, 4, 103.72, 35
nid001133,2026/05/03 14:03:43.212, 1, GPU-73838956-9ad1-3484-0ba2-7d8b02c7a72a, NVIDIA A100-SXM4-40GB, 37471, 40960, 0, 103.21, 34
nid001133,2026/05/03 14:03:43.217, 2, GPU-aee03275-201a-58e4-7b5a-f08a6e4c1e50, NVIDIA A100-SXM4-40GB, 37471, 40960, 0, 102.56, 36
nid001133,2026/05/03 14:03:43.223, 3, GPU-e0003d1b-186b-2e66-9474-0b7af5c50af4, NVIDIA A100-SXM4-40GB, 37471, 40960, 0, 99.51, 35
nid001132,2026/05/03 14:03:46.139, 0, GPU-1ee6ac61-44ab-b161-9de0-16bbb44716e7, NVIDIA A100-SXM4-40GB, 36777, 40960, 84, 105.65, 38
nid001132,2026/05/03 14:03:46.142, 1, GPU-afa7121e-c5d0-2eb5-4e9a-8b001ff7a220, NVIDIA A100-SXM4-40GB, 36709, 40960, 66, 101.56, 35
nid001132,2026/05/03 14:03:46.143, 2, GPU-4dea0284-873a-fa20-cc19-10ca82324573, NVIDIA A100-SXM4-40GB, 36709, 40960, 22, 107.05, 36
nid001132,2026/05/03 14:03:46.145, 3, GPU-cba17786-ea73-0caf-0d43-c838fbb66bcd, NVIDIA A100-SXM4-40GB, 36709, 40960, 69, 105.25, 33
nid001133,2026/05/03 14:03:47.015, 0, GPU-43cac420-244c-9975-fbd1-604f88cdd44c, NVIDIA A100-SXM4-40GB, 37481, 40960, 74, 104.08, 35
nid001133,2026/05/03 14:03:47.022, 1, GPU-73838956-9ad1-3484-0ba2-7d8b02c7a72a, NVIDIA A100-SXM4-40GB, 37471, 40960, 0, 103.21, 34
nid001133,2026/05/03 14:03:47.023, 2, GPU-aee03275-201a-58e4-7b5a-f08a6e4c1e50, NVIDIA A100-SXM4-40GB, 37471, 40960, 0, 102.32, 36
nid001133,2026/05/03 14:03:47.025, 3, GPU-e0003d1b-186b-2e66-9474-0b7af5c50af4, NVIDIA A100-SXM4-40GB, 37471, 40960, 1, 99.51, 35
nid001132,2026/05/03 14:03:49.941, 0, GPU-1ee6ac61-44ab-b161-9de0-16bbb44716e7, NVIDIA A100-SXM4-40GB, 36777, 40960, 17, 105.65, 38
nid001132,2026/05/03 14:03:49.943, 1, GPU-afa7121e-c5d0-2eb5-4e9a-8b001ff7a220, NVIDIA A100-SXM4-40GB, 36709, 40960, 0, 104.24, 35
nid001132,2026/05/03 14:03:49.945, 2, GPU-4dea0284-873a-fa20-cc19-10ca82324573, NVIDIA A100-SXM4-40GB, 36709, 40960, 0, 106.92, 36
nid001132,2026/05/03 14:03:49.947, 3, GPU-cba17786-ea73-0caf-0d43-c838fbb66bcd, NVIDIA A100-SXM4-40GB, 36709, 40960, 0, 129.77, 33
nid001133,2026/05/03 14:03:50.835, 0, GPU-43cac420-244c-9975-fbd1-604f88cdd44c, NVIDIA A100-SXM4-40GB, 37481, 40960, 0, 103.96, 35
nid001133,2026/05/03 14:03:50.838, 1, GPU-73838956-9ad1-3484-0ba2-7d8b02c7a72a, NVIDIA A100-SXM4-40GB, 37471, 40960, 0, 103.08, 34
nid001133,2026/05/03 14:03:50.839, 2, GPU-aee03275-201a-58e4-7b5a-f08a6e4c1e50, NVIDIA A100-SXM4-40GB, 37471, 40960, 5, 102.43, 36
nid001133,2026/05/03 14:03:50.841, 3, GPU-e0003d1b-186b-2e66-9474-0b7af5c50af4, NVIDIA A100-SXM4-40GB, 37471, 40960, 0, 99.40, 35
nid001132,2026/05/03 14:03:53.705, 0, GPU-1ee6ac61-44ab-b161-9de0-16bbb44716e7, NVIDIA A100-SXM4-40GB, 36777, 40960, 100, 105.53, 38
nid001132,2026/05/03 14:03:53.708, 1, GPU-afa7121e-c5d0-2eb5-4e9a-8b001ff7a220, NVIDIA A100-SXM4-40GB, 36709, 40960, 88, 101.43, 35
nid001132,2026/05/03 14:03:53.710, 2, GPU-4dea0284-873a-fa20-cc19-10ca82324573, NVIDIA A100-SXM4-40GB, 36709, 40960, 38, 106.92, 36
nid001132,2026/05/03 14:03:53.711, 3, GPU-cba17786-ea73-0caf-0d43-c838fbb66bcd, NVIDIA A100-SXM4-40GB, 36709, 40960, 75, 105.12, 33
nid001133,2026/05/03 14:03:54.572, 0, GPU-43cac420-244c-9975-fbd1-604f88cdd44c, NVIDIA A100-SXM4-40GB, 37481, 40960, 45, 104.08, 35
nid001133,2026/05/03 14:03:54.574, 1, GPU-73838956-9ad1-3484-0ba2-7d8b02c7a72a, NVIDIA A100-SXM4-40GB, 37471, 40960, 84, 103.08, 34
nid001133,2026/05/03 14:03:54.576, 2, GPU-aee03275-201a-58e4-7b5a-f08a6e4c1e50, NVIDIA A100-SXM4-40GB, 37471, 40960, 49, 114.46, 37
nid001133,2026/05/03 14:03:54.577, 3, GPU-e0003d1b-186b-2e66-9474-0b7af5c50af4, NVIDIA A100-SXM4-40GB, 37471, 40960, 18, 99.99, 35
nid001132,2026/05/03 14:03:57.433, 0, GPU-1ee6ac61-44ab-b161-9de0-16bbb44716e7, NVIDIA A100-SXM4-40GB, 36777, 40960, 100, 124.55, 38
nid001132,2026/05/03 14:03:57.436, 1, GPU-afa7121e-c5d0-2eb5-4e9a-8b001ff7a220, NVIDIA A100-SXM4-40GB, 36709, 40960, 22, 102.79, 35
nid001132,2026/05/03 14:03:57.438, 2, GPU-4dea0284-873a-fa20-cc19-10ca82324573, NVIDIA A100-SXM4-40GB, 36709, 40960, 46, 107.81, 36
nid001132,2026/05/03 14:03:57.439, 3, GPU-cba17786-ea73-0caf-0d43-c838fbb66bcd, NVIDIA A100-SXM4-40GB, 36709, 40960, 94, 106.01, 33
nid001133,2026/05/03 14:03:58.293, 0, GPU-43cac420-244c-9975-fbd1-604f88cdd44c, NVIDIA A100-SXM4-40GB, 37481, 40960, 79, 129.77, 36
nid001133,2026/05/03 14:03:58.296, 1, GPU-73838956-9ad1-3484-0ba2-7d8b02c7a72a, NVIDIA A100-SXM4-40GB, 37471, 40960, 0, 116.88, 34
nid001133,2026/05/03 14:03:58.297, 2, GPU-aee03275-201a-58e4-7b5a-f08a6e4c1e50, NVIDIA A100-SXM4-40GB, 37471, 40960, 25, 110.51, 37
nid001133,2026/05/03 14:03:58.299, 3, GPU-e0003d1b-186b-2e66-9474-0b7af5c50af4, NVIDIA A100-SXM4-40GB, 37471, 40960, 82, 107.94, 35
nid001132,2026/05/03 14:04:01.184, 0, GPU-1ee6ac61-44ab-b161-9de0-16bbb44716e7, NVIDIA A100-SXM4-40GB, 36777, 40960, 35, 120.83, 38
nid001132,2026/05/03 14:04:01.191, 1, GPU-afa7121e-c5d0-2eb5-4e9a-8b001ff7a220, NVIDIA A100-SXM4-40GB, 36709, 40960, 21, 110.38, 35
nid001132,2026/05/03 14:04:01.195, 2, GPU-4dea0284-873a-fa20-cc19-10ca82324573, NVIDIA A100-SXM4-40GB, 36709, 40960, 50, 112.00, 36
nid001132,2026/05/03 14:04:01.200, 3, GPU-cba17786-ea73-0caf-0d43-c838fbb66bcd, NVIDIA A100-SXM4-40GB, 36709, 40960, 18, 113.84, 33
nid001133,2026/05/03 14:04:02.050, 0, GPU-43cac420-244c-9975-fbd1-604f88cdd44c, NVIDIA A100-SXM4-40GB, 37481, 40960, 69, 103.96, 35
nid001133,2026/05/03 14:04:02.053, 1, GPU-73838956-9ad1-3484-0ba2-7d8b02c7a72a, NVIDIA A100-SXM4-40GB, 37471, 40960, 0, 103.08, 34
nid001133,2026/05/03 14:04:02.056, 2, GPU-aee03275-201a-58e4-7b5a-f08a6e4c1e50, NVIDIA A100-SXM4-40GB, 37471, 40960, 0, 102.56, 36
nid001133,2026/05/03 14:04:02.058, 3, GPU-e0003d1b-186b-2e66-9474-0b7af5c50af4, NVIDIA A100-SXM4-40GB, 37471, 40960, 8, 99.22, 35
nid001132,2026/05/03 14:04:04.973, 0, GPU-1ee6ac61-44ab-b161-9de0-16bbb44716e7, NVIDIA A100-SXM4-40GB, 36777, 40960, 49, 105.65, 38
nid001132,2026/05/03 14:04:04.976, 1, GPU-afa7121e-c5d0-2eb5-4e9a-8b001ff7a220, NVIDIA A100-SXM4-40GB, 36709, 40960, 9, 100.92, 35
nid001132,2026/05/03 14:04:04.977, 2, GPU-4dea0284-873a-fa20-cc19-10ca82324573, NVIDIA A100-SXM4-40GB, 36709, 40960, 100, 107.15, 36
nid001132,2026/05/03 14:04:04.979, 3, GPU-cba17786-ea73-0caf-0d43-c838fbb66bcd, NVIDIA A100-SXM4-40GB, 36709, 40960, 74, 105.12, 33
nid001133,2026/05/03 14:04:06.012, 0, GPU-43cac420-244c-9975-fbd1-604f88cdd44c, NVIDIA A100-SXM4-40GB, 37481, 40960, 87, 103.96, 35
nid001133,2026/05/03 14:04:06.014, 1, GPU-73838956-9ad1-3484-0ba2-7d8b02c7a72a, NVIDIA A100-SXM4-40GB, 37471, 40960, 47, 102.79, 34
nid001133,2026/05/03 14:04:06.016, 2, GPU-aee03275-201a-58e4-7b5a-f08a6e4c1e50, NVIDIA A100-SXM4-40GB, 37471, 40960, 57, 102.56, 36
nid001133,2026/05/03 14:04:06.017, 3, GPU-e0003d1b-186b-2e66-9474-0b7af5c50af4, NVIDIA A100-SXM4-40GB, 37471, 40960, 14, 99.22, 35
nid001132,2026/05/03 14:04:08.939, 0, GPU-1ee6ac61-44ab-b161-9de0-16bbb44716e7, NVIDIA A100-SXM4-40GB, 36777, 40960, 76, 105.65, 38
nid001132,2026/05/03 14:04:08.944, 1, GPU-afa7121e-c5d0-2eb5-4e9a-8b001ff7a220, NVIDIA A100-SXM4-40GB, 36709, 40960, 0, 101.15, 35
nid001132,2026/05/03 14:04:08.951, 2, GPU-4dea0284-873a-fa20-cc19-10ca82324573, NVIDIA A100-SXM4-40GB, 36709, 40960, 2, 106.92, 36
nid001132,2026/05/03 14:04:08.956, 3, GPU-cba17786-ea73-0caf-0d43-c838fbb66bcd, NVIDIA A100-SXM4-40GB, 36709, 40960, 0, 105.12, 33
nid001133,2026/05/03 14:04:09.792, 0, GPU-43cac420-244c-9975-fbd1-604f88cdd44c, NVIDIA A100-SXM4-40GB, 37481, 40960, 58, 103.96, 35
nid001133,2026/05/03 14:04:09.795, 1, GPU-73838956-9ad1-3484-0ba2-7d8b02c7a72a, NVIDIA A100-SXM4-40GB, 37471, 40960, 15, 102.79, 34
nid001133,2026/05/03 14:04:09.796, 2, GPU-aee03275-201a-58e4-7b5a-f08a6e4c1e50, NVIDIA A100-SXM4-40GB, 37471, 40960, 2, 102.43, 36
nid001133,2026/05/03 14:04:09.798, 3, GPU-e0003d1b-186b-2e66-9474-0b7af5c50af4, NVIDIA A100-SXM4-40GB, 37471, 40960, 76, 99.51, 35
nid001132,2026/05/03 14:04:12.670, 0, GPU-1ee6ac61-44ab-b161-9de0-16bbb44716e7, NVIDIA A100-SXM4-40GB, 36777, 40960, 45, 105.37, 38
nid001132,2026/05/03 14:04:12.676, 1, GPU-afa7121e-c5d0-2eb5-4e9a-8b001ff7a220, NVIDIA A100-SXM4-40GB, 36709, 40960, 54, 101.15, 34
nid001132,2026/05/03 14:04:12.681, 2, GPU-4dea0284-873a-fa20-cc19-10ca82324573, NVIDIA A100-SXM4-40GB, 36709, 40960, 0, 107.05, 36
nid001132,2026/05/03 14:04:12.685, 3, GPU-cba17786-ea73-0caf-0d43-c838fbb66bcd, NVIDIA A100-SXM4-40GB, 36709, 40960, 0, 105.25, 33
nid001133,2026/05/03 14:04:13.643, 0, GPU-43cac420-244c-9975-fbd1-604f88cdd44c, NVIDIA A100-SXM4-40GB, 37481, 40960, 0, 103.96, 35
nid001133,2026/05/03 14:04:13.646, 1, GPU-73838956-9ad1-3484-0ba2-7d8b02c7a72a, NVIDIA A100-SXM4-40GB, 37471, 40960, 0, 103.08, 34
nid001133,2026/05/03 14:04:13.647, 2, GPU-aee03275-201a-58e4-7b5a-f08a6e4c1e50, NVIDIA A100-SXM4-40GB, 37471, 40960, 39, 102.43, 36
nid001133,2026/05/03 14:04:13.649, 3, GPU-e0003d1b-186b-2e66-9474-0b7af5c50af4, NVIDIA A100-SXM4-40GB, 37471, 40960, 0, 99.51, 35
nid001132,2026/05/03 14:04:16.513, 0, GPU-1ee6ac61-44ab-b161-9de0-16bbb44716e7, NVIDIA A100-SXM4-40GB, 36777, 40960, 75, 105.76, 38
nid001132,2026/05/03 14:04:16.515, 1, GPU-afa7121e-c5d0-2eb5-4e9a-8b001ff7a220, NVIDIA A100-SXM4-40GB, 36709, 40960, 97, 101.43, 35
nid001132,2026/05/03 14:04:16.517, 2, GPU-4dea0284-873a-fa20-cc19-10ca82324573, NVIDIA A100-SXM4-40GB, 36709, 40960, 22, 106.92, 36
nid001132,2026/05/03 14:04:16.518, 3, GPU-cba17786-ea73-0caf-0d43-c838fbb66bcd, NVIDIA A100-SXM4-40GB, 36709, 40960, 21, 105.12, 33
nid001133,2026/05/03 14:04:17.340, 0, GPU-43cac420-244c-9975-fbd1-604f88cdd44c, NVIDIA A100-SXM4-40GB, 37481, 40960, 59, 103.96, 35
nid001133,2026/05/03 14:04:17.343, 1, GPU-73838956-9ad1-3484-0ba2-7d8b02c7a72a, NVIDIA A100-SXM4-40GB, 37471, 40960, 3, 103.08, 34
nid001133,2026/05/03 14:04:17.344, 2, GPU-aee03275-201a-58e4-7b5a-f08a6e4c1e50, NVIDIA A100-SXM4-40GB, 37471, 40960, 58, 102.43, 36
nid001133,2026/05/03 14:04:17.346, 3, GPU-e0003d1b-186b-2e66-9474-0b7af5c50af4, NVIDIA A100-SXM4-40GB, 37471, 40960, 59, 99.51, 35
nid001132,2026/05/03 14:04:20.257, 0, GPU-1ee6ac61-44ab-b161-9de0-16bbb44716e7, NVIDIA A100-SXM4-40GB, 36777, 40960, 63, 105.65, 38
nid001132,2026/05/03 14:04:20.260, 1, GPU-afa7121e-c5d0-2eb5-4e9a-8b001ff7a220, NVIDIA A100-SXM4-40GB, 36709, 40960, 40, 101.15, 35
nid001132,2026/05/03 14:04:20.262, 2, GPU-4dea0284-873a-fa20-cc19-10ca82324573, NVIDIA A100-SXM4-40GB, 36709, 40960, 44, 106.92, 36
nid001132,2026/05/03 14:04:20.263, 3, GPU-cba17786-ea73-0caf-0d43-c838fbb66bcd, NVIDIA A100-SXM4-40GB, 36709, 40960, 93, 105.12, 33
nid001133,2026/05/03 14:04:21.118, 0, GPU-43cac420-244c-9975-fbd1-604f88cdd44c, NVIDIA A100-SXM4-40GB, 37481, 40960, 53, 103.84, 35
nid001133,2026/05/03 14:04:21.120, 1, GPU-73838956-9ad1-3484-0ba2-7d8b02c7a72a, NVIDIA A100-SXM4-40GB, 37471, 40960, 35, 103.08, 34
nid001133,2026/05/03 14:04:21.121, 2, GPU-aee03275-201a-58e4-7b5a-f08a6e4c1e50, NVIDIA A100-SXM4-40GB, 37471, 40960, 54, 102.43, 36
nid001133,2026/05/03 14:04:21.123, 3, GPU-e0003d1b-186b-2e66-9474-0b7af5c50af4, NVIDIA A100-SXM4-40GB, 37471, 40960, 62, 99.40, 35
nid001132,2026/05/03 14:04:24.007, 0, GPU-1ee6ac61-44ab-b161-9de0-16bbb44716e7, NVIDIA A100-SXM4-40GB, 36777, 40960, 14, 105.76, 38
nid001132,2026/05/03 14:04:24.010, 1, GPU-afa7121e-c5d0-2eb5-4e9a-8b001ff7a220, NVIDIA A100-SXM4-40GB, 36709, 40960, 21, 100.51, 35
nid001132,2026/05/03 14:04:24.012, 2, GPU-4dea0284-873a-fa20-cc19-10ca82324573, NVIDIA A100-SXM4-40GB, 36709, 40960, 19, 107.03, 36
nid001132,2026/05/03 14:04:24.014, 3, GPU-cba17786-ea73-0caf-0d43-c838fbb66bcd, NVIDIA A100-SXM4-40GB, 36709, 40960, 1, 105.00, 33
nid001133,2026/05/03 14:04:24.896, 0, GPU-43cac420-244c-9975-fbd1-604f88cdd44c, NVIDIA A100-SXM4-40GB, 37481, 40960, 0, 103.96, 35
nid001133,2026/05/03 14:04:24.898, 1, GPU-73838956-9ad1-3484-0ba2-7d8b02c7a72a, NVIDIA A100-SXM4-40GB, 37471, 40960, 5, 103.08, 34
nid001133,2026/05/03 14:04:24.900, 2, GPU-aee03275-201a-58e4-7b5a-f08a6e4c1e50, NVIDIA A100-SXM4-40GB, 37471, 40960, 56, 102.43, 36
nid001133,2026/05/03 14:04:24.902, 3, GPU-e0003d1b-186b-2e66-9474-0b7af5c50af4, NVIDIA A100-SXM4-40GB, 37471, 40960, 0, 99.40, 35
nid001132,2026/05/03 14:04:27.769, 0, GPU-1ee6ac61-44ab-b161-9de0-16bbb44716e7, NVIDIA A100-SXM4-40GB, 36777, 40960, 34, 105.76, 38
nid001132,2026/05/03 14:04:27.775, 1, GPU-afa7121e-c5d0-2eb5-4e9a-8b001ff7a220, NVIDIA A100-SXM4-40GB, 36709, 40960, 39, 101.43, 35
nid001132,2026/05/03 14:04:27.781, 2, GPU-4dea0284-873a-fa20-cc19-10ca82324573, NVIDIA A100-SXM4-40GB, 36709, 40960, 52, 107.15, 36
nid001132,2026/05/03 14:04:27.785, 3, GPU-cba17786-ea73-0caf-0d43-c838fbb66bcd, NVIDIA A100-SXM4-40GB, 36709, 40960, 60, 105.12, 33
nid001133,2026/05/03 14:04:28.631, 0, GPU-43cac420-244c-9975-fbd1-604f88cdd44c, NVIDIA A100-SXM4-40GB, 37481, 40960, 20, 103.96, 35
nid001133,2026/05/03 14:04:28.637, 1, GPU-73838956-9ad1-3484-0ba2-7d8b02c7a72a, NVIDIA A100-SXM4-40GB, 37471, 40960, 48, 103.08, 34
nid001133,2026/05/03 14:04:28.641, 2, GPU-aee03275-201a-58e4-7b5a-f08a6e4c1e50, NVIDIA A100-SXM4-40GB, 37471, 40960, 94, 102.43, 37
nid001133,2026/05/03 14:04:28.647, 3, GPU-e0003d1b-186b-2e66-9474-0b7af5c50af4, NVIDIA A100-SXM4-40GB, 37471, 40960, 15, 99.51, 35
nid001132,2026/05/03 14:04:31.557, 0, GPU-1ee6ac61-44ab-b161-9de0-16bbb44716e7, NVIDIA A100-SXM4-40GB, 36777, 40960, 48, 111.89, 38
nid001132,2026/05/03 14:04:31.560, 1, GPU-afa7121e-c5d0-2eb5-4e9a-8b001ff7a220, NVIDIA A100-SXM4-40GB, 36709, 40960, 54, 107.92, 35
nid001132,2026/05/03 14:04:31.561, 2, GPU-4dea0284-873a-fa20-cc19-10ca82324573, NVIDIA A100-SXM4-40GB, 36709, 40960, 6, 112.52, 36
nid001132,2026/05/03 14:04:31.563, 3, GPU-cba17786-ea73-0caf-0d43-c838fbb66bcd, NVIDIA A100-SXM4-40GB, 36709, 40960, 12, 132.33, 33
nid001133,2026/05/03 14:04:32.404, 0, GPU-43cac420-244c-9975-fbd1-604f88cdd44c, NVIDIA A100-SXM4-40GB, 37481, 40960, 42, 103.96, 35
nid001133,2026/05/03 14:04:32.411, 1, GPU-73838956-9ad1-3484-0ba2-7d8b02c7a72a, NVIDIA A100-SXM4-40GB, 37471, 40960, 20, 123.92, 34
nid001133,2026/05/03 14:04:32.416, 2, GPU-aee03275-201a-58e4-7b5a-f08a6e4c1e50, NVIDIA A100-SXM4-40GB, 37471, 40960, 0, 102.67, 37
nid001133,2026/05/03 14:04:32.418, 3, GPU-e0003d1b-186b-2e66-9474-0b7af5c50af4, NVIDIA A100-SXM4-40GB, 37471, 40960, 45, 111.89, 35
nid001132,2026/05/03 14:04:35.289, 0, GPU-1ee6ac61-44ab-b161-9de0-16bbb44716e7, NVIDIA A100-SXM4-40GB, 36777, 40960, 58, 115.22, 38
nid001132,2026/05/03 14:04:35.292, 1, GPU-afa7121e-c5d0-2eb5-4e9a-8b001ff7a220, NVIDIA A100-SXM4-40GB, 36709, 40960, 57, 120.17, 35
nid001132,2026/05/03 14:04:35.293, 2, GPU-4dea0284-873a-fa20-cc19-10ca82324573, NVIDIA A100-SXM4-40GB, 36709, 40960, 53, 122.82, 36
nid001132,2026/05/03 14:04:35.295, 3, GPU-cba17786-ea73-0caf-0d43-c838fbb66bcd, NVIDIA A100-SXM4-40GB, 36709, 40960, 24, 105.65, 33
nid001133,2026/05/03 14:04:36.137, 0, GPU-43cac420-244c-9975-fbd1-604f88cdd44c, NVIDIA A100-SXM4-40GB, 37481, 40960, 0, 103.96, 35
nid001133,2026/05/03 14:04:36.144, 1, GPU-73838956-9ad1-3484-0ba2-7d8b02c7a72a, NVIDIA A100-SXM4-40GB, 37471, 40960, 0, 103.08, 34
nid001133,2026/05/03 14:04:36.148, 2, GPU-aee03275-201a-58e4-7b5a-f08a6e4c1e50, NVIDIA A100-SXM4-40GB, 37471, 40960, 0, 102.43, 36
nid001133,2026/05/03 14:04:36.154, 3, GPU-e0003d1b-186b-2e66-9474-0b7af5c50af4, NVIDIA A100-SXM4-40GB, 37471, 40960, 0, 99.40, 35
nid001132,2026/05/03 14:04:39.065, 0, GPU-1ee6ac61-44ab-b161-9de0-16bbb44716e7, NVIDIA A100-SXM4-40GB, 36777, 40960, 35, 105.65, 38
nid001132,2026/05/03 14:04:39.068, 1, GPU-afa7121e-c5d0-2eb5-4e9a-8b001ff7a220, NVIDIA A100-SXM4-40GB, 36709, 40960, 55, 119.69, 35
nid001132,2026/05/03 14:04:39.069, 2, GPU-4dea0284-873a-fa20-cc19-10ca82324573, NVIDIA A100-SXM4-40GB, 36709, 40960, 1, 107.05, 36
nid001132,2026/05/03 14:04:39.071, 3, GPU-cba17786-ea73-0caf-0d43-c838fbb66bcd, NVIDIA A100-SXM4-40GB, 36709, 40960, 0, 107.54, 33
nid001133,2026/05/03 14:04:40.183, 0, GPU-43cac420-244c-9975-fbd1-604f88cdd44c, NVIDIA A100-SXM4-40GB, 37481, 40960, 79, 103.96, 35
nid001133,2026/05/03 14:04:40.185, 1, GPU-73838956-9ad1-3484-0ba2-7d8b02c7a72a, NVIDIA A100-SXM4-40GB, 37471, 40960, 5, 102.79, 34
nid001133,2026/05/03 14:04:40.187, 2, GPU-aee03275-201a-58e4-7b5a-f08a6e4c1e50, NVIDIA A100-SXM4-40GB, 37471, 40960, 8, 102.56, 36
nid001133,2026/05/03 14:04:40.189, 3, GPU-e0003d1b-186b-2e66-9474-0b7af5c50af4, NVIDIA A100-SXM4-40GB, 37471, 40960, 67, 99.51, 35
nid001132,2026/05/03 14:04:43.051, 0, GPU-1ee6ac61-44ab-b161-9de0-16bbb44716e7, NVIDIA A100-SXM4-40GB, 36777, 40960, 72, 117.50, 38
nid001132,2026/05/03 14:04:43.054, 1, GPU-afa7121e-c5d0-2eb5-4e9a-8b001ff7a220, NVIDIA A100-SXM4-40GB, 36709, 40960, 46, 102.20, 35
nid001132,2026/05/03 14:04:43.055, 2, GPU-4dea0284-873a-fa20-cc19-10ca82324573, NVIDIA A100-SXM4-40GB, 36709, 40960, 50, 109.48, 36
nid001132,2026/05/03 14:04:43.057, 3, GPU-cba17786-ea73-0caf-0d43-c838fbb66bcd, NVIDIA A100-SXM4-40GB, 36709, 40960, 95, 111.79, 33
nid001133,2026/05/03 14:04:43.931, 0, GPU-43cac420-244c-9975-fbd1-604f88cdd44c, NVIDIA A100-SXM4-40GB, 37481, 40960, 38, 104.24, 35
nid001133,2026/05/03 14:04:43.941, 1, GPU-73838956-9ad1-3484-0ba2-7d8b02c7a72a, NVIDIA A100-SXM4-40GB, 37471, 40960, 0, 103.32, 34
nid001133,2026/05/03 14:04:43.946, 2, GPU-aee03275-201a-58e4-7b5a-f08a6e4c1e50, NVIDIA A100-SXM4-40GB, 37471, 40960, 79, 103.20, 37
nid001133,2026/05/03 14:04:43.951, 3, GPU-e0003d1b-186b-2e66-9474-0b7af5c50af4, NVIDIA A100-SXM4-40GB, 37471, 40960, 31, 99.40, 35
nid001132,2026/05/03 14:04:46.835, 0, GPU-1ee6ac61-44ab-b161-9de0-16bbb44716e7, NVIDIA A100-SXM4-40GB, 36777, 40960, 100, 107.05, 38
nid001132,2026/05/03 14:04:46.837, 1, GPU-afa7121e-c5d0-2eb5-4e9a-8b001ff7a220, NVIDIA A100-SXM4-40GB, 36709, 40960, 100, 101.15, 35
nid001132,2026/05/03 14:04:46.841, 2, GPU-4dea0284-873a-fa20-cc19-10ca82324573, NVIDIA A100-SXM4-40GB, 36709, 40960, 8, 106.92, 36
nid001132,2026/05/03 14:04:46.843, 3, GPU-cba17786-ea73-0caf-0d43-c838fbb66bcd, NVIDIA A100-SXM4-40GB, 36709, 40960, 81, 122.78, 33
nid001133,2026/05/03 14:04:47.664, 0, GPU-43cac420-244c-9975-fbd1-604f88cdd44c, NVIDIA A100-SXM4-40GB, 37481, 40960, 84, 118.13, 35
nid001133,2026/05/03 14:04:47.670, 1, GPU-73838956-9ad1-3484-0ba2-7d8b02c7a72a, NVIDIA A100-SXM4-40GB, 37471, 40960, 0, 124.92, 34
nid001133,2026/05/03 14:04:47.676, 2, GPU-aee03275-201a-58e4-7b5a-f08a6e4c1e50, NVIDIA A100-SXM4-40GB, 37471, 40960, 27, 115.61, 37
nid001133,2026/05/03 14:04:47.682, 3, GPU-e0003d1b-186b-2e66-9474-0b7af5c50af4, NVIDIA A100-SXM4-40GB, 37471, 40960, 82, 99.87, 35
nid001132,2026/05/03 14:04:50.558, 0, GPU-1ee6ac61-44ab-b161-9de0-16bbb44716e7, NVIDIA A100-SXM4-40GB, 36777, 40960, 26, 105.76, 38
nid001132,2026/05/03 14:04:50.562, 1, GPU-afa7121e-c5d0-2eb5-4e9a-8b001ff7a220, NVIDIA A100-SXM4-40GB, 36709, 40960, 95, 101.32, 35
nid001132,2026/05/03 14:04:50.564, 2, GPU-4dea0284-873a-fa20-cc19-10ca82324573, NVIDIA A100-SXM4-40GB, 36709, 40960, 40, 126.66, 36
nid001132,2026/05/03 14:04:50.566, 3, GPU-cba17786-ea73-0caf-0d43-c838fbb66bcd, NVIDIA A100-SXM4-40GB, 36709, 40960, 38, 106.42, 33
nid001133,2026/05/03 14:04:51.439, 0, GPU-43cac420-244c-9975-fbd1-604f88cdd44c, NVIDIA A100-SXM4-40GB, 37481, 40960, 56, 126.05, 35
nid001133,2026/05/03 14:04:51.443, 1, GPU-73838956-9ad1-3484-0ba2-7d8b02c7a72a, NVIDIA A100-SXM4-40GB, 37471, 40960, 16, 117.79, 34
nid001133,2026/05/03 14:04:51.445, 2, GPU-aee03275-201a-58e4-7b5a-f08a6e4c1e50, NVIDIA A100-SXM4-40GB, 37471, 40960, 81, 126.29, 37
nid001133,2026/05/03 14:04:51.446, 3, GPU-e0003d1b-186b-2e66-9474-0b7af5c50af4, NVIDIA A100-SXM4-40GB, 37471, 40960, 74, 115.32, 35
nid001132,2026/05/03 14:04:54.536, 0, GPU-1ee6ac61-44ab-b161-9de0-16bbb44716e7, NVIDIA A100-SXM4-40GB, 36777, 40960, 88, 110.09, 38
nid001132,2026/05/03 14:04:54.539, 1, GPU-afa7121e-c5d0-2eb5-4e9a-8b001ff7a220, NVIDIA A100-SXM4-40GB, 36709, 40960, 46, 101.15, 35
nid001132,2026/05/03 14:04:54.543, 2, GPU-4dea0284-873a-fa20-cc19-10ca82324573, NVIDIA A100-SXM4-40GB, 36709, 40960, 81, 106.92, 36
nid001132,2026/05/03 14:04:54.544, 3, GPU-cba17786-ea73-0caf-0d43-c838fbb66bcd, NVIDIA A100-SXM4-40GB, 36709, 40960, 82, 105.12, 33
nid001133,2026/05/03 14:04:55.433, 0, GPU-43cac420-244c-9975-fbd1-604f88cdd44c, NVIDIA A100-SXM4-40GB, 37481, 40960, 62, 103.96, 35
nid001133,2026/05/03 14:04:55.436, 1, GPU-73838956-9ad1-3484-0ba2-7d8b02c7a72a, NVIDIA A100-SXM4-40GB, 37471, 40960, 2, 103.08, 34
nid001133,2026/05/03 14:04:55.437, 2, GPU-aee03275-201a-58e4-7b5a-f08a6e4c1e50, NVIDIA A100-SXM4-40GB, 37471, 40960, 30, 102.43, 36
nid001133,2026/05/03 14:04:55.439, 3, GPU-e0003d1b-186b-2e66-9474-0b7af5c50af4, NVIDIA A100-SXM4-40GB, 37471, 40960, 35, 99.40, 35
nid001132,2026/05/03 14:04:58.334, 0, GPU-1ee6ac61-44ab-b161-9de0-16bbb44716e7, NVIDIA A100-SXM4-40GB, 36777, 40960, 97, 116.22, 38
nid001132,2026/05/03 14:04:58.337, 1, GPU-afa7121e-c5d0-2eb5-4e9a-8b001ff7a220, NVIDIA A100-SXM4-40GB, 36709, 40960, 77, 108.20, 35
nid001132,2026/05/03 14:04:58.343, 2, GPU-4dea0284-873a-fa20-cc19-10ca82324573, NVIDIA A100-SXM4-40GB, 36709, 40960, 86, 116.08, 37
nid001132,2026/05/03 14:04:58.345, 3, GPU-cba17786-ea73-0caf-0d43-c838fbb66bcd, NVIDIA A100-SXM4-40GB, 36709, 40960, 37, 107.41, 33
nid001133,2026/05/03 14:04:59.184, 0, GPU-43cac420-244c-9975-fbd1-604f88cdd44c, NVIDIA A100-SXM4-40GB, 37481, 40960, 0, 103.84, 35
nid001133,2026/05/03 14:04:59.187, 1, GPU-73838956-9ad1-3484-0ba2-7d8b02c7a72a, NVIDIA A100-SXM4-40GB, 37471, 40960, 53, 124.68, 34
nid001133,2026/05/03 14:04:59.188, 2, GPU-aee03275-201a-58e4-7b5a-f08a6e4c1e50, NVIDIA A100-SXM4-40GB, 37471, 40960, 0, 102.43, 36
nid001133,2026/05/03 14:04:59.190, 3, GPU-e0003d1b-186b-2e66-9474-0b7af5c50af4, NVIDIA A100-SXM4-40GB, 37471, 40960, 0, 102.20, 35
nid001132,2026/05/03 14:05:02.090, 0, GPU-1ee6ac61-44ab-b161-9de0-16bbb44716e7, NVIDIA A100-SXM4-40GB, 36777, 40960, 87, 118.13, 38
nid001132,2026/05/03 14:05:02.093, 1, GPU-afa7121e-c5d0-2eb5-4e9a-8b001ff7a220, NVIDIA A100-SXM4-40GB, 36709, 40960, 1, 104.59, 35
nid001132,2026/05/03 14:05:02.095, 2, GPU-4dea0284-873a-fa20-cc19-10ca82324573, NVIDIA A100-SXM4-40GB, 36709, 40960, 49, 117.13, 37
nid001132,2026/05/03 14:05:02.096, 3, GPU-cba17786-ea73-0caf-0d43-c838fbb66bcd, NVIDIA A100-SXM4-40GB, 36709, 40960, 83, 112.55, 33
nid001133,2026/05/03 14:05:02.946, 0, GPU-43cac420-244c-9975-fbd1-604f88cdd44c, NVIDIA A100-SXM4-40GB, 37481, 40960, 12, 114.67, 35
nid001133,2026/05/03 14:05:02.953, 1, GPU-73838956-9ad1-3484-0ba2-7d8b02c7a72a, NVIDIA A100-SXM4-40GB, 37471, 40960, 18, 119.83, 34
nid001133,2026/05/03 14:05:02.957, 2, GPU-aee03275-201a-58e4-7b5a-f08a6e4c1e50, NVIDIA A100-SXM4-40GB, 37471, 40960, 55, 118.41, 37
nid001133,2026/05/03 14:05:02.959, 3, GPU-e0003d1b-186b-2e66-9474-0b7af5c50af4, NVIDIA A100-SXM4-40GB, 37471, 40960, 44, 122.21, 35
nid001132,2026/05/03 14:05:05.822, 0, GPU-1ee6ac61-44ab-b161-9de0-16bbb44716e7, NVIDIA A100-SXM4-40GB, 36797, 40960, 14, 109.86, 38
nid001132,2026/05/03 14:05:05.824, 1, GPU-afa7121e-c5d0-2eb5-4e9a-8b001ff7a220, NVIDIA A100-SXM4-40GB, 36729, 40960, 6, 112.29, 35
nid001132,2026/05/03 14:05:05.826, 2, GPU-4dea0284-873a-fa20-cc19-10ca82324573, NVIDIA A100-SXM4-40GB, 36729, 40960, 82, 113.29, 36
nid001132,2026/05/03 14:05:05.827, 3, GPU-cba17786-ea73-0caf-0d43-c838fbb66bcd, NVIDIA A100-SXM4-40GB, 36729, 40960, 16, 120.74, 33
nid001133,2026/05/03 14:05:06.653, 0, GPU-43cac420-244c-9975-fbd1-604f88cdd44c, NVIDIA A100-SXM4-40GB, 37481, 40960, 0, 103.96, 35
nid001133,2026/05/03 14:05:06.656, 1, GPU-73838956-9ad1-3484-0ba2-7d8b02c7a72a, NVIDIA A100-SXM4-40GB, 37471, 40960, 24, 103.08, 34
nid001133,2026/05/03 14:05:06.657, 2, GPU-aee03275-201a-58e4-7b5a-f08a6e4c1e50, NVIDIA A100-SXM4-40GB, 37471, 40960, 0, 102.56, 36
nid001133,2026/05/03 14:05:06.659, 3, GPU-e0003d1b-186b-2e66-9474-0b7af5c50af4, NVIDIA A100-SXM4-40GB, 37471, 40960, 0, 99.51, 35
nid001132,2026/05/03 14:05:09.536, 0, GPU-1ee6ac61-44ab-b161-9de0-16bbb44716e7, NVIDIA A100-SXM4-40GB, 36797, 40960, 72, 105.76, 38
nid001132,2026/05/03 14:05:09.538, 1, GPU-afa7121e-c5d0-2eb5-4e9a-8b001ff7a220, NVIDIA A100-SXM4-40GB, 36729, 40960, 46, 100.15, 35
nid001132,2026/05/03 14:05:09.545, 2, GPU-4dea0284-873a-fa20-cc19-10ca82324573, NVIDIA A100-SXM4-40GB, 36729, 40960, 56, 106.92, 36
nid001132,2026/05/03 14:05:09.547, 3, GPU-cba17786-ea73-0caf-0d43-c838fbb66bcd, NVIDIA A100-SXM4-40GB, 36729, 40960, 74, 105.12, 33
nid001133,2026/05/03 14:05:10.383, 0, GPU-43cac420-244c-9975-fbd1-604f88cdd44c, NVIDIA A100-SXM4-40GB, 37481, 40960, 0, 103.96, 35
nid001133,2026/05/03 14:05:10.389, 1, GPU-73838956-9ad1-3484-0ba2-7d8b02c7a72a, NVIDIA A100-SXM4-40GB, 37471, 40960, 0, 103.08, 34
nid001133,2026/05/03 14:05:10.394, 2, GPU-aee03275-201a-58e4-7b5a-f08a6e4c1e50, NVIDIA A100-SXM4-40GB, 37471, 40960, 0, 102.43, 36
nid001133,2026/05/03 14:05:10.398, 3, GPU-e0003d1b-186b-2e66-9474-0b7af5c50af4, NVIDIA A100-SXM4-40GB, 37471, 40960, 0, 99.51, 35
nid001132,2026/05/03 14:05:13.272, 0, GPU-1ee6ac61-44ab-b161-9de0-16bbb44716e7, NVIDIA A100-SXM4-40GB, 36797, 40960, 86, 105.76, 38
nid001132,2026/05/03 14:05:13.275, 1, GPU-afa7121e-c5d0-2eb5-4e9a-8b001ff7a220, NVIDIA A100-SXM4-40GB, 36729, 40960, 74, 101.79, 35
nid001132,2026/05/03 14:05:13.276, 2, GPU-4dea0284-873a-fa20-cc19-10ca82324573, NVIDIA A100-SXM4-40GB, 36729, 40960, 70, 108.07, 36
nid001132,2026/05/03 14:05:13.278, 3, GPU-cba17786-ea73-0caf-0d43-c838fbb66bcd, NVIDIA A100-SXM4-40GB, 36729, 40960, 8, 107.81, 33
nid001133,2026/05/03 14:05:14.145, 0, GPU-43cac420-244c-9975-fbd1-604f88cdd44c, NVIDIA A100-SXM4-40GB, 37481, 40960, 78, 104.36, 35
nid001133,2026/05/03 14:05:14.149, 1, GPU-73838956-9ad1-3484-0ba2-7d8b02c7a72a, NVIDIA A100-SXM4-40GB, 37471, 40960, 91, 121.59, 34
nid001133,2026/05/03 14:05:14.150, 2, GPU-aee03275-201a-58e4-7b5a-f08a6e4c1e50, NVIDIA A100-SXM4-40GB, 37471, 40960, 72, 103.20, 37
nid001133,2026/05/03 14:05:14.152, 3, GPU-e0003d1b-186b-2e66-9474-0b7af5c50af4, NVIDIA A100-SXM4-40GB, 37471, 40960, 12, 104.72, 35
nid001132,2026/05/03 14:05:17.026, 0, GPU-1ee6ac61-44ab-b161-9de0-16bbb44716e7, NVIDIA A100-SXM4-40GB, 36797, 40960, 1, 105.53, 38
nid001132,2026/05/03 14:05:17.033, 1, GPU-afa7121e-c5d0-2eb5-4e9a-8b001ff7a220, NVIDIA A100-SXM4-40GB, 36729, 40960, 9, 101.03, 35
nid001132,2026/05/03 14:05:17.039, 2, GPU-4dea0284-873a-fa20-cc19-10ca82324573, NVIDIA A100-SXM4-40GB, 36729, 40960, 12, 112.76, 36
nid001132,2026/05/03 14:05:17.044, 3, GPU-cba17786-ea73-0caf-0d43-c838fbb66bcd, NVIDIA A100-SXM4-40GB, 36729, 40960, 22, 107.94, 33
nid001133,2026/05/03 14:05:17.928, 0, GPU-43cac420-244c-9975-fbd1-604f88cdd44c, NVIDIA A100-SXM4-40GB, 37481, 40960, 0, 103.96, 35
nid001133,2026/05/03 14:05:17.931, 1, GPU-73838956-9ad1-3484-0ba2-7d8b02c7a72a, NVIDIA A100-SXM4-40GB, 37471, 40960, 18, 103.08, 34
nid001133,2026/05/03 14:05:17.933, 2, GPU-aee03275-201a-58e4-7b5a-f08a6e4c1e50, NVIDIA A100-SXM4-40GB, 37471, 40960, 0, 102.43, 36
nid001133,2026/05/03 14:05:17.935, 3, GPU-e0003d1b-186b-2e66-9474-0b7af5c50af4, NVIDIA A100-SXM4-40GB, 37471, 40960, 0, 99.40, 35
nid001132,2026/05/03 14:05:20.807, 0, GPU-1ee6ac61-44ab-b161-9de0-16bbb44716e7, NVIDIA A100-SXM4-40GB, 36797, 40960, 0, 105.65, 38
nid001132,2026/05/03 14:05:20.809, 1, GPU-afa7121e-c5d0-2eb5-4e9a-8b001ff7a220, NVIDIA A100-SXM4-40GB, 36729, 40960, 0, 101.15, 34
nid001132,2026/05/03 14:05:20.810, 2, GPU-4dea0284-873a-fa20-cc19-10ca82324573, NVIDIA A100-SXM4-40GB, 36729, 40960, 18, 107.05, 36
nid001132,2026/05/03 14:05:20.812, 3, GPU-cba17786-ea73-0caf-0d43-c838fbb66bcd, NVIDIA A100-SXM4-40GB, 36729, 40960, 0, 105.25, 33
nid001133,2026/05/03 14:05:21.651, 0, GPU-43cac420-244c-9975-fbd1-604f88cdd44c, NVIDIA A100-SXM4-40GB, 37481, 40960, 60, 103.96, 35
nid001133,2026/05/03 14:05:21.653, 1, GPU-73838956-9ad1-3484-0ba2-7d8b02c7a72a, NVIDIA A100-SXM4-40GB, 37471, 40960, 54, 103.08, 34
nid001133,2026/05/03 14:05:21.655, 2, GPU-aee03275-201a-58e4-7b5a-f08a6e4c1e50, NVIDIA A100-SXM4-40GB, 37471, 40960, 44, 102.43, 36
nid001133,2026/05/03 14:05:21.657, 3, GPU-e0003d1b-186b-2e66-9474-0b7af5c50af4, NVIDIA A100-SXM4-40GB, 37471, 40960, 30, 99.40, 35
nid001132,2026/05/03 14:05:24.527, 0, GPU-1ee6ac61-44ab-b161-9de0-16bbb44716e7, NVIDIA A100-SXM4-40GB, 36797, 40960, 50, 105.53, 38
nid001132,2026/05/03 14:05:24.530, 1, GPU-afa7121e-c5d0-2eb5-4e9a-8b001ff7a220, NVIDIA A100-SXM4-40GB, 36729, 40960, 50, 100.92, 35
nid001132,2026/05/03 14:05:24.532, 2, GPU-4dea0284-873a-fa20-cc19-10ca82324573, NVIDIA A100-SXM4-40GB, 36729, 40960, 84, 107.03, 36
nid001132,2026/05/03 14:05:24.533, 3, GPU-cba17786-ea73-0caf-0d43-c838fbb66bcd, NVIDIA A100-SXM4-40GB, 36729, 40960, 100, 105.37, 33
nid001133,2026/05/03 14:05:25.362, 0, GPU-43cac420-244c-9975-fbd1-604f88cdd44c, NVIDIA A100-SXM4-40GB, 37481, 40960, 13, 103.96, 35
nid001133,2026/05/03 14:05:25.365, 1, GPU-73838956-9ad1-3484-0ba2-7d8b02c7a72a, NVIDIA A100-SXM4-40GB, 37471, 40960, 88, 105.65, 34
nid001133,2026/05/03 14:05:25.367, 2, GPU-aee03275-201a-58e4-7b5a-f08a6e4c1e50, NVIDIA A100-SXM4-40GB, 37471, 40960, 32, 102.43, 36
nid001133,2026/05/03 14:05:25.368, 3, GPU-e0003d1b-186b-2e66-9474-0b7af5c50af4, NVIDIA A100-SXM4-40GB, 37471, 40960, 89, 99.40, 35
nid001132,2026/05/03 14:05:28.262, 0, GPU-1ee6ac61-44ab-b161-9de0-16bbb44716e7, NVIDIA A100-SXM4-40GB, 36797, 40960, 14, 105.76, 38
nid001132,2026/05/03 14:05:28.266, 1, GPU-afa7121e-c5d0-2eb5-4e9a-8b001ff7a220, NVIDIA A100-SXM4-40GB, 36729, 40960, 12, 101.43, 35
nid001132,2026/05/03 14:05:28.268, 2, GPU-4dea0284-873a-fa20-cc19-10ca82324573, NVIDIA A100-SXM4-40GB, 36729, 40960, 100, 118.74, 36
nid001132,2026/05/03 14:05:28.269, 3, GPU-cba17786-ea73-0caf-0d43-c838fbb66bcd, NVIDIA A100-SXM4-40GB, 36729, 40960, 69, 111.37, 33
nid001133,2026/05/03 14:05:29.117, 0, GPU-43cac420-244c-9975-fbd1-604f88cdd44c, NVIDIA A100-SXM4-40GB, 37481, 40960, 8, 127.94, 36
nid001133,2026/05/03 14:05:29.120, 1, GPU-73838956-9ad1-3484-0ba2-7d8b02c7a72a, NVIDIA A100-SXM4-40GB, 37471, 40960, 41, 129.90, 34
nid001133,2026/05/03 14:05:29.122, 2, GPU-aee03275-201a-58e4-7b5a-f08a6e4c1e50, NVIDIA A100-SXM4-40GB, 37471, 40960, 53, 102.67, 37
nid001133,2026/05/03 14:05:29.123, 3, GPU-e0003d1b-186b-2e66-9474-0b7af5c50af4, NVIDIA A100-SXM4-40GB, 37471, 40960, 39, 117.65, 35
nid001132,2026/05/03 14:05:31.991, 0, GPU-1ee6ac61-44ab-b161-9de0-16bbb44716e7, NVIDIA A100-SXM4-40GB, 36797, 40960, 78, 110.38, 38
nid001132,2026/05/03 14:05:31.993, 1, GPU-afa7121e-c5d0-2eb5-4e9a-8b001ff7a220, NVIDIA A100-SXM4-40GB, 36729, 40960, 91, 111.76, 35
nid001132,2026/05/03 14:05:31.995, 2, GPU-4dea0284-873a-fa20-cc19-10ca82324573, NVIDIA A100-SXM4-40GB, 36729, 40960, 40, 119.03, 36
nid001132,2026/05/03 14:05:31.996, 3, GPU-cba17786-ea73-0caf-0d43-c838fbb66bcd, NVIDIA A100-SXM4-40GB, 36729, 40960, 40, 105.12, 33
nid001133,2026/05/03 14:05:32.830, 0, GPU-43cac420-244c-9975-fbd1-604f88cdd44c, NVIDIA A100-SXM4-40GB, 37481, 40960, 47, 103.96, 35
nid001133,2026/05/03 14:05:32.833, 1, GPU-73838956-9ad1-3484-0ba2-7d8b02c7a72a, NVIDIA A100-SXM4-40GB, 37471, 40960, 3, 102.32, 34
nid001133,2026/05/03 14:05:32.834, 2, GPU-aee03275-201a-58e4-7b5a-f08a6e4c1e50, NVIDIA A100-SXM4-40GB, 37471, 40960, 41, 102.56, 36
nid001133,2026/05/03 14:05:32.836, 3, GPU-e0003d1b-186b-2e66-9474-0b7af5c50af4, NVIDIA A100-SXM4-40GB, 37471, 40960, 84, 99.51, 35
nid001132,2026/05/03 14:05:35.716, 0, GPU-1ee6ac61-44ab-b161-9de0-16bbb44716e7, NVIDIA A100-SXM4-40GB, 36797, 40960, 92, 105.76, 38
nid001132,2026/05/03 14:05:35.719, 1, GPU-afa7121e-c5d0-2eb5-4e9a-8b001ff7a220, NVIDIA A100-SXM4-40GB, 36729, 40960, 84, 101.43, 35
nid001132,2026/05/03 14:05:35.720, 2, GPU-4dea0284-873a-fa20-cc19-10ca82324573, NVIDIA A100-SXM4-40GB, 36729, 40960, 6, 107.68, 36
nid001132,2026/05/03 14:05:35.722, 3, GPU-cba17786-ea73-0caf-0d43-c838fbb66bcd, NVIDIA A100-SXM4-40GB, 36729, 40960, 80, 106.65, 33
nid001133,2026/05/03 14:05:36.549, 0, GPU-43cac420-244c-9975-fbd1-604f88cdd44c, NVIDIA A100-SXM4-40GB, 37481, 40960, 77, 104.24, 35
nid001133,2026/05/03 14:05:36.554, 1, GPU-73838956-9ad1-3484-0ba2-7d8b02c7a72a, NVIDIA A100-SXM4-40GB, 37471, 40960, 72, 103.32, 34
nid001133,2026/05/03 14:05:36.556, 2, GPU-aee03275-201a-58e4-7b5a-f08a6e4c1e50, NVIDIA A100-SXM4-40GB, 37471, 40960, 17, 102.43, 36
nid001133,2026/05/03 14:05:36.557, 3, GPU-e0003d1b-186b-2e66-9474-0b7af5c50af4, NVIDIA A100-SXM4-40GB, 37471, 40960, 56, 99.40, 35
nid001132,2026/05/03 14:05:39.435, 0, GPU-1ee6ac61-44ab-b161-9de0-16bbb44716e7, NVIDIA A100-SXM4-40GB, 36797, 40960, 38, 105.76, 38
nid001132,2026/05/03 14:05:39.437, 1, GPU-afa7121e-c5d0-2eb5-4e9a-8b001ff7a220, NVIDIA A100-SXM4-40GB, 36729, 40960, 82, 101.43, 35
nid001132,2026/05/03 14:05:39.439, 2, GPU-4dea0284-873a-fa20-cc19-10ca82324573, NVIDIA A100-SXM4-40GB, 36729, 40960, 67, 106.92, 36
nid001132,2026/05/03 14:05:39.440, 3, GPU-cba17786-ea73-0caf-0d43-c838fbb66bcd, NVIDIA A100-SXM4-40GB, 36729, 40960, 94, 105.37, 33
nid001133,2026/05/03 14:05:40.287, 0, GPU-43cac420-244c-9975-fbd1-604f88cdd44c, NVIDIA A100-SXM4-40GB, 37481, 40960, 0, 103.84, 35
nid001133,2026/05/03 14:05:40.289, 1, GPU-73838956-9ad1-3484-0ba2-7d8b02c7a72a, NVIDIA A100-SXM4-40GB, 37471, 40960, 60, 103.20, 34
nid001133,2026/05/03 14:05:40.291, 2, GPU-aee03275-201a-58e4-7b5a-f08a6e4c1e50, NVIDIA A100-SXM4-40GB, 37471, 40960, 72, 102.43, 36
nid001133,2026/05/03 14:05:40.292, 3, GPU-e0003d1b-186b-2e66-9474-0b7af5c50af4, NVIDIA A100-SXM4-40GB, 37471, 40960, 0, 99.40, 35
nid001132,2026/05/03 14:05:43.181, 0, GPU-1ee6ac61-44ab-b161-9de0-16bbb44716e7, NVIDIA A100-SXM4-40GB, 36797, 40960, 62, 127.33, 38
nid001132,2026/05/03 14:05:43.183, 1, GPU-afa7121e-c5d0-2eb5-4e9a-8b001ff7a220, NVIDIA A100-SXM4-40GB, 36729, 40960, 56, 128.62, 35
nid001132,2026/05/03 14:05:43.185, 2, GPU-4dea0284-873a-fa20-cc19-10ca82324573, NVIDIA A100-SXM4-40GB, 36729, 40960, 28, 117.99, 36
nid001132,2026/05/03 14:05:43.186, 3, GPU-cba17786-ea73-0caf-0d43-c838fbb66bcd, NVIDIA A100-SXM4-40GB, 36729, 40960, 76, 105.89, 33
nid001133,2026/05/03 14:05:44.085, 0, GPU-43cac420-244c-9975-fbd1-604f88cdd44c, NVIDIA A100-SXM4-40GB, 37481, 40960, 100, 127.33, 36
nid001133,2026/05/03 14:05:44.088, 1, GPU-73838956-9ad1-3484-0ba2-7d8b02c7a72a, NVIDIA A100-SXM4-40GB, 37471, 40960, 98, 125.96, 34
nid001133,2026/05/03 14:05:44.089, 2, GPU-aee03275-201a-58e4-7b5a-f08a6e4c1e50, NVIDIA A100-SXM4-40GB, 37471, 40960, 90, 120.31, 37
nid001133,2026/05/03 14:05:44.091, 3, GPU-e0003d1b-186b-2e66-9474-0b7af5c50af4, NVIDIA A100-SXM4-40GB, 37471, 40960, 7, 103.96, 35
nid001132,2026/05/03 14:05:47.050, 0, GPU-1ee6ac61-44ab-b161-9de0-16bbb44716e7, NVIDIA A100-SXM4-40GB, 36817, 40960, 62, 108.94, 38
nid001132,2026/05/03 14:05:47.053, 1, GPU-afa7121e-c5d0-2eb5-4e9a-8b001ff7a220, NVIDIA A100-SXM4-40GB, 36749, 40960, 61, 109.86, 35
nid001132,2026/05/03 14:05:47.055, 2, GPU-4dea0284-873a-fa20-cc19-10ca82324573, NVIDIA A100-SXM4-40GB, 36749, 40960, 90, 115.61, 36
nid001132,2026/05/03 14:05:47.056, 3, GPU-cba17786-ea73-0caf-0d43-c838fbb66bcd, NVIDIA A100-SXM4-40GB, 36749, 40960, 79, 112.03, 34
nid001133,2026/05/03 14:05:47.909, 0, GPU-43cac420-244c-9975-fbd1-604f88cdd44c, NVIDIA A100-SXM4-40GB, 37481, 40960, 13, 114.32, 36
nid001133,2026/05/03 14:05:47.912, 1, GPU-73838956-9ad1-3484-0ba2-7d8b02c7a72a, NVIDIA A100-SXM4-40GB, 37471, 40960, 5, 105.89, 34
nid001133,2026/05/03 14:05:47.914, 2, GPU-aee03275-201a-58e4-7b5a-f08a6e4c1e50, NVIDIA A100-SXM4-40GB, 37471, 40960, 22, 125.30, 37
nid001133,2026/05/03 14:05:47.915, 3, GPU-e0003d1b-186b-2e66-9474-0b7af5c50af4, NVIDIA A100-SXM4-40GB, 37471, 40960, 29, 120.07, 35
nid001132,2026/05/03 14:05:50.813, 0, GPU-1ee6ac61-44ab-b161-9de0-16bbb44716e7, NVIDIA A100-SXM4-40GB, 36817, 40960, 69, 112.66, 38
nid001132,2026/05/03 14:05:50.815, 1, GPU-afa7121e-c5d0-2eb5-4e9a-8b001ff7a220, NVIDIA A100-SXM4-40GB, 36749, 40960, 0, 108.96, 35
nid001132,2026/05/03 14:05:50.817, 2, GPU-4dea0284-873a-fa20-cc19-10ca82324573, NVIDIA A100-SXM4-40GB, 36749, 40960, 0, 116.71, 36
nid001132,2026/05/03 14:05:50.819, 3, GPU-cba17786-ea73-0caf-0d43-c838fbb66bcd, NVIDIA A100-SXM4-40GB, 36749, 40960, 37, 114.84, 33
nid001133,2026/05/03 14:05:51.701, 0, GPU-43cac420-244c-9975-fbd1-604f88cdd44c, NVIDIA A100-SXM4-40GB, 37481, 40960, 83, 104.24, 35
nid001133,2026/05/03 14:05:51.703, 1, GPU-73838956-9ad1-3484-0ba2-7d8b02c7a72a, NVIDIA A100-SXM4-40GB, 37471, 40960, 30, 103.08, 34
nid001133,2026/05/03 14:05:51.705, 2, GPU-aee03275-201a-58e4-7b5a-f08a6e4c1e50, NVIDIA A100-SXM4-40GB, 37471, 40960, 67, 102.67, 37
nid001133,2026/05/03 14:05:51.706, 3, GPU-e0003d1b-186b-2e66-9474-0b7af5c50af4, NVIDIA A100-SXM4-40GB, 37471, 40960, 50, 99.87, 35
nid001132,2026/05/03 14:05:54.582, 0, GPU-1ee6ac61-44ab-b161-9de0-16bbb44716e7, NVIDIA A100-SXM4-40GB, 36817, 40960, 66, 105.76, 38
nid001132,2026/05/03 14:05:54.584, 1, GPU-afa7121e-c5d0-2eb5-4e9a-8b001ff7a220, NVIDIA A100-SXM4-40GB, 36749, 40960, 78, 100.28, 35
nid001132,2026/05/03 14:05:54.586, 2, GPU-4dea0284-873a-fa20-cc19-10ca82324573, NVIDIA A100-SXM4-40GB, 36749, 40960, 30, 104.12, 36
nid001132,2026/05/03 14:05:54.589, 3, GPU-cba17786-ea73-0caf-0d43-c838fbb66bcd, NVIDIA A100-SXM4-40GB, 36749, 40960, 8, 105.12, 33
nid001133,2026/05/03 14:05:55.456, 0, GPU-43cac420-244c-9975-fbd1-604f88cdd44c, NVIDIA A100-SXM4-40GB, 37481, 40960, 72, 103.84, 35
nid001133,2026/05/03 14:05:55.463, 1, GPU-73838956-9ad1-3484-0ba2-7d8b02c7a72a, NVIDIA A100-SXM4-40GB, 37471, 40960, 48, 135.22, 34
nid001133,2026/05/03 14:05:55.469, 2, GPU-aee03275-201a-58e4-7b5a-f08a6e4c1e50, NVIDIA A100-SXM4-40GB, 37471, 40960, 70, 102.67, 37
nid001133,2026/05/03 14:05:55.473, 3, GPU-e0003d1b-186b-2e66-9474-0b7af5c50af4, NVIDIA A100-SXM4-40GB, 37471, 40960, 18, 99.87, 35
nid001132,2026/05/03 14:05:58.397, 0, GPU-1ee6ac61-44ab-b161-9de0-16bbb44716e7, NVIDIA A100-SXM4-40GB, 36817, 40960, 0, 106.76, 38
nid001132,2026/05/03 14:05:58.404, 1, GPU-afa7121e-c5d0-2eb5-4e9a-8b001ff7a220, NVIDIA A100-SXM4-40GB, 36749, 40960, 0, 101.68, 35
nid001132,2026/05/03 14:05:58.409, 2, GPU-4dea0284-873a-fa20-cc19-10ca82324573, NVIDIA A100-SXM4-40GB, 36749, 40960, 0, 103.84, 36
nid001132,2026/05/03 14:05:58.413, 3, GPU-cba17786-ea73-0caf-0d43-c838fbb66bcd, NVIDIA A100-SXM4-40GB, 36749, 40960, 0, 107.41, 33
nid001133,2026/05/03 14:05:59.270, 0, GPU-43cac420-244c-9975-fbd1-604f88cdd44c, NVIDIA A100-SXM4-40GB, 37481, 40960, 0, 103.96, 35
nid001133,2026/05/03 14:05:59.273, 1, GPU-73838956-9ad1-3484-0ba2-7d8b02c7a72a, NVIDIA A100-SXM4-40GB, 37471, 40960, 8, 102.79, 34
nid001133,2026/05/03 14:05:59.274, 2, GPU-aee03275-201a-58e4-7b5a-f08a6e4c1e50, NVIDIA A100-SXM4-40GB, 37471, 40960, 26, 102.56, 36
nid001133,2026/05/03 14:05:59.276, 3, GPU-e0003d1b-186b-2e66-9474-0b7af5c50af4, NVIDIA A100-SXM4-40GB, 37471, 40960, 14, 99.51, 35
nid001132,2026/05/03 14:06:02.222, 0, GPU-1ee6ac61-44ab-b161-9de0-16bbb44716e7, NVIDIA A100-SXM4-40GB, 36817, 40960, 97, 105.53, 38
nid001132,2026/05/03 14:06:02.224, 1, GPU-afa7121e-c5d0-2eb5-4e9a-8b001ff7a220, NVIDIA A100-SXM4-40GB, 36749, 40960, 48, 101.15, 35
nid001132,2026/05/03 14:06:02.226, 2, GPU-4dea0284-873a-fa20-cc19-10ca82324573, NVIDIA A100-SXM4-40GB, 36749, 40960, 99, 103.84, 36
nid001132,2026/05/03 14:06:02.227, 3, GPU-cba17786-ea73-0caf-0d43-c838fbb66bcd, NVIDIA A100-SXM4-40GB, 36749, 40960, 27, 105.12, 33
nid001133,2026/05/03 14:06:03.070, 0, GPU-43cac420-244c-9975-fbd1-604f88cdd44c, NVIDIA A100-SXM4-40GB, 37481, 40960, 1, 103.96, 35
nid001133,2026/05/03 14:06:03.073, 1, GPU-73838956-9ad1-3484-0ba2-7d8b02c7a72a, NVIDIA A100-SXM4-40GB, 37471, 40960, 88, 103.08, 34
nid001133,2026/05/03 14:06:03.074, 2, GPU-aee03275-201a-58e4-7b5a-f08a6e4c1e50, NVIDIA A100-SXM4-40GB, 37471, 40960, 59, 102.43, 36
nid001133,2026/05/03 14:06:03.076, 3, GPU-e0003d1b-186b-2e66-9474-0b7af5c50af4, NVIDIA A100-SXM4-40GB, 37471, 40960, 30, 99.40, 35
nid001132,2026/05/03 14:06:05.983, 0, GPU-1ee6ac61-44ab-b161-9de0-16bbb44716e7, NVIDIA A100-SXM4-40GB, 36817, 40960, 76, 106.29, 38
nid001132,2026/05/03 14:06:05.986, 1, GPU-afa7121e-c5d0-2eb5-4e9a-8b001ff7a220, NVIDIA A100-SXM4-40GB, 36749, 40960, 47, 107.92, 35
nid001132,2026/05/03 14:06:05.987, 2, GPU-4dea0284-873a-fa20-cc19-10ca82324573, NVIDIA A100-SXM4-40GB, 36749, 40960, 0, 120.78, 36
nid001132,2026/05/03 14:06:05.989, 3, GPU-cba17786-ea73-0caf-0d43-c838fbb66bcd, NVIDIA A100-SXM4-40GB, 36749, 40960, 50, 106.89, 33
nid001133,2026/05/03 14:06:06.814, 0, GPU-43cac420-244c-9975-fbd1-604f88cdd44c, NVIDIA A100-SXM4-40GB, 37481, 40960, 91, 121.74, 36
nid001133,2026/05/03 14:06:06.816, 1, GPU-73838956-9ad1-3484-0ba2-7d8b02c7a72a, NVIDIA A100-SXM4-40GB, 37471, 40960, 3, 120.69, 34
nid001133,2026/05/03 14:06:06.818, 2, GPU-aee03275-201a-58e4-7b5a-f08a6e4c1e50, NVIDIA A100-SXM4-40GB, 37471, 40960, 9, 129.53, 37
nid001133,2026/05/03 14:06:06.819, 3, GPU-e0003d1b-186b-2e66-9474-0b7af5c50af4, NVIDIA A100-SXM4-40GB, 37471, 40960, 4, 124.68, 35
nid001132,2026/05/03 14:06:09.707, 0, GPU-1ee6ac61-44ab-b161-9de0-16bbb44716e7, NVIDIA A100-SXM4-40GB, 36817, 40960, 92, 121.21, 38
nid001132,2026/05/03 14:06:09.710, 1, GPU-afa7121e-c5d0-2eb5-4e9a-8b001ff7a220, NVIDIA A100-SXM4-40GB, 36749, 40960, 100, 109.96, 35
nid001132,2026/05/03 14:06:09.711, 2, GPU-4dea0284-873a-fa20-cc19-10ca82324573, NVIDIA A100-SXM4-40GB, 36749, 40960, 69, 107.03, 36
nid001132,2026/05/03 14:06:09.713, 3, GPU-cba17786-ea73-0caf-0d43-c838fbb66bcd, NVIDIA A100-SXM4-40GB, 36749, 40960, 46, 105.37, 33
nid001133,2026/05/03 14:06:10.614, 0, GPU-43cac420-244c-9975-fbd1-604f88cdd44c, NVIDIA A100-SXM4-40GB, 37481, 40960, 79, 103.84, 35
nid001133,2026/05/03 14:06:10.617, 1, GPU-73838956-9ad1-3484-0ba2-7d8b02c7a72a, NVIDIA A100-SXM4-40GB, 37471, 40960, 37, 103.20, 34
nid001133,2026/05/03 14:06:10.618, 2, GPU-aee03275-201a-58e4-7b5a-f08a6e4c1e50, NVIDIA A100-SXM4-40GB, 37471, 40960, 72, 123.77, 37
nid001133,2026/05/03 14:06:10.620, 3, GPU-e0003d1b-186b-2e66-9474-0b7af5c50af4, NVIDIA A100-SXM4-40GB, 37471, 40960, 34, 99.87, 35
nid001132,2026/05/03 14:06:13.540, 0, GPU-1ee6ac61-44ab-b161-9de0-16bbb44716e7, NVIDIA A100-SXM4-40GB, 36817, 40960, 87, 105.65, 38
nid001132,2026/05/03 14:06:13.542, 1, GPU-afa7121e-c5d0-2eb5-4e9a-8b001ff7a220, NVIDIA A100-SXM4-40GB, 36749, 40960, 74, 100.15, 35
nid001132,2026/05/03 14:06:13.544, 2, GPU-4dea0284-873a-fa20-cc19-10ca82324573, NVIDIA A100-SXM4-40GB, 36749, 40960, 94, 103.96, 36
nid001132,2026/05/03 14:06:13.545, 3, GPU-cba17786-ea73-0caf-0d43-c838fbb66bcd, NVIDIA A100-SXM4-40GB, 36749, 40960, 26, 105.12, 33
nid001133,2026/05/03 14:06:14.408, 0, GPU-43cac420-244c-9975-fbd1-604f88cdd44c, NVIDIA A100-SXM4-40GB, 37481, 40960, 34, 108.57, 35
nid001133,2026/05/03 14:06:14.411, 1, GPU-73838956-9ad1-3484-0ba2-7d8b02c7a72a, NVIDIA A100-SXM4-40GB, 37471, 40960, 68, 103.84, 34
nid001133,2026/05/03 14:06:14.413, 2, GPU-aee03275-201a-58e4-7b5a-f08a6e4c1e50, NVIDIA A100-SXM4-40GB, 37471, 40960, 69, 117.50, 37
nid001133,2026/05/03 14:06:14.414, 3, GPU-e0003d1b-186b-2e66-9474-0b7af5c50af4, NVIDIA A100-SXM4-40GB, 37471, 40960, 2, 99.51, 35
nid001132,2026/05/03 14:06:17.306, 0, GPU-1ee6ac61-44ab-b161-9de0-16bbb44716e7, NVIDIA A100-SXM4-40GB, 36817, 40960, 75, 105.76, 38
nid001132,2026/05/03 14:06:17.308, 1, GPU-afa7121e-c5d0-2eb5-4e9a-8b001ff7a220, NVIDIA A100-SXM4-40GB, 36749, 40960, 73, 113.81, 35
nid001132,2026/05/03 14:06:17.310, 2, GPU-4dea0284-873a-fa20-cc19-10ca82324573, NVIDIA A100-SXM4-40GB, 36749, 40960, 55, 103.71, 36
nid001132,2026/05/03 14:06:17.311, 3, GPU-cba17786-ea73-0caf-0d43-c838fbb66bcd, NVIDIA A100-SXM4-40GB, 36749, 40960, 78, 105.24, 33
nid001133,2026/05/03 14:06:18.156, 0, GPU-43cac420-244c-9975-fbd1-604f88cdd44c, NVIDIA A100-SXM4-40GB, 37481, 40960, 93, 103.96, 35
nid001133,2026/05/03 14:06:18.167, 1, GPU-73838956-9ad1-3484-0ba2-7d8b02c7a72a, NVIDIA A100-SXM4-40GB, 37471, 40960, 34, 103.84, 34
nid001133,2026/05/03 14:06:18.169, 2, GPU-aee03275-201a-58e4-7b5a-f08a6e4c1e50, NVIDIA A100-SXM4-40GB, 37471, 40960, 27, 102.43, 37
nid001133,2026/05/03 14:06:18.170, 3, GPU-e0003d1b-186b-2e66-9474-0b7af5c50af4, NVIDIA A100-SXM4-40GB, 37471, 40960, 41, 99.40, 35
nid001132,2026/05/03 14:06:21.060, 0, GPU-1ee6ac61-44ab-b161-9de0-16bbb44716e7, NVIDIA A100-SXM4-40GB, 36817, 40960, 68, 125.96, 38
nid001132,2026/05/03 14:06:21.063, 1, GPU-afa7121e-c5d0-2eb5-4e9a-8b001ff7a220, NVIDIA A100-SXM4-40GB, 36749, 40960, 36, 103.84, 35
nid001132,2026/05/03 14:06:21.064, 2, GPU-4dea0284-873a-fa20-cc19-10ca82324573, NVIDIA A100-SXM4-40GB, 36749, 40960, 84, 112.39, 36
nid001132,2026/05/03 14:06:21.066, 3, GPU-cba17786-ea73-0caf-0d43-c838fbb66bcd, NVIDIA A100-SXM4-40GB, 36749, 40960, 48, 112.26, 33
nid001133,2026/05/03 14:06:21.918, 0, GPU-43cac420-244c-9975-fbd1-604f88cdd44c, NVIDIA A100-SXM4-40GB, 37481, 40960, 58, 105.24, 35
nid001133,2026/05/03 14:06:21.924, 1, GPU-73838956-9ad1-3484-0ba2-7d8b02c7a72a, NVIDIA A100-SXM4-40GB, 37471, 40960, 84, 103.60, 34
nid001133,2026/05/03 14:06:21.932, 2, GPU-aee03275-201a-58e4-7b5a-f08a6e4c1e50, NVIDIA A100-SXM4-40GB, 37471, 40960, 64, 102.43, 37
nid001133,2026/05/03 14:06:21.939, 3, GPU-e0003d1b-186b-2e66-9474-0b7af5c50af4, NVIDIA A100-SXM4-40GB, 37471, 40960, 27, 119.02, 35
nid001132,2026/05/03 14:06:24.850, 0, GPU-1ee6ac61-44ab-b161-9de0-16bbb44716e7, NVIDIA A100-SXM4-40GB, 36817, 40960, 5, 105.76, 38
nid001132,2026/05/03 14:06:24.853, 1, GPU-afa7121e-c5d0-2eb5-4e9a-8b001ff7a220, NVIDIA A100-SXM4-40GB, 36749, 40960, 5, 122.59, 35
nid001132,2026/05/03 14:06:24.854, 2, GPU-4dea0284-873a-fa20-cc19-10ca82324573, NVIDIA A100-SXM4-40GB, 36749, 40960, 15, 115.71, 36
nid001132,2026/05/03 14:06:24.856, 3, GPU-cba17786-ea73-0caf-0d43-c838fbb66bcd, NVIDIA A100-SXM4-40GB, 36749, 40960, 16, 105.37, 33
nid001133,2026/05/03 14:06:25.705, 0, GPU-43cac420-244c-9975-fbd1-604f88cdd44c, NVIDIA A100-SXM4-40GB, 37481, 40960, 10, 103.84, 35
nid001133,2026/05/03 14:06:25.708, 1, GPU-73838956-9ad1-3484-0ba2-7d8b02c7a72a, NVIDIA A100-SXM4-40GB, 37471, 40960, 10, 123.92, 34
nid001133,2026/05/03 14:06:25.709, 2, GPU-aee03275-201a-58e4-7b5a-f08a6e4c1e50, NVIDIA A100-SXM4-40GB, 37471, 40960, 7, 102.43, 36
nid001133,2026/05/03 14:06:25.711, 3, GPU-e0003d1b-186b-2e66-9474-0b7af5c50af4, NVIDIA A100-SXM4-40GB, 37471, 40960, 0, 99.63, 35
nid001132,2026/05/03 14:06:28.602, 0, GPU-1ee6ac61-44ab-b161-9de0-16bbb44716e7, NVIDIA A100-SXM4-40GB, 36817, 40960, 83, 114.07, 38
nid001132,2026/05/03 14:06:28.604, 1, GPU-afa7121e-c5d0-2eb5-4e9a-8b001ff7a220, NVIDIA A100-SXM4-40GB, 36749, 40960, 89, 108.57, 35
nid001132,2026/05/03 14:06:28.606, 2, GPU-4dea0284-873a-fa20-cc19-10ca82324573, NVIDIA A100-SXM4-40GB, 36749, 40960, 11, 109.20, 36
nid001132,2026/05/03 14:06:28.607, 3, GPU-cba17786-ea73-0caf-0d43-c838fbb66bcd, NVIDIA A100-SXM4-40GB, 36749, 40960, 71, 108.69, 33
nid001133,2026/05/03 14:06:29.454, 0, GPU-43cac420-244c-9975-fbd1-604f88cdd44c, NVIDIA A100-SXM4-40GB, 37481, 40960, 88, 106.76, 36
nid001133,2026/05/03 14:06:29.456, 1, GPU-73838956-9ad1-3484-0ba2-7d8b02c7a72a, NVIDIA A100-SXM4-40GB, 37471, 40960, 90, 125.30, 34
nid001133,2026/05/03 14:06:29.458, 2, GPU-aee03275-201a-58e4-7b5a-f08a6e4c1e50, NVIDIA A100-SXM4-40GB, 37471, 40960, 4, 113.42, 37
nid001133,2026/05/03 14:06:29.460, 3, GPU-e0003d1b-186b-2e66-9474-0b7af5c50af4, NVIDIA A100-SXM4-40GB, 37471, 40960, 86, 123.40, 35
nid001132,2026/05/03 14:06:32.344, 0, GPU-1ee6ac61-44ab-b161-9de0-16bbb44716e7, NVIDIA A100-SXM4-40GB, 36817, 40960, 32, 117.50, 38
nid001132,2026/05/03 14:06:32.347, 1, GPU-afa7121e-c5d0-2eb5-4e9a-8b001ff7a220, NVIDIA A100-SXM4-40GB, 36749, 40960, 100, 111.76, 35
nid001132,2026/05/03 14:06:32.348, 2, GPU-4dea0284-873a-fa20-cc19-10ca82324573, NVIDIA A100-SXM4-40GB, 36749, 40960, 69, 104.12, 36
nid001132,2026/05/03 14:06:32.350, 3, GPU-cba17786-ea73-0caf-0d43-c838fbb66bcd, NVIDIA A100-SXM4-40GB, 36749, 40960, 100, 105.37, 33
nid001133,2026/05/03 14:06:33.196, 0, GPU-43cac420-244c-9975-fbd1-604f88cdd44c, NVIDIA A100-SXM4-40GB, 37481, 40960, 33, 116.37, 36
nid001133,2026/05/03 14:06:33.199, 1, GPU-73838956-9ad1-3484-0ba2-7d8b02c7a72a, NVIDIA A100-SXM4-40GB, 37471, 40960, 34, 133.33, 34
nid001133,2026/05/03 14:06:33.200, 2, GPU-aee03275-201a-58e4-7b5a-f08a6e4c1e50, NVIDIA A100-SXM4-40GB, 37471, 40960, 89, 123.49, 37
nid001133,2026/05/03 14:06:33.202, 3, GPU-e0003d1b-186b-2e66-9474-0b7af5c50af4, NVIDIA A100-SXM4-40GB, 37471, 40960, 4, 116.51, 35
nid001132,2026/05/03 14:06:36.078, 0, GPU-1ee6ac61-44ab-b161-9de0-16bbb44716e7, NVIDIA A100-SXM4-40GB, 36817, 40960, 9, 120.07, 38
nid001132,2026/05/03 14:06:36.081, 1, GPU-afa7121e-c5d0-2eb5-4e9a-8b001ff7a220, NVIDIA A100-SXM4-40GB, 36749, 40960, 21, 117.89, 35
nid001132,2026/05/03 14:06:36.082, 2, GPU-4dea0284-873a-fa20-cc19-10ca82324573, NVIDIA A100-SXM4-40GB, 36749, 40960, 25, 114.04, 36
nid001132,2026/05/03 14:06:36.084, 3, GPU-cba17786-ea73-0caf-0d43-c838fbb66bcd, NVIDIA A100-SXM4-40GB, 36749, 40960, 31, 119.55, 33
nid001133,2026/05/03 14:06:36.948, 0, GPU-43cac420-244c-9975-fbd1-604f88cdd44c, NVIDIA A100-SXM4-40GB, 37481, 40960, 0, 103.84, 35
nid001133,2026/05/03 14:06:36.950, 1, GPU-73838956-9ad1-3484-0ba2-7d8b02c7a72a, NVIDIA A100-SXM4-40GB, 37471, 40960, 0, 102.67, 34
nid001133,2026/05/03 14:06:36.952, 2, GPU-aee03275-201a-58e4-7b5a-f08a6e4c1e50, NVIDIA A100-SXM4-40GB, 37471, 40960, 0, 102.43, 37
nid001133,2026/05/03 14:06:36.954, 3, GPU-e0003d1b-186b-2e66-9474-0b7af5c50af4, NVIDIA A100-SXM4-40GB, 37471, 40960, 0, 108.33, 35
nid001132,2026/05/03 14:06:39.835, 0, GPU-1ee6ac61-44ab-b161-9de0-16bbb44716e7, NVIDIA A100-SXM4-40GB, 36817, 40960, 60, 123.12, 38
nid001132,2026/05/03 14:06:39.838, 1, GPU-afa7121e-c5d0-2eb5-4e9a-8b001ff7a220, NVIDIA A100-SXM4-40GB, 36749, 40960, 0, 117.75, 35
nid001132,2026/05/03 14:06:39.840, 2, GPU-4dea0284-873a-fa20-cc19-10ca82324573, NVIDIA A100-SXM4-40GB, 36749, 40960, 3, 107.15, 36
nid001132,2026/05/03 14:06:39.841, 3, GPU-cba17786-ea73-0caf-0d43-c838fbb66bcd, NVIDIA A100-SXM4-40GB, 36749, 40960, 81, 106.89, 33
nid001133,2026/05/03 14:06:40.678, 0, GPU-43cac420-244c-9975-fbd1-604f88cdd44c, NVIDIA A100-SXM4-40GB, 37481, 40960, 0, 103.96, 35
nid001133,2026/05/03 14:06:40.680, 1, GPU-73838956-9ad1-3484-0ba2-7d8b02c7a72a, NVIDIA A100-SXM4-40GB, 37471, 40960, 0, 102.96, 34
nid001133,2026/05/03 14:06:40.682, 2, GPU-aee03275-201a-58e4-7b5a-f08a6e4c1e50, NVIDIA A100-SXM4-40GB, 37471, 40960, 0, 102.43, 36
nid001133,2026/05/03 14:06:40.683, 3, GPU-e0003d1b-186b-2e66-9474-0b7af5c50af4, NVIDIA A100-SXM4-40GB, 37471, 40960, 4, 105.76, 35
nid001132,2026/05/03 14:06:43.547, 0, GPU-1ee6ac61-44ab-b161-9de0-16bbb44716e7, NVIDIA A100-SXM4-40GB, 36817, 40960, 51, 114.60, 38
nid001132,2026/05/03 14:06:43.550, 1, GPU-afa7121e-c5d0-2eb5-4e9a-8b001ff7a220, NVIDIA A100-SXM4-40GB, 36749, 40960, 0, 107.57, 35
nid001132,2026/05/03 14:06:43.558, 2, GPU-4dea0284-873a-fa20-cc19-10ca82324573, NVIDIA A100-SXM4-40GB, 36749, 40960, 81, 125.30, 36
nid001132,2026/05/03 14:06:43.559, 3, GPU-cba17786-ea73-0caf-0d43-c838fbb66bcd, NVIDIA A100-SXM4-40GB, 36749, 40960, 59, 117.64, 33
nid001133,2026/05/03 14:06:44.405, 0, GPU-43cac420-244c-9975-fbd1-604f88cdd44c, NVIDIA A100-SXM4-40GB, 37481, 40960, 0, 103.72, 35
nid001133,2026/05/03 14:06:44.408, 1, GPU-73838956-9ad1-3484-0ba2-7d8b02c7a72a, NVIDIA A100-SXM4-40GB, 37471, 40960, 5, 103.08, 34
nid001133,2026/05/03 14:06:44.410, 2, GPU-aee03275-201a-58e4-7b5a-f08a6e4c1e50, NVIDIA A100-SXM4-40GB, 37471, 40960, 47, 102.67, 36
nid001133,2026/05/03 14:06:44.412, 3, GPU-e0003d1b-186b-2e66-9474-0b7af5c50af4, NVIDIA A100-SXM4-40GB, 37471, 40960, 0, 99.40, 35
nid001132,2026/05/03 14:06:47.381, 0, GPU-1ee6ac61-44ab-b161-9de0-16bbb44716e7, NVIDIA A100-SXM4-40GB, 36817, 40960, 0, 126.29, 38
nid001132,2026/05/03 14:06:47.384, 1, GPU-afa7121e-c5d0-2eb5-4e9a-8b001ff7a220, NVIDIA A100-SXM4-40GB, 36749, 40960, 0, 114.32, 35
nid001132,2026/05/03 14:06:47.385, 2, GPU-4dea0284-873a-fa20-cc19-10ca82324573, NVIDIA A100-SXM4-40GB, 36749, 40960, 0, 114.32, 36
nid001132,2026/05/03 14:06:47.387, 3, GPU-cba17786-ea73-0caf-0d43-c838fbb66bcd, NVIDIA A100-SXM4-40GB, 36749, 40960, 45, 130.53, 33
nid001133,2026/05/03 14:06:48.218, 0, GPU-43cac420-244c-9975-fbd1-604f88cdd44c, NVIDIA A100-SXM4-40GB, 37481, 40960, 0, 125.30, 36
nid001133,2026/05/03 14:06:48.220, 1, GPU-73838956-9ad1-3484-0ba2-7d8b02c7a72a, NVIDIA A100-SXM4-40GB, 37471, 40960, 52, 134.38, 34
nid001133,2026/05/03 14:06:48.222, 2, GPU-aee03275-201a-58e4-7b5a-f08a6e4c1e50, NVIDIA A100-SXM4-40GB, 37471, 40960, 0, 126.81, 37
nid001133,2026/05/03 14:06:48.223, 3, GPU-e0003d1b-186b-2e66-9474-0b7af5c50af4, NVIDIA A100-SXM4-40GB, 37471, 40960, 72, 120.17, 35
nid001132,2026/05/03 14:06:51.102, 0, GPU-1ee6ac61-44ab-b161-9de0-16bbb44716e7, NVIDIA A100-SXM4-40GB, 36817, 40960, 26, 116.99, 38
nid001132,2026/05/03 14:06:51.105, 1, GPU-afa7121e-c5d0-2eb5-4e9a-8b001ff7a220, NVIDIA A100-SXM4-40GB, 36749, 40960, 27, 109.72, 35
nid001132,2026/05/03 14:06:51.107, 2, GPU-4dea0284-873a-fa20-cc19-10ca82324573, NVIDIA A100-SXM4-40GB, 36749, 40960, 93, 119.55, 36
nid001132,2026/05/03 14:06:51.108, 3, GPU-cba17786-ea73-0caf-0d43-c838fbb66bcd, NVIDIA A100-SXM4-40GB, 36749, 40960, 44, 115.22, 34
nid001133,2026/05/03 14:06:51.990, 0, GPU-43cac420-244c-9975-fbd1-604f88cdd44c, NVIDIA A100-SXM4-40GB, 37481, 40960, 22, 106.92, 36
nid001133,2026/05/03 14:06:51.993, 1, GPU-73838956-9ad1-3484-0ba2-7d8b02c7a72a, NVIDIA A100-SXM4-40GB, 37471, 40960, 0, 102.96, 34
nid001133,2026/05/03 14:06:51.995, 2, GPU-aee03275-201a-58e4-7b5a-f08a6e4c1e50, NVIDIA A100-SXM4-40GB, 37471, 40960, 95, 125.82, 37
nid001133,2026/05/03 14:06:51.996, 3, GPU-e0003d1b-186b-2e66-9474-0b7af5c50af4, NVIDIA A100-SXM4-40GB, 37471, 40960, 8, 106.29, 35
nid001132,2026/05/03 14:06:54.884, 0, GPU-1ee6ac61-44ab-b161-9de0-16bbb44716e7, NVIDIA A100-SXM4-40GB, 36817, 40960, 0, 109.22, 38
nid001132,2026/05/03 14:06:54.886, 1, GPU-afa7121e-c5d0-2eb5-4e9a-8b001ff7a220, NVIDIA A100-SXM4-40GB, 36749, 40960, 0, 106.53, 35
nid001132,2026/05/03 14:06:54.888, 2, GPU-4dea0284-873a-fa20-cc19-10ca82324573, NVIDIA A100-SXM4-40GB, 36749, 40960, 0, 120.69, 36
nid001132,2026/05/03 14:06:54.890, 3, GPU-cba17786-ea73-0caf-0d43-c838fbb66bcd, NVIDIA A100-SXM4-40GB, 36749, 40960, 0, 112.55, 33
nid001133,2026/05/03 14:06:55.752, 0, GPU-43cac420-244c-9975-fbd1-604f88cdd44c, NVIDIA A100-SXM4-40GB, 37481, 40960, 0, 103.96, 35
nid001133,2026/05/03 14:06:55.755, 1, GPU-73838956-9ad1-3484-0ba2-7d8b02c7a72a, NVIDIA A100-SXM4-40GB, 37471, 40960, 1, 103.08, 34
nid001133,2026/05/03 14:06:55.757, 2, GPU-aee03275-201a-58e4-7b5a-f08a6e4c1e50, NVIDIA A100-SXM4-40GB, 37471, 40960, 0, 102.43, 36
nid001133,2026/05/03 14:06:55.759, 3, GPU-e0003d1b-186b-2e66-9474-0b7af5c50af4, NVIDIA A100-SXM4-40GB, 37471, 40960, 0, 99.51, 35
nid001132,2026/05/03 14:06:58.660, 0, GPU-1ee6ac61-44ab-b161-9de0-16bbb44716e7, NVIDIA A100-SXM4-40GB, 36817, 40960, 73, 119.83, 38
nid001132,2026/05/03 14:06:58.666, 1, GPU-afa7121e-c5d0-2eb5-4e9a-8b001ff7a220, NVIDIA A100-SXM4-40GB, 36749, 40960, 71, 108.44, 35
nid001132,2026/05/03 14:06:58.672, 2, GPU-4dea0284-873a-fa20-cc19-10ca82324573, NVIDIA A100-SXM4-40GB, 36749, 40960, 35, 129.99, 36
nid001132,2026/05/03 14:06:58.678, 3, GPU-cba17786-ea73-0caf-0d43-c838fbb66bcd, NVIDIA A100-SXM4-40GB, 36749, 40960, 32, 113.31, 33
nid001133,2026/05/03 14:06:59.537, 0, GPU-43cac420-244c-9975-fbd1-604f88cdd44c, NVIDIA A100-SXM4-40GB, 37481, 40960, 37, 103.96, 35
nid001133,2026/05/03 14:06:59.551, 1, GPU-73838956-9ad1-3484-0ba2-7d8b02c7a72a, NVIDIA A100-SXM4-40GB, 37471, 40960, 0, 102.32, 34
nid001133,2026/05/03 14:06:59.557, 2, GPU-aee03275-201a-58e4-7b5a-f08a6e4c1e50, NVIDIA A100-SXM4-40GB, 37471, 40960, 14, 102.67, 36
nid001133,2026/05/03 14:06:59.566, 3, GPU-e0003d1b-186b-2e66-9474-0b7af5c50af4, NVIDIA A100-SXM4-40GB, 37471, 40960, 0, 99.40, 35
nid001132,2026/05/03 14:07:02.464, 0, GPU-1ee6ac61-44ab-b161-9de0-16bbb44716e7, NVIDIA A100-SXM4-40GB, 36817, 40960, 42, 112.42, 38
nid001132,2026/05/03 14:07:02.467, 1, GPU-afa7121e-c5d0-2eb5-4e9a-8b001ff7a220, NVIDIA A100-SXM4-40GB, 36749, 40960, 60, 119.55, 35
nid001132,2026/05/03 14:07:02.469, 2, GPU-4dea0284-873a-fa20-cc19-10ca82324573, NVIDIA A100-SXM4-40GB, 36749, 40960, 67, 118.51, 36
nid001132,2026/05/03 14:07:02.471, 3, GPU-cba17786-ea73-0caf-0d43-c838fbb66bcd, NVIDIA A100-SXM4-40GB, 36749, 40960, 73, 113.84, 34
nid001133,2026/05/03 14:07:03.340, 0, GPU-43cac420-244c-9975-fbd1-604f88cdd44c, NVIDIA A100-SXM4-40GB, 37481, 40960, 18, 104.12, 35
nid001133,2026/05/03 14:07:03.342, 1, GPU-73838956-9ad1-3484-0ba2-7d8b02c7a72a, NVIDIA A100-SXM4-40GB, 37471, 40960, 0, 101.92, 34
nid001133,2026/05/03 14:07:03.344, 2, GPU-aee03275-201a-58e4-7b5a-f08a6e4c1e50, NVIDIA A100-SXM4-40GB, 37471, 40960, 2, 102.67, 37
nid001133,2026/05/03 14:07:03.346, 3, GPU-e0003d1b-186b-2e66-9474-0b7af5c50af4, NVIDIA A100-SXM4-40GB, 37471, 40960, 0, 99.40, 35
nid001132,2026/05/03 14:07:06.222, 0, GPU-1ee6ac61-44ab-b161-9de0-16bbb44716e7, NVIDIA A100-SXM4-40GB, 36817, 40960, 51, 107.05, 38
nid001132,2026/05/03 14:07:06.225, 1, GPU-afa7121e-c5d0-2eb5-4e9a-8b001ff7a220, NVIDIA A100-SXM4-40GB, 36749, 40960, 0, 101.32, 35
nid001132,2026/05/03 14:07:06.226, 2, GPU-4dea0284-873a-fa20-cc19-10ca82324573, NVIDIA A100-SXM4-40GB, 36749, 40960, 1, 109.35, 36
nid001132,2026/05/03 14:07:06.228, 3, GPU-cba17786-ea73-0caf-0d43-c838fbb66bcd, NVIDIA A100-SXM4-40GB, 36749, 40960, 49, 106.65, 33
nid001133,2026/05/03 14:07:07.221, 0, GPU-43cac420-244c-9975-fbd1-604f88cdd44c, NVIDIA A100-SXM4-40GB, 37481, 40960, 0, 120.55, 35
nid001133,2026/05/03 14:07:07.224, 1, GPU-73838956-9ad1-3484-0ba2-7d8b02c7a72a, NVIDIA A100-SXM4-40GB, 37471, 40960, 35, 120.46, 34
nid001133,2026/05/03 14:07:07.225, 2, GPU-aee03275-201a-58e4-7b5a-f08a6e4c1e50, NVIDIA A100-SXM4-40GB, 37471, 40960, 7, 102.31, 37
nid001133,2026/05/03 14:07:07.227, 3, GPU-e0003d1b-186b-2e66-9474-0b7af5c50af4, NVIDIA A100-SXM4-40GB, 37471, 40960, 0, 99.51, 35
nid001132,2026/05/03 14:07:10.202, 0, GPU-1ee6ac61-44ab-b161-9de0-16bbb44716e7, NVIDIA A100-SXM4-40GB, 36817, 40960, 0, 114.46, 38
nid001132,2026/05/03 14:07:10.209, 1, GPU-afa7121e-c5d0-2eb5-4e9a-8b001ff7a220, NVIDIA A100-SXM4-40GB, 36749, 40960, 0, 110.61, 35
nid001132,2026/05/03 14:07:10.214, 2, GPU-4dea0284-873a-fa20-cc19-10ca82324573, NVIDIA A100-SXM4-40GB, 36749, 40960, 0, 104.12, 36
nid001132,2026/05/03 14:07:10.218, 3, GPU-cba17786-ea73-0caf-0d43-c838fbb66bcd, NVIDIA A100-SXM4-40GB, 36749, 40960, 16, 126.88, 33
nid001133,2026/05/03 14:07:11.110, 0, GPU-43cac420-244c-9975-fbd1-604f88cdd44c, NVIDIA A100-SXM4-40GB, 37481, 40960, 98, 127.05, 36
nid001133,2026/05/03 14:07:11.117, 1, GPU-73838956-9ad1-3484-0ba2-7d8b02c7a72a, NVIDIA A100-SXM4-40GB, 37471, 40960, 29, 123.64, 34
nid001133,2026/05/03 14:07:11.118, 2, GPU-aee03275-201a-58e4-7b5a-f08a6e4c1e50, NVIDIA A100-SXM4-40GB, 37471, 40960, 2, 120.46, 37
nid001133,2026/05/03 14:07:11.120, 3, GPU-e0003d1b-186b-2e66-9474-0b7af5c50af4, NVIDIA A100-SXM4-40GB, 37471, 40960, 44, 117.13, 35
nid001132,2026/05/03 14:07:14.016, 0, GPU-1ee6ac61-44ab-b161-9de0-16bbb44716e7, NVIDIA A100-SXM4-40GB, 36817, 40960, 52, 119.02, 38
nid001132,2026/05/03 14:07:14.019, 1, GPU-afa7121e-c5d0-2eb5-4e9a-8b001ff7a220, NVIDIA A100-SXM4-40GB, 36749, 40960, 75, 111.53, 35
nid001132,2026/05/03 14:07:14.020, 2, GPU-4dea0284-873a-fa20-cc19-10ca82324573, NVIDIA A100-SXM4-40GB, 36749, 40960, 28, 105.87, 36
nid001132,2026/05/03 14:07:14.022, 3, GPU-cba17786-ea73-0caf-0d43-c838fbb66bcd, NVIDIA A100-SXM4-40GB, 36749, 40960, 37, 115.88, 33
nid001133,2026/05/03 14:07:14.957, 0, GPU-43cac420-244c-9975-fbd1-604f88cdd44c, NVIDIA A100-SXM4-40GB, 37481, 40960, 74, 122.73, 35
nid001133,2026/05/03 14:07:14.960, 1, GPU-73838956-9ad1-3484-0ba2-7d8b02c7a72a, NVIDIA A100-SXM4-40GB, 37471, 40960, 0, 102.04, 34
nid001133,2026/05/03 14:07:14.962, 2, GPU-aee03275-201a-58e4-7b5a-f08a6e4c1e50, NVIDIA A100-SXM4-40GB, 37471, 40960, 36, 102.43, 37
nid001133,2026/05/03 14:07:14.963, 3, GPU-e0003d1b-186b-2e66-9474-0b7af5c50af4, NVIDIA A100-SXM4-40GB, 37471, 40960, 72, 99.40, 35
nid001132,2026/05/03 14:07:17.860, 0, GPU-1ee6ac61-44ab-b161-9de0-16bbb44716e7, NVIDIA A100-SXM4-40GB, 36817, 40960, 42, 128.33, 38
nid001132,2026/05/03 14:07:17.863, 1, GPU-afa7121e-c5d0-2eb5-4e9a-8b001ff7a220, NVIDIA A100-SXM4-40GB, 36749, 40960, 66, 101.32, 35
nid001132,2026/05/03 14:07:17.864, 2, GPU-4dea0284-873a-fa20-cc19-10ca82324573, NVIDIA A100-SXM4-40GB, 36749, 40960, 49, 103.84, 36
nid001132,2026/05/03 14:07:17.866, 3, GPU-cba17786-ea73-0caf-0d43-c838fbb66bcd, NVIDIA A100-SXM4-40GB, 36749, 40960, 85, 124.92, 33
nid001133,2026/05/03 14:07:18.701, 0, GPU-43cac420-244c-9975-fbd1-604f88cdd44c, NVIDIA A100-SXM4-40GB, 37481, 40960, 51, 122.06, 35
nid001133,2026/05/03 14:07:18.704, 1, GPU-73838956-9ad1-3484-0ba2-7d8b02c7a72a, NVIDIA A100-SXM4-40GB, 37471, 40960, 30, 119.93, 34
nid001133,2026/05/03 14:07:18.709, 2, GPU-aee03275-201a-58e4-7b5a-f08a6e4c1e50, NVIDIA A100-SXM4-40GB, 37471, 40960, 0, 127.18, 37
nid001133,2026/05/03 14:07:18.710, 3, GPU-e0003d1b-186b-2e66-9474-0b7af5c50af4, NVIDIA A100-SXM4-40GB, 37471, 40960, 80, 118.13, 35
nid001132,2026/05/03 14:07:21.590, 0, GPU-1ee6ac61-44ab-b161-9de0-16bbb44716e7, NVIDIA A100-SXM4-40GB, 36817, 40960, 52, 106.65, 38
nid001132,2026/05/03 14:07:21.593, 1, GPU-afa7121e-c5d0-2eb5-4e9a-8b001ff7a220, NVIDIA A100-SXM4-40GB, 36749, 40960, 73, 102.20, 35
nid001132,2026/05/03 14:07:21.594, 2, GPU-4dea0284-873a-fa20-cc19-10ca82324573, NVIDIA A100-SXM4-40GB, 36749, 40960, 0, 106.40, 36
nid001132,2026/05/03 14:07:21.596, 3, GPU-cba17786-ea73-0caf-0d43-c838fbb66bcd, NVIDIA A100-SXM4-40GB, 36749, 40960, 0, 106.42, 33
nid001133,2026/05/03 14:07:22.439, 0, GPU-43cac420-244c-9975-fbd1-604f88cdd44c, NVIDIA A100-SXM4-40GB, 37481, 40960, 0, 104.24, 35
nid001133,2026/05/03 14:07:22.441, 1, GPU-73838956-9ad1-3484-0ba2-7d8b02c7a72a, NVIDIA A100-SXM4-40GB, 37471, 40960, 4, 102.32, 34
nid001133,2026/05/03 14:07:22.443, 2, GPU-aee03275-201a-58e4-7b5a-f08a6e4c1e50, NVIDIA A100-SXM4-40GB, 37471, 40960, 0, 102.43, 36
nid001133,2026/05/03 14:07:22.444, 3, GPU-e0003d1b-186b-2e66-9474-0b7af5c50af4, NVIDIA A100-SXM4-40GB, 37471, 40960, 0, 99.51, 35
nid001132,2026/05/03 14:07:25.305, 0, GPU-1ee6ac61-44ab-b161-9de0-16bbb44716e7, NVIDIA A100-SXM4-40GB, 36817, 40960, 0, 105.53, 38
nid001132,2026/05/03 14:07:25.308, 1, GPU-afa7121e-c5d0-2eb5-4e9a-8b001ff7a220, NVIDIA A100-SXM4-40GB, 36749, 40960, 0, 101.15, 35
nid001132,2026/05/03 14:07:25.310, 2, GPU-4dea0284-873a-fa20-cc19-10ca82324573, NVIDIA A100-SXM4-40GB, 36749, 40960, 8, 103.84, 36
nid001132,2026/05/03 14:07:25.312, 3, GPU-cba17786-ea73-0caf-0d43-c838fbb66bcd, NVIDIA A100-SXM4-40GB, 36749, 40960, 0, 105.12, 33
nid001133,2026/05/03 14:07:26.165, 0, GPU-43cac420-244c-9975-fbd1-604f88cdd44c, NVIDIA A100-SXM4-40GB, 37481, 40960, 56, 103.84, 35
nid001133,2026/05/03 14:07:26.167, 1, GPU-73838956-9ad1-3484-0ba2-7d8b02c7a72a, NVIDIA A100-SXM4-40GB, 37471, 40960, 14, 102.96, 34
nid001133,2026/05/03 14:07:26.169, 2, GPU-aee03275-201a-58e4-7b5a-f08a6e4c1e50, NVIDIA A100-SXM4-40GB, 37471, 40960, 0, 102.43, 36
nid001133,2026/05/03 14:07:26.170, 3, GPU-e0003d1b-186b-2e66-9474-0b7af5c50af4, NVIDIA A100-SXM4-40GB, 37471, 40960, 0, 99.40, 35
nid001132,2026/05/03 14:07:29.042, 0, GPU-1ee6ac61-44ab-b161-9de0-16bbb44716e7, NVIDIA A100-SXM4-40GB, 36817, 40960, 12, 123.49, 38
nid001132,2026/05/03 14:07:29.045, 1, GPU-afa7121e-c5d0-2eb5-4e9a-8b001ff7a220, NVIDIA A100-SXM4-40GB, 36749, 40960, 39, 117.13, 35
nid001132,2026/05/03 14:07:29.047, 2, GPU-4dea0284-873a-fa20-cc19-10ca82324573, NVIDIA A100-SXM4-40GB, 36749, 40960, 0, 118.74, 36
nid001132,2026/05/03 14:07:29.048, 3, GPU-cba17786-ea73-0caf-0d43-c838fbb66bcd, NVIDIA A100-SXM4-40GB, 36749, 40960, 28, 115.74, 33
nid001133,2026/05/03 14:07:29.906, 0, GPU-43cac420-244c-9975-fbd1-604f88cdd44c, NVIDIA A100-SXM4-40GB, 37481, 40960, 0, 103.84, 35
nid001133,2026/05/03 14:07:29.908, 1, GPU-73838956-9ad1-3484-0ba2-7d8b02c7a72a, NVIDIA A100-SXM4-40GB, 37471, 40960, 63, 102.43, 34
nid001133,2026/05/03 14:07:29.913, 2, GPU-aee03275-201a-58e4-7b5a-f08a6e4c1e50, NVIDIA A100-SXM4-40GB, 37471, 40960, 0, 102.43, 36
nid001133,2026/05/03 14:07:29.915, 3, GPU-e0003d1b-186b-2e66-9474-0b7af5c50af4, NVIDIA A100-SXM4-40GB, 37471, 40960, 0, 113.57, 35
nid001132,2026/05/03 14:07:32.840, 0, GPU-1ee6ac61-44ab-b161-9de0-16bbb44716e7, NVIDIA A100-SXM4-40GB, 36817, 40960, 8, 105.76, 38
nid001132,2026/05/03 14:07:32.842, 1, GPU-afa7121e-c5d0-2eb5-4e9a-8b001ff7a220, NVIDIA A100-SXM4-40GB, 36749, 40960, 82, 101.32, 35
nid001132,2026/05/03 14:07:32.844, 2, GPU-4dea0284-873a-fa20-cc19-10ca82324573, NVIDIA A100-SXM4-40GB, 36749, 40960, 95, 103.71, 36
nid001132,2026/05/03 14:07:32.845, 3, GPU-cba17786-ea73-0caf-0d43-c838fbb66bcd, NVIDIA A100-SXM4-40GB, 36749, 40960, 14, 105.00, 33
nid001133,2026/05/03 14:07:33.696, 0, GPU-43cac420-244c-9975-fbd1-604f88cdd44c, NVIDIA A100-SXM4-40GB, 37481, 40960, 70, 103.84, 35
nid001133,2026/05/03 14:07:33.699, 1, GPU-73838956-9ad1-3484-0ba2-7d8b02c7a72a, NVIDIA A100-SXM4-40GB, 37471, 40960, 5, 102.67, 34
nid001133,2026/05/03 14:07:33.700, 2, GPU-aee03275-201a-58e4-7b5a-f08a6e4c1e50, NVIDIA A100-SXM4-40GB, 37471, 40960, 78, 102.43, 37
nid001133,2026/05/03 14:07:33.702, 3, GPU-e0003d1b-186b-2e66-9474-0b7af5c50af4, NVIDIA A100-SXM4-40GB, 37471, 40960, 93, 99.40, 35
nid001132,2026/05/03 14:07:36.589, 0, GPU-1ee6ac61-44ab-b161-9de0-16bbb44716e7, NVIDIA A100-SXM4-40GB, 36817, 40960, 94, 107.41, 38
nid001132,2026/05/03 14:07:36.591, 1, GPU-afa7121e-c5d0-2eb5-4e9a-8b001ff7a220, NVIDIA A100-SXM4-40GB, 36749, 40960, 100, 102.96, 35
nid001132,2026/05/03 14:07:36.593, 2, GPU-4dea0284-873a-fa20-cc19-10ca82324573, NVIDIA A100-SXM4-40GB, 36749, 40960, 100, 114.57, 36
nid001132,2026/05/03 14:07:36.595, 3, GPU-cba17786-ea73-0caf-0d43-c838fbb66bcd, NVIDIA A100-SXM4-40GB, 36749, 40960, 43, 109.22, 33
nid001133,2026/05/03 14:07:37.436, 0, GPU-43cac420-244c-9975-fbd1-604f88cdd44c, NVIDIA A100-SXM4-40GB, 37481, 40960, 100, 103.84, 35
nid001133,2026/05/03 14:07:37.438, 1, GPU-73838956-9ad1-3484-0ba2-7d8b02c7a72a, NVIDIA A100-SXM4-40GB, 37471, 40960, 0, 103.08, 34
nid001133,2026/05/03 14:07:37.440, 2, GPU-aee03275-201a-58e4-7b5a-f08a6e4c1e50, NVIDIA A100-SXM4-40GB, 37471, 40960, 79, 102.43, 37
nid001133,2026/05/03 14:07:37.441, 3, GPU-e0003d1b-186b-2e66-9474-0b7af5c50af4, NVIDIA A100-SXM4-40GB, 37471, 40960, 65, 99.40, 35
nid001132,2026/05/03 14:07:40.282, 0, GPU-1ee6ac61-44ab-b161-9de0-16bbb44716e7, NVIDIA A100-SXM4-40GB, 36817, 40960, 3, 105.76, 38
nid001132,2026/05/03 14:07:40.285, 1, GPU-afa7121e-c5d0-2eb5-4e9a-8b001ff7a220, NVIDIA A100-SXM4-40GB, 36749, 40960, 97, 101.15, 35
nid001132,2026/05/03 14:07:40.286, 2, GPU-4dea0284-873a-fa20-cc19-10ca82324573, NVIDIA A100-SXM4-40GB, 36749, 40960, 12, 103.84, 36
nid001132,2026/05/03 14:07:40.288, 3, GPU-cba17786-ea73-0caf-0d43-c838fbb66bcd, NVIDIA A100-SXM4-40GB, 36749, 40960, 94, 105.12, 33
nid001133,2026/05/03 14:07:41.107, 0, GPU-43cac420-244c-9975-fbd1-604f88cdd44c, NVIDIA A100-SXM4-40GB, 37481, 40960, 30, 103.84, 35
nid001133,2026/05/03 14:07:41.110, 1, GPU-73838956-9ad1-3484-0ba2-7d8b02c7a72a, NVIDIA A100-SXM4-40GB, 37471, 40960, 41, 107.57, 34
nid001133,2026/05/03 14:07:41.112, 2, GPU-aee03275-201a-58e4-7b5a-f08a6e4c1e50, NVIDIA A100-SXM4-40GB, 37471, 40960, 14, 102.43, 37
nid001133,2026/05/03 14:07:41.113, 3, GPU-e0003d1b-186b-2e66-9474-0b7af5c50af4, NVIDIA A100-SXM4-40GB, 37471, 40960, 6, 99.40, 35
nid001132,2026/05/03 14:07:43.964, 0, GPU-1ee6ac61-44ab-b161-9de0-16bbb44716e7, NVIDIA A100-SXM4-40GB, 36817, 40960, 0, 122.21, 38
nid001132,2026/05/03 14:07:43.967, 1, GPU-afa7121e-c5d0-2eb5-4e9a-8b001ff7a220, NVIDIA A100-SXM4-40GB, 36749, 40960, 26, 117.13, 35
nid001132,2026/05/03 14:07:43.968, 2, GPU-4dea0284-873a-fa20-cc19-10ca82324573, NVIDIA A100-SXM4-40GB, 36749, 40960, 26, 107.15, 36
nid001132,2026/05/03 14:07:43.970, 3, GPU-cba17786-ea73-0caf-0d43-c838fbb66bcd, NVIDIA A100-SXM4-40GB, 36749, 40960, 0, 112.66, 33
nid001133,2026/05/03 14:07:44.809, 0, GPU-43cac420-244c-9975-fbd1-604f88cdd44c, NVIDIA A100-SXM4-40GB, 37481, 40960, 0, 103.84, 35
nid001133,2026/05/03 14:07:44.812, 1, GPU-73838956-9ad1-3484-0ba2-7d8b02c7a72a, NVIDIA A100-SXM4-40GB, 37471, 40960, 45, 102.67, 34
nid001133,2026/05/03 14:07:44.818, 2, GPU-aee03275-201a-58e4-7b5a-f08a6e4c1e50, NVIDIA A100-SXM4-40GB, 37471, 40960, 0, 102.43, 36
nid001133,2026/05/03 14:07:44.819, 3, GPU-e0003d1b-186b-2e66-9474-0b7af5c50af4, NVIDIA A100-SXM4-40GB, 37471, 40960, 0, 99.40, 35
nid001132,2026/05/03 14:07:47.713, 0, GPU-1ee6ac61-44ab-b161-9de0-16bbb44716e7, NVIDIA A100-SXM4-40GB, 36817, 40960, 21, 105.65, 38
nid001132,2026/05/03 14:07:47.716, 1, GPU-afa7121e-c5d0-2eb5-4e9a-8b001ff7a220, NVIDIA A100-SXM4-40GB, 36749, 40960, 15, 101.15, 35
nid001132,2026/05/03 14:07:47.717, 2, GPU-4dea0284-873a-fa20-cc19-10ca82324573, NVIDIA A100-SXM4-40GB, 36749, 40960, 1, 103.84, 36
nid001132,2026/05/03 14:07:47.719, 3, GPU-cba17786-ea73-0caf-0d43-c838fbb66bcd, NVIDIA A100-SXM4-40GB, 36749, 40960, 11, 105.12, 33
nid001133,2026/05/03 14:07:48.599, 0, GPU-43cac420-244c-9975-fbd1-604f88cdd44c, NVIDIA A100-SXM4-40GB, 37481, 40960, 4, 103.96, 35
nid001133,2026/05/03 14:07:48.602, 1, GPU-73838956-9ad1-3484-0ba2-7d8b02c7a72a, NVIDIA A100-SXM4-40GB, 37471, 40960, 100, 103.08, 34
nid001133,2026/05/03 14:07:48.603, 2, GPU-aee03275-201a-58e4-7b5a-f08a6e4c1e50, NVIDIA A100-SXM4-40GB, 37471, 40960, 2, 102.43, 36
nid001133,2026/05/03 14:07:48.604, 3, GPU-e0003d1b-186b-2e66-9474-0b7af5c50af4, NVIDIA A100-SXM4-40GB, 37471, 40960, 28, 99.51, 35
nid001132,2026/05/03 14:07:51.474, 0, GPU-1ee6ac61-44ab-b161-9de0-16bbb44716e7, NVIDIA A100-SXM4-40GB, 36817, 40960, 83, 125.44, 38
nid001132,2026/05/03 14:07:51.476, 1, GPU-afa7121e-c5d0-2eb5-4e9a-8b001ff7a220, NVIDIA A100-SXM4-40GB, 36749, 40960, 45, 120.93, 35
nid001132,2026/05/03 14:07:51.478, 2, GPU-4dea0284-873a-fa20-cc19-10ca82324573, NVIDIA A100-SXM4-40GB, 36749, 40960, 56, 105.12, 36
nid001132,2026/05/03 14:07:51.479, 3, GPU-cba17786-ea73-0caf-0d43-c838fbb66bcd, NVIDIA A100-SXM4-40GB, 36749, 40960, 93, 122.12, 33
nid001133,2026/05/03 14:07:52.318, 0, GPU-43cac420-244c-9975-fbd1-604f88cdd44c, NVIDIA A100-SXM4-40GB, 37481, 40960, 0, 103.84, 36
nid001133,2026/05/03 14:07:52.321, 1, GPU-73838956-9ad1-3484-0ba2-7d8b02c7a72a, NVIDIA A100-SXM4-40GB, 37471, 40960, 0, 118.79, 34
nid001133,2026/05/03 14:07:52.323, 2, GPU-aee03275-201a-58e4-7b5a-f08a6e4c1e50, NVIDIA A100-SXM4-40GB, 37471, 40960, 0, 102.43, 36
nid001133,2026/05/03 14:07:52.324, 3, GPU-e0003d1b-186b-2e66-9474-0b7af5c50af4, NVIDIA A100-SXM4-40GB, 37471, 40960, 69, 99.40, 35
nid001132,2026/05/03 14:07:55.208, 0, GPU-1ee6ac61-44ab-b161-9de0-16bbb44716e7, NVIDIA A100-SXM4-40GB, 36817, 40960, 29, 110.85, 38
nid001132,2026/05/03 14:07:55.211, 1, GPU-afa7121e-c5d0-2eb5-4e9a-8b001ff7a220, NVIDIA A100-SXM4-40GB, 36749, 40960, 45, 106.00, 35
nid001132,2026/05/03 14:07:55.212, 2, GPU-4dea0284-873a-fa20-cc19-10ca82324573, NVIDIA A100-SXM4-40GB, 36749, 40960, 92, 106.27, 36
nid001132,2026/05/03 14:07:55.214, 3, GPU-cba17786-ea73-0caf-0d43-c838fbb66bcd, NVIDIA A100-SXM4-40GB, 36749, 40960, 83, 106.65, 33
nid001133,2026/05/03 14:07:56.052, 0, GPU-43cac420-244c-9975-fbd1-604f88cdd44c, NVIDIA A100-SXM4-40GB, 37481, 40960, 3, 113.57, 36
nid001133,2026/05/03 14:07:56.055, 1, GPU-73838956-9ad1-3484-0ba2-7d8b02c7a72a, NVIDIA A100-SXM4-40GB, 37471, 40960, 7, 120.31, 34
nid001133,2026/05/03 14:07:56.057, 2, GPU-aee03275-201a-58e4-7b5a-f08a6e4c1e50, NVIDIA A100-SXM4-40GB, 37471, 40960, 23, 119.41, 37
nid001133,2026/05/03 14:07:56.058, 3, GPU-e0003d1b-186b-2e66-9474-0b7af5c50af4, NVIDIA A100-SXM4-40GB, 37471, 40960, 0, 99.40, 35
nid001132,2026/05/03 14:07:58.946, 0, GPU-1ee6ac61-44ab-b161-9de0-16bbb44716e7, NVIDIA A100-SXM4-40GB, 36817, 40960, 42, 115.32, 38
nid001132,2026/05/03 14:07:58.949, 1, GPU-afa7121e-c5d0-2eb5-4e9a-8b001ff7a220, NVIDIA A100-SXM4-40GB, 36749, 40960, 6, 111.24, 35
nid001132,2026/05/03 14:07:58.950, 2, GPU-4dea0284-873a-fa20-cc19-10ca82324573, NVIDIA A100-SXM4-40GB, 36749, 40960, 19, 110.88, 36
nid001132,2026/05/03 14:07:58.952, 3, GPU-cba17786-ea73-0caf-0d43-c838fbb66bcd, NVIDIA A100-SXM4-40GB, 36749, 40960, 40, 109.33, 33
nid001133,2026/05/03 14:07:59.808, 0, GPU-43cac420-244c-9975-fbd1-604f88cdd44c, NVIDIA A100-SXM4-40GB, 37481, 40960, 0, 117.65, 35
nid001133,2026/05/03 14:07:59.811, 1, GPU-73838956-9ad1-3484-0ba2-7d8b02c7a72a, NVIDIA A100-SXM4-40GB, 37471, 40960, 0, 102.96, 34
nid001133,2026/05/03 14:07:59.813, 2, GPU-aee03275-201a-58e4-7b5a-f08a6e4c1e50, NVIDIA A100-SXM4-40GB, 37471, 40960, 59, 102.43, 37
nid001133,2026/05/03 14:07:59.815, 3, GPU-e0003d1b-186b-2e66-9474-0b7af5c50af4, NVIDIA A100-SXM4-40GB, 37471, 40960, 0, 99.40, 35
nid001132,2026/05/03 14:08:02.673, 0, GPU-1ee6ac61-44ab-b161-9de0-16bbb44716e7, NVIDIA A100-SXM4-40GB, 36817, 40960, 0, 106.89, 38
nid001132,2026/05/03 14:08:02.676, 1, GPU-afa7121e-c5d0-2eb5-4e9a-8b001ff7a220, NVIDIA A100-SXM4-40GB, 36749, 40960, 0, 102.20, 35
nid001132,2026/05/03 14:08:02.677, 2, GPU-4dea0284-873a-fa20-cc19-10ca82324573, NVIDIA A100-SXM4-40GB, 36749, 40960, 63, 106.40, 36
nid001132,2026/05/03 14:08:02.679, 3, GPU-cba17786-ea73-0caf-0d43-c838fbb66bcd, NVIDIA A100-SXM4-40GB, 36749, 40960, 0, 105.89, 33
nid001133,2026/05/03 14:08:03.512, 0, GPU-43cac420-244c-9975-fbd1-604f88cdd44c, NVIDIA A100-SXM4-40GB, 37481, 40960, 0, 103.84, 35
nid001133,2026/05/03 14:08:03.515, 1, GPU-73838956-9ad1-3484-0ba2-7d8b02c7a72a, NVIDIA A100-SXM4-40GB, 37471, 40960, 51, 103.20, 34
nid001133,2026/05/03 14:08:03.517, 2, GPU-aee03275-201a-58e4-7b5a-f08a6e4c1e50, NVIDIA A100-SXM4-40GB, 37471, 40960, 22, 102.43, 36
nid001133,2026/05/03 14:08:03.518, 3, GPU-e0003d1b-186b-2e66-9474-0b7af5c50af4, NVIDIA A100-SXM4-40GB, 37471, 40960, 0, 99.40, 35
nid001132,2026/05/03 14:08:06.491, 0, GPU-1ee6ac61-44ab-b161-9de0-16bbb44716e7, NVIDIA A100-SXM4-40GB, 36817, 40960, 98, 105.76, 38
nid001132,2026/05/03 14:08:06.493, 1, GPU-afa7121e-c5d0-2eb5-4e9a-8b001ff7a220, NVIDIA A100-SXM4-40GB, 36749, 40960, 92, 101.32, 35
nid001132,2026/05/03 14:08:06.495, 2, GPU-4dea0284-873a-fa20-cc19-10ca82324573, NVIDIA A100-SXM4-40GB, 36749, 40960, 3, 103.71, 36
nid001132,2026/05/03 14:08:06.497, 3, GPU-cba17786-ea73-0caf-0d43-c838fbb66bcd, NVIDIA A100-SXM4-40GB, 36749, 40960, 31, 105.37, 33
nid001133,2026/05/03 14:08:07.451, 0, GPU-43cac420-244c-9975-fbd1-604f88cdd44c, NVIDIA A100-SXM4-40GB, 37481, 40960, 83, 103.84, 35
nid001133,2026/05/03 14:08:07.454, 1, GPU-73838956-9ad1-3484-0ba2-7d8b02c7a72a, NVIDIA A100-SXM4-40GB, 37471, 40960, 51, 102.56, 34
nid001133,2026/05/03 14:08:07.456, 2, GPU-aee03275-201a-58e4-7b5a-f08a6e4c1e50, NVIDIA A100-SXM4-40GB, 37471, 40960, 27, 102.43, 37
nid001133,2026/05/03 14:08:07.462, 3, GPU-e0003d1b-186b-2e66-9474-0b7af5c50af4, NVIDIA A100-SXM4-40GB, 37471, 40960, 79, 99.40, 35
nid001132,2026/05/03 14:08:10.349, 0, GPU-1ee6ac61-44ab-b161-9de0-16bbb44716e7, NVIDIA A100-SXM4-40GB, 36817, 40960, 3, 107.28, 38
nid001132,2026/05/03 14:08:10.352, 1, GPU-afa7121e-c5d0-2eb5-4e9a-8b001ff7a220, NVIDIA A100-SXM4-40GB, 36749, 40960, 0, 104.12, 35
nid001132,2026/05/03 14:08:10.353, 2, GPU-4dea0284-873a-fa20-cc19-10ca82324573, NVIDIA A100-SXM4-40GB, 36749, 40960, 57, 112.39, 36
nid001132,2026/05/03 14:08:10.355, 3, GPU-cba17786-ea73-0caf-0d43-c838fbb66bcd, NVIDIA A100-SXM4-40GB, 36749, 40960, 0, 117.79, 33
nid001133,2026/05/03 14:08:11.214, 0, GPU-43cac420-244c-9975-fbd1-604f88cdd44c, NVIDIA A100-SXM4-40GB, 37481, 40960, 4, 128.94, 36
nid001133,2026/05/03 14:08:11.217, 1, GPU-73838956-9ad1-3484-0ba2-7d8b02c7a72a, NVIDIA A100-SXM4-40GB, 37471, 40960, 0, 109.09, 34
nid001133,2026/05/03 14:08:11.218, 2, GPU-aee03275-201a-58e4-7b5a-f08a6e4c1e50, NVIDIA A100-SXM4-40GB, 37471, 40960, 0, 119.93, 37
nid001133,2026/05/03 14:08:11.220, 3, GPU-e0003d1b-186b-2e66-9474-0b7af5c50af4, NVIDIA A100-SXM4-40GB, 37471, 40960, 29, 112.13, 35
nid001132,2026/05/03 14:08:14.164, 0, GPU-1ee6ac61-44ab-b161-9de0-16bbb44716e7, NVIDIA A100-SXM4-40GB, 36817, 40960, 3, 105.89, 38
nid001132,2026/05/03 14:08:14.166, 1, GPU-afa7121e-c5d0-2eb5-4e9a-8b001ff7a220, NVIDIA A100-SXM4-40GB, 36749, 40960, 91, 103.72, 35
nid001132,2026/05/03 14:08:14.168, 2, GPU-4dea0284-873a-fa20-cc19-10ca82324573, NVIDIA A100-SXM4-40GB, 36749, 40960, 27, 105.87, 36
nid001132,2026/05/03 14:08:14.170, 3, GPU-cba17786-ea73-0caf-0d43-c838fbb66bcd, NVIDIA A100-SXM4-40GB, 36749, 40960, 30, 120.98, 33
nid001133,2026/05/03 14:08:14.989, 0, GPU-43cac420-244c-9975-fbd1-604f88cdd44c, NVIDIA A100-SXM4-40GB, 37481, 40960, 0, 122.73, 36
nid001133,2026/05/03 14:08:14.992, 1, GPU-73838956-9ad1-3484-0ba2-7d8b02c7a72a, NVIDIA A100-SXM4-40GB, 37471, 40960, 38, 113.55, 34
nid001133,2026/05/03 14:08:14.993, 2, GPU-aee03275-201a-58e4-7b5a-f08a6e4c1e50, NVIDIA A100-SXM4-40GB, 37471, 40960, 21, 121.35, 37
nid001133,2026/05/03 14:08:14.995, 3, GPU-e0003d1b-186b-2e66-9474-0b7af5c50af4, NVIDIA A100-SXM4-40GB, 37471, 40960, 12, 129.53, 35
nid001132,2026/05/03 14:08:17.859, 0, GPU-1ee6ac61-44ab-b161-9de0-16bbb44716e7, NVIDIA A100-SXM4-40GB, 36817, 40960, 50, 113.70, 38
nid001132,2026/05/03 14:08:17.862, 1, GPU-afa7121e-c5d0-2eb5-4e9a-8b001ff7a220, NVIDIA A100-SXM4-40GB, 36749, 40960, 34, 130.38, 35
nid001132,2026/05/03 14:08:17.867, 2, GPU-4dea0284-873a-fa20-cc19-10ca82324573, NVIDIA A100-SXM4-40GB, 36749, 40960, 20, 114.57, 36
nid001132,2026/05/03 14:08:17.869, 3, GPU-cba17786-ea73-0caf-0d43-c838fbb66bcd, NVIDIA A100-SXM4-40GB, 36749, 40960, 70, 122.12, 33
nid001133,2026/05/03 14:08:18.741, 0, GPU-43cac420-244c-9975-fbd1-604f88cdd44c, NVIDIA A100-SXM4-40GB, 37481, 40960, 27, 121.45, 35
nid001133,2026/05/03 14:08:18.744, 1, GPU-73838956-9ad1-3484-0ba2-7d8b02c7a72a, NVIDIA A100-SXM4-40GB, 37471, 40960, 2, 132.33, 34
nid001133,2026/05/03 14:08:18.745, 2, GPU-aee03275-201a-58e4-7b5a-f08a6e4c1e50, NVIDIA A100-SXM4-40GB, 37471, 40960, 0, 124.25, 37
nid001133,2026/05/03 14:08:18.747, 3, GPU-e0003d1b-186b-2e66-9474-0b7af5c50af4, NVIDIA A100-SXM4-40GB, 37471, 40960, 87, 102.67, 35
nid001132,2026/05/03 14:08:21.838, 0, GPU-1ee6ac61-44ab-b161-9de0-16bbb44716e7, NVIDIA A100-SXM4-40GB, 36817, 40960, 2, 106.00, 38
nid001132,2026/05/03 14:08:21.841, 1, GPU-afa7121e-c5d0-2eb5-4e9a-8b001ff7a220, NVIDIA A100-SXM4-40GB, 36749, 40960, 80, 120.17, 35
nid001132,2026/05/03 14:08:21.843, 2, GPU-4dea0284-873a-fa20-cc19-10ca82324573, NVIDIA A100-SXM4-40GB, 36749, 40960, 77, 105.12, 36
nid001132,2026/05/03 14:08:21.844, 3, GPU-cba17786-ea73-0caf-0d43-c838fbb66bcd, NVIDIA A100-SXM4-40GB, 36749, 40960, 61, 105.37, 33
nid001133,2026/05/03 14:08:22.668, 0, GPU-43cac420-244c-9975-fbd1-604f88cdd44c, NVIDIA A100-SXM4-40GB, 37481, 40960, 73, 103.84, 35
nid001133,2026/05/03 14:08:22.670, 1, GPU-73838956-9ad1-3484-0ba2-7d8b02c7a72a, NVIDIA A100-SXM4-40GB, 37471, 40960, 0, 102.96, 34
nid001133,2026/05/03 14:08:22.672, 2, GPU-aee03275-201a-58e4-7b5a-f08a6e4c1e50, NVIDIA A100-SXM4-40GB, 37471, 40960, 22, 102.55, 36
nid001133,2026/05/03 14:08:22.673, 3, GPU-e0003d1b-186b-2e66-9474-0b7af5c50af4, NVIDIA A100-SXM4-40GB, 37471, 40960, 57, 99.40, 35
nid001132,2026/05/03 14:08:25.554, 0, GPU-1ee6ac61-44ab-b161-9de0-16bbb44716e7, NVIDIA A100-SXM4-40GB, 36817, 40960, 31, 105.76, 38
nid001132,2026/05/03 14:08:25.557, 1, GPU-afa7121e-c5d0-2eb5-4e9a-8b001ff7a220, NVIDIA A100-SXM4-40GB, 36749, 40960, 82, 101.15, 35
nid001132,2026/05/03 14:08:25.559, 2, GPU-4dea0284-873a-fa20-cc19-10ca82324573, NVIDIA A100-SXM4-40GB, 36749, 40960, 63, 103.84, 36
nid001132,2026/05/03 14:08:25.561, 3, GPU-cba17786-ea73-0caf-0d43-c838fbb66bcd, NVIDIA A100-SXM4-40GB, 36749, 40960, 43, 109.99, 33
nid001133,2026/05/03 14:08:26.391, 0, GPU-43cac420-244c-9975-fbd1-604f88cdd44c, NVIDIA A100-SXM4-40GB, 37481, 40960, 0, 103.84, 35
nid001133,2026/05/03 14:08:26.394, 1, GPU-73838956-9ad1-3484-0ba2-7d8b02c7a72a, NVIDIA A100-SXM4-40GB, 37471, 40960, 0, 103.20, 34
nid001133,2026/05/03 14:08:26.395, 2, GPU-aee03275-201a-58e4-7b5a-f08a6e4c1e50, NVIDIA A100-SXM4-40GB, 37471, 40960, 29, 102.67, 36
nid001133,2026/05/03 14:08:26.397, 3, GPU-e0003d1b-186b-2e66-9474-0b7af5c50af4, NVIDIA A100-SXM4-40GB, 37471, 40960, 19, 99.40, 35
nid001132,2026/05/03 14:08:29.274, 0, GPU-1ee6ac61-44ab-b161-9de0-16bbb44716e7, NVIDIA A100-SXM4-40GB, 36817, 40960, 32, 113.42, 38
nid001132,2026/05/03 14:08:29.276, 1, GPU-afa7121e-c5d0-2eb5-4e9a-8b001ff7a220, NVIDIA A100-SXM4-40GB, 36749, 40960, 97, 101.68, 35
nid001132,2026/05/03 14:08:29.278, 2, GPU-4dea0284-873a-fa20-cc19-10ca82324573, NVIDIA A100-SXM4-40GB, 36749, 40960, 80, 105.12, 36
nid001132,2026/05/03 14:08:29.279, 3, GPU-cba17786-ea73-0caf-0d43-c838fbb66bcd, NVIDIA A100-SXM4-40GB, 36749, 40960, 86, 116.99, 33
nid001133,2026/05/03 14:08:30.137, 0, GPU-43cac420-244c-9975-fbd1-604f88cdd44c, NVIDIA A100-SXM4-40GB, 37481, 40960, 11, 103.96, 35
nid001133,2026/05/03 14:08:30.140, 1, GPU-73838956-9ad1-3484-0ba2-7d8b02c7a72a, NVIDIA A100-SXM4-40GB, 37471, 40960, 37, 103.08, 34
nid001133,2026/05/03 14:08:30.141, 2, GPU-aee03275-201a-58e4-7b5a-f08a6e4c1e50, NVIDIA A100-SXM4-40GB, 37471, 40960, 90, 102.43, 37
nid001133,2026/05/03 14:08:30.143, 3, GPU-e0003d1b-186b-2e66-9474-0b7af5c50af4, NVIDIA A100-SXM4-40GB, 37471, 40960, 28, 99.51, 35
nid001132,2026/05/03 14:08:33.067, 0, GPU-1ee6ac61-44ab-b161-9de0-16bbb44716e7, NVIDIA A100-SXM4-40GB, 36817, 40960, 74, 105.76, 38
nid001132,2026/05/03 14:08:33.070, 1, GPU-afa7121e-c5d0-2eb5-4e9a-8b001ff7a220, NVIDIA A100-SXM4-40GB, 36749, 40960, 3, 101.15, 35
nid001132,2026/05/03 14:08:33.072, 2, GPU-4dea0284-873a-fa20-cc19-10ca82324573, NVIDIA A100-SXM4-40GB, 36749, 40960, 82, 103.84, 36
nid001132,2026/05/03 14:08:33.073, 3, GPU-cba17786-ea73-0caf-0d43-c838fbb66bcd, NVIDIA A100-SXM4-40GB, 36749, 40960, 63, 105.12, 33
nid001133,2026/05/03 14:08:33.932, 0, GPU-43cac420-244c-9975-fbd1-604f88cdd44c, NVIDIA A100-SXM4-40GB, 37481, 40960, 42, 103.96, 35
nid001133,2026/05/03 14:08:33.934, 1, GPU-73838956-9ad1-3484-0ba2-7d8b02c7a72a, NVIDIA A100-SXM4-40GB, 37471, 40960, 90, 103.08, 34
nid001133,2026/05/03 14:08:33.936, 2, GPU-aee03275-201a-58e4-7b5a-f08a6e4c1e50, NVIDIA A100-SXM4-40GB, 37471, 40960, 4, 103.48, 37
nid001133,2026/05/03 14:08:33.937, 3, GPU-e0003d1b-186b-2e66-9474-0b7af5c50af4, NVIDIA A100-SXM4-40GB, 37471, 40960, 70, 103.48, 35
nid001132,2026/05/03 14:08:36.816, 0, GPU-1ee6ac61-44ab-b161-9de0-16bbb44716e7, NVIDIA A100-SXM4-40GB, 36817, 40960, 78, 118.79, 38
nid001132,2026/05/03 14:08:36.819, 1, GPU-afa7121e-c5d0-2eb5-4e9a-8b001ff7a220, NVIDIA A100-SXM4-40GB, 36749, 40960, 100, 107.15, 35
nid001132,2026/05/03 14:08:36.821, 2, GPU-4dea0284-873a-fa20-cc19-10ca82324573, NVIDIA A100-SXM4-40GB, 36749, 40960, 58, 111.39, 36
nid001132,2026/05/03 14:08:36.822, 3, GPU-cba17786-ea73-0caf-0d43-c838fbb66bcd, NVIDIA A100-SXM4-40GB, 36749, 40960, 23, 126.73, 34
nid001133,2026/05/03 14:08:37.657, 0, GPU-43cac420-244c-9975-fbd1-604f88cdd44c, NVIDIA A100-SXM4-40GB, 37481, 40960, 0, 103.84, 35
nid001133,2026/05/03 14:08:37.659, 1, GPU-73838956-9ad1-3484-0ba2-7d8b02c7a72a, NVIDIA A100-SXM4-40GB, 37471, 40960, 33, 103.32, 34
nid001133,2026/05/03 14:08:37.661, 2, GPU-aee03275-201a-58e4-7b5a-f08a6e4c1e50, NVIDIA A100-SXM4-40GB, 37471, 40960, 0, 102.43, 36
nid001133,2026/05/03 14:08:37.663, 3, GPU-e0003d1b-186b-2e66-9474-0b7af5c50af4, NVIDIA A100-SXM4-40GB, 37471, 40960, 0, 99.63, 35
nid001132,2026/05/03 14:08:40.532, 0, GPU-1ee6ac61-44ab-b161-9de0-16bbb44716e7, NVIDIA A100-SXM4-40GB, 36817, 40960, 0, 108.81, 38
nid001132,2026/05/03 14:08:40.534, 1, GPU-afa7121e-c5d0-2eb5-4e9a-8b001ff7a220, NVIDIA A100-SXM4-40GB, 36749, 40960, 0, 104.36, 35
nid001132,2026/05/03 14:08:40.536, 2, GPU-4dea0284-873a-fa20-cc19-10ca82324573, NVIDIA A100-SXM4-40GB, 36749, 40960, 0, 123.63, 36
nid001132,2026/05/03 14:08:40.537, 3, GPU-cba17786-ea73-0caf-0d43-c838fbb66bcd, NVIDIA A100-SXM4-40GB, 36749, 40960, 0, 105.89, 33
nid001133,2026/05/03 14:08:41.411, 0, GPU-43cac420-244c-9975-fbd1-604f88cdd44c, NVIDIA A100-SXM4-40GB, 37481, 40960, 0, 104.12, 35
nid001133,2026/05/03 14:08:41.413, 1, GPU-73838956-9ad1-3484-0ba2-7d8b02c7a72a, NVIDIA A100-SXM4-40GB, 37471, 40960, 0, 103.08, 34
nid001133,2026/05/03 14:08:41.415, 2, GPU-aee03275-201a-58e4-7b5a-f08a6e4c1e50, NVIDIA A100-SXM4-40GB, 37471, 40960, 0, 102.43, 36
nid001133,2026/05/03 14:08:41.416, 3, GPU-e0003d1b-186b-2e66-9474-0b7af5c50af4, NVIDIA A100-SXM4-40GB, 37471, 40960, 0, 99.40, 35
nid001132,2026/05/03 14:08:44.338, 0, GPU-1ee6ac61-44ab-b161-9de0-16bbb44716e7, NVIDIA A100-SXM4-40GB, 36817, 40960, 44, 114.46, 38
nid001132,2026/05/03 14:08:44.341, 1, GPU-afa7121e-c5d0-2eb5-4e9a-8b001ff7a220, NVIDIA A100-SXM4-40GB, 36749, 40960, 76, 113.42, 35
nid001132,2026/05/03 14:08:44.343, 2, GPU-4dea0284-873a-fa20-cc19-10ca82324573, NVIDIA A100-SXM4-40GB, 36749, 40960, 26, 106.16, 36
nid001132,2026/05/03 14:08:44.345, 3, GPU-cba17786-ea73-0caf-0d43-c838fbb66bcd, NVIDIA A100-SXM4-40GB, 36749, 40960, 56, 107.41, 33
nid001133,2026/05/03 14:08:45.380, 0, GPU-43cac420-244c-9975-fbd1-604f88cdd44c, NVIDIA A100-SXM4-40GB, 37481, 40960, 28, 106.64, 35
nid001133,2026/05/03 14:08:45.383, 1, GPU-73838956-9ad1-3484-0ba2-7d8b02c7a72a, NVIDIA A100-SXM4-40GB, 37471, 40960, 22, 105.76, 34
nid001133,2026/05/03 14:08:45.385, 2, GPU-aee03275-201a-58e4-7b5a-f08a6e4c1e50, NVIDIA A100-SXM4-40GB, 37471, 40960, 58, 102.43, 37
nid001133,2026/05/03 14:08:45.386, 3, GPU-e0003d1b-186b-2e66-9474-0b7af5c50af4, NVIDIA A100-SXM4-40GB, 37471, 40960, 85, 118.88, 35
nid001132,2026/05/03 14:08:48.304, 0, GPU-1ee6ac61-44ab-b161-9de0-16bbb44716e7, NVIDIA A100-SXM4-40GB, 36817, 40960, 19, 126.58, 38
nid001132,2026/05/03 14:08:48.307, 1, GPU-afa7121e-c5d0-2eb5-4e9a-8b001ff7a220, NVIDIA A100-SXM4-40GB, 36749, 40960, 0, 105.87, 35
nid001132,2026/05/03 14:08:48.309, 2, GPU-4dea0284-873a-fa20-cc19-10ca82324573, NVIDIA A100-SXM4-40GB, 36749, 40960, 20, 105.12, 36
nid001132,2026/05/03 14:08:48.310, 3, GPU-cba17786-ea73-0caf-0d43-c838fbb66bcd, NVIDIA A100-SXM4-40GB, 36749, 40960, 43, 115.36, 33
nid001133,2026/05/03 14:08:49.159, 0, GPU-43cac420-244c-9975-fbd1-604f88cdd44c, NVIDIA A100-SXM4-40GB, 37481, 40960, 0, 103.84, 35
nid001133,2026/05/03 14:08:49.162, 1, GPU-73838956-9ad1-3484-0ba2-7d8b02c7a72a, NVIDIA A100-SXM4-40GB, 37471, 40960, 0, 103.20, 34
nid001133,2026/05/03 14:08:49.163, 2, GPU-aee03275-201a-58e4-7b5a-f08a6e4c1e50, NVIDIA A100-SXM4-40GB, 37471, 40960, 0, 102.31, 36
nid001133,2026/05/03 14:08:49.165, 3, GPU-e0003d1b-186b-2e66-9474-0b7af5c50af4, NVIDIA A100-SXM4-40GB, 37471, 40960, 0, 99.40, 35
nid001132,2026/05/03 14:08:52.062, 0, GPU-1ee6ac61-44ab-b161-9de0-16bbb44716e7, NVIDIA A100-SXM4-40GB, 36817, 40960, 69, 105.65, 38
nid001132,2026/05/03 14:08:52.064, 1, GPU-afa7121e-c5d0-2eb5-4e9a-8b001ff7a220, NVIDIA A100-SXM4-40GB, 36749, 40960, 65, 106.16, 35
nid001132,2026/05/03 14:08:52.070, 2, GPU-4dea0284-873a-fa20-cc19-10ca82324573, NVIDIA A100-SXM4-40GB, 36749, 40960, 23, 103.84, 36
nid001132,2026/05/03 14:08:52.072, 3, GPU-cba17786-ea73-0caf-0d43-c838fbb66bcd, NVIDIA A100-SXM4-40GB, 36749, 40960, 24, 105.37, 33
nid001133,2026/05/03 14:08:52.954, 0, GPU-43cac420-244c-9975-fbd1-604f88cdd44c, NVIDIA A100-SXM4-40GB, 37481, 40960, 0, 103.84, 35
nid001133,2026/05/03 14:08:52.956, 1, GPU-73838956-9ad1-3484-0ba2-7d8b02c7a72a, NVIDIA A100-SXM4-40GB, 37471, 40960, 0, 103.08, 34
nid001133,2026/05/03 14:08:52.958, 2, GPU-aee03275-201a-58e4-7b5a-f08a6e4c1e50, NVIDIA A100-SXM4-40GB, 37471, 40960, 0, 102.43, 36
nid001133,2026/05/03 14:08:52.959, 3, GPU-e0003d1b-186b-2e66-9474-0b7af5c50af4, NVIDIA A100-SXM4-40GB, 37471, 40960, 0, 99.40, 35
nid001132,2026/05/03 14:08:55.871, 0, GPU-1ee6ac61-44ab-b161-9de0-16bbb44716e7, NVIDIA A100-SXM4-40GB, 36817, 40960, 9, 116.99, 38
nid001132,2026/05/03 14:08:55.874, 1, GPU-afa7121e-c5d0-2eb5-4e9a-8b001ff7a220, NVIDIA A100-SXM4-40GB, 36749, 40960, 97, 101.03, 35
nid001132,2026/05/03 14:08:55.875, 2, GPU-4dea0284-873a-fa20-cc19-10ca82324573, NVIDIA A100-SXM4-40GB, 36749, 40960, 100, 107.15, 36
nid001132,2026/05/03 14:08:55.877, 3, GPU-cba17786-ea73-0caf-0d43-c838fbb66bcd, NVIDIA A100-SXM4-40GB, 36749, 40960, 100, 107.17, 33
nid001133,2026/05/03 14:08:56.721, 0, GPU-43cac420-244c-9975-fbd1-604f88cdd44c, NVIDIA A100-SXM4-40GB, 37481, 40960, 73, 105.00, 35
nid001133,2026/05/03 14:08:56.723, 1, GPU-73838956-9ad1-3484-0ba2-7d8b02c7a72a, NVIDIA A100-SXM4-40GB, 37471, 40960, 1, 122.26, 34
nid001133,2026/05/03 14:08:56.725, 2, GPU-aee03275-201a-58e4-7b5a-f08a6e4c1e50, NVIDIA A100-SXM4-40GB, 37471, 40960, 33, 123.12, 37
nid001133,2026/05/03 14:08:56.726, 3, GPU-e0003d1b-186b-2e66-9474-0b7af5c50af4, NVIDIA A100-SXM4-40GB, 37471, 40960, 76, 99.51, 35
nid001132,2026/05/03 14:08:59.587, 0, GPU-1ee6ac61-44ab-b161-9de0-16bbb44716e7, NVIDIA A100-SXM4-40GB, 36817, 40960, 41, 105.76, 38
nid001132,2026/05/03 14:08:59.594, 1, GPU-afa7121e-c5d0-2eb5-4e9a-8b001ff7a220, NVIDIA A100-SXM4-40GB, 36749, 40960, 75, 104.12, 35
nid001132,2026/05/03 14:08:59.596, 2, GPU-4dea0284-873a-fa20-cc19-10ca82324573, NVIDIA A100-SXM4-40GB, 36749, 40960, 99, 103.84, 36
nid001132,2026/05/03 14:08:59.597, 3, GPU-cba17786-ea73-0caf-0d43-c838fbb66bcd, NVIDIA A100-SXM4-40GB, 36749, 40960, 29, 105.65, 33
nid001133,2026/05/03 14:09:00.477, 0, GPU-43cac420-244c-9975-fbd1-604f88cdd44c, NVIDIA A100-SXM4-40GB, 37481, 40960, 28, 104.00, 35
nid001133,2026/05/03 14:09:00.479, 1, GPU-73838956-9ad1-3484-0ba2-7d8b02c7a72a, NVIDIA A100-SXM4-40GB, 37471, 40960, 30, 102.96, 34
nid001133,2026/05/03 14:09:00.481, 2, GPU-aee03275-201a-58e4-7b5a-f08a6e4c1e50, NVIDIA A100-SXM4-40GB, 37471, 40960, 83, 102.31, 37
nid001133,2026/05/03 14:09:00.482, 3, GPU-e0003d1b-186b-2e66-9474-0b7af5c50af4, NVIDIA A100-SXM4-40GB, 37471, 40960, 84, 99.51, 35
nid001132,2026/05/03 14:09:03.335, 0, GPU-1ee6ac61-44ab-b161-9de0-16bbb44716e7, NVIDIA A100-SXM4-40GB, 36817, 40960, 54, 112.89, 38
nid001132,2026/05/03 14:09:03.338, 1, GPU-afa7121e-c5d0-2eb5-4e9a-8b001ff7a220, NVIDIA A100-SXM4-40GB, 36749, 40960, 75, 110.61, 35
nid001132,2026/05/03 14:09:03.339, 2, GPU-4dea0284-873a-fa20-cc19-10ca82324573, NVIDIA A100-SXM4-40GB, 36749, 40960, 33, 103.71, 36
nid001132,2026/05/03 14:09:03.341, 3, GPU-cba17786-ea73-0caf-0d43-c838fbb66bcd, NVIDIA A100-SXM4-40GB, 36749, 40960, 58, 105.12, 33
nid001133,2026/05/03 14:09:04.166, 0, GPU-43cac420-244c-9975-fbd1-604f88cdd44c, NVIDIA A100-SXM4-40GB, 37481, 40960, 0, 104.00, 35
nid001133,2026/05/03 14:09:04.169, 1, GPU-73838956-9ad1-3484-0ba2-7d8b02c7a72a, NVIDIA A100-SXM4-40GB, 37471, 40960, 0, 107.70, 34
nid001133,2026/05/03 14:09:04.170, 2, GPU-aee03275-201a-58e4-7b5a-f08a6e4c1e50, NVIDIA A100-SXM4-40GB, 37471, 40960, 0, 121.30, 37
nid001133,2026/05/03 14:09:04.177, 3, GPU-e0003d1b-186b-2e66-9474-0b7af5c50af4, NVIDIA A100-SXM4-40GB, 37471, 40960, 25, 99.40, 35
nid001132,2026/05/03 14:09:07.061, 0, GPU-1ee6ac61-44ab-b161-9de0-16bbb44716e7, NVIDIA A100-SXM4-40GB, 36817, 40960, 27, 105.76, 38
nid001132,2026/05/03 14:09:07.064, 1, GPU-afa7121e-c5d0-2eb5-4e9a-8b001ff7a220, NVIDIA A100-SXM4-40GB, 36749, 40960, 12, 101.03, 35
nid001132,2026/05/03 14:09:07.066, 2, GPU-4dea0284-873a-fa20-cc19-10ca82324573, NVIDIA A100-SXM4-40GB, 36749, 40960, 61, 103.71, 36
nid001132,2026/05/03 14:09:07.067, 3, GPU-cba17786-ea73-0caf-0d43-c838fbb66bcd, NVIDIA A100-SXM4-40GB, 36749, 40960, 30, 105.00, 33
nid001133,2026/05/03 14:09:07.902, 0, GPU-43cac420-244c-9975-fbd1-604f88cdd44c, NVIDIA A100-SXM4-40GB, 37481, 40960, 46, 104.12, 35
nid001133,2026/05/03 14:09:07.905, 1, GPU-73838956-9ad1-3484-0ba2-7d8b02c7a72a, NVIDIA A100-SXM4-40GB, 37471, 40960, 26, 102.96, 34
nid001133,2026/05/03 14:09:07.906, 2, GPU-aee03275-201a-58e4-7b5a-f08a6e4c1e50, NVIDIA A100-SXM4-40GB, 37471, 40960, 83, 102.55, 37
nid001133,2026/05/03 14:09:07.908, 3, GPU-e0003d1b-186b-2e66-9474-0b7af5c50af4, NVIDIA A100-SXM4-40GB, 37471, 40960, 0, 99.40, 35
nid001132,2026/05/03 14:09:10.799, 0, GPU-1ee6ac61-44ab-b161-9de0-16bbb44716e7, NVIDIA A100-SXM4-40GB, 36817, 40960, 69, 109.46, 38
nid001132,2026/05/03 14:09:10.804, 1, GPU-afa7121e-c5d0-2eb5-4e9a-8b001ff7a220, NVIDIA A100-SXM4-40GB, 36749, 40960, 71, 106.29, 35
nid001132,2026/05/03 14:09:10.810, 2, GPU-4dea0284-873a-fa20-cc19-10ca82324573, NVIDIA A100-SXM4-40GB, 36749, 40960, 0, 116.99, 36
nid001132,2026/05/03 14:09:10.815, 3, GPU-cba17786-ea73-0caf-0d43-c838fbb66bcd, NVIDIA A100-SXM4-40GB, 36749, 40960, 32, 123.64, 33
nid001133,2026/05/03 14:09:11.689, 0, GPU-43cac420-244c-9975-fbd1-604f88cdd44c, NVIDIA A100-SXM4-40GB, 37481, 40960, 0, 125.01, 36
nid001133,2026/05/03 14:09:11.691, 1, GPU-73838956-9ad1-3484-0ba2-7d8b02c7a72a, NVIDIA A100-SXM4-40GB, 37471, 40960, 41, 127.73, 34
nid001133,2026/05/03 14:09:11.693, 2, GPU-aee03275-201a-58e4-7b5a-f08a6e4c1e50, NVIDIA A100-SXM4-40GB, 37471, 40960, 13, 110.48, 37
nid001133,2026/05/03 14:09:11.694, 3, GPU-e0003d1b-186b-2e66-9474-0b7af5c50af4, NVIDIA A100-SXM4-40GB, 37471, 40960, 11, 119.17, 35
nid001132,2026/05/03 14:09:14.675, 0, GPU-1ee6ac61-44ab-b161-9de0-16bbb44716e7, NVIDIA A100-SXM4-40GB, 36817, 40960, 19, 112.76, 38
nid001132,2026/05/03 14:09:14.678, 1, GPU-afa7121e-c5d0-2eb5-4e9a-8b001ff7a220, NVIDIA A100-SXM4-40GB, 36749, 40960, 2, 108.20, 35
nid001132,2026/05/03 14:09:14.680, 2, GPU-4dea0284-873a-fa20-cc19-10ca82324573, NVIDIA A100-SXM4-40GB, 36749, 40960, 18, 119.64, 36
nid001132,2026/05/03 14:09:14.681, 3, GPU-cba17786-ea73-0caf-0d43-c838fbb66bcd, NVIDIA A100-SXM4-40GB, 36749, 40960, 56, 106.00, 33
nid001133,2026/05/03 14:09:15.558, 0, GPU-43cac420-244c-9975-fbd1-604f88cdd44c, NVIDIA A100-SXM4-40GB, 37481, 40960, 0, 103.71, 35
nid001133,2026/05/03 14:09:15.561, 1, GPU-73838956-9ad1-3484-0ba2-7d8b02c7a72a, NVIDIA A100-SXM4-40GB, 37471, 40960, 0, 102.20, 34
nid001133,2026/05/03 14:09:15.562, 2, GPU-aee03275-201a-58e4-7b5a-f08a6e4c1e50, NVIDIA A100-SXM4-40GB, 37471, 40960, 0, 102.31, 36
nid001133,2026/05/03 14:09:15.564, 3, GPU-e0003d1b-186b-2e66-9474-0b7af5c50af4, NVIDIA A100-SXM4-40GB, 37471, 40960, 0, 99.28, 35
nid001132,2026/05/03 14:09:18.465, 0, GPU-1ee6ac61-44ab-b161-9de0-16bbb44716e7, NVIDIA A100-SXM4-40GB, 36817, 40960, 51, 106.16, 38
nid001132,2026/05/03 14:09:18.467, 1, GPU-afa7121e-c5d0-2eb5-4e9a-8b001ff7a220, NVIDIA A100-SXM4-40GB, 36749, 40960, 78, 101.03, 35
nid001132,2026/05/03 14:09:18.474, 2, GPU-4dea0284-873a-fa20-cc19-10ca82324573, NVIDIA A100-SXM4-40GB, 36749, 40960, 100, 106.79, 36
nid001132,2026/05/03 14:09:18.476, 3, GPU-cba17786-ea73-0caf-0d43-c838fbb66bcd, NVIDIA A100-SXM4-40GB, 36749, 40960, 63, 105.24, 33
nid001133,2026/05/03 14:09:19.317, 0, GPU-43cac420-244c-9975-fbd1-604f88cdd44c, NVIDIA A100-SXM4-40GB, 37481, 40960, 63, 117.99, 35
nid001133,2026/05/03 14:09:19.320, 1, GPU-73838956-9ad1-3484-0ba2-7d8b02c7a72a, NVIDIA A100-SXM4-40GB, 37471, 40960, 26, 127.18, 34
nid001133,2026/05/03 14:09:19.322, 2, GPU-aee03275-201a-58e4-7b5a-f08a6e4c1e50, NVIDIA A100-SXM4-40GB, 37471, 40960, 62, 132.54, 37
nid001133,2026/05/03 14:09:19.323, 3, GPU-e0003d1b-186b-2e66-9474-0b7af5c50af4, NVIDIA A100-SXM4-40GB, 37471, 40960, 87, 101.15, 35
nid001132,2026/05/03 14:09:22.204, 0, GPU-1ee6ac61-44ab-b161-9de0-16bbb44716e7, NVIDIA A100-SXM4-40GB, 36817, 40960, 32, 111.66, 38
nid001132,2026/05/03 14:09:22.207, 1, GPU-afa7121e-c5d0-2eb5-4e9a-8b001ff7a220, NVIDIA A100-SXM4-40GB, 36749, 40960, 5, 108.68, 35
nid001132,2026/05/03 14:09:22.208, 2, GPU-4dea0284-873a-fa20-cc19-10ca82324573, NVIDIA A100-SXM4-40GB, 36749, 40960, 20, 111.53, 36
nid001132,2026/05/03 14:09:22.210, 3, GPU-cba17786-ea73-0caf-0d43-c838fbb66bcd, NVIDIA A100-SXM4-40GB, 36749, 40960, 0, 116.12, 33
nid001133,2026/05/03 14:09:23.068, 0, GPU-43cac420-244c-9975-fbd1-604f88cdd44c, NVIDIA A100-SXM4-40GB, 37481, 40960, 30, 103.72, 35
nid001133,2026/05/03 14:09:23.071, 1, GPU-73838956-9ad1-3484-0ba2-7d8b02c7a72a, NVIDIA A100-SXM4-40GB, 37471, 40960, 0, 103.21, 34
nid001133,2026/05/03 14:09:23.072, 2, GPU-aee03275-201a-58e4-7b5a-f08a6e4c1e50, NVIDIA A100-SXM4-40GB, 37471, 40960, 0, 102.56, 36
nid001133,2026/05/03 14:09:23.074, 3, GPU-e0003d1b-186b-2e66-9474-0b7af5c50af4, NVIDIA A100-SXM4-40GB, 37471, 40960, 0, 99.51, 35
nid001132,2026/05/03 14:09:25.966, 0, GPU-1ee6ac61-44ab-b161-9de0-16bbb44716e7, NVIDIA A100-SXM4-40GB, 36817, 40960, 4, 113.70, 38
nid001132,2026/05/03 14:09:25.969, 1, GPU-afa7121e-c5d0-2eb5-4e9a-8b001ff7a220, NVIDIA A100-SXM4-40GB, 36749, 40960, 12, 103.48, 35
nid001132,2026/05/03 14:09:25.976, 2, GPU-4dea0284-873a-fa20-cc19-10ca82324573, NVIDIA A100-SXM4-40GB, 36749, 40960, 76, 115.85, 36
nid001132,2026/05/03 14:09:25.977, 3, GPU-cba17786-ea73-0caf-0d43-c838fbb66bcd, NVIDIA A100-SXM4-40GB, 36749, 40960, 41, 109.22, 33
nid001133,2026/05/03 14:09:26.840, 0, GPU-43cac420-244c-9975-fbd1-604f88cdd44c, NVIDIA A100-SXM4-40GB, 37481, 40960, 0, 103.96, 35
nid001133,2026/05/03 14:09:26.843, 1, GPU-73838956-9ad1-3484-0ba2-7d8b02c7a72a, NVIDIA A100-SXM4-40GB, 37471, 40960, 0, 103.08, 34
nid001133,2026/05/03 14:09:26.847, 2, GPU-aee03275-201a-58e4-7b5a-f08a6e4c1e50, NVIDIA A100-SXM4-40GB, 37471, 40960, 0, 102.43, 36
nid001133,2026/05/03 14:09:26.848, 3, GPU-e0003d1b-186b-2e66-9474-0b7af5c50af4, NVIDIA A100-SXM4-40GB, 37471, 40960, 0, 99.51, 35
nid001132,2026/05/03 14:09:29.734, 0, GPU-1ee6ac61-44ab-b161-9de0-16bbb44716e7, NVIDIA A100-SXM4-40GB, 36817, 40960, 4, 125.68, 38
nid001132,2026/05/03 14:09:29.736, 1, GPU-afa7121e-c5d0-2eb5-4e9a-8b001ff7a220, NVIDIA A100-SXM4-40GB, 36749, 40960, 20, 105.12, 35
nid001132,2026/05/03 14:09:29.738, 2, GPU-4dea0284-873a-fa20-cc19-10ca82324573, NVIDIA A100-SXM4-40GB, 36749, 40960, 48, 120.31, 36
nid001132,2026/05/03 14:09:29.739, 3, GPU-cba17786-ea73-0caf-0d43-c838fbb66bcd, NVIDIA A100-SXM4-40GB, 36749, 40960, 0, 114.18, 33
nid001133,2026/05/03 14:09:30.625, 0, GPU-43cac420-244c-9975-fbd1-604f88cdd44c, NVIDIA A100-SXM4-40GB, 37481, 40960, 0, 124.01, 36
nid001133,2026/05/03 14:09:30.627, 1, GPU-73838956-9ad1-3484-0ba2-7d8b02c7a72a, NVIDIA A100-SXM4-40GB, 37471, 40960, 0, 120.07, 34
nid001133,2026/05/03 14:09:30.629, 2, GPU-aee03275-201a-58e4-7b5a-f08a6e4c1e50, NVIDIA A100-SXM4-40GB, 37471, 40960, 20, 121.07, 37
nid001133,2026/05/03 14:09:30.630, 3, GPU-e0003d1b-186b-2e66-9474-0b7af5c50af4, NVIDIA A100-SXM4-40GB, 37471, 40960, 47, 117.27, 35
nid001132,2026/05/03 14:09:33.630, 0, GPU-1ee6ac61-44ab-b161-9de0-16bbb44716e7, NVIDIA A100-SXM4-40GB, 36817, 40960, 1, 105.76, 38
nid001132,2026/05/03 14:09:33.633, 1, GPU-afa7121e-c5d0-2eb5-4e9a-8b001ff7a220, NVIDIA A100-SXM4-40GB, 36749, 40960, 3, 101.03, 35
nid001132,2026/05/03 14:09:33.635, 2, GPU-4dea0284-873a-fa20-cc19-10ca82324573, NVIDIA A100-SXM4-40GB, 36749, 40960, 69, 103.84, 36
nid001132,2026/05/03 14:09:33.636, 3, GPU-cba17786-ea73-0caf-0d43-c838fbb66bcd, NVIDIA A100-SXM4-40GB, 36749, 40960, 82, 105.12, 33
nid001133,2026/05/03 14:09:34.529, 0, GPU-43cac420-244c-9975-fbd1-604f88cdd44c, NVIDIA A100-SXM4-40GB, 37481, 40960, 2, 103.84, 35
nid001133,2026/05/03 14:09:34.532, 1, GPU-73838956-9ad1-3484-0ba2-7d8b02c7a72a, NVIDIA A100-SXM4-40GB, 37471, 40960, 25, 103.08, 34
nid001133,2026/05/03 14:09:34.534, 2, GPU-aee03275-201a-58e4-7b5a-f08a6e4c1e50, NVIDIA A100-SXM4-40GB, 37471, 40960, 44, 102.43, 36
nid001133,2026/05/03 14:09:34.535, 3, GPU-e0003d1b-186b-2e66-9474-0b7af5c50af4, NVIDIA A100-SXM4-40GB, 37471, 40960, 3, 99.63, 35
nid001132,2026/05/03 14:09:37.540, 0, GPU-1ee6ac61-44ab-b161-9de0-16bbb44716e7, NVIDIA A100-SXM4-40GB, 36817, 40960, 53, 126.96, 38
nid001132,2026/05/03 14:09:37.543, 1, GPU-afa7121e-c5d0-2eb5-4e9a-8b001ff7a220, NVIDIA A100-SXM4-40GB, 36749, 40960, 35, 101.80, 35
nid001132,2026/05/03 14:09:37.545, 2, GPU-4dea0284-873a-fa20-cc19-10ca82324573, NVIDIA A100-SXM4-40GB, 36749, 40960, 51, 122.21, 36
nid001132,2026/05/03 14:09:37.546, 3, GPU-cba17786-ea73-0caf-0d43-c838fbb66bcd, NVIDIA A100-SXM4-40GB, 36749, 40960, 65, 106.78, 33
nid001133,2026/05/03 14:09:38.417, 0, GPU-43cac420-244c-9975-fbd1-604f88cdd44c, NVIDIA A100-SXM4-40GB, 37481, 40960, 0, 114.80, 36
nid001133,2026/05/03 14:09:38.423, 1, GPU-73838956-9ad1-3484-0ba2-7d8b02c7a72a, NVIDIA A100-SXM4-40GB, 37471, 40960, 0, 117.64, 34
nid001133,2026/05/03 14:09:38.424, 2, GPU-aee03275-201a-58e4-7b5a-f08a6e4c1e50, NVIDIA A100-SXM4-40GB, 37471, 40960, 40, 131.14, 37
nid001133,2026/05/03 14:09:38.426, 3, GPU-e0003d1b-186b-2e66-9474-0b7af5c50af4, NVIDIA A100-SXM4-40GB, 37471, 40960, 46, 124.40, 35
nid001132,2026/05/03 14:09:41.412, 0, GPU-1ee6ac61-44ab-b161-9de0-16bbb44716e7, NVIDIA A100-SXM4-40GB, 36817, 40960, 0, 105.65, 38
nid001132,2026/05/03 14:09:41.415, 1, GPU-afa7121e-c5d0-2eb5-4e9a-8b001ff7a220, NVIDIA A100-SXM4-40GB, 36749, 40960, 64, 101.15, 35
nid001132,2026/05/03 14:09:41.416, 2, GPU-4dea0284-873a-fa20-cc19-10ca82324573, NVIDIA A100-SXM4-40GB, 36749, 40960, 55, 103.84, 36
nid001132,2026/05/03 14:09:41.418, 3, GPU-cba17786-ea73-0caf-0d43-c838fbb66bcd, NVIDIA A100-SXM4-40GB, 36749, 40960, 32, 105.12, 33
nid001133,2026/05/03 14:09:42.313, 0, GPU-43cac420-244c-9975-fbd1-604f88cdd44c, NVIDIA A100-SXM4-40GB, 37481, 40960, 14, 103.96, 35
nid001133,2026/05/03 14:09:42.323, 1, GPU-73838956-9ad1-3484-0ba2-7d8b02c7a72a, NVIDIA A100-SXM4-40GB, 37471, 40960, 0, 103.08, 34
nid001133,2026/05/03 14:09:42.328, 2, GPU-aee03275-201a-58e4-7b5a-f08a6e4c1e50, NVIDIA A100-SXM4-40GB, 37471, 40960, 16, 102.43, 36
nid001133,2026/05/03 14:09:42.333, 3, GPU-e0003d1b-186b-2e66-9474-0b7af5c50af4, NVIDIA A100-SXM4-40GB, 37471, 40960, 10, 99.51, 35
nid001132,2026/05/03 14:09:45.238, 0, GPU-1ee6ac61-44ab-b161-9de0-16bbb44716e7, NVIDIA A100-SXM4-40GB, 36817, 40960, 22, 105.65, 38
nid001132,2026/05/03 14:09:45.240, 1, GPU-afa7121e-c5d0-2eb5-4e9a-8b001ff7a220, NVIDIA A100-SXM4-40GB, 36749, 40960, 10, 101.43, 35
nid001132,2026/05/03 14:09:45.242, 2, GPU-4dea0284-873a-fa20-cc19-10ca82324573, NVIDIA A100-SXM4-40GB, 36749, 40960, 22, 103.84, 36
nid001132,2026/05/03 14:09:45.243, 3, GPU-cba17786-ea73-0caf-0d43-c838fbb66bcd, NVIDIA A100-SXM4-40GB, 36749, 40960, 0, 105.12, 33
nid001133,2026/05/03 14:09:46.120, 0, GPU-43cac420-244c-9975-fbd1-604f88cdd44c, NVIDIA A100-SXM4-40GB, 37481, 40960, 0, 103.96, 35
nid001133,2026/05/03 14:09:46.124, 1, GPU-73838956-9ad1-3484-0ba2-7d8b02c7a72a, NVIDIA A100-SXM4-40GB, 37471, 40960, 0, 102.96, 34
nid001133,2026/05/03 14:09:46.126, 2, GPU-aee03275-201a-58e4-7b5a-f08a6e4c1e50, NVIDIA A100-SXM4-40GB, 37471, 40960, 2, 102.43, 36
nid001133,2026/05/03 14:09:46.128, 3, GPU-e0003d1b-186b-2e66-9474-0b7af5c50af4, NVIDIA A100-SXM4-40GB, 37471, 40960, 0, 99.40, 35
nid001132,2026/05/03 14:09:49.008, 0, GPU-1ee6ac61-44ab-b161-9de0-16bbb44716e7, NVIDIA A100-SXM4-40GB, 36817, 40960, 75, 105.65, 38
nid001132,2026/05/03 14:09:49.011, 1, GPU-afa7121e-c5d0-2eb5-4e9a-8b001ff7a220, NVIDIA A100-SXM4-40GB, 36749, 40960, 74, 101.27, 35
nid001132,2026/05/03 14:09:49.013, 2, GPU-4dea0284-873a-fa20-cc19-10ca82324573, NVIDIA A100-SXM4-40GB, 36749, 40960, 3, 103.96, 36
nid001132,2026/05/03 14:09:49.015, 3, GPU-cba17786-ea73-0caf-0d43-c838fbb66bcd, NVIDIA A100-SXM4-40GB, 36749, 40960, 100, 105.12, 33
nid001133,2026/05/03 14:09:49.852, 0, GPU-43cac420-244c-9975-fbd1-604f88cdd44c, NVIDIA A100-SXM4-40GB, 37481, 40960, 50, 103.96, 35
nid001133,2026/05/03 14:09:49.855, 1, GPU-73838956-9ad1-3484-0ba2-7d8b02c7a72a, NVIDIA A100-SXM4-40GB, 37471, 40960, 48, 103.32, 34
nid001133,2026/05/03 14:09:49.856, 2, GPU-aee03275-201a-58e4-7b5a-f08a6e4c1e50, NVIDIA A100-SXM4-40GB, 37471, 40960, 23, 102.43, 36
nid001133,2026/05/03 14:09:49.858, 3, GPU-e0003d1b-186b-2e66-9474-0b7af5c50af4, NVIDIA A100-SXM4-40GB, 37471, 40960, 85, 99.40, 35
nid001132,2026/05/03 14:09:52.737, 0, GPU-1ee6ac61-44ab-b161-9de0-16bbb44716e7, NVIDIA A100-SXM4-40GB, 36817, 40960, 32, 114.18, 38
nid001132,2026/05/03 14:09:52.740, 1, GPU-afa7121e-c5d0-2eb5-4e9a-8b001ff7a220, NVIDIA A100-SXM4-40GB, 36749, 40960, 50, 105.40, 35
nid001132,2026/05/03 14:09:52.742, 2, GPU-4dea0284-873a-fa20-cc19-10ca82324573, NVIDIA A100-SXM4-40GB, 36749, 40960, 56, 107.03, 36
nid001132,2026/05/03 14:09:52.743, 3, GPU-cba17786-ea73-0caf-0d43-c838fbb66bcd, NVIDIA A100-SXM4-40GB, 36749, 40960, 53, 120.07, 33
nid001133,2026/05/03 14:09:53.586, 0, GPU-43cac420-244c-9975-fbd1-604f88cdd44c, NVIDIA A100-SXM4-40GB, 37481, 40960, 0, 103.84, 35
nid001133,2026/05/03 14:09:53.588, 1, GPU-73838956-9ad1-3484-0ba2-7d8b02c7a72a, NVIDIA A100-SXM4-40GB, 37471, 40960, 0, 103.08, 34
nid001133,2026/05/03 14:09:53.590, 2, GPU-aee03275-201a-58e4-7b5a-f08a6e4c1e50, NVIDIA A100-SXM4-40GB, 37471, 40960, 0, 102.31, 36
nid001133,2026/05/03 14:09:53.592, 3, GPU-e0003d1b-186b-2e66-9474-0b7af5c50af4, NVIDIA A100-SXM4-40GB, 37471, 40960, 0, 99.51, 35
nid001132,2026/05/03 14:09:56.564, 0, GPU-1ee6ac61-44ab-b161-9de0-16bbb44716e7, NVIDIA A100-SXM4-40GB, 36817, 40960, 100, 106.89, 38
nid001132,2026/05/03 14:09:56.567, 1, GPU-afa7121e-c5d0-2eb5-4e9a-8b001ff7a220, NVIDIA A100-SXM4-40GB, 36749, 40960, 88, 103.48, 35
nid001132,2026/05/03 14:09:56.568, 2, GPU-4dea0284-873a-fa20-cc19-10ca82324573, NVIDIA A100-SXM4-40GB, 36749, 40960, 26, 103.71, 36
nid001132,2026/05/03 14:09:56.570, 3, GPU-cba17786-ea73-0caf-0d43-c838fbb66bcd, NVIDIA A100-SXM4-40GB, 36749, 40960, 58, 105.37, 33
nid001133,2026/05/03 14:09:57.402, 0, GPU-43cac420-244c-9975-fbd1-604f88cdd44c, NVIDIA A100-SXM4-40GB, 37481, 40960, 6, 103.84, 35
nid001133,2026/05/03 14:09:57.405, 1, GPU-73838956-9ad1-3484-0ba2-7d8b02c7a72a, NVIDIA A100-SXM4-40GB, 37471, 40960, 98, 102.79, 34
nid001133,2026/05/03 14:09:57.406, 2, GPU-aee03275-201a-58e4-7b5a-f08a6e4c1e50, NVIDIA A100-SXM4-40GB, 37471, 40960, 30, 102.43, 37
nid001133,2026/05/03 14:09:57.408, 3, GPU-e0003d1b-186b-2e66-9474-0b7af5c50af4, NVIDIA A100-SXM4-40GB, 37471, 40960, 19, 99.40, 35
nid001132,2026/05/03 14:10:00.286, 0, GPU-1ee6ac61-44ab-b161-9de0-16bbb44716e7, NVIDIA A100-SXM4-40GB, 36817, 40960, 19, 105.76, 38
nid001132,2026/05/03 14:10:00.289, 1, GPU-afa7121e-c5d0-2eb5-4e9a-8b001ff7a220, NVIDIA A100-SXM4-40GB, 36749, 40960, 61, 101.03, 35
nid001132,2026/05/03 14:10:00.291, 2, GPU-4dea0284-873a-fa20-cc19-10ca82324573, NVIDIA A100-SXM4-40GB, 36749, 40960, 75, 104.36, 36
nid001132,2026/05/03 14:10:00.292, 3, GPU-cba17786-ea73-0caf-0d43-c838fbb66bcd, NVIDIA A100-SXM4-40GB, 36749, 40960, 46, 105.12, 33
nid001133,2026/05/03 14:10:01.207, 0, GPU-43cac420-244c-9975-fbd1-604f88cdd44c, NVIDIA A100-SXM4-40GB, 37481, 40960, 17, 103.96, 35
nid001133,2026/05/03 14:10:01.210, 1, GPU-73838956-9ad1-3484-0ba2-7d8b02c7a72a, NVIDIA A100-SXM4-40GB, 37471, 40960, 90, 102.67, 34
nid001133,2026/05/03 14:10:01.212, 2, GPU-aee03275-201a-58e4-7b5a-f08a6e4c1e50, NVIDIA A100-SXM4-40GB, 37471, 40960, 12, 102.43, 36
nid001133,2026/05/03 14:10:01.213, 3, GPU-e0003d1b-186b-2e66-9474-0b7af5c50af4, NVIDIA A100-SXM4-40GB, 37471, 40960, 79, 99.51, 35
nid001132,2026/05/03 14:10:04.270, 0, GPU-1ee6ac61-44ab-b161-9de0-16bbb44716e7, NVIDIA A100-SXM4-40GB, 36817, 40960, 84, 121.59, 38
nid001132,2026/05/03 14:10:04.273, 1, GPU-afa7121e-c5d0-2eb5-4e9a-8b001ff7a220, NVIDIA A100-SXM4-40GB, 36749, 40960, 92, 114.94, 35
nid001132,2026/05/03 14:10:04.280, 2, GPU-4dea0284-873a-fa20-cc19-10ca82324573, NVIDIA A100-SXM4-40GB, 36749, 40960, 10, 118.88, 36
nid001132,2026/05/03 14:10:04.282, 3, GPU-cba17786-ea73-0caf-0d43-c838fbb66bcd, NVIDIA A100-SXM4-40GB, 36749, 40960, 100, 119.69, 33
nid001133,2026/05/03 14:10:05.153, 0, GPU-43cac420-244c-9975-fbd1-604f88cdd44c, NVIDIA A100-SXM4-40GB, 37481, 40960, 93, 116.60, 35
nid001133,2026/05/03 14:10:05.155, 1, GPU-73838956-9ad1-3484-0ba2-7d8b02c7a72a, NVIDIA A100-SXM4-40GB, 37471, 40960, 53, 104.21, 34
nid001133,2026/05/03 14:10:05.157, 2, GPU-aee03275-201a-58e4-7b5a-f08a6e4c1e50, NVIDIA A100-SXM4-40GB, 37471, 40960, 6, 118.55, 37
nid001133,2026/05/03 14:10:05.159, 3, GPU-e0003d1b-186b-2e66-9474-0b7af5c50af4, NVIDIA A100-SXM4-40GB, 37471, 40960, 29, 106.89, 35
nid001132,2026/05/03 14:10:08.097, 0, GPU-1ee6ac61-44ab-b161-9de0-16bbb44716e7, NVIDIA A100-SXM4-40GB, 36817, 40960, 100, 106.29, 38
nid001132,2026/05/03 14:10:08.100, 1, GPU-afa7121e-c5d0-2eb5-4e9a-8b001ff7a220, NVIDIA A100-SXM4-40GB, 36749, 40960, 15, 104.88, 35
nid001132,2026/05/03 14:10:08.102, 2, GPU-4dea0284-873a-fa20-cc19-10ca82324573, NVIDIA A100-SXM4-40GB, 36749, 40960, 2, 105.64, 36
nid001132,2026/05/03 14:10:08.104, 3, GPU-cba17786-ea73-0caf-0d43-c838fbb66bcd, NVIDIA A100-SXM4-40GB, 36749, 40960, 47, 119.31, 33
nid001133,2026/05/03 14:10:08.921, 0, GPU-43cac420-244c-9975-fbd1-604f88cdd44c, NVIDIA A100-SXM4-40GB, 37481, 40960, 3, 118.65, 36
nid001133,2026/05/03 14:10:08.923, 1, GPU-73838956-9ad1-3484-0ba2-7d8b02c7a72a, NVIDIA A100-SXM4-40GB, 37471, 40960, 89, 113.18, 34
nid001133,2026/05/03 14:10:08.925, 2, GPU-aee03275-201a-58e4-7b5a-f08a6e4c1e50, NVIDIA A100-SXM4-40GB, 37471, 40960, 45, 102.96, 37
nid001133,2026/05/03 14:10:08.926, 3, GPU-e0003d1b-186b-2e66-9474-0b7af5c50af4, NVIDIA A100-SXM4-40GB, 37471, 40960, 68, 99.63, 35
nid001132,2026/05/03 14:10:11.798, 0, GPU-1ee6ac61-44ab-b161-9de0-16bbb44716e7, NVIDIA A100-SXM4-40GB, 36817, 40960, 47, 105.76, 38
nid001132,2026/05/03 14:10:11.801, 1, GPU-afa7121e-c5d0-2eb5-4e9a-8b001ff7a220, NVIDIA A100-SXM4-40GB, 36749, 40960, 43, 101.32, 35
nid001132,2026/05/03 14:10:11.803, 2, GPU-4dea0284-873a-fa20-cc19-10ca82324573, NVIDIA A100-SXM4-40GB, 36749, 40960, 16, 103.71, 36
nid001132,2026/05/03 14:10:11.804, 3, GPU-cba17786-ea73-0caf-0d43-c838fbb66bcd, NVIDIA A100-SXM4-40GB, 36749, 40960, 58, 105.12, 33
nid001133,2026/05/03 14:10:12.684, 0, GPU-43cac420-244c-9975-fbd1-604f88cdd44c, NVIDIA A100-SXM4-40GB, 37481, 40960, 87, 104.24, 35
nid001133,2026/05/03 14:10:12.686, 1, GPU-73838956-9ad1-3484-0ba2-7d8b02c7a72a, NVIDIA A100-SXM4-40GB, 37471, 40960, 36, 103.20, 34
nid001133,2026/05/03 14:10:12.688, 2, GPU-aee03275-201a-58e4-7b5a-f08a6e4c1e50, NVIDIA A100-SXM4-40GB, 37471, 40960, 25, 135.22, 37
nid001133,2026/05/03 14:10:12.689, 3, GPU-e0003d1b-186b-2e66-9474-0b7af5c50af4, NVIDIA A100-SXM4-40GB, 37471, 40960, 31, 123.25, 35
nid001132,2026/05/03 14:10:15.611, 0, GPU-1ee6ac61-44ab-b161-9de0-16bbb44716e7, NVIDIA A100-SXM4-40GB, 36817, 40960, 43, 126.81, 38
nid001132,2026/05/03 14:10:15.621, 1, GPU-afa7121e-c5d0-2eb5-4e9a-8b001ff7a220, NVIDIA A100-SXM4-40GB, 36749, 40960, 28, 122.73, 35
nid001132,2026/05/03 14:10:15.627, 2, GPU-4dea0284-873a-fa20-cc19-10ca82324573, NVIDIA A100-SXM4-40GB, 36749, 40960, 27, 105.64, 36
nid001132,2026/05/03 14:10:15.633, 3, GPU-cba17786-ea73-0caf-0d43-c838fbb66bcd, NVIDIA A100-SXM4-40GB, 36749, 40960, 0, 114.18, 33
nid001133,2026/05/03 14:10:16.596, 0, GPU-43cac420-244c-9975-fbd1-604f88cdd44c, NVIDIA A100-SXM4-40GB, 37481, 40960, 93, 124.01, 36
nid001133,2026/05/03 14:10:16.599, 1, GPU-73838956-9ad1-3484-0ba2-7d8b02c7a72a, NVIDIA A100-SXM4-40GB, 37471, 40960, 0, 129.09, 34
nid001133,2026/05/03 14:10:16.601, 2, GPU-aee03275-201a-58e4-7b5a-f08a6e4c1e50, NVIDIA A100-SXM4-40GB, 37471, 40960, 0, 116.37, 37
nid001133,2026/05/03 14:10:16.603, 3, GPU-e0003d1b-186b-2e66-9474-0b7af5c50af4, NVIDIA A100-SXM4-40GB, 37471, 40960, 8, 99.40, 35
nid001132,2026/05/03 14:10:19.529, 0, GPU-1ee6ac61-44ab-b161-9de0-16bbb44716e7, NVIDIA A100-SXM4-40GB, 36817, 40960, 44, 105.65, 38
nid001132,2026/05/03 14:10:19.532, 1, GPU-afa7121e-c5d0-2eb5-4e9a-8b001ff7a220, NVIDIA A100-SXM4-40GB, 36749, 40960, 82, 101.43, 35
nid001132,2026/05/03 14:10:19.533, 2, GPU-4dea0284-873a-fa20-cc19-10ca82324573, NVIDIA A100-SXM4-40GB, 36749, 40960, 0, 103.72, 36
nid001132,2026/05/03 14:10:19.535, 3, GPU-cba17786-ea73-0caf-0d43-c838fbb66bcd, NVIDIA A100-SXM4-40GB, 36749, 40960, 34, 105.12, 33
nid001133,2026/05/03 14:10:20.367, 0, GPU-43cac420-244c-9975-fbd1-604f88cdd44c, NVIDIA A100-SXM4-40GB, 37481, 40960, 85, 103.96, 35
nid001133,2026/05/03 14:10:20.369, 1, GPU-73838956-9ad1-3484-0ba2-7d8b02c7a72a, NVIDIA A100-SXM4-40GB, 37471, 40960, 51, 103.08, 34
nid001133,2026/05/03 14:10:20.371, 2, GPU-aee03275-201a-58e4-7b5a-f08a6e4c1e50, NVIDIA A100-SXM4-40GB, 37471, 40960, 15, 102.43, 36
nid001133,2026/05/03 14:10:20.372, 3, GPU-e0003d1b-186b-2e66-9474-0b7af5c50af4, NVIDIA A100-SXM4-40GB, 37471, 40960, 39, 99.40, 35
nid001132,2026/05/03 14:10:23.243, 0, GPU-1ee6ac61-44ab-b161-9de0-16bbb44716e7, NVIDIA A100-SXM4-40GB, 36817, 40960, 14, 105.76, 38
nid001132,2026/05/03 14:10:23.245, 1, GPU-afa7121e-c5d0-2eb5-4e9a-8b001ff7a220, NVIDIA A100-SXM4-40GB, 36749, 40960, 39, 101.03, 35
nid001132,2026/05/03 14:10:23.247, 2, GPU-4dea0284-873a-fa20-cc19-10ca82324573, NVIDIA A100-SXM4-40GB, 36749, 40960, 31, 103.84, 36
nid001132,2026/05/03 14:10:23.249, 3, GPU-cba17786-ea73-0caf-0d43-c838fbb66bcd, NVIDIA A100-SXM4-40GB, 36749, 40960, 13, 105.37, 33
nid001133,2026/05/03 14:10:24.063, 0, GPU-43cac420-244c-9975-fbd1-604f88cdd44c, NVIDIA A100-SXM4-40GB, 37481, 40960, 43, 103.96, 35
nid001133,2026/05/03 14:10:24.066, 1, GPU-73838956-9ad1-3484-0ba2-7d8b02c7a72a, NVIDIA A100-SXM4-40GB, 37471, 40960, 20, 103.08, 34
nid001133,2026/05/03 14:10:24.067, 2, GPU-aee03275-201a-58e4-7b5a-f08a6e4c1e50, NVIDIA A100-SXM4-40GB, 37471, 40960, 48, 102.43, 36
nid001133,2026/05/03 14:10:24.069, 3, GPU-e0003d1b-186b-2e66-9474-0b7af5c50af4, NVIDIA A100-SXM4-40GB, 37471, 40960, 41, 99.40, 35
nid001132,2026/05/03 14:10:26.977, 0, GPU-1ee6ac61-44ab-b161-9de0-16bbb44716e7, NVIDIA A100-SXM4-40GB, 36817, 40960, 0, 105.53, 38
nid001132,2026/05/03 14:10:26.979, 1, GPU-afa7121e-c5d0-2eb5-4e9a-8b001ff7a220, NVIDIA A100-SXM4-40GB, 36749, 40960, 0, 102.31, 35
nid001132,2026/05/03 14:10:26.985, 2, GPU-4dea0284-873a-fa20-cc19-10ca82324573, NVIDIA A100-SXM4-40GB, 36749, 40960, 7, 103.60, 36
nid001132,2026/05/03 14:10:26.986, 3, GPU-cba17786-ea73-0caf-0d43-c838fbb66bcd, NVIDIA A100-SXM4-40GB, 36749, 40960, 0, 124.16, 33
nid001133,2026/05/03 14:10:27.869, 0, GPU-43cac420-244c-9975-fbd1-604f88cdd44c, NVIDIA A100-SXM4-40GB, 37481, 40960, 0, 103.96, 35
nid001133,2026/05/03 14:10:27.872, 1, GPU-73838956-9ad1-3484-0ba2-7d8b02c7a72a, NVIDIA A100-SXM4-40GB, 37471, 40960, 8, 102.96, 34
nid001133,2026/05/03 14:10:27.873, 2, GPU-aee03275-201a-58e4-7b5a-f08a6e4c1e50, NVIDIA A100-SXM4-40GB, 37471, 40960, 0, 102.31, 36
nid001133,2026/05/03 14:10:27.875, 3, GPU-e0003d1b-186b-2e66-9474-0b7af5c50af4, NVIDIA A100-SXM4-40GB, 37471, 40960, 28, 99.40, 35
nid001132,2026/05/03 14:10:30.756, 0, GPU-1ee6ac61-44ab-b161-9de0-16bbb44716e7, NVIDIA A100-SXM4-40GB, 36817, 40960, 72, 105.53, 38
nid001132,2026/05/03 14:10:30.759, 1, GPU-afa7121e-c5d0-2eb5-4e9a-8b001ff7a220, NVIDIA A100-SXM4-40GB, 36749, 40960, 69, 101.15, 35
nid001132,2026/05/03 14:10:30.761, 2, GPU-4dea0284-873a-fa20-cc19-10ca82324573, NVIDIA A100-SXM4-40GB, 36749, 40960, 3, 103.84, 36
nid001132,2026/05/03 14:10:30.762, 3, GPU-cba17786-ea73-0caf-0d43-c838fbb66bcd, NVIDIA A100-SXM4-40GB, 36749, 40960, 42, 105.12, 33
nid001133,2026/05/03 14:10:31.652, 0, GPU-43cac420-244c-9975-fbd1-604f88cdd44c, NVIDIA A100-SXM4-40GB, 37481, 40960, 30, 103.96, 35
nid001133,2026/05/03 14:10:31.655, 1, GPU-73838956-9ad1-3484-0ba2-7d8b02c7a72a, NVIDIA A100-SXM4-40GB, 37471, 40960, 0, 102.79, 34
nid001133,2026/05/03 14:10:31.657, 2, GPU-aee03275-201a-58e4-7b5a-f08a6e4c1e50, NVIDIA A100-SXM4-40GB, 37471, 40960, 0, 102.56, 36
nid001133,2026/05/03 14:10:31.658, 3, GPU-e0003d1b-186b-2e66-9474-0b7af5c50af4, NVIDIA A100-SXM4-40GB, 37471, 40960, 9, 99.51, 35
nid001132,2026/05/03 14:10:34.545, 0, GPU-1ee6ac61-44ab-b161-9de0-16bbb44716e7, NVIDIA A100-SXM4-40GB, 36817, 40960, 100, 108.33, 39
nid001132,2026/05/03 14:10:34.547, 1, GPU-afa7121e-c5d0-2eb5-4e9a-8b001ff7a220, NVIDIA A100-SXM4-40GB, 36749, 40960, 40, 104.12, 35
nid001132,2026/05/03 14:10:34.549, 2, GPU-4dea0284-873a-fa20-cc19-10ca82324573, NVIDIA A100-SXM4-40GB, 36749, 40960, 100, 104.59, 36
nid001132,2026/05/03 14:10:34.550, 3, GPU-cba17786-ea73-0caf-0d43-c838fbb66bcd, NVIDIA A100-SXM4-40GB, 36749, 40960, 85, 105.89, 33
nid001133,2026/05/03 14:10:35.432, 0, GPU-43cac420-244c-9975-fbd1-604f88cdd44c, NVIDIA A100-SXM4-40GB, 37481, 40960, 41, 104.12, 35
nid001133,2026/05/03 14:10:35.439, 1, GPU-73838956-9ad1-3484-0ba2-7d8b02c7a72a, NVIDIA A100-SXM4-40GB, 37471, 40960, 94, 103.20, 34
nid001133,2026/05/03 14:10:35.440, 2, GPU-aee03275-201a-58e4-7b5a-f08a6e4c1e50, NVIDIA A100-SXM4-40GB, 37471, 40960, 22, 102.67, 37
nid001133,2026/05/03 14:10:35.441, 3, GPU-e0003d1b-186b-2e66-9474-0b7af5c50af4, NVIDIA A100-SXM4-40GB, 37471, 40960, 34, 99.63, 35
nid001132,2026/05/03 14:10:38.309, 0, GPU-1ee6ac61-44ab-b161-9de0-16bbb44716e7, NVIDIA A100-SXM4-40GB, 36817, 40960, 37, 118.55, 38
nid001132,2026/05/03 14:10:38.314, 1, GPU-afa7121e-c5d0-2eb5-4e9a-8b001ff7a220, NVIDIA A100-SXM4-40GB, 36749, 40960, 31, 103.72, 35
nid001132,2026/05/03 14:10:38.324, 2, GPU-4dea0284-873a-fa20-cc19-10ca82324573, NVIDIA A100-SXM4-40GB, 36749, 40960, 56, 116.37, 36
nid001132,2026/05/03 14:10:38.329, 3, GPU-cba17786-ea73-0caf-0d43-c838fbb66bcd, NVIDIA A100-SXM4-40GB, 36749, 40960, 65, 107.70, 33
nid001133,2026/05/03 14:10:39.164, 0, GPU-43cac420-244c-9975-fbd1-604f88cdd44c, NVIDIA A100-SXM4-40GB, 37481, 40960, 7, 123.87, 36
nid001133,2026/05/03 14:10:39.167, 1, GPU-73838956-9ad1-3484-0ba2-7d8b02c7a72a, NVIDIA A100-SXM4-40GB, 37471, 40960, 0, 124.92, 34
nid001133,2026/05/03 14:10:39.169, 2, GPU-aee03275-201a-58e4-7b5a-f08a6e4c1e50, NVIDIA A100-SXM4-40GB, 37471, 40960, 75, 109.96, 37
nid001133,2026/05/03 14:10:39.171, 3, GPU-e0003d1b-186b-2e66-9474-0b7af5c50af4, NVIDIA A100-SXM4-40GB, 37471, 40960, 47, 118.41, 35
nid001132,2026/05/03 14:10:42.048, 0, GPU-1ee6ac61-44ab-b161-9de0-16bbb44716e7, NVIDIA A100-SXM4-40GB, 36817, 40960, 93, 121.07, 38
nid001132,2026/05/03 14:10:42.051, 1, GPU-afa7121e-c5d0-2eb5-4e9a-8b001ff7a220, NVIDIA A100-SXM4-40GB, 36749, 40960, 53, 117.13, 35
nid001132,2026/05/03 14:10:42.052, 2, GPU-4dea0284-873a-fa20-cc19-10ca82324573, NVIDIA A100-SXM4-40GB, 36749, 40960, 66, 119.03, 36
nid001132,2026/05/03 14:10:42.054, 3, GPU-cba17786-ea73-0caf-0d43-c838fbb66bcd, NVIDIA A100-SXM4-40GB, 36749, 40960, 100, 105.37, 33
nid001133,2026/05/03 14:10:42.868, 0, GPU-43cac420-244c-9975-fbd1-604f88cdd44c, NVIDIA A100-SXM4-40GB, 37481, 40960, 24, 103.84, 35
nid001133,2026/05/03 14:10:42.870, 1, GPU-73838956-9ad1-3484-0ba2-7d8b02c7a72a, NVIDIA A100-SXM4-40GB, 37471, 40960, 36, 102.96, 34
nid001133,2026/05/03 14:10:42.872, 2, GPU-aee03275-201a-58e4-7b5a-f08a6e4c1e50, NVIDIA A100-SXM4-40GB, 37471, 40960, 67, 102.43, 36
nid001133,2026/05/03 14:10:42.874, 3, GPU-e0003d1b-186b-2e66-9474-0b7af5c50af4, NVIDIA A100-SXM4-40GB, 37471, 40960, 6, 99.40, 35
nid001132,2026/05/03 14:10:45.780, 0, GPU-1ee6ac61-44ab-b161-9de0-16bbb44716e7, NVIDIA A100-SXM4-40GB, 36817, 40960, 8, 105.65, 38
nid001132,2026/05/03 14:10:45.783, 1, GPU-afa7121e-c5d0-2eb5-4e9a-8b001ff7a220, NVIDIA A100-SXM4-40GB, 36749, 40960, 0, 101.15, 34
nid001132,2026/05/03 14:10:45.786, 2, GPU-4dea0284-873a-fa20-cc19-10ca82324573, NVIDIA A100-SXM4-40GB, 36749, 40960, 0, 103.72, 36
nid001132,2026/05/03 14:10:45.788, 3, GPU-cba17786-ea73-0caf-0d43-c838fbb66bcd, NVIDIA A100-SXM4-40GB, 36749, 40960, 0, 105.25, 33
nid001133,2026/05/03 14:10:46.747, 0, GPU-43cac420-244c-9975-fbd1-604f88cdd44c, NVIDIA A100-SXM4-40GB, 37481, 40960, 0, 104.24, 35
nid001133,2026/05/03 14:10:46.749, 1, GPU-73838956-9ad1-3484-0ba2-7d8b02c7a72a, NVIDIA A100-SXM4-40GB, 37471, 40960, 0, 103.08, 34
nid001133,2026/05/03 14:10:46.751, 2, GPU-aee03275-201a-58e4-7b5a-f08a6e4c1e50, NVIDIA A100-SXM4-40GB, 37471, 40960, 2, 102.43, 36
nid001133,2026/05/03 14:10:46.752, 3, GPU-e0003d1b-186b-2e66-9474-0b7af5c50af4, NVIDIA A100-SXM4-40GB, 37471, 40960, 0, 99.51, 35
nid001132,2026/05/03 14:10:49.639, 0, GPU-1ee6ac61-44ab-b161-9de0-16bbb44716e7, NVIDIA A100-SXM4-40GB, 36817, 40960, 48, 105.89, 38
nid001132,2026/05/03 14:10:49.641, 1, GPU-afa7121e-c5d0-2eb5-4e9a-8b001ff7a220, NVIDIA A100-SXM4-40GB, 36749, 40960, 10, 100.39, 35
nid001132,2026/05/03 14:10:49.643, 2, GPU-4dea0284-873a-fa20-cc19-10ca82324573, NVIDIA A100-SXM4-40GB, 36749, 40960, 55, 103.84, 36
nid001132,2026/05/03 14:10:49.645, 3, GPU-cba17786-ea73-0caf-0d43-c838fbb66bcd, NVIDIA A100-SXM4-40GB, 36749, 40960, 71, 105.12, 33
nid001133,2026/05/03 14:10:50.472, 0, GPU-43cac420-244c-9975-fbd1-604f88cdd44c, NVIDIA A100-SXM4-40GB, 37481, 40960, 19, 104.24, 35
nid001133,2026/05/03 14:10:50.475, 1, GPU-73838956-9ad1-3484-0ba2-7d8b02c7a72a, NVIDIA A100-SXM4-40GB, 37471, 40960, 38, 102.32, 34
nid001133,2026/05/03 14:10:50.477, 2, GPU-aee03275-201a-58e4-7b5a-f08a6e4c1e50, NVIDIA A100-SXM4-40GB, 37471, 40960, 50, 124.01, 37
nid001133,2026/05/03 14:10:50.478, 3, GPU-e0003d1b-186b-2e66-9474-0b7af5c50af4, NVIDIA A100-SXM4-40GB, 37471, 40960, 52, 115.46, 35
nid001132,2026/05/03 14:10:59.072, 0, GPU-1ee6ac61-44ab-b161-9de0-16bbb44716e7, NVIDIA A100-SXM4-40GB, 36817, 40960, 39, 105.65, 38
nid001132,2026/05/03 14:10:59.075, 1, GPU-afa7121e-c5d0-2eb5-4e9a-8b001ff7a220, NVIDIA A100-SXM4-40GB, 36749, 40960, 61, 101.43, 35
nid001132,2026/05/03 14:10:59.076, 2, GPU-4dea0284-873a-fa20-cc19-10ca82324573, NVIDIA A100-SXM4-40GB, 36749, 40960, 81, 103.72, 36
nid001132,2026/05/03 14:10:59.078, 3, GPU-cba17786-ea73-0caf-0d43-c838fbb66bcd, NVIDIA A100-SXM4-40GB, 36749, 40960, 67, 105.25, 33
nid001133,2026/05/03 14:10:59.934, 0, GPU-43cac420-244c-9975-fbd1-604f88cdd44c, NVIDIA A100-SXM4-40GB, 37481, 40960, 98, 103.96, 35
nid001133,2026/05/03 14:10:59.936, 1, GPU-73838956-9ad1-3484-0ba2-7d8b02c7a72a, NVIDIA A100-SXM4-40GB, 37471, 40960, 13, 101.92, 34
nid001133,2026/05/03 14:10:59.938, 2, GPU-aee03275-201a-58e4-7b5a-f08a6e4c1e50, NVIDIA A100-SXM4-40GB, 37471, 40960, 56, 102.56, 36
nid001133,2026/05/03 14:10:59.940, 3, GPU-e0003d1b-186b-2e66-9474-0b7af5c50af4, NVIDIA A100-SXM4-40GB, 37471, 40960, 6, 99.51, 35
nid001132,2026/05/03 14:11:02.868, 0, GPU-1ee6ac61-44ab-b161-9de0-16bbb44716e7, NVIDIA A100-SXM4-40GB, 36817, 40960, 27, 108.33, 38
nid001132,2026/05/03 14:11:02.871, 1, GPU-afa7121e-c5d0-2eb5-4e9a-8b001ff7a220, NVIDIA A100-SXM4-40GB, 36749, 40960, 41, 103.96, 35
nid001132,2026/05/03 14:11:02.872, 2, GPU-4dea0284-873a-fa20-cc19-10ca82324573, NVIDIA A100-SXM4-40GB, 36749, 40960, 20, 118.88, 36
nid001132,2026/05/03 14:11:02.874, 3, GPU-cba17786-ea73-0caf-0d43-c838fbb66bcd, NVIDIA A100-SXM4-40GB, 36749, 40960, 61, 113.31, 33
nid001133,2026/05/03 14:11:03.726, 0, GPU-43cac420-244c-9975-fbd1-604f88cdd44c, NVIDIA A100-SXM4-40GB, 37481, 40960, 0, 103.96, 35
nid001133,2026/05/03 14:11:03.729, 1, GPU-73838956-9ad1-3484-0ba2-7d8b02c7a72a, NVIDIA A100-SXM4-40GB, 37471, 40960, 53, 102.56, 34
nid001133,2026/05/03 14:11:03.731, 2, GPU-aee03275-201a-58e4-7b5a-f08a6e4c1e50, NVIDIA A100-SXM4-40GB, 37471, 40960, 11, 107.57, 37
nid001133,2026/05/03 14:11:03.732, 3, GPU-e0003d1b-186b-2e66-9474-0b7af5c50af4, NVIDIA A100-SXM4-40GB, 37471, 40960, 0, 105.76, 35
nid001132,2026/05/03 14:11:06.620, 0, GPU-1ee6ac61-44ab-b161-9de0-16bbb44716e7, NVIDIA A100-SXM4-40GB, 36817, 40960, 68, 105.76, 38
nid001132,2026/05/03 14:11:06.623, 1, GPU-afa7121e-c5d0-2eb5-4e9a-8b001ff7a220, NVIDIA A100-SXM4-40GB, 36749, 40960, 0, 102.20, 35
nid001132,2026/05/03 14:11:06.625, 2, GPU-4dea0284-873a-fa20-cc19-10ca82324573, NVIDIA A100-SXM4-40GB, 36749, 40960, 0, 106.92, 36
nid001132,2026/05/03 14:11:06.631, 3, GPU-cba17786-ea73-0caf-0d43-c838fbb66bcd, NVIDIA A100-SXM4-40GB, 36749, 40960, 31, 112.26, 33
nid001133,2026/05/03 14:11:07.445, 0, GPU-43cac420-244c-9975-fbd1-604f88cdd44c, NVIDIA A100-SXM4-40GB, 37481, 40960, 0, 125.15, 36
nid001133,2026/05/03 14:11:07.447, 1, GPU-73838956-9ad1-3484-0ba2-7d8b02c7a72a, NVIDIA A100-SXM4-40GB, 37471, 40960, 18, 103.08, 34
nid001133,2026/05/03 14:11:07.449, 2, GPU-aee03275-201a-58e4-7b5a-f08a6e4c1e50, NVIDIA A100-SXM4-40GB, 37471, 40960, 12, 102.43, 37
nid001133,2026/05/03 14:11:07.451, 3, GPU-e0003d1b-186b-2e66-9474-0b7af5c50af4, NVIDIA A100-SXM4-40GB, 37471, 40960, 0, 99.40, 35
nid001132,2026/05/03 14:11:10.389, 0, GPU-1ee6ac61-44ab-b161-9de0-16bbb44716e7, NVIDIA A100-SXM4-40GB, 36817, 40960, 0, 133.98, 38
nid001132,2026/05/03 14:11:10.391, 1, GPU-afa7121e-c5d0-2eb5-4e9a-8b001ff7a220, NVIDIA A100-SXM4-40GB, 36749, 40960, 50, 123.25, 35
nid001132,2026/05/03 14:11:10.393, 2, GPU-4dea0284-873a-fa20-cc19-10ca82324573, NVIDIA A100-SXM4-40GB, 36749, 40960, 46, 108.20, 36
nid001132,2026/05/03 14:11:10.395, 3, GPU-cba17786-ea73-0caf-0d43-c838fbb66bcd, NVIDIA A100-SXM4-40GB, 36749, 40960, 12, 110.22, 33
nid001133,2026/05/03 14:11:11.224, 0, GPU-43cac420-244c-9975-fbd1-604f88cdd44c, NVIDIA A100-SXM4-40GB, 37481, 40960, 0, 103.96, 35
nid001133,2026/05/03 14:11:11.227, 1, GPU-73838956-9ad1-3484-0ba2-7d8b02c7a72a, NVIDIA A100-SXM4-40GB, 37471, 40960, 0, 102.16, 34
nid001133,2026/05/03 14:11:11.229, 2, GPU-aee03275-201a-58e4-7b5a-f08a6e4c1e50, NVIDIA A100-SXM4-40GB, 37471, 40960, 0, 102.56, 36
nid001133,2026/05/03 14:11:11.230, 3, GPU-e0003d1b-186b-2e66-9474-0b7af5c50af4, NVIDIA A100-SXM4-40GB, 37471, 40960, 0, 99.51, 35
nid001132,2026/05/03 14:11:14.124, 0, GPU-1ee6ac61-44ab-b161-9de0-16bbb44716e7, NVIDIA A100-SXM4-40GB, 36817, 40960, 0, 120.60, 40
nid001132,2026/05/03 14:11:14.132, 1, GPU-afa7121e-c5d0-2eb5-4e9a-8b001ff7a220, NVIDIA A100-SXM4-40GB, 36749, 40960, 0, 140.34, 35
nid001132,2026/05/03 14:11:14.133, 2, GPU-4dea0284-873a-fa20-cc19-10ca82324573, NVIDIA A100-SXM4-40GB, 36749, 40960, 29, 175.92, 37
nid001132,2026/05/03 14:11:14.135, 3, GPU-cba17786-ea73-0caf-0d43-c838fbb66bcd, NVIDIA A100-SXM4-40GB, 36749, 40960, 0, 105.12, 33
nid001133,2026/05/03 14:11:14.974, 0, GPU-43cac420-244c-9975-fbd1-604f88cdd44c, NVIDIA A100-SXM4-40GB, 37481, 40960, 67, 105.00, 36
nid001133,2026/05/03 14:11:14.977, 1, GPU-73838956-9ad1-3484-0ba2-7d8b02c7a72a, NVIDIA A100-SXM4-40GB, 37471, 40960, 30, 104.08, 34
nid001133,2026/05/03 14:11:14.978, 2, GPU-aee03275-201a-58e4-7b5a-f08a6e4c1e50, NVIDIA A100-SXM4-40GB, 37471, 40960, 60, 102.96, 38
nid001133,2026/05/03 14:11:14.980, 3, GPU-e0003d1b-186b-2e66-9474-0b7af5c50af4, NVIDIA A100-SXM4-40GB, 37471, 40960, 51, 99.75, 36
nid001132,2026/05/03 14:11:17.887, 0, GPU-1ee6ac61-44ab-b161-9de0-16bbb44716e7, NVIDIA A100-SXM4-40GB, 36817, 40960, 31, 105.53, 38
nid001132,2026/05/03 14:11:17.890, 1, GPU-afa7121e-c5d0-2eb5-4e9a-8b001ff7a220, NVIDIA A100-SXM4-40GB, 36749, 40960, 25, 101.43, 35
nid001132,2026/05/03 14:11:17.893, 2, GPU-4dea0284-873a-fa20-cc19-10ca82324573, NVIDIA A100-SXM4-40GB, 36749, 40960, 32, 103.84, 36
nid001132,2026/05/03 14:11:17.895, 3, GPU-cba17786-ea73-0caf-0d43-c838fbb66bcd, NVIDIA A100-SXM4-40GB, 36749, 40960, 0, 105.12, 33
nid001133,2026/05/03 14:11:18.774, 0, GPU-43cac420-244c-9975-fbd1-604f88cdd44c, NVIDIA A100-SXM4-40GB, 37481, 40960, 0, 103.96, 35
nid001133,2026/05/03 14:11:18.777, 1, GPU-73838956-9ad1-3484-0ba2-7d8b02c7a72a, NVIDIA A100-SXM4-40GB, 37471, 40960, 0, 102.32, 34
nid001133,2026/05/03 14:11:18.782, 2, GPU-aee03275-201a-58e4-7b5a-f08a6e4c1e50, NVIDIA A100-SXM4-40GB, 37471, 40960, 32, 102.43, 36
nid001133,2026/05/03 14:11:18.783, 3, GPU-e0003d1b-186b-2e66-9474-0b7af5c50af4, NVIDIA A100-SXM4-40GB, 37471, 40960, 3, 99.51, 35
nid001132,2026/05/03 14:11:21.649, 0, GPU-1ee6ac61-44ab-b161-9de0-16bbb44716e7, NVIDIA A100-SXM4-40GB, 36817, 40960, 100, 132.18, 38
nid001132,2026/05/03 14:11:21.652, 1, GPU-afa7121e-c5d0-2eb5-4e9a-8b001ff7a220, NVIDIA A100-SXM4-40GB, 36749, 40960, 8, 126.05, 35
nid001132,2026/05/03 14:11:21.654, 2, GPU-4dea0284-873a-fa20-cc19-10ca82324573, NVIDIA A100-SXM4-40GB, 36749, 40960, 3, 103.96, 36
nid001132,2026/05/03 14:11:21.655, 3, GPU-cba17786-ea73-0caf-0d43-c838fbb66bcd, NVIDIA A100-SXM4-40GB, 36749, 40960, 83, 105.49, 33
nid001133,2026/05/03 14:11:22.482, 0, GPU-43cac420-244c-9975-fbd1-604f88cdd44c, NVIDIA A100-SXM4-40GB, 37481, 40960, 0, 103.96, 35
nid001133,2026/05/03 14:11:22.485, 1, GPU-73838956-9ad1-3484-0ba2-7d8b02c7a72a, NVIDIA A100-SXM4-40GB, 37471, 40960, 15, 109.09, 34
nid001133,2026/05/03 14:11:22.486, 2, GPU-aee03275-201a-58e4-7b5a-f08a6e4c1e50, NVIDIA A100-SXM4-40GB, 37471, 40960, 55, 102.43, 36
nid001133,2026/05/03 14:11:22.488, 3, GPU-e0003d1b-186b-2e66-9474-0b7af5c50af4, NVIDIA A100-SXM4-40GB, 37471, 40960, 0, 99.40, 35
nid001132,2026/05/03 14:11:25.363, 0, GPU-1ee6ac61-44ab-b161-9de0-16bbb44716e7, NVIDIA A100-SXM4-40GB, 36817, 40960, 0, 105.65, 38
nid001132,2026/05/03 14:11:25.366, 1, GPU-afa7121e-c5d0-2eb5-4e9a-8b001ff7a220, NVIDIA A100-SXM4-40GB, 36749, 40960, 82, 101.27, 34
nid001132,2026/05/03 14:11:25.368, 2, GPU-4dea0284-873a-fa20-cc19-10ca82324573, NVIDIA A100-SXM4-40GB, 36749, 40960, 0, 108.57, 36
nid001132,2026/05/03 14:11:25.370, 3, GPU-cba17786-ea73-0caf-0d43-c838fbb66bcd, NVIDIA A100-SXM4-40GB, 36749, 40960, 9, 105.25, 33
nid001133,2026/05/03 14:11:26.248, 0, GPU-43cac420-244c-9975-fbd1-604f88cdd44c, NVIDIA A100-SXM4-40GB, 37481, 40960, 18, 103.72, 35
nid001133,2026/05/03 14:11:26.251, 1, GPU-73838956-9ad1-3484-0ba2-7d8b02c7a72a, NVIDIA A100-SXM4-40GB, 37471, 40960, 17, 103.08, 34
nid001133,2026/05/03 14:11:26.253, 2, GPU-aee03275-201a-58e4-7b5a-f08a6e4c1e50, NVIDIA A100-SXM4-40GB, 37471, 40960, 0, 102.56, 36
nid001133,2026/05/03 14:11:26.254, 3, GPU-e0003d1b-186b-2e66-9474-0b7af5c50af4, NVIDIA A100-SXM4-40GB, 37471, 40960, 4, 99.51, 35
nid001132,2026/05/03 14:11:29.180, 0, GPU-1ee6ac61-44ab-b161-9de0-16bbb44716e7, NVIDIA A100-SXM4-40GB, 36817, 40960, 22, 105.76, 38
nid001132,2026/05/03 14:11:29.184, 1, GPU-afa7121e-c5d0-2eb5-4e9a-8b001ff7a220, NVIDIA A100-SXM4-40GB, 36749, 40960, 42, 101.15, 35
nid001132,2026/05/03 14:11:29.190, 2, GPU-4dea0284-873a-fa20-cc19-10ca82324573, NVIDIA A100-SXM4-40GB, 36749, 40960, 71, 103.84, 36
nid001132,2026/05/03 14:11:29.192, 3, GPU-cba17786-ea73-0caf-0d43-c838fbb66bcd, NVIDIA A100-SXM4-40GB, 36749, 40960, 93, 105.12, 33
nid001133,2026/05/03 14:11:30.037, 0, GPU-43cac420-244c-9975-fbd1-604f88cdd44c, NVIDIA A100-SXM4-40GB, 37481, 40960, 18, 103.96, 35
nid001133,2026/05/03 14:11:30.040, 1, GPU-73838956-9ad1-3484-0ba2-7d8b02c7a72a, NVIDIA A100-SXM4-40GB, 37471, 40960, 52, 102.79, 34
nid001133,2026/05/03 14:11:30.041, 2, GPU-aee03275-201a-58e4-7b5a-f08a6e4c1e50, NVIDIA A100-SXM4-40GB, 37471, 40960, 0, 102.43, 36
nid001133,2026/05/03 14:11:30.043, 3, GPU-e0003d1b-186b-2e66-9474-0b7af5c50af4, NVIDIA A100-SXM4-40GB, 37471, 40960, 4, 99.51, 35
nid001132,2026/05/03 14:11:32.898, 0, GPU-1ee6ac61-44ab-b161-9de0-16bbb44716e7, NVIDIA A100-SXM4-40GB, 36817, 40960, 67, 105.76, 38
nid001132,2026/05/03 14:11:32.901, 1, GPU-afa7121e-c5d0-2eb5-4e9a-8b001ff7a220, NVIDIA A100-SXM4-40GB, 36749, 40960, 80, 101.32, 35
nid001132,2026/05/03 14:11:32.903, 2, GPU-4dea0284-873a-fa20-cc19-10ca82324573, NVIDIA A100-SXM4-40GB, 36749, 40960, 94, 103.84, 36
nid001132,2026/05/03 14:11:32.904, 3, GPU-cba17786-ea73-0caf-0d43-c838fbb66bcd, NVIDIA A100-SXM4-40GB, 36749, 40960, 33, 105.37, 33
nid001133,2026/05/03 14:11:33.744, 0, GPU-43cac420-244c-9975-fbd1-604f88cdd44c, NVIDIA A100-SXM4-40GB, 37481, 40960, 70, 103.96, 35
nid001133,2026/05/03 14:11:33.747, 1, GPU-73838956-9ad1-3484-0ba2-7d8b02c7a72a, NVIDIA A100-SXM4-40GB, 37471, 40960, 68, 102.32, 34
nid001133,2026/05/03 14:11:33.749, 2, GPU-aee03275-201a-58e4-7b5a-f08a6e4c1e50, NVIDIA A100-SXM4-40GB, 37471, 40960, 23, 102.43, 36
nid001133,2026/05/03 14:11:33.750, 3, GPU-e0003d1b-186b-2e66-9474-0b7af5c50af4, NVIDIA A100-SXM4-40GB, 37471, 40960, 0, 99.51, 35
nid001132,2026/05/03 14:11:36.627, 0, GPU-1ee6ac61-44ab-b161-9de0-16bbb44716e7, NVIDIA A100-SXM4-40GB, 36817, 40960, 35, 105.76, 38
nid001132,2026/05/03 14:11:36.630, 1, GPU-afa7121e-c5d0-2eb5-4e9a-8b001ff7a220, NVIDIA A100-SXM4-40GB, 36749, 40960, 6, 101.03, 35
nid001132,2026/05/03 14:11:36.631, 2, GPU-4dea0284-873a-fa20-cc19-10ca82324573, NVIDIA A100-SXM4-40GB, 36749, 40960, 19, 103.84, 36
nid001132,2026/05/03 14:11:36.633, 3, GPU-cba17786-ea73-0caf-0d43-c838fbb66bcd, NVIDIA A100-SXM4-40GB, 36749, 40960, 55, 105.12, 33
nid001133,2026/05/03 14:11:37.473, 0, GPU-43cac420-244c-9975-fbd1-604f88cdd44c, NVIDIA A100-SXM4-40GB, 37481, 40960, 72, 103.96, 35
nid001133,2026/05/03 14:11:37.475, 1, GPU-73838956-9ad1-3484-0ba2-7d8b02c7a72a, NVIDIA A100-SXM4-40GB, 37471, 40960, 6, 102.32, 34
nid001133,2026/05/03 14:11:37.477, 2, GPU-aee03275-201a-58e4-7b5a-f08a6e4c1e50, NVIDIA A100-SXM4-40GB, 37471, 40960, 21, 102.56, 36
nid001133,2026/05/03 14:11:37.479, 3, GPU-e0003d1b-186b-2e66-9474-0b7af5c50af4, NVIDIA A100-SXM4-40GB, 37471, 40960, 1, 99.22, 35
nid001132,2026/05/03 14:11:40.395, 0, GPU-1ee6ac61-44ab-b161-9de0-16bbb44716e7, NVIDIA A100-SXM4-40GB, 36817, 40960, 32, 105.53, 38
nid001132,2026/05/03 14:11:40.397, 1, GPU-afa7121e-c5d0-2eb5-4e9a-8b001ff7a220, NVIDIA A100-SXM4-40GB, 36749, 40960, 29, 118.65, 35
nid001132,2026/05/03 14:11:40.399, 2, GPU-4dea0284-873a-fa20-cc19-10ca82324573, NVIDIA A100-SXM4-40GB, 36749, 40960, 17, 122.97, 36
nid001132,2026/05/03 14:11:40.400, 3, GPU-cba17786-ea73-0caf-0d43-c838fbb66bcd, NVIDIA A100-SXM4-40GB, 36749, 40960, 0, 124.55, 33
nid001133,2026/05/03 14:11:41.241, 0, GPU-43cac420-244c-9975-fbd1-604f88cdd44c, NVIDIA A100-SXM4-40GB, 37481, 40960, 0, 103.96, 35
nid001133,2026/05/03 14:11:41.244, 1, GPU-73838956-9ad1-3484-0ba2-7d8b02c7a72a, NVIDIA A100-SXM4-40GB, 37471, 40960, 0, 102.04, 34
nid001133,2026/05/03 14:11:41.246, 2, GPU-aee03275-201a-58e4-7b5a-f08a6e4c1e50, NVIDIA A100-SXM4-40GB, 37471, 40960, 0, 102.43, 37
nid001133,2026/05/03 14:11:41.247, 3, GPU-e0003d1b-186b-2e66-9474-0b7af5c50af4, NVIDIA A100-SXM4-40GB, 37471, 40960, 14, 118.79, 35
nid001132,2026/05/03 14:11:44.150, 0, GPU-1ee6ac61-44ab-b161-9de0-16bbb44716e7, NVIDIA A100-SXM4-40GB, 36817, 40960, 60, 115.74, 38
nid001132,2026/05/03 14:11:44.153, 1, GPU-afa7121e-c5d0-2eb5-4e9a-8b001ff7a220, NVIDIA A100-SXM4-40GB, 36749, 40960, 58, 121.45, 35
nid001132,2026/05/03 14:11:44.155, 2, GPU-4dea0284-873a-fa20-cc19-10ca82324573, NVIDIA A100-SXM4-40GB, 36749, 40960, 39, 115.95, 36
nid001132,2026/05/03 14:11:44.156, 3, GPU-cba17786-ea73-0caf-0d43-c838fbb66bcd, NVIDIA A100-SXM4-40GB, 36749, 40960, 89, 121.73, 33
nid001133,2026/05/03 14:11:44.988, 0, GPU-43cac420-244c-9975-fbd1-604f88cdd44c, NVIDIA A100-SXM4-40GB, 37481, 40960, 0, 128.33, 35
nid001133,2026/05/03 14:11:44.991, 1, GPU-73838956-9ad1-3484-0ba2-7d8b02c7a72a, NVIDIA A100-SXM4-40GB, 37471, 40960, 34, 124.68, 34
nid001133,2026/05/03 14:11:44.992, 2, GPU-aee03275-201a-58e4-7b5a-f08a6e4c1e50, NVIDIA A100-SXM4-40GB, 37471, 40960, 0, 102.67, 36
nid001133,2026/05/03 14:11:44.994, 3, GPU-e0003d1b-186b-2e66-9474-0b7af5c50af4, NVIDIA A100-SXM4-40GB, 37471, 40960, 0, 99.51, 35
nid001132,2026/05/03 14:11:47.868, 0, GPU-1ee6ac61-44ab-b161-9de0-16bbb44716e7, NVIDIA A100-SXM4-40GB, 36817, 40960, 7, 105.76, 38
nid001132,2026/05/03 14:11:47.871, 1, GPU-afa7121e-c5d0-2eb5-4e9a-8b001ff7a220, NVIDIA A100-SXM4-40GB, 36749, 40960, 26, 101.15, 35
nid001132,2026/05/03 14:11:47.872, 2, GPU-4dea0284-873a-fa20-cc19-10ca82324573, NVIDIA A100-SXM4-40GB, 36749, 40960, 88, 105.40, 36
nid001132,2026/05/03 14:11:47.874, 3, GPU-cba17786-ea73-0caf-0d43-c838fbb66bcd, NVIDIA A100-SXM4-40GB, 36749, 40960, 52, 106.89, 33
nid001133,2026/05/03 14:11:48.729, 0, GPU-43cac420-244c-9975-fbd1-604f88cdd44c, NVIDIA A100-SXM4-40GB, 37481, 40960, 2, 103.84, 35
nid001133,2026/05/03 14:11:48.732, 1, GPU-73838956-9ad1-3484-0ba2-7d8b02c7a72a, NVIDIA A100-SXM4-40GB, 37471, 40960, 0, 102.56, 34
nid001133,2026/05/03 14:11:48.733, 2, GPU-aee03275-201a-58e4-7b5a-f08a6e4c1e50, NVIDIA A100-SXM4-40GB, 37471, 40960, 0, 102.43, 36
nid001133,2026/05/03 14:11:48.735, 3, GPU-e0003d1b-186b-2e66-9474-0b7af5c50af4, NVIDIA A100-SXM4-40GB, 37471, 40960, 54, 99.40, 35
nid001132,2026/05/03 14:11:51.645, 0, GPU-1ee6ac61-44ab-b161-9de0-16bbb44716e7, NVIDIA A100-SXM4-40GB, 36817, 40960, 100, 108.17, 38
nid001132,2026/05/03 14:11:51.648, 1, GPU-afa7121e-c5d0-2eb5-4e9a-8b001ff7a220, NVIDIA A100-SXM4-40GB, 36749, 40960, 52, 102.67, 35
nid001132,2026/05/03 14:11:51.650, 2, GPU-4dea0284-873a-fa20-cc19-10ca82324573, NVIDIA A100-SXM4-40GB, 36749, 40960, 36, 116.37, 36
nid001132,2026/05/03 14:11:51.651, 3, GPU-cba17786-ea73-0caf-0d43-c838fbb66bcd, NVIDIA A100-SXM4-40GB, 36749, 40960, 5, 114.60, 33
nid001133,2026/05/03 14:11:52.491, 0, GPU-43cac420-244c-9975-fbd1-604f88cdd44c, NVIDIA A100-SXM4-40GB, 37481, 40960, 59, 120.31, 36
nid001133,2026/05/03 14:11:52.493, 1, GPU-73838956-9ad1-3484-0ba2-7d8b02c7a72a, NVIDIA A100-SXM4-40GB, 37471, 40960, 82, 113.84, 34
nid001133,2026/05/03 14:11:52.495, 2, GPU-aee03275-201a-58e4-7b5a-f08a6e4c1e50, NVIDIA A100-SXM4-40GB, 37471, 40960, 5, 119.83, 37
nid001133,2026/05/03 14:11:52.497, 3, GPU-e0003d1b-186b-2e66-9474-0b7af5c50af4, NVIDIA A100-SXM4-40GB, 37471, 40960, 0, 118.79, 35
nid001132,2026/05/03 14:11:55.379, 0, GPU-1ee6ac61-44ab-b161-9de0-16bbb44716e7, NVIDIA A100-SXM4-40GB, 36817, 40960, 0, 138.31, 39
nid001132,2026/05/03 14:11:55.386, 1, GPU-afa7121e-c5d0-2eb5-4e9a-8b001ff7a220, NVIDIA A100-SXM4-40GB, 36749, 40960, 23, 147.58, 36
nid001132,2026/05/03 14:11:55.397, 2, GPU-4dea0284-873a-fa20-cc19-10ca82324573, NVIDIA A100-SXM4-40GB, 36749, 40960, 8, 107.15, 36
nid001132,2026/05/03 14:11:55.402, 3, GPU-cba17786-ea73-0caf-0d43-c838fbb66bcd, NVIDIA A100-SXM4-40GB, 36749, 40960, 10, 210.54, 34
nid001133,2026/05/03 14:11:56.300, 0, GPU-43cac420-244c-9975-fbd1-604f88cdd44c, NVIDIA A100-SXM4-40GB, 37481, 40960, 53, 104.24, 35
nid001133,2026/05/03 14:11:56.302, 1, GPU-73838956-9ad1-3484-0ba2-7d8b02c7a72a, NVIDIA A100-SXM4-40GB, 37471, 40960, 49, 103.32, 34
nid001133,2026/05/03 14:11:56.304, 2, GPU-aee03275-201a-58e4-7b5a-f08a6e4c1e50, NVIDIA A100-SXM4-40GB, 37471, 40960, 8, 102.67, 37
nid001133,2026/05/03 14:11:56.306, 3, GPU-e0003d1b-186b-2e66-9474-0b7af5c50af4, NVIDIA A100-SXM4-40GB, 37471, 40960, 37, 99.75, 35
nid001132,2026/05/03 14:11:59.290, 0, GPU-1ee6ac61-44ab-b161-9de0-16bbb44716e7, NVIDIA A100-SXM4-40GB, 36817, 40960, 38, 105.76, 38
nid001132,2026/05/03 14:11:59.292, 1, GPU-afa7121e-c5d0-2eb5-4e9a-8b001ff7a220, NVIDIA A100-SXM4-40GB, 36749, 40960, 15, 101.03, 34
nid001132,2026/05/03 14:11:59.294, 2, GPU-4dea0284-873a-fa20-cc19-10ca82324573, NVIDIA A100-SXM4-40GB, 36749, 40960, 27, 103.71, 36
nid001132,2026/05/03 14:11:59.295, 3, GPU-cba17786-ea73-0caf-0d43-c838fbb66bcd, NVIDIA A100-SXM4-40GB, 36749, 40960, 0, 105.00, 33
nid001133,2026/05/03 14:12:00.151, 0, GPU-43cac420-244c-9975-fbd1-604f88cdd44c, NVIDIA A100-SXM4-40GB, 37481, 40960, 8, 104.59, 35
nid001133,2026/05/03 14:12:00.153, 1, GPU-73838956-9ad1-3484-0ba2-7d8b02c7a72a, NVIDIA A100-SXM4-40GB, 37471, 40960, 73, 103.08, 34
nid001133,2026/05/03 14:12:00.155, 2, GPU-aee03275-201a-58e4-7b5a-f08a6e4c1e50, NVIDIA A100-SXM4-40GB, 37471, 40960, 41, 102.43, 37
nid001133,2026/05/03 14:12:00.156, 3, GPU-e0003d1b-186b-2e66-9474-0b7af5c50af4, NVIDIA A100-SXM4-40GB, 37471, 40960, 14, 99.40, 35
nid001132,2026/05/03 14:12:03.015, 0, GPU-1ee6ac61-44ab-b161-9de0-16bbb44716e7, NVIDIA A100-SXM4-40GB, 36817, 40960, 76, 105.76, 38
nid001132,2026/05/03 14:12:03.018, 1, GPU-afa7121e-c5d0-2eb5-4e9a-8b001ff7a220, NVIDIA A100-SXM4-40GB, 36749, 40960, 60, 101.15, 35
nid001132,2026/05/03 14:12:03.019, 2, GPU-4dea0284-873a-fa20-cc19-10ca82324573, NVIDIA A100-SXM4-40GB, 36749, 40960, 45, 103.84, 36
nid001132,2026/05/03 14:12:03.021, 3, GPU-cba17786-ea73-0caf-0d43-c838fbb66bcd, NVIDIA A100-SXM4-40GB, 36749, 40960, 65, 105.12, 33
nid001133,2026/05/03 14:12:03.842, 0, GPU-43cac420-244c-9975-fbd1-604f88cdd44c, NVIDIA A100-SXM4-40GB, 37481, 40960, 0, 123.34, 36
nid001133,2026/05/03 14:12:03.844, 1, GPU-73838956-9ad1-3484-0ba2-7d8b02c7a72a, NVIDIA A100-SXM4-40GB, 37471, 40960, 0, 114.18, 34
nid001133,2026/05/03 14:12:03.846, 2, GPU-aee03275-201a-58e4-7b5a-f08a6e4c1e50, NVIDIA A100-SXM4-40GB, 37471, 40960, 30, 124.92, 37
nid001133,2026/05/03 14:12:03.847, 3, GPU-e0003d1b-186b-2e66-9474-0b7af5c50af4, NVIDIA A100-SXM4-40GB, 37471, 40960, 29, 128.10, 35
nid001132,2026/05/03 14:12:06.790, 0, GPU-1ee6ac61-44ab-b161-9de0-16bbb44716e7, NVIDIA A100-SXM4-40GB, 36817, 40960, 32, 105.76, 38
nid001132,2026/05/03 14:12:06.792, 1, GPU-afa7121e-c5d0-2eb5-4e9a-8b001ff7a220, NVIDIA A100-SXM4-40GB, 36749, 40960, 16, 108.44, 35
nid001132,2026/05/03 14:12:06.795, 2, GPU-4dea0284-873a-fa20-cc19-10ca82324573, NVIDIA A100-SXM4-40GB, 36749, 40960, 3, 103.84, 36
nid001132,2026/05/03 14:12:06.797, 3, GPU-cba17786-ea73-0caf-0d43-c838fbb66bcd, NVIDIA A100-SXM4-40GB, 36749, 40960, 14, 107.17, 33
nid001133,2026/05/03 14:12:07.620, 0, GPU-43cac420-244c-9975-fbd1-604f88cdd44c, NVIDIA A100-SXM4-40GB, 37481, 40960, 29, 103.96, 35
nid001133,2026/05/03 14:12:07.622, 1, GPU-73838956-9ad1-3484-0ba2-7d8b02c7a72a, NVIDIA A100-SXM4-40GB, 37471, 40960, 25, 103.08, 34
nid001133,2026/05/03 14:12:07.624, 2, GPU-aee03275-201a-58e4-7b5a-f08a6e4c1e50, NVIDIA A100-SXM4-40GB, 37471, 40960, 0, 102.43, 36
nid001133,2026/05/03 14:12:07.625, 3, GPU-e0003d1b-186b-2e66-9474-0b7af5c50af4, NVIDIA A100-SXM4-40GB, 37471, 40960, 0, 99.51, 35
nid001132,2026/05/03 14:12:10.483, 0, GPU-1ee6ac61-44ab-b161-9de0-16bbb44716e7, NVIDIA A100-SXM4-40GB, 36817, 40960, 100, 127.73, 38
nid001132,2026/05/03 14:12:10.485, 1, GPU-afa7121e-c5d0-2eb5-4e9a-8b001ff7a220, NVIDIA A100-SXM4-40GB, 36749, 40960, 38, 118.65, 35
nid001132,2026/05/03 14:12:10.487, 2, GPU-4dea0284-873a-fa20-cc19-10ca82324573, NVIDIA A100-SXM4-40GB, 36749, 40960, 100, 104.36, 36
nid001132,2026/05/03 14:12:10.491, 3, GPU-cba17786-ea73-0caf-0d43-c838fbb66bcd, NVIDIA A100-SXM4-40GB, 36749, 40960, 58, 120.21, 33
nid001133,2026/05/03 14:12:11.311, 0, GPU-43cac420-244c-9975-fbd1-604f88cdd44c, NVIDIA A100-SXM4-40GB, 37481, 40960, 0, 103.96, 35
nid001133,2026/05/03 14:12:11.314, 1, GPU-73838956-9ad1-3484-0ba2-7d8b02c7a72a, NVIDIA A100-SXM4-40GB, 37471, 40960, 2, 102.32, 34
nid001133,2026/05/03 14:12:11.315, 2, GPU-aee03275-201a-58e4-7b5a-f08a6e4c1e50, NVIDIA A100-SXM4-40GB, 37471, 40960, 6, 102.43, 37
nid001133,2026/05/03 14:12:11.320, 3, GPU-e0003d1b-186b-2e66-9474-0b7af5c50af4, NVIDIA A100-SXM4-40GB, 37471, 40960, 0, 99.51, 35
nid001132,2026/05/03 14:12:14.237, 0, GPU-1ee6ac61-44ab-b161-9de0-16bbb44716e7, NVIDIA A100-SXM4-40GB, 36817, 40960, 92, 105.76, 38
nid001132,2026/05/03 14:12:14.240, 1, GPU-afa7121e-c5d0-2eb5-4e9a-8b001ff7a220, NVIDIA A100-SXM4-40GB, 36749, 40960, 100, 101.15, 34
nid001132,2026/05/03 14:12:14.241, 2, GPU-4dea0284-873a-fa20-cc19-10ca82324573, NVIDIA A100-SXM4-40GB, 36749, 40960, 4, 103.84, 36
nid001132,2026/05/03 14:12:14.243, 3, GPU-cba17786-ea73-0caf-0d43-c838fbb66bcd, NVIDIA A100-SXM4-40GB, 36749, 40960, 100, 105.12, 33
nid001133,2026/05/03 14:12:15.096, 0, GPU-43cac420-244c-9975-fbd1-604f88cdd44c, NVIDIA A100-SXM4-40GB, 37481, 40960, 92, 125.53, 35
nid001133,2026/05/03 14:12:15.099, 1, GPU-73838956-9ad1-3484-0ba2-7d8b02c7a72a, NVIDIA A100-SXM4-40GB, 37471, 40960, 56, 113.94, 34
nid001133,2026/05/03 14:12:15.100, 2, GPU-aee03275-201a-58e4-7b5a-f08a6e4c1e50, NVIDIA A100-SXM4-40GB, 37471, 40960, 13, 120.07, 37
nid001133,2026/05/03 14:12:15.102, 3, GPU-e0003d1b-186b-2e66-9474-0b7af5c50af4, NVIDIA A100-SXM4-40GB, 37471, 40960, 11, 102.43, 35
nid001132,2026/05/03 14:12:17.982, 0, GPU-1ee6ac61-44ab-b161-9de0-16bbb44716e7, NVIDIA A100-SXM4-40GB, 36817, 40960, 37, 114.31, 38
nid001132,2026/05/03 14:12:17.985, 1, GPU-afa7121e-c5d0-2eb5-4e9a-8b001ff7a220, NVIDIA A100-SXM4-40GB, 36749, 40960, 1, 113.70, 35
nid001132,2026/05/03 14:12:17.987, 2, GPU-4dea0284-873a-fa20-cc19-10ca82324573, NVIDIA A100-SXM4-40GB, 36749, 40960, 55, 118.65, 36
nid001132,2026/05/03 14:12:17.988, 3, GPU-cba17786-ea73-0caf-0d43-c838fbb66bcd, NVIDIA A100-SXM4-40GB, 36749, 40960, 20, 115.60, 33
nid001133,2026/05/03 14:12:18.832, 0, GPU-43cac420-244c-9975-fbd1-604f88cdd44c, NVIDIA A100-SXM4-40GB, 37481, 40960, 37, 122.64, 35
nid001133,2026/05/03 14:12:18.839, 1, GPU-73838956-9ad1-3484-0ba2-7d8b02c7a72a, NVIDIA A100-SXM4-40GB, 37471, 40960, 0, 121.21, 34
nid001133,2026/05/03 14:12:18.844, 2, GPU-aee03275-201a-58e4-7b5a-f08a6e4c1e50, NVIDIA A100-SXM4-40GB, 37471, 40960, 86, 133.33, 37
nid001133,2026/05/03 14:12:18.845, 3, GPU-e0003d1b-186b-2e66-9474-0b7af5c50af4, NVIDIA A100-SXM4-40GB, 37471, 40960, 33, 105.37, 35
nid001132,2026/05/03 14:12:21.713, 0, GPU-1ee6ac61-44ab-b161-9de0-16bbb44716e7, NVIDIA A100-SXM4-40GB, 36817, 40960, 74, 109.09, 38
nid001132,2026/05/03 14:12:21.716, 1, GPU-afa7121e-c5d0-2eb5-4e9a-8b001ff7a220, NVIDIA A100-SXM4-40GB, 36749, 40960, 0, 111.89, 35
nid001132,2026/05/03 14:12:21.717, 2, GPU-4dea0284-873a-fa20-cc19-10ca82324573, NVIDIA A100-SXM4-40GB, 36749, 40960, 0, 103.84, 36
nid001132,2026/05/03 14:12:21.719, 3, GPU-cba17786-ea73-0caf-0d43-c838fbb66bcd, NVIDIA A100-SXM4-40GB, 36749, 40960, 15, 105.37, 33
nid001133,2026/05/03 14:12:22.552, 0, GPU-43cac420-244c-9975-fbd1-604f88cdd44c, NVIDIA A100-SXM4-40GB, 37481, 40960, 0, 103.96, 35
nid001133,2026/05/03 14:12:22.555, 1, GPU-73838956-9ad1-3484-0ba2-7d8b02c7a72a, NVIDIA A100-SXM4-40GB, 37471, 40960, 0, 103.08, 34
nid001133,2026/05/03 14:12:22.556, 2, GPU-aee03275-201a-58e4-7b5a-f08a6e4c1e50, NVIDIA A100-SXM4-40GB, 37471, 40960, 0, 102.43, 36
nid001133,2026/05/03 14:12:22.558, 3, GPU-e0003d1b-186b-2e66-9474-0b7af5c50af4, NVIDIA A100-SXM4-40GB, 37471, 40960, 9, 99.51, 35
nid001132,2026/05/03 14:12:25.429, 0, GPU-1ee6ac61-44ab-b161-9de0-16bbb44716e7, NVIDIA A100-SXM4-40GB, 36817, 40960, 60, 116.51, 38
nid001132,2026/05/03 14:12:25.431, 1, GPU-afa7121e-c5d0-2eb5-4e9a-8b001ff7a220, NVIDIA A100-SXM4-40GB, 36749, 40960, 75, 105.53, 35
nid001132,2026/05/03 14:12:25.434, 2, GPU-4dea0284-873a-fa20-cc19-10ca82324573, NVIDIA A100-SXM4-40GB, 36749, 40960, 100, 124.25, 36
nid001132,2026/05/03 14:12:25.439, 3, GPU-cba17786-ea73-0caf-0d43-c838fbb66bcd, NVIDIA A100-SXM4-40GB, 36749, 40960, 28, 122.78, 33
nid001133,2026/05/03 14:12:26.286, 0, GPU-43cac420-244c-9975-fbd1-604f88cdd44c, NVIDIA A100-SXM4-40GB, 37481, 40960, 46, 103.96, 35
nid001133,2026/05/03 14:12:26.288, 1, GPU-73838956-9ad1-3484-0ba2-7d8b02c7a72a, NVIDIA A100-SXM4-40GB, 37471, 40960, 46, 103.08, 34
nid001133,2026/05/03 14:12:26.290, 2, GPU-aee03275-201a-58e4-7b5a-f08a6e4c1e50, NVIDIA A100-SXM4-40GB, 37471, 40960, 92, 102.43, 37
nid001133,2026/05/03 14:12:26.291, 3, GPU-e0003d1b-186b-2e66-9474-0b7af5c50af4, NVIDIA A100-SXM4-40GB, 37471, 40960, 16, 99.51, 35
nid001132,2026/05/03 14:12:29.175, 0, GPU-1ee6ac61-44ab-b161-9de0-16bbb44716e7, NVIDIA A100-SXM4-40GB, 36817, 40960, 18, 126.44, 38
nid001132,2026/05/03 14:12:29.178, 1, GPU-afa7121e-c5d0-2eb5-4e9a-8b001ff7a220, NVIDIA A100-SXM4-40GB, 36749, 40960, 5, 101.15, 34
nid001132,2026/05/03 14:12:29.179, 2, GPU-4dea0284-873a-fa20-cc19-10ca82324573, NVIDIA A100-SXM4-40GB, 36749, 40960, 2, 113.29, 36
nid001132,2026/05/03 14:12:29.181, 3, GPU-cba17786-ea73-0caf-0d43-c838fbb66bcd, NVIDIA A100-SXM4-40GB, 36749, 40960, 0, 116.12, 33
nid001133,2026/05/03 14:12:30.033, 0, GPU-43cac420-244c-9975-fbd1-604f88cdd44c, NVIDIA A100-SXM4-40GB, 37481, 40960, 52, 103.96, 35
nid001133,2026/05/03 14:12:30.036, 1, GPU-73838956-9ad1-3484-0ba2-7d8b02c7a72a, NVIDIA A100-SXM4-40GB, 37471, 40960, 4, 103.08, 34
nid001133,2026/05/03 14:12:30.038, 2, GPU-aee03275-201a-58e4-7b5a-f08a6e4c1e50, NVIDIA A100-SXM4-40GB, 37471, 40960, 3, 102.43, 36
nid001133,2026/05/03 14:12:30.039, 3, GPU-e0003d1b-186b-2e66-9474-0b7af5c50af4, NVIDIA A100-SXM4-40GB, 37471, 40960, 0, 99.40, 35
nid001132,2026/05/03 14:12:32.941, 0, GPU-1ee6ac61-44ab-b161-9de0-16bbb44716e7, NVIDIA A100-SXM4-40GB, 36817, 40960, 53, 116.64, 38
nid001132,2026/05/03 14:12:32.944, 1, GPU-afa7121e-c5d0-2eb5-4e9a-8b001ff7a220, NVIDIA A100-SXM4-40GB, 36749, 40960, 50, 106.00, 35
nid001132,2026/05/03 14:12:32.945, 2, GPU-4dea0284-873a-fa20-cc19-10ca82324573, NVIDIA A100-SXM4-40GB, 36749, 40960, 94, 112.89, 36
nid001132,2026/05/03 14:12:32.947, 3, GPU-cba17786-ea73-0caf-0d43-c838fbb66bcd, NVIDIA A100-SXM4-40GB, 36749, 40960, 87, 109.07, 33
nid001133,2026/05/03 14:12:33.787, 0, GPU-43cac420-244c-9975-fbd1-604f88cdd44c, NVIDIA A100-SXM4-40GB, 37481, 40960, 5, 122.64, 36
nid001133,2026/05/03 14:12:33.789, 1, GPU-73838956-9ad1-3484-0ba2-7d8b02c7a72a, NVIDIA A100-SXM4-40GB, 37471, 40960, 96, 120.98, 34
nid001133,2026/05/03 14:12:33.791, 2, GPU-aee03275-201a-58e4-7b5a-f08a6e4c1e50, NVIDIA A100-SXM4-40GB, 37471, 40960, 58, 110.98, 37
nid001133,2026/05/03 14:12:33.792, 3, GPU-e0003d1b-186b-2e66-9474-0b7af5c50af4, NVIDIA A100-SXM4-40GB, 37471, 40960, 14, 110.74, 35
nid001132,2026/05/03 14:12:36.670, 0, GPU-1ee6ac61-44ab-b161-9de0-16bbb44716e7, NVIDIA A100-SXM4-40GB, 36817, 40960, 41, 114.70, 38
nid001132,2026/05/03 14:12:36.678, 1, GPU-afa7121e-c5d0-2eb5-4e9a-8b001ff7a220, NVIDIA A100-SXM4-40GB, 36749, 40960, 27, 105.00, 35
nid001132,2026/05/03 14:12:36.684, 2, GPU-4dea0284-873a-fa20-cc19-10ca82324573, NVIDIA A100-SXM4-40GB, 36749, 40960, 6, 109.72, 36
nid001132,2026/05/03 14:12:36.690, 3, GPU-cba17786-ea73-0caf-0d43-c838fbb66bcd, NVIDIA A100-SXM4-40GB, 36749, 40960, 39, 110.74, 33
nid001133,2026/05/03 14:12:37.551, 0, GPU-43cac420-244c-9975-fbd1-604f88cdd44c, NVIDIA A100-SXM4-40GB, 37481, 40960, 26, 103.96, 35
nid001133,2026/05/03 14:12:37.554, 1, GPU-73838956-9ad1-3484-0ba2-7d8b02c7a72a, NVIDIA A100-SXM4-40GB, 37471, 40960, 0, 103.08, 34
nid001133,2026/05/03 14:12:37.555, 2, GPU-aee03275-201a-58e4-7b5a-f08a6e4c1e50, NVIDIA A100-SXM4-40GB, 37471, 40960, 0, 102.43, 36
nid001133,2026/05/03 14:12:37.557, 3, GPU-e0003d1b-186b-2e66-9474-0b7af5c50af4, NVIDIA A100-SXM4-40GB, 37471, 40960, 60, 99.40, 35
nid001132,2026/05/03 14:12:40.426, 0, GPU-1ee6ac61-44ab-b161-9de0-16bbb44716e7, NVIDIA A100-SXM4-40GB, 36817, 40960, 0, 113.18, 38
nid001132,2026/05/03 14:12:40.429, 1, GPU-afa7121e-c5d0-2eb5-4e9a-8b001ff7a220, NVIDIA A100-SXM4-40GB, 36749, 40960, 12, 104.48, 35
nid001132,2026/05/03 14:12:40.430, 2, GPU-4dea0284-873a-fa20-cc19-10ca82324573, NVIDIA A100-SXM4-40GB, 36749, 40960, 0, 124.10, 36
nid001132,2026/05/03 14:12:40.432, 3, GPU-cba17786-ea73-0caf-0d43-c838fbb66bcd, NVIDIA A100-SXM4-40GB, 36749, 40960, 27, 115.36, 33
nid001133,2026/05/03 14:12:41.350, 0, GPU-43cac420-244c-9975-fbd1-604f88cdd44c, NVIDIA A100-SXM4-40GB, 37481, 40960, 0, 103.96, 35
nid001133,2026/05/03 14:12:41.352, 1, GPU-73838956-9ad1-3484-0ba2-7d8b02c7a72a, NVIDIA A100-SXM4-40GB, 37471, 40960, 63, 106.42, 34
nid001133,2026/05/03 14:12:41.354, 2, GPU-aee03275-201a-58e4-7b5a-f08a6e4c1e50, NVIDIA A100-SXM4-40GB, 37471, 40960, 1, 111.14, 37
nid001133,2026/05/03 14:12:41.356, 3, GPU-e0003d1b-186b-2e66-9474-0b7af5c50af4, NVIDIA A100-SXM4-40GB, 37471, 40960, 0, 102.20, 35
nid001132,2026/05/03 14:12:44.288, 0, GPU-1ee6ac61-44ab-b161-9de0-16bbb44716e7, NVIDIA A100-SXM4-40GB, 36817, 40960, 14, 105.76, 38
nid001132,2026/05/03 14:12:44.290, 1, GPU-afa7121e-c5d0-2eb5-4e9a-8b001ff7a220, NVIDIA A100-SXM4-40GB, 36749, 40960, 0, 101.15, 34
nid001132,2026/05/03 14:12:44.292, 2, GPU-4dea0284-873a-fa20-cc19-10ca82324573, NVIDIA A100-SXM4-40GB, 36749, 40960, 6, 108.20, 36
nid001132,2026/05/03 14:12:44.294, 3, GPU-cba17786-ea73-0caf-0d43-c838fbb66bcd, NVIDIA A100-SXM4-40GB, 36749, 40960, 0, 106.12, 33
nid001133,2026/05/03 14:12:45.140, 0, GPU-43cac420-244c-9975-fbd1-604f88cdd44c, NVIDIA A100-SXM4-40GB, 37481, 40960, 4, 103.96, 35
nid001133,2026/05/03 14:12:45.142, 1, GPU-73838956-9ad1-3484-0ba2-7d8b02c7a72a, NVIDIA A100-SXM4-40GB, 37471, 40960, 0, 103.08, 34
nid001133,2026/05/03 14:12:45.144, 2, GPU-aee03275-201a-58e4-7b5a-f08a6e4c1e50, NVIDIA A100-SXM4-40GB, 37471, 40960, 0, 102.43, 36
nid001133,2026/05/03 14:12:45.146, 3, GPU-e0003d1b-186b-2e66-9474-0b7af5c50af4, NVIDIA A100-SXM4-40GB, 37471, 40960, 42, 99.51, 35
nid001132,2026/05/03 14:12:48.072, 0, GPU-1ee6ac61-44ab-b161-9de0-16bbb44716e7, NVIDIA A100-SXM4-40GB, 36817, 40960, 8, 105.65, 38
nid001132,2026/05/03 14:12:48.074, 1, GPU-afa7121e-c5d0-2eb5-4e9a-8b001ff7a220, NVIDIA A100-SXM4-40GB, 36749, 40960, 97, 101.92, 35
nid001132,2026/05/03 14:12:48.076, 2, GPU-4dea0284-873a-fa20-cc19-10ca82324573, NVIDIA A100-SXM4-40GB, 36749, 40960, 10, 103.72, 36
nid001132,2026/05/03 14:12:48.078, 3, GPU-cba17786-ea73-0caf-0d43-c838fbb66bcd, NVIDIA A100-SXM4-40GB, 36749, 40960, 45, 105.25, 33
nid001133,2026/05/03 14:12:48.923, 0, GPU-43cac420-244c-9975-fbd1-604f88cdd44c, NVIDIA A100-SXM4-40GB, 37481, 40960, 27, 103.96, 35
nid001133,2026/05/03 14:12:48.926, 1, GPU-73838956-9ad1-3484-0ba2-7d8b02c7a72a, NVIDIA A100-SXM4-40GB, 37471, 40960, 39, 103.08, 34
nid001133,2026/05/03 14:12:48.927, 2, GPU-aee03275-201a-58e4-7b5a-f08a6e4c1e50, NVIDIA A100-SXM4-40GB, 37471, 40960, 68, 102.43, 36
nid001133,2026/05/03 14:12:48.929, 3, GPU-e0003d1b-186b-2e66-9474-0b7af5c50af4, NVIDIA A100-SXM4-40GB, 37471, 40960, 88, 99.51, 35
nid001132,2026/05/03 14:12:51.800, 0, GPU-1ee6ac61-44ab-b161-9de0-16bbb44716e7, NVIDIA A100-SXM4-40GB, 36817, 40960, 0, 109.33, 38
nid001132,2026/05/03 14:12:51.803, 1, GPU-afa7121e-c5d0-2eb5-4e9a-8b001ff7a220, NVIDIA A100-SXM4-40GB, 36749, 40960, 48, 111.01, 35
nid001132,2026/05/03 14:12:51.804, 2, GPU-4dea0284-873a-fa20-cc19-10ca82324573, NVIDIA A100-SXM4-40GB, 36749, 40960, 38, 119.93, 36
nid001132,2026/05/03 14:12:51.806, 3, GPU-cba17786-ea73-0caf-0d43-c838fbb66bcd, NVIDIA A100-SXM4-40GB, 36749, 40960, 10, 109.22, 33
nid001133,2026/05/03 14:12:52.704, 0, GPU-43cac420-244c-9975-fbd1-604f88cdd44c, NVIDIA A100-SXM4-40GB, 37481, 40960, 0, 103.96, 35
nid001133,2026/05/03 14:12:52.707, 1, GPU-73838956-9ad1-3484-0ba2-7d8b02c7a72a, NVIDIA A100-SXM4-40GB, 37471, 40960, 0, 103.08, 34
nid001133,2026/05/03 14:12:52.709, 2, GPU-aee03275-201a-58e4-7b5a-f08a6e4c1e50, NVIDIA A100-SXM4-40GB, 37471, 40960, 0, 102.43, 36
nid001133,2026/05/03 14:12:52.710, 3, GPU-e0003d1b-186b-2e66-9474-0b7af5c50af4, NVIDIA A100-SXM4-40GB, 37471, 40960, 0, 99.51, 35
nid001132,2026/05/03 14:12:55.575, 0, GPU-1ee6ac61-44ab-b161-9de0-16bbb44716e7, NVIDIA A100-SXM4-40GB, 36817, 40960, 68, 105.76, 38
nid001132,2026/05/03 14:12:55.577, 1, GPU-afa7121e-c5d0-2eb5-4e9a-8b001ff7a220, NVIDIA A100-SXM4-40GB, 36749, 40960, 36, 101.15, 35
nid001132,2026/05/03 14:12:55.579, 2, GPU-4dea0284-873a-fa20-cc19-10ca82324573, NVIDIA A100-SXM4-40GB, 36749, 40960, 31, 103.60, 36
nid001132,2026/05/03 14:12:55.580, 3, GPU-cba17786-ea73-0caf-0d43-c838fbb66bcd, NVIDIA A100-SXM4-40GB, 36749, 40960, 73, 105.12, 33
nid001133,2026/05/03 14:12:56.405, 0, GPU-43cac420-244c-9975-fbd1-604f88cdd44c, NVIDIA A100-SXM4-40GB, 37481, 40960, 9, 105.87, 35
nid001133,2026/05/03 14:12:56.409, 1, GPU-73838956-9ad1-3484-0ba2-7d8b02c7a72a, NVIDIA A100-SXM4-40GB, 37471, 40960, 81, 103.84, 34
nid001133,2026/05/03 14:12:56.410, 2, GPU-aee03275-201a-58e4-7b5a-f08a6e4c1e50, NVIDIA A100-SXM4-40GB, 37471, 40960, 0, 116.51, 37
nid001133,2026/05/03 14:12:56.412, 3, GPU-e0003d1b-186b-2e66-9474-0b7af5c50af4, NVIDIA A100-SXM4-40GB, 37471, 40960, 88, 100.15, 35
nid001132,2026/05/03 14:12:59.285, 0, GPU-1ee6ac61-44ab-b161-9de0-16bbb44716e7, NVIDIA A100-SXM4-40GB, 36817, 40960, 23, 105.89, 38
nid001132,2026/05/03 14:12:59.287, 1, GPU-afa7121e-c5d0-2eb5-4e9a-8b001ff7a220, NVIDIA A100-SXM4-40GB, 36749, 40960, 11, 102.20, 34
nid001132,2026/05/03 14:12:59.289, 2, GPU-4dea0284-873a-fa20-cc19-10ca82324573, NVIDIA A100-SXM4-40GB, 36749, 40960, 27, 103.72, 36
nid001132,2026/05/03 14:12:59.290, 3, GPU-cba17786-ea73-0caf-0d43-c838fbb66bcd, NVIDIA A100-SXM4-40GB, 36749, 40960, 26, 105.25, 33
nid001133,2026/05/03 14:13:00.155, 0, GPU-43cac420-244c-9975-fbd1-604f88cdd44c, NVIDIA A100-SXM4-40GB, 37481, 40960, 6, 103.96, 35
nid001133,2026/05/03 14:13:00.158, 1, GPU-73838956-9ad1-3484-0ba2-7d8b02c7a72a, NVIDIA A100-SXM4-40GB, 37471, 40960, 0, 103.08, 34
nid001133,2026/05/03 14:13:00.160, 2, GPU-aee03275-201a-58e4-7b5a-f08a6e4c1e50, NVIDIA A100-SXM4-40GB, 37471, 40960, 4, 102.43, 36
nid001133,2026/05/03 14:13:00.162, 3, GPU-e0003d1b-186b-2e66-9474-0b7af5c50af4, NVIDIA A100-SXM4-40GB, 37471, 40960, 21, 99.51, 35
nid001132,2026/05/03 14:13:03.037, 0, GPU-1ee6ac61-44ab-b161-9de0-16bbb44716e7, NVIDIA A100-SXM4-40GB, 36817, 40960, 0, 115.99, 38
nid001132,2026/05/03 14:13:03.044, 1, GPU-afa7121e-c5d0-2eb5-4e9a-8b001ff7a220, NVIDIA A100-SXM4-40GB, 36749, 40960, 46, 118.55, 35
nid001132,2026/05/03 14:13:03.050, 2, GPU-4dea0284-873a-fa20-cc19-10ca82324573, NVIDIA A100-SXM4-40GB, 36749, 40960, 55, 105.12, 36
nid001132,2026/05/03 14:13:03.054, 3, GPU-cba17786-ea73-0caf-0d43-c838fbb66bcd, NVIDIA A100-SXM4-40GB, 36749, 40960, 0, 112.26, 33
nid001133,2026/05/03 14:13:03.899, 0, GPU-43cac420-244c-9975-fbd1-604f88cdd44c, NVIDIA A100-SXM4-40GB, 37481, 40960, 0, 103.96, 35
nid001133,2026/05/03 14:13:03.901, 1, GPU-73838956-9ad1-3484-0ba2-7d8b02c7a72a, NVIDIA A100-SXM4-40GB, 37471, 40960, 0, 110.74, 34
nid001133,2026/05/03 14:13:03.903, 2, GPU-aee03275-201a-58e4-7b5a-f08a6e4c1e50, NVIDIA A100-SXM4-40GB, 37471, 40960, 0, 102.43, 37
nid001133,2026/05/03 14:13:03.905, 3, GPU-e0003d1b-186b-2e66-9474-0b7af5c50af4, NVIDIA A100-SXM4-40GB, 37471, 40960, 21, 106.65, 35
nid001132,2026/05/03 14:13:06.841, 0, GPU-1ee6ac61-44ab-b161-9de0-16bbb44716e7, NVIDIA A100-SXM4-40GB, 36817, 40960, 0, 122.35, 38
nid001132,2026/05/03 14:13:06.844, 1, GPU-afa7121e-c5d0-2eb5-4e9a-8b001ff7a220, NVIDIA A100-SXM4-40GB, 36749, 40960, 0, 111.66, 35
nid001132,2026/05/03 14:13:06.845, 2, GPU-4dea0284-873a-fa20-cc19-10ca82324573, NVIDIA A100-SXM4-40GB, 36749, 40960, 0, 118.88, 36
nid001132,2026/05/03 14:13:06.847, 3, GPU-cba17786-ea73-0caf-0d43-c838fbb66bcd, NVIDIA A100-SXM4-40GB, 36749, 40960, 0, 122.26, 33
nid001133,2026/05/03 14:13:07.700, 0, GPU-43cac420-244c-9975-fbd1-604f88cdd44c, NVIDIA A100-SXM4-40GB, 37481, 40960, 0, 103.84, 35
nid001133,2026/05/03 14:13:07.703, 1, GPU-73838956-9ad1-3484-0ba2-7d8b02c7a72a, NVIDIA A100-SXM4-40GB, 37471, 40960, 0, 102.96, 34
nid001133,2026/05/03 14:13:07.704, 2, GPU-aee03275-201a-58e4-7b5a-f08a6e4c1e50, NVIDIA A100-SXM4-40GB, 37471, 40960, 0, 102.43, 36
nid001133,2026/05/03 14:13:07.706, 3, GPU-e0003d1b-186b-2e66-9474-0b7af5c50af4, NVIDIA A100-SXM4-40GB, 37471, 40960, 0, 99.40, 35
nid001132,2026/05/03 14:13:10.620, 0, GPU-1ee6ac61-44ab-b161-9de0-16bbb44716e7, NVIDIA A100-SXM4-40GB, 36817, 40960, 41, 116.99, 38
nid001132,2026/05/03 14:13:10.623, 1, GPU-afa7121e-c5d0-2eb5-4e9a-8b001ff7a220, NVIDIA A100-SXM4-40GB, 36749, 40960, 49, 115.61, 35
nid001132,2026/05/03 14:13:10.625, 2, GPU-4dea0284-873a-fa20-cc19-10ca82324573, NVIDIA A100-SXM4-40GB, 36749, 40960, 33, 109.35, 36
nid001132,2026/05/03 14:13:10.626, 3, GPU-cba17786-ea73-0caf-0d43-c838fbb66bcd, NVIDIA A100-SXM4-40GB, 36749, 40960, 0, 112.03, 33
nid001133,2026/05/03 14:13:11.465, 0, GPU-43cac420-244c-9975-fbd1-604f88cdd44c, NVIDIA A100-SXM4-40GB, 37481, 40960, 0, 121.21, 35
nid001133,2026/05/03 14:13:11.468, 1, GPU-73838956-9ad1-3484-0ba2-7d8b02c7a72a, NVIDIA A100-SXM4-40GB, 37471, 40960, 0, 102.79, 34
nid001133,2026/05/03 14:13:11.470, 2, GPU-aee03275-201a-58e4-7b5a-f08a6e4c1e50, NVIDIA A100-SXM4-40GB, 37471, 40960, 2, 102.43, 36
nid001133,2026/05/03 14:13:11.471, 3, GPU-e0003d1b-186b-2e66-9474-0b7af5c50af4, NVIDIA A100-SXM4-40GB, 37471, 40960, 0, 115.22, 35
nid001132,2026/05/03 14:13:14.340, 0, GPU-1ee6ac61-44ab-b161-9de0-16bbb44716e7, NVIDIA A100-SXM4-40GB, 36817, 40960, 65, 122.03, 38
nid001132,2026/05/03 14:13:14.343, 1, GPU-afa7121e-c5d0-2eb5-4e9a-8b001ff7a220, NVIDIA A100-SXM4-40GB, 36749, 40960, 17, 106.42, 35
nid001132,2026/05/03 14:13:14.345, 2, GPU-4dea0284-873a-fa20-cc19-10ca82324573, NVIDIA A100-SXM4-40GB, 36749, 40960, 26, 113.18, 36
nid001132,2026/05/03 14:13:14.346, 3, GPU-cba17786-ea73-0caf-0d43-c838fbb66bcd, NVIDIA A100-SXM4-40GB, 36749, 40960, 43, 115.50, 33
nid001133,2026/05/03 14:13:15.195, 0, GPU-43cac420-244c-9975-fbd1-604f88cdd44c, NVIDIA A100-SXM4-40GB, 37481, 40960, 40, 128.10, 36
nid001133,2026/05/03 14:13:15.197, 1, GPU-73838956-9ad1-3484-0ba2-7d8b02c7a72a, NVIDIA A100-SXM4-40GB, 37471, 40960, 2, 121.88, 34
nid001133,2026/05/03 14:13:15.199, 2, GPU-aee03275-201a-58e4-7b5a-f08a6e4c1e50, NVIDIA A100-SXM4-40GB, 37471, 40960, 0, 118.27, 37
nid001133,2026/05/03 14:13:15.200, 3, GPU-e0003d1b-186b-2e66-9474-0b7af5c50af4, NVIDIA A100-SXM4-40GB, 37471, 40960, 35, 118.03, 35
nid001132,2026/05/03 14:13:18.192, 0, GPU-1ee6ac61-44ab-b161-9de0-16bbb44716e7, NVIDIA A100-SXM4-40GB, 36817, 40960, 0, 125.15, 38
nid001132,2026/05/03 14:13:18.195, 1, GPU-afa7121e-c5d0-2eb5-4e9a-8b001ff7a220, NVIDIA A100-SXM4-40GB, 36749, 40960, 0, 117.37, 35
nid001132,2026/05/03 14:13:18.197, 2, GPU-4dea0284-873a-fa20-cc19-10ca82324573, NVIDIA A100-SXM4-40GB, 36749, 40960, 100, 111.53, 36
nid001132,2026/05/03 14:13:18.198, 3, GPU-cba17786-ea73-0caf-0d43-c838fbb66bcd, NVIDIA A100-SXM4-40GB, 36749, 40960, 61, 120.21, 33
nid001133,2026/05/03 14:13:19.102, 0, GPU-43cac420-244c-9975-fbd1-604f88cdd44c, NVIDIA A100-SXM4-40GB, 37481, 40960, 0, 103.96, 35
nid001133,2026/05/03 14:13:19.105, 1, GPU-73838956-9ad1-3484-0ba2-7d8b02c7a72a, NVIDIA A100-SXM4-40GB, 37471, 40960, 0, 103.08, 34
nid001133,2026/05/03 14:13:19.106, 2, GPU-aee03275-201a-58e4-7b5a-f08a6e4c1e50, NVIDIA A100-SXM4-40GB, 37471, 40960, 0, 102.56, 36
nid001133,2026/05/03 14:13:19.108, 3, GPU-e0003d1b-186b-2e66-9474-0b7af5c50af4, NVIDIA A100-SXM4-40GB, 37471, 40960, 0, 99.51, 35
nid001132,2026/05/03 14:13:22.097, 0, GPU-1ee6ac61-44ab-b161-9de0-16bbb44716e7, NVIDIA A100-SXM4-40GB, 36817, 40960, 93, 119.17, 38
nid001132,2026/05/03 14:13:22.100, 1, GPU-afa7121e-c5d0-2eb5-4e9a-8b001ff7a220, NVIDIA A100-SXM4-40GB, 36749, 40960, 63, 109.09, 35
nid001132,2026/05/03 14:13:22.104, 2, GPU-4dea0284-873a-fa20-cc19-10ca82324573, NVIDIA A100-SXM4-40GB, 36749, 40960, 52, 104.24, 36
nid001132,2026/05/03 14:13:22.106, 3, GPU-cba17786-ea73-0caf-0d43-c838fbb66bcd, NVIDIA A100-SXM4-40GB, 36749, 40960, 40, 109.87, 33
nid001133,2026/05/03 14:13:23.022, 0, GPU-43cac420-244c-9975-fbd1-604f88cdd44c, NVIDIA A100-SXM4-40GB, 37481, 40960, 44, 126.20, 36
nid001133,2026/05/03 14:13:23.024, 1, GPU-73838956-9ad1-3484-0ba2-7d8b02c7a72a, NVIDIA A100-SXM4-40GB, 37471, 40960, 22, 110.74, 34
nid001133,2026/05/03 14:13:23.026, 2, GPU-aee03275-201a-58e4-7b5a-f08a6e4c1e50, NVIDIA A100-SXM4-40GB, 37471, 40960, 76, 133.86, 37
nid001133,2026/05/03 14:13:23.029, 3, GPU-e0003d1b-186b-2e66-9474-0b7af5c50af4, NVIDIA A100-SXM4-40GB, 37471, 40960, 68, 108.69, 35
nid001132,2026/05/03 14:13:25.981, 0, GPU-1ee6ac61-44ab-b161-9de0-16bbb44716e7, NVIDIA A100-SXM4-40GB, 36817, 40960, 48, 105.89, 38
nid001132,2026/05/03 14:13:25.983, 1, GPU-afa7121e-c5d0-2eb5-4e9a-8b001ff7a220, NVIDIA A100-SXM4-40GB, 36749, 40960, 76, 112.79, 35
nid001132,2026/05/03 14:13:25.985, 2, GPU-4dea0284-873a-fa20-cc19-10ca82324573, NVIDIA A100-SXM4-40GB, 36749, 40960, 42, 103.96, 36
nid001132,2026/05/03 14:13:25.986, 3, GPU-cba17786-ea73-0caf-0d43-c838fbb66bcd, NVIDIA A100-SXM4-40GB, 36749, 40960, 79, 105.49, 33
nid001133,2026/05/03 14:13:26.844, 0, GPU-43cac420-244c-9975-fbd1-604f88cdd44c, NVIDIA A100-SXM4-40GB, 37481, 40960, 92, 119.02, 35
nid001133,2026/05/03 14:13:26.847, 1, GPU-73838956-9ad1-3484-0ba2-7d8b02c7a72a, NVIDIA A100-SXM4-40GB, 37471, 40960, 39, 103.21, 34
nid001133,2026/05/03 14:13:26.848, 2, GPU-aee03275-201a-58e4-7b5a-f08a6e4c1e50, NVIDIA A100-SXM4-40GB, 37471, 40960, 67, 102.56, 37
nid001133,2026/05/03 14:13:26.850, 3, GPU-e0003d1b-186b-2e66-9474-0b7af5c50af4, NVIDIA A100-SXM4-40GB, 37471, 40960, 21, 126.73, 35
nid001132,2026/05/03 14:13:29.727, 0, GPU-1ee6ac61-44ab-b161-9de0-16bbb44716e7, NVIDIA A100-SXM4-40GB, 36817, 40960, 0, 105.65, 38
nid001132,2026/05/03 14:13:29.730, 1, GPU-afa7121e-c5d0-2eb5-4e9a-8b001ff7a220, NVIDIA A100-SXM4-40GB, 36749, 40960, 0, 101.27, 34
nid001132,2026/05/03 14:13:29.731, 2, GPU-4dea0284-873a-fa20-cc19-10ca82324573, NVIDIA A100-SXM4-40GB, 36749, 40960, 0, 103.72, 36
nid001132,2026/05/03 14:13:29.733, 3, GPU-cba17786-ea73-0caf-0d43-c838fbb66bcd, NVIDIA A100-SXM4-40GB, 36749, 40960, 0, 105.25, 33
nid001133,2026/05/03 14:13:30.576, 0, GPU-43cac420-244c-9975-fbd1-604f88cdd44c, NVIDIA A100-SXM4-40GB, 37481, 40960, 0, 104.08, 35
nid001133,2026/05/03 14:13:30.579, 1, GPU-73838956-9ad1-3484-0ba2-7d8b02c7a72a, NVIDIA A100-SXM4-40GB, 37471, 40960, 0, 103.21, 34
nid001133,2026/05/03 14:13:30.581, 2, GPU-aee03275-201a-58e4-7b5a-f08a6e4c1e50, NVIDIA A100-SXM4-40GB, 37471, 40960, 34, 102.56, 36
nid001133,2026/05/03 14:13:30.582, 3, GPU-e0003d1b-186b-2e66-9474-0b7af5c50af4, NVIDIA A100-SXM4-40GB, 37471, 40960, 12, 99.22, 35
nid001132,2026/05/03 14:13:33.478, 0, GPU-1ee6ac61-44ab-b161-9de0-16bbb44716e7, NVIDIA A100-SXM4-40GB, 36817, 40960, 69, 116.36, 38
nid001132,2026/05/03 14:13:33.481, 1, GPU-afa7121e-c5d0-2eb5-4e9a-8b001ff7a220, NVIDIA A100-SXM4-40GB, 36749, 40960, 9, 112.66, 35
nid001132,2026/05/03 14:13:33.483, 2, GPU-4dea0284-873a-fa20-cc19-10ca82324573, NVIDIA A100-SXM4-40GB, 36749, 40960, 0, 116.60, 36
nid001132,2026/05/03 14:13:33.484, 3, GPU-cba17786-ea73-0caf-0d43-c838fbb66bcd, NVIDIA A100-SXM4-40GB, 36749, 40960, 31, 115.73, 33
nid001133,2026/05/03 14:13:34.322, 0, GPU-43cac420-244c-9975-fbd1-604f88cdd44c, NVIDIA A100-SXM4-40GB, 37481, 40960, 0, 103.84, 35
nid001133,2026/05/03 14:13:34.324, 1, GPU-73838956-9ad1-3484-0ba2-7d8b02c7a72a, NVIDIA A100-SXM4-40GB, 37471, 40960, 0, 102.91, 34
nid001133,2026/05/03 14:13:34.326, 2, GPU-aee03275-201a-58e4-7b5a-f08a6e4c1e50, NVIDIA A100-SXM4-40GB, 37471, 40960, 0, 102.32, 36
nid001133,2026/05/03 14:13:34.330, 3, GPU-e0003d1b-186b-2e66-9474-0b7af5c50af4, NVIDIA A100-SXM4-40GB, 37471, 40960, 0, 99.34, 35
nid001132,2026/05/03 14:13:37.330, 0, GPU-1ee6ac61-44ab-b161-9de0-16bbb44716e7, NVIDIA A100-SXM4-40GB, 36817, 40960, 71, 114.07, 38
nid001132,2026/05/03 14:13:37.333, 1, GPU-afa7121e-c5d0-2eb5-4e9a-8b001ff7a220, NVIDIA A100-SXM4-40GB, 36749, 40960, 7, 118.27, 35
nid001132,2026/05/03 14:13:37.335, 2, GPU-4dea0284-873a-fa20-cc19-10ca82324573, NVIDIA A100-SXM4-40GB, 36749, 40960, 31, 107.28, 36
nid001132,2026/05/03 14:13:37.336, 3, GPU-cba17786-ea73-0caf-0d43-c838fbb66bcd, NVIDIA A100-SXM4-40GB, 36749, 40960, 25, 121.73, 33
nid001133,2026/05/03 14:13:38.181, 0, GPU-43cac420-244c-9975-fbd1-604f88cdd44c, NVIDIA A100-SXM4-40GB, 37481, 40960, 8, 125.53, 36
nid001133,2026/05/03 14:13:38.184, 1, GPU-73838956-9ad1-3484-0ba2-7d8b02c7a72a, NVIDIA A100-SXM4-40GB, 37471, 40960, 0, 133.78, 34
nid001133,2026/05/03 14:13:38.186, 2, GPU-aee03275-201a-58e4-7b5a-f08a6e4c1e50, NVIDIA A100-SXM4-40GB, 37471, 40960, 6, 108.94, 37
nid001133,2026/05/03 14:13:38.187, 3, GPU-e0003d1b-186b-2e66-9474-0b7af5c50af4, NVIDIA A100-SXM4-40GB, 37471, 40960, 96, 125.07, 35
nid001132,2026/05/03 14:13:41.065, 0, GPU-1ee6ac61-44ab-b161-9de0-16bbb44716e7, NVIDIA A100-SXM4-40GB, 36817, 40960, 7, 107.70, 38
nid001132,2026/05/03 14:13:41.067, 1, GPU-afa7121e-c5d0-2eb5-4e9a-8b001ff7a220, NVIDIA A100-SXM4-40GB, 36749, 40960, 33, 102.04, 35
nid001132,2026/05/03 14:13:41.069, 2, GPU-4dea0284-873a-fa20-cc19-10ca82324573, NVIDIA A100-SXM4-40GB, 36749, 40960, 0, 110.61, 36
nid001132,2026/05/03 14:13:41.071, 3, GPU-cba17786-ea73-0caf-0d43-c838fbb66bcd, NVIDIA A100-SXM4-40GB, 36749, 40960, 40, 106.01, 33
nid001133,2026/05/03 14:13:41.899, 0, GPU-43cac420-244c-9975-fbd1-604f88cdd44c, NVIDIA A100-SXM4-40GB, 37481, 40960, 0, 117.79, 36
nid001133,2026/05/03 14:13:41.902, 1, GPU-73838956-9ad1-3484-0ba2-7d8b02c7a72a, NVIDIA A100-SXM4-40GB, 37471, 40960, 0, 103.08, 34
nid001133,2026/05/03 14:13:41.904, 2, GPU-aee03275-201a-58e4-7b5a-f08a6e4c1e50, NVIDIA A100-SXM4-40GB, 37471, 40960, 0, 122.88, 37
nid001133,2026/05/03 14:13:41.905, 3, GPU-e0003d1b-186b-2e66-9474-0b7af5c50af4, NVIDIA A100-SXM4-40GB, 37471, 40960, 0, 108.17, 35
nid001132,2026/05/03 14:13:44.774, 0, GPU-1ee6ac61-44ab-b161-9de0-16bbb44716e7, NVIDIA A100-SXM4-40GB, 36817, 40960, 0, 112.03, 38
nid001132,2026/05/03 14:13:44.777, 1, GPU-afa7121e-c5d0-2eb5-4e9a-8b001ff7a220, NVIDIA A100-SXM4-40GB, 36749, 40960, 0, 117.79, 35
nid001132,2026/05/03 14:13:44.778, 2, GPU-4dea0284-873a-fa20-cc19-10ca82324573, NVIDIA A100-SXM4-40GB, 36749, 40960, 2, 103.96, 36
nid001132,2026/05/03 14:13:44.780, 3, GPU-cba17786-ea73-0caf-0d43-c838fbb66bcd, NVIDIA A100-SXM4-40GB, 36749, 40960, 15, 124.31, 33
nid001133,2026/05/03 14:13:45.602, 0, GPU-43cac420-244c-9975-fbd1-604f88cdd44c, NVIDIA A100-SXM4-40GB, 37481, 40960, 11, 104.08, 35
nid001133,2026/05/03 14:13:45.604, 1, GPU-73838956-9ad1-3484-0ba2-7d8b02c7a72a, NVIDIA A100-SXM4-40GB, 37471, 40960, 6, 103.21, 34
nid001133,2026/05/03 14:13:45.606, 2, GPU-aee03275-201a-58e4-7b5a-f08a6e4c1e50, NVIDIA A100-SXM4-40GB, 37471, 40960, 7, 102.56, 36
nid001133,2026/05/03 14:13:45.607, 3, GPU-e0003d1b-186b-2e66-9474-0b7af5c50af4, NVIDIA A100-SXM4-40GB, 37471, 40960, 0, 99.22, 35
nid001132,2026/05/03 14:13:48.484, 0, GPU-1ee6ac61-44ab-b161-9de0-16bbb44716e7, NVIDIA A100-SXM4-40GB, 36817, 40960, 0, 105.65, 38
nid001132,2026/05/03 14:13:48.487, 1, GPU-afa7121e-c5d0-2eb5-4e9a-8b001ff7a220, NVIDIA A100-SXM4-40GB, 36749, 40960, 0, 103.08, 34
nid001132,2026/05/03 14:13:48.488, 2, GPU-4dea0284-873a-fa20-cc19-10ca82324573, NVIDIA A100-SXM4-40GB, 36749, 40960, 0, 106.76, 36
nid001132,2026/05/03 14:13:48.490, 3, GPU-cba17786-ea73-0caf-0d43-c838fbb66bcd, NVIDIA A100-SXM4-40GB, 36749, 40960, 29, 109.87, 33
nid001133,2026/05/03 14:13:49.326, 0, GPU-43cac420-244c-9975-fbd1-604f88cdd44c, NVIDIA A100-SXM4-40GB, 37481, 40960, 64, 103.96, 35
nid001133,2026/05/03 14:13:49.329, 1, GPU-73838956-9ad1-3484-0ba2-7d8b02c7a72a, NVIDIA A100-SXM4-40GB, 37471, 40960, 0, 102.79, 34
nid001133,2026/05/03 14:13:49.330, 2, GPU-aee03275-201a-58e4-7b5a-f08a6e4c1e50, NVIDIA A100-SXM4-40GB, 37471, 40960, 1, 102.56, 36
nid001133,2026/05/03 14:13:49.332, 3, GPU-e0003d1b-186b-2e66-9474-0b7af5c50af4, NVIDIA A100-SXM4-40GB, 37471, 40960, 8, 99.51, 35
nid001132,2026/05/03 14:13:52.190, 0, GPU-1ee6ac61-44ab-b161-9de0-16bbb44716e7, NVIDIA A100-SXM4-40GB, 36817, 40960, 0, 108.46, 38
nid001132,2026/05/03 14:13:52.193, 1, GPU-afa7121e-c5d0-2eb5-4e9a-8b001ff7a220, NVIDIA A100-SXM4-40GB, 36749, 40960, 4, 117.27, 35
nid001132,2026/05/03 14:13:52.195, 2, GPU-4dea0284-873a-fa20-cc19-10ca82324573, NVIDIA A100-SXM4-40GB, 36749, 40960, 56, 114.18, 36
nid001132,2026/05/03 14:13:52.196, 3, GPU-cba17786-ea73-0caf-0d43-c838fbb66bcd, NVIDIA A100-SXM4-40GB, 36749, 40960, 0, 128.40, 33
nid001133,2026/05/03 14:13:53.018, 0, GPU-43cac420-244c-9975-fbd1-604f88cdd44c, NVIDIA A100-SXM4-40GB, 37481, 40960, 0, 104.08, 35
nid001133,2026/05/03 14:13:53.021, 1, GPU-73838956-9ad1-3484-0ba2-7d8b02c7a72a, NVIDIA A100-SXM4-40GB, 37471, 40960, 0, 102.91, 34
nid001133,2026/05/03 14:13:53.024, 2, GPU-aee03275-201a-58e4-7b5a-f08a6e4c1e50, NVIDIA A100-SXM4-40GB, 37471, 40960, 0, 102.32, 36
nid001133,2026/05/03 14:13:53.032, 3, GPU-e0003d1b-186b-2e66-9474-0b7af5c50af4, NVIDIA A100-SXM4-40GB, 37471, 40960, 33, 99.22, 35
nid001132,2026/05/03 14:13:55.911, 0, GPU-1ee6ac61-44ab-b161-9de0-16bbb44716e7, NVIDIA A100-SXM4-40GB, 36817, 40960, 5, 125.30, 38
nid001132,2026/05/03 14:13:55.914, 1, GPU-afa7121e-c5d0-2eb5-4e9a-8b001ff7a220, NVIDIA A100-SXM4-40GB, 36749, 40960, 11, 118.27, 35
nid001132,2026/05/03 14:13:55.915, 2, GPU-4dea0284-873a-fa20-cc19-10ca82324573, NVIDIA A100-SXM4-40GB, 36749, 40960, 5, 106.53, 36
nid001132,2026/05/03 14:13:55.917, 3, GPU-cba17786-ea73-0caf-0d43-c838fbb66bcd, NVIDIA A100-SXM4-40GB, 36749, 40960, 1, 116.78, 33
nid001133,2026/05/03 14:13:56.809, 0, GPU-43cac420-244c-9975-fbd1-604f88cdd44c, NVIDIA A100-SXM4-40GB, 37481, 40960, 25, 104.08, 35
nid001133,2026/05/03 14:13:56.812, 1, GPU-73838956-9ad1-3484-0ba2-7d8b02c7a72a, NVIDIA A100-SXM4-40GB, 37471, 40960, 0, 103.21, 34
nid001133,2026/05/03 14:13:56.813, 2, GPU-aee03275-201a-58e4-7b5a-f08a6e4c1e50, NVIDIA A100-SXM4-40GB, 37471, 40960, 0, 102.56, 36
nid001133,2026/05/03 14:13:56.815, 3, GPU-e0003d1b-186b-2e66-9474-0b7af5c50af4, NVIDIA A100-SXM4-40GB, 37471, 40960, 0, 99.51, 35
nid001132,2026/05/03 14:13:59.687, 0, GPU-1ee6ac61-44ab-b161-9de0-16bbb44716e7, NVIDIA A100-SXM4-40GB, 36817, 40960, 73, 105.89, 38
nid001132,2026/05/03 14:13:59.690, 1, GPU-afa7121e-c5d0-2eb5-4e9a-8b001ff7a220, NVIDIA A100-SXM4-40GB, 36749, 40960, 96, 109.61, 35
nid001132,2026/05/03 14:13:59.691, 2, GPU-4dea0284-873a-fa20-cc19-10ca82324573, NVIDIA A100-SXM4-40GB, 36749, 40960, 62, 103.84, 36
nid001132,2026/05/03 14:13:59.693, 3, GPU-cba17786-ea73-0caf-0d43-c838fbb66bcd, NVIDIA A100-SXM4-40GB, 36749, 40960, 100, 109.99, 33
nid001133,2026/05/03 14:14:00.546, 0, GPU-43cac420-244c-9975-fbd1-604f88cdd44c, NVIDIA A100-SXM4-40GB, 37481, 40960, 34, 103.96, 35
nid001133,2026/05/03 14:14:00.549, 1, GPU-73838956-9ad1-3484-0ba2-7d8b02c7a72a, NVIDIA A100-SXM4-40GB, 37471, 40960, 45, 103.08, 34
nid001133,2026/05/03 14:14:00.550, 2, GPU-aee03275-201a-58e4-7b5a-f08a6e4c1e50, NVIDIA A100-SXM4-40GB, 37471, 40960, 38, 102.56, 37
nid001133,2026/05/03 14:14:00.552, 3, GPU-e0003d1b-186b-2e66-9474-0b7af5c50af4, NVIDIA A100-SXM4-40GB, 37471, 40960, 72, 99.51, 35
nid001132,2026/05/03 14:14:03.424, 0, GPU-1ee6ac61-44ab-b161-9de0-16bbb44716e7, NVIDIA A100-SXM4-40GB, 36817, 40960, 30, 106.12, 38
nid001132,2026/05/03 14:14:03.426, 1, GPU-afa7121e-c5d0-2eb5-4e9a-8b001ff7a220, NVIDIA A100-SXM4-40GB, 36749, 40960, 94, 101.43, 35
nid001132,2026/05/03 14:14:03.428, 2, GPU-4dea0284-873a-fa20-cc19-10ca82324573, NVIDIA A100-SXM4-40GB, 36749, 40960, 88, 105.12, 36
nid001132,2026/05/03 14:14:03.429, 3, GPU-cba17786-ea73-0caf-0d43-c838fbb66bcd, NVIDIA A100-SXM4-40GB, 36749, 40960, 84, 105.25, 33
nid001133,2026/05/03 14:14:04.262, 0, GPU-43cac420-244c-9975-fbd1-604f88cdd44c, NVIDIA A100-SXM4-40GB, 37481, 40960, 47, 104.24, 35
nid001133,2026/05/03 14:14:04.269, 1, GPU-73838956-9ad1-3484-0ba2-7d8b02c7a72a, NVIDIA A100-SXM4-40GB, 37471, 40960, 8, 103.08, 34
nid001133,2026/05/03 14:14:04.270, 2, GPU-aee03275-201a-58e4-7b5a-f08a6e4c1e50, NVIDIA A100-SXM4-40GB, 37471, 40960, 68, 102.56, 37
nid001133,2026/05/03 14:14:04.272, 3, GPU-e0003d1b-186b-2e66-9474-0b7af5c50af4, NVIDIA A100-SXM4-40GB, 37471, 40960, 80, 100.27, 35
nid001132,2026/05/03 14:14:07.119, 0, GPU-1ee6ac61-44ab-b161-9de0-16bbb44716e7, NVIDIA A100-SXM4-40GB, 36817, 40960, 0, 105.65, 38
nid001132,2026/05/03 14:14:07.122, 1, GPU-afa7121e-c5d0-2eb5-4e9a-8b001ff7a220, NVIDIA A100-SXM4-40GB, 36749, 40960, 77, 101.15, 35
nid001132,2026/05/03 14:14:07.123, 2, GPU-4dea0284-873a-fa20-cc19-10ca82324573, NVIDIA A100-SXM4-40GB, 36749, 40960, 14, 103.72, 36
nid001132,2026/05/03 14:14:07.125, 3, GPU-cba17786-ea73-0caf-0d43-c838fbb66bcd, NVIDIA A100-SXM4-40GB, 36749, 40960, 29, 105.25, 33
nid001133,2026/05/03 14:14:08.011, 0, GPU-43cac420-244c-9975-fbd1-604f88cdd44c, NVIDIA A100-SXM4-40GB, 37481, 40960, 5, 108.81, 35
nid001133,2026/05/03 14:14:08.014, 1, GPU-73838956-9ad1-3484-0ba2-7d8b02c7a72a, NVIDIA A100-SXM4-40GB, 37471, 40960, 26, 143.72, 34
nid001133,2026/05/03 14:14:08.016, 2, GPU-aee03275-201a-58e4-7b5a-f08a6e4c1e50, NVIDIA A100-SXM4-40GB, 37471, 40960, 45, 109.99, 37
nid001133,2026/05/03 14:14:08.017, 3, GPU-e0003d1b-186b-2e66-9474-0b7af5c50af4, NVIDIA A100-SXM4-40GB, 37471, 40960, 91, 103.60, 35
nid001132,2026/05/03 14:14:10.895, 0, GPU-1ee6ac61-44ab-b161-9de0-16bbb44716e7, NVIDIA A100-SXM4-40GB, 36817, 40960, 68, 105.89, 38
nid001132,2026/05/03 14:14:10.898, 1, GPU-afa7121e-c5d0-2eb5-4e9a-8b001ff7a220, NVIDIA A100-SXM4-40GB, 36749, 40960, 62, 104.24, 35
nid001132,2026/05/03 14:14:10.900, 2, GPU-4dea0284-873a-fa20-cc19-10ca82324573, NVIDIA A100-SXM4-40GB, 36749, 40960, 100, 104.12, 36
nid001132,2026/05/03 14:14:10.901, 3, GPU-cba17786-ea73-0caf-0d43-c838fbb66bcd, NVIDIA A100-SXM4-40GB, 36749, 40960, 4, 117.12, 33
nid001133,2026/05/03 14:14:11.732, 0, GPU-43cac420-244c-9975-fbd1-604f88cdd44c, NVIDIA A100-SXM4-40GB, 37481, 40960, 0, 103.96, 35
nid001133,2026/05/03 14:14:11.735, 1, GPU-73838956-9ad1-3484-0ba2-7d8b02c7a72a, NVIDIA A100-SXM4-40GB, 37471, 40960, 31, 103.08, 34
nid001133,2026/05/03 14:14:11.737, 2, GPU-aee03275-201a-58e4-7b5a-f08a6e4c1e50, NVIDIA A100-SXM4-40GB, 37471, 40960, 0, 102.56, 36
nid001133,2026/05/03 14:14:11.738, 3, GPU-e0003d1b-186b-2e66-9474-0b7af5c50af4, NVIDIA A100-SXM4-40GB, 37471, 40960, 0, 99.51, 35
nid001132,2026/05/03 14:14:14.618, 0, GPU-1ee6ac61-44ab-b161-9de0-16bbb44716e7, NVIDIA A100-SXM4-40GB, 36817, 40960, 0, 118.79, 38
nid001132,2026/05/03 14:14:14.621, 1, GPU-afa7121e-c5d0-2eb5-4e9a-8b001ff7a220, NVIDIA A100-SXM4-40GB, 36749, 40960, 69, 118.88, 35
nid001132,2026/05/03 14:14:14.623, 2, GPU-4dea0284-873a-fa20-cc19-10ca82324573, NVIDIA A100-SXM4-40GB, 36749, 40960, 61, 117.65, 36
nid001132,2026/05/03 14:14:14.624, 3, GPU-cba17786-ea73-0caf-0d43-c838fbb66bcd, NVIDIA A100-SXM4-40GB, 36749, 40960, 45, 118.17, 33
nid001133,2026/05/03 14:14:15.459, 0, GPU-43cac420-244c-9975-fbd1-604f88cdd44c, NVIDIA A100-SXM4-40GB, 37481, 40960, 52, 104.24, 35
nid001133,2026/05/03 14:14:15.461, 1, GPU-73838956-9ad1-3484-0ba2-7d8b02c7a72a, NVIDIA A100-SXM4-40GB, 37471, 40960, 0, 126.60, 34
nid001133,2026/05/03 14:14:15.463, 2, GPU-aee03275-201a-58e4-7b5a-f08a6e4c1e50, NVIDIA A100-SXM4-40GB, 37471, 40960, 0, 102.43, 37
nid001133,2026/05/03 14:14:15.464, 3, GPU-e0003d1b-186b-2e66-9474-0b7af5c50af4, NVIDIA A100-SXM4-40GB, 37471, 40960, 0, 99.51, 35
nid001132,2026/05/03 14:14:18.341, 0, GPU-1ee6ac61-44ab-b161-9de0-16bbb44716e7, NVIDIA A100-SXM4-40GB, 36817, 40960, 55, 106.89, 38
nid001132,2026/05/03 14:14:18.344, 1, GPU-afa7121e-c5d0-2eb5-4e9a-8b001ff7a220, NVIDIA A100-SXM4-40GB, 36749, 40960, 59, 120.69, 35
nid001132,2026/05/03 14:14:18.345, 2, GPU-4dea0284-873a-fa20-cc19-10ca82324573, NVIDIA A100-SXM4-40GB, 36749, 40960, 32, 107.44, 36
nid001132,2026/05/03 14:14:18.347, 3, GPU-cba17786-ea73-0caf-0d43-c838fbb66bcd, NVIDIA A100-SXM4-40GB, 36749, 40960, 29, 117.12, 33
nid001133,2026/05/03 14:14:19.208, 0, GPU-43cac420-244c-9975-fbd1-604f88cdd44c, NVIDIA A100-SXM4-40GB, 37481, 40960, 1, 125.01, 36
nid001133,2026/05/03 14:14:19.211, 1, GPU-73838956-9ad1-3484-0ba2-7d8b02c7a72a, NVIDIA A100-SXM4-40GB, 37471, 40960, 71, 103.08, 34
nid001133,2026/05/03 14:14:19.212, 2, GPU-aee03275-201a-58e4-7b5a-f08a6e4c1e50, NVIDIA A100-SXM4-40GB, 37471, 40960, 0, 119.17, 37
nid001133,2026/05/03 14:14:19.214, 3, GPU-e0003d1b-186b-2e66-9474-0b7af5c50af4, NVIDIA A100-SXM4-40GB, 37471, 40960, 94, 119.83, 35
nid001132,2026/05/03 14:14:22.111, 0, GPU-1ee6ac61-44ab-b161-9de0-16bbb44716e7, NVIDIA A100-SXM4-40GB, 36817, 40960, 10, 106.42, 38
nid001132,2026/05/03 14:14:22.118, 1, GPU-afa7121e-c5d0-2eb5-4e9a-8b001ff7a220, NVIDIA A100-SXM4-40GB, 36749, 40960, 90, 101.43, 35
nid001132,2026/05/03 14:14:22.123, 2, GPU-4dea0284-873a-fa20-cc19-10ca82324573, NVIDIA A100-SXM4-40GB, 36749, 40960, 93, 106.40, 36
nid001132,2026/05/03 14:14:22.127, 3, GPU-cba17786-ea73-0caf-0d43-c838fbb66bcd, NVIDIA A100-SXM4-40GB, 36749, 40960, 88, 105.37, 33
nid001133,2026/05/03 14:14:22.968, 0, GPU-43cac420-244c-9975-fbd1-604f88cdd44c, NVIDIA A100-SXM4-40GB, 37481, 40960, 72, 104.36, 35
nid001133,2026/05/03 14:14:22.971, 1, GPU-73838956-9ad1-3484-0ba2-7d8b02c7a72a, NVIDIA A100-SXM4-40GB, 37471, 40960, 80, 121.07, 34
nid001133,2026/05/03 14:14:22.973, 2, GPU-aee03275-201a-58e4-7b5a-f08a6e4c1e50, NVIDIA A100-SXM4-40GB, 37471, 40960, 38, 131.94, 37
nid001133,2026/05/03 14:14:22.974, 3, GPU-e0003d1b-186b-2e66-9474-0b7af5c50af4, NVIDIA A100-SXM4-40GB, 37471, 40960, 0, 124.25, 35
nid001132,2026/05/03 14:14:25.862, 0, GPU-1ee6ac61-44ab-b161-9de0-16bbb44716e7, NVIDIA A100-SXM4-40GB, 36817, 40960, 91, 123.49, 38
nid001132,2026/05/03 14:14:25.865, 1, GPU-afa7121e-c5d0-2eb5-4e9a-8b001ff7a220, NVIDIA A100-SXM4-40GB, 36749, 40960, 62, 101.32, 35
nid001132,2026/05/03 14:14:25.867, 2, GPU-4dea0284-873a-fa20-cc19-10ca82324573, NVIDIA A100-SXM4-40GB, 36749, 40960, 74, 105.87, 36
nid001132,2026/05/03 14:14:25.868, 3, GPU-cba17786-ea73-0caf-0d43-c838fbb66bcd, NVIDIA A100-SXM4-40GB, 36749, 40960, 66, 109.99, 33
nid001133,2026/05/03 14:14:26.688, 0, GPU-43cac420-244c-9975-fbd1-604f88cdd44c, NVIDIA A100-SXM4-40GB, 37481, 40960, 82, 104.12, 35
nid001133,2026/05/03 14:14:26.691, 1, GPU-73838956-9ad1-3484-0ba2-7d8b02c7a72a, NVIDIA A100-SXM4-40GB, 37471, 40960, 0, 103.32, 34
nid001133,2026/05/03 14:14:26.692, 2, GPU-aee03275-201a-58e4-7b5a-f08a6e4c1e50, NVIDIA A100-SXM4-40GB, 37471, 40960, 48, 102.96, 37
nid001133,2026/05/03 14:14:26.694, 3, GPU-e0003d1b-186b-2e66-9474-0b7af5c50af4, NVIDIA A100-SXM4-40GB, 37471, 40960, 39, 99.40, 35
nid001132,2026/05/03 14:14:29.587, 0, GPU-1ee6ac61-44ab-b161-9de0-16bbb44716e7, NVIDIA A100-SXM4-40GB, 36817, 40960, 16, 105.76, 38
nid001132,2026/05/03 14:14:29.594, 1, GPU-afa7121e-c5d0-2eb5-4e9a-8b001ff7a220, NVIDIA A100-SXM4-40GB, 36749, 40960, 99, 101.32, 35
nid001132,2026/05/03 14:14:29.595, 2, GPU-4dea0284-873a-fa20-cc19-10ca82324573, NVIDIA A100-SXM4-40GB, 36749, 40960, 36, 103.84, 36
nid001132,2026/05/03 14:14:29.597, 3, GPU-cba17786-ea73-0caf-0d43-c838fbb66bcd, NVIDIA A100-SXM4-40GB, 36749, 40960, 6, 105.12, 33
nid001133,2026/05/03 14:14:30.407, 0, GPU-43cac420-244c-9975-fbd1-604f88cdd44c, NVIDIA A100-SXM4-40GB, 37481, 40960, 0, 103.84, 35
nid001133,2026/05/03 14:14:30.410, 1, GPU-73838956-9ad1-3484-0ba2-7d8b02c7a72a, NVIDIA A100-SXM4-40GB, 37471, 40960, 66, 102.96, 34
nid001133,2026/05/03 14:14:30.411, 2, GPU-aee03275-201a-58e4-7b5a-f08a6e4c1e50, NVIDIA A100-SXM4-40GB, 37471, 40960, 37, 102.43, 36
nid001133,2026/05/03 14:14:30.413, 3, GPU-e0003d1b-186b-2e66-9474-0b7af5c50af4, NVIDIA A100-SXM4-40GB, 37471, 40960, 9, 99.40, 35
nid001132,2026/05/03 14:14:33.282, 0, GPU-1ee6ac61-44ab-b161-9de0-16bbb44716e7, NVIDIA A100-SXM4-40GB, 36817, 40960, 18, 106.12, 38
nid001132,2026/05/03 14:14:33.294, 1, GPU-afa7121e-c5d0-2eb5-4e9a-8b001ff7a220, NVIDIA A100-SXM4-40GB, 36749, 40960, 7, 107.81, 35
nid001132,2026/05/03 14:14:33.299, 2, GPU-4dea0284-873a-fa20-cc19-10ca82324573, NVIDIA A100-SXM4-40GB, 36749, 40960, 0, 104.36, 36
nid001132,2026/05/03 14:14:33.304, 3, GPU-cba17786-ea73-0caf-0d43-c838fbb66bcd, NVIDIA A100-SXM4-40GB, 36749, 40960, 39, 127.64, 33
nid001133,2026/05/03 14:14:34.194, 0, GPU-43cac420-244c-9975-fbd1-604f88cdd44c, NVIDIA A100-SXM4-40GB, 37481, 40960, 49, 126.29, 36
nid001133,2026/05/03 14:14:34.197, 1, GPU-73838956-9ad1-3484-0ba2-7d8b02c7a72a, NVIDIA A100-SXM4-40GB, 37471, 40960, 15, 116.36, 34
nid001133,2026/05/03 14:14:34.198, 2, GPU-aee03275-201a-58e4-7b5a-f08a6e4c1e50, NVIDIA A100-SXM4-40GB, 37471, 40960, 14, 102.32, 37
nid001133,2026/05/03 14:14:34.200, 3, GPU-e0003d1b-186b-2e66-9474-0b7af5c50af4, NVIDIA A100-SXM4-40GB, 37471, 40960, 25, 120.31, 35
nid001132,2026/05/03 14:14:37.089, 0, GPU-1ee6ac61-44ab-b161-9de0-16bbb44716e7, NVIDIA A100-SXM4-40GB, 36817, 40960, 20, 109.86, 38
nid001132,2026/05/03 14:14:37.093, 1, GPU-afa7121e-c5d0-2eb5-4e9a-8b001ff7a220, NVIDIA A100-SXM4-40GB, 36749, 40960, 40, 110.24, 35
nid001132,2026/05/03 14:14:37.095, 2, GPU-4dea0284-873a-fa20-cc19-10ca82324573, NVIDIA A100-SXM4-40GB, 36749, 40960, 14, 108.96, 36
nid001132,2026/05/03 14:14:37.097, 3, GPU-cba17786-ea73-0caf-0d43-c838fbb66bcd, NVIDIA A100-SXM4-40GB, 36749, 40960, 79, 123.12, 33
nid001133,2026/05/03 14:14:37.945, 0, GPU-43cac420-244c-9975-fbd1-604f88cdd44c, NVIDIA A100-SXM4-40GB, 37481, 40960, 0, 103.84, 35
nid001133,2026/05/03 14:14:37.947, 1, GPU-73838956-9ad1-3484-0ba2-7d8b02c7a72a, NVIDIA A100-SXM4-40GB, 37471, 40960, 26, 103.32, 34
nid001133,2026/05/03 14:14:37.949, 2, GPU-aee03275-201a-58e4-7b5a-f08a6e4c1e50, NVIDIA A100-SXM4-40GB, 37471, 40960, 0, 102.43, 36
nid001133,2026/05/03 14:14:37.950, 3, GPU-e0003d1b-186b-2e66-9474-0b7af5c50af4, NVIDIA A100-SXM4-40GB, 37471, 40960, 0, 99.40, 35
nid001132,2026/05/03 14:14:40.973, 0, GPU-1ee6ac61-44ab-b161-9de0-16bbb44716e7, NVIDIA A100-SXM4-40GB, 36817, 40960, 100, 106.00, 38
nid001132,2026/05/03 14:14:40.975, 1, GPU-afa7121e-c5d0-2eb5-4e9a-8b001ff7a220, NVIDIA A100-SXM4-40GB, 36749, 40960, 57, 101.43, 35
nid001132,2026/05/03 14:14:40.977, 2, GPU-4dea0284-873a-fa20-cc19-10ca82324573, NVIDIA A100-SXM4-40GB, 36749, 40960, 64, 103.71, 36
nid001132,2026/05/03 14:14:40.979, 3, GPU-cba17786-ea73-0caf-0d43-c838fbb66bcd, NVIDIA A100-SXM4-40GB, 36749, 40960, 41, 105.12, 33
nid001133,2026/05/03 14:14:41.815, 0, GPU-43cac420-244c-9975-fbd1-604f88cdd44c, NVIDIA A100-SXM4-40GB, 37481, 40960, 93, 206.49, 38
nid001133,2026/05/03 14:14:41.818, 1, GPU-73838956-9ad1-3484-0ba2-7d8b02c7a72a, NVIDIA A100-SXM4-40GB, 37471, 40960, 84, 173.32, 37
nid001133,2026/05/03 14:14:41.820, 2, GPU-aee03275-201a-58e4-7b5a-f08a6e4c1e50, NVIDIA A100-SXM4-40GB, 37471, 40960, 14, 153.23, 39
nid001133,2026/05/03 14:14:41.821, 3, GPU-e0003d1b-186b-2e66-9474-0b7af5c50af4, NVIDIA A100-SXM4-40GB, 37471, 40960, 60, 178.47, 37
nid001132,2026/05/03 14:14:44.700, 0, GPU-1ee6ac61-44ab-b161-9de0-16bbb44716e7, NVIDIA A100-SXM4-40GB, 36817, 40960, 66, 110.09, 38
nid001132,2026/05/03 14:14:44.703, 1, GPU-afa7121e-c5d0-2eb5-4e9a-8b001ff7a220, NVIDIA A100-SXM4-40GB, 36749, 40960, 87, 112.29, 35
nid001132,2026/05/03 14:14:44.705, 2, GPU-4dea0284-873a-fa20-cc19-10ca82324573, NVIDIA A100-SXM4-40GB, 36749, 40960, 73, 119.27, 36
nid001132,2026/05/03 14:14:44.706, 3, GPU-cba17786-ea73-0caf-0d43-c838fbb66bcd, NVIDIA A100-SXM4-40GB, 36749, 40960, 77, 116.22, 33
nid001133,2026/05/03 14:14:45.570, 0, GPU-43cac420-244c-9975-fbd1-604f88cdd44c, NVIDIA A100-SXM4-40GB, 37481, 40960, 60, 104.12, 35
nid001133,2026/05/03 14:14:45.576, 1, GPU-73838956-9ad1-3484-0ba2-7d8b02c7a72a, NVIDIA A100-SXM4-40GB, 37471, 40960, 72, 136.03, 34
nid001133,2026/05/03 14:14:45.580, 2, GPU-aee03275-201a-58e4-7b5a-f08a6e4c1e50, NVIDIA A100-SXM4-40GB, 37471, 40960, 42, 102.55, 37
nid001133,2026/05/03 14:14:45.586, 3, GPU-e0003d1b-186b-2e66-9474-0b7af5c50af4, NVIDIA A100-SXM4-40GB, 37471, 40960, 8, 133.17, 35
nid001132,2026/05/03 14:14:48.509, 0, GPU-1ee6ac61-44ab-b161-9de0-16bbb44716e7, NVIDIA A100-SXM4-40GB, 36817, 40960, 30, 118.27, 38
nid001132,2026/05/03 14:14:48.512, 1, GPU-afa7121e-c5d0-2eb5-4e9a-8b001ff7a220, NVIDIA A100-SXM4-40GB, 36749, 40960, 0, 102.20, 35
nid001132,2026/05/03 14:14:48.513, 2, GPU-4dea0284-873a-fa20-cc19-10ca82324573, NVIDIA A100-SXM4-40GB, 36749, 40960, 26, 109.48, 36
nid001132,2026/05/03 14:14:48.515, 3, GPU-cba17786-ea73-0caf-0d43-c838fbb66bcd, NVIDIA A100-SXM4-40GB, 36749, 40960, 0, 115.60, 33
nid001133,2026/05/03 14:14:49.374, 0, GPU-43cac420-244c-9975-fbd1-604f88cdd44c, NVIDIA A100-SXM4-40GB, 37481, 40960, 2, 116.08, 35
nid001133,2026/05/03 14:14:49.377, 1, GPU-73838956-9ad1-3484-0ba2-7d8b02c7a72a, NVIDIA A100-SXM4-40GB, 37471, 40960, 3, 103.08, 34
nid001133,2026/05/03 14:14:49.379, 2, GPU-aee03275-201a-58e4-7b5a-f08a6e4c1e50, NVIDIA A100-SXM4-40GB, 37471, 40960, 4, 102.43, 36
nid001133,2026/05/03 14:14:49.380, 3, GPU-e0003d1b-186b-2e66-9474-0b7af5c50af4, NVIDIA A100-SXM4-40GB, 37471, 40960, 32, 99.40, 35
nid001132,2026/05/03 14:14:52.275, 0, GPU-1ee6ac61-44ab-b161-9de0-16bbb44716e7, NVIDIA A100-SXM4-40GB, 36817, 40960, 0, 117.65, 38
nid001132,2026/05/03 14:14:52.281, 1, GPU-afa7121e-c5d0-2eb5-4e9a-8b001ff7a220, NVIDIA A100-SXM4-40GB, 36749, 40960, 3, 102.55, 35
nid001132,2026/05/03 14:14:52.287, 2, GPU-4dea0284-873a-fa20-cc19-10ca82324573, NVIDIA A100-SXM4-40GB, 36749, 40960, 0, 106.16, 36
nid001132,2026/05/03 14:14:52.296, 3, GPU-cba17786-ea73-0caf-0d43-c838fbb66bcd, NVIDIA A100-SXM4-40GB, 36749, 40960, 42, 107.70, 33
nid001133,2026/05/03 14:14:53.121, 0, GPU-43cac420-244c-9975-fbd1-604f88cdd44c, NVIDIA A100-SXM4-40GB, 37481, 40960, 0, 104.24, 35
nid001133,2026/05/03 14:14:53.124, 1, GPU-73838956-9ad1-3484-0ba2-7d8b02c7a72a, NVIDIA A100-SXM4-40GB, 37471, 40960, 38, 103.08, 34
nid001133,2026/05/03 14:14:53.126, 2, GPU-aee03275-201a-58e4-7b5a-f08a6e4c1e50, NVIDIA A100-SXM4-40GB, 37471, 40960, 56, 102.43, 36
nid001133,2026/05/03 14:14:53.127, 3, GPU-e0003d1b-186b-2e66-9474-0b7af5c50af4, NVIDIA A100-SXM4-40GB, 37471, 40960, 0, 99.40, 35
nid001132,2026/05/03 14:14:56.077, 0, GPU-1ee6ac61-44ab-b161-9de0-16bbb44716e7, NVIDIA A100-SXM4-40GB, 36817, 40960, 70, 111.24, 38
nid001132,2026/05/03 14:14:56.080, 1, GPU-afa7121e-c5d0-2eb5-4e9a-8b001ff7a220, NVIDIA A100-SXM4-40GB, 36749, 40960, 75, 105.12, 35
nid001132,2026/05/03 14:14:56.082, 2, GPU-4dea0284-873a-fa20-cc19-10ca82324573, NVIDIA A100-SXM4-40GB, 36749, 40960, 73, 114.43, 36
nid001132,2026/05/03 14:14:56.083, 3, GPU-cba17786-ea73-0caf-0d43-c838fbb66bcd, NVIDIA A100-SXM4-40GB, 36749, 40960, 64, 105.76, 33
nid001133,2026/05/03 14:14:56.910, 0, GPU-43cac420-244c-9975-fbd1-604f88cdd44c, NVIDIA A100-SXM4-40GB, 37481, 40960, 0, 130.74, 36
nid001133,2026/05/03 14:14:56.913, 1, GPU-73838956-9ad1-3484-0ba2-7d8b02c7a72a, NVIDIA A100-SXM4-40GB, 37471, 40960, 0, 134.22, 34
nid001133,2026/05/03 14:14:56.914, 2, GPU-aee03275-201a-58e4-7b5a-f08a6e4c1e50, NVIDIA A100-SXM4-40GB, 37471, 40960, 0, 118.65, 37
nid001133,2026/05/03 14:14:56.916, 3, GPU-e0003d1b-186b-2e66-9474-0b7af5c50af4, NVIDIA A100-SXM4-40GB, 37471, 40960, 0, 128.33, 35
nid001132,2026/05/03 14:14:59.801, 0, GPU-1ee6ac61-44ab-b161-9de0-16bbb44716e7, NVIDIA A100-SXM4-40GB, 36817, 40960, 22, 105.76, 38
nid001132,2026/05/03 14:14:59.804, 1, GPU-afa7121e-c5d0-2eb5-4e9a-8b001ff7a220, NVIDIA A100-SXM4-40GB, 36749, 40960, 100, 101.03, 35
nid001132,2026/05/03 14:14:59.805, 2, GPU-4dea0284-873a-fa20-cc19-10ca82324573, NVIDIA A100-SXM4-40GB, 36749, 40960, 31, 103.84, 36
nid001132,2026/05/03 14:14:59.807, 3, GPU-cba17786-ea73-0caf-0d43-c838fbb66bcd, NVIDIA A100-SXM4-40GB, 36749, 40960, 70, 105.37, 33
nid001133,2026/05/03 14:15:00.659, 0, GPU-43cac420-244c-9975-fbd1-604f88cdd44c, NVIDIA A100-SXM4-40GB, 37481, 40960, 74, 103.96, 35
nid001133,2026/05/03 14:15:00.662, 1, GPU-73838956-9ad1-3484-0ba2-7d8b02c7a72a, NVIDIA A100-SXM4-40GB, 37471, 40960, 90, 103.08, 34
nid001133,2026/05/03 14:15:00.664, 2, GPU-aee03275-201a-58e4-7b5a-f08a6e4c1e50, NVIDIA A100-SXM4-40GB, 37471, 40960, 11, 102.43, 36
nid001133,2026/05/03 14:15:00.666, 3, GPU-e0003d1b-186b-2e66-9474-0b7af5c50af4, NVIDIA A100-SXM4-40GB, 37471, 40960, 29, 99.51, 35
nid001132,2026/05/03 14:15:03.555, 0, GPU-1ee6ac61-44ab-b161-9de0-16bbb44716e7, NVIDIA A100-SXM4-40GB, 36817, 40960, 0, 105.53, 38
nid001132,2026/05/03 14:15:03.557, 1, GPU-afa7121e-c5d0-2eb5-4e9a-8b001ff7a220, NVIDIA A100-SXM4-40GB, 36749, 40960, 0, 119.69, 35
nid001132,2026/05/03 14:15:03.559, 2, GPU-4dea0284-873a-fa20-cc19-10ca82324573, NVIDIA A100-SXM4-40GB, 36749, 40960, 4, 103.84, 36
nid001132,2026/05/03 14:15:03.561, 3, GPU-cba17786-ea73-0caf-0d43-c838fbb66bcd, NVIDIA A100-SXM4-40GB, 36749, 40960, 0, 105.12, 33
nid001133,2026/05/03 14:15:04.426, 0, GPU-43cac420-244c-9975-fbd1-604f88cdd44c, NVIDIA A100-SXM4-40GB, 37481, 40960, 3, 103.84, 35
nid001133,2026/05/03 14:15:04.429, 1, GPU-73838956-9ad1-3484-0ba2-7d8b02c7a72a, NVIDIA A100-SXM4-40GB, 37471, 40960, 25, 102.96, 34
nid001133,2026/05/03 14:15:04.430, 2, GPU-aee03275-201a-58e4-7b5a-f08a6e4c1e50, NVIDIA A100-SXM4-40GB, 37471, 40960, 77, 102.43, 36
nid001133,2026/05/03 14:15:04.432, 3, GPU-e0003d1b-186b-2e66-9474-0b7af5c50af4, NVIDIA A100-SXM4-40GB, 37471, 40960, 0, 99.40, 35
nid001132,2026/05/03 14:15:07.434, 0, GPU-1ee6ac61-44ab-b161-9de0-16bbb44716e7, NVIDIA A100-SXM4-40GB, 36817, 40960, 100, 105.76, 38
nid001132,2026/05/03 14:15:07.436, 1, GPU-afa7121e-c5d0-2eb5-4e9a-8b001ff7a220, NVIDIA A100-SXM4-40GB, 36749, 40960, 24, 101.03, 35
nid001132,2026/05/03 14:15:07.438, 2, GPU-4dea0284-873a-fa20-cc19-10ca82324573, NVIDIA A100-SXM4-40GB, 36749, 40960, 2, 104.12, 36
nid001132,2026/05/03 14:15:07.439, 3, GPU-cba17786-ea73-0caf-0d43-c838fbb66bcd, NVIDIA A100-SXM4-40GB, 36749, 40960, 38, 105.12, 33
nid001133,2026/05/03 14:15:08.277, 0, GPU-43cac420-244c-9975-fbd1-604f88cdd44c, NVIDIA A100-SXM4-40GB, 37481, 40960, 88, 103.96, 35
nid001133,2026/05/03 14:15:08.280, 1, GPU-73838956-9ad1-3484-0ba2-7d8b02c7a72a, NVIDIA A100-SXM4-40GB, 37471, 40960, 7, 103.08, 34
nid001133,2026/05/03 14:15:08.281, 2, GPU-aee03275-201a-58e4-7b5a-f08a6e4c1e50, NVIDIA A100-SXM4-40GB, 37471, 40960, 51, 102.43, 36
nid001133,2026/05/03 14:15:08.283, 3, GPU-e0003d1b-186b-2e66-9474-0b7af5c50af4, NVIDIA A100-SXM4-40GB, 37471, 40960, 35, 99.63, 35
nid001132,2026/05/03 14:15:11.149, 0, GPU-1ee6ac61-44ab-b161-9de0-16bbb44716e7, NVIDIA A100-SXM4-40GB, 36817, 40960, 61, 105.76, 38
nid001132,2026/05/03 14:15:11.152, 1, GPU-afa7121e-c5d0-2eb5-4e9a-8b001ff7a220, NVIDIA A100-SXM4-40GB, 36749, 40960, 42, 101.03, 35
nid001132,2026/05/03 14:15:11.153, 2, GPU-4dea0284-873a-fa20-cc19-10ca82324573, NVIDIA A100-SXM4-40GB, 36749, 40960, 42, 103.71, 36
nid001132,2026/05/03 14:15:11.155, 3, GPU-cba17786-ea73-0caf-0d43-c838fbb66bcd, NVIDIA A100-SXM4-40GB, 36749, 40960, 46, 105.24, 33
nid001133,2026/05/03 14:15:11.956, 0, GPU-43cac420-244c-9975-fbd1-604f88cdd44c, NVIDIA A100-SXM4-40GB, 37481, 40960, 37, 103.84, 35
nid001133,2026/05/03 14:15:11.959, 1, GPU-73838956-9ad1-3484-0ba2-7d8b02c7a72a, NVIDIA A100-SXM4-40GB, 37471, 40960, 0, 102.96, 34
nid001133,2026/05/03 14:15:11.960, 2, GPU-aee03275-201a-58e4-7b5a-f08a6e4c1e50, NVIDIA A100-SXM4-40GB, 37471, 40960, 58, 102.55, 36
nid001133,2026/05/03 14:15:11.962, 3, GPU-e0003d1b-186b-2e66-9474-0b7af5c50af4, NVIDIA A100-SXM4-40GB, 37471, 40960, 6, 99.28, 35
nid001132,2026/05/03 14:15:14.843, 0, GPU-1ee6ac61-44ab-b161-9de0-16bbb44716e7, NVIDIA A100-SXM4-40GB, 36817, 40960, 100, 105.76, 38
nid001132,2026/05/03 14:15:14.846, 1, GPU-afa7121e-c5d0-2eb5-4e9a-8b001ff7a220, NVIDIA A100-SXM4-40GB, 36749, 40960, 37, 101.15, 35
nid001132,2026/05/03 14:15:14.847, 2, GPU-4dea0284-873a-fa20-cc19-10ca82324573, NVIDIA A100-SXM4-40GB, 36749, 40960, 100, 104.12, 36
nid001132,2026/05/03 14:15:14.849, 3, GPU-cba17786-ea73-0caf-0d43-c838fbb66bcd, NVIDIA A100-SXM4-40GB, 36749, 40960, 77, 112.79, 33
nid001133,2026/05/03 14:15:15.700, 0, GPU-43cac420-244c-9975-fbd1-604f88cdd44c, NVIDIA A100-SXM4-40GB, 37481, 40960, 74, 103.84, 35
nid001133,2026/05/03 14:15:15.703, 1, GPU-73838956-9ad1-3484-0ba2-7d8b02c7a72a, NVIDIA A100-SXM4-40GB, 37471, 40960, 77, 102.96, 34
nid001133,2026/05/03 14:15:15.705, 2, GPU-aee03275-201a-58e4-7b5a-f08a6e4c1e50, NVIDIA A100-SXM4-40GB, 37471, 40960, 38, 102.43, 37
nid001133,2026/05/03 14:15:15.706, 3, GPU-e0003d1b-186b-2e66-9474-0b7af5c50af4, NVIDIA A100-SXM4-40GB, 37471, 40960, 6, 99.40, 35
nid001132,2026/05/03 14:15:18.553, 0, GPU-1ee6ac61-44ab-b161-9de0-16bbb44716e7, NVIDIA A100-SXM4-40GB, 36817, 40960, 0, 105.76, 38
nid001132,2026/05/03 14:15:18.555, 1, GPU-afa7121e-c5d0-2eb5-4e9a-8b001ff7a220, NVIDIA A100-SXM4-40GB, 36749, 40960, 60, 101.15, 35
nid001132,2026/05/03 14:15:18.557, 2, GPU-4dea0284-873a-fa20-cc19-10ca82324573, NVIDIA A100-SXM4-40GB, 36749, 40960, 62, 119.17, 36
nid001132,2026/05/03 14:15:18.559, 3, GPU-cba17786-ea73-0caf-0d43-c838fbb66bcd, NVIDIA A100-SXM4-40GB, 36749, 40960, 6, 105.12, 33
nid001133,2026/05/03 14:15:19.393, 0, GPU-43cac420-244c-9975-fbd1-604f88cdd44c, NVIDIA A100-SXM4-40GB, 37481, 40960, 0, 103.96, 35
nid001133,2026/05/03 14:15:19.399, 1, GPU-73838956-9ad1-3484-0ba2-7d8b02c7a72a, NVIDIA A100-SXM4-40GB, 37471, 40960, 61, 103.08, 34
nid001133,2026/05/03 14:15:19.407, 2, GPU-aee03275-201a-58e4-7b5a-f08a6e4c1e50, NVIDIA A100-SXM4-40GB, 37471, 40960, 70, 102.43, 36
nid001133,2026/05/03 14:15:19.414, 3, GPU-e0003d1b-186b-2e66-9474-0b7af5c50af4, NVIDIA A100-SXM4-40GB, 37471, 40960, 3, 99.40, 35
nid001132,2026/05/03 14:15:22.309, 0, GPU-1ee6ac61-44ab-b161-9de0-16bbb44716e7, NVIDIA A100-SXM4-40GB, 36817, 40960, 12, 105.76, 38
nid001132,2026/05/03 14:15:22.312, 1, GPU-afa7121e-c5d0-2eb5-4e9a-8b001ff7a220, NVIDIA A100-SXM4-40GB, 36749, 40960, 0, 101.03, 34
nid001132,2026/05/03 14:15:22.314, 2, GPU-4dea0284-873a-fa20-cc19-10ca82324573, NVIDIA A100-SXM4-40GB, 36749, 40960, 14, 103.60, 36
nid001132,2026/05/03 14:15:22.316, 3, GPU-cba17786-ea73-0caf-0d43-c838fbb66bcd, NVIDIA A100-SXM4-40GB, 36749, 40960, 0, 105.00, 33
nid001133,2026/05/03 14:15:23.167, 0, GPU-43cac420-244c-9975-fbd1-604f88cdd44c, NVIDIA A100-SXM4-40GB, 37481, 40960, 0, 217.41, 38
nid001133,2026/05/03 14:15:23.170, 1, GPU-73838956-9ad1-3484-0ba2-7d8b02c7a72a, NVIDIA A100-SXM4-40GB, 37471, 40960, 100, 234.94, 35
nid001133,2026/05/03 14:15:23.171, 2, GPU-aee03275-201a-58e4-7b5a-f08a6e4c1e50, NVIDIA A100-SXM4-40GB, 37471, 40960, 19, 107.28, 38
nid001133,2026/05/03 14:15:23.173, 3, GPU-e0003d1b-186b-2e66-9474-0b7af5c50af4, NVIDIA A100-SXM4-40GB, 37471, 40960, 81, 210.05, 38
nid001132,2026/05/03 14:15:26.055, 0, GPU-1ee6ac61-44ab-b161-9de0-16bbb44716e7, NVIDIA A100-SXM4-40GB, 36817, 40960, 0, 105.76, 38
nid001132,2026/05/03 14:15:26.057, 1, GPU-afa7121e-c5d0-2eb5-4e9a-8b001ff7a220, NVIDIA A100-SXM4-40GB, 36749, 40960, 0, 108.68, 35
nid001132,2026/05/03 14:15:26.059, 2, GPU-4dea0284-873a-fa20-cc19-10ca82324573, NVIDIA A100-SXM4-40GB, 36749, 40960, 0, 103.84, 36
nid001132,2026/05/03 14:15:26.060, 3, GPU-cba17786-ea73-0caf-0d43-c838fbb66bcd, NVIDIA A100-SXM4-40GB, 36749, 40960, 17, 105.12, 33
nid001133,2026/05/03 14:15:26.884, 0, GPU-43cac420-244c-9975-fbd1-604f88cdd44c, NVIDIA A100-SXM4-40GB, 37481, 40960, 16, 103.96, 35
nid001133,2026/05/03 14:15:26.887, 1, GPU-73838956-9ad1-3484-0ba2-7d8b02c7a72a, NVIDIA A100-SXM4-40GB, 37471, 40960, 46, 103.08, 34
nid001133,2026/05/03 14:15:26.888, 2, GPU-aee03275-201a-58e4-7b5a-f08a6e4c1e50, NVIDIA A100-SXM4-40GB, 37471, 40960, 22, 102.43, 36
nid001133,2026/05/03 14:15:26.890, 3, GPU-e0003d1b-186b-2e66-9474-0b7af5c50af4, NVIDIA A100-SXM4-40GB, 37471, 40960, 3, 99.51, 35
nid001132,2026/05/03 14:15:29.766, 0, GPU-1ee6ac61-44ab-b161-9de0-16bbb44716e7, NVIDIA A100-SXM4-40GB, 36817, 40960, 0, 110.85, 38
nid001132,2026/05/03 14:15:29.769, 1, GPU-afa7121e-c5d0-2eb5-4e9a-8b001ff7a220, NVIDIA A100-SXM4-40GB, 36749, 40960, 3, 129.38, 35
nid001132,2026/05/03 14:15:29.770, 2, GPU-4dea0284-873a-fa20-cc19-10ca82324573, NVIDIA A100-SXM4-40GB, 36749, 40960, 0, 118.27, 36
nid001132,2026/05/03 14:15:29.772, 3, GPU-cba17786-ea73-0caf-0d43-c838fbb66bcd, NVIDIA A100-SXM4-40GB, 36749, 40960, 45, 117.93, 33
nid001133,2026/05/03 14:15:30.653, 0, GPU-43cac420-244c-9975-fbd1-604f88cdd44c, NVIDIA A100-SXM4-40GB, 37481, 40960, 0, 103.84, 35
nid001133,2026/05/03 14:15:30.655, 1, GPU-73838956-9ad1-3484-0ba2-7d8b02c7a72a, NVIDIA A100-SXM4-40GB, 37471, 40960, 0, 103.08, 34
nid001133,2026/05/03 14:15:30.657, 2, GPU-aee03275-201a-58e4-7b5a-f08a6e4c1e50, NVIDIA A100-SXM4-40GB, 37471, 40960, 0, 102.43, 36
nid001133,2026/05/03 14:15:30.658, 3, GPU-e0003d1b-186b-2e66-9474-0b7af5c50af4, NVIDIA A100-SXM4-40GB, 37471, 40960, 9, 99.40, 35
nid001132,2026/05/03 14:15:33.518, 0, GPU-1ee6ac61-44ab-b161-9de0-16bbb44716e7, NVIDIA A100-SXM4-40GB, 36817, 40960, 34, 111.76, 38
nid001132,2026/05/03 14:15:33.520, 1, GPU-afa7121e-c5d0-2eb5-4e9a-8b001ff7a220, NVIDIA A100-SXM4-40GB, 36749, 40960, 22, 122.59, 35
nid001132,2026/05/03 14:15:33.522, 2, GPU-4dea0284-873a-fa20-cc19-10ca82324573, NVIDIA A100-SXM4-40GB, 36749, 40960, 27, 104.47, 36
nid001132,2026/05/03 14:15:33.524, 3, GPU-cba17786-ea73-0caf-0d43-c838fbb66bcd, NVIDIA A100-SXM4-40GB, 36749, 40960, 14, 115.74, 33
nid001133,2026/05/03 14:15:34.393, 0, GPU-43cac420-244c-9975-fbd1-604f88cdd44c, NVIDIA A100-SXM4-40GB, 37481, 40960, 70, 124.10, 36
nid001133,2026/05/03 14:15:34.396, 1, GPU-73838956-9ad1-3484-0ba2-7d8b02c7a72a, NVIDIA A100-SXM4-40GB, 37471, 40960, 35, 121.07, 34
nid001133,2026/05/03 14:15:34.397, 2, GPU-aee03275-201a-58e4-7b5a-f08a6e4c1e50, NVIDIA A100-SXM4-40GB, 37471, 40960, 0, 107.44, 37
nid001133,2026/05/03 14:15:34.399, 3, GPU-e0003d1b-186b-2e66-9474-0b7af5c50af4, NVIDIA A100-SXM4-40GB, 37471, 40960, 0, 115.46, 35
nid001132,2026/05/03 14:15:37.298, 0, GPU-1ee6ac61-44ab-b161-9de0-16bbb44716e7, NVIDIA A100-SXM4-40GB, 36817, 40960, 5, 109.09, 38
nid001132,2026/05/03 14:15:37.309, 1, GPU-afa7121e-c5d0-2eb5-4e9a-8b001ff7a220, NVIDIA A100-SXM4-40GB, 36749, 40960, 52, 111.76, 35
nid001132,2026/05/03 14:15:37.316, 2, GPU-4dea0284-873a-fa20-cc19-10ca82324573, NVIDIA A100-SXM4-40GB, 36749, 40960, 57, 115.85, 36
nid001132,2026/05/03 14:15:37.319, 3, GPU-cba17786-ea73-0caf-0d43-c838fbb66bcd, NVIDIA A100-SXM4-40GB, 36749, 40960, 55, 111.27, 33
nid001133,2026/05/03 14:15:38.173, 0, GPU-43cac420-244c-9975-fbd1-604f88cdd44c, NVIDIA A100-SXM4-40GB, 37481, 40960, 0, 103.84, 35
nid001133,2026/05/03 14:15:38.179, 1, GPU-73838956-9ad1-3484-0ba2-7d8b02c7a72a, NVIDIA A100-SXM4-40GB, 37471, 40960, 0, 102.96, 34
nid001133,2026/05/03 14:15:38.181, 2, GPU-aee03275-201a-58e4-7b5a-f08a6e4c1e50, NVIDIA A100-SXM4-40GB, 37471, 40960, 0, 102.43, 36
nid001133,2026/05/03 14:15:38.183, 3, GPU-e0003d1b-186b-2e66-9474-0b7af5c50af4, NVIDIA A100-SXM4-40GB, 37471, 40960, 0, 99.40, 35
nid001132,2026/05/03 14:15:41.165, 0, GPU-1ee6ac61-44ab-b161-9de0-16bbb44716e7, NVIDIA A100-SXM4-40GB, 36817, 40960, 16, 105.65, 38
nid001132,2026/05/03 14:15:41.168, 1, GPU-afa7121e-c5d0-2eb5-4e9a-8b001ff7a220, NVIDIA A100-SXM4-40GB, 36749, 40960, 50, 100.15, 34
nid001132,2026/05/03 14:15:41.169, 2, GPU-4dea0284-873a-fa20-cc19-10ca82324573, NVIDIA A100-SXM4-40GB, 36749, 40960, 84, 103.60, 36
nid001132,2026/05/03 14:15:41.171, 3, GPU-cba17786-ea73-0caf-0d43-c838fbb66bcd, NVIDIA A100-SXM4-40GB, 36749, 40960, 22, 105.37, 33
nid001133,2026/05/03 14:15:42.168, 0, GPU-43cac420-244c-9975-fbd1-604f88cdd44c, NVIDIA A100-SXM4-40GB, 37481, 40960, 3, 103.84, 35
nid001133,2026/05/03 14:15:42.170, 1, GPU-73838956-9ad1-3484-0ba2-7d8b02c7a72a, NVIDIA A100-SXM4-40GB, 37471, 40960, 16, 102.96, 34
nid001133,2026/05/03 14:15:42.172, 2, GPU-aee03275-201a-58e4-7b5a-f08a6e4c1e50, NVIDIA A100-SXM4-40GB, 37471, 40960, 0, 102.43, 37
nid001133,2026/05/03 14:15:42.173, 3, GPU-e0003d1b-186b-2e66-9474-0b7af5c50af4, NVIDIA A100-SXM4-40GB, 37471, 40960, 4, 99.63, 35
nid001132,2026/05/03 14:15:45.100, 0, GPU-1ee6ac61-44ab-b161-9de0-16bbb44716e7, NVIDIA A100-SXM4-40GB, 36817, 40960, 0, 105.76, 38
nid001132,2026/05/03 14:15:45.102, 1, GPU-afa7121e-c5d0-2eb5-4e9a-8b001ff7a220, NVIDIA A100-SXM4-40GB, 36749, 40960, 0, 103.36, 35
nid001132,2026/05/03 14:15:45.104, 2, GPU-4dea0284-873a-fa20-cc19-10ca82324573, NVIDIA A100-SXM4-40GB, 36749, 40960, 0, 103.71, 36
nid001132,2026/05/03 14:15:45.105, 3, GPU-cba17786-ea73-0caf-0d43-c838fbb66bcd, NVIDIA A100-SXM4-40GB, 36749, 40960, 43, 126.73, 33
nid001133,2026/05/03 14:15:45.932, 0, GPU-43cac420-244c-9975-fbd1-604f88cdd44c, NVIDIA A100-SXM4-40GB, 37481, 40960, 57, 103.96, 35
nid001133,2026/05/03 14:15:45.935, 1, GPU-73838956-9ad1-3484-0ba2-7d8b02c7a72a, NVIDIA A100-SXM4-40GB, 37471, 40960, 5, 103.08, 34
nid001133,2026/05/03 14:15:45.936, 2, GPU-aee03275-201a-58e4-7b5a-f08a6e4c1e50, NVIDIA A100-SXM4-40GB, 37471, 40960, 24, 102.43, 36
nid001133,2026/05/03 14:15:45.938, 3, GPU-e0003d1b-186b-2e66-9474-0b7af5c50af4, NVIDIA A100-SXM4-40GB, 37471, 40960, 2, 99.40, 35
nid001132,2026/05/03 14:15:48.845, 0, GPU-1ee6ac61-44ab-b161-9de0-16bbb44716e7, NVIDIA A100-SXM4-40GB, 36817, 40960, 47, 105.76, 38
nid001132,2026/05/03 14:15:48.851, 1, GPU-afa7121e-c5d0-2eb5-4e9a-8b001ff7a220, NVIDIA A100-SXM4-40GB, 36749, 40960, 53, 101.15, 34
nid001132,2026/05/03 14:15:48.853, 2, GPU-4dea0284-873a-fa20-cc19-10ca82324573, NVIDIA A100-SXM4-40GB, 36749, 40960, 40, 103.84, 36
nid001132,2026/05/03 14:15:48.855, 3, GPU-cba17786-ea73-0caf-0d43-c838fbb66bcd, NVIDIA A100-SXM4-40GB, 36749, 40960, 76, 105.24, 33
nid001133,2026/05/03 14:15:49.681, 0, GPU-43cac420-244c-9975-fbd1-604f88cdd44c, NVIDIA A100-SXM4-40GB, 37481, 40960, 96, 103.84, 35
nid001133,2026/05/03 14:15:49.683, 1, GPU-73838956-9ad1-3484-0ba2-7d8b02c7a72a, NVIDIA A100-SXM4-40GB, 37471, 40960, 2, 112.42, 34
nid001133,2026/05/03 14:15:49.685, 2, GPU-aee03275-201a-58e4-7b5a-f08a6e4c1e50, NVIDIA A100-SXM4-40GB, 37471, 40960, 16, 105.87, 37
nid001133,2026/05/03 14:15:49.686, 3, GPU-e0003d1b-186b-2e66-9474-0b7af5c50af4, NVIDIA A100-SXM4-40GB, 37471, 40960, 78, 105.76, 35
nid001132,2026/05/03 14:15:52.555, 0, GPU-1ee6ac61-44ab-b161-9de0-16bbb44716e7, NVIDIA A100-SXM4-40GB, 36817, 40960, 74, 117.89, 38
nid001132,2026/05/03 14:15:52.561, 1, GPU-afa7121e-c5d0-2eb5-4e9a-8b001ff7a220, NVIDIA A100-SXM4-40GB, 36749, 40960, 22, 107.32, 35
nid001132,2026/05/03 14:15:52.566, 2, GPU-4dea0284-873a-fa20-cc19-10ca82324573, NVIDIA A100-SXM4-40GB, 36749, 40960, 5, 112.15, 36
nid001132,2026/05/03 14:15:52.571, 3, GPU-cba17786-ea73-0caf-0d43-c838fbb66bcd, NVIDIA A100-SXM4-40GB, 36749, 40960, 45, 118.55, 33
nid001133,2026/05/03 14:15:53.427, 0, GPU-43cac420-244c-9975-fbd1-604f88cdd44c, NVIDIA A100-SXM4-40GB, 37481, 40960, 0, 103.96, 35
nid001133,2026/05/03 14:15:53.433, 1, GPU-73838956-9ad1-3484-0ba2-7d8b02c7a72a, NVIDIA A100-SXM4-40GB, 37471, 40960, 0, 103.08, 34
nid001133,2026/05/03 14:15:53.439, 2, GPU-aee03275-201a-58e4-7b5a-f08a6e4c1e50, NVIDIA A100-SXM4-40GB, 37471, 40960, 15, 102.20, 37
nid001133,2026/05/03 14:15:53.446, 3, GPU-e0003d1b-186b-2e66-9474-0b7af5c50af4, NVIDIA A100-SXM4-40GB, 37471, 40960, 3, 111.89, 35
nid001132,2026/05/03 14:15:56.326, 0, GPU-1ee6ac61-44ab-b161-9de0-16bbb44716e7, NVIDIA A100-SXM4-40GB, 36817, 40960, 0, 120.31, 38
nid001132,2026/05/03 14:15:56.333, 1, GPU-afa7121e-c5d0-2eb5-4e9a-8b001ff7a220, NVIDIA A100-SXM4-40GB, 36749, 40960, 13, 100.28, 35
nid001132,2026/05/03 14:15:56.338, 2, GPU-4dea0284-873a-fa20-cc19-10ca82324573, NVIDIA A100-SXM4-40GB, 36749, 40960, 0, 110.24, 36
nid001132,2026/05/03 14:15:56.343, 3, GPU-cba17786-ea73-0caf-0d43-c838fbb66bcd, NVIDIA A100-SXM4-40GB, 36749, 40960, 0, 120.31, 33
nid001133,2026/05/03 14:15:57.183, 0, GPU-43cac420-244c-9975-fbd1-604f88cdd44c, NVIDIA A100-SXM4-40GB, 37481, 40960, 0, 103.96, 35
nid001133,2026/05/03 14:15:57.185, 1, GPU-73838956-9ad1-3484-0ba2-7d8b02c7a72a, NVIDIA A100-SXM4-40GB, 37471, 40960, 0, 103.08, 34
nid001133,2026/05/03 14:15:57.187, 2, GPU-aee03275-201a-58e4-7b5a-f08a6e4c1e50, NVIDIA A100-SXM4-40GB, 37471, 40960, 5, 102.43, 36
nid001133,2026/05/03 14:15:57.188, 3, GPU-e0003d1b-186b-2e66-9474-0b7af5c50af4, NVIDIA A100-SXM4-40GB, 37471, 40960, 0, 99.40, 35
nid001132,2026/05/03 14:16:00.143, 0, GPU-1ee6ac61-44ab-b161-9de0-16bbb44716e7, NVIDIA A100-SXM4-40GB, 36817, 40960, 70, 107.81, 38
nid001132,2026/05/03 14:16:00.146, 1, GPU-afa7121e-c5d0-2eb5-4e9a-8b001ff7a220, NVIDIA A100-SXM4-40GB, 36749, 40960, 34, 108.68, 35
nid001132,2026/05/03 14:16:00.149, 2, GPU-4dea0284-873a-fa20-cc19-10ca82324573, NVIDIA A100-SXM4-40GB, 36749, 40960, 20, 106.16, 36
nid001132,2026/05/03 14:16:00.150, 3, GPU-cba17786-ea73-0caf-0d43-c838fbb66bcd, NVIDIA A100-SXM4-40GB, 36749, 40960, 24, 120.07, 33
nid001133,2026/05/03 14:16:00.955, 0, GPU-43cac420-244c-9975-fbd1-604f88cdd44c, NVIDIA A100-SXM4-40GB, 37481, 40960, 0, 103.84, 35
nid001133,2026/05/03 14:16:00.958, 1, GPU-73838956-9ad1-3484-0ba2-7d8b02c7a72a, NVIDIA A100-SXM4-40GB, 37471, 40960, 0, 102.96, 34
nid001133,2026/05/03 14:16:00.963, 2, GPU-aee03275-201a-58e4-7b5a-f08a6e4c1e50, NVIDIA A100-SXM4-40GB, 37471, 40960, 13, 122.21, 37
nid001133,2026/05/03 14:16:00.965, 3, GPU-e0003d1b-186b-2e66-9474-0b7af5c50af4, NVIDIA A100-SXM4-40GB, 37471, 40960, 17, 99.63, 35
nid001132,2026/05/03 14:16:03.939, 0, GPU-1ee6ac61-44ab-b161-9de0-16bbb44716e7, NVIDIA A100-SXM4-40GB, 36817, 40960, 72, 107.28, 39
nid001132,2026/05/03 14:16:03.942, 1, GPU-afa7121e-c5d0-2eb5-4e9a-8b001ff7a220, NVIDIA A100-SXM4-40GB, 36749, 40960, 26, 157.30, 36
nid001132,2026/05/03 14:16:03.943, 2, GPU-4dea0284-873a-fa20-cc19-10ca82324573, NVIDIA A100-SXM4-40GB, 36749, 40960, 87, 107.92, 37
nid001132,2026/05/03 14:16:03.945, 3, GPU-cba17786-ea73-0caf-0d43-c838fbb66bcd, NVIDIA A100-SXM4-40GB, 36749, 40960, 100, 129.25, 34
nid001133,2026/05/03 14:16:04.810, 0, GPU-43cac420-244c-9975-fbd1-604f88cdd44c, NVIDIA A100-SXM4-40GB, 37481, 40960, 18, 125.15, 36
nid001133,2026/05/03 14:16:04.812, 1, GPU-73838956-9ad1-3484-0ba2-7d8b02c7a72a, NVIDIA A100-SXM4-40GB, 37471, 40960, 58, 106.12, 34
nid001133,2026/05/03 14:16:04.814, 2, GPU-aee03275-201a-58e4-7b5a-f08a6e4c1e50, NVIDIA A100-SXM4-40GB, 37471, 40960, 38, 109.61, 37
nid001133,2026/05/03 14:16:04.815, 3, GPU-e0003d1b-186b-2e66-9474-0b7af5c50af4, NVIDIA A100-SXM4-40GB, 37471, 40960, 0, 103.96, 35
nid001132,2026/05/03 14:16:07.703, 0, GPU-1ee6ac61-44ab-b161-9de0-16bbb44716e7, NVIDIA A100-SXM4-40GB, 36817, 40960, 0, 115.46, 38
nid001132,2026/05/03 14:16:07.706, 1, GPU-afa7121e-c5d0-2eb5-4e9a-8b001ff7a220, NVIDIA A100-SXM4-40GB, 36749, 40960, 3, 117.13, 35
nid001132,2026/05/03 14:16:07.708, 2, GPU-4dea0284-873a-fa20-cc19-10ca82324573, NVIDIA A100-SXM4-40GB, 36749, 40960, 0, 126.14, 36
nid001132,2026/05/03 14:16:07.710, 3, GPU-cba17786-ea73-0caf-0d43-c838fbb66bcd, NVIDIA A100-SXM4-40GB, 36749, 40960, 62, 117.12, 33
nid001133,2026/05/03 14:16:08.592, 0, GPU-43cac420-244c-9975-fbd1-604f88cdd44c, NVIDIA A100-SXM4-40GB, 37481, 40960, 7, 109.20, 35
nid001133,2026/05/03 14:16:08.595, 1, GPU-73838956-9ad1-3484-0ba2-7d8b02c7a72a, NVIDIA A100-SXM4-40GB, 37471, 40960, 33, 103.08, 34
nid001133,2026/05/03 14:16:08.597, 2, GPU-aee03275-201a-58e4-7b5a-f08a6e4c1e50, NVIDIA A100-SXM4-40GB, 37471, 40960, 54, 102.43, 36
nid001133,2026/05/03 14:16:08.598, 3, GPU-e0003d1b-186b-2e66-9474-0b7af5c50af4, NVIDIA A100-SXM4-40GB, 37471, 40960, 0, 99.22, 35
nid001132,2026/05/03 14:16:11.510, 0, GPU-1ee6ac61-44ab-b161-9de0-16bbb44716e7, NVIDIA A100-SXM4-40GB, 36817, 40960, 72, 106.00, 38
nid001132,2026/05/03 14:16:11.518, 1, GPU-afa7121e-c5d0-2eb5-4e9a-8b001ff7a220, NVIDIA A100-SXM4-40GB, 36749, 40960, 48, 114.80, 35
nid001132,2026/05/03 14:16:11.519, 2, GPU-4dea0284-873a-fa20-cc19-10ca82324573, NVIDIA A100-SXM4-40GB, 36749, 40960, 84, 104.59, 36
nid001132,2026/05/03 14:16:11.521, 3, GPU-cba17786-ea73-0caf-0d43-c838fbb66bcd, NVIDIA A100-SXM4-40GB, 36749, 40960, 39, 110.51, 33
nid001133,2026/05/03 14:16:12.386, 0, GPU-43cac420-244c-9975-fbd1-604f88cdd44c, NVIDIA A100-SXM4-40GB, 37481, 40960, 32, 103.84, 35
nid001133,2026/05/03 14:16:12.389, 1, GPU-73838956-9ad1-3484-0ba2-7d8b02c7a72a, NVIDIA A100-SXM4-40GB, 37471, 40960, 26, 103.08, 34
nid001133,2026/05/03 14:16:12.391, 2, GPU-aee03275-201a-58e4-7b5a-f08a6e4c1e50, NVIDIA A100-SXM4-40GB, 37471, 40960, 94, 102.43, 36
nid001133,2026/05/03 14:16:12.392, 3, GPU-e0003d1b-186b-2e66-9474-0b7af5c50af4, NVIDIA A100-SXM4-40GB, 37471, 40960, 76, 99.40, 35
nid001132,2026/05/03 14:16:15.268, 0, GPU-1ee6ac61-44ab-b161-9de0-16bbb44716e7, NVIDIA A100-SXM4-40GB, 36817, 40960, 100, 105.76, 38
nid001132,2026/05/03 14:16:15.274, 1, GPU-afa7121e-c5d0-2eb5-4e9a-8b001ff7a220, NVIDIA A100-SXM4-40GB, 36749, 40960, 12, 100.51, 34
nid001132,2026/05/03 14:16:15.279, 2, GPU-4dea0284-873a-fa20-cc19-10ca82324573, NVIDIA A100-SXM4-40GB, 36749, 40960, 91, 104.00, 36
nid001132,2026/05/03 14:16:15.283, 3, GPU-cba17786-ea73-0caf-0d43-c838fbb66bcd, NVIDIA A100-SXM4-40GB, 36749, 40960, 100, 105.12, 33
nid001133,2026/05/03 14:16:16.188, 0, GPU-43cac420-244c-9975-fbd1-604f88cdd44c, NVIDIA A100-SXM4-40GB, 37481, 40960, 3, 104.12, 35
nid001133,2026/05/03 14:16:16.191, 1, GPU-73838956-9ad1-3484-0ba2-7d8b02c7a72a, NVIDIA A100-SXM4-40GB, 37471, 40960, 71, 102.20, 34
nid001133,2026/05/03 14:16:16.192, 2, GPU-aee03275-201a-58e4-7b5a-f08a6e4c1e50, NVIDIA A100-SXM4-40GB, 37471, 40960, 89, 102.55, 36
nid001133,2026/05/03 14:16:16.193, 3, GPU-e0003d1b-186b-2e66-9474-0b7af5c50af4, NVIDIA A100-SXM4-40GB, 37471, 40960, 100, 99.28, 35
nid001132,2026/05/03 14:16:19.119, 0, GPU-1ee6ac61-44ab-b161-9de0-16bbb44716e7, NVIDIA A100-SXM4-40GB, 36817, 40960, 0, 107.81, 38
nid001132,2026/05/03 14:16:19.126, 1, GPU-afa7121e-c5d0-2eb5-4e9a-8b001ff7a220, NVIDIA A100-SXM4-40GB, 36749, 40960, 7, 100.80, 34
nid001132,2026/05/03 14:16:19.128, 2, GPU-4dea0284-873a-fa20-cc19-10ca82324573, NVIDIA A100-SXM4-40GB, 36749, 40960, 0, 110.88, 36
nid001132,2026/05/03 14:16:19.130, 3, GPU-cba17786-ea73-0caf-0d43-c838fbb66bcd, NVIDIA A100-SXM4-40GB, 36749, 40960, 52, 126.20, 33
nid001133,2026/05/03 14:16:20.008, 0, GPU-43cac420-244c-9975-fbd1-604f88cdd44c, NVIDIA A100-SXM4-40GB, 37481, 40960, 13, 103.96, 35
nid001133,2026/05/03 14:16:20.011, 1, GPU-73838956-9ad1-3484-0ba2-7d8b02c7a72a, NVIDIA A100-SXM4-40GB, 37471, 40960, 23, 102.79, 34
nid001133,2026/05/03 14:16:20.012, 2, GPU-aee03275-201a-58e4-7b5a-f08a6e4c1e50, NVIDIA A100-SXM4-40GB, 37471, 40960, 0, 102.56, 36
nid001133,2026/05/03 14:16:20.014, 3, GPU-e0003d1b-186b-2e66-9474-0b7af5c50af4, NVIDIA A100-SXM4-40GB, 37471, 40960, 0, 99.51, 35
nid001132,2026/05/03 14:16:22.937, 0, GPU-1ee6ac61-44ab-b161-9de0-16bbb44716e7, NVIDIA A100-SXM4-40GB, 36817, 40960, 25, 105.53, 38
nid001132,2026/05/03 14:16:22.939, 1, GPU-afa7121e-c5d0-2eb5-4e9a-8b001ff7a220, NVIDIA A100-SXM4-40GB, 36749, 40960, 0, 101.43, 34
nid001132,2026/05/03 14:16:22.941, 2, GPU-4dea0284-873a-fa20-cc19-10ca82324573, NVIDIA A100-SXM4-40GB, 36749, 40960, 22, 103.60, 36
nid001132,2026/05/03 14:16:22.942, 3, GPU-cba17786-ea73-0caf-0d43-c838fbb66bcd, NVIDIA A100-SXM4-40GB, 36749, 40960, 41, 105.37, 33
nid001133,2026/05/03 14:16:23.764, 0, GPU-43cac420-244c-9975-fbd1-604f88cdd44c, NVIDIA A100-SXM4-40GB, 37481, 40960, 45, 103.96, 35
nid001133,2026/05/03 14:16:23.767, 1, GPU-73838956-9ad1-3484-0ba2-7d8b02c7a72a, NVIDIA A100-SXM4-40GB, 37471, 40960, 29, 102.96, 34
nid001133,2026/05/03 14:16:23.768, 2, GPU-aee03275-201a-58e4-7b5a-f08a6e4c1e50, NVIDIA A100-SXM4-40GB, 37471, 40960, 90, 102.43, 36
nid001133,2026/05/03 14:16:23.770, 3, GPU-e0003d1b-186b-2e66-9474-0b7af5c50af4, NVIDIA A100-SXM4-40GB, 37471, 40960, 32, 99.40, 35
nid001132,2026/05/03 14:16:26.671, 0, GPU-1ee6ac61-44ab-b161-9de0-16bbb44716e7, NVIDIA A100-SXM4-40GB, 36817, 40960, 58, 105.76, 38
nid001132,2026/05/03 14:16:26.674, 1, GPU-afa7121e-c5d0-2eb5-4e9a-8b001ff7a220, NVIDIA A100-SXM4-40GB, 36749, 40960, 0, 101.03, 35
nid001132,2026/05/03 14:16:26.675, 2, GPU-4dea0284-873a-fa20-cc19-10ca82324573, NVIDIA A100-SXM4-40GB, 36749, 40960, 11, 103.71, 36
nid001132,2026/05/03 14:16:26.677, 3, GPU-cba17786-ea73-0caf-0d43-c838fbb66bcd, NVIDIA A100-SXM4-40GB, 36749, 40960, 50, 105.24, 33
nid001133,2026/05/03 14:16:27.516, 0, GPU-43cac420-244c-9975-fbd1-604f88cdd44c, NVIDIA A100-SXM4-40GB, 37481, 40960, 27, 104.88, 35
nid001133,2026/05/03 14:16:27.518, 1, GPU-73838956-9ad1-3484-0ba2-7d8b02c7a72a, NVIDIA A100-SXM4-40GB, 37471, 40960, 72, 107.05, 34
nid001133,2026/05/03 14:16:27.520, 2, GPU-aee03275-201a-58e4-7b5a-f08a6e4c1e50, NVIDIA A100-SXM4-40GB, 37471, 40960, 65, 123.25, 37
nid001133,2026/05/03 14:16:27.521, 3, GPU-e0003d1b-186b-2e66-9474-0b7af5c50af4, NVIDIA A100-SXM4-40GB, 37471, 40960, 55, 99.40, 35
nid001132,2026/05/03 14:16:30.404, 0, GPU-1ee6ac61-44ab-b161-9de0-16bbb44716e7, NVIDIA A100-SXM4-40GB, 36817, 40960, 57, 105.76, 38
nid001132,2026/05/03 14:16:30.406, 1, GPU-afa7121e-c5d0-2eb5-4e9a-8b001ff7a220, NVIDIA A100-SXM4-40GB, 36749, 40960, 19, 101.15, 35
nid001132,2026/05/03 14:16:30.408, 2, GPU-4dea0284-873a-fa20-cc19-10ca82324573, NVIDIA A100-SXM4-40GB, 36749, 40960, 62, 103.71, 36
nid001132,2026/05/03 14:16:30.409, 3, GPU-cba17786-ea73-0caf-0d43-c838fbb66bcd, NVIDIA A100-SXM4-40GB, 36749, 40960, 67, 105.12, 33
nid001133,2026/05/03 14:16:31.265, 0, GPU-43cac420-244c-9975-fbd1-604f88cdd44c, NVIDIA A100-SXM4-40GB, 37481, 40960, 0, 103.84, 35
nid001133,2026/05/03 14:16:31.268, 1, GPU-73838956-9ad1-3484-0ba2-7d8b02c7a72a, NVIDIA A100-SXM4-40GB, 37471, 40960, 0, 102.96, 34
nid001133,2026/05/03 14:16:31.270, 2, GPU-aee03275-201a-58e4-7b5a-f08a6e4c1e50, NVIDIA A100-SXM4-40GB, 37471, 40960, 0, 102.43, 36
nid001133,2026/05/03 14:16:31.271, 3, GPU-e0003d1b-186b-2e66-9474-0b7af5c50af4, NVIDIA A100-SXM4-40GB, 37471, 40960, 26, 99.40, 35
nid001132,2026/05/03 14:16:34.139, 0, GPU-1ee6ac61-44ab-b161-9de0-16bbb44716e7, NVIDIA A100-SXM4-40GB, 36817, 40960, 100, 107.17, 38
nid001132,2026/05/03 14:16:34.141, 1, GPU-afa7121e-c5d0-2eb5-4e9a-8b001ff7a220, NVIDIA A100-SXM4-40GB, 36749, 40960, 33, 101.15, 35
nid001132,2026/05/03 14:16:34.143, 2, GPU-4dea0284-873a-fa20-cc19-10ca82324573, NVIDIA A100-SXM4-40GB, 36749, 40960, 0, 106.40, 36
nid001132,2026/05/03 14:16:34.145, 3, GPU-cba17786-ea73-0caf-0d43-c838fbb66bcd, NVIDIA A100-SXM4-40GB, 36749, 40960, 16, 118.17, 33
nid001133,2026/05/03 14:16:34.999, 0, GPU-43cac420-244c-9975-fbd1-604f88cdd44c, NVIDIA A100-SXM4-40GB, 37481, 40960, 0, 103.84, 35
nid001133,2026/05/03 14:16:35.002, 1, GPU-73838956-9ad1-3484-0ba2-7d8b02c7a72a, NVIDIA A100-SXM4-40GB, 37471, 40960, 0, 102.79, 34
nid001133,2026/05/03 14:16:35.004, 2, GPU-aee03275-201a-58e4-7b5a-f08a6e4c1e50, NVIDIA A100-SXM4-40GB, 37471, 40960, 0, 102.43, 36
nid001133,2026/05/03 14:16:35.005, 3, GPU-e0003d1b-186b-2e66-9474-0b7af5c50af4, NVIDIA A100-SXM4-40GB, 37471, 40960, 0, 99.51, 35
nid001132,2026/05/03 14:16:37.882, 0, GPU-1ee6ac61-44ab-b161-9de0-16bbb44716e7, NVIDIA A100-SXM4-40GB, 36817, 40960, 0, 110.72, 38
nid001132,2026/05/03 14:16:37.885, 1, GPU-afa7121e-c5d0-2eb5-4e9a-8b001ff7a220, NVIDIA A100-SXM4-40GB, 36749, 40960, 22, 102.55, 35
nid001132,2026/05/03 14:16:37.886, 2, GPU-4dea0284-873a-fa20-cc19-10ca82324573, NVIDIA A100-SXM4-40GB, 36749, 40960, 0, 116.23, 36
nid001132,2026/05/03 14:16:37.888, 3, GPU-cba17786-ea73-0caf-0d43-c838fbb66bcd, NVIDIA A100-SXM4-40GB, 36749, 40960, 0, 129.77, 33
nid001133,2026/05/03 14:16:38.799, 0, GPU-43cac420-244c-9975-fbd1-604f88cdd44c, NVIDIA A100-SXM4-40GB, 37481, 40960, 0, 103.84, 35
nid001133,2026/05/03 14:16:38.802, 1, GPU-73838956-9ad1-3484-0ba2-7d8b02c7a72a, NVIDIA A100-SXM4-40GB, 37471, 40960, 24, 103.20, 34
nid001133,2026/05/03 14:16:38.803, 2, GPU-aee03275-201a-58e4-7b5a-f08a6e4c1e50, NVIDIA A100-SXM4-40GB, 37471, 40960, 0, 102.43, 37
nid001133,2026/05/03 14:16:38.805, 3, GPU-e0003d1b-186b-2e66-9474-0b7af5c50af4, NVIDIA A100-SXM4-40GB, 37471, 40960, 0, 99.40, 35
nid001132,2026/05/03 14:16:41.678, 0, GPU-1ee6ac61-44ab-b161-9de0-16bbb44716e7, NVIDIA A100-SXM4-40GB, 36817, 40960, 33, 105.76, 38
nid001132,2026/05/03 14:16:41.680, 1, GPU-afa7121e-c5d0-2eb5-4e9a-8b001ff7a220, NVIDIA A100-SXM4-40GB, 36749, 40960, 29, 110.72, 35
nid001132,2026/05/03 14:16:41.683, 2, GPU-4dea0284-873a-fa20-cc19-10ca82324573, NVIDIA A100-SXM4-40GB, 36749, 40960, 29, 103.84, 36
nid001132,2026/05/03 14:16:41.684, 3, GPU-cba17786-ea73-0caf-0d43-c838fbb66bcd, NVIDIA A100-SXM4-40GB, 36749, 40960, 73, 105.37, 33
nid001133,2026/05/03 14:16:42.576, 0, GPU-43cac420-244c-9975-fbd1-604f88cdd44c, NVIDIA A100-SXM4-40GB, 37481, 40960, 33, 103.84, 35
nid001133,2026/05/03 14:16:42.579, 1, GPU-73838956-9ad1-3484-0ba2-7d8b02c7a72a, NVIDIA A100-SXM4-40GB, 37471, 40960, 15, 103.20, 34
nid001133,2026/05/03 14:16:42.580, 2, GPU-aee03275-201a-58e4-7b5a-f08a6e4c1e50, NVIDIA A100-SXM4-40GB, 37471, 40960, 1, 102.31, 36
nid001133,2026/05/03 14:16:42.582, 3, GPU-e0003d1b-186b-2e66-9474-0b7af5c50af4, NVIDIA A100-SXM4-40GB, 37471, 40960, 0, 99.40, 35
nid001132,2026/05/03 14:16:45.489, 0, GPU-1ee6ac61-44ab-b161-9de0-16bbb44716e7, NVIDIA A100-SXM4-40GB, 36817, 40960, 100, 105.64, 38
nid001132,2026/05/03 14:16:45.491, 1, GPU-afa7121e-c5d0-2eb5-4e9a-8b001ff7a220, NVIDIA A100-SXM4-40GB, 36749, 40960, 0, 101.32, 35
nid001132,2026/05/03 14:16:45.493, 2, GPU-4dea0284-873a-fa20-cc19-10ca82324573, NVIDIA A100-SXM4-40GB, 36749, 40960, 28, 103.71, 36
nid001132,2026/05/03 14:16:45.494, 3, GPU-cba17786-ea73-0caf-0d43-c838fbb66bcd, NVIDIA A100-SXM4-40GB, 36749, 40960, 39, 105.24, 33
nid001133,2026/05/03 14:16:46.426, 0, GPU-43cac420-244c-9975-fbd1-604f88cdd44c, NVIDIA A100-SXM4-40GB, 37481, 40960, 11, 127.05, 36
nid001133,2026/05/03 14:16:46.429, 1, GPU-73838956-9ad1-3484-0ba2-7d8b02c7a72a, NVIDIA A100-SXM4-40GB, 37471, 40960, 94, 128.92, 34
nid001133,2026/05/03 14:16:46.430, 2, GPU-aee03275-201a-58e4-7b5a-f08a6e4c1e50, NVIDIA A100-SXM4-40GB, 37471, 40960, 32, 121.07, 37
nid001133,2026/05/03 14:16:46.432, 3, GPU-e0003d1b-186b-2e66-9474-0b7af5c50af4, NVIDIA A100-SXM4-40GB, 37471, 40960, 74, 131.81, 35
nid001132,2026/05/03 14:16:49.386, 0, GPU-1ee6ac61-44ab-b161-9de0-16bbb44716e7, NVIDIA A100-SXM4-40GB, 36817, 40960, 95, 115.74, 38
nid001132,2026/05/03 14:16:49.388, 1, GPU-afa7121e-c5d0-2eb5-4e9a-8b001ff7a220, NVIDIA A100-SXM4-40GB, 36749, 40960, 67, 117.13, 35
nid001132,2026/05/03 14:16:49.390, 2, GPU-4dea0284-873a-fa20-cc19-10ca82324573, NVIDIA A100-SXM4-40GB, 36749, 40960, 62, 117.89, 36
nid001132,2026/05/03 14:16:49.392, 3, GPU-cba17786-ea73-0caf-0d43-c838fbb66bcd, NVIDIA A100-SXM4-40GB, 36749, 40960, 39, 109.22, 33
nid001133,2026/05/03 14:16:50.193, 0, GPU-43cac420-244c-9975-fbd1-604f88cdd44c, NVIDIA A100-SXM4-40GB, 37481, 40960, 55, 103.72, 35
nid001133,2026/05/03 14:16:50.195, 1, GPU-73838956-9ad1-3484-0ba2-7d8b02c7a72a, NVIDIA A100-SXM4-40GB, 37471, 40960, 0, 103.08, 34
nid001133,2026/05/03 14:16:50.197, 2, GPU-aee03275-201a-58e4-7b5a-f08a6e4c1e50, NVIDIA A100-SXM4-40GB, 37471, 40960, 0, 102.43, 36
nid001133,2026/05/03 14:16:50.199, 3, GPU-e0003d1b-186b-2e66-9474-0b7af5c50af4, NVIDIA A100-SXM4-40GB, 37471, 40960, 11, 99.51, 35
nid001132,2026/05/03 14:16:53.068, 0, GPU-1ee6ac61-44ab-b161-9de0-16bbb44716e7, NVIDIA A100-SXM4-40GB, 36817, 40960, 31, 105.53, 38
nid001132,2026/05/03 14:16:53.070, 1, GPU-afa7121e-c5d0-2eb5-4e9a-8b001ff7a220, NVIDIA A100-SXM4-40GB, 36749, 40960, 0, 101.15, 34
nid001132,2026/05/03 14:16:53.072, 2, GPU-4dea0284-873a-fa20-cc19-10ca82324573, NVIDIA A100-SXM4-40GB, 36749, 40960, 0, 103.60, 36
nid001132,2026/05/03 14:16:53.073, 3, GPU-cba17786-ea73-0caf-0d43-c838fbb66bcd, NVIDIA A100-SXM4-40GB, 36749, 40960, 78, 105.12, 33
nid001133,2026/05/03 14:16:53.918, 0, GPU-43cac420-244c-9975-fbd1-604f88cdd44c, NVIDIA A100-SXM4-40GB, 37481, 40960, 59, 103.96, 35
nid001133,2026/05/03 14:16:53.921, 1, GPU-73838956-9ad1-3484-0ba2-7d8b02c7a72a, NVIDIA A100-SXM4-40GB, 37471, 40960, 77, 103.32, 34
nid001133,2026/05/03 14:16:53.922, 2, GPU-aee03275-201a-58e4-7b5a-f08a6e4c1e50, NVIDIA A100-SXM4-40GB, 37471, 40960, 60, 102.96, 37
nid001133,2026/05/03 14:16:53.924, 3, GPU-e0003d1b-186b-2e66-9474-0b7af5c50af4, NVIDIA A100-SXM4-40GB, 37471, 40960, 47, 99.40, 35
nid001132,2026/05/03 14:16:56.807, 0, GPU-1ee6ac61-44ab-b161-9de0-16bbb44716e7, NVIDIA A100-SXM4-40GB, 36817, 40960, 64, 112.66, 38
nid001132,2026/05/03 14:16:56.810, 1, GPU-afa7121e-c5d0-2eb5-4e9a-8b001ff7a220, NVIDIA A100-SXM4-40GB, 36749, 40960, 58, 102.31, 35
nid001132,2026/05/03 14:16:56.811, 2, GPU-4dea0284-873a-fa20-cc19-10ca82324573, NVIDIA A100-SXM4-40GB, 36749, 40960, 100, 118.74, 36
nid001132,2026/05/03 14:16:56.813, 3, GPU-cba17786-ea73-0caf-0d43-c838fbb66bcd, NVIDIA A100-SXM4-40GB, 36749, 40960, 56, 105.24, 33
nid001133,2026/05/03 14:16:57.721, 0, GPU-43cac420-244c-9975-fbd1-604f88cdd44c, NVIDIA A100-SXM4-40GB, 37481, 40960, 97, 104.59, 35
nid001133,2026/05/03 14:16:57.724, 1, GPU-73838956-9ad1-3484-0ba2-7d8b02c7a72a, NVIDIA A100-SXM4-40GB, 37471, 40960, 30, 106.53, 34
nid001133,2026/05/03 14:16:57.726, 2, GPU-aee03275-201a-58e4-7b5a-f08a6e4c1e50, NVIDIA A100-SXM4-40GB, 37471, 40960, 81, 122.49, 37
nid001133,2026/05/03 14:16:57.727, 3, GPU-e0003d1b-186b-2e66-9474-0b7af5c50af4, NVIDIA A100-SXM4-40GB, 37471, 40960, 36, 100.63, 35
nid001132,2026/05/03 14:17:00.604, 0, GPU-1ee6ac61-44ab-b161-9de0-16bbb44716e7, NVIDIA A100-SXM4-40GB, 36817, 40960, 0, 105.76, 38
nid001132,2026/05/03 14:17:00.607, 1, GPU-afa7121e-c5d0-2eb5-4e9a-8b001ff7a220, NVIDIA A100-SXM4-40GB, 36749, 40960, 24, 104.36, 35
nid001132,2026/05/03 14:17:00.609, 2, GPU-4dea0284-873a-fa20-cc19-10ca82324573, NVIDIA A100-SXM4-40GB, 36749, 40960, 54, 107.03, 36
nid001132,2026/05/03 14:17:00.611, 3, GPU-cba17786-ea73-0caf-0d43-c838fbb66bcd, NVIDIA A100-SXM4-40GB, 36749, 40960, 0, 110.61, 33
nid001133,2026/05/03 14:17:01.614, 0, GPU-43cac420-244c-9975-fbd1-604f88cdd44c, NVIDIA A100-SXM4-40GB, 37481, 40960, 0, 117.37, 35
nid001133,2026/05/03 14:17:01.616, 1, GPU-73838956-9ad1-3484-0ba2-7d8b02c7a72a, NVIDIA A100-SXM4-40GB, 37471, 40960, 0, 108.69, 34
nid001133,2026/05/03 14:17:01.618, 2, GPU-aee03275-201a-58e4-7b5a-f08a6e4c1e50, NVIDIA A100-SXM4-40GB, 37471, 40960, 0, 102.79, 36
nid001133,2026/05/03 14:17:01.620, 3, GPU-e0003d1b-186b-2e66-9474-0b7af5c50af4, NVIDIA A100-SXM4-40GB, 37471, 40960, 0, 99.22, 35
nid001132,2026/05/03 14:17:04.600, 0, GPU-1ee6ac61-44ab-b161-9de0-16bbb44716e7, NVIDIA A100-SXM4-40GB, 36817, 40960, 0, 105.76, 38
nid001132,2026/05/03 14:17:04.602, 1, GPU-afa7121e-c5d0-2eb5-4e9a-8b001ff7a220, NVIDIA A100-SXM4-40GB, 36749, 40960, 14, 101.15, 34
nid001132,2026/05/03 14:17:04.604, 2, GPU-4dea0284-873a-fa20-cc19-10ca82324573, NVIDIA A100-SXM4-40GB, 36749, 40960, 9, 103.60, 36
nid001132,2026/05/03 14:17:04.605, 3, GPU-cba17786-ea73-0caf-0d43-c838fbb66bcd, NVIDIA A100-SXM4-40GB, 36749, 40960, 0, 105.12, 33
nid001133,2026/05/03 14:17:05.618, 0, GPU-43cac420-244c-9975-fbd1-604f88cdd44c, NVIDIA A100-SXM4-40GB, 37481, 40960, 0, 103.96, 35
nid001133,2026/05/03 14:17:05.621, 1, GPU-73838956-9ad1-3484-0ba2-7d8b02c7a72a, NVIDIA A100-SXM4-40GB, 37471, 40960, 2, 103.08, 34
nid001133,2026/05/03 14:17:05.623, 2, GPU-aee03275-201a-58e4-7b5a-f08a6e4c1e50, NVIDIA A100-SXM4-40GB, 37471, 40960, 67, 102.43, 36
nid001133,2026/05/03 14:17:05.624, 3, GPU-e0003d1b-186b-2e66-9474-0b7af5c50af4, NVIDIA A100-SXM4-40GB, 37471, 40960, 3, 99.40, 35
nid001132,2026/05/03 14:17:08.533, 0, GPU-1ee6ac61-44ab-b161-9de0-16bbb44716e7, NVIDIA A100-SXM4-40GB, 36817, 40960, 0, 105.76, 38
nid001132,2026/05/03 14:17:08.539, 1, GPU-afa7121e-c5d0-2eb5-4e9a-8b001ff7a220, NVIDIA A100-SXM4-40GB, 36749, 40960, 38, 101.03, 34
nid001132,2026/05/03 14:17:08.544, 2, GPU-4dea0284-873a-fa20-cc19-10ca82324573, NVIDIA A100-SXM4-40GB, 36749, 40960, 46, 103.71, 36
nid001132,2026/05/03 14:17:08.549, 3, GPU-cba17786-ea73-0caf-0d43-c838fbb66bcd, NVIDIA A100-SXM4-40GB, 36749, 40960, 78, 105.00, 33
nid001133,2026/05/03 14:17:09.442, 0, GPU-43cac420-244c-9975-fbd1-604f88cdd44c, NVIDIA A100-SXM4-40GB, 37481, 40960, 14, 103.84, 35
nid001133,2026/05/03 14:17:09.445, 1, GPU-73838956-9ad1-3484-0ba2-7d8b02c7a72a, NVIDIA A100-SXM4-40GB, 37471, 40960, 27, 102.96, 34
nid001133,2026/05/03 14:17:09.447, 2, GPU-aee03275-201a-58e4-7b5a-f08a6e4c1e50, NVIDIA A100-SXM4-40GB, 37471, 40960, 78, 102.43, 36
nid001133,2026/05/03 14:17:09.453, 3, GPU-e0003d1b-186b-2e66-9474-0b7af5c50af4, NVIDIA A100-SXM4-40GB, 37471, 40960, 0, 99.40, 35
nid001132,2026/05/03 14:17:12.378, 0, GPU-1ee6ac61-44ab-b161-9de0-16bbb44716e7, NVIDIA A100-SXM4-40GB, 36817, 40960, 25, 106.76, 38
nid001132,2026/05/03 14:17:12.381, 1, GPU-afa7121e-c5d0-2eb5-4e9a-8b001ff7a220, NVIDIA A100-SXM4-40GB, 36749, 40960, 54, 121.74, 35
nid001132,2026/05/03 14:17:12.382, 2, GPU-4dea0284-873a-fa20-cc19-10ca82324573, NVIDIA A100-SXM4-40GB, 36749, 40960, 2, 124.39, 36
nid001132,2026/05/03 14:17:12.384, 3, GPU-cba17786-ea73-0caf-0d43-c838fbb66bcd, NVIDIA A100-SXM4-40GB, 36749, 40960, 15, 113.94, 33
nid001133,2026/05/03 14:17:13.201, 0, GPU-43cac420-244c-9975-fbd1-604f88cdd44c, NVIDIA A100-SXM4-40GB, 37481, 40960, 17, 118.41, 35
nid001133,2026/05/03 14:17:13.204, 1, GPU-73838956-9ad1-3484-0ba2-7d8b02c7a72a, NVIDIA A100-SXM4-40GB, 37471, 40960, 0, 102.96, 34
nid001133,2026/05/03 14:17:13.205, 2, GPU-aee03275-201a-58e4-7b5a-f08a6e4c1e50, NVIDIA A100-SXM4-40GB, 37471, 40960, 0, 102.67, 36
nid001133,2026/05/03 14:17:13.207, 3, GPU-e0003d1b-186b-2e66-9474-0b7af5c50af4, NVIDIA A100-SXM4-40GB, 37471, 40960, 0, 99.40, 35
nid001132,2026/05/03 14:17:16.179, 0, GPU-1ee6ac61-44ab-b161-9de0-16bbb44716e7, NVIDIA A100-SXM4-40GB, 36817, 40960, 37, 112.13, 38
nid001132,2026/05/03 14:17:16.181, 1, GPU-afa7121e-c5d0-2eb5-4e9a-8b001ff7a220, NVIDIA A100-SXM4-40GB, 36749, 40960, 15, 104.24, 35
nid001132,2026/05/03 14:17:16.183, 2, GPU-4dea0284-873a-fa20-cc19-10ca82324573, NVIDIA A100-SXM4-40GB, 36749, 40960, 10, 108.68, 36
nid001132,2026/05/03 14:17:16.184, 3, GPU-cba17786-ea73-0caf-0d43-c838fbb66bcd, NVIDIA A100-SXM4-40GB, 36749, 40960, 29, 117.93, 33
nid001133,2026/05/03 14:17:17.021, 0, GPU-43cac420-244c-9975-fbd1-604f88cdd44c, NVIDIA A100-SXM4-40GB, 37481, 40960, 0, 103.96, 35
nid001133,2026/05/03 14:17:17.024, 1, GPU-73838956-9ad1-3484-0ba2-7d8b02c7a72a, NVIDIA A100-SXM4-40GB, 37471, 40960, 0, 103.08, 34
nid001133,2026/05/03 14:17:17.025, 2, GPU-aee03275-201a-58e4-7b5a-f08a6e4c1e50, NVIDIA A100-SXM4-40GB, 37471, 40960, 0, 102.43, 36
nid001133,2026/05/03 14:17:17.027, 3, GPU-e0003d1b-186b-2e66-9474-0b7af5c50af4, NVIDIA A100-SXM4-40GB, 37471, 40960, 0, 99.51, 35
nid001132,2026/05/03 14:17:19.923, 0, GPU-1ee6ac61-44ab-b161-9de0-16bbb44716e7, NVIDIA A100-SXM4-40GB, 36817, 40960, 0, 123.40, 38
nid001132,2026/05/03 14:17:19.926, 1, GPU-afa7121e-c5d0-2eb5-4e9a-8b001ff7a220, NVIDIA A100-SXM4-40GB, 36749, 40960, 89, 109.09, 35
nid001132,2026/05/03 14:17:19.927, 2, GPU-4dea0284-873a-fa20-cc19-10ca82324573, NVIDIA A100-SXM4-40GB, 36749, 40960, 53, 108.68, 36
nid001132,2026/05/03 14:17:19.929, 3, GPU-cba17786-ea73-0caf-0d43-c838fbb66bcd, NVIDIA A100-SXM4-40GB, 36749, 40960, 36, 110.98, 33
nid001133,2026/05/03 14:17:20.825, 0, GPU-43cac420-244c-9975-fbd1-604f88cdd44c, NVIDIA A100-SXM4-40GB, 37481, 40960, 0, 103.84, 35
nid001133,2026/05/03 14:17:20.827, 1, GPU-73838956-9ad1-3484-0ba2-7d8b02c7a72a, NVIDIA A100-SXM4-40GB, 37471, 40960, 0, 102.79, 34
nid001133,2026/05/03 14:17:20.829, 2, GPU-aee03275-201a-58e4-7b5a-f08a6e4c1e50, NVIDIA A100-SXM4-40GB, 37471, 40960, 0, 102.43, 36
nid001133,2026/05/03 14:17:20.830, 3, GPU-e0003d1b-186b-2e66-9474-0b7af5c50af4, NVIDIA A100-SXM4-40GB, 37471, 40960, 6, 99.40, 35
nid001132,2026/05/03 14:17:23.861, 0, GPU-1ee6ac61-44ab-b161-9de0-16bbb44716e7, NVIDIA A100-SXM4-40GB, 36817, 40960, 47, 114.04, 38
nid001132,2026/05/03 14:17:23.867, 1, GPU-afa7121e-c5d0-2eb5-4e9a-8b001ff7a220, NVIDIA A100-SXM4-40GB, 36749, 40960, 24, 101.43, 35
nid001132,2026/05/03 14:17:23.873, 2, GPU-4dea0284-873a-fa20-cc19-10ca82324573, NVIDIA A100-SXM4-40GB, 36749, 40960, 67, 119.27, 36
nid001132,2026/05/03 14:17:23.879, 3, GPU-cba17786-ea73-0caf-0d43-c838fbb66bcd, NVIDIA A100-SXM4-40GB, 36749, 40960, 20, 112.13, 33
nid001133,2026/05/03 14:17:24.828, 0, GPU-43cac420-244c-9975-fbd1-604f88cdd44c, NVIDIA A100-SXM4-40GB, 37481, 40960, 2, 114.32, 35
nid001133,2026/05/03 14:17:24.831, 1, GPU-73838956-9ad1-3484-0ba2-7d8b02c7a72a, NVIDIA A100-SXM4-40GB, 37471, 40960, 76, 119.55, 34
nid001133,2026/05/03 14:17:24.832, 2, GPU-aee03275-201a-58e4-7b5a-f08a6e4c1e50, NVIDIA A100-SXM4-40GB, 37471, 40960, 75, 125.01, 37
nid001133,2026/05/03 14:17:24.834, 3, GPU-e0003d1b-186b-2e66-9474-0b7af5c50af4, NVIDIA A100-SXM4-40GB, 37471, 40960, 0, 118.41, 35
nid001132,2026/05/03 14:17:27.790, 0, GPU-1ee6ac61-44ab-b161-9de0-16bbb44716e7, NVIDIA A100-SXM4-40GB, 36817, 40960, 95, 247.13, 39
nid001132,2026/05/03 14:17:27.793, 1, GPU-afa7121e-c5d0-2eb5-4e9a-8b001ff7a220, NVIDIA A100-SXM4-40GB, 36749, 40960, 51, 106.64, 36
nid001132,2026/05/03 14:17:27.795, 2, GPU-4dea0284-873a-fa20-cc19-10ca82324573, NVIDIA A100-SXM4-40GB, 36749, 40960, 27, 126.14, 37
nid001132,2026/05/03 14:17:27.797, 3, GPU-cba17786-ea73-0caf-0d43-c838fbb66bcd, NVIDIA A100-SXM4-40GB, 36749, 40960, 100, 192.66, 34
nid001133,2026/05/03 14:17:28.634, 0, GPU-43cac420-244c-9975-fbd1-604f88cdd44c, NVIDIA A100-SXM4-40GB, 37481, 40960, 0, 104.12, 35
nid001133,2026/05/03 14:17:28.637, 1, GPU-73838956-9ad1-3484-0ba2-7d8b02c7a72a, NVIDIA A100-SXM4-40GB, 37471, 40960, 12, 103.08, 34
nid001133,2026/05/03 14:17:28.639, 2, GPU-aee03275-201a-58e4-7b5a-f08a6e4c1e50, NVIDIA A100-SXM4-40GB, 37471, 40960, 41, 102.67, 37
nid001133,2026/05/03 14:17:28.640, 3, GPU-e0003d1b-186b-2e66-9474-0b7af5c50af4, NVIDIA A100-SXM4-40GB, 37471, 40960, 0, 99.40, 35
nid001132,2026/05/03 14:17:31.555, 0, GPU-1ee6ac61-44ab-b161-9de0-16bbb44716e7, NVIDIA A100-SXM4-40GB, 36817, 40960, 22, 105.76, 38
nid001132,2026/05/03 14:17:31.558, 1, GPU-afa7121e-c5d0-2eb5-4e9a-8b001ff7a220, NVIDIA A100-SXM4-40GB, 36749, 40960, 77, 101.43, 35
nid001132,2026/05/03 14:17:31.559, 2, GPU-4dea0284-873a-fa20-cc19-10ca82324573, NVIDIA A100-SXM4-40GB, 36749, 40960, 100, 103.84, 36
nid001132,2026/05/03 14:17:31.561, 3, GPU-cba17786-ea73-0caf-0d43-c838fbb66bcd, NVIDIA A100-SXM4-40GB, 36749, 40960, 21, 105.12, 33
nid001133,2026/05/03 14:17:32.442, 0, GPU-43cac420-244c-9975-fbd1-604f88cdd44c, NVIDIA A100-SXM4-40GB, 37481, 40960, 3, 103.96, 35
nid001133,2026/05/03 14:17:32.450, 1, GPU-73838956-9ad1-3484-0ba2-7d8b02c7a72a, NVIDIA A100-SXM4-40GB, 37471, 40960, 44, 103.08, 34
nid001133,2026/05/03 14:17:32.456, 2, GPU-aee03275-201a-58e4-7b5a-f08a6e4c1e50, NVIDIA A100-SXM4-40GB, 37471, 40960, 8, 102.43, 36
nid001133,2026/05/03 14:17:32.459, 3, GPU-e0003d1b-186b-2e66-9474-0b7af5c50af4, NVIDIA A100-SXM4-40GB, 37471, 40960, 0, 99.40, 35
nid001132,2026/05/03 14:17:35.392, 0, GPU-1ee6ac61-44ab-b161-9de0-16bbb44716e7, NVIDIA A100-SXM4-40GB, 36817, 40960, 0, 105.76, 38
nid001132,2026/05/03 14:17:35.395, 1, GPU-afa7121e-c5d0-2eb5-4e9a-8b001ff7a220, NVIDIA A100-SXM4-40GB, 36749, 40960, 56, 100.63, 34
nid001132,2026/05/03 14:17:35.396, 2, GPU-4dea0284-873a-fa20-cc19-10ca82324573, NVIDIA A100-SXM4-40GB, 36749, 40960, 89, 103.60, 36
nid001132,2026/05/03 14:17:35.398, 3, GPU-cba17786-ea73-0caf-0d43-c838fbb66bcd, NVIDIA A100-SXM4-40GB, 36749, 40960, 92, 105.12, 33
nid001133,2026/05/03 14:17:36.264, 0, GPU-43cac420-244c-9975-fbd1-604f88cdd44c, NVIDIA A100-SXM4-40GB, 37481, 40960, 74, 104.12, 35
nid001133,2026/05/03 14:17:36.266, 1, GPU-73838956-9ad1-3484-0ba2-7d8b02c7a72a, NVIDIA A100-SXM4-40GB, 37471, 40960, 70, 102.96, 34
nid001133,2026/05/03 14:17:36.268, 2, GPU-aee03275-201a-58e4-7b5a-f08a6e4c1e50, NVIDIA A100-SXM4-40GB, 37471, 40960, 26, 102.31, 37
nid001133,2026/05/03 14:17:36.269, 3, GPU-e0003d1b-186b-2e66-9474-0b7af5c50af4, NVIDIA A100-SXM4-40GB, 37471, 40960, 28, 99.63, 35
nid001132,2026/05/03 14:17:39.515, 0, GPU-1ee6ac61-44ab-b161-9de0-16bbb44716e7, NVIDIA A100-SXM4-40GB, 36817, 40960, 46, 107.57, 38
nid001132,2026/05/03 14:17:39.517, 1, GPU-afa7121e-c5d0-2eb5-4e9a-8b001ff7a220, NVIDIA A100-SXM4-40GB, 36749, 40960, 42, 115.09, 35
nid001132,2026/05/03 14:17:39.519, 2, GPU-4dea0284-873a-fa20-cc19-10ca82324573, NVIDIA A100-SXM4-40GB, 36749, 40960, 46, 104.75, 36
nid001132,2026/05/03 14:17:39.520, 3, GPU-cba17786-ea73-0caf-0d43-c838fbb66bcd, NVIDIA A100-SXM4-40GB, 36749, 40960, 97, 106.29, 33
nid001133,2026/05/03 14:17:40.374, 0, GPU-43cac420-244c-9975-fbd1-604f88cdd44c, NVIDIA A100-SXM4-40GB, 37481, 40960, 76, 103.96, 35
nid001133,2026/05/03 14:17:40.377, 1, GPU-73838956-9ad1-3484-0ba2-7d8b02c7a72a, NVIDIA A100-SXM4-40GB, 37471, 40960, 35, 102.79, 34
nid001133,2026/05/03 14:17:40.378, 2, GPU-aee03275-201a-58e4-7b5a-f08a6e4c1e50, NVIDIA A100-SXM4-40GB, 37471, 40960, 39, 102.43, 36
nid001133,2026/05/03 14:17:40.380, 3, GPU-e0003d1b-186b-2e66-9474-0b7af5c50af4, NVIDIA A100-SXM4-40GB, 37471, 40960, 45, 99.40, 35
nid001132,2026/05/03 14:17:43.411, 0, GPU-1ee6ac61-44ab-b161-9de0-16bbb44716e7, NVIDIA A100-SXM4-40GB, 36817, 40960, 64, 105.89, 38
nid001132,2026/05/03 14:17:43.414, 1, GPU-afa7121e-c5d0-2eb5-4e9a-8b001ff7a220, NVIDIA A100-SXM4-40GB, 36749, 40960, 32, 100.92, 34
nid001132,2026/05/03 14:17:43.416, 2, GPU-4dea0284-873a-fa20-cc19-10ca82324573, NVIDIA A100-SXM4-40GB, 36749, 40960, 9, 103.84, 36
nid001132,2026/05/03 14:17:43.417, 3, GPU-cba17786-ea73-0caf-0d43-c838fbb66bcd, NVIDIA A100-SXM4-40GB, 36749, 40960, 58, 105.12, 33
nid001133,2026/05/03 14:17:44.280, 0, GPU-43cac420-244c-9975-fbd1-604f88cdd44c, NVIDIA A100-SXM4-40GB, 37481, 40960, 15, 103.96, 35
nid001133,2026/05/03 14:17:44.283, 1, GPU-73838956-9ad1-3484-0ba2-7d8b02c7a72a, NVIDIA A100-SXM4-40GB, 37471, 40960, 29, 102.79, 34
nid001133,2026/05/03 14:17:44.284, 2, GPU-aee03275-201a-58e4-7b5a-f08a6e4c1e50, NVIDIA A100-SXM4-40GB, 37471, 40960, 0, 102.43, 36
nid001133,2026/05/03 14:17:44.286, 3, GPU-e0003d1b-186b-2e66-9474-0b7af5c50af4, NVIDIA A100-SXM4-40GB, 37471, 40960, 67, 99.40, 35
nid001132,2026/05/03 14:17:47.168, 0, GPU-1ee6ac61-44ab-b161-9de0-16bbb44716e7, NVIDIA A100-SXM4-40GB, 36817, 40960, 21, 111.66, 38
nid001132,2026/05/03 14:17:47.171, 1, GPU-afa7121e-c5d0-2eb5-4e9a-8b001ff7a220, NVIDIA A100-SXM4-40GB, 36749, 40960, 16, 115.32, 35
nid001132,2026/05/03 14:17:47.177, 2, GPU-4dea0284-873a-fa20-cc19-10ca82324573, NVIDIA A100-SXM4-40GB, 36749, 40960, 46, 113.43, 36
nid001132,2026/05/03 14:17:47.178, 3, GPU-cba17786-ea73-0caf-0d43-c838fbb66bcd, NVIDIA A100-SXM4-40GB, 36749, 40960, 14, 105.65, 33
nid001133,2026/05/03 14:17:48.033, 0, GPU-43cac420-244c-9975-fbd1-604f88cdd44c, NVIDIA A100-SXM4-40GB, 37481, 40960, 25, 123.49, 36
nid001133,2026/05/03 14:17:48.036, 1, GPU-73838956-9ad1-3484-0ba2-7d8b02c7a72a, NVIDIA A100-SXM4-40GB, 37471, 40960, 79, 118.03, 34
nid001133,2026/05/03 14:17:48.037, 2, GPU-aee03275-201a-58e4-7b5a-f08a6e4c1e50, NVIDIA A100-SXM4-40GB, 37471, 40960, 3, 104.48, 37
nid001133,2026/05/03 14:17:48.039, 3, GPU-e0003d1b-186b-2e66-9474-0b7af5c50af4, NVIDIA A100-SXM4-40GB, 37471, 40960, 0, 99.40, 35
nid001132,2026/05/03 14:17:50.908, 0, GPU-1ee6ac61-44ab-b161-9de0-16bbb44716e7, NVIDIA A100-SXM4-40GB, 36817, 40960, 26, 105.89, 38
nid001132,2026/05/03 14:17:50.911, 1, GPU-afa7121e-c5d0-2eb5-4e9a-8b001ff7a220, NVIDIA A100-SXM4-40GB, 36749, 40960, 0, 100.03, 35
nid001132,2026/05/03 14:17:50.913, 2, GPU-4dea0284-873a-fa20-cc19-10ca82324573, NVIDIA A100-SXM4-40GB, 36749, 40960, 29, 112.15, 36
nid001132,2026/05/03 14:17:50.914, 3, GPU-cba17786-ea73-0caf-0d43-c838fbb66bcd, NVIDIA A100-SXM4-40GB, 36749, 40960, 6, 113.42, 33
nid001133,2026/05/03 14:17:51.856, 0, GPU-43cac420-244c-9975-fbd1-604f88cdd44c, NVIDIA A100-SXM4-40GB, 37481, 40960, 0, 103.84, 35
nid001133,2026/05/03 14:17:51.858, 1, GPU-73838956-9ad1-3484-0ba2-7d8b02c7a72a, NVIDIA A100-SXM4-40GB, 37471, 40960, 0, 102.96, 34
nid001133,2026/05/03 14:17:51.860, 2, GPU-aee03275-201a-58e4-7b5a-f08a6e4c1e50, NVIDIA A100-SXM4-40GB, 37471, 40960, 0, 102.43, 36
nid001133,2026/05/03 14:17:51.861, 3, GPU-e0003d1b-186b-2e66-9474-0b7af5c50af4, NVIDIA A100-SXM4-40GB, 37471, 40960, 0, 99.40, 35
nid001132,2026/05/03 14:17:54.799, 0, GPU-1ee6ac61-44ab-b161-9de0-16bbb44716e7, NVIDIA A100-SXM4-40GB, 36817, 40960, 53, 129.90, 38
nid001132,2026/05/03 14:17:54.803, 1, GPU-afa7121e-c5d0-2eb5-4e9a-8b001ff7a220, NVIDIA A100-SXM4-40GB, 36749, 40960, 4, 114.18, 35
nid001132,2026/05/03 14:17:54.805, 2, GPU-4dea0284-873a-fa20-cc19-10ca82324573, NVIDIA A100-SXM4-40GB, 36749, 40960, 9, 122.35, 36
nid001132,2026/05/03 14:17:54.806, 3, GPU-cba17786-ea73-0caf-0d43-c838fbb66bcd, NVIDIA A100-SXM4-40GB, 36749, 40960, 38, 109.46, 33
nid001133,2026/05/03 14:17:55.648, 0, GPU-43cac420-244c-9975-fbd1-604f88cdd44c, NVIDIA A100-SXM4-40GB, 37481, 40960, 0, 103.96, 35
nid001133,2026/05/03 14:17:55.651, 1, GPU-73838956-9ad1-3484-0ba2-7d8b02c7a72a, NVIDIA A100-SXM4-40GB, 37471, 40960, 0, 103.32, 34
nid001133,2026/05/03 14:17:55.652, 2, GPU-aee03275-201a-58e4-7b5a-f08a6e4c1e50, NVIDIA A100-SXM4-40GB, 37471, 40960, 1, 102.43, 37
nid001133,2026/05/03 14:17:55.658, 3, GPU-e0003d1b-186b-2e66-9474-0b7af5c50af4, NVIDIA A100-SXM4-40GB, 37471, 40960, 64, 99.22, 35
nid001132,2026/05/03 14:17:58.607, 0, GPU-1ee6ac61-44ab-b161-9de0-16bbb44716e7, NVIDIA A100-SXM4-40GB, 36817, 40960, 23, 121.21, 38
nid001132,2026/05/03 14:17:58.610, 1, GPU-afa7121e-c5d0-2eb5-4e9a-8b001ff7a220, NVIDIA A100-SXM4-40GB, 36749, 40960, 0, 105.87, 35
nid001132,2026/05/03 14:17:58.612, 2, GPU-4dea0284-873a-fa20-cc19-10ca82324573, NVIDIA A100-SXM4-40GB, 36749, 40960, 13, 109.72, 36
nid001132,2026/05/03 14:17:58.613, 3, GPU-cba17786-ea73-0caf-0d43-c838fbb66bcd, NVIDIA A100-SXM4-40GB, 36749, 40960, 9, 109.22, 33
nid001133,2026/05/03 14:17:59.462, 0, GPU-43cac420-244c-9975-fbd1-604f88cdd44c, NVIDIA A100-SXM4-40GB, 37481, 40960, 5, 103.84, 35
nid001133,2026/05/03 14:17:59.465, 1, GPU-73838956-9ad1-3484-0ba2-7d8b02c7a72a, NVIDIA A100-SXM4-40GB, 37471, 40960, 0, 103.08, 34
nid001133,2026/05/03 14:17:59.466, 2, GPU-aee03275-201a-58e4-7b5a-f08a6e4c1e50, NVIDIA A100-SXM4-40GB, 37471, 40960, 10, 129.09, 37
nid001133,2026/05/03 14:17:59.468, 3, GPU-e0003d1b-186b-2e66-9474-0b7af5c50af4, NVIDIA A100-SXM4-40GB, 37471, 40960, 24, 119.83, 35
nid001132,2026/05/03 14:18:02.353, 0, GPU-1ee6ac61-44ab-b161-9de0-16bbb44716e7, NVIDIA A100-SXM4-40GB, 36817, 40960, 74, 107.57, 38
nid001132,2026/05/03 14:18:02.355, 1, GPU-afa7121e-c5d0-2eb5-4e9a-8b001ff7a220, NVIDIA A100-SXM4-40GB, 36749, 40960, 27, 111.01, 35
nid001132,2026/05/03 14:18:02.357, 2, GPU-4dea0284-873a-fa20-cc19-10ca82324573, NVIDIA A100-SXM4-40GB, 36749, 40960, 19, 108.44, 36
nid001132,2026/05/03 14:18:02.358, 3, GPU-cba17786-ea73-0caf-0d43-c838fbb66bcd, NVIDIA A100-SXM4-40GB, 36749, 40960, 27, 109.22, 33
nid001133,2026/05/03 14:18:03.247, 0, GPU-43cac420-244c-9975-fbd1-604f88cdd44c, NVIDIA A100-SXM4-40GB, 37481, 40960, 28, 104.24, 35
nid001133,2026/05/03 14:18:03.250, 1, GPU-73838956-9ad1-3484-0ba2-7d8b02c7a72a, NVIDIA A100-SXM4-40GB, 37471, 40960, 7, 102.56, 34
nid001133,2026/05/03 14:18:03.252, 2, GPU-aee03275-201a-58e4-7b5a-f08a6e4c1e50, NVIDIA A100-SXM4-40GB, 37471, 40960, 0, 124.01, 37
nid001133,2026/05/03 14:18:03.259, 3, GPU-e0003d1b-186b-2e66-9474-0b7af5c50af4, NVIDIA A100-SXM4-40GB, 37471, 40960, 45, 99.40, 35
nid001132,2026/05/03 14:18:06.136, 0, GPU-1ee6ac61-44ab-b161-9de0-16bbb44716e7, NVIDIA A100-SXM4-40GB, 36817, 40960, 30, 106.76, 38
nid001132,2026/05/03 14:18:06.139, 1, GPU-afa7121e-c5d0-2eb5-4e9a-8b001ff7a220, NVIDIA A100-SXM4-40GB, 36749, 40960, 95, 126.29, 35
nid001132,2026/05/03 14:18:06.141, 2, GPU-4dea0284-873a-fa20-cc19-10ca82324573, NVIDIA A100-SXM4-40GB, 36749, 40960, 55, 106.64, 36
nid001132,2026/05/03 14:18:06.142, 3, GPU-cba17786-ea73-0caf-0d43-c838fbb66bcd, NVIDIA A100-SXM4-40GB, 36749, 40960, 100, 106.65, 33
nid001133,2026/05/03 14:18:07.058, 0, GPU-43cac420-244c-9975-fbd1-604f88cdd44c, NVIDIA A100-SXM4-40GB, 37481, 40960, 21, 119.93, 35
nid001133,2026/05/03 14:18:07.066, 1, GPU-73838956-9ad1-3484-0ba2-7d8b02c7a72a, NVIDIA A100-SXM4-40GB, 37471, 40960, 80, 116.51, 34
nid001133,2026/05/03 14:18:07.072, 2, GPU-aee03275-201a-58e4-7b5a-f08a6e4c1e50, NVIDIA A100-SXM4-40GB, 37471, 40960, 80, 107.05, 37
nid001133,2026/05/03 14:18:07.076, 3, GPU-e0003d1b-186b-2e66-9474-0b7af5c50af4, NVIDIA A100-SXM4-40GB, 37471, 40960, 53, 99.63, 35
nid001132,2026/05/03 14:18:09.966, 0, GPU-1ee6ac61-44ab-b161-9de0-16bbb44716e7, NVIDIA A100-SXM4-40GB, 36817, 40960, 21, 106.12, 38
nid001132,2026/05/03 14:18:09.969, 1, GPU-afa7121e-c5d0-2eb5-4e9a-8b001ff7a220, NVIDIA A100-SXM4-40GB, 36749, 40960, 0, 101.43, 35
nid001132,2026/05/03 14:18:09.970, 2, GPU-4dea0284-873a-fa20-cc19-10ca82324573, NVIDIA A100-SXM4-40GB, 36749, 40960, 10, 104.12, 36
nid001132,2026/05/03 14:18:09.972, 3, GPU-cba17786-ea73-0caf-0d43-c838fbb66bcd, NVIDIA A100-SXM4-40GB, 36749, 40960, 0, 105.65, 33
nid001133,2026/05/03 14:18:10.831, 0, GPU-43cac420-244c-9975-fbd1-604f88cdd44c, NVIDIA A100-SXM4-40GB, 37481, 40960, 0, 103.84, 35
nid001133,2026/05/03 14:18:10.837, 1, GPU-73838956-9ad1-3484-0ba2-7d8b02c7a72a, NVIDIA A100-SXM4-40GB, 37471, 40960, 0, 102.79, 34
nid001133,2026/05/03 14:18:10.843, 2, GPU-aee03275-201a-58e4-7b5a-f08a6e4c1e50, NVIDIA A100-SXM4-40GB, 37471, 40960, 61, 102.43, 37
nid001133,2026/05/03 14:18:10.851, 3, GPU-e0003d1b-186b-2e66-9474-0b7af5c50af4, NVIDIA A100-SXM4-40GB, 37471, 40960, 3, 99.40, 35
nid001132,2026/05/03 14:18:13.760, 0, GPU-1ee6ac61-44ab-b161-9de0-16bbb44716e7, NVIDIA A100-SXM4-40GB, 36817, 40960, 74, 118.03, 38
nid001132,2026/05/03 14:18:13.763, 1, GPU-afa7121e-c5d0-2eb5-4e9a-8b001ff7a220, NVIDIA A100-SXM4-40GB, 36749, 40960, 48, 105.76, 35
nid001132,2026/05/03 14:18:13.764, 2, GPU-4dea0284-873a-fa20-cc19-10ca82324573, NVIDIA A100-SXM4-40GB, 36749, 40960, 53, 106.16, 36
nid001132,2026/05/03 14:18:13.766, 3, GPU-cba17786-ea73-0caf-0d43-c838fbb66bcd, NVIDIA A100-SXM4-40GB, 36749, 40960, 75, 108.17, 33
nid001133,2026/05/03 14:18:14.618, 0, GPU-43cac420-244c-9975-fbd1-604f88cdd44c, NVIDIA A100-SXM4-40GB, 37481, 40960, 0, 125.38, 36
nid001133,2026/05/03 14:18:14.621, 1, GPU-73838956-9ad1-3484-0ba2-7d8b02c7a72a, NVIDIA A100-SXM4-40GB, 37471, 40960, 76, 118.27, 34
nid001133,2026/05/03 14:18:14.622, 2, GPU-aee03275-201a-58e4-7b5a-f08a6e4c1e50, NVIDIA A100-SXM4-40GB, 37471, 40960, 77, 121.45, 37
nid001133,2026/05/03 14:18:14.624, 3, GPU-e0003d1b-186b-2e66-9474-0b7af5c50af4, NVIDIA A100-SXM4-40GB, 37471, 40960, 0, 99.40, 35
nid001132,2026/05/03 14:18:17.520, 0, GPU-1ee6ac61-44ab-b161-9de0-16bbb44716e7, NVIDIA A100-SXM4-40GB, 36817, 40960, 0, 116.74, 38
nid001132,2026/05/03 14:18:17.523, 1, GPU-afa7121e-c5d0-2eb5-4e9a-8b001ff7a220, NVIDIA A100-SXM4-40GB, 36749, 40960, 3, 102.08, 35
nid001132,2026/05/03 14:18:17.524, 2, GPU-4dea0284-873a-fa20-cc19-10ca82324573, NVIDIA A100-SXM4-40GB, 36749, 40960, 0, 114.95, 36
nid001132,2026/05/03 14:18:17.526, 3, GPU-cba17786-ea73-0caf-0d43-c838fbb66bcd, NVIDIA A100-SXM4-40GB, 36749, 40960, 82, 111.66, 33
nid001133,2026/05/03 14:18:18.410, 0, GPU-43cac420-244c-9975-fbd1-604f88cdd44c, NVIDIA A100-SXM4-40GB, 37481, 40960, 21, 114.80, 36
nid001133,2026/05/03 14:18:18.412, 1, GPU-73838956-9ad1-3484-0ba2-7d8b02c7a72a, NVIDIA A100-SXM4-40GB, 37471, 40960, 27, 102.96, 34
nid001133,2026/05/03 14:18:18.414, 2, GPU-aee03275-201a-58e4-7b5a-f08a6e4c1e50, NVIDIA A100-SXM4-40GB, 37471, 40960, 0, 102.43, 37
nid001133,2026/05/03 14:18:18.416, 3, GPU-e0003d1b-186b-2e66-9474-0b7af5c50af4, NVIDIA A100-SXM4-40GB, 37471, 40960, 0, 99.63, 35
nid001132,2026/05/03 14:18:21.383, 0, GPU-1ee6ac61-44ab-b161-9de0-16bbb44716e7, NVIDIA A100-SXM4-40GB, 36817, 40960, 0, 105.65, 38
nid001132,2026/05/03 14:18:21.385, 1, GPU-afa7121e-c5d0-2eb5-4e9a-8b001ff7a220, NVIDIA A100-SXM4-40GB, 36749, 40960, 1, 101.15, 35
nid001132,2026/05/03 14:18:21.387, 2, GPU-4dea0284-873a-fa20-cc19-10ca82324573, NVIDIA A100-SXM4-40GB, 36749, 40960, 23, 103.84, 36
nid001132,2026/05/03 14:18:21.389, 3, GPU-cba17786-ea73-0caf-0d43-c838fbb66bcd, NVIDIA A100-SXM4-40GB, 36749, 40960, 0, 105.12, 33
nid001133,2026/05/03 14:18:22.300, 0, GPU-43cac420-244c-9975-fbd1-604f88cdd44c, NVIDIA A100-SXM4-40GB, 37481, 40960, 54, 103.96, 35
nid001133,2026/05/03 14:18:22.303, 1, GPU-73838956-9ad1-3484-0ba2-7d8b02c7a72a, NVIDIA A100-SXM4-40GB, 37471, 40960, 4, 102.32, 34
nid001133,2026/05/03 14:18:22.304, 2, GPU-aee03275-201a-58e4-7b5a-f08a6e4c1e50, NVIDIA A100-SXM4-40GB, 37471, 40960, 37, 102.56, 36
nid001133,2026/05/03 14:18:22.306, 3, GPU-e0003d1b-186b-2e66-9474-0b7af5c50af4, NVIDIA A100-SXM4-40GB, 37471, 40960, 10, 99.51, 35
nid001132,2026/05/03 14:18:25.313, 0, GPU-1ee6ac61-44ab-b161-9de0-16bbb44716e7, NVIDIA A100-SXM4-40GB, 36817, 40960, 17, 105.76, 38
nid001132,2026/05/03 14:18:25.316, 1, GPU-afa7121e-c5d0-2eb5-4e9a-8b001ff7a220, NVIDIA A100-SXM4-40GB, 36749, 40960, 14, 101.15, 35
nid001132,2026/05/03 14:18:25.318, 2, GPU-4dea0284-873a-fa20-cc19-10ca82324573, NVIDIA A100-SXM4-40GB, 36749, 40960, 48, 103.84, 36
nid001132,2026/05/03 14:18:25.320, 3, GPU-cba17786-ea73-0caf-0d43-c838fbb66bcd, NVIDIA A100-SXM4-40GB, 36749, 40960, 34, 105.12, 33
nid001133,2026/05/03 14:18:26.278, 0, GPU-43cac420-244c-9975-fbd1-604f88cdd44c, NVIDIA A100-SXM4-40GB, 37481, 40960, 0, 103.84, 35
nid001133,2026/05/03 14:18:26.280, 1, GPU-73838956-9ad1-3484-0ba2-7d8b02c7a72a, NVIDIA A100-SXM4-40GB, 37471, 40960, 0, 103.08, 34
nid001133,2026/05/03 14:18:26.282, 2, GPU-aee03275-201a-58e4-7b5a-f08a6e4c1e50, NVIDIA A100-SXM4-40GB, 37471, 40960, 0, 102.43, 36
nid001133,2026/05/03 14:18:26.283, 3, GPU-e0003d1b-186b-2e66-9474-0b7af5c50af4, NVIDIA A100-SXM4-40GB, 37471, 40960, 28, 99.40, 35
nid001132,2026/05/03 14:18:29.149, 0, GPU-1ee6ac61-44ab-b161-9de0-16bbb44716e7, NVIDIA A100-SXM4-40GB, 36817, 40960, 100, 113.70, 38
nid001132,2026/05/03 14:18:29.157, 1, GPU-afa7121e-c5d0-2eb5-4e9a-8b001ff7a220, NVIDIA A100-SXM4-40GB, 36749, 40960, 100, 109.48, 35
nid001132,2026/05/03 14:18:29.158, 2, GPU-4dea0284-873a-fa20-cc19-10ca82324573, NVIDIA A100-SXM4-40GB, 36749, 40960, 62, 103.84, 36
nid001132,2026/05/03 14:18:29.162, 3, GPU-cba17786-ea73-0caf-0d43-c838fbb66bcd, NVIDIA A100-SXM4-40GB, 36749, 40960, 11, 110.22, 33
nid001133,2026/05/03 14:18:29.976, 0, GPU-43cac420-244c-9975-fbd1-604f88cdd44c, NVIDIA A100-SXM4-40GB, 37481, 40960, 0, 103.84, 35
nid001133,2026/05/03 14:18:29.979, 1, GPU-73838956-9ad1-3484-0ba2-7d8b02c7a72a, NVIDIA A100-SXM4-40GB, 37471, 40960, 0, 105.53, 34
nid001133,2026/05/03 14:18:29.981, 2, GPU-aee03275-201a-58e4-7b5a-f08a6e4c1e50, NVIDIA A100-SXM4-40GB, 37471, 40960, 100, 102.43, 37
nid001133,2026/05/03 14:18:29.983, 3, GPU-e0003d1b-186b-2e66-9474-0b7af5c50af4, NVIDIA A100-SXM4-40GB, 37471, 40960, 0, 102.20, 35
nid001132,2026/05/03 14:18:32.851, 0, GPU-1ee6ac61-44ab-b161-9de0-16bbb44716e7, NVIDIA A100-SXM4-40GB, 36817, 40960, 25, 110.85, 38
nid001132,2026/05/03 14:18:32.854, 1, GPU-afa7121e-c5d0-2eb5-4e9a-8b001ff7a220, NVIDIA A100-SXM4-40GB, 36749, 40960, 24, 105.87, 35
nid001132,2026/05/03 14:18:32.856, 2, GPU-4dea0284-873a-fa20-cc19-10ca82324573, NVIDIA A100-SXM4-40GB, 36749, 40960, 58, 119.03, 36
nid001132,2026/05/03 14:18:32.860, 3, GPU-cba17786-ea73-0caf-0d43-c838fbb66bcd, NVIDIA A100-SXM4-40GB, 36749, 40960, 32, 111.89, 33
nid001133,2026/05/03 14:18:33.703, 0, GPU-43cac420-244c-9975-fbd1-604f88cdd44c, NVIDIA A100-SXM4-40GB, 37481, 40960, 0, 103.84, 35
nid001133,2026/05/03 14:18:33.705, 1, GPU-73838956-9ad1-3484-0ba2-7d8b02c7a72a, NVIDIA A100-SXM4-40GB, 37471, 40960, 0, 103.20, 34
nid001133,2026/05/03 14:18:33.707, 2, GPU-aee03275-201a-58e4-7b5a-f08a6e4c1e50, NVIDIA A100-SXM4-40GB, 37471, 40960, 7, 102.43, 36
nid001133,2026/05/03 14:18:33.708, 3, GPU-e0003d1b-186b-2e66-9474-0b7af5c50af4, NVIDIA A100-SXM4-40GB, 37471, 40960, 0, 99.40, 35
nid001132,2026/05/03 14:18:36.598, 0, GPU-1ee6ac61-44ab-b161-9de0-16bbb44716e7, NVIDIA A100-SXM4-40GB, 36817, 40960, 5, 105.65, 38
nid001132,2026/05/03 14:18:36.601, 1, GPU-afa7121e-c5d0-2eb5-4e9a-8b001ff7a220, NVIDIA A100-SXM4-40GB, 36749, 40960, 50, 101.15, 35
nid001132,2026/05/03 14:18:36.602, 2, GPU-4dea0284-873a-fa20-cc19-10ca82324573, NVIDIA A100-SXM4-40GB, 36749, 40960, 88, 103.60, 36
nid001132,2026/05/03 14:18:36.604, 3, GPU-cba17786-ea73-0caf-0d43-c838fbb66bcd, NVIDIA A100-SXM4-40GB, 36749, 40960, 77, 105.12, 33
nid001133,2026/05/03 14:18:37.474, 0, GPU-43cac420-244c-9975-fbd1-604f88cdd44c, NVIDIA A100-SXM4-40GB, 37481, 40960, 22, 103.96, 35
nid001133,2026/05/03 14:18:37.476, 1, GPU-73838956-9ad1-3484-0ba2-7d8b02c7a72a, NVIDIA A100-SXM4-40GB, 37471, 40960, 13, 103.32, 34
nid001133,2026/05/03 14:18:37.478, 2, GPU-aee03275-201a-58e4-7b5a-f08a6e4c1e50, NVIDIA A100-SXM4-40GB, 37471, 40960, 32, 102.43, 37
nid001133,2026/05/03 14:18:37.479, 3, GPU-e0003d1b-186b-2e66-9474-0b7af5c50af4, NVIDIA A100-SXM4-40GB, 37471, 40960, 82, 99.87, 35
nid001132,2026/05/03 14:18:40.365, 0, GPU-1ee6ac61-44ab-b161-9de0-16bbb44716e7, NVIDIA A100-SXM4-40GB, 36817, 40960, 12, 105.53, 38
nid001132,2026/05/03 14:18:40.368, 1, GPU-afa7121e-c5d0-2eb5-4e9a-8b001ff7a220, NVIDIA A100-SXM4-40GB, 36749, 40960, 80, 101.15, 35
nid001132,2026/05/03 14:18:40.369, 2, GPU-4dea0284-873a-fa20-cc19-10ca82324573, NVIDIA A100-SXM4-40GB, 36749, 40960, 15, 119.79, 36
nid001132,2026/05/03 14:18:40.371, 3, GPU-cba17786-ea73-0caf-0d43-c838fbb66bcd, NVIDIA A100-SXM4-40GB, 36749, 40960, 0, 105.12, 33
nid001133,2026/05/03 14:18:41.220, 0, GPU-43cac420-244c-9975-fbd1-604f88cdd44c, NVIDIA A100-SXM4-40GB, 37481, 40960, 3, 103.96, 35
nid001133,2026/05/03 14:18:41.223, 1, GPU-73838956-9ad1-3484-0ba2-7d8b02c7a72a, NVIDIA A100-SXM4-40GB, 37471, 40960, 0, 103.08, 34
nid001133,2026/05/03 14:18:41.225, 2, GPU-aee03275-201a-58e4-7b5a-f08a6e4c1e50, NVIDIA A100-SXM4-40GB, 37471, 40960, 89, 102.43, 36
nid001133,2026/05/03 14:18:41.226, 3, GPU-e0003d1b-186b-2e66-9474-0b7af5c50af4, NVIDIA A100-SXM4-40GB, 37471, 40960, 62, 99.40, 35
nid001132,2026/05/03 14:18:44.265, 0, GPU-1ee6ac61-44ab-b161-9de0-16bbb44716e7, NVIDIA A100-SXM4-40GB, 36817, 40960, 74, 105.76, 38
nid001132,2026/05/03 14:18:44.267, 1, GPU-afa7121e-c5d0-2eb5-4e9a-8b001ff7a220, NVIDIA A100-SXM4-40GB, 36749, 40960, 57, 101.79, 35
nid001132,2026/05/03 14:18:44.269, 2, GPU-4dea0284-873a-fa20-cc19-10ca82324573, NVIDIA A100-SXM4-40GB, 36749, 40960, 100, 103.71, 36
nid001132,2026/05/03 14:18:44.271, 3, GPU-cba17786-ea73-0caf-0d43-c838fbb66bcd, NVIDIA A100-SXM4-40GB, 36749, 40960, 75, 105.12, 33
nid001133,2026/05/03 14:18:45.185, 0, GPU-43cac420-244c-9975-fbd1-604f88cdd44c, NVIDIA A100-SXM4-40GB, 37481, 40960, 41, 103.96, 35
nid001133,2026/05/03 14:18:45.188, 1, GPU-73838956-9ad1-3484-0ba2-7d8b02c7a72a, NVIDIA A100-SXM4-40GB, 37471, 40960, 7, 102.96, 34
nid001133,2026/05/03 14:18:45.189, 2, GPU-aee03275-201a-58e4-7b5a-f08a6e4c1e50, NVIDIA A100-SXM4-40GB, 37471, 40960, 83, 102.67, 36
nid001133,2026/05/03 14:18:45.190, 3, GPU-e0003d1b-186b-2e66-9474-0b7af5c50af4, NVIDIA A100-SXM4-40GB, 37471, 40960, 47, 99.51, 35
nid001132,2026/05/03 14:18:48.131, 0, GPU-1ee6ac61-44ab-b161-9de0-16bbb44716e7, NVIDIA A100-SXM4-40GB, 36817, 40960, 3, 105.53, 38
nid001132,2026/05/03 14:18:48.134, 1, GPU-afa7121e-c5d0-2eb5-4e9a-8b001ff7a220, NVIDIA A100-SXM4-40GB, 36749, 40960, 58, 101.15, 35
nid001132,2026/05/03 14:18:48.135, 2, GPU-4dea0284-873a-fa20-cc19-10ca82324573, NVIDIA A100-SXM4-40GB, 36749, 40960, 93, 103.72, 36
nid001132,2026/05/03 14:18:48.137, 3, GPU-cba17786-ea73-0caf-0d43-c838fbb66bcd, NVIDIA A100-SXM4-40GB, 36749, 40960, 87, 105.12, 33
nid001133,2026/05/03 14:18:49.004, 0, GPU-43cac420-244c-9975-fbd1-604f88cdd44c, NVIDIA A100-SXM4-40GB, 37481, 40960, 47, 103.96, 35
nid001133,2026/05/03 14:18:49.007, 1, GPU-73838956-9ad1-3484-0ba2-7d8b02c7a72a, NVIDIA A100-SXM4-40GB, 37471, 40960, 4, 103.08, 34
nid001133,2026/05/03 14:18:49.012, 2, GPU-aee03275-201a-58e4-7b5a-f08a6e4c1e50, NVIDIA A100-SXM4-40GB, 37471, 40960, 98, 102.43, 37
nid001133,2026/05/03 14:18:49.013, 3, GPU-e0003d1b-186b-2e66-9474-0b7af5c50af4, NVIDIA A100-SXM4-40GB, 37471, 40960, 98, 99.40, 35
nid001132,2026/05/03 14:18:51.898, 0, GPU-1ee6ac61-44ab-b161-9de0-16bbb44716e7, NVIDIA A100-SXM4-40GB, 36817, 40960, 41, 105.76, 38
nid001132,2026/05/03 14:18:51.901, 1, GPU-afa7121e-c5d0-2eb5-4e9a-8b001ff7a220, NVIDIA A100-SXM4-40GB, 36749, 40960, 49, 101.56, 35
nid001132,2026/05/03 14:18:51.902, 2, GPU-4dea0284-873a-fa20-cc19-10ca82324573, NVIDIA A100-SXM4-40GB, 36749, 40960, 100, 103.84, 36
nid001132,2026/05/03 14:18:51.904, 3, GPU-cba17786-ea73-0caf-0d43-c838fbb66bcd, NVIDIA A100-SXM4-40GB, 36749, 40960, 61, 105.12, 33
nid001133,2026/05/03 14:18:52.813, 0, GPU-43cac420-244c-9975-fbd1-604f88cdd44c, NVIDIA A100-SXM4-40GB, 37481, 40960, 0, 103.96, 35
nid001133,2026/05/03 14:18:52.816, 1, GPU-73838956-9ad1-3484-0ba2-7d8b02c7a72a, NVIDIA A100-SXM4-40GB, 37471, 40960, 0, 103.08, 34
nid001133,2026/05/03 14:18:52.818, 2, GPU-aee03275-201a-58e4-7b5a-f08a6e4c1e50, NVIDIA A100-SXM4-40GB, 37471, 40960, 100, 102.55, 36
nid001133,2026/05/03 14:18:52.819, 3, GPU-e0003d1b-186b-2e66-9474-0b7af5c50af4, NVIDIA A100-SXM4-40GB, 37471, 40960, 0, 99.40, 35
nid001132,2026/05/03 14:18:55.698, 0, GPU-1ee6ac61-44ab-b161-9de0-16bbb44716e7, NVIDIA A100-SXM4-40GB, 36817, 40960, 53, 105.76, 38
nid001132,2026/05/03 14:18:55.706, 1, GPU-afa7121e-c5d0-2eb5-4e9a-8b001ff7a220, NVIDIA A100-SXM4-40GB, 36749, 40960, 26, 105.64, 35
nid001132,2026/05/03 14:18:55.711, 2, GPU-4dea0284-873a-fa20-cc19-10ca82324573, NVIDIA A100-SXM4-40GB, 36749, 40960, 0, 112.29, 36
nid001132,2026/05/03 14:18:55.716, 3, GPU-cba17786-ea73-0caf-0d43-c838fbb66bcd, NVIDIA A100-SXM4-40GB, 36749, 40960, 0, 112.26, 33
nid001133,2026/05/03 14:18:56.559, 0, GPU-43cac420-244c-9975-fbd1-604f88cdd44c, NVIDIA A100-SXM4-40GB, 37481, 40960, 6, 104.12, 35
nid001133,2026/05/03 14:18:56.565, 1, GPU-73838956-9ad1-3484-0ba2-7d8b02c7a72a, NVIDIA A100-SXM4-40GB, 37471, 40960, 22, 102.96, 34
nid001133,2026/05/03 14:18:56.570, 2, GPU-aee03275-201a-58e4-7b5a-f08a6e4c1e50, NVIDIA A100-SXM4-40GB, 37471, 40960, 0, 102.55, 36
nid001133,2026/05/03 14:18:56.576, 3, GPU-e0003d1b-186b-2e66-9474-0b7af5c50af4, NVIDIA A100-SXM4-40GB, 37471, 40960, 0, 99.40, 35
nid001132,2026/05/03 14:18:59.449, 0, GPU-1ee6ac61-44ab-b161-9de0-16bbb44716e7, NVIDIA A100-SXM4-40GB, 36817, 40960, 87, 105.76, 38
nid001132,2026/05/03 14:18:59.452, 1, GPU-afa7121e-c5d0-2eb5-4e9a-8b001ff7a220, NVIDIA A100-SXM4-40GB, 36749, 40960, 42, 101.32, 35
nid001132,2026/05/03 14:18:59.453, 2, GPU-4dea0284-873a-fa20-cc19-10ca82324573, NVIDIA A100-SXM4-40GB, 36749, 40960, 57, 104.12, 36
nid001132,2026/05/03 14:18:59.455, 3, GPU-cba17786-ea73-0caf-0d43-c838fbb66bcd, NVIDIA A100-SXM4-40GB, 36749, 40960, 85, 105.24, 33
nid001133,2026/05/03 14:19:00.314, 0, GPU-43cac420-244c-9975-fbd1-604f88cdd44c, NVIDIA A100-SXM4-40GB, 37481, 40960, 19, 104.00, 35
nid001133,2026/05/03 14:19:00.322, 1, GPU-73838956-9ad1-3484-0ba2-7d8b02c7a72a, NVIDIA A100-SXM4-40GB, 37471, 40960, 70, 103.07, 34
nid001133,2026/05/03 14:19:00.327, 2, GPU-aee03275-201a-58e4-7b5a-f08a6e4c1e50, NVIDIA A100-SXM4-40GB, 37471, 40960, 44, 102.67, 37
nid001133,2026/05/03 14:19:00.332, 3, GPU-e0003d1b-186b-2e66-9474-0b7af5c50af4, NVIDIA A100-SXM4-40GB, 37471, 40960, 76, 99.51, 35
nid001132,2026/05/03 14:19:03.239, 0, GPU-1ee6ac61-44ab-b161-9de0-16bbb44716e7, NVIDIA A100-SXM4-40GB, 36817, 40960, 16, 105.76, 38
nid001132,2026/05/03 14:19:03.242, 1, GPU-afa7121e-c5d0-2eb5-4e9a-8b001ff7a220, NVIDIA A100-SXM4-40GB, 36749, 40960, 53, 106.16, 35
nid001132,2026/05/03 14:19:03.244, 2, GPU-4dea0284-873a-fa20-cc19-10ca82324573, NVIDIA A100-SXM4-40GB, 36749, 40960, 6, 103.71, 36
nid001132,2026/05/03 14:19:03.245, 3, GPU-cba17786-ea73-0caf-0d43-c838fbb66bcd, NVIDIA A100-SXM4-40GB, 36749, 40960, 0, 105.12, 33
nid001133,2026/05/03 14:19:04.122, 0, GPU-43cac420-244c-9975-fbd1-604f88cdd44c, NVIDIA A100-SXM4-40GB, 37481, 40960, 17, 103.84, 35
nid001133,2026/05/03 14:19:04.125, 1, GPU-73838956-9ad1-3484-0ba2-7d8b02c7a72a, NVIDIA A100-SXM4-40GB, 37471, 40960, 0, 102.96, 34
nid001133,2026/05/03 14:19:04.126, 2, GPU-aee03275-201a-58e4-7b5a-f08a6e4c1e50, NVIDIA A100-SXM4-40GB, 37471, 40960, 0, 102.67, 36
nid001133,2026/05/03 14:19:04.128, 3, GPU-e0003d1b-186b-2e66-9474-0b7af5c50af4, NVIDIA A100-SXM4-40GB, 37471, 40960, 0, 99.51, 35
nid001132,2026/05/03 14:19:07.043, 0, GPU-1ee6ac61-44ab-b161-9de0-16bbb44716e7, NVIDIA A100-SXM4-40GB, 36817, 40960, 0, 105.76, 38
nid001132,2026/05/03 14:19:07.046, 1, GPU-afa7121e-c5d0-2eb5-4e9a-8b001ff7a220, NVIDIA A100-SXM4-40GB, 36749, 40960, 6, 101.03, 35
nid001132,2026/05/03 14:19:07.047, 2, GPU-4dea0284-873a-fa20-cc19-10ca82324573, NVIDIA A100-SXM4-40GB, 36749, 40960, 0, 103.84, 36
nid001132,2026/05/03 14:19:07.049, 3, GPU-cba17786-ea73-0caf-0d43-c838fbb66bcd, NVIDIA A100-SXM4-40GB, 36749, 40960, 0, 119.02, 33
nid001133,2026/05/03 14:19:07.903, 0, GPU-43cac420-244c-9975-fbd1-604f88cdd44c, NVIDIA A100-SXM4-40GB, 37481, 40960, 35, 103.96, 35
nid001133,2026/05/03 14:19:07.906, 1, GPU-73838956-9ad1-3484-0ba2-7d8b02c7a72a, NVIDIA A100-SXM4-40GB, 37471, 40960, 3, 103.20, 34
nid001133,2026/05/03 14:19:07.908, 2, GPU-aee03275-201a-58e4-7b5a-f08a6e4c1e50, NVIDIA A100-SXM4-40GB, 37471, 40960, 24, 102.31, 36
nid001133,2026/05/03 14:19:07.909, 3, GPU-e0003d1b-186b-2e66-9474-0b7af5c50af4, NVIDIA A100-SXM4-40GB, 37471, 40960, 0, 99.51, 35
nid001132,2026/05/03 14:19:10.809, 0, GPU-1ee6ac61-44ab-b161-9de0-16bbb44716e7, NVIDIA A100-SXM4-40GB, 36817, 40960, 0, 105.76, 38
nid001132,2026/05/03 14:19:10.811, 1, GPU-afa7121e-c5d0-2eb5-4e9a-8b001ff7a220, NVIDIA A100-SXM4-40GB, 36749, 40960, 55, 101.15, 35
nid001132,2026/05/03 14:19:10.813, 2, GPU-4dea0284-873a-fa20-cc19-10ca82324573, NVIDIA A100-SXM4-40GB, 36749, 40960, 83, 103.84, 36
nid001132,2026/05/03 14:19:10.814, 3, GPU-cba17786-ea73-0caf-0d43-c838fbb66bcd, NVIDIA A100-SXM4-40GB, 36749, 40960, 0, 105.12, 33
nid001133,2026/05/03 14:19:11.692, 0, GPU-43cac420-244c-9975-fbd1-604f88cdd44c, NVIDIA A100-SXM4-40GB, 37481, 40960, 4, 103.96, 35
nid001133,2026/05/03 14:19:11.695, 1, GPU-73838956-9ad1-3484-0ba2-7d8b02c7a72a, NVIDIA A100-SXM4-40GB, 37471, 40960, 62, 102.79, 34
nid001133,2026/05/03 14:19:11.696, 2, GPU-aee03275-201a-58e4-7b5a-f08a6e4c1e50, NVIDIA A100-SXM4-40GB, 37471, 40960, 36, 102.43, 36
nid001133,2026/05/03 14:19:11.698, 3, GPU-e0003d1b-186b-2e66-9474-0b7af5c50af4, NVIDIA A100-SXM4-40GB, 37471, 40960, 6, 99.51, 35
nid001132,2026/05/03 14:19:14.549, 0, GPU-1ee6ac61-44ab-b161-9de0-16bbb44716e7, NVIDIA A100-SXM4-40GB, 36817, 40960, 19, 121.35, 38
nid001132,2026/05/03 14:19:14.551, 1, GPU-afa7121e-c5d0-2eb5-4e9a-8b001ff7a220, NVIDIA A100-SXM4-40GB, 36749, 40960, 48, 108.96, 35
nid001132,2026/05/03 14:19:14.553, 2, GPU-4dea0284-873a-fa20-cc19-10ca82324573, NVIDIA A100-SXM4-40GB, 36749, 40960, 38, 110.48, 36
nid001132,2026/05/03 14:19:14.555, 3, GPU-cba17786-ea73-0caf-0d43-c838fbb66bcd, NVIDIA A100-SXM4-40GB, 36749, 40960, 25, 113.31, 33
nid001133,2026/05/03 14:19:15.387, 0, GPU-43cac420-244c-9975-fbd1-604f88cdd44c, NVIDIA A100-SXM4-40GB, 37481, 40960, 0, 103.84, 35
nid001133,2026/05/03 14:19:15.390, 1, GPU-73838956-9ad1-3484-0ba2-7d8b02c7a72a, NVIDIA A100-SXM4-40GB, 37471, 40960, 0, 102.04, 34
nid001133,2026/05/03 14:19:15.392, 2, GPU-aee03275-201a-58e4-7b5a-f08a6e4c1e50, NVIDIA A100-SXM4-40GB, 37471, 40960, 0, 102.43, 36
nid001133,2026/05/03 14:19:15.394, 3, GPU-e0003d1b-186b-2e66-9474-0b7af5c50af4, NVIDIA A100-SXM4-40GB, 37471, 40960, 0, 99.40, 35
nid001132,2026/05/03 14:19:18.262, 0, GPU-1ee6ac61-44ab-b161-9de0-16bbb44716e7, NVIDIA A100-SXM4-40GB, 36817, 40960, 39, 105.65, 38
nid001132,2026/05/03 14:19:18.267, 1, GPU-afa7121e-c5d0-2eb5-4e9a-8b001ff7a220, NVIDIA A100-SXM4-40GB, 36749, 40960, 73, 101.80, 35
nid001132,2026/05/03 14:19:18.268, 2, GPU-4dea0284-873a-fa20-cc19-10ca82324573, NVIDIA A100-SXM4-40GB, 36749, 40960, 78, 103.72, 36
nid001132,2026/05/03 14:19:18.273, 3, GPU-cba17786-ea73-0caf-0d43-c838fbb66bcd, NVIDIA A100-SXM4-40GB, 36749, 40960, 54, 105.25, 33
nid001133,2026/05/03 14:19:19.139, 0, GPU-43cac420-244c-9975-fbd1-604f88cdd44c, NVIDIA A100-SXM4-40GB, 37481, 40960, 43, 103.96, 35
nid001133,2026/05/03 14:19:19.141, 1, GPU-73838956-9ad1-3484-0ba2-7d8b02c7a72a, NVIDIA A100-SXM4-40GB, 37471, 40960, 58, 103.08, 34
nid001133,2026/05/03 14:19:19.143, 2, GPU-aee03275-201a-58e4-7b5a-f08a6e4c1e50, NVIDIA A100-SXM4-40GB, 37471, 40960, 34, 102.79, 37
nid001133,2026/05/03 14:19:19.144, 3, GPU-e0003d1b-186b-2e66-9474-0b7af5c50af4, NVIDIA A100-SXM4-40GB, 37471, 40960, 1, 99.51, 35
nid001132,2026/05/03 14:19:22.035, 0, GPU-1ee6ac61-44ab-b161-9de0-16bbb44716e7, NVIDIA A100-SXM4-40GB, 36817, 40960, 0, 113.70, 38
nid001132,2026/05/03 14:19:22.038, 1, GPU-afa7121e-c5d0-2eb5-4e9a-8b001ff7a220, NVIDIA A100-SXM4-40GB, 36749, 40960, 28, 103.20, 35
nid001132,2026/05/03 14:19:22.039, 2, GPU-4dea0284-873a-fa20-cc19-10ca82324573, NVIDIA A100-SXM4-40GB, 36749, 40960, 13, 125.15, 36
nid001132,2026/05/03 14:19:22.041, 3, GPU-cba17786-ea73-0caf-0d43-c838fbb66bcd, NVIDIA A100-SXM4-40GB, 36749, 40960, 25, 118.17, 33
nid001133,2026/05/03 14:19:22.897, 0, GPU-43cac420-244c-9975-fbd1-604f88cdd44c, NVIDIA A100-SXM4-40GB, 37481, 40960, 93, 103.84, 35
nid001133,2026/05/03 14:19:22.900, 1, GPU-73838956-9ad1-3484-0ba2-7d8b02c7a72a, NVIDIA A100-SXM4-40GB, 37471, 40960, 3, 102.67, 34
nid001133,2026/05/03 14:19:22.901, 2, GPU-aee03275-201a-58e4-7b5a-f08a6e4c1e50, NVIDIA A100-SXM4-40GB, 37471, 40960, 10, 121.21, 37
nid001133,2026/05/03 14:19:22.903, 3, GPU-e0003d1b-186b-2e66-9474-0b7af5c50af4, NVIDIA A100-SXM4-40GB, 37471, 40960, 37, 101.15, 35
nid001132,2026/05/03 14:19:25.805, 0, GPU-1ee6ac61-44ab-b161-9de0-16bbb44716e7, NVIDIA A100-SXM4-40GB, 36817, 40960, 25, 127.86, 38
nid001132,2026/05/03 14:19:25.807, 1, GPU-afa7121e-c5d0-2eb5-4e9a-8b001ff7a220, NVIDIA A100-SXM4-40GB, 36749, 40960, 85, 101.92, 35
nid001132,2026/05/03 14:19:25.809, 2, GPU-4dea0284-873a-fa20-cc19-10ca82324573, NVIDIA A100-SXM4-40GB, 36749, 40960, 36, 107.44, 36
nid001132,2026/05/03 14:19:25.810, 3, GPU-cba17786-ea73-0caf-0d43-c838fbb66bcd, NVIDIA A100-SXM4-40GB, 36749, 40960, 48, 122.26, 33
nid001133,2026/05/03 14:19:26.678, 0, GPU-43cac420-244c-9975-fbd1-604f88cdd44c, NVIDIA A100-SXM4-40GB, 37481, 40960, 0, 103.84, 35
nid001133,2026/05/03 14:19:26.681, 1, GPU-73838956-9ad1-3484-0ba2-7d8b02c7a72a, NVIDIA A100-SXM4-40GB, 37471, 40960, 0, 103.08, 34
nid001133,2026/05/03 14:19:26.682, 2, GPU-aee03275-201a-58e4-7b5a-f08a6e4c1e50, NVIDIA A100-SXM4-40GB, 37471, 40960, 4, 102.67, 36
nid001133,2026/05/03 14:19:26.684, 3, GPU-e0003d1b-186b-2e66-9474-0b7af5c50af4, NVIDIA A100-SXM4-40GB, 37471, 40960, 0, 99.40, 35
nid001132,2026/05/03 14:19:29.575, 0, GPU-1ee6ac61-44ab-b161-9de0-16bbb44716e7, NVIDIA A100-SXM4-40GB, 36817, 40960, 68, 115.74, 39
nid001132,2026/05/03 14:19:29.578, 1, GPU-afa7121e-c5d0-2eb5-4e9a-8b001ff7a220, NVIDIA A100-SXM4-40GB, 36749, 40960, 40, 105.24, 35
nid001132,2026/05/03 14:19:29.580, 2, GPU-4dea0284-873a-fa20-cc19-10ca82324573, NVIDIA A100-SXM4-40GB, 36749, 40960, 63, 127.43, 36
nid001132,2026/05/03 14:19:29.581, 3, GPU-cba17786-ea73-0caf-0d43-c838fbb66bcd, NVIDIA A100-SXM4-40GB, 36749, 40960, 67, 106.89, 33
nid001133,2026/05/03 14:19:30.456, 0, GPU-43cac420-244c-9975-fbd1-604f88cdd44c, NVIDIA A100-SXM4-40GB, 37481, 40960, 26, 103.96, 35
nid001133,2026/05/03 14:19:30.458, 1, GPU-73838956-9ad1-3484-0ba2-7d8b02c7a72a, NVIDIA A100-SXM4-40GB, 37471, 40960, 96, 102.79, 34
nid001133,2026/05/03 14:19:30.460, 2, GPU-aee03275-201a-58e4-7b5a-f08a6e4c1e50, NVIDIA A100-SXM4-40GB, 37471, 40960, 0, 113.70, 36
nid001133,2026/05/03 14:19:30.466, 3, GPU-e0003d1b-186b-2e66-9474-0b7af5c50af4, NVIDIA A100-SXM4-40GB, 37471, 40960, 0, 99.51, 35
nid001132,2026/05/03 14:19:33.333, 0, GPU-1ee6ac61-44ab-b161-9de0-16bbb44716e7, NVIDIA A100-SXM4-40GB, 36817, 40960, 4, 105.89, 38
nid001132,2026/05/03 14:19:33.336, 1, GPU-afa7121e-c5d0-2eb5-4e9a-8b001ff7a220, NVIDIA A100-SXM4-40GB, 36749, 40960, 0, 101.68, 35
nid001132,2026/05/03 14:19:33.338, 2, GPU-4dea0284-873a-fa20-cc19-10ca82324573, NVIDIA A100-SXM4-40GB, 36749, 40960, 16, 112.52, 36
nid001132,2026/05/03 14:19:33.339, 3, GPU-cba17786-ea73-0caf-0d43-c838fbb66bcd, NVIDIA A100-SXM4-40GB, 36749, 40960, 23, 122.03, 33
nid001133,2026/05/03 14:19:34.155, 0, GPU-43cac420-244c-9975-fbd1-604f88cdd44c, NVIDIA A100-SXM4-40GB, 37481, 40960, 5, 104.12, 35
nid001133,2026/05/03 14:19:34.157, 1, GPU-73838956-9ad1-3484-0ba2-7d8b02c7a72a, NVIDIA A100-SXM4-40GB, 37471, 40960, 24, 103.08, 34
nid001133,2026/05/03 14:19:34.159, 2, GPU-aee03275-201a-58e4-7b5a-f08a6e4c1e50, NVIDIA A100-SXM4-40GB, 37471, 40960, 7, 102.43, 37
nid001133,2026/05/03 14:19:34.160, 3, GPU-e0003d1b-186b-2e66-9474-0b7af5c50af4, NVIDIA A100-SXM4-40GB, 37471, 40960, 0, 99.40, 35
nid001132,2026/05/03 14:19:37.031, 0, GPU-1ee6ac61-44ab-b161-9de0-16bbb44716e7, NVIDIA A100-SXM4-40GB, 36817, 40960, 50, 109.61, 38
nid001132,2026/05/03 14:19:37.035, 1, GPU-afa7121e-c5d0-2eb5-4e9a-8b001ff7a220, NVIDIA A100-SXM4-40GB, 36749, 40960, 52, 112.76, 35
nid001132,2026/05/03 14:19:37.037, 2, GPU-4dea0284-873a-fa20-cc19-10ca82324573, NVIDIA A100-SXM4-40GB, 36749, 40960, 21, 116.99, 36
nid001132,2026/05/03 14:19:37.039, 3, GPU-cba17786-ea73-0caf-0d43-c838fbb66bcd, NVIDIA A100-SXM4-40GB, 36749, 40960, 23, 109.99, 34
nid001133,2026/05/03 14:19:37.851, 0, GPU-43cac420-244c-9975-fbd1-604f88cdd44c, NVIDIA A100-SXM4-40GB, 37481, 40960, 9, 120.31, 36
nid001133,2026/05/03 14:19:37.853, 1, GPU-73838956-9ad1-3484-0ba2-7d8b02c7a72a, NVIDIA A100-SXM4-40GB, 37471, 40960, 0, 124.68, 34
nid001133,2026/05/03 14:19:37.855, 2, GPU-aee03275-201a-58e4-7b5a-f08a6e4c1e50, NVIDIA A100-SXM4-40GB, 37471, 40960, 0, 102.67, 37
nid001133,2026/05/03 14:19:37.857, 3, GPU-e0003d1b-186b-2e66-9474-0b7af5c50af4, NVIDIA A100-SXM4-40GB, 37471, 40960, 0, 114.46, 35
nid001132,2026/05/03 14:19:40.721, 0, GPU-1ee6ac61-44ab-b161-9de0-16bbb44716e7, NVIDIA A100-SXM4-40GB, 36817, 40960, 14, 106.00, 38
nid001132,2026/05/03 14:19:40.723, 1, GPU-afa7121e-c5d0-2eb5-4e9a-8b001ff7a220, NVIDIA A100-SXM4-40GB, 36749, 40960, 36, 107.28, 35
nid001132,2026/05/03 14:19:40.725, 2, GPU-4dea0284-873a-fa20-cc19-10ca82324573, NVIDIA A100-SXM4-40GB, 36749, 40960, 32, 104.88, 36
nid001132,2026/05/03 14:19:40.727, 3, GPU-cba17786-ea73-0caf-0d43-c838fbb66bcd, NVIDIA A100-SXM4-40GB, 36749, 40960, 42, 117.79, 33
nid001133,2026/05/03 14:19:41.572, 0, GPU-43cac420-244c-9975-fbd1-604f88cdd44c, NVIDIA A100-SXM4-40GB, 37481, 40960, 0, 112.29, 36
nid001133,2026/05/03 14:19:41.575, 1, GPU-73838956-9ad1-3484-0ba2-7d8b02c7a72a, NVIDIA A100-SXM4-40GB, 37471, 40960, 0, 120.07, 34
nid001133,2026/05/03 14:19:41.576, 2, GPU-aee03275-201a-58e4-7b5a-f08a6e4c1e50, NVIDIA A100-SXM4-40GB, 37471, 40960, 0, 124.01, 37
nid001133,2026/05/03 14:19:41.578, 3, GPU-e0003d1b-186b-2e66-9474-0b7af5c50af4, NVIDIA A100-SXM4-40GB, 37471, 40960, 4, 113.04, 36
nid001132,2026/05/03 14:19:44.541, 0, GPU-1ee6ac61-44ab-b161-9de0-16bbb44716e7, NVIDIA A100-SXM4-40GB, 36817, 40960, 44, 117.27, 38
nid001132,2026/05/03 14:19:44.552, 1, GPU-afa7121e-c5d0-2eb5-4e9a-8b001ff7a220, NVIDIA A100-SXM4-40GB, 36749, 40960, 73, 116.51, 35
nid001132,2026/05/03 14:19:44.557, 2, GPU-4dea0284-873a-fa20-cc19-10ca82324573, NVIDIA A100-SXM4-40GB, 36749, 40960, 36, 106.64, 36
nid001132,2026/05/03 14:19:44.563, 3, GPU-cba17786-ea73-0caf-0d43-c838fbb66bcd, NVIDIA A100-SXM4-40GB, 36749, 40960, 77, 122.03, 33
nid001133,2026/05/03 14:19:45.435, 0, GPU-43cac420-244c-9975-fbd1-604f88cdd44c, NVIDIA A100-SXM4-40GB, 37481, 40960, 26, 122.73, 36
nid001133,2026/05/03 14:19:45.437, 1, GPU-73838956-9ad1-3484-0ba2-7d8b02c7a72a, NVIDIA A100-SXM4-40GB, 37471, 40960, 80, 127.20, 34
nid001133,2026/05/03 14:19:45.439, 2, GPU-aee03275-201a-58e4-7b5a-f08a6e4c1e50, NVIDIA A100-SXM4-40GB, 37471, 40960, 39, 128.86, 37
nid001133,2026/05/03 14:19:45.440, 3, GPU-e0003d1b-186b-2e66-9474-0b7af5c50af4, NVIDIA A100-SXM4-40GB, 37471, 40960, 45, 120.46, 35
nid001132,2026/05/03 14:19:48.358, 0, GPU-1ee6ac61-44ab-b161-9de0-16bbb44716e7, NVIDIA A100-SXM4-40GB, 36817, 40960, 39, 125.15, 38
nid001132,2026/05/03 14:19:48.361, 1, GPU-afa7121e-c5d0-2eb5-4e9a-8b001ff7a220, NVIDIA A100-SXM4-40GB, 36749, 40960, 29, 101.43, 35
nid001132,2026/05/03 14:19:48.362, 2, GPU-4dea0284-873a-fa20-cc19-10ca82324573, NVIDIA A100-SXM4-40GB, 36749, 40960, 80, 110.58, 36
nid001132,2026/05/03 14:19:48.364, 3, GPU-cba17786-ea73-0caf-0d43-c838fbb66bcd, NVIDIA A100-SXM4-40GB, 36749, 40960, 100, 112.26, 33
nid001133,2026/05/03 14:19:49.272, 0, GPU-43cac420-244c-9975-fbd1-604f88cdd44c, NVIDIA A100-SXM4-40GB, 37481, 40960, 58, 104.12, 35
nid001133,2026/05/03 14:19:49.275, 1, GPU-73838956-9ad1-3484-0ba2-7d8b02c7a72a, NVIDIA A100-SXM4-40GB, 37471, 40960, 74, 104.08, 34
nid001133,2026/05/03 14:19:49.277, 2, GPU-aee03275-201a-58e4-7b5a-f08a6e4c1e50, NVIDIA A100-SXM4-40GB, 37471, 40960, 52, 102.43, 37
nid001133,2026/05/03 14:19:49.278, 3, GPU-e0003d1b-186b-2e66-9474-0b7af5c50af4, NVIDIA A100-SXM4-40GB, 37471, 40960, 1, 99.40, 35
nid001132,2026/05/03 14:19:52.233, 0, GPU-1ee6ac61-44ab-b161-9de0-16bbb44716e7, NVIDIA A100-SXM4-40GB, 36817, 40960, 66, 105.64, 38
nid001132,2026/05/03 14:19:52.235, 1, GPU-afa7121e-c5d0-2eb5-4e9a-8b001ff7a220, NVIDIA A100-SXM4-40GB, 36749, 40960, 0, 101.03, 35
nid001132,2026/05/03 14:19:52.237, 2, GPU-4dea0284-873a-fa20-cc19-10ca82324573, NVIDIA A100-SXM4-40GB, 36749, 40960, 70, 103.71, 36
nid001132,2026/05/03 14:19:52.238, 3, GPU-cba17786-ea73-0caf-0d43-c838fbb66bcd, NVIDIA A100-SXM4-40GB, 36749, 40960, 13, 105.24, 33
nid001133,2026/05/03 14:19:53.085, 0, GPU-43cac420-244c-9975-fbd1-604f88cdd44c, NVIDIA A100-SXM4-40GB, 37481, 40960, 90, 104.12, 35
nid001133,2026/05/03 14:19:53.088, 1, GPU-73838956-9ad1-3484-0ba2-7d8b02c7a72a, NVIDIA A100-SXM4-40GB, 37471, 40960, 0, 103.20, 34
nid001133,2026/05/03 14:19:53.092, 2, GPU-aee03275-201a-58e4-7b5a-f08a6e4c1e50, NVIDIA A100-SXM4-40GB, 37471, 40960, 0, 102.43, 37
nid001133,2026/05/03 14:19:53.095, 3, GPU-e0003d1b-186b-2e66-9474-0b7af5c50af4, NVIDIA A100-SXM4-40GB, 37471, 40960, 54, 99.40, 35
nid001132,2026/05/03 14:19:56.010, 0, GPU-1ee6ac61-44ab-b161-9de0-16bbb44716e7, NVIDIA A100-SXM4-40GB, 36817, 40960, 72, 105.76, 38
nid001132,2026/05/03 14:19:56.012, 1, GPU-afa7121e-c5d0-2eb5-4e9a-8b001ff7a220, NVIDIA A100-SXM4-40GB, 36749, 40960, 68, 101.43, 35
nid001132,2026/05/03 14:19:56.015, 2, GPU-4dea0284-873a-fa20-cc19-10ca82324573, NVIDIA A100-SXM4-40GB, 36749, 40960, 41, 103.71, 36
nid001132,2026/05/03 14:19:56.017, 3, GPU-cba17786-ea73-0caf-0d43-c838fbb66bcd, NVIDIA A100-SXM4-40GB, 36749, 40960, 49, 105.37, 33
nid001133,2026/05/03 14:19:56.904, 0, GPU-43cac420-244c-9975-fbd1-604f88cdd44c, NVIDIA A100-SXM4-40GB, 37481, 40960, 69, 103.96, 35
nid001133,2026/05/03 14:19:56.911, 1, GPU-73838956-9ad1-3484-0ba2-7d8b02c7a72a, NVIDIA A100-SXM4-40GB, 37471, 40960, 85, 102.79, 34
nid001133,2026/05/03 14:19:56.916, 2, GPU-aee03275-201a-58e4-7b5a-f08a6e4c1e50, NVIDIA A100-SXM4-40GB, 37471, 40960, 5, 102.43, 37
nid001133,2026/05/03 14:19:56.920, 3, GPU-e0003d1b-186b-2e66-9474-0b7af5c50af4, NVIDIA A100-SXM4-40GB, 37471, 40960, 32, 99.51, 35
nid001132,2026/05/03 14:19:59.831, 0, GPU-1ee6ac61-44ab-b161-9de0-16bbb44716e7, NVIDIA A100-SXM4-40GB, 36817, 40960, 52, 105.76, 38
nid001132,2026/05/03 14:19:59.833, 1, GPU-afa7121e-c5d0-2eb5-4e9a-8b001ff7a220, NVIDIA A100-SXM4-40GB, 36749, 40960, 100, 101.43, 35
nid001132,2026/05/03 14:19:59.835, 2, GPU-4dea0284-873a-fa20-cc19-10ca82324573, NVIDIA A100-SXM4-40GB, 36749, 40960, 49, 103.84, 36
nid001132,2026/05/03 14:19:59.837, 3, GPU-cba17786-ea73-0caf-0d43-c838fbb66bcd, NVIDIA A100-SXM4-40GB, 36749, 40960, 24, 105.37, 33
nid001133,2026/05/03 14:20:00.698, 0, GPU-43cac420-244c-9975-fbd1-604f88cdd44c, NVIDIA A100-SXM4-40GB, 37481, 40960, 6, 104.12, 35
nid001133,2026/05/03 14:20:00.701, 1, GPU-73838956-9ad1-3484-0ba2-7d8b02c7a72a, NVIDIA A100-SXM4-40GB, 37471, 40960, 85, 103.08, 34
nid001133,2026/05/03 14:20:00.703, 2, GPU-aee03275-201a-58e4-7b5a-f08a6e4c1e50, NVIDIA A100-SXM4-40GB, 37471, 40960, 88, 102.43, 37
nid001133,2026/05/03 14:20:00.704, 3, GPU-e0003d1b-186b-2e66-9474-0b7af5c50af4, NVIDIA A100-SXM4-40GB, 37471, 40960, 56, 99.40, 35
nid001132,2026/05/03 14:20:03.614, 0, GPU-1ee6ac61-44ab-b161-9de0-16bbb44716e7, NVIDIA A100-SXM4-40GB, 36817, 40960, 45, 106.00, 38
nid001132,2026/05/03 14:20:03.616, 1, GPU-afa7121e-c5d0-2eb5-4e9a-8b001ff7a220, NVIDIA A100-SXM4-40GB, 36749, 40960, 90, 101.15, 35
nid001132,2026/05/03 14:20:03.618, 2, GPU-4dea0284-873a-fa20-cc19-10ca82324573, NVIDIA A100-SXM4-40GB, 36749, 40960, 70, 103.84, 36
nid001132,2026/05/03 14:20:03.620, 3, GPU-cba17786-ea73-0caf-0d43-c838fbb66bcd, NVIDIA A100-SXM4-40GB, 36749, 40960, 41, 106.12, 33
nid001133,2026/05/03 14:20:04.554, 0, GPU-43cac420-244c-9975-fbd1-604f88cdd44c, NVIDIA A100-SXM4-40GB, 37481, 40960, 11, 104.12, 35
nid001133,2026/05/03 14:20:04.556, 1, GPU-73838956-9ad1-3484-0ba2-7d8b02c7a72a, NVIDIA A100-SXM4-40GB, 37471, 40960, 70, 103.20, 34
nid001133,2026/05/03 14:20:04.558, 2, GPU-aee03275-201a-58e4-7b5a-f08a6e4c1e50, NVIDIA A100-SXM4-40GB, 37471, 40960, 59, 102.55, 37
nid001133,2026/05/03 14:20:04.559, 3, GPU-e0003d1b-186b-2e66-9474-0b7af5c50af4, NVIDIA A100-SXM4-40GB, 37471, 40960, 27, 99.51, 35
nid001132,2026/05/03 14:20:07.435, 0, GPU-1ee6ac61-44ab-b161-9de0-16bbb44716e7, NVIDIA A100-SXM4-40GB, 36817, 40960, 1, 113.70, 38
nid001132,2026/05/03 14:20:07.438, 1, GPU-afa7121e-c5d0-2eb5-4e9a-8b001ff7a220, NVIDIA A100-SXM4-40GB, 36749, 40960, 37, 101.43, 35
nid001132,2026/05/03 14:20:07.439, 2, GPU-4dea0284-873a-fa20-cc19-10ca82324573, NVIDIA A100-SXM4-40GB, 36749, 40960, 75, 103.84, 36
nid001132,2026/05/03 14:20:07.441, 3, GPU-cba17786-ea73-0caf-0d43-c838fbb66bcd, NVIDIA A100-SXM4-40GB, 36749, 40960, 64, 111.14, 33
nid001133,2026/05/03 14:20:08.281, 0, GPU-43cac420-244c-9975-fbd1-604f88cdd44c, NVIDIA A100-SXM4-40GB, 37481, 40960, 0, 104.12, 35
nid001133,2026/05/03 14:20:08.283, 1, GPU-73838956-9ad1-3484-0ba2-7d8b02c7a72a, NVIDIA A100-SXM4-40GB, 37471, 40960, 3, 102.96, 34
nid001133,2026/05/03 14:20:08.285, 2, GPU-aee03275-201a-58e4-7b5a-f08a6e4c1e50, NVIDIA A100-SXM4-40GB, 37471, 40960, 0, 102.67, 37
nid001133,2026/05/03 14:20:08.286, 3, GPU-e0003d1b-186b-2e66-9474-0b7af5c50af4, NVIDIA A100-SXM4-40GB, 37471, 40960, 0, 99.40, 35
nid001132,2026/05/03 14:20:11.174, 0, GPU-1ee6ac61-44ab-b161-9de0-16bbb44716e7, NVIDIA A100-SXM4-40GB, 36817, 40960, 94, 122.35, 38
nid001132,2026/05/03 14:20:11.184, 1, GPU-afa7121e-c5d0-2eb5-4e9a-8b001ff7a220, NVIDIA A100-SXM4-40GB, 36749, 40960, 58, 107.57, 35
nid001132,2026/05/03 14:20:11.190, 2, GPU-4dea0284-873a-fa20-cc19-10ca82324573, NVIDIA A100-SXM4-40GB, 36749, 40960, 100, 103.96, 36
nid001132,2026/05/03 14:20:11.194, 3, GPU-cba17786-ea73-0caf-0d43-c838fbb66bcd, NVIDIA A100-SXM4-40GB, 36749, 40960, 35, 108.69, 33
nid001133,2026/05/03 14:20:12.041, 0, GPU-43cac420-244c-9975-fbd1-604f88cdd44c, NVIDIA A100-SXM4-40GB, 37481, 40960, 55, 104.24, 35
nid001133,2026/05/03 14:20:12.043, 1, GPU-73838956-9ad1-3484-0ba2-7d8b02c7a72a, NVIDIA A100-SXM4-40GB, 37471, 40960, 73, 103.84, 34
nid001133,2026/05/03 14:20:12.045, 2, GPU-aee03275-201a-58e4-7b5a-f08a6e4c1e50, NVIDIA A100-SXM4-40GB, 37471, 40960, 7, 120.60, 37
nid001133,2026/05/03 14:20:12.046, 3, GPU-e0003d1b-186b-2e66-9474-0b7af5c50af4, NVIDIA A100-SXM4-40GB, 37471, 40960, 67, 100.39, 35
nid001132,2026/05/03 14:20:15.080, 0, GPU-1ee6ac61-44ab-b161-9de0-16bbb44716e7, NVIDIA A100-SXM4-40GB, 36817, 40960, 48, 123.12, 39
nid001132,2026/05/03 14:20:15.083, 1, GPU-afa7121e-c5d0-2eb5-4e9a-8b001ff7a220, NVIDIA A100-SXM4-40GB, 36749, 40960, 85, 110.72, 35
nid001132,2026/05/03 14:20:15.085, 2, GPU-4dea0284-873a-fa20-cc19-10ca82324573, NVIDIA A100-SXM4-40GB, 36749, 40960, 38, 104.99, 36
nid001132,2026/05/03 14:20:15.091, 3, GPU-cba17786-ea73-0caf-0d43-c838fbb66bcd, NVIDIA A100-SXM4-40GB, 36749, 40960, 5, 116.74, 33
nid001133,2026/05/03 14:20:15.981, 0, GPU-43cac420-244c-9975-fbd1-604f88cdd44c, NVIDIA A100-SXM4-40GB, 37481, 40960, 0, 115.85, 36
nid001133,2026/05/03 14:20:15.984, 1, GPU-73838956-9ad1-3484-0ba2-7d8b02c7a72a, NVIDIA A100-SXM4-40GB, 37471, 40960, 12, 118.55, 34
nid001133,2026/05/03 14:20:15.985, 2, GPU-aee03275-201a-58e4-7b5a-f08a6e4c1e50, NVIDIA A100-SXM4-40GB, 37471, 40960, 33, 132.70, 37
nid001133,2026/05/03 14:20:15.987, 3, GPU-e0003d1b-186b-2e66-9474-0b7af5c50af4, NVIDIA A100-SXM4-40GB, 37471, 40960, 0, 115.46, 35
nid001132,2026/05/03 14:20:18.921, 0, GPU-1ee6ac61-44ab-b161-9de0-16bbb44716e7, NVIDIA A100-SXM4-40GB, 36817, 40960, 15, 105.76, 38
nid001132,2026/05/03 14:20:18.923, 1, GPU-afa7121e-c5d0-2eb5-4e9a-8b001ff7a220, NVIDIA A100-SXM4-40GB, 36749, 40960, 0, 101.15, 35
nid001132,2026/05/03 14:20:18.925, 2, GPU-4dea0284-873a-fa20-cc19-10ca82324573, NVIDIA A100-SXM4-40GB, 36749, 40960, 0, 103.84, 36
nid001132,2026/05/03 14:20:18.927, 3, GPU-cba17786-ea73-0caf-0d43-c838fbb66bcd, NVIDIA A100-SXM4-40GB, 36749, 40960, 0, 105.12, 33
nid001133,2026/05/03 14:20:19.817, 0, GPU-43cac420-244c-9975-fbd1-604f88cdd44c, NVIDIA A100-SXM4-40GB, 37481, 40960, 33, 103.96, 35
nid001133,2026/05/03 14:20:19.819, 1, GPU-73838956-9ad1-3484-0ba2-7d8b02c7a72a, NVIDIA A100-SXM4-40GB, 37471, 40960, 50, 103.08, 34
nid001133,2026/05/03 14:20:19.821, 2, GPU-aee03275-201a-58e4-7b5a-f08a6e4c1e50, NVIDIA A100-SXM4-40GB, 37471, 40960, 6, 102.43, 37
nid001133,2026/05/03 14:20:19.823, 3, GPU-e0003d1b-186b-2e66-9474-0b7af5c50af4, NVIDIA A100-SXM4-40GB, 37471, 40960, 83, 99.40, 35
nid001132,2026/05/03 14:20:22.810, 0, GPU-1ee6ac61-44ab-b161-9de0-16bbb44716e7, NVIDIA A100-SXM4-40GB, 36817, 40960, 42, 105.89, 38
nid001132,2026/05/03 14:20:22.813, 1, GPU-afa7121e-c5d0-2eb5-4e9a-8b001ff7a220, NVIDIA A100-SXM4-40GB, 36749, 40960, 69, 101.92, 35
nid001132,2026/05/03 14:20:22.815, 2, GPU-4dea0284-873a-fa20-cc19-10ca82324573, NVIDIA A100-SXM4-40GB, 36749, 40960, 24, 103.96, 36
nid001132,2026/05/03 14:20:22.817, 3, GPU-cba17786-ea73-0caf-0d43-c838fbb66bcd, NVIDIA A100-SXM4-40GB, 36749, 40960, 24, 105.25, 33
nid001133,2026/05/03 14:20:23.801, 0, GPU-43cac420-244c-9975-fbd1-604f88cdd44c, NVIDIA A100-SXM4-40GB, 37481, 40960, 70, 103.96, 35
nid001133,2026/05/03 14:20:23.804, 1, GPU-73838956-9ad1-3484-0ba2-7d8b02c7a72a, NVIDIA A100-SXM4-40GB, 37471, 40960, 89, 103.08, 34
nid001133,2026/05/03 14:20:23.805, 2, GPU-aee03275-201a-58e4-7b5a-f08a6e4c1e50, NVIDIA A100-SXM4-40GB, 37471, 40960, 5, 102.43, 37
nid001133,2026/05/03 14:20:23.807, 3, GPU-e0003d1b-186b-2e66-9474-0b7af5c50af4, NVIDIA A100-SXM4-40GB, 37471, 40960, 38, 99.63, 35
nid001132,2026/05/03 14:20:26.782, 0, GPU-1ee6ac61-44ab-b161-9de0-16bbb44716e7, NVIDIA A100-SXM4-40GB, 36817, 40960, 0, 115.60, 38
nid001132,2026/05/03 14:20:26.791, 1, GPU-afa7121e-c5d0-2eb5-4e9a-8b001ff7a220, NVIDIA A100-SXM4-40GB, 36749, 40960, 14, 109.86, 35
nid001132,2026/05/03 14:20:26.796, 2, GPU-4dea0284-873a-fa20-cc19-10ca82324573, NVIDIA A100-SXM4-40GB, 36749, 40960, 50, 105.00, 36
nid001132,2026/05/03 14:20:26.799, 3, GPU-cba17786-ea73-0caf-0d43-c838fbb66bcd, NVIDIA A100-SXM4-40GB, 36749, 40960, 66, 107.54, 33
nid001133,2026/05/03 14:20:27.744, 0, GPU-43cac420-244c-9975-fbd1-604f88cdd44c, NVIDIA A100-SXM4-40GB, 37481, 40960, 0, 109.09, 36
nid001133,2026/05/03 14:20:27.747, 1, GPU-73838956-9ad1-3484-0ba2-7d8b02c7a72a, NVIDIA A100-SXM4-40GB, 37471, 40960, 0, 126.96, 34
nid001133,2026/05/03 14:20:27.749, 2, GPU-aee03275-201a-58e4-7b5a-f08a6e4c1e50, NVIDIA A100-SXM4-40GB, 37471, 40960, 0, 107.44, 37
nid001133,2026/05/03 14:20:27.751, 3, GPU-e0003d1b-186b-2e66-9474-0b7af5c50af4, NVIDIA A100-SXM4-40GB, 37471, 40960, 82, 111.66, 35
nid001132,2026/05/03 14:20:30.605, 0, GPU-1ee6ac61-44ab-b161-9de0-16bbb44716e7, NVIDIA A100-SXM4-40GB, 36817, 40960, 32, 112.42, 38
nid001132,2026/05/03 14:20:30.607, 1, GPU-afa7121e-c5d0-2eb5-4e9a-8b001ff7a220, NVIDIA A100-SXM4-40GB, 36749, 40960, 9, 104.72, 35
nid001132,2026/05/03 14:20:30.609, 2, GPU-4dea0284-873a-fa20-cc19-10ca82324573, NVIDIA A100-SXM4-40GB, 36749, 40960, 0, 111.24, 36
nid001132,2026/05/03 14:20:30.610, 3, GPU-cba17786-ea73-0caf-0d43-c838fbb66bcd, NVIDIA A100-SXM4-40GB, 36749, 40960, 0, 118.03, 33
nid001133,2026/05/03 14:20:31.442, 0, GPU-43cac420-244c-9975-fbd1-604f88cdd44c, NVIDIA A100-SXM4-40GB, 37481, 40960, 0, 103.96, 35
nid001133,2026/05/03 14:20:31.445, 1, GPU-73838956-9ad1-3484-0ba2-7d8b02c7a72a, NVIDIA A100-SXM4-40GB, 37471, 40960, 0, 103.08, 34
nid001133,2026/05/03 14:20:31.447, 2, GPU-aee03275-201a-58e4-7b5a-f08a6e4c1e50, NVIDIA A100-SXM4-40GB, 37471, 40960, 0, 102.43, 37
nid001133,2026/05/03 14:20:31.449, 3, GPU-e0003d1b-186b-2e66-9474-0b7af5c50af4, NVIDIA A100-SXM4-40GB, 37471, 40960, 0, 99.40, 35
nid001132,2026/05/03 14:20:34.340, 0, GPU-1ee6ac61-44ab-b161-9de0-16bbb44716e7, NVIDIA A100-SXM4-40GB, 36817, 40960, 48, 106.00, 38
nid001132,2026/05/03 14:20:34.343, 1, GPU-afa7121e-c5d0-2eb5-4e9a-8b001ff7a220, NVIDIA A100-SXM4-40GB, 36749, 40960, 61, 114.18, 35
nid001132,2026/05/03 14:20:34.345, 2, GPU-4dea0284-873a-fa20-cc19-10ca82324573, NVIDIA A100-SXM4-40GB, 36749, 40960, 75, 105.64, 36
nid001132,2026/05/03 14:20:34.346, 3, GPU-cba17786-ea73-0caf-0d43-c838fbb66bcd, NVIDIA A100-SXM4-40GB, 36749, 40960, 47, 105.37, 33
nid001133,2026/05/03 14:20:35.329, 0, GPU-43cac420-244c-9975-fbd1-604f88cdd44c, NVIDIA A100-SXM4-40GB, 37481, 40960, 72, 104.24, 35
nid001133,2026/05/03 14:20:35.332, 1, GPU-73838956-9ad1-3484-0ba2-7d8b02c7a72a, NVIDIA A100-SXM4-40GB, 37471, 40960, 90, 111.66, 34
nid001133,2026/05/03 14:20:35.333, 2, GPU-aee03275-201a-58e4-7b5a-f08a6e4c1e50, NVIDIA A100-SXM4-40GB, 37471, 40960, 5, 102.96, 37
nid001133,2026/05/03 14:20:35.335, 3, GPU-e0003d1b-186b-2e66-9474-0b7af5c50af4, NVIDIA A100-SXM4-40GB, 37471, 40960, 39, 99.40, 35
nid001132,2026/05/03 14:20:38.341, 0, GPU-1ee6ac61-44ab-b161-9de0-16bbb44716e7, NVIDIA A100-SXM4-40GB, 36817, 40960, 36, 105.65, 38
nid001132,2026/05/03 14:20:38.343, 1, GPU-afa7121e-c5d0-2eb5-4e9a-8b001ff7a220, NVIDIA A100-SXM4-40GB, 36749, 40960, 0, 101.15, 35
nid001132,2026/05/03 14:20:38.345, 2, GPU-4dea0284-873a-fa20-cc19-10ca82324573, NVIDIA A100-SXM4-40GB, 36749, 40960, 40, 103.96, 36
nid001132,2026/05/03 14:20:38.347, 3, GPU-cba17786-ea73-0caf-0d43-c838fbb66bcd, NVIDIA A100-SXM4-40GB, 36749, 40960, 17, 105.25, 33
nid001133,2026/05/03 14:20:39.315, 0, GPU-43cac420-244c-9975-fbd1-604f88cdd44c, NVIDIA A100-SXM4-40GB, 37481, 40960, 57, 103.96, 35
nid001133,2026/05/03 14:20:39.317, 1, GPU-73838956-9ad1-3484-0ba2-7d8b02c7a72a, NVIDIA A100-SXM4-40GB, 37471, 40960, 6, 103.08, 34
nid001133,2026/05/03 14:20:39.319, 2, GPU-aee03275-201a-58e4-7b5a-f08a6e4c1e50, NVIDIA A100-SXM4-40GB, 37471, 40960, 0, 102.56, 37
nid001133,2026/05/03 14:20:39.320, 3, GPU-e0003d1b-186b-2e66-9474-0b7af5c50af4, NVIDIA A100-SXM4-40GB, 37471, 40960, 0, 99.51, 35
nid001132,2026/05/03 14:20:42.222, 0, GPU-1ee6ac61-44ab-b161-9de0-16bbb44716e7, NVIDIA A100-SXM4-40GB, 36817, 40960, 54, 107.94, 38
nid001132,2026/05/03 14:20:42.229, 1, GPU-afa7121e-c5d0-2eb5-4e9a-8b001ff7a220, NVIDIA A100-SXM4-40GB, 36749, 40960, 98, 107.81, 35
nid001132,2026/05/03 14:20:42.235, 2, GPU-4dea0284-873a-fa20-cc19-10ca82324573, NVIDIA A100-SXM4-40GB, 36749, 40960, 2, 115.32, 36
nid001132,2026/05/03 14:20:42.242, 3, GPU-cba17786-ea73-0caf-0d43-c838fbb66bcd, NVIDIA A100-SXM4-40GB, 36749, 40960, 75, 105.65, 33
nid001133,2026/05/03 14:20:43.167, 0, GPU-43cac420-244c-9975-fbd1-604f88cdd44c, NVIDIA A100-SXM4-40GB, 37481, 40960, 0, 104.24, 35
nid001133,2026/05/03 14:20:43.170, 1, GPU-73838956-9ad1-3484-0ba2-7d8b02c7a72a, NVIDIA A100-SXM4-40GB, 37471, 40960, 0, 116.74, 34
nid001133,2026/05/03 14:20:43.171, 2, GPU-aee03275-201a-58e4-7b5a-f08a6e4c1e50, NVIDIA A100-SXM4-40GB, 37471, 40960, 22, 119.31, 37
nid001133,2026/05/03 14:20:43.176, 3, GPU-e0003d1b-186b-2e66-9474-0b7af5c50af4, NVIDIA A100-SXM4-40GB, 37471, 40960, 0, 99.51, 35
nid001132,2026/05/03 14:20:46.152, 0, GPU-1ee6ac61-44ab-b161-9de0-16bbb44716e7, NVIDIA A100-SXM4-40GB, 36817, 40960, 38, 121.88, 38
nid001132,2026/05/03 14:20:46.155, 1, GPU-afa7121e-c5d0-2eb5-4e9a-8b001ff7a220, NVIDIA A100-SXM4-40GB, 36749, 40960, 17, 106.53, 35
nid001132,2026/05/03 14:20:46.156, 2, GPU-4dea0284-873a-fa20-cc19-10ca82324573, NVIDIA A100-SXM4-40GB, 36749, 40960, 23, 104.59, 36
nid001132,2026/05/03 14:20:46.158, 3, GPU-cba17786-ea73-0caf-0d43-c838fbb66bcd, NVIDIA A100-SXM4-40GB, 36749, 40960, 43, 115.99, 33
nid001133,2026/05/03 14:20:47.043, 0, GPU-43cac420-244c-9975-fbd1-604f88cdd44c, NVIDIA A100-SXM4-40GB, 37481, 40960, 0, 103.96, 35
nid001133,2026/05/03 14:20:47.046, 1, GPU-73838956-9ad1-3484-0ba2-7d8b02c7a72a, NVIDIA A100-SXM4-40GB, 37471, 40960, 0, 103.08, 34
nid001133,2026/05/03 14:20:47.048, 2, GPU-aee03275-201a-58e4-7b5a-f08a6e4c1e50, NVIDIA A100-SXM4-40GB, 37471, 40960, 0, 102.67, 37
nid001133,2026/05/03 14:20:47.049, 3, GPU-e0003d1b-186b-2e66-9474-0b7af5c50af4, NVIDIA A100-SXM4-40GB, 37471, 40960, 9, 99.51, 35
nid001132,2026/05/03 14:20:50.037, 0, GPU-1ee6ac61-44ab-b161-9de0-16bbb44716e7, NVIDIA A100-SXM4-40GB, 36817, 40960, 23, 123.40, 39
nid001132,2026/05/03 14:20:50.040, 1, GPU-afa7121e-c5d0-2eb5-4e9a-8b001ff7a220, NVIDIA A100-SXM4-40GB, 36749, 40960, 25, 117.89, 35
nid001132,2026/05/03 14:20:50.042, 2, GPU-4dea0284-873a-fa20-cc19-10ca82324573, NVIDIA A100-SXM4-40GB, 36749, 40960, 11, 111.86, 36
nid001132,2026/05/03 14:20:50.043, 3, GPU-cba17786-ea73-0caf-0d43-c838fbb66bcd, NVIDIA A100-SXM4-40GB, 36749, 40960, 30, 108.69, 34
nid001133,2026/05/03 14:20:50.901, 0, GPU-43cac420-244c-9975-fbd1-604f88cdd44c, NVIDIA A100-SXM4-40GB, 37481, 40960, 0, 103.84, 35
nid001133,2026/05/03 14:20:50.905, 1, GPU-73838956-9ad1-3484-0ba2-7d8b02c7a72a, NVIDIA A100-SXM4-40GB, 37471, 40960, 0, 102.96, 34
nid001133,2026/05/03 14:20:50.911, 2, GPU-aee03275-201a-58e4-7b5a-f08a6e4c1e50, NVIDIA A100-SXM4-40GB, 37471, 40960, 0, 102.43, 37
nid001133,2026/05/03 14:20:50.922, 3, GPU-e0003d1b-186b-2e66-9474-0b7af5c50af4, NVIDIA A100-SXM4-40GB, 37471, 40960, 0, 99.40, 35
nid001132,2026/05/03 14:20:53.845, 0, GPU-1ee6ac61-44ab-b161-9de0-16bbb44716e7, NVIDIA A100-SXM4-40GB, 36817, 40960, 24, 105.89, 38
nid001132,2026/05/03 14:20:53.848, 1, GPU-afa7121e-c5d0-2eb5-4e9a-8b001ff7a220, NVIDIA A100-SXM4-40GB, 36749, 40960, 55, 101.15, 35
nid001132,2026/05/03 14:20:53.850, 2, GPU-4dea0284-873a-fa20-cc19-10ca82324573, NVIDIA A100-SXM4-40GB, 36749, 40960, 77, 103.96, 36
nid001132,2026/05/03 14:20:53.851, 3, GPU-cba17786-ea73-0caf-0d43-c838fbb66bcd, NVIDIA A100-SXM4-40GB, 36749, 40960, 90, 105.25, 33
nid001133,2026/05/03 14:20:54.722, 0, GPU-43cac420-244c-9975-fbd1-604f88cdd44c, NVIDIA A100-SXM4-40GB, 37481, 40960, 45, 120.69, 36
nid001133,2026/05/03 14:20:54.725, 1, GPU-73838956-9ad1-3484-0ba2-7d8b02c7a72a, NVIDIA A100-SXM4-40GB, 37471, 40960, 77, 106.89, 34
nid001133,2026/05/03 14:20:54.726, 2, GPU-aee03275-201a-58e4-7b5a-f08a6e4c1e50, NVIDIA A100-SXM4-40GB, 37471, 40960, 90, 128.01, 37
nid001133,2026/05/03 14:20:54.728, 3, GPU-e0003d1b-186b-2e66-9474-0b7af5c50af4, NVIDIA A100-SXM4-40GB, 37471, 40960, 26, 105.00, 35
nid001132,2026/05/03 14:20:57.681, 0, GPU-1ee6ac61-44ab-b161-9de0-16bbb44716e7, NVIDIA A100-SXM4-40GB, 36817, 40960, 5, 109.61, 38
nid001132,2026/05/03 14:20:57.684, 1, GPU-afa7121e-c5d0-2eb5-4e9a-8b001ff7a220, NVIDIA A100-SXM4-40GB, 36749, 40960, 45, 108.81, 35
nid001132,2026/05/03 14:20:57.686, 2, GPU-4dea0284-873a-fa20-cc19-10ca82324573, NVIDIA A100-SXM4-40GB, 36749, 40960, 39, 109.48, 36
nid001132,2026/05/03 14:20:57.688, 3, GPU-cba17786-ea73-0caf-0d43-c838fbb66bcd, NVIDIA A100-SXM4-40GB, 36749, 40960, 35, 120.45, 33
nid001133,2026/05/03 14:20:58.556, 0, GPU-43cac420-244c-9975-fbd1-604f88cdd44c, NVIDIA A100-SXM4-40GB, 37481, 40960, 0, 103.96, 35
nid001133,2026/05/03 14:20:58.559, 1, GPU-73838956-9ad1-3484-0ba2-7d8b02c7a72a, NVIDIA A100-SXM4-40GB, 37471, 40960, 3, 103.08, 34
nid001133,2026/05/03 14:20:58.560, 2, GPU-aee03275-201a-58e4-7b5a-f08a6e4c1e50, NVIDIA A100-SXM4-40GB, 37471, 40960, 0, 102.43, 37
nid001133,2026/05/03 14:20:58.562, 3, GPU-e0003d1b-186b-2e66-9474-0b7af5c50af4, NVIDIA A100-SXM4-40GB, 37471, 40960, 0, 99.51, 35
nid001132,2026/05/03 14:21:01.559, 0, GPU-1ee6ac61-44ab-b161-9de0-16bbb44716e7, NVIDIA A100-SXM4-40GB, 36817, 40960, 57, 127.73, 39
nid001132,2026/05/03 14:21:01.561, 1, GPU-afa7121e-c5d0-2eb5-4e9a-8b001ff7a220, NVIDIA A100-SXM4-40GB, 36749, 40960, 59, 117.89, 35
nid001132,2026/05/03 14:21:01.563, 2, GPU-4dea0284-873a-fa20-cc19-10ca82324573, NVIDIA A100-SXM4-40GB, 36749, 40960, 57, 114.43, 36
nid001132,2026/05/03 14:21:01.564, 3, GPU-cba17786-ea73-0caf-0d43-c838fbb66bcd, NVIDIA A100-SXM4-40GB, 36749, 40960, 88, 105.65, 33
nid001133,2026/05/03 14:21:02.422, 0, GPU-43cac420-244c-9975-fbd1-604f88cdd44c, NVIDIA A100-SXM4-40GB, 37481, 40960, 86, 120.17, 36
nid001133,2026/05/03 14:21:02.425, 1, GPU-73838956-9ad1-3484-0ba2-7d8b02c7a72a, NVIDIA A100-SXM4-40GB, 37471, 40960, 0, 103.32, 34
nid001133,2026/05/03 14:21:02.426, 2, GPU-aee03275-201a-58e4-7b5a-f08a6e4c1e50, NVIDIA A100-SXM4-40GB, 37471, 40960, 0, 111.53, 37
nid001133,2026/05/03 14:21:02.428, 3, GPU-e0003d1b-186b-2e66-9474-0b7af5c50af4, NVIDIA A100-SXM4-40GB, 37471, 40960, 28, 121.88, 36
nid001132,2026/05/03 14:21:05.332, 0, GPU-1ee6ac61-44ab-b161-9de0-16bbb44716e7, NVIDIA A100-SXM4-40GB, 36817, 40960, 0, 120.31, 39
nid001132,2026/05/03 14:21:05.334, 1, GPU-afa7121e-c5d0-2eb5-4e9a-8b001ff7a220, NVIDIA A100-SXM4-40GB, 36749, 40960, 76, 117.65, 35
nid001132,2026/05/03 14:21:05.336, 2, GPU-4dea0284-873a-fa20-cc19-10ca82324573, NVIDIA A100-SXM4-40GB, 36749, 40960, 38, 105.12, 36
nid001132,2026/05/03 14:21:05.337, 3, GPU-cba17786-ea73-0caf-0d43-c838fbb66bcd, NVIDIA A100-SXM4-40GB, 36749, 40960, 3, 119.83, 33
nid001133,2026/05/03 14:21:06.227, 0, GPU-43cac420-244c-9975-fbd1-604f88cdd44c, NVIDIA A100-SXM4-40GB, 37481, 40960, 0, 103.96, 35
nid001133,2026/05/03 14:21:06.230, 1, GPU-73838956-9ad1-3484-0ba2-7d8b02c7a72a, NVIDIA A100-SXM4-40GB, 37471, 40960, 0, 103.08, 34
nid001133,2026/05/03 14:21:06.231, 2, GPU-aee03275-201a-58e4-7b5a-f08a6e4c1e50, NVIDIA A100-SXM4-40GB, 37471, 40960, 0, 102.56, 37
nid001133,2026/05/03 14:21:06.233, 3, GPU-e0003d1b-186b-2e66-9474-0b7af5c50af4, NVIDIA A100-SXM4-40GB, 37471, 40960, 0, 99.75, 35
nid001132,2026/05/03 14:21:09.125, 0, GPU-1ee6ac61-44ab-b161-9de0-16bbb44716e7, NVIDIA A100-SXM4-40GB, 36817, 40960, 46, 130.06, 38
nid001132,2026/05/03 14:21:09.127, 1, GPU-afa7121e-c5d0-2eb5-4e9a-8b001ff7a220, NVIDIA A100-SXM4-40GB, 36749, 40960, 32, 106.29, 35
nid001132,2026/05/03 14:21:09.129, 2, GPU-4dea0284-873a-fa20-cc19-10ca82324573, NVIDIA A100-SXM4-40GB, 36749, 40960, 100, 117.89, 36
nid001132,2026/05/03 14:21:09.131, 3, GPU-cba17786-ea73-0caf-0d43-c838fbb66bcd, NVIDIA A100-SXM4-40GB, 36749, 40960, 53, 119.98, 34
nid001133,2026/05/03 14:21:10.018, 0, GPU-43cac420-244c-9975-fbd1-604f88cdd44c, NVIDIA A100-SXM4-40GB, 37481, 40960, 5, 103.96, 35
nid001133,2026/05/03 14:21:10.027, 1, GPU-73838956-9ad1-3484-0ba2-7d8b02c7a72a, NVIDIA A100-SXM4-40GB, 37471, 40960, 95, 103.08, 34
nid001133,2026/05/03 14:21:10.029, 2, GPU-aee03275-201a-58e4-7b5a-f08a6e4c1e50, NVIDIA A100-SXM4-40GB, 37471, 40960, 27, 102.43, 37
nid001133,2026/05/03 14:21:10.030, 3, GPU-e0003d1b-186b-2e66-9474-0b7af5c50af4, NVIDIA A100-SXM4-40GB, 37471, 40960, 23, 99.51, 35
nid001132,2026/05/03 14:21:12.955, 0, GPU-1ee6ac61-44ab-b161-9de0-16bbb44716e7, NVIDIA A100-SXM4-40GB, 36817, 40960, 36, 116.99, 38
nid001132,2026/05/03 14:21:12.958, 1, GPU-afa7121e-c5d0-2eb5-4e9a-8b001ff7a220, NVIDIA A100-SXM4-40GB, 36749, 40960, 56, 101.68, 35
nid001132,2026/05/03 14:21:12.959, 2, GPU-4dea0284-873a-fa20-cc19-10ca82324573, NVIDIA A100-SXM4-40GB, 36749, 40960, 16, 119.55, 36
nid001132,2026/05/03 14:21:12.961, 3, GPU-cba17786-ea73-0caf-0d43-c838fbb66bcd, NVIDIA A100-SXM4-40GB, 36749, 40960, 49, 106.12, 33
nid001133,2026/05/03 14:21:13.948, 0, GPU-43cac420-244c-9975-fbd1-604f88cdd44c, NVIDIA A100-SXM4-40GB, 37481, 40960, 46, 121.74, 36
nid001133,2026/05/03 14:21:13.951, 1, GPU-73838956-9ad1-3484-0ba2-7d8b02c7a72a, NVIDIA A100-SXM4-40GB, 37471, 40960, 0, 119.83, 34
nid001133,2026/05/03 14:21:13.954, 2, GPU-aee03275-201a-58e4-7b5a-f08a6e4c1e50, NVIDIA A100-SXM4-40GB, 37471, 40960, 0, 107.44, 37
nid001133,2026/05/03 14:21:13.955, 3, GPU-e0003d1b-186b-2e66-9474-0b7af5c50af4, NVIDIA A100-SXM4-40GB, 37471, 40960, 23, 116.51, 36
nid001132,2026/05/03 14:21:16.853, 0, GPU-1ee6ac61-44ab-b161-9de0-16bbb44716e7, NVIDIA A100-SXM4-40GB, 36817, 40960, 1, 105.76, 38
nid001132,2026/05/03 14:21:16.856, 1, GPU-afa7121e-c5d0-2eb5-4e9a-8b001ff7a220, NVIDIA A100-SXM4-40GB, 36749, 40960, 54, 101.03, 35
nid001132,2026/05/03 14:21:16.858, 2, GPU-4dea0284-873a-fa20-cc19-10ca82324573, NVIDIA A100-SXM4-40GB, 36749, 40960, 4, 115.19, 36
nid001132,2026/05/03 14:21:16.859, 3, GPU-cba17786-ea73-0caf-0d43-c838fbb66bcd, NVIDIA A100-SXM4-40GB, 36749, 40960, 0, 105.37, 33
nid001133,2026/05/03 14:21:17.770, 0, GPU-43cac420-244c-9975-fbd1-604f88cdd44c, NVIDIA A100-SXM4-40GB, 37481, 40960, 1, 103.84, 35
nid001133,2026/05/03 14:21:17.772, 1, GPU-73838956-9ad1-3484-0ba2-7d8b02c7a72a, NVIDIA A100-SXM4-40GB, 37471, 40960, 10, 103.08, 34
nid001133,2026/05/03 14:21:17.774, 2, GPU-aee03275-201a-58e4-7b5a-f08a6e4c1e50, NVIDIA A100-SXM4-40GB, 37471, 40960, 13, 102.43, 37
nid001133,2026/05/03 14:21:17.775, 3, GPU-e0003d1b-186b-2e66-9474-0b7af5c50af4, NVIDIA A100-SXM4-40GB, 37471, 40960, 0, 99.40, 35
nid001132,2026/05/03 14:21:20.738, 0, GPU-1ee6ac61-44ab-b161-9de0-16bbb44716e7, NVIDIA A100-SXM4-40GB, 36817, 40960, 66, 115.07, 39
nid001132,2026/05/03 14:21:20.741, 1, GPU-afa7121e-c5d0-2eb5-4e9a-8b001ff7a220, NVIDIA A100-SXM4-40GB, 36749, 40960, 72, 107.05, 35
nid001132,2026/05/03 14:21:20.743, 2, GPU-4dea0284-873a-fa20-cc19-10ca82324573, NVIDIA A100-SXM4-40GB, 36749, 40960, 45, 114.32, 36
nid001132,2026/05/03 14:21:20.744, 3, GPU-cba17786-ea73-0caf-0d43-c838fbb66bcd, NVIDIA A100-SXM4-40GB, 36749, 40960, 0, 117.93, 34
nid001133,2026/05/03 14:21:21.672, 0, GPU-43cac420-244c-9975-fbd1-604f88cdd44c, NVIDIA A100-SXM4-40GB, 37481, 40960, 16, 115.74, 36
nid001133,2026/05/03 14:21:21.675, 1, GPU-73838956-9ad1-3484-0ba2-7d8b02c7a72a, NVIDIA A100-SXM4-40GB, 37471, 40960, 48, 132.33, 34
nid001133,2026/05/03 14:21:21.676, 2, GPU-aee03275-201a-58e4-7b5a-f08a6e4c1e50, NVIDIA A100-SXM4-40GB, 37471, 40960, 0, 118.79, 37
nid001133,2026/05/03 14:21:21.678, 3, GPU-e0003d1b-186b-2e66-9474-0b7af5c50af4, NVIDIA A100-SXM4-40GB, 37471, 40960, 0, 129.01, 35
nid001132,2026/05/03 14:21:24.670, 0, GPU-1ee6ac61-44ab-b161-9de0-16bbb44716e7, NVIDIA A100-SXM4-40GB, 36817, 40960, 0, 105.89, 38
nid001132,2026/05/03 14:21:24.672, 1, GPU-afa7121e-c5d0-2eb5-4e9a-8b001ff7a220, NVIDIA A100-SXM4-40GB, 36749, 40960, 0, 112.52, 35
nid001132,2026/05/03 14:21:24.674, 2, GPU-4dea0284-873a-fa20-cc19-10ca82324573, NVIDIA A100-SXM4-40GB, 36749, 40960, 11, 103.84, 36
nid001132,2026/05/03 14:21:24.675, 3, GPU-cba17786-ea73-0caf-0d43-c838fbb66bcd, NVIDIA A100-SXM4-40GB, 36749, 40960, 0, 105.37, 33
nid001133,2026/05/03 14:21:25.523, 0, GPU-43cac420-244c-9975-fbd1-604f88cdd44c, NVIDIA A100-SXM4-40GB, 37481, 40960, 0, 103.96, 35
nid001133,2026/05/03 14:21:25.527, 1, GPU-73838956-9ad1-3484-0ba2-7d8b02c7a72a, NVIDIA A100-SXM4-40GB, 37471, 40960, 2, 103.08, 34
nid001133,2026/05/03 14:21:25.529, 2, GPU-aee03275-201a-58e4-7b5a-f08a6e4c1e50, NVIDIA A100-SXM4-40GB, 37471, 40960, 0, 102.43, 37
nid001133,2026/05/03 14:21:25.530, 3, GPU-e0003d1b-186b-2e66-9474-0b7af5c50af4, NVIDIA A100-SXM4-40GB, 37471, 40960, 0, 99.51, 35
nid001132,2026/05/03 14:21:28.392, 0, GPU-1ee6ac61-44ab-b161-9de0-16bbb44716e7, NVIDIA A100-SXM4-40GB, 36817, 40960, 54, 113.29, 38
nid001132,2026/05/03 14:21:28.395, 1, GPU-afa7121e-c5d0-2eb5-4e9a-8b001ff7a220, NVIDIA A100-SXM4-40GB, 36749, 40960, 79, 110.72, 35
nid001132,2026/05/03 14:21:28.397, 2, GPU-4dea0284-873a-fa20-cc19-10ca82324573, NVIDIA A100-SXM4-40GB, 36749, 40960, 22, 106.16, 36
nid001132,2026/05/03 14:21:28.399, 3, GPU-cba17786-ea73-0caf-0d43-c838fbb66bcd, NVIDIA A100-SXM4-40GB, 36749, 40960, 100, 120.07, 33
nid001133,2026/05/03 14:21:29.283, 0, GPU-43cac420-244c-9975-fbd1-604f88cdd44c, NVIDIA A100-SXM4-40GB, 37481, 40960, 18, 124.77, 36
nid001133,2026/05/03 14:21:29.289, 1, GPU-73838956-9ad1-3484-0ba2-7d8b02c7a72a, NVIDIA A100-SXM4-40GB, 37471, 40960, 42, 121.35, 34
nid001133,2026/05/03 14:21:29.293, 2, GPU-aee03275-201a-58e4-7b5a-f08a6e4c1e50, NVIDIA A100-SXM4-40GB, 37471, 40960, 84, 125.30, 37
nid001133,2026/05/03 14:21:29.295, 3, GPU-e0003d1b-186b-2e66-9474-0b7af5c50af4, NVIDIA A100-SXM4-40GB, 37471, 40960, 4, 121.88, 36
nid001132,2026/05/03 14:21:32.167, 0, GPU-1ee6ac61-44ab-b161-9de0-16bbb44716e7, NVIDIA A100-SXM4-40GB, 36817, 40960, 0, 121.59, 38
nid001132,2026/05/03 14:21:32.170, 1, GPU-afa7121e-c5d0-2eb5-4e9a-8b001ff7a220, NVIDIA A100-SXM4-40GB, 36749, 40960, 90, 114.18, 35
nid001132,2026/05/03 14:21:32.172, 2, GPU-4dea0284-873a-fa20-cc19-10ca82324573, NVIDIA A100-SXM4-40GB, 36749, 40960, 62, 103.96, 36
nid001132,2026/05/03 14:21:32.173, 3, GPU-cba17786-ea73-0caf-0d43-c838fbb66bcd, NVIDIA A100-SXM4-40GB, 36749, 40960, 3, 120.74, 33
nid001133,2026/05/03 14:21:33.039, 0, GPU-43cac420-244c-9975-fbd1-604f88cdd44c, NVIDIA A100-SXM4-40GB, 37481, 40960, 0, 103.96, 35
nid001133,2026/05/03 14:21:33.042, 1, GPU-73838956-9ad1-3484-0ba2-7d8b02c7a72a, NVIDIA A100-SXM4-40GB, 37471, 40960, 0, 103.21, 34
nid001133,2026/05/03 14:21:33.043, 2, GPU-aee03275-201a-58e4-7b5a-f08a6e4c1e50, NVIDIA A100-SXM4-40GB, 37471, 40960, 0, 102.56, 37
nid001133,2026/05/03 14:21:33.045, 3, GPU-e0003d1b-186b-2e66-9474-0b7af5c50af4, NVIDIA A100-SXM4-40GB, 37471, 40960, 0, 99.51, 35
nid001132,2026/05/03 14:21:36.049, 0, GPU-1ee6ac61-44ab-b161-9de0-16bbb44716e7, NVIDIA A100-SXM4-40GB, 36817, 40960, 0, 105.76, 38
nid001132,2026/05/03 14:21:36.052, 1, GPU-afa7121e-c5d0-2eb5-4e9a-8b001ff7a220, NVIDIA A100-SXM4-40GB, 36749, 40960, 0, 101.32, 35
nid001132,2026/05/03 14:21:36.053, 2, GPU-4dea0284-873a-fa20-cc19-10ca82324573, NVIDIA A100-SXM4-40GB, 36749, 40960, 9, 103.84, 36
nid001132,2026/05/03 14:21:36.055, 3, GPU-cba17786-ea73-0caf-0d43-c838fbb66bcd, NVIDIA A100-SXM4-40GB, 36749, 40960, 0, 105.37, 33
nid001133,2026/05/03 14:21:36.890, 0, GPU-43cac420-244c-9975-fbd1-604f88cdd44c, NVIDIA A100-SXM4-40GB, 37481, 40960, 36, 103.96, 35
nid001133,2026/05/03 14:21:36.892, 1, GPU-73838956-9ad1-3484-0ba2-7d8b02c7a72a, NVIDIA A100-SXM4-40GB, 37471, 40960, 0, 103.08, 34
nid001133,2026/05/03 14:21:36.894, 2, GPU-aee03275-201a-58e4-7b5a-f08a6e4c1e50, NVIDIA A100-SXM4-40GB, 37471, 40960, 0, 102.43, 37
nid001133,2026/05/03 14:21:36.896, 3, GPU-e0003d1b-186b-2e66-9474-0b7af5c50af4, NVIDIA A100-SXM4-40GB, 37471, 40960, 94, 99.51, 35
nid001132,2026/05/03 14:21:39.777, 0, GPU-1ee6ac61-44ab-b161-9de0-16bbb44716e7, NVIDIA A100-SXM4-40GB, 36817, 40960, 68, 117.27, 38
nid001132,2026/05/03 14:21:39.783, 1, GPU-afa7121e-c5d0-2eb5-4e9a-8b001ff7a220, NVIDIA A100-SXM4-40GB, 36749, 40960, 65, 105.24, 35
nid001132,2026/05/03 14:21:39.789, 2, GPU-4dea0284-873a-fa20-cc19-10ca82324573, NVIDIA A100-SXM4-40GB, 36749, 40960, 56, 116.08, 36
nid001132,2026/05/03 14:21:39.794, 3, GPU-cba17786-ea73-0caf-0d43-c838fbb66bcd, NVIDIA A100-SXM4-40GB, 36749, 40960, 53, 105.65, 33
nid001133,2026/05/03 14:21:40.618, 0, GPU-43cac420-244c-9975-fbd1-604f88cdd44c, NVIDIA A100-SXM4-40GB, 37481, 40960, 92, 128.33, 36
nid001133,2026/05/03 14:21:40.621, 1, GPU-73838956-9ad1-3484-0ba2-7d8b02c7a72a, NVIDIA A100-SXM4-40GB, 37471, 40960, 0, 104.72, 34
nid001133,2026/05/03 14:21:40.622, 2, GPU-aee03275-201a-58e4-7b5a-f08a6e4c1e50, NVIDIA A100-SXM4-40GB, 37471, 40960, 2, 102.67, 37
nid001133,2026/05/03 14:21:40.624, 3, GPU-e0003d1b-186b-2e66-9474-0b7af5c50af4, NVIDIA A100-SXM4-40GB, 37471, 40960, 43, 99.51, 35
nid001132,2026/05/03 14:21:43.522, 0, GPU-1ee6ac61-44ab-b161-9de0-16bbb44716e7, NVIDIA A100-SXM4-40GB, 36817, 40960, 70, 105.89, 38
nid001132,2026/05/03 14:21:43.527, 1, GPU-afa7121e-c5d0-2eb5-4e9a-8b001ff7a220, NVIDIA A100-SXM4-40GB, 36749, 40960, 100, 100.51, 35
nid001132,2026/05/03 14:21:43.533, 2, GPU-4dea0284-873a-fa20-cc19-10ca82324573, NVIDIA A100-SXM4-40GB, 36749, 40960, 0, 103.84, 36
nid001132,2026/05/03 14:21:43.538, 3, GPU-cba17786-ea73-0caf-0d43-c838fbb66bcd, NVIDIA A100-SXM4-40GB, 36749, 40960, 54, 105.37, 33
nid001133,2026/05/03 14:21:44.486, 0, GPU-43cac420-244c-9975-fbd1-604f88cdd44c, NVIDIA A100-SXM4-40GB, 37481, 40960, 0, 104.24, 35
nid001133,2026/05/03 14:21:44.488, 1, GPU-73838956-9ad1-3484-0ba2-7d8b02c7a72a, NVIDIA A100-SXM4-40GB, 37471, 40960, 2, 103.08, 34
nid001133,2026/05/03 14:21:44.490, 2, GPU-aee03275-201a-58e4-7b5a-f08a6e4c1e50, NVIDIA A100-SXM4-40GB, 37471, 40960, 13, 102.43, 37
nid001133,2026/05/03 14:21:44.492, 3, GPU-e0003d1b-186b-2e66-9474-0b7af5c50af4, NVIDIA A100-SXM4-40GB, 37471, 40960, 65, 99.40, 35
nid001132,2026/05/03 14:21:47.687, 0, GPU-1ee6ac61-44ab-b161-9de0-16bbb44716e7, NVIDIA A100-SXM4-40GB, 36817, 40960, 0, 106.12, 38
nid001132,2026/05/03 14:21:47.689, 1, GPU-afa7121e-c5d0-2eb5-4e9a-8b001ff7a220, NVIDIA A100-SXM4-40GB, 36749, 40960, 0, 112.89, 35
nid001132,2026/05/03 14:21:47.691, 2, GPU-4dea0284-873a-fa20-cc19-10ca82324573, NVIDIA A100-SXM4-40GB, 36749, 40960, 17, 103.84, 36
nid001132,2026/05/03 14:21:47.693, 3, GPU-cba17786-ea73-0caf-0d43-c838fbb66bcd, NVIDIA A100-SXM4-40GB, 36749, 40960, 0, 119.98, 33
nid001133,2026/05/03 14:21:48.631, 0, GPU-43cac420-244c-9975-fbd1-604f88cdd44c, NVIDIA A100-SXM4-40GB, 37481, 40960, 69, 122.21, 36
nid001133,2026/05/03 14:21:48.635, 1, GPU-73838956-9ad1-3484-0ba2-7d8b02c7a72a, NVIDIA A100-SXM4-40GB, 37471, 40960, 0, 105.00, 34
nid001133,2026/05/03 14:21:48.637, 2, GPU-aee03275-201a-58e4-7b5a-f08a6e4c1e50, NVIDIA A100-SXM4-40GB, 37471, 40960, 0, 115.99, 37
nid001133,2026/05/03 14:21:48.639, 3, GPU-e0003d1b-186b-2e66-9474-0b7af5c50af4, NVIDIA A100-SXM4-40GB, 37471, 40960, 7, 114.70, 35
nid001132,2026/05/03 14:21:51.502, 0, GPU-1ee6ac61-44ab-b161-9de0-16bbb44716e7, NVIDIA A100-SXM4-40GB, 36817, 40960, 17, 110.38, 38
nid001132,2026/05/03 14:21:51.505, 1, GPU-afa7121e-c5d0-2eb5-4e9a-8b001ff7a220, NVIDIA A100-SXM4-40GB, 36749, 40960, 0, 122.21, 35
nid001132,2026/05/03 14:21:51.507, 2, GPU-4dea0284-873a-fa20-cc19-10ca82324573, NVIDIA A100-SXM4-40GB, 36749, 40960, 5, 107.15, 36
nid001132,2026/05/03 14:21:51.508, 3, GPU-cba17786-ea73-0caf-0d43-c838fbb66bcd, NVIDIA A100-SXM4-40GB, 36749, 40960, 0, 122.78, 33
nid001133,2026/05/03 14:21:52.500, 0, GPU-43cac420-244c-9975-fbd1-604f88cdd44c, NVIDIA A100-SXM4-40GB, 37481, 40960, 91, 125.30, 36
nid001133,2026/05/03 14:21:52.503, 1, GPU-73838956-9ad1-3484-0ba2-7d8b02c7a72a, NVIDIA A100-SXM4-40GB, 37471, 40960, 7, 112.55, 34
nid001133,2026/05/03 14:21:52.504, 2, GPU-aee03275-201a-58e4-7b5a-f08a6e4c1e50, NVIDIA A100-SXM4-40GB, 37471, 40960, 53, 115.22, 37
nid001133,2026/05/03 14:21:52.506, 3, GPU-e0003d1b-186b-2e66-9474-0b7af5c50af4, NVIDIA A100-SXM4-40GB, 37471, 40960, 11, 121.07, 35
nid001132,2026/05/03 14:21:55.411, 0, GPU-1ee6ac61-44ab-b161-9de0-16bbb44716e7, NVIDIA A100-SXM4-40GB, 36817, 40960, 45, 121.21, 38
nid001132,2026/05/03 14:21:55.414, 1, GPU-afa7121e-c5d0-2eb5-4e9a-8b001ff7a220, NVIDIA A100-SXM4-40GB, 36749, 40960, 0, 101.03, 35
nid001132,2026/05/03 14:21:55.416, 2, GPU-4dea0284-873a-fa20-cc19-10ca82324573, NVIDIA A100-SXM4-40GB, 36749, 40960, 32, 111.01, 36
nid001132,2026/05/03 14:21:55.418, 3, GPU-cba17786-ea73-0caf-0d43-c838fbb66bcd, NVIDIA A100-SXM4-40GB, 36749, 40960, 0, 105.37, 33
nid001133,2026/05/03 14:21:56.361, 0, GPU-43cac420-244c-9975-fbd1-604f88cdd44c, NVIDIA A100-SXM4-40GB, 37481, 40960, 0, 103.84, 35
nid001133,2026/05/03 14:21:56.363, 1, GPU-73838956-9ad1-3484-0ba2-7d8b02c7a72a, NVIDIA A100-SXM4-40GB, 37471, 40960, 0, 103.32, 34
nid001133,2026/05/03 14:21:56.365, 2, GPU-aee03275-201a-58e4-7b5a-f08a6e4c1e50, NVIDIA A100-SXM4-40GB, 37471, 40960, 0, 102.67, 37
nid001133,2026/05/03 14:21:56.366, 3, GPU-e0003d1b-186b-2e66-9474-0b7af5c50af4, NVIDIA A100-SXM4-40GB, 37471, 40960, 0, 99.40, 35
nid001132,2026/05/03 14:21:59.313, 0, GPU-1ee6ac61-44ab-b161-9de0-16bbb44716e7, NVIDIA A100-SXM4-40GB, 36817, 40960, 72, 105.89, 38
nid001132,2026/05/03 14:21:59.316, 1, GPU-afa7121e-c5d0-2eb5-4e9a-8b001ff7a220, NVIDIA A100-SXM4-40GB, 36749, 40960, 94, 107.05, 35
nid001132,2026/05/03 14:21:59.318, 2, GPU-4dea0284-873a-fa20-cc19-10ca82324573, NVIDIA A100-SXM4-40GB, 36749, 40960, 89, 105.00, 36
nid001132,2026/05/03 14:21:59.319, 3, GPU-cba17786-ea73-0caf-0d43-c838fbb66bcd, NVIDIA A100-SXM4-40GB, 36749, 40960, 11, 112.16, 33
nid001133,2026/05/03 14:22:00.167, 0, GPU-43cac420-244c-9975-fbd1-604f88cdd44c, NVIDIA A100-SXM4-40GB, 37481, 40960, 9, 103.96, 35
nid001133,2026/05/03 14:22:00.170, 1, GPU-73838956-9ad1-3484-0ba2-7d8b02c7a72a, NVIDIA A100-SXM4-40GB, 37471, 40960, 52, 103.08, 34
nid001133,2026/05/03 14:22:00.171, 2, GPU-aee03275-201a-58e4-7b5a-f08a6e4c1e50, NVIDIA A100-SXM4-40GB, 37471, 40960, 37, 102.56, 37
nid001133,2026/05/03 14:22:00.173, 3, GPU-e0003d1b-186b-2e66-9474-0b7af5c50af4, NVIDIA A100-SXM4-40GB, 37471, 40960, 88, 99.51, 35
nid001132,2026/05/03 14:22:03.039, 0, GPU-1ee6ac61-44ab-b161-9de0-16bbb44716e7, NVIDIA A100-SXM4-40GB, 36817, 40960, 97, 106.00, 38
nid001132,2026/05/03 14:22:03.042, 1, GPU-afa7121e-c5d0-2eb5-4e9a-8b001ff7a220, NVIDIA A100-SXM4-40GB, 36749, 40960, 3, 103.96, 35
nid001132,2026/05/03 14:22:03.043, 2, GPU-4dea0284-873a-fa20-cc19-10ca82324573, NVIDIA A100-SXM4-40GB, 36749, 40960, 100, 104.36, 36
nid001132,2026/05/03 14:22:03.045, 3, GPU-cba17786-ea73-0caf-0d43-c838fbb66bcd, NVIDIA A100-SXM4-40GB, 36749, 40960, 97, 108.17, 33
nid001133,2026/05/03 14:22:03.864, 0, GPU-43cac420-244c-9975-fbd1-604f88cdd44c, NVIDIA A100-SXM4-40GB, 37481, 40960, 82, 104.72, 36
nid001133,2026/05/03 14:22:03.866, 1, GPU-73838956-9ad1-3484-0ba2-7d8b02c7a72a, NVIDIA A100-SXM4-40GB, 37471, 40960, 36, 103.08, 34
nid001133,2026/05/03 14:22:03.868, 2, GPU-aee03275-201a-58e4-7b5a-f08a6e4c1e50, NVIDIA A100-SXM4-40GB, 37471, 40960, 39, 127.33, 37
nid001133,2026/05/03 14:22:03.869, 3, GPU-e0003d1b-186b-2e66-9474-0b7af5c50af4, NVIDIA A100-SXM4-40GB, 37471, 40960, 0, 116.22, 35
nid001132,2026/05/03 14:22:06.798, 0, GPU-1ee6ac61-44ab-b161-9de0-16bbb44716e7, NVIDIA A100-SXM4-40GB, 36817, 40960, 56, 105.76, 38
nid001132,2026/05/03 14:22:06.800, 1, GPU-afa7121e-c5d0-2eb5-4e9a-8b001ff7a220, NVIDIA A100-SXM4-40GB, 36749, 40960, 0, 101.43, 35
nid001132,2026/05/03 14:22:06.802, 2, GPU-4dea0284-873a-fa20-cc19-10ca82324573, NVIDIA A100-SXM4-40GB, 36749, 40960, 0, 111.39, 36
nid001132,2026/05/03 14:22:06.804, 3, GPU-cba17786-ea73-0caf-0d43-c838fbb66bcd, NVIDIA A100-SXM4-40GB, 36749, 40960, 1, 105.37, 33
nid001133,2026/05/03 14:22:07.685, 0, GPU-43cac420-244c-9975-fbd1-604f88cdd44c, NVIDIA A100-SXM4-40GB, 37481, 40960, 24, 104.12, 36
nid001133,2026/05/03 14:22:07.687, 1, GPU-73838956-9ad1-3484-0ba2-7d8b02c7a72a, NVIDIA A100-SXM4-40GB, 37471, 40960, 0, 102.56, 34
nid001133,2026/05/03 14:22:07.689, 2, GPU-aee03275-201a-58e4-7b5a-f08a6e4c1e50, NVIDIA A100-SXM4-40GB, 37471, 40960, 69, 102.43, 37
nid001133,2026/05/03 14:22:07.691, 3, GPU-e0003d1b-186b-2e66-9474-0b7af5c50af4, NVIDIA A100-SXM4-40GB, 37471, 40960, 29, 99.63, 35
nid001132,2026/05/03 14:22:10.595, 0, GPU-1ee6ac61-44ab-b161-9de0-16bbb44716e7, NVIDIA A100-SXM4-40GB, 36817, 40960, 0, 105.76, 38
nid001132,2026/05/03 14:22:10.598, 1, GPU-afa7121e-c5d0-2eb5-4e9a-8b001ff7a220, NVIDIA A100-SXM4-40GB, 36749, 40960, 0, 112.89, 35
nid001132,2026/05/03 14:22:10.599, 2, GPU-4dea0284-873a-fa20-cc19-10ca82324573, NVIDIA A100-SXM4-40GB, 36749, 40960, 5, 106.16, 36
nid001132,2026/05/03 14:22:10.603, 3, GPU-cba17786-ea73-0caf-0d43-c838fbb66bcd, NVIDIA A100-SXM4-40GB, 36749, 40960, 0, 114.84, 33
nid001133,2026/05/03 14:22:11.542, 0, GPU-43cac420-244c-9975-fbd1-604f88cdd44c, NVIDIA A100-SXM4-40GB, 37481, 40960, 3, 126.20, 36
nid001133,2026/05/03 14:22:11.545, 1, GPU-73838956-9ad1-3484-0ba2-7d8b02c7a72a, NVIDIA A100-SXM4-40GB, 37471, 40960, 0, 124.92, 34
nid001133,2026/05/03 14:22:11.547, 2, GPU-aee03275-201a-58e4-7b5a-f08a6e4c1e50, NVIDIA A100-SXM4-40GB, 37471, 40960, 64, 112.76, 37
nid001133,2026/05/03 14:22:11.549, 3, GPU-e0003d1b-186b-2e66-9474-0b7af5c50af4, NVIDIA A100-SXM4-40GB, 37471, 40960, 23, 111.66, 35
nid001132,2026/05/03 14:22:14.504, 0, GPU-1ee6ac61-44ab-b161-9de0-16bbb44716e7, NVIDIA A100-SXM4-40GB, 36817, 40960, 84, 123.78, 39
nid001132,2026/05/03 14:22:14.506, 1, GPU-afa7121e-c5d0-2eb5-4e9a-8b001ff7a220, NVIDIA A100-SXM4-40GB, 36749, 40960, 31, 101.80, 35
nid001132,2026/05/03 14:22:14.508, 2, GPU-4dea0284-873a-fa20-cc19-10ca82324573, NVIDIA A100-SXM4-40GB, 36749, 40960, 92, 103.96, 36
nid001132,2026/05/03 14:22:14.510, 3, GPU-cba17786-ea73-0caf-0d43-c838fbb66bcd, NVIDIA A100-SXM4-40GB, 36749, 40960, 22, 105.78, 33
nid001133,2026/05/03 14:22:15.481, 0, GPU-43cac420-244c-9975-fbd1-604f88cdd44c, NVIDIA A100-SXM4-40GB, 37481, 40960, 0, 103.84, 35
nid001133,2026/05/03 14:22:15.484, 1, GPU-73838956-9ad1-3484-0ba2-7d8b02c7a72a, NVIDIA A100-SXM4-40GB, 37471, 40960, 18, 103.32, 34
nid001133,2026/05/03 14:22:15.485, 2, GPU-aee03275-201a-58e4-7b5a-f08a6e4c1e50, NVIDIA A100-SXM4-40GB, 37471, 40960, 30, 102.43, 37
nid001133,2026/05/03 14:22:15.487, 3, GPU-e0003d1b-186b-2e66-9474-0b7af5c50af4, NVIDIA A100-SXM4-40GB, 37471, 40960, 55, 99.40, 35
nid001132,2026/05/03 14:22:18.387, 0, GPU-1ee6ac61-44ab-b161-9de0-16bbb44716e7, NVIDIA A100-SXM4-40GB, 36817, 40960, 95, 105.76, 38
nid001132,2026/05/03 14:22:18.390, 1, GPU-afa7121e-c5d0-2eb5-4e9a-8b001ff7a220, NVIDIA A100-SXM4-40GB, 36749, 40960, 54, 101.56, 35
nid001132,2026/05/03 14:22:18.391, 2, GPU-4dea0284-873a-fa20-cc19-10ca82324573, NVIDIA A100-SXM4-40GB, 36749, 40960, 42, 103.84, 36
nid001132,2026/05/03 14:22:18.393, 3, GPU-cba17786-ea73-0caf-0d43-c838fbb66bcd, NVIDIA A100-SXM4-40GB, 36749, 40960, 35, 105.65, 33
nid001133,2026/05/03 14:22:19.267, 0, GPU-43cac420-244c-9975-fbd1-604f88cdd44c, NVIDIA A100-SXM4-40GB, 37481, 40960, 0, 104.24, 35
nid001133,2026/05/03 14:22:19.269, 1, GPU-73838956-9ad1-3484-0ba2-7d8b02c7a72a, NVIDIA A100-SXM4-40GB, 37471, 40960, 0, 103.08, 34
nid001133,2026/05/03 14:22:19.271, 2, GPU-aee03275-201a-58e4-7b5a-f08a6e4c1e50, NVIDIA A100-SXM4-40GB, 37471, 40960, 83, 102.67, 37
nid001133,2026/05/03 14:22:19.273, 3, GPU-e0003d1b-186b-2e66-9474-0b7af5c50af4, NVIDIA A100-SXM4-40GB, 37471, 40960, 35, 99.51, 35
nid001132,2026/05/03 14:22:22.182, 0, GPU-1ee6ac61-44ab-b161-9de0-16bbb44716e7, NVIDIA A100-SXM4-40GB, 36817, 40960, 10, 105.76, 38
nid001132,2026/05/03 14:22:22.185, 1, GPU-afa7121e-c5d0-2eb5-4e9a-8b001ff7a220, NVIDIA A100-SXM4-40GB, 36749, 40960, 4, 101.43, 35
nid001132,2026/05/03 14:22:22.187, 2, GPU-4dea0284-873a-fa20-cc19-10ca82324573, NVIDIA A100-SXM4-40GB, 36749, 40960, 43, 103.84, 36
nid001132,2026/05/03 14:22:22.188, 3, GPU-cba17786-ea73-0caf-0d43-c838fbb66bcd, NVIDIA A100-SXM4-40GB, 36749, 40960, 3, 105.37, 33
nid001133,2026/05/03 14:22:23.022, 0, GPU-43cac420-244c-9975-fbd1-604f88cdd44c, NVIDIA A100-SXM4-40GB, 37481, 40960, 65, 104.12, 35
nid001133,2026/05/03 14:22:23.025, 1, GPU-73838956-9ad1-3484-0ba2-7d8b02c7a72a, NVIDIA A100-SXM4-40GB, 37471, 40960, 26, 103.32, 34
nid001133,2026/05/03 14:22:23.026, 2, GPU-aee03275-201a-58e4-7b5a-f08a6e4c1e50, NVIDIA A100-SXM4-40GB, 37471, 40960, 29, 102.56, 37
nid001133,2026/05/03 14:22:23.028, 3, GPU-e0003d1b-186b-2e66-9474-0b7af5c50af4, NVIDIA A100-SXM4-40GB, 37471, 40960, 65, 99.51, 35
nid001132,2026/05/03 14:22:25.905, 0, GPU-1ee6ac61-44ab-b161-9de0-16bbb44716e7, NVIDIA A100-SXM4-40GB, 36817, 40960, 35, 124.68, 39
nid001132,2026/05/03 14:22:25.908, 1, GPU-afa7121e-c5d0-2eb5-4e9a-8b001ff7a220, NVIDIA A100-SXM4-40GB, 36749, 40960, 63, 104.72, 35
nid001132,2026/05/03 14:22:25.909, 2, GPU-4dea0284-873a-fa20-cc19-10ca82324573, NVIDIA A100-SXM4-40GB, 36749, 40960, 100, 114.04, 36
nid001132,2026/05/03 14:22:25.911, 3, GPU-cba17786-ea73-0caf-0d43-c838fbb66bcd, NVIDIA A100-SXM4-40GB, 36749, 40960, 16, 123.03, 34
nid001133,2026/05/03 14:22:26.758, 0, GPU-43cac420-244c-9975-fbd1-604f88cdd44c, NVIDIA A100-SXM4-40GB, 37481, 40960, 4, 104.24, 35
nid001133,2026/05/03 14:22:26.761, 1, GPU-73838956-9ad1-3484-0ba2-7d8b02c7a72a, NVIDIA A100-SXM4-40GB, 37471, 40960, 81, 106.42, 34
nid001133,2026/05/03 14:22:26.762, 2, GPU-aee03275-201a-58e4-7b5a-f08a6e4c1e50, NVIDIA A100-SXM4-40GB, 37471, 40960, 77, 103.08, 37
nid001133,2026/05/03 14:22:26.764, 3, GPU-e0003d1b-186b-2e66-9474-0b7af5c50af4, NVIDIA A100-SXM4-40GB, 37471, 40960, 93, 101.56, 35
nid001132,2026/05/03 14:22:29.663, 0, GPU-1ee6ac61-44ab-b161-9de0-16bbb44716e7, NVIDIA A100-SXM4-40GB, 36817, 40960, 36, 114.18, 39
nid001132,2026/05/03 14:22:29.666, 1, GPU-afa7121e-c5d0-2eb5-4e9a-8b001ff7a220, NVIDIA A100-SXM4-40GB, 36749, 40960, 49, 113.70, 35
nid001132,2026/05/03 14:22:29.668, 2, GPU-4dea0284-873a-fa20-cc19-10ca82324573, NVIDIA A100-SXM4-40GB, 36749, 40960, 15, 111.76, 36
nid001132,2026/05/03 14:22:29.669, 3, GPU-cba17786-ea73-0caf-0d43-c838fbb66bcd, NVIDIA A100-SXM4-40GB, 36749, 40960, 35, 115.07, 34
nid001133,2026/05/03 14:22:30.520, 0, GPU-43cac420-244c-9975-fbd1-604f88cdd44c, NVIDIA A100-SXM4-40GB, 37481, 40960, 49, 110.85, 36
nid001133,2026/05/03 14:22:30.523, 1, GPU-73838956-9ad1-3484-0ba2-7d8b02c7a72a, NVIDIA A100-SXM4-40GB, 37471, 40960, 35, 122.12, 34
nid001133,2026/05/03 14:22:30.524, 2, GPU-aee03275-201a-58e4-7b5a-f08a6e4c1e50, NVIDIA A100-SXM4-40GB, 37471, 40960, 84, 135.22, 37
nid001133,2026/05/03 14:22:30.526, 3, GPU-e0003d1b-186b-2e66-9474-0b7af5c50af4, NVIDIA A100-SXM4-40GB, 37471, 40960, 43, 100.51, 35
nid001132,2026/05/03 14:22:33.460, 0, GPU-1ee6ac61-44ab-b161-9de0-16bbb44716e7, NVIDIA A100-SXM4-40GB, 36817, 40960, 100, 107.94, 39
nid001132,2026/05/03 14:22:33.463, 1, GPU-afa7121e-c5d0-2eb5-4e9a-8b001ff7a220, NVIDIA A100-SXM4-40GB, 36749, 40960, 66, 127.73, 35
nid001132,2026/05/03 14:22:33.465, 2, GPU-4dea0284-873a-fa20-cc19-10ca82324573, NVIDIA A100-SXM4-40GB, 36749, 40960, 54, 110.48, 37
nid001132,2026/05/03 14:22:33.467, 3, GPU-cba17786-ea73-0caf-0d43-c838fbb66bcd, NVIDIA A100-SXM4-40GB, 36749, 40960, 49, 120.45, 33
nid001133,2026/05/03 14:22:34.291, 0, GPU-43cac420-244c-9975-fbd1-604f88cdd44c, NVIDIA A100-SXM4-40GB, 37481, 40960, 80, 107.68, 35
nid001133,2026/05/03 14:22:34.294, 1, GPU-73838956-9ad1-3484-0ba2-7d8b02c7a72a, NVIDIA A100-SXM4-40GB, 37471, 40960, 12, 102.79, 34
nid001133,2026/05/03 14:22:34.295, 2, GPU-aee03275-201a-58e4-7b5a-f08a6e4c1e50, NVIDIA A100-SXM4-40GB, 37471, 40960, 0, 125.01, 37
nid001133,2026/05/03 14:22:34.297, 3, GPU-e0003d1b-186b-2e66-9474-0b7af5c50af4, NVIDIA A100-SXM4-40GB, 37471, 40960, 26, 121.59, 35
nid001132,2026/05/03 14:22:37.311, 0, GPU-1ee6ac61-44ab-b161-9de0-16bbb44716e7, NVIDIA A100-SXM4-40GB, 36817, 40960, 29, 112.42, 38
nid001132,2026/05/03 14:22:37.314, 1, GPU-afa7121e-c5d0-2eb5-4e9a-8b001ff7a220, NVIDIA A100-SXM4-40GB, 36749, 40960, 0, 101.92, 35
nid001132,2026/05/03 14:22:37.316, 2, GPU-4dea0284-873a-fa20-cc19-10ca82324573, NVIDIA A100-SXM4-40GB, 36749, 40960, 100, 120.55, 36
nid001132,2026/05/03 14:22:37.317, 3, GPU-cba17786-ea73-0caf-0d43-c838fbb66bcd, NVIDIA A100-SXM4-40GB, 36749, 40960, 0, 105.65, 33
nid001133,2026/05/03 14:22:38.153, 0, GPU-43cac420-244c-9975-fbd1-604f88cdd44c, NVIDIA A100-SXM4-40GB, 37481, 40960, 40, 104.12, 35
nid001133,2026/05/03 14:22:38.155, 1, GPU-73838956-9ad1-3484-0ba2-7d8b02c7a72a, NVIDIA A100-SXM4-40GB, 37471, 40960, 94, 108.57, 34
nid001133,2026/05/03 14:22:38.157, 2, GPU-aee03275-201a-58e4-7b5a-f08a6e4c1e50, NVIDIA A100-SXM4-40GB, 37471, 40960, 41, 104.12, 37
nid001133,2026/05/03 14:22:38.158, 3, GPU-e0003d1b-186b-2e66-9474-0b7af5c50af4, NVIDIA A100-SXM4-40GB, 37471, 40960, 46, 103.96, 35
nid001132,2026/05/03 14:22:41.041, 0, GPU-1ee6ac61-44ab-b161-9de0-16bbb44716e7, NVIDIA A100-SXM4-40GB, 36817, 40960, 66, 111.79, 39
nid001132,2026/05/03 14:22:41.044, 1, GPU-afa7121e-c5d0-2eb5-4e9a-8b001ff7a220, NVIDIA A100-SXM4-40GB, 36749, 40960, 62, 109.86, 35
nid001132,2026/05/03 14:22:41.045, 2, GPU-4dea0284-873a-fa20-cc19-10ca82324573, NVIDIA A100-SXM4-40GB, 36749, 40960, 25, 120.69, 36
nid001132,2026/05/03 14:22:41.047, 3, GPU-cba17786-ea73-0caf-0d43-c838fbb66bcd, NVIDIA A100-SXM4-40GB, 36749, 40960, 59, 114.84, 34
nid001133,2026/05/03 14:22:41.910, 0, GPU-43cac420-244c-9975-fbd1-604f88cdd44c, NVIDIA A100-SXM4-40GB, 37481, 40960, 36, 106.00, 36
nid001133,2026/05/03 14:22:41.913, 1, GPU-73838956-9ad1-3484-0ba2-7d8b02c7a72a, NVIDIA A100-SXM4-40GB, 37471, 40960, 31, 114.18, 34
nid001133,2026/05/03 14:22:41.914, 2, GPU-aee03275-201a-58e4-7b5a-f08a6e4c1e50, NVIDIA A100-SXM4-40GB, 37471, 40960, 85, 118.55, 37
nid001133,2026/05/03 14:22:41.916, 3, GPU-e0003d1b-186b-2e66-9474-0b7af5c50af4, NVIDIA A100-SXM4-40GB, 37471, 40960, 0, 113.70, 35
nid001132,2026/05/03 14:22:44.811, 0, GPU-1ee6ac61-44ab-b161-9de0-16bbb44716e7, NVIDIA A100-SXM4-40GB, 36817, 40960, 44, 119.83, 38
nid001132,2026/05/03 14:22:44.814, 1, GPU-afa7121e-c5d0-2eb5-4e9a-8b001ff7a220, NVIDIA A100-SXM4-40GB, 36749, 40960, 57, 109.33, 35
nid001132,2026/05/03 14:22:44.816, 2, GPU-4dea0284-873a-fa20-cc19-10ca82324573, NVIDIA A100-SXM4-40GB, 36749, 40960, 53, 108.96, 36
nid001132,2026/05/03 14:22:44.817, 3, GPU-cba17786-ea73-0caf-0d43-c838fbb66bcd, NVIDIA A100-SXM4-40GB, 36749, 40960, 70, 119.69, 34
nid001133,2026/05/03 14:22:45.695, 0, GPU-43cac420-244c-9975-fbd1-604f88cdd44c, NVIDIA A100-SXM4-40GB, 37481, 40960, 46, 109.61, 35
nid001133,2026/05/03 14:22:45.698, 1, GPU-73838956-9ad1-3484-0ba2-7d8b02c7a72a, NVIDIA A100-SXM4-40GB, 37471, 40960, 70, 103.32, 34
nid001133,2026/05/03 14:22:45.699, 2, GPU-aee03275-201a-58e4-7b5a-f08a6e4c1e50, NVIDIA A100-SXM4-40GB, 37471, 40960, 92, 126.96, 37
nid001133,2026/05/03 14:22:45.701, 3, GPU-e0003d1b-186b-2e66-9474-0b7af5c50af4, NVIDIA A100-SXM4-40GB, 37471, 40960, 4, 99.75, 35
nid001132,2026/05/03 14:22:48.613, 0, GPU-1ee6ac61-44ab-b161-9de0-16bbb44716e7, NVIDIA A100-SXM4-40GB, 36817, 40960, 26, 105.76, 38
nid001132,2026/05/03 14:22:48.616, 1, GPU-afa7121e-c5d0-2eb5-4e9a-8b001ff7a220, NVIDIA A100-SXM4-40GB, 36749, 40960, 6, 101.32, 35
nid001132,2026/05/03 14:22:48.618, 2, GPU-4dea0284-873a-fa20-cc19-10ca82324573, NVIDIA A100-SXM4-40GB, 36749, 40960, 46, 103.84, 36
nid001132,2026/05/03 14:22:48.619, 3, GPU-cba17786-ea73-0caf-0d43-c838fbb66bcd, NVIDIA A100-SXM4-40GB, 36749, 40960, 3, 105.37, 33
nid001133,2026/05/03 14:22:49.536, 0, GPU-43cac420-244c-9975-fbd1-604f88cdd44c, NVIDIA A100-SXM4-40GB, 37481, 40960, 19, 104.12, 35
nid001133,2026/05/03 14:22:49.539, 1, GPU-73838956-9ad1-3484-0ba2-7d8b02c7a72a, NVIDIA A100-SXM4-40GB, 37471, 40960, 11, 103.20, 34
nid001133,2026/05/03 14:22:49.541, 2, GPU-aee03275-201a-58e4-7b5a-f08a6e4c1e50, NVIDIA A100-SXM4-40GB, 37471, 40960, 0, 102.43, 37
nid001133,2026/05/03 14:22:49.542, 3, GPU-e0003d1b-186b-2e66-9474-0b7af5c50af4, NVIDIA A100-SXM4-40GB, 37471, 40960, 0, 99.40, 35
nid001132,2026/05/03 14:22:52.473, 0, GPU-1ee6ac61-44ab-b161-9de0-16bbb44716e7, NVIDIA A100-SXM4-40GB, 36817, 40960, 66, 109.46, 38
nid001132,2026/05/03 14:22:52.475, 1, GPU-afa7121e-c5d0-2eb5-4e9a-8b001ff7a220, NVIDIA A100-SXM4-40GB, 36749, 40960, 100, 118.27, 35
nid001132,2026/05/03 14:22:52.477, 2, GPU-4dea0284-873a-fa20-cc19-10ca82324573, NVIDIA A100-SXM4-40GB, 36749, 40960, 51, 115.32, 36
nid001132,2026/05/03 14:22:52.478, 3, GPU-cba17786-ea73-0caf-0d43-c838fbb66bcd, NVIDIA A100-SXM4-40GB, 36749, 40960, 49, 114.97, 33
nid001133,2026/05/03 14:22:53.322, 0, GPU-43cac420-244c-9975-fbd1-604f88cdd44c, NVIDIA A100-SXM4-40GB, 37481, 40960, 61, 109.61, 36
nid001133,2026/05/03 14:22:53.325, 1, GPU-73838956-9ad1-3484-0ba2-7d8b02c7a72a, NVIDIA A100-SXM4-40GB, 37471, 40960, 34, 127.35, 34
nid001133,2026/05/03 14:22:53.326, 2, GPU-aee03275-201a-58e4-7b5a-f08a6e4c1e50, NVIDIA A100-SXM4-40GB, 37471, 40960, 52, 102.79, 37
nid001133,2026/05/03 14:22:53.328, 3, GPU-e0003d1b-186b-2e66-9474-0b7af5c50af4, NVIDIA A100-SXM4-40GB, 37471, 40960, 0, 100.27, 35
nid001132,2026/05/03 14:22:56.236, 0, GPU-1ee6ac61-44ab-b161-9de0-16bbb44716e7, NVIDIA A100-SXM4-40GB, 36817, 40960, 83, 105.89, 38
nid001132,2026/05/03 14:22:56.239, 1, GPU-afa7121e-c5d0-2eb5-4e9a-8b001ff7a220, NVIDIA A100-SXM4-40GB, 36749, 40960, 44, 101.15, 35
nid001132,2026/05/03 14:22:56.240, 2, GPU-4dea0284-873a-fa20-cc19-10ca82324573, NVIDIA A100-SXM4-40GB, 36749, 40960, 74, 103.84, 36
nid001132,2026/05/03 14:22:56.242, 3, GPU-cba17786-ea73-0caf-0d43-c838fbb66bcd, NVIDIA A100-SXM4-40GB, 36749, 40960, 9, 105.65, 33
nid001133,2026/05/03 14:22:57.086, 0, GPU-43cac420-244c-9975-fbd1-604f88cdd44c, NVIDIA A100-SXM4-40GB, 37481, 40960, 18, 104.24, 35
nid001133,2026/05/03 14:22:57.093, 1, GPU-73838956-9ad1-3484-0ba2-7d8b02c7a72a, NVIDIA A100-SXM4-40GB, 37471, 40960, 28, 103.08, 34
nid001133,2026/05/03 14:22:57.101, 2, GPU-aee03275-201a-58e4-7b5a-f08a6e4c1e50, NVIDIA A100-SXM4-40GB, 37471, 40960, 39, 102.43, 37
nid001133,2026/05/03 14:22:57.113, 3, GPU-e0003d1b-186b-2e66-9474-0b7af5c50af4, NVIDIA A100-SXM4-40GB, 37471, 40960, 34, 99.40, 35
nid001132,2026/05/03 14:23:00.021, 0, GPU-1ee6ac61-44ab-b161-9de0-16bbb44716e7, NVIDIA A100-SXM4-40GB, 36817, 40960, 16, 105.89, 38
nid001132,2026/05/03 14:23:00.027, 1, GPU-afa7121e-c5d0-2eb5-4e9a-8b001ff7a220, NVIDIA A100-SXM4-40GB, 36749, 40960, 67, 112.66, 35
nid001132,2026/05/03 14:23:00.029, 2, GPU-4dea0284-873a-fa20-cc19-10ca82324573, NVIDIA A100-SXM4-40GB, 36749, 40960, 100, 111.01, 36
nid001132,2026/05/03 14:23:00.030, 3, GPU-cba17786-ea73-0caf-0d43-c838fbb66bcd, NVIDIA A100-SXM4-40GB, 36749, 40960, 29, 116.36, 33
nid001133,2026/05/03 14:23:00.882, 0, GPU-43cac420-244c-9975-fbd1-604f88cdd44c, NVIDIA A100-SXM4-40GB, 37481, 40960, 54, 122.97, 35
nid001133,2026/05/03 14:23:00.888, 1, GPU-73838956-9ad1-3484-0ba2-7d8b02c7a72a, NVIDIA A100-SXM4-40GB, 37471, 40960, 98, 103.32, 34
nid001133,2026/05/03 14:23:00.893, 2, GPU-aee03275-201a-58e4-7b5a-f08a6e4c1e50, NVIDIA A100-SXM4-40GB, 37471, 40960, 0, 125.15, 38
nid001133,2026/05/03 14:23:00.899, 3, GPU-e0003d1b-186b-2e66-9474-0b7af5c50af4, NVIDIA A100-SXM4-40GB, 37471, 40960, 68, 116.74, 35
nid001132,2026/05/03 14:23:03.877, 0, GPU-1ee6ac61-44ab-b161-9de0-16bbb44716e7, NVIDIA A100-SXM4-40GB, 36817, 40960, 60, 118.55, 39
nid001132,2026/05/03 14:23:03.879, 1, GPU-afa7121e-c5d0-2eb5-4e9a-8b001ff7a220, NVIDIA A100-SXM4-40GB, 36749, 40960, 12, 109.09, 35
nid001132,2026/05/03 14:23:03.881, 2, GPU-4dea0284-873a-fa20-cc19-10ca82324573, NVIDIA A100-SXM4-40GB, 36749, 40960, 0, 119.69, 36
nid001132,2026/05/03 14:23:03.883, 3, GPU-cba17786-ea73-0caf-0d43-c838fbb66bcd, NVIDIA A100-SXM4-40GB, 36749, 40960, 13, 122.26, 34
nid001133,2026/05/03 14:23:04.732, 0, GPU-43cac420-244c-9975-fbd1-604f88cdd44c, NVIDIA A100-SXM4-40GB, 37481, 40960, 0, 104.12, 35
nid001133,2026/05/03 14:23:04.739, 1, GPU-73838956-9ad1-3484-0ba2-7d8b02c7a72a, NVIDIA A100-SXM4-40GB, 37471, 40960, 0, 103.08, 34
nid001133,2026/05/03 14:23:04.746, 2, GPU-aee03275-201a-58e4-7b5a-f08a6e4c1e50, NVIDIA A100-SXM4-40GB, 37471, 40960, 0, 102.67, 37
nid001133,2026/05/03 14:23:04.752, 3, GPU-e0003d1b-186b-2e66-9474-0b7af5c50af4, NVIDIA A100-SXM4-40GB, 37471, 40960, 45, 99.63, 35
nid001132,2026/05/03 14:23:07.656, 0, GPU-1ee6ac61-44ab-b161-9de0-16bbb44716e7, NVIDIA A100-SXM4-40GB, 36817, 40960, 55, 106.42, 39
nid001132,2026/05/03 14:23:07.659, 1, GPU-afa7121e-c5d0-2eb5-4e9a-8b001ff7a220, NVIDIA A100-SXM4-40GB, 36749, 40960, 89, 106.76, 35
nid001132,2026/05/03 14:23:07.661, 2, GPU-4dea0284-873a-fa20-cc19-10ca82324573, NVIDIA A100-SXM4-40GB, 36749, 40960, 30, 104.72, 36
nid001132,2026/05/03 14:23:07.662, 3, GPU-cba17786-ea73-0caf-0d43-c838fbb66bcd, NVIDIA A100-SXM4-40GB, 36749, 40960, 69, 107.02, 33
nid001133,2026/05/03 14:23:08.541, 0, GPU-43cac420-244c-9975-fbd1-604f88cdd44c, NVIDIA A100-SXM4-40GB, 37481, 40960, 67, 104.24, 36
nid001133,2026/05/03 14:23:08.544, 1, GPU-73838956-9ad1-3484-0ba2-7d8b02c7a72a, NVIDIA A100-SXM4-40GB, 37471, 40960, 22, 103.96, 34
nid001133,2026/05/03 14:23:08.545, 2, GPU-aee03275-201a-58e4-7b5a-f08a6e4c1e50, NVIDIA A100-SXM4-40GB, 37471, 40960, 57, 103.32, 37
nid001133,2026/05/03 14:23:08.547, 3, GPU-e0003d1b-186b-2e66-9474-0b7af5c50af4, NVIDIA A100-SXM4-40GB, 37471, 40960, 32, 99.51, 35
nid001132,2026/05/03 14:23:11.466, 0, GPU-1ee6ac61-44ab-b161-9de0-16bbb44716e7, NVIDIA A100-SXM4-40GB, 36817, 40960, 0, 105.89, 38
nid001132,2026/05/03 14:23:11.468, 1, GPU-afa7121e-c5d0-2eb5-4e9a-8b001ff7a220, NVIDIA A100-SXM4-40GB, 36749, 40960, 44, 101.43, 35
nid001132,2026/05/03 14:23:11.470, 2, GPU-4dea0284-873a-fa20-cc19-10ca82324573, NVIDIA A100-SXM4-40GB, 36749, 40960, 38, 103.84, 36
nid001132,2026/05/03 14:23:11.471, 3, GPU-cba17786-ea73-0caf-0d43-c838fbb66bcd, NVIDIA A100-SXM4-40GB, 36749, 40960, 36, 105.12, 33
nid001133,2026/05/03 14:23:12.392, 0, GPU-43cac420-244c-9975-fbd1-604f88cdd44c, NVIDIA A100-SXM4-40GB, 37481, 40960, 96, 103.96, 35
nid001133,2026/05/03 14:23:12.395, 1, GPU-73838956-9ad1-3484-0ba2-7d8b02c7a72a, NVIDIA A100-SXM4-40GB, 37471, 40960, 5, 102.79, 34
nid001133,2026/05/03 14:23:12.397, 2, GPU-aee03275-201a-58e4-7b5a-f08a6e4c1e50, NVIDIA A100-SXM4-40GB, 37471, 40960, 71, 102.67, 37
nid001133,2026/05/03 14:23:12.398, 3, GPU-e0003d1b-186b-2e66-9474-0b7af5c50af4, NVIDIA A100-SXM4-40GB, 37471, 40960, 23, 99.51, 35
nid001132,2026/05/03 14:23:15.335, 0, GPU-1ee6ac61-44ab-b161-9de0-16bbb44716e7, NVIDIA A100-SXM4-40GB, 36817, 40960, 19, 105.89, 38
nid001132,2026/05/03 14:23:15.341, 1, GPU-afa7121e-c5d0-2eb5-4e9a-8b001ff7a220, NVIDIA A100-SXM4-40GB, 36749, 40960, 40, 101.15, 35
nid001132,2026/05/03 14:23:15.347, 2, GPU-4dea0284-873a-fa20-cc19-10ca82324573, NVIDIA A100-SXM4-40GB, 36749, 40960, 18, 103.96, 36
nid001132,2026/05/03 14:23:15.352, 3, GPU-cba17786-ea73-0caf-0d43-c838fbb66bcd, NVIDIA A100-SXM4-40GB, 36749, 40960, 33, 105.25, 33
nid001133,2026/05/03 14:23:16.318, 0, GPU-43cac420-244c-9975-fbd1-604f88cdd44c, NVIDIA A100-SXM4-40GB, 37481, 40960, 0, 103.96, 35
nid001133,2026/05/03 14:23:16.321, 1, GPU-73838956-9ad1-3484-0ba2-7d8b02c7a72a, NVIDIA A100-SXM4-40GB, 37471, 40960, 30, 103.32, 34
nid001133,2026/05/03 14:23:16.323, 2, GPU-aee03275-201a-58e4-7b5a-f08a6e4c1e50, NVIDIA A100-SXM4-40GB, 37471, 40960, 4, 102.67, 37
nid001133,2026/05/03 14:23:16.324, 3, GPU-e0003d1b-186b-2e66-9474-0b7af5c50af4, NVIDIA A100-SXM4-40GB, 37471, 40960, 19, 99.40, 35
nid001132,2026/05/03 14:23:19.295, 0, GPU-1ee6ac61-44ab-b161-9de0-16bbb44716e7, NVIDIA A100-SXM4-40GB, 36817, 40960, 17, 105.76, 38
nid001132,2026/05/03 14:23:19.298, 1, GPU-afa7121e-c5d0-2eb5-4e9a-8b001ff7a220, NVIDIA A100-SXM4-40GB, 36749, 40960, 61, 101.03, 35
nid001132,2026/05/03 14:23:19.300, 2, GPU-4dea0284-873a-fa20-cc19-10ca82324573, NVIDIA A100-SXM4-40GB, 36749, 40960, 95, 103.84, 36
nid001132,2026/05/03 14:23:19.301, 3, GPU-cba17786-ea73-0caf-0d43-c838fbb66bcd, NVIDIA A100-SXM4-40GB, 36749, 40960, 28, 105.24, 33
nid001133,2026/05/03 14:23:20.192, 0, GPU-43cac420-244c-9975-fbd1-604f88cdd44c, NVIDIA A100-SXM4-40GB, 37481, 40960, 29, 103.84, 35
nid001133,2026/05/03 14:23:20.195, 1, GPU-73838956-9ad1-3484-0ba2-7d8b02c7a72a, NVIDIA A100-SXM4-40GB, 37471, 40960, 13, 103.08, 34
nid001133,2026/05/03 14:23:20.196, 2, GPU-aee03275-201a-58e4-7b5a-f08a6e4c1e50, NVIDIA A100-SXM4-40GB, 37471, 40960, 40, 102.43, 37
nid001133,2026/05/03 14:23:20.198, 3, GPU-e0003d1b-186b-2e66-9474-0b7af5c50af4, NVIDIA A100-SXM4-40GB, 37471, 40960, 77, 99.40, 35
nid001132,2026/05/03 14:23:23.086, 0, GPU-1ee6ac61-44ab-b161-9de0-16bbb44716e7, NVIDIA A100-SXM4-40GB, 36817, 40960, 2, 107.41, 38
nid001132,2026/05/03 14:23:23.089, 1, GPU-afa7121e-c5d0-2eb5-4e9a-8b001ff7a220, NVIDIA A100-SXM4-40GB, 36749, 40960, 14, 115.22, 35
nid001132,2026/05/03 14:23:23.091, 2, GPU-4dea0284-873a-fa20-cc19-10ca82324573, NVIDIA A100-SXM4-40GB, 36749, 40960, 7, 106.76, 36
nid001132,2026/05/03 14:23:23.092, 3, GPU-cba17786-ea73-0caf-0d43-c838fbb66bcd, NVIDIA A100-SXM4-40GB, 36749, 40960, 31, 108.30, 33
nid001133,2026/05/03 14:23:23.949, 0, GPU-43cac420-244c-9975-fbd1-604f88cdd44c, NVIDIA A100-SXM4-40GB, 37481, 40960, 0, 103.96, 35
nid001133,2026/05/03 14:23:23.952, 1, GPU-73838956-9ad1-3484-0ba2-7d8b02c7a72a, NVIDIA A100-SXM4-40GB, 37471, 40960, 0, 103.32, 34
nid001133,2026/05/03 14:23:23.953, 2, GPU-aee03275-201a-58e4-7b5a-f08a6e4c1e50, NVIDIA A100-SXM4-40GB, 37471, 40960, 0, 102.56, 37
nid001133,2026/05/03 14:23:23.955, 3, GPU-e0003d1b-186b-2e66-9474-0b7af5c50af4, NVIDIA A100-SXM4-40GB, 37471, 40960, 0, 99.51, 35
nid001132,2026/05/03 14:23:26.837, 0, GPU-1ee6ac61-44ab-b161-9de0-16bbb44716e7, NVIDIA A100-SXM4-40GB, 36817, 40960, 30, 113.42, 38
nid001132,2026/05/03 14:23:26.840, 1, GPU-afa7121e-c5d0-2eb5-4e9a-8b001ff7a220, NVIDIA A100-SXM4-40GB, 36749, 40960, 94, 106.29, 35
nid001132,2026/05/03 14:23:26.841, 2, GPU-4dea0284-873a-fa20-cc19-10ca82324573, NVIDIA A100-SXM4-40GB, 36749, 40960, 26, 104.72, 36
nid001132,2026/05/03 14:23:26.843, 3, GPU-cba17786-ea73-0caf-0d43-c838fbb66bcd, NVIDIA A100-SXM4-40GB, 36749, 40960, 6, 106.54, 33
nid001133,2026/05/03 14:23:27.730, 0, GPU-43cac420-244c-9975-fbd1-604f88cdd44c, NVIDIA A100-SXM4-40GB, 37481, 40960, 24, 126.05, 36
nid001133,2026/05/03 14:23:27.733, 1, GPU-73838956-9ad1-3484-0ba2-7d8b02c7a72a, NVIDIA A100-SXM4-40GB, 37471, 40960, 0, 121.73, 34
nid001133,2026/05/03 14:23:27.734, 2, GPU-aee03275-201a-58e4-7b5a-f08a6e4c1e50, NVIDIA A100-SXM4-40GB, 37471, 40960, 22, 120.60, 37
nid001133,2026/05/03 14:23:27.736, 3, GPU-e0003d1b-186b-2e66-9474-0b7af5c50af4, NVIDIA A100-SXM4-40GB, 37471, 40960, 0, 113.18, 36
nid001132,2026/05/03 14:23:30.637, 0, GPU-1ee6ac61-44ab-b161-9de0-16bbb44716e7, NVIDIA A100-SXM4-40GB, 36817, 40960, 50, 106.29, 38
nid001132,2026/05/03 14:23:30.639, 1, GPU-afa7121e-c5d0-2eb5-4e9a-8b001ff7a220, NVIDIA A100-SXM4-40GB, 36749, 40960, 0, 101.79, 35
nid001132,2026/05/03 14:23:30.641, 2, GPU-4dea0284-873a-fa20-cc19-10ca82324573, NVIDIA A100-SXM4-40GB, 36749, 40960, 0, 104.36, 36
nid001132,2026/05/03 14:23:30.642, 3, GPU-cba17786-ea73-0caf-0d43-c838fbb66bcd, NVIDIA A100-SXM4-40GB, 36749, 40960, 5, 105.37, 34
nid001133,2026/05/03 14:23:31.541, 0, GPU-43cac420-244c-9975-fbd1-604f88cdd44c, NVIDIA A100-SXM4-40GB, 37481, 40960, 0, 103.96, 35
nid001133,2026/05/03 14:23:31.543, 1, GPU-73838956-9ad1-3484-0ba2-7d8b02c7a72a, NVIDIA A100-SXM4-40GB, 37471, 40960, 0, 103.08, 34
nid001133,2026/05/03 14:23:31.545, 2, GPU-aee03275-201a-58e4-7b5a-f08a6e4c1e50, NVIDIA A100-SXM4-40GB, 37471, 40960, 0, 102.43, 37
nid001133,2026/05/03 14:23:31.547, 3, GPU-e0003d1b-186b-2e66-9474-0b7af5c50af4, NVIDIA A100-SXM4-40GB, 37471, 40960, 0, 99.51, 35
nid001132,2026/05/03 14:23:34.568, 0, GPU-1ee6ac61-44ab-b161-9de0-16bbb44716e7, NVIDIA A100-SXM4-40GB, 36817, 40960, 53, 107.17, 39
nid001132,2026/05/03 14:23:34.570, 1, GPU-afa7121e-c5d0-2eb5-4e9a-8b001ff7a220, NVIDIA A100-SXM4-40GB, 36749, 40960, 16, 112.13, 35
nid001132,2026/05/03 14:23:34.572, 2, GPU-4dea0284-873a-fa20-cc19-10ca82324573, NVIDIA A100-SXM4-40GB, 36749, 40960, 67, 106.53, 36
nid001132,2026/05/03 14:23:34.573, 3, GPU-cba17786-ea73-0caf-0d43-c838fbb66bcd, NVIDIA A100-SXM4-40GB, 36749, 40960, 40, 111.11, 33
nid001133,2026/05/03 14:23:35.411, 0, GPU-43cac420-244c-9975-fbd1-604f88cdd44c, NVIDIA A100-SXM4-40GB, 37481, 40960, 66, 129.53, 36
nid001133,2026/05/03 14:23:35.413, 1, GPU-73838956-9ad1-3484-0ba2-7d8b02c7a72a, NVIDIA A100-SXM4-40GB, 37471, 40960, 9, 119.69, 34
nid001133,2026/05/03 14:23:35.415, 2, GPU-aee03275-201a-58e4-7b5a-f08a6e4c1e50, NVIDIA A100-SXM4-40GB, 37471, 40960, 49, 114.31, 37
nid001133,2026/05/03 14:23:35.420, 3, GPU-e0003d1b-186b-2e66-9474-0b7af5c50af4, NVIDIA A100-SXM4-40GB, 37471, 40960, 3, 121.21, 36
nid001132,2026/05/03 14:23:38.307, 0, GPU-1ee6ac61-44ab-b161-9de0-16bbb44716e7, NVIDIA A100-SXM4-40GB, 36817, 40960, 13, 121.07, 38
nid001132,2026/05/03 14:23:38.310, 1, GPU-afa7121e-c5d0-2eb5-4e9a-8b001ff7a220, NVIDIA A100-SXM4-40GB, 36749, 40960, 0, 101.68, 35
nid001132,2026/05/03 14:23:38.312, 2, GPU-4dea0284-873a-fa20-cc19-10ca82324573, NVIDIA A100-SXM4-40GB, 36749, 40960, 35, 113.29, 36
nid001132,2026/05/03 14:23:38.315, 3, GPU-cba17786-ea73-0caf-0d43-c838fbb66bcd, NVIDIA A100-SXM4-40GB, 36749, 40960, 0, 113.94, 33
nid001133,2026/05/03 14:23:39.167, 0, GPU-43cac420-244c-9975-fbd1-604f88cdd44c, NVIDIA A100-SXM4-40GB, 37481, 40960, 6, 104.24, 35
nid001133,2026/05/03 14:23:39.170, 1, GPU-73838956-9ad1-3484-0ba2-7d8b02c7a72a, NVIDIA A100-SXM4-40GB, 37471, 40960, 0, 103.08, 34
nid001133,2026/05/03 14:23:39.172, 2, GPU-aee03275-201a-58e4-7b5a-f08a6e4c1e50, NVIDIA A100-SXM4-40GB, 37471, 40960, 20, 102.79, 37
nid001133,2026/05/03 14:23:39.173, 3, GPU-e0003d1b-186b-2e66-9474-0b7af5c50af4, NVIDIA A100-SXM4-40GB, 37471, 40960, 0, 99.51, 35
nid001132,2026/05/03 14:23:42.041, 0, GPU-1ee6ac61-44ab-b161-9de0-16bbb44716e7, NVIDIA A100-SXM4-40GB, 36817, 40960, 0, 105.76, 38
nid001132,2026/05/03 14:23:42.044, 1, GPU-afa7121e-c5d0-2eb5-4e9a-8b001ff7a220, NVIDIA A100-SXM4-40GB, 36749, 40960, 0, 101.15, 35
nid001132,2026/05/03 14:23:42.045, 2, GPU-4dea0284-873a-fa20-cc19-10ca82324573, NVIDIA A100-SXM4-40GB, 36749, 40960, 18, 103.84, 36
nid001132,2026/05/03 14:23:42.047, 3, GPU-cba17786-ea73-0caf-0d43-c838fbb66bcd, NVIDIA A100-SXM4-40GB, 36749, 40960, 0, 105.12, 33
nid001133,2026/05/03 14:23:42.881, 0, GPU-43cac420-244c-9975-fbd1-604f88cdd44c, NVIDIA A100-SXM4-40GB, 37481, 40960, 14, 104.24, 35
nid001133,2026/05/03 14:23:42.884, 1, GPU-73838956-9ad1-3484-0ba2-7d8b02c7a72a, NVIDIA A100-SXM4-40GB, 37471, 40960, 32, 103.08, 34
nid001133,2026/05/03 14:23:42.885, 2, GPU-aee03275-201a-58e4-7b5a-f08a6e4c1e50, NVIDIA A100-SXM4-40GB, 37471, 40960, 2, 102.43, 37
nid001133,2026/05/03 14:23:42.887, 3, GPU-e0003d1b-186b-2e66-9474-0b7af5c50af4, NVIDIA A100-SXM4-40GB, 37471, 40960, 82, 99.40, 35
nid001132,2026/05/03 14:23:45.751, 0, GPU-1ee6ac61-44ab-b161-9de0-16bbb44716e7, NVIDIA A100-SXM4-40GB, 36817, 40960, 68, 105.89, 38
nid001132,2026/05/03 14:23:45.754, 1, GPU-afa7121e-c5d0-2eb5-4e9a-8b001ff7a220, NVIDIA A100-SXM4-40GB, 36749, 40960, 81, 100.63, 35
nid001132,2026/05/03 14:23:45.755, 2, GPU-4dea0284-873a-fa20-cc19-10ca82324573, NVIDIA A100-SXM4-40GB, 36749, 40960, 80, 103.84, 36
nid001132,2026/05/03 14:23:45.757, 3, GPU-cba17786-ea73-0caf-0d43-c838fbb66bcd, NVIDIA A100-SXM4-40GB, 36749, 40960, 46, 111.79, 33
nid001133,2026/05/03 14:23:46.593, 0, GPU-43cac420-244c-9975-fbd1-604f88cdd44c, NVIDIA A100-SXM4-40GB, 37481, 40960, 11, 104.24, 35
nid001133,2026/05/03 14:23:46.596, 1, GPU-73838956-9ad1-3484-0ba2-7d8b02c7a72a, NVIDIA A100-SXM4-40GB, 37471, 40960, 45, 103.08, 34
nid001133,2026/05/03 14:23:46.597, 2, GPU-aee03275-201a-58e4-7b5a-f08a6e4c1e50, NVIDIA A100-SXM4-40GB, 37471, 40960, 85, 104.37, 37
nid001133,2026/05/03 14:23:46.599, 3, GPU-e0003d1b-186b-2e66-9474-0b7af5c50af4, NVIDIA A100-SXM4-40GB, 37471, 40960, 7, 103.84, 35
nid001132,2026/05/03 14:23:49.469, 0, GPU-1ee6ac61-44ab-b161-9de0-16bbb44716e7, NVIDIA A100-SXM4-40GB, 36817, 40960, 1, 105.89, 38
nid001132,2026/05/03 14:23:49.472, 1, GPU-afa7121e-c5d0-2eb5-4e9a-8b001ff7a220, NVIDIA A100-SXM4-40GB, 36749, 40960, 0, 101.27, 35
nid001132,2026/05/03 14:23:49.474, 2, GPU-4dea0284-873a-fa20-cc19-10ca82324573, NVIDIA A100-SXM4-40GB, 36749, 40960, 31, 103.96, 36
nid001132,2026/05/03 14:23:49.475, 3, GPU-cba17786-ea73-0caf-0d43-c838fbb66bcd, NVIDIA A100-SXM4-40GB, 36749, 40960, 0, 105.25, 33
nid001133,2026/05/03 14:23:50.348, 0, GPU-43cac420-244c-9975-fbd1-604f88cdd44c, NVIDIA A100-SXM4-40GB, 37481, 40960, 83, 109.61, 35
nid001133,2026/05/03 14:23:50.351, 1, GPU-73838956-9ad1-3484-0ba2-7d8b02c7a72a, NVIDIA A100-SXM4-40GB, 37471, 40960, 38, 102.04, 34
nid001133,2026/05/03 14:23:50.352, 2, GPU-aee03275-201a-58e4-7b5a-f08a6e4c1e50, NVIDIA A100-SXM4-40GB, 37471, 40960, 31, 102.67, 37
nid001133,2026/05/03 14:23:50.354, 3, GPU-e0003d1b-186b-2e66-9474-0b7af5c50af4, NVIDIA A100-SXM4-40GB, 37471, 40960, 29, 99.51, 35
nid001132,2026/05/03 14:23:53.356, 0, GPU-1ee6ac61-44ab-b161-9de0-16bbb44716e7, NVIDIA A100-SXM4-40GB, 36817, 40960, 0, 109.74, 39
nid001132,2026/05/03 14:23:53.359, 1, GPU-afa7121e-c5d0-2eb5-4e9a-8b001ff7a220, NVIDIA A100-SXM4-40GB, 36749, 40960, 46, 116.60, 35
nid001132,2026/05/03 14:23:53.360, 2, GPU-4dea0284-873a-fa20-cc19-10ca82324573, NVIDIA A100-SXM4-40GB, 36749, 40960, 100, 112.29, 36
nid001132,2026/05/03 14:23:53.362, 3, GPU-cba17786-ea73-0caf-0d43-c838fbb66bcd, NVIDIA A100-SXM4-40GB, 36749, 40960, 22, 109.07, 33
nid001133,2026/05/03 14:23:54.182, 0, GPU-43cac420-244c-9975-fbd1-604f88cdd44c, NVIDIA A100-SXM4-40GB, 37481, 40960, 0, 116.51, 36
nid001133,2026/05/03 14:23:54.185, 1, GPU-73838956-9ad1-3484-0ba2-7d8b02c7a72a, NVIDIA A100-SXM4-40GB, 37471, 40960, 0, 102.32, 34
nid001133,2026/05/03 14:23:54.187, 2, GPU-aee03275-201a-58e4-7b5a-f08a6e4c1e50, NVIDIA A100-SXM4-40GB, 37471, 40960, 0, 102.56, 37
nid001133,2026/05/03 14:23:54.188, 3, GPU-e0003d1b-186b-2e66-9474-0b7af5c50af4, NVIDIA A100-SXM4-40GB, 37471, 40960, 0, 99.51, 35
nid001132,2026/05/03 14:23:57.121, 0, GPU-1ee6ac61-44ab-b161-9de0-16bbb44716e7, NVIDIA A100-SXM4-40GB, 36817, 40960, 44, 105.89, 38
nid001132,2026/05/03 14:23:57.123, 1, GPU-afa7121e-c5d0-2eb5-4e9a-8b001ff7a220, NVIDIA A100-SXM4-40GB, 36749, 40960, 100, 107.28, 35
nid001132,2026/05/03 14:23:57.125, 2, GPU-4dea0284-873a-fa20-cc19-10ca82324573, NVIDIA A100-SXM4-40GB, 36749, 40960, 60, 117.13, 36
nid001132,2026/05/03 14:23:57.126, 3, GPU-cba17786-ea73-0caf-0d43-c838fbb66bcd, NVIDIA A100-SXM4-40GB, 36749, 40960, 45, 114.60, 33
nid001133,2026/05/03 14:23:58.012, 0, GPU-43cac420-244c-9975-fbd1-604f88cdd44c, NVIDIA A100-SXM4-40GB, 37481, 40960, 0, 104.24, 35
nid001133,2026/05/03 14:23:58.015, 1, GPU-73838956-9ad1-3484-0ba2-7d8b02c7a72a, NVIDIA A100-SXM4-40GB, 37471, 40960, 0, 102.32, 34
nid001133,2026/05/03 14:23:58.016, 2, GPU-aee03275-201a-58e4-7b5a-f08a6e4c1e50, NVIDIA A100-SXM4-40GB, 37471, 40960, 11, 102.67, 37
nid001133,2026/05/03 14:23:58.018, 3, GPU-e0003d1b-186b-2e66-9474-0b7af5c50af4, NVIDIA A100-SXM4-40GB, 37471, 40960, 0, 99.51, 35
nid001132,2026/05/03 14:24:00.897, 0, GPU-1ee6ac61-44ab-b161-9de0-16bbb44716e7, NVIDIA A100-SXM4-40GB, 36817, 40960, 41, 105.65, 38
nid001132,2026/05/03 14:24:00.900, 1, GPU-afa7121e-c5d0-2eb5-4e9a-8b001ff7a220, NVIDIA A100-SXM4-40GB, 36749, 40960, 74, 101.27, 35
nid001132,2026/05/03 14:24:00.901, 2, GPU-4dea0284-873a-fa20-cc19-10ca82324573, NVIDIA A100-SXM4-40GB, 36749, 40960, 100, 103.96, 36
nid001132,2026/05/03 14:24:00.903, 3, GPU-cba17786-ea73-0caf-0d43-c838fbb66bcd, NVIDIA A100-SXM4-40GB, 36749, 40960, 48, 105.25, 33
nid001133,2026/05/03 14:24:01.765, 0, GPU-43cac420-244c-9975-fbd1-604f88cdd44c, NVIDIA A100-SXM4-40GB, 37481, 40960, 55, 139.42, 36
nid001133,2026/05/03 14:24:01.767, 1, GPU-73838956-9ad1-3484-0ba2-7d8b02c7a72a, NVIDIA A100-SXM4-40GB, 37471, 40960, 74, 103.21, 34
nid001133,2026/05/03 14:24:01.769, 2, GPU-aee03275-201a-58e4-7b5a-f08a6e4c1e50, NVIDIA A100-SXM4-40GB, 37471, 40960, 81, 104.08, 37
nid001133,2026/05/03 14:24:01.770, 3, GPU-e0003d1b-186b-2e66-9474-0b7af5c50af4, NVIDIA A100-SXM4-40GB, 37471, 40960, 6, 99.51, 35
nid001132,2026/05/03 14:24:04.636, 0, GPU-1ee6ac61-44ab-b161-9de0-16bbb44716e7, NVIDIA A100-SXM4-40GB, 36817, 40960, 80, 111.37, 39
nid001132,2026/05/03 14:24:04.639, 1, GPU-afa7121e-c5d0-2eb5-4e9a-8b001ff7a220, NVIDIA A100-SXM4-40GB, 36749, 40960, 73, 108.33, 35
nid001132,2026/05/03 14:24:04.640, 2, GPU-4dea0284-873a-fa20-cc19-10ca82324573, NVIDIA A100-SXM4-40GB, 36749, 40960, 77, 115.85, 36
nid001132,2026/05/03 14:24:04.642, 3, GPU-cba17786-ea73-0caf-0d43-c838fbb66bcd, NVIDIA A100-SXM4-40GB, 36749, 40960, 48, 110.74, 33
nid001133,2026/05/03 14:24:05.528, 0, GPU-43cac420-244c-9975-fbd1-604f88cdd44c, NVIDIA A100-SXM4-40GB, 37481, 40960, 16, 109.33, 36
nid001133,2026/05/03 14:24:05.530, 1, GPU-73838956-9ad1-3484-0ba2-7d8b02c7a72a, NVIDIA A100-SXM4-40GB, 37471, 40960, 66, 102.79, 34
nid001133,2026/05/03 14:24:05.532, 2, GPU-aee03275-201a-58e4-7b5a-f08a6e4c1e50, NVIDIA A100-SXM4-40GB, 37471, 40960, 64, 102.79, 37
nid001133,2026/05/03 14:24:05.533, 3, GPU-e0003d1b-186b-2e66-9474-0b7af5c50af4, NVIDIA A100-SXM4-40GB, 37471, 40960, 76, 119.02, 35
nid001132,2026/05/03 14:24:08.433, 0, GPU-1ee6ac61-44ab-b161-9de0-16bbb44716e7, NVIDIA A100-SXM4-40GB, 36817, 40960, 56, 110.22, 39
nid001132,2026/05/03 14:24:08.436, 1, GPU-afa7121e-c5d0-2eb5-4e9a-8b001ff7a220, NVIDIA A100-SXM4-40GB, 36749, 40960, 72, 109.09, 35
nid001132,2026/05/03 14:24:08.438, 2, GPU-4dea0284-873a-fa20-cc19-10ca82324573, NVIDIA A100-SXM4-40GB, 36749, 40960, 49, 126.29, 36
nid001132,2026/05/03 14:24:08.439, 3, GPU-cba17786-ea73-0caf-0d43-c838fbb66bcd, NVIDIA A100-SXM4-40GB, 36749, 40960, 70, 116.36, 34
nid001133,2026/05/03 14:24:09.362, 0, GPU-43cac420-244c-9975-fbd1-604f88cdd44c, NVIDIA A100-SXM4-40GB, 37481, 40960, 0, 104.24, 35
nid001133,2026/05/03 14:24:09.364, 1, GPU-73838956-9ad1-3484-0ba2-7d8b02c7a72a, NVIDIA A100-SXM4-40GB, 37471, 40960, 24, 102.32, 34
nid001133,2026/05/03 14:24:09.366, 2, GPU-aee03275-201a-58e4-7b5a-f08a6e4c1e50, NVIDIA A100-SXM4-40GB, 37471, 40960, 0, 119.55, 37
nid001133,2026/05/03 14:24:09.367, 3, GPU-e0003d1b-186b-2e66-9474-0b7af5c50af4, NVIDIA A100-SXM4-40GB, 37471, 40960, 0, 99.51, 35
nid001132,2026/05/03 14:24:12.258, 0, GPU-1ee6ac61-44ab-b161-9de0-16bbb44716e7, NVIDIA A100-SXM4-40GB, 36817, 40960, 23, 116.64, 38
nid001132,2026/05/03 14:24:12.261, 1, GPU-afa7121e-c5d0-2eb5-4e9a-8b001ff7a220, NVIDIA A100-SXM4-40GB, 36749, 40960, 49, 103.72, 35
nid001132,2026/05/03 14:24:12.263, 2, GPU-4dea0284-873a-fa20-cc19-10ca82324573, NVIDIA A100-SXM4-40GB, 36749, 40960, 33, 105.00, 36
nid001132,2026/05/03 14:24:12.264, 3, GPU-cba17786-ea73-0caf-0d43-c838fbb66bcd, NVIDIA A100-SXM4-40GB, 36749, 40960, 70, 116.50, 33
nid001133,2026/05/03 14:24:13.112, 0, GPU-43cac420-244c-9975-fbd1-604f88cdd44c, NVIDIA A100-SXM4-40GB, 37481, 40960, 0, 104.08, 35
nid001133,2026/05/03 14:24:13.115, 1, GPU-73838956-9ad1-3484-0ba2-7d8b02c7a72a, NVIDIA A100-SXM4-40GB, 37471, 40960, 0, 103.21, 34
nid001133,2026/05/03 14:24:13.116, 2, GPU-aee03275-201a-58e4-7b5a-f08a6e4c1e50, NVIDIA A100-SXM4-40GB, 37471, 40960, 0, 102.79, 37
nid001133,2026/05/03 14:24:13.118, 3, GPU-e0003d1b-186b-2e66-9474-0b7af5c50af4, NVIDIA A100-SXM4-40GB, 37471, 40960, 9, 99.51, 35
nid001132,2026/05/03 14:24:15.969, 0, GPU-1ee6ac61-44ab-b161-9de0-16bbb44716e7, NVIDIA A100-SXM4-40GB, 36817, 40960, 12, 116.12, 39
nid001132,2026/05/03 14:24:15.971, 1, GPU-afa7121e-c5d0-2eb5-4e9a-8b001ff7a220, NVIDIA A100-SXM4-40GB, 36749, 40960, 0, 101.27, 35
nid001132,2026/05/03 14:24:15.973, 2, GPU-4dea0284-873a-fa20-cc19-10ca82324573, NVIDIA A100-SXM4-40GB, 36749, 40960, 26, 103.96, 36
nid001132,2026/05/03 14:24:15.975, 3, GPU-cba17786-ea73-0caf-0d43-c838fbb66bcd, NVIDIA A100-SXM4-40GB, 36749, 40960, 0, 105.49, 33
nid001133,2026/05/03 14:24:16.835, 0, GPU-43cac420-244c-9975-fbd1-604f88cdd44c, NVIDIA A100-SXM4-40GB, 37481, 40960, 0, 104.37, 35
nid001133,2026/05/03 14:24:16.837, 1, GPU-73838956-9ad1-3484-0ba2-7d8b02c7a72a, NVIDIA A100-SXM4-40GB, 37471, 40960, 13, 125.83, 34
nid001133,2026/05/03 14:24:16.839, 2, GPU-aee03275-201a-58e4-7b5a-f08a6e4c1e50, NVIDIA A100-SXM4-40GB, 37471, 40960, 0, 111.79, 37
nid001133,2026/05/03 14:24:16.841, 3, GPU-e0003d1b-186b-2e66-9474-0b7af5c50af4, NVIDIA A100-SXM4-40GB, 37471, 40960, 0, 99.63, 35
nid001132,2026/05/03 14:24:19.740, 0, GPU-1ee6ac61-44ab-b161-9de0-16bbb44716e7, NVIDIA A100-SXM4-40GB, 36817, 40960, 48, 106.01, 38
nid001132,2026/05/03 14:24:19.743, 1, GPU-afa7121e-c5d0-2eb5-4e9a-8b001ff7a220, NVIDIA A100-SXM4-40GB, 36749, 40960, 55, 101.27, 35
nid001132,2026/05/03 14:24:19.745, 2, GPU-4dea0284-873a-fa20-cc19-10ca82324573, NVIDIA A100-SXM4-40GB, 36749, 40960, 28, 116.51, 36
nid001132,2026/05/03 14:24:19.746, 3, GPU-cba17786-ea73-0caf-0d43-c838fbb66bcd, NVIDIA A100-SXM4-40GB, 36749, 40960, 32, 109.87, 33
nid001133,2026/05/03 14:24:20.671, 0, GPU-43cac420-244c-9975-fbd1-604f88cdd44c, NVIDIA A100-SXM4-40GB, 37481, 40960, 0, 103.96, 35
nid001133,2026/05/03 14:24:20.674, 1, GPU-73838956-9ad1-3484-0ba2-7d8b02c7a72a, NVIDIA A100-SXM4-40GB, 37471, 40960, 1, 102.04, 34
nid001133,2026/05/03 14:24:20.676, 2, GPU-aee03275-201a-58e4-7b5a-f08a6e4c1e50, NVIDIA A100-SXM4-40GB, 37471, 40960, 17, 102.56, 37
nid001133,2026/05/03 14:24:20.677, 3, GPU-e0003d1b-186b-2e66-9474-0b7af5c50af4, NVIDIA A100-SXM4-40GB, 37471, 40960, 0, 99.51, 35
nid001132,2026/05/03 14:24:23.609, 0, GPU-1ee6ac61-44ab-b161-9de0-16bbb44716e7, NVIDIA A100-SXM4-40GB, 36817, 40960, 28, 107.02, 39
nid001132,2026/05/03 14:24:23.612, 1, GPU-afa7121e-c5d0-2eb5-4e9a-8b001ff7a220, NVIDIA A100-SXM4-40GB, 36749, 40960, 40, 106.42, 35
nid001132,2026/05/03 14:24:23.614, 2, GPU-4dea0284-873a-fa20-cc19-10ca82324573, NVIDIA A100-SXM4-40GB, 36749, 40960, 32, 118.03, 36
nid001132,2026/05/03 14:24:23.619, 3, GPU-cba17786-ea73-0caf-0d43-c838fbb66bcd, NVIDIA A100-SXM4-40GB, 36749, 40960, 93, 113.03, 34
nid001133,2026/05/03 14:24:24.473, 0, GPU-43cac420-244c-9975-fbd1-604f88cdd44c, NVIDIA A100-SXM4-40GB, 37481, 40960, 21, 125.15, 35
nid001133,2026/05/03 14:24:24.481, 1, GPU-73838956-9ad1-3484-0ba2-7d8b02c7a72a, NVIDIA A100-SXM4-40GB, 37471, 40960, 71, 121.21, 34
nid001133,2026/05/03 14:24:24.482, 2, GPU-aee03275-201a-58e4-7b5a-f08a6e4c1e50, NVIDIA A100-SXM4-40GB, 37471, 40960, 0, 104.37, 37
nid001133,2026/05/03 14:24:24.484, 3, GPU-e0003d1b-186b-2e66-9474-0b7af5c50af4, NVIDIA A100-SXM4-40GB, 37471, 40960, 30, 104.21, 35
nid001132,2026/05/03 14:24:27.377, 0, GPU-1ee6ac61-44ab-b161-9de0-16bbb44716e7, NVIDIA A100-SXM4-40GB, 36817, 40960, 24, 105.78, 38
nid001132,2026/05/03 14:24:27.380, 1, GPU-afa7121e-c5d0-2eb5-4e9a-8b001ff7a220, NVIDIA A100-SXM4-40GB, 36749, 40960, 92, 101.27, 35
nid001132,2026/05/03 14:24:27.381, 2, GPU-4dea0284-873a-fa20-cc19-10ca82324573, NVIDIA A100-SXM4-40GB, 36749, 40960, 46, 103.96, 36
nid001132,2026/05/03 14:24:27.383, 3, GPU-cba17786-ea73-0caf-0d43-c838fbb66bcd, NVIDIA A100-SXM4-40GB, 36749, 40960, 68, 105.25, 33
nid001133,2026/05/03 14:24:28.277, 0, GPU-43cac420-244c-9975-fbd1-604f88cdd44c, NVIDIA A100-SXM4-40GB, 37481, 40960, 0, 104.08, 35
nid001133,2026/05/03 14:24:28.281, 1, GPU-73838956-9ad1-3484-0ba2-7d8b02c7a72a, NVIDIA A100-SXM4-40GB, 37471, 40960, 98, 102.91, 34
nid001133,2026/05/03 14:24:28.283, 2, GPU-aee03275-201a-58e4-7b5a-f08a6e4c1e50, NVIDIA A100-SXM4-40GB, 37471, 40960, 24, 102.56, 37
nid001133,2026/05/03 14:24:28.284, 3, GPU-e0003d1b-186b-2e66-9474-0b7af5c50af4, NVIDIA A100-SXM4-40GB, 37471, 40960, 77, 99.63, 35
nid001132,2026/05/03 14:24:31.169, 0, GPU-1ee6ac61-44ab-b161-9de0-16bbb44716e7, NVIDIA A100-SXM4-40GB, 36817, 40960, 51, 118.41, 39
nid001132,2026/05/03 14:24:31.172, 1, GPU-afa7121e-c5d0-2eb5-4e9a-8b001ff7a220, NVIDIA A100-SXM4-40GB, 36749, 40960, 10, 113.03, 35
nid001132,2026/05/03 14:24:31.174, 2, GPU-4dea0284-873a-fa20-cc19-10ca82324573, NVIDIA A100-SXM4-40GB, 36749, 40960, 63, 107.57, 37
nid001132,2026/05/03 14:24:31.175, 3, GPU-cba17786-ea73-0caf-0d43-c838fbb66bcd, NVIDIA A100-SXM4-40GB, 36749, 40960, 36, 116.02, 34
nid001133,2026/05/03 14:24:32.111, 0, GPU-43cac420-244c-9975-fbd1-604f88cdd44c, NVIDIA A100-SXM4-40GB, 37481, 40960, 98, 104.24, 36
nid001133,2026/05/03 14:24:32.116, 1, GPU-73838956-9ad1-3484-0ba2-7d8b02c7a72a, NVIDIA A100-SXM4-40GB, 37471, 40960, 3, 103.32, 34
nid001133,2026/05/03 14:24:32.122, 2, GPU-aee03275-201a-58e4-7b5a-f08a6e4c1e50, NVIDIA A100-SXM4-40GB, 37471, 40960, 72, 105.89, 37
nid001133,2026/05/03 14:24:32.127, 3, GPU-e0003d1b-186b-2e66-9474-0b7af5c50af4, NVIDIA A100-SXM4-40GB, 37471, 40960, 83, 105.89, 35
nid001132,2026/05/03 14:24:35.044, 0, GPU-1ee6ac61-44ab-b161-9de0-16bbb44716e7, NVIDIA A100-SXM4-40GB, 36817, 40960, 0, 110.74, 39
nid001132,2026/05/03 14:24:35.046, 1, GPU-afa7121e-c5d0-2eb5-4e9a-8b001ff7a220, NVIDIA A100-SXM4-40GB, 36749, 40960, 29, 110.74, 35
nid001132,2026/05/03 14:24:35.048, 2, GPU-4dea0284-873a-fa20-cc19-10ca82324573, NVIDIA A100-SXM4-40GB, 36749, 40960, 0, 107.57, 36
nid001132,2026/05/03 14:24:35.049, 3, GPU-cba17786-ea73-0caf-0d43-c838fbb66bcd, NVIDIA A100-SXM4-40GB, 36749, 40960, 30, 111.11, 33
nid001133,2026/05/03 14:24:35.887, 0, GPU-43cac420-244c-9975-fbd1-604f88cdd44c, NVIDIA A100-SXM4-40GB, 37481, 40960, 52, 104.37, 35
nid001133,2026/05/03 14:24:35.889, 1, GPU-73838956-9ad1-3484-0ba2-7d8b02c7a72a, NVIDIA A100-SXM4-40GB, 37471, 40960, 0, 103.21, 34
nid001133,2026/05/03 14:24:35.891, 2, GPU-aee03275-201a-58e4-7b5a-f08a6e4c1e50, NVIDIA A100-SXM4-40GB, 37471, 40960, 0, 102.56, 37
nid001133,2026/05/03 14:24:35.892, 3, GPU-e0003d1b-186b-2e66-9474-0b7af5c50af4, NVIDIA A100-SXM4-40GB, 37471, 40960, 0, 99.63, 35
nid001132,2026/05/03 14:24:38.798, 0, GPU-1ee6ac61-44ab-b161-9de0-16bbb44716e7, NVIDIA A100-SXM4-40GB, 36817, 40960, 58, 111.27, 38
nid001132,2026/05/03 14:24:38.801, 1, GPU-afa7121e-c5d0-2eb5-4e9a-8b001ff7a220, NVIDIA A100-SXM4-40GB, 36749, 40960, 17, 118.69, 35
nid001132,2026/05/03 14:24:38.808, 2, GPU-4dea0284-873a-fa20-cc19-10ca82324573, NVIDIA A100-SXM4-40GB, 36749, 40960, 20, 110.85, 36
nid001132,2026/05/03 14:24:38.811, 3, GPU-cba17786-ea73-0caf-0d43-c838fbb66bcd, NVIDIA A100-SXM4-40GB, 36749, 40960, 60, 106.78, 33
nid001133,2026/05/03 14:24:39.669, 0, GPU-43cac420-244c-9975-fbd1-604f88cdd44c, NVIDIA A100-SXM4-40GB, 37481, 40960, 1, 104.08, 35
nid001133,2026/05/03 14:24:39.671, 1, GPU-73838956-9ad1-3484-0ba2-7d8b02c7a72a, NVIDIA A100-SXM4-40GB, 37471, 40960, 39, 102.91, 34
nid001133,2026/05/03 14:24:39.673, 2, GPU-aee03275-201a-58e4-7b5a-f08a6e4c1e50, NVIDIA A100-SXM4-40GB, 37471, 40960, 0, 102.56, 37
nid001133,2026/05/03 14:24:39.674, 3, GPU-e0003d1b-186b-2e66-9474-0b7af5c50af4, NVIDIA A100-SXM4-40GB, 37471, 40960, 3, 99.51, 35
nid001132,2026/05/03 14:24:42.569, 0, GPU-1ee6ac61-44ab-b161-9de0-16bbb44716e7, NVIDIA A100-SXM4-40GB, 36817, 40960, 54, 126.20, 39
nid001132,2026/05/03 14:24:42.572, 1, GPU-afa7121e-c5d0-2eb5-4e9a-8b001ff7a220, NVIDIA A100-SXM4-40GB, 36749, 40960, 80, 116.99, 35
nid001132,2026/05/03 14:24:42.573, 2, GPU-4dea0284-873a-fa20-cc19-10ca82324573, NVIDIA A100-SXM4-40GB, 36749, 40960, 30, 114.57, 36
nid001132,2026/05/03 14:24:42.575, 3, GPU-cba17786-ea73-0caf-0d43-c838fbb66bcd, NVIDIA A100-SXM4-40GB, 36749, 40960, 14, 112.69, 34
nid001133,2026/05/03 14:24:43.427, 0, GPU-43cac420-244c-9975-fbd1-604f88cdd44c, NVIDIA A100-SXM4-40GB, 37481, 40960, 11, 114.07, 36
nid001133,2026/05/03 14:24:43.429, 1, GPU-73838956-9ad1-3484-0ba2-7d8b02c7a72a, NVIDIA A100-SXM4-40GB, 37471, 40960, 0, 103.21, 34
nid001133,2026/05/03 14:24:43.431, 2, GPU-aee03275-201a-58e4-7b5a-f08a6e4c1e50, NVIDIA A100-SXM4-40GB, 37471, 40960, 60, 102.56, 37
nid001133,2026/05/03 14:24:43.433, 3, GPU-e0003d1b-186b-2e66-9474-0b7af5c50af4, NVIDIA A100-SXM4-40GB, 37471, 40960, 0, 99.63, 35
nid001132,2026/05/03 14:24:46.408, 0, GPU-1ee6ac61-44ab-b161-9de0-16bbb44716e7, NVIDIA A100-SXM4-40GB, 36817, 40960, 12, 110.22, 39
nid001132,2026/05/03 14:24:46.411, 1, GPU-afa7121e-c5d0-2eb5-4e9a-8b001ff7a220, NVIDIA A100-SXM4-40GB, 36749, 40960, 43, 109.99, 35
nid001132,2026/05/03 14:24:46.413, 2, GPU-4dea0284-873a-fa20-cc19-10ca82324573, NVIDIA A100-SXM4-40GB, 36749, 40960, 9, 111.14, 36
nid001132,2026/05/03 14:24:46.414, 3, GPU-cba17786-ea73-0caf-0d43-c838fbb66bcd, NVIDIA A100-SXM4-40GB, 36749, 40960, 58, 122.41, 33
nid001133,2026/05/03 14:24:47.340, 0, GPU-43cac420-244c-9975-fbd1-604f88cdd44c, NVIDIA A100-SXM4-40GB, 37481, 40960, 6, 104.08, 35
nid001133,2026/05/03 14:24:47.345, 1, GPU-73838956-9ad1-3484-0ba2-7d8b02c7a72a, NVIDIA A100-SXM4-40GB, 37471, 40960, 0, 103.21, 34
nid001133,2026/05/03 14:24:47.346, 2, GPU-aee03275-201a-58e4-7b5a-f08a6e4c1e50, NVIDIA A100-SXM4-40GB, 37471, 40960, 0, 123.78, 37
nid001133,2026/05/03 14:24:47.348, 3, GPU-e0003d1b-186b-2e66-9474-0b7af5c50af4, NVIDIA A100-SXM4-40GB, 37471, 40960, 0, 99.63, 35
nid001132,2026/05/03 14:24:50.186, 0, GPU-1ee6ac61-44ab-b161-9de0-16bbb44716e7, NVIDIA A100-SXM4-40GB, 36817, 40960, 37, 105.89, 38
nid001132,2026/05/03 14:24:50.188, 1, GPU-afa7121e-c5d0-2eb5-4e9a-8b001ff7a220, NVIDIA A100-SXM4-40GB, 36749, 40960, 72, 101.15, 35
nid001132,2026/05/03 14:24:50.190, 2, GPU-4dea0284-873a-fa20-cc19-10ca82324573, NVIDIA A100-SXM4-40GB, 36749, 40960, 49, 103.96, 36
nid001132,2026/05/03 14:24:50.192, 3, GPU-cba17786-ea73-0caf-0d43-c838fbb66bcd, NVIDIA A100-SXM4-40GB, 36749, 40960, 100, 105.25, 33
nid001133,2026/05/03 14:24:51.107, 0, GPU-43cac420-244c-9975-fbd1-604f88cdd44c, NVIDIA A100-SXM4-40GB, 37481, 40960, 0, 104.08, 35
nid001133,2026/05/03 14:24:51.110, 1, GPU-73838956-9ad1-3484-0ba2-7d8b02c7a72a, NVIDIA A100-SXM4-40GB, 37471, 40960, 0, 103.21, 34
nid001133,2026/05/03 14:24:51.113, 2, GPU-aee03275-201a-58e4-7b5a-f08a6e4c1e50, NVIDIA A100-SXM4-40GB, 37471, 40960, 8, 102.56, 37
nid001133,2026/05/03 14:24:51.115, 3, GPU-e0003d1b-186b-2e66-9474-0b7af5c50af4, NVIDIA A100-SXM4-40GB, 37471, 40960, 50, 99.34, 35
nid001132,2026/05/03 14:24:53.984, 0, GPU-1ee6ac61-44ab-b161-9de0-16bbb44716e7, NVIDIA A100-SXM4-40GB, 36817, 40960, 11, 106.12, 38
nid001132,2026/05/03 14:24:53.987, 1, GPU-afa7121e-c5d0-2eb5-4e9a-8b001ff7a220, NVIDIA A100-SXM4-40GB, 36749, 40960, 0, 101.56, 35
nid001132,2026/05/03 14:24:53.989, 2, GPU-4dea0284-873a-fa20-cc19-10ca82324573, NVIDIA A100-SXM4-40GB, 36749, 40960, 0, 103.96, 36
nid001132,2026/05/03 14:24:53.990, 3, GPU-cba17786-ea73-0caf-0d43-c838fbb66bcd, NVIDIA A100-SXM4-40GB, 36749, 40960, 0, 129.32, 33
nid001133,2026/05/03 14:24:54.851, 0, GPU-43cac420-244c-9975-fbd1-604f88cdd44c, NVIDIA A100-SXM4-40GB, 37481, 40960, 46, 104.08, 35
nid001133,2026/05/03 14:24:54.854, 1, GPU-73838956-9ad1-3484-0ba2-7d8b02c7a72a, NVIDIA A100-SXM4-40GB, 37471, 40960, 0, 103.44, 34
nid001133,2026/05/03 14:24:54.855, 2, GPU-aee03275-201a-58e4-7b5a-f08a6e4c1e50, NVIDIA A100-SXM4-40GB, 37471, 40960, 3, 102.56, 37
nid001133,2026/05/03 14:24:54.857, 3, GPU-e0003d1b-186b-2e66-9474-0b7af5c50af4, NVIDIA A100-SXM4-40GB, 37471, 40960, 0, 99.63, 35
nid001132,2026/05/03 14:24:57.740, 0, GPU-1ee6ac61-44ab-b161-9de0-16bbb44716e7, NVIDIA A100-SXM4-40GB, 36817, 40960, 35, 122.50, 39
nid001132,2026/05/03 14:24:57.743, 1, GPU-afa7121e-c5d0-2eb5-4e9a-8b001ff7a220, NVIDIA A100-SXM4-40GB, 36749, 40960, 13, 104.37, 35
nid001132,2026/05/03 14:24:57.744, 2, GPU-4dea0284-873a-fa20-cc19-10ca82324573, NVIDIA A100-SXM4-40GB, 36749, 40960, 58, 120.07, 36
nid001132,2026/05/03 14:24:57.746, 3, GPU-cba17786-ea73-0caf-0d43-c838fbb66bcd, NVIDIA A100-SXM4-40GB, 36749, 40960, 27, 114.97, 34
nid001133,2026/05/03 14:24:58.603, 0, GPU-43cac420-244c-9975-fbd1-604f88cdd44c, NVIDIA A100-SXM4-40GB, 37481, 40960, 0, 137.42, 36
nid001133,2026/05/03 14:24:58.606, 1, GPU-73838956-9ad1-3484-0ba2-7d8b02c7a72a, NVIDIA A100-SXM4-40GB, 37471, 40960, 8, 103.21, 34
nid001133,2026/05/03 14:24:58.607, 2, GPU-aee03275-201a-58e4-7b5a-f08a6e4c1e50, NVIDIA A100-SXM4-40GB, 37471, 40960, 14, 126.35, 37
nid001133,2026/05/03 14:24:58.609, 3, GPU-e0003d1b-186b-2e66-9474-0b7af5c50af4, NVIDIA A100-SXM4-40GB, 37471, 40960, 97, 120.98, 36
nid001132,2026/05/03 14:25:01.467, 0, GPU-1ee6ac61-44ab-b161-9de0-16bbb44716e7, NVIDIA A100-SXM4-40GB, 36817, 40960, 39, 112.79, 38
nid001132,2026/05/03 14:25:01.470, 1, GPU-afa7121e-c5d0-2eb5-4e9a-8b001ff7a220, NVIDIA A100-SXM4-40GB, 36749, 40960, 62, 110.38, 35
nid001132,2026/05/03 14:25:01.471, 2, GPU-4dea0284-873a-fa20-cc19-10ca82324573, NVIDIA A100-SXM4-40GB, 36749, 40960, 15, 115.46, 36
nid001132,2026/05/03 14:25:01.473, 3, GPU-cba17786-ea73-0caf-0d43-c838fbb66bcd, NVIDIA A100-SXM4-40GB, 36749, 40960, 80, 118.07, 34
nid001133,2026/05/03 14:25:02.313, 0, GPU-43cac420-244c-9975-fbd1-604f88cdd44c, NVIDIA A100-SXM4-40GB, 37481, 40960, 39, 115.74, 36
nid001133,2026/05/03 14:25:02.317, 1, GPU-73838956-9ad1-3484-0ba2-7d8b02c7a72a, NVIDIA A100-SXM4-40GB, 37471, 40960, 38, 110.64, 34
nid001133,2026/05/03 14:25:02.319, 2, GPU-aee03275-201a-58e4-7b5a-f08a6e4c1e50, NVIDIA A100-SXM4-40GB, 37471, 40960, 29, 130.68, 37
nid001133,2026/05/03 14:25:02.321, 3, GPU-e0003d1b-186b-2e66-9474-0b7af5c50af4, NVIDIA A100-SXM4-40GB, 37471, 40960, 0, 138.99, 36
nid001132,2026/05/03 14:25:05.195, 0, GPU-1ee6ac61-44ab-b161-9de0-16bbb44716e7, NVIDIA A100-SXM4-40GB, 36817, 40960, 11, 125.15, 38
nid001132,2026/05/03 14:25:05.198, 1, GPU-afa7121e-c5d0-2eb5-4e9a-8b001ff7a220, NVIDIA A100-SXM4-40GB, 36749, 40960, 0, 101.80, 35
nid001132,2026/05/03 14:25:05.199, 2, GPU-4dea0284-873a-fa20-cc19-10ca82324573, NVIDIA A100-SXM4-40GB, 36749, 40960, 7, 103.96, 36
nid001132,2026/05/03 14:25:05.201, 3, GPU-cba17786-ea73-0caf-0d43-c838fbb66bcd, NVIDIA A100-SXM4-40GB, 36749, 40960, 0, 111.11, 33
nid001133,2026/05/03 14:25:06.059, 0, GPU-43cac420-244c-9975-fbd1-604f88cdd44c, NVIDIA A100-SXM4-40GB, 37481, 40960, 0, 104.08, 35
nid001133,2026/05/03 14:25:06.062, 1, GPU-73838956-9ad1-3484-0ba2-7d8b02c7a72a, NVIDIA A100-SXM4-40GB, 37471, 40960, 1, 103.21, 34
nid001133,2026/05/03 14:25:06.064, 2, GPU-aee03275-201a-58e4-7b5a-f08a6e4c1e50, NVIDIA A100-SXM4-40GB, 37471, 40960, 0, 102.56, 37
nid001133,2026/05/03 14:25:06.065, 3, GPU-e0003d1b-186b-2e66-9474-0b7af5c50af4, NVIDIA A100-SXM4-40GB, 37471, 40960, 0, 124.55, 35
nid001132,2026/05/03 14:25:09.029, 0, GPU-1ee6ac61-44ab-b161-9de0-16bbb44716e7, NVIDIA A100-SXM4-40GB, 36817, 40960, 8, 128.64, 38
nid001132,2026/05/03 14:25:09.032, 1, GPU-afa7121e-c5d0-2eb5-4e9a-8b001ff7a220, NVIDIA A100-SXM4-40GB, 36749, 40960, 28, 107.17, 35
nid001132,2026/05/03 14:25:09.033, 2, GPU-4dea0284-873a-fa20-cc19-10ca82324573, NVIDIA A100-SXM4-40GB, 36749, 40960, 13, 125.44, 36
nid001132,2026/05/03 14:25:09.035, 3, GPU-cba17786-ea73-0caf-0d43-c838fbb66bcd, NVIDIA A100-SXM4-40GB, 36749, 40960, 0, 110.64, 34
nid001133,2026/05/03 14:25:09.856, 0, GPU-43cac420-244c-9975-fbd1-604f88cdd44c, NVIDIA A100-SXM4-40GB, 37481, 40960, 3, 104.08, 35
nid001133,2026/05/03 14:25:09.859, 1, GPU-73838956-9ad1-3484-0ba2-7d8b02c7a72a, NVIDIA A100-SXM4-40GB, 37471, 40960, 18, 103.21, 34
nid001133,2026/05/03 14:25:09.861, 2, GPU-aee03275-201a-58e4-7b5a-f08a6e4c1e50, NVIDIA A100-SXM4-40GB, 37471, 40960, 0, 102.56, 37
nid001133,2026/05/03 14:25:09.862, 3, GPU-e0003d1b-186b-2e66-9474-0b7af5c50af4, NVIDIA A100-SXM4-40GB, 37471, 40960, 0, 99.51, 35
nid001132,2026/05/03 14:25:12.753, 0, GPU-1ee6ac61-44ab-b161-9de0-16bbb44716e7, NVIDIA A100-SXM4-40GB, 36817, 40960, 34, 106.12, 39
nid001132,2026/05/03 14:25:12.756, 1, GPU-afa7121e-c5d0-2eb5-4e9a-8b001ff7a220, NVIDIA A100-SXM4-40GB, 36749, 40960, 87, 101.43, 35
nid001132,2026/05/03 14:25:12.757, 2, GPU-4dea0284-873a-fa20-cc19-10ca82324573, NVIDIA A100-SXM4-40GB, 36749, 40960, 66, 104.12, 36
nid001132,2026/05/03 14:25:12.759, 3, GPU-cba17786-ea73-0caf-0d43-c838fbb66bcd, NVIDIA A100-SXM4-40GB, 36749, 40960, 84, 105.49, 33
nid001133,2026/05/03 14:25:13.592, 0, GPU-43cac420-244c-9975-fbd1-604f88cdd44c, NVIDIA A100-SXM4-40GB, 37481, 40960, 35, 103.96, 35
nid001133,2026/05/03 14:25:13.595, 1, GPU-73838956-9ad1-3484-0ba2-7d8b02c7a72a, NVIDIA A100-SXM4-40GB, 37471, 40960, 51, 103.08, 34
nid001133,2026/05/03 14:25:13.597, 2, GPU-aee03275-201a-58e4-7b5a-f08a6e4c1e50, NVIDIA A100-SXM4-40GB, 37471, 40960, 62, 102.79, 37
nid001133,2026/05/03 14:25:13.598, 3, GPU-e0003d1b-186b-2e66-9474-0b7af5c50af4, NVIDIA A100-SXM4-40GB, 37471, 40960, 2, 99.51, 35
nid001132,2026/05/03 14:25:16.496, 0, GPU-1ee6ac61-44ab-b161-9de0-16bbb44716e7, NVIDIA A100-SXM4-40GB, 36817, 40960, 44, 105.89, 38
nid001132,2026/05/03 14:25:16.499, 1, GPU-afa7121e-c5d0-2eb5-4e9a-8b001ff7a220, NVIDIA A100-SXM4-40GB, 36749, 40960, 66, 101.15, 35
nid001132,2026/05/03 14:25:16.500, 2, GPU-4dea0284-873a-fa20-cc19-10ca82324573, NVIDIA A100-SXM4-40GB, 36749, 40960, 59, 103.84, 36
nid001132,2026/05/03 14:25:16.502, 3, GPU-cba17786-ea73-0caf-0d43-c838fbb66bcd, NVIDIA A100-SXM4-40GB, 36749, 40960, 100, 106.25, 33
nid001133,2026/05/03 14:25:17.412, 0, GPU-43cac420-244c-9975-fbd1-604f88cdd44c, NVIDIA A100-SXM4-40GB, 37481, 40960, 3, 103.96, 35
nid001133,2026/05/03 14:25:17.424, 1, GPU-73838956-9ad1-3484-0ba2-7d8b02c7a72a, NVIDIA A100-SXM4-40GB, 37471, 40960, 7, 103.32, 34
nid001133,2026/05/03 14:25:17.430, 2, GPU-aee03275-201a-58e4-7b5a-f08a6e4c1e50, NVIDIA A100-SXM4-40GB, 37471, 40960, 35, 102.56, 37
nid001133,2026/05/03 14:25:17.435, 3, GPU-e0003d1b-186b-2e66-9474-0b7af5c50af4, NVIDIA A100-SXM4-40GB, 37471, 40960, 0, 99.51, 35
nid001132,2026/05/03 14:25:20.412, 0, GPU-1ee6ac61-44ab-b161-9de0-16bbb44716e7, NVIDIA A100-SXM4-40GB, 36817, 40960, 74, 106.65, 39
nid001132,2026/05/03 14:25:20.421, 1, GPU-afa7121e-c5d0-2eb5-4e9a-8b001ff7a220, NVIDIA A100-SXM4-40GB, 36749, 40960, 100, 103.60, 35
nid001132,2026/05/03 14:25:20.426, 2, GPU-4dea0284-873a-fa20-cc19-10ca82324573, NVIDIA A100-SXM4-40GB, 36749, 40960, 75, 105.24, 36
nid001132,2026/05/03 14:25:20.430, 3, GPU-cba17786-ea73-0caf-0d43-c838fbb66bcd, NVIDIA A100-SXM4-40GB, 36749, 40960, 80, 105.49, 33
nid001133,2026/05/03 14:25:21.249, 0, GPU-43cac420-244c-9975-fbd1-604f88cdd44c, NVIDIA A100-SXM4-40GB, 37481, 40960, 0, 105.12, 36
nid001133,2026/05/03 14:25:21.252, 1, GPU-73838956-9ad1-3484-0ba2-7d8b02c7a72a, NVIDIA A100-SXM4-40GB, 37471, 40960, 55, 103.21, 34
nid001133,2026/05/03 14:25:21.254, 2, GPU-aee03275-201a-58e4-7b5a-f08a6e4c1e50, NVIDIA A100-SXM4-40GB, 37471, 40960, 93, 102.56, 37
nid001133,2026/05/03 14:25:21.255, 3, GPU-e0003d1b-186b-2e66-9474-0b7af5c50af4, NVIDIA A100-SXM4-40GB, 37471, 40960, 65, 120.74, 35
nid001132,2026/05/03 14:25:24.176, 0, GPU-1ee6ac61-44ab-b161-9de0-16bbb44716e7, NVIDIA A100-SXM4-40GB, 36817, 40960, 2, 105.89, 38
nid001132,2026/05/03 14:25:24.179, 1, GPU-afa7121e-c5d0-2eb5-4e9a-8b001ff7a220, NVIDIA A100-SXM4-40GB, 36749, 40960, 69, 101.43, 35
nid001132,2026/05/03 14:25:24.180, 2, GPU-4dea0284-873a-fa20-cc19-10ca82324573, NVIDIA A100-SXM4-40GB, 36749, 40960, 16, 103.84, 36
nid001132,2026/05/03 14:25:24.182, 3, GPU-cba17786-ea73-0caf-0d43-c838fbb66bcd, NVIDIA A100-SXM4-40GB, 36749, 40960, 53, 105.37, 33
nid001133,2026/05/03 14:25:25.038, 0, GPU-43cac420-244c-9975-fbd1-604f88cdd44c, NVIDIA A100-SXM4-40GB, 37481, 40960, 48, 103.96, 35
nid001133,2026/05/03 14:25:25.040, 1, GPU-73838956-9ad1-3484-0ba2-7d8b02c7a72a, NVIDIA A100-SXM4-40GB, 37471, 40960, 58, 102.56, 34
nid001133,2026/05/03 14:25:25.042, 2, GPU-aee03275-201a-58e4-7b5a-f08a6e4c1e50, NVIDIA A100-SXM4-40GB, 37471, 40960, 31, 102.43, 37
nid001133,2026/05/03 14:25:25.044, 3, GPU-e0003d1b-186b-2e66-9474-0b7af5c50af4, NVIDIA A100-SXM4-40GB, 37471, 40960, 22, 99.51, 35
nid001132,2026/05/03 14:25:27.921, 0, GPU-1ee6ac61-44ab-b161-9de0-16bbb44716e7, NVIDIA A100-SXM4-40GB, 36817, 40960, 62, 121.35, 39
nid001132,2026/05/03 14:25:27.924, 1, GPU-afa7121e-c5d0-2eb5-4e9a-8b001ff7a220, NVIDIA A100-SXM4-40GB, 36749, 40960, 1, 107.57, 35
nid001132,2026/05/03 14:25:27.925, 2, GPU-4dea0284-873a-fa20-cc19-10ca82324573, NVIDIA A100-SXM4-40GB, 36749, 40960, 58, 123.49, 37
nid001132,2026/05/03 14:25:27.929, 3, GPU-cba17786-ea73-0caf-0d43-c838fbb66bcd, NVIDIA A100-SXM4-40GB, 36749, 40960, 17, 113.03, 34
nid001133,2026/05/03 14:25:28.796, 0, GPU-43cac420-244c-9975-fbd1-604f88cdd44c, NVIDIA A100-SXM4-40GB, 37481, 40960, 18, 120.69, 36
nid001133,2026/05/03 14:25:28.798, 1, GPU-73838956-9ad1-3484-0ba2-7d8b02c7a72a, NVIDIA A100-SXM4-40GB, 37471, 40960, 0, 122.26, 34
nid001133,2026/05/03 14:25:28.800, 2, GPU-aee03275-201a-58e4-7b5a-f08a6e4c1e50, NVIDIA A100-SXM4-40GB, 37471, 40960, 28, 129.53, 37
nid001133,2026/05/03 14:25:28.801, 3, GPU-e0003d1b-186b-2e66-9474-0b7af5c50af4, NVIDIA A100-SXM4-40GB, 37471, 40960, 8, 115.60, 36
nid001132,2026/05/03 14:25:31.762, 0, GPU-1ee6ac61-44ab-b161-9de0-16bbb44716e7, NVIDIA A100-SXM4-40GB, 36817, 40960, 4, 106.42, 38
nid001132,2026/05/03 14:25:31.772, 1, GPU-afa7121e-c5d0-2eb5-4e9a-8b001ff7a220, NVIDIA A100-SXM4-40GB, 36749, 40960, 43, 104.24, 35
nid001132,2026/05/03 14:25:31.776, 2, GPU-4dea0284-873a-fa20-cc19-10ca82324573, NVIDIA A100-SXM4-40GB, 36749, 40960, 99, 105.87, 36
nid001132,2026/05/03 14:25:31.782, 3, GPU-cba17786-ea73-0caf-0d43-c838fbb66bcd, NVIDIA A100-SXM4-40GB, 36749, 40960, 42, 114.07, 34
nid001133,2026/05/03 14:25:32.666, 0, GPU-43cac420-244c-9975-fbd1-604f88cdd44c, NVIDIA A100-SXM4-40GB, 37481, 40960, 0, 103.96, 35
nid001133,2026/05/03 14:25:32.669, 1, GPU-73838956-9ad1-3484-0ba2-7d8b02c7a72a, NVIDIA A100-SXM4-40GB, 37471, 40960, 0, 102.79, 34
nid001133,2026/05/03 14:25:32.670, 2, GPU-aee03275-201a-58e4-7b5a-f08a6e4c1e50, NVIDIA A100-SXM4-40GB, 37471, 40960, 0, 102.43, 37
nid001133,2026/05/03 14:25:32.675, 3, GPU-e0003d1b-186b-2e66-9474-0b7af5c50af4, NVIDIA A100-SXM4-40GB, 37471, 40960, 0, 99.63, 35
nid001132,2026/05/03 14:25:35.638, 0, GPU-1ee6ac61-44ab-b161-9de0-16bbb44716e7, NVIDIA A100-SXM4-40GB, 36817, 40960, 20, 118.41, 39
nid001132,2026/05/03 14:25:35.641, 1, GPU-afa7121e-c5d0-2eb5-4e9a-8b001ff7a220, NVIDIA A100-SXM4-40GB, 36749, 40960, 51, 115.46, 35
nid001132,2026/05/03 14:25:35.643, 2, GPU-4dea0284-873a-fa20-cc19-10ca82324573, NVIDIA A100-SXM4-40GB, 36749, 40960, 31, 112.89, 36
nid001132,2026/05/03 14:25:35.645, 3, GPU-cba17786-ea73-0caf-0d43-c838fbb66bcd, NVIDIA A100-SXM4-40GB, 36749, 40960, 0, 108.82, 33
nid001133,2026/05/03 14:25:36.651, 0, GPU-43cac420-244c-9975-fbd1-604f88cdd44c, NVIDIA A100-SXM4-40GB, 37481, 40960, 0, 129.53, 36
nid001133,2026/05/03 14:25:36.653, 1, GPU-73838956-9ad1-3484-0ba2-7d8b02c7a72a, NVIDIA A100-SXM4-40GB, 37471, 40960, 0, 104.96, 34
nid001133,2026/05/03 14:25:36.656, 2, GPU-aee03275-201a-58e4-7b5a-f08a6e4c1e50, NVIDIA A100-SXM4-40GB, 37471, 40960, 0, 122.35, 37
nid001133,2026/05/03 14:25:36.657, 3, GPU-e0003d1b-186b-2e66-9474-0b7af5c50af4, NVIDIA A100-SXM4-40GB, 37471, 40960, 39, 99.63, 35
nid001132,2026/05/03 14:25:39.547, 0, GPU-1ee6ac61-44ab-b161-9de0-16bbb44716e7, NVIDIA A100-SXM4-40GB, 36817, 40960, 0, 123.92, 38
nid001132,2026/05/03 14:25:39.550, 1, GPU-afa7121e-c5d0-2eb5-4e9a-8b001ff7a220, NVIDIA A100-SXM4-40GB, 36749, 40960, 0, 106.53, 35
nid001132,2026/05/03 14:25:39.552, 2, GPU-4dea0284-873a-fa20-cc19-10ca82324573, NVIDIA A100-SXM4-40GB, 36749, 40960, 0, 113.04, 36
nid001132,2026/05/03 14:25:39.553, 3, GPU-cba17786-ea73-0caf-0d43-c838fbb66bcd, NVIDIA A100-SXM4-40GB, 36749, 40960, 0, 107.41, 34
nid001133,2026/05/03 14:25:40.444, 0, GPU-43cac420-244c-9975-fbd1-604f88cdd44c, NVIDIA A100-SXM4-40GB, 37481, 40960, 0, 103.96, 35
nid001133,2026/05/03 14:25:40.447, 1, GPU-73838956-9ad1-3484-0ba2-7d8b02c7a72a, NVIDIA A100-SXM4-40GB, 37471, 40960, 0, 103.08, 34
nid001133,2026/05/03 14:25:40.448, 2, GPU-aee03275-201a-58e4-7b5a-f08a6e4c1e50, NVIDIA A100-SXM4-40GB, 37471, 40960, 0, 102.56, 37
nid001133,2026/05/03 14:25:40.450, 3, GPU-e0003d1b-186b-2e66-9474-0b7af5c50af4, NVIDIA A100-SXM4-40GB, 37471, 40960, 0, 99.51, 35
nid001132,2026/05/03 14:25:43.374, 0, GPU-1ee6ac61-44ab-b161-9de0-16bbb44716e7, NVIDIA A100-SXM4-40GB, 36817, 40960, 0, 105.76, 38
nid001132,2026/05/03 14:25:43.377, 1, GPU-afa7121e-c5d0-2eb5-4e9a-8b001ff7a220, NVIDIA A100-SXM4-40GB, 36749, 40960, 0, 101.43, 35
nid001132,2026/05/03 14:25:43.379, 2, GPU-4dea0284-873a-fa20-cc19-10ca82324573, NVIDIA A100-SXM4-40GB, 36749, 40960, 0, 103.84, 36
nid001132,2026/05/03 14:25:43.381, 3, GPU-cba17786-ea73-0caf-0d43-c838fbb66bcd, NVIDIA A100-SXM4-40GB, 36749, 40960, 0, 105.37, 33
nid001133,2026/05/03 14:25:44.230, 0, GPU-43cac420-244c-9975-fbd1-604f88cdd44c, NVIDIA A100-SXM4-40GB, 37481, 40960, 0, 104.24, 35
nid001133,2026/05/03 14:25:44.233, 1, GPU-73838956-9ad1-3484-0ba2-7d8b02c7a72a, NVIDIA A100-SXM4-40GB, 37471, 40960, 0, 103.08, 34
nid001133,2026/05/03 14:25:44.234, 2, GPU-aee03275-201a-58e4-7b5a-f08a6e4c1e50, NVIDIA A100-SXM4-40GB, 37471, 40960, 12, 102.43, 37
nid001133,2026/05/03 14:25:44.236, 3, GPU-e0003d1b-186b-2e66-9474-0b7af5c50af4, NVIDIA A100-SXM4-40GB, 37471, 40960, 0, 99.51, 35
nid001132,2026/05/03 14:25:47.091, 0, GPU-1ee6ac61-44ab-b161-9de0-16bbb44716e7, NVIDIA A100-SXM4-40GB, 36817, 40960, 3, 121.88, 39
nid001132,2026/05/03 14:25:47.094, 1, GPU-afa7121e-c5d0-2eb5-4e9a-8b001ff7a220, NVIDIA A100-SXM4-40GB, 36749, 40960, 1, 100.27, 35
nid001132,2026/05/03 14:25:47.095, 2, GPU-4dea0284-873a-fa20-cc19-10ca82324573, NVIDIA A100-SXM4-40GB, 36749, 40960, 47, 103.96, 36
nid001132,2026/05/03 14:25:47.097, 3, GPU-cba17786-ea73-0caf-0d43-c838fbb66bcd, NVIDIA A100-SXM4-40GB, 36749, 40960, 0, 110.74, 33
nid001133,2026/05/03 14:25:47.968, 0, GPU-43cac420-244c-9975-fbd1-604f88cdd44c, NVIDIA A100-SXM4-40GB, 37481, 40960, 8, 104.24, 35
nid001133,2026/05/03 14:25:47.970, 1, GPU-73838956-9ad1-3484-0ba2-7d8b02c7a72a, NVIDIA A100-SXM4-40GB, 37471, 40960, 0, 102.44, 34
nid001133,2026/05/03 14:25:47.972, 2, GPU-aee03275-201a-58e4-7b5a-f08a6e4c1e50, NVIDIA A100-SXM4-40GB, 37471, 40960, 0, 102.56, 37
nid001133,2026/05/03 14:25:47.973, 3, GPU-e0003d1b-186b-2e66-9474-0b7af5c50af4, NVIDIA A100-SXM4-40GB, 37471, 40960, 0, 99.51, 35
nid001132,2026/05/03 14:25:50.850, 0, GPU-1ee6ac61-44ab-b161-9de0-16bbb44716e7, NVIDIA A100-SXM4-40GB, 36817, 40960, 74, 105.89, 38
nid001132,2026/05/03 14:25:50.852, 1, GPU-afa7121e-c5d0-2eb5-4e9a-8b001ff7a220, NVIDIA A100-SXM4-40GB, 36749, 40960, 9, 101.15, 35
nid001132,2026/05/03 14:25:50.854, 2, GPU-4dea0284-873a-fa20-cc19-10ca82324573, NVIDIA A100-SXM4-40GB, 36749, 40960, 63, 103.60, 36
nid001132,2026/05/03 14:25:50.855, 3, GPU-cba17786-ea73-0caf-0d43-c838fbb66bcd, NVIDIA A100-SXM4-40GB, 36749, 40960, 5, 105.49, 33
nid001133,2026/05/03 14:25:51.732, 0, GPU-43cac420-244c-9975-fbd1-604f88cdd44c, NVIDIA A100-SXM4-40GB, 37481, 40960, 49, 103.96, 35
nid001133,2026/05/03 14:25:51.735, 1, GPU-73838956-9ad1-3484-0ba2-7d8b02c7a72a, NVIDIA A100-SXM4-40GB, 37471, 40960, 0, 103.08, 34
nid001133,2026/05/03 14:25:51.736, 2, GPU-aee03275-201a-58e4-7b5a-f08a6e4c1e50, NVIDIA A100-SXM4-40GB, 37471, 40960, 86, 102.43, 37
nid001133,2026/05/03 14:25:51.738, 3, GPU-e0003d1b-186b-2e66-9474-0b7af5c50af4, NVIDIA A100-SXM4-40GB, 37471, 40960, 41, 99.51, 35
nid001132,2026/05/03 14:25:54.688, 0, GPU-1ee6ac61-44ab-b161-9de0-16bbb44716e7, NVIDIA A100-SXM4-40GB, 36817, 40960, 91, 107.17, 39
nid001132,2026/05/03 14:25:54.695, 1, GPU-afa7121e-c5d0-2eb5-4e9a-8b001ff7a220, NVIDIA A100-SXM4-40GB, 36749, 40960, 22, 102.67, 35
nid001132,2026/05/03 14:25:54.702, 2, GPU-4dea0284-873a-fa20-cc19-10ca82324573, NVIDIA A100-SXM4-40GB, 36749, 40960, 0, 105.12, 36
nid001132,2026/05/03 14:25:54.707, 3, GPU-cba17786-ea73-0caf-0d43-c838fbb66bcd, NVIDIA A100-SXM4-40GB, 36749, 40960, 37, 122.35, 34
nid001133,2026/05/03 14:25:55.596, 0, GPU-43cac420-244c-9975-fbd1-604f88cdd44c, NVIDIA A100-SXM4-40GB, 37481, 40960, 0, 103.96, 35
nid001133,2026/05/03 14:25:55.598, 1, GPU-73838956-9ad1-3484-0ba2-7d8b02c7a72a, NVIDIA A100-SXM4-40GB, 37471, 40960, 0, 103.32, 34
nid001133,2026/05/03 14:25:55.600, 2, GPU-aee03275-201a-58e4-7b5a-f08a6e4c1e50, NVIDIA A100-SXM4-40GB, 37471, 40960, 0, 102.56, 37
nid001133,2026/05/03 14:25:55.602, 3, GPU-e0003d1b-186b-2e66-9474-0b7af5c50af4, NVIDIA A100-SXM4-40GB, 37471, 40960, 0, 99.40, 35
nid001132,2026/05/03 14:25:58.533, 0, GPU-1ee6ac61-44ab-b161-9de0-16bbb44716e7, NVIDIA A100-SXM4-40GB, 36817, 40960, 69, 125.44, 39
nid001132,2026/05/03 14:25:58.535, 1, GPU-afa7121e-c5d0-2eb5-4e9a-8b001ff7a220, NVIDIA A100-SXM4-40GB, 36749, 40960, 53, 113.81, 35
nid001132,2026/05/03 14:25:58.537, 2, GPU-4dea0284-873a-fa20-cc19-10ca82324573, NVIDIA A100-SXM4-40GB, 36749, 40960, 70, 117.65, 36
nid001132,2026/05/03 14:25:58.538, 3, GPU-cba17786-ea73-0caf-0d43-c838fbb66bcd, NVIDIA A100-SXM4-40GB, 36749, 40960, 42, 108.69, 33
nid001133,2026/05/03 14:25:59.375, 0, GPU-43cac420-244c-9975-fbd1-604f88cdd44c, NVIDIA A100-SXM4-40GB, 37481, 40960, 73, 104.48, 35
nid001133,2026/05/03 14:25:59.379, 1, GPU-73838956-9ad1-3484-0ba2-7d8b02c7a72a, NVIDIA A100-SXM4-40GB, 37471, 40960, 0, 102.79, 34
nid001133,2026/05/03 14:25:59.380, 2, GPU-aee03275-201a-58e4-7b5a-f08a6e4c1e50, NVIDIA A100-SXM4-40GB, 37471, 40960, 21, 102.20, 37
nid001133,2026/05/03 14:25:59.382, 3, GPU-e0003d1b-186b-2e66-9474-0b7af5c50af4, NVIDIA A100-SXM4-40GB, 37471, 40960, 0, 104.37, 36
nid001132,2026/05/03 14:26:02.268, 0, GPU-1ee6ac61-44ab-b161-9de0-16bbb44716e7, NVIDIA A100-SXM4-40GB, 36817, 40960, 85, 106.12, 38
nid001132,2026/05/03 14:26:02.271, 1, GPU-afa7121e-c5d0-2eb5-4e9a-8b001ff7a220, NVIDIA A100-SXM4-40GB, 36749, 40960, 80, 100.27, 35
nid001132,2026/05/03 14:26:02.273, 2, GPU-4dea0284-873a-fa20-cc19-10ca82324573, NVIDIA A100-SXM4-40GB, 36749, 40960, 15, 103.96, 36
nid001132,2026/05/03 14:26:02.274, 3, GPU-cba17786-ea73-0caf-0d43-c838fbb66bcd, NVIDIA A100-SXM4-40GB, 36749, 40960, 77, 105.49, 33
nid001133,2026/05/03 14:26:03.179, 0, GPU-43cac420-244c-9975-fbd1-604f88cdd44c, NVIDIA A100-SXM4-40GB, 37481, 40960, 1, 104.08, 35
nid001133,2026/05/03 14:26:03.186, 1, GPU-73838956-9ad1-3484-0ba2-7d8b02c7a72a, NVIDIA A100-SXM4-40GB, 37471, 40960, 23, 102.44, 34
nid001133,2026/05/03 14:26:03.192, 2, GPU-aee03275-201a-58e4-7b5a-f08a6e4c1e50, NVIDIA A100-SXM4-40GB, 37471, 40960, 52, 102.56, 37
nid001133,2026/05/03 14:26:03.197, 3, GPU-e0003d1b-186b-2e66-9474-0b7af5c50af4, NVIDIA A100-SXM4-40GB, 37471, 40960, 0, 99.51, 35
nid001132,2026/05/03 14:26:06.075, 0, GPU-1ee6ac61-44ab-b161-9de0-16bbb44716e7, NVIDIA A100-SXM4-40GB, 36817, 40960, 100, 105.89, 38
nid001132,2026/05/03 14:26:06.082, 1, GPU-afa7121e-c5d0-2eb5-4e9a-8b001ff7a220, NVIDIA A100-SXM4-40GB, 36749, 40960, 15, 100.39, 35
nid001132,2026/05/03 14:26:06.084, 2, GPU-4dea0284-873a-fa20-cc19-10ca82324573, NVIDIA A100-SXM4-40GB, 36749, 40960, 81, 103.84, 36
nid001132,2026/05/03 14:26:06.085, 3, GPU-cba17786-ea73-0caf-0d43-c838fbb66bcd, NVIDIA A100-SXM4-40GB, 36749, 40960, 61, 105.37, 33
nid001133,2026/05/03 14:26:06.912, 0, GPU-43cac420-244c-9975-fbd1-604f88cdd44c, NVIDIA A100-SXM4-40GB, 37481, 40960, 44, 104.48, 35
nid001133,2026/05/03 14:26:06.915, 1, GPU-73838956-9ad1-3484-0ba2-7d8b02c7a72a, NVIDIA A100-SXM4-40GB, 37471, 40960, 85, 103.60, 34
nid001133,2026/05/03 14:26:06.917, 2, GPU-aee03275-201a-58e4-7b5a-f08a6e4c1e50, NVIDIA A100-SXM4-40GB, 37471, 40960, 2, 102.67, 37
nid001133,2026/05/03 14:26:06.919, 3, GPU-e0003d1b-186b-2e66-9474-0b7af5c50af4, NVIDIA A100-SXM4-40GB, 37471, 40960, 25, 99.51, 35
nid001132,2026/05/03 14:26:09.859, 0, GPU-1ee6ac61-44ab-b161-9de0-16bbb44716e7, NVIDIA A100-SXM4-40GB, 36817, 40960, 86, 105.76, 38
nid001132,2026/05/03 14:26:09.861, 1, GPU-afa7121e-c5d0-2eb5-4e9a-8b001ff7a220, NVIDIA A100-SXM4-40GB, 36749, 40960, 46, 101.43, 35
nid001132,2026/05/03 14:26:09.863, 2, GPU-4dea0284-873a-fa20-cc19-10ca82324573, NVIDIA A100-SXM4-40GB, 36749, 40960, 70, 103.84, 36
nid001132,2026/05/03 14:26:09.864, 3, GPU-cba17786-ea73-0caf-0d43-c838fbb66bcd, NVIDIA A100-SXM4-40GB, 36749, 40960, 22, 105.37, 33
nid001133,2026/05/03 14:26:10.737, 0, GPU-43cac420-244c-9975-fbd1-604f88cdd44c, NVIDIA A100-SXM4-40GB, 37481, 40960, 0, 103.96, 35
nid001133,2026/05/03 14:26:10.740, 1, GPU-73838956-9ad1-3484-0ba2-7d8b02c7a72a, NVIDIA A100-SXM4-40GB, 37471, 40960, 0, 102.79, 34
nid001133,2026/05/03 14:26:10.742, 2, GPU-aee03275-201a-58e4-7b5a-f08a6e4c1e50, NVIDIA A100-SXM4-40GB, 37471, 40960, 4, 102.67, 37
nid001133,2026/05/03 14:26:10.744, 3, GPU-e0003d1b-186b-2e66-9474-0b7af5c50af4, NVIDIA A100-SXM4-40GB, 37471, 40960, 1, 99.51, 35
nid001132,2026/05/03 14:26:13.605, 0, GPU-1ee6ac61-44ab-b161-9de0-16bbb44716e7, NVIDIA A100-SXM4-40GB, 36817, 40960, 3, 110.85, 38
nid001132,2026/05/03 14:26:13.608, 1, GPU-afa7121e-c5d0-2eb5-4e9a-8b001ff7a220, NVIDIA A100-SXM4-40GB, 36749, 40960, 22, 100.63, 35
nid001132,2026/05/03 14:26:13.610, 2, GPU-4dea0284-873a-fa20-cc19-10ca82324573, NVIDIA A100-SXM4-40GB, 36749, 40960, 1, 104.12, 36
nid001132,2026/05/03 14:26:13.611, 3, GPU-cba17786-ea73-0caf-0d43-c838fbb66bcd, NVIDIA A100-SXM4-40GB, 36749, 40960, 28, 119.17, 33
nid001133,2026/05/03 14:26:14.504, 0, GPU-43cac420-244c-9975-fbd1-604f88cdd44c, NVIDIA A100-SXM4-40GB, 37481, 40960, 4, 104.08, 35
nid001133,2026/05/03 14:26:14.511, 1, GPU-73838956-9ad1-3484-0ba2-7d8b02c7a72a, NVIDIA A100-SXM4-40GB, 37471, 40960, 0, 102.44, 34
nid001133,2026/05/03 14:26:14.513, 2, GPU-aee03275-201a-58e4-7b5a-f08a6e4c1e50, NVIDIA A100-SXM4-40GB, 37471, 40960, 0, 102.56, 37
nid001133,2026/05/03 14:26:14.514, 3, GPU-e0003d1b-186b-2e66-9474-0b7af5c50af4, NVIDIA A100-SXM4-40GB, 37471, 40960, 0, 99.51, 35
nid001132,2026/05/03 14:26:17.380, 0, GPU-1ee6ac61-44ab-b161-9de0-16bbb44716e7, NVIDIA A100-SXM4-40GB, 36817, 40960, 99, 116.74, 39
nid001132,2026/05/03 14:26:17.384, 1, GPU-afa7121e-c5d0-2eb5-4e9a-8b001ff7a220, NVIDIA A100-SXM4-40GB, 36749, 40960, 5, 104.72, 35
nid001132,2026/05/03 14:26:17.385, 2, GPU-4dea0284-873a-fa20-cc19-10ca82324573, NVIDIA A100-SXM4-40GB, 36749, 40960, 100, 107.68, 36
nid001132,2026/05/03 14:26:17.387, 3, GPU-cba17786-ea73-0caf-0d43-c838fbb66bcd, NVIDIA A100-SXM4-40GB, 36749, 40960, 56, 108.46, 34
nid001133,2026/05/03 14:26:18.221, 0, GPU-43cac420-244c-9975-fbd1-604f88cdd44c, NVIDIA A100-SXM4-40GB, 37481, 40960, 0, 103.96, 36
nid001133,2026/05/03 14:26:18.228, 1, GPU-73838956-9ad1-3484-0ba2-7d8b02c7a72a, NVIDIA A100-SXM4-40GB, 37471, 40960, 0, 133.10, 34
nid001133,2026/05/03 14:26:18.240, 2, GPU-aee03275-201a-58e4-7b5a-f08a6e4c1e50, NVIDIA A100-SXM4-40GB, 37471, 40960, 19, 102.43, 37
nid001133,2026/05/03 14:26:18.244, 3, GPU-e0003d1b-186b-2e66-9474-0b7af5c50af4, NVIDIA A100-SXM4-40GB, 37471, 40960, 0, 99.75, 35
nid001132,2026/05/03 14:26:21.123, 0, GPU-1ee6ac61-44ab-b161-9de0-16bbb44716e7, NVIDIA A100-SXM4-40GB, 36817, 40960, 59, 107.41, 39
nid001132,2026/05/03 14:26:21.125, 1, GPU-afa7121e-c5d0-2eb5-4e9a-8b001ff7a220, NVIDIA A100-SXM4-40GB, 36749, 40960, 55, 103.20, 35
nid001132,2026/05/03 14:26:21.130, 2, GPU-4dea0284-873a-fa20-cc19-10ca82324573, NVIDIA A100-SXM4-40GB, 36749, 40960, 100, 106.64, 36
nid001132,2026/05/03 14:26:21.132, 3, GPU-cba17786-ea73-0caf-0d43-c838fbb66bcd, NVIDIA A100-SXM4-40GB, 36749, 40960, 100, 119.17, 34
nid001133,2026/05/03 14:26:21.989, 0, GPU-43cac420-244c-9975-fbd1-604f88cdd44c, NVIDIA A100-SXM4-40GB, 37481, 40960, 15, 119.55, 36
nid001133,2026/05/03 14:26:21.995, 1, GPU-73838956-9ad1-3484-0ba2-7d8b02c7a72a, NVIDIA A100-SXM4-40GB, 37471, 40960, 38, 103.60, 34
nid001133,2026/05/03 14:26:22.000, 2, GPU-aee03275-201a-58e4-7b5a-f08a6e4c1e50, NVIDIA A100-SXM4-40GB, 37471, 40960, 36, 112.42, 37
nid001133,2026/05/03 14:26:22.006, 3, GPU-e0003d1b-186b-2e66-9474-0b7af5c50af4, NVIDIA A100-SXM4-40GB, 37471, 40960, 66, 99.51, 35
nid001132,2026/05/03 14:26:24.875, 0, GPU-1ee6ac61-44ab-b161-9de0-16bbb44716e7, NVIDIA A100-SXM4-40GB, 36817, 40960, 3, 114.94, 39
nid001132,2026/05/03 14:26:24.878, 1, GPU-afa7121e-c5d0-2eb5-4e9a-8b001ff7a220, NVIDIA A100-SXM4-40GB, 36749, 40960, 76, 114.80, 35
nid001132,2026/05/03 14:26:24.880, 2, GPU-4dea0284-873a-fa20-cc19-10ca82324573, NVIDIA A100-SXM4-40GB, 36749, 40960, 28, 117.37, 37
nid001132,2026/05/03 14:26:24.881, 3, GPU-cba17786-ea73-0caf-0d43-c838fbb66bcd, NVIDIA A100-SXM4-40GB, 36749, 40960, 19, 118.69, 34
nid001133,2026/05/03 14:26:25.722, 0, GPU-43cac420-244c-9975-fbd1-604f88cdd44c, NVIDIA A100-SXM4-40GB, 37481, 40960, 88, 129.38, 36
nid001133,2026/05/03 14:26:25.727, 1, GPU-73838956-9ad1-3484-0ba2-7d8b02c7a72a, NVIDIA A100-SXM4-40GB, 37471, 40960, 0, 102.04, 34
nid001133,2026/05/03 14:26:25.733, 2, GPU-aee03275-201a-58e4-7b5a-f08a6e4c1e50, NVIDIA A100-SXM4-40GB, 37471, 40960, 0, 131.14, 37
nid001133,2026/05/03 14:26:25.738, 3, GPU-e0003d1b-186b-2e66-9474-0b7af5c50af4, NVIDIA A100-SXM4-40GB, 37471, 40960, 9, 122.64, 36
nid001132,2026/05/03 14:26:28.678, 0, GPU-1ee6ac61-44ab-b161-9de0-16bbb44716e7, NVIDIA A100-SXM4-40GB, 36817, 40960, 0, 110.74, 38
nid001132,2026/05/03 14:26:28.681, 1, GPU-afa7121e-c5d0-2eb5-4e9a-8b001ff7a220, NVIDIA A100-SXM4-40GB, 36749, 40960, 37, 106.65, 35
nid001132,2026/05/03 14:26:28.682, 2, GPU-4dea0284-873a-fa20-cc19-10ca82324573, NVIDIA A100-SXM4-40GB, 36749, 40960, 0, 111.89, 36
nid001132,2026/05/03 14:26:28.684, 3, GPU-cba17786-ea73-0caf-0d43-c838fbb66bcd, NVIDIA A100-SXM4-40GB, 36749, 40960, 10, 114.73, 33
nid001133,2026/05/03 14:26:29.511, 0, GPU-43cac420-244c-9975-fbd1-604f88cdd44c, NVIDIA A100-SXM4-40GB, 37481, 40960, 51, 104.08, 35
nid001133,2026/05/03 14:26:29.516, 1, GPU-73838956-9ad1-3484-0ba2-7d8b02c7a72a, NVIDIA A100-SXM4-40GB, 37471, 40960, 0, 102.16, 34
nid001133,2026/05/03 14:26:29.518, 2, GPU-aee03275-201a-58e4-7b5a-f08a6e4c1e50, NVIDIA A100-SXM4-40GB, 37471, 40960, 0, 102.56, 37
nid001133,2026/05/03 14:26:29.519, 3, GPU-e0003d1b-186b-2e66-9474-0b7af5c50af4, NVIDIA A100-SXM4-40GB, 37471, 40960, 0, 99.51, 35
nid001132,2026/05/03 14:26:32.383, 0, GPU-1ee6ac61-44ab-b161-9de0-16bbb44716e7, NVIDIA A100-SXM4-40GB, 36817, 40960, 20, 105.89, 38
nid001132,2026/05/03 14:26:32.387, 1, GPU-afa7121e-c5d0-2eb5-4e9a-8b001ff7a220, NVIDIA A100-SXM4-40GB, 36749, 40960, 66, 101.43, 35
nid001132,2026/05/03 14:26:32.388, 2, GPU-4dea0284-873a-fa20-cc19-10ca82324573, NVIDIA A100-SXM4-40GB, 36749, 40960, 36, 103.84, 36
nid001132,2026/05/03 14:26:32.390, 3, GPU-cba17786-ea73-0caf-0d43-c838fbb66bcd, NVIDIA A100-SXM4-40GB, 36749, 40960, 62, 105.12, 33
nid001133,2026/05/03 14:26:33.291, 0, GPU-43cac420-244c-9975-fbd1-604f88cdd44c, NVIDIA A100-SXM4-40GB, 37481, 40960, 14, 103.96, 35
nid001133,2026/05/03 14:26:33.294, 1, GPU-73838956-9ad1-3484-0ba2-7d8b02c7a72a, NVIDIA A100-SXM4-40GB, 37471, 40960, 25, 102.32, 34
nid001133,2026/05/03 14:26:33.295, 2, GPU-aee03275-201a-58e4-7b5a-f08a6e4c1e50, NVIDIA A100-SXM4-40GB, 37471, 40960, 52, 102.43, 37
nid001133,2026/05/03 14:26:33.297, 3, GPU-e0003d1b-186b-2e66-9474-0b7af5c50af4, NVIDIA A100-SXM4-40GB, 37471, 40960, 0, 99.51, 35
nid001132,2026/05/03 14:26:36.146, 0, GPU-1ee6ac61-44ab-b161-9de0-16bbb44716e7, NVIDIA A100-SXM4-40GB, 36817, 40960, 39, 121.07, 39
nid001132,2026/05/03 14:26:36.148, 1, GPU-afa7121e-c5d0-2eb5-4e9a-8b001ff7a220, NVIDIA A100-SXM4-40GB, 36749, 40960, 91, 111.37, 35
nid001132,2026/05/03 14:26:36.150, 2, GPU-4dea0284-873a-fa20-cc19-10ca82324573, NVIDIA A100-SXM4-40GB, 36749, 40960, 100, 113.04, 36
nid001132,2026/05/03 14:26:36.151, 3, GPU-cba17786-ea73-0caf-0d43-c838fbb66bcd, NVIDIA A100-SXM4-40GB, 36749, 40960, 72, 107.02, 33
nid001133,2026/05/03 14:26:37.003, 0, GPU-43cac420-244c-9975-fbd1-604f88cdd44c, NVIDIA A100-SXM4-40GB, 37481, 40960, 76, 103.96, 35
nid001133,2026/05/03 14:26:37.005, 1, GPU-73838956-9ad1-3484-0ba2-7d8b02c7a72a, NVIDIA A100-SXM4-40GB, 37471, 40960, 0, 102.79, 34
nid001133,2026/05/03 14:26:37.007, 2, GPU-aee03275-201a-58e4-7b5a-f08a6e4c1e50, NVIDIA A100-SXM4-40GB, 37471, 40960, 2, 102.79, 37
nid001133,2026/05/03 14:26:37.008, 3, GPU-e0003d1b-186b-2e66-9474-0b7af5c50af4, NVIDIA A100-SXM4-40GB, 37471, 40960, 0, 99.51, 35
nid001132,2026/05/03 14:26:39.862, 0, GPU-1ee6ac61-44ab-b161-9de0-16bbb44716e7, NVIDIA A100-SXM4-40GB, 36817, 40960, 40, 111.37, 38
nid001132,2026/05/03 14:26:39.865, 1, GPU-afa7121e-c5d0-2eb5-4e9a-8b001ff7a220, NVIDIA A100-SXM4-40GB, 36749, 40960, 74, 101.15, 35
nid001132,2026/05/03 14:26:39.866, 2, GPU-4dea0284-873a-fa20-cc19-10ca82324573, NVIDIA A100-SXM4-40GB, 36749, 40960, 100, 103.84, 36
nid001132,2026/05/03 14:26:39.868, 3, GPU-cba17786-ea73-0caf-0d43-c838fbb66bcd, NVIDIA A100-SXM4-40GB, 36749, 40960, 54, 105.65, 33
nid001133,2026/05/03 14:26:40.699, 0, GPU-43cac420-244c-9975-fbd1-604f88cdd44c, NVIDIA A100-SXM4-40GB, 37481, 40960, 55, 103.96, 35
nid001133,2026/05/03 14:26:40.702, 1, GPU-73838956-9ad1-3484-0ba2-7d8b02c7a72a, NVIDIA A100-SXM4-40GB, 37471, 40960, 46, 102.04, 34
nid001133,2026/05/03 14:26:40.704, 2, GPU-aee03275-201a-58e4-7b5a-f08a6e4c1e50, NVIDIA A100-SXM4-40GB, 37471, 40960, 21, 102.43, 37
nid001133,2026/05/03 14:26:40.705, 3, GPU-e0003d1b-186b-2e66-9474-0b7af5c50af4, NVIDIA A100-SXM4-40GB, 37471, 40960, 17, 99.51, 35
nid001132,2026/05/03 14:26:43.575, 0, GPU-1ee6ac61-44ab-b161-9de0-16bbb44716e7, NVIDIA A100-SXM4-40GB, 36817, 40960, 19, 105.89, 38
nid001132,2026/05/03 14:26:43.582, 1, GPU-afa7121e-c5d0-2eb5-4e9a-8b001ff7a220, NVIDIA A100-SXM4-40GB, 36749, 40960, 49, 100.51, 35
nid001132,2026/05/03 14:26:43.587, 2, GPU-4dea0284-873a-fa20-cc19-10ca82324573, NVIDIA A100-SXM4-40GB, 36749, 40960, 27, 103.96, 36
nid001132,2026/05/03 14:26:43.592, 3, GPU-cba17786-ea73-0caf-0d43-c838fbb66bcd, NVIDIA A100-SXM4-40GB, 36749, 40960, 42, 105.25, 33
nid001133,2026/05/03 14:26:44.481, 0, GPU-43cac420-244c-9975-fbd1-604f88cdd44c, NVIDIA A100-SXM4-40GB, 37481, 40960, 66, 103.96, 35
nid001133,2026/05/03 14:26:44.483, 1, GPU-73838956-9ad1-3484-0ba2-7d8b02c7a72a, NVIDIA A100-SXM4-40GB, 37471, 40960, 54, 102.79, 34
nid001133,2026/05/03 14:26:44.485, 2, GPU-aee03275-201a-58e4-7b5a-f08a6e4c1e50, NVIDIA A100-SXM4-40GB, 37471, 40960, 6, 102.43, 37
nid001133,2026/05/03 14:26:44.486, 3, GPU-e0003d1b-186b-2e66-9474-0b7af5c50af4, NVIDIA A100-SXM4-40GB, 37471, 40960, 81, 99.51, 35
nid001132,2026/05/03 14:26:47.370, 0, GPU-1ee6ac61-44ab-b161-9de0-16bbb44716e7, NVIDIA A100-SXM4-40GB, 36817, 40960, 16, 106.00, 38
nid001132,2026/05/03 14:26:47.373, 1, GPU-afa7121e-c5d0-2eb5-4e9a-8b001ff7a220, NVIDIA A100-SXM4-40GB, 36749, 40960, 0, 101.15, 35
nid001132,2026/05/03 14:26:47.375, 2, GPU-4dea0284-873a-fa20-cc19-10ca82324573, NVIDIA A100-SXM4-40GB, 36749, 40960, 10, 103.84, 36
nid001132,2026/05/03 14:26:47.376, 3, GPU-cba17786-ea73-0caf-0d43-c838fbb66bcd, NVIDIA A100-SXM4-40GB, 36749, 40960, 0, 111.51, 33
nid001133,2026/05/03 14:26:48.212, 0, GPU-43cac420-244c-9975-fbd1-604f88cdd44c, NVIDIA A100-SXM4-40GB, 37481, 40960, 0, 103.96, 35
nid001133,2026/05/03 14:26:48.219, 1, GPU-73838956-9ad1-3484-0ba2-7d8b02c7a72a, NVIDIA A100-SXM4-40GB, 37471, 40960, 4, 103.08, 34
nid001133,2026/05/03 14:26:48.221, 2, GPU-aee03275-201a-58e4-7b5a-f08a6e4c1e50, NVIDIA A100-SXM4-40GB, 37471, 40960, 0, 102.56, 37
nid001133,2026/05/03 14:26:48.222, 3, GPU-e0003d1b-186b-2e66-9474-0b7af5c50af4, NVIDIA A100-SXM4-40GB, 37471, 40960, 12, 99.51, 35
nid001132,2026/05/03 14:26:51.079, 0, GPU-1ee6ac61-44ab-b161-9de0-16bbb44716e7, NVIDIA A100-SXM4-40GB, 36817, 40960, 58, 110.38, 39
nid001132,2026/05/03 14:26:51.081, 1, GPU-afa7121e-c5d0-2eb5-4e9a-8b001ff7a220, NVIDIA A100-SXM4-40GB, 36749, 40960, 58, 105.24, 35
nid001132,2026/05/03 14:26:51.083, 2, GPU-4dea0284-873a-fa20-cc19-10ca82324573, NVIDIA A100-SXM4-40GB, 36749, 40960, 55, 110.24, 36
nid001132,2026/05/03 14:26:51.085, 3, GPU-cba17786-ea73-0caf-0d43-c838fbb66bcd, NVIDIA A100-SXM4-40GB, 36749, 40960, 74, 106.89, 33
nid001133,2026/05/03 14:26:51.954, 0, GPU-43cac420-244c-9975-fbd1-604f88cdd44c, NVIDIA A100-SXM4-40GB, 37481, 40960, 65, 103.96, 35
nid001133,2026/05/03 14:26:51.957, 1, GPU-73838956-9ad1-3484-0ba2-7d8b02c7a72a, NVIDIA A100-SXM4-40GB, 37471, 40960, 74, 102.79, 34
nid001133,2026/05/03 14:26:51.958, 2, GPU-aee03275-201a-58e4-7b5a-f08a6e4c1e50, NVIDIA A100-SXM4-40GB, 37471, 40960, 91, 103.72, 37
nid001133,2026/05/03 14:26:51.960, 3, GPU-e0003d1b-186b-2e66-9474-0b7af5c50af4, NVIDIA A100-SXM4-40GB, 37471, 40960, 7, 99.63, 35
nid001132,2026/05/03 14:26:54.890, 0, GPU-1ee6ac61-44ab-b161-9de0-16bbb44716e7, NVIDIA A100-SXM4-40GB, 36817, 40960, 0, 110.74, 38
nid001132,2026/05/03 14:26:54.894, 1, GPU-afa7121e-c5d0-2eb5-4e9a-8b001ff7a220, NVIDIA A100-SXM4-40GB, 36749, 40960, 1, 104.60, 35
nid001132,2026/05/03 14:26:54.895, 2, GPU-4dea0284-873a-fa20-cc19-10ca82324573, NVIDIA A100-SXM4-40GB, 36749, 40960, 49, 111.89, 36
nid001132,2026/05/03 14:26:54.897, 3, GPU-cba17786-ea73-0caf-0d43-c838fbb66bcd, NVIDIA A100-SXM4-40GB, 36749, 40960, 0, 105.25, 33
nid001133,2026/05/03 14:26:55.728, 0, GPU-43cac420-244c-9975-fbd1-604f88cdd44c, NVIDIA A100-SXM4-40GB, 37481, 40960, 0, 104.08, 35
nid001133,2026/05/03 14:26:55.732, 1, GPU-73838956-9ad1-3484-0ba2-7d8b02c7a72a, NVIDIA A100-SXM4-40GB, 37471, 40960, 0, 102.44, 34
nid001133,2026/05/03 14:26:55.738, 2, GPU-aee03275-201a-58e4-7b5a-f08a6e4c1e50, NVIDIA A100-SXM4-40GB, 37471, 40960, 29, 102.56, 37
nid001133,2026/05/03 14:26:55.743, 3, GPU-e0003d1b-186b-2e66-9474-0b7af5c50af4, NVIDIA A100-SXM4-40GB, 37471, 40960, 0, 99.51, 35
nid001132,2026/05/03 14:26:58.636, 0, GPU-1ee6ac61-44ab-b161-9de0-16bbb44716e7, NVIDIA A100-SXM4-40GB, 36817, 40960, 51, 109.22, 39
nid001132,2026/05/03 14:26:58.639, 1, GPU-afa7121e-c5d0-2eb5-4e9a-8b001ff7a220, NVIDIA A100-SXM4-40GB, 36749, 40960, 15, 104.72, 35
nid001132,2026/05/03 14:26:58.641, 2, GPU-4dea0284-873a-fa20-cc19-10ca82324573, NVIDIA A100-SXM4-40GB, 36749, 40960, 20, 106.92, 36
nid001132,2026/05/03 14:26:58.643, 3, GPU-cba17786-ea73-0caf-0d43-c838fbb66bcd, NVIDIA A100-SXM4-40GB, 36749, 40960, 0, 125.07, 34
nid001133,2026/05/03 14:26:59.479, 0, GPU-43cac420-244c-9975-fbd1-604f88cdd44c, NVIDIA A100-SXM4-40GB, 37481, 40960, 0, 103.96, 35
nid001133,2026/05/03 14:26:59.481, 1, GPU-73838956-9ad1-3484-0ba2-7d8b02c7a72a, NVIDIA A100-SXM4-40GB, 37471, 40960, 0, 118.79, 34
nid001133,2026/05/03 14:26:59.483, 2, GPU-aee03275-201a-58e4-7b5a-f08a6e4c1e50, NVIDIA A100-SXM4-40GB, 37471, 40960, 0, 102.43, 37
nid001133,2026/05/03 14:26:59.484, 3, GPU-e0003d1b-186b-2e66-9474-0b7af5c50af4, NVIDIA A100-SXM4-40GB, 37471, 40960, 0, 99.40, 35
nid001132,2026/05/03 14:27:02.485, 0, GPU-1ee6ac61-44ab-b161-9de0-16bbb44716e7, NVIDIA A100-SXM4-40GB, 36817, 40960, 0, 122.64, 38
nid001132,2026/05/03 14:27:02.487, 1, GPU-afa7121e-c5d0-2eb5-4e9a-8b001ff7a220, NVIDIA A100-SXM4-40GB, 36749, 40960, 0, 117.50, 35
nid001132,2026/05/03 14:27:02.489, 2, GPU-4dea0284-873a-fa20-cc19-10ca82324573, NVIDIA A100-SXM4-40GB, 36749, 40960, 0, 109.61, 36
nid001132,2026/05/03 14:27:02.491, 3, GPU-cba17786-ea73-0caf-0d43-c838fbb66bcd, NVIDIA A100-SXM4-40GB, 36749, 40960, 10, 112.92, 34
nid001133,2026/05/03 14:27:03.393, 0, GPU-43cac420-244c-9975-fbd1-604f88cdd44c, NVIDIA A100-SXM4-40GB, 37481, 40960, 0, 104.24, 35
nid001133,2026/05/03 14:27:03.395, 1, GPU-73838956-9ad1-3484-0ba2-7d8b02c7a72a, NVIDIA A100-SXM4-40GB, 37471, 40960, 44, 103.08, 34
nid001133,2026/05/03 14:27:03.397, 2, GPU-aee03275-201a-58e4-7b5a-f08a6e4c1e50, NVIDIA A100-SXM4-40GB, 37471, 40960, 0, 102.43, 37
nid001133,2026/05/03 14:27:03.399, 3, GPU-e0003d1b-186b-2e66-9474-0b7af5c50af4, NVIDIA A100-SXM4-40GB, 37471, 40960, 0, 99.75, 35
nid001132,2026/05/03 14:27:06.300, 0, GPU-1ee6ac61-44ab-b161-9de0-16bbb44716e7, NVIDIA A100-SXM4-40GB, 36817, 40960, 0, 105.89, 38
nid001132,2026/05/03 14:27:06.304, 1, GPU-afa7121e-c5d0-2eb5-4e9a-8b001ff7a220, NVIDIA A100-SXM4-40GB, 36749, 40960, 2, 101.15, 35
nid001132,2026/05/03 14:27:06.306, 2, GPU-4dea0284-873a-fa20-cc19-10ca82324573, NVIDIA A100-SXM4-40GB, 36749, 40960, 78, 103.84, 36
nid001132,2026/05/03 14:27:06.307, 3, GPU-cba17786-ea73-0caf-0d43-c838fbb66bcd, NVIDIA A100-SXM4-40GB, 36749, 40960, 24, 105.37, 33
nid001133,2026/05/03 14:27:07.154, 0, GPU-43cac420-244c-9975-fbd1-604f88cdd44c, NVIDIA A100-SXM4-40GB, 37481, 40960, 28, 103.96, 35
nid001133,2026/05/03 14:27:07.157, 1, GPU-73838956-9ad1-3484-0ba2-7d8b02c7a72a, NVIDIA A100-SXM4-40GB, 37471, 40960, 33, 102.04, 34
nid001133,2026/05/03 14:27:07.158, 2, GPU-aee03275-201a-58e4-7b5a-f08a6e4c1e50, NVIDIA A100-SXM4-40GB, 37471, 40960, 75, 102.43, 37
nid001133,2026/05/03 14:27:07.160, 3, GPU-e0003d1b-186b-2e66-9474-0b7af5c50af4, NVIDIA A100-SXM4-40GB, 37471, 40960, 1, 99.51, 35
nid001132,2026/05/03 14:27:10.036, 0, GPU-1ee6ac61-44ab-b161-9de0-16bbb44716e7, NVIDIA A100-SXM4-40GB, 36817, 40960, 95, 109.46, 38
nid001132,2026/05/03 14:27:10.041, 1, GPU-afa7121e-c5d0-2eb5-4e9a-8b001ff7a220, NVIDIA A100-SXM4-40GB, 36749, 40960, 55, 103.60, 35
nid001132,2026/05/03 14:27:10.047, 2, GPU-4dea0284-873a-fa20-cc19-10ca82324573, NVIDIA A100-SXM4-40GB, 36749, 40960, 70, 109.09, 36
nid001132,2026/05/03 14:27:10.052, 3, GPU-cba17786-ea73-0caf-0d43-c838fbb66bcd, NVIDIA A100-SXM4-40GB, 36749, 40960, 10, 105.25, 33
nid001133,2026/05/03 14:27:10.893, 0, GPU-43cac420-244c-9975-fbd1-604f88cdd44c, NVIDIA A100-SXM4-40GB, 37481, 40960, 63, 103.96, 35
nid001133,2026/05/03 14:27:10.896, 1, GPU-73838956-9ad1-3484-0ba2-7d8b02c7a72a, NVIDIA A100-SXM4-40GB, 37471, 40960, 40, 102.04, 34
nid001133,2026/05/03 14:27:10.898, 2, GPU-aee03275-201a-58e4-7b5a-f08a6e4c1e50, NVIDIA A100-SXM4-40GB, 37471, 40960, 24, 102.56, 37
nid001133,2026/05/03 14:27:10.899, 3, GPU-e0003d1b-186b-2e66-9474-0b7af5c50af4, NVIDIA A100-SXM4-40GB, 37471, 40960, 80, 99.51, 35
nid001132,2026/05/03 14:27:13.754, 0, GPU-1ee6ac61-44ab-b161-9de0-16bbb44716e7, NVIDIA A100-SXM4-40GB, 36817, 40960, 66, 175.08, 40
nid001132,2026/05/03 14:27:13.761, 1, GPU-afa7121e-c5d0-2eb5-4e9a-8b001ff7a220, NVIDIA A100-SXM4-40GB, 36749, 40960, 100, 218.16, 37
nid001132,2026/05/03 14:27:13.766, 2, GPU-4dea0284-873a-fa20-cc19-10ca82324573, NVIDIA A100-SXM4-40GB, 36749, 40960, 27, 106.16, 39
nid001132,2026/05/03 14:27:13.771, 3, GPU-cba17786-ea73-0caf-0d43-c838fbb66bcd, NVIDIA A100-SXM4-40GB, 36749, 40960, 100, 178.62, 35
nid001133,2026/05/03 14:27:14.593, 0, GPU-43cac420-244c-9975-fbd1-604f88cdd44c, NVIDIA A100-SXM4-40GB, 37481, 40960, 0, 103.96, 35
nid001133,2026/05/03 14:27:14.596, 1, GPU-73838956-9ad1-3484-0ba2-7d8b02c7a72a, NVIDIA A100-SXM4-40GB, 37471, 40960, 0, 102.04, 34
nid001133,2026/05/03 14:27:14.598, 2, GPU-aee03275-201a-58e4-7b5a-f08a6e4c1e50, NVIDIA A100-SXM4-40GB, 37471, 40960, 0, 102.79, 37
nid001133,2026/05/03 14:27:14.599, 3, GPU-e0003d1b-186b-2e66-9474-0b7af5c50af4, NVIDIA A100-SXM4-40GB, 37471, 40960, 33, 99.75, 35
nid001132,2026/05/03 14:27:20.258, 0, GPU-1ee6ac61-44ab-b161-9de0-16bbb44716e7, NVIDIA A100-SXM4-40GB, 36817, 40960, 52, 110.38, 38
nid001132,2026/05/03 14:27:20.261, 1, GPU-afa7121e-c5d0-2eb5-4e9a-8b001ff7a220, NVIDIA A100-SXM4-40GB, 36749, 40960, 66, 101.43, 35
nid001132,2026/05/03 14:27:20.263, 2, GPU-4dea0284-873a-fa20-cc19-10ca82324573, NVIDIA A100-SXM4-40GB, 36749, 40960, 77, 103.84, 36
nid001132,2026/05/03 14:27:20.265, 3, GPU-cba17786-ea73-0caf-0d43-c838fbb66bcd, NVIDIA A100-SXM4-40GB, 36749, 40960, 58, 106.42, 33
nid001133,2026/05/03 14:27:21.094, 0, GPU-43cac420-244c-9975-fbd1-604f88cdd44c, NVIDIA A100-SXM4-40GB, 37481, 40960, 43, 104.24, 35
nid001133,2026/05/03 14:27:21.096, 1, GPU-73838956-9ad1-3484-0ba2-7d8b02c7a72a, NVIDIA A100-SXM4-40GB, 37471, 40960, 39, 102.16, 34
nid001133,2026/05/03 14:27:21.098, 2, GPU-aee03275-201a-58e4-7b5a-f08a6e4c1e50, NVIDIA A100-SXM4-40GB, 37471, 40960, 41, 102.56, 37
nid001133,2026/05/03 14:27:21.100, 3, GPU-e0003d1b-186b-2e66-9474-0b7af5c50af4, NVIDIA A100-SXM4-40GB, 37471, 40960, 69, 99.51, 35
nid001132,2026/05/03 14:27:24.017, 0, GPU-1ee6ac61-44ab-b161-9de0-16bbb44716e7, NVIDIA A100-SXM4-40GB, 36817, 40960, 74, 105.89, 38
nid001132,2026/05/03 14:27:24.019, 1, GPU-afa7121e-c5d0-2eb5-4e9a-8b001ff7a220, NVIDIA A100-SXM4-40GB, 36749, 40960, 42, 101.43, 35
nid001132,2026/05/03 14:27:24.021, 2, GPU-4dea0284-873a-fa20-cc19-10ca82324573, NVIDIA A100-SXM4-40GB, 36749, 40960, 82, 104.24, 36
nid001132,2026/05/03 14:27:24.023, 3, GPU-cba17786-ea73-0caf-0d43-c838fbb66bcd, NVIDIA A100-SXM4-40GB, 36749, 40960, 75, 105.25, 33
nid001133,2026/05/03 14:27:24.961, 0, GPU-43cac420-244c-9975-fbd1-604f88cdd44c, NVIDIA A100-SXM4-40GB, 37481, 40960, 2, 103.96, 35
nid001133,2026/05/03 14:27:24.963, 1, GPU-73838956-9ad1-3484-0ba2-7d8b02c7a72a, NVIDIA A100-SXM4-40GB, 37471, 40960, 14, 102.32, 34
nid001133,2026/05/03 14:27:24.965, 2, GPU-aee03275-201a-58e4-7b5a-f08a6e4c1e50, NVIDIA A100-SXM4-40GB, 37471, 40960, 23, 103.08, 37
nid001133,2026/05/03 14:27:24.966, 3, GPU-e0003d1b-186b-2e66-9474-0b7af5c50af4, NVIDIA A100-SXM4-40GB, 37471, 40960, 63, 99.51, 35
nid001132,2026/05/03 14:27:27.846, 0, GPU-1ee6ac61-44ab-b161-9de0-16bbb44716e7, NVIDIA A100-SXM4-40GB, 36817, 40960, 85, 105.89, 38
nid001132,2026/05/03 14:27:27.848, 1, GPU-afa7121e-c5d0-2eb5-4e9a-8b001ff7a220, NVIDIA A100-SXM4-40GB, 36749, 40960, 19, 101.15, 35
nid001132,2026/05/03 14:27:27.850, 2, GPU-4dea0284-873a-fa20-cc19-10ca82324573, NVIDIA A100-SXM4-40GB, 36749, 40960, 48, 103.96, 36
nid001132,2026/05/03 14:27:27.852, 3, GPU-cba17786-ea73-0caf-0d43-c838fbb66bcd, NVIDIA A100-SXM4-40GB, 36749, 40960, 4, 105.25, 33
nid001133,2026/05/03 14:27:28.680, 0, GPU-43cac420-244c-9975-fbd1-604f88cdd44c, NVIDIA A100-SXM4-40GB, 37481, 40960, 94, 103.96, 35
nid001133,2026/05/03 14:27:28.683, 1, GPU-73838956-9ad1-3484-0ba2-7d8b02c7a72a, NVIDIA A100-SXM4-40GB, 37471, 40960, 44, 102.79, 34
nid001133,2026/05/03 14:27:28.684, 2, GPU-aee03275-201a-58e4-7b5a-f08a6e4c1e50, NVIDIA A100-SXM4-40GB, 37471, 40960, 87, 102.56, 37
nid001133,2026/05/03 14:27:28.686, 3, GPU-e0003d1b-186b-2e66-9474-0b7af5c50af4, NVIDIA A100-SXM4-40GB, 37471, 40960, 2, 99.51, 35
nid001132,2026/05/03 14:27:31.626, 0, GPU-1ee6ac61-44ab-b161-9de0-16bbb44716e7, NVIDIA A100-SXM4-40GB, 36817, 40960, 20, 105.76, 38
nid001132,2026/05/03 14:27:31.628, 1, GPU-afa7121e-c5d0-2eb5-4e9a-8b001ff7a220, NVIDIA A100-SXM4-40GB, 36749, 40960, 100, 101.43, 35
nid001132,2026/05/03 14:27:31.630, 2, GPU-4dea0284-873a-fa20-cc19-10ca82324573, NVIDIA A100-SXM4-40GB, 36749, 40960, 36, 103.84, 36
nid001132,2026/05/03 14:27:31.631, 3, GPU-cba17786-ea73-0caf-0d43-c838fbb66bcd, NVIDIA A100-SXM4-40GB, 36749, 40960, 63, 105.89, 33
nid001133,2026/05/03 14:27:32.541, 0, GPU-43cac420-244c-9975-fbd1-604f88cdd44c, NVIDIA A100-SXM4-40GB, 37481, 40960, 96, 106.00, 35
nid001133,2026/05/03 14:27:32.547, 1, GPU-73838956-9ad1-3484-0ba2-7d8b02c7a72a, NVIDIA A100-SXM4-40GB, 37471, 40960, 0, 105.12, 34
nid001133,2026/05/03 14:27:32.553, 2, GPU-aee03275-201a-58e4-7b5a-f08a6e4c1e50, NVIDIA A100-SXM4-40GB, 37471, 40960, 6, 103.20, 37
nid001133,2026/05/03 14:27:32.565, 3, GPU-e0003d1b-186b-2e66-9474-0b7af5c50af4, NVIDIA A100-SXM4-40GB, 37471, 40960, 83, 99.75, 35
nid001132,2026/05/03 14:27:35.426, 0, GPU-1ee6ac61-44ab-b161-9de0-16bbb44716e7, NVIDIA A100-SXM4-40GB, 36817, 40960, 0, 105.65, 38
nid001132,2026/05/03 14:27:35.429, 1, GPU-afa7121e-c5d0-2eb5-4e9a-8b001ff7a220, NVIDIA A100-SXM4-40GB, 36749, 40960, 32, 101.56, 35
nid001132,2026/05/03 14:27:35.434, 2, GPU-4dea0284-873a-fa20-cc19-10ca82324573, NVIDIA A100-SXM4-40GB, 36749, 40960, 0, 104.24, 36
nid001132,2026/05/03 14:27:35.440, 3, GPU-cba17786-ea73-0caf-0d43-c838fbb66bcd, NVIDIA A100-SXM4-40GB, 36749, 40960, 10, 105.25, 33
nid001133,2026/05/03 14:27:36.294, 0, GPU-43cac420-244c-9975-fbd1-604f88cdd44c, NVIDIA A100-SXM4-40GB, 37481, 40960, 30, 104.08, 35
nid001133,2026/05/03 14:27:36.297, 1, GPU-73838956-9ad1-3484-0ba2-7d8b02c7a72a, NVIDIA A100-SXM4-40GB, 37471, 40960, 18, 102.44, 34
nid001133,2026/05/03 14:27:36.301, 2, GPU-aee03275-201a-58e4-7b5a-f08a6e4c1e50, NVIDIA A100-SXM4-40GB, 37471, 40960, 0, 102.56, 37
nid001133,2026/05/03 14:27:36.307, 3, GPU-e0003d1b-186b-2e66-9474-0b7af5c50af4, NVIDIA A100-SXM4-40GB, 37471, 40960, 22, 99.63, 35
nid001132,2026/05/03 14:27:39.267, 0, GPU-1ee6ac61-44ab-b161-9de0-16bbb44716e7, NVIDIA A100-SXM4-40GB, 36817, 40960, 46, 106.89, 38
nid001132,2026/05/03 14:27:39.270, 1, GPU-afa7121e-c5d0-2eb5-4e9a-8b001ff7a220, NVIDIA A100-SXM4-40GB, 36749, 40960, 93, 101.92, 35
nid001132,2026/05/03 14:27:39.272, 2, GPU-4dea0284-873a-fa20-cc19-10ca82324573, NVIDIA A100-SXM4-40GB, 36749, 40960, 20, 105.12, 36
nid001132,2026/05/03 14:27:39.273, 3, GPU-cba17786-ea73-0caf-0d43-c838fbb66bcd, NVIDIA A100-SXM4-40GB, 36749, 40960, 11, 118.69, 34
nid001133,2026/05/03 14:27:40.151, 0, GPU-43cac420-244c-9975-fbd1-604f88cdd44c, NVIDIA A100-SXM4-40GB, 37481, 40960, 0, 129.90, 36
nid001133,2026/05/03 14:27:40.153, 1, GPU-73838956-9ad1-3484-0ba2-7d8b02c7a72a, NVIDIA A100-SXM4-40GB, 37471, 40960, 0, 103.08, 34
nid001133,2026/05/03 14:27:40.155, 2, GPU-aee03275-201a-58e4-7b5a-f08a6e4c1e50, NVIDIA A100-SXM4-40GB, 37471, 40960, 0, 102.79, 37
nid001133,2026/05/03 14:27:40.157, 3, GPU-e0003d1b-186b-2e66-9474-0b7af5c50af4, NVIDIA A100-SXM4-40GB, 37471, 40960, 0, 99.51, 35
nid001132,2026/05/03 14:27:43.064, 0, GPU-1ee6ac61-44ab-b161-9de0-16bbb44716e7, NVIDIA A100-SXM4-40GB, 36817, 40960, 59, 120.31, 39
nid001132,2026/05/03 14:27:43.067, 1, GPU-afa7121e-c5d0-2eb5-4e9a-8b001ff7a220, NVIDIA A100-SXM4-40GB, 36749, 40960, 67, 103.96, 35
nid001132,2026/05/03 14:27:43.069, 2, GPU-4dea0284-873a-fa20-cc19-10ca82324573, NVIDIA A100-SXM4-40GB, 36749, 40960, 82, 109.96, 36
nid001132,2026/05/03 14:27:43.070, 3, GPU-cba17786-ea73-0caf-0d43-c838fbb66bcd, NVIDIA A100-SXM4-40GB, 36749, 40960, 56, 115.36, 33
nid001133,2026/05/03 14:27:43.920, 0, GPU-43cac420-244c-9975-fbd1-604f88cdd44c, NVIDIA A100-SXM4-40GB, 37481, 40960, 70, 103.96, 35
nid001133,2026/05/03 14:27:43.923, 1, GPU-73838956-9ad1-3484-0ba2-7d8b02c7a72a, NVIDIA A100-SXM4-40GB, 37471, 40960, 95, 102.79, 34
nid001133,2026/05/03 14:27:43.925, 2, GPU-aee03275-201a-58e4-7b5a-f08a6e4c1e50, NVIDIA A100-SXM4-40GB, 37471, 40960, 67, 102.43, 37
nid001133,2026/05/03 14:27:43.926, 3, GPU-e0003d1b-186b-2e66-9474-0b7af5c50af4, NVIDIA A100-SXM4-40GB, 37471, 40960, 9, 99.40, 35
nid001132,2026/05/03 14:27:46.802, 0, GPU-1ee6ac61-44ab-b161-9de0-16bbb44716e7, NVIDIA A100-SXM4-40GB, 36817, 40960, 100, 105.76, 38
nid001132,2026/05/03 14:27:46.808, 1, GPU-afa7121e-c5d0-2eb5-4e9a-8b001ff7a220, NVIDIA A100-SXM4-40GB, 36749, 40960, 100, 101.43, 35
nid001132,2026/05/03 14:27:46.809, 2, GPU-4dea0284-873a-fa20-cc19-10ca82324573, NVIDIA A100-SXM4-40GB, 36749, 40960, 33, 103.84, 36
nid001132,2026/05/03 14:27:46.811, 3, GPU-cba17786-ea73-0caf-0d43-c838fbb66bcd, NVIDIA A100-SXM4-40GB, 36749, 40960, 69, 105.12, 33
nid001133,2026/05/03 14:27:47.696, 0, GPU-43cac420-244c-9975-fbd1-604f88cdd44c, NVIDIA A100-SXM4-40GB, 37481, 40960, 92, 104.48, 35
nid001133,2026/05/03 14:27:47.699, 1, GPU-73838956-9ad1-3484-0ba2-7d8b02c7a72a, NVIDIA A100-SXM4-40GB, 37471, 40960, 89, 102.04, 34
nid001133,2026/05/03 14:27:47.701, 2, GPU-aee03275-201a-58e4-7b5a-f08a6e4c1e50, NVIDIA A100-SXM4-40GB, 37471, 40960, 37, 102.43, 37
nid001133,2026/05/03 14:27:47.703, 3, GPU-e0003d1b-186b-2e66-9474-0b7af5c50af4, NVIDIA A100-SXM4-40GB, 37471, 40960, 5, 99.51, 35
nid001132,2026/05/03 14:27:50.583, 0, GPU-1ee6ac61-44ab-b161-9de0-16bbb44716e7, NVIDIA A100-SXM4-40GB, 36817, 40960, 61, 105.89, 38
nid001132,2026/05/03 14:27:50.585, 1, GPU-afa7121e-c5d0-2eb5-4e9a-8b001ff7a220, NVIDIA A100-SXM4-40GB, 36749, 40960, 70, 101.27, 35
nid001132,2026/05/03 14:27:50.587, 2, GPU-4dea0284-873a-fa20-cc19-10ca82324573, NVIDIA A100-SXM4-40GB, 36749, 40960, 62, 103.96, 36
nid001132,2026/05/03 14:27:50.588, 3, GPU-cba17786-ea73-0caf-0d43-c838fbb66bcd, NVIDIA A100-SXM4-40GB, 36749, 40960, 87, 105.25, 33
nid001133,2026/05/03 14:27:51.432, 0, GPU-43cac420-244c-9975-fbd1-604f88cdd44c, NVIDIA A100-SXM4-40GB, 37481, 40960, 65, 103.96, 35
nid001133,2026/05/03 14:27:51.438, 1, GPU-73838956-9ad1-3484-0ba2-7d8b02c7a72a, NVIDIA A100-SXM4-40GB, 37471, 40960, 3, 106.01, 34
nid001133,2026/05/03 14:27:51.439, 2, GPU-aee03275-201a-58e4-7b5a-f08a6e4c1e50, NVIDIA A100-SXM4-40GB, 37471, 40960, 100, 103.84, 37
nid001133,2026/05/03 14:27:51.441, 3, GPU-e0003d1b-186b-2e66-9474-0b7af5c50af4, NVIDIA A100-SXM4-40GB, 37471, 40960, 47, 99.75, 35
nid001132,2026/05/03 14:27:54.296, 0, GPU-1ee6ac61-44ab-b161-9de0-16bbb44716e7, NVIDIA A100-SXM4-40GB, 36817, 40960, 72, 107.28, 38
nid001132,2026/05/03 14:27:54.303, 1, GPU-afa7121e-c5d0-2eb5-4e9a-8b001ff7a220, NVIDIA A100-SXM4-40GB, 36749, 40960, 94, 101.92, 35
nid001132,2026/05/03 14:27:54.308, 2, GPU-4dea0284-873a-fa20-cc19-10ca82324573, NVIDIA A100-SXM4-40GB, 36749, 40960, 68, 105.12, 36
nid001132,2026/05/03 14:27:54.314, 3, GPU-cba17786-ea73-0caf-0d43-c838fbb66bcd, NVIDIA A100-SXM4-40GB, 36749, 40960, 87, 118.93, 33
nid001133,2026/05/03 14:27:55.197, 0, GPU-43cac420-244c-9975-fbd1-604f88cdd44c, NVIDIA A100-SXM4-40GB, 37481, 40960, 0, 122.97, 36
nid001133,2026/05/03 14:27:55.200, 1, GPU-73838956-9ad1-3484-0ba2-7d8b02c7a72a, NVIDIA A100-SXM4-40GB, 37471, 40960, 28, 134.14, 35
nid001133,2026/05/03 14:27:55.201, 2, GPU-aee03275-201a-58e4-7b5a-f08a6e4c1e50, NVIDIA A100-SXM4-40GB, 37471, 40960, 59, 116.08, 39
nid001133,2026/05/03 14:27:55.203, 3, GPU-e0003d1b-186b-2e66-9474-0b7af5c50af4, NVIDIA A100-SXM4-40GB, 37471, 40960, 0, 99.51, 36
nid001132,2026/05/03 14:27:58.089, 0, GPU-1ee6ac61-44ab-b161-9de0-16bbb44716e7, NVIDIA A100-SXM4-40GB, 36817, 40960, 81, 112.55, 38
nid001132,2026/05/03 14:27:58.091, 1, GPU-afa7121e-c5d0-2eb5-4e9a-8b001ff7a220, NVIDIA A100-SXM4-40GB, 36749, 40960, 95, 104.24, 35
nid001132,2026/05/03 14:27:58.093, 2, GPU-4dea0284-873a-fa20-cc19-10ca82324573, NVIDIA A100-SXM4-40GB, 36749, 40960, 37, 103.84, 36
nid001132,2026/05/03 14:27:58.094, 3, GPU-cba17786-ea73-0caf-0d43-c838fbb66bcd, NVIDIA A100-SXM4-40GB, 36749, 40960, 67, 106.01, 33
nid001133,2026/05/03 14:27:58.920, 0, GPU-43cac420-244c-9975-fbd1-604f88cdd44c, NVIDIA A100-SXM4-40GB, 37481, 40960, 48, 112.76, 36
nid001133,2026/05/03 14:27:58.923, 1, GPU-73838956-9ad1-3484-0ba2-7d8b02c7a72a, NVIDIA A100-SXM4-40GB, 37471, 40960, 0, 103.32, 34
nid001133,2026/05/03 14:27:58.925, 2, GPU-aee03275-201a-58e4-7b5a-f08a6e4c1e50, NVIDIA A100-SXM4-40GB, 37471, 40960, 22, 102.67, 37
nid001133,2026/05/03 14:27:58.926, 3, GPU-e0003d1b-186b-2e66-9474-0b7af5c50af4, NVIDIA A100-SXM4-40GB, 37471, 40960, 12, 99.40, 35
nid001132,2026/05/03 14:28:01.803, 0, GPU-1ee6ac61-44ab-b161-9de0-16bbb44716e7, NVIDIA A100-SXM4-40GB, 36817, 40960, 78, 105.89, 38
nid001132,2026/05/03 14:28:01.812, 1, GPU-afa7121e-c5d0-2eb5-4e9a-8b001ff7a220, NVIDIA A100-SXM4-40GB, 36749, 40960, 7, 102.96, 35
nid001132,2026/05/03 14:28:01.816, 2, GPU-4dea0284-873a-fa20-cc19-10ca82324573, NVIDIA A100-SXM4-40GB, 36749, 40960, 69, 108.44, 36
nid001132,2026/05/03 14:28:01.821, 3, GPU-cba17786-ea73-0caf-0d43-c838fbb66bcd, NVIDIA A100-SXM4-40GB, 36749, 40960, 88, 105.12, 33
nid001133,2026/05/03 14:28:02.667, 0, GPU-43cac420-244c-9975-fbd1-604f88cdd44c, NVIDIA A100-SXM4-40GB, 37481, 40960, 0, 128.33, 36
nid001133,2026/05/03 14:28:02.670, 1, GPU-73838956-9ad1-3484-0ba2-7d8b02c7a72a, NVIDIA A100-SXM4-40GB, 37471, 40960, 17, 117.79, 34
nid001133,2026/05/03 14:28:02.671, 2, GPU-aee03275-201a-58e4-7b5a-f08a6e4c1e50, NVIDIA A100-SXM4-40GB, 37471, 40960, 37, 121.07, 38
nid001133,2026/05/03 14:28:02.673, 3, GPU-e0003d1b-186b-2e66-9474-0b7af5c50af4, NVIDIA A100-SXM4-40GB, 37471, 40960, 51, 102.67, 35
nid001132,2026/05/03 14:28:05.566, 0, GPU-1ee6ac61-44ab-b161-9de0-16bbb44716e7, NVIDIA A100-SXM4-40GB, 36817, 40960, 30, 110.98, 38
nid001132,2026/05/03 14:28:05.568, 1, GPU-afa7121e-c5d0-2eb5-4e9a-8b001ff7a220, NVIDIA A100-SXM4-40GB, 36749, 40960, 0, 112.13, 35
nid001132,2026/05/03 14:28:05.570, 2, GPU-4dea0284-873a-fa20-cc19-10ca82324573, NVIDIA A100-SXM4-40GB, 36749, 40960, 4, 108.68, 36
nid001132,2026/05/03 14:28:05.572, 3, GPU-cba17786-ea73-0caf-0d43-c838fbb66bcd, NVIDIA A100-SXM4-40GB, 36749, 40960, 21, 105.78, 33
nid001133,2026/05/03 14:28:06.452, 0, GPU-43cac420-244c-9975-fbd1-604f88cdd44c, NVIDIA A100-SXM4-40GB, 37481, 40960, 0, 103.96, 35
nid001133,2026/05/03 14:28:06.455, 1, GPU-73838956-9ad1-3484-0ba2-7d8b02c7a72a, NVIDIA A100-SXM4-40GB, 37471, 40960, 0, 103.08, 34
nid001133,2026/05/03 14:28:06.457, 2, GPU-aee03275-201a-58e4-7b5a-f08a6e4c1e50, NVIDIA A100-SXM4-40GB, 37471, 40960, 0, 102.56, 37
nid001133,2026/05/03 14:28:06.463, 3, GPU-e0003d1b-186b-2e66-9474-0b7af5c50af4, NVIDIA A100-SXM4-40GB, 37471, 40960, 10, 99.51, 35
nid001132,2026/05/03 14:28:09.403, 0, GPU-1ee6ac61-44ab-b161-9de0-16bbb44716e7, NVIDIA A100-SXM4-40GB, 36817, 40960, 3, 105.89, 38
nid001132,2026/05/03 14:28:09.406, 1, GPU-afa7121e-c5d0-2eb5-4e9a-8b001ff7a220, NVIDIA A100-SXM4-40GB, 36749, 40960, 100, 101.15, 35
nid001132,2026/05/03 14:28:09.408, 2, GPU-4dea0284-873a-fa20-cc19-10ca82324573, NVIDIA A100-SXM4-40GB, 36749, 40960, 0, 103.96, 36
nid001132,2026/05/03 14:28:09.410, 3, GPU-cba17786-ea73-0caf-0d43-c838fbb66bcd, NVIDIA A100-SXM4-40GB, 36749, 40960, 69, 105.12, 33
nid001133,2026/05/03 14:28:10.292, 0, GPU-43cac420-244c-9975-fbd1-604f88cdd44c, NVIDIA A100-SXM4-40GB, 37481, 40960, 26, 103.96, 35
nid001133,2026/05/03 14:28:10.295, 1, GPU-73838956-9ad1-3484-0ba2-7d8b02c7a72a, NVIDIA A100-SXM4-40GB, 37471, 40960, 66, 102.56, 34
nid001133,2026/05/03 14:28:10.296, 2, GPU-aee03275-201a-58e4-7b5a-f08a6e4c1e50, NVIDIA A100-SXM4-40GB, 37471, 40960, 17, 102.56, 37
nid001133,2026/05/03 14:28:10.299, 3, GPU-e0003d1b-186b-2e66-9474-0b7af5c50af4, NVIDIA A100-SXM4-40GB, 37471, 40960, 42, 99.51, 35
nid001132,2026/05/03 14:28:13.188, 0, GPU-1ee6ac61-44ab-b161-9de0-16bbb44716e7, NVIDIA A100-SXM4-40GB, 36817, 40960, 70, 108.33, 38
nid001132,2026/05/03 14:28:13.191, 1, GPU-afa7121e-c5d0-2eb5-4e9a-8b001ff7a220, NVIDIA A100-SXM4-40GB, 36749, 40960, 39, 109.33, 35
nid001132,2026/05/03 14:28:13.193, 2, GPU-4dea0284-873a-fa20-cc19-10ca82324573, NVIDIA A100-SXM4-40GB, 36749, 40960, 70, 109.72, 36
nid001132,2026/05/03 14:28:13.194, 3, GPU-cba17786-ea73-0caf-0d43-c838fbb66bcd, NVIDIA A100-SXM4-40GB, 36749, 40960, 75, 106.65, 33
nid001133,2026/05/03 14:28:14.033, 0, GPU-43cac420-244c-9975-fbd1-604f88cdd44c, NVIDIA A100-SXM4-40GB, 37481, 40960, 71, 110.09, 35
nid001133,2026/05/03 14:28:14.035, 1, GPU-73838956-9ad1-3484-0ba2-7d8b02c7a72a, NVIDIA A100-SXM4-40GB, 37471, 40960, 27, 108.46, 34
nid001133,2026/05/03 14:28:14.037, 2, GPU-aee03275-201a-58e4-7b5a-f08a6e4c1e50, NVIDIA A100-SXM4-40GB, 37471, 40960, 52, 102.43, 37
nid001133,2026/05/03 14:28:14.038, 3, GPU-e0003d1b-186b-2e66-9474-0b7af5c50af4, NVIDIA A100-SXM4-40GB, 37471, 40960, 52, 99.40, 35
nid001132,2026/05/03 14:28:16.904, 0, GPU-1ee6ac61-44ab-b161-9de0-16bbb44716e7, NVIDIA A100-SXM4-40GB, 36817, 40960, 82, 105.65, 38
nid001132,2026/05/03 14:28:16.907, 1, GPU-afa7121e-c5d0-2eb5-4e9a-8b001ff7a220, NVIDIA A100-SXM4-40GB, 36749, 40960, 50, 101.27, 35
nid001132,2026/05/03 14:28:16.908, 2, GPU-4dea0284-873a-fa20-cc19-10ca82324573, NVIDIA A100-SXM4-40GB, 36749, 40960, 100, 103.72, 36
nid001132,2026/05/03 14:28:16.910, 3, GPU-cba17786-ea73-0caf-0d43-c838fbb66bcd, NVIDIA A100-SXM4-40GB, 36749, 40960, 23, 105.25, 33
nid001133,2026/05/03 14:28:17.772, 0, GPU-43cac420-244c-9975-fbd1-604f88cdd44c, NVIDIA A100-SXM4-40GB, 37481, 40960, 0, 104.08, 35
nid001133,2026/05/03 14:28:17.774, 1, GPU-73838956-9ad1-3484-0ba2-7d8b02c7a72a, NVIDIA A100-SXM4-40GB, 37471, 40960, 0, 102.91, 34
nid001133,2026/05/03 14:28:17.776, 2, GPU-aee03275-201a-58e4-7b5a-f08a6e4c1e50, NVIDIA A100-SXM4-40GB, 37471, 40960, 78, 102.79, 37
nid001133,2026/05/03 14:28:17.777, 3, GPU-e0003d1b-186b-2e66-9474-0b7af5c50af4, NVIDIA A100-SXM4-40GB, 37471, 40960, 51, 99.51, 35
nid001132,2026/05/03 14:28:20.637, 0, GPU-1ee6ac61-44ab-b161-9de0-16bbb44716e7, NVIDIA A100-SXM4-40GB, 36817, 40960, 56, 105.89, 38
nid001132,2026/05/03 14:28:20.640, 1, GPU-afa7121e-c5d0-2eb5-4e9a-8b001ff7a220, NVIDIA A100-SXM4-40GB, 36749, 40960, 59, 101.15, 35
nid001132,2026/05/03 14:28:20.642, 2, GPU-4dea0284-873a-fa20-cc19-10ca82324573, NVIDIA A100-SXM4-40GB, 36749, 40960, 87, 103.84, 36
nid001132,2026/05/03 14:28:20.646, 3, GPU-cba17786-ea73-0caf-0d43-c838fbb66bcd, NVIDIA A100-SXM4-40GB, 36749, 40960, 75, 117.93, 33
nid001133,2026/05/03 14:28:21.572, 0, GPU-43cac420-244c-9975-fbd1-604f88cdd44c, NVIDIA A100-SXM4-40GB, 37481, 40960, 3, 103.96, 35
nid001133,2026/05/03 14:28:21.575, 1, GPU-73838956-9ad1-3484-0ba2-7d8b02c7a72a, NVIDIA A100-SXM4-40GB, 37471, 40960, 39, 103.08, 34
nid001133,2026/05/03 14:28:21.576, 2, GPU-aee03275-201a-58e4-7b5a-f08a6e4c1e50, NVIDIA A100-SXM4-40GB, 37471, 40960, 87, 102.56, 37
nid001133,2026/05/03 14:28:21.578, 3, GPU-e0003d1b-186b-2e66-9474-0b7af5c50af4, NVIDIA A100-SXM4-40GB, 37471, 40960, 22, 99.51, 35
nid001132,2026/05/03 14:28:24.442, 0, GPU-1ee6ac61-44ab-b161-9de0-16bbb44716e7, NVIDIA A100-SXM4-40GB, 36817, 40960, 4, 106.65, 38
nid001132,2026/05/03 14:28:24.444, 1, GPU-afa7121e-c5d0-2eb5-4e9a-8b001ff7a220, NVIDIA A100-SXM4-40GB, 36749, 40960, 17, 106.53, 35
nid001132,2026/05/03 14:28:24.446, 2, GPU-4dea0284-873a-fa20-cc19-10ca82324573, NVIDIA A100-SXM4-40GB, 36749, 40960, 2, 114.32, 36
nid001132,2026/05/03 14:28:24.448, 3, GPU-cba17786-ea73-0caf-0d43-c838fbb66bcd, NVIDIA A100-SXM4-40GB, 36749, 40960, 13, 110.51, 33
nid001133,2026/05/03 14:28:25.295, 0, GPU-43cac420-244c-9975-fbd1-604f88cdd44c, NVIDIA A100-SXM4-40GB, 37481, 40960, 4, 103.96, 35
nid001133,2026/05/03 14:28:25.298, 1, GPU-73838956-9ad1-3484-0ba2-7d8b02c7a72a, NVIDIA A100-SXM4-40GB, 37471, 40960, 24, 102.44, 34
nid001133,2026/05/03 14:28:25.299, 2, GPU-aee03275-201a-58e4-7b5a-f08a6e4c1e50, NVIDIA A100-SXM4-40GB, 37471, 40960, 0, 102.43, 37
nid001133,2026/05/03 14:28:25.305, 3, GPU-e0003d1b-186b-2e66-9474-0b7af5c50af4, NVIDIA A100-SXM4-40GB, 37471, 40960, 7, 99.51, 35
nid001132,2026/05/03 14:28:28.201, 0, GPU-1ee6ac61-44ab-b161-9de0-16bbb44716e7, NVIDIA A100-SXM4-40GB, 36817, 40960, 0, 105.89, 38
nid001132,2026/05/03 14:28:28.203, 1, GPU-afa7121e-c5d0-2eb5-4e9a-8b001ff7a220, NVIDIA A100-SXM4-40GB, 36749, 40960, 0, 101.15, 35
nid001132,2026/05/03 14:28:28.205, 2, GPU-4dea0284-873a-fa20-cc19-10ca82324573, NVIDIA A100-SXM4-40GB, 36749, 40960, 0, 103.84, 36
nid001132,2026/05/03 14:28:28.206, 3, GPU-cba17786-ea73-0caf-0d43-c838fbb66bcd, NVIDIA A100-SXM4-40GB, 36749, 40960, 0, 105.12, 33
nid001133,2026/05/03 14:28:29.054, 0, GPU-43cac420-244c-9975-fbd1-604f88cdd44c, NVIDIA A100-SXM4-40GB, 37481, 40960, 61, 103.96, 35
nid001133,2026/05/03 14:28:29.056, 1, GPU-73838956-9ad1-3484-0ba2-7d8b02c7a72a, NVIDIA A100-SXM4-40GB, 37471, 40960, 9, 103.08, 34
nid001133,2026/05/03 14:28:29.058, 2, GPU-aee03275-201a-58e4-7b5a-f08a6e4c1e50, NVIDIA A100-SXM4-40GB, 37471, 40960, 22, 102.43, 37
nid001133,2026/05/03 14:28:29.059, 3, GPU-e0003d1b-186b-2e66-9474-0b7af5c50af4, NVIDIA A100-SXM4-40GB, 37471, 40960, 51, 99.51, 35
nid001132,2026/05/03 14:28:31.988, 0, GPU-1ee6ac61-44ab-b161-9de0-16bbb44716e7, NVIDIA A100-SXM4-40GB, 36817, 40960, 75, 128.64, 38
nid001132,2026/05/03 14:28:31.995, 1, GPU-afa7121e-c5d0-2eb5-4e9a-8b001ff7a220, NVIDIA A100-SXM4-40GB, 36749, 40960, 31, 111.66, 35
nid001132,2026/05/03 14:28:32.000, 2, GPU-4dea0284-873a-fa20-cc19-10ca82324573, NVIDIA A100-SXM4-40GB, 36749, 40960, 83, 124.01, 36
nid001132,2026/05/03 14:28:32.004, 3, GPU-cba17786-ea73-0caf-0d43-c838fbb66bcd, NVIDIA A100-SXM4-40GB, 36749, 40960, 36, 106.25, 33
nid001133,2026/05/03 14:28:32.855, 0, GPU-43cac420-244c-9975-fbd1-604f88cdd44c, NVIDIA A100-SXM4-40GB, 37481, 40960, 83, 111.14, 36
nid001133,2026/05/03 14:28:32.859, 1, GPU-73838956-9ad1-3484-0ba2-7d8b02c7a72a, NVIDIA A100-SXM4-40GB, 37471, 40960, 91, 119.17, 34
nid001133,2026/05/03 14:28:32.864, 2, GPU-aee03275-201a-58e4-7b5a-f08a6e4c1e50, NVIDIA A100-SXM4-40GB, 37471, 40960, 48, 122.88, 37
nid001133,2026/05/03 14:28:32.870, 3, GPU-e0003d1b-186b-2e66-9474-0b7af5c50af4, NVIDIA A100-SXM4-40GB, 37471, 40960, 9, 102.04, 35
nid001132,2026/05/03 14:28:35.783, 0, GPU-1ee6ac61-44ab-b161-9de0-16bbb44716e7, NVIDIA A100-SXM4-40GB, 36817, 40960, 0, 106.12, 39
nid001132,2026/05/03 14:28:35.786, 1, GPU-afa7121e-c5d0-2eb5-4e9a-8b001ff7a220, NVIDIA A100-SXM4-40GB, 36749, 40960, 0, 111.89, 35
nid001132,2026/05/03 14:28:35.788, 2, GPU-4dea0284-873a-fa20-cc19-10ca82324573, NVIDIA A100-SXM4-40GB, 36749, 40960, 0, 116.37, 36
nid001132,2026/05/03 14:28:35.789, 3, GPU-cba17786-ea73-0caf-0d43-c838fbb66bcd, NVIDIA A100-SXM4-40GB, 36749, 40960, 0, 111.27, 33
nid001133,2026/05/03 14:28:36.642, 0, GPU-43cac420-244c-9975-fbd1-604f88cdd44c, NVIDIA A100-SXM4-40GB, 37481, 40960, 0, 103.96, 35
nid001133,2026/05/03 14:28:36.653, 1, GPU-73838956-9ad1-3484-0ba2-7d8b02c7a72a, NVIDIA A100-SXM4-40GB, 37471, 40960, 0, 103.08, 34
nid001133,2026/05/03 14:28:36.658, 2, GPU-aee03275-201a-58e4-7b5a-f08a6e4c1e50, NVIDIA A100-SXM4-40GB, 37471, 40960, 0, 102.56, 37
nid001133,2026/05/03 14:28:36.664, 3, GPU-e0003d1b-186b-2e66-9474-0b7af5c50af4, NVIDIA A100-SXM4-40GB, 37471, 40960, 0, 99.51, 35
nid001132,2026/05/03 14:28:39.637, 0, GPU-1ee6ac61-44ab-b161-9de0-16bbb44716e7, NVIDIA A100-SXM4-40GB, 36817, 40960, 60, 109.33, 38
nid001132,2026/05/03 14:28:39.640, 1, GPU-afa7121e-c5d0-2eb5-4e9a-8b001ff7a220, NVIDIA A100-SXM4-40GB, 36749, 40960, 6, 103.20, 35
nid001132,2026/05/03 14:28:39.644, 2, GPU-4dea0284-873a-fa20-cc19-10ca82324573, NVIDIA A100-SXM4-40GB, 36749, 40960, 57, 108.20, 36
nid001132,2026/05/03 14:28:39.648, 3, GPU-cba17786-ea73-0caf-0d43-c838fbb66bcd, NVIDIA A100-SXM4-40GB, 36749, 40960, 63, 119.45, 34
nid001133,2026/05/03 14:28:40.480, 0, GPU-43cac420-244c-9975-fbd1-604f88cdd44c, NVIDIA A100-SXM4-40GB, 37481, 40960, 79, 104.24, 35
nid001133,2026/05/03 14:28:40.483, 1, GPU-73838956-9ad1-3484-0ba2-7d8b02c7a72a, NVIDIA A100-SXM4-40GB, 37471, 40960, 79, 102.79, 34
nid001133,2026/05/03 14:28:40.484, 2, GPU-aee03275-201a-58e4-7b5a-f08a6e4c1e50, NVIDIA A100-SXM4-40GB, 37471, 40960, 97, 102.43, 37
nid001133,2026/05/03 14:28:40.486, 3, GPU-e0003d1b-186b-2e66-9474-0b7af5c50af4, NVIDIA A100-SXM4-40GB, 37471, 40960, 4, 99.51, 35
nid001132,2026/05/03 14:28:43.389, 0, GPU-1ee6ac61-44ab-b161-9de0-16bbb44716e7, NVIDIA A100-SXM4-40GB, 36817, 40960, 0, 129.92, 38
nid001132,2026/05/03 14:28:43.391, 1, GPU-afa7121e-c5d0-2eb5-4e9a-8b001ff7a220, NVIDIA A100-SXM4-40GB, 36749, 40960, 0, 117.50, 35
nid001132,2026/05/03 14:28:43.393, 2, GPU-4dea0284-873a-fa20-cc19-10ca82324573, NVIDIA A100-SXM4-40GB, 36749, 40960, 6, 123.77, 36
nid001132,2026/05/03 14:28:43.395, 3, GPU-cba17786-ea73-0caf-0d43-c838fbb66bcd, NVIDIA A100-SXM4-40GB, 36749, 40960, 0, 115.21, 33
nid001133,2026/05/03 14:28:44.249, 0, GPU-43cac420-244c-9975-fbd1-604f88cdd44c, NVIDIA A100-SXM4-40GB, 37481, 40960, 1, 104.08, 35
nid001133,2026/05/03 14:28:44.251, 1, GPU-73838956-9ad1-3484-0ba2-7d8b02c7a72a, NVIDIA A100-SXM4-40GB, 37471, 40960, 0, 101.92, 34
nid001133,2026/05/03 14:28:44.253, 2, GPU-aee03275-201a-58e4-7b5a-f08a6e4c1e50, NVIDIA A100-SXM4-40GB, 37471, 40960, 0, 102.56, 37
nid001133,2026/05/03 14:28:44.254, 3, GPU-e0003d1b-186b-2e66-9474-0b7af5c50af4, NVIDIA A100-SXM4-40GB, 37471, 40960, 0, 99.63, 35
nid001132,2026/05/03 14:28:47.118, 0, GPU-1ee6ac61-44ab-b161-9de0-16bbb44716e7, NVIDIA A100-SXM4-40GB, 36817, 40960, 84, 105.89, 38
nid001132,2026/05/03 14:28:47.124, 1, GPU-afa7121e-c5d0-2eb5-4e9a-8b001ff7a220, NVIDIA A100-SXM4-40GB, 36749, 40960, 30, 101.15, 35
nid001132,2026/05/03 14:28:47.126, 2, GPU-4dea0284-873a-fa20-cc19-10ca82324573, NVIDIA A100-SXM4-40GB, 36749, 40960, 54, 103.84, 36
nid001132,2026/05/03 14:28:47.127, 3, GPU-cba17786-ea73-0caf-0d43-c838fbb66bcd, NVIDIA A100-SXM4-40GB, 36749, 40960, 20, 105.25, 33
nid001133,2026/05/03 14:28:47.981, 0, GPU-43cac420-244c-9975-fbd1-604f88cdd44c, NVIDIA A100-SXM4-40GB, 37481, 40960, 74, 104.48, 35
nid001133,2026/05/03 14:28:47.984, 1, GPU-73838956-9ad1-3484-0ba2-7d8b02c7a72a, NVIDIA A100-SXM4-40GB, 37471, 40960, 47, 103.08, 34
nid001133,2026/05/03 14:28:47.985, 2, GPU-aee03275-201a-58e4-7b5a-f08a6e4c1e50, NVIDIA A100-SXM4-40GB, 37471, 40960, 85, 102.96, 37
nid001133,2026/05/03 14:28:47.987, 3, GPU-e0003d1b-186b-2e66-9474-0b7af5c50af4, NVIDIA A100-SXM4-40GB, 37471, 40960, 38, 99.51, 35
nid001132,2026/05/03 14:28:50.870, 0, GPU-1ee6ac61-44ab-b161-9de0-16bbb44716e7, NVIDIA A100-SXM4-40GB, 36817, 40960, 0, 114.84, 38
nid001132,2026/05/03 14:28:50.872, 1, GPU-afa7121e-c5d0-2eb5-4e9a-8b001ff7a220, NVIDIA A100-SXM4-40GB, 36749, 40960, 44, 117.50, 35
nid001132,2026/05/03 14:28:50.874, 2, GPU-4dea0284-873a-fa20-cc19-10ca82324573, NVIDIA A100-SXM4-40GB, 36749, 40960, 0, 108.57, 36
nid001132,2026/05/03 14:28:50.876, 3, GPU-cba17786-ea73-0caf-0d43-c838fbb66bcd, NVIDIA A100-SXM4-40GB, 36749, 40960, 45, 118.69, 34
nid001133,2026/05/03 14:28:51.759, 0, GPU-43cac420-244c-9975-fbd1-604f88cdd44c, NVIDIA A100-SXM4-40GB, 37481, 40960, 59, 133.17, 36
nid001133,2026/05/03 14:28:51.762, 1, GPU-73838956-9ad1-3484-0ba2-7d8b02c7a72a, NVIDIA A100-SXM4-40GB, 37471, 40960, 16, 102.04, 34
nid001133,2026/05/03 14:28:51.764, 2, GPU-aee03275-201a-58e4-7b5a-f08a6e4c1e50, NVIDIA A100-SXM4-40GB, 37471, 40960, 0, 121.07, 37
nid001133,2026/05/03 14:28:51.766, 3, GPU-e0003d1b-186b-2e66-9474-0b7af5c50af4, NVIDIA A100-SXM4-40GB, 37471, 40960, 0, 122.64, 35
nid001132,2026/05/03 14:28:54.685, 0, GPU-1ee6ac61-44ab-b161-9de0-16bbb44716e7, NVIDIA A100-SXM4-40GB, 36817, 40960, 67, 106.89, 38
nid001132,2026/05/03 14:28:54.687, 1, GPU-afa7121e-c5d0-2eb5-4e9a-8b001ff7a220, NVIDIA A100-SXM4-40GB, 36749, 40960, 38, 101.68, 35
nid001132,2026/05/03 14:28:54.689, 2, GPU-4dea0284-873a-fa20-cc19-10ca82324573, NVIDIA A100-SXM4-40GB, 36749, 40960, 100, 104.72, 36
nid001132,2026/05/03 14:28:54.691, 3, GPU-cba17786-ea73-0caf-0d43-c838fbb66bcd, NVIDIA A100-SXM4-40GB, 36749, 40960, 50, 108.17, 33
nid001133,2026/05/03 14:28:55.537, 0, GPU-43cac420-244c-9975-fbd1-604f88cdd44c, NVIDIA A100-SXM4-40GB, 37481, 40960, 65, 115.09, 36
nid001133,2026/05/03 14:28:55.540, 1, GPU-73838956-9ad1-3484-0ba2-7d8b02c7a72a, NVIDIA A100-SXM4-40GB, 37471, 40960, 100, 114.94, 34
nid001133,2026/05/03 14:28:55.542, 2, GPU-aee03275-201a-58e4-7b5a-f08a6e4c1e50, NVIDIA A100-SXM4-40GB, 37471, 40960, 3, 113.81, 37
nid001133,2026/05/03 14:28:55.543, 3, GPU-e0003d1b-186b-2e66-9474-0b7af5c50af4, NVIDIA A100-SXM4-40GB, 37471, 40960, 0, 118.41, 35
nid001132,2026/05/03 14:28:58.580, 0, GPU-1ee6ac61-44ab-b161-9de0-16bbb44716e7, NVIDIA A100-SXM4-40GB, 36817, 40960, 47, 105.89, 38
nid001132,2026/05/03 14:28:58.583, 1, GPU-afa7121e-c5d0-2eb5-4e9a-8b001ff7a220, NVIDIA A100-SXM4-40GB, 36749, 40960, 52, 111.37, 35
nid001132,2026/05/03 14:28:58.585, 2, GPU-4dea0284-873a-fa20-cc19-10ca82324573, NVIDIA A100-SXM4-40GB, 36749, 40960, 28, 121.45, 36
nid001132,2026/05/03 14:28:58.586, 3, GPU-cba17786-ea73-0caf-0d43-c838fbb66bcd, NVIDIA A100-SXM4-40GB, 36749, 40960, 67, 114.21, 33
nid001133,2026/05/03 14:28:59.583, 0, GPU-43cac420-244c-9975-fbd1-604f88cdd44c, NVIDIA A100-SXM4-40GB, 37481, 40960, 46, 108.81, 36
nid001133,2026/05/03 14:28:59.585, 1, GPU-73838956-9ad1-3484-0ba2-7d8b02c7a72a, NVIDIA A100-SXM4-40GB, 37471, 40960, 48, 126.73, 34
nid001133,2026/05/03 14:28:59.587, 2, GPU-aee03275-201a-58e4-7b5a-f08a6e4c1e50, NVIDIA A100-SXM4-40GB, 37471, 40960, 100, 113.70, 37
nid001133,2026/05/03 14:28:59.588, 3, GPU-e0003d1b-186b-2e66-9474-0b7af5c50af4, NVIDIA A100-SXM4-40GB, 37471, 40960, 0, 104.08, 35
nid001132,2026/05/03 14:29:02.544, 0, GPU-1ee6ac61-44ab-b161-9de0-16bbb44716e7, NVIDIA A100-SXM4-40GB, 36817, 40960, 59, 105.89, 38
nid001132,2026/05/03 14:29:02.547, 1, GPU-afa7121e-c5d0-2eb5-4e9a-8b001ff7a220, NVIDIA A100-SXM4-40GB, 36749, 40960, 9, 101.15, 35
nid001132,2026/05/03 14:29:02.549, 2, GPU-4dea0284-873a-fa20-cc19-10ca82324573, NVIDIA A100-SXM4-40GB, 36749, 40960, 54, 103.72, 36
nid001132,2026/05/03 14:29:02.551, 3, GPU-cba17786-ea73-0caf-0d43-c838fbb66bcd, NVIDIA A100-SXM4-40GB, 36749, 40960, 63, 105.25, 33
nid001133,2026/05/03 14:29:03.445, 0, GPU-43cac420-244c-9975-fbd1-604f88cdd44c, NVIDIA A100-SXM4-40GB, 37481, 40960, 0, 103.96, 35
nid001133,2026/05/03 14:29:03.457, 1, GPU-73838956-9ad1-3484-0ba2-7d8b02c7a72a, NVIDIA A100-SXM4-40GB, 37471, 40960, 0, 102.04, 34
nid001133,2026/05/03 14:29:03.462, 2, GPU-aee03275-201a-58e4-7b5a-f08a6e4c1e50, NVIDIA A100-SXM4-40GB, 37471, 40960, 0, 102.56, 37
nid001133,2026/05/03 14:29:03.468, 3, GPU-e0003d1b-186b-2e66-9474-0b7af5c50af4, NVIDIA A100-SXM4-40GB, 37471, 40960, 65, 99.51, 35
nid001132,2026/05/03 14:29:06.402, 0, GPU-1ee6ac61-44ab-b161-9de0-16bbb44716e7, NVIDIA A100-SXM4-40GB, 36817, 40960, 92, 105.76, 38
nid001132,2026/05/03 14:29:06.404, 1, GPU-afa7121e-c5d0-2eb5-4e9a-8b001ff7a220, NVIDIA A100-SXM4-40GB, 36749, 40960, 85, 101.03, 35
nid001132,2026/05/03 14:29:06.406, 2, GPU-4dea0284-873a-fa20-cc19-10ca82324573, NVIDIA A100-SXM4-40GB, 36749, 40960, 86, 103.84, 36
nid001132,2026/05/03 14:29:06.407, 3, GPU-cba17786-ea73-0caf-0d43-c838fbb66bcd, NVIDIA A100-SXM4-40GB, 36749, 40960, 3, 105.37, 33
nid001133,2026/05/03 14:29:07.254, 0, GPU-43cac420-244c-9975-fbd1-604f88cdd44c, NVIDIA A100-SXM4-40GB, 37481, 40960, 0, 103.96, 35
nid001133,2026/05/03 14:29:07.256, 1, GPU-73838956-9ad1-3484-0ba2-7d8b02c7a72a, NVIDIA A100-SXM4-40GB, 37471, 40960, 0, 102.79, 34
nid001133,2026/05/03 14:29:07.258, 2, GPU-aee03275-201a-58e4-7b5a-f08a6e4c1e50, NVIDIA A100-SXM4-40GB, 37471, 40960, 19, 102.43, 37
nid001133,2026/05/03 14:29:07.260, 3, GPU-e0003d1b-186b-2e66-9474-0b7af5c50af4, NVIDIA A100-SXM4-40GB, 37471, 40960, 0, 99.51, 35
nid001132,2026/05/03 14:29:10.175, 0, GPU-1ee6ac61-44ab-b161-9de0-16bbb44716e7, NVIDIA A100-SXM4-40GB, 36817, 40960, 70, 105.89, 38
nid001132,2026/05/03 14:29:10.178, 1, GPU-afa7121e-c5d0-2eb5-4e9a-8b001ff7a220, NVIDIA A100-SXM4-40GB, 36749, 40960, 84, 101.27, 35
nid001132,2026/05/03 14:29:10.179, 2, GPU-4dea0284-873a-fa20-cc19-10ca82324573, NVIDIA A100-SXM4-40GB, 36749, 40960, 3, 103.72, 36
nid001132,2026/05/03 14:29:10.181, 3, GPU-cba17786-ea73-0caf-0d43-c838fbb66bcd, NVIDIA A100-SXM4-40GB, 36749, 40960, 73, 105.25, 33
nid001133,2026/05/03 14:29:11.076, 0, GPU-43cac420-244c-9975-fbd1-604f88cdd44c, NVIDIA A100-SXM4-40GB, 37481, 40960, 35, 104.08, 35
nid001133,2026/05/03 14:29:11.079, 1, GPU-73838956-9ad1-3484-0ba2-7d8b02c7a72a, NVIDIA A100-SXM4-40GB, 37471, 40960, 0, 102.16, 34
nid001133,2026/05/03 14:29:11.081, 2, GPU-aee03275-201a-58e4-7b5a-f08a6e4c1e50, NVIDIA A100-SXM4-40GB, 37471, 40960, 57, 102.56, 37
nid001133,2026/05/03 14:29:11.082, 3, GPU-e0003d1b-186b-2e66-9474-0b7af5c50af4, NVIDIA A100-SXM4-40GB, 37471, 40960, 0, 99.51, 35
nid001132,2026/05/03 14:29:13.990, 0, GPU-1ee6ac61-44ab-b161-9de0-16bbb44716e7, NVIDIA A100-SXM4-40GB, 36817, 40960, 100, 132.86, 38
nid001132,2026/05/03 14:29:13.992, 1, GPU-afa7121e-c5d0-2eb5-4e9a-8b001ff7a220, NVIDIA A100-SXM4-40GB, 36749, 40960, 76, 116.51, 35
nid001132,2026/05/03 14:29:13.994, 2, GPU-4dea0284-873a-fa20-cc19-10ca82324573, NVIDIA A100-SXM4-40GB, 36749, 40960, 100, 115.61, 36
nid001132,2026/05/03 14:29:13.995, 3, GPU-cba17786-ea73-0caf-0d43-c838fbb66bcd, NVIDIA A100-SXM4-40GB, 36749, 40960, 57, 109.59, 33
nid001133,2026/05/03 14:29:14.917, 0, GPU-43cac420-244c-9975-fbd1-604f88cdd44c, NVIDIA A100-SXM4-40GB, 37481, 40960, 56, 103.96, 35
nid001133,2026/05/03 14:29:14.920, 1, GPU-73838956-9ad1-3484-0ba2-7d8b02c7a72a, NVIDIA A100-SXM4-40GB, 37471, 40960, 94, 103.08, 34
nid001133,2026/05/03 14:29:14.921, 2, GPU-aee03275-201a-58e4-7b5a-f08a6e4c1e50, NVIDIA A100-SXM4-40GB, 37471, 40960, 19, 102.56, 37
nid001133,2026/05/03 14:29:14.923, 3, GPU-e0003d1b-186b-2e66-9474-0b7af5c50af4, NVIDIA A100-SXM4-40GB, 37471, 40960, 72, 99.51, 35
nid001132,2026/05/03 14:29:18.096, 0, GPU-1ee6ac61-44ab-b161-9de0-16bbb44716e7, NVIDIA A100-SXM4-40GB, 36817, 40960, 0, 105.76, 38
nid001132,2026/05/03 14:29:18.098, 1, GPU-afa7121e-c5d0-2eb5-4e9a-8b001ff7a220, NVIDIA A100-SXM4-40GB, 36749, 40960, 0, 100.39, 35
nid001132,2026/05/03 14:29:18.100, 2, GPU-4dea0284-873a-fa20-cc19-10ca82324573, NVIDIA A100-SXM4-40GB, 36749, 40960, 0, 103.84, 36
nid001132,2026/05/03 14:29:18.101, 3, GPU-cba17786-ea73-0caf-0d43-c838fbb66bcd, NVIDIA A100-SXM4-40GB, 36749, 40960, 0, 105.12, 33
nid001133,2026/05/03 14:29:19.154, 0, GPU-43cac420-244c-9975-fbd1-604f88cdd44c, NVIDIA A100-SXM4-40GB, 37481, 40960, 0, 120.17, 36
nid001133,2026/05/03 14:29:19.157, 1, GPU-73838956-9ad1-3484-0ba2-7d8b02c7a72a, NVIDIA A100-SXM4-40GB, 37471, 40960, 5, 103.32, 34
nid001133,2026/05/03 14:29:19.158, 2, GPU-aee03275-201a-58e4-7b5a-f08a6e4c1e50, NVIDIA A100-SXM4-40GB, 37471, 40960, 0, 102.43, 37
nid001133,2026/05/03 14:29:19.160, 3, GPU-e0003d1b-186b-2e66-9474-0b7af5c50af4, NVIDIA A100-SXM4-40GB, 37471, 40960, 21, 99.75, 35
nid001132,2026/05/03 14:29:22.068, 0, GPU-1ee6ac61-44ab-b161-9de0-16bbb44716e7, NVIDIA A100-SXM4-40GB, 36817, 40960, 87, 119.83, 39
nid001132,2026/05/03 14:29:22.071, 1, GPU-afa7121e-c5d0-2eb5-4e9a-8b001ff7a220, NVIDIA A100-SXM4-40GB, 36749, 40960, 79, 118.41, 35
nid001132,2026/05/03 14:29:22.073, 2, GPU-4dea0284-873a-fa20-cc19-10ca82324573, NVIDIA A100-SXM4-40GB, 36749, 40960, 43, 117.65, 36
nid001132,2026/05/03 14:29:22.075, 3, GPU-cba17786-ea73-0caf-0d43-c838fbb66bcd, NVIDIA A100-SXM4-40GB, 36749, 40960, 0, 107.41, 34
nid001133,2026/05/03 14:29:22.922, 0, GPU-43cac420-244c-9975-fbd1-604f88cdd44c, NVIDIA A100-SXM4-40GB, 37481, 40960, 67, 103.96, 36
nid001133,2026/05/03 14:29:22.925, 1, GPU-73838956-9ad1-3484-0ba2-7d8b02c7a72a, NVIDIA A100-SXM4-40GB, 37471, 40960, 0, 126.11, 34
nid001133,2026/05/03 14:29:22.927, 2, GPU-aee03275-201a-58e4-7b5a-f08a6e4c1e50, NVIDIA A100-SXM4-40GB, 37471, 40960, 0, 114.70, 37
nid001133,2026/05/03 14:29:22.928, 3, GPU-e0003d1b-186b-2e66-9474-0b7af5c50af4, NVIDIA A100-SXM4-40GB, 37471, 40960, 0, 99.51, 35
nid001132,2026/05/03 14:29:25.880, 0, GPU-1ee6ac61-44ab-b161-9de0-16bbb44716e7, NVIDIA A100-SXM4-40GB, 36817, 40960, 31, 115.07, 39
nid001132,2026/05/03 14:29:25.883, 1, GPU-afa7121e-c5d0-2eb5-4e9a-8b001ff7a220, NVIDIA A100-SXM4-40GB, 36749, 40960, 98, 121.21, 35
nid001132,2026/05/03 14:29:25.884, 2, GPU-4dea0284-873a-fa20-cc19-10ca82324573, NVIDIA A100-SXM4-40GB, 36749, 40960, 37, 104.48, 36
nid001132,2026/05/03 14:29:25.886, 3, GPU-cba17786-ea73-0caf-0d43-c838fbb66bcd, NVIDIA A100-SXM4-40GB, 36749, 40960, 96, 106.01, 33
nid001133,2026/05/03 14:29:26.786, 0, GPU-43cac420-244c-9975-fbd1-604f88cdd44c, NVIDIA A100-SXM4-40GB, 37481, 40960, 66, 105.24, 35
nid001133,2026/05/03 14:29:26.788, 1, GPU-73838956-9ad1-3484-0ba2-7d8b02c7a72a, NVIDIA A100-SXM4-40GB, 37471, 40960, 4, 103.32, 34
nid001133,2026/05/03 14:29:26.790, 2, GPU-aee03275-201a-58e4-7b5a-f08a6e4c1e50, NVIDIA A100-SXM4-40GB, 37471, 40960, 93, 104.60, 37
nid001133,2026/05/03 14:29:26.791, 3, GPU-e0003d1b-186b-2e66-9474-0b7af5c50af4, NVIDIA A100-SXM4-40GB, 37471, 40960, 28, 99.75, 35
nid001132,2026/05/03 14:29:29.888, 0, GPU-1ee6ac61-44ab-b161-9de0-16bbb44716e7, NVIDIA A100-SXM4-40GB, 36817, 40960, 35, 105.89, 38
nid001132,2026/05/03 14:29:29.891, 1, GPU-afa7121e-c5d0-2eb5-4e9a-8b001ff7a220, NVIDIA A100-SXM4-40GB, 36749, 40960, 56, 101.15, 35
nid001132,2026/05/03 14:29:29.893, 2, GPU-4dea0284-873a-fa20-cc19-10ca82324573, NVIDIA A100-SXM4-40GB, 36749, 40960, 79, 103.96, 36
nid001132,2026/05/03 14:29:29.894, 3, GPU-cba17786-ea73-0caf-0d43-c838fbb66bcd, NVIDIA A100-SXM4-40GB, 36749, 40960, 40, 105.25, 33
nid001133,2026/05/03 14:29:30.767, 0, GPU-43cac420-244c-9975-fbd1-604f88cdd44c, NVIDIA A100-SXM4-40GB, 37481, 40960, 16, 103.96, 35
nid001133,2026/05/03 14:29:30.769, 1, GPU-73838956-9ad1-3484-0ba2-7d8b02c7a72a, NVIDIA A100-SXM4-40GB, 37471, 40960, 73, 102.32, 34
nid001133,2026/05/03 14:29:30.771, 2, GPU-aee03275-201a-58e4-7b5a-f08a6e4c1e50, NVIDIA A100-SXM4-40GB, 37471, 40960, 2, 102.43, 37
nid001133,2026/05/03 14:29:30.773, 3, GPU-e0003d1b-186b-2e66-9474-0b7af5c50af4, NVIDIA A100-SXM4-40GB, 37471, 40960, 9, 99.40, 35
nid001132,2026/05/03 14:29:33.709, 0, GPU-1ee6ac61-44ab-b161-9de0-16bbb44716e7, NVIDIA A100-SXM4-40GB, 36817, 40960, 28, 106.65, 38
nid001132,2026/05/03 14:29:33.711, 1, GPU-afa7121e-c5d0-2eb5-4e9a-8b001ff7a220, NVIDIA A100-SXM4-40GB, 36749, 40960, 34, 103.72, 35
nid001132,2026/05/03 14:29:33.713, 2, GPU-4dea0284-873a-fa20-cc19-10ca82324573, NVIDIA A100-SXM4-40GB, 36749, 40960, 24, 104.88, 36
nid001132,2026/05/03 14:29:33.714, 3, GPU-cba17786-ea73-0caf-0d43-c838fbb66bcd, NVIDIA A100-SXM4-40GB, 36749, 40960, 38, 106.12, 34
nid001133,2026/05/03 14:29:34.579, 0, GPU-43cac420-244c-9975-fbd1-604f88cdd44c, NVIDIA A100-SXM4-40GB, 37481, 40960, 52, 126.05, 36
nid001133,2026/05/03 14:29:34.582, 1, GPU-73838956-9ad1-3484-0ba2-7d8b02c7a72a, NVIDIA A100-SXM4-40GB, 37471, 40960, 9, 108.69, 34
nid001133,2026/05/03 14:29:34.584, 2, GPU-aee03275-201a-58e4-7b5a-f08a6e4c1e50, NVIDIA A100-SXM4-40GB, 37471, 40960, 18, 113.94, 37
nid001133,2026/05/03 14:29:34.585, 3, GPU-e0003d1b-186b-2e66-9474-0b7af5c50af4, NVIDIA A100-SXM4-40GB, 37471, 40960, 2, 107.05, 35
nid001132,2026/05/03 14:29:37.449, 0, GPU-1ee6ac61-44ab-b161-9de0-16bbb44716e7, NVIDIA A100-SXM4-40GB, 36817, 40960, 68, 105.89, 38
nid001132,2026/05/03 14:29:37.451, 1, GPU-afa7121e-c5d0-2eb5-4e9a-8b001ff7a220, NVIDIA A100-SXM4-40GB, 36749, 40960, 9, 101.27, 35
nid001132,2026/05/03 14:29:37.453, 2, GPU-4dea0284-873a-fa20-cc19-10ca82324573, NVIDIA A100-SXM4-40GB, 36749, 40960, 68, 103.72, 36
nid001132,2026/05/03 14:29:37.455, 3, GPU-cba17786-ea73-0caf-0d43-c838fbb66bcd, NVIDIA A100-SXM4-40GB, 36749, 40960, 5, 105.25, 33
nid001133,2026/05/03 14:29:38.278, 0, GPU-43cac420-244c-9975-fbd1-604f88cdd44c, NVIDIA A100-SXM4-40GB, 37481, 40960, 47, 103.96, 35
nid001133,2026/05/03 14:29:38.280, 1, GPU-73838956-9ad1-3484-0ba2-7d8b02c7a72a, NVIDIA A100-SXM4-40GB, 37471, 40960, 70, 102.44, 34
nid001133,2026/05/03 14:29:38.282, 2, GPU-aee03275-201a-58e4-7b5a-f08a6e4c1e50, NVIDIA A100-SXM4-40GB, 37471, 40960, 59, 102.56, 37
nid001133,2026/05/03 14:29:38.283, 3, GPU-e0003d1b-186b-2e66-9474-0b7af5c50af4, NVIDIA A100-SXM4-40GB, 37471, 40960, 0, 99.51, 35
nid001132,2026/05/03 14:29:41.152, 0, GPU-1ee6ac61-44ab-b161-9de0-16bbb44716e7, NVIDIA A100-SXM4-40GB, 36817, 40960, 49, 107.81, 38
nid001132,2026/05/03 14:29:41.155, 1, GPU-afa7121e-c5d0-2eb5-4e9a-8b001ff7a220, NVIDIA A100-SXM4-40GB, 36749, 40960, 8, 103.72, 35
nid001132,2026/05/03 14:29:41.157, 2, GPU-4dea0284-873a-fa20-cc19-10ca82324573, NVIDIA A100-SXM4-40GB, 36749, 40960, 26, 105.87, 36
nid001132,2026/05/03 14:29:41.159, 3, GPU-cba17786-ea73-0caf-0d43-c838fbb66bcd, NVIDIA A100-SXM4-40GB, 36749, 40960, 21, 106.89, 33
nid001133,2026/05/03 14:29:42.095, 0, GPU-43cac420-244c-9975-fbd1-604f88cdd44c, NVIDIA A100-SXM4-40GB, 37481, 40960, 0, 103.96, 35
nid001133,2026/05/03 14:29:42.097, 1, GPU-73838956-9ad1-3484-0ba2-7d8b02c7a72a, NVIDIA A100-SXM4-40GB, 37471, 40960, 0, 102.32, 34
nid001133,2026/05/03 14:29:42.099, 2, GPU-aee03275-201a-58e4-7b5a-f08a6e4c1e50, NVIDIA A100-SXM4-40GB, 37471, 40960, 19, 102.56, 37
nid001133,2026/05/03 14:29:42.100, 3, GPU-e0003d1b-186b-2e66-9474-0b7af5c50af4, NVIDIA A100-SXM4-40GB, 37471, 40960, 0, 99.51, 35
nid001132,2026/05/03 14:29:44.993, 0, GPU-1ee6ac61-44ab-b161-9de0-16bbb44716e7, NVIDIA A100-SXM4-40GB, 36817, 40960, 57, 108.81, 38
nid001132,2026/05/03 14:29:44.995, 1, GPU-afa7121e-c5d0-2eb5-4e9a-8b001ff7a220, NVIDIA A100-SXM4-40GB, 36749, 40960, 43, 102.20, 35
nid001132,2026/05/03 14:29:44.997, 2, GPU-4dea0284-873a-fa20-cc19-10ca82324573, NVIDIA A100-SXM4-40GB, 36749, 40960, 33, 107.68, 36
nid001132,2026/05/03 14:29:44.998, 3, GPU-cba17786-ea73-0caf-0d43-c838fbb66bcd, NVIDIA A100-SXM4-40GB, 36749, 40960, 0, 108.94, 33
nid001133,2026/05/03 14:29:45.851, 0, GPU-43cac420-244c-9975-fbd1-604f88cdd44c, NVIDIA A100-SXM4-40GB, 37481, 40960, 0, 128.10, 36
nid001133,2026/05/03 14:29:45.855, 1, GPU-73838956-9ad1-3484-0ba2-7d8b02c7a72a, NVIDIA A100-SXM4-40GB, 37471, 40960, 0, 103.08, 34
nid001133,2026/05/03 14:29:45.857, 2, GPU-aee03275-201a-58e4-7b5a-f08a6e4c1e50, NVIDIA A100-SXM4-40GB, 37471, 40960, 0, 102.43, 37
nid001133,2026/05/03 14:29:45.859, 3, GPU-e0003d1b-186b-2e66-9474-0b7af5c50af4, NVIDIA A100-SXM4-40GB, 37471, 40960, 100, 99.75, 35
nid001132,2026/05/03 14:29:48.776, 0, GPU-1ee6ac61-44ab-b161-9de0-16bbb44716e7, NVIDIA A100-SXM4-40GB, 36817, 40960, 16, 106.76, 38
nid001132,2026/05/03 14:29:48.779, 1, GPU-afa7121e-c5d0-2eb5-4e9a-8b001ff7a220, NVIDIA A100-SXM4-40GB, 36749, 40960, 46, 113.81, 35
nid001132,2026/05/03 14:29:48.780, 2, GPU-4dea0284-873a-fa20-cc19-10ca82324573, NVIDIA A100-SXM4-40GB, 36749, 40960, 33, 104.88, 36
nid001132,2026/05/03 14:29:48.782, 3, GPU-cba17786-ea73-0caf-0d43-c838fbb66bcd, NVIDIA A100-SXM4-40GB, 36749, 40960, 15, 105.25, 33
nid001133,2026/05/03 14:29:49.684, 0, GPU-43cac420-244c-9975-fbd1-604f88cdd44c, NVIDIA A100-SXM4-40GB, 37481, 40960, 0, 103.96, 35
nid001133,2026/05/03 14:29:49.687, 1, GPU-73838956-9ad1-3484-0ba2-7d8b02c7a72a, NVIDIA A100-SXM4-40GB, 37471, 40960, 0, 102.79, 34
nid001133,2026/05/03 14:29:49.688, 2, GPU-aee03275-201a-58e4-7b5a-f08a6e4c1e50, NVIDIA A100-SXM4-40GB, 37471, 40960, 0, 102.43, 37
nid001133,2026/05/03 14:29:49.690, 3, GPU-e0003d1b-186b-2e66-9474-0b7af5c50af4, NVIDIA A100-SXM4-40GB, 37471, 40960, 0, 99.51, 35
nid001132,2026/05/03 14:29:52.557, 0, GPU-1ee6ac61-44ab-b161-9de0-16bbb44716e7, NVIDIA A100-SXM4-40GB, 36817, 40960, 27, 119.17, 38
nid001132,2026/05/03 14:29:52.560, 1, GPU-afa7121e-c5d0-2eb5-4e9a-8b001ff7a220, NVIDIA A100-SXM4-40GB, 36749, 40960, 3, 111.66, 35
nid001132,2026/05/03 14:29:52.561, 2, GPU-4dea0284-873a-fa20-cc19-10ca82324573, NVIDIA A100-SXM4-40GB, 36749, 40960, 38, 108.96, 36
nid001132,2026/05/03 14:29:52.563, 3, GPU-cba17786-ea73-0caf-0d43-c838fbb66bcd, NVIDIA A100-SXM4-40GB, 36749, 40960, 28, 119.98, 33
nid001133,2026/05/03 14:29:53.521, 0, GPU-43cac420-244c-9975-fbd1-604f88cdd44c, NVIDIA A100-SXM4-40GB, 37481, 40960, 28, 135.74, 36
nid001133,2026/05/03 14:29:53.524, 1, GPU-73838956-9ad1-3484-0ba2-7d8b02c7a72a, NVIDIA A100-SXM4-40GB, 37471, 40960, 26, 133.25, 34
nid001133,2026/05/03 14:29:53.525, 2, GPU-aee03275-201a-58e4-7b5a-f08a6e4c1e50, NVIDIA A100-SXM4-40GB, 37471, 40960, 62, 102.79, 37
nid001133,2026/05/03 14:29:53.529, 3, GPU-e0003d1b-186b-2e66-9474-0b7af5c50af4, NVIDIA A100-SXM4-40GB, 37471, 40960, 60, 127.20, 35
nid001132,2026/05/03 14:29:56.434, 0, GPU-1ee6ac61-44ab-b161-9de0-16bbb44716e7, NVIDIA A100-SXM4-40GB, 36817, 40960, 29, 121.59, 40
nid001132,2026/05/03 14:29:56.437, 1, GPU-afa7121e-c5d0-2eb5-4e9a-8b001ff7a220, NVIDIA A100-SXM4-40GB, 36749, 40960, 0, 176.91, 36
nid001132,2026/05/03 14:29:56.438, 2, GPU-4dea0284-873a-fa20-cc19-10ca82324573, NVIDIA A100-SXM4-40GB, 36749, 40960, 41, 122.49, 37
nid001132,2026/05/03 14:29:56.440, 3, GPU-cba17786-ea73-0caf-0d43-c838fbb66bcd, NVIDIA A100-SXM4-40GB, 36749, 40960, 38, 141.79, 35
nid001133,2026/05/03 14:29:57.313, 0, GPU-43cac420-244c-9975-fbd1-604f88cdd44c, NVIDIA A100-SXM4-40GB, 37481, 40960, 68, 104.24, 35
nid001133,2026/05/03 14:29:57.315, 1, GPU-73838956-9ad1-3484-0ba2-7d8b02c7a72a, NVIDIA A100-SXM4-40GB, 37471, 40960, 0, 103.08, 34
nid001133,2026/05/03 14:29:57.317, 2, GPU-aee03275-201a-58e4-7b5a-f08a6e4c1e50, NVIDIA A100-SXM4-40GB, 37471, 40960, 29, 102.79, 37
nid001133,2026/05/03 14:29:57.319, 3, GPU-e0003d1b-186b-2e66-9474-0b7af5c50af4, NVIDIA A100-SXM4-40GB, 37471, 40960, 6, 99.51, 35
nid001132,2026/05/03 14:30:00.203, 0, GPU-1ee6ac61-44ab-b161-9de0-16bbb44716e7, NVIDIA A100-SXM4-40GB, 36817, 40960, 63, 105.76, 38
nid001132,2026/05/03 14:30:00.206, 1, GPU-afa7121e-c5d0-2eb5-4e9a-8b001ff7a220, NVIDIA A100-SXM4-40GB, 36749, 40960, 100, 101.43, 35
nid001132,2026/05/03 14:30:00.207, 2, GPU-4dea0284-873a-fa20-cc19-10ca82324573, NVIDIA A100-SXM4-40GB, 36749, 40960, 48, 103.84, 36
nid001132,2026/05/03 14:30:00.209, 3, GPU-cba17786-ea73-0caf-0d43-c838fbb66bcd, NVIDIA A100-SXM4-40GB, 36749, 40960, 5, 105.12, 33
nid001133,2026/05/03 14:30:01.084, 0, GPU-43cac420-244c-9975-fbd1-604f88cdd44c, NVIDIA A100-SXM4-40GB, 37481, 40960, 8, 103.96, 35
nid001133,2026/05/03 14:30:01.087, 1, GPU-73838956-9ad1-3484-0ba2-7d8b02c7a72a, NVIDIA A100-SXM4-40GB, 37471, 40960, 83, 103.08, 34
nid001133,2026/05/03 14:30:01.088, 2, GPU-aee03275-201a-58e4-7b5a-f08a6e4c1e50, NVIDIA A100-SXM4-40GB, 37471, 40960, 57, 102.43, 37
nid001133,2026/05/03 14:30:01.090, 3, GPU-e0003d1b-186b-2e66-9474-0b7af5c50af4, NVIDIA A100-SXM4-40GB, 37471, 40960, 0, 99.51, 35
nid001132,2026/05/03 14:30:04.028, 0, GPU-1ee6ac61-44ab-b161-9de0-16bbb44716e7, NVIDIA A100-SXM4-40GB, 36817, 40960, 95, 115.22, 38
nid001132,2026/05/03 14:30:04.031, 1, GPU-afa7121e-c5d0-2eb5-4e9a-8b001ff7a220, NVIDIA A100-SXM4-40GB, 36749, 40960, 35, 104.48, 35
nid001132,2026/05/03 14:30:04.032, 2, GPU-4dea0284-873a-fa20-cc19-10ca82324573, NVIDIA A100-SXM4-40GB, 36749, 40960, 95, 117.37, 36
nid001132,2026/05/03 14:30:04.034, 3, GPU-cba17786-ea73-0caf-0d43-c838fbb66bcd, NVIDIA A100-SXM4-40GB, 36749, 40960, 44, 117.64, 33
nid001133,2026/05/03 14:30:04.937, 0, GPU-43cac420-244c-9975-fbd1-604f88cdd44c, NVIDIA A100-SXM4-40GB, 37481, 40960, 0, 125.53, 36
nid001133,2026/05/03 14:30:04.939, 1, GPU-73838956-9ad1-3484-0ba2-7d8b02c7a72a, NVIDIA A100-SXM4-40GB, 37471, 40960, 0, 125.15, 34
nid001133,2026/05/03 14:30:04.941, 2, GPU-aee03275-201a-58e4-7b5a-f08a6e4c1e50, NVIDIA A100-SXM4-40GB, 37471, 40960, 0, 103.96, 37
nid001133,2026/05/03 14:30:04.942, 3, GPU-e0003d1b-186b-2e66-9474-0b7af5c50af4, NVIDIA A100-SXM4-40GB, 37471, 40960, 46, 125.68, 35
nid001132,2026/05/03 14:30:07.847, 0, GPU-1ee6ac61-44ab-b161-9de0-16bbb44716e7, NVIDIA A100-SXM4-40GB, 36817, 40960, 11, 110.51, 38
nid001132,2026/05/03 14:30:07.849, 1, GPU-afa7121e-c5d0-2eb5-4e9a-8b001ff7a220, NVIDIA A100-SXM4-40GB, 36749, 40960, 11, 101.80, 35
nid001132,2026/05/03 14:30:07.857, 2, GPU-4dea0284-873a-fa20-cc19-10ca82324573, NVIDIA A100-SXM4-40GB, 36749, 40960, 7, 109.86, 36
nid001132,2026/05/03 14:30:07.859, 3, GPU-cba17786-ea73-0caf-0d43-c838fbb66bcd, NVIDIA A100-SXM4-40GB, 36749, 40960, 100, 105.49, 33
nid001133,2026/05/03 14:30:08.773, 0, GPU-43cac420-244c-9975-fbd1-604f88cdd44c, NVIDIA A100-SXM4-40GB, 37481, 40960, 44, 121.45, 35
nid001133,2026/05/03 14:30:08.776, 1, GPU-73838956-9ad1-3484-0ba2-7d8b02c7a72a, NVIDIA A100-SXM4-40GB, 37471, 40960, 11, 102.04, 34
nid001133,2026/05/03 14:30:08.777, 2, GPU-aee03275-201a-58e4-7b5a-f08a6e4c1e50, NVIDIA A100-SXM4-40GB, 37471, 40960, 0, 102.56, 37
nid001133,2026/05/03 14:30:08.779, 3, GPU-e0003d1b-186b-2e66-9474-0b7af5c50af4, NVIDIA A100-SXM4-40GB, 37471, 40960, 6, 99.51, 35
nid001132,2026/05/03 14:30:11.748, 0, GPU-1ee6ac61-44ab-b161-9de0-16bbb44716e7, NVIDIA A100-SXM4-40GB, 36817, 40960, 76, 109.46, 38
nid001132,2026/05/03 14:30:11.750, 1, GPU-afa7121e-c5d0-2eb5-4e9a-8b001ff7a220, NVIDIA A100-SXM4-40GB, 36749, 40960, 62, 101.92, 35
nid001132,2026/05/03 14:30:11.756, 2, GPU-4dea0284-873a-fa20-cc19-10ca82324573, NVIDIA A100-SXM4-40GB, 36749, 40960, 70, 107.92, 36
nid001132,2026/05/03 14:30:11.760, 3, GPU-cba17786-ea73-0caf-0d43-c838fbb66bcd, NVIDIA A100-SXM4-40GB, 36749, 40960, 79, 110.74, 33
nid001133,2026/05/03 14:30:12.628, 0, GPU-43cac420-244c-9975-fbd1-604f88cdd44c, NVIDIA A100-SXM4-40GB, 37481, 40960, 39, 129.99, 36
nid001133,2026/05/03 14:30:12.630, 1, GPU-73838956-9ad1-3484-0ba2-7d8b02c7a72a, NVIDIA A100-SXM4-40GB, 37471, 40960, 58, 115.22, 34
nid001133,2026/05/03 14:30:12.632, 2, GPU-aee03275-201a-58e4-7b5a-f08a6e4c1e50, NVIDIA A100-SXM4-40GB, 37471, 40960, 80, 134.22, 37
nid001133,2026/05/03 14:30:12.635, 3, GPU-e0003d1b-186b-2e66-9474-0b7af5c50af4, NVIDIA A100-SXM4-40GB, 37471, 40960, 0, 111.37, 36
nid001132,2026/05/03 14:30:15.635, 0, GPU-1ee6ac61-44ab-b161-9de0-16bbb44716e7, NVIDIA A100-SXM4-40GB, 36817, 40960, 53, 110.51, 39
nid001132,2026/05/03 14:30:15.638, 1, GPU-afa7121e-c5d0-2eb5-4e9a-8b001ff7a220, NVIDIA A100-SXM4-40GB, 36749, 40960, 15, 110.38, 35
nid001132,2026/05/03 14:30:15.639, 2, GPU-4dea0284-873a-fa20-cc19-10ca82324573, NVIDIA A100-SXM4-40GB, 36749, 40960, 77, 125.82, 36
nid001132,2026/05/03 14:30:15.641, 3, GPU-cba17786-ea73-0caf-0d43-c838fbb66bcd, NVIDIA A100-SXM4-40GB, 36749, 40960, 74, 113.55, 33
nid001133,2026/05/03 14:30:16.458, 0, GPU-43cac420-244c-9975-fbd1-604f88cdd44c, NVIDIA A100-SXM4-40GB, 37481, 40960, 1, 116.99, 36
nid001133,2026/05/03 14:30:16.461, 1, GPU-73838956-9ad1-3484-0ba2-7d8b02c7a72a, NVIDIA A100-SXM4-40GB, 37471, 40960, 5, 107.70, 34
nid001133,2026/05/03 14:30:16.463, 2, GPU-aee03275-201a-58e4-7b5a-f08a6e4c1e50, NVIDIA A100-SXM4-40GB, 37471, 40960, 88, 128.77, 37
nid001133,2026/05/03 14:30:16.465, 3, GPU-e0003d1b-186b-2e66-9474-0b7af5c50af4, NVIDIA A100-SXM4-40GB, 37471, 40960, 66, 102.32, 35
nid001132,2026/05/03 14:30:19.417, 0, GPU-1ee6ac61-44ab-b161-9de0-16bbb44716e7, NVIDIA A100-SXM4-40GB, 36817, 40960, 47, 114.60, 38
nid001132,2026/05/03 14:30:19.420, 1, GPU-afa7121e-c5d0-2eb5-4e9a-8b001ff7a220, NVIDIA A100-SXM4-40GB, 36749, 40960, 20, 110.22, 35
nid001132,2026/05/03 14:30:19.421, 2, GPU-4dea0284-873a-fa20-cc19-10ca82324573, NVIDIA A100-SXM4-40GB, 36749, 40960, 41, 112.42, 36
nid001132,2026/05/03 14:30:19.423, 3, GPU-cba17786-ea73-0caf-0d43-c838fbb66bcd, NVIDIA A100-SXM4-40GB, 36749, 40960, 45, 108.59, 34
nid001133,2026/05/03 14:30:20.331, 0, GPU-43cac420-244c-9975-fbd1-604f88cdd44c, NVIDIA A100-SXM4-40GB, 37481, 40960, 0, 111.14, 36
nid001133,2026/05/03 14:30:20.333, 1, GPU-73838956-9ad1-3484-0ba2-7d8b02c7a72a, NVIDIA A100-SXM4-40GB, 37471, 40960, 3, 136.35, 34
nid001133,2026/05/03 14:30:20.335, 2, GPU-aee03275-201a-58e4-7b5a-f08a6e4c1e50, NVIDIA A100-SXM4-40GB, 37471, 40960, 81, 114.07, 37
nid001133,2026/05/03 14:30:20.337, 3, GPU-e0003d1b-186b-2e66-9474-0b7af5c50af4, NVIDIA A100-SXM4-40GB, 37471, 40960, 44, 130.97, 35
nid001132,2026/05/03 14:30:23.204, 0, GPU-1ee6ac61-44ab-b161-9de0-16bbb44716e7, NVIDIA A100-SXM4-40GB, 36817, 40960, 0, 125.96, 38
nid001132,2026/05/03 14:30:23.207, 1, GPU-afa7121e-c5d0-2eb5-4e9a-8b001ff7a220, NVIDIA A100-SXM4-40GB, 36749, 40960, 0, 106.53, 35
nid001132,2026/05/03 14:30:23.208, 2, GPU-4dea0284-873a-fa20-cc19-10ca82324573, NVIDIA A100-SXM4-40GB, 36749, 40960, 0, 121.97, 36
nid001132,2026/05/03 14:30:23.210, 3, GPU-cba17786-ea73-0caf-0d43-c838fbb66bcd, NVIDIA A100-SXM4-40GB, 36749, 40960, 0, 113.03, 33
nid001133,2026/05/03 14:30:24.079, 0, GPU-43cac420-244c-9975-fbd1-604f88cdd44c, NVIDIA A100-SXM4-40GB, 37481, 40960, 0, 103.96, 36
nid001133,2026/05/03 14:30:24.082, 1, GPU-73838956-9ad1-3484-0ba2-7d8b02c7a72a, NVIDIA A100-SXM4-40GB, 37471, 40960, 4, 102.04, 34
nid001133,2026/05/03 14:30:24.084, 2, GPU-aee03275-201a-58e4-7b5a-f08a6e4c1e50, NVIDIA A100-SXM4-40GB, 37471, 40960, 0, 102.79, 37
nid001133,2026/05/03 14:30:24.085, 3, GPU-e0003d1b-186b-2e66-9474-0b7af5c50af4, NVIDIA A100-SXM4-40GB, 37471, 40960, 61, 99.51, 35
nid001132,2026/05/03 14:30:27.105, 0, GPU-1ee6ac61-44ab-b161-9de0-16bbb44716e7, NVIDIA A100-SXM4-40GB, 36817, 40960, 53, 105.89, 38
nid001132,2026/05/03 14:30:27.108, 1, GPU-afa7121e-c5d0-2eb5-4e9a-8b001ff7a220, NVIDIA A100-SXM4-40GB, 36749, 40960, 41, 101.68, 35
nid001132,2026/05/03 14:30:27.109, 2, GPU-4dea0284-873a-fa20-cc19-10ca82324573, NVIDIA A100-SXM4-40GB, 36749, 40960, 96, 103.96, 36
nid001132,2026/05/03 14:30:27.111, 3, GPU-cba17786-ea73-0caf-0d43-c838fbb66bcd, NVIDIA A100-SXM4-40GB, 36749, 40960, 28, 105.25, 33
nid001133,2026/05/03 14:30:27.931, 0, GPU-43cac420-244c-9975-fbd1-604f88cdd44c, NVIDIA A100-SXM4-40GB, 37481, 40960, 4, 108.05, 35
nid001133,2026/05/03 14:30:27.933, 1, GPU-73838956-9ad1-3484-0ba2-7d8b02c7a72a, NVIDIA A100-SXM4-40GB, 37471, 40960, 78, 105.12, 34
nid001133,2026/05/03 14:30:27.935, 2, GPU-aee03275-201a-58e4-7b5a-f08a6e4c1e50, NVIDIA A100-SXM4-40GB, 37471, 40960, 66, 102.43, 37
nid001133,2026/05/03 14:30:27.937, 3, GPU-e0003d1b-186b-2e66-9474-0b7af5c50af4, NVIDIA A100-SXM4-40GB, 37471, 40960, 74, 103.08, 35
nid001132,2026/05/03 14:30:30.837, 0, GPU-1ee6ac61-44ab-b161-9de0-16bbb44716e7, NVIDIA A100-SXM4-40GB, 36817, 40960, 0, 105.76, 38
nid001132,2026/05/03 14:30:30.840, 1, GPU-afa7121e-c5d0-2eb5-4e9a-8b001ff7a220, NVIDIA A100-SXM4-40GB, 36749, 40960, 0, 101.43, 35
nid001132,2026/05/03 14:30:30.842, 2, GPU-4dea0284-873a-fa20-cc19-10ca82324573, NVIDIA A100-SXM4-40GB, 36749, 40960, 0, 103.84, 36
nid001132,2026/05/03 14:30:30.843, 3, GPU-cba17786-ea73-0caf-0d43-c838fbb66bcd, NVIDIA A100-SXM4-40GB, 36749, 40960, 8, 105.37, 33
nid001133,2026/05/03 14:30:31.656, 0, GPU-43cac420-244c-9975-fbd1-604f88cdd44c, NVIDIA A100-SXM4-40GB, 37481, 40960, 0, 103.96, 35
nid001133,2026/05/03 14:30:31.659, 1, GPU-73838956-9ad1-3484-0ba2-7d8b02c7a72a, NVIDIA A100-SXM4-40GB, 37471, 40960, 0, 102.04, 34
nid001133,2026/05/03 14:30:31.661, 2, GPU-aee03275-201a-58e4-7b5a-f08a6e4c1e50, NVIDIA A100-SXM4-40GB, 37471, 40960, 0, 102.56, 37
nid001133,2026/05/03 14:30:31.663, 3, GPU-e0003d1b-186b-2e66-9474-0b7af5c50af4, NVIDIA A100-SXM4-40GB, 37471, 40960, 0, 99.51, 35
nid001132,2026/05/03 14:30:34.545, 0, GPU-1ee6ac61-44ab-b161-9de0-16bbb44716e7, NVIDIA A100-SXM4-40GB, 36817, 40960, 0, 105.65, 38
nid001132,2026/05/03 14:30:34.548, 1, GPU-afa7121e-c5d0-2eb5-4e9a-8b001ff7a220, NVIDIA A100-SXM4-40GB, 36749, 40960, 0, 101.27, 35
nid001132,2026/05/03 14:30:34.549, 2, GPU-4dea0284-873a-fa20-cc19-10ca82324573, NVIDIA A100-SXM4-40GB, 36749, 40960, 0, 103.72, 36
nid001132,2026/05/03 14:30:34.551, 3, GPU-cba17786-ea73-0caf-0d43-c838fbb66bcd, NVIDIA A100-SXM4-40GB, 36749, 40960, 0, 105.25, 33
nid001133,2026/05/03 14:30:35.411, 0, GPU-43cac420-244c-9975-fbd1-604f88cdd44c, NVIDIA A100-SXM4-40GB, 37481, 40960, 0, 103.96, 35
nid001133,2026/05/03 14:30:35.413, 1, GPU-73838956-9ad1-3484-0ba2-7d8b02c7a72a, NVIDIA A100-SXM4-40GB, 37471, 40960, 0, 102.04, 34
nid001133,2026/05/03 14:30:35.415, 2, GPU-aee03275-201a-58e4-7b5a-f08a6e4c1e50, NVIDIA A100-SXM4-40GB, 37471, 40960, 28, 102.43, 37
nid001133,2026/05/03 14:30:35.416, 3, GPU-e0003d1b-186b-2e66-9474-0b7af5c50af4, NVIDIA A100-SXM4-40GB, 37471, 40960, 41, 99.51, 35
nid001132,2026/05/03 14:30:38.394, 0, GPU-1ee6ac61-44ab-b161-9de0-16bbb44716e7, NVIDIA A100-SXM4-40GB, 36817, 40960, 100, 106.65, 38
nid001132,2026/05/03 14:30:38.397, 1, GPU-afa7121e-c5d0-2eb5-4e9a-8b001ff7a220, NVIDIA A100-SXM4-40GB, 36749, 40960, 0, 107.57, 35
nid001132,2026/05/03 14:30:38.399, 2, GPU-4dea0284-873a-fa20-cc19-10ca82324573, NVIDIA A100-SXM4-40GB, 36749, 40960, 82, 104.88, 36
nid001132,2026/05/03 14:30:38.401, 3, GPU-cba17786-ea73-0caf-0d43-c838fbb66bcd, NVIDIA A100-SXM4-40GB, 36749, 40960, 7, 105.65, 34
nid001133,2026/05/03 14:30:39.237, 0, GPU-43cac420-244c-9975-fbd1-604f88cdd44c, NVIDIA A100-SXM4-40GB, 37481, 40960, 2, 103.96, 36
nid001133,2026/05/03 14:30:39.240, 1, GPU-73838956-9ad1-3484-0ba2-7d8b02c7a72a, NVIDIA A100-SXM4-40GB, 37471, 40960, 32, 119.69, 34
nid001133,2026/05/03 14:30:39.242, 2, GPU-aee03275-201a-58e4-7b5a-f08a6e4c1e50, NVIDIA A100-SXM4-40GB, 37471, 40960, 45, 133.33, 37
nid001133,2026/05/03 14:30:39.244, 3, GPU-e0003d1b-186b-2e66-9474-0b7af5c50af4, NVIDIA A100-SXM4-40GB, 37471, 40960, 0, 102.79, 35
nid001132,2026/05/03 14:30:42.124, 0, GPU-1ee6ac61-44ab-b161-9de0-16bbb44716e7, NVIDIA A100-SXM4-40GB, 36817, 40960, 24, 105.89, 38
nid001132,2026/05/03 14:30:42.127, 1, GPU-afa7121e-c5d0-2eb5-4e9a-8b001ff7a220, NVIDIA A100-SXM4-40GB, 36749, 40960, 0, 107.28, 35
nid001132,2026/05/03 14:30:42.128, 2, GPU-4dea0284-873a-fa20-cc19-10ca82324573, NVIDIA A100-SXM4-40GB, 36749, 40960, 32, 103.84, 36
nid001132,2026/05/03 14:30:42.130, 3, GPU-cba17786-ea73-0caf-0d43-c838fbb66bcd, NVIDIA A100-SXM4-40GB, 36749, 40960, 3, 120.21, 34
nid001133,2026/05/03 14:30:42.973, 0, GPU-43cac420-244c-9975-fbd1-604f88cdd44c, NVIDIA A100-SXM4-40GB, 37481, 40960, 27, 104.12, 35
nid001133,2026/05/03 14:30:42.975, 1, GPU-73838956-9ad1-3484-0ba2-7d8b02c7a72a, NVIDIA A100-SXM4-40GB, 37471, 40960, 0, 102.04, 34
nid001133,2026/05/03 14:30:42.977, 2, GPU-aee03275-201a-58e4-7b5a-f08a6e4c1e50, NVIDIA A100-SXM4-40GB, 37471, 40960, 0, 102.43, 37
nid001133,2026/05/03 14:30:42.978, 3, GPU-e0003d1b-186b-2e66-9474-0b7af5c50af4, NVIDIA A100-SXM4-40GB, 37471, 40960, 0, 99.40, 35
nid001132,2026/05/03 14:30:45.916, 0, GPU-1ee6ac61-44ab-b161-9de0-16bbb44716e7, NVIDIA A100-SXM4-40GB, 36817, 40960, 87, 105.89, 38
nid001132,2026/05/03 14:30:45.919, 1, GPU-afa7121e-c5d0-2eb5-4e9a-8b001ff7a220, NVIDIA A100-SXM4-40GB, 36749, 40960, 67, 101.43, 35
nid001132,2026/05/03 14:30:45.921, 2, GPU-4dea0284-873a-fa20-cc19-10ca82324573, NVIDIA A100-SXM4-40GB, 36749, 40960, 62, 103.84, 36
nid001132,2026/05/03 14:30:45.923, 3, GPU-cba17786-ea73-0caf-0d43-c838fbb66bcd, NVIDIA A100-SXM4-40GB, 36749, 40960, 25, 105.12, 33
nid001133,2026/05/03 14:30:46.868, 0, GPU-43cac420-244c-9975-fbd1-604f88cdd44c, NVIDIA A100-SXM4-40GB, 37481, 40960, 68, 104.08, 35
nid001133,2026/05/03 14:30:46.871, 1, GPU-73838956-9ad1-3484-0ba2-7d8b02c7a72a, NVIDIA A100-SXM4-40GB, 37471, 40960, 0, 102.16, 34
nid001133,2026/05/03 14:30:46.872, 2, GPU-aee03275-201a-58e4-7b5a-f08a6e4c1e50, NVIDIA A100-SXM4-40GB, 37471, 40960, 34, 102.56, 37
nid001133,2026/05/03 14:30:46.874, 3, GPU-e0003d1b-186b-2e66-9474-0b7af5c50af4, NVIDIA A100-SXM4-40GB, 37471, 40960, 0, 99.22, 35
nid001132,2026/05/03 14:30:49.827, 0, GPU-1ee6ac61-44ab-b161-9de0-16bbb44716e7, NVIDIA A100-SXM4-40GB, 36817, 40960, 57, 119.98, 38
nid001132,2026/05/03 14:30:49.834, 1, GPU-afa7121e-c5d0-2eb5-4e9a-8b001ff7a220, NVIDIA A100-SXM4-40GB, 36749, 40960, 32, 103.72, 35
nid001132,2026/05/03 14:30:49.840, 2, GPU-4dea0284-873a-fa20-cc19-10ca82324573, NVIDIA A100-SXM4-40GB, 36749, 40960, 61, 125.30, 36
nid001132,2026/05/03 14:30:49.846, 3, GPU-cba17786-ea73-0caf-0d43-c838fbb66bcd, NVIDIA A100-SXM4-40GB, 36749, 40960, 66, 108.46, 34
nid001133,2026/05/03 14:30:50.741, 0, GPU-43cac420-244c-9975-fbd1-604f88cdd44c, NVIDIA A100-SXM4-40GB, 37481, 40960, 0, 121.59, 36
nid001133,2026/05/03 14:30:50.744, 1, GPU-73838956-9ad1-3484-0ba2-7d8b02c7a72a, NVIDIA A100-SXM4-40GB, 37471, 40960, 0, 123.03, 34
nid001133,2026/05/03 14:30:50.745, 2, GPU-aee03275-201a-58e4-7b5a-f08a6e4c1e50, NVIDIA A100-SXM4-40GB, 37471, 40960, 73, 117.27, 37
nid001133,2026/05/03 14:30:50.747, 3, GPU-e0003d1b-186b-2e66-9474-0b7af5c50af4, NVIDIA A100-SXM4-40GB, 37471, 40960, 60, 119.55, 35
nid001132,2026/05/03 14:30:53.647, 0, GPU-1ee6ac61-44ab-b161-9de0-16bbb44716e7, NVIDIA A100-SXM4-40GB, 36817, 40960, 82, 114.46, 38
nid001132,2026/05/03 14:30:53.650, 1, GPU-afa7121e-c5d0-2eb5-4e9a-8b001ff7a220, NVIDIA A100-SXM4-40GB, 36749, 40960, 89, 102.96, 35
nid001132,2026/05/03 14:30:53.652, 2, GPU-4dea0284-873a-fa20-cc19-10ca82324573, NVIDIA A100-SXM4-40GB, 36749, 40960, 69, 103.84, 36
nid001132,2026/05/03 14:30:53.653, 3, GPU-cba17786-ea73-0caf-0d43-c838fbb66bcd, NVIDIA A100-SXM4-40GB, 36749, 40960, 25, 105.37, 33
nid001133,2026/05/03 14:30:54.558, 0, GPU-43cac420-244c-9975-fbd1-604f88cdd44c, NVIDIA A100-SXM4-40GB, 37481, 40960, 0, 104.08, 35
nid001133,2026/05/03 14:30:54.566, 1, GPU-73838956-9ad1-3484-0ba2-7d8b02c7a72a, NVIDIA A100-SXM4-40GB, 37471, 40960, 61, 102.04, 34
nid001133,2026/05/03 14:30:54.571, 2, GPU-aee03275-201a-58e4-7b5a-f08a6e4c1e50, NVIDIA A100-SXM4-40GB, 37471, 40960, 43, 102.56, 37
nid001133,2026/05/03 14:30:54.576, 3, GPU-e0003d1b-186b-2e66-9474-0b7af5c50af4, NVIDIA A100-SXM4-40GB, 37471, 40960, 0, 99.51, 35
nid001132,2026/05/03 14:30:57.479, 0, GPU-1ee6ac61-44ab-b161-9de0-16bbb44716e7, NVIDIA A100-SXM4-40GB, 36817, 40960, 93, 106.76, 38
nid001132,2026/05/03 14:30:57.485, 1, GPU-afa7121e-c5d0-2eb5-4e9a-8b001ff7a220, NVIDIA A100-SXM4-40GB, 36749, 40960, 36, 101.43, 35
nid001132,2026/05/03 14:30:57.490, 2, GPU-4dea0284-873a-fa20-cc19-10ca82324573, NVIDIA A100-SXM4-40GB, 36749, 40960, 64, 105.87, 36
nid001132,2026/05/03 14:30:57.494, 3, GPU-cba17786-ea73-0caf-0d43-c838fbb66bcd, NVIDIA A100-SXM4-40GB, 36749, 40960, 100, 110.22, 33
nid001133,2026/05/03 14:30:58.400, 0, GPU-43cac420-244c-9975-fbd1-604f88cdd44c, NVIDIA A100-SXM4-40GB, 37481, 40960, 13, 103.96, 35
nid001133,2026/05/03 14:30:58.403, 1, GPU-73838956-9ad1-3484-0ba2-7d8b02c7a72a, NVIDIA A100-SXM4-40GB, 37471, 40960, 84, 102.04, 34
nid001133,2026/05/03 14:30:58.404, 2, GPU-aee03275-201a-58e4-7b5a-f08a6e4c1e50, NVIDIA A100-SXM4-40GB, 37471, 40960, 37, 102.56, 37
nid001133,2026/05/03 14:30:58.406, 3, GPU-e0003d1b-186b-2e66-9474-0b7af5c50af4, NVIDIA A100-SXM4-40GB, 37471, 40960, 80, 99.75, 35
nid001132,2026/05/03 14:31:01.335, 0, GPU-1ee6ac61-44ab-b161-9de0-16bbb44716e7, NVIDIA A100-SXM4-40GB, 36817, 40960, 0, 105.65, 38
nid001132,2026/05/03 14:31:01.338, 1, GPU-afa7121e-c5d0-2eb5-4e9a-8b001ff7a220, NVIDIA A100-SXM4-40GB, 36749, 40960, 0, 104.60, 35
nid001132,2026/05/03 14:31:01.339, 2, GPU-4dea0284-873a-fa20-cc19-10ca82324573, NVIDIA A100-SXM4-40GB, 36749, 40960, 0, 103.72, 36
nid001132,2026/05/03 14:31:01.341, 3, GPU-cba17786-ea73-0caf-0d43-c838fbb66bcd, NVIDIA A100-SXM4-40GB, 36749, 40960, 0, 105.49, 33
nid001133,2026/05/03 14:31:02.178, 0, GPU-43cac420-244c-9975-fbd1-604f88cdd44c, NVIDIA A100-SXM4-40GB, 37481, 40960, 0, 103.96, 35
nid001133,2026/05/03 14:31:02.181, 1, GPU-73838956-9ad1-3484-0ba2-7d8b02c7a72a, NVIDIA A100-SXM4-40GB, 37471, 40960, 27, 102.16, 34
nid001133,2026/05/03 14:31:02.182, 2, GPU-aee03275-201a-58e4-7b5a-f08a6e4c1e50, NVIDIA A100-SXM4-40GB, 37471, 40960, 32, 102.56, 37
nid001133,2026/05/03 14:31:02.184, 3, GPU-e0003d1b-186b-2e66-9474-0b7af5c50af4, NVIDIA A100-SXM4-40GB, 37471, 40960, 52, 99.51, 35
nid001132,2026/05/03 14:31:05.082, 0, GPU-1ee6ac61-44ab-b161-9de0-16bbb44716e7, NVIDIA A100-SXM4-40GB, 36817, 40960, 69, 105.89, 38
nid001132,2026/05/03 14:31:05.085, 1, GPU-afa7121e-c5d0-2eb5-4e9a-8b001ff7a220, NVIDIA A100-SXM4-40GB, 36749, 40960, 96, 101.15, 35
nid001132,2026/05/03 14:31:05.086, 2, GPU-4dea0284-873a-fa20-cc19-10ca82324573, NVIDIA A100-SXM4-40GB, 36749, 40960, 66, 103.84, 36
nid001132,2026/05/03 14:31:05.088, 3, GPU-cba17786-ea73-0caf-0d43-c838fbb66bcd, NVIDIA A100-SXM4-40GB, 36749, 40960, 58, 105.25, 33
nid001133,2026/05/03 14:31:06.044, 0, GPU-43cac420-244c-9975-fbd1-604f88cdd44c, NVIDIA A100-SXM4-40GB, 37481, 40960, 18, 103.96, 35
nid001133,2026/05/03 14:31:06.047, 1, GPU-73838956-9ad1-3484-0ba2-7d8b02c7a72a, NVIDIA A100-SXM4-40GB, 37471, 40960, 24, 102.16, 34
nid001133,2026/05/03 14:31:06.048, 2, GPU-aee03275-201a-58e4-7b5a-f08a6e4c1e50, NVIDIA A100-SXM4-40GB, 37471, 40960, 0, 102.56, 37
nid001133,2026/05/03 14:31:06.050, 3, GPU-e0003d1b-186b-2e66-9474-0b7af5c50af4, NVIDIA A100-SXM4-40GB, 37471, 40960, 95, 99.51, 35
nid001132,2026/05/03 14:31:08.937, 0, GPU-1ee6ac61-44ab-b161-9de0-16bbb44716e7, NVIDIA A100-SXM4-40GB, 36817, 40960, 69, 105.76, 38
nid001132,2026/05/03 14:31:08.939, 1, GPU-afa7121e-c5d0-2eb5-4e9a-8b001ff7a220, NVIDIA A100-SXM4-40GB, 36749, 40960, 69, 101.15, 35
nid001132,2026/05/03 14:31:08.941, 2, GPU-4dea0284-873a-fa20-cc19-10ca82324573, NVIDIA A100-SXM4-40GB, 36749, 40960, 78, 103.84, 36
nid001132,2026/05/03 14:31:08.943, 3, GPU-cba17786-ea73-0caf-0d43-c838fbb66bcd, NVIDIA A100-SXM4-40GB, 36749, 40960, 11, 105.12, 33
nid001133,2026/05/03 14:31:09.840, 0, GPU-43cac420-244c-9975-fbd1-604f88cdd44c, NVIDIA A100-SXM4-40GB, 37481, 40960, 56, 103.96, 35
nid001133,2026/05/03 14:31:09.842, 1, GPU-73838956-9ad1-3484-0ba2-7d8b02c7a72a, NVIDIA A100-SXM4-40GB, 37471, 40960, 0, 102.04, 34
nid001133,2026/05/03 14:31:09.844, 2, GPU-aee03275-201a-58e4-7b5a-f08a6e4c1e50, NVIDIA A100-SXM4-40GB, 37471, 40960, 26, 102.56, 37
nid001133,2026/05/03 14:31:09.850, 3, GPU-e0003d1b-186b-2e66-9474-0b7af5c50af4, NVIDIA A100-SXM4-40GB, 37471, 40960, 48, 99.51, 35
nid001132,2026/05/03 14:31:12.756, 0, GPU-1ee6ac61-44ab-b161-9de0-16bbb44716e7, NVIDIA A100-SXM4-40GB, 36817, 40960, 49, 113.03, 39
nid001132,2026/05/03 14:31:12.759, 1, GPU-afa7121e-c5d0-2eb5-4e9a-8b001ff7a220, NVIDIA A100-SXM4-40GB, 36749, 40960, 73, 101.56, 35
nid001132,2026/05/03 14:31:12.764, 2, GPU-4dea0284-873a-fa20-cc19-10ca82324573, NVIDIA A100-SXM4-40GB, 36749, 40960, 29, 106.29, 36
nid001132,2026/05/03 14:31:12.766, 3, GPU-cba17786-ea73-0caf-0d43-c838fbb66bcd, NVIDIA A100-SXM4-40GB, 36749, 40960, 100, 110.35, 33
nid001133,2026/05/03 14:31:13.665, 0, GPU-43cac420-244c-9975-fbd1-604f88cdd44c, NVIDIA A100-SXM4-40GB, 37481, 40960, 47, 104.08, 35
nid001133,2026/05/03 14:31:13.668, 1, GPU-73838956-9ad1-3484-0ba2-7d8b02c7a72a, NVIDIA A100-SXM4-40GB, 37471, 40960, 9, 101.92, 34
nid001133,2026/05/03 14:31:13.670, 2, GPU-aee03275-201a-58e4-7b5a-f08a6e4c1e50, NVIDIA A100-SXM4-40GB, 37471, 40960, 63, 102.56, 37
nid001133,2026/05/03 14:31:13.671, 3, GPU-e0003d1b-186b-2e66-9474-0b7af5c50af4, NVIDIA A100-SXM4-40GB, 37471, 40960, 54, 99.63, 35
nid001132,2026/05/03 14:31:16.625, 0, GPU-1ee6ac61-44ab-b161-9de0-16bbb44716e7, NVIDIA A100-SXM4-40GB, 36817, 40960, 29, 117.41, 38
nid001132,2026/05/03 14:31:16.628, 1, GPU-afa7121e-c5d0-2eb5-4e9a-8b001ff7a220, NVIDIA A100-SXM4-40GB, 36749, 40960, 7, 102.32, 35
nid001132,2026/05/03 14:31:16.629, 2, GPU-4dea0284-873a-fa20-cc19-10ca82324573, NVIDIA A100-SXM4-40GB, 36749, 40960, 25, 110.38, 36
nid001132,2026/05/03 14:31:16.631, 3, GPU-cba17786-ea73-0caf-0d43-c838fbb66bcd, NVIDIA A100-SXM4-40GB, 36749, 40960, 23, 112.16, 33
nid001133,2026/05/03 14:31:17.462, 0, GPU-43cac420-244c-9975-fbd1-604f88cdd44c, NVIDIA A100-SXM4-40GB, 37481, 40960, 0, 103.72, 35
nid001133,2026/05/03 14:31:17.465, 1, GPU-73838956-9ad1-3484-0ba2-7d8b02c7a72a, NVIDIA A100-SXM4-40GB, 37471, 40960, 0, 102.79, 34
nid001133,2026/05/03 14:31:17.466, 2, GPU-aee03275-201a-58e4-7b5a-f08a6e4c1e50, NVIDIA A100-SXM4-40GB, 37471, 40960, 0, 102.79, 37
nid001133,2026/05/03 14:31:17.468, 3, GPU-e0003d1b-186b-2e66-9474-0b7af5c50af4, NVIDIA A100-SXM4-40GB, 37471, 40960, 28, 99.51, 35
nid001132,2026/05/03 14:31:20.460, 0, GPU-1ee6ac61-44ab-b161-9de0-16bbb44716e7, NVIDIA A100-SXM4-40GB, 36817, 40960, 100, 112.55, 39
nid001132,2026/05/03 14:31:20.463, 1, GPU-afa7121e-c5d0-2eb5-4e9a-8b001ff7a220, NVIDIA A100-SXM4-40GB, 36749, 40960, 65, 101.68, 35
nid001132,2026/05/03 14:31:20.467, 2, GPU-4dea0284-873a-fa20-cc19-10ca82324573, NVIDIA A100-SXM4-40GB, 36749, 40960, 34, 110.72, 37
nid001132,2026/05/03 14:31:20.469, 3, GPU-cba17786-ea73-0caf-0d43-c838fbb66bcd, NVIDIA A100-SXM4-40GB, 36749, 40960, 78, 105.78, 34
nid001133,2026/05/03 14:31:21.295, 0, GPU-43cac420-244c-9975-fbd1-604f88cdd44c, NVIDIA A100-SXM4-40GB, 37481, 40960, 27, 105.00, 36
nid001133,2026/05/03 14:31:21.297, 1, GPU-73838956-9ad1-3484-0ba2-7d8b02c7a72a, NVIDIA A100-SXM4-40GB, 37471, 40960, 18, 125.96, 34
nid001133,2026/05/03 14:31:21.299, 2, GPU-aee03275-201a-58e4-7b5a-f08a6e4c1e50, NVIDIA A100-SXM4-40GB, 37471, 40960, 37, 120.07, 37
nid001133,2026/05/03 14:31:21.302, 3, GPU-e0003d1b-186b-2e66-9474-0b7af5c50af4, NVIDIA A100-SXM4-40GB, 37471, 40960, 45, 100.27, 35
nid001132,2026/05/03 14:31:24.299, 0, GPU-1ee6ac61-44ab-b161-9de0-16bbb44716e7, NVIDIA A100-SXM4-40GB, 36817, 40960, 100, 106.12, 38
nid001132,2026/05/03 14:31:24.301, 1, GPU-afa7121e-c5d0-2eb5-4e9a-8b001ff7a220, NVIDIA A100-SXM4-40GB, 36749, 40960, 68, 101.15, 35
nid001132,2026/05/03 14:31:24.303, 2, GPU-4dea0284-873a-fa20-cc19-10ca82324573, NVIDIA A100-SXM4-40GB, 36749, 40960, 5, 104.48, 36
nid001132,2026/05/03 14:31:24.304, 3, GPU-cba17786-ea73-0caf-0d43-c838fbb66bcd, NVIDIA A100-SXM4-40GB, 36749, 40960, 41, 109.07, 33
nid001133,2026/05/03 14:31:25.134, 0, GPU-43cac420-244c-9975-fbd1-604f88cdd44c, NVIDIA A100-SXM4-40GB, 37481, 40960, 29, 105.24, 35
nid001133,2026/05/03 14:31:25.136, 1, GPU-73838956-9ad1-3484-0ba2-7d8b02c7a72a, NVIDIA A100-SXM4-40GB, 37471, 40960, 67, 102.79, 34
nid001133,2026/05/03 14:31:25.138, 2, GPU-aee03275-201a-58e4-7b5a-f08a6e4c1e50, NVIDIA A100-SXM4-40GB, 37471, 40960, 95, 122.12, 37
nid001133,2026/05/03 14:31:25.139, 3, GPU-e0003d1b-186b-2e66-9474-0b7af5c50af4, NVIDIA A100-SXM4-40GB, 37471, 40960, 37, 100.51, 35
nid001132,2026/05/03 14:31:28.032, 0, GPU-1ee6ac61-44ab-b161-9de0-16bbb44716e7, NVIDIA A100-SXM4-40GB, 36817, 40960, 19, 105.65, 38
nid001132,2026/05/03 14:31:28.035, 1, GPU-afa7121e-c5d0-2eb5-4e9a-8b001ff7a220, NVIDIA A100-SXM4-40GB, 36749, 40960, 53, 101.27, 35
nid001132,2026/05/03 14:31:28.036, 2, GPU-4dea0284-873a-fa20-cc19-10ca82324573, NVIDIA A100-SXM4-40GB, 36749, 40960, 17, 103.72, 36
nid001132,2026/05/03 14:31:28.038, 3, GPU-cba17786-ea73-0caf-0d43-c838fbb66bcd, NVIDIA A100-SXM4-40GB, 36749, 40960, 2, 105.25, 33
nid001133,2026/05/03 14:31:28.902, 0, GPU-43cac420-244c-9975-fbd1-604f88cdd44c, NVIDIA A100-SXM4-40GB, 37481, 40960, 26, 104.08, 35
nid001133,2026/05/03 14:31:28.905, 1, GPU-73838956-9ad1-3484-0ba2-7d8b02c7a72a, NVIDIA A100-SXM4-40GB, 37471, 40960, 1, 102.68, 34
nid001133,2026/05/03 14:31:28.906, 2, GPU-aee03275-201a-58e4-7b5a-f08a6e4c1e50, NVIDIA A100-SXM4-40GB, 37471, 40960, 1, 102.56, 37
nid001133,2026/05/03 14:31:28.908, 3, GPU-e0003d1b-186b-2e66-9474-0b7af5c50af4, NVIDIA A100-SXM4-40GB, 37471, 40960, 21, 99.63, 35
nid001132,2026/05/03 14:31:31.767, 0, GPU-1ee6ac61-44ab-b161-9de0-16bbb44716e7, NVIDIA A100-SXM4-40GB, 36817, 40960, 48, 109.99, 39
nid001132,2026/05/03 14:31:31.774, 1, GPU-afa7121e-c5d0-2eb5-4e9a-8b001ff7a220, NVIDIA A100-SXM4-40GB, 36749, 40960, 29, 123.40, 35
nid001132,2026/05/03 14:31:31.776, 2, GPU-4dea0284-873a-fa20-cc19-10ca82324573, NVIDIA A100-SXM4-40GB, 36749, 40960, 36, 104.88, 36
nid001132,2026/05/03 14:31:31.782, 3, GPU-cba17786-ea73-0caf-0d43-c838fbb66bcd, NVIDIA A100-SXM4-40GB, 36749, 40960, 56, 128.40, 34
nid001133,2026/05/03 14:31:32.706, 0, GPU-43cac420-244c-9975-fbd1-604f88cdd44c, NVIDIA A100-SXM4-40GB, 37481, 40960, 6, 118.79, 36
nid001133,2026/05/03 14:31:32.709, 1, GPU-73838956-9ad1-3484-0ba2-7d8b02c7a72a, NVIDIA A100-SXM4-40GB, 37471, 40960, 40, 112.26, 34
nid001133,2026/05/03 14:31:32.710, 2, GPU-aee03275-201a-58e4-7b5a-f08a6e4c1e50, NVIDIA A100-SXM4-40GB, 37471, 40960, 22, 118.03, 37
nid001133,2026/05/03 14:31:32.712, 3, GPU-e0003d1b-186b-2e66-9474-0b7af5c50af4, NVIDIA A100-SXM4-40GB, 37471, 40960, 3, 114.60, 35
nid001132,2026/05/03 14:31:35.593, 0, GPU-1ee6ac61-44ab-b161-9de0-16bbb44716e7, NVIDIA A100-SXM4-40GB, 36817, 40960, 92, 105.89, 38
nid001132,2026/05/03 14:31:35.599, 1, GPU-afa7121e-c5d0-2eb5-4e9a-8b001ff7a220, NVIDIA A100-SXM4-40GB, 36749, 40960, 80, 101.15, 35
nid001132,2026/05/03 14:31:35.605, 2, GPU-4dea0284-873a-fa20-cc19-10ca82324573, NVIDIA A100-SXM4-40GB, 36749, 40960, 56, 103.60, 36
nid001132,2026/05/03 14:31:35.609, 3, GPU-cba17786-ea73-0caf-0d43-c838fbb66bcd, NVIDIA A100-SXM4-40GB, 36749, 40960, 80, 105.12, 33
nid001133,2026/05/03 14:31:36.479, 0, GPU-43cac420-244c-9975-fbd1-604f88cdd44c, NVIDIA A100-SXM4-40GB, 37481, 40960, 91, 103.96, 35
nid001133,2026/05/03 14:31:36.481, 1, GPU-73838956-9ad1-3484-0ba2-7d8b02c7a72a, NVIDIA A100-SXM4-40GB, 37471, 40960, 0, 102.44, 34
nid001133,2026/05/03 14:31:36.483, 2, GPU-aee03275-201a-58e4-7b5a-f08a6e4c1e50, NVIDIA A100-SXM4-40GB, 37471, 40960, 0, 102.56, 37
nid001133,2026/05/03 14:31:36.484, 3, GPU-e0003d1b-186b-2e66-9474-0b7af5c50af4, NVIDIA A100-SXM4-40GB, 37471, 40960, 0, 99.51, 35
nid001132,2026/05/03 14:31:39.533, 0, GPU-1ee6ac61-44ab-b161-9de0-16bbb44716e7, NVIDIA A100-SXM4-40GB, 36817, 40960, 74, 106.00, 38
nid001132,2026/05/03 14:31:39.536, 1, GPU-afa7121e-c5d0-2eb5-4e9a-8b001ff7a220, NVIDIA A100-SXM4-40GB, 36749, 40960, 63, 101.15, 35
nid001132,2026/05/03 14:31:39.538, 2, GPU-4dea0284-873a-fa20-cc19-10ca82324573, NVIDIA A100-SXM4-40GB, 36749, 40960, 86, 104.12, 36
nid001132,2026/05/03 14:31:39.539, 3, GPU-cba17786-ea73-0caf-0d43-c838fbb66bcd, NVIDIA A100-SXM4-40GB, 36749, 40960, 2, 105.37, 33
nid001133,2026/05/03 14:31:40.376, 0, GPU-43cac420-244c-9975-fbd1-604f88cdd44c, NVIDIA A100-SXM4-40GB, 37481, 40960, 67, 103.96, 35
nid001133,2026/05/03 14:31:40.378, 1, GPU-73838956-9ad1-3484-0ba2-7d8b02c7a72a, NVIDIA A100-SXM4-40GB, 37471, 40960, 33, 102.04, 34
nid001133,2026/05/03 14:31:40.380, 2, GPU-aee03275-201a-58e4-7b5a-f08a6e4c1e50, NVIDIA A100-SXM4-40GB, 37471, 40960, 4, 102.43, 37
nid001133,2026/05/03 14:31:40.381, 3, GPU-e0003d1b-186b-2e66-9474-0b7af5c50af4, NVIDIA A100-SXM4-40GB, 37471, 40960, 65, 99.75, 35
nid001132,2026/05/03 14:31:43.260, 0, GPU-1ee6ac61-44ab-b161-9de0-16bbb44716e7, NVIDIA A100-SXM4-40GB, 36817, 40960, 81, 105.65, 38
nid001132,2026/05/03 14:31:43.263, 1, GPU-afa7121e-c5d0-2eb5-4e9a-8b001ff7a220, NVIDIA A100-SXM4-40GB, 36749, 40960, 100, 101.27, 35
nid001132,2026/05/03 14:31:43.270, 2, GPU-4dea0284-873a-fa20-cc19-10ca82324573, NVIDIA A100-SXM4-40GB, 36749, 40960, 56, 103.72, 36
nid001132,2026/05/03 14:31:43.271, 3, GPU-cba17786-ea73-0caf-0d43-c838fbb66bcd, NVIDIA A100-SXM4-40GB, 36749, 40960, 18, 105.25, 33
nid001133,2026/05/03 14:31:44.105, 0, GPU-43cac420-244c-9975-fbd1-604f88cdd44c, NVIDIA A100-SXM4-40GB, 37481, 40960, 20, 104.08, 35
nid001133,2026/05/03 14:31:44.107, 1, GPU-73838956-9ad1-3484-0ba2-7d8b02c7a72a, NVIDIA A100-SXM4-40GB, 37471, 40960, 10, 101.92, 34
nid001133,2026/05/03 14:31:44.109, 2, GPU-aee03275-201a-58e4-7b5a-f08a6e4c1e50, NVIDIA A100-SXM4-40GB, 37471, 40960, 0, 102.56, 37
nid001133,2026/05/03 14:31:44.110, 3, GPU-e0003d1b-186b-2e66-9474-0b7af5c50af4, NVIDIA A100-SXM4-40GB, 37471, 40960, 0, 99.63, 35
nid001132,2026/05/03 14:31:46.977, 0, GPU-1ee6ac61-44ab-b161-9de0-16bbb44716e7, NVIDIA A100-SXM4-40GB, 36817, 40960, 64, 111.66, 39
nid001132,2026/05/03 14:31:46.980, 1, GPU-afa7121e-c5d0-2eb5-4e9a-8b001ff7a220, NVIDIA A100-SXM4-40GB, 36749, 40960, 52, 122.97, 35
nid001132,2026/05/03 14:31:46.981, 2, GPU-4dea0284-873a-fa20-cc19-10ca82324573, NVIDIA A100-SXM4-40GB, 36749, 40960, 0, 112.00, 36
nid001132,2026/05/03 14:31:46.986, 3, GPU-cba17786-ea73-0caf-0d43-c838fbb66bcd, NVIDIA A100-SXM4-40GB, 36749, 40960, 78, 112.03, 33
nid001133,2026/05/03 14:31:47.908, 0, GPU-43cac420-244c-9975-fbd1-604f88cdd44c, NVIDIA A100-SXM4-40GB, 37481, 40960, 0, 104.24, 36
nid001133,2026/05/03 14:31:47.911, 1, GPU-73838956-9ad1-3484-0ba2-7d8b02c7a72a, NVIDIA A100-SXM4-40GB, 37471, 40960, 0, 122.88, 34
nid001133,2026/05/03 14:31:47.912, 2, GPU-aee03275-201a-58e4-7b5a-f08a6e4c1e50, NVIDIA A100-SXM4-40GB, 37471, 40960, 100, 124.40, 37
nid001133,2026/05/03 14:31:47.914, 3, GPU-e0003d1b-186b-2e66-9474-0b7af5c50af4, NVIDIA A100-SXM4-40GB, 37471, 40960, 0, 99.51, 35
nid001132,2026/05/03 14:31:50.849, 0, GPU-1ee6ac61-44ab-b161-9de0-16bbb44716e7, NVIDIA A100-SXM4-40GB, 36817, 40960, 0, 116.74, 38
nid001132,2026/05/03 14:31:50.856, 1, GPU-afa7121e-c5d0-2eb5-4e9a-8b001ff7a220, NVIDIA A100-SXM4-40GB, 36749, 40960, 0, 104.48, 35
nid001132,2026/05/03 14:31:50.861, 2, GPU-4dea0284-873a-fa20-cc19-10ca82324573, NVIDIA A100-SXM4-40GB, 36749, 40960, 3, 112.29, 36
nid001132,2026/05/03 14:31:50.865, 3, GPU-cba17786-ea73-0caf-0d43-c838fbb66bcd, NVIDIA A100-SXM4-40GB, 36749, 40960, 0, 121.73, 33
nid001133,2026/05/03 14:31:51.726, 0, GPU-43cac420-244c-9975-fbd1-604f88cdd44c, NVIDIA A100-SXM4-40GB, 37481, 40960, 12, 103.96, 35
nid001133,2026/05/03 14:31:51.728, 1, GPU-73838956-9ad1-3484-0ba2-7d8b02c7a72a, NVIDIA A100-SXM4-40GB, 37471, 40960, 3, 102.04, 34
nid001133,2026/05/03 14:31:51.730, 2, GPU-aee03275-201a-58e4-7b5a-f08a6e4c1e50, NVIDIA A100-SXM4-40GB, 37471, 40960, 0, 102.43, 37
nid001133,2026/05/03 14:31:51.731, 3, GPU-e0003d1b-186b-2e66-9474-0b7af5c50af4, NVIDIA A100-SXM4-40GB, 37471, 40960, 1, 99.51, 35
nid001132,2026/05/03 14:31:54.663, 0, GPU-1ee6ac61-44ab-b161-9de0-16bbb44716e7, NVIDIA A100-SXM4-40GB, 36817, 40960, 9, 105.89, 38
nid001132,2026/05/03 14:31:54.666, 1, GPU-afa7121e-c5d0-2eb5-4e9a-8b001ff7a220, NVIDIA A100-SXM4-40GB, 36749, 40960, 43, 101.15, 35
nid001132,2026/05/03 14:31:54.673, 2, GPU-4dea0284-873a-fa20-cc19-10ca82324573, NVIDIA A100-SXM4-40GB, 36749, 40960, 0, 103.84, 36
nid001132,2026/05/03 14:31:54.675, 3, GPU-cba17786-ea73-0caf-0d43-c838fbb66bcd, NVIDIA A100-SXM4-40GB, 36749, 40960, 90, 105.12, 33
nid001133,2026/05/03 14:31:55.512, 0, GPU-43cac420-244c-9975-fbd1-604f88cdd44c, NVIDIA A100-SXM4-40GB, 37481, 40960, 6, 103.96, 35
nid001133,2026/05/03 14:31:55.514, 1, GPU-73838956-9ad1-3484-0ba2-7d8b02c7a72a, NVIDIA A100-SXM4-40GB, 37471, 40960, 0, 102.79, 34
nid001133,2026/05/03 14:31:55.516, 2, GPU-aee03275-201a-58e4-7b5a-f08a6e4c1e50, NVIDIA A100-SXM4-40GB, 37471, 40960, 0, 102.43, 37
nid001133,2026/05/03 14:31:55.518, 3, GPU-e0003d1b-186b-2e66-9474-0b7af5c50af4, NVIDIA A100-SXM4-40GB, 37471, 40960, 5, 99.51, 35
nid001132,2026/05/03 14:31:58.403, 0, GPU-1ee6ac61-44ab-b161-9de0-16bbb44716e7, NVIDIA A100-SXM4-40GB, 36817, 40960, 13, 106.12, 38
nid001132,2026/05/03 14:31:58.406, 1, GPU-afa7121e-c5d0-2eb5-4e9a-8b001ff7a220, NVIDIA A100-SXM4-40GB, 36749, 40960, 17, 101.15, 35
nid001132,2026/05/03 14:31:58.407, 2, GPU-4dea0284-873a-fa20-cc19-10ca82324573, NVIDIA A100-SXM4-40GB, 36749, 40960, 33, 103.72, 36
nid001132,2026/05/03 14:31:58.409, 3, GPU-cba17786-ea73-0caf-0d43-c838fbb66bcd, NVIDIA A100-SXM4-40GB, 36749, 40960, 82, 105.25, 33
nid001133,2026/05/03 14:31:59.229, 0, GPU-43cac420-244c-9975-fbd1-604f88cdd44c, NVIDIA A100-SXM4-40GB, 37481, 40960, 41, 125.53, 35
nid001133,2026/05/03 14:31:59.232, 1, GPU-73838956-9ad1-3484-0ba2-7d8b02c7a72a, NVIDIA A100-SXM4-40GB, 37471, 40960, 51, 102.04, 34
nid001133,2026/05/03 14:31:59.239, 2, GPU-aee03275-201a-58e4-7b5a-f08a6e4c1e50, NVIDIA A100-SXM4-40GB, 37471, 40960, 29, 105.76, 37
nid001133,2026/05/03 14:31:59.244, 3, GPU-e0003d1b-186b-2e66-9474-0b7af5c50af4, NVIDIA A100-SXM4-40GB, 37471, 40960, 93, 99.51, 35
nid001132,2026/05/03 14:32:02.190, 0, GPU-1ee6ac61-44ab-b161-9de0-16bbb44716e7, NVIDIA A100-SXM4-40GB, 36817, 40960, 51, 107.70, 38
nid001132,2026/05/03 14:32:02.193, 1, GPU-afa7121e-c5d0-2eb5-4e9a-8b001ff7a220, NVIDIA A100-SXM4-40GB, 36749, 40960, 18, 119.31, 35
nid001132,2026/05/03 14:32:02.194, 2, GPU-4dea0284-873a-fa20-cc19-10ca82324573, NVIDIA A100-SXM4-40GB, 36749, 40960, 42, 107.15, 36
nid001132,2026/05/03 14:32:02.196, 3, GPU-cba17786-ea73-0caf-0d43-c838fbb66bcd, NVIDIA A100-SXM4-40GB, 36749, 40960, 43, 109.74, 33
nid001133,2026/05/03 14:32:03.050, 0, GPU-43cac420-244c-9975-fbd1-604f88cdd44c, NVIDIA A100-SXM4-40GB, 37481, 40960, 0, 105.76, 35
nid001133,2026/05/03 14:32:03.053, 1, GPU-73838956-9ad1-3484-0ba2-7d8b02c7a72a, NVIDIA A100-SXM4-40GB, 37471, 40960, 95, 113.31, 34
nid001133,2026/05/03 14:32:03.054, 2, GPU-aee03275-201a-58e4-7b5a-f08a6e4c1e50, NVIDIA A100-SXM4-40GB, 37471, 40960, 75, 102.56, 37
nid001133,2026/05/03 14:32:03.056, 3, GPU-e0003d1b-186b-2e66-9474-0b7af5c50af4, NVIDIA A100-SXM4-40GB, 37471, 40960, 0, 101.80, 35
nid001132,2026/05/03 14:32:05.932, 0, GPU-1ee6ac61-44ab-b161-9de0-16bbb44716e7, NVIDIA A100-SXM4-40GB, 36817, 40960, 18, 111.37, 38
nid001132,2026/05/03 14:32:05.934, 1, GPU-afa7121e-c5d0-2eb5-4e9a-8b001ff7a220, NVIDIA A100-SXM4-40GB, 36749, 40960, 63, 110.61, 35
nid001132,2026/05/03 14:32:05.936, 2, GPU-4dea0284-873a-fa20-cc19-10ca82324573, NVIDIA A100-SXM4-40GB, 36749, 40960, 2, 108.96, 36
nid001132,2026/05/03 14:32:05.938, 3, GPU-cba17786-ea73-0caf-0d43-c838fbb66bcd, NVIDIA A100-SXM4-40GB, 36749, 40960, 82, 123.55, 34
nid001133,2026/05/03 14:32:06.822, 0, GPU-43cac420-244c-9975-fbd1-604f88cdd44c, NVIDIA A100-SXM4-40GB, 37481, 40960, 9, 128.86, 36
nid001133,2026/05/03 14:32:06.825, 1, GPU-73838956-9ad1-3484-0ba2-7d8b02c7a72a, NVIDIA A100-SXM4-40GB, 37471, 40960, 8, 134.90, 34
nid001133,2026/05/03 14:32:06.826, 2, GPU-aee03275-201a-58e4-7b5a-f08a6e4c1e50, NVIDIA A100-SXM4-40GB, 37471, 40960, 42, 125.01, 37
nid001133,2026/05/03 14:32:06.828, 3, GPU-e0003d1b-186b-2e66-9474-0b7af5c50af4, NVIDIA A100-SXM4-40GB, 37471, 40960, 10, 118.79, 35
nid001132,2026/05/03 14:32:09.773, 0, GPU-1ee6ac61-44ab-b161-9de0-16bbb44716e7, NVIDIA A100-SXM4-40GB, 36817, 40960, 73, 111.79, 38
nid001132,2026/05/03 14:32:09.776, 1, GPU-afa7121e-c5d0-2eb5-4e9a-8b001ff7a220, NVIDIA A100-SXM4-40GB, 36749, 40960, 11, 116.99, 35
nid001132,2026/05/03 14:32:09.777, 2, GPU-4dea0284-873a-fa20-cc19-10ca82324573, NVIDIA A100-SXM4-40GB, 36749, 40960, 38, 111.66, 36
nid001132,2026/05/03 14:32:09.779, 3, GPU-cba17786-ea73-0caf-0d43-c838fbb66bcd, NVIDIA A100-SXM4-40GB, 36749, 40960, 56, 117.55, 33
nid001133,2026/05/03 14:32:10.744, 0, GPU-43cac420-244c-9975-fbd1-604f88cdd44c, NVIDIA A100-SXM4-40GB, 37481, 40960, 0, 103.96, 35
nid001133,2026/05/03 14:32:10.747, 1, GPU-73838956-9ad1-3484-0ba2-7d8b02c7a72a, NVIDIA A100-SXM4-40GB, 37471, 40960, 0, 113.03, 34
nid001133,2026/05/03 14:32:10.748, 2, GPU-aee03275-201a-58e4-7b5a-f08a6e4c1e50, NVIDIA A100-SXM4-40GB, 37471, 40960, 0, 102.56, 36
nid001133,2026/05/03 14:32:10.750, 3, GPU-e0003d1b-186b-2e66-9474-0b7af5c50af4, NVIDIA A100-SXM4-40GB, 37471, 40960, 3, 112.03, 35
nid001132,2026/05/03 14:32:13.690, 0, GPU-1ee6ac61-44ab-b161-9de0-16bbb44716e7, NVIDIA A100-SXM4-40GB, 36817, 40960, 76, 106.65, 38
nid001132,2026/05/03 14:32:13.693, 1, GPU-afa7121e-c5d0-2eb5-4e9a-8b001ff7a220, NVIDIA A100-SXM4-40GB, 36749, 40960, 46, 103.96, 35
nid001132,2026/05/03 14:32:13.694, 2, GPU-4dea0284-873a-fa20-cc19-10ca82324573, NVIDIA A100-SXM4-40GB, 36749, 40960, 94, 104.59, 36
nid001132,2026/05/03 14:32:13.696, 3, GPU-cba17786-ea73-0caf-0d43-c838fbb66bcd, NVIDIA A100-SXM4-40GB, 36749, 40960, 59, 120.21, 33
nid001133,2026/05/03 14:32:14.581, 0, GPU-43cac420-244c-9975-fbd1-604f88cdd44c, NVIDIA A100-SXM4-40GB, 37481, 40960, 88, 110.38, 36
nid001133,2026/05/03 14:32:14.584, 1, GPU-73838956-9ad1-3484-0ba2-7d8b02c7a72a, NVIDIA A100-SXM4-40GB, 37471, 40960, 0, 103.60, 34
nid001133,2026/05/03 14:32:14.585, 2, GPU-aee03275-201a-58e4-7b5a-f08a6e4c1e50, NVIDIA A100-SXM4-40GB, 37471, 40960, 6, 107.57, 37
nid001133,2026/05/03 14:32:14.587, 3, GPU-e0003d1b-186b-2e66-9474-0b7af5c50af4, NVIDIA A100-SXM4-40GB, 37471, 40960, 0, 104.60, 35
nid001132,2026/05/03 14:32:17.445, 0, GPU-1ee6ac61-44ab-b161-9de0-16bbb44716e7, NVIDIA A100-SXM4-40GB, 36817, 40960, 17, 115.99, 38
nid001132,2026/05/03 14:32:17.448, 1, GPU-afa7121e-c5d0-2eb5-4e9a-8b001ff7a220, NVIDIA A100-SXM4-40GB, 36749, 40960, 5, 113.04, 35
nid001132,2026/05/03 14:32:17.449, 2, GPU-4dea0284-873a-fa20-cc19-10ca82324573, NVIDIA A100-SXM4-40GB, 36749, 40960, 33, 118.88, 36
nid001132,2026/05/03 14:32:17.451, 3, GPU-cba17786-ea73-0caf-0d43-c838fbb66bcd, NVIDIA A100-SXM4-40GB, 36749, 40960, 32, 122.50, 34
nid001133,2026/05/03 14:32:18.279, 0, GPU-43cac420-244c-9975-fbd1-604f88cdd44c, NVIDIA A100-SXM4-40GB, 37481, 40960, 61, 130.14, 36
nid001133,2026/05/03 14:32:18.281, 1, GPU-73838956-9ad1-3484-0ba2-7d8b02c7a72a, NVIDIA A100-SXM4-40GB, 37471, 40960, 19, 122.50, 34
nid001133,2026/05/03 14:32:18.283, 2, GPU-aee03275-201a-58e4-7b5a-f08a6e4c1e50, NVIDIA A100-SXM4-40GB, 37471, 40960, 3, 109.09, 37
nid001133,2026/05/03 14:32:18.285, 3, GPU-e0003d1b-186b-2e66-9474-0b7af5c50af4, NVIDIA A100-SXM4-40GB, 37471, 40960, 0, 109.74, 35
nid001132,2026/05/03 14:32:21.198, 0, GPU-1ee6ac61-44ab-b161-9de0-16bbb44716e7, NVIDIA A100-SXM4-40GB, 36817, 40960, 38, 121.35, 38
nid001132,2026/05/03 14:32:21.200, 1, GPU-afa7121e-c5d0-2eb5-4e9a-8b001ff7a220, NVIDIA A100-SXM4-40GB, 36749, 40960, 7, 105.12, 35
nid001132,2026/05/03 14:32:21.202, 2, GPU-4dea0284-873a-fa20-cc19-10ca82324573, NVIDIA A100-SXM4-40GB, 36749, 40960, 55, 116.23, 36
nid001132,2026/05/03 14:32:21.204, 3, GPU-cba17786-ea73-0caf-0d43-c838fbb66bcd, NVIDIA A100-SXM4-40GB, 36749, 40960, 16, 116.99, 33
nid001133,2026/05/03 14:32:22.048, 0, GPU-43cac420-244c-9975-fbd1-604f88cdd44c, NVIDIA A100-SXM4-40GB, 37481, 40960, 7, 103.96, 35
nid001133,2026/05/03 14:32:22.050, 1, GPU-73838956-9ad1-3484-0ba2-7d8b02c7a72a, NVIDIA A100-SXM4-40GB, 37471, 40960, 0, 102.04, 34
nid001133,2026/05/03 14:32:22.052, 2, GPU-aee03275-201a-58e4-7b5a-f08a6e4c1e50, NVIDIA A100-SXM4-40GB, 37471, 40960, 0, 102.43, 36
nid001133,2026/05/03 14:32:22.053, 3, GPU-e0003d1b-186b-2e66-9474-0b7af5c50af4, NVIDIA A100-SXM4-40GB, 37471, 40960, 4, 99.51, 35
nid001132,2026/05/03 14:32:25.012, 0, GPU-1ee6ac61-44ab-b161-9de0-16bbb44716e7, NVIDIA A100-SXM4-40GB, 36817, 40960, 24, 105.89, 38
nid001132,2026/05/03 14:32:25.015, 1, GPU-afa7121e-c5d0-2eb5-4e9a-8b001ff7a220, NVIDIA A100-SXM4-40GB, 36749, 40960, 72, 101.15, 35
nid001132,2026/05/03 14:32:25.017, 2, GPU-4dea0284-873a-fa20-cc19-10ca82324573, NVIDIA A100-SXM4-40GB, 36749, 40960, 7, 103.96, 36
nid001132,2026/05/03 14:32:25.018, 3, GPU-cba17786-ea73-0caf-0d43-c838fbb66bcd, NVIDIA A100-SXM4-40GB, 36749, 40960, 49, 105.49, 33
nid001133,2026/05/03 14:32:25.950, 0, GPU-43cac420-244c-9975-fbd1-604f88cdd44c, NVIDIA A100-SXM4-40GB, 37481, 40960, 46, 103.96, 35
nid001133,2026/05/03 14:32:25.953, 1, GPU-73838956-9ad1-3484-0ba2-7d8b02c7a72a, NVIDIA A100-SXM4-40GB, 37471, 40960, 0, 102.32, 34
nid001133,2026/05/03 14:32:25.954, 2, GPU-aee03275-201a-58e4-7b5a-f08a6e4c1e50, NVIDIA A100-SXM4-40GB, 37471, 40960, 0, 102.56, 36
nid001133,2026/05/03 14:32:25.956, 3, GPU-e0003d1b-186b-2e66-9474-0b7af5c50af4, NVIDIA A100-SXM4-40GB, 37471, 40960, 0, 99.51, 35
nid001132,2026/05/03 14:32:28.884, 0, GPU-1ee6ac61-44ab-b161-9de0-16bbb44716e7, NVIDIA A100-SXM4-40GB, 36817, 40960, 11, 129.25, 38
nid001132,2026/05/03 14:32:28.889, 1, GPU-afa7121e-c5d0-2eb5-4e9a-8b001ff7a220, NVIDIA A100-SXM4-40GB, 36749, 40960, 51, 109.61, 35
nid001132,2026/05/03 14:32:28.891, 2, GPU-4dea0284-873a-fa20-cc19-10ca82324573, NVIDIA A100-SXM4-40GB, 36749, 40960, 56, 125.82, 36
nid001132,2026/05/03 14:32:28.897, 3, GPU-cba17786-ea73-0caf-0d43-c838fbb66bcd, NVIDIA A100-SXM4-40GB, 36749, 40960, 70, 106.01, 33
nid001133,2026/05/03 14:32:29.821, 0, GPU-43cac420-244c-9975-fbd1-604f88cdd44c, NVIDIA A100-SXM4-40GB, 37481, 40960, 63, 104.24, 35
nid001133,2026/05/03 14:32:29.827, 1, GPU-73838956-9ad1-3484-0ba2-7d8b02c7a72a, NVIDIA A100-SXM4-40GB, 37471, 40960, 82, 117.93, 34
nid001133,2026/05/03 14:32:29.831, 2, GPU-aee03275-201a-58e4-7b5a-f08a6e4c1e50, NVIDIA A100-SXM4-40GB, 37471, 40960, 76, 131.29, 37
nid001133,2026/05/03 14:32:29.833, 3, GPU-e0003d1b-186b-2e66-9474-0b7af5c50af4, NVIDIA A100-SXM4-40GB, 37471, 40960, 28, 99.75, 35
nid001132,2026/05/03 14:32:32.749, 0, GPU-1ee6ac61-44ab-b161-9de0-16bbb44716e7, NVIDIA A100-SXM4-40GB, 36817, 40960, 80, 105.65, 38
nid001132,2026/05/03 14:32:32.751, 1, GPU-afa7121e-c5d0-2eb5-4e9a-8b001ff7a220, NVIDIA A100-SXM4-40GB, 36749, 40960, 67, 101.43, 35
nid001132,2026/05/03 14:32:32.753, 2, GPU-4dea0284-873a-fa20-cc19-10ca82324573, NVIDIA A100-SXM4-40GB, 36749, 40960, 93, 103.60, 36
nid001132,2026/05/03 14:32:32.755, 3, GPU-cba17786-ea73-0caf-0d43-c838fbb66bcd, NVIDIA A100-SXM4-40GB, 36749, 40960, 1, 105.12, 33
nid001133,2026/05/03 14:32:33.663, 0, GPU-43cac420-244c-9975-fbd1-604f88cdd44c, NVIDIA A100-SXM4-40GB, 37481, 40960, 9, 103.96, 35
nid001133,2026/05/03 14:32:33.670, 1, GPU-73838956-9ad1-3484-0ba2-7d8b02c7a72a, NVIDIA A100-SXM4-40GB, 37471, 40960, 7, 102.04, 34
nid001133,2026/05/03 14:32:33.672, 2, GPU-aee03275-201a-58e4-7b5a-f08a6e4c1e50, NVIDIA A100-SXM4-40GB, 37471, 40960, 0, 102.43, 36
nid001133,2026/05/03 14:32:33.674, 3, GPU-e0003d1b-186b-2e66-9474-0b7af5c50af4, NVIDIA A100-SXM4-40GB, 37471, 40960, 1, 99.51, 35
nid001132,2026/05/03 14:32:36.535, 0, GPU-1ee6ac61-44ab-b161-9de0-16bbb44716e7, NVIDIA A100-SXM4-40GB, 36817, 40960, 45, 117.64, 38
nid001132,2026/05/03 14:32:36.538, 1, GPU-afa7121e-c5d0-2eb5-4e9a-8b001ff7a220, NVIDIA A100-SXM4-40GB, 36749, 40960, 86, 108.33, 35
nid001132,2026/05/03 14:32:36.540, 2, GPU-4dea0284-873a-fa20-cc19-10ca82324573, NVIDIA A100-SXM4-40GB, 36749, 40960, 50, 113.57, 36
nid001132,2026/05/03 14:32:36.541, 3, GPU-cba17786-ea73-0caf-0d43-c838fbb66bcd, NVIDIA A100-SXM4-40GB, 36749, 40960, 32, 106.25, 33
nid001133,2026/05/03 14:32:37.372, 0, GPU-43cac420-244c-9975-fbd1-604f88cdd44c, NVIDIA A100-SXM4-40GB, 37481, 40960, 6, 126.44, 36
nid001133,2026/05/03 14:32:37.375, 1, GPU-73838956-9ad1-3484-0ba2-7d8b02c7a72a, NVIDIA A100-SXM4-40GB, 37471, 40960, 0, 124.07, 34
nid001133,2026/05/03 14:32:37.376, 2, GPU-aee03275-201a-58e4-7b5a-f08a6e4c1e50, NVIDIA A100-SXM4-40GB, 37471, 40960, 0, 116.88, 37
nid001133,2026/05/03 14:32:37.378, 3, GPU-e0003d1b-186b-2e66-9474-0b7af5c50af4, NVIDIA A100-SXM4-40GB, 37471, 40960, 0, 99.22, 35
nid001132,2026/05/03 14:32:40.303, 0, GPU-1ee6ac61-44ab-b161-9de0-16bbb44716e7, NVIDIA A100-SXM4-40GB, 36817, 40960, 14, 106.00, 38
nid001132,2026/05/03 14:32:40.306, 1, GPU-afa7121e-c5d0-2eb5-4e9a-8b001ff7a220, NVIDIA A100-SXM4-40GB, 36749, 40960, 0, 101.43, 35
nid001132,2026/05/03 14:32:40.308, 2, GPU-4dea0284-873a-fa20-cc19-10ca82324573, NVIDIA A100-SXM4-40GB, 36749, 40960, 0, 104.12, 36
nid001132,2026/05/03 14:32:40.309, 3, GPU-cba17786-ea73-0caf-0d43-c838fbb66bcd, NVIDIA A100-SXM4-40GB, 36749, 40960, 67, 105.65, 33
nid001133,2026/05/03 14:32:41.135, 0, GPU-43cac420-244c-9975-fbd1-604f88cdd44c, NVIDIA A100-SXM4-40GB, 37481, 40960, 50, 103.96, 35
nid001133,2026/05/03 14:32:41.138, 1, GPU-73838956-9ad1-3484-0ba2-7d8b02c7a72a, NVIDIA A100-SXM4-40GB, 37471, 40960, 62, 102.79, 34
nid001133,2026/05/03 14:32:41.140, 2, GPU-aee03275-201a-58e4-7b5a-f08a6e4c1e50, NVIDIA A100-SXM4-40GB, 37471, 40960, 80, 102.56, 37
nid001133,2026/05/03 14:32:41.141, 3, GPU-e0003d1b-186b-2e66-9474-0b7af5c50af4, NVIDIA A100-SXM4-40GB, 37471, 40960, 38, 99.51, 35
nid001132,2026/05/03 14:32:44.028, 0, GPU-1ee6ac61-44ab-b161-9de0-16bbb44716e7, NVIDIA A100-SXM4-40GB, 36817, 40960, 100, 114.94, 38
nid001132,2026/05/03 14:32:44.030, 1, GPU-afa7121e-c5d0-2eb5-4e9a-8b001ff7a220, NVIDIA A100-SXM4-40GB, 36749, 40960, 30, 104.24, 35
nid001132,2026/05/03 14:32:44.032, 2, GPU-4dea0284-873a-fa20-cc19-10ca82324573, NVIDIA A100-SXM4-40GB, 36749, 40960, 100, 113.29, 36
nid001132,2026/05/03 14:32:44.034, 3, GPU-cba17786-ea73-0caf-0d43-c838fbb66bcd, NVIDIA A100-SXM4-40GB, 36749, 40960, 97, 105.65, 33
nid001133,2026/05/03 14:32:44.928, 0, GPU-43cac420-244c-9975-fbd1-604f88cdd44c, NVIDIA A100-SXM4-40GB, 37481, 40960, 37, 103.96, 35
nid001133,2026/05/03 14:32:44.931, 1, GPU-73838956-9ad1-3484-0ba2-7d8b02c7a72a, NVIDIA A100-SXM4-40GB, 37471, 40960, 71, 124.92, 34
nid001133,2026/05/03 14:32:44.932, 2, GPU-aee03275-201a-58e4-7b5a-f08a6e4c1e50, NVIDIA A100-SXM4-40GB, 37471, 40960, 26, 118.79, 37
nid001133,2026/05/03 14:32:44.934, 3, GPU-e0003d1b-186b-2e66-9474-0b7af5c50af4, NVIDIA A100-SXM4-40GB, 37471, 40960, 80, 99.75, 35
nid001132,2026/05/03 14:32:47.852, 0, GPU-1ee6ac61-44ab-b161-9de0-16bbb44716e7, NVIDIA A100-SXM4-40GB, 36817, 40960, 0, 105.76, 38
nid001132,2026/05/03 14:32:47.855, 1, GPU-afa7121e-c5d0-2eb5-4e9a-8b001ff7a220, NVIDIA A100-SXM4-40GB, 36749, 40960, 100, 101.15, 35
nid001132,2026/05/03 14:32:47.857, 2, GPU-4dea0284-873a-fa20-cc19-10ca82324573, NVIDIA A100-SXM4-40GB, 36749, 40960, 0, 103.84, 36
nid001132,2026/05/03 14:32:47.858, 3, GPU-cba17786-ea73-0caf-0d43-c838fbb66bcd, NVIDIA A100-SXM4-40GB, 36749, 40960, 39, 105.12, 33
nid001133,2026/05/03 14:32:48.731, 0, GPU-43cac420-244c-9975-fbd1-604f88cdd44c, NVIDIA A100-SXM4-40GB, 37481, 40960, 68, 104.08, 35
nid001133,2026/05/03 14:32:48.733, 1, GPU-73838956-9ad1-3484-0ba2-7d8b02c7a72a, NVIDIA A100-SXM4-40GB, 37471, 40960, 2, 101.92, 34
nid001133,2026/05/03 14:32:48.735, 2, GPU-aee03275-201a-58e4-7b5a-f08a6e4c1e50, NVIDIA A100-SXM4-40GB, 37471, 40960, 22, 102.56, 37
nid001133,2026/05/03 14:32:48.736, 3, GPU-e0003d1b-186b-2e66-9474-0b7af5c50af4, NVIDIA A100-SXM4-40GB, 37471, 40960, 31, 99.34, 35
nid001132,2026/05/03 14:32:51.629, 0, GPU-1ee6ac61-44ab-b161-9de0-16bbb44716e7, NVIDIA A100-SXM4-40GB, 36817, 40960, 79, 125.44, 38
nid001132,2026/05/03 14:32:51.632, 1, GPU-afa7121e-c5d0-2eb5-4e9a-8b001ff7a220, NVIDIA A100-SXM4-40GB, 36749, 40960, 0, 105.24, 35
nid001132,2026/05/03 14:32:51.633, 2, GPU-4dea0284-873a-fa20-cc19-10ca82324573, NVIDIA A100-SXM4-40GB, 36749, 40960, 60, 124.77, 36
nid001132,2026/05/03 14:32:51.635, 3, GPU-cba17786-ea73-0caf-0d43-c838fbb66bcd, NVIDIA A100-SXM4-40GB, 36749, 40960, 13, 118.93, 33
nid001133,2026/05/03 14:32:52.500, 0, GPU-43cac420-244c-9975-fbd1-604f88cdd44c, NVIDIA A100-SXM4-40GB, 37481, 40960, 16, 133.17, 36
nid001133,2026/05/03 14:32:52.505, 1, GPU-73838956-9ad1-3484-0ba2-7d8b02c7a72a, NVIDIA A100-SXM4-40GB, 37471, 40960, 54, 125.15, 34
nid001133,2026/05/03 14:32:52.510, 2, GPU-aee03275-201a-58e4-7b5a-f08a6e4c1e50, NVIDIA A100-SXM4-40GB, 37471, 40960, 47, 111.37, 37
nid001133,2026/05/03 14:32:52.516, 3, GPU-e0003d1b-186b-2e66-9474-0b7af5c50af4, NVIDIA A100-SXM4-40GB, 37471, 40960, 52, 129.77, 35
nid001132,2026/05/03 14:32:55.454, 0, GPU-1ee6ac61-44ab-b161-9de0-16bbb44716e7, NVIDIA A100-SXM4-40GB, 36817, 40960, 0, 109.74, 38
nid001132,2026/05/03 14:32:55.457, 1, GPU-afa7121e-c5d0-2eb5-4e9a-8b001ff7a220, NVIDIA A100-SXM4-40GB, 36749, 40960, 0, 111.14, 35
nid001132,2026/05/03 14:32:55.458, 2, GPU-4dea0284-873a-fa20-cc19-10ca82324573, NVIDIA A100-SXM4-40GB, 36749, 40960, 0, 109.72, 36
nid001132,2026/05/03 14:32:55.460, 3, GPU-cba17786-ea73-0caf-0d43-c838fbb66bcd, NVIDIA A100-SXM4-40GB, 36749, 40960, 0, 120.21, 33
nid001133,2026/05/03 14:32:56.334, 0, GPU-43cac420-244c-9975-fbd1-604f88cdd44c, NVIDIA A100-SXM4-40GB, 37481, 40960, 0, 103.96, 35
nid001133,2026/05/03 14:32:56.338, 1, GPU-73838956-9ad1-3484-0ba2-7d8b02c7a72a, NVIDIA A100-SXM4-40GB, 37471, 40960, 0, 102.79, 34
nid001133,2026/05/03 14:32:56.339, 2, GPU-aee03275-201a-58e4-7b5a-f08a6e4c1e50, NVIDIA A100-SXM4-40GB, 37471, 40960, 20, 102.56, 36
nid001133,2026/05/03 14:32:56.341, 3, GPU-e0003d1b-186b-2e66-9474-0b7af5c50af4, NVIDIA A100-SXM4-40GB, 37471, 40960, 0, 99.51, 35
nid001132,2026/05/03 14:32:59.225, 0, GPU-1ee6ac61-44ab-b161-9de0-16bbb44716e7, NVIDIA A100-SXM4-40GB, 36817, 40960, 19, 105.89, 38
nid001132,2026/05/03 14:32:59.227, 1, GPU-afa7121e-c5d0-2eb5-4e9a-8b001ff7a220, NVIDIA A100-SXM4-40GB, 36749, 40960, 65, 101.15, 35
nid001132,2026/05/03 14:32:59.229, 2, GPU-4dea0284-873a-fa20-cc19-10ca82324573, NVIDIA A100-SXM4-40GB, 36749, 40960, 18, 103.60, 36
nid001132,2026/05/03 14:32:59.230, 3, GPU-cba17786-ea73-0caf-0d43-c838fbb66bcd, NVIDIA A100-SXM4-40GB, 36749, 40960, 36, 105.12, 33
nid001133,2026/05/03 14:33:00.083, 0, GPU-43cac420-244c-9975-fbd1-604f88cdd44c, NVIDIA A100-SXM4-40GB, 37481, 40960, 0, 103.96, 35
nid001133,2026/05/03 14:33:00.085, 1, GPU-73838956-9ad1-3484-0ba2-7d8b02c7a72a, NVIDIA A100-SXM4-40GB, 37471, 40960, 0, 102.04, 34
nid001133,2026/05/03 14:33:00.087, 2, GPU-aee03275-201a-58e4-7b5a-f08a6e4c1e50, NVIDIA A100-SXM4-40GB, 37471, 40960, 0, 102.56, 36
nid001133,2026/05/03 14:33:00.089, 3, GPU-e0003d1b-186b-2e66-9474-0b7af5c50af4, NVIDIA A100-SXM4-40GB, 37471, 40960, 0, 99.22, 35
nid001132,2026/05/03 14:33:02.950, 0, GPU-1ee6ac61-44ab-b161-9de0-16bbb44716e7, NVIDIA A100-SXM4-40GB, 36817, 40960, 69, 105.89, 38
nid001132,2026/05/03 14:33:02.953, 1, GPU-afa7121e-c5d0-2eb5-4e9a-8b001ff7a220, NVIDIA A100-SXM4-40GB, 36749, 40960, 73, 116.51, 35
nid001132,2026/05/03 14:33:02.954, 2, GPU-4dea0284-873a-fa20-cc19-10ca82324573, NVIDIA A100-SXM4-40GB, 36749, 40960, 52, 103.96, 36
nid001132,2026/05/03 14:33:02.956, 3, GPU-cba17786-ea73-0caf-0d43-c838fbb66bcd, NVIDIA A100-SXM4-40GB, 36749, 40960, 45, 111.40, 33
nid001133,2026/05/03 14:33:03.779, 0, GPU-43cac420-244c-9975-fbd1-604f88cdd44c, NVIDIA A100-SXM4-40GB, 37481, 40960, 53, 104.24, 35
nid001133,2026/05/03 14:33:03.782, 1, GPU-73838956-9ad1-3484-0ba2-7d8b02c7a72a, NVIDIA A100-SXM4-40GB, 37471, 40960, 32, 102.79, 34
nid001133,2026/05/03 14:33:03.784, 2, GPU-aee03275-201a-58e4-7b5a-f08a6e4c1e50, NVIDIA A100-SXM4-40GB, 37471, 40960, 65, 102.67, 37
nid001133,2026/05/03 14:33:03.785, 3, GPU-e0003d1b-186b-2e66-9474-0b7af5c50af4, NVIDIA A100-SXM4-40GB, 37471, 40960, 42, 114.18, 35
nid001132,2026/05/03 14:33:06.645, 0, GPU-1ee6ac61-44ab-b161-9de0-16bbb44716e7, NVIDIA A100-SXM4-40GB, 36817, 40960, 20, 122.64, 38
nid001132,2026/05/03 14:33:06.652, 1, GPU-afa7121e-c5d0-2eb5-4e9a-8b001ff7a220, NVIDIA A100-SXM4-40GB, 36749, 40960, 1, 119.55, 35
nid001132,2026/05/03 14:33:06.657, 2, GPU-4dea0284-873a-fa20-cc19-10ca82324573, NVIDIA A100-SXM4-40GB, 36749, 40960, 31, 120.93, 36
nid001132,2026/05/03 14:33:06.663, 3, GPU-cba17786-ea73-0caf-0d43-c838fbb66bcd, NVIDIA A100-SXM4-40GB, 36749, 40960, 40, 107.17, 33
nid001133,2026/05/03 14:33:07.523, 0, GPU-43cac420-244c-9975-fbd1-604f88cdd44c, NVIDIA A100-SXM4-40GB, 37481, 40960, 0, 104.24, 35
nid001133,2026/05/03 14:33:07.525, 1, GPU-73838956-9ad1-3484-0ba2-7d8b02c7a72a, NVIDIA A100-SXM4-40GB, 37471, 40960, 38, 103.08, 34
nid001133,2026/05/03 14:33:07.527, 2, GPU-aee03275-201a-58e4-7b5a-f08a6e4c1e50, NVIDIA A100-SXM4-40GB, 37471, 40960, 0, 102.43, 36
nid001133,2026/05/03 14:33:07.528, 3, GPU-e0003d1b-186b-2e66-9474-0b7af5c50af4, NVIDIA A100-SXM4-40GB, 37471, 40960, 0, 99.51, 35
nid001132,2026/05/03 14:33:10.486, 0, GPU-1ee6ac61-44ab-b161-9de0-16bbb44716e7, NVIDIA A100-SXM4-40GB, 36817, 40960, 2, 106.12, 38
nid001132,2026/05/03 14:33:10.493, 1, GPU-afa7121e-c5d0-2eb5-4e9a-8b001ff7a220, NVIDIA A100-SXM4-40GB, 36749, 40960, 22, 101.43, 35
nid001132,2026/05/03 14:33:10.498, 2, GPU-4dea0284-873a-fa20-cc19-10ca82324573, NVIDIA A100-SXM4-40GB, 36749, 40960, 84, 104.12, 36
nid001132,2026/05/03 14:33:10.502, 3, GPU-cba17786-ea73-0caf-0d43-c838fbb66bcd, NVIDIA A100-SXM4-40GB, 36749, 40960, 98, 105.25, 33
nid001133,2026/05/03 14:33:11.476, 0, GPU-43cac420-244c-9975-fbd1-604f88cdd44c, NVIDIA A100-SXM4-40GB, 37481, 40960, 0, 103.96, 35
nid001133,2026/05/03 14:33:11.479, 1, GPU-73838956-9ad1-3484-0ba2-7d8b02c7a72a, NVIDIA A100-SXM4-40GB, 37471, 40960, 0, 102.20, 34
nid001133,2026/05/03 14:33:11.480, 2, GPU-aee03275-201a-58e4-7b5a-f08a6e4c1e50, NVIDIA A100-SXM4-40GB, 37471, 40960, 0, 102.43, 36
nid001133,2026/05/03 14:33:11.482, 3, GPU-e0003d1b-186b-2e66-9474-0b7af5c50af4, NVIDIA A100-SXM4-40GB, 37471, 40960, 42, 99.40, 35
nid001132,2026/05/03 14:33:14.352, 0, GPU-1ee6ac61-44ab-b161-9de0-16bbb44716e7, NVIDIA A100-SXM4-40GB, 36817, 40960, 0, 120.69, 38
nid001132,2026/05/03 14:33:14.355, 1, GPU-afa7121e-c5d0-2eb5-4e9a-8b001ff7a220, NVIDIA A100-SXM4-40GB, 36749, 40960, 9, 101.03, 35
nid001132,2026/05/03 14:33:14.356, 2, GPU-4dea0284-873a-fa20-cc19-10ca82324573, NVIDIA A100-SXM4-40GB, 36749, 40960, 0, 116.46, 36
nid001132,2026/05/03 14:33:14.358, 3, GPU-cba17786-ea73-0caf-0d43-c838fbb66bcd, NVIDIA A100-SXM4-40GB, 36749, 40960, 0, 124.68, 33
nid001133,2026/05/03 14:33:15.194, 0, GPU-43cac420-244c-9975-fbd1-604f88cdd44c, NVIDIA A100-SXM4-40GB, 37481, 40960, 0, 103.96, 35
nid001133,2026/05/03 14:33:15.196, 1, GPU-73838956-9ad1-3484-0ba2-7d8b02c7a72a, NVIDIA A100-SXM4-40GB, 37471, 40960, 0, 102.04, 34
nid001133,2026/05/03 14:33:15.198, 2, GPU-aee03275-201a-58e4-7b5a-f08a6e4c1e50, NVIDIA A100-SXM4-40GB, 37471, 40960, 0, 102.43, 36
nid001133,2026/05/03 14:33:15.200, 3, GPU-e0003d1b-186b-2e66-9474-0b7af5c50af4, NVIDIA A100-SXM4-40GB, 37471, 40960, 0, 99.51, 35
nid001132,2026/05/03 14:33:18.072, 0, GPU-1ee6ac61-44ab-b161-9de0-16bbb44716e7, NVIDIA A100-SXM4-40GB, 36817, 40960, 0, 105.89, 38
nid001132,2026/05/03 14:33:18.075, 1, GPU-afa7121e-c5d0-2eb5-4e9a-8b001ff7a220, NVIDIA A100-SXM4-40GB, 36749, 40960, 56, 101.68, 35
nid001132,2026/05/03 14:33:18.080, 2, GPU-4dea0284-873a-fa20-cc19-10ca82324573, NVIDIA A100-SXM4-40GB, 36749, 40960, 0, 103.84, 36
nid001132,2026/05/03 14:33:18.081, 3, GPU-cba17786-ea73-0caf-0d43-c838fbb66bcd, NVIDIA A100-SXM4-40GB, 36749, 40960, 43, 105.12, 33
nid001133,2026/05/03 14:33:18.953, 0, GPU-43cac420-244c-9975-fbd1-604f88cdd44c, NVIDIA A100-SXM4-40GB, 37481, 40960, 78, 103.96, 35
nid001133,2026/05/03 14:33:18.956, 1, GPU-73838956-9ad1-3484-0ba2-7d8b02c7a72a, NVIDIA A100-SXM4-40GB, 37471, 40960, 0, 102.32, 34
nid001133,2026/05/03 14:33:18.961, 2, GPU-aee03275-201a-58e4-7b5a-f08a6e4c1e50, NVIDIA A100-SXM4-40GB, 37471, 40960, 0, 102.56, 36
nid001133,2026/05/03 14:33:18.962, 3, GPU-e0003d1b-186b-2e66-9474-0b7af5c50af4, NVIDIA A100-SXM4-40GB, 37471, 40960, 0, 99.51, 35
nid001132,2026/05/03 14:33:21.896, 0, GPU-1ee6ac61-44ab-b161-9de0-16bbb44716e7, NVIDIA A100-SXM4-40GB, 36817, 40960, 12, 105.89, 38
nid001132,2026/05/03 14:33:21.899, 1, GPU-afa7121e-c5d0-2eb5-4e9a-8b001ff7a220, NVIDIA A100-SXM4-40GB, 36749, 40960, 1, 111.37, 35
nid001132,2026/05/03 14:33:21.900, 2, GPU-4dea0284-873a-fa20-cc19-10ca82324573, NVIDIA A100-SXM4-40GB, 36749, 40960, 59, 104.12, 36
nid001132,2026/05/03 14:33:21.902, 3, GPU-cba17786-ea73-0caf-0d43-c838fbb66bcd, NVIDIA A100-SXM4-40GB, 36749, 40960, 31, 118.93, 33
nid001133,2026/05/03 14:33:22.743, 0, GPU-43cac420-244c-9975-fbd1-604f88cdd44c, NVIDIA A100-SXM4-40GB, 37481, 40960, 1, 103.96, 35
nid001133,2026/05/03 14:33:22.746, 1, GPU-73838956-9ad1-3484-0ba2-7d8b02c7a72a, NVIDIA A100-SXM4-40GB, 37471, 40960, 0, 101.80, 34
nid001133,2026/05/03 14:33:22.747, 2, GPU-aee03275-201a-58e4-7b5a-f08a6e4c1e50, NVIDIA A100-SXM4-40GB, 37471, 40960, 87, 102.43, 36
nid001133,2026/05/03 14:33:22.749, 3, GPU-e0003d1b-186b-2e66-9474-0b7af5c50af4, NVIDIA A100-SXM4-40GB, 37471, 40960, 0, 99.22, 35
nid001132,2026/05/03 14:33:25.629, 0, GPU-1ee6ac61-44ab-b161-9de0-16bbb44716e7, NVIDIA A100-SXM4-40GB, 36817, 40960, 0, 114.18, 38
nid001132,2026/05/03 14:33:25.632, 1, GPU-afa7121e-c5d0-2eb5-4e9a-8b001ff7a220, NVIDIA A100-SXM4-40GB, 36749, 40960, 5, 102.96, 35
nid001132,2026/05/03 14:33:25.633, 2, GPU-4dea0284-873a-fa20-cc19-10ca82324573, NVIDIA A100-SXM4-40GB, 36749, 40960, 12, 109.96, 36
nid001132,2026/05/03 14:33:25.635, 3, GPU-cba17786-ea73-0caf-0d43-c838fbb66bcd, NVIDIA A100-SXM4-40GB, 36749, 40960, 26, 108.69, 33
nid001133,2026/05/03 14:33:26.472, 0, GPU-43cac420-244c-9975-fbd1-604f88cdd44c, NVIDIA A100-SXM4-40GB, 37481, 40960, 0, 119.17, 36
nid001133,2026/05/03 14:33:26.476, 1, GPU-73838956-9ad1-3484-0ba2-7d8b02c7a72a, NVIDIA A100-SXM4-40GB, 37471, 40960, 0, 120.60, 34
nid001133,2026/05/03 14:33:26.478, 2, GPU-aee03275-201a-58e4-7b5a-f08a6e4c1e50, NVIDIA A100-SXM4-40GB, 37471, 40960, 8, 123.25, 37
nid001133,2026/05/03 14:33:26.486, 3, GPU-e0003d1b-186b-2e66-9474-0b7af5c50af4, NVIDIA A100-SXM4-40GB, 37471, 40960, 0, 115.99, 35
nid001132,2026/05/03 14:33:29.384, 0, GPU-1ee6ac61-44ab-b161-9de0-16bbb44716e7, NVIDIA A100-SXM4-40GB, 36817, 40960, 100, 105.65, 38
nid001132,2026/05/03 14:33:29.387, 1, GPU-afa7121e-c5d0-2eb5-4e9a-8b001ff7a220, NVIDIA A100-SXM4-40GB, 36749, 40960, 78, 101.27, 35
nid001132,2026/05/03 14:33:29.389, 2, GPU-4dea0284-873a-fa20-cc19-10ca82324573, NVIDIA A100-SXM4-40GB, 36749, 40960, 100, 103.72, 36
nid001132,2026/05/03 14:33:29.390, 3, GPU-cba17786-ea73-0caf-0d43-c838fbb66bcd, NVIDIA A100-SXM4-40GB, 36749, 40960, 4, 105.49, 33
nid001133,2026/05/03 14:33:30.224, 0, GPU-43cac420-244c-9975-fbd1-604f88cdd44c, NVIDIA A100-SXM4-40GB, 37481, 40960, 0, 104.08, 35
nid001133,2026/05/03 14:33:30.226, 1, GPU-73838956-9ad1-3484-0ba2-7d8b02c7a72a, NVIDIA A100-SXM4-40GB, 37471, 40960, 60, 103.21, 34
nid001133,2026/05/03 14:33:30.228, 2, GPU-aee03275-201a-58e4-7b5a-f08a6e4c1e50, NVIDIA A100-SXM4-40GB, 37471, 40960, 17, 102.56, 36
nid001133,2026/05/03 14:33:30.230, 3, GPU-e0003d1b-186b-2e66-9474-0b7af5c50af4, NVIDIA A100-SXM4-40GB, 37471, 40960, 71, 99.63, 35
nid001132,2026/05/03 14:33:33.121, 0, GPU-1ee6ac61-44ab-b161-9de0-16bbb44716e7, NVIDIA A100-SXM4-40GB, 36817, 40960, 44, 105.65, 38
nid001132,2026/05/03 14:33:33.124, 1, GPU-afa7121e-c5d0-2eb5-4e9a-8b001ff7a220, NVIDIA A100-SXM4-40GB, 36749, 40960, 0, 100.92, 35
nid001132,2026/05/03 14:33:33.125, 2, GPU-4dea0284-873a-fa20-cc19-10ca82324573, NVIDIA A100-SXM4-40GB, 36749, 40960, 45, 103.72, 36
nid001132,2026/05/03 14:33:33.127, 3, GPU-cba17786-ea73-0caf-0d43-c838fbb66bcd, NVIDIA A100-SXM4-40GB, 36749, 40960, 44, 105.25, 33
nid001133,2026/05/03 14:33:33.968, 0, GPU-43cac420-244c-9975-fbd1-604f88cdd44c, NVIDIA A100-SXM4-40GB, 37481, 40960, 55, 103.96, 35
nid001133,2026/05/03 14:33:33.971, 1, GPU-73838956-9ad1-3484-0ba2-7d8b02c7a72a, NVIDIA A100-SXM4-40GB, 37471, 40960, 3, 102.56, 34
nid001133,2026/05/03 14:33:33.973, 2, GPU-aee03275-201a-58e4-7b5a-f08a6e4c1e50, NVIDIA A100-SXM4-40GB, 37471, 40960, 47, 102.43, 36
nid001133,2026/05/03 14:33:33.974, 3, GPU-e0003d1b-186b-2e66-9474-0b7af5c50af4, NVIDIA A100-SXM4-40GB, 37471, 40960, 51, 99.51, 35
nid001132,2026/05/03 14:33:36.853, 0, GPU-1ee6ac61-44ab-b161-9de0-16bbb44716e7, NVIDIA A100-SXM4-40GB, 36817, 40960, 10, 105.89, 38
nid001132,2026/05/03 14:33:36.856, 1, GPU-afa7121e-c5d0-2eb5-4e9a-8b001ff7a220, NVIDIA A100-SXM4-40GB, 36749, 40960, 2, 101.43, 35
nid001132,2026/05/03 14:33:36.858, 2, GPU-4dea0284-873a-fa20-cc19-10ca82324573, NVIDIA A100-SXM4-40GB, 36749, 40960, 3, 103.84, 36
nid001132,2026/05/03 14:33:36.860, 3, GPU-cba17786-ea73-0caf-0d43-c838fbb66bcd, NVIDIA A100-SXM4-40GB, 36749, 40960, 53, 105.25, 33
nid001133,2026/05/03 14:33:37.723, 0, GPU-43cac420-244c-9975-fbd1-604f88cdd44c, NVIDIA A100-SXM4-40GB, 37481, 40960, 87, 103.96, 35
nid001133,2026/05/03 14:33:37.726, 1, GPU-73838956-9ad1-3484-0ba2-7d8b02c7a72a, NVIDIA A100-SXM4-40GB, 37471, 40960, 2, 102.79, 34
nid001133,2026/05/03 14:33:37.727, 2, GPU-aee03275-201a-58e4-7b5a-f08a6e4c1e50, NVIDIA A100-SXM4-40GB, 37471, 40960, 2, 102.43, 36
nid001133,2026/05/03 14:33:37.729, 3, GPU-e0003d1b-186b-2e66-9474-0b7af5c50af4, NVIDIA A100-SXM4-40GB, 37471, 40960, 1, 99.51, 35
nid001132,2026/05/03 14:33:40.604, 0, GPU-1ee6ac61-44ab-b161-9de0-16bbb44716e7, NVIDIA A100-SXM4-40GB, 36817, 40960, 78, 105.89, 38
nid001132,2026/05/03 14:33:40.610, 1, GPU-afa7121e-c5d0-2eb5-4e9a-8b001ff7a220, NVIDIA A100-SXM4-40GB, 36749, 40960, 61, 101.15, 35
nid001132,2026/05/03 14:33:40.615, 2, GPU-4dea0284-873a-fa20-cc19-10ca82324573, NVIDIA A100-SXM4-40GB, 36749, 40960, 11, 103.60, 36
nid001132,2026/05/03 14:33:40.621, 3, GPU-cba17786-ea73-0caf-0d43-c838fbb66bcd, NVIDIA A100-SXM4-40GB, 36749, 40960, 100, 107.54, 33
nid001133,2026/05/03 14:33:41.492, 0, GPU-43cac420-244c-9975-fbd1-604f88cdd44c, NVIDIA A100-SXM4-40GB, 37481, 40960, 93, 103.96, 35
nid001133,2026/05/03 14:33:41.495, 1, GPU-73838956-9ad1-3484-0ba2-7d8b02c7a72a, NVIDIA A100-SXM4-40GB, 37471, 40960, 0, 102.04, 34
nid001133,2026/05/03 14:33:41.496, 2, GPU-aee03275-201a-58e4-7b5a-f08a6e4c1e50, NVIDIA A100-SXM4-40GB, 37471, 40960, 0, 102.56, 37
nid001133,2026/05/03 14:33:41.498, 3, GPU-e0003d1b-186b-2e66-9474-0b7af5c50af4, NVIDIA A100-SXM4-40GB, 37471, 40960, 91, 99.51, 35
nid001132,2026/05/03 14:33:44.545, 0, GPU-1ee6ac61-44ab-b161-9de0-16bbb44716e7, NVIDIA A100-SXM4-40GB, 36817, 40960, 86, 106.12, 38
nid001132,2026/05/03 14:33:44.548, 1, GPU-afa7121e-c5d0-2eb5-4e9a-8b001ff7a220, NVIDIA A100-SXM4-40GB, 36749, 40960, 32, 114.70, 35
nid001132,2026/05/03 14:33:44.550, 2, GPU-4dea0284-873a-fa20-cc19-10ca82324573, NVIDIA A100-SXM4-40GB, 36749, 40960, 99, 104.24, 36
nid001132,2026/05/03 14:33:44.551, 3, GPU-cba17786-ea73-0caf-0d43-c838fbb66bcd, NVIDIA A100-SXM4-40GB, 36749, 40960, 56, 106.01, 33
nid001133,2026/05/03 14:33:45.393, 0, GPU-43cac420-244c-9975-fbd1-604f88cdd44c, NVIDIA A100-SXM4-40GB, 37481, 40960, 29, 104.72, 35
nid001133,2026/05/03 14:33:45.396, 1, GPU-73838956-9ad1-3484-0ba2-7d8b02c7a72a, NVIDIA A100-SXM4-40GB, 37471, 40960, 88, 122.26, 34
nid001133,2026/05/03 14:33:45.397, 2, GPU-aee03275-201a-58e4-7b5a-f08a6e4c1e50, NVIDIA A100-SXM4-40GB, 37471, 40960, 20, 102.56, 37
nid001133,2026/05/03 14:33:45.399, 3, GPU-e0003d1b-186b-2e66-9474-0b7af5c50af4, NVIDIA A100-SXM4-40GB, 37471, 40960, 37, 125.96, 35
nid001132,2026/05/03 14:33:48.285, 0, GPU-1ee6ac61-44ab-b161-9de0-16bbb44716e7, NVIDIA A100-SXM4-40GB, 36817, 40960, 0, 117.64, 38
nid001132,2026/05/03 14:33:48.287, 1, GPU-afa7121e-c5d0-2eb5-4e9a-8b001ff7a220, NVIDIA A100-SXM4-40GB, 36749, 40960, 46, 106.00, 35
nid001132,2026/05/03 14:33:48.289, 2, GPU-4dea0284-873a-fa20-cc19-10ca82324573, NVIDIA A100-SXM4-40GB, 36749, 40960, 0, 114.32, 36
nid001132,2026/05/03 14:33:48.290, 3, GPU-cba17786-ea73-0caf-0d43-c838fbb66bcd, NVIDIA A100-SXM4-40GB, 36749, 40960, 21, 112.26, 34
nid001133,2026/05/03 14:33:49.151, 0, GPU-43cac420-244c-9975-fbd1-604f88cdd44c, NVIDIA A100-SXM4-40GB, 37481, 40960, 5, 103.96, 35
nid001133,2026/05/03 14:33:49.154, 1, GPU-73838956-9ad1-3484-0ba2-7d8b02c7a72a, NVIDIA A100-SXM4-40GB, 37471, 40960, 0, 102.79, 34
nid001133,2026/05/03 14:33:49.156, 2, GPU-aee03275-201a-58e4-7b5a-f08a6e4c1e50, NVIDIA A100-SXM4-40GB, 37471, 40960, 4, 102.56, 36
nid001133,2026/05/03 14:33:49.157, 3, GPU-e0003d1b-186b-2e66-9474-0b7af5c50af4, NVIDIA A100-SXM4-40GB, 37471, 40960, 0, 99.51, 35
nid001132,2026/05/03 14:33:52.043, 0, GPU-1ee6ac61-44ab-b161-9de0-16bbb44716e7, NVIDIA A100-SXM4-40GB, 36817, 40960, 7, 105.65, 38
nid001132,2026/05/03 14:33:52.049, 1, GPU-afa7121e-c5d0-2eb5-4e9a-8b001ff7a220, NVIDIA A100-SXM4-40GB, 36749, 40960, 35, 100.51, 34
nid001132,2026/05/03 14:33:52.054, 2, GPU-4dea0284-873a-fa20-cc19-10ca82324573, NVIDIA A100-SXM4-40GB, 36749, 40960, 0, 103.72, 36
nid001132,2026/05/03 14:33:52.059, 3, GPU-cba17786-ea73-0caf-0d43-c838fbb66bcd, NVIDIA A100-SXM4-40GB, 36749, 40960, 0, 105.25, 33
nid001133,2026/05/03 14:33:52.910, 0, GPU-43cac420-244c-9975-fbd1-604f88cdd44c, NVIDIA A100-SXM4-40GB, 37481, 40960, 22, 103.96, 35
nid001133,2026/05/03 14:33:52.912, 1, GPU-73838956-9ad1-3484-0ba2-7d8b02c7a72a, NVIDIA A100-SXM4-40GB, 37471, 40960, 58, 101.80, 34
nid001133,2026/05/03 14:33:52.914, 2, GPU-aee03275-201a-58e4-7b5a-f08a6e4c1e50, NVIDIA A100-SXM4-40GB, 37471, 40960, 63, 102.56, 36
nid001133,2026/05/03 14:33:52.915, 3, GPU-e0003d1b-186b-2e66-9474-0b7af5c50af4, NVIDIA A100-SXM4-40GB, 37471, 40960, 61, 99.51, 35
nid001132,2026/05/03 14:33:55.787, 0, GPU-1ee6ac61-44ab-b161-9de0-16bbb44716e7, NVIDIA A100-SXM4-40GB, 36817, 40960, 9, 105.89, 38
nid001132,2026/05/03 14:33:55.790, 1, GPU-afa7121e-c5d0-2eb5-4e9a-8b001ff7a220, NVIDIA A100-SXM4-40GB, 36749, 40960, 0, 104.24, 35
nid001132,2026/05/03 14:33:55.792, 2, GPU-4dea0284-873a-fa20-cc19-10ca82324573, NVIDIA A100-SXM4-40GB, 36749, 40960, 6, 107.15, 36
nid001132,2026/05/03 14:33:55.793, 3, GPU-cba17786-ea73-0caf-0d43-c838fbb66bcd, NVIDIA A100-SXM4-40GB, 36749, 40960, 46, 125.68, 33
nid001133,2026/05/03 14:33:56.629, 0, GPU-43cac420-244c-9975-fbd1-604f88cdd44c, NVIDIA A100-SXM4-40GB, 37481, 40960, 0, 103.96, 35
nid001133,2026/05/03 14:33:56.637, 1, GPU-73838956-9ad1-3484-0ba2-7d8b02c7a72a, NVIDIA A100-SXM4-40GB, 37471, 40960, 16, 102.04, 34
nid001133,2026/05/03 14:33:56.641, 2, GPU-aee03275-201a-58e4-7b5a-f08a6e4c1e50, NVIDIA A100-SXM4-40GB, 37471, 40960, 7, 102.43, 36
nid001133,2026/05/03 14:33:56.643, 3, GPU-e0003d1b-186b-2e66-9474-0b7af5c50af4, NVIDIA A100-SXM4-40GB, 37471, 40960, 25, 99.51, 35
nid001132,2026/05/03 14:33:59.684, 0, GPU-1ee6ac61-44ab-b161-9de0-16bbb44716e7, NVIDIA A100-SXM4-40GB, 36817, 40960, 25, 105.65, 38
nid001132,2026/05/03 14:33:59.686, 1, GPU-afa7121e-c5d0-2eb5-4e9a-8b001ff7a220, NVIDIA A100-SXM4-40GB, 36749, 40960, 0, 101.27, 34
nid001132,2026/05/03 14:33:59.688, 2, GPU-4dea0284-873a-fa20-cc19-10ca82324573, NVIDIA A100-SXM4-40GB, 36749, 40960, 35, 103.72, 36
nid001132,2026/05/03 14:33:59.689, 3, GPU-cba17786-ea73-0caf-0d43-c838fbb66bcd, NVIDIA A100-SXM4-40GB, 36749, 40960, 68, 105.25, 33
nid001133,2026/05/03 14:34:00.588, 0, GPU-43cac420-244c-9975-fbd1-604f88cdd44c, NVIDIA A100-SXM4-40GB, 37481, 40960, 3, 103.96, 35
nid001133,2026/05/03 14:34:00.590, 1, GPU-73838956-9ad1-3484-0ba2-7d8b02c7a72a, NVIDIA A100-SXM4-40GB, 37471, 40960, 39, 101.80, 34
nid001133,2026/05/03 14:34:00.592, 2, GPU-aee03275-201a-58e4-7b5a-f08a6e4c1e50, NVIDIA A100-SXM4-40GB, 37471, 40960, 92, 102.56, 36
nid001133,2026/05/03 14:34:00.595, 3, GPU-e0003d1b-186b-2e66-9474-0b7af5c50af4, NVIDIA A100-SXM4-40GB, 37471, 40960, 98, 99.51, 35
nid001132,2026/05/03 14:34:03.482, 0, GPU-1ee6ac61-44ab-b161-9de0-16bbb44716e7, NVIDIA A100-SXM4-40GB, 36817, 40960, 55, 107.70, 38
nid001132,2026/05/03 14:34:03.484, 1, GPU-afa7121e-c5d0-2eb5-4e9a-8b001ff7a220, NVIDIA A100-SXM4-40GB, 36749, 40960, 95, 102.96, 35
nid001132,2026/05/03 14:34:03.486, 2, GPU-4dea0284-873a-fa20-cc19-10ca82324573, NVIDIA A100-SXM4-40GB, 36749, 40960, 35, 105.12, 36
nid001132,2026/05/03 14:34:03.488, 3, GPU-cba17786-ea73-0caf-0d43-c838fbb66bcd, NVIDIA A100-SXM4-40GB, 36749, 40960, 12, 108.94, 33
nid001133,2026/05/03 14:34:04.347, 0, GPU-43cac420-244c-9975-fbd1-604f88cdd44c, NVIDIA A100-SXM4-40GB, 37481, 40960, 0, 106.76, 36
nid001133,2026/05/03 14:34:04.349, 1, GPU-73838956-9ad1-3484-0ba2-7d8b02c7a72a, NVIDIA A100-SXM4-40GB, 37471, 40960, 83, 113.55, 34
nid001133,2026/05/03 14:34:04.351, 2, GPU-aee03275-201a-58e4-7b5a-f08a6e4c1e50, NVIDIA A100-SXM4-40GB, 37471, 40960, 27, 121.88, 37
nid001133,2026/05/03 14:34:04.352, 3, GPU-e0003d1b-186b-2e66-9474-0b7af5c50af4, NVIDIA A100-SXM4-40GB, 37471, 40960, 93, 111.37, 35
nid001132,2026/05/03 14:34:07.325, 0, GPU-1ee6ac61-44ab-b161-9de0-16bbb44716e7, NVIDIA A100-SXM4-40GB, 36817, 40960, 95, 105.89, 38
nid001132,2026/05/03 14:34:07.328, 1, GPU-afa7121e-c5d0-2eb5-4e9a-8b001ff7a220, NVIDIA A100-SXM4-40GB, 36749, 40960, 55, 101.15, 35
nid001132,2026/05/03 14:34:07.329, 2, GPU-4dea0284-873a-fa20-cc19-10ca82324573, NVIDIA A100-SXM4-40GB, 36749, 40960, 77, 103.84, 36
nid001132,2026/05/03 14:34:07.331, 3, GPU-cba17786-ea73-0caf-0d43-c838fbb66bcd, NVIDIA A100-SXM4-40GB, 36749, 40960, 71, 107.41, 33
nid001133,2026/05/03 14:34:08.184, 0, GPU-43cac420-244c-9975-fbd1-604f88cdd44c, NVIDIA A100-SXM4-40GB, 37481, 40960, 14, 103.96, 35
nid001133,2026/05/03 14:34:08.187, 1, GPU-73838956-9ad1-3484-0ba2-7d8b02c7a72a, NVIDIA A100-SXM4-40GB, 37471, 40960, 31, 101.80, 34
nid001133,2026/05/03 14:34:08.189, 2, GPU-aee03275-201a-58e4-7b5a-f08a6e4c1e50, NVIDIA A100-SXM4-40GB, 37471, 40960, 30, 102.43, 37
nid001133,2026/05/03 14:34:08.191, 3, GPU-e0003d1b-186b-2e66-9474-0b7af5c50af4, NVIDIA A100-SXM4-40GB, 37471, 40960, 42, 99.40, 35
nid001132,2026/05/03 14:34:11.097, 0, GPU-1ee6ac61-44ab-b161-9de0-16bbb44716e7, NVIDIA A100-SXM4-40GB, 36817, 40960, 13, 106.12, 38
nid001132,2026/05/03 14:34:11.100, 1, GPU-afa7121e-c5d0-2eb5-4e9a-8b001ff7a220, NVIDIA A100-SXM4-40GB, 36749, 40960, 100, 101.27, 35
nid001132,2026/05/03 14:34:11.101, 2, GPU-4dea0284-873a-fa20-cc19-10ca82324573, NVIDIA A100-SXM4-40GB, 36749, 40960, 72, 114.80, 36
nid001132,2026/05/03 14:34:11.103, 3, GPU-cba17786-ea73-0caf-0d43-c838fbb66bcd, NVIDIA A100-SXM4-40GB, 36749, 40960, 87, 106.54, 33
nid001133,2026/05/03 14:34:11.925, 0, GPU-43cac420-244c-9975-fbd1-604f88cdd44c, NVIDIA A100-SXM4-40GB, 37481, 40960, 35, 117.27, 36
nid001133,2026/05/03 14:34:11.928, 1, GPU-73838956-9ad1-3484-0ba2-7d8b02c7a72a, NVIDIA A100-SXM4-40GB, 37471, 40960, 54, 126.60, 34
nid001133,2026/05/03 14:34:11.929, 2, GPU-aee03275-201a-58e4-7b5a-f08a6e4c1e50, NVIDIA A100-SXM4-40GB, 37471, 40960, 69, 104.37, 37
nid001133,2026/05/03 14:34:11.931, 3, GPU-e0003d1b-186b-2e66-9474-0b7af5c50af4, NVIDIA A100-SXM4-40GB, 37471, 40960, 12, 110.74, 35
nid001132,2026/05/03 14:34:14.887, 0, GPU-1ee6ac61-44ab-b161-9de0-16bbb44716e7, NVIDIA A100-SXM4-40GB, 36817, 40960, 8, 106.89, 38
nid001132,2026/05/03 14:34:14.892, 1, GPU-afa7121e-c5d0-2eb5-4e9a-8b001ff7a220, NVIDIA A100-SXM4-40GB, 36749, 40960, 84, 105.76, 35
nid001132,2026/05/03 14:34:14.897, 2, GPU-4dea0284-873a-fa20-cc19-10ca82324573, NVIDIA A100-SXM4-40GB, 36749, 40960, 48, 104.59, 36
nid001132,2026/05/03 14:34:14.902, 3, GPU-cba17786-ea73-0caf-0d43-c838fbb66bcd, NVIDIA A100-SXM4-40GB, 36749, 40960, 75, 110.98, 33
nid001133,2026/05/03 14:34:15.775, 0, GPU-43cac420-244c-9975-fbd1-604f88cdd44c, NVIDIA A100-SXM4-40GB, 37481, 40960, 25, 127.33, 36
nid001133,2026/05/03 14:34:15.778, 1, GPU-73838956-9ad1-3484-0ba2-7d8b02c7a72a, NVIDIA A100-SXM4-40GB, 37471, 40960, 43, 103.32, 34
nid001133,2026/05/03 14:34:15.779, 2, GPU-aee03275-201a-58e4-7b5a-f08a6e4c1e50, NVIDIA A100-SXM4-40GB, 37471, 40960, 98, 119.83, 37
nid001133,2026/05/03 14:34:15.781, 3, GPU-e0003d1b-186b-2e66-9474-0b7af5c50af4, NVIDIA A100-SXM4-40GB, 37471, 40960, 8, 116.22, 35
nid001132,2026/05/03 14:34:18.644, 0, GPU-1ee6ac61-44ab-b161-9de0-16bbb44716e7, NVIDIA A100-SXM4-40GB, 36817, 40960, 0, 124.68, 38
nid001132,2026/05/03 14:34:18.650, 1, GPU-afa7121e-c5d0-2eb5-4e9a-8b001ff7a220, NVIDIA A100-SXM4-40GB, 36749, 40960, 0, 102.67, 35
nid001132,2026/05/03 14:34:18.655, 2, GPU-4dea0284-873a-fa20-cc19-10ca82324573, NVIDIA A100-SXM4-40GB, 36749, 40960, 0, 114.80, 36
nid001132,2026/05/03 14:34:18.660, 3, GPU-cba17786-ea73-0caf-0d43-c838fbb66bcd, NVIDIA A100-SXM4-40GB, 36749, 40960, 0, 120.74, 33
nid001133,2026/05/03 14:34:19.488, 0, GPU-43cac420-244c-9975-fbd1-604f88cdd44c, NVIDIA A100-SXM4-40GB, 37481, 40960, 0, 103.96, 35
nid001133,2026/05/03 14:34:19.491, 1, GPU-73838956-9ad1-3484-0ba2-7d8b02c7a72a, NVIDIA A100-SXM4-40GB, 37471, 40960, 0, 102.04, 34
nid001133,2026/05/03 14:34:19.493, 2, GPU-aee03275-201a-58e4-7b5a-f08a6e4c1e50, NVIDIA A100-SXM4-40GB, 37471, 40960, 4, 102.56, 36
nid001133,2026/05/03 14:34:19.501, 3, GPU-e0003d1b-186b-2e66-9474-0b7af5c50af4, NVIDIA A100-SXM4-40GB, 37471, 40960, 0, 99.51, 35
nid001132,2026/05/03 14:34:22.377, 0, GPU-1ee6ac61-44ab-b161-9de0-16bbb44716e7, NVIDIA A100-SXM4-40GB, 36817, 40960, 18, 105.89, 38
nid001132,2026/05/03 14:34:22.380, 1, GPU-afa7121e-c5d0-2eb5-4e9a-8b001ff7a220, NVIDIA A100-SXM4-40GB, 36749, 40960, 11, 114.18, 35
nid001132,2026/05/03 14:34:22.381, 2, GPU-4dea0284-873a-fa20-cc19-10ca82324573, NVIDIA A100-SXM4-40GB, 36749, 40960, 79, 103.60, 36
nid001132,2026/05/03 14:34:22.383, 3, GPU-cba17786-ea73-0caf-0d43-c838fbb66bcd, NVIDIA A100-SXM4-40GB, 36749, 40960, 42, 106.12, 33
nid001133,2026/05/03 14:34:23.201, 0, GPU-43cac420-244c-9975-fbd1-604f88cdd44c, NVIDIA A100-SXM4-40GB, 37481, 40960, 0, 103.96, 35
nid001133,2026/05/03 14:34:23.204, 1, GPU-73838956-9ad1-3484-0ba2-7d8b02c7a72a, NVIDIA A100-SXM4-40GB, 37471, 40960, 12, 102.04, 34
nid001133,2026/05/03 14:34:23.206, 2, GPU-aee03275-201a-58e4-7b5a-f08a6e4c1e50, NVIDIA A100-SXM4-40GB, 37471, 40960, 24, 102.43, 36
nid001133,2026/05/03 14:34:23.208, 3, GPU-e0003d1b-186b-2e66-9474-0b7af5c50af4, NVIDIA A100-SXM4-40GB, 37471, 40960, 11, 99.40, 35
nid001132,2026/05/03 14:34:26.076, 0, GPU-1ee6ac61-44ab-b161-9de0-16bbb44716e7, NVIDIA A100-SXM4-40GB, 36817, 40960, 3, 107.17, 38
nid001132,2026/05/03 14:34:26.079, 1, GPU-afa7121e-c5d0-2eb5-4e9a-8b001ff7a220, NVIDIA A100-SXM4-40GB, 36749, 40960, 89, 114.70, 35
nid001132,2026/05/03 14:34:26.081, 2, GPU-4dea0284-873a-fa20-cc19-10ca82324573, NVIDIA A100-SXM4-40GB, 36749, 40960, 93, 104.72, 36
nid001132,2026/05/03 14:34:26.082, 3, GPU-cba17786-ea73-0caf-0d43-c838fbb66bcd, NVIDIA A100-SXM4-40GB, 36749, 40960, 83, 105.25, 33
nid001133,2026/05/03 14:34:26.937, 0, GPU-43cac420-244c-9975-fbd1-604f88cdd44c, NVIDIA A100-SXM4-40GB, 37481, 40960, 0, 103.96, 36
nid001133,2026/05/03 14:34:26.939, 1, GPU-73838956-9ad1-3484-0ba2-7d8b02c7a72a, NVIDIA A100-SXM4-40GB, 37471, 40960, 48, 127.35, 34
nid001133,2026/05/03 14:34:26.941, 2, GPU-aee03275-201a-58e4-7b5a-f08a6e4c1e50, NVIDIA A100-SXM4-40GB, 37471, 40960, 33, 118.27, 37
nid001133,2026/05/03 14:34:26.942, 3, GPU-e0003d1b-186b-2e66-9474-0b7af5c50af4, NVIDIA A100-SXM4-40GB, 37471, 40960, 6, 127.20, 35
nid001132,2026/05/03 14:34:29.803, 0, GPU-1ee6ac61-44ab-b161-9de0-16bbb44716e7, NVIDIA A100-SXM4-40GB, 36817, 40960, 2, 111.27, 38
nid001132,2026/05/03 14:34:29.806, 1, GPU-afa7121e-c5d0-2eb5-4e9a-8b001ff7a220, NVIDIA A100-SXM4-40GB, 36749, 40960, 19, 107.57, 35
nid001132,2026/05/03 14:34:29.808, 2, GPU-4dea0284-873a-fa20-cc19-10ca82324573, NVIDIA A100-SXM4-40GB, 36749, 40960, 0, 108.96, 36
nid001132,2026/05/03 14:34:29.810, 3, GPU-cba17786-ea73-0caf-0d43-c838fbb66bcd, NVIDIA A100-SXM4-40GB, 36749, 40960, 4, 114.84, 33
nid001133,2026/05/03 14:34:30.649, 0, GPU-43cac420-244c-9975-fbd1-604f88cdd44c, NVIDIA A100-SXM4-40GB, 37481, 40960, 0, 103.96, 35
nid001133,2026/05/03 14:34:30.652, 1, GPU-73838956-9ad1-3484-0ba2-7d8b02c7a72a, NVIDIA A100-SXM4-40GB, 37471, 40960, 0, 101.80, 34
nid001133,2026/05/03 14:34:30.653, 2, GPU-aee03275-201a-58e4-7b5a-f08a6e4c1e50, NVIDIA A100-SXM4-40GB, 37471, 40960, 18, 102.56, 36
nid001133,2026/05/03 14:34:30.655, 3, GPU-e0003d1b-186b-2e66-9474-0b7af5c50af4, NVIDIA A100-SXM4-40GB, 37471, 40960, 0, 120.31, 35
nid001132,2026/05/03 14:34:33.536, 0, GPU-1ee6ac61-44ab-b161-9de0-16bbb44716e7, NVIDIA A100-SXM4-40GB, 36817, 40960, 66, 106.29, 38
nid001132,2026/05/03 14:34:33.539, 1, GPU-afa7121e-c5d0-2eb5-4e9a-8b001ff7a220, NVIDIA A100-SXM4-40GB, 36749, 40960, 45, 112.66, 35
nid001132,2026/05/03 14:34:33.540, 2, GPU-4dea0284-873a-fa20-cc19-10ca82324573, NVIDIA A100-SXM4-40GB, 36749, 40960, 78, 111.39, 36
nid001132,2026/05/03 14:34:33.542, 3, GPU-cba17786-ea73-0caf-0d43-c838fbb66bcd, NVIDIA A100-SXM4-40GB, 36749, 40960, 34, 114.07, 33
nid001133,2026/05/03 14:34:34.374, 0, GPU-43cac420-244c-9975-fbd1-604f88cdd44c, NVIDIA A100-SXM4-40GB, 37481, 40960, 0, 121.74, 36
nid001133,2026/05/03 14:34:34.377, 1, GPU-73838956-9ad1-3484-0ba2-7d8b02c7a72a, NVIDIA A100-SXM4-40GB, 37471, 40960, 97, 118.03, 34
nid001133,2026/05/03 14:34:34.381, 2, GPU-aee03275-201a-58e4-7b5a-f08a6e4c1e50, NVIDIA A100-SXM4-40GB, 37471, 40960, 6, 131.58, 37
nid001133,2026/05/03 14:34:34.383, 3, GPU-e0003d1b-186b-2e66-9474-0b7af5c50af4, NVIDIA A100-SXM4-40GB, 37471, 40960, 23, 121.88, 35
nid001132,2026/05/03 14:34:37.320, 0, GPU-1ee6ac61-44ab-b161-9de0-16bbb44716e7, NVIDIA A100-SXM4-40GB, 36817, 40960, 3, 117.50, 38
nid001132,2026/05/03 14:34:37.324, 1, GPU-afa7121e-c5d0-2eb5-4e9a-8b001ff7a220, NVIDIA A100-SXM4-40GB, 36749, 40960, 0, 111.24, 35
nid001132,2026/05/03 14:34:37.326, 2, GPU-4dea0284-873a-fa20-cc19-10ca82324573, NVIDIA A100-SXM4-40GB, 36749, 40960, 26, 115.47, 36
nid001132,2026/05/03 14:34:37.333, 3, GPU-cba17786-ea73-0caf-0d43-c838fbb66bcd, NVIDIA A100-SXM4-40GB, 36749, 40960, 0, 111.27, 33
nid001133,2026/05/03 14:34:38.159, 0, GPU-43cac420-244c-9975-fbd1-604f88cdd44c, NVIDIA A100-SXM4-40GB, 37481, 40960, 58, 103.96, 35
nid001133,2026/05/03 14:34:38.162, 1, GPU-73838956-9ad1-3484-0ba2-7d8b02c7a72a, NVIDIA A100-SXM4-40GB, 37471, 40960, 40, 101.80, 34
nid001133,2026/05/03 14:34:38.164, 2, GPU-aee03275-201a-58e4-7b5a-f08a6e4c1e50, NVIDIA A100-SXM4-40GB, 37471, 40960, 0, 102.43, 36
nid001133,2026/05/03 14:34:38.165, 3, GPU-e0003d1b-186b-2e66-9474-0b7af5c50af4, NVIDIA A100-SXM4-40GB, 37471, 40960, 0, 99.51, 35
nid001132,2026/05/03 14:34:41.010, 0, GPU-1ee6ac61-44ab-b161-9de0-16bbb44716e7, NVIDIA A100-SXM4-40GB, 36817, 40960, 50, 110.61, 38
nid001132,2026/05/03 14:34:41.014, 1, GPU-afa7121e-c5d0-2eb5-4e9a-8b001ff7a220, NVIDIA A100-SXM4-40GB, 36749, 40960, 28, 102.20, 35
nid001132,2026/05/03 14:34:41.021, 2, GPU-4dea0284-873a-fa20-cc19-10ca82324573, NVIDIA A100-SXM4-40GB, 36749, 40960, 65, 109.96, 36
nid001132,2026/05/03 14:34:41.026, 3, GPU-cba17786-ea73-0caf-0d43-c838fbb66bcd, NVIDIA A100-SXM4-40GB, 36749, 40960, 60, 105.12, 33
nid001133,2026/05/03 14:34:41.875, 0, GPU-43cac420-244c-9975-fbd1-604f88cdd44c, NVIDIA A100-SXM4-40GB, 37481, 40960, 84, 111.14, 35
nid001133,2026/05/03 14:34:41.877, 1, GPU-73838956-9ad1-3484-0ba2-7d8b02c7a72a, NVIDIA A100-SXM4-40GB, 37471, 40960, 2, 102.04, 34
nid001133,2026/05/03 14:34:41.883, 2, GPU-aee03275-201a-58e4-7b5a-f08a6e4c1e50, NVIDIA A100-SXM4-40GB, 37471, 40960, 89, 104.48, 37
nid001133,2026/05/03 14:34:41.885, 3, GPU-e0003d1b-186b-2e66-9474-0b7af5c50af4, NVIDIA A100-SXM4-40GB, 37471, 40960, 58, 99.51, 35
nid001132,2026/05/03 14:34:44.761, 0, GPU-1ee6ac61-44ab-b161-9de0-16bbb44716e7, NVIDIA A100-SXM4-40GB, 36817, 40960, 66, 105.89, 38
nid001132,2026/05/03 14:34:44.768, 1, GPU-afa7121e-c5d0-2eb5-4e9a-8b001ff7a220, NVIDIA A100-SXM4-40GB, 36749, 40960, 3, 101.15, 35
nid001132,2026/05/03 14:34:44.773, 2, GPU-4dea0284-873a-fa20-cc19-10ca82324573, NVIDIA A100-SXM4-40GB, 36749, 40960, 66, 103.60, 36
nid001132,2026/05/03 14:34:44.779, 3, GPU-cba17786-ea73-0caf-0d43-c838fbb66bcd, NVIDIA A100-SXM4-40GB, 36749, 40960, 0, 105.25, 33
nid001133,2026/05/03 14:34:45.647, 0, GPU-43cac420-244c-9975-fbd1-604f88cdd44c, NVIDIA A100-SXM4-40GB, 37481, 40960, 37, 103.96, 35
nid001133,2026/05/03 14:34:45.650, 1, GPU-73838956-9ad1-3484-0ba2-7d8b02c7a72a, NVIDIA A100-SXM4-40GB, 37471, 40960, 66, 102.04, 34
nid001133,2026/05/03 14:34:45.651, 2, GPU-aee03275-201a-58e4-7b5a-f08a6e4c1e50, NVIDIA A100-SXM4-40GB, 37471, 40960, 46, 102.43, 37
nid001133,2026/05/03 14:34:45.653, 3, GPU-e0003d1b-186b-2e66-9474-0b7af5c50af4, NVIDIA A100-SXM4-40GB, 37471, 40960, 3, 99.40, 35
nid001132,2026/05/03 14:34:48.594, 0, GPU-1ee6ac61-44ab-b161-9de0-16bbb44716e7, NVIDIA A100-SXM4-40GB, 36817, 40960, 7, 106.29, 38
nid001132,2026/05/03 14:34:48.597, 1, GPU-afa7121e-c5d0-2eb5-4e9a-8b001ff7a220, NVIDIA A100-SXM4-40GB, 36749, 40960, 67, 111.24, 35
nid001132,2026/05/03 14:34:48.598, 2, GPU-4dea0284-873a-fa20-cc19-10ca82324573, NVIDIA A100-SXM4-40GB, 36749, 40960, 0, 106.92, 36
nid001132,2026/05/03 14:34:48.600, 3, GPU-cba17786-ea73-0caf-0d43-c838fbb66bcd, NVIDIA A100-SXM4-40GB, 36749, 40960, 34, 113.42, 33
nid001133,2026/05/03 14:34:49.454, 0, GPU-43cac420-244c-9975-fbd1-604f88cdd44c, NVIDIA A100-SXM4-40GB, 37481, 40960, 36, 120.78, 35
nid001133,2026/05/03 14:34:49.457, 1, GPU-73838956-9ad1-3484-0ba2-7d8b02c7a72a, NVIDIA A100-SXM4-40GB, 37471, 40960, 38, 101.80, 34
nid001133,2026/05/03 14:34:49.459, 2, GPU-aee03275-201a-58e4-7b5a-f08a6e4c1e50, NVIDIA A100-SXM4-40GB, 37471, 40960, 0, 115.61, 37
nid001133,2026/05/03 14:34:49.460, 3, GPU-e0003d1b-186b-2e66-9474-0b7af5c50af4, NVIDIA A100-SXM4-40GB, 37471, 40960, 0, 109.86, 35
nid001132,2026/05/03 14:34:52.335, 0, GPU-1ee6ac61-44ab-b161-9de0-16bbb44716e7, NVIDIA A100-SXM4-40GB, 36817, 40960, 10, 105.89, 38
nid001132,2026/05/03 14:34:52.338, 1, GPU-afa7121e-c5d0-2eb5-4e9a-8b001ff7a220, NVIDIA A100-SXM4-40GB, 36749, 40960, 85, 105.24, 35
nid001132,2026/05/03 14:34:52.340, 2, GPU-4dea0284-873a-fa20-cc19-10ca82324573, NVIDIA A100-SXM4-40GB, 36749, 40960, 23, 103.96, 36
nid001132,2026/05/03 14:34:52.342, 3, GPU-cba17786-ea73-0caf-0d43-c838fbb66bcd, NVIDIA A100-SXM4-40GB, 36749, 40960, 0, 105.49, 33
nid001133,2026/05/03 14:34:53.289, 0, GPU-43cac420-244c-9975-fbd1-604f88cdd44c, NVIDIA A100-SXM4-40GB, 37481, 40960, 89, 118.55, 35
nid001133,2026/05/03 14:34:53.292, 1, GPU-73838956-9ad1-3484-0ba2-7d8b02c7a72a, NVIDIA A100-SXM4-40GB, 37471, 40960, 100, 114.31, 34
nid001133,2026/05/03 14:34:53.293, 2, GPU-aee03275-201a-58e4-7b5a-f08a6e4c1e50, NVIDIA A100-SXM4-40GB, 37471, 40960, 23, 123.64, 37
nid001133,2026/05/03 14:34:53.295, 3, GPU-e0003d1b-186b-2e66-9474-0b7af5c50af4, NVIDIA A100-SXM4-40GB, 37471, 40960, 0, 123.55, 35
nid001132,2026/05/03 14:34:56.175, 0, GPU-1ee6ac61-44ab-b161-9de0-16bbb44716e7, NVIDIA A100-SXM4-40GB, 36817, 40960, 89, 110.74, 38
nid001132,2026/05/03 14:34:56.177, 1, GPU-afa7121e-c5d0-2eb5-4e9a-8b001ff7a220, NVIDIA A100-SXM4-40GB, 36749, 40960, 37, 105.24, 35
nid001132,2026/05/03 14:34:56.179, 2, GPU-4dea0284-873a-fa20-cc19-10ca82324573, NVIDIA A100-SXM4-40GB, 36749, 40960, 89, 111.24, 36
nid001132,2026/05/03 14:34:56.181, 3, GPU-cba17786-ea73-0caf-0d43-c838fbb66bcd, NVIDIA A100-SXM4-40GB, 36749, 40960, 82, 109.74, 33
nid001133,2026/05/03 14:34:57.110, 0, GPU-43cac420-244c-9975-fbd1-604f88cdd44c, NVIDIA A100-SXM4-40GB, 37481, 40960, 0, 126.29, 36
nid001133,2026/05/03 14:34:57.113, 1, GPU-73838956-9ad1-3484-0ba2-7d8b02c7a72a, NVIDIA A100-SXM4-40GB, 37471, 40960, 92, 120.74, 34
nid001133,2026/05/03 14:34:57.115, 2, GPU-aee03275-201a-58e4-7b5a-f08a6e4c1e50, NVIDIA A100-SXM4-40GB, 37471, 40960, 7, 122.35, 37
nid001133,2026/05/03 14:34:57.116, 3, GPU-e0003d1b-186b-2e66-9474-0b7af5c50af4, NVIDIA A100-SXM4-40GB, 37471, 40960, 0, 118.27, 35
nid001132,2026/05/03 14:35:00.006, 0, GPU-1ee6ac61-44ab-b161-9de0-16bbb44716e7, NVIDIA A100-SXM4-40GB, 36817, 40960, 30, 105.76, 38
nid001132,2026/05/03 14:35:00.008, 1, GPU-afa7121e-c5d0-2eb5-4e9a-8b001ff7a220, NVIDIA A100-SXM4-40GB, 36749, 40960, 29, 100.15, 35
nid001132,2026/05/03 14:35:00.010, 2, GPU-4dea0284-873a-fa20-cc19-10ca82324573, NVIDIA A100-SXM4-40GB, 36749, 40960, 41, 103.84, 36
nid001132,2026/05/03 14:35:00.012, 3, GPU-cba17786-ea73-0caf-0d43-c838fbb66bcd, NVIDIA A100-SXM4-40GB, 36749, 40960, 14, 105.37, 33
nid001133,2026/05/03 14:35:00.832, 0, GPU-43cac420-244c-9975-fbd1-604f88cdd44c, NVIDIA A100-SXM4-40GB, 37481, 40960, 15, 103.96, 35
nid001133,2026/05/03 14:35:00.834, 1, GPU-73838956-9ad1-3484-0ba2-7d8b02c7a72a, NVIDIA A100-SXM4-40GB, 37471, 40960, 0, 102.04, 34
nid001133,2026/05/03 14:35:00.836, 2, GPU-aee03275-201a-58e4-7b5a-f08a6e4c1e50, NVIDIA A100-SXM4-40GB, 37471, 40960, 13, 102.43, 36
nid001133,2026/05/03 14:35:00.837, 3, GPU-e0003d1b-186b-2e66-9474-0b7af5c50af4, NVIDIA A100-SXM4-40GB, 37471, 40960, 2, 99.51, 35
nid001132,2026/05/03 14:35:03.712, 0, GPU-1ee6ac61-44ab-b161-9de0-16bbb44716e7, NVIDIA A100-SXM4-40GB, 36817, 40960, 64, 107.05, 38
nid001132,2026/05/03 14:35:03.715, 1, GPU-afa7121e-c5d0-2eb5-4e9a-8b001ff7a220, NVIDIA A100-SXM4-40GB, 36749, 40960, 91, 101.68, 35
nid001132,2026/05/03 14:35:03.716, 2, GPU-4dea0284-873a-fa20-cc19-10ca82324573, NVIDIA A100-SXM4-40GB, 36749, 40960, 7, 114.57, 36
nid001132,2026/05/03 14:35:03.718, 3, GPU-cba17786-ea73-0caf-0d43-c838fbb66bcd, NVIDIA A100-SXM4-40GB, 36749, 40960, 94, 105.12, 33
nid001133,2026/05/03 14:35:04.545, 0, GPU-43cac420-244c-9975-fbd1-604f88cdd44c, NVIDIA A100-SXM4-40GB, 37481, 40960, 18, 122.12, 35
nid001133,2026/05/03 14:35:04.548, 1, GPU-73838956-9ad1-3484-0ba2-7d8b02c7a72a, NVIDIA A100-SXM4-40GB, 37471, 40960, 92, 102.91, 34
nid001133,2026/05/03 14:35:04.550, 2, GPU-aee03275-201a-58e4-7b5a-f08a6e4c1e50, NVIDIA A100-SXM4-40GB, 37471, 40960, 43, 110.22, 37
nid001133,2026/05/03 14:35:04.551, 3, GPU-e0003d1b-186b-2e66-9474-0b7af5c50af4, NVIDIA A100-SXM4-40GB, 37471, 40960, 33, 99.51, 35
nid001132,2026/05/03 14:35:07.420, 0, GPU-1ee6ac61-44ab-b161-9de0-16bbb44716e7, NVIDIA A100-SXM4-40GB, 36817, 40960, 0, 123.77, 38
nid001132,2026/05/03 14:35:07.423, 1, GPU-afa7121e-c5d0-2eb5-4e9a-8b001ff7a220, NVIDIA A100-SXM4-40GB, 36749, 40960, 86, 102.20, 35
nid001132,2026/05/03 14:35:07.425, 2, GPU-4dea0284-873a-fa20-cc19-10ca82324573, NVIDIA A100-SXM4-40GB, 36749, 40960, 17, 124.01, 36
nid001132,2026/05/03 14:35:07.427, 3, GPU-cba17786-ea73-0caf-0d43-c838fbb66bcd, NVIDIA A100-SXM4-40GB, 36749, 40960, 100, 124.55, 33
nid001133,2026/05/03 14:35:08.252, 0, GPU-43cac420-244c-9975-fbd1-604f88cdd44c, NVIDIA A100-SXM4-40GB, 37481, 40960, 77, 112.29, 35
nid001133,2026/05/03 14:35:08.254, 1, GPU-73838956-9ad1-3484-0ba2-7d8b02c7a72a, NVIDIA A100-SXM4-40GB, 37471, 40960, 8, 121.59, 34
nid001133,2026/05/03 14:35:08.256, 2, GPU-aee03275-201a-58e4-7b5a-f08a6e4c1e50, NVIDIA A100-SXM4-40GB, 37471, 40960, 58, 113.57, 37
nid001133,2026/05/03 14:35:08.258, 3, GPU-e0003d1b-186b-2e66-9474-0b7af5c50af4, NVIDIA A100-SXM4-40GB, 37471, 40960, 0, 123.77, 35
nid001132,2026/05/03 14:35:11.210, 0, GPU-1ee6ac61-44ab-b161-9de0-16bbb44716e7, NVIDIA A100-SXM4-40GB, 36817, 40960, 0, 120.83, 38
nid001132,2026/05/03 14:35:11.217, 1, GPU-afa7121e-c5d0-2eb5-4e9a-8b001ff7a220, NVIDIA A100-SXM4-40GB, 36749, 40960, 38, 104.72, 35
nid001132,2026/05/03 14:35:11.222, 2, GPU-4dea0284-873a-fa20-cc19-10ca82324573, NVIDIA A100-SXM4-40GB, 36749, 40960, 0, 115.32, 36
nid001132,2026/05/03 14:35:11.226, 3, GPU-cba17786-ea73-0caf-0d43-c838fbb66bcd, NVIDIA A100-SXM4-40GB, 36749, 40960, 52, 119.69, 33
nid001133,2026/05/03 14:35:12.049, 0, GPU-43cac420-244c-9975-fbd1-604f88cdd44c, NVIDIA A100-SXM4-40GB, 37481, 40960, 18, 103.96, 35
nid001133,2026/05/03 14:35:12.052, 1, GPU-73838956-9ad1-3484-0ba2-7d8b02c7a72a, NVIDIA A100-SXM4-40GB, 37471, 40960, 0, 102.79, 34
nid001133,2026/05/03 14:35:12.053, 2, GPU-aee03275-201a-58e4-7b5a-f08a6e4c1e50, NVIDIA A100-SXM4-40GB, 37471, 40960, 0, 102.56, 36
nid001133,2026/05/03 14:35:12.055, 3, GPU-e0003d1b-186b-2e66-9474-0b7af5c50af4, NVIDIA A100-SXM4-40GB, 37471, 40960, 0, 99.51, 35
nid001132,2026/05/03 14:35:14.997, 0, GPU-1ee6ac61-44ab-b161-9de0-16bbb44716e7, NVIDIA A100-SXM4-40GB, 36817, 40960, 26, 107.70, 38
nid001132,2026/05/03 14:35:15.000, 1, GPU-afa7121e-c5d0-2eb5-4e9a-8b001ff7a220, NVIDIA A100-SXM4-40GB, 36749, 40960, 77, 112.00, 35
nid001132,2026/05/03 14:35:15.002, 2, GPU-4dea0284-873a-fa20-cc19-10ca82324573, NVIDIA A100-SXM4-40GB, 36749, 40960, 96, 118.74, 36
nid001132,2026/05/03 14:35:15.003, 3, GPU-cba17786-ea73-0caf-0d43-c838fbb66bcd, NVIDIA A100-SXM4-40GB, 36749, 40960, 92, 119.31, 33
nid001133,2026/05/03 14:35:15.868, 0, GPU-43cac420-244c-9975-fbd1-604f88cdd44c, NVIDIA A100-SXM4-40GB, 37481, 40960, 82, 105.64, 35
nid001133,2026/05/03 14:35:15.875, 1, GPU-73838956-9ad1-3484-0ba2-7d8b02c7a72a, NVIDIA A100-SXM4-40GB, 37471, 40960, 26, 125.15, 34
nid001133,2026/05/03 14:35:15.879, 2, GPU-aee03275-201a-58e4-7b5a-f08a6e4c1e50, NVIDIA A100-SXM4-40GB, 37471, 40960, 4, 102.67, 37
nid001133,2026/05/03 14:35:15.880, 3, GPU-e0003d1b-186b-2e66-9474-0b7af5c50af4, NVIDIA A100-SXM4-40GB, 37471, 40960, 2, 100.15, 35
nid001132,2026/05/03 14:35:18.757, 0, GPU-1ee6ac61-44ab-b161-9de0-16bbb44716e7, NVIDIA A100-SXM4-40GB, 36817, 40960, 35, 113.31, 38
nid001132,2026/05/03 14:35:18.760, 1, GPU-afa7121e-c5d0-2eb5-4e9a-8b001ff7a220, NVIDIA A100-SXM4-40GB, 36749, 40960, 56, 103.32, 35
nid001132,2026/05/03 14:35:18.761, 2, GPU-4dea0284-873a-fa20-cc19-10ca82324573, NVIDIA A100-SXM4-40GB, 36749, 40960, 32, 108.33, 36
nid001132,2026/05/03 14:35:18.763, 3, GPU-cba17786-ea73-0caf-0d43-c838fbb66bcd, NVIDIA A100-SXM4-40GB, 36749, 40960, 23, 111.11, 33
nid001133,2026/05/03 14:35:19.662, 0, GPU-43cac420-244c-9975-fbd1-604f88cdd44c, NVIDIA A100-SXM4-40GB, 37481, 40960, 0, 103.96, 35
nid001133,2026/05/03 14:35:19.664, 1, GPU-73838956-9ad1-3484-0ba2-7d8b02c7a72a, NVIDIA A100-SXM4-40GB, 37471, 40960, 0, 116.12, 34
nid001133,2026/05/03 14:35:19.666, 2, GPU-aee03275-201a-58e4-7b5a-f08a6e4c1e50, NVIDIA A100-SXM4-40GB, 37471, 40960, 0, 102.56, 37
nid001133,2026/05/03 14:35:19.667, 3, GPU-e0003d1b-186b-2e66-9474-0b7af5c50af4, NVIDIA A100-SXM4-40GB, 37471, 40960, 0, 118.55, 35
nid001132,2026/05/03 14:35:22.535, 0, GPU-1ee6ac61-44ab-b161-9de0-16bbb44716e7, NVIDIA A100-SXM4-40GB, 36817, 40960, 0, 125.30, 38
nid001132,2026/05/03 14:35:22.538, 1, GPU-afa7121e-c5d0-2eb5-4e9a-8b001ff7a220, NVIDIA A100-SXM4-40GB, 36749, 40960, 1, 114.32, 35
nid001132,2026/05/03 14:35:22.539, 2, GPU-4dea0284-873a-fa20-cc19-10ca82324573, NVIDIA A100-SXM4-40GB, 36749, 40960, 26, 124.10, 36
nid001132,2026/05/03 14:35:22.541, 3, GPU-cba17786-ea73-0caf-0d43-c838fbb66bcd, NVIDIA A100-SXM4-40GB, 36749, 40960, 0, 114.70, 33
nid001133,2026/05/03 14:35:23.381, 0, GPU-43cac420-244c-9975-fbd1-604f88cdd44c, NVIDIA A100-SXM4-40GB, 37481, 40960, 3, 104.24, 35
nid001133,2026/05/03 14:35:23.384, 1, GPU-73838956-9ad1-3484-0ba2-7d8b02c7a72a, NVIDIA A100-SXM4-40GB, 37471, 40960, 0, 102.32, 34
nid001133,2026/05/03 14:35:23.385, 2, GPU-aee03275-201a-58e4-7b5a-f08a6e4c1e50, NVIDIA A100-SXM4-40GB, 37471, 40960, 0, 102.43, 36
nid001133,2026/05/03 14:35:23.387, 3, GPU-e0003d1b-186b-2e66-9474-0b7af5c50af4, NVIDIA A100-SXM4-40GB, 37471, 40960, 0, 99.51, 35
nid001132,2026/05/03 14:35:26.285, 0, GPU-1ee6ac61-44ab-b161-9de0-16bbb44716e7, NVIDIA A100-SXM4-40GB, 36817, 40960, 0, 105.76, 38
nid001132,2026/05/03 14:35:26.287, 1, GPU-afa7121e-c5d0-2eb5-4e9a-8b001ff7a220, NVIDIA A100-SXM4-40GB, 36749, 40960, 45, 101.43, 35
nid001132,2026/05/03 14:35:26.293, 2, GPU-4dea0284-873a-fa20-cc19-10ca82324573, NVIDIA A100-SXM4-40GB, 36749, 40960, 4, 120.02, 36
nid001132,2026/05/03 14:35:26.294, 3, GPU-cba17786-ea73-0caf-0d43-c838fbb66bcd, NVIDIA A100-SXM4-40GB, 36749, 40960, 0, 117.79, 33
nid001133,2026/05/03 14:35:27.202, 0, GPU-43cac420-244c-9975-fbd1-604f88cdd44c, NVIDIA A100-SXM4-40GB, 37481, 40960, 0, 103.96, 35
nid001133,2026/05/03 14:35:27.205, 1, GPU-73838956-9ad1-3484-0ba2-7d8b02c7a72a, NVIDIA A100-SXM4-40GB, 37471, 40960, 25, 102.04, 34
nid001133,2026/05/03 14:35:27.206, 2, GPU-aee03275-201a-58e4-7b5a-f08a6e4c1e50, NVIDIA A100-SXM4-40GB, 37471, 40960, 0, 102.43, 36
nid001133,2026/05/03 14:35:27.208, 3, GPU-e0003d1b-186b-2e66-9474-0b7af5c50af4, NVIDIA A100-SXM4-40GB, 37471, 40960, 0, 99.40, 35
nid001132,2026/05/03 14:35:30.094, 0, GPU-1ee6ac61-44ab-b161-9de0-16bbb44716e7, NVIDIA A100-SXM4-40GB, 36817, 40960, 12, 118.55, 38
nid001132,2026/05/03 14:35:30.096, 1, GPU-afa7121e-c5d0-2eb5-4e9a-8b001ff7a220, NVIDIA A100-SXM4-40GB, 36749, 40960, 17, 115.61, 35
nid001132,2026/05/03 14:35:30.098, 2, GPU-4dea0284-873a-fa20-cc19-10ca82324573, NVIDIA A100-SXM4-40GB, 36749, 40960, 22, 116.71, 36
nid001132,2026/05/03 14:35:30.099, 3, GPU-cba17786-ea73-0caf-0d43-c838fbb66bcd, NVIDIA A100-SXM4-40GB, 36749, 40960, 1, 112.89, 33
nid001133,2026/05/03 14:35:30.955, 0, GPU-43cac420-244c-9975-fbd1-604f88cdd44c, NVIDIA A100-SXM4-40GB, 37481, 40960, 12, 103.96, 35
nid001133,2026/05/03 14:35:30.957, 1, GPU-73838956-9ad1-3484-0ba2-7d8b02c7a72a, NVIDIA A100-SXM4-40GB, 37471, 40960, 0, 102.44, 34
nid001133,2026/05/03 14:35:30.959, 2, GPU-aee03275-201a-58e4-7b5a-f08a6e4c1e50, NVIDIA A100-SXM4-40GB, 37471, 40960, 0, 102.56, 36
nid001133,2026/05/03 14:35:30.960, 3, GPU-e0003d1b-186b-2e66-9474-0b7af5c50af4, NVIDIA A100-SXM4-40GB, 37471, 40960, 74, 99.51, 35
nid001132,2026/05/03 14:35:33.852, 0, GPU-1ee6ac61-44ab-b161-9de0-16bbb44716e7, NVIDIA A100-SXM4-40GB, 36817, 40960, 17, 109.86, 38
nid001132,2026/05/03 14:35:33.854, 1, GPU-afa7121e-c5d0-2eb5-4e9a-8b001ff7a220, NVIDIA A100-SXM4-40GB, 36749, 40960, 4, 100.39, 35
nid001132,2026/05/03 14:35:33.856, 2, GPU-4dea0284-873a-fa20-cc19-10ca82324573, NVIDIA A100-SXM4-40GB, 36749, 40960, 8, 106.40, 36
nid001132,2026/05/03 14:35:33.858, 3, GPU-cba17786-ea73-0caf-0d43-c838fbb66bcd, NVIDIA A100-SXM4-40GB, 36749, 40960, 0, 105.12, 33
nid001133,2026/05/03 14:35:34.701, 0, GPU-43cac420-244c-9975-fbd1-604f88cdd44c, NVIDIA A100-SXM4-40GB, 37481, 40960, 0, 103.96, 35
nid001133,2026/05/03 14:35:34.709, 1, GPU-73838956-9ad1-3484-0ba2-7d8b02c7a72a, NVIDIA A100-SXM4-40GB, 37471, 40960, 0, 102.79, 34
nid001133,2026/05/03 14:35:34.715, 2, GPU-aee03275-201a-58e4-7b5a-f08a6e4c1e50, NVIDIA A100-SXM4-40GB, 37471, 40960, 0, 102.67, 36
nid001133,2026/05/03 14:35:34.721, 3, GPU-e0003d1b-186b-2e66-9474-0b7af5c50af4, NVIDIA A100-SXM4-40GB, 37471, 40960, 0, 99.51, 35
nid001132,2026/05/03 14:35:37.609, 0, GPU-1ee6ac61-44ab-b161-9de0-16bbb44716e7, NVIDIA A100-SXM4-40GB, 36817, 40960, 82, 105.89, 38
nid001132,2026/05/03 14:35:37.612, 1, GPU-afa7121e-c5d0-2eb5-4e9a-8b001ff7a220, NVIDIA A100-SXM4-40GB, 36749, 40960, 25, 100.15, 34
nid001132,2026/05/03 14:35:37.613, 2, GPU-4dea0284-873a-fa20-cc19-10ca82324573, NVIDIA A100-SXM4-40GB, 36749, 40960, 100, 103.84, 36
nid001132,2026/05/03 14:35:37.615, 3, GPU-cba17786-ea73-0caf-0d43-c838fbb66bcd, NVIDIA A100-SXM4-40GB, 36749, 40960, 0, 105.12, 33
nid001133,2026/05/03 14:35:38.442, 0, GPU-43cac420-244c-9975-fbd1-604f88cdd44c, NVIDIA A100-SXM4-40GB, 37481, 40960, 0, 103.96, 35
nid001133,2026/05/03 14:35:38.445, 1, GPU-73838956-9ad1-3484-0ba2-7d8b02c7a72a, NVIDIA A100-SXM4-40GB, 37471, 40960, 71, 102.04, 34
nid001133,2026/05/03 14:35:38.446, 2, GPU-aee03275-201a-58e4-7b5a-f08a6e4c1e50, NVIDIA A100-SXM4-40GB, 37471, 40960, 70, 102.43, 36
nid001133,2026/05/03 14:35:38.448, 3, GPU-e0003d1b-186b-2e66-9474-0b7af5c50af4, NVIDIA A100-SXM4-40GB, 37471, 40960, 0, 99.51, 35
nid001132,2026/05/03 14:35:41.364, 0, GPU-1ee6ac61-44ab-b161-9de0-16bbb44716e7, NVIDIA A100-SXM4-40GB, 36817, 40960, 0, 108.33, 38
nid001132,2026/05/03 14:35:41.367, 1, GPU-afa7121e-c5d0-2eb5-4e9a-8b001ff7a220, NVIDIA A100-SXM4-40GB, 36749, 40960, 35, 111.24, 35
nid001132,2026/05/03 14:35:41.368, 2, GPU-4dea0284-873a-fa20-cc19-10ca82324573, NVIDIA A100-SXM4-40GB, 36749, 40960, 0, 105.64, 36
nid001132,2026/05/03 14:35:41.370, 3, GPU-cba17786-ea73-0caf-0d43-c838fbb66bcd, NVIDIA A100-SXM4-40GB, 36749, 40960, 19, 107.17, 33
nid001133,2026/05/03 14:35:42.196, 0, GPU-43cac420-244c-9975-fbd1-604f88cdd44c, NVIDIA A100-SXM4-40GB, 37481, 40960, 22, 115.85, 35
nid001133,2026/05/03 14:35:42.199, 1, GPU-73838956-9ad1-3484-0ba2-7d8b02c7a72a, NVIDIA A100-SXM4-40GB, 37471, 40960, 0, 112.55, 34
nid001133,2026/05/03 14:35:42.202, 2, GPU-aee03275-201a-58e4-7b5a-f08a6e4c1e50, NVIDIA A100-SXM4-40GB, 37471, 40960, 15, 102.43, 36
nid001133,2026/05/03 14:35:42.206, 3, GPU-e0003d1b-186b-2e66-9474-0b7af5c50af4, NVIDIA A100-SXM4-40GB, 37471, 40960, 0, 103.96, 35
nid001132,2026/05/03 14:35:45.104, 0, GPU-1ee6ac61-44ab-b161-9de0-16bbb44716e7, NVIDIA A100-SXM4-40GB, 36817, 40960, 10, 105.65, 38
nid001132,2026/05/03 14:35:45.107, 1, GPU-afa7121e-c5d0-2eb5-4e9a-8b001ff7a220, NVIDIA A100-SXM4-40GB, 36749, 40960, 29, 101.27, 35
nid001132,2026/05/03 14:35:45.108, 2, GPU-4dea0284-873a-fa20-cc19-10ca82324573, NVIDIA A100-SXM4-40GB, 36749, 40960, 0, 103.72, 36
nid001132,2026/05/03 14:35:45.110, 3, GPU-cba17786-ea73-0caf-0d43-c838fbb66bcd, NVIDIA A100-SXM4-40GB, 36749, 40960, 57, 105.25, 33
nid001133,2026/05/03 14:35:45.995, 0, GPU-43cac420-244c-9975-fbd1-604f88cdd44c, NVIDIA A100-SXM4-40GB, 37481, 40960, 70, 103.96, 35
nid001133,2026/05/03 14:35:46.001, 1, GPU-73838956-9ad1-3484-0ba2-7d8b02c7a72a, NVIDIA A100-SXM4-40GB, 37471, 40960, 33, 102.04, 34
nid001133,2026/05/03 14:35:46.007, 2, GPU-aee03275-201a-58e4-7b5a-f08a6e4c1e50, NVIDIA A100-SXM4-40GB, 37471, 40960, 27, 102.56, 37
nid001133,2026/05/03 14:35:46.011, 3, GPU-e0003d1b-186b-2e66-9474-0b7af5c50af4, NVIDIA A100-SXM4-40GB, 37471, 40960, 72, 99.51, 35
nid001132,2026/05/03 14:35:48.896, 0, GPU-1ee6ac61-44ab-b161-9de0-16bbb44716e7, NVIDIA A100-SXM4-40GB, 36817, 40960, 0, 105.65, 38
nid001132,2026/05/03 14:35:48.899, 1, GPU-afa7121e-c5d0-2eb5-4e9a-8b001ff7a220, NVIDIA A100-SXM4-40GB, 36749, 40960, 6, 101.15, 35
nid001132,2026/05/03 14:35:48.900, 2, GPU-4dea0284-873a-fa20-cc19-10ca82324573, NVIDIA A100-SXM4-40GB, 36749, 40960, 0, 103.60, 36
nid001132,2026/05/03 14:35:48.902, 3, GPU-cba17786-ea73-0caf-0d43-c838fbb66bcd, NVIDIA A100-SXM4-40GB, 36749, 40960, 34, 105.12, 33
nid001133,2026/05/03 14:35:49.722, 0, GPU-43cac420-244c-9975-fbd1-604f88cdd44c, NVIDIA A100-SXM4-40GB, 37481, 40960, 72, 103.96, 35
nid001133,2026/05/03 14:35:49.724, 1, GPU-73838956-9ad1-3484-0ba2-7d8b02c7a72a, NVIDIA A100-SXM4-40GB, 37471, 40960, 3, 102.32, 34
nid001133,2026/05/03 14:35:49.726, 2, GPU-aee03275-201a-58e4-7b5a-f08a6e4c1e50, NVIDIA A100-SXM4-40GB, 37471, 40960, 59, 102.67, 37
nid001133,2026/05/03 14:35:49.727, 3, GPU-e0003d1b-186b-2e66-9474-0b7af5c50af4, NVIDIA A100-SXM4-40GB, 37471, 40960, 67, 113.18, 35
nid001132,2026/05/03 14:35:52.584, 0, GPU-1ee6ac61-44ab-b161-9de0-16bbb44716e7, NVIDIA A100-SXM4-40GB, 36817, 40960, 18, 118.79, 38
nid001132,2026/05/03 14:35:52.586, 1, GPU-afa7121e-c5d0-2eb5-4e9a-8b001ff7a220, NVIDIA A100-SXM4-40GB, 36749, 40960, 13, 101.92, 35
nid001132,2026/05/03 14:35:52.588, 2, GPU-4dea0284-873a-fa20-cc19-10ca82324573, NVIDIA A100-SXM4-40GB, 36749, 40960, 24, 111.53, 36
nid001132,2026/05/03 14:35:52.590, 3, GPU-cba17786-ea73-0caf-0d43-c838fbb66bcd, NVIDIA A100-SXM4-40GB, 36749, 40960, 0, 113.31, 33
nid001133,2026/05/03 14:35:53.443, 0, GPU-43cac420-244c-9975-fbd1-604f88cdd44c, NVIDIA A100-SXM4-40GB, 37481, 40960, 0, 103.84, 35
nid001133,2026/05/03 14:35:53.449, 1, GPU-73838956-9ad1-3484-0ba2-7d8b02c7a72a, NVIDIA A100-SXM4-40GB, 37471, 40960, 38, 102.20, 34
nid001133,2026/05/03 14:35:53.459, 2, GPU-aee03275-201a-58e4-7b5a-f08a6e4c1e50, NVIDIA A100-SXM4-40GB, 37471, 40960, 0, 102.31, 36
nid001133,2026/05/03 14:35:53.461, 3, GPU-e0003d1b-186b-2e66-9474-0b7af5c50af4, NVIDIA A100-SXM4-40GB, 37471, 40960, 0, 99.40, 35
nid001132,2026/05/03 14:35:56.364, 0, GPU-1ee6ac61-44ab-b161-9de0-16bbb44716e7, NVIDIA A100-SXM4-40GB, 36817, 40960, 74, 105.76, 38
nid001132,2026/05/03 14:35:56.371, 1, GPU-afa7121e-c5d0-2eb5-4e9a-8b001ff7a220, NVIDIA A100-SXM4-40GB, 36749, 40960, 68, 101.43, 35
nid001132,2026/05/03 14:35:56.379, 2, GPU-4dea0284-873a-fa20-cc19-10ca82324573, NVIDIA A100-SXM4-40GB, 36749, 40960, 10, 103.84, 36
nid001132,2026/05/03 14:35:56.384, 3, GPU-cba17786-ea73-0caf-0d43-c838fbb66bcd, NVIDIA A100-SXM4-40GB, 36749, 40960, 100, 105.37, 33
nid001133,2026/05/03 14:35:57.243, 0, GPU-43cac420-244c-9975-fbd1-604f88cdd44c, NVIDIA A100-SXM4-40GB, 37481, 40960, 28, 103.96, 35
nid001133,2026/05/03 14:35:57.246, 1, GPU-73838956-9ad1-3484-0ba2-7d8b02c7a72a, NVIDIA A100-SXM4-40GB, 37471, 40960, 32, 102.91, 34
nid001133,2026/05/03 14:35:57.247, 2, GPU-aee03275-201a-58e4-7b5a-f08a6e4c1e50, NVIDIA A100-SXM4-40GB, 37471, 40960, 14, 102.56, 36
nid001133,2026/05/03 14:35:57.249, 3, GPU-e0003d1b-186b-2e66-9474-0b7af5c50af4, NVIDIA A100-SXM4-40GB, 37471, 40960, 31, 99.22, 35
nid001132,2026/05/03 14:36:00.132, 0, GPU-1ee6ac61-44ab-b161-9de0-16bbb44716e7, NVIDIA A100-SXM4-40GB, 36817, 40960, 35, 107.17, 38
nid001132,2026/05/03 14:36:00.138, 1, GPU-afa7121e-c5d0-2eb5-4e9a-8b001ff7a220, NVIDIA A100-SXM4-40GB, 36749, 40960, 100, 113.18, 35
nid001132,2026/05/03 14:36:00.143, 2, GPU-4dea0284-873a-fa20-cc19-10ca82324573, NVIDIA A100-SXM4-40GB, 36749, 40960, 56, 108.33, 36
nid001132,2026/05/03 14:36:00.145, 3, GPU-cba17786-ea73-0caf-0d43-c838fbb66bcd, NVIDIA A100-SXM4-40GB, 36749, 40960, 94, 112.55, 33
nid001133,2026/05/03 14:36:01.041, 0, GPU-43cac420-244c-9975-fbd1-604f88cdd44c, NVIDIA A100-SXM4-40GB, 37481, 40960, 81, 103.96, 35
nid001133,2026/05/03 14:36:01.043, 1, GPU-73838956-9ad1-3484-0ba2-7d8b02c7a72a, NVIDIA A100-SXM4-40GB, 37471, 40960, 34, 113.03, 34
nid001133,2026/05/03 14:36:01.045, 2, GPU-aee03275-201a-58e4-7b5a-f08a6e4c1e50, NVIDIA A100-SXM4-40GB, 37471, 40960, 0, 102.79, 37
nid001133,2026/05/03 14:36:01.047, 3, GPU-e0003d1b-186b-2e66-9474-0b7af5c50af4, NVIDIA A100-SXM4-40GB, 37471, 40960, 85, 120.21, 35
nid001132,2026/05/03 14:36:03.905, 0, GPU-1ee6ac61-44ab-b161-9de0-16bbb44716e7, NVIDIA A100-SXM4-40GB, 36817, 40960, 3, 109.09, 38
nid001132,2026/05/03 14:36:03.907, 1, GPU-afa7121e-c5d0-2eb5-4e9a-8b001ff7a220, NVIDIA A100-SXM4-40GB, 36749, 40960, 45, 109.48, 35
nid001132,2026/05/03 14:36:03.909, 2, GPU-4dea0284-873a-fa20-cc19-10ca82324573, NVIDIA A100-SXM4-40GB, 36749, 40960, 13, 119.55, 36
nid001132,2026/05/03 14:36:03.910, 3, GPU-cba17786-ea73-0caf-0d43-c838fbb66bcd, NVIDIA A100-SXM4-40GB, 36749, 40960, 0, 120.83, 34
nid001133,2026/05/03 14:36:04.783, 0, GPU-43cac420-244c-9975-fbd1-604f88cdd44c, NVIDIA A100-SXM4-40GB, 37481, 40960, 0, 104.24, 35
nid001133,2026/05/03 14:36:04.785, 1, GPU-73838956-9ad1-3484-0ba2-7d8b02c7a72a, NVIDIA A100-SXM4-40GB, 37471, 40960, 0, 116.22, 34
nid001133,2026/05/03 14:36:04.787, 2, GPU-aee03275-201a-58e4-7b5a-f08a6e4c1e50, NVIDIA A100-SXM4-40GB, 37471, 40960, 0, 125.30, 37
nid001133,2026/05/03 14:36:04.788, 3, GPU-e0003d1b-186b-2e66-9474-0b7af5c50af4, NVIDIA A100-SXM4-40GB, 37471, 40960, 75, 119.31, 35
nid001132,2026/05/03 14:36:07.656, 0, GPU-1ee6ac61-44ab-b161-9de0-16bbb44716e7, NVIDIA A100-SXM4-40GB, 36817, 40960, 18, 105.89, 38
nid001132,2026/05/03 14:36:07.659, 1, GPU-afa7121e-c5d0-2eb5-4e9a-8b001ff7a220, NVIDIA A100-SXM4-40GB, 36749, 40960, 76, 101.15, 35
nid001132,2026/05/03 14:36:07.660, 2, GPU-4dea0284-873a-fa20-cc19-10ca82324573, NVIDIA A100-SXM4-40GB, 36749, 40960, 19, 103.84, 36
nid001132,2026/05/03 14:36:07.662, 3, GPU-cba17786-ea73-0caf-0d43-c838fbb66bcd, NVIDIA A100-SXM4-40GB, 36749, 40960, 72, 105.37, 33
nid001133,2026/05/03 14:36:08.527, 0, GPU-43cac420-244c-9975-fbd1-604f88cdd44c, NVIDIA A100-SXM4-40GB, 37481, 40960, 0, 122.49, 35
nid001133,2026/05/03 14:36:08.530, 1, GPU-73838956-9ad1-3484-0ba2-7d8b02c7a72a, NVIDIA A100-SXM4-40GB, 37471, 40960, 59, 103.84, 34
nid001133,2026/05/03 14:36:08.531, 2, GPU-aee03275-201a-58e4-7b5a-f08a6e4c1e50, NVIDIA A100-SXM4-40GB, 37471, 40960, 91, 106.29, 37
nid001133,2026/05/03 14:36:08.534, 3, GPU-e0003d1b-186b-2e66-9474-0b7af5c50af4, NVIDIA A100-SXM4-40GB, 37471, 40960, 3, 115.99, 35
nid001132,2026/05/03 14:36:11.410, 0, GPU-1ee6ac61-44ab-b161-9de0-16bbb44716e7, NVIDIA A100-SXM4-40GB, 36817, 40960, 15, 129.53, 38
nid001132,2026/05/03 14:36:11.413, 1, GPU-afa7121e-c5d0-2eb5-4e9a-8b001ff7a220, NVIDIA A100-SXM4-40GB, 36749, 40960, 23, 117.13, 35
nid001132,2026/05/03 14:36:11.415, 2, GPU-4dea0284-873a-fa20-cc19-10ca82324573, NVIDIA A100-SXM4-40GB, 36749, 40960, 6, 126.14, 36
nid001132,2026/05/03 14:36:11.416, 3, GPU-cba17786-ea73-0caf-0d43-c838fbb66bcd, NVIDIA A100-SXM4-40GB, 36749, 40960, 11, 117.41, 33
nid001133,2026/05/03 14:36:12.225, 0, GPU-43cac420-244c-9975-fbd1-604f88cdd44c, NVIDIA A100-SXM4-40GB, 37481, 40960, 0, 103.84, 35
nid001133,2026/05/03 14:36:12.228, 1, GPU-73838956-9ad1-3484-0ba2-7d8b02c7a72a, NVIDIA A100-SXM4-40GB, 37471, 40960, 0, 102.79, 34
nid001133,2026/05/03 14:36:12.230, 2, GPU-aee03275-201a-58e4-7b5a-f08a6e4c1e50, NVIDIA A100-SXM4-40GB, 37471, 40960, 0, 102.43, 37
nid001133,2026/05/03 14:36:12.234, 3, GPU-e0003d1b-186b-2e66-9474-0b7af5c50af4, NVIDIA A100-SXM4-40GB, 37471, 40960, 0, 99.40, 35
nid001132,2026/05/03 14:36:15.132, 0, GPU-1ee6ac61-44ab-b161-9de0-16bbb44716e7, NVIDIA A100-SXM4-40GB, 36817, 40960, 39, 105.76, 38
nid001132,2026/05/03 14:36:15.135, 1, GPU-afa7121e-c5d0-2eb5-4e9a-8b001ff7a220, NVIDIA A100-SXM4-40GB, 36749, 40960, 60, 101.15, 35
nid001132,2026/05/03 14:36:15.137, 2, GPU-4dea0284-873a-fa20-cc19-10ca82324573, NVIDIA A100-SXM4-40GB, 36749, 40960, 27, 103.84, 36
nid001132,2026/05/03 14:36:15.138, 3, GPU-cba17786-ea73-0caf-0d43-c838fbb66bcd, NVIDIA A100-SXM4-40GB, 36749, 40960, 99, 105.12, 33
nid001133,2026/05/03 14:36:16.014, 0, GPU-43cac420-244c-9975-fbd1-604f88cdd44c, NVIDIA A100-SXM4-40GB, 37481, 40960, 3, 103.96, 35
nid001133,2026/05/03 14:36:16.016, 1, GPU-73838956-9ad1-3484-0ba2-7d8b02c7a72a, NVIDIA A100-SXM4-40GB, 37471, 40960, 11, 102.04, 34
nid001133,2026/05/03 14:36:16.018, 2, GPU-aee03275-201a-58e4-7b5a-f08a6e4c1e50, NVIDIA A100-SXM4-40GB, 37471, 40960, 40, 102.43, 36
nid001133,2026/05/03 14:36:16.019, 3, GPU-e0003d1b-186b-2e66-9474-0b7af5c50af4, NVIDIA A100-SXM4-40GB, 37471, 40960, 39, 99.51, 35
nid001132,2026/05/03 14:36:18.957, 0, GPU-1ee6ac61-44ab-b161-9de0-16bbb44716e7, NVIDIA A100-SXM4-40GB, 36817, 40960, 0, 117.79, 38
nid001132,2026/05/03 14:36:18.960, 1, GPU-afa7121e-c5d0-2eb5-4e9a-8b001ff7a220, NVIDIA A100-SXM4-40GB, 36749, 40960, 0, 101.15, 35
nid001132,2026/05/03 14:36:18.961, 2, GPU-4dea0284-873a-fa20-cc19-10ca82324573, NVIDIA A100-SXM4-40GB, 36749, 40960, 0, 109.72, 36
nid001132,2026/05/03 14:36:18.963, 3, GPU-cba17786-ea73-0caf-0d43-c838fbb66bcd, NVIDIA A100-SXM4-40GB, 36749, 40960, 0, 108.69, 33
nid001133,2026/05/03 14:36:19.853, 0, GPU-43cac420-244c-9975-fbd1-604f88cdd44c, NVIDIA A100-SXM4-40GB, 37481, 40960, 0, 103.96, 35
nid001133,2026/05/03 14:36:19.863, 1, GPU-73838956-9ad1-3484-0ba2-7d8b02c7a72a, NVIDIA A100-SXM4-40GB, 37471, 40960, 42, 102.04, 34
nid001133,2026/05/03 14:36:19.864, 2, GPU-aee03275-201a-58e4-7b5a-f08a6e4c1e50, NVIDIA A100-SXM4-40GB, 37471, 40960, 0, 102.56, 36
nid001133,2026/05/03 14:36:19.866, 3, GPU-e0003d1b-186b-2e66-9474-0b7af5c50af4, NVIDIA A100-SXM4-40GB, 37471, 40960, 0, 99.51, 35
nid001132,2026/05/03 14:36:22.726, 0, GPU-1ee6ac61-44ab-b161-9de0-16bbb44716e7, NVIDIA A100-SXM4-40GB, 36817, 40960, 17, 117.27, 38
nid001132,2026/05/03 14:36:22.729, 1, GPU-afa7121e-c5d0-2eb5-4e9a-8b001ff7a220, NVIDIA A100-SXM4-40GB, 36749, 40960, 57, 101.68, 35
nid001132,2026/05/03 14:36:22.730, 2, GPU-4dea0284-873a-fa20-cc19-10ca82324573, NVIDIA A100-SXM4-40GB, 36749, 40960, 70, 123.49, 36
nid001132,2026/05/03 14:36:22.732, 3, GPU-cba17786-ea73-0caf-0d43-c838fbb66bcd, NVIDIA A100-SXM4-40GB, 36749, 40960, 100, 115.36, 33
nid001133,2026/05/03 14:36:23.540, 0, GPU-43cac420-244c-9975-fbd1-604f88cdd44c, NVIDIA A100-SXM4-40GB, 37481, 40960, 0, 119.41, 36
nid001133,2026/05/03 14:36:23.543, 1, GPU-73838956-9ad1-3484-0ba2-7d8b02c7a72a, NVIDIA A100-SXM4-40GB, 37471, 40960, 54, 102.16, 34
nid001133,2026/05/03 14:36:23.545, 2, GPU-aee03275-201a-58e4-7b5a-f08a6e4c1e50, NVIDIA A100-SXM4-40GB, 37471, 40960, 18, 125.01, 37
nid001133,2026/05/03 14:36:23.546, 3, GPU-e0003d1b-186b-2e66-9474-0b7af5c50af4, NVIDIA A100-SXM4-40GB, 37471, 40960, 0, 114.46, 35
nid001132,2026/05/03 14:36:26.402, 0, GPU-1ee6ac61-44ab-b161-9de0-16bbb44716e7, NVIDIA A100-SXM4-40GB, 36817, 40960, 55, 106.12, 38
nid001132,2026/05/03 14:36:26.405, 1, GPU-afa7121e-c5d0-2eb5-4e9a-8b001ff7a220, NVIDIA A100-SXM4-40GB, 36749, 40960, 60, 101.27, 35
nid001132,2026/05/03 14:36:26.408, 2, GPU-4dea0284-873a-fa20-cc19-10ca82324573, NVIDIA A100-SXM4-40GB, 36749, 40960, 55, 104.24, 36
nid001132,2026/05/03 14:36:26.410, 3, GPU-cba17786-ea73-0caf-0d43-c838fbb66bcd, NVIDIA A100-SXM4-40GB, 36749, 40960, 44, 105.25, 33
nid001133,2026/05/03 14:36:27.240, 0, GPU-43cac420-244c-9975-fbd1-604f88cdd44c, NVIDIA A100-SXM4-40GB, 37481, 40960, 85, 127.49, 36
nid001133,2026/05/03 14:36:27.243, 1, GPU-73838956-9ad1-3484-0ba2-7d8b02c7a72a, NVIDIA A100-SXM4-40GB, 37471, 40960, 5, 120.45, 34
nid001133,2026/05/03 14:36:27.245, 2, GPU-aee03275-201a-58e4-7b5a-f08a6e4c1e50, NVIDIA A100-SXM4-40GB, 37471, 40960, 27, 109.74, 37
nid001133,2026/05/03 14:36:27.246, 3, GPU-e0003d1b-186b-2e66-9474-0b7af5c50af4, NVIDIA A100-SXM4-40GB, 37471, 40960, 94, 110.22, 35
nid001132,2026/05/03 14:36:30.126, 0, GPU-1ee6ac61-44ab-b161-9de0-16bbb44716e7, NVIDIA A100-SXM4-40GB, 36817, 40960, 76, 118.03, 38
nid001132,2026/05/03 14:36:30.129, 1, GPU-afa7121e-c5d0-2eb5-4e9a-8b001ff7a220, NVIDIA A100-SXM4-40GB, 36749, 40960, 100, 102.67, 35
nid001132,2026/05/03 14:36:30.131, 2, GPU-4dea0284-873a-fa20-cc19-10ca82324573, NVIDIA A100-SXM4-40GB, 36749, 40960, 54, 108.20, 36
nid001132,2026/05/03 14:36:30.133, 3, GPU-cba17786-ea73-0caf-0d43-c838fbb66bcd, NVIDIA A100-SXM4-40GB, 36749, 40960, 13, 107.41, 33
nid001133,2026/05/03 14:36:31.046, 0, GPU-43cac420-244c-9975-fbd1-604f88cdd44c, NVIDIA A100-SXM4-40GB, 37481, 40960, 68, 123.77, 36
nid001133,2026/05/03 14:36:31.051, 1, GPU-73838956-9ad1-3484-0ba2-7d8b02c7a72a, NVIDIA A100-SXM4-40GB, 37471, 40960, 10, 110.22, 34
nid001133,2026/05/03 14:36:31.057, 2, GPU-aee03275-201a-58e4-7b5a-f08a6e4c1e50, NVIDIA A100-SXM4-40GB, 37471, 40960, 0, 102.79, 37
nid001133,2026/05/03 14:36:31.066, 3, GPU-e0003d1b-186b-2e66-9474-0b7af5c50af4, NVIDIA A100-SXM4-40GB, 37471, 40960, 27, 99.99, 35
nid001132,2026/05/03 14:36:33.990, 0, GPU-1ee6ac61-44ab-b161-9de0-16bbb44716e7, NVIDIA A100-SXM4-40GB, 36817, 40960, 73, 111.89, 38
nid001132,2026/05/03 14:36:33.993, 1, GPU-afa7121e-c5d0-2eb5-4e9a-8b001ff7a220, NVIDIA A100-SXM4-40GB, 36749, 40960, 41, 102.43, 35
nid001132,2026/05/03 14:36:33.994, 2, GPU-4dea0284-873a-fa20-cc19-10ca82324573, NVIDIA A100-SXM4-40GB, 36749, 40960, 89, 107.44, 36
nid001132,2026/05/03 14:36:33.996, 3, GPU-cba17786-ea73-0caf-0d43-c838fbb66bcd, NVIDIA A100-SXM4-40GB, 36749, 40960, 36, 124.68, 33
nid001133,2026/05/03 14:36:34.837, 0, GPU-43cac420-244c-9975-fbd1-604f88cdd44c, NVIDIA A100-SXM4-40GB, 37481, 40960, 31, 104.24, 35
nid001133,2026/05/03 14:36:34.840, 1, GPU-73838956-9ad1-3484-0ba2-7d8b02c7a72a, NVIDIA A100-SXM4-40GB, 37471, 40960, 91, 102.04, 34
nid001133,2026/05/03 14:36:34.841, 2, GPU-aee03275-201a-58e4-7b5a-f08a6e4c1e50, NVIDIA A100-SXM4-40GB, 37471, 40960, 5, 103.08, 37
nid001133,2026/05/03 14:36:34.843, 3, GPU-e0003d1b-186b-2e66-9474-0b7af5c50af4, NVIDIA A100-SXM4-40GB, 37471, 40960, 39, 101.27, 35
nid001132,2026/05/03 14:36:37.737, 0, GPU-1ee6ac61-44ab-b161-9de0-16bbb44716e7, NVIDIA A100-SXM4-40GB, 36817, 40960, 50, 105.76, 38
nid001132,2026/05/03 14:36:37.740, 1, GPU-afa7121e-c5d0-2eb5-4e9a-8b001ff7a220, NVIDIA A100-SXM4-40GB, 36749, 40960, 66, 101.27, 35
nid001132,2026/05/03 14:36:37.742, 2, GPU-4dea0284-873a-fa20-cc19-10ca82324573, NVIDIA A100-SXM4-40GB, 36749, 40960, 28, 103.84, 36
nid001132,2026/05/03 14:36:37.743, 3, GPU-cba17786-ea73-0caf-0d43-c838fbb66bcd, NVIDIA A100-SXM4-40GB, 36749, 40960, 55, 105.12, 33
nid001133,2026/05/03 14:36:38.572, 0, GPU-43cac420-244c-9975-fbd1-604f88cdd44c, NVIDIA A100-SXM4-40GB, 37481, 40960, 45, 103.96, 35
nid001133,2026/05/03 14:36:38.574, 1, GPU-73838956-9ad1-3484-0ba2-7d8b02c7a72a, NVIDIA A100-SXM4-40GB, 37471, 40960, 0, 102.79, 34
nid001133,2026/05/03 14:36:38.576, 2, GPU-aee03275-201a-58e4-7b5a-f08a6e4c1e50, NVIDIA A100-SXM4-40GB, 37471, 40960, 11, 102.67, 36
nid001133,2026/05/03 14:36:38.577, 3, GPU-e0003d1b-186b-2e66-9474-0b7af5c50af4, NVIDIA A100-SXM4-40GB, 37471, 40960, 8, 99.51, 35
nid001132,2026/05/03 14:36:41.465, 0, GPU-1ee6ac61-44ab-b161-9de0-16bbb44716e7, NVIDIA A100-SXM4-40GB, 36817, 40960, 18, 112.03, 38
nid001132,2026/05/03 14:36:41.468, 1, GPU-afa7121e-c5d0-2eb5-4e9a-8b001ff7a220, NVIDIA A100-SXM4-40GB, 36749, 40960, 51, 112.42, 35
nid001132,2026/05/03 14:36:41.469, 2, GPU-4dea0284-873a-fa20-cc19-10ca82324573, NVIDIA A100-SXM4-40GB, 36749, 40960, 11, 107.81, 36
nid001132,2026/05/03 14:36:41.472, 3, GPU-cba17786-ea73-0caf-0d43-c838fbb66bcd, NVIDIA A100-SXM4-40GB, 36749, 40960, 4, 105.25, 33
nid001133,2026/05/03 14:36:42.301, 0, GPU-43cac420-244c-9975-fbd1-604f88cdd44c, NVIDIA A100-SXM4-40GB, 37481, 40960, 1, 103.96, 35
nid001133,2026/05/03 14:36:42.304, 1, GPU-73838956-9ad1-3484-0ba2-7d8b02c7a72a, NVIDIA A100-SXM4-40GB, 37471, 40960, 83, 101.80, 34
nid001133,2026/05/03 14:36:42.305, 2, GPU-aee03275-201a-58e4-7b5a-f08a6e4c1e50, NVIDIA A100-SXM4-40GB, 37471, 40960, 18, 102.79, 36
nid001133,2026/05/03 14:36:42.307, 3, GPU-e0003d1b-186b-2e66-9474-0b7af5c50af4, NVIDIA A100-SXM4-40GB, 37471, 40960, 17, 99.51, 35
nid001132,2026/05/03 14:36:45.161, 0, GPU-1ee6ac61-44ab-b161-9de0-16bbb44716e7, NVIDIA A100-SXM4-40GB, 36817, 40960, 5, 105.65, 38
nid001132,2026/05/03 14:36:45.164, 1, GPU-afa7121e-c5d0-2eb5-4e9a-8b001ff7a220, NVIDIA A100-SXM4-40GB, 36749, 40960, 74, 101.15, 35
nid001132,2026/05/03 14:36:45.165, 2, GPU-4dea0284-873a-fa20-cc19-10ca82324573, NVIDIA A100-SXM4-40GB, 36749, 40960, 55, 103.60, 36
nid001132,2026/05/03 14:36:45.171, 3, GPU-cba17786-ea73-0caf-0d43-c838fbb66bcd, NVIDIA A100-SXM4-40GB, 36749, 40960, 98, 105.25, 33
nid001133,2026/05/03 14:36:46.004, 0, GPU-43cac420-244c-9975-fbd1-604f88cdd44c, NVIDIA A100-SXM4-40GB, 37481, 40960, 71, 104.24, 35
nid001133,2026/05/03 14:36:46.006, 1, GPU-73838956-9ad1-3484-0ba2-7d8b02c7a72a, NVIDIA A100-SXM4-40GB, 37471, 40960, 58, 103.08, 34
nid001133,2026/05/03 14:36:46.008, 2, GPU-aee03275-201a-58e4-7b5a-f08a6e4c1e50, NVIDIA A100-SXM4-40GB, 37471, 40960, 18, 123.49, 37
nid001133,2026/05/03 14:36:46.009, 3, GPU-e0003d1b-186b-2e66-9474-0b7af5c50af4, NVIDIA A100-SXM4-40GB, 37471, 40960, 60, 99.40, 35
nid001132,2026/05/03 14:36:48.859, 0, GPU-1ee6ac61-44ab-b161-9de0-16bbb44716e7, NVIDIA A100-SXM4-40GB, 36817, 40960, 51, 127.73, 38
nid001132,2026/05/03 14:36:48.870, 1, GPU-afa7121e-c5d0-2eb5-4e9a-8b001ff7a220, NVIDIA A100-SXM4-40GB, 36749, 40960, 47, 101.43, 35
nid001132,2026/05/03 14:36:48.876, 2, GPU-4dea0284-873a-fa20-cc19-10ca82324573, NVIDIA A100-SXM4-40GB, 36749, 40960, 72, 128.33, 36
nid001132,2026/05/03 14:36:48.881, 3, GPU-cba17786-ea73-0caf-0d43-c838fbb66bcd, NVIDIA A100-SXM4-40GB, 36749, 40960, 0, 105.12, 33
nid001133,2026/05/03 14:36:49.797, 0, GPU-43cac420-244c-9975-fbd1-604f88cdd44c, NVIDIA A100-SXM4-40GB, 37481, 40960, 0, 103.96, 35
nid001133,2026/05/03 14:36:49.804, 1, GPU-73838956-9ad1-3484-0ba2-7d8b02c7a72a, NVIDIA A100-SXM4-40GB, 37471, 40960, 0, 102.32, 34
nid001133,2026/05/03 14:36:49.805, 2, GPU-aee03275-201a-58e4-7b5a-f08a6e4c1e50, NVIDIA A100-SXM4-40GB, 37471, 40960, 0, 102.56, 36
nid001133,2026/05/03 14:36:49.807, 3, GPU-e0003d1b-186b-2e66-9474-0b7af5c50af4, NVIDIA A100-SXM4-40GB, 37471, 40960, 0, 99.51, 35
nid001132,2026/05/03 14:36:52.756, 0, GPU-1ee6ac61-44ab-b161-9de0-16bbb44716e7, NVIDIA A100-SXM4-40GB, 36817, 40960, 24, 105.65, 38
nid001132,2026/05/03 14:36:52.762, 1, GPU-afa7121e-c5d0-2eb5-4e9a-8b001ff7a220, NVIDIA A100-SXM4-40GB, 36749, 40960, 96, 101.56, 35
nid001132,2026/05/03 14:36:52.763, 2, GPU-4dea0284-873a-fa20-cc19-10ca82324573, NVIDIA A100-SXM4-40GB, 36749, 40960, 96, 113.81, 36
nid001132,2026/05/03 14:36:52.765, 3, GPU-cba17786-ea73-0caf-0d43-c838fbb66bcd, NVIDIA A100-SXM4-40GB, 36749, 40960, 95, 108.59, 33
nid001133,2026/05/03 14:36:53.786, 0, GPU-43cac420-244c-9975-fbd1-604f88cdd44c, NVIDIA A100-SXM4-40GB, 37481, 40960, 6, 104.08, 35
nid001133,2026/05/03 14:36:53.789, 1, GPU-73838956-9ad1-3484-0ba2-7d8b02c7a72a, NVIDIA A100-SXM4-40GB, 37471, 40960, 0, 102.44, 34
nid001133,2026/05/03 14:36:53.790, 2, GPU-aee03275-201a-58e4-7b5a-f08a6e4c1e50, NVIDIA A100-SXM4-40GB, 37471, 40960, 2, 102.56, 36
nid001133,2026/05/03 14:36:53.792, 3, GPU-e0003d1b-186b-2e66-9474-0b7af5c50af4, NVIDIA A100-SXM4-40GB, 37471, 40960, 0, 99.34, 35
nid001132,2026/05/03 14:36:56.693, 0, GPU-1ee6ac61-44ab-b161-9de0-16bbb44716e7, NVIDIA A100-SXM4-40GB, 36817, 40960, 47, 117.93, 38
nid001132,2026/05/03 14:36:56.701, 1, GPU-afa7121e-c5d0-2eb5-4e9a-8b001ff7a220, NVIDIA A100-SXM4-40GB, 36749, 40960, 24, 100.92, 35
nid001132,2026/05/03 14:36:56.706, 2, GPU-4dea0284-873a-fa20-cc19-10ca82324573, NVIDIA A100-SXM4-40GB, 36749, 40960, 94, 109.20, 36
nid001132,2026/05/03 14:36:56.710, 3, GPU-cba17786-ea73-0caf-0d43-c838fbb66bcd, NVIDIA A100-SXM4-40GB, 36749, 40960, 46, 119.69, 33
nid001133,2026/05/03 14:36:57.552, 0, GPU-43cac420-244c-9975-fbd1-604f88cdd44c, NVIDIA A100-SXM4-40GB, 37481, 40960, 77, 104.24, 35
nid001133,2026/05/03 14:36:57.558, 1, GPU-73838956-9ad1-3484-0ba2-7d8b02c7a72a, NVIDIA A100-SXM4-40GB, 37471, 40960, 5, 102.32, 34
nid001133,2026/05/03 14:36:57.563, 2, GPU-aee03275-201a-58e4-7b5a-f08a6e4c1e50, NVIDIA A100-SXM4-40GB, 37471, 40960, 82, 102.43, 37
nid001133,2026/05/03 14:36:57.568, 3, GPU-e0003d1b-186b-2e66-9474-0b7af5c50af4, NVIDIA A100-SXM4-40GB, 37471, 40960, 87, 99.40, 35
nid001132,2026/05/03 14:37:00.454, 0, GPU-1ee6ac61-44ab-b161-9de0-16bbb44716e7, NVIDIA A100-SXM4-40GB, 36817, 40960, 23, 105.65, 38
nid001132,2026/05/03 14:37:00.456, 1, GPU-afa7121e-c5d0-2eb5-4e9a-8b001ff7a220, NVIDIA A100-SXM4-40GB, 36749, 40960, 9, 105.53, 35
nid001132,2026/05/03 14:37:00.458, 2, GPU-4dea0284-873a-fa20-cc19-10ca82324573, NVIDIA A100-SXM4-40GB, 36749, 40960, 1, 109.61, 36
nid001132,2026/05/03 14:37:00.460, 3, GPU-cba17786-ea73-0caf-0d43-c838fbb66bcd, NVIDIA A100-SXM4-40GB, 36749, 40960, 0, 108.69, 33
nid001133,2026/05/03 14:37:01.293, 0, GPU-43cac420-244c-9975-fbd1-604f88cdd44c, NVIDIA A100-SXM4-40GB, 37481, 40960, 0, 103.96, 35
nid001133,2026/05/03 14:37:01.295, 1, GPU-73838956-9ad1-3484-0ba2-7d8b02c7a72a, NVIDIA A100-SXM4-40GB, 37471, 40960, 0, 102.04, 34
nid001133,2026/05/03 14:37:01.297, 2, GPU-aee03275-201a-58e4-7b5a-f08a6e4c1e50, NVIDIA A100-SXM4-40GB, 37471, 40960, 3, 102.43, 36
nid001133,2026/05/03 14:37:01.299, 3, GPU-e0003d1b-186b-2e66-9474-0b7af5c50af4, NVIDIA A100-SXM4-40GB, 37471, 40960, 0, 99.11, 35
nid001132,2026/05/03 14:37:04.162, 0, GPU-1ee6ac61-44ab-b161-9de0-16bbb44716e7, NVIDIA A100-SXM4-40GB, 36817, 40960, 0, 106.42, 38
nid001132,2026/05/03 14:37:04.164, 1, GPU-afa7121e-c5d0-2eb5-4e9a-8b001ff7a220, NVIDIA A100-SXM4-40GB, 36749, 40960, 0, 108.57, 35
nid001132,2026/05/03 14:37:04.166, 2, GPU-4dea0284-873a-fa20-cc19-10ca82324573, NVIDIA A100-SXM4-40GB, 36749, 40960, 0, 105.64, 36
nid001132,2026/05/03 14:37:04.168, 3, GPU-cba17786-ea73-0caf-0d43-c838fbb66bcd, NVIDIA A100-SXM4-40GB, 36749, 40960, 9, 117.12, 33
nid001133,2026/05/03 14:37:04.995, 0, GPU-43cac420-244c-9975-fbd1-604f88cdd44c, NVIDIA A100-SXM4-40GB, 37481, 40960, 29, 103.96, 35
nid001133,2026/05/03 14:37:04.997, 1, GPU-73838956-9ad1-3484-0ba2-7d8b02c7a72a, NVIDIA A100-SXM4-40GB, 37471, 40960, 68, 102.04, 34
nid001133,2026/05/03 14:37:04.999, 2, GPU-aee03275-201a-58e4-7b5a-f08a6e4c1e50, NVIDIA A100-SXM4-40GB, 37471, 40960, 0, 102.43, 36
nid001133,2026/05/03 14:37:05.001, 3, GPU-e0003d1b-186b-2e66-9474-0b7af5c50af4, NVIDIA A100-SXM4-40GB, 37471, 40960, 0, 99.51, 35
nid001132,2026/05/03 14:37:07.874, 0, GPU-1ee6ac61-44ab-b161-9de0-16bbb44716e7, NVIDIA A100-SXM4-40GB, 36817, 40960, 32, 108.46, 38
nid001132,2026/05/03 14:37:07.877, 1, GPU-afa7121e-c5d0-2eb5-4e9a-8b001ff7a220, NVIDIA A100-SXM4-40GB, 36749, 40960, 84, 101.27, 35
nid001132,2026/05/03 14:37:07.881, 2, GPU-4dea0284-873a-fa20-cc19-10ca82324573, NVIDIA A100-SXM4-40GB, 36749, 40960, 32, 109.33, 36
nid001132,2026/05/03 14:37:07.886, 3, GPU-cba17786-ea73-0caf-0d43-c838fbb66bcd, NVIDIA A100-SXM4-40GB, 36749, 40960, 2, 122.93, 33
nid001133,2026/05/03 14:37:08.758, 0, GPU-43cac420-244c-9975-fbd1-604f88cdd44c, NVIDIA A100-SXM4-40GB, 37481, 40960, 0, 103.96, 35
nid001133,2026/05/03 14:37:08.761, 1, GPU-73838956-9ad1-3484-0ba2-7d8b02c7a72a, NVIDIA A100-SXM4-40GB, 37471, 40960, 0, 101.80, 34
nid001133,2026/05/03 14:37:08.762, 2, GPU-aee03275-201a-58e4-7b5a-f08a6e4c1e50, NVIDIA A100-SXM4-40GB, 37471, 40960, 0, 115.61, 37
nid001133,2026/05/03 14:37:08.764, 3, GPU-e0003d1b-186b-2e66-9474-0b7af5c50af4, NVIDIA A100-SXM4-40GB, 37471, 40960, 1, 99.51, 35
nid001132,2026/05/03 14:37:11.644, 0, GPU-1ee6ac61-44ab-b161-9de0-16bbb44716e7, NVIDIA A100-SXM4-40GB, 36817, 40960, 60, 105.89, 38
nid001132,2026/05/03 14:37:11.647, 1, GPU-afa7121e-c5d0-2eb5-4e9a-8b001ff7a220, NVIDIA A100-SXM4-40GB, 36749, 40960, 63, 101.15, 35
nid001132,2026/05/03 14:37:11.648, 2, GPU-4dea0284-873a-fa20-cc19-10ca82324573, NVIDIA A100-SXM4-40GB, 36749, 40960, 70, 103.96, 36
nid001132,2026/05/03 14:37:11.650, 3, GPU-cba17786-ea73-0caf-0d43-c838fbb66bcd, NVIDIA A100-SXM4-40GB, 36749, 40960, 31, 105.25, 33
nid001133,2026/05/03 14:37:12.483, 0, GPU-43cac420-244c-9975-fbd1-604f88cdd44c, NVIDIA A100-SXM4-40GB, 37481, 40960, 63, 103.96, 35
nid001133,2026/05/03 14:37:12.485, 1, GPU-73838956-9ad1-3484-0ba2-7d8b02c7a72a, NVIDIA A100-SXM4-40GB, 37471, 40960, 54, 101.80, 34
nid001133,2026/05/03 14:37:12.487, 2, GPU-aee03275-201a-58e4-7b5a-f08a6e4c1e50, NVIDIA A100-SXM4-40GB, 37471, 40960, 5, 102.56, 36
nid001133,2026/05/03 14:37:12.489, 3, GPU-e0003d1b-186b-2e66-9474-0b7af5c50af4, NVIDIA A100-SXM4-40GB, 37471, 40960, 72, 99.22, 35
nid001132,2026/05/03 14:37:15.526, 0, GPU-1ee6ac61-44ab-b161-9de0-16bbb44716e7, NVIDIA A100-SXM4-40GB, 36817, 40960, 37, 110.09, 38
nid001132,2026/05/03 14:37:15.528, 1, GPU-afa7121e-c5d0-2eb5-4e9a-8b001ff7a220, NVIDIA A100-SXM4-40GB, 36749, 40960, 86, 101.15, 35
nid001132,2026/05/03 14:37:15.530, 2, GPU-4dea0284-873a-fa20-cc19-10ca82324573, NVIDIA A100-SXM4-40GB, 36749, 40960, 33, 110.72, 36
nid001132,2026/05/03 14:37:15.531, 3, GPU-cba17786-ea73-0caf-0d43-c838fbb66bcd, NVIDIA A100-SXM4-40GB, 36749, 40960, 99, 106.42, 33
nid001133,2026/05/03 14:37:16.367, 0, GPU-43cac420-244c-9975-fbd1-604f88cdd44c, NVIDIA A100-SXM4-40GB, 37481, 40960, 54, 125.53, 36
nid001133,2026/05/03 14:37:16.370, 1, GPU-73838956-9ad1-3484-0ba2-7d8b02c7a72a, NVIDIA A100-SXM4-40GB, 37471, 40960, 34, 113.18, 34
nid001133,2026/05/03 14:37:16.372, 2, GPU-aee03275-201a-58e4-7b5a-f08a6e4c1e50, NVIDIA A100-SXM4-40GB, 37471, 40960, 81, 122.12, 37
nid001133,2026/05/03 14:37:16.373, 3, GPU-e0003d1b-186b-2e66-9474-0b7af5c50af4, NVIDIA A100-SXM4-40GB, 37471, 40960, 5, 121.88, 35
nid001132,2026/05/03 14:37:19.240, 0, GPU-1ee6ac61-44ab-b161-9de0-16bbb44716e7, NVIDIA A100-SXM4-40GB, 36817, 40960, 19, 118.17, 38
nid001132,2026/05/03 14:37:19.243, 1, GPU-afa7121e-c5d0-2eb5-4e9a-8b001ff7a220, NVIDIA A100-SXM4-40GB, 36749, 40960, 0, 102.43, 35
nid001132,2026/05/03 14:37:19.244, 2, GPU-4dea0284-873a-fa20-cc19-10ca82324573, NVIDIA A100-SXM4-40GB, 36749, 40960, 47, 117.13, 36
nid001132,2026/05/03 14:37:19.246, 3, GPU-cba17786-ea73-0caf-0d43-c838fbb66bcd, NVIDIA A100-SXM4-40GB, 36749, 40960, 5, 115.60, 33
nid001133,2026/05/03 14:37:20.099, 0, GPU-43cac420-244c-9975-fbd1-604f88cdd44c, NVIDIA A100-SXM4-40GB, 37481, 40960, 0, 104.08, 35
nid001133,2026/05/03 14:37:20.101, 1, GPU-73838956-9ad1-3484-0ba2-7d8b02c7a72a, NVIDIA A100-SXM4-40GB, 37471, 40960, 57, 102.16, 34
nid001133,2026/05/03 14:37:20.103, 2, GPU-aee03275-201a-58e4-7b5a-f08a6e4c1e50, NVIDIA A100-SXM4-40GB, 37471, 40960, 18, 102.56, 36
nid001133,2026/05/03 14:37:20.104, 3, GPU-e0003d1b-186b-2e66-9474-0b7af5c50af4, NVIDIA A100-SXM4-40GB, 37471, 40960, 0, 99.51, 35
nid001132,2026/05/03 14:37:22.963, 0, GPU-1ee6ac61-44ab-b161-9de0-16bbb44716e7, NVIDIA A100-SXM4-40GB, 36817, 40960, 28, 129.25, 38
nid001132,2026/05/03 14:37:22.970, 1, GPU-afa7121e-c5d0-2eb5-4e9a-8b001ff7a220, NVIDIA A100-SXM4-40GB, 36749, 40960, 88, 102.67, 35
nid001132,2026/05/03 14:37:22.971, 2, GPU-4dea0284-873a-fa20-cc19-10ca82324573, NVIDIA A100-SXM4-40GB, 36749, 40960, 29, 120.83, 36
nid001132,2026/05/03 14:37:22.973, 3, GPU-cba17786-ea73-0caf-0d43-c838fbb66bcd, NVIDIA A100-SXM4-40GB, 36749, 40960, 14, 123.03, 33
nid001133,2026/05/03 14:37:23.800, 0, GPU-43cac420-244c-9975-fbd1-604f88cdd44c, NVIDIA A100-SXM4-40GB, 37481, 40960, 28, 114.94, 35
nid001133,2026/05/03 14:37:23.812, 1, GPU-73838956-9ad1-3484-0ba2-7d8b02c7a72a, NVIDIA A100-SXM4-40GB, 37471, 40960, 27, 122.03, 34
nid001133,2026/05/03 14:37:23.817, 2, GPU-aee03275-201a-58e4-7b5a-f08a6e4c1e50, NVIDIA A100-SXM4-40GB, 37471, 40960, 0, 119.02, 37
nid001133,2026/05/03 14:37:23.822, 3, GPU-e0003d1b-186b-2e66-9474-0b7af5c50af4, NVIDIA A100-SXM4-40GB, 37471, 40960, 38, 118.69, 35
nid001132,2026/05/03 14:37:26.713, 0, GPU-1ee6ac61-44ab-b161-9de0-16bbb44716e7, NVIDIA A100-SXM4-40GB, 36817, 40960, 38, 105.65, 38
nid001132,2026/05/03 14:37:26.715, 1, GPU-afa7121e-c5d0-2eb5-4e9a-8b001ff7a220, NVIDIA A100-SXM4-40GB, 36749, 40960, 59, 101.15, 35
nid001132,2026/05/03 14:37:26.716, 2, GPU-4dea0284-873a-fa20-cc19-10ca82324573, NVIDIA A100-SXM4-40GB, 36749, 40960, 59, 103.84, 36
nid001132,2026/05/03 14:37:26.718, 3, GPU-cba17786-ea73-0caf-0d43-c838fbb66bcd, NVIDIA A100-SXM4-40GB, 36749, 40960, 97, 105.12, 33
nid001133,2026/05/03 14:37:27.550, 0, GPU-43cac420-244c-9975-fbd1-604f88cdd44c, NVIDIA A100-SXM4-40GB, 37481, 40960, 62, 145.18, 37
nid001133,2026/05/03 14:37:27.553, 1, GPU-73838956-9ad1-3484-0ba2-7d8b02c7a72a, NVIDIA A100-SXM4-40GB, 37471, 40960, 38, 120.45, 36
nid001133,2026/05/03 14:37:27.554, 2, GPU-aee03275-201a-58e4-7b5a-f08a6e4c1e50, NVIDIA A100-SXM4-40GB, 37471, 40960, 49, 118.03, 39
nid001133,2026/05/03 14:37:27.556, 3, GPU-e0003d1b-186b-2e66-9474-0b7af5c50af4, NVIDIA A100-SXM4-40GB, 37471, 40960, 0, 131.29, 36
nid001132,2026/05/03 14:37:30.469, 0, GPU-1ee6ac61-44ab-b161-9de0-16bbb44716e7, NVIDIA A100-SXM4-40GB, 36817, 40960, 45, 123.92, 38
nid001132,2026/05/03 14:37:30.472, 1, GPU-afa7121e-c5d0-2eb5-4e9a-8b001ff7a220, NVIDIA A100-SXM4-40GB, 36749, 40960, 1, 114.57, 35
nid001132,2026/05/03 14:37:30.473, 2, GPU-4dea0284-873a-fa20-cc19-10ca82324573, NVIDIA A100-SXM4-40GB, 36749, 40960, 16, 139.06, 36
nid001132,2026/05/03 14:37:30.475, 3, GPU-cba17786-ea73-0caf-0d43-c838fbb66bcd, NVIDIA A100-SXM4-40GB, 36749, 40960, 45, 108.46, 33
nid001133,2026/05/03 14:37:31.403, 0, GPU-43cac420-244c-9975-fbd1-604f88cdd44c, NVIDIA A100-SXM4-40GB, 37481, 40960, 58, 104.08, 35
nid001133,2026/05/03 14:37:31.409, 1, GPU-73838956-9ad1-3484-0ba2-7d8b02c7a72a, NVIDIA A100-SXM4-40GB, 37471, 40960, 54, 103.60, 34
nid001133,2026/05/03 14:37:31.410, 2, GPU-aee03275-201a-58e4-7b5a-f08a6e4c1e50, NVIDIA A100-SXM4-40GB, 37471, 40960, 15, 102.56, 37
nid001133,2026/05/03 14:37:31.412, 3, GPU-e0003d1b-186b-2e66-9474-0b7af5c50af4, NVIDIA A100-SXM4-40GB, 37471, 40960, 77, 99.75, 35
nid001132,2026/05/03 14:37:34.278, 0, GPU-1ee6ac61-44ab-b161-9de0-16bbb44716e7, NVIDIA A100-SXM4-40GB, 36817, 40960, 81, 118.69, 38
nid001132,2026/05/03 14:37:34.281, 1, GPU-afa7121e-c5d0-2eb5-4e9a-8b001ff7a220, NVIDIA A100-SXM4-40GB, 36749, 40960, 26, 114.94, 35
nid001132,2026/05/03 14:37:34.282, 2, GPU-4dea0284-873a-fa20-cc19-10ca82324573, NVIDIA A100-SXM4-40GB, 36749, 40960, 61, 119.41, 36
nid001132,2026/05/03 14:37:34.285, 3, GPU-cba17786-ea73-0caf-0d43-c838fbb66bcd, NVIDIA A100-SXM4-40GB, 36749, 40960, 67, 118.31, 33
nid001133,2026/05/03 14:37:35.120, 0, GPU-43cac420-244c-9975-fbd1-604f88cdd44c, NVIDIA A100-SXM4-40GB, 37481, 40960, 3, 122.12, 36
nid001133,2026/05/03 14:37:35.123, 1, GPU-73838956-9ad1-3484-0ba2-7d8b02c7a72a, NVIDIA A100-SXM4-40GB, 37471, 40960, 0, 123.78, 34
nid001133,2026/05/03 14:37:35.125, 2, GPU-aee03275-201a-58e4-7b5a-f08a6e4c1e50, NVIDIA A100-SXM4-40GB, 37471, 40960, 2, 110.74, 37
nid001133,2026/05/03 14:37:35.126, 3, GPU-e0003d1b-186b-2e66-9474-0b7af5c50af4, NVIDIA A100-SXM4-40GB, 37471, 40960, 0, 116.64, 35
nid001132,2026/05/03 14:37:37.983, 0, GPU-1ee6ac61-44ab-b161-9de0-16bbb44716e7, NVIDIA A100-SXM4-40GB, 36817, 40960, 31, 116.88, 38
nid001132,2026/05/03 14:37:37.986, 1, GPU-afa7121e-c5d0-2eb5-4e9a-8b001ff7a220, NVIDIA A100-SXM4-40GB, 36749, 40960, 72, 112.89, 35
nid001132,2026/05/03 14:37:37.987, 2, GPU-4dea0284-873a-fa20-cc19-10ca82324573, NVIDIA A100-SXM4-40GB, 36749, 40960, 92, 109.48, 36
nid001132,2026/05/03 14:37:37.989, 3, GPU-cba17786-ea73-0caf-0d43-c838fbb66bcd, NVIDIA A100-SXM4-40GB, 36749, 40960, 100, 118.17, 33
nid001133,2026/05/03 14:37:38.832, 0, GPU-43cac420-244c-9975-fbd1-604f88cdd44c, NVIDIA A100-SXM4-40GB, 37481, 40960, 17, 103.96, 35
nid001133,2026/05/03 14:37:38.835, 1, GPU-73838956-9ad1-3484-0ba2-7d8b02c7a72a, NVIDIA A100-SXM4-40GB, 37471, 40960, 62, 102.04, 34
nid001133,2026/05/03 14:37:38.837, 2, GPU-aee03275-201a-58e4-7b5a-f08a6e4c1e50, NVIDIA A100-SXM4-40GB, 37471, 40960, 29, 102.43, 37
nid001133,2026/05/03 14:37:38.838, 3, GPU-e0003d1b-186b-2e66-9474-0b7af5c50af4, NVIDIA A100-SXM4-40GB, 37471, 40960, 14, 99.51, 35
nid001132,2026/05/03 14:37:41.704, 0, GPU-1ee6ac61-44ab-b161-9de0-16bbb44716e7, NVIDIA A100-SXM4-40GB, 36817, 40960, 57, 117.64, 38
nid001132,2026/05/03 14:37:41.710, 1, GPU-afa7121e-c5d0-2eb5-4e9a-8b001ff7a220, NVIDIA A100-SXM4-40GB, 36749, 40960, 0, 105.76, 35
nid001132,2026/05/03 14:37:41.715, 2, GPU-4dea0284-873a-fa20-cc19-10ca82324573, NVIDIA A100-SXM4-40GB, 36749, 40960, 72, 119.69, 36
nid001132,2026/05/03 14:37:41.720, 3, GPU-cba17786-ea73-0caf-0d43-c838fbb66bcd, NVIDIA A100-SXM4-40GB, 36749, 40960, 68, 118.41, 33
nid001133,2026/05/03 14:37:42.584, 0, GPU-43cac420-244c-9975-fbd1-604f88cdd44c, NVIDIA A100-SXM4-40GB, 37481, 40960, 0, 103.96, 35
nid001133,2026/05/03 14:37:42.587, 1, GPU-73838956-9ad1-3484-0ba2-7d8b02c7a72a, NVIDIA A100-SXM4-40GB, 37471, 40960, 0, 102.32, 34
nid001133,2026/05/03 14:37:42.589, 2, GPU-aee03275-201a-58e4-7b5a-f08a6e4c1e50, NVIDIA A100-SXM4-40GB, 37471, 40960, 2, 102.56, 36
nid001133,2026/05/03 14:37:42.590, 3, GPU-e0003d1b-186b-2e66-9474-0b7af5c50af4, NVIDIA A100-SXM4-40GB, 37471, 40960, 11, 99.51, 35
nid001132,2026/05/03 14:37:45.509, 0, GPU-1ee6ac61-44ab-b161-9de0-16bbb44716e7, NVIDIA A100-SXM4-40GB, 36817, 40960, 100, 121.59, 38
nid001132,2026/05/03 14:37:45.512, 1, GPU-afa7121e-c5d0-2eb5-4e9a-8b001ff7a220, NVIDIA A100-SXM4-40GB, 36749, 40960, 42, 101.43, 35
nid001132,2026/05/03 14:37:45.514, 2, GPU-4dea0284-873a-fa20-cc19-10ca82324573, NVIDIA A100-SXM4-40GB, 36749, 40960, 37, 114.80, 36
nid001132,2026/05/03 14:37:45.515, 3, GPU-cba17786-ea73-0caf-0d43-c838fbb66bcd, NVIDIA A100-SXM4-40GB, 36749, 40960, 97, 105.65, 33
nid001133,2026/05/03 14:37:46.345, 0, GPU-43cac420-244c-9975-fbd1-604f88cdd44c, NVIDIA A100-SXM4-40GB, 37481, 40960, 50, 120.93, 35
nid001133,2026/05/03 14:37:46.347, 1, GPU-73838956-9ad1-3484-0ba2-7d8b02c7a72a, NVIDIA A100-SXM4-40GB, 37471, 40960, 61, 102.79, 34
nid001133,2026/05/03 14:37:46.349, 2, GPU-aee03275-201a-58e4-7b5a-f08a6e4c1e50, NVIDIA A100-SXM4-40GB, 37471, 40960, 0, 112.42, 37
nid001133,2026/05/03 14:37:46.351, 3, GPU-e0003d1b-186b-2e66-9474-0b7af5c50af4, NVIDIA A100-SXM4-40GB, 37471, 40960, 45, 109.22, 35
nid001132,2026/05/03 14:37:49.257, 0, GPU-1ee6ac61-44ab-b161-9de0-16bbb44716e7, NVIDIA A100-SXM4-40GB, 36817, 40960, 70, 128.77, 38
nid001132,2026/05/03 14:37:49.260, 1, GPU-afa7121e-c5d0-2eb5-4e9a-8b001ff7a220, NVIDIA A100-SXM4-40GB, 36749, 40960, 12, 121.59, 35
nid001132,2026/05/03 14:37:49.261, 2, GPU-4dea0284-873a-fa20-cc19-10ca82324573, NVIDIA A100-SXM4-40GB, 36749, 40960, 46, 116.37, 36
nid001132,2026/05/03 14:37:49.263, 3, GPU-cba17786-ea73-0caf-0d43-c838fbb66bcd, NVIDIA A100-SXM4-40GB, 36749, 40960, 100, 106.01, 33
nid001133,2026/05/03 14:37:50.087, 0, GPU-43cac420-244c-9975-fbd1-604f88cdd44c, NVIDIA A100-SXM4-40GB, 37481, 40960, 0, 133.98, 35
nid001133,2026/05/03 14:37:50.089, 1, GPU-73838956-9ad1-3484-0ba2-7d8b02c7a72a, NVIDIA A100-SXM4-40GB, 37471, 40960, 0, 126.96, 34
nid001133,2026/05/03 14:37:50.091, 2, GPU-aee03275-201a-58e4-7b5a-f08a6e4c1e50, NVIDIA A100-SXM4-40GB, 37471, 40960, 0, 110.74, 37
nid001133,2026/05/03 14:37:50.093, 3, GPU-e0003d1b-186b-2e66-9474-0b7af5c50af4, NVIDIA A100-SXM4-40GB, 37471, 40960, 51, 124.68, 35
nid001132,2026/05/03 14:37:52.993, 0, GPU-1ee6ac61-44ab-b161-9de0-16bbb44716e7, NVIDIA A100-SXM4-40GB, 36817, 40960, 63, 105.65, 38
nid001132,2026/05/03 14:37:52.996, 1, GPU-afa7121e-c5d0-2eb5-4e9a-8b001ff7a220, NVIDIA A100-SXM4-40GB, 36749, 40960, 0, 101.43, 35
nid001132,2026/05/03 14:37:52.997, 2, GPU-4dea0284-873a-fa20-cc19-10ca82324573, NVIDIA A100-SXM4-40GB, 36749, 40960, 28, 103.72, 36
nid001132,2026/05/03 14:37:52.999, 3, GPU-cba17786-ea73-0caf-0d43-c838fbb66bcd, NVIDIA A100-SXM4-40GB, 36749, 40960, 100, 105.25, 33
nid001133,2026/05/03 14:37:53.811, 0, GPU-43cac420-244c-9975-fbd1-604f88cdd44c, NVIDIA A100-SXM4-40GB, 37481, 40960, 63, 103.96, 35
nid001133,2026/05/03 14:37:53.813, 1, GPU-73838956-9ad1-3484-0ba2-7d8b02c7a72a, NVIDIA A100-SXM4-40GB, 37471, 40960, 14, 102.04, 34
nid001133,2026/05/03 14:37:53.815, 2, GPU-aee03275-201a-58e4-7b5a-f08a6e4c1e50, NVIDIA A100-SXM4-40GB, 37471, 40960, 44, 102.56, 36
nid001133,2026/05/03 14:37:53.816, 3, GPU-e0003d1b-186b-2e66-9474-0b7af5c50af4, NVIDIA A100-SXM4-40GB, 37471, 40960, 73, 99.51, 35
nid001132,2026/05/03 14:37:56.738, 0, GPU-1ee6ac61-44ab-b161-9de0-16bbb44716e7, NVIDIA A100-SXM4-40GB, 36817, 40960, 0, 105.65, 38
nid001132,2026/05/03 14:37:56.740, 1, GPU-afa7121e-c5d0-2eb5-4e9a-8b001ff7a220, NVIDIA A100-SXM4-40GB, 36749, 40960, 0, 101.15, 34
nid001132,2026/05/03 14:37:56.742, 2, GPU-4dea0284-873a-fa20-cc19-10ca82324573, NVIDIA A100-SXM4-40GB, 36749, 40960, 0, 103.72, 36
nid001132,2026/05/03 14:37:56.743, 3, GPU-cba17786-ea73-0caf-0d43-c838fbb66bcd, NVIDIA A100-SXM4-40GB, 36749, 40960, 0, 104.96, 33
nid001133,2026/05/03 14:37:57.559, 0, GPU-43cac420-244c-9975-fbd1-604f88cdd44c, NVIDIA A100-SXM4-40GB, 37481, 40960, 28, 103.96, 35
nid001133,2026/05/03 14:37:57.561, 1, GPU-73838956-9ad1-3484-0ba2-7d8b02c7a72a, NVIDIA A100-SXM4-40GB, 37471, 40960, 5, 102.79, 34
nid001133,2026/05/03 14:37:57.563, 2, GPU-aee03275-201a-58e4-7b5a-f08a6e4c1e50, NVIDIA A100-SXM4-40GB, 37471, 40960, 41, 102.32, 36
nid001133,2026/05/03 14:37:57.564, 3, GPU-e0003d1b-186b-2e66-9474-0b7af5c50af4, NVIDIA A100-SXM4-40GB, 37471, 40960, 40, 99.51, 35
nid001132,2026/05/03 14:38:00.473, 0, GPU-1ee6ac61-44ab-b161-9de0-16bbb44716e7, NVIDIA A100-SXM4-40GB, 36817, 40960, 30, 105.76, 38
nid001132,2026/05/03 14:38:00.480, 1, GPU-afa7121e-c5d0-2eb5-4e9a-8b001ff7a220, NVIDIA A100-SXM4-40GB, 36749, 40960, 35, 101.15, 35
nid001132,2026/05/03 14:38:00.481, 2, GPU-4dea0284-873a-fa20-cc19-10ca82324573, NVIDIA A100-SXM4-40GB, 36749, 40960, 47, 103.84, 36
nid001132,2026/05/03 14:38:00.483, 3, GPU-cba17786-ea73-0caf-0d43-c838fbb66bcd, NVIDIA A100-SXM4-40GB, 36749, 40960, 0, 105.12, 33
nid001133,2026/05/03 14:38:01.335, 0, GPU-43cac420-244c-9975-fbd1-604f88cdd44c, NVIDIA A100-SXM4-40GB, 37481, 40960, 14, 103.84, 35
nid001133,2026/05/03 14:38:01.337, 1, GPU-73838956-9ad1-3484-0ba2-7d8b02c7a72a, NVIDIA A100-SXM4-40GB, 37471, 40960, 94, 101.92, 34
nid001133,2026/05/03 14:38:01.339, 2, GPU-aee03275-201a-58e4-7b5a-f08a6e4c1e50, NVIDIA A100-SXM4-40GB, 37471, 40960, 2, 102.67, 36
nid001133,2026/05/03 14:38:01.340, 3, GPU-e0003d1b-186b-2e66-9474-0b7af5c50af4, NVIDIA A100-SXM4-40GB, 37471, 40960, 24, 99.40, 35
nid001132,2026/05/03 14:38:04.190, 0, GPU-1ee6ac61-44ab-b161-9de0-16bbb44716e7, NVIDIA A100-SXM4-40GB, 36817, 40960, 31, 106.42, 38
nid001132,2026/05/03 14:38:04.193, 1, GPU-afa7121e-c5d0-2eb5-4e9a-8b001ff7a220, NVIDIA A100-SXM4-40GB, 36749, 40960, 18, 109.61, 35
nid001132,2026/05/03 14:38:04.194, 2, GPU-4dea0284-873a-fa20-cc19-10ca82324573, NVIDIA A100-SXM4-40GB, 36749, 40960, 17, 108.33, 36
nid001132,2026/05/03 14:38:04.196, 3, GPU-cba17786-ea73-0caf-0d43-c838fbb66bcd, NVIDIA A100-SXM4-40GB, 36749, 40960, 0, 110.11, 33
nid001133,2026/05/03 14:38:05.032, 0, GPU-43cac420-244c-9975-fbd1-604f88cdd44c, NVIDIA A100-SXM4-40GB, 37481, 40960, 82, 104.08, 35
nid001133,2026/05/03 14:38:05.035, 1, GPU-73838956-9ad1-3484-0ba2-7d8b02c7a72a, NVIDIA A100-SXM4-40GB, 37471, 40960, 0, 102.16, 34
nid001133,2026/05/03 14:38:05.037, 2, GPU-aee03275-201a-58e4-7b5a-f08a6e4c1e50, NVIDIA A100-SXM4-40GB, 37471, 40960, 0, 102.56, 36
nid001133,2026/05/03 14:38:05.038, 3, GPU-e0003d1b-186b-2e66-9474-0b7af5c50af4, NVIDIA A100-SXM4-40GB, 37471, 40960, 0, 99.34, 35
nid001132,2026/05/03 14:38:07.924, 0, GPU-1ee6ac61-44ab-b161-9de0-16bbb44716e7, NVIDIA A100-SXM4-40GB, 36817, 40960, 85, 107.94, 39
nid001132,2026/05/03 14:38:07.927, 1, GPU-afa7121e-c5d0-2eb5-4e9a-8b001ff7a220, NVIDIA A100-SXM4-40GB, 36749, 40960, 44, 121.97, 36
nid001132,2026/05/03 14:38:07.929, 2, GPU-4dea0284-873a-fa20-cc19-10ca82324573, NVIDIA A100-SXM4-40GB, 36749, 40960, 100, 105.64, 37
nid001132,2026/05/03 14:38:07.930, 3, GPU-cba17786-ea73-0caf-0d43-c838fbb66bcd, NVIDIA A100-SXM4-40GB, 36749, 40960, 95, 105.78, 33
nid001133,2026/05/03 14:38:08.775, 0, GPU-43cac420-244c-9975-fbd1-604f88cdd44c, NVIDIA A100-SXM4-40GB, 37481, 40960, 0, 104.24, 35
nid001133,2026/05/03 14:38:08.778, 1, GPU-73838956-9ad1-3484-0ba2-7d8b02c7a72a, NVIDIA A100-SXM4-40GB, 37471, 40960, 0, 102.04, 34
nid001133,2026/05/03 14:38:08.780, 2, GPU-aee03275-201a-58e4-7b5a-f08a6e4c1e50, NVIDIA A100-SXM4-40GB, 37471, 40960, 94, 102.43, 37
nid001133,2026/05/03 14:38:08.782, 3, GPU-e0003d1b-186b-2e66-9474-0b7af5c50af4, NVIDIA A100-SXM4-40GB, 37471, 40960, 0, 99.51, 35
nid001132,2026/05/03 14:38:11.641, 0, GPU-1ee6ac61-44ab-b161-9de0-16bbb44716e7, NVIDIA A100-SXM4-40GB, 36817, 40960, 31, 106.00, 38
nid001132,2026/05/03 14:38:11.643, 1, GPU-afa7121e-c5d0-2eb5-4e9a-8b001ff7a220, NVIDIA A100-SXM4-40GB, 36749, 40960, 100, 101.68, 35
nid001132,2026/05/03 14:38:11.645, 2, GPU-4dea0284-873a-fa20-cc19-10ca82324573, NVIDIA A100-SXM4-40GB, 36749, 40960, 50, 122.97, 36
nid001132,2026/05/03 14:38:11.646, 3, GPU-cba17786-ea73-0caf-0d43-c838fbb66bcd, NVIDIA A100-SXM4-40GB, 36749, 40960, 50, 105.65, 33
nid001133,2026/05/03 14:38:12.504, 0, GPU-43cac420-244c-9975-fbd1-604f88cdd44c, NVIDIA A100-SXM4-40GB, 37481, 40960, 37, 118.41, 35
nid001133,2026/05/03 14:38:12.507, 1, GPU-73838956-9ad1-3484-0ba2-7d8b02c7a72a, NVIDIA A100-SXM4-40GB, 37471, 40960, 4, 102.56, 34
nid001133,2026/05/03 14:38:12.509, 2, GPU-aee03275-201a-58e4-7b5a-f08a6e4c1e50, NVIDIA A100-SXM4-40GB, 37471, 40960, 0, 102.67, 37
nid001133,2026/05/03 14:38:12.510, 3, GPU-e0003d1b-186b-2e66-9474-0b7af5c50af4, NVIDIA A100-SXM4-40GB, 37471, 40960, 0, 99.51, 35
nid001132,2026/05/03 14:38:15.395, 0, GPU-1ee6ac61-44ab-b161-9de0-16bbb44716e7, NVIDIA A100-SXM4-40GB, 36817, 40960, 0, 125.44, 38
nid001132,2026/05/03 14:38:15.398, 1, GPU-afa7121e-c5d0-2eb5-4e9a-8b001ff7a220, NVIDIA A100-SXM4-40GB, 36749, 40960, 27, 108.05, 35
nid001132,2026/05/03 14:38:15.399, 2, GPU-4dea0284-873a-fa20-cc19-10ca82324573, NVIDIA A100-SXM4-40GB, 36749, 40960, 0, 117.37, 36
nid001132,2026/05/03 14:38:15.401, 3, GPU-cba17786-ea73-0caf-0d43-c838fbb66bcd, NVIDIA A100-SXM4-40GB, 36749, 40960, 0, 115.88, 33
nid001133,2026/05/03 14:38:16.253, 0, GPU-43cac420-244c-9975-fbd1-604f88cdd44c, NVIDIA A100-SXM4-40GB, 37481, 40960, 0, 103.96, 35
nid001133,2026/05/03 14:38:16.256, 1, GPU-73838956-9ad1-3484-0ba2-7d8b02c7a72a, NVIDIA A100-SXM4-40GB, 37471, 40960, 0, 102.04, 34
nid001133,2026/05/03 14:38:16.257, 2, GPU-aee03275-201a-58e4-7b5a-f08a6e4c1e50, NVIDIA A100-SXM4-40GB, 37471, 40960, 0, 102.43, 36
nid001133,2026/05/03 14:38:16.259, 3, GPU-e0003d1b-186b-2e66-9474-0b7af5c50af4, NVIDIA A100-SXM4-40GB, 37471, 40960, 0, 99.51, 35
nid001132,2026/05/03 14:38:19.164, 0, GPU-1ee6ac61-44ab-b161-9de0-16bbb44716e7, NVIDIA A100-SXM4-40GB, 36817, 40960, 0, 105.65, 38
nid001132,2026/05/03 14:38:19.173, 1, GPU-afa7121e-c5d0-2eb5-4e9a-8b001ff7a220, NVIDIA A100-SXM4-40GB, 36749, 40960, 0, 100.92, 34
nid001132,2026/05/03 14:38:19.177, 2, GPU-4dea0284-873a-fa20-cc19-10ca82324573, NVIDIA A100-SXM4-40GB, 36749, 40960, 0, 103.72, 36
nid001132,2026/05/03 14:38:19.183, 3, GPU-cba17786-ea73-0caf-0d43-c838fbb66bcd, NVIDIA A100-SXM4-40GB, 36749, 40960, 0, 105.25, 33
nid001133,2026/05/03 14:38:20.027, 0, GPU-43cac420-244c-9975-fbd1-604f88cdd44c, NVIDIA A100-SXM4-40GB, 37481, 40960, 6, 103.96, 35
nid001133,2026/05/03 14:38:20.031, 1, GPU-73838956-9ad1-3484-0ba2-7d8b02c7a72a, NVIDIA A100-SXM4-40GB, 37471, 40960, 0, 102.32, 34
nid001133,2026/05/03 14:38:20.032, 2, GPU-aee03275-201a-58e4-7b5a-f08a6e4c1e50, NVIDIA A100-SXM4-40GB, 37471, 40960, 37, 102.56, 36
nid001133,2026/05/03 14:38:20.034, 3, GPU-e0003d1b-186b-2e66-9474-0b7af5c50af4, NVIDIA A100-SXM4-40GB, 37471, 40960, 18, 99.51, 35
nid001132,2026/05/03 14:38:22.976, 0, GPU-1ee6ac61-44ab-b161-9de0-16bbb44716e7, NVIDIA A100-SXM4-40GB, 36817, 40960, 30, 105.89, 38
nid001132,2026/05/03 14:38:22.979, 1, GPU-afa7121e-c5d0-2eb5-4e9a-8b001ff7a220, NVIDIA A100-SXM4-40GB, 36749, 40960, 38, 101.15, 35
nid001132,2026/05/03 14:38:22.980, 2, GPU-4dea0284-873a-fa20-cc19-10ca82324573, NVIDIA A100-SXM4-40GB, 36749, 40960, 38, 103.60, 36
nid001132,2026/05/03 14:38:22.982, 3, GPU-cba17786-ea73-0caf-0d43-c838fbb66bcd, NVIDIA A100-SXM4-40GB, 36749, 40960, 74, 105.25, 33
nid001133,2026/05/03 14:38:23.858, 0, GPU-43cac420-244c-9975-fbd1-604f88cdd44c, NVIDIA A100-SXM4-40GB, 37481, 40960, 18, 103.96, 35
nid001133,2026/05/03 14:38:23.870, 1, GPU-73838956-9ad1-3484-0ba2-7d8b02c7a72a, NVIDIA A100-SXM4-40GB, 37471, 40960, 75, 102.04, 34
nid001133,2026/05/03 14:38:23.875, 2, GPU-aee03275-201a-58e4-7b5a-f08a6e4c1e50, NVIDIA A100-SXM4-40GB, 37471, 40960, 19, 102.56, 36
nid001133,2026/05/03 14:38:23.879, 3, GPU-e0003d1b-186b-2e66-9474-0b7af5c50af4, NVIDIA A100-SXM4-40GB, 37471, 40960, 13, 99.51, 35
nid001132,2026/05/03 14:38:26.789, 0, GPU-1ee6ac61-44ab-b161-9de0-16bbb44716e7, NVIDIA A100-SXM4-40GB, 36817, 40960, 28, 105.76, 38
nid001132,2026/05/03 14:38:26.792, 1, GPU-afa7121e-c5d0-2eb5-4e9a-8b001ff7a220, NVIDIA A100-SXM4-40GB, 36749, 40960, 44, 101.15, 34
nid001132,2026/05/03 14:38:26.793, 2, GPU-4dea0284-873a-fa20-cc19-10ca82324573, NVIDIA A100-SXM4-40GB, 36749, 40960, 30, 103.60, 36
nid001132,2026/05/03 14:38:26.798, 3, GPU-cba17786-ea73-0caf-0d43-c838fbb66bcd, NVIDIA A100-SXM4-40GB, 36749, 40960, 30, 105.37, 33
nid001133,2026/05/03 14:38:27.607, 0, GPU-43cac420-244c-9975-fbd1-604f88cdd44c, NVIDIA A100-SXM4-40GB, 37481, 40960, 60, 103.96, 35
nid001133,2026/05/03 14:38:27.618, 1, GPU-73838956-9ad1-3484-0ba2-7d8b02c7a72a, NVIDIA A100-SXM4-40GB, 37471, 40960, 82, 102.04, 34
nid001133,2026/05/03 14:38:27.623, 2, GPU-aee03275-201a-58e4-7b5a-f08a6e4c1e50, NVIDIA A100-SXM4-40GB, 37471, 40960, 37, 102.43, 36
nid001133,2026/05/03 14:38:27.629, 3, GPU-e0003d1b-186b-2e66-9474-0b7af5c50af4, NVIDIA A100-SXM4-40GB, 37471, 40960, 3, 99.22, 35
nid001132,2026/05/03 14:38:30.522, 0, GPU-1ee6ac61-44ab-b161-9de0-16bbb44716e7, NVIDIA A100-SXM4-40GB, 36817, 40960, 45, 105.89, 38
nid001132,2026/05/03 14:38:30.525, 1, GPU-afa7121e-c5d0-2eb5-4e9a-8b001ff7a220, NVIDIA A100-SXM4-40GB, 36749, 40960, 55, 101.80, 35
nid001132,2026/05/03 14:38:30.527, 2, GPU-4dea0284-873a-fa20-cc19-10ca82324573, NVIDIA A100-SXM4-40GB, 36749, 40960, 22, 103.72, 36
nid001132,2026/05/03 14:38:30.528, 3, GPU-cba17786-ea73-0caf-0d43-c838fbb66bcd, NVIDIA A100-SXM4-40GB, 36749, 40960, 60, 106.78, 33
nid001133,2026/05/03 14:38:31.342, 0, GPU-43cac420-244c-9975-fbd1-604f88cdd44c, NVIDIA A100-SXM4-40GB, 37481, 40960, 71, 103.96, 35
nid001133,2026/05/03 14:38:31.344, 1, GPU-73838956-9ad1-3484-0ba2-7d8b02c7a72a, NVIDIA A100-SXM4-40GB, 37471, 40960, 35, 102.44, 34
nid001133,2026/05/03 14:38:31.346, 2, GPU-aee03275-201a-58e4-7b5a-f08a6e4c1e50, NVIDIA A100-SXM4-40GB, 37471, 40960, 19, 102.56, 36
nid001133,2026/05/03 14:38:31.347, 3, GPU-e0003d1b-186b-2e66-9474-0b7af5c50af4, NVIDIA A100-SXM4-40GB, 37471, 40960, 66, 99.63, 35
nid001132,2026/05/03 14:38:34.253, 0, GPU-1ee6ac61-44ab-b161-9de0-16bbb44716e7, NVIDIA A100-SXM4-40GB, 36817, 40960, 29, 105.65, 38
nid001132,2026/05/03 14:38:34.255, 1, GPU-afa7121e-c5d0-2eb5-4e9a-8b001ff7a220, NVIDIA A100-SXM4-40GB, 36749, 40960, 84, 100.92, 34
nid001132,2026/05/03 14:38:34.257, 2, GPU-4dea0284-873a-fa20-cc19-10ca82324573, NVIDIA A100-SXM4-40GB, 36749, 40960, 38, 103.60, 36
nid001132,2026/05/03 14:38:34.258, 3, GPU-cba17786-ea73-0caf-0d43-c838fbb66bcd, NVIDIA A100-SXM4-40GB, 36749, 40960, 93, 105.25, 33
nid001133,2026/05/03 14:38:35.095, 0, GPU-43cac420-244c-9975-fbd1-604f88cdd44c, NVIDIA A100-SXM4-40GB, 37481, 40960, 72, 116.74, 35
nid001133,2026/05/03 14:38:35.107, 1, GPU-73838956-9ad1-3484-0ba2-7d8b02c7a72a, NVIDIA A100-SXM4-40GB, 37471, 40960, 5, 102.32, 34
nid001133,2026/05/03 14:38:35.110, 2, GPU-aee03275-201a-58e4-7b5a-f08a6e4c1e50, NVIDIA A100-SXM4-40GB, 37471, 40960, 79, 102.56, 37
nid001133,2026/05/03 14:38:35.111, 3, GPU-e0003d1b-186b-2e66-9474-0b7af5c50af4, NVIDIA A100-SXM4-40GB, 37471, 40960, 81, 99.51, 35
nid001132,2026/05/03 14:38:47.716, 0, GPU-1ee6ac61-44ab-b161-9de0-16bbb44716e7, NVIDIA A100-SXM4-40GB, 36817, 40960, 41, 112.89, 38
nid001132,2026/05/03 14:38:47.719, 1, GPU-afa7121e-c5d0-2eb5-4e9a-8b001ff7a220, NVIDIA A100-SXM4-40GB, 36749, 40960, 22, 117.50, 35
nid001132,2026/05/03 14:38:47.721, 2, GPU-4dea0284-873a-fa20-cc19-10ca82324573, NVIDIA A100-SXM4-40GB, 36749, 40960, 45, 108.20, 36
nid001132,2026/05/03 14:38:47.722, 3, GPU-cba17786-ea73-0caf-0d43-c838fbb66bcd, NVIDIA A100-SXM4-40GB, 36749, 40960, 22, 122.88, 33
nid001133,2026/05/03 14:38:48.589, 0, GPU-43cac420-244c-9975-fbd1-604f88cdd44c, NVIDIA A100-SXM4-40GB, 37481, 40960, 0, 103.96, 35
nid001133,2026/05/03 14:38:48.591, 1, GPU-73838956-9ad1-3484-0ba2-7d8b02c7a72a, NVIDIA A100-SXM4-40GB, 37471, 40960, 29, 101.80, 34
nid001133,2026/05/03 14:38:48.593, 2, GPU-aee03275-201a-58e4-7b5a-f08a6e4c1e50, NVIDIA A100-SXM4-40GB, 37471, 40960, 68, 116.99, 37
nid001133,2026/05/03 14:38:48.595, 3, GPU-e0003d1b-186b-2e66-9474-0b7af5c50af4, NVIDIA A100-SXM4-40GB, 37471, 40960, 0, 99.22, 35
nid001132,2026/05/03 14:38:51.517, 0, GPU-1ee6ac61-44ab-b161-9de0-16bbb44716e7, NVIDIA A100-SXM4-40GB, 36817, 40960, 0, 105.89, 38
nid001132,2026/05/03 14:38:51.520, 1, GPU-afa7121e-c5d0-2eb5-4e9a-8b001ff7a220, NVIDIA A100-SXM4-40GB, 36749, 40960, 94, 101.27, 35
nid001132,2026/05/03 14:38:51.521, 2, GPU-4dea0284-873a-fa20-cc19-10ca82324573, NVIDIA A100-SXM4-40GB, 36749, 40960, 0, 103.72, 36
nid001132,2026/05/03 14:38:51.523, 3, GPU-cba17786-ea73-0caf-0d43-c838fbb66bcd, NVIDIA A100-SXM4-40GB, 36749, 40960, 2, 105.25, 33
nid001133,2026/05/03 14:38:52.354, 0, GPU-43cac420-244c-9975-fbd1-604f88cdd44c, NVIDIA A100-SXM4-40GB, 37481, 40960, 78, 103.96, 35
nid001133,2026/05/03 14:38:52.357, 1, GPU-73838956-9ad1-3484-0ba2-7d8b02c7a72a, NVIDIA A100-SXM4-40GB, 37471, 40960, 0, 102.04, 34
nid001133,2026/05/03 14:38:52.361, 2, GPU-aee03275-201a-58e4-7b5a-f08a6e4c1e50, NVIDIA A100-SXM4-40GB, 37471, 40960, 10, 103.08, 37
nid001133,2026/05/03 14:38:52.363, 3, GPU-e0003d1b-186b-2e66-9474-0b7af5c50af4, NVIDIA A100-SXM4-40GB, 37471, 40960, 34, 99.75, 35
nid001132,2026/05/03 14:38:55.241, 0, GPU-1ee6ac61-44ab-b161-9de0-16bbb44716e7, NVIDIA A100-SXM4-40GB, 36817, 40960, 90, 118.93, 38
nid001132,2026/05/03 14:38:55.243, 1, GPU-afa7121e-c5d0-2eb5-4e9a-8b001ff7a220, NVIDIA A100-SXM4-40GB, 36749, 40960, 73, 113.04, 35
nid001132,2026/05/03 14:38:55.250, 2, GPU-4dea0284-873a-fa20-cc19-10ca82324573, NVIDIA A100-SXM4-40GB, 36749, 40960, 78, 123.49, 36
nid001132,2026/05/03 14:38:55.251, 3, GPU-cba17786-ea73-0caf-0d43-c838fbb66bcd, NVIDIA A100-SXM4-40GB, 36749, 40960, 77, 112.13, 33
nid001133,2026/05/03 14:38:56.111, 0, GPU-43cac420-244c-9975-fbd1-604f88cdd44c, NVIDIA A100-SXM4-40GB, 37481, 40960, 68, 110.24, 35
nid001133,2026/05/03 14:38:56.114, 1, GPU-73838956-9ad1-3484-0ba2-7d8b02c7a72a, NVIDIA A100-SXM4-40GB, 37471, 40960, 6, 103.08, 34
nid001133,2026/05/03 14:38:56.116, 2, GPU-aee03275-201a-58e4-7b5a-f08a6e4c1e50, NVIDIA A100-SXM4-40GB, 37471, 40960, 59, 102.67, 37
nid001133,2026/05/03 14:38:56.117, 3, GPU-e0003d1b-186b-2e66-9474-0b7af5c50af4, NVIDIA A100-SXM4-40GB, 37471, 40960, 70, 99.40, 35
nid001132,2026/05/03 14:38:59.064, 0, GPU-1ee6ac61-44ab-b161-9de0-16bbb44716e7, NVIDIA A100-SXM4-40GB, 36817, 40960, 36, 113.84, 38
nid001132,2026/05/03 14:38:59.067, 1, GPU-afa7121e-c5d0-2eb5-4e9a-8b001ff7a220, NVIDIA A100-SXM4-40GB, 36749, 40960, 46, 110.61, 35
nid001132,2026/05/03 14:38:59.069, 2, GPU-4dea0284-873a-fa20-cc19-10ca82324573, NVIDIA A100-SXM4-40GB, 36749, 40960, 18, 108.81, 36
nid001132,2026/05/03 14:38:59.070, 3, GPU-cba17786-ea73-0caf-0d43-c838fbb66bcd, NVIDIA A100-SXM4-40GB, 36749, 40960, 26, 112.40, 33
nid001133,2026/05/03 14:38:59.993, 0, GPU-43cac420-244c-9975-fbd1-604f88cdd44c, NVIDIA A100-SXM4-40GB, 37481, 40960, 0, 103.96, 35
nid001133,2026/05/03 14:38:59.995, 1, GPU-73838956-9ad1-3484-0ba2-7d8b02c7a72a, NVIDIA A100-SXM4-40GB, 37471, 40960, 0, 103.08, 34
nid001133,2026/05/03 14:38:59.997, 2, GPU-aee03275-201a-58e4-7b5a-f08a6e4c1e50, NVIDIA A100-SXM4-40GB, 37471, 40960, 0, 102.43, 36
nid001133,2026/05/03 14:38:59.998, 3, GPU-e0003d1b-186b-2e66-9474-0b7af5c50af4, NVIDIA A100-SXM4-40GB, 37471, 40960, 0, 99.51, 35
nid001132,2026/05/03 14:39:02.908, 0, GPU-1ee6ac61-44ab-b161-9de0-16bbb44716e7, NVIDIA A100-SXM4-40GB, 36817, 40960, 50, 123.40, 38
nid001132,2026/05/03 14:39:02.911, 1, GPU-afa7121e-c5d0-2eb5-4e9a-8b001ff7a220, NVIDIA A100-SXM4-40GB, 36749, 40960, 25, 116.85, 35
nid001132,2026/05/03 14:39:02.912, 2, GPU-4dea0284-873a-fa20-cc19-10ca82324573, NVIDIA A100-SXM4-40GB, 36749, 40960, 56, 115.09, 36
nid001132,2026/05/03 14:39:02.914, 3, GPU-cba17786-ea73-0caf-0d43-c838fbb66bcd, NVIDIA A100-SXM4-40GB, 36749, 40960, 40, 120.45, 33
nid001133,2026/05/03 14:39:03.828, 0, GPU-43cac420-244c-9975-fbd1-604f88cdd44c, NVIDIA A100-SXM4-40GB, 37481, 40960, 79, 103.96, 35
nid001133,2026/05/03 14:39:03.833, 1, GPU-73838956-9ad1-3484-0ba2-7d8b02c7a72a, NVIDIA A100-SXM4-40GB, 37471, 40960, 57, 102.04, 34
nid001133,2026/05/03 14:39:03.839, 2, GPU-aee03275-201a-58e4-7b5a-f08a6e4c1e50, NVIDIA A100-SXM4-40GB, 37471, 40960, 95, 102.43, 36
nid001133,2026/05/03 14:39:03.844, 3, GPU-e0003d1b-186b-2e66-9474-0b7af5c50af4, NVIDIA A100-SXM4-40GB, 37471, 40960, 14, 99.40, 35
nid001132,2026/05/03 14:39:06.764, 0, GPU-1ee6ac61-44ab-b161-9de0-16bbb44716e7, NVIDIA A100-SXM4-40GB, 36817, 40960, 43, 105.76, 38
nid001132,2026/05/03 14:39:06.781, 1, GPU-afa7121e-c5d0-2eb5-4e9a-8b001ff7a220, NVIDIA A100-SXM4-40GB, 36749, 40960, 0, 101.15, 35
nid001132,2026/05/03 14:39:06.789, 2, GPU-4dea0284-873a-fa20-cc19-10ca82324573, NVIDIA A100-SXM4-40GB, 36749, 40960, 46, 103.84, 36
nid001132,2026/05/03 14:39:06.800, 3, GPU-cba17786-ea73-0caf-0d43-c838fbb66bcd, NVIDIA A100-SXM4-40GB, 36749, 40960, 46, 105.12, 33
nid001133,2026/05/03 14:39:07.642, 0, GPU-43cac420-244c-9975-fbd1-604f88cdd44c, NVIDIA A100-SXM4-40GB, 37481, 40960, 0, 103.84, 35
nid001133,2026/05/03 14:39:07.644, 1, GPU-73838956-9ad1-3484-0ba2-7d8b02c7a72a, NVIDIA A100-SXM4-40GB, 37471, 40960, 0, 101.80, 34
nid001133,2026/05/03 14:39:07.646, 2, GPU-aee03275-201a-58e4-7b5a-f08a6e4c1e50, NVIDIA A100-SXM4-40GB, 37471, 40960, 27, 102.43, 36
nid001133,2026/05/03 14:39:07.647, 3, GPU-e0003d1b-186b-2e66-9474-0b7af5c50af4, NVIDIA A100-SXM4-40GB, 37471, 40960, 11, 99.40, 35
nid001132,2026/05/03 14:39:10.573, 0, GPU-1ee6ac61-44ab-b161-9de0-16bbb44716e7, NVIDIA A100-SXM4-40GB, 36817, 40960, 0, 106.29, 38
nid001132,2026/05/03 14:39:10.580, 1, GPU-afa7121e-c5d0-2eb5-4e9a-8b001ff7a220, NVIDIA A100-SXM4-40GB, 36749, 40960, 31, 118.88, 35
nid001132,2026/05/03 14:39:10.585, 2, GPU-4dea0284-873a-fa20-cc19-10ca82324573, NVIDIA A100-SXM4-40GB, 36749, 40960, 20, 119.17, 36
nid001132,2026/05/03 14:39:10.587, 3, GPU-cba17786-ea73-0caf-0d43-c838fbb66bcd, NVIDIA A100-SXM4-40GB, 36749, 40960, 36, 124.07, 33
nid001133,2026/05/03 14:39:11.407, 0, GPU-43cac420-244c-9975-fbd1-604f88cdd44c, NVIDIA A100-SXM4-40GB, 37481, 40960, 28, 103.84, 35
nid001133,2026/05/03 14:39:11.409, 1, GPU-73838956-9ad1-3484-0ba2-7d8b02c7a72a, NVIDIA A100-SXM4-40GB, 37471, 40960, 34, 102.44, 34
nid001133,2026/05/03 14:39:11.411, 2, GPU-aee03275-201a-58e4-7b5a-f08a6e4c1e50, NVIDIA A100-SXM4-40GB, 37471, 40960, 0, 102.56, 36
nid001133,2026/05/03 14:39:11.412, 3, GPU-e0003d1b-186b-2e66-9474-0b7af5c50af4, NVIDIA A100-SXM4-40GB, 37471, 40960, 0, 99.22, 35
nid001132,2026/05/03 14:39:14.258, 0, GPU-1ee6ac61-44ab-b161-9de0-16bbb44716e7, NVIDIA A100-SXM4-40GB, 36817, 40960, 22, 120.07, 38
nid001132,2026/05/03 14:39:14.264, 1, GPU-afa7121e-c5d0-2eb5-4e9a-8b001ff7a220, NVIDIA A100-SXM4-40GB, 36749, 40960, 29, 117.65, 35
nid001132,2026/05/03 14:39:14.270, 2, GPU-4dea0284-873a-fa20-cc19-10ca82324573, NVIDIA A100-SXM4-40GB, 36749, 40960, 9, 111.01, 36
nid001132,2026/05/03 14:39:14.274, 3, GPU-cba17786-ea73-0caf-0d43-c838fbb66bcd, NVIDIA A100-SXM4-40GB, 36749, 40960, 47, 116.64, 33
nid001133,2026/05/03 14:39:15.144, 0, GPU-43cac420-244c-9975-fbd1-604f88cdd44c, NVIDIA A100-SXM4-40GB, 37481, 40960, 0, 111.24, 35
nid001133,2026/05/03 14:39:15.147, 1, GPU-73838956-9ad1-3484-0ba2-7d8b02c7a72a, NVIDIA A100-SXM4-40GB, 37471, 40960, 30, 102.79, 34
nid001133,2026/05/03 14:39:15.149, 2, GPU-aee03275-201a-58e4-7b5a-f08a6e4c1e50, NVIDIA A100-SXM4-40GB, 37471, 40960, 0, 102.43, 36
nid001133,2026/05/03 14:39:15.150, 3, GPU-e0003d1b-186b-2e66-9474-0b7af5c50af4, NVIDIA A100-SXM4-40GB, 37471, 40960, 0, 99.51, 35
nid001132,2026/05/03 14:39:18.008, 0, GPU-1ee6ac61-44ab-b161-9de0-16bbb44716e7, NVIDIA A100-SXM4-40GB, 36817, 40960, 24, 105.65, 38
nid001132,2026/05/03 14:39:18.011, 1, GPU-afa7121e-c5d0-2eb5-4e9a-8b001ff7a220, NVIDIA A100-SXM4-40GB, 36749, 40960, 18, 101.15, 34
nid001132,2026/05/03 14:39:18.013, 2, GPU-4dea0284-873a-fa20-cc19-10ca82324573, NVIDIA A100-SXM4-40GB, 36749, 40960, 25, 103.60, 36
nid001132,2026/05/03 14:39:18.015, 3, GPU-cba17786-ea73-0caf-0d43-c838fbb66bcd, NVIDIA A100-SXM4-40GB, 36749, 40960, 45, 105.12, 33
nid001133,2026/05/03 14:39:18.868, 0, GPU-43cac420-244c-9975-fbd1-604f88cdd44c, NVIDIA A100-SXM4-40GB, 37481, 40960, 0, 103.96, 35
nid001133,2026/05/03 14:39:18.871, 1, GPU-73838956-9ad1-3484-0ba2-7d8b02c7a72a, NVIDIA A100-SXM4-40GB, 37471, 40960, 58, 102.32, 34
nid001133,2026/05/03 14:39:18.873, 2, GPU-aee03275-201a-58e4-7b5a-f08a6e4c1e50, NVIDIA A100-SXM4-40GB, 37471, 40960, 11, 102.56, 36
nid001133,2026/05/03 14:39:18.874, 3, GPU-e0003d1b-186b-2e66-9474-0b7af5c50af4, NVIDIA A100-SXM4-40GB, 37471, 40960, 0, 99.51, 35
nid001132,2026/05/03 14:39:21.777, 0, GPU-1ee6ac61-44ab-b161-9de0-16bbb44716e7, NVIDIA A100-SXM4-40GB, 36817, 40960, 60, 109.33, 38
nid001132,2026/05/03 14:39:21.780, 1, GPU-afa7121e-c5d0-2eb5-4e9a-8b001ff7a220, NVIDIA A100-SXM4-40GB, 36749, 40960, 53, 100.39, 35
nid001132,2026/05/03 14:39:21.781, 2, GPU-4dea0284-873a-fa20-cc19-10ca82324573, NVIDIA A100-SXM4-40GB, 36749, 40960, 64, 105.64, 36
nid001132,2026/05/03 14:39:21.783, 3, GPU-cba17786-ea73-0caf-0d43-c838fbb66bcd, NVIDIA A100-SXM4-40GB, 36749, 40960, 88, 105.12, 33
nid001133,2026/05/03 14:39:22.651, 0, GPU-43cac420-244c-9975-fbd1-604f88cdd44c, NVIDIA A100-SXM4-40GB, 37481, 40960, 51, 104.24, 35
nid001133,2026/05/03 14:39:22.653, 1, GPU-73838956-9ad1-3484-0ba2-7d8b02c7a72a, NVIDIA A100-SXM4-40GB, 37471, 40960, 92, 116.74, 34
nid001133,2026/05/03 14:39:22.655, 2, GPU-aee03275-201a-58e4-7b5a-f08a6e4c1e50, NVIDIA A100-SXM4-40GB, 37471, 40960, 55, 113.18, 37
nid001133,2026/05/03 14:39:22.656, 3, GPU-e0003d1b-186b-2e66-9474-0b7af5c50af4, NVIDIA A100-SXM4-40GB, 37471, 40960, 14, 102.43, 35
nid001132,2026/05/03 14:39:25.527, 0, GPU-1ee6ac61-44ab-b161-9de0-16bbb44716e7, NVIDIA A100-SXM4-40GB, 36817, 40960, 62, 108.46, 38
nid001132,2026/05/03 14:39:25.530, 1, GPU-afa7121e-c5d0-2eb5-4e9a-8b001ff7a220, NVIDIA A100-SXM4-40GB, 36749, 40960, 3, 108.05, 35
nid001132,2026/05/03 14:39:25.531, 2, GPU-4dea0284-873a-fa20-cc19-10ca82324573, NVIDIA A100-SXM4-40GB, 36749, 40960, 62, 110.38, 36
nid001132,2026/05/03 14:39:25.533, 3, GPU-cba17786-ea73-0caf-0d43-c838fbb66bcd, NVIDIA A100-SXM4-40GB, 36749, 40960, 1, 113.97, 33
nid001133,2026/05/03 14:39:26.377, 0, GPU-43cac420-244c-9975-fbd1-604f88cdd44c, NVIDIA A100-SXM4-40GB, 37481, 40960, 16, 105.76, 35
nid001133,2026/05/03 14:39:26.380, 1, GPU-73838956-9ad1-3484-0ba2-7d8b02c7a72a, NVIDIA A100-SXM4-40GB, 37471, 40960, 15, 126.88, 34
nid001133,2026/05/03 14:39:26.381, 2, GPU-aee03275-201a-58e4-7b5a-f08a6e4c1e50, NVIDIA A100-SXM4-40GB, 37471, 40960, 83, 125.68, 37
nid001133,2026/05/03 14:39:26.384, 3, GPU-e0003d1b-186b-2e66-9474-0b7af5c50af4, NVIDIA A100-SXM4-40GB, 37471, 40960, 0, 123.40, 35
nid001132,2026/05/03 14:39:29.288, 0, GPU-1ee6ac61-44ab-b161-9de0-16bbb44716e7, NVIDIA A100-SXM4-40GB, 36817, 40960, 0, 105.89, 38
nid001132,2026/05/03 14:39:29.291, 1, GPU-afa7121e-c5d0-2eb5-4e9a-8b001ff7a220, NVIDIA A100-SXM4-40GB, 36749, 40960, 0, 100.15, 34
nid001132,2026/05/03 14:39:29.293, 2, GPU-4dea0284-873a-fa20-cc19-10ca82324573, NVIDIA A100-SXM4-40GB, 36749, 40960, 0, 103.60, 36
nid001132,2026/05/03 14:39:29.294, 3, GPU-cba17786-ea73-0caf-0d43-c838fbb66bcd, NVIDIA A100-SXM4-40GB, 36749, 40960, 0, 105.12, 33
nid001133,2026/05/03 14:39:30.129, 0, GPU-43cac420-244c-9975-fbd1-604f88cdd44c, NVIDIA A100-SXM4-40GB, 37481, 40960, 0, 103.72, 35
nid001133,2026/05/03 14:39:30.137, 1, GPU-73838956-9ad1-3484-0ba2-7d8b02c7a72a, NVIDIA A100-SXM4-40GB, 37471, 40960, 0, 102.56, 34
nid001133,2026/05/03 14:39:30.139, 2, GPU-aee03275-201a-58e4-7b5a-f08a6e4c1e50, NVIDIA A100-SXM4-40GB, 37471, 40960, 0, 102.43, 36
nid001133,2026/05/03 14:39:30.141, 3, GPU-e0003d1b-186b-2e66-9474-0b7af5c50af4, NVIDIA A100-SXM4-40GB, 37471, 40960, 0, 99.22, 35
