host,timestamp,gpu_index,uuid,name,memory_used_mb,memory_total_mb,gpu_util_percent,power_watts,temp_c
nid001125,2026/05/02 02:17:54.474, 0, GPU-5ce6f291-9076-a589-a43c-c0632b050e8a, NVIDIA A100-SXM4-40GB, 34769, 40960, 0, 72.86, 31
nid001125,2026/05/02 02:17:54.476, 1, GPU-5ed9ba19-004a-b751-d755-ec7b68b19ca8, NVIDIA A100-SXM4-40GB, 34769, 40960, 0, 71.54, 30
nid001125,2026/05/02 02:17:54.478, 2, GPU-80d0401d-234d-1829-b81b-aa7261742f13, NVIDIA A100-SXM4-40GB, 36401, 40960, 0, 69.66, 31
nid001125,2026/05/02 02:17:54.479, 3, GPU-c6e625a8-e507-3a36-588a-be4edc0484f6, NVIDIA A100-SXM4-40GB, 35015, 40960, 0, 71.42, 30
nid001128,2026/05/02 02:17:55.571, 0, GPU-65cea835-1804-4e24-41a4-2217feb6db7f, NVIDIA A100-SXM4-40GB, 34529, 40960, 0, 73.32, 32
nid001128,2026/05/02 02:17:55.577, 1, GPU-e435914a-3f63-f23f-a341-e46a8d29f5ce, NVIDIA A100-SXM4-40GB, 36437, 40960, 0, 58.75, 29
nid001128,2026/05/02 02:17:55.579, 2, GPU-4e46ff65-1933-e621-0c36-86d6cd93881b, NVIDIA A100-SXM4-40GB, 36461, 40960, 0, 60.13, 31
nid001128,2026/05/02 02:17:55.580, 3, GPU-56e69d90-205e-8e19-4191-ad1b61c1e7b9, NVIDIA A100-SXM4-40GB, 36449, 40960, 0, 59.96, 29
nid001125,2026/05/02 02:17:58.607, 0, GPU-5ce6f291-9076-a589-a43c-c0632b050e8a, NVIDIA A100-SXM4-40GB, 34769, 40960, 0, 72.95, 31
nid001125,2026/05/02 02:17:58.609, 1, GPU-5ed9ba19-004a-b751-d755-ec7b68b19ca8, NVIDIA A100-SXM4-40GB, 34769, 40960, 0, 71.54, 30
nid001125,2026/05/02 02:17:58.611, 2, GPU-80d0401d-234d-1829-b81b-aa7261742f13, NVIDIA A100-SXM4-40GB, 36401, 40960, 0, 69.66, 31
nid001125,2026/05/02 02:17:58.612, 3, GPU-c6e625a8-e507-3a36-588a-be4edc0484f6, NVIDIA A100-SXM4-40GB, 35015, 40960, 0, 71.42, 30
nid001128,2026/05/02 02:17:59.657, 0, GPU-65cea835-1804-4e24-41a4-2217feb6db7f, NVIDIA A100-SXM4-40GB, 34529, 40960, 0, 72.71, 32
nid001128,2026/05/02 02:17:59.660, 1, GPU-e435914a-3f63-f23f-a341-e46a8d29f5ce, NVIDIA A100-SXM4-40GB, 36437, 40960, 0, 58.75, 29
nid001128,2026/05/02 02:17:59.665, 2, GPU-4e46ff65-1933-e621-0c36-86d6cd93881b, NVIDIA A100-SXM4-40GB, 36461, 40960, 0, 60.06, 31
nid001128,2026/05/02 02:17:59.667, 3, GPU-56e69d90-205e-8e19-4191-ad1b61c1e7b9, NVIDIA A100-SXM4-40GB, 36449, 40960, 0, 59.89, 29
nid001125,2026/05/02 02:18:02.709, 0, GPU-5ce6f291-9076-a589-a43c-c0632b050e8a, NVIDIA A100-SXM4-40GB, 34769, 40960, 0, 72.86, 31
nid001125,2026/05/02 02:18:02.711, 1, GPU-5ed9ba19-004a-b751-d755-ec7b68b19ca8, NVIDIA A100-SXM4-40GB, 34769, 40960, 0, 71.54, 30
nid001125,2026/05/02 02:18:02.713, 2, GPU-80d0401d-234d-1829-b81b-aa7261742f13, NVIDIA A100-SXM4-40GB, 36401, 40960, 0, 69.66, 31
nid001125,2026/05/02 02:18:02.714, 3, GPU-c6e625a8-e507-3a36-588a-be4edc0484f6, NVIDIA A100-SXM4-40GB, 35015, 40960, 0, 71.42, 30
nid001128,2026/05/02 02:18:03.794, 0, GPU-65cea835-1804-4e24-41a4-2217feb6db7f, NVIDIA A100-SXM4-40GB, 34529, 40960, 0, 72.71, 32
nid001128,2026/05/02 02:18:03.796, 1, GPU-e435914a-3f63-f23f-a341-e46a8d29f5ce, NVIDIA A100-SXM4-40GB, 36437, 40960, 0, 58.75, 29
nid001128,2026/05/02 02:18:03.798, 2, GPU-4e46ff65-1933-e621-0c36-86d6cd93881b, NVIDIA A100-SXM4-40GB, 36461, 40960, 0, 60.13, 31
nid001128,2026/05/02 02:18:03.799, 3, GPU-56e69d90-205e-8e19-4191-ad1b61c1e7b9, NVIDIA A100-SXM4-40GB, 36449, 40960, 0, 59.96, 29
nid001125,2026/05/02 02:18:06.918, 0, GPU-5ce6f291-9076-a589-a43c-c0632b050e8a, NVIDIA A100-SXM4-40GB, 34769, 40960, 0, 72.71, 31
nid001125,2026/05/02 02:18:06.920, 1, GPU-5ed9ba19-004a-b751-d755-ec7b68b19ca8, NVIDIA A100-SXM4-40GB, 34769, 40960, 0, 71.54, 30
nid001125,2026/05/02 02:18:06.922, 2, GPU-80d0401d-234d-1829-b81b-aa7261742f13, NVIDIA A100-SXM4-40GB, 36401, 40960, 0, 69.66, 31
nid001125,2026/05/02 02:18:06.924, 3, GPU-c6e625a8-e507-3a36-588a-be4edc0484f6, NVIDIA A100-SXM4-40GB, 35015, 40960, 0, 71.19, 30
nid001128,2026/05/02 02:18:07.989, 0, GPU-65cea835-1804-4e24-41a4-2217feb6db7f, NVIDIA A100-SXM4-40GB, 34529, 40960, 0, 73.32, 32
nid001128,2026/05/02 02:18:07.991, 1, GPU-e435914a-3f63-f23f-a341-e46a8d29f5ce, NVIDIA A100-SXM4-40GB, 36437, 40960, 0, 58.75, 29
nid001128,2026/05/02 02:18:07.993, 2, GPU-4e46ff65-1933-e621-0c36-86d6cd93881b, NVIDIA A100-SXM4-40GB, 36461, 40960, 0, 60.20, 31
nid001128,2026/05/02 02:18:07.995, 3, GPU-56e69d90-205e-8e19-4191-ad1b61c1e7b9, NVIDIA A100-SXM4-40GB, 36449, 40960, 0, 59.96, 29
nid001125,2026/05/02 02:18:11.026, 0, GPU-5ce6f291-9076-a589-a43c-c0632b050e8a, NVIDIA A100-SXM4-40GB, 34769, 40960, 0, 72.86, 31
nid001125,2026/05/02 02:18:11.029, 1, GPU-5ed9ba19-004a-b751-d755-ec7b68b19ca8, NVIDIA A100-SXM4-40GB, 34769, 40960, 0, 71.54, 30
nid001125,2026/05/02 02:18:11.030, 2, GPU-80d0401d-234d-1829-b81b-aa7261742f13, NVIDIA A100-SXM4-40GB, 36401, 40960, 0, 69.66, 31
nid001125,2026/05/02 02:18:11.032, 3, GPU-c6e625a8-e507-3a36-588a-be4edc0484f6, NVIDIA A100-SXM4-40GB, 35015, 40960, 0, 71.42, 30
nid001128,2026/05/02 02:18:12.118, 0, GPU-65cea835-1804-4e24-41a4-2217feb6db7f, NVIDIA A100-SXM4-40GB, 34529, 40960, 0, 72.71, 32
nid001128,2026/05/02 02:18:12.120, 1, GPU-e435914a-3f63-f23f-a341-e46a8d29f5ce, NVIDIA A100-SXM4-40GB, 36437, 40960, 0, 58.68, 29
nid001128,2026/05/02 02:18:12.121, 2, GPU-4e46ff65-1933-e621-0c36-86d6cd93881b, NVIDIA A100-SXM4-40GB, 36461, 40960, 0, 60.13, 31
nid001128,2026/05/02 02:18:12.123, 3, GPU-56e69d90-205e-8e19-4191-ad1b61c1e7b9, NVIDIA A100-SXM4-40GB, 36449, 40960, 0, 59.96, 29
nid001125,2026/05/02 02:18:15.231, 0, GPU-5ce6f291-9076-a589-a43c-c0632b050e8a, NVIDIA A100-SXM4-40GB, 34771, 40960, 0, 73.76, 31
nid001125,2026/05/02 02:18:15.239, 1, GPU-5ed9ba19-004a-b751-d755-ec7b68b19ca8, NVIDIA A100-SXM4-40GB, 34771, 40960, 0, 73.06, 30
nid001125,2026/05/02 02:18:15.246, 2, GPU-80d0401d-234d-1829-b81b-aa7261742f13, NVIDIA A100-SXM4-40GB, 36401, 40960, 0, 69.66, 31
nid001125,2026/05/02 02:18:15.253, 3, GPU-c6e625a8-e507-3a36-588a-be4edc0484f6, NVIDIA A100-SXM4-40GB, 35015, 40960, 0, 71.19, 30
nid001128,2026/05/02 02:18:16.326, 0, GPU-65cea835-1804-4e24-41a4-2217feb6db7f, NVIDIA A100-SXM4-40GB, 34529, 40960, 0, 73.41, 32
nid001128,2026/05/02 02:18:16.328, 1, GPU-e435914a-3f63-f23f-a341-e46a8d29f5ce, NVIDIA A100-SXM4-40GB, 36437, 40960, 0, 58.82, 29
nid001128,2026/05/02 02:18:16.330, 2, GPU-4e46ff65-1933-e621-0c36-86d6cd93881b, NVIDIA A100-SXM4-40GB, 36461, 40960, 0, 60.20, 31
nid001128,2026/05/02 02:18:16.334, 3, GPU-56e69d90-205e-8e19-4191-ad1b61c1e7b9, NVIDIA A100-SXM4-40GB, 36449, 40960, 0, 60.03, 29
nid001125,2026/05/02 02:18:19.367, 0, GPU-5ce6f291-9076-a589-a43c-c0632b050e8a, NVIDIA A100-SXM4-40GB, 34771, 40960, 0, 72.95, 31
nid001125,2026/05/02 02:18:19.370, 1, GPU-5ed9ba19-004a-b751-d755-ec7b68b19ca8, NVIDIA A100-SXM4-40GB, 34771, 40960, 0, 71.77, 30
nid001125,2026/05/02 02:18:19.371, 2, GPU-80d0401d-234d-1829-b81b-aa7261742f13, NVIDIA A100-SXM4-40GB, 36401, 40960, 0, 69.66, 31
nid001125,2026/05/02 02:18:19.373, 3, GPU-c6e625a8-e507-3a36-588a-be4edc0484f6, NVIDIA A100-SXM4-40GB, 35015, 40960, 0, 71.19, 30
nid001128,2026/05/02 02:18:20.448, 0, GPU-65cea835-1804-4e24-41a4-2217feb6db7f, NVIDIA A100-SXM4-40GB, 34883, 40960, 12, 81.05, 32
nid001128,2026/05/02 02:18:20.451, 1, GPU-e435914a-3f63-f23f-a341-e46a8d29f5ce, NVIDIA A100-SXM4-40GB, 36859, 40960, 24, 82.14, 31
nid001128,2026/05/02 02:18:20.452, 2, GPU-4e46ff65-1933-e621-0c36-86d6cd93881b, NVIDIA A100-SXM4-40GB, 36883, 40960, 25, 177.22, 33
nid001128,2026/05/02 02:18:20.454, 3, GPU-56e69d90-205e-8e19-4191-ad1b61c1e7b9, NVIDIA A100-SXM4-40GB, 36871, 40960, 25, 122.17, 31
nid001125,2026/05/02 02:18:23.575, 0, GPU-5ce6f291-9076-a589-a43c-c0632b050e8a, NVIDIA A100-SXM4-40GB, 34771, 40960, 0, 72.95, 31
nid001125,2026/05/02 02:18:23.589, 1, GPU-5ed9ba19-004a-b751-d755-ec7b68b19ca8, NVIDIA A100-SXM4-40GB, 34771, 40960, 0, 71.77, 30
nid001125,2026/05/02 02:18:23.593, 2, GPU-80d0401d-234d-1829-b81b-aa7261742f13, NVIDIA A100-SXM4-40GB, 36823, 40960, 31, 127.11, 32
nid001125,2026/05/02 02:18:23.599, 3, GPU-c6e625a8-e507-3a36-588a-be4edc0484f6, NVIDIA A100-SXM4-40GB, 35409, 40960, 27, 101.15, 31
nid001128,2026/05/02 02:18:24.760, 0, GPU-65cea835-1804-4e24-41a4-2217feb6db7f, NVIDIA A100-SXM4-40GB, 34883, 40960, 16, 76.04, 33
nid001128,2026/05/02 02:18:24.762, 1, GPU-e435914a-3f63-f23f-a341-e46a8d29f5ce, NVIDIA A100-SXM4-40GB, 36859, 40960, 25, 63.29, 30
nid001128,2026/05/02 02:18:24.764, 2, GPU-4e46ff65-1933-e621-0c36-86d6cd93881b, NVIDIA A100-SXM4-40GB, 36883, 40960, 26, 100.79, 32
nid001128,2026/05/02 02:18:24.766, 3, GPU-56e69d90-205e-8e19-4191-ad1b61c1e7b9, NVIDIA A100-SXM4-40GB, 36871, 40960, 33, 118.31, 30
nid001125,2026/05/02 02:18:27.859, 0, GPU-5ce6f291-9076-a589-a43c-c0632b050e8a, NVIDIA A100-SXM4-40GB, 34771, 40960, 0, 72.86, 31
nid001125,2026/05/02 02:18:27.861, 1, GPU-5ed9ba19-004a-b751-d755-ec7b68b19ca8, NVIDIA A100-SXM4-40GB, 34771, 40960, 0, 71.77, 30
nid001125,2026/05/02 02:18:27.863, 2, GPU-80d0401d-234d-1829-b81b-aa7261742f13, NVIDIA A100-SXM4-40GB, 36823, 40960, 31, 87.47, 33
nid001125,2026/05/02 02:18:27.866, 3, GPU-c6e625a8-e507-3a36-588a-be4edc0484f6, NVIDIA A100-SXM4-40GB, 35409, 40960, 27, 96.53, 31
nid001128,2026/05/02 02:18:28.935, 0, GPU-65cea835-1804-4e24-41a4-2217feb6db7f, NVIDIA A100-SXM4-40GB, 34883, 40960, 12, 88.86, 33
nid001128,2026/05/02 02:18:28.938, 1, GPU-e435914a-3f63-f23f-a341-e46a8d29f5ce, NVIDIA A100-SXM4-40GB, 36859, 40960, 31, 64.60, 30
nid001128,2026/05/02 02:18:28.940, 2, GPU-4e46ff65-1933-e621-0c36-86d6cd93881b, NVIDIA A100-SXM4-40GB, 36883, 40960, 31, 68.89, 33
nid001128,2026/05/02 02:18:28.942, 3, GPU-56e69d90-205e-8e19-4191-ad1b61c1e7b9, NVIDIA A100-SXM4-40GB, 36871, 40960, 26, 99.99, 30
nid001125,2026/05/02 02:18:32.063, 0, GPU-5ce6f291-9076-a589-a43c-c0632b050e8a, NVIDIA A100-SXM4-40GB, 34771, 40960, 0, 73.15, 31
nid001125,2026/05/02 02:18:32.066, 1, GPU-5ed9ba19-004a-b751-d755-ec7b68b19ca8, NVIDIA A100-SXM4-40GB, 34771, 40960, 0, 71.77, 30
nid001125,2026/05/02 02:18:32.067, 2, GPU-80d0401d-234d-1829-b81b-aa7261742f13, NVIDIA A100-SXM4-40GB, 36823, 40960, 26, 97.47, 33
nid001125,2026/05/02 02:18:32.070, 3, GPU-c6e625a8-e507-3a36-588a-be4edc0484f6, NVIDIA A100-SXM4-40GB, 35409, 40960, 30, 80.14, 31
nid001128,2026/05/02 02:18:33.158, 0, GPU-65cea835-1804-4e24-41a4-2217feb6db7f, NVIDIA A100-SXM4-40GB, 34883, 40960, 15, 118.07, 33
nid001128,2026/05/02 02:18:33.160, 1, GPU-e435914a-3f63-f23f-a341-e46a8d29f5ce, NVIDIA A100-SXM4-40GB, 36859, 40960, 25, 90.58, 30
nid001128,2026/05/02 02:18:33.162, 2, GPU-4e46ff65-1933-e621-0c36-86d6cd93881b, NVIDIA A100-SXM4-40GB, 36883, 40960, 26, 68.05, 33
nid001128,2026/05/02 02:18:33.164, 3, GPU-56e69d90-205e-8e19-4191-ad1b61c1e7b9, NVIDIA A100-SXM4-40GB, 36871, 40960, 32, 65.56, 30
nid001125,2026/05/02 02:18:36.284, 0, GPU-5ce6f291-9076-a589-a43c-c0632b050e8a, NVIDIA A100-SXM4-40GB, 34771, 40960, 0, 73.24, 31
nid001125,2026/05/02 02:18:36.288, 1, GPU-5ed9ba19-004a-b751-d755-ec7b68b19ca8, NVIDIA A100-SXM4-40GB, 34771, 40960, 0, 71.77, 30
nid001125,2026/05/02 02:18:36.290, 2, GPU-80d0401d-234d-1829-b81b-aa7261742f13, NVIDIA A100-SXM4-40GB, 36823, 40960, 31, 71.42, 33
nid001125,2026/05/02 02:18:36.292, 3, GPU-c6e625a8-e507-3a36-588a-be4edc0484f6, NVIDIA A100-SXM4-40GB, 35409, 40960, 31, 119.31, 31
nid001128,2026/05/02 02:18:37.366, 0, GPU-65cea835-1804-4e24-41a4-2217feb6db7f, NVIDIA A100-SXM4-40GB, 34883, 40960, 12, 88.68, 33
nid001128,2026/05/02 02:18:37.368, 1, GPU-e435914a-3f63-f23f-a341-e46a8d29f5ce, NVIDIA A100-SXM4-40GB, 36859, 40960, 25, 61.32, 30
nid001128,2026/05/02 02:18:37.370, 2, GPU-4e46ff65-1933-e621-0c36-86d6cd93881b, NVIDIA A100-SXM4-40GB, 36883, 40960, 31, 111.11, 33
nid001128,2026/05/02 02:18:37.372, 3, GPU-56e69d90-205e-8e19-4191-ad1b61c1e7b9, NVIDIA A100-SXM4-40GB, 36871, 40960, 26, 116.26, 30
nid001125,2026/05/02 02:18:40.533, 0, GPU-5ce6f291-9076-a589-a43c-c0632b050e8a, NVIDIA A100-SXM4-40GB, 34771, 40960, 0, 72.86, 31
nid001125,2026/05/02 02:18:40.547, 1, GPU-5ed9ba19-004a-b751-d755-ec7b68b19ca8, NVIDIA A100-SXM4-40GB, 34771, 40960, 0, 71.77, 30
nid001125,2026/05/02 02:18:40.555, 2, GPU-80d0401d-234d-1829-b81b-aa7261742f13, NVIDIA A100-SXM4-40GB, 36823, 40960, 26, 131.97, 33
nid001125,2026/05/02 02:18:40.567, 3, GPU-c6e625a8-e507-3a36-588a-be4edc0484f6, NVIDIA A100-SXM4-40GB, 35409, 40960, 32, 74.76, 31
nid001128,2026/05/02 02:18:41.705, 0, GPU-65cea835-1804-4e24-41a4-2217feb6db7f, NVIDIA A100-SXM4-40GB, 34883, 40960, 12, 74.76, 33
nid001128,2026/05/02 02:18:41.707, 1, GPU-e435914a-3f63-f23f-a341-e46a8d29f5ce, NVIDIA A100-SXM4-40GB, 36859, 40960, 29, 124.86, 30
nid001128,2026/05/02 02:18:41.709, 2, GPU-4e46ff65-1933-e621-0c36-86d6cd93881b, NVIDIA A100-SXM4-40GB, 36883, 40960, 26, 63.38, 33
nid001128,2026/05/02 02:18:41.710, 3, GPU-56e69d90-205e-8e19-4191-ad1b61c1e7b9, NVIDIA A100-SXM4-40GB, 36871, 40960, 29, 63.76, 30
nid001125,2026/05/02 02:18:44.802, 0, GPU-5ce6f291-9076-a589-a43c-c0632b050e8a, NVIDIA A100-SXM4-40GB, 34771, 40960, 0, 73.15, 31
nid001125,2026/05/02 02:18:44.804, 1, GPU-5ed9ba19-004a-b751-d755-ec7b68b19ca8, NVIDIA A100-SXM4-40GB, 34771, 40960, 0, 71.77, 30
nid001125,2026/05/02 02:18:44.806, 2, GPU-80d0401d-234d-1829-b81b-aa7261742f13, NVIDIA A100-SXM4-40GB, 36823, 40960, 31, 71.19, 33
nid001125,2026/05/02 02:18:44.808, 3, GPU-c6e625a8-e507-3a36-588a-be4edc0484f6, NVIDIA A100-SXM4-40GB, 35409, 40960, 27, 103.96, 31
nid001128,2026/05/02 02:18:45.904, 0, GPU-65cea835-1804-4e24-41a4-2217feb6db7f, NVIDIA A100-SXM4-40GB, 34883, 40960, 14, 75.81, 33
nid001128,2026/05/02 02:18:45.907, 1, GPU-e435914a-3f63-f23f-a341-e46a8d29f5ce, NVIDIA A100-SXM4-40GB, 36859, 40960, 25, 67.37, 30
nid001128,2026/05/02 02:18:45.908, 2, GPU-4e46ff65-1933-e621-0c36-86d6cd93881b, NVIDIA A100-SXM4-40GB, 36883, 40960, 30, 95.44, 33
nid001128,2026/05/02 02:18:45.910, 3, GPU-56e69d90-205e-8e19-4191-ad1b61c1e7b9, NVIDIA A100-SXM4-40GB, 36871, 40960, 26, 106.54, 30
nid001125,2026/05/02 02:18:48.979, 0, GPU-5ce6f291-9076-a589-a43c-c0632b050e8a, NVIDIA A100-SXM4-40GB, 34771, 40960, 0, 72.86, 31
nid001125,2026/05/02 02:18:48.981, 1, GPU-5ed9ba19-004a-b751-d755-ec7b68b19ca8, NVIDIA A100-SXM4-40GB, 34771, 40960, 0, 71.69, 30
nid001125,2026/05/02 02:18:48.987, 2, GPU-80d0401d-234d-1829-b81b-aa7261742f13, NVIDIA A100-SXM4-40GB, 36823, 40960, 26, 86.19, 33
nid001125,2026/05/02 02:18:49.000, 3, GPU-c6e625a8-e507-3a36-588a-be4edc0484f6, NVIDIA A100-SXM4-40GB, 35409, 40960, 32, 136.82, 31
nid001128,2026/05/02 02:18:50.122, 0, GPU-65cea835-1804-4e24-41a4-2217feb6db7f, NVIDIA A100-SXM4-40GB, 34883, 40960, 12, 105.89, 33
nid001128,2026/05/02 02:18:50.124, 1, GPU-e435914a-3f63-f23f-a341-e46a8d29f5ce, NVIDIA A100-SXM4-40GB, 36859, 40960, 27, 79.10, 31
nid001128,2026/05/02 02:18:50.126, 2, GPU-4e46ff65-1933-e621-0c36-86d6cd93881b, NVIDIA A100-SXM4-40GB, 36883, 40960, 26, 64.13, 33
nid001128,2026/05/02 02:18:50.128, 3, GPU-56e69d90-205e-8e19-4191-ad1b61c1e7b9, NVIDIA A100-SXM4-40GB, 36871, 40960, 31, 64.51, 30
nid001125,2026/05/02 02:18:53.221, 0, GPU-5ce6f291-9076-a589-a43c-c0632b050e8a, NVIDIA A100-SXM4-40GB, 34771, 40960, 0, 73.15, 31
nid001125,2026/05/02 02:18:53.223, 1, GPU-5ed9ba19-004a-b751-d755-ec7b68b19ca8, NVIDIA A100-SXM4-40GB, 34771, 40960, 0, 71.77, 30
nid001125,2026/05/02 02:18:53.224, 2, GPU-80d0401d-234d-1829-b81b-aa7261742f13, NVIDIA A100-SXM4-40GB, 36823, 40960, 28, 122.12, 33
nid001125,2026/05/02 02:18:53.226, 3, GPU-c6e625a8-e507-3a36-588a-be4edc0484f6, NVIDIA A100-SXM4-40GB, 35409, 40960, 27, 79.90, 31
nid001128,2026/05/02 02:18:54.328, 0, GPU-65cea835-1804-4e24-41a4-2217feb6db7f, NVIDIA A100-SXM4-40GB, 34883, 40960, 12, 76.81, 33
nid001128,2026/05/02 02:18:54.330, 1, GPU-e435914a-3f63-f23f-a341-e46a8d29f5ce, NVIDIA A100-SXM4-40GB, 36859, 40960, 29, 61.56, 31
nid001128,2026/05/02 02:18:54.332, 2, GPU-4e46ff65-1933-e621-0c36-86d6cd93881b, NVIDIA A100-SXM4-40GB, 36883, 40960, 28, 71.37, 33
nid001128,2026/05/02 02:18:54.333, 3, GPU-56e69d90-205e-8e19-4191-ad1b61c1e7b9, NVIDIA A100-SXM4-40GB, 36871, 40960, 26, 122.93, 30
nid001125,2026/05/02 02:18:57.481, 0, GPU-5ce6f291-9076-a589-a43c-c0632b050e8a, NVIDIA A100-SXM4-40GB, 34771, 40960, 0, 73.15, 31
nid001125,2026/05/02 02:18:57.484, 1, GPU-5ed9ba19-004a-b751-d755-ec7b68b19ca8, NVIDIA A100-SXM4-40GB, 34771, 40960, 0, 71.77, 30
nid001125,2026/05/02 02:18:57.485, 2, GPU-80d0401d-234d-1829-b81b-aa7261742f13, NVIDIA A100-SXM4-40GB, 36823, 40960, 31, 123.55, 33
nid001125,2026/05/02 02:18:57.487, 3, GPU-c6e625a8-e507-3a36-588a-be4edc0484f6, NVIDIA A100-SXM4-40GB, 35409, 40960, 31, 79.62, 31
nid001128,2026/05/02 02:18:58.573, 0, GPU-65cea835-1804-4e24-41a4-2217feb6db7f, NVIDIA A100-SXM4-40GB, 34883, 40960, 13, 88.86, 33
nid001128,2026/05/02 02:18:58.576, 1, GPU-e435914a-3f63-f23f-a341-e46a8d29f5ce, NVIDIA A100-SXM4-40GB, 36859, 40960, 25, 129.75, 31
nid001128,2026/05/02 02:18:58.578, 2, GPU-4e46ff65-1933-e621-0c36-86d6cd93881b, NVIDIA A100-SXM4-40GB, 36883, 40960, 26, 72.80, 33
nid001128,2026/05/02 02:18:58.579, 3, GPU-56e69d90-205e-8e19-4191-ad1b61c1e7b9, NVIDIA A100-SXM4-40GB, 36871, 40960, 30, 73.47, 30
nid001125,2026/05/02 02:19:01.677, 0, GPU-5ce6f291-9076-a589-a43c-c0632b050e8a, NVIDIA A100-SXM4-40GB, 34771, 40960, 0, 73.06, 31
nid001125,2026/05/02 02:19:01.679, 1, GPU-5ed9ba19-004a-b751-d755-ec7b68b19ca8, NVIDIA A100-SXM4-40GB, 34771, 40960, 0, 71.69, 30
nid001125,2026/05/02 02:19:01.681, 2, GPU-80d0401d-234d-1829-b81b-aa7261742f13, NVIDIA A100-SXM4-40GB, 36823, 40960, 26, 81.57, 33
nid001125,2026/05/02 02:19:01.682, 3, GPU-c6e625a8-e507-3a36-588a-be4edc0484f6, NVIDIA A100-SXM4-40GB, 35409, 40960, 29, 106.12, 31
nid001128,2026/05/02 02:19:02.760, 0, GPU-65cea835-1804-4e24-41a4-2217feb6db7f, NVIDIA A100-SXM4-40GB, 34883, 40960, 13, 76.14, 33
nid001128,2026/05/02 02:19:02.763, 1, GPU-e435914a-3f63-f23f-a341-e46a8d29f5ce, NVIDIA A100-SXM4-40GB, 36859, 40960, 27, 61.79, 30
nid001128,2026/05/02 02:19:02.764, 2, GPU-4e46ff65-1933-e621-0c36-86d6cd93881b, NVIDIA A100-SXM4-40GB, 36883, 40960, 26, 63.38, 33
nid001128,2026/05/02 02:19:02.766, 3, GPU-56e69d90-205e-8e19-4191-ad1b61c1e7b9, NVIDIA A100-SXM4-40GB, 36871, 40960, 29, 113.69, 30
nid001125,2026/05/02 02:19:05.889, 0, GPU-5ce6f291-9076-a589-a43c-c0632b050e8a, NVIDIA A100-SXM4-40GB, 34771, 40960, 0, 73.15, 31
nid001125,2026/05/02 02:19:05.901, 1, GPU-5ed9ba19-004a-b751-d755-ec7b68b19ca8, NVIDIA A100-SXM4-40GB, 34771, 40960, 0, 71.77, 30
nid001125,2026/05/02 02:19:05.908, 2, GPU-80d0401d-234d-1829-b81b-aa7261742f13, NVIDIA A100-SXM4-40GB, 36823, 40960, 27, 126.35, 33
nid001125,2026/05/02 02:19:05.914, 3, GPU-c6e625a8-e507-3a36-588a-be4edc0484f6, NVIDIA A100-SXM4-40GB, 35409, 40960, 27, 80.67, 31
nid001128,2026/05/02 02:19:06.982, 0, GPU-65cea835-1804-4e24-41a4-2217feb6db7f, NVIDIA A100-SXM4-40GB, 34883, 40960, 12, 88.76, 33
nid001128,2026/05/02 02:19:06.985, 1, GPU-e435914a-3f63-f23f-a341-e46a8d29f5ce, NVIDIA A100-SXM4-40GB, 36859, 40960, 31, 64.12, 31
nid001128,2026/05/02 02:19:06.993, 2, GPU-4e46ff65-1933-e621-0c36-86d6cd93881b, NVIDIA A100-SXM4-40GB, 36883, 40960, 26, 76.59, 33
nid001128,2026/05/02 02:19:06.995, 3, GPU-56e69d90-205e-8e19-4191-ad1b61c1e7b9, NVIDIA A100-SXM4-40GB, 36871, 40960, 30, 77.85, 30
nid001125,2026/05/02 02:19:10.045, 0, GPU-5ce6f291-9076-a589-a43c-c0632b050e8a, NVIDIA A100-SXM4-40GB, 34771, 40960, 0, 73.06, 31
nid001125,2026/05/02 02:19:10.047, 1, GPU-5ed9ba19-004a-b751-d755-ec7b68b19ca8, NVIDIA A100-SXM4-40GB, 34771, 40960, 0, 71.77, 30
nid001125,2026/05/02 02:19:10.049, 2, GPU-80d0401d-234d-1829-b81b-aa7261742f13, NVIDIA A100-SXM4-40GB, 36823, 40960, 27, 72.10, 33
nid001125,2026/05/02 02:19:10.051, 3, GPU-c6e625a8-e507-3a36-588a-be4edc0484f6, NVIDIA A100-SXM4-40GB, 35409, 40960, 27, 118.17, 31
nid001128,2026/05/02 02:19:11.143, 0, GPU-65cea835-1804-4e24-41a4-2217feb6db7f, NVIDIA A100-SXM4-40GB, 34883, 40960, 12, 76.04, 33
nid001128,2026/05/02 02:19:11.145, 1, GPU-e435914a-3f63-f23f-a341-e46a8d29f5ce, NVIDIA A100-SXM4-40GB, 36859, 40960, 31, 80.38, 31
nid001128,2026/05/02 02:19:11.147, 2, GPU-4e46ff65-1933-e621-0c36-86d6cd93881b, NVIDIA A100-SXM4-40GB, 36883, 40960, 26, 64.21, 33
nid001128,2026/05/02 02:19:11.152, 3, GPU-56e69d90-205e-8e19-4191-ad1b61c1e7b9, NVIDIA A100-SXM4-40GB, 36871, 40960, 26, 63.51, 30
nid001125,2026/05/02 02:19:14.270, 0, GPU-5ce6f291-9076-a589-a43c-c0632b050e8a, NVIDIA A100-SXM4-40GB, 34771, 40960, 0, 72.86, 31
nid001125,2026/05/02 02:19:14.273, 1, GPU-5ed9ba19-004a-b751-d755-ec7b68b19ca8, NVIDIA A100-SXM4-40GB, 34771, 40960, 0, 71.69, 30
nid001125,2026/05/02 02:19:14.274, 2, GPU-80d0401d-234d-1829-b81b-aa7261742f13, NVIDIA A100-SXM4-40GB, 36823, 40960, 25, 127.49, 34
nid001125,2026/05/02 02:19:14.276, 3, GPU-c6e625a8-e507-3a36-588a-be4edc0484f6, NVIDIA A100-SXM4-40GB, 35409, 40960, 34, 101.68, 33
nid001128,2026/05/02 02:19:15.351, 0, GPU-65cea835-1804-4e24-41a4-2217feb6db7f, NVIDIA A100-SXM4-40GB, 34883, 40960, 12, 100.87, 33
nid001128,2026/05/02 02:19:15.353, 1, GPU-e435914a-3f63-f23f-a341-e46a8d29f5ce, NVIDIA A100-SXM4-40GB, 36859, 40960, 25, 106.16, 31
nid001128,2026/05/02 02:19:15.355, 2, GPU-4e46ff65-1933-e621-0c36-86d6cd93881b, NVIDIA A100-SXM4-40GB, 36883, 40960, 26, 68.05, 33
nid001128,2026/05/02 02:19:15.357, 3, GPU-56e69d90-205e-8e19-4191-ad1b61c1e7b9, NVIDIA A100-SXM4-40GB, 36871, 40960, 34, 66.80, 30
nid001125,2026/05/02 02:19:18.411, 0, GPU-5ce6f291-9076-a589-a43c-c0632b050e8a, NVIDIA A100-SXM4-40GB, 34771, 40960, 0, 73.24, 31
nid001125,2026/05/02 02:19:18.417, 1, GPU-5ed9ba19-004a-b751-d755-ec7b68b19ca8, NVIDIA A100-SXM4-40GB, 34771, 40960, 0, 71.77, 30
nid001125,2026/05/02 02:19:18.419, 2, GPU-80d0401d-234d-1829-b81b-aa7261742f13, NVIDIA A100-SXM4-40GB, 36823, 40960, 26, 99.99, 33
nid001125,2026/05/02 02:19:18.420, 3, GPU-c6e625a8-e507-3a36-588a-be4edc0484f6, NVIDIA A100-SXM4-40GB, 35409, 40960, 27, 78.62, 32
nid001128,2026/05/02 02:19:19.486, 0, GPU-65cea835-1804-4e24-41a4-2217feb6db7f, NVIDIA A100-SXM4-40GB, 34883, 40960, 12, 77.33, 33
nid001128,2026/05/02 02:19:19.488, 1, GPU-e435914a-3f63-f23f-a341-e46a8d29f5ce, NVIDIA A100-SXM4-40GB, 36859, 40960, 27, 61.03, 31
nid001128,2026/05/02 02:19:19.495, 2, GPU-4e46ff65-1933-e621-0c36-86d6cd93881b, NVIDIA A100-SXM4-40GB, 36883, 40960, 29, 66.77, 33
nid001128,2026/05/02 02:19:19.497, 3, GPU-56e69d90-205e-8e19-4191-ad1b61c1e7b9, NVIDIA A100-SXM4-40GB, 36871, 40960, 26, 66.33, 31
nid001125,2026/05/02 02:19:22.613, 0, GPU-5ce6f291-9076-a589-a43c-c0632b050e8a, NVIDIA A100-SXM4-40GB, 34771, 40960, 0, 73.15, 31
nid001125,2026/05/02 02:19:22.619, 1, GPU-5ed9ba19-004a-b751-d755-ec7b68b19ca8, NVIDIA A100-SXM4-40GB, 34771, 40960, 0, 71.77, 30
nid001125,2026/05/02 02:19:22.624, 2, GPU-80d0401d-234d-1829-b81b-aa7261742f13, NVIDIA A100-SXM4-40GB, 36823, 40960, 30, 71.42, 33
nid001125,2026/05/02 02:19:22.631, 3, GPU-c6e625a8-e507-3a36-588a-be4edc0484f6, NVIDIA A100-SXM4-40GB, 35409, 40960, 30, 77.05, 31
nid001128,2026/05/02 02:19:23.726, 0, GPU-65cea835-1804-4e24-41a4-2217feb6db7f, NVIDIA A100-SXM4-40GB, 34883, 40960, 12, 112.53, 33
nid001128,2026/05/02 02:19:23.728, 1, GPU-e435914a-3f63-f23f-a341-e46a8d29f5ce, NVIDIA A100-SXM4-40GB, 36859, 40960, 28, 61.32, 31
nid001128,2026/05/02 02:19:23.730, 2, GPU-4e46ff65-1933-e621-0c36-86d6cd93881b, NVIDIA A100-SXM4-40GB, 36883, 40960, 26, 93.80, 33
nid001128,2026/05/02 02:19:23.732, 3, GPU-56e69d90-205e-8e19-4191-ad1b61c1e7b9, NVIDIA A100-SXM4-40GB, 36871, 40960, 27, 93.07, 30
nid001125,2026/05/02 02:19:26.868, 0, GPU-5ce6f291-9076-a589-a43c-c0632b050e8a, NVIDIA A100-SXM4-40GB, 34771, 40960, 0, 72.95, 31
nid001125,2026/05/02 02:19:26.871, 1, GPU-5ed9ba19-004a-b751-d755-ec7b68b19ca8, NVIDIA A100-SXM4-40GB, 34771, 40960, 0, 71.86, 30
nid001125,2026/05/02 02:19:26.872, 2, GPU-80d0401d-234d-1829-b81b-aa7261742f13, NVIDIA A100-SXM4-40GB, 36823, 40960, 34, 81.95, 33
nid001125,2026/05/02 02:19:26.874, 3, GPU-c6e625a8-e507-3a36-588a-be4edc0484f6, NVIDIA A100-SXM4-40GB, 35409, 40960, 29, 73.85, 31
nid001128,2026/05/02 02:19:27.951, 0, GPU-65cea835-1804-4e24-41a4-2217feb6db7f, NVIDIA A100-SXM4-40GB, 34883, 40960, 16, 100.87, 33
nid001128,2026/05/02 02:19:27.953, 1, GPU-e435914a-3f63-f23f-a341-e46a8d29f5ce, NVIDIA A100-SXM4-40GB, 36859, 40960, 25, 69.89, 31
nid001128,2026/05/02 02:19:27.955, 2, GPU-4e46ff65-1933-e621-0c36-86d6cd93881b, NVIDIA A100-SXM4-40GB, 36883, 40960, 34, 62.85, 33
nid001128,2026/05/02 02:19:27.957, 3, GPU-56e69d90-205e-8e19-4191-ad1b61c1e7b9, NVIDIA A100-SXM4-40GB, 36871, 40960, 26, 62.22, 30
nid001125,2026/05/02 02:19:30.982, 0, GPU-5ce6f291-9076-a589-a43c-c0632b050e8a, NVIDIA A100-SXM4-40GB, 34771, 40960, 0, 73.15, 31
nid001125,2026/05/02 02:19:30.986, 1, GPU-5ed9ba19-004a-b751-d755-ec7b68b19ca8, NVIDIA A100-SXM4-40GB, 34771, 40960, 0, 71.77, 30
nid001125,2026/05/02 02:19:30.987, 2, GPU-80d0401d-234d-1829-b81b-aa7261742f13, NVIDIA A100-SXM4-40GB, 36823, 40960, 27, 89.10, 33
nid001125,2026/05/02 02:19:30.989, 3, GPU-c6e625a8-e507-3a36-588a-be4edc0484f6, NVIDIA A100-SXM4-40GB, 35409, 40960, 34, 74.00, 32
nid001128,2026/05/02 02:19:32.094, 0, GPU-65cea835-1804-4e24-41a4-2217feb6db7f, NVIDIA A100-SXM4-40GB, 34883, 40960, 12, 80.38, 33
nid001128,2026/05/02 02:19:32.103, 1, GPU-e435914a-3f63-f23f-a341-e46a8d29f5ce, NVIDIA A100-SXM4-40GB, 36859, 40960, 25, 116.99, 31
nid001128,2026/05/02 02:19:32.104, 2, GPU-4e46ff65-1933-e621-0c36-86d6cd93881b, NVIDIA A100-SXM4-40GB, 36883, 40960, 28, 64.21, 33
nid001128,2026/05/02 02:19:32.106, 3, GPU-56e69d90-205e-8e19-4191-ad1b61c1e7b9, NVIDIA A100-SXM4-40GB, 36871, 40960, 28, 63.76, 30
nid001125,2026/05/02 02:19:35.244, 0, GPU-5ce6f291-9076-a589-a43c-c0632b050e8a, NVIDIA A100-SXM4-40GB, 34771, 40960, 0, 73.15, 31
nid001125,2026/05/02 02:19:35.247, 1, GPU-5ed9ba19-004a-b751-d755-ec7b68b19ca8, NVIDIA A100-SXM4-40GB, 34771, 40960, 0, 71.77, 30
nid001125,2026/05/02 02:19:35.248, 2, GPU-80d0401d-234d-1829-b81b-aa7261742f13, NVIDIA A100-SXM4-40GB, 36823, 40960, 25, 72.19, 33
nid001125,2026/05/02 02:19:35.250, 3, GPU-c6e625a8-e507-3a36-588a-be4edc0484f6, NVIDIA A100-SXM4-40GB, 35409, 40960, 27, 76.90, 31
nid001128,2026/05/02 02:19:36.337, 0, GPU-65cea835-1804-4e24-41a4-2217feb6db7f, NVIDIA A100-SXM4-40GB, 34883, 40960, 16, 104.49, 34
nid001128,2026/05/02 02:19:36.340, 1, GPU-e435914a-3f63-f23f-a341-e46a8d29f5ce, NVIDIA A100-SXM4-40GB, 36859, 40960, 31, 62.00, 31
nid001128,2026/05/02 02:19:36.342, 2, GPU-4e46ff65-1933-e621-0c36-86d6cd93881b, NVIDIA A100-SXM4-40GB, 36883, 40960, 26, 118.88, 33
nid001128,2026/05/02 02:19:36.344, 3, GPU-56e69d90-205e-8e19-4191-ad1b61c1e7b9, NVIDIA A100-SXM4-40GB, 36871, 40960, 26, 107.02, 30
nid001125,2026/05/02 02:19:39.396, 0, GPU-5ce6f291-9076-a589-a43c-c0632b050e8a, NVIDIA A100-SXM4-40GB, 34771, 40960, 0, 72.86, 31
nid001125,2026/05/02 02:19:39.398, 1, GPU-5ed9ba19-004a-b751-d755-ec7b68b19ca8, NVIDIA A100-SXM4-40GB, 34771, 40960, 0, 71.77, 30
nid001125,2026/05/02 02:19:39.399, 2, GPU-80d0401d-234d-1829-b81b-aa7261742f13, NVIDIA A100-SXM4-40GB, 36823, 40960, 31, 76.04, 33
nid001125,2026/05/02 02:19:39.401, 3, GPU-c6e625a8-e507-3a36-588a-be4edc0484f6, NVIDIA A100-SXM4-40GB, 35409, 40960, 34, 144.42, 31
nid001128,2026/05/02 02:19:40.487, 0, GPU-65cea835-1804-4e24-41a4-2217feb6db7f, NVIDIA A100-SXM4-40GB, 34883, 40960, 13, 118.55, 34
nid001128,2026/05/02 02:19:40.490, 1, GPU-e435914a-3f63-f23f-a341-e46a8d29f5ce, NVIDIA A100-SXM4-40GB, 36859, 40960, 25, 66.41, 30
nid001128,2026/05/02 02:19:40.492, 2, GPU-4e46ff65-1933-e621-0c36-86d6cd93881b, NVIDIA A100-SXM4-40GB, 36883, 40960, 32, 70.32, 33
nid001128,2026/05/02 02:19:40.494, 3, GPU-56e69d90-205e-8e19-4191-ad1b61c1e7b9, NVIDIA A100-SXM4-40GB, 36871, 40960, 26, 86.05, 30
nid001125,2026/05/02 02:19:43.617, 0, GPU-5ce6f291-9076-a589-a43c-c0632b050e8a, NVIDIA A100-SXM4-40GB, 34771, 40960, 0, 73.15, 31
nid001125,2026/05/02 02:19:43.619, 1, GPU-5ed9ba19-004a-b751-d755-ec7b68b19ca8, NVIDIA A100-SXM4-40GB, 34771, 40960, 0, 71.77, 30
nid001125,2026/05/02 02:19:43.621, 2, GPU-80d0401d-234d-1829-b81b-aa7261742f13, NVIDIA A100-SXM4-40GB, 36823, 40960, 32, 71.71, 33
nid001125,2026/05/02 02:19:43.622, 3, GPU-c6e625a8-e507-3a36-588a-be4edc0484f6, NVIDIA A100-SXM4-40GB, 35409, 40960, 28, 87.82, 31
nid001128,2026/05/02 02:19:44.687, 0, GPU-65cea835-1804-4e24-41a4-2217feb6db7f, NVIDIA A100-SXM4-40GB, 34883, 40960, 13, 80.67, 33
nid001128,2026/05/02 02:19:44.689, 1, GPU-e435914a-3f63-f23f-a341-e46a8d29f5ce, NVIDIA A100-SXM4-40GB, 36859, 40960, 29, 67.37, 31
nid001128,2026/05/02 02:19:44.691, 2, GPU-4e46ff65-1933-e621-0c36-86d6cd93881b, NVIDIA A100-SXM4-40GB, 36883, 40960, 26, 86.77, 33
nid001128,2026/05/02 02:19:44.692, 3, GPU-56e69d90-205e-8e19-4191-ad1b61c1e7b9, NVIDIA A100-SXM4-40GB, 36871, 40960, 34, 77.57, 30
nid001125,2026/05/02 02:19:47.808, 0, GPU-5ce6f291-9076-a589-a43c-c0632b050e8a, NVIDIA A100-SXM4-40GB, 34771, 40960, 0, 72.95, 31
nid001125,2026/05/02 02:19:47.814, 1, GPU-5ed9ba19-004a-b751-d755-ec7b68b19ca8, NVIDIA A100-SXM4-40GB, 34771, 40960, 0, 71.77, 30
nid001125,2026/05/02 02:19:47.816, 2, GPU-80d0401d-234d-1829-b81b-aa7261742f13, NVIDIA A100-SXM4-40GB, 36823, 40960, 26, 109.99, 33
nid001125,2026/05/02 02:19:47.817, 3, GPU-c6e625a8-e507-3a36-588a-be4edc0484f6, NVIDIA A100-SXM4-40GB, 35409, 40960, 26, 120.12, 31
nid001128,2026/05/02 02:19:48.892, 0, GPU-65cea835-1804-4e24-41a4-2217feb6db7f, NVIDIA A100-SXM4-40GB, 34883, 40960, 12, 99.10, 33
nid001128,2026/05/02 02:19:48.894, 1, GPU-e435914a-3f63-f23f-a341-e46a8d29f5ce, NVIDIA A100-SXM4-40GB, 36859, 40960, 28, 64.36, 31
nid001128,2026/05/02 02:19:48.896, 2, GPU-4e46ff65-1933-e621-0c36-86d6cd93881b, NVIDIA A100-SXM4-40GB, 36883, 40960, 28, 114.05, 33
nid001128,2026/05/02 02:19:48.897, 3, GPU-56e69d90-205e-8e19-4191-ad1b61c1e7b9, NVIDIA A100-SXM4-40GB, 36871, 40960, 26, 130.84, 30
nid001125,2026/05/02 02:19:51.988, 0, GPU-5ce6f291-9076-a589-a43c-c0632b050e8a, NVIDIA A100-SXM4-40GB, 34771, 40960, 0, 72.95, 31
nid001125,2026/05/02 02:19:51.990, 1, GPU-5ed9ba19-004a-b751-d755-ec7b68b19ca8, NVIDIA A100-SXM4-40GB, 34771, 40960, 0, 71.77, 30
nid001125,2026/05/02 02:19:51.993, 2, GPU-80d0401d-234d-1829-b81b-aa7261742f13, NVIDIA A100-SXM4-40GB, 36823, 40960, 29, 109.74, 33
nid001125,2026/05/02 02:19:51.995, 3, GPU-c6e625a8-e507-3a36-588a-be4edc0484f6, NVIDIA A100-SXM4-40GB, 35409, 40960, 31, 76.04, 31
nid001128,2026/05/02 02:19:53.076, 0, GPU-65cea835-1804-4e24-41a4-2217feb6db7f, NVIDIA A100-SXM4-40GB, 34883, 40960, 16, 75.81, 34
nid001128,2026/05/02 02:19:53.080, 1, GPU-e435914a-3f63-f23f-a341-e46a8d29f5ce, NVIDIA A100-SXM4-40GB, 36859, 40960, 25, 125.90, 31
nid001128,2026/05/02 02:19:53.082, 2, GPU-4e46ff65-1933-e621-0c36-86d6cd93881b, NVIDIA A100-SXM4-40GB, 36883, 40960, 32, 73.41, 33
nid001128,2026/05/02 02:19:53.084, 3, GPU-56e69d90-205e-8e19-4191-ad1b61c1e7b9, NVIDIA A100-SXM4-40GB, 36871, 40960, 26, 69.75, 30
nid001125,2026/05/02 02:19:56.363, 0, GPU-5ce6f291-9076-a589-a43c-c0632b050e8a, NVIDIA A100-SXM4-40GB, 34771, 40960, 0, 73.24, 31
nid001125,2026/05/02 02:19:56.365, 1, GPU-5ed9ba19-004a-b751-d755-ec7b68b19ca8, NVIDIA A100-SXM4-40GB, 34771, 40960, 0, 71.77, 30
nid001125,2026/05/02 02:19:56.366, 2, GPU-80d0401d-234d-1829-b81b-aa7261742f13, NVIDIA A100-SXM4-40GB, 36823, 40960, 26, 74.23, 33
nid001125,2026/05/02 02:19:56.372, 3, GPU-c6e625a8-e507-3a36-588a-be4edc0484f6, NVIDIA A100-SXM4-40GB, 35409, 40960, 27, 74.85, 31
nid001128,2026/05/02 02:19:57.467, 0, GPU-65cea835-1804-4e24-41a4-2217feb6db7f, NVIDIA A100-SXM4-40GB, 34883, 40960, 12, 82.43, 33
nid001128,2026/05/02 02:19:57.469, 1, GPU-e435914a-3f63-f23f-a341-e46a8d29f5ce, NVIDIA A100-SXM4-40GB, 36859, 40960, 32, 109.72, 31
nid001128,2026/05/02 02:19:57.471, 2, GPU-4e46ff65-1933-e621-0c36-86d6cd93881b, NVIDIA A100-SXM4-40GB, 36883, 40960, 26, 111.60, 33
nid001128,2026/05/02 02:19:57.473, 3, GPU-56e69d90-205e-8e19-4191-ad1b61c1e7b9, NVIDIA A100-SXM4-40GB, 36871, 40960, 29, 67.08, 30
nid001125,2026/05/02 02:20:00.522, 0, GPU-5ce6f291-9076-a589-a43c-c0632b050e8a, NVIDIA A100-SXM4-40GB, 34771, 40960, 0, 73.24, 31
nid001125,2026/05/02 02:20:00.524, 1, GPU-5ed9ba19-004a-b751-d755-ec7b68b19ca8, NVIDIA A100-SXM4-40GB, 34771, 40960, 0, 71.77, 30
nid001125,2026/05/02 02:20:00.526, 2, GPU-80d0401d-234d-1829-b81b-aa7261742f13, NVIDIA A100-SXM4-40GB, 36823, 40960, 30, 72.71, 33
nid001125,2026/05/02 02:20:00.528, 3, GPU-c6e625a8-e507-3a36-588a-be4edc0484f6, NVIDIA A100-SXM4-40GB, 35409, 40960, 33, 84.24, 31
nid001128,2026/05/02 02:20:01.610, 0, GPU-65cea835-1804-4e24-41a4-2217feb6db7f, NVIDIA A100-SXM4-40GB, 34883, 40960, 13, 112.92, 34
nid001128,2026/05/02 02:20:01.613, 1, GPU-e435914a-3f63-f23f-a341-e46a8d29f5ce, NVIDIA A100-SXM4-40GB, 36859, 40960, 25, 68.61, 31
nid001128,2026/05/02 02:20:01.614, 2, GPU-4e46ff65-1933-e621-0c36-86d6cd93881b, NVIDIA A100-SXM4-40GB, 36883, 40960, 32, 109.22, 33
nid001128,2026/05/02 02:20:01.616, 3, GPU-56e69d90-205e-8e19-4191-ad1b61c1e7b9, NVIDIA A100-SXM4-40GB, 36871, 40960, 26, 93.96, 30
nid001125,2026/05/02 02:20:04.665, 0, GPU-5ce6f291-9076-a589-a43c-c0632b050e8a, NVIDIA A100-SXM4-40GB, 34771, 40960, 0, 73.15, 31
nid001125,2026/05/02 02:20:04.680, 1, GPU-5ed9ba19-004a-b751-d755-ec7b68b19ca8, NVIDIA A100-SXM4-40GB, 34771, 40960, 0, 71.77, 30
nid001125,2026/05/02 02:20:04.686, 2, GPU-80d0401d-234d-1829-b81b-aa7261742f13, NVIDIA A100-SXM4-40GB, 36823, 40960, 32, 120.98, 34
nid001125,2026/05/02 02:20:04.691, 3, GPU-c6e625a8-e507-3a36-588a-be4edc0484f6, NVIDIA A100-SXM4-40GB, 35409, 40960, 27, 76.28, 32
nid001128,2026/05/02 02:20:05.770, 0, GPU-65cea835-1804-4e24-41a4-2217feb6db7f, NVIDIA A100-SXM4-40GB, 34883, 40960, 12, 132.89, 34
nid001128,2026/05/02 02:20:05.772, 1, GPU-e435914a-3f63-f23f-a341-e46a8d29f5ce, NVIDIA A100-SXM4-40GB, 36859, 40960, 25, 80.85, 31
nid001128,2026/05/02 02:20:05.774, 2, GPU-4e46ff65-1933-e621-0c36-86d6cd93881b, NVIDIA A100-SXM4-40GB, 36883, 40960, 26, 65.17, 33
nid001128,2026/05/02 02:20:05.775, 3, GPU-56e69d90-205e-8e19-4191-ad1b61c1e7b9, NVIDIA A100-SXM4-40GB, 36871, 40960, 33, 62.71, 31
nid001125,2026/05/02 02:20:08.815, 0, GPU-5ce6f291-9076-a589-a43c-c0632b050e8a, NVIDIA A100-SXM4-40GB, 34771, 40960, 0, 73.24, 31
nid001125,2026/05/02 02:20:08.822, 1, GPU-5ed9ba19-004a-b751-d755-ec7b68b19ca8, NVIDIA A100-SXM4-40GB, 34771, 40960, 0, 71.77, 30
nid001125,2026/05/02 02:20:08.824, 2, GPU-80d0401d-234d-1829-b81b-aa7261742f13, NVIDIA A100-SXM4-40GB, 36823, 40960, 26, 107.94, 33
nid001125,2026/05/02 02:20:08.828, 3, GPU-c6e625a8-e507-3a36-588a-be4edc0484f6, NVIDIA A100-SXM4-40GB, 35409, 40960, 27, 102.91, 32
nid001128,2026/05/02 02:20:09.926, 0, GPU-65cea835-1804-4e24-41a4-2217feb6db7f, NVIDIA A100-SXM4-40GB, 34883, 40960, 16, 115.50, 33
nid001128,2026/05/02 02:20:09.928, 1, GPU-e435914a-3f63-f23f-a341-e46a8d29f5ce, NVIDIA A100-SXM4-40GB, 36859, 40960, 26, 75.54, 31
nid001128,2026/05/02 02:20:09.930, 2, GPU-4e46ff65-1933-e621-0c36-86d6cd93881b, NVIDIA A100-SXM4-40GB, 36883, 40960, 28, 64.73, 33
nid001128,2026/05/02 02:20:09.932, 3, GPU-56e69d90-205e-8e19-4191-ad1b61c1e7b9, NVIDIA A100-SXM4-40GB, 36871, 40960, 26, 99.99, 31
nid001125,2026/05/02 02:20:13.020, 0, GPU-5ce6f291-9076-a589-a43c-c0632b050e8a, NVIDIA A100-SXM4-40GB, 34771, 40960, 0, 73.15, 31
nid001125,2026/05/02 02:20:13.027, 1, GPU-5ed9ba19-004a-b751-d755-ec7b68b19ca8, NVIDIA A100-SXM4-40GB, 34771, 40960, 0, 71.77, 30
nid001125,2026/05/02 02:20:13.033, 2, GPU-80d0401d-234d-1829-b81b-aa7261742f13, NVIDIA A100-SXM4-40GB, 36823, 40960, 34, 104.60, 33
nid001125,2026/05/02 02:20:13.040, 3, GPU-c6e625a8-e507-3a36-588a-be4edc0484f6, NVIDIA A100-SXM4-40GB, 35409, 40960, 34, 73.76, 31
nid001128,2026/05/02 02:20:14.133, 0, GPU-65cea835-1804-4e24-41a4-2217feb6db7f, NVIDIA A100-SXM4-40GB, 34883, 40960, 12, 74.85, 33
nid001128,2026/05/02 02:20:14.135, 1, GPU-e435914a-3f63-f23f-a341-e46a8d29f5ce, NVIDIA A100-SXM4-40GB, 36859, 40960, 30, 128.10, 31
nid001128,2026/05/02 02:20:14.137, 2, GPU-4e46ff65-1933-e621-0c36-86d6cd93881b, NVIDIA A100-SXM4-40GB, 36883, 40960, 32, 64.89, 33
nid001128,2026/05/02 02:20:14.138, 3, GPU-56e69d90-205e-8e19-4191-ad1b61c1e7b9, NVIDIA A100-SXM4-40GB, 36871, 40960, 29, 62.22, 30
nid001125,2026/05/02 02:20:17.225, 0, GPU-5ce6f291-9076-a589-a43c-c0632b050e8a, NVIDIA A100-SXM4-40GB, 34771, 40960, 0, 72.86, 31
nid001125,2026/05/02 02:20:17.227, 1, GPU-5ed9ba19-004a-b751-d755-ec7b68b19ca8, NVIDIA A100-SXM4-40GB, 34771, 40960, 0, 71.77, 30
nid001125,2026/05/02 02:20:17.229, 2, GPU-80d0401d-234d-1829-b81b-aa7261742f13, NVIDIA A100-SXM4-40GB, 36823, 40960, 26, 72.19, 33
nid001125,2026/05/02 02:20:17.231, 3, GPU-c6e625a8-e507-3a36-588a-be4edc0484f6, NVIDIA A100-SXM4-40GB, 35409, 40960, 28, 76.90, 31
nid001128,2026/05/02 02:20:18.289, 0, GPU-65cea835-1804-4e24-41a4-2217feb6db7f, NVIDIA A100-SXM4-40GB, 34883, 40960, 16, 75.00, 34
nid001128,2026/05/02 02:20:18.291, 1, GPU-e435914a-3f63-f23f-a341-e46a8d29f5ce, NVIDIA A100-SXM4-40GB, 36859, 40960, 27, 130.50, 31
nid001128,2026/05/02 02:20:18.293, 2, GPU-4e46ff65-1933-e621-0c36-86d6cd93881b, NVIDIA A100-SXM4-40GB, 36883, 40960, 28, 76.59, 33
nid001128,2026/05/02 02:20:18.295, 3, GPU-56e69d90-205e-8e19-4191-ad1b61c1e7b9, NVIDIA A100-SXM4-40GB, 36871, 40960, 26, 69.66, 30
nid001125,2026/05/02 02:20:21.363, 0, GPU-5ce6f291-9076-a589-a43c-c0632b050e8a, NVIDIA A100-SXM4-40GB, 34771, 40960, 0, 72.86, 31
nid001125,2026/05/02 02:20:21.365, 1, GPU-5ed9ba19-004a-b751-d755-ec7b68b19ca8, NVIDIA A100-SXM4-40GB, 34771, 40960, 0, 71.77, 30
nid001125,2026/05/02 02:20:21.367, 2, GPU-80d0401d-234d-1829-b81b-aa7261742f13, NVIDIA A100-SXM4-40GB, 36823, 40960, 26, 71.19, 33
nid001125,2026/05/02 02:20:21.368, 3, GPU-c6e625a8-e507-3a36-588a-be4edc0484f6, NVIDIA A100-SXM4-40GB, 35409, 40960, 27, 104.21, 31
nid001128,2026/05/02 02:20:22.442, 0, GPU-65cea835-1804-4e24-41a4-2217feb6db7f, NVIDIA A100-SXM4-40GB, 34883, 40960, 12, 75.52, 34
nid001128,2026/05/02 02:20:22.444, 1, GPU-e435914a-3f63-f23f-a341-e46a8d29f5ce, NVIDIA A100-SXM4-40GB, 36859, 40960, 28, 106.16, 31
nid001128,2026/05/02 02:20:22.446, 2, GPU-4e46ff65-1933-e621-0c36-86d6cd93881b, NVIDIA A100-SXM4-40GB, 36883, 40960, 26, 64.13, 33
nid001128,2026/05/02 02:20:22.448, 3, GPU-56e69d90-205e-8e19-4191-ad1b61c1e7b9, NVIDIA A100-SXM4-40GB, 36871, 40960, 30, 66.56, 31
nid001125,2026/05/02 02:20:25.501, 0, GPU-5ce6f291-9076-a589-a43c-c0632b050e8a, NVIDIA A100-SXM4-40GB, 34771, 40960, 0, 73.15, 31
nid001125,2026/05/02 02:20:25.503, 1, GPU-5ed9ba19-004a-b751-d755-ec7b68b19ca8, NVIDIA A100-SXM4-40GB, 34771, 40960, 0, 71.77, 30
nid001125,2026/05/02 02:20:25.505, 2, GPU-80d0401d-234d-1829-b81b-aa7261742f13, NVIDIA A100-SXM4-40GB, 36823, 40960, 29, 72.71, 33
nid001125,2026/05/02 02:20:25.507, 3, GPU-c6e625a8-e507-3a36-588a-be4edc0484f6, NVIDIA A100-SXM4-40GB, 35409, 40960, 32, 82.82, 31
nid001128,2026/05/02 02:20:26.645, 0, GPU-65cea835-1804-4e24-41a4-2217feb6db7f, NVIDIA A100-SXM4-40GB, 34883, 40960, 16, 88.86, 34
nid001128,2026/05/02 02:20:26.647, 1, GPU-e435914a-3f63-f23f-a341-e46a8d29f5ce, NVIDIA A100-SXM4-40GB, 36859, 40960, 25, 69.65, 31
nid001128,2026/05/02 02:20:26.649, 2, GPU-4e46ff65-1933-e621-0c36-86d6cd93881b, NVIDIA A100-SXM4-40GB, 36883, 40960, 32, 92.24, 33
nid001128,2026/05/02 02:20:26.650, 3, GPU-56e69d90-205e-8e19-4191-ad1b61c1e7b9, NVIDIA A100-SXM4-40GB, 36871, 40960, 26, 126.11, 31
nid001125,2026/05/02 02:20:29.738, 0, GPU-5ce6f291-9076-a589-a43c-c0632b050e8a, NVIDIA A100-SXM4-40GB, 34771, 40960, 0, 73.15, 31
nid001125,2026/05/02 02:20:29.743, 1, GPU-5ed9ba19-004a-b751-d755-ec7b68b19ca8, NVIDIA A100-SXM4-40GB, 34771, 40960, 0, 71.77, 30
nid001125,2026/05/02 02:20:29.744, 2, GPU-80d0401d-234d-1829-b81b-aa7261742f13, NVIDIA A100-SXM4-40GB, 36823, 40960, 33, 107.41, 33
nid001125,2026/05/02 02:20:29.747, 3, GPU-c6e625a8-e507-3a36-588a-be4edc0484f6, NVIDIA A100-SXM4-40GB, 35409, 40960, 26, 92.44, 31
nid001128,2026/05/02 02:20:30.808, 0, GPU-65cea835-1804-4e24-41a4-2217feb6db7f, NVIDIA A100-SXM4-40GB, 34883, 40960, 12, 74.85, 33
nid001128,2026/05/02 02:20:30.814, 1, GPU-e435914a-3f63-f23f-a341-e46a8d29f5ce, NVIDIA A100-SXM4-40GB, 36859, 40960, 25, 81.90, 31
nid001128,2026/05/02 02:20:30.824, 2, GPU-4e46ff65-1933-e621-0c36-86d6cd93881b, NVIDIA A100-SXM4-40GB, 36883, 40960, 26, 64.73, 33
nid001128,2026/05/02 02:20:30.826, 3, GPU-56e69d90-205e-8e19-4191-ad1b61c1e7b9, NVIDIA A100-SXM4-40GB, 36871, 40960, 31, 92.44, 30
nid001125,2026/05/02 02:20:33.889, 0, GPU-5ce6f291-9076-a589-a43c-c0632b050e8a, NVIDIA A100-SXM4-40GB, 34771, 40960, 0, 73.15, 31
nid001125,2026/05/02 02:20:33.892, 1, GPU-5ed9ba19-004a-b751-d755-ec7b68b19ca8, NVIDIA A100-SXM4-40GB, 34771, 40960, 0, 71.77, 30
nid001125,2026/05/02 02:20:33.893, 2, GPU-80d0401d-234d-1829-b81b-aa7261742f13, NVIDIA A100-SXM4-40GB, 36823, 40960, 26, 73.47, 33
nid001125,2026/05/02 02:20:33.896, 3, GPU-c6e625a8-e507-3a36-588a-be4edc0484f6, NVIDIA A100-SXM4-40GB, 35409, 40960, 27, 73.47, 31
nid001128,2026/05/02 02:20:34.958, 0, GPU-65cea835-1804-4e24-41a4-2217feb6db7f, NVIDIA A100-SXM4-40GB, 34883, 40960, 16, 129.84, 34
nid001128,2026/05/02 02:20:34.960, 1, GPU-e435914a-3f63-f23f-a341-e46a8d29f5ce, NVIDIA A100-SXM4-40GB, 36859, 40960, 32, 109.96, 31
nid001128,2026/05/02 02:20:34.963, 2, GPU-4e46ff65-1933-e621-0c36-86d6cd93881b, NVIDIA A100-SXM4-40GB, 36883, 40960, 26, 69.04, 33
nid001128,2026/05/02 02:20:34.964, 3, GPU-56e69d90-205e-8e19-4191-ad1b61c1e7b9, NVIDIA A100-SXM4-40GB, 36871, 40960, 26, 63.30, 30
nid001125,2026/05/02 02:20:38.033, 0, GPU-5ce6f291-9076-a589-a43c-c0632b050e8a, NVIDIA A100-SXM4-40GB, 34771, 40960, 0, 73.15, 31
nid001125,2026/05/02 02:20:38.036, 1, GPU-5ed9ba19-004a-b751-d755-ec7b68b19ca8, NVIDIA A100-SXM4-40GB, 34771, 40960, 0, 71.77, 30
nid001125,2026/05/02 02:20:38.037, 2, GPU-80d0401d-234d-1829-b81b-aa7261742f13, NVIDIA A100-SXM4-40GB, 36823, 40960, 26, 71.94, 33
nid001125,2026/05/02 02:20:38.039, 3, GPU-c6e625a8-e507-3a36-588a-be4edc0484f6, NVIDIA A100-SXM4-40GB, 35409, 40960, 29, 75.90, 31
nid001128,2026/05/02 02:20:39.088, 0, GPU-65cea835-1804-4e24-41a4-2217feb6db7f, NVIDIA A100-SXM4-40GB, 34883, 40960, 16, 75.08, 34
nid001128,2026/05/02 02:20:39.091, 1, GPU-e435914a-3f63-f23f-a341-e46a8d29f5ce, NVIDIA A100-SXM4-40GB, 36859, 40960, 30, 74.49, 31
nid001128,2026/05/02 02:20:39.093, 2, GPU-4e46ff65-1933-e621-0c36-86d6cd93881b, NVIDIA A100-SXM4-40GB, 36883, 40960, 26, 84.50, 33
nid001128,2026/05/02 02:20:39.094, 3, GPU-56e69d90-205e-8e19-4191-ad1b61c1e7b9, NVIDIA A100-SXM4-40GB, 36871, 40960, 26, 68.93, 30
nid001125,2026/05/02 02:20:42.216, 0, GPU-5ce6f291-9076-a589-a43c-c0632b050e8a, NVIDIA A100-SXM4-40GB, 34771, 40960, 0, 72.95, 31
nid001125,2026/05/02 02:20:42.218, 1, GPU-5ed9ba19-004a-b751-d755-ec7b68b19ca8, NVIDIA A100-SXM4-40GB, 34771, 40960, 0, 71.86, 30
nid001125,2026/05/02 02:20:42.220, 2, GPU-80d0401d-234d-1829-b81b-aa7261742f13, NVIDIA A100-SXM4-40GB, 36823, 40960, 34, 98.47, 33
nid001125,2026/05/02 02:20:42.229, 3, GPU-c6e625a8-e507-3a36-588a-be4edc0484f6, NVIDIA A100-SXM4-40GB, 35409, 40960, 29, 80.76, 31
nid001128,2026/05/02 02:20:43.324, 0, GPU-65cea835-1804-4e24-41a4-2217feb6db7f, NVIDIA A100-SXM4-40GB, 34883, 40960, 12, 88.57, 33
nid001128,2026/05/02 02:20:43.326, 1, GPU-e435914a-3f63-f23f-a341-e46a8d29f5ce, NVIDIA A100-SXM4-40GB, 36859, 40960, 25, 75.54, 31
nid001128,2026/05/02 02:20:43.329, 2, GPU-4e46ff65-1933-e621-0c36-86d6cd93881b, NVIDIA A100-SXM4-40GB, 36883, 40960, 31, 63.61, 33
nid001128,2026/05/02 02:20:43.330, 3, GPU-56e69d90-205e-8e19-4191-ad1b61c1e7b9, NVIDIA A100-SXM4-40GB, 36871, 40960, 30, 82.72, 30
nid001125,2026/05/02 02:20:46.438, 0, GPU-5ce6f291-9076-a589-a43c-c0632b050e8a, NVIDIA A100-SXM4-40GB, 34771, 40960, 0, 72.95, 31
nid001125,2026/05/02 02:20:46.441, 1, GPU-5ed9ba19-004a-b751-d755-ec7b68b19ca8, NVIDIA A100-SXM4-40GB, 34771, 40960, 0, 71.77, 30
nid001125,2026/05/02 02:20:46.442, 2, GPU-80d0401d-234d-1829-b81b-aa7261742f13, NVIDIA A100-SXM4-40GB, 36823, 40960, 26, 74.76, 33
nid001125,2026/05/02 02:20:46.444, 3, GPU-c6e625a8-e507-3a36-588a-be4edc0484f6, NVIDIA A100-SXM4-40GB, 35409, 40960, 27, 73.47, 31
nid001128,2026/05/02 02:20:47.523, 0, GPU-65cea835-1804-4e24-41a4-2217feb6db7f, NVIDIA A100-SXM4-40GB, 34883, 40960, 12, 78.10, 34
nid001128,2026/05/02 02:20:47.525, 1, GPU-e435914a-3f63-f23f-a341-e46a8d29f5ce, NVIDIA A100-SXM4-40GB, 36859, 40960, 27, 64.05, 31
nid001128,2026/05/02 02:20:47.527, 2, GPU-4e46ff65-1933-e621-0c36-86d6cd93881b, NVIDIA A100-SXM4-40GB, 36883, 40960, 26, 77.96, 33
nid001128,2026/05/02 02:20:47.529, 3, GPU-56e69d90-205e-8e19-4191-ad1b61c1e7b9, NVIDIA A100-SXM4-40GB, 36871, 40960, 31, 66.80, 30
nid001125,2026/05/02 02:20:50.542, 0, GPU-5ce6f291-9076-a589-a43c-c0632b050e8a, NVIDIA A100-SXM4-40GB, 34771, 40960, 0, 73.15, 31
nid001125,2026/05/02 02:20:50.549, 1, GPU-5ed9ba19-004a-b751-d755-ec7b68b19ca8, NVIDIA A100-SXM4-40GB, 34771, 40960, 0, 71.77, 30
nid001125,2026/05/02 02:20:50.556, 2, GPU-80d0401d-234d-1829-b81b-aa7261742f13, NVIDIA A100-SXM4-40GB, 36823, 40960, 25, 127.73, 36
nid001125,2026/05/02 02:20:50.575, 3, GPU-c6e625a8-e507-3a36-588a-be4edc0484f6, NVIDIA A100-SXM4-40GB, 35409, 40960, 26, 113.16, 34
nid001128,2026/05/02 02:20:51.691, 0, GPU-65cea835-1804-4e24-41a4-2217feb6db7f, NVIDIA A100-SXM4-40GB, 34883, 40960, 16, 80.90, 34
nid001128,2026/05/02 02:20:51.694, 1, GPU-e435914a-3f63-f23f-a341-e46a8d29f5ce, NVIDIA A100-SXM4-40GB, 36859, 40960, 27, 70.17, 31
nid001128,2026/05/02 02:20:51.697, 2, GPU-4e46ff65-1933-e621-0c36-86d6cd93881b, NVIDIA A100-SXM4-40GB, 36883, 40960, 29, 64.37, 34
nid001128,2026/05/02 02:20:51.698, 3, GPU-56e69d90-205e-8e19-4191-ad1b61c1e7b9, NVIDIA A100-SXM4-40GB, 36871, 40960, 26, 74.61, 31
nid001125,2026/05/02 02:20:54.807, 0, GPU-5ce6f291-9076-a589-a43c-c0632b050e8a, NVIDIA A100-SXM4-40GB, 34771, 40960, 0, 72.95, 31
nid001125,2026/05/02 02:20:54.810, 1, GPU-5ed9ba19-004a-b751-d755-ec7b68b19ca8, NVIDIA A100-SXM4-40GB, 34771, 40960, 0, 71.77, 30
nid001125,2026/05/02 02:20:54.811, 2, GPU-80d0401d-234d-1829-b81b-aa7261742f13, NVIDIA A100-SXM4-40GB, 36823, 40960, 34, 107.30, 33
nid001125,2026/05/02 02:20:54.813, 3, GPU-c6e625a8-e507-3a36-588a-be4edc0484f6, NVIDIA A100-SXM4-40GB, 35409, 40960, 26, 95.48, 32
nid001128,2026/05/02 02:20:55.906, 0, GPU-65cea835-1804-4e24-41a4-2217feb6db7f, NVIDIA A100-SXM4-40GB, 34883, 40960, 12, 81.14, 34
nid001128,2026/05/02 02:20:55.908, 1, GPU-e435914a-3f63-f23f-a341-e46a8d29f5ce, NVIDIA A100-SXM4-40GB, 36859, 40960, 30, 70.49, 31
nid001128,2026/05/02 02:20:55.910, 2, GPU-4e46ff65-1933-e621-0c36-86d6cd93881b, NVIDIA A100-SXM4-40GB, 36883, 40960, 26, 62.85, 33
nid001128,2026/05/02 02:20:55.912, 3, GPU-56e69d90-205e-8e19-4191-ad1b61c1e7b9, NVIDIA A100-SXM4-40GB, 36871, 40960, 33, 120.12, 30
nid001125,2026/05/02 02:20:59.053, 0, GPU-5ce6f291-9076-a589-a43c-c0632b050e8a, NVIDIA A100-SXM4-40GB, 34771, 40960, 0, 72.95, 31
nid001125,2026/05/02 02:20:59.056, 1, GPU-5ed9ba19-004a-b751-d755-ec7b68b19ca8, NVIDIA A100-SXM4-40GB, 34771, 40960, 0, 71.77, 30
nid001125,2026/05/02 02:20:59.057, 2, GPU-80d0401d-234d-1829-b81b-aa7261742f13, NVIDIA A100-SXM4-40GB, 36823, 40960, 26, 140.92, 33
nid001125,2026/05/02 02:20:59.059, 3, GPU-c6e625a8-e507-3a36-588a-be4edc0484f6, NVIDIA A100-SXM4-40GB, 35409, 40960, 33, 138.27, 32
nid001128,2026/05/02 02:21:00.109, 0, GPU-65cea835-1804-4e24-41a4-2217feb6db7f, NVIDIA A100-SXM4-40GB, 34883, 40960, 12, 99.22, 34
nid001128,2026/05/02 02:21:00.112, 1, GPU-e435914a-3f63-f23f-a341-e46a8d29f5ce, NVIDIA A100-SXM4-40GB, 36859, 40960, 25, 97.36, 31
nid001128,2026/05/02 02:21:00.113, 2, GPU-4e46ff65-1933-e621-0c36-86d6cd93881b, NVIDIA A100-SXM4-40GB, 36883, 40960, 32, 65.93, 33
nid001128,2026/05/02 02:21:00.115, 3, GPU-56e69d90-205e-8e19-4191-ad1b61c1e7b9, NVIDIA A100-SXM4-40GB, 36871, 40960, 26, 62.22, 31
nid001125,2026/05/02 02:21:03.160, 0, GPU-5ce6f291-9076-a589-a43c-c0632b050e8a, NVIDIA A100-SXM4-40GB, 34771, 40960, 0, 72.86, 31
nid001125,2026/05/02 02:21:03.168, 1, GPU-5ed9ba19-004a-b751-d755-ec7b68b19ca8, NVIDIA A100-SXM4-40GB, 34771, 40960, 0, 71.77, 30
nid001125,2026/05/02 02:21:03.174, 2, GPU-80d0401d-234d-1829-b81b-aa7261742f13, NVIDIA A100-SXM4-40GB, 36823, 40960, 26, 136.06, 33
nid001125,2026/05/02 02:21:03.178, 3, GPU-c6e625a8-e507-3a36-588a-be4edc0484f6, NVIDIA A100-SXM4-40GB, 35409, 40960, 30, 80.90, 31
nid001128,2026/05/02 02:21:04.289, 0, GPU-65cea835-1804-4e24-41a4-2217feb6db7f, NVIDIA A100-SXM4-40GB, 34883, 40960, 16, 89.87, 33
nid001128,2026/05/02 02:21:04.292, 1, GPU-e435914a-3f63-f23f-a341-e46a8d29f5ce, NVIDIA A100-SXM4-40GB, 36859, 40960, 33, 79.62, 31
nid001128,2026/05/02 02:21:04.294, 2, GPU-4e46ff65-1933-e621-0c36-86d6cd93881b, NVIDIA A100-SXM4-40GB, 36883, 40960, 26, 84.08, 33
nid001128,2026/05/02 02:21:04.296, 3, GPU-56e69d90-205e-8e19-4191-ad1b61c1e7b9, NVIDIA A100-SXM4-40GB, 36871, 40960, 26, 71.34, 31
nid001125,2026/05/02 02:21:07.429, 0, GPU-5ce6f291-9076-a589-a43c-c0632b050e8a, NVIDIA A100-SXM4-40GB, 34771, 40960, 0, 72.95, 31
nid001125,2026/05/02 02:21:07.432, 1, GPU-5ed9ba19-004a-b751-d755-ec7b68b19ca8, NVIDIA A100-SXM4-40GB, 34771, 40960, 0, 71.77, 30
nid001125,2026/05/02 02:21:07.433, 2, GPU-80d0401d-234d-1829-b81b-aa7261742f13, NVIDIA A100-SXM4-40GB, 36823, 40960, 34, 87.71, 33
nid001125,2026/05/02 02:21:07.435, 3, GPU-c6e625a8-e507-3a36-588a-be4edc0484f6, NVIDIA A100-SXM4-40GB, 35409, 40960, 27, 74.23, 32
nid001128,2026/05/02 02:21:08.511, 0, GPU-65cea835-1804-4e24-41a4-2217feb6db7f, NVIDIA A100-SXM4-40GB, 34883, 40960, 12, 78.85, 33
nid001128,2026/05/02 02:21:08.520, 1, GPU-e435914a-3f63-f23f-a341-e46a8d29f5ce, NVIDIA A100-SXM4-40GB, 36859, 40960, 25, 69.89, 31
nid001128,2026/05/02 02:21:08.522, 2, GPU-4e46ff65-1933-e621-0c36-86d6cd93881b, NVIDIA A100-SXM4-40GB, 36883, 40960, 30, 89.33, 33
nid001128,2026/05/02 02:21:08.524, 3, GPU-56e69d90-205e-8e19-4191-ad1b61c1e7b9, NVIDIA A100-SXM4-40GB, 36871, 40960, 34, 67.08, 31
nid001125,2026/05/02 02:21:11.583, 0, GPU-5ce6f291-9076-a589-a43c-c0632b050e8a, NVIDIA A100-SXM4-40GB, 34771, 40960, 0, 73.15, 31
nid001125,2026/05/02 02:21:11.589, 1, GPU-5ed9ba19-004a-b751-d755-ec7b68b19ca8, NVIDIA A100-SXM4-40GB, 34771, 40960, 0, 71.77, 30
nid001125,2026/05/02 02:21:11.595, 2, GPU-80d0401d-234d-1829-b81b-aa7261742f13, NVIDIA A100-SXM4-40GB, 36823, 40960, 26, 74.00, 33
nid001125,2026/05/02 02:21:11.602, 3, GPU-c6e625a8-e507-3a36-588a-be4edc0484f6, NVIDIA A100-SXM4-40GB, 35409, 40960, 34, 86.05, 32
nid001128,2026/05/02 02:21:12.694, 0, GPU-65cea835-1804-4e24-41a4-2217feb6db7f, NVIDIA A100-SXM4-40GB, 34883, 40960, 16, 83.19, 34
nid001128,2026/05/02 02:21:12.697, 1, GPU-e435914a-3f63-f23f-a341-e46a8d29f5ce, NVIDIA A100-SXM4-40GB, 36859, 40960, 29, 71.93, 31
nid001128,2026/05/02 02:21:12.699, 2, GPU-4e46ff65-1933-e621-0c36-86d6cd93881b, NVIDIA A100-SXM4-40GB, 36883, 40960, 27, 63.21, 33
nid001128,2026/05/02 02:21:12.702, 3, GPU-56e69d90-205e-8e19-4191-ad1b61c1e7b9, NVIDIA A100-SXM4-40GB, 36871, 40960, 26, 70.22, 30
nid001125,2026/05/02 02:21:15.850, 0, GPU-5ce6f291-9076-a589-a43c-c0632b050e8a, NVIDIA A100-SXM4-40GB, 34771, 40960, 0, 73.15, 31
nid001125,2026/05/02 02:21:15.853, 1, GPU-5ed9ba19-004a-b751-d755-ec7b68b19ca8, NVIDIA A100-SXM4-40GB, 34771, 40960, 0, 71.77, 30
nid001125,2026/05/02 02:21:15.855, 2, GPU-80d0401d-234d-1829-b81b-aa7261742f13, NVIDIA A100-SXM4-40GB, 36823, 40960, 29, 71.71, 33
nid001125,2026/05/02 02:21:15.856, 3, GPU-c6e625a8-e507-3a36-588a-be4edc0484f6, NVIDIA A100-SXM4-40GB, 35409, 40960, 26, 100.39, 31
nid001128,2026/05/02 02:21:16.963, 0, GPU-65cea835-1804-4e24-41a4-2217feb6db7f, NVIDIA A100-SXM4-40GB, 34883, 40960, 12, 136.75, 34
nid001128,2026/05/02 02:21:16.965, 1, GPU-e435914a-3f63-f23f-a341-e46a8d29f5ce, NVIDIA A100-SXM4-40GB, 36859, 40960, 25, 99.75, 31
nid001128,2026/05/02 02:21:16.967, 2, GPU-4e46ff65-1933-e621-0c36-86d6cd93881b, NVIDIA A100-SXM4-40GB, 36883, 40960, 28, 81.19, 33
nid001128,2026/05/02 02:21:16.970, 3, GPU-56e69d90-205e-8e19-4191-ad1b61c1e7b9, NVIDIA A100-SXM4-40GB, 36871, 40960, 26, 63.76, 30
nid001125,2026/05/02 02:21:20.030, 0, GPU-5ce6f291-9076-a589-a43c-c0632b050e8a, NVIDIA A100-SXM4-40GB, 34771, 40960, 0, 72.95, 31
nid001125,2026/05/02 02:21:20.033, 1, GPU-5ed9ba19-004a-b751-d755-ec7b68b19ca8, NVIDIA A100-SXM4-40GB, 34771, 40960, 0, 71.77, 30
nid001125,2026/05/02 02:21:20.034, 2, GPU-80d0401d-234d-1829-b81b-aa7261742f13, NVIDIA A100-SXM4-40GB, 36823, 40960, 26, 90.52, 33
nid001125,2026/05/02 02:21:20.037, 3, GPU-c6e625a8-e507-3a36-588a-be4edc0484f6, NVIDIA A100-SXM4-40GB, 35409, 40960, 29, 74.00, 31
nid001128,2026/05/02 02:21:21.127, 0, GPU-65cea835-1804-4e24-41a4-2217feb6db7f, NVIDIA A100-SXM4-40GB, 34883, 40960, 12, 80.76, 34
nid001128,2026/05/02 02:21:21.129, 1, GPU-e435914a-3f63-f23f-a341-e46a8d29f5ce, NVIDIA A100-SXM4-40GB, 36859, 40960, 29, 73.06, 31
nid001128,2026/05/02 02:21:21.131, 2, GPU-4e46ff65-1933-e621-0c36-86d6cd93881b, NVIDIA A100-SXM4-40GB, 36883, 40960, 26, 99.92, 33
nid001128,2026/05/02 02:21:21.133, 3, GPU-56e69d90-205e-8e19-4191-ad1b61c1e7b9, NVIDIA A100-SXM4-40GB, 36871, 40960, 26, 68.45, 30
nid001125,2026/05/02 02:21:24.286, 0, GPU-5ce6f291-9076-a589-a43c-c0632b050e8a, NVIDIA A100-SXM4-40GB, 34771, 40960, 0, 73.15, 31
nid001125,2026/05/02 02:21:24.288, 1, GPU-5ed9ba19-004a-b751-d755-ec7b68b19ca8, NVIDIA A100-SXM4-40GB, 34771, 40960, 0, 71.77, 30
nid001125,2026/05/02 02:21:24.290, 2, GPU-80d0401d-234d-1829-b81b-aa7261742f13, NVIDIA A100-SXM4-40GB, 36823, 40960, 29, 109.99, 33
nid001125,2026/05/02 02:21:24.292, 3, GPU-c6e625a8-e507-3a36-588a-be4edc0484f6, NVIDIA A100-SXM4-40GB, 35409, 40960, 28, 76.14, 31
nid001128,2026/05/02 02:21:25.374, 0, GPU-65cea835-1804-4e24-41a4-2217feb6db7f, NVIDIA A100-SXM4-40GB, 34883, 40960, 12, 97.06, 34
nid001128,2026/05/02 02:21:25.377, 1, GPU-e435914a-3f63-f23f-a341-e46a8d29f5ce, NVIDIA A100-SXM4-40GB, 36859, 40960, 25, 61.03, 31
nid001128,2026/05/02 02:21:25.378, 2, GPU-4e46ff65-1933-e621-0c36-86d6cd93881b, NVIDIA A100-SXM4-40GB, 36883, 40960, 32, 66.01, 33
nid001128,2026/05/02 02:21:25.381, 3, GPU-56e69d90-205e-8e19-4191-ad1b61c1e7b9, NVIDIA A100-SXM4-40GB, 36871, 40960, 31, 91.15, 30
nid001125,2026/05/02 02:21:28.431, 0, GPU-5ce6f291-9076-a589-a43c-c0632b050e8a, NVIDIA A100-SXM4-40GB, 34771, 40960, 0, 73.24, 31
nid001125,2026/05/02 02:21:28.441, 1, GPU-5ed9ba19-004a-b751-d755-ec7b68b19ca8, NVIDIA A100-SXM4-40GB, 34771, 40960, 0, 71.77, 30
nid001125,2026/05/02 02:21:28.455, 2, GPU-80d0401d-234d-1829-b81b-aa7261742f13, NVIDIA A100-SXM4-40GB, 36823, 40960, 31, 78.33, 33
nid001125,2026/05/02 02:21:28.459, 3, GPU-c6e625a8-e507-3a36-588a-be4edc0484f6, NVIDIA A100-SXM4-40GB, 35409, 40960, 27, 101.68, 31
nid001128,2026/05/02 02:21:29.570, 0, GPU-65cea835-1804-4e24-41a4-2217feb6db7f, NVIDIA A100-SXM4-40GB, 34883, 40960, 12, 78.10, 33
nid001128,2026/05/02 02:21:29.572, 1, GPU-e435914a-3f63-f23f-a341-e46a8d29f5ce, NVIDIA A100-SXM4-40GB, 36859, 40960, 25, 68.61, 31
nid001128,2026/05/02 02:21:29.574, 2, GPU-4e46ff65-1933-e621-0c36-86d6cd93881b, NVIDIA A100-SXM4-40GB, 36883, 40960, 30, 82.46, 33
nid001128,2026/05/02 02:21:29.575, 3, GPU-56e69d90-205e-8e19-4191-ad1b61c1e7b9, NVIDIA A100-SXM4-40GB, 36871, 40960, 26, 87.92, 30
nid001125,2026/05/02 02:21:32.693, 0, GPU-5ce6f291-9076-a589-a43c-c0632b050e8a, NVIDIA A100-SXM4-40GB, 34771, 40960, 0, 72.86, 31
nid001125,2026/05/02 02:21:32.695, 1, GPU-5ed9ba19-004a-b751-d755-ec7b68b19ca8, NVIDIA A100-SXM4-40GB, 34771, 40960, 0, 71.77, 30
nid001125,2026/05/02 02:21:32.696, 2, GPU-80d0401d-234d-1829-b81b-aa7261742f13, NVIDIA A100-SXM4-40GB, 36823, 40960, 26, 107.41, 33
nid001125,2026/05/02 02:21:32.698, 3, GPU-c6e625a8-e507-3a36-588a-be4edc0484f6, NVIDIA A100-SXM4-40GB, 35409, 40960, 35, 87.29, 31
nid001128,2026/05/02 02:21:33.823, 0, GPU-65cea835-1804-4e24-41a4-2217feb6db7f, NVIDIA A100-SXM4-40GB, 34883, 40960, 15, 75.81, 33
nid001128,2026/05/02 02:21:33.826, 1, GPU-e435914a-3f63-f23f-a341-e46a8d29f5ce, NVIDIA A100-SXM4-40GB, 36859, 40960, 33, 98.23, 31
nid001128,2026/05/02 02:21:33.827, 2, GPU-4e46ff65-1933-e621-0c36-86d6cd93881b, NVIDIA A100-SXM4-40GB, 36883, 40960, 32, 74.17, 33
nid001128,2026/05/02 02:21:33.829, 3, GPU-56e69d90-205e-8e19-4191-ad1b61c1e7b9, NVIDIA A100-SXM4-40GB, 36871, 40960, 29, 127.11, 30
nid001125,2026/05/02 02:21:36.931, 0, GPU-5ce6f291-9076-a589-a43c-c0632b050e8a, NVIDIA A100-SXM4-40GB, 34771, 40960, 0, 72.95, 31
nid001125,2026/05/02 02:21:36.938, 1, GPU-5ed9ba19-004a-b751-d755-ec7b68b19ca8, NVIDIA A100-SXM4-40GB, 34771, 40960, 0, 71.86, 30
nid001125,2026/05/02 02:21:36.949, 2, GPU-80d0401d-234d-1829-b81b-aa7261742f13, NVIDIA A100-SXM4-40GB, 36823, 40960, 26, 84.76, 33
nid001125,2026/05/02 02:21:36.950, 3, GPU-c6e625a8-e507-3a36-588a-be4edc0484f6, NVIDIA A100-SXM4-40GB, 35409, 40960, 29, 73.47, 31
nid001128,2026/05/02 02:21:38.058, 0, GPU-65cea835-1804-4e24-41a4-2217feb6db7f, NVIDIA A100-SXM4-40GB, 34883, 40960, 12, 83.38, 33
nid001128,2026/05/02 02:21:38.060, 1, GPU-e435914a-3f63-f23f-a341-e46a8d29f5ce, NVIDIA A100-SXM4-40GB, 36859, 40960, 25, 114.80, 31
nid001128,2026/05/02 02:21:38.062, 2, GPU-4e46ff65-1933-e621-0c36-86d6cd93881b, NVIDIA A100-SXM4-40GB, 36883, 40960, 27, 64.13, 33
nid001128,2026/05/02 02:21:38.063, 3, GPU-56e69d90-205e-8e19-4191-ad1b61c1e7b9, NVIDIA A100-SXM4-40GB, 36871, 40960, 30, 123.41, 30
nid001125,2026/05/02 02:21:41.161, 0, GPU-5ce6f291-9076-a589-a43c-c0632b050e8a, NVIDIA A100-SXM4-40GB, 34771, 40960, 0, 73.24, 31
nid001125,2026/05/02 02:21:41.164, 1, GPU-5ed9ba19-004a-b751-d755-ec7b68b19ca8, NVIDIA A100-SXM4-40GB, 34771, 40960, 0, 71.77, 30
nid001125,2026/05/02 02:21:41.165, 2, GPU-80d0401d-234d-1829-b81b-aa7261742f13, NVIDIA A100-SXM4-40GB, 36823, 40960, 26, 73.47, 33
nid001125,2026/05/02 02:21:41.167, 3, GPU-c6e625a8-e507-3a36-588a-be4edc0484f6, NVIDIA A100-SXM4-40GB, 35409, 40960, 29, 110.35, 31
nid001128,2026/05/02 02:21:42.260, 0, GPU-65cea835-1804-4e24-41a4-2217feb6db7f, NVIDIA A100-SXM4-40GB, 34883, 40960, 13, 75.90, 34
nid001128,2026/05/02 02:21:42.262, 1, GPU-e435914a-3f63-f23f-a341-e46a8d29f5ce, NVIDIA A100-SXM4-40GB, 36859, 40960, 32, 63.08, 31
nid001128,2026/05/02 02:21:42.264, 2, GPU-4e46ff65-1933-e621-0c36-86d6cd93881b, NVIDIA A100-SXM4-40GB, 36883, 40960, 26, 76.97, 33
nid001128,2026/05/02 02:21:42.265, 3, GPU-56e69d90-205e-8e19-4191-ad1b61c1e7b9, NVIDIA A100-SXM4-40GB, 36871, 40960, 29, 73.85, 30
nid001125,2026/05/02 02:21:45.297, 0, GPU-5ce6f291-9076-a589-a43c-c0632b050e8a, NVIDIA A100-SXM4-40GB, 34771, 40960, 0, 73.15, 31
nid001125,2026/05/02 02:21:45.300, 1, GPU-5ed9ba19-004a-b751-d755-ec7b68b19ca8, NVIDIA A100-SXM4-40GB, 34771, 40960, 0, 71.77, 30
nid001125,2026/05/02 02:21:45.301, 2, GPU-80d0401d-234d-1829-b81b-aa7261742f13, NVIDIA A100-SXM4-40GB, 36823, 40960, 33, 89.23, 34
nid001125,2026/05/02 02:21:45.303, 3, GPU-c6e625a8-e507-3a36-588a-be4edc0484f6, NVIDIA A100-SXM4-40GB, 35409, 40960, 26, 185.70, 34
nid001128,2026/05/02 02:21:46.336, 0, GPU-65cea835-1804-4e24-41a4-2217feb6db7f, NVIDIA A100-SXM4-40GB, 34883, 40960, 12, 75.61, 34
nid001128,2026/05/02 02:21:46.338, 1, GPU-e435914a-3f63-f23f-a341-e46a8d29f5ce, NVIDIA A100-SXM4-40GB, 36859, 40960, 25, 62.84, 31
nid001128,2026/05/02 02:21:46.340, 2, GPU-4e46ff65-1933-e621-0c36-86d6cd93881b, NVIDIA A100-SXM4-40GB, 36883, 40960, 25, 81.80, 34
nid001128,2026/05/02 02:21:46.342, 3, GPU-56e69d90-205e-8e19-4191-ad1b61c1e7b9, NVIDIA A100-SXM4-40GB, 36871, 40960, 25, 120.36, 31
nid001125,2026/05/02 02:21:49.441, 0, GPU-5ce6f291-9076-a589-a43c-c0632b050e8a, NVIDIA A100-SXM4-40GB, 34771, 40960, 0, 73.15, 31
nid001125,2026/05/02 02:21:49.444, 1, GPU-5ed9ba19-004a-b751-d755-ec7b68b19ca8, NVIDIA A100-SXM4-40GB, 34771, 40960, 0, 71.77, 30
nid001125,2026/05/02 02:21:49.445, 2, GPU-80d0401d-234d-1829-b81b-aa7261742f13, NVIDIA A100-SXM4-40GB, 36823, 40960, 27, 72.71, 33
nid001125,2026/05/02 02:21:49.448, 3, GPU-c6e625a8-e507-3a36-588a-be4edc0484f6, NVIDIA A100-SXM4-40GB, 35409, 40960, 32, 91.67, 32
nid001128,2026/05/02 02:21:50.509, 0, GPU-65cea835-1804-4e24-41a4-2217feb6db7f, NVIDIA A100-SXM4-40GB, 34883, 40960, 12, 90.91, 34
nid001128,2026/05/02 02:21:50.511, 1, GPU-e435914a-3f63-f23f-a341-e46a8d29f5ce, NVIDIA A100-SXM4-40GB, 36859, 40960, 27, 105.87, 31
nid001128,2026/05/02 02:21:50.514, 2, GPU-4e46ff65-1933-e621-0c36-86d6cd93881b, NVIDIA A100-SXM4-40GB, 36883, 40960, 26, 107.94, 33
nid001128,2026/05/02 02:21:50.516, 3, GPU-56e69d90-205e-8e19-4191-ad1b61c1e7b9, NVIDIA A100-SXM4-40GB, 36871, 40960, 26, 94.13, 30
nid001125,2026/05/02 02:21:53.629, 0, GPU-5ce6f291-9076-a589-a43c-c0632b050e8a, NVIDIA A100-SXM4-40GB, 34771, 40960, 0, 72.95, 31
nid001125,2026/05/02 02:21:53.632, 1, GPU-5ed9ba19-004a-b751-d755-ec7b68b19ca8, NVIDIA A100-SXM4-40GB, 34771, 40960, 0, 71.77, 30
nid001125,2026/05/02 02:21:53.633, 2, GPU-80d0401d-234d-1829-b81b-aa7261742f13, NVIDIA A100-SXM4-40GB, 36823, 40960, 33, 72.47, 33
nid001125,2026/05/02 02:21:53.635, 3, GPU-c6e625a8-e507-3a36-588a-be4edc0484f6, NVIDIA A100-SXM4-40GB, 35409, 40960, 27, 142.72, 32
nid001128,2026/05/02 02:21:54.704, 0, GPU-65cea835-1804-4e24-41a4-2217feb6db7f, NVIDIA A100-SXM4-40GB, 34883, 40960, 12, 131.73, 34
nid001128,2026/05/02 02:21:54.707, 1, GPU-e435914a-3f63-f23f-a341-e46a8d29f5ce, NVIDIA A100-SXM4-40GB, 36859, 40960, 25, 61.25, 31
nid001128,2026/05/02 02:21:54.710, 2, GPU-4e46ff65-1933-e621-0c36-86d6cd93881b, NVIDIA A100-SXM4-40GB, 36883, 40960, 34, 100.04, 33
nid001128,2026/05/02 02:21:54.712, 3, GPU-56e69d90-205e-8e19-4191-ad1b61c1e7b9, NVIDIA A100-SXM4-40GB, 36871, 40960, 34, 64.75, 30
nid001125,2026/05/02 02:21:57.807, 0, GPU-5ce6f291-9076-a589-a43c-c0632b050e8a, NVIDIA A100-SXM4-40GB, 34771, 40960, 0, 73.15, 31
nid001125,2026/05/02 02:21:57.815, 1, GPU-5ed9ba19-004a-b751-d755-ec7b68b19ca8, NVIDIA A100-SXM4-40GB, 34771, 40960, 0, 71.77, 30
nid001125,2026/05/02 02:21:57.819, 2, GPU-80d0401d-234d-1829-b81b-aa7261742f13, NVIDIA A100-SXM4-40GB, 36823, 40960, 26, 72.19, 33
nid001125,2026/05/02 02:21:57.821, 3, GPU-c6e625a8-e507-3a36-588a-be4edc0484f6, NVIDIA A100-SXM4-40GB, 35409, 40960, 28, 144.94, 31
nid001128,2026/05/02 02:21:58.880, 0, GPU-65cea835-1804-4e24-41a4-2217feb6db7f, NVIDIA A100-SXM4-40GB, 34883, 40960, 16, 77.33, 33
nid001128,2026/05/02 02:21:58.883, 1, GPU-e435914a-3f63-f23f-a341-e46a8d29f5ce, NVIDIA A100-SXM4-40GB, 36859, 40960, 30, 67.37, 31
nid001128,2026/05/02 02:21:58.884, 2, GPU-4e46ff65-1933-e621-0c36-86d6cd93881b, NVIDIA A100-SXM4-40GB, 36883, 40960, 26, 111.13, 33
nid001128,2026/05/02 02:21:58.886, 3, GPU-56e69d90-205e-8e19-4191-ad1b61c1e7b9, NVIDIA A100-SXM4-40GB, 36871, 40960, 26, 65.28, 30
nid001125,2026/05/02 02:22:02.005, 0, GPU-5ce6f291-9076-a589-a43c-c0632b050e8a, NVIDIA A100-SXM4-40GB, 34771, 40960, 0, 73.24, 31
nid001125,2026/05/02 02:22:02.007, 1, GPU-5ed9ba19-004a-b751-d755-ec7b68b19ca8, NVIDIA A100-SXM4-40GB, 34771, 40960, 0, 71.77, 30
nid001125,2026/05/02 02:22:02.009, 2, GPU-80d0401d-234d-1829-b81b-aa7261742f13, NVIDIA A100-SXM4-40GB, 36823, 40960, 31, 98.35, 33
nid001125,2026/05/02 02:22:02.011, 3, GPU-c6e625a8-e507-3a36-588a-be4edc0484f6, NVIDIA A100-SXM4-40GB, 35409, 40960, 26, 111.11, 31
nid001128,2026/05/02 02:22:03.117, 0, GPU-65cea835-1804-4e24-41a4-2217feb6db7f, NVIDIA A100-SXM4-40GB, 34883, 40960, 12, 84.24, 34
nid001128,2026/05/02 02:22:03.119, 1, GPU-e435914a-3f63-f23f-a341-e46a8d29f5ce, NVIDIA A100-SXM4-40GB, 36859, 40960, 25, 84.94, 31
nid001128,2026/05/02 02:22:03.122, 2, GPU-4e46ff65-1933-e621-0c36-86d6cd93881b, NVIDIA A100-SXM4-40GB, 36883, 40960, 33, 89.09, 33
nid001128,2026/05/02 02:22:03.129, 3, GPU-56e69d90-205e-8e19-4191-ad1b61c1e7b9, NVIDIA A100-SXM4-40GB, 36871, 40960, 28, 123.93, 30
nid001125,2026/05/02 02:22:06.241, 0, GPU-5ce6f291-9076-a589-a43c-c0632b050e8a, NVIDIA A100-SXM4-40GB, 34771, 40960, 0, 72.95, 31
nid001125,2026/05/02 02:22:06.246, 1, GPU-5ed9ba19-004a-b751-d755-ec7b68b19ca8, NVIDIA A100-SXM4-40GB, 34771, 40960, 0, 71.86, 30
nid001125,2026/05/02 02:22:06.252, 2, GPU-80d0401d-234d-1829-b81b-aa7261742f13, NVIDIA A100-SXM4-40GB, 36823, 40960, 26, 80.67, 33
nid001125,2026/05/02 02:22:06.260, 3, GPU-c6e625a8-e507-3a36-588a-be4edc0484f6, NVIDIA A100-SXM4-40GB, 35409, 40960, 34, 108.82, 32
nid001128,2026/05/02 02:22:07.448, 0, GPU-65cea835-1804-4e24-41a4-2217feb6db7f, NVIDIA A100-SXM4-40GB, 34883, 40960, 12, 101.92, 34
nid001128,2026/05/02 02:22:07.450, 1, GPU-e435914a-3f63-f23f-a341-e46a8d29f5ce, NVIDIA A100-SXM4-40GB, 36859, 40960, 25, 108.44, 31
nid001128,2026/05/02 02:22:07.453, 2, GPU-4e46ff65-1933-e621-0c36-86d6cd93881b, NVIDIA A100-SXM4-40GB, 36883, 40960, 26, 63.45, 33
nid001128,2026/05/02 02:22:07.455, 3, GPU-56e69d90-205e-8e19-4191-ad1b61c1e7b9, NVIDIA A100-SXM4-40GB, 36871, 40960, 25, 64.83, 30
nid001125,2026/05/02 02:22:10.648, 0, GPU-5ce6f291-9076-a589-a43c-c0632b050e8a, NVIDIA A100-SXM4-40GB, 34771, 40960, 0, 73.24, 31
nid001125,2026/05/02 02:22:10.658, 1, GPU-5ed9ba19-004a-b751-d755-ec7b68b19ca8, NVIDIA A100-SXM4-40GB, 34771, 40960, 0, 71.77, 30
nid001125,2026/05/02 02:22:10.664, 2, GPU-80d0401d-234d-1829-b81b-aa7261742f13, NVIDIA A100-SXM4-40GB, 36823, 40960, 32, 77.05, 33
nid001125,2026/05/02 02:22:10.665, 3, GPU-c6e625a8-e507-3a36-588a-be4edc0484f6, NVIDIA A100-SXM4-40GB, 35409, 40960, 31, 92.19, 31
nid001128,2026/05/02 02:22:11.807, 0, GPU-65cea835-1804-4e24-41a4-2217feb6db7f, NVIDIA A100-SXM4-40GB, 34883, 40960, 16, 75.61, 34
nid001128,2026/05/02 02:22:11.810, 1, GPU-e435914a-3f63-f23f-a341-e46a8d29f5ce, NVIDIA A100-SXM4-40GB, 36859, 40960, 25, 63.44, 31
nid001128,2026/05/02 02:22:11.812, 2, GPU-4e46ff65-1933-e621-0c36-86d6cd93881b, NVIDIA A100-SXM4-40GB, 36883, 40960, 26, 68.13, 33
nid001128,2026/05/02 02:22:11.813, 3, GPU-56e69d90-205e-8e19-4191-ad1b61c1e7b9, NVIDIA A100-SXM4-40GB, 36871, 40960, 26, 74.41, 31
nid001125,2026/05/02 02:22:14.894, 0, GPU-5ce6f291-9076-a589-a43c-c0632b050e8a, NVIDIA A100-SXM4-40GB, 34771, 40960, 0, 72.95, 31
nid001125,2026/05/02 02:22:14.897, 1, GPU-5ed9ba19-004a-b751-d755-ec7b68b19ca8, NVIDIA A100-SXM4-40GB, 34771, 40960, 0, 71.77, 30
nid001125,2026/05/02 02:22:14.898, 2, GPU-80d0401d-234d-1829-b81b-aa7261742f13, NVIDIA A100-SXM4-40GB, 36823, 40960, 26, 133.49, 33
nid001125,2026/05/02 02:22:14.900, 3, GPU-c6e625a8-e507-3a36-588a-be4edc0484f6, NVIDIA A100-SXM4-40GB, 35409, 40960, 27, 73.76, 32
nid001128,2026/05/02 02:22:15.999, 0, GPU-65cea835-1804-4e24-41a4-2217feb6db7f, NVIDIA A100-SXM4-40GB, 34883, 40960, 15, 107.70, 33
nid001128,2026/05/02 02:22:16.002, 1, GPU-e435914a-3f63-f23f-a341-e46a8d29f5ce, NVIDIA A100-SXM4-40GB, 36859, 40960, 31, 102.72, 31
nid001128,2026/05/02 02:22:16.004, 2, GPU-4e46ff65-1933-e621-0c36-86d6cd93881b, NVIDIA A100-SXM4-40GB, 36883, 40960, 29, 77.20, 33
nid001128,2026/05/02 02:22:16.006, 3, GPU-56e69d90-205e-8e19-4191-ad1b61c1e7b9, NVIDIA A100-SXM4-40GB, 36871, 40960, 30, 62.22, 30
nid001125,2026/05/02 02:22:19.139, 0, GPU-5ce6f291-9076-a589-a43c-c0632b050e8a, NVIDIA A100-SXM4-40GB, 34771, 40960, 0, 73.15, 31
nid001125,2026/05/02 02:22:19.142, 1, GPU-5ed9ba19-004a-b751-d755-ec7b68b19ca8, NVIDIA A100-SXM4-40GB, 34771, 40960, 0, 71.77, 30
nid001125,2026/05/02 02:22:19.143, 2, GPU-80d0401d-234d-1829-b81b-aa7261742f13, NVIDIA A100-SXM4-40GB, 36823, 40960, 33, 76.81, 33
nid001125,2026/05/02 02:22:19.151, 3, GPU-c6e625a8-e507-3a36-588a-be4edc0484f6, NVIDIA A100-SXM4-40GB, 35409, 40960, 32, 90.62, 31
nid001128,2026/05/02 02:22:20.277, 0, GPU-65cea835-1804-4e24-41a4-2217feb6db7f, NVIDIA A100-SXM4-40GB, 34883, 40960, 12, 94.72, 34
nid001128,2026/05/02 02:22:20.280, 1, GPU-e435914a-3f63-f23f-a341-e46a8d29f5ce, NVIDIA A100-SXM4-40GB, 36859, 40960, 28, 92.35, 31
nid001128,2026/05/02 02:22:20.281, 2, GPU-4e46ff65-1933-e621-0c36-86d6cd93881b, NVIDIA A100-SXM4-40GB, 36883, 40960, 27, 62.85, 33
nid001128,2026/05/02 02:22:20.283, 3, GPU-56e69d90-205e-8e19-4191-ad1b61c1e7b9, NVIDIA A100-SXM4-40GB, 36871, 40960, 27, 78.95, 30
nid001125,2026/05/02 02:22:23.434, 0, GPU-5ce6f291-9076-a589-a43c-c0632b050e8a, NVIDIA A100-SXM4-40GB, 34771, 40960, 0, 73.24, 31
nid001125,2026/05/02 02:22:23.436, 1, GPU-5ed9ba19-004a-b751-d755-ec7b68b19ca8, NVIDIA A100-SXM4-40GB, 34771, 40960, 0, 71.77, 30
nid001125,2026/05/02 02:22:23.438, 2, GPU-80d0401d-234d-1829-b81b-aa7261742f13, NVIDIA A100-SXM4-40GB, 36823, 40960, 28, 119.98, 33
nid001125,2026/05/02 02:22:23.440, 3, GPU-c6e625a8-e507-3a36-588a-be4edc0484f6, NVIDIA A100-SXM4-40GB, 35409, 40960, 30, 87.29, 32
nid001128,2026/05/02 02:22:24.546, 0, GPU-65cea835-1804-4e24-41a4-2217feb6db7f, NVIDIA A100-SXM4-40GB, 34883, 40960, 12, 76.28, 34
nid001128,2026/05/02 02:22:24.548, 1, GPU-e435914a-3f63-f23f-a341-e46a8d29f5ce, NVIDIA A100-SXM4-40GB, 36859, 40960, 27, 63.60, 31
nid001128,2026/05/02 02:22:24.550, 2, GPU-4e46ff65-1933-e621-0c36-86d6cd93881b, NVIDIA A100-SXM4-40GB, 36883, 40960, 26, 83.51, 33
nid001128,2026/05/02 02:22:24.553, 3, GPU-56e69d90-205e-8e19-4191-ad1b61c1e7b9, NVIDIA A100-SXM4-40GB, 36871, 40960, 26, 62.99, 31
nid001125,2026/05/02 02:22:27.678, 0, GPU-5ce6f291-9076-a589-a43c-c0632b050e8a, NVIDIA A100-SXM4-40GB, 34771, 40960, 0, 73.24, 31
nid001125,2026/05/02 02:22:27.680, 1, GPU-5ed9ba19-004a-b751-d755-ec7b68b19ca8, NVIDIA A100-SXM4-40GB, 34771, 40960, 0, 71.77, 30
nid001125,2026/05/02 02:22:27.682, 2, GPU-80d0401d-234d-1829-b81b-aa7261742f13, NVIDIA A100-SXM4-40GB, 36823, 40960, 28, 106.12, 33
nid001125,2026/05/02 02:22:27.683, 3, GPU-c6e625a8-e507-3a36-588a-be4edc0484f6, NVIDIA A100-SXM4-40GB, 35409, 40960, 27, 75.00, 31
nid001128,2026/05/02 02:22:28.770, 0, GPU-65cea835-1804-4e24-41a4-2217feb6db7f, NVIDIA A100-SXM4-40GB, 34883, 40960, 12, 124.46, 34
nid001128,2026/05/02 02:22:28.772, 1, GPU-e435914a-3f63-f23f-a341-e46a8d29f5ce, NVIDIA A100-SXM4-40GB, 36859, 40960, 25, 70.93, 31
nid001128,2026/05/02 02:22:28.774, 2, GPU-4e46ff65-1933-e621-0c36-86d6cd93881b, NVIDIA A100-SXM4-40GB, 36883, 40960, 33, 68.53, 33
nid001128,2026/05/02 02:22:28.777, 3, GPU-56e69d90-205e-8e19-4191-ad1b61c1e7b9, NVIDIA A100-SXM4-40GB, 36871, 40960, 34, 120.98, 30
nid001125,2026/05/02 02:22:31.812, 0, GPU-5ce6f291-9076-a589-a43c-c0632b050e8a, NVIDIA A100-SXM4-40GB, 34771, 40960, 0, 72.86, 31
nid001125,2026/05/02 02:22:31.814, 1, GPU-5ed9ba19-004a-b751-d755-ec7b68b19ca8, NVIDIA A100-SXM4-40GB, 34771, 40960, 0, 71.77, 30
nid001125,2026/05/02 02:22:31.816, 2, GPU-80d0401d-234d-1829-b81b-aa7261742f13, NVIDIA A100-SXM4-40GB, 36823, 40960, 29, 136.06, 33
nid001125,2026/05/02 02:22:31.817, 3, GPU-c6e625a8-e507-3a36-588a-be4edc0484f6, NVIDIA A100-SXM4-40GB, 35409, 40960, 32, 74.00, 31
nid001128,2026/05/02 02:22:32.951, 0, GPU-65cea835-1804-4e24-41a4-2217feb6db7f, NVIDIA A100-SXM4-40GB, 34883, 40960, 15, 76.81, 34
nid001128,2026/05/02 02:22:32.958, 1, GPU-e435914a-3f63-f23f-a341-e46a8d29f5ce, NVIDIA A100-SXM4-40GB, 36859, 40960, 25, 66.09, 31
nid001128,2026/05/02 02:22:32.965, 2, GPU-4e46ff65-1933-e621-0c36-86d6cd93881b, NVIDIA A100-SXM4-40GB, 36883, 40960, 34, 63.14, 33
nid001128,2026/05/02 02:22:32.973, 3, GPU-56e69d90-205e-8e19-4191-ad1b61c1e7b9, NVIDIA A100-SXM4-40GB, 36871, 40960, 27, 80.48, 30
nid001125,2026/05/02 02:22:36.052, 0, GPU-5ce6f291-9076-a589-a43c-c0632b050e8a, NVIDIA A100-SXM4-40GB, 34771, 40960, 0, 73.15, 31
nid001125,2026/05/02 02:22:36.055, 1, GPU-5ed9ba19-004a-b751-d755-ec7b68b19ca8, NVIDIA A100-SXM4-40GB, 34771, 40960, 0, 71.69, 30
nid001125,2026/05/02 02:22:36.057, 2, GPU-80d0401d-234d-1829-b81b-aa7261742f13, NVIDIA A100-SXM4-40GB, 36823, 40960, 25, 140.51, 35
nid001125,2026/05/02 02:22:36.060, 3, GPU-c6e625a8-e507-3a36-588a-be4edc0484f6, NVIDIA A100-SXM4-40GB, 35409, 40960, 27, 151.43, 34
nid001128,2026/05/02 02:22:37.136, 0, GPU-65cea835-1804-4e24-41a4-2217feb6db7f, NVIDIA A100-SXM4-40GB, 34883, 40960, 12, 79.38, 34
nid001128,2026/05/02 02:22:37.138, 1, GPU-e435914a-3f63-f23f-a341-e46a8d29f5ce, NVIDIA A100-SXM4-40GB, 36859, 40960, 25, 71.17, 31
nid001128,2026/05/02 02:22:37.141, 2, GPU-4e46ff65-1933-e621-0c36-86d6cd93881b, NVIDIA A100-SXM4-40GB, 36883, 40960, 29, 110.45, 34
nid001128,2026/05/02 02:22:37.142, 3, GPU-56e69d90-205e-8e19-4191-ad1b61c1e7b9, NVIDIA A100-SXM4-40GB, 36871, 40960, 30, 65.56, 31
nid001125,2026/05/02 02:22:40.238, 0, GPU-5ce6f291-9076-a589-a43c-c0632b050e8a, NVIDIA A100-SXM4-40GB, 34771, 40960, 0, 72.86, 31
nid001125,2026/05/02 02:22:40.240, 1, GPU-5ed9ba19-004a-b751-d755-ec7b68b19ca8, NVIDIA A100-SXM4-40GB, 34771, 40960, 0, 71.77, 30
nid001125,2026/05/02 02:22:40.242, 2, GPU-80d0401d-234d-1829-b81b-aa7261742f13, NVIDIA A100-SXM4-40GB, 36823, 40960, 26, 77.05, 33
nid001125,2026/05/02 02:22:40.244, 3, GPU-c6e625a8-e507-3a36-588a-be4edc0484f6, NVIDIA A100-SXM4-40GB, 35409, 40960, 26, 96.77, 31
nid001128,2026/05/02 02:22:41.295, 0, GPU-65cea835-1804-4e24-41a4-2217feb6db7f, NVIDIA A100-SXM4-40GB, 34883, 40960, 15, 77.42, 34
nid001128,2026/05/02 02:22:41.298, 1, GPU-e435914a-3f63-f23f-a341-e46a8d29f5ce, NVIDIA A100-SXM4-40GB, 36859, 40960, 31, 65.64, 31
nid001128,2026/05/02 02:22:41.300, 2, GPU-4e46ff65-1933-e621-0c36-86d6cd93881b, NVIDIA A100-SXM4-40GB, 36883, 40960, 26, 85.88, 33
nid001128,2026/05/02 02:22:41.302, 3, GPU-56e69d90-205e-8e19-4191-ad1b61c1e7b9, NVIDIA A100-SXM4-40GB, 36871, 40960, 26, 63.23, 30
nid001125,2026/05/02 02:22:44.456, 0, GPU-5ce6f291-9076-a589-a43c-c0632b050e8a, NVIDIA A100-SXM4-40GB, 34771, 40960, 0, 72.95, 31
nid001125,2026/05/02 02:22:44.459, 1, GPU-5ed9ba19-004a-b751-d755-ec7b68b19ca8, NVIDIA A100-SXM4-40GB, 34771, 40960, 0, 71.77, 30
nid001125,2026/05/02 02:22:44.460, 2, GPU-80d0401d-234d-1829-b81b-aa7261742f13, NVIDIA A100-SXM4-40GB, 36823, 40960, 26, 92.57, 33
nid001125,2026/05/02 02:22:44.462, 3, GPU-c6e625a8-e507-3a36-588a-be4edc0484f6, NVIDIA A100-SXM4-40GB, 35409, 40960, 31, 129.07, 31
nid001128,2026/05/02 02:22:45.568, 0, GPU-65cea835-1804-4e24-41a4-2217feb6db7f, NVIDIA A100-SXM4-40GB, 34883, 40960, 16, 84.66, 33
nid001128,2026/05/02 02:22:45.570, 1, GPU-e435914a-3f63-f23f-a341-e46a8d29f5ce, NVIDIA A100-SXM4-40GB, 36859, 40960, 29, 76.01, 31
nid001128,2026/05/02 02:22:45.572, 2, GPU-4e46ff65-1933-e621-0c36-86d6cd93881b, NVIDIA A100-SXM4-40GB, 36883, 40960, 26, 65.72, 33
nid001128,2026/05/02 02:22:45.574, 3, GPU-56e69d90-205e-8e19-4191-ad1b61c1e7b9, NVIDIA A100-SXM4-40GB, 36871, 40960, 27, 103.85, 30
nid001125,2026/05/02 02:22:48.639, 0, GPU-5ce6f291-9076-a589-a43c-c0632b050e8a, NVIDIA A100-SXM4-40GB, 34771, 40960, 0, 73.24, 31
nid001125,2026/05/02 02:22:48.642, 1, GPU-5ed9ba19-004a-b751-d755-ec7b68b19ca8, NVIDIA A100-SXM4-40GB, 34771, 40960, 0, 71.77, 30
nid001125,2026/05/02 02:22:48.643, 2, GPU-80d0401d-234d-1829-b81b-aa7261742f13, NVIDIA A100-SXM4-40GB, 36823, 40960, 28, 85.24, 33
nid001125,2026/05/02 02:22:48.645, 3, GPU-c6e625a8-e507-3a36-588a-be4edc0484f6, NVIDIA A100-SXM4-40GB, 35409, 40960, 26, 73.47, 31
nid001128,2026/05/02 02:22:49.694, 0, GPU-65cea835-1804-4e24-41a4-2217feb6db7f, NVIDIA A100-SXM4-40GB, 34883, 40960, 12, 80.90, 33
nid001128,2026/05/02 02:22:49.696, 1, GPU-e435914a-3f63-f23f-a341-e46a8d29f5ce, NVIDIA A100-SXM4-40GB, 36859, 40960, 25, 71.17, 31
nid001128,2026/05/02 02:22:49.698, 2, GPU-4e46ff65-1933-e621-0c36-86d6cd93881b, NVIDIA A100-SXM4-40GB, 36883, 40960, 33, 64.44, 33
nid001128,2026/05/02 02:22:49.704, 3, GPU-56e69d90-205e-8e19-4191-ad1b61c1e7b9, NVIDIA A100-SXM4-40GB, 36871, 40960, 29, 92.96, 30
nid001125,2026/05/02 02:22:52.732, 0, GPU-5ce6f291-9076-a589-a43c-c0632b050e8a, NVIDIA A100-SXM4-40GB, 34771, 40960, 0, 73.24, 31
nid001125,2026/05/02 02:22:52.735, 1, GPU-5ed9ba19-004a-b751-d755-ec7b68b19ca8, NVIDIA A100-SXM4-40GB, 34771, 40960, 0, 71.77, 30
nid001125,2026/05/02 02:22:52.736, 2, GPU-80d0401d-234d-1829-b81b-aa7261742f13, NVIDIA A100-SXM4-40GB, 36823, 40960, 31, 72.95, 33
nid001125,2026/05/02 02:22:52.738, 3, GPU-c6e625a8-e507-3a36-588a-be4edc0484f6, NVIDIA A100-SXM4-40GB, 35409, 40960, 35, 77.85, 31
nid001128,2026/05/02 02:22:53.828, 0, GPU-65cea835-1804-4e24-41a4-2217feb6db7f, NVIDIA A100-SXM4-40GB, 34883, 40960, 16, 81.95, 34
nid001128,2026/05/02 02:22:53.830, 1, GPU-e435914a-3f63-f23f-a341-e46a8d29f5ce, NVIDIA A100-SXM4-40GB, 36859, 40960, 25, 71.02, 31
nid001128,2026/05/02 02:22:53.832, 2, GPU-4e46ff65-1933-e621-0c36-86d6cd93881b, NVIDIA A100-SXM4-40GB, 36883, 40960, 26, 64.66, 33
nid001128,2026/05/02 02:22:53.834, 3, GPU-56e69d90-205e-8e19-4191-ad1b61c1e7b9, NVIDIA A100-SXM4-40GB, 36871, 40960, 26, 67.41, 30
nid001125,2026/05/02 02:22:56.885, 0, GPU-5ce6f291-9076-a589-a43c-c0632b050e8a, NVIDIA A100-SXM4-40GB, 34771, 40960, 0, 72.95, 31
nid001125,2026/05/02 02:22:56.887, 1, GPU-5ed9ba19-004a-b751-d755-ec7b68b19ca8, NVIDIA A100-SXM4-40GB, 34771, 40960, 0, 71.77, 30
nid001125,2026/05/02 02:22:56.889, 2, GPU-80d0401d-234d-1829-b81b-aa7261742f13, NVIDIA A100-SXM4-40GB, 36823, 40960, 30, 82.96, 33
nid001125,2026/05/02 02:22:56.890, 3, GPU-c6e625a8-e507-3a36-588a-be4edc0484f6, NVIDIA A100-SXM4-40GB, 35409, 40960, 26, 97.82, 32
nid001128,2026/05/02 02:22:57.988, 0, GPU-65cea835-1804-4e24-41a4-2217feb6db7f, NVIDIA A100-SXM4-40GB, 34883, 40960, 12, 81.00, 34
nid001128,2026/05/02 02:22:57.990, 1, GPU-e435914a-3f63-f23f-a341-e46a8d29f5ce, NVIDIA A100-SXM4-40GB, 36859, 40960, 26, 70.49, 31
nid001128,2026/05/02 02:22:57.992, 2, GPU-4e46ff65-1933-e621-0c36-86d6cd93881b, NVIDIA A100-SXM4-40GB, 36883, 40960, 26, 64.44, 33
nid001128,2026/05/02 02:22:57.993, 3, GPU-56e69d90-205e-8e19-4191-ad1b61c1e7b9, NVIDIA A100-SXM4-40GB, 36871, 40960, 33, 95.12, 30
nid001125,2026/05/02 02:23:01.120, 0, GPU-5ce6f291-9076-a589-a43c-c0632b050e8a, NVIDIA A100-SXM4-40GB, 34771, 40960, 0, 73.24, 31
nid001125,2026/05/02 02:23:01.122, 1, GPU-5ed9ba19-004a-b751-d755-ec7b68b19ca8, NVIDIA A100-SXM4-40GB, 34771, 40960, 0, 71.77, 30
nid001125,2026/05/02 02:23:01.124, 2, GPU-80d0401d-234d-1829-b81b-aa7261742f13, NVIDIA A100-SXM4-40GB, 36823, 40960, 26, 125.83, 33
nid001125,2026/05/02 02:23:01.125, 3, GPU-c6e625a8-e507-3a36-588a-be4edc0484f6, NVIDIA A100-SXM4-40GB, 35409, 40960, 29, 73.76, 31
nid001128,2026/05/02 02:23:02.200, 0, GPU-65cea835-1804-4e24-41a4-2217feb6db7f, NVIDIA A100-SXM4-40GB, 34883, 40960, 16, 134.70, 34
nid001128,2026/05/02 02:23:02.202, 1, GPU-e435914a-3f63-f23f-a341-e46a8d29f5ce, NVIDIA A100-SXM4-40GB, 36859, 40960, 28, 130.38, 31
nid001128,2026/05/02 02:23:02.204, 2, GPU-4e46ff65-1933-e621-0c36-86d6cd93881b, NVIDIA A100-SXM4-40GB, 36883, 40960, 26, 92.89, 33
nid001128,2026/05/02 02:23:02.205, 3, GPU-56e69d90-205e-8e19-4191-ad1b61c1e7b9, NVIDIA A100-SXM4-40GB, 36871, 40960, 26, 118.69, 30
nid001125,2026/05/02 02:23:05.270, 0, GPU-5ce6f291-9076-a589-a43c-c0632b050e8a, NVIDIA A100-SXM4-40GB, 34771, 40960, 0, 73.15, 31
nid001125,2026/05/02 02:23:05.277, 1, GPU-5ed9ba19-004a-b751-d755-ec7b68b19ca8, NVIDIA A100-SXM4-40GB, 34771, 40960, 0, 71.77, 30
nid001125,2026/05/02 02:23:05.284, 2, GPU-80d0401d-234d-1829-b81b-aa7261742f13, NVIDIA A100-SXM4-40GB, 36823, 40960, 33, 82.96, 33
nid001125,2026/05/02 02:23:05.285, 3, GPU-c6e625a8-e507-3a36-588a-be4edc0484f6, NVIDIA A100-SXM4-40GB, 35409, 40960, 29, 74.52, 31
nid001128,2026/05/02 02:23:06.354, 0, GPU-65cea835-1804-4e24-41a4-2217feb6db7f, NVIDIA A100-SXM4-40GB, 34883, 40960, 12, 119.07, 34
nid001128,2026/05/02 02:23:06.357, 1, GPU-e435914a-3f63-f23f-a341-e46a8d29f5ce, NVIDIA A100-SXM4-40GB, 36859, 40960, 25, 92.63, 31
nid001128,2026/05/02 02:23:06.358, 2, GPU-4e46ff65-1933-e621-0c36-86d6cd93881b, NVIDIA A100-SXM4-40GB, 36883, 40960, 29, 110.45, 33
nid001128,2026/05/02 02:23:06.360, 3, GPU-56e69d90-205e-8e19-4191-ad1b61c1e7b9, NVIDIA A100-SXM4-40GB, 36871, 40960, 30, 99.63, 30
nid001125,2026/05/02 02:23:09.569, 0, GPU-5ce6f291-9076-a589-a43c-c0632b050e8a, NVIDIA A100-SXM4-40GB, 34771, 40960, 0, 73.15, 31
nid001125,2026/05/02 02:23:09.579, 1, GPU-5ed9ba19-004a-b751-d755-ec7b68b19ca8, NVIDIA A100-SXM4-40GB, 34771, 40960, 0, 71.77, 30
nid001125,2026/05/02 02:23:09.586, 2, GPU-80d0401d-234d-1829-b81b-aa7261742f13, NVIDIA A100-SXM4-40GB, 36823, 40960, 28, 128.16, 33
nid001125,2026/05/02 02:23:09.593, 3, GPU-c6e625a8-e507-3a36-588a-be4edc0484f6, NVIDIA A100-SXM4-40GB, 35409, 40960, 27, 110.87, 31
nid001128,2026/05/02 02:23:10.678, 0, GPU-65cea835-1804-4e24-41a4-2217feb6db7f, NVIDIA A100-SXM4-40GB, 34883, 40960, 16, 123.93, 34
nid001128,2026/05/02 02:23:10.680, 1, GPU-e435914a-3f63-f23f-a341-e46a8d29f5ce, NVIDIA A100-SXM4-40GB, 36859, 40960, 27, 118.41, 31
nid001128,2026/05/02 02:23:10.682, 2, GPU-4e46ff65-1933-e621-0c36-86d6cd93881b, NVIDIA A100-SXM4-40GB, 36883, 40960, 26, 65.72, 33
nid001128,2026/05/02 02:23:10.683, 3, GPU-56e69d90-205e-8e19-4191-ad1b61c1e7b9, NVIDIA A100-SXM4-40GB, 36871, 40960, 26, 62.99, 30
nid001125,2026/05/02 02:23:13.773, 0, GPU-5ce6f291-9076-a589-a43c-c0632b050e8a, NVIDIA A100-SXM4-40GB, 34771, 40960, 0, 73.15, 31
nid001125,2026/05/02 02:23:13.775, 1, GPU-5ed9ba19-004a-b751-d755-ec7b68b19ca8, NVIDIA A100-SXM4-40GB, 34771, 40960, 0, 71.77, 30
nid001125,2026/05/02 02:23:13.781, 2, GPU-80d0401d-234d-1829-b81b-aa7261742f13, NVIDIA A100-SXM4-40GB, 36823, 40960, 30, 79.62, 33
nid001125,2026/05/02 02:23:13.783, 3, GPU-c6e625a8-e507-3a36-588a-be4edc0484f6, NVIDIA A100-SXM4-40GB, 35409, 40960, 27, 75.00, 31
nid001128,2026/05/02 02:23:14.862, 0, GPU-65cea835-1804-4e24-41a4-2217feb6db7f, NVIDIA A100-SXM4-40GB, 34883, 40960, 12, 81.14, 33
nid001128,2026/05/02 02:23:14.864, 1, GPU-e435914a-3f63-f23f-a341-e46a8d29f5ce, NVIDIA A100-SXM4-40GB, 36859, 40960, 25, 67.37, 31
nid001128,2026/05/02 02:23:14.867, 2, GPU-4e46ff65-1933-e621-0c36-86d6cd93881b, NVIDIA A100-SXM4-40GB, 36883, 40960, 26, 124.47, 33
nid001128,2026/05/02 02:23:14.869, 3, GPU-56e69d90-205e-8e19-4191-ad1b61c1e7b9, NVIDIA A100-SXM4-40GB, 36871, 40960, 26, 69.14, 30
nid001125,2026/05/02 02:23:18.008, 0, GPU-5ce6f291-9076-a589-a43c-c0632b050e8a, NVIDIA A100-SXM4-40GB, 34771, 40960, 0, 73.15, 31
nid001125,2026/05/02 02:23:18.011, 1, GPU-5ed9ba19-004a-b751-d755-ec7b68b19ca8, NVIDIA A100-SXM4-40GB, 34771, 40960, 0, 71.77, 30
nid001125,2026/05/02 02:23:18.012, 2, GPU-80d0401d-234d-1829-b81b-aa7261742f13, NVIDIA A100-SXM4-40GB, 36823, 40960, 26, 94.61, 33
nid001125,2026/05/02 02:23:18.014, 3, GPU-c6e625a8-e507-3a36-588a-be4edc0484f6, NVIDIA A100-SXM4-40GB, 35409, 40960, 31, 121.36, 31
nid001128,2026/05/02 02:23:19.099, 0, GPU-65cea835-1804-4e24-41a4-2217feb6db7f, NVIDIA A100-SXM4-40GB, 34883, 40960, 12, 91.15, 34
nid001128,2026/05/02 02:23:19.102, 1, GPU-e435914a-3f63-f23f-a341-e46a8d29f5ce, NVIDIA A100-SXM4-40GB, 36859, 40960, 26, 78.81, 31
nid001128,2026/05/02 02:23:19.103, 2, GPU-4e46ff65-1933-e621-0c36-86d6cd93881b, NVIDIA A100-SXM4-40GB, 36883, 40960, 33, 120.17, 33
nid001128,2026/05/02 02:23:19.108, 3, GPU-56e69d90-205e-8e19-4191-ad1b61c1e7b9, NVIDIA A100-SXM4-40GB, 36871, 40960, 31, 107.17, 30
nid001125,2026/05/02 02:23:22.150, 0, GPU-5ce6f291-9076-a589-a43c-c0632b050e8a, NVIDIA A100-SXM4-40GB, 34771, 40960, 0, 73.15, 31
nid001125,2026/05/02 02:23:22.152, 1, GPU-5ed9ba19-004a-b751-d755-ec7b68b19ca8, NVIDIA A100-SXM4-40GB, 34771, 40960, 0, 71.69, 30
nid001125,2026/05/02 02:23:22.154, 2, GPU-80d0401d-234d-1829-b81b-aa7261742f13, NVIDIA A100-SXM4-40GB, 36823, 40960, 25, 137.71, 35
nid001125,2026/05/02 02:23:22.155, 3, GPU-c6e625a8-e507-3a36-588a-be4edc0484f6, NVIDIA A100-SXM4-40GB, 35409, 40960, 26, 175.47, 34
nid001128,2026/05/02 02:23:23.225, 0, GPU-65cea835-1804-4e24-41a4-2217feb6db7f, NVIDIA A100-SXM4-40GB, 34883, 40960, 12, 79.62, 34
nid001128,2026/05/02 02:23:23.228, 1, GPU-e435914a-3f63-f23f-a341-e46a8d29f5ce, NVIDIA A100-SXM4-40GB, 36859, 40960, 25, 64.89, 31
nid001128,2026/05/02 02:23:23.229, 2, GPU-4e46ff65-1933-e621-0c36-86d6cd93881b, NVIDIA A100-SXM4-40GB, 36883, 40960, 32, 65.49, 33
nid001128,2026/05/02 02:23:23.231, 3, GPU-56e69d90-205e-8e19-4191-ad1b61c1e7b9, NVIDIA A100-SXM4-40GB, 36871, 40960, 34, 70.14, 31
nid001125,2026/05/02 02:23:26.335, 0, GPU-5ce6f291-9076-a589-a43c-c0632b050e8a, NVIDIA A100-SXM4-40GB, 34771, 40960, 0, 73.15, 31
nid001125,2026/05/02 02:23:26.337, 1, GPU-5ed9ba19-004a-b751-d755-ec7b68b19ca8, NVIDIA A100-SXM4-40GB, 34771, 40960, 0, 71.77, 30
nid001125,2026/05/02 02:23:26.339, 2, GPU-80d0401d-234d-1829-b81b-aa7261742f13, NVIDIA A100-SXM4-40GB, 36823, 40960, 26, 82.19, 33
nid001125,2026/05/02 02:23:26.340, 3, GPU-c6e625a8-e507-3a36-588a-be4edc0484f6, NVIDIA A100-SXM4-40GB, 35409, 40960, 27, 86.81, 31
nid001128,2026/05/02 02:23:27.423, 0, GPU-65cea835-1804-4e24-41a4-2217feb6db7f, NVIDIA A100-SXM4-40GB, 34883, 40960, 16, 106.65, 34
nid001128,2026/05/02 02:23:27.425, 1, GPU-e435914a-3f63-f23f-a341-e46a8d29f5ce, NVIDIA A100-SXM4-40GB, 36859, 40960, 32, 65.33, 31
nid001128,2026/05/02 02:23:27.427, 2, GPU-4e46ff65-1933-e621-0c36-86d6cd93881b, NVIDIA A100-SXM4-40GB, 36883, 40960, 26, 81.19, 33
nid001128,2026/05/02 02:23:27.428, 3, GPU-56e69d90-205e-8e19-4191-ad1b61c1e7b9, NVIDIA A100-SXM4-40GB, 36871, 40960, 26, 88.10, 30
nid001125,2026/05/02 02:23:30.501, 0, GPU-5ce6f291-9076-a589-a43c-c0632b050e8a, NVIDIA A100-SXM4-40GB, 34771, 40960, 0, 73.15, 31
nid001125,2026/05/02 02:23:30.508, 1, GPU-5ed9ba19-004a-b751-d755-ec7b68b19ca8, NVIDIA A100-SXM4-40GB, 34771, 40960, 0, 71.77, 30
nid001125,2026/05/02 02:23:30.513, 2, GPU-80d0401d-234d-1829-b81b-aa7261742f13, NVIDIA A100-SXM4-40GB, 36823, 40960, 28, 99.22, 33
nid001125,2026/05/02 02:23:30.519, 3, GPU-c6e625a8-e507-3a36-588a-be4edc0484f6, NVIDIA A100-SXM4-40GB, 35409, 40960, 31, 107.54, 31
nid001128,2026/05/02 02:23:31.596, 0, GPU-65cea835-1804-4e24-41a4-2217feb6db7f, NVIDIA A100-SXM4-40GB, 34883, 40960, 12, 91.56, 34
nid001128,2026/05/02 02:23:31.598, 1, GPU-e435914a-3f63-f23f-a341-e46a8d29f5ce, NVIDIA A100-SXM4-40GB, 36859, 40960, 26, 75.25, 31
nid001128,2026/05/02 02:23:31.600, 2, GPU-4e46ff65-1933-e621-0c36-86d6cd93881b, NVIDIA A100-SXM4-40GB, 36883, 40960, 33, 63.14, 33
nid001128,2026/05/02 02:23:31.602, 3, GPU-56e69d90-205e-8e19-4191-ad1b61c1e7b9, NVIDIA A100-SXM4-40GB, 36871, 40960, 30, 131.97, 31
nid001125,2026/05/02 02:23:34.659, 0, GPU-5ce6f291-9076-a589-a43c-c0632b050e8a, NVIDIA A100-SXM4-40GB, 34771, 40960, 0, 73.15, 31
nid001125,2026/05/02 02:23:34.662, 1, GPU-5ed9ba19-004a-b751-d755-ec7b68b19ca8, NVIDIA A100-SXM4-40GB, 34771, 40960, 0, 71.77, 30
nid001125,2026/05/02 02:23:34.663, 2, GPU-80d0401d-234d-1829-b81b-aa7261742f13, NVIDIA A100-SXM4-40GB, 36823, 40960, 25, 101.56, 33
nid001125,2026/05/02 02:23:34.666, 3, GPU-c6e625a8-e507-3a36-588a-be4edc0484f6, NVIDIA A100-SXM4-40GB, 35409, 40960, 27, 108.59, 32
nid001128,2026/05/02 02:23:35.738, 0, GPU-65cea835-1804-4e24-41a4-2217feb6db7f, NVIDIA A100-SXM4-40GB, 34883, 40960, 16, 98.23, 34
nid001128,2026/05/02 02:23:35.740, 1, GPU-e435914a-3f63-f23f-a341-e46a8d29f5ce, NVIDIA A100-SXM4-40GB, 36859, 40960, 25, 79.34, 31
nid001128,2026/05/02 02:23:35.742, 2, GPU-4e46ff65-1933-e621-0c36-86d6cd93881b, NVIDIA A100-SXM4-40GB, 36883, 40960, 26, 71.37, 33
nid001128,2026/05/02 02:23:35.744, 3, GPU-56e69d90-205e-8e19-4191-ad1b61c1e7b9, NVIDIA A100-SXM4-40GB, 36871, 40960, 26, 74.85, 30
nid001125,2026/05/02 02:23:38.885, 0, GPU-5ce6f291-9076-a589-a43c-c0632b050e8a, NVIDIA A100-SXM4-40GB, 34771, 40960, 0, 73.15, 31
nid001125,2026/05/02 02:23:38.887, 1, GPU-5ed9ba19-004a-b751-d755-ec7b68b19ca8, NVIDIA A100-SXM4-40GB, 34771, 40960, 0, 71.77, 30
nid001125,2026/05/02 02:23:38.889, 2, GPU-80d0401d-234d-1829-b81b-aa7261742f13, NVIDIA A100-SXM4-40GB, 36823, 40960, 29, 71.42, 33
nid001125,2026/05/02 02:23:38.890, 3, GPU-c6e625a8-e507-3a36-588a-be4edc0484f6, NVIDIA A100-SXM4-40GB, 35409, 40960, 31, 73.76, 31
nid001128,2026/05/02 02:23:39.940, 0, GPU-65cea835-1804-4e24-41a4-2217feb6db7f, NVIDIA A100-SXM4-40GB, 34883, 40960, 12, 94.72, 34
nid001128,2026/05/02 02:23:39.943, 1, GPU-e435914a-3f63-f23f-a341-e46a8d29f5ce, NVIDIA A100-SXM4-40GB, 36859, 40960, 25, 75.86, 31
nid001128,2026/05/02 02:23:39.944, 2, GPU-4e46ff65-1933-e621-0c36-86d6cd93881b, NVIDIA A100-SXM4-40GB, 36883, 40960, 34, 114.81, 33
nid001128,2026/05/02 02:23:39.946, 3, GPU-56e69d90-205e-8e19-4191-ad1b61c1e7b9, NVIDIA A100-SXM4-40GB, 36871, 40960, 31, 126.26, 30
nid001125,2026/05/02 02:23:43.053, 0, GPU-5ce6f291-9076-a589-a43c-c0632b050e8a, NVIDIA A100-SXM4-40GB, 34771, 40960, 0, 73.24, 31
nid001125,2026/05/02 02:23:43.056, 1, GPU-5ed9ba19-004a-b751-d755-ec7b68b19ca8, NVIDIA A100-SXM4-40GB, 34771, 40960, 0, 71.86, 30
nid001125,2026/05/02 02:23:43.058, 2, GPU-80d0401d-234d-1829-b81b-aa7261742f13, NVIDIA A100-SXM4-40GB, 36823, 40960, 29, 71.42, 33
nid001125,2026/05/02 02:23:43.060, 3, GPU-c6e625a8-e507-3a36-588a-be4edc0484f6, NVIDIA A100-SXM4-40GB, 35409, 40960, 29, 73.76, 32
nid001128,2026/05/02 02:23:44.134, 0, GPU-65cea835-1804-4e24-41a4-2217feb6db7f, NVIDIA A100-SXM4-40GB, 34883, 40960, 16, 81.00, 34
nid001128,2026/05/02 02:23:44.137, 1, GPU-e435914a-3f63-f23f-a341-e46a8d29f5ce, NVIDIA A100-SXM4-40GB, 36859, 40960, 25, 121.07, 31
nid001128,2026/05/02 02:23:44.139, 2, GPU-4e46ff65-1933-e621-0c36-86d6cd93881b, NVIDIA A100-SXM4-40GB, 36883, 40960, 26, 108.83, 33
nid001128,2026/05/02 02:23:44.141, 3, GPU-56e69d90-205e-8e19-4191-ad1b61c1e7b9, NVIDIA A100-SXM4-40GB, 36871, 40960, 28, 64.35, 30
nid001125,2026/05/02 02:23:47.253, 0, GPU-5ce6f291-9076-a589-a43c-c0632b050e8a, NVIDIA A100-SXM4-40GB, 34771, 40960, 0, 73.24, 31
nid001125,2026/05/02 02:23:47.260, 1, GPU-5ed9ba19-004a-b751-d755-ec7b68b19ca8, NVIDIA A100-SXM4-40GB, 34771, 40960, 0, 71.77, 30
nid001125,2026/05/02 02:23:47.267, 2, GPU-80d0401d-234d-1829-b81b-aa7261742f13, NVIDIA A100-SXM4-40GB, 36823, 40960, 26, 81.43, 33
nid001125,2026/05/02 02:23:47.272, 3, GPU-c6e625a8-e507-3a36-588a-be4edc0484f6, NVIDIA A100-SXM4-40GB, 35409, 40960, 27, 85.00, 31
nid001128,2026/05/02 02:23:48.339, 0, GPU-65cea835-1804-4e24-41a4-2217feb6db7f, NVIDIA A100-SXM4-40GB, 34883, 40960, 12, 82.86, 34
nid001128,2026/05/02 02:23:48.342, 1, GPU-e435914a-3f63-f23f-a341-e46a8d29f5ce, NVIDIA A100-SXM4-40GB, 36859, 40960, 31, 77.29, 31
nid001128,2026/05/02 02:23:48.343, 2, GPU-4e46ff65-1933-e621-0c36-86d6cd93881b, NVIDIA A100-SXM4-40GB, 36883, 40960, 29, 64.89, 33
nid001128,2026/05/02 02:23:48.346, 3, GPU-56e69d90-205e-8e19-4191-ad1b61c1e7b9, NVIDIA A100-SXM4-40GB, 36871, 40960, 27, 67.85, 30
nid001125,2026/05/02 02:23:51.484, 0, GPU-5ce6f291-9076-a589-a43c-c0632b050e8a, NVIDIA A100-SXM4-40GB, 34771, 40960, 0, 73.15, 31
nid001125,2026/05/02 02:23:51.486, 1, GPU-5ed9ba19-004a-b751-d755-ec7b68b19ca8, NVIDIA A100-SXM4-40GB, 34771, 40960, 0, 71.77, 30
nid001125,2026/05/02 02:23:51.490, 2, GPU-80d0401d-234d-1829-b81b-aa7261742f13, NVIDIA A100-SXM4-40GB, 36823, 40960, 30, 86.81, 33
nid001125,2026/05/02 02:23:51.492, 3, GPU-c6e625a8-e507-3a36-588a-be4edc0484f6, NVIDIA A100-SXM4-40GB, 35409, 40960, 32, 103.96, 31
nid001128,2026/05/02 02:23:52.554, 0, GPU-65cea835-1804-4e24-41a4-2217feb6db7f, NVIDIA A100-SXM4-40GB, 34883, 40960, 12, 103.21, 34
nid001128,2026/05/02 02:23:52.558, 1, GPU-e435914a-3f63-f23f-a341-e46a8d29f5ce, NVIDIA A100-SXM4-40GB, 36859, 40960, 25, 117.89, 31
nid001128,2026/05/02 02:23:52.560, 2, GPU-4e46ff65-1933-e621-0c36-86d6cd93881b, NVIDIA A100-SXM4-40GB, 36883, 40960, 26, 111.26, 33
nid001128,2026/05/02 02:23:52.561, 3, GPU-56e69d90-205e-8e19-4191-ad1b61c1e7b9, NVIDIA A100-SXM4-40GB, 36871, 40960, 28, 122.26, 30
nid001125,2026/05/02 02:23:55.629, 0, GPU-5ce6f291-9076-a589-a43c-c0632b050e8a, NVIDIA A100-SXM4-40GB, 34771, 40960, 0, 73.15, 31
nid001125,2026/05/02 02:23:55.631, 1, GPU-5ed9ba19-004a-b751-d755-ec7b68b19ca8, NVIDIA A100-SXM4-40GB, 34771, 40960, 0, 71.77, 30
nid001125,2026/05/02 02:23:55.633, 2, GPU-80d0401d-234d-1829-b81b-aa7261742f13, NVIDIA A100-SXM4-40GB, 36823, 40960, 34, 72.71, 33
nid001125,2026/05/02 02:23:55.636, 3, GPU-c6e625a8-e507-3a36-588a-be4edc0484f6, NVIDIA A100-SXM4-40GB, 35409, 40960, 34, 74.00, 31
nid001128,2026/05/02 02:23:56.697, 0, GPU-65cea835-1804-4e24-41a4-2217feb6db7f, NVIDIA A100-SXM4-40GB, 34883, 40960, 12, 75.61, 34
nid001128,2026/05/02 02:23:56.699, 1, GPU-e435914a-3f63-f23f-a341-e46a8d29f5ce, NVIDIA A100-SXM4-40GB, 36859, 40960, 31, 90.83, 31
nid001128,2026/05/02 02:23:56.701, 2, GPU-4e46ff65-1933-e621-0c36-86d6cd93881b, NVIDIA A100-SXM4-40GB, 36883, 40960, 30, 84.26, 33
nid001128,2026/05/02 02:23:56.704, 3, GPU-56e69d90-205e-8e19-4191-ad1b61c1e7b9, NVIDIA A100-SXM4-40GB, 36871, 40960, 32, 62.46, 31
nid001125,2026/05/02 02:23:59.774, 0, GPU-5ce6f291-9076-a589-a43c-c0632b050e8a, NVIDIA A100-SXM4-40GB, 34771, 40960, 0, 73.24, 31
nid001125,2026/05/02 02:23:59.776, 1, GPU-5ed9ba19-004a-b751-d755-ec7b68b19ca8, NVIDIA A100-SXM4-40GB, 34771, 40960, 0, 71.77, 30
nid001125,2026/05/02 02:23:59.778, 2, GPU-80d0401d-234d-1829-b81b-aa7261742f13, NVIDIA A100-SXM4-40GB, 36823, 40960, 29, 74.52, 33
nid001125,2026/05/02 02:23:59.780, 3, GPU-c6e625a8-e507-3a36-588a-be4edc0484f6, NVIDIA A100-SXM4-40GB, 35409, 40960, 28, 76.28, 31
nid001128,2026/05/02 02:24:00.873, 0, GPU-65cea835-1804-4e24-41a4-2217feb6db7f, NVIDIA A100-SXM4-40GB, 34883, 40960, 16, 97.58, 34
nid001128,2026/05/02 02:24:00.875, 1, GPU-e435914a-3f63-f23f-a341-e46a8d29f5ce, NVIDIA A100-SXM4-40GB, 36859, 40960, 30, 61.79, 31
nid001128,2026/05/02 02:24:00.877, 2, GPU-4e46ff65-1933-e621-0c36-86d6cd93881b, NVIDIA A100-SXM4-40GB, 36883, 40960, 27, 63.97, 33
nid001128,2026/05/02 02:24:00.879, 3, GPU-56e69d90-205e-8e19-4191-ad1b61c1e7b9, NVIDIA A100-SXM4-40GB, 36871, 40960, 26, 84.58, 30
nid001125,2026/05/02 02:24:04.009, 0, GPU-5ce6f291-9076-a589-a43c-c0632b050e8a, NVIDIA A100-SXM4-40GB, 34771, 40960, 0, 73.24, 31
nid001125,2026/05/02 02:24:04.012, 1, GPU-5ed9ba19-004a-b751-d755-ec7b68b19ca8, NVIDIA A100-SXM4-40GB, 34771, 40960, 0, 71.77, 30
nid001125,2026/05/02 02:24:04.014, 2, GPU-80d0401d-234d-1829-b81b-aa7261742f13, NVIDIA A100-SXM4-40GB, 36823, 40960, 27, 71.71, 33
nid001125,2026/05/02 02:24:04.015, 3, GPU-c6e625a8-e507-3a36-588a-be4edc0484f6, NVIDIA A100-SXM4-40GB, 35409, 40960, 31, 102.79, 31
nid001128,2026/05/02 02:24:05.114, 0, GPU-65cea835-1804-4e24-41a4-2217feb6db7f, NVIDIA A100-SXM4-40GB, 34883, 40960, 16, 104.73, 34
nid001128,2026/05/02 02:24:05.118, 1, GPU-e435914a-3f63-f23f-a341-e46a8d29f5ce, NVIDIA A100-SXM4-40GB, 36859, 40960, 25, 120.93, 31
nid001128,2026/05/02 02:24:05.119, 2, GPU-4e46ff65-1933-e621-0c36-86d6cd93881b, NVIDIA A100-SXM4-40GB, 36883, 40960, 26, 131.34, 33
nid001128,2026/05/02 02:24:05.121, 3, GPU-56e69d90-205e-8e19-4191-ad1b61c1e7b9, NVIDIA A100-SXM4-40GB, 36871, 40960, 26, 65.56, 30
nid001125,2026/05/02 02:24:08.197, 0, GPU-5ce6f291-9076-a589-a43c-c0632b050e8a, NVIDIA A100-SXM4-40GB, 34771, 40960, 0, 73.24, 31
nid001125,2026/05/02 02:24:08.199, 1, GPU-5ed9ba19-004a-b751-d755-ec7b68b19ca8, NVIDIA A100-SXM4-40GB, 34771, 40960, 0, 71.77, 30
nid001125,2026/05/02 02:24:08.201, 2, GPU-80d0401d-234d-1829-b81b-aa7261742f13, NVIDIA A100-SXM4-40GB, 36823, 40960, 31, 102.79, 33
nid001125,2026/05/02 02:24:08.203, 3, GPU-c6e625a8-e507-3a36-588a-be4edc0484f6, NVIDIA A100-SXM4-40GB, 35409, 40960, 30, 93.44, 32
nid001128,2026/05/02 02:24:09.287, 0, GPU-65cea835-1804-4e24-41a4-2217feb6db7f, NVIDIA A100-SXM4-40GB, 34883, 40960, 8, 273.61, 37
nid001128,2026/05/02 02:24:09.290, 1, GPU-e435914a-3f63-f23f-a341-e46a8d29f5ce, NVIDIA A100-SXM4-40GB, 36859, 40960, 0, 59.28, 30
nid001128,2026/05/02 02:24:09.292, 2, GPU-4e46ff65-1933-e621-0c36-86d6cd93881b, NVIDIA A100-SXM4-40GB, 36883, 40960, 9, 60.65, 33
nid001128,2026/05/02 02:24:09.293, 3, GPU-56e69d90-205e-8e19-4191-ad1b61c1e7b9, NVIDIA A100-SXM4-40GB, 36871, 40960, 9, 60.35, 30
nid001125,2026/05/02 02:24:12.324, 0, GPU-5ce6f291-9076-a589-a43c-c0632b050e8a, NVIDIA A100-SXM4-40GB, 34771, 40960, 0, 73.15, 31
nid001125,2026/05/02 02:24:12.326, 1, GPU-5ed9ba19-004a-b751-d755-ec7b68b19ca8, NVIDIA A100-SXM4-40GB, 34771, 40960, 0, 71.77, 31
nid001125,2026/05/02 02:24:12.328, 2, GPU-80d0401d-234d-1829-b81b-aa7261742f13, NVIDIA A100-SXM4-40GB, 36823, 40960, 26, 73.47, 34
nid001125,2026/05/02 02:24:12.329, 3, GPU-c6e625a8-e507-3a36-588a-be4edc0484f6, NVIDIA A100-SXM4-40GB, 35409, 40960, 26, 74.00, 32
nid001128,2026/05/02 02:24:13.407, 0, GPU-65cea835-1804-4e24-41a4-2217feb6db7f, NVIDIA A100-SXM4-40GB, 34883, 40960, 12, 113.44, 34
nid001128,2026/05/02 02:24:13.410, 1, GPU-e435914a-3f63-f23f-a341-e46a8d29f5ce, NVIDIA A100-SXM4-40GB, 36859, 40960, 25, 116.23, 31
nid001128,2026/05/02 02:24:13.411, 2, GPU-4e46ff65-1933-e621-0c36-86d6cd93881b, NVIDIA A100-SXM4-40GB, 36883, 40960, 27, 67.01, 33
nid001128,2026/05/02 02:24:13.416, 3, GPU-56e69d90-205e-8e19-4191-ad1b61c1e7b9, NVIDIA A100-SXM4-40GB, 36871, 40960, 31, 66.80, 31
nid001125,2026/05/02 02:24:16.517, 0, GPU-5ce6f291-9076-a589-a43c-c0632b050e8a, NVIDIA A100-SXM4-40GB, 34771, 40960, 0, 73.15, 31
nid001125,2026/05/02 02:24:16.520, 1, GPU-5ed9ba19-004a-b751-d755-ec7b68b19ca8, NVIDIA A100-SXM4-40GB, 34771, 40960, 0, 71.77, 31
nid001125,2026/05/02 02:24:16.522, 2, GPU-80d0401d-234d-1829-b81b-aa7261742f13, NVIDIA A100-SXM4-40GB, 36823, 40960, 31, 101.27, 33
nid001125,2026/05/02 02:24:16.523, 3, GPU-c6e625a8-e507-3a36-588a-be4edc0484f6, NVIDIA A100-SXM4-40GB, 35409, 40960, 34, 85.53, 31
nid001128,2026/05/02 02:24:17.590, 0, GPU-65cea835-1804-4e24-41a4-2217feb6db7f, NVIDIA A100-SXM4-40GB, 34883, 40960, 12, 82.62, 34
nid001128,2026/05/02 02:24:17.592, 1, GPU-e435914a-3f63-f23f-a341-e46a8d29f5ce, NVIDIA A100-SXM4-40GB, 36859, 40960, 28, 66.85, 31
nid001128,2026/05/02 02:24:17.594, 2, GPU-4e46ff65-1933-e621-0c36-86d6cd93881b, NVIDIA A100-SXM4-40GB, 36883, 40960, 31, 63.90, 33
nid001128,2026/05/02 02:24:17.596, 3, GPU-56e69d90-205e-8e19-4191-ad1b61c1e7b9, NVIDIA A100-SXM4-40GB, 36871, 40960, 34, 113.03, 30
nid001125,2026/05/02 02:24:20.622, 0, GPU-5ce6f291-9076-a589-a43c-c0632b050e8a, NVIDIA A100-SXM4-40GB, 34771, 40960, 0, 73.15, 31
nid001125,2026/05/02 02:24:20.634, 1, GPU-5ed9ba19-004a-b751-d755-ec7b68b19ca8, NVIDIA A100-SXM4-40GB, 34771, 40960, 0, 71.77, 31
nid001125,2026/05/02 02:24:20.646, 2, GPU-80d0401d-234d-1829-b81b-aa7261742f13, NVIDIA A100-SXM4-40GB, 36823, 40960, 26, 112.55, 33
nid001125,2026/05/02 02:24:20.648, 3, GPU-c6e625a8-e507-3a36-588a-be4edc0484f6, NVIDIA A100-SXM4-40GB, 35409, 40960, 27, 75.00, 32
nid001128,2026/05/02 02:24:21.739, 0, GPU-65cea835-1804-4e24-41a4-2217feb6db7f, NVIDIA A100-SXM4-40GB, 34883, 40960, 15, 81.86, 34
nid001128,2026/05/02 02:24:21.741, 1, GPU-e435914a-3f63-f23f-a341-e46a8d29f5ce, NVIDIA A100-SXM4-40GB, 36859, 40960, 27, 93.11, 31
nid001128,2026/05/02 02:24:21.743, 2, GPU-4e46ff65-1933-e621-0c36-86d6cd93881b, NVIDIA A100-SXM4-40GB, 36883, 40960, 28, 73.41, 33
nid001128,2026/05/02 02:24:21.744, 3, GPU-56e69d90-205e-8e19-4191-ad1b61c1e7b9, NVIDIA A100-SXM4-40GB, 36871, 40960, 26, 78.10, 31
nid001125,2026/05/02 02:24:24.857, 0, GPU-5ce6f291-9076-a589-a43c-c0632b050e8a, NVIDIA A100-SXM4-40GB, 34771, 40960, 0, 73.15, 31
nid001125,2026/05/02 02:24:24.859, 1, GPU-5ed9ba19-004a-b751-d755-ec7b68b19ca8, NVIDIA A100-SXM4-40GB, 34771, 40960, 0, 71.77, 30
nid001125,2026/05/02 02:24:24.861, 2, GPU-80d0401d-234d-1829-b81b-aa7261742f13, NVIDIA A100-SXM4-40GB, 36823, 40960, 34, 117.12, 33
nid001125,2026/05/02 02:24:24.862, 3, GPU-c6e625a8-e507-3a36-588a-be4edc0484f6, NVIDIA A100-SXM4-40GB, 35409, 40960, 31, 92.44, 32
nid001128,2026/05/02 02:24:25.943, 0, GPU-65cea835-1804-4e24-41a4-2217feb6db7f, NVIDIA A100-SXM4-40GB, 34883, 40960, 12, 83.57, 34
nid001128,2026/05/02 02:24:25.946, 1, GPU-e435914a-3f63-f23f-a341-e46a8d29f5ce, NVIDIA A100-SXM4-40GB, 36859, 40960, 27, 66.41, 31
nid001128,2026/05/02 02:24:25.948, 2, GPU-4e46ff65-1933-e621-0c36-86d6cd93881b, NVIDIA A100-SXM4-40GB, 36883, 40960, 30, 75.45, 33
nid001128,2026/05/02 02:24:25.950, 3, GPU-56e69d90-205e-8e19-4191-ad1b61c1e7b9, NVIDIA A100-SXM4-40GB, 36871, 40960, 33, 85.86, 30
nid001125,2026/05/02 02:24:29.054, 0, GPU-5ce6f291-9076-a589-a43c-c0632b050e8a, NVIDIA A100-SXM4-40GB, 34771, 40960, 0, 73.24, 31
nid001125,2026/05/02 02:24:29.057, 1, GPU-5ed9ba19-004a-b751-d755-ec7b68b19ca8, NVIDIA A100-SXM4-40GB, 34771, 40960, 0, 71.77, 30
nid001125,2026/05/02 02:24:29.058, 2, GPU-80d0401d-234d-1829-b81b-aa7261742f13, NVIDIA A100-SXM4-40GB, 36823, 40960, 26, 72.71, 33
nid001125,2026/05/02 02:24:29.060, 3, GPU-c6e625a8-e507-3a36-588a-be4edc0484f6, NVIDIA A100-SXM4-40GB, 35409, 40960, 29, 103.96, 32
nid001128,2026/05/02 02:24:30.150, 0, GPU-65cea835-1804-4e24-41a4-2217feb6db7f, NVIDIA A100-SXM4-40GB, 34883, 40960, 16, 138.43, 34
nid001128,2026/05/02 02:24:30.154, 1, GPU-e435914a-3f63-f23f-a341-e46a8d29f5ce, NVIDIA A100-SXM4-40GB, 36859, 40960, 25, 61.03, 31
nid001128,2026/05/02 02:24:30.162, 2, GPU-4e46ff65-1933-e621-0c36-86d6cd93881b, NVIDIA A100-SXM4-40GB, 36883, 40960, 26, 127.94, 34
nid001128,2026/05/02 02:24:30.164, 3, GPU-56e69d90-205e-8e19-4191-ad1b61c1e7b9, NVIDIA A100-SXM4-40GB, 36871, 40960, 26, 62.54, 30
nid001125,2026/05/02 02:24:33.181, 0, GPU-5ce6f291-9076-a589-a43c-c0632b050e8a, NVIDIA A100-SXM4-40GB, 34771, 40960, 0, 73.15, 31
nid001125,2026/05/02 02:24:33.184, 1, GPU-5ed9ba19-004a-b751-d755-ec7b68b19ca8, NVIDIA A100-SXM4-40GB, 34771, 40960, 0, 71.77, 31
nid001125,2026/05/02 02:24:33.185, 2, GPU-80d0401d-234d-1829-b81b-aa7261742f13, NVIDIA A100-SXM4-40GB, 36823, 40960, 30, 73.47, 33
nid001125,2026/05/02 02:24:33.187, 3, GPU-c6e625a8-e507-3a36-588a-be4edc0484f6, NVIDIA A100-SXM4-40GB, 35409, 40960, 34, 99.34, 31
nid001128,2026/05/02 02:24:34.297, 0, GPU-65cea835-1804-4e24-41a4-2217feb6db7f, NVIDIA A100-SXM4-40GB, 34883, 40960, 12, 121.12, 34
nid001128,2026/05/02 02:24:34.299, 1, GPU-e435914a-3f63-f23f-a341-e46a8d29f5ce, NVIDIA A100-SXM4-40GB, 36859, 40960, 33, 115.32, 31
nid001128,2026/05/02 02:24:34.302, 2, GPU-4e46ff65-1933-e621-0c36-86d6cd93881b, NVIDIA A100-SXM4-40GB, 36883, 40960, 34, 92.41, 33
nid001128,2026/05/02 02:24:34.304, 3, GPU-56e69d90-205e-8e19-4191-ad1b61c1e7b9, NVIDIA A100-SXM4-40GB, 36871, 40960, 31, 69.14, 30
nid001125,2026/05/02 02:24:37.465, 0, GPU-5ce6f291-9076-a589-a43c-c0632b050e8a, NVIDIA A100-SXM4-40GB, 34771, 40960, 0, 73.15, 31
nid001125,2026/05/02 02:24:37.468, 1, GPU-5ed9ba19-004a-b751-d755-ec7b68b19ca8, NVIDIA A100-SXM4-40GB, 34771, 40960, 0, 71.77, 31
nid001125,2026/05/02 02:24:37.469, 2, GPU-80d0401d-234d-1829-b81b-aa7261742f13, NVIDIA A100-SXM4-40GB, 36823, 40960, 27, 95.90, 33
nid001125,2026/05/02 02:24:37.471, 3, GPU-c6e625a8-e507-3a36-588a-be4edc0484f6, NVIDIA A100-SXM4-40GB, 35409, 40960, 34, 80.90, 31
nid001128,2026/05/02 02:24:38.547, 0, GPU-65cea835-1804-4e24-41a4-2217feb6db7f, NVIDIA A100-SXM4-40GB, 34883, 40960, 15, 80.38, 34
nid001128,2026/05/02 02:24:38.549, 1, GPU-e435914a-3f63-f23f-a341-e46a8d29f5ce, NVIDIA A100-SXM4-40GB, 36859, 40960, 25, 63.60, 31
nid001128,2026/05/02 02:24:38.551, 2, GPU-4e46ff65-1933-e621-0c36-86d6cd93881b, NVIDIA A100-SXM4-40GB, 36883, 40960, 26, 69.33, 33
nid001128,2026/05/02 02:24:38.552, 3, GPU-56e69d90-205e-8e19-4191-ad1b61c1e7b9, NVIDIA A100-SXM4-40GB, 36871, 40960, 26, 128.03, 31
nid001125,2026/05/02 02:24:41.563, 0, GPU-5ce6f291-9076-a589-a43c-c0632b050e8a, NVIDIA A100-SXM4-40GB, 34771, 40960, 0, 73.15, 31
nid001125,2026/05/02 02:24:41.565, 1, GPU-5ed9ba19-004a-b751-d755-ec7b68b19ca8, NVIDIA A100-SXM4-40GB, 34771, 40960, 0, 71.77, 31
nid001125,2026/05/02 02:24:41.567, 2, GPU-80d0401d-234d-1829-b81b-aa7261742f13, NVIDIA A100-SXM4-40GB, 36823, 40960, 32, 117.41, 33
nid001125,2026/05/02 02:24:41.569, 3, GPU-c6e625a8-e507-3a36-588a-be4edc0484f6, NVIDIA A100-SXM4-40GB, 35409, 40960, 31, 89.10, 31
nid001128,2026/05/02 02:24:42.649, 0, GPU-65cea835-1804-4e24-41a4-2217feb6db7f, NVIDIA A100-SXM4-40GB, 34883, 40960, 12, 90.80, 34
nid001128,2026/05/02 02:24:42.652, 1, GPU-e435914a-3f63-f23f-a341-e46a8d29f5ce, NVIDIA A100-SXM4-40GB, 36859, 40960, 25, 60.96, 31
nid001128,2026/05/02 02:24:42.654, 2, GPU-4e46ff65-1933-e621-0c36-86d6cd93881b, NVIDIA A100-SXM4-40GB, 36883, 40960, 33, 81.47, 33
nid001128,2026/05/02 02:24:42.656, 3, GPU-56e69d90-205e-8e19-4191-ad1b61c1e7b9, NVIDIA A100-SXM4-40GB, 36871, 40960, 30, 91.91, 31
nid001125,2026/05/02 02:24:45.736, 0, GPU-5ce6f291-9076-a589-a43c-c0632b050e8a, NVIDIA A100-SXM4-40GB, 34771, 40960, 0, 72.95, 31
nid001125,2026/05/02 02:24:45.739, 1, GPU-5ed9ba19-004a-b751-d755-ec7b68b19ca8, NVIDIA A100-SXM4-40GB, 34771, 40960, 0, 71.77, 31
nid001125,2026/05/02 02:24:45.740, 2, GPU-80d0401d-234d-1829-b81b-aa7261742f13, NVIDIA A100-SXM4-40GB, 36823, 40960, 33, 72.71, 33
nid001125,2026/05/02 02:24:45.743, 3, GPU-c6e625a8-e507-3a36-588a-be4edc0484f6, NVIDIA A100-SXM4-40GB, 35409, 40960, 28, 130.37, 32
nid001128,2026/05/02 02:24:46.818, 0, GPU-65cea835-1804-4e24-41a4-2217feb6db7f, NVIDIA A100-SXM4-40GB, 34883, 40960, 16, 131.60, 34
nid001128,2026/05/02 02:24:46.820, 1, GPU-e435914a-3f63-f23f-a341-e46a8d29f5ce, NVIDIA A100-SXM4-40GB, 36859, 40960, 27, 94.67, 31
nid001128,2026/05/02 02:24:46.822, 2, GPU-4e46ff65-1933-e621-0c36-86d6cd93881b, NVIDIA A100-SXM4-40GB, 36883, 40960, 30, 64.21, 33
nid001128,2026/05/02 02:24:46.825, 3, GPU-56e69d90-205e-8e19-4191-ad1b61c1e7b9, NVIDIA A100-SXM4-40GB, 36871, 40960, 27, 65.12, 30
nid001125,2026/05/02 02:24:49.937, 0, GPU-5ce6f291-9076-a589-a43c-c0632b050e8a, NVIDIA A100-SXM4-40GB, 34771, 40960, 0, 73.15, 31
nid001125,2026/05/02 02:24:49.939, 1, GPU-5ed9ba19-004a-b751-d755-ec7b68b19ca8, NVIDIA A100-SXM4-40GB, 34771, 40960, 0, 71.77, 31
nid001125,2026/05/02 02:24:49.941, 2, GPU-80d0401d-234d-1829-b81b-aa7261742f13, NVIDIA A100-SXM4-40GB, 36823, 40960, 26, 94.13, 33
nid001125,2026/05/02 02:24:49.943, 3, GPU-c6e625a8-e507-3a36-588a-be4edc0484f6, NVIDIA A100-SXM4-40GB, 35409, 40960, 27, 80.38, 31
nid001128,2026/05/02 02:24:51.054, 0, GPU-65cea835-1804-4e24-41a4-2217feb6db7f, NVIDIA A100-SXM4-40GB, 34883, 40960, 16, 81.67, 34
nid001128,2026/05/02 02:24:51.057, 1, GPU-e435914a-3f63-f23f-a341-e46a8d29f5ce, NVIDIA A100-SXM4-40GB, 36859, 40960, 28, 85.99, 31
nid001128,2026/05/02 02:24:51.064, 2, GPU-4e46ff65-1933-e621-0c36-86d6cd93881b, NVIDIA A100-SXM4-40GB, 36883, 40960, 26, 70.32, 33
nid001128,2026/05/02 02:24:51.066, 3, GPU-56e69d90-205e-8e19-4191-ad1b61c1e7b9, NVIDIA A100-SXM4-40GB, 36871, 40960, 26, 73.85, 30
nid001125,2026/05/02 02:24:54.076, 0, GPU-5ce6f291-9076-a589-a43c-c0632b050e8a, NVIDIA A100-SXM4-40GB, 34771, 40960, 0, 73.15, 31
nid001125,2026/05/02 02:24:54.090, 1, GPU-5ed9ba19-004a-b751-d755-ec7b68b19ca8, NVIDIA A100-SXM4-40GB, 34771, 40960, 0, 71.77, 31
nid001125,2026/05/02 02:24:54.095, 2, GPU-80d0401d-234d-1829-b81b-aa7261742f13, NVIDIA A100-SXM4-40GB, 36823, 40960, 28, 73.47, 33
nid001125,2026/05/02 02:24:54.132, 3, GPU-c6e625a8-e507-3a36-588a-be4edc0484f6, NVIDIA A100-SXM4-40GB, 35409, 40960, 35, 99.63, 31
nid001128,2026/05/02 02:24:55.212, 0, GPU-65cea835-1804-4e24-41a4-2217feb6db7f, NVIDIA A100-SXM4-40GB, 34883, 40960, 12, 105.37, 34
nid001128,2026/05/02 02:24:55.214, 1, GPU-e435914a-3f63-f23f-a341-e46a8d29f5ce, NVIDIA A100-SXM4-40GB, 36859, 40960, 25, 75.69, 31
nid001128,2026/05/02 02:24:55.216, 2, GPU-4e46ff65-1933-e621-0c36-86d6cd93881b, NVIDIA A100-SXM4-40GB, 36883, 40960, 32, 68.44, 33
nid001128,2026/05/02 02:24:55.220, 3, GPU-56e69d90-205e-8e19-4191-ad1b61c1e7b9, NVIDIA A100-SXM4-40GB, 36871, 40960, 34, 62.71, 30
nid001125,2026/05/02 02:24:58.346, 0, GPU-5ce6f291-9076-a589-a43c-c0632b050e8a, NVIDIA A100-SXM4-40GB, 34771, 40960, 0, 73.15, 31
nid001125,2026/05/02 02:24:58.348, 1, GPU-5ed9ba19-004a-b751-d755-ec7b68b19ca8, NVIDIA A100-SXM4-40GB, 34771, 40960, 0, 71.77, 31
nid001125,2026/05/02 02:24:58.350, 2, GPU-80d0401d-234d-1829-b81b-aa7261742f13, NVIDIA A100-SXM4-40GB, 36823, 40960, 30, 87.71, 33
nid001125,2026/05/02 02:24:58.352, 3, GPU-c6e625a8-e507-3a36-588a-be4edc0484f6, NVIDIA A100-SXM4-40GB, 35409, 40960, 27, 77.33, 32
nid001128,2026/05/02 02:24:59.432, 0, GPU-65cea835-1804-4e24-41a4-2217feb6db7f, NVIDIA A100-SXM4-40GB, 34883, 40960, 12, 80.90, 34
nid001128,2026/05/02 02:24:59.434, 1, GPU-e435914a-3f63-f23f-a341-e46a8d29f5ce, NVIDIA A100-SXM4-40GB, 36859, 40960, 29, 63.00, 31
nid001128,2026/05/02 02:24:59.436, 2, GPU-4e46ff65-1933-e621-0c36-86d6cd93881b, NVIDIA A100-SXM4-40GB, 36883, 40960, 29, 69.81, 33
nid001128,2026/05/02 02:24:59.438, 3, GPU-56e69d90-205e-8e19-4191-ad1b61c1e7b9, NVIDIA A100-SXM4-40GB, 36871, 40960, 26, 132.12, 31
nid001125,2026/05/02 02:25:02.503, 0, GPU-5ce6f291-9076-a589-a43c-c0632b050e8a, NVIDIA A100-SXM4-40GB, 34771, 40960, 0, 73.24, 31
nid001125,2026/05/02 02:25:02.505, 1, GPU-5ed9ba19-004a-b751-d755-ec7b68b19ca8, NVIDIA A100-SXM4-40GB, 34771, 40960, 0, 71.86, 31
nid001125,2026/05/02 02:25:02.507, 2, GPU-80d0401d-234d-1829-b81b-aa7261742f13, NVIDIA A100-SXM4-40GB, 36823, 40960, 1, 70.14, 33
nid001125,2026/05/02 02:25:02.508, 3, GPU-c6e625a8-e507-3a36-588a-be4edc0484f6, NVIDIA A100-SXM4-40GB, 35409, 40960, 27, 71.79, 31
nid001128,2026/05/02 02:25:03.739, 0, GPU-65cea835-1804-4e24-41a4-2217feb6db7f, NVIDIA A100-SXM4-40GB, 34883, 40960, 12, 105.89, 34
nid001128,2026/05/02 02:25:03.741, 1, GPU-e435914a-3f63-f23f-a341-e46a8d29f5ce, NVIDIA A100-SXM4-40GB, 36859, 40960, 31, 93.28, 32
nid001128,2026/05/02 02:25:03.742, 2, GPU-4e46ff65-1933-e621-0c36-86d6cd93881b, NVIDIA A100-SXM4-40GB, 36883, 40960, 32, 88.34, 33
nid001128,2026/05/02 02:25:03.744, 3, GPU-56e69d90-205e-8e19-4191-ad1b61c1e7b9, NVIDIA A100-SXM4-40GB, 36871, 40960, 25, 84.66, 32
nid001125,2026/05/02 02:25:06.785, 0, GPU-5ce6f291-9076-a589-a43c-c0632b050e8a, NVIDIA A100-SXM4-40GB, 34771, 40960, 0, 73.24, 31
nid001125,2026/05/02 02:25:06.788, 1, GPU-5ed9ba19-004a-b751-d755-ec7b68b19ca8, NVIDIA A100-SXM4-40GB, 34771, 40960, 0, 71.86, 31
nid001125,2026/05/02 02:25:06.789, 2, GPU-80d0401d-234d-1829-b81b-aa7261742f13, NVIDIA A100-SXM4-40GB, 36823, 40960, 26, 120.88, 34
nid001125,2026/05/02 02:25:06.791, 3, GPU-c6e625a8-e507-3a36-588a-be4edc0484f6, NVIDIA A100-SXM4-40GB, 35409, 40960, 28, 75.90, 32
nid001128,2026/05/02 02:25:07.851, 0, GPU-65cea835-1804-4e24-41a4-2217feb6db7f, NVIDIA A100-SXM4-40GB, 34883, 40960, 12, 77.33, 34
nid001128,2026/05/02 02:25:07.854, 1, GPU-e435914a-3f63-f23f-a341-e46a8d29f5ce, NVIDIA A100-SXM4-40GB, 36859, 40960, 25, 61.25, 31
nid001128,2026/05/02 02:25:07.856, 2, GPU-4e46ff65-1933-e621-0c36-86d6cd93881b, NVIDIA A100-SXM4-40GB, 36883, 40960, 26, 86.54, 34
nid001128,2026/05/02 02:25:07.857, 3, GPU-56e69d90-205e-8e19-4191-ad1b61c1e7b9, NVIDIA A100-SXM4-40GB, 36871, 40960, 27, 96.01, 31
nid001125,2026/05/02 02:25:10.976, 0, GPU-5ce6f291-9076-a589-a43c-c0632b050e8a, NVIDIA A100-SXM4-40GB, 34771, 40960, 0, 73.24, 31
nid001125,2026/05/02 02:25:10.978, 1, GPU-5ed9ba19-004a-b751-d755-ec7b68b19ca8, NVIDIA A100-SXM4-40GB, 34771, 40960, 0, 71.77, 31
nid001125,2026/05/02 02:25:10.980, 2, GPU-80d0401d-234d-1829-b81b-aa7261742f13, NVIDIA A100-SXM4-40GB, 36823, 40960, 34, 85.24, 33
nid001125,2026/05/02 02:25:10.982, 3, GPU-c6e625a8-e507-3a36-588a-be4edc0484f6, NVIDIA A100-SXM4-40GB, 35409, 40960, 27, 100.39, 31
nid001128,2026/05/02 02:25:12.060, 0, GPU-65cea835-1804-4e24-41a4-2217feb6db7f, NVIDIA A100-SXM4-40GB, 34883, 40960, 12, 99.10, 34
nid001128,2026/05/02 02:25:12.062, 1, GPU-e435914a-3f63-f23f-a341-e46a8d29f5ce, NVIDIA A100-SXM4-40GB, 36859, 40960, 27, 126.29, 31
nid001128,2026/05/02 02:25:12.066, 2, GPU-4e46ff65-1933-e621-0c36-86d6cd93881b, NVIDIA A100-SXM4-40GB, 36883, 40960, 29, 99.16, 34
nid001128,2026/05/02 02:25:12.067, 3, GPU-56e69d90-205e-8e19-4191-ad1b61c1e7b9, NVIDIA A100-SXM4-40GB, 36871, 40960, 26, 63.06, 30
nid001125,2026/05/02 02:25:15.147, 0, GPU-5ce6f291-9076-a589-a43c-c0632b050e8a, NVIDIA A100-SXM4-40GB, 34771, 40960, 0, 73.15, 31
nid001125,2026/05/02 02:25:15.149, 1, GPU-5ed9ba19-004a-b751-d755-ec7b68b19ca8, NVIDIA A100-SXM4-40GB, 34771, 40960, 0, 71.77, 31
nid001125,2026/05/02 02:25:15.151, 2, GPU-80d0401d-234d-1829-b81b-aa7261742f13, NVIDIA A100-SXM4-40GB, 36823, 40960, 26, 75.81, 33
nid001125,2026/05/02 02:25:15.153, 3, GPU-c6e625a8-e507-3a36-588a-be4edc0484f6, NVIDIA A100-SXM4-40GB, 35409, 40960, 35, 100.11, 31
nid001128,2026/05/02 02:25:16.244, 0, GPU-65cea835-1804-4e24-41a4-2217feb6db7f, NVIDIA A100-SXM4-40GB, 34883, 40960, 12, 75.08, 34
nid001128,2026/05/02 02:25:16.246, 1, GPU-e435914a-3f63-f23f-a341-e46a8d29f5ce, NVIDIA A100-SXM4-40GB, 36859, 40960, 25, 73.82, 31
nid001128,2026/05/02 02:25:16.248, 2, GPU-4e46ff65-1933-e621-0c36-86d6cd93881b, NVIDIA A100-SXM4-40GB, 36883, 40960, 30, 62.93, 34
nid001128,2026/05/02 02:25:16.250, 3, GPU-56e69d90-205e-8e19-4191-ad1b61c1e7b9, NVIDIA A100-SXM4-40GB, 36871, 40960, 32, 63.06, 30
nid001125,2026/05/02 02:25:19.262, 0, GPU-5ce6f291-9076-a589-a43c-c0632b050e8a, NVIDIA A100-SXM4-40GB, 34771, 40960, 0, 73.24, 31
nid001125,2026/05/02 02:25:19.264, 1, GPU-5ed9ba19-004a-b751-d755-ec7b68b19ca8, NVIDIA A100-SXM4-40GB, 34771, 40960, 0, 71.77, 31
nid001125,2026/05/02 02:25:19.266, 2, GPU-80d0401d-234d-1829-b81b-aa7261742f13, NVIDIA A100-SXM4-40GB, 36823, 40960, 28, 71.42, 33
nid001125,2026/05/02 02:25:19.267, 3, GPU-c6e625a8-e507-3a36-588a-be4edc0484f6, NVIDIA A100-SXM4-40GB, 35409, 40960, 27, 108.59, 31
nid001128,2026/05/02 02:25:20.344, 0, GPU-65cea835-1804-4e24-41a4-2217feb6db7f, NVIDIA A100-SXM4-40GB, 34883, 40960, 12, 125.21, 34
nid001128,2026/05/02 02:25:20.347, 1, GPU-e435914a-3f63-f23f-a341-e46a8d29f5ce, NVIDIA A100-SXM4-40GB, 36859, 40960, 32, 90.07, 31
nid001128,2026/05/02 02:25:20.348, 2, GPU-4e46ff65-1933-e621-0c36-86d6cd93881b, NVIDIA A100-SXM4-40GB, 36883, 40960, 33, 63.90, 33
nid001128,2026/05/02 02:25:20.350, 3, GPU-56e69d90-205e-8e19-4191-ad1b61c1e7b9, NVIDIA A100-SXM4-40GB, 36871, 40960, 30, 64.75, 30
nid001125,2026/05/02 02:25:23.460, 0, GPU-5ce6f291-9076-a589-a43c-c0632b050e8a, NVIDIA A100-SXM4-40GB, 34771, 40960, 0, 73.15, 31
nid001125,2026/05/02 02:25:23.462, 1, GPU-5ed9ba19-004a-b751-d755-ec7b68b19ca8, NVIDIA A100-SXM4-40GB, 34771, 40960, 0, 71.77, 31
nid001125,2026/05/02 02:25:23.464, 2, GPU-80d0401d-234d-1829-b81b-aa7261742f13, NVIDIA A100-SXM4-40GB, 36823, 40960, 29, 80.67, 33
nid001125,2026/05/02 02:25:23.466, 3, GPU-c6e625a8-e507-3a36-588a-be4edc0484f6, NVIDIA A100-SXM4-40GB, 35409, 40960, 31, 74.00, 31
nid001128,2026/05/02 02:25:24.559, 0, GPU-65cea835-1804-4e24-41a4-2217feb6db7f, NVIDIA A100-SXM4-40GB, 34883, 40960, 12, 76.04, 34
nid001128,2026/05/02 02:25:24.562, 1, GPU-e435914a-3f63-f23f-a341-e46a8d29f5ce, NVIDIA A100-SXM4-40GB, 36859, 40960, 25, 67.61, 31
nid001128,2026/05/02 02:25:24.569, 2, GPU-4e46ff65-1933-e621-0c36-86d6cd93881b, NVIDIA A100-SXM4-40GB, 36883, 40960, 26, 65.17, 33
nid001128,2026/05/02 02:25:24.577, 3, GPU-56e69d90-205e-8e19-4191-ad1b61c1e7b9, NVIDIA A100-SXM4-40GB, 36871, 40960, 26, 66.04, 30
nid001125,2026/05/02 02:25:27.649, 0, GPU-5ce6f291-9076-a589-a43c-c0632b050e8a, NVIDIA A100-SXM4-40GB, 34771, 40960, 0, 73.15, 31
nid001125,2026/05/02 02:25:27.652, 1, GPU-5ed9ba19-004a-b751-d755-ec7b68b19ca8, NVIDIA A100-SXM4-40GB, 34771, 40960, 0, 71.77, 31
nid001125,2026/05/02 02:25:27.653, 2, GPU-80d0401d-234d-1829-b81b-aa7261742f13, NVIDIA A100-SXM4-40GB, 36823, 40960, 33, 114.60, 33
nid001125,2026/05/02 02:25:27.655, 3, GPU-c6e625a8-e507-3a36-588a-be4edc0484f6, NVIDIA A100-SXM4-40GB, 35409, 40960, 27, 75.00, 31
nid001128,2026/05/02 02:25:28.720, 0, GPU-65cea835-1804-4e24-41a4-2217feb6db7f, NVIDIA A100-SXM4-40GB, 34883, 40960, 12, 78.62, 34
nid001128,2026/05/02 02:25:28.722, 1, GPU-e435914a-3f63-f23f-a341-e46a8d29f5ce, NVIDIA A100-SXM4-40GB, 36859, 40960, 26, 64.28, 31
nid001128,2026/05/02 02:25:28.724, 2, GPU-4e46ff65-1933-e621-0c36-86d6cd93881b, NVIDIA A100-SXM4-40GB, 36883, 40960, 29, 111.50, 33
nid001128,2026/05/02 02:25:28.725, 3, GPU-56e69d90-205e-8e19-4191-ad1b61c1e7b9, NVIDIA A100-SXM4-40GB, 36871, 40960, 31, 119.69, 30
nid001125,2026/05/02 02:25:31.842, 0, GPU-5ce6f291-9076-a589-a43c-c0632b050e8a, NVIDIA A100-SXM4-40GB, 34771, 40960, 0, 73.15, 31
nid001125,2026/05/02 02:25:31.845, 1, GPU-5ed9ba19-004a-b751-d755-ec7b68b19ca8, NVIDIA A100-SXM4-40GB, 34771, 40960, 0, 71.77, 31
nid001125,2026/05/02 02:25:31.846, 2, GPU-80d0401d-234d-1829-b81b-aa7261742f13, NVIDIA A100-SXM4-40GB, 36823, 40960, 26, 72.19, 33
nid001125,2026/05/02 02:25:31.848, 3, GPU-c6e625a8-e507-3a36-588a-be4edc0484f6, NVIDIA A100-SXM4-40GB, 35409, 40960, 31, 111.11, 32
nid001128,2026/05/02 02:25:32.960, 0, GPU-65cea835-1804-4e24-41a4-2217feb6db7f, NVIDIA A100-SXM4-40GB, 34883, 40960, 15, 76.04, 34
nid001128,2026/05/02 02:25:32.980, 1, GPU-e435914a-3f63-f23f-a341-e46a8d29f5ce, NVIDIA A100-SXM4-40GB, 36859, 40960, 27, 61.72, 31
nid001128,2026/05/02 02:25:32.993, 2, GPU-4e46ff65-1933-e621-0c36-86d6cd93881b, NVIDIA A100-SXM4-40GB, 36883, 40960, 27, 105.91, 33
nid001128,2026/05/02 02:25:33.011, 3, GPU-56e69d90-205e-8e19-4191-ad1b61c1e7b9, NVIDIA A100-SXM4-40GB, 36871, 40960, 27, 91.01, 30
nid001125,2026/05/02 02:25:36.186, 0, GPU-5ce6f291-9076-a589-a43c-c0632b050e8a, NVIDIA A100-SXM4-40GB, 34771, 40960, 0, 73.15, 31
nid001125,2026/05/02 02:25:36.188, 1, GPU-5ed9ba19-004a-b751-d755-ec7b68b19ca8, NVIDIA A100-SXM4-40GB, 34771, 40960, 0, 71.77, 31
nid001125,2026/05/02 02:25:36.190, 2, GPU-80d0401d-234d-1829-b81b-aa7261742f13, NVIDIA A100-SXM4-40GB, 36823, 40960, 31, 71.42, 33
nid001125,2026/05/02 02:25:36.191, 3, GPU-c6e625a8-e507-3a36-588a-be4edc0484f6, NVIDIA A100-SXM4-40GB, 35409, 40960, 27, 96.77, 31
nid001128,2026/05/02 02:25:37.266, 0, GPU-65cea835-1804-4e24-41a4-2217feb6db7f, NVIDIA A100-SXM4-40GB, 34883, 40960, 12, 124.84, 34
nid001128,2026/05/02 02:25:37.269, 1, GPU-e435914a-3f63-f23f-a341-e46a8d29f5ce, NVIDIA A100-SXM4-40GB, 36859, 40960, 31, 95.43, 31
nid001128,2026/05/02 02:25:37.270, 2, GPU-4e46ff65-1933-e621-0c36-86d6cd93881b, NVIDIA A100-SXM4-40GB, 36883, 40960, 34, 131.86, 33
nid001128,2026/05/02 02:25:37.272, 3, GPU-56e69d90-205e-8e19-4191-ad1b61c1e7b9, NVIDIA A100-SXM4-40GB, 36871, 40960, 31, 113.97, 31
nid001125,2026/05/02 02:25:40.296, 0, GPU-5ce6f291-9076-a589-a43c-c0632b050e8a, NVIDIA A100-SXM4-40GB, 34771, 40960, 0, 73.24, 31
nid001125,2026/05/02 02:25:40.298, 1, GPU-5ed9ba19-004a-b751-d755-ec7b68b19ca8, NVIDIA A100-SXM4-40GB, 34771, 40960, 0, 71.77, 31
nid001125,2026/05/02 02:25:40.300, 2, GPU-80d0401d-234d-1829-b81b-aa7261742f13, NVIDIA A100-SXM4-40GB, 36823, 40960, 27, 75.00, 33
nid001125,2026/05/02 02:25:40.301, 3, GPU-c6e625a8-e507-3a36-588a-be4edc0484f6, NVIDIA A100-SXM4-40GB, 35409, 40960, 27, 86.81, 32
nid001128,2026/05/02 02:25:41.391, 0, GPU-65cea835-1804-4e24-41a4-2217feb6db7f, NVIDIA A100-SXM4-40GB, 34883, 40960, 16, 75.28, 34
nid001128,2026/05/02 02:25:41.394, 1, GPU-e435914a-3f63-f23f-a341-e46a8d29f5ce, NVIDIA A100-SXM4-40GB, 36859, 40960, 33, 85.74, 31
nid001128,2026/05/02 02:25:41.395, 2, GPU-4e46ff65-1933-e621-0c36-86d6cd93881b, NVIDIA A100-SXM4-40GB, 36883, 40960, 33, 63.61, 33
nid001128,2026/05/02 02:25:41.397, 3, GPU-56e69d90-205e-8e19-4191-ad1b61c1e7b9, NVIDIA A100-SXM4-40GB, 36871, 40960, 26, 75.28, 30
nid001125,2026/05/02 02:25:44.481, 0, GPU-5ce6f291-9076-a589-a43c-c0632b050e8a, NVIDIA A100-SXM4-40GB, 34771, 40960, 0, 73.15, 31
nid001125,2026/05/02 02:25:44.486, 1, GPU-5ed9ba19-004a-b751-d755-ec7b68b19ca8, NVIDIA A100-SXM4-40GB, 34771, 40960, 0, 71.77, 31
nid001125,2026/05/02 02:25:44.493, 2, GPU-80d0401d-234d-1829-b81b-aa7261742f13, NVIDIA A100-SXM4-40GB, 36823, 40960, 27, 80.67, 33
nid001125,2026/05/02 02:25:44.499, 3, GPU-c6e625a8-e507-3a36-588a-be4edc0484f6, NVIDIA A100-SXM4-40GB, 35409, 40960, 31, 73.76, 31
nid001128,2026/05/02 02:25:45.562, 0, GPU-65cea835-1804-4e24-41a4-2217feb6db7f, NVIDIA A100-SXM4-40GB, 34883, 40960, 16, 77.85, 34
nid001128,2026/05/02 02:25:45.564, 1, GPU-e435914a-3f63-f23f-a341-e46a8d29f5ce, NVIDIA A100-SXM4-40GB, 36859, 40960, 25, 76.77, 31
nid001128,2026/05/02 02:25:45.568, 2, GPU-4e46ff65-1933-e621-0c36-86d6cd93881b, NVIDIA A100-SXM4-40GB, 36883, 40960, 26, 67.76, 33
nid001128,2026/05/02 02:25:45.570, 3, GPU-56e69d90-205e-8e19-4191-ad1b61c1e7b9, NVIDIA A100-SXM4-40GB, 36871, 40960, 26, 68.69, 30
nid001125,2026/05/02 02:25:48.647, 0, GPU-5ce6f291-9076-a589-a43c-c0632b050e8a, NVIDIA A100-SXM4-40GB, 34771, 40960, 0, 73.15, 31
nid001125,2026/05/02 02:25:48.649, 1, GPU-5ed9ba19-004a-b751-d755-ec7b68b19ca8, NVIDIA A100-SXM4-40GB, 34771, 40960, 0, 71.77, 30
nid001125,2026/05/02 02:25:48.651, 2, GPU-80d0401d-234d-1829-b81b-aa7261742f13, NVIDIA A100-SXM4-40GB, 36823, 40960, 32, 72.19, 33
nid001125,2026/05/02 02:25:48.653, 3, GPU-c6e625a8-e507-3a36-588a-be4edc0484f6, NVIDIA A100-SXM4-40GB, 35409, 40960, 29, 78.33, 32
nid001128,2026/05/02 02:25:49.717, 0, GPU-65cea835-1804-4e24-41a4-2217feb6db7f, NVIDIA A100-SXM4-40GB, 34883, 40960, 0, 73.24, 33
nid001128,2026/05/02 02:25:49.720, 1, GPU-e435914a-3f63-f23f-a341-e46a8d29f5ce, NVIDIA A100-SXM4-40GB, 36859, 40960, 50, 74.06, 31
nid001128,2026/05/02 02:25:49.721, 2, GPU-4e46ff65-1933-e621-0c36-86d6cd93881b, NVIDIA A100-SXM4-40GB, 36883, 40960, 61, 80.66, 34
nid001128,2026/05/02 02:25:49.728, 3, GPU-56e69d90-205e-8e19-4191-ad1b61c1e7b9, NVIDIA A100-SXM4-40GB, 36871, 40960, 30, 60.73, 31
nid001125,2026/05/02 02:25:52.854, 0, GPU-5ce6f291-9076-a589-a43c-c0632b050e8a, NVIDIA A100-SXM4-40GB, 34771, 40960, 0, 72.95, 31
nid001125,2026/05/02 02:25:52.862, 1, GPU-5ed9ba19-004a-b751-d755-ec7b68b19ca8, NVIDIA A100-SXM4-40GB, 34771, 40960, 0, 71.77, 30
nid001125,2026/05/02 02:25:52.867, 2, GPU-80d0401d-234d-1829-b81b-aa7261742f13, NVIDIA A100-SXM4-40GB, 36823, 40960, 26, 140.08, 34
nid001125,2026/05/02 02:25:52.868, 3, GPU-c6e625a8-e507-3a36-588a-be4edc0484f6, NVIDIA A100-SXM4-40GB, 35409, 40960, 32, 81.00, 32
nid001128,2026/05/02 02:25:54.049, 0, GPU-65cea835-1804-4e24-41a4-2217feb6db7f, NVIDIA A100-SXM4-40GB, 34883, 40960, 12, 122.64, 34
nid001128,2026/05/02 02:25:54.052, 1, GPU-e435914a-3f63-f23f-a341-e46a8d29f5ce, NVIDIA A100-SXM4-40GB, 36859, 40960, 25, 133.82, 31
nid001128,2026/05/02 02:25:54.053, 2, GPU-4e46ff65-1933-e621-0c36-86d6cd93881b, NVIDIA A100-SXM4-40GB, 36883, 40960, 30, 108.18, 33
nid001128,2026/05/02 02:25:54.056, 3, GPU-56e69d90-205e-8e19-4191-ad1b61c1e7b9, NVIDIA A100-SXM4-40GB, 36871, 40960, 34, 66.33, 30
nid001125,2026/05/02 02:25:57.323, 0, GPU-5ce6f291-9076-a589-a43c-c0632b050e8a, NVIDIA A100-SXM4-40GB, 34771, 40960, 0, 72.95, 31
nid001125,2026/05/02 02:25:57.326, 1, GPU-5ed9ba19-004a-b751-d755-ec7b68b19ca8, NVIDIA A100-SXM4-40GB, 34771, 40960, 0, 71.77, 30
nid001125,2026/05/02 02:25:57.328, 2, GPU-80d0401d-234d-1829-b81b-aa7261742f13, NVIDIA A100-SXM4-40GB, 36823, 40960, 27, 114.31, 33
nid001125,2026/05/02 02:25:57.329, 3, GPU-c6e625a8-e507-3a36-588a-be4edc0484f6, NVIDIA A100-SXM4-40GB, 35409, 40960, 30, 77.57, 31
nid001128,2026/05/02 02:25:58.452, 0, GPU-65cea835-1804-4e24-41a4-2217feb6db7f, NVIDIA A100-SXM4-40GB, 34883, 40960, 12, 136.22, 34
nid001128,2026/05/02 02:25:58.455, 1, GPU-e435914a-3f63-f23f-a341-e46a8d29f5ce, NVIDIA A100-SXM4-40GB, 36859, 40960, 25, 72.21, 31
nid001128,2026/05/02 02:25:58.457, 2, GPU-4e46ff65-1933-e621-0c36-86d6cd93881b, NVIDIA A100-SXM4-40GB, 36883, 40960, 31, 117.09, 33
nid001128,2026/05/02 02:25:58.458, 3, GPU-56e69d90-205e-8e19-4191-ad1b61c1e7b9, NVIDIA A100-SXM4-40GB, 36871, 40960, 35, 93.19, 30
nid001125,2026/05/02 02:26:01.510, 0, GPU-5ce6f291-9076-a589-a43c-c0632b050e8a, NVIDIA A100-SXM4-40GB, 34771, 40960, 0, 73.15, 31
nid001125,2026/05/02 02:26:01.517, 1, GPU-5ed9ba19-004a-b751-d755-ec7b68b19ca8, NVIDIA A100-SXM4-40GB, 34771, 40960, 0, 71.77, 30
nid001125,2026/05/02 02:26:01.522, 2, GPU-80d0401d-234d-1829-b81b-aa7261742f13, NVIDIA A100-SXM4-40GB, 36823, 40960, 26, 72.19, 33
nid001125,2026/05/02 02:26:01.530, 3, GPU-c6e625a8-e507-3a36-588a-be4edc0484f6, NVIDIA A100-SXM4-40GB, 35409, 40960, 30, 78.85, 31
nid001128,2026/05/02 02:26:02.613, 0, GPU-65cea835-1804-4e24-41a4-2217feb6db7f, NVIDIA A100-SXM4-40GB, 34883, 40960, 16, 118.83, 34
nid001128,2026/05/02 02:26:02.616, 1, GPU-e435914a-3f63-f23f-a341-e46a8d29f5ce, NVIDIA A100-SXM4-40GB, 36859, 40960, 33, 124.77, 31
nid001128,2026/05/02 02:26:02.617, 2, GPU-4e46ff65-1933-e621-0c36-86d6cd93881b, NVIDIA A100-SXM4-40GB, 36883, 40960, 30, 114.29, 33
nid001128,2026/05/02 02:26:02.619, 3, GPU-56e69d90-205e-8e19-4191-ad1b61c1e7b9, NVIDIA A100-SXM4-40GB, 36871, 40960, 26, 67.08, 30
nid001125,2026/05/02 02:26:05.696, 0, GPU-5ce6f291-9076-a589-a43c-c0632b050e8a, NVIDIA A100-SXM4-40GB, 34771, 40960, 0, 73.15, 31
nid001125,2026/05/02 02:26:05.702, 1, GPU-5ed9ba19-004a-b751-d755-ec7b68b19ca8, NVIDIA A100-SXM4-40GB, 34771, 40960, 0, 71.77, 30
nid001125,2026/05/02 02:26:05.709, 2, GPU-80d0401d-234d-1829-b81b-aa7261742f13, NVIDIA A100-SXM4-40GB, 36823, 40960, 34, 72.95, 33
nid001125,2026/05/02 02:26:05.715, 3, GPU-c6e625a8-e507-3a36-588a-be4edc0484f6, NVIDIA A100-SXM4-40GB, 35409, 40960, 27, 110.87, 31
nid001128,2026/05/02 02:26:06.819, 0, GPU-65cea835-1804-4e24-41a4-2217feb6db7f, NVIDIA A100-SXM4-40GB, 34883, 40960, 12, 76.37, 34
nid001128,2026/05/02 02:26:06.822, 1, GPU-e435914a-3f63-f23f-a341-e46a8d29f5ce, NVIDIA A100-SXM4-40GB, 36859, 40960, 25, 63.36, 31
nid001128,2026/05/02 02:26:06.825, 2, GPU-4e46ff65-1933-e621-0c36-86d6cd93881b, NVIDIA A100-SXM4-40GB, 36883, 40960, 30, 66.01, 33
nid001128,2026/05/02 02:26:06.832, 3, GPU-56e69d90-205e-8e19-4191-ad1b61c1e7b9, NVIDIA A100-SXM4-40GB, 36871, 40960, 34, 66.11, 30
nid001125,2026/05/02 02:26:09.968, 0, GPU-5ce6f291-9076-a589-a43c-c0632b050e8a, NVIDIA A100-SXM4-40GB, 34771, 40960, 0, 73.15, 31
nid001125,2026/05/02 02:26:09.971, 1, GPU-5ed9ba19-004a-b751-d755-ec7b68b19ca8, NVIDIA A100-SXM4-40GB, 34771, 40960, 0, 71.77, 30
nid001125,2026/05/02 02:26:09.973, 2, GPU-80d0401d-234d-1829-b81b-aa7261742f13, NVIDIA A100-SXM4-40GB, 36823, 40960, 26, 139.92, 33
nid001125,2026/05/02 02:26:09.974, 3, GPU-c6e625a8-e507-3a36-588a-be4edc0484f6, NVIDIA A100-SXM4-40GB, 35409, 40960, 30, 79.38, 31
nid001128,2026/05/02 02:26:11.034, 0, GPU-65cea835-1804-4e24-41a4-2217feb6db7f, NVIDIA A100-SXM4-40GB, 34883, 40960, 12, 77.33, 34
nid001128,2026/05/02 02:26:11.036, 1, GPU-e435914a-3f63-f23f-a341-e46a8d29f5ce, NVIDIA A100-SXM4-40GB, 36859, 40960, 26, 65.05, 31
nid001128,2026/05/02 02:26:11.038, 2, GPU-4e46ff65-1933-e621-0c36-86d6cd93881b, NVIDIA A100-SXM4-40GB, 36883, 40960, 27, 96.20, 33
nid001128,2026/05/02 02:26:11.041, 3, GPU-56e69d90-205e-8e19-4191-ad1b61c1e7b9, NVIDIA A100-SXM4-40GB, 36871, 40960, 26, 104.96, 30
nid001125,2026/05/02 02:26:14.079, 0, GPU-5ce6f291-9076-a589-a43c-c0632b050e8a, NVIDIA A100-SXM4-40GB, 34771, 40960, 0, 73.24, 31
nid001125,2026/05/02 02:26:14.081, 1, GPU-5ed9ba19-004a-b751-d755-ec7b68b19ca8, NVIDIA A100-SXM4-40GB, 34771, 40960, 0, 71.77, 30
nid001125,2026/05/02 02:26:14.083, 2, GPU-80d0401d-234d-1829-b81b-aa7261742f13, NVIDIA A100-SXM4-40GB, 36823, 40960, 30, 97.94, 33
nid001125,2026/05/02 02:26:14.085, 3, GPU-c6e625a8-e507-3a36-588a-be4edc0484f6, NVIDIA A100-SXM4-40GB, 35409, 40960, 27, 74.23, 31
nid001128,2026/05/02 02:26:15.197, 0, GPU-65cea835-1804-4e24-41a4-2217feb6db7f, NVIDIA A100-SXM4-40GB, 34883, 40960, 13, 118.83, 34
nid001128,2026/05/02 02:26:15.199, 1, GPU-e435914a-3f63-f23f-a341-e46a8d29f5ce, NVIDIA A100-SXM4-40GB, 36859, 40960, 25, 129.90, 31
nid001128,2026/05/02 02:26:15.201, 2, GPU-4e46ff65-1933-e621-0c36-86d6cd93881b, NVIDIA A100-SXM4-40GB, 36883, 40960, 26, 75.36, 33
nid001128,2026/05/02 02:26:15.202, 3, GPU-56e69d90-205e-8e19-4191-ad1b61c1e7b9, NVIDIA A100-SXM4-40GB, 36871, 40960, 33, 64.35, 30
nid001125,2026/05/02 02:26:18.280, 0, GPU-5ce6f291-9076-a589-a43c-c0632b050e8a, NVIDIA A100-SXM4-40GB, 34771, 40960, 0, 73.15, 31
nid001125,2026/05/02 02:26:18.283, 1, GPU-5ed9ba19-004a-b751-d755-ec7b68b19ca8, NVIDIA A100-SXM4-40GB, 34771, 40960, 0, 71.77, 31
nid001125,2026/05/02 02:26:18.284, 2, GPU-80d0401d-234d-1829-b81b-aa7261742f13, NVIDIA A100-SXM4-40GB, 36823, 40960, 26, 72.47, 33
nid001125,2026/05/02 02:26:18.286, 3, GPU-c6e625a8-e507-3a36-588a-be4edc0484f6, NVIDIA A100-SXM4-40GB, 35409, 40960, 31, 95.25, 31
nid001128,2026/05/02 02:26:19.406, 0, GPU-65cea835-1804-4e24-41a4-2217feb6db7f, NVIDIA A100-SXM4-40GB, 34883, 40960, 16, 76.04, 34
nid001128,2026/05/02 02:26:19.409, 1, GPU-e435914a-3f63-f23f-a341-e46a8d29f5ce, NVIDIA A100-SXM4-40GB, 36859, 40960, 31, 64.05, 31
nid001128,2026/05/02 02:26:19.410, 2, GPU-4e46ff65-1933-e621-0c36-86d6cd93881b, NVIDIA A100-SXM4-40GB, 36883, 40960, 31, 98.00, 33
nid001128,2026/05/02 02:26:19.412, 3, GPU-56e69d90-205e-8e19-4191-ad1b61c1e7b9, NVIDIA A100-SXM4-40GB, 36871, 40960, 26, 66.33, 30
nid001125,2026/05/02 02:26:22.571, 0, GPU-5ce6f291-9076-a589-a43c-c0632b050e8a, NVIDIA A100-SXM4-40GB, 34771, 40960, 0, 73.15, 31
nid001125,2026/05/02 02:26:22.573, 1, GPU-5ed9ba19-004a-b751-d755-ec7b68b19ca8, NVIDIA A100-SXM4-40GB, 34771, 40960, 0, 71.77, 30
nid001125,2026/05/02 02:26:22.575, 2, GPU-80d0401d-234d-1829-b81b-aa7261742f13, NVIDIA A100-SXM4-40GB, 36823, 40960, 29, 81.43, 33
nid001125,2026/05/02 02:26:22.577, 3, GPU-c6e625a8-e507-3a36-588a-be4edc0484f6, NVIDIA A100-SXM4-40GB, 35409, 40960, 27, 74.00, 31
nid001128,2026/05/02 02:26:23.655, 0, GPU-65cea835-1804-4e24-41a4-2217feb6db7f, NVIDIA A100-SXM4-40GB, 34883, 40960, 12, 81.43, 34
nid001128,2026/05/02 02:26:23.658, 1, GPU-e435914a-3f63-f23f-a341-e46a8d29f5ce, NVIDIA A100-SXM4-40GB, 36859, 40960, 25, 72.69, 31
nid001128,2026/05/02 02:26:23.660, 2, GPU-4e46ff65-1933-e621-0c36-86d6cd93881b, NVIDIA A100-SXM4-40GB, 36883, 40960, 31, 129.07, 33
nid001128,2026/05/02 02:26:23.663, 3, GPU-56e69d90-205e-8e19-4191-ad1b61c1e7b9, NVIDIA A100-SXM4-40GB, 36871, 40960, 32, 125.83, 31
nid001125,2026/05/02 02:26:26.875, 0, GPU-5ce6f291-9076-a589-a43c-c0632b050e8a, NVIDIA A100-SXM4-40GB, 34771, 40960, 0, 73.24, 31
nid001125,2026/05/02 02:26:26.877, 1, GPU-5ed9ba19-004a-b751-d755-ec7b68b19ca8, NVIDIA A100-SXM4-40GB, 34771, 40960, 0, 71.77, 30
nid001125,2026/05/02 02:26:26.879, 2, GPU-80d0401d-234d-1829-b81b-aa7261742f13, NVIDIA A100-SXM4-40GB, 36823, 40960, 26, 83.19, 33
nid001125,2026/05/02 02:26:26.880, 3, GPU-c6e625a8-e507-3a36-588a-be4edc0484f6, NVIDIA A100-SXM4-40GB, 35409, 40960, 31, 103.73, 31
nid001128,2026/05/02 02:26:28.028, 0, GPU-65cea835-1804-4e24-41a4-2217feb6db7f, NVIDIA A100-SXM4-40GB, 34883, 40960, 12, 96.42, 34
nid001128,2026/05/02 02:26:28.030, 1, GPU-e435914a-3f63-f23f-a341-e46a8d29f5ce, NVIDIA A100-SXM4-40GB, 36859, 40960, 29, 101.19, 31
nid001128,2026/05/02 02:26:28.032, 2, GPU-4e46ff65-1933-e621-0c36-86d6cd93881b, NVIDIA A100-SXM4-40GB, 36883, 40960, 26, 98.75, 33
nid001128,2026/05/02 02:26:28.035, 3, GPU-56e69d90-205e-8e19-4191-ad1b61c1e7b9, NVIDIA A100-SXM4-40GB, 36871, 40960, 26, 91.67, 30
nid001125,2026/05/02 02:26:31.291, 0, GPU-5ce6f291-9076-a589-a43c-c0632b050e8a, NVIDIA A100-SXM4-40GB, 34771, 40960, 0, 72.95, 31
nid001125,2026/05/02 02:26:31.293, 1, GPU-5ed9ba19-004a-b751-d755-ec7b68b19ca8, NVIDIA A100-SXM4-40GB, 34771, 40960, 0, 71.77, 30
nid001125,2026/05/02 02:26:31.295, 2, GPU-80d0401d-234d-1829-b81b-aa7261742f13, NVIDIA A100-SXM4-40GB, 36823, 40960, 26, 114.07, 33
nid001125,2026/05/02 02:26:31.297, 3, GPU-c6e625a8-e507-3a36-588a-be4edc0484f6, NVIDIA A100-SXM4-40GB, 35409, 40960, 26, 130.37, 31
nid001128,2026/05/02 02:26:32.363, 0, GPU-65cea835-1804-4e24-41a4-2217feb6db7f, NVIDIA A100-SXM4-40GB, 34883, 40960, 12, 90.80, 34
nid001128,2026/05/02 02:26:32.365, 1, GPU-e435914a-3f63-f23f-a341-e46a8d29f5ce, NVIDIA A100-SXM4-40GB, 36859, 40960, 28, 65.64, 31
nid001128,2026/05/02 02:26:32.367, 2, GPU-4e46ff65-1933-e621-0c36-86d6cd93881b, NVIDIA A100-SXM4-40GB, 36883, 40960, 33, 88.57, 33
nid001128,2026/05/02 02:26:32.368, 3, GPU-56e69d90-205e-8e19-4191-ad1b61c1e7b9, NVIDIA A100-SXM4-40GB, 36871, 40960, 33, 85.76, 30
nid001125,2026/05/02 02:26:35.433, 0, GPU-5ce6f291-9076-a589-a43c-c0632b050e8a, NVIDIA A100-SXM4-40GB, 34771, 40960, 0, 72.95, 31
nid001125,2026/05/02 02:26:35.436, 1, GPU-5ed9ba19-004a-b751-d755-ec7b68b19ca8, NVIDIA A100-SXM4-40GB, 34771, 40960, 0, 71.86, 31
nid001125,2026/05/02 02:26:35.438, 2, GPU-80d0401d-234d-1829-b81b-aa7261742f13, NVIDIA A100-SXM4-40GB, 36823, 40960, 33, 70.14, 33
nid001125,2026/05/02 02:26:35.439, 3, GPU-c6e625a8-e507-3a36-588a-be4edc0484f6, NVIDIA A100-SXM4-40GB, 35409, 40960, 27, 71.71, 31
nid001128,2026/05/02 02:26:36.539, 0, GPU-65cea835-1804-4e24-41a4-2217feb6db7f, NVIDIA A100-SXM4-40GB, 35099, 40960, 0, 104.21, 35
nid001128,2026/05/02 02:26:36.541, 1, GPU-e435914a-3f63-f23f-a341-e46a8d29f5ce, NVIDIA A100-SXM4-40GB, 37075, 40960, 13, 78.67, 32
nid001128,2026/05/02 02:26:36.542, 2, GPU-4e46ff65-1933-e621-0c36-86d6cd93881b, NVIDIA A100-SXM4-40GB, 37099, 40960, 91, 81.57, 35
nid001128,2026/05/02 02:26:36.544, 3, GPU-56e69d90-205e-8e19-4191-ad1b61c1e7b9, NVIDIA A100-SXM4-40GB, 37087, 40960, 98, 134.02, 32
nid001125,2026/05/02 02:26:39.602, 0, GPU-5ce6f291-9076-a589-a43c-c0632b050e8a, NVIDIA A100-SXM4-40GB, 34771, 40960, 0, 73.15, 31
nid001125,2026/05/02 02:26:39.604, 1, GPU-5ed9ba19-004a-b751-d755-ec7b68b19ca8, NVIDIA A100-SXM4-40GB, 34771, 40960, 0, 71.69, 30
nid001125,2026/05/02 02:26:39.606, 2, GPU-80d0401d-234d-1829-b81b-aa7261742f13, NVIDIA A100-SXM4-40GB, 37039, 40960, 38, 119.98, 38
nid001125,2026/05/02 02:26:39.607, 3, GPU-c6e625a8-e507-3a36-588a-be4edc0484f6, NVIDIA A100-SXM4-40GB, 35625, 40960, 47, 204.63, 36
nid001128,2026/05/02 02:26:40.635, 0, GPU-65cea835-1804-4e24-41a4-2217feb6db7f, NVIDIA A100-SXM4-40GB, 35099, 40960, 30, 77.24, 35
nid001128,2026/05/02 02:26:40.638, 1, GPU-e435914a-3f63-f23f-a341-e46a8d29f5ce, NVIDIA A100-SXM4-40GB, 37075, 40960, 44, 97.12, 34
nid001128,2026/05/02 02:26:40.641, 2, GPU-4e46ff65-1933-e621-0c36-86d6cd93881b, NVIDIA A100-SXM4-40GB, 37099, 40960, 38, 100.79, 37
nid001128,2026/05/02 02:26:40.642, 3, GPU-56e69d90-205e-8e19-4191-ad1b61c1e7b9, NVIDIA A100-SXM4-40GB, 37087, 40960, 39, 97.94, 34
nid001125,2026/05/02 02:26:43.680, 0, GPU-5ce6f291-9076-a589-a43c-c0632b050e8a, NVIDIA A100-SXM4-40GB, 34771, 40960, 0, 73.06, 31
nid001125,2026/05/02 02:26:43.686, 1, GPU-5ed9ba19-004a-b751-d755-ec7b68b19ca8, NVIDIA A100-SXM4-40GB, 34771, 40960, 0, 71.69, 31
nid001125,2026/05/02 02:26:43.692, 2, GPU-80d0401d-234d-1829-b81b-aa7261742f13, NVIDIA A100-SXM4-40GB, 37039, 40960, 42, 108.94, 38
nid001125,2026/05/02 02:26:43.700, 3, GPU-c6e625a8-e507-3a36-588a-be4edc0484f6, NVIDIA A100-SXM4-40GB, 35625, 40960, 46, 116.88, 37
nid001128,2026/05/02 02:26:44.759, 0, GPU-65cea835-1804-4e24-41a4-2217feb6db7f, NVIDIA A100-SXM4-40GB, 35099, 40960, 25, 131.05, 35
nid001128,2026/05/02 02:26:44.762, 1, GPU-e435914a-3f63-f23f-a341-e46a8d29f5ce, NVIDIA A100-SXM4-40GB, 37075, 40960, 38, 177.43, 35
nid001128,2026/05/02 02:26:44.764, 2, GPU-4e46ff65-1933-e621-0c36-86d6cd93881b, NVIDIA A100-SXM4-40GB, 37099, 40960, 44, 91.89, 38
nid001128,2026/05/02 02:26:44.765, 3, GPU-56e69d90-205e-8e19-4191-ad1b61c1e7b9, NVIDIA A100-SXM4-40GB, 37087, 40960, 47, 90.80, 34
nid001125,2026/05/02 02:26:47.850, 0, GPU-5ce6f291-9076-a589-a43c-c0632b050e8a, NVIDIA A100-SXM4-40GB, 34771, 40960, 0, 73.06, 31
nid001125,2026/05/02 02:26:47.864, 1, GPU-5ed9ba19-004a-b751-d755-ec7b68b19ca8, NVIDIA A100-SXM4-40GB, 34771, 40960, 0, 71.69, 30
nid001125,2026/05/02 02:26:47.869, 2, GPU-80d0401d-234d-1829-b81b-aa7261742f13, NVIDIA A100-SXM4-40GB, 37039, 40960, 38, 113.84, 39
nid001125,2026/05/02 02:26:47.894, 3, GPU-c6e625a8-e507-3a36-588a-be4edc0484f6, NVIDIA A100-SXM4-40GB, 35625, 40960, 40, 193.36, 37
nid001128,2026/05/02 02:26:48.986, 0, GPU-65cea835-1804-4e24-41a4-2217feb6db7f, NVIDIA A100-SXM4-40GB, 35099, 40960, 25, 97.59, 36
nid001128,2026/05/02 02:26:48.990, 1, GPU-e435914a-3f63-f23f-a341-e46a8d29f5ce, NVIDIA A100-SXM4-40GB, 37075, 40960, 44, 227.08, 34
nid001128,2026/05/02 02:26:48.991, 2, GPU-4e46ff65-1933-e621-0c36-86d6cd93881b, NVIDIA A100-SXM4-40GB, 37099, 40960, 38, 100.27, 38
nid001128,2026/05/02 02:26:48.994, 3, GPU-56e69d90-205e-8e19-4191-ad1b61c1e7b9, NVIDIA A100-SXM4-40GB, 37087, 40960, 39, 165.76, 35
nid001125,2026/05/02 02:26:52.124, 0, GPU-5ce6f291-9076-a589-a43c-c0632b050e8a, NVIDIA A100-SXM4-40GB, 34771, 40960, 0, 73.15, 31
nid001125,2026/05/02 02:26:52.129, 1, GPU-5ed9ba19-004a-b751-d755-ec7b68b19ca8, NVIDIA A100-SXM4-40GB, 34771, 40960, 0, 71.69, 30
nid001125,2026/05/02 02:26:52.131, 2, GPU-80d0401d-234d-1829-b81b-aa7261742f13, NVIDIA A100-SXM4-40GB, 37039, 40960, 43, 112.26, 39
nid001125,2026/05/02 02:26:52.132, 3, GPU-c6e625a8-e507-3a36-588a-be4edc0484f6, NVIDIA A100-SXM4-40GB, 35625, 40960, 44, 120.12, 37
nid001128,2026/05/02 02:26:53.192, 0, GPU-65cea835-1804-4e24-41a4-2217feb6db7f, NVIDIA A100-SXM4-40GB, 35099, 40960, 29, 116.12, 35
nid001128,2026/05/02 02:26:53.194, 1, GPU-e435914a-3f63-f23f-a341-e46a8d29f5ce, NVIDIA A100-SXM4-40GB, 37075, 40960, 38, 102.95, 35
nid001128,2026/05/02 02:26:53.197, 2, GPU-4e46ff65-1933-e621-0c36-86d6cd93881b, NVIDIA A100-SXM4-40GB, 37099, 40960, 42, 170.36, 38
nid001128,2026/05/02 02:26:53.199, 3, GPU-56e69d90-205e-8e19-4191-ad1b61c1e7b9, NVIDIA A100-SXM4-40GB, 37087, 40960, 43, 92.85, 34
nid001125,2026/05/02 02:26:56.228, 0, GPU-5ce6f291-9076-a589-a43c-c0632b050e8a, NVIDIA A100-SXM4-40GB, 34771, 40960, 0, 73.06, 31
nid001125,2026/05/02 02:26:56.233, 1, GPU-5ed9ba19-004a-b751-d755-ec7b68b19ca8, NVIDIA A100-SXM4-40GB, 34771, 40960, 0, 71.77, 31
nid001125,2026/05/02 02:26:56.240, 2, GPU-80d0401d-234d-1829-b81b-aa7261742f13, NVIDIA A100-SXM4-40GB, 37039, 40960, 43, 111.27, 39
nid001125,2026/05/02 02:26:56.246, 3, GPU-c6e625a8-e507-3a36-588a-be4edc0484f6, NVIDIA A100-SXM4-40GB, 35625, 40960, 40, 116.12, 36
nid001128,2026/05/02 02:26:57.317, 0, GPU-65cea835-1804-4e24-41a4-2217feb6db7f, NVIDIA A100-SXM4-40GB, 35099, 40960, 29, 140.15, 35
nid001128,2026/05/02 02:26:57.319, 1, GPU-e435914a-3f63-f23f-a341-e46a8d29f5ce, NVIDIA A100-SXM4-40GB, 37075, 40960, 39, 104.75, 35
nid001128,2026/05/02 02:26:57.321, 2, GPU-4e46ff65-1933-e621-0c36-86d6cd93881b, NVIDIA A100-SXM4-40GB, 37099, 40960, 42, 96.72, 38
nid001128,2026/05/02 02:26:57.322, 3, GPU-56e69d90-205e-8e19-4191-ad1b61c1e7b9, NVIDIA A100-SXM4-40GB, 37087, 40960, 46, 137.11, 34
nid001125,2026/05/02 02:27:00.354, 0, GPU-5ce6f291-9076-a589-a43c-c0632b050e8a, NVIDIA A100-SXM4-40GB, 34771, 40960, 0, 73.06, 31
nid001125,2026/05/02 02:27:00.357, 1, GPU-5ed9ba19-004a-b751-d755-ec7b68b19ca8, NVIDIA A100-SXM4-40GB, 34771, 40960, 0, 71.77, 31
nid001125,2026/05/02 02:27:00.358, 2, GPU-80d0401d-234d-1829-b81b-aa7261742f13, NVIDIA A100-SXM4-40GB, 37039, 40960, 39, 211.04, 39
nid001125,2026/05/02 02:27:00.361, 3, GPU-c6e625a8-e507-3a36-588a-be4edc0484f6, NVIDIA A100-SXM4-40GB, 35625, 40960, 44, 162.99, 37
nid001128,2026/05/02 02:27:01.433, 0, GPU-65cea835-1804-4e24-41a4-2217feb6db7f, NVIDIA A100-SXM4-40GB, 35099, 40960, 28, 89.41, 35
nid001128,2026/05/02 02:27:01.443, 1, GPU-e435914a-3f63-f23f-a341-e46a8d29f5ce, NVIDIA A100-SXM4-40GB, 37075, 40960, 38, 178.16, 34
nid001128,2026/05/02 02:27:01.451, 2, GPU-4e46ff65-1933-e621-0c36-86d6cd93881b, NVIDIA A100-SXM4-40GB, 37099, 40960, 45, 211.55, 38
nid001128,2026/05/02 02:27:01.460, 3, GPU-56e69d90-205e-8e19-4191-ad1b61c1e7b9, NVIDIA A100-SXM4-40GB, 37087, 40960, 42, 151.33, 34
nid001125,2026/05/02 02:27:04.596, 0, GPU-5ce6f291-9076-a589-a43c-c0632b050e8a, NVIDIA A100-SXM4-40GB, 34771, 40960, 0, 73.15, 31
nid001125,2026/05/02 02:27:04.598, 1, GPU-5ed9ba19-004a-b751-d755-ec7b68b19ca8, NVIDIA A100-SXM4-40GB, 34771, 40960, 0, 71.69, 31
nid001125,2026/05/02 02:27:04.600, 2, GPU-80d0401d-234d-1829-b81b-aa7261742f13, NVIDIA A100-SXM4-40GB, 37039, 40960, 38, 146.65, 39
nid001125,2026/05/02 02:27:04.605, 3, GPU-c6e625a8-e507-3a36-588a-be4edc0484f6, NVIDIA A100-SXM4-40GB, 35625, 40960, 46, 211.04, 36
nid001128,2026/05/02 02:27:05.661, 0, GPU-65cea835-1804-4e24-41a4-2217feb6db7f, NVIDIA A100-SXM4-40GB, 35099, 40960, 29, 138.11, 36
nid001128,2026/05/02 02:27:05.663, 1, GPU-e435914a-3f63-f23f-a341-e46a8d29f5ce, NVIDIA A100-SXM4-40GB, 37075, 40960, 38, 196.05, 36
nid001128,2026/05/02 02:27:05.665, 2, GPU-4e46ff65-1933-e621-0c36-86d6cd93881b, NVIDIA A100-SXM4-40GB, 37099, 40960, 45, 176.49, 38
nid001128,2026/05/02 02:27:05.666, 3, GPU-56e69d90-205e-8e19-4191-ad1b61c1e7b9, NVIDIA A100-SXM4-40GB, 37087, 40960, 43, 148.86, 35
nid001125,2026/05/02 02:27:08.748, 0, GPU-5ce6f291-9076-a589-a43c-c0632b050e8a, NVIDIA A100-SXM4-40GB, 34771, 40960, 0, 73.06, 31
nid001125,2026/05/02 02:27:08.751, 1, GPU-5ed9ba19-004a-b751-d755-ec7b68b19ca8, NVIDIA A100-SXM4-40GB, 34771, 40960, 0, 71.69, 31
nid001125,2026/05/02 02:27:08.752, 2, GPU-80d0401d-234d-1829-b81b-aa7261742f13, NVIDIA A100-SXM4-40GB, 37039, 40960, 44, 125.59, 39
nid001125,2026/05/02 02:27:08.754, 3, GPU-c6e625a8-e507-3a36-588a-be4edc0484f6, NVIDIA A100-SXM4-40GB, 35625, 40960, 43, 120.88, 36
nid001128,2026/05/02 02:27:09.812, 0, GPU-65cea835-1804-4e24-41a4-2217feb6db7f, NVIDIA A100-SXM4-40GB, 35099, 40960, 26, 91.04, 35
nid001128,2026/05/02 02:27:09.815, 1, GPU-e435914a-3f63-f23f-a341-e46a8d29f5ce, NVIDIA A100-SXM4-40GB, 37075, 40960, 42, 168.52, 35
nid001128,2026/05/02 02:27:09.817, 2, GPU-4e46ff65-1933-e621-0c36-86d6cd93881b, NVIDIA A100-SXM4-40GB, 37099, 40960, 38, 110.61, 39
nid001128,2026/05/02 02:27:09.820, 3, GPU-56e69d90-205e-8e19-4191-ad1b61c1e7b9, NVIDIA A100-SXM4-40GB, 37087, 40960, 46, 224.57, 34
nid001125,2026/05/02 02:27:12.889, 0, GPU-5ce6f291-9076-a589-a43c-c0632b050e8a, NVIDIA A100-SXM4-40GB, 34771, 40960, 0, 73.06, 31
nid001125,2026/05/02 02:27:12.891, 1, GPU-5ed9ba19-004a-b751-d755-ec7b68b19ca8, NVIDIA A100-SXM4-40GB, 34771, 40960, 0, 71.60, 31
nid001125,2026/05/02 02:27:12.893, 2, GPU-80d0401d-234d-1829-b81b-aa7261742f13, NVIDIA A100-SXM4-40GB, 37039, 40960, 38, 113.03, 39
nid001125,2026/05/02 02:27:12.896, 3, GPU-c6e625a8-e507-3a36-588a-be4edc0484f6, NVIDIA A100-SXM4-40GB, 35625, 40960, 40, 145.29, 37
nid001128,2026/05/02 02:27:13.928, 0, GPU-65cea835-1804-4e24-41a4-2217feb6db7f, NVIDIA A100-SXM4-40GB, 35099, 40960, 25, 150.39, 36
nid001128,2026/05/02 02:27:13.931, 1, GPU-e435914a-3f63-f23f-a341-e46a8d29f5ce, NVIDIA A100-SXM4-40GB, 37075, 40960, 44, 124.71, 35
nid001128,2026/05/02 02:27:13.934, 2, GPU-4e46ff65-1933-e621-0c36-86d6cd93881b, NVIDIA A100-SXM4-40GB, 37099, 40960, 38, 95.85, 38
nid001128,2026/05/02 02:27:13.941, 3, GPU-56e69d90-205e-8e19-4191-ad1b61c1e7b9, NVIDIA A100-SXM4-40GB, 37087, 40960, 39, 89.65, 34
nid001125,2026/05/02 02:27:17.006, 0, GPU-5ce6f291-9076-a589-a43c-c0632b050e8a, NVIDIA A100-SXM4-40GB, 34771, 40960, 0, 73.15, 31
nid001125,2026/05/02 02:27:17.012, 1, GPU-5ed9ba19-004a-b751-d755-ec7b68b19ca8, NVIDIA A100-SXM4-40GB, 34771, 40960, 0, 71.69, 31
nid001125,2026/05/02 02:27:17.034, 2, GPU-80d0401d-234d-1829-b81b-aa7261742f13, NVIDIA A100-SXM4-40GB, 37039, 40960, 41, 153.01, 39
nid001125,2026/05/02 02:27:17.046, 3, GPU-c6e625a8-e507-3a36-588a-be4edc0484f6, NVIDIA A100-SXM4-40GB, 35625, 40960, 46, 122.50, 37
nid001128,2026/05/02 02:27:18.087, 0, GPU-65cea835-1804-4e24-41a4-2217feb6db7f, NVIDIA A100-SXM4-40GB, 35099, 40960, 28, 83.00, 36
nid001128,2026/05/02 02:27:18.090, 1, GPU-e435914a-3f63-f23f-a341-e46a8d29f5ce, NVIDIA A100-SXM4-40GB, 37075, 40960, 38, 216.41, 35
nid001128,2026/05/02 02:27:18.092, 2, GPU-4e46ff65-1933-e621-0c36-86d6cd93881b, NVIDIA A100-SXM4-40GB, 37099, 40960, 44, 92.41, 39
nid001128,2026/05/02 02:27:18.093, 3, GPU-56e69d90-205e-8e19-4191-ad1b61c1e7b9, NVIDIA A100-SXM4-40GB, 37087, 40960, 44, 91.69, 35
nid001125,2026/05/02 02:27:21.204, 0, GPU-5ce6f291-9076-a589-a43c-c0632b050e8a, NVIDIA A100-SXM4-40GB, 34771, 40960, 0, 73.06, 31
nid001125,2026/05/02 02:27:21.207, 1, GPU-5ed9ba19-004a-b751-d755-ec7b68b19ca8, NVIDIA A100-SXM4-40GB, 34771, 40960, 0, 71.69, 31
nid001125,2026/05/02 02:27:21.208, 2, GPU-80d0401d-234d-1829-b81b-aa7261742f13, NVIDIA A100-SXM4-40GB, 37039, 40960, 43, 180.11, 40
nid001125,2026/05/02 02:27:21.210, 3, GPU-c6e625a8-e507-3a36-588a-be4edc0484f6, NVIDIA A100-SXM4-40GB, 35625, 40960, 53, 158.05, 37
nid001128,2026/05/02 02:27:22.283, 0, GPU-65cea835-1804-4e24-41a4-2217feb6db7f, NVIDIA A100-SXM4-40GB, 35099, 40960, 39, 155.40, 37
nid001128,2026/05/02 02:27:22.286, 1, GPU-e435914a-3f63-f23f-a341-e46a8d29f5ce, NVIDIA A100-SXM4-40GB, 37075, 40960, 72, 190.70, 36
nid001128,2026/05/02 02:27:22.288, 2, GPU-4e46ff65-1933-e621-0c36-86d6cd93881b, NVIDIA A100-SXM4-40GB, 37099, 40960, 77, 222.49, 40
nid001128,2026/05/02 02:27:22.290, 3, GPU-56e69d90-205e-8e19-4191-ad1b61c1e7b9, NVIDIA A100-SXM4-40GB, 37087, 40960, 77, 190.10, 36
nid001125,2026/05/02 02:27:25.383, 0, GPU-5ce6f291-9076-a589-a43c-c0632b050e8a, NVIDIA A100-SXM4-40GB, 34771, 40960, 0, 73.15, 31
nid001125,2026/05/02 02:27:25.385, 1, GPU-5ed9ba19-004a-b751-d755-ec7b68b19ca8, NVIDIA A100-SXM4-40GB, 34771, 40960, 0, 71.60, 31
nid001125,2026/05/02 02:27:25.387, 2, GPU-80d0401d-234d-1829-b81b-aa7261742f13, NVIDIA A100-SXM4-40GB, 37039, 40960, 38, 145.36, 41
nid001125,2026/05/02 02:27:25.388, 3, GPU-c6e625a8-e507-3a36-588a-be4edc0484f6, NVIDIA A100-SXM4-40GB, 35625, 40960, 39, 113.31, 37
nid001128,2026/05/02 02:27:26.428, 0, GPU-65cea835-1804-4e24-41a4-2217feb6db7f, NVIDIA A100-SXM4-40GB, 35099, 40960, 24, 103.60, 38
nid001128,2026/05/02 02:27:26.434, 1, GPU-e435914a-3f63-f23f-a341-e46a8d29f5ce, NVIDIA A100-SXM4-40GB, 37075, 40960, 41, 100.39, 35
nid001128,2026/05/02 02:27:26.449, 2, GPU-4e46ff65-1933-e621-0c36-86d6cd93881b, NVIDIA A100-SXM4-40GB, 37099, 40960, 38, 89.12, 39
nid001128,2026/05/02 02:27:26.452, 3, GPU-56e69d90-205e-8e19-4191-ad1b61c1e7b9, NVIDIA A100-SXM4-40GB, 37087, 40960, 42, 141.04, 35
nid001125,2026/05/02 02:27:29.528, 0, GPU-5ce6f291-9076-a589-a43c-c0632b050e8a, NVIDIA A100-SXM4-40GB, 34771, 40960, 0, 73.15, 31
nid001125,2026/05/02 02:27:29.531, 1, GPU-5ed9ba19-004a-b751-d755-ec7b68b19ca8, NVIDIA A100-SXM4-40GB, 34771, 40960, 0, 71.69, 31
nid001125,2026/05/02 02:27:29.532, 2, GPU-80d0401d-234d-1829-b81b-aa7261742f13, NVIDIA A100-SXM4-40GB, 37039, 40960, 41, 197.51, 40
nid001125,2026/05/02 02:27:29.534, 3, GPU-c6e625a8-e507-3a36-588a-be4edc0484f6, NVIDIA A100-SXM4-40GB, 35625, 40960, 47, 123.41, 37
nid001128,2026/05/02 02:27:30.578, 0, GPU-65cea835-1804-4e24-41a4-2217feb6db7f, NVIDIA A100-SXM4-40GB, 35099, 40960, 28, 137.87, 36
nid001128,2026/05/02 02:27:30.581, 1, GPU-e435914a-3f63-f23f-a341-e46a8d29f5ce, NVIDIA A100-SXM4-40GB, 37075, 40960, 38, 90.72, 35
nid001128,2026/05/02 02:27:30.583, 2, GPU-4e46ff65-1933-e621-0c36-86d6cd93881b, NVIDIA A100-SXM4-40GB, 37099, 40960, 46, 148.04, 39
nid001128,2026/05/02 02:27:30.584, 3, GPU-56e69d90-205e-8e19-4191-ad1b61c1e7b9, NVIDIA A100-SXM4-40GB, 37087, 40960, 41, 193.66, 35
nid001125,2026/05/02 02:27:33.702, 0, GPU-5ce6f291-9076-a589-a43c-c0632b050e8a, NVIDIA A100-SXM4-40GB, 34771, 40960, 0, 73.15, 31
nid001125,2026/05/02 02:27:33.704, 1, GPU-5ed9ba19-004a-b751-d755-ec7b68b19ca8, NVIDIA A100-SXM4-40GB, 34771, 40960, 0, 71.77, 31
nid001125,2026/05/02 02:27:33.706, 2, GPU-80d0401d-234d-1829-b81b-aa7261742f13, NVIDIA A100-SXM4-40GB, 37039, 40960, 39, 118.69, 39
nid001125,2026/05/02 02:27:33.708, 3, GPU-c6e625a8-e507-3a36-588a-be4edc0484f6, NVIDIA A100-SXM4-40GB, 35625, 40960, 40, 122.17, 36
nid001128,2026/05/02 02:27:34.932, 0, GPU-65cea835-1804-4e24-41a4-2217feb6db7f, NVIDIA A100-SXM4-40GB, 35099, 40960, 31, 75.96, 36
nid001128,2026/05/02 02:27:34.936, 1, GPU-e435914a-3f63-f23f-a341-e46a8d29f5ce, NVIDIA A100-SXM4-40GB, 37075, 40960, 39, 107.79, 35
nid001128,2026/05/02 02:27:34.937, 2, GPU-4e46ff65-1933-e621-0c36-86d6cd93881b, NVIDIA A100-SXM4-40GB, 37099, 40960, 43, 220.69, 39
nid001128,2026/05/02 02:27:34.942, 3, GPU-56e69d90-205e-8e19-4191-ad1b61c1e7b9, NVIDIA A100-SXM4-40GB, 37087, 40960, 45, 130.06, 35
nid001125,2026/05/02 02:27:37.987, 0, GPU-5ce6f291-9076-a589-a43c-c0632b050e8a, NVIDIA A100-SXM4-40GB, 34771, 40960, 0, 73.06, 31
nid001125,2026/05/02 02:27:37.990, 1, GPU-5ed9ba19-004a-b751-d755-ec7b68b19ca8, NVIDIA A100-SXM4-40GB, 34771, 40960, 0, 71.77, 31
nid001125,2026/05/02 02:27:37.991, 2, GPU-80d0401d-234d-1829-b81b-aa7261742f13, NVIDIA A100-SXM4-40GB, 37039, 40960, 45, 119.69, 40
nid001125,2026/05/02 02:27:37.993, 3, GPU-c6e625a8-e507-3a36-588a-be4edc0484f6, NVIDIA A100-SXM4-40GB, 35625, 40960, 46, 203.64, 37
nid001128,2026/05/02 02:27:39.030, 0, GPU-65cea835-1804-4e24-41a4-2217feb6db7f, NVIDIA A100-SXM4-40GB, 35099, 40960, 25, 131.45, 36
nid001128,2026/05/02 02:27:39.033, 1, GPU-e435914a-3f63-f23f-a341-e46a8d29f5ce, NVIDIA A100-SXM4-40GB, 37075, 40960, 38, 98.35, 35
nid001128,2026/05/02 02:27:39.036, 2, GPU-4e46ff65-1933-e621-0c36-86d6cd93881b, NVIDIA A100-SXM4-40GB, 37099, 40960, 45, 95.61, 39
nid001128,2026/05/02 02:27:39.042, 3, GPU-56e69d90-205e-8e19-4191-ad1b61c1e7b9, NVIDIA A100-SXM4-40GB, 37087, 40960, 42, 174.21, 35
nid001125,2026/05/02 02:27:42.198, 0, GPU-5ce6f291-9076-a589-a43c-c0632b050e8a, NVIDIA A100-SXM4-40GB, 34771, 40960, 0, 73.06, 31
nid001125,2026/05/02 02:27:42.209, 1, GPU-5ed9ba19-004a-b751-d755-ec7b68b19ca8, NVIDIA A100-SXM4-40GB, 34771, 40960, 0, 71.69, 31
nid001125,2026/05/02 02:27:42.223, 2, GPU-80d0401d-234d-1829-b81b-aa7261742f13, NVIDIA A100-SXM4-40GB, 37039, 40960, 41, 130.21, 40
nid001125,2026/05/02 02:27:42.228, 3, GPU-c6e625a8-e507-3a36-588a-be4edc0484f6, NVIDIA A100-SXM4-40GB, 35625, 40960, 40, 184.43, 36
nid001128,2026/05/02 02:27:43.315, 0, GPU-65cea835-1804-4e24-41a4-2217feb6db7f, NVIDIA A100-SXM4-40GB, 35099, 40960, 25, 98.99, 36
nid001128,2026/05/02 02:27:43.323, 1, GPU-e435914a-3f63-f23f-a341-e46a8d29f5ce, NVIDIA A100-SXM4-40GB, 37075, 40960, 44, 85.12, 35
nid001128,2026/05/02 02:27:43.330, 2, GPU-4e46ff65-1933-e621-0c36-86d6cd93881b, NVIDIA A100-SXM4-40GB, 37099, 40960, 38, 212.82, 39
nid001128,2026/05/02 02:27:43.337, 3, GPU-56e69d90-205e-8e19-4191-ad1b61c1e7b9, NVIDIA A100-SXM4-40GB, 37087, 40960, 38, 146.12, 35
nid001125,2026/05/02 02:27:46.438, 0, GPU-5ce6f291-9076-a589-a43c-c0632b050e8a, NVIDIA A100-SXM4-40GB, 34771, 40960, 0, 73.06, 31
nid001125,2026/05/02 02:27:46.441, 1, GPU-5ed9ba19-004a-b751-d755-ec7b68b19ca8, NVIDIA A100-SXM4-40GB, 34771, 40960, 0, 71.69, 30
nid001125,2026/05/02 02:27:46.442, 2, GPU-80d0401d-234d-1829-b81b-aa7261742f13, NVIDIA A100-SXM4-40GB, 37039, 40960, 39, 154.82, 40
nid001125,2026/05/02 02:27:46.444, 3, GPU-c6e625a8-e507-3a36-588a-be4edc0484f6, NVIDIA A100-SXM4-40GB, 35625, 40960, 40, 209.24, 37
nid001128,2026/05/02 02:27:47.496, 0, GPU-65cea835-1804-4e24-41a4-2217feb6db7f, NVIDIA A100-SXM4-40GB, 35099, 40960, 25, 143.49, 36
nid001128,2026/05/02 02:27:47.504, 1, GPU-e435914a-3f63-f23f-a341-e46a8d29f5ce, NVIDIA A100-SXM4-40GB, 37075, 40960, 38, 118.13, 35
nid001128,2026/05/02 02:27:47.505, 2, GPU-4e46ff65-1933-e621-0c36-86d6cd93881b, NVIDIA A100-SXM4-40GB, 37099, 40960, 43, 102.83, 38
nid001128,2026/05/02 02:27:47.507, 3, GPU-56e69d90-205e-8e19-4191-ad1b61c1e7b9, NVIDIA A100-SXM4-40GB, 37087, 40960, 38, 130.60, 35
nid001125,2026/05/02 02:27:50.601, 0, GPU-5ce6f291-9076-a589-a43c-c0632b050e8a, NVIDIA A100-SXM4-40GB, 34771, 40960, 0, 73.15, 31
nid001125,2026/05/02 02:27:50.604, 1, GPU-5ed9ba19-004a-b751-d755-ec7b68b19ca8, NVIDIA A100-SXM4-40GB, 34771, 40960, 0, 71.77, 31
nid001125,2026/05/02 02:27:50.606, 2, GPU-80d0401d-234d-1829-b81b-aa7261742f13, NVIDIA A100-SXM4-40GB, 37039, 40960, 38, 147.40, 40
nid001125,2026/05/02 02:27:50.607, 3, GPU-c6e625a8-e507-3a36-588a-be4edc0484f6, NVIDIA A100-SXM4-40GB, 35625, 40960, 41, 165.56, 37
nid001128,2026/05/02 02:27:51.685, 0, GPU-65cea835-1804-4e24-41a4-2217feb6db7f, NVIDIA A100-SXM4-40GB, 35099, 40960, 26, 131.60, 36
nid001128,2026/05/02 02:27:51.687, 1, GPU-e435914a-3f63-f23f-a341-e46a8d29f5ce, NVIDIA A100-SXM4-40GB, 37075, 40960, 42, 182.54, 35
nid001128,2026/05/02 02:27:51.689, 2, GPU-4e46ff65-1933-e621-0c36-86d6cd93881b, NVIDIA A100-SXM4-40GB, 37099, 40960, 39, 92.53, 39
nid001128,2026/05/02 02:27:51.691, 3, GPU-56e69d90-205e-8e19-4191-ad1b61c1e7b9, NVIDIA A100-SXM4-40GB, 37087, 40960, 40, 136.42, 35
nid001125,2026/05/02 02:27:54.768, 0, GPU-5ce6f291-9076-a589-a43c-c0632b050e8a, NVIDIA A100-SXM4-40GB, 34771, 40960, 0, 73.06, 31
nid001125,2026/05/02 02:27:54.778, 1, GPU-5ed9ba19-004a-b751-d755-ec7b68b19ca8, NVIDIA A100-SXM4-40GB, 34771, 40960, 0, 71.60, 31
nid001125,2026/05/02 02:27:54.792, 2, GPU-80d0401d-234d-1829-b81b-aa7261742f13, NVIDIA A100-SXM4-40GB, 37039, 40960, 38, 139.75, 40
nid001125,2026/05/02 02:27:54.797, 3, GPU-c6e625a8-e507-3a36-588a-be4edc0484f6, NVIDIA A100-SXM4-40GB, 35625, 40960, 40, 204.63, 36
nid001128,2026/05/02 02:27:55.861, 0, GPU-65cea835-1804-4e24-41a4-2217feb6db7f, NVIDIA A100-SXM4-40GB, 35099, 40960, 27, 135.30, 36
nid001128,2026/05/02 02:27:55.863, 1, GPU-e435914a-3f63-f23f-a341-e46a8d29f5ce, NVIDIA A100-SXM4-40GB, 37075, 40960, 38, 86.87, 35
nid001128,2026/05/02 02:27:55.865, 2, GPU-4e46ff65-1933-e621-0c36-86d6cd93881b, NVIDIA A100-SXM4-40GB, 37099, 40960, 38, 91.26, 38
nid001128,2026/05/02 02:27:55.866, 3, GPU-56e69d90-205e-8e19-4191-ad1b61c1e7b9, NVIDIA A100-SXM4-40GB, 37087, 40960, 40, 139.23, 35
nid001125,2026/05/02 02:27:58.919, 0, GPU-5ce6f291-9076-a589-a43c-c0632b050e8a, NVIDIA A100-SXM4-40GB, 34771, 40960, 0, 73.06, 31
nid001125,2026/05/02 02:27:58.921, 1, GPU-5ed9ba19-004a-b751-d755-ec7b68b19ca8, NVIDIA A100-SXM4-40GB, 34771, 40960, 0, 71.69, 31
nid001125,2026/05/02 02:27:58.923, 2, GPU-80d0401d-234d-1829-b81b-aa7261742f13, NVIDIA A100-SXM4-40GB, 37039, 40960, 44, 113.03, 39
nid001125,2026/05/02 02:27:58.929, 3, GPU-c6e625a8-e507-3a36-588a-be4edc0484f6, NVIDIA A100-SXM4-40GB, 35625, 40960, 45, 130.29, 36
nid001128,2026/05/02 02:28:00.004, 0, GPU-65cea835-1804-4e24-41a4-2217feb6db7f, NVIDIA A100-SXM4-40GB, 35099, 40960, 25, 82.72, 36
nid001128,2026/05/02 02:28:00.012, 1, GPU-e435914a-3f63-f23f-a341-e46a8d29f5ce, NVIDIA A100-SXM4-40GB, 37075, 40960, 38, 96.60, 36
nid001128,2026/05/02 02:28:00.015, 2, GPU-4e46ff65-1933-e621-0c36-86d6cd93881b, NVIDIA A100-SXM4-40GB, 37099, 40960, 45, 141.88, 39
nid001128,2026/05/02 02:28:00.017, 3, GPU-56e69d90-205e-8e19-4191-ad1b61c1e7b9, NVIDIA A100-SXM4-40GB, 37087, 40960, 38, 215.62, 35
nid001125,2026/05/02 02:28:03.113, 0, GPU-5ce6f291-9076-a589-a43c-c0632b050e8a, NVIDIA A100-SXM4-40GB, 34771, 40960, 0, 72.98, 31
nid001125,2026/05/02 02:28:03.121, 1, GPU-5ed9ba19-004a-b751-d755-ec7b68b19ca8, NVIDIA A100-SXM4-40GB, 34771, 40960, 0, 71.60, 31
nid001125,2026/05/02 02:28:03.129, 2, GPU-80d0401d-234d-1829-b81b-aa7261742f13, NVIDIA A100-SXM4-40GB, 37039, 40960, 42, 141.04, 40
nid001125,2026/05/02 02:28:03.140, 3, GPU-c6e625a8-e507-3a36-588a-be4edc0484f6, NVIDIA A100-SXM4-40GB, 35625, 40960, 46, 215.14, 37
nid001128,2026/05/02 02:28:04.188, 0, GPU-65cea835-1804-4e24-41a4-2217feb6db7f, NVIDIA A100-SXM4-40GB, 35099, 40960, 26, 99.40, 36
nid001128,2026/05/02 02:28:04.191, 1, GPU-e435914a-3f63-f23f-a341-e46a8d29f5ce, NVIDIA A100-SXM4-40GB, 37075, 40960, 44, 157.63, 35
nid001128,2026/05/02 02:28:04.192, 2, GPU-4e46ff65-1933-e621-0c36-86d6cd93881b, NVIDIA A100-SXM4-40GB, 37099, 40960, 39, 208.76, 38
nid001128,2026/05/02 02:28:04.194, 3, GPU-56e69d90-205e-8e19-4191-ad1b61c1e7b9, NVIDIA A100-SXM4-40GB, 37087, 40960, 44, 158.33, 35
nid001125,2026/05/02 02:28:07.296, 0, GPU-5ce6f291-9076-a589-a43c-c0632b050e8a, NVIDIA A100-SXM4-40GB, 34771, 40960, 0, 73.06, 31
nid001125,2026/05/02 02:28:07.299, 1, GPU-5ed9ba19-004a-b751-d755-ec7b68b19ca8, NVIDIA A100-SXM4-40GB, 34771, 40960, 0, 71.69, 31
nid001125,2026/05/02 02:28:07.300, 2, GPU-80d0401d-234d-1829-b81b-aa7261742f13, NVIDIA A100-SXM4-40GB, 37039, 40960, 44, 152.25, 40
nid001125,2026/05/02 02:28:07.303, 3, GPU-c6e625a8-e507-3a36-588a-be4edc0484f6, NVIDIA A100-SXM4-40GB, 35625, 40960, 40, 214.62, 36
nid001128,2026/05/02 02:28:08.384, 0, GPU-65cea835-1804-4e24-41a4-2217feb6db7f, NVIDIA A100-SXM4-40GB, 35099, 40960, 29, 162.76, 36
nid001128,2026/05/02 02:28:08.387, 1, GPU-e435914a-3f63-f23f-a341-e46a8d29f5ce, NVIDIA A100-SXM4-40GB, 37075, 40960, 39, 141.53, 35
nid001128,2026/05/02 02:28:08.388, 2, GPU-4e46ff65-1933-e621-0c36-86d6cd93881b, NVIDIA A100-SXM4-40GB, 37099, 40960, 45, 91.78, 38
nid001128,2026/05/02 02:28:08.390, 3, GPU-56e69d90-205e-8e19-4191-ad1b61c1e7b9, NVIDIA A100-SXM4-40GB, 37087, 40960, 39, 136.94, 35
nid001125,2026/05/02 02:28:11.414, 0, GPU-5ce6f291-9076-a589-a43c-c0632b050e8a, NVIDIA A100-SXM4-40GB, 34771, 40960, 0, 73.15, 31
nid001125,2026/05/02 02:28:11.417, 1, GPU-5ed9ba19-004a-b751-d755-ec7b68b19ca8, NVIDIA A100-SXM4-40GB, 34771, 40960, 0, 71.77, 31
nid001125,2026/05/02 02:28:11.419, 2, GPU-80d0401d-234d-1829-b81b-aa7261742f13, NVIDIA A100-SXM4-40GB, 37039, 40960, 25, 104.84, 39
nid001125,2026/05/02 02:28:11.420, 3, GPU-c6e625a8-e507-3a36-588a-be4edc0484f6, NVIDIA A100-SXM4-40GB, 35625, 40960, 22, 110.35, 36
nid001128,2026/05/02 02:28:12.459, 0, GPU-65cea835-1804-4e24-41a4-2217feb6db7f, NVIDIA A100-SXM4-40GB, 35099, 40960, 12, 74.08, 35
nid001128,2026/05/02 02:28:12.461, 1, GPU-e435914a-3f63-f23f-a341-e46a8d29f5ce, NVIDIA A100-SXM4-40GB, 37075, 40960, 26, 109.61, 33
nid001128,2026/05/02 02:28:12.464, 2, GPU-4e46ff65-1933-e621-0c36-86d6cd93881b, NVIDIA A100-SXM4-40GB, 37099, 40960, 31, 99.40, 38
nid001128,2026/05/02 02:28:12.466, 3, GPU-56e69d90-205e-8e19-4191-ad1b61c1e7b9, NVIDIA A100-SXM4-40GB, 37087, 40960, 26, 76.90, 33
nid001125,2026/05/02 02:28:15.551, 0, GPU-5ce6f291-9076-a589-a43c-c0632b050e8a, NVIDIA A100-SXM4-40GB, 34771, 40960, 0, 73.06, 31
nid001125,2026/05/02 02:28:15.553, 1, GPU-5ed9ba19-004a-b751-d755-ec7b68b19ca8, NVIDIA A100-SXM4-40GB, 34771, 40960, 0, 71.69, 31
nid001125,2026/05/02 02:28:15.555, 2, GPU-80d0401d-234d-1829-b81b-aa7261742f13, NVIDIA A100-SXM4-40GB, 37039, 40960, 46, 179.58, 40
nid001125,2026/05/02 02:28:15.556, 3, GPU-c6e625a8-e507-3a36-588a-be4edc0484f6, NVIDIA A100-SXM4-40GB, 35625, 40960, 60, 118.41, 37
nid001128,2026/05/02 02:28:16.629, 0, GPU-65cea835-1804-4e24-41a4-2217feb6db7f, NVIDIA A100-SXM4-40GB, 35099, 40960, 24, 84.04, 36
nid001128,2026/05/02 02:28:16.633, 1, GPU-e435914a-3f63-f23f-a341-e46a8d29f5ce, NVIDIA A100-SXM4-40GB, 37075, 40960, 41, 90.30, 35
nid001128,2026/05/02 02:28:16.634, 2, GPU-4e46ff65-1933-e621-0c36-86d6cd93881b, NVIDIA A100-SXM4-40GB, 37099, 40960, 38, 105.15, 38
nid001128,2026/05/02 02:28:16.636, 3, GPU-56e69d90-205e-8e19-4191-ad1b61c1e7b9, NVIDIA A100-SXM4-40GB, 37087, 40960, 46, 130.84, 35
nid001125,2026/05/02 02:28:19.682, 0, GPU-5ce6f291-9076-a589-a43c-c0632b050e8a, NVIDIA A100-SXM4-40GB, 34771, 40960, 0, 73.15, 31
nid001125,2026/05/02 02:28:19.684, 1, GPU-5ed9ba19-004a-b751-d755-ec7b68b19ca8, NVIDIA A100-SXM4-40GB, 34771, 40960, 0, 71.77, 31
nid001125,2026/05/02 02:28:19.689, 2, GPU-80d0401d-234d-1829-b81b-aa7261742f13, NVIDIA A100-SXM4-40GB, 37039, 40960, 43, 124.07, 40
nid001125,2026/05/02 02:28:19.692, 3, GPU-c6e625a8-e507-3a36-588a-be4edc0484f6, NVIDIA A100-SXM4-40GB, 35625, 40960, 47, 150.67, 36
nid001128,2026/05/02 02:28:20.751, 0, GPU-65cea835-1804-4e24-41a4-2217feb6db7f, NVIDIA A100-SXM4-40GB, 35099, 40960, 27, 78.62, 36
nid001128,2026/05/02 02:28:20.754, 1, GPU-e435914a-3f63-f23f-a341-e46a8d29f5ce, NVIDIA A100-SXM4-40GB, 37075, 40960, 38, 218.16, 36
nid001128,2026/05/02 02:28:20.755, 2, GPU-4e46ff65-1933-e621-0c36-86d6cd93881b, NVIDIA A100-SXM4-40GB, 37099, 40960, 46, 204.18, 39
nid001128,2026/05/02 02:28:20.757, 3, GPU-56e69d90-205e-8e19-4191-ad1b61c1e7b9, NVIDIA A100-SXM4-40GB, 37087, 40960, 39, 123.93, 35
nid001125,2026/05/02 02:28:23.791, 0, GPU-5ce6f291-9076-a589-a43c-c0632b050e8a, NVIDIA A100-SXM4-40GB, 34771, 40960, 0, 73.15, 31
nid001125,2026/05/02 02:28:23.798, 1, GPU-5ed9ba19-004a-b751-d755-ec7b68b19ca8, NVIDIA A100-SXM4-40GB, 34771, 40960, 0, 71.77, 31
nid001125,2026/05/02 02:28:23.804, 2, GPU-80d0401d-234d-1829-b81b-aa7261742f13, NVIDIA A100-SXM4-40GB, 37039, 40960, 45, 108.17, 40
nid001125,2026/05/02 02:28:23.811, 3, GPU-c6e625a8-e507-3a36-588a-be4edc0484f6, NVIDIA A100-SXM4-40GB, 35625, 40960, 40, 115.21, 37
nid001128,2026/05/02 02:28:24.883, 0, GPU-65cea835-1804-4e24-41a4-2217feb6db7f, NVIDIA A100-SXM4-40GB, 35099, 40960, 25, 106.89, 36
nid001128,2026/05/02 02:28:24.886, 1, GPU-e435914a-3f63-f23f-a341-e46a8d29f5ce, NVIDIA A100-SXM4-40GB, 37075, 40960, 41, 117.37, 35
nid001128,2026/05/02 02:28:24.888, 2, GPU-4e46ff65-1933-e621-0c36-86d6cd93881b, NVIDIA A100-SXM4-40GB, 37099, 40960, 38, 172.43, 39
nid001128,2026/05/02 02:28:24.890, 3, GPU-56e69d90-205e-8e19-4191-ad1b61c1e7b9, NVIDIA A100-SXM4-40GB, 37087, 40960, 39, 105.65, 35
nid001125,2026/05/02 02:28:27.938, 0, GPU-5ce6f291-9076-a589-a43c-c0632b050e8a, NVIDIA A100-SXM4-40GB, 34771, 40960, 0, 73.06, 31
nid001125,2026/05/02 02:28:27.940, 1, GPU-5ed9ba19-004a-b751-d755-ec7b68b19ca8, NVIDIA A100-SXM4-40GB, 34771, 40960, 0, 71.77, 31
nid001125,2026/05/02 02:28:27.942, 2, GPU-80d0401d-234d-1829-b81b-aa7261742f13, NVIDIA A100-SXM4-40GB, 37039, 40960, 42, 177.54, 40
nid001125,2026/05/02 02:28:27.944, 3, GPU-c6e625a8-e507-3a36-588a-be4edc0484f6, NVIDIA A100-SXM4-40GB, 35625, 40960, 40, 182.15, 36
nid001128,2026/05/02 02:28:29.016, 0, GPU-65cea835-1804-4e24-41a4-2217feb6db7f, NVIDIA A100-SXM4-40GB, 35099, 40960, 25, 103.08, 36
nid001128,2026/05/02 02:28:29.023, 1, GPU-e435914a-3f63-f23f-a341-e46a8d29f5ce, NVIDIA A100-SXM4-40GB, 37075, 40960, 45, 180.22, 36
nid001128,2026/05/02 02:28:29.026, 2, GPU-4e46ff65-1933-e621-0c36-86d6cd93881b, NVIDIA A100-SXM4-40GB, 37099, 40960, 38, 187.91, 39
nid001128,2026/05/02 02:28:29.029, 3, GPU-56e69d90-205e-8e19-4191-ad1b61c1e7b9, NVIDIA A100-SXM4-40GB, 37087, 40960, 46, 163.95, 35
nid001125,2026/05/02 02:28:32.162, 0, GPU-5ce6f291-9076-a589-a43c-c0632b050e8a, NVIDIA A100-SXM4-40GB, 34771, 40960, 0, 73.06, 31
nid001125,2026/05/02 02:28:32.164, 1, GPU-5ed9ba19-004a-b751-d755-ec7b68b19ca8, NVIDIA A100-SXM4-40GB, 34771, 40960, 0, 71.60, 31
nid001125,2026/05/02 02:28:32.166, 2, GPU-80d0401d-234d-1829-b81b-aa7261742f13, NVIDIA A100-SXM4-40GB, 37039, 40960, 38, 181.41, 40
nid001125,2026/05/02 02:28:32.167, 3, GPU-c6e625a8-e507-3a36-588a-be4edc0484f6, NVIDIA A100-SXM4-40GB, 35625, 40960, 45, 182.37, 37
nid001128,2026/05/02 02:28:33.223, 0, GPU-65cea835-1804-4e24-41a4-2217feb6db7f, NVIDIA A100-SXM4-40GB, 35099, 40960, 28, 77.85, 36
nid001128,2026/05/02 02:28:33.227, 1, GPU-e435914a-3f63-f23f-a341-e46a8d29f5ce, NVIDIA A100-SXM4-40GB, 37075, 40960, 42, 114.32, 35
nid001128,2026/05/02 02:28:33.229, 2, GPU-4e46ff65-1933-e621-0c36-86d6cd93881b, NVIDIA A100-SXM4-40GB, 37099, 40960, 38, 92.13, 39
nid001128,2026/05/02 02:28:33.230, 3, GPU-56e69d90-205e-8e19-4191-ad1b61c1e7b9, NVIDIA A100-SXM4-40GB, 37087, 40960, 39, 96.77, 36
nid001125,2026/05/02 02:28:36.382, 0, GPU-5ce6f291-9076-a589-a43c-c0632b050e8a, NVIDIA A100-SXM4-40GB, 34771, 40960, 0, 73.06, 31
nid001125,2026/05/02 02:28:36.384, 1, GPU-5ed9ba19-004a-b751-d755-ec7b68b19ca8, NVIDIA A100-SXM4-40GB, 34771, 40960, 0, 71.69, 31
nid001125,2026/05/02 02:28:36.386, 2, GPU-80d0401d-234d-1829-b81b-aa7261742f13, NVIDIA A100-SXM4-40GB, 37039, 40960, 38, 108.94, 40
nid001125,2026/05/02 02:28:36.388, 3, GPU-c6e625a8-e507-3a36-588a-be4edc0484f6, NVIDIA A100-SXM4-40GB, 35625, 40960, 46, 110.98, 37
nid001128,2026/05/02 02:28:37.449, 0, GPU-65cea835-1804-4e24-41a4-2217feb6db7f, NVIDIA A100-SXM4-40GB, 35099, 40960, 31, 119.69, 36
nid001128,2026/05/02 02:28:37.455, 1, GPU-e435914a-3f63-f23f-a341-e46a8d29f5ce, NVIDIA A100-SXM4-40GB, 37075, 40960, 44, 180.20, 35
nid001128,2026/05/02 02:28:37.464, 2, GPU-4e46ff65-1933-e621-0c36-86d6cd93881b, NVIDIA A100-SXM4-40GB, 37099, 40960, 45, 119.13, 39
nid001128,2026/05/02 02:28:37.472, 3, GPU-56e69d90-205e-8e19-4191-ad1b61c1e7b9, NVIDIA A100-SXM4-40GB, 37087, 40960, 39, 91.28, 35
nid001125,2026/05/02 02:28:40.541, 0, GPU-5ce6f291-9076-a589-a43c-c0632b050e8a, NVIDIA A100-SXM4-40GB, 34771, 40960, 0, 73.06, 31
nid001125,2026/05/02 02:28:40.547, 1, GPU-5ed9ba19-004a-b751-d755-ec7b68b19ca8, NVIDIA A100-SXM4-40GB, 34771, 40960, 0, 71.77, 31
nid001125,2026/05/02 02:28:40.555, 2, GPU-80d0401d-234d-1829-b81b-aa7261742f13, NVIDIA A100-SXM4-40GB, 37039, 40960, 38, 110.98, 40
nid001125,2026/05/02 02:28:40.562, 3, GPU-c6e625a8-e507-3a36-588a-be4edc0484f6, NVIDIA A100-SXM4-40GB, 35625, 40960, 46, 110.74, 37
nid001128,2026/05/02 02:28:41.630, 0, GPU-65cea835-1804-4e24-41a4-2217feb6db7f, NVIDIA A100-SXM4-40GB, 35099, 40960, 29, 162.43, 36
nid001128,2026/05/02 02:28:41.633, 1, GPU-e435914a-3f63-f23f-a341-e46a8d29f5ce, NVIDIA A100-SXM4-40GB, 37075, 40960, 44, 85.46, 35
nid001128,2026/05/02 02:28:41.634, 2, GPU-4e46ff65-1933-e621-0c36-86d6cd93881b, NVIDIA A100-SXM4-40GB, 37099, 40960, 38, 92.52, 40
nid001128,2026/05/02 02:28:41.636, 3, GPU-56e69d90-205e-8e19-4191-ad1b61c1e7b9, NVIDIA A100-SXM4-40GB, 37087, 40960, 41, 99.34, 35
nid001125,2026/05/02 02:28:44.693, 0, GPU-5ce6f291-9076-a589-a43c-c0632b050e8a, NVIDIA A100-SXM4-40GB, 34771, 40960, 0, 73.15, 31
nid001125,2026/05/02 02:28:44.696, 1, GPU-5ed9ba19-004a-b751-d755-ec7b68b19ca8, NVIDIA A100-SXM4-40GB, 34771, 40960, 0, 71.77, 31
nid001125,2026/05/02 02:28:44.700, 2, GPU-80d0401d-234d-1829-b81b-aa7261742f13, NVIDIA A100-SXM4-40GB, 37039, 40960, 44, 138.63, 40
nid001125,2026/05/02 02:28:44.701, 3, GPU-c6e625a8-e507-3a36-588a-be4edc0484f6, NVIDIA A100-SXM4-40GB, 35625, 40960, 41, 198.79, 37
nid001128,2026/05/02 02:28:45.784, 0, GPU-65cea835-1804-4e24-41a4-2217feb6db7f, NVIDIA A100-SXM4-40GB, 35099, 40960, 25, 76.04, 36
nid001128,2026/05/02 02:28:45.786, 1, GPU-e435914a-3f63-f23f-a341-e46a8d29f5ce, NVIDIA A100-SXM4-40GB, 37075, 40960, 41, 198.56, 36
nid001128,2026/05/02 02:28:45.790, 2, GPU-4e46ff65-1933-e621-0c36-86d6cd93881b, NVIDIA A100-SXM4-40GB, 37099, 40960, 38, 176.25, 39
nid001128,2026/05/02 02:28:45.793, 3, GPU-56e69d90-205e-8e19-4191-ad1b61c1e7b9, NVIDIA A100-SXM4-40GB, 37087, 40960, 45, 192.08, 35
nid001125,2026/05/02 02:28:48.903, 0, GPU-5ce6f291-9076-a589-a43c-c0632b050e8a, NVIDIA A100-SXM4-40GB, 34771, 40960, 0, 73.15, 31
nid001125,2026/05/02 02:28:48.905, 1, GPU-5ed9ba19-004a-b751-d755-ec7b68b19ca8, NVIDIA A100-SXM4-40GB, 34771, 40960, 0, 71.77, 31
nid001125,2026/05/02 02:28:48.907, 2, GPU-80d0401d-234d-1829-b81b-aa7261742f13, NVIDIA A100-SXM4-40GB, 37039, 40960, 43, 186.48, 40
nid001125,2026/05/02 02:28:48.909, 3, GPU-c6e625a8-e507-3a36-588a-be4edc0484f6, NVIDIA A100-SXM4-40GB, 35625, 40960, 40, 241.43, 37
nid001128,2026/05/02 02:28:49.960, 0, GPU-65cea835-1804-4e24-41a4-2217feb6db7f, NVIDIA A100-SXM4-40GB, 35099, 40960, 25, 82.33, 36
nid001128,2026/05/02 02:28:49.970, 1, GPU-e435914a-3f63-f23f-a341-e46a8d29f5ce, NVIDIA A100-SXM4-40GB, 37075, 40960, 38, 200.87, 35
nid001128,2026/05/02 02:28:49.976, 2, GPU-4e46ff65-1933-e621-0c36-86d6cd93881b, NVIDIA A100-SXM4-40GB, 37099, 40960, 43, 94.05, 39
nid001128,2026/05/02 02:28:49.981, 3, GPU-56e69d90-205e-8e19-4191-ad1b61c1e7b9, NVIDIA A100-SXM4-40GB, 37087, 40960, 39, 156.63, 35
nid001125,2026/05/02 02:28:53.015, 0, GPU-5ce6f291-9076-a589-a43c-c0632b050e8a, NVIDIA A100-SXM4-40GB, 34771, 40960, 0, 73.15, 31
nid001125,2026/05/02 02:28:53.018, 1, GPU-5ed9ba19-004a-b751-d755-ec7b68b19ca8, NVIDIA A100-SXM4-40GB, 34771, 40960, 0, 71.69, 31
nid001125,2026/05/02 02:28:53.019, 2, GPU-80d0401d-234d-1829-b81b-aa7261742f13, NVIDIA A100-SXM4-40GB, 37039, 40960, 41, 197.98, 40
nid001125,2026/05/02 02:28:53.021, 3, GPU-c6e625a8-e507-3a36-588a-be4edc0484f6, NVIDIA A100-SXM4-40GB, 35625, 40960, 45, 212.81, 36
nid001128,2026/05/02 02:28:54.069, 0, GPU-65cea835-1804-4e24-41a4-2217feb6db7f, NVIDIA A100-SXM4-40GB, 35099, 40960, 28, 77.24, 36
nid001128,2026/05/02 02:28:54.072, 1, GPU-e435914a-3f63-f23f-a341-e46a8d29f5ce, NVIDIA A100-SXM4-40GB, 37075, 40960, 44, 173.60, 35
nid001128,2026/05/02 02:28:54.073, 2, GPU-4e46ff65-1933-e621-0c36-86d6cd93881b, NVIDIA A100-SXM4-40GB, 37099, 40960, 44, 90.50, 39
nid001128,2026/05/02 02:28:54.074, 3, GPU-56e69d90-205e-8e19-4191-ad1b61c1e7b9, NVIDIA A100-SXM4-40GB, 37087, 40960, 45, 186.26, 35
nid001125,2026/05/02 02:28:57.110, 0, GPU-5ce6f291-9076-a589-a43c-c0632b050e8a, NVIDIA A100-SXM4-40GB, 34771, 40960, 0, 73.06, 31
nid001125,2026/05/02 02:28:57.112, 1, GPU-5ed9ba19-004a-b751-d755-ec7b68b19ca8, NVIDIA A100-SXM4-40GB, 34771, 40960, 0, 71.69, 31
nid001125,2026/05/02 02:28:57.114, 2, GPU-80d0401d-234d-1829-b81b-aa7261742f13, NVIDIA A100-SXM4-40GB, 37039, 40960, 38, 181.16, 40
nid001125,2026/05/02 02:28:57.116, 3, GPU-c6e625a8-e507-3a36-588a-be4edc0484f6, NVIDIA A100-SXM4-40GB, 35625, 40960, 40, 212.57, 37
nid001128,2026/05/02 02:28:58.150, 0, GPU-65cea835-1804-4e24-41a4-2217feb6db7f, NVIDIA A100-SXM4-40GB, 35099, 40960, 12, 102.16, 36
nid001128,2026/05/02 02:28:58.152, 1, GPU-e435914a-3f63-f23f-a341-e46a8d29f5ce, NVIDIA A100-SXM4-40GB, 37075, 40960, 25, 85.74, 34
nid001128,2026/05/02 02:28:58.154, 2, GPU-4e46ff65-1933-e621-0c36-86d6cd93881b, NVIDIA A100-SXM4-40GB, 37099, 40960, 30, 142.87, 38
nid001128,2026/05/02 02:28:58.155, 3, GPU-56e69d90-205e-8e19-4191-ad1b61c1e7b9, NVIDIA A100-SXM4-40GB, 37087, 40960, 26, 103.73, 34
nid001125,2026/05/02 02:29:01.171, 0, GPU-5ce6f291-9076-a589-a43c-c0632b050e8a, NVIDIA A100-SXM4-40GB, 34771, 40960, 0, 73.15, 31
nid001125,2026/05/02 02:29:01.174, 1, GPU-5ed9ba19-004a-b751-d755-ec7b68b19ca8, NVIDIA A100-SXM4-40GB, 34771, 40960, 0, 71.69, 31
nid001125,2026/05/02 02:29:01.175, 2, GPU-80d0401d-234d-1829-b81b-aa7261742f13, NVIDIA A100-SXM4-40GB, 37039, 40960, 26, 90.04, 36
nid001125,2026/05/02 02:29:01.177, 3, GPU-c6e625a8-e507-3a36-588a-be4edc0484f6, NVIDIA A100-SXM4-40GB, 35625, 40960, 27, 142.96, 33
nid001128,2026/05/02 02:29:02.291, 0, GPU-65cea835-1804-4e24-41a4-2217feb6db7f, NVIDIA A100-SXM4-40GB, 35099, 40960, 12, 74.76, 35
nid001128,2026/05/02 02:29:02.293, 1, GPU-e435914a-3f63-f23f-a341-e46a8d29f5ce, NVIDIA A100-SXM4-40GB, 37075, 40960, 25, 62.24, 32
nid001128,2026/05/02 02:29:02.295, 2, GPU-4e46ff65-1933-e621-0c36-86d6cd93881b, NVIDIA A100-SXM4-40GB, 37099, 40960, 31, 64.97, 36
nid001128,2026/05/02 02:29:02.297, 3, GPU-56e69d90-205e-8e19-4191-ad1b61c1e7b9, NVIDIA A100-SXM4-40GB, 37087, 40960, 26, 62.99, 32
nid001125,2026/05/02 02:29:05.325, 0, GPU-5ce6f291-9076-a589-a43c-c0632b050e8a, NVIDIA A100-SXM4-40GB, 34771, 40960, 0, 73.24, 31
nid001125,2026/05/02 02:29:05.333, 1, GPU-5ed9ba19-004a-b751-d755-ec7b68b19ca8, NVIDIA A100-SXM4-40GB, 34771, 40960, 0, 71.86, 31
nid001125,2026/05/02 02:29:05.339, 2, GPU-80d0401d-234d-1829-b81b-aa7261742f13, NVIDIA A100-SXM4-40GB, 37039, 40960, 0, 70.14, 34
nid001125,2026/05/02 02:29:05.344, 3, GPU-c6e625a8-e507-3a36-588a-be4edc0484f6, NVIDIA A100-SXM4-40GB, 35625, 40960, 0, 72.27, 32
nid001128,2026/05/02 02:29:06.431, 0, GPU-65cea835-1804-4e24-41a4-2217feb6db7f, NVIDIA A100-SXM4-40GB, 35099, 40960, 0, 72.27, 34
nid001128,2026/05/02 02:29:06.433, 1, GPU-e435914a-3f63-f23f-a341-e46a8d29f5ce, NVIDIA A100-SXM4-40GB, 37075, 40960, 0, 59.28, 31
nid001128,2026/05/02 02:29:06.435, 2, GPU-4e46ff65-1933-e621-0c36-86d6cd93881b, NVIDIA A100-SXM4-40GB, 37099, 40960, 0, 60.72, 34
nid001128,2026/05/02 02:29:06.437, 3, GPU-56e69d90-205e-8e19-4191-ad1b61c1e7b9, NVIDIA A100-SXM4-40GB, 37087, 40960, 0, 60.73, 30
