host,timestamp,gpu_index,uuid,name,memory_used_mb,memory_total_mb,gpu_util_percent,power_watts,temp_c
nid001040,2026/05/03 03:56:06.432, 0, GPU-32e67c4f-7204-189f-8b65-2c274dd735a9, NVIDIA A100-SXM4-40GB, 34771, 40960, 0, 59.96, 31
nid001040,2026/05/03 03:56:06.434, 1, GPU-8861d14f-cf78-d18f-5009-dcf3f2d5ba6a, NVIDIA A100-SXM4-40GB, 34771, 40960, 0, 63.00, 29
nid001040,2026/05/03 03:56:06.435, 2, GPU-0c84e9ea-eb03-d0fd-94b6-c87fa7f2aa07, NVIDIA A100-SXM4-40GB, 0, 40960, 0, 50.35, 30
nid001040,2026/05/03 03:56:06.437, 3, GPU-324f8797-e49e-315a-bdaa-053d693f20df, NVIDIA A100-SXM4-40GB, 0, 40960, 0, 50.53, 29
nid001041,2026/05/03 03:56:07.364, 0, GPU-0ae16970-0c3a-bbe5-0e59-4168b3712b2a, NVIDIA A100-SXM4-40GB, 37613, 40960, 0, 55.56, 35
nid001041,2026/05/03 03:56:07.367, 1, GPU-41dedaa0-c8e2-c576-be36-87a6fa2949d6, NVIDIA A100-SXM4-40GB, 36191, 40960, 0, 55.49, 32
nid001041,2026/05/03 03:56:07.369, 2, GPU-84c053e0-dec1-a69a-0b40-fbf751d71b20, NVIDIA A100-SXM4-40GB, 36191, 40960, 0, 54.73, 31
nid001041,2026/05/03 03:56:07.371, 3, GPU-85487437-4cf7-3ceb-d2b0-5f2bed2d89cd, NVIDIA A100-SXM4-40GB, 37739, 40960, 0, 54.51, 30
nid001040,2026/05/03 03:56:10.340, 0, GPU-32e67c4f-7204-189f-8b65-2c274dd735a9, NVIDIA A100-SXM4-40GB, 34771, 40960, 0, 59.89, 31
nid001040,2026/05/03 03:56:10.342, 1, GPU-8861d14f-cf78-d18f-5009-dcf3f2d5ba6a, NVIDIA A100-SXM4-40GB, 34771, 40960, 0, 63.00, 29
nid001040,2026/05/03 03:56:10.343, 2, GPU-0c84e9ea-eb03-d0fd-94b6-c87fa7f2aa07, NVIDIA A100-SXM4-40GB, 0, 40960, 0, 50.11, 30
nid001040,2026/05/03 03:56:10.346, 3, GPU-324f8797-e49e-315a-bdaa-053d693f20df, NVIDIA A100-SXM4-40GB, 0, 40960, 0, 50.53, 29
nid001041,2026/05/03 03:56:11.257, 0, GPU-0ae16970-0c3a-bbe5-0e59-4168b3712b2a, NVIDIA A100-SXM4-40GB, 37613, 40960, 0, 55.56, 34
nid001041,2026/05/03 03:56:11.260, 1, GPU-41dedaa0-c8e2-c576-be36-87a6fa2949d6, NVIDIA A100-SXM4-40GB, 36191, 40960, 0, 56.25, 32
nid001041,2026/05/03 03:56:11.262, 2, GPU-84c053e0-dec1-a69a-0b40-fbf751d71b20, NVIDIA A100-SXM4-40GB, 36191, 40960, 0, 54.97, 31
nid001041,2026/05/03 03:56:11.264, 3, GPU-85487437-4cf7-3ceb-d2b0-5f2bed2d89cd, NVIDIA A100-SXM4-40GB, 37739, 40960, 0, 54.27, 30
nid001040,2026/05/03 03:56:14.249, 0, GPU-32e67c4f-7204-189f-8b65-2c274dd735a9, NVIDIA A100-SXM4-40GB, 34771, 40960, 0, 59.96, 31
nid001040,2026/05/03 03:56:14.251, 1, GPU-8861d14f-cf78-d18f-5009-dcf3f2d5ba6a, NVIDIA A100-SXM4-40GB, 34771, 40960, 0, 63.00, 29
nid001040,2026/05/03 03:56:14.253, 2, GPU-0c84e9ea-eb03-d0fd-94b6-c87fa7f2aa07, NVIDIA A100-SXM4-40GB, 0, 40960, 0, 50.11, 30
nid001040,2026/05/03 03:56:14.255, 3, GPU-324f8797-e49e-315a-bdaa-053d693f20df, NVIDIA A100-SXM4-40GB, 0, 40960, 0, 50.53, 29
nid001041,2026/05/03 03:56:15.178, 0, GPU-0ae16970-0c3a-bbe5-0e59-4168b3712b2a, NVIDIA A100-SXM4-40GB, 37613, 40960, 0, 55.31, 34
nid001041,2026/05/03 03:56:15.181, 1, GPU-41dedaa0-c8e2-c576-be36-87a6fa2949d6, NVIDIA A100-SXM4-40GB, 36191, 40960, 0, 56.25, 32
nid001041,2026/05/03 03:56:15.183, 2, GPU-84c053e0-dec1-a69a-0b40-fbf751d71b20, NVIDIA A100-SXM4-40GB, 36191, 40960, 0, 54.73, 31
nid001041,2026/05/03 03:56:15.185, 3, GPU-85487437-4cf7-3ceb-d2b0-5f2bed2d89cd, NVIDIA A100-SXM4-40GB, 37739, 40960, 0, 54.57, 30
nid001040,2026/05/03 03:56:18.179, 0, GPU-32e67c4f-7204-189f-8b65-2c274dd735a9, NVIDIA A100-SXM4-40GB, 34771, 40960, 0, 59.96, 31
nid001040,2026/05/03 03:56:18.181, 1, GPU-8861d14f-cf78-d18f-5009-dcf3f2d5ba6a, NVIDIA A100-SXM4-40GB, 34771, 40960, 0, 63.00, 29
nid001040,2026/05/03 03:56:18.183, 2, GPU-0c84e9ea-eb03-d0fd-94b6-c87fa7f2aa07, NVIDIA A100-SXM4-40GB, 0, 40960, 0, 50.11, 30
nid001040,2026/05/03 03:56:18.185, 3, GPU-324f8797-e49e-315a-bdaa-053d693f20df, NVIDIA A100-SXM4-40GB, 0, 40960, 0, 50.53, 29
nid001041,2026/05/03 03:56:19.119, 0, GPU-0ae16970-0c3a-bbe5-0e59-4168b3712b2a, NVIDIA A100-SXM4-40GB, 37613, 40960, 0, 55.31, 33
nid001041,2026/05/03 03:56:19.122, 1, GPU-41dedaa0-c8e2-c576-be36-87a6fa2949d6, NVIDIA A100-SXM4-40GB, 36191, 40960, 0, 56.01, 31
nid001041,2026/05/03 03:56:19.124, 2, GPU-84c053e0-dec1-a69a-0b40-fbf751d71b20, NVIDIA A100-SXM4-40GB, 36191, 40960, 0, 54.73, 31
nid001041,2026/05/03 03:56:19.126, 3, GPU-85487437-4cf7-3ceb-d2b0-5f2bed2d89cd, NVIDIA A100-SXM4-40GB, 37739, 40960, 0, 54.27, 30
nid001040,2026/05/03 03:56:22.089, 0, GPU-32e67c4f-7204-189f-8b65-2c274dd735a9, NVIDIA A100-SXM4-40GB, 34771, 40960, 0, 59.72, 31
nid001040,2026/05/03 03:56:22.092, 1, GPU-8861d14f-cf78-d18f-5009-dcf3f2d5ba6a, NVIDIA A100-SXM4-40GB, 34771, 40960, 0, 63.00, 29
nid001040,2026/05/03 03:56:22.093, 2, GPU-0c84e9ea-eb03-d0fd-94b6-c87fa7f2aa07, NVIDIA A100-SXM4-40GB, 0, 40960, 0, 50.17, 30
nid001040,2026/05/03 03:56:22.095, 3, GPU-324f8797-e49e-315a-bdaa-053d693f20df, NVIDIA A100-SXM4-40GB, 0, 40960, 0, 50.53, 29
nid001041,2026/05/03 03:56:23.041, 0, GPU-0ae16970-0c3a-bbe5-0e59-4168b3712b2a, NVIDIA A100-SXM4-40GB, 37613, 40960, 0, 55.56, 33
nid001041,2026/05/03 03:56:23.044, 1, GPU-41dedaa0-c8e2-c576-be36-87a6fa2949d6, NVIDIA A100-SXM4-40GB, 36191, 40960, 0, 56.01, 31
nid001041,2026/05/03 03:56:23.046, 2, GPU-84c053e0-dec1-a69a-0b40-fbf751d71b20, NVIDIA A100-SXM4-40GB, 36191, 40960, 0, 55.25, 31
nid001041,2026/05/03 03:56:23.048, 3, GPU-85487437-4cf7-3ceb-d2b0-5f2bed2d89cd, NVIDIA A100-SXM4-40GB, 37739, 40960, 0, 54.27, 30
nid001040,2026/05/03 03:56:26.010, 0, GPU-32e67c4f-7204-189f-8b65-2c274dd735a9, NVIDIA A100-SXM4-40GB, 34771, 40960, 0, 59.72, 31
nid001040,2026/05/03 03:56:26.012, 1, GPU-8861d14f-cf78-d18f-5009-dcf3f2d5ba6a, NVIDIA A100-SXM4-40GB, 34771, 40960, 0, 63.00, 29
nid001040,2026/05/03 03:56:26.013, 2, GPU-0c84e9ea-eb03-d0fd-94b6-c87fa7f2aa07, NVIDIA A100-SXM4-40GB, 0, 40960, 0, 50.35, 30
nid001040,2026/05/03 03:56:26.016, 3, GPU-324f8797-e49e-315a-bdaa-053d693f20df, NVIDIA A100-SXM4-40GB, 0, 40960, 0, 50.53, 29
nid001041,2026/05/03 03:56:26.914, 0, GPU-0ae16970-0c3a-bbe5-0e59-4168b3712b2a, NVIDIA A100-SXM4-40GB, 37613, 40960, 0, 55.25, 33
nid001041,2026/05/03 03:56:26.917, 1, GPU-41dedaa0-c8e2-c576-be36-87a6fa2949d6, NVIDIA A100-SXM4-40GB, 36191, 40960, 0, 56.25, 31
nid001041,2026/05/03 03:56:26.919, 2, GPU-84c053e0-dec1-a69a-0b40-fbf751d71b20, NVIDIA A100-SXM4-40GB, 36191, 40960, 0, 54.73, 30
nid001041,2026/05/03 03:56:26.921, 3, GPU-85487437-4cf7-3ceb-d2b0-5f2bed2d89cd, NVIDIA A100-SXM4-40GB, 37739, 40960, 0, 54.51, 30
nid001040,2026/05/03 03:56:29.864, 0, GPU-32e67c4f-7204-189f-8b65-2c274dd735a9, NVIDIA A100-SXM4-40GB, 34771, 40960, 0, 59.96, 31
nid001040,2026/05/03 03:56:29.866, 1, GPU-8861d14f-cf78-d18f-5009-dcf3f2d5ba6a, NVIDIA A100-SXM4-40GB, 34771, 40960, 0, 63.00, 29
nid001040,2026/05/03 03:56:29.868, 2, GPU-0c84e9ea-eb03-d0fd-94b6-c87fa7f2aa07, NVIDIA A100-SXM4-40GB, 0, 40960, 0, 50.11, 30
nid001040,2026/05/03 03:56:29.873, 3, GPU-324f8797-e49e-315a-bdaa-053d693f20df, NVIDIA A100-SXM4-40GB, 0, 40960, 0, 50.53, 29
nid001041,2026/05/03 03:56:30.789, 0, GPU-0ae16970-0c3a-bbe5-0e59-4168b3712b2a, NVIDIA A100-SXM4-40GB, 37613, 40960, 100, 88.55, 38
nid001041,2026/05/03 03:56:30.791, 1, GPU-41dedaa0-c8e2-c576-be36-87a6fa2949d6, NVIDIA A100-SXM4-40GB, 36191, 40960, 100, 103.60, 36
nid001041,2026/05/03 03:56:30.793, 2, GPU-84c053e0-dec1-a69a-0b40-fbf751d71b20, NVIDIA A100-SXM4-40GB, 36191, 40960, 100, 154.45, 35
nid001041,2026/05/03 03:56:30.795, 3, GPU-85487437-4cf7-3ceb-d2b0-5f2bed2d89cd, NVIDIA A100-SXM4-40GB, 37739, 40960, 100, 179.87, 34
nid001040,2026/05/03 03:56:33.761, 0, GPU-32e67c4f-7204-189f-8b65-2c274dd735a9, NVIDIA A100-SXM4-40GB, 34771, 40960, 0, 59.96, 31
nid001040,2026/05/03 03:56:33.762, 1, GPU-8861d14f-cf78-d18f-5009-dcf3f2d5ba6a, NVIDIA A100-SXM4-40GB, 34771, 40960, 0, 63.00, 29
nid001040,2026/05/03 03:56:33.764, 2, GPU-0c84e9ea-eb03-d0fd-94b6-c87fa7f2aa07, NVIDIA A100-SXM4-40GB, 0, 40960, 0, 50.11, 30
nid001040,2026/05/03 03:56:33.766, 3, GPU-324f8797-e49e-315a-bdaa-053d693f20df, NVIDIA A100-SXM4-40GB, 0, 40960, 0, 50.53, 29
nid001041,2026/05/03 03:56:34.669, 0, GPU-0ae16970-0c3a-bbe5-0e59-4168b3712b2a, NVIDIA A100-SXM4-40GB, 37613, 40960, 100, 136.50, 39
nid001041,2026/05/03 03:56:34.672, 1, GPU-41dedaa0-c8e2-c576-be36-87a6fa2949d6, NVIDIA A100-SXM4-40GB, 36191, 40960, 100, 186.32, 36
nid001041,2026/05/03 03:56:34.675, 2, GPU-84c053e0-dec1-a69a-0b40-fbf751d71b20, NVIDIA A100-SXM4-40GB, 36191, 40960, 100, 90.07, 35
nid001041,2026/05/03 03:56:34.676, 3, GPU-85487437-4cf7-3ceb-d2b0-5f2bed2d89cd, NVIDIA A100-SXM4-40GB, 37739, 40960, 100, 104.24, 34
nid001040,2026/05/03 03:56:37.648, 0, GPU-32e67c4f-7204-189f-8b65-2c274dd735a9, NVIDIA A100-SXM4-40GB, 34771, 40960, 0, 59.96, 31
nid001040,2026/05/03 03:56:37.650, 1, GPU-8861d14f-cf78-d18f-5009-dcf3f2d5ba6a, NVIDIA A100-SXM4-40GB, 34771, 40960, 0, 63.00, 29
nid001040,2026/05/03 03:56:37.651, 2, GPU-0c84e9ea-eb03-d0fd-94b6-c87fa7f2aa07, NVIDIA A100-SXM4-40GB, 0, 40960, 0, 50.35, 30
nid001040,2026/05/03 03:56:37.653, 3, GPU-324f8797-e49e-315a-bdaa-053d693f20df, NVIDIA A100-SXM4-40GB, 0, 40960, 0, 50.53, 29
nid001041,2026/05/03 03:56:38.565, 0, GPU-0ae16970-0c3a-bbe5-0e59-4168b3712b2a, NVIDIA A100-SXM4-40GB, 37613, 40960, 100, 108.20, 39
nid001041,2026/05/03 03:56:38.568, 1, GPU-41dedaa0-c8e2-c576-be36-87a6fa2949d6, NVIDIA A100-SXM4-40GB, 36191, 40960, 100, 94.15, 36
nid001041,2026/05/03 03:56:38.570, 2, GPU-84c053e0-dec1-a69a-0b40-fbf751d71b20, NVIDIA A100-SXM4-40GB, 36191, 40960, 100, 128.46, 35
nid001041,2026/05/03 03:56:38.572, 3, GPU-85487437-4cf7-3ceb-d2b0-5f2bed2d89cd, NVIDIA A100-SXM4-40GB, 37739, 40960, 100, 192.90, 34
nid001040,2026/05/03 03:56:41.539, 0, GPU-32e67c4f-7204-189f-8b65-2c274dd735a9, NVIDIA A100-SXM4-40GB, 34771, 40960, 0, 59.72, 31
nid001040,2026/05/03 03:56:41.541, 1, GPU-8861d14f-cf78-d18f-5009-dcf3f2d5ba6a, NVIDIA A100-SXM4-40GB, 34771, 40960, 0, 63.00, 29
nid001040,2026/05/03 03:56:41.542, 2, GPU-0c84e9ea-eb03-d0fd-94b6-c87fa7f2aa07, NVIDIA A100-SXM4-40GB, 0, 40960, 0, 50.35, 30
nid001040,2026/05/03 03:56:41.544, 3, GPU-324f8797-e49e-315a-bdaa-053d693f20df, NVIDIA A100-SXM4-40GB, 0, 40960, 0, 50.53, 29
nid001041,2026/05/03 03:56:42.465, 0, GPU-0ae16970-0c3a-bbe5-0e59-4168b3712b2a, NVIDIA A100-SXM4-40GB, 37613, 40960, 100, 118.13, 39
nid001041,2026/05/03 03:56:42.468, 1, GPU-41dedaa0-c8e2-c576-be36-87a6fa2949d6, NVIDIA A100-SXM4-40GB, 36191, 40960, 100, 169.25, 36
nid001041,2026/05/03 03:56:42.469, 2, GPU-84c053e0-dec1-a69a-0b40-fbf751d71b20, NVIDIA A100-SXM4-40GB, 36191, 40960, 100, 107.44, 35
nid001041,2026/05/03 03:56:42.471, 3, GPU-85487437-4cf7-3ceb-d2b0-5f2bed2d89cd, NVIDIA A100-SXM4-40GB, 37739, 40960, 100, 97.07, 34
nid001040,2026/05/03 03:56:45.440, 0, GPU-32e67c4f-7204-189f-8b65-2c274dd735a9, NVIDIA A100-SXM4-40GB, 34771, 40960, 0, 59.96, 31
nid001040,2026/05/03 03:56:45.441, 1, GPU-8861d14f-cf78-d18f-5009-dcf3f2d5ba6a, NVIDIA A100-SXM4-40GB, 34771, 40960, 0, 63.00, 29
nid001040,2026/05/03 03:56:45.443, 2, GPU-0c84e9ea-eb03-d0fd-94b6-c87fa7f2aa07, NVIDIA A100-SXM4-40GB, 0, 40960, 0, 50.11, 30
nid001040,2026/05/03 03:56:45.445, 3, GPU-324f8797-e49e-315a-bdaa-053d693f20df, NVIDIA A100-SXM4-40GB, 0, 40960, 0, 50.53, 29
nid001041,2026/05/03 03:56:46.387, 0, GPU-0ae16970-0c3a-bbe5-0e59-4168b3712b2a, NVIDIA A100-SXM4-40GB, 37613, 40960, 100, 127.33, 39
nid001041,2026/05/03 03:56:46.391, 1, GPU-41dedaa0-c8e2-c576-be36-87a6fa2949d6, NVIDIA A100-SXM4-40GB, 36191, 40960, 100, 96.72, 37
nid001041,2026/05/03 03:56:46.393, 2, GPU-84c053e0-dec1-a69a-0b40-fbf751d71b20, NVIDIA A100-SXM4-40GB, 36191, 40960, 100, 115.09, 35
nid001041,2026/05/03 03:56:46.394, 3, GPU-85487437-4cf7-3ceb-d2b0-5f2bed2d89cd, NVIDIA A100-SXM4-40GB, 37739, 40960, 100, 174.29, 34
nid001040,2026/05/03 03:56:49.365, 0, GPU-32e67c4f-7204-189f-8b65-2c274dd735a9, NVIDIA A100-SXM4-40GB, 34771, 40960, 0, 59.96, 31
nid001040,2026/05/03 03:56:49.367, 1, GPU-8861d14f-cf78-d18f-5009-dcf3f2d5ba6a, NVIDIA A100-SXM4-40GB, 34771, 40960, 0, 63.00, 29
nid001040,2026/05/03 03:56:49.369, 2, GPU-0c84e9ea-eb03-d0fd-94b6-c87fa7f2aa07, NVIDIA A100-SXM4-40GB, 0, 40960, 0, 50.35, 30
nid001040,2026/05/03 03:56:49.371, 3, GPU-324f8797-e49e-315a-bdaa-053d693f20df, NVIDIA A100-SXM4-40GB, 0, 40960, 0, 50.53, 29
nid001041,2026/05/03 03:56:50.287, 0, GPU-0ae16970-0c3a-bbe5-0e59-4168b3712b2a, NVIDIA A100-SXM4-40GB, 37613, 40960, 100, 152.83, 39
nid001041,2026/05/03 03:56:50.290, 1, GPU-41dedaa0-c8e2-c576-be36-87a6fa2949d6, NVIDIA A100-SXM4-40GB, 36191, 40960, 100, 182.76, 36
nid001041,2026/05/03 03:56:50.292, 2, GPU-84c053e0-dec1-a69a-0b40-fbf751d71b20, NVIDIA A100-SXM4-40GB, 36191, 40960, 100, 92.52, 36
nid001041,2026/05/03 03:56:50.293, 3, GPU-85487437-4cf7-3ceb-d2b0-5f2bed2d89cd, NVIDIA A100-SXM4-40GB, 37739, 40960, 100, 104.72, 34
nid001040,2026/05/03 03:56:53.251, 0, GPU-32e67c4f-7204-189f-8b65-2c274dd735a9, NVIDIA A100-SXM4-40GB, 34771, 40960, 0, 59.72, 31
nid001040,2026/05/03 03:56:53.253, 1, GPU-8861d14f-cf78-d18f-5009-dcf3f2d5ba6a, NVIDIA A100-SXM4-40GB, 34771, 40960, 0, 63.00, 29
nid001040,2026/05/03 03:56:53.255, 2, GPU-0c84e9ea-eb03-d0fd-94b6-c87fa7f2aa07, NVIDIA A100-SXM4-40GB, 0, 40960, 0, 50.11, 30
nid001040,2026/05/03 03:56:53.257, 3, GPU-324f8797-e49e-315a-bdaa-053d693f20df, NVIDIA A100-SXM4-40GB, 0, 40960, 0, 50.53, 29
nid001041,2026/05/03 03:56:54.197, 0, GPU-0ae16970-0c3a-bbe5-0e59-4168b3712b2a, NVIDIA A100-SXM4-40GB, 37613, 40960, 100, 89.30, 40
nid001041,2026/05/03 03:56:54.200, 1, GPU-41dedaa0-c8e2-c576-be36-87a6fa2949d6, NVIDIA A100-SXM4-40GB, 36191, 40960, 100, 117.75, 36
nid001041,2026/05/03 03:56:54.202, 2, GPU-84c053e0-dec1-a69a-0b40-fbf751d71b20, NVIDIA A100-SXM4-40GB, 36191, 40960, 100, 156.73, 35
nid001041,2026/05/03 03:56:54.206, 3, GPU-85487437-4cf7-3ceb-d2b0-5f2bed2d89cd, NVIDIA A100-SXM4-40GB, 37739, 40960, 100, 201.59, 35
nid001040,2026/05/03 03:56:57.182, 0, GPU-32e67c4f-7204-189f-8b65-2c274dd735a9, NVIDIA A100-SXM4-40GB, 34771, 40960, 0, 59.72, 31
nid001040,2026/05/03 03:56:57.184, 1, GPU-8861d14f-cf78-d18f-5009-dcf3f2d5ba6a, NVIDIA A100-SXM4-40GB, 34771, 40960, 0, 63.00, 29
nid001040,2026/05/03 03:56:57.186, 2, GPU-0c84e9ea-eb03-d0fd-94b6-c87fa7f2aa07, NVIDIA A100-SXM4-40GB, 0, 40960, 0, 50.35, 30
nid001040,2026/05/03 03:56:57.188, 3, GPU-324f8797-e49e-315a-bdaa-053d693f20df, NVIDIA A100-SXM4-40GB, 0, 40960, 0, 50.53, 29
nid001041,2026/05/03 03:56:58.118, 0, GPU-0ae16970-0c3a-bbe5-0e59-4168b3712b2a, NVIDIA A100-SXM4-40GB, 37613, 40960, 100, 161.00, 39
nid001041,2026/05/03 03:56:58.121, 1, GPU-41dedaa0-c8e2-c576-be36-87a6fa2949d6, NVIDIA A100-SXM4-40GB, 36191, 40960, 100, 114.57, 37
nid001041,2026/05/03 03:56:58.123, 2, GPU-84c053e0-dec1-a69a-0b40-fbf751d71b20, NVIDIA A100-SXM4-40GB, 36191, 40960, 100, 93.63, 36
nid001041,2026/05/03 03:56:58.125, 3, GPU-85487437-4cf7-3ceb-d2b0-5f2bed2d89cd, NVIDIA A100-SXM4-40GB, 37739, 40960, 100, 116.22, 34
nid001040,2026/05/03 03:57:01.098, 0, GPU-32e67c4f-7204-189f-8b65-2c274dd735a9, NVIDIA A100-SXM4-40GB, 34771, 40960, 0, 59.72, 31
nid001040,2026/05/03 03:57:01.100, 1, GPU-8861d14f-cf78-d18f-5009-dcf3f2d5ba6a, NVIDIA A100-SXM4-40GB, 34771, 40960, 0, 63.00, 29
nid001040,2026/05/03 03:57:01.102, 2, GPU-0c84e9ea-eb03-d0fd-94b6-c87fa7f2aa07, NVIDIA A100-SXM4-40GB, 0, 40960, 0, 50.35, 30
nid001040,2026/05/03 03:57:01.104, 3, GPU-324f8797-e49e-315a-bdaa-053d693f20df, NVIDIA A100-SXM4-40GB, 0, 40960, 0, 50.53, 29
nid001041,2026/05/03 03:57:02.017, 0, GPU-0ae16970-0c3a-bbe5-0e59-4168b3712b2a, NVIDIA A100-SXM4-40GB, 37613, 40960, 100, 93.91, 39
nid001041,2026/05/03 03:57:02.020, 1, GPU-41dedaa0-c8e2-c576-be36-87a6fa2949d6, NVIDIA A100-SXM4-40GB, 36191, 40960, 100, 124.54, 36
nid001041,2026/05/03 03:57:02.022, 2, GPU-84c053e0-dec1-a69a-0b40-fbf751d71b20, NVIDIA A100-SXM4-40GB, 36191, 40960, 100, 184.52, 36
nid001041,2026/05/03 03:57:02.024, 3, GPU-85487437-4cf7-3ceb-d2b0-5f2bed2d89cd, NVIDIA A100-SXM4-40GB, 37739, 40960, 100, 180.35, 34
nid001040,2026/05/03 03:57:05.041, 0, GPU-32e67c4f-7204-189f-8b65-2c274dd735a9, NVIDIA A100-SXM4-40GB, 34771, 40960, 0, 59.72, 31
nid001040,2026/05/03 03:57:05.043, 1, GPU-8861d14f-cf78-d18f-5009-dcf3f2d5ba6a, NVIDIA A100-SXM4-40GB, 34771, 40960, 0, 63.00, 29
nid001040,2026/05/03 03:57:05.045, 2, GPU-0c84e9ea-eb03-d0fd-94b6-c87fa7f2aa07, NVIDIA A100-SXM4-40GB, 0, 40960, 0, 50.11, 30
nid001040,2026/05/03 03:57:05.047, 3, GPU-324f8797-e49e-315a-bdaa-053d693f20df, NVIDIA A100-SXM4-40GB, 0, 40960, 0, 50.53, 29
nid001041,2026/05/03 03:57:05.981, 0, GPU-0ae16970-0c3a-bbe5-0e59-4168b3712b2a, NVIDIA A100-SXM4-40GB, 37613, 40960, 100, 185.49, 39
nid001041,2026/05/03 03:57:05.984, 1, GPU-41dedaa0-c8e2-c576-be36-87a6fa2949d6, NVIDIA A100-SXM4-40GB, 36191, 40960, 100, 92.11, 36
nid001041,2026/05/03 03:57:05.986, 2, GPU-84c053e0-dec1-a69a-0b40-fbf751d71b20, NVIDIA A100-SXM4-40GB, 36191, 40960, 100, 92.63, 36
nid001041,2026/05/03 03:57:05.988, 3, GPU-85487437-4cf7-3ceb-d2b0-5f2bed2d89cd, NVIDIA A100-SXM4-40GB, 37739, 40960, 100, 135.38, 35
nid001040,2026/05/03 03:57:08.944, 0, GPU-32e67c4f-7204-189f-8b65-2c274dd735a9, NVIDIA A100-SXM4-40GB, 34771, 40960, 0, 59.72, 31
nid001040,2026/05/03 03:57:08.946, 1, GPU-8861d14f-cf78-d18f-5009-dcf3f2d5ba6a, NVIDIA A100-SXM4-40GB, 34771, 40960, 0, 63.00, 29
nid001040,2026/05/03 03:57:08.947, 2, GPU-0c84e9ea-eb03-d0fd-94b6-c87fa7f2aa07, NVIDIA A100-SXM4-40GB, 0, 40960, 0, 50.35, 30
nid001040,2026/05/03 03:57:08.949, 3, GPU-324f8797-e49e-315a-bdaa-053d693f20df, NVIDIA A100-SXM4-40GB, 0, 40960, 0, 50.53, 29
nid001041,2026/05/03 03:57:09.859, 0, GPU-0ae16970-0c3a-bbe5-0e59-4168b3712b2a, NVIDIA A100-SXM4-40GB, 37613, 40960, 100, 115.32, 39
nid001041,2026/05/03 03:57:09.863, 1, GPU-41dedaa0-c8e2-c576-be36-87a6fa2949d6, NVIDIA A100-SXM4-40GB, 36191, 40960, 100, 201.59, 36
nid001041,2026/05/03 03:57:09.865, 2, GPU-84c053e0-dec1-a69a-0b40-fbf751d71b20, NVIDIA A100-SXM4-40GB, 36191, 40960, 100, 169.48, 35
nid001041,2026/05/03 03:57:09.866, 3, GPU-85487437-4cf7-3ceb-d2b0-5f2bed2d89cd, NVIDIA A100-SXM4-40GB, 37739, 40960, 100, 94.26, 34
nid001040,2026/05/03 03:57:12.825, 0, GPU-32e67c4f-7204-189f-8b65-2c274dd735a9, NVIDIA A100-SXM4-40GB, 34771, 40960, 0, 59.72, 31
nid001040,2026/05/03 03:57:12.827, 1, GPU-8861d14f-cf78-d18f-5009-dcf3f2d5ba6a, NVIDIA A100-SXM4-40GB, 34771, 40960, 0, 63.00, 29
nid001040,2026/05/03 03:57:12.828, 2, GPU-0c84e9ea-eb03-d0fd-94b6-c87fa7f2aa07, NVIDIA A100-SXM4-40GB, 0, 40960, 0, 50.11, 30
nid001040,2026/05/03 03:57:12.830, 3, GPU-324f8797-e49e-315a-bdaa-053d693f20df, NVIDIA A100-SXM4-40GB, 0, 40960, 0, 50.53, 29
nid001041,2026/05/03 03:57:13.743, 0, GPU-0ae16970-0c3a-bbe5-0e59-4168b3712b2a, NVIDIA A100-SXM4-40GB, 37613, 40960, 100, 88.02, 40
nid001041,2026/05/03 03:57:13.749, 1, GPU-41dedaa0-c8e2-c576-be36-87a6fa2949d6, NVIDIA A100-SXM4-40GB, 36191, 40960, 100, 104.12, 37
nid001041,2026/05/03 03:57:13.751, 2, GPU-84c053e0-dec1-a69a-0b40-fbf751d71b20, NVIDIA A100-SXM4-40GB, 36191, 40960, 100, 101.44, 36
nid001041,2026/05/03 03:57:13.754, 3, GPU-85487437-4cf7-3ceb-d2b0-5f2bed2d89cd, NVIDIA A100-SXM4-40GB, 37739, 40960, 100, 221.77, 34
nid001040,2026/05/03 03:57:16.717, 0, GPU-32e67c4f-7204-189f-8b65-2c274dd735a9, NVIDIA A100-SXM4-40GB, 34771, 40960, 0, 59.65, 31
nid001040,2026/05/03 03:57:16.721, 1, GPU-8861d14f-cf78-d18f-5009-dcf3f2d5ba6a, NVIDIA A100-SXM4-40GB, 34771, 40960, 0, 63.00, 29
nid001040,2026/05/03 03:57:16.722, 2, GPU-0c84e9ea-eb03-d0fd-94b6-c87fa7f2aa07, NVIDIA A100-SXM4-40GB, 0, 40960, 0, 50.35, 30
nid001040,2026/05/03 03:57:16.724, 3, GPU-324f8797-e49e-315a-bdaa-053d693f20df, NVIDIA A100-SXM4-40GB, 0, 40960, 0, 50.53, 29
nid001041,2026/05/03 03:57:17.641, 0, GPU-0ae16970-0c3a-bbe5-0e59-4168b3712b2a, NVIDIA A100-SXM4-40GB, 37613, 40960, 100, 160.00, 39
nid001041,2026/05/03 03:57:17.644, 1, GPU-41dedaa0-c8e2-c576-be36-87a6fa2949d6, NVIDIA A100-SXM4-40GB, 36191, 40960, 100, 106.64, 36
nid001041,2026/05/03 03:57:17.646, 2, GPU-84c053e0-dec1-a69a-0b40-fbf751d71b20, NVIDIA A100-SXM4-40GB, 36191, 40960, 100, 180.44, 36
nid001041,2026/05/03 03:57:17.648, 3, GPU-85487437-4cf7-3ceb-d2b0-5f2bed2d89cd, NVIDIA A100-SXM4-40GB, 37739, 40960, 100, 110.61, 34
nid001040,2026/05/03 03:57:20.626, 0, GPU-32e67c4f-7204-189f-8b65-2c274dd735a9, NVIDIA A100-SXM4-40GB, 34771, 40960, 0, 59.72, 31
nid001040,2026/05/03 03:57:20.628, 1, GPU-8861d14f-cf78-d18f-5009-dcf3f2d5ba6a, NVIDIA A100-SXM4-40GB, 34771, 40960, 0, 63.00, 29
nid001040,2026/05/03 03:57:20.629, 2, GPU-0c84e9ea-eb03-d0fd-94b6-c87fa7f2aa07, NVIDIA A100-SXM4-40GB, 0, 40960, 0, 50.11, 30
nid001040,2026/05/03 03:57:20.631, 3, GPU-324f8797-e49e-315a-bdaa-053d693f20df, NVIDIA A100-SXM4-40GB, 0, 40960, 0, 50.53, 29
nid001041,2026/05/03 03:57:21.635, 0, GPU-0ae16970-0c3a-bbe5-0e59-4168b3712b2a, NVIDIA A100-SXM4-40GB, 37613, 40960, 100, 143.15, 40
nid001041,2026/05/03 03:57:21.639, 1, GPU-41dedaa0-c8e2-c576-be36-87a6fa2949d6, NVIDIA A100-SXM4-40GB, 36191, 40960, 100, 98.75, 36
nid001041,2026/05/03 03:57:21.641, 2, GPU-84c053e0-dec1-a69a-0b40-fbf751d71b20, NVIDIA A100-SXM4-40GB, 36191, 40960, 100, 90.58, 36
nid001041,2026/05/03 03:57:21.643, 3, GPU-85487437-4cf7-3ceb-d2b0-5f2bed2d89cd, NVIDIA A100-SXM4-40GB, 37739, 40960, 100, 152.53, 34
nid001040,2026/05/03 03:57:24.680, 0, GPU-32e67c4f-7204-189f-8b65-2c274dd735a9, NVIDIA A100-SXM4-40GB, 34771, 40960, 0, 59.72, 31
nid001040,2026/05/03 03:57:24.682, 1, GPU-8861d14f-cf78-d18f-5009-dcf3f2d5ba6a, NVIDIA A100-SXM4-40GB, 34771, 40960, 0, 63.00, 29
nid001040,2026/05/03 03:57:24.683, 2, GPU-0c84e9ea-eb03-d0fd-94b6-c87fa7f2aa07, NVIDIA A100-SXM4-40GB, 0, 40960, 0, 50.35, 30
nid001040,2026/05/03 03:57:24.692, 3, GPU-324f8797-e49e-315a-bdaa-053d693f20df, NVIDIA A100-SXM4-40GB, 0, 40960, 0, 50.53, 29
nid001041,2026/05/03 03:57:25.618, 0, GPU-0ae16970-0c3a-bbe5-0e59-4168b3712b2a, NVIDIA A100-SXM4-40GB, 37613, 40960, 100, 108.68, 39
nid001041,2026/05/03 03:57:25.621, 1, GPU-41dedaa0-c8e2-c576-be36-87a6fa2949d6, NVIDIA A100-SXM4-40GB, 36191, 40960, 100, 177.88, 36
nid001041,2026/05/03 03:57:25.622, 2, GPU-84c053e0-dec1-a69a-0b40-fbf751d71b20, NVIDIA A100-SXM4-40GB, 36191, 40960, 100, 145.54, 36
nid001041,2026/05/03 03:57:25.625, 3, GPU-85487437-4cf7-3ceb-d2b0-5f2bed2d89cd, NVIDIA A100-SXM4-40GB, 37739, 40960, 100, 91.17, 34
nid001040,2026/05/03 03:57:28.577, 0, GPU-32e67c4f-7204-189f-8b65-2c274dd735a9, NVIDIA A100-SXM4-40GB, 34771, 40960, 0, 59.72, 31
nid001040,2026/05/03 03:57:28.580, 1, GPU-8861d14f-cf78-d18f-5009-dcf3f2d5ba6a, NVIDIA A100-SXM4-40GB, 34771, 40960, 0, 63.00, 29
nid001040,2026/05/03 03:57:28.581, 2, GPU-0c84e9ea-eb03-d0fd-94b6-c87fa7f2aa07, NVIDIA A100-SXM4-40GB, 0, 40960, 0, 50.11, 30
nid001040,2026/05/03 03:57:28.588, 3, GPU-324f8797-e49e-315a-bdaa-053d693f20df, NVIDIA A100-SXM4-40GB, 0, 40960, 0, 50.53, 29
nid001041,2026/05/03 03:57:29.506, 0, GPU-0ae16970-0c3a-bbe5-0e59-4168b3712b2a, NVIDIA A100-SXM4-40GB, 37613, 40960, 100, 180.41, 40
nid001041,2026/05/03 03:57:29.510, 1, GPU-41dedaa0-c8e2-c576-be36-87a6fa2949d6, NVIDIA A100-SXM4-40GB, 36191, 40960, 100, 92.11, 37
nid001041,2026/05/03 03:57:29.512, 2, GPU-84c053e0-dec1-a69a-0b40-fbf751d71b20, NVIDIA A100-SXM4-40GB, 36191, 40960, 100, 95.03, 36
nid001041,2026/05/03 03:57:29.514, 3, GPU-85487437-4cf7-3ceb-d2b0-5f2bed2d89cd, NVIDIA A100-SXM4-40GB, 37739, 40960, 100, 121.35, 34
nid001040,2026/05/03 03:57:32.534, 0, GPU-32e67c4f-7204-189f-8b65-2c274dd735a9, NVIDIA A100-SXM4-40GB, 34771, 40960, 0, 59.72, 31
nid001040,2026/05/03 03:57:32.536, 1, GPU-8861d14f-cf78-d18f-5009-dcf3f2d5ba6a, NVIDIA A100-SXM4-40GB, 34771, 40960, 0, 63.00, 29
nid001040,2026/05/03 03:57:32.538, 2, GPU-0c84e9ea-eb03-d0fd-94b6-c87fa7f2aa07, NVIDIA A100-SXM4-40GB, 0, 40960, 0, 50.35, 30
nid001040,2026/05/03 03:57:32.540, 3, GPU-324f8797-e49e-315a-bdaa-053d693f20df, NVIDIA A100-SXM4-40GB, 0, 40960, 0, 50.53, 29
nid001041,2026/05/03 03:57:33.491, 0, GPU-0ae16970-0c3a-bbe5-0e59-4168b3712b2a, NVIDIA A100-SXM4-40GB, 37613, 40960, 100, 107.44, 39
nid001041,2026/05/03 03:57:33.493, 1, GPU-41dedaa0-c8e2-c576-be36-87a6fa2949d6, NVIDIA A100-SXM4-40GB, 36191, 40960, 100, 159.53, 36
nid001041,2026/05/03 03:57:33.495, 2, GPU-84c053e0-dec1-a69a-0b40-fbf751d71b20, NVIDIA A100-SXM4-40GB, 36191, 40960, 100, 118.41, 36
nid001041,2026/05/03 03:57:33.497, 3, GPU-85487437-4cf7-3ceb-d2b0-5f2bed2d89cd, NVIDIA A100-SXM4-40GB, 37739, 40960, 100, 157.39, 35
nid001040,2026/05/03 03:57:36.468, 0, GPU-32e67c4f-7204-189f-8b65-2c274dd735a9, NVIDIA A100-SXM4-40GB, 34771, 40960, 0, 59.72, 31
nid001040,2026/05/03 03:57:36.470, 1, GPU-8861d14f-cf78-d18f-5009-dcf3f2d5ba6a, NVIDIA A100-SXM4-40GB, 34771, 40960, 0, 63.00, 29
nid001040,2026/05/03 03:57:36.472, 2, GPU-0c84e9ea-eb03-d0fd-94b6-c87fa7f2aa07, NVIDIA A100-SXM4-40GB, 0, 40960, 0, 50.35, 30
nid001040,2026/05/03 03:57:36.474, 3, GPU-324f8797-e49e-315a-bdaa-053d693f20df, NVIDIA A100-SXM4-40GB, 0, 40960, 0, 50.53, 29
nid001041,2026/05/03 03:57:37.389, 0, GPU-0ae16970-0c3a-bbe5-0e59-4168b3712b2a, NVIDIA A100-SXM4-40GB, 37613, 40960, 100, 201.07, 40
nid001041,2026/05/03 03:57:37.392, 1, GPU-41dedaa0-c8e2-c576-be36-87a6fa2949d6, NVIDIA A100-SXM4-40GB, 36191, 40960, 100, 92.11, 36
nid001041,2026/05/03 03:57:37.393, 2, GPU-84c053e0-dec1-a69a-0b40-fbf751d71b20, NVIDIA A100-SXM4-40GB, 36191, 40960, 100, 135.57, 35
nid001041,2026/05/03 03:57:37.396, 3, GPU-85487437-4cf7-3ceb-d2b0-5f2bed2d89cd, NVIDIA A100-SXM4-40GB, 37739, 40960, 100, 109.09, 35
nid001040,2026/05/03 03:57:40.376, 0, GPU-32e67c4f-7204-189f-8b65-2c274dd735a9, NVIDIA A100-SXM4-40GB, 34771, 40960, 0, 59.72, 31
nid001040,2026/05/03 03:57:40.377, 1, GPU-8861d14f-cf78-d18f-5009-dcf3f2d5ba6a, NVIDIA A100-SXM4-40GB, 34771, 40960, 0, 63.00, 29
nid001040,2026/05/03 03:57:40.379, 2, GPU-0c84e9ea-eb03-d0fd-94b6-c87fa7f2aa07, NVIDIA A100-SXM4-40GB, 0, 40960, 0, 50.11, 30
nid001040,2026/05/03 03:57:40.381, 3, GPU-324f8797-e49e-315a-bdaa-053d693f20df, NVIDIA A100-SXM4-40GB, 0, 40960, 0, 50.53, 29
nid001041,2026/05/03 03:57:41.303, 0, GPU-0ae16970-0c3a-bbe5-0e59-4168b3712b2a, NVIDIA A100-SXM4-40GB, 37613, 40960, 100, 101.32, 40
nid001041,2026/05/03 03:57:41.306, 1, GPU-41dedaa0-c8e2-c576-be36-87a6fa2949d6, NVIDIA A100-SXM4-40GB, 36191, 40960, 100, 149.10, 37
nid001041,2026/05/03 03:57:41.308, 2, GPU-84c053e0-dec1-a69a-0b40-fbf751d71b20, NVIDIA A100-SXM4-40GB, 36191, 40960, 100, 114.80, 36
nid001041,2026/05/03 03:57:41.311, 3, GPU-85487437-4cf7-3ceb-d2b0-5f2bed2d89cd, NVIDIA A100-SXM4-40GB, 37739, 40960, 100, 198.55, 34
nid001040,2026/05/03 03:57:44.269, 0, GPU-32e67c4f-7204-189f-8b65-2c274dd735a9, NVIDIA A100-SXM4-40GB, 34771, 40960, 0, 59.96, 31
nid001040,2026/05/03 03:57:44.271, 1, GPU-8861d14f-cf78-d18f-5009-dcf3f2d5ba6a, NVIDIA A100-SXM4-40GB, 34771, 40960, 0, 63.00, 29
nid001040,2026/05/03 03:57:44.272, 2, GPU-0c84e9ea-eb03-d0fd-94b6-c87fa7f2aa07, NVIDIA A100-SXM4-40GB, 0, 40960, 0, 50.11, 30
nid001040,2026/05/03 03:57:44.275, 3, GPU-324f8797-e49e-315a-bdaa-053d693f20df, NVIDIA A100-SXM4-40GB, 0, 40960, 0, 50.53, 29
nid001041,2026/05/03 03:57:45.185, 0, GPU-0ae16970-0c3a-bbe5-0e59-4168b3712b2a, NVIDIA A100-SXM4-40GB, 37613, 40960, 100, 198.27, 40
nid001041,2026/05/03 03:57:45.189, 1, GPU-41dedaa0-c8e2-c576-be36-87a6fa2949d6, NVIDIA A100-SXM4-40GB, 36191, 40960, 100, 92.86, 37
nid001041,2026/05/03 03:57:45.190, 2, GPU-84c053e0-dec1-a69a-0b40-fbf751d71b20, NVIDIA A100-SXM4-40GB, 36191, 40960, 100, 136.62, 36
nid001041,2026/05/03 03:57:45.192, 3, GPU-85487437-4cf7-3ceb-d2b0-5f2bed2d89cd, NVIDIA A100-SXM4-40GB, 37739, 40960, 100, 110.61, 34
nid001040,2026/05/03 03:57:48.178, 0, GPU-32e67c4f-7204-189f-8b65-2c274dd735a9, NVIDIA A100-SXM4-40GB, 34771, 40960, 0, 59.72, 31
nid001040,2026/05/03 03:57:48.180, 1, GPU-8861d14f-cf78-d18f-5009-dcf3f2d5ba6a, NVIDIA A100-SXM4-40GB, 34771, 40960, 0, 63.00, 29
nid001040,2026/05/03 03:57:48.182, 2, GPU-0c84e9ea-eb03-d0fd-94b6-c87fa7f2aa07, NVIDIA A100-SXM4-40GB, 0, 40960, 0, 50.35, 30
nid001040,2026/05/03 03:57:48.184, 3, GPU-324f8797-e49e-315a-bdaa-053d693f20df, NVIDIA A100-SXM4-40GB, 0, 40960, 0, 50.53, 29
nid001041,2026/05/03 03:57:49.126, 0, GPU-0ae16970-0c3a-bbe5-0e59-4168b3712b2a, NVIDIA A100-SXM4-40GB, 37613, 40960, 100, 98.75, 40
nid001041,2026/05/03 03:57:49.129, 1, GPU-41dedaa0-c8e2-c576-be36-87a6fa2949d6, NVIDIA A100-SXM4-40GB, 36191, 40960, 100, 198.03, 36
nid001041,2026/05/03 03:57:49.130, 2, GPU-84c053e0-dec1-a69a-0b40-fbf751d71b20, NVIDIA A100-SXM4-40GB, 36191, 40960, 100, 123.87, 35
nid001041,2026/05/03 03:57:49.132, 3, GPU-85487437-4cf7-3ceb-d2b0-5f2bed2d89cd, NVIDIA A100-SXM4-40GB, 37739, 40960, 100, 160.95, 35
nid001040,2026/05/03 03:57:52.089, 0, GPU-32e67c4f-7204-189f-8b65-2c274dd735a9, NVIDIA A100-SXM4-40GB, 34771, 40960, 0, 59.72, 31
nid001040,2026/05/03 03:57:52.091, 1, GPU-8861d14f-cf78-d18f-5009-dcf3f2d5ba6a, NVIDIA A100-SXM4-40GB, 34771, 40960, 0, 63.08, 29
nid001040,2026/05/03 03:57:52.092, 2, GPU-0c84e9ea-eb03-d0fd-94b6-c87fa7f2aa07, NVIDIA A100-SXM4-40GB, 0, 40960, 0, 50.11, 30
nid001040,2026/05/03 03:57:52.099, 3, GPU-324f8797-e49e-315a-bdaa-053d693f20df, NVIDIA A100-SXM4-40GB, 0, 40960, 0, 50.53, 29
nid001041,2026/05/03 03:57:53.013, 0, GPU-0ae16970-0c3a-bbe5-0e59-4168b3712b2a, NVIDIA A100-SXM4-40GB, 37613, 40960, 100, 185.78, 40
nid001041,2026/05/03 03:57:53.016, 1, GPU-41dedaa0-c8e2-c576-be36-87a6fa2949d6, NVIDIA A100-SXM4-40GB, 36191, 40960, 100, 99.92, 36
nid001041,2026/05/03 03:57:53.019, 2, GPU-84c053e0-dec1-a69a-0b40-fbf751d71b20, NVIDIA A100-SXM4-40GB, 36191, 40960, 100, 87.68, 36
nid001041,2026/05/03 03:57:53.020, 3, GPU-85487437-4cf7-3ceb-d2b0-5f2bed2d89cd, NVIDIA A100-SXM4-40GB, 37739, 40960, 100, 116.51, 34
nid001040,2026/05/03 03:57:55.991, 0, GPU-32e67c4f-7204-189f-8b65-2c274dd735a9, NVIDIA A100-SXM4-40GB, 34771, 40960, 0, 60.25, 31
nid001040,2026/05/03 03:57:55.993, 1, GPU-8861d14f-cf78-d18f-5009-dcf3f2d5ba6a, NVIDIA A100-SXM4-40GB, 34771, 40960, 0, 63.00, 29
nid001040,2026/05/03 03:57:55.994, 2, GPU-0c84e9ea-eb03-d0fd-94b6-c87fa7f2aa07, NVIDIA A100-SXM4-40GB, 0, 40960, 0, 50.35, 30
nid001040,2026/05/03 03:57:56.001, 3, GPU-324f8797-e49e-315a-bdaa-053d693f20df, NVIDIA A100-SXM4-40GB, 0, 40960, 0, 50.53, 29
nid001041,2026/05/03 03:57:56.893, 0, GPU-0ae16970-0c3a-bbe5-0e59-4168b3712b2a, NVIDIA A100-SXM4-40GB, 37613, 40960, 100, 108.96, 40
nid001041,2026/05/03 03:57:56.896, 1, GPU-41dedaa0-c8e2-c576-be36-87a6fa2949d6, NVIDIA A100-SXM4-40GB, 36191, 40960, 100, 168.92, 36
nid001041,2026/05/03 03:57:56.897, 2, GPU-84c053e0-dec1-a69a-0b40-fbf751d71b20, NVIDIA A100-SXM4-40GB, 36191, 40960, 100, 132.26, 35
nid001041,2026/05/03 03:57:56.900, 3, GPU-85487437-4cf7-3ceb-d2b0-5f2bed2d89cd, NVIDIA A100-SXM4-40GB, 37739, 40960, 100, 121.35, 34
nid001040,2026/05/03 03:57:59.877, 0, GPU-32e67c4f-7204-189f-8b65-2c274dd735a9, NVIDIA A100-SXM4-40GB, 34771, 40960, 0, 59.65, 31
nid001040,2026/05/03 03:57:59.879, 1, GPU-8861d14f-cf78-d18f-5009-dcf3f2d5ba6a, NVIDIA A100-SXM4-40GB, 34771, 40960, 0, 63.00, 29
nid001040,2026/05/03 03:57:59.881, 2, GPU-0c84e9ea-eb03-d0fd-94b6-c87fa7f2aa07, NVIDIA A100-SXM4-40GB, 0, 40960, 0, 50.11, 30
nid001040,2026/05/03 03:57:59.883, 3, GPU-324f8797-e49e-315a-bdaa-053d693f20df, NVIDIA A100-SXM4-40GB, 0, 40960, 0, 50.53, 29
nid001041,2026/05/03 03:58:00.797, 0, GPU-0ae16970-0c3a-bbe5-0e59-4168b3712b2a, NVIDIA A100-SXM4-40GB, 37613, 40960, 100, 155.63, 40
nid001041,2026/05/03 03:58:00.799, 1, GPU-41dedaa0-c8e2-c576-be36-87a6fa2949d6, NVIDIA A100-SXM4-40GB, 36191, 40960, 100, 124.01, 37
nid001041,2026/05/03 03:58:00.802, 2, GPU-84c053e0-dec1-a69a-0b40-fbf751d71b20, NVIDIA A100-SXM4-40GB, 36191, 40960, 100, 91.24, 35
nid001041,2026/05/03 03:58:00.804, 3, GPU-85487437-4cf7-3ceb-d2b0-5f2bed2d89cd, NVIDIA A100-SXM4-40GB, 37739, 40960, 100, 145.60, 34
nid001040,2026/05/03 03:58:03.795, 0, GPU-32e67c4f-7204-189f-8b65-2c274dd735a9, NVIDIA A100-SXM4-40GB, 34771, 40960, 0, 59.72, 31
nid001040,2026/05/03 03:58:03.797, 1, GPU-8861d14f-cf78-d18f-5009-dcf3f2d5ba6a, NVIDIA A100-SXM4-40GB, 34771, 40960, 0, 63.00, 29
nid001040,2026/05/03 03:58:03.802, 2, GPU-0c84e9ea-eb03-d0fd-94b6-c87fa7f2aa07, NVIDIA A100-SXM4-40GB, 0, 40960, 0, 50.11, 30
nid001040,2026/05/03 03:58:03.804, 3, GPU-324f8797-e49e-315a-bdaa-053d693f20df, NVIDIA A100-SXM4-40GB, 0, 40960, 0, 50.53, 29
nid001041,2026/05/03 03:58:04.734, 0, GPU-0ae16970-0c3a-bbe5-0e59-4168b3712b2a, NVIDIA A100-SXM4-40GB, 37613, 40960, 100, 143.38, 40
nid001041,2026/05/03 03:58:04.737, 1, GPU-41dedaa0-c8e2-c576-be36-87a6fa2949d6, NVIDIA A100-SXM4-40GB, 36191, 40960, 100, 91.58, 37
nid001041,2026/05/03 03:58:04.738, 2, GPU-84c053e0-dec1-a69a-0b40-fbf751d71b20, NVIDIA A100-SXM4-40GB, 36191, 40960, 100, 189.87, 35
nid001041,2026/05/03 03:58:04.740, 3, GPU-85487437-4cf7-3ceb-d2b0-5f2bed2d89cd, NVIDIA A100-SXM4-40GB, 37739, 40960, 100, 95.78, 34
nid001040,2026/05/03 03:58:07.700, 0, GPU-32e67c4f-7204-189f-8b65-2c274dd735a9, NVIDIA A100-SXM4-40GB, 34771, 40960, 0, 59.65, 31
nid001040,2026/05/03 03:58:07.702, 1, GPU-8861d14f-cf78-d18f-5009-dcf3f2d5ba6a, NVIDIA A100-SXM4-40GB, 34771, 40960, 0, 63.00, 29
nid001040,2026/05/03 03:58:07.706, 2, GPU-0c84e9ea-eb03-d0fd-94b6-c87fa7f2aa07, NVIDIA A100-SXM4-40GB, 0, 40960, 0, 50.11, 30
nid001040,2026/05/03 03:58:07.708, 3, GPU-324f8797-e49e-315a-bdaa-053d693f20df, NVIDIA A100-SXM4-40GB, 0, 40960, 0, 50.53, 29
nid001041,2026/05/03 03:58:08.638, 0, GPU-0ae16970-0c3a-bbe5-0e59-4168b3712b2a, NVIDIA A100-SXM4-40GB, 37613, 40960, 100, 95.67, 40
nid001041,2026/05/03 03:58:08.641, 1, GPU-41dedaa0-c8e2-c576-be36-87a6fa2949d6, NVIDIA A100-SXM4-40GB, 36191, 40960, 100, 194.24, 37
nid001041,2026/05/03 03:58:08.643, 2, GPU-84c053e0-dec1-a69a-0b40-fbf751d71b20, NVIDIA A100-SXM4-40GB, 36191, 40960, 100, 103.60, 36
nid001041,2026/05/03 03:58:08.644, 3, GPU-85487437-4cf7-3ceb-d2b0-5f2bed2d89cd, NVIDIA A100-SXM4-40GB, 37739, 40960, 100, 216.93, 34
nid001040,2026/05/03 03:58:11.591, 0, GPU-32e67c4f-7204-189f-8b65-2c274dd735a9, NVIDIA A100-SXM4-40GB, 34771, 40960, 0, 59.72, 31
nid001040,2026/05/03 03:58:11.593, 1, GPU-8861d14f-cf78-d18f-5009-dcf3f2d5ba6a, NVIDIA A100-SXM4-40GB, 34771, 40960, 0, 63.00, 29
nid001040,2026/05/03 03:58:11.594, 2, GPU-0c84e9ea-eb03-d0fd-94b6-c87fa7f2aa07, NVIDIA A100-SXM4-40GB, 0, 40960, 0, 50.11, 30
nid001040,2026/05/03 03:58:11.601, 3, GPU-324f8797-e49e-315a-bdaa-053d693f20df, NVIDIA A100-SXM4-40GB, 0, 40960, 0, 50.53, 29
nid001041,2026/05/03 03:58:12.515, 0, GPU-0ae16970-0c3a-bbe5-0e59-4168b3712b2a, NVIDIA A100-SXM4-40GB, 37613, 40960, 100, 190.34, 40
nid001041,2026/05/03 03:58:12.518, 1, GPU-41dedaa0-c8e2-c576-be36-87a6fa2949d6, NVIDIA A100-SXM4-40GB, 36191, 40960, 100, 105.64, 37
nid001041,2026/05/03 03:58:12.520, 2, GPU-84c053e0-dec1-a69a-0b40-fbf751d71b20, NVIDIA A100-SXM4-40GB, 36191, 40960, 100, 158.30, 36
nid001041,2026/05/03 03:58:12.521, 3, GPU-85487437-4cf7-3ceb-d2b0-5f2bed2d89cd, NVIDIA A100-SXM4-40GB, 37739, 40960, 100, 112.42, 34
nid001040,2026/05/03 03:58:15.503, 0, GPU-32e67c4f-7204-189f-8b65-2c274dd735a9, NVIDIA A100-SXM4-40GB, 34771, 40960, 0, 59.72, 31
nid001040,2026/05/03 03:58:15.505, 1, GPU-8861d14f-cf78-d18f-5009-dcf3f2d5ba6a, NVIDIA A100-SXM4-40GB, 34771, 40960, 0, 63.00, 29
nid001040,2026/05/03 03:58:15.506, 2, GPU-0c84e9ea-eb03-d0fd-94b6-c87fa7f2aa07, NVIDIA A100-SXM4-40GB, 0, 40960, 0, 50.41, 30
nid001040,2026/05/03 03:58:15.509, 3, GPU-324f8797-e49e-315a-bdaa-053d693f20df, NVIDIA A100-SXM4-40GB, 0, 40960, 0, 50.53, 29
nid001041,2026/05/03 03:58:16.411, 0, GPU-0ae16970-0c3a-bbe5-0e59-4168b3712b2a, NVIDIA A100-SXM4-40GB, 37613, 40960, 100, 90.83, 40
nid001041,2026/05/03 03:58:16.414, 1, GPU-41dedaa0-c8e2-c576-be36-87a6fa2949d6, NVIDIA A100-SXM4-40GB, 36191, 40960, 100, 143.21, 37
nid001041,2026/05/03 03:58:16.415, 2, GPU-84c053e0-dec1-a69a-0b40-fbf751d71b20, NVIDIA A100-SXM4-40GB, 36191, 40960, 100, 89.30, 36
nid001041,2026/05/03 03:58:16.417, 3, GPU-85487437-4cf7-3ceb-d2b0-5f2bed2d89cd, NVIDIA A100-SXM4-40GB, 37739, 40960, 100, 149.97, 34
nid001040,2026/05/03 03:58:19.439, 0, GPU-32e67c4f-7204-189f-8b65-2c274dd735a9, NVIDIA A100-SXM4-40GB, 34771, 40960, 0, 59.65, 31
nid001040,2026/05/03 03:58:19.441, 1, GPU-8861d14f-cf78-d18f-5009-dcf3f2d5ba6a, NVIDIA A100-SXM4-40GB, 34771, 40960, 0, 63.00, 29
nid001040,2026/05/03 03:58:19.443, 2, GPU-0c84e9ea-eb03-d0fd-94b6-c87fa7f2aa07, NVIDIA A100-SXM4-40GB, 0, 40960, 0, 50.11, 30
nid001040,2026/05/03 03:58:19.445, 3, GPU-324f8797-e49e-315a-bdaa-053d693f20df, NVIDIA A100-SXM4-40GB, 0, 40960, 0, 50.53, 29
nid001041,2026/05/03 03:58:20.346, 0, GPU-0ae16970-0c3a-bbe5-0e59-4168b3712b2a, NVIDIA A100-SXM4-40GB, 37613, 40960, 100, 141.34, 40
nid001041,2026/05/03 03:58:20.349, 1, GPU-41dedaa0-c8e2-c576-be36-87a6fa2949d6, NVIDIA A100-SXM4-40GB, 36191, 40960, 100, 92.11, 36
nid001041,2026/05/03 03:58:20.351, 2, GPU-84c053e0-dec1-a69a-0b40-fbf751d71b20, NVIDIA A100-SXM4-40GB, 36191, 40960, 100, 140.94, 36
nid001041,2026/05/03 03:58:20.353, 3, GPU-85487437-4cf7-3ceb-d2b0-5f2bed2d89cd, NVIDIA A100-SXM4-40GB, 37739, 40960, 100, 91.17, 35
nid001040,2026/05/03 03:58:23.365, 0, GPU-32e67c4f-7204-189f-8b65-2c274dd735a9, NVIDIA A100-SXM4-40GB, 34771, 40960, 0, 59.96, 31
nid001040,2026/05/03 03:58:23.367, 1, GPU-8861d14f-cf78-d18f-5009-dcf3f2d5ba6a, NVIDIA A100-SXM4-40GB, 34771, 40960, 0, 63.00, 29
nid001040,2026/05/03 03:58:23.368, 2, GPU-0c84e9ea-eb03-d0fd-94b6-c87fa7f2aa07, NVIDIA A100-SXM4-40GB, 0, 40960, 0, 50.11, 30
nid001040,2026/05/03 03:58:23.371, 3, GPU-324f8797-e49e-315a-bdaa-053d693f20df, NVIDIA A100-SXM4-40GB, 0, 40960, 0, 50.53, 29
nid001041,2026/05/03 03:58:24.289, 0, GPU-0ae16970-0c3a-bbe5-0e59-4168b3712b2a, NVIDIA A100-SXM4-40GB, 37613, 40960, 100, 89.02, 40
nid001041,2026/05/03 03:58:24.293, 1, GPU-41dedaa0-c8e2-c576-be36-87a6fa2949d6, NVIDIA A100-SXM4-40GB, 36191, 40960, 100, 147.82, 36
nid001041,2026/05/03 03:58:24.294, 2, GPU-84c053e0-dec1-a69a-0b40-fbf751d71b20, NVIDIA A100-SXM4-40GB, 36191, 40960, 100, 87.68, 35
nid001041,2026/05/03 03:58:24.296, 3, GPU-85487437-4cf7-3ceb-d2b0-5f2bed2d89cd, NVIDIA A100-SXM4-40GB, 37739, 40960, 100, 122.88, 35
nid001040,2026/05/03 03:58:27.263, 0, GPU-32e67c4f-7204-189f-8b65-2c274dd735a9, NVIDIA A100-SXM4-40GB, 34771, 40960, 0, 59.72, 31
nid001040,2026/05/03 03:58:27.265, 1, GPU-8861d14f-cf78-d18f-5009-dcf3f2d5ba6a, NVIDIA A100-SXM4-40GB, 34771, 40960, 0, 63.00, 29
nid001040,2026/05/03 03:58:27.267, 2, GPU-0c84e9ea-eb03-d0fd-94b6-c87fa7f2aa07, NVIDIA A100-SXM4-40GB, 0, 40960, 0, 50.11, 30
nid001040,2026/05/03 03:58:27.269, 3, GPU-324f8797-e49e-315a-bdaa-053d693f20df, NVIDIA A100-SXM4-40GB, 0, 40960, 0, 50.53, 29
nid001041,2026/05/03 03:58:28.176, 0, GPU-0ae16970-0c3a-bbe5-0e59-4168b3712b2a, NVIDIA A100-SXM4-40GB, 37613, 40960, 100, 133.98, 40
nid001041,2026/05/03 03:58:28.179, 1, GPU-41dedaa0-c8e2-c576-be36-87a6fa2949d6, NVIDIA A100-SXM4-40GB, 36191, 40960, 100, 89.83, 37
nid001041,2026/05/03 03:58:28.180, 2, GPU-84c053e0-dec1-a69a-0b40-fbf751d71b20, NVIDIA A100-SXM4-40GB, 36191, 40960, 100, 120.17, 35
nid001041,2026/05/03 03:58:28.182, 3, GPU-85487437-4cf7-3ceb-d2b0-5f2bed2d89cd, NVIDIA A100-SXM4-40GB, 37739, 40960, 100, 160.71, 34
nid001040,2026/05/03 03:58:31.132, 0, GPU-32e67c4f-7204-189f-8b65-2c274dd735a9, NVIDIA A100-SXM4-40GB, 34771, 40960, 0, 59.65, 31
nid001040,2026/05/03 03:58:31.134, 1, GPU-8861d14f-cf78-d18f-5009-dcf3f2d5ba6a, NVIDIA A100-SXM4-40GB, 34771, 40960, 0, 63.00, 29
nid001040,2026/05/03 03:58:31.135, 2, GPU-0c84e9ea-eb03-d0fd-94b6-c87fa7f2aa07, NVIDIA A100-SXM4-40GB, 0, 40960, 0, 50.11, 30
nid001040,2026/05/03 03:58:31.137, 3, GPU-324f8797-e49e-315a-bdaa-053d693f20df, NVIDIA A100-SXM4-40GB, 0, 40960, 0, 50.53, 29
nid001041,2026/05/03 03:58:32.065, 0, GPU-0ae16970-0c3a-bbe5-0e59-4168b3712b2a, NVIDIA A100-SXM4-40GB, 37613, 40960, 100, 112.00, 40
nid001041,2026/05/03 03:58:32.068, 1, GPU-41dedaa0-c8e2-c576-be36-87a6fa2949d6, NVIDIA A100-SXM4-40GB, 36191, 40960, 100, 134.98, 37
nid001041,2026/05/03 03:58:32.070, 2, GPU-84c053e0-dec1-a69a-0b40-fbf751d71b20, NVIDIA A100-SXM4-40GB, 36191, 40960, 100, 109.07, 36
nid001041,2026/05/03 03:58:32.073, 3, GPU-85487437-4cf7-3ceb-d2b0-5f2bed2d89cd, NVIDIA A100-SXM4-40GB, 37739, 40960, 100, 116.99, 34
nid001040,2026/05/03 03:58:35.077, 0, GPU-32e67c4f-7204-189f-8b65-2c274dd735a9, NVIDIA A100-SXM4-40GB, 34771, 40960, 0, 59.72, 31
nid001040,2026/05/03 03:58:35.079, 1, GPU-8861d14f-cf78-d18f-5009-dcf3f2d5ba6a, NVIDIA A100-SXM4-40GB, 34771, 40960, 0, 63.00, 29
nid001040,2026/05/03 03:58:35.080, 2, GPU-0c84e9ea-eb03-d0fd-94b6-c87fa7f2aa07, NVIDIA A100-SXM4-40GB, 0, 40960, 0, 50.35, 30
nid001040,2026/05/03 03:58:35.083, 3, GPU-324f8797-e49e-315a-bdaa-053d693f20df, NVIDIA A100-SXM4-40GB, 0, 40960, 0, 50.53, 29
nid001041,2026/05/03 03:58:35.987, 0, GPU-0ae16970-0c3a-bbe5-0e59-4168b3712b2a, NVIDIA A100-SXM4-40GB, 37613, 40960, 100, 116.60, 40
nid001041,2026/05/03 03:58:35.990, 1, GPU-41dedaa0-c8e2-c576-be36-87a6fa2949d6, NVIDIA A100-SXM4-40GB, 36191, 40960, 100, 91.06, 37
nid001041,2026/05/03 03:58:35.992, 2, GPU-84c053e0-dec1-a69a-0b40-fbf751d71b20, NVIDIA A100-SXM4-40GB, 36191, 40960, 100, 115.71, 36
nid001041,2026/05/03 03:58:35.993, 3, GPU-85487437-4cf7-3ceb-d2b0-5f2bed2d89cd, NVIDIA A100-SXM4-40GB, 37739, 40960, 100, 186.24, 34
nid001040,2026/05/03 03:58:38.965, 0, GPU-32e67c4f-7204-189f-8b65-2c274dd735a9, NVIDIA A100-SXM4-40GB, 34771, 40960, 0, 59.96, 31
nid001040,2026/05/03 03:58:38.967, 1, GPU-8861d14f-cf78-d18f-5009-dcf3f2d5ba6a, NVIDIA A100-SXM4-40GB, 34771, 40960, 0, 63.00, 29
nid001040,2026/05/03 03:58:38.969, 2, GPU-0c84e9ea-eb03-d0fd-94b6-c87fa7f2aa07, NVIDIA A100-SXM4-40GB, 0, 40960, 0, 50.11, 30
nid001040,2026/05/03 03:58:38.971, 3, GPU-324f8797-e49e-315a-bdaa-053d693f20df, NVIDIA A100-SXM4-40GB, 0, 40960, 0, 50.53, 29
nid001041,2026/05/03 03:58:39.903, 0, GPU-0ae16970-0c3a-bbe5-0e59-4168b3712b2a, NVIDIA A100-SXM4-40GB, 37613, 40960, 100, 96.19, 40
nid001041,2026/05/03 03:58:39.906, 1, GPU-41dedaa0-c8e2-c576-be36-87a6fa2949d6, NVIDIA A100-SXM4-40GB, 36191, 40960, 100, 139.82, 36
nid001041,2026/05/03 03:58:39.908, 2, GPU-84c053e0-dec1-a69a-0b40-fbf751d71b20, NVIDIA A100-SXM4-40GB, 36191, 40960, 100, 86.50, 36
nid001041,2026/05/03 03:58:39.913, 3, GPU-85487437-4cf7-3ceb-d2b0-5f2bed2d89cd, NVIDIA A100-SXM4-40GB, 37739, 40960, 100, 111.89, 34
nid001040,2026/05/03 03:58:42.894, 0, GPU-32e67c4f-7204-189f-8b65-2c274dd735a9, NVIDIA A100-SXM4-40GB, 34771, 40960, 0, 59.72, 31
nid001040,2026/05/03 03:58:42.896, 1, GPU-8861d14f-cf78-d18f-5009-dcf3f2d5ba6a, NVIDIA A100-SXM4-40GB, 34771, 40960, 0, 63.00, 29
nid001040,2026/05/03 03:58:42.897, 2, GPU-0c84e9ea-eb03-d0fd-94b6-c87fa7f2aa07, NVIDIA A100-SXM4-40GB, 0, 40960, 0, 50.11, 30
nid001040,2026/05/03 03:58:42.899, 3, GPU-324f8797-e49e-315a-bdaa-053d693f20df, NVIDIA A100-SXM4-40GB, 0, 40960, 0, 50.53, 29
nid001041,2026/05/03 03:58:43.823, 0, GPU-0ae16970-0c3a-bbe5-0e59-4168b3712b2a, NVIDIA A100-SXM4-40GB, 37613, 40960, 100, 133.70, 40
nid001041,2026/05/03 03:58:43.826, 1, GPU-41dedaa0-c8e2-c576-be36-87a6fa2949d6, NVIDIA A100-SXM4-40GB, 36191, 40960, 100, 91.87, 36
nid001041,2026/05/03 03:58:43.827, 2, GPU-84c053e0-dec1-a69a-0b40-fbf751d71b20, NVIDIA A100-SXM4-40GB, 36191, 40960, 100, 137.62, 35
nid001041,2026/05/03 03:58:43.829, 3, GPU-85487437-4cf7-3ceb-d2b0-5f2bed2d89cd, NVIDIA A100-SXM4-40GB, 37739, 40960, 100, 169.37, 35
nid001040,2026/05/03 03:58:46.807, 0, GPU-32e67c4f-7204-189f-8b65-2c274dd735a9, NVIDIA A100-SXM4-40GB, 34771, 40960, 0, 59.72, 31
nid001040,2026/05/03 03:58:46.809, 1, GPU-8861d14f-cf78-d18f-5009-dcf3f2d5ba6a, NVIDIA A100-SXM4-40GB, 34771, 40960, 0, 63.00, 29
nid001040,2026/05/03 03:58:46.811, 2, GPU-0c84e9ea-eb03-d0fd-94b6-c87fa7f2aa07, NVIDIA A100-SXM4-40GB, 0, 40960, 0, 50.41, 30
nid001040,2026/05/03 03:58:46.813, 3, GPU-324f8797-e49e-315a-bdaa-053d693f20df, NVIDIA A100-SXM4-40GB, 0, 40960, 0, 50.53, 29
nid001041,2026/05/03 03:58:47.739, 0, GPU-0ae16970-0c3a-bbe5-0e59-4168b3712b2a, NVIDIA A100-SXM4-40GB, 37613, 40960, 100, 88.02, 40
nid001041,2026/05/03 03:58:47.743, 1, GPU-41dedaa0-c8e2-c576-be36-87a6fa2949d6, NVIDIA A100-SXM4-40GB, 36191, 40960, 100, 170.53, 37
nid001041,2026/05/03 03:58:47.745, 2, GPU-84c053e0-dec1-a69a-0b40-fbf751d71b20, NVIDIA A100-SXM4-40GB, 36191, 40960, 100, 89.96, 36
nid001041,2026/05/03 03:58:47.746, 3, GPU-85487437-4cf7-3ceb-d2b0-5f2bed2d89cd, NVIDIA A100-SXM4-40GB, 37739, 40960, 100, 114.46, 35
nid001040,2026/05/03 03:58:50.705, 0, GPU-32e67c4f-7204-189f-8b65-2c274dd735a9, NVIDIA A100-SXM4-40GB, 34771, 40960, 0, 59.96, 31
nid001040,2026/05/03 03:58:50.707, 1, GPU-8861d14f-cf78-d18f-5009-dcf3f2d5ba6a, NVIDIA A100-SXM4-40GB, 34771, 40960, 0, 63.00, 29
nid001040,2026/05/03 03:58:50.709, 2, GPU-0c84e9ea-eb03-d0fd-94b6-c87fa7f2aa07, NVIDIA A100-SXM4-40GB, 0, 40960, 0, 50.11, 30
nid001040,2026/05/03 03:58:50.715, 3, GPU-324f8797-e49e-315a-bdaa-053d693f20df, NVIDIA A100-SXM4-40GB, 0, 40960, 0, 50.53, 29
nid001041,2026/05/03 03:58:51.630, 0, GPU-0ae16970-0c3a-bbe5-0e59-4168b3712b2a, NVIDIA A100-SXM4-40GB, 37613, 40960, 100, 157.68, 40
nid001041,2026/05/03 03:58:51.633, 1, GPU-41dedaa0-c8e2-c576-be36-87a6fa2949d6, NVIDIA A100-SXM4-40GB, 36191, 40960, 100, 92.63, 37
nid001041,2026/05/03 03:58:51.635, 2, GPU-84c053e0-dec1-a69a-0b40-fbf751d71b20, NVIDIA A100-SXM4-40GB, 36191, 40960, 100, 157.02, 36
nid001041,2026/05/03 03:58:51.636, 3, GPU-85487437-4cf7-3ceb-d2b0-5f2bed2d89cd, NVIDIA A100-SXM4-40GB, 37739, 40960, 100, 122.88, 34
nid001040,2026/05/03 03:58:54.585, 0, GPU-32e67c4f-7204-189f-8b65-2c274dd735a9, NVIDIA A100-SXM4-40GB, 34771, 40960, 0, 59.96, 31
nid001040,2026/05/03 03:58:54.587, 1, GPU-8861d14f-cf78-d18f-5009-dcf3f2d5ba6a, NVIDIA A100-SXM4-40GB, 34771, 40960, 0, 63.00, 29
nid001040,2026/05/03 03:58:54.588, 2, GPU-0c84e9ea-eb03-d0fd-94b6-c87fa7f2aa07, NVIDIA A100-SXM4-40GB, 0, 40960, 0, 50.11, 30
nid001040,2026/05/03 03:58:54.591, 3, GPU-324f8797-e49e-315a-bdaa-053d693f20df, NVIDIA A100-SXM4-40GB, 0, 40960, 0, 50.53, 29
nid001041,2026/05/03 03:58:55.487, 0, GPU-0ae16970-0c3a-bbe5-0e59-4168b3712b2a, NVIDIA A100-SXM4-40GB, 37613, 40960, 100, 96.19, 40
nid001041,2026/05/03 03:58:55.490, 1, GPU-41dedaa0-c8e2-c576-be36-87a6fa2949d6, NVIDIA A100-SXM4-40GB, 36191, 40960, 100, 201.12, 37
nid001041,2026/05/03 03:58:55.491, 2, GPU-84c053e0-dec1-a69a-0b40-fbf751d71b20, NVIDIA A100-SXM4-40GB, 36191, 40960, 100, 93.11, 36
nid001041,2026/05/03 03:58:55.494, 3, GPU-85487437-4cf7-3ceb-d2b0-5f2bed2d89cd, NVIDIA A100-SXM4-40GB, 37739, 40960, 100, 141.79, 35
nid001040,2026/05/03 03:58:58.447, 0, GPU-32e67c4f-7204-189f-8b65-2c274dd735a9, NVIDIA A100-SXM4-40GB, 34771, 40960, 0, 59.72, 31
nid001040,2026/05/03 03:58:58.449, 1, GPU-8861d14f-cf78-d18f-5009-dcf3f2d5ba6a, NVIDIA A100-SXM4-40GB, 34771, 40960, 0, 63.00, 29
nid001040,2026/05/03 03:58:58.450, 2, GPU-0c84e9ea-eb03-d0fd-94b6-c87fa7f2aa07, NVIDIA A100-SXM4-40GB, 0, 40960, 0, 50.35, 30
nid001040,2026/05/03 03:58:58.452, 3, GPU-324f8797-e49e-315a-bdaa-053d693f20df, NVIDIA A100-SXM4-40GB, 0, 40960, 0, 50.53, 29
nid001041,2026/05/03 03:58:59.356, 0, GPU-0ae16970-0c3a-bbe5-0e59-4168b3712b2a, NVIDIA A100-SXM4-40GB, 37613, 40960, 100, 187.30, 40
nid001041,2026/05/03 03:58:59.360, 1, GPU-41dedaa0-c8e2-c576-be36-87a6fa2949d6, NVIDIA A100-SXM4-40GB, 36191, 40960, 100, 110.24, 36
nid001041,2026/05/03 03:58:59.362, 2, GPU-84c053e0-dec1-a69a-0b40-fbf751d71b20, NVIDIA A100-SXM4-40GB, 36191, 40960, 100, 198.56, 36
nid001041,2026/05/03 03:58:59.363, 3, GPU-85487437-4cf7-3ceb-d2b0-5f2bed2d89cd, NVIDIA A100-SXM4-40GB, 37739, 40960, 100, 94.50, 34
nid001040,2026/05/03 03:59:02.332, 0, GPU-32e67c4f-7204-189f-8b65-2c274dd735a9, NVIDIA A100-SXM4-40GB, 34771, 40960, 0, 59.96, 31
nid001040,2026/05/03 03:59:02.334, 1, GPU-8861d14f-cf78-d18f-5009-dcf3f2d5ba6a, NVIDIA A100-SXM4-40GB, 34771, 40960, 0, 63.08, 29
nid001040,2026/05/03 03:59:02.336, 2, GPU-0c84e9ea-eb03-d0fd-94b6-c87fa7f2aa07, NVIDIA A100-SXM4-40GB, 0, 40960, 0, 50.35, 30
nid001040,2026/05/03 03:59:02.338, 3, GPU-324f8797-e49e-315a-bdaa-053d693f20df, NVIDIA A100-SXM4-40GB, 0, 40960, 0, 50.53, 29
nid001041,2026/05/03 03:59:03.284, 0, GPU-0ae16970-0c3a-bbe5-0e59-4168b3712b2a, NVIDIA A100-SXM4-40GB, 37613, 40960, 100, 112.29, 40
nid001041,2026/05/03 03:59:03.286, 1, GPU-41dedaa0-c8e2-c576-be36-87a6fa2949d6, NVIDIA A100-SXM4-40GB, 36191, 40960, 100, 96.19, 37
nid001041,2026/05/03 03:59:03.288, 2, GPU-84c053e0-dec1-a69a-0b40-fbf751d71b20, NVIDIA A100-SXM4-40GB, 36191, 40960, 100, 101.79, 35
nid001041,2026/05/03 03:59:03.290, 3, GPU-85487437-4cf7-3ceb-d2b0-5f2bed2d89cd, NVIDIA A100-SXM4-40GB, 37739, 40960, 100, 201.36, 34
nid001040,2026/05/03 03:59:06.278, 0, GPU-32e67c4f-7204-189f-8b65-2c274dd735a9, NVIDIA A100-SXM4-40GB, 34771, 40960, 0, 59.96, 31
nid001040,2026/05/03 03:59:06.280, 1, GPU-8861d14f-cf78-d18f-5009-dcf3f2d5ba6a, NVIDIA A100-SXM4-40GB, 34771, 40960, 0, 63.00, 29
nid001040,2026/05/03 03:59:06.282, 2, GPU-0c84e9ea-eb03-d0fd-94b6-c87fa7f2aa07, NVIDIA A100-SXM4-40GB, 0, 40960, 0, 50.35, 30
nid001040,2026/05/03 03:59:06.284, 3, GPU-324f8797-e49e-315a-bdaa-053d693f20df, NVIDIA A100-SXM4-40GB, 0, 40960, 0, 50.47, 29
nid001041,2026/05/03 03:59:07.197, 0, GPU-0ae16970-0c3a-bbe5-0e59-4168b3712b2a, NVIDIA A100-SXM4-40GB, 37613, 40960, 100, 150.03, 40
nid001041,2026/05/03 03:59:07.200, 1, GPU-41dedaa0-c8e2-c576-be36-87a6fa2949d6, NVIDIA A100-SXM4-40GB, 36191, 40960, 100, 100.03, 37
nid001041,2026/05/03 03:59:07.202, 2, GPU-84c053e0-dec1-a69a-0b40-fbf751d71b20, NVIDIA A100-SXM4-40GB, 36191, 40960, 86, 130.50, 36
nid001041,2026/05/03 03:59:07.204, 3, GPU-85487437-4cf7-3ceb-d2b0-5f2bed2d89cd, NVIDIA A100-SXM4-40GB, 37739, 40960, 94, 138.54, 35
nid001040,2026/05/03 03:59:10.181, 0, GPU-32e67c4f-7204-189f-8b65-2c274dd735a9, NVIDIA A100-SXM4-40GB, 34771, 40960, 0, 59.96, 31
nid001040,2026/05/03 03:59:10.183, 1, GPU-8861d14f-cf78-d18f-5009-dcf3f2d5ba6a, NVIDIA A100-SXM4-40GB, 34771, 40960, 0, 63.00, 29
nid001040,2026/05/03 03:59:10.184, 2, GPU-0c84e9ea-eb03-d0fd-94b6-c87fa7f2aa07, NVIDIA A100-SXM4-40GB, 0, 40960, 0, 50.35, 30
nid001040,2026/05/03 03:59:10.186, 3, GPU-324f8797-e49e-315a-bdaa-053d693f20df, NVIDIA A100-SXM4-40GB, 0, 40960, 0, 50.53, 29
nid001041,2026/05/03 03:59:11.110, 0, GPU-0ae16970-0c3a-bbe5-0e59-4168b3712b2a, NVIDIA A100-SXM4-40GB, 37613, 40960, 100, 88.79, 40
nid001041,2026/05/03 03:59:11.113, 1, GPU-41dedaa0-c8e2-c576-be36-87a6fa2949d6, NVIDIA A100-SXM4-40GB, 36191, 40960, 100, 193.43, 37
nid001041,2026/05/03 03:59:11.115, 2, GPU-84c053e0-dec1-a69a-0b40-fbf751d71b20, NVIDIA A100-SXM4-40GB, 36191, 40960, 100, 127.18, 36
nid001041,2026/05/03 03:59:11.123, 3, GPU-85487437-4cf7-3ceb-d2b0-5f2bed2d89cd, NVIDIA A100-SXM4-40GB, 37739, 40960, 100, 108.81, 34
nid001040,2026/05/03 03:59:14.060, 0, GPU-32e67c4f-7204-189f-8b65-2c274dd735a9, NVIDIA A100-SXM4-40GB, 34771, 40960, 0, 59.72, 31
nid001040,2026/05/03 03:59:14.062, 1, GPU-8861d14f-cf78-d18f-5009-dcf3f2d5ba6a, NVIDIA A100-SXM4-40GB, 34771, 40960, 0, 63.00, 29
nid001040,2026/05/03 03:59:14.064, 2, GPU-0c84e9ea-eb03-d0fd-94b6-c87fa7f2aa07, NVIDIA A100-SXM4-40GB, 0, 40960, 0, 50.35, 30
nid001040,2026/05/03 03:59:14.066, 3, GPU-324f8797-e49e-315a-bdaa-053d693f20df, NVIDIA A100-SXM4-40GB, 0, 40960, 0, 50.53, 29
nid001041,2026/05/03 03:59:14.986, 0, GPU-0ae16970-0c3a-bbe5-0e59-4168b3712b2a, NVIDIA A100-SXM4-40GB, 37613, 40960, 100, 137.02, 40
nid001041,2026/05/03 03:59:14.989, 1, GPU-41dedaa0-c8e2-c576-be36-87a6fa2949d6, NVIDIA A100-SXM4-40GB, 36191, 40960, 100, 93.91, 37
nid001041,2026/05/03 03:59:14.990, 2, GPU-84c053e0-dec1-a69a-0b40-fbf751d71b20, NVIDIA A100-SXM4-40GB, 36191, 40960, 100, 105.75, 36
nid001041,2026/05/03 03:59:14.992, 3, GPU-85487437-4cf7-3ceb-d2b0-5f2bed2d89cd, NVIDIA A100-SXM4-40GB, 37739, 40960, 100, 208.76, 34
nid001040,2026/05/03 03:59:17.932, 0, GPU-32e67c4f-7204-189f-8b65-2c274dd735a9, NVIDIA A100-SXM4-40GB, 34771, 40960, 0, 59.96, 31
nid001040,2026/05/03 03:59:17.934, 1, GPU-8861d14f-cf78-d18f-5009-dcf3f2d5ba6a, NVIDIA A100-SXM4-40GB, 34771, 40960, 0, 63.00, 29
nid001040,2026/05/03 03:59:17.936, 2, GPU-0c84e9ea-eb03-d0fd-94b6-c87fa7f2aa07, NVIDIA A100-SXM4-40GB, 0, 40960, 0, 50.35, 30
nid001040,2026/05/03 03:59:17.938, 3, GPU-324f8797-e49e-315a-bdaa-053d693f20df, NVIDIA A100-SXM4-40GB, 0, 40960, 0, 50.53, 29
nid001041,2026/05/03 03:59:18.869, 0, GPU-0ae16970-0c3a-bbe5-0e59-4168b3712b2a, NVIDIA A100-SXM4-40GB, 37613, 40960, 100, 102.84, 40
nid001041,2026/05/03 03:59:18.872, 1, GPU-41dedaa0-c8e2-c576-be36-87a6fa2949d6, NVIDIA A100-SXM4-40GB, 36191, 40960, 100, 170.01, 37
nid001041,2026/05/03 03:59:18.875, 2, GPU-84c053e0-dec1-a69a-0b40-fbf751d71b20, NVIDIA A100-SXM4-40GB, 36191, 40960, 100, 188.36, 36
nid001041,2026/05/03 03:59:18.876, 3, GPU-85487437-4cf7-3ceb-d2b0-5f2bed2d89cd, NVIDIA A100-SXM4-40GB, 37739, 40960, 100, 103.48, 35
nid001040,2026/05/03 03:59:21.848, 0, GPU-32e67c4f-7204-189f-8b65-2c274dd735a9, NVIDIA A100-SXM4-40GB, 34771, 40960, 0, 59.96, 31
nid001040,2026/05/03 03:59:21.854, 1, GPU-8861d14f-cf78-d18f-5009-dcf3f2d5ba6a, NVIDIA A100-SXM4-40GB, 34771, 40960, 0, 63.00, 29
nid001040,2026/05/03 03:59:21.855, 2, GPU-0c84e9ea-eb03-d0fd-94b6-c87fa7f2aa07, NVIDIA A100-SXM4-40GB, 0, 40960, 0, 50.11, 30
nid001040,2026/05/03 03:59:21.858, 3, GPU-324f8797-e49e-315a-bdaa-053d693f20df, NVIDIA A100-SXM4-40GB, 0, 40960, 0, 50.53, 29
nid001041,2026/05/03 03:59:22.789, 0, GPU-0ae16970-0c3a-bbe5-0e59-4168b3712b2a, NVIDIA A100-SXM4-40GB, 37613, 40960, 100, 121.21, 40
nid001041,2026/05/03 03:59:22.792, 1, GPU-41dedaa0-c8e2-c576-be36-87a6fa2949d6, NVIDIA A100-SXM4-40GB, 36191, 40960, 100, 95.14, 37
nid001041,2026/05/03 03:59:22.793, 2, GPU-84c053e0-dec1-a69a-0b40-fbf751d71b20, NVIDIA A100-SXM4-40GB, 36191, 40960, 100, 94.80, 36
nid001041,2026/05/03 03:59:22.796, 3, GPU-85487437-4cf7-3ceb-d2b0-5f2bed2d89cd, NVIDIA A100-SXM4-40GB, 37739, 40960, 100, 208.48, 35
nid001040,2026/05/03 03:59:25.745, 0, GPU-32e67c4f-7204-189f-8b65-2c274dd735a9, NVIDIA A100-SXM4-40GB, 34771, 40960, 0, 60.25, 31
nid001040,2026/05/03 03:59:25.748, 1, GPU-8861d14f-cf78-d18f-5009-dcf3f2d5ba6a, NVIDIA A100-SXM4-40GB, 34771, 40960, 0, 63.00, 29
nid001040,2026/05/03 03:59:25.749, 2, GPU-0c84e9ea-eb03-d0fd-94b6-c87fa7f2aa07, NVIDIA A100-SXM4-40GB, 0, 40960, 0, 50.11, 30
nid001040,2026/05/03 03:59:25.751, 3, GPU-324f8797-e49e-315a-bdaa-053d693f20df, NVIDIA A100-SXM4-40GB, 0, 40960, 0, 50.53, 29
nid001041,2026/05/03 03:59:26.796, 0, GPU-0ae16970-0c3a-bbe5-0e59-4168b3712b2a, NVIDIA A100-SXM4-40GB, 37613, 40960, 100, 88.55, 40
nid001041,2026/05/03 03:59:26.799, 1, GPU-41dedaa0-c8e2-c576-be36-87a6fa2949d6, NVIDIA A100-SXM4-40GB, 36191, 40960, 100, 182.24, 36
nid001041,2026/05/03 03:59:26.800, 2, GPU-84c053e0-dec1-a69a-0b40-fbf751d71b20, NVIDIA A100-SXM4-40GB, 36191, 40960, 100, 199.84, 36
nid001041,2026/05/03 03:59:26.803, 3, GPU-85487437-4cf7-3ceb-d2b0-5f2bed2d89cd, NVIDIA A100-SXM4-40GB, 37739, 40960, 100, 103.72, 34
nid001040,2026/05/03 03:59:29.775, 0, GPU-32e67c4f-7204-189f-8b65-2c274dd735a9, NVIDIA A100-SXM4-40GB, 34771, 40960, 0, 59.89, 31
nid001040,2026/05/03 03:59:29.777, 1, GPU-8861d14f-cf78-d18f-5009-dcf3f2d5ba6a, NVIDIA A100-SXM4-40GB, 34771, 40960, 0, 63.08, 29
nid001040,2026/05/03 03:59:29.779, 2, GPU-0c84e9ea-eb03-d0fd-94b6-c87fa7f2aa07, NVIDIA A100-SXM4-40GB, 0, 40960, 0, 50.35, 30
nid001040,2026/05/03 03:59:29.781, 3, GPU-324f8797-e49e-315a-bdaa-053d693f20df, NVIDIA A100-SXM4-40GB, 0, 40960, 0, 50.53, 29
nid001041,2026/05/03 03:59:30.700, 0, GPU-0ae16970-0c3a-bbe5-0e59-4168b3712b2a, NVIDIA A100-SXM4-40GB, 37613, 40960, 100, 137.78, 40
nid001041,2026/05/03 03:59:30.703, 1, GPU-41dedaa0-c8e2-c576-be36-87a6fa2949d6, NVIDIA A100-SXM4-40GB, 36191, 40960, 100, 98.00, 37
nid001041,2026/05/03 03:59:30.705, 2, GPU-84c053e0-dec1-a69a-0b40-fbf751d71b20, NVIDIA A100-SXM4-40GB, 36191, 40960, 100, 99.16, 35
nid001041,2026/05/03 03:59:30.708, 3, GPU-85487437-4cf7-3ceb-d2b0-5f2bed2d89cd, NVIDIA A100-SXM4-40GB, 37739, 40960, 100, 203.11, 34
nid001040,2026/05/03 03:59:33.668, 0, GPU-32e67c4f-7204-189f-8b65-2c274dd735a9, NVIDIA A100-SXM4-40GB, 34771, 40960, 0, 59.96, 31
nid001040,2026/05/03 03:59:33.670, 1, GPU-8861d14f-cf78-d18f-5009-dcf3f2d5ba6a, NVIDIA A100-SXM4-40GB, 34771, 40960, 0, 63.00, 29
nid001040,2026/05/03 03:59:33.671, 2, GPU-0c84e9ea-eb03-d0fd-94b6-c87fa7f2aa07, NVIDIA A100-SXM4-40GB, 0, 40960, 0, 50.35, 30
nid001040,2026/05/03 03:59:33.673, 3, GPU-324f8797-e49e-315a-bdaa-053d693f20df, NVIDIA A100-SXM4-40GB, 0, 40960, 0, 50.53, 29
nid001041,2026/05/03 03:59:34.623, 0, GPU-0ae16970-0c3a-bbe5-0e59-4168b3712b2a, NVIDIA A100-SXM4-40GB, 37613, 40960, 100, 89.83, 40
nid001041,2026/05/03 03:59:34.626, 1, GPU-41dedaa0-c8e2-c576-be36-87a6fa2949d6, NVIDIA A100-SXM4-40GB, 36191, 40960, 100, 204.15, 37
nid001041,2026/05/03 03:59:34.627, 2, GPU-84c053e0-dec1-a69a-0b40-fbf751d71b20, NVIDIA A100-SXM4-40GB, 36191, 40960, 100, 190.40, 35
nid001041,2026/05/03 03:59:34.629, 3, GPU-85487437-4cf7-3ceb-d2b0-5f2bed2d89cd, NVIDIA A100-SXM4-40GB, 37739, 40960, 100, 109.61, 35
nid001040,2026/05/03 03:59:37.562, 0, GPU-32e67c4f-7204-189f-8b65-2c274dd735a9, NVIDIA A100-SXM4-40GB, 34771, 40960, 0, 59.96, 31
nid001040,2026/05/03 03:59:37.564, 1, GPU-8861d14f-cf78-d18f-5009-dcf3f2d5ba6a, NVIDIA A100-SXM4-40GB, 34771, 40960, 0, 63.08, 29
nid001040,2026/05/03 03:59:37.566, 2, GPU-0c84e9ea-eb03-d0fd-94b6-c87fa7f2aa07, NVIDIA A100-SXM4-40GB, 0, 40960, 0, 50.41, 30
nid001040,2026/05/03 03:59:37.568, 3, GPU-324f8797-e49e-315a-bdaa-053d693f20df, NVIDIA A100-SXM4-40GB, 0, 40960, 0, 50.53, 29
nid001041,2026/05/03 03:59:38.466, 0, GPU-0ae16970-0c3a-bbe5-0e59-4168b3712b2a, NVIDIA A100-SXM4-40GB, 37613, 40960, 100, 133.98, 40
nid001041,2026/05/03 03:59:38.469, 1, GPU-41dedaa0-c8e2-c576-be36-87a6fa2949d6, NVIDIA A100-SXM4-40GB, 36191, 40960, 100, 98.99, 37
nid001041,2026/05/03 03:59:38.472, 2, GPU-84c053e0-dec1-a69a-0b40-fbf751d71b20, NVIDIA A100-SXM4-40GB, 36191, 40960, 100, 102.95, 36
nid001041,2026/05/03 03:59:38.474, 3, GPU-85487437-4cf7-3ceb-d2b0-5f2bed2d89cd, NVIDIA A100-SXM4-40GB, 37739, 40960, 100, 179.66, 35
nid001040,2026/05/03 03:59:41.416, 0, GPU-32e67c4f-7204-189f-8b65-2c274dd735a9, NVIDIA A100-SXM4-40GB, 34771, 40960, 0, 59.96, 31
nid001040,2026/05/03 03:59:41.418, 1, GPU-8861d14f-cf78-d18f-5009-dcf3f2d5ba6a, NVIDIA A100-SXM4-40GB, 34771, 40960, 0, 63.00, 29
nid001040,2026/05/03 03:59:41.420, 2, GPU-0c84e9ea-eb03-d0fd-94b6-c87fa7f2aa07, NVIDIA A100-SXM4-40GB, 0, 40960, 0, 50.11, 30
nid001040,2026/05/03 03:59:41.423, 3, GPU-324f8797-e49e-315a-bdaa-053d693f20df, NVIDIA A100-SXM4-40GB, 0, 40960, 0, 50.53, 29
nid001041,2026/05/03 03:59:42.344, 0, GPU-0ae16970-0c3a-bbe5-0e59-4168b3712b2a, NVIDIA A100-SXM4-40GB, 37613, 40960, 100, 90.58, 40
nid001041,2026/05/03 03:59:42.347, 1, GPU-41dedaa0-c8e2-c576-be36-87a6fa2949d6, NVIDIA A100-SXM4-40GB, 36191, 40960, 100, 180.20, 36
nid001041,2026/05/03 03:59:42.349, 2, GPU-84c053e0-dec1-a69a-0b40-fbf751d71b20, NVIDIA A100-SXM4-40GB, 36191, 40960, 100, 150.37, 36
nid001041,2026/05/03 03:59:42.351, 3, GPU-85487437-4cf7-3ceb-d2b0-5f2bed2d89cd, NVIDIA A100-SXM4-40GB, 37739, 40960, 100, 116.22, 35
nid001040,2026/05/03 03:59:45.311, 0, GPU-32e67c4f-7204-189f-8b65-2c274dd735a9, NVIDIA A100-SXM4-40GB, 34771, 40960, 0, 59.72, 31
nid001040,2026/05/03 03:59:45.313, 1, GPU-8861d14f-cf78-d18f-5009-dcf3f2d5ba6a, NVIDIA A100-SXM4-40GB, 34771, 40960, 0, 63.00, 29
nid001040,2026/05/03 03:59:45.314, 2, GPU-0c84e9ea-eb03-d0fd-94b6-c87fa7f2aa07, NVIDIA A100-SXM4-40GB, 0, 40960, 0, 50.35, 30
nid001040,2026/05/03 03:59:45.324, 3, GPU-324f8797-e49e-315a-bdaa-053d693f20df, NVIDIA A100-SXM4-40GB, 0, 40960, 0, 50.53, 29
nid001041,2026/05/03 03:59:46.234, 0, GPU-0ae16970-0c3a-bbe5-0e59-4168b3712b2a, NVIDIA A100-SXM4-40GB, 37613, 40960, 100, 162.56, 40
nid001041,2026/05/03 03:59:46.237, 1, GPU-41dedaa0-c8e2-c576-be36-87a6fa2949d6, NVIDIA A100-SXM4-40GB, 36191, 40960, 100, 110.48, 36
nid001041,2026/05/03 03:59:46.240, 2, GPU-84c053e0-dec1-a69a-0b40-fbf751d71b20, NVIDIA A100-SXM4-40GB, 36191, 40960, 100, 110.48, 35
nid001041,2026/05/03 03:59:46.241, 3, GPU-85487437-4cf7-3ceb-d2b0-5f2bed2d89cd, NVIDIA A100-SXM4-40GB, 37739, 40960, 100, 112.13, 34
nid001040,2026/05/03 03:59:49.211, 0, GPU-32e67c4f-7204-189f-8b65-2c274dd735a9, NVIDIA A100-SXM4-40GB, 34771, 40960, 0, 59.96, 31
nid001040,2026/05/03 03:59:49.213, 1, GPU-8861d14f-cf78-d18f-5009-dcf3f2d5ba6a, NVIDIA A100-SXM4-40GB, 34771, 40960, 0, 63.00, 29
nid001040,2026/05/03 03:59:49.214, 2, GPU-0c84e9ea-eb03-d0fd-94b6-c87fa7f2aa07, NVIDIA A100-SXM4-40GB, 0, 40960, 0, 50.35, 30
nid001040,2026/05/03 03:59:49.221, 3, GPU-324f8797-e49e-315a-bdaa-053d693f20df, NVIDIA A100-SXM4-40GB, 0, 40960, 0, 50.53, 29
nid001041,2026/05/03 03:59:50.144, 0, GPU-0ae16970-0c3a-bbe5-0e59-4168b3712b2a, NVIDIA A100-SXM4-40GB, 37613, 40960, 100, 96.95, 40
nid001041,2026/05/03 03:59:50.148, 1, GPU-41dedaa0-c8e2-c576-be36-87a6fa2949d6, NVIDIA A100-SXM4-40GB, 36191, 40960, 100, 104.12, 37
nid001041,2026/05/03 03:59:50.151, 2, GPU-84c053e0-dec1-a69a-0b40-fbf751d71b20, NVIDIA A100-SXM4-40GB, 36191, 40960, 100, 88.26, 36
nid001041,2026/05/03 03:59:50.152, 3, GPU-85487437-4cf7-3ceb-d2b0-5f2bed2d89cd, NVIDIA A100-SXM4-40GB, 37739, 40960, 100, 142.04, 34
nid001040,2026/05/03 03:59:53.117, 0, GPU-32e67c4f-7204-189f-8b65-2c274dd735a9, NVIDIA A100-SXM4-40GB, 34771, 40960, 0, 59.72, 31
nid001040,2026/05/03 03:59:53.119, 1, GPU-8861d14f-cf78-d18f-5009-dcf3f2d5ba6a, NVIDIA A100-SXM4-40GB, 34771, 40960, 0, 63.00, 29
nid001040,2026/05/03 03:59:53.120, 2, GPU-0c84e9ea-eb03-d0fd-94b6-c87fa7f2aa07, NVIDIA A100-SXM4-40GB, 0, 40960, 0, 50.35, 30
nid001040,2026/05/03 03:59:53.127, 3, GPU-324f8797-e49e-315a-bdaa-053d693f20df, NVIDIA A100-SXM4-40GB, 0, 40960, 0, 50.53, 29
nid001041,2026/05/03 03:59:54.049, 0, GPU-0ae16970-0c3a-bbe5-0e59-4168b3712b2a, NVIDIA A100-SXM4-40GB, 37613, 40960, 100, 177.33, 40
nid001041,2026/05/03 03:59:54.053, 1, GPU-41dedaa0-c8e2-c576-be36-87a6fa2949d6, NVIDIA A100-SXM4-40GB, 36191, 40960, 100, 150.61, 37
nid001041,2026/05/03 03:59:54.054, 2, GPU-84c053e0-dec1-a69a-0b40-fbf751d71b20, NVIDIA A100-SXM4-40GB, 36191, 40960, 100, 155.97, 36
nid001041,2026/05/03 03:59:54.056, 3, GPU-85487437-4cf7-3ceb-d2b0-5f2bed2d89cd, NVIDIA A100-SXM4-40GB, 37739, 40960, 100, 96.83, 35
nid001040,2026/05/03 03:59:56.995, 0, GPU-32e67c4f-7204-189f-8b65-2c274dd735a9, NVIDIA A100-SXM4-40GB, 34771, 40960, 0, 59.72, 31
nid001040,2026/05/03 03:59:56.996, 1, GPU-8861d14f-cf78-d18f-5009-dcf3f2d5ba6a, NVIDIA A100-SXM4-40GB, 34771, 40960, 0, 63.00, 29
nid001040,2026/05/03 03:59:56.998, 2, GPU-0c84e9ea-eb03-d0fd-94b6-c87fa7f2aa07, NVIDIA A100-SXM4-40GB, 0, 40960, 0, 50.35, 30
nid001040,2026/05/03 03:59:57.000, 3, GPU-324f8797-e49e-315a-bdaa-053d693f20df, NVIDIA A100-SXM4-40GB, 0, 40960, 0, 50.53, 29
nid001041,2026/05/03 03:59:57.939, 0, GPU-0ae16970-0c3a-bbe5-0e59-4168b3712b2a, NVIDIA A100-SXM4-40GB, 37613, 40960, 100, 127.05, 40
nid001041,2026/05/03 03:59:57.942, 1, GPU-41dedaa0-c8e2-c576-be36-87a6fa2949d6, NVIDIA A100-SXM4-40GB, 36191, 40960, 100, 98.47, 36
nid001041,2026/05/03 03:59:57.949, 2, GPU-84c053e0-dec1-a69a-0b40-fbf751d71b20, NVIDIA A100-SXM4-40GB, 36191, 40960, 100, 96.31, 36
nid001041,2026/05/03 03:59:57.951, 3, GPU-85487437-4cf7-3ceb-d2b0-5f2bed2d89cd, NVIDIA A100-SXM4-40GB, 37739, 40960, 100, 207.48, 35
nid001040,2026/05/03 04:00:00.917, 0, GPU-32e67c4f-7204-189f-8b65-2c274dd735a9, NVIDIA A100-SXM4-40GB, 34771, 40960, 0, 59.72, 31
nid001040,2026/05/03 04:00:00.919, 1, GPU-8861d14f-cf78-d18f-5009-dcf3f2d5ba6a, NVIDIA A100-SXM4-40GB, 34771, 40960, 0, 63.53, 29
nid001040,2026/05/03 04:00:00.920, 2, GPU-0c84e9ea-eb03-d0fd-94b6-c87fa7f2aa07, NVIDIA A100-SXM4-40GB, 0, 40960, 0, 50.35, 30
nid001040,2026/05/03 04:00:00.929, 3, GPU-324f8797-e49e-315a-bdaa-053d693f20df, NVIDIA A100-SXM4-40GB, 0, 40960, 0, 50.53, 29
nid001041,2026/05/03 04:00:01.843, 0, GPU-0ae16970-0c3a-bbe5-0e59-4168b3712b2a, NVIDIA A100-SXM4-40GB, 37613, 40960, 100, 392.85, 50
nid001041,2026/05/03 04:00:01.846, 1, GPU-41dedaa0-c8e2-c576-be36-87a6fa2949d6, NVIDIA A100-SXM4-40GB, 36299, 40960, 100, 82.56, 44
nid001041,2026/05/03 04:00:01.858, 2, GPU-84c053e0-dec1-a69a-0b40-fbf751d71b20, NVIDIA A100-SXM4-40GB, 36299, 40960, 100, 79.76, 36
nid001041,2026/05/03 04:00:01.859, 3, GPU-85487437-4cf7-3ceb-d2b0-5f2bed2d89cd, NVIDIA A100-SXM4-40GB, 37739, 40960, 100, 79.34, 36
nid001040,2026/05/03 04:00:04.830, 0, GPU-32e67c4f-7204-189f-8b65-2c274dd735a9, NVIDIA A100-SXM4-40GB, 34771, 40960, 0, 59.72, 31
nid001040,2026/05/03 04:00:04.832, 1, GPU-8861d14f-cf78-d18f-5009-dcf3f2d5ba6a, NVIDIA A100-SXM4-40GB, 34771, 40960, 0, 63.00, 29
nid001040,2026/05/03 04:00:04.835, 2, GPU-0c84e9ea-eb03-d0fd-94b6-c87fa7f2aa07, NVIDIA A100-SXM4-40GB, 0, 40960, 0, 50.35, 30
nid001040,2026/05/03 04:00:04.838, 3, GPU-324f8797-e49e-315a-bdaa-053d693f20df, NVIDIA A100-SXM4-40GB, 0, 40960, 0, 50.53, 29
nid001041,2026/05/03 04:00:05.756, 0, GPU-0ae16970-0c3a-bbe5-0e59-4168b3712b2a, NVIDIA A100-SXM4-40GB, 37613, 40960, 100, 119.69, 41
nid001041,2026/05/03 04:00:05.758, 1, GPU-41dedaa0-c8e2-c576-be36-87a6fa2949d6, NVIDIA A100-SXM4-40GB, 36299, 40960, 100, 108.68, 37
nid001041,2026/05/03 04:00:05.760, 2, GPU-84c053e0-dec1-a69a-0b40-fbf751d71b20, NVIDIA A100-SXM4-40GB, 36299, 40960, 100, 104.75, 37
nid001041,2026/05/03 04:00:05.762, 3, GPU-85487437-4cf7-3ceb-d2b0-5f2bed2d89cd, NVIDIA A100-SXM4-40GB, 37739, 40960, 100, 140.59, 34
nid001040,2026/05/03 04:00:08.738, 0, GPU-32e67c4f-7204-189f-8b65-2c274dd735a9, NVIDIA A100-SXM4-40GB, 34771, 40960, 0, 59.65, 31
nid001040,2026/05/03 04:00:08.740, 1, GPU-8861d14f-cf78-d18f-5009-dcf3f2d5ba6a, NVIDIA A100-SXM4-40GB, 34771, 40960, 0, 63.00, 29
nid001040,2026/05/03 04:00:08.742, 2, GPU-0c84e9ea-eb03-d0fd-94b6-c87fa7f2aa07, NVIDIA A100-SXM4-40GB, 0, 40960, 0, 50.35, 30
nid001040,2026/05/03 04:00:08.744, 3, GPU-324f8797-e49e-315a-bdaa-053d693f20df, NVIDIA A100-SXM4-40GB, 0, 40960, 0, 50.53, 29
nid001041,2026/05/03 04:00:09.665, 0, GPU-0ae16970-0c3a-bbe5-0e59-4168b3712b2a, NVIDIA A100-SXM4-40GB, 37613, 40960, 100, 206.43, 41
nid001041,2026/05/03 04:00:09.668, 1, GPU-41dedaa0-c8e2-c576-be36-87a6fa2949d6, NVIDIA A100-SXM4-40GB, 36299, 40960, 100, 187.30, 37
nid001041,2026/05/03 04:00:09.669, 2, GPU-84c053e0-dec1-a69a-0b40-fbf751d71b20, NVIDIA A100-SXM4-40GB, 36299, 40960, 100, 157.25, 36
nid001041,2026/05/03 04:00:09.671, 3, GPU-85487437-4cf7-3ceb-d2b0-5f2bed2d89cd, NVIDIA A100-SXM4-40GB, 37739, 40960, 100, 216.93, 34
nid001040,2026/05/03 04:00:12.622, 0, GPU-32e67c4f-7204-189f-8b65-2c274dd735a9, NVIDIA A100-SXM4-40GB, 34771, 40960, 0, 59.72, 31
nid001040,2026/05/03 04:00:12.624, 1, GPU-8861d14f-cf78-d18f-5009-dcf3f2d5ba6a, NVIDIA A100-SXM4-40GB, 34771, 40960, 0, 63.00, 29
nid001040,2026/05/03 04:00:12.625, 2, GPU-0c84e9ea-eb03-d0fd-94b6-c87fa7f2aa07, NVIDIA A100-SXM4-40GB, 0, 40960, 0, 50.35, 30
nid001040,2026/05/03 04:00:12.628, 3, GPU-324f8797-e49e-315a-bdaa-053d693f20df, NVIDIA A100-SXM4-40GB, 0, 40960, 0, 50.53, 29
nid001041,2026/05/03 04:00:13.551, 0, GPU-0ae16970-0c3a-bbe5-0e59-4168b3712b2a, NVIDIA A100-SXM4-40GB, 37613, 40960, 100, 121.74, 40
nid001041,2026/05/03 04:00:13.554, 1, GPU-41dedaa0-c8e2-c576-be36-87a6fa2949d6, NVIDIA A100-SXM4-40GB, 36299, 40960, 100, 108.68, 37
nid001041,2026/05/03 04:00:13.557, 2, GPU-84c053e0-dec1-a69a-0b40-fbf751d71b20, NVIDIA A100-SXM4-40GB, 36299, 40960, 100, 103.60, 36
nid001041,2026/05/03 04:00:13.559, 3, GPU-85487437-4cf7-3ceb-d2b0-5f2bed2d89cd, NVIDIA A100-SXM4-40GB, 37739, 40960, 100, 135.14, 35
nid001040,2026/05/03 04:00:16.510, 0, GPU-32e67c4f-7204-189f-8b65-2c274dd735a9, NVIDIA A100-SXM4-40GB, 34771, 40960, 0, 59.72, 31
nid001040,2026/05/03 04:00:16.512, 1, GPU-8861d14f-cf78-d18f-5009-dcf3f2d5ba6a, NVIDIA A100-SXM4-40GB, 34771, 40960, 0, 63.00, 29
nid001040,2026/05/03 04:00:16.514, 2, GPU-0c84e9ea-eb03-d0fd-94b6-c87fa7f2aa07, NVIDIA A100-SXM4-40GB, 0, 40960, 0, 50.11, 30
nid001040,2026/05/03 04:00:16.516, 3, GPU-324f8797-e49e-315a-bdaa-053d693f20df, NVIDIA A100-SXM4-40GB, 0, 40960, 0, 50.53, 29
nid001041,2026/05/03 04:00:17.437, 0, GPU-0ae16970-0c3a-bbe5-0e59-4168b3712b2a, NVIDIA A100-SXM4-40GB, 37613, 40960, 100, 118.13, 41
nid001041,2026/05/03 04:00:17.440, 1, GPU-41dedaa0-c8e2-c576-be36-87a6fa2949d6, NVIDIA A100-SXM4-40GB, 36299, 40960, 100, 90.58, 37
nid001041,2026/05/03 04:00:17.442, 2, GPU-84c053e0-dec1-a69a-0b40-fbf751d71b20, NVIDIA A100-SXM4-40GB, 36299, 40960, 100, 100.39, 36
nid001041,2026/05/03 04:00:17.445, 3, GPU-85487437-4cf7-3ceb-d2b0-5f2bed2d89cd, NVIDIA A100-SXM4-40GB, 37739, 40960, 100, 125.44, 34
nid001040,2026/05/03 04:00:20.408, 0, GPU-32e67c4f-7204-189f-8b65-2c274dd735a9, NVIDIA A100-SXM4-40GB, 34771, 40960, 0, 59.72, 31
nid001040,2026/05/03 04:00:20.410, 1, GPU-8861d14f-cf78-d18f-5009-dcf3f2d5ba6a, NVIDIA A100-SXM4-40GB, 34771, 40960, 0, 63.00, 29
nid001040,2026/05/03 04:00:20.411, 2, GPU-0c84e9ea-eb03-d0fd-94b6-c87fa7f2aa07, NVIDIA A100-SXM4-40GB, 0, 40960, 0, 50.35, 30
nid001040,2026/05/03 04:00:20.413, 3, GPU-324f8797-e49e-315a-bdaa-053d693f20df, NVIDIA A100-SXM4-40GB, 0, 40960, 0, 50.53, 29
nid001041,2026/05/03 04:00:21.342, 0, GPU-0ae16970-0c3a-bbe5-0e59-4168b3712b2a, NVIDIA A100-SXM4-40GB, 37613, 40960, 100, 145.95, 41
nid001041,2026/05/03 04:00:21.345, 1, GPU-41dedaa0-c8e2-c576-be36-87a6fa2949d6, NVIDIA A100-SXM4-40GB, 36299, 40960, 100, 120.93, 37
nid001041,2026/05/03 04:00:21.347, 2, GPU-84c053e0-dec1-a69a-0b40-fbf751d71b20, NVIDIA A100-SXM4-40GB, 36299, 40960, 100, 111.63, 36
nid001041,2026/05/03 04:00:21.349, 3, GPU-85487437-4cf7-3ceb-d2b0-5f2bed2d89cd, NVIDIA A100-SXM4-40GB, 37739, 40960, 100, 147.17, 34
nid001040,2026/05/03 04:00:24.297, 0, GPU-32e67c4f-7204-189f-8b65-2c274dd735a9, NVIDIA A100-SXM4-40GB, 34771, 40960, 0, 59.72, 31
nid001040,2026/05/03 04:00:24.299, 1, GPU-8861d14f-cf78-d18f-5009-dcf3f2d5ba6a, NVIDIA A100-SXM4-40GB, 34771, 40960, 0, 63.08, 29
nid001040,2026/05/03 04:00:24.301, 2, GPU-0c84e9ea-eb03-d0fd-94b6-c87fa7f2aa07, NVIDIA A100-SXM4-40GB, 0, 40960, 0, 50.35, 30
nid001040,2026/05/03 04:00:24.303, 3, GPU-324f8797-e49e-315a-bdaa-053d693f20df, NVIDIA A100-SXM4-40GB, 0, 40960, 0, 50.53, 29
nid001041,2026/05/03 04:00:25.218, 0, GPU-0ae16970-0c3a-bbe5-0e59-4168b3712b2a, NVIDIA A100-SXM4-40GB, 37613, 40960, 100, 93.91, 41
nid001041,2026/05/03 04:00:25.222, 1, GPU-41dedaa0-c8e2-c576-be36-87a6fa2949d6, NVIDIA A100-SXM4-40GB, 36299, 40960, 100, 209.75, 38
nid001041,2026/05/03 04:00:25.223, 2, GPU-84c053e0-dec1-a69a-0b40-fbf751d71b20, NVIDIA A100-SXM4-40GB, 36299, 40960, 100, 84.36, 36
nid001041,2026/05/03 04:00:25.228, 3, GPU-85487437-4cf7-3ceb-d2b0-5f2bed2d89cd, NVIDIA A100-SXM4-40GB, 37739, 40960, 100, 90.41, 34
nid001040,2026/05/03 04:00:28.188, 0, GPU-32e67c4f-7204-189f-8b65-2c274dd735a9, NVIDIA A100-SXM4-40GB, 34771, 40960, 0, 59.72, 31
nid001040,2026/05/03 04:00:28.190, 1, GPU-8861d14f-cf78-d18f-5009-dcf3f2d5ba6a, NVIDIA A100-SXM4-40GB, 34771, 40960, 0, 63.00, 29
nid001040,2026/05/03 04:00:28.191, 2, GPU-0c84e9ea-eb03-d0fd-94b6-c87fa7f2aa07, NVIDIA A100-SXM4-40GB, 0, 40960, 0, 50.41, 30
nid001040,2026/05/03 04:00:28.193, 3, GPU-324f8797-e49e-315a-bdaa-053d693f20df, NVIDIA A100-SXM4-40GB, 0, 40960, 0, 50.53, 29
nid001041,2026/05/03 04:00:29.139, 0, GPU-0ae16970-0c3a-bbe5-0e59-4168b3712b2a, NVIDIA A100-SXM4-40GB, 37613, 40960, 100, 166.12, 41
nid001041,2026/05/03 04:00:29.143, 1, GPU-41dedaa0-c8e2-c576-be36-87a6fa2949d6, NVIDIA A100-SXM4-40GB, 36299, 40960, 100, 139.59, 37
nid001041,2026/05/03 04:00:29.144, 2, GPU-84c053e0-dec1-a69a-0b40-fbf751d71b20, NVIDIA A100-SXM4-40GB, 36299, 40960, 100, 193.72, 36
nid001041,2026/05/03 04:00:29.146, 3, GPU-85487437-4cf7-3ceb-d2b0-5f2bed2d89cd, NVIDIA A100-SXM4-40GB, 37739, 40960, 100, 163.99, 34
nid001040,2026/05/03 04:00:32.113, 0, GPU-32e67c4f-7204-189f-8b65-2c274dd735a9, NVIDIA A100-SXM4-40GB, 34771, 40960, 0, 59.72, 31
nid001040,2026/05/03 04:00:32.115, 1, GPU-8861d14f-cf78-d18f-5009-dcf3f2d5ba6a, NVIDIA A100-SXM4-40GB, 34771, 40960, 0, 63.00, 29
nid001040,2026/05/03 04:00:32.116, 2, GPU-0c84e9ea-eb03-d0fd-94b6-c87fa7f2aa07, NVIDIA A100-SXM4-40GB, 0, 40960, 0, 50.35, 30
nid001040,2026/05/03 04:00:32.118, 3, GPU-324f8797-e49e-315a-bdaa-053d693f20df, NVIDIA A100-SXM4-40GB, 0, 40960, 0, 50.53, 29
nid001041,2026/05/03 04:00:33.055, 0, GPU-0ae16970-0c3a-bbe5-0e59-4168b3712b2a, NVIDIA A100-SXM4-40GB, 37613, 40960, 100, 150.03, 40
nid001041,2026/05/03 04:00:33.058, 1, GPU-41dedaa0-c8e2-c576-be36-87a6fa2949d6, NVIDIA A100-SXM4-40GB, 36299, 40960, 100, 219.47, 37
nid001041,2026/05/03 04:00:33.060, 2, GPU-84c053e0-dec1-a69a-0b40-fbf751d71b20, NVIDIA A100-SXM4-40GB, 36299, 40960, 100, 106.92, 36
nid001041,2026/05/03 04:00:33.062, 3, GPU-85487437-4cf7-3ceb-d2b0-5f2bed2d89cd, NVIDIA A100-SXM4-40GB, 37739, 40960, 100, 151.73, 34
nid001040,2026/05/03 04:00:36.009, 0, GPU-32e67c4f-7204-189f-8b65-2c274dd735a9, NVIDIA A100-SXM4-40GB, 34771, 40960, 0, 59.96, 31
nid001040,2026/05/03 04:00:36.011, 1, GPU-8861d14f-cf78-d18f-5009-dcf3f2d5ba6a, NVIDIA A100-SXM4-40GB, 34771, 40960, 0, 63.00, 29
nid001040,2026/05/03 04:00:36.012, 2, GPU-0c84e9ea-eb03-d0fd-94b6-c87fa7f2aa07, NVIDIA A100-SXM4-40GB, 0, 40960, 0, 50.11, 30
nid001040,2026/05/03 04:00:36.014, 3, GPU-324f8797-e49e-315a-bdaa-053d693f20df, NVIDIA A100-SXM4-40GB, 0, 40960, 0, 50.53, 29
nid001041,2026/05/03 04:00:37.072, 0, GPU-0ae16970-0c3a-bbe5-0e59-4168b3712b2a, NVIDIA A100-SXM4-40GB, 37613, 40960, 100, 87.50, 40
nid001041,2026/05/03 04:00:37.076, 1, GPU-41dedaa0-c8e2-c576-be36-87a6fa2949d6, NVIDIA A100-SXM4-40GB, 36299, 40960, 100, 141.34, 38
nid001041,2026/05/03 04:00:37.078, 2, GPU-84c053e0-dec1-a69a-0b40-fbf751d71b20, NVIDIA A100-SXM4-40GB, 36299, 40960, 100, 204.67, 36
nid001041,2026/05/03 04:00:37.079, 3, GPU-85487437-4cf7-3ceb-d2b0-5f2bed2d89cd, NVIDIA A100-SXM4-40GB, 37739, 40960, 100, 84.80, 34
nid001040,2026/05/03 04:00:40.068, 0, GPU-32e67c4f-7204-189f-8b65-2c274dd735a9, NVIDIA A100-SXM4-40GB, 34771, 40960, 0, 59.96, 31
nid001040,2026/05/03 04:00:40.070, 1, GPU-8861d14f-cf78-d18f-5009-dcf3f2d5ba6a, NVIDIA A100-SXM4-40GB, 34771, 40960, 0, 63.00, 29
nid001040,2026/05/03 04:00:40.071, 2, GPU-0c84e9ea-eb03-d0fd-94b6-c87fa7f2aa07, NVIDIA A100-SXM4-40GB, 0, 40960, 0, 50.35, 30
nid001040,2026/05/03 04:00:40.074, 3, GPU-324f8797-e49e-315a-bdaa-053d693f20df, NVIDIA A100-SXM4-40GB, 0, 40960, 0, 50.53, 29
nid001041,2026/05/03 04:00:40.982, 0, GPU-0ae16970-0c3a-bbe5-0e59-4168b3712b2a, NVIDIA A100-SXM4-40GB, 37613, 40960, 100, 116.37, 40
nid001041,2026/05/03 04:00:40.985, 1, GPU-41dedaa0-c8e2-c576-be36-87a6fa2949d6, NVIDIA A100-SXM4-40GB, 36299, 40960, 100, 106.40, 38
nid001041,2026/05/03 04:00:40.987, 2, GPU-84c053e0-dec1-a69a-0b40-fbf751d71b20, NVIDIA A100-SXM4-40GB, 36299, 40960, 100, 133.54, 36
nid001041,2026/05/03 04:00:40.989, 3, GPU-85487437-4cf7-3ceb-d2b0-5f2bed2d89cd, NVIDIA A100-SXM4-40GB, 37739, 40960, 100, 115.46, 34
nid001040,2026/05/03 04:00:43.947, 0, GPU-32e67c4f-7204-189f-8b65-2c274dd735a9, NVIDIA A100-SXM4-40GB, 34771, 40960, 0, 59.72, 31
nid001040,2026/05/03 04:00:43.949, 1, GPU-8861d14f-cf78-d18f-5009-dcf3f2d5ba6a, NVIDIA A100-SXM4-40GB, 34771, 40960, 0, 63.00, 29
nid001040,2026/05/03 04:00:43.951, 2, GPU-0c84e9ea-eb03-d0fd-94b6-c87fa7f2aa07, NVIDIA A100-SXM4-40GB, 0, 40960, 0, 50.11, 30
nid001040,2026/05/03 04:00:43.953, 3, GPU-324f8797-e49e-315a-bdaa-053d693f20df, NVIDIA A100-SXM4-40GB, 0, 40960, 0, 50.53, 29
nid001041,2026/05/03 04:00:44.883, 0, GPU-0ae16970-0c3a-bbe5-0e59-4168b3712b2a, NVIDIA A100-SXM4-40GB, 37613, 40960, 100, 149.27, 41
nid001041,2026/05/03 04:00:44.886, 1, GPU-41dedaa0-c8e2-c576-be36-87a6fa2949d6, NVIDIA A100-SXM4-40GB, 36299, 40960, 100, 90.83, 37
nid001041,2026/05/03 04:00:44.888, 2, GPU-84c053e0-dec1-a69a-0b40-fbf751d71b20, NVIDIA A100-SXM4-40GB, 36299, 40960, 100, 195.76, 36
nid001041,2026/05/03 04:00:44.889, 3, GPU-85487437-4cf7-3ceb-d2b0-5f2bed2d89cd, NVIDIA A100-SXM4-40GB, 37739, 40960, 100, 163.99, 35
nid001040,2026/05/03 04:00:47.873, 0, GPU-32e67c4f-7204-189f-8b65-2c274dd735a9, NVIDIA A100-SXM4-40GB, 34771, 40960, 0, 60.25, 31
nid001040,2026/05/03 04:00:47.878, 1, GPU-8861d14f-cf78-d18f-5009-dcf3f2d5ba6a, NVIDIA A100-SXM4-40GB, 34771, 40960, 0, 63.08, 29
nid001040,2026/05/03 04:00:47.880, 2, GPU-0c84e9ea-eb03-d0fd-94b6-c87fa7f2aa07, NVIDIA A100-SXM4-40GB, 0, 40960, 0, 50.11, 30
nid001040,2026/05/03 04:00:47.882, 3, GPU-324f8797-e49e-315a-bdaa-053d693f20df, NVIDIA A100-SXM4-40GB, 0, 40960, 0, 50.53, 29
nid001041,2026/05/03 04:00:48.827, 0, GPU-0ae16970-0c3a-bbe5-0e59-4168b3712b2a, NVIDIA A100-SXM4-40GB, 37613, 40960, 100, 90.83, 41
nid001041,2026/05/03 04:00:48.831, 1, GPU-41dedaa0-c8e2-c576-be36-87a6fa2949d6, NVIDIA A100-SXM4-40GB, 36299, 40960, 100, 211.55, 37
nid001041,2026/05/03 04:00:48.833, 2, GPU-84c053e0-dec1-a69a-0b40-fbf751d71b20, NVIDIA A100-SXM4-40GB, 36299, 40960, 100, 147.29, 36
nid001041,2026/05/03 04:00:48.835, 3, GPU-85487437-4cf7-3ceb-d2b0-5f2bed2d89cd, NVIDIA A100-SXM4-40GB, 37739, 40960, 100, 89.13, 34
nid001040,2026/05/03 04:00:51.806, 0, GPU-32e67c4f-7204-189f-8b65-2c274dd735a9, NVIDIA A100-SXM4-40GB, 34771, 40960, 0, 59.72, 31
nid001040,2026/05/03 04:00:51.808, 1, GPU-8861d14f-cf78-d18f-5009-dcf3f2d5ba6a, NVIDIA A100-SXM4-40GB, 34771, 40960, 0, 63.00, 29
nid001040,2026/05/03 04:00:51.809, 2, GPU-0c84e9ea-eb03-d0fd-94b6-c87fa7f2aa07, NVIDIA A100-SXM4-40GB, 0, 40960, 0, 50.35, 30
nid001040,2026/05/03 04:00:51.811, 3, GPU-324f8797-e49e-315a-bdaa-053d693f20df, NVIDIA A100-SXM4-40GB, 0, 40960, 0, 50.53, 29
nid001041,2026/05/03 04:00:52.722, 0, GPU-0ae16970-0c3a-bbe5-0e59-4168b3712b2a, NVIDIA A100-SXM4-40GB, 37613, 40960, 100, 95.43, 40
nid001041,2026/05/03 04:00:52.725, 1, GPU-41dedaa0-c8e2-c576-be36-87a6fa2949d6, NVIDIA A100-SXM4-40GB, 36299, 40960, 100, 183.24, 37
nid001041,2026/05/03 04:00:52.726, 2, GPU-84c053e0-dec1-a69a-0b40-fbf751d71b20, NVIDIA A100-SXM4-40GB, 36299, 40960, 100, 89.02, 36
nid001041,2026/05/03 04:00:52.734, 3, GPU-85487437-4cf7-3ceb-d2b0-5f2bed2d89cd, NVIDIA A100-SXM4-40GB, 37739, 40960, 100, 93.22, 35
nid001040,2026/05/03 04:00:55.691, 0, GPU-32e67c4f-7204-189f-8b65-2c274dd735a9, NVIDIA A100-SXM4-40GB, 34771, 40960, 0, 59.72, 31
nid001040,2026/05/03 04:00:55.693, 1, GPU-8861d14f-cf78-d18f-5009-dcf3f2d5ba6a, NVIDIA A100-SXM4-40GB, 34771, 40960, 0, 63.00, 29
nid001040,2026/05/03 04:00:55.694, 2, GPU-0c84e9ea-eb03-d0fd-94b6-c87fa7f2aa07, NVIDIA A100-SXM4-40GB, 0, 40960, 0, 50.11, 30
nid001040,2026/05/03 04:00:55.696, 3, GPU-324f8797-e49e-315a-bdaa-053d693f20df, NVIDIA A100-SXM4-40GB, 0, 40960, 0, 50.53, 29
nid001041,2026/05/03 04:00:56.624, 0, GPU-0ae16970-0c3a-bbe5-0e59-4168b3712b2a, NVIDIA A100-SXM4-40GB, 37613, 40960, 100, 94.15, 40
nid001041,2026/05/03 04:00:56.626, 1, GPU-41dedaa0-c8e2-c576-be36-87a6fa2949d6, NVIDIA A100-SXM4-40GB, 36299, 40960, 100, 91.87, 37
nid001041,2026/05/03 04:00:56.628, 2, GPU-84c053e0-dec1-a69a-0b40-fbf751d71b20, NVIDIA A100-SXM4-40GB, 36299, 40960, 100, 105.12, 36
nid001041,2026/05/03 04:00:56.634, 3, GPU-85487437-4cf7-3ceb-d2b0-5f2bed2d89cd, NVIDIA A100-SXM4-40GB, 37739, 40960, 100, 93.50, 34
nid001040,2026/05/03 04:00:59.595, 0, GPU-32e67c4f-7204-189f-8b65-2c274dd735a9, NVIDIA A100-SXM4-40GB, 34771, 40960, 0, 59.65, 31
nid001040,2026/05/03 04:00:59.597, 1, GPU-8861d14f-cf78-d18f-5009-dcf3f2d5ba6a, NVIDIA A100-SXM4-40GB, 34771, 40960, 0, 63.00, 29
nid001040,2026/05/03 04:00:59.599, 2, GPU-0c84e9ea-eb03-d0fd-94b6-c87fa7f2aa07, NVIDIA A100-SXM4-40GB, 0, 40960, 0, 50.11, 30
nid001040,2026/05/03 04:00:59.601, 3, GPU-324f8797-e49e-315a-bdaa-053d693f20df, NVIDIA A100-SXM4-40GB, 0, 40960, 0, 50.53, 29
nid001041,2026/05/03 04:01:00.521, 0, GPU-0ae16970-0c3a-bbe5-0e59-4168b3712b2a, NVIDIA A100-SXM4-40GB, 37613, 40960, 100, 209.52, 41
nid001041,2026/05/03 04:01:00.523, 1, GPU-41dedaa0-c8e2-c576-be36-87a6fa2949d6, NVIDIA A100-SXM4-40GB, 36299, 40960, 100, 106.16, 37
nid001041,2026/05/03 04:01:00.525, 2, GPU-84c053e0-dec1-a69a-0b40-fbf751d71b20, NVIDIA A100-SXM4-40GB, 36299, 40960, 100, 117.51, 36
nid001041,2026/05/03 04:01:00.534, 3, GPU-85487437-4cf7-3ceb-d2b0-5f2bed2d89cd, NVIDIA A100-SXM4-40GB, 37739, 40960, 100, 225.09, 35
nid001040,2026/05/03 04:01:03.513, 0, GPU-32e67c4f-7204-189f-8b65-2c274dd735a9, NVIDIA A100-SXM4-40GB, 34771, 40960, 0, 59.72, 31
nid001040,2026/05/03 04:01:03.515, 1, GPU-8861d14f-cf78-d18f-5009-dcf3f2d5ba6a, NVIDIA A100-SXM4-40GB, 34771, 40960, 0, 63.00, 29
nid001040,2026/05/03 04:01:03.517, 2, GPU-0c84e9ea-eb03-d0fd-94b6-c87fa7f2aa07, NVIDIA A100-SXM4-40GB, 0, 40960, 0, 50.35, 30
nid001040,2026/05/03 04:01:03.519, 3, GPU-324f8797-e49e-315a-bdaa-053d693f20df, NVIDIA A100-SXM4-40GB, 0, 40960, 0, 50.53, 29
nid001041,2026/05/03 04:01:04.485, 0, GPU-0ae16970-0c3a-bbe5-0e59-4168b3712b2a, NVIDIA A100-SXM4-40GB, 37721, 40960, 100, 408.86, 51
nid001041,2026/05/03 04:01:04.488, 1, GPU-41dedaa0-c8e2-c576-be36-87a6fa2949d6, NVIDIA A100-SXM4-40GB, 36299, 40960, 100, 82.80, 37
nid001041,2026/05/03 04:01:04.490, 2, GPU-84c053e0-dec1-a69a-0b40-fbf751d71b20, NVIDIA A100-SXM4-40GB, 36299, 40960, 100, 79.67, 37
nid001041,2026/05/03 04:01:04.492, 3, GPU-85487437-4cf7-3ceb-d2b0-5f2bed2d89cd, NVIDIA A100-SXM4-40GB, 37739, 40960, 100, 77.29, 36
nid001040,2026/05/03 04:01:07.444, 0, GPU-32e67c4f-7204-189f-8b65-2c274dd735a9, NVIDIA A100-SXM4-40GB, 34771, 40960, 0, 59.65, 31
nid001040,2026/05/03 04:01:07.446, 1, GPU-8861d14f-cf78-d18f-5009-dcf3f2d5ba6a, NVIDIA A100-SXM4-40GB, 34771, 40960, 0, 63.00, 29
nid001040,2026/05/03 04:01:07.455, 2, GPU-0c84e9ea-eb03-d0fd-94b6-c87fa7f2aa07, NVIDIA A100-SXM4-40GB, 0, 40960, 0, 50.11, 30
nid001040,2026/05/03 04:01:07.457, 3, GPU-324f8797-e49e-315a-bdaa-053d693f20df, NVIDIA A100-SXM4-40GB, 0, 40960, 0, 50.53, 29
nid001041,2026/05/03 04:01:08.381, 0, GPU-0ae16970-0c3a-bbe5-0e59-4168b3712b2a, NVIDIA A100-SXM4-40GB, 37721, 40960, 100, 183.46, 41
nid001041,2026/05/03 04:01:08.384, 1, GPU-41dedaa0-c8e2-c576-be36-87a6fa2949d6, NVIDIA A100-SXM4-40GB, 36299, 40960, 100, 168.21, 38
nid001041,2026/05/03 04:01:08.386, 2, GPU-84c053e0-dec1-a69a-0b40-fbf751d71b20, NVIDIA A100-SXM4-40GB, 36299, 40960, 100, 106.16, 36
nid001041,2026/05/03 04:01:08.387, 3, GPU-85487437-4cf7-3ceb-d2b0-5f2bed2d89cd, NVIDIA A100-SXM4-40GB, 37739, 40960, 100, 215.36, 35
nid001040,2026/05/03 04:01:11.340, 0, GPU-32e67c4f-7204-189f-8b65-2c274dd735a9, NVIDIA A100-SXM4-40GB, 34771, 40960, 0, 59.72, 31
nid001040,2026/05/03 04:01:11.342, 1, GPU-8861d14f-cf78-d18f-5009-dcf3f2d5ba6a, NVIDIA A100-SXM4-40GB, 34771, 40960, 0, 63.00, 29
nid001040,2026/05/03 04:01:11.343, 2, GPU-0c84e9ea-eb03-d0fd-94b6-c87fa7f2aa07, NVIDIA A100-SXM4-40GB, 0, 40960, 0, 50.35, 30
nid001040,2026/05/03 04:01:11.347, 3, GPU-324f8797-e49e-315a-bdaa-053d693f20df, NVIDIA A100-SXM4-40GB, 0, 40960, 0, 50.53, 29
nid001041,2026/05/03 04:01:12.245, 0, GPU-0ae16970-0c3a-bbe5-0e59-4168b3712b2a, NVIDIA A100-SXM4-40GB, 37721, 40960, 100, 92.86, 41
nid001041,2026/05/03 04:01:12.249, 1, GPU-41dedaa0-c8e2-c576-be36-87a6fa2949d6, NVIDIA A100-SXM4-40GB, 36299, 40960, 100, 134.22, 37
nid001041,2026/05/03 04:01:12.251, 2, GPU-84c053e0-dec1-a69a-0b40-fbf751d71b20, NVIDIA A100-SXM4-40GB, 36299, 40960, 100, 176.36, 36
nid001041,2026/05/03 04:01:12.252, 3, GPU-85487437-4cf7-3ceb-d2b0-5f2bed2d89cd, NVIDIA A100-SXM4-40GB, 37739, 40960, 100, 94.79, 34
nid001040,2026/05/03 04:01:15.198, 0, GPU-32e67c4f-7204-189f-8b65-2c274dd735a9, NVIDIA A100-SXM4-40GB, 34771, 40960, 0, 59.72, 31
nid001040,2026/05/03 04:01:15.200, 1, GPU-8861d14f-cf78-d18f-5009-dcf3f2d5ba6a, NVIDIA A100-SXM4-40GB, 34771, 40960, 0, 63.00, 29
nid001040,2026/05/03 04:01:15.202, 2, GPU-0c84e9ea-eb03-d0fd-94b6-c87fa7f2aa07, NVIDIA A100-SXM4-40GB, 0, 40960, 0, 50.35, 30
nid001040,2026/05/03 04:01:15.204, 3, GPU-324f8797-e49e-315a-bdaa-053d693f20df, NVIDIA A100-SXM4-40GB, 0, 40960, 0, 50.53, 29
nid001041,2026/05/03 04:01:16.148, 0, GPU-0ae16970-0c3a-bbe5-0e59-4168b3712b2a, NVIDIA A100-SXM4-40GB, 37721, 40960, 100, 152.35, 41
nid001041,2026/05/03 04:01:16.151, 1, GPU-41dedaa0-c8e2-c576-be36-87a6fa2949d6, NVIDIA A100-SXM4-40GB, 36299, 40960, 100, 184.28, 37
nid001041,2026/05/03 04:01:16.153, 2, GPU-84c053e0-dec1-a69a-0b40-fbf751d71b20, NVIDIA A100-SXM4-40GB, 36299, 40960, 100, 105.28, 36
nid001041,2026/05/03 04:01:16.154, 3, GPU-85487437-4cf7-3ceb-d2b0-5f2bed2d89cd, NVIDIA A100-SXM4-40GB, 37739, 40960, 100, 138.06, 35
nid001040,2026/05/03 04:01:19.124, 0, GPU-32e67c4f-7204-189f-8b65-2c274dd735a9, NVIDIA A100-SXM4-40GB, 34771, 40960, 0, 59.96, 31
nid001040,2026/05/03 04:01:19.126, 1, GPU-8861d14f-cf78-d18f-5009-dcf3f2d5ba6a, NVIDIA A100-SXM4-40GB, 34771, 40960, 0, 63.00, 29
nid001040,2026/05/03 04:01:19.128, 2, GPU-0c84e9ea-eb03-d0fd-94b6-c87fa7f2aa07, NVIDIA A100-SXM4-40GB, 0, 40960, 0, 50.11, 30
nid001040,2026/05/03 04:01:19.130, 3, GPU-324f8797-e49e-315a-bdaa-053d693f20df, NVIDIA A100-SXM4-40GB, 0, 40960, 0, 50.53, 29
nid001041,2026/05/03 04:01:20.036, 0, GPU-0ae16970-0c3a-bbe5-0e59-4168b3712b2a, NVIDIA A100-SXM4-40GB, 37721, 40960, 100, 172.49, 41
nid001041,2026/05/03 04:01:20.040, 1, GPU-41dedaa0-c8e2-c576-be36-87a6fa2949d6, NVIDIA A100-SXM4-40GB, 36299, 40960, 100, 112.39, 37
nid001041,2026/05/03 04:01:20.042, 2, GPU-84c053e0-dec1-a69a-0b40-fbf751d71b20, NVIDIA A100-SXM4-40GB, 36299, 40960, 100, 103.47, 36
nid001041,2026/05/03 04:01:20.044, 3, GPU-85487437-4cf7-3ceb-d2b0-5f2bed2d89cd, NVIDIA A100-SXM4-40GB, 37739, 40960, 100, 185.24, 34
nid001040,2026/05/03 04:01:23.004, 0, GPU-32e67c4f-7204-189f-8b65-2c274dd735a9, NVIDIA A100-SXM4-40GB, 34771, 40960, 0, 59.96, 31
nid001040,2026/05/03 04:01:23.006, 1, GPU-8861d14f-cf78-d18f-5009-dcf3f2d5ba6a, NVIDIA A100-SXM4-40GB, 34771, 40960, 0, 63.08, 29
nid001040,2026/05/03 04:01:23.008, 2, GPU-0c84e9ea-eb03-d0fd-94b6-c87fa7f2aa07, NVIDIA A100-SXM4-40GB, 0, 40960, 0, 50.35, 30
nid001040,2026/05/03 04:01:23.010, 3, GPU-324f8797-e49e-315a-bdaa-053d693f20df, NVIDIA A100-SXM4-40GB, 0, 40960, 0, 50.53, 29
nid001041,2026/05/03 04:01:23.937, 0, GPU-0ae16970-0c3a-bbe5-0e59-4168b3712b2a, NVIDIA A100-SXM4-40GB, 37721, 40960, 100, 102.55, 40
nid001041,2026/05/03 04:01:23.941, 1, GPU-41dedaa0-c8e2-c576-be36-87a6fa2949d6, NVIDIA A100-SXM4-40GB, 36299, 40960, 100, 210.79, 37
nid001041,2026/05/03 04:01:23.943, 2, GPU-84c053e0-dec1-a69a-0b40-fbf751d71b20, NVIDIA A100-SXM4-40GB, 36299, 40960, 100, 187.60, 36
nid001041,2026/05/03 04:01:23.944, 3, GPU-85487437-4cf7-3ceb-d2b0-5f2bed2d89cd, NVIDIA A100-SXM4-40GB, 37739, 40960, 100, 89.94, 34
nid001040,2026/05/03 04:01:26.898, 0, GPU-32e67c4f-7204-189f-8b65-2c274dd735a9, NVIDIA A100-SXM4-40GB, 34771, 40960, 0, 59.96, 31
nid001040,2026/05/03 04:01:26.900, 1, GPU-8861d14f-cf78-d18f-5009-dcf3f2d5ba6a, NVIDIA A100-SXM4-40GB, 34771, 40960, 0, 63.00, 29
nid001040,2026/05/03 04:01:26.902, 2, GPU-0c84e9ea-eb03-d0fd-94b6-c87fa7f2aa07, NVIDIA A100-SXM4-40GB, 0, 40960, 0, 50.11, 30
nid001040,2026/05/03 04:01:26.904, 3, GPU-324f8797-e49e-315a-bdaa-053d693f20df, NVIDIA A100-SXM4-40GB, 0, 40960, 0, 50.53, 29
nid001041,2026/05/03 04:01:27.827, 0, GPU-0ae16970-0c3a-bbe5-0e59-4168b3712b2a, NVIDIA A100-SXM4-40GB, 37721, 40960, 100, 155.16, 41
nid001041,2026/05/03 04:01:27.829, 1, GPU-41dedaa0-c8e2-c576-be36-87a6fa2949d6, NVIDIA A100-SXM4-40GB, 36299, 40960, 100, 106.27, 37
nid001041,2026/05/03 04:01:27.831, 2, GPU-84c053e0-dec1-a69a-0b40-fbf751d71b20, NVIDIA A100-SXM4-40GB, 36299, 40960, 100, 85.36, 36
nid001041,2026/05/03 04:01:27.840, 3, GPU-85487437-4cf7-3ceb-d2b0-5f2bed2d89cd, NVIDIA A100-SXM4-40GB, 37739, 40960, 100, 157.39, 34
nid001040,2026/05/03 04:01:30.789, 0, GPU-32e67c4f-7204-189f-8b65-2c274dd735a9, NVIDIA A100-SXM4-40GB, 34771, 40960, 0, 59.72, 31
nid001040,2026/05/03 04:01:30.793, 1, GPU-8861d14f-cf78-d18f-5009-dcf3f2d5ba6a, NVIDIA A100-SXM4-40GB, 34771, 40960, 0, 63.00, 29
nid001040,2026/05/03 04:01:30.794, 2, GPU-0c84e9ea-eb03-d0fd-94b6-c87fa7f2aa07, NVIDIA A100-SXM4-40GB, 0, 40960, 0, 50.35, 30
nid001040,2026/05/03 04:01:30.796, 3, GPU-324f8797-e49e-315a-bdaa-053d693f20df, NVIDIA A100-SXM4-40GB, 0, 40960, 0, 50.53, 29
nid001041,2026/05/03 04:01:31.714, 0, GPU-0ae16970-0c3a-bbe5-0e59-4168b3712b2a, NVIDIA A100-SXM4-40GB, 37721, 40960, 100, 196.28, 41
nid001041,2026/05/03 04:01:31.717, 1, GPU-41dedaa0-c8e2-c576-be36-87a6fa2949d6, NVIDIA A100-SXM4-40GB, 36299, 40960, 100, 89.96, 37
nid001041,2026/05/03 04:01:31.719, 2, GPU-84c053e0-dec1-a69a-0b40-fbf751d71b20, NVIDIA A100-SXM4-40GB, 36299, 40960, 100, 118.74, 36
nid001041,2026/05/03 04:01:31.721, 3, GPU-85487437-4cf7-3ceb-d2b0-5f2bed2d89cd, NVIDIA A100-SXM4-40GB, 37739, 40960, 100, 86.84, 35
nid001040,2026/05/03 04:01:34.711, 0, GPU-32e67c4f-7204-189f-8b65-2c274dd735a9, NVIDIA A100-SXM4-40GB, 34771, 40960, 0, 59.96, 31
nid001040,2026/05/03 04:01:34.718, 1, GPU-8861d14f-cf78-d18f-5009-dcf3f2d5ba6a, NVIDIA A100-SXM4-40GB, 34771, 40960, 0, 63.00, 29
nid001040,2026/05/03 04:01:34.724, 2, GPU-0c84e9ea-eb03-d0fd-94b6-c87fa7f2aa07, NVIDIA A100-SXM4-40GB, 0, 40960, 0, 50.11, 30
nid001040,2026/05/03 04:01:34.732, 3, GPU-324f8797-e49e-315a-bdaa-053d693f20df, NVIDIA A100-SXM4-40GB, 0, 40960, 0, 50.53, 29
nid001041,2026/05/03 04:01:35.670, 0, GPU-0ae16970-0c3a-bbe5-0e59-4168b3712b2a, NVIDIA A100-SXM4-40GB, 37721, 40960, 100, 87.50, 40
nid001041,2026/05/03 04:01:35.673, 1, GPU-41dedaa0-c8e2-c576-be36-87a6fa2949d6, NVIDIA A100-SXM4-40GB, 36299, 40960, 100, 88.15, 38
nid001041,2026/05/03 04:01:35.674, 2, GPU-84c053e0-dec1-a69a-0b40-fbf751d71b20, NVIDIA A100-SXM4-40GB, 36299, 40960, 100, 159.81, 36
nid001041,2026/05/03 04:01:35.676, 3, GPU-85487437-4cf7-3ceb-d2b0-5f2bed2d89cd, NVIDIA A100-SXM4-40GB, 37739, 40960, 100, 86.09, 34
nid001040,2026/05/03 04:01:38.625, 0, GPU-32e67c4f-7204-189f-8b65-2c274dd735a9, NVIDIA A100-SXM4-40GB, 34771, 40960, 0, 59.72, 31
nid001040,2026/05/03 04:01:38.627, 1, GPU-8861d14f-cf78-d18f-5009-dcf3f2d5ba6a, NVIDIA A100-SXM4-40GB, 34771, 40960, 0, 63.00, 29
nid001040,2026/05/03 04:01:38.629, 2, GPU-0c84e9ea-eb03-d0fd-94b6-c87fa7f2aa07, NVIDIA A100-SXM4-40GB, 0, 40960, 0, 50.35, 30
nid001040,2026/05/03 04:01:38.631, 3, GPU-324f8797-e49e-315a-bdaa-053d693f20df, NVIDIA A100-SXM4-40GB, 0, 40960, 0, 50.53, 29
nid001041,2026/05/03 04:01:39.532, 0, GPU-0ae16970-0c3a-bbe5-0e59-4168b3712b2a, NVIDIA A100-SXM4-40GB, 37721, 40960, 100, 94.91, 40
nid001041,2026/05/03 04:01:39.535, 1, GPU-41dedaa0-c8e2-c576-be36-87a6fa2949d6, NVIDIA A100-SXM4-40GB, 36299, 40960, 100, 132.70, 37
nid001041,2026/05/03 04:01:39.540, 2, GPU-84c053e0-dec1-a69a-0b40-fbf751d71b20, NVIDIA A100-SXM4-40GB, 36299, 40960, 100, 134.06, 36
nid001041,2026/05/03 04:01:39.541, 3, GPU-85487437-4cf7-3ceb-d2b0-5f2bed2d89cd, NVIDIA A100-SXM4-40GB, 37739, 40960, 100, 94.50, 34
nid001040,2026/05/03 04:01:42.505, 0, GPU-32e67c4f-7204-189f-8b65-2c274dd735a9, NVIDIA A100-SXM4-40GB, 34771, 40960, 0, 59.72, 31
nid001040,2026/05/03 04:01:42.507, 1, GPU-8861d14f-cf78-d18f-5009-dcf3f2d5ba6a, NVIDIA A100-SXM4-40GB, 34771, 40960, 0, 63.00, 29
nid001040,2026/05/03 04:01:42.510, 2, GPU-0c84e9ea-eb03-d0fd-94b6-c87fa7f2aa07, NVIDIA A100-SXM4-40GB, 0, 40960, 0, 50.35, 30
nid001040,2026/05/03 04:01:42.512, 3, GPU-324f8797-e49e-315a-bdaa-053d693f20df, NVIDIA A100-SXM4-40GB, 0, 40960, 0, 50.53, 29
nid001041,2026/05/03 04:01:43.442, 0, GPU-0ae16970-0c3a-bbe5-0e59-4168b3712b2a, NVIDIA A100-SXM4-40GB, 37721, 40960, 100, 102.84, 40
nid001041,2026/05/03 04:01:43.445, 1, GPU-41dedaa0-c8e2-c576-be36-87a6fa2949d6, NVIDIA A100-SXM4-40GB, 36299, 40960, 100, 105.40, 37
nid001041,2026/05/03 04:01:43.447, 2, GPU-84c053e0-dec1-a69a-0b40-fbf751d71b20, NVIDIA A100-SXM4-40GB, 36299, 40960, 100, 140.94, 36
nid001041,2026/05/03 04:01:43.449, 3, GPU-85487437-4cf7-3ceb-d2b0-5f2bed2d89cd, NVIDIA A100-SXM4-40GB, 37739, 40960, 100, 105.53, 34
nid001040,2026/05/03 04:01:46.419, 0, GPU-32e67c4f-7204-189f-8b65-2c274dd735a9, NVIDIA A100-SXM4-40GB, 34771, 40960, 0, 59.96, 31
nid001040,2026/05/03 04:01:46.421, 1, GPU-8861d14f-cf78-d18f-5009-dcf3f2d5ba6a, NVIDIA A100-SXM4-40GB, 34771, 40960, 0, 63.00, 29
nid001040,2026/05/03 04:01:46.422, 2, GPU-0c84e9ea-eb03-d0fd-94b6-c87fa7f2aa07, NVIDIA A100-SXM4-40GB, 0, 40960, 0, 50.35, 30
nid001040,2026/05/03 04:01:46.425, 3, GPU-324f8797-e49e-315a-bdaa-053d693f20df, NVIDIA A100-SXM4-40GB, 0, 40960, 0, 50.53, 29
nid001041,2026/05/03 04:01:47.366, 0, GPU-0ae16970-0c3a-bbe5-0e59-4168b3712b2a, NVIDIA A100-SXM4-40GB, 37721, 40960, 100, 88.79, 40
nid001041,2026/05/03 04:01:47.369, 1, GPU-41dedaa0-c8e2-c576-be36-87a6fa2949d6, NVIDIA A100-SXM4-40GB, 36299, 40960, 100, 88.92, 38
nid001041,2026/05/03 04:01:47.370, 2, GPU-84c053e0-dec1-a69a-0b40-fbf751d71b20, NVIDIA A100-SXM4-40GB, 36299, 40960, 100, 174.85, 36
nid001041,2026/05/03 04:01:47.373, 3, GPU-85487437-4cf7-3ceb-d2b0-5f2bed2d89cd, NVIDIA A100-SXM4-40GB, 37739, 40960, 100, 87.61, 34
nid001040,2026/05/03 04:01:50.327, 0, GPU-32e67c4f-7204-189f-8b65-2c274dd735a9, NVIDIA A100-SXM4-40GB, 34771, 40960, 0, 59.96, 31
nid001040,2026/05/03 04:01:50.329, 1, GPU-8861d14f-cf78-d18f-5009-dcf3f2d5ba6a, NVIDIA A100-SXM4-40GB, 34771, 40960, 0, 63.00, 29
nid001040,2026/05/03 04:01:50.331, 2, GPU-0c84e9ea-eb03-d0fd-94b6-c87fa7f2aa07, NVIDIA A100-SXM4-40GB, 0, 40960, 0, 50.11, 30
nid001040,2026/05/03 04:01:50.333, 3, GPU-324f8797-e49e-315a-bdaa-053d693f20df, NVIDIA A100-SXM4-40GB, 0, 40960, 0, 50.53, 29
nid001041,2026/05/03 04:01:51.254, 0, GPU-0ae16970-0c3a-bbe5-0e59-4168b3712b2a, NVIDIA A100-SXM4-40GB, 37721, 40960, 100, 87.27, 41
nid001041,2026/05/03 04:01:51.256, 1, GPU-41dedaa0-c8e2-c576-be36-87a6fa2949d6, NVIDIA A100-SXM4-40GB, 36299, 40960, 100, 206.71, 37
nid001041,2026/05/03 04:01:51.258, 2, GPU-84c053e0-dec1-a69a-0b40-fbf751d71b20, NVIDIA A100-SXM4-40GB, 36299, 40960, 100, 98.35, 36
nid001041,2026/05/03 04:01:51.260, 3, GPU-85487437-4cf7-3ceb-d2b0-5f2bed2d89cd, NVIDIA A100-SXM4-40GB, 37739, 40960, 100, 85.04, 35
nid001040,2026/05/03 04:01:54.227, 0, GPU-32e67c4f-7204-189f-8b65-2c274dd735a9, NVIDIA A100-SXM4-40GB, 34771, 40960, 0, 59.72, 31
nid001040,2026/05/03 04:01:54.229, 1, GPU-8861d14f-cf78-d18f-5009-dcf3f2d5ba6a, NVIDIA A100-SXM4-40GB, 34771, 40960, 0, 63.00, 29
nid001040,2026/05/03 04:01:54.230, 2, GPU-0c84e9ea-eb03-d0fd-94b6-c87fa7f2aa07, NVIDIA A100-SXM4-40GB, 0, 40960, 0, 50.11, 30
nid001040,2026/05/03 04:01:54.232, 3, GPU-324f8797-e49e-315a-bdaa-053d693f20df, NVIDIA A100-SXM4-40GB, 0, 40960, 0, 50.53, 29
nid001041,2026/05/03 04:01:55.143, 0, GPU-0ae16970-0c3a-bbe5-0e59-4168b3712b2a, NVIDIA A100-SXM4-40GB, 37721, 40960, 100, 221.01, 41
nid001041,2026/05/03 04:01:55.147, 1, GPU-41dedaa0-c8e2-c576-be36-87a6fa2949d6, NVIDIA A100-SXM4-40GB, 36299, 40960, 100, 226.58, 37
nid001041,2026/05/03 04:01:55.148, 2, GPU-84c053e0-dec1-a69a-0b40-fbf751d71b20, NVIDIA A100-SXM4-40GB, 36299, 40960, 100, 103.84, 36
nid001041,2026/05/03 04:01:55.150, 3, GPU-85487437-4cf7-3ceb-d2b0-5f2bed2d89cd, NVIDIA A100-SXM4-40GB, 37739, 40960, 100, 218.45, 34
nid001040,2026/05/03 04:01:58.096, 0, GPU-32e67c4f-7204-189f-8b65-2c274dd735a9, NVIDIA A100-SXM4-40GB, 34771, 40960, 0, 59.72, 31
nid001040,2026/05/03 04:01:58.098, 1, GPU-8861d14f-cf78-d18f-5009-dcf3f2d5ba6a, NVIDIA A100-SXM4-40GB, 34771, 40960, 0, 63.00, 29
nid001040,2026/05/03 04:01:58.100, 2, GPU-0c84e9ea-eb03-d0fd-94b6-c87fa7f2aa07, NVIDIA A100-SXM4-40GB, 0, 40960, 0, 50.11, 30
nid001040,2026/05/03 04:01:58.102, 3, GPU-324f8797-e49e-315a-bdaa-053d693f20df, NVIDIA A100-SXM4-40GB, 0, 40960, 0, 50.53, 29
nid001041,2026/05/03 04:01:59.044, 0, GPU-0ae16970-0c3a-bbe5-0e59-4168b3712b2a, NVIDIA A100-SXM4-40GB, 37721, 40960, 100, 87.79, 40
nid001041,2026/05/03 04:01:59.047, 1, GPU-41dedaa0-c8e2-c576-be36-87a6fa2949d6, NVIDIA A100-SXM4-40GB, 36299, 40960, 100, 217.67, 38
nid001041,2026/05/03 04:01:59.050, 2, GPU-84c053e0-dec1-a69a-0b40-fbf751d71b20, NVIDIA A100-SXM4-40GB, 36299, 40960, 100, 159.53, 36
nid001041,2026/05/03 04:01:59.052, 3, GPU-85487437-4cf7-3ceb-d2b0-5f2bed2d89cd, NVIDIA A100-SXM4-40GB, 37739, 40960, 100, 85.85, 34
nid001040,2026/05/03 04:02:02.014, 0, GPU-32e67c4f-7204-189f-8b65-2c274dd735a9, NVIDIA A100-SXM4-40GB, 34771, 40960, 0, 59.72, 31
nid001040,2026/05/03 04:02:02.016, 1, GPU-8861d14f-cf78-d18f-5009-dcf3f2d5ba6a, NVIDIA A100-SXM4-40GB, 34771, 40960, 0, 63.00, 29
nid001040,2026/05/03 04:02:02.018, 2, GPU-0c84e9ea-eb03-d0fd-94b6-c87fa7f2aa07, NVIDIA A100-SXM4-40GB, 0, 40960, 0, 50.35, 30
nid001040,2026/05/03 04:02:02.020, 3, GPU-324f8797-e49e-315a-bdaa-053d693f20df, NVIDIA A100-SXM4-40GB, 0, 40960, 0, 50.53, 29
nid001041,2026/05/03 04:02:02.924, 0, GPU-0ae16970-0c3a-bbe5-0e59-4168b3712b2a, NVIDIA A100-SXM4-40GB, 37721, 40960, 100, 94.91, 41
nid001041,2026/05/03 04:02:02.926, 1, GPU-41dedaa0-c8e2-c576-be36-87a6fa2949d6, NVIDIA A100-SXM4-40GB, 36299, 40960, 100, 95.43, 38
nid001041,2026/05/03 04:02:02.928, 2, GPU-84c053e0-dec1-a69a-0b40-fbf751d71b20, NVIDIA A100-SXM4-40GB, 36299, 40960, 100, 122.49, 36
nid001041,2026/05/03 04:02:02.929, 3, GPU-85487437-4cf7-3ceb-d2b0-5f2bed2d89cd, NVIDIA A100-SXM4-40GB, 37739, 40960, 100, 129.25, 34
nid001040,2026/05/03 04:02:05.969, 0, GPU-32e67c4f-7204-189f-8b65-2c274dd735a9, NVIDIA A100-SXM4-40GB, 34771, 40960, 0, 59.72, 31
nid001040,2026/05/03 04:02:05.971, 1, GPU-8861d14f-cf78-d18f-5009-dcf3f2d5ba6a, NVIDIA A100-SXM4-40GB, 34771, 40960, 0, 63.00, 29
nid001040,2026/05/03 04:02:05.972, 2, GPU-0c84e9ea-eb03-d0fd-94b6-c87fa7f2aa07, NVIDIA A100-SXM4-40GB, 0, 40960, 0, 50.35, 30
nid001040,2026/05/03 04:02:05.974, 3, GPU-324f8797-e49e-315a-bdaa-053d693f20df, NVIDIA A100-SXM4-40GB, 0, 40960, 0, 50.53, 29
nid001041,2026/05/03 04:02:06.937, 0, GPU-0ae16970-0c3a-bbe5-0e59-4168b3712b2a, NVIDIA A100-SXM4-40GB, 37721, 40960, 100, 351.59, 44
nid001041,2026/05/03 04:02:06.940, 1, GPU-41dedaa0-c8e2-c576-be36-87a6fa2949d6, NVIDIA A100-SXM4-40GB, 36299, 40960, 100, 374.83, 41
nid001041,2026/05/03 04:02:06.942, 2, GPU-84c053e0-dec1-a69a-0b40-fbf751d71b20, NVIDIA A100-SXM4-40GB, 36299, 40960, 100, 79.43, 36
nid001041,2026/05/03 04:02:06.946, 3, GPU-85487437-4cf7-3ceb-d2b0-5f2bed2d89cd, NVIDIA A100-SXM4-40GB, 37739, 40960, 100, 79.62, 34
nid001040,2026/05/03 04:02:09.915, 0, GPU-32e67c4f-7204-189f-8b65-2c274dd735a9, NVIDIA A100-SXM4-40GB, 34771, 40960, 0, 59.65, 31
nid001040,2026/05/03 04:02:09.917, 1, GPU-8861d14f-cf78-d18f-5009-dcf3f2d5ba6a, NVIDIA A100-SXM4-40GB, 34771, 40960, 0, 63.00, 29
nid001040,2026/05/03 04:02:09.919, 2, GPU-0c84e9ea-eb03-d0fd-94b6-c87fa7f2aa07, NVIDIA A100-SXM4-40GB, 0, 40960, 0, 50.11, 30
nid001040,2026/05/03 04:02:09.921, 3, GPU-324f8797-e49e-315a-bdaa-053d693f20df, NVIDIA A100-SXM4-40GB, 0, 40960, 0, 50.53, 29
nid001041,2026/05/03 04:02:10.852, 0, GPU-0ae16970-0c3a-bbe5-0e59-4168b3712b2a, NVIDIA A100-SXM4-40GB, 37721, 40960, 100, 96.43, 41
nid001041,2026/05/03 04:02:10.855, 1, GPU-41dedaa0-c8e2-c576-be36-87a6fa2949d6, NVIDIA A100-SXM4-40GB, 36299, 40960, 100, 143.73, 37
nid001041,2026/05/03 04:02:10.856, 2, GPU-84c053e0-dec1-a69a-0b40-fbf751d71b20, NVIDIA A100-SXM4-40GB, 36299, 40960, 100, 193.96, 37
nid001041,2026/05/03 04:02:10.858, 3, GPU-85487437-4cf7-3ceb-d2b0-5f2bed2d89cd, NVIDIA A100-SXM4-40GB, 37739, 40960, 100, 97.07, 34
nid001040,2026/05/03 04:02:13.845, 0, GPU-32e67c4f-7204-189f-8b65-2c274dd735a9, NVIDIA A100-SXM4-40GB, 34771, 40960, 0, 59.72, 31
nid001040,2026/05/03 04:02:13.847, 1, GPU-8861d14f-cf78-d18f-5009-dcf3f2d5ba6a, NVIDIA A100-SXM4-40GB, 34771, 40960, 0, 63.00, 29
nid001040,2026/05/03 04:02:13.849, 2, GPU-0c84e9ea-eb03-d0fd-94b6-c87fa7f2aa07, NVIDIA A100-SXM4-40GB, 0, 40960, 0, 50.35, 30
nid001040,2026/05/03 04:02:13.854, 3, GPU-324f8797-e49e-315a-bdaa-053d693f20df, NVIDIA A100-SXM4-40GB, 0, 40960, 0, 50.53, 29
nid001041,2026/05/03 04:02:14.795, 0, GPU-0ae16970-0c3a-bbe5-0e59-4168b3712b2a, NVIDIA A100-SXM4-40GB, 37721, 40960, 100, 192.14, 41
nid001041,2026/05/03 04:02:14.798, 1, GPU-41dedaa0-c8e2-c576-be36-87a6fa2949d6, NVIDIA A100-SXM4-40GB, 36299, 40960, 100, 154.69, 37
nid001041,2026/05/03 04:02:14.799, 2, GPU-84c053e0-dec1-a69a-0b40-fbf751d71b20, NVIDIA A100-SXM4-40GB, 36299, 40960, 100, 91.06, 36
nid001041,2026/05/03 04:02:14.802, 3, GPU-85487437-4cf7-3ceb-d2b0-5f2bed2d89cd, NVIDIA A100-SXM4-40GB, 37739, 40960, 100, 198.79, 34
nid001040,2026/05/03 04:02:17.804, 0, GPU-32e67c4f-7204-189f-8b65-2c274dd735a9, NVIDIA A100-SXM4-40GB, 34771, 40960, 0, 59.72, 31
nid001040,2026/05/03 04:02:17.807, 1, GPU-8861d14f-cf78-d18f-5009-dcf3f2d5ba6a, NVIDIA A100-SXM4-40GB, 34771, 40960, 0, 63.00, 29
nid001040,2026/05/03 04:02:17.808, 2, GPU-0c84e9ea-eb03-d0fd-94b6-c87fa7f2aa07, NVIDIA A100-SXM4-40GB, 0, 40960, 0, 50.35, 30
nid001040,2026/05/03 04:02:17.810, 3, GPU-324f8797-e49e-315a-bdaa-053d693f20df, NVIDIA A100-SXM4-40GB, 0, 40960, 0, 50.53, 29
nid001041,2026/05/03 04:02:18.771, 0, GPU-0ae16970-0c3a-bbe5-0e59-4168b3712b2a, NVIDIA A100-SXM4-40GB, 37721, 40960, 100, 109.72, 41
nid001041,2026/05/03 04:02:18.774, 1, GPU-41dedaa0-c8e2-c576-be36-87a6fa2949d6, NVIDIA A100-SXM4-40GB, 36299, 40960, 100, 109.60, 37
nid001041,2026/05/03 04:02:18.776, 2, GPU-84c053e0-dec1-a69a-0b40-fbf751d71b20, NVIDIA A100-SXM4-40GB, 36299, 40960, 100, 88.26, 36
nid001041,2026/05/03 04:02:18.778, 3, GPU-85487437-4cf7-3ceb-d2b0-5f2bed2d89cd, NVIDIA A100-SXM4-40GB, 37739, 40960, 100, 114.94, 34
nid001040,2026/05/03 04:02:21.732, 0, GPU-32e67c4f-7204-189f-8b65-2c274dd735a9, NVIDIA A100-SXM4-40GB, 34771, 40960, 0, 59.96, 31
nid001040,2026/05/03 04:02:21.734, 1, GPU-8861d14f-cf78-d18f-5009-dcf3f2d5ba6a, NVIDIA A100-SXM4-40GB, 34771, 40960, 0, 63.00, 29
nid001040,2026/05/03 04:02:21.735, 2, GPU-0c84e9ea-eb03-d0fd-94b6-c87fa7f2aa07, NVIDIA A100-SXM4-40GB, 0, 40960, 0, 50.35, 30
nid001040,2026/05/03 04:02:21.737, 3, GPU-324f8797-e49e-315a-bdaa-053d693f20df, NVIDIA A100-SXM4-40GB, 0, 40960, 0, 50.53, 29
nid001041,2026/05/03 04:02:22.650, 0, GPU-0ae16970-0c3a-bbe5-0e59-4168b3712b2a, NVIDIA A100-SXM4-40GB, 37721, 40960, 100, 103.60, 41
nid001041,2026/05/03 04:02:22.653, 1, GPU-41dedaa0-c8e2-c576-be36-87a6fa2949d6, NVIDIA A100-SXM4-40GB, 36299, 40960, 100, 90.58, 37
nid001041,2026/05/03 04:02:22.655, 2, GPU-84c053e0-dec1-a69a-0b40-fbf751d71b20, NVIDIA A100-SXM4-40GB, 36299, 40960, 100, 176.88, 36
nid001041,2026/05/03 04:02:22.657, 3, GPU-85487437-4cf7-3ceb-d2b0-5f2bed2d89cd, NVIDIA A100-SXM4-40GB, 37739, 40960, 100, 106.53, 35
nid001040,2026/05/03 04:02:25.634, 0, GPU-32e67c4f-7204-189f-8b65-2c274dd735a9, NVIDIA A100-SXM4-40GB, 34771, 40960, 0, 59.72, 31
nid001040,2026/05/03 04:02:25.636, 1, GPU-8861d14f-cf78-d18f-5009-dcf3f2d5ba6a, NVIDIA A100-SXM4-40GB, 34771, 40960, 0, 63.08, 29
nid001040,2026/05/03 04:02:25.638, 2, GPU-0c84e9ea-eb03-d0fd-94b6-c87fa7f2aa07, NVIDIA A100-SXM4-40GB, 0, 40960, 0, 50.11, 30
nid001040,2026/05/03 04:02:25.640, 3, GPU-324f8797-e49e-315a-bdaa-053d693f20df, NVIDIA A100-SXM4-40GB, 0, 40960, 0, 50.53, 29
nid001041,2026/05/03 04:02:26.571, 0, GPU-0ae16970-0c3a-bbe5-0e59-4168b3712b2a, NVIDIA A100-SXM4-40GB, 37721, 40960, 100, 151.32, 41
nid001041,2026/05/03 04:02:26.574, 1, GPU-41dedaa0-c8e2-c576-be36-87a6fa2949d6, NVIDIA A100-SXM4-40GB, 36299, 40960, 100, 168.72, 37
nid001041,2026/05/03 04:02:26.576, 2, GPU-84c053e0-dec1-a69a-0b40-fbf751d71b20, NVIDIA A100-SXM4-40GB, 36299, 40960, 100, 88.26, 37
nid001041,2026/05/03 04:02:26.578, 3, GPU-85487437-4cf7-3ceb-d2b0-5f2bed2d89cd, NVIDIA A100-SXM4-40GB, 37739, 40960, 100, 172.77, 35
nid001040,2026/05/03 04:02:29.538, 0, GPU-32e67c4f-7204-189f-8b65-2c274dd735a9, NVIDIA A100-SXM4-40GB, 34771, 40960, 0, 59.72, 31
nid001040,2026/05/03 04:02:29.540, 1, GPU-8861d14f-cf78-d18f-5009-dcf3f2d5ba6a, NVIDIA A100-SXM4-40GB, 34771, 40960, 0, 63.00, 29
nid001040,2026/05/03 04:02:29.542, 2, GPU-0c84e9ea-eb03-d0fd-94b6-c87fa7f2aa07, NVIDIA A100-SXM4-40GB, 0, 40960, 0, 50.11, 30
nid001040,2026/05/03 04:02:29.544, 3, GPU-324f8797-e49e-315a-bdaa-053d693f20df, NVIDIA A100-SXM4-40GB, 0, 40960, 0, 50.53, 29
nid001041,2026/05/03 04:02:30.452, 0, GPU-0ae16970-0c3a-bbe5-0e59-4168b3712b2a, NVIDIA A100-SXM4-40GB, 37721, 40960, 100, 175.05, 41
nid001041,2026/05/03 04:02:30.455, 1, GPU-41dedaa0-c8e2-c576-be36-87a6fa2949d6, NVIDIA A100-SXM4-40GB, 36299, 40960, 100, 209.27, 37
nid001041,2026/05/03 04:02:30.457, 2, GPU-84c053e0-dec1-a69a-0b40-fbf751d71b20, NVIDIA A100-SXM4-40GB, 36299, 40960, 100, 118.51, 36
nid001041,2026/05/03 04:02:30.458, 3, GPU-85487437-4cf7-3ceb-d2b0-5f2bed2d89cd, NVIDIA A100-SXM4-40GB, 37739, 40960, 100, 144.37, 35
nid001040,2026/05/03 04:02:33.426, 0, GPU-32e67c4f-7204-189f-8b65-2c274dd735a9, NVIDIA A100-SXM4-40GB, 34771, 40960, 0, 59.72, 31
nid001040,2026/05/03 04:02:33.428, 1, GPU-8861d14f-cf78-d18f-5009-dcf3f2d5ba6a, NVIDIA A100-SXM4-40GB, 34771, 40960, 0, 63.00, 29
nid001040,2026/05/03 04:02:33.429, 2, GPU-0c84e9ea-eb03-d0fd-94b6-c87fa7f2aa07, NVIDIA A100-SXM4-40GB, 0, 40960, 0, 50.11, 30
nid001040,2026/05/03 04:02:33.431, 3, GPU-324f8797-e49e-315a-bdaa-053d693f20df, NVIDIA A100-SXM4-40GB, 0, 40960, 0, 50.53, 29
nid001041,2026/05/03 04:02:34.376, 0, GPU-0ae16970-0c3a-bbe5-0e59-4168b3712b2a, NVIDIA A100-SXM4-40GB, 37721, 40960, 100, 164.32, 40
nid001041,2026/05/03 04:02:34.379, 1, GPU-41dedaa0-c8e2-c576-be36-87a6fa2949d6, NVIDIA A100-SXM4-40GB, 36299, 40960, 100, 207.99, 37
nid001041,2026/05/03 04:02:34.381, 2, GPU-84c053e0-dec1-a69a-0b40-fbf751d71b20, NVIDIA A100-SXM4-40GB, 36299, 40960, 100, 110.72, 36
nid001041,2026/05/03 04:02:34.382, 3, GPU-85487437-4cf7-3ceb-d2b0-5f2bed2d89cd, NVIDIA A100-SXM4-40GB, 37739, 40960, 100, 178.06, 34
nid001040,2026/05/03 04:02:37.356, 0, GPU-32e67c4f-7204-189f-8b65-2c274dd735a9, NVIDIA A100-SXM4-40GB, 34771, 40960, 0, 59.72, 31
nid001040,2026/05/03 04:02:37.358, 1, GPU-8861d14f-cf78-d18f-5009-dcf3f2d5ba6a, NVIDIA A100-SXM4-40GB, 34771, 40960, 0, 63.00, 29
nid001040,2026/05/03 04:02:37.360, 2, GPU-0c84e9ea-eb03-d0fd-94b6-c87fa7f2aa07, NVIDIA A100-SXM4-40GB, 0, 40960, 0, 50.11, 30
nid001040,2026/05/03 04:02:37.364, 3, GPU-324f8797-e49e-315a-bdaa-053d693f20df, NVIDIA A100-SXM4-40GB, 0, 40960, 0, 50.53, 29
nid001041,2026/05/03 04:02:38.272, 0, GPU-0ae16970-0c3a-bbe5-0e59-4168b3712b2a, NVIDIA A100-SXM4-40GB, 37721, 40960, 100, 138.82, 41
nid001041,2026/05/03 04:02:38.275, 1, GPU-41dedaa0-c8e2-c576-be36-87a6fa2949d6, NVIDIA A100-SXM4-40GB, 36299, 40960, 100, 178.92, 37
nid001041,2026/05/03 04:02:38.277, 2, GPU-84c053e0-dec1-a69a-0b40-fbf751d71b20, NVIDIA A100-SXM4-40GB, 36299, 40960, 100, 84.94, 36
nid001041,2026/05/03 04:02:38.279, 3, GPU-85487437-4cf7-3ceb-d2b0-5f2bed2d89cd, NVIDIA A100-SXM4-40GB, 37739, 40960, 100, 135.66, 35
nid001040,2026/05/03 04:02:41.265, 0, GPU-32e67c4f-7204-189f-8b65-2c274dd735a9, NVIDIA A100-SXM4-40GB, 34771, 40960, 0, 59.72, 31
nid001040,2026/05/03 04:02:41.268, 1, GPU-8861d14f-cf78-d18f-5009-dcf3f2d5ba6a, NVIDIA A100-SXM4-40GB, 34771, 40960, 0, 63.00, 29
nid001040,2026/05/03 04:02:41.269, 2, GPU-0c84e9ea-eb03-d0fd-94b6-c87fa7f2aa07, NVIDIA A100-SXM4-40GB, 0, 40960, 0, 50.11, 30
nid001040,2026/05/03 04:02:41.271, 3, GPU-324f8797-e49e-315a-bdaa-053d693f20df, NVIDIA A100-SXM4-40GB, 0, 40960, 0, 50.53, 29
nid001041,2026/05/03 04:02:42.195, 0, GPU-0ae16970-0c3a-bbe5-0e59-4168b3712b2a, NVIDIA A100-SXM4-40GB, 37721, 40960, 100, 118.88, 41
nid001041,2026/05/03 04:02:42.198, 1, GPU-41dedaa0-c8e2-c576-be36-87a6fa2949d6, NVIDIA A100-SXM4-40GB, 36299, 40960, 100, 142.45, 37
nid001041,2026/05/03 04:02:42.200, 2, GPU-84c053e0-dec1-a69a-0b40-fbf751d71b20, NVIDIA A100-SXM4-40GB, 36299, 40960, 100, 88.68, 36
nid001041,2026/05/03 04:02:42.201, 3, GPU-85487437-4cf7-3ceb-d2b0-5f2bed2d89cd, NVIDIA A100-SXM4-40GB, 37739, 40960, 100, 114.94, 34
nid001040,2026/05/03 04:02:45.139, 0, GPU-32e67c4f-7204-189f-8b65-2c274dd735a9, NVIDIA A100-SXM4-40GB, 34771, 40960, 0, 59.72, 31
nid001040,2026/05/03 04:02:45.141, 1, GPU-8861d14f-cf78-d18f-5009-dcf3f2d5ba6a, NVIDIA A100-SXM4-40GB, 34771, 40960, 0, 63.00, 29
nid001040,2026/05/03 04:02:45.143, 2, GPU-0c84e9ea-eb03-d0fd-94b6-c87fa7f2aa07, NVIDIA A100-SXM4-40GB, 0, 40960, 0, 50.11, 30
nid001040,2026/05/03 04:02:45.145, 3, GPU-324f8797-e49e-315a-bdaa-053d693f20df, NVIDIA A100-SXM4-40GB, 0, 40960, 0, 50.53, 29
nid001041,2026/05/03 04:02:46.043, 0, GPU-0ae16970-0c3a-bbe5-0e59-4168b3712b2a, NVIDIA A100-SXM4-40GB, 37721, 40960, 100, 202.11, 40
nid001041,2026/05/03 04:02:46.054, 1, GPU-41dedaa0-c8e2-c576-be36-87a6fa2949d6, NVIDIA A100-SXM4-40GB, 36299, 40960, 100, 186.84, 37
nid001041,2026/05/03 04:02:46.057, 2, GPU-84c053e0-dec1-a69a-0b40-fbf751d71b20, NVIDIA A100-SXM4-40GB, 36299, 40960, 100, 96.60, 36
nid001041,2026/05/03 04:02:46.058, 3, GPU-85487437-4cf7-3ceb-d2b0-5f2bed2d89cd, NVIDIA A100-SXM4-40GB, 37739, 40960, 100, 214.62, 34
nid001040,2026/05/03 04:02:49.013, 0, GPU-32e67c4f-7204-189f-8b65-2c274dd735a9, NVIDIA A100-SXM4-40GB, 34771, 40960, 0, 59.72, 31
nid001040,2026/05/03 04:02:49.015, 1, GPU-8861d14f-cf78-d18f-5009-dcf3f2d5ba6a, NVIDIA A100-SXM4-40GB, 34771, 40960, 0, 63.00, 29
nid001040,2026/05/03 04:02:49.016, 2, GPU-0c84e9ea-eb03-d0fd-94b6-c87fa7f2aa07, NVIDIA A100-SXM4-40GB, 0, 40960, 0, 50.35, 30
nid001040,2026/05/03 04:02:49.018, 3, GPU-324f8797-e49e-315a-bdaa-053d693f20df, NVIDIA A100-SXM4-40GB, 0, 40960, 0, 50.53, 29
nid001041,2026/05/03 04:02:49.944, 0, GPU-0ae16970-0c3a-bbe5-0e59-4168b3712b2a, NVIDIA A100-SXM4-40GB, 37721, 40960, 100, 146.23, 41
nid001041,2026/05/03 04:02:49.951, 1, GPU-41dedaa0-c8e2-c576-be36-87a6fa2949d6, NVIDIA A100-SXM4-40GB, 36299, 40960, 100, 118.74, 37
nid001041,2026/05/03 04:02:49.952, 2, GPU-84c053e0-dec1-a69a-0b40-fbf751d71b20, NVIDIA A100-SXM4-40GB, 36299, 40960, 100, 218.42, 36
nid001041,2026/05/03 04:02:49.954, 3, GPU-85487437-4cf7-3ceb-d2b0-5f2bed2d89cd, NVIDIA A100-SXM4-40GB, 37739, 40960, 100, 132.58, 34
nid001040,2026/05/03 04:02:52.906, 0, GPU-32e67c4f-7204-189f-8b65-2c274dd735a9, NVIDIA A100-SXM4-40GB, 34771, 40960, 0, 59.72, 31
nid001040,2026/05/03 04:02:52.908, 1, GPU-8861d14f-cf78-d18f-5009-dcf3f2d5ba6a, NVIDIA A100-SXM4-40GB, 34771, 40960, 0, 63.00, 29
nid001040,2026/05/03 04:02:52.909, 2, GPU-0c84e9ea-eb03-d0fd-94b6-c87fa7f2aa07, NVIDIA A100-SXM4-40GB, 0, 40960, 0, 50.35, 30
nid001040,2026/05/03 04:02:52.911, 3, GPU-324f8797-e49e-315a-bdaa-053d693f20df, NVIDIA A100-SXM4-40GB, 0, 40960, 0, 50.53, 29
nid001041,2026/05/03 04:02:53.838, 0, GPU-0ae16970-0c3a-bbe5-0e59-4168b3712b2a, NVIDIA A100-SXM4-40GB, 37721, 40960, 100, 134.46, 41
nid001041,2026/05/03 04:02:53.841, 1, GPU-41dedaa0-c8e2-c576-be36-87a6fa2949d6, NVIDIA A100-SXM4-40GB, 36299, 40960, 100, 111.11, 37
nid001041,2026/05/03 04:02:53.843, 2, GPU-84c053e0-dec1-a69a-0b40-fbf751d71b20, NVIDIA A100-SXM4-40GB, 36299, 40960, 100, 209.27, 36
nid001041,2026/05/03 04:02:53.844, 3, GPU-85487437-4cf7-3ceb-d2b0-5f2bed2d89cd, NVIDIA A100-SXM4-40GB, 37739, 40960, 100, 90.41, 34
nid001040,2026/05/03 04:02:56.814, 0, GPU-32e67c4f-7204-189f-8b65-2c274dd735a9, NVIDIA A100-SXM4-40GB, 34771, 40960, 0, 59.72, 31
nid001040,2026/05/03 04:02:56.821, 1, GPU-8861d14f-cf78-d18f-5009-dcf3f2d5ba6a, NVIDIA A100-SXM4-40GB, 34771, 40960, 0, 63.00, 29
nid001040,2026/05/03 04:02:56.822, 2, GPU-0c84e9ea-eb03-d0fd-94b6-c87fa7f2aa07, NVIDIA A100-SXM4-40GB, 0, 40960, 0, 50.35, 30
nid001040,2026/05/03 04:02:56.824, 3, GPU-324f8797-e49e-315a-bdaa-053d693f20df, NVIDIA A100-SXM4-40GB, 0, 40960, 0, 50.53, 29
nid001041,2026/05/03 04:02:57.727, 0, GPU-0ae16970-0c3a-bbe5-0e59-4168b3712b2a, NVIDIA A100-SXM4-40GB, 37721, 40960, 100, 89.55, 40
nid001041,2026/05/03 04:02:57.729, 1, GPU-41dedaa0-c8e2-c576-be36-87a6fa2949d6, NVIDIA A100-SXM4-40GB, 36299, 40960, 100, 95.31, 37
nid001041,2026/05/03 04:02:57.732, 2, GPU-84c053e0-dec1-a69a-0b40-fbf751d71b20, NVIDIA A100-SXM4-40GB, 36299, 40960, 100, 201.59, 36
nid001041,2026/05/03 04:02:57.733, 3, GPU-85487437-4cf7-3ceb-d2b0-5f2bed2d89cd, NVIDIA A100-SXM4-40GB, 37739, 40960, 100, 95.26, 35
nid001040,2026/05/03 04:03:00.795, 0, GPU-32e67c4f-7204-189f-8b65-2c274dd735a9, NVIDIA A100-SXM4-40GB, 34771, 40960, 0, 59.96, 31
nid001040,2026/05/03 04:03:00.797, 1, GPU-8861d14f-cf78-d18f-5009-dcf3f2d5ba6a, NVIDIA A100-SXM4-40GB, 34771, 40960, 0, 63.00, 29
nid001040,2026/05/03 04:03:00.799, 2, GPU-0c84e9ea-eb03-d0fd-94b6-c87fa7f2aa07, NVIDIA A100-SXM4-40GB, 0, 40960, 0, 50.11, 30
nid001040,2026/05/03 04:03:00.801, 3, GPU-324f8797-e49e-315a-bdaa-053d693f20df, NVIDIA A100-SXM4-40GB, 0, 40960, 0, 50.53, 29
nid001041,2026/05/03 04:03:01.713, 0, GPU-0ae16970-0c3a-bbe5-0e59-4168b3712b2a, NVIDIA A100-SXM4-40GB, 37721, 40960, 100, 142.91, 41
nid001041,2026/05/03 04:03:01.716, 1, GPU-41dedaa0-c8e2-c576-be36-87a6fa2949d6, NVIDIA A100-SXM4-40GB, 36299, 40960, 100, 209.51, 37
nid001041,2026/05/03 04:03:01.717, 2, GPU-84c053e0-dec1-a69a-0b40-fbf751d71b20, NVIDIA A100-SXM4-40GB, 36299, 40960, 100, 113.04, 36
nid001041,2026/05/03 04:03:01.719, 3, GPU-85487437-4cf7-3ceb-d2b0-5f2bed2d89cd, NVIDIA A100-SXM4-40GB, 37739, 40960, 100, 133.62, 35
nid001040,2026/05/03 04:03:04.713, 0, GPU-32e67c4f-7204-189f-8b65-2c274dd735a9, NVIDIA A100-SXM4-40GB, 34771, 40960, 0, 59.72, 31
nid001040,2026/05/03 04:03:04.728, 1, GPU-8861d14f-cf78-d18f-5009-dcf3f2d5ba6a, NVIDIA A100-SXM4-40GB, 34771, 40960, 0, 63.00, 29
nid001040,2026/05/03 04:03:04.735, 2, GPU-0c84e9ea-eb03-d0fd-94b6-c87fa7f2aa07, NVIDIA A100-SXM4-40GB, 0, 40960, 0, 50.11, 30
nid001040,2026/05/03 04:03:04.743, 3, GPU-324f8797-e49e-315a-bdaa-053d693f20df, NVIDIA A100-SXM4-40GB, 0, 40960, 0, 50.53, 29
nid001041,2026/05/03 04:03:05.719, 0, GPU-0ae16970-0c3a-bbe5-0e59-4168b3712b2a, NVIDIA A100-SXM4-40GB, 37721, 40960, 100, 92.35, 41
nid001041,2026/05/03 04:03:05.721, 1, GPU-41dedaa0-c8e2-c576-be36-87a6fa2949d6, NVIDIA A100-SXM4-40GB, 36299, 40960, 100, 158.53, 37
nid001041,2026/05/03 04:03:05.723, 2, GPU-84c053e0-dec1-a69a-0b40-fbf751d71b20, NVIDIA A100-SXM4-40GB, 36299, 40960, 100, 142.22, 36
nid001041,2026/05/03 04:03:05.724, 3, GPU-85487437-4cf7-3ceb-d2b0-5f2bed2d89cd, NVIDIA A100-SXM4-40GB, 37739, 40960, 100, 97.07, 34
nid001040,2026/05/03 04:03:08.678, 0, GPU-32e67c4f-7204-189f-8b65-2c274dd735a9, NVIDIA A100-SXM4-40GB, 34771, 40960, 0, 59.72, 31
nid001040,2026/05/03 04:03:08.680, 1, GPU-8861d14f-cf78-d18f-5009-dcf3f2d5ba6a, NVIDIA A100-SXM4-40GB, 34771, 40960, 0, 63.00, 29
nid001040,2026/05/03 04:03:08.681, 2, GPU-0c84e9ea-eb03-d0fd-94b6-c87fa7f2aa07, NVIDIA A100-SXM4-40GB, 0, 40960, 0, 50.11, 30
nid001040,2026/05/03 04:03:08.683, 3, GPU-324f8797-e49e-315a-bdaa-053d693f20df, NVIDIA A100-SXM4-40GB, 0, 40960, 0, 50.53, 29
nid001041,2026/05/03 04:03:09.642, 0, GPU-0ae16970-0c3a-bbe5-0e59-4168b3712b2a, NVIDIA A100-SXM4-40GB, 37721, 40960, 100, 90.07, 40
nid001041,2026/05/03 04:03:09.644, 1, GPU-41dedaa0-c8e2-c576-be36-87a6fa2949d6, NVIDIA A100-SXM4-40GB, 36299, 40960, 100, 117.99, 37
nid001041,2026/05/03 04:03:09.646, 2, GPU-84c053e0-dec1-a69a-0b40-fbf751d71b20, NVIDIA A100-SXM4-40GB, 36299, 40960, 100, 117.23, 36
nid001041,2026/05/03 04:03:09.647, 3, GPU-85487437-4cf7-3ceb-d2b0-5f2bed2d89cd, NVIDIA A100-SXM4-40GB, 37739, 40960, 100, 94.50, 34
nid001040,2026/05/03 04:03:12.634, 0, GPU-32e67c4f-7204-189f-8b65-2c274dd735a9, NVIDIA A100-SXM4-40GB, 34771, 40960, 0, 59.72, 31
nid001040,2026/05/03 04:03:12.636, 1, GPU-8861d14f-cf78-d18f-5009-dcf3f2d5ba6a, NVIDIA A100-SXM4-40GB, 34771, 40960, 0, 63.00, 29
nid001040,2026/05/03 04:03:12.638, 2, GPU-0c84e9ea-eb03-d0fd-94b6-c87fa7f2aa07, NVIDIA A100-SXM4-40GB, 0, 40960, 0, 50.11, 30
nid001040,2026/05/03 04:03:12.640, 3, GPU-324f8797-e49e-315a-bdaa-053d693f20df, NVIDIA A100-SXM4-40GB, 0, 40960, 0, 50.53, 29
nid001041,2026/05/03 04:03:13.561, 0, GPU-0ae16970-0c3a-bbe5-0e59-4168b3712b2a, NVIDIA A100-SXM4-40GB, 37721, 40960, 100, 117.37, 40
nid001041,2026/05/03 04:03:13.564, 1, GPU-41dedaa0-c8e2-c576-be36-87a6fa2949d6, NVIDIA A100-SXM4-40GB, 36299, 40960, 100, 187.60, 37
nid001041,2026/05/03 04:03:13.567, 2, GPU-84c053e0-dec1-a69a-0b40-fbf751d71b20, NVIDIA A100-SXM4-40GB, 36299, 40960, 100, 100.03, 36
nid001041,2026/05/03 04:03:13.571, 3, GPU-85487437-4cf7-3ceb-d2b0-5f2bed2d89cd, NVIDIA A100-SXM4-40GB, 37739, 40960, 100, 118.79, 34
nid001040,2026/05/03 04:03:16.536, 0, GPU-32e67c4f-7204-189f-8b65-2c274dd735a9, NVIDIA A100-SXM4-40GB, 34771, 40960, 0, 59.72, 31
nid001040,2026/05/03 04:03:16.538, 1, GPU-8861d14f-cf78-d18f-5009-dcf3f2d5ba6a, NVIDIA A100-SXM4-40GB, 34771, 40960, 0, 63.00, 29
nid001040,2026/05/03 04:03:16.539, 2, GPU-0c84e9ea-eb03-d0fd-94b6-c87fa7f2aa07, NVIDIA A100-SXM4-40GB, 0, 40960, 0, 50.35, 30
nid001040,2026/05/03 04:03:16.541, 3, GPU-324f8797-e49e-315a-bdaa-053d693f20df, NVIDIA A100-SXM4-40GB, 0, 40960, 0, 50.53, 29
nid001041,2026/05/03 04:03:17.471, 0, GPU-0ae16970-0c3a-bbe5-0e59-4168b3712b2a, NVIDIA A100-SXM4-40GB, 37721, 40960, 100, 193.95, 40
nid001041,2026/05/03 04:03:17.473, 1, GPU-41dedaa0-c8e2-c576-be36-87a6fa2949d6, NVIDIA A100-SXM4-40GB, 36299, 40960, 100, 93.39, 37
nid001041,2026/05/03 04:03:17.477, 2, GPU-84c053e0-dec1-a69a-0b40-fbf751d71b20, NVIDIA A100-SXM4-40GB, 36299, 40960, 100, 140.70, 36
nid001041,2026/05/03 04:03:17.480, 3, GPU-85487437-4cf7-3ceb-d2b0-5f2bed2d89cd, NVIDIA A100-SXM4-40GB, 37739, 40960, 100, 202.07, 34
nid001040,2026/05/03 04:03:20.398, 0, GPU-32e67c4f-7204-189f-8b65-2c274dd735a9, NVIDIA A100-SXM4-40GB, 34771, 40960, 0, 59.96, 31
nid001040,2026/05/03 04:03:20.400, 1, GPU-8861d14f-cf78-d18f-5009-dcf3f2d5ba6a, NVIDIA A100-SXM4-40GB, 34771, 40960, 0, 63.08, 29
nid001040,2026/05/03 04:03:20.402, 2, GPU-0c84e9ea-eb03-d0fd-94b6-c87fa7f2aa07, NVIDIA A100-SXM4-40GB, 0, 40960, 0, 50.11, 30
nid001040,2026/05/03 04:03:20.404, 3, GPU-324f8797-e49e-315a-bdaa-053d693f20df, NVIDIA A100-SXM4-40GB, 0, 40960, 0, 50.53, 29
nid001041,2026/05/03 04:03:21.317, 0, GPU-0ae16970-0c3a-bbe5-0e59-4168b3712b2a, NVIDIA A100-SXM4-40GB, 37721, 40960, 100, 91.06, 40
nid001041,2026/05/03 04:03:21.320, 1, GPU-41dedaa0-c8e2-c576-be36-87a6fa2949d6, NVIDIA A100-SXM4-40GB, 36299, 40960, 100, 109.96, 36
nid001041,2026/05/03 04:03:21.323, 2, GPU-84c053e0-dec1-a69a-0b40-fbf751d71b20, NVIDIA A100-SXM4-40GB, 36299, 40960, 100, 136.62, 35
nid001041,2026/05/03 04:03:21.324, 3, GPU-85487437-4cf7-3ceb-d2b0-5f2bed2d89cd, NVIDIA A100-SXM4-40GB, 37739, 40960, 100, 92.22, 34
nid001040,2026/05/03 04:03:24.272, 0, GPU-32e67c4f-7204-189f-8b65-2c274dd735a9, NVIDIA A100-SXM4-40GB, 34771, 40960, 0, 59.72, 31
nid001040,2026/05/03 04:03:24.274, 1, GPU-8861d14f-cf78-d18f-5009-dcf3f2d5ba6a, NVIDIA A100-SXM4-40GB, 34771, 40960, 0, 63.00, 29
nid001040,2026/05/03 04:03:24.275, 2, GPU-0c84e9ea-eb03-d0fd-94b6-c87fa7f2aa07, NVIDIA A100-SXM4-40GB, 0, 40960, 0, 50.35, 30
nid001040,2026/05/03 04:03:24.277, 3, GPU-324f8797-e49e-315a-bdaa-053d693f20df, NVIDIA A100-SXM4-40GB, 0, 40960, 0, 50.53, 29
nid001041,2026/05/03 04:03:25.195, 0, GPU-0ae16970-0c3a-bbe5-0e59-4168b3712b2a, NVIDIA A100-SXM4-40GB, 37721, 40960, 100, 134.74, 40
nid001041,2026/05/03 04:03:25.198, 1, GPU-41dedaa0-c8e2-c576-be36-87a6fa2949d6, NVIDIA A100-SXM4-40GB, 36299, 40960, 100, 192.68, 37
nid001041,2026/05/03 04:03:25.199, 2, GPU-84c053e0-dec1-a69a-0b40-fbf751d71b20, NVIDIA A100-SXM4-40GB, 36299, 40960, 100, 107.79, 36
nid001041,2026/05/03 04:03:25.201, 3, GPU-85487437-4cf7-3ceb-d2b0-5f2bed2d89cd, NVIDIA A100-SXM4-40GB, 37739, 40960, 100, 138.71, 34
nid001040,2026/05/03 04:03:28.150, 0, GPU-32e67c4f-7204-189f-8b65-2c274dd735a9, NVIDIA A100-SXM4-40GB, 34771, 40960, 0, 59.72, 31
nid001040,2026/05/03 04:03:28.152, 1, GPU-8861d14f-cf78-d18f-5009-dcf3f2d5ba6a, NVIDIA A100-SXM4-40GB, 34771, 40960, 0, 63.00, 29
nid001040,2026/05/03 04:03:28.154, 2, GPU-0c84e9ea-eb03-d0fd-94b6-c87fa7f2aa07, NVIDIA A100-SXM4-40GB, 0, 40960, 0, 50.11, 30
nid001040,2026/05/03 04:03:28.156, 3, GPU-324f8797-e49e-315a-bdaa-053d693f20df, NVIDIA A100-SXM4-40GB, 0, 40960, 0, 50.53, 29
nid001041,2026/05/03 04:03:29.076, 0, GPU-0ae16970-0c3a-bbe5-0e59-4168b3712b2a, NVIDIA A100-SXM4-40GB, 37721, 40960, 100, 98.75, 40
nid001041,2026/05/03 04:03:29.079, 1, GPU-41dedaa0-c8e2-c576-be36-87a6fa2949d6, NVIDIA A100-SXM4-40GB, 36299, 40960, 100, 103.84, 37
nid001041,2026/05/03 04:03:29.081, 2, GPU-84c053e0-dec1-a69a-0b40-fbf751d71b20, NVIDIA A100-SXM4-40GB, 36299, 40960, 100, 193.72, 36
nid001041,2026/05/03 04:03:29.083, 3, GPU-85487437-4cf7-3ceb-d2b0-5f2bed2d89cd, NVIDIA A100-SXM4-40GB, 37739, 40960, 100, 107.05, 34
nid001040,2026/05/03 04:03:32.039, 0, GPU-32e67c4f-7204-189f-8b65-2c274dd735a9, NVIDIA A100-SXM4-40GB, 34771, 40960, 0, 59.72, 31
nid001040,2026/05/03 04:03:32.041, 1, GPU-8861d14f-cf78-d18f-5009-dcf3f2d5ba6a, NVIDIA A100-SXM4-40GB, 34771, 40960, 0, 63.00, 29
nid001040,2026/05/03 04:03:32.042, 2, GPU-0c84e9ea-eb03-d0fd-94b6-c87fa7f2aa07, NVIDIA A100-SXM4-40GB, 0, 40960, 0, 50.35, 30
nid001040,2026/05/03 04:03:32.044, 3, GPU-324f8797-e49e-315a-bdaa-053d693f20df, NVIDIA A100-SXM4-40GB, 0, 40960, 0, 50.53, 29
nid001041,2026/05/03 04:03:33.053, 0, GPU-0ae16970-0c3a-bbe5-0e59-4168b3712b2a, NVIDIA A100-SXM4-40GB, 37721, 40960, 100, 134.98, 40
nid001041,2026/05/03 04:03:33.055, 1, GPU-41dedaa0-c8e2-c576-be36-87a6fa2949d6, NVIDIA A100-SXM4-40GB, 36299, 40960, 100, 183.00, 37
nid001041,2026/05/03 04:03:33.057, 2, GPU-84c053e0-dec1-a69a-0b40-fbf751d71b20, NVIDIA A100-SXM4-40GB, 36299, 40960, 100, 107.03, 36
nid001041,2026/05/03 04:03:33.060, 3, GPU-85487437-4cf7-3ceb-d2b0-5f2bed2d89cd, NVIDIA A100-SXM4-40GB, 37739, 40960, 100, 142.32, 34
nid001040,2026/05/03 04:03:35.989, 0, GPU-32e67c4f-7204-189f-8b65-2c274dd735a9, NVIDIA A100-SXM4-40GB, 34771, 40960, 0, 59.72, 31
nid001040,2026/05/03 04:03:35.991, 1, GPU-8861d14f-cf78-d18f-5009-dcf3f2d5ba6a, NVIDIA A100-SXM4-40GB, 34771, 40960, 0, 63.00, 29
nid001040,2026/05/03 04:03:35.997, 2, GPU-0c84e9ea-eb03-d0fd-94b6-c87fa7f2aa07, NVIDIA A100-SXM4-40GB, 0, 40960, 0, 50.11, 30
nid001040,2026/05/03 04:03:35.999, 3, GPU-324f8797-e49e-315a-bdaa-053d693f20df, NVIDIA A100-SXM4-40GB, 0, 40960, 0, 50.53, 29
nid001041,2026/05/03 04:03:36.915, 0, GPU-0ae16970-0c3a-bbe5-0e59-4168b3712b2a, NVIDIA A100-SXM4-40GB, 37721, 40960, 100, 91.06, 41
nid001041,2026/05/03 04:03:36.918, 1, GPU-41dedaa0-c8e2-c576-be36-87a6fa2949d6, NVIDIA A100-SXM4-40GB, 36299, 40960, 100, 125.53, 37
nid001041,2026/05/03 04:03:36.919, 2, GPU-84c053e0-dec1-a69a-0b40-fbf751d71b20, NVIDIA A100-SXM4-40GB, 36299, 40960, 100, 117.89, 36
nid001041,2026/05/03 04:03:36.922, 3, GPU-85487437-4cf7-3ceb-d2b0-5f2bed2d89cd, NVIDIA A100-SXM4-40GB, 37739, 40960, 100, 92.22, 34
nid001040,2026/05/03 04:03:39.863, 0, GPU-32e67c4f-7204-189f-8b65-2c274dd735a9, NVIDIA A100-SXM4-40GB, 34771, 40960, 0, 59.72, 31
nid001040,2026/05/03 04:03:39.865, 1, GPU-8861d14f-cf78-d18f-5009-dcf3f2d5ba6a, NVIDIA A100-SXM4-40GB, 34771, 40960, 0, 63.00, 29
nid001040,2026/05/03 04:03:39.866, 2, GPU-0c84e9ea-eb03-d0fd-94b6-c87fa7f2aa07, NVIDIA A100-SXM4-40GB, 0, 40960, 0, 50.35, 30
nid001040,2026/05/03 04:03:39.873, 3, GPU-324f8797-e49e-315a-bdaa-053d693f20df, NVIDIA A100-SXM4-40GB, 0, 40960, 0, 50.53, 29
nid001041,2026/05/03 04:03:40.790, 0, GPU-0ae16970-0c3a-bbe5-0e59-4168b3712b2a, NVIDIA A100-SXM4-40GB, 37721, 40960, 100, 204.92, 40
nid001041,2026/05/03 04:03:40.793, 1, GPU-41dedaa0-c8e2-c576-be36-87a6fa2949d6, NVIDIA A100-SXM4-40GB, 36299, 40960, 100, 94.39, 36
nid001041,2026/05/03 04:03:40.794, 2, GPU-84c053e0-dec1-a69a-0b40-fbf751d71b20, NVIDIA A100-SXM4-40GB, 36299, 40960, 100, 132.54, 35
nid001041,2026/05/03 04:03:40.796, 3, GPU-85487437-4cf7-3ceb-d2b0-5f2bed2d89cd, NVIDIA A100-SXM4-40GB, 37739, 40960, 100, 173.98, 34
nid001040,2026/05/03 04:03:43.719, 0, GPU-32e67c4f-7204-189f-8b65-2c274dd735a9, NVIDIA A100-SXM4-40GB, 34771, 40960, 0, 59.72, 31
nid001040,2026/05/03 04:03:43.721, 1, GPU-8861d14f-cf78-d18f-5009-dcf3f2d5ba6a, NVIDIA A100-SXM4-40GB, 34771, 40960, 0, 63.00, 29
nid001040,2026/05/03 04:03:43.722, 2, GPU-0c84e9ea-eb03-d0fd-94b6-c87fa7f2aa07, NVIDIA A100-SXM4-40GB, 0, 40960, 0, 50.35, 30
nid001040,2026/05/03 04:03:43.724, 3, GPU-324f8797-e49e-315a-bdaa-053d693f20df, NVIDIA A100-SXM4-40GB, 0, 40960, 0, 50.53, 28
nid001041,2026/05/03 04:03:44.642, 0, GPU-0ae16970-0c3a-bbe5-0e59-4168b3712b2a, NVIDIA A100-SXM4-40GB, 37721, 40960, 100, 127.86, 40
nid001041,2026/05/03 04:03:44.645, 1, GPU-41dedaa0-c8e2-c576-be36-87a6fa2949d6, NVIDIA A100-SXM4-40GB, 36299, 40960, 100, 179.16, 37
nid001041,2026/05/03 04:03:44.647, 2, GPU-84c053e0-dec1-a69a-0b40-fbf751d71b20, NVIDIA A100-SXM4-40GB, 36299, 40960, 100, 99.16, 36
nid001041,2026/05/03 04:03:44.650, 3, GPU-85487437-4cf7-3ceb-d2b0-5f2bed2d89cd, NVIDIA A100-SXM4-40GB, 37739, 40960, 100, 121.07, 34
nid001040,2026/05/03 04:03:47.574, 0, GPU-32e67c4f-7204-189f-8b65-2c274dd735a9, NVIDIA A100-SXM4-40GB, 34771, 40960, 0, 59.72, 31
nid001040,2026/05/03 04:03:47.576, 1, GPU-8861d14f-cf78-d18f-5009-dcf3f2d5ba6a, NVIDIA A100-SXM4-40GB, 34771, 40960, 0, 63.00, 29
nid001040,2026/05/03 04:03:47.578, 2, GPU-0c84e9ea-eb03-d0fd-94b6-c87fa7f2aa07, NVIDIA A100-SXM4-40GB, 0, 40960, 0, 50.11, 30
nid001040,2026/05/03 04:03:47.580, 3, GPU-324f8797-e49e-315a-bdaa-053d693f20df, NVIDIA A100-SXM4-40GB, 0, 40960, 0, 50.53, 28
nid001041,2026/05/03 04:03:48.502, 0, GPU-0ae16970-0c3a-bbe5-0e59-4168b3712b2a, NVIDIA A100-SXM4-40GB, 37721, 40960, 100, 108.68, 41
nid001041,2026/05/03 04:03:48.506, 1, GPU-41dedaa0-c8e2-c576-be36-87a6fa2949d6, NVIDIA A100-SXM4-40GB, 36299, 40960, 100, 200.83, 37
nid001041,2026/05/03 04:03:48.507, 2, GPU-84c053e0-dec1-a69a-0b40-fbf751d71b20, NVIDIA A100-SXM4-40GB, 36299, 40960, 100, 92.35, 36
nid001041,2026/05/03 04:03:48.509, 3, GPU-85487437-4cf7-3ceb-d2b0-5f2bed2d89cd, NVIDIA A100-SXM4-40GB, 37739, 40960, 100, 105.00, 34
nid001040,2026/05/03 04:03:51.449, 0, GPU-32e67c4f-7204-189f-8b65-2c274dd735a9, NVIDIA A100-SXM4-40GB, 34771, 40960, 0, 59.96, 31
nid001040,2026/05/03 04:03:51.451, 1, GPU-8861d14f-cf78-d18f-5009-dcf3f2d5ba6a, NVIDIA A100-SXM4-40GB, 34771, 40960, 0, 63.00, 29
nid001040,2026/05/03 04:03:51.453, 2, GPU-0c84e9ea-eb03-d0fd-94b6-c87fa7f2aa07, NVIDIA A100-SXM4-40GB, 0, 40960, 0, 50.35, 30
nid001040,2026/05/03 04:03:51.455, 3, GPU-324f8797-e49e-315a-bdaa-053d693f20df, NVIDIA A100-SXM4-40GB, 0, 40960, 0, 50.53, 28
nid001041,2026/05/03 04:03:52.387, 0, GPU-0ae16970-0c3a-bbe5-0e59-4168b3712b2a, NVIDIA A100-SXM4-40GB, 37721, 40960, 100, 98.00, 40
nid001041,2026/05/03 04:03:52.390, 1, GPU-41dedaa0-c8e2-c576-be36-87a6fa2949d6, NVIDIA A100-SXM4-40GB, 36299, 40960, 100, 172.57, 37
nid001041,2026/05/03 04:03:52.393, 2, GPU-84c053e0-dec1-a69a-0b40-fbf751d71b20, NVIDIA A100-SXM4-40GB, 36299, 40960, 100, 135.34, 36
nid001041,2026/05/03 04:03:52.395, 3, GPU-85487437-4cf7-3ceb-d2b0-5f2bed2d89cd, NVIDIA A100-SXM4-40GB, 37739, 40960, 100, 94.79, 34
nid001040,2026/05/03 04:03:55.349, 0, GPU-32e67c4f-7204-189f-8b65-2c274dd735a9, NVIDIA A100-SXM4-40GB, 34771, 40960, 0, 59.72, 31
nid001040,2026/05/03 04:03:55.350, 1, GPU-8861d14f-cf78-d18f-5009-dcf3f2d5ba6a, NVIDIA A100-SXM4-40GB, 34771, 40960, 0, 63.00, 29
nid001040,2026/05/03 04:03:55.352, 2, GPU-0c84e9ea-eb03-d0fd-94b6-c87fa7f2aa07, NVIDIA A100-SXM4-40GB, 0, 40960, 0, 50.35, 30
nid001040,2026/05/03 04:03:55.354, 3, GPU-324f8797-e49e-315a-bdaa-053d693f20df, NVIDIA A100-SXM4-40GB, 0, 40960, 0, 50.53, 28
nid001041,2026/05/03 04:03:56.257, 0, GPU-0ae16970-0c3a-bbe5-0e59-4168b3712b2a, NVIDIA A100-SXM4-40GB, 37721, 40960, 100, 89.83, 40
nid001041,2026/05/03 04:03:56.261, 1, GPU-41dedaa0-c8e2-c576-be36-87a6fa2949d6, NVIDIA A100-SXM4-40GB, 36299, 40960, 100, 128.62, 36
nid001041,2026/05/03 04:03:56.262, 2, GPU-84c053e0-dec1-a69a-0b40-fbf751d71b20, NVIDIA A100-SXM4-40GB, 36299, 40960, 100, 181.48, 35
nid001041,2026/05/03 04:03:56.264, 3, GPU-85487437-4cf7-3ceb-d2b0-5f2bed2d89cd, NVIDIA A100-SXM4-40GB, 37739, 40960, 100, 92.22, 34
nid001040,2026/05/03 04:03:59.242, 0, GPU-32e67c4f-7204-189f-8b65-2c274dd735a9, NVIDIA A100-SXM4-40GB, 34771, 40960, 0, 59.72, 31
nid001040,2026/05/03 04:03:59.244, 1, GPU-8861d14f-cf78-d18f-5009-dcf3f2d5ba6a, NVIDIA A100-SXM4-40GB, 34771, 40960, 0, 63.00, 29
nid001040,2026/05/03 04:03:59.245, 2, GPU-0c84e9ea-eb03-d0fd-94b6-c87fa7f2aa07, NVIDIA A100-SXM4-40GB, 0, 40960, 0, 50.11, 30
nid001040,2026/05/03 04:03:59.247, 3, GPU-324f8797-e49e-315a-bdaa-053d693f20df, NVIDIA A100-SXM4-40GB, 0, 40960, 0, 50.53, 28
nid001041,2026/05/03 04:04:00.165, 0, GPU-0ae16970-0c3a-bbe5-0e59-4168b3712b2a, NVIDIA A100-SXM4-40GB, 37721, 40960, 100, 90.83, 40
nid001041,2026/05/03 04:04:00.172, 1, GPU-41dedaa0-c8e2-c576-be36-87a6fa2949d6, NVIDIA A100-SXM4-40GB, 36299, 40960, 100, 134.46, 37
nid001041,2026/05/03 04:04:00.176, 2, GPU-84c053e0-dec1-a69a-0b40-fbf751d71b20, NVIDIA A100-SXM4-40GB, 36299, 40960, 100, 171.53, 36
nid001041,2026/05/03 04:04:00.181, 3, GPU-85487437-4cf7-3ceb-d2b0-5f2bed2d89cd, NVIDIA A100-SXM4-40GB, 37739, 40960, 100, 91.69, 34
nid001040,2026/05/03 04:04:03.164, 0, GPU-32e67c4f-7204-189f-8b65-2c274dd735a9, NVIDIA A100-SXM4-40GB, 34771, 40960, 0, 59.72, 31
nid001040,2026/05/03 04:04:03.166, 1, GPU-8861d14f-cf78-d18f-5009-dcf3f2d5ba6a, NVIDIA A100-SXM4-40GB, 34771, 40960, 0, 62.77, 29
nid001040,2026/05/03 04:04:03.167, 2, GPU-0c84e9ea-eb03-d0fd-94b6-c87fa7f2aa07, NVIDIA A100-SXM4-40GB, 0, 40960, 0, 50.11, 30
nid001040,2026/05/03 04:04:03.169, 3, GPU-324f8797-e49e-315a-bdaa-053d693f20df, NVIDIA A100-SXM4-40GB, 0, 40960, 0, 50.53, 28
nid001041,2026/05/03 04:04:04.114, 0, GPU-0ae16970-0c3a-bbe5-0e59-4168b3712b2a, NVIDIA A100-SXM4-40GB, 37721, 40960, 0, 56.08, 36
nid001041,2026/05/03 04:04:04.117, 1, GPU-41dedaa0-c8e2-c576-be36-87a6fa2949d6, NVIDIA A100-SXM4-40GB, 36299, 40960, 0, 58.06, 33
nid001041,2026/05/03 04:04:04.119, 2, GPU-84c053e0-dec1-a69a-0b40-fbf751d71b20, NVIDIA A100-SXM4-40GB, 36299, 40960, 0, 56.01, 32
nid001041,2026/05/03 04:04:04.121, 3, GPU-85487437-4cf7-3ceb-d2b0-5f2bed2d89cd, NVIDIA A100-SXM4-40GB, 37739, 40960, 0, 54.79, 31
