2026-05-02 02:17:54.942 - aiperf.cli_runner - INFO - Starting AIPerf System
2026-05-02 02:17:55.158 - system_controller - INFO - Registered Worker Manager (id: 'worker_manager')
2026-05-02 02:17:55.188 - GPUTelemetryJSONLWriter_d81edbf3 - INFO - GPU telemetry export enabled: artifacts/p4/vision_medium_1img_1024/Qwen_Qwen2.5-VL-32B-Instruct-e-pd-native-vllm_concurrency4_20260502_021517/gpu_telemetry_export.jsonl
2026-05-02 02:17:55.199 - RecordExportResultsProcessor_57dd3773 - INFO - Record metrics export enabled: artifacts/p4/vision_medium_1img_1024/Qwen_Qwen2.5-VL-32B-Instruct-e-pd-native-vllm_concurrency4_20260502_021517/profile_export.jsonl
2026-05-02 02:17:55.209 - server_metrics_manager - INFO - Server Metrics: Discovered 1 endpoints: ['http://localhost:8000/metrics']
2026-05-02 02:17:55.222 - system_controller - INFO - Registered Dataset Manager (id: 'dataset_manager')
2026-05-02 02:17:55.225 - system_controller - INFO - Registered Timing Manager (id: 'timing_manager')
2026-05-02 02:17:55.243 - system_controller - INFO - Registered Record Processor (id: 'record_processor_1e29fdbf')
2026-05-02 02:17:55.261 - system_controller - INFO - Registered Gpu Telemetry Manager (id: 'gpu_telemetry_manager')
2026-05-02 02:17:55.266 - system_controller - INFO - Registered Server Metrics Manager (id: 'server_metrics_manager')
2026-05-02 02:17:55.288 - system_controller - INFO - Registered Worker (id: 'worker_4403b2b4')
2026-05-02 02:17:55.294 - system_controller - INFO - Registered Worker (id: 'worker_5cfeb9b4')
2026-05-02 02:17:55.310 - system_controller - INFO - Registered Records Manager (id: 'records_manager')
2026-05-02 02:17:55.313 - system_controller - INFO - Registered Worker (id: 'worker_265f5c41')
2026-05-02 02:17:55.330 - system_controller - INFO - Registered Worker (id: 'worker_8e466436')
2026-05-02 02:17:55.633 - system_controller - INFO - AIPerf System is CONFIGURING
2026-05-02 02:17:55.633 - system_controller - INFO - Configuring all services to start profiling
2026-05-02 02:17:55.635 - timing_manager - INFO - Waiting for dataset to be configured before configuring timing
2026-05-02 02:17:55.635 - InferenceResultParser_ed54daed - INFO - Tokenization is disabled for this endpoint, skipping tokenizer configuration
2026-05-02 02:17:55.635 - dataset_manager - INFO - Configuring tokenizer(s) for dataset manager
2026-05-02 02:17:55.642 - system_controller - INFO - Server metrics disabled - no Prometheus endpoints reachable
2026-05-02 02:17:55.676 - system_controller - INFO - GPU telemetry enabled - 1/1 endpoint(s) reachable
2026-05-02 02:18:01.956 - dataset_manager - INFO - Tokenizer(s) configured in 6.31 seconds
2026-05-02 02:18:01.957 - dataset_manager - INFO - Configuring dataset for dataset_manager
2026-05-02 02:18:02.370 - CustomDatasetComposer - INFO - Using preferred sampling strategy for single_turn: sequential
2026-05-02 02:18:10.088 - MemoryMapDatasetBackingStore_1373368a - INFO - Memory-mapped backing store initialized (streaming to /tmp/aiperf_mmap_23cdcd1b-b177-41d1-b649-61f7f171c048/dataset.dat)
2026-05-02 02:18:10.137 - MemoryMapDatasetBackingStore_1373368a - INFO - Data file finalized: 12 conversations, 29.66 MB
2026-05-02 02:18:10.138 - MemoryMapDatasetBackingStore_1373368a - INFO - Index file created: /tmp/aiperf_mmap_23cdcd1b-b177-41d1-b649-61f7f171c048/index.dat
2026-05-02 02:18:10.139 - dataset_manager - INFO - Backing store finalized: client_type=DatasetClientStoreType.MEMORY_MAP data_file_path=PosixPath('/tmp/aiperf_mmap_23cdcd1b-b177-41d1-b649-61f7f171c048/dataset.dat') index_file_path=PosixPath('/tmp/aiperf_mmap_23cdcd1b-b177-41d1-b649-61f7f171c048/index.dat') conversation_count=12 total_size_bytes=31103990
2026-05-02 02:18:10.140 - dataset_manager - INFO - sampling strategy: sequential, unique conversations: 12, unique turn count: 12
2026-05-02 02:18:10.150 - dataset_manager - INFO - Generating inputs.json file at /global/u2/k/krajeshk/PRISM/artifacts/p4/vision_medium_1img_1024/Qwen_Qwen2.5-VL-32B-Instruct-e-pd-native-vllm_concurrency4_20260502_021517/inputs.json
2026-05-02 02:18:10.161 - PhaseOrchestrator_b12e0bf2 - INFO - Initialized 2 phase(s): ['Warmup', 'Profiling']
2026-05-02 02:18:10.377 - dataset_manager - INFO - inputs.json file generated in 0.23 seconds
2026-05-02 02:18:10.694 - dataset_manager - INFO - Dataset client initialized and freed 12 conversations from memory
2026-05-02 02:18:10.695 - dataset_manager - INFO - Dataset configured in 8.74 seconds
2026-05-02 02:18:10.696 - system_controller - INFO - All services configured in 15.06 seconds
2026-05-02 02:18:10.697 - system_controller - INFO - AIPerf System is CONFIGURED
2026-05-02 02:18:10.701 - RateTiming - INFO - Creating interval generator: pattern=concurrency_burst, rate=None, smoothness=None
2026-05-02 02:18:10.702 - PhaseRunner - NOTICE - Phase warmup started | target: 10 requests
2026-05-02 02:18:10.703 - records_manager - INFO - Credit phase start: warmup
2026-05-02 02:18:10.728 - pynvml_collector - INFO - PyNVML initialized with 4 GPU(s) (0 with GPM support)
2026-05-02 02:18:10.729 - system_controller - INFO - All services started profiling successfully
2026-05-02 02:18:10.729 - system_controller - INFO - AIPerf System is PROFILING
2026-05-02 02:18:15.412 - records_manager - ERROR - Failed to process telemetry record: KeyError('sm_utilization')
NoneType: None
2026-05-02 02:18:15.413 - records_manager - ERROR - Failed to process telemetry record: KeyError('sm_utilization')
NoneType: None
2026-05-02 02:18:15.769 - records_manager - ERROR - Failed to process telemetry record: KeyError('sm_utilization')
NoneType: None
2026-05-02 02:18:15.769 - records_manager - ERROR - Failed to process telemetry record: KeyError('sm_utilization')
NoneType: None
2026-05-02 02:18:16.125 - records_manager - ERROR - Failed to process telemetry record: KeyError('sm_utilization')
NoneType: None
2026-05-02 02:18:16.125 - records_manager - ERROR - Failed to process telemetry record: KeyError('sm_utilization')
NoneType: None
2026-05-02 02:18:16.484 - records_manager - ERROR - Failed to process telemetry record: KeyError('sm_utilization')
NoneType: None
2026-05-02 02:18:16.485 - records_manager - ERROR - Failed to process telemetry record: KeyError('sm_utilization')
NoneType: None
2026-05-02 02:18:16.845 - records_manager - ERROR - Failed to process telemetry record: KeyError('sm_utilization')
NoneType: None
2026-05-02 02:18:16.865 - records_manager - ERROR - Failed to process telemetry record: KeyError('sm_utilization')
NoneType: None
2026-05-02 02:18:17.203 - records_manager - ERROR - Failed to process telemetry record: KeyError('sm_utilization')
NoneType: None
2026-05-02 02:18:17.203 - records_manager - ERROR - Failed to process telemetry record: KeyError('sm_utilization')
NoneType: None
2026-05-02 02:18:17.559 - records_manager - ERROR - Failed to process telemetry record: KeyError('sm_utilization')
NoneType: None
2026-05-02 02:18:17.560 - records_manager - ERROR - Failed to process telemetry record: KeyError('sm_utilization')
NoneType: None
2026-05-02 02:18:17.915 - records_manager - ERROR - Failed to process telemetry record: KeyError('sm_utilization')
NoneType: None
2026-05-02 02:18:17.915 - records_manager - ERROR - Failed to process telemetry record: KeyError('sm_utilization')
NoneType: None
2026-05-02 02:18:18.272 - records_manager - ERROR - Failed to process telemetry record: KeyError('sm_utilization')
NoneType: None
2026-05-02 02:18:18.273 - records_manager - ERROR - Failed to process telemetry record: KeyError('sm_utilization')
NoneType: None
2026-05-02 02:18:18.635 - records_manager - ERROR - Failed to process telemetry record: KeyError('sm_utilization')
NoneType: None
2026-05-02 02:18:18.636 - records_manager - ERROR - Failed to process telemetry record: KeyError('sm_utilization')
NoneType: None
2026-05-02 02:18:18.996 - records_manager - ERROR - Failed to process telemetry record: KeyError('sm_utilization')
NoneType: None
2026-05-02 02:18:18.997 - records_manager - ERROR - Failed to process telemetry record: KeyError('sm_utilization')
NoneType: None
2026-05-02 02:18:19.356 - records_manager - ERROR - Failed to process telemetry record: KeyError('sm_utilization')
NoneType: None
2026-05-02 02:18:19.357 - records_manager - ERROR - Failed to process telemetry record: KeyError('sm_utilization')
NoneType: None
2026-05-02 02:18:19.713 - records_manager - ERROR - Failed to process telemetry record: KeyError('sm_utilization')
NoneType: None
2026-05-02 02:18:19.713 - records_manager - ERROR - Failed to process telemetry record: KeyError('sm_utilization')
NoneType: None
2026-05-02 02:18:20.072 - records_manager - ERROR - Failed to process telemetry record: KeyError('sm_utilization')
NoneType: None
2026-05-02 02:18:20.073 - records_manager - ERROR - Failed to process telemetry record: KeyError('sm_utilization')
NoneType: None
2026-05-02 02:18:20.428 - records_manager - ERROR - Failed to process telemetry record: KeyError('sm_utilization')
NoneType: None
2026-05-02 02:18:20.429 - records_manager - ERROR - Failed to process telemetry record: KeyError('sm_utilization')
NoneType: None
2026-05-02 02:18:20.785 - records_manager - ERROR - Failed to process telemetry record: KeyError('sm_utilization')
NoneType: None
2026-05-02 02:18:20.785 - records_manager - ERROR - Failed to process telemetry record: KeyError('sm_utilization')
NoneType: None
2026-05-02 02:18:21.144 - records_manager - ERROR - Failed to process telemetry record: KeyError('sm_utilization')
NoneType: None
2026-05-02 02:18:21.144 - records_manager - ERROR - Failed to process telemetry record: KeyError('sm_utilization')
NoneType: None
2026-05-02 02:18:21.505 - records_manager - ERROR - Failed to process telemetry record: KeyError('sm_utilization')
NoneType: None
2026-05-02 02:18:21.505 - records_manager - ERROR - Failed to process telemetry record: KeyError('sm_utilization')
NoneType: None
2026-05-02 02:18:21.863 - records_manager - ERROR - Failed to process telemetry record: KeyError('sm_utilization')
NoneType: None
2026-05-02 02:18:21.864 - records_manager - ERROR - Failed to process telemetry record: KeyError('sm_utilization')
NoneType: None
2026-05-02 02:18:22.223 - records_manager - ERROR - Failed to process telemetry record: KeyError('sm_utilization')
NoneType: None
2026-05-02 02:18:22.224 - records_manager - ERROR - Failed to process telemetry record: KeyError('sm_utilization')
NoneType: None
2026-05-02 02:18:22.582 - records_manager - ERROR - Failed to process telemetry record: KeyError('sm_utilization')
NoneType: None
2026-05-02 02:18:22.583 - records_manager - ERROR - Failed to process telemetry record: KeyError('sm_utilization')
NoneType: None
2026-05-02 02:18:22.948 - records_manager - ERROR - Failed to process telemetry record: KeyError('sm_utilization')
NoneType: None
2026-05-02 02:18:22.949 - records_manager - ERROR - Failed to process telemetry record: KeyError('sm_utilization')
NoneType: None
2026-05-02 02:18:23.306 - records_manager - ERROR - Failed to process telemetry record: KeyError('sm_utilization')
NoneType: None
2026-05-02 02:18:23.307 - records_manager - ERROR - Failed to process telemetry record: KeyError('sm_utilization')
NoneType: None
2026-05-02 02:18:23.668 - records_manager - ERROR - Failed to process telemetry record: KeyError('sm_utilization')
NoneType: None
2026-05-02 02:18:23.668 - records_manager - ERROR - Failed to process telemetry record: KeyError('sm_utilization')
NoneType: None
2026-05-02 02:18:24.029 - records_manager - ERROR - Failed to process telemetry record: KeyError('sm_utilization')
NoneType: None
2026-05-02 02:18:24.029 - records_manager - ERROR - Failed to process telemetry record: KeyError('sm_utilization')
NoneType: None
2026-05-02 02:18:24.388 - records_manager - ERROR - Failed to process telemetry record: KeyError('sm_utilization')
NoneType: None
2026-05-02 02:18:24.389 - records_manager - ERROR - Failed to process telemetry record: KeyError('sm_utilization')
NoneType: None
2026-05-02 02:18:24.745 - records_manager - ERROR - Failed to process telemetry record: KeyError('sm_utilization')
NoneType: None
2026-05-02 02:18:24.745 - records_manager - ERROR - Failed to process telemetry record: KeyError('sm_utilization')
NoneType: None
2026-05-02 02:18:25.108 - records_manager - ERROR - Failed to process telemetry record: KeyError('sm_utilization')
NoneType: None
2026-05-02 02:18:25.109 - records_manager - ERROR - Failed to process telemetry record: KeyError('sm_utilization')
NoneType: None
2026-05-02 02:18:25.464 - records_manager - ERROR - Failed to process telemetry record: KeyError('sm_utilization')
NoneType: None
2026-05-02 02:18:25.465 - records_manager - ERROR - Failed to process telemetry record: KeyError('sm_utilization')
NoneType: None
2026-05-02 02:18:25.820 - records_manager - ERROR - Failed to process telemetry record: KeyError('sm_utilization')
NoneType: None
2026-05-02 02:18:25.821 - records_manager - ERROR - Failed to process telemetry record: KeyError('sm_utilization')
NoneType: None
2026-05-02 02:18:26.178 - records_manager - ERROR - Failed to process telemetry record: KeyError('sm_utilization')
NoneType: None
2026-05-02 02:18:26.179 - records_manager - ERROR - Failed to process telemetry record: KeyError('sm_utilization')
NoneType: None
2026-05-02 02:18:26.542 - records_manager - ERROR - Failed to process telemetry record: KeyError('sm_utilization')
NoneType: None
2026-05-02 02:18:26.543 - records_manager - ERROR - Failed to process telemetry record: KeyError('sm_utilization')
NoneType: None
2026-05-02 02:18:26.905 - records_manager - ERROR - Failed to process telemetry record: KeyError('sm_utilization')
NoneType: None
2026-05-02 02:18:26.905 - records_manager - ERROR - Failed to process telemetry record: KeyError('sm_utilization')
NoneType: None
2026-05-02 02:18:27.271 - records_manager - ERROR - Failed to process telemetry record: KeyError('sm_utilization')
NoneType: None
2026-05-02 02:18:27.271 - records_manager - ERROR - Failed to process telemetry record: KeyError('sm_utilization')
NoneType: None
2026-05-02 02:18:27.630 - records_manager - ERROR - Failed to process telemetry record: KeyError('sm_utilization')
NoneType: None
2026-05-02 02:18:27.631 - records_manager - ERROR - Failed to process telemetry record: KeyError('sm_utilization')
NoneType: None
2026-05-02 02:18:27.987 - records_manager - ERROR - Failed to process telemetry record: KeyError('sm_utilization')
NoneType: None
2026-05-02 02:18:27.988 - records_manager - ERROR - Failed to process telemetry record: KeyError('sm_utilization')
NoneType: None
2026-05-02 02:18:28.350 - records_manager - ERROR - Failed to process telemetry record: KeyError('sm_utilization')
NoneType: None
2026-05-02 02:18:28.351 - records_manager - ERROR - Failed to process telemetry record: KeyError('sm_utilization')
NoneType: None
2026-05-02 02:18:28.710 - records_manager - ERROR - Failed to process telemetry record: KeyError('sm_utilization')
NoneType: None
2026-05-02 02:18:28.711 - records_manager - ERROR - Failed to process telemetry record: KeyError('sm_utilization')
NoneType: None
2026-05-02 02:18:29.066 - records_manager - ERROR - Failed to process telemetry record: KeyError('sm_utilization')
NoneType: None
2026-05-02 02:18:29.067 - records_manager - ERROR - Failed to process telemetry record: KeyError('sm_utilization')
NoneType: None
2026-05-02 02:18:29.423 - records_manager - ERROR - Failed to process telemetry record: KeyError('sm_utilization')
NoneType: None
2026-05-02 02:18:29.423 - records_manager - ERROR - Failed to process telemetry record: KeyError('sm_utilization')
NoneType: None
2026-05-02 02:18:29.780 - records_manager - ERROR - Failed to process telemetry record: KeyError('sm_utilization')
NoneType: None
2026-05-02 02:18:29.781 - records_manager - ERROR - Failed to process telemetry record: KeyError('sm_utilization')
NoneType: None
2026-05-02 02:18:30.142 - records_manager - ERROR - Failed to process telemetry record: KeyError('sm_utilization')
NoneType: None
2026-05-02 02:18:30.143 - records_manager - ERROR - Failed to process telemetry record: KeyError('sm_utilization')
NoneType: None
2026-05-02 02:18:30.504 - records_manager - ERROR - Failed to process telemetry record: KeyError('sm_utilization')
NoneType: None
2026-05-02 02:18:30.505 - records_manager - ERROR - Failed to process telemetry record: KeyError('sm_utilization')
NoneType: None
2026-05-02 02:18:30.866 - records_manager - ERROR - Failed to process telemetry record: KeyError('sm_utilization')
NoneType: None
2026-05-02 02:18:30.867 - records_manager - ERROR - Failed to process telemetry record: KeyError('sm_utilization')
NoneType: None
2026-05-02 02:18:31.223 - records_manager - ERROR - Failed to process telemetry record: KeyError('sm_utilization')
NoneType: None
2026-05-02 02:18:31.224 - records_manager - ERROR - Failed to process telemetry record: KeyError('sm_utilization')
NoneType: None
2026-05-02 02:18:31.581 - records_manager - ERROR - Failed to process telemetry record: KeyError('sm_utilization')
NoneType: None
2026-05-02 02:18:31.594 - records_manager - ERROR - Failed to process telemetry record: KeyError('sm_utilization')
NoneType: None
2026-05-02 02:18:31.941 - records_manager - ERROR - Failed to process telemetry record: KeyError('sm_utilization')
NoneType: None
2026-05-02 02:18:31.941 - records_manager - ERROR - Failed to process telemetry record: KeyError('sm_utilization')
NoneType: None
2026-05-02 02:18:32.299 - records_manager - ERROR - Failed to process telemetry record: KeyError('sm_utilization')
NoneType: None
2026-05-02 02:18:32.300 - records_manager - ERROR - Failed to process telemetry record: KeyError('sm_utilization')
NoneType: None
2026-05-02 02:18:32.663 - records_manager - ERROR - Failed to process telemetry record: KeyError('sm_utilization')
NoneType: None
2026-05-02 02:18:32.664 - records_manager - ERROR - Failed to process telemetry record: KeyError('sm_utilization')
NoneType: None
2026-05-02 02:18:33.031 - records_manager - ERROR - Failed to process telemetry record: KeyError('sm_utilization')
NoneType: None
2026-05-02 02:18:33.032 - records_manager - ERROR - Failed to process telemetry record: KeyError('sm_utilization')
NoneType: None
2026-05-02 02:18:33.388 - records_manager - ERROR - Failed to process telemetry record: KeyError('sm_utilization')
NoneType: None
2026-05-02 02:18:33.389 - records_manager - ERROR - Failed to process telemetry record: KeyError('sm_utilization')
NoneType: None
2026-05-02 02:18:33.744 - records_manager - ERROR - Failed to process telemetry record: KeyError('sm_utilization')
NoneType: None
2026-05-02 02:18:33.745 - records_manager - ERROR - Failed to process telemetry record: KeyError('sm_utilization')
NoneType: None
2026-05-02 02:18:34.101 - records_manager - ERROR - Failed to process telemetry record: KeyError('sm_utilization')
NoneType: None
2026-05-02 02:18:34.102 - records_manager - ERROR - Failed to process telemetry record: KeyError('sm_utilization')
NoneType: None
2026-05-02 02:18:34.463 - records_manager - ERROR - Failed to process telemetry record: KeyError('sm_utilization')
NoneType: None
2026-05-02 02:18:34.464 - records_manager - ERROR - Failed to process telemetry record: KeyError('sm_utilization')
NoneType: None
2026-05-02 02:18:34.823 - records_manager - ERROR - Failed to process telemetry record: KeyError('sm_utilization')
NoneType: None
2026-05-02 02:18:34.824 - records_manager - ERROR - Failed to process telemetry record: KeyError('sm_utilization')
NoneType: None
2026-05-02 02:18:35.180 - records_manager - ERROR - Failed to process telemetry record: KeyError('sm_utilization')
NoneType: None
2026-05-02 02:18:35.181 - records_manager - ERROR - Failed to process telemetry record: KeyError('sm_utilization')
NoneType: None
2026-05-02 02:18:35.540 - records_manager - ERROR - Failed to process telemetry record: KeyError('sm_utilization')
NoneType: None
2026-05-02 02:18:35.541 - records_manager - ERROR - Failed to process telemetry record: KeyError('sm_utilization')
NoneType: None
2026-05-02 02:18:35.906 - records_manager - ERROR - Failed to process telemetry record: KeyError('sm_utilization')
NoneType: None
2026-05-02 02:18:35.907 - records_manager - ERROR - Failed to process telemetry record: KeyError('sm_utilization')
NoneType: None
2026-05-02 02:18:36.266 - records_manager - ERROR - Failed to process telemetry record: KeyError('sm_utilization')
NoneType: None
2026-05-02 02:18:36.267 - records_manager - ERROR - Failed to process telemetry record: KeyError('sm_utilization')
NoneType: None
2026-05-02 02:18:36.623 - records_manager - ERROR - Failed to process telemetry record: KeyError('sm_utilization')
NoneType: None
2026-05-02 02:18:36.623 - records_manager - ERROR - Failed to process telemetry record: KeyError('sm_utilization')
NoneType: None
2026-05-02 02:18:36.982 - records_manager - ERROR - Failed to process telemetry record: KeyError('sm_utilization')
NoneType: None
2026-05-02 02:18:36.982 - records_manager - ERROR - Failed to process telemetry record: KeyError('sm_utilization')
NoneType: None
2026-05-02 02:18:37.347 - records_manager - ERROR - Failed to process telemetry record: KeyError('sm_utilization')
NoneType: None
2026-05-02 02:18:37.350 - records_manager - ERROR - Failed to process telemetry record: KeyError('sm_utilization')
NoneType: None
2026-05-02 02:18:37.708 - records_manager - ERROR - Failed to process telemetry record: KeyError('sm_utilization')
NoneType: None
2026-05-02 02:18:37.709 - records_manager - ERROR - Failed to process telemetry record: KeyError('sm_utilization')
NoneType: None
2026-05-02 02:18:38.064 - records_manager - ERROR - Failed to process telemetry record: KeyError('sm_utilization')
NoneType: None
2026-05-02 02:18:38.065 - records_manager - ERROR - Failed to process telemetry record: KeyError('sm_utilization')
NoneType: None
2026-05-02 02:18:38.423 - records_manager - ERROR - Failed to process telemetry record: KeyError('sm_utilization')
NoneType: None
2026-05-02 02:18:38.424 - records_manager - ERROR - Failed to process telemetry record: KeyError('sm_utilization')
NoneType: None
2026-05-02 02:18:38.784 - records_manager - ERROR - Failed to process telemetry record: KeyError('sm_utilization')
NoneType: None
2026-05-02 02:18:38.785 - records_manager - ERROR - Failed to process telemetry record: KeyError('sm_utilization')
NoneType: None
2026-05-02 02:18:39.144 - records_manager - ERROR - Failed to process telemetry record: KeyError('sm_utilization')
NoneType: None
2026-05-02 02:18:39.145 - records_manager - ERROR - Failed to process telemetry record: KeyError('sm_utilization')
NoneType: None
2026-05-02 02:18:39.501 - records_manager - ERROR - Failed to process telemetry record: KeyError('sm_utilization')
NoneType: None
2026-05-02 02:18:39.502 - records_manager - ERROR - Failed to process telemetry record: KeyError('sm_utilization')
NoneType: None
2026-05-02 02:18:39.866 - records_manager - ERROR - Failed to process telemetry record: KeyError('sm_utilization')
NoneType: None
2026-05-02 02:18:39.866 - records_manager - ERROR - Failed to process telemetry record: KeyError('sm_utilization')
NoneType: None
2026-05-02 02:18:40.224 - records_manager - ERROR - Failed to process telemetry record: KeyError('sm_utilization')
NoneType: None
2026-05-02 02:18:40.224 - records_manager - ERROR - Failed to process telemetry record: KeyError('sm_utilization')
NoneType: None
2026-05-02 02:18:40.582 - records_manager - ERROR - Failed to process telemetry record: KeyError('sm_utilization')
NoneType: None
2026-05-02 02:18:40.583 - records_manager - ERROR - Failed to process telemetry record: KeyError('sm_utilization')
NoneType: None
2026-05-02 02:18:40.942 - records_manager - ERROR - Failed to process telemetry record: KeyError('sm_utilization')
NoneType: None
2026-05-02 02:18:40.943 - records_manager - ERROR - Failed to process telemetry record: KeyError('sm_utilization')
NoneType: None
2026-05-02 02:18:41.302 - records_manager - ERROR - Failed to process telemetry record: KeyError('sm_utilization')
NoneType: None
2026-05-02 02:18:41.303 - records_manager - ERROR - Failed to process telemetry record: KeyError('sm_utilization')
NoneType: None
2026-05-02 02:18:41.662 - records_manager - ERROR - Failed to process telemetry record: KeyError('sm_utilization')
NoneType: None
2026-05-02 02:18:41.664 - records_manager - ERROR - Failed to process telemetry record: KeyError('sm_utilization')
NoneType: None
2026-05-02 02:18:42.024 - records_manager - ERROR - Failed to process telemetry record: KeyError('sm_utilization')
NoneType: None
2026-05-02 02:18:42.024 - records_manager - ERROR - Failed to process telemetry record: KeyError('sm_utilization')
NoneType: None
2026-05-02 02:18:42.390 - records_manager - ERROR - Failed to process telemetry record: KeyError('sm_utilization')
NoneType: None
2026-05-02 02:18:42.390 - records_manager - ERROR - Failed to process telemetry record: KeyError('sm_utilization')
NoneType: None
2026-05-02 02:18:42.753 - records_manager - ERROR - Failed to process telemetry record: KeyError('sm_utilization')
NoneType: None
2026-05-02 02:18:42.753 - records_manager - ERROR - Failed to process telemetry record: KeyError('sm_utilization')
NoneType: None
2026-05-02 02:18:43.115 - records_manager - ERROR - Failed to process telemetry record: KeyError('sm_utilization')
NoneType: None
2026-05-02 02:18:43.117 - records_manager - ERROR - Failed to process telemetry record: KeyError('sm_utilization')
NoneType: None
2026-05-02 02:18:43.475 - records_manager - ERROR - Failed to process telemetry record: KeyError('sm_utilization')
NoneType: None
2026-05-02 02:18:43.475 - records_manager - ERROR - Failed to process telemetry record: KeyError('sm_utilization')
NoneType: None
2026-05-02 02:18:43.830 - records_manager - ERROR - Failed to process telemetry record: KeyError('sm_utilization')
NoneType: None
2026-05-02 02:18:43.831 - records_manager - ERROR - Failed to process telemetry record: KeyError('sm_utilization')
NoneType: None
2026-05-02 02:18:44.191 - records_manager - ERROR - Failed to process telemetry record: KeyError('sm_utilization')
NoneType: None
2026-05-02 02:18:44.192 - records_manager - ERROR - Failed to process telemetry record: KeyError('sm_utilization')
NoneType: None
2026-05-02 02:18:44.551 - records_manager - ERROR - Failed to process telemetry record: KeyError('sm_utilization')
NoneType: None
2026-05-02 02:18:44.552 - records_manager - ERROR - Failed to process telemetry record: KeyError('sm_utilization')
NoneType: None
2026-05-02 02:18:44.910 - records_manager - ERROR - Failed to process telemetry record: KeyError('sm_utilization')
NoneType: None
2026-05-02 02:18:44.911 - records_manager - ERROR - Failed to process telemetry record: KeyError('sm_utilization')
NoneType: None
2026-05-02 02:18:45.266 - records_manager - ERROR - Failed to process telemetry record: KeyError('sm_utilization')
NoneType: None
2026-05-02 02:18:45.267 - records_manager - ERROR - Failed to process telemetry record: KeyError('sm_utilization')
NoneType: None
2026-05-02 02:18:45.625 - records_manager - ERROR - Failed to process telemetry record: KeyError('sm_utilization')
NoneType: None
2026-05-02 02:18:45.626 - records_manager - ERROR - Failed to process telemetry record: KeyError('sm_utilization')
NoneType: None
2026-05-02 02:18:45.985 - records_manager - ERROR - Failed to process telemetry record: KeyError('sm_utilization')
NoneType: None
2026-05-02 02:18:45.987 - records_manager - ERROR - Failed to process telemetry record: KeyError('sm_utilization')
NoneType: None
2026-05-02 02:18:46.344 - records_manager - ERROR - Failed to process telemetry record: KeyError('sm_utilization')
NoneType: None
2026-05-02 02:18:46.344 - records_manager - ERROR - Failed to process telemetry record: KeyError('sm_utilization')
NoneType: None
2026-05-02 02:18:46.705 - records_manager - ERROR - Failed to process telemetry record: KeyError('sm_utilization')
NoneType: None
2026-05-02 02:18:46.711 - records_manager - ERROR - Failed to process telemetry record: KeyError('sm_utilization')
NoneType: None
2026-05-02 02:18:47.070 - records_manager - ERROR - Failed to process telemetry record: KeyError('sm_utilization')
NoneType: None
2026-05-02 02:18:47.072 - records_manager - ERROR - Failed to process telemetry record: KeyError('sm_utilization')
NoneType: None
2026-05-02 02:18:47.429 - records_manager - ERROR - Failed to process telemetry record: KeyError('sm_utilization')
NoneType: None
2026-05-02 02:18:47.430 - records_manager - ERROR - Failed to process telemetry record: KeyError('sm_utilization')
NoneType: None
2026-05-02 02:18:47.787 - records_manager - ERROR - Failed to process telemetry record: KeyError('sm_utilization')
NoneType: None
2026-05-02 02:18:47.787 - records_manager - ERROR - Failed to process telemetry record: KeyError('sm_utilization')
NoneType: None
2026-05-02 02:18:48.143 - records_manager - ERROR - Failed to process telemetry record: KeyError('sm_utilization')
NoneType: None
2026-05-02 02:18:48.144 - records_manager - ERROR - Failed to process telemetry record: KeyError('sm_utilization')
NoneType: None
2026-05-02 02:18:48.503 - records_manager - ERROR - Failed to process telemetry record: KeyError('sm_utilization')
NoneType: None
2026-05-02 02:18:48.504 - records_manager - ERROR - Failed to process telemetry record: KeyError('sm_utilization')
NoneType: None
2026-05-02 02:18:48.864 - records_manager - ERROR - Failed to process telemetry record: KeyError('sm_utilization')
NoneType: None
2026-05-02 02:18:48.865 - records_manager - ERROR - Failed to process telemetry record: KeyError('sm_utilization')
NoneType: None
2026-05-02 02:18:49.221 - records_manager - ERROR - Failed to process telemetry record: KeyError('sm_utilization')
NoneType: None
2026-05-02 02:18:49.222 - records_manager - ERROR - Failed to process telemetry record: KeyError('sm_utilization')
NoneType: None
2026-05-02 02:18:49.582 - records_manager - ERROR - Failed to process telemetry record: KeyError('sm_utilization')
NoneType: None
2026-05-02 02:18:49.583 - records_manager - ERROR - Failed to process telemetry record: KeyError('sm_utilization')
NoneType: None
2026-05-02 02:18:49.939 - records_manager - ERROR - Failed to process telemetry record: KeyError('sm_utilization')
NoneType: None
2026-05-02 02:18:49.940 - records_manager - ERROR - Failed to process telemetry record: KeyError('sm_utilization')
NoneType: None
2026-05-02 02:18:50.294 - records_manager - ERROR - Failed to process telemetry record: KeyError('sm_utilization')
NoneType: None
2026-05-02 02:18:50.295 - records_manager - ERROR - Failed to process telemetry record: KeyError('sm_utilization')
NoneType: None
2026-05-02 02:18:50.659 - records_manager - ERROR - Failed to process telemetry record: KeyError('sm_utilization')
NoneType: None
2026-05-02 02:18:50.659 - records_manager - ERROR - Failed to process telemetry record: KeyError('sm_utilization')
NoneType: None
2026-05-02 02:18:51.021 - records_manager - ERROR - Failed to process telemetry record: KeyError('sm_utilization')
NoneType: None
2026-05-02 02:18:51.022 - records_manager - ERROR - Failed to process telemetry record: KeyError('sm_utilization')
NoneType: None
2026-05-02 02:18:51.377 - records_manager - ERROR - Failed to process telemetry record: KeyError('sm_utilization')
NoneType: None
2026-05-02 02:18:51.378 - records_manager - ERROR - Failed to process telemetry record: KeyError('sm_utilization')
NoneType: None
2026-05-02 02:18:51.738 - records_manager - ERROR - Failed to process telemetry record: KeyError('sm_utilization')
NoneType: None
2026-05-02 02:18:51.738 - records_manager - ERROR - Failed to process telemetry record: KeyError('sm_utilization')
NoneType: None
2026-05-02 02:18:52.108 - records_manager - ERROR - Failed to process telemetry record: KeyError('sm_utilization')
NoneType: None
2026-05-02 02:18:52.108 - records_manager - ERROR - Failed to process telemetry record: KeyError('sm_utilization')
NoneType: None
2026-05-02 02:18:52.466 - records_manager - ERROR - Failed to process telemetry record: KeyError('sm_utilization')
NoneType: None
2026-05-02 02:18:52.467 - records_manager - ERROR - Failed to process telemetry record: KeyError('sm_utilization')
NoneType: None
2026-05-02 02:18:52.825 - records_manager - ERROR - Failed to process telemetry record: KeyError('sm_utilization')
NoneType: None
2026-05-02 02:18:52.826 - records_manager - ERROR - Failed to process telemetry record: KeyError('sm_utilization')
NoneType: None
2026-05-02 02:18:53.185 - records_manager - ERROR - Failed to process telemetry record: KeyError('sm_utilization')
NoneType: None
2026-05-02 02:18:53.186 - records_manager - ERROR - Failed to process telemetry record: KeyError('sm_utilization')
NoneType: None
2026-05-02 02:18:53.543 - records_manager - ERROR - Failed to process telemetry record: KeyError('sm_utilization')
NoneType: None
2026-05-02 02:18:53.548 - records_manager - ERROR - Failed to process telemetry record: KeyError('sm_utilization')
NoneType: None
2026-05-02 02:18:53.903 - records_manager - ERROR - Failed to process telemetry record: KeyError('sm_utilization')
NoneType: None
2026-05-02 02:18:53.903 - records_manager - ERROR - Failed to process telemetry record: KeyError('sm_utilization')
NoneType: None
2026-05-02 02:18:54.265 - records_manager - ERROR - Failed to process telemetry record: KeyError('sm_utilization')
NoneType: None
2026-05-02 02:18:54.266 - records_manager - ERROR - Failed to process telemetry record: KeyError('sm_utilization')
NoneType: None
2026-05-02 02:18:54.624 - records_manager - ERROR - Failed to process telemetry record: KeyError('sm_utilization')
NoneType: None
2026-05-02 02:18:54.625 - records_manager - ERROR - Failed to process telemetry record: KeyError('sm_utilization')
NoneType: None
2026-05-02 02:18:54.981 - records_manager - ERROR - Failed to process telemetry record: KeyError('sm_utilization')
NoneType: None
2026-05-02 02:18:54.986 - records_manager - ERROR - Failed to process telemetry record: KeyError('sm_utilization')
NoneType: None
2026-05-02 02:18:55.339 - records_manager - ERROR - Failed to process telemetry record: KeyError('sm_utilization')
NoneType: None
2026-05-02 02:18:55.339 - records_manager - ERROR - Failed to process telemetry record: KeyError('sm_utilization')
NoneType: None
2026-05-02 02:18:55.695 - records_manager - ERROR - Failed to process telemetry record: KeyError('sm_utilization')
NoneType: None
2026-05-02 02:18:55.696 - records_manager - ERROR - Failed to process telemetry record: KeyError('sm_utilization')
NoneType: None
2026-05-02 02:18:56.065 - records_manager - ERROR - Failed to process telemetry record: KeyError('sm_utilization')
NoneType: None
2026-05-02 02:18:56.067 - records_manager - ERROR - Failed to process telemetry record: KeyError('sm_utilization')
NoneType: None
2026-05-02 02:18:56.428 - records_manager - ERROR - Failed to process telemetry record: KeyError('sm_utilization')
NoneType: None
2026-05-02 02:18:56.430 - records_manager - ERROR - Failed to process telemetry record: KeyError('sm_utilization')
NoneType: None
2026-05-02 02:18:56.795 - records_manager - ERROR - Failed to process telemetry record: KeyError('sm_utilization')
NoneType: None
2026-05-02 02:18:56.796 - records_manager - ERROR - Failed to process telemetry record: KeyError('sm_utilization')
NoneType: None
2026-05-02 02:18:57.159 - records_manager - ERROR - Failed to process telemetry record: KeyError('sm_utilization')
NoneType: None
2026-05-02 02:18:57.160 - records_manager - ERROR - Failed to process telemetry record: KeyError('sm_utilization')
NoneType: None
2026-05-02 02:18:57.521 - records_manager - ERROR - Failed to process telemetry record: KeyError('sm_utilization')
NoneType: None
2026-05-02 02:18:57.521 - records_manager - ERROR - Failed to process telemetry record: KeyError('sm_utilization')
NoneType: None
2026-05-02 02:18:57.877 - records_manager - ERROR - Failed to process telemetry record: KeyError('sm_utilization')
NoneType: None
2026-05-02 02:18:57.878 - records_manager - ERROR - Failed to process telemetry record: KeyError('sm_utilization')
NoneType: None
2026-05-02 02:18:58.235 - records_manager - ERROR - Failed to process telemetry record: KeyError('sm_utilization')
NoneType: None
2026-05-02 02:18:58.236 - records_manager - ERROR - Failed to process telemetry record: KeyError('sm_utilization')
NoneType: None
2026-05-02 02:18:58.590 - records_manager - ERROR - Failed to process telemetry record: KeyError('sm_utilization')
NoneType: None
2026-05-02 02:18:58.591 - records_manager - ERROR - Failed to process telemetry record: KeyError('sm_utilization')
NoneType: None
2026-05-02 02:18:58.953 - records_manager - ERROR - Failed to process telemetry record: KeyError('sm_utilization')
NoneType: None
2026-05-02 02:18:58.954 - records_manager - ERROR - Failed to process telemetry record: KeyError('sm_utilization')
NoneType: None
2026-05-02 02:18:59.312 - records_manager - ERROR - Failed to process telemetry record: KeyError('sm_utilization')
NoneType: None
2026-05-02 02:18:59.312 - records_manager - ERROR - Failed to process telemetry record: KeyError('sm_utilization')
NoneType: None
2026-05-02 02:18:59.672 - records_manager - ERROR - Failed to process telemetry record: KeyError('sm_utilization')
NoneType: None
2026-05-02 02:18:59.673 - records_manager - ERROR - Failed to process telemetry record: KeyError('sm_utilization')
NoneType: None
2026-05-02 02:19:00.033 - records_manager - ERROR - Failed to process telemetry record: KeyError('sm_utilization')
NoneType: None
2026-05-02 02:19:00.034 - records_manager - ERROR - Failed to process telemetry record: KeyError('sm_utilization')
NoneType: None
2026-05-02 02:19:00.389 - records_manager - ERROR - Failed to process telemetry record: KeyError('sm_utilization')
NoneType: None
2026-05-02 02:19:00.390 - records_manager - ERROR - Failed to process telemetry record: KeyError('sm_utilization')
NoneType: None
2026-05-02 02:19:00.745 - records_manager - ERROR - Failed to process telemetry record: KeyError('sm_utilization')
NoneType: None
2026-05-02 02:19:00.746 - records_manager - ERROR - Failed to process telemetry record: KeyError('sm_utilization')
NoneType: None
2026-05-02 02:19:01.113 - records_manager - ERROR - Failed to process telemetry record: KeyError('sm_utilization')
NoneType: None
2026-05-02 02:19:01.113 - records_manager - ERROR - Failed to process telemetry record: KeyError('sm_utilization')
NoneType: None
2026-05-02 02:19:01.469 - records_manager - ERROR - Failed to process telemetry record: KeyError('sm_utilization')
NoneType: None
2026-05-02 02:19:01.470 - records_manager - ERROR - Failed to process telemetry record: KeyError('sm_utilization')
NoneType: None
2026-05-02 02:19:01.827 - records_manager - ERROR - Failed to process telemetry record: KeyError('sm_utilization')
NoneType: None
2026-05-02 02:19:01.828 - records_manager - ERROR - Failed to process telemetry record: KeyError('sm_utilization')
NoneType: None
2026-05-02 02:19:02.183 - records_manager - ERROR - Failed to process telemetry record: KeyError('sm_utilization')
NoneType: None
2026-05-02 02:19:02.184 - records_manager - ERROR - Failed to process telemetry record: KeyError('sm_utilization')
NoneType: None
2026-05-02 02:19:02.542 - records_manager - ERROR - Failed to process telemetry record: KeyError('sm_utilization')
NoneType: None
2026-05-02 02:19:02.543 - records_manager - ERROR - Failed to process telemetry record: KeyError('sm_utilization')
NoneType: None
2026-05-02 02:19:02.933 - records_manager - ERROR - Failed to process telemetry record: KeyError('sm_utilization')
NoneType: None
2026-05-02 02:19:02.933 - records_manager - ERROR - Failed to process telemetry record: KeyError('sm_utilization')
NoneType: None
2026-05-02 02:19:03.296 - records_manager - ERROR - Failed to process telemetry record: KeyError('sm_utilization')
NoneType: None
2026-05-02 02:19:03.296 - records_manager - ERROR - Failed to process telemetry record: KeyError('sm_utilization')
NoneType: None
2026-05-02 02:19:03.657 - records_manager - ERROR - Failed to process telemetry record: KeyError('sm_utilization')
NoneType: None
2026-05-02 02:19:03.658 - records_manager - ERROR - Failed to process telemetry record: KeyError('sm_utilization')
NoneType: None
2026-05-02 02:19:04.018 - records_manager - ERROR - Failed to process telemetry record: KeyError('sm_utilization')
NoneType: None
2026-05-02 02:19:04.019 - records_manager - ERROR - Failed to process telemetry record: KeyError('sm_utilization')
NoneType: None
2026-05-02 02:19:04.378 - records_manager - ERROR - Failed to process telemetry record: KeyError('sm_utilization')
NoneType: None
2026-05-02 02:19:04.379 - records_manager - ERROR - Failed to process telemetry record: KeyError('sm_utilization')
NoneType: None
2026-05-02 02:19:04.739 - records_manager - ERROR - Failed to process telemetry record: KeyError('sm_utilization')
NoneType: None
2026-05-02 02:19:04.740 - records_manager - ERROR - Failed to process telemetry record: KeyError('sm_utilization')
NoneType: None
2026-05-02 02:19:05.096 - records_manager - ERROR - Failed to process telemetry record: KeyError('sm_utilization')
NoneType: None
2026-05-02 02:19:05.096 - records_manager - ERROR - Failed to process telemetry record: KeyError('sm_utilization')
NoneType: None
2026-05-02 02:19:05.453 - records_manager - ERROR - Failed to process telemetry record: KeyError('sm_utilization')
NoneType: None
2026-05-02 02:19:05.454 - records_manager - ERROR - Failed to process telemetry record: KeyError('sm_utilization')
NoneType: None
2026-05-02 02:19:05.816 - records_manager - ERROR - Failed to process telemetry record: KeyError('sm_utilization')
NoneType: None
2026-05-02 02:19:05.817 - records_manager - ERROR - Failed to process telemetry record: KeyError('sm_utilization')
NoneType: None
2026-05-02 02:19:06.173 - records_manager - ERROR - Failed to process telemetry record: KeyError('sm_utilization')
NoneType: None
2026-05-02 02:19:06.174 - records_manager - ERROR - Failed to process telemetry record: KeyError('sm_utilization')
NoneType: None
2026-05-02 02:19:06.540 - records_manager - ERROR - Failed to process telemetry record: KeyError('sm_utilization')
NoneType: None
2026-05-02 02:19:06.540 - records_manager - ERROR - Failed to process telemetry record: KeyError('sm_utilization')
NoneType: None
2026-05-02 02:19:06.901 - records_manager - ERROR - Failed to process telemetry record: KeyError('sm_utilization')
NoneType: None
2026-05-02 02:19:06.901 - records_manager - ERROR - Failed to process telemetry record: KeyError('sm_utilization')
NoneType: None
2026-05-02 02:19:07.261 - records_manager - ERROR - Failed to process telemetry record: KeyError('sm_utilization')
NoneType: None
2026-05-02 02:19:07.262 - records_manager - ERROR - Failed to process telemetry record: KeyError('sm_utilization')
NoneType: None
2026-05-02 02:19:07.624 - records_manager - ERROR - Failed to process telemetry record: KeyError('sm_utilization')
NoneType: None
2026-05-02 02:19:07.625 - records_manager - ERROR - Failed to process telemetry record: KeyError('sm_utilization')
NoneType: None
2026-05-02 02:19:07.984 - records_manager - ERROR - Failed to process telemetry record: KeyError('sm_utilization')
NoneType: None
2026-05-02 02:19:07.984 - records_manager - ERROR - Failed to process telemetry record: KeyError('sm_utilization')
NoneType: None
2026-05-02 02:19:08.340 - records_manager - ERROR - Failed to process telemetry record: KeyError('sm_utilization')
NoneType: None
2026-05-02 02:19:08.341 - records_manager - ERROR - Failed to process telemetry record: KeyError('sm_utilization')
NoneType: None
2026-05-02 02:19:08.697 - records_manager - ERROR - Failed to process telemetry record: KeyError('sm_utilization')
NoneType: None
2026-05-02 02:19:08.698 - records_manager - ERROR - Failed to process telemetry record: KeyError('sm_utilization')
NoneType: None
2026-05-02 02:19:09.054 - records_manager - ERROR - Failed to process telemetry record: KeyError('sm_utilization')
NoneType: None
2026-05-02 02:19:09.058 - records_manager - ERROR - Failed to process telemetry record: KeyError('sm_utilization')
NoneType: None
2026-05-02 02:19:09.417 - records_manager - ERROR - Failed to process telemetry record: KeyError('sm_utilization')
NoneType: None
2026-05-02 02:19:09.418 - records_manager - ERROR - Failed to process telemetry record: KeyError('sm_utilization')
NoneType: None
2026-05-02 02:19:09.773 - records_manager - ERROR - Failed to process telemetry record: KeyError('sm_utilization')
NoneType: None
2026-05-02 02:19:09.774 - records_manager - ERROR - Failed to process telemetry record: KeyError('sm_utilization')
NoneType: None
2026-05-02 02:19:10.135 - records_manager - ERROR - Failed to process telemetry record: KeyError('sm_utilization')
NoneType: None
2026-05-02 02:19:10.135 - records_manager - ERROR - Failed to process telemetry record: KeyError('sm_utilization')
NoneType: None
2026-05-02 02:19:10.495 - records_manager - ERROR - Failed to process telemetry record: KeyError('sm_utilization')
NoneType: None
2026-05-02 02:19:10.513 - records_manager - ERROR - Failed to process telemetry record: KeyError('sm_utilization')
NoneType: None
2026-05-02 02:19:10.859 - records_manager - ERROR - Failed to process telemetry record: KeyError('sm_utilization')
NoneType: None
2026-05-02 02:19:10.860 - records_manager - ERROR - Failed to process telemetry record: KeyError('sm_utilization')
NoneType: None
2026-05-02 02:19:11.230 - records_manager - ERROR - Failed to process telemetry record: KeyError('sm_utilization')
NoneType: None
2026-05-02 02:19:11.231 - records_manager - ERROR - Failed to process telemetry record: KeyError('sm_utilization')
NoneType: None
2026-05-02 02:19:11.591 - records_manager - ERROR - Failed to process telemetry record: KeyError('sm_utilization')
NoneType: None
2026-05-02 02:19:11.592 - records_manager - ERROR - Failed to process telemetry record: KeyError('sm_utilization')
NoneType: None
2026-05-02 02:19:11.949 - records_manager - ERROR - Failed to process telemetry record: KeyError('sm_utilization')
NoneType: None
2026-05-02 02:19:11.950 - records_manager - ERROR - Failed to process telemetry record: KeyError('sm_utilization')
NoneType: None
2026-05-02 02:19:12.313 - records_manager - ERROR - Failed to process telemetry record: KeyError('sm_utilization')
NoneType: None
2026-05-02 02:19:12.314 - records_manager - ERROR - Failed to process telemetry record: KeyError('sm_utilization')
NoneType: None
2026-05-02 02:19:12.673 - records_manager - ERROR - Failed to process telemetry record: KeyError('sm_utilization')
NoneType: None
2026-05-02 02:19:12.673 - records_manager - ERROR - Failed to process telemetry record: KeyError('sm_utilization')
NoneType: None
2026-05-02 02:19:13.030 - records_manager - ERROR - Failed to process telemetry record: KeyError('sm_utilization')
NoneType: None
2026-05-02 02:19:13.031 - records_manager - ERROR - Failed to process telemetry record: KeyError('sm_utilization')
NoneType: None
2026-05-02 02:19:13.387 - records_manager - ERROR - Failed to process telemetry record: KeyError('sm_utilization')
NoneType: None
2026-05-02 02:19:13.388 - records_manager - ERROR - Failed to process telemetry record: KeyError('sm_utilization')
NoneType: None
2026-05-02 02:19:13.747 - records_manager - ERROR - Failed to process telemetry record: KeyError('sm_utilization')
NoneType: None
2026-05-02 02:19:13.748 - records_manager - ERROR - Failed to process telemetry record: KeyError('sm_utilization')
NoneType: None
2026-05-02 02:19:14.107 - records_manager - ERROR - Failed to process telemetry record: KeyError('sm_utilization')
NoneType: None
2026-05-02 02:19:14.108 - records_manager - ERROR - Failed to process telemetry record: KeyError('sm_utilization')
NoneType: None
2026-05-02 02:19:14.471 - records_manager - ERROR - Failed to process telemetry record: KeyError('sm_utilization')
NoneType: None
2026-05-02 02:19:14.471 - records_manager - ERROR - Failed to process telemetry record: KeyError('sm_utilization')
NoneType: None
2026-05-02 02:19:14.828 - records_manager - ERROR - Failed to process telemetry record: KeyError('sm_utilization')
NoneType: None
2026-05-02 02:19:14.829 - records_manager - ERROR - Failed to process telemetry record: KeyError('sm_utilization')
NoneType: None
2026-05-02 02:19:15.190 - records_manager - ERROR - Failed to process telemetry record: KeyError('sm_utilization')
NoneType: None
2026-05-02 02:19:15.191 - records_manager - ERROR - Failed to process telemetry record: KeyError('sm_utilization')
NoneType: None
2026-05-02 02:19:15.549 - records_manager - ERROR - Failed to process telemetry record: KeyError('sm_utilization')
NoneType: None
2026-05-02 02:19:15.552 - records_manager - ERROR - Failed to process telemetry record: KeyError('sm_utilization')
NoneType: None
2026-05-02 02:19:15.907 - records_manager - ERROR - Failed to process telemetry record: KeyError('sm_utilization')
NoneType: None
2026-05-02 02:19:15.907 - records_manager - ERROR - Failed to process telemetry record: KeyError('sm_utilization')
NoneType: None
2026-05-02 02:19:16.268 - records_manager - ERROR - Failed to process telemetry record: KeyError('sm_utilization')
NoneType: None
2026-05-02 02:19:16.292 - records_manager - ERROR - Failed to process telemetry record: KeyError('sm_utilization')
NoneType: None
2026-05-02 02:19:16.626 - records_manager - ERROR - Failed to process telemetry record: KeyError('sm_utilization')
NoneType: None
2026-05-02 02:19:16.628 - records_manager - ERROR - Failed to process telemetry record: KeyError('sm_utilization')
NoneType: None
2026-05-02 02:19:16.982 - records_manager - ERROR - Failed to process telemetry record: KeyError('sm_utilization')
NoneType: None
2026-05-02 02:19:16.983 - records_manager - ERROR - Failed to process telemetry record: KeyError('sm_utilization')
NoneType: None
2026-05-02 02:19:17.339 - records_manager - ERROR - Failed to process telemetry record: KeyError('sm_utilization')
NoneType: None
2026-05-02 02:19:17.340 - records_manager - ERROR - Failed to process telemetry record: KeyError('sm_utilization')
NoneType: None
2026-05-02 02:19:17.695 - records_manager - ERROR - Failed to process telemetry record: KeyError('sm_utilization')
NoneType: None
2026-05-02 02:19:17.701 - records_manager - ERROR - Failed to process telemetry record: KeyError('sm_utilization')
NoneType: None
2026-05-02 02:19:18.053 - records_manager - ERROR - Failed to process telemetry record: KeyError('sm_utilization')
NoneType: None
2026-05-02 02:19:18.054 - records_manager - ERROR - Failed to process telemetry record: KeyError('sm_utilization')
NoneType: None
2026-05-02 02:19:18.416 - records_manager - ERROR - Failed to process telemetry record: KeyError('sm_utilization')
NoneType: None
2026-05-02 02:19:18.416 - records_manager - ERROR - Failed to process telemetry record: KeyError('sm_utilization')
NoneType: None
2026-05-02 02:19:18.781 - records_manager - ERROR - Failed to process telemetry record: KeyError('sm_utilization')
NoneType: None
2026-05-02 02:19:18.789 - records_manager - ERROR - Failed to process telemetry record: KeyError('sm_utilization')
NoneType: None
2026-05-02 02:19:19.145 - records_manager - ERROR - Failed to process telemetry record: KeyError('sm_utilization')
NoneType: None
2026-05-02 02:19:19.146 - records_manager - ERROR - Failed to process telemetry record: KeyError('sm_utilization')
NoneType: None
2026-05-02 02:19:19.504 - records_manager - ERROR - Failed to process telemetry record: KeyError('sm_utilization')
NoneType: None
2026-05-02 02:19:19.504 - records_manager - ERROR - Failed to process telemetry record: KeyError('sm_utilization')
NoneType: None
2026-05-02 02:19:19.868 - records_manager - ERROR - Failed to process telemetry record: KeyError('sm_utilization')
NoneType: None
2026-05-02 02:19:19.873 - records_manager - ERROR - Failed to process telemetry record: KeyError('sm_utilization')
NoneType: None
2026-05-02 02:19:20.229 - records_manager - ERROR - Failed to process telemetry record: KeyError('sm_utilization')
NoneType: None
2026-05-02 02:19:20.232 - records_manager - ERROR - Failed to process telemetry record: KeyError('sm_utilization')
NoneType: None
2026-05-02 02:19:20.585 - records_manager - ERROR - Failed to process telemetry record: KeyError('sm_utilization')
NoneType: None
2026-05-02 02:19:20.587 - records_manager - ERROR - Failed to process telemetry record: KeyError('sm_utilization')
NoneType: None
2026-05-02 02:19:20.944 - records_manager - ERROR - Failed to process telemetry record: KeyError('sm_utilization')
NoneType: None
2026-05-02 02:19:20.945 - records_manager - ERROR - Failed to process telemetry record: KeyError('sm_utilization')
NoneType: None
2026-05-02 02:19:21.301 - records_manager - ERROR - Failed to process telemetry record: KeyError('sm_utilization')
NoneType: None
2026-05-02 02:19:21.302 - records_manager - ERROR - Failed to process telemetry record: KeyError('sm_utilization')
NoneType: None
2026-05-02 02:19:21.658 - records_manager - ERROR - Failed to process telemetry record: KeyError('sm_utilization')
NoneType: None
2026-05-02 02:19:21.659 - records_manager - ERROR - Failed to process telemetry record: KeyError('sm_utilization')
NoneType: None
2026-05-02 02:19:22.027 - records_manager - ERROR - Failed to process telemetry record: KeyError('sm_utilization')
NoneType: None
2026-05-02 02:19:22.028 - records_manager - ERROR - Failed to process telemetry record: KeyError('sm_utilization')
NoneType: None
2026-05-02 02:19:22.385 - records_manager - ERROR - Failed to process telemetry record: KeyError('sm_utilization')
NoneType: None
2026-05-02 02:19:22.386 - records_manager - ERROR - Failed to process telemetry record: KeyError('sm_utilization')
NoneType: None
2026-05-02 02:19:22.741 - records_manager - ERROR - Failed to process telemetry record: KeyError('sm_utilization')
NoneType: None
2026-05-02 02:19:22.742 - records_manager - ERROR - Failed to process telemetry record: KeyError('sm_utilization')
NoneType: None
2026-05-02 02:19:23.103 - records_manager - ERROR - Failed to process telemetry record: KeyError('sm_utilization')
NoneType: None
2026-05-02 02:19:23.104 - records_manager - ERROR - Failed to process telemetry record: KeyError('sm_utilization')
NoneType: None
2026-05-02 02:19:23.471 - records_manager - ERROR - Failed to process telemetry record: KeyError('sm_utilization')
NoneType: None
2026-05-02 02:19:23.471 - records_manager - ERROR - Failed to process telemetry record: KeyError('sm_utilization')
NoneType: None
2026-05-02 02:19:23.830 - records_manager - ERROR - Failed to process telemetry record: KeyError('sm_utilization')
NoneType: None
2026-05-02 02:19:23.831 - records_manager - ERROR - Failed to process telemetry record: KeyError('sm_utilization')
NoneType: None
2026-05-02 02:19:24.188 - records_manager - ERROR - Failed to process telemetry record: KeyError('sm_utilization')
NoneType: None
2026-05-02 02:19:24.188 - records_manager - ERROR - Failed to process telemetry record: KeyError('sm_utilization')
NoneType: None
2026-05-02 02:19:24.545 - records_manager - ERROR - Failed to process telemetry record: KeyError('sm_utilization')
NoneType: None
2026-05-02 02:19:24.545 - records_manager - ERROR - Failed to process telemetry record: KeyError('sm_utilization')
NoneType: None
2026-05-02 02:19:24.902 - records_manager - ERROR - Failed to process telemetry record: KeyError('sm_utilization')
NoneType: None
2026-05-02 02:19:24.903 - records_manager - ERROR - Failed to process telemetry record: KeyError('sm_utilization')
NoneType: None
2026-05-02 02:19:25.259 - records_manager - ERROR - Failed to process telemetry record: KeyError('sm_utilization')
NoneType: None
2026-05-02 02:19:25.260 - records_manager - ERROR - Failed to process telemetry record: KeyError('sm_utilization')
NoneType: None
2026-05-02 02:19:25.619 - records_manager - ERROR - Failed to process telemetry record: KeyError('sm_utilization')
NoneType: None
2026-05-02 02:19:25.620 - records_manager - ERROR - Failed to process telemetry record: KeyError('sm_utilization')
NoneType: None
2026-05-02 02:19:25.976 - records_manager - ERROR - Failed to process telemetry record: KeyError('sm_utilization')
NoneType: None
2026-05-02 02:19:25.977 - records_manager - ERROR - Failed to process telemetry record: KeyError('sm_utilization')
NoneType: None
2026-05-02 02:19:26.339 - records_manager - ERROR - Failed to process telemetry record: KeyError('sm_utilization')
NoneType: None
2026-05-02 02:19:26.339 - records_manager - ERROR - Failed to process telemetry record: KeyError('sm_utilization')
NoneType: None
2026-05-02 02:19:26.701 - records_manager - ERROR - Failed to process telemetry record: KeyError('sm_utilization')
NoneType: None
2026-05-02 02:19:26.702 - records_manager - ERROR - Failed to process telemetry record: KeyError('sm_utilization')
NoneType: None
2026-05-02 02:19:27.066 - records_manager - ERROR - Failed to process telemetry record: KeyError('sm_utilization')
NoneType: None
2026-05-02 02:19:27.067 - records_manager - ERROR - Failed to process telemetry record: KeyError('sm_utilization')
NoneType: None
2026-05-02 02:19:27.428 - records_manager - ERROR - Failed to process telemetry record: KeyError('sm_utilization')
NoneType: None
2026-05-02 02:19:27.429 - records_manager - ERROR - Failed to process telemetry record: KeyError('sm_utilization')
NoneType: None
2026-05-02 02:19:27.789 - records_manager - ERROR - Failed to process telemetry record: KeyError('sm_utilization')
NoneType: None
2026-05-02 02:19:27.790 - records_manager - ERROR - Failed to process telemetry record: KeyError('sm_utilization')
NoneType: None
2026-05-02 02:19:28.146 - records_manager - ERROR - Failed to process telemetry record: KeyError('sm_utilization')
NoneType: None
2026-05-02 02:19:28.147 - records_manager - ERROR - Failed to process telemetry record: KeyError('sm_utilization')
NoneType: None
2026-05-02 02:19:28.504 - records_manager - ERROR - Failed to process telemetry record: KeyError('sm_utilization')
NoneType: None
2026-05-02 02:19:28.505 - records_manager - ERROR - Failed to process telemetry record: KeyError('sm_utilization')
NoneType: None
2026-05-02 02:19:28.861 - records_manager - ERROR - Failed to process telemetry record: KeyError('sm_utilization')
NoneType: None
2026-05-02 02:19:28.862 - records_manager - ERROR - Failed to process telemetry record: KeyError('sm_utilization')
NoneType: None
2026-05-02 02:19:29.220 - records_manager - ERROR - Failed to process telemetry record: KeyError('sm_utilization')
NoneType: None
2026-05-02 02:19:29.220 - records_manager - ERROR - Failed to process telemetry record: KeyError('sm_utilization')
NoneType: None
2026-05-02 02:19:29.577 - records_manager - ERROR - Failed to process telemetry record: KeyError('sm_utilization')
NoneType: None
2026-05-02 02:19:29.578 - records_manager - ERROR - Failed to process telemetry record: KeyError('sm_utilization')
NoneType: None
2026-05-02 02:19:29.934 - records_manager - ERROR - Failed to process telemetry record: KeyError('sm_utilization')
NoneType: None
2026-05-02 02:19:29.934 - records_manager - ERROR - Failed to process telemetry record: KeyError('sm_utilization')
NoneType: None
2026-05-02 02:19:30.297 - records_manager - ERROR - Failed to process telemetry record: KeyError('sm_utilization')
NoneType: None
2026-05-02 02:19:30.298 - records_manager - ERROR - Failed to process telemetry record: KeyError('sm_utilization')
NoneType: None
2026-05-02 02:19:30.659 - records_manager - ERROR - Failed to process telemetry record: KeyError('sm_utilization')
NoneType: None
2026-05-02 02:19:30.659 - records_manager - ERROR - Failed to process telemetry record: KeyError('sm_utilization')
NoneType: None
2026-05-02 02:19:31.032 - records_manager - ERROR - Failed to process telemetry record: KeyError('sm_utilization')
NoneType: None
2026-05-02 02:19:31.033 - records_manager - ERROR - Failed to process telemetry record: KeyError('sm_utilization')
NoneType: None
2026-05-02 02:19:31.395 - records_manager - ERROR - Failed to process telemetry record: KeyError('sm_utilization')
NoneType: None
2026-05-02 02:19:31.396 - records_manager - ERROR - Failed to process telemetry record: KeyError('sm_utilization')
NoneType: None
2026-05-02 02:19:31.757 - records_manager - ERROR - Failed to process telemetry record: KeyError('sm_utilization')
NoneType: None
2026-05-02 02:19:31.758 - records_manager - ERROR - Failed to process telemetry record: KeyError('sm_utilization')
NoneType: None
2026-05-02 02:19:32.120 - records_manager - ERROR - Failed to process telemetry record: KeyError('sm_utilization')
NoneType: None
2026-05-02 02:19:32.121 - records_manager - ERROR - Failed to process telemetry record: KeyError('sm_utilization')
NoneType: None
2026-05-02 02:19:32.483 - records_manager - ERROR - Failed to process telemetry record: KeyError('sm_utilization')
NoneType: None
2026-05-02 02:19:32.484 - records_manager - ERROR - Failed to process telemetry record: KeyError('sm_utilization')
NoneType: None
2026-05-02 02:19:32.846 - records_manager - ERROR - Failed to process telemetry record: KeyError('sm_utilization')
NoneType: None
2026-05-02 02:19:32.847 - records_manager - ERROR - Failed to process telemetry record: KeyError('sm_utilization')
NoneType: None
2026-05-02 02:19:33.204 - records_manager - ERROR - Failed to process telemetry record: KeyError('sm_utilization')
NoneType: None
2026-05-02 02:19:33.205 - records_manager - ERROR - Failed to process telemetry record: KeyError('sm_utilization')
NoneType: None
2026-05-02 02:19:33.560 - records_manager - ERROR - Failed to process telemetry record: KeyError('sm_utilization')
NoneType: None
2026-05-02 02:19:33.561 - records_manager - ERROR - Failed to process telemetry record: KeyError('sm_utilization')
NoneType: None
2026-05-02 02:19:33.920 - records_manager - ERROR - Failed to process telemetry record: KeyError('sm_utilization')
NoneType: None
2026-05-02 02:19:33.921 - records_manager - ERROR - Failed to process telemetry record: KeyError('sm_utilization')
NoneType: None
2026-05-02 02:19:34.278 - records_manager - ERROR - Failed to process telemetry record: KeyError('sm_utilization')
NoneType: None
2026-05-02 02:19:34.279 - records_manager - ERROR - Failed to process telemetry record: KeyError('sm_utilization')
NoneType: None
2026-05-02 02:19:34.659 - records_manager - ERROR - Failed to process telemetry record: KeyError('sm_utilization')
NoneType: None
2026-05-02 02:19:34.660 - records_manager - ERROR - Failed to process telemetry record: KeyError('sm_utilization')
NoneType: None
2026-05-02 02:19:35.021 - records_manager - ERROR - Failed to process telemetry record: KeyError('sm_utilization')
NoneType: None
2026-05-02 02:19:35.024 - records_manager - ERROR - Failed to process telemetry record: KeyError('sm_utilization')
NoneType: None
2026-05-02 02:19:35.378 - records_manager - ERROR - Failed to process telemetry record: KeyError('sm_utilization')
NoneType: None
2026-05-02 02:19:35.378 - records_manager - ERROR - Failed to process telemetry record: KeyError('sm_utilization')
NoneType: None
2026-05-02 02:19:35.735 - records_manager - ERROR - Failed to process telemetry record: KeyError('sm_utilization')
NoneType: None
2026-05-02 02:19:35.736 - records_manager - ERROR - Failed to process telemetry record: KeyError('sm_utilization')
NoneType: None
2026-05-02 02:19:36.093 - records_manager - ERROR - Failed to process telemetry record: KeyError('sm_utilization')
NoneType: None
2026-05-02 02:19:36.093 - records_manager - ERROR - Failed to process telemetry record: KeyError('sm_utilization')
NoneType: None
2026-05-02 02:19:36.454 - records_manager - ERROR - Failed to process telemetry record: KeyError('sm_utilization')
NoneType: None
2026-05-02 02:19:36.455 - records_manager - ERROR - Failed to process telemetry record: KeyError('sm_utilization')
NoneType: None
2026-05-02 02:19:36.812 - records_manager - ERROR - Failed to process telemetry record: KeyError('sm_utilization')
NoneType: None
2026-05-02 02:19:36.815 - records_manager - ERROR - Failed to process telemetry record: KeyError('sm_utilization')
NoneType: None
2026-05-02 02:19:37.176 - records_manager - ERROR - Failed to process telemetry record: KeyError('sm_utilization')
NoneType: None
2026-05-02 02:19:37.177 - records_manager - ERROR - Failed to process telemetry record: KeyError('sm_utilization')
NoneType: None
2026-05-02 02:19:37.533 - records_manager - ERROR - Failed to process telemetry record: KeyError('sm_utilization')
NoneType: None
2026-05-02 02:19:37.534 - records_manager - ERROR - Failed to process telemetry record: KeyError('sm_utilization')
NoneType: None
2026-05-02 02:19:37.893 - records_manager - ERROR - Failed to process telemetry record: KeyError('sm_utilization')
NoneType: None
2026-05-02 02:19:37.895 - records_manager - ERROR - Failed to process telemetry record: KeyError('sm_utilization')
NoneType: None
2026-05-02 02:19:38.262 - records_manager - ERROR - Failed to process telemetry record: KeyError('sm_utilization')
NoneType: None
2026-05-02 02:19:38.263 - records_manager - ERROR - Failed to process telemetry record: KeyError('sm_utilization')
NoneType: None
2026-05-02 02:19:38.624 - records_manager - ERROR - Failed to process telemetry record: KeyError('sm_utilization')
NoneType: None
2026-05-02 02:19:38.625 - records_manager - ERROR - Failed to process telemetry record: KeyError('sm_utilization')
NoneType: None
2026-05-02 02:19:38.980 - records_manager - ERROR - Failed to process telemetry record: KeyError('sm_utilization')
NoneType: None
2026-05-02 02:19:38.981 - records_manager - ERROR - Failed to process telemetry record: KeyError('sm_utilization')
NoneType: None
2026-05-02 02:19:39.337 - records_manager - ERROR - Failed to process telemetry record: KeyError('sm_utilization')
NoneType: None
2026-05-02 02:19:39.338 - records_manager - ERROR - Failed to process telemetry record: KeyError('sm_utilization')
NoneType: None
2026-05-02 02:19:39.696 - records_manager - ERROR - Failed to process telemetry record: KeyError('sm_utilization')
NoneType: None
2026-05-02 02:19:39.696 - records_manager - ERROR - Failed to process telemetry record: KeyError('sm_utilization')
NoneType: None
2026-05-02 02:19:40.055 - records_manager - ERROR - Failed to process telemetry record: KeyError('sm_utilization')
NoneType: None
2026-05-02 02:19:40.056 - records_manager - ERROR - Failed to process telemetry record: KeyError('sm_utilization')
NoneType: None
2026-05-02 02:19:40.415 - records_manager - ERROR - Failed to process telemetry record: KeyError('sm_utilization')
NoneType: None
2026-05-02 02:19:40.415 - records_manager - ERROR - Failed to process telemetry record: KeyError('sm_utilization')
NoneType: None
2026-05-02 02:19:40.778 - records_manager - ERROR - Failed to process telemetry record: KeyError('sm_utilization')
NoneType: None
2026-05-02 02:19:40.784 - records_manager - ERROR - Failed to process telemetry record: KeyError('sm_utilization')
NoneType: None
2026-05-02 02:19:41.135 - records_manager - ERROR - Failed to process telemetry record: KeyError('sm_utilization')
NoneType: None
2026-05-02 02:19:41.140 - records_manager - ERROR - Failed to process telemetry record: KeyError('sm_utilization')
NoneType: None
2026-05-02 02:19:41.491 - records_manager - ERROR - Failed to process telemetry record: KeyError('sm_utilization')
NoneType: None
2026-05-02 02:19:41.492 - records_manager - ERROR - Failed to process telemetry record: KeyError('sm_utilization')
NoneType: None
2026-05-02 02:19:41.848 - records_manager - ERROR - Failed to process telemetry record: KeyError('sm_utilization')
NoneType: None
2026-05-02 02:19:41.849 - records_manager - ERROR - Failed to process telemetry record: KeyError('sm_utilization')
NoneType: None
2026-05-02 02:19:42.204 - records_manager - ERROR - Failed to process telemetry record: KeyError('sm_utilization')
NoneType: None
2026-05-02 02:19:42.211 - records_manager - ERROR - Failed to process telemetry record: KeyError('sm_utilization')
NoneType: None
2026-05-02 02:19:42.567 - records_manager - ERROR - Failed to process telemetry record: KeyError('sm_utilization')
NoneType: None
2026-05-02 02:19:42.567 - records_manager - ERROR - Failed to process telemetry record: KeyError('sm_utilization')
NoneType: None
2026-05-02 02:19:42.950 - records_manager - ERROR - Failed to process telemetry record: KeyError('sm_utilization')
NoneType: None
2026-05-02 02:19:42.951 - records_manager - ERROR - Failed to process telemetry record: KeyError('sm_utilization')
NoneType: None
2026-05-02 02:19:43.307 - records_manager - ERROR - Failed to process telemetry record: KeyError('sm_utilization')
NoneType: None
2026-05-02 02:19:43.308 - records_manager - ERROR - Failed to process telemetry record: KeyError('sm_utilization')
NoneType: None
2026-05-02 02:19:43.665 - records_manager - ERROR - Failed to process telemetry record: KeyError('sm_utilization')
NoneType: None
2026-05-02 02:19:43.666 - records_manager - ERROR - Failed to process telemetry record: KeyError('sm_utilization')
NoneType: None
2026-05-02 02:19:44.027 - records_manager - ERROR - Failed to process telemetry record: KeyError('sm_utilization')
NoneType: None
2026-05-02 02:19:44.028 - records_manager - ERROR - Failed to process telemetry record: KeyError('sm_utilization')
NoneType: None
2026-05-02 02:19:44.385 - records_manager - ERROR - Failed to process telemetry record: KeyError('sm_utilization')
NoneType: None
2026-05-02 02:19:44.386 - records_manager - ERROR - Failed to process telemetry record: KeyError('sm_utilization')
NoneType: None
2026-05-02 02:19:44.742 - records_manager - ERROR - Failed to process telemetry record: KeyError('sm_utilization')
NoneType: None
2026-05-02 02:19:44.743 - records_manager - ERROR - Failed to process telemetry record: KeyError('sm_utilization')
NoneType: None
2026-05-02 02:19:45.098 - records_manager - ERROR - Failed to process telemetry record: KeyError('sm_utilization')
NoneType: None
2026-05-02 02:19:45.099 - records_manager - ERROR - Failed to process telemetry record: KeyError('sm_utilization')
NoneType: None
2026-05-02 02:19:45.453 - records_manager - ERROR - Failed to process telemetry record: KeyError('sm_utilization')
NoneType: None
2026-05-02 02:19:45.454 - records_manager - ERROR - Failed to process telemetry record: KeyError('sm_utilization')
NoneType: None
2026-05-02 02:19:45.812 - records_manager - ERROR - Failed to process telemetry record: KeyError('sm_utilization')
NoneType: None
2026-05-02 02:19:45.812 - records_manager - ERROR - Failed to process telemetry record: KeyError('sm_utilization')
NoneType: None
2026-05-02 02:19:46.170 - records_manager - ERROR - Failed to process telemetry record: KeyError('sm_utilization')
NoneType: None
2026-05-02 02:19:46.171 - records_manager - ERROR - Failed to process telemetry record: KeyError('sm_utilization')
NoneType: None
2026-05-02 02:19:46.534 - records_manager - ERROR - Failed to process telemetry record: KeyError('sm_utilization')
NoneType: None
2026-05-02 02:19:46.535 - records_manager - ERROR - Failed to process telemetry record: KeyError('sm_utilization')
NoneType: None
2026-05-02 02:19:46.891 - records_manager - ERROR - Failed to process telemetry record: KeyError('sm_utilization')
NoneType: None
2026-05-02 02:19:46.892 - records_manager - ERROR - Failed to process telemetry record: KeyError('sm_utilization')
NoneType: None
2026-05-02 02:19:47.268 - records_manager - ERROR - Failed to process telemetry record: KeyError('sm_utilization')
NoneType: None
2026-05-02 02:19:47.269 - records_manager - ERROR - Failed to process telemetry record: KeyError('sm_utilization')
NoneType: None
2026-05-02 02:19:47.626 - records_manager - ERROR - Failed to process telemetry record: KeyError('sm_utilization')
NoneType: None
2026-05-02 02:19:47.626 - records_manager - ERROR - Failed to process telemetry record: KeyError('sm_utilization')
NoneType: None
2026-05-02 02:19:47.981 - records_manager - ERROR - Failed to process telemetry record: KeyError('sm_utilization')
NoneType: None
2026-05-02 02:19:47.982 - records_manager - ERROR - Failed to process telemetry record: KeyError('sm_utilization')
NoneType: None
2026-05-02 02:19:48.338 - records_manager - ERROR - Failed to process telemetry record: KeyError('sm_utilization')
NoneType: None
2026-05-02 02:19:48.339 - records_manager - ERROR - Failed to process telemetry record: KeyError('sm_utilization')
NoneType: None
2026-05-02 02:19:48.696 - records_manager - ERROR - Failed to process telemetry record: KeyError('sm_utilization')
NoneType: None
2026-05-02 02:19:48.697 - records_manager - ERROR - Failed to process telemetry record: KeyError('sm_utilization')
NoneType: None
2026-05-02 02:19:49.053 - records_manager - ERROR - Failed to process telemetry record: KeyError('sm_utilization')
NoneType: None
2026-05-02 02:19:49.054 - records_manager - ERROR - Failed to process telemetry record: KeyError('sm_utilization')
NoneType: None
2026-05-02 02:19:49.411 - records_manager - ERROR - Failed to process telemetry record: KeyError('sm_utilization')
NoneType: None
2026-05-02 02:19:49.417 - records_manager - ERROR - Failed to process telemetry record: KeyError('sm_utilization')
NoneType: None
2026-05-02 02:19:49.771 - records_manager - ERROR - Failed to process telemetry record: KeyError('sm_utilization')
NoneType: None
2026-05-02 02:19:49.772 - records_manager - ERROR - Failed to process telemetry record: KeyError('sm_utilization')
NoneType: None
2026-05-02 02:19:50.131 - records_manager - ERROR - Failed to process telemetry record: KeyError('sm_utilization')
NoneType: None
2026-05-02 02:19:50.132 - records_manager - ERROR - Failed to process telemetry record: KeyError('sm_utilization')
NoneType: None
2026-05-02 02:19:50.496 - records_manager - ERROR - Failed to process telemetry record: KeyError('sm_utilization')
NoneType: None
2026-05-02 02:19:50.497 - records_manager - ERROR - Failed to process telemetry record: KeyError('sm_utilization')
NoneType: None
2026-05-02 02:19:50.856 - records_manager - ERROR - Failed to process telemetry record: KeyError('sm_utilization')
NoneType: None
2026-05-02 02:19:50.857 - records_manager - ERROR - Failed to process telemetry record: KeyError('sm_utilization')
NoneType: None
2026-05-02 02:19:51.212 - records_manager - ERROR - Failed to process telemetry record: KeyError('sm_utilization')
NoneType: None
2026-05-02 02:19:51.213 - records_manager - ERROR - Failed to process telemetry record: KeyError('sm_utilization')
NoneType: None
2026-05-02 02:19:51.568 - records_manager - ERROR - Failed to process telemetry record: KeyError('sm_utilization')
NoneType: None
2026-05-02 02:19:51.569 - records_manager - ERROR - Failed to process telemetry record: KeyError('sm_utilization')
NoneType: None
2026-05-02 02:19:51.927 - records_manager - ERROR - Failed to process telemetry record: KeyError('sm_utilization')
NoneType: None
2026-05-02 02:19:51.927 - records_manager - ERROR - Failed to process telemetry record: KeyError('sm_utilization')
NoneType: None
2026-05-02 02:19:52.285 - records_manager - ERROR - Failed to process telemetry record: KeyError('sm_utilization')
NoneType: None
2026-05-02 02:19:52.285 - records_manager - ERROR - Failed to process telemetry record: KeyError('sm_utilization')
NoneType: None
2026-05-02 02:19:52.644 - records_manager - ERROR - Failed to process telemetry record: KeyError('sm_utilization')
NoneType: None
2026-05-02 02:19:52.644 - records_manager - ERROR - Failed to process telemetry record: KeyError('sm_utilization')
NoneType: None
2026-05-02 02:19:53.003 - records_manager - ERROR - Failed to process telemetry record: KeyError('sm_utilization')
NoneType: None
2026-05-02 02:19:53.004 - records_manager - ERROR - Failed to process telemetry record: KeyError('sm_utilization')
NoneType: None
2026-05-02 02:19:53.361 - records_manager - ERROR - Failed to process telemetry record: KeyError('sm_utilization')
NoneType: None
2026-05-02 02:19:53.362 - records_manager - ERROR - Failed to process telemetry record: KeyError('sm_utilization')
NoneType: None
2026-05-02 02:19:53.721 - records_manager - ERROR - Failed to process telemetry record: KeyError('sm_utilization')
NoneType: None
2026-05-02 02:19:53.721 - records_manager - ERROR - Failed to process telemetry record: KeyError('sm_utilization')
NoneType: None
2026-05-02 02:19:54.085 - records_manager - ERROR - Failed to process telemetry record: KeyError('sm_utilization')
NoneType: None
2026-05-02 02:19:54.086 - records_manager - ERROR - Failed to process telemetry record: KeyError('sm_utilization')
NoneType: None
2026-05-02 02:19:54.443 - records_manager - ERROR - Failed to process telemetry record: KeyError('sm_utilization')
NoneType: None
2026-05-02 02:19:54.444 - records_manager - ERROR - Failed to process telemetry record: KeyError('sm_utilization')
NoneType: None
2026-05-02 02:19:54.801 - records_manager - ERROR - Failed to process telemetry record: KeyError('sm_utilization')
NoneType: None
2026-05-02 02:19:54.802 - records_manager - ERROR - Failed to process telemetry record: KeyError('sm_utilization')
NoneType: None
2026-05-02 02:19:55.159 - records_manager - ERROR - Failed to process telemetry record: KeyError('sm_utilization')
NoneType: None
2026-05-02 02:19:55.159 - records_manager - ERROR - Failed to process telemetry record: KeyError('sm_utilization')
NoneType: None
2026-05-02 02:19:55.532 - records_manager - ERROR - Failed to process telemetry record: KeyError('sm_utilization')
NoneType: None
2026-05-02 02:19:55.532 - records_manager - ERROR - Failed to process telemetry record: KeyError('sm_utilization')
NoneType: None
2026-05-02 02:19:55.888 - records_manager - ERROR - Failed to process telemetry record: KeyError('sm_utilization')
NoneType: None
2026-05-02 02:19:55.889 - records_manager - ERROR - Failed to process telemetry record: KeyError('sm_utilization')
NoneType: None
2026-05-02 02:19:56.246 - records_manager - ERROR - Failed to process telemetry record: KeyError('sm_utilization')
NoneType: None
2026-05-02 02:19:56.247 - records_manager - ERROR - Failed to process telemetry record: KeyError('sm_utilization')
NoneType: None
2026-05-02 02:19:56.606 - records_manager - ERROR - Failed to process telemetry record: KeyError('sm_utilization')
NoneType: None
2026-05-02 02:19:56.607 - records_manager - ERROR - Failed to process telemetry record: KeyError('sm_utilization')
NoneType: None
2026-05-02 02:19:56.963 - records_manager - ERROR - Failed to process telemetry record: KeyError('sm_utilization')
NoneType: None
2026-05-02 02:19:56.964 - records_manager - ERROR - Failed to process telemetry record: KeyError('sm_utilization')
NoneType: None
2026-05-02 02:19:57.321 - records_manager - ERROR - Failed to process telemetry record: KeyError('sm_utilization')
NoneType: None
2026-05-02 02:19:57.322 - records_manager - ERROR - Failed to process telemetry record: KeyError('sm_utilization')
NoneType: None
2026-05-02 02:19:57.687 - records_manager - ERROR - Failed to process telemetry record: KeyError('sm_utilization')
NoneType: None
2026-05-02 02:19:57.688 - records_manager - ERROR - Failed to process telemetry record: KeyError('sm_utilization')
NoneType: None
2026-05-02 02:19:58.044 - records_manager - ERROR - Failed to process telemetry record: KeyError('sm_utilization')
NoneType: None
2026-05-02 02:19:58.045 - records_manager - ERROR - Failed to process telemetry record: KeyError('sm_utilization')
NoneType: None
2026-05-02 02:19:58.401 - records_manager - ERROR - Failed to process telemetry record: KeyError('sm_utilization')
NoneType: None
2026-05-02 02:19:58.401 - records_manager - ERROR - Failed to process telemetry record: KeyError('sm_utilization')
NoneType: None
2026-05-02 02:19:58.757 - records_manager - ERROR - Failed to process telemetry record: KeyError('sm_utilization')
NoneType: None
2026-05-02 02:19:58.758 - records_manager - ERROR - Failed to process telemetry record: KeyError('sm_utilization')
NoneType: None
2026-05-02 02:19:59.118 - records_manager - ERROR - Failed to process telemetry record: KeyError('sm_utilization')
NoneType: None
2026-05-02 02:19:59.119 - records_manager - ERROR - Failed to process telemetry record: KeyError('sm_utilization')
NoneType: None
2026-05-02 02:19:59.486 - records_manager - ERROR - Failed to process telemetry record: KeyError('sm_utilization')
NoneType: None
2026-05-02 02:19:59.487 - records_manager - ERROR - Failed to process telemetry record: KeyError('sm_utilization')
NoneType: None
2026-05-02 02:19:59.845 - records_manager - ERROR - Failed to process telemetry record: KeyError('sm_utilization')
NoneType: None
2026-05-02 02:19:59.846 - records_manager - ERROR - Failed to process telemetry record: KeyError('sm_utilization')
NoneType: None
2026-05-02 02:20:00.203 - records_manager - ERROR - Failed to process telemetry record: KeyError('sm_utilization')
NoneType: None
2026-05-02 02:20:00.204 - records_manager - ERROR - Failed to process telemetry record: KeyError('sm_utilization')
NoneType: None
2026-05-02 02:20:00.560 - records_manager - ERROR - Failed to process telemetry record: KeyError('sm_utilization')
NoneType: None
2026-05-02 02:20:00.561 - records_manager - ERROR - Failed to process telemetry record: KeyError('sm_utilization')
NoneType: None
2026-05-02 02:20:00.920 - records_manager - ERROR - Failed to process telemetry record: KeyError('sm_utilization')
NoneType: None
2026-05-02 02:20:00.921 - records_manager - ERROR - Failed to process telemetry record: KeyError('sm_utilization')
NoneType: None
2026-05-02 02:20:01.278 - records_manager - ERROR - Failed to process telemetry record: KeyError('sm_utilization')
NoneType: None
2026-05-02 02:20:01.278 - records_manager - ERROR - Failed to process telemetry record: KeyError('sm_utilization')
NoneType: None
2026-05-02 02:20:01.643 - records_manager - ERROR - Failed to process telemetry record: KeyError('sm_utilization')
NoneType: None
2026-05-02 02:20:01.644 - records_manager - ERROR - Failed to process telemetry record: KeyError('sm_utilization')
NoneType: None
2026-05-02 02:20:02.002 - records_manager - ERROR - Failed to process telemetry record: KeyError('sm_utilization')
NoneType: None
2026-05-02 02:20:02.002 - records_manager - ERROR - Failed to process telemetry record: KeyError('sm_utilization')
NoneType: None
2026-05-02 02:20:02.362 - records_manager - ERROR - Failed to process telemetry record: KeyError('sm_utilization')
NoneType: None
2026-05-02 02:20:02.363 - records_manager - ERROR - Failed to process telemetry record: KeyError('sm_utilization')
NoneType: None
2026-05-02 02:20:02.727 - records_manager - ERROR - Failed to process telemetry record: KeyError('sm_utilization')
NoneType: None
2026-05-02 02:20:02.728 - records_manager - ERROR - Failed to process telemetry record: KeyError('sm_utilization')
NoneType: None
2026-05-02 02:20:03.086 - records_manager - ERROR - Failed to process telemetry record: KeyError('sm_utilization')
NoneType: None
2026-05-02 02:20:03.087 - records_manager - ERROR - Failed to process telemetry record: KeyError('sm_utilization')
NoneType: None
2026-05-02 02:20:03.441 - records_manager - ERROR - Failed to process telemetry record: KeyError('sm_utilization')
NoneType: None
2026-05-02 02:20:03.442 - records_manager - ERROR - Failed to process telemetry record: KeyError('sm_utilization')
NoneType: None
2026-05-02 02:20:03.796 - records_manager - ERROR - Failed to process telemetry record: KeyError('sm_utilization')
NoneType: None
2026-05-02 02:20:03.797 - records_manager - ERROR - Failed to process telemetry record: KeyError('sm_utilization')
NoneType: None
2026-05-02 02:20:04.151 - records_manager - ERROR - Failed to process telemetry record: KeyError('sm_utilization')
NoneType: None
2026-05-02 02:20:04.152 - records_manager - ERROR - Failed to process telemetry record: KeyError('sm_utilization')
NoneType: None
2026-05-02 02:20:04.508 - records_manager - ERROR - Failed to process telemetry record: KeyError('sm_utilization')
NoneType: None
2026-05-02 02:20:04.509 - records_manager - ERROR - Failed to process telemetry record: KeyError('sm_utilization')
NoneType: None
2026-05-02 02:20:04.865 - records_manager - ERROR - Failed to process telemetry record: KeyError('sm_utilization')
NoneType: None
2026-05-02 02:20:04.865 - records_manager - ERROR - Failed to process telemetry record: KeyError('sm_utilization')
NoneType: None
2026-05-02 02:20:05.225 - records_manager - ERROR - Failed to process telemetry record: KeyError('sm_utilization')
NoneType: None
2026-05-02 02:20:05.226 - records_manager - ERROR - Failed to process telemetry record: KeyError('sm_utilization')
NoneType: None
2026-05-02 02:20:05.590 - records_manager - ERROR - Failed to process telemetry record: KeyError('sm_utilization')
NoneType: None
2026-05-02 02:20:05.592 - records_manager - ERROR - Failed to process telemetry record: KeyError('sm_utilization')
NoneType: None
2026-05-02 02:20:05.966 - records_manager - ERROR - Failed to process telemetry record: KeyError('sm_utilization')
NoneType: None
2026-05-02 02:20:05.967 - records_manager - ERROR - Failed to process telemetry record: KeyError('sm_utilization')
NoneType: None
2026-05-02 02:20:06.330 - records_manager - ERROR - Failed to process telemetry record: KeyError('sm_utilization')
NoneType: None
2026-05-02 02:20:06.331 - records_manager - ERROR - Failed to process telemetry record: KeyError('sm_utilization')
NoneType: None
2026-05-02 02:20:06.693 - records_manager - ERROR - Failed to process telemetry record: KeyError('sm_utilization')
NoneType: None
2026-05-02 02:20:06.694 - records_manager - ERROR - Failed to process telemetry record: KeyError('sm_utilization')
NoneType: None
2026-05-02 02:20:07.051 - records_manager - ERROR - Failed to process telemetry record: KeyError('sm_utilization')
NoneType: None
2026-05-02 02:20:07.051 - records_manager - ERROR - Failed to process telemetry record: KeyError('sm_utilization')
NoneType: None
2026-05-02 02:20:07.413 - records_manager - ERROR - Failed to process telemetry record: KeyError('sm_utilization')
NoneType: None
2026-05-02 02:20:07.413 - records_manager - ERROR - Failed to process telemetry record: KeyError('sm_utilization')
NoneType: None
2026-05-02 02:20:07.771 - records_manager - ERROR - Failed to process telemetry record: KeyError('sm_utilization')
NoneType: None
2026-05-02 02:20:07.772 - records_manager - ERROR - Failed to process telemetry record: KeyError('sm_utilization')
NoneType: None
2026-05-02 02:20:08.132 - records_manager - ERROR - Failed to process telemetry record: KeyError('sm_utilization')
NoneType: None
2026-05-02 02:20:08.132 - records_manager - ERROR - Failed to process telemetry record: KeyError('sm_utilization')
NoneType: None
2026-05-02 02:20:08.492 - records_manager - ERROR - Failed to process telemetry record: KeyError('sm_utilization')
NoneType: None
2026-05-02 02:20:08.493 - records_manager - ERROR - Failed to process telemetry record: KeyError('sm_utilization')
NoneType: None
2026-05-02 02:20:08.852 - records_manager - ERROR - Failed to process telemetry record: KeyError('sm_utilization')
NoneType: None
2026-05-02 02:20:08.853 - records_manager - ERROR - Failed to process telemetry record: KeyError('sm_utilization')
NoneType: None
2026-05-02 02:20:09.208 - records_manager - ERROR - Failed to process telemetry record: KeyError('sm_utilization')
NoneType: None
2026-05-02 02:20:09.208 - records_manager - ERROR - Failed to process telemetry record: KeyError('sm_utilization')
NoneType: None
2026-05-02 02:20:09.569 - records_manager - ERROR - Failed to process telemetry record: KeyError('sm_utilization')
NoneType: None
2026-05-02 02:20:09.569 - records_manager - ERROR - Failed to process telemetry record: KeyError('sm_utilization')
NoneType: None
2026-05-02 02:20:09.930 - records_manager - ERROR - Failed to process telemetry record: KeyError('sm_utilization')
NoneType: None
2026-05-02 02:20:09.931 - records_manager - ERROR - Failed to process telemetry record: KeyError('sm_utilization')
NoneType: None
2026-05-02 02:20:10.292 - records_manager - ERROR - Failed to process telemetry record: KeyError('sm_utilization')
NoneType: None
2026-05-02 02:20:10.292 - records_manager - ERROR - Failed to process telemetry record: KeyError('sm_utilization')
NoneType: None
2026-05-02 02:20:10.648 - records_manager - ERROR - Failed to process telemetry record: KeyError('sm_utilization')
NoneType: None
2026-05-02 02:20:10.649 - records_manager - ERROR - Failed to process telemetry record: KeyError('sm_utilization')
NoneType: None
2026-05-02 02:20:11.006 - records_manager - ERROR - Failed to process telemetry record: KeyError('sm_utilization')
NoneType: None
2026-05-02 02:20:11.007 - records_manager - ERROR - Failed to process telemetry record: KeyError('sm_utilization')
NoneType: None
2026-05-02 02:20:11.368 - records_manager - ERROR - Failed to process telemetry record: KeyError('sm_utilization')
NoneType: None
2026-05-02 02:20:11.369 - records_manager - ERROR - Failed to process telemetry record: KeyError('sm_utilization')
NoneType: None
2026-05-02 02:20:11.729 - records_manager - ERROR - Failed to process telemetry record: KeyError('sm_utilization')
NoneType: None
2026-05-02 02:20:11.729 - records_manager - ERROR - Failed to process telemetry record: KeyError('sm_utilization')
NoneType: None
2026-05-02 02:20:12.093 - records_manager - ERROR - Failed to process telemetry record: KeyError('sm_utilization')
NoneType: None
2026-05-02 02:20:12.094 - records_manager - ERROR - Failed to process telemetry record: KeyError('sm_utilization')
NoneType: None
2026-05-02 02:20:12.458 - records_manager - ERROR - Failed to process telemetry record: KeyError('sm_utilization')
NoneType: None
2026-05-02 02:20:12.459 - records_manager - ERROR - Failed to process telemetry record: KeyError('sm_utilization')
NoneType: None
2026-05-02 02:20:12.817 - records_manager - ERROR - Failed to process telemetry record: KeyError('sm_utilization')
NoneType: None
2026-05-02 02:20:12.817 - records_manager - ERROR - Failed to process telemetry record: KeyError('sm_utilization')
NoneType: None
2026-05-02 02:20:13.174 - records_manager - ERROR - Failed to process telemetry record: KeyError('sm_utilization')
NoneType: None
2026-05-02 02:20:13.175 - records_manager - ERROR - Failed to process telemetry record: KeyError('sm_utilization')
NoneType: None
2026-05-02 02:20:13.535 - records_manager - ERROR - Failed to process telemetry record: KeyError('sm_utilization')
NoneType: None
2026-05-02 02:20:13.536 - records_manager - ERROR - Failed to process telemetry record: KeyError('sm_utilization')
NoneType: None
2026-05-02 02:20:13.894 - records_manager - ERROR - Failed to process telemetry record: KeyError('sm_utilization')
NoneType: None
2026-05-02 02:20:13.895 - records_manager - ERROR - Failed to process telemetry record: KeyError('sm_utilization')
NoneType: None
2026-05-02 02:20:14.251 - records_manager - ERROR - Failed to process telemetry record: KeyError('sm_utilization')
NoneType: None
2026-05-02 02:20:14.252 - records_manager - ERROR - Failed to process telemetry record: KeyError('sm_utilization')
NoneType: None
2026-05-02 02:20:14.614 - records_manager - ERROR - Failed to process telemetry record: KeyError('sm_utilization')
NoneType: None
2026-05-02 02:20:14.615 - records_manager - ERROR - Failed to process telemetry record: KeyError('sm_utilization')
NoneType: None
2026-05-02 02:20:14.976 - records_manager - ERROR - Failed to process telemetry record: KeyError('sm_utilization')
NoneType: None
2026-05-02 02:20:14.977 - records_manager - ERROR - Failed to process telemetry record: KeyError('sm_utilization')
NoneType: None
2026-05-02 02:20:15.335 - records_manager - ERROR - Failed to process telemetry record: KeyError('sm_utilization')
NoneType: None
2026-05-02 02:20:15.336 - records_manager - ERROR - Failed to process telemetry record: KeyError('sm_utilization')
NoneType: None
2026-05-02 02:20:15.698 - records_manager - ERROR - Failed to process telemetry record: KeyError('sm_utilization')
NoneType: None
2026-05-02 02:20:15.699 - records_manager - ERROR - Failed to process telemetry record: KeyError('sm_utilization')
NoneType: None
2026-05-02 02:20:16.055 - records_manager - ERROR - Failed to process telemetry record: KeyError('sm_utilization')
NoneType: None
2026-05-02 02:20:16.056 - records_manager - ERROR - Failed to process telemetry record: KeyError('sm_utilization')
NoneType: None
2026-05-02 02:20:16.415 - records_manager - ERROR - Failed to process telemetry record: KeyError('sm_utilization')
NoneType: None
2026-05-02 02:20:16.416 - records_manager - ERROR - Failed to process telemetry record: KeyError('sm_utilization')
NoneType: None
2026-05-02 02:20:16.772 - records_manager - ERROR - Failed to process telemetry record: KeyError('sm_utilization')
NoneType: None
2026-05-02 02:20:16.773 - records_manager - ERROR - Failed to process telemetry record: KeyError('sm_utilization')
NoneType: None
2026-05-02 02:20:17.130 - records_manager - ERROR - Failed to process telemetry record: KeyError('sm_utilization')
NoneType: None
2026-05-02 02:20:17.131 - records_manager - ERROR - Failed to process telemetry record: KeyError('sm_utilization')
NoneType: None
2026-05-02 02:20:17.493 - records_manager - ERROR - Failed to process telemetry record: KeyError('sm_utilization')
NoneType: None
2026-05-02 02:20:17.493 - records_manager - ERROR - Failed to process telemetry record: KeyError('sm_utilization')
NoneType: None
2026-05-02 02:20:17.848 - records_manager - ERROR - Failed to process telemetry record: KeyError('sm_utilization')
NoneType: None
2026-05-02 02:20:17.849 - records_manager - ERROR - Failed to process telemetry record: KeyError('sm_utilization')
NoneType: None
2026-05-02 02:20:18.207 - records_manager - ERROR - Failed to process telemetry record: KeyError('sm_utilization')
NoneType: None
2026-05-02 02:20:18.208 - records_manager - ERROR - Failed to process telemetry record: KeyError('sm_utilization')
NoneType: None
2026-05-02 02:20:18.564 - records_manager - ERROR - Failed to process telemetry record: KeyError('sm_utilization')
NoneType: None
2026-05-02 02:20:18.565 - records_manager - ERROR - Failed to process telemetry record: KeyError('sm_utilization')
NoneType: None
2026-05-02 02:20:18.920 - records_manager - ERROR - Failed to process telemetry record: KeyError('sm_utilization')
NoneType: None
2026-05-02 02:20:18.921 - records_manager - ERROR - Failed to process telemetry record: KeyError('sm_utilization')
NoneType: None
2026-05-02 02:20:19.288 - records_manager - ERROR - Failed to process telemetry record: KeyError('sm_utilization')
NoneType: None
2026-05-02 02:20:19.289 - records_manager - ERROR - Failed to process telemetry record: KeyError('sm_utilization')
NoneType: None
2026-05-02 02:20:19.647 - records_manager - ERROR - Failed to process telemetry record: KeyError('sm_utilization')
NoneType: None
2026-05-02 02:20:19.648 - records_manager - ERROR - Failed to process telemetry record: KeyError('sm_utilization')
NoneType: None
2026-05-02 02:20:20.007 - records_manager - ERROR - Failed to process telemetry record: KeyError('sm_utilization')
NoneType: None
2026-05-02 02:20:20.008 - records_manager - ERROR - Failed to process telemetry record: KeyError('sm_utilization')
NoneType: None
2026-05-02 02:20:20.366 - records_manager - ERROR - Failed to process telemetry record: KeyError('sm_utilization')
NoneType: None
2026-05-02 02:20:20.367 - records_manager - ERROR - Failed to process telemetry record: KeyError('sm_utilization')
NoneType: None
2026-05-02 02:20:20.729 - records_manager - ERROR - Failed to process telemetry record: KeyError('sm_utilization')
NoneType: None
2026-05-02 02:20:20.730 - records_manager - ERROR - Failed to process telemetry record: KeyError('sm_utilization')
NoneType: None
2026-05-02 02:20:21.089 - records_manager - ERROR - Failed to process telemetry record: KeyError('sm_utilization')
NoneType: None
2026-05-02 02:20:21.090 - records_manager - ERROR - Failed to process telemetry record: KeyError('sm_utilization')
NoneType: None
2026-05-02 02:20:21.447 - records_manager - ERROR - Failed to process telemetry record: KeyError('sm_utilization')
NoneType: None
2026-05-02 02:20:21.448 - records_manager - ERROR - Failed to process telemetry record: KeyError('sm_utilization')
NoneType: None
2026-05-02 02:20:21.805 - records_manager - ERROR - Failed to process telemetry record: KeyError('sm_utilization')
NoneType: None
2026-05-02 02:20:21.805 - records_manager - ERROR - Failed to process telemetry record: KeyError('sm_utilization')
NoneType: None
2026-05-02 02:20:22.161 - records_manager - ERROR - Failed to process telemetry record: KeyError('sm_utilization')
NoneType: None
2026-05-02 02:20:22.161 - records_manager - ERROR - Failed to process telemetry record: KeyError('sm_utilization')
NoneType: None
2026-05-02 02:20:22.519 - records_manager - ERROR - Failed to process telemetry record: KeyError('sm_utilization')
NoneType: None
2026-05-02 02:20:22.520 - records_manager - ERROR - Failed to process telemetry record: KeyError('sm_utilization')
NoneType: None
2026-05-02 02:20:22.876 - records_manager - ERROR - Failed to process telemetry record: KeyError('sm_utilization')
NoneType: None
2026-05-02 02:20:22.877 - records_manager - ERROR - Failed to process telemetry record: KeyError('sm_utilization')
NoneType: None
2026-05-02 02:20:23.238 - records_manager - ERROR - Failed to process telemetry record: KeyError('sm_utilization')
NoneType: None
2026-05-02 02:20:23.239 - records_manager - ERROR - Failed to process telemetry record: KeyError('sm_utilization')
NoneType: None
2026-05-02 02:20:23.604 - records_manager - ERROR - Failed to process telemetry record: KeyError('sm_utilization')
NoneType: None
2026-05-02 02:20:23.605 - records_manager - ERROR - Failed to process telemetry record: KeyError('sm_utilization')
NoneType: None
2026-05-02 02:20:23.965 - records_manager - ERROR - Failed to process telemetry record: KeyError('sm_utilization')
NoneType: None
2026-05-02 02:20:23.966 - records_manager - ERROR - Failed to process telemetry record: KeyError('sm_utilization')
NoneType: None
2026-05-02 02:20:24.323 - records_manager - ERROR - Failed to process telemetry record: KeyError('sm_utilization')
NoneType: None
2026-05-02 02:20:24.325 - records_manager - ERROR - Failed to process telemetry record: KeyError('sm_utilization')
NoneType: None
2026-05-02 02:20:24.679 - records_manager - ERROR - Failed to process telemetry record: KeyError('sm_utilization')
NoneType: None
2026-05-02 02:20:24.679 - records_manager - ERROR - Failed to process telemetry record: KeyError('sm_utilization')
NoneType: None
2026-05-02 02:20:25.042 - records_manager - ERROR - Failed to process telemetry record: KeyError('sm_utilization')
NoneType: None
2026-05-02 02:20:25.042 - records_manager - ERROR - Failed to process telemetry record: KeyError('sm_utilization')
NoneType: None
2026-05-02 02:20:25.401 - records_manager - ERROR - Failed to process telemetry record: KeyError('sm_utilization')
NoneType: None
2026-05-02 02:20:25.402 - records_manager - ERROR - Failed to process telemetry record: KeyError('sm_utilization')
NoneType: None
2026-05-02 02:20:25.762 - records_manager - ERROR - Failed to process telemetry record: KeyError('sm_utilization')
NoneType: None
2026-05-02 02:20:25.763 - records_manager - ERROR - Failed to process telemetry record: KeyError('sm_utilization')
NoneType: None
2026-05-02 02:20:26.128 - records_manager - ERROR - Failed to process telemetry record: KeyError('sm_utilization')
NoneType: None
2026-05-02 02:20:26.129 - records_manager - ERROR - Failed to process telemetry record: KeyError('sm_utilization')
NoneType: None
2026-05-02 02:20:26.485 - records_manager - ERROR - Failed to process telemetry record: KeyError('sm_utilization')
NoneType: None
2026-05-02 02:20:26.485 - records_manager - ERROR - Failed to process telemetry record: KeyError('sm_utilization')
NoneType: None
2026-05-02 02:20:26.846 - records_manager - ERROR - Failed to process telemetry record: KeyError('sm_utilization')
NoneType: None
2026-05-02 02:20:26.847 - records_manager - ERROR - Failed to process telemetry record: KeyError('sm_utilization')
NoneType: None
2026-05-02 02:20:27.204 - records_manager - ERROR - Failed to process telemetry record: KeyError('sm_utilization')
NoneType: None
2026-05-02 02:20:27.205 - records_manager - ERROR - Failed to process telemetry record: KeyError('sm_utilization')
NoneType: None
2026-05-02 02:20:27.565 - records_manager - ERROR - Failed to process telemetry record: KeyError('sm_utilization')
NoneType: None
2026-05-02 02:20:27.566 - records_manager - ERROR - Failed to process telemetry record: KeyError('sm_utilization')
NoneType: None
2026-05-02 02:20:27.924 - records_manager - ERROR - Failed to process telemetry record: KeyError('sm_utilization')
NoneType: None
2026-05-02 02:20:27.925 - records_manager - ERROR - Failed to process telemetry record: KeyError('sm_utilization')
NoneType: None
2026-05-02 02:20:28.281 - records_manager - ERROR - Failed to process telemetry record: KeyError('sm_utilization')
NoneType: None
2026-05-02 02:20:28.282 - records_manager - ERROR - Failed to process telemetry record: KeyError('sm_utilization')
NoneType: None
2026-05-02 02:20:28.642 - records_manager - ERROR - Failed to process telemetry record: KeyError('sm_utilization')
NoneType: None
2026-05-02 02:20:28.643 - records_manager - ERROR - Failed to process telemetry record: KeyError('sm_utilization')
NoneType: None
2026-05-02 02:20:28.999 - records_manager - ERROR - Failed to process telemetry record: KeyError('sm_utilization')
NoneType: None
2026-05-02 02:20:29.000 - records_manager - ERROR - Failed to process telemetry record: KeyError('sm_utilization')
NoneType: None
2026-05-02 02:20:29.357 - records_manager - ERROR - Failed to process telemetry record: KeyError('sm_utilization')
NoneType: None
2026-05-02 02:20:29.357 - records_manager - ERROR - Failed to process telemetry record: KeyError('sm_utilization')
NoneType: None
2026-05-02 02:20:29.719 - records_manager - ERROR - Failed to process telemetry record: KeyError('sm_utilization')
NoneType: None
2026-05-02 02:20:29.720 - records_manager - ERROR - Failed to process telemetry record: KeyError('sm_utilization')
NoneType: None
2026-05-02 02:20:30.081 - records_manager - ERROR - Failed to process telemetry record: KeyError('sm_utilization')
NoneType: None
2026-05-02 02:20:30.082 - records_manager - ERROR - Failed to process telemetry record: KeyError('sm_utilization')
NoneType: None
2026-05-02 02:20:30.440 - records_manager - ERROR - Failed to process telemetry record: KeyError('sm_utilization')
NoneType: None
2026-05-02 02:20:30.441 - records_manager - ERROR - Failed to process telemetry record: KeyError('sm_utilization')
NoneType: None
2026-05-02 02:20:30.802 - records_manager - ERROR - Failed to process telemetry record: KeyError('sm_utilization')
NoneType: None
2026-05-02 02:20:30.803 - records_manager - ERROR - Failed to process telemetry record: KeyError('sm_utilization')
NoneType: None
2026-05-02 02:20:31.161 - records_manager - ERROR - Failed to process telemetry record: KeyError('sm_utilization')
NoneType: None
2026-05-02 02:20:31.162 - records_manager - ERROR - Failed to process telemetry record: KeyError('sm_utilization')
NoneType: None
2026-05-02 02:20:31.522 - records_manager - ERROR - Failed to process telemetry record: KeyError('sm_utilization')
NoneType: None
2026-05-02 02:20:31.523 - records_manager - ERROR - Failed to process telemetry record: KeyError('sm_utilization')
NoneType: None
2026-05-02 02:20:31.878 - records_manager - ERROR - Failed to process telemetry record: KeyError('sm_utilization')
NoneType: None
2026-05-02 02:20:31.879 - records_manager - ERROR - Failed to process telemetry record: KeyError('sm_utilization')
NoneType: None
2026-05-02 02:20:32.235 - records_manager - ERROR - Failed to process telemetry record: KeyError('sm_utilization')
NoneType: None
2026-05-02 02:20:32.236 - records_manager - ERROR - Failed to process telemetry record: KeyError('sm_utilization')
NoneType: None
2026-05-02 02:20:32.594 - records_manager - ERROR - Failed to process telemetry record: KeyError('sm_utilization')
NoneType: None
2026-05-02 02:20:32.595 - records_manager - ERROR - Failed to process telemetry record: KeyError('sm_utilization')
NoneType: None
2026-05-02 02:20:32.959 - records_manager - ERROR - Failed to process telemetry record: KeyError('sm_utilization')
NoneType: None
2026-05-02 02:20:32.960 - records_manager - ERROR - Failed to process telemetry record: KeyError('sm_utilization')
NoneType: None
2026-05-02 02:20:33.323 - records_manager - ERROR - Failed to process telemetry record: KeyError('sm_utilization')
NoneType: None
2026-05-02 02:20:33.323 - records_manager - ERROR - Failed to process telemetry record: KeyError('sm_utilization')
NoneType: None
2026-05-02 02:20:33.679 - records_manager - ERROR - Failed to process telemetry record: KeyError('sm_utilization')
NoneType: None
2026-05-02 02:20:33.680 - records_manager - ERROR - Failed to process telemetry record: KeyError('sm_utilization')
NoneType: None
2026-05-02 02:20:34.036 - records_manager - ERROR - Failed to process telemetry record: KeyError('sm_utilization')
NoneType: None
2026-05-02 02:20:34.037 - records_manager - ERROR - Failed to process telemetry record: KeyError('sm_utilization')
NoneType: None
2026-05-02 02:20:34.406 - records_manager - ERROR - Failed to process telemetry record: KeyError('sm_utilization')
NoneType: None
2026-05-02 02:20:34.407 - records_manager - ERROR - Failed to process telemetry record: KeyError('sm_utilization')
NoneType: None
2026-05-02 02:20:34.770 - records_manager - ERROR - Failed to process telemetry record: KeyError('sm_utilization')
NoneType: None
2026-05-02 02:20:34.770 - records_manager - ERROR - Failed to process telemetry record: KeyError('sm_utilization')
NoneType: None
2026-05-02 02:20:35.130 - records_manager - ERROR - Failed to process telemetry record: KeyError('sm_utilization')
NoneType: None
2026-05-02 02:20:35.130 - records_manager - ERROR - Failed to process telemetry record: KeyError('sm_utilization')
NoneType: None
2026-05-02 02:20:35.488 - records_manager - ERROR - Failed to process telemetry record: KeyError('sm_utilization')
NoneType: None
2026-05-02 02:20:35.489 - records_manager - ERROR - Failed to process telemetry record: KeyError('sm_utilization')
NoneType: None
2026-05-02 02:20:35.854 - records_manager - ERROR - Failed to process telemetry record: KeyError('sm_utilization')
NoneType: None
2026-05-02 02:20:35.859 - records_manager - ERROR - Failed to process telemetry record: KeyError('sm_utilization')
NoneType: None
2026-05-02 02:20:36.210 - records_manager - ERROR - Failed to process telemetry record: KeyError('sm_utilization')
NoneType: None
2026-05-02 02:20:36.210 - records_manager - ERROR - Failed to process telemetry record: KeyError('sm_utilization')
NoneType: None
2026-05-02 02:20:36.568 - records_manager - ERROR - Failed to process telemetry record: KeyError('sm_utilization')
NoneType: None
2026-05-02 02:20:36.569 - records_manager - ERROR - Failed to process telemetry record: KeyError('sm_utilization')
NoneType: None
2026-05-02 02:20:36.925 - records_manager - ERROR - Failed to process telemetry record: KeyError('sm_utilization')
NoneType: None
2026-05-02 02:20:36.926 - records_manager - ERROR - Failed to process telemetry record: KeyError('sm_utilization')
NoneType: None
2026-05-02 02:20:37.281 - records_manager - ERROR - Failed to process telemetry record: KeyError('sm_utilization')
NoneType: None
2026-05-02 02:20:37.282 - records_manager - ERROR - Failed to process telemetry record: KeyError('sm_utilization')
NoneType: None
2026-05-02 02:20:37.639 - records_manager - ERROR - Failed to process telemetry record: KeyError('sm_utilization')
NoneType: None
2026-05-02 02:20:37.639 - records_manager - ERROR - Failed to process telemetry record: KeyError('sm_utilization')
NoneType: None
2026-05-02 02:20:38.009 - records_manager - ERROR - Failed to process telemetry record: KeyError('sm_utilization')
NoneType: None
2026-05-02 02:20:38.010 - records_manager - ERROR - Failed to process telemetry record: KeyError('sm_utilization')
NoneType: None
2026-05-02 02:20:38.370 - records_manager - ERROR - Failed to process telemetry record: KeyError('sm_utilization')
NoneType: None
2026-05-02 02:20:38.371 - records_manager - ERROR - Failed to process telemetry record: KeyError('sm_utilization')
NoneType: None
2026-05-02 02:20:38.732 - records_manager - ERROR - Failed to process telemetry record: KeyError('sm_utilization')
NoneType: None
2026-05-02 02:20:38.733 - records_manager - ERROR - Failed to process telemetry record: KeyError('sm_utilization')
NoneType: None
2026-05-02 02:20:39.089 - records_manager - ERROR - Failed to process telemetry record: KeyError('sm_utilization')
NoneType: None
2026-05-02 02:20:39.094 - records_manager - ERROR - Failed to process telemetry record: KeyError('sm_utilization')
NoneType: None
2026-05-02 02:20:39.451 - records_manager - ERROR - Failed to process telemetry record: KeyError('sm_utilization')
NoneType: None
2026-05-02 02:20:39.451 - records_manager - ERROR - Failed to process telemetry record: KeyError('sm_utilization')
NoneType: None
2026-05-02 02:20:39.808 - records_manager - ERROR - Failed to process telemetry record: KeyError('sm_utilization')
NoneType: None
2026-05-02 02:20:39.809 - records_manager - ERROR - Failed to process telemetry record: KeyError('sm_utilization')
NoneType: None
2026-05-02 02:20:40.165 - records_manager - ERROR - Failed to process telemetry record: KeyError('sm_utilization')
NoneType: None
2026-05-02 02:20:40.166 - records_manager - ERROR - Failed to process telemetry record: KeyError('sm_utilization')
NoneType: None
2026-05-02 02:20:40.521 - records_manager - ERROR - Failed to process telemetry record: KeyError('sm_utilization')
NoneType: None
2026-05-02 02:20:40.521 - records_manager - ERROR - Failed to process telemetry record: KeyError('sm_utilization')
NoneType: None
2026-05-02 02:20:40.879 - records_manager - ERROR - Failed to process telemetry record: KeyError('sm_utilization')
NoneType: None
2026-05-02 02:20:40.880 - records_manager - ERROR - Failed to process telemetry record: KeyError('sm_utilization')
NoneType: None
2026-05-02 02:20:41.237 - records_manager - ERROR - Failed to process telemetry record: KeyError('sm_utilization')
NoneType: None
2026-05-02 02:20:41.238 - records_manager - ERROR - Failed to process telemetry record: KeyError('sm_utilization')
NoneType: None
2026-05-02 02:20:41.607 - records_manager - ERROR - Failed to process telemetry record: KeyError('sm_utilization')
NoneType: None
2026-05-02 02:20:41.608 - records_manager - ERROR - Failed to process telemetry record: KeyError('sm_utilization')
NoneType: None
2026-05-02 02:20:41.967 - records_manager - ERROR - Failed to process telemetry record: KeyError('sm_utilization')
NoneType: None
2026-05-02 02:20:41.967 - records_manager - ERROR - Failed to process telemetry record: KeyError('sm_utilization')
NoneType: None
2026-05-02 02:20:42.330 - records_manager - ERROR - Failed to process telemetry record: KeyError('sm_utilization')
NoneType: None
2026-05-02 02:20:42.331 - records_manager - ERROR - Failed to process telemetry record: KeyError('sm_utilization')
NoneType: None
2026-05-02 02:20:42.692 - records_manager - ERROR - Failed to process telemetry record: KeyError('sm_utilization')
NoneType: None
2026-05-02 02:20:42.692 - records_manager - ERROR - Failed to process telemetry record: KeyError('sm_utilization')
NoneType: None
2026-05-02 02:20:43.052 - records_manager - ERROR - Failed to process telemetry record: KeyError('sm_utilization')
NoneType: None
2026-05-02 02:20:43.052 - records_manager - ERROR - Failed to process telemetry record: KeyError('sm_utilization')
NoneType: None
2026-05-02 02:20:43.409 - records_manager - ERROR - Failed to process telemetry record: KeyError('sm_utilization')
NoneType: None
2026-05-02 02:20:43.409 - records_manager - ERROR - Failed to process telemetry record: KeyError('sm_utilization')
NoneType: None
2026-05-02 02:20:43.766 - records_manager - ERROR - Failed to process telemetry record: KeyError('sm_utilization')
NoneType: None
2026-05-02 02:20:43.767 - records_manager - ERROR - Failed to process telemetry record: KeyError('sm_utilization')
NoneType: None
2026-05-02 02:20:44.122 - records_manager - ERROR - Failed to process telemetry record: KeyError('sm_utilization')
NoneType: None
2026-05-02 02:20:44.123 - records_manager - ERROR - Failed to process telemetry record: KeyError('sm_utilization')
NoneType: None
2026-05-02 02:20:44.479 - records_manager - ERROR - Failed to process telemetry record: KeyError('sm_utilization')
NoneType: None
2026-05-02 02:20:44.480 - records_manager - ERROR - Failed to process telemetry record: KeyError('sm_utilization')
NoneType: None
2026-05-02 02:20:44.840 - records_manager - ERROR - Failed to process telemetry record: KeyError('sm_utilization')
NoneType: None
2026-05-02 02:20:44.841 - records_manager - ERROR - Failed to process telemetry record: KeyError('sm_utilization')
NoneType: None
2026-05-02 02:20:45.202 - records_manager - ERROR - Failed to process telemetry record: KeyError('sm_utilization')
NoneType: None
2026-05-02 02:20:45.203 - records_manager - ERROR - Failed to process telemetry record: KeyError('sm_utilization')
NoneType: None
2026-05-02 02:20:45.560 - records_manager - ERROR - Failed to process telemetry record: KeyError('sm_utilization')
NoneType: None
2026-05-02 02:20:45.561 - records_manager - ERROR - Failed to process telemetry record: KeyError('sm_utilization')
NoneType: None
2026-05-02 02:20:45.924 - records_manager - ERROR - Failed to process telemetry record: KeyError('sm_utilization')
NoneType: None
2026-05-02 02:20:45.925 - records_manager - ERROR - Failed to process telemetry record: KeyError('sm_utilization')
NoneType: None
2026-05-02 02:20:46.285 - records_manager - ERROR - Failed to process telemetry record: KeyError('sm_utilization')
NoneType: None
2026-05-02 02:20:46.286 - records_manager - ERROR - Failed to process telemetry record: KeyError('sm_utilization')
NoneType: None
2026-05-02 02:20:46.651 - records_manager - ERROR - Failed to process telemetry record: KeyError('sm_utilization')
NoneType: None
2026-05-02 02:20:46.652 - records_manager - ERROR - Failed to process telemetry record: KeyError('sm_utilization')
NoneType: None
2026-05-02 02:20:47.009 - records_manager - ERROR - Failed to process telemetry record: KeyError('sm_utilization')
NoneType: None
2026-05-02 02:20:47.009 - records_manager - ERROR - Failed to process telemetry record: KeyError('sm_utilization')
NoneType: None
2026-05-02 02:20:47.365 - records_manager - ERROR - Failed to process telemetry record: KeyError('sm_utilization')
NoneType: None
2026-05-02 02:20:47.366 - records_manager - ERROR - Failed to process telemetry record: KeyError('sm_utilization')
NoneType: None
2026-05-02 02:20:47.723 - records_manager - ERROR - Failed to process telemetry record: KeyError('sm_utilization')
NoneType: None
2026-05-02 02:20:47.724 - records_manager - ERROR - Failed to process telemetry record: KeyError('sm_utilization')
NoneType: None
2026-05-02 02:20:48.084 - records_manager - ERROR - Failed to process telemetry record: KeyError('sm_utilization')
NoneType: None
2026-05-02 02:20:48.085 - records_manager - ERROR - Failed to process telemetry record: KeyError('sm_utilization')
NoneType: None
2026-05-02 02:20:48.440 - records_manager - ERROR - Failed to process telemetry record: KeyError('sm_utilization')
NoneType: None
2026-05-02 02:20:48.441 - records_manager - ERROR - Failed to process telemetry record: KeyError('sm_utilization')
NoneType: None
2026-05-02 02:20:48.797 - records_manager - ERROR - Failed to process telemetry record: KeyError('sm_utilization')
NoneType: None
2026-05-02 02:20:48.804 - records_manager - ERROR - Failed to process telemetry record: KeyError('sm_utilization')
NoneType: None
2026-05-02 02:20:49.155 - records_manager - ERROR - Failed to process telemetry record: KeyError('sm_utilization')
NoneType: None
2026-05-02 02:20:49.156 - records_manager - ERROR - Failed to process telemetry record: KeyError('sm_utilization')
NoneType: None
2026-05-02 02:20:49.517 - records_manager - ERROR - Failed to process telemetry record: KeyError('sm_utilization')
NoneType: None
2026-05-02 02:20:49.518 - records_manager - ERROR - Failed to process telemetry record: KeyError('sm_utilization')
NoneType: None
2026-05-02 02:20:49.873 - records_manager - ERROR - Failed to process telemetry record: KeyError('sm_utilization')
NoneType: None
2026-05-02 02:20:49.874 - records_manager - ERROR - Failed to process telemetry record: KeyError('sm_utilization')
NoneType: None
2026-05-02 02:20:50.227 - records_manager - ERROR - Failed to process telemetry record: KeyError('sm_utilization')
NoneType: None
2026-05-02 02:20:50.228 - records_manager - ERROR - Failed to process telemetry record: KeyError('sm_utilization')
NoneType: None
2026-05-02 02:20:50.593 - records_manager - ERROR - Failed to process telemetry record: KeyError('sm_utilization')
NoneType: None
2026-05-02 02:20:50.594 - records_manager - ERROR - Failed to process telemetry record: KeyError('sm_utilization')
NoneType: None
2026-05-02 02:20:50.958 - records_manager - ERROR - Failed to process telemetry record: KeyError('sm_utilization')
NoneType: None
2026-05-02 02:20:50.958 - records_manager - ERROR - Failed to process telemetry record: KeyError('sm_utilization')
NoneType: None
2026-05-02 02:20:51.322 - records_manager - ERROR - Failed to process telemetry record: KeyError('sm_utilization')
NoneType: None
2026-05-02 02:20:51.326 - records_manager - ERROR - Failed to process telemetry record: KeyError('sm_utilization')
NoneType: None
2026-05-02 02:20:51.687 - records_manager - ERROR - Failed to process telemetry record: KeyError('sm_utilization')
NoneType: None
2026-05-02 02:20:51.689 - records_manager - ERROR - Failed to process telemetry record: KeyError('sm_utilization')
NoneType: None
2026-05-02 02:20:52.047 - records_manager - ERROR - Failed to process telemetry record: KeyError('sm_utilization')
NoneType: None
2026-05-02 02:20:52.048 - records_manager - ERROR - Failed to process telemetry record: KeyError('sm_utilization')
NoneType: None
2026-05-02 02:20:52.414 - records_manager - ERROR - Failed to process telemetry record: KeyError('sm_utilization')
NoneType: None
2026-05-02 02:20:52.414 - records_manager - ERROR - Failed to process telemetry record: KeyError('sm_utilization')
NoneType: None
2026-05-02 02:20:52.775 - records_manager - ERROR - Failed to process telemetry record: KeyError('sm_utilization')
NoneType: None
2026-05-02 02:20:52.776 - records_manager - ERROR - Failed to process telemetry record: KeyError('sm_utilization')
NoneType: None
2026-05-02 02:20:53.134 - records_manager - ERROR - Failed to process telemetry record: KeyError('sm_utilization')
NoneType: None
2026-05-02 02:20:53.135 - records_manager - ERROR - Failed to process telemetry record: KeyError('sm_utilization')
NoneType: None
2026-05-02 02:20:53.491 - records_manager - ERROR - Failed to process telemetry record: KeyError('sm_utilization')
NoneType: None
2026-05-02 02:20:53.491 - records_manager - ERROR - Failed to process telemetry record: KeyError('sm_utilization')
NoneType: None
2026-05-02 02:20:53.853 - records_manager - ERROR - Failed to process telemetry record: KeyError('sm_utilization')
NoneType: None
2026-05-02 02:20:53.854 - records_manager - ERROR - Failed to process telemetry record: KeyError('sm_utilization')
NoneType: None
2026-05-02 02:20:54.218 - records_manager - ERROR - Failed to process telemetry record: KeyError('sm_utilization')
NoneType: None
2026-05-02 02:20:54.218 - records_manager - ERROR - Failed to process telemetry record: KeyError('sm_utilization')
NoneType: None
2026-05-02 02:20:54.574 - records_manager - ERROR - Failed to process telemetry record: KeyError('sm_utilization')
NoneType: None
2026-05-02 02:20:54.575 - records_manager - ERROR - Failed to process telemetry record: KeyError('sm_utilization')
NoneType: None
2026-05-02 02:20:54.932 - records_manager - ERROR - Failed to process telemetry record: KeyError('sm_utilization')
NoneType: None
2026-05-02 02:20:54.933 - records_manager - ERROR - Failed to process telemetry record: KeyError('sm_utilization')
NoneType: None
2026-05-02 02:20:55.293 - records_manager - ERROR - Failed to process telemetry record: KeyError('sm_utilization')
NoneType: None
2026-05-02 02:20:55.294 - records_manager - ERROR - Failed to process telemetry record: KeyError('sm_utilization')
NoneType: None
2026-05-02 02:20:55.657 - records_manager - ERROR - Failed to process telemetry record: KeyError('sm_utilization')
NoneType: None
2026-05-02 02:20:55.658 - records_manager - ERROR - Failed to process telemetry record: KeyError('sm_utilization')
NoneType: None
2026-05-02 02:20:56.017 - records_manager - ERROR - Failed to process telemetry record: KeyError('sm_utilization')
NoneType: None
2026-05-02 02:20:56.017 - records_manager - ERROR - Failed to process telemetry record: KeyError('sm_utilization')
NoneType: None
2026-05-02 02:20:56.373 - records_manager - ERROR - Failed to process telemetry record: KeyError('sm_utilization')
NoneType: None
2026-05-02 02:20:56.374 - records_manager - ERROR - Failed to process telemetry record: KeyError('sm_utilization')
NoneType: None
2026-05-02 02:20:56.732 - records_manager - ERROR - Failed to process telemetry record: KeyError('sm_utilization')
NoneType: None
2026-05-02 02:20:56.733 - records_manager - ERROR - Failed to process telemetry record: KeyError('sm_utilization')
NoneType: None
2026-05-02 02:20:57.093 - records_manager - ERROR - Failed to process telemetry record: KeyError('sm_utilization')
NoneType: None
2026-05-02 02:20:57.096 - records_manager - ERROR - Failed to process telemetry record: KeyError('sm_utilization')
NoneType: None
2026-05-02 02:20:57.460 - records_manager - ERROR - Failed to process telemetry record: KeyError('sm_utilization')
NoneType: None
2026-05-02 02:20:57.461 - records_manager - ERROR - Failed to process telemetry record: KeyError('sm_utilization')
NoneType: None
2026-05-02 02:20:57.819 - records_manager - ERROR - Failed to process telemetry record: KeyError('sm_utilization')
NoneType: None
2026-05-02 02:20:57.820 - records_manager - ERROR - Failed to process telemetry record: KeyError('sm_utilization')
NoneType: None
2026-05-02 02:20:58.180 - records_manager - ERROR - Failed to process telemetry record: KeyError('sm_utilization')
NoneType: None
2026-05-02 02:20:58.183 - records_manager - ERROR - Failed to process telemetry record: KeyError('sm_utilization')
NoneType: None
2026-05-02 02:20:58.543 - records_manager - ERROR - Failed to process telemetry record: KeyError('sm_utilization')
NoneType: None
2026-05-02 02:20:58.544 - records_manager - ERROR - Failed to process telemetry record: KeyError('sm_utilization')
NoneType: None
2026-05-02 02:20:58.912 - records_manager - ERROR - Failed to process telemetry record: KeyError('sm_utilization')
NoneType: None
2026-05-02 02:20:58.912 - records_manager - ERROR - Failed to process telemetry record: KeyError('sm_utilization')
NoneType: None
2026-05-02 02:20:59.273 - records_manager - ERROR - Failed to process telemetry record: KeyError('sm_utilization')
NoneType: None
2026-05-02 02:20:59.276 - records_manager - ERROR - Failed to process telemetry record: KeyError('sm_utilization')
NoneType: None
2026-05-02 02:20:59.630 - records_manager - ERROR - Failed to process telemetry record: KeyError('sm_utilization')
NoneType: None
2026-05-02 02:20:59.633 - records_manager - ERROR - Failed to process telemetry record: KeyError('sm_utilization')
NoneType: None
2026-05-02 02:20:59.987 - records_manager - ERROR - Failed to process telemetry record: KeyError('sm_utilization')
NoneType: None
2026-05-02 02:20:59.988 - records_manager - ERROR - Failed to process telemetry record: KeyError('sm_utilization')
NoneType: None
2026-05-02 02:21:00.344 - records_manager - ERROR - Failed to process telemetry record: KeyError('sm_utilization')
NoneType: None
2026-05-02 02:21:00.345 - records_manager - ERROR - Failed to process telemetry record: KeyError('sm_utilization')
NoneType: None
2026-05-02 02:21:00.703 - records_manager - ERROR - Failed to process telemetry record: KeyError('sm_utilization')
NoneType: None
2026-05-02 02:21:00.704 - records_manager - ERROR - Failed to process telemetry record: KeyError('sm_utilization')
NoneType: None
2026-05-02 02:21:01.061 - records_manager - ERROR - Failed to process telemetry record: KeyError('sm_utilization')
NoneType: None
2026-05-02 02:21:01.061 - records_manager - ERROR - Failed to process telemetry record: KeyError('sm_utilization')
NoneType: None
2026-05-02 02:21:01.418 - records_manager - ERROR - Failed to process telemetry record: KeyError('sm_utilization')
NoneType: None
2026-05-02 02:21:01.418 - records_manager - ERROR - Failed to process telemetry record: KeyError('sm_utilization')
NoneType: None
2026-05-02 02:21:01.778 - records_manager - ERROR - Failed to process telemetry record: KeyError('sm_utilization')
NoneType: None
2026-05-02 02:21:01.779 - records_manager - ERROR - Failed to process telemetry record: KeyError('sm_utilization')
NoneType: None
2026-05-02 02:21:02.141 - records_manager - ERROR - Failed to process telemetry record: KeyError('sm_utilization')
NoneType: None
2026-05-02 02:21:02.141 - records_manager - ERROR - Failed to process telemetry record: KeyError('sm_utilization')
NoneType: None
2026-05-02 02:21:02.503 - records_manager - ERROR - Failed to process telemetry record: KeyError('sm_utilization')
NoneType: None
2026-05-02 02:21:02.504 - records_manager - ERROR - Failed to process telemetry record: KeyError('sm_utilization')
NoneType: None
2026-05-02 02:21:02.871 - records_manager - ERROR - Failed to process telemetry record: KeyError('sm_utilization')
NoneType: None
2026-05-02 02:21:02.872 - records_manager - ERROR - Failed to process telemetry record: KeyError('sm_utilization')
NoneType: None
2026-05-02 02:21:03.237 - records_manager - ERROR - Failed to process telemetry record: KeyError('sm_utilization')
NoneType: None
2026-05-02 02:21:03.238 - records_manager - ERROR - Failed to process telemetry record: KeyError('sm_utilization')
NoneType: None
2026-05-02 02:21:03.601 - records_manager - ERROR - Failed to process telemetry record: KeyError('sm_utilization')
NoneType: None
2026-05-02 02:21:03.602 - records_manager - ERROR - Failed to process telemetry record: KeyError('sm_utilization')
NoneType: None
2026-05-02 02:21:03.962 - records_manager - ERROR - Failed to process telemetry record: KeyError('sm_utilization')
NoneType: None
2026-05-02 02:21:03.963 - records_manager - ERROR - Failed to process telemetry record: KeyError('sm_utilization')
NoneType: None
2026-05-02 02:21:04.319 - records_manager - ERROR - Failed to process telemetry record: KeyError('sm_utilization')
NoneType: None
2026-05-02 02:21:04.320 - records_manager - ERROR - Failed to process telemetry record: KeyError('sm_utilization')
NoneType: None
2026-05-02 02:21:04.677 - records_manager - ERROR - Failed to process telemetry record: KeyError('sm_utilization')
NoneType: None
2026-05-02 02:21:04.678 - records_manager - ERROR - Failed to process telemetry record: KeyError('sm_utilization')
NoneType: None
2026-05-02 02:21:05.034 - records_manager - ERROR - Failed to process telemetry record: KeyError('sm_utilization')
NoneType: None
2026-05-02 02:21:05.034 - records_manager - ERROR - Failed to process telemetry record: KeyError('sm_utilization')
NoneType: None
2026-05-02 02:21:05.392 - records_manager - ERROR - Failed to process telemetry record: KeyError('sm_utilization')
NoneType: None
2026-05-02 02:21:05.392 - records_manager - ERROR - Failed to process telemetry record: KeyError('sm_utilization')
NoneType: None
2026-05-02 02:21:05.753 - records_manager - ERROR - Failed to process telemetry record: KeyError('sm_utilization')
NoneType: None
2026-05-02 02:21:05.754 - records_manager - ERROR - Failed to process telemetry record: KeyError('sm_utilization')
NoneType: None
2026-05-02 02:21:06.115 - records_manager - ERROR - Failed to process telemetry record: KeyError('sm_utilization')
NoneType: None
2026-05-02 02:21:06.116 - records_manager - ERROR - Failed to process telemetry record: KeyError('sm_utilization')
NoneType: None
2026-05-02 02:21:06.471 - records_manager - ERROR - Failed to process telemetry record: KeyError('sm_utilization')
NoneType: None
2026-05-02 02:21:06.472 - records_manager - ERROR - Failed to process telemetry record: KeyError('sm_utilization')
NoneType: None
2026-05-02 02:21:06.854 - records_manager - ERROR - Failed to process telemetry record: KeyError('sm_utilization')
NoneType: None
2026-05-02 02:21:06.855 - records_manager - ERROR - Failed to process telemetry record: KeyError('sm_utilization')
NoneType: None
2026-05-02 02:21:07.219 - records_manager - ERROR - Failed to process telemetry record: KeyError('sm_utilization')
NoneType: None
2026-05-02 02:21:07.223 - records_manager - ERROR - Failed to process telemetry record: KeyError('sm_utilization')
NoneType: None
2026-05-02 02:21:07.575 - records_manager - ERROR - Failed to process telemetry record: KeyError('sm_utilization')
NoneType: None
2026-05-02 02:21:07.575 - records_manager - ERROR - Failed to process telemetry record: KeyError('sm_utilization')
NoneType: None
2026-05-02 02:21:07.933 - records_manager - ERROR - Failed to process telemetry record: KeyError('sm_utilization')
NoneType: None
2026-05-02 02:21:07.934 - records_manager - ERROR - Failed to process telemetry record: KeyError('sm_utilization')
NoneType: None
2026-05-02 02:21:08.293 - records_manager - ERROR - Failed to process telemetry record: KeyError('sm_utilization')
NoneType: None
2026-05-02 02:21:08.294 - records_manager - ERROR - Failed to process telemetry record: KeyError('sm_utilization')
NoneType: None
2026-05-02 02:21:08.656 - records_manager - ERROR - Failed to process telemetry record: KeyError('sm_utilization')
NoneType: None
2026-05-02 02:21:08.657 - records_manager - ERROR - Failed to process telemetry record: KeyError('sm_utilization')
NoneType: None
2026-05-02 02:21:09.017 - records_manager - ERROR - Failed to process telemetry record: KeyError('sm_utilization')
NoneType: None
2026-05-02 02:21:09.017 - records_manager - ERROR - Failed to process telemetry record: KeyError('sm_utilization')
NoneType: None
2026-05-02 02:21:09.373 - records_manager - ERROR - Failed to process telemetry record: KeyError('sm_utilization')
NoneType: None
2026-05-02 02:21:09.379 - records_manager - ERROR - Failed to process telemetry record: KeyError('sm_utilization')
NoneType: None
2026-05-02 02:21:09.730 - records_manager - ERROR - Failed to process telemetry record: KeyError('sm_utilization')
NoneType: None
2026-05-02 02:21:09.731 - records_manager - ERROR - Failed to process telemetry record: KeyError('sm_utilization')
NoneType: None
2026-05-02 02:21:10.087 - records_manager - ERROR - Failed to process telemetry record: KeyError('sm_utilization')
NoneType: None
2026-05-02 02:21:10.088 - records_manager - ERROR - Failed to process telemetry record: KeyError('sm_utilization')
NoneType: None
2026-05-02 02:21:10.443 - records_manager - ERROR - Failed to process telemetry record: KeyError('sm_utilization')
NoneType: None
2026-05-02 02:21:10.444 - records_manager - ERROR - Failed to process telemetry record: KeyError('sm_utilization')
NoneType: None
2026-05-02 02:21:10.804 - records_manager - ERROR - Failed to process telemetry record: KeyError('sm_utilization')
NoneType: None
2026-05-02 02:21:10.805 - records_manager - ERROR - Failed to process telemetry record: KeyError('sm_utilization')
NoneType: None
2026-05-02 02:21:11.166 - records_manager - ERROR - Failed to process telemetry record: KeyError('sm_utilization')
NoneType: None
2026-05-02 02:21:11.167 - records_manager - ERROR - Failed to process telemetry record: KeyError('sm_utilization')
NoneType: None
2026-05-02 02:21:11.527 - records_manager - ERROR - Failed to process telemetry record: KeyError('sm_utilization')
NoneType: None
2026-05-02 02:21:11.528 - records_manager - ERROR - Failed to process telemetry record: KeyError('sm_utilization')
NoneType: None
2026-05-02 02:21:11.886 - records_manager - ERROR - Failed to process telemetry record: KeyError('sm_utilization')
NoneType: None
2026-05-02 02:21:11.890 - records_manager - ERROR - Failed to process telemetry record: KeyError('sm_utilization')
NoneType: None
2026-05-02 02:21:12.246 - records_manager - ERROR - Failed to process telemetry record: KeyError('sm_utilization')
NoneType: None
2026-05-02 02:21:12.248 - records_manager - ERROR - Failed to process telemetry record: KeyError('sm_utilization')
NoneType: None
2026-05-02 02:21:12.603 - records_manager - ERROR - Failed to process telemetry record: KeyError('sm_utilization')
NoneType: None
2026-05-02 02:21:12.604 - records_manager - ERROR - Failed to process telemetry record: KeyError('sm_utilization')
NoneType: None
2026-05-02 02:21:12.961 - records_manager - ERROR - Failed to process telemetry record: KeyError('sm_utilization')
NoneType: None
2026-05-02 02:21:12.962 - records_manager - ERROR - Failed to process telemetry record: KeyError('sm_utilization')
NoneType: None
2026-05-02 02:21:13.324 - records_manager - ERROR - Failed to process telemetry record: KeyError('sm_utilization')
NoneType: None
2026-05-02 02:21:13.324 - records_manager - ERROR - Failed to process telemetry record: KeyError('sm_utilization')
NoneType: None
2026-05-02 02:21:13.680 - records_manager - ERROR - Failed to process telemetry record: KeyError('sm_utilization')
NoneType: None
2026-05-02 02:21:13.681 - records_manager - ERROR - Failed to process telemetry record: KeyError('sm_utilization')
NoneType: None
2026-05-02 02:21:14.036 - records_manager - ERROR - Failed to process telemetry record: KeyError('sm_utilization')
NoneType: None
2026-05-02 02:21:14.037 - records_manager - ERROR - Failed to process telemetry record: KeyError('sm_utilization')
NoneType: None
2026-05-02 02:21:14.398 - records_manager - ERROR - Failed to process telemetry record: KeyError('sm_utilization')
NoneType: None
2026-05-02 02:21:14.400 - records_manager - ERROR - Failed to process telemetry record: KeyError('sm_utilization')
NoneType: None
2026-05-02 02:21:14.763 - records_manager - ERROR - Failed to process telemetry record: KeyError('sm_utilization')
NoneType: None
2026-05-02 02:21:14.763 - records_manager - ERROR - Failed to process telemetry record: KeyError('sm_utilization')
NoneType: None
2026-05-02 02:21:15.124 - records_manager - ERROR - Failed to process telemetry record: KeyError('sm_utilization')
NoneType: None
2026-05-02 02:21:15.125 - records_manager - ERROR - Failed to process telemetry record: KeyError('sm_utilization')
NoneType: None
2026-05-02 02:21:15.484 - records_manager - ERROR - Failed to process telemetry record: KeyError('sm_utilization')
NoneType: None
2026-05-02 02:21:15.485 - records_manager - ERROR - Failed to process telemetry record: KeyError('sm_utilization')
NoneType: None
2026-05-02 02:21:15.844 - records_manager - ERROR - Failed to process telemetry record: KeyError('sm_utilization')
NoneType: None
2026-05-02 02:21:15.845 - records_manager - ERROR - Failed to process telemetry record: KeyError('sm_utilization')
NoneType: None
2026-05-02 02:21:16.201 - records_manager - ERROR - Failed to process telemetry record: KeyError('sm_utilization')
NoneType: None
2026-05-02 02:21:16.202 - records_manager - ERROR - Failed to process telemetry record: KeyError('sm_utilization')
NoneType: None
2026-05-02 02:21:16.563 - records_manager - ERROR - Failed to process telemetry record: KeyError('sm_utilization')
NoneType: None
2026-05-02 02:21:16.564 - records_manager - ERROR - Failed to process telemetry record: KeyError('sm_utilization')
NoneType: None
2026-05-02 02:21:16.926 - records_manager - ERROR - Failed to process telemetry record: KeyError('sm_utilization')
NoneType: None
2026-05-02 02:21:16.926 - records_manager - ERROR - Failed to process telemetry record: KeyError('sm_utilization')
NoneType: None
2026-05-02 02:21:17.284 - records_manager - ERROR - Failed to process telemetry record: KeyError('sm_utilization')
NoneType: None
2026-05-02 02:21:17.285 - records_manager - ERROR - Failed to process telemetry record: KeyError('sm_utilization')
NoneType: None
2026-05-02 02:21:17.645 - records_manager - ERROR - Failed to process telemetry record: KeyError('sm_utilization')
NoneType: None
2026-05-02 02:21:17.645 - records_manager - ERROR - Failed to process telemetry record: KeyError('sm_utilization')
NoneType: None
2026-05-02 02:21:18.005 - records_manager - ERROR - Failed to process telemetry record: KeyError('sm_utilization')
NoneType: None
2026-05-02 02:21:18.006 - records_manager - ERROR - Failed to process telemetry record: KeyError('sm_utilization')
NoneType: None
2026-05-02 02:21:18.365 - records_manager - ERROR - Failed to process telemetry record: KeyError('sm_utilization')
NoneType: None
2026-05-02 02:21:18.366 - records_manager - ERROR - Failed to process telemetry record: KeyError('sm_utilization')
NoneType: None
2026-05-02 02:21:18.721 - records_manager - ERROR - Failed to process telemetry record: KeyError('sm_utilization')
NoneType: None
2026-05-02 02:21:18.722 - records_manager - ERROR - Failed to process telemetry record: KeyError('sm_utilization')
NoneType: None
2026-05-02 02:21:19.080 - records_manager - ERROR - Failed to process telemetry record: KeyError('sm_utilization')
NoneType: None
2026-05-02 02:21:19.080 - records_manager - ERROR - Failed to process telemetry record: KeyError('sm_utilization')
NoneType: None
2026-05-02 02:21:19.446 - records_manager - ERROR - Failed to process telemetry record: KeyError('sm_utilization')
NoneType: None
2026-05-02 02:21:19.446 - records_manager - ERROR - Failed to process telemetry record: KeyError('sm_utilization')
NoneType: None
2026-05-02 02:21:19.807 - records_manager - ERROR - Failed to process telemetry record: KeyError('sm_utilization')
NoneType: None
2026-05-02 02:21:19.807 - records_manager - ERROR - Failed to process telemetry record: KeyError('sm_utilization')
NoneType: None
2026-05-02 02:21:20.170 - records_manager - ERROR - Failed to process telemetry record: KeyError('sm_utilization')
NoneType: None
2026-05-02 02:21:20.170 - records_manager - ERROR - Failed to process telemetry record: KeyError('sm_utilization')
NoneType: None
2026-05-02 02:21:20.528 - records_manager - ERROR - Failed to process telemetry record: KeyError('sm_utilization')
NoneType: None
2026-05-02 02:21:20.529 - records_manager - ERROR - Failed to process telemetry record: KeyError('sm_utilization')
NoneType: None
2026-05-02 02:21:20.885 - records_manager - ERROR - Failed to process telemetry record: KeyError('sm_utilization')
NoneType: None
2026-05-02 02:21:20.886 - records_manager - ERROR - Failed to process telemetry record: KeyError('sm_utilization')
NoneType: None
2026-05-02 02:21:21.241 - records_manager - ERROR - Failed to process telemetry record: KeyError('sm_utilization')
NoneType: None
2026-05-02 02:21:21.242 - records_manager - ERROR - Failed to process telemetry record: KeyError('sm_utilization')
NoneType: None
2026-05-02 02:21:21.609 - records_manager - ERROR - Failed to process telemetry record: KeyError('sm_utilization')
NoneType: None
2026-05-02 02:21:21.609 - records_manager - ERROR - Failed to process telemetry record: KeyError('sm_utilization')
NoneType: None
2026-05-02 02:21:21.972 - records_manager - ERROR - Failed to process telemetry record: KeyError('sm_utilization')
NoneType: None
2026-05-02 02:21:21.972 - records_manager - ERROR - Failed to process telemetry record: KeyError('sm_utilization')
NoneType: None
2026-05-02 02:21:22.332 - records_manager - ERROR - Failed to process telemetry record: KeyError('sm_utilization')
NoneType: None
2026-05-02 02:21:22.333 - records_manager - ERROR - Failed to process telemetry record: KeyError('sm_utilization')
NoneType: None
2026-05-02 02:21:22.688 - records_manager - ERROR - Failed to process telemetry record: KeyError('sm_utilization')
NoneType: None
2026-05-02 02:21:22.689 - records_manager - ERROR - Failed to process telemetry record: KeyError('sm_utilization')
NoneType: None
2026-05-02 02:21:23.046 - records_manager - ERROR - Failed to process telemetry record: KeyError('sm_utilization')
NoneType: None
2026-05-02 02:21:23.047 - records_manager - ERROR - Failed to process telemetry record: KeyError('sm_utilization')
NoneType: None
2026-05-02 02:21:23.407 - records_manager - ERROR - Failed to process telemetry record: KeyError('sm_utilization')
NoneType: None
2026-05-02 02:21:23.408 - records_manager - ERROR - Failed to process telemetry record: KeyError('sm_utilization')
NoneType: None
2026-05-02 02:21:23.779 - records_manager - ERROR - Failed to process telemetry record: KeyError('sm_utilization')
NoneType: None
2026-05-02 02:21:23.780 - records_manager - ERROR - Failed to process telemetry record: KeyError('sm_utilization')
NoneType: None
2026-05-02 02:21:24.142 - records_manager - ERROR - Failed to process telemetry record: KeyError('sm_utilization')
NoneType: None
2026-05-02 02:21:24.143 - records_manager - ERROR - Failed to process telemetry record: KeyError('sm_utilization')
NoneType: None
2026-05-02 02:21:24.500 - records_manager - ERROR - Failed to process telemetry record: KeyError('sm_utilization')
NoneType: None
2026-05-02 02:21:24.501 - records_manager - ERROR - Failed to process telemetry record: KeyError('sm_utilization')
NoneType: None
2026-05-02 02:21:24.861 - records_manager - ERROR - Failed to process telemetry record: KeyError('sm_utilization')
NoneType: None
2026-05-02 02:21:24.862 - records_manager - ERROR - Failed to process telemetry record: KeyError('sm_utilization')
NoneType: None
2026-05-02 02:21:25.225 - records_manager - ERROR - Failed to process telemetry record: KeyError('sm_utilization')
NoneType: None
2026-05-02 02:21:25.225 - records_manager - ERROR - Failed to process telemetry record: KeyError('sm_utilization')
NoneType: None
2026-05-02 02:21:25.582 - records_manager - ERROR - Failed to process telemetry record: KeyError('sm_utilization')
NoneType: None
2026-05-02 02:21:25.583 - records_manager - ERROR - Failed to process telemetry record: KeyError('sm_utilization')
NoneType: None
2026-05-02 02:21:25.940 - records_manager - ERROR - Failed to process telemetry record: KeyError('sm_utilization')
NoneType: None
2026-05-02 02:21:25.940 - records_manager - ERROR - Failed to process telemetry record: KeyError('sm_utilization')
NoneType: None
2026-05-02 02:21:26.296 - records_manager - ERROR - Failed to process telemetry record: KeyError('sm_utilization')
NoneType: None
2026-05-02 02:21:26.297 - records_manager - ERROR - Failed to process telemetry record: KeyError('sm_utilization')
NoneType: None
2026-05-02 02:21:26.654 - records_manager - ERROR - Failed to process telemetry record: KeyError('sm_utilization')
NoneType: None
2026-05-02 02:21:26.655 - records_manager - ERROR - Failed to process telemetry record: KeyError('sm_utilization')
NoneType: None
2026-05-02 02:21:27.020 - records_manager - ERROR - Failed to process telemetry record: KeyError('sm_utilization')
NoneType: None
2026-05-02 02:21:27.021 - records_manager - ERROR - Failed to process telemetry record: KeyError('sm_utilization')
NoneType: None
2026-05-02 02:21:27.381 - records_manager - ERROR - Failed to process telemetry record: KeyError('sm_utilization')
NoneType: None
2026-05-02 02:21:27.381 - records_manager - ERROR - Failed to process telemetry record: KeyError('sm_utilization')
NoneType: None
2026-05-02 02:21:27.743 - records_manager - ERROR - Failed to process telemetry record: KeyError('sm_utilization')
NoneType: None
2026-05-02 02:21:27.744 - records_manager - ERROR - Failed to process telemetry record: KeyError('sm_utilization')
NoneType: None
2026-05-02 02:21:28.099 - records_manager - ERROR - Failed to process telemetry record: KeyError('sm_utilization')
NoneType: None
2026-05-02 02:21:28.100 - records_manager - ERROR - Failed to process telemetry record: KeyError('sm_utilization')
NoneType: None
2026-05-02 02:21:28.458 - records_manager - ERROR - Failed to process telemetry record: KeyError('sm_utilization')
NoneType: None
2026-05-02 02:21:28.459 - records_manager - ERROR - Failed to process telemetry record: KeyError('sm_utilization')
NoneType: None
2026-05-02 02:21:28.821 - records_manager - ERROR - Failed to process telemetry record: KeyError('sm_utilization')
NoneType: None
2026-05-02 02:21:28.822 - records_manager - ERROR - Failed to process telemetry record: KeyError('sm_utilization')
NoneType: None
2026-05-02 02:21:29.182 - records_manager - ERROR - Failed to process telemetry record: KeyError('sm_utilization')
NoneType: None
2026-05-02 02:21:29.183 - records_manager - ERROR - Failed to process telemetry record: KeyError('sm_utilization')
NoneType: None
2026-05-02 02:21:29.541 - records_manager - ERROR - Failed to process telemetry record: KeyError('sm_utilization')
NoneType: None
2026-05-02 02:21:29.541 - records_manager - ERROR - Failed to process telemetry record: KeyError('sm_utilization')
NoneType: None
2026-05-02 02:21:29.898 - records_manager - ERROR - Failed to process telemetry record: KeyError('sm_utilization')
NoneType: None
2026-05-02 02:21:29.899 - records_manager - ERROR - Failed to process telemetry record: KeyError('sm_utilization')
NoneType: None
2026-05-02 02:21:30.260 - records_manager - ERROR - Failed to process telemetry record: KeyError('sm_utilization')
NoneType: None
2026-05-02 02:21:30.260 - records_manager - ERROR - Failed to process telemetry record: KeyError('sm_utilization')
NoneType: None
2026-05-02 02:21:30.622 - records_manager - ERROR - Failed to process telemetry record: KeyError('sm_utilization')
NoneType: None
2026-05-02 02:21:30.623 - records_manager - ERROR - Failed to process telemetry record: KeyError('sm_utilization')
NoneType: None
2026-05-02 02:21:30.979 - records_manager - ERROR - Failed to process telemetry record: KeyError('sm_utilization')
NoneType: None
2026-05-02 02:21:30.980 - records_manager - ERROR - Failed to process telemetry record: KeyError('sm_utilization')
NoneType: None
2026-05-02 02:21:31.340 - records_manager - ERROR - Failed to process telemetry record: KeyError('sm_utilization')
NoneType: None
2026-05-02 02:21:31.341 - records_manager - ERROR - Failed to process telemetry record: KeyError('sm_utilization')
NoneType: None
2026-05-02 02:21:31.696 - records_manager - ERROR - Failed to process telemetry record: KeyError('sm_utilization')
NoneType: None
2026-05-02 02:21:31.697 - records_manager - ERROR - Failed to process telemetry record: KeyError('sm_utilization')
NoneType: None
2026-05-02 02:21:32.074 - records_manager - ERROR - Failed to process telemetry record: KeyError('sm_utilization')
NoneType: None
2026-05-02 02:21:32.075 - records_manager - ERROR - Failed to process telemetry record: KeyError('sm_utilization')
NoneType: None
2026-05-02 02:21:32.440 - records_manager - ERROR - Failed to process telemetry record: KeyError('sm_utilization')
NoneType: None
2026-05-02 02:21:32.441 - records_manager - ERROR - Failed to process telemetry record: KeyError('sm_utilization')
NoneType: None
2026-05-02 02:21:32.797 - records_manager - ERROR - Failed to process telemetry record: KeyError('sm_utilization')
NoneType: None
2026-05-02 02:21:32.797 - records_manager - ERROR - Failed to process telemetry record: KeyError('sm_utilization')
NoneType: None
2026-05-02 02:21:33.153 - records_manager - ERROR - Failed to process telemetry record: KeyError('sm_utilization')
NoneType: None
2026-05-02 02:21:33.153 - records_manager - ERROR - Failed to process telemetry record: KeyError('sm_utilization')
NoneType: None
2026-05-02 02:21:33.509 - records_manager - ERROR - Failed to process telemetry record: KeyError('sm_utilization')
NoneType: None
2026-05-02 02:21:33.510 - records_manager - ERROR - Failed to process telemetry record: KeyError('sm_utilization')
NoneType: None
2026-05-02 02:21:33.868 - records_manager - ERROR - Failed to process telemetry record: KeyError('sm_utilization')
NoneType: None
2026-05-02 02:21:33.869 - records_manager - ERROR - Failed to process telemetry record: KeyError('sm_utilization')
NoneType: None
2026-05-02 02:21:34.227 - records_manager - ERROR - Failed to process telemetry record: KeyError('sm_utilization')
NoneType: None
2026-05-02 02:21:34.228 - records_manager - ERROR - Failed to process telemetry record: KeyError('sm_utilization')
NoneType: None
2026-05-02 02:21:34.587 - records_manager - ERROR - Failed to process telemetry record: KeyError('sm_utilization')
NoneType: None
2026-05-02 02:21:34.588 - records_manager - ERROR - Failed to process telemetry record: KeyError('sm_utilization')
NoneType: None
2026-05-02 02:21:34.952 - records_manager - ERROR - Failed to process telemetry record: KeyError('sm_utilization')
NoneType: None
2026-05-02 02:21:34.952 - records_manager - ERROR - Failed to process telemetry record: KeyError('sm_utilization')
NoneType: None
2026-05-02 02:21:35.313 - records_manager - ERROR - Failed to process telemetry record: KeyError('sm_utilization')
NoneType: None
2026-05-02 02:21:35.314 - records_manager - ERROR - Failed to process telemetry record: KeyError('sm_utilization')
NoneType: None
2026-05-02 02:21:35.669 - records_manager - ERROR - Failed to process telemetry record: KeyError('sm_utilization')
NoneType: None
2026-05-02 02:21:35.670 - records_manager - ERROR - Failed to process telemetry record: KeyError('sm_utilization')
NoneType: None
2026-05-02 02:21:36.026 - records_manager - ERROR - Failed to process telemetry record: KeyError('sm_utilization')
NoneType: None
2026-05-02 02:21:36.027 - records_manager - ERROR - Failed to process telemetry record: KeyError('sm_utilization')
NoneType: None
2026-05-02 02:21:36.388 - records_manager - ERROR - Failed to process telemetry record: KeyError('sm_utilization')
NoneType: None
2026-05-02 02:21:36.388 - records_manager - ERROR - Failed to process telemetry record: KeyError('sm_utilization')
NoneType: None
2026-05-02 02:21:36.745 - records_manager - ERROR - Failed to process telemetry record: KeyError('sm_utilization')
NoneType: None
2026-05-02 02:21:36.745 - records_manager - ERROR - Failed to process telemetry record: KeyError('sm_utilization')
NoneType: None
2026-05-02 02:21:37.101 - records_manager - ERROR - Failed to process telemetry record: KeyError('sm_utilization')
NoneType: None
2026-05-02 02:21:37.102 - records_manager - ERROR - Failed to process telemetry record: KeyError('sm_utilization')
NoneType: None
2026-05-02 02:21:37.464 - records_manager - ERROR - Failed to process telemetry record: KeyError('sm_utilization')
NoneType: None
2026-05-02 02:21:37.465 - records_manager - ERROR - Failed to process telemetry record: KeyError('sm_utilization')
NoneType: None
2026-05-02 02:21:37.828 - records_manager - ERROR - Failed to process telemetry record: KeyError('sm_utilization')
NoneType: None
2026-05-02 02:21:37.829 - records_manager - ERROR - Failed to process telemetry record: KeyError('sm_utilization')
NoneType: None
2026-05-02 02:21:38.188 - records_manager - ERROR - Failed to process telemetry record: KeyError('sm_utilization')
NoneType: None
2026-05-02 02:21:38.189 - records_manager - ERROR - Failed to process telemetry record: KeyError('sm_utilization')
NoneType: None
2026-05-02 02:21:38.554 - records_manager - ERROR - Failed to process telemetry record: KeyError('sm_utilization')
NoneType: None
2026-05-02 02:21:38.554 - records_manager - ERROR - Failed to process telemetry record: KeyError('sm_utilization')
NoneType: None
2026-05-02 02:21:38.917 - records_manager - ERROR - Failed to process telemetry record: KeyError('sm_utilization')
NoneType: None
2026-05-02 02:21:38.917 - records_manager - ERROR - Failed to process telemetry record: KeyError('sm_utilization')
NoneType: None
2026-05-02 02:21:39.277 - records_manager - ERROR - Failed to process telemetry record: KeyError('sm_utilization')
NoneType: None
2026-05-02 02:21:39.278 - records_manager - ERROR - Failed to process telemetry record: KeyError('sm_utilization')
NoneType: None
2026-05-02 02:21:39.634 - records_manager - ERROR - Failed to process telemetry record: KeyError('sm_utilization')
NoneType: None
2026-05-02 02:21:39.649 - records_manager - ERROR - Failed to process telemetry record: KeyError('sm_utilization')
NoneType: None
2026-05-02 02:21:39.991 - records_manager - ERROR - Failed to process telemetry record: KeyError('sm_utilization')
NoneType: None
2026-05-02 02:21:39.992 - records_manager - ERROR - Failed to process telemetry record: KeyError('sm_utilization')
NoneType: None
2026-05-02 02:21:40.347 - records_manager - ERROR - Failed to process telemetry record: KeyError('sm_utilization')
NoneType: None
2026-05-02 02:21:40.348 - records_manager - ERROR - Failed to process telemetry record: KeyError('sm_utilization')
NoneType: None
2026-05-02 02:21:40.705 - records_manager - ERROR - Failed to process telemetry record: KeyError('sm_utilization')
NoneType: None
2026-05-02 02:21:40.710 - records_manager - ERROR - Failed to process telemetry record: KeyError('sm_utilization')
NoneType: None
2026-05-02 02:21:41.068 - records_manager - ERROR - Failed to process telemetry record: KeyError('sm_utilization')
NoneType: None
2026-05-02 02:21:41.068 - records_manager - ERROR - Failed to process telemetry record: KeyError('sm_utilization')
NoneType: None
2026-05-02 02:21:41.426 - records_manager - ERROR - Failed to process telemetry record: KeyError('sm_utilization')
NoneType: None
2026-05-02 02:21:41.426 - records_manager - ERROR - Failed to process telemetry record: KeyError('sm_utilization')
NoneType: None
2026-05-02 02:21:41.782 - records_manager - ERROR - Failed to process telemetry record: KeyError('sm_utilization')
NoneType: None
2026-05-02 02:21:41.794 - records_manager - ERROR - Failed to process telemetry record: KeyError('sm_utilization')
NoneType: None
2026-05-02 02:21:42.142 - records_manager - ERROR - Failed to process telemetry record: KeyError('sm_utilization')
NoneType: None
2026-05-02 02:21:42.148 - records_manager - ERROR - Failed to process telemetry record: KeyError('sm_utilization')
NoneType: None
2026-05-02 02:21:42.505 - records_manager - ERROR - Failed to process telemetry record: KeyError('sm_utilization')
NoneType: None
2026-05-02 02:21:42.505 - records_manager - ERROR - Failed to process telemetry record: KeyError('sm_utilization')
NoneType: None
2026-05-02 02:21:42.870 - records_manager - ERROR - Failed to process telemetry record: KeyError('sm_utilization')
NoneType: None
2026-05-02 02:21:42.872 - records_manager - ERROR - Failed to process telemetry record: KeyError('sm_utilization')
NoneType: None
2026-05-02 02:21:43.227 - records_manager - ERROR - Failed to process telemetry record: KeyError('sm_utilization')
NoneType: None
2026-05-02 02:21:43.227 - records_manager - ERROR - Failed to process telemetry record: KeyError('sm_utilization')
NoneType: None
2026-05-02 02:21:43.584 - records_manager - ERROR - Failed to process telemetry record: KeyError('sm_utilization')
NoneType: None
2026-05-02 02:21:43.585 - records_manager - ERROR - Failed to process telemetry record: KeyError('sm_utilization')
NoneType: None
2026-05-02 02:21:43.945 - records_manager - ERROR - Failed to process telemetry record: KeyError('sm_utilization')
NoneType: None
2026-05-02 02:21:43.946 - records_manager - ERROR - Failed to process telemetry record: KeyError('sm_utilization')
NoneType: None
2026-05-02 02:21:44.303 - records_manager - ERROR - Failed to process telemetry record: KeyError('sm_utilization')
NoneType: None
2026-05-02 02:21:44.303 - records_manager - ERROR - Failed to process telemetry record: KeyError('sm_utilization')
NoneType: None
2026-05-02 02:21:44.667 - records_manager - ERROR - Failed to process telemetry record: KeyError('sm_utilization')
NoneType: None
2026-05-02 02:21:44.669 - records_manager - ERROR - Failed to process telemetry record: KeyError('sm_utilization')
NoneType: None
2026-05-02 02:21:45.026 - records_manager - ERROR - Failed to process telemetry record: KeyError('sm_utilization')
NoneType: None
2026-05-02 02:21:45.030 - records_manager - ERROR - Failed to process telemetry record: KeyError('sm_utilization')
NoneType: None
2026-05-02 02:21:45.382 - records_manager - ERROR - Failed to process telemetry record: KeyError('sm_utilization')
NoneType: None
2026-05-02 02:21:45.382 - records_manager - ERROR - Failed to process telemetry record: KeyError('sm_utilization')
NoneType: None
2026-05-02 02:21:45.740 - records_manager - ERROR - Failed to process telemetry record: KeyError('sm_utilization')
NoneType: None
2026-05-02 02:21:45.749 - records_manager - ERROR - Failed to process telemetry record: KeyError('sm_utilization')
NoneType: None
2026-05-02 02:21:46.098 - records_manager - ERROR - Failed to process telemetry record: KeyError('sm_utilization')
NoneType: None
2026-05-02 02:21:46.113 - records_manager - ERROR - Failed to process telemetry record: KeyError('sm_utilization')
NoneType: None
2026-05-02 02:21:46.453 - records_manager - ERROR - Failed to process telemetry record: KeyError('sm_utilization')
NoneType: None
2026-05-02 02:21:46.459 - records_manager - ERROR - Failed to process telemetry record: KeyError('sm_utilization')
NoneType: None
2026-05-02 02:21:46.810 - records_manager - ERROR - Failed to process telemetry record: KeyError('sm_utilization')
NoneType: None
2026-05-02 02:21:46.811 - records_manager - ERROR - Failed to process telemetry record: KeyError('sm_utilization')
NoneType: None
2026-05-02 02:21:47.172 - records_manager - ERROR - Failed to process telemetry record: KeyError('sm_utilization')
NoneType: None
2026-05-02 02:21:47.173 - records_manager - ERROR - Failed to process telemetry record: KeyError('sm_utilization')
NoneType: None
2026-05-02 02:21:47.544 - records_manager - ERROR - Failed to process telemetry record: KeyError('sm_utilization')
NoneType: None
2026-05-02 02:21:47.569 - records_manager - ERROR - Failed to process telemetry record: KeyError('sm_utilization')
NoneType: None
2026-05-02 02:21:47.905 - records_manager - ERROR - Failed to process telemetry record: KeyError('sm_utilization')
NoneType: None
2026-05-02 02:21:47.910 - records_manager - ERROR - Failed to process telemetry record: KeyError('sm_utilization')
NoneType: None
2026-05-02 02:21:48.267 - records_manager - ERROR - Failed to process telemetry record: KeyError('sm_utilization')
NoneType: None
2026-05-02 02:21:48.267 - records_manager - ERROR - Failed to process telemetry record: KeyError('sm_utilization')
NoneType: None
2026-05-02 02:21:48.625 - records_manager - ERROR - Failed to process telemetry record: KeyError('sm_utilization')
NoneType: None
2026-05-02 02:21:48.626 - records_manager - ERROR - Failed to process telemetry record: KeyError('sm_utilization')
NoneType: None
2026-05-02 02:21:48.982 - records_manager - ERROR - Failed to process telemetry record: KeyError('sm_utilization')
NoneType: None
2026-05-02 02:21:48.990 - records_manager - ERROR - Failed to process telemetry record: KeyError('sm_utilization')
NoneType: None
2026-05-02 02:21:49.343 - records_manager - ERROR - Failed to process telemetry record: KeyError('sm_utilization')
NoneType: None
2026-05-02 02:21:49.347 - records_manager - ERROR - Failed to process telemetry record: KeyError('sm_utilization')
NoneType: None
2026-05-02 02:21:49.703 - records_manager - ERROR - Failed to process telemetry record: KeyError('sm_utilization')
NoneType: None
2026-05-02 02:21:49.703 - records_manager - ERROR - Failed to process telemetry record: KeyError('sm_utilization')
NoneType: None
2026-05-02 02:21:50.060 - records_manager - ERROR - Failed to process telemetry record: KeyError('sm_utilization')
NoneType: None
2026-05-02 02:21:50.061 - records_manager - ERROR - Failed to process telemetry record: KeyError('sm_utilization')
NoneType: None
2026-05-02 02:21:50.417 - records_manager - ERROR - Failed to process telemetry record: KeyError('sm_utilization')
NoneType: None
2026-05-02 02:21:50.417 - records_manager - ERROR - Failed to process telemetry record: KeyError('sm_utilization')
NoneType: None
2026-05-02 02:21:50.775 - records_manager - ERROR - Failed to process telemetry record: KeyError('sm_utilization')
NoneType: None
2026-05-02 02:21:50.775 - records_manager - ERROR - Failed to process telemetry record: KeyError('sm_utilization')
NoneType: None
2026-05-02 02:21:51.139 - records_manager - ERROR - Failed to process telemetry record: KeyError('sm_utilization')
NoneType: None
2026-05-02 02:21:51.139 - records_manager - ERROR - Failed to process telemetry record: KeyError('sm_utilization')
NoneType: None
2026-05-02 02:21:51.495 - records_manager - ERROR - Failed to process telemetry record: KeyError('sm_utilization')
NoneType: None
2026-05-02 02:21:51.508 - records_manager - ERROR - Failed to process telemetry record: KeyError('sm_utilization')
NoneType: None
2026-05-02 02:21:51.856 - records_manager - ERROR - Failed to process telemetry record: KeyError('sm_utilization')
NoneType: None
2026-05-02 02:21:51.876 - records_manager - ERROR - Failed to process telemetry record: KeyError('sm_utilization')
NoneType: None
2026-05-02 02:21:52.213 - records_manager - ERROR - Failed to process telemetry record: KeyError('sm_utilization')
NoneType: None
2026-05-02 02:21:52.213 - records_manager - ERROR - Failed to process telemetry record: KeyError('sm_utilization')
NoneType: None
2026-05-02 02:21:52.575 - records_manager - ERROR - Failed to process telemetry record: KeyError('sm_utilization')
NoneType: None
2026-05-02 02:21:52.576 - records_manager - ERROR - Failed to process telemetry record: KeyError('sm_utilization')
NoneType: None
2026-05-02 02:21:52.961 - records_manager - ERROR - Failed to process telemetry record: KeyError('sm_utilization')
NoneType: None
2026-05-02 02:21:52.962 - records_manager - ERROR - Failed to process telemetry record: KeyError('sm_utilization')
NoneType: None
2026-05-02 02:21:53.318 - records_manager - ERROR - Failed to process telemetry record: KeyError('sm_utilization')
NoneType: None
2026-05-02 02:21:53.319 - records_manager - ERROR - Failed to process telemetry record: KeyError('sm_utilization')
NoneType: None
2026-05-02 02:21:53.677 - records_manager - ERROR - Failed to process telemetry record: KeyError('sm_utilization')
NoneType: None
2026-05-02 02:21:53.679 - records_manager - ERROR - Failed to process telemetry record: KeyError('sm_utilization')
NoneType: None
2026-05-02 02:21:54.033 - records_manager - ERROR - Failed to process telemetry record: KeyError('sm_utilization')
NoneType: None
2026-05-02 02:21:54.042 - records_manager - ERROR - Failed to process telemetry record: KeyError('sm_utilization')
NoneType: None
2026-05-02 02:21:54.393 - records_manager - ERROR - Failed to process telemetry record: KeyError('sm_utilization')
NoneType: None
2026-05-02 02:21:54.394 - records_manager - ERROR - Failed to process telemetry record: KeyError('sm_utilization')
NoneType: None
2026-05-02 02:21:54.756 - records_manager - ERROR - Failed to process telemetry record: KeyError('sm_utilization')
NoneType: None
2026-05-02 02:21:54.759 - records_manager - ERROR - Failed to process telemetry record: KeyError('sm_utilization')
NoneType: None
2026-05-02 02:21:55.115 - records_manager - ERROR - Failed to process telemetry record: KeyError('sm_utilization')
NoneType: None
2026-05-02 02:21:55.118 - records_manager - ERROR - Failed to process telemetry record: KeyError('sm_utilization')
NoneType: None
2026-05-02 02:21:55.474 - records_manager - ERROR - Failed to process telemetry record: KeyError('sm_utilization')
NoneType: None
2026-05-02 02:21:55.487 - records_manager - ERROR - Failed to process telemetry record: KeyError('sm_utilization')
NoneType: None
2026-05-02 02:21:55.831 - records_manager - ERROR - Failed to process telemetry record: KeyError('sm_utilization')
NoneType: None
2026-05-02 02:21:55.832 - records_manager - ERROR - Failed to process telemetry record: KeyError('sm_utilization')
NoneType: None
2026-05-02 02:21:56.192 - records_manager - ERROR - Failed to process telemetry record: KeyError('sm_utilization')
NoneType: None
2026-05-02 02:21:56.193 - records_manager - ERROR - Failed to process telemetry record: KeyError('sm_utilization')
NoneType: None
2026-05-02 02:21:56.552 - records_manager - ERROR - Failed to process telemetry record: KeyError('sm_utilization')
NoneType: None
2026-05-02 02:21:56.553 - records_manager - ERROR - Failed to process telemetry record: KeyError('sm_utilization')
NoneType: None
2026-05-02 02:21:56.908 - records_manager - ERROR - Failed to process telemetry record: KeyError('sm_utilization')
NoneType: None
2026-05-02 02:21:56.909 - records_manager - ERROR - Failed to process telemetry record: KeyError('sm_utilization')
NoneType: None
2026-05-02 02:21:57.274 - records_manager - ERROR - Failed to process telemetry record: KeyError('sm_utilization')
NoneType: None
2026-05-02 02:21:57.274 - records_manager - ERROR - Failed to process telemetry record: KeyError('sm_utilization')
NoneType: None
2026-05-02 02:21:57.631 - records_manager - ERROR - Failed to process telemetry record: KeyError('sm_utilization')
NoneType: None
2026-05-02 02:21:57.632 - records_manager - ERROR - Failed to process telemetry record: KeyError('sm_utilization')
NoneType: None
2026-05-02 02:21:57.990 - records_manager - ERROR - Failed to process telemetry record: KeyError('sm_utilization')
NoneType: None
2026-05-02 02:21:57.990 - records_manager - ERROR - Failed to process telemetry record: KeyError('sm_utilization')
NoneType: None
2026-05-02 02:21:58.351 - records_manager - ERROR - Failed to process telemetry record: KeyError('sm_utilization')
NoneType: None
2026-05-02 02:21:58.361 - records_manager - ERROR - Failed to process telemetry record: KeyError('sm_utilization')
NoneType: None
2026-05-02 02:21:58.713 - records_manager - ERROR - Failed to process telemetry record: KeyError('sm_utilization')
NoneType: None
2026-05-02 02:21:58.717 - records_manager - ERROR - Failed to process telemetry record: KeyError('sm_utilization')
NoneType: None
2026-05-02 02:21:59.077 - records_manager - ERROR - Failed to process telemetry record: KeyError('sm_utilization')
NoneType: None
2026-05-02 02:21:59.078 - records_manager - ERROR - Failed to process telemetry record: KeyError('sm_utilization')
NoneType: None
2026-05-02 02:21:59.433 - records_manager - ERROR - Failed to process telemetry record: KeyError('sm_utilization')
NoneType: None
2026-05-02 02:21:59.434 - records_manager - ERROR - Failed to process telemetry record: KeyError('sm_utilization')
NoneType: None
2026-05-02 02:21:59.793 - records_manager - ERROR - Failed to process telemetry record: KeyError('sm_utilization')
NoneType: None
2026-05-02 02:21:59.793 - records_manager - ERROR - Failed to process telemetry record: KeyError('sm_utilization')
NoneType: None
2026-05-02 02:22:00.157 - records_manager - ERROR - Failed to process telemetry record: KeyError('sm_utilization')
NoneType: None
2026-05-02 02:22:00.158 - records_manager - ERROR - Failed to process telemetry record: KeyError('sm_utilization')
NoneType: None
2026-05-02 02:22:00.514 - records_manager - ERROR - Failed to process telemetry record: KeyError('sm_utilization')
NoneType: None
2026-05-02 02:22:00.515 - records_manager - ERROR - Failed to process telemetry record: KeyError('sm_utilization')
NoneType: None
2026-05-02 02:22:00.873 - records_manager - ERROR - Failed to process telemetry record: KeyError('sm_utilization')
NoneType: None
2026-05-02 02:22:00.874 - records_manager - ERROR - Failed to process telemetry record: KeyError('sm_utilization')
NoneType: None
2026-05-02 02:22:01.231 - records_manager - ERROR - Failed to process telemetry record: KeyError('sm_utilization')
NoneType: None
2026-05-02 02:22:01.237 - records_manager - ERROR - Failed to process telemetry record: KeyError('sm_utilization')
NoneType: None
2026-05-02 02:22:01.589 - records_manager - ERROR - Failed to process telemetry record: KeyError('sm_utilization')
NoneType: None
2026-05-02 02:22:01.597 - records_manager - ERROR - Failed to process telemetry record: KeyError('sm_utilization')
NoneType: None
2026-05-02 02:22:01.948 - records_manager - ERROR - Failed to process telemetry record: KeyError('sm_utilization')
NoneType: None
2026-05-02 02:22:01.949 - records_manager - ERROR - Failed to process telemetry record: KeyError('sm_utilization')
NoneType: None
2026-05-02 02:22:02.309 - records_manager - ERROR - Failed to process telemetry record: KeyError('sm_utilization')
NoneType: None
2026-05-02 02:22:02.310 - records_manager - ERROR - Failed to process telemetry record: KeyError('sm_utilization')
NoneType: None
2026-05-02 02:22:02.666 - records_manager - ERROR - Failed to process telemetry record: KeyError('sm_utilization')
NoneType: None
2026-05-02 02:22:02.668 - records_manager - ERROR - Failed to process telemetry record: KeyError('sm_utilization')
NoneType: None
2026-05-02 02:22:03.046 - records_manager - ERROR - Failed to process telemetry record: KeyError('sm_utilization')
NoneType: None
2026-05-02 02:22:03.054 - records_manager - ERROR - Failed to process telemetry record: KeyError('sm_utilization')
NoneType: None
2026-05-02 02:22:03.411 - records_manager - ERROR - Failed to process telemetry record: KeyError('sm_utilization')
NoneType: None
2026-05-02 02:22:03.411 - records_manager - ERROR - Failed to process telemetry record: KeyError('sm_utilization')
NoneType: None
2026-05-02 02:22:03.774 - records_manager - ERROR - Failed to process telemetry record: KeyError('sm_utilization')
NoneType: None
2026-05-02 02:22:03.774 - records_manager - ERROR - Failed to process telemetry record: KeyError('sm_utilization')
NoneType: None
2026-05-02 02:22:04.132 - records_manager - ERROR - Failed to process telemetry record: KeyError('sm_utilization')
NoneType: None
2026-05-02 02:22:04.153 - records_manager - ERROR - Failed to process telemetry record: KeyError('sm_utilization')
NoneType: None
2026-05-02 02:22:04.489 - records_manager - ERROR - Failed to process telemetry record: KeyError('sm_utilization')
NoneType: None
2026-05-02 02:22:04.492 - records_manager - ERROR - Failed to process telemetry record: KeyError('sm_utilization')
NoneType: None
2026-05-02 02:22:04.846 - records_manager - ERROR - Failed to process telemetry record: KeyError('sm_utilization')
NoneType: None
2026-05-02 02:22:04.846 - records_manager - ERROR - Failed to process telemetry record: KeyError('sm_utilization')
NoneType: None
2026-05-02 02:22:05.203 - records_manager - ERROR - Failed to process telemetry record: KeyError('sm_utilization')
NoneType: None
2026-05-02 02:22:05.203 - records_manager - ERROR - Failed to process telemetry record: KeyError('sm_utilization')
NoneType: None
2026-05-02 02:22:05.566 - records_manager - ERROR - Failed to process telemetry record: KeyError('sm_utilization')
NoneType: None
2026-05-02 02:22:05.571 - records_manager - ERROR - Failed to process telemetry record: KeyError('sm_utilization')
NoneType: None
2026-05-02 02:22:05.930 - records_manager - ERROR - Failed to process telemetry record: KeyError('sm_utilization')
NoneType: None
2026-05-02 02:22:05.930 - records_manager - ERROR - Failed to process telemetry record: KeyError('sm_utilization')
NoneType: None
2026-05-02 02:22:06.292 - records_manager - ERROR - Failed to process telemetry record: KeyError('sm_utilization')
NoneType: None
2026-05-02 02:22:06.292 - records_manager - ERROR - Failed to process telemetry record: KeyError('sm_utilization')
NoneType: None
2026-05-02 02:22:06.662 - records_manager - ERROR - Failed to process telemetry record: KeyError('sm_utilization')
NoneType: None
2026-05-02 02:22:06.663 - records_manager - ERROR - Failed to process telemetry record: KeyError('sm_utilization')
NoneType: None
2026-05-02 02:22:07.021 - records_manager - ERROR - Failed to process telemetry record: KeyError('sm_utilization')
NoneType: None
2026-05-02 02:22:07.022 - records_manager - ERROR - Failed to process telemetry record: KeyError('sm_utilization')
NoneType: None
2026-05-02 02:22:07.380 - records_manager - ERROR - Failed to process telemetry record: KeyError('sm_utilization')
NoneType: None
2026-05-02 02:22:07.381 - records_manager - ERROR - Failed to process telemetry record: KeyError('sm_utilization')
NoneType: None
2026-05-02 02:22:07.742 - records_manager - ERROR - Failed to process telemetry record: KeyError('sm_utilization')
NoneType: None
2026-05-02 02:22:07.754 - records_manager - ERROR - Failed to process telemetry record: KeyError('sm_utilization')
NoneType: None
2026-05-02 02:22:08.100 - records_manager - ERROR - Failed to process telemetry record: KeyError('sm_utilization')
NoneType: None
2026-05-02 02:22:08.113 - records_manager - ERROR - Failed to process telemetry record: KeyError('sm_utilization')
NoneType: None
2026-05-02 02:22:08.458 - records_manager - ERROR - Failed to process telemetry record: KeyError('sm_utilization')
NoneType: None
2026-05-02 02:22:08.459 - records_manager - ERROR - Failed to process telemetry record: KeyError('sm_utilization')
NoneType: None
2026-05-02 02:22:08.815 - records_manager - ERROR - Failed to process telemetry record: KeyError('sm_utilization')
NoneType: None
2026-05-02 02:22:08.816 - records_manager - ERROR - Failed to process telemetry record: KeyError('sm_utilization')
NoneType: None
2026-05-02 02:22:09.175 - records_manager - ERROR - Failed to process telemetry record: KeyError('sm_utilization')
NoneType: None
2026-05-02 02:22:09.184 - records_manager - ERROR - Failed to process telemetry record: KeyError('sm_utilization')
NoneType: None
2026-05-02 02:22:09.535 - records_manager - ERROR - Failed to process telemetry record: KeyError('sm_utilization')
NoneType: None
2026-05-02 02:22:09.535 - records_manager - ERROR - Failed to process telemetry record: KeyError('sm_utilization')
NoneType: None
2026-05-02 02:22:09.895 - records_manager - ERROR - Failed to process telemetry record: KeyError('sm_utilization')
NoneType: None
2026-05-02 02:22:09.895 - records_manager - ERROR - Failed to process telemetry record: KeyError('sm_utilization')
NoneType: None
2026-05-02 02:22:10.256 - records_manager - ERROR - Failed to process telemetry record: KeyError('sm_utilization')
NoneType: None
2026-05-02 02:22:10.256 - records_manager - ERROR - Failed to process telemetry record: KeyError('sm_utilization')
NoneType: None
2026-05-02 02:22:10.620 - records_manager - ERROR - Failed to process telemetry record: KeyError('sm_utilization')
NoneType: None
2026-05-02 02:22:10.621 - records_manager - ERROR - Failed to process telemetry record: KeyError('sm_utilization')
NoneType: None
2026-05-02 02:22:10.982 - records_manager - ERROR - Failed to process telemetry record: KeyError('sm_utilization')
NoneType: None
2026-05-02 02:22:10.982 - records_manager - ERROR - Failed to process telemetry record: KeyError('sm_utilization')
NoneType: None
2026-05-02 02:22:11.341 - records_manager - ERROR - Failed to process telemetry record: KeyError('sm_utilization')
NoneType: None
2026-05-02 02:22:11.342 - records_manager - ERROR - Failed to process telemetry record: KeyError('sm_utilization')
NoneType: None
2026-05-02 02:22:11.701 - records_manager - ERROR - Failed to process telemetry record: KeyError('sm_utilization')
NoneType: None
2026-05-02 02:22:11.702 - records_manager - ERROR - Failed to process telemetry record: KeyError('sm_utilization')
NoneType: None
2026-05-02 02:22:12.059 - records_manager - ERROR - Failed to process telemetry record: KeyError('sm_utilization')
NoneType: None
2026-05-02 02:22:12.061 - records_manager - ERROR - Failed to process telemetry record: KeyError('sm_utilization')
NoneType: None
2026-05-02 02:22:12.416 - records_manager - ERROR - Failed to process telemetry record: KeyError('sm_utilization')
NoneType: None
2026-05-02 02:22:12.416 - records_manager - ERROR - Failed to process telemetry record: KeyError('sm_utilization')
NoneType: None
2026-05-02 02:22:12.773 - records_manager - ERROR - Failed to process telemetry record: KeyError('sm_utilization')
NoneType: None
2026-05-02 02:22:12.777 - records_manager - ERROR - Failed to process telemetry record: KeyError('sm_utilization')
NoneType: None
2026-05-02 02:22:13.134 - records_manager - ERROR - Failed to process telemetry record: KeyError('sm_utilization')
NoneType: None
2026-05-02 02:22:13.135 - records_manager - ERROR - Failed to process telemetry record: KeyError('sm_utilization')
NoneType: None
2026-05-02 02:22:13.493 - records_manager - ERROR - Failed to process telemetry record: KeyError('sm_utilization')
NoneType: None
2026-05-02 02:22:13.499 - records_manager - ERROR - Failed to process telemetry record: KeyError('sm_utilization')
NoneType: None
2026-05-02 02:22:13.856 - records_manager - ERROR - Failed to process telemetry record: KeyError('sm_utilization')
NoneType: None
2026-05-02 02:22:13.871 - records_manager - ERROR - Failed to process telemetry record: KeyError('sm_utilization')
NoneType: None
2026-05-02 02:22:14.220 - records_manager - ERROR - Failed to process telemetry record: KeyError('sm_utilization')
NoneType: None
2026-05-02 02:22:14.221 - records_manager - ERROR - Failed to process telemetry record: KeyError('sm_utilization')
NoneType: None
2026-05-02 02:22:14.584 - records_manager - ERROR - Failed to process telemetry record: KeyError('sm_utilization')
NoneType: None
2026-05-02 02:22:14.585 - records_manager - ERROR - Failed to process telemetry record: KeyError('sm_utilization')
NoneType: None
2026-05-02 02:22:14.945 - records_manager - ERROR - Failed to process telemetry record: KeyError('sm_utilization')
NoneType: None
2026-05-02 02:22:14.945 - records_manager - ERROR - Failed to process telemetry record: KeyError('sm_utilization')
NoneType: None
2026-05-02 02:22:15.304 - records_manager - ERROR - Failed to process telemetry record: KeyError('sm_utilization')
NoneType: None
2026-05-02 02:22:15.305 - records_manager - ERROR - Failed to process telemetry record: KeyError('sm_utilization')
NoneType: None
2026-05-02 02:22:15.660 - records_manager - ERROR - Failed to process telemetry record: KeyError('sm_utilization')
NoneType: None
2026-05-02 02:22:15.661 - records_manager - ERROR - Failed to process telemetry record: KeyError('sm_utilization')
NoneType: None
2026-05-02 02:22:16.017 - records_manager - ERROR - Failed to process telemetry record: KeyError('sm_utilization')
NoneType: None
2026-05-02 02:22:16.029 - records_manager - ERROR - Failed to process telemetry record: KeyError('sm_utilization')
NoneType: None
2026-05-02 02:22:16.375 - records_manager - ERROR - Failed to process telemetry record: KeyError('sm_utilization')
NoneType: None
2026-05-02 02:22:16.385 - records_manager - ERROR - Failed to process telemetry record: KeyError('sm_utilization')
NoneType: None
2026-05-02 02:22:16.734 - records_manager - ERROR - Failed to process telemetry record: KeyError('sm_utilization')
NoneType: None
2026-05-02 02:22:16.735 - records_manager - ERROR - Failed to process telemetry record: KeyError('sm_utilization')
NoneType: None
2026-05-02 02:22:17.093 - records_manager - ERROR - Failed to process telemetry record: KeyError('sm_utilization')
NoneType: None
2026-05-02 02:22:17.094 - records_manager - ERROR - Failed to process telemetry record: KeyError('sm_utilization')
NoneType: None
2026-05-02 02:22:17.449 - records_manager - ERROR - Failed to process telemetry record: KeyError('sm_utilization')
NoneType: None
2026-05-02 02:22:17.450 - records_manager - ERROR - Failed to process telemetry record: KeyError('sm_utilization')
NoneType: None
2026-05-02 02:22:17.810 - records_manager - ERROR - Failed to process telemetry record: KeyError('sm_utilization')
NoneType: None
2026-05-02 02:22:17.818 - records_manager - ERROR - Failed to process telemetry record: KeyError('sm_utilization')
NoneType: None
2026-05-02 02:22:18.169 - records_manager - ERROR - Failed to process telemetry record: KeyError('sm_utilization')
NoneType: None
2026-05-02 02:22:18.169 - records_manager - ERROR - Failed to process telemetry record: KeyError('sm_utilization')
NoneType: None
2026-05-02 02:22:18.553 - records_manager - ERROR - Failed to process telemetry record: KeyError('sm_utilization')
NoneType: None
2026-05-02 02:22:18.554 - records_manager - ERROR - Failed to process telemetry record: KeyError('sm_utilization')
NoneType: None
2026-05-02 02:22:18.917 - records_manager - ERROR - Failed to process telemetry record: KeyError('sm_utilization')
NoneType: None
2026-05-02 02:22:18.931 - records_manager - ERROR - Failed to process telemetry record: KeyError('sm_utilization')
NoneType: None
2026-05-02 02:22:19.277 - records_manager - ERROR - Failed to process telemetry record: KeyError('sm_utilization')
NoneType: None
2026-05-02 02:22:19.278 - records_manager - ERROR - Failed to process telemetry record: KeyError('sm_utilization')
NoneType: None
2026-05-02 02:22:19.642 - records_manager - ERROR - Failed to process telemetry record: KeyError('sm_utilization')
NoneType: None
2026-05-02 02:22:19.643 - records_manager - ERROR - Failed to process telemetry record: KeyError('sm_utilization')
NoneType: None
2026-05-02 02:22:20.003 - records_manager - ERROR - Failed to process telemetry record: KeyError('sm_utilization')
NoneType: None
2026-05-02 02:22:20.004 - records_manager - ERROR - Failed to process telemetry record: KeyError('sm_utilization')
NoneType: None
2026-05-02 02:22:20.362 - records_manager - ERROR - Failed to process telemetry record: KeyError('sm_utilization')
NoneType: None
2026-05-02 02:22:20.362 - records_manager - ERROR - Failed to process telemetry record: KeyError('sm_utilization')
NoneType: None
2026-05-02 02:22:20.720 - records_manager - ERROR - Failed to process telemetry record: KeyError('sm_utilization')
NoneType: None
2026-05-02 02:22:20.720 - records_manager - ERROR - Failed to process telemetry record: KeyError('sm_utilization')
NoneType: None
2026-05-02 02:22:21.081 - records_manager - ERROR - Failed to process telemetry record: KeyError('sm_utilization')
NoneType: None
2026-05-02 02:22:21.081 - records_manager - ERROR - Failed to process telemetry record: KeyError('sm_utilization')
NoneType: None
2026-05-02 02:22:21.440 - records_manager - ERROR - Failed to process telemetry record: KeyError('sm_utilization')
NoneType: None
2026-05-02 02:22:21.441 - records_manager - ERROR - Failed to process telemetry record: KeyError('sm_utilization')
NoneType: None
2026-05-02 02:22:21.798 - records_manager - ERROR - Failed to process telemetry record: KeyError('sm_utilization')
NoneType: None
2026-05-02 02:22:21.798 - records_manager - ERROR - Failed to process telemetry record: KeyError('sm_utilization')
NoneType: None
2026-05-02 02:22:22.158 - records_manager - ERROR - Failed to process telemetry record: KeyError('sm_utilization')
NoneType: None
2026-05-02 02:22:22.158 - records_manager - ERROR - Failed to process telemetry record: KeyError('sm_utilization')
NoneType: None
2026-05-02 02:22:22.515 - records_manager - ERROR - Failed to process telemetry record: KeyError('sm_utilization')
NoneType: None
2026-05-02 02:22:22.515 - records_manager - ERROR - Failed to process telemetry record: KeyError('sm_utilization')
NoneType: None
2026-05-02 02:22:22.894 - records_manager - ERROR - Failed to process telemetry record: KeyError('sm_utilization')
NoneType: None
2026-05-02 02:22:22.897 - records_manager - ERROR - Failed to process telemetry record: KeyError('sm_utilization')
NoneType: None
2026-05-02 02:22:23.256 - records_manager - ERROR - Failed to process telemetry record: KeyError('sm_utilization')
NoneType: None
2026-05-02 02:22:23.256 - records_manager - ERROR - Failed to process telemetry record: KeyError('sm_utilization')
NoneType: None
2026-05-02 02:22:23.613 - records_manager - ERROR - Failed to process telemetry record: KeyError('sm_utilization')
NoneType: None
2026-05-02 02:22:23.614 - records_manager - ERROR - Failed to process telemetry record: KeyError('sm_utilization')
NoneType: None
2026-05-02 02:22:23.973 - records_manager - ERROR - Failed to process telemetry record: KeyError('sm_utilization')
NoneType: None
2026-05-02 02:22:23.974 - records_manager - ERROR - Failed to process telemetry record: KeyError('sm_utilization')
NoneType: None
2026-05-02 02:22:24.331 - records_manager - ERROR - Failed to process telemetry record: KeyError('sm_utilization')
NoneType: None
2026-05-02 02:22:24.331 - records_manager - ERROR - Failed to process telemetry record: KeyError('sm_utilization')
NoneType: None
2026-05-02 02:22:24.690 - records_manager - ERROR - Failed to process telemetry record: KeyError('sm_utilization')
NoneType: None
2026-05-02 02:22:24.690 - records_manager - ERROR - Failed to process telemetry record: KeyError('sm_utilization')
NoneType: None
2026-05-02 02:22:25.047 - records_manager - ERROR - Failed to process telemetry record: KeyError('sm_utilization')
NoneType: None
2026-05-02 02:22:25.047 - records_manager - ERROR - Failed to process telemetry record: KeyError('sm_utilization')
NoneType: None
2026-05-02 02:22:25.402 - records_manager - ERROR - Failed to process telemetry record: KeyError('sm_utilization')
NoneType: None
2026-05-02 02:22:25.403 - records_manager - ERROR - Failed to process telemetry record: KeyError('sm_utilization')
NoneType: None
2026-05-02 02:22:25.765 - records_manager - ERROR - Failed to process telemetry record: KeyError('sm_utilization')
NoneType: None
2026-05-02 02:22:25.765 - records_manager - ERROR - Failed to process telemetry record: KeyError('sm_utilization')
NoneType: None
2026-05-02 02:22:26.121 - records_manager - ERROR - Failed to process telemetry record: KeyError('sm_utilization')
NoneType: None
2026-05-02 02:22:26.122 - records_manager - ERROR - Failed to process telemetry record: KeyError('sm_utilization')
NoneType: None
2026-05-02 02:22:26.482 - records_manager - ERROR - Failed to process telemetry record: KeyError('sm_utilization')
NoneType: None
2026-05-02 02:22:26.483 - records_manager - ERROR - Failed to process telemetry record: KeyError('sm_utilization')
NoneType: None
2026-05-02 02:22:26.842 - records_manager - ERROR - Failed to process telemetry record: KeyError('sm_utilization')
NoneType: None
2026-05-02 02:22:26.842 - records_manager - ERROR - Failed to process telemetry record: KeyError('sm_utilization')
NoneType: None
2026-05-02 02:22:27.202 - records_manager - ERROR - Failed to process telemetry record: KeyError('sm_utilization')
NoneType: None
2026-05-02 02:22:27.207 - records_manager - ERROR - Failed to process telemetry record: KeyError('sm_utilization')
NoneType: None
2026-05-02 02:22:27.565 - records_manager - ERROR - Failed to process telemetry record: KeyError('sm_utilization')
NoneType: None
2026-05-02 02:22:27.565 - records_manager - ERROR - Failed to process telemetry record: KeyError('sm_utilization')
NoneType: None
2026-05-02 02:22:27.922 - records_manager - ERROR - Failed to process telemetry record: KeyError('sm_utilization')
NoneType: None
2026-05-02 02:22:27.925 - records_manager - ERROR - Failed to process telemetry record: KeyError('sm_utilization')
NoneType: None
2026-05-02 02:22:28.277 - records_manager - ERROR - Failed to process telemetry record: KeyError('sm_utilization')
NoneType: None
2026-05-02 02:22:28.281 - records_manager - ERROR - Failed to process telemetry record: KeyError('sm_utilization')
NoneType: None
2026-05-02 02:22:28.633 - records_manager - ERROR - Failed to process telemetry record: KeyError('sm_utilization')
NoneType: None
2026-05-02 02:22:28.638 - records_manager - ERROR - Failed to process telemetry record: KeyError('sm_utilization')
NoneType: None
2026-05-02 02:22:28.993 - records_manager - ERROR - Failed to process telemetry record: KeyError('sm_utilization')
NoneType: None
2026-05-02 02:22:28.994 - records_manager - ERROR - Failed to process telemetry record: KeyError('sm_utilization')
NoneType: None
2026-05-02 02:22:29.354 - records_manager - ERROR - Failed to process telemetry record: KeyError('sm_utilization')
NoneType: None
2026-05-02 02:22:29.355 - records_manager - ERROR - Failed to process telemetry record: KeyError('sm_utilization')
NoneType: None
2026-05-02 02:22:29.711 - records_manager - ERROR - Failed to process telemetry record: KeyError('sm_utilization')
NoneType: None
2026-05-02 02:22:29.712 - records_manager - ERROR - Failed to process telemetry record: KeyError('sm_utilization')
NoneType: None
2026-05-02 02:22:30.068 - records_manager - ERROR - Failed to process telemetry record: KeyError('sm_utilization')
NoneType: None
2026-05-02 02:22:30.069 - records_manager - ERROR - Failed to process telemetry record: KeyError('sm_utilization')
NoneType: None
2026-05-02 02:22:30.429 - records_manager - ERROR - Failed to process telemetry record: KeyError('sm_utilization')
NoneType: None
2026-05-02 02:22:30.434 - records_manager - ERROR - Failed to process telemetry record: KeyError('sm_utilization')
NoneType: None
2026-05-02 02:22:30.789 - records_manager - ERROR - Failed to process telemetry record: KeyError('sm_utilization')
NoneType: None
2026-05-02 02:22:30.790 - records_manager - ERROR - Failed to process telemetry record: KeyError('sm_utilization')
NoneType: None
2026-05-02 02:22:31.152 - records_manager - ERROR - Failed to process telemetry record: KeyError('sm_utilization')
NoneType: None
2026-05-02 02:22:31.152 - records_manager - ERROR - Failed to process telemetry record: KeyError('sm_utilization')
NoneType: None
2026-05-02 02:22:31.512 - records_manager - ERROR - Failed to process telemetry record: KeyError('sm_utilization')
NoneType: None
2026-05-02 02:22:31.513 - records_manager - ERROR - Failed to process telemetry record: KeyError('sm_utilization')
NoneType: None
2026-05-02 02:22:31.870 - records_manager - ERROR - Failed to process telemetry record: KeyError('sm_utilization')
NoneType: None
2026-05-02 02:22:31.871 - records_manager - ERROR - Failed to process telemetry record: KeyError('sm_utilization')
NoneType: None
2026-05-02 02:22:32.231 - records_manager - ERROR - Failed to process telemetry record: KeyError('sm_utilization')
NoneType: None
2026-05-02 02:22:32.232 - records_manager - ERROR - Failed to process telemetry record: KeyError('sm_utilization')
NoneType: None
2026-05-02 02:22:32.594 - records_manager - ERROR - Failed to process telemetry record: KeyError('sm_utilization')
NoneType: None
2026-05-02 02:22:32.594 - records_manager - ERROR - Failed to process telemetry record: KeyError('sm_utilization')
NoneType: None
2026-05-02 02:22:32.963 - records_manager - ERROR - Failed to process telemetry record: KeyError('sm_utilization')
NoneType: None
2026-05-02 02:22:32.964 - records_manager - ERROR - Failed to process telemetry record: KeyError('sm_utilization')
NoneType: None
2026-05-02 02:22:33.319 - records_manager - ERROR - Failed to process telemetry record: KeyError('sm_utilization')
NoneType: None
2026-05-02 02:22:33.320 - records_manager - ERROR - Failed to process telemetry record: KeyError('sm_utilization')
NoneType: None
2026-05-02 02:22:33.677 - records_manager - ERROR - Failed to process telemetry record: KeyError('sm_utilization')
NoneType: None
2026-05-02 02:22:33.677 - records_manager - ERROR - Failed to process telemetry record: KeyError('sm_utilization')
NoneType: None
2026-05-02 02:22:34.033 - records_manager - ERROR - Failed to process telemetry record: KeyError('sm_utilization')
NoneType: None
2026-05-02 02:22:34.034 - records_manager - ERROR - Failed to process telemetry record: KeyError('sm_utilization')
NoneType: None
2026-05-02 02:22:34.392 - records_manager - ERROR - Failed to process telemetry record: KeyError('sm_utilization')
NoneType: None
2026-05-02 02:22:34.393 - records_manager - ERROR - Failed to process telemetry record: KeyError('sm_utilization')
NoneType: None
2026-05-02 02:22:34.758 - records_manager - ERROR - Failed to process telemetry record: KeyError('sm_utilization')
NoneType: None
2026-05-02 02:22:34.759 - records_manager - ERROR - Failed to process telemetry record: KeyError('sm_utilization')
NoneType: None
2026-05-02 02:22:35.121 - records_manager - ERROR - Failed to process telemetry record: KeyError('sm_utilization')
NoneType: None
2026-05-02 02:22:35.121 - records_manager - ERROR - Failed to process telemetry record: KeyError('sm_utilization')
NoneType: None
2026-05-02 02:22:35.482 - records_manager - ERROR - Failed to process telemetry record: KeyError('sm_utilization')
NoneType: None
2026-05-02 02:22:35.483 - records_manager - ERROR - Failed to process telemetry record: KeyError('sm_utilization')
NoneType: None
2026-05-02 02:22:35.844 - records_manager - ERROR - Failed to process telemetry record: KeyError('sm_utilization')
NoneType: None
2026-05-02 02:22:35.844 - records_manager - ERROR - Failed to process telemetry record: KeyError('sm_utilization')
NoneType: None
2026-05-02 02:22:36.200 - records_manager - ERROR - Failed to process telemetry record: KeyError('sm_utilization')
NoneType: None
2026-05-02 02:22:36.200 - records_manager - ERROR - Failed to process telemetry record: KeyError('sm_utilization')
NoneType: None
2026-05-02 02:22:36.555 - records_manager - ERROR - Failed to process telemetry record: KeyError('sm_utilization')
NoneType: None
2026-05-02 02:22:36.556 - records_manager - ERROR - Failed to process telemetry record: KeyError('sm_utilization')
NoneType: None
2026-05-02 02:22:36.916 - records_manager - ERROR - Failed to process telemetry record: KeyError('sm_utilization')
NoneType: None
2026-05-02 02:22:36.917 - records_manager - ERROR - Failed to process telemetry record: KeyError('sm_utilization')
NoneType: None
2026-05-02 02:22:37.277 - records_manager - ERROR - Failed to process telemetry record: KeyError('sm_utilization')
NoneType: None
2026-05-02 02:22:37.277 - records_manager - ERROR - Failed to process telemetry record: KeyError('sm_utilization')
NoneType: None
2026-05-02 02:22:37.637 - records_manager - ERROR - Failed to process telemetry record: KeyError('sm_utilization')
NoneType: None
2026-05-02 02:22:37.638 - records_manager - ERROR - Failed to process telemetry record: KeyError('sm_utilization')
NoneType: None
2026-05-02 02:22:38.001 - records_manager - ERROR - Failed to process telemetry record: KeyError('sm_utilization')
NoneType: None
2026-05-02 02:22:38.002 - records_manager - ERROR - Failed to process telemetry record: KeyError('sm_utilization')
NoneType: None
2026-05-02 02:22:38.370 - records_manager - ERROR - Failed to process telemetry record: KeyError('sm_utilization')
NoneType: None
2026-05-02 02:22:38.371 - records_manager - ERROR - Failed to process telemetry record: KeyError('sm_utilization')
NoneType: None
2026-05-02 02:22:38.734 - records_manager - ERROR - Failed to process telemetry record: KeyError('sm_utilization')
NoneType: None
2026-05-02 02:22:38.735 - records_manager - ERROR - Failed to process telemetry record: KeyError('sm_utilization')
NoneType: None
2026-05-02 02:22:39.097 - records_manager - ERROR - Failed to process telemetry record: KeyError('sm_utilization')
NoneType: None
2026-05-02 02:22:39.103 - records_manager - ERROR - Failed to process telemetry record: KeyError('sm_utilization')
NoneType: None
2026-05-02 02:22:39.460 - records_manager - ERROR - Failed to process telemetry record: KeyError('sm_utilization')
NoneType: None
2026-05-02 02:22:39.463 - records_manager - ERROR - Failed to process telemetry record: KeyError('sm_utilization')
NoneType: None
2026-05-02 02:22:39.818 - records_manager - ERROR - Failed to process telemetry record: KeyError('sm_utilization')
NoneType: None
2026-05-02 02:22:39.818 - records_manager - ERROR - Failed to process telemetry record: KeyError('sm_utilization')
NoneType: None
2026-05-02 02:22:40.174 - records_manager - ERROR - Failed to process telemetry record: KeyError('sm_utilization')
NoneType: None
2026-05-02 02:22:40.175 - records_manager - ERROR - Failed to process telemetry record: KeyError('sm_utilization')
NoneType: None
2026-05-02 02:22:40.531 - records_manager - ERROR - Failed to process telemetry record: KeyError('sm_utilization')
NoneType: None
2026-05-02 02:22:40.535 - records_manager - ERROR - Failed to process telemetry record: KeyError('sm_utilization')
NoneType: None
2026-05-02 02:22:40.892 - records_manager - ERROR - Failed to process telemetry record: KeyError('sm_utilization')
NoneType: None
2026-05-02 02:22:40.892 - records_manager - ERROR - Failed to process telemetry record: KeyError('sm_utilization')
NoneType: None
2026-05-02 02:22:41.250 - records_manager - ERROR - Failed to process telemetry record: KeyError('sm_utilization')
NoneType: None
2026-05-02 02:22:41.250 - records_manager - ERROR - Failed to process telemetry record: KeyError('sm_utilization')
NoneType: None
2026-05-02 02:22:41.606 - records_manager - ERROR - Failed to process telemetry record: KeyError('sm_utilization')
NoneType: None
2026-05-02 02:22:41.606 - records_manager - ERROR - Failed to process telemetry record: KeyError('sm_utilization')
NoneType: None
2026-05-02 02:22:41.962 - records_manager - ERROR - Failed to process telemetry record: KeyError('sm_utilization')
NoneType: None
2026-05-02 02:22:41.963 - records_manager - ERROR - Failed to process telemetry record: KeyError('sm_utilization')
NoneType: None
2026-05-02 02:22:42.320 - records_manager - ERROR - Failed to process telemetry record: KeyError('sm_utilization')
NoneType: None
2026-05-02 02:22:42.321 - records_manager - ERROR - Failed to process telemetry record: KeyError('sm_utilization')
NoneType: None
2026-05-02 02:22:42.680 - records_manager - ERROR - Failed to process telemetry record: KeyError('sm_utilization')
NoneType: None
2026-05-02 02:22:42.682 - records_manager - ERROR - Failed to process telemetry record: KeyError('sm_utilization')
NoneType: None
2026-05-02 02:22:43.050 - records_manager - ERROR - Failed to process telemetry record: KeyError('sm_utilization')
NoneType: None
2026-05-02 02:22:43.051 - records_manager - ERROR - Failed to process telemetry record: KeyError('sm_utilization')
NoneType: None
2026-05-02 02:22:43.413 - records_manager - ERROR - Failed to process telemetry record: KeyError('sm_utilization')
NoneType: None
2026-05-02 02:22:43.414 - records_manager - ERROR - Failed to process telemetry record: KeyError('sm_utilization')
NoneType: None
2026-05-02 02:22:43.781 - records_manager - ERROR - Failed to process telemetry record: KeyError('sm_utilization')
NoneType: None
2026-05-02 02:22:43.782 - records_manager - ERROR - Failed to process telemetry record: KeyError('sm_utilization')
NoneType: None
2026-05-02 02:22:44.141 - records_manager - ERROR - Failed to process telemetry record: KeyError('sm_utilization')
NoneType: None
2026-05-02 02:22:44.141 - records_manager - ERROR - Failed to process telemetry record: KeyError('sm_utilization')
NoneType: None
2026-05-02 02:22:44.504 - records_manager - ERROR - Failed to process telemetry record: KeyError('sm_utilization')
NoneType: None
2026-05-02 02:22:44.505 - records_manager - ERROR - Failed to process telemetry record: KeyError('sm_utilization')
NoneType: None
2026-05-02 02:22:44.865 - records_manager - ERROR - Failed to process telemetry record: KeyError('sm_utilization')
NoneType: None
2026-05-02 02:22:44.866 - records_manager - ERROR - Failed to process telemetry record: KeyError('sm_utilization')
NoneType: None
2026-05-02 02:22:45.223 - records_manager - ERROR - Failed to process telemetry record: KeyError('sm_utilization')
NoneType: None
2026-05-02 02:22:45.226 - records_manager - ERROR - Failed to process telemetry record: KeyError('sm_utilization')
NoneType: None
2026-05-02 02:22:45.580 - records_manager - ERROR - Failed to process telemetry record: KeyError('sm_utilization')
NoneType: None
2026-05-02 02:22:45.581 - records_manager - ERROR - Failed to process telemetry record: KeyError('sm_utilization')
NoneType: None
2026-05-02 02:22:45.936 - records_manager - ERROR - Failed to process telemetry record: KeyError('sm_utilization')
NoneType: None
2026-05-02 02:22:45.939 - records_manager - ERROR - Failed to process telemetry record: KeyError('sm_utilization')
NoneType: None
2026-05-02 02:22:46.299 - records_manager - ERROR - Failed to process telemetry record: KeyError('sm_utilization')
NoneType: None
2026-05-02 02:22:46.300 - records_manager - ERROR - Failed to process telemetry record: KeyError('sm_utilization')
NoneType: None
2026-05-02 02:22:46.654 - records_manager - ERROR - Failed to process telemetry record: KeyError('sm_utilization')
NoneType: None
2026-05-02 02:22:46.655 - records_manager - ERROR - Failed to process telemetry record: KeyError('sm_utilization')
NoneType: None
2026-05-02 02:22:47.013 - records_manager - ERROR - Failed to process telemetry record: KeyError('sm_utilization')
NoneType: None
2026-05-02 02:22:47.014 - records_manager - ERROR - Failed to process telemetry record: KeyError('sm_utilization')
NoneType: None
2026-05-02 02:22:47.380 - records_manager - ERROR - Failed to process telemetry record: KeyError('sm_utilization')
NoneType: None
2026-05-02 02:22:47.387 - records_manager - ERROR - Failed to process telemetry record: KeyError('sm_utilization')
NoneType: None
2026-05-02 02:22:47.737 - records_manager - ERROR - Failed to process telemetry record: KeyError('sm_utilization')
NoneType: None
2026-05-02 02:22:47.737 - records_manager - ERROR - Failed to process telemetry record: KeyError('sm_utilization')
NoneType: None
2026-05-02 02:22:48.105 - records_manager - ERROR - Failed to process telemetry record: KeyError('sm_utilization')
NoneType: None
2026-05-02 02:22:48.106 - records_manager - ERROR - Failed to process telemetry record: KeyError('sm_utilization')
NoneType: None
2026-05-02 02:22:48.461 - records_manager - ERROR - Failed to process telemetry record: KeyError('sm_utilization')
NoneType: None
2026-05-02 02:22:48.462 - records_manager - ERROR - Failed to process telemetry record: KeyError('sm_utilization')
NoneType: None
2026-05-02 02:22:48.821 - records_manager - ERROR - Failed to process telemetry record: KeyError('sm_utilization')
NoneType: None
2026-05-02 02:22:48.821 - records_manager - ERROR - Failed to process telemetry record: KeyError('sm_utilization')
NoneType: None
2026-05-02 02:22:49.182 - records_manager - ERROR - Failed to process telemetry record: KeyError('sm_utilization')
NoneType: None
2026-05-02 02:22:49.183 - records_manager - ERROR - Failed to process telemetry record: KeyError('sm_utilization')
NoneType: None
2026-05-02 02:22:49.543 - records_manager - ERROR - Failed to process telemetry record: KeyError('sm_utilization')
NoneType: None
2026-05-02 02:22:49.544 - records_manager - ERROR - Failed to process telemetry record: KeyError('sm_utilization')
NoneType: None
2026-05-02 02:22:49.902 - records_manager - ERROR - Failed to process telemetry record: KeyError('sm_utilization')
NoneType: None
2026-05-02 02:22:49.903 - records_manager - ERROR - Failed to process telemetry record: KeyError('sm_utilization')
NoneType: None
2026-05-02 02:22:50.258 - records_manager - ERROR - Failed to process telemetry record: KeyError('sm_utilization')
NoneType: None
2026-05-02 02:22:50.259 - records_manager - ERROR - Failed to process telemetry record: KeyError('sm_utilization')
NoneType: None
2026-05-02 02:22:50.615 - records_manager - ERROR - Failed to process telemetry record: KeyError('sm_utilization')
NoneType: None
2026-05-02 02:22:50.621 - records_manager - ERROR - Failed to process telemetry record: KeyError('sm_utilization')
NoneType: None
2026-05-02 02:22:50.978 - records_manager - ERROR - Failed to process telemetry record: KeyError('sm_utilization')
NoneType: None
2026-05-02 02:22:50.979 - records_manager - ERROR - Failed to process telemetry record: KeyError('sm_utilization')
NoneType: None
2026-05-02 02:22:51.337 - records_manager - ERROR - Failed to process telemetry record: KeyError('sm_utilization')
NoneType: None
2026-05-02 02:22:51.338 - records_manager - ERROR - Failed to process telemetry record: KeyError('sm_utilization')
NoneType: None
2026-05-02 02:22:51.712 - records_manager - ERROR - Failed to process telemetry record: KeyError('sm_utilization')
NoneType: None
2026-05-02 02:22:51.713 - records_manager - ERROR - Failed to process telemetry record: KeyError('sm_utilization')
NoneType: None
2026-05-02 02:22:52.078 - records_manager - ERROR - Failed to process telemetry record: KeyError('sm_utilization')
NoneType: None
2026-05-02 02:22:52.078 - records_manager - ERROR - Failed to process telemetry record: KeyError('sm_utilization')
NoneType: None
2026-05-02 02:22:52.451 - records_manager - ERROR - Failed to process telemetry record: KeyError('sm_utilization')
NoneType: None
2026-05-02 02:22:52.452 - records_manager - ERROR - Failed to process telemetry record: KeyError('sm_utilization')
NoneType: None
2026-05-02 02:22:52.807 - records_manager - ERROR - Failed to process telemetry record: KeyError('sm_utilization')
NoneType: None
2026-05-02 02:22:52.814 - records_manager - ERROR - Failed to process telemetry record: KeyError('sm_utilization')
NoneType: None
2026-05-02 02:22:53.166 - records_manager - ERROR - Failed to process telemetry record: KeyError('sm_utilization')
NoneType: None
2026-05-02 02:22:53.167 - records_manager - ERROR - Failed to process telemetry record: KeyError('sm_utilization')
NoneType: None
2026-05-02 02:22:53.523 - records_manager - ERROR - Failed to process telemetry record: KeyError('sm_utilization')
NoneType: None
2026-05-02 02:22:53.523 - records_manager - ERROR - Failed to process telemetry record: KeyError('sm_utilization')
NoneType: None
2026-05-02 02:22:53.879 - records_manager - ERROR - Failed to process telemetry record: KeyError('sm_utilization')
NoneType: None
2026-05-02 02:22:53.886 - records_manager - ERROR - Failed to process telemetry record: KeyError('sm_utilization')
NoneType: None
2026-05-02 02:22:54.239 - records_manager - ERROR - Failed to process telemetry record: KeyError('sm_utilization')
NoneType: None
2026-05-02 02:22:54.239 - records_manager - ERROR - Failed to process telemetry record: KeyError('sm_utilization')
NoneType: None
2026-05-02 02:22:54.599 - records_manager - ERROR - Failed to process telemetry record: KeyError('sm_utilization')
NoneType: None
2026-05-02 02:22:54.688 - records_manager - ERROR - Failed to process telemetry record: KeyError('sm_utilization')
NoneType: None
2026-05-02 02:22:54.959 - records_manager - ERROR - Failed to process telemetry record: KeyError('sm_utilization')
NoneType: None
2026-05-02 02:22:54.959 - records_manager - ERROR - Failed to process telemetry record: KeyError('sm_utilization')
NoneType: None
2026-05-02 02:22:55.315 - records_manager - ERROR - Failed to process telemetry record: KeyError('sm_utilization')
NoneType: None
2026-05-02 02:22:55.316 - records_manager - ERROR - Failed to process telemetry record: KeyError('sm_utilization')
NoneType: None
2026-05-02 02:22:55.678 - records_manager - ERROR - Failed to process telemetry record: KeyError('sm_utilization')
NoneType: None
2026-05-02 02:22:55.679 - records_manager - ERROR - Failed to process telemetry record: KeyError('sm_utilization')
NoneType: None
2026-05-02 02:22:56.038 - records_manager - ERROR - Failed to process telemetry record: KeyError('sm_utilization')
NoneType: None
2026-05-02 02:22:56.042 - records_manager - ERROR - Failed to process telemetry record: KeyError('sm_utilization')
NoneType: None
2026-05-02 02:22:56.394 - records_manager - ERROR - Failed to process telemetry record: KeyError('sm_utilization')
NoneType: None
2026-05-02 02:22:56.394 - records_manager - ERROR - Failed to process telemetry record: KeyError('sm_utilization')
NoneType: None
2026-05-02 02:22:56.753 - records_manager - ERROR - Failed to process telemetry record: KeyError('sm_utilization')
NoneType: None
2026-05-02 02:22:56.754 - records_manager - ERROR - Failed to process telemetry record: KeyError('sm_utilization')
NoneType: None
2026-05-02 02:22:57.110 - records_manager - ERROR - Failed to process telemetry record: KeyError('sm_utilization')
NoneType: None
2026-05-02 02:22:57.113 - records_manager - ERROR - Failed to process telemetry record: KeyError('sm_utilization')
NoneType: None
2026-05-02 02:22:57.473 - records_manager - ERROR - Failed to process telemetry record: KeyError('sm_utilization')
NoneType: None
2026-05-02 02:22:57.474 - records_manager - ERROR - Failed to process telemetry record: KeyError('sm_utilization')
NoneType: None
2026-05-02 02:22:57.832 - records_manager - ERROR - Failed to process telemetry record: KeyError('sm_utilization')
NoneType: None
2026-05-02 02:22:57.835 - records_manager - ERROR - Failed to process telemetry record: KeyError('sm_utilization')
NoneType: None
2026-05-02 02:22:58.194 - records_manager - ERROR - Failed to process telemetry record: KeyError('sm_utilization')
NoneType: None
2026-05-02 02:22:58.195 - records_manager - ERROR - Failed to process telemetry record: KeyError('sm_utilization')
NoneType: None
2026-05-02 02:22:58.557 - records_manager - ERROR - Failed to process telemetry record: KeyError('sm_utilization')
NoneType: None
2026-05-02 02:22:58.558 - records_manager - ERROR - Failed to process telemetry record: KeyError('sm_utilization')
NoneType: None
2026-05-02 02:22:58.917 - records_manager - ERROR - Failed to process telemetry record: KeyError('sm_utilization')
NoneType: None
2026-05-02 02:22:58.918 - records_manager - ERROR - Failed to process telemetry record: KeyError('sm_utilization')
NoneType: None
2026-05-02 02:22:59.278 - records_manager - ERROR - Failed to process telemetry record: KeyError('sm_utilization')
NoneType: None
2026-05-02 02:22:59.279 - records_manager - ERROR - Failed to process telemetry record: KeyError('sm_utilization')
NoneType: None
2026-05-02 02:22:59.640 - records_manager - ERROR - Failed to process telemetry record: KeyError('sm_utilization')
NoneType: None
2026-05-02 02:22:59.641 - records_manager - ERROR - Failed to process telemetry record: KeyError('sm_utilization')
NoneType: None
2026-05-02 02:23:00.003 - records_manager - ERROR - Failed to process telemetry record: KeyError('sm_utilization')
NoneType: None
2026-05-02 02:23:00.005 - records_manager - ERROR - Failed to process telemetry record: KeyError('sm_utilization')
NoneType: None
2026-05-02 02:23:00.362 - records_manager - ERROR - Failed to process telemetry record: KeyError('sm_utilization')
NoneType: None
2026-05-02 02:23:00.368 - records_manager - ERROR - Failed to process telemetry record: KeyError('sm_utilization')
NoneType: None
2026-05-02 02:23:00.719 - records_manager - ERROR - Failed to process telemetry record: KeyError('sm_utilization')
NoneType: None
2026-05-02 02:23:00.720 - records_manager - ERROR - Failed to process telemetry record: KeyError('sm_utilization')
NoneType: None
2026-05-02 02:23:01.078 - records_manager - ERROR - Failed to process telemetry record: KeyError('sm_utilization')
NoneType: None
2026-05-02 02:23:01.079 - records_manager - ERROR - Failed to process telemetry record: KeyError('sm_utilization')
NoneType: None
2026-05-02 02:23:01.435 - records_manager - ERROR - Failed to process telemetry record: KeyError('sm_utilization')
NoneType: None
2026-05-02 02:23:01.435 - records_manager - ERROR - Failed to process telemetry record: KeyError('sm_utilization')
NoneType: None
2026-05-02 02:23:01.794 - records_manager - ERROR - Failed to process telemetry record: KeyError('sm_utilization')
NoneType: None
2026-05-02 02:23:01.795 - records_manager - ERROR - Failed to process telemetry record: KeyError('sm_utilization')
NoneType: None
2026-05-02 02:23:02.154 - records_manager - ERROR - Failed to process telemetry record: KeyError('sm_utilization')
NoneType: None
2026-05-02 02:23:02.155 - records_manager - ERROR - Failed to process telemetry record: KeyError('sm_utilization')
NoneType: None
2026-05-02 02:23:02.513 - records_manager - ERROR - Failed to process telemetry record: KeyError('sm_utilization')
NoneType: None
2026-05-02 02:23:02.514 - records_manager - ERROR - Failed to process telemetry record: KeyError('sm_utilization')
NoneType: None
2026-05-02 02:23:02.891 - records_manager - ERROR - Failed to process telemetry record: KeyError('sm_utilization')
NoneType: None
2026-05-02 02:23:02.892 - records_manager - ERROR - Failed to process telemetry record: KeyError('sm_utilization')
NoneType: None
2026-05-02 02:23:03.251 - records_manager - ERROR - Failed to process telemetry record: KeyError('sm_utilization')
NoneType: None
2026-05-02 02:23:03.252 - records_manager - ERROR - Failed to process telemetry record: KeyError('sm_utilization')
NoneType: None
2026-05-02 02:23:03.610 - records_manager - ERROR - Failed to process telemetry record: KeyError('sm_utilization')
NoneType: None
2026-05-02 02:23:03.618 - records_manager - ERROR - Failed to process telemetry record: KeyError('sm_utilization')
NoneType: None
2026-05-02 02:23:03.966 - records_manager - ERROR - Failed to process telemetry record: KeyError('sm_utilization')
NoneType: None
2026-05-02 02:23:03.972 - records_manager - ERROR - Failed to process telemetry record: KeyError('sm_utilization')
NoneType: None
2026-05-02 02:23:04.326 - records_manager - ERROR - Failed to process telemetry record: KeyError('sm_utilization')
NoneType: None
2026-05-02 02:23:04.327 - records_manager - ERROR - Failed to process telemetry record: KeyError('sm_utilization')
NoneType: None
2026-05-02 02:23:04.692 - records_manager - ERROR - Failed to process telemetry record: KeyError('sm_utilization')
NoneType: None
2026-05-02 02:23:04.706 - records_manager - ERROR - Failed to process telemetry record: KeyError('sm_utilization')
NoneType: None
2026-05-02 02:23:05.050 - records_manager - ERROR - Failed to process telemetry record: KeyError('sm_utilization')
NoneType: None
2026-05-02 02:23:05.050 - records_manager - ERROR - Failed to process telemetry record: KeyError('sm_utilization')
NoneType: None
2026-05-02 02:23:05.409 - records_manager - ERROR - Failed to process telemetry record: KeyError('sm_utilization')
NoneType: None
2026-05-02 02:23:05.409 - records_manager - ERROR - Failed to process telemetry record: KeyError('sm_utilization')
NoneType: None
2026-05-02 02:23:05.766 - records_manager - ERROR - Failed to process telemetry record: KeyError('sm_utilization')
NoneType: None
2026-05-02 02:23:05.767 - records_manager - ERROR - Failed to process telemetry record: KeyError('sm_utilization')
NoneType: None
2026-05-02 02:23:06.122 - records_manager - ERROR - Failed to process telemetry record: KeyError('sm_utilization')
NoneType: None
2026-05-02 02:23:06.123 - records_manager - ERROR - Failed to process telemetry record: KeyError('sm_utilization')
NoneType: None
2026-05-02 02:23:06.483 - records_manager - ERROR - Failed to process telemetry record: KeyError('sm_utilization')
NoneType: None
2026-05-02 02:23:06.484 - records_manager - ERROR - Failed to process telemetry record: KeyError('sm_utilization')
NoneType: None
2026-05-02 02:23:06.842 - records_manager - ERROR - Failed to process telemetry record: KeyError('sm_utilization')
NoneType: None
2026-05-02 02:23:06.847 - records_manager - ERROR - Failed to process telemetry record: KeyError('sm_utilization')
NoneType: None
2026-05-02 02:23:07.198 - records_manager - ERROR - Failed to process telemetry record: KeyError('sm_utilization')
NoneType: None
2026-05-02 02:23:07.199 - records_manager - ERROR - Failed to process telemetry record: KeyError('sm_utilization')
NoneType: None
2026-05-02 02:23:07.563 - records_manager - ERROR - Failed to process telemetry record: KeyError('sm_utilization')
NoneType: None
2026-05-02 02:23:07.564 - records_manager - ERROR - Failed to process telemetry record: KeyError('sm_utilization')
NoneType: None
2026-05-02 02:23:07.921 - records_manager - ERROR - Failed to process telemetry record: KeyError('sm_utilization')
NoneType: None
2026-05-02 02:23:07.928 - records_manager - ERROR - Failed to process telemetry record: KeyError('sm_utilization')
NoneType: None
2026-05-02 02:23:08.280 - records_manager - ERROR - Failed to process telemetry record: KeyError('sm_utilization')
NoneType: None
2026-05-02 02:23:08.281 - records_manager - ERROR - Failed to process telemetry record: KeyError('sm_utilization')
NoneType: None
2026-05-02 02:23:08.637 - records_manager - ERROR - Failed to process telemetry record: KeyError('sm_utilization')
NoneType: None
2026-05-02 02:23:08.638 - records_manager - ERROR - Failed to process telemetry record: KeyError('sm_utilization')
NoneType: None
2026-05-02 02:23:08.995 - records_manager - ERROR - Failed to process telemetry record: KeyError('sm_utilization')
NoneType: None
2026-05-02 02:23:08.996 - records_manager - ERROR - Failed to process telemetry record: KeyError('sm_utilization')
NoneType: None
2026-05-02 02:23:09.353 - records_manager - ERROR - Failed to process telemetry record: KeyError('sm_utilization')
NoneType: None
2026-05-02 02:23:09.353 - records_manager - ERROR - Failed to process telemetry record: KeyError('sm_utilization')
NoneType: None
2026-05-02 02:23:09.714 - records_manager - ERROR - Failed to process telemetry record: KeyError('sm_utilization')
NoneType: None
2026-05-02 02:23:09.715 - records_manager - ERROR - Failed to process telemetry record: KeyError('sm_utilization')
NoneType: None
2026-05-02 02:23:10.073 - records_manager - ERROR - Failed to process telemetry record: KeyError('sm_utilization')
NoneType: None
2026-05-02 02:23:10.073 - records_manager - ERROR - Failed to process telemetry record: KeyError('sm_utilization')
NoneType: None
2026-05-02 02:23:10.428 - records_manager - ERROR - Failed to process telemetry record: KeyError('sm_utilization')
NoneType: None
2026-05-02 02:23:10.428 - records_manager - ERROR - Failed to process telemetry record: KeyError('sm_utilization')
NoneType: None
2026-05-02 02:23:10.793 - records_manager - ERROR - Failed to process telemetry record: KeyError('sm_utilization')
NoneType: None
2026-05-02 02:23:10.794 - records_manager - ERROR - Failed to process telemetry record: KeyError('sm_utilization')
NoneType: None
2026-05-02 02:23:11.152 - records_manager - ERROR - Failed to process telemetry record: KeyError('sm_utilization')
NoneType: None
2026-05-02 02:23:11.160 - records_manager - ERROR - Failed to process telemetry record: KeyError('sm_utilization')
NoneType: None
2026-05-02 02:23:11.511 - records_manager - ERROR - Failed to process telemetry record: KeyError('sm_utilization')
NoneType: None
2026-05-02 02:23:11.512 - records_manager - ERROR - Failed to process telemetry record: KeyError('sm_utilization')
NoneType: None
2026-05-02 02:23:11.869 - records_manager - ERROR - Failed to process telemetry record: KeyError('sm_utilization')
NoneType: None
2026-05-02 02:23:11.870 - records_manager - ERROR - Failed to process telemetry record: KeyError('sm_utilization')
NoneType: None
2026-05-02 02:23:12.225 - records_manager - ERROR - Failed to process telemetry record: KeyError('sm_utilization')
NoneType: None
2026-05-02 02:23:12.226 - records_manager - ERROR - Failed to process telemetry record: KeyError('sm_utilization')
NoneType: None
2026-05-02 02:23:12.586 - records_manager - ERROR - Failed to process telemetry record: KeyError('sm_utilization')
NoneType: None
2026-05-02 02:23:12.587 - records_manager - ERROR - Failed to process telemetry record: KeyError('sm_utilization')
NoneType: None
2026-05-02 02:23:12.948 - records_manager - ERROR - Failed to process telemetry record: KeyError('sm_utilization')
NoneType: None
2026-05-02 02:23:12.949 - records_manager - ERROR - Failed to process telemetry record: KeyError('sm_utilization')
NoneType: None
2026-05-02 02:23:13.307 - records_manager - ERROR - Failed to process telemetry record: KeyError('sm_utilization')
NoneType: None
2026-05-02 02:23:13.311 - records_manager - ERROR - Failed to process telemetry record: KeyError('sm_utilization')
NoneType: None
2026-05-02 02:23:13.669 - records_manager - ERROR - Failed to process telemetry record: KeyError('sm_utilization')
NoneType: None
2026-05-02 02:23:13.670 - records_manager - ERROR - Failed to process telemetry record: KeyError('sm_utilization')
NoneType: None
2026-05-02 02:23:14.026 - records_manager - ERROR - Failed to process telemetry record: KeyError('sm_utilization')
NoneType: None
2026-05-02 02:23:14.027 - records_manager - ERROR - Failed to process telemetry record: KeyError('sm_utilization')
NoneType: None
2026-05-02 02:23:14.383 - records_manager - ERROR - Failed to process telemetry record: KeyError('sm_utilization')
NoneType: None
2026-05-02 02:23:14.395 - records_manager - ERROR - Failed to process telemetry record: KeyError('sm_utilization')
NoneType: None
2026-05-02 02:23:14.744 - records_manager - ERROR - Failed to process telemetry record: KeyError('sm_utilization')
NoneType: None
2026-05-02 02:23:14.745 - records_manager - ERROR - Failed to process telemetry record: KeyError('sm_utilization')
NoneType: None
2026-05-02 02:23:15.107 - records_manager - ERROR - Failed to process telemetry record: KeyError('sm_utilization')
NoneType: None
2026-05-02 02:23:15.107 - records_manager - ERROR - Failed to process telemetry record: KeyError('sm_utilization')
NoneType: None
2026-05-02 02:23:15.467 - records_manager - ERROR - Failed to process telemetry record: KeyError('sm_utilization')
NoneType: None
2026-05-02 02:23:15.479 - records_manager - ERROR - Failed to process telemetry record: KeyError('sm_utilization')
NoneType: None
2026-05-02 02:23:15.826 - records_manager - ERROR - Failed to process telemetry record: KeyError('sm_utilization')
NoneType: None
2026-05-02 02:23:15.826 - records_manager - ERROR - Failed to process telemetry record: KeyError('sm_utilization')
NoneType: None
2026-05-02 02:23:16.188 - records_manager - ERROR - Failed to process telemetry record: KeyError('sm_utilization')
NoneType: None
2026-05-02 02:23:16.189 - records_manager - ERROR - Failed to process telemetry record: KeyError('sm_utilization')
NoneType: None
2026-05-02 02:23:16.547 - records_manager - ERROR - Failed to process telemetry record: KeyError('sm_utilization')
NoneType: None
2026-05-02 02:23:16.548 - records_manager - ERROR - Failed to process telemetry record: KeyError('sm_utilization')
NoneType: None
2026-05-02 02:23:16.905 - records_manager - ERROR - Failed to process telemetry record: KeyError('sm_utilization')
NoneType: None
2026-05-02 02:23:16.906 - records_manager - ERROR - Failed to process telemetry record: KeyError('sm_utilization')
NoneType: None
2026-05-02 02:23:17.269 - records_manager - ERROR - Failed to process telemetry record: KeyError('sm_utilization')
NoneType: None
2026-05-02 02:23:17.270 - records_manager - ERROR - Failed to process telemetry record: KeyError('sm_utilization')
NoneType: None
2026-05-02 02:23:17.626 - records_manager - ERROR - Failed to process telemetry record: KeyError('sm_utilization')
NoneType: None
2026-05-02 02:23:17.631 - records_manager - ERROR - Failed to process telemetry record: KeyError('sm_utilization')
NoneType: None
2026-05-02 02:23:17.984 - records_manager - ERROR - Failed to process telemetry record: KeyError('sm_utilization')
NoneType: None
2026-05-02 02:23:17.984 - records_manager - ERROR - Failed to process telemetry record: KeyError('sm_utilization')
NoneType: None
2026-05-02 02:23:18.340 - records_manager - ERROR - Failed to process telemetry record: KeyError('sm_utilization')
NoneType: None
2026-05-02 02:23:18.340 - records_manager - ERROR - Failed to process telemetry record: KeyError('sm_utilization')
NoneType: None
2026-05-02 02:23:18.700 - records_manager - ERROR - Failed to process telemetry record: KeyError('sm_utilization')
NoneType: None
2026-05-02 02:23:18.710 - records_manager - ERROR - Failed to process telemetry record: KeyError('sm_utilization')
NoneType: None
2026-05-02 02:23:19.068 - records_manager - ERROR - Failed to process telemetry record: KeyError('sm_utilization')
NoneType: None
2026-05-02 02:23:19.069 - records_manager - ERROR - Failed to process telemetry record: KeyError('sm_utilization')
NoneType: None
2026-05-02 02:23:19.430 - records_manager - ERROR - Failed to process telemetry record: KeyError('sm_utilization')
NoneType: None
2026-05-02 02:23:19.431 - records_manager - ERROR - Failed to process telemetry record: KeyError('sm_utilization')
NoneType: None
2026-05-02 02:23:19.790 - records_manager - ERROR - Failed to process telemetry record: KeyError('sm_utilization')
NoneType: None
2026-05-02 02:23:19.798 - records_manager - ERROR - Failed to process telemetry record: KeyError('sm_utilization')
NoneType: None
2026-05-02 02:23:20.149 - records_manager - ERROR - Failed to process telemetry record: KeyError('sm_utilization')
NoneType: None
2026-05-02 02:23:20.150 - records_manager - ERROR - Failed to process telemetry record: KeyError('sm_utilization')
NoneType: None
2026-05-02 02:23:20.508 - records_manager - ERROR - Failed to process telemetry record: KeyError('sm_utilization')
NoneType: None
2026-05-02 02:23:20.508 - records_manager - ERROR - Failed to process telemetry record: KeyError('sm_utilization')
NoneType: None
2026-05-02 02:23:20.864 - records_manager - ERROR - Failed to process telemetry record: KeyError('sm_utilization')
NoneType: None
2026-05-02 02:23:20.876 - records_manager - ERROR - Failed to process telemetry record: KeyError('sm_utilization')
NoneType: None
2026-05-02 02:23:21.220 - records_manager - ERROR - Failed to process telemetry record: KeyError('sm_utilization')
NoneType: None
2026-05-02 02:23:21.221 - records_manager - ERROR - Failed to process telemetry record: KeyError('sm_utilization')
NoneType: None
2026-05-02 02:23:21.584 - records_manager - ERROR - Failed to process telemetry record: KeyError('sm_utilization')
NoneType: None
2026-05-02 02:23:21.585 - records_manager - ERROR - Failed to process telemetry record: KeyError('sm_utilization')
NoneType: None
2026-05-02 02:23:21.940 - records_manager - ERROR - Failed to process telemetry record: KeyError('sm_utilization')
NoneType: None
2026-05-02 02:23:21.940 - records_manager - ERROR - Failed to process telemetry record: KeyError('sm_utilization')
NoneType: None
2026-05-02 02:23:22.296 - records_manager - ERROR - Failed to process telemetry record: KeyError('sm_utilization')
NoneType: None
2026-05-02 02:23:22.297 - records_manager - ERROR - Failed to process telemetry record: KeyError('sm_utilization')
NoneType: None
2026-05-02 02:23:22.654 - records_manager - ERROR - Failed to process telemetry record: KeyError('sm_utilization')
NoneType: None
2026-05-02 02:23:22.655 - records_manager - ERROR - Failed to process telemetry record: KeyError('sm_utilization')
NoneType: None
2026-05-02 02:23:23.015 - records_manager - ERROR - Failed to process telemetry record: KeyError('sm_utilization')
NoneType: None
2026-05-02 02:23:23.016 - records_manager - ERROR - Failed to process telemetry record: KeyError('sm_utilization')
NoneType: None
2026-05-02 02:23:23.374 - records_manager - ERROR - Failed to process telemetry record: KeyError('sm_utilization')
NoneType: None
2026-05-02 02:23:23.375 - records_manager - ERROR - Failed to process telemetry record: KeyError('sm_utilization')
NoneType: None
2026-05-02 02:23:23.732 - records_manager - ERROR - Failed to process telemetry record: KeyError('sm_utilization')
NoneType: None
2026-05-02 02:23:23.733 - records_manager - ERROR - Failed to process telemetry record: KeyError('sm_utilization')
NoneType: None
2026-05-02 02:23:24.098 - records_manager - ERROR - Failed to process telemetry record: KeyError('sm_utilization')
NoneType: None
2026-05-02 02:23:24.099 - records_manager - ERROR - Failed to process telemetry record: KeyError('sm_utilization')
NoneType: None
2026-05-02 02:23:24.461 - records_manager - ERROR - Failed to process telemetry record: KeyError('sm_utilization')
NoneType: None
2026-05-02 02:23:24.462 - records_manager - ERROR - Failed to process telemetry record: KeyError('sm_utilization')
NoneType: None
2026-05-02 02:23:24.820 - records_manager - ERROR - Failed to process telemetry record: KeyError('sm_utilization')
NoneType: None
2026-05-02 02:23:24.821 - records_manager - ERROR - Failed to process telemetry record: KeyError('sm_utilization')
NoneType: None
2026-05-02 02:23:25.183 - records_manager - ERROR - Failed to process telemetry record: KeyError('sm_utilization')
NoneType: None
2026-05-02 02:23:25.184 - records_manager - ERROR - Failed to process telemetry record: KeyError('sm_utilization')
NoneType: None
2026-05-02 02:23:25.541 - records_manager - ERROR - Failed to process telemetry record: KeyError('sm_utilization')
NoneType: None
2026-05-02 02:23:25.542 - records_manager - ERROR - Failed to process telemetry record: KeyError('sm_utilization')
NoneType: None
2026-05-02 02:23:25.898 - records_manager - ERROR - Failed to process telemetry record: KeyError('sm_utilization')
NoneType: None
2026-05-02 02:23:25.899 - records_manager - ERROR - Failed to process telemetry record: KeyError('sm_utilization')
NoneType: None
2026-05-02 02:23:26.254 - records_manager - ERROR - Failed to process telemetry record: KeyError('sm_utilization')
NoneType: None
2026-05-02 02:23:26.255 - records_manager - ERROR - Failed to process telemetry record: KeyError('sm_utilization')
NoneType: None
2026-05-02 02:23:26.618 - records_manager - ERROR - Failed to process telemetry record: KeyError('sm_utilization')
NoneType: None
2026-05-02 02:23:26.619 - records_manager - ERROR - Failed to process telemetry record: KeyError('sm_utilization')
NoneType: None
2026-05-02 02:23:26.988 - records_manager - ERROR - Failed to process telemetry record: KeyError('sm_utilization')
NoneType: None
2026-05-02 02:23:26.989 - records_manager - ERROR - Failed to process telemetry record: KeyError('sm_utilization')
NoneType: None
2026-05-02 02:23:27.348 - records_manager - ERROR - Failed to process telemetry record: KeyError('sm_utilization')
NoneType: None
2026-05-02 02:23:27.349 - records_manager - ERROR - Failed to process telemetry record: KeyError('sm_utilization')
NoneType: None
2026-05-02 02:23:27.707 - records_manager - ERROR - Failed to process telemetry record: KeyError('sm_utilization')
NoneType: None
2026-05-02 02:23:27.707 - records_manager - ERROR - Failed to process telemetry record: KeyError('sm_utilization')
NoneType: None
2026-05-02 02:23:28.063 - records_manager - ERROR - Failed to process telemetry record: KeyError('sm_utilization')
NoneType: None
2026-05-02 02:23:28.064 - records_manager - ERROR - Failed to process telemetry record: KeyError('sm_utilization')
NoneType: None
2026-05-02 02:23:28.420 - records_manager - ERROR - Failed to process telemetry record: KeyError('sm_utilization')
NoneType: None
2026-05-02 02:23:28.432 - records_manager - ERROR - Failed to process telemetry record: KeyError('sm_utilization')
NoneType: None
2026-05-02 02:23:28.780 - records_manager - ERROR - Failed to process telemetry record: KeyError('sm_utilization')
NoneType: None
2026-05-02 02:23:28.781 - records_manager - ERROR - Failed to process telemetry record: KeyError('sm_utilization')
NoneType: None
2026-05-02 02:23:29.140 - records_manager - ERROR - Failed to process telemetry record: KeyError('sm_utilization')
NoneType: None
2026-05-02 02:23:29.141 - records_manager - ERROR - Failed to process telemetry record: KeyError('sm_utilization')
NoneType: None
2026-05-02 02:23:29.505 - records_manager - ERROR - Failed to process telemetry record: KeyError('sm_utilization')
NoneType: None
2026-05-02 02:23:29.509 - records_manager - ERROR - Failed to process telemetry record: KeyError('sm_utilization')
NoneType: None
2026-05-02 02:23:29.875 - records_manager - ERROR - Failed to process telemetry record: KeyError('sm_utilization')
NoneType: None
2026-05-02 02:23:29.876 - records_manager - ERROR - Failed to process telemetry record: KeyError('sm_utilization')
NoneType: None
2026-05-02 02:23:30.234 - records_manager - ERROR - Failed to process telemetry record: KeyError('sm_utilization')
NoneType: None
2026-05-02 02:23:30.235 - records_manager - ERROR - Failed to process telemetry record: KeyError('sm_utilization')
NoneType: None
2026-05-02 02:23:30.601 - records_manager - ERROR - Failed to process telemetry record: KeyError('sm_utilization')
NoneType: None
2026-05-02 02:23:30.602 - records_manager - ERROR - Failed to process telemetry record: KeyError('sm_utilization')
NoneType: None
2026-05-02 02:23:30.964 - records_manager - ERROR - Failed to process telemetry record: KeyError('sm_utilization')
NoneType: None
2026-05-02 02:23:30.964 - records_manager - ERROR - Failed to process telemetry record: KeyError('sm_utilization')
NoneType: None
2026-05-02 02:23:31.325 - records_manager - ERROR - Failed to process telemetry record: KeyError('sm_utilization')
NoneType: None
2026-05-02 02:23:31.326 - records_manager - ERROR - Failed to process telemetry record: KeyError('sm_utilization')
NoneType: None
2026-05-02 02:23:31.686 - records_manager - ERROR - Failed to process telemetry record: KeyError('sm_utilization')
NoneType: None
2026-05-02 02:23:31.692 - records_manager - ERROR - Failed to process telemetry record: KeyError('sm_utilization')
NoneType: None
2026-05-02 02:23:32.046 - records_manager - ERROR - Failed to process telemetry record: KeyError('sm_utilization')
NoneType: None
2026-05-02 02:23:32.047 - records_manager - ERROR - Failed to process telemetry record: KeyError('sm_utilization')
NoneType: None
2026-05-02 02:23:32.404 - records_manager - ERROR - Failed to process telemetry record: KeyError('sm_utilization')
NoneType: None
2026-05-02 02:23:32.405 - records_manager - ERROR - Failed to process telemetry record: KeyError('sm_utilization')
NoneType: None
2026-05-02 02:23:32.760 - records_manager - ERROR - Failed to process telemetry record: KeyError('sm_utilization')
NoneType: None
2026-05-02 02:23:32.761 - records_manager - ERROR - Failed to process telemetry record: KeyError('sm_utilization')
NoneType: None
2026-05-02 02:23:33.119 - records_manager - ERROR - Failed to process telemetry record: KeyError('sm_utilization')
NoneType: None
2026-05-02 02:23:33.120 - records_manager - ERROR - Failed to process telemetry record: KeyError('sm_utilization')
NoneType: None
2026-05-02 02:23:33.478 - records_manager - ERROR - Failed to process telemetry record: KeyError('sm_utilization')
NoneType: None
2026-05-02 02:23:33.478 - records_manager - ERROR - Failed to process telemetry record: KeyError('sm_utilization')
NoneType: None
2026-05-02 02:23:33.840 - records_manager - ERROR - Failed to process telemetry record: KeyError('sm_utilization')
NoneType: None
2026-05-02 02:23:33.841 - records_manager - ERROR - Failed to process telemetry record: KeyError('sm_utilization')
NoneType: None
2026-05-02 02:23:34.205 - records_manager - ERROR - Failed to process telemetry record: KeyError('sm_utilization')
NoneType: None
2026-05-02 02:23:34.205 - records_manager - ERROR - Failed to process telemetry record: KeyError('sm_utilization')
NoneType: None
2026-05-02 02:23:34.565 - records_manager - ERROR - Failed to process telemetry record: KeyError('sm_utilization')
NoneType: None
2026-05-02 02:23:34.566 - records_manager - ERROR - Failed to process telemetry record: KeyError('sm_utilization')
NoneType: None
2026-05-02 02:23:34.923 - records_manager - ERROR - Failed to process telemetry record: KeyError('sm_utilization')
NoneType: None
2026-05-02 02:23:34.924 - records_manager - ERROR - Failed to process telemetry record: KeyError('sm_utilization')
NoneType: None
2026-05-02 02:23:35.283 - records_manager - ERROR - Failed to process telemetry record: KeyError('sm_utilization')
NoneType: None
2026-05-02 02:23:35.283 - records_manager - ERROR - Failed to process telemetry record: KeyError('sm_utilization')
NoneType: None
2026-05-02 02:23:35.640 - records_manager - ERROR - Failed to process telemetry record: KeyError('sm_utilization')
NoneType: None
2026-05-02 02:23:35.641 - records_manager - ERROR - Failed to process telemetry record: KeyError('sm_utilization')
NoneType: None
2026-05-02 02:23:36.001 - records_manager - ERROR - Failed to process telemetry record: KeyError('sm_utilization')
NoneType: None
2026-05-02 02:23:36.002 - records_manager - ERROR - Failed to process telemetry record: KeyError('sm_utilization')
NoneType: None
2026-05-02 02:23:36.357 - records_manager - ERROR - Failed to process telemetry record: KeyError('sm_utilization')
NoneType: None
2026-05-02 02:23:36.358 - records_manager - ERROR - Failed to process telemetry record: KeyError('sm_utilization')
NoneType: None
2026-05-02 02:23:36.716 - records_manager - ERROR - Failed to process telemetry record: KeyError('sm_utilization')
NoneType: None
2026-05-02 02:23:36.717 - records_manager - ERROR - Failed to process telemetry record: KeyError('sm_utilization')
NoneType: None
2026-05-02 02:23:37.072 - records_manager - ERROR - Failed to process telemetry record: KeyError('sm_utilization')
NoneType: None
2026-05-02 02:23:37.073 - records_manager - ERROR - Failed to process telemetry record: KeyError('sm_utilization')
NoneType: None
2026-05-02 02:23:37.432 - records_manager - ERROR - Failed to process telemetry record: KeyError('sm_utilization')
NoneType: None
2026-05-02 02:23:37.432 - records_manager - ERROR - Failed to process telemetry record: KeyError('sm_utilization')
NoneType: None
2026-05-02 02:23:37.793 - records_manager - ERROR - Failed to process telemetry record: KeyError('sm_utilization')
NoneType: None
2026-05-02 02:23:37.794 - records_manager - ERROR - Failed to process telemetry record: KeyError('sm_utilization')
NoneType: None
2026-05-02 02:23:38.153 - records_manager - ERROR - Failed to process telemetry record: KeyError('sm_utilization')
NoneType: None
2026-05-02 02:23:38.154 - records_manager - ERROR - Failed to process telemetry record: KeyError('sm_utilization')
NoneType: None
2026-05-02 02:23:38.513 - records_manager - ERROR - Failed to process telemetry record: KeyError('sm_utilization')
NoneType: None
2026-05-02 02:23:38.514 - records_manager - ERROR - Failed to process telemetry record: KeyError('sm_utilization')
NoneType: None
2026-05-02 02:23:38.876 - records_manager - ERROR - Failed to process telemetry record: KeyError('sm_utilization')
NoneType: None
2026-05-02 02:23:38.886 - records_manager - ERROR - Failed to process telemetry record: KeyError('sm_utilization')
NoneType: None
2026-05-02 02:23:39.237 - records_manager - ERROR - Failed to process telemetry record: KeyError('sm_utilization')
NoneType: None
2026-05-02 02:23:39.238 - records_manager - ERROR - Failed to process telemetry record: KeyError('sm_utilization')
NoneType: None
2026-05-02 02:23:39.594 - records_manager - ERROR - Failed to process telemetry record: KeyError('sm_utilization')
NoneType: None
2026-05-02 02:23:39.595 - records_manager - ERROR - Failed to process telemetry record: KeyError('sm_utilization')
NoneType: None
2026-05-02 02:23:39.951 - records_manager - ERROR - Failed to process telemetry record: KeyError('sm_utilization')
NoneType: None
2026-05-02 02:23:39.952 - records_manager - ERROR - Failed to process telemetry record: KeyError('sm_utilization')
NoneType: None
2026-05-02 02:23:40.311 - records_manager - ERROR - Failed to process telemetry record: KeyError('sm_utilization')
NoneType: None
2026-05-02 02:23:40.312 - records_manager - ERROR - Failed to process telemetry record: KeyError('sm_utilization')
NoneType: None
2026-05-02 02:23:40.673 - records_manager - ERROR - Failed to process telemetry record: KeyError('sm_utilization')
NoneType: None
2026-05-02 02:23:40.673 - records_manager - ERROR - Failed to process telemetry record: KeyError('sm_utilization')
NoneType: None
2026-05-02 02:23:41.031 - records_manager - ERROR - Failed to process telemetry record: KeyError('sm_utilization')
NoneType: None
2026-05-02 02:23:41.032 - records_manager - ERROR - Failed to process telemetry record: KeyError('sm_utilization')
NoneType: None
2026-05-02 02:23:41.393 - records_manager - ERROR - Failed to process telemetry record: KeyError('sm_utilization')
NoneType: None
2026-05-02 02:23:41.393 - records_manager - ERROR - Failed to process telemetry record: KeyError('sm_utilization')
NoneType: None
2026-05-02 02:23:41.748 - records_manager - ERROR - Failed to process telemetry record: KeyError('sm_utilization')
NoneType: None
2026-05-02 02:23:41.749 - records_manager - ERROR - Failed to process telemetry record: KeyError('sm_utilization')
NoneType: None
2026-05-02 02:23:42.106 - records_manager - ERROR - Failed to process telemetry record: KeyError('sm_utilization')
NoneType: None
2026-05-02 02:23:42.107 - records_manager - ERROR - Failed to process telemetry record: KeyError('sm_utilization')
NoneType: None
2026-05-02 02:23:42.475 - records_manager - ERROR - Failed to process telemetry record: KeyError('sm_utilization')
NoneType: None
2026-05-02 02:23:42.476 - records_manager - ERROR - Failed to process telemetry record: KeyError('sm_utilization')
NoneType: None
2026-05-02 02:23:42.835 - records_manager - ERROR - Failed to process telemetry record: KeyError('sm_utilization')
NoneType: None
2026-05-02 02:23:42.836 - records_manager - ERROR - Failed to process telemetry record: KeyError('sm_utilization')
NoneType: None
2026-05-02 02:23:43.199 - records_manager - ERROR - Failed to process telemetry record: KeyError('sm_utilization')
NoneType: None
2026-05-02 02:23:43.199 - records_manager - ERROR - Failed to process telemetry record: KeyError('sm_utilization')
NoneType: None
2026-05-02 02:23:43.557 - records_manager - ERROR - Failed to process telemetry record: KeyError('sm_utilization')
NoneType: None
2026-05-02 02:23:43.558 - records_manager - ERROR - Failed to process telemetry record: KeyError('sm_utilization')
NoneType: None
2026-05-02 02:23:43.915 - records_manager - ERROR - Failed to process telemetry record: KeyError('sm_utilization')
NoneType: None
2026-05-02 02:23:43.916 - records_manager - ERROR - Failed to process telemetry record: KeyError('sm_utilization')
NoneType: None
2026-05-02 02:23:44.271 - records_manager - ERROR - Failed to process telemetry record: KeyError('sm_utilization')
NoneType: None
2026-05-02 02:23:44.272 - records_manager - ERROR - Failed to process telemetry record: KeyError('sm_utilization')
NoneType: None
2026-05-02 02:23:44.631 - records_manager - ERROR - Failed to process telemetry record: KeyError('sm_utilization')
NoneType: None
2026-05-02 02:23:44.632 - records_manager - ERROR - Failed to process telemetry record: KeyError('sm_utilization')
NoneType: None
2026-05-02 02:23:44.995 - records_manager - ERROR - Failed to process telemetry record: KeyError('sm_utilization')
NoneType: None
2026-05-02 02:23:44.996 - records_manager - ERROR - Failed to process telemetry record: KeyError('sm_utilization')
NoneType: None
2026-05-02 02:23:45.353 - records_manager - ERROR - Failed to process telemetry record: KeyError('sm_utilization')
NoneType: None
2026-05-02 02:23:45.353 - records_manager - ERROR - Failed to process telemetry record: KeyError('sm_utilization')
NoneType: None
2026-05-02 02:23:45.712 - records_manager - ERROR - Failed to process telemetry record: KeyError('sm_utilization')
NoneType: None
2026-05-02 02:23:45.713 - records_manager - ERROR - Failed to process telemetry record: KeyError('sm_utilization')
NoneType: None
2026-05-02 02:23:46.069 - records_manager - ERROR - Failed to process telemetry record: KeyError('sm_utilization')
NoneType: None
2026-05-02 02:23:46.070 - records_manager - ERROR - Failed to process telemetry record: KeyError('sm_utilization')
NoneType: None
2026-05-02 02:23:46.430 - records_manager - ERROR - Failed to process telemetry record: KeyError('sm_utilization')
NoneType: None
2026-05-02 02:23:46.430 - records_manager - ERROR - Failed to process telemetry record: KeyError('sm_utilization')
NoneType: None
2026-05-02 02:23:46.793 - records_manager - ERROR - Failed to process telemetry record: KeyError('sm_utilization')
NoneType: None
2026-05-02 02:23:46.794 - records_manager - ERROR - Failed to process telemetry record: KeyError('sm_utilization')
NoneType: None
2026-05-02 02:23:47.152 - records_manager - ERROR - Failed to process telemetry record: KeyError('sm_utilization')
NoneType: None
2026-05-02 02:23:47.158 - records_manager - ERROR - Failed to process telemetry record: KeyError('sm_utilization')
NoneType: None
2026-05-02 02:23:47.509 - records_manager - ERROR - Failed to process telemetry record: KeyError('sm_utilization')
NoneType: None
2026-05-02 02:23:47.514 - records_manager - ERROR - Failed to process telemetry record: KeyError('sm_utilization')
NoneType: None
2026-05-02 02:23:47.865 - records_manager - ERROR - Failed to process telemetry record: KeyError('sm_utilization')
NoneType: None
2026-05-02 02:23:47.866 - records_manager - ERROR - Failed to process telemetry record: KeyError('sm_utilization')
NoneType: None
2026-05-02 02:23:48.226 - records_manager - ERROR - Failed to process telemetry record: KeyError('sm_utilization')
NoneType: None
2026-05-02 02:23:48.227 - records_manager - ERROR - Failed to process telemetry record: KeyError('sm_utilization')
NoneType: None
2026-05-02 02:23:48.586 - records_manager - ERROR - Failed to process telemetry record: KeyError('sm_utilization')
NoneType: None
2026-05-02 02:23:48.587 - records_manager - ERROR - Failed to process telemetry record: KeyError('sm_utilization')
NoneType: None
2026-05-02 02:23:48.943 - records_manager - ERROR - Failed to process telemetry record: KeyError('sm_utilization')
NoneType: None
2026-05-02 02:23:48.944 - records_manager - ERROR - Failed to process telemetry record: KeyError('sm_utilization')
NoneType: None
2026-05-02 02:23:49.310 - records_manager - ERROR - Failed to process telemetry record: KeyError('sm_utilization')
NoneType: None
2026-05-02 02:23:49.311 - records_manager - ERROR - Failed to process telemetry record: KeyError('sm_utilization')
NoneType: None
2026-05-02 02:23:49.672 - records_manager - ERROR - Failed to process telemetry record: KeyError('sm_utilization')
NoneType: None
2026-05-02 02:23:49.673 - records_manager - ERROR - Failed to process telemetry record: KeyError('sm_utilization')
NoneType: None
2026-05-02 02:23:50.029 - records_manager - ERROR - Failed to process telemetry record: KeyError('sm_utilization')
NoneType: None
2026-05-02 02:23:50.030 - records_manager - ERROR - Failed to process telemetry record: KeyError('sm_utilization')
NoneType: None
2026-05-02 02:23:50.389 - records_manager - ERROR - Failed to process telemetry record: KeyError('sm_utilization')
NoneType: None
2026-05-02 02:23:50.389 - records_manager - ERROR - Failed to process telemetry record: KeyError('sm_utilization')
NoneType: None
2026-05-02 02:23:50.754 - records_manager - ERROR - Failed to process telemetry record: KeyError('sm_utilization')
NoneType: None
2026-05-02 02:23:50.754 - records_manager - ERROR - Failed to process telemetry record: KeyError('sm_utilization')
NoneType: None
2026-05-02 02:23:51.110 - records_manager - ERROR - Failed to process telemetry record: KeyError('sm_utilization')
NoneType: None
2026-05-02 02:23:51.110 - records_manager - ERROR - Failed to process telemetry record: KeyError('sm_utilization')
NoneType: None
2026-05-02 02:23:51.467 - records_manager - ERROR - Failed to process telemetry record: KeyError('sm_utilization')
NoneType: None
2026-05-02 02:23:51.468 - records_manager - ERROR - Failed to process telemetry record: KeyError('sm_utilization')
NoneType: None
2026-05-02 02:23:51.826 - records_manager - ERROR - Failed to process telemetry record: KeyError('sm_utilization')
NoneType: None
2026-05-02 02:23:51.827 - records_manager - ERROR - Failed to process telemetry record: KeyError('sm_utilization')
NoneType: None
2026-05-02 02:23:52.187 - records_manager - ERROR - Failed to process telemetry record: KeyError('sm_utilization')
NoneType: None
2026-05-02 02:23:52.190 - records_manager - ERROR - Failed to process telemetry record: KeyError('sm_utilization')
NoneType: None
2026-05-02 02:23:52.543 - records_manager - ERROR - Failed to process telemetry record: KeyError('sm_utilization')
NoneType: None
2026-05-02 02:23:52.544 - records_manager - ERROR - Failed to process telemetry record: KeyError('sm_utilization')
NoneType: None
2026-05-02 02:23:52.902 - records_manager - ERROR - Failed to process telemetry record: KeyError('sm_utilization')
NoneType: None
2026-05-02 02:23:52.903 - records_manager - ERROR - Failed to process telemetry record: KeyError('sm_utilization')
NoneType: None
2026-05-02 02:23:53.261 - records_manager - ERROR - Failed to process telemetry record: KeyError('sm_utilization')
NoneType: None
2026-05-02 02:23:53.262 - records_manager - ERROR - Failed to process telemetry record: KeyError('sm_utilization')
NoneType: None
2026-05-02 02:23:53.621 - records_manager - ERROR - Failed to process telemetry record: KeyError('sm_utilization')
NoneType: None
2026-05-02 02:23:53.622 - records_manager - ERROR - Failed to process telemetry record: KeyError('sm_utilization')
NoneType: None
2026-05-02 02:23:53.990 - records_manager - ERROR - Failed to process telemetry record: KeyError('sm_utilization')
NoneType: None
2026-05-02 02:23:53.990 - records_manager - ERROR - Failed to process telemetry record: KeyError('sm_utilization')
NoneType: None
2026-05-02 02:23:54.353 - records_manager - ERROR - Failed to process telemetry record: KeyError('sm_utilization')
NoneType: None
2026-05-02 02:23:54.354 - records_manager - ERROR - Failed to process telemetry record: KeyError('sm_utilization')
NoneType: None
2026-05-02 02:23:54.710 - records_manager - ERROR - Failed to process telemetry record: KeyError('sm_utilization')
NoneType: None
2026-05-02 02:23:54.711 - records_manager - ERROR - Failed to process telemetry record: KeyError('sm_utilization')
NoneType: None
2026-05-02 02:23:55.071 - records_manager - ERROR - Failed to process telemetry record: KeyError('sm_utilization')
NoneType: None
2026-05-02 02:23:55.072 - records_manager - ERROR - Failed to process telemetry record: KeyError('sm_utilization')
NoneType: None
2026-05-02 02:23:55.429 - records_manager - ERROR - Failed to process telemetry record: KeyError('sm_utilization')
NoneType: None
2026-05-02 02:23:55.430 - records_manager - ERROR - Failed to process telemetry record: KeyError('sm_utilization')
NoneType: None
2026-05-02 02:23:55.788 - records_manager - ERROR - Failed to process telemetry record: KeyError('sm_utilization')
NoneType: None
2026-05-02 02:23:55.789 - records_manager - ERROR - Failed to process telemetry record: KeyError('sm_utilization')
NoneType: None
2026-05-02 02:23:56.146 - records_manager - ERROR - Failed to process telemetry record: KeyError('sm_utilization')
NoneType: None
2026-05-02 02:23:56.147 - records_manager - ERROR - Failed to process telemetry record: KeyError('sm_utilization')
NoneType: None
2026-05-02 02:23:56.505 - records_manager - ERROR - Failed to process telemetry record: KeyError('sm_utilization')
NoneType: None
2026-05-02 02:23:56.506 - records_manager - ERROR - Failed to process telemetry record: KeyError('sm_utilization')
NoneType: None
2026-05-02 02:23:56.864 - records_manager - ERROR - Failed to process telemetry record: KeyError('sm_utilization')
NoneType: None
2026-05-02 02:23:56.864 - records_manager - ERROR - Failed to process telemetry record: KeyError('sm_utilization')
NoneType: None
2026-05-02 02:23:57.225 - records_manager - ERROR - Failed to process telemetry record: KeyError('sm_utilization')
NoneType: None
2026-05-02 02:23:57.226 - records_manager - ERROR - Failed to process telemetry record: KeyError('sm_utilization')
NoneType: None
2026-05-02 02:23:57.593 - records_manager - ERROR - Failed to process telemetry record: KeyError('sm_utilization')
NoneType: None
2026-05-02 02:23:57.594 - records_manager - ERROR - Failed to process telemetry record: KeyError('sm_utilization')
NoneType: None
2026-05-02 02:23:57.954 - records_manager - ERROR - Failed to process telemetry record: KeyError('sm_utilization')
NoneType: None
2026-05-02 02:23:57.955 - records_manager - ERROR - Failed to process telemetry record: KeyError('sm_utilization')
NoneType: None
2026-05-02 02:23:58.312 - records_manager - ERROR - Failed to process telemetry record: KeyError('sm_utilization')
NoneType: None
2026-05-02 02:23:58.312 - records_manager - ERROR - Failed to process telemetry record: KeyError('sm_utilization')
NoneType: None
2026-05-02 02:23:58.673 - records_manager - ERROR - Failed to process telemetry record: KeyError('sm_utilization')
NoneType: None
2026-05-02 02:23:58.674 - records_manager - ERROR - Failed to process telemetry record: KeyError('sm_utilization')
NoneType: None
2026-05-02 02:23:59.033 - records_manager - ERROR - Failed to process telemetry record: KeyError('sm_utilization')
NoneType: None
2026-05-02 02:23:59.034 - records_manager - ERROR - Failed to process telemetry record: KeyError('sm_utilization')
NoneType: None
2026-05-02 02:23:59.391 - records_manager - ERROR - Failed to process telemetry record: KeyError('sm_utilization')
NoneType: None
2026-05-02 02:23:59.391 - records_manager - ERROR - Failed to process telemetry record: KeyError('sm_utilization')
NoneType: None
2026-05-02 02:23:59.747 - records_manager - ERROR - Failed to process telemetry record: KeyError('sm_utilization')
NoneType: None
2026-05-02 02:23:59.748 - records_manager - ERROR - Failed to process telemetry record: KeyError('sm_utilization')
NoneType: None
2026-05-02 02:24:00.104 - records_manager - ERROR - Failed to process telemetry record: KeyError('sm_utilization')
NoneType: None
2026-05-02 02:24:00.105 - records_manager - ERROR - Failed to process telemetry record: KeyError('sm_utilization')
NoneType: None
2026-05-02 02:24:00.463 - records_manager - ERROR - Failed to process telemetry record: KeyError('sm_utilization')
NoneType: None
2026-05-02 02:24:00.463 - records_manager - ERROR - Failed to process telemetry record: KeyError('sm_utilization')
NoneType: None
2026-05-02 02:24:00.825 - records_manager - ERROR - Failed to process telemetry record: KeyError('sm_utilization')
NoneType: None
2026-05-02 02:24:00.825 - records_manager - ERROR - Failed to process telemetry record: KeyError('sm_utilization')
NoneType: None
2026-05-02 02:24:01.181 - records_manager - ERROR - Failed to process telemetry record: KeyError('sm_utilization')
NoneType: None
2026-05-02 02:24:01.182 - records_manager - ERROR - Failed to process telemetry record: KeyError('sm_utilization')
NoneType: None
2026-05-02 02:24:01.539 - records_manager - ERROR - Failed to process telemetry record: KeyError('sm_utilization')
NoneType: None
2026-05-02 02:24:01.540 - records_manager - ERROR - Failed to process telemetry record: KeyError('sm_utilization')
NoneType: None
2026-05-02 02:24:01.898 - records_manager - ERROR - Failed to process telemetry record: KeyError('sm_utilization')
NoneType: None
2026-05-02 02:24:01.899 - records_manager - ERROR - Failed to process telemetry record: KeyError('sm_utilization')
NoneType: None
2026-05-02 02:24:02.256 - records_manager - ERROR - Failed to process telemetry record: KeyError('sm_utilization')
NoneType: None
2026-05-02 02:24:02.257 - records_manager - ERROR - Failed to process telemetry record: KeyError('sm_utilization')
NoneType: None
2026-05-02 02:24:02.614 - records_manager - ERROR - Failed to process telemetry record: KeyError('sm_utilization')
NoneType: None
2026-05-02 02:24:02.615 - records_manager - ERROR - Failed to process telemetry record: KeyError('sm_utilization')
NoneType: None
2026-05-02 02:24:02.980 - records_manager - ERROR - Failed to process telemetry record: KeyError('sm_utilization')
NoneType: None
2026-05-02 02:24:02.981 - records_manager - ERROR - Failed to process telemetry record: KeyError('sm_utilization')
NoneType: None
2026-05-02 02:24:03.355 - records_manager - ERROR - Failed to process telemetry record: KeyError('sm_utilization')
NoneType: None
2026-05-02 02:24:03.366 - records_manager - ERROR - Failed to process telemetry record: KeyError('sm_utilization')
NoneType: None
2026-05-02 02:24:03.713 - records_manager - ERROR - Failed to process telemetry record: KeyError('sm_utilization')
NoneType: None
2026-05-02 02:24:03.714 - records_manager - ERROR - Failed to process telemetry record: KeyError('sm_utilization')
NoneType: None
2026-05-02 02:24:04.073 - records_manager - ERROR - Failed to process telemetry record: KeyError('sm_utilization')
NoneType: None
2026-05-02 02:24:04.074 - records_manager - ERROR - Failed to process telemetry record: KeyError('sm_utilization')
NoneType: None
2026-05-02 02:24:04.432 - records_manager - ERROR - Failed to process telemetry record: KeyError('sm_utilization')
NoneType: None
2026-05-02 02:24:04.433 - records_manager - ERROR - Failed to process telemetry record: KeyError('sm_utilization')
NoneType: None
2026-05-02 02:24:04.794 - records_manager - ERROR - Failed to process telemetry record: KeyError('sm_utilization')
NoneType: None
2026-05-02 02:24:04.795 - records_manager - ERROR - Failed to process telemetry record: KeyError('sm_utilization')
NoneType: None
2026-05-02 02:24:05.153 - records_manager - ERROR - Failed to process telemetry record: KeyError('sm_utilization')
NoneType: None
2026-05-02 02:24:05.154 - records_manager - ERROR - Failed to process telemetry record: KeyError('sm_utilization')
NoneType: None
2026-05-02 02:24:05.512 - records_manager - ERROR - Failed to process telemetry record: KeyError('sm_utilization')
NoneType: None
2026-05-02 02:24:05.512 - records_manager - ERROR - Failed to process telemetry record: KeyError('sm_utilization')
NoneType: None
2026-05-02 02:24:05.873 - records_manager - ERROR - Failed to process telemetry record: KeyError('sm_utilization')
NoneType: None
2026-05-02 02:24:05.874 - records_manager - ERROR - Failed to process telemetry record: KeyError('sm_utilization')
NoneType: None
2026-05-02 02:24:06.232 - records_manager - ERROR - Failed to process telemetry record: KeyError('sm_utilization')
NoneType: None
2026-05-02 02:24:06.233 - records_manager - ERROR - Failed to process telemetry record: KeyError('sm_utilization')
NoneType: None
2026-05-02 02:24:06.593 - records_manager - ERROR - Failed to process telemetry record: KeyError('sm_utilization')
NoneType: None
2026-05-02 02:24:06.594 - records_manager - ERROR - Failed to process telemetry record: KeyError('sm_utilization')
NoneType: None
2026-05-02 02:24:06.950 - records_manager - ERROR - Failed to process telemetry record: KeyError('sm_utilization')
NoneType: None
2026-05-02 02:24:06.951 - records_manager - ERROR - Failed to process telemetry record: KeyError('sm_utilization')
NoneType: None
2026-05-02 02:24:07.314 - records_manager - ERROR - Failed to process telemetry record: KeyError('sm_utilization')
NoneType: None
2026-05-02 02:24:07.315 - records_manager - ERROR - Failed to process telemetry record: KeyError('sm_utilization')
NoneType: None
2026-05-02 02:24:07.694 - records_manager - ERROR - Failed to process telemetry record: KeyError('sm_utilization')
NoneType: None
2026-05-02 02:24:07.695 - records_manager - ERROR - Failed to process telemetry record: KeyError('sm_utilization')
NoneType: None
2026-05-02 02:24:08.050 - records_manager - ERROR - Failed to process telemetry record: KeyError('sm_utilization')
NoneType: None
2026-05-02 02:24:08.051 - records_manager - ERROR - Failed to process telemetry record: KeyError('sm_utilization')
NoneType: None
2026-05-02 02:24:08.411 - records_manager - ERROR - Failed to process telemetry record: KeyError('sm_utilization')
NoneType: None
2026-05-02 02:24:08.412 - records_manager - ERROR - Failed to process telemetry record: KeyError('sm_utilization')
NoneType: None
2026-05-02 02:24:08.772 - records_manager - ERROR - Failed to process telemetry record: KeyError('sm_utilization')
NoneType: None
2026-05-02 02:24:08.773 - records_manager - ERROR - Failed to process telemetry record: KeyError('sm_utilization')
NoneType: None
2026-05-02 02:24:09.130 - records_manager - ERROR - Failed to process telemetry record: KeyError('sm_utilization')
NoneType: None
2026-05-02 02:24:09.131 - records_manager - ERROR - Failed to process telemetry record: KeyError('sm_utilization')
NoneType: None
2026-05-02 02:24:09.488 - records_manager - ERROR - Failed to process telemetry record: KeyError('sm_utilization')
NoneType: None
2026-05-02 02:24:09.489 - records_manager - ERROR - Failed to process telemetry record: KeyError('sm_utilization')
NoneType: None
2026-05-02 02:24:09.843 - records_manager - ERROR - Failed to process telemetry record: KeyError('sm_utilization')
NoneType: None
2026-05-02 02:24:09.843 - records_manager - ERROR - Failed to process telemetry record: KeyError('sm_utilization')
NoneType: None
2026-05-02 02:24:10.204 - records_manager - ERROR - Failed to process telemetry record: KeyError('sm_utilization')
NoneType: None
2026-05-02 02:24:10.204 - records_manager - ERROR - Failed to process telemetry record: KeyError('sm_utilization')
NoneType: None
2026-05-02 02:24:10.558 - records_manager - ERROR - Failed to process telemetry record: KeyError('sm_utilization')
NoneType: None
2026-05-02 02:24:10.559 - records_manager - ERROR - Failed to process telemetry record: KeyError('sm_utilization')
NoneType: None
2026-05-02 02:24:10.915 - records_manager - ERROR - Failed to process telemetry record: KeyError('sm_utilization')
NoneType: None
2026-05-02 02:24:10.916 - records_manager - ERROR - Failed to process telemetry record: KeyError('sm_utilization')
NoneType: None
2026-05-02 02:24:11.271 - records_manager - ERROR - Failed to process telemetry record: KeyError('sm_utilization')
NoneType: None
2026-05-02 02:24:11.272 - records_manager - ERROR - Failed to process telemetry record: KeyError('sm_utilization')
NoneType: None
2026-05-02 02:24:11.639 - records_manager - ERROR - Failed to process telemetry record: KeyError('sm_utilization')
NoneType: None
2026-05-02 02:24:11.640 - records_manager - ERROR - Failed to process telemetry record: KeyError('sm_utilization')
NoneType: None
2026-05-02 02:24:12.009 - records_manager - ERROR - Failed to process telemetry record: KeyError('sm_utilization')
NoneType: None
2026-05-02 02:24:12.010 - records_manager - ERROR - Failed to process telemetry record: KeyError('sm_utilization')
NoneType: None
2026-05-02 02:24:12.370 - records_manager - ERROR - Failed to process telemetry record: KeyError('sm_utilization')
NoneType: None
2026-05-02 02:24:12.371 - records_manager - ERROR - Failed to process telemetry record: KeyError('sm_utilization')
NoneType: None
2026-05-02 02:24:12.730 - records_manager - ERROR - Failed to process telemetry record: KeyError('sm_utilization')
NoneType: None
2026-05-02 02:24:12.730 - records_manager - ERROR - Failed to process telemetry record: KeyError('sm_utilization')
NoneType: None
2026-05-02 02:24:13.089 - records_manager - ERROR - Failed to process telemetry record: KeyError('sm_utilization')
NoneType: None
2026-05-02 02:24:13.090 - records_manager - ERROR - Failed to process telemetry record: KeyError('sm_utilization')
NoneType: None
2026-05-02 02:24:13.449 - records_manager - ERROR - Failed to process telemetry record: KeyError('sm_utilization')
NoneType: None
2026-05-02 02:24:13.450 - records_manager - ERROR - Failed to process telemetry record: KeyError('sm_utilization')
NoneType: None
2026-05-02 02:24:13.811 - records_manager - ERROR - Failed to process telemetry record: KeyError('sm_utilization')
NoneType: None
2026-05-02 02:24:13.812 - records_manager - ERROR - Failed to process telemetry record: KeyError('sm_utilization')
NoneType: None
2026-05-02 02:24:14.171 - records_manager - ERROR - Failed to process telemetry record: KeyError('sm_utilization')
NoneType: None
2026-05-02 02:24:14.171 - records_manager - ERROR - Failed to process telemetry record: KeyError('sm_utilization')
NoneType: None
2026-05-02 02:24:14.529 - records_manager - ERROR - Failed to process telemetry record: KeyError('sm_utilization')
NoneType: None
2026-05-02 02:24:14.530 - records_manager - ERROR - Failed to process telemetry record: KeyError('sm_utilization')
NoneType: None
2026-05-02 02:24:14.887 - records_manager - ERROR - Failed to process telemetry record: KeyError('sm_utilization')
NoneType: None
2026-05-02 02:24:14.888 - records_manager - ERROR - Failed to process telemetry record: KeyError('sm_utilization')
NoneType: None
2026-05-02 02:24:15.244 - records_manager - ERROR - Failed to process telemetry record: KeyError('sm_utilization')
NoneType: None
2026-05-02 02:24:15.244 - records_manager - ERROR - Failed to process telemetry record: KeyError('sm_utilization')
NoneType: None
2026-05-02 02:24:15.604 - records_manager - ERROR - Failed to process telemetry record: KeyError('sm_utilization')
NoneType: None
2026-05-02 02:24:15.605 - records_manager - ERROR - Failed to process telemetry record: KeyError('sm_utilization')
NoneType: None
2026-05-02 02:24:15.975 - records_manager - ERROR - Failed to process telemetry record: KeyError('sm_utilization')
NoneType: None
2026-05-02 02:24:15.976 - records_manager - ERROR - Failed to process telemetry record: KeyError('sm_utilization')
NoneType: None
2026-05-02 02:24:16.333 - records_manager - ERROR - Failed to process telemetry record: KeyError('sm_utilization')
NoneType: None
2026-05-02 02:24:16.334 - records_manager - ERROR - Failed to process telemetry record: KeyError('sm_utilization')
NoneType: None
2026-05-02 02:24:16.690 - records_manager - ERROR - Failed to process telemetry record: KeyError('sm_utilization')
NoneType: None
2026-05-02 02:24:16.691 - records_manager - ERROR - Failed to process telemetry record: KeyError('sm_utilization')
NoneType: None
2026-05-02 02:24:17.051 - records_manager - ERROR - Failed to process telemetry record: KeyError('sm_utilization')
NoneType: None
2026-05-02 02:24:17.052 - records_manager - ERROR - Failed to process telemetry record: KeyError('sm_utilization')
NoneType: None
2026-05-02 02:24:17.413 - records_manager - ERROR - Failed to process telemetry record: KeyError('sm_utilization')
NoneType: None
2026-05-02 02:24:17.414 - records_manager - ERROR - Failed to process telemetry record: KeyError('sm_utilization')
NoneType: None
2026-05-02 02:24:17.769 - records_manager - ERROR - Failed to process telemetry record: KeyError('sm_utilization')
NoneType: None
2026-05-02 02:24:17.770 - records_manager - ERROR - Failed to process telemetry record: KeyError('sm_utilization')
NoneType: None
2026-05-02 02:24:18.128 - records_manager - ERROR - Failed to process telemetry record: KeyError('sm_utilization')
NoneType: None
2026-05-02 02:24:18.129 - records_manager - ERROR - Failed to process telemetry record: KeyError('sm_utilization')
NoneType: None
2026-05-02 02:24:18.485 - records_manager - ERROR - Failed to process telemetry record: KeyError('sm_utilization')
NoneType: None
2026-05-02 02:24:18.485 - records_manager - ERROR - Failed to process telemetry record: KeyError('sm_utilization')
NoneType: None
2026-05-02 02:24:18.848 - records_manager - ERROR - Failed to process telemetry record: KeyError('sm_utilization')
NoneType: None
2026-05-02 02:24:18.848 - records_manager - ERROR - Failed to process telemetry record: KeyError('sm_utilization')
NoneType: None
2026-05-02 02:24:19.208 - records_manager - ERROR - Failed to process telemetry record: KeyError('sm_utilization')
NoneType: None
2026-05-02 02:24:19.208 - records_manager - ERROR - Failed to process telemetry record: KeyError('sm_utilization')
NoneType: None
2026-05-02 02:24:19.564 - records_manager - ERROR - Failed to process telemetry record: KeyError('sm_utilization')
NoneType: None
2026-05-02 02:24:19.564 - records_manager - ERROR - Failed to process telemetry record: KeyError('sm_utilization')
NoneType: None
2026-05-02 02:24:19.925 - records_manager - ERROR - Failed to process telemetry record: KeyError('sm_utilization')
NoneType: None
2026-05-02 02:24:19.926 - records_manager - ERROR - Failed to process telemetry record: KeyError('sm_utilization')
NoneType: None
2026-05-02 02:24:20.286 - records_manager - ERROR - Failed to process telemetry record: KeyError('sm_utilization')
NoneType: None
2026-05-02 02:24:20.287 - records_manager - ERROR - Failed to process telemetry record: KeyError('sm_utilization')
NoneType: None
2026-05-02 02:24:20.646 - records_manager - ERROR - Failed to process telemetry record: KeyError('sm_utilization')
NoneType: None
2026-05-02 02:24:20.647 - records_manager - ERROR - Failed to process telemetry record: KeyError('sm_utilization')
NoneType: None
2026-05-02 02:24:21.008 - records_manager - ERROR - Failed to process telemetry record: KeyError('sm_utilization')
NoneType: None
2026-05-02 02:24:21.008 - records_manager - ERROR - Failed to process telemetry record: KeyError('sm_utilization')
NoneType: None
2026-05-02 02:24:21.370 - records_manager - ERROR - Failed to process telemetry record: KeyError('sm_utilization')
NoneType: None
2026-05-02 02:24:21.371 - records_manager - ERROR - Failed to process telemetry record: KeyError('sm_utilization')
NoneType: None
2026-05-02 02:24:21.737 - records_manager - ERROR - Failed to process telemetry record: KeyError('sm_utilization')
NoneType: None
2026-05-02 02:24:21.738 - records_manager - ERROR - Failed to process telemetry record: KeyError('sm_utilization')
NoneType: None
2026-05-02 02:24:22.101 - records_manager - ERROR - Failed to process telemetry record: KeyError('sm_utilization')
NoneType: None
2026-05-02 02:24:22.102 - records_manager - ERROR - Failed to process telemetry record: KeyError('sm_utilization')
NoneType: None
2026-05-02 02:24:22.460 - records_manager - ERROR - Failed to process telemetry record: KeyError('sm_utilization')
NoneType: None
2026-05-02 02:24:22.461 - records_manager - ERROR - Failed to process telemetry record: KeyError('sm_utilization')
NoneType: None
2026-05-02 02:24:22.820 - records_manager - ERROR - Failed to process telemetry record: KeyError('sm_utilization')
NoneType: None
2026-05-02 02:24:22.821 - records_manager - ERROR - Failed to process telemetry record: KeyError('sm_utilization')
NoneType: None
2026-05-02 02:24:23.177 - records_manager - ERROR - Failed to process telemetry record: KeyError('sm_utilization')
NoneType: None
2026-05-02 02:24:23.178 - records_manager - ERROR - Failed to process telemetry record: KeyError('sm_utilization')
NoneType: None
2026-05-02 02:24:23.536 - records_manager - ERROR - Failed to process telemetry record: KeyError('sm_utilization')
NoneType: None
2026-05-02 02:24:23.536 - records_manager - ERROR - Failed to process telemetry record: KeyError('sm_utilization')
NoneType: None
2026-05-02 02:24:23.892 - records_manager - ERROR - Failed to process telemetry record: KeyError('sm_utilization')
NoneType: None
2026-05-02 02:24:23.893 - records_manager - ERROR - Failed to process telemetry record: KeyError('sm_utilization')
NoneType: None
2026-05-02 02:24:24.270 - records_manager - ERROR - Failed to process telemetry record: KeyError('sm_utilization')
NoneType: None
2026-05-02 02:24:24.271 - records_manager - ERROR - Failed to process telemetry record: KeyError('sm_utilization')
NoneType: None
2026-05-02 02:24:24.637 - records_manager - ERROR - Failed to process telemetry record: KeyError('sm_utilization')
NoneType: None
2026-05-02 02:24:24.638 - records_manager - ERROR - Failed to process telemetry record: KeyError('sm_utilization')
NoneType: None
2026-05-02 02:24:24.995 - records_manager - ERROR - Failed to process telemetry record: KeyError('sm_utilization')
NoneType: None
2026-05-02 02:24:24.996 - records_manager - ERROR - Failed to process telemetry record: KeyError('sm_utilization')
NoneType: None
2026-05-02 02:24:25.352 - records_manager - ERROR - Failed to process telemetry record: KeyError('sm_utilization')
NoneType: None
2026-05-02 02:24:25.353 - records_manager - ERROR - Failed to process telemetry record: KeyError('sm_utilization')
NoneType: None
2026-05-02 02:24:25.713 - records_manager - ERROR - Failed to process telemetry record: KeyError('sm_utilization')
NoneType: None
2026-05-02 02:24:25.714 - records_manager - ERROR - Failed to process telemetry record: KeyError('sm_utilization')
NoneType: None
2026-05-02 02:24:26.071 - records_manager - ERROR - Failed to process telemetry record: KeyError('sm_utilization')
NoneType: None
2026-05-02 02:24:26.071 - records_manager - ERROR - Failed to process telemetry record: KeyError('sm_utilization')
NoneType: None
2026-05-02 02:24:26.431 - records_manager - ERROR - Failed to process telemetry record: KeyError('sm_utilization')
NoneType: None
2026-05-02 02:24:26.432 - records_manager - ERROR - Failed to process telemetry record: KeyError('sm_utilization')
NoneType: None
2026-05-02 02:24:26.791 - records_manager - ERROR - Failed to process telemetry record: KeyError('sm_utilization')
NoneType: None
2026-05-02 02:24:26.792 - records_manager - ERROR - Failed to process telemetry record: KeyError('sm_utilization')
NoneType: None
2026-05-02 02:24:27.149 - records_manager - ERROR - Failed to process telemetry record: KeyError('sm_utilization')
NoneType: None
2026-05-02 02:24:27.149 - records_manager - ERROR - Failed to process telemetry record: KeyError('sm_utilization')
NoneType: None
2026-05-02 02:24:27.509 - records_manager - ERROR - Failed to process telemetry record: KeyError('sm_utilization')
NoneType: None
2026-05-02 02:24:27.509 - records_manager - ERROR - Failed to process telemetry record: KeyError('sm_utilization')
NoneType: None
2026-05-02 02:24:27.865 - records_manager - ERROR - Failed to process telemetry record: KeyError('sm_utilization')
NoneType: None
2026-05-02 02:24:27.866 - records_manager - ERROR - Failed to process telemetry record: KeyError('sm_utilization')
NoneType: None
2026-05-02 02:24:28.221 - records_manager - ERROR - Failed to process telemetry record: KeyError('sm_utilization')
NoneType: None
2026-05-02 02:24:28.222 - records_manager - ERROR - Failed to process telemetry record: KeyError('sm_utilization')
NoneType: None
2026-05-02 02:24:28.580 - records_manager - ERROR - Failed to process telemetry record: KeyError('sm_utilization')
NoneType: None
2026-05-02 02:24:28.581 - records_manager - ERROR - Failed to process telemetry record: KeyError('sm_utilization')
NoneType: None
2026-05-02 02:24:28.942 - records_manager - ERROR - Failed to process telemetry record: KeyError('sm_utilization')
NoneType: None
2026-05-02 02:24:28.943 - records_manager - ERROR - Failed to process telemetry record: KeyError('sm_utilization')
NoneType: None
2026-05-02 02:24:29.307 - records_manager - ERROR - Failed to process telemetry record: KeyError('sm_utilization')
NoneType: None
2026-05-02 02:24:29.307 - records_manager - ERROR - Failed to process telemetry record: KeyError('sm_utilization')
NoneType: None
2026-05-02 02:24:29.663 - records_manager - ERROR - Failed to process telemetry record: KeyError('sm_utilization')
NoneType: None
2026-05-02 02:24:29.664 - records_manager - ERROR - Failed to process telemetry record: KeyError('sm_utilization')
NoneType: None
2026-05-02 02:24:30.022 - records_manager - ERROR - Failed to process telemetry record: KeyError('sm_utilization')
NoneType: None
2026-05-02 02:24:30.023 - records_manager - ERROR - Failed to process telemetry record: KeyError('sm_utilization')
NoneType: None
2026-05-02 02:24:30.382 - records_manager - ERROR - Failed to process telemetry record: KeyError('sm_utilization')
NoneType: None
2026-05-02 02:24:30.383 - records_manager - ERROR - Failed to process telemetry record: KeyError('sm_utilization')
NoneType: None
2026-05-02 02:24:30.738 - records_manager - ERROR - Failed to process telemetry record: KeyError('sm_utilization')
NoneType: None
2026-05-02 02:24:30.739 - records_manager - ERROR - Failed to process telemetry record: KeyError('sm_utilization')
NoneType: None
2026-05-02 02:24:31.096 - records_manager - ERROR - Failed to process telemetry record: KeyError('sm_utilization')
NoneType: None
2026-05-02 02:24:31.097 - records_manager - ERROR - Failed to process telemetry record: KeyError('sm_utilization')
NoneType: None
2026-05-02 02:24:31.452 - records_manager - ERROR - Failed to process telemetry record: KeyError('sm_utilization')
NoneType: None
2026-05-02 02:24:31.453 - records_manager - ERROR - Failed to process telemetry record: KeyError('sm_utilization')
NoneType: None
2026-05-02 02:24:31.811 - records_manager - ERROR - Failed to process telemetry record: KeyError('sm_utilization')
NoneType: None
2026-05-02 02:24:31.812 - records_manager - ERROR - Failed to process telemetry record: KeyError('sm_utilization')
NoneType: None
2026-05-02 02:24:32.167 - records_manager - ERROR - Failed to process telemetry record: KeyError('sm_utilization')
NoneType: None
2026-05-02 02:24:32.168 - records_manager - ERROR - Failed to process telemetry record: KeyError('sm_utilization')
NoneType: None
2026-05-02 02:24:32.528 - records_manager - ERROR - Failed to process telemetry record: KeyError('sm_utilization')
NoneType: None
2026-05-02 02:24:32.528 - records_manager - ERROR - Failed to process telemetry record: KeyError('sm_utilization')
NoneType: None
2026-05-02 02:24:32.900 - records_manager - ERROR - Failed to process telemetry record: KeyError('sm_utilization')
NoneType: None
2026-05-02 02:24:32.901 - records_manager - ERROR - Failed to process telemetry record: KeyError('sm_utilization')
NoneType: None
2026-05-02 02:24:33.257 - records_manager - ERROR - Failed to process telemetry record: KeyError('sm_utilization')
NoneType: None
2026-05-02 02:24:33.257 - records_manager - ERROR - Failed to process telemetry record: KeyError('sm_utilization')
NoneType: None
2026-05-02 02:24:33.620 - records_manager - ERROR - Failed to process telemetry record: KeyError('sm_utilization')
NoneType: None
2026-05-02 02:24:33.621 - records_manager - ERROR - Failed to process telemetry record: KeyError('sm_utilization')
NoneType: None
2026-05-02 02:24:33.981 - records_manager - ERROR - Failed to process telemetry record: KeyError('sm_utilization')
NoneType: None
2026-05-02 02:24:33.982 - records_manager - ERROR - Failed to process telemetry record: KeyError('sm_utilization')
NoneType: None
2026-05-02 02:24:34.340 - records_manager - ERROR - Failed to process telemetry record: KeyError('sm_utilization')
NoneType: None
2026-05-02 02:24:34.341 - records_manager - ERROR - Failed to process telemetry record: KeyError('sm_utilization')
NoneType: None
2026-05-02 02:24:34.697 - records_manager - ERROR - Failed to process telemetry record: KeyError('sm_utilization')
NoneType: None
2026-05-02 02:24:34.697 - records_manager - ERROR - Failed to process telemetry record: KeyError('sm_utilization')
NoneType: None
2026-05-02 02:24:35.054 - records_manager - ERROR - Failed to process telemetry record: KeyError('sm_utilization')
NoneType: None
2026-05-02 02:24:35.055 - records_manager - ERROR - Failed to process telemetry record: KeyError('sm_utilization')
NoneType: None
2026-05-02 02:24:35.416 - records_manager - ERROR - Failed to process telemetry record: KeyError('sm_utilization')
NoneType: None
2026-05-02 02:24:35.417 - records_manager - ERROR - Failed to process telemetry record: KeyError('sm_utilization')
NoneType: None
2026-05-02 02:24:35.774 - records_manager - ERROR - Failed to process telemetry record: KeyError('sm_utilization')
NoneType: None
2026-05-02 02:24:35.774 - records_manager - ERROR - Failed to process telemetry record: KeyError('sm_utilization')
NoneType: None
2026-05-02 02:24:36.135 - records_manager - ERROR - Failed to process telemetry record: KeyError('sm_utilization')
NoneType: None
2026-05-02 02:24:36.135 - records_manager - ERROR - Failed to process telemetry record: KeyError('sm_utilization')
NoneType: None
2026-05-02 02:24:36.491 - records_manager - ERROR - Failed to process telemetry record: KeyError('sm_utilization')
NoneType: None
2026-05-02 02:24:36.492 - records_manager - ERROR - Failed to process telemetry record: KeyError('sm_utilization')
NoneType: None
2026-05-02 02:24:36.865 - records_manager - ERROR - Failed to process telemetry record: KeyError('sm_utilization')
NoneType: None
2026-05-02 02:24:36.865 - records_manager - ERROR - Failed to process telemetry record: KeyError('sm_utilization')
NoneType: None
2026-05-02 02:24:37.223 - records_manager - ERROR - Failed to process telemetry record: KeyError('sm_utilization')
NoneType: None
2026-05-02 02:24:37.224 - records_manager - ERROR - Failed to process telemetry record: KeyError('sm_utilization')
NoneType: None
2026-05-02 02:24:37.580 - records_manager - ERROR - Failed to process telemetry record: KeyError('sm_utilization')
NoneType: None
2026-05-02 02:24:37.581 - records_manager - ERROR - Failed to process telemetry record: KeyError('sm_utilization')
NoneType: None
2026-05-02 02:24:37.942 - records_manager - ERROR - Failed to process telemetry record: KeyError('sm_utilization')
NoneType: None
2026-05-02 02:24:37.943 - records_manager - ERROR - Failed to process telemetry record: KeyError('sm_utilization')
NoneType: None
2026-05-02 02:24:38.300 - records_manager - ERROR - Failed to process telemetry record: KeyError('sm_utilization')
NoneType: None
2026-05-02 02:24:38.301 - records_manager - ERROR - Failed to process telemetry record: KeyError('sm_utilization')
NoneType: None
2026-05-02 02:24:38.657 - records_manager - ERROR - Failed to process telemetry record: KeyError('sm_utilization')
NoneType: None
2026-05-02 02:24:38.658 - records_manager - ERROR - Failed to process telemetry record: KeyError('sm_utilization')
NoneType: None
2026-05-02 02:24:39.018 - records_manager - ERROR - Failed to process telemetry record: KeyError('sm_utilization')
NoneType: None
2026-05-02 02:24:39.018 - records_manager - ERROR - Failed to process telemetry record: KeyError('sm_utilization')
NoneType: None
2026-05-02 02:24:39.374 - records_manager - ERROR - Failed to process telemetry record: KeyError('sm_utilization')
NoneType: None
2026-05-02 02:24:39.374 - records_manager - ERROR - Failed to process telemetry record: KeyError('sm_utilization')
NoneType: None
2026-05-02 02:24:39.731 - records_manager - ERROR - Failed to process telemetry record: KeyError('sm_utilization')
NoneType: None
2026-05-02 02:24:39.734 - records_manager - ERROR - Failed to process telemetry record: KeyError('sm_utilization')
NoneType: None
2026-05-02 02:24:40.089 - records_manager - ERROR - Failed to process telemetry record: KeyError('sm_utilization')
NoneType: None
2026-05-02 02:24:40.089 - records_manager - ERROR - Failed to process telemetry record: KeyError('sm_utilization')
NoneType: None
2026-05-02 02:24:40.449 - records_manager - ERROR - Failed to process telemetry record: KeyError('sm_utilization')
NoneType: None
2026-05-02 02:24:40.450 - records_manager - ERROR - Failed to process telemetry record: KeyError('sm_utilization')
NoneType: None
2026-05-02 02:24:40.817 - records_manager - ERROR - Failed to process telemetry record: KeyError('sm_utilization')
NoneType: None
2026-05-02 02:24:40.817 - records_manager - ERROR - Failed to process telemetry record: KeyError('sm_utilization')
NoneType: None
2026-05-02 02:24:41.175 - records_manager - ERROR - Failed to process telemetry record: KeyError('sm_utilization')
NoneType: None
2026-05-02 02:24:41.176 - records_manager - ERROR - Failed to process telemetry record: KeyError('sm_utilization')
NoneType: None
2026-05-02 02:24:41.537 - records_manager - ERROR - Failed to process telemetry record: KeyError('sm_utilization')
NoneType: None
2026-05-02 02:24:41.538 - records_manager - ERROR - Failed to process telemetry record: KeyError('sm_utilization')
NoneType: None
2026-05-02 02:24:41.895 - records_manager - ERROR - Failed to process telemetry record: KeyError('sm_utilization')
NoneType: None
2026-05-02 02:24:41.895 - records_manager - ERROR - Failed to process telemetry record: KeyError('sm_utilization')
NoneType: None
2026-05-02 02:24:42.252 - records_manager - ERROR - Failed to process telemetry record: KeyError('sm_utilization')
NoneType: None
2026-05-02 02:24:42.253 - records_manager - ERROR - Failed to process telemetry record: KeyError('sm_utilization')
NoneType: None
2026-05-02 02:24:42.611 - records_manager - ERROR - Failed to process telemetry record: KeyError('sm_utilization')
NoneType: None
2026-05-02 02:24:42.612 - records_manager - ERROR - Failed to process telemetry record: KeyError('sm_utilization')
NoneType: None
2026-05-02 02:24:42.968 - records_manager - ERROR - Failed to process telemetry record: KeyError('sm_utilization')
NoneType: None
2026-05-02 02:24:42.969 - records_manager - ERROR - Failed to process telemetry record: KeyError('sm_utilization')
NoneType: None
2026-05-02 02:24:43.326 - records_manager - ERROR - Failed to process telemetry record: KeyError('sm_utilization')
NoneType: None
2026-05-02 02:24:43.327 - records_manager - ERROR - Failed to process telemetry record: KeyError('sm_utilization')
NoneType: None
2026-05-02 02:24:43.684 - records_manager - ERROR - Failed to process telemetry record: KeyError('sm_utilization')
NoneType: None
2026-05-02 02:24:43.685 - records_manager - ERROR - Failed to process telemetry record: KeyError('sm_utilization')
NoneType: None
2026-05-02 02:24:44.047 - records_manager - ERROR - Failed to process telemetry record: KeyError('sm_utilization')
NoneType: None
2026-05-02 02:24:44.048 - records_manager - ERROR - Failed to process telemetry record: KeyError('sm_utilization')
NoneType: None
2026-05-02 02:24:44.410 - records_manager - ERROR - Failed to process telemetry record: KeyError('sm_utilization')
NoneType: None
2026-05-02 02:24:44.420 - records_manager - ERROR - Failed to process telemetry record: KeyError('sm_utilization')
NoneType: None
2026-05-02 02:24:44.766 - records_manager - ERROR - Failed to process telemetry record: KeyError('sm_utilization')
NoneType: None
2026-05-02 02:24:44.767 - records_manager - ERROR - Failed to process telemetry record: KeyError('sm_utilization')
NoneType: None
2026-05-02 02:24:45.129 - records_manager - ERROR - Failed to process telemetry record: KeyError('sm_utilization')
NoneType: None
2026-05-02 02:24:45.130 - records_manager - ERROR - Failed to process telemetry record: KeyError('sm_utilization')
NoneType: None
2026-05-02 02:24:45.486 - records_manager - ERROR - Failed to process telemetry record: KeyError('sm_utilization')
NoneType: None
2026-05-02 02:24:45.487 - records_manager - ERROR - Failed to process telemetry record: KeyError('sm_utilization')
NoneType: None
2026-05-02 02:24:45.851 - records_manager - ERROR - Failed to process telemetry record: KeyError('sm_utilization')
NoneType: None
2026-05-02 02:24:45.851 - records_manager - ERROR - Failed to process telemetry record: KeyError('sm_utilization')
NoneType: None
2026-05-02 02:24:46.215 - records_manager - ERROR - Failed to process telemetry record: KeyError('sm_utilization')
NoneType: None
2026-05-02 02:24:46.216 - records_manager - ERROR - Failed to process telemetry record: KeyError('sm_utilization')
NoneType: None
2026-05-02 02:24:46.578 - records_manager - ERROR - Failed to process telemetry record: KeyError('sm_utilization')
NoneType: None
2026-05-02 02:24:46.579 - records_manager - ERROR - Failed to process telemetry record: KeyError('sm_utilization')
NoneType: None
2026-05-02 02:24:46.942 - records_manager - ERROR - Failed to process telemetry record: KeyError('sm_utilization')
NoneType: None
2026-05-02 02:24:46.943 - records_manager - ERROR - Failed to process telemetry record: KeyError('sm_utilization')
NoneType: None
2026-05-02 02:24:47.299 - records_manager - ERROR - Failed to process telemetry record: KeyError('sm_utilization')
NoneType: None
2026-05-02 02:24:47.299 - records_manager - ERROR - Failed to process telemetry record: KeyError('sm_utilization')
NoneType: None
2026-05-02 02:24:47.655 - records_manager - ERROR - Failed to process telemetry record: KeyError('sm_utilization')
NoneType: None
2026-05-02 02:24:47.656 - records_manager - ERROR - Failed to process telemetry record: KeyError('sm_utilization')
NoneType: None
2026-05-02 02:24:48.019 - records_manager - ERROR - Failed to process telemetry record: KeyError('sm_utilization')
NoneType: None
2026-05-02 02:24:48.020 - records_manager - ERROR - Failed to process telemetry record: KeyError('sm_utilization')
NoneType: None
2026-05-02 02:24:48.380 - records_manager - ERROR - Failed to process telemetry record: KeyError('sm_utilization')
NoneType: None
2026-05-02 02:24:48.381 - records_manager - ERROR - Failed to process telemetry record: KeyError('sm_utilization')
NoneType: None
2026-05-02 02:24:48.741 - records_manager - ERROR - Failed to process telemetry record: KeyError('sm_utilization')
NoneType: None
2026-05-02 02:24:48.742 - records_manager - ERROR - Failed to process telemetry record: KeyError('sm_utilization')
NoneType: None
2026-05-02 02:24:49.099 - records_manager - ERROR - Failed to process telemetry record: KeyError('sm_utilization')
NoneType: None
2026-05-02 02:24:49.099 - records_manager - ERROR - Failed to process telemetry record: KeyError('sm_utilization')
NoneType: None
2026-05-02 02:24:49.456 - records_manager - ERROR - Failed to process telemetry record: KeyError('sm_utilization')
NoneType: None
2026-05-02 02:24:49.457 - records_manager - ERROR - Failed to process telemetry record: KeyError('sm_utilization')
NoneType: None
2026-05-02 02:24:49.821 - records_manager - ERROR - Failed to process telemetry record: KeyError('sm_utilization')
NoneType: None
2026-05-02 02:24:49.822 - records_manager - ERROR - Failed to process telemetry record: KeyError('sm_utilization')
NoneType: None
2026-05-02 02:24:50.181 - records_manager - ERROR - Failed to process telemetry record: KeyError('sm_utilization')
NoneType: None
2026-05-02 02:24:50.182 - records_manager - ERROR - Failed to process telemetry record: KeyError('sm_utilization')
NoneType: None
2026-05-02 02:24:50.541 - records_manager - ERROR - Failed to process telemetry record: KeyError('sm_utilization')
NoneType: None
2026-05-02 02:24:50.542 - records_manager - ERROR - Failed to process telemetry record: KeyError('sm_utilization')
NoneType: None
2026-05-02 02:24:50.899 - records_manager - ERROR - Failed to process telemetry record: KeyError('sm_utilization')
NoneType: None
2026-05-02 02:24:50.901 - records_manager - ERROR - Failed to process telemetry record: KeyError('sm_utilization')
NoneType: None
2026-05-02 02:24:51.257 - records_manager - ERROR - Failed to process telemetry record: KeyError('sm_utilization')
NoneType: None
2026-05-02 02:24:51.258 - records_manager - ERROR - Failed to process telemetry record: KeyError('sm_utilization')
NoneType: None
2026-05-02 02:24:51.622 - records_manager - ERROR - Failed to process telemetry record: KeyError('sm_utilization')
NoneType: None
2026-05-02 02:24:51.626 - records_manager - ERROR - Failed to process telemetry record: KeyError('sm_utilization')
NoneType: None
2026-05-02 02:24:51.982 - records_manager - ERROR - Failed to process telemetry record: KeyError('sm_utilization')
NoneType: None
2026-05-02 02:24:51.983 - records_manager - ERROR - Failed to process telemetry record: KeyError('sm_utilization')
NoneType: None
2026-05-02 02:24:52.338 - records_manager - ERROR - Failed to process telemetry record: KeyError('sm_utilization')
NoneType: None
2026-05-02 02:24:52.339 - records_manager - ERROR - Failed to process telemetry record: KeyError('sm_utilization')
NoneType: None
2026-05-02 02:24:52.694 - records_manager - ERROR - Failed to process telemetry record: KeyError('sm_utilization')
NoneType: None
2026-05-02 02:24:52.695 - records_manager - ERROR - Failed to process telemetry record: KeyError('sm_utilization')
NoneType: None
2026-05-02 02:24:53.050 - records_manager - ERROR - Failed to process telemetry record: KeyError('sm_utilization')
NoneType: None
2026-05-02 02:24:53.051 - records_manager - ERROR - Failed to process telemetry record: KeyError('sm_utilization')
NoneType: None
2026-05-02 02:24:53.406 - records_manager - ERROR - Failed to process telemetry record: KeyError('sm_utilization')
NoneType: None
2026-05-02 02:24:53.407 - records_manager - ERROR - Failed to process telemetry record: KeyError('sm_utilization')
NoneType: None
2026-05-02 02:24:53.763 - records_manager - ERROR - Failed to process telemetry record: KeyError('sm_utilization')
NoneType: None
2026-05-02 02:24:53.764 - records_manager - ERROR - Failed to process telemetry record: KeyError('sm_utilization')
NoneType: None
2026-05-02 02:24:54.145 - records_manager - ERROR - Failed to process telemetry record: KeyError('sm_utilization')
NoneType: None
2026-05-02 02:24:54.146 - records_manager - ERROR - Failed to process telemetry record: KeyError('sm_utilization')
NoneType: None
2026-05-02 02:24:54.506 - records_manager - ERROR - Failed to process telemetry record: KeyError('sm_utilization')
NoneType: None
2026-05-02 02:24:54.506 - records_manager - ERROR - Failed to process telemetry record: KeyError('sm_utilization')
NoneType: None
2026-05-02 02:24:54.863 - records_manager - ERROR - Failed to process telemetry record: KeyError('sm_utilization')
NoneType: None
2026-05-02 02:24:54.864 - records_manager - ERROR - Failed to process telemetry record: KeyError('sm_utilization')
NoneType: None
2026-05-02 02:24:55.225 - records_manager - ERROR - Failed to process telemetry record: KeyError('sm_utilization')
NoneType: None
2026-05-02 02:24:55.225 - records_manager - ERROR - Failed to process telemetry record: KeyError('sm_utilization')
NoneType: None
2026-05-02 02:24:55.583 - records_manager - ERROR - Failed to process telemetry record: KeyError('sm_utilization')
NoneType: None
2026-05-02 02:24:55.584 - records_manager - ERROR - Failed to process telemetry record: KeyError('sm_utilization')
NoneType: None
2026-05-02 02:24:55.940 - records_manager - ERROR - Failed to process telemetry record: KeyError('sm_utilization')
NoneType: None
2026-05-02 02:24:55.941 - records_manager - ERROR - Failed to process telemetry record: KeyError('sm_utilization')
NoneType: None
2026-05-02 02:24:56.296 - records_manager - ERROR - Failed to process telemetry record: KeyError('sm_utilization')
NoneType: None
2026-05-02 02:24:56.297 - records_manager - ERROR - Failed to process telemetry record: KeyError('sm_utilization')
NoneType: None
2026-05-02 02:24:56.652 - records_manager - ERROR - Failed to process telemetry record: KeyError('sm_utilization')
NoneType: None
2026-05-02 02:24:56.652 - records_manager - ERROR - Failed to process telemetry record: KeyError('sm_utilization')
NoneType: None
2026-05-02 02:24:57.015 - records_manager - ERROR - Failed to process telemetry record: KeyError('sm_utilization')
NoneType: None
2026-05-02 02:24:57.017 - records_manager - ERROR - Failed to process telemetry record: KeyError('sm_utilization')
NoneType: None
2026-05-02 02:24:57.372 - records_manager - ERROR - Failed to process telemetry record: KeyError('sm_utilization')
NoneType: None
2026-05-02 02:24:57.373 - records_manager - ERROR - Failed to process telemetry record: KeyError('sm_utilization')
NoneType: None
2026-05-02 02:24:57.754 - records_manager - ERROR - Failed to process telemetry record: KeyError('sm_utilization')
NoneType: None
2026-05-02 02:24:57.755 - records_manager - ERROR - Failed to process telemetry record: KeyError('sm_utilization')
NoneType: None
2026-05-02 02:24:58.112 - records_manager - ERROR - Failed to process telemetry record: KeyError('sm_utilization')
NoneType: None
2026-05-02 02:24:58.113 - records_manager - ERROR - Failed to process telemetry record: KeyError('sm_utilization')
NoneType: None
2026-05-02 02:24:58.470 - records_manager - ERROR - Failed to process telemetry record: KeyError('sm_utilization')
NoneType: None
2026-05-02 02:24:58.471 - records_manager - ERROR - Failed to process telemetry record: KeyError('sm_utilization')
NoneType: None
2026-05-02 02:24:58.836 - records_manager - ERROR - Failed to process telemetry record: KeyError('sm_utilization')
NoneType: None
2026-05-02 02:24:58.836 - records_manager - ERROR - Failed to process telemetry record: KeyError('sm_utilization')
NoneType: None
2026-05-02 02:24:59.194 - records_manager - ERROR - Failed to process telemetry record: KeyError('sm_utilization')
NoneType: None
2026-05-02 02:24:59.194 - records_manager - ERROR - Failed to process telemetry record: KeyError('sm_utilization')
NoneType: None
2026-05-02 02:24:59.553 - records_manager - ERROR - Failed to process telemetry record: KeyError('sm_utilization')
NoneType: None
2026-05-02 02:24:59.554 - records_manager - ERROR - Failed to process telemetry record: KeyError('sm_utilization')
NoneType: None
2026-05-02 02:24:59.909 - records_manager - ERROR - Failed to process telemetry record: KeyError('sm_utilization')
NoneType: None
2026-05-02 02:24:59.910 - records_manager - ERROR - Failed to process telemetry record: KeyError('sm_utilization')
NoneType: None
2026-05-02 02:25:00.266 - records_manager - ERROR - Failed to process telemetry record: KeyError('sm_utilization')
NoneType: None
2026-05-02 02:25:00.266 - records_manager - ERROR - Failed to process telemetry record: KeyError('sm_utilization')
NoneType: None
2026-05-02 02:25:00.625 - records_manager - ERROR - Failed to process telemetry record: KeyError('sm_utilization')
NoneType: None
2026-05-02 02:25:00.626 - records_manager - ERROR - Failed to process telemetry record: KeyError('sm_utilization')
NoneType: None
2026-05-02 02:25:00.983 - records_manager - ERROR - Failed to process telemetry record: KeyError('sm_utilization')
NoneType: None
2026-05-02 02:25:00.984 - records_manager - ERROR - Failed to process telemetry record: KeyError('sm_utilization')
NoneType: None
2026-05-02 02:25:01.344 - records_manager - ERROR - Failed to process telemetry record: KeyError('sm_utilization')
NoneType: None
2026-05-02 02:25:01.345 - records_manager - ERROR - Failed to process telemetry record: KeyError('sm_utilization')
NoneType: None
2026-05-02 02:25:01.704 - records_manager - ERROR - Failed to process telemetry record: KeyError('sm_utilization')
NoneType: None
2026-05-02 02:25:01.704 - records_manager - ERROR - Failed to process telemetry record: KeyError('sm_utilization')
NoneType: None
2026-05-02 02:25:02.061 - records_manager - ERROR - Failed to process telemetry record: KeyError('sm_utilization')
NoneType: None
2026-05-02 02:25:02.062 - records_manager - ERROR - Failed to process telemetry record: KeyError('sm_utilization')
NoneType: None
2026-05-02 02:25:02.427 - records_manager - ERROR - Failed to process telemetry record: KeyError('sm_utilization')
NoneType: None
2026-05-02 02:25:02.427 - records_manager - ERROR - Failed to process telemetry record: KeyError('sm_utilization')
NoneType: None
2026-05-02 02:25:02.786 - records_manager - ERROR - Failed to process telemetry record: KeyError('sm_utilization')
NoneType: None
2026-05-02 02:25:02.787 - records_manager - ERROR - Failed to process telemetry record: KeyError('sm_utilization')
NoneType: None
2026-05-02 02:25:03.143 - records_manager - ERROR - Failed to process telemetry record: KeyError('sm_utilization')
NoneType: None
2026-05-02 02:25:03.144 - records_manager - ERROR - Failed to process telemetry record: KeyError('sm_utilization')
NoneType: None
2026-05-02 02:25:03.498 - records_manager - ERROR - Failed to process telemetry record: KeyError('sm_utilization')
NoneType: None
2026-05-02 02:25:03.498 - records_manager - ERROR - Failed to process telemetry record: KeyError('sm_utilization')
NoneType: None
2026-05-02 02:25:03.852 - records_manager - ERROR - Failed to process telemetry record: KeyError('sm_utilization')
NoneType: None
2026-05-02 02:25:03.853 - records_manager - ERROR - Failed to process telemetry record: KeyError('sm_utilization')
NoneType: None
2026-05-02 02:25:04.207 - records_manager - ERROR - Failed to process telemetry record: KeyError('sm_utilization')
NoneType: None
2026-05-02 02:25:04.210 - records_manager - ERROR - Failed to process telemetry record: KeyError('sm_utilization')
NoneType: None
2026-05-02 02:25:04.562 - records_manager - ERROR - Failed to process telemetry record: KeyError('sm_utilization')
NoneType: None
2026-05-02 02:25:04.563 - records_manager - ERROR - Failed to process telemetry record: KeyError('sm_utilization')
NoneType: None
2026-05-02 02:25:04.920 - records_manager - ERROR - Failed to process telemetry record: KeyError('sm_utilization')
NoneType: None
2026-05-02 02:25:04.921 - records_manager - ERROR - Failed to process telemetry record: KeyError('sm_utilization')
NoneType: None
2026-05-02 02:25:05.278 - records_manager - ERROR - Failed to process telemetry record: KeyError('sm_utilization')
NoneType: None
2026-05-02 02:25:05.279 - records_manager - ERROR - Failed to process telemetry record: KeyError('sm_utilization')
NoneType: None
2026-05-02 02:25:05.645 - records_manager - ERROR - Failed to process telemetry record: KeyError('sm_utilization')
NoneType: None
2026-05-02 02:25:05.645 - records_manager - ERROR - Failed to process telemetry record: KeyError('sm_utilization')
NoneType: None
2026-05-02 02:25:06.005 - records_manager - ERROR - Failed to process telemetry record: KeyError('sm_utilization')
NoneType: None
2026-05-02 02:25:06.006 - records_manager - ERROR - Failed to process telemetry record: KeyError('sm_utilization')
NoneType: None
2026-05-02 02:25:06.363 - records_manager - ERROR - Failed to process telemetry record: KeyError('sm_utilization')
NoneType: None
2026-05-02 02:25:06.364 - records_manager - ERROR - Failed to process telemetry record: KeyError('sm_utilization')
NoneType: None
2026-05-02 02:25:06.729 - records_manager - ERROR - Failed to process telemetry record: KeyError('sm_utilization')
NoneType: None
2026-05-02 02:25:06.730 - records_manager - ERROR - Failed to process telemetry record: KeyError('sm_utilization')
NoneType: None
2026-05-02 02:25:07.089 - records_manager - ERROR - Failed to process telemetry record: KeyError('sm_utilization')
NoneType: None
2026-05-02 02:25:07.089 - records_manager - ERROR - Failed to process telemetry record: KeyError('sm_utilization')
NoneType: None
2026-05-02 02:25:07.450 - records_manager - ERROR - Failed to process telemetry record: KeyError('sm_utilization')
NoneType: None
2026-05-02 02:25:07.451 - records_manager - ERROR - Failed to process telemetry record: KeyError('sm_utilization')
NoneType: None
2026-05-02 02:25:07.808 - records_manager - ERROR - Failed to process telemetry record: KeyError('sm_utilization')
NoneType: None
2026-05-02 02:25:07.809 - records_manager - ERROR - Failed to process telemetry record: KeyError('sm_utilization')
NoneType: None
2026-05-02 02:25:08.165 - records_manager - ERROR - Failed to process telemetry record: KeyError('sm_utilization')
NoneType: None
2026-05-02 02:25:08.166 - records_manager - ERROR - Failed to process telemetry record: KeyError('sm_utilization')
NoneType: None
2026-05-02 02:25:08.524 - records_manager - ERROR - Failed to process telemetry record: KeyError('sm_utilization')
NoneType: None
2026-05-02 02:25:08.525 - records_manager - ERROR - Failed to process telemetry record: KeyError('sm_utilization')
NoneType: None
2026-05-02 02:25:08.881 - records_manager - ERROR - Failed to process telemetry record: KeyError('sm_utilization')
NoneType: None
2026-05-02 02:25:08.882 - records_manager - ERROR - Failed to process telemetry record: KeyError('sm_utilization')
NoneType: None
2026-05-02 02:25:09.240 - records_manager - ERROR - Failed to process telemetry record: KeyError('sm_utilization')
NoneType: None
2026-05-02 02:25:09.240 - records_manager - ERROR - Failed to process telemetry record: KeyError('sm_utilization')
NoneType: None
2026-05-02 02:25:09.596 - records_manager - ERROR - Failed to process telemetry record: KeyError('sm_utilization')
NoneType: None
2026-05-02 02:25:09.597 - records_manager - ERROR - Failed to process telemetry record: KeyError('sm_utilization')
NoneType: None
2026-05-02 02:25:09.957 - records_manager - ERROR - Failed to process telemetry record: KeyError('sm_utilization')
NoneType: None
2026-05-02 02:25:09.958 - records_manager - ERROR - Failed to process telemetry record: KeyError('sm_utilization')
NoneType: None
2026-05-02 02:25:10.337 - records_manager - ERROR - Failed to process telemetry record: KeyError('sm_utilization')
NoneType: None
2026-05-02 02:25:10.338 - records_manager - ERROR - Failed to process telemetry record: KeyError('sm_utilization')
NoneType: None
2026-05-02 02:25:10.694 - records_manager - ERROR - Failed to process telemetry record: KeyError('sm_utilization')
NoneType: None
2026-05-02 02:25:10.695 - records_manager - ERROR - Failed to process telemetry record: KeyError('sm_utilization')
NoneType: None
2026-05-02 02:25:11.057 - records_manager - ERROR - Failed to process telemetry record: KeyError('sm_utilization')
NoneType: None
2026-05-02 02:25:11.058 - records_manager - ERROR - Failed to process telemetry record: KeyError('sm_utilization')
NoneType: None
2026-05-02 02:25:11.415 - records_manager - ERROR - Failed to process telemetry record: KeyError('sm_utilization')
NoneType: None
2026-05-02 02:25:11.416 - records_manager - ERROR - Failed to process telemetry record: KeyError('sm_utilization')
NoneType: None
2026-05-02 02:25:11.775 - records_manager - ERROR - Failed to process telemetry record: KeyError('sm_utilization')
NoneType: None
2026-05-02 02:25:11.776 - records_manager - ERROR - Failed to process telemetry record: KeyError('sm_utilization')
NoneType: None
2026-05-02 02:25:12.136 - records_manager - ERROR - Failed to process telemetry record: KeyError('sm_utilization')
NoneType: None
2026-05-02 02:25:12.137 - records_manager - ERROR - Failed to process telemetry record: KeyError('sm_utilization')
NoneType: None
2026-05-02 02:25:12.499 - records_manager - ERROR - Failed to process telemetry record: KeyError('sm_utilization')
NoneType: None
2026-05-02 02:25:12.500 - records_manager - ERROR - Failed to process telemetry record: KeyError('sm_utilization')
NoneType: None
2026-05-02 02:25:12.855 - records_manager - ERROR - Failed to process telemetry record: KeyError('sm_utilization')
NoneType: None
2026-05-02 02:25:12.856 - records_manager - ERROR - Failed to process telemetry record: KeyError('sm_utilization')
NoneType: None
2026-05-02 02:25:13.214 - records_manager - ERROR - Failed to process telemetry record: KeyError('sm_utilization')
NoneType: None
2026-05-02 02:25:13.214 - records_manager - ERROR - Failed to process telemetry record: KeyError('sm_utilization')
NoneType: None
2026-05-02 02:25:13.572 - records_manager - ERROR - Failed to process telemetry record: KeyError('sm_utilization')
NoneType: None
2026-05-02 02:25:13.573 - records_manager - ERROR - Failed to process telemetry record: KeyError('sm_utilization')
NoneType: None
2026-05-02 02:25:13.934 - records_manager - ERROR - Failed to process telemetry record: KeyError('sm_utilization')
NoneType: None
2026-05-02 02:25:13.935 - records_manager - ERROR - Failed to process telemetry record: KeyError('sm_utilization')
NoneType: None
2026-05-02 02:25:14.291 - records_manager - ERROR - Failed to process telemetry record: KeyError('sm_utilization')
NoneType: None
2026-05-02 02:25:14.292 - records_manager - ERROR - Failed to process telemetry record: KeyError('sm_utilization')
NoneType: None
2026-05-02 02:25:14.659 - records_manager - ERROR - Failed to process telemetry record: KeyError('sm_utilization')
NoneType: None
2026-05-02 02:25:14.660 - records_manager - ERROR - Failed to process telemetry record: KeyError('sm_utilization')
NoneType: None
2026-05-02 02:25:15.017 - records_manager - ERROR - Failed to process telemetry record: KeyError('sm_utilization')
NoneType: None
2026-05-02 02:25:15.018 - records_manager - ERROR - Failed to process telemetry record: KeyError('sm_utilization')
NoneType: None
2026-05-02 02:25:15.374 - records_manager - ERROR - Failed to process telemetry record: KeyError('sm_utilization')
NoneType: None
2026-05-02 02:25:15.375 - records_manager - ERROR - Failed to process telemetry record: KeyError('sm_utilization')
NoneType: None
2026-05-02 02:25:15.739 - records_manager - ERROR - Failed to process telemetry record: KeyError('sm_utilization')
NoneType: None
2026-05-02 02:25:15.740 - records_manager - ERROR - Failed to process telemetry record: KeyError('sm_utilization')
NoneType: None
2026-05-02 02:25:16.101 - records_manager - ERROR - Failed to process telemetry record: KeyError('sm_utilization')
NoneType: None
2026-05-02 02:25:16.102 - records_manager - ERROR - Failed to process telemetry record: KeyError('sm_utilization')
NoneType: None
2026-05-02 02:25:16.460 - records_manager - ERROR - Failed to process telemetry record: KeyError('sm_utilization')
NoneType: None
2026-05-02 02:25:16.460 - records_manager - ERROR - Failed to process telemetry record: KeyError('sm_utilization')
NoneType: None
2026-05-02 02:25:16.817 - records_manager - ERROR - Failed to process telemetry record: KeyError('sm_utilization')
NoneType: None
2026-05-02 02:25:16.818 - records_manager - ERROR - Failed to process telemetry record: KeyError('sm_utilization')
NoneType: None
2026-05-02 02:25:17.174 - records_manager - ERROR - Failed to process telemetry record: KeyError('sm_utilization')
NoneType: None
2026-05-02 02:25:17.175 - records_manager - ERROR - Failed to process telemetry record: KeyError('sm_utilization')
NoneType: None
2026-05-02 02:25:17.535 - records_manager - ERROR - Failed to process telemetry record: KeyError('sm_utilization')
NoneType: None
2026-05-02 02:25:17.535 - records_manager - ERROR - Failed to process telemetry record: KeyError('sm_utilization')
NoneType: None
2026-05-02 02:25:17.892 - records_manager - ERROR - Failed to process telemetry record: KeyError('sm_utilization')
NoneType: None
2026-05-02 02:25:17.892 - records_manager - ERROR - Failed to process telemetry record: KeyError('sm_utilization')
NoneType: None
2026-05-02 02:25:18.249 - records_manager - ERROR - Failed to process telemetry record: KeyError('sm_utilization')
NoneType: None
2026-05-02 02:25:18.250 - records_manager - ERROR - Failed to process telemetry record: KeyError('sm_utilization')
NoneType: None
2026-05-02 02:25:18.605 - records_manager - ERROR - Failed to process telemetry record: KeyError('sm_utilization')
NoneType: None
2026-05-02 02:25:18.606 - records_manager - ERROR - Failed to process telemetry record: KeyError('sm_utilization')
NoneType: None
2026-05-02 02:25:18.968 - records_manager - ERROR - Failed to process telemetry record: KeyError('sm_utilization')
NoneType: None
2026-05-02 02:25:18.969 - records_manager - ERROR - Failed to process telemetry record: KeyError('sm_utilization')
NoneType: None
2026-05-02 02:25:19.345 - records_manager - ERROR - Failed to process telemetry record: KeyError('sm_utilization')
NoneType: None
2026-05-02 02:25:19.345 - records_manager - ERROR - Failed to process telemetry record: KeyError('sm_utilization')
NoneType: None
2026-05-02 02:25:19.704 - records_manager - ERROR - Failed to process telemetry record: KeyError('sm_utilization')
NoneType: None
2026-05-02 02:25:19.705 - records_manager - ERROR - Failed to process telemetry record: KeyError('sm_utilization')
NoneType: None
2026-05-02 02:25:20.064 - records_manager - ERROR - Failed to process telemetry record: KeyError('sm_utilization')
NoneType: None
2026-05-02 02:25:20.064 - records_manager - ERROR - Failed to process telemetry record: KeyError('sm_utilization')
NoneType: None
2026-05-02 02:25:20.427 - records_manager - ERROR - Failed to process telemetry record: KeyError('sm_utilization')
NoneType: None
2026-05-02 02:25:20.428 - records_manager - ERROR - Failed to process telemetry record: KeyError('sm_utilization')
NoneType: None
2026-05-02 02:25:20.785 - records_manager - ERROR - Failed to process telemetry record: KeyError('sm_utilization')
NoneType: None
2026-05-02 02:25:20.786 - records_manager - ERROR - Failed to process telemetry record: KeyError('sm_utilization')
NoneType: None
2026-05-02 02:25:21.141 - records_manager - ERROR - Failed to process telemetry record: KeyError('sm_utilization')
NoneType: None
2026-05-02 02:25:21.142 - records_manager - ERROR - Failed to process telemetry record: KeyError('sm_utilization')
NoneType: None
2026-05-02 02:25:21.497 - records_manager - ERROR - Failed to process telemetry record: KeyError('sm_utilization')
NoneType: None
2026-05-02 02:25:21.498 - records_manager - ERROR - Failed to process telemetry record: KeyError('sm_utilization')
NoneType: None
2026-05-02 02:25:21.856 - records_manager - ERROR - Failed to process telemetry record: KeyError('sm_utilization')
NoneType: None
2026-05-02 02:25:21.857 - records_manager - ERROR - Failed to process telemetry record: KeyError('sm_utilization')
NoneType: None
2026-05-02 02:25:22.213 - records_manager - ERROR - Failed to process telemetry record: KeyError('sm_utilization')
NoneType: None
2026-05-02 02:25:22.213 - records_manager - ERROR - Failed to process telemetry record: KeyError('sm_utilization')
NoneType: None
2026-05-02 02:25:22.570 - records_manager - ERROR - Failed to process telemetry record: KeyError('sm_utilization')
NoneType: None
2026-05-02 02:25:22.571 - records_manager - ERROR - Failed to process telemetry record: KeyError('sm_utilization')
NoneType: None
2026-05-02 02:25:22.949 - records_manager - ERROR - Failed to process telemetry record: KeyError('sm_utilization')
NoneType: None
2026-05-02 02:25:22.950 - records_manager - ERROR - Failed to process telemetry record: KeyError('sm_utilization')
NoneType: None
2026-05-02 02:25:23.311 - records_manager - ERROR - Failed to process telemetry record: KeyError('sm_utilization')
NoneType: None
2026-05-02 02:25:23.312 - records_manager - ERROR - Failed to process telemetry record: KeyError('sm_utilization')
NoneType: None
2026-05-02 02:25:23.668 - records_manager - ERROR - Failed to process telemetry record: KeyError('sm_utilization')
NoneType: None
2026-05-02 02:25:23.668 - records_manager - ERROR - Failed to process telemetry record: KeyError('sm_utilization')
NoneType: None
2026-05-02 02:25:24.028 - records_manager - ERROR - Failed to process telemetry record: KeyError('sm_utilization')
NoneType: None
2026-05-02 02:25:24.029 - records_manager - ERROR - Failed to process telemetry record: KeyError('sm_utilization')
NoneType: None
2026-05-02 02:25:24.388 - records_manager - ERROR - Failed to process telemetry record: KeyError('sm_utilization')
NoneType: None
2026-05-02 02:25:24.389 - records_manager - ERROR - Failed to process telemetry record: KeyError('sm_utilization')
NoneType: None
2026-05-02 02:25:24.747 - records_manager - ERROR - Failed to process telemetry record: KeyError('sm_utilization')
NoneType: None
2026-05-02 02:25:24.748 - records_manager - ERROR - Failed to process telemetry record: KeyError('sm_utilization')
NoneType: None
2026-05-02 02:25:25.105 - records_manager - ERROR - Failed to process telemetry record: KeyError('sm_utilization')
NoneType: None
2026-05-02 02:25:25.106 - records_manager - ERROR - Failed to process telemetry record: KeyError('sm_utilization')
NoneType: None
2026-05-02 02:25:25.462 - records_manager - ERROR - Failed to process telemetry record: KeyError('sm_utilization')
NoneType: None
2026-05-02 02:25:25.462 - records_manager - ERROR - Failed to process telemetry record: KeyError('sm_utilization')
NoneType: None
2026-05-02 02:25:25.820 - records_manager - ERROR - Failed to process telemetry record: KeyError('sm_utilization')
NoneType: None
2026-05-02 02:25:25.820 - records_manager - ERROR - Failed to process telemetry record: KeyError('sm_utilization')
NoneType: None
2026-05-02 02:25:26.176 - records_manager - ERROR - Failed to process telemetry record: KeyError('sm_utilization')
NoneType: None
2026-05-02 02:25:26.177 - records_manager - ERROR - Failed to process telemetry record: KeyError('sm_utilization')
NoneType: None
2026-05-02 02:25:26.536 - records_manager - ERROR - Failed to process telemetry record: KeyError('sm_utilization')
NoneType: None
2026-05-02 02:25:26.537 - records_manager - ERROR - Failed to process telemetry record: KeyError('sm_utilization')
NoneType: None
2026-05-02 02:25:26.895 - records_manager - ERROR - Failed to process telemetry record: KeyError('sm_utilization')
NoneType: None
2026-05-02 02:25:26.895 - records_manager - ERROR - Failed to process telemetry record: KeyError('sm_utilization')
NoneType: None
2026-05-02 02:25:27.257 - records_manager - ERROR - Failed to process telemetry record: KeyError('sm_utilization')
NoneType: None
2026-05-02 02:25:27.258 - records_manager - ERROR - Failed to process telemetry record: KeyError('sm_utilization')
NoneType: None
2026-05-02 02:25:27.621 - records_manager - ERROR - Failed to process telemetry record: KeyError('sm_utilization')
NoneType: None
2026-05-02 02:25:27.622 - records_manager - ERROR - Failed to process telemetry record: KeyError('sm_utilization')
NoneType: None
2026-05-02 02:25:27.985 - records_manager - ERROR - Failed to process telemetry record: KeyError('sm_utilization')
NoneType: None
2026-05-02 02:25:27.986 - records_manager - ERROR - Failed to process telemetry record: KeyError('sm_utilization')
NoneType: None
2026-05-02 02:25:28.342 - records_manager - ERROR - Failed to process telemetry record: KeyError('sm_utilization')
NoneType: None
2026-05-02 02:25:28.342 - records_manager - ERROR - Failed to process telemetry record: KeyError('sm_utilization')
NoneType: None
2026-05-02 02:25:28.700 - records_manager - ERROR - Failed to process telemetry record: KeyError('sm_utilization')
NoneType: None
2026-05-02 02:25:28.701 - records_manager - ERROR - Failed to process telemetry record: KeyError('sm_utilization')
NoneType: None
2026-05-02 02:25:29.060 - records_manager - ERROR - Failed to process telemetry record: KeyError('sm_utilization')
NoneType: None
2026-05-02 02:25:29.060 - records_manager - ERROR - Failed to process telemetry record: KeyError('sm_utilization')
NoneType: None
2026-05-02 02:25:29.416 - records_manager - ERROR - Failed to process telemetry record: KeyError('sm_utilization')
NoneType: None
2026-05-02 02:25:29.417 - records_manager - ERROR - Failed to process telemetry record: KeyError('sm_utilization')
NoneType: None
2026-05-02 02:25:29.773 - records_manager - ERROR - Failed to process telemetry record: KeyError('sm_utilization')
NoneType: None
2026-05-02 02:25:29.773 - records_manager - ERROR - Failed to process telemetry record: KeyError('sm_utilization')
NoneType: None
2026-05-02 02:25:30.132 - records_manager - ERROR - Failed to process telemetry record: KeyError('sm_utilization')
NoneType: None
2026-05-02 02:25:30.133 - records_manager - ERROR - Failed to process telemetry record: KeyError('sm_utilization')
NoneType: None
2026-05-02 02:25:30.491 - records_manager - ERROR - Failed to process telemetry record: KeyError('sm_utilization')
NoneType: None
2026-05-02 02:25:30.491 - records_manager - ERROR - Failed to process telemetry record: KeyError('sm_utilization')
NoneType: None
2026-05-02 02:25:30.850 - records_manager - ERROR - Failed to process telemetry record: KeyError('sm_utilization')
NoneType: None
2026-05-02 02:25:30.851 - records_manager - ERROR - Failed to process telemetry record: KeyError('sm_utilization')
NoneType: None
2026-05-02 02:25:31.222 - records_manager - ERROR - Failed to process telemetry record: KeyError('sm_utilization')
NoneType: None
2026-05-02 02:25:31.223 - records_manager - ERROR - Failed to process telemetry record: KeyError('sm_utilization')
NoneType: None
2026-05-02 02:25:31.583 - records_manager - ERROR - Failed to process telemetry record: KeyError('sm_utilization')
NoneType: None
2026-05-02 02:25:31.584 - records_manager - ERROR - Failed to process telemetry record: KeyError('sm_utilization')
NoneType: None
2026-05-02 02:25:31.945 - records_manager - ERROR - Failed to process telemetry record: KeyError('sm_utilization')
NoneType: None
2026-05-02 02:25:31.945 - records_manager - ERROR - Failed to process telemetry record: KeyError('sm_utilization')
NoneType: None
2026-05-02 02:25:32.301 - records_manager - ERROR - Failed to process telemetry record: KeyError('sm_utilization')
NoneType: None
2026-05-02 02:25:32.302 - records_manager - ERROR - Failed to process telemetry record: KeyError('sm_utilization')
NoneType: None
2026-05-02 02:25:32.666 - records_manager - ERROR - Failed to process telemetry record: KeyError('sm_utilization')
NoneType: None
2026-05-02 02:25:32.666 - records_manager - ERROR - Failed to process telemetry record: KeyError('sm_utilization')
NoneType: None
2026-05-02 02:25:33.021 - records_manager - ERROR - Failed to process telemetry record: KeyError('sm_utilization')
NoneType: None
2026-05-02 02:25:33.022 - records_manager - ERROR - Failed to process telemetry record: KeyError('sm_utilization')
NoneType: None
2026-05-02 02:25:33.379 - records_manager - ERROR - Failed to process telemetry record: KeyError('sm_utilization')
NoneType: None
2026-05-02 02:25:33.380 - records_manager - ERROR - Failed to process telemetry record: KeyError('sm_utilization')
NoneType: None
2026-05-02 02:25:33.743 - records_manager - ERROR - Failed to process telemetry record: KeyError('sm_utilization')
NoneType: None
2026-05-02 02:25:33.743 - records_manager - ERROR - Failed to process telemetry record: KeyError('sm_utilization')
NoneType: None
2026-05-02 02:25:34.101 - records_manager - ERROR - Failed to process telemetry record: KeyError('sm_utilization')
NoneType: None
2026-05-02 02:25:34.102 - records_manager - ERROR - Failed to process telemetry record: KeyError('sm_utilization')
NoneType: None
2026-05-02 02:25:34.461 - records_manager - ERROR - Failed to process telemetry record: KeyError('sm_utilization')
NoneType: None
2026-05-02 02:25:34.462 - records_manager - ERROR - Failed to process telemetry record: KeyError('sm_utilization')
NoneType: None
2026-05-02 02:25:34.822 - records_manager - ERROR - Failed to process telemetry record: KeyError('sm_utilization')
NoneType: None
2026-05-02 02:25:34.823 - records_manager - ERROR - Failed to process telemetry record: KeyError('sm_utilization')
NoneType: None
2026-05-02 02:25:35.180 - records_manager - ERROR - Failed to process telemetry record: KeyError('sm_utilization')
NoneType: None
2026-05-02 02:25:35.181 - records_manager - ERROR - Failed to process telemetry record: KeyError('sm_utilization')
NoneType: None
2026-05-02 02:25:35.557 - records_manager - ERROR - Failed to process telemetry record: KeyError('sm_utilization')
NoneType: None
2026-05-02 02:25:35.557 - records_manager - ERROR - Failed to process telemetry record: KeyError('sm_utilization')
NoneType: None
2026-05-02 02:25:35.940 - records_manager - ERROR - Failed to process telemetry record: KeyError('sm_utilization')
NoneType: None
2026-05-02 02:25:35.940 - records_manager - ERROR - Failed to process telemetry record: KeyError('sm_utilization')
NoneType: None
2026-05-02 02:25:36.296 - records_manager - ERROR - Failed to process telemetry record: KeyError('sm_utilization')
NoneType: None
2026-05-02 02:25:36.297 - records_manager - ERROR - Failed to process telemetry record: KeyError('sm_utilization')
NoneType: None
2026-05-02 02:25:36.660 - records_manager - ERROR - Failed to process telemetry record: KeyError('sm_utilization')
NoneType: None
2026-05-02 02:25:36.661 - records_manager - ERROR - Failed to process telemetry record: KeyError('sm_utilization')
NoneType: None
2026-05-02 02:25:37.021 - records_manager - ERROR - Failed to process telemetry record: KeyError('sm_utilization')
NoneType: None
2026-05-02 02:25:37.022 - records_manager - ERROR - Failed to process telemetry record: KeyError('sm_utilization')
NoneType: None
2026-05-02 02:25:37.381 - records_manager - ERROR - Failed to process telemetry record: KeyError('sm_utilization')
NoneType: None
2026-05-02 02:25:37.381 - records_manager - ERROR - Failed to process telemetry record: KeyError('sm_utilization')
NoneType: None
2026-05-02 02:25:37.741 - records_manager - ERROR - Failed to process telemetry record: KeyError('sm_utilization')
NoneType: None
2026-05-02 02:25:37.741 - records_manager - ERROR - Failed to process telemetry record: KeyError('sm_utilization')
NoneType: None
2026-05-02 02:25:38.100 - records_manager - ERROR - Failed to process telemetry record: KeyError('sm_utilization')
NoneType: None
2026-05-02 02:25:38.100 - records_manager - ERROR - Failed to process telemetry record: KeyError('sm_utilization')
NoneType: None
2026-05-02 02:25:38.456 - records_manager - ERROR - Failed to process telemetry record: KeyError('sm_utilization')
NoneType: None
2026-05-02 02:25:38.457 - records_manager - ERROR - Failed to process telemetry record: KeyError('sm_utilization')
NoneType: None
2026-05-02 02:25:38.813 - records_manager - ERROR - Failed to process telemetry record: KeyError('sm_utilization')
NoneType: None
2026-05-02 02:25:38.814 - records_manager - ERROR - Failed to process telemetry record: KeyError('sm_utilization')
NoneType: None
2026-05-02 02:25:39.173 - records_manager - ERROR - Failed to process telemetry record: KeyError('sm_utilization')
NoneType: None
2026-05-02 02:25:39.173 - records_manager - ERROR - Failed to process telemetry record: KeyError('sm_utilization')
NoneType: None
2026-05-02 02:25:39.533 - records_manager - ERROR - Failed to process telemetry record: KeyError('sm_utilization')
NoneType: None
2026-05-02 02:25:39.534 - records_manager - ERROR - Failed to process telemetry record: KeyError('sm_utilization')
NoneType: None
2026-05-02 02:25:39.893 - records_manager - ERROR - Failed to process telemetry record: KeyError('sm_utilization')
NoneType: None
2026-05-02 02:25:39.893 - records_manager - ERROR - Failed to process telemetry record: KeyError('sm_utilization')
NoneType: None
2026-05-02 02:25:40.258 - records_manager - ERROR - Failed to process telemetry record: KeyError('sm_utilization')
NoneType: None
2026-05-02 02:25:40.259 - records_manager - ERROR - Failed to process telemetry record: KeyError('sm_utilization')
NoneType: None
2026-05-02 02:25:40.618 - records_manager - ERROR - Failed to process telemetry record: KeyError('sm_utilization')
NoneType: None
2026-05-02 02:25:40.619 - records_manager - ERROR - Failed to process telemetry record: KeyError('sm_utilization')
NoneType: None
2026-05-02 02:25:40.974 - records_manager - ERROR - Failed to process telemetry record: KeyError('sm_utilization')
NoneType: None
2026-05-02 02:25:40.975 - records_manager - ERROR - Failed to process telemetry record: KeyError('sm_utilization')
NoneType: None
2026-05-02 02:25:41.331 - records_manager - ERROR - Failed to process telemetry record: KeyError('sm_utilization')
NoneType: None
2026-05-02 02:25:41.332 - records_manager - ERROR - Failed to process telemetry record: KeyError('sm_utilization')
NoneType: None
2026-05-02 02:25:41.687 - records_manager - ERROR - Failed to process telemetry record: KeyError('sm_utilization')
NoneType: None
2026-05-02 02:25:41.688 - records_manager - ERROR - Failed to process telemetry record: KeyError('sm_utilization')
NoneType: None
2026-05-02 02:25:42.049 - records_manager - ERROR - Failed to process telemetry record: KeyError('sm_utilization')
NoneType: None
2026-05-02 02:25:42.050 - records_manager - ERROR - Failed to process telemetry record: KeyError('sm_utilization')
NoneType: None
2026-05-02 02:25:42.408 - records_manager - ERROR - Failed to process telemetry record: KeyError('sm_utilization')
NoneType: None
2026-05-02 02:25:42.409 - records_manager - ERROR - Failed to process telemetry record: KeyError('sm_utilization')
NoneType: None
2026-05-02 02:25:42.768 - records_manager - ERROR - Failed to process telemetry record: KeyError('sm_utilization')
NoneType: None
2026-05-02 02:25:42.768 - records_manager - ERROR - Failed to process telemetry record: KeyError('sm_utilization')
NoneType: None
2026-05-02 02:25:43.129 - records_manager - ERROR - Failed to process telemetry record: KeyError('sm_utilization')
NoneType: None
2026-05-02 02:25:43.130 - records_manager - ERROR - Failed to process telemetry record: KeyError('sm_utilization')
NoneType: None
2026-05-02 02:25:43.486 - records_manager - ERROR - Failed to process telemetry record: KeyError('sm_utilization')
NoneType: None
2026-05-02 02:25:43.487 - records_manager - ERROR - Failed to process telemetry record: KeyError('sm_utilization')
NoneType: None
2026-05-02 02:25:43.855 - records_manager - ERROR - Failed to process telemetry record: KeyError('sm_utilization')
NoneType: None
2026-05-02 02:25:43.856 - records_manager - ERROR - Failed to process telemetry record: KeyError('sm_utilization')
NoneType: None
2026-05-02 02:25:44.212 - records_manager - ERROR - Failed to process telemetry record: KeyError('sm_utilization')
NoneType: None
2026-05-02 02:25:44.213 - records_manager - ERROR - Failed to process telemetry record: KeyError('sm_utilization')
NoneType: None
2026-05-02 02:25:44.569 - records_manager - ERROR - Failed to process telemetry record: KeyError('sm_utilization')
NoneType: None
2026-05-02 02:25:44.570 - records_manager - ERROR - Failed to process telemetry record: KeyError('sm_utilization')
NoneType: None
2026-05-02 02:25:44.929 - records_manager - ERROR - Failed to process telemetry record: KeyError('sm_utilization')
NoneType: None
2026-05-02 02:25:44.930 - records_manager - ERROR - Failed to process telemetry record: KeyError('sm_utilization')
NoneType: None
2026-05-02 02:25:45.290 - records_manager - ERROR - Failed to process telemetry record: KeyError('sm_utilization')
NoneType: None
2026-05-02 02:25:45.291 - records_manager - ERROR - Failed to process telemetry record: KeyError('sm_utilization')
NoneType: None
2026-05-02 02:25:45.649 - records_manager - ERROR - Failed to process telemetry record: KeyError('sm_utilization')
NoneType: None
2026-05-02 02:25:45.650 - records_manager - ERROR - Failed to process telemetry record: KeyError('sm_utilization')
NoneType: None
2026-05-02 02:25:46.008 - records_manager - ERROR - Failed to process telemetry record: KeyError('sm_utilization')
NoneType: None
2026-05-02 02:25:46.009 - records_manager - ERROR - Failed to process telemetry record: KeyError('sm_utilization')
NoneType: None
2026-05-02 02:25:46.369 - records_manager - ERROR - Failed to process telemetry record: KeyError('sm_utilization')
NoneType: None
2026-05-02 02:25:46.370 - records_manager - ERROR - Failed to process telemetry record: KeyError('sm_utilization')
NoneType: None
2026-05-02 02:25:46.729 - records_manager - ERROR - Failed to process telemetry record: KeyError('sm_utilization')
NoneType: None
2026-05-02 02:25:46.730 - records_manager - ERROR - Failed to process telemetry record: KeyError('sm_utilization')
NoneType: None
2026-05-02 02:25:47.085 - records_manager - ERROR - Failed to process telemetry record: KeyError('sm_utilization')
NoneType: None
2026-05-02 02:25:47.086 - records_manager - ERROR - Failed to process telemetry record: KeyError('sm_utilization')
NoneType: None
2026-05-02 02:25:47.446 - records_manager - ERROR - Failed to process telemetry record: KeyError('sm_utilization')
NoneType: None
2026-05-02 02:25:47.446 - records_manager - ERROR - Failed to process telemetry record: KeyError('sm_utilization')
NoneType: None
2026-05-02 02:25:47.802 - records_manager - ERROR - Failed to process telemetry record: KeyError('sm_utilization')
NoneType: None
2026-05-02 02:25:47.819 - records_manager - ERROR - Failed to process telemetry record: KeyError('sm_utilization')
NoneType: None
2026-05-02 02:25:48.159 - records_manager - ERROR - Failed to process telemetry record: KeyError('sm_utilization')
NoneType: None
2026-05-02 02:25:48.160 - records_manager - ERROR - Failed to process telemetry record: KeyError('sm_utilization')
NoneType: None
2026-05-02 02:25:48.517 - records_manager - ERROR - Failed to process telemetry record: KeyError('sm_utilization')
NoneType: None
2026-05-02 02:25:48.518 - records_manager - ERROR - Failed to process telemetry record: KeyError('sm_utilization')
NoneType: None
2026-05-02 02:25:48.877 - records_manager - ERROR - Failed to process telemetry record: KeyError('sm_utilization')
NoneType: None
2026-05-02 02:25:48.877 - records_manager - ERROR - Failed to process telemetry record: KeyError('sm_utilization')
NoneType: None
2026-05-02 02:25:49.003 - PhaseRunner - NOTICE - Phase warmup sending complete | sent=10, completed=9, in_flight=1 | sessions: sent=10, completed=9
2026-05-02 02:25:49.235 - records_manager - ERROR - Failed to process telemetry record: KeyError('sm_utilization')
NoneType: None
2026-05-02 02:25:49.236 - records_manager - ERROR - Failed to process telemetry record: KeyError('sm_utilization')
NoneType: None
2026-05-02 02:25:49.592 - records_manager - ERROR - Failed to process telemetry record: KeyError('sm_utilization')
NoneType: None
2026-05-02 02:25:49.599 - records_manager - ERROR - Failed to process telemetry record: KeyError('sm_utilization')
NoneType: None
2026-05-02 02:25:49.950 - records_manager - ERROR - Failed to process telemetry record: KeyError('sm_utilization')
NoneType: None
2026-05-02 02:25:49.966 - records_manager - ERROR - Failed to process telemetry record: KeyError('sm_utilization')
NoneType: None
2026-05-02 02:25:50.306 - records_manager - ERROR - Failed to process telemetry record: KeyError('sm_utilization')
NoneType: None
2026-05-02 02:25:50.307 - records_manager - ERROR - Failed to process telemetry record: KeyError('sm_utilization')
NoneType: None
2026-05-02 02:25:50.667 - records_manager - ERROR - Failed to process telemetry record: KeyError('sm_utilization')
NoneType: None
2026-05-02 02:25:50.668 - records_manager - ERROR - Failed to process telemetry record: KeyError('sm_utilization')
NoneType: None
2026-05-02 02:25:51.024 - records_manager - ERROR - Failed to process telemetry record: KeyError('sm_utilization')
NoneType: None
2026-05-02 02:25:51.024 - records_manager - ERROR - Failed to process telemetry record: KeyError('sm_utilization')
NoneType: None
2026-05-02 02:25:51.378 - records_manager - ERROR - Failed to process telemetry record: KeyError('sm_utilization')
NoneType: None
2026-05-02 02:25:51.379 - records_manager - ERROR - Failed to process telemetry record: KeyError('sm_utilization')
NoneType: None
2026-05-02 02:25:51.734 - records_manager - ERROR - Failed to process telemetry record: KeyError('sm_utilization')
NoneType: None
2026-05-02 02:25:51.735 - records_manager - ERROR - Failed to process telemetry record: KeyError('sm_utilization')
NoneType: None
2026-05-02 02:25:52.091 - records_manager - ERROR - Failed to process telemetry record: KeyError('sm_utilization')
NoneType: None
2026-05-02 02:25:52.092 - records_manager - ERROR - Failed to process telemetry record: KeyError('sm_utilization')
NoneType: None
2026-05-02 02:25:52.451 - records_manager - ERROR - Failed to process telemetry record: KeyError('sm_utilization')
NoneType: None
2026-05-02 02:25:52.452 - records_manager - ERROR - Failed to process telemetry record: KeyError('sm_utilization')
NoneType: None
2026-05-02 02:25:52.812 - records_manager - ERROR - Failed to process telemetry record: KeyError('sm_utilization')
NoneType: None
2026-05-02 02:25:52.813 - records_manager - ERROR - Failed to process telemetry record: KeyError('sm_utilization')
NoneType: None
2026-05-02 02:25:53.173 - records_manager - ERROR - Failed to process telemetry record: KeyError('sm_utilization')
NoneType: None
2026-05-02 02:25:53.173 - records_manager - ERROR - Failed to process telemetry record: KeyError('sm_utilization')
NoneType: None
2026-05-02 02:25:53.539 - records_manager - ERROR - Failed to process telemetry record: KeyError('sm_utilization')
NoneType: None
2026-05-02 02:25:53.540 - records_manager - ERROR - Failed to process telemetry record: KeyError('sm_utilization')
NoneType: None
2026-05-02 02:25:53.896 - records_manager - ERROR - Failed to process telemetry record: KeyError('sm_utilization')
NoneType: None
2026-05-02 02:25:53.896 - records_manager - ERROR - Failed to process telemetry record: KeyError('sm_utilization')
NoneType: None
2026-05-02 02:25:54.256 - records_manager - ERROR - Failed to process telemetry record: KeyError('sm_utilization')
NoneType: None
2026-05-02 02:25:54.257 - records_manager - ERROR - Failed to process telemetry record: KeyError('sm_utilization')
NoneType: None
2026-05-02 02:25:54.612 - records_manager - ERROR - Failed to process telemetry record: KeyError('sm_utilization')
NoneType: None
2026-05-02 02:25:54.613 - records_manager - ERROR - Failed to process telemetry record: KeyError('sm_utilization')
NoneType: None
2026-05-02 02:25:54.970 - records_manager - ERROR - Failed to process telemetry record: KeyError('sm_utilization')
NoneType: None
2026-05-02 02:25:54.972 - records_manager - ERROR - Failed to process telemetry record: KeyError('sm_utilization')
NoneType: None
2026-05-02 02:25:55.327 - records_manager - ERROR - Failed to process telemetry record: KeyError('sm_utilization')
NoneType: None
2026-05-02 02:25:55.328 - records_manager - ERROR - Failed to process telemetry record: KeyError('sm_utilization')
NoneType: None
2026-05-02 02:25:55.687 - records_manager - ERROR - Failed to process telemetry record: KeyError('sm_utilization')
NoneType: None
2026-05-02 02:25:55.688 - records_manager - ERROR - Failed to process telemetry record: KeyError('sm_utilization')
NoneType: None
2026-05-02 02:25:56.048 - records_manager - ERROR - Failed to process telemetry record: KeyError('sm_utilization')
NoneType: None
2026-05-02 02:25:56.049 - records_manager - ERROR - Failed to process telemetry record: KeyError('sm_utilization')
NoneType: None
2026-05-02 02:25:56.407 - records_manager - ERROR - Failed to process telemetry record: KeyError('sm_utilization')
NoneType: None
2026-05-02 02:25:56.407 - records_manager - ERROR - Failed to process telemetry record: KeyError('sm_utilization')
NoneType: None
2026-05-02 02:25:56.783 - records_manager - ERROR - Failed to process telemetry record: KeyError('sm_utilization')
NoneType: None
2026-05-02 02:25:56.784 - records_manager - ERROR - Failed to process telemetry record: KeyError('sm_utilization')
NoneType: None
2026-05-02 02:25:57.149 - records_manager - ERROR - Failed to process telemetry record: KeyError('sm_utilization')
NoneType: None
2026-05-02 02:25:57.150 - records_manager - ERROR - Failed to process telemetry record: KeyError('sm_utilization')
NoneType: None
2026-05-02 02:25:57.506 - records_manager - ERROR - Failed to process telemetry record: KeyError('sm_utilization')
NoneType: None
2026-05-02 02:25:57.507 - records_manager - ERROR - Failed to process telemetry record: KeyError('sm_utilization')
NoneType: None
2026-05-02 02:25:57.868 - records_manager - ERROR - Failed to process telemetry record: KeyError('sm_utilization')
NoneType: None
2026-05-02 02:25:57.869 - records_manager - ERROR - Failed to process telemetry record: KeyError('sm_utilization')
NoneType: None
2026-05-02 02:25:58.228 - records_manager - ERROR - Failed to process telemetry record: KeyError('sm_utilization')
NoneType: None
2026-05-02 02:25:58.228 - records_manager - ERROR - Failed to process telemetry record: KeyError('sm_utilization')
NoneType: None
2026-05-02 02:25:58.586 - records_manager - ERROR - Failed to process telemetry record: KeyError('sm_utilization')
NoneType: None
2026-05-02 02:25:58.587 - records_manager - ERROR - Failed to process telemetry record: KeyError('sm_utilization')
NoneType: None
2026-05-02 02:25:58.948 - records_manager - ERROR - Failed to process telemetry record: KeyError('sm_utilization')
NoneType: None
2026-05-02 02:25:58.948 - records_manager - ERROR - Failed to process telemetry record: KeyError('sm_utilization')
NoneType: None
2026-05-02 02:25:59.306 - records_manager - ERROR - Failed to process telemetry record: KeyError('sm_utilization')
NoneType: None
2026-05-02 02:25:59.306 - records_manager - ERROR - Failed to process telemetry record: KeyError('sm_utilization')
NoneType: None
2026-05-02 02:25:59.664 - records_manager - ERROR - Failed to process telemetry record: KeyError('sm_utilization')
NoneType: None
2026-05-02 02:25:59.665 - records_manager - ERROR - Failed to process telemetry record: KeyError('sm_utilization')
NoneType: None
2026-05-02 02:26:00.021 - records_manager - ERROR - Failed to process telemetry record: KeyError('sm_utilization')
NoneType: None
2026-05-02 02:26:00.022 - records_manager - ERROR - Failed to process telemetry record: KeyError('sm_utilization')
NoneType: None
2026-05-02 02:26:00.378 - records_manager - ERROR - Failed to process telemetry record: KeyError('sm_utilization')
NoneType: None
2026-05-02 02:26:00.379 - records_manager - ERROR - Failed to process telemetry record: KeyError('sm_utilization')
NoneType: None
2026-05-02 02:26:00.735 - records_manager - ERROR - Failed to process telemetry record: KeyError('sm_utilization')
NoneType: None
2026-05-02 02:26:00.735 - records_manager - ERROR - Failed to process telemetry record: KeyError('sm_utilization')
NoneType: None
2026-05-02 02:26:01.097 - records_manager - ERROR - Failed to process telemetry record: KeyError('sm_utilization')
NoneType: None
2026-05-02 02:26:01.098 - records_manager - ERROR - Failed to process telemetry record: KeyError('sm_utilization')
NoneType: None
2026-05-02 02:26:01.459 - records_manager - ERROR - Failed to process telemetry record: KeyError('sm_utilization')
NoneType: None
2026-05-02 02:26:01.460 - records_manager - ERROR - Failed to process telemetry record: KeyError('sm_utilization')
NoneType: None
2026-05-02 02:26:01.821 - records_manager - ERROR - Failed to process telemetry record: KeyError('sm_utilization')
NoneType: None
2026-05-02 02:26:01.821 - records_manager - ERROR - Failed to process telemetry record: KeyError('sm_utilization')
NoneType: None
2026-05-02 02:26:02.179 - records_manager - ERROR - Failed to process telemetry record: KeyError('sm_utilization')
NoneType: None
2026-05-02 02:26:02.180 - records_manager - ERROR - Failed to process telemetry record: KeyError('sm_utilization')
NoneType: None
2026-05-02 02:26:02.536 - records_manager - ERROR - Failed to process telemetry record: KeyError('sm_utilization')
NoneType: None
2026-05-02 02:26:02.537 - records_manager - ERROR - Failed to process telemetry record: KeyError('sm_utilization')
NoneType: None
2026-05-02 02:26:02.896 - records_manager - ERROR - Failed to process telemetry record: KeyError('sm_utilization')
NoneType: None
2026-05-02 02:26:02.897 - records_manager - ERROR - Failed to process telemetry record: KeyError('sm_utilization')
NoneType: None
2026-05-02 02:26:03.252 - records_manager - ERROR - Failed to process telemetry record: KeyError('sm_utilization')
NoneType: None
2026-05-02 02:26:03.253 - records_manager - ERROR - Failed to process telemetry record: KeyError('sm_utilization')
NoneType: None
2026-05-02 02:26:03.609 - records_manager - ERROR - Failed to process telemetry record: KeyError('sm_utilization')
NoneType: None
2026-05-02 02:26:03.610 - records_manager - ERROR - Failed to process telemetry record: KeyError('sm_utilization')
NoneType: None
2026-05-02 02:26:03.970 - records_manager - ERROR - Failed to process telemetry record: KeyError('sm_utilization')
NoneType: None
2026-05-02 02:26:03.971 - records_manager - ERROR - Failed to process telemetry record: KeyError('sm_utilization')
NoneType: None
2026-05-02 02:26:04.327 - records_manager - ERROR - Failed to process telemetry record: KeyError('sm_utilization')
NoneType: None
2026-05-02 02:26:04.328 - records_manager - ERROR - Failed to process telemetry record: KeyError('sm_utilization')
NoneType: None
2026-05-02 02:26:04.684 - records_manager - ERROR - Failed to process telemetry record: KeyError('sm_utilization')
NoneType: None
2026-05-02 02:26:04.685 - records_manager - ERROR - Failed to process telemetry record: KeyError('sm_utilization')
NoneType: None
2026-05-02 02:26:05.047 - records_manager - ERROR - Failed to process telemetry record: KeyError('sm_utilization')
NoneType: None
2026-05-02 02:26:05.048 - records_manager - ERROR - Failed to process telemetry record: KeyError('sm_utilization')
NoneType: None
2026-05-02 02:26:05.408 - records_manager - ERROR - Failed to process telemetry record: KeyError('sm_utilization')
NoneType: None
2026-05-02 02:26:05.409 - records_manager - ERROR - Failed to process telemetry record: KeyError('sm_utilization')
NoneType: None
2026-05-02 02:26:05.774 - records_manager - ERROR - Failed to process telemetry record: KeyError('sm_utilization')
NoneType: None
2026-05-02 02:26:05.779 - records_manager - ERROR - Failed to process telemetry record: KeyError('sm_utilization')
NoneType: None
2026-05-02 02:26:06.133 - records_manager - ERROR - Failed to process telemetry record: KeyError('sm_utilization')
NoneType: None
2026-05-02 02:26:06.134 - records_manager - ERROR - Failed to process telemetry record: KeyError('sm_utilization')
NoneType: None
2026-05-02 02:26:06.492 - records_manager - ERROR - Failed to process telemetry record: KeyError('sm_utilization')
NoneType: None
2026-05-02 02:26:06.493 - records_manager - ERROR - Failed to process telemetry record: KeyError('sm_utilization')
NoneType: None
2026-05-02 02:26:06.854 - records_manager - ERROR - Failed to process telemetry record: KeyError('sm_utilization')
NoneType: None
2026-05-02 02:26:06.855 - records_manager - ERROR - Failed to process telemetry record: KeyError('sm_utilization')
NoneType: None
2026-05-02 02:26:07.211 - records_manager - ERROR - Failed to process telemetry record: KeyError('sm_utilization')
NoneType: None
2026-05-02 02:26:07.220 - records_manager - ERROR - Failed to process telemetry record: KeyError('sm_utilization')
NoneType: None
2026-05-02 02:26:07.570 - records_manager - ERROR - Failed to process telemetry record: KeyError('sm_utilization')
NoneType: None
2026-05-02 02:26:07.573 - records_manager - ERROR - Failed to process telemetry record: KeyError('sm_utilization')
NoneType: None
2026-05-02 02:26:07.926 - records_manager - ERROR - Failed to process telemetry record: KeyError('sm_utilization')
NoneType: None
2026-05-02 02:26:07.928 - records_manager - ERROR - Failed to process telemetry record: KeyError('sm_utilization')
NoneType: None
2026-05-02 02:26:08.284 - records_manager - ERROR - Failed to process telemetry record: KeyError('sm_utilization')
NoneType: None
2026-05-02 02:26:08.295 - records_manager - ERROR - Failed to process telemetry record: KeyError('sm_utilization')
NoneType: None
2026-05-02 02:26:08.640 - records_manager - ERROR - Failed to process telemetry record: KeyError('sm_utilization')
NoneType: None
2026-05-02 02:26:08.647 - records_manager - ERROR - Failed to process telemetry record: KeyError('sm_utilization')
NoneType: None
2026-05-02 02:26:09.000 - records_manager - ERROR - Failed to process telemetry record: KeyError('sm_utilization')
NoneType: None
2026-05-02 02:26:09.003 - records_manager - ERROR - Failed to process telemetry record: KeyError('sm_utilization')
NoneType: None
2026-05-02 02:26:09.371 - records_manager - ERROR - Failed to process telemetry record: KeyError('sm_utilization')
NoneType: None
2026-05-02 02:26:09.372 - records_manager - ERROR - Failed to process telemetry record: KeyError('sm_utilization')
NoneType: None
2026-05-02 02:26:09.731 - records_manager - ERROR - Failed to process telemetry record: KeyError('sm_utilization')
NoneType: None
2026-05-02 02:26:09.733 - records_manager - ERROR - Failed to process telemetry record: KeyError('sm_utilization')
NoneType: None
2026-05-02 02:26:10.091 - records_manager - ERROR - Failed to process telemetry record: KeyError('sm_utilization')
NoneType: None
2026-05-02 02:26:10.097 - records_manager - ERROR - Failed to process telemetry record: KeyError('sm_utilization')
NoneType: None
2026-05-02 02:26:10.460 - records_manager - ERROR - Failed to process telemetry record: KeyError('sm_utilization')
NoneType: None
2026-05-02 02:26:10.461 - records_manager - ERROR - Failed to process telemetry record: KeyError('sm_utilization')
NoneType: None
2026-05-02 02:26:10.819 - records_manager - ERROR - Failed to process telemetry record: KeyError('sm_utilization')
NoneType: None
2026-05-02 02:26:10.819 - records_manager - ERROR - Failed to process telemetry record: KeyError('sm_utilization')
NoneType: None
2026-05-02 02:26:11.178 - records_manager - ERROR - Failed to process telemetry record: KeyError('sm_utilization')
NoneType: None
2026-05-02 02:26:11.179 - records_manager - ERROR - Failed to process telemetry record: KeyError('sm_utilization')
NoneType: None
2026-05-02 02:26:11.536 - records_manager - ERROR - Failed to process telemetry record: KeyError('sm_utilization')
NoneType: None
2026-05-02 02:26:11.536 - records_manager - ERROR - Failed to process telemetry record: KeyError('sm_utilization')
NoneType: None
2026-05-02 02:26:11.893 - records_manager - ERROR - Failed to process telemetry record: KeyError('sm_utilization')
NoneType: None
2026-05-02 02:26:11.894 - records_manager - ERROR - Failed to process telemetry record: KeyError('sm_utilization')
NoneType: None
2026-05-02 02:26:12.254 - records_manager - ERROR - Failed to process telemetry record: KeyError('sm_utilization')
NoneType: None
2026-05-02 02:26:12.255 - records_manager - ERROR - Failed to process telemetry record: KeyError('sm_utilization')
NoneType: None
2026-05-02 02:26:12.611 - records_manager - ERROR - Failed to process telemetry record: KeyError('sm_utilization')
NoneType: None
2026-05-02 02:26:12.612 - records_manager - ERROR - Failed to process telemetry record: KeyError('sm_utilization')
NoneType: None
2026-05-02 02:26:12.969 - records_manager - ERROR - Failed to process telemetry record: KeyError('sm_utilization')
NoneType: None
2026-05-02 02:26:12.969 - records_manager - ERROR - Failed to process telemetry record: KeyError('sm_utilization')
NoneType: None
2026-05-02 02:26:13.329 - records_manager - ERROR - Failed to process telemetry record: KeyError('sm_utilization')
NoneType: None
2026-05-02 02:26:13.330 - records_manager - ERROR - Failed to process telemetry record: KeyError('sm_utilization')
NoneType: None
2026-05-02 02:26:13.689 - records_manager - ERROR - Failed to process telemetry record: KeyError('sm_utilization')
NoneType: None
2026-05-02 02:26:13.691 - records_manager - ERROR - Failed to process telemetry record: KeyError('sm_utilization')
NoneType: None
2026-05-02 02:26:14.051 - records_manager - ERROR - Failed to process telemetry record: KeyError('sm_utilization')
NoneType: None
2026-05-02 02:26:14.051 - records_manager - ERROR - Failed to process telemetry record: KeyError('sm_utilization')
NoneType: None
2026-05-02 02:26:14.412 - records_manager - ERROR - Failed to process telemetry record: KeyError('sm_utilization')
NoneType: None
2026-05-02 02:26:14.413 - records_manager - ERROR - Failed to process telemetry record: KeyError('sm_utilization')
NoneType: None
2026-05-02 02:26:14.772 - records_manager - ERROR - Failed to process telemetry record: KeyError('sm_utilization')
NoneType: None
2026-05-02 02:26:14.773 - records_manager - ERROR - Failed to process telemetry record: KeyError('sm_utilization')
NoneType: None
2026-05-02 02:26:15.130 - records_manager - ERROR - Failed to process telemetry record: KeyError('sm_utilization')
NoneType: None
2026-05-02 02:26:15.132 - records_manager - ERROR - Failed to process telemetry record: KeyError('sm_utilization')
NoneType: None
2026-05-02 02:26:15.486 - records_manager - ERROR - Failed to process telemetry record: KeyError('sm_utilization')
NoneType: None
2026-05-02 02:26:15.487 - records_manager - ERROR - Failed to process telemetry record: KeyError('sm_utilization')
NoneType: None
2026-05-02 02:26:15.842 - records_manager - ERROR - Failed to process telemetry record: KeyError('sm_utilization')
NoneType: None
2026-05-02 02:26:15.843 - records_manager - ERROR - Failed to process telemetry record: KeyError('sm_utilization')
NoneType: None
2026-05-02 02:26:16.201 - records_manager - ERROR - Failed to process telemetry record: KeyError('sm_utilization')
NoneType: None
2026-05-02 02:26:16.201 - records_manager - ERROR - Failed to process telemetry record: KeyError('sm_utilization')
NoneType: None
2026-05-02 02:26:16.561 - records_manager - ERROR - Failed to process telemetry record: KeyError('sm_utilization')
NoneType: None
2026-05-02 02:26:16.562 - records_manager - ERROR - Failed to process telemetry record: KeyError('sm_utilization')
NoneType: None
2026-05-02 02:26:16.920 - records_manager - ERROR - Failed to process telemetry record: KeyError('sm_utilization')
NoneType: None
2026-05-02 02:26:16.921 - records_manager - ERROR - Failed to process telemetry record: KeyError('sm_utilization')
NoneType: None
2026-05-02 02:26:17.281 - records_manager - ERROR - Failed to process telemetry record: KeyError('sm_utilization')
NoneType: None
2026-05-02 02:26:17.281 - records_manager - ERROR - Failed to process telemetry record: KeyError('sm_utilization')
NoneType: None
2026-05-02 02:26:17.642 - records_manager - ERROR - Failed to process telemetry record: KeyError('sm_utilization')
NoneType: None
2026-05-02 02:26:17.643 - records_manager - ERROR - Failed to process telemetry record: KeyError('sm_utilization')
NoneType: None
2026-05-02 02:26:18.001 - records_manager - ERROR - Failed to process telemetry record: KeyError('sm_utilization')
NoneType: None
2026-05-02 02:26:18.002 - records_manager - ERROR - Failed to process telemetry record: KeyError('sm_utilization')
NoneType: None
2026-05-02 02:26:18.366 - records_manager - ERROR - Failed to process telemetry record: KeyError('sm_utilization')
NoneType: None
2026-05-02 02:26:18.367 - records_manager - ERROR - Failed to process telemetry record: KeyError('sm_utilization')
NoneType: None
2026-05-02 02:26:18.727 - records_manager - ERROR - Failed to process telemetry record: KeyError('sm_utilization')
NoneType: None
2026-05-02 02:26:18.728 - records_manager - ERROR - Failed to process telemetry record: KeyError('sm_utilization')
NoneType: None
2026-05-02 02:26:19.083 - records_manager - ERROR - Failed to process telemetry record: KeyError('sm_utilization')
NoneType: None
2026-05-02 02:26:19.084 - records_manager - ERROR - Failed to process telemetry record: KeyError('sm_utilization')
NoneType: None
2026-05-02 02:26:19.440 - records_manager - ERROR - Failed to process telemetry record: KeyError('sm_utilization')
NoneType: None
2026-05-02 02:26:19.440 - records_manager - ERROR - Failed to process telemetry record: KeyError('sm_utilization')
NoneType: None
2026-05-02 02:26:19.799 - records_manager - ERROR - Failed to process telemetry record: KeyError('sm_utilization')
NoneType: None
2026-05-02 02:26:19.800 - records_manager - ERROR - Failed to process telemetry record: KeyError('sm_utilization')
NoneType: None
2026-05-02 02:26:20.162 - records_manager - ERROR - Failed to process telemetry record: KeyError('sm_utilization')
NoneType: None
2026-05-02 02:26:20.163 - records_manager - ERROR - Failed to process telemetry record: KeyError('sm_utilization')
NoneType: None
2026-05-02 02:26:20.523 - records_manager - ERROR - Failed to process telemetry record: KeyError('sm_utilization')
NoneType: None
2026-05-02 02:26:20.523 - records_manager - ERROR - Failed to process telemetry record: KeyError('sm_utilization')
NoneType: None
2026-05-02 02:26:20.880 - records_manager - ERROR - Failed to process telemetry record: KeyError('sm_utilization')
NoneType: None
2026-05-02 02:26:20.881 - records_manager - ERROR - Failed to process telemetry record: KeyError('sm_utilization')
NoneType: None
2026-05-02 02:26:21.236 - records_manager - ERROR - Failed to process telemetry record: KeyError('sm_utilization')
NoneType: None
2026-05-02 02:26:21.237 - records_manager - ERROR - Failed to process telemetry record: KeyError('sm_utilization')
NoneType: None
2026-05-02 02:26:21.597 - records_manager - ERROR - Failed to process telemetry record: KeyError('sm_utilization')
NoneType: None
2026-05-02 02:26:21.598 - records_manager - ERROR - Failed to process telemetry record: KeyError('sm_utilization')
NoneType: None
2026-05-02 02:26:21.969 - records_manager - ERROR - Failed to process telemetry record: KeyError('sm_utilization')
NoneType: None
2026-05-02 02:26:21.977 - records_manager - ERROR - Failed to process telemetry record: KeyError('sm_utilization')
NoneType: None
2026-05-02 02:26:22.326 - records_manager - ERROR - Failed to process telemetry record: KeyError('sm_utilization')
NoneType: None
2026-05-02 02:26:22.343 - records_manager - ERROR - Failed to process telemetry record: KeyError('sm_utilization')
NoneType: None
2026-05-02 02:26:22.687 - records_manager - ERROR - Failed to process telemetry record: KeyError('sm_utilization')
NoneType: None
2026-05-02 02:26:22.687 - records_manager - ERROR - Failed to process telemetry record: KeyError('sm_utilization')
NoneType: None
2026-05-02 02:26:23.043 - records_manager - ERROR - Failed to process telemetry record: KeyError('sm_utilization')
NoneType: None
2026-05-02 02:26:23.045 - records_manager - ERROR - Failed to process telemetry record: KeyError('sm_utilization')
NoneType: None
2026-05-02 02:26:23.400 - records_manager - ERROR - Failed to process telemetry record: KeyError('sm_utilization')
NoneType: None
2026-05-02 02:26:23.415 - records_manager - ERROR - Failed to process telemetry record: KeyError('sm_utilization')
NoneType: None
2026-05-02 02:26:23.764 - records_manager - ERROR - Failed to process telemetry record: KeyError('sm_utilization')
NoneType: None
2026-05-02 02:26:23.765 - records_manager - ERROR - Failed to process telemetry record: KeyError('sm_utilization')
NoneType: None
2026-05-02 02:26:24.125 - records_manager - ERROR - Failed to process telemetry record: KeyError('sm_utilization')
NoneType: None
2026-05-02 02:26:24.126 - records_manager - ERROR - Failed to process telemetry record: KeyError('sm_utilization')
NoneType: None
2026-05-02 02:26:24.484 - records_manager - ERROR - Failed to process telemetry record: KeyError('sm_utilization')
NoneType: None
2026-05-02 02:26:24.489 - records_manager - ERROR - Failed to process telemetry record: KeyError('sm_utilization')
NoneType: None
2026-05-02 02:26:24.840 - records_manager - ERROR - Failed to process telemetry record: KeyError('sm_utilization')
NoneType: None
2026-05-02 02:26:24.865 - records_manager - ERROR - Failed to process telemetry record: KeyError('sm_utilization')
NoneType: None
2026-05-02 02:26:25.197 - records_manager - ERROR - Failed to process telemetry record: KeyError('sm_utilization')
NoneType: None
2026-05-02 02:26:25.198 - records_manager - ERROR - Failed to process telemetry record: KeyError('sm_utilization')
NoneType: None
2026-05-02 02:26:25.558 - records_manager - ERROR - Failed to process telemetry record: KeyError('sm_utilization')
NoneType: None
2026-05-02 02:26:25.559 - records_manager - ERROR - Failed to process telemetry record: KeyError('sm_utilization')
NoneType: None
2026-05-02 02:26:25.917 - records_manager - ERROR - Failed to process telemetry record: KeyError('sm_utilization')
NoneType: None
2026-05-02 02:26:25.918 - records_manager - ERROR - Failed to process telemetry record: KeyError('sm_utilization')
NoneType: None
2026-05-02 02:26:26.281 - records_manager - ERROR - Failed to process telemetry record: KeyError('sm_utilization')
NoneType: None
2026-05-02 02:26:26.282 - records_manager - ERROR - Failed to process telemetry record: KeyError('sm_utilization')
NoneType: None
2026-05-02 02:26:26.644 - records_manager - ERROR - Failed to process telemetry record: KeyError('sm_utilization')
NoneType: None
2026-05-02 02:26:26.645 - records_manager - ERROR - Failed to process telemetry record: KeyError('sm_utilization')
NoneType: None
2026-05-02 02:26:27.004 - records_manager - ERROR - Failed to process telemetry record: KeyError('sm_utilization')
NoneType: None
2026-05-02 02:26:27.005 - records_manager - ERROR - Failed to process telemetry record: KeyError('sm_utilization')
NoneType: None
2026-05-02 02:26:27.369 - records_manager - ERROR - Failed to process telemetry record: KeyError('sm_utilization')
NoneType: None
2026-05-02 02:26:27.370 - records_manager - ERROR - Failed to process telemetry record: KeyError('sm_utilization')
NoneType: None
2026-05-02 02:26:27.729 - records_manager - ERROR - Failed to process telemetry record: KeyError('sm_utilization')
NoneType: None
2026-05-02 02:26:27.729 - records_manager - ERROR - Failed to process telemetry record: KeyError('sm_utilization')
NoneType: None
2026-05-02 02:26:28.087 - records_manager - ERROR - Failed to process telemetry record: KeyError('sm_utilization')
NoneType: None
2026-05-02 02:26:28.088 - records_manager - ERROR - Failed to process telemetry record: KeyError('sm_utilization')
NoneType: None
2026-05-02 02:26:28.447 - records_manager - ERROR - Failed to process telemetry record: KeyError('sm_utilization')
NoneType: None
2026-05-02 02:26:28.448 - records_manager - ERROR - Failed to process telemetry record: KeyError('sm_utilization')
NoneType: None
2026-05-02 02:26:28.804 - records_manager - ERROR - Failed to process telemetry record: KeyError('sm_utilization')
NoneType: None
2026-05-02 02:26:28.805 - records_manager - ERROR - Failed to process telemetry record: KeyError('sm_utilization')
NoneType: None
2026-05-02 02:26:29.160 - records_manager - ERROR - Failed to process telemetry record: KeyError('sm_utilization')
NoneType: None
2026-05-02 02:26:29.161 - records_manager - ERROR - Failed to process telemetry record: KeyError('sm_utilization')
NoneType: None
2026-05-02 02:26:29.517 - records_manager - ERROR - Failed to process telemetry record: KeyError('sm_utilization')
NoneType: None
2026-05-02 02:26:29.518 - records_manager - ERROR - Failed to process telemetry record: KeyError('sm_utilization')
NoneType: None
2026-05-02 02:26:29.875 - records_manager - ERROR - Failed to process telemetry record: KeyError('sm_utilization')
NoneType: None
2026-05-02 02:26:29.876 - records_manager - ERROR - Failed to process telemetry record: KeyError('sm_utilization')
NoneType: None
2026-05-02 02:26:30.232 - records_manager - ERROR - Failed to process telemetry record: KeyError('sm_utilization')
NoneType: None
2026-05-02 02:26:30.233 - records_manager - ERROR - Failed to process telemetry record: KeyError('sm_utilization')
NoneType: None
2026-05-02 02:26:30.610 - records_manager - ERROR - Failed to process telemetry record: KeyError('sm_utilization')
NoneType: None
2026-05-02 02:26:30.611 - records_manager - ERROR - Failed to process telemetry record: KeyError('sm_utilization')
NoneType: None
2026-05-02 02:26:30.971 - records_manager - ERROR - Failed to process telemetry record: KeyError('sm_utilization')
NoneType: None
2026-05-02 02:26:30.971 - records_manager - ERROR - Failed to process telemetry record: KeyError('sm_utilization')
NoneType: None
2026-05-02 02:26:31.331 - records_manager - ERROR - Failed to process telemetry record: KeyError('sm_utilization')
NoneType: None
2026-05-02 02:26:31.331 - records_manager - ERROR - Failed to process telemetry record: KeyError('sm_utilization')
NoneType: None
2026-05-02 02:26:31.692 - records_manager - ERROR - Failed to process telemetry record: KeyError('sm_utilization')
NoneType: None
2026-05-02 02:26:31.692 - records_manager - ERROR - Failed to process telemetry record: KeyError('sm_utilization')
NoneType: None
2026-05-02 02:26:32.048 - records_manager - ERROR - Failed to process telemetry record: KeyError('sm_utilization')
NoneType: None
2026-05-02 02:26:32.049 - records_manager - ERROR - Failed to process telemetry record: KeyError('sm_utilization')
NoneType: None
2026-05-02 02:26:32.406 - records_manager - ERROR - Failed to process telemetry record: KeyError('sm_utilization')
NoneType: None
2026-05-02 02:26:32.407 - records_manager - ERROR - Failed to process telemetry record: KeyError('sm_utilization')
NoneType: None
2026-05-02 02:26:32.763 - records_manager - ERROR - Failed to process telemetry record: KeyError('sm_utilization')
NoneType: None
2026-05-02 02:26:32.763 - records_manager - ERROR - Failed to process telemetry record: KeyError('sm_utilization')
NoneType: None
2026-05-02 02:26:33.119 - records_manager - ERROR - Failed to process telemetry record: KeyError('sm_utilization')
NoneType: None
2026-05-02 02:26:33.120 - records_manager - ERROR - Failed to process telemetry record: KeyError('sm_utilization')
NoneType: None
2026-05-02 02:26:33.477 - records_manager - ERROR - Failed to process telemetry record: KeyError('sm_utilization')
NoneType: None
2026-05-02 02:26:33.477 - records_manager - ERROR - Failed to process telemetry record: KeyError('sm_utilization')
NoneType: None
2026-05-02 02:26:33.836 - records_manager - ERROR - Failed to process telemetry record: KeyError('sm_utilization')
NoneType: None
2026-05-02 02:26:33.838 - records_manager - ERROR - Failed to process telemetry record: KeyError('sm_utilization')
NoneType: None
2026-05-02 02:26:34.197 - records_manager - ERROR - Failed to process telemetry record: KeyError('sm_utilization')
NoneType: None
2026-05-02 02:26:34.198 - records_manager - ERROR - Failed to process telemetry record: KeyError('sm_utilization')
NoneType: None
2026-05-02 02:26:34.568 - records_manager - ERROR - Failed to process telemetry record: KeyError('sm_utilization')
NoneType: None
2026-05-02 02:26:34.569 - records_manager - ERROR - Failed to process telemetry record: KeyError('sm_utilization')
NoneType: None
2026-05-02 02:26:34.925 - records_manager - ERROR - Failed to process telemetry record: KeyError('sm_utilization')
NoneType: None
2026-05-02 02:26:34.925 - records_manager - ERROR - Failed to process telemetry record: KeyError('sm_utilization')
NoneType: None
2026-05-02 02:26:35.128 - PhaseRunner - NOTICE - Phase warmup complete | completed=10, cancelled=0, errors=0 | sessions: completed=10, cancelled=0 | elapsed=504.43s
2026-05-02 02:26:35.130 - RateTiming - INFO - Creating interval generator: pattern=concurrency_burst, rate=None, smoothness=None
2026-05-02 02:26:35.131 - PhaseRunner - NOTICE - Phase profiling started | target: 12 requests
2026-05-02 02:26:35.133 - records_manager - INFO - Credit phase start: profiling
2026-05-02 02:26:35.286 - records_manager - ERROR - Failed to process telemetry record: KeyError('sm_utilization')
NoneType: None
2026-05-02 02:26:35.287 - records_manager - ERROR - Failed to process telemetry record: KeyError('sm_utilization')
NoneType: None
2026-05-02 02:26:35.645 - records_manager - ERROR - Failed to process telemetry record: KeyError('sm_utilization')
NoneType: None
2026-05-02 02:26:35.646 - records_manager - ERROR - Failed to process telemetry record: KeyError('sm_utilization')
NoneType: None
2026-05-02 02:26:36.001 - records_manager - ERROR - Failed to process telemetry record: KeyError('sm_utilization')
NoneType: None
2026-05-02 02:26:36.002 - records_manager - ERROR - Failed to process telemetry record: KeyError('sm_utilization')
NoneType: None
2026-05-02 02:26:36.365 - records_manager - ERROR - Failed to process telemetry record: KeyError('sm_utilization')
NoneType: None
2026-05-02 02:26:36.366 - records_manager - ERROR - Failed to process telemetry record: KeyError('sm_utilization')
NoneType: None
2026-05-02 02:26:36.723 - records_manager - ERROR - Failed to process telemetry record: KeyError('sm_utilization')
NoneType: None
2026-05-02 02:26:36.724 - records_manager - ERROR - Failed to process telemetry record: KeyError('sm_utilization')
NoneType: None
2026-05-02 02:26:37.080 - records_manager - ERROR - Failed to process telemetry record: KeyError('sm_utilization')
NoneType: None
2026-05-02 02:26:37.081 - records_manager - ERROR - Failed to process telemetry record: KeyError('sm_utilization')
NoneType: None
2026-05-02 02:26:37.437 - records_manager - ERROR - Failed to process telemetry record: KeyError('sm_utilization')
NoneType: None
2026-05-02 02:26:37.438 - records_manager - ERROR - Failed to process telemetry record: KeyError('sm_utilization')
NoneType: None
2026-05-02 02:26:37.796 - records_manager - ERROR - Failed to process telemetry record: KeyError('sm_utilization')
NoneType: None
2026-05-02 02:26:37.796 - records_manager - ERROR - Failed to process telemetry record: KeyError('sm_utilization')
NoneType: None
2026-05-02 02:26:38.154 - records_manager - ERROR - Failed to process telemetry record: KeyError('sm_utilization')
NoneType: None
2026-05-02 02:26:38.155 - records_manager - ERROR - Failed to process telemetry record: KeyError('sm_utilization')
NoneType: None
2026-05-02 02:26:38.510 - records_manager - ERROR - Failed to process telemetry record: KeyError('sm_utilization')
NoneType: None
2026-05-02 02:26:38.511 - records_manager - ERROR - Failed to process telemetry record: KeyError('sm_utilization')
NoneType: None
2026-05-02 02:26:38.867 - records_manager - ERROR - Failed to process telemetry record: KeyError('sm_utilization')
NoneType: None
2026-05-02 02:26:38.868 - records_manager - ERROR - Failed to process telemetry record: KeyError('sm_utilization')
NoneType: None
2026-05-02 02:26:39.222 - records_manager - ERROR - Failed to process telemetry record: KeyError('sm_utilization')
NoneType: None
2026-05-02 02:26:39.223 - records_manager - ERROR - Failed to process telemetry record: KeyError('sm_utilization')
NoneType: None
2026-05-02 02:26:39.587 - records_manager - ERROR - Failed to process telemetry record: KeyError('sm_utilization')
NoneType: None
2026-05-02 02:26:39.588 - records_manager - ERROR - Failed to process telemetry record: KeyError('sm_utilization')
NoneType: None
2026-05-02 02:26:39.954 - records_manager - ERROR - Failed to process telemetry record: KeyError('sm_utilization')
NoneType: None
2026-05-02 02:26:39.954 - records_manager - ERROR - Failed to process telemetry record: KeyError('sm_utilization')
NoneType: None
2026-05-02 02:26:40.318 - records_manager - ERROR - Failed to process telemetry record: KeyError('sm_utilization')
NoneType: None
2026-05-02 02:26:40.319 - records_manager - ERROR - Failed to process telemetry record: KeyError('sm_utilization')
NoneType: None
2026-05-02 02:26:40.679 - records_manager - ERROR - Failed to process telemetry record: KeyError('sm_utilization')
NoneType: None
2026-05-02 02:26:40.680 - records_manager - ERROR - Failed to process telemetry record: KeyError('sm_utilization')
NoneType: None
2026-05-02 02:26:41.034 - records_manager - ERROR - Failed to process telemetry record: KeyError('sm_utilization')
NoneType: None
2026-05-02 02:26:41.034 - records_manager - ERROR - Failed to process telemetry record: KeyError('sm_utilization')
NoneType: None
2026-05-02 02:26:41.390 - records_manager - ERROR - Failed to process telemetry record: KeyError('sm_utilization')
NoneType: None
2026-05-02 02:26:41.395 - records_manager - ERROR - Failed to process telemetry record: KeyError('sm_utilization')
NoneType: None
2026-05-02 02:26:41.746 - records_manager - ERROR - Failed to process telemetry record: KeyError('sm_utilization')
NoneType: None
2026-05-02 02:26:41.746 - records_manager - ERROR - Failed to process telemetry record: KeyError('sm_utilization')
NoneType: None
2026-05-02 02:26:42.104 - records_manager - ERROR - Failed to process telemetry record: KeyError('sm_utilization')
NoneType: None
2026-05-02 02:26:42.104 - records_manager - ERROR - Failed to process telemetry record: KeyError('sm_utilization')
NoneType: None
2026-05-02 02:26:42.469 - records_manager - ERROR - Failed to process telemetry record: KeyError('sm_utilization')
NoneType: None
2026-05-02 02:26:42.470 - records_manager - ERROR - Failed to process telemetry record: KeyError('sm_utilization')
NoneType: None
2026-05-02 02:26:42.826 - records_manager - ERROR - Failed to process telemetry record: KeyError('sm_utilization')
NoneType: None
2026-05-02 02:26:42.827 - records_manager - ERROR - Failed to process telemetry record: KeyError('sm_utilization')
NoneType: None
2026-05-02 02:26:43.180 - records_manager - ERROR - Failed to process telemetry record: KeyError('sm_utilization')
NoneType: None
2026-05-02 02:26:43.181 - records_manager - ERROR - Failed to process telemetry record: KeyError('sm_utilization')
NoneType: None
2026-05-02 02:26:43.594 - records_manager - ERROR - Failed to process telemetry record: KeyError('sm_utilization')
NoneType: None
2026-05-02 02:26:43.594 - records_manager - ERROR - Failed to process telemetry record: KeyError('sm_utilization')
NoneType: None
2026-05-02 02:26:43.953 - records_manager - ERROR - Failed to process telemetry record: KeyError('sm_utilization')
NoneType: None
2026-05-02 02:26:43.954 - records_manager - ERROR - Failed to process telemetry record: KeyError('sm_utilization')
NoneType: None
2026-05-02 02:26:44.309 - records_manager - ERROR - Failed to process telemetry record: KeyError('sm_utilization')
NoneType: None
2026-05-02 02:26:44.310 - records_manager - ERROR - Failed to process telemetry record: KeyError('sm_utilization')
NoneType: None
2026-05-02 02:26:44.667 - records_manager - ERROR - Failed to process telemetry record: KeyError('sm_utilization')
NoneType: None
2026-05-02 02:26:44.667 - records_manager - ERROR - Failed to process telemetry record: KeyError('sm_utilization')
NoneType: None
2026-05-02 02:26:45.022 - records_manager - ERROR - Failed to process telemetry record: KeyError('sm_utilization')
NoneType: None
2026-05-02 02:26:45.023 - records_manager - ERROR - Failed to process telemetry record: KeyError('sm_utilization')
NoneType: None
2026-05-02 02:26:45.381 - records_manager - ERROR - Failed to process telemetry record: KeyError('sm_utilization')
NoneType: None
2026-05-02 02:26:45.382 - records_manager - ERROR - Failed to process telemetry record: KeyError('sm_utilization')
NoneType: None
2026-05-02 02:26:45.741 - records_manager - ERROR - Failed to process telemetry record: KeyError('sm_utilization')
NoneType: None
2026-05-02 02:26:45.741 - records_manager - ERROR - Failed to process telemetry record: KeyError('sm_utilization')
NoneType: None
2026-05-02 02:26:46.100 - records_manager - ERROR - Failed to process telemetry record: KeyError('sm_utilization')
NoneType: None
2026-05-02 02:26:46.101 - records_manager - ERROR - Failed to process telemetry record: KeyError('sm_utilization')
NoneType: None
2026-05-02 02:26:46.454 - records_manager - ERROR - Failed to process telemetry record: KeyError('sm_utilization')
NoneType: None
2026-05-02 02:26:46.459 - records_manager - ERROR - Failed to process telemetry record: KeyError('sm_utilization')
NoneType: None
2026-05-02 02:26:46.814 - records_manager - ERROR - Failed to process telemetry record: KeyError('sm_utilization')
NoneType: None
2026-05-02 02:26:46.814 - records_manager - ERROR - Failed to process telemetry record: KeyError('sm_utilization')
NoneType: None
2026-05-02 02:26:47.177 - records_manager - ERROR - Failed to process telemetry record: KeyError('sm_utilization')
NoneType: None
2026-05-02 02:26:47.178 - records_manager - ERROR - Failed to process telemetry record: KeyError('sm_utilization')
NoneType: None
2026-05-02 02:26:47.537 - records_manager - ERROR - Failed to process telemetry record: KeyError('sm_utilization')
NoneType: None
2026-05-02 02:26:47.538 - records_manager - ERROR - Failed to process telemetry record: KeyError('sm_utilization')
NoneType: None
2026-05-02 02:26:47.897 - records_manager - ERROR - Failed to process telemetry record: KeyError('sm_utilization')
NoneType: None
2026-05-02 02:26:47.904 - records_manager - ERROR - Failed to process telemetry record: KeyError('sm_utilization')
NoneType: None
2026-05-02 02:26:48.261 - records_manager - ERROR - Failed to process telemetry record: KeyError('sm_utilization')
NoneType: None
2026-05-02 02:26:48.270 - records_manager - ERROR - Failed to process telemetry record: KeyError('sm_utilization')
NoneType: None
2026-05-02 02:26:48.616 - records_manager - ERROR - Failed to process telemetry record: KeyError('sm_utilization')
NoneType: None
2026-05-02 02:26:48.617 - records_manager - ERROR - Failed to process telemetry record: KeyError('sm_utilization')
NoneType: None
2026-05-02 02:26:48.976 - records_manager - ERROR - Failed to process telemetry record: KeyError('sm_utilization')
NoneType: None
2026-05-02 02:26:48.977 - records_manager - ERROR - Failed to process telemetry record: KeyError('sm_utilization')
NoneType: None
2026-05-02 02:26:49.336 - records_manager - ERROR - Failed to process telemetry record: KeyError('sm_utilization')
NoneType: None
2026-05-02 02:26:49.337 - records_manager - ERROR - Failed to process telemetry record: KeyError('sm_utilization')
NoneType: None
2026-05-02 02:26:49.693 - records_manager - ERROR - Failed to process telemetry record: KeyError('sm_utilization')
NoneType: None
2026-05-02 02:26:49.696 - records_manager - ERROR - Failed to process telemetry record: KeyError('sm_utilization')
NoneType: None
2026-05-02 02:26:50.048 - records_manager - ERROR - Failed to process telemetry record: KeyError('sm_utilization')
NoneType: None
2026-05-02 02:26:50.049 - records_manager - ERROR - Failed to process telemetry record: KeyError('sm_utilization')
NoneType: None
2026-05-02 02:26:50.407 - records_manager - ERROR - Failed to process telemetry record: KeyError('sm_utilization')
NoneType: None
2026-05-02 02:26:50.408 - records_manager - ERROR - Failed to process telemetry record: KeyError('sm_utilization')
NoneType: None
2026-05-02 02:26:50.767 - records_manager - ERROR - Failed to process telemetry record: KeyError('sm_utilization')
NoneType: None
2026-05-02 02:26:50.768 - records_manager - ERROR - Failed to process telemetry record: KeyError('sm_utilization')
NoneType: None
2026-05-02 02:26:51.128 - records_manager - ERROR - Failed to process telemetry record: KeyError('sm_utilization')
NoneType: None
2026-05-02 02:26:51.129 - records_manager - ERROR - Failed to process telemetry record: KeyError('sm_utilization')
NoneType: None
2026-05-02 02:26:51.496 - records_manager - ERROR - Failed to process telemetry record: KeyError('sm_utilization')
NoneType: None
2026-05-02 02:26:51.497 - records_manager - ERROR - Failed to process telemetry record: KeyError('sm_utilization')
NoneType: None
2026-05-02 02:26:51.851 - records_manager - ERROR - Failed to process telemetry record: KeyError('sm_utilization')
NoneType: None
2026-05-02 02:26:51.852 - records_manager - ERROR - Failed to process telemetry record: KeyError('sm_utilization')
NoneType: None
2026-05-02 02:26:52.206 - records_manager - ERROR - Failed to process telemetry record: KeyError('sm_utilization')
NoneType: None
2026-05-02 02:26:52.207 - records_manager - ERROR - Failed to process telemetry record: KeyError('sm_utilization')
NoneType: None
2026-05-02 02:26:52.564 - records_manager - ERROR - Failed to process telemetry record: KeyError('sm_utilization')
NoneType: None
2026-05-02 02:26:52.565 - records_manager - ERROR - Failed to process telemetry record: KeyError('sm_utilization')
NoneType: None
2026-05-02 02:26:52.923 - records_manager - ERROR - Failed to process telemetry record: KeyError('sm_utilization')
NoneType: None
2026-05-02 02:26:52.924 - records_manager - ERROR - Failed to process telemetry record: KeyError('sm_utilization')
NoneType: None
2026-05-02 02:26:53.278 - records_manager - ERROR - Failed to process telemetry record: KeyError('sm_utilization')
NoneType: None
2026-05-02 02:26:53.279 - records_manager - ERROR - Failed to process telemetry record: KeyError('sm_utilization')
NoneType: None
2026-05-02 02:26:53.634 - records_manager - ERROR - Failed to process telemetry record: KeyError('sm_utilization')
NoneType: None
2026-05-02 02:26:53.635 - records_manager - ERROR - Failed to process telemetry record: KeyError('sm_utilization')
NoneType: None
2026-05-02 02:26:53.992 - records_manager - ERROR - Failed to process telemetry record: KeyError('sm_utilization')
NoneType: None
2026-05-02 02:26:53.993 - records_manager - ERROR - Failed to process telemetry record: KeyError('sm_utilization')
NoneType: None
2026-05-02 02:26:54.350 - records_manager - ERROR - Failed to process telemetry record: KeyError('sm_utilization')
NoneType: None
2026-05-02 02:26:54.350 - records_manager - ERROR - Failed to process telemetry record: KeyError('sm_utilization')
NoneType: None
2026-05-02 02:26:54.710 - records_manager - ERROR - Failed to process telemetry record: KeyError('sm_utilization')
NoneType: None
2026-05-02 02:26:54.711 - records_manager - ERROR - Failed to process telemetry record: KeyError('sm_utilization')
NoneType: None
2026-05-02 02:26:55.075 - records_manager - ERROR - Failed to process telemetry record: KeyError('sm_utilization')
NoneType: None
2026-05-02 02:26:55.076 - records_manager - ERROR - Failed to process telemetry record: KeyError('sm_utilization')
NoneType: None
2026-05-02 02:26:55.430 - records_manager - ERROR - Failed to process telemetry record: KeyError('sm_utilization')
NoneType: None
2026-05-02 02:26:55.431 - records_manager - ERROR - Failed to process telemetry record: KeyError('sm_utilization')
NoneType: None
2026-05-02 02:26:55.787 - records_manager - ERROR - Failed to process telemetry record: KeyError('sm_utilization')
NoneType: None
2026-05-02 02:26:55.787 - records_manager - ERROR - Failed to process telemetry record: KeyError('sm_utilization')
NoneType: None
2026-05-02 02:26:56.146 - records_manager - ERROR - Failed to process telemetry record: KeyError('sm_utilization')
NoneType: None
2026-05-02 02:26:56.146 - records_manager - ERROR - Failed to process telemetry record: KeyError('sm_utilization')
NoneType: None
2026-05-02 02:26:56.503 - records_manager - ERROR - Failed to process telemetry record: KeyError('sm_utilization')
NoneType: None
2026-05-02 02:26:56.504 - records_manager - ERROR - Failed to process telemetry record: KeyError('sm_utilization')
NoneType: None
2026-05-02 02:26:56.858 - records_manager - ERROR - Failed to process telemetry record: KeyError('sm_utilization')
NoneType: None
2026-05-02 02:26:56.859 - records_manager - ERROR - Failed to process telemetry record: KeyError('sm_utilization')
NoneType: None
2026-05-02 02:26:57.216 - records_manager - ERROR - Failed to process telemetry record: KeyError('sm_utilization')
NoneType: None
2026-05-02 02:26:57.216 - records_manager - ERROR - Failed to process telemetry record: KeyError('sm_utilization')
NoneType: None
2026-05-02 02:26:57.575 - records_manager - ERROR - Failed to process telemetry record: KeyError('sm_utilization')
NoneType: None
2026-05-02 02:26:57.576 - records_manager - ERROR - Failed to process telemetry record: KeyError('sm_utilization')
NoneType: None
2026-05-02 02:26:57.930 - records_manager - ERROR - Failed to process telemetry record: KeyError('sm_utilization')
NoneType: None
2026-05-02 02:26:57.931 - records_manager - ERROR - Failed to process telemetry record: KeyError('sm_utilization')
NoneType: None
2026-05-02 02:26:58.286 - records_manager - ERROR - Failed to process telemetry record: KeyError('sm_utilization')
NoneType: None
2026-05-02 02:26:58.287 - records_manager - ERROR - Failed to process telemetry record: KeyError('sm_utilization')
NoneType: None
2026-05-02 02:26:58.643 - records_manager - ERROR - Failed to process telemetry record: KeyError('sm_utilization')
NoneType: None
2026-05-02 02:26:58.644 - records_manager - ERROR - Failed to process telemetry record: KeyError('sm_utilization')
NoneType: None
2026-05-02 02:26:59.004 - records_manager - ERROR - Failed to process telemetry record: KeyError('sm_utilization')
NoneType: None
2026-05-02 02:26:59.005 - records_manager - ERROR - Failed to process telemetry record: KeyError('sm_utilization')
NoneType: None
2026-05-02 02:26:59.359 - records_manager - ERROR - Failed to process telemetry record: KeyError('sm_utilization')
NoneType: None
2026-05-02 02:26:59.360 - records_manager - ERROR - Failed to process telemetry record: KeyError('sm_utilization')
NoneType: None
2026-05-02 02:26:59.716 - records_manager - ERROR - Failed to process telemetry record: KeyError('sm_utilization')
NoneType: None
2026-05-02 02:26:59.717 - records_manager - ERROR - Failed to process telemetry record: KeyError('sm_utilization')
NoneType: None
2026-05-02 02:27:00.083 - records_manager - ERROR - Failed to process telemetry record: KeyError('sm_utilization')
NoneType: None
2026-05-02 02:27:00.084 - records_manager - ERROR - Failed to process telemetry record: KeyError('sm_utilization')
NoneType: None
2026-05-02 02:27:00.444 - records_manager - ERROR - Failed to process telemetry record: KeyError('sm_utilization')
NoneType: None
2026-05-02 02:27:00.445 - records_manager - ERROR - Failed to process telemetry record: KeyError('sm_utilization')
NoneType: None
2026-05-02 02:27:00.804 - records_manager - ERROR - Failed to process telemetry record: KeyError('sm_utilization')
NoneType: None
2026-05-02 02:27:00.805 - records_manager - ERROR - Failed to process telemetry record: KeyError('sm_utilization')
NoneType: None
2026-05-02 02:27:01.160 - records_manager - ERROR - Failed to process telemetry record: KeyError('sm_utilization')
NoneType: None
2026-05-02 02:27:01.162 - records_manager - ERROR - Failed to process telemetry record: KeyError('sm_utilization')
NoneType: None
2026-05-02 02:27:01.515 - records_manager - ERROR - Failed to process telemetry record: KeyError('sm_utilization')
NoneType: None
2026-05-02 02:27:01.516 - records_manager - ERROR - Failed to process telemetry record: KeyError('sm_utilization')
NoneType: None
2026-05-02 02:27:01.877 - records_manager - ERROR - Failed to process telemetry record: KeyError('sm_utilization')
NoneType: None
2026-05-02 02:27:01.878 - records_manager - ERROR - Failed to process telemetry record: KeyError('sm_utilization')
NoneType: None
2026-05-02 02:27:02.238 - records_manager - ERROR - Failed to process telemetry record: KeyError('sm_utilization')
NoneType: None
2026-05-02 02:27:02.239 - records_manager - ERROR - Failed to process telemetry record: KeyError('sm_utilization')
NoneType: None
2026-05-02 02:27:02.597 - records_manager - ERROR - Failed to process telemetry record: KeyError('sm_utilization')
NoneType: None
2026-05-02 02:27:02.598 - records_manager - ERROR - Failed to process telemetry record: KeyError('sm_utilization')
NoneType: None
2026-05-02 02:27:02.955 - records_manager - ERROR - Failed to process telemetry record: KeyError('sm_utilization')
NoneType: None
2026-05-02 02:27:02.956 - records_manager - ERROR - Failed to process telemetry record: KeyError('sm_utilization')
NoneType: None
2026-05-02 02:27:03.313 - records_manager - ERROR - Failed to process telemetry record: KeyError('sm_utilization')
NoneType: None
2026-05-02 02:27:03.314 - records_manager - ERROR - Failed to process telemetry record: KeyError('sm_utilization')
NoneType: None
2026-05-02 02:27:03.680 - records_manager - ERROR - Failed to process telemetry record: KeyError('sm_utilization')
NoneType: None
2026-05-02 02:27:03.686 - records_manager - ERROR - Failed to process telemetry record: KeyError('sm_utilization')
NoneType: None
2026-05-02 02:27:04.046 - records_manager - ERROR - Failed to process telemetry record: KeyError('sm_utilization')
NoneType: None
2026-05-02 02:27:04.047 - records_manager - ERROR - Failed to process telemetry record: KeyError('sm_utilization')
NoneType: None
2026-05-02 02:27:04.401 - records_manager - ERROR - Failed to process telemetry record: KeyError('sm_utilization')
NoneType: None
2026-05-02 02:27:04.402 - records_manager - ERROR - Failed to process telemetry record: KeyError('sm_utilization')
NoneType: None
2026-05-02 02:27:04.762 - records_manager - ERROR - Failed to process telemetry record: KeyError('sm_utilization')
NoneType: None
2026-05-02 02:27:04.763 - records_manager - ERROR - Failed to process telemetry record: KeyError('sm_utilization')
NoneType: None
2026-05-02 02:27:05.123 - records_manager - ERROR - Failed to process telemetry record: KeyError('sm_utilization')
NoneType: None
2026-05-02 02:27:05.123 - records_manager - ERROR - Failed to process telemetry record: KeyError('sm_utilization')
NoneType: None
2026-05-02 02:27:05.486 - records_manager - ERROR - Failed to process telemetry record: KeyError('sm_utilization')
NoneType: None
2026-05-02 02:27:05.487 - records_manager - ERROR - Failed to process telemetry record: KeyError('sm_utilization')
NoneType: None
2026-05-02 02:27:05.850 - records_manager - ERROR - Failed to process telemetry record: KeyError('sm_utilization')
NoneType: None
2026-05-02 02:27:05.851 - records_manager - ERROR - Failed to process telemetry record: KeyError('sm_utilization')
NoneType: None
2026-05-02 02:27:06.210 - records_manager - ERROR - Failed to process telemetry record: KeyError('sm_utilization')
NoneType: None
2026-05-02 02:27:06.211 - records_manager - ERROR - Failed to process telemetry record: KeyError('sm_utilization')
NoneType: None
2026-05-02 02:27:06.571 - records_manager - ERROR - Failed to process telemetry record: KeyError('sm_utilization')
NoneType: None
2026-05-02 02:27:06.573 - records_manager - ERROR - Failed to process telemetry record: KeyError('sm_utilization')
NoneType: None
2026-05-02 02:27:06.927 - records_manager - ERROR - Failed to process telemetry record: KeyError('sm_utilization')
NoneType: None
2026-05-02 02:27:06.928 - records_manager - ERROR - Failed to process telemetry record: KeyError('sm_utilization')
NoneType: None
2026-05-02 02:27:07.289 - records_manager - ERROR - Failed to process telemetry record: KeyError('sm_utilization')
NoneType: None
2026-05-02 02:27:07.290 - records_manager - ERROR - Failed to process telemetry record: KeyError('sm_utilization')
NoneType: None
2026-05-02 02:27:07.646 - records_manager - ERROR - Failed to process telemetry record: KeyError('sm_utilization')
NoneType: None
2026-05-02 02:27:07.646 - records_manager - ERROR - Failed to process telemetry record: KeyError('sm_utilization')
NoneType: None
2026-05-02 02:27:08.003 - records_manager - ERROR - Failed to process telemetry record: KeyError('sm_utilization')
NoneType: None
2026-05-02 02:27:08.004 - records_manager - ERROR - Failed to process telemetry record: KeyError('sm_utilization')
NoneType: None
2026-05-02 02:27:08.361 - records_manager - ERROR - Failed to process telemetry record: KeyError('sm_utilization')
NoneType: None
2026-05-02 02:27:08.362 - records_manager - ERROR - Failed to process telemetry record: KeyError('sm_utilization')
NoneType: None
2026-05-02 02:27:08.719 - records_manager - ERROR - Failed to process telemetry record: KeyError('sm_utilization')
NoneType: None
2026-05-02 02:27:08.720 - records_manager - ERROR - Failed to process telemetry record: KeyError('sm_utilization')
NoneType: None
2026-05-02 02:27:09.076 - records_manager - ERROR - Failed to process telemetry record: KeyError('sm_utilization')
NoneType: None
2026-05-02 02:27:09.076 - records_manager - ERROR - Failed to process telemetry record: KeyError('sm_utilization')
NoneType: None
2026-05-02 02:27:09.430 - records_manager - ERROR - Failed to process telemetry record: KeyError('sm_utilization')
NoneType: None
2026-05-02 02:27:09.431 - records_manager - ERROR - Failed to process telemetry record: KeyError('sm_utilization')
NoneType: None
2026-05-02 02:27:09.794 - records_manager - ERROR - Failed to process telemetry record: KeyError('sm_utilization')
NoneType: None
2026-05-02 02:27:09.794 - records_manager - ERROR - Failed to process telemetry record: KeyError('sm_utilization')
NoneType: None
2026-05-02 02:27:10.161 - records_manager - ERROR - Failed to process telemetry record: KeyError('sm_utilization')
NoneType: None
2026-05-02 02:27:10.161 - records_manager - ERROR - Failed to process telemetry record: KeyError('sm_utilization')
NoneType: None
2026-05-02 02:27:10.514 - records_manager - ERROR - Failed to process telemetry record: KeyError('sm_utilization')
NoneType: None
2026-05-02 02:27:10.515 - records_manager - ERROR - Failed to process telemetry record: KeyError('sm_utilization')
NoneType: None
2026-05-02 02:27:10.873 - records_manager - ERROR - Failed to process telemetry record: KeyError('sm_utilization')
NoneType: None
2026-05-02 02:27:10.874 - records_manager - ERROR - Failed to process telemetry record: KeyError('sm_utilization')
NoneType: None
2026-05-02 02:27:11.232 - records_manager - ERROR - Failed to process telemetry record: KeyError('sm_utilization')
NoneType: None
2026-05-02 02:27:11.233 - records_manager - ERROR - Failed to process telemetry record: KeyError('sm_utilization')
NoneType: None
2026-05-02 02:27:11.592 - records_manager - ERROR - Failed to process telemetry record: KeyError('sm_utilization')
NoneType: None
2026-05-02 02:27:11.593 - records_manager - ERROR - Failed to process telemetry record: KeyError('sm_utilization')
NoneType: None
2026-05-02 02:27:11.948 - records_manager - ERROR - Failed to process telemetry record: KeyError('sm_utilization')
NoneType: None
2026-05-02 02:27:11.948 - records_manager - ERROR - Failed to process telemetry record: KeyError('sm_utilization')
NoneType: None
2026-05-02 02:27:12.312 - records_manager - ERROR - Failed to process telemetry record: KeyError('sm_utilization')
NoneType: None
2026-05-02 02:27:12.313 - records_manager - ERROR - Failed to process telemetry record: KeyError('sm_utilization')
NoneType: None
2026-05-02 02:27:12.673 - records_manager - ERROR - Failed to process telemetry record: KeyError('sm_utilization')
NoneType: None
2026-05-02 02:27:12.674 - records_manager - ERROR - Failed to process telemetry record: KeyError('sm_utilization')
NoneType: None
2026-05-02 02:27:13.034 - records_manager - ERROR - Failed to process telemetry record: KeyError('sm_utilization')
NoneType: None
2026-05-02 02:27:13.035 - records_manager - ERROR - Failed to process telemetry record: KeyError('sm_utilization')
NoneType: None
2026-05-02 02:27:13.389 - records_manager - ERROR - Failed to process telemetry record: KeyError('sm_utilization')
NoneType: None
2026-05-02 02:27:13.390 - records_manager - ERROR - Failed to process telemetry record: KeyError('sm_utilization')
NoneType: None
2026-05-02 02:27:13.744 - records_manager - ERROR - Failed to process telemetry record: KeyError('sm_utilization')
NoneType: None
2026-05-02 02:27:13.745 - records_manager - ERROR - Failed to process telemetry record: KeyError('sm_utilization')
NoneType: None
2026-05-02 02:27:14.107 - records_manager - ERROR - Failed to process telemetry record: KeyError('sm_utilization')
NoneType: None
2026-05-02 02:27:14.108 - records_manager - ERROR - Failed to process telemetry record: KeyError('sm_utilization')
NoneType: None
2026-05-02 02:27:14.463 - records_manager - ERROR - Failed to process telemetry record: KeyError('sm_utilization')
NoneType: None
2026-05-02 02:27:14.464 - records_manager - ERROR - Failed to process telemetry record: KeyError('sm_utilization')
NoneType: None
2026-05-02 02:27:14.818 - records_manager - ERROR - Failed to process telemetry record: KeyError('sm_utilization')
NoneType: None
2026-05-02 02:27:14.819 - records_manager - ERROR - Failed to process telemetry record: KeyError('sm_utilization')
NoneType: None
2026-05-02 02:27:15.175 - records_manager - ERROR - Failed to process telemetry record: KeyError('sm_utilization')
NoneType: None
2026-05-02 02:27:15.176 - records_manager - ERROR - Failed to process telemetry record: KeyError('sm_utilization')
NoneType: None
2026-05-02 02:27:15.536 - records_manager - ERROR - Failed to process telemetry record: KeyError('sm_utilization')
NoneType: None
2026-05-02 02:27:15.536 - records_manager - ERROR - Failed to process telemetry record: KeyError('sm_utilization')
NoneType: None
2026-05-02 02:27:15.890 - records_manager - ERROR - Failed to process telemetry record: KeyError('sm_utilization')
NoneType: None
2026-05-02 02:27:15.893 - records_manager - ERROR - Failed to process telemetry record: KeyError('sm_utilization')
NoneType: None
2026-05-02 02:27:16.312 - records_manager - ERROR - Failed to process telemetry record: KeyError('sm_utilization')
NoneType: None
2026-05-02 02:27:16.312 - records_manager - ERROR - Failed to process telemetry record: KeyError('sm_utilization')
NoneType: None
2026-05-02 02:27:16.674 - records_manager - ERROR - Failed to process telemetry record: KeyError('sm_utilization')
NoneType: None
2026-05-02 02:27:16.675 - records_manager - ERROR - Failed to process telemetry record: KeyError('sm_utilization')
NoneType: None
2026-05-02 02:27:17.042 - records_manager - ERROR - Failed to process telemetry record: KeyError('sm_utilization')
NoneType: None
2026-05-02 02:27:17.043 - records_manager - ERROR - Failed to process telemetry record: KeyError('sm_utilization')
NoneType: None
2026-05-02 02:27:17.416 - records_manager - ERROR - Failed to process telemetry record: KeyError('sm_utilization')
NoneType: None
2026-05-02 02:27:17.416 - records_manager - ERROR - Failed to process telemetry record: KeyError('sm_utilization')
NoneType: None
2026-05-02 02:27:17.771 - records_manager - ERROR - Failed to process telemetry record: KeyError('sm_utilization')
NoneType: None
2026-05-02 02:27:17.772 - records_manager - ERROR - Failed to process telemetry record: KeyError('sm_utilization')
NoneType: None
2026-05-02 02:27:18.126 - records_manager - ERROR - Failed to process telemetry record: KeyError('sm_utilization')
NoneType: None
2026-05-02 02:27:18.126 - records_manager - ERROR - Failed to process telemetry record: KeyError('sm_utilization')
NoneType: None
2026-05-02 02:27:18.487 - records_manager - ERROR - Failed to process telemetry record: KeyError('sm_utilization')
NoneType: None
2026-05-02 02:27:18.488 - records_manager - ERROR - Failed to process telemetry record: KeyError('sm_utilization')
NoneType: None
2026-05-02 02:27:18.845 - records_manager - ERROR - Failed to process telemetry record: KeyError('sm_utilization')
NoneType: None
2026-05-02 02:27:18.846 - records_manager - ERROR - Failed to process telemetry record: KeyError('sm_utilization')
NoneType: None
2026-05-02 02:27:19.204 - records_manager - ERROR - Failed to process telemetry record: KeyError('sm_utilization')
NoneType: None
2026-05-02 02:27:19.205 - records_manager - ERROR - Failed to process telemetry record: KeyError('sm_utilization')
NoneType: None
2026-05-02 02:27:19.561 - records_manager - ERROR - Failed to process telemetry record: KeyError('sm_utilization')
NoneType: None
2026-05-02 02:27:19.562 - records_manager - ERROR - Failed to process telemetry record: KeyError('sm_utilization')
NoneType: None
2026-05-02 02:27:19.928 - records_manager - ERROR - Failed to process telemetry record: KeyError('sm_utilization')
NoneType: None
2026-05-02 02:27:19.928 - records_manager - ERROR - Failed to process telemetry record: KeyError('sm_utilization')
NoneType: None
2026-05-02 02:27:20.291 - records_manager - ERROR - Failed to process telemetry record: KeyError('sm_utilization')
NoneType: None
2026-05-02 02:27:20.292 - records_manager - ERROR - Failed to process telemetry record: KeyError('sm_utilization')
NoneType: None
2026-05-02 02:27:20.651 - records_manager - ERROR - Failed to process telemetry record: KeyError('sm_utilization')
NoneType: None
2026-05-02 02:27:20.652 - records_manager - ERROR - Failed to process telemetry record: KeyError('sm_utilization')
NoneType: None
2026-05-02 02:27:21.014 - records_manager - ERROR - Failed to process telemetry record: KeyError('sm_utilization')
NoneType: None
2026-05-02 02:27:21.015 - records_manager - ERROR - Failed to process telemetry record: KeyError('sm_utilization')
NoneType: None
2026-05-02 02:27:21.372 - records_manager - ERROR - Failed to process telemetry record: KeyError('sm_utilization')
NoneType: None
2026-05-02 02:27:21.373 - records_manager - ERROR - Failed to process telemetry record: KeyError('sm_utilization')
NoneType: None
2026-05-02 02:27:21.729 - records_manager - ERROR - Failed to process telemetry record: KeyError('sm_utilization')
NoneType: None
2026-05-02 02:27:21.730 - records_manager - ERROR - Failed to process telemetry record: KeyError('sm_utilization')
NoneType: None
2026-05-02 02:27:22.088 - records_manager - ERROR - Failed to process telemetry record: KeyError('sm_utilization')
NoneType: None
2026-05-02 02:27:22.088 - records_manager - ERROR - Failed to process telemetry record: KeyError('sm_utilization')
NoneType: None
2026-05-02 02:27:22.448 - records_manager - ERROR - Failed to process telemetry record: KeyError('sm_utilization')
NoneType: None
2026-05-02 02:27:22.449 - records_manager - ERROR - Failed to process telemetry record: KeyError('sm_utilization')
NoneType: None
2026-05-02 02:27:22.814 - records_manager - ERROR - Failed to process telemetry record: KeyError('sm_utilization')
NoneType: None
2026-05-02 02:27:22.815 - records_manager - ERROR - Failed to process telemetry record: KeyError('sm_utilization')
NoneType: None
2026-05-02 02:27:23.171 - records_manager - ERROR - Failed to process telemetry record: KeyError('sm_utilization')
NoneType: None
2026-05-02 02:27:23.172 - records_manager - ERROR - Failed to process telemetry record: KeyError('sm_utilization')
NoneType: None
2026-05-02 02:27:23.532 - records_manager - ERROR - Failed to process telemetry record: KeyError('sm_utilization')
NoneType: None
2026-05-02 02:27:23.533 - records_manager - ERROR - Failed to process telemetry record: KeyError('sm_utilization')
NoneType: None
2026-05-02 02:27:23.900 - records_manager - ERROR - Failed to process telemetry record: KeyError('sm_utilization')
NoneType: None
2026-05-02 02:27:23.901 - records_manager - ERROR - Failed to process telemetry record: KeyError('sm_utilization')
NoneType: None
2026-05-02 02:27:24.260 - records_manager - ERROR - Failed to process telemetry record: KeyError('sm_utilization')
NoneType: None
2026-05-02 02:27:24.265 - records_manager - ERROR - Failed to process telemetry record: KeyError('sm_utilization')
NoneType: None
2026-05-02 02:27:24.626 - records_manager - ERROR - Failed to process telemetry record: KeyError('sm_utilization')
NoneType: None
2026-05-02 02:27:24.627 - records_manager - ERROR - Failed to process telemetry record: KeyError('sm_utilization')
NoneType: None
2026-05-02 02:27:24.985 - records_manager - ERROR - Failed to process telemetry record: KeyError('sm_utilization')
NoneType: None
2026-05-02 02:27:24.986 - records_manager - ERROR - Failed to process telemetry record: KeyError('sm_utilization')
NoneType: None
2026-05-02 02:27:25.339 - records_manager - ERROR - Failed to process telemetry record: KeyError('sm_utilization')
NoneType: None
2026-05-02 02:27:25.340 - records_manager - ERROR - Failed to process telemetry record: KeyError('sm_utilization')
NoneType: None
2026-05-02 02:27:25.694 - records_manager - ERROR - Failed to process telemetry record: KeyError('sm_utilization')
NoneType: None
2026-05-02 02:27:25.695 - records_manager - ERROR - Failed to process telemetry record: KeyError('sm_utilization')
NoneType: None
2026-05-02 02:27:26.051 - records_manager - ERROR - Failed to process telemetry record: KeyError('sm_utilization')
NoneType: None
2026-05-02 02:27:26.052 - records_manager - ERROR - Failed to process telemetry record: KeyError('sm_utilization')
NoneType: None
2026-05-02 02:27:26.413 - records_manager - ERROR - Failed to process telemetry record: KeyError('sm_utilization')
NoneType: None
2026-05-02 02:27:26.414 - records_manager - ERROR - Failed to process telemetry record: KeyError('sm_utilization')
NoneType: None
2026-05-02 02:27:26.770 - records_manager - ERROR - Failed to process telemetry record: KeyError('sm_utilization')
NoneType: None
2026-05-02 02:27:26.771 - records_manager - ERROR - Failed to process telemetry record: KeyError('sm_utilization')
NoneType: None
2026-05-02 02:27:27.127 - records_manager - ERROR - Failed to process telemetry record: KeyError('sm_utilization')
NoneType: None
2026-05-02 02:27:27.128 - records_manager - ERROR - Failed to process telemetry record: KeyError('sm_utilization')
NoneType: None
2026-05-02 02:27:27.482 - records_manager - ERROR - Failed to process telemetry record: KeyError('sm_utilization')
NoneType: None
2026-05-02 02:27:27.483 - records_manager - ERROR - Failed to process telemetry record: KeyError('sm_utilization')
NoneType: None
2026-05-02 02:27:27.839 - records_manager - ERROR - Failed to process telemetry record: KeyError('sm_utilization')
NoneType: None
2026-05-02 02:27:27.840 - records_manager - ERROR - Failed to process telemetry record: KeyError('sm_utilization')
NoneType: None
2026-05-02 02:27:28.198 - records_manager - ERROR - Failed to process telemetry record: KeyError('sm_utilization')
NoneType: None
2026-05-02 02:27:28.198 - records_manager - ERROR - Failed to process telemetry record: KeyError('sm_utilization')
NoneType: None
2026-05-02 02:27:28.556 - records_manager - ERROR - Failed to process telemetry record: KeyError('sm_utilization')
NoneType: None
2026-05-02 02:27:28.556 - records_manager - ERROR - Failed to process telemetry record: KeyError('sm_utilization')
NoneType: None
2026-05-02 02:27:28.923 - records_manager - ERROR - Failed to process telemetry record: KeyError('sm_utilization')
NoneType: None
2026-05-02 02:27:28.927 - records_manager - ERROR - Failed to process telemetry record: KeyError('sm_utilization')
NoneType: None
2026-05-02 02:27:29.278 - records_manager - ERROR - Failed to process telemetry record: KeyError('sm_utilization')
NoneType: None
2026-05-02 02:27:29.280 - records_manager - ERROR - Failed to process telemetry record: KeyError('sm_utilization')
NoneType: None
2026-05-02 02:27:29.641 - records_manager - ERROR - Failed to process telemetry record: KeyError('sm_utilization')
NoneType: None
2026-05-02 02:27:29.641 - records_manager - ERROR - Failed to process telemetry record: KeyError('sm_utilization')
NoneType: None
2026-05-02 02:27:30.001 - records_manager - ERROR - Failed to process telemetry record: KeyError('sm_utilization')
NoneType: None
2026-05-02 02:27:30.004 - records_manager - ERROR - Failed to process telemetry record: KeyError('sm_utilization')
NoneType: None
2026-05-02 02:27:30.359 - records_manager - ERROR - Failed to process telemetry record: KeyError('sm_utilization')
NoneType: None
2026-05-02 02:27:30.360 - records_manager - ERROR - Failed to process telemetry record: KeyError('sm_utilization')
NoneType: None
2026-05-02 02:27:30.722 - records_manager - ERROR - Failed to process telemetry record: KeyError('sm_utilization')
NoneType: None
2026-05-02 02:27:30.723 - records_manager - ERROR - Failed to process telemetry record: KeyError('sm_utilization')
NoneType: None
2026-05-02 02:27:31.078 - records_manager - ERROR - Failed to process telemetry record: KeyError('sm_utilization')
NoneType: None
2026-05-02 02:27:31.079 - records_manager - ERROR - Failed to process telemetry record: KeyError('sm_utilization')
NoneType: None
2026-05-02 02:27:31.434 - records_manager - ERROR - Failed to process telemetry record: KeyError('sm_utilization')
NoneType: None
2026-05-02 02:27:31.435 - records_manager - ERROR - Failed to process telemetry record: KeyError('sm_utilization')
NoneType: None
2026-05-02 02:27:31.793 - records_manager - ERROR - Failed to process telemetry record: KeyError('sm_utilization')
NoneType: None
2026-05-02 02:27:31.796 - records_manager - ERROR - Failed to process telemetry record: KeyError('sm_utilization')
NoneType: None
2026-05-02 02:27:32.151 - records_manager - ERROR - Failed to process telemetry record: KeyError('sm_utilization')
NoneType: None
2026-05-02 02:27:32.151 - records_manager - ERROR - Failed to process telemetry record: KeyError('sm_utilization')
NoneType: None
2026-05-02 02:27:32.511 - records_manager - ERROR - Failed to process telemetry record: KeyError('sm_utilization')
NoneType: None
2026-05-02 02:27:32.512 - records_manager - ERROR - Failed to process telemetry record: KeyError('sm_utilization')
NoneType: None
2026-05-02 02:27:32.871 - records_manager - ERROR - Failed to process telemetry record: KeyError('sm_utilization')
NoneType: None
2026-05-02 02:27:32.872 - records_manager - ERROR - Failed to process telemetry record: KeyError('sm_utilization')
NoneType: None
2026-05-02 02:27:33.228 - records_manager - ERROR - Failed to process telemetry record: KeyError('sm_utilization')
NoneType: None
2026-05-02 02:27:33.229 - records_manager - ERROR - Failed to process telemetry record: KeyError('sm_utilization')
NoneType: None
2026-05-02 02:27:33.584 - records_manager - ERROR - Failed to process telemetry record: KeyError('sm_utilization')
NoneType: None
2026-05-02 02:27:33.584 - records_manager - ERROR - Failed to process telemetry record: KeyError('sm_utilization')
NoneType: None
2026-05-02 02:27:33.942 - records_manager - ERROR - Failed to process telemetry record: KeyError('sm_utilization')
NoneType: None
2026-05-02 02:27:33.943 - records_manager - ERROR - Failed to process telemetry record: KeyError('sm_utilization')
NoneType: None
2026-05-02 02:27:34.300 - records_manager - ERROR - Failed to process telemetry record: KeyError('sm_utilization')
NoneType: None
2026-05-02 02:27:34.314 - records_manager - ERROR - Failed to process telemetry record: KeyError('sm_utilization')
NoneType: None
2026-05-02 02:27:34.656 - records_manager - ERROR - Failed to process telemetry record: KeyError('sm_utilization')
NoneType: None
2026-05-02 02:27:34.657 - records_manager - ERROR - Failed to process telemetry record: KeyError('sm_utilization')
NoneType: None
2026-05-02 02:27:35.018 - records_manager - ERROR - Failed to process telemetry record: KeyError('sm_utilization')
NoneType: None
2026-05-02 02:27:35.018 - records_manager - ERROR - Failed to process telemetry record: KeyError('sm_utilization')
NoneType: None
2026-05-02 02:27:35.378 - records_manager - ERROR - Failed to process telemetry record: KeyError('sm_utilization')
NoneType: None
2026-05-02 02:27:35.379 - records_manager - ERROR - Failed to process telemetry record: KeyError('sm_utilization')
NoneType: None
2026-05-02 02:27:35.740 - records_manager - ERROR - Failed to process telemetry record: KeyError('sm_utilization')
NoneType: None
2026-05-02 02:27:35.741 - records_manager - ERROR - Failed to process telemetry record: KeyError('sm_utilization')
NoneType: None
2026-05-02 02:27:36.100 - records_manager - ERROR - Failed to process telemetry record: KeyError('sm_utilization')
NoneType: None
2026-05-02 02:27:36.101 - records_manager - ERROR - Failed to process telemetry record: KeyError('sm_utilization')
NoneType: None
2026-05-02 02:27:36.454 - records_manager - ERROR - Failed to process telemetry record: KeyError('sm_utilization')
NoneType: None
2026-05-02 02:27:36.455 - records_manager - ERROR - Failed to process telemetry record: KeyError('sm_utilization')
NoneType: None
2026-05-02 02:27:36.811 - records_manager - ERROR - Failed to process telemetry record: KeyError('sm_utilization')
NoneType: None
2026-05-02 02:27:36.811 - records_manager - ERROR - Failed to process telemetry record: KeyError('sm_utilization')
NoneType: None
2026-05-02 02:27:37.168 - records_manager - ERROR - Failed to process telemetry record: KeyError('sm_utilization')
NoneType: None
2026-05-02 02:27:37.169 - records_manager - ERROR - Failed to process telemetry record: KeyError('sm_utilization')
NoneType: None
2026-05-02 02:27:37.537 - records_manager - ERROR - Failed to process telemetry record: KeyError('sm_utilization')
NoneType: None
2026-05-02 02:27:37.538 - records_manager - ERROR - Failed to process telemetry record: KeyError('sm_utilization')
NoneType: None
2026-05-02 02:27:37.899 - records_manager - ERROR - Failed to process telemetry record: KeyError('sm_utilization')
NoneType: None
2026-05-02 02:27:37.900 - records_manager - ERROR - Failed to process telemetry record: KeyError('sm_utilization')
NoneType: None
2026-05-02 02:27:38.254 - records_manager - ERROR - Failed to process telemetry record: KeyError('sm_utilization')
NoneType: None
2026-05-02 02:27:38.255 - records_manager - ERROR - Failed to process telemetry record: KeyError('sm_utilization')
NoneType: None
2026-05-02 02:27:38.610 - records_manager - ERROR - Failed to process telemetry record: KeyError('sm_utilization')
NoneType: None
2026-05-02 02:27:38.611 - records_manager - ERROR - Failed to process telemetry record: KeyError('sm_utilization')
NoneType: None
2026-05-02 02:27:38.970 - records_manager - ERROR - Failed to process telemetry record: KeyError('sm_utilization')
NoneType: None
2026-05-02 02:27:38.971 - records_manager - ERROR - Failed to process telemetry record: KeyError('sm_utilization')
NoneType: None
2026-05-02 02:27:39.338 - records_manager - ERROR - Failed to process telemetry record: KeyError('sm_utilization')
NoneType: None
2026-05-02 02:27:39.338 - records_manager - ERROR - Failed to process telemetry record: KeyError('sm_utilization')
NoneType: None
2026-05-02 02:27:39.699 - records_manager - ERROR - Failed to process telemetry record: KeyError('sm_utilization')
NoneType: None
2026-05-02 02:27:39.700 - records_manager - ERROR - Failed to process telemetry record: KeyError('sm_utilization')
NoneType: None
2026-05-02 02:27:40.056 - records_manager - ERROR - Failed to process telemetry record: KeyError('sm_utilization')
NoneType: None
2026-05-02 02:27:40.057 - records_manager - ERROR - Failed to process telemetry record: KeyError('sm_utilization')
NoneType: None
2026-05-02 02:27:40.412 - records_manager - ERROR - Failed to process telemetry record: KeyError('sm_utilization')
NoneType: None
2026-05-02 02:27:40.413 - records_manager - ERROR - Failed to process telemetry record: KeyError('sm_utilization')
NoneType: None
2026-05-02 02:27:40.775 - records_manager - ERROR - Failed to process telemetry record: KeyError('sm_utilization')
NoneType: None
2026-05-02 02:27:40.776 - records_manager - ERROR - Failed to process telemetry record: KeyError('sm_utilization')
NoneType: None
2026-05-02 02:27:41.143 - records_manager - ERROR - Failed to process telemetry record: KeyError('sm_utilization')
NoneType: None
2026-05-02 02:27:41.144 - records_manager - ERROR - Failed to process telemetry record: KeyError('sm_utilization')
NoneType: None
2026-05-02 02:27:41.508 - records_manager - ERROR - Failed to process telemetry record: KeyError('sm_utilization')
NoneType: None
2026-05-02 02:27:41.508 - records_manager - ERROR - Failed to process telemetry record: KeyError('sm_utilization')
NoneType: None
2026-05-02 02:27:41.867 - records_manager - ERROR - Failed to process telemetry record: KeyError('sm_utilization')
NoneType: None
2026-05-02 02:27:41.868 - records_manager - ERROR - Failed to process telemetry record: KeyError('sm_utilization')
NoneType: None
2026-05-02 02:27:42.227 - records_manager - ERROR - Failed to process telemetry record: KeyError('sm_utilization')
NoneType: None
2026-05-02 02:27:42.227 - records_manager - ERROR - Failed to process telemetry record: KeyError('sm_utilization')
NoneType: None
2026-05-02 02:27:42.583 - records_manager - ERROR - Failed to process telemetry record: KeyError('sm_utilization')
NoneType: None
2026-05-02 02:27:42.584 - records_manager - ERROR - Failed to process telemetry record: KeyError('sm_utilization')
NoneType: None
2026-05-02 02:27:42.939 - records_manager - ERROR - Failed to process telemetry record: KeyError('sm_utilization')
NoneType: None
2026-05-02 02:27:42.939 - records_manager - ERROR - Failed to process telemetry record: KeyError('sm_utilization')
NoneType: None
2026-05-02 02:27:43.301 - records_manager - ERROR - Failed to process telemetry record: KeyError('sm_utilization')
NoneType: None
2026-05-02 02:27:43.302 - records_manager - ERROR - Failed to process telemetry record: KeyError('sm_utilization')
NoneType: None
2026-05-02 02:27:43.656 - records_manager - ERROR - Failed to process telemetry record: KeyError('sm_utilization')
NoneType: None
2026-05-02 02:27:43.657 - records_manager - ERROR - Failed to process telemetry record: KeyError('sm_utilization')
NoneType: None
2026-05-02 02:27:44.011 - records_manager - ERROR - Failed to process telemetry record: KeyError('sm_utilization')
NoneType: None
2026-05-02 02:27:44.012 - records_manager - ERROR - Failed to process telemetry record: KeyError('sm_utilization')
NoneType: None
2026-05-02 02:27:44.368 - records_manager - ERROR - Failed to process telemetry record: KeyError('sm_utilization')
NoneType: None
2026-05-02 02:27:44.369 - records_manager - ERROR - Failed to process telemetry record: KeyError('sm_utilization')
NoneType: None
2026-05-02 02:27:44.738 - records_manager - ERROR - Failed to process telemetry record: KeyError('sm_utilization')
NoneType: None
2026-05-02 02:27:44.739 - records_manager - ERROR - Failed to process telemetry record: KeyError('sm_utilization')
NoneType: None
2026-05-02 02:27:45.102 - records_manager - ERROR - Failed to process telemetry record: KeyError('sm_utilization')
NoneType: None
2026-05-02 02:27:45.103 - records_manager - ERROR - Failed to process telemetry record: KeyError('sm_utilization')
NoneType: None
2026-05-02 02:27:45.456 - records_manager - ERROR - Failed to process telemetry record: KeyError('sm_utilization')
NoneType: None
2026-05-02 02:27:45.457 - records_manager - ERROR - Failed to process telemetry record: KeyError('sm_utilization')
NoneType: None
2026-05-02 02:27:45.816 - records_manager - ERROR - Failed to process telemetry record: KeyError('sm_utilization')
NoneType: None
2026-05-02 02:27:45.817 - records_manager - ERROR - Failed to process telemetry record: KeyError('sm_utilization')
NoneType: None
2026-05-02 02:27:46.173 - records_manager - ERROR - Failed to process telemetry record: KeyError('sm_utilization')
NoneType: None
2026-05-02 02:27:46.173 - records_manager - ERROR - Failed to process telemetry record: KeyError('sm_utilization')
NoneType: None
2026-05-02 02:27:46.543 - records_manager - ERROR - Failed to process telemetry record: KeyError('sm_utilization')
NoneType: None
2026-05-02 02:27:46.543 - records_manager - ERROR - Failed to process telemetry record: KeyError('sm_utilization')
NoneType: None
2026-05-02 02:27:46.909 - records_manager - ERROR - Failed to process telemetry record: KeyError('sm_utilization')
NoneType: None
2026-05-02 02:27:46.909 - records_manager - ERROR - Failed to process telemetry record: KeyError('sm_utilization')
NoneType: None
2026-05-02 02:27:47.266 - records_manager - ERROR - Failed to process telemetry record: KeyError('sm_utilization')
NoneType: None
2026-05-02 02:27:47.267 - records_manager - ERROR - Failed to process telemetry record: KeyError('sm_utilization')
NoneType: None
2026-05-02 02:27:47.632 - records_manager - ERROR - Failed to process telemetry record: KeyError('sm_utilization')
NoneType: None
2026-05-02 02:27:47.633 - records_manager - ERROR - Failed to process telemetry record: KeyError('sm_utilization')
NoneType: None
2026-05-02 02:27:47.989 - records_manager - ERROR - Failed to process telemetry record: KeyError('sm_utilization')
NoneType: None
2026-05-02 02:27:47.990 - records_manager - ERROR - Failed to process telemetry record: KeyError('sm_utilization')
NoneType: None
2026-05-02 02:27:48.350 - records_manager - ERROR - Failed to process telemetry record: KeyError('sm_utilization')
NoneType: None
2026-05-02 02:27:48.351 - records_manager - ERROR - Failed to process telemetry record: KeyError('sm_utilization')
NoneType: None
2026-05-02 02:27:48.710 - records_manager - ERROR - Failed to process telemetry record: KeyError('sm_utilization')
NoneType: None
2026-05-02 02:27:48.711 - records_manager - ERROR - Failed to process telemetry record: KeyError('sm_utilization')
NoneType: None
2026-05-02 02:27:49.064 - records_manager - ERROR - Failed to process telemetry record: KeyError('sm_utilization')
NoneType: None
2026-05-02 02:27:49.065 - records_manager - ERROR - Failed to process telemetry record: KeyError('sm_utilization')
NoneType: None
2026-05-02 02:27:49.425 - records_manager - ERROR - Failed to process telemetry record: KeyError('sm_utilization')
NoneType: None
2026-05-02 02:27:49.426 - records_manager - ERROR - Failed to process telemetry record: KeyError('sm_utilization')
NoneType: None
2026-05-02 02:27:49.782 - records_manager - ERROR - Failed to process telemetry record: KeyError('sm_utilization')
NoneType: None
2026-05-02 02:27:49.782 - records_manager - ERROR - Failed to process telemetry record: KeyError('sm_utilization')
NoneType: None
2026-05-02 02:27:50.141 - records_manager - ERROR - Failed to process telemetry record: KeyError('sm_utilization')
NoneType: None
2026-05-02 02:27:50.141 - records_manager - ERROR - Failed to process telemetry record: KeyError('sm_utilization')
NoneType: None
2026-05-02 02:27:50.500 - records_manager - ERROR - Failed to process telemetry record: KeyError('sm_utilization')
NoneType: None
2026-05-02 02:27:50.500 - records_manager - ERROR - Failed to process telemetry record: KeyError('sm_utilization')
NoneType: None
2026-05-02 02:27:50.859 - records_manager - ERROR - Failed to process telemetry record: KeyError('sm_utilization')
NoneType: None
2026-05-02 02:27:50.859 - records_manager - ERROR - Failed to process telemetry record: KeyError('sm_utilization')
NoneType: None
2026-05-02 02:27:51.215 - records_manager - ERROR - Failed to process telemetry record: KeyError('sm_utilization')
NoneType: None
2026-05-02 02:27:51.216 - records_manager - ERROR - Failed to process telemetry record: KeyError('sm_utilization')
NoneType: None
2026-05-02 02:27:51.573 - records_manager - ERROR - Failed to process telemetry record: KeyError('sm_utilization')
NoneType: None
2026-05-02 02:27:51.574 - records_manager - ERROR - Failed to process telemetry record: KeyError('sm_utilization')
NoneType: None
2026-05-02 02:27:51.933 - records_manager - ERROR - Failed to process telemetry record: KeyError('sm_utilization')
NoneType: None
2026-05-02 02:27:51.933 - records_manager - ERROR - Failed to process telemetry record: KeyError('sm_utilization')
NoneType: None
2026-05-02 02:27:52.288 - records_manager - ERROR - Failed to process telemetry record: KeyError('sm_utilization')
NoneType: None
2026-05-02 02:27:52.288 - records_manager - ERROR - Failed to process telemetry record: KeyError('sm_utilization')
NoneType: None
2026-05-02 02:27:52.644 - records_manager - ERROR - Failed to process telemetry record: KeyError('sm_utilization')
NoneType: None
2026-05-02 02:27:52.644 - records_manager - ERROR - Failed to process telemetry record: KeyError('sm_utilization')
NoneType: None
2026-05-02 02:27:53.004 - records_manager - ERROR - Failed to process telemetry record: KeyError('sm_utilization')
NoneType: None
2026-05-02 02:27:53.004 - records_manager - ERROR - Failed to process telemetry record: KeyError('sm_utilization')
NoneType: None
2026-05-02 02:27:53.359 - records_manager - ERROR - Failed to process telemetry record: KeyError('sm_utilization')
NoneType: None
2026-05-02 02:27:53.360 - records_manager - ERROR - Failed to process telemetry record: KeyError('sm_utilization')
NoneType: None
2026-05-02 02:27:53.713 - records_manager - ERROR - Failed to process telemetry record: KeyError('sm_utilization')
NoneType: None
2026-05-02 02:27:53.714 - records_manager - ERROR - Failed to process telemetry record: KeyError('sm_utilization')
NoneType: None
2026-05-02 02:27:54.071 - records_manager - ERROR - Failed to process telemetry record: KeyError('sm_utilization')
NoneType: None
2026-05-02 02:27:54.071 - records_manager - ERROR - Failed to process telemetry record: KeyError('sm_utilization')
NoneType: None
2026-05-02 02:27:54.436 - records_manager - ERROR - Failed to process telemetry record: KeyError('sm_utilization')
NoneType: None
2026-05-02 02:27:54.436 - records_manager - ERROR - Failed to process telemetry record: KeyError('sm_utilization')
NoneType: None
2026-05-02 02:27:54.795 - records_manager - ERROR - Failed to process telemetry record: KeyError('sm_utilization')
NoneType: None
2026-05-02 02:27:54.798 - records_manager - ERROR - Failed to process telemetry record: KeyError('sm_utilization')
NoneType: None
2026-05-02 02:27:55.151 - records_manager - ERROR - Failed to process telemetry record: KeyError('sm_utilization')
NoneType: None
2026-05-02 02:27:55.152 - records_manager - ERROR - Failed to process telemetry record: KeyError('sm_utilization')
NoneType: None
2026-05-02 02:27:55.509 - records_manager - ERROR - Failed to process telemetry record: KeyError('sm_utilization')
NoneType: None
2026-05-02 02:27:55.510 - records_manager - ERROR - Failed to process telemetry record: KeyError('sm_utilization')
NoneType: None
2026-05-02 02:27:55.868 - records_manager - ERROR - Failed to process telemetry record: KeyError('sm_utilization')
NoneType: None
2026-05-02 02:27:55.869 - records_manager - ERROR - Failed to process telemetry record: KeyError('sm_utilization')
NoneType: None
2026-05-02 02:27:56.228 - records_manager - ERROR - Failed to process telemetry record: KeyError('sm_utilization')
NoneType: None
2026-05-02 02:27:56.229 - records_manager - ERROR - Failed to process telemetry record: KeyError('sm_utilization')
NoneType: None
2026-05-02 02:27:56.587 - records_manager - ERROR - Failed to process telemetry record: KeyError('sm_utilization')
NoneType: None
2026-05-02 02:27:56.587 - records_manager - ERROR - Failed to process telemetry record: KeyError('sm_utilization')
NoneType: None
2026-05-02 02:27:56.947 - records_manager - ERROR - Failed to process telemetry record: KeyError('sm_utilization')
NoneType: None
2026-05-02 02:27:56.948 - records_manager - ERROR - Failed to process telemetry record: KeyError('sm_utilization')
NoneType: None
2026-05-02 02:27:57.306 - records_manager - ERROR - Failed to process telemetry record: KeyError('sm_utilization')
NoneType: None
2026-05-02 02:27:57.307 - records_manager - ERROR - Failed to process telemetry record: KeyError('sm_utilization')
NoneType: None
2026-05-02 02:27:57.660 - records_manager - ERROR - Failed to process telemetry record: KeyError('sm_utilization')
NoneType: None
2026-05-02 02:27:57.662 - records_manager - ERROR - Failed to process telemetry record: KeyError('sm_utilization')
NoneType: None
2026-05-02 02:27:58.016 - records_manager - ERROR - Failed to process telemetry record: KeyError('sm_utilization')
NoneType: None
2026-05-02 02:27:58.017 - records_manager - ERROR - Failed to process telemetry record: KeyError('sm_utilization')
NoneType: None
2026-05-02 02:27:58.379 - records_manager - ERROR - Failed to process telemetry record: KeyError('sm_utilization')
NoneType: None
2026-05-02 02:27:58.379 - records_manager - ERROR - Failed to process telemetry record: KeyError('sm_utilization')
NoneType: None
2026-05-02 02:27:58.743 - records_manager - ERROR - Failed to process telemetry record: KeyError('sm_utilization')
NoneType: None
2026-05-02 02:27:58.744 - records_manager - ERROR - Failed to process telemetry record: KeyError('sm_utilization')
NoneType: None
2026-05-02 02:27:59.100 - records_manager - ERROR - Failed to process telemetry record: KeyError('sm_utilization')
NoneType: None
2026-05-02 02:27:59.101 - records_manager - ERROR - Failed to process telemetry record: KeyError('sm_utilization')
NoneType: None
2026-05-02 02:27:59.457 - records_manager - ERROR - Failed to process telemetry record: KeyError('sm_utilization')
NoneType: None
2026-05-02 02:27:59.458 - records_manager - ERROR - Failed to process telemetry record: KeyError('sm_utilization')
NoneType: None
2026-05-02 02:27:59.815 - records_manager - ERROR - Failed to process telemetry record: KeyError('sm_utilization')
NoneType: None
2026-05-02 02:27:59.816 - records_manager - ERROR - Failed to process telemetry record: KeyError('sm_utilization')
NoneType: None
2026-05-02 02:28:00.172 - records_manager - ERROR - Failed to process telemetry record: KeyError('sm_utilization')
NoneType: None
2026-05-02 02:28:00.172 - records_manager - ERROR - Failed to process telemetry record: KeyError('sm_utilization')
NoneType: None
2026-05-02 02:28:00.530 - records_manager - ERROR - Failed to process telemetry record: KeyError('sm_utilization')
NoneType: None
2026-05-02 02:28:00.531 - records_manager - ERROR - Failed to process telemetry record: KeyError('sm_utilization')
NoneType: None
2026-05-02 02:28:00.885 - records_manager - ERROR - Failed to process telemetry record: KeyError('sm_utilization')
NoneType: None
2026-05-02 02:28:00.886 - records_manager - ERROR - Failed to process telemetry record: KeyError('sm_utilization')
NoneType: None
2026-05-02 02:28:01.244 - records_manager - ERROR - Failed to process telemetry record: KeyError('sm_utilization')
NoneType: None
2026-05-02 02:28:01.244 - records_manager - ERROR - Failed to process telemetry record: KeyError('sm_utilization')
NoneType: None
2026-05-02 02:28:01.603 - records_manager - ERROR - Failed to process telemetry record: KeyError('sm_utilization')
NoneType: None
2026-05-02 02:28:01.604 - records_manager - ERROR - Failed to process telemetry record: KeyError('sm_utilization')
NoneType: None
2026-05-02 02:28:01.964 - records_manager - ERROR - Failed to process telemetry record: KeyError('sm_utilization')
NoneType: None
2026-05-02 02:28:01.964 - records_manager - ERROR - Failed to process telemetry record: KeyError('sm_utilization')
NoneType: None
2026-05-02 02:28:02.323 - records_manager - ERROR - Failed to process telemetry record: KeyError('sm_utilization')
NoneType: None
2026-05-02 02:28:02.323 - records_manager - ERROR - Failed to process telemetry record: KeyError('sm_utilization')
NoneType: None
2026-05-02 02:28:02.689 - records_manager - ERROR - Failed to process telemetry record: KeyError('sm_utilization')
NoneType: None
2026-05-02 02:28:02.690 - records_manager - ERROR - Failed to process telemetry record: KeyError('sm_utilization')
NoneType: None
2026-05-02 02:28:03.054 - records_manager - ERROR - Failed to process telemetry record: KeyError('sm_utilization')
NoneType: None
2026-05-02 02:28:03.054 - records_manager - ERROR - Failed to process telemetry record: KeyError('sm_utilization')
NoneType: None
2026-05-02 02:28:03.412 - records_manager - ERROR - Failed to process telemetry record: KeyError('sm_utilization')
NoneType: None
2026-05-02 02:28:03.413 - records_manager - ERROR - Failed to process telemetry record: KeyError('sm_utilization')
NoneType: None
2026-05-02 02:28:03.767 - records_manager - ERROR - Failed to process telemetry record: KeyError('sm_utilization')
NoneType: None
2026-05-02 02:28:03.767 - records_manager - ERROR - Failed to process telemetry record: KeyError('sm_utilization')
NoneType: None
2026-05-02 02:28:04.128 - records_manager - ERROR - Failed to process telemetry record: KeyError('sm_utilization')
NoneType: None
2026-05-02 02:28:04.129 - records_manager - ERROR - Failed to process telemetry record: KeyError('sm_utilization')
NoneType: None
2026-05-02 02:28:04.483 - records_manager - ERROR - Failed to process telemetry record: KeyError('sm_utilization')
NoneType: None
2026-05-02 02:28:04.486 - records_manager - ERROR - Failed to process telemetry record: KeyError('sm_utilization')
NoneType: None
2026-05-02 02:28:04.840 - records_manager - ERROR - Failed to process telemetry record: KeyError('sm_utilization')
NoneType: None
2026-05-02 02:28:04.841 - records_manager - ERROR - Failed to process telemetry record: KeyError('sm_utilization')
NoneType: None
2026-05-02 02:28:05.200 - records_manager - ERROR - Failed to process telemetry record: KeyError('sm_utilization')
NoneType: None
2026-05-02 02:28:05.200 - records_manager - ERROR - Failed to process telemetry record: KeyError('sm_utilization')
NoneType: None
2026-05-02 02:28:05.557 - records_manager - ERROR - Failed to process telemetry record: KeyError('sm_utilization')
NoneType: None
2026-05-02 02:28:05.561 - records_manager - ERROR - Failed to process telemetry record: KeyError('sm_utilization')
NoneType: None
2026-05-02 02:28:05.918 - records_manager - ERROR - Failed to process telemetry record: KeyError('sm_utilization')
NoneType: None
2026-05-02 02:28:05.919 - records_manager - ERROR - Failed to process telemetry record: KeyError('sm_utilization')
NoneType: None
2026-05-02 02:28:06.273 - records_manager - ERROR - Failed to process telemetry record: KeyError('sm_utilization')
NoneType: None
2026-05-02 02:28:06.273 - records_manager - ERROR - Failed to process telemetry record: KeyError('sm_utilization')
NoneType: None
2026-05-02 02:28:06.641 - records_manager - ERROR - Failed to process telemetry record: KeyError('sm_utilization')
NoneType: None
2026-05-02 02:28:06.642 - records_manager - ERROR - Failed to process telemetry record: KeyError('sm_utilization')
NoneType: None
2026-05-02 02:28:07.004 - records_manager - ERROR - Failed to process telemetry record: KeyError('sm_utilization')
NoneType: None
2026-05-02 02:28:07.005 - records_manager - ERROR - Failed to process telemetry record: KeyError('sm_utilization')
NoneType: None
2026-05-02 02:28:07.359 - records_manager - ERROR - Failed to process telemetry record: KeyError('sm_utilization')
NoneType: None
2026-05-02 02:28:07.359 - records_manager - ERROR - Failed to process telemetry record: KeyError('sm_utilization')
NoneType: None
2026-05-02 02:28:07.716 - records_manager - ERROR - Failed to process telemetry record: KeyError('sm_utilization')
NoneType: None
2026-05-02 02:28:07.717 - records_manager - ERROR - Failed to process telemetry record: KeyError('sm_utilization')
NoneType: None
2026-05-02 02:28:08.077 - records_manager - ERROR - Failed to process telemetry record: KeyError('sm_utilization')
NoneType: None
2026-05-02 02:28:08.078 - records_manager - ERROR - Failed to process telemetry record: KeyError('sm_utilization')
NoneType: None
2026-05-02 02:28:08.450 - records_manager - ERROR - Failed to process telemetry record: KeyError('sm_utilization')
NoneType: None
2026-05-02 02:28:08.451 - records_manager - ERROR - Failed to process telemetry record: KeyError('sm_utilization')
NoneType: None
2026-05-02 02:28:08.811 - records_manager - ERROR - Failed to process telemetry record: KeyError('sm_utilization')
NoneType: None
2026-05-02 02:28:08.812 - records_manager - ERROR - Failed to process telemetry record: KeyError('sm_utilization')
NoneType: None
2026-05-02 02:28:09.170 - records_manager - ERROR - Failed to process telemetry record: KeyError('sm_utilization')
NoneType: None
2026-05-02 02:28:09.171 - records_manager - ERROR - Failed to process telemetry record: KeyError('sm_utilization')
NoneType: None
2026-05-02 02:28:09.530 - records_manager - ERROR - Failed to process telemetry record: KeyError('sm_utilization')
NoneType: None
2026-05-02 02:28:09.530 - records_manager - ERROR - Failed to process telemetry record: KeyError('sm_utilization')
NoneType: None
2026-05-02 02:28:09.888 - records_manager - ERROR - Failed to process telemetry record: KeyError('sm_utilization')
NoneType: None
2026-05-02 02:28:09.889 - records_manager - ERROR - Failed to process telemetry record: KeyError('sm_utilization')
NoneType: None
2026-05-02 02:28:10.246 - records_manager - ERROR - Failed to process telemetry record: KeyError('sm_utilization')
NoneType: None
2026-05-02 02:28:10.247 - records_manager - ERROR - Failed to process telemetry record: KeyError('sm_utilization')
NoneType: None
2026-05-02 02:28:10.603 - records_manager - ERROR - Failed to process telemetry record: KeyError('sm_utilization')
NoneType: None
2026-05-02 02:28:10.604 - records_manager - ERROR - Failed to process telemetry record: KeyError('sm_utilization')
NoneType: None
2026-05-02 02:28:10.964 - records_manager - ERROR - Failed to process telemetry record: KeyError('sm_utilization')
NoneType: None
2026-05-02 02:28:10.964 - records_manager - ERROR - Failed to process telemetry record: KeyError('sm_utilization')
NoneType: None
2026-05-02 02:28:11.319 - records_manager - ERROR - Failed to process telemetry record: KeyError('sm_utilization')
NoneType: None
2026-05-02 02:28:11.320 - records_manager - ERROR - Failed to process telemetry record: KeyError('sm_utilization')
NoneType: None
2026-05-02 02:28:11.680 - records_manager - ERROR - Failed to process telemetry record: KeyError('sm_utilization')
NoneType: None
2026-05-02 02:28:11.681 - records_manager - ERROR - Failed to process telemetry record: KeyError('sm_utilization')
NoneType: None
2026-05-02 02:28:12.041 - records_manager - ERROR - Failed to process telemetry record: KeyError('sm_utilization')
NoneType: None
2026-05-02 02:28:12.042 - records_manager - ERROR - Failed to process telemetry record: KeyError('sm_utilization')
NoneType: None
2026-05-02 02:28:12.402 - records_manager - ERROR - Failed to process telemetry record: KeyError('sm_utilization')
NoneType: None
2026-05-02 02:28:12.402 - records_manager - ERROR - Failed to process telemetry record: KeyError('sm_utilization')
NoneType: None
2026-05-02 02:28:12.764 - records_manager - ERROR - Failed to process telemetry record: KeyError('sm_utilization')
NoneType: None
2026-05-02 02:28:12.765 - records_manager - ERROR - Failed to process telemetry record: KeyError('sm_utilization')
NoneType: None
2026-05-02 02:28:13.123 - records_manager - ERROR - Failed to process telemetry record: KeyError('sm_utilization')
NoneType: None
2026-05-02 02:28:13.123 - records_manager - ERROR - Failed to process telemetry record: KeyError('sm_utilization')
NoneType: None
2026-05-02 02:28:13.483 - records_manager - ERROR - Failed to process telemetry record: KeyError('sm_utilization')
NoneType: None
2026-05-02 02:28:13.483 - records_manager - ERROR - Failed to process telemetry record: KeyError('sm_utilization')
NoneType: None
2026-05-02 02:28:13.851 - records_manager - ERROR - Failed to process telemetry record: KeyError('sm_utilization')
NoneType: None
2026-05-02 02:28:13.852 - records_manager - ERROR - Failed to process telemetry record: KeyError('sm_utilization')
NoneType: None
2026-05-02 02:28:14.212 - records_manager - ERROR - Failed to process telemetry record: KeyError('sm_utilization')
NoneType: None
2026-05-02 02:28:14.214 - records_manager - ERROR - Failed to process telemetry record: KeyError('sm_utilization')
NoneType: None
2026-05-02 02:28:14.572 - records_manager - ERROR - Failed to process telemetry record: KeyError('sm_utilization')
NoneType: None
2026-05-02 02:28:14.573 - records_manager - ERROR - Failed to process telemetry record: KeyError('sm_utilization')
NoneType: None
2026-05-02 02:28:14.938 - records_manager - ERROR - Failed to process telemetry record: KeyError('sm_utilization')
NoneType: None
2026-05-02 02:28:14.938 - records_manager - ERROR - Failed to process telemetry record: KeyError('sm_utilization')
NoneType: None
2026-05-02 02:28:15.298 - records_manager - ERROR - Failed to process telemetry record: KeyError('sm_utilization')
NoneType: None
2026-05-02 02:28:15.299 - records_manager - ERROR - Failed to process telemetry record: KeyError('sm_utilization')
NoneType: None
2026-05-02 02:28:15.655 - records_manager - ERROR - Failed to process telemetry record: KeyError('sm_utilization')
NoneType: None
2026-05-02 02:28:15.656 - records_manager - ERROR - Failed to process telemetry record: KeyError('sm_utilization')
NoneType: None
2026-05-02 02:28:15.849 - PhaseRunner - NOTICE - Phase profiling sending complete | sent=12, completed=8, in_flight=4 | sessions: sent=12, completed=8
2026-05-02 02:28:15.851 - records_manager - INFO - Sent 12 requests. Waiting for all to complete...
2026-05-02 02:28:16.010 - records_manager - ERROR - Failed to process telemetry record: KeyError('sm_utilization')
NoneType: None
2026-05-02 02:28:16.014 - records_manager - ERROR - Failed to process telemetry record: KeyError('sm_utilization')
NoneType: None
2026-05-02 02:28:16.364 - records_manager - ERROR - Failed to process telemetry record: KeyError('sm_utilization')
NoneType: None
2026-05-02 02:28:16.365 - records_manager - ERROR - Failed to process telemetry record: KeyError('sm_utilization')
NoneType: None
2026-05-02 02:28:16.719 - records_manager - ERROR - Failed to process telemetry record: KeyError('sm_utilization')
NoneType: None
2026-05-02 02:28:16.720 - records_manager - ERROR - Failed to process telemetry record: KeyError('sm_utilization')
NoneType: None
2026-05-02 02:28:17.075 - records_manager - ERROR - Failed to process telemetry record: KeyError('sm_utilization')
NoneType: None
2026-05-02 02:28:17.077 - records_manager - ERROR - Failed to process telemetry record: KeyError('sm_utilization')
NoneType: None
2026-05-02 02:28:17.436 - records_manager - ERROR - Failed to process telemetry record: KeyError('sm_utilization')
NoneType: None
2026-05-02 02:28:17.437 - records_manager - ERROR - Failed to process telemetry record: KeyError('sm_utilization')
NoneType: None
2026-05-02 02:28:17.796 - records_manager - ERROR - Failed to process telemetry record: KeyError('sm_utilization')
NoneType: None
2026-05-02 02:28:17.797 - records_manager - ERROR - Failed to process telemetry record: KeyError('sm_utilization')
NoneType: None
2026-05-02 02:28:18.153 - records_manager - ERROR - Failed to process telemetry record: KeyError('sm_utilization')
NoneType: None
2026-05-02 02:28:18.154 - records_manager - ERROR - Failed to process telemetry record: KeyError('sm_utilization')
NoneType: None
2026-05-02 02:28:18.509 - records_manager - ERROR - Failed to process telemetry record: KeyError('sm_utilization')
NoneType: None
2026-05-02 02:28:18.510 - records_manager - ERROR - Failed to process telemetry record: KeyError('sm_utilization')
NoneType: None
2026-05-02 02:28:18.863 - records_manager - ERROR - Failed to process telemetry record: KeyError('sm_utilization')
NoneType: None
2026-05-02 02:28:18.864 - records_manager - ERROR - Failed to process telemetry record: KeyError('sm_utilization')
NoneType: None
2026-05-02 02:28:19.225 - records_manager - ERROR - Failed to process telemetry record: KeyError('sm_utilization')
NoneType: None
2026-05-02 02:28:19.226 - records_manager - ERROR - Failed to process telemetry record: KeyError('sm_utilization')
NoneType: None
2026-05-02 02:28:19.586 - records_manager - ERROR - Failed to process telemetry record: KeyError('sm_utilization')
NoneType: None
2026-05-02 02:28:19.587 - records_manager - ERROR - Failed to process telemetry record: KeyError('sm_utilization')
NoneType: None
2026-05-02 02:28:19.950 - records_manager - ERROR - Failed to process telemetry record: KeyError('sm_utilization')
NoneType: None
2026-05-02 02:28:19.951 - records_manager - ERROR - Failed to process telemetry record: KeyError('sm_utilization')
NoneType: None
2026-05-02 02:28:20.305 - records_manager - ERROR - Failed to process telemetry record: KeyError('sm_utilization')
NoneType: None
2026-05-02 02:28:20.306 - records_manager - ERROR - Failed to process telemetry record: KeyError('sm_utilization')
NoneType: None
2026-05-02 02:28:20.660 - records_manager - ERROR - Failed to process telemetry record: KeyError('sm_utilization')
NoneType: None
2026-05-02 02:28:20.661 - records_manager - ERROR - Failed to process telemetry record: KeyError('sm_utilization')
NoneType: None
2026-05-02 02:28:21.018 - records_manager - ERROR - Failed to process telemetry record: KeyError('sm_utilization')
NoneType: None
2026-05-02 02:28:21.019 - records_manager - ERROR - Failed to process telemetry record: KeyError('sm_utilization')
NoneType: None
2026-05-02 02:28:21.378 - records_manager - ERROR - Failed to process telemetry record: KeyError('sm_utilization')
NoneType: None
2026-05-02 02:28:21.379 - records_manager - ERROR - Failed to process telemetry record: KeyError('sm_utilization')
NoneType: None
2026-05-02 02:28:21.736 - records_manager - ERROR - Failed to process telemetry record: KeyError('sm_utilization')
NoneType: None
2026-05-02 02:28:21.737 - records_manager - ERROR - Failed to process telemetry record: KeyError('sm_utilization')
NoneType: None
2026-05-02 02:28:22.093 - records_manager - ERROR - Failed to process telemetry record: KeyError('sm_utilization')
NoneType: None
2026-05-02 02:28:22.094 - records_manager - ERROR - Failed to process telemetry record: KeyError('sm_utilization')
NoneType: None
2026-05-02 02:28:22.449 - records_manager - ERROR - Failed to process telemetry record: KeyError('sm_utilization')
NoneType: None
2026-05-02 02:28:22.450 - records_manager - ERROR - Failed to process telemetry record: KeyError('sm_utilization')
NoneType: None
2026-05-02 02:28:22.808 - records_manager - ERROR - Failed to process telemetry record: KeyError('sm_utilization')
NoneType: None
2026-05-02 02:28:22.809 - records_manager - ERROR - Failed to process telemetry record: KeyError('sm_utilization')
NoneType: None
2026-05-02 02:28:23.171 - records_manager - ERROR - Failed to process telemetry record: KeyError('sm_utilization')
NoneType: None
2026-05-02 02:28:23.172 - records_manager - ERROR - Failed to process telemetry record: KeyError('sm_utilization')
NoneType: None
2026-05-02 02:28:23.527 - records_manager - ERROR - Failed to process telemetry record: KeyError('sm_utilization')
NoneType: None
2026-05-02 02:28:23.531 - records_manager - ERROR - Failed to process telemetry record: KeyError('sm_utilization')
NoneType: None
2026-05-02 02:28:23.885 - records_manager - ERROR - Failed to process telemetry record: KeyError('sm_utilization')
NoneType: None
2026-05-02 02:28:23.888 - records_manager - ERROR - Failed to process telemetry record: KeyError('sm_utilization')
NoneType: None
2026-05-02 02:28:24.249 - records_manager - ERROR - Failed to process telemetry record: KeyError('sm_utilization')
NoneType: None
2026-05-02 02:28:24.250 - records_manager - ERROR - Failed to process telemetry record: KeyError('sm_utilization')
NoneType: None
2026-05-02 02:28:24.607 - records_manager - ERROR - Failed to process telemetry record: KeyError('sm_utilization')
NoneType: None
2026-05-02 02:28:24.608 - records_manager - ERROR - Failed to process telemetry record: KeyError('sm_utilization')
NoneType: None
2026-05-02 02:28:24.967 - records_manager - ERROR - Failed to process telemetry record: KeyError('sm_utilization')
NoneType: None
2026-05-02 02:28:24.967 - records_manager - ERROR - Failed to process telemetry record: KeyError('sm_utilization')
NoneType: None
2026-05-02 02:28:25.321 - records_manager - ERROR - Failed to process telemetry record: KeyError('sm_utilization')
NoneType: None
2026-05-02 02:28:25.322 - records_manager - ERROR - Failed to process telemetry record: KeyError('sm_utilization')
NoneType: None
2026-05-02 02:28:25.680 - records_manager - ERROR - Failed to process telemetry record: KeyError('sm_utilization')
NoneType: None
2026-05-02 02:28:25.681 - records_manager - ERROR - Failed to process telemetry record: KeyError('sm_utilization')
NoneType: None
2026-05-02 02:28:26.039 - records_manager - ERROR - Failed to process telemetry record: KeyError('sm_utilization')
NoneType: None
2026-05-02 02:28:26.040 - records_manager - ERROR - Failed to process telemetry record: KeyError('sm_utilization')
NoneType: None
2026-05-02 02:28:26.400 - records_manager - ERROR - Failed to process telemetry record: KeyError('sm_utilization')
NoneType: None
2026-05-02 02:28:26.400 - records_manager - ERROR - Failed to process telemetry record: KeyError('sm_utilization')
NoneType: None
2026-05-02 02:28:26.755 - records_manager - ERROR - Failed to process telemetry record: KeyError('sm_utilization')
NoneType: None
2026-05-02 02:28:26.756 - records_manager - ERROR - Failed to process telemetry record: KeyError('sm_utilization')
NoneType: None
2026-05-02 02:28:27.110 - records_manager - ERROR - Failed to process telemetry record: KeyError('sm_utilization')
NoneType: None
2026-05-02 02:28:27.111 - records_manager - ERROR - Failed to process telemetry record: KeyError('sm_utilization')
NoneType: None
2026-05-02 02:28:27.467 - records_manager - ERROR - Failed to process telemetry record: KeyError('sm_utilization')
NoneType: None
2026-05-02 02:28:27.468 - records_manager - ERROR - Failed to process telemetry record: KeyError('sm_utilization')
NoneType: None
2026-05-02 02:28:27.826 - records_manager - ERROR - Failed to process telemetry record: KeyError('sm_utilization')
NoneType: None
2026-05-02 02:28:27.826 - records_manager - ERROR - Failed to process telemetry record: KeyError('sm_utilization')
NoneType: None
2026-05-02 02:28:28.182 - records_manager - ERROR - Failed to process telemetry record: KeyError('sm_utilization')
NoneType: None
2026-05-02 02:28:28.182 - records_manager - ERROR - Failed to process telemetry record: KeyError('sm_utilization')
NoneType: None
2026-05-02 02:28:28.544 - records_manager - ERROR - Failed to process telemetry record: KeyError('sm_utilization')
NoneType: None
2026-05-02 02:28:28.545 - records_manager - ERROR - Failed to process telemetry record: KeyError('sm_utilization')
NoneType: None
2026-05-02 02:28:28.903 - records_manager - ERROR - Failed to process telemetry record: KeyError('sm_utilization')
NoneType: None
2026-05-02 02:28:28.904 - records_manager - ERROR - Failed to process telemetry record: KeyError('sm_utilization')
NoneType: None
2026-05-02 02:28:29.260 - records_manager - ERROR - Failed to process telemetry record: KeyError('sm_utilization')
NoneType: None
2026-05-02 02:28:29.260 - records_manager - ERROR - Failed to process telemetry record: KeyError('sm_utilization')
NoneType: None
2026-05-02 02:28:29.618 - records_manager - ERROR - Failed to process telemetry record: KeyError('sm_utilization')
NoneType: None
2026-05-02 02:28:29.619 - records_manager - ERROR - Failed to process telemetry record: KeyError('sm_utilization')
NoneType: None
2026-05-02 02:28:29.972 - records_manager - ERROR - Failed to process telemetry record: KeyError('sm_utilization')
NoneType: None
2026-05-02 02:28:29.973 - records_manager - ERROR - Failed to process telemetry record: KeyError('sm_utilization')
NoneType: None
2026-05-02 02:28:30.335 - records_manager - ERROR - Failed to process telemetry record: KeyError('sm_utilization')
NoneType: None
2026-05-02 02:28:30.335 - records_manager - ERROR - Failed to process telemetry record: KeyError('sm_utilization')
NoneType: None
2026-05-02 02:28:30.696 - records_manager - ERROR - Failed to process telemetry record: KeyError('sm_utilization')
NoneType: None
2026-05-02 02:28:30.696 - records_manager - ERROR - Failed to process telemetry record: KeyError('sm_utilization')
NoneType: None
2026-05-02 02:28:31.055 - records_manager - ERROR - Failed to process telemetry record: KeyError('sm_utilization')
NoneType: None
2026-05-02 02:28:31.056 - records_manager - ERROR - Failed to process telemetry record: KeyError('sm_utilization')
NoneType: None
2026-05-02 02:28:31.415 - records_manager - ERROR - Failed to process telemetry record: KeyError('sm_utilization')
NoneType: None
2026-05-02 02:28:31.415 - records_manager - ERROR - Failed to process telemetry record: KeyError('sm_utilization')
NoneType: None
2026-05-02 02:28:31.769 - records_manager - ERROR - Failed to process telemetry record: KeyError('sm_utilization')
NoneType: None
2026-05-02 02:28:31.769 - records_manager - ERROR - Failed to process telemetry record: KeyError('sm_utilization')
NoneType: None
2026-05-02 02:28:32.125 - records_manager - ERROR - Failed to process telemetry record: KeyError('sm_utilization')
NoneType: None
2026-05-02 02:28:32.126 - records_manager - ERROR - Failed to process telemetry record: KeyError('sm_utilization')
NoneType: None
2026-05-02 02:28:32.483 - records_manager - ERROR - Failed to process telemetry record: KeyError('sm_utilization')
NoneType: None
2026-05-02 02:28:32.484 - records_manager - ERROR - Failed to process telemetry record: KeyError('sm_utilization')
NoneType: None
2026-05-02 02:28:32.858 - records_manager - ERROR - Failed to process telemetry record: KeyError('sm_utilization')
NoneType: None
2026-05-02 02:28:32.859 - records_manager - ERROR - Failed to process telemetry record: KeyError('sm_utilization')
NoneType: None
2026-05-02 02:28:33.218 - records_manager - ERROR - Failed to process telemetry record: KeyError('sm_utilization')
NoneType: None
2026-05-02 02:28:33.218 - records_manager - ERROR - Failed to process telemetry record: KeyError('sm_utilization')
NoneType: None
2026-05-02 02:28:33.572 - records_manager - ERROR - Failed to process telemetry record: KeyError('sm_utilization')
NoneType: None
2026-05-02 02:28:33.572 - records_manager - ERROR - Failed to process telemetry record: KeyError('sm_utilization')
NoneType: None
2026-05-02 02:28:33.927 - records_manager - ERROR - Failed to process telemetry record: KeyError('sm_utilization')
NoneType: None
2026-05-02 02:28:33.928 - records_manager - ERROR - Failed to process telemetry record: KeyError('sm_utilization')
NoneType: None
2026-05-02 02:28:34.288 - records_manager - ERROR - Failed to process telemetry record: KeyError('sm_utilization')
NoneType: None
2026-05-02 02:28:34.289 - records_manager - ERROR - Failed to process telemetry record: KeyError('sm_utilization')
NoneType: None
2026-05-02 02:28:34.658 - records_manager - ERROR - Failed to process telemetry record: KeyError('sm_utilization')
NoneType: None
2026-05-02 02:28:34.659 - records_manager - ERROR - Failed to process telemetry record: KeyError('sm_utilization')
NoneType: None
2026-05-02 02:28:35.018 - records_manager - ERROR - Failed to process telemetry record: KeyError('sm_utilization')
NoneType: None
2026-05-02 02:28:35.019 - records_manager - ERROR - Failed to process telemetry record: KeyError('sm_utilization')
NoneType: None
2026-05-02 02:28:35.373 - records_manager - ERROR - Failed to process telemetry record: KeyError('sm_utilization')
NoneType: None
2026-05-02 02:28:35.373 - records_manager - ERROR - Failed to process telemetry record: KeyError('sm_utilization')
NoneType: None
2026-05-02 02:28:35.733 - records_manager - ERROR - Failed to process telemetry record: KeyError('sm_utilization')
NoneType: None
2026-05-02 02:28:35.733 - records_manager - ERROR - Failed to process telemetry record: KeyError('sm_utilization')
NoneType: None
2026-05-02 02:28:36.089 - records_manager - ERROR - Failed to process telemetry record: KeyError('sm_utilization')
NoneType: None
2026-05-02 02:28:36.090 - records_manager - ERROR - Failed to process telemetry record: KeyError('sm_utilization')
NoneType: None
2026-05-02 02:28:36.458 - records_manager - ERROR - Failed to process telemetry record: KeyError('sm_utilization')
NoneType: None
2026-05-02 02:28:36.458 - records_manager - ERROR - Failed to process telemetry record: KeyError('sm_utilization')
NoneType: None
2026-05-02 02:28:36.817 - records_manager - ERROR - Failed to process telemetry record: KeyError('sm_utilization')
NoneType: None
2026-05-02 02:28:36.818 - records_manager - ERROR - Failed to process telemetry record: KeyError('sm_utilization')
NoneType: None
2026-05-02 02:28:37.174 - records_manager - ERROR - Failed to process telemetry record: KeyError('sm_utilization')
NoneType: None
2026-05-02 02:28:37.175 - records_manager - ERROR - Failed to process telemetry record: KeyError('sm_utilization')
NoneType: None
2026-05-02 02:28:37.530 - records_manager - ERROR - Failed to process telemetry record: KeyError('sm_utilization')
NoneType: None
2026-05-02 02:28:37.531 - records_manager - ERROR - Failed to process telemetry record: KeyError('sm_utilization')
NoneType: None
2026-05-02 02:28:37.887 - records_manager - ERROR - Failed to process telemetry record: KeyError('sm_utilization')
NoneType: None
2026-05-02 02:28:37.893 - records_manager - ERROR - Failed to process telemetry record: KeyError('sm_utilization')
NoneType: None
2026-05-02 02:28:38.261 - records_manager - ERROR - Failed to process telemetry record: KeyError('sm_utilization')
NoneType: None
2026-05-02 02:28:38.262 - records_manager - ERROR - Failed to process telemetry record: KeyError('sm_utilization')
NoneType: None
2026-05-02 02:28:38.622 - records_manager - ERROR - Failed to process telemetry record: KeyError('sm_utilization')
NoneType: None
2026-05-02 02:28:38.623 - records_manager - ERROR - Failed to process telemetry record: KeyError('sm_utilization')
NoneType: None
2026-05-02 02:28:38.978 - records_manager - ERROR - Failed to process telemetry record: KeyError('sm_utilization')
NoneType: None
2026-05-02 02:28:38.979 - records_manager - ERROR - Failed to process telemetry record: KeyError('sm_utilization')
NoneType: None
2026-05-02 02:28:39.335 - records_manager - ERROR - Failed to process telemetry record: KeyError('sm_utilization')
NoneType: None
2026-05-02 02:28:39.335 - records_manager - ERROR - Failed to process telemetry record: KeyError('sm_utilization')
NoneType: None
2026-05-02 02:28:39.694 - records_manager - ERROR - Failed to process telemetry record: KeyError('sm_utilization')
NoneType: None
2026-05-02 02:28:39.695 - records_manager - ERROR - Failed to process telemetry record: KeyError('sm_utilization')
NoneType: None
2026-05-02 02:28:40.052 - records_manager - ERROR - Failed to process telemetry record: KeyError('sm_utilization')
NoneType: None
2026-05-02 02:28:40.053 - records_manager - ERROR - Failed to process telemetry record: KeyError('sm_utilization')
NoneType: None
2026-05-02 02:28:40.410 - records_manager - ERROR - Failed to process telemetry record: KeyError('sm_utilization')
NoneType: None
2026-05-02 02:28:40.410 - records_manager - ERROR - Failed to process telemetry record: KeyError('sm_utilization')
NoneType: None
2026-05-02 02:28:40.768 - records_manager - ERROR - Failed to process telemetry record: KeyError('sm_utilization')
NoneType: None
2026-05-02 02:28:40.769 - records_manager - ERROR - Failed to process telemetry record: KeyError('sm_utilization')
NoneType: None
2026-05-02 02:28:41.127 - records_manager - ERROR - Failed to process telemetry record: KeyError('sm_utilization')
NoneType: None
2026-05-02 02:28:41.128 - records_manager - ERROR - Failed to process telemetry record: KeyError('sm_utilization')
NoneType: None
2026-05-02 02:28:41.482 - records_manager - ERROR - Failed to process telemetry record: KeyError('sm_utilization')
NoneType: None
2026-05-02 02:28:41.483 - records_manager - ERROR - Failed to process telemetry record: KeyError('sm_utilization')
NoneType: None
2026-05-02 02:28:41.851 - records_manager - ERROR - Failed to process telemetry record: KeyError('sm_utilization')
NoneType: None
2026-05-02 02:28:41.852 - records_manager - ERROR - Failed to process telemetry record: KeyError('sm_utilization')
NoneType: None
2026-05-02 02:28:42.209 - records_manager - ERROR - Failed to process telemetry record: KeyError('sm_utilization')
NoneType: None
2026-05-02 02:28:42.210 - records_manager - ERROR - Failed to process telemetry record: KeyError('sm_utilization')
NoneType: None
2026-05-02 02:28:42.570 - records_manager - ERROR - Failed to process telemetry record: KeyError('sm_utilization')
NoneType: None
2026-05-02 02:28:42.570 - records_manager - ERROR - Failed to process telemetry record: KeyError('sm_utilization')
NoneType: None
2026-05-02 02:28:42.924 - records_manager - ERROR - Failed to process telemetry record: KeyError('sm_utilization')
NoneType: None
2026-05-02 02:28:42.929 - records_manager - ERROR - Failed to process telemetry record: KeyError('sm_utilization')
NoneType: None
2026-05-02 02:28:43.279 - records_manager - ERROR - Failed to process telemetry record: KeyError('sm_utilization')
NoneType: None
2026-05-02 02:28:43.280 - records_manager - ERROR - Failed to process telemetry record: KeyError('sm_utilization')
NoneType: None
2026-05-02 02:28:43.643 - records_manager - ERROR - Failed to process telemetry record: KeyError('sm_utilization')
NoneType: None
2026-05-02 02:28:43.644 - records_manager - ERROR - Failed to process telemetry record: KeyError('sm_utilization')
NoneType: None
2026-05-02 02:28:44.009 - records_manager - ERROR - Failed to process telemetry record: KeyError('sm_utilization')
NoneType: None
2026-05-02 02:28:44.010 - records_manager - ERROR - Failed to process telemetry record: KeyError('sm_utilization')
NoneType: None
2026-05-02 02:28:44.370 - records_manager - ERROR - Failed to process telemetry record: KeyError('sm_utilization')
NoneType: None
2026-05-02 02:28:44.370 - records_manager - ERROR - Failed to process telemetry record: KeyError('sm_utilization')
NoneType: None
2026-05-02 02:28:44.729 - records_manager - ERROR - Failed to process telemetry record: KeyError('sm_utilization')
NoneType: None
2026-05-02 02:28:44.730 - records_manager - ERROR - Failed to process telemetry record: KeyError('sm_utilization')
NoneType: None
2026-05-02 02:28:45.084 - records_manager - ERROR - Failed to process telemetry record: KeyError('sm_utilization')
NoneType: None
2026-05-02 02:28:45.084 - records_manager - ERROR - Failed to process telemetry record: KeyError('sm_utilization')
NoneType: None
2026-05-02 02:28:45.443 - records_manager - ERROR - Failed to process telemetry record: KeyError('sm_utilization')
NoneType: None
2026-05-02 02:28:45.443 - records_manager - ERROR - Failed to process telemetry record: KeyError('sm_utilization')
NoneType: None
2026-05-02 02:28:45.799 - records_manager - ERROR - Failed to process telemetry record: KeyError('sm_utilization')
NoneType: None
2026-05-02 02:28:45.800 - records_manager - ERROR - Failed to process telemetry record: KeyError('sm_utilization')
NoneType: None
2026-05-02 02:28:46.156 - records_manager - ERROR - Failed to process telemetry record: KeyError('sm_utilization')
NoneType: None
2026-05-02 02:28:46.156 - records_manager - ERROR - Failed to process telemetry record: KeyError('sm_utilization')
NoneType: None
2026-05-02 02:28:46.514 - records_manager - ERROR - Failed to process telemetry record: KeyError('sm_utilization')
NoneType: None
2026-05-02 02:28:46.515 - records_manager - ERROR - Failed to process telemetry record: KeyError('sm_utilization')
NoneType: None
2026-05-02 02:28:46.873 - records_manager - ERROR - Failed to process telemetry record: KeyError('sm_utilization')
NoneType: None
2026-05-02 02:28:46.874 - records_manager - ERROR - Failed to process telemetry record: KeyError('sm_utilization')
NoneType: None
2026-05-02 02:28:47.229 - records_manager - ERROR - Failed to process telemetry record: KeyError('sm_utilization')
NoneType: None
2026-05-02 02:28:47.230 - records_manager - ERROR - Failed to process telemetry record: KeyError('sm_utilization')
NoneType: None
2026-05-02 02:28:47.584 - records_manager - ERROR - Failed to process telemetry record: KeyError('sm_utilization')
NoneType: None
2026-05-02 02:28:47.585 - records_manager - ERROR - Failed to process telemetry record: KeyError('sm_utilization')
NoneType: None
2026-05-02 02:28:47.942 - records_manager - ERROR - Failed to process telemetry record: KeyError('sm_utilization')
NoneType: None
2026-05-02 02:28:47.942 - records_manager - ERROR - Failed to process telemetry record: KeyError('sm_utilization')
NoneType: None
2026-05-02 02:28:48.329 - records_manager - ERROR - Failed to process telemetry record: KeyError('sm_utilization')
NoneType: None
2026-05-02 02:28:48.329 - records_manager - ERROR - Failed to process telemetry record: KeyError('sm_utilization')
NoneType: None
2026-05-02 02:28:48.688 - records_manager - ERROR - Failed to process telemetry record: KeyError('sm_utilization')
NoneType: None
2026-05-02 02:28:48.688 - records_manager - ERROR - Failed to process telemetry record: KeyError('sm_utilization')
NoneType: None
2026-05-02 02:28:49.048 - records_manager - ERROR - Failed to process telemetry record: KeyError('sm_utilization')
NoneType: None
2026-05-02 02:28:49.049 - records_manager - ERROR - Failed to process telemetry record: KeyError('sm_utilization')
NoneType: None
2026-05-02 02:28:49.403 - records_manager - ERROR - Failed to process telemetry record: KeyError('sm_utilization')
NoneType: None
2026-05-02 02:28:49.404 - records_manager - ERROR - Failed to process telemetry record: KeyError('sm_utilization')
NoneType: None
2026-05-02 02:28:49.764 - records_manager - ERROR - Failed to process telemetry record: KeyError('sm_utilization')
NoneType: None
2026-05-02 02:28:49.765 - records_manager - ERROR - Failed to process telemetry record: KeyError('sm_utilization')
NoneType: None
2026-05-02 02:28:50.121 - records_manager - ERROR - Failed to process telemetry record: KeyError('sm_utilization')
NoneType: None
2026-05-02 02:28:50.122 - records_manager - ERROR - Failed to process telemetry record: KeyError('sm_utilization')
NoneType: None
2026-05-02 02:28:50.476 - records_manager - ERROR - Failed to process telemetry record: KeyError('sm_utilization')
NoneType: None
2026-05-02 02:28:50.479 - records_manager - ERROR - Failed to process telemetry record: KeyError('sm_utilization')
NoneType: None
2026-05-02 02:28:50.833 - records_manager - ERROR - Failed to process telemetry record: KeyError('sm_utilization')
NoneType: None
2026-05-02 02:28:50.834 - records_manager - ERROR - Failed to process telemetry record: KeyError('sm_utilization')
NoneType: None
2026-05-02 02:28:51.192 - records_manager - ERROR - Failed to process telemetry record: KeyError('sm_utilization')
NoneType: None
2026-05-02 02:28:51.192 - records_manager - ERROR - Failed to process telemetry record: KeyError('sm_utilization')
NoneType: None
2026-05-02 02:28:51.556 - records_manager - ERROR - Failed to process telemetry record: KeyError('sm_utilization')
NoneType: None
2026-05-02 02:28:51.557 - records_manager - ERROR - Failed to process telemetry record: KeyError('sm_utilization')
NoneType: None
2026-05-02 02:28:51.916 - records_manager - ERROR - Failed to process telemetry record: KeyError('sm_utilization')
NoneType: None
2026-05-02 02:28:51.916 - records_manager - ERROR - Failed to process telemetry record: KeyError('sm_utilization')
NoneType: None
2026-05-02 02:28:52.272 - records_manager - ERROR - Failed to process telemetry record: KeyError('sm_utilization')
NoneType: None
2026-05-02 02:28:52.273 - records_manager - ERROR - Failed to process telemetry record: KeyError('sm_utilization')
NoneType: None
2026-05-02 02:28:52.632 - records_manager - ERROR - Failed to process telemetry record: KeyError('sm_utilization')
NoneType: None
2026-05-02 02:28:52.633 - records_manager - ERROR - Failed to process telemetry record: KeyError('sm_utilization')
NoneType: None
2026-05-02 02:28:52.988 - records_manager - ERROR - Failed to process telemetry record: KeyError('sm_utilization')
NoneType: None
2026-05-02 02:28:52.988 - records_manager - ERROR - Failed to process telemetry record: KeyError('sm_utilization')
NoneType: None
2026-05-02 02:28:53.345 - records_manager - ERROR - Failed to process telemetry record: KeyError('sm_utilization')
NoneType: None
2026-05-02 02:28:53.346 - records_manager - ERROR - Failed to process telemetry record: KeyError('sm_utilization')
NoneType: None
2026-05-02 02:28:53.705 - records_manager - ERROR - Failed to process telemetry record: KeyError('sm_utilization')
NoneType: None
2026-05-02 02:28:53.707 - records_manager - ERROR - Failed to process telemetry record: KeyError('sm_utilization')
NoneType: None
2026-05-02 02:28:54.060 - records_manager - ERROR - Failed to process telemetry record: KeyError('sm_utilization')
NoneType: None
2026-05-02 02:28:54.061 - records_manager - ERROR - Failed to process telemetry record: KeyError('sm_utilization')
NoneType: None
2026-05-02 02:28:54.415 - records_manager - ERROR - Failed to process telemetry record: KeyError('sm_utilization')
NoneType: None
2026-05-02 02:28:54.416 - records_manager - ERROR - Failed to process telemetry record: KeyError('sm_utilization')
NoneType: None
2026-05-02 02:28:54.773 - records_manager - ERROR - Failed to process telemetry record: KeyError('sm_utilization')
NoneType: None
2026-05-02 02:28:54.774 - records_manager - ERROR - Failed to process telemetry record: KeyError('sm_utilization')
NoneType: None
2026-05-02 02:28:55.137 - records_manager - ERROR - Failed to process telemetry record: KeyError('sm_utilization')
NoneType: None
2026-05-02 02:28:55.137 - records_manager - ERROR - Failed to process telemetry record: KeyError('sm_utilization')
NoneType: None
2026-05-02 02:28:55.492 - records_manager - ERROR - Failed to process telemetry record: KeyError('sm_utilization')
NoneType: None
2026-05-02 02:28:55.493 - records_manager - ERROR - Failed to process telemetry record: KeyError('sm_utilization')
NoneType: None
2026-05-02 02:28:55.854 - records_manager - ERROR - Failed to process telemetry record: KeyError('sm_utilization')
NoneType: None
2026-05-02 02:28:55.855 - records_manager - ERROR - Failed to process telemetry record: KeyError('sm_utilization')
NoneType: None
2026-05-02 02:28:56.214 - records_manager - ERROR - Failed to process telemetry record: KeyError('sm_utilization')
NoneType: None
2026-05-02 02:28:56.215 - records_manager - ERROR - Failed to process telemetry record: KeyError('sm_utilization')
NoneType: None
2026-05-02 02:28:56.579 - records_manager - ERROR - Failed to process telemetry record: KeyError('sm_utilization')
NoneType: None
2026-05-02 02:28:56.580 - records_manager - ERROR - Failed to process telemetry record: KeyError('sm_utilization')
NoneType: None
2026-05-02 02:28:56.937 - records_manager - ERROR - Failed to process telemetry record: KeyError('sm_utilization')
NoneType: None
2026-05-02 02:28:56.938 - records_manager - ERROR - Failed to process telemetry record: KeyError('sm_utilization')
NoneType: None
2026-05-02 02:28:57.293 - records_manager - ERROR - Failed to process telemetry record: KeyError('sm_utilization')
NoneType: None
2026-05-02 02:28:57.294 - records_manager - ERROR - Failed to process telemetry record: KeyError('sm_utilization')
NoneType: None
2026-05-02 02:28:57.658 - records_manager - ERROR - Failed to process telemetry record: KeyError('sm_utilization')
NoneType: None
2026-05-02 02:28:57.658 - records_manager - ERROR - Failed to process telemetry record: KeyError('sm_utilization')
NoneType: None
2026-05-02 02:28:58.020 - records_manager - ERROR - Failed to process telemetry record: KeyError('sm_utilization')
NoneType: None
2026-05-02 02:28:58.021 - records_manager - ERROR - Failed to process telemetry record: KeyError('sm_utilization')
NoneType: None
2026-05-02 02:28:58.374 - records_manager - ERROR - Failed to process telemetry record: KeyError('sm_utilization')
NoneType: None
2026-05-02 02:28:58.375 - records_manager - ERROR - Failed to process telemetry record: KeyError('sm_utilization')
NoneType: None
2026-05-02 02:28:58.730 - records_manager - ERROR - Failed to process telemetry record: KeyError('sm_utilization')
NoneType: None
2026-05-02 02:28:58.731 - records_manager - ERROR - Failed to process telemetry record: KeyError('sm_utilization')
NoneType: None
2026-05-02 02:28:59.091 - records_manager - ERROR - Failed to process telemetry record: KeyError('sm_utilization')
NoneType: None
2026-05-02 02:28:59.096 - records_manager - ERROR - Failed to process telemetry record: KeyError('sm_utilization')
NoneType: None
2026-05-02 02:28:59.447 - records_manager - ERROR - Failed to process telemetry record: KeyError('sm_utilization')
NoneType: None
2026-05-02 02:28:59.448 - records_manager - ERROR - Failed to process telemetry record: KeyError('sm_utilization')
NoneType: None
2026-05-02 02:28:59.806 - records_manager - ERROR - Failed to process telemetry record: KeyError('sm_utilization')
NoneType: None
2026-05-02 02:28:59.807 - records_manager - ERROR - Failed to process telemetry record: KeyError('sm_utilization')
NoneType: None
2026-05-02 02:29:00.165 - records_manager - ERROR - Failed to process telemetry record: KeyError('sm_utilization')
NoneType: None
2026-05-02 02:29:00.166 - records_manager - ERROR - Failed to process telemetry record: KeyError('sm_utilization')
NoneType: None
2026-05-02 02:29:00.524 - records_manager - ERROR - Failed to process telemetry record: KeyError('sm_utilization')
NoneType: None
2026-05-02 02:29:00.524 - records_manager - ERROR - Failed to process telemetry record: KeyError('sm_utilization')
NoneType: None
2026-05-02 02:29:00.890 - records_manager - ERROR - Failed to process telemetry record: KeyError('sm_utilization')
NoneType: None
2026-05-02 02:29:00.891 - records_manager - ERROR - Failed to process telemetry record: KeyError('sm_utilization')
NoneType: None
2026-05-02 02:29:01.256 - records_manager - ERROR - Failed to process telemetry record: KeyError('sm_utilization')
NoneType: None
2026-05-02 02:29:01.257 - records_manager - ERROR - Failed to process telemetry record: KeyError('sm_utilization')
NoneType: None
2026-05-02 02:29:01.614 - records_manager - ERROR - Failed to process telemetry record: KeyError('sm_utilization')
NoneType: None
2026-05-02 02:29:01.615 - records_manager - ERROR - Failed to process telemetry record: KeyError('sm_utilization')
NoneType: None
2026-05-02 02:29:01.970 - records_manager - ERROR - Failed to process telemetry record: KeyError('sm_utilization')
NoneType: None
2026-05-02 02:29:01.971 - records_manager - ERROR - Failed to process telemetry record: KeyError('sm_utilization')
NoneType: None
2026-05-02 02:29:02.327 - records_manager - ERROR - Failed to process telemetry record: KeyError('sm_utilization')
NoneType: None
2026-05-02 02:29:02.328 - records_manager - ERROR - Failed to process telemetry record: KeyError('sm_utilization')
NoneType: None
2026-05-02 02:29:02.686 - records_manager - ERROR - Failed to process telemetry record: KeyError('sm_utilization')
NoneType: None
2026-05-02 02:29:02.687 - records_manager - ERROR - Failed to process telemetry record: KeyError('sm_utilization')
NoneType: None
2026-05-02 02:29:03.052 - records_manager - ERROR - Failed to process telemetry record: KeyError('sm_utilization')
NoneType: None
2026-05-02 02:29:03.053 - records_manager - ERROR - Failed to process telemetry record: KeyError('sm_utilization')
NoneType: None
2026-05-02 02:29:03.411 - records_manager - ERROR - Failed to process telemetry record: KeyError('sm_utilization')
NoneType: None
2026-05-02 02:29:03.412 - records_manager - ERROR - Failed to process telemetry record: KeyError('sm_utilization')
NoneType: None
2026-05-02 02:29:03.778 - records_manager - ERROR - Failed to process telemetry record: KeyError('sm_utilization')
NoneType: None
2026-05-02 02:29:03.778 - records_manager - ERROR - Failed to process telemetry record: KeyError('sm_utilization')
NoneType: None
2026-05-02 02:29:04.138 - records_manager - ERROR - Failed to process telemetry record: KeyError('sm_utilization')
NoneType: None
2026-05-02 02:29:04.139 - records_manager - ERROR - Failed to process telemetry record: KeyError('sm_utilization')
NoneType: None
2026-05-02 02:29:04.494 - records_manager - ERROR - Failed to process telemetry record: KeyError('sm_utilization')
NoneType: None
2026-05-02 02:29:04.495 - records_manager - ERROR - Failed to process telemetry record: KeyError('sm_utilization')
NoneType: None
2026-05-02 02:29:04.641 - PhaseRunner - NOTICE - Phase profiling complete | completed=12, cancelled=0, errors=0 | sessions: completed=12, cancelled=0 | elapsed=149.51s
2026-05-02 02:29:04.642 - PhaseOrchestrator_b12e0bf2 - NOTICE - All credits completed
2026-05-02 02:29:04.643 - records_manager - INFO - Received CREDIT_PHASE_COMPLETE message, Phase complete: PhaseRecordsStats(phase=CreditPhase.PROFILING, start_ns=1777713995131020895, sent_end_ns=1777714095849307214, requests_end_ns=1777714144641567071, total_expected_requests=12, expected_duration_sec=None, expected_num_sessions=None, expected_grace_period_sec=None, final_requests_sent=None, final_requests_completed=12, final_requests_cancelled=0, final_request_errors=0, final_sent_sessions=None, final_completed_sessions=None, final_cancelled_sessions=None, timeout_triggered=False, grace_period_timeout_triggered=False, was_cancelled=False, records_end_ns=None, success_records=11, error_records=0)
2026-05-02 02:29:04.643 - system_controller - INFO - Received credits complete from 'timing_manager'
2026-05-02 02:29:04.643 - records_manager - NOTICE - All requests have completed, please wait for the results to be processed (currently 11 of 12 records processed)...
2026-05-02 02:29:04.644 - records_manager - INFO - All credits complete, please wait for the results to be processed...
2026-05-02 02:29:04.645 - records_manager - INFO - Processed 12 valid requests and 0 errors (12 total).
2026-05-02 02:29:04.646 - records_manager - INFO - Received all records, processing now...
2026-05-02 02:29:04.648 - records_manager - INFO - Waiting 2.0s for server metrics flush period...
2026-05-02 02:29:04.648 - gpu_telemetry_manager - INFO - GPU Telemetry: Profiling complete, capturing final metrics...
2026-05-02 02:29:04.649 - gpu_telemetry_manager - WARNING - GPU Telemetry: Failed to capture final state from pynvml://localhost: 'PyNVMLTelemetryCollector' object has no attribute 'collect_and_process_metrics'
2026-05-02 02:29:06.642 - records_manager - INFO - Processing records results...
2026-05-02 02:29:06.649 - system_controller - INFO - Waiting for telemetry results...
2026-05-02 02:29:06.652 - records_manager - INFO - _finalize_and_process_results completed
2026-05-02 02:29:06.653 - system_controller - INFO - All results received, initiating shutdown
2026-05-02 02:29:07.258 - ExporterManager - INFO - Exporting all records
2026-05-02 02:29:07.355 - ExporterManager - INFO - Exporting console data
