host,timestamp,gpu_index,uuid,name,memory_used_mb,memory_total_mb,gpu_util_percent,power_watts,temp_c
nid008352,2026/05/03 16:02:58.632, 0, GPU-c8e590fe-c1df-fb38-7bf3-9ed4364cf576, NVIDIA A100-SXM4-80GB, 73933, 81920, 0, 109.81, 33
nid008352,2026/05/03 16:02:58.634, 1, GPU-5efb5c1d-1cd8-daca-bd51-2f30d62f6e1e, NVIDIA A100-SXM4-80GB, 73911, 81920, 0, 114.32, 31
nid008352,2026/05/03 16:02:58.636, 2, GPU-1d24ec01-d8bb-a3cf-73c2-7d6014d1dd4d, NVIDIA A100-SXM4-80GB, 73911, 81920, 0, 116.67, 33
nid008352,2026/05/03 16:02:58.637, 3, GPU-689a6e7c-a622-65fb-9f4d-887ba745f660, NVIDIA A100-SXM4-80GB, 73911, 81920, 0, 111.39, 31
nid008353,2026/05/03 16:02:59.470, 0, GPU-3ad85384-e7dd-8c9b-13da-56f54bf334d9, NVIDIA A100-SXM4-80GB, 74693, 81920, 0, 111.14, 33
nid008353,2026/05/03 16:02:59.473, 1, GPU-3d65dc3f-116a-1dd4-937c-6e4481a765b5, NVIDIA A100-SXM4-80GB, 74683, 81920, 0, 112.75, 31
nid008353,2026/05/03 16:02:59.474, 2, GPU-338e4806-c72e-e37a-4798-dc47c2f2de03, NVIDIA A100-SXM4-80GB, 74683, 81920, 0, 117.22, 34
nid008353,2026/05/03 16:02:59.475, 3, GPU-fec40d98-ea80-e220-a49c-31ccab4741af, NVIDIA A100-SXM4-80GB, 74683, 81920, 0, 112.74, 31
nid008352,2026/05/03 16:03:02.338, 0, GPU-c8e590fe-c1df-fb38-7bf3-9ed4364cf576, NVIDIA A100-SXM4-80GB, 73933, 81920, 0, 110.88, 33
nid008352,2026/05/03 16:03:02.342, 1, GPU-5efb5c1d-1cd8-daca-bd51-2f30d62f6e1e, NVIDIA A100-SXM4-80GB, 73911, 81920, 0, 114.17, 31
nid008352,2026/05/03 16:03:02.343, 2, GPU-1d24ec01-d8bb-a3cf-73c2-7d6014d1dd4d, NVIDIA A100-SXM4-80GB, 73911, 81920, 0, 116.57, 33
nid008352,2026/05/03 16:03:02.345, 3, GPU-689a6e7c-a622-65fb-9f4d-887ba745f660, NVIDIA A100-SXM4-80GB, 73911, 81920, 0, 111.16, 31
nid008353,2026/05/03 16:03:03.213, 0, GPU-3ad85384-e7dd-8c9b-13da-56f54bf334d9, NVIDIA A100-SXM4-80GB, 74693, 81920, 0, 111.01, 33
nid008353,2026/05/03 16:03:03.217, 1, GPU-3d65dc3f-116a-1dd4-937c-6e4481a765b5, NVIDIA A100-SXM4-80GB, 74683, 81920, 0, 112.75, 31
nid008353,2026/05/03 16:03:03.218, 2, GPU-338e4806-c72e-e37a-4798-dc47c2f2de03, NVIDIA A100-SXM4-80GB, 74683, 81920, 0, 117.22, 34
nid008353,2026/05/03 16:03:03.219, 3, GPU-fec40d98-ea80-e220-a49c-31ccab4741af, NVIDIA A100-SXM4-80GB, 74683, 81920, 0, 113.02, 31
nid008352,2026/05/03 16:03:06.124, 0, GPU-c8e590fe-c1df-fb38-7bf3-9ed4364cf576, NVIDIA A100-SXM4-80GB, 73933, 81920, 0, 109.70, 33
nid008352,2026/05/03 16:03:06.131, 1, GPU-5efb5c1d-1cd8-daca-bd51-2f30d62f6e1e, NVIDIA A100-SXM4-80GB, 73911, 81920, 0, 114.17, 31
nid008352,2026/05/03 16:03:06.137, 2, GPU-1d24ec01-d8bb-a3cf-73c2-7d6014d1dd4d, NVIDIA A100-SXM4-80GB, 73911, 81920, 0, 116.71, 33
nid008352,2026/05/03 16:03:06.143, 3, GPU-689a6e7c-a622-65fb-9f4d-887ba745f660, NVIDIA A100-SXM4-80GB, 73911, 81920, 0, 111.39, 31
nid008353,2026/05/03 16:03:06.991, 0, GPU-3ad85384-e7dd-8c9b-13da-56f54bf334d9, NVIDIA A100-SXM4-80GB, 74693, 81920, 0, 111.14, 33
nid008353,2026/05/03 16:03:06.994, 1, GPU-3d65dc3f-116a-1dd4-937c-6e4481a765b5, NVIDIA A100-SXM4-80GB, 74683, 81920, 0, 112.75, 31
nid008353,2026/05/03 16:03:06.999, 2, GPU-338e4806-c72e-e37a-4798-dc47c2f2de03, NVIDIA A100-SXM4-80GB, 74683, 81920, 0, 117.22, 34
nid008353,2026/05/03 16:03:07.000, 3, GPU-fec40d98-ea80-e220-a49c-31ccab4741af, NVIDIA A100-SXM4-80GB, 74683, 81920, 0, 112.74, 31
nid008352,2026/05/03 16:03:09.994, 0, GPU-c8e590fe-c1df-fb38-7bf3-9ed4364cf576, NVIDIA A100-SXM4-80GB, 73933, 81920, 0, 109.70, 33
nid008352,2026/05/03 16:03:09.996, 1, GPU-5efb5c1d-1cd8-daca-bd51-2f30d62f6e1e, NVIDIA A100-SXM4-80GB, 73911, 81920, 0, 114.04, 31
nid008352,2026/05/03 16:03:09.998, 2, GPU-1d24ec01-d8bb-a3cf-73c2-7d6014d1dd4d, NVIDIA A100-SXM4-80GB, 73911, 81920, 0, 116.81, 33
nid008352,2026/05/03 16:03:09.999, 3, GPU-689a6e7c-a622-65fb-9f4d-887ba745f660, NVIDIA A100-SXM4-80GB, 73911, 81920, 0, 111.29, 31
nid008353,2026/05/03 16:03:10.850, 0, GPU-3ad85384-e7dd-8c9b-13da-56f54bf334d9, NVIDIA A100-SXM4-80GB, 74693, 81920, 0, 111.01, 33
nid008353,2026/05/03 16:03:10.853, 1, GPU-3d65dc3f-116a-1dd4-937c-6e4481a765b5, NVIDIA A100-SXM4-80GB, 74683, 81920, 0, 112.75, 31
nid008353,2026/05/03 16:03:10.855, 2, GPU-338e4806-c72e-e37a-4798-dc47c2f2de03, NVIDIA A100-SXM4-80GB, 74683, 81920, 0, 117.08, 34
nid008353,2026/05/03 16:03:10.856, 3, GPU-fec40d98-ea80-e220-a49c-31ccab4741af, NVIDIA A100-SXM4-80GB, 74683, 81920, 0, 112.89, 31
nid008352,2026/05/03 16:03:13.740, 0, GPU-c8e590fe-c1df-fb38-7bf3-9ed4364cf576, NVIDIA A100-SXM4-80GB, 73933, 81920, 0, 110.74, 33
nid008352,2026/05/03 16:03:13.748, 1, GPU-5efb5c1d-1cd8-daca-bd51-2f30d62f6e1e, NVIDIA A100-SXM4-80GB, 73911, 81920, 0, 114.45, 31
nid008352,2026/05/03 16:03:13.754, 2, GPU-1d24ec01-d8bb-a3cf-73c2-7d6014d1dd4d, NVIDIA A100-SXM4-80GB, 73911, 81920, 0, 116.57, 33
nid008352,2026/05/03 16:03:13.761, 3, GPU-689a6e7c-a622-65fb-9f4d-887ba745f660, NVIDIA A100-SXM4-80GB, 73911, 81920, 0, 111.29, 31
nid008353,2026/05/03 16:03:14.596, 0, GPU-3ad85384-e7dd-8c9b-13da-56f54bf334d9, NVIDIA A100-SXM4-80GB, 74693, 81920, 0, 111.14, 33
nid008353,2026/05/03 16:03:14.599, 1, GPU-3d65dc3f-116a-1dd4-937c-6e4481a765b5, NVIDIA A100-SXM4-80GB, 74683, 81920, 0, 112.89, 31
nid008353,2026/05/03 16:03:14.600, 2, GPU-338e4806-c72e-e37a-4798-dc47c2f2de03, NVIDIA A100-SXM4-80GB, 74683, 81920, 0, 117.36, 34
nid008353,2026/05/03 16:03:14.601, 3, GPU-fec40d98-ea80-e220-a49c-31ccab4741af, NVIDIA A100-SXM4-80GB, 74683, 81920, 0, 112.74, 31
nid008352,2026/05/03 16:03:17.474, 0, GPU-c8e590fe-c1df-fb38-7bf3-9ed4364cf576, NVIDIA A100-SXM4-80GB, 73933, 81920, 0, 110.88, 33
nid008352,2026/05/03 16:03:17.477, 1, GPU-5efb5c1d-1cd8-daca-bd51-2f30d62f6e1e, NVIDIA A100-SXM4-80GB, 73911, 81920, 0, 114.17, 31
nid008352,2026/05/03 16:03:17.478, 2, GPU-1d24ec01-d8bb-a3cf-73c2-7d6014d1dd4d, NVIDIA A100-SXM4-80GB, 73911, 81920, 0, 116.57, 33
nid008352,2026/05/03 16:03:17.480, 3, GPU-689a6e7c-a622-65fb-9f4d-887ba745f660, NVIDIA A100-SXM4-80GB, 73911, 81920, 0, 111.53, 31
nid008353,2026/05/03 16:03:18.302, 0, GPU-3ad85384-e7dd-8c9b-13da-56f54bf334d9, NVIDIA A100-SXM4-80GB, 74693, 81920, 0, 110.89, 33
nid008353,2026/05/03 16:03:18.305, 1, GPU-3d65dc3f-116a-1dd4-937c-6e4481a765b5, NVIDIA A100-SXM4-80GB, 74683, 81920, 0, 112.75, 31
nid008353,2026/05/03 16:03:18.306, 2, GPU-338e4806-c72e-e37a-4798-dc47c2f2de03, NVIDIA A100-SXM4-80GB, 74683, 81920, 0, 117.22, 34
nid008353,2026/05/03 16:03:18.308, 3, GPU-fec40d98-ea80-e220-a49c-31ccab4741af, NVIDIA A100-SXM4-80GB, 74683, 81920, 0, 112.74, 31
nid008352,2026/05/03 16:03:21.170, 0, GPU-c8e590fe-c1df-fb38-7bf3-9ed4364cf576, NVIDIA A100-SXM4-80GB, 73933, 81920, 0, 109.70, 33
nid008352,2026/05/03 16:03:21.172, 1, GPU-5efb5c1d-1cd8-daca-bd51-2f30d62f6e1e, NVIDIA A100-SXM4-80GB, 73911, 81920, 0, 114.31, 31
nid008352,2026/05/03 16:03:21.174, 2, GPU-1d24ec01-d8bb-a3cf-73c2-7d6014d1dd4d, NVIDIA A100-SXM4-80GB, 73911, 81920, 0, 116.57, 33
nid008352,2026/05/03 16:03:21.175, 3, GPU-689a6e7c-a622-65fb-9f4d-887ba745f660, NVIDIA A100-SXM4-80GB, 73911, 81920, 0, 111.53, 31
nid008353,2026/05/03 16:03:21.986, 0, GPU-3ad85384-e7dd-8c9b-13da-56f54bf334d9, NVIDIA A100-SXM4-80GB, 74693, 81920, 0, 111.14, 33
nid008353,2026/05/03 16:03:21.988, 1, GPU-3d65dc3f-116a-1dd4-937c-6e4481a765b5, NVIDIA A100-SXM4-80GB, 74683, 81920, 0, 112.75, 31
nid008353,2026/05/03 16:03:21.990, 2, GPU-338e4806-c72e-e37a-4798-dc47c2f2de03, NVIDIA A100-SXM4-80GB, 74683, 81920, 0, 117.22, 34
nid008353,2026/05/03 16:03:21.991, 3, GPU-fec40d98-ea80-e220-a49c-31ccab4741af, NVIDIA A100-SXM4-80GB, 74683, 81920, 0, 112.89, 31
nid008352,2026/05/03 16:03:24.884, 0, GPU-c8e590fe-c1df-fb38-7bf3-9ed4364cf576, NVIDIA A100-SXM4-80GB, 73933, 81920, 0, 109.70, 33
nid008352,2026/05/03 16:03:24.887, 1, GPU-5efb5c1d-1cd8-daca-bd51-2f30d62f6e1e, NVIDIA A100-SXM4-80GB, 73911, 81920, 0, 114.45, 31
nid008352,2026/05/03 16:03:24.888, 2, GPU-1d24ec01-d8bb-a3cf-73c2-7d6014d1dd4d, NVIDIA A100-SXM4-80GB, 73911, 81920, 0, 116.81, 33
nid008352,2026/05/03 16:03:24.893, 3, GPU-689a6e7c-a622-65fb-9f4d-887ba745f660, NVIDIA A100-SXM4-80GB, 73911, 81920, 0, 111.39, 31
nid008353,2026/05/03 16:03:25.758, 0, GPU-3ad85384-e7dd-8c9b-13da-56f54bf334d9, NVIDIA A100-SXM4-80GB, 74693, 81920, 0, 111.01, 33
nid008353,2026/05/03 16:03:25.764, 1, GPU-3d65dc3f-116a-1dd4-937c-6e4481a765b5, NVIDIA A100-SXM4-80GB, 74683, 81920, 0, 112.75, 31
nid008353,2026/05/03 16:03:25.769, 2, GPU-338e4806-c72e-e37a-4798-dc47c2f2de03, NVIDIA A100-SXM4-80GB, 74683, 81920, 0, 117.22, 34
nid008353,2026/05/03 16:03:25.775, 3, GPU-fec40d98-ea80-e220-a49c-31ccab4741af, NVIDIA A100-SXM4-80GB, 74683, 81920, 0, 113.02, 31
nid008352,2026/05/03 16:03:28.640, 0, GPU-c8e590fe-c1df-fb38-7bf3-9ed4364cf576, NVIDIA A100-SXM4-80GB, 73933, 81920, 0, 109.94, 33
nid008352,2026/05/03 16:03:28.647, 1, GPU-5efb5c1d-1cd8-daca-bd51-2f30d62f6e1e, NVIDIA A100-SXM4-80GB, 73911, 81920, 0, 114.17, 31
nid008352,2026/05/03 16:03:28.648, 2, GPU-1d24ec01-d8bb-a3cf-73c2-7d6014d1dd4d, NVIDIA A100-SXM4-80GB, 73911, 81920, 0, 116.57, 33
nid008352,2026/05/03 16:03:28.650, 3, GPU-689a6e7c-a622-65fb-9f4d-887ba745f660, NVIDIA A100-SXM4-80GB, 73911, 81920, 0, 111.39, 31
nid008353,2026/05/03 16:03:29.479, 0, GPU-3ad85384-e7dd-8c9b-13da-56f54bf334d9, NVIDIA A100-SXM4-80GB, 74693, 81920, 0, 111.01, 33
nid008353,2026/05/03 16:03:29.484, 1, GPU-3d65dc3f-116a-1dd4-937c-6e4481a765b5, NVIDIA A100-SXM4-80GB, 74683, 81920, 0, 112.75, 31
nid008353,2026/05/03 16:03:29.489, 2, GPU-338e4806-c72e-e37a-4798-dc47c2f2de03, NVIDIA A100-SXM4-80GB, 74683, 81920, 0, 117.22, 34
nid008353,2026/05/03 16:03:29.494, 3, GPU-fec40d98-ea80-e220-a49c-31ccab4741af, NVIDIA A100-SXM4-80GB, 74683, 81920, 0, 113.02, 31
nid008352,2026/05/03 16:03:32.379, 0, GPU-c8e590fe-c1df-fb38-7bf3-9ed4364cf576, NVIDIA A100-SXM4-80GB, 73933, 81920, 0, 109.83, 33
nid008352,2026/05/03 16:03:32.381, 1, GPU-5efb5c1d-1cd8-daca-bd51-2f30d62f6e1e, NVIDIA A100-SXM4-80GB, 73911, 81920, 0, 114.17, 31
nid008352,2026/05/03 16:03:32.383, 2, GPU-1d24ec01-d8bb-a3cf-73c2-7d6014d1dd4d, NVIDIA A100-SXM4-80GB, 73911, 81920, 0, 116.81, 33
nid008352,2026/05/03 16:03:32.384, 3, GPU-689a6e7c-a622-65fb-9f4d-887ba745f660, NVIDIA A100-SXM4-80GB, 73911, 81920, 0, 111.53, 31
nid008353,2026/05/03 16:03:33.213, 0, GPU-3ad85384-e7dd-8c9b-13da-56f54bf334d9, NVIDIA A100-SXM4-80GB, 74693, 81920, 0, 111.14, 33
nid008353,2026/05/03 16:03:33.215, 1, GPU-3d65dc3f-116a-1dd4-937c-6e4481a765b5, NVIDIA A100-SXM4-80GB, 74683, 81920, 0, 112.75, 31
nid008353,2026/05/03 16:03:33.217, 2, GPU-338e4806-c72e-e37a-4798-dc47c2f2de03, NVIDIA A100-SXM4-80GB, 74683, 81920, 0, 117.22, 34
nid008353,2026/05/03 16:03:33.219, 3, GPU-fec40d98-ea80-e220-a49c-31ccab4741af, NVIDIA A100-SXM4-80GB, 74683, 81920, 0, 112.74, 31
nid008352,2026/05/03 16:03:36.114, 0, GPU-c8e590fe-c1df-fb38-7bf3-9ed4364cf576, NVIDIA A100-SXM4-80GB, 73933, 81920, 0, 110.74, 33
nid008352,2026/05/03 16:03:36.122, 1, GPU-5efb5c1d-1cd8-daca-bd51-2f30d62f6e1e, NVIDIA A100-SXM4-80GB, 73911, 81920, 0, 114.31, 31
nid008352,2026/05/03 16:03:36.128, 2, GPU-1d24ec01-d8bb-a3cf-73c2-7d6014d1dd4d, NVIDIA A100-SXM4-80GB, 73911, 81920, 0, 116.71, 33
nid008352,2026/05/03 16:03:36.134, 3, GPU-689a6e7c-a622-65fb-9f4d-887ba745f660, NVIDIA A100-SXM4-80GB, 73911, 81920, 0, 111.29, 31
nid008353,2026/05/03 16:03:36.966, 0, GPU-3ad85384-e7dd-8c9b-13da-56f54bf334d9, NVIDIA A100-SXM4-80GB, 74693, 81920, 0, 111.01, 33
nid008353,2026/05/03 16:03:36.968, 1, GPU-3d65dc3f-116a-1dd4-937c-6e4481a765b5, NVIDIA A100-SXM4-80GB, 74683, 81920, 0, 112.99, 31
nid008353,2026/05/03 16:03:36.970, 2, GPU-338e4806-c72e-e37a-4798-dc47c2f2de03, NVIDIA A100-SXM4-80GB, 74683, 81920, 0, 117.22, 34
nid008353,2026/05/03 16:03:36.971, 3, GPU-fec40d98-ea80-e220-a49c-31ccab4741af, NVIDIA A100-SXM4-80GB, 74683, 81920, 0, 112.89, 31
nid008352,2026/05/03 16:03:39.846, 0, GPU-c8e590fe-c1df-fb38-7bf3-9ed4364cf576, NVIDIA A100-SXM4-80GB, 73933, 81920, 0, 110.74, 33
nid008352,2026/05/03 16:03:39.851, 1, GPU-5efb5c1d-1cd8-daca-bd51-2f30d62f6e1e, NVIDIA A100-SXM4-80GB, 73911, 81920, 0, 114.45, 31
nid008352,2026/05/03 16:03:39.853, 2, GPU-1d24ec01-d8bb-a3cf-73c2-7d6014d1dd4d, NVIDIA A100-SXM4-80GB, 73911, 81920, 0, 116.81, 33
nid008352,2026/05/03 16:03:39.854, 3, GPU-689a6e7c-a622-65fb-9f4d-887ba745f660, NVIDIA A100-SXM4-80GB, 73911, 81920, 0, 111.53, 31
nid008353,2026/05/03 16:03:40.697, 0, GPU-3ad85384-e7dd-8c9b-13da-56f54bf334d9, NVIDIA A100-SXM4-80GB, 74693, 81920, 0, 111.01, 33
nid008353,2026/05/03 16:03:40.700, 1, GPU-3d65dc3f-116a-1dd4-937c-6e4481a765b5, NVIDIA A100-SXM4-80GB, 74683, 81920, 0, 112.75, 31
nid008353,2026/05/03 16:03:40.702, 2, GPU-338e4806-c72e-e37a-4798-dc47c2f2de03, NVIDIA A100-SXM4-80GB, 74683, 81920, 0, 117.08, 34
nid008353,2026/05/03 16:03:40.703, 3, GPU-fec40d98-ea80-e220-a49c-31ccab4741af, NVIDIA A100-SXM4-80GB, 74683, 81920, 0, 112.89, 31
nid008352,2026/05/03 16:03:43.585, 0, GPU-c8e590fe-c1df-fb38-7bf3-9ed4364cf576, NVIDIA A100-SXM4-80GB, 73933, 81920, 0, 109.94, 33
nid008352,2026/05/03 16:03:43.588, 1, GPU-5efb5c1d-1cd8-daca-bd51-2f30d62f6e1e, NVIDIA A100-SXM4-80GB, 73911, 81920, 0, 114.17, 31
nid008352,2026/05/03 16:03:43.589, 2, GPU-1d24ec01-d8bb-a3cf-73c2-7d6014d1dd4d, NVIDIA A100-SXM4-80GB, 73911, 81920, 0, 116.81, 33
nid008352,2026/05/03 16:03:43.591, 3, GPU-689a6e7c-a622-65fb-9f4d-887ba745f660, NVIDIA A100-SXM4-80GB, 73911, 81920, 0, 111.39, 31
nid008353,2026/05/03 16:03:44.470, 0, GPU-3ad85384-e7dd-8c9b-13da-56f54bf334d9, NVIDIA A100-SXM4-80GB, 74693, 81920, 0, 111.01, 33
nid008353,2026/05/03 16:03:44.472, 1, GPU-3d65dc3f-116a-1dd4-937c-6e4481a765b5, NVIDIA A100-SXM4-80GB, 74683, 81920, 0, 112.75, 31
nid008353,2026/05/03 16:03:44.474, 2, GPU-338e4806-c72e-e37a-4798-dc47c2f2de03, NVIDIA A100-SXM4-80GB, 74683, 81920, 0, 117.36, 34
nid008353,2026/05/03 16:03:44.475, 3, GPU-fec40d98-ea80-e220-a49c-31ccab4741af, NVIDIA A100-SXM4-80GB, 74683, 81920, 0, 113.02, 31
nid008352,2026/05/03 16:03:47.333, 0, GPU-c8e590fe-c1df-fb38-7bf3-9ed4364cf576, NVIDIA A100-SXM4-80GB, 73933, 81920, 0, 110.74, 33
nid008352,2026/05/03 16:03:47.336, 1, GPU-5efb5c1d-1cd8-daca-bd51-2f30d62f6e1e, NVIDIA A100-SXM4-80GB, 73911, 81920, 0, 114.45, 31
nid008352,2026/05/03 16:03:47.338, 2, GPU-1d24ec01-d8bb-a3cf-73c2-7d6014d1dd4d, NVIDIA A100-SXM4-80GB, 73911, 81920, 0, 116.57, 33
nid008352,2026/05/03 16:03:47.339, 3, GPU-689a6e7c-a622-65fb-9f4d-887ba745f660, NVIDIA A100-SXM4-80GB, 73911, 81920, 0, 111.29, 31
nid008353,2026/05/03 16:03:48.173, 0, GPU-3ad85384-e7dd-8c9b-13da-56f54bf334d9, NVIDIA A100-SXM4-80GB, 74693, 81920, 0, 110.89, 33
nid008353,2026/05/03 16:03:48.176, 1, GPU-3d65dc3f-116a-1dd4-937c-6e4481a765b5, NVIDIA A100-SXM4-80GB, 74683, 81920, 0, 112.89, 31
nid008353,2026/05/03 16:03:48.177, 2, GPU-338e4806-c72e-e37a-4798-dc47c2f2de03, NVIDIA A100-SXM4-80GB, 74683, 81920, 0, 117.22, 34
nid008353,2026/05/03 16:03:48.179, 3, GPU-fec40d98-ea80-e220-a49c-31ccab4741af, NVIDIA A100-SXM4-80GB, 74683, 81920, 0, 113.02, 31
nid008352,2026/05/03 16:03:51.055, 0, GPU-c8e590fe-c1df-fb38-7bf3-9ed4364cf576, NVIDIA A100-SXM4-80GB, 73933, 81920, 0, 109.94, 33
nid008352,2026/05/03 16:03:51.057, 1, GPU-5efb5c1d-1cd8-daca-bd51-2f30d62f6e1e, NVIDIA A100-SXM4-80GB, 73911, 81920, 0, 114.17, 31
nid008352,2026/05/03 16:03:51.061, 2, GPU-1d24ec01-d8bb-a3cf-73c2-7d6014d1dd4d, NVIDIA A100-SXM4-80GB, 73911, 81920, 0, 116.57, 33
nid008352,2026/05/03 16:03:51.063, 3, GPU-689a6e7c-a622-65fb-9f4d-887ba745f660, NVIDIA A100-SXM4-80GB, 73911, 81920, 0, 111.39, 31
nid008353,2026/05/03 16:03:51.910, 0, GPU-3ad85384-e7dd-8c9b-13da-56f54bf334d9, NVIDIA A100-SXM4-80GB, 74693, 81920, 0, 111.01, 33
nid008353,2026/05/03 16:03:51.913, 1, GPU-3d65dc3f-116a-1dd4-937c-6e4481a765b5, NVIDIA A100-SXM4-80GB, 74683, 81920, 0, 112.75, 31
nid008353,2026/05/03 16:03:51.915, 2, GPU-338e4806-c72e-e37a-4798-dc47c2f2de03, NVIDIA A100-SXM4-80GB, 74683, 81920, 0, 117.08, 34
nid008353,2026/05/03 16:03:51.916, 3, GPU-fec40d98-ea80-e220-a49c-31ccab4741af, NVIDIA A100-SXM4-80GB, 74683, 81920, 0, 112.89, 31
nid008352,2026/05/03 16:03:54.784, 0, GPU-c8e590fe-c1df-fb38-7bf3-9ed4364cf576, NVIDIA A100-SXM4-80GB, 73933, 81920, 0, 109.70, 33
nid008352,2026/05/03 16:03:54.786, 1, GPU-5efb5c1d-1cd8-daca-bd51-2f30d62f6e1e, NVIDIA A100-SXM4-80GB, 73911, 81920, 0, 114.17, 31
nid008352,2026/05/03 16:03:54.788, 2, GPU-1d24ec01-d8bb-a3cf-73c2-7d6014d1dd4d, NVIDIA A100-SXM4-80GB, 73911, 81920, 0, 116.67, 33
nid008352,2026/05/03 16:03:54.789, 3, GPU-689a6e7c-a622-65fb-9f4d-887ba745f660, NVIDIA A100-SXM4-80GB, 73911, 81920, 0, 111.29, 31
nid008353,2026/05/03 16:03:55.604, 0, GPU-3ad85384-e7dd-8c9b-13da-56f54bf334d9, NVIDIA A100-SXM4-80GB, 74693, 81920, 0, 111.01, 33
nid008353,2026/05/03 16:03:55.610, 1, GPU-3d65dc3f-116a-1dd4-937c-6e4481a765b5, NVIDIA A100-SXM4-80GB, 74683, 81920, 0, 112.89, 31
nid008353,2026/05/03 16:03:55.615, 2, GPU-338e4806-c72e-e37a-4798-dc47c2f2de03, NVIDIA A100-SXM4-80GB, 74683, 81920, 0, 117.22, 34
nid008353,2026/05/03 16:03:55.620, 3, GPU-fec40d98-ea80-e220-a49c-31ccab4741af, NVIDIA A100-SXM4-80GB, 74683, 81920, 0, 112.89, 31
nid008352,2026/05/03 16:03:58.513, 0, GPU-c8e590fe-c1df-fb38-7bf3-9ed4364cf576, NVIDIA A100-SXM4-80GB, 73933, 81920, 0, 109.70, 33
nid008352,2026/05/03 16:03:58.516, 1, GPU-5efb5c1d-1cd8-daca-bd51-2f30d62f6e1e, NVIDIA A100-SXM4-80GB, 73911, 81920, 0, 114.17, 31
nid008352,2026/05/03 16:03:58.517, 2, GPU-1d24ec01-d8bb-a3cf-73c2-7d6014d1dd4d, NVIDIA A100-SXM4-80GB, 73911, 81920, 0, 116.81, 33
nid008352,2026/05/03 16:03:58.519, 3, GPU-689a6e7c-a622-65fb-9f4d-887ba745f660, NVIDIA A100-SXM4-80GB, 73911, 81920, 0, 111.53, 31
nid008353,2026/05/03 16:03:59.377, 0, GPU-3ad85384-e7dd-8c9b-13da-56f54bf334d9, NVIDIA A100-SXM4-80GB, 74693, 81920, 0, 110.89, 33
nid008353,2026/05/03 16:03:59.379, 1, GPU-3d65dc3f-116a-1dd4-937c-6e4481a765b5, NVIDIA A100-SXM4-80GB, 74683, 81920, 0, 112.75, 31
nid008353,2026/05/03 16:03:59.381, 2, GPU-338e4806-c72e-e37a-4798-dc47c2f2de03, NVIDIA A100-SXM4-80GB, 74683, 81920, 0, 117.22, 34
nid008353,2026/05/03 16:03:59.382, 3, GPU-fec40d98-ea80-e220-a49c-31ccab4741af, NVIDIA A100-SXM4-80GB, 74683, 81920, 0, 112.60, 31
nid008352,2026/05/03 16:04:02.294, 0, GPU-c8e590fe-c1df-fb38-7bf3-9ed4364cf576, NVIDIA A100-SXM4-80GB, 73933, 81920, 0, 111.03, 33
nid008352,2026/05/03 16:04:02.297, 1, GPU-5efb5c1d-1cd8-daca-bd51-2f30d62f6e1e, NVIDIA A100-SXM4-80GB, 73911, 81920, 0, 114.32, 31
nid008352,2026/05/03 16:04:02.298, 2, GPU-1d24ec01-d8bb-a3cf-73c2-7d6014d1dd4d, NVIDIA A100-SXM4-80GB, 73911, 81920, 0, 116.81, 33
nid008352,2026/05/03 16:04:02.303, 3, GPU-689a6e7c-a622-65fb-9f4d-887ba745f660, NVIDIA A100-SXM4-80GB, 73911, 81920, 0, 111.66, 31
nid008353,2026/05/03 16:04:03.174, 0, GPU-3ad85384-e7dd-8c9b-13da-56f54bf334d9, NVIDIA A100-SXM4-80GB, 74693, 81920, 0, 111.01, 33
nid008353,2026/05/03 16:04:03.177, 1, GPU-3d65dc3f-116a-1dd4-937c-6e4481a765b5, NVIDIA A100-SXM4-80GB, 74683, 81920, 0, 112.89, 31
nid008353,2026/05/03 16:04:03.178, 2, GPU-338e4806-c72e-e37a-4798-dc47c2f2de03, NVIDIA A100-SXM4-80GB, 74683, 81920, 0, 117.22, 34
nid008353,2026/05/03 16:04:03.180, 3, GPU-fec40d98-ea80-e220-a49c-31ccab4741af, NVIDIA A100-SXM4-80GB, 74683, 81920, 0, 113.02, 31
nid008352,2026/05/03 16:04:06.031, 0, GPU-c8e590fe-c1df-fb38-7bf3-9ed4364cf576, NVIDIA A100-SXM4-80GB, 73933, 81920, 0, 109.70, 33
nid008352,2026/05/03 16:04:06.034, 1, GPU-5efb5c1d-1cd8-daca-bd51-2f30d62f6e1e, NVIDIA A100-SXM4-80GB, 73911, 81920, 0, 114.17, 31
nid008352,2026/05/03 16:04:06.035, 2, GPU-1d24ec01-d8bb-a3cf-73c2-7d6014d1dd4d, NVIDIA A100-SXM4-80GB, 73911, 81920, 0, 116.81, 33
nid008352,2026/05/03 16:04:06.037, 3, GPU-689a6e7c-a622-65fb-9f4d-887ba745f660, NVIDIA A100-SXM4-80GB, 73911, 81920, 0, 111.53, 31
nid008353,2026/05/03 16:04:06.899, 0, GPU-3ad85384-e7dd-8c9b-13da-56f54bf334d9, NVIDIA A100-SXM4-80GB, 74693, 81920, 0, 111.14, 33
nid008353,2026/05/03 16:04:06.901, 1, GPU-3d65dc3f-116a-1dd4-937c-6e4481a765b5, NVIDIA A100-SXM4-80GB, 74683, 81920, 0, 112.75, 31
nid008353,2026/05/03 16:04:06.902, 2, GPU-338e4806-c72e-e37a-4798-dc47c2f2de03, NVIDIA A100-SXM4-80GB, 74683, 81920, 0, 117.08, 34
nid008353,2026/05/03 16:04:06.904, 3, GPU-fec40d98-ea80-e220-a49c-31ccab4741af, NVIDIA A100-SXM4-80GB, 74683, 81920, 0, 112.89, 31
nid008352,2026/05/03 16:04:09.769, 0, GPU-c8e590fe-c1df-fb38-7bf3-9ed4364cf576, NVIDIA A100-SXM4-80GB, 73933, 81920, 0, 109.94, 33
nid008352,2026/05/03 16:04:09.771, 1, GPU-5efb5c1d-1cd8-daca-bd51-2f30d62f6e1e, NVIDIA A100-SXM4-80GB, 73911, 81920, 0, 114.45, 31
nid008352,2026/05/03 16:04:09.773, 2, GPU-1d24ec01-d8bb-a3cf-73c2-7d6014d1dd4d, NVIDIA A100-SXM4-80GB, 73911, 81920, 0, 116.81, 33
nid008352,2026/05/03 16:04:09.774, 3, GPU-689a6e7c-a622-65fb-9f4d-887ba745f660, NVIDIA A100-SXM4-80GB, 73911, 81920, 0, 111.42, 31
nid008353,2026/05/03 16:04:10.602, 0, GPU-3ad85384-e7dd-8c9b-13da-56f54bf334d9, NVIDIA A100-SXM4-80GB, 74693, 81920, 0, 111.14, 33
nid008353,2026/05/03 16:04:10.605, 1, GPU-3d65dc3f-116a-1dd4-937c-6e4481a765b5, NVIDIA A100-SXM4-80GB, 74683, 81920, 0, 112.75, 31
nid008353,2026/05/03 16:04:10.606, 2, GPU-338e4806-c72e-e37a-4798-dc47c2f2de03, NVIDIA A100-SXM4-80GB, 74683, 81920, 0, 117.22, 34
nid008353,2026/05/03 16:04:10.608, 3, GPU-fec40d98-ea80-e220-a49c-31ccab4741af, NVIDIA A100-SXM4-80GB, 74683, 81920, 0, 112.74, 31
nid008352,2026/05/03 16:04:13.473, 0, GPU-c8e590fe-c1df-fb38-7bf3-9ed4364cf576, NVIDIA A100-SXM4-80GB, 73933, 81920, 0, 109.70, 33
nid008352,2026/05/03 16:04:13.475, 1, GPU-5efb5c1d-1cd8-daca-bd51-2f30d62f6e1e, NVIDIA A100-SXM4-80GB, 73911, 81920, 0, 114.45, 31
nid008352,2026/05/03 16:04:13.477, 2, GPU-1d24ec01-d8bb-a3cf-73c2-7d6014d1dd4d, NVIDIA A100-SXM4-80GB, 73911, 81920, 0, 116.81, 33
nid008352,2026/05/03 16:04:13.478, 3, GPU-689a6e7c-a622-65fb-9f4d-887ba745f660, NVIDIA A100-SXM4-80GB, 73911, 81920, 0, 111.53, 31
nid008353,2026/05/03 16:04:14.310, 0, GPU-3ad85384-e7dd-8c9b-13da-56f54bf334d9, NVIDIA A100-SXM4-80GB, 74693, 81920, 0, 111.01, 33
nid008353,2026/05/03 16:04:14.313, 1, GPU-3d65dc3f-116a-1dd4-937c-6e4481a765b5, NVIDIA A100-SXM4-80GB, 74683, 81920, 0, 112.89, 31
nid008353,2026/05/03 16:04:14.317, 2, GPU-338e4806-c72e-e37a-4798-dc47c2f2de03, NVIDIA A100-SXM4-80GB, 74683, 81920, 0, 117.22, 34
nid008353,2026/05/03 16:04:14.318, 3, GPU-fec40d98-ea80-e220-a49c-31ccab4741af, NVIDIA A100-SXM4-80GB, 74683, 81920, 0, 112.89, 31
nid008352,2026/05/03 16:04:17.184, 0, GPU-c8e590fe-c1df-fb38-7bf3-9ed4364cf576, NVIDIA A100-SXM4-80GB, 73933, 81920, 0, 109.70, 33
nid008352,2026/05/03 16:04:17.187, 1, GPU-5efb5c1d-1cd8-daca-bd51-2f30d62f6e1e, NVIDIA A100-SXM4-80GB, 73911, 81920, 0, 114.17, 31
nid008352,2026/05/03 16:04:17.189, 2, GPU-1d24ec01-d8bb-a3cf-73c2-7d6014d1dd4d, NVIDIA A100-SXM4-80GB, 73911, 81920, 0, 116.81, 33
nid008352,2026/05/03 16:04:17.190, 3, GPU-689a6e7c-a622-65fb-9f4d-887ba745f660, NVIDIA A100-SXM4-80GB, 73911, 81920, 0, 111.53, 31
nid008353,2026/05/03 16:04:18.012, 0, GPU-3ad85384-e7dd-8c9b-13da-56f54bf334d9, NVIDIA A100-SXM4-80GB, 74693, 81920, 0, 111.14, 33
nid008353,2026/05/03 16:04:18.015, 1, GPU-3d65dc3f-116a-1dd4-937c-6e4481a765b5, NVIDIA A100-SXM4-80GB, 74683, 81920, 0, 112.75, 31
nid008353,2026/05/03 16:04:18.018, 2, GPU-338e4806-c72e-e37a-4798-dc47c2f2de03, NVIDIA A100-SXM4-80GB, 74683, 81920, 0, 117.36, 34
nid008353,2026/05/03 16:04:18.019, 3, GPU-fec40d98-ea80-e220-a49c-31ccab4741af, NVIDIA A100-SXM4-80GB, 74683, 81920, 0, 112.74, 31
nid008352,2026/05/03 16:04:20.869, 0, GPU-c8e590fe-c1df-fb38-7bf3-9ed4364cf576, NVIDIA A100-SXM4-80GB, 73933, 81920, 0, 109.70, 33
nid008352,2026/05/03 16:04:20.872, 1, GPU-5efb5c1d-1cd8-daca-bd51-2f30d62f6e1e, NVIDIA A100-SXM4-80GB, 73911, 81920, 0, 114.17, 31
nid008352,2026/05/03 16:04:20.873, 2, GPU-1d24ec01-d8bb-a3cf-73c2-7d6014d1dd4d, NVIDIA A100-SXM4-80GB, 73911, 81920, 0, 116.71, 33
nid008352,2026/05/03 16:04:20.875, 3, GPU-689a6e7c-a622-65fb-9f4d-887ba745f660, NVIDIA A100-SXM4-80GB, 73911, 81920, 0, 111.29, 31
nid008353,2026/05/03 16:04:21.687, 0, GPU-3ad85384-e7dd-8c9b-13da-56f54bf334d9, NVIDIA A100-SXM4-80GB, 74693, 81920, 0, 111.01, 33
nid008353,2026/05/03 16:04:21.690, 1, GPU-3d65dc3f-116a-1dd4-937c-6e4481a765b5, NVIDIA A100-SXM4-80GB, 74683, 81920, 0, 112.75, 31
nid008353,2026/05/03 16:04:21.691, 2, GPU-338e4806-c72e-e37a-4798-dc47c2f2de03, NVIDIA A100-SXM4-80GB, 74683, 81920, 0, 117.22, 34
nid008353,2026/05/03 16:04:21.693, 3, GPU-fec40d98-ea80-e220-a49c-31ccab4741af, NVIDIA A100-SXM4-80GB, 74683, 81920, 0, 112.89, 31
nid008352,2026/05/03 16:04:24.592, 0, GPU-c8e590fe-c1df-fb38-7bf3-9ed4364cf576, NVIDIA A100-SXM4-80GB, 73933, 81920, 0, 111.03, 33
nid008352,2026/05/03 16:04:24.595, 1, GPU-5efb5c1d-1cd8-daca-bd51-2f30d62f6e1e, NVIDIA A100-SXM4-80GB, 73911, 81920, 0, 114.17, 31
nid008352,2026/05/03 16:04:24.596, 2, GPU-1d24ec01-d8bb-a3cf-73c2-7d6014d1dd4d, NVIDIA A100-SXM4-80GB, 73911, 81920, 0, 116.81, 33
nid008352,2026/05/03 16:04:24.598, 3, GPU-689a6e7c-a622-65fb-9f4d-887ba745f660, NVIDIA A100-SXM4-80GB, 73911, 81920, 0, 111.29, 31
nid008353,2026/05/03 16:04:25.470, 0, GPU-3ad85384-e7dd-8c9b-13da-56f54bf334d9, NVIDIA A100-SXM4-80GB, 74693, 81920, 0, 111.01, 33
nid008353,2026/05/03 16:04:25.473, 1, GPU-3d65dc3f-116a-1dd4-937c-6e4481a765b5, NVIDIA A100-SXM4-80GB, 74683, 81920, 0, 112.89, 31
nid008353,2026/05/03 16:04:25.474, 2, GPU-338e4806-c72e-e37a-4798-dc47c2f2de03, NVIDIA A100-SXM4-80GB, 74683, 81920, 0, 117.22, 34
nid008353,2026/05/03 16:04:25.475, 3, GPU-fec40d98-ea80-e220-a49c-31ccab4741af, NVIDIA A100-SXM4-80GB, 74683, 81920, 0, 113.02, 31
nid008352,2026/05/03 16:04:28.363, 0, GPU-c8e590fe-c1df-fb38-7bf3-9ed4364cf576, NVIDIA A100-SXM4-80GB, 73933, 81920, 0, 109.70, 33
nid008352,2026/05/03 16:04:28.366, 1, GPU-5efb5c1d-1cd8-daca-bd51-2f30d62f6e1e, NVIDIA A100-SXM4-80GB, 73911, 81920, 0, 114.45, 31
nid008352,2026/05/03 16:04:28.367, 2, GPU-1d24ec01-d8bb-a3cf-73c2-7d6014d1dd4d, NVIDIA A100-SXM4-80GB, 73911, 81920, 0, 116.81, 33
nid008352,2026/05/03 16:04:28.369, 3, GPU-689a6e7c-a622-65fb-9f4d-887ba745f660, NVIDIA A100-SXM4-80GB, 73911, 81920, 0, 111.39, 31
nid008353,2026/05/03 16:04:29.252, 0, GPU-3ad85384-e7dd-8c9b-13da-56f54bf334d9, NVIDIA A100-SXM4-80GB, 74693, 81920, 0, 111.01, 33
nid008353,2026/05/03 16:04:29.256, 1, GPU-3d65dc3f-116a-1dd4-937c-6e4481a765b5, NVIDIA A100-SXM4-80GB, 74683, 81920, 0, 112.99, 31
nid008353,2026/05/03 16:04:29.257, 2, GPU-338e4806-c72e-e37a-4798-dc47c2f2de03, NVIDIA A100-SXM4-80GB, 74683, 81920, 0, 117.50, 34
nid008353,2026/05/03 16:04:29.259, 3, GPU-fec40d98-ea80-e220-a49c-31ccab4741af, NVIDIA A100-SXM4-80GB, 74683, 81920, 0, 112.89, 31
nid008352,2026/05/03 16:04:32.130, 0, GPU-c8e590fe-c1df-fb38-7bf3-9ed4364cf576, NVIDIA A100-SXM4-80GB, 73933, 81920, 0, 109.70, 33
nid008352,2026/05/03 16:04:32.135, 1, GPU-5efb5c1d-1cd8-daca-bd51-2f30d62f6e1e, NVIDIA A100-SXM4-80GB, 73911, 81920, 0, 114.17, 31
nid008352,2026/05/03 16:04:32.140, 2, GPU-1d24ec01-d8bb-a3cf-73c2-7d6014d1dd4d, NVIDIA A100-SXM4-80GB, 73911, 81920, 0, 116.71, 33
nid008352,2026/05/03 16:04:32.145, 3, GPU-689a6e7c-a622-65fb-9f4d-887ba745f660, NVIDIA A100-SXM4-80GB, 73911, 81920, 0, 111.53, 31
nid008353,2026/05/03 16:04:32.985, 0, GPU-3ad85384-e7dd-8c9b-13da-56f54bf334d9, NVIDIA A100-SXM4-80GB, 74693, 81920, 0, 111.14, 33
nid008353,2026/05/03 16:04:32.987, 1, GPU-3d65dc3f-116a-1dd4-937c-6e4481a765b5, NVIDIA A100-SXM4-80GB, 74683, 81920, 0, 112.75, 31
nid008353,2026/05/03 16:04:32.989, 2, GPU-338e4806-c72e-e37a-4798-dc47c2f2de03, NVIDIA A100-SXM4-80GB, 74683, 81920, 0, 117.37, 34
nid008353,2026/05/03 16:04:32.990, 3, GPU-fec40d98-ea80-e220-a49c-31ccab4741af, NVIDIA A100-SXM4-80GB, 74683, 81920, 0, 112.89, 31
nid008352,2026/05/03 16:04:35.851, 0, GPU-c8e590fe-c1df-fb38-7bf3-9ed4364cf576, NVIDIA A100-SXM4-80GB, 74945, 81920, 5, 111.91, 33
nid008352,2026/05/03 16:04:35.854, 1, GPU-5efb5c1d-1cd8-daca-bd51-2f30d62f6e1e, NVIDIA A100-SXM4-80GB, 74295, 81920, 61, 119.21, 31
nid008352,2026/05/03 16:04:35.856, 2, GPU-1d24ec01-d8bb-a3cf-73c2-7d6014d1dd4d, NVIDIA A100-SXM4-80GB, 74295, 81920, 36, 117.85, 33
nid008352,2026/05/03 16:04:35.857, 3, GPU-689a6e7c-a622-65fb-9f4d-887ba745f660, NVIDIA A100-SXM4-80GB, 74295, 81920, 0, 112.59, 31
nid008353,2026/05/03 16:04:36.691, 0, GPU-3ad85384-e7dd-8c9b-13da-56f54bf334d9, NVIDIA A100-SXM4-80GB, 74709, 81920, 0, 111.01, 33
nid008353,2026/05/03 16:04:36.693, 1, GPU-3d65dc3f-116a-1dd4-937c-6e4481a765b5, NVIDIA A100-SXM4-80GB, 74699, 81920, 0, 112.75, 31
nid008353,2026/05/03 16:04:36.694, 2, GPU-338e4806-c72e-e37a-4798-dc47c2f2de03, NVIDIA A100-SXM4-80GB, 74699, 81920, 0, 117.37, 34
nid008353,2026/05/03 16:04:36.696, 3, GPU-fec40d98-ea80-e220-a49c-31ccab4741af, NVIDIA A100-SXM4-80GB, 74699, 81920, 0, 112.89, 31
nid008352,2026/05/03 16:04:39.637, 0, GPU-c8e590fe-c1df-fb38-7bf3-9ed4364cf576, NVIDIA A100-SXM4-80GB, 74945, 81920, 0, 109.70, 33
nid008352,2026/05/03 16:04:39.644, 1, GPU-5efb5c1d-1cd8-daca-bd51-2f30d62f6e1e, NVIDIA A100-SXM4-80GB, 74295, 81920, 0, 114.17, 31
nid008352,2026/05/03 16:04:39.648, 2, GPU-1d24ec01-d8bb-a3cf-73c2-7d6014d1dd4d, NVIDIA A100-SXM4-80GB, 74295, 81920, 0, 116.57, 33
nid008352,2026/05/03 16:04:39.650, 3, GPU-689a6e7c-a622-65fb-9f4d-887ba745f660, NVIDIA A100-SXM4-80GB, 74295, 81920, 0, 111.53, 31
nid008353,2026/05/03 16:04:40.530, 0, GPU-3ad85384-e7dd-8c9b-13da-56f54bf334d9, NVIDIA A100-SXM4-80GB, 74709, 81920, 0, 111.14, 33
nid008353,2026/05/03 16:04:40.533, 1, GPU-3d65dc3f-116a-1dd4-937c-6e4481a765b5, NVIDIA A100-SXM4-80GB, 74699, 81920, 0, 112.75, 31
nid008353,2026/05/03 16:04:40.535, 2, GPU-338e4806-c72e-e37a-4798-dc47c2f2de03, NVIDIA A100-SXM4-80GB, 74699, 81920, 0, 117.22, 34
nid008353,2026/05/03 16:04:40.536, 3, GPU-fec40d98-ea80-e220-a49c-31ccab4741af, NVIDIA A100-SXM4-80GB, 74699, 81920, 0, 113.02, 31
nid008352,2026/05/03 16:04:43.407, 0, GPU-c8e590fe-c1df-fb38-7bf3-9ed4364cf576, NVIDIA A100-SXM4-80GB, 74945, 81920, 0, 109.70, 33
nid008352,2026/05/03 16:04:43.410, 1, GPU-5efb5c1d-1cd8-daca-bd51-2f30d62f6e1e, NVIDIA A100-SXM4-80GB, 74295, 81920, 0, 114.17, 31
nid008352,2026/05/03 16:04:43.412, 2, GPU-1d24ec01-d8bb-a3cf-73c2-7d6014d1dd4d, NVIDIA A100-SXM4-80GB, 74295, 81920, 0, 116.81, 33
nid008352,2026/05/03 16:04:43.413, 3, GPU-689a6e7c-a622-65fb-9f4d-887ba745f660, NVIDIA A100-SXM4-80GB, 74295, 81920, 0, 111.39, 31
nid008353,2026/05/03 16:04:44.249, 0, GPU-3ad85384-e7dd-8c9b-13da-56f54bf334d9, NVIDIA A100-SXM4-80GB, 74709, 81920, 0, 111.03, 33
nid008353,2026/05/03 16:04:44.252, 1, GPU-3d65dc3f-116a-1dd4-937c-6e4481a765b5, NVIDIA A100-SXM4-80GB, 74699, 81920, 0, 112.75, 31
nid008353,2026/05/03 16:04:44.254, 2, GPU-338e4806-c72e-e37a-4798-dc47c2f2de03, NVIDIA A100-SXM4-80GB, 74699, 81920, 0, 117.36, 34
nid008353,2026/05/03 16:04:44.256, 3, GPU-fec40d98-ea80-e220-a49c-31ccab4741af, NVIDIA A100-SXM4-80GB, 74699, 81920, 0, 113.02, 31
nid008352,2026/05/03 16:04:47.292, 0, GPU-c8e590fe-c1df-fb38-7bf3-9ed4364cf576, NVIDIA A100-SXM4-80GB, 74945, 81920, 0, 109.70, 33
nid008352,2026/05/03 16:04:47.295, 1, GPU-5efb5c1d-1cd8-daca-bd51-2f30d62f6e1e, NVIDIA A100-SXM4-80GB, 74295, 81920, 0, 114.04, 31
nid008352,2026/05/03 16:04:47.296, 2, GPU-1d24ec01-d8bb-a3cf-73c2-7d6014d1dd4d, NVIDIA A100-SXM4-80GB, 74295, 81920, 0, 116.67, 33
nid008352,2026/05/03 16:04:47.298, 3, GPU-689a6e7c-a622-65fb-9f4d-887ba745f660, NVIDIA A100-SXM4-80GB, 74295, 81920, 0, 111.29, 31
nid008353,2026/05/03 16:04:48.171, 0, GPU-3ad85384-e7dd-8c9b-13da-56f54bf334d9, NVIDIA A100-SXM4-80GB, 74709, 81920, 0, 111.01, 33
nid008353,2026/05/03 16:04:48.173, 1, GPU-3d65dc3f-116a-1dd4-937c-6e4481a765b5, NVIDIA A100-SXM4-80GB, 74699, 81920, 0, 112.75, 31
nid008353,2026/05/03 16:04:48.175, 2, GPU-338e4806-c72e-e37a-4798-dc47c2f2de03, NVIDIA A100-SXM4-80GB, 74699, 81920, 0, 117.50, 34
nid008353,2026/05/03 16:04:48.176, 3, GPU-fec40d98-ea80-e220-a49c-31ccab4741af, NVIDIA A100-SXM4-80GB, 74699, 81920, 0, 112.89, 31
nid008352,2026/05/03 16:04:51.032, 0, GPU-c8e590fe-c1df-fb38-7bf3-9ed4364cf576, NVIDIA A100-SXM4-80GB, 74945, 81920, 0, 110.74, 33
nid008352,2026/05/03 16:04:51.035, 1, GPU-5efb5c1d-1cd8-daca-bd51-2f30d62f6e1e, NVIDIA A100-SXM4-80GB, 74295, 81920, 0, 114.17, 31
nid008352,2026/05/03 16:04:51.036, 2, GPU-1d24ec01-d8bb-a3cf-73c2-7d6014d1dd4d, NVIDIA A100-SXM4-80GB, 74295, 81920, 0, 116.57, 33
nid008352,2026/05/03 16:04:51.038, 3, GPU-689a6e7c-a622-65fb-9f4d-887ba745f660, NVIDIA A100-SXM4-80GB, 74295, 81920, 0, 111.39, 31
nid008353,2026/05/03 16:04:51.903, 0, GPU-3ad85384-e7dd-8c9b-13da-56f54bf334d9, NVIDIA A100-SXM4-80GB, 74709, 81920, 0, 111.01, 33
nid008353,2026/05/03 16:04:51.906, 1, GPU-3d65dc3f-116a-1dd4-937c-6e4481a765b5, NVIDIA A100-SXM4-80GB, 74699, 81920, 0, 112.89, 31
nid008353,2026/05/03 16:04:51.907, 2, GPU-338e4806-c72e-e37a-4798-dc47c2f2de03, NVIDIA A100-SXM4-80GB, 74699, 81920, 0, 117.22, 34
nid008353,2026/05/03 16:04:51.909, 3, GPU-fec40d98-ea80-e220-a49c-31ccab4741af, NVIDIA A100-SXM4-80GB, 74699, 81920, 0, 113.02, 31
nid008352,2026/05/03 16:04:54.777, 0, GPU-c8e590fe-c1df-fb38-7bf3-9ed4364cf576, NVIDIA A100-SXM4-80GB, 74945, 81920, 0, 109.83, 33
nid008352,2026/05/03 16:04:54.780, 1, GPU-5efb5c1d-1cd8-daca-bd51-2f30d62f6e1e, NVIDIA A100-SXM4-80GB, 74295, 81920, 0, 113.93, 31
nid008352,2026/05/03 16:04:54.781, 2, GPU-1d24ec01-d8bb-a3cf-73c2-7d6014d1dd4d, NVIDIA A100-SXM4-80GB, 74295, 81920, 0, 116.57, 33
nid008352,2026/05/03 16:04:54.783, 3, GPU-689a6e7c-a622-65fb-9f4d-887ba745f660, NVIDIA A100-SXM4-80GB, 74295, 81920, 0, 111.29, 31
nid008353,2026/05/03 16:04:55.622, 0, GPU-3ad85384-e7dd-8c9b-13da-56f54bf334d9, NVIDIA A100-SXM4-80GB, 74709, 81920, 0, 111.01, 33
nid008353,2026/05/03 16:04:55.624, 1, GPU-3d65dc3f-116a-1dd4-937c-6e4481a765b5, NVIDIA A100-SXM4-80GB, 74699, 81920, 0, 112.75, 31
nid008353,2026/05/03 16:04:55.628, 2, GPU-338e4806-c72e-e37a-4798-dc47c2f2de03, NVIDIA A100-SXM4-80GB, 74699, 81920, 0, 117.22, 34
nid008353,2026/05/03 16:04:55.634, 3, GPU-fec40d98-ea80-e220-a49c-31ccab4741af, NVIDIA A100-SXM4-80GB, 74699, 81920, 0, 112.89, 31
nid008352,2026/05/03 16:04:58.517, 0, GPU-c8e590fe-c1df-fb38-7bf3-9ed4364cf576, NVIDIA A100-SXM4-80GB, 74945, 81920, 0, 109.70, 33
nid008352,2026/05/03 16:04:58.520, 1, GPU-5efb5c1d-1cd8-daca-bd51-2f30d62f6e1e, NVIDIA A100-SXM4-80GB, 74295, 81920, 2, 114.74, 31
nid008352,2026/05/03 16:04:58.522, 2, GPU-1d24ec01-d8bb-a3cf-73c2-7d6014d1dd4d, NVIDIA A100-SXM4-80GB, 74295, 81920, 2, 123.15, 33
nid008352,2026/05/03 16:04:58.523, 3, GPU-689a6e7c-a622-65fb-9f4d-887ba745f660, NVIDIA A100-SXM4-80GB, 74295, 81920, 1, 111.53, 31
nid008353,2026/05/03 16:04:59.366, 0, GPU-3ad85384-e7dd-8c9b-13da-56f54bf334d9, NVIDIA A100-SXM4-80GB, 74709, 81920, 0, 111.14, 33
nid008353,2026/05/03 16:04:59.372, 1, GPU-3d65dc3f-116a-1dd4-937c-6e4481a765b5, NVIDIA A100-SXM4-80GB, 74699, 81920, 0, 112.75, 31
nid008353,2026/05/03 16:04:59.378, 2, GPU-338e4806-c72e-e37a-4798-dc47c2f2de03, NVIDIA A100-SXM4-80GB, 74699, 81920, 0, 117.22, 34
nid008353,2026/05/03 16:04:59.383, 3, GPU-fec40d98-ea80-e220-a49c-31ccab4741af, NVIDIA A100-SXM4-80GB, 74699, 81920, 0, 113.02, 31
nid008352,2026/05/03 16:05:02.274, 0, GPU-c8e590fe-c1df-fb38-7bf3-9ed4364cf576, NVIDIA A100-SXM4-80GB, 75231, 81920, 100, 110.50, 34
nid008352,2026/05/03 16:05:02.277, 1, GPU-5efb5c1d-1cd8-daca-bd51-2f30d62f6e1e, NVIDIA A100-SXM4-80GB, 74589, 81920, 100, 114.74, 31
nid008352,2026/05/03 16:05:02.279, 2, GPU-1d24ec01-d8bb-a3cf-73c2-7d6014d1dd4d, NVIDIA A100-SXM4-80GB, 74589, 81920, 100, 115.10, 34
nid008352,2026/05/03 16:05:02.280, 3, GPU-689a6e7c-a622-65fb-9f4d-887ba745f660, NVIDIA A100-SXM4-80GB, 74589, 81920, 100, 109.67, 32
nid008353,2026/05/03 16:05:03.119, 0, GPU-3ad85384-e7dd-8c9b-13da-56f54bf334d9, NVIDIA A100-SXM4-80GB, 75027, 81920, 0, 111.81, 34
nid008353,2026/05/03 16:05:03.122, 1, GPU-3d65dc3f-116a-1dd4-937c-6e4481a765b5, NVIDIA A100-SXM4-80GB, 75017, 81920, 0, 113.27, 32
nid008353,2026/05/03 16:05:03.123, 2, GPU-338e4806-c72e-e37a-4798-dc47c2f2de03, NVIDIA A100-SXM4-80GB, 75017, 81920, 0, 114.85, 35
nid008353,2026/05/03 16:05:03.125, 3, GPU-fec40d98-ea80-e220-a49c-31ccab4741af, NVIDIA A100-SXM4-80GB, 75017, 81920, 0, 111.40, 32
nid008352,2026/05/03 16:05:06.004, 0, GPU-c8e590fe-c1df-fb38-7bf3-9ed4364cf576, NVIDIA A100-SXM4-80GB, 75231, 81920, 8, 109.94, 34
nid008352,2026/05/03 16:05:06.006, 1, GPU-5efb5c1d-1cd8-daca-bd51-2f30d62f6e1e, NVIDIA A100-SXM4-80GB, 74589, 81920, 0, 114.45, 31
nid008352,2026/05/03 16:05:06.008, 2, GPU-1d24ec01-d8bb-a3cf-73c2-7d6014d1dd4d, NVIDIA A100-SXM4-80GB, 74589, 81920, 0, 114.72, 34
nid008352,2026/05/03 16:05:06.009, 3, GPU-689a6e7c-a622-65fb-9f4d-887ba745f660, NVIDIA A100-SXM4-80GB, 74589, 81920, 3, 111.53, 32
nid008353,2026/05/03 16:05:06.858, 0, GPU-3ad85384-e7dd-8c9b-13da-56f54bf334d9, NVIDIA A100-SXM4-80GB, 75027, 81920, 0, 111.53, 33
nid008353,2026/05/03 16:05:06.861, 1, GPU-3d65dc3f-116a-1dd4-937c-6e4481a765b5, NVIDIA A100-SXM4-80GB, 75017, 81920, 0, 113.41, 31
nid008353,2026/05/03 16:05:06.863, 2, GPU-338e4806-c72e-e37a-4798-dc47c2f2de03, NVIDIA A100-SXM4-80GB, 75017, 81920, 0, 114.32, 34
nid008353,2026/05/03 16:05:06.865, 3, GPU-fec40d98-ea80-e220-a49c-31ccab4741af, NVIDIA A100-SXM4-80GB, 75017, 81920, 0, 111.16, 31
nid008352,2026/05/03 16:05:09.758, 0, GPU-c8e590fe-c1df-fb38-7bf3-9ed4364cf576, NVIDIA A100-SXM4-80GB, 75231, 81920, 35, 109.41, 34
nid008352,2026/05/03 16:05:09.761, 1, GPU-5efb5c1d-1cd8-daca-bd51-2f30d62f6e1e, NVIDIA A100-SXM4-80GB, 74589, 81920, 4, 113.93, 31
nid008352,2026/05/03 16:05:09.762, 2, GPU-1d24ec01-d8bb-a3cf-73c2-7d6014d1dd4d, NVIDIA A100-SXM4-80GB, 74589, 81920, 8, 114.34, 33
nid008352,2026/05/03 16:05:09.764, 3, GPU-689a6e7c-a622-65fb-9f4d-887ba745f660, NVIDIA A100-SXM4-80GB, 74589, 81920, 0, 111.29, 31
nid008353,2026/05/03 16:05:10.657, 0, GPU-3ad85384-e7dd-8c9b-13da-56f54bf334d9, NVIDIA A100-SXM4-80GB, 75027, 81920, 97, 111.66, 33
nid008353,2026/05/03 16:05:10.660, 1, GPU-3d65dc3f-116a-1dd4-937c-6e4481a765b5, NVIDIA A100-SXM4-80GB, 75017, 81920, 66, 112.99, 31
nid008353,2026/05/03 16:05:10.662, 2, GPU-338e4806-c72e-e37a-4798-dc47c2f2de03, NVIDIA A100-SXM4-80GB, 75017, 81920, 4, 114.32, 34
nid008353,2026/05/03 16:05:10.664, 3, GPU-fec40d98-ea80-e220-a49c-31ccab4741af, NVIDIA A100-SXM4-80GB, 75017, 81920, 44, 111.16, 32
nid008352,2026/05/03 16:05:13.684, 0, GPU-c8e590fe-c1df-fb38-7bf3-9ed4364cf576, NVIDIA A100-SXM4-80GB, 75231, 81920, 1, 109.41, 33
nid008352,2026/05/03 16:05:13.690, 1, GPU-5efb5c1d-1cd8-daca-bd51-2f30d62f6e1e, NVIDIA A100-SXM4-80GB, 74589, 81920, 13, 113.93, 31
nid008352,2026/05/03 16:05:13.696, 2, GPU-1d24ec01-d8bb-a3cf-73c2-7d6014d1dd4d, NVIDIA A100-SXM4-80GB, 74589, 81920, 48, 114.20, 33
nid008352,2026/05/03 16:05:13.702, 3, GPU-689a6e7c-a622-65fb-9f4d-887ba745f660, NVIDIA A100-SXM4-80GB, 74589, 81920, 35, 111.29, 31
nid008353,2026/05/03 16:05:14.572, 0, GPU-3ad85384-e7dd-8c9b-13da-56f54bf334d9, NVIDIA A100-SXM4-80GB, 75027, 81920, 0, 111.53, 33
nid008353,2026/05/03 16:05:14.575, 1, GPU-3d65dc3f-116a-1dd4-937c-6e4481a765b5, NVIDIA A100-SXM4-80GB, 75017, 81920, 0, 113.27, 31
nid008353,2026/05/03 16:05:14.576, 2, GPU-338e4806-c72e-e37a-4798-dc47c2f2de03, NVIDIA A100-SXM4-80GB, 75017, 81920, 0, 114.61, 34
nid008353,2026/05/03 16:05:14.578, 3, GPU-fec40d98-ea80-e220-a49c-31ccab4741af, NVIDIA A100-SXM4-80GB, 75017, 81920, 0, 111.03, 31
nid008352,2026/05/03 16:05:17.423, 0, GPU-c8e590fe-c1df-fb38-7bf3-9ed4364cf576, NVIDIA A100-SXM4-80GB, 75231, 81920, 61, 131.42, 34
nid008352,2026/05/03 16:05:17.425, 1, GPU-5efb5c1d-1cd8-daca-bd51-2f30d62f6e1e, NVIDIA A100-SXM4-80GB, 74589, 81920, 44, 132.05, 31
nid008352,2026/05/03 16:05:17.427, 2, GPU-1d24ec01-d8bb-a3cf-73c2-7d6014d1dd4d, NVIDIA A100-SXM4-80GB, 74589, 81920, 43, 119.69, 34
nid008352,2026/05/03 16:05:17.429, 3, GPU-689a6e7c-a622-65fb-9f4d-887ba745f660, NVIDIA A100-SXM4-80GB, 74589, 81920, 0, 133.59, 32
nid008353,2026/05/03 16:05:18.281, 0, GPU-3ad85384-e7dd-8c9b-13da-56f54bf334d9, NVIDIA A100-SXM4-80GB, 75027, 81920, 0, 111.53, 33
nid008353,2026/05/03 16:05:18.284, 1, GPU-3d65dc3f-116a-1dd4-937c-6e4481a765b5, NVIDIA A100-SXM4-80GB, 75017, 81920, 0, 113.12, 31
nid008353,2026/05/03 16:05:18.286, 2, GPU-338e4806-c72e-e37a-4798-dc47c2f2de03, NVIDIA A100-SXM4-80GB, 75017, 81920, 0, 114.32, 34
nid008353,2026/05/03 16:05:18.287, 3, GPU-fec40d98-ea80-e220-a49c-31ccab4741af, NVIDIA A100-SXM4-80GB, 75017, 81920, 46, 111.40, 31
nid008352,2026/05/03 16:05:21.147, 0, GPU-c8e590fe-c1df-fb38-7bf3-9ed4364cf576, NVIDIA A100-SXM4-80GB, 75231, 81920, 0, 130.10, 34
nid008352,2026/05/03 16:05:21.149, 1, GPU-5efb5c1d-1cd8-daca-bd51-2f30d62f6e1e, NVIDIA A100-SXM4-80GB, 74589, 81920, 0, 141.32, 31
nid008352,2026/05/03 16:05:21.151, 2, GPU-1d24ec01-d8bb-a3cf-73c2-7d6014d1dd4d, NVIDIA A100-SXM4-80GB, 74589, 81920, 52, 120.78, 34
nid008352,2026/05/03 16:05:21.152, 3, GPU-689a6e7c-a622-65fb-9f4d-887ba745f660, NVIDIA A100-SXM4-80GB, 74589, 81920, 36, 124.62, 32
nid008353,2026/05/03 16:05:21.988, 0, GPU-3ad85384-e7dd-8c9b-13da-56f54bf334d9, NVIDIA A100-SXM4-80GB, 75027, 81920, 0, 111.66, 33
nid008353,2026/05/03 16:05:21.990, 1, GPU-3d65dc3f-116a-1dd4-937c-6e4481a765b5, NVIDIA A100-SXM4-80GB, 75017, 81920, 0, 113.14, 31
nid008353,2026/05/03 16:05:21.992, 2, GPU-338e4806-c72e-e37a-4798-dc47c2f2de03, NVIDIA A100-SXM4-80GB, 75017, 81920, 0, 114.32, 34
nid008353,2026/05/03 16:05:21.994, 3, GPU-fec40d98-ea80-e220-a49c-31ccab4741af, NVIDIA A100-SXM4-80GB, 75017, 81920, 0, 111.16, 31
nid008352,2026/05/03 16:05:24.873, 0, GPU-c8e590fe-c1df-fb38-7bf3-9ed4364cf576, NVIDIA A100-SXM4-80GB, 75231, 81920, 61, 109.54, 34
nid008352,2026/05/03 16:05:24.880, 1, GPU-5efb5c1d-1cd8-daca-bd51-2f30d62f6e1e, NVIDIA A100-SXM4-80GB, 74589, 81920, 63, 114.07, 31
nid008352,2026/05/03 16:05:24.881, 2, GPU-1d24ec01-d8bb-a3cf-73c2-7d6014d1dd4d, NVIDIA A100-SXM4-80GB, 74589, 81920, 75, 114.57, 33
nid008352,2026/05/03 16:05:24.883, 3, GPU-689a6e7c-a622-65fb-9f4d-887ba745f660, NVIDIA A100-SXM4-80GB, 74589, 81920, 59, 111.16, 32
nid008353,2026/05/03 16:05:25.747, 0, GPU-3ad85384-e7dd-8c9b-13da-56f54bf334d9, NVIDIA A100-SXM4-80GB, 75027, 81920, 65, 111.42, 33
nid008353,2026/05/03 16:05:25.750, 1, GPU-3d65dc3f-116a-1dd4-937c-6e4481a765b5, NVIDIA A100-SXM4-80GB, 75017, 81920, 26, 113.27, 31
nid008353,2026/05/03 16:05:25.751, 2, GPU-338e4806-c72e-e37a-4798-dc47c2f2de03, NVIDIA A100-SXM4-80GB, 75017, 81920, 5, 114.45, 34
nid008353,2026/05/03 16:05:25.753, 3, GPU-fec40d98-ea80-e220-a49c-31ccab4741af, NVIDIA A100-SXM4-80GB, 75017, 81920, 13, 111.16, 32
nid008352,2026/05/03 16:05:28.617, 0, GPU-c8e590fe-c1df-fb38-7bf3-9ed4364cf576, NVIDIA A100-SXM4-80GB, 75231, 81920, 21, 110.35, 34
nid008352,2026/05/03 16:05:28.619, 1, GPU-5efb5c1d-1cd8-daca-bd51-2f30d62f6e1e, NVIDIA A100-SXM4-80GB, 74589, 81920, 0, 114.74, 31
nid008352,2026/05/03 16:05:28.621, 2, GPU-1d24ec01-d8bb-a3cf-73c2-7d6014d1dd4d, NVIDIA A100-SXM4-80GB, 74589, 81920, 23, 118.65, 34
nid008352,2026/05/03 16:05:28.623, 3, GPU-689a6e7c-a622-65fb-9f4d-887ba745f660, NVIDIA A100-SXM4-80GB, 74589, 81920, 12, 113.90, 32
nid008353,2026/05/03 16:05:29.484, 0, GPU-3ad85384-e7dd-8c9b-13da-56f54bf334d9, NVIDIA A100-SXM4-80GB, 75027, 81920, 0, 111.66, 33
nid008353,2026/05/03 16:05:29.486, 1, GPU-3d65dc3f-116a-1dd4-937c-6e4481a765b5, NVIDIA A100-SXM4-80GB, 75017, 81920, 0, 112.99, 31
nid008353,2026/05/03 16:05:29.488, 2, GPU-338e4806-c72e-e37a-4798-dc47c2f2de03, NVIDIA A100-SXM4-80GB, 75017, 81920, 0, 114.32, 34
nid008353,2026/05/03 16:05:29.489, 3, GPU-fec40d98-ea80-e220-a49c-31ccab4741af, NVIDIA A100-SXM4-80GB, 75017, 81920, 0, 111.16, 31
nid008352,2026/05/03 16:05:32.386, 0, GPU-c8e590fe-c1df-fb38-7bf3-9ed4364cf576, NVIDIA A100-SXM4-80GB, 75231, 81920, 0, 109.70, 34
nid008352,2026/05/03 16:05:32.389, 1, GPU-5efb5c1d-1cd8-daca-bd51-2f30d62f6e1e, NVIDIA A100-SXM4-80GB, 74589, 81920, 35, 114.04, 31
nid008352,2026/05/03 16:05:32.391, 2, GPU-1d24ec01-d8bb-a3cf-73c2-7d6014d1dd4d, NVIDIA A100-SXM4-80GB, 74589, 81920, 0, 114.20, 33
nid008352,2026/05/03 16:05:32.394, 3, GPU-689a6e7c-a622-65fb-9f4d-887ba745f660, NVIDIA A100-SXM4-80GB, 74589, 81920, 1, 111.16, 32
nid008353,2026/05/03 16:05:33.268, 0, GPU-3ad85384-e7dd-8c9b-13da-56f54bf334d9, NVIDIA A100-SXM4-80GB, 75027, 81920, 62, 111.53, 33
nid008353,2026/05/03 16:05:33.271, 1, GPU-3d65dc3f-116a-1dd4-937c-6e4481a765b5, NVIDIA A100-SXM4-80GB, 75017, 81920, 22, 113.12, 31
nid008353,2026/05/03 16:05:33.272, 2, GPU-338e4806-c72e-e37a-4798-dc47c2f2de03, NVIDIA A100-SXM4-80GB, 75017, 81920, 4, 114.32, 34
nid008353,2026/05/03 16:05:33.274, 3, GPU-fec40d98-ea80-e220-a49c-31ccab4741af, NVIDIA A100-SXM4-80GB, 75017, 81920, 11, 109.82, 31
nid008352,2026/05/03 16:05:36.223, 0, GPU-c8e590fe-c1df-fb38-7bf3-9ed4364cf576, NVIDIA A100-SXM4-80GB, 75231, 81920, 50, 114.20, 34
nid008352,2026/05/03 16:05:36.238, 1, GPU-5efb5c1d-1cd8-daca-bd51-2f30d62f6e1e, NVIDIA A100-SXM4-80GB, 74589, 81920, 100, 119.50, 31
nid008352,2026/05/03 16:05:36.244, 2, GPU-1d24ec01-d8bb-a3cf-73c2-7d6014d1dd4d, NVIDIA A100-SXM4-80GB, 74589, 81920, 51, 114.44, 33
nid008352,2026/05/03 16:05:36.249, 3, GPU-689a6e7c-a622-65fb-9f4d-887ba745f660, NVIDIA A100-SXM4-80GB, 74589, 81920, 100, 111.29, 32
nid008353,2026/05/03 16:05:37.106, 0, GPU-3ad85384-e7dd-8c9b-13da-56f54bf334d9, NVIDIA A100-SXM4-80GB, 75027, 81920, 0, 113.66, 34
nid008353,2026/05/03 16:05:37.109, 1, GPU-3d65dc3f-116a-1dd4-937c-6e4481a765b5, NVIDIA A100-SXM4-80GB, 75017, 81920, 16, 127.53, 31
nid008353,2026/05/03 16:05:37.111, 2, GPU-338e4806-c72e-e37a-4798-dc47c2f2de03, NVIDIA A100-SXM4-80GB, 75017, 81920, 2, 117.60, 34
nid008353,2026/05/03 16:05:37.112, 3, GPU-fec40d98-ea80-e220-a49c-31ccab4741af, NVIDIA A100-SXM4-80GB, 75017, 81920, 47, 126.64, 32
nid008352,2026/05/03 16:05:40.022, 0, GPU-c8e590fe-c1df-fb38-7bf3-9ed4364cf576, NVIDIA A100-SXM4-80GB, 75231, 81920, 27, 109.70, 34
nid008352,2026/05/03 16:05:40.024, 1, GPU-5efb5c1d-1cd8-daca-bd51-2f30d62f6e1e, NVIDIA A100-SXM4-80GB, 74589, 81920, 71, 114.17, 31
nid008352,2026/05/03 16:05:40.026, 2, GPU-1d24ec01-d8bb-a3cf-73c2-7d6014d1dd4d, NVIDIA A100-SXM4-80GB, 74589, 81920, 100, 114.20, 33
nid008352,2026/05/03 16:05:40.027, 3, GPU-689a6e7c-a622-65fb-9f4d-887ba745f660, NVIDIA A100-SXM4-80GB, 74589, 81920, 55, 111.29, 32
nid008353,2026/05/03 16:05:40.860, 0, GPU-3ad85384-e7dd-8c9b-13da-56f54bf334d9, NVIDIA A100-SXM4-80GB, 75027, 81920, 26, 128.19, 34
nid008353,2026/05/03 16:05:40.865, 1, GPU-3d65dc3f-116a-1dd4-937c-6e4481a765b5, NVIDIA A100-SXM4-80GB, 75017, 81920, 93, 135.24, 32
nid008353,2026/05/03 16:05:40.866, 2, GPU-338e4806-c72e-e37a-4798-dc47c2f2de03, NVIDIA A100-SXM4-80GB, 75017, 81920, 0, 130.72, 34
nid008353,2026/05/03 16:05:40.872, 3, GPU-fec40d98-ea80-e220-a49c-31ccab4741af, NVIDIA A100-SXM4-80GB, 75017, 81920, 66, 122.92, 32
nid008352,2026/05/03 16:05:43.786, 0, GPU-c8e590fe-c1df-fb38-7bf3-9ed4364cf576, NVIDIA A100-SXM4-80GB, 75231, 81920, 41, 120.12, 34
nid008352,2026/05/03 16:05:43.789, 1, GPU-5efb5c1d-1cd8-daca-bd51-2f30d62f6e1e, NVIDIA A100-SXM4-80GB, 74589, 81920, 56, 127.53, 31
nid008352,2026/05/03 16:05:43.790, 2, GPU-1d24ec01-d8bb-a3cf-73c2-7d6014d1dd4d, NVIDIA A100-SXM4-80GB, 74589, 81920, 20, 116.43, 34
nid008352,2026/05/03 16:05:43.792, 3, GPU-689a6e7c-a622-65fb-9f4d-887ba745f660, NVIDIA A100-SXM4-80GB, 74589, 81920, 76, 123.01, 32
nid008353,2026/05/03 16:05:44.638, 0, GPU-3ad85384-e7dd-8c9b-13da-56f54bf334d9, NVIDIA A100-SXM4-80GB, 75027, 81920, 0, 111.53, 33
nid008353,2026/05/03 16:05:44.641, 1, GPU-3d65dc3f-116a-1dd4-937c-6e4481a765b5, NVIDIA A100-SXM4-80GB, 75017, 81920, 0, 113.27, 31
nid008353,2026/05/03 16:05:44.643, 2, GPU-338e4806-c72e-e37a-4798-dc47c2f2de03, NVIDIA A100-SXM4-80GB, 75017, 81920, 0, 114.18, 34
nid008353,2026/05/03 16:05:44.644, 3, GPU-fec40d98-ea80-e220-a49c-31ccab4741af, NVIDIA A100-SXM4-80GB, 75017, 81920, 0, 111.03, 31
nid008352,2026/05/03 16:05:47.602, 0, GPU-c8e590fe-c1df-fb38-7bf3-9ed4364cf576, NVIDIA A100-SXM4-80GB, 75231, 81920, 1, 109.41, 34
nid008352,2026/05/03 16:05:47.604, 1, GPU-5efb5c1d-1cd8-daca-bd51-2f30d62f6e1e, NVIDIA A100-SXM4-80GB, 74589, 81920, 38, 113.93, 31
nid008352,2026/05/03 16:05:47.606, 2, GPU-1d24ec01-d8bb-a3cf-73c2-7d6014d1dd4d, NVIDIA A100-SXM4-80GB, 74589, 81920, 69, 114.20, 33
nid008352,2026/05/03 16:05:47.608, 3, GPU-689a6e7c-a622-65fb-9f4d-887ba745f660, NVIDIA A100-SXM4-80GB, 74589, 81920, 9, 111.16, 32
nid008353,2026/05/03 16:05:48.459, 0, GPU-3ad85384-e7dd-8c9b-13da-56f54bf334d9, NVIDIA A100-SXM4-80GB, 75027, 81920, 14, 111.53, 33
nid008353,2026/05/03 16:05:48.462, 1, GPU-3d65dc3f-116a-1dd4-937c-6e4481a765b5, NVIDIA A100-SXM4-80GB, 75017, 81920, 12, 113.27, 31
nid008353,2026/05/03 16:05:48.464, 2, GPU-338e4806-c72e-e37a-4798-dc47c2f2de03, NVIDIA A100-SXM4-80GB, 75017, 81920, 87, 114.47, 34
nid008353,2026/05/03 16:05:48.466, 3, GPU-fec40d98-ea80-e220-a49c-31ccab4741af, NVIDIA A100-SXM4-80GB, 75017, 81920, 48, 111.16, 32
nid008352,2026/05/03 16:05:51.360, 0, GPU-c8e590fe-c1df-fb38-7bf3-9ed4364cf576, NVIDIA A100-SXM4-80GB, 75231, 81920, 5, 123.39, 34
nid008352,2026/05/03 16:05:51.365, 1, GPU-5efb5c1d-1cd8-daca-bd51-2f30d62f6e1e, NVIDIA A100-SXM4-80GB, 74589, 81920, 0, 124.11, 31
nid008352,2026/05/03 16:05:51.376, 2, GPU-1d24ec01-d8bb-a3cf-73c2-7d6014d1dd4d, NVIDIA A100-SXM4-80GB, 74589, 81920, 0, 114.20, 33
nid008352,2026/05/03 16:05:51.382, 3, GPU-689a6e7c-a622-65fb-9f4d-887ba745f660, NVIDIA A100-SXM4-80GB, 74589, 81920, 7, 122.49, 32
nid008353,2026/05/03 16:05:52.228, 0, GPU-3ad85384-e7dd-8c9b-13da-56f54bf334d9, NVIDIA A100-SXM4-80GB, 75027, 81920, 0, 111.66, 33
nid008353,2026/05/03 16:05:52.231, 1, GPU-3d65dc3f-116a-1dd4-937c-6e4481a765b5, NVIDIA A100-SXM4-80GB, 75017, 81920, 12, 113.27, 31
nid008353,2026/05/03 16:05:52.232, 2, GPU-338e4806-c72e-e37a-4798-dc47c2f2de03, NVIDIA A100-SXM4-80GB, 75017, 81920, 0, 114.32, 34
nid008353,2026/05/03 16:05:52.234, 3, GPU-fec40d98-ea80-e220-a49c-31ccab4741af, NVIDIA A100-SXM4-80GB, 75017, 81920, 34, 111.03, 32
nid008352,2026/05/03 16:05:55.129, 0, GPU-c8e590fe-c1df-fb38-7bf3-9ed4364cf576, NVIDIA A100-SXM4-80GB, 75231, 81920, 100, 110.63, 34
nid008352,2026/05/03 16:05:55.138, 1, GPU-5efb5c1d-1cd8-daca-bd51-2f30d62f6e1e, NVIDIA A100-SXM4-80GB, 74589, 81920, 76, 115.12, 31
nid008352,2026/05/03 16:05:55.148, 2, GPU-1d24ec01-d8bb-a3cf-73c2-7d6014d1dd4d, NVIDIA A100-SXM4-80GB, 74589, 81920, 34, 114.44, 33
nid008352,2026/05/03 16:05:55.153, 3, GPU-689a6e7c-a622-65fb-9f4d-887ba745f660, NVIDIA A100-SXM4-80GB, 74589, 81920, 100, 111.29, 32
nid008353,2026/05/03 16:05:56.010, 0, GPU-3ad85384-e7dd-8c9b-13da-56f54bf334d9, NVIDIA A100-SXM4-80GB, 75027, 81920, 89, 131.89, 34
nid008353,2026/05/03 16:05:56.012, 1, GPU-3d65dc3f-116a-1dd4-937c-6e4481a765b5, NVIDIA A100-SXM4-80GB, 75017, 81920, 62, 124.40, 32
nid008353,2026/05/03 16:05:56.014, 2, GPU-338e4806-c72e-e37a-4798-dc47c2f2de03, NVIDIA A100-SXM4-80GB, 75017, 81920, 96, 132.18, 35
nid008353,2026/05/03 16:05:56.016, 3, GPU-fec40d98-ea80-e220-a49c-31ccab4741af, NVIDIA A100-SXM4-80GB, 75017, 81920, 10, 120.54, 32
nid008352,2026/05/03 16:05:58.903, 0, GPU-c8e590fe-c1df-fb38-7bf3-9ed4364cf576, NVIDIA A100-SXM4-80GB, 75231, 81920, 47, 128.26, 34
nid008352,2026/05/03 16:05:58.905, 1, GPU-5efb5c1d-1cd8-daca-bd51-2f30d62f6e1e, NVIDIA A100-SXM4-80GB, 74589, 81920, 50, 130.72, 31
nid008352,2026/05/03 16:05:58.907, 2, GPU-1d24ec01-d8bb-a3cf-73c2-7d6014d1dd4d, NVIDIA A100-SXM4-80GB, 74589, 81920, 12, 118.41, 34
nid008352,2026/05/03 16:05:58.909, 3, GPU-689a6e7c-a622-65fb-9f4d-887ba745f660, NVIDIA A100-SXM4-80GB, 74589, 81920, 14, 128.04, 32
nid008353,2026/05/03 16:05:59.754, 0, GPU-3ad85384-e7dd-8c9b-13da-56f54bf334d9, NVIDIA A100-SXM4-80GB, 75027, 81920, 0, 111.53, 33
nid008353,2026/05/03 16:05:59.756, 1, GPU-3d65dc3f-116a-1dd4-937c-6e4481a765b5, NVIDIA A100-SXM4-80GB, 75017, 81920, 0, 113.41, 31
nid008353,2026/05/03 16:05:59.758, 2, GPU-338e4806-c72e-e37a-4798-dc47c2f2de03, NVIDIA A100-SXM4-80GB, 75017, 81920, 0, 114.32, 34
nid008353,2026/05/03 16:05:59.760, 3, GPU-fec40d98-ea80-e220-a49c-31ccab4741af, NVIDIA A100-SXM4-80GB, 75017, 81920, 0, 111.16, 32
nid008352,2026/05/03 16:06:02.821, 0, GPU-c8e590fe-c1df-fb38-7bf3-9ed4364cf576, NVIDIA A100-SXM4-80GB, 75231, 81920, 43, 120.50, 34
nid008352,2026/05/03 16:06:02.824, 1, GPU-5efb5c1d-1cd8-daca-bd51-2f30d62f6e1e, NVIDIA A100-SXM4-80GB, 74589, 81920, 46, 123.97, 31
nid008352,2026/05/03 16:06:02.825, 2, GPU-1d24ec01-d8bb-a3cf-73c2-7d6014d1dd4d, NVIDIA A100-SXM4-80GB, 74589, 81920, 60, 132.90, 34
nid008352,2026/05/03 16:06:02.827, 3, GPU-689a6e7c-a622-65fb-9f4d-887ba745f660, NVIDIA A100-SXM4-80GB, 74589, 81920, 84, 123.82, 32
nid008353,2026/05/03 16:06:03.768, 0, GPU-3ad85384-e7dd-8c9b-13da-56f54bf334d9, NVIDIA A100-SXM4-80GB, 75027, 81920, 0, 111.53, 33
nid008353,2026/05/03 16:06:03.772, 1, GPU-3d65dc3f-116a-1dd4-937c-6e4481a765b5, NVIDIA A100-SXM4-80GB, 75017, 81920, 54, 113.27, 31
nid008353,2026/05/03 16:06:03.774, 2, GPU-338e4806-c72e-e37a-4798-dc47c2f2de03, NVIDIA A100-SXM4-80GB, 75017, 81920, 0, 114.61, 34
nid008353,2026/05/03 16:06:03.777, 3, GPU-fec40d98-ea80-e220-a49c-31ccab4741af, NVIDIA A100-SXM4-80GB, 75017, 81920, 21, 111.27, 32
nid008352,2026/05/03 16:06:06.733, 0, GPU-c8e590fe-c1df-fb38-7bf3-9ed4364cf576, NVIDIA A100-SXM4-80GB, 75231, 81920, 19, 125.65, 34
nid008352,2026/05/03 16:06:06.736, 1, GPU-5efb5c1d-1cd8-daca-bd51-2f30d62f6e1e, NVIDIA A100-SXM4-80GB, 74589, 81920, 0, 127.53, 31
nid008352,2026/05/03 16:06:06.738, 2, GPU-1d24ec01-d8bb-a3cf-73c2-7d6014d1dd4d, NVIDIA A100-SXM4-80GB, 74589, 81920, 46, 123.96, 34
nid008352,2026/05/03 16:06:06.739, 3, GPU-689a6e7c-a622-65fb-9f4d-887ba745f660, NVIDIA A100-SXM4-80GB, 74589, 81920, 10, 111.16, 32
nid008353,2026/05/03 16:06:07.595, 0, GPU-3ad85384-e7dd-8c9b-13da-56f54bf334d9, NVIDIA A100-SXM4-80GB, 75027, 81920, 0, 111.66, 33
nid008353,2026/05/03 16:06:07.597, 1, GPU-3d65dc3f-116a-1dd4-937c-6e4481a765b5, NVIDIA A100-SXM4-80GB, 75017, 81920, 0, 113.12, 31
nid008353,2026/05/03 16:06:07.599, 2, GPU-338e4806-c72e-e37a-4798-dc47c2f2de03, NVIDIA A100-SXM4-80GB, 75017, 81920, 0, 114.32, 34
nid008353,2026/05/03 16:06:07.601, 3, GPU-fec40d98-ea80-e220-a49c-31ccab4741af, NVIDIA A100-SXM4-80GB, 75017, 81920, 0, 111.16, 31
nid008352,2026/05/03 16:06:10.464, 0, GPU-c8e590fe-c1df-fb38-7bf3-9ed4364cf576, NVIDIA A100-SXM4-80GB, 75231, 81920, 57, 110.88, 34
nid008352,2026/05/03 16:06:10.467, 1, GPU-5efb5c1d-1cd8-daca-bd51-2f30d62f6e1e, NVIDIA A100-SXM4-80GB, 74589, 81920, 48, 114.07, 31
nid008352,2026/05/03 16:06:10.469, 2, GPU-1d24ec01-d8bb-a3cf-73c2-7d6014d1dd4d, NVIDIA A100-SXM4-80GB, 74589, 81920, 35, 114.44, 33
nid008352,2026/05/03 16:06:10.470, 3, GPU-689a6e7c-a622-65fb-9f4d-887ba745f660, NVIDIA A100-SXM4-80GB, 74589, 81920, 90, 111.29, 32
nid008353,2026/05/03 16:06:11.363, 0, GPU-3ad85384-e7dd-8c9b-13da-56f54bf334d9, NVIDIA A100-SXM4-80GB, 75027, 81920, 35, 113.27, 34
nid008353,2026/05/03 16:06:11.365, 1, GPU-3d65dc3f-116a-1dd4-937c-6e4481a765b5, NVIDIA A100-SXM4-80GB, 75017, 81920, 49, 113.27, 31
nid008353,2026/05/03 16:06:11.367, 2, GPU-338e4806-c72e-e37a-4798-dc47c2f2de03, NVIDIA A100-SXM4-80GB, 75017, 81920, 45, 116.18, 35
nid008353,2026/05/03 16:06:11.369, 3, GPU-fec40d98-ea80-e220-a49c-31ccab4741af, NVIDIA A100-SXM4-80GB, 75017, 81920, 4, 111.27, 32
nid008352,2026/05/03 16:06:14.299, 0, GPU-c8e590fe-c1df-fb38-7bf3-9ed4364cf576, NVIDIA A100-SXM4-80GB, 75231, 81920, 48, 109.83, 34
nid008352,2026/05/03 16:06:14.301, 1, GPU-5efb5c1d-1cd8-daca-bd51-2f30d62f6e1e, NVIDIA A100-SXM4-80GB, 74589, 81920, 13, 113.93, 31
nid008352,2026/05/03 16:06:14.303, 2, GPU-1d24ec01-d8bb-a3cf-73c2-7d6014d1dd4d, NVIDIA A100-SXM4-80GB, 74589, 81920, 13, 114.57, 33
nid008352,2026/05/03 16:06:14.304, 3, GPU-689a6e7c-a622-65fb-9f4d-887ba745f660, NVIDIA A100-SXM4-80GB, 74589, 81920, 47, 111.29, 32
nid008353,2026/05/03 16:06:15.120, 0, GPU-3ad85384-e7dd-8c9b-13da-56f54bf334d9, NVIDIA A100-SXM4-80GB, 75027, 81920, 20, 111.79, 33
nid008353,2026/05/03 16:06:15.123, 1, GPU-3d65dc3f-116a-1dd4-937c-6e4481a765b5, NVIDIA A100-SXM4-80GB, 75017, 81920, 72, 112.99, 31
nid008353,2026/05/03 16:06:15.125, 2, GPU-338e4806-c72e-e37a-4798-dc47c2f2de03, NVIDIA A100-SXM4-80GB, 75017, 81920, 21, 114.45, 34
nid008353,2026/05/03 16:06:15.126, 3, GPU-fec40d98-ea80-e220-a49c-31ccab4741af, NVIDIA A100-SXM4-80GB, 75017, 81920, 94, 111.16, 32
nid008352,2026/05/03 16:06:17.995, 0, GPU-c8e590fe-c1df-fb38-7bf3-9ed4364cf576, NVIDIA A100-SXM4-80GB, 75231, 81920, 0, 109.83, 34
nid008352,2026/05/03 16:06:17.997, 1, GPU-5efb5c1d-1cd8-daca-bd51-2f30d62f6e1e, NVIDIA A100-SXM4-80GB, 74589, 81920, 0, 114.31, 31
nid008352,2026/05/03 16:06:17.999, 2, GPU-1d24ec01-d8bb-a3cf-73c2-7d6014d1dd4d, NVIDIA A100-SXM4-80GB, 74589, 81920, 0, 114.44, 33
nid008352,2026/05/03 16:06:18.000, 3, GPU-689a6e7c-a622-65fb-9f4d-887ba745f660, NVIDIA A100-SXM4-80GB, 74589, 81920, 0, 111.29, 32
nid008353,2026/05/03 16:06:18.819, 0, GPU-3ad85384-e7dd-8c9b-13da-56f54bf334d9, NVIDIA A100-SXM4-80GB, 75027, 81920, 33, 111.66, 33
nid008353,2026/05/03 16:06:18.825, 1, GPU-3d65dc3f-116a-1dd4-937c-6e4481a765b5, NVIDIA A100-SXM4-80GB, 75017, 81920, 0, 113.27, 31
nid008353,2026/05/03 16:06:18.830, 2, GPU-338e4806-c72e-e37a-4798-dc47c2f2de03, NVIDIA A100-SXM4-80GB, 75017, 81920, 28, 114.32, 34
nid008353,2026/05/03 16:06:18.835, 3, GPU-fec40d98-ea80-e220-a49c-31ccab4741af, NVIDIA A100-SXM4-80GB, 75017, 81920, 79, 111.16, 32
nid008352,2026/05/03 16:06:21.733, 0, GPU-c8e590fe-c1df-fb38-7bf3-9ed4364cf576, NVIDIA A100-SXM4-80GB, 75231, 81920, 0, 124.04, 34
nid008352,2026/05/03 16:06:21.736, 1, GPU-5efb5c1d-1cd8-daca-bd51-2f30d62f6e1e, NVIDIA A100-SXM4-80GB, 74589, 81920, 42, 128.34, 31
nid008352,2026/05/03 16:06:21.738, 2, GPU-1d24ec01-d8bb-a3cf-73c2-7d6014d1dd4d, NVIDIA A100-SXM4-80GB, 74589, 81920, 30, 125.52, 34
nid008352,2026/05/03 16:06:21.739, 3, GPU-689a6e7c-a622-65fb-9f4d-887ba745f660, NVIDIA A100-SXM4-80GB, 74589, 81920, 0, 119.32, 32
nid008353,2026/05/03 16:06:22.613, 0, GPU-3ad85384-e7dd-8c9b-13da-56f54bf334d9, NVIDIA A100-SXM4-80GB, 75027, 81920, 27, 111.53, 33
nid008353,2026/05/03 16:06:22.616, 1, GPU-3d65dc3f-116a-1dd4-937c-6e4481a765b5, NVIDIA A100-SXM4-80GB, 75017, 81920, 0, 113.12, 31
nid008353,2026/05/03 16:06:22.617, 2, GPU-338e4806-c72e-e37a-4798-dc47c2f2de03, NVIDIA A100-SXM4-80GB, 75017, 81920, 0, 114.32, 34
nid008353,2026/05/03 16:06:22.619, 3, GPU-fec40d98-ea80-e220-a49c-31ccab4741af, NVIDIA A100-SXM4-80GB, 75017, 81920, 0, 111.16, 32
nid008352,2026/05/03 16:06:25.461, 0, GPU-c8e590fe-c1df-fb38-7bf3-9ed4364cf576, NVIDIA A100-SXM4-80GB, 75231, 81920, 67, 117.32, 34
nid008352,2026/05/03 16:06:25.464, 1, GPU-5efb5c1d-1cd8-daca-bd51-2f30d62f6e1e, NVIDIA A100-SXM4-80GB, 74589, 81920, 61, 120.69, 31
nid008352,2026/05/03 16:06:25.465, 2, GPU-1d24ec01-d8bb-a3cf-73c2-7d6014d1dd4d, NVIDIA A100-SXM4-80GB, 74589, 81920, 43, 125.52, 34
nid008352,2026/05/03 16:06:25.467, 3, GPU-689a6e7c-a622-65fb-9f4d-887ba745f660, NVIDIA A100-SXM4-80GB, 74589, 81920, 64, 119.74, 32
nid008353,2026/05/03 16:06:26.319, 0, GPU-3ad85384-e7dd-8c9b-13da-56f54bf334d9, NVIDIA A100-SXM4-80GB, 75027, 81920, 19, 113.38, 34
nid008353,2026/05/03 16:06:26.322, 1, GPU-3d65dc3f-116a-1dd4-937c-6e4481a765b5, NVIDIA A100-SXM4-80GB, 75017, 81920, 48, 148.38, 32
nid008353,2026/05/03 16:06:26.324, 2, GPU-338e4806-c72e-e37a-4798-dc47c2f2de03, NVIDIA A100-SXM4-80GB, 75017, 81920, 43, 115.65, 34
nid008353,2026/05/03 16:06:26.325, 3, GPU-fec40d98-ea80-e220-a49c-31ccab4741af, NVIDIA A100-SXM4-80GB, 75017, 81920, 59, 141.84, 32
nid008352,2026/05/03 16:06:29.205, 0, GPU-c8e590fe-c1df-fb38-7bf3-9ed4364cf576, NVIDIA A100-SXM4-80GB, 75231, 81920, 65, 127.89, 34
nid008352,2026/05/03 16:06:29.208, 1, GPU-5efb5c1d-1cd8-daca-bd51-2f30d62f6e1e, NVIDIA A100-SXM4-80GB, 74589, 81920, 56, 129.83, 31
nid008352,2026/05/03 16:06:29.209, 2, GPU-1d24ec01-d8bb-a3cf-73c2-7d6014d1dd4d, NVIDIA A100-SXM4-80GB, 74589, 81920, 47, 123.39, 34
nid008352,2026/05/03 16:06:29.211, 3, GPU-689a6e7c-a622-65fb-9f4d-887ba745f660, NVIDIA A100-SXM4-80GB, 74589, 81920, 84, 126.86, 32
nid008353,2026/05/03 16:06:30.041, 0, GPU-3ad85384-e7dd-8c9b-13da-56f54bf334d9, NVIDIA A100-SXM4-80GB, 75027, 81920, 0, 111.66, 33
nid008353,2026/05/03 16:06:30.044, 1, GPU-3d65dc3f-116a-1dd4-937c-6e4481a765b5, NVIDIA A100-SXM4-80GB, 75017, 81920, 1, 113.27, 31
nid008353,2026/05/03 16:06:30.046, 2, GPU-338e4806-c72e-e37a-4798-dc47c2f2de03, NVIDIA A100-SXM4-80GB, 75017, 81920, 0, 114.61, 34
nid008353,2026/05/03 16:06:30.048, 3, GPU-fec40d98-ea80-e220-a49c-31ccab4741af, NVIDIA A100-SXM4-80GB, 75017, 81920, 0, 110.06, 32
nid008352,2026/05/03 16:06:32.905, 0, GPU-c8e590fe-c1df-fb38-7bf3-9ed4364cf576, NVIDIA A100-SXM4-80GB, 75231, 81920, 42, 109.57, 34
nid008352,2026/05/03 16:06:32.907, 1, GPU-5efb5c1d-1cd8-daca-bd51-2f30d62f6e1e, NVIDIA A100-SXM4-80GB, 74589, 81920, 10, 114.07, 31
nid008352,2026/05/03 16:06:32.909, 2, GPU-1d24ec01-d8bb-a3cf-73c2-7d6014d1dd4d, NVIDIA A100-SXM4-80GB, 74589, 81920, 77, 114.44, 33
nid008352,2026/05/03 16:06:32.910, 3, GPU-689a6e7c-a622-65fb-9f4d-887ba745f660, NVIDIA A100-SXM4-80GB, 74589, 81920, 62, 111.29, 32
nid008353,2026/05/03 16:06:33.745, 0, GPU-3ad85384-e7dd-8c9b-13da-56f54bf334d9, NVIDIA A100-SXM4-80GB, 75027, 81920, 40, 111.53, 34
nid008353,2026/05/03 16:06:33.747, 1, GPU-3d65dc3f-116a-1dd4-937c-6e4481a765b5, NVIDIA A100-SXM4-80GB, 75017, 81920, 0, 113.27, 31
nid008353,2026/05/03 16:06:33.754, 2, GPU-338e4806-c72e-e37a-4798-dc47c2f2de03, NVIDIA A100-SXM4-80GB, 75017, 81920, 38, 114.61, 34
nid008353,2026/05/03 16:06:33.756, 3, GPU-fec40d98-ea80-e220-a49c-31ccab4741af, NVIDIA A100-SXM4-80GB, 75017, 81920, 59, 117.64, 32
nid008352,2026/05/03 16:06:36.812, 0, GPU-c8e590fe-c1df-fb38-7bf3-9ed4364cf576, NVIDIA A100-SXM4-80GB, 75231, 81920, 20, 109.70, 34
nid008352,2026/05/03 16:06:36.815, 1, GPU-5efb5c1d-1cd8-daca-bd51-2f30d62f6e1e, NVIDIA A100-SXM4-80GB, 74589, 81920, 0, 115.26, 31
nid008352,2026/05/03 16:06:36.816, 2, GPU-1d24ec01-d8bb-a3cf-73c2-7d6014d1dd4d, NVIDIA A100-SXM4-80GB, 74589, 81920, 0, 114.20, 34
nid008352,2026/05/03 16:06:36.818, 3, GPU-689a6e7c-a622-65fb-9f4d-887ba745f660, NVIDIA A100-SXM4-80GB, 74589, 81920, 10, 111.16, 32
nid008353,2026/05/03 16:06:38.063, 0, GPU-3ad85384-e7dd-8c9b-13da-56f54bf334d9, NVIDIA A100-SXM4-80GB, 75027, 81920, 92, 306.84, 36
nid008353,2026/05/03 16:06:38.069, 1, GPU-3d65dc3f-116a-1dd4-937c-6e4481a765b5, NVIDIA A100-SXM4-80GB, 75017, 81920, 84, 114.04, 33
nid008353,2026/05/03 16:06:38.074, 2, GPU-338e4806-c72e-e37a-4798-dc47c2f2de03, NVIDIA A100-SXM4-80GB, 75017, 81920, 89, 311.40, 37
nid008353,2026/05/03 16:06:38.079, 3, GPU-fec40d98-ea80-e220-a49c-31ccab4741af, NVIDIA A100-SXM4-80GB, 75017, 81920, 84, 111.92, 33
nid008352,2026/05/03 16:06:40.958, 0, GPU-c8e590fe-c1df-fb38-7bf3-9ed4364cf576, NVIDIA A100-SXM4-80GB, 75231, 81920, 88, 119.55, 34
nid008352,2026/05/03 16:06:40.961, 1, GPU-5efb5c1d-1cd8-daca-bd51-2f30d62f6e1e, NVIDIA A100-SXM4-80GB, 74589, 81920, 65, 123.07, 31
nid008352,2026/05/03 16:06:40.962, 2, GPU-1d24ec01-d8bb-a3cf-73c2-7d6014d1dd4d, NVIDIA A100-SXM4-80GB, 74589, 81920, 67, 130.62, 34
nid008352,2026/05/03 16:06:40.964, 3, GPU-689a6e7c-a622-65fb-9f4d-887ba745f660, NVIDIA A100-SXM4-80GB, 74589, 81920, 55, 120.12, 32
nid008353,2026/05/03 16:06:41.823, 0, GPU-3ad85384-e7dd-8c9b-13da-56f54bf334d9, NVIDIA A100-SXM4-80GB, 75027, 81920, 19, 137.80, 34
nid008353,2026/05/03 16:06:41.829, 1, GPU-3d65dc3f-116a-1dd4-937c-6e4481a765b5, NVIDIA A100-SXM4-80GB, 75017, 81920, 45, 123.59, 32
nid008353,2026/05/03 16:06:41.832, 2, GPU-338e4806-c72e-e37a-4798-dc47c2f2de03, NVIDIA A100-SXM4-80GB, 75017, 81920, 85, 138.26, 35
nid008353,2026/05/03 16:06:41.834, 3, GPU-fec40d98-ea80-e220-a49c-31ccab4741af, NVIDIA A100-SXM4-80GB, 75017, 81920, 24, 114.31, 33
nid008352,2026/05/03 16:06:44.696, 0, GPU-c8e590fe-c1df-fb38-7bf3-9ed4364cf576, NVIDIA A100-SXM4-80GB, 75231, 81920, 79, 120.78, 34
nid008352,2026/05/03 16:06:44.700, 1, GPU-5efb5c1d-1cd8-daca-bd51-2f30d62f6e1e, NVIDIA A100-SXM4-80GB, 74589, 81920, 61, 127.97, 31
nid008352,2026/05/03 16:06:44.702, 2, GPU-1d24ec01-d8bb-a3cf-73c2-7d6014d1dd4d, NVIDIA A100-SXM4-80GB, 74589, 81920, 89, 128.26, 34
nid008352,2026/05/03 16:06:44.703, 3, GPU-689a6e7c-a622-65fb-9f4d-887ba745f660, NVIDIA A100-SXM4-80GB, 74589, 81920, 40, 127.80, 32
nid008353,2026/05/03 16:06:45.544, 0, GPU-3ad85384-e7dd-8c9b-13da-56f54bf334d9, NVIDIA A100-SXM4-80GB, 75027, 81920, 0, 111.66, 34
nid008353,2026/05/03 16:06:45.546, 1, GPU-3d65dc3f-116a-1dd4-937c-6e4481a765b5, NVIDIA A100-SXM4-80GB, 75017, 81920, 0, 114.45, 31
nid008353,2026/05/03 16:06:45.548, 2, GPU-338e4806-c72e-e37a-4798-dc47c2f2de03, NVIDIA A100-SXM4-80GB, 75017, 81920, 0, 114.61, 34
nid008353,2026/05/03 16:06:45.550, 3, GPU-fec40d98-ea80-e220-a49c-31ccab4741af, NVIDIA A100-SXM4-80GB, 75017, 81920, 0, 111.29, 32
nid008352,2026/05/03 16:06:48.426, 0, GPU-c8e590fe-c1df-fb38-7bf3-9ed4364cf576, NVIDIA A100-SXM4-80GB, 75231, 81920, 31, 109.83, 34
nid008352,2026/05/03 16:06:48.428, 1, GPU-5efb5c1d-1cd8-daca-bd51-2f30d62f6e1e, NVIDIA A100-SXM4-80GB, 74589, 81920, 53, 114.17, 31
nid008352,2026/05/03 16:06:48.430, 2, GPU-1d24ec01-d8bb-a3cf-73c2-7d6014d1dd4d, NVIDIA A100-SXM4-80GB, 74589, 81920, 0, 114.44, 34
nid008352,2026/05/03 16:06:48.432, 3, GPU-689a6e7c-a622-65fb-9f4d-887ba745f660, NVIDIA A100-SXM4-80GB, 74589, 81920, 19, 112.62, 32
nid008353,2026/05/03 16:06:49.261, 0, GPU-3ad85384-e7dd-8c9b-13da-56f54bf334d9, NVIDIA A100-SXM4-80GB, 75027, 81920, 5, 111.66, 34
nid008353,2026/05/03 16:06:49.263, 1, GPU-3d65dc3f-116a-1dd4-937c-6e4481a765b5, NVIDIA A100-SXM4-80GB, 75017, 81920, 88, 114.32, 31
nid008353,2026/05/03 16:06:49.265, 2, GPU-338e4806-c72e-e37a-4798-dc47c2f2de03, NVIDIA A100-SXM4-80GB, 75017, 81920, 41, 114.61, 34
nid008353,2026/05/03 16:06:49.267, 3, GPU-fec40d98-ea80-e220-a49c-31ccab4741af, NVIDIA A100-SXM4-80GB, 75017, 81920, 4, 111.03, 32
nid008352,2026/05/03 16:06:52.134, 0, GPU-c8e590fe-c1df-fb38-7bf3-9ed4364cf576, NVIDIA A100-SXM4-80GB, 75231, 81920, 0, 110.07, 34
nid008352,2026/05/03 16:06:52.137, 1, GPU-5efb5c1d-1cd8-daca-bd51-2f30d62f6e1e, NVIDIA A100-SXM4-80GB, 74589, 81920, 0, 114.31, 31
nid008352,2026/05/03 16:06:52.138, 2, GPU-1d24ec01-d8bb-a3cf-73c2-7d6014d1dd4d, NVIDIA A100-SXM4-80GB, 74589, 81920, 0, 114.34, 34
nid008352,2026/05/03 16:06:52.140, 3, GPU-689a6e7c-a622-65fb-9f4d-887ba745f660, NVIDIA A100-SXM4-80GB, 74589, 81920, 0, 112.33, 32
nid008353,2026/05/03 16:06:52.984, 0, GPU-3ad85384-e7dd-8c9b-13da-56f54bf334d9, NVIDIA A100-SXM4-80GB, 75027, 81920, 3, 111.66, 34
nid008353,2026/05/03 16:06:52.986, 1, GPU-3d65dc3f-116a-1dd4-937c-6e4481a765b5, NVIDIA A100-SXM4-80GB, 75017, 81920, 13, 114.32, 31
nid008353,2026/05/03 16:06:52.988, 2, GPU-338e4806-c72e-e37a-4798-dc47c2f2de03, NVIDIA A100-SXM4-80GB, 75017, 81920, 46, 114.32, 34
nid008353,2026/05/03 16:06:52.990, 3, GPU-fec40d98-ea80-e220-a49c-31ccab4741af, NVIDIA A100-SXM4-80GB, 75017, 81920, 11, 111.16, 32
nid008352,2026/05/03 16:06:55.862, 0, GPU-c8e590fe-c1df-fb38-7bf3-9ed4364cf576, NVIDIA A100-SXM4-80GB, 75231, 81920, 37, 122.78, 34
nid008352,2026/05/03 16:06:55.864, 1, GPU-5efb5c1d-1cd8-daca-bd51-2f30d62f6e1e, NVIDIA A100-SXM4-80GB, 74589, 81920, 0, 124.69, 31
nid008352,2026/05/03 16:06:55.866, 2, GPU-1d24ec01-d8bb-a3cf-73c2-7d6014d1dd4d, NVIDIA A100-SXM4-80GB, 74589, 81920, 84, 132.23, 34
nid008352,2026/05/03 16:06:55.867, 3, GPU-689a6e7c-a622-65fb-9f4d-887ba745f660, NVIDIA A100-SXM4-80GB, 74589, 81920, 30, 117.89, 32
nid008353,2026/05/03 16:06:56.709, 0, GPU-3ad85384-e7dd-8c9b-13da-56f54bf334d9, NVIDIA A100-SXM4-80GB, 75027, 81920, 0, 111.66, 34
nid008353,2026/05/03 16:06:56.714, 1, GPU-3d65dc3f-116a-1dd4-937c-6e4481a765b5, NVIDIA A100-SXM4-80GB, 75017, 81920, 0, 114.32, 31
nid008353,2026/05/03 16:06:56.719, 2, GPU-338e4806-c72e-e37a-4798-dc47c2f2de03, NVIDIA A100-SXM4-80GB, 75017, 81920, 0, 114.32, 35
nid008353,2026/05/03 16:06:56.725, 3, GPU-fec40d98-ea80-e220-a49c-31ccab4741af, NVIDIA A100-SXM4-80GB, 75017, 81920, 0, 111.16, 32
nid008352,2026/05/03 16:06:59.585, 0, GPU-c8e590fe-c1df-fb38-7bf3-9ed4364cf576, NVIDIA A100-SXM4-80GB, 75231, 81920, 92, 122.34, 34
nid008352,2026/05/03 16:06:59.587, 1, GPU-5efb5c1d-1cd8-daca-bd51-2f30d62f6e1e, NVIDIA A100-SXM4-80GB, 74589, 81920, 18, 117.36, 31
nid008352,2026/05/03 16:06:59.589, 2, GPU-1d24ec01-d8bb-a3cf-73c2-7d6014d1dd4d, NVIDIA A100-SXM4-80GB, 74589, 81920, 68, 125.80, 34
nid008352,2026/05/03 16:06:59.590, 3, GPU-689a6e7c-a622-65fb-9f4d-887ba745f660, NVIDIA A100-SXM4-80GB, 74589, 81920, 83, 116.18, 32
nid008353,2026/05/03 16:07:00.418, 0, GPU-3ad85384-e7dd-8c9b-13da-56f54bf334d9, NVIDIA A100-SXM4-80GB, 75027, 81920, 0, 119.46, 34
nid008353,2026/05/03 16:07:00.421, 1, GPU-3d65dc3f-116a-1dd4-937c-6e4481a765b5, NVIDIA A100-SXM4-80GB, 75017, 81920, 5, 114.32, 32
nid008353,2026/05/03 16:07:00.422, 2, GPU-338e4806-c72e-e37a-4798-dc47c2f2de03, NVIDIA A100-SXM4-80GB, 75017, 81920, 24, 125.01, 35
nid008353,2026/05/03 16:07:00.424, 3, GPU-fec40d98-ea80-e220-a49c-31ccab4741af, NVIDIA A100-SXM4-80GB, 75017, 81920, 0, 124.93, 32
nid008352,2026/05/03 16:07:03.288, 0, GPU-c8e590fe-c1df-fb38-7bf3-9ed4364cf576, NVIDIA A100-SXM4-80GB, 75231, 81920, 45, 115.76, 34
nid008352,2026/05/03 16:07:03.290, 1, GPU-5efb5c1d-1cd8-daca-bd51-2f30d62f6e1e, NVIDIA A100-SXM4-80GB, 74589, 81920, 81, 114.88, 31
nid008352,2026/05/03 16:07:03.292, 2, GPU-1d24ec01-d8bb-a3cf-73c2-7d6014d1dd4d, NVIDIA A100-SXM4-80GB, 74589, 81920, 71, 116.04, 34
nid008352,2026/05/03 16:07:03.293, 3, GPU-689a6e7c-a622-65fb-9f4d-887ba745f660, NVIDIA A100-SXM4-80GB, 74589, 81920, 76, 112.85, 32
nid008353,2026/05/03 16:07:04.133, 0, GPU-3ad85384-e7dd-8c9b-13da-56f54bf334d9, NVIDIA A100-SXM4-80GB, 75027, 81920, 0, 112.18, 34
nid008353,2026/05/03 16:07:04.135, 1, GPU-3d65dc3f-116a-1dd4-937c-6e4481a765b5, NVIDIA A100-SXM4-80GB, 75017, 81920, 0, 114.45, 31
nid008353,2026/05/03 16:07:04.137, 2, GPU-338e4806-c72e-e37a-4798-dc47c2f2de03, NVIDIA A100-SXM4-80GB, 75017, 81920, 0, 114.32, 35
nid008353,2026/05/03 16:07:04.139, 3, GPU-fec40d98-ea80-e220-a49c-31ccab4741af, NVIDIA A100-SXM4-80GB, 75017, 81920, 0, 111.29, 32
nid008352,2026/05/03 16:07:07.031, 0, GPU-c8e590fe-c1df-fb38-7bf3-9ed4364cf576, NVIDIA A100-SXM4-80GB, 75231, 81920, 0, 109.83, 34
nid008352,2026/05/03 16:07:07.033, 1, GPU-5efb5c1d-1cd8-daca-bd51-2f30d62f6e1e, NVIDIA A100-SXM4-80GB, 74589, 81920, 24, 114.17, 31
nid008352,2026/05/03 16:07:07.035, 2, GPU-1d24ec01-d8bb-a3cf-73c2-7d6014d1dd4d, NVIDIA A100-SXM4-80GB, 74589, 81920, 18, 114.34, 33
nid008352,2026/05/03 16:07:07.037, 3, GPU-689a6e7c-a622-65fb-9f4d-887ba745f660, NVIDIA A100-SXM4-80GB, 74589, 81920, 0, 112.33, 32
nid008353,2026/05/03 16:07:07.916, 0, GPU-3ad85384-e7dd-8c9b-13da-56f54bf334d9, NVIDIA A100-SXM4-80GB, 75027, 81920, 73, 111.42, 33
nid008353,2026/05/03 16:07:07.922, 1, GPU-3d65dc3f-116a-1dd4-937c-6e4481a765b5, NVIDIA A100-SXM4-80GB, 75017, 81920, 2, 114.32, 31
nid008353,2026/05/03 16:07:07.927, 2, GPU-338e4806-c72e-e37a-4798-dc47c2f2de03, NVIDIA A100-SXM4-80GB, 75017, 81920, 51, 114.45, 34
nid008353,2026/05/03 16:07:07.933, 3, GPU-fec40d98-ea80-e220-a49c-31ccab4741af, NVIDIA A100-SXM4-80GB, 75017, 81920, 30, 111.16, 32
nid008352,2026/05/03 16:07:10.843, 0, GPU-c8e590fe-c1df-fb38-7bf3-9ed4364cf576, NVIDIA A100-SXM4-80GB, 75231, 81920, 47, 113.76, 34
nid008352,2026/05/03 16:07:10.846, 1, GPU-5efb5c1d-1cd8-daca-bd51-2f30d62f6e1e, NVIDIA A100-SXM4-80GB, 74589, 81920, 62, 119.35, 31
nid008352,2026/05/03 16:07:10.847, 2, GPU-1d24ec01-d8bb-a3cf-73c2-7d6014d1dd4d, NVIDIA A100-SXM4-80GB, 74589, 81920, 89, 133.15, 34
nid008352,2026/05/03 16:07:10.851, 3, GPU-689a6e7c-a622-65fb-9f4d-887ba745f660, NVIDIA A100-SXM4-80GB, 74589, 81920, 95, 116.99, 32
nid008353,2026/05/03 16:07:11.679, 0, GPU-3ad85384-e7dd-8c9b-13da-56f54bf334d9, NVIDIA A100-SXM4-80GB, 75027, 81920, 74, 131.37, 34
nid008353,2026/05/03 16:07:11.682, 1, GPU-3d65dc3f-116a-1dd4-937c-6e4481a765b5, NVIDIA A100-SXM4-80GB, 75017, 81920, 79, 114.85, 31
nid008353,2026/05/03 16:07:11.683, 2, GPU-338e4806-c72e-e37a-4798-dc47c2f2de03, NVIDIA A100-SXM4-80GB, 75017, 81920, 73, 135.76, 35
nid008353,2026/05/03 16:07:11.685, 3, GPU-fec40d98-ea80-e220-a49c-31ccab4741af, NVIDIA A100-SXM4-80GB, 75017, 81920, 15, 111.92, 32
nid008352,2026/05/03 16:07:14.564, 0, GPU-c8e590fe-c1df-fb38-7bf3-9ed4364cf576, NVIDIA A100-SXM4-80GB, 75231, 81920, 42, 119.17, 34
nid008352,2026/05/03 16:07:14.567, 1, GPU-5efb5c1d-1cd8-daca-bd51-2f30d62f6e1e, NVIDIA A100-SXM4-80GB, 74589, 81920, 86, 117.26, 31
nid008352,2026/05/03 16:07:14.568, 2, GPU-1d24ec01-d8bb-a3cf-73c2-7d6014d1dd4d, NVIDIA A100-SXM4-80GB, 74589, 81920, 64, 124.71, 34
nid008352,2026/05/03 16:07:14.570, 3, GPU-689a6e7c-a622-65fb-9f4d-887ba745f660, NVIDIA A100-SXM4-80GB, 74589, 81920, 96, 116.56, 32
nid008353,2026/05/03 16:07:15.585, 0, GPU-3ad85384-e7dd-8c9b-13da-56f54bf334d9, NVIDIA A100-SXM4-80GB, 75027, 81920, 7, 111.53, 33
nid008353,2026/05/03 16:07:15.592, 1, GPU-3d65dc3f-116a-1dd4-937c-6e4481a765b5, NVIDIA A100-SXM4-80GB, 75017, 81920, 96, 114.32, 31
nid008353,2026/05/03 16:07:15.594, 2, GPU-338e4806-c72e-e37a-4798-dc47c2f2de03, NVIDIA A100-SXM4-80GB, 75017, 81920, 33, 114.32, 34
nid008353,2026/05/03 16:07:15.597, 3, GPU-fec40d98-ea80-e220-a49c-31ccab4741af, NVIDIA A100-SXM4-80GB, 75017, 81920, 96, 111.16, 32
nid008352,2026/05/03 16:07:18.483, 0, GPU-c8e590fe-c1df-fb38-7bf3-9ed4364cf576, NVIDIA A100-SXM4-80GB, 75231, 81920, 95, 115.48, 34
nid008352,2026/05/03 16:07:18.486, 1, GPU-5efb5c1d-1cd8-daca-bd51-2f30d62f6e1e, NVIDIA A100-SXM4-80GB, 74589, 81920, 73, 115.40, 31
nid008352,2026/05/03 16:07:18.487, 2, GPU-1d24ec01-d8bb-a3cf-73c2-7d6014d1dd4d, NVIDIA A100-SXM4-80GB, 74589, 81920, 91, 118.55, 34
nid008352,2026/05/03 16:07:18.489, 3, GPU-689a6e7c-a622-65fb-9f4d-887ba745f660, NVIDIA A100-SXM4-80GB, 74589, 81920, 48, 113.51, 32
nid008353,2026/05/03 16:07:19.314, 0, GPU-3ad85384-e7dd-8c9b-13da-56f54bf334d9, NVIDIA A100-SXM4-80GB, 75027, 81920, 0, 130.72, 34
nid008353,2026/05/03 16:07:19.317, 1, GPU-3d65dc3f-116a-1dd4-937c-6e4481a765b5, NVIDIA A100-SXM4-80GB, 75017, 81920, 0, 123.45, 32
nid008353,2026/05/03 16:07:19.319, 2, GPU-338e4806-c72e-e37a-4798-dc47c2f2de03, NVIDIA A100-SXM4-80GB, 75017, 81920, 30, 137.90, 35
nid008353,2026/05/03 16:07:19.321, 3, GPU-fec40d98-ea80-e220-a49c-31ccab4741af, NVIDIA A100-SXM4-80GB, 75017, 81920, 55, 125.74, 32
nid008352,2026/05/03 16:07:22.215, 0, GPU-c8e590fe-c1df-fb38-7bf3-9ed4364cf576, NVIDIA A100-SXM4-80GB, 75231, 81920, 70, 113.76, 34
nid008352,2026/05/03 16:07:22.218, 1, GPU-5efb5c1d-1cd8-daca-bd51-2f30d62f6e1e, NVIDIA A100-SXM4-80GB, 74589, 81920, 61, 120.26, 31
nid008352,2026/05/03 16:07:22.219, 2, GPU-1d24ec01-d8bb-a3cf-73c2-7d6014d1dd4d, NVIDIA A100-SXM4-80GB, 74589, 81920, 60, 132.39, 34
nid008352,2026/05/03 16:07:22.221, 3, GPU-689a6e7c-a622-65fb-9f4d-887ba745f660, NVIDIA A100-SXM4-80GB, 74589, 81920, 58, 119.22, 32
nid008353,2026/05/03 16:07:23.052, 0, GPU-3ad85384-e7dd-8c9b-13da-56f54bf334d9, NVIDIA A100-SXM4-80GB, 75027, 81920, 5, 111.55, 34
nid008353,2026/05/03 16:07:23.054, 1, GPU-3d65dc3f-116a-1dd4-937c-6e4481a765b5, NVIDIA A100-SXM4-80GB, 75017, 81920, 14, 114.45, 32
nid008353,2026/05/03 16:07:23.056, 2, GPU-338e4806-c72e-e37a-4798-dc47c2f2de03, NVIDIA A100-SXM4-80GB, 75017, 81920, 59, 114.45, 35
nid008353,2026/05/03 16:07:23.058, 3, GPU-fec40d98-ea80-e220-a49c-31ccab4741af, NVIDIA A100-SXM4-80GB, 75017, 81920, 0, 135.03, 32
nid008352,2026/05/03 16:07:25.925, 0, GPU-c8e590fe-c1df-fb38-7bf3-9ed4364cf576, NVIDIA A100-SXM4-80GB, 75231, 81920, 49, 109.83, 34
nid008352,2026/05/03 16:07:25.930, 1, GPU-5efb5c1d-1cd8-daca-bd51-2f30d62f6e1e, NVIDIA A100-SXM4-80GB, 74589, 81920, 90, 114.31, 31
nid008352,2026/05/03 16:07:25.936, 2, GPU-1d24ec01-d8bb-a3cf-73c2-7d6014d1dd4d, NVIDIA A100-SXM4-80GB, 74589, 81920, 100, 115.37, 33
nid008352,2026/05/03 16:07:25.942, 3, GPU-689a6e7c-a622-65fb-9f4d-887ba745f660, NVIDIA A100-SXM4-80GB, 74589, 81920, 62, 112.75, 32
nid008353,2026/05/03 16:07:26.812, 0, GPU-3ad85384-e7dd-8c9b-13da-56f54bf334d9, NVIDIA A100-SXM4-80GB, 75027, 81920, 5, 115.65, 33
nid008353,2026/05/03 16:07:26.815, 1, GPU-3d65dc3f-116a-1dd4-937c-6e4481a765b5, NVIDIA A100-SXM4-80GB, 75017, 81920, 61, 131.16, 32
nid008353,2026/05/03 16:07:26.817, 2, GPU-338e4806-c72e-e37a-4798-dc47c2f2de03, NVIDIA A100-SXM4-80GB, 75017, 81920, 72, 116.83, 34
nid008353,2026/05/03 16:07:26.818, 3, GPU-fec40d98-ea80-e220-a49c-31ccab4741af, NVIDIA A100-SXM4-80GB, 75017, 81920, 65, 131.84, 32
nid008352,2026/05/03 16:07:29.766, 0, GPU-c8e590fe-c1df-fb38-7bf3-9ed4364cf576, NVIDIA A100-SXM4-80GB, 75231, 81920, 15, 109.54, 34
nid008352,2026/05/03 16:07:29.768, 1, GPU-5efb5c1d-1cd8-daca-bd51-2f30d62f6e1e, NVIDIA A100-SXM4-80GB, 74589, 81920, 12, 114.07, 31
nid008352,2026/05/03 16:07:29.770, 2, GPU-1d24ec01-d8bb-a3cf-73c2-7d6014d1dd4d, NVIDIA A100-SXM4-80GB, 74589, 81920, 0, 114.34, 33
nid008352,2026/05/03 16:07:29.771, 3, GPU-689a6e7c-a622-65fb-9f4d-887ba745f660, NVIDIA A100-SXM4-80GB, 74589, 81920, 0, 112.18, 32
nid008353,2026/05/03 16:07:30.605, 0, GPU-3ad85384-e7dd-8c9b-13da-56f54bf334d9, NVIDIA A100-SXM4-80GB, 75027, 81920, 11, 111.55, 33
nid008353,2026/05/03 16:07:30.608, 1, GPU-3d65dc3f-116a-1dd4-937c-6e4481a765b5, NVIDIA A100-SXM4-80GB, 75017, 81920, 29, 114.31, 31
nid008353,2026/05/03 16:07:30.610, 2, GPU-338e4806-c72e-e37a-4798-dc47c2f2de03, NVIDIA A100-SXM4-80GB, 75017, 81920, 1, 114.17, 34
nid008353,2026/05/03 16:07:30.613, 3, GPU-fec40d98-ea80-e220-a49c-31ccab4741af, NVIDIA A100-SXM4-80GB, 75017, 81920, 67, 111.00, 31
nid008352,2026/05/03 16:07:33.526, 0, GPU-c8e590fe-c1df-fb38-7bf3-9ed4364cf576, NVIDIA A100-SXM4-80GB, 75231, 81920, 16, 115.09, 34
nid008352,2026/05/03 16:07:33.529, 1, GPU-5efb5c1d-1cd8-daca-bd51-2f30d62f6e1e, NVIDIA A100-SXM4-80GB, 74589, 81920, 3, 127.83, 31
nid008352,2026/05/03 16:07:33.530, 2, GPU-1d24ec01-d8bb-a3cf-73c2-7d6014d1dd4d, NVIDIA A100-SXM4-80GB, 74589, 81920, 8, 126.99, 34
nid008352,2026/05/03 16:07:33.532, 3, GPU-689a6e7c-a622-65fb-9f4d-887ba745f660, NVIDIA A100-SXM4-80GB, 74589, 81920, 26, 127.14, 32
nid008353,2026/05/03 16:07:34.367, 0, GPU-3ad85384-e7dd-8c9b-13da-56f54bf334d9, NVIDIA A100-SXM4-80GB, 75027, 81920, 0, 111.55, 33
nid008353,2026/05/03 16:07:34.370, 1, GPU-3d65dc3f-116a-1dd4-937c-6e4481a765b5, NVIDIA A100-SXM4-80GB, 75017, 81920, 0, 114.17, 31
nid008353,2026/05/03 16:07:34.372, 2, GPU-338e4806-c72e-e37a-4798-dc47c2f2de03, NVIDIA A100-SXM4-80GB, 75017, 81920, 0, 114.17, 34
nid008353,2026/05/03 16:07:34.374, 3, GPU-fec40d98-ea80-e220-a49c-31ccab4741af, NVIDIA A100-SXM4-80GB, 75017, 81920, 0, 111.00, 31
nid008352,2026/05/03 16:07:37.225, 0, GPU-c8e590fe-c1df-fb38-7bf3-9ed4364cf576, NVIDIA A100-SXM4-80GB, 75231, 81920, 76, 128.32, 34
nid008352,2026/05/03 16:07:37.227, 1, GPU-5efb5c1d-1cd8-daca-bd51-2f30d62f6e1e, NVIDIA A100-SXM4-80GB, 74589, 81920, 84, 129.54, 31
nid008352,2026/05/03 16:07:37.229, 2, GPU-1d24ec01-d8bb-a3cf-73c2-7d6014d1dd4d, NVIDIA A100-SXM4-80GB, 74589, 81920, 83, 126.71, 34
nid008352,2026/05/03 16:07:37.230, 3, GPU-689a6e7c-a622-65fb-9f4d-887ba745f660, NVIDIA A100-SXM4-80GB, 74589, 81920, 51, 117.89, 32
nid008353,2026/05/03 16:07:38.075, 0, GPU-3ad85384-e7dd-8c9b-13da-56f54bf334d9, NVIDIA A100-SXM4-80GB, 75027, 81920, 0, 111.55, 34
nid008353,2026/05/03 16:07:38.078, 1, GPU-3d65dc3f-116a-1dd4-937c-6e4481a765b5, NVIDIA A100-SXM4-80GB, 75017, 81920, 40, 127.68, 32
nid008353,2026/05/03 16:07:38.079, 2, GPU-338e4806-c72e-e37a-4798-dc47c2f2de03, NVIDIA A100-SXM4-80GB, 75017, 81920, 0, 114.45, 35
nid008353,2026/05/03 16:07:38.081, 3, GPU-fec40d98-ea80-e220-a49c-31ccab4741af, NVIDIA A100-SXM4-80GB, 75017, 81920, 5, 135.79, 32
nid008352,2026/05/03 16:07:40.954, 0, GPU-c8e590fe-c1df-fb38-7bf3-9ed4364cf576, NVIDIA A100-SXM4-80GB, 75231, 81920, 24, 124.47, 34
nid008352,2026/05/03 16:07:40.957, 1, GPU-5efb5c1d-1cd8-daca-bd51-2f30d62f6e1e, NVIDIA A100-SXM4-80GB, 74589, 81920, 0, 129.17, 31
nid008352,2026/05/03 16:07:40.958, 2, GPU-1d24ec01-d8bb-a3cf-73c2-7d6014d1dd4d, NVIDIA A100-SXM4-80GB, 74589, 81920, 59, 128.17, 33
nid008352,2026/05/03 16:07:40.961, 3, GPU-689a6e7c-a622-65fb-9f4d-887ba745f660, NVIDIA A100-SXM4-80GB, 74589, 81920, 33, 119.22, 32
nid008353,2026/05/03 16:07:41.893, 0, GPU-3ad85384-e7dd-8c9b-13da-56f54bf334d9, NVIDIA A100-SXM4-80GB, 75027, 81920, 0, 111.55, 33
nid008353,2026/05/03 16:07:41.896, 1, GPU-3d65dc3f-116a-1dd4-937c-6e4481a765b5, NVIDIA A100-SXM4-80GB, 75017, 81920, 0, 114.45, 31
nid008353,2026/05/03 16:07:41.898, 2, GPU-338e4806-c72e-e37a-4798-dc47c2f2de03, NVIDIA A100-SXM4-80GB, 75017, 81920, 0, 114.45, 34
nid008353,2026/05/03 16:07:41.902, 3, GPU-fec40d98-ea80-e220-a49c-31ccab4741af, NVIDIA A100-SXM4-80GB, 75017, 81920, 0, 111.82, 31
nid008352,2026/05/03 16:07:44.772, 0, GPU-c8e590fe-c1df-fb38-7bf3-9ed4364cf576, NVIDIA A100-SXM4-80GB, 75231, 81920, 64, 109.54, 34
nid008352,2026/05/03 16:07:44.775, 1, GPU-5efb5c1d-1cd8-daca-bd51-2f30d62f6e1e, NVIDIA A100-SXM4-80GB, 74589, 81920, 67, 114.07, 31
nid008352,2026/05/03 16:07:44.776, 2, GPU-1d24ec01-d8bb-a3cf-73c2-7d6014d1dd4d, NVIDIA A100-SXM4-80GB, 74589, 81920, 57, 114.34, 33
nid008352,2026/05/03 16:07:44.778, 3, GPU-689a6e7c-a622-65fb-9f4d-887ba745f660, NVIDIA A100-SXM4-80GB, 74589, 81920, 35, 112.18, 32
nid008353,2026/05/03 16:07:45.639, 0, GPU-3ad85384-e7dd-8c9b-13da-56f54bf334d9, NVIDIA A100-SXM4-80GB, 75027, 81920, 38, 134.71, 34
nid008353,2026/05/03 16:07:45.642, 1, GPU-3d65dc3f-116a-1dd4-937c-6e4481a765b5, NVIDIA A100-SXM4-80GB, 75017, 81920, 76, 133.54, 32
nid008353,2026/05/03 16:07:45.643, 2, GPU-338e4806-c72e-e37a-4798-dc47c2f2de03, NVIDIA A100-SXM4-80GB, 75017, 81920, 56, 141.60, 34
nid008353,2026/05/03 16:07:45.645, 3, GPU-fec40d98-ea80-e220-a49c-31ccab4741af, NVIDIA A100-SXM4-80GB, 75017, 81920, 14, 111.82, 32
nid008352,2026/05/03 16:07:48.484, 0, GPU-c8e590fe-c1df-fb38-7bf3-9ed4364cf576, NVIDIA A100-SXM4-80GB, 75231, 81920, 86, 110.48, 34
nid008352,2026/05/03 16:07:48.487, 1, GPU-5efb5c1d-1cd8-daca-bd51-2f30d62f6e1e, NVIDIA A100-SXM4-80GB, 74589, 81920, 31, 114.31, 31
nid008352,2026/05/03 16:07:48.489, 2, GPU-1d24ec01-d8bb-a3cf-73c2-7d6014d1dd4d, NVIDIA A100-SXM4-80GB, 74589, 81920, 98, 115.62, 33
nid008352,2026/05/03 16:07:48.491, 3, GPU-689a6e7c-a622-65fb-9f4d-887ba745f660, NVIDIA A100-SXM4-80GB, 74589, 81920, 77, 113.80, 32
nid008353,2026/05/03 16:07:49.344, 0, GPU-3ad85384-e7dd-8c9b-13da-56f54bf334d9, NVIDIA A100-SXM4-80GB, 75027, 81920, 0, 120.93, 34
nid008353,2026/05/03 16:07:49.347, 1, GPU-3d65dc3f-116a-1dd4-937c-6e4481a765b5, NVIDIA A100-SXM4-80GB, 75017, 81920, 72, 132.73, 31
nid008353,2026/05/03 16:07:49.348, 2, GPU-338e4806-c72e-e37a-4798-dc47c2f2de03, NVIDIA A100-SXM4-80GB, 75017, 81920, 0, 135.92, 34
nid008353,2026/05/03 16:07:49.350, 3, GPU-fec40d98-ea80-e220-a49c-31ccab4741af, NVIDIA A100-SXM4-80GB, 75017, 81920, 3, 119.35, 32
nid008352,2026/05/03 16:07:52.222, 0, GPU-c8e590fe-c1df-fb38-7bf3-9ed4364cf576, NVIDIA A100-SXM4-80GB, 75231, 81920, 0, 113.63, 34
nid008352,2026/05/03 16:07:52.225, 1, GPU-5efb5c1d-1cd8-daca-bd51-2f30d62f6e1e, NVIDIA A100-SXM4-80GB, 74589, 81920, 14, 113.93, 31
nid008352,2026/05/03 16:07:52.226, 2, GPU-1d24ec01-d8bb-a3cf-73c2-7d6014d1dd4d, NVIDIA A100-SXM4-80GB, 74589, 81920, 5, 114.20, 33
nid008352,2026/05/03 16:07:52.228, 3, GPU-689a6e7c-a622-65fb-9f4d-887ba745f660, NVIDIA A100-SXM4-80GB, 74589, 81920, 0, 112.33, 31
nid008353,2026/05/03 16:07:53.055, 0, GPU-3ad85384-e7dd-8c9b-13da-56f54bf334d9, NVIDIA A100-SXM4-80GB, 75027, 81920, 51, 111.42, 33
nid008353,2026/05/03 16:07:53.057, 1, GPU-3d65dc3f-116a-1dd4-937c-6e4481a765b5, NVIDIA A100-SXM4-80GB, 75017, 81920, 1, 114.17, 31
nid008353,2026/05/03 16:07:53.059, 2, GPU-338e4806-c72e-e37a-4798-dc47c2f2de03, NVIDIA A100-SXM4-80GB, 75017, 81920, 42, 114.32, 34
nid008353,2026/05/03 16:07:53.061, 3, GPU-fec40d98-ea80-e220-a49c-31ccab4741af, NVIDIA A100-SXM4-80GB, 75017, 81920, 79, 111.03, 31
nid008352,2026/05/03 16:07:55.912, 0, GPU-c8e590fe-c1df-fb38-7bf3-9ed4364cf576, NVIDIA A100-SXM4-80GB, 75231, 81920, 69, 112.72, 34
nid008352,2026/05/03 16:07:55.920, 1, GPU-5efb5c1d-1cd8-daca-bd51-2f30d62f6e1e, NVIDIA A100-SXM4-80GB, 74589, 81920, 69, 123.45, 31
nid008352,2026/05/03 16:07:55.921, 2, GPU-1d24ec01-d8bb-a3cf-73c2-7d6014d1dd4d, NVIDIA A100-SXM4-80GB, 74589, 81920, 58, 123.15, 34
nid008352,2026/05/03 16:07:55.923, 3, GPU-689a6e7c-a622-65fb-9f4d-887ba745f660, NVIDIA A100-SXM4-80GB, 74589, 81920, 37, 122.63, 32
nid008353,2026/05/03 16:07:56.765, 0, GPU-3ad85384-e7dd-8c9b-13da-56f54bf334d9, NVIDIA A100-SXM4-80GB, 75027, 81920, 0, 111.53, 33
nid008353,2026/05/03 16:07:56.768, 1, GPU-3d65dc3f-116a-1dd4-937c-6e4481a765b5, NVIDIA A100-SXM4-80GB, 75017, 81920, 0, 114.32, 31
nid008353,2026/05/03 16:07:56.770, 2, GPU-338e4806-c72e-e37a-4798-dc47c2f2de03, NVIDIA A100-SXM4-80GB, 75017, 81920, 0, 114.32, 34
nid008353,2026/05/03 16:07:56.772, 3, GPU-fec40d98-ea80-e220-a49c-31ccab4741af, NVIDIA A100-SXM4-80GB, 75017, 81920, 0, 111.03, 31
nid008352,2026/05/03 16:07:59.630, 0, GPU-c8e590fe-c1df-fb38-7bf3-9ed4364cf576, NVIDIA A100-SXM4-80GB, 75231, 81920, 14, 109.54, 33
nid008352,2026/05/03 16:07:59.632, 1, GPU-5efb5c1d-1cd8-daca-bd51-2f30d62f6e1e, NVIDIA A100-SXM4-80GB, 74589, 81920, 39, 114.07, 31
nid008352,2026/05/03 16:07:59.634, 2, GPU-1d24ec01-d8bb-a3cf-73c2-7d6014d1dd4d, NVIDIA A100-SXM4-80GB, 74589, 81920, 38, 114.34, 33
nid008352,2026/05/03 16:07:59.636, 3, GPU-689a6e7c-a622-65fb-9f4d-887ba745f660, NVIDIA A100-SXM4-80GB, 74589, 81920, 21, 112.33, 32
nid008353,2026/05/03 16:08:00.525, 0, GPU-3ad85384-e7dd-8c9b-13da-56f54bf334d9, NVIDIA A100-SXM4-80GB, 75027, 81920, 49, 111.66, 33
nid008353,2026/05/03 16:08:00.528, 1, GPU-3d65dc3f-116a-1dd4-937c-6e4481a765b5, NVIDIA A100-SXM4-80GB, 75017, 81920, 96, 114.04, 31
nid008353,2026/05/03 16:08:00.529, 2, GPU-338e4806-c72e-e37a-4798-dc47c2f2de03, NVIDIA A100-SXM4-80GB, 75017, 81920, 44, 114.61, 34
nid008353,2026/05/03 16:08:00.531, 3, GPU-fec40d98-ea80-e220-a49c-31ccab4741af, NVIDIA A100-SXM4-80GB, 75017, 81920, 2, 111.29, 31
nid008352,2026/05/03 16:08:03.398, 0, GPU-c8e590fe-c1df-fb38-7bf3-9ed4364cf576, NVIDIA A100-SXM4-80GB, 75231, 81920, 32, 114.96, 34
nid008352,2026/05/03 16:08:03.401, 1, GPU-5efb5c1d-1cd8-daca-bd51-2f30d62f6e1e, NVIDIA A100-SXM4-80GB, 74589, 81920, 65, 113.93, 31
nid008352,2026/05/03 16:08:03.403, 2, GPU-1d24ec01-d8bb-a3cf-73c2-7d6014d1dd4d, NVIDIA A100-SXM4-80GB, 74589, 81920, 77, 114.20, 33
nid008352,2026/05/03 16:08:03.404, 3, GPU-689a6e7c-a622-65fb-9f4d-887ba745f660, NVIDIA A100-SXM4-80GB, 74589, 81920, 55, 112.20, 32
nid008353,2026/05/03 16:08:04.248, 0, GPU-3ad85384-e7dd-8c9b-13da-56f54bf334d9, NVIDIA A100-SXM4-80GB, 75027, 81920, 83, 134.55, 33
nid008353,2026/05/03 16:08:04.250, 1, GPU-3d65dc3f-116a-1dd4-937c-6e4481a765b5, NVIDIA A100-SXM4-80GB, 75017, 81920, 18, 140.51, 32
nid008353,2026/05/03 16:08:04.252, 2, GPU-338e4806-c72e-e37a-4798-dc47c2f2de03, NVIDIA A100-SXM4-80GB, 75017, 81920, 53, 128.11, 34
nid008353,2026/05/03 16:08:04.253, 3, GPU-fec40d98-ea80-e220-a49c-31ccab4741af, NVIDIA A100-SXM4-80GB, 75017, 81920, 46, 112.07, 32
nid008352,2026/05/03 16:08:07.185, 0, GPU-c8e590fe-c1df-fb38-7bf3-9ed4364cf576, NVIDIA A100-SXM4-80GB, 75231, 81920, 0, 109.41, 33
nid008352,2026/05/03 16:08:07.188, 1, GPU-5efb5c1d-1cd8-daca-bd51-2f30d62f6e1e, NVIDIA A100-SXM4-80GB, 74589, 81920, 0, 113.65, 31
nid008352,2026/05/03 16:08:07.190, 2, GPU-1d24ec01-d8bb-a3cf-73c2-7d6014d1dd4d, NVIDIA A100-SXM4-80GB, 74589, 81920, 0, 114.05, 33
nid008352,2026/05/03 16:08:07.191, 3, GPU-689a6e7c-a622-65fb-9f4d-887ba745f660, NVIDIA A100-SXM4-80GB, 74589, 81920, 0, 112.20, 31
nid008353,2026/05/03 16:08:08.044, 0, GPU-3ad85384-e7dd-8c9b-13da-56f54bf334d9, NVIDIA A100-SXM4-80GB, 75027, 81920, 0, 111.42, 33
nid008353,2026/05/03 16:08:08.046, 1, GPU-3d65dc3f-116a-1dd4-937c-6e4481a765b5, NVIDIA A100-SXM4-80GB, 75017, 81920, 0, 114.04, 31
nid008353,2026/05/03 16:08:08.048, 2, GPU-338e4806-c72e-e37a-4798-dc47c2f2de03, NVIDIA A100-SXM4-80GB, 75017, 81920, 0, 114.04, 34
nid008353,2026/05/03 16:08:08.050, 3, GPU-fec40d98-ea80-e220-a49c-31ccab4741af, NVIDIA A100-SXM4-80GB, 75017, 81920, 0, 111.03, 31
nid008352,2026/05/03 16:08:10.936, 0, GPU-c8e590fe-c1df-fb38-7bf3-9ed4364cf576, NVIDIA A100-SXM4-80GB, 75231, 81920, 72, 109.70, 34
nid008352,2026/05/03 16:08:10.939, 1, GPU-5efb5c1d-1cd8-daca-bd51-2f30d62f6e1e, NVIDIA A100-SXM4-80GB, 74589, 81920, 51, 114.07, 31
nid008352,2026/05/03 16:08:10.940, 2, GPU-1d24ec01-d8bb-a3cf-73c2-7d6014d1dd4d, NVIDIA A100-SXM4-80GB, 74589, 81920, 100, 124.47, 34
nid008352,2026/05/03 16:08:10.942, 3, GPU-689a6e7c-a622-65fb-9f4d-887ba745f660, NVIDIA A100-SXM4-80GB, 74589, 81920, 100, 116.56, 32
nid008353,2026/05/03 16:08:11.786, 0, GPU-3ad85384-e7dd-8c9b-13da-56f54bf334d9, NVIDIA A100-SXM4-80GB, 75027, 81920, 30, 114.85, 34
nid008353,2026/05/03 16:08:11.789, 1, GPU-3d65dc3f-116a-1dd4-937c-6e4481a765b5, NVIDIA A100-SXM4-80GB, 75017, 81920, 74, 114.32, 31
nid008353,2026/05/03 16:08:11.790, 2, GPU-338e4806-c72e-e37a-4798-dc47c2f2de03, NVIDIA A100-SXM4-80GB, 75017, 81920, 88, 116.18, 35
nid008353,2026/05/03 16:08:11.792, 3, GPU-fec40d98-ea80-e220-a49c-31ccab4741af, NVIDIA A100-SXM4-80GB, 75017, 81920, 60, 130.64, 32
nid008352,2026/05/03 16:08:14.674, 0, GPU-c8e590fe-c1df-fb38-7bf3-9ed4364cf576, NVIDIA A100-SXM4-80GB, 75231, 81920, 0, 125.00, 34
nid008352,2026/05/03 16:08:14.676, 1, GPU-5efb5c1d-1cd8-daca-bd51-2f30d62f6e1e, NVIDIA A100-SXM4-80GB, 74589, 81920, 45, 113.93, 31
nid008352,2026/05/03 16:08:14.678, 2, GPU-1d24ec01-d8bb-a3cf-73c2-7d6014d1dd4d, NVIDIA A100-SXM4-80GB, 74589, 81920, 0, 124.04, 34
nid008352,2026/05/03 16:08:14.679, 3, GPU-689a6e7c-a622-65fb-9f4d-887ba745f660, NVIDIA A100-SXM4-80GB, 74589, 81920, 0, 117.46, 32
nid008353,2026/05/03 16:08:15.505, 0, GPU-3ad85384-e7dd-8c9b-13da-56f54bf334d9, NVIDIA A100-SXM4-80GB, 75027, 81920, 0, 111.53, 33
nid008353,2026/05/03 16:08:15.508, 1, GPU-3d65dc3f-116a-1dd4-937c-6e4481a765b5, NVIDIA A100-SXM4-80GB, 75017, 81920, 4, 114.32, 31
nid008353,2026/05/03 16:08:15.510, 2, GPU-338e4806-c72e-e37a-4798-dc47c2f2de03, NVIDIA A100-SXM4-80GB, 75017, 81920, 0, 114.18, 34
nid008353,2026/05/03 16:08:15.514, 3, GPU-fec40d98-ea80-e220-a49c-31ccab4741af, NVIDIA A100-SXM4-80GB, 75017, 81920, 0, 111.03, 31
nid008352,2026/05/03 16:08:18.409, 0, GPU-c8e590fe-c1df-fb38-7bf3-9ed4364cf576, NVIDIA A100-SXM4-80GB, 75231, 81920, 81, 109.70, 34
nid008352,2026/05/03 16:08:18.412, 1, GPU-5efb5c1d-1cd8-daca-bd51-2f30d62f6e1e, NVIDIA A100-SXM4-80GB, 74589, 81920, 19, 115.36, 31
nid008352,2026/05/03 16:08:18.414, 2, GPU-1d24ec01-d8bb-a3cf-73c2-7d6014d1dd4d, NVIDIA A100-SXM4-80GB, 74589, 81920, 37, 119.17, 33
nid008352,2026/05/03 16:08:18.416, 3, GPU-689a6e7c-a622-65fb-9f4d-887ba745f660, NVIDIA A100-SXM4-80GB, 74589, 81920, 0, 114.86, 31
nid008353,2026/05/03 16:08:19.269, 0, GPU-3ad85384-e7dd-8c9b-13da-56f54bf334d9, NVIDIA A100-SXM4-80GB, 75027, 81920, 0, 111.42, 33
nid008353,2026/05/03 16:08:19.272, 1, GPU-3d65dc3f-116a-1dd4-937c-6e4481a765b5, NVIDIA A100-SXM4-80GB, 75017, 81920, 0, 114.17, 31
nid008353,2026/05/03 16:08:19.273, 2, GPU-338e4806-c72e-e37a-4798-dc47c2f2de03, NVIDIA A100-SXM4-80GB, 75017, 81920, 30, 114.32, 34
nid008353,2026/05/03 16:08:19.275, 3, GPU-fec40d98-ea80-e220-a49c-31ccab4741af, NVIDIA A100-SXM4-80GB, 75017, 81920, 0, 110.87, 31
nid008352,2026/05/03 16:08:22.137, 0, GPU-c8e590fe-c1df-fb38-7bf3-9ed4364cf576, NVIDIA A100-SXM4-80GB, 75231, 81920, 43, 128.26, 34
nid008352,2026/05/03 16:08:22.141, 1, GPU-5efb5c1d-1cd8-daca-bd51-2f30d62f6e1e, NVIDIA A100-SXM4-80GB, 74589, 81920, 42, 121.36, 31
nid008352,2026/05/03 16:08:22.147, 2, GPU-1d24ec01-d8bb-a3cf-73c2-7d6014d1dd4d, NVIDIA A100-SXM4-80GB, 74589, 81920, 64, 124.33, 33
nid008352,2026/05/03 16:08:22.152, 3, GPU-689a6e7c-a622-65fb-9f4d-887ba745f660, NVIDIA A100-SXM4-80GB, 74589, 81920, 6, 118.93, 32
nid008353,2026/05/03 16:08:23.000, 0, GPU-3ad85384-e7dd-8c9b-13da-56f54bf334d9, NVIDIA A100-SXM4-80GB, 75027, 81920, 0, 125.01, 34
nid008353,2026/05/03 16:08:23.010, 1, GPU-3d65dc3f-116a-1dd4-937c-6e4481a765b5, NVIDIA A100-SXM4-80GB, 75017, 81920, 34, 114.17, 31
nid008353,2026/05/03 16:08:23.011, 2, GPU-338e4806-c72e-e37a-4798-dc47c2f2de03, NVIDIA A100-SXM4-80GB, 75017, 81920, 0, 135.24, 34
nid008353,2026/05/03 16:08:23.017, 3, GPU-fec40d98-ea80-e220-a49c-31ccab4741af, NVIDIA A100-SXM4-80GB, 75017, 81920, 0, 135.11, 32
nid008352,2026/05/03 16:08:25.921, 0, GPU-c8e590fe-c1df-fb38-7bf3-9ed4364cf576, NVIDIA A100-SXM4-80GB, 75231, 81920, 72, 109.70, 33
nid008352,2026/05/03 16:08:25.927, 1, GPU-5efb5c1d-1cd8-daca-bd51-2f30d62f6e1e, NVIDIA A100-SXM4-80GB, 74589, 81920, 75, 113.93, 31
nid008352,2026/05/03 16:08:25.929, 2, GPU-1d24ec01-d8bb-a3cf-73c2-7d6014d1dd4d, NVIDIA A100-SXM4-80GB, 74589, 81920, 25, 114.20, 33
nid008352,2026/05/03 16:08:25.930, 3, GPU-689a6e7c-a622-65fb-9f4d-887ba745f660, NVIDIA A100-SXM4-80GB, 74589, 81920, 100, 112.20, 31
nid008353,2026/05/03 16:08:26.847, 0, GPU-3ad85384-e7dd-8c9b-13da-56f54bf334d9, NVIDIA A100-SXM4-80GB, 75027, 81920, 49, 111.42, 33
nid008353,2026/05/03 16:08:26.849, 1, GPU-3d65dc3f-116a-1dd4-937c-6e4481a765b5, NVIDIA A100-SXM4-80GB, 75017, 81920, 0, 114.04, 31
nid008353,2026/05/03 16:08:26.851, 2, GPU-338e4806-c72e-e37a-4798-dc47c2f2de03, NVIDIA A100-SXM4-80GB, 75017, 81920, 2, 114.32, 34
nid008353,2026/05/03 16:08:26.852, 3, GPU-fec40d98-ea80-e220-a49c-31ccab4741af, NVIDIA A100-SXM4-80GB, 75017, 81920, 86, 111.16, 31
nid008352,2026/05/03 16:08:29.725, 0, GPU-c8e590fe-c1df-fb38-7bf3-9ed4364cf576, NVIDIA A100-SXM4-80GB, 75231, 81920, 67, 127.89, 34
nid008352,2026/05/03 16:08:29.729, 1, GPU-5efb5c1d-1cd8-daca-bd51-2f30d62f6e1e, NVIDIA A100-SXM4-80GB, 74589, 81920, 73, 126.79, 31
nid008352,2026/05/03 16:08:29.731, 2, GPU-1d24ec01-d8bb-a3cf-73c2-7d6014d1dd4d, NVIDIA A100-SXM4-80GB, 74589, 81920, 30, 123.39, 33
nid008352,2026/05/03 16:08:29.732, 3, GPU-689a6e7c-a622-65fb-9f4d-887ba745f660, NVIDIA A100-SXM4-80GB, 74589, 81920, 59, 127.67, 32
nid008353,2026/05/03 16:08:30.571, 0, GPU-3ad85384-e7dd-8c9b-13da-56f54bf334d9, NVIDIA A100-SXM4-80GB, 75027, 81920, 0, 111.42, 33
nid008353,2026/05/03 16:08:30.574, 1, GPU-3d65dc3f-116a-1dd4-937c-6e4481a765b5, NVIDIA A100-SXM4-80GB, 75017, 81920, 0, 114.32, 31
nid008353,2026/05/03 16:08:30.575, 2, GPU-338e4806-c72e-e37a-4798-dc47c2f2de03, NVIDIA A100-SXM4-80GB, 75017, 81920, 0, 114.17, 34
nid008353,2026/05/03 16:08:30.577, 3, GPU-fec40d98-ea80-e220-a49c-31ccab4741af, NVIDIA A100-SXM4-80GB, 75017, 81920, 0, 111.16, 31
nid008352,2026/05/03 16:08:33.500, 0, GPU-c8e590fe-c1df-fb38-7bf3-9ed4364cf576, NVIDIA A100-SXM4-80GB, 75231, 81920, 72, 110.63, 33
nid008352,2026/05/03 16:08:33.503, 1, GPU-5efb5c1d-1cd8-daca-bd51-2f30d62f6e1e, NVIDIA A100-SXM4-80GB, 74589, 81920, 45, 113.93, 31
nid008352,2026/05/03 16:08:33.505, 2, GPU-1d24ec01-d8bb-a3cf-73c2-7d6014d1dd4d, NVIDIA A100-SXM4-80GB, 74589, 81920, 55, 114.72, 33
nid008352,2026/05/03 16:08:33.506, 3, GPU-689a6e7c-a622-65fb-9f4d-887ba745f660, NVIDIA A100-SXM4-80GB, 74589, 81920, 77, 112.33, 31
nid008353,2026/05/03 16:08:34.342, 0, GPU-3ad85384-e7dd-8c9b-13da-56f54bf334d9, NVIDIA A100-SXM4-80GB, 75027, 81920, 69, 111.29, 33
nid008353,2026/05/03 16:08:34.345, 1, GPU-3d65dc3f-116a-1dd4-937c-6e4481a765b5, NVIDIA A100-SXM4-80GB, 75017, 81920, 4, 114.32, 31
nid008353,2026/05/03 16:08:34.346, 2, GPU-338e4806-c72e-e37a-4798-dc47c2f2de03, NVIDIA A100-SXM4-80GB, 75017, 81920, 78, 114.32, 34
nid008353,2026/05/03 16:08:34.348, 3, GPU-fec40d98-ea80-e220-a49c-31ccab4741af, NVIDIA A100-SXM4-80GB, 75017, 81920, 80, 111.03, 31
nid008352,2026/05/03 16:08:37.239, 0, GPU-c8e590fe-c1df-fb38-7bf3-9ed4364cf576, NVIDIA A100-SXM4-80GB, 75231, 81920, 33, 111.26, 34
nid008352,2026/05/03 16:08:37.242, 1, GPU-5efb5c1d-1cd8-daca-bd51-2f30d62f6e1e, NVIDIA A100-SXM4-80GB, 74589, 81920, 31, 128.49, 31
nid008352,2026/05/03 16:08:37.243, 2, GPU-1d24ec01-d8bb-a3cf-73c2-7d6014d1dd4d, NVIDIA A100-SXM4-80GB, 74589, 81920, 33, 129.74, 33
nid008352,2026/05/03 16:08:37.245, 3, GPU-689a6e7c-a622-65fb-9f4d-887ba745f660, NVIDIA A100-SXM4-80GB, 74589, 81920, 89, 133.06, 32
nid008353,2026/05/03 16:08:38.063, 0, GPU-3ad85384-e7dd-8c9b-13da-56f54bf334d9, NVIDIA A100-SXM4-80GB, 75027, 81920, 0, 133.75, 34
nid008353,2026/05/03 16:08:38.066, 1, GPU-3d65dc3f-116a-1dd4-937c-6e4481a765b5, NVIDIA A100-SXM4-80GB, 75017, 81920, 0, 137.09, 31
nid008353,2026/05/03 16:08:38.068, 2, GPU-338e4806-c72e-e37a-4798-dc47c2f2de03, NVIDIA A100-SXM4-80GB, 75017, 81920, 5, 141.96, 34
nid008353,2026/05/03 16:08:38.069, 3, GPU-fec40d98-ea80-e220-a49c-31ccab4741af, NVIDIA A100-SXM4-80GB, 75017, 81920, 0, 121.21, 32
nid008352,2026/05/03 16:08:40.946, 0, GPU-c8e590fe-c1df-fb38-7bf3-9ed4364cf576, NVIDIA A100-SXM4-80GB, 75231, 81920, 3, 126.69, 33
nid008352,2026/05/03 16:08:40.949, 1, GPU-5efb5c1d-1cd8-daca-bd51-2f30d62f6e1e, NVIDIA A100-SXM4-80GB, 74589, 81920, 90, 115.79, 31
nid008352,2026/05/03 16:08:40.951, 2, GPU-1d24ec01-d8bb-a3cf-73c2-7d6014d1dd4d, NVIDIA A100-SXM4-80GB, 74589, 81920, 27, 123.15, 33
nid008352,2026/05/03 16:08:40.952, 3, GPU-689a6e7c-a622-65fb-9f4d-887ba745f660, NVIDIA A100-SXM4-80GB, 74589, 81920, 47, 114.86, 32
nid008353,2026/05/03 16:08:41.781, 0, GPU-3ad85384-e7dd-8c9b-13da-56f54bf334d9, NVIDIA A100-SXM4-80GB, 75027, 81920, 0, 111.42, 33
nid008353,2026/05/03 16:08:41.784, 1, GPU-3d65dc3f-116a-1dd4-937c-6e4481a765b5, NVIDIA A100-SXM4-80GB, 75017, 81920, 40, 114.04, 31
nid008353,2026/05/03 16:08:41.789, 2, GPU-338e4806-c72e-e37a-4798-dc47c2f2de03, NVIDIA A100-SXM4-80GB, 75017, 81920, 0, 114.32, 34
nid008353,2026/05/03 16:08:41.790, 3, GPU-fec40d98-ea80-e220-a49c-31ccab4741af, NVIDIA A100-SXM4-80GB, 75017, 81920, 0, 110.87, 31
nid008352,2026/05/03 16:08:44.703, 0, GPU-c8e590fe-c1df-fb38-7bf3-9ed4364cf576, NVIDIA A100-SXM4-80GB, 75231, 81920, 67, 128.93, 33
nid008352,2026/05/03 16:08:44.705, 1, GPU-5efb5c1d-1cd8-daca-bd51-2f30d62f6e1e, NVIDIA A100-SXM4-80GB, 74589, 81920, 28, 113.93, 31
nid008352,2026/05/03 16:08:44.707, 2, GPU-1d24ec01-d8bb-a3cf-73c2-7d6014d1dd4d, NVIDIA A100-SXM4-80GB, 74589, 81920, 66, 114.44, 33
nid008352,2026/05/03 16:08:44.708, 3, GPU-689a6e7c-a622-65fb-9f4d-887ba745f660, NVIDIA A100-SXM4-80GB, 74589, 81920, 90, 112.20, 31
nid008353,2026/05/03 16:08:45.579, 0, GPU-3ad85384-e7dd-8c9b-13da-56f54bf334d9, NVIDIA A100-SXM4-80GB, 75027, 81920, 35, 129.52, 33
nid008353,2026/05/03 16:08:45.582, 1, GPU-3d65dc3f-116a-1dd4-937c-6e4481a765b5, NVIDIA A100-SXM4-80GB, 75017, 81920, 0, 114.74, 31
nid008353,2026/05/03 16:08:45.589, 2, GPU-338e4806-c72e-e37a-4798-dc47c2f2de03, NVIDIA A100-SXM4-80GB, 75017, 81920, 38, 120.26, 34
nid008353,2026/05/03 16:08:45.590, 3, GPU-fec40d98-ea80-e220-a49c-31ccab4741af, NVIDIA A100-SXM4-80GB, 75017, 81920, 96, 114.31, 32
nid008352,2026/05/03 16:08:48.449, 0, GPU-c8e590fe-c1df-fb38-7bf3-9ed4364cf576, NVIDIA A100-SXM4-80GB, 75231, 81920, 45, 111.03, 33
nid008352,2026/05/03 16:08:48.452, 1, GPU-5efb5c1d-1cd8-daca-bd51-2f30d62f6e1e, NVIDIA A100-SXM4-80GB, 74589, 81920, 24, 116.31, 31
nid008352,2026/05/03 16:08:48.453, 2, GPU-1d24ec01-d8bb-a3cf-73c2-7d6014d1dd4d, NVIDIA A100-SXM4-80GB, 74589, 81920, 0, 130.78, 33
nid008352,2026/05/03 16:08:48.455, 3, GPU-689a6e7c-a622-65fb-9f4d-887ba745f660, NVIDIA A100-SXM4-80GB, 74589, 81920, 0, 112.20, 32
nid008353,2026/05/03 16:08:49.379, 0, GPU-3ad85384-e7dd-8c9b-13da-56f54bf334d9, NVIDIA A100-SXM4-80GB, 75027, 81920, 15, 111.42, 33
nid008353,2026/05/03 16:08:49.382, 1, GPU-3d65dc3f-116a-1dd4-937c-6e4481a765b5, NVIDIA A100-SXM4-80GB, 75017, 81920, 65, 114.32, 31
nid008353,2026/05/03 16:08:49.383, 2, GPU-338e4806-c72e-e37a-4798-dc47c2f2de03, NVIDIA A100-SXM4-80GB, 75017, 81920, 3, 114.17, 34
nid008353,2026/05/03 16:08:49.385, 3, GPU-fec40d98-ea80-e220-a49c-31ccab4741af, NVIDIA A100-SXM4-80GB, 75017, 81920, 0, 111.16, 31
nid008352,2026/05/03 16:08:52.236, 0, GPU-c8e590fe-c1df-fb38-7bf3-9ed4364cf576, NVIDIA A100-SXM4-80GB, 75231, 81920, 1, 109.54, 33
nid008352,2026/05/03 16:08:52.239, 1, GPU-5efb5c1d-1cd8-daca-bd51-2f30d62f6e1e, NVIDIA A100-SXM4-80GB, 74589, 81920, 70, 119.12, 31
nid008352,2026/05/03 16:08:52.240, 2, GPU-1d24ec01-d8bb-a3cf-73c2-7d6014d1dd4d, NVIDIA A100-SXM4-80GB, 74589, 81920, 74, 114.34, 33
nid008352,2026/05/03 16:08:52.242, 3, GPU-689a6e7c-a622-65fb-9f4d-887ba745f660, NVIDIA A100-SXM4-80GB, 74589, 81920, 70, 120.93, 32
nid008353,2026/05/03 16:08:53.054, 0, GPU-3ad85384-e7dd-8c9b-13da-56f54bf334d9, NVIDIA A100-SXM4-80GB, 75027, 81920, 4, 112.47, 33
nid008353,2026/05/03 16:08:53.056, 1, GPU-3d65dc3f-116a-1dd4-937c-6e4481a765b5, NVIDIA A100-SXM4-80GB, 75017, 81920, 71, 123.16, 31
nid008353,2026/05/03 16:08:53.058, 2, GPU-338e4806-c72e-e37a-4798-dc47c2f2de03, NVIDIA A100-SXM4-80GB, 75017, 81920, 67, 114.61, 34
nid008353,2026/05/03 16:08:53.059, 3, GPU-fec40d98-ea80-e220-a49c-31ccab4741af, NVIDIA A100-SXM4-80GB, 75017, 81920, 91, 126.93, 31
nid008352,2026/05/03 16:08:55.924, 0, GPU-c8e590fe-c1df-fb38-7bf3-9ed4364cf576, NVIDIA A100-SXM4-80GB, 75231, 81920, 68, 110.50, 33
nid008352,2026/05/03 16:08:55.927, 1, GPU-5efb5c1d-1cd8-daca-bd51-2f30d62f6e1e, NVIDIA A100-SXM4-80GB, 74589, 81920, 66, 113.93, 31
nid008352,2026/05/03 16:08:55.928, 2, GPU-1d24ec01-d8bb-a3cf-73c2-7d6014d1dd4d, NVIDIA A100-SXM4-80GB, 74589, 81920, 65, 114.20, 33
nid008352,2026/05/03 16:08:55.930, 3, GPU-689a6e7c-a622-65fb-9f4d-887ba745f660, NVIDIA A100-SXM4-80GB, 74589, 81920, 74, 112.33, 31
nid008353,2026/05/03 16:08:56.743, 0, GPU-3ad85384-e7dd-8c9b-13da-56f54bf334d9, NVIDIA A100-SXM4-80GB, 75027, 81920, 97, 111.42, 33
nid008353,2026/05/03 16:08:56.746, 1, GPU-3d65dc3f-116a-1dd4-937c-6e4481a765b5, NVIDIA A100-SXM4-80GB, 75017, 81920, 8, 114.32, 31
nid008353,2026/05/03 16:08:56.748, 2, GPU-338e4806-c72e-e37a-4798-dc47c2f2de03, NVIDIA A100-SXM4-80GB, 75017, 81920, 86, 114.04, 34
nid008353,2026/05/03 16:08:56.749, 3, GPU-fec40d98-ea80-e220-a49c-31ccab4741af, NVIDIA A100-SXM4-80GB, 75017, 81920, 15, 111.55, 31
nid008352,2026/05/03 16:08:59.613, 0, GPU-c8e590fe-c1df-fb38-7bf3-9ed4364cf576, NVIDIA A100-SXM4-80GB, 75231, 81920, 82, 110.50, 33
nid008352,2026/05/03 16:08:59.615, 1, GPU-5efb5c1d-1cd8-daca-bd51-2f30d62f6e1e, NVIDIA A100-SXM4-80GB, 74589, 81920, 46, 114.59, 31
nid008352,2026/05/03 16:08:59.617, 2, GPU-1d24ec01-d8bb-a3cf-73c2-7d6014d1dd4d, NVIDIA A100-SXM4-80GB, 74589, 81920, 49, 118.51, 33
nid008352,2026/05/03 16:08:59.619, 3, GPU-689a6e7c-a622-65fb-9f4d-887ba745f660, NVIDIA A100-SXM4-80GB, 74589, 81920, 4, 113.38, 32
nid008353,2026/05/03 16:09:00.476, 0, GPU-3ad85384-e7dd-8c9b-13da-56f54bf334d9, NVIDIA A100-SXM4-80GB, 75027, 81920, 0, 111.29, 33
nid008353,2026/05/03 16:09:00.479, 1, GPU-3d65dc3f-116a-1dd4-937c-6e4481a765b5, NVIDIA A100-SXM4-80GB, 75017, 81920, 0, 114.04, 31
nid008353,2026/05/03 16:09:00.480, 2, GPU-338e4806-c72e-e37a-4798-dc47c2f2de03, NVIDIA A100-SXM4-80GB, 75017, 81920, 0, 114.32, 34
nid008353,2026/05/03 16:09:00.482, 3, GPU-fec40d98-ea80-e220-a49c-31ccab4741af, NVIDIA A100-SXM4-80GB, 75017, 81920, 0, 111.03, 31
nid008352,2026/05/03 16:09:03.372, 0, GPU-c8e590fe-c1df-fb38-7bf3-9ed4364cf576, NVIDIA A100-SXM4-80GB, 75231, 81920, 0, 123.53, 34
nid008352,2026/05/03 16:09:03.374, 1, GPU-5efb5c1d-1cd8-daca-bd51-2f30d62f6e1e, NVIDIA A100-SXM4-80GB, 74589, 81920, 6, 120.83, 31
nid008352,2026/05/03 16:09:03.376, 2, GPU-1d24ec01-d8bb-a3cf-73c2-7d6014d1dd4d, NVIDIA A100-SXM4-80GB, 74589, 81920, 0, 114.96, 33
nid008352,2026/05/03 16:09:03.377, 3, GPU-689a6e7c-a622-65fb-9f4d-887ba745f660, NVIDIA A100-SXM4-80GB, 74589, 81920, 20, 119.32, 32
nid008353,2026/05/03 16:09:04.300, 0, GPU-3ad85384-e7dd-8c9b-13da-56f54bf334d9, NVIDIA A100-SXM4-80GB, 75027, 81920, 0, 111.42, 33
nid008353,2026/05/03 16:09:04.303, 1, GPU-3d65dc3f-116a-1dd4-937c-6e4481a765b5, NVIDIA A100-SXM4-80GB, 75017, 81920, 0, 114.32, 31
nid008353,2026/05/03 16:09:04.305, 2, GPU-338e4806-c72e-e37a-4798-dc47c2f2de03, NVIDIA A100-SXM4-80GB, 75017, 81920, 0, 114.32, 34
nid008353,2026/05/03 16:09:04.306, 3, GPU-fec40d98-ea80-e220-a49c-31ccab4741af, NVIDIA A100-SXM4-80GB, 75017, 81920, 0, 111.16, 31
nid008352,2026/05/03 16:09:07.181, 0, GPU-c8e590fe-c1df-fb38-7bf3-9ed4364cf576, NVIDIA A100-SXM4-80GB, 75231, 81920, 0, 113.91, 33
nid008352,2026/05/03 16:09:07.184, 1, GPU-5efb5c1d-1cd8-daca-bd51-2f30d62f6e1e, NVIDIA A100-SXM4-80GB, 74589, 81920, 37, 133.62, 31
nid008352,2026/05/03 16:09:07.186, 2, GPU-1d24ec01-d8bb-a3cf-73c2-7d6014d1dd4d, NVIDIA A100-SXM4-80GB, 74589, 81920, 88, 121.31, 33
nid008352,2026/05/03 16:09:07.187, 3, GPU-689a6e7c-a622-65fb-9f4d-887ba745f660, NVIDIA A100-SXM4-80GB, 74589, 81920, 32, 132.62, 32
nid008353,2026/05/03 16:09:08.023, 0, GPU-3ad85384-e7dd-8c9b-13da-56f54bf334d9, NVIDIA A100-SXM4-80GB, 75027, 81920, 25, 132.94, 34
nid008353,2026/05/03 16:09:08.025, 1, GPU-3d65dc3f-116a-1dd4-937c-6e4481a765b5, NVIDIA A100-SXM4-80GB, 75017, 81920, 64, 114.17, 32
nid008353,2026/05/03 16:09:08.027, 2, GPU-338e4806-c72e-e37a-4798-dc47c2f2de03, NVIDIA A100-SXM4-80GB, 75017, 81920, 21, 140.63, 35
nid008353,2026/05/03 16:09:08.030, 3, GPU-fec40d98-ea80-e220-a49c-31ccab4741af, NVIDIA A100-SXM4-80GB, 75017, 81920, 0, 129.30, 32
nid008352,2026/05/03 16:09:10.900, 0, GPU-c8e590fe-c1df-fb38-7bf3-9ed4364cf576, NVIDIA A100-SXM4-80GB, 75231, 81920, 70, 123.15, 34
nid008352,2026/05/03 16:09:10.903, 1, GPU-5efb5c1d-1cd8-daca-bd51-2f30d62f6e1e, NVIDIA A100-SXM4-80GB, 74589, 81920, 54, 117.88, 31
nid008352,2026/05/03 16:09:10.904, 2, GPU-1d24ec01-d8bb-a3cf-73c2-7d6014d1dd4d, NVIDIA A100-SXM4-80GB, 74589, 81920, 36, 118.04, 33
nid008352,2026/05/03 16:09:10.906, 3, GPU-689a6e7c-a622-65fb-9f4d-887ba745f660, NVIDIA A100-SXM4-80GB, 74589, 81920, 90, 125.15, 32
nid008353,2026/05/03 16:09:11.733, 0, GPU-3ad85384-e7dd-8c9b-13da-56f54bf334d9, NVIDIA A100-SXM4-80GB, 75027, 81920, 0, 131.00, 34
nid008353,2026/05/03 16:09:11.736, 1, GPU-3d65dc3f-116a-1dd4-937c-6e4481a765b5, NVIDIA A100-SXM4-80GB, 75017, 81920, 23, 131.00, 31
nid008353,2026/05/03 16:09:11.737, 2, GPU-338e4806-c72e-e37a-4798-dc47c2f2de03, NVIDIA A100-SXM4-80GB, 75017, 81920, 0, 142.72, 35
nid008353,2026/05/03 16:09:11.739, 3, GPU-fec40d98-ea80-e220-a49c-31ccab4741af, NVIDIA A100-SXM4-80GB, 75017, 81920, 0, 111.69, 32
nid008352,2026/05/03 16:09:14.602, 0, GPU-c8e590fe-c1df-fb38-7bf3-9ed4364cf576, NVIDIA A100-SXM4-80GB, 75231, 81920, 7, 109.41, 33
nid008352,2026/05/03 16:09:14.605, 1, GPU-5efb5c1d-1cd8-daca-bd51-2f30d62f6e1e, NVIDIA A100-SXM4-80GB, 74589, 81920, 0, 113.93, 31
nid008352,2026/05/03 16:09:14.607, 2, GPU-1d24ec01-d8bb-a3cf-73c2-7d6014d1dd4d, NVIDIA A100-SXM4-80GB, 74589, 81920, 0, 131.14, 33
nid008352,2026/05/03 16:09:14.608, 3, GPU-689a6e7c-a622-65fb-9f4d-887ba745f660, NVIDIA A100-SXM4-80GB, 74589, 81920, 15, 112.33, 32
nid008353,2026/05/03 16:09:15.441, 0, GPU-3ad85384-e7dd-8c9b-13da-56f54bf334d9, NVIDIA A100-SXM4-80GB, 75027, 81920, 2, 111.29, 33
nid008353,2026/05/03 16:09:15.444, 1, GPU-3d65dc3f-116a-1dd4-937c-6e4481a765b5, NVIDIA A100-SXM4-80GB, 75017, 81920, 0, 114.18, 31
nid008353,2026/05/03 16:09:15.445, 2, GPU-338e4806-c72e-e37a-4798-dc47c2f2de03, NVIDIA A100-SXM4-80GB, 75017, 81920, 32, 114.32, 34
nid008353,2026/05/03 16:09:15.447, 3, GPU-fec40d98-ea80-e220-a49c-31ccab4741af, NVIDIA A100-SXM4-80GB, 75017, 81920, 100, 111.03, 31
nid008352,2026/05/03 16:09:18.302, 0, GPU-c8e590fe-c1df-fb38-7bf3-9ed4364cf576, NVIDIA A100-SXM4-80GB, 75231, 81920, 16, 116.04, 34
nid008352,2026/05/03 16:09:18.304, 1, GPU-5efb5c1d-1cd8-daca-bd51-2f30d62f6e1e, NVIDIA A100-SXM4-80GB, 74589, 81920, 61, 114.98, 31
nid008352,2026/05/03 16:09:18.306, 2, GPU-1d24ec01-d8bb-a3cf-73c2-7d6014d1dd4d, NVIDIA A100-SXM4-80GB, 74589, 81920, 100, 121.54, 33
nid008352,2026/05/03 16:09:18.307, 3, GPU-689a6e7c-a622-65fb-9f4d-887ba745f660, NVIDIA A100-SXM4-80GB, 74589, 81920, 88, 114.47, 32
nid008353,2026/05/03 16:09:19.132, 0, GPU-3ad85384-e7dd-8c9b-13da-56f54bf334d9, NVIDIA A100-SXM4-80GB, 75027, 81920, 24, 111.53, 33
nid008353,2026/05/03 16:09:19.135, 1, GPU-3d65dc3f-116a-1dd4-937c-6e4481a765b5, NVIDIA A100-SXM4-80GB, 75017, 81920, 62, 114.61, 31
nid008353,2026/05/03 16:09:19.136, 2, GPU-338e4806-c72e-e37a-4798-dc47c2f2de03, NVIDIA A100-SXM4-80GB, 75017, 81920, 41, 114.32, 34
nid008353,2026/05/03 16:09:19.138, 3, GPU-fec40d98-ea80-e220-a49c-31ccab4741af, NVIDIA A100-SXM4-80GB, 75017, 81920, 56, 115.26, 31
nid008352,2026/05/03 16:09:21.993, 0, GPU-c8e590fe-c1df-fb38-7bf3-9ed4364cf576, NVIDIA A100-SXM4-80GB, 75231, 81920, 57, 109.41, 33
nid008352,2026/05/03 16:09:21.996, 1, GPU-5efb5c1d-1cd8-daca-bd51-2f30d62f6e1e, NVIDIA A100-SXM4-80GB, 74589, 81920, 31, 113.93, 31
nid008352,2026/05/03 16:09:22.000, 2, GPU-1d24ec01-d8bb-a3cf-73c2-7d6014d1dd4d, NVIDIA A100-SXM4-80GB, 74589, 81920, 54, 113.91, 33
nid008352,2026/05/03 16:09:22.002, 3, GPU-689a6e7c-a622-65fb-9f4d-887ba745f660, NVIDIA A100-SXM4-80GB, 74589, 81920, 1, 112.20, 31
nid008353,2026/05/03 16:09:22.835, 0, GPU-3ad85384-e7dd-8c9b-13da-56f54bf334d9, NVIDIA A100-SXM4-80GB, 75027, 81920, 40, 111.53, 33
nid008353,2026/05/03 16:09:22.838, 1, GPU-3d65dc3f-116a-1dd4-937c-6e4481a765b5, NVIDIA A100-SXM4-80GB, 75017, 81920, 81, 114.32, 31
nid008353,2026/05/03 16:09:22.839, 2, GPU-338e4806-c72e-e37a-4798-dc47c2f2de03, NVIDIA A100-SXM4-80GB, 75017, 81920, 9, 114.18, 34
nid008353,2026/05/03 16:09:22.841, 3, GPU-fec40d98-ea80-e220-a49c-31ccab4741af, NVIDIA A100-SXM4-80GB, 75017, 81920, 67, 110.87, 31
nid008352,2026/05/03 16:09:25.724, 0, GPU-c8e590fe-c1df-fb38-7bf3-9ed4364cf576, NVIDIA A100-SXM4-80GB, 75231, 81920, 70, 112.35, 34
nid008352,2026/05/03 16:09:25.726, 1, GPU-5efb5c1d-1cd8-daca-bd51-2f30d62f6e1e, NVIDIA A100-SXM4-80GB, 74589, 81920, 90, 120.93, 31
nid008352,2026/05/03 16:09:25.728, 2, GPU-1d24ec01-d8bb-a3cf-73c2-7d6014d1dd4d, NVIDIA A100-SXM4-80GB, 74589, 81920, 45, 125.89, 33
nid008352,2026/05/03 16:09:25.729, 3, GPU-689a6e7c-a622-65fb-9f4d-887ba745f660, NVIDIA A100-SXM4-80GB, 74589, 81920, 13, 124.10, 32
nid008353,2026/05/03 16:09:26.558, 0, GPU-3ad85384-e7dd-8c9b-13da-56f54bf334d9, NVIDIA A100-SXM4-80GB, 75027, 81920, 21, 141.50, 34
nid008353,2026/05/03 16:09:26.561, 1, GPU-3d65dc3f-116a-1dd4-937c-6e4481a765b5, NVIDIA A100-SXM4-80GB, 75017, 81920, 0, 133.38, 31
nid008353,2026/05/03 16:09:26.562, 2, GPU-338e4806-c72e-e37a-4798-dc47c2f2de03, NVIDIA A100-SXM4-80GB, 75017, 81920, 3, 136.64, 34
nid008353,2026/05/03 16:09:26.564, 3, GPU-fec40d98-ea80-e220-a49c-31ccab4741af, NVIDIA A100-SXM4-80GB, 75017, 81920, 8, 131.24, 32
nid008352,2026/05/03 16:09:29.408, 0, GPU-c8e590fe-c1df-fb38-7bf3-9ed4364cf576, NVIDIA A100-SXM4-80GB, 75231, 81920, 35, 113.39, 33
nid008352,2026/05/03 16:09:29.411, 1, GPU-5efb5c1d-1cd8-daca-bd51-2f30d62f6e1e, NVIDIA A100-SXM4-80GB, 74589, 81920, 15, 126.78, 31
nid008352,2026/05/03 16:09:29.412, 2, GPU-1d24ec01-d8bb-a3cf-73c2-7d6014d1dd4d, NVIDIA A100-SXM4-80GB, 74589, 81920, 86, 117.75, 33
nid008352,2026/05/03 16:09:29.414, 3, GPU-689a6e7c-a622-65fb-9f4d-887ba745f660, NVIDIA A100-SXM4-80GB, 74589, 81920, 53, 112.48, 32
nid008353,2026/05/03 16:09:30.274, 0, GPU-3ad85384-e7dd-8c9b-13da-56f54bf334d9, NVIDIA A100-SXM4-80GB, 75027, 81920, 0, 111.42, 34
nid008353,2026/05/03 16:09:30.277, 1, GPU-3d65dc3f-116a-1dd4-937c-6e4481a765b5, NVIDIA A100-SXM4-80GB, 75017, 81920, 0, 114.17, 31
nid008353,2026/05/03 16:09:30.278, 2, GPU-338e4806-c72e-e37a-4798-dc47c2f2de03, NVIDIA A100-SXM4-80GB, 75017, 81920, 8, 114.04, 34
nid008353,2026/05/03 16:09:30.280, 3, GPU-fec40d98-ea80-e220-a49c-31ccab4741af, NVIDIA A100-SXM4-80GB, 75017, 81920, 0, 134.35, 31
nid008352,2026/05/03 16:09:33.152, 0, GPU-c8e590fe-c1df-fb38-7bf3-9ed4364cf576, NVIDIA A100-SXM4-80GB, 75231, 81920, 80, 110.50, 33
nid008352,2026/05/03 16:09:33.154, 1, GPU-5efb5c1d-1cd8-daca-bd51-2f30d62f6e1e, NVIDIA A100-SXM4-80GB, 74589, 81920, 72, 129.02, 31
nid008352,2026/05/03 16:09:33.156, 2, GPU-1d24ec01-d8bb-a3cf-73c2-7d6014d1dd4d, NVIDIA A100-SXM4-80GB, 74589, 81920, 77, 114.44, 33
nid008352,2026/05/03 16:09:33.157, 3, GPU-689a6e7c-a622-65fb-9f4d-887ba745f660, NVIDIA A100-SXM4-80GB, 74589, 81920, 70, 117.08, 32
nid008353,2026/05/03 16:09:34.007, 0, GPU-3ad85384-e7dd-8c9b-13da-56f54bf334d9, NVIDIA A100-SXM4-80GB, 75027, 81920, 56, 111.66, 33
nid008353,2026/05/03 16:09:34.010, 1, GPU-3d65dc3f-116a-1dd4-937c-6e4481a765b5, NVIDIA A100-SXM4-80GB, 75017, 81920, 7, 114.04, 31
nid008353,2026/05/03 16:09:34.012, 2, GPU-338e4806-c72e-e37a-4798-dc47c2f2de03, NVIDIA A100-SXM4-80GB, 75017, 81920, 70, 114.17, 34
nid008353,2026/05/03 16:09:34.013, 3, GPU-fec40d98-ea80-e220-a49c-31ccab4741af, NVIDIA A100-SXM4-80GB, 75017, 81920, 45, 111.03, 31
nid008352,2026/05/03 16:09:36.855, 0, GPU-c8e590fe-c1df-fb38-7bf3-9ed4364cf576, NVIDIA A100-SXM4-80GB, 75231, 81920, 24, 120.26, 33
nid008352,2026/05/03 16:09:36.858, 1, GPU-5efb5c1d-1cd8-daca-bd51-2f30d62f6e1e, NVIDIA A100-SXM4-80GB, 74589, 81920, 0, 122.12, 31
nid008352,2026/05/03 16:09:36.860, 2, GPU-1d24ec01-d8bb-a3cf-73c2-7d6014d1dd4d, NVIDIA A100-SXM4-80GB, 74589, 81920, 40, 114.82, 33
nid008352,2026/05/03 16:09:36.861, 3, GPU-689a6e7c-a622-65fb-9f4d-887ba745f660, NVIDIA A100-SXM4-80GB, 74589, 81920, 6, 114.34, 32
nid008353,2026/05/03 16:09:37.728, 0, GPU-3ad85384-e7dd-8c9b-13da-56f54bf334d9, NVIDIA A100-SXM4-80GB, 75027, 81920, 0, 111.29, 33
nid008353,2026/05/03 16:09:37.730, 1, GPU-3d65dc3f-116a-1dd4-937c-6e4481a765b5, NVIDIA A100-SXM4-80GB, 75017, 81920, 0, 114.04, 31
nid008353,2026/05/03 16:09:37.732, 2, GPU-338e4806-c72e-e37a-4798-dc47c2f2de03, NVIDIA A100-SXM4-80GB, 75017, 81920, 0, 114.32, 34
nid008353,2026/05/03 16:09:37.737, 3, GPU-fec40d98-ea80-e220-a49c-31ccab4741af, NVIDIA A100-SXM4-80GB, 75017, 81920, 0, 111.16, 31
nid008352,2026/05/03 16:09:40.615, 0, GPU-c8e590fe-c1df-fb38-7bf3-9ed4364cf576, NVIDIA A100-SXM4-80GB, 76099, 81920, 100, 110.35, 39
nid008352,2026/05/03 16:09:40.617, 1, GPU-5efb5c1d-1cd8-daca-bd51-2f30d62f6e1e, NVIDIA A100-SXM4-80GB, 74853, 81920, 100, 444.35, 37
nid008352,2026/05/03 16:09:40.619, 2, GPU-1d24ec01-d8bb-a3cf-73c2-7d6014d1dd4d, NVIDIA A100-SXM4-80GB, 74853, 81920, 100, 418.51, 40
nid008352,2026/05/03 16:09:40.620, 3, GPU-689a6e7c-a622-65fb-9f4d-887ba745f660, NVIDIA A100-SXM4-80GB, 74853, 81920, 100, 446.14, 41
nid008353,2026/05/03 16:09:41.599, 0, GPU-3ad85384-e7dd-8c9b-13da-56f54bf334d9, NVIDIA A100-SXM4-80GB, 75027, 81920, 0, 111.81, 34
nid008353,2026/05/03 16:09:41.602, 1, GPU-3d65dc3f-116a-1dd4-937c-6e4481a765b5, NVIDIA A100-SXM4-80GB, 75017, 81920, 26, 114.74, 32
nid008353,2026/05/03 16:09:41.606, 2, GPU-338e4806-c72e-e37a-4798-dc47c2f2de03, NVIDIA A100-SXM4-80GB, 75017, 81920, 0, 114.85, 35
nid008353,2026/05/03 16:09:41.608, 3, GPU-fec40d98-ea80-e220-a49c-31ccab4741af, NVIDIA A100-SXM4-80GB, 75017, 81920, 0, 111.55, 32
nid008352,2026/05/03 16:09:44.481, 0, GPU-c8e590fe-c1df-fb38-7bf3-9ed4364cf576, NVIDIA A100-SXM4-80GB, 76099, 81920, 10, 109.70, 34
nid008352,2026/05/03 16:09:44.487, 1, GPU-5efb5c1d-1cd8-daca-bd51-2f30d62f6e1e, NVIDIA A100-SXM4-80GB, 74853, 81920, 58, 113.93, 31
nid008352,2026/05/03 16:09:44.492, 2, GPU-1d24ec01-d8bb-a3cf-73c2-7d6014d1dd4d, NVIDIA A100-SXM4-80GB, 74853, 81920, 0, 114.20, 33
nid008352,2026/05/03 16:09:44.500, 3, GPU-689a6e7c-a622-65fb-9f4d-887ba745f660, NVIDIA A100-SXM4-80GB, 74853, 81920, 22, 112.20, 31
nid008353,2026/05/03 16:09:45.367, 0, GPU-3ad85384-e7dd-8c9b-13da-56f54bf334d9, NVIDIA A100-SXM4-80GB, 75027, 81920, 6, 111.53, 33
nid008353,2026/05/03 16:09:45.372, 1, GPU-3d65dc3f-116a-1dd4-937c-6e4481a765b5, NVIDIA A100-SXM4-80GB, 75017, 81920, 89, 114.17, 31
nid008353,2026/05/03 16:09:45.373, 2, GPU-338e4806-c72e-e37a-4798-dc47c2f2de03, NVIDIA A100-SXM4-80GB, 75017, 81920, 38, 114.32, 34
nid008353,2026/05/03 16:09:45.375, 3, GPU-fec40d98-ea80-e220-a49c-31ccab4741af, NVIDIA A100-SXM4-80GB, 75017, 81920, 2, 111.03, 31
nid008352,2026/05/03 16:09:48.255, 0, GPU-c8e590fe-c1df-fb38-7bf3-9ed4364cf576, NVIDIA A100-SXM4-80GB, 76099, 81920, 20, 121.31, 34
nid008352,2026/05/03 16:09:48.258, 1, GPU-5efb5c1d-1cd8-daca-bd51-2f30d62f6e1e, NVIDIA A100-SXM4-80GB, 74853, 81920, 0, 126.49, 31
nid008352,2026/05/03 16:09:48.260, 2, GPU-1d24ec01-d8bb-a3cf-73c2-7d6014d1dd4d, NVIDIA A100-SXM4-80GB, 74853, 81920, 20, 115.76, 33
nid008352,2026/05/03 16:09:48.261, 3, GPU-689a6e7c-a622-65fb-9f4d-887ba745f660, NVIDIA A100-SXM4-80GB, 74853, 81920, 7, 112.33, 31
nid008353,2026/05/03 16:09:49.100, 0, GPU-3ad85384-e7dd-8c9b-13da-56f54bf334d9, NVIDIA A100-SXM4-80GB, 75027, 81920, 37, 111.42, 33
nid008353,2026/05/03 16:09:49.102, 1, GPU-3d65dc3f-116a-1dd4-937c-6e4481a765b5, NVIDIA A100-SXM4-80GB, 75017, 81920, 0, 114.32, 31
nid008353,2026/05/03 16:09:49.107, 2, GPU-338e4806-c72e-e37a-4798-dc47c2f2de03, NVIDIA A100-SXM4-80GB, 75017, 81920, 25, 114.04, 34
nid008353,2026/05/03 16:09:49.109, 3, GPU-fec40d98-ea80-e220-a49c-31ccab4741af, NVIDIA A100-SXM4-80GB, 75017, 81920, 93, 111.03, 31
nid008352,2026/05/03 16:09:51.964, 0, GPU-c8e590fe-c1df-fb38-7bf3-9ed4364cf576, NVIDIA A100-SXM4-80GB, 76099, 81920, 84, 109.54, 33
nid008352,2026/05/03 16:09:51.967, 1, GPU-5efb5c1d-1cd8-daca-bd51-2f30d62f6e1e, NVIDIA A100-SXM4-80GB, 74853, 81920, 52, 114.07, 31
nid008352,2026/05/03 16:09:51.969, 2, GPU-1d24ec01-d8bb-a3cf-73c2-7d6014d1dd4d, NVIDIA A100-SXM4-80GB, 74853, 81920, 18, 114.05, 33
nid008352,2026/05/03 16:09:51.970, 3, GPU-689a6e7c-a622-65fb-9f4d-887ba745f660, NVIDIA A100-SXM4-80GB, 74853, 81920, 5, 112.04, 31
nid008353,2026/05/03 16:09:52.812, 0, GPU-3ad85384-e7dd-8c9b-13da-56f54bf334d9, NVIDIA A100-SXM4-80GB, 75027, 81920, 4, 124.40, 33
nid008353,2026/05/03 16:09:52.815, 1, GPU-3d65dc3f-116a-1dd4-937c-6e4481a765b5, NVIDIA A100-SXM4-80GB, 75017, 81920, 4, 114.17, 31
nid008353,2026/05/03 16:09:52.816, 2, GPU-338e4806-c72e-e37a-4798-dc47c2f2de03, NVIDIA A100-SXM4-80GB, 75017, 81920, 11, 119.50, 34
nid008353,2026/05/03 16:09:52.818, 3, GPU-fec40d98-ea80-e220-a49c-31ccab4741af, NVIDIA A100-SXM4-80GB, 75017, 81920, 74, 111.53, 31
nid008352,2026/05/03 16:09:55.739, 0, GPU-c8e590fe-c1df-fb38-7bf3-9ed4364cf576, NVIDIA A100-SXM4-80GB, 76099, 81920, 70, 114.96, 34
nid008352,2026/05/03 16:09:55.742, 1, GPU-5efb5c1d-1cd8-daca-bd51-2f30d62f6e1e, NVIDIA A100-SXM4-80GB, 74853, 81920, 56, 115.65, 31
nid008352,2026/05/03 16:09:55.743, 2, GPU-1d24ec01-d8bb-a3cf-73c2-7d6014d1dd4d, NVIDIA A100-SXM4-80GB, 74853, 81920, 9, 118.13, 33
nid008352,2026/05/03 16:09:55.745, 3, GPU-689a6e7c-a622-65fb-9f4d-887ba745f660, NVIDIA A100-SXM4-80GB, 74853, 81920, 53, 115.09, 32
nid008353,2026/05/03 16:09:56.583, 0, GPU-3ad85384-e7dd-8c9b-13da-56f54bf334d9, NVIDIA A100-SXM4-80GB, 75027, 81920, 0, 111.53, 33
nid008353,2026/05/03 16:09:56.586, 1, GPU-3d65dc3f-116a-1dd4-937c-6e4481a765b5, NVIDIA A100-SXM4-80GB, 75017, 81920, 0, 114.32, 31
nid008353,2026/05/03 16:09:56.588, 2, GPU-338e4806-c72e-e37a-4798-dc47c2f2de03, NVIDIA A100-SXM4-80GB, 75017, 81920, 0, 114.61, 34
nid008353,2026/05/03 16:09:56.590, 3, GPU-fec40d98-ea80-e220-a49c-31ccab4741af, NVIDIA A100-SXM4-80GB, 75017, 81920, 0, 111.03, 31
nid008352,2026/05/03 16:09:59.477, 0, GPU-c8e590fe-c1df-fb38-7bf3-9ed4364cf576, NVIDIA A100-SXM4-80GB, 76099, 81920, 34, 116.57, 33
nid008352,2026/05/03 16:09:59.480, 1, GPU-5efb5c1d-1cd8-daca-bd51-2f30d62f6e1e, NVIDIA A100-SXM4-80GB, 74853, 81920, 100, 116.60, 31
nid008352,2026/05/03 16:09:59.481, 2, GPU-1d24ec01-d8bb-a3cf-73c2-7d6014d1dd4d, NVIDIA A100-SXM4-80GB, 74853, 81920, 100, 116.94, 33
nid008352,2026/05/03 16:09:59.483, 3, GPU-689a6e7c-a622-65fb-9f4d-887ba745f660, NVIDIA A100-SXM4-80GB, 74853, 81920, 97, 112.04, 31
nid008353,2026/05/03 16:10:00.483, 0, GPU-3ad85384-e7dd-8c9b-13da-56f54bf334d9, NVIDIA A100-SXM4-80GB, 75027, 81920, 82, 111.53, 33
nid008353,2026/05/03 16:10:00.486, 1, GPU-3d65dc3f-116a-1dd4-937c-6e4481a765b5, NVIDIA A100-SXM4-80GB, 75017, 81920, 54, 114.32, 31
nid008353,2026/05/03 16:10:00.487, 2, GPU-338e4806-c72e-e37a-4798-dc47c2f2de03, NVIDIA A100-SXM4-80GB, 75017, 81920, 35, 114.18, 34
nid008353,2026/05/03 16:10:00.489, 3, GPU-fec40d98-ea80-e220-a49c-31ccab4741af, NVIDIA A100-SXM4-80GB, 75017, 81920, 49, 109.93, 31
nid008352,2026/05/03 16:10:03.347, 0, GPU-c8e590fe-c1df-fb38-7bf3-9ed4364cf576, NVIDIA A100-SXM4-80GB, 76099, 81920, 85, 113.53, 33
nid008352,2026/05/03 16:10:03.353, 1, GPU-5efb5c1d-1cd8-daca-bd51-2f30d62f6e1e, NVIDIA A100-SXM4-80GB, 74853, 81920, 97, 121.88, 31
nid008352,2026/05/03 16:10:03.355, 2, GPU-1d24ec01-d8bb-a3cf-73c2-7d6014d1dd4d, NVIDIA A100-SXM4-80GB, 74853, 81920, 0, 114.72, 33
nid008352,2026/05/03 16:10:03.356, 3, GPU-689a6e7c-a622-65fb-9f4d-887ba745f660, NVIDIA A100-SXM4-80GB, 74853, 81920, 23, 112.62, 31
nid008353,2026/05/03 16:10:04.184, 0, GPU-3ad85384-e7dd-8c9b-13da-56f54bf334d9, NVIDIA A100-SXM4-80GB, 75027, 81920, 0, 111.29, 33
nid008353,2026/05/03 16:10:04.186, 1, GPU-3d65dc3f-116a-1dd4-937c-6e4481a765b5, NVIDIA A100-SXM4-80GB, 75017, 81920, 0, 114.32, 31
nid008353,2026/05/03 16:10:04.188, 2, GPU-338e4806-c72e-e37a-4798-dc47c2f2de03, NVIDIA A100-SXM4-80GB, 75017, 81920, 0, 114.18, 34
nid008353,2026/05/03 16:10:04.190, 3, GPU-fec40d98-ea80-e220-a49c-31ccab4741af, NVIDIA A100-SXM4-80GB, 75017, 81920, 0, 111.16, 31
nid008352,2026/05/03 16:10:07.056, 0, GPU-c8e590fe-c1df-fb38-7bf3-9ed4364cf576, NVIDIA A100-SXM4-80GB, 76099, 81920, 26, 110.50, 33
nid008352,2026/05/03 16:10:07.059, 1, GPU-5efb5c1d-1cd8-daca-bd51-2f30d62f6e1e, NVIDIA A100-SXM4-80GB, 74853, 81920, 97, 113.93, 31
nid008352,2026/05/03 16:10:07.061, 2, GPU-1d24ec01-d8bb-a3cf-73c2-7d6014d1dd4d, NVIDIA A100-SXM4-80GB, 74853, 81920, 75, 114.30, 33
nid008352,2026/05/03 16:10:07.062, 3, GPU-689a6e7c-a622-65fb-9f4d-887ba745f660, NVIDIA A100-SXM4-80GB, 74853, 81920, 36, 114.34, 31
nid008353,2026/05/03 16:10:07.894, 0, GPU-3ad85384-e7dd-8c9b-13da-56f54bf334d9, NVIDIA A100-SXM4-80GB, 75027, 81920, 7, 112.62, 33
nid008353,2026/05/03 16:10:07.897, 1, GPU-3d65dc3f-116a-1dd4-937c-6e4481a765b5, NVIDIA A100-SXM4-80GB, 75017, 81920, 49, 118.32, 31
nid008353,2026/05/03 16:10:07.899, 2, GPU-338e4806-c72e-e37a-4798-dc47c2f2de03, NVIDIA A100-SXM4-80GB, 75017, 81920, 76, 114.85, 34
nid008353,2026/05/03 16:10:07.900, 3, GPU-fec40d98-ea80-e220-a49c-31ccab4741af, NVIDIA A100-SXM4-80GB, 75017, 81920, 71, 111.03, 31
nid008352,2026/05/03 16:10:10.768, 0, GPU-c8e590fe-c1df-fb38-7bf3-9ed4364cf576, NVIDIA A100-SXM4-80GB, 76099, 81920, 0, 110.89, 33
nid008352,2026/05/03 16:10:10.771, 1, GPU-5efb5c1d-1cd8-daca-bd51-2f30d62f6e1e, NVIDIA A100-SXM4-80GB, 74853, 81920, 6, 129.15, 31
nid008352,2026/05/03 16:10:10.772, 2, GPU-1d24ec01-d8bb-a3cf-73c2-7d6014d1dd4d, NVIDIA A100-SXM4-80GB, 74853, 81920, 0, 114.20, 33
nid008352,2026/05/03 16:10:10.774, 3, GPU-689a6e7c-a622-65fb-9f4d-887ba745f660, NVIDIA A100-SXM4-80GB, 74853, 81920, 0, 136.48, 31
nid008353,2026/05/03 16:10:11.591, 0, GPU-3ad85384-e7dd-8c9b-13da-56f54bf334d9, NVIDIA A100-SXM4-80GB, 75027, 81920, 30, 111.29, 33
nid008353,2026/05/03 16:10:11.593, 1, GPU-3d65dc3f-116a-1dd4-937c-6e4481a765b5, NVIDIA A100-SXM4-80GB, 75017, 81920, 74, 114.17, 31
nid008353,2026/05/03 16:10:11.595, 2, GPU-338e4806-c72e-e37a-4798-dc47c2f2de03, NVIDIA A100-SXM4-80GB, 75017, 81920, 19, 114.18, 34
nid008353,2026/05/03 16:10:11.596, 3, GPU-fec40d98-ea80-e220-a49c-31ccab4741af, NVIDIA A100-SXM4-80GB, 75017, 81920, 0, 111.03, 31
nid008352,2026/05/03 16:10:14.490, 0, GPU-c8e590fe-c1df-fb38-7bf3-9ed4364cf576, NVIDIA A100-SXM4-80GB, 76099, 81920, 48, 111.26, 34
nid008352,2026/05/03 16:10:14.492, 1, GPU-5efb5c1d-1cd8-daca-bd51-2f30d62f6e1e, NVIDIA A100-SXM4-80GB, 74853, 81920, 81, 126.49, 31
nid008352,2026/05/03 16:10:14.494, 2, GPU-1d24ec01-d8bb-a3cf-73c2-7d6014d1dd4d, NVIDIA A100-SXM4-80GB, 74853, 81920, 90, 117.89, 33
nid008352,2026/05/03 16:10:14.495, 3, GPU-689a6e7c-a622-65fb-9f4d-887ba745f660, NVIDIA A100-SXM4-80GB, 74853, 81920, 82, 123.68, 32
nid008353,2026/05/03 16:10:15.343, 0, GPU-3ad85384-e7dd-8c9b-13da-56f54bf334d9, NVIDIA A100-SXM4-80GB, 75027, 81920, 37, 111.53, 33
nid008353,2026/05/03 16:10:15.346, 1, GPU-3d65dc3f-116a-1dd4-937c-6e4481a765b5, NVIDIA A100-SXM4-80GB, 75017, 81920, 41, 114.32, 31
nid008353,2026/05/03 16:10:15.348, 2, GPU-338e4806-c72e-e37a-4798-dc47c2f2de03, NVIDIA A100-SXM4-80GB, 75017, 81920, 83, 114.32, 34
nid008353,2026/05/03 16:10:15.350, 3, GPU-fec40d98-ea80-e220-a49c-31ccab4741af, NVIDIA A100-SXM4-80GB, 75017, 81920, 57, 111.55, 31
nid008352,2026/05/03 16:10:18.227, 0, GPU-c8e590fe-c1df-fb38-7bf3-9ed4364cf576, NVIDIA A100-SXM4-80GB, 76099, 81920, 1, 111.54, 33
nid008352,2026/05/03 16:10:18.230, 1, GPU-5efb5c1d-1cd8-daca-bd51-2f30d62f6e1e, NVIDIA A100-SXM4-80GB, 74853, 81920, 0, 114.59, 31
nid008352,2026/05/03 16:10:18.232, 2, GPU-1d24ec01-d8bb-a3cf-73c2-7d6014d1dd4d, NVIDIA A100-SXM4-80GB, 74853, 81920, 17, 115.34, 33
nid008352,2026/05/03 16:10:18.233, 3, GPU-689a6e7c-a622-65fb-9f4d-887ba745f660, NVIDIA A100-SXM4-80GB, 74853, 81920, 2, 112.62, 32
nid008353,2026/05/03 16:10:19.048, 0, GPU-3ad85384-e7dd-8c9b-13da-56f54bf334d9, NVIDIA A100-SXM4-80GB, 75027, 81920, 0, 111.53, 33
nid008353,2026/05/03 16:10:19.052, 1, GPU-3d65dc3f-116a-1dd4-937c-6e4481a765b5, NVIDIA A100-SXM4-80GB, 75017, 81920, 0, 114.32, 31
nid008353,2026/05/03 16:10:19.053, 2, GPU-338e4806-c72e-e37a-4798-dc47c2f2de03, NVIDIA A100-SXM4-80GB, 75017, 81920, 0, 114.18, 34
nid008353,2026/05/03 16:10:19.055, 3, GPU-fec40d98-ea80-e220-a49c-31ccab4741af, NVIDIA A100-SXM4-80GB, 75017, 81920, 0, 111.03, 31
nid008352,2026/05/03 16:10:21.904, 0, GPU-c8e590fe-c1df-fb38-7bf3-9ed4364cf576, NVIDIA A100-SXM4-80GB, 76099, 81920, 96, 115.76, 34
nid008352,2026/05/03 16:10:21.907, 1, GPU-5efb5c1d-1cd8-daca-bd51-2f30d62f6e1e, NVIDIA A100-SXM4-80GB, 74853, 81920, 26, 123.97, 31
nid008352,2026/05/03 16:10:21.914, 2, GPU-1d24ec01-d8bb-a3cf-73c2-7d6014d1dd4d, NVIDIA A100-SXM4-80GB, 74853, 81920, 54, 124.33, 33
nid008352,2026/05/03 16:10:21.915, 3, GPU-689a6e7c-a622-65fb-9f4d-887ba745f660, NVIDIA A100-SXM4-80GB, 74853, 81920, 74, 132.78, 32
nid008353,2026/05/03 16:10:22.743, 0, GPU-3ad85384-e7dd-8c9b-13da-56f54bf334d9, NVIDIA A100-SXM4-80GB, 75027, 81920, 0, 123.97, 33
nid008353,2026/05/03 16:10:22.745, 1, GPU-3d65dc3f-116a-1dd4-937c-6e4481a765b5, NVIDIA A100-SXM4-80GB, 75017, 81920, 0, 114.32, 31
nid008353,2026/05/03 16:10:22.747, 2, GPU-338e4806-c72e-e37a-4798-dc47c2f2de03, NVIDIA A100-SXM4-80GB, 75017, 81920, 0, 128.47, 34
nid008353,2026/05/03 16:10:22.749, 3, GPU-fec40d98-ea80-e220-a49c-31ccab4741af, NVIDIA A100-SXM4-80GB, 75017, 81920, 20, 111.16, 31
nid008352,2026/05/03 16:10:25.606, 0, GPU-c8e590fe-c1df-fb38-7bf3-9ed4364cf576, NVIDIA A100-SXM4-80GB, 76099, 81920, 70, 109.54, 33
nid008352,2026/05/03 16:10:25.608, 1, GPU-5efb5c1d-1cd8-daca-bd51-2f30d62f6e1e, NVIDIA A100-SXM4-80GB, 74853, 81920, 65, 113.93, 31
nid008352,2026/05/03 16:10:25.613, 2, GPU-1d24ec01-d8bb-a3cf-73c2-7d6014d1dd4d, NVIDIA A100-SXM4-80GB, 74853, 81920, 1, 114.34, 33
nid008352,2026/05/03 16:10:25.615, 3, GPU-689a6e7c-a622-65fb-9f4d-887ba745f660, NVIDIA A100-SXM4-80GB, 74853, 81920, 25, 112.04, 31
nid008353,2026/05/03 16:10:26.460, 0, GPU-3ad85384-e7dd-8c9b-13da-56f54bf334d9, NVIDIA A100-SXM4-80GB, 75027, 81920, 0, 111.29, 33
nid008353,2026/05/03 16:10:26.463, 1, GPU-3d65dc3f-116a-1dd4-937c-6e4481a765b5, NVIDIA A100-SXM4-80GB, 75017, 81920, 0, 114.32, 31
nid008353,2026/05/03 16:10:26.464, 2, GPU-338e4806-c72e-e37a-4798-dc47c2f2de03, NVIDIA A100-SXM4-80GB, 75017, 81920, 16, 114.18, 34
nid008353,2026/05/03 16:10:26.466, 3, GPU-fec40d98-ea80-e220-a49c-31ccab4741af, NVIDIA A100-SXM4-80GB, 75017, 81920, 0, 111.16, 31
nid008352,2026/05/03 16:10:29.331, 0, GPU-c8e590fe-c1df-fb38-7bf3-9ed4364cf576, NVIDIA A100-SXM4-80GB, 76099, 81920, 70, 117.09, 34
nid008352,2026/05/03 16:10:29.334, 1, GPU-5efb5c1d-1cd8-daca-bd51-2f30d62f6e1e, NVIDIA A100-SXM4-80GB, 74853, 81920, 72, 122.54, 31
nid008352,2026/05/03 16:10:29.336, 2, GPU-1d24ec01-d8bb-a3cf-73c2-7d6014d1dd4d, NVIDIA A100-SXM4-80GB, 74853, 81920, 95, 133.55, 33
nid008352,2026/05/03 16:10:29.337, 3, GPU-689a6e7c-a622-65fb-9f4d-887ba745f660, NVIDIA A100-SXM4-80GB, 74853, 81920, 18, 130.17, 32
nid008353,2026/05/03 16:10:30.169, 0, GPU-3ad85384-e7dd-8c9b-13da-56f54bf334d9, NVIDIA A100-SXM4-80GB, 75027, 81920, 0, 125.67, 34
nid008353,2026/05/03 16:10:30.172, 1, GPU-3d65dc3f-116a-1dd4-937c-6e4481a765b5, NVIDIA A100-SXM4-80GB, 75017, 81920, 0, 126.78, 32
nid008353,2026/05/03 16:10:30.174, 2, GPU-338e4806-c72e-e37a-4798-dc47c2f2de03, NVIDIA A100-SXM4-80GB, 75017, 81920, 0, 120.40, 34
nid008353,2026/05/03 16:10:30.176, 3, GPU-fec40d98-ea80-e220-a49c-31ccab4741af, NVIDIA A100-SXM4-80GB, 75017, 81920, 0, 147.93, 32
nid008352,2026/05/03 16:10:33.035, 0, GPU-c8e590fe-c1df-fb38-7bf3-9ed4364cf576, NVIDIA A100-SXM4-80GB, 76099, 81920, 22, 109.41, 33
nid008352,2026/05/03 16:10:33.037, 1, GPU-5efb5c1d-1cd8-daca-bd51-2f30d62f6e1e, NVIDIA A100-SXM4-80GB, 74853, 81920, 0, 113.93, 31
nid008352,2026/05/03 16:10:33.039, 2, GPU-1d24ec01-d8bb-a3cf-73c2-7d6014d1dd4d, NVIDIA A100-SXM4-80GB, 74853, 81920, 0, 114.20, 33
nid008352,2026/05/03 16:10:33.041, 3, GPU-689a6e7c-a622-65fb-9f4d-887ba745f660, NVIDIA A100-SXM4-80GB, 74853, 81920, 0, 112.04, 31
nid008353,2026/05/03 16:10:33.869, 0, GPU-3ad85384-e7dd-8c9b-13da-56f54bf334d9, NVIDIA A100-SXM4-80GB, 75027, 81920, 7, 111.29, 33
nid008353,2026/05/03 16:10:33.871, 1, GPU-3d65dc3f-116a-1dd4-937c-6e4481a765b5, NVIDIA A100-SXM4-80GB, 75017, 81920, 0, 114.04, 31
nid008353,2026/05/03 16:10:33.873, 2, GPU-338e4806-c72e-e37a-4798-dc47c2f2de03, NVIDIA A100-SXM4-80GB, 75017, 81920, 38, 114.32, 34
nid008353,2026/05/03 16:10:33.875, 3, GPU-fec40d98-ea80-e220-a49c-31ccab4741af, NVIDIA A100-SXM4-80GB, 75017, 81920, 82, 111.03, 31
nid008352,2026/05/03 16:10:36.790, 0, GPU-c8e590fe-c1df-fb38-7bf3-9ed4364cf576, NVIDIA A100-SXM4-80GB, 76099, 81920, 64, 109.70, 33
nid008352,2026/05/03 16:10:36.793, 1, GPU-5efb5c1d-1cd8-daca-bd51-2f30d62f6e1e, NVIDIA A100-SXM4-80GB, 74853, 81920, 24, 113.93, 31
nid008352,2026/05/03 16:10:36.794, 2, GPU-1d24ec01-d8bb-a3cf-73c2-7d6014d1dd4d, NVIDIA A100-SXM4-80GB, 74853, 81920, 80, 114.05, 33
nid008352,2026/05/03 16:10:36.796, 3, GPU-689a6e7c-a622-65fb-9f4d-887ba745f660, NVIDIA A100-SXM4-80GB, 74853, 81920, 5, 112.33, 31
nid008353,2026/05/03 16:10:37.649, 0, GPU-3ad85384-e7dd-8c9b-13da-56f54bf334d9, NVIDIA A100-SXM4-80GB, 75027, 81920, 69, 116.69, 33
nid008353,2026/05/03 16:10:37.652, 1, GPU-3d65dc3f-116a-1dd4-937c-6e4481a765b5, NVIDIA A100-SXM4-80GB, 75017, 81920, 7, 123.59, 31
nid008353,2026/05/03 16:10:37.653, 2, GPU-338e4806-c72e-e37a-4798-dc47c2f2de03, NVIDIA A100-SXM4-80GB, 75017, 81920, 89, 115.36, 34
nid008353,2026/05/03 16:10:37.655, 3, GPU-fec40d98-ea80-e220-a49c-31ccab4741af, NVIDIA A100-SXM4-80GB, 75017, 81920, 4, 117.64, 31
nid008352,2026/05/03 16:10:40.512, 0, GPU-c8e590fe-c1df-fb38-7bf3-9ed4364cf576, NVIDIA A100-SXM4-80GB, 76099, 81920, 54, 112.87, 33
nid008352,2026/05/03 16:10:40.515, 1, GPU-5efb5c1d-1cd8-daca-bd51-2f30d62f6e1e, NVIDIA A100-SXM4-80GB, 74853, 81920, 89, 113.93, 31
nid008352,2026/05/03 16:10:40.521, 2, GPU-1d24ec01-d8bb-a3cf-73c2-7d6014d1dd4d, NVIDIA A100-SXM4-80GB, 74853, 81920, 50, 114.20, 33
nid008352,2026/05/03 16:10:40.523, 3, GPU-689a6e7c-a622-65fb-9f4d-887ba745f660, NVIDIA A100-SXM4-80GB, 74853, 81920, 96, 112.04, 31
nid008353,2026/05/03 16:10:41.349, 0, GPU-3ad85384-e7dd-8c9b-13da-56f54bf334d9, NVIDIA A100-SXM4-80GB, 75027, 81920, 31, 111.29, 33
nid008353,2026/05/03 16:10:41.352, 1, GPU-3d65dc3f-116a-1dd4-937c-6e4481a765b5, NVIDIA A100-SXM4-80GB, 75017, 81920, 82, 114.32, 31
nid008353,2026/05/03 16:10:41.353, 2, GPU-338e4806-c72e-e37a-4798-dc47c2f2de03, NVIDIA A100-SXM4-80GB, 75017, 81920, 93, 114.17, 34
nid008353,2026/05/03 16:10:41.355, 3, GPU-fec40d98-ea80-e220-a49c-31ccab4741af, NVIDIA A100-SXM4-80GB, 75017, 81920, 4, 111.03, 31
nid008352,2026/05/03 16:10:44.288, 0, GPU-c8e590fe-c1df-fb38-7bf3-9ed4364cf576, NVIDIA A100-SXM4-80GB, 76099, 81920, 0, 109.41, 33
nid008352,2026/05/03 16:10:44.290, 1, GPU-5efb5c1d-1cd8-daca-bd51-2f30d62f6e1e, NVIDIA A100-SXM4-80GB, 74853, 81920, 37, 113.78, 31
nid008352,2026/05/03 16:10:44.292, 2, GPU-1d24ec01-d8bb-a3cf-73c2-7d6014d1dd4d, NVIDIA A100-SXM4-80GB, 74853, 81920, 47, 114.20, 33
nid008352,2026/05/03 16:10:44.293, 3, GPU-689a6e7c-a622-65fb-9f4d-887ba745f660, NVIDIA A100-SXM4-80GB, 74853, 81920, 0, 112.20, 31
nid008353,2026/05/03 16:10:45.130, 0, GPU-3ad85384-e7dd-8c9b-13da-56f54bf334d9, NVIDIA A100-SXM4-80GB, 75027, 81920, 24, 111.29, 33
nid008353,2026/05/03 16:10:45.133, 1, GPU-3d65dc3f-116a-1dd4-937c-6e4481a765b5, NVIDIA A100-SXM4-80GB, 75017, 81920, 93, 114.32, 31
nid008353,2026/05/03 16:10:45.134, 2, GPU-338e4806-c72e-e37a-4798-dc47c2f2de03, NVIDIA A100-SXM4-80GB, 75017, 81920, 71, 121.21, 34
nid008353,2026/05/03 16:10:45.136, 3, GPU-fec40d98-ea80-e220-a49c-31ccab4741af, NVIDIA A100-SXM4-80GB, 75017, 81920, 52, 111.16, 31
nid008352,2026/05/03 16:10:48.017, 0, GPU-c8e590fe-c1df-fb38-7bf3-9ed4364cf576, NVIDIA A100-SXM4-80GB, 76099, 81920, 25, 109.41, 33
nid008352,2026/05/03 16:10:48.020, 1, GPU-5efb5c1d-1cd8-daca-bd51-2f30d62f6e1e, NVIDIA A100-SXM4-80GB, 74853, 81920, 54, 113.93, 31
nid008352,2026/05/03 16:10:48.021, 2, GPU-1d24ec01-d8bb-a3cf-73c2-7d6014d1dd4d, NVIDIA A100-SXM4-80GB, 74853, 81920, 64, 114.20, 33
nid008352,2026/05/03 16:10:48.023, 3, GPU-689a6e7c-a622-65fb-9f4d-887ba745f660, NVIDIA A100-SXM4-80GB, 74853, 81920, 74, 112.20, 31
nid008353,2026/05/03 16:10:48.853, 0, GPU-3ad85384-e7dd-8c9b-13da-56f54bf334d9, NVIDIA A100-SXM4-80GB, 75027, 81920, 35, 114.99, 33
nid008353,2026/05/03 16:10:48.856, 1, GPU-3d65dc3f-116a-1dd4-937c-6e4481a765b5, NVIDIA A100-SXM4-80GB, 75017, 81920, 60, 119.88, 31
nid008353,2026/05/03 16:10:48.857, 2, GPU-338e4806-c72e-e37a-4798-dc47c2f2de03, NVIDIA A100-SXM4-80GB, 75017, 81920, 79, 115.13, 34
nid008353,2026/05/03 16:10:48.859, 3, GPU-fec40d98-ea80-e220-a49c-31ccab4741af, NVIDIA A100-SXM4-80GB, 75017, 81920, 99, 111.16, 31
nid008352,2026/05/03 16:10:51.740, 0, GPU-c8e590fe-c1df-fb38-7bf3-9ed4364cf576, NVIDIA A100-SXM4-80GB, 76099, 81920, 52, 138.68, 33
nid008352,2026/05/03 16:10:51.743, 1, GPU-5efb5c1d-1cd8-daca-bd51-2f30d62f6e1e, NVIDIA A100-SXM4-80GB, 74853, 81920, 74, 114.45, 31
nid008352,2026/05/03 16:10:51.745, 2, GPU-1d24ec01-d8bb-a3cf-73c2-7d6014d1dd4d, NVIDIA A100-SXM4-80GB, 74853, 81920, 28, 116.04, 33
nid008352,2026/05/03 16:10:51.747, 3, GPU-689a6e7c-a622-65fb-9f4d-887ba745f660, NVIDIA A100-SXM4-80GB, 74853, 81920, 58, 113.25, 32
nid008353,2026/05/03 16:10:52.575, 0, GPU-3ad85384-e7dd-8c9b-13da-56f54bf334d9, NVIDIA A100-SXM4-80GB, 75027, 81920, 0, 111.29, 33
nid008353,2026/05/03 16:10:52.577, 1, GPU-3d65dc3f-116a-1dd4-937c-6e4481a765b5, NVIDIA A100-SXM4-80GB, 75017, 81920, 39, 114.32, 31
nid008353,2026/05/03 16:10:52.578, 2, GPU-338e4806-c72e-e37a-4798-dc47c2f2de03, NVIDIA A100-SXM4-80GB, 75017, 81920, 0, 114.32, 34
nid008353,2026/05/03 16:10:52.580, 3, GPU-fec40d98-ea80-e220-a49c-31ccab4741af, NVIDIA A100-SXM4-80GB, 75017, 81920, 0, 111.03, 31
nid008352,2026/05/03 16:10:55.448, 0, GPU-c8e590fe-c1df-fb38-7bf3-9ed4364cf576, NVIDIA A100-SXM4-80GB, 76099, 81920, 0, 114.44, 34
nid008352,2026/05/03 16:10:55.455, 1, GPU-5efb5c1d-1cd8-daca-bd51-2f30d62f6e1e, NVIDIA A100-SXM4-80GB, 74853, 81920, 0, 122.78, 31
nid008352,2026/05/03 16:10:55.461, 2, GPU-1d24ec01-d8bb-a3cf-73c2-7d6014d1dd4d, NVIDIA A100-SXM4-80GB, 74853, 81920, 89, 127.89, 33
nid008352,2026/05/03 16:10:55.465, 3, GPU-689a6e7c-a622-65fb-9f4d-887ba745f660, NVIDIA A100-SXM4-80GB, 74853, 81920, 39, 124.86, 32
nid008353,2026/05/03 16:10:56.293, 0, GPU-3ad85384-e7dd-8c9b-13da-56f54bf334d9, NVIDIA A100-SXM4-80GB, 75027, 81920, 0, 111.42, 33
nid008353,2026/05/03 16:10:56.295, 1, GPU-3d65dc3f-116a-1dd4-937c-6e4481a765b5, NVIDIA A100-SXM4-80GB, 75017, 81920, 0, 114.04, 31
nid008353,2026/05/03 16:10:56.297, 2, GPU-338e4806-c72e-e37a-4798-dc47c2f2de03, NVIDIA A100-SXM4-80GB, 75017, 81920, 0, 114.32, 34
nid008353,2026/05/03 16:10:56.299, 3, GPU-fec40d98-ea80-e220-a49c-31ccab4741af, NVIDIA A100-SXM4-80GB, 75017, 81920, 0, 111.16, 31
nid008352,2026/05/03 16:10:59.149, 0, GPU-c8e590fe-c1df-fb38-7bf3-9ed4364cf576, NVIDIA A100-SXM4-80GB, 76099, 81920, 61, 119.55, 34
nid008352,2026/05/03 16:10:59.152, 1, GPU-5efb5c1d-1cd8-daca-bd51-2f30d62f6e1e, NVIDIA A100-SXM4-80GB, 74853, 81920, 82, 119.88, 31
nid008352,2026/05/03 16:10:59.153, 2, GPU-1d24ec01-d8bb-a3cf-73c2-7d6014d1dd4d, NVIDIA A100-SXM4-80GB, 74853, 81920, 82, 118.41, 33
nid008352,2026/05/03 16:10:59.155, 3, GPU-689a6e7c-a622-65fb-9f4d-887ba745f660, NVIDIA A100-SXM4-80GB, 74853, 81920, 44, 123.30, 32
nid008353,2026/05/03 16:11:00.002, 0, GPU-3ad85384-e7dd-8c9b-13da-56f54bf334d9, NVIDIA A100-SXM4-80GB, 75027, 81920, 72, 138.85, 34
nid008353,2026/05/03 16:11:00.005, 1, GPU-3d65dc3f-116a-1dd4-937c-6e4481a765b5, NVIDIA A100-SXM4-80GB, 75017, 81920, 56, 143.01, 32
nid008353,2026/05/03 16:11:00.006, 2, GPU-338e4806-c72e-e37a-4798-dc47c2f2de03, NVIDIA A100-SXM4-80GB, 75017, 81920, 15, 118.03, 34
nid008353,2026/05/03 16:11:00.008, 3, GPU-fec40d98-ea80-e220-a49c-31ccab4741af, NVIDIA A100-SXM4-80GB, 75017, 81920, 63, 129.30, 32
nid008352,2026/05/03 16:11:02.850, 0, GPU-c8e590fe-c1df-fb38-7bf3-9ed4364cf576, NVIDIA A100-SXM4-80GB, 76099, 81920, 1, 110.50, 34
nid008352,2026/05/03 16:11:02.853, 1, GPU-5efb5c1d-1cd8-daca-bd51-2f30d62f6e1e, NVIDIA A100-SXM4-80GB, 74853, 81920, 0, 135.63, 31
nid008352,2026/05/03 16:11:02.854, 2, GPU-1d24ec01-d8bb-a3cf-73c2-7d6014d1dd4d, NVIDIA A100-SXM4-80GB, 74853, 81920, 43, 127.73, 33
nid008352,2026/05/03 16:11:02.856, 3, GPU-689a6e7c-a622-65fb-9f4d-887ba745f660, NVIDIA A100-SXM4-80GB, 74853, 81920, 17, 134.91, 32
nid008353,2026/05/03 16:11:03.671, 0, GPU-3ad85384-e7dd-8c9b-13da-56f54bf334d9, NVIDIA A100-SXM4-80GB, 75027, 81920, 14, 111.53, 33
nid008353,2026/05/03 16:11:03.674, 1, GPU-3d65dc3f-116a-1dd4-937c-6e4481a765b5, NVIDIA A100-SXM4-80GB, 75017, 81920, 0, 114.32, 31
nid008353,2026/05/03 16:11:03.675, 2, GPU-338e4806-c72e-e37a-4798-dc47c2f2de03, NVIDIA A100-SXM4-80GB, 75017, 81920, 46, 114.32, 34
nid008353,2026/05/03 16:11:03.677, 3, GPU-fec40d98-ea80-e220-a49c-31ccab4741af, NVIDIA A100-SXM4-80GB, 75017, 81920, 0, 109.69, 31
nid008352,2026/05/03 16:11:06.542, 0, GPU-c8e590fe-c1df-fb38-7bf3-9ed4364cf576, NVIDIA A100-SXM4-80GB, 76099, 81920, 37, 109.41, 33
nid008352,2026/05/03 16:11:06.544, 1, GPU-5efb5c1d-1cd8-daca-bd51-2f30d62f6e1e, NVIDIA A100-SXM4-80GB, 74853, 81920, 36, 113.93, 31
nid008352,2026/05/03 16:11:06.546, 2, GPU-1d24ec01-d8bb-a3cf-73c2-7d6014d1dd4d, NVIDIA A100-SXM4-80GB, 74853, 81920, 46, 114.20, 33
nid008352,2026/05/03 16:11:06.547, 3, GPU-689a6e7c-a622-65fb-9f4d-887ba745f660, NVIDIA A100-SXM4-80GB, 74853, 81920, 72, 111.91, 31
nid008353,2026/05/03 16:11:07.394, 0, GPU-3ad85384-e7dd-8c9b-13da-56f54bf334d9, NVIDIA A100-SXM4-80GB, 75027, 81920, 10, 111.29, 33
nid008353,2026/05/03 16:11:07.397, 1, GPU-3d65dc3f-116a-1dd4-937c-6e4481a765b5, NVIDIA A100-SXM4-80GB, 75017, 81920, 56, 114.32, 31
nid008353,2026/05/03 16:11:07.398, 2, GPU-338e4806-c72e-e37a-4798-dc47c2f2de03, NVIDIA A100-SXM4-80GB, 75017, 81920, 1, 114.18, 34
nid008353,2026/05/03 16:11:07.400, 3, GPU-fec40d98-ea80-e220-a49c-31ccab4741af, NVIDIA A100-SXM4-80GB, 75017, 81920, 0, 111.16, 31
nid008352,2026/05/03 16:11:10.258, 0, GPU-c8e590fe-c1df-fb38-7bf3-9ed4364cf576, NVIDIA A100-SXM4-80GB, 76099, 81920, 14, 228.34, 36
nid008352,2026/05/03 16:11:10.261, 1, GPU-5efb5c1d-1cd8-daca-bd51-2f30d62f6e1e, NVIDIA A100-SXM4-80GB, 74853, 81920, 55, 143.18, 36
nid008352,2026/05/03 16:11:10.262, 2, GPU-1d24ec01-d8bb-a3cf-73c2-7d6014d1dd4d, NVIDIA A100-SXM4-80GB, 74853, 81920, 100, 128.41, 38
nid008352,2026/05/03 16:11:10.264, 3, GPU-689a6e7c-a622-65fb-9f4d-887ba745f660, NVIDIA A100-SXM4-80GB, 74853, 81920, 100, 176.15, 34
nid008353,2026/05/03 16:11:11.105, 0, GPU-3ad85384-e7dd-8c9b-13da-56f54bf334d9, NVIDIA A100-SXM4-80GB, 75027, 81920, 85, 321.78, 37
nid008353,2026/05/03 16:11:11.107, 1, GPU-3d65dc3f-116a-1dd4-937c-6e4481a765b5, NVIDIA A100-SXM4-80GB, 75017, 81920, 80, 345.81, 36
nid008353,2026/05/03 16:11:11.109, 2, GPU-338e4806-c72e-e37a-4798-dc47c2f2de03, NVIDIA A100-SXM4-80GB, 75017, 81920, 100, 282.57, 39
nid008353,2026/05/03 16:11:11.111, 3, GPU-fec40d98-ea80-e220-a49c-31ccab4741af, NVIDIA A100-SXM4-80GB, 75017, 81920, 95, 272.97, 36
nid008352,2026/05/03 16:11:14.003, 0, GPU-c8e590fe-c1df-fb38-7bf3-9ed4364cf576, NVIDIA A100-SXM4-80GB, 76099, 81920, 100, 110.63, 34
nid008352,2026/05/03 16:11:14.006, 1, GPU-5efb5c1d-1cd8-daca-bd51-2f30d62f6e1e, NVIDIA A100-SXM4-80GB, 74853, 81920, 100, 114.85, 32
nid008352,2026/05/03 16:11:14.007, 2, GPU-1d24ec01-d8bb-a3cf-73c2-7d6014d1dd4d, NVIDIA A100-SXM4-80GB, 74853, 81920, 100, 115.34, 34
nid008352,2026/05/03 16:11:14.009, 3, GPU-689a6e7c-a622-65fb-9f4d-887ba745f660, NVIDIA A100-SXM4-80GB, 74853, 81920, 100, 113.25, 32
nid008353,2026/05/03 16:11:14.894, 0, GPU-3ad85384-e7dd-8c9b-13da-56f54bf334d9, NVIDIA A100-SXM4-80GB, 75027, 81920, 100, 112.04, 34
nid008353,2026/05/03 16:11:14.897, 1, GPU-3d65dc3f-116a-1dd4-937c-6e4481a765b5, NVIDIA A100-SXM4-80GB, 75017, 81920, 87, 114.61, 32
nid008353,2026/05/03 16:11:14.899, 2, GPU-338e4806-c72e-e37a-4798-dc47c2f2de03, NVIDIA A100-SXM4-80GB, 75017, 81920, 100, 114.99, 35
nid008353,2026/05/03 16:11:14.900, 3, GPU-fec40d98-ea80-e220-a49c-31ccab4741af, NVIDIA A100-SXM4-80GB, 75017, 81920, 62, 111.69, 32
nid008352,2026/05/03 16:11:17.780, 0, GPU-c8e590fe-c1df-fb38-7bf3-9ed4364cf576, NVIDIA A100-SXM4-80GB, 76101, 81920, 100, 434.93, 37
nid008352,2026/05/03 16:11:17.783, 1, GPU-5efb5c1d-1cd8-daca-bd51-2f30d62f6e1e, NVIDIA A100-SXM4-80GB, 74855, 81920, 100, 444.60, 36
nid008352,2026/05/03 16:11:17.784, 2, GPU-1d24ec01-d8bb-a3cf-73c2-7d6014d1dd4d, NVIDIA A100-SXM4-80GB, 74855, 81920, 100, 331.90, 40
nid008352,2026/05/03 16:11:17.786, 3, GPU-689a6e7c-a622-65fb-9f4d-887ba745f660, NVIDIA A100-SXM4-80GB, 74855, 81920, 100, 120.12, 36
nid008353,2026/05/03 16:11:18.706, 0, GPU-3ad85384-e7dd-8c9b-13da-56f54bf334d9, NVIDIA A100-SXM4-80GB, 75029, 81920, 99, 118.41, 36
nid008353,2026/05/03 16:11:18.709, 1, GPU-3d65dc3f-116a-1dd4-937c-6e4481a765b5, NVIDIA A100-SXM4-80GB, 75019, 81920, 74, 117.74, 34
nid008353,2026/05/03 16:11:18.711, 2, GPU-338e4806-c72e-e37a-4798-dc47c2f2de03, NVIDIA A100-SXM4-80GB, 75019, 81920, 67, 118.03, 37
nid008353,2026/05/03 16:11:18.712, 3, GPU-fec40d98-ea80-e220-a49c-31ccab4741af, NVIDIA A100-SXM4-80GB, 75019, 81920, 100, 280.54, 34
nid008352,2026/05/03 16:11:21.590, 0, GPU-c8e590fe-c1df-fb38-7bf3-9ed4364cf576, NVIDIA A100-SXM4-80GB, 76101, 81920, 53, 111.03, 34
nid008352,2026/05/03 16:11:21.592, 1, GPU-5efb5c1d-1cd8-daca-bd51-2f30d62f6e1e, NVIDIA A100-SXM4-80GB, 74855, 81920, 100, 137.09, 31
nid008352,2026/05/03 16:11:21.594, 2, GPU-1d24ec01-d8bb-a3cf-73c2-7d6014d1dd4d, NVIDIA A100-SXM4-80GB, 74855, 81920, 86, 121.02, 34
nid008352,2026/05/03 16:11:21.596, 3, GPU-689a6e7c-a622-65fb-9f4d-887ba745f660, NVIDIA A100-SXM4-80GB, 74855, 81920, 41, 138.10, 32
nid008353,2026/05/03 16:11:22.437, 0, GPU-3ad85384-e7dd-8c9b-13da-56f54bf334d9, NVIDIA A100-SXM4-80GB, 75029, 81920, 78, 125.96, 34
nid008353,2026/05/03 16:11:22.439, 1, GPU-3d65dc3f-116a-1dd4-937c-6e4481a765b5, NVIDIA A100-SXM4-80GB, 75019, 81920, 45, 131.76, 32
nid008353,2026/05/03 16:11:22.441, 2, GPU-338e4806-c72e-e37a-4798-dc47c2f2de03, NVIDIA A100-SXM4-80GB, 75019, 81920, 3, 148.56, 35
nid008353,2026/05/03 16:11:22.443, 3, GPU-fec40d98-ea80-e220-a49c-31ccab4741af, NVIDIA A100-SXM4-80GB, 75019, 81920, 44, 130.72, 32
nid008352,2026/05/03 16:11:25.348, 0, GPU-c8e590fe-c1df-fb38-7bf3-9ed4364cf576, NVIDIA A100-SXM4-80GB, 76101, 81920, 8, 133.79, 34
nid008352,2026/05/03 16:11:25.350, 1, GPU-5efb5c1d-1cd8-daca-bd51-2f30d62f6e1e, NVIDIA A100-SXM4-80GB, 74855, 81920, 100, 116.03, 31
nid008352,2026/05/03 16:11:25.352, 2, GPU-1d24ec01-d8bb-a3cf-73c2-7d6014d1dd4d, NVIDIA A100-SXM4-80GB, 74855, 81920, 100, 128.26, 34
nid008352,2026/05/03 16:11:25.354, 3, GPU-689a6e7c-a622-65fb-9f4d-887ba745f660, NVIDIA A100-SXM4-80GB, 74855, 81920, 100, 112.62, 32
nid008353,2026/05/03 16:11:26.202, 0, GPU-3ad85384-e7dd-8c9b-13da-56f54bf334d9, NVIDIA A100-SXM4-80GB, 75029, 81920, 78, 111.53, 34
nid008353,2026/05/03 16:11:26.205, 1, GPU-3d65dc3f-116a-1dd4-937c-6e4481a765b5, NVIDIA A100-SXM4-80GB, 75019, 81920, 95, 114.45, 31
nid008353,2026/05/03 16:11:26.206, 2, GPU-338e4806-c72e-e37a-4798-dc47c2f2de03, NVIDIA A100-SXM4-80GB, 75019, 81920, 42, 114.45, 34
nid008353,2026/05/03 16:11:26.208, 3, GPU-fec40d98-ea80-e220-a49c-31ccab4741af, NVIDIA A100-SXM4-80GB, 75019, 81920, 18, 111.16, 31
nid008352,2026/05/03 16:11:29.110, 0, GPU-c8e590fe-c1df-fb38-7bf3-9ed4364cf576, NVIDIA A100-SXM4-80GB, 76101, 81920, 31, 111.26, 34
nid008352,2026/05/03 16:11:29.113, 1, GPU-5efb5c1d-1cd8-daca-bd51-2f30d62f6e1e, NVIDIA A100-SXM4-80GB, 74855, 81920, 100, 135.40, 31
nid008352,2026/05/03 16:11:29.115, 2, GPU-1d24ec01-d8bb-a3cf-73c2-7d6014d1dd4d, NVIDIA A100-SXM4-80GB, 74855, 81920, 86, 114.82, 33
nid008352,2026/05/03 16:11:29.116, 3, GPU-689a6e7c-a622-65fb-9f4d-887ba745f660, NVIDIA A100-SXM4-80GB, 74855, 81920, 100, 128.72, 32
nid008353,2026/05/03 16:11:29.964, 0, GPU-3ad85384-e7dd-8c9b-13da-56f54bf334d9, NVIDIA A100-SXM4-80GB, 75029, 81920, 2, 111.53, 34
nid008353,2026/05/03 16:11:29.969, 1, GPU-3d65dc3f-116a-1dd4-937c-6e4481a765b5, NVIDIA A100-SXM4-80GB, 75019, 81920, 93, 114.61, 31
nid008353,2026/05/03 16:11:29.971, 2, GPU-338e4806-c72e-e37a-4798-dc47c2f2de03, NVIDIA A100-SXM4-80GB, 75019, 81920, 46, 114.47, 34
nid008353,2026/05/03 16:11:29.973, 3, GPU-fec40d98-ea80-e220-a49c-31ccab4741af, NVIDIA A100-SXM4-80GB, 75019, 81920, 38, 114.59, 32
nid008352,2026/05/03 16:11:32.887, 0, GPU-c8e590fe-c1df-fb38-7bf3-9ed4364cf576, NVIDIA A100-SXM4-80GB, 76101, 81920, 2, 118.27, 34
nid008352,2026/05/03 16:11:32.889, 1, GPU-5efb5c1d-1cd8-daca-bd51-2f30d62f6e1e, NVIDIA A100-SXM4-80GB, 74855, 81920, 100, 114.45, 31
nid008352,2026/05/03 16:11:32.891, 2, GPU-1d24ec01-d8bb-a3cf-73c2-7d6014d1dd4d, NVIDIA A100-SXM4-80GB, 74855, 81920, 100, 114.72, 33
nid008352,2026/05/03 16:11:32.893, 3, GPU-689a6e7c-a622-65fb-9f4d-887ba745f660, NVIDIA A100-SXM4-80GB, 74855, 81920, 100, 112.48, 32
nid008353,2026/05/03 16:11:33.707, 0, GPU-3ad85384-e7dd-8c9b-13da-56f54bf334d9, NVIDIA A100-SXM4-80GB, 75029, 81920, 15, 111.81, 34
nid008353,2026/05/03 16:11:33.709, 1, GPU-3d65dc3f-116a-1dd4-937c-6e4481a765b5, NVIDIA A100-SXM4-80GB, 75019, 81920, 84, 114.61, 31
nid008353,2026/05/03 16:11:33.711, 2, GPU-338e4806-c72e-e37a-4798-dc47c2f2de03, NVIDIA A100-SXM4-80GB, 75019, 81920, 74, 114.47, 34
nid008353,2026/05/03 16:11:33.713, 3, GPU-fec40d98-ea80-e220-a49c-31ccab4741af, NVIDIA A100-SXM4-80GB, 75019, 81920, 46, 128.41, 32
nid008352,2026/05/03 16:11:36.722, 0, GPU-c8e590fe-c1df-fb38-7bf3-9ed4364cf576, NVIDIA A100-SXM4-80GB, 76101, 81920, 1, 109.70, 34
nid008352,2026/05/03 16:11:36.736, 1, GPU-5efb5c1d-1cd8-daca-bd51-2f30d62f6e1e, NVIDIA A100-SXM4-80GB, 74855, 81920, 100, 130.20, 31
nid008352,2026/05/03 16:11:36.740, 2, GPU-1d24ec01-d8bb-a3cf-73c2-7d6014d1dd4d, NVIDIA A100-SXM4-80GB, 74855, 81920, 100, 123.39, 33
nid008352,2026/05/03 16:11:36.746, 3, GPU-689a6e7c-a622-65fb-9f4d-887ba745f660, NVIDIA A100-SXM4-80GB, 74855, 81920, 100, 131.58, 32
nid008353,2026/05/03 16:11:37.681, 0, GPU-3ad85384-e7dd-8c9b-13da-56f54bf334d9, NVIDIA A100-SXM4-80GB, 75029, 81920, 39, 137.80, 34
nid008353,2026/05/03 16:11:37.686, 1, GPU-3d65dc3f-116a-1dd4-937c-6e4481a765b5, NVIDIA A100-SXM4-80GB, 75019, 81920, 89, 134.95, 32
nid008353,2026/05/03 16:11:37.692, 2, GPU-338e4806-c72e-e37a-4798-dc47c2f2de03, NVIDIA A100-SXM4-80GB, 75019, 81920, 62, 128.63, 35
nid008353,2026/05/03 16:11:37.697, 3, GPU-fec40d98-ea80-e220-a49c-31ccab4741af, NVIDIA A100-SXM4-80GB, 75019, 81920, 28, 136.21, 32
nid008352,2026/05/03 16:11:40.727, 0, GPU-c8e590fe-c1df-fb38-7bf3-9ed4364cf576, NVIDIA A100-SXM4-80GB, 76101, 81920, 4, 109.70, 34
nid008352,2026/05/03 16:11:40.730, 1, GPU-5efb5c1d-1cd8-daca-bd51-2f30d62f6e1e, NVIDIA A100-SXM4-80GB, 74855, 81920, 100, 117.12, 31
nid008352,2026/05/03 16:11:40.737, 2, GPU-1d24ec01-d8bb-a3cf-73c2-7d6014d1dd4d, NVIDIA A100-SXM4-80GB, 74855, 81920, 100, 128.54, 33
nid008352,2026/05/03 16:11:40.738, 3, GPU-689a6e7c-a622-65fb-9f4d-887ba745f660, NVIDIA A100-SXM4-80GB, 74855, 81920, 97, 115.09, 32
nid008353,2026/05/03 16:11:41.624, 0, GPU-3ad85384-e7dd-8c9b-13da-56f54bf334d9, NVIDIA A100-SXM4-80GB, 75029, 81920, 75, 111.29, 33
nid008353,2026/05/03 16:11:41.626, 1, GPU-3d65dc3f-116a-1dd4-937c-6e4481a765b5, NVIDIA A100-SXM4-80GB, 75019, 81920, 55, 114.61, 31
nid008353,2026/05/03 16:11:41.628, 2, GPU-338e4806-c72e-e37a-4798-dc47c2f2de03, NVIDIA A100-SXM4-80GB, 75019, 81920, 67, 114.18, 34
nid008353,2026/05/03 16:11:41.629, 3, GPU-fec40d98-ea80-e220-a49c-31ccab4741af, NVIDIA A100-SXM4-80GB, 75019, 81920, 23, 111.16, 31
nid008352,2026/05/03 16:11:44.561, 0, GPU-c8e590fe-c1df-fb38-7bf3-9ed4364cf576, NVIDIA A100-SXM4-80GB, 76101, 81920, 3, 110.50, 34
nid008352,2026/05/03 16:11:44.564, 1, GPU-5efb5c1d-1cd8-daca-bd51-2f30d62f6e1e, NVIDIA A100-SXM4-80GB, 74855, 81920, 100, 115.79, 31
nid008352,2026/05/03 16:11:44.565, 2, GPU-1d24ec01-d8bb-a3cf-73c2-7d6014d1dd4d, NVIDIA A100-SXM4-80GB, 74855, 81920, 100, 120.26, 33
nid008352,2026/05/03 16:11:44.567, 3, GPU-689a6e7c-a622-65fb-9f4d-887ba745f660, NVIDIA A100-SXM4-80GB, 74855, 81920, 100, 112.48, 32
nid008353,2026/05/03 16:11:45.430, 0, GPU-3ad85384-e7dd-8c9b-13da-56f54bf334d9, NVIDIA A100-SXM4-80GB, 75029, 81920, 85, 111.42, 33
nid008353,2026/05/03 16:11:45.433, 1, GPU-3d65dc3f-116a-1dd4-937c-6e4481a765b5, NVIDIA A100-SXM4-80GB, 75019, 81920, 95, 114.32, 31
nid008353,2026/05/03 16:11:45.438, 2, GPU-338e4806-c72e-e37a-4798-dc47c2f2de03, NVIDIA A100-SXM4-80GB, 75019, 81920, 35, 114.85, 34
nid008353,2026/05/03 16:11:45.439, 3, GPU-fec40d98-ea80-e220-a49c-31ccab4741af, NVIDIA A100-SXM4-80GB, 75019, 81920, 56, 111.27, 31
nid008352,2026/05/03 16:11:48.296, 0, GPU-c8e590fe-c1df-fb38-7bf3-9ed4364cf576, NVIDIA A100-SXM4-80GB, 76101, 81920, 2, 109.54, 34
nid008352,2026/05/03 16:11:48.299, 1, GPU-5efb5c1d-1cd8-daca-bd51-2f30d62f6e1e, NVIDIA A100-SXM4-80GB, 74855, 81920, 100, 114.17, 31
nid008352,2026/05/03 16:11:48.301, 2, GPU-1d24ec01-d8bb-a3cf-73c2-7d6014d1dd4d, NVIDIA A100-SXM4-80GB, 74855, 81920, 100, 114.86, 33
nid008352,2026/05/03 16:11:48.303, 3, GPU-689a6e7c-a622-65fb-9f4d-887ba745f660, NVIDIA A100-SXM4-80GB, 74855, 81920, 100, 112.62, 32
nid008353,2026/05/03 16:11:49.120, 0, GPU-3ad85384-e7dd-8c9b-13da-56f54bf334d9, NVIDIA A100-SXM4-80GB, 75029, 81920, 21, 111.42, 33
nid008353,2026/05/03 16:11:49.122, 1, GPU-3d65dc3f-116a-1dd4-937c-6e4481a765b5, NVIDIA A100-SXM4-80GB, 75019, 81920, 20, 114.17, 31
nid008353,2026/05/03 16:11:49.124, 2, GPU-338e4806-c72e-e37a-4798-dc47c2f2de03, NVIDIA A100-SXM4-80GB, 75019, 81920, 17, 114.32, 34
nid008353,2026/05/03 16:11:49.125, 3, GPU-fec40d98-ea80-e220-a49c-31ccab4741af, NVIDIA A100-SXM4-80GB, 75019, 81920, 59, 111.03, 31
nid008352,2026/05/03 16:11:52.018, 0, GPU-c8e590fe-c1df-fb38-7bf3-9ed4364cf576, NVIDIA A100-SXM4-80GB, 76101, 81920, 98, 109.94, 33
nid008352,2026/05/03 16:11:52.021, 1, GPU-5efb5c1d-1cd8-daca-bd51-2f30d62f6e1e, NVIDIA A100-SXM4-80GB, 74855, 81920, 100, 116.31, 31
nid008352,2026/05/03 16:11:52.022, 2, GPU-1d24ec01-d8bb-a3cf-73c2-7d6014d1dd4d, NVIDIA A100-SXM4-80GB, 74855, 81920, 3, 125.09, 33
nid008352,2026/05/03 16:11:52.024, 3, GPU-689a6e7c-a622-65fb-9f4d-887ba745f660, NVIDIA A100-SXM4-80GB, 74855, 81920, 100, 114.57, 32
nid008353,2026/05/03 16:11:52.885, 0, GPU-3ad85384-e7dd-8c9b-13da-56f54bf334d9, NVIDIA A100-SXM4-80GB, 75029, 81920, 81, 142.72, 34
nid008353,2026/05/03 16:11:52.888, 1, GPU-3d65dc3f-116a-1dd4-937c-6e4481a765b5, NVIDIA A100-SXM4-80GB, 75019, 81920, 65, 131.09, 32
nid008353,2026/05/03 16:11:52.890, 2, GPU-338e4806-c72e-e37a-4798-dc47c2f2de03, NVIDIA A100-SXM4-80GB, 75019, 81920, 0, 131.61, 35
nid008353,2026/05/03 16:11:52.891, 3, GPU-fec40d98-ea80-e220-a49c-31ccab4741af, NVIDIA A100-SXM4-80GB, 75019, 81920, 20, 135.63, 32
nid008352,2026/05/03 16:11:55.797, 0, GPU-c8e590fe-c1df-fb38-7bf3-9ed4364cf576, NVIDIA A100-SXM4-80GB, 76101, 81920, 100, 110.35, 34
nid008352,2026/05/03 16:11:55.800, 1, GPU-5efb5c1d-1cd8-daca-bd51-2f30d62f6e1e, NVIDIA A100-SXM4-80GB, 74855, 81920, 100, 122.78, 31
nid008352,2026/05/03 16:11:55.802, 2, GPU-1d24ec01-d8bb-a3cf-73c2-7d6014d1dd4d, NVIDIA A100-SXM4-80GB, 74855, 81920, 3, 114.58, 34
nid008352,2026/05/03 16:11:55.803, 3, GPU-689a6e7c-a622-65fb-9f4d-887ba745f660, NVIDIA A100-SXM4-80GB, 74855, 81920, 100, 126.99, 32
nid008353,2026/05/03 16:11:56.710, 0, GPU-3ad85384-e7dd-8c9b-13da-56f54bf334d9, NVIDIA A100-SXM4-80GB, 75029, 81920, 48, 127.95, 34
nid008353,2026/05/03 16:11:56.716, 1, GPU-3d65dc3f-116a-1dd4-937c-6e4481a765b5, NVIDIA A100-SXM4-80GB, 75019, 81920, 82, 143.53, 32
nid008353,2026/05/03 16:11:56.721, 2, GPU-338e4806-c72e-e37a-4798-dc47c2f2de03, NVIDIA A100-SXM4-80GB, 75019, 81920, 6, 128.72, 35
nid008353,2026/05/03 16:11:56.727, 3, GPU-fec40d98-ea80-e220-a49c-31ccab4741af, NVIDIA A100-SXM4-80GB, 75019, 81920, 91, 115.79, 32
nid008352,2026/05/03 16:11:59.591, 0, GPU-c8e590fe-c1df-fb38-7bf3-9ed4364cf576, NVIDIA A100-SXM4-80GB, 76101, 81920, 100, 110.50, 33
nid008352,2026/05/03 16:11:59.594, 1, GPU-5efb5c1d-1cd8-daca-bd51-2f30d62f6e1e, NVIDIA A100-SXM4-80GB, 74855, 81920, 100, 143.70, 31
nid008352,2026/05/03 16:11:59.595, 2, GPU-1d24ec01-d8bb-a3cf-73c2-7d6014d1dd4d, NVIDIA A100-SXM4-80GB, 74855, 81920, 2, 114.72, 33
nid008352,2026/05/03 16:11:59.597, 3, GPU-689a6e7c-a622-65fb-9f4d-887ba745f660, NVIDIA A100-SXM4-80GB, 74855, 81920, 100, 112.48, 32
nid008353,2026/05/03 16:12:00.412, 0, GPU-3ad85384-e7dd-8c9b-13da-56f54bf334d9, NVIDIA A100-SXM4-80GB, 75029, 81920, 71, 111.42, 33
nid008353,2026/05/03 16:12:00.418, 1, GPU-3d65dc3f-116a-1dd4-937c-6e4481a765b5, NVIDIA A100-SXM4-80GB, 75019, 81920, 19, 114.32, 31
nid008353,2026/05/03 16:12:00.423, 2, GPU-338e4806-c72e-e37a-4798-dc47c2f2de03, NVIDIA A100-SXM4-80GB, 75019, 81920, 67, 114.32, 34
nid008353,2026/05/03 16:12:00.429, 3, GPU-fec40d98-ea80-e220-a49c-31ccab4741af, NVIDIA A100-SXM4-80GB, 75019, 81920, 67, 111.03, 31
nid008352,2026/05/03 16:12:03.299, 0, GPU-c8e590fe-c1df-fb38-7bf3-9ed4364cf576, NVIDIA A100-SXM4-80GB, 76101, 81920, 100, 128.02, 34
nid008352,2026/05/03 16:12:03.302, 1, GPU-5efb5c1d-1cd8-daca-bd51-2f30d62f6e1e, NVIDIA A100-SXM4-80GB, 74855, 81920, 100, 114.74, 31
nid008352,2026/05/03 16:12:03.303, 2, GPU-1d24ec01-d8bb-a3cf-73c2-7d6014d1dd4d, NVIDIA A100-SXM4-80GB, 74855, 81920, 2, 115.37, 34
nid008352,2026/05/03 16:12:03.305, 3, GPU-689a6e7c-a622-65fb-9f4d-887ba745f660, NVIDIA A100-SXM4-80GB, 74855, 81920, 100, 113.14, 32
nid008353,2026/05/03 16:12:04.132, 0, GPU-3ad85384-e7dd-8c9b-13da-56f54bf334d9, NVIDIA A100-SXM4-80GB, 75029, 81920, 34, 111.53, 34
nid008353,2026/05/03 16:12:04.135, 1, GPU-3d65dc3f-116a-1dd4-937c-6e4481a765b5, NVIDIA A100-SXM4-80GB, 75019, 81920, 14, 114.45, 31
nid008353,2026/05/03 16:12:04.137, 2, GPU-338e4806-c72e-e37a-4798-dc47c2f2de03, NVIDIA A100-SXM4-80GB, 75019, 81920, 10, 114.32, 34
nid008353,2026/05/03 16:12:04.138, 3, GPU-fec40d98-ea80-e220-a49c-31ccab4741af, NVIDIA A100-SXM4-80GB, 75019, 81920, 81, 111.03, 31
nid008352,2026/05/03 16:12:07.010, 0, GPU-c8e590fe-c1df-fb38-7bf3-9ed4364cf576, NVIDIA A100-SXM4-80GB, 76101, 81920, 100, 112.07, 34
nid008352,2026/05/03 16:12:07.016, 1, GPU-5efb5c1d-1cd8-daca-bd51-2f30d62f6e1e, NVIDIA A100-SXM4-80GB, 74855, 81920, 100, 114.59, 31
nid008352,2026/05/03 16:12:07.021, 2, GPU-1d24ec01-d8bb-a3cf-73c2-7d6014d1dd4d, NVIDIA A100-SXM4-80GB, 74855, 81920, 2, 114.86, 34
nid008352,2026/05/03 16:12:07.026, 3, GPU-689a6e7c-a622-65fb-9f4d-887ba745f660, NVIDIA A100-SXM4-80GB, 74855, 81920, 100, 112.85, 32
nid008353,2026/05/03 16:12:07.896, 0, GPU-3ad85384-e7dd-8c9b-13da-56f54bf334d9, NVIDIA A100-SXM4-80GB, 75029, 81920, 69, 112.33, 34
nid008353,2026/05/03 16:12:07.899, 1, GPU-3d65dc3f-116a-1dd4-937c-6e4481a765b5, NVIDIA A100-SXM4-80GB, 75019, 81920, 59, 130.20, 32
nid008353,2026/05/03 16:12:07.901, 2, GPU-338e4806-c72e-e37a-4798-dc47c2f2de03, NVIDIA A100-SXM4-80GB, 75019, 81920, 72, 134.19, 34
nid008353,2026/05/03 16:12:07.902, 3, GPU-fec40d98-ea80-e220-a49c-31ccab4741af, NVIDIA A100-SXM4-80GB, 75019, 81920, 97, 121.59, 32
nid008352,2026/05/03 16:12:10.774, 0, GPU-c8e590fe-c1df-fb38-7bf3-9ed4364cf576, NVIDIA A100-SXM4-80GB, 76101, 81920, 100, 113.11, 34
nid008352,2026/05/03 16:12:10.777, 1, GPU-5efb5c1d-1cd8-daca-bd51-2f30d62f6e1e, NVIDIA A100-SXM4-80GB, 74855, 81920, 100, 114.74, 31
nid008352,2026/05/03 16:12:10.779, 2, GPU-1d24ec01-d8bb-a3cf-73c2-7d6014d1dd4d, NVIDIA A100-SXM4-80GB, 74855, 81920, 2, 115.10, 33
nid008352,2026/05/03 16:12:10.781, 3, GPU-689a6e7c-a622-65fb-9f4d-887ba745f660, NVIDIA A100-SXM4-80GB, 74855, 81920, 100, 112.72, 32
nid008353,2026/05/03 16:12:11.640, 0, GPU-3ad85384-e7dd-8c9b-13da-56f54bf334d9, NVIDIA A100-SXM4-80GB, 75029, 81920, 77, 129.24, 33
nid008353,2026/05/03 16:12:11.642, 1, GPU-3d65dc3f-116a-1dd4-937c-6e4481a765b5, NVIDIA A100-SXM4-80GB, 75019, 81920, 44, 114.47, 31
nid008353,2026/05/03 16:12:11.645, 2, GPU-338e4806-c72e-e37a-4798-dc47c2f2de03, NVIDIA A100-SXM4-80GB, 75019, 81920, 12, 119.88, 34
nid008353,2026/05/03 16:12:11.647, 3, GPU-fec40d98-ea80-e220-a49c-31ccab4741af, NVIDIA A100-SXM4-80GB, 75019, 81920, 95, 111.40, 32
nid008352,2026/05/03 16:12:14.504, 0, GPU-c8e590fe-c1df-fb38-7bf3-9ed4364cf576, NVIDIA A100-SXM4-80GB, 76101, 81920, 92, 117.09, 34
nid008352,2026/05/03 16:12:14.507, 1, GPU-5efb5c1d-1cd8-daca-bd51-2f30d62f6e1e, NVIDIA A100-SXM4-80GB, 74855, 81920, 100, 114.74, 31
nid008352,2026/05/03 16:12:14.509, 2, GPU-1d24ec01-d8bb-a3cf-73c2-7d6014d1dd4d, NVIDIA A100-SXM4-80GB, 74855, 81920, 5, 115.76, 33
nid008352,2026/05/03 16:12:14.510, 3, GPU-689a6e7c-a622-65fb-9f4d-887ba745f660, NVIDIA A100-SXM4-80GB, 74855, 81920, 100, 113.14, 32
nid008353,2026/05/03 16:12:15.352, 0, GPU-3ad85384-e7dd-8c9b-13da-56f54bf334d9, NVIDIA A100-SXM4-80GB, 75029, 81920, 26, 111.29, 33
nid008353,2026/05/03 16:12:15.354, 1, GPU-3d65dc3f-116a-1dd4-937c-6e4481a765b5, NVIDIA A100-SXM4-80GB, 75019, 81920, 84, 121.83, 31
nid008353,2026/05/03 16:12:15.357, 2, GPU-338e4806-c72e-e37a-4798-dc47c2f2de03, NVIDIA A100-SXM4-80GB, 75019, 81920, 12, 114.32, 34
nid008353,2026/05/03 16:12:15.359, 3, GPU-fec40d98-ea80-e220-a49c-31ccab4741af, NVIDIA A100-SXM4-80GB, 75019, 81920, 74, 111.16, 32
nid008352,2026/05/03 16:12:18.212, 0, GPU-c8e590fe-c1df-fb38-7bf3-9ed4364cf576, NVIDIA A100-SXM4-80GB, 76101, 81920, 92, 110.50, 34
nid008352,2026/05/03 16:12:18.215, 1, GPU-5efb5c1d-1cd8-daca-bd51-2f30d62f6e1e, NVIDIA A100-SXM4-80GB, 74855, 81920, 100, 140.51, 31
nid008352,2026/05/03 16:12:18.217, 2, GPU-1d24ec01-d8bb-a3cf-73c2-7d6014d1dd4d, NVIDIA A100-SXM4-80GB, 74855, 81920, 9, 122.49, 33
nid008352,2026/05/03 16:12:18.218, 3, GPU-689a6e7c-a622-65fb-9f4d-887ba745f660, NVIDIA A100-SXM4-80GB, 74855, 81920, 100, 126.32, 32
nid008353,2026/05/03 16:12:19.065, 0, GPU-3ad85384-e7dd-8c9b-13da-56f54bf334d9, NVIDIA A100-SXM4-80GB, 75029, 81920, 20, 126.86, 34
nid008353,2026/05/03 16:12:19.068, 1, GPU-3d65dc3f-116a-1dd4-937c-6e4481a765b5, NVIDIA A100-SXM4-80GB, 75019, 81920, 95, 127.53, 32
nid008353,2026/05/03 16:12:19.069, 2, GPU-338e4806-c72e-e37a-4798-dc47c2f2de03, NVIDIA A100-SXM4-80GB, 75019, 81920, 0, 132.70, 35
nid008353,2026/05/03 16:12:19.071, 3, GPU-fec40d98-ea80-e220-a49c-31ccab4741af, NVIDIA A100-SXM4-80GB, 75019, 81920, 52, 136.60, 32
nid008352,2026/05/03 16:12:21.958, 0, GPU-c8e590fe-c1df-fb38-7bf3-9ed4364cf576, NVIDIA A100-SXM4-80GB, 76101, 81920, 52, 111.03, 34
nid008352,2026/05/03 16:12:21.964, 1, GPU-5efb5c1d-1cd8-daca-bd51-2f30d62f6e1e, NVIDIA A100-SXM4-80GB, 74855, 81920, 100, 114.45, 31
nid008352,2026/05/03 16:12:21.970, 2, GPU-1d24ec01-d8bb-a3cf-73c2-7d6014d1dd4d, NVIDIA A100-SXM4-80GB, 74855, 81920, 75, 114.96, 34
nid008352,2026/05/03 16:12:21.972, 3, GPU-689a6e7c-a622-65fb-9f4d-887ba745f660, NVIDIA A100-SXM4-80GB, 74855, 81920, 100, 112.48, 32
nid008353,2026/05/03 16:12:22.805, 0, GPU-3ad85384-e7dd-8c9b-13da-56f54bf334d9, NVIDIA A100-SXM4-80GB, 75029, 81920, 7, 140.98, 34
nid008353,2026/05/03 16:12:22.808, 1, GPU-3d65dc3f-116a-1dd4-937c-6e4481a765b5, NVIDIA A100-SXM4-80GB, 75019, 81920, 96, 139.46, 32
nid008353,2026/05/03 16:12:22.809, 2, GPU-338e4806-c72e-e37a-4798-dc47c2f2de03, NVIDIA A100-SXM4-80GB, 75019, 81920, 67, 116.69, 35
nid008353,2026/05/03 16:12:22.811, 3, GPU-fec40d98-ea80-e220-a49c-31ccab4741af, NVIDIA A100-SXM4-80GB, 75019, 81920, 93, 134.59, 32
nid008352,2026/05/03 16:12:25.671, 0, GPU-c8e590fe-c1df-fb38-7bf3-9ed4364cf576, NVIDIA A100-SXM4-80GB, 76101, 81920, 16, 111.54, 34
nid008352,2026/05/03 16:12:25.674, 1, GPU-5efb5c1d-1cd8-daca-bd51-2f30d62f6e1e, NVIDIA A100-SXM4-80GB, 74855, 81920, 100, 114.74, 31
nid008352,2026/05/03 16:12:25.675, 2, GPU-1d24ec01-d8bb-a3cf-73c2-7d6014d1dd4d, NVIDIA A100-SXM4-80GB, 74855, 81920, 100, 114.96, 33
nid008352,2026/05/03 16:12:25.677, 3, GPU-689a6e7c-a622-65fb-9f4d-887ba745f660, NVIDIA A100-SXM4-80GB, 74855, 81920, 100, 113.00, 32
nid008353,2026/05/03 16:12:26.518, 0, GPU-3ad85384-e7dd-8c9b-13da-56f54bf334d9, NVIDIA A100-SXM4-80GB, 75029, 81920, 38, 118.03, 34
nid008353,2026/05/03 16:12:26.521, 1, GPU-3d65dc3f-116a-1dd4-937c-6e4481a765b5, NVIDIA A100-SXM4-80GB, 75019, 81920, 74, 145.38, 32
nid008353,2026/05/03 16:12:26.522, 2, GPU-338e4806-c72e-e37a-4798-dc47c2f2de03, NVIDIA A100-SXM4-80GB, 75019, 81920, 92, 129.00, 35
nid008353,2026/05/03 16:12:26.524, 3, GPU-fec40d98-ea80-e220-a49c-31ccab4741af, NVIDIA A100-SXM4-80GB, 75019, 81920, 99, 130.87, 32
nid008352,2026/05/03 16:12:29.394, 0, GPU-c8e590fe-c1df-fb38-7bf3-9ed4364cf576, NVIDIA A100-SXM4-80GB, 76101, 81920, 4, 110.22, 33
nid008352,2026/05/03 16:12:29.397, 1, GPU-5efb5c1d-1cd8-daca-bd51-2f30d62f6e1e, NVIDIA A100-SXM4-80GB, 74855, 81920, 100, 114.45, 31
nid008352,2026/05/03 16:12:29.399, 2, GPU-1d24ec01-d8bb-a3cf-73c2-7d6014d1dd4d, NVIDIA A100-SXM4-80GB, 74855, 81920, 100, 114.72, 34
nid008352,2026/05/03 16:12:29.400, 3, GPU-689a6e7c-a622-65fb-9f4d-887ba745f660, NVIDIA A100-SXM4-80GB, 74855, 81920, 100, 112.48, 32
nid008353,2026/05/03 16:12:30.268, 0, GPU-3ad85384-e7dd-8c9b-13da-56f54bf334d9, NVIDIA A100-SXM4-80GB, 75029, 81920, 13, 121.30, 34
nid008353,2026/05/03 16:12:30.279, 1, GPU-3d65dc3f-116a-1dd4-937c-6e4481a765b5, NVIDIA A100-SXM4-80GB, 75019, 81920, 91, 143.98, 32
nid008353,2026/05/03 16:12:30.283, 2, GPU-338e4806-c72e-e37a-4798-dc47c2f2de03, NVIDIA A100-SXM4-80GB, 75019, 81920, 90, 131.61, 35
nid008353,2026/05/03 16:12:30.289, 3, GPU-fec40d98-ea80-e220-a49c-31ccab4741af, NVIDIA A100-SXM4-80GB, 75019, 81920, 88, 138.82, 32
nid008352,2026/05/03 16:12:33.194, 0, GPU-c8e590fe-c1df-fb38-7bf3-9ed4364cf576, NVIDIA A100-SXM4-80GB, 76101, 81920, 3, 111.03, 34
nid008352,2026/05/03 16:12:33.197, 1, GPU-5efb5c1d-1cd8-daca-bd51-2f30d62f6e1e, NVIDIA A100-SXM4-80GB, 74855, 81920, 100, 114.31, 31
nid008352,2026/05/03 16:12:33.199, 2, GPU-1d24ec01-d8bb-a3cf-73c2-7d6014d1dd4d, NVIDIA A100-SXM4-80GB, 74855, 81920, 100, 114.82, 33
nid008352,2026/05/03 16:12:33.200, 3, GPU-689a6e7c-a622-65fb-9f4d-887ba745f660, NVIDIA A100-SXM4-80GB, 74855, 81920, 100, 112.62, 32
nid008353,2026/05/03 16:12:34.037, 0, GPU-3ad85384-e7dd-8c9b-13da-56f54bf334d9, NVIDIA A100-SXM4-80GB, 75029, 81920, 3, 122.11, 34
nid008353,2026/05/03 16:12:34.040, 1, GPU-3d65dc3f-116a-1dd4-937c-6e4481a765b5, NVIDIA A100-SXM4-80GB, 75019, 81920, 100, 133.10, 32
nid008353,2026/05/03 16:12:34.041, 2, GPU-338e4806-c72e-e37a-4798-dc47c2f2de03, NVIDIA A100-SXM4-80GB, 75019, 81920, 4, 144.51, 35
nid008353,2026/05/03 16:12:34.043, 3, GPU-fec40d98-ea80-e220-a49c-31ccab4741af, NVIDIA A100-SXM4-80GB, 75019, 81920, 95, 111.40, 32
nid008352,2026/05/03 16:12:36.924, 0, GPU-c8e590fe-c1df-fb38-7bf3-9ed4364cf576, NVIDIA A100-SXM4-80GB, 76101, 81920, 43, 111.78, 33
nid008352,2026/05/03 16:12:36.927, 1, GPU-5efb5c1d-1cd8-daca-bd51-2f30d62f6e1e, NVIDIA A100-SXM4-80GB, 74855, 81920, 100, 114.74, 31
nid008352,2026/05/03 16:12:36.928, 2, GPU-1d24ec01-d8bb-a3cf-73c2-7d6014d1dd4d, NVIDIA A100-SXM4-80GB, 74855, 81920, 100, 115.24, 33
nid008352,2026/05/03 16:12:36.930, 3, GPU-689a6e7c-a622-65fb-9f4d-887ba745f660, NVIDIA A100-SXM4-80GB, 74855, 81920, 100, 112.85, 32
nid008353,2026/05/03 16:12:37.784, 0, GPU-3ad85384-e7dd-8c9b-13da-56f54bf334d9, NVIDIA A100-SXM4-80GB, 75029, 81920, 2, 127.14, 34
nid008353,2026/05/03 16:12:37.787, 1, GPU-3d65dc3f-116a-1dd4-937c-6e4481a765b5, NVIDIA A100-SXM4-80GB, 75019, 81920, 100, 119.60, 31
nid008353,2026/05/03 16:12:37.788, 2, GPU-338e4806-c72e-e37a-4798-dc47c2f2de03, NVIDIA A100-SXM4-80GB, 75019, 81920, 60, 138.49, 35
nid008353,2026/05/03 16:12:37.790, 3, GPU-fec40d98-ea80-e220-a49c-31ccab4741af, NVIDIA A100-SXM4-80GB, 75019, 81920, 100, 111.40, 32
nid008352,2026/05/03 16:12:40.655, 0, GPU-c8e590fe-c1df-fb38-7bf3-9ed4364cf576, NVIDIA A100-SXM4-80GB, 76101, 81920, 2, 110.74, 33
nid008352,2026/05/03 16:12:40.658, 1, GPU-5efb5c1d-1cd8-daca-bd51-2f30d62f6e1e, NVIDIA A100-SXM4-80GB, 74855, 81920, 100, 114.45, 31
nid008352,2026/05/03 16:12:40.660, 2, GPU-1d24ec01-d8bb-a3cf-73c2-7d6014d1dd4d, NVIDIA A100-SXM4-80GB, 74855, 81920, 100, 114.96, 33
nid008352,2026/05/03 16:12:40.662, 3, GPU-689a6e7c-a622-65fb-9f4d-887ba745f660, NVIDIA A100-SXM4-80GB, 74855, 81920, 100, 112.72, 32
nid008353,2026/05/03 16:12:41.497, 0, GPU-3ad85384-e7dd-8c9b-13da-56f54bf334d9, NVIDIA A100-SXM4-80GB, 75029, 81920, 14, 111.53, 34
nid008353,2026/05/03 16:12:41.500, 1, GPU-3d65dc3f-116a-1dd4-937c-6e4481a765b5, NVIDIA A100-SXM4-80GB, 75019, 81920, 89, 114.32, 31
nid008353,2026/05/03 16:12:41.502, 2, GPU-338e4806-c72e-e37a-4798-dc47c2f2de03, NVIDIA A100-SXM4-80GB, 75019, 81920, 84, 124.40, 34
nid008353,2026/05/03 16:12:41.503, 3, GPU-fec40d98-ea80-e220-a49c-31ccab4741af, NVIDIA A100-SXM4-80GB, 75019, 81920, 9, 111.40, 31
nid008352,2026/05/03 16:12:44.371, 0, GPU-c8e590fe-c1df-fb38-7bf3-9ed4364cf576, NVIDIA A100-SXM4-80GB, 76101, 81920, 1, 109.83, 34
nid008352,2026/05/03 16:12:44.374, 1, GPU-5efb5c1d-1cd8-daca-bd51-2f30d62f6e1e, NVIDIA A100-SXM4-80GB, 74855, 81920, 100, 125.30, 31
nid008352,2026/05/03 16:12:44.376, 2, GPU-1d24ec01-d8bb-a3cf-73c2-7d6014d1dd4d, NVIDIA A100-SXM4-80GB, 74855, 81920, 100, 135.27, 33
nid008352,2026/05/03 16:12:44.377, 3, GPU-689a6e7c-a622-65fb-9f4d-887ba745f660, NVIDIA A100-SXM4-80GB, 74855, 81920, 100, 123.68, 32
nid008353,2026/05/03 16:12:45.236, 0, GPU-3ad85384-e7dd-8c9b-13da-56f54bf334d9, NVIDIA A100-SXM4-80GB, 75029, 81920, 7, 111.42, 33
nid008353,2026/05/03 16:12:45.239, 1, GPU-3d65dc3f-116a-1dd4-937c-6e4481a765b5, NVIDIA A100-SXM4-80GB, 75019, 81920, 96, 115.36, 31
nid008353,2026/05/03 16:12:45.240, 2, GPU-338e4806-c72e-e37a-4798-dc47c2f2de03, NVIDIA A100-SXM4-80GB, 75019, 81920, 94, 114.32, 34
nid008353,2026/05/03 16:12:45.242, 3, GPU-fec40d98-ea80-e220-a49c-31ccab4741af, NVIDIA A100-SXM4-80GB, 75019, 81920, 65, 111.27, 31
nid008352,2026/05/03 16:12:48.097, 0, GPU-c8e590fe-c1df-fb38-7bf3-9ed4364cf576, NVIDIA A100-SXM4-80GB, 76101, 81920, 2, 110.22, 33
nid008352,2026/05/03 16:12:48.101, 1, GPU-5efb5c1d-1cd8-daca-bd51-2f30d62f6e1e, NVIDIA A100-SXM4-80GB, 74855, 81920, 100, 114.32, 31
nid008352,2026/05/03 16:12:48.102, 2, GPU-1d24ec01-d8bb-a3cf-73c2-7d6014d1dd4d, NVIDIA A100-SXM4-80GB, 74855, 81920, 100, 114.72, 33
nid008352,2026/05/03 16:12:48.103, 3, GPU-689a6e7c-a622-65fb-9f4d-887ba745f660, NVIDIA A100-SXM4-80GB, 74855, 81920, 100, 112.48, 32
nid008353,2026/05/03 16:12:48.994, 0, GPU-3ad85384-e7dd-8c9b-13da-56f54bf334d9, NVIDIA A100-SXM4-80GB, 75029, 81920, 0, 142.14, 34
nid008353,2026/05/03 16:12:48.997, 1, GPU-3d65dc3f-116a-1dd4-937c-6e4481a765b5, NVIDIA A100-SXM4-80GB, 75019, 81920, 93, 143.18, 32
nid008353,2026/05/03 16:12:48.999, 2, GPU-338e4806-c72e-e37a-4798-dc47c2f2de03, NVIDIA A100-SXM4-80GB, 75019, 81920, 93, 140.11, 35
nid008353,2026/05/03 16:12:49.000, 3, GPU-fec40d98-ea80-e220-a49c-31ccab4741af, NVIDIA A100-SXM4-80GB, 75019, 81920, 60, 136.21, 32
nid008352,2026/05/03 16:12:51.865, 0, GPU-c8e590fe-c1df-fb38-7bf3-9ed4364cf576, NVIDIA A100-SXM4-80GB, 76101, 81920, 1, 109.70, 33
nid008352,2026/05/03 16:12:51.870, 1, GPU-5efb5c1d-1cd8-daca-bd51-2f30d62f6e1e, NVIDIA A100-SXM4-80GB, 74855, 81920, 100, 130.35, 31
nid008352,2026/05/03 16:12:51.875, 2, GPU-1d24ec01-d8bb-a3cf-73c2-7d6014d1dd4d, NVIDIA A100-SXM4-80GB, 74855, 81920, 100, 128.02, 33
nid008352,2026/05/03 16:12:51.880, 3, GPU-689a6e7c-a622-65fb-9f4d-887ba745f660, NVIDIA A100-SXM4-80GB, 74855, 81920, 100, 124.49, 32
nid008353,2026/05/03 16:12:52.729, 0, GPU-3ad85384-e7dd-8c9b-13da-56f54bf334d9, NVIDIA A100-SXM4-80GB, 75029, 81920, 3, 111.53, 33
nid008353,2026/05/03 16:12:52.732, 1, GPU-3d65dc3f-116a-1dd4-937c-6e4481a765b5, NVIDIA A100-SXM4-80GB, 75019, 81920, 94, 114.32, 31
nid008353,2026/05/03 16:12:52.733, 2, GPU-338e4806-c72e-e37a-4798-dc47c2f2de03, NVIDIA A100-SXM4-80GB, 75019, 81920, 91, 114.32, 34
nid008353,2026/05/03 16:12:52.735, 3, GPU-fec40d98-ea80-e220-a49c-31ccab4741af, NVIDIA A100-SXM4-80GB, 75019, 81920, 90, 111.03, 31
nid008352,2026/05/03 16:12:55.594, 0, GPU-c8e590fe-c1df-fb38-7bf3-9ed4364cf576, NVIDIA A100-SXM4-80GB, 76101, 81920, 1, 109.70, 34
nid008352,2026/05/03 16:12:55.597, 1, GPU-5efb5c1d-1cd8-daca-bd51-2f30d62f6e1e, NVIDIA A100-SXM4-80GB, 74855, 81920, 100, 141.43, 31
nid008352,2026/05/03 16:12:55.598, 2, GPU-1d24ec01-d8bb-a3cf-73c2-7d6014d1dd4d, NVIDIA A100-SXM4-80GB, 74855, 81920, 100, 114.58, 33
nid008352,2026/05/03 16:12:55.600, 3, GPU-689a6e7c-a622-65fb-9f4d-887ba745f660, NVIDIA A100-SXM4-80GB, 74855, 81920, 96, 137.64, 32
nid008353,2026/05/03 16:12:56.420, 0, GPU-3ad85384-e7dd-8c9b-13da-56f54bf334d9, NVIDIA A100-SXM4-80GB, 75029, 81920, 69, 111.29, 33
nid008353,2026/05/03 16:12:56.423, 1, GPU-3d65dc3f-116a-1dd4-937c-6e4481a765b5, NVIDIA A100-SXM4-80GB, 75019, 81920, 47, 114.32, 31
nid008353,2026/05/03 16:12:56.425, 2, GPU-338e4806-c72e-e37a-4798-dc47c2f2de03, NVIDIA A100-SXM4-80GB, 75019, 81920, 46, 114.32, 34
nid008353,2026/05/03 16:12:56.427, 3, GPU-fec40d98-ea80-e220-a49c-31ccab4741af, NVIDIA A100-SXM4-80GB, 75019, 81920, 61, 111.27, 31
nid008352,2026/05/03 16:12:59.276, 0, GPU-c8e590fe-c1df-fb38-7bf3-9ed4364cf576, NVIDIA A100-SXM4-80GB, 76101, 81920, 2, 109.70, 34
nid008352,2026/05/03 16:12:59.282, 1, GPU-5efb5c1d-1cd8-daca-bd51-2f30d62f6e1e, NVIDIA A100-SXM4-80GB, 74855, 81920, 100, 114.32, 31
nid008352,2026/05/03 16:12:59.286, 2, GPU-1d24ec01-d8bb-a3cf-73c2-7d6014d1dd4d, NVIDIA A100-SXM4-80GB, 74855, 81920, 100, 114.72, 33
nid008352,2026/05/03 16:12:59.291, 3, GPU-689a6e7c-a622-65fb-9f4d-887ba745f660, NVIDIA A100-SXM4-80GB, 74855, 81920, 100, 140.82, 32
nid008353,2026/05/03 16:13:00.151, 0, GPU-3ad85384-e7dd-8c9b-13da-56f54bf334d9, NVIDIA A100-SXM4-80GB, 75029, 81920, 58, 111.29, 33
nid008353,2026/05/03 16:13:00.154, 1, GPU-3d65dc3f-116a-1dd4-937c-6e4481a765b5, NVIDIA A100-SXM4-80GB, 75019, 81920, 23, 114.32, 31
nid008353,2026/05/03 16:13:00.157, 2, GPU-338e4806-c72e-e37a-4798-dc47c2f2de03, NVIDIA A100-SXM4-80GB, 75019, 81920, 99, 114.32, 34
nid008353,2026/05/03 16:13:00.159, 3, GPU-fec40d98-ea80-e220-a49c-31ccab4741af, NVIDIA A100-SXM4-80GB, 75019, 81920, 90, 111.16, 31
nid008352,2026/05/03 16:13:03.051, 0, GPU-c8e590fe-c1df-fb38-7bf3-9ed4364cf576, NVIDIA A100-SXM4-80GB, 76101, 81920, 2, 110.74, 33
nid008352,2026/05/03 16:13:03.066, 1, GPU-5efb5c1d-1cd8-daca-bd51-2f30d62f6e1e, NVIDIA A100-SXM4-80GB, 74855, 81920, 100, 114.74, 31
nid008352,2026/05/03 16:13:03.071, 2, GPU-1d24ec01-d8bb-a3cf-73c2-7d6014d1dd4d, NVIDIA A100-SXM4-80GB, 74855, 81920, 100, 114.82, 33
nid008352,2026/05/03 16:13:03.076, 3, GPU-689a6e7c-a622-65fb-9f4d-887ba745f660, NVIDIA A100-SXM4-80GB, 74855, 81920, 100, 112.62, 32
nid008353,2026/05/03 16:13:03.920, 0, GPU-3ad85384-e7dd-8c9b-13da-56f54bf334d9, NVIDIA A100-SXM4-80GB, 75029, 81920, 3, 111.42, 33
nid008353,2026/05/03 16:13:03.923, 1, GPU-3d65dc3f-116a-1dd4-937c-6e4481a765b5, NVIDIA A100-SXM4-80GB, 75019, 81920, 99, 114.32, 31
nid008353,2026/05/03 16:13:03.924, 2, GPU-338e4806-c72e-e37a-4798-dc47c2f2de03, NVIDIA A100-SXM4-80GB, 75019, 81920, 89, 114.32, 34
nid008353,2026/05/03 16:13:03.926, 3, GPU-fec40d98-ea80-e220-a49c-31ccab4741af, NVIDIA A100-SXM4-80GB, 75019, 81920, 98, 111.16, 31
nid008352,2026/05/03 16:13:06.794, 0, GPU-c8e590fe-c1df-fb38-7bf3-9ed4364cf576, NVIDIA A100-SXM4-80GB, 76101, 81920, 1, 110.74, 33
nid008352,2026/05/03 16:13:06.796, 1, GPU-5efb5c1d-1cd8-daca-bd51-2f30d62f6e1e, NVIDIA A100-SXM4-80GB, 74855, 81920, 100, 114.74, 31
nid008352,2026/05/03 16:13:06.798, 2, GPU-1d24ec01-d8bb-a3cf-73c2-7d6014d1dd4d, NVIDIA A100-SXM4-80GB, 74855, 81920, 100, 114.96, 33
nid008352,2026/05/03 16:13:06.799, 3, GPU-689a6e7c-a622-65fb-9f4d-887ba745f660, NVIDIA A100-SXM4-80GB, 74855, 81920, 100, 112.72, 32
nid008353,2026/05/03 16:13:07.645, 0, GPU-3ad85384-e7dd-8c9b-13da-56f54bf334d9, NVIDIA A100-SXM4-80GB, 75029, 81920, 34, 111.53, 33
nid008353,2026/05/03 16:13:07.648, 1, GPU-3d65dc3f-116a-1dd4-937c-6e4481a765b5, NVIDIA A100-SXM4-80GB, 75019, 81920, 62, 114.61, 31
nid008353,2026/05/03 16:13:07.649, 2, GPU-338e4806-c72e-e37a-4798-dc47c2f2de03, NVIDIA A100-SXM4-80GB, 75019, 81920, 84, 114.47, 34
nid008353,2026/05/03 16:13:07.651, 3, GPU-fec40d98-ea80-e220-a49c-31ccab4741af, NVIDIA A100-SXM4-80GB, 75019, 81920, 98, 111.27, 31
nid008352,2026/05/03 16:13:10.531, 0, GPU-c8e590fe-c1df-fb38-7bf3-9ed4364cf576, NVIDIA A100-SXM4-80GB, 76101, 81920, 4, 109.57, 33
nid008352,2026/05/03 16:13:10.533, 1, GPU-5efb5c1d-1cd8-daca-bd51-2f30d62f6e1e, NVIDIA A100-SXM4-80GB, 74855, 81920, 100, 120.69, 31
nid008352,2026/05/03 16:13:10.535, 2, GPU-1d24ec01-d8bb-a3cf-73c2-7d6014d1dd4d, NVIDIA A100-SXM4-80GB, 74855, 81920, 100, 125.80, 33
nid008352,2026/05/03 16:13:10.537, 3, GPU-689a6e7c-a622-65fb-9f4d-887ba745f660, NVIDIA A100-SXM4-80GB, 74855, 81920, 100, 116.32, 32
nid008353,2026/05/03 16:13:11.378, 0, GPU-3ad85384-e7dd-8c9b-13da-56f54bf334d9, NVIDIA A100-SXM4-80GB, 75029, 81920, 1, 112.47, 34
nid008353,2026/05/03 16:13:11.382, 1, GPU-3d65dc3f-116a-1dd4-937c-6e4481a765b5, NVIDIA A100-SXM4-80GB, 75019, 81920, 91, 141.96, 32
nid008353,2026/05/03 16:13:11.383, 2, GPU-338e4806-c72e-e37a-4798-dc47c2f2de03, NVIDIA A100-SXM4-80GB, 75019, 81920, 89, 126.25, 35
nid008353,2026/05/03 16:13:11.385, 3, GPU-fec40d98-ea80-e220-a49c-31ccab4741af, NVIDIA A100-SXM4-80GB, 75019, 81920, 89, 115.79, 32
nid008352,2026/05/03 16:13:14.268, 0, GPU-c8e590fe-c1df-fb38-7bf3-9ed4364cf576, NVIDIA A100-SXM4-80GB, 76101, 81920, 100, 121.96, 34
nid008352,2026/05/03 16:13:14.270, 1, GPU-5efb5c1d-1cd8-daca-bd51-2f30d62f6e1e, NVIDIA A100-SXM4-80GB, 74855, 81920, 17, 128.26, 31
nid008352,2026/05/03 16:13:14.272, 2, GPU-1d24ec01-d8bb-a3cf-73c2-7d6014d1dd4d, NVIDIA A100-SXM4-80GB, 74855, 81920, 100, 125.80, 34
nid008352,2026/05/03 16:13:14.273, 3, GPU-689a6e7c-a622-65fb-9f4d-887ba745f660, NVIDIA A100-SXM4-80GB, 74855, 81920, 96, 134.63, 32
nid008353,2026/05/03 16:13:15.090, 0, GPU-3ad85384-e7dd-8c9b-13da-56f54bf334d9, NVIDIA A100-SXM4-80GB, 75029, 81920, 0, 111.42, 33
nid008353,2026/05/03 16:13:15.093, 1, GPU-3d65dc3f-116a-1dd4-937c-6e4481a765b5, NVIDIA A100-SXM4-80GB, 75019, 81920, 0, 114.04, 31
nid008353,2026/05/03 16:13:15.094, 2, GPU-338e4806-c72e-e37a-4798-dc47c2f2de03, NVIDIA A100-SXM4-80GB, 75019, 81920, 54, 114.47, 34
nid008353,2026/05/03 16:13:15.097, 3, GPU-fec40d98-ea80-e220-a49c-31ccab4741af, NVIDIA A100-SXM4-80GB, 75019, 81920, 3, 110.87, 31
nid008352,2026/05/03 16:13:18.024, 0, GPU-c8e590fe-c1df-fb38-7bf3-9ed4364cf576, NVIDIA A100-SXM4-80GB, 76383, 81920, 100, 355.76, 41
nid008352,2026/05/03 16:13:18.027, 1, GPU-5efb5c1d-1cd8-daca-bd51-2f30d62f6e1e, NVIDIA A100-SXM4-80GB, 75065, 81920, 100, 407.45, 37
nid008352,2026/05/03 16:13:18.028, 2, GPU-1d24ec01-d8bb-a3cf-73c2-7d6014d1dd4d, NVIDIA A100-SXM4-80GB, 75065, 81920, 100, 367.09, 36
nid008352,2026/05/03 16:13:18.030, 3, GPU-689a6e7c-a622-65fb-9f4d-887ba745f660, NVIDIA A100-SXM4-80GB, 75065, 81920, 100, 435.98, 40
nid008353,2026/05/03 16:13:18.865, 0, GPU-3ad85384-e7dd-8c9b-13da-56f54bf334d9, NVIDIA A100-SXM4-80GB, 75029, 81920, 54, 359.52, 37
nid008353,2026/05/03 16:13:18.868, 1, GPU-3d65dc3f-116a-1dd4-937c-6e4481a765b5, NVIDIA A100-SXM4-80GB, 75019, 81920, 90, 116.46, 33
nid008353,2026/05/03 16:13:18.869, 2, GPU-338e4806-c72e-e37a-4798-dc47c2f2de03, NVIDIA A100-SXM4-80GB, 75019, 81920, 91, 187.23, 38
nid008353,2026/05/03 16:13:18.871, 3, GPU-fec40d98-ea80-e220-a49c-31ccab4741af, NVIDIA A100-SXM4-80GB, 75019, 81920, 91, 114.59, 33
nid008352,2026/05/03 16:13:21.755, 0, GPU-c8e590fe-c1df-fb38-7bf3-9ed4364cf576, NVIDIA A100-SXM4-80GB, 76383, 81920, 100, 111.39, 36
nid008352,2026/05/03 16:13:21.757, 1, GPU-5efb5c1d-1cd8-daca-bd51-2f30d62f6e1e, NVIDIA A100-SXM4-80GB, 75065, 81920, 100, 115.79, 32
nid008352,2026/05/03 16:13:21.761, 2, GPU-1d24ec01-d8bb-a3cf-73c2-7d6014d1dd4d, NVIDIA A100-SXM4-80GB, 75065, 81920, 100, 117.61, 35
nid008352,2026/05/03 16:13:21.763, 3, GPU-689a6e7c-a622-65fb-9f4d-887ba745f660, NVIDIA A100-SXM4-80GB, 75065, 81920, 100, 109.43, 34
nid008353,2026/05/03 16:13:22.608, 0, GPU-3ad85384-e7dd-8c9b-13da-56f54bf334d9, NVIDIA A100-SXM4-80GB, 75029, 81920, 82, 112.47, 35
nid008353,2026/05/03 16:13:22.610, 1, GPU-3d65dc3f-116a-1dd4-937c-6e4481a765b5, NVIDIA A100-SXM4-80GB, 75019, 81920, 36, 116.46, 33
nid008353,2026/05/03 16:13:22.612, 2, GPU-338e4806-c72e-e37a-4798-dc47c2f2de03, NVIDIA A100-SXM4-80GB, 75019, 81920, 92, 115.13, 36
nid008353,2026/05/03 16:13:22.614, 3, GPU-fec40d98-ea80-e220-a49c-31ccab4741af, NVIDIA A100-SXM4-80GB, 75019, 81920, 72, 111.92, 33
nid008352,2026/05/03 16:13:25.520, 0, GPU-c8e590fe-c1df-fb38-7bf3-9ed4364cf576, NVIDIA A100-SXM4-80GB, 76383, 81920, 28, 122.87, 35
nid008352,2026/05/03 16:13:25.524, 1, GPU-5efb5c1d-1cd8-daca-bd51-2f30d62f6e1e, NVIDIA A100-SXM4-80GB, 75065, 81920, 95, 115.79, 32
nid008352,2026/05/03 16:13:25.525, 2, GPU-1d24ec01-d8bb-a3cf-73c2-7d6014d1dd4d, NVIDIA A100-SXM4-80GB, 75065, 81920, 100, 115.91, 35
nid008352,2026/05/03 16:13:25.527, 3, GPU-689a6e7c-a622-65fb-9f4d-887ba745f660, NVIDIA A100-SXM4-80GB, 75065, 81920, 75, 123.01, 33
nid008353,2026/05/03 16:13:26.347, 0, GPU-3ad85384-e7dd-8c9b-13da-56f54bf334d9, NVIDIA A100-SXM4-80GB, 75029, 81920, 51, 111.94, 34
nid008353,2026/05/03 16:13:26.350, 1, GPU-3d65dc3f-116a-1dd4-937c-6e4481a765b5, NVIDIA A100-SXM4-80GB, 75019, 81920, 73, 114.61, 32
nid008353,2026/05/03 16:13:26.351, 2, GPU-338e4806-c72e-e37a-4798-dc47c2f2de03, NVIDIA A100-SXM4-80GB, 75019, 81920, 8, 114.71, 35
nid008353,2026/05/03 16:13:26.353, 3, GPU-fec40d98-ea80-e220-a49c-31ccab4741af, NVIDIA A100-SXM4-80GB, 75019, 81920, 82, 111.27, 32
nid008352,2026/05/03 16:13:29.217, 0, GPU-c8e590fe-c1df-fb38-7bf3-9ed4364cf576, NVIDIA A100-SXM4-80GB, 76383, 81920, 2, 110.35, 34
nid008352,2026/05/03 16:13:29.224, 1, GPU-5efb5c1d-1cd8-daca-bd51-2f30d62f6e1e, NVIDIA A100-SXM4-80GB, 75065, 81920, 93, 116.17, 31
nid008352,2026/05/03 16:13:29.225, 2, GPU-1d24ec01-d8bb-a3cf-73c2-7d6014d1dd4d, NVIDIA A100-SXM4-80GB, 75065, 81920, 100, 115.90, 34
nid008352,2026/05/03 16:13:29.227, 3, GPU-689a6e7c-a622-65fb-9f4d-887ba745f660, NVIDIA A100-SXM4-80GB, 75065, 81920, 100, 113.14, 32
nid008353,2026/05/03 16:13:30.054, 0, GPU-3ad85384-e7dd-8c9b-13da-56f54bf334d9, NVIDIA A100-SXM4-80GB, 75029, 81920, 7, 142.20, 34
nid008353,2026/05/03 16:13:30.057, 1, GPU-3d65dc3f-116a-1dd4-937c-6e4481a765b5, NVIDIA A100-SXM4-80GB, 75019, 81920, 18, 136.64, 32
nid008353,2026/05/03 16:13:30.058, 2, GPU-338e4806-c72e-e37a-4798-dc47c2f2de03, NVIDIA A100-SXM4-80GB, 75019, 81920, 83, 132.78, 35
nid008353,2026/05/03 16:13:30.060, 3, GPU-fec40d98-ea80-e220-a49c-31ccab4741af, NVIDIA A100-SXM4-80GB, 75019, 81920, 60, 129.02, 32
nid008352,2026/05/03 16:13:32.924, 0, GPU-c8e590fe-c1df-fb38-7bf3-9ed4364cf576, NVIDIA A100-SXM4-80GB, 76383, 81920, 2, 122.87, 34
nid008352,2026/05/03 16:13:32.927, 1, GPU-5efb5c1d-1cd8-daca-bd51-2f30d62f6e1e, NVIDIA A100-SXM4-80GB, 75065, 81920, 100, 114.74, 31
nid008352,2026/05/03 16:13:32.928, 2, GPU-1d24ec01-d8bb-a3cf-73c2-7d6014d1dd4d, NVIDIA A100-SXM4-80GB, 75065, 81920, 100, 117.89, 34
nid008352,2026/05/03 16:13:32.930, 3, GPU-689a6e7c-a622-65fb-9f4d-887ba745f660, NVIDIA A100-SXM4-80GB, 75065, 81920, 100, 123.53, 32
nid008353,2026/05/03 16:13:33.773, 0, GPU-3ad85384-e7dd-8c9b-13da-56f54bf334d9, NVIDIA A100-SXM4-80GB, 75029, 81920, 76, 111.53, 34
nid008353,2026/05/03 16:13:33.776, 1, GPU-3d65dc3f-116a-1dd4-937c-6e4481a765b5, NVIDIA A100-SXM4-80GB, 75019, 81920, 91, 114.45, 31
nid008353,2026/05/03 16:13:33.777, 2, GPU-338e4806-c72e-e37a-4798-dc47c2f2de03, NVIDIA A100-SXM4-80GB, 75019, 81920, 21, 114.61, 34
nid008353,2026/05/03 16:13:33.779, 3, GPU-fec40d98-ea80-e220-a49c-31ccab4741af, NVIDIA A100-SXM4-80GB, 75019, 81920, 78, 111.27, 32
nid008352,2026/05/03 16:13:36.756, 0, GPU-c8e590fe-c1df-fb38-7bf3-9ed4364cf576, NVIDIA A100-SXM4-80GB, 76383, 81920, 2, 131.95, 34
nid008352,2026/05/03 16:13:36.759, 1, GPU-5efb5c1d-1cd8-daca-bd51-2f30d62f6e1e, NVIDIA A100-SXM4-80GB, 75065, 81920, 100, 137.09, 31
nid008352,2026/05/03 16:13:36.766, 2, GPU-1d24ec01-d8bb-a3cf-73c2-7d6014d1dd4d, NVIDIA A100-SXM4-80GB, 75065, 81920, 100, 123.81, 34
nid008352,2026/05/03 16:13:36.768, 3, GPU-689a6e7c-a622-65fb-9f4d-887ba745f660, NVIDIA A100-SXM4-80GB, 75065, 81920, 100, 121.16, 32
nid008353,2026/05/03 16:13:37.600, 0, GPU-3ad85384-e7dd-8c9b-13da-56f54bf334d9, NVIDIA A100-SXM4-80GB, 75029, 81920, 40, 111.53, 34
nid008353,2026/05/03 16:13:37.602, 1, GPU-3d65dc3f-116a-1dd4-937c-6e4481a765b5, NVIDIA A100-SXM4-80GB, 75019, 81920, 50, 114.61, 31
nid008353,2026/05/03 16:13:37.604, 2, GPU-338e4806-c72e-e37a-4798-dc47c2f2de03, NVIDIA A100-SXM4-80GB, 75019, 81920, 94, 114.61, 34
nid008353,2026/05/03 16:13:37.606, 3, GPU-fec40d98-ea80-e220-a49c-31ccab4741af, NVIDIA A100-SXM4-80GB, 75019, 81920, 86, 111.55, 32
nid008352,2026/05/03 16:13:40.509, 0, GPU-c8e590fe-c1df-fb38-7bf3-9ed4364cf576, NVIDIA A100-SXM4-80GB, 76383, 81920, 2, 109.70, 34
nid008352,2026/05/03 16:13:40.512, 1, GPU-5efb5c1d-1cd8-daca-bd51-2f30d62f6e1e, NVIDIA A100-SXM4-80GB, 75065, 81920, 100, 114.74, 31
nid008352,2026/05/03 16:13:40.514, 2, GPU-1d24ec01-d8bb-a3cf-73c2-7d6014d1dd4d, NVIDIA A100-SXM4-80GB, 75065, 81920, 100, 114.72, 34
nid008352,2026/05/03 16:13:40.515, 3, GPU-689a6e7c-a622-65fb-9f4d-887ba745f660, NVIDIA A100-SXM4-80GB, 75065, 81920, 100, 112.62, 32
nid008353,2026/05/03 16:13:41.374, 0, GPU-3ad85384-e7dd-8c9b-13da-56f54bf334d9, NVIDIA A100-SXM4-80GB, 75029, 81920, 28, 117.89, 34
nid008353,2026/05/03 16:13:41.377, 1, GPU-3d65dc3f-116a-1dd4-937c-6e4481a765b5, NVIDIA A100-SXM4-80GB, 75019, 81920, 87, 115.13, 31
nid008353,2026/05/03 16:13:41.378, 2, GPU-338e4806-c72e-e37a-4798-dc47c2f2de03, NVIDIA A100-SXM4-80GB, 75019, 81920, 97, 115.65, 35
nid008353,2026/05/03 16:13:41.380, 3, GPU-fec40d98-ea80-e220-a49c-31ccab4741af, NVIDIA A100-SXM4-80GB, 75019, 81920, 76, 111.40, 32
nid008352,2026/05/03 16:13:44.313, 0, GPU-c8e590fe-c1df-fb38-7bf3-9ed4364cf576, NVIDIA A100-SXM4-80GB, 76383, 81920, 7, 130.91, 34
nid008352,2026/05/03 16:13:44.316, 1, GPU-5efb5c1d-1cd8-daca-bd51-2f30d62f6e1e, NVIDIA A100-SXM4-80GB, 75065, 81920, 100, 131.00, 31
nid008352,2026/05/03 16:13:44.317, 2, GPU-1d24ec01-d8bb-a3cf-73c2-7d6014d1dd4d, NVIDIA A100-SXM4-80GB, 75065, 81920, 100, 122.87, 34
nid008352,2026/05/03 16:13:44.319, 3, GPU-689a6e7c-a622-65fb-9f4d-887ba745f660, NVIDIA A100-SXM4-80GB, 75065, 81920, 100, 125.15, 32
nid008353,2026/05/03 16:13:45.200, 0, GPU-3ad85384-e7dd-8c9b-13da-56f54bf334d9, NVIDIA A100-SXM4-80GB, 75029, 81920, 5, 111.53, 34
nid008353,2026/05/03 16:13:45.202, 1, GPU-3d65dc3f-116a-1dd4-937c-6e4481a765b5, NVIDIA A100-SXM4-80GB, 75019, 81920, 74, 114.32, 31
nid008353,2026/05/03 16:13:45.204, 2, GPU-338e4806-c72e-e37a-4798-dc47c2f2de03, NVIDIA A100-SXM4-80GB, 75019, 81920, 65, 114.74, 35
nid008353,2026/05/03 16:13:45.206, 3, GPU-fec40d98-ea80-e220-a49c-31ccab4741af, NVIDIA A100-SXM4-80GB, 75019, 81920, 91, 111.27, 32
nid008352,2026/05/03 16:13:48.048, 0, GPU-c8e590fe-c1df-fb38-7bf3-9ed4364cf576, NVIDIA A100-SXM4-80GB, 76383, 81920, 3, 111.16, 34
nid008352,2026/05/03 16:13:48.051, 1, GPU-5efb5c1d-1cd8-daca-bd51-2f30d62f6e1e, NVIDIA A100-SXM4-80GB, 75065, 81920, 100, 133.54, 31
nid008352,2026/05/03 16:13:48.052, 2, GPU-1d24ec01-d8bb-a3cf-73c2-7d6014d1dd4d, NVIDIA A100-SXM4-80GB, 75065, 81920, 100, 123.15, 34
nid008352,2026/05/03 16:13:48.054, 3, GPU-689a6e7c-a622-65fb-9f4d-887ba745f660, NVIDIA A100-SXM4-80GB, 75065, 81920, 100, 114.57, 32
nid008353,2026/05/03 16:13:48.918, 0, GPU-3ad85384-e7dd-8c9b-13da-56f54bf334d9, NVIDIA A100-SXM4-80GB, 75029, 81920, 84, 129.52, 34
nid008353,2026/05/03 16:13:48.921, 1, GPU-3d65dc3f-116a-1dd4-937c-6e4481a765b5, NVIDIA A100-SXM4-80GB, 75019, 81920, 21, 125.15, 32
nid008353,2026/05/03 16:13:48.922, 2, GPU-338e4806-c72e-e37a-4798-dc47c2f2de03, NVIDIA A100-SXM4-80GB, 75019, 81920, 96, 114.61, 35
nid008353,2026/05/03 16:13:48.924, 3, GPU-fec40d98-ea80-e220-a49c-31ccab4741af, NVIDIA A100-SXM4-80GB, 75019, 81920, 95, 111.79, 32
nid008352,2026/05/03 16:13:51.780, 0, GPU-c8e590fe-c1df-fb38-7bf3-9ed4364cf576, NVIDIA A100-SXM4-80GB, 76383, 81920, 2, 110.35, 34
nid008352,2026/05/03 16:13:51.785, 1, GPU-5efb5c1d-1cd8-daca-bd51-2f30d62f6e1e, NVIDIA A100-SXM4-80GB, 75065, 81920, 100, 115.13, 31
nid008352,2026/05/03 16:13:51.791, 2, GPU-1d24ec01-d8bb-a3cf-73c2-7d6014d1dd4d, NVIDIA A100-SXM4-80GB, 75065, 81920, 100, 114.96, 34
nid008352,2026/05/03 16:13:51.796, 3, GPU-689a6e7c-a622-65fb-9f4d-887ba745f660, NVIDIA A100-SXM4-80GB, 75065, 81920, 100, 112.85, 32
nid008353,2026/05/03 16:13:52.652, 0, GPU-3ad85384-e7dd-8c9b-13da-56f54bf334d9, NVIDIA A100-SXM4-80GB, 75029, 81920, 42, 111.53, 34
nid008353,2026/05/03 16:13:52.655, 1, GPU-3d65dc3f-116a-1dd4-937c-6e4481a765b5, NVIDIA A100-SXM4-80GB, 75019, 81920, 91, 114.45, 31
nid008353,2026/05/03 16:13:52.656, 2, GPU-338e4806-c72e-e37a-4798-dc47c2f2de03, NVIDIA A100-SXM4-80GB, 75019, 81920, 67, 114.61, 34
nid008353,2026/05/03 16:13:52.658, 3, GPU-fec40d98-ea80-e220-a49c-31ccab4741af, NVIDIA A100-SXM4-80GB, 75019, 81920, 97, 111.03, 32
nid008352,2026/05/03 16:13:55.553, 0, GPU-c8e590fe-c1df-fb38-7bf3-9ed4364cf576, NVIDIA A100-SXM4-80GB, 76383, 81920, 65, 115.48, 34
nid008352,2026/05/03 16:13:55.560, 1, GPU-5efb5c1d-1cd8-daca-bd51-2f30d62f6e1e, NVIDIA A100-SXM4-80GB, 75065, 81920, 56, 126.40, 31
nid008352,2026/05/03 16:13:55.567, 2, GPU-1d24ec01-d8bb-a3cf-73c2-7d6014d1dd4d, NVIDIA A100-SXM4-80GB, 75065, 81920, 100, 118.41, 34
nid008352,2026/05/03 16:13:55.573, 3, GPU-689a6e7c-a622-65fb-9f4d-887ba745f660, NVIDIA A100-SXM4-80GB, 75065, 81920, 100, 125.38, 32
nid008353,2026/05/03 16:13:56.416, 0, GPU-3ad85384-e7dd-8c9b-13da-56f54bf334d9, NVIDIA A100-SXM4-80GB, 75029, 81920, 10, 129.80, 34
nid008353,2026/05/03 16:13:56.419, 1, GPU-3d65dc3f-116a-1dd4-937c-6e4481a765b5, NVIDIA A100-SXM4-80GB, 75019, 81920, 33, 119.07, 32
nid008353,2026/05/03 16:13:56.420, 2, GPU-338e4806-c72e-e37a-4798-dc47c2f2de03, NVIDIA A100-SXM4-80GB, 75019, 81920, 56, 135.88, 35
nid008353,2026/05/03 16:13:56.422, 3, GPU-fec40d98-ea80-e220-a49c-31ccab4741af, NVIDIA A100-SXM4-80GB, 75019, 81920, 89, 121.36, 32
nid008352,2026/05/03 16:13:59.331, 0, GPU-c8e590fe-c1df-fb38-7bf3-9ed4364cf576, NVIDIA A100-SXM4-80GB, 76383, 81920, 2, 110.50, 34
nid008352,2026/05/03 16:13:59.333, 1, GPU-5efb5c1d-1cd8-daca-bd51-2f30d62f6e1e, NVIDIA A100-SXM4-80GB, 75065, 81920, 53, 120.02, 31
nid008352,2026/05/03 16:13:59.335, 2, GPU-1d24ec01-d8bb-a3cf-73c2-7d6014d1dd4d, NVIDIA A100-SXM4-80GB, 75065, 81920, 100, 115.76, 34
nid008352,2026/05/03 16:13:59.337, 3, GPU-689a6e7c-a622-65fb-9f4d-887ba745f660, NVIDIA A100-SXM4-80GB, 75065, 81920, 100, 115.37, 32
nid008353,2026/05/03 16:14:00.175, 0, GPU-3ad85384-e7dd-8c9b-13da-56f54bf334d9, NVIDIA A100-SXM4-80GB, 75029, 81920, 16, 111.53, 34
nid008353,2026/05/03 16:14:00.178, 1, GPU-3d65dc3f-116a-1dd4-937c-6e4481a765b5, NVIDIA A100-SXM4-80GB, 75019, 81920, 30, 114.32, 31
nid008353,2026/05/03 16:14:00.179, 2, GPU-338e4806-c72e-e37a-4798-dc47c2f2de03, NVIDIA A100-SXM4-80GB, 75019, 81920, 77, 114.61, 34
nid008353,2026/05/03 16:14:00.181, 3, GPU-fec40d98-ea80-e220-a49c-31ccab4741af, NVIDIA A100-SXM4-80GB, 75019, 81920, 72, 111.40, 32
nid008352,2026/05/03 16:14:03.067, 0, GPU-c8e590fe-c1df-fb38-7bf3-9ed4364cf576, NVIDIA A100-SXM4-80GB, 76383, 81920, 2, 128.54, 34
nid008352,2026/05/03 16:14:03.070, 1, GPU-5efb5c1d-1cd8-daca-bd51-2f30d62f6e1e, NVIDIA A100-SXM4-80GB, 75065, 81920, 100, 114.98, 31
nid008352,2026/05/03 16:14:03.071, 2, GPU-1d24ec01-d8bb-a3cf-73c2-7d6014d1dd4d, NVIDIA A100-SXM4-80GB, 75065, 81920, 100, 134.83, 34
nid008352,2026/05/03 16:14:03.073, 3, GPU-689a6e7c-a622-65fb-9f4d-887ba745f660, NVIDIA A100-SXM4-80GB, 75065, 81920, 100, 120.93, 32
nid008353,2026/05/03 16:14:03.900, 0, GPU-3ad85384-e7dd-8c9b-13da-56f54bf334d9, NVIDIA A100-SXM4-80GB, 75029, 81920, 54, 111.66, 34
nid008353,2026/05/03 16:14:03.902, 1, GPU-3d65dc3f-116a-1dd4-937c-6e4481a765b5, NVIDIA A100-SXM4-80GB, 75019, 81920, 91, 114.61, 32
nid008353,2026/05/03 16:14:03.904, 2, GPU-338e4806-c72e-e37a-4798-dc47c2f2de03, NVIDIA A100-SXM4-80GB, 75019, 81920, 91, 114.61, 35
nid008353,2026/05/03 16:14:03.905, 3, GPU-fec40d98-ea80-e220-a49c-31ccab4741af, NVIDIA A100-SXM4-80GB, 75019, 81920, 91, 111.27, 32
nid008352,2026/05/03 16:14:06.886, 0, GPU-c8e590fe-c1df-fb38-7bf3-9ed4364cf576, NVIDIA A100-SXM4-80GB, 76383, 81920, 1, 110.74, 34
nid008352,2026/05/03 16:14:06.889, 1, GPU-5efb5c1d-1cd8-daca-bd51-2f30d62f6e1e, NVIDIA A100-SXM4-80GB, 75065, 81920, 100, 122.78, 31
nid008352,2026/05/03 16:14:06.890, 2, GPU-1d24ec01-d8bb-a3cf-73c2-7d6014d1dd4d, NVIDIA A100-SXM4-80GB, 75065, 81920, 100, 116.28, 34
nid008352,2026/05/03 16:14:06.892, 3, GPU-689a6e7c-a622-65fb-9f4d-887ba745f660, NVIDIA A100-SXM4-80GB, 75065, 81920, 100, 125.38, 32
nid008353,2026/05/03 16:14:07.745, 0, GPU-3ad85384-e7dd-8c9b-13da-56f54bf334d9, NVIDIA A100-SXM4-80GB, 75029, 81920, 63, 111.53, 34
nid008353,2026/05/03 16:14:07.747, 1, GPU-3d65dc3f-116a-1dd4-937c-6e4481a765b5, NVIDIA A100-SXM4-80GB, 75019, 81920, 93, 114.61, 32
nid008353,2026/05/03 16:14:07.749, 2, GPU-338e4806-c72e-e37a-4798-dc47c2f2de03, NVIDIA A100-SXM4-80GB, 75019, 81920, 24, 114.85, 35
nid008353,2026/05/03 16:14:07.751, 3, GPU-fec40d98-ea80-e220-a49c-31ccab4741af, NVIDIA A100-SXM4-80GB, 75019, 81920, 90, 111.40, 32
nid008352,2026/05/03 16:14:10.683, 0, GPU-c8e590fe-c1df-fb38-7bf3-9ed4364cf576, NVIDIA A100-SXM4-80GB, 76383, 81920, 2, 110.07, 34
nid008352,2026/05/03 16:14:10.686, 1, GPU-5efb5c1d-1cd8-daca-bd51-2f30d62f6e1e, NVIDIA A100-SXM4-80GB, 75065, 81920, 100, 120.12, 31
nid008352,2026/05/03 16:14:10.687, 2, GPU-1d24ec01-d8bb-a3cf-73c2-7d6014d1dd4d, NVIDIA A100-SXM4-80GB, 75065, 81920, 100, 115.76, 34
nid008352,2026/05/03 16:14:10.689, 3, GPU-689a6e7c-a622-65fb-9f4d-887ba745f660, NVIDIA A100-SXM4-80GB, 75065, 81920, 100, 112.85, 32
nid008353,2026/05/03 16:14:11.572, 0, GPU-3ad85384-e7dd-8c9b-13da-56f54bf334d9, NVIDIA A100-SXM4-80GB, 75029, 81920, 3, 111.66, 34
nid008353,2026/05/03 16:14:11.575, 1, GPU-3d65dc3f-116a-1dd4-937c-6e4481a765b5, NVIDIA A100-SXM4-80GB, 75019, 81920, 77, 114.61, 32
nid008353,2026/05/03 16:14:11.578, 2, GPU-338e4806-c72e-e37a-4798-dc47c2f2de03, NVIDIA A100-SXM4-80GB, 75019, 81920, 67, 114.71, 35
nid008353,2026/05/03 16:14:11.579, 3, GPU-fec40d98-ea80-e220-a49c-31ccab4741af, NVIDIA A100-SXM4-80GB, 75019, 81920, 73, 111.40, 32
nid008352,2026/05/03 16:14:14.436, 0, GPU-c8e590fe-c1df-fb38-7bf3-9ed4364cf576, NVIDIA A100-SXM4-80GB, 76383, 81920, 2, 110.74, 34
nid008352,2026/05/03 16:14:14.439, 1, GPU-5efb5c1d-1cd8-daca-bd51-2f30d62f6e1e, NVIDIA A100-SXM4-80GB, 75065, 81920, 100, 126.78, 31
nid008352,2026/05/03 16:14:14.440, 2, GPU-1d24ec01-d8bb-a3cf-73c2-7d6014d1dd4d, NVIDIA A100-SXM4-80GB, 75065, 81920, 100, 116.67, 34
nid008352,2026/05/03 16:14:14.442, 3, GPU-689a6e7c-a622-65fb-9f4d-887ba745f660, NVIDIA A100-SXM4-80GB, 75065, 81920, 100, 113.53, 32
nid008353,2026/05/03 16:14:15.301, 0, GPU-3ad85384-e7dd-8c9b-13da-56f54bf334d9, NVIDIA A100-SXM4-80GB, 75029, 81920, 36, 111.53, 34
nid008353,2026/05/03 16:14:15.304, 1, GPU-3d65dc3f-116a-1dd4-937c-6e4481a765b5, NVIDIA A100-SXM4-80GB, 75019, 81920, 49, 129.80, 32
nid008353,2026/05/03 16:14:15.306, 2, GPU-338e4806-c72e-e37a-4798-dc47c2f2de03, NVIDIA A100-SXM4-80GB, 75019, 81920, 99, 114.47, 35
nid008353,2026/05/03 16:14:15.307, 3, GPU-fec40d98-ea80-e220-a49c-31ccab4741af, NVIDIA A100-SXM4-80GB, 75019, 81920, 96, 111.40, 32
nid008352,2026/05/03 16:14:18.164, 0, GPU-c8e590fe-c1df-fb38-7bf3-9ed4364cf576, NVIDIA A100-SXM4-80GB, 76383, 81920, 2, 109.94, 34
nid008352,2026/05/03 16:14:18.167, 1, GPU-5efb5c1d-1cd8-daca-bd51-2f30d62f6e1e, NVIDIA A100-SXM4-80GB, 75065, 81920, 100, 114.98, 31
nid008352,2026/05/03 16:14:18.169, 2, GPU-1d24ec01-d8bb-a3cf-73c2-7d6014d1dd4d, NVIDIA A100-SXM4-80GB, 75065, 81920, 100, 114.96, 34
nid008352,2026/05/03 16:14:18.173, 3, GPU-689a6e7c-a622-65fb-9f4d-887ba745f660, NVIDIA A100-SXM4-80GB, 75065, 81920, 100, 112.85, 32
nid008353,2026/05/03 16:14:19.012, 0, GPU-3ad85384-e7dd-8c9b-13da-56f54bf334d9, NVIDIA A100-SXM4-80GB, 75029, 81920, 47, 111.66, 34
nid008353,2026/05/03 16:14:19.015, 1, GPU-3d65dc3f-116a-1dd4-937c-6e4481a765b5, NVIDIA A100-SXM4-80GB, 75019, 81920, 99, 150.93, 32
nid008353,2026/05/03 16:14:19.017, 2, GPU-338e4806-c72e-e37a-4798-dc47c2f2de03, NVIDIA A100-SXM4-80GB, 75019, 81920, 44, 114.47, 35
nid008353,2026/05/03 16:14:19.019, 3, GPU-fec40d98-ea80-e220-a49c-31ccab4741af, NVIDIA A100-SXM4-80GB, 75019, 81920, 75, 110.06, 32
nid008352,2026/05/03 16:14:21.891, 0, GPU-c8e590fe-c1df-fb38-7bf3-9ed4364cf576, NVIDIA A100-SXM4-80GB, 76383, 81920, 2, 127.37, 34
nid008352,2026/05/03 16:14:21.894, 1, GPU-5efb5c1d-1cd8-daca-bd51-2f30d62f6e1e, NVIDIA A100-SXM4-80GB, 75065, 81920, 100, 114.45, 31
nid008352,2026/05/03 16:14:21.895, 2, GPU-1d24ec01-d8bb-a3cf-73c2-7d6014d1dd4d, NVIDIA A100-SXM4-80GB, 75065, 81920, 100, 136.60, 34
nid008352,2026/05/03 16:14:21.897, 3, GPU-689a6e7c-a622-65fb-9f4d-887ba745f660, NVIDIA A100-SXM4-80GB, 75065, 81920, 100, 127.52, 32
nid008353,2026/05/03 16:14:22.726, 0, GPU-3ad85384-e7dd-8c9b-13da-56f54bf334d9, NVIDIA A100-SXM4-80GB, 75029, 81920, 22, 111.66, 34
nid008353,2026/05/03 16:14:22.729, 1, GPU-3d65dc3f-116a-1dd4-937c-6e4481a765b5, NVIDIA A100-SXM4-80GB, 75019, 81920, 63, 114.61, 32
nid008353,2026/05/03 16:14:22.731, 2, GPU-338e4806-c72e-e37a-4798-dc47c2f2de03, NVIDIA A100-SXM4-80GB, 75019, 81920, 77, 114.61, 35
nid008353,2026/05/03 16:14:22.732, 3, GPU-fec40d98-ea80-e220-a49c-31ccab4741af, NVIDIA A100-SXM4-80GB, 75019, 81920, 98, 110.06, 32
nid008352,2026/05/03 16:14:25.599, 0, GPU-c8e590fe-c1df-fb38-7bf3-9ed4364cf576, NVIDIA A100-SXM4-80GB, 76383, 81920, 1, 109.70, 34
nid008352,2026/05/03 16:14:25.602, 1, GPU-5efb5c1d-1cd8-daca-bd51-2f30d62f6e1e, NVIDIA A100-SXM4-80GB, 75065, 81920, 100, 114.45, 31
nid008352,2026/05/03 16:14:25.604, 2, GPU-1d24ec01-d8bb-a3cf-73c2-7d6014d1dd4d, NVIDIA A100-SXM4-80GB, 75065, 81920, 100, 114.96, 34
nid008352,2026/05/03 16:14:25.605, 3, GPU-689a6e7c-a622-65fb-9f4d-887ba745f660, NVIDIA A100-SXM4-80GB, 75065, 81920, 100, 112.72, 32
nid008353,2026/05/03 16:14:26.466, 0, GPU-3ad85384-e7dd-8c9b-13da-56f54bf334d9, NVIDIA A100-SXM4-80GB, 75029, 81920, 86, 111.53, 34
nid008353,2026/05/03 16:14:26.469, 1, GPU-3d65dc3f-116a-1dd4-937c-6e4481a765b5, NVIDIA A100-SXM4-80GB, 75019, 81920, 71, 114.61, 32
nid008353,2026/05/03 16:14:26.471, 2, GPU-338e4806-c72e-e37a-4798-dc47c2f2de03, NVIDIA A100-SXM4-80GB, 75019, 81920, 58, 114.61, 35
nid008353,2026/05/03 16:14:26.472, 3, GPU-fec40d98-ea80-e220-a49c-31ccab4741af, NVIDIA A100-SXM4-80GB, 75019, 81920, 79, 111.27, 32
nid008352,2026/05/03 16:14:29.327, 0, GPU-c8e590fe-c1df-fb38-7bf3-9ed4364cf576, NVIDIA A100-SXM4-80GB, 76383, 81920, 6, 130.78, 34
nid008352,2026/05/03 16:14:29.330, 1, GPU-5efb5c1d-1cd8-daca-bd51-2f30d62f6e1e, NVIDIA A100-SXM4-80GB, 75065, 81920, 100, 128.49, 31
nid008352,2026/05/03 16:14:29.332, 2, GPU-1d24ec01-d8bb-a3cf-73c2-7d6014d1dd4d, NVIDIA A100-SXM4-80GB, 75065, 81920, 100, 117.75, 34
nid008352,2026/05/03 16:14:29.334, 3, GPU-689a6e7c-a622-65fb-9f4d-887ba745f660, NVIDIA A100-SXM4-80GB, 75065, 81920, 100, 123.53, 32
nid008353,2026/05/03 16:14:30.188, 0, GPU-3ad85384-e7dd-8c9b-13da-56f54bf334d9, NVIDIA A100-SXM4-80GB, 75029, 81920, 18, 111.66, 34
nid008353,2026/05/03 16:14:30.190, 1, GPU-3d65dc3f-116a-1dd4-937c-6e4481a765b5, NVIDIA A100-SXM4-80GB, 75019, 81920, 95, 114.45, 32
nid008353,2026/05/03 16:14:30.192, 2, GPU-338e4806-c72e-e37a-4798-dc47c2f2de03, NVIDIA A100-SXM4-80GB, 75019, 81920, 80, 114.85, 35
nid008353,2026/05/03 16:14:30.193, 3, GPU-fec40d98-ea80-e220-a49c-31ccab4741af, NVIDIA A100-SXM4-80GB, 75019, 81920, 95, 111.40, 32
nid008352,2026/05/03 16:14:33.051, 0, GPU-c8e590fe-c1df-fb38-7bf3-9ed4364cf576, NVIDIA A100-SXM4-80GB, 76383, 81920, 3, 115.09, 34
nid008352,2026/05/03 16:14:33.054, 1, GPU-5efb5c1d-1cd8-daca-bd51-2f30d62f6e1e, NVIDIA A100-SXM4-80GB, 75065, 81920, 100, 114.61, 31
nid008352,2026/05/03 16:14:33.056, 2, GPU-1d24ec01-d8bb-a3cf-73c2-7d6014d1dd4d, NVIDIA A100-SXM4-80GB, 75065, 81920, 100, 127.37, 34
nid008352,2026/05/03 16:14:33.057, 3, GPU-689a6e7c-a622-65fb-9f4d-887ba745f660, NVIDIA A100-SXM4-80GB, 75065, 81920, 100, 119.74, 32
nid008353,2026/05/03 16:14:33.907, 0, GPU-3ad85384-e7dd-8c9b-13da-56f54bf334d9, NVIDIA A100-SXM4-80GB, 75029, 81920, 1, 111.66, 34
nid008353,2026/05/03 16:14:33.909, 1, GPU-3d65dc3f-116a-1dd4-937c-6e4481a765b5, NVIDIA A100-SXM4-80GB, 75019, 81920, 59, 114.61, 32
nid008353,2026/05/03 16:14:33.911, 2, GPU-338e4806-c72e-e37a-4798-dc47c2f2de03, NVIDIA A100-SXM4-80GB, 75019, 81920, 53, 114.85, 35
nid008353,2026/05/03 16:14:33.913, 3, GPU-fec40d98-ea80-e220-a49c-31ccab4741af, NVIDIA A100-SXM4-80GB, 75019, 81920, 64, 109.93, 32
nid008352,2026/05/03 16:14:36.789, 0, GPU-c8e590fe-c1df-fb38-7bf3-9ed4364cf576, NVIDIA A100-SXM4-80GB, 76383, 81920, 2, 111.39, 34
nid008352,2026/05/03 16:14:36.792, 1, GPU-5efb5c1d-1cd8-daca-bd51-2f30d62f6e1e, NVIDIA A100-SXM4-80GB, 75065, 81920, 100, 114.45, 31
nid008352,2026/05/03 16:14:36.793, 2, GPU-1d24ec01-d8bb-a3cf-73c2-7d6014d1dd4d, NVIDIA A100-SXM4-80GB, 75065, 81920, 100, 127.50, 34
nid008352,2026/05/03 16:14:36.795, 3, GPU-689a6e7c-a622-65fb-9f4d-887ba745f660, NVIDIA A100-SXM4-80GB, 75065, 81920, 100, 115.23, 32
nid008353,2026/05/03 16:14:37.630, 0, GPU-3ad85384-e7dd-8c9b-13da-56f54bf334d9, NVIDIA A100-SXM4-80GB, 75029, 81920, 86, 111.81, 34
nid008353,2026/05/03 16:14:37.633, 1, GPU-3d65dc3f-116a-1dd4-937c-6e4481a765b5, NVIDIA A100-SXM4-80GB, 75019, 81920, 98, 114.61, 32
nid008353,2026/05/03 16:14:37.635, 2, GPU-338e4806-c72e-e37a-4798-dc47c2f2de03, NVIDIA A100-SXM4-80GB, 75019, 81920, 37, 114.47, 35
nid008353,2026/05/03 16:14:37.636, 3, GPU-fec40d98-ea80-e220-a49c-31ccab4741af, NVIDIA A100-SXM4-80GB, 75019, 81920, 100, 111.55, 32
nid008352,2026/05/03 16:14:40.502, 0, GPU-c8e590fe-c1df-fb38-7bf3-9ed4364cf576, NVIDIA A100-SXM4-80GB, 76383, 81920, 2, 133.79, 34
nid008352,2026/05/03 16:14:40.505, 1, GPU-5efb5c1d-1cd8-daca-bd51-2f30d62f6e1e, NVIDIA A100-SXM4-80GB, 75065, 81920, 100, 114.98, 31
nid008352,2026/05/03 16:14:40.507, 2, GPU-1d24ec01-d8bb-a3cf-73c2-7d6014d1dd4d, NVIDIA A100-SXM4-80GB, 75065, 81920, 100, 116.04, 34
nid008352,2026/05/03 16:14:40.508, 3, GPU-689a6e7c-a622-65fb-9f4d-887ba745f660, NVIDIA A100-SXM4-80GB, 75065, 81920, 100, 116.94, 32
nid008353,2026/05/03 16:14:41.388, 0, GPU-3ad85384-e7dd-8c9b-13da-56f54bf334d9, NVIDIA A100-SXM4-80GB, 75029, 81920, 61, 111.94, 34
nid008353,2026/05/03 16:14:41.392, 1, GPU-3d65dc3f-116a-1dd4-937c-6e4481a765b5, NVIDIA A100-SXM4-80GB, 75019, 81920, 88, 114.61, 32
nid008353,2026/05/03 16:14:41.393, 2, GPU-338e4806-c72e-e37a-4798-dc47c2f2de03, NVIDIA A100-SXM4-80GB, 75019, 81920, 93, 142.20, 35
nid008353,2026/05/03 16:14:41.395, 3, GPU-fec40d98-ea80-e220-a49c-31ccab4741af, NVIDIA A100-SXM4-80GB, 75019, 81920, 39, 111.69, 32
nid008352,2026/05/03 16:14:44.282, 0, GPU-c8e590fe-c1df-fb38-7bf3-9ed4364cf576, NVIDIA A100-SXM4-80GB, 76383, 81920, 46, 110.63, 34
nid008352,2026/05/03 16:14:44.288, 1, GPU-5efb5c1d-1cd8-daca-bd51-2f30d62f6e1e, NVIDIA A100-SXM4-80GB, 75065, 81920, 100, 114.59, 31
nid008352,2026/05/03 16:14:44.294, 2, GPU-1d24ec01-d8bb-a3cf-73c2-7d6014d1dd4d, NVIDIA A100-SXM4-80GB, 75065, 81920, 100, 117.23, 34
nid008352,2026/05/03 16:14:44.299, 3, GPU-689a6e7c-a622-65fb-9f4d-887ba745f660, NVIDIA A100-SXM4-80GB, 75065, 81920, 100, 114.18, 32
nid008353,2026/05/03 16:14:45.132, 0, GPU-3ad85384-e7dd-8c9b-13da-56f54bf334d9, NVIDIA A100-SXM4-80GB, 75029, 81920, 0, 135.47, 35
nid008353,2026/05/03 16:14:45.134, 1, GPU-3d65dc3f-116a-1dd4-937c-6e4481a765b5, NVIDIA A100-SXM4-80GB, 75019, 81920, 74, 137.25, 33
nid008353,2026/05/03 16:14:45.136, 2, GPU-338e4806-c72e-e37a-4798-dc47c2f2de03, NVIDIA A100-SXM4-80GB, 75019, 81920, 92, 134.35, 35
nid008353,2026/05/03 16:14:45.138, 3, GPU-fec40d98-ea80-e220-a49c-31ccab4741af, NVIDIA A100-SXM4-80GB, 75019, 81920, 98, 147.23, 33
nid008352,2026/05/03 16:14:48.000, 0, GPU-c8e590fe-c1df-fb38-7bf3-9ed4364cf576, NVIDIA A100-SXM4-80GB, 76383, 81920, 6, 111.39, 34
nid008352,2026/05/03 16:14:48.006, 1, GPU-5efb5c1d-1cd8-daca-bd51-2f30d62f6e1e, NVIDIA A100-SXM4-80GB, 75065, 81920, 100, 114.59, 31
nid008352,2026/05/03 16:14:48.011, 2, GPU-1d24ec01-d8bb-a3cf-73c2-7d6014d1dd4d, NVIDIA A100-SXM4-80GB, 75065, 81920, 100, 123.30, 34
nid008352,2026/05/03 16:14:48.017, 3, GPU-689a6e7c-a622-65fb-9f4d-887ba745f660, NVIDIA A100-SXM4-80GB, 75065, 81920, 100, 117.74, 32
nid008353,2026/05/03 16:14:48.869, 0, GPU-3ad85384-e7dd-8c9b-13da-56f54bf334d9, NVIDIA A100-SXM4-80GB, 75029, 81920, 64, 135.24, 35
nid008353,2026/05/03 16:14:48.872, 1, GPU-3d65dc3f-116a-1dd4-937c-6e4481a765b5, NVIDIA A100-SXM4-80GB, 75019, 81920, 60, 133.02, 33
nid008353,2026/05/03 16:14:48.873, 2, GPU-338e4806-c72e-e37a-4798-dc47c2f2de03, NVIDIA A100-SXM4-80GB, 75019, 81920, 94, 124.26, 35
nid008353,2026/05/03 16:14:48.875, 3, GPU-fec40d98-ea80-e220-a49c-31ccab4741af, NVIDIA A100-SXM4-80GB, 75019, 81920, 97, 133.94, 32
nid008352,2026/05/03 16:14:51.749, 0, GPU-c8e590fe-c1df-fb38-7bf3-9ed4364cf576, NVIDIA A100-SXM4-80GB, 76383, 81920, 100, 124.10, 34
nid008352,2026/05/03 16:14:51.752, 1, GPU-5efb5c1d-1cd8-daca-bd51-2f30d62f6e1e, NVIDIA A100-SXM4-80GB, 75065, 81920, 100, 115.12, 31
nid008352,2026/05/03 16:14:51.754, 2, GPU-1d24ec01-d8bb-a3cf-73c2-7d6014d1dd4d, NVIDIA A100-SXM4-80GB, 75065, 81920, 100, 114.86, 34
nid008352,2026/05/03 16:14:51.755, 3, GPU-689a6e7c-a622-65fb-9f4d-887ba745f660, NVIDIA A100-SXM4-80GB, 75065, 81920, 2, 133.75, 32
nid008353,2026/05/03 16:14:52.590, 0, GPU-3ad85384-e7dd-8c9b-13da-56f54bf334d9, NVIDIA A100-SXM4-80GB, 75029, 81920, 93, 112.07, 34
nid008353,2026/05/03 16:14:52.593, 1, GPU-3d65dc3f-116a-1dd4-937c-6e4481a765b5, NVIDIA A100-SXM4-80GB, 75019, 81920, 98, 114.17, 32
nid008353,2026/05/03 16:14:52.594, 2, GPU-338e4806-c72e-e37a-4798-dc47c2f2de03, NVIDIA A100-SXM4-80GB, 75019, 81920, 95, 114.74, 35
nid008353,2026/05/03 16:14:52.596, 3, GPU-fec40d98-ea80-e220-a49c-31ccab4741af, NVIDIA A100-SXM4-80GB, 75019, 81920, 7, 111.29, 32
nid008352,2026/05/03 16:14:55.488, 0, GPU-c8e590fe-c1df-fb38-7bf3-9ed4364cf576, NVIDIA A100-SXM4-80GB, 76383, 81920, 100, 112.48, 34
nid008352,2026/05/03 16:14:55.491, 1, GPU-5efb5c1d-1cd8-daca-bd51-2f30d62f6e1e, NVIDIA A100-SXM4-80GB, 75065, 81920, 100, 117.50, 31
nid008352,2026/05/03 16:14:55.493, 2, GPU-1d24ec01-d8bb-a3cf-73c2-7d6014d1dd4d, NVIDIA A100-SXM4-80GB, 75065, 81920, 100, 122.49, 34
nid008352,2026/05/03 16:14:55.494, 3, GPU-689a6e7c-a622-65fb-9f4d-887ba745f660, NVIDIA A100-SXM4-80GB, 75065, 81920, 2, 116.18, 32
nid008353,2026/05/03 16:14:56.340, 0, GPU-3ad85384-e7dd-8c9b-13da-56f54bf334d9, NVIDIA A100-SXM4-80GB, 75029, 81920, 30, 111.79, 34
nid008353,2026/05/03 16:14:56.343, 1, GPU-3d65dc3f-116a-1dd4-937c-6e4481a765b5, NVIDIA A100-SXM4-80GB, 75019, 81920, 44, 114.45, 32
nid008353,2026/05/03 16:14:56.344, 2, GPU-338e4806-c72e-e37a-4798-dc47c2f2de03, NVIDIA A100-SXM4-80GB, 75019, 81920, 93, 114.74, 35
nid008353,2026/05/03 16:14:56.346, 3, GPU-fec40d98-ea80-e220-a49c-31ccab4741af, NVIDIA A100-SXM4-80GB, 75019, 81920, 51, 110.19, 32
nid008352,2026/05/03 16:14:59.215, 0, GPU-c8e590fe-c1df-fb38-7bf3-9ed4364cf576, NVIDIA A100-SXM4-80GB, 76383, 81920, 100, 110.07, 34
nid008352,2026/05/03 16:14:59.218, 1, GPU-5efb5c1d-1cd8-daca-bd51-2f30d62f6e1e, NVIDIA A100-SXM4-80GB, 75065, 81920, 100, 123.07, 31
nid008352,2026/05/03 16:14:59.220, 2, GPU-1d24ec01-d8bb-a3cf-73c2-7d6014d1dd4d, NVIDIA A100-SXM4-80GB, 75065, 81920, 100, 115.37, 34
nid008352,2026/05/03 16:14:59.221, 3, GPU-689a6e7c-a622-65fb-9f4d-887ba745f660, NVIDIA A100-SXM4-80GB, 75065, 81920, 2, 112.85, 32
nid008353,2026/05/03 16:15:00.044, 0, GPU-3ad85384-e7dd-8c9b-13da-56f54bf334d9, NVIDIA A100-SXM4-80GB, 75029, 81920, 81, 111.79, 34
nid008353,2026/05/03 16:15:00.047, 1, GPU-3d65dc3f-116a-1dd4-937c-6e4481a765b5, NVIDIA A100-SXM4-80GB, 75019, 81920, 97, 114.45, 32
nid008353,2026/05/03 16:15:00.049, 2, GPU-338e4806-c72e-e37a-4798-dc47c2f2de03, NVIDIA A100-SXM4-80GB, 75019, 81920, 98, 114.74, 35
nid008353,2026/05/03 16:15:00.051, 3, GPU-fec40d98-ea80-e220-a49c-31ccab4741af, NVIDIA A100-SXM4-80GB, 75019, 81920, 2, 111.29, 32
nid008352,2026/05/03 16:15:02.941, 0, GPU-c8e590fe-c1df-fb38-7bf3-9ed4364cf576, NVIDIA A100-SXM4-80GB, 76383, 81920, 100, 110.63, 34
nid008352,2026/05/03 16:15:02.949, 1, GPU-5efb5c1d-1cd8-daca-bd51-2f30d62f6e1e, NVIDIA A100-SXM4-80GB, 75065, 81920, 100, 115.40, 31
nid008352,2026/05/03 16:15:02.951, 2, GPU-1d24ec01-d8bb-a3cf-73c2-7d6014d1dd4d, NVIDIA A100-SXM4-80GB, 75065, 81920, 100, 115.62, 34
nid008352,2026/05/03 16:15:02.952, 3, GPU-689a6e7c-a622-65fb-9f4d-887ba745f660, NVIDIA A100-SXM4-80GB, 75065, 81920, 2, 114.04, 32
nid008353,2026/05/03 16:15:03.808, 0, GPU-3ad85384-e7dd-8c9b-13da-56f54bf334d9, NVIDIA A100-SXM4-80GB, 75029, 81920, 73, 111.66, 34
nid008353,2026/05/03 16:15:03.811, 1, GPU-3d65dc3f-116a-1dd4-937c-6e4481a765b5, NVIDIA A100-SXM4-80GB, 75019, 81920, 100, 115.12, 32
nid008353,2026/05/03 16:15:03.813, 2, GPU-338e4806-c72e-e37a-4798-dc47c2f2de03, NVIDIA A100-SXM4-80GB, 75019, 81920, 48, 114.74, 35
nid008353,2026/05/03 16:15:03.814, 3, GPU-fec40d98-ea80-e220-a49c-31ccab4741af, NVIDIA A100-SXM4-80GB, 75019, 81920, 32, 110.19, 32
nid008352,2026/05/03 16:15:06.781, 0, GPU-c8e590fe-c1df-fb38-7bf3-9ed4364cf576, NVIDIA A100-SXM4-80GB, 76383, 81920, 99, 111.39, 34
nid008352,2026/05/03 16:15:06.784, 1, GPU-5efb5c1d-1cd8-daca-bd51-2f30d62f6e1e, NVIDIA A100-SXM4-80GB, 75065, 81920, 100, 114.88, 32
nid008352,2026/05/03 16:15:06.785, 2, GPU-1d24ec01-d8bb-a3cf-73c2-7d6014d1dd4d, NVIDIA A100-SXM4-80GB, 75065, 81920, 100, 120.12, 34
nid008352,2026/05/03 16:15:06.788, 3, GPU-689a6e7c-a622-65fb-9f4d-887ba745f660, NVIDIA A100-SXM4-80GB, 75065, 81920, 1, 116.69, 32
nid008353,2026/05/03 16:15:07.650, 0, GPU-3ad85384-e7dd-8c9b-13da-56f54bf334d9, NVIDIA A100-SXM4-80GB, 75029, 81920, 39, 121.74, 34
nid008353,2026/05/03 16:15:07.653, 1, GPU-3d65dc3f-116a-1dd4-937c-6e4481a765b5, NVIDIA A100-SXM4-80GB, 75019, 81920, 78, 130.64, 32
nid008353,2026/05/03 16:15:07.654, 2, GPU-338e4806-c72e-e37a-4798-dc47c2f2de03, NVIDIA A100-SXM4-80GB, 75019, 81920, 84, 115.79, 35
nid008353,2026/05/03 16:15:07.656, 3, GPU-fec40d98-ea80-e220-a49c-31ccab4741af, NVIDIA A100-SXM4-80GB, 75019, 81920, 70, 130.26, 32
nid008352,2026/05/03 16:15:10.536, 0, GPU-c8e590fe-c1df-fb38-7bf3-9ed4364cf576, NVIDIA A100-SXM4-80GB, 76383, 81920, 90, 111.39, 34
nid008352,2026/05/03 16:15:10.539, 1, GPU-5efb5c1d-1cd8-daca-bd51-2f30d62f6e1e, NVIDIA A100-SXM4-80GB, 75065, 81920, 100, 127.16, 31
nid008352,2026/05/03 16:15:10.540, 2, GPU-1d24ec01-d8bb-a3cf-73c2-7d6014d1dd4d, NVIDIA A100-SXM4-80GB, 75065, 81920, 100, 120.64, 34
nid008352,2026/05/03 16:15:10.542, 3, GPU-689a6e7c-a622-65fb-9f4d-887ba745f660, NVIDIA A100-SXM4-80GB, 75065, 81920, 5, 116.32, 32
nid008353,2026/05/03 16:15:11.387, 0, GPU-3ad85384-e7dd-8c9b-13da-56f54bf334d9, NVIDIA A100-SXM4-80GB, 75029, 81920, 59, 111.79, 34
nid008353,2026/05/03 16:15:11.389, 1, GPU-3d65dc3f-116a-1dd4-937c-6e4481a765b5, NVIDIA A100-SXM4-80GB, 75019, 81920, 88, 114.74, 32
nid008353,2026/05/03 16:15:11.396, 2, GPU-338e4806-c72e-e37a-4798-dc47c2f2de03, NVIDIA A100-SXM4-80GB, 75019, 81920, 94, 114.74, 35
nid008353,2026/05/03 16:15:11.398, 3, GPU-fec40d98-ea80-e220-a49c-31ccab4741af, NVIDIA A100-SXM4-80GB, 75019, 81920, 8, 110.19, 32
nid008352,2026/05/03 16:15:14.323, 0, GPU-c8e590fe-c1df-fb38-7bf3-9ed4364cf576, NVIDIA A100-SXM4-80GB, 76383, 81920, 100, 120.64, 34
nid008352,2026/05/03 16:15:14.326, 1, GPU-5efb5c1d-1cd8-daca-bd51-2f30d62f6e1e, NVIDIA A100-SXM4-80GB, 75065, 81920, 100, 119.88, 32
nid008352,2026/05/03 16:15:14.328, 2, GPU-1d24ec01-d8bb-a3cf-73c2-7d6014d1dd4d, NVIDIA A100-SXM4-80GB, 75065, 81920, 100, 127.23, 34
nid008352,2026/05/03 16:15:14.330, 3, GPU-689a6e7c-a622-65fb-9f4d-887ba745f660, NVIDIA A100-SXM4-80GB, 75065, 81920, 47, 119.46, 32
nid008353,2026/05/03 16:15:15.155, 0, GPU-3ad85384-e7dd-8c9b-13da-56f54bf334d9, NVIDIA A100-SXM4-80GB, 75029, 81920, 76, 111.94, 35
nid008353,2026/05/03 16:15:15.158, 1, GPU-3d65dc3f-116a-1dd4-937c-6e4481a765b5, NVIDIA A100-SXM4-80GB, 75019, 81920, 46, 140.97, 32
nid008353,2026/05/03 16:15:15.160, 2, GPU-338e4806-c72e-e37a-4798-dc47c2f2de03, NVIDIA A100-SXM4-80GB, 75019, 81920, 94, 132.33, 35
nid008353,2026/05/03 16:15:15.161, 3, GPU-fec40d98-ea80-e220-a49c-31ccab4741af, NVIDIA A100-SXM4-80GB, 75019, 81920, 0, 137.94, 33
nid008352,2026/05/03 16:15:18.039, 0, GPU-c8e590fe-c1df-fb38-7bf3-9ed4364cf576, NVIDIA A100-SXM4-80GB, 76383, 81920, 97, 110.50, 34
nid008352,2026/05/03 16:15:18.041, 1, GPU-5efb5c1d-1cd8-daca-bd51-2f30d62f6e1e, NVIDIA A100-SXM4-80GB, 75065, 81920, 100, 127.82, 31
nid008352,2026/05/03 16:15:18.043, 2, GPU-1d24ec01-d8bb-a3cf-73c2-7d6014d1dd4d, NVIDIA A100-SXM4-80GB, 75065, 81920, 100, 115.76, 34
nid008352,2026/05/03 16:15:18.045, 3, GPU-689a6e7c-a622-65fb-9f4d-887ba745f660, NVIDIA A100-SXM4-80GB, 75065, 81920, 11, 113.00, 32
nid008353,2026/05/03 16:15:18.871, 0, GPU-3ad85384-e7dd-8c9b-13da-56f54bf334d9, NVIDIA A100-SXM4-80GB, 75029, 81920, 67, 127.95, 34
nid008353,2026/05/03 16:15:18.873, 1, GPU-3d65dc3f-116a-1dd4-937c-6e4481a765b5, NVIDIA A100-SXM4-80GB, 75019, 81920, 88, 129.39, 32
nid008353,2026/05/03 16:15:18.875, 2, GPU-338e4806-c72e-e37a-4798-dc47c2f2de03, NVIDIA A100-SXM4-80GB, 75019, 81920, 80, 131.24, 35
nid008353,2026/05/03 16:15:18.876, 3, GPU-fec40d98-ea80-e220-a49c-31ccab4741af, NVIDIA A100-SXM4-80GB, 75019, 81920, 53, 124.55, 32
nid008352,2026/05/03 16:15:21.801, 0, GPU-c8e590fe-c1df-fb38-7bf3-9ed4364cf576, NVIDIA A100-SXM4-80GB, 76383, 81920, 100, 110.74, 35
nid008352,2026/05/03 16:15:21.804, 1, GPU-5efb5c1d-1cd8-daca-bd51-2f30d62f6e1e, NVIDIA A100-SXM4-80GB, 75065, 81920, 100, 114.98, 32
nid008352,2026/05/03 16:15:21.806, 2, GPU-1d24ec01-d8bb-a3cf-73c2-7d6014d1dd4d, NVIDIA A100-SXM4-80GB, 75065, 81920, 100, 115.48, 35
nid008352,2026/05/03 16:15:21.807, 3, GPU-689a6e7c-a622-65fb-9f4d-887ba745f660, NVIDIA A100-SXM4-80GB, 75065, 81920, 100, 113.25, 33
nid008353,2026/05/03 16:15:22.673, 0, GPU-3ad85384-e7dd-8c9b-13da-56f54bf334d9, NVIDIA A100-SXM4-80GB, 75029, 81920, 0, 111.81, 35
nid008353,2026/05/03 16:15:22.676, 1, GPU-3d65dc3f-116a-1dd4-937c-6e4481a765b5, NVIDIA A100-SXM4-80GB, 75019, 81920, 28, 115.13, 32
nid008353,2026/05/03 16:15:22.677, 2, GPU-338e4806-c72e-e37a-4798-dc47c2f2de03, NVIDIA A100-SXM4-80GB, 75019, 81920, 98, 115.13, 35
nid008353,2026/05/03 16:15:22.679, 3, GPU-fec40d98-ea80-e220-a49c-31ccab4741af, NVIDIA A100-SXM4-80GB, 75019, 81920, 33, 110.59, 33
nid008352,2026/05/03 16:15:25.537, 0, GPU-c8e590fe-c1df-fb38-7bf3-9ed4364cf576, NVIDIA A100-SXM4-80GB, 76665, 81920, 92, 111.03, 35
nid008352,2026/05/03 16:15:25.540, 1, GPU-5efb5c1d-1cd8-daca-bd51-2f30d62f6e1e, NVIDIA A100-SXM4-80GB, 75275, 81920, 77, 115.13, 32
nid008352,2026/05/03 16:15:25.542, 2, GPU-1d24ec01-d8bb-a3cf-73c2-7d6014d1dd4d, NVIDIA A100-SXM4-80GB, 75275, 81920, 100, 115.76, 35
nid008352,2026/05/03 16:15:25.543, 3, GPU-689a6e7c-a622-65fb-9f4d-887ba745f660, NVIDIA A100-SXM4-80GB, 75275, 81920, 100, 113.53, 33
nid008353,2026/05/03 16:15:26.411, 0, GPU-3ad85384-e7dd-8c9b-13da-56f54bf334d9, NVIDIA A100-SXM4-80GB, 75029, 81920, 77, 113.80, 35
nid008353,2026/05/03 16:15:26.413, 1, GPU-3d65dc3f-116a-1dd4-937c-6e4481a765b5, NVIDIA A100-SXM4-80GB, 75019, 81920, 100, 115.13, 33
nid008353,2026/05/03 16:15:26.415, 2, GPU-338e4806-c72e-e37a-4798-dc47c2f2de03, NVIDIA A100-SXM4-80GB, 75019, 81920, 88, 115.36, 36
nid008353,2026/05/03 16:15:26.417, 3, GPU-fec40d98-ea80-e220-a49c-31ccab4741af, NVIDIA A100-SXM4-80GB, 75019, 81920, 100, 110.59, 33
nid008352,2026/05/03 16:15:29.301, 0, GPU-c8e590fe-c1df-fb38-7bf3-9ed4364cf576, NVIDIA A100-SXM4-80GB, 76665, 81920, 100, 428.94, 37
nid008352,2026/05/03 16:15:29.304, 1, GPU-5efb5c1d-1cd8-daca-bd51-2f30d62f6e1e, NVIDIA A100-SXM4-80GB, 75275, 81920, 100, 161.24, 34
nid008352,2026/05/03 16:15:29.305, 2, GPU-1d24ec01-d8bb-a3cf-73c2-7d6014d1dd4d, NVIDIA A100-SXM4-80GB, 75275, 81920, 100, 122.11, 37
nid008352,2026/05/03 16:15:29.307, 3, GPU-689a6e7c-a622-65fb-9f4d-887ba745f660, NVIDIA A100-SXM4-80GB, 75275, 81920, 100, 115.37, 35
nid008353,2026/05/03 16:15:30.187, 0, GPU-3ad85384-e7dd-8c9b-13da-56f54bf334d9, NVIDIA A100-SXM4-80GB, 75029, 81920, 74, 134.03, 37
nid008353,2026/05/03 16:15:30.190, 1, GPU-3d65dc3f-116a-1dd4-937c-6e4481a765b5, NVIDIA A100-SXM4-80GB, 75019, 81920, 85, 143.41, 35
nid008353,2026/05/03 16:15:30.191, 2, GPU-338e4806-c72e-e37a-4798-dc47c2f2de03, NVIDIA A100-SXM4-80GB, 75019, 81920, 92, 146.07, 38
nid008353,2026/05/03 16:15:30.193, 3, GPU-fec40d98-ea80-e220-a49c-31ccab4741af, NVIDIA A100-SXM4-80GB, 75019, 81920, 100, 138.06, 35
nid008352,2026/05/03 16:15:33.085, 0, GPU-c8e590fe-c1df-fb38-7bf3-9ed4364cf576, NVIDIA A100-SXM4-80GB, 76665, 81920, 50, 113.63, 35
nid008352,2026/05/03 16:15:33.088, 1, GPU-5efb5c1d-1cd8-daca-bd51-2f30d62f6e1e, NVIDIA A100-SXM4-80GB, 75275, 81920, 84, 126.64, 32
nid008352,2026/05/03 16:15:33.090, 2, GPU-1d24ec01-d8bb-a3cf-73c2-7d6014d1dd4d, NVIDIA A100-SXM4-80GB, 75275, 81920, 90, 115.91, 34
nid008352,2026/05/03 16:15:33.097, 3, GPU-689a6e7c-a622-65fb-9f4d-887ba745f660, NVIDIA A100-SXM4-80GB, 75275, 81920, 70, 120.12, 32
nid008353,2026/05/03 16:15:33.946, 0, GPU-3ad85384-e7dd-8c9b-13da-56f54bf334d9, NVIDIA A100-SXM4-80GB, 75029, 81920, 19, 111.81, 34
nid008353,2026/05/03 16:15:33.949, 1, GPU-3d65dc3f-116a-1dd4-937c-6e4481a765b5, NVIDIA A100-SXM4-80GB, 75019, 81920, 12, 114.61, 32
nid008353,2026/05/03 16:15:33.951, 2, GPU-338e4806-c72e-e37a-4798-dc47c2f2de03, NVIDIA A100-SXM4-80GB, 75019, 81920, 0, 115.13, 35
nid008353,2026/05/03 16:15:33.952, 3, GPU-fec40d98-ea80-e220-a49c-31ccab4741af, NVIDIA A100-SXM4-80GB, 75019, 81920, 44, 111.27, 32
nid008352,2026/05/03 16:15:36.845, 0, GPU-c8e590fe-c1df-fb38-7bf3-9ed4364cf576, NVIDIA A100-SXM4-80GB, 76665, 81920, 20, 115.37, 34
nid008352,2026/05/03 16:15:36.847, 1, GPU-5efb5c1d-1cd8-daca-bd51-2f30d62f6e1e, NVIDIA A100-SXM4-80GB, 75275, 81920, 100, 115.12, 32
nid008352,2026/05/03 16:15:36.849, 2, GPU-1d24ec01-d8bb-a3cf-73c2-7d6014d1dd4d, NVIDIA A100-SXM4-80GB, 75275, 81920, 100, 130.54, 34
nid008352,2026/05/03 16:15:36.850, 3, GPU-689a6e7c-a622-65fb-9f4d-887ba745f660, NVIDIA A100-SXM4-80GB, 75275, 81920, 89, 114.71, 32
nid008353,2026/05/03 16:15:37.663, 0, GPU-3ad85384-e7dd-8c9b-13da-56f54bf334d9, NVIDIA A100-SXM4-80GB, 75029, 81920, 13, 135.08, 34
nid008353,2026/05/03 16:15:37.665, 1, GPU-3d65dc3f-116a-1dd4-937c-6e4481a765b5, NVIDIA A100-SXM4-80GB, 75019, 81920, 62, 115.50, 32
nid008353,2026/05/03 16:15:37.667, 2, GPU-338e4806-c72e-e37a-4798-dc47c2f2de03, NVIDIA A100-SXM4-80GB, 75019, 81920, 67, 121.83, 35
nid008353,2026/05/03 16:15:37.669, 3, GPU-fec40d98-ea80-e220-a49c-31ccab4741af, NVIDIA A100-SXM4-80GB, 75019, 81920, 14, 134.95, 32
nid008352,2026/05/03 16:15:40.533, 0, GPU-c8e590fe-c1df-fb38-7bf3-9ed4364cf576, NVIDIA A100-SXM4-80GB, 76665, 81920, 5, 110.35, 34
nid008352,2026/05/03 16:15:40.538, 1, GPU-5efb5c1d-1cd8-daca-bd51-2f30d62f6e1e, NVIDIA A100-SXM4-80GB, 75275, 81920, 100, 114.74, 31
nid008352,2026/05/03 16:15:40.544, 2, GPU-1d24ec01-d8bb-a3cf-73c2-7d6014d1dd4d, NVIDIA A100-SXM4-80GB, 75275, 81920, 100, 125.00, 34
nid008352,2026/05/03 16:15:40.549, 3, GPU-689a6e7c-a622-65fb-9f4d-887ba745f660, NVIDIA A100-SXM4-80GB, 75275, 81920, 95, 114.34, 32
nid008353,2026/05/03 16:15:41.385, 0, GPU-3ad85384-e7dd-8c9b-13da-56f54bf334d9, NVIDIA A100-SXM4-80GB, 75029, 81920, 11, 111.53, 34
nid008353,2026/05/03 16:15:41.388, 1, GPU-3d65dc3f-116a-1dd4-937c-6e4481a765b5, NVIDIA A100-SXM4-80GB, 75019, 81920, 83, 114.98, 32
nid008353,2026/05/03 16:15:41.389, 2, GPU-338e4806-c72e-e37a-4798-dc47c2f2de03, NVIDIA A100-SXM4-80GB, 75019, 81920, 62, 114.47, 35
nid008353,2026/05/03 16:15:41.391, 3, GPU-fec40d98-ea80-e220-a49c-31ccab4741af, NVIDIA A100-SXM4-80GB, 75019, 81920, 73, 110.22, 32
nid008352,2026/05/03 16:15:44.267, 0, GPU-c8e590fe-c1df-fb38-7bf3-9ed4364cf576, NVIDIA A100-SXM4-80GB, 76665, 81920, 2, 112.35, 34
nid008352,2026/05/03 16:15:44.270, 1, GPU-5efb5c1d-1cd8-daca-bd51-2f30d62f6e1e, NVIDIA A100-SXM4-80GB, 75275, 81920, 100, 114.59, 31
nid008352,2026/05/03 16:15:44.271, 2, GPU-1d24ec01-d8bb-a3cf-73c2-7d6014d1dd4d, NVIDIA A100-SXM4-80GB, 75275, 81920, 100, 129.58, 34
nid008352,2026/05/03 16:15:44.273, 3, GPU-689a6e7c-a622-65fb-9f4d-887ba745f660, NVIDIA A100-SXM4-80GB, 75275, 81920, 100, 118.79, 32
nid008353,2026/05/03 16:15:45.108, 0, GPU-3ad85384-e7dd-8c9b-13da-56f54bf334d9, NVIDIA A100-SXM4-80GB, 75029, 81920, 5, 124.40, 34
nid008353,2026/05/03 16:15:45.111, 1, GPU-3d65dc3f-116a-1dd4-937c-6e4481a765b5, NVIDIA A100-SXM4-80GB, 75019, 81920, 89, 131.61, 32
nid008353,2026/05/03 16:15:45.113, 2, GPU-338e4806-c72e-e37a-4798-dc47c2f2de03, NVIDIA A100-SXM4-80GB, 75019, 81920, 30, 114.85, 35
nid008353,2026/05/03 16:15:45.114, 3, GPU-fec40d98-ea80-e220-a49c-31ccab4741af, NVIDIA A100-SXM4-80GB, 75019, 81920, 49, 111.55, 32
nid008352,2026/05/03 16:15:47.994, 0, GPU-c8e590fe-c1df-fb38-7bf3-9ed4364cf576, NVIDIA A100-SXM4-80GB, 76665, 81920, 4, 113.91, 34
nid008352,2026/05/03 16:15:47.997, 1, GPU-5efb5c1d-1cd8-daca-bd51-2f30d62f6e1e, NVIDIA A100-SXM4-80GB, 75275, 81920, 100, 114.98, 31
nid008352,2026/05/03 16:15:47.998, 2, GPU-1d24ec01-d8bb-a3cf-73c2-7d6014d1dd4d, NVIDIA A100-SXM4-80GB, 75275, 81920, 100, 114.96, 34
nid008352,2026/05/03 16:15:48.000, 3, GPU-689a6e7c-a622-65fb-9f4d-887ba745f660, NVIDIA A100-SXM4-80GB, 75275, 81920, 100, 123.97, 32
nid008353,2026/05/03 16:15:48.835, 0, GPU-3ad85384-e7dd-8c9b-13da-56f54bf334d9, NVIDIA A100-SXM4-80GB, 75029, 81920, 7, 111.66, 34
nid008353,2026/05/03 16:15:48.837, 1, GPU-3d65dc3f-116a-1dd4-937c-6e4481a765b5, NVIDIA A100-SXM4-80GB, 75019, 81920, 90, 114.61, 32
nid008353,2026/05/03 16:15:48.839, 2, GPU-338e4806-c72e-e37a-4798-dc47c2f2de03, NVIDIA A100-SXM4-80GB, 75019, 81920, 49, 144.85, 35
nid008353,2026/05/03 16:15:48.841, 3, GPU-fec40d98-ea80-e220-a49c-31ccab4741af, NVIDIA A100-SXM4-80GB, 75019, 81920, 83, 129.17, 32
nid008352,2026/05/03 16:15:51.702, 0, GPU-c8e590fe-c1df-fb38-7bf3-9ed4364cf576, NVIDIA A100-SXM4-80GB, 76665, 81920, 100, 112.59, 35
nid008352,2026/05/03 16:15:51.705, 1, GPU-5efb5c1d-1cd8-daca-bd51-2f30d62f6e1e, NVIDIA A100-SXM4-80GB, 75275, 81920, 100, 121.21, 32
nid008352,2026/05/03 16:15:51.707, 2, GPU-1d24ec01-d8bb-a3cf-73c2-7d6014d1dd4d, NVIDIA A100-SXM4-80GB, 75275, 81920, 45, 137.64, 34
nid008352,2026/05/03 16:15:51.708, 3, GPU-689a6e7c-a622-65fb-9f4d-887ba745f660, NVIDIA A100-SXM4-80GB, 75275, 81920, 89, 118.79, 33
nid008353,2026/05/03 16:15:52.530, 0, GPU-3ad85384-e7dd-8c9b-13da-56f54bf334d9, NVIDIA A100-SXM4-80GB, 75029, 81920, 40, 124.64, 35
nid008353,2026/05/03 16:15:52.533, 1, GPU-3d65dc3f-116a-1dd4-937c-6e4481a765b5, NVIDIA A100-SXM4-80GB, 75019, 81920, 98, 137.45, 32
nid008353,2026/05/03 16:15:52.535, 2, GPU-338e4806-c72e-e37a-4798-dc47c2f2de03, NVIDIA A100-SXM4-80GB, 75019, 81920, 50, 126.10, 35
nid008353,2026/05/03 16:15:52.541, 3, GPU-fec40d98-ea80-e220-a49c-31ccab4741af, NVIDIA A100-SXM4-80GB, 75019, 81920, 24, 134.59, 33
nid008352,2026/05/03 16:15:55.420, 0, GPU-c8e590fe-c1df-fb38-7bf3-9ed4364cf576, NVIDIA A100-SXM4-80GB, 76665, 81920, 13, 138.80, 34
nid008352,2026/05/03 16:15:55.427, 1, GPU-5efb5c1d-1cd8-daca-bd51-2f30d62f6e1e, NVIDIA A100-SXM4-80GB, 75275, 81920, 100, 118.46, 31
nid008352,2026/05/03 16:15:55.432, 2, GPU-1d24ec01-d8bb-a3cf-73c2-7d6014d1dd4d, NVIDIA A100-SXM4-80GB, 75275, 81920, 100, 115.24, 34
nid008352,2026/05/03 16:15:55.435, 3, GPU-689a6e7c-a622-65fb-9f4d-887ba745f660, NVIDIA A100-SXM4-80GB, 75275, 81920, 71, 123.01, 32
nid008353,2026/05/03 16:15:56.268, 0, GPU-3ad85384-e7dd-8c9b-13da-56f54bf334d9, NVIDIA A100-SXM4-80GB, 75029, 81920, 35, 116.85, 34
nid008353,2026/05/03 16:15:56.270, 1, GPU-3d65dc3f-116a-1dd4-937c-6e4481a765b5, NVIDIA A100-SXM4-80GB, 75019, 81920, 80, 114.85, 32
nid008353,2026/05/03 16:15:56.272, 2, GPU-338e4806-c72e-e37a-4798-dc47c2f2de03, NVIDIA A100-SXM4-80GB, 75019, 81920, 100, 115.50, 35
nid008353,2026/05/03 16:15:56.273, 3, GPU-fec40d98-ea80-e220-a49c-31ccab4741af, NVIDIA A100-SXM4-80GB, 75019, 81920, 48, 111.79, 32
nid008352,2026/05/03 16:15:59.157, 0, GPU-c8e590fe-c1df-fb38-7bf3-9ed4364cf576, NVIDIA A100-SXM4-80GB, 76665, 81920, 6, 139.77, 34
nid008352,2026/05/03 16:15:59.166, 1, GPU-5efb5c1d-1cd8-daca-bd51-2f30d62f6e1e, NVIDIA A100-SXM4-80GB, 75275, 81920, 100, 116.83, 31
nid008352,2026/05/03 16:15:59.171, 2, GPU-1d24ec01-d8bb-a3cf-73c2-7d6014d1dd4d, NVIDIA A100-SXM4-80GB, 75275, 81920, 100, 115.10, 34
nid008352,2026/05/03 16:15:59.173, 3, GPU-689a6e7c-a622-65fb-9f4d-887ba745f660, NVIDIA A100-SXM4-80GB, 75275, 81920, 96, 118.18, 32
nid008353,2026/05/03 16:16:00.036, 0, GPU-3ad85384-e7dd-8c9b-13da-56f54bf334d9, NVIDIA A100-SXM4-80GB, 75029, 81920, 12, 111.66, 34
nid008353,2026/05/03 16:16:00.046, 1, GPU-3d65dc3f-116a-1dd4-937c-6e4481a765b5, NVIDIA A100-SXM4-80GB, 75019, 81920, 81, 114.45, 32
nid008353,2026/05/03 16:16:00.050, 2, GPU-338e4806-c72e-e37a-4798-dc47c2f2de03, NVIDIA A100-SXM4-80GB, 75019, 81920, 97, 114.85, 35
nid008353,2026/05/03 16:16:00.056, 3, GPU-fec40d98-ea80-e220-a49c-31ccab4741af, NVIDIA A100-SXM4-80GB, 75019, 81920, 46, 110.06, 32
nid008352,2026/05/03 16:16:02.956, 0, GPU-c8e590fe-c1df-fb38-7bf3-9ed4364cf576, NVIDIA A100-SXM4-80GB, 76665, 81920, 88, 114.72, 34
nid008352,2026/05/03 16:16:02.966, 1, GPU-5efb5c1d-1cd8-daca-bd51-2f30d62f6e1e, NVIDIA A100-SXM4-80GB, 75275, 81920, 100, 131.00, 31
nid008352,2026/05/03 16:16:02.967, 2, GPU-1d24ec01-d8bb-a3cf-73c2-7d6014d1dd4d, NVIDIA A100-SXM4-80GB, 75275, 81920, 100, 115.91, 34
nid008352,2026/05/03 16:16:02.969, 3, GPU-689a6e7c-a622-65fb-9f4d-887ba745f660, NVIDIA A100-SXM4-80GB, 75275, 81920, 3, 130.54, 32
nid008353,2026/05/03 16:16:03.813, 0, GPU-3ad85384-e7dd-8c9b-13da-56f54bf334d9, NVIDIA A100-SXM4-80GB, 75029, 81920, 78, 111.66, 34
nid008353,2026/05/03 16:16:03.816, 1, GPU-3d65dc3f-116a-1dd4-937c-6e4481a765b5, NVIDIA A100-SXM4-80GB, 75019, 81920, 100, 114.61, 32
nid008353,2026/05/03 16:16:03.817, 2, GPU-338e4806-c72e-e37a-4798-dc47c2f2de03, NVIDIA A100-SXM4-80GB, 75019, 81920, 81, 114.61, 35
nid008353,2026/05/03 16:16:03.819, 3, GPU-fec40d98-ea80-e220-a49c-31ccab4741af, NVIDIA A100-SXM4-80GB, 75019, 81920, 6, 111.16, 32
nid008352,2026/05/03 16:16:06.707, 0, GPU-c8e590fe-c1df-fb38-7bf3-9ed4364cf576, NVIDIA A100-SXM4-80GB, 76665, 81920, 56, 110.22, 34
nid008352,2026/05/03 16:16:06.710, 1, GPU-5efb5c1d-1cd8-daca-bd51-2f30d62f6e1e, NVIDIA A100-SXM4-80GB, 75275, 81920, 100, 129.96, 31
nid008352,2026/05/03 16:16:06.711, 2, GPU-1d24ec01-d8bb-a3cf-73c2-7d6014d1dd4d, NVIDIA A100-SXM4-80GB, 75275, 81920, 100, 117.32, 34
nid008352,2026/05/03 16:16:06.713, 3, GPU-689a6e7c-a622-65fb-9f4d-887ba745f660, NVIDIA A100-SXM4-80GB, 75275, 81920, 49, 113.53, 32
nid008353,2026/05/03 16:16:07.557, 0, GPU-3ad85384-e7dd-8c9b-13da-56f54bf334d9, NVIDIA A100-SXM4-80GB, 75029, 81920, 2, 127.80, 35
nid008353,2026/05/03 16:16:07.560, 1, GPU-3d65dc3f-116a-1dd4-937c-6e4481a765b5, NVIDIA A100-SXM4-80GB, 75019, 81920, 84, 137.97, 32
nid008353,2026/05/03 16:16:07.562, 2, GPU-338e4806-c72e-e37a-4798-dc47c2f2de03, NVIDIA A100-SXM4-80GB, 75019, 81920, 41, 131.24, 35
nid008353,2026/05/03 16:16:07.563, 3, GPU-fec40d98-ea80-e220-a49c-31ccab4741af, NVIDIA A100-SXM4-80GB, 75019, 81920, 55, 129.30, 33
nid008352,2026/05/03 16:16:10.500, 0, GPU-c8e590fe-c1df-fb38-7bf3-9ed4364cf576, NVIDIA A100-SXM4-80GB, 76665, 81920, 72, 116.81, 34
nid008352,2026/05/03 16:16:10.503, 1, GPU-5efb5c1d-1cd8-daca-bd51-2f30d62f6e1e, NVIDIA A100-SXM4-80GB, 75275, 81920, 100, 121.59, 31
nid008352,2026/05/03 16:16:10.505, 2, GPU-1d24ec01-d8bb-a3cf-73c2-7d6014d1dd4d, NVIDIA A100-SXM4-80GB, 75275, 81920, 97, 121.40, 34
nid008352,2026/05/03 16:16:10.506, 3, GPU-689a6e7c-a622-65fb-9f4d-887ba745f660, NVIDIA A100-SXM4-80GB, 75275, 81920, 5, 126.34, 33
nid008353,2026/05/03 16:16:11.431, 0, GPU-3ad85384-e7dd-8c9b-13da-56f54bf334d9, NVIDIA A100-SXM4-80GB, 75029, 81920, 34, 111.53, 34
nid008353,2026/05/03 16:16:11.434, 1, GPU-3d65dc3f-116a-1dd4-937c-6e4481a765b5, NVIDIA A100-SXM4-80GB, 75019, 81920, 73, 114.98, 32
nid008353,2026/05/03 16:16:11.436, 2, GPU-338e4806-c72e-e37a-4798-dc47c2f2de03, NVIDIA A100-SXM4-80GB, 75019, 81920, 81, 114.71, 35
nid008353,2026/05/03 16:16:11.437, 3, GPU-fec40d98-ea80-e220-a49c-31ccab4741af, NVIDIA A100-SXM4-80GB, 75019, 81920, 28, 131.68, 32
nid008352,2026/05/03 16:16:14.332, 0, GPU-c8e590fe-c1df-fb38-7bf3-9ed4364cf576, NVIDIA A100-SXM4-80GB, 76665, 81920, 100, 115.24, 34
nid008352,2026/05/03 16:16:14.335, 1, GPU-5efb5c1d-1cd8-daca-bd51-2f30d62f6e1e, NVIDIA A100-SXM4-80GB, 75275, 81920, 100, 128.26, 32
nid008352,2026/05/03 16:16:14.337, 2, GPU-1d24ec01-d8bb-a3cf-73c2-7d6014d1dd4d, NVIDIA A100-SXM4-80GB, 75275, 81920, 75, 130.25, 34
nid008352,2026/05/03 16:16:14.338, 3, GPU-689a6e7c-a622-65fb-9f4d-887ba745f660, NVIDIA A100-SXM4-80GB, 75275, 81920, 46, 122.11, 32
nid008353,2026/05/03 16:16:15.183, 0, GPU-3ad85384-e7dd-8c9b-13da-56f54bf334d9, NVIDIA A100-SXM4-80GB, 75029, 81920, 27, 111.53, 34
nid008353,2026/05/03 16:16:15.186, 1, GPU-3d65dc3f-116a-1dd4-937c-6e4481a765b5, NVIDIA A100-SXM4-80GB, 75019, 81920, 93, 142.48, 33
nid008353,2026/05/03 16:16:15.187, 2, GPU-338e4806-c72e-e37a-4798-dc47c2f2de03, NVIDIA A100-SXM4-80GB, 75019, 81920, 5, 133.46, 35
nid008353,2026/05/03 16:16:15.189, 3, GPU-fec40d98-ea80-e220-a49c-31ccab4741af, NVIDIA A100-SXM4-80GB, 75019, 81920, 0, 126.64, 33
nid008352,2026/05/03 16:16:18.036, 0, GPU-c8e590fe-c1df-fb38-7bf3-9ed4364cf576, NVIDIA A100-SXM4-80GB, 76665, 81920, 91, 125.24, 34
nid008352,2026/05/03 16:16:18.039, 1, GPU-5efb5c1d-1cd8-daca-bd51-2f30d62f6e1e, NVIDIA A100-SXM4-80GB, 75275, 81920, 100, 128.11, 32
nid008352,2026/05/03 16:16:18.040, 2, GPU-1d24ec01-d8bb-a3cf-73c2-7d6014d1dd4d, NVIDIA A100-SXM4-80GB, 75275, 81920, 8, 141.34, 34
nid008352,2026/05/03 16:16:18.042, 3, GPU-689a6e7c-a622-65fb-9f4d-887ba745f660, NVIDIA A100-SXM4-80GB, 75275, 81920, 97, 119.60, 32
nid008353,2026/05/03 16:16:18.892, 0, GPU-3ad85384-e7dd-8c9b-13da-56f54bf334d9, NVIDIA A100-SXM4-80GB, 75029, 81920, 57, 134.27, 35
nid008353,2026/05/03 16:16:18.895, 1, GPU-3d65dc3f-116a-1dd4-937c-6e4481a765b5, NVIDIA A100-SXM4-80GB, 75019, 81920, 100, 123.82, 32
nid008353,2026/05/03 16:16:18.896, 2, GPU-338e4806-c72e-e37a-4798-dc47c2f2de03, NVIDIA A100-SXM4-80GB, 75019, 81920, 3, 144.04, 35
nid008353,2026/05/03 16:16:18.898, 3, GPU-fec40d98-ea80-e220-a49c-31ccab4741af, NVIDIA A100-SXM4-80GB, 75019, 81920, 94, 133.54, 32
nid008352,2026/05/03 16:16:21.775, 0, GPU-c8e590fe-c1df-fb38-7bf3-9ed4364cf576, NVIDIA A100-SXM4-80GB, 76665, 81920, 100, 110.50, 34
nid008352,2026/05/03 16:16:21.778, 1, GPU-5efb5c1d-1cd8-daca-bd51-2f30d62f6e1e, NVIDIA A100-SXM4-80GB, 75275, 81920, 100, 127.01, 31
nid008352,2026/05/03 16:16:21.780, 2, GPU-1d24ec01-d8bb-a3cf-73c2-7d6014d1dd4d, NVIDIA A100-SXM4-80GB, 75275, 81920, 83, 118.94, 34
nid008352,2026/05/03 16:16:21.781, 3, GPU-689a6e7c-a622-65fb-9f4d-887ba745f660, NVIDIA A100-SXM4-80GB, 75275, 81920, 26, 113.90, 32
nid008353,2026/05/03 16:16:22.613, 0, GPU-3ad85384-e7dd-8c9b-13da-56f54bf334d9, NVIDIA A100-SXM4-80GB, 75029, 81920, 3, 111.81, 34
nid008353,2026/05/03 16:16:22.616, 1, GPU-3d65dc3f-116a-1dd4-937c-6e4481a765b5, NVIDIA A100-SXM4-80GB, 75019, 81920, 98, 114.74, 32
nid008353,2026/05/03 16:16:22.618, 2, GPU-338e4806-c72e-e37a-4798-dc47c2f2de03, NVIDIA A100-SXM4-80GB, 75019, 81920, 30, 114.74, 35
nid008353,2026/05/03 16:16:22.619, 3, GPU-fec40d98-ea80-e220-a49c-31ccab4741af, NVIDIA A100-SXM4-80GB, 75019, 81920, 76, 109.93, 32
nid008352,2026/05/03 16:16:25.503, 0, GPU-c8e590fe-c1df-fb38-7bf3-9ed4364cf576, NVIDIA A100-SXM4-80GB, 76665, 81920, 84, 112.48, 34
nid008352,2026/05/03 16:16:25.505, 1, GPU-5efb5c1d-1cd8-daca-bd51-2f30d62f6e1e, NVIDIA A100-SXM4-80GB, 75275, 81920, 100, 121.88, 31
nid008352,2026/05/03 16:16:25.507, 2, GPU-1d24ec01-d8bb-a3cf-73c2-7d6014d1dd4d, NVIDIA A100-SXM4-80GB, 75275, 81920, 43, 128.17, 34
nid008352,2026/05/03 16:16:25.513, 3, GPU-689a6e7c-a622-65fb-9f4d-887ba745f660, NVIDIA A100-SXM4-80GB, 75275, 81920, 86, 122.78, 32
nid008353,2026/05/03 16:16:26.349, 0, GPU-3ad85384-e7dd-8c9b-13da-56f54bf334d9, NVIDIA A100-SXM4-80GB, 75029, 81920, 29, 115.13, 34
nid008353,2026/05/03 16:16:26.352, 1, GPU-3d65dc3f-116a-1dd4-937c-6e4481a765b5, NVIDIA A100-SXM4-80GB, 75019, 81920, 99, 138.42, 32
nid008353,2026/05/03 16:16:26.354, 2, GPU-338e4806-c72e-e37a-4798-dc47c2f2de03, NVIDIA A100-SXM4-80GB, 75019, 81920, 93, 115.13, 35
nid008353,2026/05/03 16:16:26.356, 3, GPU-fec40d98-ea80-e220-a49c-31ccab4741af, NVIDIA A100-SXM4-80GB, 75019, 81920, 74, 111.16, 32
nid008352,2026/05/03 16:16:29.241, 0, GPU-c8e590fe-c1df-fb38-7bf3-9ed4364cf576, NVIDIA A100-SXM4-80GB, 76665, 81920, 100, 110.74, 34
nid008352,2026/05/03 16:16:29.244, 1, GPU-5efb5c1d-1cd8-daca-bd51-2f30d62f6e1e, NVIDIA A100-SXM4-80GB, 75275, 81920, 100, 137.25, 31
nid008352,2026/05/03 16:16:29.245, 2, GPU-1d24ec01-d8bb-a3cf-73c2-7d6014d1dd4d, NVIDIA A100-SXM4-80GB, 75275, 81920, 93, 121.82, 34
nid008352,2026/05/03 16:16:29.247, 3, GPU-689a6e7c-a622-65fb-9f4d-887ba745f660, NVIDIA A100-SXM4-80GB, 75275, 81920, 11, 114.34, 32
nid008353,2026/05/03 16:16:30.091, 0, GPU-3ad85384-e7dd-8c9b-13da-56f54bf334d9, NVIDIA A100-SXM4-80GB, 75029, 81920, 80, 119.46, 34
nid008353,2026/05/03 16:16:30.094, 1, GPU-3d65dc3f-116a-1dd4-937c-6e4481a765b5, NVIDIA A100-SXM4-80GB, 75019, 81920, 84, 114.85, 32
nid008353,2026/05/03 16:16:30.096, 2, GPU-338e4806-c72e-e37a-4798-dc47c2f2de03, NVIDIA A100-SXM4-80GB, 75019, 81920, 100, 114.85, 35
nid008353,2026/05/03 16:16:30.098, 3, GPU-fec40d98-ea80-e220-a49c-31ccab4741af, NVIDIA A100-SXM4-80GB, 75019, 81920, 4, 111.40, 32
nid008352,2026/05/03 16:16:32.985, 0, GPU-c8e590fe-c1df-fb38-7bf3-9ed4364cf576, NVIDIA A100-SXM4-80GB, 76665, 81920, 100, 115.24, 34
nid008352,2026/05/03 16:16:32.988, 1, GPU-5efb5c1d-1cd8-daca-bd51-2f30d62f6e1e, NVIDIA A100-SXM4-80GB, 75275, 81920, 100, 115.13, 32
nid008352,2026/05/03 16:16:32.989, 2, GPU-1d24ec01-d8bb-a3cf-73c2-7d6014d1dd4d, NVIDIA A100-SXM4-80GB, 75275, 81920, 100, 115.76, 34
nid008352,2026/05/03 16:16:32.991, 3, GPU-689a6e7c-a622-65fb-9f4d-887ba745f660, NVIDIA A100-SXM4-80GB, 75275, 81920, 2, 142.67, 32
nid008353,2026/05/03 16:16:33.819, 0, GPU-3ad85384-e7dd-8c9b-13da-56f54bf334d9, NVIDIA A100-SXM4-80GB, 75029, 81920, 73, 130.56, 35
nid008353,2026/05/03 16:16:33.822, 1, GPU-3d65dc3f-116a-1dd4-937c-6e4481a765b5, NVIDIA A100-SXM4-80GB, 75019, 81920, 73, 138.26, 33
nid008353,2026/05/03 16:16:33.823, 2, GPU-338e4806-c72e-e37a-4798-dc47c2f2de03, NVIDIA A100-SXM4-80GB, 75019, 81920, 66, 114.85, 35
nid008353,2026/05/03 16:16:33.825, 3, GPU-fec40d98-ea80-e220-a49c-31ccab4741af, NVIDIA A100-SXM4-80GB, 75019, 81920, 1, 137.78, 33
nid008352,2026/05/03 16:16:36.742, 0, GPU-c8e590fe-c1df-fb38-7bf3-9ed4364cf576, NVIDIA A100-SXM4-80GB, 76665, 81920, 100, 125.24, 34
nid008352,2026/05/03 16:16:36.745, 1, GPU-5efb5c1d-1cd8-daca-bd51-2f30d62f6e1e, NVIDIA A100-SXM4-80GB, 75275, 81920, 100, 116.83, 31
nid008352,2026/05/03 16:16:36.746, 2, GPU-1d24ec01-d8bb-a3cf-73c2-7d6014d1dd4d, NVIDIA A100-SXM4-80GB, 75275, 81920, 100, 114.96, 34
nid008352,2026/05/03 16:16:36.748, 3, GPU-689a6e7c-a622-65fb-9f4d-887ba745f660, NVIDIA A100-SXM4-80GB, 75275, 81920, 5, 112.85, 32
nid008353,2026/05/03 16:16:37.569, 0, GPU-3ad85384-e7dd-8c9b-13da-56f54bf334d9, NVIDIA A100-SXM4-80GB, 75029, 81920, 60, 133.59, 35
nid008353,2026/05/03 16:16:37.572, 1, GPU-3d65dc3f-116a-1dd4-937c-6e4481a765b5, NVIDIA A100-SXM4-80GB, 75019, 81920, 98, 135.60, 32
nid008353,2026/05/03 16:16:37.574, 2, GPU-338e4806-c72e-e37a-4798-dc47c2f2de03, NVIDIA A100-SXM4-80GB, 75019, 81920, 74, 129.39, 35
nid008353,2026/05/03 16:16:37.576, 3, GPU-fec40d98-ea80-e220-a49c-31ccab4741af, NVIDIA A100-SXM4-80GB, 75019, 81920, 16, 135.63, 33
nid008352,2026/05/03 16:16:40.453, 0, GPU-c8e590fe-c1df-fb38-7bf3-9ed4364cf576, NVIDIA A100-SXM4-80GB, 76665, 81920, 100, 119.97, 34
nid008352,2026/05/03 16:16:40.456, 1, GPU-5efb5c1d-1cd8-daca-bd51-2f30d62f6e1e, NVIDIA A100-SXM4-80GB, 75275, 81920, 100, 116.31, 31
nid008352,2026/05/03 16:16:40.458, 2, GPU-1d24ec01-d8bb-a3cf-73c2-7d6014d1dd4d, NVIDIA A100-SXM4-80GB, 75275, 81920, 100, 115.24, 34
nid008352,2026/05/03 16:16:40.459, 3, GPU-689a6e7c-a622-65fb-9f4d-887ba745f660, NVIDIA A100-SXM4-80GB, 75275, 81920, 2, 112.62, 32
nid008353,2026/05/03 16:16:41.285, 0, GPU-3ad85384-e7dd-8c9b-13da-56f54bf334d9, NVIDIA A100-SXM4-80GB, 75029, 81920, 100, 111.53, 34
nid008353,2026/05/03 16:16:41.288, 1, GPU-3d65dc3f-116a-1dd4-937c-6e4481a765b5, NVIDIA A100-SXM4-80GB, 75019, 81920, 92, 114.74, 32
nid008353,2026/05/03 16:16:41.289, 2, GPU-338e4806-c72e-e37a-4798-dc47c2f2de03, NVIDIA A100-SXM4-80GB, 75019, 81920, 100, 114.98, 35
nid008353,2026/05/03 16:16:41.291, 3, GPU-fec40d98-ea80-e220-a49c-31ccab4741af, NVIDIA A100-SXM4-80GB, 75019, 81920, 2, 110.06, 32
nid008352,2026/05/03 16:16:44.253, 0, GPU-c8e590fe-c1df-fb38-7bf3-9ed4364cf576, NVIDIA A100-SXM4-80GB, 76665, 81920, 100, 114.96, 34
nid008352,2026/05/03 16:16:44.261, 1, GPU-5efb5c1d-1cd8-daca-bd51-2f30d62f6e1e, NVIDIA A100-SXM4-80GB, 75275, 81920, 100, 115.26, 31
nid008352,2026/05/03 16:16:44.266, 2, GPU-1d24ec01-d8bb-a3cf-73c2-7d6014d1dd4d, NVIDIA A100-SXM4-80GB, 75275, 81920, 100, 114.96, 34
nid008352,2026/05/03 16:16:44.271, 3, GPU-689a6e7c-a622-65fb-9f4d-887ba745f660, NVIDIA A100-SXM4-80GB, 75275, 81920, 1, 118.79, 32
nid008353,2026/05/03 16:16:45.140, 0, GPU-3ad85384-e7dd-8c9b-13da-56f54bf334d9, NVIDIA A100-SXM4-80GB, 75029, 81920, 48, 111.66, 34
nid008353,2026/05/03 16:16:45.143, 1, GPU-3d65dc3f-116a-1dd4-937c-6e4481a765b5, NVIDIA A100-SXM4-80GB, 75019, 81920, 99, 114.61, 32
nid008353,2026/05/03 16:16:45.144, 2, GPU-338e4806-c72e-e37a-4798-dc47c2f2de03, NVIDIA A100-SXM4-80GB, 75019, 81920, 100, 114.85, 35
nid008353,2026/05/03 16:16:45.146, 3, GPU-fec40d98-ea80-e220-a49c-31ccab4741af, NVIDIA A100-SXM4-80GB, 75019, 81920, 87, 111.16, 32
nid008352,2026/05/03 16:16:48.028, 0, GPU-c8e590fe-c1df-fb38-7bf3-9ed4364cf576, NVIDIA A100-SXM4-80GB, 76665, 81920, 91, 111.26, 34
nid008352,2026/05/03 16:16:48.031, 1, GPU-5efb5c1d-1cd8-daca-bd51-2f30d62f6e1e, NVIDIA A100-SXM4-80GB, 75275, 81920, 100, 115.26, 31
nid008352,2026/05/03 16:16:48.033, 2, GPU-1d24ec01-d8bb-a3cf-73c2-7d6014d1dd4d, NVIDIA A100-SXM4-80GB, 75275, 81920, 100, 116.04, 34
nid008352,2026/05/03 16:16:48.034, 3, GPU-689a6e7c-a622-65fb-9f4d-887ba745f660, NVIDIA A100-SXM4-80GB, 75275, 81920, 7, 119.08, 32
nid008353,2026/05/03 16:16:48.883, 0, GPU-3ad85384-e7dd-8c9b-13da-56f54bf334d9, NVIDIA A100-SXM4-80GB, 75029, 81920, 79, 136.12, 34
nid008353,2026/05/03 16:16:48.886, 1, GPU-3d65dc3f-116a-1dd4-937c-6e4481a765b5, NVIDIA A100-SXM4-80GB, 75019, 81920, 61, 124.11, 32
nid008353,2026/05/03 16:16:48.888, 2, GPU-338e4806-c72e-e37a-4798-dc47c2f2de03, NVIDIA A100-SXM4-80GB, 75019, 81920, 100, 135.08, 35
nid008353,2026/05/03 16:16:48.889, 3, GPU-fec40d98-ea80-e220-a49c-31ccab4741af, NVIDIA A100-SXM4-80GB, 75019, 81920, 76, 128.26, 33
nid008352,2026/05/03 16:16:51.754, 0, GPU-c8e590fe-c1df-fb38-7bf3-9ed4364cf576, NVIDIA A100-SXM4-80GB, 76665, 81920, 100, 121.54, 34
nid008352,2026/05/03 16:16:51.757, 1, GPU-5efb5c1d-1cd8-daca-bd51-2f30d62f6e1e, NVIDIA A100-SXM4-80GB, 75275, 81920, 100, 135.76, 32
nid008352,2026/05/03 16:16:51.758, 2, GPU-1d24ec01-d8bb-a3cf-73c2-7d6014d1dd4d, NVIDIA A100-SXM4-80GB, 75275, 81920, 100, 128.69, 34
nid008352,2026/05/03 16:16:51.760, 3, GPU-689a6e7c-a622-65fb-9f4d-887ba745f660, NVIDIA A100-SXM4-80GB, 75275, 81920, 2, 115.75, 32
nid008353,2026/05/03 16:16:52.616, 0, GPU-3ad85384-e7dd-8c9b-13da-56f54bf334d9, NVIDIA A100-SXM4-80GB, 75029, 81920, 99, 111.81, 34
nid008353,2026/05/03 16:16:52.618, 1, GPU-3d65dc3f-116a-1dd4-937c-6e4481a765b5, NVIDIA A100-SXM4-80GB, 75019, 81920, 94, 114.74, 32
nid008353,2026/05/03 16:16:52.622, 2, GPU-338e4806-c72e-e37a-4798-dc47c2f2de03, NVIDIA A100-SXM4-80GB, 75019, 81920, 59, 114.85, 35
nid008353,2026/05/03 16:16:52.624, 3, GPU-fec40d98-ea80-e220-a49c-31ccab4741af, NVIDIA A100-SXM4-80GB, 75019, 81920, 17, 110.35, 32
nid008352,2026/05/03 16:16:55.479, 0, GPU-c8e590fe-c1df-fb38-7bf3-9ed4364cf576, NVIDIA A100-SXM4-80GB, 76665, 81920, 100, 116.71, 34
nid008352,2026/05/03 16:16:55.486, 1, GPU-5efb5c1d-1cd8-daca-bd51-2f30d62f6e1e, NVIDIA A100-SXM4-80GB, 75275, 81920, 100, 117.12, 31
nid008352,2026/05/03 16:16:55.489, 2, GPU-1d24ec01-d8bb-a3cf-73c2-7d6014d1dd4d, NVIDIA A100-SXM4-80GB, 75275, 81920, 100, 122.72, 34
nid008352,2026/05/03 16:16:55.490, 3, GPU-689a6e7c-a622-65fb-9f4d-887ba745f660, NVIDIA A100-SXM4-80GB, 75275, 81920, 3, 114.05, 32
nid008353,2026/05/03 16:16:56.341, 0, GPU-3ad85384-e7dd-8c9b-13da-56f54bf334d9, NVIDIA A100-SXM4-80GB, 75029, 81920, 96, 122.11, 35
nid008353,2026/05/03 16:16:56.345, 1, GPU-3d65dc3f-116a-1dd4-937c-6e4481a765b5, NVIDIA A100-SXM4-80GB, 75019, 81920, 98, 139.59, 33
nid008353,2026/05/03 16:16:56.347, 2, GPU-338e4806-c72e-e37a-4798-dc47c2f2de03, NVIDIA A100-SXM4-80GB, 75019, 81920, 67, 119.22, 35
nid008353,2026/05/03 16:16:56.348, 3, GPU-fec40d98-ea80-e220-a49c-31ccab4741af, NVIDIA A100-SXM4-80GB, 75019, 81920, 0, 120.26, 33
nid008352,2026/05/03 16:16:59.189, 0, GPU-c8e590fe-c1df-fb38-7bf3-9ed4364cf576, NVIDIA A100-SXM4-80GB, 76665, 81920, 100, 111.03, 34
nid008352,2026/05/03 16:16:59.192, 1, GPU-5efb5c1d-1cd8-daca-bd51-2f30d62f6e1e, NVIDIA A100-SXM4-80GB, 75275, 81920, 100, 114.98, 31
nid008352,2026/05/03 16:16:59.194, 2, GPU-1d24ec01-d8bb-a3cf-73c2-7d6014d1dd4d, NVIDIA A100-SXM4-80GB, 75275, 81920, 100, 114.96, 34
nid008352,2026/05/03 16:16:59.195, 3, GPU-689a6e7c-a622-65fb-9f4d-887ba745f660, NVIDIA A100-SXM4-80GB, 75275, 81920, 2, 127.52, 32
nid008353,2026/05/03 16:17:00.043, 0, GPU-3ad85384-e7dd-8c9b-13da-56f54bf334d9, NVIDIA A100-SXM4-80GB, 75029, 81920, 43, 111.66, 34
nid008353,2026/05/03 16:17:00.046, 1, GPU-3d65dc3f-116a-1dd4-937c-6e4481a765b5, NVIDIA A100-SXM4-80GB, 75019, 81920, 54, 114.61, 32
nid008353,2026/05/03 16:17:00.048, 2, GPU-338e4806-c72e-e37a-4798-dc47c2f2de03, NVIDIA A100-SXM4-80GB, 75019, 81920, 85, 114.85, 35
nid008353,2026/05/03 16:17:00.049, 3, GPU-fec40d98-ea80-e220-a49c-31ccab4741af, NVIDIA A100-SXM4-80GB, 75019, 81920, 0, 110.06, 32
nid008352,2026/05/03 16:17:02.954, 0, GPU-c8e590fe-c1df-fb38-7bf3-9ed4364cf576, NVIDIA A100-SXM4-80GB, 76665, 81920, 100, 113.91, 34
nid008352,2026/05/03 16:17:02.957, 1, GPU-5efb5c1d-1cd8-daca-bd51-2f30d62f6e1e, NVIDIA A100-SXM4-80GB, 75275, 81920, 100, 115.89, 31
nid008352,2026/05/03 16:17:02.958, 2, GPU-1d24ec01-d8bb-a3cf-73c2-7d6014d1dd4d, NVIDIA A100-SXM4-80GB, 75275, 81920, 100, 114.96, 34
nid008352,2026/05/03 16:17:02.960, 3, GPU-689a6e7c-a622-65fb-9f4d-887ba745f660, NVIDIA A100-SXM4-80GB, 75275, 81920, 2, 112.85, 32
nid008353,2026/05/03 16:17:03.804, 0, GPU-3ad85384-e7dd-8c9b-13da-56f54bf334d9, NVIDIA A100-SXM4-80GB, 75029, 81920, 57, 112.04, 34
nid008353,2026/05/03 16:17:03.808, 1, GPU-3d65dc3f-116a-1dd4-937c-6e4481a765b5, NVIDIA A100-SXM4-80GB, 75019, 81920, 56, 114.85, 32
nid008353,2026/05/03 16:17:03.809, 2, GPU-338e4806-c72e-e37a-4798-dc47c2f2de03, NVIDIA A100-SXM4-80GB, 75019, 81920, 71, 114.61, 35
nid008353,2026/05/03 16:17:03.811, 3, GPU-fec40d98-ea80-e220-a49c-31ccab4741af, NVIDIA A100-SXM4-80GB, 75019, 81920, 64, 110.06, 32
nid008352,2026/05/03 16:17:06.744, 0, GPU-c8e590fe-c1df-fb38-7bf3-9ed4364cf576, NVIDIA A100-SXM4-80GB, 76665, 81920, 100, 114.57, 34
nid008352,2026/05/03 16:17:06.747, 1, GPU-5efb5c1d-1cd8-daca-bd51-2f30d62f6e1e, NVIDIA A100-SXM4-80GB, 75275, 81920, 100, 116.73, 31
nid008352,2026/05/03 16:17:06.748, 2, GPU-1d24ec01-d8bb-a3cf-73c2-7d6014d1dd4d, NVIDIA A100-SXM4-80GB, 75275, 81920, 100, 115.37, 34
nid008352,2026/05/03 16:17:06.750, 3, GPU-689a6e7c-a622-65fb-9f4d-887ba745f660, NVIDIA A100-SXM4-80GB, 75275, 81920, 2, 128.72, 32
nid008353,2026/05/03 16:17:07.649, 0, GPU-3ad85384-e7dd-8c9b-13da-56f54bf334d9, NVIDIA A100-SXM4-80GB, 75029, 81920, 72, 111.66, 34
nid008353,2026/05/03 16:17:07.652, 1, GPU-3d65dc3f-116a-1dd4-937c-6e4481a765b5, NVIDIA A100-SXM4-80GB, 75019, 81920, 31, 114.74, 32
nid008353,2026/05/03 16:17:07.653, 2, GPU-338e4806-c72e-e37a-4798-dc47c2f2de03, NVIDIA A100-SXM4-80GB, 75019, 81920, 76, 114.74, 35
nid008353,2026/05/03 16:17:07.655, 3, GPU-fec40d98-ea80-e220-a49c-31ccab4741af, NVIDIA A100-SXM4-80GB, 75019, 81920, 4, 110.06, 32
nid008352,2026/05/03 16:17:10.507, 0, GPU-c8e590fe-c1df-fb38-7bf3-9ed4364cf576, NVIDIA A100-SXM4-80GB, 76665, 81920, 100, 110.74, 34
nid008352,2026/05/03 16:17:10.509, 1, GPU-5efb5c1d-1cd8-daca-bd51-2f30d62f6e1e, NVIDIA A100-SXM4-80GB, 75275, 81920, 100, 114.98, 31
nid008352,2026/05/03 16:17:10.511, 2, GPU-1d24ec01-d8bb-a3cf-73c2-7d6014d1dd4d, NVIDIA A100-SXM4-80GB, 75275, 81920, 100, 141.17, 34
nid008352,2026/05/03 16:17:10.512, 3, GPU-689a6e7c-a622-65fb-9f4d-887ba745f660, NVIDIA A100-SXM4-80GB, 75275, 81920, 2, 132.39, 32
nid008353,2026/05/03 16:17:11.332, 0, GPU-3ad85384-e7dd-8c9b-13da-56f54bf334d9, NVIDIA A100-SXM4-80GB, 75029, 81920, 89, 131.89, 34
nid008353,2026/05/03 16:17:11.335, 1, GPU-3d65dc3f-116a-1dd4-937c-6e4481a765b5, NVIDIA A100-SXM4-80GB, 75019, 81920, 85, 132.05, 32
nid008353,2026/05/03 16:17:11.336, 2, GPU-338e4806-c72e-e37a-4798-dc47c2f2de03, NVIDIA A100-SXM4-80GB, 75019, 81920, 100, 133.91, 35
nid008353,2026/05/03 16:17:11.338, 3, GPU-fec40d98-ea80-e220-a49c-31ccab4741af, NVIDIA A100-SXM4-80GB, 75019, 81920, 9, 110.35, 32
nid008352,2026/05/03 16:17:14.307, 0, GPU-c8e590fe-c1df-fb38-7bf3-9ed4364cf576, NVIDIA A100-SXM4-80GB, 76665, 81920, 100, 110.50, 34
nid008352,2026/05/03 16:17:14.310, 1, GPU-5efb5c1d-1cd8-daca-bd51-2f30d62f6e1e, NVIDIA A100-SXM4-80GB, 75275, 81920, 100, 114.74, 32
nid008352,2026/05/03 16:17:14.311, 2, GPU-1d24ec01-d8bb-a3cf-73c2-7d6014d1dd4d, NVIDIA A100-SXM4-80GB, 75275, 81920, 100, 141.17, 34
nid008352,2026/05/03 16:17:14.313, 3, GPU-689a6e7c-a622-65fb-9f4d-887ba745f660, NVIDIA A100-SXM4-80GB, 75275, 81920, 1, 121.45, 32
nid008353,2026/05/03 16:17:15.155, 0, GPU-3ad85384-e7dd-8c9b-13da-56f54bf334d9, NVIDIA A100-SXM4-80GB, 75029, 81920, 86, 120.79, 35
nid008353,2026/05/03 16:17:15.158, 1, GPU-3d65dc3f-116a-1dd4-937c-6e4481a765b5, NVIDIA A100-SXM4-80GB, 75019, 81920, 96, 152.26, 33
nid008353,2026/05/03 16:17:15.160, 2, GPU-338e4806-c72e-e37a-4798-dc47c2f2de03, NVIDIA A100-SXM4-80GB, 75019, 81920, 92, 127.14, 35
nid008353,2026/05/03 16:17:15.165, 3, GPU-fec40d98-ea80-e220-a49c-31ccab4741af, NVIDIA A100-SXM4-80GB, 75019, 81920, 2, 117.12, 32
nid008352,2026/05/03 16:17:18.018, 0, GPU-c8e590fe-c1df-fb38-7bf3-9ed4364cf576, NVIDIA A100-SXM4-80GB, 76665, 81920, 100, 110.50, 34
nid008352,2026/05/03 16:17:18.021, 1, GPU-5efb5c1d-1cd8-daca-bd51-2f30d62f6e1e, NVIDIA A100-SXM4-80GB, 75275, 81920, 100, 128.34, 31
nid008352,2026/05/03 16:17:18.022, 2, GPU-1d24ec01-d8bb-a3cf-73c2-7d6014d1dd4d, NVIDIA A100-SXM4-80GB, 75275, 81920, 100, 116.42, 34
nid008352,2026/05/03 16:17:18.024, 3, GPU-689a6e7c-a622-65fb-9f4d-887ba745f660, NVIDIA A100-SXM4-80GB, 75275, 81920, 2, 118.27, 32
nid008353,2026/05/03 16:17:18.853, 0, GPU-3ad85384-e7dd-8c9b-13da-56f54bf334d9, NVIDIA A100-SXM4-80GB, 75029, 81920, 72, 111.94, 34
nid008353,2026/05/03 16:17:18.856, 1, GPU-3d65dc3f-116a-1dd4-937c-6e4481a765b5, NVIDIA A100-SXM4-80GB, 75019, 81920, 99, 114.61, 32
nid008353,2026/05/03 16:17:18.858, 2, GPU-338e4806-c72e-e37a-4798-dc47c2f2de03, NVIDIA A100-SXM4-80GB, 75019, 81920, 100, 114.61, 35
nid008353,2026/05/03 16:17:18.859, 3, GPU-fec40d98-ea80-e220-a49c-31ccab4741af, NVIDIA A100-SXM4-80GB, 75019, 81920, 47, 111.40, 32
nid008352,2026/05/03 16:17:21.708, 0, GPU-c8e590fe-c1df-fb38-7bf3-9ed4364cf576, NVIDIA A100-SXM4-80GB, 76665, 81920, 100, 112.35, 34
nid008352,2026/05/03 16:17:21.710, 1, GPU-5efb5c1d-1cd8-daca-bd51-2f30d62f6e1e, NVIDIA A100-SXM4-80GB, 75275, 81920, 100, 115.26, 31
nid008352,2026/05/03 16:17:21.712, 2, GPU-1d24ec01-d8bb-a3cf-73c2-7d6014d1dd4d, NVIDIA A100-SXM4-80GB, 75275, 81920, 100, 115.10, 34
nid008352,2026/05/03 16:17:21.713, 3, GPU-689a6e7c-a622-65fb-9f4d-887ba745f660, NVIDIA A100-SXM4-80GB, 75275, 81920, 27, 117.60, 32
nid008353,2026/05/03 16:17:22.557, 0, GPU-3ad85384-e7dd-8c9b-13da-56f54bf334d9, NVIDIA A100-SXM4-80GB, 75029, 81920, 100, 111.81, 34
nid008353,2026/05/03 16:17:22.560, 1, GPU-3d65dc3f-116a-1dd4-937c-6e4481a765b5, NVIDIA A100-SXM4-80GB, 75019, 81920, 100, 114.74, 32
nid008353,2026/05/03 16:17:22.562, 2, GPU-338e4806-c72e-e37a-4798-dc47c2f2de03, NVIDIA A100-SXM4-80GB, 75019, 81920, 54, 114.85, 35
nid008353,2026/05/03 16:17:22.567, 3, GPU-fec40d98-ea80-e220-a49c-31ccab4741af, NVIDIA A100-SXM4-80GB, 75019, 81920, 0, 111.27, 32
nid008352,2026/05/03 16:17:25.452, 0, GPU-c8e590fe-c1df-fb38-7bf3-9ed4364cf576, NVIDIA A100-SXM4-80GB, 76665, 81920, 100, 111.03, 36
nid008352,2026/05/03 16:17:25.454, 1, GPU-5efb5c1d-1cd8-daca-bd51-2f30d62f6e1e, NVIDIA A100-SXM4-80GB, 75275, 81920, 100, 111.94, 33
nid008352,2026/05/03 16:17:25.456, 2, GPU-1d24ec01-d8bb-a3cf-73c2-7d6014d1dd4d, NVIDIA A100-SXM4-80GB, 75275, 81920, 100, 116.04, 36
nid008352,2026/05/03 16:17:25.458, 3, GPU-689a6e7c-a622-65fb-9f4d-887ba745f660, NVIDIA A100-SXM4-80GB, 75275, 81920, 100, 113.76, 34
nid008353,2026/05/03 16:17:26.405, 0, GPU-3ad85384-e7dd-8c9b-13da-56f54bf334d9, NVIDIA A100-SXM4-80GB, 75029, 81920, 48, 112.33, 35
nid008353,2026/05/03 16:17:26.412, 1, GPU-3d65dc3f-116a-1dd4-937c-6e4481a765b5, NVIDIA A100-SXM4-80GB, 75019, 81920, 64, 115.36, 33
nid008353,2026/05/03 16:17:26.414, 2, GPU-338e4806-c72e-e37a-4798-dc47c2f2de03, NVIDIA A100-SXM4-80GB, 75019, 81920, 100, 115.65, 36
nid008353,2026/05/03 16:17:26.415, 3, GPU-fec40d98-ea80-e220-a49c-31ccab4741af, NVIDIA A100-SXM4-80GB, 75019, 81920, 91, 112.07, 33
nid008352,2026/05/03 16:17:29.307, 0, GPU-c8e590fe-c1df-fb38-7bf3-9ed4364cf576, NVIDIA A100-SXM4-80GB, 76665, 81920, 100, 110.88, 35
nid008352,2026/05/03 16:17:29.310, 1, GPU-5efb5c1d-1cd8-daca-bd51-2f30d62f6e1e, NVIDIA A100-SXM4-80GB, 75275, 81920, 100, 115.40, 32
nid008352,2026/05/03 16:17:29.312, 2, GPU-1d24ec01-d8bb-a3cf-73c2-7d6014d1dd4d, NVIDIA A100-SXM4-80GB, 75275, 81920, 100, 115.76, 35
nid008352,2026/05/03 16:17:29.313, 3, GPU-689a6e7c-a622-65fb-9f4d-887ba745f660, NVIDIA A100-SXM4-80GB, 75275, 81920, 100, 113.53, 33
nid008353,2026/05/03 16:17:30.162, 0, GPU-3ad85384-e7dd-8c9b-13da-56f54bf334d9, NVIDIA A100-SXM4-80GB, 75029, 81920, 100, 112.33, 35
nid008353,2026/05/03 16:17:30.165, 1, GPU-3d65dc3f-116a-1dd4-937c-6e4481a765b5, NVIDIA A100-SXM4-80GB, 75019, 81920, 100, 115.13, 33
nid008353,2026/05/03 16:17:30.167, 2, GPU-338e4806-c72e-e37a-4798-dc47c2f2de03, NVIDIA A100-SXM4-80GB, 75019, 81920, 95, 115.23, 36
nid008353,2026/05/03 16:17:30.169, 3, GPU-fec40d98-ea80-e220-a49c-31ccab4741af, NVIDIA A100-SXM4-80GB, 75019, 81920, 100, 111.79, 33
nid008352,2026/05/03 16:17:33.094, 0, GPU-c8e590fe-c1df-fb38-7bf3-9ed4364cf576, NVIDIA A100-SXM4-80GB, 76665, 81920, 100, 112.87, 36
nid008352,2026/05/03 16:17:33.097, 1, GPU-5efb5c1d-1cd8-daca-bd51-2f30d62f6e1e, NVIDIA A100-SXM4-80GB, 75275, 81920, 100, 116.18, 33
nid008352,2026/05/03 16:17:33.099, 2, GPU-1d24ec01-d8bb-a3cf-73c2-7d6014d1dd4d, NVIDIA A100-SXM4-80GB, 75275, 81920, 100, 148.03, 37
nid008352,2026/05/03 16:17:33.100, 3, GPU-689a6e7c-a622-65fb-9f4d-887ba745f660, NVIDIA A100-SXM4-80GB, 75275, 81920, 100, 119.60, 35
nid008353,2026/05/03 16:17:33.949, 0, GPU-3ad85384-e7dd-8c9b-13da-56f54bf334d9, NVIDIA A100-SXM4-80GB, 75029, 81920, 88, 118.03, 36
nid008353,2026/05/03 16:17:33.952, 1, GPU-3d65dc3f-116a-1dd4-937c-6e4481a765b5, NVIDIA A100-SXM4-80GB, 75019, 81920, 75, 129.00, 34
nid008353,2026/05/03 16:17:33.954, 2, GPU-338e4806-c72e-e37a-4798-dc47c2f2de03, NVIDIA A100-SXM4-80GB, 75019, 81920, 85, 132.58, 37
nid008353,2026/05/03 16:17:33.955, 3, GPU-fec40d98-ea80-e220-a49c-31ccab4741af, NVIDIA A100-SXM4-80GB, 75019, 81920, 92, 125.07, 34
nid008352,2026/05/03 16:17:36.820, 0, GPU-c8e590fe-c1df-fb38-7bf3-9ed4364cf576, NVIDIA A100-SXM4-80GB, 76665, 81920, 61, 114.96, 35
nid008352,2026/05/03 16:17:36.823, 1, GPU-5efb5c1d-1cd8-daca-bd51-2f30d62f6e1e, NVIDIA A100-SXM4-80GB, 75275, 81920, 47, 121.07, 32
nid008352,2026/05/03 16:17:36.825, 2, GPU-1d24ec01-d8bb-a3cf-73c2-7d6014d1dd4d, NVIDIA A100-SXM4-80GB, 75275, 81920, 100, 130.91, 35
nid008352,2026/05/03 16:17:36.828, 3, GPU-689a6e7c-a622-65fb-9f4d-887ba745f660, NVIDIA A100-SXM4-80GB, 75275, 81920, 100, 115.23, 33
nid008353,2026/05/03 16:17:37.658, 0, GPU-3ad85384-e7dd-8c9b-13da-56f54bf334d9, NVIDIA A100-SXM4-80GB, 75029, 81920, 33, 129.00, 35
nid008353,2026/05/03 16:17:37.660, 1, GPU-3d65dc3f-116a-1dd4-937c-6e4481a765b5, NVIDIA A100-SXM4-80GB, 75019, 81920, 2, 114.85, 32
nid008353,2026/05/03 16:17:37.662, 2, GPU-338e4806-c72e-e37a-4798-dc47c2f2de03, NVIDIA A100-SXM4-80GB, 75019, 81920, 97, 134.43, 36
nid008353,2026/05/03 16:17:37.664, 3, GPU-fec40d98-ea80-e220-a49c-31ccab4741af, NVIDIA A100-SXM4-80GB, 75019, 81920, 99, 116.73, 32
nid008352,2026/05/03 16:17:40.556, 0, GPU-c8e590fe-c1df-fb38-7bf3-9ed4364cf576, NVIDIA A100-SXM4-80GB, 76665, 81920, 2, 118.41, 34
nid008352,2026/05/03 16:17:40.559, 1, GPU-5efb5c1d-1cd8-daca-bd51-2f30d62f6e1e, NVIDIA A100-SXM4-80GB, 75275, 81920, 100, 128.49, 32
nid008352,2026/05/03 16:17:40.561, 2, GPU-1d24ec01-d8bb-a3cf-73c2-7d6014d1dd4d, NVIDIA A100-SXM4-80GB, 75275, 81920, 100, 116.28, 34
nid008352,2026/05/03 16:17:40.563, 3, GPU-689a6e7c-a622-65fb-9f4d-887ba745f660, NVIDIA A100-SXM4-80GB, 75275, 81920, 100, 113.38, 32
nid008353,2026/05/03 16:17:41.438, 0, GPU-3ad85384-e7dd-8c9b-13da-56f54bf334d9, NVIDIA A100-SXM4-80GB, 75029, 81920, 79, 111.81, 34
nid008353,2026/05/03 16:17:41.441, 1, GPU-3d65dc3f-116a-1dd4-937c-6e4481a765b5, NVIDIA A100-SXM4-80GB, 75019, 81920, 86, 114.85, 32
nid008353,2026/05/03 16:17:41.443, 2, GPU-338e4806-c72e-e37a-4798-dc47c2f2de03, NVIDIA A100-SXM4-80GB, 75019, 81920, 13, 114.71, 35
nid008353,2026/05/03 16:17:41.445, 3, GPU-fec40d98-ea80-e220-a49c-31ccab4741af, NVIDIA A100-SXM4-80GB, 75019, 81920, 95, 111.55, 32
nid008352,2026/05/03 16:17:44.345, 0, GPU-c8e590fe-c1df-fb38-7bf3-9ed4364cf576, NVIDIA A100-SXM4-80GB, 76665, 81920, 4, 141.34, 35
nid008352,2026/05/03 16:17:44.348, 1, GPU-5efb5c1d-1cd8-daca-bd51-2f30d62f6e1e, NVIDIA A100-SXM4-80GB, 75275, 81920, 100, 133.02, 32
nid008352,2026/05/03 16:17:44.349, 2, GPU-1d24ec01-d8bb-a3cf-73c2-7d6014d1dd4d, NVIDIA A100-SXM4-80GB, 75275, 81920, 100, 120.50, 34
nid008352,2026/05/03 16:17:44.351, 3, GPU-689a6e7c-a622-65fb-9f4d-887ba745f660, NVIDIA A100-SXM4-80GB, 75275, 81920, 100, 113.14, 32
nid008353,2026/05/03 16:17:45.198, 0, GPU-3ad85384-e7dd-8c9b-13da-56f54bf334d9, NVIDIA A100-SXM4-80GB, 75029, 81920, 57, 119.60, 35
nid008353,2026/05/03 16:17:45.201, 1, GPU-3d65dc3f-116a-1dd4-937c-6e4481a765b5, NVIDIA A100-SXM4-80GB, 75019, 81920, 95, 145.26, 32
nid008353,2026/05/03 16:17:45.203, 2, GPU-338e4806-c72e-e37a-4798-dc47c2f2de03, NVIDIA A100-SXM4-80GB, 75019, 81920, 43, 117.50, 35
nid008353,2026/05/03 16:17:45.204, 3, GPU-fec40d98-ea80-e220-a49c-31ccab4741af, NVIDIA A100-SXM4-80GB, 75019, 81920, 89, 113.93, 32
nid008352,2026/05/03 16:17:48.054, 0, GPU-c8e590fe-c1df-fb38-7bf3-9ed4364cf576, NVIDIA A100-SXM4-80GB, 76665, 81920, 100, 121.31, 34
nid008352,2026/05/03 16:17:48.057, 1, GPU-5efb5c1d-1cd8-daca-bd51-2f30d62f6e1e, NVIDIA A100-SXM4-80GB, 75275, 81920, 9, 114.45, 32
nid008352,2026/05/03 16:17:48.058, 2, GPU-1d24ec01-d8bb-a3cf-73c2-7d6014d1dd4d, NVIDIA A100-SXM4-80GB, 75275, 81920, 100, 118.41, 34
nid008352,2026/05/03 16:17:48.060, 3, GPU-689a6e7c-a622-65fb-9f4d-887ba745f660, NVIDIA A100-SXM4-80GB, 75275, 81920, 100, 113.14, 32
nid008353,2026/05/03 16:17:48.922, 0, GPU-3ad85384-e7dd-8c9b-13da-56f54bf334d9, NVIDIA A100-SXM4-80GB, 75029, 81920, 100, 111.94, 34
nid008353,2026/05/03 16:17:48.924, 1, GPU-3d65dc3f-116a-1dd4-937c-6e4481a765b5, NVIDIA A100-SXM4-80GB, 75019, 81920, 37, 115.36, 32
nid008353,2026/05/03 16:17:48.926, 2, GPU-338e4806-c72e-e37a-4798-dc47c2f2de03, NVIDIA A100-SXM4-80GB, 75019, 81920, 100, 114.85, 35
nid008353,2026/05/03 16:17:48.928, 3, GPU-fec40d98-ea80-e220-a49c-31ccab4741af, NVIDIA A100-SXM4-80GB, 75019, 81920, 74, 111.27, 32
nid008352,2026/05/03 16:17:51.840, 0, GPU-c8e590fe-c1df-fb38-7bf3-9ed4364cf576, NVIDIA A100-SXM4-80GB, 76665, 81920, 100, 113.11, 34
nid008352,2026/05/03 16:17:51.847, 1, GPU-5efb5c1d-1cd8-daca-bd51-2f30d62f6e1e, NVIDIA A100-SXM4-80GB, 75275, 81920, 6, 121.07, 32
nid008352,2026/05/03 16:17:51.853, 2, GPU-1d24ec01-d8bb-a3cf-73c2-7d6014d1dd4d, NVIDIA A100-SXM4-80GB, 75275, 81920, 100, 125.89, 34
nid008352,2026/05/03 16:17:51.856, 3, GPU-689a6e7c-a622-65fb-9f4d-887ba745f660, NVIDIA A100-SXM4-80GB, 75275, 81920, 100, 113.14, 32
nid008353,2026/05/03 16:17:52.688, 0, GPU-3ad85384-e7dd-8c9b-13da-56f54bf334d9, NVIDIA A100-SXM4-80GB, 75029, 81920, 59, 132.70, 35
nid008353,2026/05/03 16:17:52.690, 1, GPU-3d65dc3f-116a-1dd4-937c-6e4481a765b5, NVIDIA A100-SXM4-80GB, 75019, 81920, 5, 144.57, 33
nid008353,2026/05/03 16:17:52.692, 2, GPU-338e4806-c72e-e37a-4798-dc47c2f2de03, NVIDIA A100-SXM4-80GB, 75019, 81920, 100, 139.82, 36
nid008353,2026/05/03 16:17:52.693, 3, GPU-fec40d98-ea80-e220-a49c-31ccab4741af, NVIDIA A100-SXM4-80GB, 75019, 81920, 96, 128.41, 33
nid008352,2026/05/03 16:17:55.581, 0, GPU-c8e590fe-c1df-fb38-7bf3-9ed4364cf576, NVIDIA A100-SXM4-80GB, 76665, 81920, 100, 110.22, 34
nid008352,2026/05/03 16:17:55.583, 1, GPU-5efb5c1d-1cd8-daca-bd51-2f30d62f6e1e, NVIDIA A100-SXM4-80GB, 75275, 81920, 3, 114.45, 31
nid008352,2026/05/03 16:17:55.585, 2, GPU-1d24ec01-d8bb-a3cf-73c2-7d6014d1dd4d, NVIDIA A100-SXM4-80GB, 75275, 81920, 100, 114.96, 34
nid008352,2026/05/03 16:17:55.587, 3, GPU-689a6e7c-a622-65fb-9f4d-887ba745f660, NVIDIA A100-SXM4-80GB, 75275, 81920, 100, 112.85, 32
nid008353,2026/05/03 16:17:56.413, 0, GPU-3ad85384-e7dd-8c9b-13da-56f54bf334d9, NVIDIA A100-SXM4-80GB, 75029, 81920, 94, 130.56, 34
nid008353,2026/05/03 16:17:56.416, 1, GPU-3d65dc3f-116a-1dd4-937c-6e4481a765b5, NVIDIA A100-SXM4-80GB, 75019, 81920, 5, 114.74, 32
nid008353,2026/05/03 16:17:56.418, 2, GPU-338e4806-c72e-e37a-4798-dc47c2f2de03, NVIDIA A100-SXM4-80GB, 75019, 81920, 92, 119.98, 35
nid008353,2026/05/03 16:17:56.419, 3, GPU-fec40d98-ea80-e220-a49c-31ccab4741af, NVIDIA A100-SXM4-80GB, 75019, 81920, 93, 120.02, 32
nid008352,2026/05/03 16:17:59.282, 0, GPU-c8e590fe-c1df-fb38-7bf3-9ed4364cf576, NVIDIA A100-SXM4-80GB, 76665, 81920, 100, 135.27, 34
nid008352,2026/05/03 16:17:59.287, 1, GPU-5efb5c1d-1cd8-daca-bd51-2f30d62f6e1e, NVIDIA A100-SXM4-80GB, 75275, 81920, 3, 117.50, 32
nid008352,2026/05/03 16:17:59.293, 2, GPU-1d24ec01-d8bb-a3cf-73c2-7d6014d1dd4d, NVIDIA A100-SXM4-80GB, 75275, 81920, 100, 118.41, 34
nid008352,2026/05/03 16:17:59.302, 3, GPU-689a6e7c-a622-65fb-9f4d-887ba745f660, NVIDIA A100-SXM4-80GB, 75275, 81920, 100, 113.38, 32
nid008353,2026/05/03 16:18:00.164, 0, GPU-3ad85384-e7dd-8c9b-13da-56f54bf334d9, NVIDIA A100-SXM4-80GB, 75029, 81920, 90, 132.70, 35
nid008353,2026/05/03 16:18:00.167, 1, GPU-3d65dc3f-116a-1dd4-937c-6e4481a765b5, NVIDIA A100-SXM4-80GB, 75019, 81920, 52, 134.95, 33
nid008353,2026/05/03 16:18:00.169, 2, GPU-338e4806-c72e-e37a-4798-dc47c2f2de03, NVIDIA A100-SXM4-80GB, 75019, 81920, 100, 115.13, 35
nid008353,2026/05/03 16:18:00.170, 3, GPU-fec40d98-ea80-e220-a49c-31ccab4741af, NVIDIA A100-SXM4-80GB, 75019, 81920, 70, 128.78, 33
nid008352,2026/05/03 16:18:03.109, 0, GPU-c8e590fe-c1df-fb38-7bf3-9ed4364cf576, NVIDIA A100-SXM4-80GB, 76665, 81920, 100, 125.80, 34
nid008352,2026/05/03 16:18:03.112, 1, GPU-5efb5c1d-1cd8-daca-bd51-2f30d62f6e1e, NVIDIA A100-SXM4-80GB, 75275, 81920, 1, 114.31, 32
nid008352,2026/05/03 16:18:03.113, 2, GPU-1d24ec01-d8bb-a3cf-73c2-7d6014d1dd4d, NVIDIA A100-SXM4-80GB, 75275, 81920, 100, 119.08, 34
nid008352,2026/05/03 16:18:03.115, 3, GPU-689a6e7c-a622-65fb-9f4d-887ba745f660, NVIDIA A100-SXM4-80GB, 75275, 81920, 100, 113.66, 32
nid008353,2026/05/03 16:18:03.984, 0, GPU-3ad85384-e7dd-8c9b-13da-56f54bf334d9, NVIDIA A100-SXM4-80GB, 75029, 81920, 87, 141.15, 35
nid008353,2026/05/03 16:18:03.991, 1, GPU-3d65dc3f-116a-1dd4-937c-6e4481a765b5, NVIDIA A100-SXM4-80GB, 75019, 81920, 49, 132.70, 33
nid008353,2026/05/03 16:18:03.996, 2, GPU-338e4806-c72e-e37a-4798-dc47c2f2de03, NVIDIA A100-SXM4-80GB, 75019, 81920, 44, 135.76, 36
nid008353,2026/05/03 16:18:03.997, 3, GPU-fec40d98-ea80-e220-a49c-31ccab4741af, NVIDIA A100-SXM4-80GB, 75019, 81920, 71, 143.58, 33
nid008352,2026/05/03 16:18:06.860, 0, GPU-c8e590fe-c1df-fb38-7bf3-9ed4364cf576, NVIDIA A100-SXM4-80GB, 76665, 81920, 100, 130.38, 34
nid008352,2026/05/03 16:18:06.862, 1, GPU-5efb5c1d-1cd8-daca-bd51-2f30d62f6e1e, NVIDIA A100-SXM4-80GB, 75275, 81920, 51, 114.74, 32
nid008352,2026/05/03 16:18:06.864, 2, GPU-1d24ec01-d8bb-a3cf-73c2-7d6014d1dd4d, NVIDIA A100-SXM4-80GB, 75275, 81920, 100, 115.24, 34
nid008352,2026/05/03 16:18:06.865, 3, GPU-689a6e7c-a622-65fb-9f4d-887ba745f660, NVIDIA A100-SXM4-80GB, 75275, 81920, 100, 130.04, 33
nid008353,2026/05/03 16:18:07.726, 0, GPU-3ad85384-e7dd-8c9b-13da-56f54bf334d9, NVIDIA A100-SXM4-80GB, 75029, 81920, 94, 129.89, 35
nid008353,2026/05/03 16:18:07.729, 1, GPU-3d65dc3f-116a-1dd4-937c-6e4481a765b5, NVIDIA A100-SXM4-80GB, 75019, 81920, 2, 133.10, 33
nid008353,2026/05/03 16:18:07.730, 2, GPU-338e4806-c72e-e37a-4798-dc47c2f2de03, NVIDIA A100-SXM4-80GB, 75019, 81920, 77, 141.96, 36
nid008353,2026/05/03 16:18:07.732, 3, GPU-fec40d98-ea80-e220-a49c-31ccab4741af, NVIDIA A100-SXM4-80GB, 75019, 81920, 68, 129.83, 33
nid008352,2026/05/03 16:18:10.591, 0, GPU-c8e590fe-c1df-fb38-7bf3-9ed4364cf576, NVIDIA A100-SXM4-80GB, 76665, 81920, 100, 110.50, 34
nid008352,2026/05/03 16:18:10.593, 1, GPU-5efb5c1d-1cd8-daca-bd51-2f30d62f6e1e, NVIDIA A100-SXM4-80GB, 75275, 81920, 3, 114.98, 32
nid008352,2026/05/03 16:18:10.595, 2, GPU-1d24ec01-d8bb-a3cf-73c2-7d6014d1dd4d, NVIDIA A100-SXM4-80GB, 75275, 81920, 100, 115.24, 34
nid008352,2026/05/03 16:18:10.596, 3, GPU-689a6e7c-a622-65fb-9f4d-887ba745f660, NVIDIA A100-SXM4-80GB, 75275, 81920, 100, 113.00, 32
nid008353,2026/05/03 16:18:11.433, 0, GPU-3ad85384-e7dd-8c9b-13da-56f54bf334d9, NVIDIA A100-SXM4-80GB, 75029, 81920, 92, 142.31, 34
nid008353,2026/05/03 16:18:11.435, 1, GPU-3d65dc3f-116a-1dd4-937c-6e4481a765b5, NVIDIA A100-SXM4-80GB, 75019, 81920, 14, 128.11, 32
nid008353,2026/05/03 16:18:11.437, 2, GPU-338e4806-c72e-e37a-4798-dc47c2f2de03, NVIDIA A100-SXM4-80GB, 75019, 81920, 100, 137.45, 36
nid008353,2026/05/03 16:18:11.438, 3, GPU-fec40d98-ea80-e220-a49c-31ccab4741af, NVIDIA A100-SXM4-80GB, 75019, 81920, 100, 141.20, 33
nid008352,2026/05/03 16:18:14.344, 0, GPU-c8e590fe-c1df-fb38-7bf3-9ed4364cf576, NVIDIA A100-SXM4-80GB, 76665, 81920, 100, 121.31, 34
nid008352,2026/05/03 16:18:14.347, 1, GPU-5efb5c1d-1cd8-daca-bd51-2f30d62f6e1e, NVIDIA A100-SXM4-80GB, 75275, 81920, 2, 126.93, 32
nid008352,2026/05/03 16:18:14.348, 2, GPU-1d24ec01-d8bb-a3cf-73c2-7d6014d1dd4d, NVIDIA A100-SXM4-80GB, 75275, 81920, 100, 116.28, 34
nid008352,2026/05/03 16:18:14.350, 3, GPU-689a6e7c-a622-65fb-9f4d-887ba745f660, NVIDIA A100-SXM4-80GB, 75275, 81920, 100, 113.90, 32
nid008353,2026/05/03 16:18:15.194, 0, GPU-3ad85384-e7dd-8c9b-13da-56f54bf334d9, NVIDIA A100-SXM4-80GB, 75029, 81920, 89, 113.38, 34
nid008353,2026/05/03 16:18:15.197, 1, GPU-3d65dc3f-116a-1dd4-937c-6e4481a765b5, NVIDIA A100-SXM4-80GB, 75019, 81920, 12, 114.74, 32
nid008353,2026/05/03 16:18:15.199, 2, GPU-338e4806-c72e-e37a-4798-dc47c2f2de03, NVIDIA A100-SXM4-80GB, 75019, 81920, 90, 115.36, 35
nid008353,2026/05/03 16:18:15.200, 3, GPU-fec40d98-ea80-e220-a49c-31ccab4741af, NVIDIA A100-SXM4-80GB, 75019, 81920, 88, 112.44, 32
nid008352,2026/05/03 16:18:18.077, 0, GPU-c8e590fe-c1df-fb38-7bf3-9ed4364cf576, NVIDIA A100-SXM4-80GB, 76665, 81920, 100, 120.26, 34
nid008352,2026/05/03 16:18:18.080, 1, GPU-5efb5c1d-1cd8-daca-bd51-2f30d62f6e1e, NVIDIA A100-SXM4-80GB, 75275, 81920, 5, 140.51, 32
nid008352,2026/05/03 16:18:18.082, 2, GPU-1d24ec01-d8bb-a3cf-73c2-7d6014d1dd4d, NVIDIA A100-SXM4-80GB, 75275, 81920, 100, 115.76, 34
nid008352,2026/05/03 16:18:18.083, 3, GPU-689a6e7c-a622-65fb-9f4d-887ba745f660, NVIDIA A100-SXM4-80GB, 75275, 81920, 100, 113.25, 32
nid008353,2026/05/03 16:18:18.971, 0, GPU-3ad85384-e7dd-8c9b-13da-56f54bf334d9, NVIDIA A100-SXM4-80GB, 75029, 81920, 79, 135.47, 34
nid008353,2026/05/03 16:18:18.974, 1, GPU-3d65dc3f-116a-1dd4-937c-6e4481a765b5, NVIDIA A100-SXM4-80GB, 75019, 81920, 6, 131.76, 32
nid008353,2026/05/03 16:18:18.976, 2, GPU-338e4806-c72e-e37a-4798-dc47c2f2de03, NVIDIA A100-SXM4-80GB, 75019, 81920, 68, 126.78, 35
nid008353,2026/05/03 16:18:18.985, 3, GPU-fec40d98-ea80-e220-a49c-31ccab4741af, NVIDIA A100-SXM4-80GB, 75019, 81920, 88, 132.21, 32
nid008352,2026/05/03 16:18:21.846, 0, GPU-c8e590fe-c1df-fb38-7bf3-9ed4364cf576, NVIDIA A100-SXM4-80GB, 76665, 81920, 100, 118.65, 34
nid008352,2026/05/03 16:18:21.849, 1, GPU-5efb5c1d-1cd8-daca-bd51-2f30d62f6e1e, NVIDIA A100-SXM4-80GB, 75275, 81920, 2, 130.72, 32
nid008352,2026/05/03 16:18:21.850, 2, GPU-1d24ec01-d8bb-a3cf-73c2-7d6014d1dd4d, NVIDIA A100-SXM4-80GB, 75275, 81920, 100, 115.48, 34
nid008352,2026/05/03 16:18:21.852, 3, GPU-689a6e7c-a622-65fb-9f4d-887ba745f660, NVIDIA A100-SXM4-80GB, 75275, 81920, 100, 113.90, 32
nid008353,2026/05/03 16:18:22.675, 0, GPU-3ad85384-e7dd-8c9b-13da-56f54bf334d9, NVIDIA A100-SXM4-80GB, 75029, 81920, 72, 111.66, 34
nid008353,2026/05/03 16:18:22.677, 1, GPU-3d65dc3f-116a-1dd4-937c-6e4481a765b5, NVIDIA A100-SXM4-80GB, 75019, 81920, 25, 115.36, 32
nid008353,2026/05/03 16:18:22.679, 2, GPU-338e4806-c72e-e37a-4798-dc47c2f2de03, NVIDIA A100-SXM4-80GB, 75019, 81920, 61, 114.85, 35
nid008353,2026/05/03 16:18:22.685, 3, GPU-fec40d98-ea80-e220-a49c-31ccab4741af, NVIDIA A100-SXM4-80GB, 75019, 81920, 75, 111.40, 32
nid008352,2026/05/03 16:18:25.553, 0, GPU-c8e590fe-c1df-fb38-7bf3-9ed4364cf576, NVIDIA A100-SXM4-80GB, 76665, 81920, 3, 120.50, 34
nid008352,2026/05/03 16:18:25.556, 1, GPU-5efb5c1d-1cd8-daca-bd51-2f30d62f6e1e, NVIDIA A100-SXM4-80GB, 75275, 81920, 100, 139.46, 32
nid008352,2026/05/03 16:18:25.557, 2, GPU-1d24ec01-d8bb-a3cf-73c2-7d6014d1dd4d, NVIDIA A100-SXM4-80GB, 75275, 81920, 100, 115.91, 34
nid008352,2026/05/03 16:18:25.559, 3, GPU-689a6e7c-a622-65fb-9f4d-887ba745f660, NVIDIA A100-SXM4-80GB, 75275, 81920, 100, 113.14, 32
nid008353,2026/05/03 16:18:26.383, 0, GPU-3ad85384-e7dd-8c9b-13da-56f54bf334d9, NVIDIA A100-SXM4-80GB, 75029, 81920, 0, 111.81, 34
nid008353,2026/05/03 16:18:26.386, 1, GPU-3d65dc3f-116a-1dd4-937c-6e4481a765b5, NVIDIA A100-SXM4-80GB, 75019, 81920, 95, 114.61, 32
nid008353,2026/05/03 16:18:26.387, 2, GPU-338e4806-c72e-e37a-4798-dc47c2f2de03, NVIDIA A100-SXM4-80GB, 75019, 81920, 46, 114.85, 35
nid008353,2026/05/03 16:18:26.389, 3, GPU-fec40d98-ea80-e220-a49c-31ccab4741af, NVIDIA A100-SXM4-80GB, 75019, 81920, 39, 110.59, 32
nid008352,2026/05/03 16:18:29.266, 0, GPU-c8e590fe-c1df-fb38-7bf3-9ed4364cf576, NVIDIA A100-SXM4-80GB, 76665, 81920, 2, 116.04, 34
nid008352,2026/05/03 16:18:29.269, 1, GPU-5efb5c1d-1cd8-daca-bd51-2f30d62f6e1e, NVIDIA A100-SXM4-80GB, 75275, 81920, 100, 124.26, 31
nid008352,2026/05/03 16:18:29.271, 2, GPU-1d24ec01-d8bb-a3cf-73c2-7d6014d1dd4d, NVIDIA A100-SXM4-80GB, 75275, 81920, 100, 127.37, 34
nid008352,2026/05/03 16:18:29.273, 3, GPU-689a6e7c-a622-65fb-9f4d-887ba745f660, NVIDIA A100-SXM4-80GB, 75275, 81920, 100, 117.75, 32
nid008353,2026/05/03 16:18:30.084, 0, GPU-3ad85384-e7dd-8c9b-13da-56f54bf334d9, NVIDIA A100-SXM4-80GB, 75029, 81920, 100, 112.99, 34
nid008353,2026/05/03 16:18:30.086, 1, GPU-3d65dc3f-116a-1dd4-937c-6e4481a765b5, NVIDIA A100-SXM4-80GB, 75019, 81920, 8, 114.61, 32
nid008353,2026/05/03 16:18:30.088, 2, GPU-338e4806-c72e-e37a-4798-dc47c2f2de03, NVIDIA A100-SXM4-80GB, 75019, 81920, 85, 114.71, 35
nid008353,2026/05/03 16:18:30.090, 3, GPU-fec40d98-ea80-e220-a49c-31ccab4741af, NVIDIA A100-SXM4-80GB, 75019, 81920, 82, 111.55, 32
nid008352,2026/05/03 16:18:32.964, 0, GPU-c8e590fe-c1df-fb38-7bf3-9ed4364cf576, NVIDIA A100-SXM4-80GB, 76665, 81920, 2, 110.88, 34
nid008352,2026/05/03 16:18:32.967, 1, GPU-5efb5c1d-1cd8-daca-bd51-2f30d62f6e1e, NVIDIA A100-SXM4-80GB, 75275, 81920, 100, 114.74, 31
nid008352,2026/05/03 16:18:32.968, 2, GPU-1d24ec01-d8bb-a3cf-73c2-7d6014d1dd4d, NVIDIA A100-SXM4-80GB, 75275, 81920, 100, 121.82, 34
nid008352,2026/05/03 16:18:32.970, 3, GPU-689a6e7c-a622-65fb-9f4d-887ba745f660, NVIDIA A100-SXM4-80GB, 75275, 81920, 100, 117.08, 32
nid008353,2026/05/03 16:18:33.797, 0, GPU-3ad85384-e7dd-8c9b-13da-56f54bf334d9, NVIDIA A100-SXM4-80GB, 75029, 81920, 3, 111.66, 34
nid008353,2026/05/03 16:18:33.800, 1, GPU-3d65dc3f-116a-1dd4-937c-6e4481a765b5, NVIDIA A100-SXM4-80GB, 75019, 81920, 58, 114.74, 32
nid008353,2026/05/03 16:18:33.802, 2, GPU-338e4806-c72e-e37a-4798-dc47c2f2de03, NVIDIA A100-SXM4-80GB, 75019, 81920, 76, 146.71, 35
nid008353,2026/05/03 16:18:33.804, 3, GPU-fec40d98-ea80-e220-a49c-31ccab4741af, NVIDIA A100-SXM4-80GB, 75019, 81920, 92, 111.55, 32
nid008352,2026/05/03 16:18:36.782, 0, GPU-c8e590fe-c1df-fb38-7bf3-9ed4364cf576, NVIDIA A100-SXM4-80GB, 76665, 81920, 2, 113.91, 34
nid008352,2026/05/03 16:18:36.784, 1, GPU-5efb5c1d-1cd8-daca-bd51-2f30d62f6e1e, NVIDIA A100-SXM4-80GB, 75275, 81920, 100, 114.98, 31
nid008352,2026/05/03 16:18:36.786, 2, GPU-1d24ec01-d8bb-a3cf-73c2-7d6014d1dd4d, NVIDIA A100-SXM4-80GB, 75275, 81920, 100, 131.95, 34
nid008352,2026/05/03 16:18:36.787, 3, GPU-689a6e7c-a622-65fb-9f4d-887ba745f660, NVIDIA A100-SXM4-80GB, 75275, 81920, 100, 119.74, 32
nid008353,2026/05/03 16:18:37.629, 0, GPU-3ad85384-e7dd-8c9b-13da-56f54bf334d9, NVIDIA A100-SXM4-80GB, 75029, 81920, 9, 146.71, 34
nid008353,2026/05/03 16:18:37.633, 1, GPU-3d65dc3f-116a-1dd4-937c-6e4481a765b5, NVIDIA A100-SXM4-80GB, 75019, 81920, 94, 116.46, 32
nid008353,2026/05/03 16:18:37.635, 2, GPU-338e4806-c72e-e37a-4798-dc47c2f2de03, NVIDIA A100-SXM4-80GB, 75019, 81920, 78, 119.07, 35
nid008353,2026/05/03 16:18:37.637, 3, GPU-fec40d98-ea80-e220-a49c-31ccab4741af, NVIDIA A100-SXM4-80GB, 75019, 81920, 100, 110.59, 32
nid008352,2026/05/03 16:18:40.507, 0, GPU-c8e590fe-c1df-fb38-7bf3-9ed4364cf576, NVIDIA A100-SXM4-80GB, 76665, 81920, 4, 112.07, 34
nid008352,2026/05/03 16:18:40.511, 1, GPU-5efb5c1d-1cd8-daca-bd51-2f30d62f6e1e, NVIDIA A100-SXM4-80GB, 75275, 81920, 100, 118.46, 31
nid008352,2026/05/03 16:18:40.513, 2, GPU-1d24ec01-d8bb-a3cf-73c2-7d6014d1dd4d, NVIDIA A100-SXM4-80GB, 75275, 81920, 100, 115.09, 34
nid008352,2026/05/03 16:18:40.514, 3, GPU-689a6e7c-a622-65fb-9f4d-887ba745f660, NVIDIA A100-SXM4-80GB, 75275, 81920, 100, 120.26, 32
nid008353,2026/05/03 16:18:41.338, 0, GPU-3ad85384-e7dd-8c9b-13da-56f54bf334d9, NVIDIA A100-SXM4-80GB, 75029, 81920, 3, 111.66, 34
nid008353,2026/05/03 16:18:41.341, 1, GPU-3d65dc3f-116a-1dd4-937c-6e4481a765b5, NVIDIA A100-SXM4-80GB, 75019, 81920, 70, 114.85, 32
nid008353,2026/05/03 16:18:41.343, 2, GPU-338e4806-c72e-e37a-4798-dc47c2f2de03, NVIDIA A100-SXM4-80GB, 75019, 81920, 60, 114.85, 35
nid008353,2026/05/03 16:18:41.345, 3, GPU-fec40d98-ea80-e220-a49c-31ccab4741af, NVIDIA A100-SXM4-80GB, 75019, 81920, 82, 110.35, 32
nid008352,2026/05/03 16:18:44.249, 0, GPU-c8e590fe-c1df-fb38-7bf3-9ed4364cf576, NVIDIA A100-SXM4-80GB, 76665, 81920, 43, 123.53, 34
nid008352,2026/05/03 16:18:44.252, 1, GPU-5efb5c1d-1cd8-daca-bd51-2f30d62f6e1e, NVIDIA A100-SXM4-80GB, 75275, 81920, 100, 115.79, 31
nid008352,2026/05/03 16:18:44.254, 2, GPU-1d24ec01-d8bb-a3cf-73c2-7d6014d1dd4d, NVIDIA A100-SXM4-80GB, 75275, 81920, 46, 130.38, 34
nid008352,2026/05/03 16:18:44.255, 3, GPU-689a6e7c-a622-65fb-9f4d-887ba745f660, NVIDIA A100-SXM4-80GB, 75275, 81920, 100, 118.69, 32
nid008353,2026/05/03 16:18:45.091, 0, GPU-3ad85384-e7dd-8c9b-13da-56f54bf334d9, NVIDIA A100-SXM4-80GB, 75029, 81920, 64, 111.66, 34
nid008353,2026/05/03 16:18:45.094, 1, GPU-3d65dc3f-116a-1dd4-937c-6e4481a765b5, NVIDIA A100-SXM4-80GB, 75019, 81920, 63, 114.98, 32
nid008353,2026/05/03 16:18:45.095, 2, GPU-338e4806-c72e-e37a-4798-dc47c2f2de03, NVIDIA A100-SXM4-80GB, 75019, 81920, 43, 114.74, 35
nid008353,2026/05/03 16:18:45.097, 3, GPU-fec40d98-ea80-e220-a49c-31ccab4741af, NVIDIA A100-SXM4-80GB, 75019, 81920, 93, 110.19, 32
nid008352,2026/05/03 16:18:47.984, 0, GPU-c8e590fe-c1df-fb38-7bf3-9ed4364cf576, NVIDIA A100-SXM4-80GB, 76665, 81920, 55, 110.22, 34
nid008352,2026/05/03 16:18:47.987, 1, GPU-5efb5c1d-1cd8-daca-bd51-2f30d62f6e1e, NVIDIA A100-SXM4-80GB, 75275, 81920, 100, 115.79, 31
nid008352,2026/05/03 16:18:47.989, 2, GPU-1d24ec01-d8bb-a3cf-73c2-7d6014d1dd4d, NVIDIA A100-SXM4-80GB, 75275, 81920, 51, 134.60, 34
nid008352,2026/05/03 16:18:47.990, 3, GPU-689a6e7c-a622-65fb-9f4d-887ba745f660, NVIDIA A100-SXM4-80GB, 75275, 81920, 100, 123.30, 32
nid008353,2026/05/03 16:18:48.850, 0, GPU-3ad85384-e7dd-8c9b-13da-56f54bf334d9, NVIDIA A100-SXM4-80GB, 75029, 81920, 10, 111.66, 34
nid008353,2026/05/03 16:18:48.853, 1, GPU-3d65dc3f-116a-1dd4-937c-6e4481a765b5, NVIDIA A100-SXM4-80GB, 75019, 81920, 46, 114.32, 32
nid008353,2026/05/03 16:18:48.854, 2, GPU-338e4806-c72e-e37a-4798-dc47c2f2de03, NVIDIA A100-SXM4-80GB, 75019, 81920, 100, 114.74, 35
nid008353,2026/05/03 16:18:48.856, 3, GPU-fec40d98-ea80-e220-a49c-31ccab4741af, NVIDIA A100-SXM4-80GB, 75019, 81920, 100, 110.06, 32
nid008352,2026/05/03 16:18:51.724, 0, GPU-c8e590fe-c1df-fb38-7bf3-9ed4364cf576, NVIDIA A100-SXM4-80GB, 76665, 81920, 2, 112.35, 34
nid008352,2026/05/03 16:18:51.727, 1, GPU-5efb5c1d-1cd8-daca-bd51-2f30d62f6e1e, NVIDIA A100-SXM4-80GB, 75275, 81920, 100, 122.12, 31
nid008352,2026/05/03 16:18:51.728, 2, GPU-1d24ec01-d8bb-a3cf-73c2-7d6014d1dd4d, NVIDIA A100-SXM4-80GB, 75275, 81920, 100, 121.16, 34
nid008352,2026/05/03 16:18:51.730, 3, GPU-689a6e7c-a622-65fb-9f4d-887ba745f660, NVIDIA A100-SXM4-80GB, 75275, 81920, 100, 113.14, 32
nid008353,2026/05/03 16:18:52.560, 0, GPU-3ad85384-e7dd-8c9b-13da-56f54bf334d9, NVIDIA A100-SXM4-80GB, 75029, 81920, 4, 124.77, 34
nid008353,2026/05/03 16:18:52.562, 1, GPU-3d65dc3f-116a-1dd4-937c-6e4481a765b5, NVIDIA A100-SXM4-80GB, 75019, 81920, 47, 114.74, 32
nid008353,2026/05/03 16:18:52.564, 2, GPU-338e4806-c72e-e37a-4798-dc47c2f2de03, NVIDIA A100-SXM4-80GB, 75019, 81920, 83, 117.08, 35
nid008353,2026/05/03 16:18:52.565, 3, GPU-fec40d98-ea80-e220-a49c-31ccab4741af, NVIDIA A100-SXM4-80GB, 75019, 81920, 89, 116.60, 32
nid008352,2026/05/03 16:18:55.455, 0, GPU-c8e590fe-c1df-fb38-7bf3-9ed4364cf576, NVIDIA A100-SXM4-80GB, 76665, 81920, 2, 111.68, 34
nid008352,2026/05/03 16:18:55.457, 1, GPU-5efb5c1d-1cd8-daca-bd51-2f30d62f6e1e, NVIDIA A100-SXM4-80GB, 75275, 81920, 100, 123.74, 31
nid008352,2026/05/03 16:18:55.459, 2, GPU-1d24ec01-d8bb-a3cf-73c2-7d6014d1dd4d, NVIDIA A100-SXM4-80GB, 75275, 81920, 100, 127.22, 34
nid008352,2026/05/03 16:18:55.461, 3, GPU-689a6e7c-a622-65fb-9f4d-887ba745f660, NVIDIA A100-SXM4-80GB, 75275, 81920, 100, 113.66, 32
nid008353,2026/05/03 16:18:56.313, 0, GPU-3ad85384-e7dd-8c9b-13da-56f54bf334d9, NVIDIA A100-SXM4-80GB, 75029, 81920, 0, 130.56, 34
nid008353,2026/05/03 16:18:56.315, 1, GPU-3d65dc3f-116a-1dd4-937c-6e4481a765b5, NVIDIA A100-SXM4-80GB, 75019, 81920, 0, 115.36, 32
nid008353,2026/05/03 16:18:56.317, 2, GPU-338e4806-c72e-e37a-4798-dc47c2f2de03, NVIDIA A100-SXM4-80GB, 75019, 81920, 94, 137.17, 35
nid008353,2026/05/03 16:18:56.318, 3, GPU-fec40d98-ea80-e220-a49c-31ccab4741af, NVIDIA A100-SXM4-80GB, 75019, 81920, 63, 129.30, 32
nid008352,2026/05/03 16:18:59.193, 0, GPU-c8e590fe-c1df-fb38-7bf3-9ed4364cf576, NVIDIA A100-SXM4-80GB, 76665, 81920, 81, 111.26, 34
nid008352,2026/05/03 16:18:59.196, 1, GPU-5efb5c1d-1cd8-daca-bd51-2f30d62f6e1e, NVIDIA A100-SXM4-80GB, 75275, 81920, 26, 120.02, 31
nid008352,2026/05/03 16:18:59.197, 2, GPU-1d24ec01-d8bb-a3cf-73c2-7d6014d1dd4d, NVIDIA A100-SXM4-80GB, 75275, 81920, 100, 115.37, 34
nid008352,2026/05/03 16:18:59.199, 3, GPU-689a6e7c-a622-65fb-9f4d-887ba745f660, NVIDIA A100-SXM4-80GB, 75275, 81920, 100, 112.85, 32
nid008353,2026/05/03 16:19:00.018, 0, GPU-3ad85384-e7dd-8c9b-13da-56f54bf334d9, NVIDIA A100-SXM4-80GB, 75029, 81920, 5, 111.94, 34
nid008353,2026/05/03 16:19:00.021, 1, GPU-3d65dc3f-116a-1dd4-937c-6e4481a765b5, NVIDIA A100-SXM4-80GB, 75019, 81920, 81, 116.18, 32
nid008353,2026/05/03 16:19:00.022, 2, GPU-338e4806-c72e-e37a-4798-dc47c2f2de03, NVIDIA A100-SXM4-80GB, 75019, 81920, 97, 114.85, 35
nid008353,2026/05/03 16:19:00.024, 3, GPU-fec40d98-ea80-e220-a49c-31ccab4741af, NVIDIA A100-SXM4-80GB, 75019, 81920, 96, 111.40, 32
nid008352,2026/05/03 16:19:02.907, 0, GPU-c8e590fe-c1df-fb38-7bf3-9ed4364cf576, NVIDIA A100-SXM4-80GB, 76665, 81920, 2, 117.89, 34
nid008352,2026/05/03 16:19:02.910, 1, GPU-5efb5c1d-1cd8-daca-bd51-2f30d62f6e1e, NVIDIA A100-SXM4-80GB, 75275, 81920, 100, 121.88, 31
nid008352,2026/05/03 16:19:02.911, 2, GPU-1d24ec01-d8bb-a3cf-73c2-7d6014d1dd4d, NVIDIA A100-SXM4-80GB, 75275, 81920, 100, 116.57, 34
nid008352,2026/05/03 16:19:02.913, 3, GPU-689a6e7c-a622-65fb-9f4d-887ba745f660, NVIDIA A100-SXM4-80GB, 75275, 81920, 100, 113.38, 32
nid008353,2026/05/03 16:19:03.743, 0, GPU-3ad85384-e7dd-8c9b-13da-56f54bf334d9, NVIDIA A100-SXM4-80GB, 75029, 81920, 0, 133.22, 34
nid008353,2026/05/03 16:19:03.745, 1, GPU-3d65dc3f-116a-1dd4-937c-6e4481a765b5, NVIDIA A100-SXM4-80GB, 75019, 81920, 54, 114.61, 32
nid008353,2026/05/03 16:19:03.748, 2, GPU-338e4806-c72e-e37a-4798-dc47c2f2de03, NVIDIA A100-SXM4-80GB, 75019, 81920, 6, 114.74, 35
nid008353,2026/05/03 16:19:03.749, 3, GPU-fec40d98-ea80-e220-a49c-31ccab4741af, NVIDIA A100-SXM4-80GB, 75019, 81920, 39, 110.06, 32
nid008352,2026/05/03 16:19:06.682, 0, GPU-c8e590fe-c1df-fb38-7bf3-9ed4364cf576, NVIDIA A100-SXM4-80GB, 76665, 81920, 5, 110.22, 34
nid008352,2026/05/03 16:19:06.685, 1, GPU-5efb5c1d-1cd8-daca-bd51-2f30d62f6e1e, NVIDIA A100-SXM4-80GB, 75275, 81920, 100, 116.03, 31
nid008352,2026/05/03 16:19:06.687, 2, GPU-1d24ec01-d8bb-a3cf-73c2-7d6014d1dd4d, NVIDIA A100-SXM4-80GB, 75275, 81920, 100, 114.82, 34
nid008352,2026/05/03 16:19:06.688, 3, GPU-689a6e7c-a622-65fb-9f4d-887ba745f660, NVIDIA A100-SXM4-80GB, 75275, 81920, 100, 123.82, 32
nid008353,2026/05/03 16:19:07.531, 0, GPU-3ad85384-e7dd-8c9b-13da-56f54bf334d9, NVIDIA A100-SXM4-80GB, 75029, 81920, 3, 124.77, 34
nid008353,2026/05/03 16:19:07.539, 1, GPU-3d65dc3f-116a-1dd4-937c-6e4481a765b5, NVIDIA A100-SXM4-80GB, 75019, 81920, 67, 139.59, 32
nid008353,2026/05/03 16:19:07.544, 2, GPU-338e4806-c72e-e37a-4798-dc47c2f2de03, NVIDIA A100-SXM4-80GB, 75019, 81920, 74, 117.60, 35
nid008353,2026/05/03 16:19:07.549, 3, GPU-fec40d98-ea80-e220-a49c-31ccab4741af, NVIDIA A100-SXM4-80GB, 75019, 81920, 82, 118.69, 32
nid008352,2026/05/03 16:19:10.460, 0, GPU-c8e590fe-c1df-fb38-7bf3-9ed4364cf576, NVIDIA A100-SXM4-80GB, 76665, 81920, 3, 109.94, 34
nid008352,2026/05/03 16:19:10.463, 1, GPU-5efb5c1d-1cd8-daca-bd51-2f30d62f6e1e, NVIDIA A100-SXM4-80GB, 75275, 81920, 100, 114.98, 31
nid008352,2026/05/03 16:19:10.465, 2, GPU-1d24ec01-d8bb-a3cf-73c2-7d6014d1dd4d, NVIDIA A100-SXM4-80GB, 75275, 81920, 100, 124.33, 34
nid008352,2026/05/03 16:19:10.466, 3, GPU-689a6e7c-a622-65fb-9f4d-887ba745f660, NVIDIA A100-SXM4-80GB, 75275, 81920, 100, 122.40, 32
nid008353,2026/05/03 16:19:11.340, 0, GPU-3ad85384-e7dd-8c9b-13da-56f54bf334d9, NVIDIA A100-SXM4-80GB, 75029, 81920, 0, 111.53, 34
nid008353,2026/05/03 16:19:11.344, 1, GPU-3d65dc3f-116a-1dd4-937c-6e4481a765b5, NVIDIA A100-SXM4-80GB, 75019, 81920, 72, 114.74, 32
nid008353,2026/05/03 16:19:11.346, 2, GPU-338e4806-c72e-e37a-4798-dc47c2f2de03, NVIDIA A100-SXM4-80GB, 75019, 81920, 19, 114.61, 35
nid008353,2026/05/03 16:19:11.348, 3, GPU-fec40d98-ea80-e220-a49c-31ccab4741af, NVIDIA A100-SXM4-80GB, 75019, 81920, 76, 110.35, 32
nid008352,2026/05/03 16:19:14.311, 0, GPU-c8e590fe-c1df-fb38-7bf3-9ed4364cf576, NVIDIA A100-SXM4-80GB, 76665, 81920, 4, 110.35, 34
nid008352,2026/05/03 16:19:14.313, 1, GPU-5efb5c1d-1cd8-daca-bd51-2f30d62f6e1e, NVIDIA A100-SXM4-80GB, 75275, 81920, 100, 137.33, 31
nid008352,2026/05/03 16:19:14.315, 2, GPU-1d24ec01-d8bb-a3cf-73c2-7d6014d1dd4d, NVIDIA A100-SXM4-80GB, 75275, 81920, 100, 114.96, 34
nid008352,2026/05/03 16:19:14.316, 3, GPU-689a6e7c-a622-65fb-9f4d-887ba745f660, NVIDIA A100-SXM4-80GB, 75275, 81920, 100, 112.85, 32
nid008353,2026/05/03 16:19:15.178, 0, GPU-3ad85384-e7dd-8c9b-13da-56f54bf334d9, NVIDIA A100-SXM4-80GB, 75029, 81920, 55, 111.53, 34
nid008353,2026/05/03 16:19:15.180, 1, GPU-3d65dc3f-116a-1dd4-937c-6e4481a765b5, NVIDIA A100-SXM4-80GB, 75019, 81920, 96, 140.11, 32
nid008353,2026/05/03 16:19:15.182, 2, GPU-338e4806-c72e-e37a-4798-dc47c2f2de03, NVIDIA A100-SXM4-80GB, 75019, 81920, 25, 114.61, 35
nid008353,2026/05/03 16:19:15.184, 3, GPU-fec40d98-ea80-e220-a49c-31ccab4741af, NVIDIA A100-SXM4-80GB, 75019, 81920, 91, 110.22, 32
nid008352,2026/05/03 16:19:18.044, 0, GPU-c8e590fe-c1df-fb38-7bf3-9ed4364cf576, NVIDIA A100-SXM4-80GB, 76665, 81920, 5, 121.02, 34
nid008352,2026/05/03 16:19:18.047, 1, GPU-5efb5c1d-1cd8-daca-bd51-2f30d62f6e1e, NVIDIA A100-SXM4-80GB, 75275, 81920, 100, 114.45, 31
nid008352,2026/05/03 16:19:18.049, 2, GPU-1d24ec01-d8bb-a3cf-73c2-7d6014d1dd4d, NVIDIA A100-SXM4-80GB, 75275, 81920, 100, 119.69, 34
nid008352,2026/05/03 16:19:18.050, 3, GPU-689a6e7c-a622-65fb-9f4d-887ba745f660, NVIDIA A100-SXM4-80GB, 75275, 81920, 100, 114.99, 32
nid008353,2026/05/03 16:19:18.879, 0, GPU-3ad85384-e7dd-8c9b-13da-56f54bf334d9, NVIDIA A100-SXM4-80GB, 75029, 81920, 1, 111.66, 34
nid008353,2026/05/03 16:19:18.881, 1, GPU-3d65dc3f-116a-1dd4-937c-6e4481a765b5, NVIDIA A100-SXM4-80GB, 75019, 81920, 82, 114.85, 32
nid008353,2026/05/03 16:19:18.883, 2, GPU-338e4806-c72e-e37a-4798-dc47c2f2de03, NVIDIA A100-SXM4-80GB, 75019, 81920, 90, 114.61, 35
nid008353,2026/05/03 16:19:18.885, 3, GPU-fec40d98-ea80-e220-a49c-31ccab4741af, NVIDIA A100-SXM4-80GB, 75019, 81920, 96, 110.06, 32
nid008352,2026/05/03 16:19:21.745, 0, GPU-c8e590fe-c1df-fb38-7bf3-9ed4364cf576, NVIDIA A100-SXM4-80GB, 76665, 81920, 2, 112.35, 34
nid008352,2026/05/03 16:19:21.748, 1, GPU-5efb5c1d-1cd8-daca-bd51-2f30d62f6e1e, NVIDIA A100-SXM4-80GB, 75275, 81920, 100, 133.62, 31
nid008352,2026/05/03 16:19:21.750, 2, GPU-1d24ec01-d8bb-a3cf-73c2-7d6014d1dd4d, NVIDIA A100-SXM4-80GB, 75275, 81920, 100, 115.24, 34
nid008352,2026/05/03 16:19:21.751, 3, GPU-689a6e7c-a622-65fb-9f4d-887ba745f660, NVIDIA A100-SXM4-80GB, 75275, 81920, 100, 112.85, 32
nid008353,2026/05/03 16:19:22.595, 0, GPU-3ad85384-e7dd-8c9b-13da-56f54bf334d9, NVIDIA A100-SXM4-80GB, 75029, 81920, 48, 119.98, 34
nid008353,2026/05/03 16:19:22.598, 1, GPU-3d65dc3f-116a-1dd4-937c-6e4481a765b5, NVIDIA A100-SXM4-80GB, 75019, 81920, 86, 114.61, 32
nid008353,2026/05/03 16:19:22.600, 2, GPU-338e4806-c72e-e37a-4798-dc47c2f2de03, NVIDIA A100-SXM4-80GB, 75019, 81920, 93, 144.74, 35
nid008353,2026/05/03 16:19:22.601, 3, GPU-fec40d98-ea80-e220-a49c-31ccab4741af, NVIDIA A100-SXM4-80GB, 75019, 81920, 83, 116.60, 32
nid008352,2026/05/03 16:19:25.460, 0, GPU-c8e590fe-c1df-fb38-7bf3-9ed4364cf576, NVIDIA A100-SXM4-80GB, 76665, 81920, 5, 121.96, 34
nid008352,2026/05/03 16:19:25.463, 1, GPU-5efb5c1d-1cd8-daca-bd51-2f30d62f6e1e, NVIDIA A100-SXM4-80GB, 75275, 81920, 100, 115.79, 31
nid008352,2026/05/03 16:19:25.464, 2, GPU-1d24ec01-d8bb-a3cf-73c2-7d6014d1dd4d, NVIDIA A100-SXM4-80GB, 75275, 81920, 100, 119.83, 34
nid008352,2026/05/03 16:19:25.466, 3, GPU-689a6e7c-a622-65fb-9f4d-887ba745f660, NVIDIA A100-SXM4-80GB, 75275, 81920, 100, 114.34, 32
nid008353,2026/05/03 16:19:26.323, 0, GPU-3ad85384-e7dd-8c9b-13da-56f54bf334d9, NVIDIA A100-SXM4-80GB, 75029, 81920, 0, 125.67, 34
nid008353,2026/05/03 16:19:26.326, 1, GPU-3d65dc3f-116a-1dd4-937c-6e4481a765b5, NVIDIA A100-SXM4-80GB, 75019, 81920, 95, 124.11, 32
nid008353,2026/05/03 16:19:26.327, 2, GPU-338e4806-c72e-e37a-4798-dc47c2f2de03, NVIDIA A100-SXM4-80GB, 75019, 81920, 93, 132.94, 35
nid008353,2026/05/03 16:19:26.329, 3, GPU-fec40d98-ea80-e220-a49c-31ccab4741af, NVIDIA A100-SXM4-80GB, 75019, 81920, 91, 136.28, 32
nid008352,2026/05/03 16:19:29.224, 0, GPU-c8e590fe-c1df-fb38-7bf3-9ed4364cf576, NVIDIA A100-SXM4-80GB, 76665, 81920, 100, 110.74, 34
nid008352,2026/05/03 16:19:29.227, 1, GPU-5efb5c1d-1cd8-daca-bd51-2f30d62f6e1e, NVIDIA A100-SXM4-80GB, 75275, 81920, 100, 114.74, 32
nid008352,2026/05/03 16:19:29.228, 2, GPU-1d24ec01-d8bb-a3cf-73c2-7d6014d1dd4d, NVIDIA A100-SXM4-80GB, 75275, 81920, 100, 115.48, 34
nid008352,2026/05/03 16:19:29.230, 3, GPU-689a6e7c-a622-65fb-9f4d-887ba745f660, NVIDIA A100-SXM4-80GB, 75275, 81920, 100, 114.47, 32
nid008353,2026/05/03 16:19:30.146, 0, GPU-3ad85384-e7dd-8c9b-13da-56f54bf334d9, NVIDIA A100-SXM4-80GB, 75029, 81920, 98, 112.04, 38
nid008353,2026/05/03 16:19:30.149, 1, GPU-3d65dc3f-116a-1dd4-937c-6e4481a765b5, NVIDIA A100-SXM4-80GB, 75019, 81920, 100, 116.31, 32
nid008353,2026/05/03 16:19:30.151, 2, GPU-338e4806-c72e-e37a-4798-dc47c2f2de03, NVIDIA A100-SXM4-80GB, 75019, 81920, 100, 230.48, 37
nid008353,2026/05/03 16:19:30.152, 3, GPU-fec40d98-ea80-e220-a49c-31ccab4741af, NVIDIA A100-SXM4-80GB, 75019, 81920, 88, 117.12, 34
nid008352,2026/05/03 16:19:33.051, 0, GPU-c8e590fe-c1df-fb38-7bf3-9ed4364cf576, NVIDIA A100-SXM4-80GB, 76665, 81920, 0, 110.22, 35
nid008352,2026/05/03 16:19:33.053, 1, GPU-5efb5c1d-1cd8-daca-bd51-2f30d62f6e1e, NVIDIA A100-SXM4-80GB, 75275, 81920, 100, 114.98, 32
nid008352,2026/05/03 16:19:33.055, 2, GPU-1d24ec01-d8bb-a3cf-73c2-7d6014d1dd4d, NVIDIA A100-SXM4-80GB, 75275, 81920, 100, 115.62, 35
nid008352,2026/05/03 16:19:33.056, 3, GPU-689a6e7c-a622-65fb-9f4d-887ba745f660, NVIDIA A100-SXM4-80GB, 75275, 81920, 63, 113.14, 32
nid008353,2026/05/03 16:19:33.991, 0, GPU-3ad85384-e7dd-8c9b-13da-56f54bf334d9, NVIDIA A100-SXM4-80GB, 75029, 81920, 0, 111.94, 35
nid008353,2026/05/03 16:19:33.994, 1, GPU-3d65dc3f-116a-1dd4-937c-6e4481a765b5, NVIDIA A100-SXM4-80GB, 75019, 81920, 0, 114.61, 32
nid008353,2026/05/03 16:19:33.995, 2, GPU-338e4806-c72e-e37a-4798-dc47c2f2de03, NVIDIA A100-SXM4-80GB, 75019, 81920, 0, 115.26, 35
nid008353,2026/05/03 16:19:33.997, 3, GPU-fec40d98-ea80-e220-a49c-31ccab4741af, NVIDIA A100-SXM4-80GB, 75019, 81920, 0, 110.35, 32
nid008352,2026/05/03 16:19:36.892, 0, GPU-c8e590fe-c1df-fb38-7bf3-9ed4364cf576, NVIDIA A100-SXM4-80GB, 76665, 81920, 100, 110.50, 35
nid008352,2026/05/03 16:19:36.895, 1, GPU-5efb5c1d-1cd8-daca-bd51-2f30d62f6e1e, NVIDIA A100-SXM4-80GB, 75275, 81920, 100, 115.12, 32
nid008352,2026/05/03 16:19:36.896, 2, GPU-1d24ec01-d8bb-a3cf-73c2-7d6014d1dd4d, NVIDIA A100-SXM4-80GB, 75275, 81920, 100, 115.48, 35
nid008352,2026/05/03 16:19:36.898, 3, GPU-689a6e7c-a622-65fb-9f4d-887ba745f660, NVIDIA A100-SXM4-80GB, 75275, 81920, 100, 113.00, 33
nid008353,2026/05/03 16:19:37.756, 0, GPU-3ad85384-e7dd-8c9b-13da-56f54bf334d9, NVIDIA A100-SXM4-80GB, 75029, 81920, 0, 111.81, 35
nid008353,2026/05/03 16:19:37.759, 1, GPU-3d65dc3f-116a-1dd4-937c-6e4481a765b5, NVIDIA A100-SXM4-80GB, 75019, 81920, 55, 114.85, 33
nid008353,2026/05/03 16:19:37.760, 2, GPU-338e4806-c72e-e37a-4798-dc47c2f2de03, NVIDIA A100-SXM4-80GB, 75019, 81920, 40, 115.36, 36
nid008353,2026/05/03 16:19:37.762, 3, GPU-fec40d98-ea80-e220-a49c-31ccab4741af, NVIDIA A100-SXM4-80GB, 75019, 81920, 0, 110.59, 33
nid008352,2026/05/03 16:19:40.694, 0, GPU-c8e590fe-c1df-fb38-7bf3-9ed4364cf576, NVIDIA A100-SXM4-80GB, 76665, 81920, 59, 124.47, 35
nid008352,2026/05/03 16:19:40.697, 1, GPU-5efb5c1d-1cd8-daca-bd51-2f30d62f6e1e, NVIDIA A100-SXM4-80GB, 75275, 81920, 67, 114.98, 32
nid008352,2026/05/03 16:19:40.699, 2, GPU-1d24ec01-d8bb-a3cf-73c2-7d6014d1dd4d, NVIDIA A100-SXM4-80GB, 75275, 81920, 56, 123.67, 35
nid008352,2026/05/03 16:19:40.700, 3, GPU-689a6e7c-a622-65fb-9f4d-887ba745f660, NVIDIA A100-SXM4-80GB, 75275, 81920, 55, 128.32, 33
nid008353,2026/05/03 16:19:41.569, 0, GPU-3ad85384-e7dd-8c9b-13da-56f54bf334d9, NVIDIA A100-SXM4-80GB, 75029, 81920, 17, 124.64, 35
nid008353,2026/05/03 16:19:41.572, 1, GPU-3d65dc3f-116a-1dd4-937c-6e4481a765b5, NVIDIA A100-SXM4-80GB, 75019, 81920, 26, 130.20, 33
nid008353,2026/05/03 16:19:41.574, 2, GPU-338e4806-c72e-e37a-4798-dc47c2f2de03, NVIDIA A100-SXM4-80GB, 75019, 81920, 7, 137.33, 36
nid008353,2026/05/03 16:19:41.576, 3, GPU-fec40d98-ea80-e220-a49c-31ccab4741af, NVIDIA A100-SXM4-80GB, 75019, 81920, 16, 117.50, 33
nid008352,2026/05/03 16:19:44.537, 0, GPU-c8e590fe-c1df-fb38-7bf3-9ed4364cf576, NVIDIA A100-SXM4-80GB, 76665, 81920, 24, 113.63, 35
nid008352,2026/05/03 16:19:44.544, 1, GPU-5efb5c1d-1cd8-daca-bd51-2f30d62f6e1e, NVIDIA A100-SXM4-80GB, 75275, 81920, 97, 136.73, 32
nid008352,2026/05/03 16:19:44.549, 2, GPU-1d24ec01-d8bb-a3cf-73c2-7d6014d1dd4d, NVIDIA A100-SXM4-80GB, 75275, 81920, 100, 116.57, 34
nid008352,2026/05/03 16:19:44.554, 3, GPU-689a6e7c-a622-65fb-9f4d-887ba745f660, NVIDIA A100-SXM4-80GB, 75275, 81920, 95, 114.05, 32
nid008353,2026/05/03 16:19:45.440, 0, GPU-3ad85384-e7dd-8c9b-13da-56f54bf334d9, NVIDIA A100-SXM4-80GB, 75029, 81920, 1, 122.40, 35
nid008353,2026/05/03 16:19:45.442, 1, GPU-3d65dc3f-116a-1dd4-937c-6e4481a765b5, NVIDIA A100-SXM4-80GB, 75019, 81920, 54, 129.96, 32
nid008353,2026/05/03 16:19:45.444, 2, GPU-338e4806-c72e-e37a-4798-dc47c2f2de03, NVIDIA A100-SXM4-80GB, 75019, 81920, 24, 137.45, 36
nid008353,2026/05/03 16:19:45.445, 3, GPU-fec40d98-ea80-e220-a49c-31ccab4741af, NVIDIA A100-SXM4-80GB, 75019, 81920, 50, 128.49, 32
nid008352,2026/05/03 16:19:48.309, 0, GPU-c8e590fe-c1df-fb38-7bf3-9ed4364cf576, NVIDIA A100-SXM4-80GB, 76665, 81920, 2, 130.02, 34
nid008352,2026/05/03 16:19:48.312, 1, GPU-5efb5c1d-1cd8-daca-bd51-2f30d62f6e1e, NVIDIA A100-SXM4-80GB, 75275, 81920, 100, 114.74, 31
nid008352,2026/05/03 16:19:48.317, 2, GPU-1d24ec01-d8bb-a3cf-73c2-7d6014d1dd4d, NVIDIA A100-SXM4-80GB, 75275, 81920, 100, 116.04, 34
nid008352,2026/05/03 16:19:48.319, 3, GPU-689a6e7c-a622-65fb-9f4d-887ba745f660, NVIDIA A100-SXM4-80GB, 75275, 81920, 100, 113.53, 32
nid008353,2026/05/03 16:19:49.141, 0, GPU-3ad85384-e7dd-8c9b-13da-56f54bf334d9, NVIDIA A100-SXM4-80GB, 75029, 81920, 0, 138.61, 35
nid008353,2026/05/03 16:19:49.143, 1, GPU-3d65dc3f-116a-1dd4-937c-6e4481a765b5, NVIDIA A100-SXM4-80GB, 75019, 81920, 65, 135.60, 32
nid008353,2026/05/03 16:19:49.145, 2, GPU-338e4806-c72e-e37a-4798-dc47c2f2de03, NVIDIA A100-SXM4-80GB, 75019, 81920, 47, 116.18, 35
nid008353,2026/05/03 16:19:49.147, 3, GPU-fec40d98-ea80-e220-a49c-31ccab4741af, NVIDIA A100-SXM4-80GB, 75019, 81920, 53, 115.79, 32
nid008352,2026/05/03 16:19:52.043, 0, GPU-c8e590fe-c1df-fb38-7bf3-9ed4364cf576, NVIDIA A100-SXM4-80GB, 76665, 81920, 2, 134.07, 34
nid008352,2026/05/03 16:19:52.045, 1, GPU-5efb5c1d-1cd8-daca-bd51-2f30d62f6e1e, NVIDIA A100-SXM4-80GB, 75275, 81920, 100, 114.61, 31
nid008352,2026/05/03 16:19:52.047, 2, GPU-1d24ec01-d8bb-a3cf-73c2-7d6014d1dd4d, NVIDIA A100-SXM4-80GB, 75275, 81920, 100, 117.09, 34
nid008352,2026/05/03 16:19:52.048, 3, GPU-689a6e7c-a622-65fb-9f4d-887ba745f660, NVIDIA A100-SXM4-80GB, 75275, 81920, 100, 122.49, 32
nid008353,2026/05/03 16:19:52.892, 0, GPU-3ad85384-e7dd-8c9b-13da-56f54bf334d9, NVIDIA A100-SXM4-80GB, 75029, 81920, 32, 133.87, 34
nid008353,2026/05/03 16:19:52.895, 1, GPU-3d65dc3f-116a-1dd4-937c-6e4481a765b5, NVIDIA A100-SXM4-80GB, 75019, 81920, 63, 114.74, 32
nid008353,2026/05/03 16:19:52.896, 2, GPU-338e4806-c72e-e37a-4798-dc47c2f2de03, NVIDIA A100-SXM4-80GB, 75019, 81920, 86, 119.36, 35
nid008353,2026/05/03 16:19:52.898, 3, GPU-fec40d98-ea80-e220-a49c-31ccab4741af, NVIDIA A100-SXM4-80GB, 75019, 81920, 96, 123.45, 32
nid008352,2026/05/03 16:19:55.802, 0, GPU-c8e590fe-c1df-fb38-7bf3-9ed4364cf576, NVIDIA A100-SXM4-80GB, 76665, 81920, 36, 110.22, 34
nid008352,2026/05/03 16:19:55.805, 1, GPU-5efb5c1d-1cd8-daca-bd51-2f30d62f6e1e, NVIDIA A100-SXM4-80GB, 75275, 81920, 100, 119.74, 31
nid008352,2026/05/03 16:19:55.807, 2, GPU-1d24ec01-d8bb-a3cf-73c2-7d6014d1dd4d, NVIDIA A100-SXM4-80GB, 75275, 81920, 100, 115.09, 34
nid008352,2026/05/03 16:19:55.808, 3, GPU-689a6e7c-a622-65fb-9f4d-887ba745f660, NVIDIA A100-SXM4-80GB, 75275, 81920, 100, 112.85, 32
nid008353,2026/05/03 16:19:56.635, 0, GPU-3ad85384-e7dd-8c9b-13da-56f54bf334d9, NVIDIA A100-SXM4-80GB, 75029, 81920, 5, 140.51, 34
nid008353,2026/05/03 16:19:56.638, 1, GPU-3d65dc3f-116a-1dd4-937c-6e4481a765b5, NVIDIA A100-SXM4-80GB, 75019, 81920, 93, 143.81, 32
nid008353,2026/05/03 16:19:56.639, 2, GPU-338e4806-c72e-e37a-4798-dc47c2f2de03, NVIDIA A100-SXM4-80GB, 75019, 81920, 72, 129.24, 35
nid008353,2026/05/03 16:19:56.641, 3, GPU-fec40d98-ea80-e220-a49c-31ccab4741af, NVIDIA A100-SXM4-80GB, 75019, 81920, 97, 127.68, 32
nid008352,2026/05/03 16:19:59.510, 0, GPU-c8e590fe-c1df-fb38-7bf3-9ed4364cf576, NVIDIA A100-SXM4-80GB, 76665, 81920, 3, 119.17, 34
nid008352,2026/05/03 16:19:59.512, 1, GPU-5efb5c1d-1cd8-daca-bd51-2f30d62f6e1e, NVIDIA A100-SXM4-80GB, 75275, 81920, 100, 114.88, 31
nid008352,2026/05/03 16:19:59.518, 2, GPU-1d24ec01-d8bb-a3cf-73c2-7d6014d1dd4d, NVIDIA A100-SXM4-80GB, 75275, 81920, 100, 120.12, 34
nid008352,2026/05/03 16:19:59.519, 3, GPU-689a6e7c-a622-65fb-9f4d-887ba745f660, NVIDIA A100-SXM4-80GB, 75275, 81920, 100, 116.18, 32
nid008353,2026/05/03 16:20:00.354, 0, GPU-3ad85384-e7dd-8c9b-13da-56f54bf334d9, NVIDIA A100-SXM4-80GB, 75029, 81920, 48, 111.53, 34
nid008353,2026/05/03 16:20:00.358, 1, GPU-3d65dc3f-116a-1dd4-937c-6e4481a765b5, NVIDIA A100-SXM4-80GB, 75019, 81920, 99, 114.61, 32
nid008353,2026/05/03 16:20:00.359, 2, GPU-338e4806-c72e-e37a-4798-dc47c2f2de03, NVIDIA A100-SXM4-80GB, 75019, 81920, 99, 114.74, 35
nid008353,2026/05/03 16:20:00.361, 3, GPU-fec40d98-ea80-e220-a49c-31ccab4741af, NVIDIA A100-SXM4-80GB, 75019, 81920, 91, 110.59, 32
nid008352,2026/05/03 16:20:03.235, 0, GPU-c8e590fe-c1df-fb38-7bf3-9ed4364cf576, NVIDIA A100-SXM4-80GB, 76665, 81920, 1, 109.94, 34
nid008352,2026/05/03 16:20:03.238, 1, GPU-5efb5c1d-1cd8-daca-bd51-2f30d62f6e1e, NVIDIA A100-SXM4-80GB, 75275, 81920, 100, 122.69, 31
nid008352,2026/05/03 16:20:03.240, 2, GPU-1d24ec01-d8bb-a3cf-73c2-7d6014d1dd4d, NVIDIA A100-SXM4-80GB, 75275, 81920, 100, 114.96, 34
nid008352,2026/05/03 16:20:03.241, 3, GPU-689a6e7c-a622-65fb-9f4d-887ba745f660, NVIDIA A100-SXM4-80GB, 75275, 81920, 100, 112.85, 32
nid008353,2026/05/03 16:20:04.091, 0, GPU-3ad85384-e7dd-8c9b-13da-56f54bf334d9, NVIDIA A100-SXM4-80GB, 75029, 81920, 39, 111.53, 34
nid008353,2026/05/03 16:20:04.094, 1, GPU-3d65dc3f-116a-1dd4-937c-6e4481a765b5, NVIDIA A100-SXM4-80GB, 75019, 81920, 65, 114.61, 32
nid008353,2026/05/03 16:20:04.095, 2, GPU-338e4806-c72e-e37a-4798-dc47c2f2de03, NVIDIA A100-SXM4-80GB, 75019, 81920, 68, 114.71, 35
nid008353,2026/05/03 16:20:04.097, 3, GPU-fec40d98-ea80-e220-a49c-31ccab4741af, NVIDIA A100-SXM4-80GB, 75019, 81920, 94, 110.22, 32
nid008352,2026/05/03 16:20:06.997, 0, GPU-c8e590fe-c1df-fb38-7bf3-9ed4364cf576, NVIDIA A100-SXM4-80GB, 76665, 81920, 1, 110.22, 34
nid008352,2026/05/03 16:20:07.004, 1, GPU-5efb5c1d-1cd8-daca-bd51-2f30d62f6e1e, NVIDIA A100-SXM4-80GB, 75275, 81920, 100, 114.61, 31
nid008352,2026/05/03 16:20:07.008, 2, GPU-1d24ec01-d8bb-a3cf-73c2-7d6014d1dd4d, NVIDIA A100-SXM4-80GB, 75275, 81920, 100, 116.81, 34
nid008352,2026/05/03 16:20:07.014, 3, GPU-689a6e7c-a622-65fb-9f4d-887ba745f660, NVIDIA A100-SXM4-80GB, 75275, 81920, 100, 113.90, 32
nid008353,2026/05/03 16:20:07.870, 0, GPU-3ad85384-e7dd-8c9b-13da-56f54bf334d9, NVIDIA A100-SXM4-80GB, 75029, 81920, 52, 111.94, 34
nid008353,2026/05/03 16:20:07.872, 1, GPU-3d65dc3f-116a-1dd4-937c-6e4481a765b5, NVIDIA A100-SXM4-80GB, 75019, 81920, 85, 114.61, 32
nid008353,2026/05/03 16:20:07.877, 2, GPU-338e4806-c72e-e37a-4798-dc47c2f2de03, NVIDIA A100-SXM4-80GB, 75019, 81920, 59, 114.61, 35
nid008353,2026/05/03 16:20:07.879, 3, GPU-fec40d98-ea80-e220-a49c-31ccab4741af, NVIDIA A100-SXM4-80GB, 75019, 81920, 100, 110.35, 32
nid008352,2026/05/03 16:20:10.745, 0, GPU-c8e590fe-c1df-fb38-7bf3-9ed4364cf576, NVIDIA A100-SXM4-80GB, 76665, 81920, 2, 110.07, 34
nid008352,2026/05/03 16:20:10.752, 1, GPU-5efb5c1d-1cd8-daca-bd51-2f30d62f6e1e, NVIDIA A100-SXM4-80GB, 75275, 81920, 100, 114.74, 31
nid008352,2026/05/03 16:20:10.756, 2, GPU-1d24ec01-d8bb-a3cf-73c2-7d6014d1dd4d, NVIDIA A100-SXM4-80GB, 75275, 81920, 100, 114.96, 34
nid008352,2026/05/03 16:20:10.761, 3, GPU-689a6e7c-a622-65fb-9f4d-887ba745f660, NVIDIA A100-SXM4-80GB, 75275, 81920, 100, 112.85, 32
nid008353,2026/05/03 16:20:11.637, 0, GPU-3ad85384-e7dd-8c9b-13da-56f54bf334d9, NVIDIA A100-SXM4-80GB, 75029, 81920, 0, 119.60, 34
nid008353,2026/05/03 16:20:11.641, 1, GPU-3d65dc3f-116a-1dd4-937c-6e4481a765b5, NVIDIA A100-SXM4-80GB, 75019, 81920, 70, 137.97, 32
nid008353,2026/05/03 16:20:11.642, 2, GPU-338e4806-c72e-e37a-4798-dc47c2f2de03, NVIDIA A100-SXM4-80GB, 75019, 81920, 71, 144.57, 35
nid008353,2026/05/03 16:20:11.644, 3, GPU-fec40d98-ea80-e220-a49c-31ccab4741af, NVIDIA A100-SXM4-80GB, 75019, 81920, 84, 116.45, 32
nid008352,2026/05/03 16:20:14.528, 0, GPU-c8e590fe-c1df-fb38-7bf3-9ed4364cf576, NVIDIA A100-SXM4-80GB, 76665, 81920, 4, 121.40, 34
nid008352,2026/05/03 16:20:14.530, 1, GPU-5efb5c1d-1cd8-daca-bd51-2f30d62f6e1e, NVIDIA A100-SXM4-80GB, 75275, 81920, 100, 114.74, 31
nid008352,2026/05/03 16:20:14.534, 2, GPU-1d24ec01-d8bb-a3cf-73c2-7d6014d1dd4d, NVIDIA A100-SXM4-80GB, 75275, 81920, 100, 121.96, 34
nid008352,2026/05/03 16:20:14.535, 3, GPU-689a6e7c-a622-65fb-9f4d-887ba745f660, NVIDIA A100-SXM4-80GB, 75275, 81920, 100, 118.27, 32
nid008353,2026/05/03 16:20:15.620, 0, GPU-3ad85384-e7dd-8c9b-13da-56f54bf334d9, NVIDIA A100-SXM4-80GB, 75029, 81920, 12, 136.40, 34
nid008353,2026/05/03 16:20:15.623, 1, GPU-3d65dc3f-116a-1dd4-937c-6e4481a765b5, NVIDIA A100-SXM4-80GB, 75019, 81920, 97, 114.85, 32
nid008353,2026/05/03 16:20:15.625, 2, GPU-338e4806-c72e-e37a-4798-dc47c2f2de03, NVIDIA A100-SXM4-80GB, 75019, 81920, 84, 127.67, 35
nid008353,2026/05/03 16:20:15.626, 3, GPU-fec40d98-ea80-e220-a49c-31ccab4741af, NVIDIA A100-SXM4-80GB, 75019, 81920, 100, 137.78, 32
nid008352,2026/05/03 16:20:18.685, 0, GPU-c8e590fe-c1df-fb38-7bf3-9ed4364cf576, NVIDIA A100-SXM4-80GB, 76665, 81920, 2, 110.35, 34
nid008352,2026/05/03 16:20:18.688, 1, GPU-5efb5c1d-1cd8-daca-bd51-2f30d62f6e1e, NVIDIA A100-SXM4-80GB, 75275, 81920, 100, 139.99, 31
nid008352,2026/05/03 16:20:18.689, 2, GPU-1d24ec01-d8bb-a3cf-73c2-7d6014d1dd4d, NVIDIA A100-SXM4-80GB, 75275, 81920, 100, 115.37, 34
nid008352,2026/05/03 16:20:18.691, 3, GPU-689a6e7c-a622-65fb-9f4d-887ba745f660, NVIDIA A100-SXM4-80GB, 75275, 81920, 100, 113.14, 32
nid008353,2026/05/03 16:20:19.659, 0, GPU-3ad85384-e7dd-8c9b-13da-56f54bf334d9, NVIDIA A100-SXM4-80GB, 75029, 81920, 5, 111.66, 34
nid008353,2026/05/03 16:20:19.662, 1, GPU-3d65dc3f-116a-1dd4-937c-6e4481a765b5, NVIDIA A100-SXM4-80GB, 75019, 81920, 92, 114.61, 32
nid008353,2026/05/03 16:20:19.664, 2, GPU-338e4806-c72e-e37a-4798-dc47c2f2de03, NVIDIA A100-SXM4-80GB, 75019, 81920, 71, 114.61, 35
nid008353,2026/05/03 16:20:19.665, 3, GPU-fec40d98-ea80-e220-a49c-31ccab4741af, NVIDIA A100-SXM4-80GB, 75019, 81920, 94, 110.06, 32
nid008352,2026/05/03 16:20:22.703, 0, GPU-c8e590fe-c1df-fb38-7bf3-9ed4364cf576, NVIDIA A100-SXM4-80GB, 76665, 81920, 3, 110.35, 34
nid008352,2026/05/03 16:20:22.705, 1, GPU-5efb5c1d-1cd8-daca-bd51-2f30d62f6e1e, NVIDIA A100-SXM4-80GB, 75275, 81920, 100, 136.73, 31
nid008352,2026/05/03 16:20:22.707, 2, GPU-1d24ec01-d8bb-a3cf-73c2-7d6014d1dd4d, NVIDIA A100-SXM4-80GB, 75275, 81920, 100, 115.24, 34
nid008352,2026/05/03 16:20:22.708, 3, GPU-689a6e7c-a622-65fb-9f4d-887ba745f660, NVIDIA A100-SXM4-80GB, 75275, 81920, 100, 113.14, 32
nid008353,2026/05/03 16:20:23.547, 0, GPU-3ad85384-e7dd-8c9b-13da-56f54bf334d9, NVIDIA A100-SXM4-80GB, 75029, 81920, 24, 111.53, 34
nid008353,2026/05/03 16:20:23.550, 1, GPU-3d65dc3f-116a-1dd4-937c-6e4481a765b5, NVIDIA A100-SXM4-80GB, 75019, 81920, 91, 114.61, 32
nid008353,2026/05/03 16:20:23.551, 2, GPU-338e4806-c72e-e37a-4798-dc47c2f2de03, NVIDIA A100-SXM4-80GB, 75019, 81920, 80, 114.71, 35
nid008353,2026/05/03 16:20:23.553, 3, GPU-fec40d98-ea80-e220-a49c-31ccab4741af, NVIDIA A100-SXM4-80GB, 75019, 81920, 63, 110.22, 32
nid008352,2026/05/03 16:20:26.431, 0, GPU-c8e590fe-c1df-fb38-7bf3-9ed4364cf576, NVIDIA A100-SXM4-80GB, 76665, 81920, 1, 113.11, 34
nid008352,2026/05/03 16:20:26.439, 1, GPU-5efb5c1d-1cd8-daca-bd51-2f30d62f6e1e, NVIDIA A100-SXM4-80GB, 75275, 81920, 100, 114.45, 31
nid008352,2026/05/03 16:20:26.441, 2, GPU-1d24ec01-d8bb-a3cf-73c2-7d6014d1dd4d, NVIDIA A100-SXM4-80GB, 75275, 81920, 100, 116.57, 34
nid008352,2026/05/03 16:20:26.442, 3, GPU-689a6e7c-a622-65fb-9f4d-887ba745f660, NVIDIA A100-SXM4-80GB, 75275, 81920, 100, 114.71, 32
nid008353,2026/05/03 16:20:27.303, 0, GPU-3ad85384-e7dd-8c9b-13da-56f54bf334d9, NVIDIA A100-SXM4-80GB, 75029, 81920, 0, 123.44, 34
nid008353,2026/05/03 16:20:27.306, 1, GPU-3d65dc3f-116a-1dd4-937c-6e4481a765b5, NVIDIA A100-SXM4-80GB, 75019, 81920, 100, 138.42, 32
nid008353,2026/05/03 16:20:27.307, 2, GPU-338e4806-c72e-e37a-4798-dc47c2f2de03, NVIDIA A100-SXM4-80GB, 75019, 81920, 92, 143.81, 35
nid008353,2026/05/03 16:20:27.309, 3, GPU-fec40d98-ea80-e220-a49c-31ccab4741af, NVIDIA A100-SXM4-80GB, 75019, 81920, 80, 120.83, 32
nid008352,2026/05/03 16:20:30.177, 0, GPU-c8e590fe-c1df-fb38-7bf3-9ed4364cf576, NVIDIA A100-SXM4-80GB, 76665, 81920, 4, 109.70, 34
nid008352,2026/05/03 16:20:30.179, 1, GPU-5efb5c1d-1cd8-daca-bd51-2f30d62f6e1e, NVIDIA A100-SXM4-80GB, 75275, 81920, 100, 117.36, 31
nid008352,2026/05/03 16:20:30.181, 2, GPU-1d24ec01-d8bb-a3cf-73c2-7d6014d1dd4d, NVIDIA A100-SXM4-80GB, 75275, 81920, 100, 116.04, 34
nid008352,2026/05/03 16:20:30.183, 3, GPU-689a6e7c-a622-65fb-9f4d-887ba745f660, NVIDIA A100-SXM4-80GB, 75275, 81920, 100, 112.85, 32
nid008353,2026/05/03 16:20:31.050, 0, GPU-3ad85384-e7dd-8c9b-13da-56f54bf334d9, NVIDIA A100-SXM4-80GB, 75029, 81920, 7, 112.62, 34
nid008353,2026/05/03 16:20:31.057, 1, GPU-3d65dc3f-116a-1dd4-937c-6e4481a765b5, NVIDIA A100-SXM4-80GB, 75019, 81920, 89, 126.86, 32
nid008353,2026/05/03 16:20:31.063, 2, GPU-338e4806-c72e-e37a-4798-dc47c2f2de03, NVIDIA A100-SXM4-80GB, 75019, 81920, 88, 140.98, 35
nid008353,2026/05/03 16:20:31.067, 3, GPU-fec40d98-ea80-e220-a49c-31ccab4741af, NVIDIA A100-SXM4-80GB, 75019, 81920, 98, 136.21, 32
nid008352,2026/05/03 16:20:33.945, 0, GPU-c8e590fe-c1df-fb38-7bf3-9ed4364cf576, NVIDIA A100-SXM4-80GB, 76665, 81920, 4, 117.99, 34
nid008352,2026/05/03 16:20:33.947, 1, GPU-5efb5c1d-1cd8-daca-bd51-2f30d62f6e1e, NVIDIA A100-SXM4-80GB, 75275, 81920, 100, 115.65, 31
nid008352,2026/05/03 16:20:33.949, 2, GPU-1d24ec01-d8bb-a3cf-73c2-7d6014d1dd4d, NVIDIA A100-SXM4-80GB, 75275, 81920, 100, 130.78, 34
nid008352,2026/05/03 16:20:33.950, 3, GPU-689a6e7c-a622-65fb-9f4d-887ba745f660, NVIDIA A100-SXM4-80GB, 75275, 81920, 100, 143.18, 32
nid008353,2026/05/03 16:20:34.813, 0, GPU-3ad85384-e7dd-8c9b-13da-56f54bf334d9, NVIDIA A100-SXM4-80GB, 75029, 81920, 0, 111.66, 34
nid008353,2026/05/03 16:20:34.825, 1, GPU-3d65dc3f-116a-1dd4-937c-6e4481a765b5, NVIDIA A100-SXM4-80GB, 75019, 81920, 100, 139.59, 32
nid008353,2026/05/03 16:20:34.830, 2, GPU-338e4806-c72e-e37a-4798-dc47c2f2de03, NVIDIA A100-SXM4-80GB, 75019, 81920, 90, 114.61, 35
nid008353,2026/05/03 16:20:34.835, 3, GPU-fec40d98-ea80-e220-a49c-31ccab4741af, NVIDIA A100-SXM4-80GB, 75019, 81920, 100, 111.40, 32
nid008352,2026/05/03 16:20:37.735, 0, GPU-c8e590fe-c1df-fb38-7bf3-9ed4364cf576, NVIDIA A100-SXM4-80GB, 76665, 81920, 5, 112.87, 34
nid008352,2026/05/03 16:20:37.742, 1, GPU-5efb5c1d-1cd8-daca-bd51-2f30d62f6e1e, NVIDIA A100-SXM4-80GB, 75275, 81920, 100, 114.88, 31
nid008352,2026/05/03 16:20:37.748, 2, GPU-1d24ec01-d8bb-a3cf-73c2-7d6014d1dd4d, NVIDIA A100-SXM4-80GB, 75275, 81920, 100, 117.61, 34
nid008352,2026/05/03 16:20:37.753, 3, GPU-689a6e7c-a622-65fb-9f4d-887ba745f660, NVIDIA A100-SXM4-80GB, 75275, 81920, 100, 119.98, 32
nid008353,2026/05/03 16:20:38.640, 0, GPU-3ad85384-e7dd-8c9b-13da-56f54bf334d9, NVIDIA A100-SXM4-80GB, 75029, 81920, 42, 133.06, 34
nid008353,2026/05/03 16:20:38.643, 1, GPU-3d65dc3f-116a-1dd4-937c-6e4481a765b5, NVIDIA A100-SXM4-80GB, 75019, 81920, 73, 135.08, 32
nid008353,2026/05/03 16:20:38.645, 2, GPU-338e4806-c72e-e37a-4798-dc47c2f2de03, NVIDIA A100-SXM4-80GB, 75019, 81920, 97, 157.63, 35
nid008353,2026/05/03 16:20:38.646, 3, GPU-fec40d98-ea80-e220-a49c-31ccab4741af, NVIDIA A100-SXM4-80GB, 75019, 81920, 96, 136.05, 32
nid008352,2026/05/03 16:20:41.524, 0, GPU-c8e590fe-c1df-fb38-7bf3-9ed4364cf576, NVIDIA A100-SXM4-80GB, 76665, 81920, 3, 118.65, 34
nid008352,2026/05/03 16:20:41.527, 1, GPU-5efb5c1d-1cd8-daca-bd51-2f30d62f6e1e, NVIDIA A100-SXM4-80GB, 75275, 81920, 100, 114.74, 31
nid008352,2026/05/03 16:20:41.528, 2, GPU-1d24ec01-d8bb-a3cf-73c2-7d6014d1dd4d, NVIDIA A100-SXM4-80GB, 75275, 81920, 100, 117.61, 34
nid008352,2026/05/03 16:20:41.530, 3, GPU-689a6e7c-a622-65fb-9f4d-887ba745f660, NVIDIA A100-SXM4-80GB, 75275, 81920, 100, 116.71, 32
nid008353,2026/05/03 16:20:42.369, 0, GPU-3ad85384-e7dd-8c9b-13da-56f54bf334d9, NVIDIA A100-SXM4-80GB, 75029, 81920, 13, 135.43, 34
nid008353,2026/05/03 16:20:42.372, 1, GPU-3d65dc3f-116a-1dd4-937c-6e4481a765b5, NVIDIA A100-SXM4-80GB, 75019, 81920, 65, 114.61, 31
nid008353,2026/05/03 16:20:42.374, 2, GPU-338e4806-c72e-e37a-4798-dc47c2f2de03, NVIDIA A100-SXM4-80GB, 75019, 81920, 70, 114.61, 34
nid008353,2026/05/03 16:20:42.375, 3, GPU-fec40d98-ea80-e220-a49c-31ccab4741af, NVIDIA A100-SXM4-80GB, 75019, 81920, 100, 111.16, 32
nid008352,2026/05/03 16:20:45.321, 0, GPU-c8e590fe-c1df-fb38-7bf3-9ed4364cf576, NVIDIA A100-SXM4-80GB, 76665, 81920, 2, 114.20, 34
nid008352,2026/05/03 16:20:45.324, 1, GPU-5efb5c1d-1cd8-daca-bd51-2f30d62f6e1e, NVIDIA A100-SXM4-80GB, 75275, 81920, 100, 114.74, 31
nid008352,2026/05/03 16:20:45.325, 2, GPU-1d24ec01-d8bb-a3cf-73c2-7d6014d1dd4d, NVIDIA A100-SXM4-80GB, 75275, 81920, 100, 115.76, 34
nid008352,2026/05/03 16:20:45.327, 3, GPU-689a6e7c-a622-65fb-9f4d-887ba745f660, NVIDIA A100-SXM4-80GB, 75275, 81920, 100, 114.71, 32
nid008353,2026/05/03 16:20:46.146, 0, GPU-3ad85384-e7dd-8c9b-13da-56f54bf334d9, NVIDIA A100-SXM4-80GB, 75029, 81920, 9, 111.53, 34
nid008353,2026/05/03 16:20:46.148, 1, GPU-3d65dc3f-116a-1dd4-937c-6e4481a765b5, NVIDIA A100-SXM4-80GB, 75019, 81920, 94, 114.85, 32
nid008353,2026/05/03 16:20:46.150, 2, GPU-338e4806-c72e-e37a-4798-dc47c2f2de03, NVIDIA A100-SXM4-80GB, 75019, 81920, 89, 114.47, 34
nid008353,2026/05/03 16:20:46.151, 3, GPU-fec40d98-ea80-e220-a49c-31ccab4741af, NVIDIA A100-SXM4-80GB, 75019, 81920, 88, 109.93, 32
nid008352,2026/05/03 16:20:49.022, 0, GPU-c8e590fe-c1df-fb38-7bf3-9ed4364cf576, NVIDIA A100-SXM4-80GB, 76665, 81920, 2, 109.94, 34
nid008352,2026/05/03 16:20:49.025, 1, GPU-5efb5c1d-1cd8-daca-bd51-2f30d62f6e1e, NVIDIA A100-SXM4-80GB, 75275, 81920, 100, 114.45, 31
nid008352,2026/05/03 16:20:49.028, 2, GPU-1d24ec01-d8bb-a3cf-73c2-7d6014d1dd4d, NVIDIA A100-SXM4-80GB, 75275, 81920, 100, 114.72, 34
nid008352,2026/05/03 16:20:49.029, 3, GPU-689a6e7c-a622-65fb-9f4d-887ba745f660, NVIDIA A100-SXM4-80GB, 75275, 81920, 100, 112.72, 32
nid008353,2026/05/03 16:20:49.885, 0, GPU-3ad85384-e7dd-8c9b-13da-56f54bf334d9, NVIDIA A100-SXM4-80GB, 75029, 81920, 38, 122.92, 34
nid008353,2026/05/03 16:20:49.888, 1, GPU-3d65dc3f-116a-1dd4-937c-6e4481a765b5, NVIDIA A100-SXM4-80GB, 75019, 81920, 99, 114.85, 32
nid008353,2026/05/03 16:20:49.889, 2, GPU-338e4806-c72e-e37a-4798-dc47c2f2de03, NVIDIA A100-SXM4-80GB, 75019, 81920, 59, 122.78, 35
nid008353,2026/05/03 16:20:49.891, 3, GPU-fec40d98-ea80-e220-a49c-31ccab4741af, NVIDIA A100-SXM4-80GB, 75019, 81920, 87, 111.16, 32
nid008352,2026/05/03 16:20:52.770, 0, GPU-c8e590fe-c1df-fb38-7bf3-9ed4364cf576, NVIDIA A100-SXM4-80GB, 76665, 81920, 3, 110.22, 34
nid008352,2026/05/03 16:20:52.773, 1, GPU-5efb5c1d-1cd8-daca-bd51-2f30d62f6e1e, NVIDIA A100-SXM4-80GB, 75275, 81920, 100, 134.35, 31
nid008352,2026/05/03 16:20:52.774, 2, GPU-1d24ec01-d8bb-a3cf-73c2-7d6014d1dd4d, NVIDIA A100-SXM4-80GB, 75275, 81920, 100, 114.96, 34
nid008352,2026/05/03 16:20:52.776, 3, GPU-689a6e7c-a622-65fb-9f4d-887ba745f660, NVIDIA A100-SXM4-80GB, 75275, 81920, 100, 112.72, 32
nid008353,2026/05/03 16:20:53.622, 0, GPU-3ad85384-e7dd-8c9b-13da-56f54bf334d9, NVIDIA A100-SXM4-80GB, 75029, 81920, 3, 111.66, 34
nid008353,2026/05/03 16:20:53.625, 1, GPU-3d65dc3f-116a-1dd4-937c-6e4481a765b5, NVIDIA A100-SXM4-80GB, 75019, 81920, 96, 129.24, 32
nid008353,2026/05/03 16:20:53.627, 2, GPU-338e4806-c72e-e37a-4798-dc47c2f2de03, NVIDIA A100-SXM4-80GB, 75019, 81920, 97, 130.85, 35
nid008353,2026/05/03 16:20:53.629, 3, GPU-fec40d98-ea80-e220-a49c-31ccab4741af, NVIDIA A100-SXM4-80GB, 75019, 81920, 84, 109.93, 32
nid008352,2026/05/03 16:20:56.519, 0, GPU-c8e590fe-c1df-fb38-7bf3-9ed4364cf576, NVIDIA A100-SXM4-80GB, 76665, 81920, 2, 111.26, 34
nid008352,2026/05/03 16:20:56.524, 1, GPU-5efb5c1d-1cd8-daca-bd51-2f30d62f6e1e, NVIDIA A100-SXM4-80GB, 75275, 81920, 100, 115.79, 31
nid008352,2026/05/03 16:20:56.530, 2, GPU-1d24ec01-d8bb-a3cf-73c2-7d6014d1dd4d, NVIDIA A100-SXM4-80GB, 75275, 81920, 100, 116.28, 34
nid008352,2026/05/03 16:20:56.536, 3, GPU-689a6e7c-a622-65fb-9f4d-887ba745f660, NVIDIA A100-SXM4-80GB, 75275, 81920, 100, 113.25, 32
nid008353,2026/05/03 16:20:57.380, 0, GPU-3ad85384-e7dd-8c9b-13da-56f54bf334d9, NVIDIA A100-SXM4-80GB, 75029, 81920, 0, 111.53, 34
nid008353,2026/05/03 16:20:57.382, 1, GPU-3d65dc3f-116a-1dd4-937c-6e4481a765b5, NVIDIA A100-SXM4-80GB, 75019, 81920, 73, 114.45, 31
nid008353,2026/05/03 16:20:57.384, 2, GPU-338e4806-c72e-e37a-4798-dc47c2f2de03, NVIDIA A100-SXM4-80GB, 75019, 81920, 80, 114.47, 34
nid008353,2026/05/03 16:20:57.386, 3, GPU-fec40d98-ea80-e220-a49c-31ccab4741af, NVIDIA A100-SXM4-80GB, 75019, 81920, 60, 111.27, 31
nid008352,2026/05/03 16:21:00.259, 0, GPU-c8e590fe-c1df-fb38-7bf3-9ed4364cf576, NVIDIA A100-SXM4-80GB, 76665, 81920, 4, 109.70, 34
nid008352,2026/05/03 16:21:00.265, 1, GPU-5efb5c1d-1cd8-daca-bd51-2f30d62f6e1e, NVIDIA A100-SXM4-80GB, 75275, 81920, 100, 114.98, 31
nid008352,2026/05/03 16:21:00.271, 2, GPU-1d24ec01-d8bb-a3cf-73c2-7d6014d1dd4d, NVIDIA A100-SXM4-80GB, 75275, 81920, 100, 125.89, 34
nid008352,2026/05/03 16:21:00.274, 3, GPU-689a6e7c-a622-65fb-9f4d-887ba745f660, NVIDIA A100-SXM4-80GB, 75275, 81920, 100, 130.93, 32
nid008353,2026/05/03 16:21:01.140, 0, GPU-3ad85384-e7dd-8c9b-13da-56f54bf334d9, NVIDIA A100-SXM4-80GB, 75029, 81920, 0, 117.89, 34
nid008353,2026/05/03 16:21:01.142, 1, GPU-3d65dc3f-116a-1dd4-937c-6e4481a765b5, NVIDIA A100-SXM4-80GB, 75019, 81920, 100, 124.55, 32
nid008353,2026/05/03 16:21:01.144, 2, GPU-338e4806-c72e-e37a-4798-dc47c2f2de03, NVIDIA A100-SXM4-80GB, 75019, 81920, 95, 115.36, 34
nid008353,2026/05/03 16:21:01.146, 3, GPU-fec40d98-ea80-e220-a49c-31ccab4741af, NVIDIA A100-SXM4-80GB, 75019, 81920, 89, 112.31, 32
nid008352,2026/05/03 16:21:04.021, 0, GPU-c8e590fe-c1df-fb38-7bf3-9ed4364cf576, NVIDIA A100-SXM4-80GB, 76665, 81920, 4, 112.72, 34
nid008352,2026/05/03 16:21:04.028, 1, GPU-5efb5c1d-1cd8-daca-bd51-2f30d62f6e1e, NVIDIA A100-SXM4-80GB, 75275, 81920, 100, 114.45, 31
nid008352,2026/05/03 16:21:04.034, 2, GPU-1d24ec01-d8bb-a3cf-73c2-7d6014d1dd4d, NVIDIA A100-SXM4-80GB, 75275, 81920, 100, 116.42, 34
nid008352,2026/05/03 16:21:04.039, 3, GPU-689a6e7c-a622-65fb-9f4d-887ba745f660, NVIDIA A100-SXM4-80GB, 75275, 81920, 100, 115.89, 32
nid008353,2026/05/03 16:21:04.898, 0, GPU-3ad85384-e7dd-8c9b-13da-56f54bf334d9, NVIDIA A100-SXM4-80GB, 75029, 81920, 0, 115.65, 34
nid008353,2026/05/03 16:21:04.901, 1, GPU-3d65dc3f-116a-1dd4-937c-6e4481a765b5, NVIDIA A100-SXM4-80GB, 75019, 81920, 100, 136.40, 32
nid008353,2026/05/03 16:21:04.902, 2, GPU-338e4806-c72e-e37a-4798-dc47c2f2de03, NVIDIA A100-SXM4-80GB, 75019, 81920, 98, 144.57, 35
nid008353,2026/05/03 16:21:04.904, 3, GPU-fec40d98-ea80-e220-a49c-31ccab4741af, NVIDIA A100-SXM4-80GB, 75019, 81920, 49, 112.07, 32
nid008352,2026/05/03 16:21:07.791, 0, GPU-c8e590fe-c1df-fb38-7bf3-9ed4364cf576, NVIDIA A100-SXM4-80GB, 76665, 81920, 2, 128.41, 34
nid008352,2026/05/03 16:21:07.793, 1, GPU-5efb5c1d-1cd8-daca-bd51-2f30d62f6e1e, NVIDIA A100-SXM4-80GB, 75275, 81920, 100, 115.50, 31
nid008352,2026/05/03 16:21:07.795, 2, GPU-1d24ec01-d8bb-a3cf-73c2-7d6014d1dd4d, NVIDIA A100-SXM4-80GB, 75275, 81920, 100, 121.54, 34
nid008352,2026/05/03 16:21:07.796, 3, GPU-689a6e7c-a622-65fb-9f4d-887ba745f660, NVIDIA A100-SXM4-80GB, 75275, 81920, 100, 123.82, 32
nid008353,2026/05/03 16:21:08.668, 0, GPU-3ad85384-e7dd-8c9b-13da-56f54bf334d9, NVIDIA A100-SXM4-80GB, 75029, 81920, 17, 111.53, 34
nid008353,2026/05/03 16:21:08.674, 1, GPU-3d65dc3f-116a-1dd4-937c-6e4481a765b5, NVIDIA A100-SXM4-80GB, 75019, 81920, 81, 114.32, 31
nid008353,2026/05/03 16:21:08.676, 2, GPU-338e4806-c72e-e37a-4798-dc47c2f2de03, NVIDIA A100-SXM4-80GB, 75019, 81920, 96, 114.61, 34
nid008353,2026/05/03 16:21:08.678, 3, GPU-fec40d98-ea80-e220-a49c-31ccab4741af, NVIDIA A100-SXM4-80GB, 75019, 81920, 62, 110.59, 31
nid008352,2026/05/03 16:21:11.565, 0, GPU-c8e590fe-c1df-fb38-7bf3-9ed4364cf576, NVIDIA A100-SXM4-80GB, 76665, 81920, 1, 111.78, 34
nid008352,2026/05/03 16:21:11.568, 1, GPU-5efb5c1d-1cd8-daca-bd51-2f30d62f6e1e, NVIDIA A100-SXM4-80GB, 75275, 81920, 100, 122.12, 31
nid008352,2026/05/03 16:21:11.569, 2, GPU-1d24ec01-d8bb-a3cf-73c2-7d6014d1dd4d, NVIDIA A100-SXM4-80GB, 75275, 81920, 100, 115.48, 33
nid008352,2026/05/03 16:21:11.571, 3, GPU-689a6e7c-a622-65fb-9f4d-887ba745f660, NVIDIA A100-SXM4-80GB, 75275, 81920, 100, 113.76, 32
nid008353,2026/05/03 16:21:12.409, 0, GPU-3ad85384-e7dd-8c9b-13da-56f54bf334d9, NVIDIA A100-SXM4-80GB, 75029, 81920, 36, 111.53, 33
nid008353,2026/05/03 16:21:12.412, 1, GPU-3d65dc3f-116a-1dd4-937c-6e4481a765b5, NVIDIA A100-SXM4-80GB, 75019, 81920, 45, 114.32, 31
nid008353,2026/05/03 16:21:12.413, 2, GPU-338e4806-c72e-e37a-4798-dc47c2f2de03, NVIDIA A100-SXM4-80GB, 75019, 81920, 94, 114.47, 34
nid008353,2026/05/03 16:21:12.415, 3, GPU-fec40d98-ea80-e220-a49c-31ccab4741af, NVIDIA A100-SXM4-80GB, 75019, 81920, 71, 110.06, 31
nid008352,2026/05/03 16:21:15.338, 0, GPU-c8e590fe-c1df-fb38-7bf3-9ed4364cf576, NVIDIA A100-SXM4-80GB, 76665, 81920, 2, 109.70, 34
nid008352,2026/05/03 16:21:15.340, 1, GPU-5efb5c1d-1cd8-daca-bd51-2f30d62f6e1e, NVIDIA A100-SXM4-80GB, 75275, 81920, 100, 119.88, 31
nid008352,2026/05/03 16:21:15.342, 2, GPU-1d24ec01-d8bb-a3cf-73c2-7d6014d1dd4d, NVIDIA A100-SXM4-80GB, 75275, 81920, 100, 114.96, 33
nid008352,2026/05/03 16:21:15.343, 3, GPU-689a6e7c-a622-65fb-9f4d-887ba745f660, NVIDIA A100-SXM4-80GB, 75275, 81920, 100, 112.72, 32
nid008353,2026/05/03 16:21:16.190, 0, GPU-3ad85384-e7dd-8c9b-13da-56f54bf334d9, NVIDIA A100-SXM4-80GB, 75029, 81920, 3, 111.53, 33
nid008353,2026/05/03 16:21:16.193, 1, GPU-3d65dc3f-116a-1dd4-937c-6e4481a765b5, NVIDIA A100-SXM4-80GB, 75019, 81920, 69, 114.32, 31
nid008353,2026/05/03 16:21:16.196, 2, GPU-338e4806-c72e-e37a-4798-dc47c2f2de03, NVIDIA A100-SXM4-80GB, 75019, 81920, 97, 115.13, 34
nid008353,2026/05/03 16:21:16.198, 3, GPU-fec40d98-ea80-e220-a49c-31ccab4741af, NVIDIA A100-SXM4-80GB, 75019, 81920, 82, 112.74, 32
nid008352,2026/05/03 16:21:19.071, 0, GPU-c8e590fe-c1df-fb38-7bf3-9ed4364cf576, NVIDIA A100-SXM4-80GB, 76665, 81920, 2, 110.50, 34
nid008352,2026/05/03 16:21:19.074, 1, GPU-5efb5c1d-1cd8-daca-bd51-2f30d62f6e1e, NVIDIA A100-SXM4-80GB, 75275, 81920, 100, 114.45, 31
nid008352,2026/05/03 16:21:19.075, 2, GPU-1d24ec01-d8bb-a3cf-73c2-7d6014d1dd4d, NVIDIA A100-SXM4-80GB, 75275, 81920, 100, 115.09, 34
nid008352,2026/05/03 16:21:19.077, 3, GPU-689a6e7c-a622-65fb-9f4d-887ba745f660, NVIDIA A100-SXM4-80GB, 75275, 81920, 100, 113.38, 32
nid008353,2026/05/03 16:21:19.914, 0, GPU-3ad85384-e7dd-8c9b-13da-56f54bf334d9, NVIDIA A100-SXM4-80GB, 75029, 81920, 45, 120.40, 34
nid008353,2026/05/03 16:21:19.917, 1, GPU-3d65dc3f-116a-1dd4-937c-6e4481a765b5, NVIDIA A100-SXM4-80GB, 75019, 81920, 97, 132.18, 31
nid008353,2026/05/03 16:21:19.918, 2, GPU-338e4806-c72e-e37a-4798-dc47c2f2de03, NVIDIA A100-SXM4-80GB, 75019, 81920, 42, 140.34, 35
nid008353,2026/05/03 16:21:19.920, 3, GPU-fec40d98-ea80-e220-a49c-31ccab4741af, NVIDIA A100-SXM4-80GB, 75019, 81920, 90, 114.31, 32
nid008352,2026/05/03 16:21:22.778, 0, GPU-c8e590fe-c1df-fb38-7bf3-9ed4364cf576, NVIDIA A100-SXM4-80GB, 76665, 81920, 2, 112.07, 34
nid008352,2026/05/03 16:21:22.781, 1, GPU-5efb5c1d-1cd8-daca-bd51-2f30d62f6e1e, NVIDIA A100-SXM4-80GB, 75275, 81920, 100, 114.17, 31
nid008352,2026/05/03 16:21:22.782, 2, GPU-1d24ec01-d8bb-a3cf-73c2-7d6014d1dd4d, NVIDIA A100-SXM4-80GB, 75275, 81920, 100, 115.10, 33
nid008352,2026/05/03 16:21:22.784, 3, GPU-689a6e7c-a622-65fb-9f4d-887ba745f660, NVIDIA A100-SXM4-80GB, 75275, 81920, 100, 113.25, 32
nid008353,2026/05/03 16:21:23.613, 0, GPU-3ad85384-e7dd-8c9b-13da-56f54bf334d9, NVIDIA A100-SXM4-80GB, 75029, 81920, 56, 111.53, 34
nid008353,2026/05/03 16:21:23.615, 1, GPU-3d65dc3f-116a-1dd4-937c-6e4481a765b5, NVIDIA A100-SXM4-80GB, 75019, 81920, 99, 114.61, 31
nid008353,2026/05/03 16:21:23.617, 2, GPU-338e4806-c72e-e37a-4798-dc47c2f2de03, NVIDIA A100-SXM4-80GB, 75019, 81920, 73, 123.07, 34
nid008353,2026/05/03 16:21:23.619, 3, GPU-fec40d98-ea80-e220-a49c-31ccab4741af, NVIDIA A100-SXM4-80GB, 75019, 81920, 34, 109.93, 31
nid008352,2026/05/03 16:21:26.480, 0, GPU-c8e590fe-c1df-fb38-7bf3-9ed4364cf576, NVIDIA A100-SXM4-80GB, 76665, 81920, 3, 110.22, 34
nid008352,2026/05/03 16:21:26.483, 1, GPU-5efb5c1d-1cd8-daca-bd51-2f30d62f6e1e, NVIDIA A100-SXM4-80GB, 75275, 81920, 94, 114.74, 31
nid008352,2026/05/03 16:21:26.484, 2, GPU-1d24ec01-d8bb-a3cf-73c2-7d6014d1dd4d, NVIDIA A100-SXM4-80GB, 75275, 81920, 100, 115.10, 33
nid008352,2026/05/03 16:21:26.486, 3, GPU-689a6e7c-a622-65fb-9f4d-887ba745f660, NVIDIA A100-SXM4-80GB, 75275, 81920, 100, 113.76, 32
nid008353,2026/05/03 16:21:27.417, 0, GPU-3ad85384-e7dd-8c9b-13da-56f54bf334d9, NVIDIA A100-SXM4-80GB, 75029, 81920, 52, 134.55, 34
nid008353,2026/05/03 16:21:27.420, 1, GPU-3d65dc3f-116a-1dd4-937c-6e4481a765b5, NVIDIA A100-SXM4-80GB, 75019, 81920, 54, 131.53, 32
nid008353,2026/05/03 16:21:27.421, 2, GPU-338e4806-c72e-e37a-4798-dc47c2f2de03, NVIDIA A100-SXM4-80GB, 75019, 81920, 86, 119.60, 35
nid008353,2026/05/03 16:21:27.423, 3, GPU-fec40d98-ea80-e220-a49c-31ccab4741af, NVIDIA A100-SXM4-80GB, 75019, 81920, 14, 126.40, 32
nid008352,2026/05/03 16:21:30.339, 0, GPU-c8e590fe-c1df-fb38-7bf3-9ed4364cf576, NVIDIA A100-SXM4-80GB, 76665, 81920, 100, 110.22, 34
nid008352,2026/05/03 16:21:30.346, 1, GPU-5efb5c1d-1cd8-daca-bd51-2f30d62f6e1e, NVIDIA A100-SXM4-80GB, 75275, 81920, 97, 127.01, 31
nid008352,2026/05/03 16:21:30.351, 2, GPU-1d24ec01-d8bb-a3cf-73c2-7d6014d1dd4d, NVIDIA A100-SXM4-80GB, 75275, 81920, 100, 115.48, 34
nid008352,2026/05/03 16:21:30.356, 3, GPU-689a6e7c-a622-65fb-9f4d-887ba745f660, NVIDIA A100-SXM4-80GB, 75275, 81920, 5, 115.51, 32
nid008353,2026/05/03 16:21:31.206, 0, GPU-3ad85384-e7dd-8c9b-13da-56f54bf334d9, NVIDIA A100-SXM4-80GB, 75029, 81920, 99, 111.81, 33
nid008353,2026/05/03 16:21:31.208, 1, GPU-3d65dc3f-116a-1dd4-937c-6e4481a765b5, NVIDIA A100-SXM4-80GB, 75019, 81920, 22, 114.61, 31
nid008353,2026/05/03 16:21:31.210, 2, GPU-338e4806-c72e-e37a-4798-dc47c2f2de03, NVIDIA A100-SXM4-80GB, 75019, 81920, 86, 114.61, 34
nid008353,2026/05/03 16:21:31.211, 3, GPU-fec40d98-ea80-e220-a49c-31ccab4741af, NVIDIA A100-SXM4-80GB, 75019, 81920, 20, 110.06, 31
nid008352,2026/05/03 16:21:34.112, 0, GPU-c8e590fe-c1df-fb38-7bf3-9ed4364cf576, NVIDIA A100-SXM4-80GB, 76665, 81920, 100, 110.63, 34
nid008352,2026/05/03 16:21:34.115, 1, GPU-5efb5c1d-1cd8-daca-bd51-2f30d62f6e1e, NVIDIA A100-SXM4-80GB, 75275, 81920, 86, 119.60, 31
nid008352,2026/05/03 16:21:34.117, 2, GPU-1d24ec01-d8bb-a3cf-73c2-7d6014d1dd4d, NVIDIA A100-SXM4-80GB, 75275, 81920, 100, 115.37, 34
nid008352,2026/05/03 16:21:34.118, 3, GPU-689a6e7c-a622-65fb-9f4d-887ba745f660, NVIDIA A100-SXM4-80GB, 75275, 81920, 31, 113.14, 32
nid008353,2026/05/03 16:21:34.948, 0, GPU-3ad85384-e7dd-8c9b-13da-56f54bf334d9, NVIDIA A100-SXM4-80GB, 75029, 81920, 41, 111.42, 33
nid008353,2026/05/03 16:21:34.951, 1, GPU-3d65dc3f-116a-1dd4-937c-6e4481a765b5, NVIDIA A100-SXM4-80GB, 75019, 81920, 43, 114.32, 31
nid008353,2026/05/03 16:21:34.952, 2, GPU-338e4806-c72e-e37a-4798-dc47c2f2de03, NVIDIA A100-SXM4-80GB, 75019, 81920, 46, 114.61, 34
nid008353,2026/05/03 16:21:34.954, 3, GPU-fec40d98-ea80-e220-a49c-31ccab4741af, NVIDIA A100-SXM4-80GB, 75019, 81920, 63, 111.16, 31
nid008352,2026/05/03 16:21:37.828, 0, GPU-c8e590fe-c1df-fb38-7bf3-9ed4364cf576, NVIDIA A100-SXM4-80GB, 76665, 81920, 31, 112.87, 37
nid008352,2026/05/03 16:21:37.830, 1, GPU-5efb5c1d-1cd8-daca-bd51-2f30d62f6e1e, NVIDIA A100-SXM4-80GB, 75275, 81920, 100, 268.95, 32
nid008352,2026/05/03 16:21:37.833, 2, GPU-1d24ec01-d8bb-a3cf-73c2-7d6014d1dd4d, NVIDIA A100-SXM4-80GB, 75275, 81920, 100, 118.65, 36
nid008352,2026/05/03 16:21:37.834, 3, GPU-689a6e7c-a622-65fb-9f4d-887ba745f660, NVIDIA A100-SXM4-80GB, 75275, 81920, 100, 117.46, 35
nid008353,2026/05/03 16:21:38.693, 0, GPU-3ad85384-e7dd-8c9b-13da-56f54bf334d9, NVIDIA A100-SXM4-80GB, 75029, 81920, 38, 116.69, 35
nid008353,2026/05/03 16:21:38.696, 1, GPU-3d65dc3f-116a-1dd4-937c-6e4481a765b5, NVIDIA A100-SXM4-80GB, 75019, 81920, 93, 116.18, 33
nid008353,2026/05/03 16:21:38.702, 2, GPU-338e4806-c72e-e37a-4798-dc47c2f2de03, NVIDIA A100-SXM4-80GB, 75019, 81920, 89, 241.04, 37
nid008353,2026/05/03 16:21:38.704, 3, GPU-fec40d98-ea80-e220-a49c-31ccab4741af, NVIDIA A100-SXM4-80GB, 75019, 81920, 80, 114.59, 33
nid008352,2026/05/03 16:21:41.697, 0, GPU-c8e590fe-c1df-fb38-7bf3-9ed4364cf576, NVIDIA A100-SXM4-80GB, 76665, 81920, 100, 120.26, 37
nid008352,2026/05/03 16:21:41.699, 1, GPU-5efb5c1d-1cd8-daca-bd51-2f30d62f6e1e, NVIDIA A100-SXM4-80GB, 75275, 81920, 100, 457.17, 39
nid008352,2026/05/03 16:21:41.701, 2, GPU-1d24ec01-d8bb-a3cf-73c2-7d6014d1dd4d, NVIDIA A100-SXM4-80GB, 75275, 81920, 100, 126.56, 37
nid008352,2026/05/03 16:21:41.703, 3, GPU-689a6e7c-a622-65fb-9f4d-887ba745f660, NVIDIA A100-SXM4-80GB, 75275, 81920, 100, 156.12, 35
nid008353,2026/05/03 16:21:42.541, 0, GPU-3ad85384-e7dd-8c9b-13da-56f54bf334d9, NVIDIA A100-SXM4-80GB, 75029, 81920, 90, 114.99, 36
nid008353,2026/05/03 16:21:42.544, 1, GPU-3d65dc3f-116a-1dd4-937c-6e4481a765b5, NVIDIA A100-SXM4-80GB, 75019, 81920, 100, 117.74, 34
nid008353,2026/05/03 16:21:42.546, 2, GPU-338e4806-c72e-e37a-4798-dc47c2f2de03, NVIDIA A100-SXM4-80GB, 75019, 81920, 96, 116.56, 36
nid008353,2026/05/03 16:21:42.547, 3, GPU-fec40d98-ea80-e220-a49c-31ccab4741af, NVIDIA A100-SXM4-80GB, 75019, 81920, 69, 114.17, 34
nid008352,2026/05/03 16:21:45.430, 0, GPU-c8e590fe-c1df-fb38-7bf3-9ed4364cf576, NVIDIA A100-SXM4-80GB, 76665, 81920, 59, 117.61, 39
nid008352,2026/05/03 16:21:45.433, 1, GPU-5efb5c1d-1cd8-daca-bd51-2f30d62f6e1e, NVIDIA A100-SXM4-80GB, 75275, 81920, 100, 116.60, 32
nid008352,2026/05/03 16:21:45.435, 2, GPU-1d24ec01-d8bb-a3cf-73c2-7d6014d1dd4d, NVIDIA A100-SXM4-80GB, 75275, 81920, 100, 120.12, 36
nid008352,2026/05/03 16:21:45.437, 3, GPU-689a6e7c-a622-65fb-9f4d-887ba745f660, NVIDIA A100-SXM4-80GB, 75275, 81920, 100, 121.83, 33
nid008353,2026/05/03 16:21:46.283, 0, GPU-3ad85384-e7dd-8c9b-13da-56f54bf334d9, NVIDIA A100-SXM4-80GB, 75029, 81920, 99, 281.20, 39
nid008353,2026/05/03 16:21:46.287, 1, GPU-3d65dc3f-116a-1dd4-937c-6e4481a765b5, NVIDIA A100-SXM4-80GB, 75019, 81920, 100, 312.72, 36
nid008353,2026/05/03 16:21:46.289, 2, GPU-338e4806-c72e-e37a-4798-dc47c2f2de03, NVIDIA A100-SXM4-80GB, 75019, 81920, 98, 214.40, 40
nid008353,2026/05/03 16:21:46.290, 3, GPU-fec40d98-ea80-e220-a49c-31ccab4741af, NVIDIA A100-SXM4-80GB, 75019, 81920, 93, 342.52, 37
nid008352,2026/05/03 16:21:49.174, 0, GPU-c8e590fe-c1df-fb38-7bf3-9ed4364cf576, NVIDIA A100-SXM4-80GB, 76665, 81920, 70, 123.96, 35
nid008352,2026/05/03 16:21:49.177, 1, GPU-5efb5c1d-1cd8-daca-bd51-2f30d62f6e1e, NVIDIA A100-SXM4-80GB, 75275, 81920, 67, 116.31, 31
nid008352,2026/05/03 16:21:49.178, 2, GPU-1d24ec01-d8bb-a3cf-73c2-7d6014d1dd4d, NVIDIA A100-SXM4-80GB, 75275, 81920, 54, 132.90, 34
nid008352,2026/05/03 16:21:49.180, 3, GPU-689a6e7c-a622-65fb-9f4d-887ba745f660, NVIDIA A100-SXM4-80GB, 75275, 81920, 54, 113.38, 32
nid008353,2026/05/03 16:21:50.032, 0, GPU-3ad85384-e7dd-8c9b-13da-56f54bf334d9, NVIDIA A100-SXM4-80GB, 75029, 81920, 9, 111.66, 34
nid008353,2026/05/03 16:21:50.035, 1, GPU-3d65dc3f-116a-1dd4-937c-6e4481a765b5, NVIDIA A100-SXM4-80GB, 75019, 81920, 0, 127.16, 32
nid008353,2026/05/03 16:21:50.036, 2, GPU-338e4806-c72e-e37a-4798-dc47c2f2de03, NVIDIA A100-SXM4-80GB, 75019, 81920, 90, 114.85, 35
nid008353,2026/05/03 16:21:50.038, 3, GPU-fec40d98-ea80-e220-a49c-31ccab4741af, NVIDIA A100-SXM4-80GB, 75019, 81920, 29, 122.26, 32
nid008352,2026/05/03 16:21:52.919, 0, GPU-c8e590fe-c1df-fb38-7bf3-9ed4364cf576, NVIDIA A100-SXM4-80GB, 76665, 81920, 41, 113.91, 34
nid008352,2026/05/03 16:21:52.921, 1, GPU-5efb5c1d-1cd8-daca-bd51-2f30d62f6e1e, NVIDIA A100-SXM4-80GB, 75275, 81920, 100, 126.11, 31
nid008352,2026/05/03 16:21:52.923, 2, GPU-1d24ec01-d8bb-a3cf-73c2-7d6014d1dd4d, NVIDIA A100-SXM4-80GB, 75275, 81920, 100, 116.95, 34
nid008352,2026/05/03 16:21:52.924, 3, GPU-689a6e7c-a622-65fb-9f4d-887ba745f660, NVIDIA A100-SXM4-80GB, 75275, 81920, 63, 122.49, 32
nid008353,2026/05/03 16:21:53.751, 0, GPU-3ad85384-e7dd-8c9b-13da-56f54bf334d9, NVIDIA A100-SXM4-80GB, 75029, 81920, 34, 112.04, 34
nid008353,2026/05/03 16:21:53.754, 1, GPU-3d65dc3f-116a-1dd4-937c-6e4481a765b5, NVIDIA A100-SXM4-80GB, 75019, 81920, 88, 114.85, 31
nid008353,2026/05/03 16:21:53.755, 2, GPU-338e4806-c72e-e37a-4798-dc47c2f2de03, NVIDIA A100-SXM4-80GB, 75019, 81920, 48, 114.61, 35
nid008353,2026/05/03 16:21:53.757, 3, GPU-fec40d98-ea80-e220-a49c-31ccab4741af, NVIDIA A100-SXM4-80GB, 75019, 81920, 58, 110.35, 32
nid008352,2026/05/03 16:21:56.620, 0, GPU-c8e590fe-c1df-fb38-7bf3-9ed4364cf576, NVIDIA A100-SXM4-80GB, 76665, 81920, 2, 109.94, 34
nid008352,2026/05/03 16:21:56.623, 1, GPU-5efb5c1d-1cd8-daca-bd51-2f30d62f6e1e, NVIDIA A100-SXM4-80GB, 75275, 81920, 100, 118.69, 31
nid008352,2026/05/03 16:21:56.624, 2, GPU-1d24ec01-d8bb-a3cf-73c2-7d6014d1dd4d, NVIDIA A100-SXM4-80GB, 75275, 81920, 100, 114.72, 34
nid008352,2026/05/03 16:21:56.626, 3, GPU-689a6e7c-a622-65fb-9f4d-887ba745f660, NVIDIA A100-SXM4-80GB, 75275, 81920, 100, 112.72, 32
nid008353,2026/05/03 16:21:57.457, 0, GPU-3ad85384-e7dd-8c9b-13da-56f54bf334d9, NVIDIA A100-SXM4-80GB, 75029, 81920, 52, 115.23, 34
nid008353,2026/05/03 16:21:57.460, 1, GPU-3d65dc3f-116a-1dd4-937c-6e4481a765b5, NVIDIA A100-SXM4-80GB, 75019, 81920, 94, 118.55, 31
nid008353,2026/05/03 16:21:57.461, 2, GPU-338e4806-c72e-e37a-4798-dc47c2f2de03, NVIDIA A100-SXM4-80GB, 75019, 81920, 98, 114.85, 34
nid008353,2026/05/03 16:21:57.463, 3, GPU-fec40d98-ea80-e220-a49c-31ccab4741af, NVIDIA A100-SXM4-80GB, 75019, 81920, 46, 112.31, 32
nid008352,2026/05/03 16:22:00.323, 0, GPU-c8e590fe-c1df-fb38-7bf3-9ed4364cf576, NVIDIA A100-SXM4-80GB, 76665, 81920, 3, 109.70, 34
nid008352,2026/05/03 16:22:00.325, 1, GPU-5efb5c1d-1cd8-daca-bd51-2f30d62f6e1e, NVIDIA A100-SXM4-80GB, 75275, 81920, 100, 116.31, 31
nid008352,2026/05/03 16:22:00.327, 2, GPU-1d24ec01-d8bb-a3cf-73c2-7d6014d1dd4d, NVIDIA A100-SXM4-80GB, 75275, 81920, 100, 116.04, 34
nid008352,2026/05/03 16:22:00.329, 3, GPU-689a6e7c-a622-65fb-9f4d-887ba745f660, NVIDIA A100-SXM4-80GB, 75275, 81920, 100, 112.72, 32
nid008353,2026/05/03 16:22:01.175, 0, GPU-3ad85384-e7dd-8c9b-13da-56f54bf334d9, NVIDIA A100-SXM4-80GB, 75029, 81920, 40, 111.53, 34
nid008353,2026/05/03 16:22:01.178, 1, GPU-3d65dc3f-116a-1dd4-937c-6e4481a765b5, NVIDIA A100-SXM4-80GB, 75019, 81920, 72, 114.32, 31
nid008353,2026/05/03 16:22:01.179, 2, GPU-338e4806-c72e-e37a-4798-dc47c2f2de03, NVIDIA A100-SXM4-80GB, 75019, 81920, 99, 114.61, 34
nid008353,2026/05/03 16:22:01.181, 3, GPU-fec40d98-ea80-e220-a49c-31ccab4741af, NVIDIA A100-SXM4-80GB, 75019, 81920, 53, 109.93, 31
nid008352,2026/05/03 16:22:04.063, 0, GPU-c8e590fe-c1df-fb38-7bf3-9ed4364cf576, NVIDIA A100-SXM4-80GB, 76665, 81920, 1, 111.03, 34
nid008352,2026/05/03 16:22:04.071, 1, GPU-5efb5c1d-1cd8-daca-bd51-2f30d62f6e1e, NVIDIA A100-SXM4-80GB, 75275, 81920, 100, 114.45, 31
nid008352,2026/05/03 16:22:04.076, 2, GPU-1d24ec01-d8bb-a3cf-73c2-7d6014d1dd4d, NVIDIA A100-SXM4-80GB, 75275, 81920, 100, 114.72, 33
nid008352,2026/05/03 16:22:04.079, 3, GPU-689a6e7c-a622-65fb-9f4d-887ba745f660, NVIDIA A100-SXM4-80GB, 75275, 81920, 100, 112.85, 32
nid008353,2026/05/03 16:22:04.950, 0, GPU-3ad85384-e7dd-8c9b-13da-56f54bf334d9, NVIDIA A100-SXM4-80GB, 75029, 81920, 76, 111.42, 34
nid008353,2026/05/03 16:22:04.953, 1, GPU-3d65dc3f-116a-1dd4-937c-6e4481a765b5, NVIDIA A100-SXM4-80GB, 75019, 81920, 43, 114.45, 31
nid008353,2026/05/03 16:22:04.954, 2, GPU-338e4806-c72e-e37a-4798-dc47c2f2de03, NVIDIA A100-SXM4-80GB, 75019, 81920, 88, 114.61, 34
nid008353,2026/05/03 16:22:04.956, 3, GPU-fec40d98-ea80-e220-a49c-31ccab4741af, NVIDIA A100-SXM4-80GB, 75019, 81920, 70, 110.06, 31
nid008352,2026/05/03 16:22:07.896, 0, GPU-c8e590fe-c1df-fb38-7bf3-9ed4364cf576, NVIDIA A100-SXM4-80GB, 76665, 81920, 2, 109.94, 34
nid008352,2026/05/03 16:22:07.899, 1, GPU-5efb5c1d-1cd8-daca-bd51-2f30d62f6e1e, NVIDIA A100-SXM4-80GB, 75275, 81920, 100, 114.59, 31
nid008352,2026/05/03 16:22:07.901, 2, GPU-1d24ec01-d8bb-a3cf-73c2-7d6014d1dd4d, NVIDIA A100-SXM4-80GB, 75275, 81920, 100, 115.24, 33
nid008352,2026/05/03 16:22:07.905, 3, GPU-689a6e7c-a622-65fb-9f4d-887ba745f660, NVIDIA A100-SXM4-80GB, 75275, 81920, 100, 114.57, 32
nid008353,2026/05/03 16:22:08.736, 0, GPU-3ad85384-e7dd-8c9b-13da-56f54bf334d9, NVIDIA A100-SXM4-80GB, 75029, 81920, 76, 147.69, 34
nid008353,2026/05/03 16:22:08.742, 1, GPU-3d65dc3f-116a-1dd4-937c-6e4481a765b5, NVIDIA A100-SXM4-80GB, 75019, 81920, 86, 114.98, 31
nid008353,2026/05/03 16:22:08.747, 2, GPU-338e4806-c72e-e37a-4798-dc47c2f2de03, NVIDIA A100-SXM4-80GB, 75019, 81920, 99, 114.45, 34
nid008353,2026/05/03 16:22:08.752, 3, GPU-fec40d98-ea80-e220-a49c-31ccab4741af, NVIDIA A100-SXM4-80GB, 75019, 81920, 52, 110.19, 32
nid008352,2026/05/03 16:22:11.621, 0, GPU-c8e590fe-c1df-fb38-7bf3-9ed4364cf576, NVIDIA A100-SXM4-80GB, 76665, 81920, 3, 109.83, 34
nid008352,2026/05/03 16:22:11.624, 1, GPU-5efb5c1d-1cd8-daca-bd51-2f30d62f6e1e, NVIDIA A100-SXM4-80GB, 75275, 81920, 100, 114.88, 31
nid008352,2026/05/03 16:22:11.625, 2, GPU-1d24ec01-d8bb-a3cf-73c2-7d6014d1dd4d, NVIDIA A100-SXM4-80GB, 75275, 81920, 100, 114.86, 34
nid008352,2026/05/03 16:22:11.627, 3, GPU-689a6e7c-a622-65fb-9f4d-887ba745f660, NVIDIA A100-SXM4-80GB, 75275, 81920, 100, 114.32, 32
nid008353,2026/05/03 16:22:12.461, 0, GPU-3ad85384-e7dd-8c9b-13da-56f54bf334d9, NVIDIA A100-SXM4-80GB, 75029, 81920, 54, 126.78, 34
nid008353,2026/05/03 16:22:12.464, 1, GPU-3d65dc3f-116a-1dd4-937c-6e4481a765b5, NVIDIA A100-SXM4-80GB, 75019, 81920, 87, 114.45, 32
nid008353,2026/05/03 16:22:12.467, 2, GPU-338e4806-c72e-e37a-4798-dc47c2f2de03, NVIDIA A100-SXM4-80GB, 75019, 81920, 100, 123.59, 35
nid008353,2026/05/03 16:22:12.473, 3, GPU-fec40d98-ea80-e220-a49c-31ccab4741af, NVIDIA A100-SXM4-80GB, 75019, 81920, 71, 129.17, 32
nid008352,2026/05/03 16:22:15.370, 0, GPU-c8e590fe-c1df-fb38-7bf3-9ed4364cf576, NVIDIA A100-SXM4-80GB, 76665, 81920, 4, 111.16, 34
nid008352,2026/05/03 16:22:15.373, 1, GPU-5efb5c1d-1cd8-daca-bd51-2f30d62f6e1e, NVIDIA A100-SXM4-80GB, 75275, 81920, 100, 114.59, 31
nid008352,2026/05/03 16:22:15.374, 2, GPU-1d24ec01-d8bb-a3cf-73c2-7d6014d1dd4d, NVIDIA A100-SXM4-80GB, 75275, 81920, 100, 115.09, 34
nid008352,2026/05/03 16:22:15.376, 3, GPU-689a6e7c-a622-65fb-9f4d-887ba745f660, NVIDIA A100-SXM4-80GB, 75275, 81920, 100, 115.13, 32
nid008353,2026/05/03 16:22:16.237, 0, GPU-3ad85384-e7dd-8c9b-13da-56f54bf334d9, NVIDIA A100-SXM4-80GB, 75029, 81920, 30, 111.79, 34
nid008353,2026/05/03 16:22:16.243, 1, GPU-3d65dc3f-116a-1dd4-937c-6e4481a765b5, NVIDIA A100-SXM4-80GB, 75019, 81920, 78, 114.45, 32
nid008353,2026/05/03 16:22:16.252, 2, GPU-338e4806-c72e-e37a-4798-dc47c2f2de03, NVIDIA A100-SXM4-80GB, 75019, 81920, 68, 137.61, 35
nid008353,2026/05/03 16:22:16.258, 3, GPU-fec40d98-ea80-e220-a49c-31ccab4741af, NVIDIA A100-SXM4-80GB, 75019, 81920, 47, 110.19, 32
nid008352,2026/05/03 16:22:19.137, 0, GPU-c8e590fe-c1df-fb38-7bf3-9ed4364cf576, NVIDIA A100-SXM4-80GB, 76665, 81920, 2, 109.83, 34
nid008352,2026/05/03 16:22:19.140, 1, GPU-5efb5c1d-1cd8-daca-bd51-2f30d62f6e1e, NVIDIA A100-SXM4-80GB, 75275, 81920, 100, 123.88, 31
nid008352,2026/05/03 16:22:19.142, 2, GPU-1d24ec01-d8bb-a3cf-73c2-7d6014d1dd4d, NVIDIA A100-SXM4-80GB, 75275, 81920, 100, 115.90, 33
nid008352,2026/05/03 16:22:19.147, 3, GPU-689a6e7c-a622-65fb-9f4d-887ba745f660, NVIDIA A100-SXM4-80GB, 75275, 81920, 100, 112.75, 32
nid008353,2026/05/03 16:22:19.991, 0, GPU-3ad85384-e7dd-8c9b-13da-56f54bf334d9, NVIDIA A100-SXM4-80GB, 75029, 81920, 22, 111.55, 33
nid008353,2026/05/03 16:22:19.997, 1, GPU-3d65dc3f-116a-1dd4-937c-6e4481a765b5, NVIDIA A100-SXM4-80GB, 75019, 81920, 59, 114.45, 31
nid008353,2026/05/03 16:22:19.999, 2, GPU-338e4806-c72e-e37a-4798-dc47c2f2de03, NVIDIA A100-SXM4-80GB, 75019, 81920, 92, 114.45, 34
nid008353,2026/05/03 16:22:20.001, 3, GPU-fec40d98-ea80-e220-a49c-31ccab4741af, NVIDIA A100-SXM4-80GB, 75019, 81920, 98, 110.19, 31
nid008352,2026/05/03 16:22:22.882, 0, GPU-c8e590fe-c1df-fb38-7bf3-9ed4364cf576, NVIDIA A100-SXM4-80GB, 76665, 81920, 5, 132.26, 34
nid008352,2026/05/03 16:22:22.889, 1, GPU-5efb5c1d-1cd8-daca-bd51-2f30d62f6e1e, NVIDIA A100-SXM4-80GB, 75275, 81920, 100, 131.31, 31
nid008352,2026/05/03 16:22:22.893, 2, GPU-1d24ec01-d8bb-a3cf-73c2-7d6014d1dd4d, NVIDIA A100-SXM4-80GB, 75275, 81920, 100, 114.86, 34
nid008352,2026/05/03 16:22:22.895, 3, GPU-689a6e7c-a622-65fb-9f4d-887ba745f660, NVIDIA A100-SXM4-80GB, 75275, 81920, 100, 112.75, 32
nid008353,2026/05/03 16:22:23.733, 0, GPU-3ad85384-e7dd-8c9b-13da-56f54bf334d9, NVIDIA A100-SXM4-80GB, 75029, 81920, 0, 125.44, 34
nid008353,2026/05/03 16:22:23.736, 1, GPU-3d65dc3f-116a-1dd4-937c-6e4481a765b5, NVIDIA A100-SXM4-80GB, 75019, 81920, 100, 130.11, 32
nid008353,2026/05/03 16:22:23.738, 2, GPU-338e4806-c72e-e37a-4798-dc47c2f2de03, NVIDIA A100-SXM4-80GB, 75019, 81920, 100, 114.74, 34
nid008353,2026/05/03 16:22:23.739, 3, GPU-fec40d98-ea80-e220-a49c-31ccab4741af, NVIDIA A100-SXM4-80GB, 75019, 81920, 89, 146.25, 32
nid008352,2026/05/03 16:22:26.613, 0, GPU-c8e590fe-c1df-fb38-7bf3-9ed4364cf576, NVIDIA A100-SXM4-80GB, 76665, 81920, 6, 109.96, 34
nid008352,2026/05/03 16:22:26.616, 1, GPU-5efb5c1d-1cd8-daca-bd51-2f30d62f6e1e, NVIDIA A100-SXM4-80GB, 75275, 81920, 100, 114.72, 31
nid008352,2026/05/03 16:22:26.617, 2, GPU-1d24ec01-d8bb-a3cf-73c2-7d6014d1dd4d, NVIDIA A100-SXM4-80GB, 75275, 81920, 100, 116.04, 33
nid008352,2026/05/03 16:22:26.619, 3, GPU-689a6e7c-a622-65fb-9f4d-887ba745f660, NVIDIA A100-SXM4-80GB, 75275, 81920, 100, 117.22, 32
nid008353,2026/05/03 16:22:27.467, 0, GPU-3ad85384-e7dd-8c9b-13da-56f54bf334d9, NVIDIA A100-SXM4-80GB, 75029, 81920, 68, 111.66, 34
nid008353,2026/05/03 16:22:27.470, 1, GPU-3d65dc3f-116a-1dd4-937c-6e4481a765b5, NVIDIA A100-SXM4-80GB, 75019, 81920, 75, 114.74, 31
nid008353,2026/05/03 16:22:27.471, 2, GPU-338e4806-c72e-e37a-4798-dc47c2f2de03, NVIDIA A100-SXM4-80GB, 75019, 81920, 44, 114.45, 34
nid008353,2026/05/03 16:22:27.473, 3, GPU-fec40d98-ea80-e220-a49c-31ccab4741af, NVIDIA A100-SXM4-80GB, 75019, 81920, 80, 110.06, 31
nid008352,2026/05/03 16:22:30.361, 0, GPU-c8e590fe-c1df-fb38-7bf3-9ed4364cf576, NVIDIA A100-SXM4-80GB, 76665, 81920, 5, 110.07, 33
nid008352,2026/05/03 16:22:30.364, 1, GPU-5efb5c1d-1cd8-daca-bd51-2f30d62f6e1e, NVIDIA A100-SXM4-80GB, 75275, 81920, 100, 115.64, 31
nid008352,2026/05/03 16:22:30.366, 2, GPU-1d24ec01-d8bb-a3cf-73c2-7d6014d1dd4d, NVIDIA A100-SXM4-80GB, 75275, 81920, 100, 117.23, 34
nid008352,2026/05/03 16:22:30.367, 3, GPU-689a6e7c-a622-65fb-9f4d-887ba745f660, NVIDIA A100-SXM4-80GB, 75275, 81920, 100, 132.42, 32
nid008353,2026/05/03 16:22:31.248, 0, GPU-3ad85384-e7dd-8c9b-13da-56f54bf334d9, NVIDIA A100-SXM4-80GB, 75029, 81920, 11, 121.88, 34
nid008353,2026/05/03 16:22:31.250, 1, GPU-3d65dc3f-116a-1dd4-937c-6e4481a765b5, NVIDIA A100-SXM4-80GB, 75019, 81920, 78, 119.74, 32
nid008353,2026/05/03 16:22:31.252, 2, GPU-338e4806-c72e-e37a-4798-dc47c2f2de03, NVIDIA A100-SXM4-80GB, 75019, 81920, 97, 114.98, 34
nid008353,2026/05/03 16:22:31.255, 3, GPU-fec40d98-ea80-e220-a49c-31ccab4741af, NVIDIA A100-SXM4-80GB, 75019, 81920, 97, 141.94, 32
nid008352,2026/05/03 16:22:34.142, 0, GPU-c8e590fe-c1df-fb38-7bf3-9ed4364cf576, NVIDIA A100-SXM4-80GB, 76665, 81920, 3, 130.25, 34
nid008352,2026/05/03 16:22:34.145, 1, GPU-5efb5c1d-1cd8-daca-bd51-2f30d62f6e1e, NVIDIA A100-SXM4-80GB, 75275, 81920, 100, 128.65, 31
nid008352,2026/05/03 16:22:34.146, 2, GPU-1d24ec01-d8bb-a3cf-73c2-7d6014d1dd4d, NVIDIA A100-SXM4-80GB, 75275, 81920, 100, 115.90, 33
nid008352,2026/05/03 16:22:34.148, 3, GPU-689a6e7c-a622-65fb-9f4d-887ba745f660, NVIDIA A100-SXM4-80GB, 75275, 81920, 100, 113.27, 32
nid008353,2026/05/03 16:22:34.996, 0, GPU-3ad85384-e7dd-8c9b-13da-56f54bf334d9, NVIDIA A100-SXM4-80GB, 75029, 81920, 6, 111.55, 33
nid008353,2026/05/03 16:22:35.000, 1, GPU-3d65dc3f-116a-1dd4-937c-6e4481a765b5, NVIDIA A100-SXM4-80GB, 75019, 81920, 71, 114.45, 31
nid008353,2026/05/03 16:22:35.002, 2, GPU-338e4806-c72e-e37a-4798-dc47c2f2de03, NVIDIA A100-SXM4-80GB, 75019, 81920, 73, 114.45, 34
nid008353,2026/05/03 16:22:35.003, 3, GPU-fec40d98-ea80-e220-a49c-31ccab4741af, NVIDIA A100-SXM4-80GB, 75019, 81920, 84, 109.95, 31
nid008352,2026/05/03 16:22:37.868, 0, GPU-c8e590fe-c1df-fb38-7bf3-9ed4364cf576, NVIDIA A100-SXM4-80GB, 76665, 81920, 4, 111.16, 34
nid008352,2026/05/03 16:22:37.871, 1, GPU-5efb5c1d-1cd8-daca-bd51-2f30d62f6e1e, NVIDIA A100-SXM4-80GB, 75275, 81920, 100, 114.59, 31
nid008352,2026/05/03 16:22:37.872, 2, GPU-1d24ec01-d8bb-a3cf-73c2-7d6014d1dd4d, NVIDIA A100-SXM4-80GB, 75275, 81920, 100, 115.90, 33
nid008352,2026/05/03 16:22:37.874, 3, GPU-689a6e7c-a622-65fb-9f4d-887ba745f660, NVIDIA A100-SXM4-80GB, 75275, 81920, 100, 121.30, 32
nid008353,2026/05/03 16:22:38.731, 0, GPU-3ad85384-e7dd-8c9b-13da-56f54bf334d9, NVIDIA A100-SXM4-80GB, 75029, 81920, 40, 116.31, 34
nid008353,2026/05/03 16:22:38.734, 1, GPU-3d65dc3f-116a-1dd4-937c-6e4481a765b5, NVIDIA A100-SXM4-80GB, 75019, 81920, 89, 117.12, 31
nid008353,2026/05/03 16:22:38.736, 2, GPU-338e4806-c72e-e37a-4798-dc47c2f2de03, NVIDIA A100-SXM4-80GB, 75019, 81920, 35, 138.94, 35
nid008353,2026/05/03 16:22:38.738, 3, GPU-fec40d98-ea80-e220-a49c-31ccab4741af, NVIDIA A100-SXM4-80GB, 75019, 81920, 93, 111.00, 31
nid008352,2026/05/03 16:22:41.645, 0, GPU-c8e590fe-c1df-fb38-7bf3-9ed4364cf576, NVIDIA A100-SXM4-80GB, 76665, 81920, 1, 110.88, 34
nid008352,2026/05/03 16:22:41.648, 1, GPU-5efb5c1d-1cd8-daca-bd51-2f30d62f6e1e, NVIDIA A100-SXM4-80GB, 75275, 81920, 100, 115.12, 31
nid008352,2026/05/03 16:22:41.650, 2, GPU-1d24ec01-d8bb-a3cf-73c2-7d6014d1dd4d, NVIDIA A100-SXM4-80GB, 75275, 81920, 100, 116.71, 33
nid008352,2026/05/03 16:22:41.651, 3, GPU-689a6e7c-a622-65fb-9f4d-887ba745f660, NVIDIA A100-SXM4-80GB, 75275, 81920, 100, 129.80, 32
nid008353,2026/05/03 16:22:42.479, 0, GPU-3ad85384-e7dd-8c9b-13da-56f54bf334d9, NVIDIA A100-SXM4-80GB, 75029, 81920, 0, 111.53, 33
nid008353,2026/05/03 16:22:42.482, 1, GPU-3d65dc3f-116a-1dd4-937c-6e4481a765b5, NVIDIA A100-SXM4-80GB, 75019, 81920, 100, 114.32, 32
nid008353,2026/05/03 16:22:42.484, 2, GPU-338e4806-c72e-e37a-4798-dc47c2f2de03, NVIDIA A100-SXM4-80GB, 75019, 81920, 93, 129.67, 35
nid008353,2026/05/03 16:22:42.486, 3, GPU-fec40d98-ea80-e220-a49c-31ccab4741af, NVIDIA A100-SXM4-80GB, 75019, 81920, 93, 111.69, 32
nid008352,2026/05/03 16:22:45.349, 0, GPU-c8e590fe-c1df-fb38-7bf3-9ed4364cf576, NVIDIA A100-SXM4-80GB, 76665, 81920, 2, 109.83, 33
nid008352,2026/05/03 16:22:45.352, 1, GPU-5efb5c1d-1cd8-daca-bd51-2f30d62f6e1e, NVIDIA A100-SXM4-80GB, 75275, 81920, 100, 115.50, 31
nid008352,2026/05/03 16:22:45.353, 2, GPU-1d24ec01-d8bb-a3cf-73c2-7d6014d1dd4d, NVIDIA A100-SXM4-80GB, 75275, 81920, 100, 116.95, 33
nid008352,2026/05/03 16:22:45.355, 3, GPU-689a6e7c-a622-65fb-9f4d-887ba745f660, NVIDIA A100-SXM4-80GB, 75275, 81920, 100, 116.56, 32
nid008353,2026/05/03 16:22:46.179, 0, GPU-3ad85384-e7dd-8c9b-13da-56f54bf334d9, NVIDIA A100-SXM4-80GB, 75029, 81920, 8, 111.53, 33
nid008353,2026/05/03 16:22:46.181, 1, GPU-3d65dc3f-116a-1dd4-937c-6e4481a765b5, NVIDIA A100-SXM4-80GB, 75019, 81920, 93, 114.32, 31
nid008353,2026/05/03 16:22:46.183, 2, GPU-338e4806-c72e-e37a-4798-dc47c2f2de03, NVIDIA A100-SXM4-80GB, 75019, 81920, 86, 114.32, 34
nid008353,2026/05/03 16:22:46.185, 3, GPU-fec40d98-ea80-e220-a49c-31ccab4741af, NVIDIA A100-SXM4-80GB, 75019, 81920, 99, 111.16, 31
nid008352,2026/05/03 16:22:49.058, 0, GPU-c8e590fe-c1df-fb38-7bf3-9ed4364cf576, NVIDIA A100-SXM4-80GB, 76665, 81920, 5, 113.39, 33
nid008352,2026/05/03 16:22:49.061, 1, GPU-5efb5c1d-1cd8-daca-bd51-2f30d62f6e1e, NVIDIA A100-SXM4-80GB, 75275, 81920, 100, 131.24, 31
nid008352,2026/05/03 16:22:49.062, 2, GPU-1d24ec01-d8bb-a3cf-73c2-7d6014d1dd4d, NVIDIA A100-SXM4-80GB, 75275, 81920, 100, 122.20, 34
nid008352,2026/05/03 16:22:49.064, 3, GPU-689a6e7c-a622-65fb-9f4d-887ba745f660, NVIDIA A100-SXM4-80GB, 75275, 81920, 100, 112.85, 31
nid008353,2026/05/03 16:22:49.902, 0, GPU-3ad85384-e7dd-8c9b-13da-56f54bf334d9, NVIDIA A100-SXM4-80GB, 75029, 81920, 7, 135.60, 34
nid008353,2026/05/03 16:22:49.905, 1, GPU-3d65dc3f-116a-1dd4-937c-6e4481a765b5, NVIDIA A100-SXM4-80GB, 75019, 81920, 71, 141.60, 31
nid008353,2026/05/03 16:22:49.907, 2, GPU-338e4806-c72e-e37a-4798-dc47c2f2de03, NVIDIA A100-SXM4-80GB, 75019, 81920, 94, 141.43, 35
nid008353,2026/05/03 16:22:49.908, 3, GPU-fec40d98-ea80-e220-a49c-31ccab4741af, NVIDIA A100-SXM4-80GB, 75019, 81920, 97, 136.73, 32
nid008352,2026/05/03 16:22:52.806, 0, GPU-c8e590fe-c1df-fb38-7bf3-9ed4364cf576, NVIDIA A100-SXM4-80GB, 76665, 81920, 3, 133.27, 34
nid008352,2026/05/03 16:22:52.808, 1, GPU-5efb5c1d-1cd8-daca-bd51-2f30d62f6e1e, NVIDIA A100-SXM4-80GB, 75275, 81920, 100, 135.76, 31
nid008352,2026/05/03 16:22:52.810, 2, GPU-1d24ec01-d8bb-a3cf-73c2-7d6014d1dd4d, NVIDIA A100-SXM4-80GB, 75275, 81920, 100, 137.24, 33
nid008352,2026/05/03 16:22:52.811, 3, GPU-689a6e7c-a622-65fb-9f4d-887ba745f660, NVIDIA A100-SXM4-80GB, 75275, 81920, 100, 113.25, 32
nid008353,2026/05/03 16:22:53.651, 0, GPU-3ad85384-e7dd-8c9b-13da-56f54bf334d9, NVIDIA A100-SXM4-80GB, 75029, 81920, 5, 111.42, 33
nid008353,2026/05/03 16:22:53.654, 1, GPU-3d65dc3f-116a-1dd4-937c-6e4481a765b5, NVIDIA A100-SXM4-80GB, 75019, 81920, 88, 114.32, 31
nid008353,2026/05/03 16:22:53.655, 2, GPU-338e4806-c72e-e37a-4798-dc47c2f2de03, NVIDIA A100-SXM4-80GB, 75019, 81920, 73, 114.32, 34
nid008353,2026/05/03 16:22:53.661, 3, GPU-fec40d98-ea80-e220-a49c-31ccab4741af, NVIDIA A100-SXM4-80GB, 75019, 81920, 77, 111.40, 31
nid008352,2026/05/03 16:22:56.534, 0, GPU-c8e590fe-c1df-fb38-7bf3-9ed4364cf576, NVIDIA A100-SXM4-80GB, 76665, 81920, 1, 109.83, 33
nid008352,2026/05/03 16:22:56.537, 1, GPU-5efb5c1d-1cd8-daca-bd51-2f30d62f6e1e, NVIDIA A100-SXM4-80GB, 75275, 81920, 100, 114.31, 31
nid008352,2026/05/03 16:22:56.542, 2, GPU-1d24ec01-d8bb-a3cf-73c2-7d6014d1dd4d, NVIDIA A100-SXM4-80GB, 75275, 81920, 100, 115.90, 33
nid008352,2026/05/03 16:22:56.543, 3, GPU-689a6e7c-a622-65fb-9f4d-887ba745f660, NVIDIA A100-SXM4-80GB, 75275, 81920, 100, 113.66, 32
nid008353,2026/05/03 16:22:57.373, 0, GPU-3ad85384-e7dd-8c9b-13da-56f54bf334d9, NVIDIA A100-SXM4-80GB, 75029, 81920, 0, 138.10, 34
nid008353,2026/05/03 16:22:57.375, 1, GPU-3d65dc3f-116a-1dd4-937c-6e4481a765b5, NVIDIA A100-SXM4-80GB, 75019, 81920, 98, 124.64, 32
nid008353,2026/05/03 16:22:57.377, 2, GPU-338e4806-c72e-e37a-4798-dc47c2f2de03, NVIDIA A100-SXM4-80GB, 75019, 81920, 78, 136.92, 34
nid008353,2026/05/03 16:22:57.379, 3, GPU-fec40d98-ea80-e220-a49c-31ccab4741af, NVIDIA A100-SXM4-80GB, 75019, 81920, 94, 132.08, 32
nid008352,2026/05/03 16:23:00.295, 0, GPU-c8e590fe-c1df-fb38-7bf3-9ed4364cf576, NVIDIA A100-SXM4-80GB, 76665, 81920, 56, 109.70, 33
nid008352,2026/05/03 16:23:00.297, 1, GPU-5efb5c1d-1cd8-daca-bd51-2f30d62f6e1e, NVIDIA A100-SXM4-80GB, 75275, 81920, 100, 114.17, 31
nid008352,2026/05/03 16:23:00.299, 2, GPU-1d24ec01-d8bb-a3cf-73c2-7d6014d1dd4d, NVIDIA A100-SXM4-80GB, 75275, 81920, 100, 115.76, 33
nid008352,2026/05/03 16:23:00.301, 3, GPU-689a6e7c-a622-65fb-9f4d-887ba745f660, NVIDIA A100-SXM4-80GB, 75275, 81920, 100, 114.71, 31
nid008353,2026/05/03 16:23:01.151, 0, GPU-3ad85384-e7dd-8c9b-13da-56f54bf334d9, NVIDIA A100-SXM4-80GB, 75029, 81920, 9, 127.95, 33
nid008353,2026/05/03 16:23:01.154, 1, GPU-3d65dc3f-116a-1dd4-937c-6e4481a765b5, NVIDIA A100-SXM4-80GB, 75019, 81920, 83, 119.60, 31
nid008353,2026/05/03 16:23:01.156, 2, GPU-338e4806-c72e-e37a-4798-dc47c2f2de03, NVIDIA A100-SXM4-80GB, 75019, 81920, 100, 114.17, 34
nid008353,2026/05/03 16:23:01.157, 3, GPU-fec40d98-ea80-e220-a49c-31ccab4741af, NVIDIA A100-SXM4-80GB, 75019, 81920, 98, 141.49, 32
nid008352,2026/05/03 16:23:04.136, 0, GPU-c8e590fe-c1df-fb38-7bf3-9ed4364cf576, NVIDIA A100-SXM4-80GB, 76665, 81920, 6, 114.20, 33
nid008352,2026/05/03 16:23:04.139, 1, GPU-5efb5c1d-1cd8-daca-bd51-2f30d62f6e1e, NVIDIA A100-SXM4-80GB, 75275, 81920, 100, 115.26, 31
nid008352,2026/05/03 16:23:04.142, 2, GPU-1d24ec01-d8bb-a3cf-73c2-7d6014d1dd4d, NVIDIA A100-SXM4-80GB, 75275, 81920, 100, 131.95, 33
nid008352,2026/05/03 16:23:04.144, 3, GPU-689a6e7c-a622-65fb-9f4d-887ba745f660, NVIDIA A100-SXM4-80GB, 75275, 81920, 100, 112.62, 31
nid008353,2026/05/03 16:23:04.987, 0, GPU-3ad85384-e7dd-8c9b-13da-56f54bf334d9, NVIDIA A100-SXM4-80GB, 75029, 81920, 79, 111.42, 33
nid008353,2026/05/03 16:23:04.993, 1, GPU-3d65dc3f-116a-1dd4-937c-6e4481a765b5, NVIDIA A100-SXM4-80GB, 75019, 81920, 44, 114.32, 31
nid008353,2026/05/03 16:23:04.997, 2, GPU-338e4806-c72e-e37a-4798-dc47c2f2de03, NVIDIA A100-SXM4-80GB, 75019, 81920, 82, 114.32, 34
nid008353,2026/05/03 16:23:05.004, 3, GPU-fec40d98-ea80-e220-a49c-31ccab4741af, NVIDIA A100-SXM4-80GB, 75019, 81920, 99, 111.27, 31
nid008352,2026/05/03 16:23:07.867, 0, GPU-c8e590fe-c1df-fb38-7bf3-9ed4364cf576, NVIDIA A100-SXM4-80GB, 76665, 81920, 3, 109.70, 34
nid008352,2026/05/03 16:23:07.869, 1, GPU-5efb5c1d-1cd8-daca-bd51-2f30d62f6e1e, NVIDIA A100-SXM4-80GB, 75275, 81920, 100, 115.40, 31
nid008352,2026/05/03 16:23:07.871, 2, GPU-1d24ec01-d8bb-a3cf-73c2-7d6014d1dd4d, NVIDIA A100-SXM4-80GB, 75275, 81920, 100, 115.76, 33
nid008352,2026/05/03 16:23:07.872, 3, GPU-689a6e7c-a622-65fb-9f4d-887ba745f660, NVIDIA A100-SXM4-80GB, 75275, 81920, 100, 118.04, 31
nid008353,2026/05/03 16:23:08.710, 0, GPU-3ad85384-e7dd-8c9b-13da-56f54bf334d9, NVIDIA A100-SXM4-80GB, 75029, 81920, 5, 111.53, 33
nid008353,2026/05/03 16:23:08.717, 1, GPU-3d65dc3f-116a-1dd4-937c-6e4481a765b5, NVIDIA A100-SXM4-80GB, 75019, 81920, 99, 114.32, 31
nid008353,2026/05/03 16:23:08.725, 2, GPU-338e4806-c72e-e37a-4798-dc47c2f2de03, NVIDIA A100-SXM4-80GB, 75019, 81920, 86, 114.32, 34
nid008353,2026/05/03 16:23:08.731, 3, GPU-fec40d98-ea80-e220-a49c-31ccab4741af, NVIDIA A100-SXM4-80GB, 75019, 81920, 98, 111.16, 31
nid008352,2026/05/03 16:23:11.608, 0, GPU-c8e590fe-c1df-fb38-7bf3-9ed4364cf576, NVIDIA A100-SXM4-80GB, 76665, 81920, 3, 109.83, 33
nid008352,2026/05/03 16:23:11.611, 1, GPU-5efb5c1d-1cd8-daca-bd51-2f30d62f6e1e, NVIDIA A100-SXM4-80GB, 75275, 81920, 100, 114.45, 31
nid008352,2026/05/03 16:23:11.612, 2, GPU-1d24ec01-d8bb-a3cf-73c2-7d6014d1dd4d, NVIDIA A100-SXM4-80GB, 75275, 81920, 100, 115.90, 33
nid008352,2026/05/03 16:23:11.614, 3, GPU-689a6e7c-a622-65fb-9f4d-887ba745f660, NVIDIA A100-SXM4-80GB, 75275, 81920, 100, 120.12, 32
nid008353,2026/05/03 16:23:12.476, 0, GPU-3ad85384-e7dd-8c9b-13da-56f54bf334d9, NVIDIA A100-SXM4-80GB, 75029, 81920, 91, 120.26, 33
nid008353,2026/05/03 16:23:12.479, 1, GPU-3d65dc3f-116a-1dd4-937c-6e4481a765b5, NVIDIA A100-SXM4-80GB, 75019, 81920, 100, 114.32, 31
nid008353,2026/05/03 16:23:12.481, 2, GPU-338e4806-c72e-e37a-4798-dc47c2f2de03, NVIDIA A100-SXM4-80GB, 75019, 81920, 82, 114.45, 34
nid008353,2026/05/03 16:23:12.482, 3, GPU-fec40d98-ea80-e220-a49c-31ccab4741af, NVIDIA A100-SXM4-80GB, 75019, 81920, 27, 111.69, 31
nid008352,2026/05/03 16:23:15.361, 0, GPU-c8e590fe-c1df-fb38-7bf3-9ed4364cf576, NVIDIA A100-SXM4-80GB, 76665, 81920, 2, 111.53, 33
nid008352,2026/05/03 16:23:15.363, 1, GPU-5efb5c1d-1cd8-daca-bd51-2f30d62f6e1e, NVIDIA A100-SXM4-80GB, 75275, 81920, 100, 123.36, 31
nid008352,2026/05/03 16:23:15.365, 2, GPU-1d24ec01-d8bb-a3cf-73c2-7d6014d1dd4d, NVIDIA A100-SXM4-80GB, 75275, 81920, 100, 120.41, 33
nid008352,2026/05/03 16:23:15.366, 3, GPU-689a6e7c-a622-65fb-9f4d-887ba745f660, NVIDIA A100-SXM4-80GB, 75275, 81920, 100, 112.47, 31
nid008353,2026/05/03 16:23:16.209, 0, GPU-3ad85384-e7dd-8c9b-13da-56f54bf334d9, NVIDIA A100-SXM4-80GB, 75029, 81920, 9, 113.65, 33
nid008353,2026/05/03 16:23:16.212, 1, GPU-3d65dc3f-116a-1dd4-937c-6e4481a765b5, NVIDIA A100-SXM4-80GB, 75019, 81920, 98, 131.76, 31
nid008353,2026/05/03 16:23:16.213, 2, GPU-338e4806-c72e-e37a-4798-dc47c2f2de03, NVIDIA A100-SXM4-80GB, 75019, 81920, 96, 127.68, 34
nid008353,2026/05/03 16:23:16.215, 3, GPU-fec40d98-ea80-e220-a49c-31ccab4741af, NVIDIA A100-SXM4-80GB, 75019, 81920, 86, 147.47, 31
nid008352,2026/05/03 16:23:19.092, 0, GPU-c8e590fe-c1df-fb38-7bf3-9ed4364cf576, NVIDIA A100-SXM4-80GB, 76665, 81920, 2, 109.94, 33
nid008352,2026/05/03 16:23:19.096, 1, GPU-5efb5c1d-1cd8-daca-bd51-2f30d62f6e1e, NVIDIA A100-SXM4-80GB, 75275, 81920, 100, 116.03, 31
nid008352,2026/05/03 16:23:19.098, 2, GPU-1d24ec01-d8bb-a3cf-73c2-7d6014d1dd4d, NVIDIA A100-SXM4-80GB, 75275, 81920, 100, 116.57, 33
nid008352,2026/05/03 16:23:19.099, 3, GPU-689a6e7c-a622-65fb-9f4d-887ba745f660, NVIDIA A100-SXM4-80GB, 75275, 81920, 100, 126.71, 31
nid008353,2026/05/03 16:23:19.944, 0, GPU-3ad85384-e7dd-8c9b-13da-56f54bf334d9, NVIDIA A100-SXM4-80GB, 75029, 81920, 1, 127.95, 33
nid008353,2026/05/03 16:23:19.946, 1, GPU-3d65dc3f-116a-1dd4-937c-6e4481a765b5, NVIDIA A100-SXM4-80GB, 75019, 81920, 94, 118.32, 31
nid008353,2026/05/03 16:23:19.948, 2, GPU-338e4806-c72e-e37a-4798-dc47c2f2de03, NVIDIA A100-SXM4-80GB, 75019, 81920, 91, 137.97, 34
nid008353,2026/05/03 16:23:19.949, 3, GPU-fec40d98-ea80-e220-a49c-31ccab4741af, NVIDIA A100-SXM4-80GB, 75019, 81920, 96, 110.59, 31
nid008352,2026/05/03 16:23:22.833, 0, GPU-c8e590fe-c1df-fb38-7bf3-9ed4364cf576, NVIDIA A100-SXM4-80GB, 76665, 81920, 4, 110.63, 34
nid008352,2026/05/03 16:23:22.836, 1, GPU-5efb5c1d-1cd8-daca-bd51-2f30d62f6e1e, NVIDIA A100-SXM4-80GB, 75275, 81920, 100, 119.60, 31
nid008352,2026/05/03 16:23:22.837, 2, GPU-1d24ec01-d8bb-a3cf-73c2-7d6014d1dd4d, NVIDIA A100-SXM4-80GB, 75275, 81920, 100, 118.94, 33
nid008352,2026/05/03 16:23:22.839, 3, GPU-689a6e7c-a622-65fb-9f4d-887ba745f660, NVIDIA A100-SXM4-80GB, 75275, 81920, 100, 112.48, 31
nid008353,2026/05/03 16:23:23.723, 0, GPU-3ad85384-e7dd-8c9b-13da-56f54bf334d9, NVIDIA A100-SXM4-80GB, 75029, 81920, 32, 136.92, 34
nid008353,2026/05/03 16:23:23.726, 1, GPU-3d65dc3f-116a-1dd4-937c-6e4481a765b5, NVIDIA A100-SXM4-80GB, 75019, 81920, 88, 148.04, 31
nid008353,2026/05/03 16:23:23.728, 2, GPU-338e4806-c72e-e37a-4798-dc47c2f2de03, NVIDIA A100-SXM4-80GB, 75019, 81920, 99, 131.76, 35
nid008353,2026/05/03 16:23:23.729, 3, GPU-fec40d98-ea80-e220-a49c-31ccab4741af, NVIDIA A100-SXM4-80GB, 75019, 81920, 89, 124.26, 32
nid008352,2026/05/03 16:23:26.650, 0, GPU-c8e590fe-c1df-fb38-7bf3-9ed4364cf576, NVIDIA A100-SXM4-80GB, 76665, 81920, 5, 132.46, 33
nid008352,2026/05/03 16:23:26.653, 1, GPU-5efb5c1d-1cd8-daca-bd51-2f30d62f6e1e, NVIDIA A100-SXM4-80GB, 75275, 81920, 100, 114.32, 31
nid008352,2026/05/03 16:23:26.654, 2, GPU-1d24ec01-d8bb-a3cf-73c2-7d6014d1dd4d, NVIDIA A100-SXM4-80GB, 75275, 81920, 100, 115.76, 33
nid008352,2026/05/03 16:23:26.656, 3, GPU-689a6e7c-a622-65fb-9f4d-887ba745f660, NVIDIA A100-SXM4-80GB, 75275, 81920, 100, 117.37, 31
nid008353,2026/05/03 16:23:27.519, 0, GPU-3ad85384-e7dd-8c9b-13da-56f54bf334d9, NVIDIA A100-SXM4-80GB, 75029, 81920, 0, 135.08, 34
nid008353,2026/05/03 16:23:27.522, 1, GPU-3d65dc3f-116a-1dd4-937c-6e4481a765b5, NVIDIA A100-SXM4-80GB, 75019, 81920, 100, 114.32, 31
nid008353,2026/05/03 16:23:27.524, 2, GPU-338e4806-c72e-e37a-4798-dc47c2f2de03, NVIDIA A100-SXM4-80GB, 75019, 81920, 100, 113.90, 34
nid008353,2026/05/03 16:23:27.525, 3, GPU-fec40d98-ea80-e220-a49c-31ccab4741af, NVIDIA A100-SXM4-80GB, 75019, 81920, 100, 111.40, 31
nid008352,2026/05/03 16:23:30.409, 0, GPU-c8e590fe-c1df-fb38-7bf3-9ed4364cf576, NVIDIA A100-SXM4-80GB, 76665, 81920, 1, 111.03, 33
nid008352,2026/05/03 16:23:30.412, 1, GPU-5efb5c1d-1cd8-daca-bd51-2f30d62f6e1e, NVIDIA A100-SXM4-80GB, 75275, 81920, 100, 119.60, 31
nid008352,2026/05/03 16:23:30.414, 2, GPU-1d24ec01-d8bb-a3cf-73c2-7d6014d1dd4d, NVIDIA A100-SXM4-80GB, 75275, 81920, 100, 116.04, 33
nid008352,2026/05/03 16:23:30.415, 3, GPU-689a6e7c-a622-65fb-9f4d-887ba745f660, NVIDIA A100-SXM4-80GB, 75275, 81920, 100, 112.72, 31
nid008353,2026/05/03 16:23:31.252, 0, GPU-3ad85384-e7dd-8c9b-13da-56f54bf334d9, NVIDIA A100-SXM4-80GB, 75029, 81920, 44, 111.42, 33
nid008353,2026/05/03 16:23:31.254, 1, GPU-3d65dc3f-116a-1dd4-937c-6e4481a765b5, NVIDIA A100-SXM4-80GB, 75019, 81920, 84, 114.17, 31
nid008353,2026/05/03 16:23:31.256, 2, GPU-338e4806-c72e-e37a-4798-dc47c2f2de03, NVIDIA A100-SXM4-80GB, 75019, 81920, 75, 114.32, 34
nid008353,2026/05/03 16:23:31.258, 3, GPU-fec40d98-ea80-e220-a49c-31ccab4741af, NVIDIA A100-SXM4-80GB, 75019, 81920, 93, 111.16, 31
nid008352,2026/05/03 16:23:34.123, 0, GPU-c8e590fe-c1df-fb38-7bf3-9ed4364cf576, NVIDIA A100-SXM4-80GB, 76665, 81920, 2, 109.41, 33
nid008352,2026/05/03 16:23:34.126, 1, GPU-5efb5c1d-1cd8-daca-bd51-2f30d62f6e1e, NVIDIA A100-SXM4-80GB, 75275, 81920, 100, 114.98, 31
nid008352,2026/05/03 16:23:34.128, 2, GPU-1d24ec01-d8bb-a3cf-73c2-7d6014d1dd4d, NVIDIA A100-SXM4-80GB, 75275, 81920, 100, 114.96, 33
nid008352,2026/05/03 16:23:34.132, 3, GPU-689a6e7c-a622-65fb-9f4d-887ba745f660, NVIDIA A100-SXM4-80GB, 75275, 81920, 100, 112.48, 31
nid008353,2026/05/03 16:23:34.986, 0, GPU-3ad85384-e7dd-8c9b-13da-56f54bf334d9, NVIDIA A100-SXM4-80GB, 75029, 81920, 2, 120.79, 34
nid008353,2026/05/03 16:23:34.989, 1, GPU-3d65dc3f-116a-1dd4-937c-6e4481a765b5, NVIDIA A100-SXM4-80GB, 75019, 81920, 90, 131.76, 32
nid008353,2026/05/03 16:23:34.990, 2, GPU-338e4806-c72e-e37a-4798-dc47c2f2de03, NVIDIA A100-SXM4-80GB, 75019, 81920, 93, 114.85, 34
nid008353,2026/05/03 16:23:34.992, 3, GPU-fec40d98-ea80-e220-a49c-31ccab4741af, NVIDIA A100-SXM4-80GB, 75019, 81920, 86, 135.24, 32
nid008352,2026/05/03 16:23:37.924, 0, GPU-c8e590fe-c1df-fb38-7bf3-9ed4364cf576, NVIDIA A100-SXM4-80GB, 76665, 81920, 5, 114.20, 33
nid008352,2026/05/03 16:23:37.926, 1, GPU-5efb5c1d-1cd8-daca-bd51-2f30d62f6e1e, NVIDIA A100-SXM4-80GB, 75275, 81920, 100, 114.45, 31
nid008352,2026/05/03 16:23:37.928, 2, GPU-1d24ec01-d8bb-a3cf-73c2-7d6014d1dd4d, NVIDIA A100-SXM4-80GB, 75275, 81920, 100, 137.93, 33
nid008352,2026/05/03 16:23:37.932, 3, GPU-689a6e7c-a622-65fb-9f4d-887ba745f660, NVIDIA A100-SXM4-80GB, 75275, 81920, 100, 113.66, 31
nid008353,2026/05/03 16:23:38.775, 0, GPU-3ad85384-e7dd-8c9b-13da-56f54bf334d9, NVIDIA A100-SXM4-80GB, 75029, 81920, 0, 111.29, 33
nid008353,2026/05/03 16:23:38.778, 1, GPU-3d65dc3f-116a-1dd4-937c-6e4481a765b5, NVIDIA A100-SXM4-80GB, 75019, 81920, 96, 114.04, 31
nid008353,2026/05/03 16:23:38.780, 2, GPU-338e4806-c72e-e37a-4798-dc47c2f2de03, NVIDIA A100-SXM4-80GB, 75019, 81920, 100, 114.32, 34
nid008353,2026/05/03 16:23:38.781, 3, GPU-fec40d98-ea80-e220-a49c-31ccab4741af, NVIDIA A100-SXM4-80GB, 75019, 81920, 100, 111.16, 31
nid008352,2026/05/03 16:23:41.650, 0, GPU-c8e590fe-c1df-fb38-7bf3-9ed4364cf576, NVIDIA A100-SXM4-80GB, 76665, 81920, 2, 116.28, 33
nid008352,2026/05/03 16:23:41.653, 1, GPU-5efb5c1d-1cd8-daca-bd51-2f30d62f6e1e, NVIDIA A100-SXM4-80GB, 75275, 81920, 100, 114.45, 31
nid008352,2026/05/03 16:23:41.654, 2, GPU-1d24ec01-d8bb-a3cf-73c2-7d6014d1dd4d, NVIDIA A100-SXM4-80GB, 75275, 81920, 100, 114.72, 33
nid008352,2026/05/03 16:23:41.656, 3, GPU-689a6e7c-a622-65fb-9f4d-887ba745f660, NVIDIA A100-SXM4-80GB, 75275, 81920, 100, 115.23, 31
nid008353,2026/05/03 16:23:42.479, 0, GPU-3ad85384-e7dd-8c9b-13da-56f54bf334d9, NVIDIA A100-SXM4-80GB, 75029, 81920, 49, 111.29, 33
nid008353,2026/05/03 16:23:42.481, 1, GPU-3d65dc3f-116a-1dd4-937c-6e4481a765b5, NVIDIA A100-SXM4-80GB, 75019, 81920, 97, 114.32, 31
nid008353,2026/05/03 16:23:42.483, 2, GPU-338e4806-c72e-e37a-4798-dc47c2f2de03, NVIDIA A100-SXM4-80GB, 75019, 81920, 71, 114.32, 34
nid008353,2026/05/03 16:23:42.484, 3, GPU-fec40d98-ea80-e220-a49c-31ccab4741af, NVIDIA A100-SXM4-80GB, 75019, 81920, 62, 109.93, 31
nid008352,2026/05/03 16:23:45.346, 0, GPU-c8e590fe-c1df-fb38-7bf3-9ed4364cf576, NVIDIA A100-SXM4-80GB, 76665, 81920, 2, 111.16, 33
nid008352,2026/05/03 16:23:45.349, 1, GPU-5efb5c1d-1cd8-daca-bd51-2f30d62f6e1e, NVIDIA A100-SXM4-80GB, 75275, 81920, 100, 114.31, 31
nid008352,2026/05/03 16:23:45.351, 2, GPU-1d24ec01-d8bb-a3cf-73c2-7d6014d1dd4d, NVIDIA A100-SXM4-80GB, 75275, 81920, 100, 114.72, 33
nid008352,2026/05/03 16:23:45.352, 3, GPU-689a6e7c-a622-65fb-9f4d-887ba745f660, NVIDIA A100-SXM4-80GB, 75275, 81920, 100, 112.85, 31
nid008353,2026/05/03 16:23:46.178, 0, GPU-3ad85384-e7dd-8c9b-13da-56f54bf334d9, NVIDIA A100-SXM4-80GB, 75029, 81920, 0, 111.66, 33
nid008353,2026/05/03 16:23:46.181, 1, GPU-3d65dc3f-116a-1dd4-937c-6e4481a765b5, NVIDIA A100-SXM4-80GB, 75019, 81920, 100, 114.17, 31
nid008353,2026/05/03 16:23:46.182, 2, GPU-338e4806-c72e-e37a-4798-dc47c2f2de03, NVIDIA A100-SXM4-80GB, 75019, 81920, 100, 134.27, 34
nid008353,2026/05/03 16:23:46.184, 3, GPU-fec40d98-ea80-e220-a49c-31ccab4741af, NVIDIA A100-SXM4-80GB, 75019, 81920, 100, 118.46, 31
nid008352,2026/05/03 16:23:49.075, 0, GPU-c8e590fe-c1df-fb38-7bf3-9ed4364cf576, NVIDIA A100-SXM4-80GB, 76665, 81920, 100, 110.50, 34
nid008352,2026/05/03 16:23:49.078, 1, GPU-5efb5c1d-1cd8-daca-bd51-2f30d62f6e1e, NVIDIA A100-SXM4-80GB, 75275, 81920, 100, 114.74, 32
nid008352,2026/05/03 16:23:49.079, 2, GPU-1d24ec01-d8bb-a3cf-73c2-7d6014d1dd4d, NVIDIA A100-SXM4-80GB, 75275, 81920, 100, 115.48, 34
nid008352,2026/05/03 16:23:49.081, 3, GPU-689a6e7c-a622-65fb-9f4d-887ba745f660, NVIDIA A100-SXM4-80GB, 75275, 81920, 100, 113.38, 33
nid008353,2026/05/03 16:23:49.937, 0, GPU-3ad85384-e7dd-8c9b-13da-56f54bf334d9, NVIDIA A100-SXM4-80GB, 75029, 81920, 13, 111.94, 34
nid008353,2026/05/03 16:23:49.940, 1, GPU-3d65dc3f-116a-1dd4-937c-6e4481a765b5, NVIDIA A100-SXM4-80GB, 75019, 81920, 33, 114.61, 32
nid008353,2026/05/03 16:23:49.942, 2, GPU-338e4806-c72e-e37a-4798-dc47c2f2de03, NVIDIA A100-SXM4-80GB, 75019, 81920, 46, 114.85, 35
nid008353,2026/05/03 16:23:49.943, 3, GPU-fec40d98-ea80-e220-a49c-31ccab4741af, NVIDIA A100-SXM4-80GB, 75019, 81920, 100, 111.69, 32
nid008352,2026/05/03 16:23:52.842, 0, GPU-c8e590fe-c1df-fb38-7bf3-9ed4364cf576, NVIDIA A100-SXM4-80GB, 76665, 81920, 100, 111.54, 34
nid008352,2026/05/03 16:23:52.846, 1, GPU-5efb5c1d-1cd8-daca-bd51-2f30d62f6e1e, NVIDIA A100-SXM4-80GB, 75275, 81920, 100, 114.74, 31
nid008352,2026/05/03 16:23:52.850, 2, GPU-1d24ec01-d8bb-a3cf-73c2-7d6014d1dd4d, NVIDIA A100-SXM4-80GB, 75275, 81920, 100, 115.24, 34
nid008352,2026/05/03 16:23:52.852, 3, GPU-689a6e7c-a622-65fb-9f4d-887ba745f660, NVIDIA A100-SXM4-80GB, 75275, 81920, 100, 113.00, 32
nid008353,2026/05/03 16:23:53.712, 0, GPU-3ad85384-e7dd-8c9b-13da-56f54bf334d9, NVIDIA A100-SXM4-80GB, 75029, 81920, 100, 112.04, 34
nid008353,2026/05/03 16:23:53.716, 1, GPU-3d65dc3f-116a-1dd4-937c-6e4481a765b5, NVIDIA A100-SXM4-80GB, 75019, 81920, 100, 116.18, 32
nid008353,2026/05/03 16:23:53.718, 2, GPU-338e4806-c72e-e37a-4798-dc47c2f2de03, NVIDIA A100-SXM4-80GB, 75019, 81920, 100, 114.85, 35
nid008353,2026/05/03 16:23:53.719, 3, GPU-fec40d98-ea80-e220-a49c-31ccab4741af, NVIDIA A100-SXM4-80GB, 75019, 81920, 100, 111.40, 32
nid008352,2026/05/03 16:23:56.606, 0, GPU-c8e590fe-c1df-fb38-7bf3-9ed4364cf576, NVIDIA A100-SXM4-80GB, 76665, 81920, 100, 111.91, 35
nid008352,2026/05/03 16:23:56.613, 1, GPU-5efb5c1d-1cd8-daca-bd51-2f30d62f6e1e, NVIDIA A100-SXM4-80GB, 75275, 81920, 100, 115.12, 32
nid008352,2026/05/03 16:23:56.619, 2, GPU-1d24ec01-d8bb-a3cf-73c2-7d6014d1dd4d, NVIDIA A100-SXM4-80GB, 75275, 81920, 100, 115.48, 35
nid008352,2026/05/03 16:23:56.624, 3, GPU-689a6e7c-a622-65fb-9f4d-887ba745f660, NVIDIA A100-SXM4-80GB, 75275, 81920, 100, 113.25, 33
nid008353,2026/05/03 16:23:57.470, 0, GPU-3ad85384-e7dd-8c9b-13da-56f54bf334d9, NVIDIA A100-SXM4-80GB, 75029, 81920, 61, 121.30, 35
nid008353,2026/05/03 16:23:57.473, 1, GPU-3d65dc3f-116a-1dd4-937c-6e4481a765b5, NVIDIA A100-SXM4-80GB, 75019, 81920, 30, 114.85, 32
nid008353,2026/05/03 16:23:57.475, 2, GPU-338e4806-c72e-e37a-4798-dc47c2f2de03, NVIDIA A100-SXM4-80GB, 75019, 81920, 94, 115.65, 36
nid008353,2026/05/03 16:23:57.479, 3, GPU-fec40d98-ea80-e220-a49c-31ccab4741af, NVIDIA A100-SXM4-80GB, 75019, 81920, 100, 111.69, 33
nid008352,2026/05/03 16:24:00.352, 0, GPU-c8e590fe-c1df-fb38-7bf3-9ed4364cf576, NVIDIA A100-SXM4-80GB, 76665, 81920, 24, 111.78, 34
nid008352,2026/05/03 16:24:00.357, 1, GPU-5efb5c1d-1cd8-daca-bd51-2f30d62f6e1e, NVIDIA A100-SXM4-80GB, 75275, 81920, 86, 114.45, 31
nid008352,2026/05/03 16:24:00.362, 2, GPU-1d24ec01-d8bb-a3cf-73c2-7d6014d1dd4d, NVIDIA A100-SXM4-80GB, 75275, 81920, 100, 117.23, 34
nid008352,2026/05/03 16:24:00.367, 3, GPU-689a6e7c-a622-65fb-9f4d-887ba745f660, NVIDIA A100-SXM4-80GB, 75275, 81920, 53, 113.14, 32
nid008353,2026/05/03 16:24:01.199, 0, GPU-3ad85384-e7dd-8c9b-13da-56f54bf334d9, NVIDIA A100-SXM4-80GB, 75029, 81920, 1, 114.47, 34
nid008353,2026/05/03 16:24:01.202, 1, GPU-3d65dc3f-116a-1dd4-937c-6e4481a765b5, NVIDIA A100-SXM4-80GB, 75019, 81920, 70, 136.64, 32
nid008353,2026/05/03 16:24:01.204, 2, GPU-338e4806-c72e-e37a-4798-dc47c2f2de03, NVIDIA A100-SXM4-80GB, 75019, 81920, 48, 131.89, 35
nid008353,2026/05/03 16:24:01.205, 3, GPU-fec40d98-ea80-e220-a49c-31ccab4741af, NVIDIA A100-SXM4-80GB, 75019, 81920, 75, 127.68, 32
nid008352,2026/05/03 16:24:04.084, 0, GPU-c8e590fe-c1df-fb38-7bf3-9ed4364cf576, NVIDIA A100-SXM4-80GB, 76665, 81920, 2, 116.04, 34
nid008352,2026/05/03 16:24:04.091, 1, GPU-5efb5c1d-1cd8-daca-bd51-2f30d62f6e1e, NVIDIA A100-SXM4-80GB, 75275, 81920, 100, 114.45, 31
nid008352,2026/05/03 16:24:04.096, 2, GPU-1d24ec01-d8bb-a3cf-73c2-7d6014d1dd4d, NVIDIA A100-SXM4-80GB, 75275, 81920, 100, 134.99, 34
nid008352,2026/05/03 16:24:04.101, 3, GPU-689a6e7c-a622-65fb-9f4d-887ba745f660, NVIDIA A100-SXM4-80GB, 75275, 81920, 100, 115.90, 32
nid008353,2026/05/03 16:24:04.953, 0, GPU-3ad85384-e7dd-8c9b-13da-56f54bf334d9, NVIDIA A100-SXM4-80GB, 75029, 81920, 76, 111.29, 33
nid008353,2026/05/03 16:24:04.956, 1, GPU-3d65dc3f-116a-1dd4-937c-6e4481a765b5, NVIDIA A100-SXM4-80GB, 75019, 81920, 45, 114.17, 31
nid008353,2026/05/03 16:24:04.958, 2, GPU-338e4806-c72e-e37a-4798-dc47c2f2de03, NVIDIA A100-SXM4-80GB, 75019, 81920, 60, 114.47, 34
nid008353,2026/05/03 16:24:04.959, 3, GPU-fec40d98-ea80-e220-a49c-31ccab4741af, NVIDIA A100-SXM4-80GB, 75019, 81920, 29, 111.16, 31
nid008352,2026/05/03 16:24:07.827, 0, GPU-c8e590fe-c1df-fb38-7bf3-9ed4364cf576, NVIDIA A100-SXM4-80GB, 76665, 81920, 1, 110.88, 33
nid008352,2026/05/03 16:24:07.829, 1, GPU-5efb5c1d-1cd8-daca-bd51-2f30d62f6e1e, NVIDIA A100-SXM4-80GB, 75275, 81920, 100, 117.36, 31
nid008352,2026/05/03 16:24:07.831, 2, GPU-1d24ec01-d8bb-a3cf-73c2-7d6014d1dd4d, NVIDIA A100-SXM4-80GB, 75275, 81920, 100, 114.72, 33
nid008352,2026/05/03 16:24:07.833, 3, GPU-689a6e7c-a622-65fb-9f4d-887ba745f660, NVIDIA A100-SXM4-80GB, 75275, 81920, 100, 112.62, 31
nid008353,2026/05/03 16:24:08.688, 0, GPU-3ad85384-e7dd-8c9b-13da-56f54bf334d9, NVIDIA A100-SXM4-80GB, 75029, 81920, 54, 111.42, 33
nid008353,2026/05/03 16:24:08.695, 1, GPU-3d65dc3f-116a-1dd4-937c-6e4481a765b5, NVIDIA A100-SXM4-80GB, 75019, 81920, 52, 114.32, 31
nid008353,2026/05/03 16:24:08.699, 2, GPU-338e4806-c72e-e37a-4798-dc47c2f2de03, NVIDIA A100-SXM4-80GB, 75019, 81920, 37, 114.32, 34
nid008353,2026/05/03 16:24:08.705, 3, GPU-fec40d98-ea80-e220-a49c-31ccab4741af, NVIDIA A100-SXM4-80GB, 75019, 81920, 94, 111.27, 31
nid008352,2026/05/03 16:24:11.595, 0, GPU-c8e590fe-c1df-fb38-7bf3-9ed4364cf576, NVIDIA A100-SXM4-80GB, 76665, 81920, 4, 110.61, 33
nid008352,2026/05/03 16:24:11.597, 1, GPU-5efb5c1d-1cd8-daca-bd51-2f30d62f6e1e, NVIDIA A100-SXM4-80GB, 75275, 81920, 100, 114.31, 31
nid008352,2026/05/03 16:24:11.599, 2, GPU-1d24ec01-d8bb-a3cf-73c2-7d6014d1dd4d, NVIDIA A100-SXM4-80GB, 75275, 81920, 100, 119.17, 33
nid008352,2026/05/03 16:24:11.600, 3, GPU-689a6e7c-a622-65fb-9f4d-887ba745f660, NVIDIA A100-SXM4-80GB, 75275, 81920, 100, 113.14, 31
nid008353,2026/05/03 16:24:12.457, 0, GPU-3ad85384-e7dd-8c9b-13da-56f54bf334d9, NVIDIA A100-SXM4-80GB, 75029, 81920, 18, 111.53, 33
nid008353,2026/05/03 16:24:12.460, 1, GPU-3d65dc3f-116a-1dd4-937c-6e4481a765b5, NVIDIA A100-SXM4-80GB, 75019, 81920, 74, 114.32, 31
nid008353,2026/05/03 16:24:12.462, 2, GPU-338e4806-c72e-e37a-4798-dc47c2f2de03, NVIDIA A100-SXM4-80GB, 75019, 81920, 94, 114.74, 34
nid008353,2026/05/03 16:24:12.463, 3, GPU-fec40d98-ea80-e220-a49c-31ccab4741af, NVIDIA A100-SXM4-80GB, 75019, 81920, 94, 110.06, 31
nid008352,2026/05/03 16:24:15.329, 0, GPU-c8e590fe-c1df-fb38-7bf3-9ed4364cf576, NVIDIA A100-SXM4-80GB, 76665, 81920, 1, 110.74, 33
nid008352,2026/05/03 16:24:15.332, 1, GPU-5efb5c1d-1cd8-daca-bd51-2f30d62f6e1e, NVIDIA A100-SXM4-80GB, 75275, 81920, 100, 117.12, 31
nid008352,2026/05/03 16:24:15.334, 2, GPU-1d24ec01-d8bb-a3cf-73c2-7d6014d1dd4d, NVIDIA A100-SXM4-80GB, 75275, 81920, 100, 114.72, 33
nid008352,2026/05/03 16:24:15.335, 3, GPU-689a6e7c-a622-65fb-9f4d-887ba745f660, NVIDIA A100-SXM4-80GB, 75275, 81920, 100, 112.62, 31
nid008353,2026/05/03 16:24:16.185, 0, GPU-3ad85384-e7dd-8c9b-13da-56f54bf334d9, NVIDIA A100-SXM4-80GB, 75029, 81920, 56, 111.55, 33
nid008353,2026/05/03 16:24:16.188, 1, GPU-3d65dc3f-116a-1dd4-937c-6e4481a765b5, NVIDIA A100-SXM4-80GB, 75019, 81920, 42, 114.45, 31
nid008353,2026/05/03 16:24:16.189, 2, GPU-338e4806-c72e-e37a-4798-dc47c2f2de03, NVIDIA A100-SXM4-80GB, 75019, 81920, 60, 114.45, 34
nid008353,2026/05/03 16:24:16.191, 3, GPU-fec40d98-ea80-e220-a49c-31ccab4741af, NVIDIA A100-SXM4-80GB, 75019, 81920, 62, 109.95, 31
nid008352,2026/05/03 16:24:19.093, 0, GPU-c8e590fe-c1df-fb38-7bf3-9ed4364cf576, NVIDIA A100-SXM4-80GB, 76665, 81920, 5, 115.91, 33
nid008352,2026/05/03 16:24:19.096, 1, GPU-5efb5c1d-1cd8-daca-bd51-2f30d62f6e1e, NVIDIA A100-SXM4-80GB, 75275, 81920, 100, 115.40, 31
nid008352,2026/05/03 16:24:19.097, 2, GPU-1d24ec01-d8bb-a3cf-73c2-7d6014d1dd4d, NVIDIA A100-SXM4-80GB, 75275, 81920, 100, 114.72, 33
nid008352,2026/05/03 16:24:19.099, 3, GPU-689a6e7c-a622-65fb-9f4d-887ba745f660, NVIDIA A100-SXM4-80GB, 75275, 81920, 100, 121.16, 31
nid008353,2026/05/03 16:24:19.925, 0, GPU-3ad85384-e7dd-8c9b-13da-56f54bf334d9, NVIDIA A100-SXM4-80GB, 75029, 81920, 5, 111.53, 33
nid008353,2026/05/03 16:24:19.927, 1, GPU-3d65dc3f-116a-1dd4-937c-6e4481a765b5, NVIDIA A100-SXM4-80GB, 75019, 81920, 100, 114.61, 31
nid008353,2026/05/03 16:24:19.929, 2, GPU-338e4806-c72e-e37a-4798-dc47c2f2de03, NVIDIA A100-SXM4-80GB, 75019, 81920, 99, 114.85, 34
nid008353,2026/05/03 16:24:19.930, 3, GPU-fec40d98-ea80-e220-a49c-31ccab4741af, NVIDIA A100-SXM4-80GB, 75019, 81920, 91, 111.16, 31
nid008352,2026/05/03 16:24:22.781, 0, GPU-c8e590fe-c1df-fb38-7bf3-9ed4364cf576, NVIDIA A100-SXM4-80GB, 76665, 81920, 4, 110.74, 33
nid008352,2026/05/03 16:24:22.784, 1, GPU-5efb5c1d-1cd8-daca-bd51-2f30d62f6e1e, NVIDIA A100-SXM4-80GB, 75275, 81920, 100, 119.88, 31
nid008352,2026/05/03 16:24:22.785, 2, GPU-1d24ec01-d8bb-a3cf-73c2-7d6014d1dd4d, NVIDIA A100-SXM4-80GB, 75275, 81920, 100, 116.28, 33
nid008352,2026/05/03 16:24:22.787, 3, GPU-689a6e7c-a622-65fb-9f4d-887ba745f660, NVIDIA A100-SXM4-80GB, 75275, 81920, 100, 112.72, 32
nid008353,2026/05/03 16:24:23.635, 0, GPU-3ad85384-e7dd-8c9b-13da-56f54bf334d9, NVIDIA A100-SXM4-80GB, 75029, 81920, 0, 132.42, 34
nid008353,2026/05/03 16:24:23.638, 1, GPU-3d65dc3f-116a-1dd4-937c-6e4481a765b5, NVIDIA A100-SXM4-80GB, 75019, 81920, 100, 125.07, 31
nid008353,2026/05/03 16:24:23.640, 2, GPU-338e4806-c72e-e37a-4798-dc47c2f2de03, NVIDIA A100-SXM4-80GB, 75019, 81920, 100, 114.45, 34
nid008353,2026/05/03 16:24:23.642, 3, GPU-fec40d98-ea80-e220-a49c-31ccab4741af, NVIDIA A100-SXM4-80GB, 75019, 81920, 100, 122.40, 31
nid008352,2026/05/03 16:24:26.511, 0, GPU-c8e590fe-c1df-fb38-7bf3-9ed4364cf576, NVIDIA A100-SXM4-80GB, 76665, 81920, 1, 111.26, 33
nid008352,2026/05/03 16:24:26.515, 1, GPU-5efb5c1d-1cd8-daca-bd51-2f30d62f6e1e, NVIDIA A100-SXM4-80GB, 75275, 81920, 100, 114.45, 31
nid008352,2026/05/03 16:24:26.516, 2, GPU-1d24ec01-d8bb-a3cf-73c2-7d6014d1dd4d, NVIDIA A100-SXM4-80GB, 75275, 81920, 100, 118.13, 33
nid008352,2026/05/03 16:24:26.518, 3, GPU-689a6e7c-a622-65fb-9f4d-887ba745f660, NVIDIA A100-SXM4-80GB, 75275, 81920, 100, 112.85, 31
nid008353,2026/05/03 16:24:27.372, 0, GPU-3ad85384-e7dd-8c9b-13da-56f54bf334d9, NVIDIA A100-SXM4-80GB, 75029, 81920, 4, 111.53, 33
nid008353,2026/05/03 16:24:27.375, 1, GPU-3d65dc3f-116a-1dd4-937c-6e4481a765b5, NVIDIA A100-SXM4-80GB, 75019, 81920, 84, 116.31, 31
nid008353,2026/05/03 16:24:27.376, 2, GPU-338e4806-c72e-e37a-4798-dc47c2f2de03, NVIDIA A100-SXM4-80GB, 75019, 81920, 79, 121.21, 34
nid008353,2026/05/03 16:24:27.378, 3, GPU-fec40d98-ea80-e220-a49c-31ccab4741af, NVIDIA A100-SXM4-80GB, 75019, 81920, 97, 111.79, 31
nid008352,2026/05/03 16:24:30.239, 0, GPU-c8e590fe-c1df-fb38-7bf3-9ed4364cf576, NVIDIA A100-SXM4-80GB, 76665, 81920, 11, 111.03, 33
nid008352,2026/05/03 16:24:30.242, 1, GPU-5efb5c1d-1cd8-daca-bd51-2f30d62f6e1e, NVIDIA A100-SXM4-80GB, 75275, 81920, 100, 142.82, 31
nid008352,2026/05/03 16:24:30.244, 2, GPU-1d24ec01-d8bb-a3cf-73c2-7d6014d1dd4d, NVIDIA A100-SXM4-80GB, 75275, 81920, 100, 115.09, 33
nid008352,2026/05/03 16:24:30.245, 3, GPU-689a6e7c-a622-65fb-9f4d-887ba745f660, NVIDIA A100-SXM4-80GB, 75275, 81920, 100, 112.62, 31
nid008353,2026/05/03 16:24:31.099, 0, GPU-3ad85384-e7dd-8c9b-13da-56f54bf334d9, NVIDIA A100-SXM4-80GB, 75029, 81920, 25, 111.81, 33
nid008353,2026/05/03 16:24:31.105, 1, GPU-3d65dc3f-116a-1dd4-937c-6e4481a765b5, NVIDIA A100-SXM4-80GB, 75019, 81920, 44, 119.07, 31
nid008353,2026/05/03 16:24:31.110, 2, GPU-338e4806-c72e-e37a-4798-dc47c2f2de03, NVIDIA A100-SXM4-80GB, 75019, 81920, 75, 114.47, 34
nid008353,2026/05/03 16:24:31.115, 3, GPU-fec40d98-ea80-e220-a49c-31ccab4741af, NVIDIA A100-SXM4-80GB, 75019, 81920, 94, 111.40, 31
nid008352,2026/05/03 16:24:33.990, 0, GPU-c8e590fe-c1df-fb38-7bf3-9ed4364cf576, NVIDIA A100-SXM4-80GB, 76665, 81920, 4, 133.55, 33
nid008352,2026/05/03 16:24:33.996, 1, GPU-5efb5c1d-1cd8-daca-bd51-2f30d62f6e1e, NVIDIA A100-SXM4-80GB, 75275, 81920, 100, 114.17, 31
nid008352,2026/05/03 16:24:34.001, 2, GPU-1d24ec01-d8bb-a3cf-73c2-7d6014d1dd4d, NVIDIA A100-SXM4-80GB, 75275, 81920, 100, 115.91, 33
nid008352,2026/05/03 16:24:34.005, 3, GPU-689a6e7c-a622-65fb-9f4d-887ba745f660, NVIDIA A100-SXM4-80GB, 75275, 81920, 100, 112.72, 31
nid008353,2026/05/03 16:24:34.871, 0, GPU-3ad85384-e7dd-8c9b-13da-56f54bf334d9, NVIDIA A100-SXM4-80GB, 75029, 81920, 0, 111.42, 34
nid008353,2026/05/03 16:24:34.877, 1, GPU-3d65dc3f-116a-1dd4-937c-6e4481a765b5, NVIDIA A100-SXM4-80GB, 75019, 81920, 94, 129.24, 32
nid008353,2026/05/03 16:24:34.883, 2, GPU-338e4806-c72e-e37a-4798-dc47c2f2de03, NVIDIA A100-SXM4-80GB, 75019, 81920, 89, 124.11, 35
nid008353,2026/05/03 16:24:34.890, 3, GPU-fec40d98-ea80-e220-a49c-31ccab4741af, NVIDIA A100-SXM4-80GB, 75019, 81920, 100, 126.93, 32
nid008352,2026/05/03 16:24:37.761, 0, GPU-c8e590fe-c1df-fb38-7bf3-9ed4364cf576, NVIDIA A100-SXM4-80GB, 76665, 81920, 2, 113.76, 33
nid008352,2026/05/03 16:24:37.764, 1, GPU-5efb5c1d-1cd8-daca-bd51-2f30d62f6e1e, NVIDIA A100-SXM4-80GB, 75275, 81920, 100, 115.50, 31
nid008352,2026/05/03 16:24:37.765, 2, GPU-1d24ec01-d8bb-a3cf-73c2-7d6014d1dd4d, NVIDIA A100-SXM4-80GB, 75275, 81920, 100, 141.46, 33
nid008352,2026/05/03 16:24:37.767, 3, GPU-689a6e7c-a622-65fb-9f4d-887ba745f660, NVIDIA A100-SXM4-80GB, 75275, 81920, 100, 120.26, 32
nid008353,2026/05/03 16:24:38.613, 0, GPU-3ad85384-e7dd-8c9b-13da-56f54bf334d9, NVIDIA A100-SXM4-80GB, 75029, 81920, 72, 111.29, 33
nid008353,2026/05/03 16:24:38.621, 1, GPU-3d65dc3f-116a-1dd4-937c-6e4481a765b5, NVIDIA A100-SXM4-80GB, 75019, 81920, 51, 114.32, 31
nid008353,2026/05/03 16:24:38.623, 2, GPU-338e4806-c72e-e37a-4798-dc47c2f2de03, NVIDIA A100-SXM4-80GB, 75019, 81920, 99, 114.32, 34
nid008353,2026/05/03 16:24:38.625, 3, GPU-fec40d98-ea80-e220-a49c-31ccab4741af, NVIDIA A100-SXM4-80GB, 75019, 81920, 96, 111.03, 31
nid008352,2026/05/03 16:24:41.498, 0, GPU-c8e590fe-c1df-fb38-7bf3-9ed4364cf576, NVIDIA A100-SXM4-80GB, 76665, 81920, 2, 113.39, 33
nid008352,2026/05/03 16:24:41.500, 1, GPU-5efb5c1d-1cd8-daca-bd51-2f30d62f6e1e, NVIDIA A100-SXM4-80GB, 75275, 81920, 100, 116.31, 31
nid008352,2026/05/03 16:24:41.502, 2, GPU-1d24ec01-d8bb-a3cf-73c2-7d6014d1dd4d, NVIDIA A100-SXM4-80GB, 75275, 81920, 100, 114.72, 33
nid008352,2026/05/03 16:24:41.504, 3, GPU-689a6e7c-a622-65fb-9f4d-887ba745f660, NVIDIA A100-SXM4-80GB, 75275, 81920, 100, 121.97, 31
nid008353,2026/05/03 16:24:42.325, 0, GPU-3ad85384-e7dd-8c9b-13da-56f54bf334d9, NVIDIA A100-SXM4-80GB, 75029, 81920, 48, 111.53, 33
nid008353,2026/05/03 16:24:42.328, 1, GPU-3d65dc3f-116a-1dd4-937c-6e4481a765b5, NVIDIA A100-SXM4-80GB, 75019, 81920, 100, 116.99, 31
nid008353,2026/05/03 16:24:42.330, 2, GPU-338e4806-c72e-e37a-4798-dc47c2f2de03, NVIDIA A100-SXM4-80GB, 75019, 81920, 100, 127.67, 34
nid008353,2026/05/03 16:24:42.331, 3, GPU-fec40d98-ea80-e220-a49c-31ccab4741af, NVIDIA A100-SXM4-80GB, 75019, 81920, 100, 112.31, 31
nid008352,2026/05/03 16:24:45.220, 0, GPU-c8e590fe-c1df-fb38-7bf3-9ed4364cf576, NVIDIA A100-SXM4-80GB, 76665, 81920, 3, 109.70, 33
nid008352,2026/05/03 16:24:45.228, 1, GPU-5efb5c1d-1cd8-daca-bd51-2f30d62f6e1e, NVIDIA A100-SXM4-80GB, 75275, 81920, 100, 144.22, 31
nid008352,2026/05/03 16:24:45.234, 2, GPU-1d24ec01-d8bb-a3cf-73c2-7d6014d1dd4d, NVIDIA A100-SXM4-80GB, 75275, 81920, 100, 114.72, 33
nid008352,2026/05/03 16:24:45.240, 3, GPU-689a6e7c-a622-65fb-9f4d-887ba745f660, NVIDIA A100-SXM4-80GB, 75275, 81920, 100, 112.62, 31
nid008353,2026/05/03 16:24:46.081, 0, GPU-3ad85384-e7dd-8c9b-13da-56f54bf334d9, NVIDIA A100-SXM4-80GB, 75029, 81920, 57, 132.54, 33
nid008353,2026/05/03 16:24:46.084, 1, GPU-3d65dc3f-116a-1dd4-937c-6e4481a765b5, NVIDIA A100-SXM4-80GB, 75019, 81920, 94, 139.82, 31
nid008353,2026/05/03 16:24:46.086, 2, GPU-338e4806-c72e-e37a-4798-dc47c2f2de03, NVIDIA A100-SXM4-80GB, 75019, 81920, 100, 115.36, 34
nid008353,2026/05/03 16:24:46.091, 3, GPU-fec40d98-ea80-e220-a49c-31ccab4741af, NVIDIA A100-SXM4-80GB, 75019, 81920, 33, 109.93, 31
nid008352,2026/05/03 16:24:48.983, 0, GPU-c8e590fe-c1df-fb38-7bf3-9ed4364cf576, NVIDIA A100-SXM4-80GB, 76665, 81920, 1, 112.59, 34
nid008352,2026/05/03 16:24:48.987, 1, GPU-5efb5c1d-1cd8-daca-bd51-2f30d62f6e1e, NVIDIA A100-SXM4-80GB, 75275, 81920, 100, 131.00, 31
nid008352,2026/05/03 16:24:48.989, 2, GPU-1d24ec01-d8bb-a3cf-73c2-7d6014d1dd4d, NVIDIA A100-SXM4-80GB, 75275, 81920, 100, 140.30, 34
nid008352,2026/05/03 16:24:48.990, 3, GPU-689a6e7c-a622-65fb-9f4d-887ba745f660, NVIDIA A100-SXM4-80GB, 75275, 81920, 100, 125.95, 32
nid008353,2026/05/03 16:24:49.879, 0, GPU-3ad85384-e7dd-8c9b-13da-56f54bf334d9, NVIDIA A100-SXM4-80GB, 75029, 81920, 99, 111.42, 33
nid008353,2026/05/03 16:24:49.884, 1, GPU-3d65dc3f-116a-1dd4-937c-6e4481a765b5, NVIDIA A100-SXM4-80GB, 75019, 81920, 83, 114.17, 31
nid008353,2026/05/03 16:24:49.890, 2, GPU-338e4806-c72e-e37a-4798-dc47c2f2de03, NVIDIA A100-SXM4-80GB, 75019, 81920, 2, 114.32, 34
nid008353,2026/05/03 16:24:49.895, 3, GPU-fec40d98-ea80-e220-a49c-31ccab4741af, NVIDIA A100-SXM4-80GB, 75019, 81920, 60, 111.00, 31
nid008352,2026/05/03 16:24:52.750, 0, GPU-c8e590fe-c1df-fb38-7bf3-9ed4364cf576, NVIDIA A100-SXM4-80GB, 76665, 81920, 100, 125.52, 33
nid008352,2026/05/03 16:24:52.753, 1, GPU-5efb5c1d-1cd8-daca-bd51-2f30d62f6e1e, NVIDIA A100-SXM4-80GB, 75275, 81920, 72, 122.26, 31
nid008352,2026/05/03 16:24:52.754, 2, GPU-1d24ec01-d8bb-a3cf-73c2-7d6014d1dd4d, NVIDIA A100-SXM4-80GB, 75275, 81920, 73, 114.72, 33
nid008352,2026/05/03 16:24:52.756, 3, GPU-689a6e7c-a622-65fb-9f4d-887ba745f660, NVIDIA A100-SXM4-80GB, 75275, 81920, 22, 130.04, 32
nid008353,2026/05/03 16:24:53.609, 0, GPU-3ad85384-e7dd-8c9b-13da-56f54bf334d9, NVIDIA A100-SXM4-80GB, 75029, 81920, 87, 130.85, 33
nid008353,2026/05/03 16:24:53.615, 1, GPU-3d65dc3f-116a-1dd4-937c-6e4481a765b5, NVIDIA A100-SXM4-80GB, 75019, 81920, 74, 114.32, 31
nid008353,2026/05/03 16:24:53.620, 2, GPU-338e4806-c72e-e37a-4798-dc47c2f2de03, NVIDIA A100-SXM4-80GB, 75019, 81920, 0, 138.26, 35
nid008353,2026/05/03 16:24:53.626, 3, GPU-fec40d98-ea80-e220-a49c-31ccab4741af, NVIDIA A100-SXM4-80GB, 75019, 81920, 1, 121.59, 32
nid008352,2026/05/03 16:24:56.523, 0, GPU-c8e590fe-c1df-fb38-7bf3-9ed4364cf576, NVIDIA A100-SXM4-80GB, 76665, 81920, 100, 110.74, 33
nid008352,2026/05/03 16:24:56.525, 1, GPU-5efb5c1d-1cd8-daca-bd51-2f30d62f6e1e, NVIDIA A100-SXM4-80GB, 75275, 81920, 100, 117.64, 31
nid008352,2026/05/03 16:24:56.527, 2, GPU-1d24ec01-d8bb-a3cf-73c2-7d6014d1dd4d, NVIDIA A100-SXM4-80GB, 75275, 81920, 73, 128.26, 33
nid008352,2026/05/03 16:24:56.528, 3, GPU-689a6e7c-a622-65fb-9f4d-887ba745f660, NVIDIA A100-SXM4-80GB, 75275, 81920, 8, 122.78, 31
nid008353,2026/05/03 16:24:57.373, 0, GPU-3ad85384-e7dd-8c9b-13da-56f54bf334d9, NVIDIA A100-SXM4-80GB, 75029, 81920, 93, 129.37, 34
nid008353,2026/05/03 16:24:57.376, 1, GPU-3d65dc3f-116a-1dd4-937c-6e4481a765b5, NVIDIA A100-SXM4-80GB, 75019, 81920, 71, 118.55, 31
nid008353,2026/05/03 16:24:57.378, 2, GPU-338e4806-c72e-e37a-4798-dc47c2f2de03, NVIDIA A100-SXM4-80GB, 75019, 81920, 95, 117.74, 34
nid008353,2026/05/03 16:24:57.380, 3, GPU-fec40d98-ea80-e220-a49c-31ccab4741af, NVIDIA A100-SXM4-80GB, 75019, 81920, 59, 111.55, 31
nid008352,2026/05/03 16:25:00.258, 0, GPU-c8e590fe-c1df-fb38-7bf3-9ed4364cf576, NVIDIA A100-SXM4-80GB, 76665, 81920, 100, 113.76, 34
nid008352,2026/05/03 16:25:00.260, 1, GPU-5efb5c1d-1cd8-daca-bd51-2f30d62f6e1e, NVIDIA A100-SXM4-80GB, 75275, 81920, 100, 131.24, 31
nid008352,2026/05/03 16:25:00.265, 2, GPU-1d24ec01-d8bb-a3cf-73c2-7d6014d1dd4d, NVIDIA A100-SXM4-80GB, 75275, 81920, 100, 124.56, 33
nid008352,2026/05/03 16:25:00.267, 3, GPU-689a6e7c-a622-65fb-9f4d-887ba745f660, NVIDIA A100-SXM4-80GB, 75275, 81920, 31, 112.20, 31
nid008353,2026/05/03 16:25:01.120, 0, GPU-3ad85384-e7dd-8c9b-13da-56f54bf334d9, NVIDIA A100-SXM4-80GB, 75029, 81920, 70, 131.89, 34
nid008353,2026/05/03 16:25:01.123, 1, GPU-3d65dc3f-116a-1dd4-937c-6e4481a765b5, NVIDIA A100-SXM4-80GB, 75019, 81920, 15, 127.82, 31
nid008353,2026/05/03 16:25:01.125, 2, GPU-338e4806-c72e-e37a-4798-dc47c2f2de03, NVIDIA A100-SXM4-80GB, 75019, 81920, 87, 114.61, 35
nid008353,2026/05/03 16:25:01.126, 3, GPU-fec40d98-ea80-e220-a49c-31ccab4741af, NVIDIA A100-SXM4-80GB, 75019, 81920, 13, 132.49, 32
nid008352,2026/05/03 16:25:03.976, 0, GPU-c8e590fe-c1df-fb38-7bf3-9ed4364cf576, NVIDIA A100-SXM4-80GB, 76665, 81920, 100, 112.35, 34
nid008352,2026/05/03 16:25:03.979, 1, GPU-5efb5c1d-1cd8-daca-bd51-2f30d62f6e1e, NVIDIA A100-SXM4-80GB, 75275, 81920, 86, 122.78, 31
nid008352,2026/05/03 16:25:03.981, 2, GPU-1d24ec01-d8bb-a3cf-73c2-7d6014d1dd4d, NVIDIA A100-SXM4-80GB, 75275, 81920, 84, 124.56, 33
nid008352,2026/05/03 16:25:03.982, 3, GPU-689a6e7c-a622-65fb-9f4d-887ba745f660, NVIDIA A100-SXM4-80GB, 75275, 81920, 55, 125.67, 32
nid008353,2026/05/03 16:25:04.814, 0, GPU-3ad85384-e7dd-8c9b-13da-56f54bf334d9, NVIDIA A100-SXM4-80GB, 75029, 81920, 98, 113.27, 33
nid008353,2026/05/03 16:25:04.817, 1, GPU-3d65dc3f-116a-1dd4-937c-6e4481a765b5, NVIDIA A100-SXM4-80GB, 75019, 81920, 63, 130.48, 31
nid008353,2026/05/03 16:25:04.818, 2, GPU-338e4806-c72e-e37a-4798-dc47c2f2de03, NVIDIA A100-SXM4-80GB, 75019, 81920, 78, 114.32, 34
nid008353,2026/05/03 16:25:04.820, 3, GPU-fec40d98-ea80-e220-a49c-31ccab4741af, NVIDIA A100-SXM4-80GB, 75019, 81920, 72, 109.82, 31
nid008352,2026/05/03 16:25:07.680, 0, GPU-c8e590fe-c1df-fb38-7bf3-9ed4364cf576, NVIDIA A100-SXM4-80GB, 76665, 81920, 100, 116.57, 34
nid008352,2026/05/03 16:25:07.683, 1, GPU-5efb5c1d-1cd8-daca-bd51-2f30d62f6e1e, NVIDIA A100-SXM4-80GB, 75275, 81920, 87, 129.15, 31
nid008352,2026/05/03 16:25:07.684, 2, GPU-1d24ec01-d8bb-a3cf-73c2-7d6014d1dd4d, NVIDIA A100-SXM4-80GB, 75275, 81920, 34, 135.40, 33
nid008352,2026/05/03 16:25:07.686, 3, GPU-689a6e7c-a622-65fb-9f4d-887ba745f660, NVIDIA A100-SXM4-80GB, 75275, 81920, 80, 124.10, 32
nid008353,2026/05/03 16:25:08.546, 0, GPU-3ad85384-e7dd-8c9b-13da-56f54bf334d9, NVIDIA A100-SXM4-80GB, 75029, 81920, 57, 120.12, 34
nid008353,2026/05/03 16:25:08.548, 1, GPU-3d65dc3f-116a-1dd4-937c-6e4481a765b5, NVIDIA A100-SXM4-80GB, 75019, 81920, 32, 114.32, 32
nid008353,2026/05/03 16:25:08.550, 2, GPU-338e4806-c72e-e37a-4798-dc47c2f2de03, NVIDIA A100-SXM4-80GB, 75019, 81920, 54, 114.32, 34
nid008353,2026/05/03 16:25:08.552, 3, GPU-fec40d98-ea80-e220-a49c-31ccab4741af, NVIDIA A100-SXM4-80GB, 75019, 81920, 3, 111.16, 31
nid008352,2026/05/03 16:25:11.396, 0, GPU-c8e590fe-c1df-fb38-7bf3-9ed4364cf576, NVIDIA A100-SXM4-80GB, 76665, 81920, 100, 134.47, 34
nid008352,2026/05/03 16:25:11.399, 1, GPU-5efb5c1d-1cd8-daca-bd51-2f30d62f6e1e, NVIDIA A100-SXM4-80GB, 75275, 81920, 92, 122.92, 31
nid008352,2026/05/03 16:25:11.401, 2, GPU-1d24ec01-d8bb-a3cf-73c2-7d6014d1dd4d, NVIDIA A100-SXM4-80GB, 75275, 81920, 79, 127.89, 33
nid008352,2026/05/03 16:25:11.402, 3, GPU-689a6e7c-a622-65fb-9f4d-887ba745f660, NVIDIA A100-SXM4-80GB, 75275, 81920, 51, 123.44, 32
nid008353,2026/05/03 16:25:12.215, 0, GPU-3ad85384-e7dd-8c9b-13da-56f54bf334d9, NVIDIA A100-SXM4-80GB, 75029, 81920, 31, 112.18, 33
nid008353,2026/05/03 16:25:12.217, 1, GPU-3d65dc3f-116a-1dd4-937c-6e4481a765b5, NVIDIA A100-SXM4-80GB, 75019, 81920, 86, 119.88, 31
nid008353,2026/05/03 16:25:12.219, 2, GPU-338e4806-c72e-e37a-4798-dc47c2f2de03, NVIDIA A100-SXM4-80GB, 75019, 81920, 35, 114.61, 34
nid008353,2026/05/03 16:25:12.221, 3, GPU-fec40d98-ea80-e220-a49c-31ccab4741af, NVIDIA A100-SXM4-80GB, 75019, 81920, 19, 113.02, 31
nid008352,2026/05/03 16:25:15.106, 0, GPU-c8e590fe-c1df-fb38-7bf3-9ed4364cf576, NVIDIA A100-SXM4-80GB, 76665, 81920, 100, 110.50, 34
nid008352,2026/05/03 16:25:15.109, 1, GPU-5efb5c1d-1cd8-daca-bd51-2f30d62f6e1e, NVIDIA A100-SXM4-80GB, 75275, 81920, 100, 118.17, 31
nid008352,2026/05/03 16:25:15.110, 2, GPU-1d24ec01-d8bb-a3cf-73c2-7d6014d1dd4d, NVIDIA A100-SXM4-80GB, 75275, 81920, 82, 121.31, 33
nid008352,2026/05/03 16:25:15.112, 3, GPU-689a6e7c-a622-65fb-9f4d-887ba745f660, NVIDIA A100-SXM4-80GB, 75275, 81920, 26, 119.46, 31
nid008353,2026/05/03 16:25:15.939, 0, GPU-3ad85384-e7dd-8c9b-13da-56f54bf334d9, NVIDIA A100-SXM4-80GB, 75029, 81920, 4, 111.81, 34
nid008353,2026/05/03 16:25:15.941, 1, GPU-3d65dc3f-116a-1dd4-937c-6e4481a765b5, NVIDIA A100-SXM4-80GB, 75019, 81920, 73, 140.34, 32
nid008353,2026/05/03 16:25:15.944, 2, GPU-338e4806-c72e-e37a-4798-dc47c2f2de03, NVIDIA A100-SXM4-80GB, 75019, 81920, 37, 131.61, 35
nid008353,2026/05/03 16:25:15.946, 3, GPU-fec40d98-ea80-e220-a49c-31ccab4741af, NVIDIA A100-SXM4-80GB, 75019, 81920, 54, 111.03, 32
nid008352,2026/05/03 16:25:18.802, 0, GPU-c8e590fe-c1df-fb38-7bf3-9ed4364cf576, NVIDIA A100-SXM4-80GB, 76665, 81920, 100, 128.02, 34
nid008352,2026/05/03 16:25:18.805, 1, GPU-5efb5c1d-1cd8-daca-bd51-2f30d62f6e1e, NVIDIA A100-SXM4-80GB, 75275, 81920, 100, 114.74, 31
nid008352,2026/05/03 16:25:18.806, 2, GPU-1d24ec01-d8bb-a3cf-73c2-7d6014d1dd4d, NVIDIA A100-SXM4-80GB, 75275, 81920, 66, 114.58, 33
nid008352,2026/05/03 16:25:18.808, 3, GPU-689a6e7c-a622-65fb-9f4d-887ba745f660, NVIDIA A100-SXM4-80GB, 75275, 81920, 28, 113.38, 32
nid008353,2026/05/03 16:25:19.649, 0, GPU-3ad85384-e7dd-8c9b-13da-56f54bf334d9, NVIDIA A100-SXM4-80GB, 75029, 81920, 23, 125.30, 34
nid008353,2026/05/03 16:25:19.652, 1, GPU-3d65dc3f-116a-1dd4-937c-6e4481a765b5, NVIDIA A100-SXM4-80GB, 75019, 81920, 98, 117.74, 31
nid008353,2026/05/03 16:25:19.654, 2, GPU-338e4806-c72e-e37a-4798-dc47c2f2de03, NVIDIA A100-SXM4-80GB, 75019, 81920, 29, 134.79, 35
nid008353,2026/05/03 16:25:19.655, 3, GPU-fec40d98-ea80-e220-a49c-31ccab4741af, NVIDIA A100-SXM4-80GB, 75019, 81920, 73, 125.30, 32
nid008352,2026/05/03 16:25:22.530, 0, GPU-c8e590fe-c1df-fb38-7bf3-9ed4364cf576, NVIDIA A100-SXM4-80GB, 76665, 81920, 81, 122.63, 34
nid008352,2026/05/03 16:25:22.533, 1, GPU-5efb5c1d-1cd8-daca-bd51-2f30d62f6e1e, NVIDIA A100-SXM4-80GB, 75275, 81920, 100, 114.61, 31
nid008352,2026/05/03 16:25:22.534, 2, GPU-1d24ec01-d8bb-a3cf-73c2-7d6014d1dd4d, NVIDIA A100-SXM4-80GB, 75275, 81920, 100, 115.10, 33
nid008352,2026/05/03 16:25:22.536, 3, GPU-689a6e7c-a622-65fb-9f4d-887ba745f660, NVIDIA A100-SXM4-80GB, 75275, 81920, 22, 112.85, 32
nid008353,2026/05/03 16:25:23.379, 0, GPU-3ad85384-e7dd-8c9b-13da-56f54bf334d9, NVIDIA A100-SXM4-80GB, 75029, 81920, 95, 111.29, 33
nid008353,2026/05/03 16:25:23.382, 1, GPU-3d65dc3f-116a-1dd4-937c-6e4481a765b5, NVIDIA A100-SXM4-80GB, 75019, 81920, 45, 114.32, 31
nid008353,2026/05/03 16:25:23.384, 2, GPU-338e4806-c72e-e37a-4798-dc47c2f2de03, NVIDIA A100-SXM4-80GB, 75019, 81920, 64, 114.32, 34
nid008353,2026/05/03 16:25:23.385, 3, GPU-fec40d98-ea80-e220-a49c-31ccab4741af, NVIDIA A100-SXM4-80GB, 75019, 81920, 0, 111.03, 31
nid008352,2026/05/03 16:25:26.262, 0, GPU-c8e590fe-c1df-fb38-7bf3-9ed4364cf576, NVIDIA A100-SXM4-80GB, 76665, 81920, 90, 111.16, 34
nid008352,2026/05/03 16:25:26.265, 1, GPU-5efb5c1d-1cd8-daca-bd51-2f30d62f6e1e, NVIDIA A100-SXM4-80GB, 75275, 81920, 100, 114.98, 31
nid008352,2026/05/03 16:25:26.266, 2, GPU-1d24ec01-d8bb-a3cf-73c2-7d6014d1dd4d, NVIDIA A100-SXM4-80GB, 75275, 81920, 100, 115.76, 33
nid008352,2026/05/03 16:25:26.268, 3, GPU-689a6e7c-a622-65fb-9f4d-887ba745f660, NVIDIA A100-SXM4-80GB, 75275, 81920, 2, 113.38, 31
nid008353,2026/05/03 16:25:27.170, 0, GPU-3ad85384-e7dd-8c9b-13da-56f54bf334d9, NVIDIA A100-SXM4-80GB, 75029, 81920, 25, 138.10, 34
nid008353,2026/05/03 16:25:27.172, 1, GPU-3d65dc3f-116a-1dd4-937c-6e4481a765b5, NVIDIA A100-SXM4-80GB, 75019, 81920, 84, 137.09, 32
nid008353,2026/05/03 16:25:27.174, 2, GPU-338e4806-c72e-e37a-4798-dc47c2f2de03, NVIDIA A100-SXM4-80GB, 75019, 81920, 80, 139.82, 35
nid008353,2026/05/03 16:25:27.175, 3, GPU-fec40d98-ea80-e220-a49c-31ccab4741af, NVIDIA A100-SXM4-80GB, 75019, 81920, 50, 137.90, 32
nid008352,2026/05/03 16:25:30.068, 0, GPU-c8e590fe-c1df-fb38-7bf3-9ed4364cf576, NVIDIA A100-SXM4-80GB, 76665, 81920, 73, 113.91, 34
nid008352,2026/05/03 16:25:30.071, 1, GPU-5efb5c1d-1cd8-daca-bd51-2f30d62f6e1e, NVIDIA A100-SXM4-80GB, 75275, 81920, 100, 117.12, 31
nid008352,2026/05/03 16:25:30.072, 2, GPU-1d24ec01-d8bb-a3cf-73c2-7d6014d1dd4d, NVIDIA A100-SXM4-80GB, 75275, 81920, 100, 118.13, 33
nid008352,2026/05/03 16:25:30.074, 3, GPU-689a6e7c-a622-65fb-9f4d-887ba745f660, NVIDIA A100-SXM4-80GB, 75275, 81920, 39, 115.90, 32
nid008353,2026/05/03 16:25:30.892, 0, GPU-3ad85384-e7dd-8c9b-13da-56f54bf334d9, NVIDIA A100-SXM4-80GB, 75029, 81920, 55, 111.42, 33
nid008353,2026/05/03 16:25:30.895, 1, GPU-3d65dc3f-116a-1dd4-937c-6e4481a765b5, NVIDIA A100-SXM4-80GB, 75019, 81920, 20, 114.61, 31
nid008353,2026/05/03 16:25:30.897, 2, GPU-338e4806-c72e-e37a-4798-dc47c2f2de03, NVIDIA A100-SXM4-80GB, 75019, 81920, 88, 115.13, 34
nid008353,2026/05/03 16:25:30.898, 3, GPU-fec40d98-ea80-e220-a49c-31ccab4741af, NVIDIA A100-SXM4-80GB, 75019, 81920, 18, 111.16, 31
nid008352,2026/05/03 16:25:33.770, 0, GPU-c8e590fe-c1df-fb38-7bf3-9ed4364cf576, NVIDIA A100-SXM4-80GB, 76665, 81920, 36, 112.59, 34
nid008352,2026/05/03 16:25:33.773, 1, GPU-5efb5c1d-1cd8-daca-bd51-2f30d62f6e1e, NVIDIA A100-SXM4-80GB, 75275, 81920, 100, 122.92, 31
nid008352,2026/05/03 16:25:33.774, 2, GPU-1d24ec01-d8bb-a3cf-73c2-7d6014d1dd4d, NVIDIA A100-SXM4-80GB, 75275, 81920, 100, 126.32, 33
nid008352,2026/05/03 16:25:33.776, 3, GPU-689a6e7c-a622-65fb-9f4d-887ba745f660, NVIDIA A100-SXM4-80GB, 75275, 81920, 73, 114.47, 32
nid008353,2026/05/03 16:25:34.598, 0, GPU-3ad85384-e7dd-8c9b-13da-56f54bf334d9, NVIDIA A100-SXM4-80GB, 75029, 81920, 53, 111.29, 33
nid008353,2026/05/03 16:25:34.601, 1, GPU-3d65dc3f-116a-1dd4-937c-6e4481a765b5, NVIDIA A100-SXM4-80GB, 75019, 81920, 49, 114.32, 31
nid008353,2026/05/03 16:25:34.603, 2, GPU-338e4806-c72e-e37a-4798-dc47c2f2de03, NVIDIA A100-SXM4-80GB, 75019, 81920, 11, 114.61, 34
nid008353,2026/05/03 16:25:34.605, 3, GPU-fec40d98-ea80-e220-a49c-31ccab4741af, NVIDIA A100-SXM4-80GB, 75019, 81920, 37, 110.74, 31
nid008352,2026/05/03 16:25:37.501, 0, GPU-c8e590fe-c1df-fb38-7bf3-9ed4364cf576, NVIDIA A100-SXM4-80GB, 76665, 81920, 2, 118.94, 34
nid008352,2026/05/03 16:25:37.504, 1, GPU-5efb5c1d-1cd8-daca-bd51-2f30d62f6e1e, NVIDIA A100-SXM4-80GB, 75275, 81920, 100, 126.49, 31
nid008352,2026/05/03 16:25:37.505, 2, GPU-1d24ec01-d8bb-a3cf-73c2-7d6014d1dd4d, NVIDIA A100-SXM4-80GB, 75275, 81920, 100, 130.62, 33
nid008352,2026/05/03 16:25:37.507, 3, GPU-689a6e7c-a622-65fb-9f4d-887ba745f660, NVIDIA A100-SXM4-80GB, 75275, 81920, 61, 120.79, 32
nid008353,2026/05/03 16:25:38.349, 0, GPU-3ad85384-e7dd-8c9b-13da-56f54bf334d9, NVIDIA A100-SXM4-80GB, 75029, 81920, 12, 147.34, 34
nid008353,2026/05/03 16:25:38.352, 1, GPU-3d65dc3f-116a-1dd4-937c-6e4481a765b5, NVIDIA A100-SXM4-80GB, 75019, 81920, 58, 127.29, 31
nid008353,2026/05/03 16:25:38.354, 2, GPU-338e4806-c72e-e37a-4798-dc47c2f2de03, NVIDIA A100-SXM4-80GB, 75019, 81920, 97, 131.76, 35
nid008353,2026/05/03 16:25:38.355, 3, GPU-fec40d98-ea80-e220-a49c-31ccab4741af, NVIDIA A100-SXM4-80GB, 75019, 81920, 6, 135.92, 32
nid008352,2026/05/03 16:25:41.250, 0, GPU-c8e590fe-c1df-fb38-7bf3-9ed4364cf576, NVIDIA A100-SXM4-80GB, 76665, 81920, 5, 112.20, 34
nid008352,2026/05/03 16:25:41.253, 1, GPU-5efb5c1d-1cd8-daca-bd51-2f30d62f6e1e, NVIDIA A100-SXM4-80GB, 75275, 81920, 100, 140.51, 31
nid008352,2026/05/03 16:25:41.254, 2, GPU-1d24ec01-d8bb-a3cf-73c2-7d6014d1dd4d, NVIDIA A100-SXM4-80GB, 75275, 81920, 100, 140.65, 33
nid008352,2026/05/03 16:25:41.256, 3, GPU-689a6e7c-a622-65fb-9f4d-887ba745f660, NVIDIA A100-SXM4-80GB, 75275, 81920, 86, 126.99, 32
nid008353,2026/05/03 16:25:42.118, 0, GPU-3ad85384-e7dd-8c9b-13da-56f54bf334d9, NVIDIA A100-SXM4-80GB, 75029, 81920, 71, 138.26, 34
nid008353,2026/05/03 16:25:42.121, 1, GPU-3d65dc3f-116a-1dd4-937c-6e4481a765b5, NVIDIA A100-SXM4-80GB, 75019, 81920, 73, 114.74, 31
nid008353,2026/05/03 16:25:42.122, 2, GPU-338e4806-c72e-e37a-4798-dc47c2f2de03, NVIDIA A100-SXM4-80GB, 75019, 81920, 22, 114.61, 34
nid008353,2026/05/03 16:25:42.124, 3, GPU-fec40d98-ea80-e220-a49c-31ccab4741af, NVIDIA A100-SXM4-80GB, 75019, 81920, 68, 110.06, 31
nid008352,2026/05/03 16:25:44.989, 0, GPU-c8e590fe-c1df-fb38-7bf3-9ed4364cf576, NVIDIA A100-SXM4-80GB, 76665, 81920, 2, 122.34, 34
nid008352,2026/05/03 16:25:44.992, 1, GPU-5efb5c1d-1cd8-daca-bd51-2f30d62f6e1e, NVIDIA A100-SXM4-80GB, 75275, 81920, 100, 117.12, 31
nid008352,2026/05/03 16:25:44.993, 2, GPU-1d24ec01-d8bb-a3cf-73c2-7d6014d1dd4d, NVIDIA A100-SXM4-80GB, 75275, 81920, 100, 118.13, 33
nid008352,2026/05/03 16:25:44.995, 3, GPU-689a6e7c-a622-65fb-9f4d-887ba745f660, NVIDIA A100-SXM4-80GB, 75275, 81920, 88, 115.09, 32
nid008353,2026/05/03 16:25:45.830, 0, GPU-3ad85384-e7dd-8c9b-13da-56f54bf334d9, NVIDIA A100-SXM4-80GB, 75029, 81920, 0, 111.42, 33
nid008353,2026/05/03 16:25:45.833, 1, GPU-3d65dc3f-116a-1dd4-937c-6e4481a765b5, NVIDIA A100-SXM4-80GB, 75019, 81920, 57, 114.85, 31
nid008353,2026/05/03 16:25:45.834, 2, GPU-338e4806-c72e-e37a-4798-dc47c2f2de03, NVIDIA A100-SXM4-80GB, 75019, 81920, 57, 114.32, 34
nid008353,2026/05/03 16:25:45.836, 3, GPU-fec40d98-ea80-e220-a49c-31ccab4741af, NVIDIA A100-SXM4-80GB, 75019, 81920, 65, 111.16, 31
nid008352,2026/05/03 16:25:48.746, 0, GPU-c8e590fe-c1df-fb38-7bf3-9ed4364cf576, NVIDIA A100-SXM4-80GB, 76665, 81920, 2, 109.83, 33
nid008352,2026/05/03 16:25:48.748, 1, GPU-5efb5c1d-1cd8-daca-bd51-2f30d62f6e1e, NVIDIA A100-SXM4-80GB, 75275, 81920, 100, 121.07, 31
nid008352,2026/05/03 16:25:48.750, 2, GPU-1d24ec01-d8bb-a3cf-73c2-7d6014d1dd4d, NVIDIA A100-SXM4-80GB, 75275, 81920, 100, 118.79, 33
nid008352,2026/05/03 16:25:48.752, 3, GPU-689a6e7c-a622-65fb-9f4d-887ba745f660, NVIDIA A100-SXM4-80GB, 75275, 81920, 100, 112.48, 32
nid008353,2026/05/03 16:25:49.597, 0, GPU-3ad85384-e7dd-8c9b-13da-56f54bf334d9, NVIDIA A100-SXM4-80GB, 75029, 81920, 10, 111.29, 33
nid008353,2026/05/03 16:25:49.600, 1, GPU-3d65dc3f-116a-1dd4-937c-6e4481a765b5, NVIDIA A100-SXM4-80GB, 75019, 81920, 100, 114.32, 31
nid008353,2026/05/03 16:25:49.602, 2, GPU-338e4806-c72e-e37a-4798-dc47c2f2de03, NVIDIA A100-SXM4-80GB, 75019, 81920, 98, 114.32, 34
nid008353,2026/05/03 16:25:49.603, 3, GPU-fec40d98-ea80-e220-a49c-31ccab4741af, NVIDIA A100-SXM4-80GB, 75019, 81920, 100, 111.03, 32
nid008352,2026/05/03 16:25:52.477, 0, GPU-c8e590fe-c1df-fb38-7bf3-9ed4364cf576, NVIDIA A100-SXM4-80GB, 76665, 81920, 100, 111.54, 34
nid008352,2026/05/03 16:25:52.480, 1, GPU-5efb5c1d-1cd8-daca-bd51-2f30d62f6e1e, NVIDIA A100-SXM4-80GB, 75275, 81920, 100, 114.98, 32
nid008352,2026/05/03 16:25:52.482, 2, GPU-1d24ec01-d8bb-a3cf-73c2-7d6014d1dd4d, NVIDIA A100-SXM4-80GB, 75275, 81920, 100, 116.28, 34
nid008352,2026/05/03 16:25:52.483, 3, GPU-689a6e7c-a622-65fb-9f4d-887ba745f660, NVIDIA A100-SXM4-80GB, 75275, 81920, 100, 110.35, 33
nid008353,2026/05/03 16:25:53.311, 0, GPU-3ad85384-e7dd-8c9b-13da-56f54bf334d9, NVIDIA A100-SXM4-80GB, 75029, 81920, 99, 112.04, 34
nid008353,2026/05/03 16:25:53.313, 1, GPU-3d65dc3f-116a-1dd4-937c-6e4481a765b5, NVIDIA A100-SXM4-80GB, 75019, 81920, 100, 114.85, 32
nid008353,2026/05/03 16:25:53.315, 2, GPU-338e4806-c72e-e37a-4798-dc47c2f2de03, NVIDIA A100-SXM4-80GB, 75019, 81920, 32, 114.99, 35
nid008353,2026/05/03 16:25:53.317, 3, GPU-fec40d98-ea80-e220-a49c-31ccab4741af, NVIDIA A100-SXM4-80GB, 75019, 81920, 15, 111.55, 32
nid008352,2026/05/03 16:25:56.229, 0, GPU-c8e590fe-c1df-fb38-7bf3-9ed4364cf576, NVIDIA A100-SXM4-80GB, 76665, 81920, 100, 265.03, 39
nid008352,2026/05/03 16:25:56.232, 1, GPU-5efb5c1d-1cd8-daca-bd51-2f30d62f6e1e, NVIDIA A100-SXM4-80GB, 75275, 81920, 100, 444.63, 38
nid008352,2026/05/03 16:25:56.234, 2, GPU-1d24ec01-d8bb-a3cf-73c2-7d6014d1dd4d, NVIDIA A100-SXM4-80GB, 75275, 81920, 100, 437.54, 41
nid008352,2026/05/03 16:25:56.235, 3, GPU-689a6e7c-a622-65fb-9f4d-887ba745f660, NVIDIA A100-SXM4-80GB, 75275, 81920, 100, 451.88, 37
nid008353,2026/05/03 16:25:57.103, 0, GPU-3ad85384-e7dd-8c9b-13da-56f54bf334d9, NVIDIA A100-SXM4-80GB, 75029, 81920, 95, 111.94, 37
nid008353,2026/05/03 16:25:57.106, 1, GPU-3d65dc3f-116a-1dd4-937c-6e4481a765b5, NVIDIA A100-SXM4-80GB, 75019, 81920, 94, 385.38, 35
nid008353,2026/05/03 16:25:57.108, 2, GPU-338e4806-c72e-e37a-4798-dc47c2f2de03, NVIDIA A100-SXM4-80GB, 75019, 81920, 100, 284.08, 40
nid008353,2026/05/03 16:25:57.114, 3, GPU-fec40d98-ea80-e220-a49c-31ccab4741af, NVIDIA A100-SXM4-80GB, 75019, 81920, 94, 361.05, 37
nid008352,2026/05/03 16:26:00.040, 0, GPU-c8e590fe-c1df-fb38-7bf3-9ed4364cf576, NVIDIA A100-SXM4-80GB, 76665, 81920, 100, 111.54, 35
nid008352,2026/05/03 16:26:00.043, 1, GPU-5efb5c1d-1cd8-daca-bd51-2f30d62f6e1e, NVIDIA A100-SXM4-80GB, 75275, 81920, 100, 114.98, 32
nid008352,2026/05/03 16:26:00.045, 2, GPU-1d24ec01-d8bb-a3cf-73c2-7d6014d1dd4d, NVIDIA A100-SXM4-80GB, 75275, 81920, 100, 115.62, 35
nid008352,2026/05/03 16:26:00.047, 3, GPU-689a6e7c-a622-65fb-9f4d-887ba745f660, NVIDIA A100-SXM4-80GB, 75275, 81920, 100, 113.14, 32
nid008353,2026/05/03 16:26:00.914, 0, GPU-3ad85384-e7dd-8c9b-13da-56f54bf334d9, NVIDIA A100-SXM4-80GB, 75029, 81920, 22, 112.18, 35
nid008353,2026/05/03 16:26:00.920, 1, GPU-3d65dc3f-116a-1dd4-937c-6e4481a765b5, NVIDIA A100-SXM4-80GB, 75019, 81920, 30, 141.15, 33
nid008353,2026/05/03 16:26:00.926, 2, GPU-338e4806-c72e-e37a-4798-dc47c2f2de03, NVIDIA A100-SXM4-80GB, 75019, 81920, 0, 138.66, 36
nid008353,2026/05/03 16:26:00.930, 3, GPU-fec40d98-ea80-e220-a49c-31ccab4741af, NVIDIA A100-SXM4-80GB, 75019, 81920, 0, 130.64, 33
nid008352,2026/05/03 16:26:03.810, 0, GPU-c8e590fe-c1df-fb38-7bf3-9ed4364cf576, NVIDIA A100-SXM4-80GB, 76665, 81920, 54, 125.09, 34
nid008352,2026/05/03 16:26:03.812, 1, GPU-5efb5c1d-1cd8-daca-bd51-2f30d62f6e1e, NVIDIA A100-SXM4-80GB, 75275, 81920, 86, 125.30, 31
nid008352,2026/05/03 16:26:03.814, 2, GPU-1d24ec01-d8bb-a3cf-73c2-7d6014d1dd4d, NVIDIA A100-SXM4-80GB, 75275, 81920, 82, 121.68, 34
nid008352,2026/05/03 16:26:03.816, 3, GPU-689a6e7c-a622-65fb-9f4d-887ba745f660, NVIDIA A100-SXM4-80GB, 75275, 81920, 69, 117.23, 32
nid008353,2026/05/03 16:26:04.638, 0, GPU-3ad85384-e7dd-8c9b-13da-56f54bf334d9, NVIDIA A100-SXM4-80GB, 75029, 81920, 3, 111.66, 34
nid008353,2026/05/03 16:26:04.641, 1, GPU-3d65dc3f-116a-1dd4-937c-6e4481a765b5, NVIDIA A100-SXM4-80GB, 75019, 81920, 87, 114.61, 31
nid008353,2026/05/03 16:26:04.643, 2, GPU-338e4806-c72e-e37a-4798-dc47c2f2de03, NVIDIA A100-SXM4-80GB, 75019, 81920, 82, 114.61, 34
nid008353,2026/05/03 16:26:04.644, 3, GPU-fec40d98-ea80-e220-a49c-31ccab4741af, NVIDIA A100-SXM4-80GB, 75019, 81920, 20, 109.93, 31
nid008352,2026/05/03 16:26:07.540, 0, GPU-c8e590fe-c1df-fb38-7bf3-9ed4364cf576, NVIDIA A100-SXM4-80GB, 76665, 81920, 41, 116.18, 34
nid008352,2026/05/03 16:26:07.543, 1, GPU-5efb5c1d-1cd8-daca-bd51-2f30d62f6e1e, NVIDIA A100-SXM4-80GB, 75275, 81920, 75, 130.64, 31
nid008352,2026/05/03 16:26:07.544, 2, GPU-1d24ec01-d8bb-a3cf-73c2-7d6014d1dd4d, NVIDIA A100-SXM4-80GB, 75275, 81920, 100, 117.89, 34
nid008352,2026/05/03 16:26:07.546, 3, GPU-689a6e7c-a622-65fb-9f4d-887ba745f660, NVIDIA A100-SXM4-80GB, 75275, 81920, 100, 113.38, 32
nid008353,2026/05/03 16:26:08.400, 0, GPU-3ad85384-e7dd-8c9b-13da-56f54bf334d9, NVIDIA A100-SXM4-80GB, 75029, 81920, 4, 123.68, 34
nid008353,2026/05/03 16:26:08.403, 1, GPU-3d65dc3f-116a-1dd4-937c-6e4481a765b5, NVIDIA A100-SXM4-80GB, 75019, 81920, 91, 151.40, 32
nid008353,2026/05/03 16:26:08.404, 2, GPU-338e4806-c72e-e37a-4798-dc47c2f2de03, NVIDIA A100-SXM4-80GB, 75019, 81920, 52, 125.53, 35
nid008353,2026/05/03 16:26:08.406, 3, GPU-fec40d98-ea80-e220-a49c-31ccab4741af, NVIDIA A100-SXM4-80GB, 75019, 81920, 45, 127.68, 32
nid008352,2026/05/03 16:26:11.298, 0, GPU-c8e590fe-c1df-fb38-7bf3-9ed4364cf576, NVIDIA A100-SXM4-80GB, 76665, 81920, 21, 111.03, 34
nid008352,2026/05/03 16:26:11.300, 1, GPU-5efb5c1d-1cd8-daca-bd51-2f30d62f6e1e, NVIDIA A100-SXM4-80GB, 75275, 81920, 68, 126.40, 31
nid008352,2026/05/03 16:26:11.302, 2, GPU-1d24ec01-d8bb-a3cf-73c2-7d6014d1dd4d, NVIDIA A100-SXM4-80GB, 75275, 81920, 86, 116.81, 33
nid008352,2026/05/03 16:26:11.304, 3, GPU-689a6e7c-a622-65fb-9f4d-887ba745f660, NVIDIA A100-SXM4-80GB, 75275, 81920, 100, 113.25, 32
nid008353,2026/05/03 16:26:12.151, 0, GPU-3ad85384-e7dd-8c9b-13da-56f54bf334d9, NVIDIA A100-SXM4-80GB, 75029, 81920, 31, 119.60, 33
nid008353,2026/05/03 16:26:12.154, 1, GPU-3d65dc3f-116a-1dd4-937c-6e4481a765b5, NVIDIA A100-SXM4-80GB, 75019, 81920, 55, 114.32, 31
nid008353,2026/05/03 16:26:12.155, 2, GPU-338e4806-c72e-e37a-4798-dc47c2f2de03, NVIDIA A100-SXM4-80GB, 75019, 81920, 46, 114.18, 34
nid008353,2026/05/03 16:26:12.157, 3, GPU-fec40d98-ea80-e220-a49c-31ccab4741af, NVIDIA A100-SXM4-80GB, 75019, 81920, 57, 109.82, 31
nid008352,2026/05/03 16:26:15.007, 0, GPU-c8e590fe-c1df-fb38-7bf3-9ed4364cf576, NVIDIA A100-SXM4-80GB, 76665, 81920, 2, 137.77, 34
nid008352,2026/05/03 16:26:15.010, 1, GPU-5efb5c1d-1cd8-daca-bd51-2f30d62f6e1e, NVIDIA A100-SXM4-80GB, 75275, 81920, 100, 121.59, 31
nid008352,2026/05/03 16:26:15.012, 2, GPU-1d24ec01-d8bb-a3cf-73c2-7d6014d1dd4d, NVIDIA A100-SXM4-80GB, 75275, 81920, 100, 116.04, 33
nid008352,2026/05/03 16:26:15.014, 3, GPU-689a6e7c-a622-65fb-9f4d-887ba745f660, NVIDIA A100-SXM4-80GB, 75275, 81920, 100, 123.16, 32
nid008353,2026/05/03 16:26:15.873, 0, GPU-3ad85384-e7dd-8c9b-13da-56f54bf334d9, NVIDIA A100-SXM4-80GB, 75029, 81920, 7, 111.66, 34
nid008353,2026/05/03 16:26:15.875, 1, GPU-3d65dc3f-116a-1dd4-937c-6e4481a765b5, NVIDIA A100-SXM4-80GB, 75019, 81920, 42, 139.59, 31
nid008353,2026/05/03 16:26:15.877, 2, GPU-338e4806-c72e-e37a-4798-dc47c2f2de03, NVIDIA A100-SXM4-80GB, 75019, 81920, 14, 125.96, 34
nid008353,2026/05/03 16:26:15.879, 3, GPU-fec40d98-ea80-e220-a49c-31ccab4741af, NVIDIA A100-SXM4-80GB, 75019, 81920, 49, 111.03, 31
nid008352,2026/05/03 16:26:18.792, 0, GPU-c8e590fe-c1df-fb38-7bf3-9ed4364cf576, NVIDIA A100-SXM4-80GB, 76665, 81920, 5, 110.74, 34
nid008352,2026/05/03 16:26:18.794, 1, GPU-5efb5c1d-1cd8-daca-bd51-2f30d62f6e1e, NVIDIA A100-SXM4-80GB, 75275, 81920, 100, 114.45, 31
nid008352,2026/05/03 16:26:18.796, 2, GPU-1d24ec01-d8bb-a3cf-73c2-7d6014d1dd4d, NVIDIA A100-SXM4-80GB, 75275, 81920, 100, 114.72, 33
nid008352,2026/05/03 16:26:18.798, 3, GPU-689a6e7c-a622-65fb-9f4d-887ba745f660, NVIDIA A100-SXM4-80GB, 75275, 81920, 100, 126.19, 31
nid008353,2026/05/03 16:26:19.634, 0, GPU-3ad85384-e7dd-8c9b-13da-56f54bf334d9, NVIDIA A100-SXM4-80GB, 75029, 81920, 0, 130.56, 34
nid008353,2026/05/03 16:26:19.641, 1, GPU-3d65dc3f-116a-1dd4-937c-6e4481a765b5, NVIDIA A100-SXM4-80GB, 75019, 81920, 12, 134.79, 32
nid008353,2026/05/03 16:26:19.643, 2, GPU-338e4806-c72e-e37a-4798-dc47c2f2de03, NVIDIA A100-SXM4-80GB, 75019, 81920, 95, 127.14, 35
nid008353,2026/05/03 16:26:19.645, 3, GPU-fec40d98-ea80-e220-a49c-31ccab4741af, NVIDIA A100-SXM4-80GB, 75019, 81920, 95, 123.45, 32
nid008352,2026/05/03 16:26:22.521, 0, GPU-c8e590fe-c1df-fb38-7bf3-9ed4364cf576, NVIDIA A100-SXM4-80GB, 76665, 81920, 2, 115.24, 33
nid008352,2026/05/03 16:26:22.524, 1, GPU-5efb5c1d-1cd8-daca-bd51-2f30d62f6e1e, NVIDIA A100-SXM4-80GB, 75275, 81920, 100, 116.31, 31
nid008352,2026/05/03 16:26:22.526, 2, GPU-1d24ec01-d8bb-a3cf-73c2-7d6014d1dd4d, NVIDIA A100-SXM4-80GB, 75275, 81920, 100, 114.96, 33
nid008352,2026/05/03 16:26:22.527, 3, GPU-689a6e7c-a622-65fb-9f4d-887ba745f660, NVIDIA A100-SXM4-80GB, 75275, 81920, 100, 112.85, 31
nid008353,2026/05/03 16:26:23.405, 0, GPU-3ad85384-e7dd-8c9b-13da-56f54bf334d9, NVIDIA A100-SXM4-80GB, 75029, 81920, 0, 111.29, 33
nid008353,2026/05/03 16:26:23.408, 1, GPU-3d65dc3f-116a-1dd4-937c-6e4481a765b5, NVIDIA A100-SXM4-80GB, 75019, 81920, 53, 114.45, 31
nid008353,2026/05/03 16:26:23.410, 2, GPU-338e4806-c72e-e37a-4798-dc47c2f2de03, NVIDIA A100-SXM4-80GB, 75019, 81920, 100, 114.61, 34
nid008353,2026/05/03 16:26:23.411, 3, GPU-fec40d98-ea80-e220-a49c-31ccab4741af, NVIDIA A100-SXM4-80GB, 75019, 81920, 100, 109.93, 32
nid008352,2026/05/03 16:26:26.293, 0, GPU-c8e590fe-c1df-fb38-7bf3-9ed4364cf576, NVIDIA A100-SXM4-80GB, 76665, 81920, 2, 111.03, 34
nid008352,2026/05/03 16:26:26.296, 1, GPU-5efb5c1d-1cd8-daca-bd51-2f30d62f6e1e, NVIDIA A100-SXM4-80GB, 75275, 81920, 100, 114.31, 31
nid008352,2026/05/03 16:26:26.297, 2, GPU-1d24ec01-d8bb-a3cf-73c2-7d6014d1dd4d, NVIDIA A100-SXM4-80GB, 75275, 81920, 100, 114.86, 33
nid008352,2026/05/03 16:26:26.299, 3, GPU-689a6e7c-a622-65fb-9f4d-887ba745f660, NVIDIA A100-SXM4-80GB, 75275, 81920, 100, 112.62, 32
nid008353,2026/05/03 16:26:27.147, 0, GPU-3ad85384-e7dd-8c9b-13da-56f54bf334d9, NVIDIA A100-SXM4-80GB, 75029, 81920, 2, 111.42, 33
nid008353,2026/05/03 16:26:27.150, 1, GPU-3d65dc3f-116a-1dd4-937c-6e4481a765b5, NVIDIA A100-SXM4-80GB, 75019, 81920, 93, 114.61, 31
nid008353,2026/05/03 16:26:27.153, 2, GPU-338e4806-c72e-e37a-4798-dc47c2f2de03, NVIDIA A100-SXM4-80GB, 75019, 81920, 52, 118.03, 34
nid008353,2026/05/03 16:26:27.154, 3, GPU-fec40d98-ea80-e220-a49c-31ccab4741af, NVIDIA A100-SXM4-80GB, 75019, 81920, 92, 125.21, 31
nid008352,2026/05/03 16:26:30.027, 0, GPU-c8e590fe-c1df-fb38-7bf3-9ed4364cf576, NVIDIA A100-SXM4-80GB, 76665, 81920, 3, 121.68, 34
nid008352,2026/05/03 16:26:30.030, 1, GPU-5efb5c1d-1cd8-daca-bd51-2f30d62f6e1e, NVIDIA A100-SXM4-80GB, 75275, 81920, 100, 119.21, 31
nid008352,2026/05/03 16:26:30.032, 2, GPU-1d24ec01-d8bb-a3cf-73c2-7d6014d1dd4d, NVIDIA A100-SXM4-80GB, 75275, 81920, 100, 115.62, 33
nid008352,2026/05/03 16:26:30.033, 3, GPU-689a6e7c-a622-65fb-9f4d-887ba745f660, NVIDIA A100-SXM4-80GB, 75275, 81920, 100, 113.38, 32
nid008353,2026/05/03 16:26:30.856, 0, GPU-3ad85384-e7dd-8c9b-13da-56f54bf334d9, NVIDIA A100-SXM4-80GB, 75029, 81920, 0, 124.25, 34
nid008353,2026/05/03 16:26:30.859, 1, GPU-3d65dc3f-116a-1dd4-937c-6e4481a765b5, NVIDIA A100-SXM4-80GB, 75019, 81920, 85, 135.88, 32
nid008353,2026/05/03 16:26:30.860, 2, GPU-338e4806-c72e-e37a-4798-dc47c2f2de03, NVIDIA A100-SXM4-80GB, 75019, 81920, 100, 120.69, 35
nid008353,2026/05/03 16:26:30.862, 3, GPU-fec40d98-ea80-e220-a49c-31ccab4741af, NVIDIA A100-SXM4-80GB, 75019, 81920, 100, 111.16, 32
nid008352,2026/05/03 16:26:33.767, 0, GPU-c8e590fe-c1df-fb38-7bf3-9ed4364cf576, NVIDIA A100-SXM4-80GB, 76665, 81920, 5, 115.24, 34
nid008352,2026/05/03 16:26:33.769, 1, GPU-5efb5c1d-1cd8-daca-bd51-2f30d62f6e1e, NVIDIA A100-SXM4-80GB, 75275, 81920, 100, 118.98, 31
nid008352,2026/05/03 16:26:33.771, 2, GPU-1d24ec01-d8bb-a3cf-73c2-7d6014d1dd4d, NVIDIA A100-SXM4-80GB, 75275, 81920, 100, 115.48, 33
nid008352,2026/05/03 16:26:33.772, 3, GPU-689a6e7c-a622-65fb-9f4d-887ba745f660, NVIDIA A100-SXM4-80GB, 75275, 81920, 100, 113.25, 32
nid008353,2026/05/03 16:26:34.580, 0, GPU-3ad85384-e7dd-8c9b-13da-56f54bf334d9, NVIDIA A100-SXM4-80GB, 75029, 81920, 67, 111.53, 33
nid008353,2026/05/03 16:26:34.583, 1, GPU-3d65dc3f-116a-1dd4-937c-6e4481a765b5, NVIDIA A100-SXM4-80GB, 75019, 81920, 35, 114.32, 31
nid008353,2026/05/03 16:26:34.585, 2, GPU-338e4806-c72e-e37a-4798-dc47c2f2de03, NVIDIA A100-SXM4-80GB, 75019, 81920, 86, 114.32, 34
nid008353,2026/05/03 16:26:34.586, 3, GPU-fec40d98-ea80-e220-a49c-31ccab4741af, NVIDIA A100-SXM4-80GB, 75019, 81920, 90, 111.03, 31
nid008352,2026/05/03 16:26:37.512, 0, GPU-c8e590fe-c1df-fb38-7bf3-9ed4364cf576, NVIDIA A100-SXM4-80GB, 76665, 81920, 2, 123.96, 33
nid008352,2026/05/03 16:26:37.515, 1, GPU-5efb5c1d-1cd8-daca-bd51-2f30d62f6e1e, NVIDIA A100-SXM4-80GB, 75275, 81920, 100, 125.59, 31
nid008352,2026/05/03 16:26:37.516, 2, GPU-1d24ec01-d8bb-a3cf-73c2-7d6014d1dd4d, NVIDIA A100-SXM4-80GB, 75275, 81920, 100, 116.57, 33
nid008352,2026/05/03 16:26:37.518, 3, GPU-689a6e7c-a622-65fb-9f4d-887ba745f660, NVIDIA A100-SXM4-80GB, 75275, 81920, 100, 118.55, 32
nid008353,2026/05/03 16:26:38.343, 0, GPU-3ad85384-e7dd-8c9b-13da-56f54bf334d9, NVIDIA A100-SXM4-80GB, 75029, 81920, 5, 126.10, 33
nid008353,2026/05/03 16:26:38.345, 1, GPU-3d65dc3f-116a-1dd4-937c-6e4481a765b5, NVIDIA A100-SXM4-80GB, 75019, 81920, 95, 148.73, 31
nid008353,2026/05/03 16:26:38.347, 2, GPU-338e4806-c72e-e37a-4798-dc47c2f2de03, NVIDIA A100-SXM4-80GB, 75019, 81920, 98, 122.92, 34
nid008353,2026/05/03 16:26:38.349, 3, GPU-fec40d98-ea80-e220-a49c-31ccab4741af, NVIDIA A100-SXM4-80GB, 75019, 81920, 79, 121.88, 32
nid008352,2026/05/03 16:26:41.265, 0, GPU-c8e590fe-c1df-fb38-7bf3-9ed4364cf576, NVIDIA A100-SXM4-80GB, 76665, 81920, 2, 111.26, 33
nid008352,2026/05/03 16:26:41.268, 1, GPU-5efb5c1d-1cd8-daca-bd51-2f30d62f6e1e, NVIDIA A100-SXM4-80GB, 75275, 81920, 100, 114.98, 31
nid008352,2026/05/03 16:26:41.269, 2, GPU-1d24ec01-d8bb-a3cf-73c2-7d6014d1dd4d, NVIDIA A100-SXM4-80GB, 75275, 81920, 100, 114.96, 33
nid008352,2026/05/03 16:26:41.271, 3, GPU-689a6e7c-a622-65fb-9f4d-887ba745f660, NVIDIA A100-SXM4-80GB, 75275, 81920, 100, 112.85, 32
nid008353,2026/05/03 16:26:42.135, 0, GPU-3ad85384-e7dd-8c9b-13da-56f54bf334d9, NVIDIA A100-SXM4-80GB, 75029, 81920, 54, 145.38, 34
nid008353,2026/05/03 16:26:42.137, 1, GPU-3d65dc3f-116a-1dd4-937c-6e4481a765b5, NVIDIA A100-SXM4-80GB, 75019, 81920, 87, 123.07, 32
nid008353,2026/05/03 16:26:42.139, 2, GPU-338e4806-c72e-e37a-4798-dc47c2f2de03, NVIDIA A100-SXM4-80GB, 75019, 81920, 92, 114.61, 34
nid008353,2026/05/03 16:26:42.140, 3, GPU-fec40d98-ea80-e220-a49c-31ccab4741af, NVIDIA A100-SXM4-80GB, 75019, 81920, 84, 112.21, 32
nid008352,2026/05/03 16:26:45.018, 0, GPU-c8e590fe-c1df-fb38-7bf3-9ed4364cf576, NVIDIA A100-SXM4-80GB, 76665, 81920, 3, 109.94, 34
nid008352,2026/05/03 16:26:45.021, 1, GPU-5efb5c1d-1cd8-daca-bd51-2f30d62f6e1e, NVIDIA A100-SXM4-80GB, 75275, 81920, 100, 114.45, 31
nid008352,2026/05/03 16:26:45.022, 2, GPU-1d24ec01-d8bb-a3cf-73c2-7d6014d1dd4d, NVIDIA A100-SXM4-80GB, 75275, 81920, 100, 135.40, 33
nid008352,2026/05/03 16:26:45.024, 3, GPU-689a6e7c-a622-65fb-9f4d-887ba745f660, NVIDIA A100-SXM4-80GB, 75275, 81920, 100, 125.67, 32
nid008353,2026/05/03 16:26:45.880, 0, GPU-3ad85384-e7dd-8c9b-13da-56f54bf334d9, NVIDIA A100-SXM4-80GB, 75029, 81920, 0, 122.40, 34
nid008353,2026/05/03 16:26:45.883, 1, GPU-3d65dc3f-116a-1dd4-937c-6e4481a765b5, NVIDIA A100-SXM4-80GB, 75019, 81920, 89, 114.32, 32
nid008353,2026/05/03 16:26:45.885, 2, GPU-338e4806-c72e-e37a-4798-dc47c2f2de03, NVIDIA A100-SXM4-80GB, 75019, 81920, 93, 114.32, 34
nid008353,2026/05/03 16:26:45.886, 3, GPU-fec40d98-ea80-e220-a49c-31ccab4741af, NVIDIA A100-SXM4-80GB, 75019, 81920, 92, 120.26, 32
nid008352,2026/05/03 16:26:48.772, 0, GPU-c8e590fe-c1df-fb38-7bf3-9ed4364cf576, NVIDIA A100-SXM4-80GB, 76665, 81920, 2, 115.24, 34
nid008352,2026/05/03 16:26:48.775, 1, GPU-5efb5c1d-1cd8-daca-bd51-2f30d62f6e1e, NVIDIA A100-SXM4-80GB, 75275, 81920, 100, 119.21, 31
nid008352,2026/05/03 16:26:48.778, 2, GPU-1d24ec01-d8bb-a3cf-73c2-7d6014d1dd4d, NVIDIA A100-SXM4-80GB, 75275, 81920, 100, 114.72, 34
nid008352,2026/05/03 16:26:48.780, 3, GPU-689a6e7c-a622-65fb-9f4d-887ba745f660, NVIDIA A100-SXM4-80GB, 75275, 81920, 100, 113.76, 32
nid008353,2026/05/03 16:26:49.620, 0, GPU-3ad85384-e7dd-8c9b-13da-56f54bf334d9, NVIDIA A100-SXM4-80GB, 75029, 81920, 89, 111.53, 33
nid008353,2026/05/03 16:26:49.622, 1, GPU-3d65dc3f-116a-1dd4-937c-6e4481a765b5, NVIDIA A100-SXM4-80GB, 75019, 81920, 54, 114.74, 31
nid008353,2026/05/03 16:26:49.624, 2, GPU-338e4806-c72e-e37a-4798-dc47c2f2de03, NVIDIA A100-SXM4-80GB, 75019, 81920, 52, 114.61, 34
nid008353,2026/05/03 16:26:49.627, 3, GPU-fec40d98-ea80-e220-a49c-31ccab4741af, NVIDIA A100-SXM4-80GB, 75019, 81920, 99, 111.16, 31
nid008352,2026/05/03 16:26:52.506, 0, GPU-c8e590fe-c1df-fb38-7bf3-9ed4364cf576, NVIDIA A100-SXM4-80GB, 76665, 81920, 2, 109.83, 34
nid008352,2026/05/03 16:26:52.509, 1, GPU-5efb5c1d-1cd8-daca-bd51-2f30d62f6e1e, NVIDIA A100-SXM4-80GB, 75275, 81920, 100, 114.59, 31
nid008352,2026/05/03 16:26:52.511, 2, GPU-1d24ec01-d8bb-a3cf-73c2-7d6014d1dd4d, NVIDIA A100-SXM4-80GB, 75275, 81920, 100, 114.72, 34
nid008352,2026/05/03 16:26:52.512, 3, GPU-689a6e7c-a622-65fb-9f4d-887ba745f660, NVIDIA A100-SXM4-80GB, 75275, 81920, 100, 127.52, 32
nid008353,2026/05/03 16:26:53.357, 0, GPU-3ad85384-e7dd-8c9b-13da-56f54bf334d9, NVIDIA A100-SXM4-80GB, 75029, 81920, 79, 111.42, 33
nid008353,2026/05/03 16:26:53.360, 1, GPU-3d65dc3f-116a-1dd4-937c-6e4481a765b5, NVIDIA A100-SXM4-80GB, 75019, 81920, 82, 114.61, 31
nid008353,2026/05/03 16:26:53.361, 2, GPU-338e4806-c72e-e37a-4798-dc47c2f2de03, NVIDIA A100-SXM4-80GB, 75019, 81920, 45, 114.61, 34
nid008353,2026/05/03 16:26:53.363, 3, GPU-fec40d98-ea80-e220-a49c-31ccab4741af, NVIDIA A100-SXM4-80GB, 75019, 81920, 94, 110.06, 31
nid008352,2026/05/03 16:26:56.234, 0, GPU-c8e590fe-c1df-fb38-7bf3-9ed4364cf576, NVIDIA A100-SXM4-80GB, 76665, 81920, 5, 119.69, 34
nid008352,2026/05/03 16:26:56.241, 1, GPU-5efb5c1d-1cd8-daca-bd51-2f30d62f6e1e, NVIDIA A100-SXM4-80GB, 75275, 81920, 100, 114.45, 31
nid008352,2026/05/03 16:26:56.246, 2, GPU-1d24ec01-d8bb-a3cf-73c2-7d6014d1dd4d, NVIDIA A100-SXM4-80GB, 75275, 81920, 100, 123.39, 34
nid008352,2026/05/03 16:26:56.251, 3, GPU-689a6e7c-a622-65fb-9f4d-887ba745f660, NVIDIA A100-SXM4-80GB, 75275, 81920, 100, 121.30, 32
nid008353,2026/05/03 16:26:57.107, 0, GPU-3ad85384-e7dd-8c9b-13da-56f54bf334d9, NVIDIA A100-SXM4-80GB, 75029, 81920, 74, 131.89, 34
nid008353,2026/05/03 16:26:57.110, 1, GPU-3d65dc3f-116a-1dd4-937c-6e4481a765b5, NVIDIA A100-SXM4-80GB, 75019, 81920, 82, 134.27, 32
nid008353,2026/05/03 16:26:57.111, 2, GPU-338e4806-c72e-e37a-4798-dc47c2f2de03, NVIDIA A100-SXM4-80GB, 75019, 81920, 97, 137.17, 35
nid008353,2026/05/03 16:26:57.113, 3, GPU-fec40d98-ea80-e220-a49c-31ccab4741af, NVIDIA A100-SXM4-80GB, 75019, 81920, 100, 110.74, 32
nid008352,2026/05/03 16:27:00.013, 0, GPU-c8e590fe-c1df-fb38-7bf3-9ed4364cf576, NVIDIA A100-SXM4-80GB, 76665, 81920, 6, 113.91, 34
nid008352,2026/05/03 16:27:00.019, 1, GPU-5efb5c1d-1cd8-daca-bd51-2f30d62f6e1e, NVIDIA A100-SXM4-80GB, 75275, 81920, 100, 115.79, 31
nid008352,2026/05/03 16:27:00.024, 2, GPU-1d24ec01-d8bb-a3cf-73c2-7d6014d1dd4d, NVIDIA A100-SXM4-80GB, 75275, 81920, 100, 127.65, 34
nid008352,2026/05/03 16:27:00.025, 3, GPU-689a6e7c-a622-65fb-9f4d-887ba745f660, NVIDIA A100-SXM4-80GB, 75275, 81920, 100, 113.76, 32
nid008353,2026/05/03 16:27:00.852, 0, GPU-3ad85384-e7dd-8c9b-13da-56f54bf334d9, NVIDIA A100-SXM4-80GB, 75029, 81920, 2, 111.66, 34
nid008353,2026/05/03 16:27:00.855, 1, GPU-3d65dc3f-116a-1dd4-937c-6e4481a765b5, NVIDIA A100-SXM4-80GB, 75019, 81920, 100, 121.88, 31
nid008353,2026/05/03 16:27:00.857, 2, GPU-338e4806-c72e-e37a-4798-dc47c2f2de03, NVIDIA A100-SXM4-80GB, 75019, 81920, 99, 114.32, 34
nid008353,2026/05/03 16:27:00.859, 3, GPU-fec40d98-ea80-e220-a49c-31ccab4741af, NVIDIA A100-SXM4-80GB, 75019, 81920, 95, 110.06, 31
nid008352,2026/05/03 16:27:03.751, 0, GPU-c8e590fe-c1df-fb38-7bf3-9ed4364cf576, NVIDIA A100-SXM4-80GB, 76665, 81920, 6, 115.48, 34
nid008352,2026/05/03 16:27:03.760, 1, GPU-5efb5c1d-1cd8-daca-bd51-2f30d62f6e1e, NVIDIA A100-SXM4-80GB, 75275, 81920, 100, 116.03, 31
nid008352,2026/05/03 16:27:03.762, 2, GPU-1d24ec01-d8bb-a3cf-73c2-7d6014d1dd4d, NVIDIA A100-SXM4-80GB, 75275, 81920, 100, 114.96, 34
nid008352,2026/05/03 16:27:03.763, 3, GPU-689a6e7c-a622-65fb-9f4d-887ba745f660, NVIDIA A100-SXM4-80GB, 75275, 81920, 100, 116.18, 32
nid008353,2026/05/03 16:27:04.601, 0, GPU-3ad85384-e7dd-8c9b-13da-56f54bf334d9, NVIDIA A100-SXM4-80GB, 75029, 81920, 29, 111.81, 34
nid008353,2026/05/03 16:27:04.604, 1, GPU-3d65dc3f-116a-1dd4-937c-6e4481a765b5, NVIDIA A100-SXM4-80GB, 75019, 81920, 84, 114.61, 31
nid008353,2026/05/03 16:27:04.606, 2, GPU-338e4806-c72e-e37a-4798-dc47c2f2de03, NVIDIA A100-SXM4-80GB, 75019, 81920, 60, 137.17, 34
nid008353,2026/05/03 16:27:04.607, 3, GPU-fec40d98-ea80-e220-a49c-31ccab4741af, NVIDIA A100-SXM4-80GB, 75019, 81920, 99, 111.16, 32
nid008352,2026/05/03 16:27:07.482, 0, GPU-c8e590fe-c1df-fb38-7bf3-9ed4364cf576, NVIDIA A100-SXM4-80GB, 76665, 81920, 3, 111.54, 34
nid008352,2026/05/03 16:27:07.485, 1, GPU-5efb5c1d-1cd8-daca-bd51-2f30d62f6e1e, NVIDIA A100-SXM4-80GB, 75275, 81920, 100, 116.73, 31
nid008352,2026/05/03 16:27:07.486, 2, GPU-1d24ec01-d8bb-a3cf-73c2-7d6014d1dd4d, NVIDIA A100-SXM4-80GB, 75275, 81920, 100, 117.89, 34
nid008352,2026/05/03 16:27:07.488, 3, GPU-689a6e7c-a622-65fb-9f4d-887ba745f660, NVIDIA A100-SXM4-80GB, 75275, 81920, 100, 113.38, 32
nid008353,2026/05/03 16:27:08.372, 0, GPU-3ad85384-e7dd-8c9b-13da-56f54bf334d9, NVIDIA A100-SXM4-80GB, 75029, 81920, 47, 132.33, 34
nid008353,2026/05/03 16:27:08.375, 1, GPU-3d65dc3f-116a-1dd4-937c-6e4481a765b5, NVIDIA A100-SXM4-80GB, 75019, 81920, 100, 154.88, 32
nid008353,2026/05/03 16:27:08.377, 2, GPU-338e4806-c72e-e37a-4798-dc47c2f2de03, NVIDIA A100-SXM4-80GB, 75019, 81920, 91, 124.77, 35
nid008353,2026/05/03 16:27:08.378, 3, GPU-fec40d98-ea80-e220-a49c-31ccab4741af, NVIDIA A100-SXM4-80GB, 75019, 81920, 79, 113.78, 32
nid008352,2026/05/03 16:27:11.300, 0, GPU-c8e590fe-c1df-fb38-7bf3-9ed4364cf576, NVIDIA A100-SXM4-80GB, 76665, 81920, 2, 111.03, 34
nid008352,2026/05/03 16:27:11.303, 1, GPU-5efb5c1d-1cd8-daca-bd51-2f30d62f6e1e, NVIDIA A100-SXM4-80GB, 75275, 81920, 100, 118.98, 31
nid008352,2026/05/03 16:27:11.305, 2, GPU-1d24ec01-d8bb-a3cf-73c2-7d6014d1dd4d, NVIDIA A100-SXM4-80GB, 75275, 81920, 100, 115.24, 33
nid008352,2026/05/03 16:27:11.307, 3, GPU-689a6e7c-a622-65fb-9f4d-887ba745f660, NVIDIA A100-SXM4-80GB, 75275, 81920, 100, 114.18, 32
nid008353,2026/05/03 16:27:12.133, 0, GPU-3ad85384-e7dd-8c9b-13da-56f54bf334d9, NVIDIA A100-SXM4-80GB, 75029, 81920, 6, 111.42, 33
nid008353,2026/05/03 16:27:12.138, 1, GPU-3d65dc3f-116a-1dd4-937c-6e4481a765b5, NVIDIA A100-SXM4-80GB, 75019, 81920, 94, 114.32, 31
nid008353,2026/05/03 16:27:12.149, 2, GPU-338e4806-c72e-e37a-4798-dc47c2f2de03, NVIDIA A100-SXM4-80GB, 75019, 81920, 86, 114.32, 34
nid008353,2026/05/03 16:27:12.155, 3, GPU-fec40d98-ea80-e220-a49c-31ccab4741af, NVIDIA A100-SXM4-80GB, 75019, 81920, 98, 111.27, 31
nid008352,2026/05/03 16:27:15.071, 0, GPU-c8e590fe-c1df-fb38-7bf3-9ed4364cf576, NVIDIA A100-SXM4-80GB, 76665, 81920, 1, 109.94, 34
nid008352,2026/05/03 16:27:15.074, 1, GPU-5efb5c1d-1cd8-daca-bd51-2f30d62f6e1e, NVIDIA A100-SXM4-80GB, 75275, 81920, 100, 131.16, 31
nid008352,2026/05/03 16:27:15.076, 2, GPU-1d24ec01-d8bb-a3cf-73c2-7d6014d1dd4d, NVIDIA A100-SXM4-80GB, 75275, 81920, 100, 118.13, 34
nid008352,2026/05/03 16:27:15.077, 3, GPU-689a6e7c-a622-65fb-9f4d-887ba745f660, NVIDIA A100-SXM4-80GB, 75275, 81920, 100, 120.12, 32
nid008353,2026/05/03 16:27:15.944, 0, GPU-3ad85384-e7dd-8c9b-13da-56f54bf334d9, NVIDIA A100-SXM4-80GB, 75029, 81920, 30, 111.53, 33
nid008353,2026/05/03 16:27:15.951, 1, GPU-3d65dc3f-116a-1dd4-937c-6e4481a765b5, NVIDIA A100-SXM4-80GB, 75019, 81920, 58, 114.74, 31
nid008353,2026/05/03 16:27:15.958, 2, GPU-338e4806-c72e-e37a-4798-dc47c2f2de03, NVIDIA A100-SXM4-80GB, 75019, 81920, 96, 114.32, 34
nid008353,2026/05/03 16:27:15.961, 3, GPU-fec40d98-ea80-e220-a49c-31ccab4741af, NVIDIA A100-SXM4-80GB, 75019, 81920, 87, 111.16, 31
nid008352,2026/05/03 16:27:18.834, 0, GPU-c8e590fe-c1df-fb38-7bf3-9ed4364cf576, NVIDIA A100-SXM4-80GB, 76665, 81920, 2, 109.94, 34
nid008352,2026/05/03 16:27:18.836, 1, GPU-5efb5c1d-1cd8-daca-bd51-2f30d62f6e1e, NVIDIA A100-SXM4-80GB, 75275, 81920, 100, 120.83, 31
nid008352,2026/05/03 16:27:18.838, 2, GPU-1d24ec01-d8bb-a3cf-73c2-7d6014d1dd4d, NVIDIA A100-SXM4-80GB, 75275, 81920, 100, 116.57, 34
nid008352,2026/05/03 16:27:18.839, 3, GPU-689a6e7c-a622-65fb-9f4d-887ba745f660, NVIDIA A100-SXM4-80GB, 75275, 81920, 100, 115.09, 32
nid008353,2026/05/03 16:27:19.664, 0, GPU-3ad85384-e7dd-8c9b-13da-56f54bf334d9, NVIDIA A100-SXM4-80GB, 75029, 81920, 29, 136.40, 34
nid008353,2026/05/03 16:27:19.667, 1, GPU-3d65dc3f-116a-1dd4-937c-6e4481a765b5, NVIDIA A100-SXM4-80GB, 75019, 81920, 58, 114.74, 32
nid008353,2026/05/03 16:27:19.668, 2, GPU-338e4806-c72e-e37a-4798-dc47c2f2de03, NVIDIA A100-SXM4-80GB, 75019, 81920, 100, 116.18, 35
nid008353,2026/05/03 16:27:19.670, 3, GPU-fec40d98-ea80-e220-a49c-31ccab4741af, NVIDIA A100-SXM4-80GB, 75019, 81920, 93, 132.58, 32
nid008352,2026/05/03 16:27:22.527, 0, GPU-c8e590fe-c1df-fb38-7bf3-9ed4364cf576, NVIDIA A100-SXM4-80GB, 76665, 81920, 1, 123.53, 34
nid008352,2026/05/03 16:27:22.530, 1, GPU-5efb5c1d-1cd8-daca-bd51-2f30d62f6e1e, NVIDIA A100-SXM4-80GB, 75275, 81920, 100, 128.65, 31
nid008352,2026/05/03 16:27:22.532, 2, GPU-1d24ec01-d8bb-a3cf-73c2-7d6014d1dd4d, NVIDIA A100-SXM4-80GB, 75275, 81920, 100, 116.81, 33
nid008352,2026/05/03 16:27:22.533, 3, GPU-689a6e7c-a622-65fb-9f4d-887ba745f660, NVIDIA A100-SXM4-80GB, 75275, 81920, 100, 119.83, 32
nid008353,2026/05/03 16:27:23.392, 0, GPU-3ad85384-e7dd-8c9b-13da-56f54bf334d9, NVIDIA A100-SXM4-80GB, 75029, 81920, 4, 111.66, 33
nid008353,2026/05/03 16:27:23.395, 1, GPU-3d65dc3f-116a-1dd4-937c-6e4481a765b5, NVIDIA A100-SXM4-80GB, 75019, 81920, 71, 114.32, 31
nid008353,2026/05/03 16:27:23.397, 2, GPU-338e4806-c72e-e37a-4798-dc47c2f2de03, NVIDIA A100-SXM4-80GB, 75019, 81920, 90, 114.74, 34
nid008353,2026/05/03 16:27:23.398, 3, GPU-fec40d98-ea80-e220-a49c-31ccab4741af, NVIDIA A100-SXM4-80GB, 75019, 81920, 81, 117.50, 31
nid008352,2026/05/03 16:27:26.264, 0, GPU-c8e590fe-c1df-fb38-7bf3-9ed4364cf576, NVIDIA A100-SXM4-80GB, 76665, 81920, 2, 109.83, 34
nid008352,2026/05/03 16:27:26.266, 1, GPU-5efb5c1d-1cd8-daca-bd51-2f30d62f6e1e, NVIDIA A100-SXM4-80GB, 75275, 81920, 100, 143.58, 31
nid008352,2026/05/03 16:27:26.268, 2, GPU-1d24ec01-d8bb-a3cf-73c2-7d6014d1dd4d, NVIDIA A100-SXM4-80GB, 75275, 81920, 100, 119.97, 33
nid008352,2026/05/03 16:27:26.269, 3, GPU-689a6e7c-a622-65fb-9f4d-887ba745f660, NVIDIA A100-SXM4-80GB, 75275, 81920, 100, 112.62, 32
nid008353,2026/05/03 16:27:27.132, 0, GPU-3ad85384-e7dd-8c9b-13da-56f54bf334d9, NVIDIA A100-SXM4-80GB, 75029, 81920, 7, 133.46, 34
nid008353,2026/05/03 16:27:27.135, 1, GPU-3d65dc3f-116a-1dd4-937c-6e4481a765b5, NVIDIA A100-SXM4-80GB, 75019, 81920, 90, 143.81, 32
nid008353,2026/05/03 16:27:27.136, 2, GPU-338e4806-c72e-e37a-4798-dc47c2f2de03, NVIDIA A100-SXM4-80GB, 75019, 81920, 71, 144.04, 34
nid008353,2026/05/03 16:27:27.139, 3, GPU-fec40d98-ea80-e220-a49c-31ccab4741af, NVIDIA A100-SXM4-80GB, 75019, 81920, 95, 135.11, 32
nid008352,2026/05/03 16:27:30.014, 0, GPU-c8e590fe-c1df-fb38-7bf3-9ed4364cf576, NVIDIA A100-SXM4-80GB, 76665, 81920, 4, 119.83, 34
nid008352,2026/05/03 16:27:30.017, 1, GPU-5efb5c1d-1cd8-daca-bd51-2f30d62f6e1e, NVIDIA A100-SXM4-80GB, 75275, 81920, 100, 114.74, 31
nid008352,2026/05/03 16:27:30.018, 2, GPU-1d24ec01-d8bb-a3cf-73c2-7d6014d1dd4d, NVIDIA A100-SXM4-80GB, 75275, 81920, 100, 134.07, 33
nid008352,2026/05/03 16:27:30.020, 3, GPU-689a6e7c-a622-65fb-9f4d-887ba745f660, NVIDIA A100-SXM4-80GB, 75275, 81920, 100, 112.85, 32
nid008353,2026/05/03 16:27:30.876, 0, GPU-3ad85384-e7dd-8c9b-13da-56f54bf334d9, NVIDIA A100-SXM4-80GB, 75029, 81920, 16, 137.80, 34
nid008353,2026/05/03 16:27:30.878, 1, GPU-3d65dc3f-116a-1dd4-937c-6e4481a765b5, NVIDIA A100-SXM4-80GB, 75019, 81920, 83, 132.94, 32
nid008353,2026/05/03 16:27:30.880, 2, GPU-338e4806-c72e-e37a-4798-dc47c2f2de03, NVIDIA A100-SXM4-80GB, 75019, 81920, 84, 118.83, 35
nid008353,2026/05/03 16:27:30.882, 3, GPU-fec40d98-ea80-e220-a49c-31ccab4741af, NVIDIA A100-SXM4-80GB, 75019, 81920, 72, 110.06, 32
nid008352,2026/05/03 16:27:33.748, 0, GPU-c8e590fe-c1df-fb38-7bf3-9ed4364cf576, NVIDIA A100-SXM4-80GB, 76665, 81920, 1, 109.94, 34
nid008352,2026/05/03 16:27:33.751, 1, GPU-5efb5c1d-1cd8-daca-bd51-2f30d62f6e1e, NVIDIA A100-SXM4-80GB, 75275, 81920, 100, 114.98, 31
nid008352,2026/05/03 16:27:33.753, 2, GPU-1d24ec01-d8bb-a3cf-73c2-7d6014d1dd4d, NVIDIA A100-SXM4-80GB, 75275, 81920, 100, 115.76, 34
nid008352,2026/05/03 16:27:33.754, 3, GPU-689a6e7c-a622-65fb-9f4d-887ba745f660, NVIDIA A100-SXM4-80GB, 75275, 81920, 100, 112.85, 32
nid008353,2026/05/03 16:27:34.617, 0, GPU-3ad85384-e7dd-8c9b-13da-56f54bf334d9, NVIDIA A100-SXM4-80GB, 75029, 81920, 84, 111.53, 33
nid008353,2026/05/03 16:27:34.620, 1, GPU-3d65dc3f-116a-1dd4-937c-6e4481a765b5, NVIDIA A100-SXM4-80GB, 75019, 81920, 100, 114.45, 31
nid008353,2026/05/03 16:27:34.622, 2, GPU-338e4806-c72e-e37a-4798-dc47c2f2de03, NVIDIA A100-SXM4-80GB, 75019, 81920, 42, 114.45, 34
nid008353,2026/05/03 16:27:34.623, 3, GPU-fec40d98-ea80-e220-a49c-31ccab4741af, NVIDIA A100-SXM4-80GB, 75019, 81920, 96, 111.16, 32
nid008352,2026/05/03 16:27:37.497, 0, GPU-c8e590fe-c1df-fb38-7bf3-9ed4364cf576, NVIDIA A100-SXM4-80GB, 76665, 81920, 2, 119.69, 34
nid008352,2026/05/03 16:27:37.500, 1, GPU-5efb5c1d-1cd8-daca-bd51-2f30d62f6e1e, NVIDIA A100-SXM4-80GB, 75275, 81920, 100, 114.45, 31
nid008352,2026/05/03 16:27:37.502, 2, GPU-1d24ec01-d8bb-a3cf-73c2-7d6014d1dd4d, NVIDIA A100-SXM4-80GB, 75275, 81920, 100, 119.97, 34
nid008352,2026/05/03 16:27:37.503, 3, GPU-689a6e7c-a622-65fb-9f4d-887ba745f660, NVIDIA A100-SXM4-80GB, 75275, 81920, 100, 128.04, 32
nid008353,2026/05/03 16:27:38.340, 0, GPU-3ad85384-e7dd-8c9b-13da-56f54bf334d9, NVIDIA A100-SXM4-80GB, 75029, 81920, 79, 117.37, 34
nid008353,2026/05/03 16:27:38.343, 1, GPU-3d65dc3f-116a-1dd4-937c-6e4481a765b5, NVIDIA A100-SXM4-80GB, 75019, 81920, 79, 140.51, 32
nid008353,2026/05/03 16:27:38.344, 2, GPU-338e4806-c72e-e37a-4798-dc47c2f2de03, NVIDIA A100-SXM4-80GB, 75019, 81920, 97, 114.47, 34
nid008353,2026/05/03 16:27:38.346, 3, GPU-fec40d98-ea80-e220-a49c-31ccab4741af, NVIDIA A100-SXM4-80GB, 75019, 81920, 100, 112.07, 32
nid008352,2026/05/03 16:27:41.207, 0, GPU-c8e590fe-c1df-fb38-7bf3-9ed4364cf576, NVIDIA A100-SXM4-80GB, 76665, 81920, 4, 120.78, 34
nid008352,2026/05/03 16:27:41.210, 1, GPU-5efb5c1d-1cd8-daca-bd51-2f30d62f6e1e, NVIDIA A100-SXM4-80GB, 75275, 81920, 100, 127.08, 31
nid008352,2026/05/03 16:27:41.211, 2, GPU-1d24ec01-d8bb-a3cf-73c2-7d6014d1dd4d, NVIDIA A100-SXM4-80GB, 75275, 81920, 100, 130.25, 34
nid008352,2026/05/03 16:27:41.213, 3, GPU-689a6e7c-a622-65fb-9f4d-887ba745f660, NVIDIA A100-SXM4-80GB, 75275, 81920, 100, 132.18, 32
nid008353,2026/05/03 16:27:42.024, 0, GPU-3ad85384-e7dd-8c9b-13da-56f54bf334d9, NVIDIA A100-SXM4-80GB, 75029, 81920, 28, 111.53, 34
nid008353,2026/05/03 16:27:42.026, 1, GPU-3d65dc3f-116a-1dd4-937c-6e4481a765b5, NVIDIA A100-SXM4-80GB, 75019, 81920, 82, 114.61, 31
nid008353,2026/05/03 16:27:42.028, 2, GPU-338e4806-c72e-e37a-4798-dc47c2f2de03, NVIDIA A100-SXM4-80GB, 75019, 81920, 83, 114.32, 34
nid008353,2026/05/03 16:27:42.030, 3, GPU-fec40d98-ea80-e220-a49c-31ccab4741af, NVIDIA A100-SXM4-80GB, 75019, 81920, 100, 124.69, 32
nid008352,2026/05/03 16:27:44.882, 0, GPU-c8e590fe-c1df-fb38-7bf3-9ed4364cf576, NVIDIA A100-SXM4-80GB, 76665, 81920, 2, 111.68, 34
nid008352,2026/05/03 16:27:44.884, 1, GPU-5efb5c1d-1cd8-daca-bd51-2f30d62f6e1e, NVIDIA A100-SXM4-80GB, 75275, 81920, 100, 118.46, 31
nid008352,2026/05/03 16:27:44.890, 2, GPU-1d24ec01-d8bb-a3cf-73c2-7d6014d1dd4d, NVIDIA A100-SXM4-80GB, 75275, 81920, 100, 117.09, 34
nid008352,2026/05/03 16:27:44.891, 3, GPU-689a6e7c-a622-65fb-9f4d-887ba745f660, NVIDIA A100-SXM4-80GB, 75275, 81920, 100, 115.90, 32
nid008353,2026/05/03 16:27:45.713, 0, GPU-3ad85384-e7dd-8c9b-13da-56f54bf334d9, NVIDIA A100-SXM4-80GB, 75029, 81920, 47, 111.66, 34
nid008353,2026/05/03 16:27:45.716, 1, GPU-3d65dc3f-116a-1dd4-937c-6e4481a765b5, NVIDIA A100-SXM4-80GB, 75019, 81920, 89, 114.61, 31
nid008353,2026/05/03 16:27:45.718, 2, GPU-338e4806-c72e-e37a-4798-dc47c2f2de03, NVIDIA A100-SXM4-80GB, 75019, 81920, 96, 122.54, 34
nid008353,2026/05/03 16:27:45.719, 3, GPU-fec40d98-ea80-e220-a49c-31ccab4741af, NVIDIA A100-SXM4-80GB, 75019, 81920, 54, 111.16, 32
nid008352,2026/05/03 16:27:48.592, 0, GPU-c8e590fe-c1df-fb38-7bf3-9ed4364cf576, NVIDIA A100-SXM4-80GB, 76665, 81920, 5, 114.82, 34
nid008352,2026/05/03 16:27:48.594, 1, GPU-5efb5c1d-1cd8-daca-bd51-2f30d62f6e1e, NVIDIA A100-SXM4-80GB, 75275, 81920, 100, 125.44, 31
nid008352,2026/05/03 16:27:48.596, 2, GPU-1d24ec01-d8bb-a3cf-73c2-7d6014d1dd4d, NVIDIA A100-SXM4-80GB, 75275, 81920, 100, 126.32, 34
nid008352,2026/05/03 16:27:48.598, 3, GPU-689a6e7c-a622-65fb-9f4d-887ba745f660, NVIDIA A100-SXM4-80GB, 75275, 81920, 100, 123.82, 32
nid008353,2026/05/03 16:27:49.458, 0, GPU-3ad85384-e7dd-8c9b-13da-56f54bf334d9, NVIDIA A100-SXM4-80GB, 75029, 81920, 84, 115.23, 34
nid008353,2026/05/03 16:27:49.460, 1, GPU-3d65dc3f-116a-1dd4-937c-6e4481a765b5, NVIDIA A100-SXM4-80GB, 75019, 81920, 82, 141.67, 32
nid008353,2026/05/03 16:27:49.463, 2, GPU-338e4806-c72e-e37a-4798-dc47c2f2de03, NVIDIA A100-SXM4-80GB, 75019, 81920, 97, 137.45, 35
nid008353,2026/05/03 16:27:49.464, 3, GPU-fec40d98-ea80-e220-a49c-31ccab4741af, NVIDIA A100-SXM4-80GB, 75019, 81920, 81, 132.49, 32
nid008352,2026/05/03 16:27:52.332, 0, GPU-c8e590fe-c1df-fb38-7bf3-9ed4364cf576, NVIDIA A100-SXM4-80GB, 76665, 81920, 2, 110.22, 34
nid008352,2026/05/03 16:27:52.335, 1, GPU-5efb5c1d-1cd8-daca-bd51-2f30d62f6e1e, NVIDIA A100-SXM4-80GB, 75275, 81920, 100, 115.79, 31
nid008352,2026/05/03 16:27:52.336, 2, GPU-1d24ec01-d8bb-a3cf-73c2-7d6014d1dd4d, NVIDIA A100-SXM4-80GB, 75275, 81920, 100, 114.96, 34
nid008352,2026/05/03 16:27:52.338, 3, GPU-689a6e7c-a622-65fb-9f4d-887ba745f660, NVIDIA A100-SXM4-80GB, 75275, 81920, 100, 114.05, 32
nid008353,2026/05/03 16:27:53.155, 0, GPU-3ad85384-e7dd-8c9b-13da-56f54bf334d9, NVIDIA A100-SXM4-80GB, 75029, 81920, 7, 111.53, 34
nid008353,2026/05/03 16:27:53.158, 1, GPU-3d65dc3f-116a-1dd4-937c-6e4481a765b5, NVIDIA A100-SXM4-80GB, 75019, 81920, 98, 114.98, 31
nid008353,2026/05/03 16:27:53.161, 2, GPU-338e4806-c72e-e37a-4798-dc47c2f2de03, NVIDIA A100-SXM4-80GB, 75019, 81920, 97, 114.85, 34
nid008353,2026/05/03 16:27:53.163, 3, GPU-fec40d98-ea80-e220-a49c-31ccab4741af, NVIDIA A100-SXM4-80GB, 75019, 81920, 99, 111.40, 32
nid008352,2026/05/03 16:27:56.057, 0, GPU-c8e590fe-c1df-fb38-7bf3-9ed4364cf576, NVIDIA A100-SXM4-80GB, 76665, 81920, 2, 110.74, 34
nid008352,2026/05/03 16:27:56.060, 1, GPU-5efb5c1d-1cd8-daca-bd51-2f30d62f6e1e, NVIDIA A100-SXM4-80GB, 75275, 81920, 100, 114.59, 31
nid008352,2026/05/03 16:27:56.061, 2, GPU-1d24ec01-d8bb-a3cf-73c2-7d6014d1dd4d, NVIDIA A100-SXM4-80GB, 75275, 81920, 100, 121.02, 34
nid008352,2026/05/03 16:27:56.063, 3, GPU-689a6e7c-a622-65fb-9f4d-887ba745f660, NVIDIA A100-SXM4-80GB, 75275, 81920, 100, 112.85, 32
nid008353,2026/05/03 16:27:56.898, 0, GPU-3ad85384-e7dd-8c9b-13da-56f54bf334d9, NVIDIA A100-SXM4-80GB, 75029, 81920, 29, 124.77, 34
nid008353,2026/05/03 16:27:56.901, 1, GPU-3d65dc3f-116a-1dd4-937c-6e4481a765b5, NVIDIA A100-SXM4-80GB, 75019, 81920, 94, 145.90, 32
nid008353,2026/05/03 16:27:56.903, 2, GPU-338e4806-c72e-e37a-4798-dc47c2f2de03, NVIDIA A100-SXM4-80GB, 75019, 81920, 35, 139.59, 35
nid008353,2026/05/03 16:27:56.904, 3, GPU-fec40d98-ea80-e220-a49c-31ccab4741af, NVIDIA A100-SXM4-80GB, 75019, 81920, 79, 132.49, 32
nid008352,2026/05/03 16:27:59.797, 0, GPU-c8e590fe-c1df-fb38-7bf3-9ed4364cf576, NVIDIA A100-SXM4-80GB, 76665, 81920, 100, 110.63, 34
nid008352,2026/05/03 16:27:59.800, 1, GPU-5efb5c1d-1cd8-daca-bd51-2f30d62f6e1e, NVIDIA A100-SXM4-80GB, 75275, 81920, 100, 114.98, 31
nid008352,2026/05/03 16:27:59.802, 2, GPU-1d24ec01-d8bb-a3cf-73c2-7d6014d1dd4d, NVIDIA A100-SXM4-80GB, 75275, 81920, 100, 116.28, 34
nid008352,2026/05/03 16:27:59.803, 3, GPU-689a6e7c-a622-65fb-9f4d-887ba745f660, NVIDIA A100-SXM4-80GB, 75275, 81920, 100, 113.38, 32
nid008353,2026/05/03 16:28:00.670, 0, GPU-3ad85384-e7dd-8c9b-13da-56f54bf334d9, NVIDIA A100-SXM4-80GB, 75029, 81920, 100, 111.94, 34
nid008353,2026/05/03 16:28:00.673, 1, GPU-3d65dc3f-116a-1dd4-937c-6e4481a765b5, NVIDIA A100-SXM4-80GB, 75019, 81920, 100, 114.61, 32
nid008353,2026/05/03 16:28:00.675, 2, GPU-338e4806-c72e-e37a-4798-dc47c2f2de03, NVIDIA A100-SXM4-80GB, 75019, 81920, 96, 114.85, 35
nid008353,2026/05/03 16:28:00.676, 3, GPU-fec40d98-ea80-e220-a49c-31ccab4741af, NVIDIA A100-SXM4-80GB, 75019, 81920, 100, 111.55, 32
nid008352,2026/05/03 16:28:03.614, 0, GPU-c8e590fe-c1df-fb38-7bf3-9ed4364cf576, NVIDIA A100-SXM4-80GB, 76665, 81920, 100, 111.78, 35
nid008352,2026/05/03 16:28:03.617, 1, GPU-5efb5c1d-1cd8-daca-bd51-2f30d62f6e1e, NVIDIA A100-SXM4-80GB, 75275, 81920, 100, 114.98, 32
nid008352,2026/05/03 16:28:03.618, 2, GPU-1d24ec01-d8bb-a3cf-73c2-7d6014d1dd4d, NVIDIA A100-SXM4-80GB, 75275, 81920, 100, 115.48, 35
nid008352,2026/05/03 16:28:03.622, 3, GPU-689a6e7c-a622-65fb-9f4d-887ba745f660, NVIDIA A100-SXM4-80GB, 75275, 81920, 100, 113.53, 33
nid008353,2026/05/03 16:28:04.520, 0, GPU-3ad85384-e7dd-8c9b-13da-56f54bf334d9, NVIDIA A100-SXM4-80GB, 75029, 81920, 100, 112.04, 35
nid008353,2026/05/03 16:28:04.522, 1, GPU-3d65dc3f-116a-1dd4-937c-6e4481a765b5, NVIDIA A100-SXM4-80GB, 75019, 81920, 93, 114.85, 32
nid008353,2026/05/03 16:28:04.524, 2, GPU-338e4806-c72e-e37a-4798-dc47c2f2de03, NVIDIA A100-SXM4-80GB, 75019, 81920, 78, 115.13, 35
nid008353,2026/05/03 16:28:04.526, 3, GPU-fec40d98-ea80-e220-a49c-31ccab4741af, NVIDIA A100-SXM4-80GB, 75019, 81920, 94, 111.55, 32
nid008352,2026/05/03 16:28:07.421, 0, GPU-c8e590fe-c1df-fb38-7bf3-9ed4364cf576, NVIDIA A100-SXM4-80GB, 76665, 81920, 100, 161.70, 36
nid008352,2026/05/03 16:28:07.424, 1, GPU-5efb5c1d-1cd8-daca-bd51-2f30d62f6e1e, NVIDIA A100-SXM4-80GB, 75275, 81920, 100, 183.69, 34
nid008352,2026/05/03 16:28:07.426, 2, GPU-1d24ec01-d8bb-a3cf-73c2-7d6014d1dd4d, NVIDIA A100-SXM4-80GB, 75275, 81920, 100, 170.73, 36
nid008352,2026/05/03 16:28:07.428, 3, GPU-689a6e7c-a622-65fb-9f4d-887ba745f660, NVIDIA A100-SXM4-80GB, 75275, 81920, 100, 136.08, 33
nid008353,2026/05/03 16:28:08.298, 0, GPU-3ad85384-e7dd-8c9b-13da-56f54bf334d9, NVIDIA A100-SXM4-80GB, 75029, 81920, 88, 112.18, 34
nid008353,2026/05/03 16:28:08.300, 1, GPU-3d65dc3f-116a-1dd4-937c-6e4481a765b5, NVIDIA A100-SXM4-80GB, 75019, 81920, 100, 114.74, 32
nid008353,2026/05/03 16:28:08.302, 2, GPU-338e4806-c72e-e37a-4798-dc47c2f2de03, NVIDIA A100-SXM4-80GB, 75019, 81920, 100, 115.13, 35
nid008353,2026/05/03 16:28:08.304, 3, GPU-fec40d98-ea80-e220-a49c-31ccab4741af, NVIDIA A100-SXM4-80GB, 75019, 81920, 100, 111.69, 32
nid008352,2026/05/03 16:28:11.170, 0, GPU-c8e590fe-c1df-fb38-7bf3-9ed4364cf576, NVIDIA A100-SXM4-80GB, 76665, 81920, 76, 119.97, 35
nid008352,2026/05/03 16:28:11.176, 1, GPU-5efb5c1d-1cd8-daca-bd51-2f30d62f6e1e, NVIDIA A100-SXM4-80GB, 75275, 81920, 62, 117.88, 32
nid008352,2026/05/03 16:28:11.178, 2, GPU-1d24ec01-d8bb-a3cf-73c2-7d6014d1dd4d, NVIDIA A100-SXM4-80GB, 75275, 81920, 86, 122.11, 34
nid008352,2026/05/03 16:28:11.179, 3, GPU-689a6e7c-a622-65fb-9f4d-887ba745f660, NVIDIA A100-SXM4-80GB, 75275, 81920, 53, 119.08, 32
nid008353,2026/05/03 16:28:11.985, 0, GPU-3ad85384-e7dd-8c9b-13da-56f54bf334d9, NVIDIA A100-SXM4-80GB, 75029, 81920, 33, 120.55, 34
nid008353,2026/05/03 16:28:11.988, 1, GPU-3d65dc3f-116a-1dd4-937c-6e4481a765b5, NVIDIA A100-SXM4-80GB, 75019, 81920, 0, 115.13, 32
nid008353,2026/05/03 16:28:11.989, 2, GPU-338e4806-c72e-e37a-4798-dc47c2f2de03, NVIDIA A100-SXM4-80GB, 75019, 81920, 54, 124.77, 35
nid008353,2026/05/03 16:28:11.991, 3, GPU-fec40d98-ea80-e220-a49c-31ccab4741af, NVIDIA A100-SXM4-80GB, 75019, 81920, 44, 139.34, 32
nid008352,2026/05/03 16:28:14.868, 0, GPU-c8e590fe-c1df-fb38-7bf3-9ed4364cf576, NVIDIA A100-SXM4-80GB, 76665, 81920, 38, 110.35, 34
nid008352,2026/05/03 16:28:14.872, 1, GPU-5efb5c1d-1cd8-daca-bd51-2f30d62f6e1e, NVIDIA A100-SXM4-80GB, 75275, 81920, 94, 118.69, 31
nid008352,2026/05/03 16:28:14.873, 2, GPU-1d24ec01-d8bb-a3cf-73c2-7d6014d1dd4d, NVIDIA A100-SXM4-80GB, 75275, 81920, 100, 115.76, 34
nid008352,2026/05/03 16:28:14.875, 3, GPU-689a6e7c-a622-65fb-9f4d-887ba745f660, NVIDIA A100-SXM4-80GB, 75275, 81920, 65, 113.90, 32
nid008353,2026/05/03 16:28:15.710, 0, GPU-3ad85384-e7dd-8c9b-13da-56f54bf334d9, NVIDIA A100-SXM4-80GB, 75029, 81920, 0, 111.66, 34
nid008353,2026/05/03 16:28:15.713, 1, GPU-3d65dc3f-116a-1dd4-937c-6e4481a765b5, NVIDIA A100-SXM4-80GB, 75019, 81920, 53, 114.61, 32
nid008353,2026/05/03 16:28:15.714, 2, GPU-338e4806-c72e-e37a-4798-dc47c2f2de03, NVIDIA A100-SXM4-80GB, 75019, 81920, 84, 114.61, 35
nid008353,2026/05/03 16:28:15.716, 3, GPU-fec40d98-ea80-e220-a49c-31ccab4741af, NVIDIA A100-SXM4-80GB, 75019, 81920, 25, 111.40, 32
nid008352,2026/05/03 16:28:18.581, 0, GPU-c8e590fe-c1df-fb38-7bf3-9ed4364cf576, NVIDIA A100-SXM4-80GB, 76665, 81920, 11, 113.76, 34
nid008352,2026/05/03 16:28:18.584, 1, GPU-5efb5c1d-1cd8-daca-bd51-2f30d62f6e1e, NVIDIA A100-SXM4-80GB, 75275, 81920, 90, 126.25, 31
nid008352,2026/05/03 16:28:18.586, 2, GPU-1d24ec01-d8bb-a3cf-73c2-7d6014d1dd4d, NVIDIA A100-SXM4-80GB, 75275, 81920, 100, 119.97, 34
nid008352,2026/05/03 16:28:18.587, 3, GPU-689a6e7c-a622-65fb-9f4d-887ba745f660, NVIDIA A100-SXM4-80GB, 75275, 81920, 100, 121.07, 32
nid008353,2026/05/03 16:28:19.441, 0, GPU-3ad85384-e7dd-8c9b-13da-56f54bf334d9, NVIDIA A100-SXM4-80GB, 75029, 81920, 21, 121.21, 34
nid008353,2026/05/03 16:28:19.444, 1, GPU-3d65dc3f-116a-1dd4-937c-6e4481a765b5, NVIDIA A100-SXM4-80GB, 75019, 81920, 50, 114.45, 32
nid008353,2026/05/03 16:28:19.445, 2, GPU-338e4806-c72e-e37a-4798-dc47c2f2de03, NVIDIA A100-SXM4-80GB, 75019, 81920, 78, 116.99, 35
nid008353,2026/05/03 16:28:19.447, 3, GPU-fec40d98-ea80-e220-a49c-31ccab4741af, NVIDIA A100-SXM4-80GB, 75019, 81920, 91, 111.40, 32
nid008352,2026/05/03 16:28:22.322, 0, GPU-c8e590fe-c1df-fb38-7bf3-9ed4364cf576, NVIDIA A100-SXM4-80GB, 76665, 81920, 6, 115.76, 34
nid008352,2026/05/03 16:28:22.325, 1, GPU-5efb5c1d-1cd8-daca-bd51-2f30d62f6e1e, NVIDIA A100-SXM4-80GB, 75275, 81920, 99, 114.98, 31
nid008352,2026/05/03 16:28:22.326, 2, GPU-1d24ec01-d8bb-a3cf-73c2-7d6014d1dd4d, NVIDIA A100-SXM4-80GB, 75275, 81920, 100, 114.96, 34
nid008352,2026/05/03 16:28:22.328, 3, GPU-689a6e7c-a622-65fb-9f4d-887ba745f660, NVIDIA A100-SXM4-80GB, 75275, 81920, 100, 113.53, 32
nid008353,2026/05/03 16:28:23.147, 0, GPU-3ad85384-e7dd-8c9b-13da-56f54bf334d9, NVIDIA A100-SXM4-80GB, 75029, 81920, 86, 127.38, 34
nid008353,2026/05/03 16:28:23.150, 1, GPU-3d65dc3f-116a-1dd4-937c-6e4481a765b5, NVIDIA A100-SXM4-80GB, 75019, 81920, 95, 137.09, 32
nid008353,2026/05/03 16:28:23.152, 2, GPU-338e4806-c72e-e37a-4798-dc47c2f2de03, NVIDIA A100-SXM4-80GB, 75019, 81920, 67, 114.74, 35
nid008353,2026/05/03 16:28:23.156, 3, GPU-fec40d98-ea80-e220-a49c-31ccab4741af, NVIDIA A100-SXM4-80GB, 75019, 81920, 96, 111.40, 32
nid008352,2026/05/03 16:28:26.005, 0, GPU-c8e590fe-c1df-fb38-7bf3-9ed4364cf576, NVIDIA A100-SXM4-80GB, 76665, 81920, 2, 115.48, 34
nid008352,2026/05/03 16:28:26.008, 1, GPU-5efb5c1d-1cd8-daca-bd51-2f30d62f6e1e, NVIDIA A100-SXM4-80GB, 75275, 81920, 100, 131.16, 31
nid008352,2026/05/03 16:28:26.010, 2, GPU-1d24ec01-d8bb-a3cf-73c2-7d6014d1dd4d, NVIDIA A100-SXM4-80GB, 75275, 81920, 100, 123.39, 34
nid008352,2026/05/03 16:28:26.011, 3, GPU-689a6e7c-a622-65fb-9f4d-887ba745f660, NVIDIA A100-SXM4-80GB, 75275, 81920, 100, 126.47, 32
nid008353,2026/05/03 16:28:26.892, 0, GPU-3ad85384-e7dd-8c9b-13da-56f54bf334d9, NVIDIA A100-SXM4-80GB, 75029, 81920, 36, 111.66, 34
nid008353,2026/05/03 16:28:26.895, 1, GPU-3d65dc3f-116a-1dd4-937c-6e4481a765b5, NVIDIA A100-SXM4-80GB, 75019, 81920, 84, 114.61, 32
nid008353,2026/05/03 16:28:26.896, 2, GPU-338e4806-c72e-e37a-4798-dc47c2f2de03, NVIDIA A100-SXM4-80GB, 75019, 81920, 70, 118.41, 35
nid008353,2026/05/03 16:28:26.898, 3, GPU-fec40d98-ea80-e220-a49c-31ccab4741af, NVIDIA A100-SXM4-80GB, 75019, 81920, 53, 111.27, 32
nid008352,2026/05/03 16:28:29.815, 0, GPU-c8e590fe-c1df-fb38-7bf3-9ed4364cf576, NVIDIA A100-SXM4-80GB, 76665, 81920, 2, 110.88, 34
nid008352,2026/05/03 16:28:29.818, 1, GPU-5efb5c1d-1cd8-daca-bd51-2f30d62f6e1e, NVIDIA A100-SXM4-80GB, 75275, 81920, 100, 114.59, 31
nid008352,2026/05/03 16:28:29.819, 2, GPU-1d24ec01-d8bb-a3cf-73c2-7d6014d1dd4d, NVIDIA A100-SXM4-80GB, 75275, 81920, 100, 130.25, 34
nid008352,2026/05/03 16:28:29.821, 3, GPU-689a6e7c-a622-65fb-9f4d-887ba745f660, NVIDIA A100-SXM4-80GB, 75275, 81920, 100, 112.75, 32
nid008353,2026/05/03 16:28:30.656, 0, GPU-3ad85384-e7dd-8c9b-13da-56f54bf334d9, NVIDIA A100-SXM4-80GB, 75029, 81920, 59, 111.53, 34
nid008353,2026/05/03 16:28:30.658, 1, GPU-3d65dc3f-116a-1dd4-937c-6e4481a765b5, NVIDIA A100-SXM4-80GB, 75019, 81920, 97, 114.74, 32
nid008353,2026/05/03 16:28:30.660, 2, GPU-338e4806-c72e-e37a-4798-dc47c2f2de03, NVIDIA A100-SXM4-80GB, 75019, 81920, 99, 114.61, 34
nid008353,2026/05/03 16:28:30.664, 3, GPU-fec40d98-ea80-e220-a49c-31ccab4741af, NVIDIA A100-SXM4-80GB, 75019, 81920, 19, 111.40, 32
nid008352,2026/05/03 16:28:33.567, 0, GPU-c8e590fe-c1df-fb38-7bf3-9ed4364cf576, NVIDIA A100-SXM4-80GB, 76665, 81920, 2, 110.07, 34
nid008352,2026/05/03 16:28:33.569, 1, GPU-5efb5c1d-1cd8-daca-bd51-2f30d62f6e1e, NVIDIA A100-SXM4-80GB, 75275, 81920, 100, 114.74, 31
nid008352,2026/05/03 16:28:33.571, 2, GPU-1d24ec01-d8bb-a3cf-73c2-7d6014d1dd4d, NVIDIA A100-SXM4-80GB, 75275, 81920, 100, 114.72, 34
nid008352,2026/05/03 16:28:33.572, 3, GPU-689a6e7c-a622-65fb-9f4d-887ba745f660, NVIDIA A100-SXM4-80GB, 75275, 81920, 100, 112.85, 32
nid008353,2026/05/03 16:28:34.394, 0, GPU-3ad85384-e7dd-8c9b-13da-56f54bf334d9, NVIDIA A100-SXM4-80GB, 75029, 81920, 22, 111.66, 34
nid008353,2026/05/03 16:28:34.397, 1, GPU-3d65dc3f-116a-1dd4-937c-6e4481a765b5, NVIDIA A100-SXM4-80GB, 75019, 81920, 74, 114.45, 32
nid008353,2026/05/03 16:28:34.398, 2, GPU-338e4806-c72e-e37a-4798-dc47c2f2de03, NVIDIA A100-SXM4-80GB, 75019, 81920, 68, 114.61, 34
nid008353,2026/05/03 16:28:34.400, 3, GPU-fec40d98-ea80-e220-a49c-31ccab4741af, NVIDIA A100-SXM4-80GB, 75019, 81920, 52, 111.40, 32
nid008352,2026/05/03 16:28:37.275, 0, GPU-c8e590fe-c1df-fb38-7bf3-9ed4364cf576, NVIDIA A100-SXM4-80GB, 76665, 81920, 2, 109.94, 34
nid008352,2026/05/03 16:28:37.281, 1, GPU-5efb5c1d-1cd8-daca-bd51-2f30d62f6e1e, NVIDIA A100-SXM4-80GB, 75275, 81920, 100, 114.74, 31
nid008352,2026/05/03 16:28:37.282, 2, GPU-1d24ec01-d8bb-a3cf-73c2-7d6014d1dd4d, NVIDIA A100-SXM4-80GB, 75275, 81920, 100, 114.72, 34
nid008352,2026/05/03 16:28:37.284, 3, GPU-689a6e7c-a622-65fb-9f4d-887ba745f660, NVIDIA A100-SXM4-80GB, 75275, 81920, 100, 112.85, 32
nid008353,2026/05/03 16:28:38.134, 0, GPU-3ad85384-e7dd-8c9b-13da-56f54bf334d9, NVIDIA A100-SXM4-80GB, 75029, 81920, 47, 129.24, 34
nid008353,2026/05/03 16:28:38.140, 1, GPU-3d65dc3f-116a-1dd4-937c-6e4481a765b5, NVIDIA A100-SXM4-80GB, 75019, 81920, 21, 115.36, 32
nid008353,2026/05/03 16:28:38.145, 2, GPU-338e4806-c72e-e37a-4798-dc47c2f2de03, NVIDIA A100-SXM4-80GB, 75019, 81920, 77, 127.53, 35
nid008353,2026/05/03 16:28:38.152, 3, GPU-fec40d98-ea80-e220-a49c-31ccab4741af, NVIDIA A100-SXM4-80GB, 75019, 81920, 88, 111.40, 32
nid008352,2026/05/03 16:28:41.029, 0, GPU-c8e590fe-c1df-fb38-7bf3-9ed4364cf576, NVIDIA A100-SXM4-80GB, 76665, 81920, 2, 113.39, 34
nid008352,2026/05/03 16:28:41.032, 1, GPU-5efb5c1d-1cd8-daca-bd51-2f30d62f6e1e, NVIDIA A100-SXM4-80GB, 75275, 81920, 100, 114.45, 31
nid008352,2026/05/03 16:28:41.034, 2, GPU-1d24ec01-d8bb-a3cf-73c2-7d6014d1dd4d, NVIDIA A100-SXM4-80GB, 75275, 81920, 100, 114.72, 34
nid008352,2026/05/03 16:28:41.035, 3, GPU-689a6e7c-a622-65fb-9f4d-887ba745f660, NVIDIA A100-SXM4-80GB, 75275, 81920, 100, 126.86, 32
nid008353,2026/05/03 16:28:41.869, 0, GPU-3ad85384-e7dd-8c9b-13da-56f54bf334d9, NVIDIA A100-SXM4-80GB, 75029, 81920, 90, 111.53, 34
nid008353,2026/05/03 16:28:41.871, 1, GPU-3d65dc3f-116a-1dd4-937c-6e4481a765b5, NVIDIA A100-SXM4-80GB, 75019, 81920, 67, 114.61, 32
nid008353,2026/05/03 16:28:41.873, 2, GPU-338e4806-c72e-e37a-4798-dc47c2f2de03, NVIDIA A100-SXM4-80GB, 75019, 81920, 93, 114.71, 34
nid008353,2026/05/03 16:28:41.874, 3, GPU-fec40d98-ea80-e220-a49c-31ccab4741af, NVIDIA A100-SXM4-80GB, 75019, 81920, 16, 111.40, 32
nid008352,2026/05/03 16:28:44.730, 0, GPU-c8e590fe-c1df-fb38-7bf3-9ed4364cf576, NVIDIA A100-SXM4-80GB, 76665, 81920, 5, 109.94, 34
nid008352,2026/05/03 16:28:44.733, 1, GPU-5efb5c1d-1cd8-daca-bd51-2f30d62f6e1e, NVIDIA A100-SXM4-80GB, 75275, 81920, 100, 115.50, 31
nid008352,2026/05/03 16:28:44.734, 2, GPU-1d24ec01-d8bb-a3cf-73c2-7d6014d1dd4d, NVIDIA A100-SXM4-80GB, 75275, 81920, 100, 115.48, 34
nid008352,2026/05/03 16:28:44.736, 3, GPU-689a6e7c-a622-65fb-9f4d-887ba745f660, NVIDIA A100-SXM4-80GB, 75275, 81920, 100, 113.14, 32
nid008353,2026/05/03 16:28:45.589, 0, GPU-3ad85384-e7dd-8c9b-13da-56f54bf334d9, NVIDIA A100-SXM4-80GB, 75029, 81920, 44, 111.66, 34
nid008353,2026/05/03 16:28:45.592, 1, GPU-3d65dc3f-116a-1dd4-937c-6e4481a765b5, NVIDIA A100-SXM4-80GB, 75019, 81920, 91, 114.45, 32
nid008353,2026/05/03 16:28:45.594, 2, GPU-338e4806-c72e-e37a-4798-dc47c2f2de03, NVIDIA A100-SXM4-80GB, 75019, 81920, 74, 132.70, 35
nid008353,2026/05/03 16:28:45.595, 3, GPU-fec40d98-ea80-e220-a49c-31ccab4741af, NVIDIA A100-SXM4-80GB, 75019, 81920, 96, 111.69, 32
nid008352,2026/05/03 16:28:48.450, 0, GPU-c8e590fe-c1df-fb38-7bf3-9ed4364cf576, NVIDIA A100-SXM4-80GB, 76665, 81920, 2, 109.94, 34
nid008352,2026/05/03 16:28:48.453, 1, GPU-5efb5c1d-1cd8-daca-bd51-2f30d62f6e1e, NVIDIA A100-SXM4-80GB, 75275, 81920, 100, 117.12, 31
nid008352,2026/05/03 16:28:48.454, 2, GPU-1d24ec01-d8bb-a3cf-73c2-7d6014d1dd4d, NVIDIA A100-SXM4-80GB, 75275, 81920, 100, 115.76, 34
nid008352,2026/05/03 16:28:48.456, 3, GPU-689a6e7c-a622-65fb-9f4d-887ba745f660, NVIDIA A100-SXM4-80GB, 75275, 81920, 100, 113.38, 32
nid008353,2026/05/03 16:28:49.306, 0, GPU-3ad85384-e7dd-8c9b-13da-56f54bf334d9, NVIDIA A100-SXM4-80GB, 75029, 81920, 18, 111.53, 34
nid008353,2026/05/03 16:28:49.309, 1, GPU-3d65dc3f-116a-1dd4-937c-6e4481a765b5, NVIDIA A100-SXM4-80GB, 75019, 81920, 97, 114.45, 32
nid008353,2026/05/03 16:28:49.311, 2, GPU-338e4806-c72e-e37a-4798-dc47c2f2de03, NVIDIA A100-SXM4-80GB, 75019, 81920, 96, 114.61, 34
nid008353,2026/05/03 16:28:49.312, 3, GPU-fec40d98-ea80-e220-a49c-31ccab4741af, NVIDIA A100-SXM4-80GB, 75019, 81920, 97, 111.16, 32
nid008352,2026/05/03 16:28:52.229, 0, GPU-c8e590fe-c1df-fb38-7bf3-9ed4364cf576, NVIDIA A100-SXM4-80GB, 76665, 81920, 1, 123.96, 34
nid008352,2026/05/03 16:28:52.232, 1, GPU-5efb5c1d-1cd8-daca-bd51-2f30d62f6e1e, NVIDIA A100-SXM4-80GB, 75275, 81920, 100, 114.45, 31
nid008352,2026/05/03 16:28:52.233, 2, GPU-1d24ec01-d8bb-a3cf-73c2-7d6014d1dd4d, NVIDIA A100-SXM4-80GB, 75275, 81920, 100, 114.72, 34
nid008352,2026/05/03 16:28:52.235, 3, GPU-689a6e7c-a622-65fb-9f4d-887ba745f660, NVIDIA A100-SXM4-80GB, 75275, 81920, 100, 112.62, 32
nid008353,2026/05/03 16:28:53.118, 0, GPU-3ad85384-e7dd-8c9b-13da-56f54bf334d9, NVIDIA A100-SXM4-80GB, 75029, 81920, 66, 112.75, 34
nid008353,2026/05/03 16:28:53.121, 1, GPU-3d65dc3f-116a-1dd4-937c-6e4481a765b5, NVIDIA A100-SXM4-80GB, 75019, 81920, 88, 114.61, 32
nid008353,2026/05/03 16:28:53.123, 2, GPU-338e4806-c72e-e37a-4798-dc47c2f2de03, NVIDIA A100-SXM4-80GB, 75019, 81920, 92, 114.85, 35
nid008353,2026/05/03 16:28:53.124, 3, GPU-fec40d98-ea80-e220-a49c-31ccab4741af, NVIDIA A100-SXM4-80GB, 75019, 81920, 100, 111.27, 32
nid008352,2026/05/03 16:28:55.991, 0, GPU-c8e590fe-c1df-fb38-7bf3-9ed4364cf576, NVIDIA A100-SXM4-80GB, 76665, 81920, 2, 110.07, 34
nid008352,2026/05/03 16:28:55.993, 1, GPU-5efb5c1d-1cd8-daca-bd51-2f30d62f6e1e, NVIDIA A100-SXM4-80GB, 75275, 81920, 100, 117.36, 31
nid008352,2026/05/03 16:28:55.999, 2, GPU-1d24ec01-d8bb-a3cf-73c2-7d6014d1dd4d, NVIDIA A100-SXM4-80GB, 75275, 81920, 100, 114.96, 34
nid008352,2026/05/03 16:28:56.001, 3, GPU-689a6e7c-a622-65fb-9f4d-887ba745f660, NVIDIA A100-SXM4-80GB, 75275, 81920, 100, 112.85, 32
nid008353,2026/05/03 16:28:56.834, 0, GPU-3ad85384-e7dd-8c9b-13da-56f54bf334d9, NVIDIA A100-SXM4-80GB, 75029, 81920, 45, 138.78, 34
nid008353,2026/05/03 16:28:56.837, 1, GPU-3d65dc3f-116a-1dd4-937c-6e4481a765b5, NVIDIA A100-SXM4-80GB, 75019, 81920, 98, 132.86, 32
nid008353,2026/05/03 16:28:56.838, 2, GPU-338e4806-c72e-e37a-4798-dc47c2f2de03, NVIDIA A100-SXM4-80GB, 75019, 81920, 94, 136.40, 35
nid008353,2026/05/03 16:28:56.840, 3, GPU-fec40d98-ea80-e220-a49c-31ccab4741af, NVIDIA A100-SXM4-80GB, 75019, 81920, 92, 136.57, 32
nid008352,2026/05/03 16:28:59.702, 0, GPU-c8e590fe-c1df-fb38-7bf3-9ed4364cf576, NVIDIA A100-SXM4-80GB, 76665, 81920, 3, 113.91, 34
nid008352,2026/05/03 16:28:59.705, 1, GPU-5efb5c1d-1cd8-daca-bd51-2f30d62f6e1e, NVIDIA A100-SXM4-80GB, 75275, 81920, 100, 114.45, 31
nid008352,2026/05/03 16:28:59.706, 2, GPU-1d24ec01-d8bb-a3cf-73c2-7d6014d1dd4d, NVIDIA A100-SXM4-80GB, 75275, 81920, 100, 136.44, 34
nid008352,2026/05/03 16:28:59.708, 3, GPU-689a6e7c-a622-65fb-9f4d-887ba745f660, NVIDIA A100-SXM4-80GB, 75275, 81920, 100, 138.61, 32
nid008353,2026/05/03 16:29:00.558, 0, GPU-3ad85384-e7dd-8c9b-13da-56f54bf334d9, NVIDIA A100-SXM4-80GB, 75029, 81920, 33, 137.97, 34
nid008353,2026/05/03 16:29:00.561, 1, GPU-3d65dc3f-116a-1dd4-937c-6e4481a765b5, NVIDIA A100-SXM4-80GB, 75019, 81920, 76, 120.69, 31
nid008353,2026/05/03 16:29:00.563, 2, GPU-338e4806-c72e-e37a-4798-dc47c2f2de03, NVIDIA A100-SXM4-80GB, 75019, 81920, 83, 138.66, 35
nid008353,2026/05/03 16:29:00.564, 3, GPU-fec40d98-ea80-e220-a49c-31ccab4741af, NVIDIA A100-SXM4-80GB, 75019, 81920, 91, 133.02, 32
nid008352,2026/05/03 16:29:03.431, 0, GPU-c8e590fe-c1df-fb38-7bf3-9ed4364cf576, NVIDIA A100-SXM4-80GB, 76665, 81920, 44, 112.07, 34
nid008352,2026/05/03 16:29:03.434, 1, GPU-5efb5c1d-1cd8-daca-bd51-2f30d62f6e1e, NVIDIA A100-SXM4-80GB, 75275, 81920, 100, 122.12, 31
nid008352,2026/05/03 16:29:03.435, 2, GPU-1d24ec01-d8bb-a3cf-73c2-7d6014d1dd4d, NVIDIA A100-SXM4-80GB, 75275, 81920, 100, 129.34, 34
nid008352,2026/05/03 16:29:03.441, 3, GPU-689a6e7c-a622-65fb-9f4d-887ba745f660, NVIDIA A100-SXM4-80GB, 75275, 81920, 100, 127.80, 32
nid008353,2026/05/03 16:29:04.271, 0, GPU-3ad85384-e7dd-8c9b-13da-56f54bf334d9, NVIDIA A100-SXM4-80GB, 75029, 81920, 34, 111.66, 34
nid008353,2026/05/03 16:29:04.274, 1, GPU-3d65dc3f-116a-1dd4-937c-6e4481a765b5, NVIDIA A100-SXM4-80GB, 75019, 81920, 99, 114.32, 31
nid008353,2026/05/03 16:29:04.276, 2, GPU-338e4806-c72e-e37a-4798-dc47c2f2de03, NVIDIA A100-SXM4-80GB, 75019, 81920, 59, 114.61, 34
nid008353,2026/05/03 16:29:04.277, 3, GPU-fec40d98-ea80-e220-a49c-31ccab4741af, NVIDIA A100-SXM4-80GB, 75019, 81920, 89, 111.16, 32
nid008352,2026/05/03 16:29:07.151, 0, GPU-c8e590fe-c1df-fb38-7bf3-9ed4364cf576, NVIDIA A100-SXM4-80GB, 76665, 81920, 2, 109.70, 34
nid008352,2026/05/03 16:29:07.154, 1, GPU-5efb5c1d-1cd8-daca-bd51-2f30d62f6e1e, NVIDIA A100-SXM4-80GB, 75275, 81920, 100, 114.45, 31
nid008352,2026/05/03 16:29:07.155, 2, GPU-1d24ec01-d8bb-a3cf-73c2-7d6014d1dd4d, NVIDIA A100-SXM4-80GB, 75275, 81920, 100, 114.96, 34
nid008352,2026/05/03 16:29:07.157, 3, GPU-689a6e7c-a622-65fb-9f4d-887ba745f660, NVIDIA A100-SXM4-80GB, 75275, 81920, 100, 112.85, 32
nid008353,2026/05/03 16:29:08.009, 0, GPU-3ad85384-e7dd-8c9b-13da-56f54bf334d9, NVIDIA A100-SXM4-80GB, 75029, 81920, 42, 111.53, 34
nid008353,2026/05/03 16:29:08.011, 1, GPU-3d65dc3f-116a-1dd4-937c-6e4481a765b5, NVIDIA A100-SXM4-80GB, 75019, 81920, 93, 115.50, 32
nid008353,2026/05/03 16:29:08.013, 2, GPU-338e4806-c72e-e37a-4798-dc47c2f2de03, NVIDIA A100-SXM4-80GB, 75019, 81920, 89, 126.86, 35
nid008353,2026/05/03 16:29:08.015, 3, GPU-fec40d98-ea80-e220-a49c-31ccab4741af, NVIDIA A100-SXM4-80GB, 75019, 81920, 100, 111.69, 32
nid008352,2026/05/03 16:29:10.917, 0, GPU-c8e590fe-c1df-fb38-7bf3-9ed4364cf576, NVIDIA A100-SXM4-80GB, 76665, 81920, 2, 112.07, 34
nid008352,2026/05/03 16:29:10.920, 1, GPU-5efb5c1d-1cd8-daca-bd51-2f30d62f6e1e, NVIDIA A100-SXM4-80GB, 75275, 81920, 100, 114.45, 31
nid008352,2026/05/03 16:29:10.921, 2, GPU-1d24ec01-d8bb-a3cf-73c2-7d6014d1dd4d, NVIDIA A100-SXM4-80GB, 75275, 81920, 100, 134.47, 34
nid008352,2026/05/03 16:29:10.923, 3, GPU-689a6e7c-a622-65fb-9f4d-887ba745f660, NVIDIA A100-SXM4-80GB, 75275, 81920, 100, 133.22, 32
nid008353,2026/05/03 16:29:11.776, 0, GPU-3ad85384-e7dd-8c9b-13da-56f54bf334d9, NVIDIA A100-SXM4-80GB, 75029, 81920, 12, 111.53, 34
nid008353,2026/05/03 16:29:11.779, 1, GPU-3d65dc3f-116a-1dd4-937c-6e4481a765b5, NVIDIA A100-SXM4-80GB, 75019, 81920, 100, 114.61, 32
nid008353,2026/05/03 16:29:11.781, 2, GPU-338e4806-c72e-e37a-4798-dc47c2f2de03, NVIDIA A100-SXM4-80GB, 75019, 81920, 83, 114.61, 35
nid008353,2026/05/03 16:29:11.782, 3, GPU-fec40d98-ea80-e220-a49c-31ccab4741af, NVIDIA A100-SXM4-80GB, 75019, 81920, 64, 111.69, 32
nid008352,2026/05/03 16:29:14.655, 0, GPU-c8e590fe-c1df-fb38-7bf3-9ed4364cf576, NVIDIA A100-SXM4-80GB, 76665, 81920, 1, 110.63, 34
nid008352,2026/05/03 16:29:14.662, 1, GPU-5efb5c1d-1cd8-daca-bd51-2f30d62f6e1e, NVIDIA A100-SXM4-80GB, 75275, 81920, 100, 114.59, 31
nid008352,2026/05/03 16:29:14.666, 2, GPU-1d24ec01-d8bb-a3cf-73c2-7d6014d1dd4d, NVIDIA A100-SXM4-80GB, 75275, 81920, 100, 114.72, 34
nid008352,2026/05/03 16:29:14.671, 3, GPU-689a6e7c-a622-65fb-9f4d-887ba745f660, NVIDIA A100-SXM4-80GB, 75275, 81920, 100, 112.85, 32
nid008353,2026/05/03 16:29:15.558, 0, GPU-3ad85384-e7dd-8c9b-13da-56f54bf334d9, NVIDIA A100-SXM4-80GB, 75029, 81920, 50, 111.42, 34
nid008353,2026/05/03 16:29:15.561, 1, GPU-3d65dc3f-116a-1dd4-937c-6e4481a765b5, NVIDIA A100-SXM4-80GB, 75019, 81920, 68, 114.61, 31
nid008353,2026/05/03 16:29:15.563, 2, GPU-338e4806-c72e-e37a-4798-dc47c2f2de03, NVIDIA A100-SXM4-80GB, 75019, 81920, 92, 114.61, 34
nid008353,2026/05/03 16:29:15.564, 3, GPU-fec40d98-ea80-e220-a49c-31ccab4741af, NVIDIA A100-SXM4-80GB, 75019, 81920, 68, 111.27, 32
nid008352,2026/05/03 16:29:18.442, 0, GPU-c8e590fe-c1df-fb38-7bf3-9ed4364cf576, NVIDIA A100-SXM4-80GB, 76665, 81920, 2, 111.68, 34
nid008352,2026/05/03 16:29:18.445, 1, GPU-5efb5c1d-1cd8-daca-bd51-2f30d62f6e1e, NVIDIA A100-SXM4-80GB, 75275, 81920, 100, 114.45, 31
nid008352,2026/05/03 16:29:18.446, 2, GPU-1d24ec01-d8bb-a3cf-73c2-7d6014d1dd4d, NVIDIA A100-SXM4-80GB, 75275, 81920, 100, 114.72, 34
nid008352,2026/05/03 16:29:18.448, 3, GPU-689a6e7c-a622-65fb-9f4d-887ba745f660, NVIDIA A100-SXM4-80GB, 75275, 81920, 100, 138.97, 32
nid008353,2026/05/03 16:29:19.288, 0, GPU-3ad85384-e7dd-8c9b-13da-56f54bf334d9, NVIDIA A100-SXM4-80GB, 75029, 81920, 70, 111.53, 34
nid008353,2026/05/03 16:29:19.290, 1, GPU-3d65dc3f-116a-1dd4-937c-6e4481a765b5, NVIDIA A100-SXM4-80GB, 75019, 81920, 84, 114.61, 32
nid008353,2026/05/03 16:29:19.292, 2, GPU-338e4806-c72e-e37a-4798-dc47c2f2de03, NVIDIA A100-SXM4-80GB, 75019, 81920, 67, 114.45, 34
nid008353,2026/05/03 16:29:19.293, 3, GPU-fec40d98-ea80-e220-a49c-31ccab4741af, NVIDIA A100-SXM4-80GB, 75019, 81920, 24, 111.27, 32
nid008352,2026/05/03 16:29:22.163, 0, GPU-c8e590fe-c1df-fb38-7bf3-9ed4364cf576, NVIDIA A100-SXM4-80GB, 76665, 81920, 5, 126.32, 34
nid008352,2026/05/03 16:29:22.166, 1, GPU-5efb5c1d-1cd8-daca-bd51-2f30d62f6e1e, NVIDIA A100-SXM4-80GB, 75275, 81920, 100, 114.98, 31
nid008352,2026/05/03 16:29:22.168, 2, GPU-1d24ec01-d8bb-a3cf-73c2-7d6014d1dd4d, NVIDIA A100-SXM4-80GB, 75275, 81920, 100, 114.72, 34
nid008352,2026/05/03 16:29:22.170, 3, GPU-689a6e7c-a622-65fb-9f4d-887ba745f660, NVIDIA A100-SXM4-80GB, 75275, 81920, 100, 112.85, 32
nid008353,2026/05/03 16:29:23.051, 0, GPU-3ad85384-e7dd-8c9b-13da-56f54bf334d9, NVIDIA A100-SXM4-80GB, 75029, 81920, 0, 125.01, 34
nid008353,2026/05/03 16:29:23.054, 1, GPU-3d65dc3f-116a-1dd4-937c-6e4481a765b5, NVIDIA A100-SXM4-80GB, 75019, 81920, 100, 114.61, 32
nid008353,2026/05/03 16:29:23.056, 2, GPU-338e4806-c72e-e37a-4798-dc47c2f2de03, NVIDIA A100-SXM4-80GB, 75019, 81920, 100, 145.84, 35
nid008353,2026/05/03 16:29:23.057, 3, GPU-fec40d98-ea80-e220-a49c-31ccab4741af, NVIDIA A100-SXM4-80GB, 75019, 81920, 75, 128.49, 32
nid008352,2026/05/03 16:29:25.919, 0, GPU-c8e590fe-c1df-fb38-7bf3-9ed4364cf576, NVIDIA A100-SXM4-80GB, 76665, 81920, 1, 113.91, 34
nid008352,2026/05/03 16:29:25.922, 1, GPU-5efb5c1d-1cd8-daca-bd51-2f30d62f6e1e, NVIDIA A100-SXM4-80GB, 75275, 81920, 100, 114.59, 31
nid008352,2026/05/03 16:29:25.924, 2, GPU-1d24ec01-d8bb-a3cf-73c2-7d6014d1dd4d, NVIDIA A100-SXM4-80GB, 75275, 81920, 100, 126.84, 34
nid008352,2026/05/03 16:29:25.925, 3, GPU-689a6e7c-a622-65fb-9f4d-887ba745f660, NVIDIA A100-SXM4-80GB, 75275, 81920, 100, 112.62, 32
nid008353,2026/05/03 16:29:26.776, 0, GPU-3ad85384-e7dd-8c9b-13da-56f54bf334d9, NVIDIA A100-SXM4-80GB, 75029, 81920, 1, 128.72, 34
nid008353,2026/05/03 16:29:26.778, 1, GPU-3d65dc3f-116a-1dd4-937c-6e4481a765b5, NVIDIA A100-SXM4-80GB, 75019, 81920, 100, 114.74, 32
nid008353,2026/05/03 16:29:26.780, 2, GPU-338e4806-c72e-e37a-4798-dc47c2f2de03, NVIDIA A100-SXM4-80GB, 75019, 81920, 100, 114.61, 35
nid008353,2026/05/03 16:29:26.782, 3, GPU-fec40d98-ea80-e220-a49c-31ccab4741af, NVIDIA A100-SXM4-80GB, 75019, 81920, 99, 111.69, 32
nid008352,2026/05/03 16:29:29.724, 0, GPU-c8e590fe-c1df-fb38-7bf3-9ed4364cf576, NVIDIA A100-SXM4-80GB, 76665, 81920, 4, 124.47, 34
nid008352,2026/05/03 16:29:29.726, 1, GPU-5efb5c1d-1cd8-daca-bd51-2f30d62f6e1e, NVIDIA A100-SXM4-80GB, 75275, 81920, 100, 114.98, 31
nid008352,2026/05/03 16:29:29.728, 2, GPU-1d24ec01-d8bb-a3cf-73c2-7d6014d1dd4d, NVIDIA A100-SXM4-80GB, 75275, 81920, 100, 114.82, 34
nid008352,2026/05/03 16:29:29.730, 3, GPU-689a6e7c-a622-65fb-9f4d-887ba745f660, NVIDIA A100-SXM4-80GB, 75275, 81920, 100, 113.00, 32
nid008353,2026/05/03 16:29:30.654, 0, GPU-3ad85384-e7dd-8c9b-13da-56f54bf334d9, NVIDIA A100-SXM4-80GB, 75029, 81920, 0, 127.23, 34
nid008353,2026/05/03 16:29:30.664, 1, GPU-3d65dc3f-116a-1dd4-937c-6e4481a765b5, NVIDIA A100-SXM4-80GB, 75019, 81920, 73, 116.69, 32
nid008353,2026/05/03 16:29:30.672, 2, GPU-338e4806-c72e-e37a-4798-dc47c2f2de03, NVIDIA A100-SXM4-80GB, 75019, 81920, 95, 138.42, 35
nid008353,2026/05/03 16:29:30.674, 3, GPU-fec40d98-ea80-e220-a49c-31ccab4741af, NVIDIA A100-SXM4-80GB, 75019, 81920, 95, 112.60, 32
nid008352,2026/05/03 16:29:33.546, 0, GPU-c8e590fe-c1df-fb38-7bf3-9ed4364cf576, NVIDIA A100-SXM4-80GB, 76665, 81920, 1, 121.54, 34
nid008352,2026/05/03 16:29:33.548, 1, GPU-5efb5c1d-1cd8-daca-bd51-2f30d62f6e1e, NVIDIA A100-SXM4-80GB, 75275, 81920, 100, 114.88, 31
nid008352,2026/05/03 16:29:33.550, 2, GPU-1d24ec01-d8bb-a3cf-73c2-7d6014d1dd4d, NVIDIA A100-SXM4-80GB, 75275, 81920, 100, 114.96, 34
nid008352,2026/05/03 16:29:33.551, 3, GPU-689a6e7c-a622-65fb-9f4d-887ba745f660, NVIDIA A100-SXM4-80GB, 75275, 81920, 100, 112.85, 32
nid008353,2026/05/03 16:29:34.419, 0, GPU-3ad85384-e7dd-8c9b-13da-56f54bf334d9, NVIDIA A100-SXM4-80GB, 75029, 81920, 0, 111.55, 34
nid008353,2026/05/03 16:29:34.423, 1, GPU-3d65dc3f-116a-1dd4-937c-6e4481a765b5, NVIDIA A100-SXM4-80GB, 75019, 81920, 72, 142.01, 32
nid008353,2026/05/03 16:29:34.425, 2, GPU-338e4806-c72e-e37a-4798-dc47c2f2de03, NVIDIA A100-SXM4-80GB, 75019, 81920, 94, 114.45, 35
nid008353,2026/05/03 16:29:34.428, 3, GPU-fec40d98-ea80-e220-a49c-31ccab4741af, NVIDIA A100-SXM4-80GB, 75019, 81920, 100, 111.29, 32
nid008352,2026/05/03 16:29:37.307, 0, GPU-c8e590fe-c1df-fb38-7bf3-9ed4364cf576, NVIDIA A100-SXM4-80GB, 76665, 81920, 2, 111.16, 34
nid008352,2026/05/03 16:29:37.309, 1, GPU-5efb5c1d-1cd8-daca-bd51-2f30d62f6e1e, NVIDIA A100-SXM4-80GB, 75275, 81920, 100, 114.59, 31
nid008352,2026/05/03 16:29:37.311, 2, GPU-1d24ec01-d8bb-a3cf-73c2-7d6014d1dd4d, NVIDIA A100-SXM4-80GB, 75275, 81920, 100, 135.80, 34
nid008352,2026/05/03 16:29:37.313, 3, GPU-689a6e7c-a622-65fb-9f4d-887ba745f660, NVIDIA A100-SXM4-80GB, 75275, 81920, 100, 134.79, 32
nid008353,2026/05/03 16:29:38.147, 0, GPU-3ad85384-e7dd-8c9b-13da-56f54bf334d9, NVIDIA A100-SXM4-80GB, 75029, 81920, 4, 114.04, 34
nid008353,2026/05/03 16:29:38.150, 1, GPU-3d65dc3f-116a-1dd4-937c-6e4481a765b5, NVIDIA A100-SXM4-80GB, 75019, 81920, 92, 114.45, 32
nid008353,2026/05/03 16:29:38.152, 2, GPU-338e4806-c72e-e37a-4798-dc47c2f2de03, NVIDIA A100-SXM4-80GB, 75019, 81920, 89, 114.98, 35
nid008353,2026/05/03 16:29:38.153, 3, GPU-fec40d98-ea80-e220-a49c-31ccab4741af, NVIDIA A100-SXM4-80GB, 75019, 81920, 87, 111.53, 32
nid008352,2026/05/03 16:29:40.999, 0, GPU-c8e590fe-c1df-fb38-7bf3-9ed4364cf576, NVIDIA A100-SXM4-80GB, 76665, 81920, 3, 120.41, 34
nid008352,2026/05/03 16:29:41.002, 1, GPU-5efb5c1d-1cd8-daca-bd51-2f30d62f6e1e, NVIDIA A100-SXM4-80GB, 75275, 81920, 100, 115.12, 31
nid008352,2026/05/03 16:29:41.004, 2, GPU-1d24ec01-d8bb-a3cf-73c2-7d6014d1dd4d, NVIDIA A100-SXM4-80GB, 75275, 81920, 100, 114.86, 34
nid008352,2026/05/03 16:29:41.005, 3, GPU-689a6e7c-a622-65fb-9f4d-887ba745f660, NVIDIA A100-SXM4-80GB, 75275, 81920, 100, 112.99, 32
nid008353,2026/05/03 16:29:41.833, 0, GPU-3ad85384-e7dd-8c9b-13da-56f54bf334d9, NVIDIA A100-SXM4-80GB, 75029, 81920, 18, 133.91, 34
nid008353,2026/05/03 16:29:41.836, 1, GPU-3d65dc3f-116a-1dd4-937c-6e4481a765b5, NVIDIA A100-SXM4-80GB, 75019, 81920, 96, 131.92, 32
nid008353,2026/05/03 16:29:41.837, 2, GPU-338e4806-c72e-e37a-4798-dc47c2f2de03, NVIDIA A100-SXM4-80GB, 75019, 81920, 83, 134.87, 35
nid008353,2026/05/03 16:29:41.839, 3, GPU-fec40d98-ea80-e220-a49c-31ccab4741af, NVIDIA A100-SXM4-80GB, 75019, 81920, 80, 128.65, 32
nid008352,2026/05/03 16:29:44.720, 0, GPU-c8e590fe-c1df-fb38-7bf3-9ed4364cf576, NVIDIA A100-SXM4-80GB, 76665, 81920, 20, 110.07, 34
nid008352,2026/05/03 16:29:44.723, 1, GPU-5efb5c1d-1cd8-daca-bd51-2f30d62f6e1e, NVIDIA A100-SXM4-80GB, 75275, 81920, 100, 120.69, 31
nid008352,2026/05/03 16:29:44.724, 2, GPU-1d24ec01-d8bb-a3cf-73c2-7d6014d1dd4d, NVIDIA A100-SXM4-80GB, 75275, 81920, 100, 126.19, 34
nid008352,2026/05/03 16:29:44.726, 3, GPU-689a6e7c-a622-65fb-9f4d-887ba745f660, NVIDIA A100-SXM4-80GB, 75275, 81920, 82, 123.97, 32
nid008353,2026/05/03 16:29:45.548, 0, GPU-3ad85384-e7dd-8c9b-13da-56f54bf334d9, NVIDIA A100-SXM4-80GB, 75029, 81920, 11, 111.55, 34
nid008353,2026/05/03 16:29:45.551, 1, GPU-3d65dc3f-116a-1dd4-937c-6e4481a765b5, NVIDIA A100-SXM4-80GB, 75019, 81920, 57, 114.45, 32
nid008353,2026/05/03 16:29:45.553, 2, GPU-338e4806-c72e-e37a-4798-dc47c2f2de03, NVIDIA A100-SXM4-80GB, 75019, 81920, 35, 114.74, 35
nid008353,2026/05/03 16:29:45.554, 3, GPU-fec40d98-ea80-e220-a49c-31ccab4741af, NVIDIA A100-SXM4-80GB, 75019, 81920, 66, 111.82, 32
nid008352,2026/05/03 16:29:48.419, 0, GPU-c8e590fe-c1df-fb38-7bf3-9ed4364cf576, NVIDIA A100-SXM4-80GB, 76665, 81920, 100, 111.01, 34
nid008352,2026/05/03 16:29:48.422, 1, GPU-5efb5c1d-1cd8-daca-bd51-2f30d62f6e1e, NVIDIA A100-SXM4-80GB, 75275, 81920, 100, 114.44, 31
nid008352,2026/05/03 16:29:48.424, 2, GPU-1d24ec01-d8bb-a3cf-73c2-7d6014d1dd4d, NVIDIA A100-SXM4-80GB, 75275, 81920, 100, 114.99, 34
nid008352,2026/05/03 16:29:48.425, 3, GPU-689a6e7c-a622-65fb-9f4d-887ba745f660, NVIDIA A100-SXM4-80GB, 75275, 81920, 1, 112.47, 32
nid008353,2026/05/03 16:29:49.262, 0, GPU-3ad85384-e7dd-8c9b-13da-56f54bf334d9, NVIDIA A100-SXM4-80GB, 75029, 81920, 98, 111.79, 34
nid008353,2026/05/03 16:29:49.266, 1, GPU-3d65dc3f-116a-1dd4-937c-6e4481a765b5, NVIDIA A100-SXM4-80GB, 75019, 81920, 99, 136.44, 32
nid008353,2026/05/03 16:29:49.267, 2, GPU-338e4806-c72e-e37a-4798-dc47c2f2de03, NVIDIA A100-SXM4-80GB, 75019, 81920, 94, 115.26, 35
nid008353,2026/05/03 16:29:49.269, 3, GPU-fec40d98-ea80-e220-a49c-31ccab4741af, NVIDIA A100-SXM4-80GB, 75019, 81920, 44, 111.53, 32
nid008352,2026/05/03 16:29:52.160, 0, GPU-c8e590fe-c1df-fb38-7bf3-9ed4364cf576, NVIDIA A100-SXM4-80GB, 76665, 81920, 100, 111.53, 34
nid008352,2026/05/03 16:29:52.163, 1, GPU-5efb5c1d-1cd8-daca-bd51-2f30d62f6e1e, NVIDIA A100-SXM4-80GB, 75275, 81920, 100, 116.17, 31
nid008352,2026/05/03 16:29:52.164, 2, GPU-1d24ec01-d8bb-a3cf-73c2-7d6014d1dd4d, NVIDIA A100-SXM4-80GB, 75275, 81920, 100, 114.99, 34
nid008352,2026/05/03 16:29:52.166, 3, GPU-689a6e7c-a622-65fb-9f4d-887ba745f660, NVIDIA A100-SXM4-80GB, 75275, 81920, 5, 112.47, 32
nid008353,2026/05/03 16:29:53.039, 0, GPU-3ad85384-e7dd-8c9b-13da-56f54bf334d9, NVIDIA A100-SXM4-80GB, 75029, 81920, 86, 118.17, 34
nid008353,2026/05/03 16:29:53.042, 1, GPU-3d65dc3f-116a-1dd4-937c-6e4481a765b5, NVIDIA A100-SXM4-80GB, 75019, 81920, 23, 126.79, 32
nid008353,2026/05/03 16:29:53.044, 2, GPU-338e4806-c72e-e37a-4798-dc47c2f2de03, NVIDIA A100-SXM4-80GB, 75019, 81920, 83, 136.96, 35
nid008353,2026/05/03 16:29:53.045, 3, GPU-fec40d98-ea80-e220-a49c-31ccab4741af, NVIDIA A100-SXM4-80GB, 75019, 81920, 5, 127.83, 32
nid008352,2026/05/03 16:29:55.907, 0, GPU-c8e590fe-c1df-fb38-7bf3-9ed4364cf576, NVIDIA A100-SXM4-80GB, 76665, 81920, 100, 111.81, 34
nid008352,2026/05/03 16:29:55.910, 1, GPU-5efb5c1d-1cd8-daca-bd51-2f30d62f6e1e, NVIDIA A100-SXM4-80GB, 75275, 81920, 100, 114.59, 31
nid008352,2026/05/03 16:29:55.912, 2, GPU-1d24ec01-d8bb-a3cf-73c2-7d6014d1dd4d, NVIDIA A100-SXM4-80GB, 75275, 81920, 100, 143.99, 34
nid008352,2026/05/03 16:29:55.913, 3, GPU-689a6e7c-a622-65fb-9f4d-887ba745f660, NVIDIA A100-SXM4-80GB, 75275, 81920, 2, 143.81, 32
nid008353,2026/05/03 16:29:56.768, 0, GPU-3ad85384-e7dd-8c9b-13da-56f54bf334d9, NVIDIA A100-SXM4-80GB, 75029, 81920, 81, 111.79, 34
nid008353,2026/05/03 16:29:56.771, 1, GPU-3d65dc3f-116a-1dd4-937c-6e4481a765b5, NVIDIA A100-SXM4-80GB, 75019, 81920, 100, 114.45, 32
nid008353,2026/05/03 16:29:56.773, 2, GPU-338e4806-c72e-e37a-4798-dc47c2f2de03, NVIDIA A100-SXM4-80GB, 75019, 81920, 93, 114.45, 35
nid008353,2026/05/03 16:29:56.775, 3, GPU-fec40d98-ea80-e220-a49c-31ccab4741af, NVIDIA A100-SXM4-80GB, 75019, 81920, 5, 113.15, 32
nid008352,2026/05/03 16:29:59.621, 0, GPU-c8e590fe-c1df-fb38-7bf3-9ed4364cf576, NVIDIA A100-SXM4-80GB, 76665, 81920, 100, 110.76, 34
nid008352,2026/05/03 16:29:59.624, 1, GPU-5efb5c1d-1cd8-daca-bd51-2f30d62f6e1e, NVIDIA A100-SXM4-80GB, 75275, 81920, 100, 114.59, 31
nid008352,2026/05/03 16:29:59.625, 2, GPU-1d24ec01-d8bb-a3cf-73c2-7d6014d1dd4d, NVIDIA A100-SXM4-80GB, 75275, 81920, 100, 146.36, 34
nid008352,2026/05/03 16:29:59.627, 3, GPU-689a6e7c-a622-65fb-9f4d-887ba745f660, NVIDIA A100-SXM4-80GB, 75275, 81920, 2, 142.03, 32
nid008353,2026/05/03 16:30:00.448, 0, GPU-3ad85384-e7dd-8c9b-13da-56f54bf334d9, NVIDIA A100-SXM4-80GB, 75029, 81920, 95, 113.12, 34
nid008353,2026/05/03 16:30:00.450, 1, GPU-3d65dc3f-116a-1dd4-937c-6e4481a765b5, NVIDIA A100-SXM4-80GB, 75019, 81920, 74, 114.45, 32
nid008353,2026/05/03 16:30:00.452, 2, GPU-338e4806-c72e-e37a-4798-dc47c2f2de03, NVIDIA A100-SXM4-80GB, 75019, 81920, 93, 114.74, 35
nid008353,2026/05/03 16:30:00.454, 3, GPU-fec40d98-ea80-e220-a49c-31ccab4741af, NVIDIA A100-SXM4-80GB, 75019, 81920, 75, 111.29, 32
nid008352,2026/05/03 16:30:03.303, 0, GPU-c8e590fe-c1df-fb38-7bf3-9ed4364cf576, NVIDIA A100-SXM4-80GB, 76665, 81920, 100, 135.43, 34
nid008352,2026/05/03 16:30:03.308, 1, GPU-5efb5c1d-1cd8-daca-bd51-2f30d62f6e1e, NVIDIA A100-SXM4-80GB, 75275, 81920, 100, 117.26, 31
nid008352,2026/05/03 16:30:03.310, 2, GPU-1d24ec01-d8bb-a3cf-73c2-7d6014d1dd4d, NVIDIA A100-SXM4-80GB, 75275, 81920, 100, 115.37, 34
nid008352,2026/05/03 16:30:03.311, 3, GPU-689a6e7c-a622-65fb-9f4d-887ba745f660, NVIDIA A100-SXM4-80GB, 75275, 81920, 4, 112.99, 32
nid008353,2026/05/03 16:30:04.153, 0, GPU-3ad85384-e7dd-8c9b-13da-56f54bf334d9, NVIDIA A100-SXM4-80GB, 75029, 81920, 91, 131.76, 34
nid008353,2026/05/03 16:30:04.156, 1, GPU-3d65dc3f-116a-1dd4-937c-6e4481a765b5, NVIDIA A100-SXM4-80GB, 75019, 81920, 94, 137.78, 32
nid008353,2026/05/03 16:30:04.158, 2, GPU-338e4806-c72e-e37a-4798-dc47c2f2de03, NVIDIA A100-SXM4-80GB, 75019, 81920, 83, 134.35, 35
nid008353,2026/05/03 16:30:04.159, 3, GPU-fec40d98-ea80-e220-a49c-31ccab4741af, NVIDIA A100-SXM4-80GB, 75019, 81920, 5, 136.08, 32
nid008352,2026/05/03 16:30:07.041, 0, GPU-c8e590fe-c1df-fb38-7bf3-9ed4364cf576, NVIDIA A100-SXM4-80GB, 76665, 81920, 100, 110.74, 34
nid008352,2026/05/03 16:30:07.044, 1, GPU-5efb5c1d-1cd8-daca-bd51-2f30d62f6e1e, NVIDIA A100-SXM4-80GB, 75275, 81920, 100, 117.64, 31
nid008352,2026/05/03 16:30:07.045, 2, GPU-1d24ec01-d8bb-a3cf-73c2-7d6014d1dd4d, NVIDIA A100-SXM4-80GB, 75275, 81920, 66, 116.04, 34
nid008352,2026/05/03 16:30:07.047, 3, GPU-689a6e7c-a622-65fb-9f4d-887ba745f660, NVIDIA A100-SXM4-80GB, 75275, 81920, 3, 113.14, 32
nid008353,2026/05/03 16:30:07.910, 0, GPU-3ad85384-e7dd-8c9b-13da-56f54bf334d9, NVIDIA A100-SXM4-80GB, 75029, 81920, 100, 111.81, 34
nid008353,2026/05/03 16:30:07.912, 1, GPU-3d65dc3f-116a-1dd4-937c-6e4481a765b5, NVIDIA A100-SXM4-80GB, 75019, 81920, 100, 114.61, 31
nid008353,2026/05/03 16:30:07.914, 2, GPU-338e4806-c72e-e37a-4798-dc47c2f2de03, NVIDIA A100-SXM4-80GB, 75019, 81920, 100, 114.85, 34
nid008353,2026/05/03 16:30:07.916, 3, GPU-fec40d98-ea80-e220-a49c-31ccab4741af, NVIDIA A100-SXM4-80GB, 75019, 81920, 1, 111.40, 32
nid008352,2026/05/03 16:30:10.786, 0, GPU-c8e590fe-c1df-fb38-7bf3-9ed4364cf576, NVIDIA A100-SXM4-80GB, 76665, 81920, 100, 113.53, 35
nid008352,2026/05/03 16:30:10.789, 1, GPU-5efb5c1d-1cd8-daca-bd51-2f30d62f6e1e, NVIDIA A100-SXM4-80GB, 75275, 81920, 100, 114.98, 32
nid008352,2026/05/03 16:30:10.791, 2, GPU-1d24ec01-d8bb-a3cf-73c2-7d6014d1dd4d, NVIDIA A100-SXM4-80GB, 75275, 81920, 100, 418.27, 40
nid008352,2026/05/03 16:30:10.793, 3, GPU-689a6e7c-a622-65fb-9f4d-887ba745f660, NVIDIA A100-SXM4-80GB, 75275, 81920, 100, 443.00, 39
nid008353,2026/05/03 16:30:11.639, 0, GPU-3ad85384-e7dd-8c9b-13da-56f54bf334d9, NVIDIA A100-SXM4-80GB, 75029, 81920, 100, 118.18, 40
nid008353,2026/05/03 16:30:11.647, 1, GPU-3d65dc3f-116a-1dd4-937c-6e4481a765b5, NVIDIA A100-SXM4-80GB, 75019, 81920, 78, 313.76, 38
nid008353,2026/05/03 16:30:11.649, 2, GPU-338e4806-c72e-e37a-4798-dc47c2f2de03, NVIDIA A100-SXM4-80GB, 75019, 81920, 97, 198.56, 41
nid008353,2026/05/03 16:30:11.651, 3, GPU-fec40d98-ea80-e220-a49c-31ccab4741af, NVIDIA A100-SXM4-80GB, 75019, 81920, 100, 215.98, 38
nid008352,2026/05/03 16:30:14.574, 0, GPU-c8e590fe-c1df-fb38-7bf3-9ed4364cf576, NVIDIA A100-SXM4-80GB, 76665, 81920, 100, 110.88, 35
nid008352,2026/05/03 16:30:14.577, 1, GPU-5efb5c1d-1cd8-daca-bd51-2f30d62f6e1e, NVIDIA A100-SXM4-80GB, 75275, 81920, 100, 113.26, 32
nid008352,2026/05/03 16:30:14.579, 2, GPU-1d24ec01-d8bb-a3cf-73c2-7d6014d1dd4d, NVIDIA A100-SXM4-80GB, 75275, 81920, 100, 115.48, 37
nid008352,2026/05/03 16:30:14.580, 3, GPU-689a6e7c-a622-65fb-9f4d-887ba745f660, NVIDIA A100-SXM4-80GB, 75275, 81920, 100, 113.25, 35
nid008353,2026/05/03 16:30:15.484, 0, GPU-3ad85384-e7dd-8c9b-13da-56f54bf334d9, NVIDIA A100-SXM4-80GB, 75029, 81920, 97, 112.47, 35
nid008353,2026/05/03 16:30:15.486, 1, GPU-3d65dc3f-116a-1dd4-937c-6e4481a765b5, NVIDIA A100-SXM4-80GB, 75019, 81920, 90, 114.98, 32
nid008353,2026/05/03 16:30:15.488, 2, GPU-338e4806-c72e-e37a-4798-dc47c2f2de03, NVIDIA A100-SXM4-80GB, 75019, 81920, 89, 115.36, 35
nid008353,2026/05/03 16:30:15.490, 3, GPU-fec40d98-ea80-e220-a49c-31ccab4741af, NVIDIA A100-SXM4-80GB, 75019, 81920, 82, 111.69, 32
nid008352,2026/05/03 16:30:18.380, 0, GPU-c8e590fe-c1df-fb38-7bf3-9ed4364cf576, NVIDIA A100-SXM4-80GB, 76665, 81920, 62, 120.50, 35
nid008352,2026/05/03 16:30:18.383, 1, GPU-5efb5c1d-1cd8-daca-bd51-2f30d62f6e1e, NVIDIA A100-SXM4-80GB, 75275, 81920, 93, 122.92, 32
nid008352,2026/05/03 16:30:18.384, 2, GPU-1d24ec01-d8bb-a3cf-73c2-7d6014d1dd4d, NVIDIA A100-SXM4-80GB, 75275, 81920, 70, 135.27, 34
nid008352,2026/05/03 16:30:18.386, 3, GPU-689a6e7c-a622-65fb-9f4d-887ba745f660, NVIDIA A100-SXM4-80GB, 75275, 81920, 71, 135.88, 33
nid008353,2026/05/03 16:30:19.219, 0, GPU-3ad85384-e7dd-8c9b-13da-56f54bf334d9, NVIDIA A100-SXM4-80GB, 75029, 81920, 77, 112.33, 35
nid008353,2026/05/03 16:30:19.222, 1, GPU-3d65dc3f-116a-1dd4-937c-6e4481a765b5, NVIDIA A100-SXM4-80GB, 75019, 81920, 34, 122.40, 32
nid008353,2026/05/03 16:30:19.224, 2, GPU-338e4806-c72e-e37a-4798-dc47c2f2de03, NVIDIA A100-SXM4-80GB, 75019, 81920, 22, 115.13, 35
nid008353,2026/05/03 16:30:19.225, 3, GPU-fec40d98-ea80-e220-a49c-31ccab4741af, NVIDIA A100-SXM4-80GB, 75019, 81920, 94, 122.55, 32
nid008352,2026/05/03 16:30:22.093, 0, GPU-c8e590fe-c1df-fb38-7bf3-9ed4364cf576, NVIDIA A100-SXM4-80GB, 76665, 81920, 9, 114.72, 34
nid008352,2026/05/03 16:30:22.095, 1, GPU-5efb5c1d-1cd8-daca-bd51-2f30d62f6e1e, NVIDIA A100-SXM4-80GB, 75275, 81920, 100, 115.26, 31
nid008352,2026/05/03 16:30:22.097, 2, GPU-1d24ec01-d8bb-a3cf-73c2-7d6014d1dd4d, NVIDIA A100-SXM4-80GB, 75275, 81920, 100, 115.24, 34
nid008352,2026/05/03 16:30:22.099, 3, GPU-689a6e7c-a622-65fb-9f4d-887ba745f660, NVIDIA A100-SXM4-80GB, 75275, 81920, 92, 113.00, 32
nid008353,2026/05/03 16:30:22.936, 0, GPU-3ad85384-e7dd-8c9b-13da-56f54bf334d9, NVIDIA A100-SXM4-80GB, 75029, 81920, 2, 111.53, 34
nid008353,2026/05/03 16:30:22.939, 1, GPU-3d65dc3f-116a-1dd4-937c-6e4481a765b5, NVIDIA A100-SXM4-80GB, 75019, 81920, 16, 114.74, 32
nid008353,2026/05/03 16:30:22.940, 2, GPU-338e4806-c72e-e37a-4798-dc47c2f2de03, NVIDIA A100-SXM4-80GB, 75019, 81920, 70, 114.61, 35
nid008353,2026/05/03 16:30:22.942, 3, GPU-fec40d98-ea80-e220-a49c-31ccab4741af, NVIDIA A100-SXM4-80GB, 75019, 81920, 55, 111.40, 32
nid008352,2026/05/03 16:30:25.793, 0, GPU-c8e590fe-c1df-fb38-7bf3-9ed4364cf576, NVIDIA A100-SXM4-80GB, 76665, 81920, 2, 112.07, 34
nid008352,2026/05/03 16:30:25.800, 1, GPU-5efb5c1d-1cd8-daca-bd51-2f30d62f6e1e, NVIDIA A100-SXM4-80GB, 75275, 81920, 100, 114.98, 31
nid008352,2026/05/03 16:30:25.808, 2, GPU-1d24ec01-d8bb-a3cf-73c2-7d6014d1dd4d, NVIDIA A100-SXM4-80GB, 75275, 81920, 100, 114.96, 34
nid008352,2026/05/03 16:30:25.812, 3, GPU-689a6e7c-a622-65fb-9f4d-887ba745f660, NVIDIA A100-SXM4-80GB, 75275, 81920, 100, 112.72, 32
nid008353,2026/05/03 16:30:26.655, 0, GPU-3ad85384-e7dd-8c9b-13da-56f54bf334d9, NVIDIA A100-SXM4-80GB, 75029, 81920, 19, 133.22, 34
nid008353,2026/05/03 16:30:26.658, 1, GPU-3d65dc3f-116a-1dd4-937c-6e4481a765b5, NVIDIA A100-SXM4-80GB, 75019, 81920, 82, 135.08, 32
nid008353,2026/05/03 16:30:26.659, 2, GPU-338e4806-c72e-e37a-4798-dc47c2f2de03, NVIDIA A100-SXM4-80GB, 75019, 81920, 98, 137.45, 35
nid008353,2026/05/03 16:30:26.661, 3, GPU-fec40d98-ea80-e220-a49c-31ccab4741af, NVIDIA A100-SXM4-80GB, 75019, 81920, 86, 111.79, 32
nid008352,2026/05/03 16:30:29.555, 0, GPU-c8e590fe-c1df-fb38-7bf3-9ed4364cf576, NVIDIA A100-SXM4-80GB, 76665, 81920, 2, 109.83, 34
nid008352,2026/05/03 16:30:29.558, 1, GPU-5efb5c1d-1cd8-daca-bd51-2f30d62f6e1e, NVIDIA A100-SXM4-80GB, 75275, 81920, 100, 117.64, 31
nid008352,2026/05/03 16:30:29.560, 2, GPU-1d24ec01-d8bb-a3cf-73c2-7d6014d1dd4d, NVIDIA A100-SXM4-80GB, 75275, 81920, 100, 127.08, 34
nid008352,2026/05/03 16:30:29.565, 3, GPU-689a6e7c-a622-65fb-9f4d-887ba745f660, NVIDIA A100-SXM4-80GB, 75275, 81920, 100, 124.34, 32
nid008353,2026/05/03 16:30:30.433, 0, GPU-3ad85384-e7dd-8c9b-13da-56f54bf334d9, NVIDIA A100-SXM4-80GB, 75029, 81920, 5, 111.66, 34
nid008353,2026/05/03 16:30:30.436, 1, GPU-3d65dc3f-116a-1dd4-937c-6e4481a765b5, NVIDIA A100-SXM4-80GB, 75019, 81920, 100, 114.32, 32
nid008353,2026/05/03 16:30:30.438, 2, GPU-338e4806-c72e-e37a-4798-dc47c2f2de03, NVIDIA A100-SXM4-80GB, 75019, 81920, 78, 114.74, 35
nid008353,2026/05/03 16:30:30.439, 3, GPU-fec40d98-ea80-e220-a49c-31ccab4741af, NVIDIA A100-SXM4-80GB, 75019, 81920, 76, 109.93, 32
nid008352,2026/05/03 16:30:33.310, 0, GPU-c8e590fe-c1df-fb38-7bf3-9ed4364cf576, NVIDIA A100-SXM4-80GB, 76665, 81920, 2, 118.94, 34
nid008352,2026/05/03 16:30:33.317, 1, GPU-5efb5c1d-1cd8-daca-bd51-2f30d62f6e1e, NVIDIA A100-SXM4-80GB, 75275, 81920, 100, 116.73, 31
nid008352,2026/05/03 16:30:33.319, 2, GPU-1d24ec01-d8bb-a3cf-73c2-7d6014d1dd4d, NVIDIA A100-SXM4-80GB, 75275, 81920, 100, 115.62, 34
nid008352,2026/05/03 16:30:33.321, 3, GPU-689a6e7c-a622-65fb-9f4d-887ba745f660, NVIDIA A100-SXM4-80GB, 75275, 81920, 100, 113.51, 32
nid008353,2026/05/03 16:30:34.156, 0, GPU-3ad85384-e7dd-8c9b-13da-56f54bf334d9, NVIDIA A100-SXM4-80GB, 75029, 81920, 73, 111.53, 34
nid008353,2026/05/03 16:30:34.159, 1, GPU-3d65dc3f-116a-1dd4-937c-6e4481a765b5, NVIDIA A100-SXM4-80GB, 75019, 81920, 73, 114.45, 32
nid008353,2026/05/03 16:30:34.161, 2, GPU-338e4806-c72e-e37a-4798-dc47c2f2de03, NVIDIA A100-SXM4-80GB, 75019, 81920, 19, 114.85, 35
nid008353,2026/05/03 16:30:34.162, 3, GPU-fec40d98-ea80-e220-a49c-31ccab4741af, NVIDIA A100-SXM4-80GB, 75019, 81920, 78, 111.29, 32
nid008352,2026/05/03 16:30:37.026, 0, GPU-c8e590fe-c1df-fb38-7bf3-9ed4364cf576, NVIDIA A100-SXM4-80GB, 76665, 81920, 4, 126.32, 34
nid008352,2026/05/03 16:30:37.028, 1, GPU-5efb5c1d-1cd8-daca-bd51-2f30d62f6e1e, NVIDIA A100-SXM4-80GB, 75275, 81920, 100, 121.21, 31
nid008352,2026/05/03 16:30:37.030, 2, GPU-1d24ec01-d8bb-a3cf-73c2-7d6014d1dd4d, NVIDIA A100-SXM4-80GB, 75275, 81920, 100, 115.37, 34
nid008352,2026/05/03 16:30:37.031, 3, GPU-689a6e7c-a622-65fb-9f4d-887ba745f660, NVIDIA A100-SXM4-80GB, 75275, 81920, 100, 113.38, 32
nid008353,2026/05/03 16:30:37.887, 0, GPU-3ad85384-e7dd-8c9b-13da-56f54bf334d9, NVIDIA A100-SXM4-80GB, 75029, 81920, 4, 111.53, 34
nid008353,2026/05/03 16:30:37.890, 1, GPU-3d65dc3f-116a-1dd4-937c-6e4481a765b5, NVIDIA A100-SXM4-80GB, 75019, 81920, 97, 114.45, 32
nid008353,2026/05/03 16:30:37.891, 2, GPU-338e4806-c72e-e37a-4798-dc47c2f2de03, NVIDIA A100-SXM4-80GB, 75019, 81920, 94, 114.61, 35
nid008353,2026/05/03 16:30:37.893, 3, GPU-fec40d98-ea80-e220-a49c-31ccab4741af, NVIDIA A100-SXM4-80GB, 75019, 81920, 99, 111.16, 32
nid008352,2026/05/03 16:30:40.803, 0, GPU-c8e590fe-c1df-fb38-7bf3-9ed4364cf576, NVIDIA A100-SXM4-80GB, 76665, 81920, 1, 112.87, 34
nid008352,2026/05/03 16:30:40.806, 1, GPU-5efb5c1d-1cd8-daca-bd51-2f30d62f6e1e, NVIDIA A100-SXM4-80GB, 75275, 81920, 100, 116.60, 31
nid008352,2026/05/03 16:30:40.810, 2, GPU-1d24ec01-d8bb-a3cf-73c2-7d6014d1dd4d, NVIDIA A100-SXM4-80GB, 75275, 81920, 100, 115.24, 34
nid008352,2026/05/03 16:30:40.811, 3, GPU-689a6e7c-a622-65fb-9f4d-887ba745f660, NVIDIA A100-SXM4-80GB, 75275, 81920, 100, 112.72, 32
nid008353,2026/05/03 16:30:41.673, 0, GPU-3ad85384-e7dd-8c9b-13da-56f54bf334d9, NVIDIA A100-SXM4-80GB, 75029, 81920, 76, 111.66, 34
nid008353,2026/05/03 16:30:41.676, 1, GPU-3d65dc3f-116a-1dd4-937c-6e4481a765b5, NVIDIA A100-SXM4-80GB, 75019, 81920, 87, 114.61, 32
nid008353,2026/05/03 16:30:41.679, 2, GPU-338e4806-c72e-e37a-4798-dc47c2f2de03, NVIDIA A100-SXM4-80GB, 75019, 81920, 97, 114.61, 35
nid008353,2026/05/03 16:30:41.680, 3, GPU-fec40d98-ea80-e220-a49c-31ccab4741af, NVIDIA A100-SXM4-80GB, 75019, 81920, 90, 111.40, 32
nid008352,2026/05/03 16:30:44.557, 0, GPU-c8e590fe-c1df-fb38-7bf3-9ed4364cf576, NVIDIA A100-SXM4-80GB, 76665, 81920, 2, 113.76, 34
nid008352,2026/05/03 16:30:44.560, 1, GPU-5efb5c1d-1cd8-daca-bd51-2f30d62f6e1e, NVIDIA A100-SXM4-80GB, 75275, 81920, 100, 114.45, 31
nid008352,2026/05/03 16:30:44.561, 2, GPU-1d24ec01-d8bb-a3cf-73c2-7d6014d1dd4d, NVIDIA A100-SXM4-80GB, 75275, 81920, 100, 114.96, 34
nid008352,2026/05/03 16:30:44.563, 3, GPU-689a6e7c-a622-65fb-9f4d-887ba745f660, NVIDIA A100-SXM4-80GB, 75275, 81920, 100, 112.85, 32
nid008353,2026/05/03 16:30:45.403, 0, GPU-3ad85384-e7dd-8c9b-13da-56f54bf334d9, NVIDIA A100-SXM4-80GB, 75029, 81920, 3, 111.66, 34
nid008353,2026/05/03 16:30:45.406, 1, GPU-3d65dc3f-116a-1dd4-937c-6e4481a765b5, NVIDIA A100-SXM4-80GB, 75019, 81920, 100, 115.13, 32
nid008353,2026/05/03 16:30:45.408, 2, GPU-338e4806-c72e-e37a-4798-dc47c2f2de03, NVIDIA A100-SXM4-80GB, 75019, 81920, 100, 114.74, 35
nid008353,2026/05/03 16:30:45.409, 3, GPU-fec40d98-ea80-e220-a49c-31ccab4741af, NVIDIA A100-SXM4-80GB, 75019, 81920, 97, 111.27, 32
nid008352,2026/05/03 16:30:48.417, 0, GPU-c8e590fe-c1df-fb38-7bf3-9ed4364cf576, NVIDIA A100-SXM4-80GB, 76665, 81920, 4, 110.22, 34
nid008352,2026/05/03 16:30:48.420, 1, GPU-5efb5c1d-1cd8-daca-bd51-2f30d62f6e1e, NVIDIA A100-SXM4-80GB, 75275, 81920, 100, 114.45, 31
nid008352,2026/05/03 16:30:48.422, 2, GPU-1d24ec01-d8bb-a3cf-73c2-7d6014d1dd4d, NVIDIA A100-SXM4-80GB, 75275, 81920, 100, 114.82, 34
nid008352,2026/05/03 16:30:48.424, 3, GPU-689a6e7c-a622-65fb-9f4d-887ba745f660, NVIDIA A100-SXM4-80GB, 75275, 81920, 100, 116.42, 32
nid008353,2026/05/03 16:30:49.432, 0, GPU-3ad85384-e7dd-8c9b-13da-56f54bf334d9, NVIDIA A100-SXM4-80GB, 75029, 81920, 0, 131.89, 34
nid008353,2026/05/03 16:30:49.435, 1, GPU-3d65dc3f-116a-1dd4-937c-6e4481a765b5, NVIDIA A100-SXM4-80GB, 75019, 81920, 82, 141.96, 32
nid008353,2026/05/03 16:30:49.436, 2, GPU-338e4806-c72e-e37a-4798-dc47c2f2de03, NVIDIA A100-SXM4-80GB, 75019, 81920, 100, 135.08, 35
nid008353,2026/05/03 16:30:49.438, 3, GPU-fec40d98-ea80-e220-a49c-31ccab4741af, NVIDIA A100-SXM4-80GB, 75019, 81920, 100, 130.87, 32
nid008352,2026/05/03 16:30:52.459, 0, GPU-c8e590fe-c1df-fb38-7bf3-9ed4364cf576, NVIDIA A100-SXM4-80GB, 76665, 81920, 54, 110.88, 34
nid008352,2026/05/03 16:30:52.462, 1, GPU-5efb5c1d-1cd8-daca-bd51-2f30d62f6e1e, NVIDIA A100-SXM4-80GB, 75275, 81920, 100, 114.59, 31
nid008352,2026/05/03 16:30:52.463, 2, GPU-1d24ec01-d8bb-a3cf-73c2-7d6014d1dd4d, NVIDIA A100-SXM4-80GB, 75275, 81920, 100, 129.49, 34
nid008352,2026/05/03 16:30:52.465, 3, GPU-689a6e7c-a622-65fb-9f4d-887ba745f660, NVIDIA A100-SXM4-80GB, 75275, 81920, 100, 114.32, 32
nid008353,2026/05/03 16:30:53.405, 0, GPU-3ad85384-e7dd-8c9b-13da-56f54bf334d9, NVIDIA A100-SXM4-80GB, 75029, 81920, 1, 133.75, 34
nid008353,2026/05/03 16:30:53.408, 1, GPU-3d65dc3f-116a-1dd4-937c-6e4481a765b5, NVIDIA A100-SXM4-80GB, 75019, 81920, 100, 131.76, 32
nid008353,2026/05/03 16:30:53.409, 2, GPU-338e4806-c72e-e37a-4798-dc47c2f2de03, NVIDIA A100-SXM4-80GB, 75019, 81920, 89, 143.87, 35
nid008353,2026/05/03 16:30:53.411, 3, GPU-fec40d98-ea80-e220-a49c-31ccab4741af, NVIDIA A100-SXM4-80GB, 75019, 81920, 100, 120.26, 32
nid008352,2026/05/03 16:30:56.384, 0, GPU-c8e590fe-c1df-fb38-7bf3-9ed4364cf576, NVIDIA A100-SXM4-80GB, 76665, 81920, 4, 125.00, 34
nid008352,2026/05/03 16:30:56.387, 1, GPU-5efb5c1d-1cd8-daca-bd51-2f30d62f6e1e, NVIDIA A100-SXM4-80GB, 75275, 81920, 100, 123.97, 31
nid008352,2026/05/03 16:30:56.389, 2, GPU-1d24ec01-d8bb-a3cf-73c2-7d6014d1dd4d, NVIDIA A100-SXM4-80GB, 75275, 81920, 100, 120.87, 34
nid008352,2026/05/03 16:30:56.390, 3, GPU-689a6e7c-a622-65fb-9f4d-887ba745f660, NVIDIA A100-SXM4-80GB, 75275, 81920, 100, 116.18, 32
nid008353,2026/05/03 16:30:57.326, 0, GPU-3ad85384-e7dd-8c9b-13da-56f54bf334d9, NVIDIA A100-SXM4-80GB, 75029, 81920, 3, 141.15, 34
nid008353,2026/05/03 16:30:57.328, 1, GPU-3d65dc3f-116a-1dd4-937c-6e4481a765b5, NVIDIA A100-SXM4-80GB, 75019, 81920, 86, 140.34, 32
nid008353,2026/05/03 16:30:57.330, 2, GPU-338e4806-c72e-e37a-4798-dc47c2f2de03, NVIDIA A100-SXM4-80GB, 75019, 81920, 80, 144.04, 35
nid008353,2026/05/03 16:30:57.331, 3, GPU-fec40d98-ea80-e220-a49c-31ccab4741af, NVIDIA A100-SXM4-80GB, 75019, 81920, 97, 128.11, 32
nid008352,2026/05/03 16:31:00.253, 0, GPU-c8e590fe-c1df-fb38-7bf3-9ed4364cf576, NVIDIA A100-SXM4-80GB, 76665, 81920, 4, 127.08, 34
nid008352,2026/05/03 16:31:00.256, 1, GPU-5efb5c1d-1cd8-daca-bd51-2f30d62f6e1e, NVIDIA A100-SXM4-80GB, 75275, 81920, 100, 125.30, 31
nid008352,2026/05/03 16:31:00.258, 2, GPU-1d24ec01-d8bb-a3cf-73c2-7d6014d1dd4d, NVIDIA A100-SXM4-80GB, 75275, 81920, 100, 114.72, 34
nid008352,2026/05/03 16:31:00.259, 3, GPU-689a6e7c-a622-65fb-9f4d-887ba745f660, NVIDIA A100-SXM4-80GB, 75275, 81920, 100, 126.71, 32
nid008353,2026/05/03 16:31:01.159, 0, GPU-3ad85384-e7dd-8c9b-13da-56f54bf334d9, NVIDIA A100-SXM4-80GB, 75029, 81920, 54, 111.53, 34
nid008353,2026/05/03 16:31:01.162, 1, GPU-3d65dc3f-116a-1dd4-937c-6e4481a765b5, NVIDIA A100-SXM4-80GB, 75019, 81920, 96, 114.61, 32
nid008353,2026/05/03 16:31:01.164, 2, GPU-338e4806-c72e-e37a-4798-dc47c2f2de03, NVIDIA A100-SXM4-80GB, 75019, 81920, 97, 114.61, 34
nid008353,2026/05/03 16:31:01.166, 3, GPU-fec40d98-ea80-e220-a49c-31ccab4741af, NVIDIA A100-SXM4-80GB, 75019, 81920, 90, 124.12, 32
nid008352,2026/05/03 16:31:04.041, 0, GPU-c8e590fe-c1df-fb38-7bf3-9ed4364cf576, NVIDIA A100-SXM4-80GB, 76665, 81920, 2, 110.37, 34
nid008352,2026/05/03 16:31:04.043, 1, GPU-5efb5c1d-1cd8-daca-bd51-2f30d62f6e1e, NVIDIA A100-SXM4-80GB, 75275, 81920, 100, 114.85, 31
nid008352,2026/05/03 16:31:04.045, 2, GPU-1d24ec01-d8bb-a3cf-73c2-7d6014d1dd4d, NVIDIA A100-SXM4-80GB, 75275, 81920, 100, 116.94, 34
nid008352,2026/05/03 16:31:04.047, 3, GPU-689a6e7c-a622-65fb-9f4d-887ba745f660, NVIDIA A100-SXM4-80GB, 75275, 81920, 100, 114.18, 32
nid008353,2026/05/03 16:31:04.915, 0, GPU-3ad85384-e7dd-8c9b-13da-56f54bf334d9, NVIDIA A100-SXM4-80GB, 75029, 81920, 14, 111.81, 34
nid008353,2026/05/03 16:31:04.917, 1, GPU-3d65dc3f-116a-1dd4-937c-6e4481a765b5, NVIDIA A100-SXM4-80GB, 75019, 81920, 99, 114.74, 32
nid008353,2026/05/03 16:31:04.919, 2, GPU-338e4806-c72e-e37a-4798-dc47c2f2de03, NVIDIA A100-SXM4-80GB, 75019, 81920, 93, 114.47, 34
nid008353,2026/05/03 16:31:04.921, 3, GPU-fec40d98-ea80-e220-a49c-31ccab4741af, NVIDIA A100-SXM4-80GB, 75019, 81920, 92, 111.40, 32
nid008352,2026/05/03 16:31:07.862, 0, GPU-c8e590fe-c1df-fb38-7bf3-9ed4364cf576, NVIDIA A100-SXM4-80GB, 76665, 81920, 1, 110.74, 34
nid008352,2026/05/03 16:31:07.869, 1, GPU-5efb5c1d-1cd8-daca-bd51-2f30d62f6e1e, NVIDIA A100-SXM4-80GB, 75275, 81920, 100, 115.50, 31
nid008352,2026/05/03 16:31:07.877, 2, GPU-1d24ec01-d8bb-a3cf-73c2-7d6014d1dd4d, NVIDIA A100-SXM4-80GB, 75275, 81920, 100, 115.24, 34
nid008352,2026/05/03 16:31:07.882, 3, GPU-689a6e7c-a622-65fb-9f4d-887ba745f660, NVIDIA A100-SXM4-80GB, 75275, 81920, 100, 113.14, 32
nid008353,2026/05/03 16:31:08.820, 0, GPU-3ad85384-e7dd-8c9b-13da-56f54bf334d9, NVIDIA A100-SXM4-80GB, 75029, 81920, 7, 111.66, 34
nid008353,2026/05/03 16:31:08.822, 1, GPU-3d65dc3f-116a-1dd4-937c-6e4481a765b5, NVIDIA A100-SXM4-80GB, 75019, 81920, 93, 114.61, 32
nid008353,2026/05/03 16:31:08.824, 2, GPU-338e4806-c72e-e37a-4798-dc47c2f2de03, NVIDIA A100-SXM4-80GB, 75019, 81920, 100, 114.61, 35
nid008353,2026/05/03 16:31:08.825, 3, GPU-fec40d98-ea80-e220-a49c-31ccab4741af, NVIDIA A100-SXM4-80GB, 75019, 81920, 100, 111.40, 32
nid008352,2026/05/03 16:31:11.743, 0, GPU-c8e590fe-c1df-fb38-7bf3-9ed4364cf576, NVIDIA A100-SXM4-80GB, 76665, 81920, 2, 109.83, 34
nid008352,2026/05/03 16:31:11.745, 1, GPU-5efb5c1d-1cd8-daca-bd51-2f30d62f6e1e, NVIDIA A100-SXM4-80GB, 75275, 81920, 100, 114.88, 31
nid008352,2026/05/03 16:31:11.747, 2, GPU-1d24ec01-d8bb-a3cf-73c2-7d6014d1dd4d, NVIDIA A100-SXM4-80GB, 75275, 81920, 100, 114.72, 34
nid008352,2026/05/03 16:31:11.748, 3, GPU-689a6e7c-a622-65fb-9f4d-887ba745f660, NVIDIA A100-SXM4-80GB, 75275, 81920, 100, 112.85, 32
nid008353,2026/05/03 16:31:12.608, 0, GPU-3ad85384-e7dd-8c9b-13da-56f54bf334d9, NVIDIA A100-SXM4-80GB, 75029, 81920, 0, 112.04, 34
nid008353,2026/05/03 16:31:12.614, 1, GPU-3d65dc3f-116a-1dd4-937c-6e4481a765b5, NVIDIA A100-SXM4-80GB, 75019, 81920, 82, 114.61, 32
nid008353,2026/05/03 16:31:12.619, 2, GPU-338e4806-c72e-e37a-4798-dc47c2f2de03, NVIDIA A100-SXM4-80GB, 75019, 81920, 79, 114.85, 35
nid008353,2026/05/03 16:31:12.625, 3, GPU-fec40d98-ea80-e220-a49c-31ccab4741af, NVIDIA A100-SXM4-80GB, 75019, 81920, 91, 111.40, 32
nid008352,2026/05/03 16:31:15.556, 0, GPU-c8e590fe-c1df-fb38-7bf3-9ed4364cf576, NVIDIA A100-SXM4-80GB, 76665, 81920, 6, 111.03, 34
nid008352,2026/05/03 16:31:15.559, 1, GPU-5efb5c1d-1cd8-daca-bd51-2f30d62f6e1e, NVIDIA A100-SXM4-80GB, 75275, 81920, 100, 114.32, 31
nid008352,2026/05/03 16:31:15.561, 2, GPU-1d24ec01-d8bb-a3cf-73c2-7d6014d1dd4d, NVIDIA A100-SXM4-80GB, 75275, 81920, 100, 114.72, 34
nid008352,2026/05/03 16:31:15.562, 3, GPU-689a6e7c-a622-65fb-9f4d-887ba745f660, NVIDIA A100-SXM4-80GB, 75275, 81920, 100, 114.18, 32
nid008353,2026/05/03 16:31:16.602, 0, GPU-3ad85384-e7dd-8c9b-13da-56f54bf334d9, NVIDIA A100-SXM4-80GB, 75029, 81920, 6, 111.66, 34
nid008353,2026/05/03 16:31:16.605, 1, GPU-3d65dc3f-116a-1dd4-937c-6e4481a765b5, NVIDIA A100-SXM4-80GB, 75019, 81920, 83, 114.61, 32
nid008353,2026/05/03 16:31:16.607, 2, GPU-338e4806-c72e-e37a-4798-dc47c2f2de03, NVIDIA A100-SXM4-80GB, 75019, 81920, 98, 114.61, 35
nid008353,2026/05/03 16:31:16.608, 3, GPU-fec40d98-ea80-e220-a49c-31ccab4741af, NVIDIA A100-SXM4-80GB, 75019, 81920, 98, 111.27, 32
nid008352,2026/05/03 16:31:19.594, 0, GPU-c8e590fe-c1df-fb38-7bf3-9ed4364cf576, NVIDIA A100-SXM4-80GB, 76665, 81920, 2, 112.20, 34
nid008352,2026/05/03 16:31:19.597, 1, GPU-5efb5c1d-1cd8-daca-bd51-2f30d62f6e1e, NVIDIA A100-SXM4-80GB, 75275, 81920, 100, 116.73, 31
nid008352,2026/05/03 16:31:19.599, 2, GPU-1d24ec01-d8bb-a3cf-73c2-7d6014d1dd4d, NVIDIA A100-SXM4-80GB, 75275, 81920, 100, 115.76, 34
nid008352,2026/05/03 16:31:19.600, 3, GPU-689a6e7c-a622-65fb-9f4d-887ba745f660, NVIDIA A100-SXM4-80GB, 75275, 81920, 100, 113.38, 32
nid008353,2026/05/03 16:31:20.589, 0, GPU-3ad85384-e7dd-8c9b-13da-56f54bf334d9, NVIDIA A100-SXM4-80GB, 75029, 81920, 23, 111.53, 34
nid008353,2026/05/03 16:31:20.591, 1, GPU-3d65dc3f-116a-1dd4-937c-6e4481a765b5, NVIDIA A100-SXM4-80GB, 75019, 81920, 83, 114.32, 32
nid008353,2026/05/03 16:31:20.593, 2, GPU-338e4806-c72e-e37a-4798-dc47c2f2de03, NVIDIA A100-SXM4-80GB, 75019, 81920, 93, 114.47, 35
nid008353,2026/05/03 16:31:20.595, 3, GPU-fec40d98-ea80-e220-a49c-31ccab4741af, NVIDIA A100-SXM4-80GB, 75019, 81920, 78, 111.16, 32
nid008352,2026/05/03 16:31:23.518, 0, GPU-c8e590fe-c1df-fb38-7bf3-9ed4364cf576, NVIDIA A100-SXM4-80GB, 76665, 81920, 4, 109.94, 34
nid008352,2026/05/03 16:31:23.525, 1, GPU-5efb5c1d-1cd8-daca-bd51-2f30d62f6e1e, NVIDIA A100-SXM4-80GB, 75275, 81920, 100, 115.26, 31
nid008352,2026/05/03 16:31:23.529, 2, GPU-1d24ec01-d8bb-a3cf-73c2-7d6014d1dd4d, NVIDIA A100-SXM4-80GB, 75275, 81920, 100, 114.96, 34
nid008352,2026/05/03 16:31:23.531, 3, GPU-689a6e7c-a622-65fb-9f4d-887ba745f660, NVIDIA A100-SXM4-80GB, 75275, 81920, 100, 112.85, 32
nid008353,2026/05/03 16:31:24.379, 0, GPU-3ad85384-e7dd-8c9b-13da-56f54bf334d9, NVIDIA A100-SXM4-80GB, 75029, 81920, 11, 112.18, 34
nid008353,2026/05/03 16:31:24.381, 1, GPU-3d65dc3f-116a-1dd4-937c-6e4481a765b5, NVIDIA A100-SXM4-80GB, 75019, 81920, 62, 120.69, 32
nid008353,2026/05/03 16:31:24.383, 2, GPU-338e4806-c72e-e37a-4798-dc47c2f2de03, NVIDIA A100-SXM4-80GB, 75019, 81920, 82, 139.59, 35
nid008353,2026/05/03 16:31:24.385, 3, GPU-fec40d98-ea80-e220-a49c-31ccab4741af, NVIDIA A100-SXM4-80GB, 75019, 81920, 93, 126.93, 32
nid008352,2026/05/03 16:31:27.269, 0, GPU-c8e590fe-c1df-fb38-7bf3-9ed4364cf576, NVIDIA A100-SXM4-80GB, 76665, 81920, 2, 109.70, 34
nid008352,2026/05/03 16:31:27.272, 1, GPU-5efb5c1d-1cd8-daca-bd51-2f30d62f6e1e, NVIDIA A100-SXM4-80GB, 75275, 81920, 100, 129.15, 31
nid008352,2026/05/03 16:31:27.273, 2, GPU-1d24ec01-d8bb-a3cf-73c2-7d6014d1dd4d, NVIDIA A100-SXM4-80GB, 75275, 81920, 100, 123.39, 34
nid008352,2026/05/03 16:31:27.275, 3, GPU-689a6e7c-a622-65fb-9f4d-887ba745f660, NVIDIA A100-SXM4-80GB, 75275, 81920, 100, 134.11, 32
nid008353,2026/05/03 16:31:28.100, 0, GPU-3ad85384-e7dd-8c9b-13da-56f54bf334d9, NVIDIA A100-SXM4-80GB, 75029, 81920, 6, 119.88, 34
nid008353,2026/05/03 16:31:28.103, 1, GPU-3d65dc3f-116a-1dd4-937c-6e4481a765b5, NVIDIA A100-SXM4-80GB, 75019, 81920, 95, 122.54, 32
nid008353,2026/05/03 16:31:28.105, 2, GPU-338e4806-c72e-e37a-4798-dc47c2f2de03, NVIDIA A100-SXM4-80GB, 75019, 81920, 75, 116.18, 35
nid008353,2026/05/03 16:31:28.106, 3, GPU-fec40d98-ea80-e220-a49c-31ccab4741af, NVIDIA A100-SXM4-80GB, 75019, 81920, 98, 127.45, 32
nid008352,2026/05/03 16:31:30.999, 0, GPU-c8e590fe-c1df-fb38-7bf3-9ed4364cf576, NVIDIA A100-SXM4-80GB, 76665, 81920, 2, 109.94, 34
nid008352,2026/05/03 16:31:31.002, 1, GPU-5efb5c1d-1cd8-daca-bd51-2f30d62f6e1e, NVIDIA A100-SXM4-80GB, 75275, 81920, 100, 114.45, 31
nid008352,2026/05/03 16:31:31.004, 2, GPU-1d24ec01-d8bb-a3cf-73c2-7d6014d1dd4d, NVIDIA A100-SXM4-80GB, 75275, 81920, 100, 125.80, 34
nid008352,2026/05/03 16:31:31.006, 3, GPU-689a6e7c-a622-65fb-9f4d-887ba745f660, NVIDIA A100-SXM4-80GB, 75275, 81920, 100, 139.94, 32
nid008353,2026/05/03 16:31:31.863, 0, GPU-3ad85384-e7dd-8c9b-13da-56f54bf334d9, NVIDIA A100-SXM4-80GB, 75029, 81920, 46, 111.53, 34
nid008353,2026/05/03 16:31:31.865, 1, GPU-3d65dc3f-116a-1dd4-937c-6e4481a765b5, NVIDIA A100-SXM4-80GB, 75019, 81920, 99, 114.61, 32
nid008353,2026/05/03 16:31:31.867, 2, GPU-338e4806-c72e-e37a-4798-dc47c2f2de03, NVIDIA A100-SXM4-80GB, 75019, 81920, 80, 114.61, 35
nid008353,2026/05/03 16:31:31.869, 3, GPU-fec40d98-ea80-e220-a49c-31ccab4741af, NVIDIA A100-SXM4-80GB, 75019, 81920, 53, 111.40, 32
nid008352,2026/05/03 16:31:34.749, 0, GPU-c8e590fe-c1df-fb38-7bf3-9ed4364cf576, NVIDIA A100-SXM4-80GB, 76665, 81920, 2, 110.22, 34
nid008352,2026/05/03 16:31:34.752, 1, GPU-5efb5c1d-1cd8-daca-bd51-2f30d62f6e1e, NVIDIA A100-SXM4-80GB, 75275, 81920, 100, 114.98, 31
nid008352,2026/05/03 16:31:34.753, 2, GPU-1d24ec01-d8bb-a3cf-73c2-7d6014d1dd4d, NVIDIA A100-SXM4-80GB, 75275, 81920, 100, 114.96, 34
nid008352,2026/05/03 16:31:34.755, 3, GPU-689a6e7c-a622-65fb-9f4d-887ba745f660, NVIDIA A100-SXM4-80GB, 75275, 81920, 100, 113.14, 32
nid008353,2026/05/03 16:31:35.620, 0, GPU-3ad85384-e7dd-8c9b-13da-56f54bf334d9, NVIDIA A100-SXM4-80GB, 75029, 81920, 54, 111.66, 34
nid008353,2026/05/03 16:31:35.622, 1, GPU-3d65dc3f-116a-1dd4-937c-6e4481a765b5, NVIDIA A100-SXM4-80GB, 75019, 81920, 96, 114.61, 32
nid008353,2026/05/03 16:31:35.624, 2, GPU-338e4806-c72e-e37a-4798-dc47c2f2de03, NVIDIA A100-SXM4-80GB, 75019, 81920, 51, 114.47, 35
nid008353,2026/05/03 16:31:35.626, 3, GPU-fec40d98-ea80-e220-a49c-31ccab4741af, NVIDIA A100-SXM4-80GB, 75019, 81920, 48, 111.40, 32
nid008352,2026/05/03 16:31:38.487, 0, GPU-c8e590fe-c1df-fb38-7bf3-9ed4364cf576, NVIDIA A100-SXM4-80GB, 76665, 81920, 6, 124.71, 34
nid008352,2026/05/03 16:31:38.490, 1, GPU-5efb5c1d-1cd8-daca-bd51-2f30d62f6e1e, NVIDIA A100-SXM4-80GB, 75275, 81920, 100, 141.60, 31
nid008352,2026/05/03 16:31:38.491, 2, GPU-1d24ec01-d8bb-a3cf-73c2-7d6014d1dd4d, NVIDIA A100-SXM4-80GB, 75275, 81920, 100, 125.52, 34
nid008352,2026/05/03 16:31:38.493, 3, GPU-689a6e7c-a622-65fb-9f4d-887ba745f660, NVIDIA A100-SXM4-80GB, 75275, 81920, 100, 119.83, 32
nid008353,2026/05/03 16:31:39.340, 0, GPU-3ad85384-e7dd-8c9b-13da-56f54bf334d9, NVIDIA A100-SXM4-80GB, 75029, 81920, 25, 120.79, 34
nid008353,2026/05/03 16:31:39.342, 1, GPU-3d65dc3f-116a-1dd4-937c-6e4481a765b5, NVIDIA A100-SXM4-80GB, 75019, 81920, 97, 140.27, 32
nid008353,2026/05/03 16:31:39.344, 2, GPU-338e4806-c72e-e37a-4798-dc47c2f2de03, NVIDIA A100-SXM4-80GB, 75019, 81920, 100, 131.61, 35
nid008353,2026/05/03 16:31:39.345, 3, GPU-fec40d98-ea80-e220-a49c-31ccab4741af, NVIDIA A100-SXM4-80GB, 75019, 81920, 51, 135.11, 32
nid008352,2026/05/03 16:31:42.237, 0, GPU-c8e590fe-c1df-fb38-7bf3-9ed4364cf576, NVIDIA A100-SXM4-80GB, 76665, 81920, 5, 127.50, 34
nid008352,2026/05/03 16:31:42.240, 1, GPU-5efb5c1d-1cd8-daca-bd51-2f30d62f6e1e, NVIDIA A100-SXM4-80GB, 75275, 81920, 100, 139.18, 31
nid008352,2026/05/03 16:31:42.241, 2, GPU-1d24ec01-d8bb-a3cf-73c2-7d6014d1dd4d, NVIDIA A100-SXM4-80GB, 75275, 81920, 100, 129.86, 34
nid008352,2026/05/03 16:31:42.243, 3, GPU-689a6e7c-a622-65fb-9f4d-887ba745f660, NVIDIA A100-SXM4-80GB, 75275, 81920, 100, 123.53, 32
nid008353,2026/05/03 16:31:43.124, 0, GPU-3ad85384-e7dd-8c9b-13da-56f54bf334d9, NVIDIA A100-SXM4-80GB, 75029, 81920, 41, 111.66, 34
nid008353,2026/05/03 16:31:43.126, 1, GPU-3d65dc3f-116a-1dd4-937c-6e4481a765b5, NVIDIA A100-SXM4-80GB, 75019, 81920, 100, 114.61, 32
nid008353,2026/05/03 16:31:43.128, 2, GPU-338e4806-c72e-e37a-4798-dc47c2f2de03, NVIDIA A100-SXM4-80GB, 75019, 81920, 84, 115.13, 34
nid008353,2026/05/03 16:31:43.129, 3, GPU-fec40d98-ea80-e220-a49c-31ccab4741af, NVIDIA A100-SXM4-80GB, 75019, 81920, 78, 111.27, 32
nid008352,2026/05/03 16:31:46.048, 0, GPU-c8e590fe-c1df-fb38-7bf3-9ed4364cf576, NVIDIA A100-SXM4-80GB, 76665, 81920, 4, 120.12, 34
nid008352,2026/05/03 16:31:46.050, 1, GPU-5efb5c1d-1cd8-daca-bd51-2f30d62f6e1e, NVIDIA A100-SXM4-80GB, 75275, 81920, 100, 127.01, 31
nid008352,2026/05/03 16:31:46.052, 2, GPU-1d24ec01-d8bb-a3cf-73c2-7d6014d1dd4d, NVIDIA A100-SXM4-80GB, 75275, 81920, 100, 119.55, 34
nid008352,2026/05/03 16:31:46.053, 3, GPU-689a6e7c-a622-65fb-9f4d-887ba745f660, NVIDIA A100-SXM4-80GB, 75275, 81920, 100, 116.94, 32
nid008353,2026/05/03 16:31:46.901, 0, GPU-3ad85384-e7dd-8c9b-13da-56f54bf334d9, NVIDIA A100-SXM4-80GB, 75029, 81920, 7, 111.66, 34
nid008353,2026/05/03 16:31:46.904, 1, GPU-3d65dc3f-116a-1dd4-937c-6e4481a765b5, NVIDIA A100-SXM4-80GB, 75019, 81920, 95, 114.61, 32
nid008353,2026/05/03 16:31:46.905, 2, GPU-338e4806-c72e-e37a-4798-dc47c2f2de03, NVIDIA A100-SXM4-80GB, 75019, 81920, 74, 114.61, 35
nid008353,2026/05/03 16:31:46.907, 3, GPU-fec40d98-ea80-e220-a49c-31ccab4741af, NVIDIA A100-SXM4-80GB, 75019, 81920, 94, 111.27, 32
nid008352,2026/05/03 16:31:49.770, 0, GPU-c8e590fe-c1df-fb38-7bf3-9ed4364cf576, NVIDIA A100-SXM4-80GB, 76665, 81920, 7, 111.16, 34
nid008352,2026/05/03 16:31:49.772, 1, GPU-5efb5c1d-1cd8-daca-bd51-2f30d62f6e1e, NVIDIA A100-SXM4-80GB, 75275, 81920, 100, 114.88, 31
nid008352,2026/05/03 16:31:49.774, 2, GPU-1d24ec01-d8bb-a3cf-73c2-7d6014d1dd4d, NVIDIA A100-SXM4-80GB, 75275, 81920, 100, 114.86, 34
nid008352,2026/05/03 16:31:49.775, 3, GPU-689a6e7c-a622-65fb-9f4d-887ba745f660, NVIDIA A100-SXM4-80GB, 75275, 81920, 100, 124.49, 32
nid008353,2026/05/03 16:31:50.610, 0, GPU-3ad85384-e7dd-8c9b-13da-56f54bf334d9, NVIDIA A100-SXM4-80GB, 75029, 81920, 0, 127.52, 34
nid008353,2026/05/03 16:31:50.613, 1, GPU-3d65dc3f-116a-1dd4-937c-6e4481a765b5, NVIDIA A100-SXM4-80GB, 75019, 81920, 100, 127.14, 32
nid008353,2026/05/03 16:31:50.615, 2, GPU-338e4806-c72e-e37a-4798-dc47c2f2de03, NVIDIA A100-SXM4-80GB, 75019, 81920, 70, 132.33, 35
nid008353,2026/05/03 16:31:50.617, 3, GPU-fec40d98-ea80-e220-a49c-31ccab4741af, NVIDIA A100-SXM4-80GB, 75019, 81920, 92, 130.87, 32
nid008352,2026/05/03 16:31:53.492, 0, GPU-c8e590fe-c1df-fb38-7bf3-9ed4364cf576, NVIDIA A100-SXM4-80GB, 76665, 81920, 2, 110.22, 34
nid008352,2026/05/03 16:31:53.494, 1, GPU-5efb5c1d-1cd8-daca-bd51-2f30d62f6e1e, NVIDIA A100-SXM4-80GB, 75275, 81920, 100, 116.31, 31
nid008352,2026/05/03 16:31:53.496, 2, GPU-1d24ec01-d8bb-a3cf-73c2-7d6014d1dd4d, NVIDIA A100-SXM4-80GB, 75275, 81920, 100, 115.62, 34
nid008352,2026/05/03 16:31:53.498, 3, GPU-689a6e7c-a622-65fb-9f4d-887ba745f660, NVIDIA A100-SXM4-80GB, 75275, 81920, 100, 113.25, 32
nid008353,2026/05/03 16:31:54.320, 0, GPU-3ad85384-e7dd-8c9b-13da-56f54bf334d9, NVIDIA A100-SXM4-80GB, 75029, 81920, 26, 111.66, 34
nid008353,2026/05/03 16:31:54.323, 1, GPU-3d65dc3f-116a-1dd4-937c-6e4481a765b5, NVIDIA A100-SXM4-80GB, 75019, 81920, 99, 114.61, 32
nid008353,2026/05/03 16:31:54.324, 2, GPU-338e4806-c72e-e37a-4798-dc47c2f2de03, NVIDIA A100-SXM4-80GB, 75019, 81920, 91, 114.61, 35
nid008353,2026/05/03 16:31:54.326, 3, GPU-fec40d98-ea80-e220-a49c-31ccab4741af, NVIDIA A100-SXM4-80GB, 75019, 81920, 67, 110.06, 32
nid008352,2026/05/03 16:31:57.209, 0, GPU-c8e590fe-c1df-fb38-7bf3-9ed4364cf576, NVIDIA A100-SXM4-80GB, 76665, 81920, 2, 120.64, 34
nid008352,2026/05/03 16:31:57.214, 1, GPU-5efb5c1d-1cd8-daca-bd51-2f30d62f6e1e, NVIDIA A100-SXM4-80GB, 75275, 81920, 100, 114.45, 31
nid008352,2026/05/03 16:31:57.219, 2, GPU-1d24ec01-d8bb-a3cf-73c2-7d6014d1dd4d, NVIDIA A100-SXM4-80GB, 75275, 81920, 100, 136.60, 34
nid008352,2026/05/03 16:31:57.226, 3, GPU-689a6e7c-a622-65fb-9f4d-887ba745f660, NVIDIA A100-SXM4-80GB, 75275, 81920, 100, 127.52, 32
nid008353,2026/05/03 16:31:58.091, 0, GPU-3ad85384-e7dd-8c9b-13da-56f54bf334d9, NVIDIA A100-SXM4-80GB, 75029, 81920, 5, 121.97, 34
nid008353,2026/05/03 16:31:58.094, 1, GPU-3d65dc3f-116a-1dd4-937c-6e4481a765b5, NVIDIA A100-SXM4-80GB, 75019, 81920, 90, 136.40, 32
nid008353,2026/05/03 16:31:58.095, 2, GPU-338e4806-c72e-e37a-4798-dc47c2f2de03, NVIDIA A100-SXM4-80GB, 75019, 81920, 87, 115.65, 35
nid008353,2026/05/03 16:31:58.097, 3, GPU-fec40d98-ea80-e220-a49c-31ccab4741af, NVIDIA A100-SXM4-80GB, 75019, 81920, 94, 130.72, 32
nid008352,2026/05/03 16:32:00.970, 0, GPU-c8e590fe-c1df-fb38-7bf3-9ed4364cf576, NVIDIA A100-SXM4-80GB, 76665, 81920, 2, 110.50, 34
nid008352,2026/05/03 16:32:00.977, 1, GPU-5efb5c1d-1cd8-daca-bd51-2f30d62f6e1e, NVIDIA A100-SXM4-80GB, 75275, 81920, 100, 119.74, 31
nid008352,2026/05/03 16:32:00.983, 2, GPU-1d24ec01-d8bb-a3cf-73c2-7d6014d1dd4d, NVIDIA A100-SXM4-80GB, 75275, 81920, 100, 116.95, 34
nid008352,2026/05/03 16:32:00.993, 3, GPU-689a6e7c-a622-65fb-9f4d-887ba745f660, NVIDIA A100-SXM4-80GB, 75275, 81920, 100, 114.34, 32
nid008353,2026/05/03 16:32:01.841, 0, GPU-3ad85384-e7dd-8c9b-13da-56f54bf334d9, NVIDIA A100-SXM4-80GB, 75029, 81920, 69, 111.53, 34
nid008353,2026/05/03 16:32:01.843, 1, GPU-3d65dc3f-116a-1dd4-937c-6e4481a765b5, NVIDIA A100-SXM4-80GB, 75019, 81920, 80, 114.85, 32
nid008353,2026/05/03 16:32:01.845, 2, GPU-338e4806-c72e-e37a-4798-dc47c2f2de03, NVIDIA A100-SXM4-80GB, 75019, 81920, 54, 114.61, 35
nid008353,2026/05/03 16:32:01.847, 3, GPU-fec40d98-ea80-e220-a49c-31ccab4741af, NVIDIA A100-SXM4-80GB, 75019, 81920, 94, 111.27, 32
nid008352,2026/05/03 16:32:04.742, 0, GPU-c8e590fe-c1df-fb38-7bf3-9ed4364cf576, NVIDIA A100-SXM4-80GB, 76665, 81920, 1, 112.48, 34
nid008352,2026/05/03 16:32:04.744, 1, GPU-5efb5c1d-1cd8-daca-bd51-2f30d62f6e1e, NVIDIA A100-SXM4-80GB, 75275, 81920, 100, 123.97, 31
nid008352,2026/05/03 16:32:04.746, 2, GPU-1d24ec01-d8bb-a3cf-73c2-7d6014d1dd4d, NVIDIA A100-SXM4-80GB, 75275, 81920, 100, 115.90, 34
nid008352,2026/05/03 16:32:04.747, 3, GPU-689a6e7c-a622-65fb-9f4d-887ba745f660, NVIDIA A100-SXM4-80GB, 75275, 81920, 100, 113.66, 32
nid008353,2026/05/03 16:32:05.653, 0, GPU-3ad85384-e7dd-8c9b-13da-56f54bf334d9, NVIDIA A100-SXM4-80GB, 75029, 81920, 39, 111.53, 34
nid008353,2026/05/03 16:32:05.656, 1, GPU-3d65dc3f-116a-1dd4-937c-6e4481a765b5, NVIDIA A100-SXM4-80GB, 75019, 81920, 100, 114.61, 32
nid008353,2026/05/03 16:32:05.657, 2, GPU-338e4806-c72e-e37a-4798-dc47c2f2de03, NVIDIA A100-SXM4-80GB, 75019, 81920, 89, 114.61, 35
nid008353,2026/05/03 16:32:05.659, 3, GPU-fec40d98-ea80-e220-a49c-31ccab4741af, NVIDIA A100-SXM4-80GB, 75019, 81920, 92, 111.40, 32
nid008352,2026/05/03 16:32:08.525, 0, GPU-c8e590fe-c1df-fb38-7bf3-9ed4364cf576, NVIDIA A100-SXM4-80GB, 76665, 81920, 4, 109.83, 34
nid008352,2026/05/03 16:32:08.528, 1, GPU-5efb5c1d-1cd8-daca-bd51-2f30d62f6e1e, NVIDIA A100-SXM4-80GB, 75275, 81920, 100, 116.46, 31
nid008352,2026/05/03 16:32:08.529, 2, GPU-1d24ec01-d8bb-a3cf-73c2-7d6014d1dd4d, NVIDIA A100-SXM4-80GB, 75275, 81920, 100, 139.68, 34
nid008352,2026/05/03 16:32:08.531, 3, GPU-689a6e7c-a622-65fb-9f4d-887ba745f660, NVIDIA A100-SXM4-80GB, 75275, 81920, 100, 133.71, 32
nid008353,2026/05/03 16:32:09.367, 0, GPU-3ad85384-e7dd-8c9b-13da-56f54bf334d9, NVIDIA A100-SXM4-80GB, 75029, 81920, 29, 134.91, 34
nid008353,2026/05/03 16:32:09.370, 1, GPU-3d65dc3f-116a-1dd4-937c-6e4481a765b5, NVIDIA A100-SXM4-80GB, 75019, 81920, 61, 133.10, 32
nid008353,2026/05/03 16:32:09.371, 2, GPU-338e4806-c72e-e37a-4798-dc47c2f2de03, NVIDIA A100-SXM4-80GB, 75019, 81920, 100, 131.37, 35
nid008353,2026/05/03 16:32:09.373, 3, GPU-fec40d98-ea80-e220-a49c-31ccab4741af, NVIDIA A100-SXM4-80GB, 75019, 81920, 73, 141.20, 32
nid008352,2026/05/03 16:32:12.240, 0, GPU-c8e590fe-c1df-fb38-7bf3-9ed4364cf576, NVIDIA A100-SXM4-80GB, 76665, 81920, 2, 132.46, 34
nid008352,2026/05/03 16:32:12.247, 1, GPU-5efb5c1d-1cd8-daca-bd51-2f30d62f6e1e, NVIDIA A100-SXM4-80GB, 75275, 81920, 100, 114.74, 31
nid008352,2026/05/03 16:32:12.249, 2, GPU-1d24ec01-d8bb-a3cf-73c2-7d6014d1dd4d, NVIDIA A100-SXM4-80GB, 75275, 81920, 100, 114.96, 34
nid008352,2026/05/03 16:32:12.251, 3, GPU-689a6e7c-a622-65fb-9f4d-887ba745f660, NVIDIA A100-SXM4-80GB, 75275, 81920, 100, 112.72, 32
nid008353,2026/05/03 16:32:13.083, 0, GPU-3ad85384-e7dd-8c9b-13da-56f54bf334d9, NVIDIA A100-SXM4-80GB, 75029, 81920, 10, 127.67, 34
nid008353,2026/05/03 16:32:13.086, 1, GPU-3d65dc3f-116a-1dd4-937c-6e4481a765b5, NVIDIA A100-SXM4-80GB, 75019, 81920, 99, 123.59, 32
nid008353,2026/05/03 16:32:13.088, 2, GPU-338e4806-c72e-e37a-4798-dc47c2f2de03, NVIDIA A100-SXM4-80GB, 75019, 81920, 97, 132.94, 35
nid008353,2026/05/03 16:32:13.090, 3, GPU-fec40d98-ea80-e220-a49c-31ccab4741af, NVIDIA A100-SXM4-80GB, 75019, 81920, 89, 134.87, 32
nid008352,2026/05/03 16:32:15.971, 0, GPU-c8e590fe-c1df-fb38-7bf3-9ed4364cf576, NVIDIA A100-SXM4-80GB, 76665, 81920, 4, 111.54, 34
nid008352,2026/05/03 16:32:15.974, 1, GPU-5efb5c1d-1cd8-daca-bd51-2f30d62f6e1e, NVIDIA A100-SXM4-80GB, 75275, 81920, 100, 131.76, 31
nid008352,2026/05/03 16:32:15.975, 2, GPU-1d24ec01-d8bb-a3cf-73c2-7d6014d1dd4d, NVIDIA A100-SXM4-80GB, 75275, 81920, 100, 124.85, 34
nid008352,2026/05/03 16:32:15.977, 3, GPU-689a6e7c-a622-65fb-9f4d-887ba745f660, NVIDIA A100-SXM4-80GB, 75275, 81920, 100, 118.79, 32
nid008353,2026/05/03 16:32:16.799, 0, GPU-3ad85384-e7dd-8c9b-13da-56f54bf334d9, NVIDIA A100-SXM4-80GB, 75029, 81920, 0, 111.53, 34
nid008353,2026/05/03 16:32:16.802, 1, GPU-3d65dc3f-116a-1dd4-937c-6e4481a765b5, NVIDIA A100-SXM4-80GB, 75019, 81920, 0, 114.61, 32
nid008353,2026/05/03 16:32:16.803, 2, GPU-338e4806-c72e-e37a-4798-dc47c2f2de03, NVIDIA A100-SXM4-80GB, 75019, 81920, 0, 114.85, 34
nid008353,2026/05/03 16:32:16.805, 3, GPU-fec40d98-ea80-e220-a49c-31ccab4741af, NVIDIA A100-SXM4-80GB, 75019, 81920, 0, 111.27, 32
nid008352,2026/05/03 16:32:19.672, 0, GPU-c8e590fe-c1df-fb38-7bf3-9ed4364cf576, NVIDIA A100-SXM4-80GB, 76665, 81920, 59, 125.24, 39
nid008352,2026/05/03 16:32:19.675, 1, GPU-5efb5c1d-1cd8-daca-bd51-2f30d62f6e1e, NVIDIA A100-SXM4-80GB, 75275, 81920, 76, 186.88, 32
nid008352,2026/05/03 16:32:19.676, 2, GPU-1d24ec01-d8bb-a3cf-73c2-7d6014d1dd4d, NVIDIA A100-SXM4-80GB, 75275, 81920, 99, 117.61, 35
nid008352,2026/05/03 16:32:19.678, 3, GPU-689a6e7c-a622-65fb-9f4d-887ba745f660, NVIDIA A100-SXM4-80GB, 75275, 81920, 100, 138.10, 34
nid008353,2026/05/03 16:32:20.569, 0, GPU-3ad85384-e7dd-8c9b-13da-56f54bf334d9, NVIDIA A100-SXM4-80GB, 75029, 81920, 40, 373.99, 38
nid008353,2026/05/03 16:32:20.571, 1, GPU-3d65dc3f-116a-1dd4-937c-6e4481a765b5, NVIDIA A100-SXM4-80GB, 75019, 81920, 84, 402.18, 36
nid008353,2026/05/03 16:32:20.573, 2, GPU-338e4806-c72e-e37a-4798-dc47c2f2de03, NVIDIA A100-SXM4-80GB, 75019, 81920, 100, 161.00, 40
nid008353,2026/05/03 16:32:20.575, 3, GPU-fec40d98-ea80-e220-a49c-31ccab4741af, NVIDIA A100-SXM4-80GB, 75019, 81920, 83, 329.81, 37
nid008352,2026/05/03 16:32:23.463, 0, GPU-c8e590fe-c1df-fb38-7bf3-9ed4364cf576, NVIDIA A100-SXM4-80GB, 76665, 81920, 100, 111.54, 36
nid008352,2026/05/03 16:32:23.466, 1, GPU-5efb5c1d-1cd8-daca-bd51-2f30d62f6e1e, NVIDIA A100-SXM4-80GB, 75275, 81920, 100, 115.36, 33
nid008352,2026/05/03 16:32:23.468, 2, GPU-1d24ec01-d8bb-a3cf-73c2-7d6014d1dd4d, NVIDIA A100-SXM4-80GB, 75275, 81920, 100, 116.57, 36
nid008352,2026/05/03 16:32:23.469, 3, GPU-689a6e7c-a622-65fb-9f4d-887ba745f660, NVIDIA A100-SXM4-80GB, 75275, 81920, 100, 114.05, 34
nid008353,2026/05/03 16:32:24.327, 0, GPU-3ad85384-e7dd-8c9b-13da-56f54bf334d9, NVIDIA A100-SXM4-80GB, 75029, 81920, 90, 112.85, 36
nid008353,2026/05/03 16:32:24.329, 1, GPU-3d65dc3f-116a-1dd4-937c-6e4481a765b5, NVIDIA A100-SXM4-80GB, 75019, 81920, 92, 117.08, 34
nid008353,2026/05/03 16:32:24.331, 2, GPU-338e4806-c72e-e37a-4798-dc47c2f2de03, NVIDIA A100-SXM4-80GB, 75019, 81920, 88, 125.15, 37
nid008353,2026/05/03 16:32:24.332, 3, GPU-fec40d98-ea80-e220-a49c-31ccab4741af, NVIDIA A100-SXM4-80GB, 75019, 81920, 92, 113.65, 34
nid008352,2026/05/03 16:32:27.236, 0, GPU-c8e590fe-c1df-fb38-7bf3-9ed4364cf576, NVIDIA A100-SXM4-80GB, 76665, 81920, 100, 110.74, 35
nid008352,2026/05/03 16:32:27.239, 1, GPU-5efb5c1d-1cd8-daca-bd51-2f30d62f6e1e, NVIDIA A100-SXM4-80GB, 75275, 81920, 100, 136.28, 32
nid008352,2026/05/03 16:32:27.241, 2, GPU-1d24ec01-d8bb-a3cf-73c2-7d6014d1dd4d, NVIDIA A100-SXM4-80GB, 75275, 81920, 100, 131.71, 35
nid008352,2026/05/03 16:32:27.242, 3, GPU-689a6e7c-a622-65fb-9f4d-887ba745f660, NVIDIA A100-SXM4-80GB, 75275, 81920, 100, 127.80, 33
nid008353,2026/05/03 16:32:28.067, 0, GPU-3ad85384-e7dd-8c9b-13da-56f54bf334d9, NVIDIA A100-SXM4-80GB, 75029, 81920, 53, 141.43, 35
nid008353,2026/05/03 16:32:28.069, 1, GPU-3d65dc3f-116a-1dd4-937c-6e4481a765b5, NVIDIA A100-SXM4-80GB, 75019, 81920, 18, 115.89, 33
nid008353,2026/05/03 16:32:28.071, 2, GPU-338e4806-c72e-e37a-4798-dc47c2f2de03, NVIDIA A100-SXM4-80GB, 75019, 81920, 60, 140.47, 36
nid008353,2026/05/03 16:32:28.073, 3, GPU-fec40d98-ea80-e220-a49c-31ccab4741af, NVIDIA A100-SXM4-80GB, 75019, 81920, 90, 117.26, 33
nid008352,2026/05/03 16:32:30.935, 0, GPU-c8e590fe-c1df-fb38-7bf3-9ed4364cf576, NVIDIA A100-SXM4-80GB, 76665, 81920, 32, 116.18, 35
nid008352,2026/05/03 16:32:30.940, 1, GPU-5efb5c1d-1cd8-daca-bd51-2f30d62f6e1e, NVIDIA A100-SXM4-80GB, 75275, 81920, 100, 114.98, 32
nid008352,2026/05/03 16:32:30.946, 2, GPU-1d24ec01-d8bb-a3cf-73c2-7d6014d1dd4d, NVIDIA A100-SXM4-80GB, 75275, 81920, 85, 132.23, 34
nid008352,2026/05/03 16:32:30.952, 3, GPU-689a6e7c-a622-65fb-9f4d-887ba745f660, NVIDIA A100-SXM4-80GB, 75275, 81920, 85, 124.62, 32
nid008353,2026/05/03 16:32:31.832, 0, GPU-3ad85384-e7dd-8c9b-13da-56f54bf334d9, NVIDIA A100-SXM4-80GB, 75029, 81920, 43, 111.81, 34
nid008353,2026/05/03 16:32:31.835, 1, GPU-3d65dc3f-116a-1dd4-937c-6e4481a765b5, NVIDIA A100-SXM4-80GB, 75019, 81920, 23, 114.74, 32
nid008353,2026/05/03 16:32:31.837, 2, GPU-338e4806-c72e-e37a-4798-dc47c2f2de03, NVIDIA A100-SXM4-80GB, 75019, 81920, 71, 125.53, 35
nid008353,2026/05/03 16:32:31.839, 3, GPU-fec40d98-ea80-e220-a49c-31ccab4741af, NVIDIA A100-SXM4-80GB, 75019, 81920, 60, 129.67, 32
nid008352,2026/05/03 16:32:34.747, 0, GPU-c8e590fe-c1df-fb38-7bf3-9ed4364cf576, NVIDIA A100-SXM4-80GB, 76665, 81920, 2, 121.68, 35
nid008352,2026/05/03 16:32:34.751, 1, GPU-5efb5c1d-1cd8-daca-bd51-2f30d62f6e1e, NVIDIA A100-SXM4-80GB, 75275, 81920, 100, 114.98, 31
nid008352,2026/05/03 16:32:34.752, 2, GPU-1d24ec01-d8bb-a3cf-73c2-7d6014d1dd4d, NVIDIA A100-SXM4-80GB, 75275, 81920, 87, 116.14, 34
nid008352,2026/05/03 16:32:34.754, 3, GPU-689a6e7c-a622-65fb-9f4d-887ba745f660, NVIDIA A100-SXM4-80GB, 75275, 81920, 100, 112.72, 32
nid008353,2026/05/03 16:32:35.597, 0, GPU-3ad85384-e7dd-8c9b-13da-56f54bf334d9, NVIDIA A100-SXM4-80GB, 75029, 81920, 39, 111.94, 34
nid008353,2026/05/03 16:32:35.600, 1, GPU-3d65dc3f-116a-1dd4-937c-6e4481a765b5, NVIDIA A100-SXM4-80GB, 75019, 81920, 63, 115.13, 32
nid008353,2026/05/03 16:32:35.605, 2, GPU-338e4806-c72e-e37a-4798-dc47c2f2de03, NVIDIA A100-SXM4-80GB, 75019, 81920, 25, 114.85, 35
nid008353,2026/05/03 16:32:35.607, 3, GPU-fec40d98-ea80-e220-a49c-31ccab4741af, NVIDIA A100-SXM4-80GB, 75019, 81920, 97, 113.41, 32
nid008352,2026/05/03 16:32:38.503, 0, GPU-c8e590fe-c1df-fb38-7bf3-9ed4364cf576, NVIDIA A100-SXM4-80GB, 76665, 81920, 5, 117.99, 34
nid008352,2026/05/03 16:32:38.506, 1, GPU-5efb5c1d-1cd8-daca-bd51-2f30d62f6e1e, NVIDIA A100-SXM4-80GB, 75275, 81920, 100, 114.88, 31
nid008352,2026/05/03 16:32:38.508, 2, GPU-1d24ec01-d8bb-a3cf-73c2-7d6014d1dd4d, NVIDIA A100-SXM4-80GB, 75275, 81920, 100, 114.96, 34
nid008352,2026/05/03 16:32:38.509, 3, GPU-689a6e7c-a622-65fb-9f4d-887ba745f660, NVIDIA A100-SXM4-80GB, 75275, 81920, 100, 113.14, 32
nid008353,2026/05/03 16:32:39.378, 0, GPU-3ad85384-e7dd-8c9b-13da-56f54bf334d9, NVIDIA A100-SXM4-80GB, 75029, 81920, 62, 111.81, 34
nid008353,2026/05/03 16:32:39.381, 1, GPU-3d65dc3f-116a-1dd4-937c-6e4481a765b5, NVIDIA A100-SXM4-80GB, 75019, 81920, 30, 114.85, 32
nid008353,2026/05/03 16:32:39.383, 2, GPU-338e4806-c72e-e37a-4798-dc47c2f2de03, NVIDIA A100-SXM4-80GB, 75019, 81920, 90, 114.98, 35
nid008353,2026/05/03 16:32:39.385, 3, GPU-fec40d98-ea80-e220-a49c-31ccab4741af, NVIDIA A100-SXM4-80GB, 75019, 81920, 96, 113.12, 32
nid008352,2026/05/03 16:32:42.284, 0, GPU-c8e590fe-c1df-fb38-7bf3-9ed4364cf576, NVIDIA A100-SXM4-80GB, 76665, 81920, 2, 121.96, 34
nid008352,2026/05/03 16:32:42.287, 1, GPU-5efb5c1d-1cd8-daca-bd51-2f30d62f6e1e, NVIDIA A100-SXM4-80GB, 75275, 81920, 100, 115.26, 31
nid008352,2026/05/03 16:32:42.288, 2, GPU-1d24ec01-d8bb-a3cf-73c2-7d6014d1dd4d, NVIDIA A100-SXM4-80GB, 75275, 81920, 100, 115.09, 34
nid008352,2026/05/03 16:32:42.290, 3, GPU-689a6e7c-a622-65fb-9f4d-887ba745f660, NVIDIA A100-SXM4-80GB, 75275, 81920, 100, 113.14, 32
nid008353,2026/05/03 16:32:43.132, 0, GPU-3ad85384-e7dd-8c9b-13da-56f54bf334d9, NVIDIA A100-SXM4-80GB, 75029, 81920, 90, 111.81, 34
nid008353,2026/05/03 16:32:43.135, 1, GPU-3d65dc3f-116a-1dd4-937c-6e4481a765b5, NVIDIA A100-SXM4-80GB, 75019, 81920, 94, 114.61, 32
nid008353,2026/05/03 16:32:43.137, 2, GPU-338e4806-c72e-e37a-4798-dc47c2f2de03, NVIDIA A100-SXM4-80GB, 75019, 81920, 78, 117.22, 35
nid008353,2026/05/03 16:32:43.138, 3, GPU-fec40d98-ea80-e220-a49c-31ccab4741af, NVIDIA A100-SXM4-80GB, 75019, 81920, 100, 111.92, 32
nid008352,2026/05/03 16:32:46.049, 0, GPU-c8e590fe-c1df-fb38-7bf3-9ed4364cf576, NVIDIA A100-SXM4-80GB, 76665, 81920, 4, 132.90, 34
nid008352,2026/05/03 16:32:46.056, 1, GPU-5efb5c1d-1cd8-daca-bd51-2f30d62f6e1e, NVIDIA A100-SXM4-80GB, 75275, 81920, 100, 114.85, 31
nid008352,2026/05/03 16:32:46.058, 2, GPU-1d24ec01-d8bb-a3cf-73c2-7d6014d1dd4d, NVIDIA A100-SXM4-80GB, 75275, 81920, 100, 114.96, 34
nid008352,2026/05/03 16:32:46.059, 3, GPU-689a6e7c-a622-65fb-9f4d-887ba745f660, NVIDIA A100-SXM4-80GB, 75275, 81920, 100, 112.85, 32
nid008353,2026/05/03 16:32:46.895, 0, GPU-3ad85384-e7dd-8c9b-13da-56f54bf334d9, NVIDIA A100-SXM4-80GB, 75029, 81920, 5, 111.81, 34
nid008353,2026/05/03 16:32:46.897, 1, GPU-3d65dc3f-116a-1dd4-937c-6e4481a765b5, NVIDIA A100-SXM4-80GB, 75019, 81920, 100, 114.74, 32
nid008353,2026/05/03 16:32:46.899, 2, GPU-338e4806-c72e-e37a-4798-dc47c2f2de03, NVIDIA A100-SXM4-80GB, 75019, 81920, 90, 114.61, 35
nid008353,2026/05/03 16:32:46.901, 3, GPU-fec40d98-ea80-e220-a49c-31ccab4741af, NVIDIA A100-SXM4-80GB, 75019, 81920, 98, 111.27, 32
nid008352,2026/05/03 16:32:49.752, 0, GPU-c8e590fe-c1df-fb38-7bf3-9ed4364cf576, NVIDIA A100-SXM4-80GB, 76665, 81920, 4, 131.71, 34
nid008352,2026/05/03 16:32:49.755, 1, GPU-5efb5c1d-1cd8-daca-bd51-2f30d62f6e1e, NVIDIA A100-SXM4-80GB, 75275, 81920, 100, 116.46, 31
nid008352,2026/05/03 16:32:49.757, 2, GPU-1d24ec01-d8bb-a3cf-73c2-7d6014d1dd4d, NVIDIA A100-SXM4-80GB, 75275, 81920, 100, 115.24, 34
nid008352,2026/05/03 16:32:49.758, 3, GPU-689a6e7c-a622-65fb-9f4d-887ba745f660, NVIDIA A100-SXM4-80GB, 75275, 81920, 100, 113.38, 32
nid008353,2026/05/03 16:32:50.590, 0, GPU-3ad85384-e7dd-8c9b-13da-56f54bf334d9, NVIDIA A100-SXM4-80GB, 75029, 81920, 0, 135.08, 34
nid008353,2026/05/03 16:32:50.595, 1, GPU-3d65dc3f-116a-1dd4-937c-6e4481a765b5, NVIDIA A100-SXM4-80GB, 75019, 81920, 98, 128.34, 32
nid008353,2026/05/03 16:32:50.596, 2, GPU-338e4806-c72e-e37a-4798-dc47c2f2de03, NVIDIA A100-SXM4-80GB, 75019, 81920, 85, 133.75, 35
nid008353,2026/05/03 16:32:50.598, 3, GPU-fec40d98-ea80-e220-a49c-31ccab4741af, NVIDIA A100-SXM4-80GB, 75019, 81920, 100, 124.78, 32
nid008352,2026/05/03 16:32:53.464, 0, GPU-c8e590fe-c1df-fb38-7bf3-9ed4364cf576, NVIDIA A100-SXM4-80GB, 76665, 81920, 46, 125.52, 34
nid008352,2026/05/03 16:32:53.467, 1, GPU-5efb5c1d-1cd8-daca-bd51-2f30d62f6e1e, NVIDIA A100-SXM4-80GB, 75275, 81920, 100, 115.50, 31
nid008352,2026/05/03 16:32:53.469, 2, GPU-1d24ec01-d8bb-a3cf-73c2-7d6014d1dd4d, NVIDIA A100-SXM4-80GB, 75275, 81920, 100, 114.96, 34
nid008352,2026/05/03 16:32:53.470, 3, GPU-689a6e7c-a622-65fb-9f4d-887ba745f660, NVIDIA A100-SXM4-80GB, 75275, 81920, 100, 113.00, 32
nid008353,2026/05/03 16:32:54.293, 0, GPU-3ad85384-e7dd-8c9b-13da-56f54bf334d9, NVIDIA A100-SXM4-80GB, 75029, 81920, 6, 111.81, 34
nid008353,2026/05/03 16:32:54.296, 1, GPU-3d65dc3f-116a-1dd4-937c-6e4481a765b5, NVIDIA A100-SXM4-80GB, 75019, 81920, 61, 114.61, 32
nid008353,2026/05/03 16:32:54.298, 2, GPU-338e4806-c72e-e37a-4798-dc47c2f2de03, NVIDIA A100-SXM4-80GB, 75019, 81920, 99, 114.85, 35
nid008353,2026/05/03 16:32:54.299, 3, GPU-fec40d98-ea80-e220-a49c-31ccab4741af, NVIDIA A100-SXM4-80GB, 75019, 81920, 92, 111.27, 32
nid008352,2026/05/03 16:32:57.165, 0, GPU-c8e590fe-c1df-fb38-7bf3-9ed4364cf576, NVIDIA A100-SXM4-80GB, 76665, 81920, 2, 122.72, 34
nid008352,2026/05/03 16:32:57.172, 1, GPU-5efb5c1d-1cd8-daca-bd51-2f30d62f6e1e, NVIDIA A100-SXM4-80GB, 75275, 81920, 100, 114.98, 31
nid008352,2026/05/03 16:32:57.177, 2, GPU-1d24ec01-d8bb-a3cf-73c2-7d6014d1dd4d, NVIDIA A100-SXM4-80GB, 75275, 81920, 100, 114.96, 34
nid008352,2026/05/03 16:32:57.179, 3, GPU-689a6e7c-a622-65fb-9f4d-887ba745f660, NVIDIA A100-SXM4-80GB, 75275, 81920, 100, 112.85, 32
nid008353,2026/05/03 16:32:58.031, 0, GPU-3ad85384-e7dd-8c9b-13da-56f54bf334d9, NVIDIA A100-SXM4-80GB, 75029, 81920, 49, 111.66, 34
nid008353,2026/05/03 16:32:58.034, 1, GPU-3d65dc3f-116a-1dd4-937c-6e4481a765b5, NVIDIA A100-SXM4-80GB, 75019, 81920, 94, 114.74, 32
nid008353,2026/05/03 16:32:58.037, 2, GPU-338e4806-c72e-e37a-4798-dc47c2f2de03, NVIDIA A100-SXM4-80GB, 75019, 81920, 99, 115.65, 35
nid008353,2026/05/03 16:32:58.042, 3, GPU-fec40d98-ea80-e220-a49c-31ccab4741af, NVIDIA A100-SXM4-80GB, 75019, 81920, 94, 110.35, 32
nid008352,2026/05/03 16:33:00.947, 0, GPU-c8e590fe-c1df-fb38-7bf3-9ed4364cf576, NVIDIA A100-SXM4-80GB, 76665, 81920, 8, 132.62, 34
nid008352,2026/05/03 16:33:00.953, 1, GPU-5efb5c1d-1cd8-daca-bd51-2f30d62f6e1e, NVIDIA A100-SXM4-80GB, 75275, 81920, 100, 115.13, 31
nid008352,2026/05/03 16:33:00.957, 2, GPU-1d24ec01-d8bb-a3cf-73c2-7d6014d1dd4d, NVIDIA A100-SXM4-80GB, 75275, 81920, 100, 115.37, 34
nid008352,2026/05/03 16:33:00.962, 3, GPU-689a6e7c-a622-65fb-9f4d-887ba745f660, NVIDIA A100-SXM4-80GB, 75275, 81920, 100, 113.38, 32
nid008353,2026/05/03 16:33:01.805, 0, GPU-3ad85384-e7dd-8c9b-13da-56f54bf334d9, NVIDIA A100-SXM4-80GB, 75029, 81920, 0, 142.03, 34
nid008353,2026/05/03 16:33:01.808, 1, GPU-3d65dc3f-116a-1dd4-937c-6e4481a765b5, NVIDIA A100-SXM4-80GB, 75019, 81920, 100, 131.37, 32
nid008353,2026/05/03 16:33:01.810, 2, GPU-338e4806-c72e-e37a-4798-dc47c2f2de03, NVIDIA A100-SXM4-80GB, 75019, 81920, 97, 114.85, 35
nid008353,2026/05/03 16:33:01.811, 3, GPU-fec40d98-ea80-e220-a49c-31ccab4741af, NVIDIA A100-SXM4-80GB, 75019, 81920, 100, 111.40, 32
nid008352,2026/05/03 16:33:04.665, 0, GPU-c8e590fe-c1df-fb38-7bf3-9ed4364cf576, NVIDIA A100-SXM4-80GB, 76665, 81920, 4, 114.58, 34
nid008352,2026/05/03 16:33:04.668, 1, GPU-5efb5c1d-1cd8-daca-bd51-2f30d62f6e1e, NVIDIA A100-SXM4-80GB, 75275, 81920, 100, 114.98, 31
nid008352,2026/05/03 16:33:04.670, 2, GPU-1d24ec01-d8bb-a3cf-73c2-7d6014d1dd4d, NVIDIA A100-SXM4-80GB, 75275, 81920, 100, 114.96, 34
nid008352,2026/05/03 16:33:04.672, 3, GPU-689a6e7c-a622-65fb-9f4d-887ba745f660, NVIDIA A100-SXM4-80GB, 75275, 81920, 100, 112.85, 32
nid008353,2026/05/03 16:33:05.535, 0, GPU-3ad85384-e7dd-8c9b-13da-56f54bf334d9, NVIDIA A100-SXM4-80GB, 75029, 81920, 0, 111.53, 34
nid008353,2026/05/03 16:33:05.541, 1, GPU-3d65dc3f-116a-1dd4-937c-6e4481a765b5, NVIDIA A100-SXM4-80GB, 75019, 81920, 54, 114.74, 32
nid008353,2026/05/03 16:33:05.547, 2, GPU-338e4806-c72e-e37a-4798-dc47c2f2de03, NVIDIA A100-SXM4-80GB, 75019, 81920, 79, 114.61, 35
nid008353,2026/05/03 16:33:05.553, 3, GPU-fec40d98-ea80-e220-a49c-31ccab4741af, NVIDIA A100-SXM4-80GB, 75019, 81920, 100, 111.40, 32
nid008352,2026/05/03 16:33:08.418, 0, GPU-c8e590fe-c1df-fb38-7bf3-9ed4364cf576, NVIDIA A100-SXM4-80GB, 76665, 81920, 2, 116.94, 34
nid008352,2026/05/03 16:33:08.421, 1, GPU-5efb5c1d-1cd8-daca-bd51-2f30d62f6e1e, NVIDIA A100-SXM4-80GB, 75275, 81920, 100, 115.50, 31
nid008352,2026/05/03 16:33:08.425, 2, GPU-1d24ec01-d8bb-a3cf-73c2-7d6014d1dd4d, NVIDIA A100-SXM4-80GB, 75275, 81920, 100, 114.96, 34
nid008352,2026/05/03 16:33:08.427, 3, GPU-689a6e7c-a622-65fb-9f4d-887ba745f660, NVIDIA A100-SXM4-80GB, 75275, 81920, 100, 113.14, 32
nid008353,2026/05/03 16:33:09.371, 0, GPU-3ad85384-e7dd-8c9b-13da-56f54bf334d9, NVIDIA A100-SXM4-80GB, 75029, 81920, 25, 139.82, 34
nid008353,2026/05/03 16:33:09.374, 1, GPU-3d65dc3f-116a-1dd4-937c-6e4481a765b5, NVIDIA A100-SXM4-80GB, 75019, 81920, 75, 114.85, 32
nid008353,2026/05/03 16:33:09.375, 2, GPU-338e4806-c72e-e37a-4798-dc47c2f2de03, NVIDIA A100-SXM4-80GB, 75019, 81920, 87, 123.44, 35
nid008353,2026/05/03 16:33:09.377, 3, GPU-fec40d98-ea80-e220-a49c-31ccab4741af, NVIDIA A100-SXM4-80GB, 75019, 81920, 97, 110.87, 32
nid008352,2026/05/03 16:33:12.256, 0, GPU-c8e590fe-c1df-fb38-7bf3-9ed4364cf576, NVIDIA A100-SXM4-80GB, 76665, 81920, 3, 110.22, 34
nid008352,2026/05/03 16:33:12.263, 1, GPU-5efb5c1d-1cd8-daca-bd51-2f30d62f6e1e, NVIDIA A100-SXM4-80GB, 75275, 81920, 100, 116.17, 31
nid008352,2026/05/03 16:33:12.264, 2, GPU-1d24ec01-d8bb-a3cf-73c2-7d6014d1dd4d, NVIDIA A100-SXM4-80GB, 75275, 81920, 100, 140.93, 34
nid008352,2026/05/03 16:33:12.266, 3, GPU-689a6e7c-a622-65fb-9f4d-887ba745f660, NVIDIA A100-SXM4-80GB, 75275, 81920, 100, 141.50, 32
nid008353,2026/05/03 16:33:13.097, 0, GPU-3ad85384-e7dd-8c9b-13da-56f54bf334d9, NVIDIA A100-SXM4-80GB, 75029, 81920, 3, 115.23, 34
nid008353,2026/05/03 16:33:13.101, 1, GPU-3d65dc3f-116a-1dd4-937c-6e4481a765b5, NVIDIA A100-SXM4-80GB, 75019, 81920, 51, 114.61, 32
nid008353,2026/05/03 16:33:13.102, 2, GPU-338e4806-c72e-e37a-4798-dc47c2f2de03, NVIDIA A100-SXM4-80GB, 75019, 81920, 100, 134.03, 35
nid008353,2026/05/03 16:33:13.104, 3, GPU-fec40d98-ea80-e220-a49c-31ccab4741af, NVIDIA A100-SXM4-80GB, 75019, 81920, 59, 124.78, 32
nid008352,2026/05/03 16:33:15.995, 0, GPU-c8e590fe-c1df-fb38-7bf3-9ed4364cf576, NVIDIA A100-SXM4-80GB, 76665, 81920, 3, 110.50, 34
nid008352,2026/05/03 16:33:15.997, 1, GPU-5efb5c1d-1cd8-daca-bd51-2f30d62f6e1e, NVIDIA A100-SXM4-80GB, 75275, 81920, 100, 114.74, 31
nid008352,2026/05/03 16:33:15.999, 2, GPU-1d24ec01-d8bb-a3cf-73c2-7d6014d1dd4d, NVIDIA A100-SXM4-80GB, 75275, 81920, 100, 114.96, 34
nid008352,2026/05/03 16:33:16.001, 3, GPU-689a6e7c-a622-65fb-9f4d-887ba745f660, NVIDIA A100-SXM4-80GB, 75275, 81920, 100, 116.85, 32
nid008353,2026/05/03 16:33:16.835, 0, GPU-3ad85384-e7dd-8c9b-13da-56f54bf334d9, NVIDIA A100-SXM4-80GB, 75029, 81920, 22, 111.66, 34
nid008353,2026/05/03 16:33:16.837, 1, GPU-3d65dc3f-116a-1dd4-937c-6e4481a765b5, NVIDIA A100-SXM4-80GB, 75019, 81920, 80, 114.85, 32
nid008353,2026/05/03 16:33:16.839, 2, GPU-338e4806-c72e-e37a-4798-dc47c2f2de03, NVIDIA A100-SXM4-80GB, 75019, 81920, 81, 114.61, 35
nid008353,2026/05/03 16:33:16.841, 3, GPU-fec40d98-ea80-e220-a49c-31ccab4741af, NVIDIA A100-SXM4-80GB, 75019, 81920, 80, 111.03, 32
nid008352,2026/05/03 16:33:19.716, 0, GPU-c8e590fe-c1df-fb38-7bf3-9ed4364cf576, NVIDIA A100-SXM4-80GB, 76665, 81920, 1, 110.22, 34
nid008352,2026/05/03 16:33:19.719, 1, GPU-5efb5c1d-1cd8-daca-bd51-2f30d62f6e1e, NVIDIA A100-SXM4-80GB, 75275, 81920, 100, 114.74, 31
nid008352,2026/05/03 16:33:19.720, 2, GPU-1d24ec01-d8bb-a3cf-73c2-7d6014d1dd4d, NVIDIA A100-SXM4-80GB, 75275, 81920, 100, 114.96, 34
nid008352,2026/05/03 16:33:19.722, 3, GPU-689a6e7c-a622-65fb-9f4d-887ba745f660, NVIDIA A100-SXM4-80GB, 75275, 81920, 100, 112.72, 32
nid008353,2026/05/03 16:33:20.556, 0, GPU-3ad85384-e7dd-8c9b-13da-56f54bf334d9, NVIDIA A100-SXM4-80GB, 75029, 81920, 52, 111.53, 34
nid008353,2026/05/03 16:33:20.562, 1, GPU-3d65dc3f-116a-1dd4-937c-6e4481a765b5, NVIDIA A100-SXM4-80GB, 75019, 81920, 97, 114.61, 32
nid008353,2026/05/03 16:33:20.563, 2, GPU-338e4806-c72e-e37a-4798-dc47c2f2de03, NVIDIA A100-SXM4-80GB, 75019, 81920, 86, 114.85, 35
nid008353,2026/05/03 16:33:20.565, 3, GPU-fec40d98-ea80-e220-a49c-31ccab4741af, NVIDIA A100-SXM4-80GB, 75019, 81920, 76, 111.40, 32
nid008352,2026/05/03 16:33:23.450, 0, GPU-c8e590fe-c1df-fb38-7bf3-9ed4364cf576, NVIDIA A100-SXM4-80GB, 76665, 81920, 9, 115.76, 34
nid008352,2026/05/03 16:33:23.453, 1, GPU-5efb5c1d-1cd8-daca-bd51-2f30d62f6e1e, NVIDIA A100-SXM4-80GB, 75275, 81920, 100, 138.66, 31
nid008352,2026/05/03 16:33:23.455, 2, GPU-1d24ec01-d8bb-a3cf-73c2-7d6014d1dd4d, NVIDIA A100-SXM4-80GB, 75275, 81920, 100, 115.24, 34
nid008352,2026/05/03 16:33:23.456, 3, GPU-689a6e7c-a622-65fb-9f4d-887ba745f660, NVIDIA A100-SXM4-80GB, 75275, 81920, 100, 113.00, 32
nid008353,2026/05/03 16:33:24.303, 0, GPU-3ad85384-e7dd-8c9b-13da-56f54bf334d9, NVIDIA A100-SXM4-80GB, 75029, 81920, 52, 111.81, 34
nid008353,2026/05/03 16:33:24.305, 1, GPU-3d65dc3f-116a-1dd4-937c-6e4481a765b5, NVIDIA A100-SXM4-80GB, 75019, 81920, 96, 114.74, 32
nid008353,2026/05/03 16:33:24.310, 2, GPU-338e4806-c72e-e37a-4798-dc47c2f2de03, NVIDIA A100-SXM4-80GB, 75019, 81920, 92, 115.13, 35
nid008353,2026/05/03 16:33:24.312, 3, GPU-fec40d98-ea80-e220-a49c-31ccab4741af, NVIDIA A100-SXM4-80GB, 75019, 81920, 48, 111.40, 32
nid008352,2026/05/03 16:33:27.198, 0, GPU-c8e590fe-c1df-fb38-7bf3-9ed4364cf576, NVIDIA A100-SXM4-80GB, 76665, 81920, 4, 125.80, 34
nid008352,2026/05/03 16:33:27.200, 1, GPU-5efb5c1d-1cd8-daca-bd51-2f30d62f6e1e, NVIDIA A100-SXM4-80GB, 75275, 81920, 100, 124.55, 31
nid008352,2026/05/03 16:33:27.202, 2, GPU-1d24ec01-d8bb-a3cf-73c2-7d6014d1dd4d, NVIDIA A100-SXM4-80GB, 75275, 81920, 100, 116.81, 34
nid008352,2026/05/03 16:33:27.203, 3, GPU-689a6e7c-a622-65fb-9f4d-887ba745f660, NVIDIA A100-SXM4-80GB, 75275, 81920, 100, 114.05, 32
nid008353,2026/05/03 16:33:28.072, 0, GPU-3ad85384-e7dd-8c9b-13da-56f54bf334d9, NVIDIA A100-SXM4-80GB, 75029, 81920, 37, 111.53, 34
nid008353,2026/05/03 16:33:28.075, 1, GPU-3d65dc3f-116a-1dd4-937c-6e4481a765b5, NVIDIA A100-SXM4-80GB, 75019, 81920, 100, 129.96, 32
nid008353,2026/05/03 16:33:28.077, 2, GPU-338e4806-c72e-e37a-4798-dc47c2f2de03, NVIDIA A100-SXM4-80GB, 75019, 81920, 100, 114.61, 35
nid008353,2026/05/03 16:33:28.078, 3, GPU-fec40d98-ea80-e220-a49c-31ccab4741af, NVIDIA A100-SXM4-80GB, 75019, 81920, 70, 114.74, 32
nid008352,2026/05/03 16:33:30.972, 0, GPU-c8e590fe-c1df-fb38-7bf3-9ed4364cf576, NVIDIA A100-SXM4-80GB, 76665, 81920, 2, 130.25, 34
nid008352,2026/05/03 16:33:30.975, 1, GPU-5efb5c1d-1cd8-daca-bd51-2f30d62f6e1e, NVIDIA A100-SXM4-80GB, 75275, 81920, 100, 114.74, 31
nid008352,2026/05/03 16:33:30.977, 2, GPU-1d24ec01-d8bb-a3cf-73c2-7d6014d1dd4d, NVIDIA A100-SXM4-80GB, 75275, 81920, 100, 121.02, 34
nid008352,2026/05/03 16:33:30.978, 3, GPU-689a6e7c-a622-65fb-9f4d-887ba745f660, NVIDIA A100-SXM4-80GB, 75275, 81920, 100, 118.79, 32
nid008353,2026/05/03 16:33:31.836, 0, GPU-3ad85384-e7dd-8c9b-13da-56f54bf334d9, NVIDIA A100-SXM4-80GB, 75029, 81920, 5, 111.66, 34
nid008353,2026/05/03 16:33:31.839, 1, GPU-3d65dc3f-116a-1dd4-937c-6e4481a765b5, NVIDIA A100-SXM4-80GB, 75019, 81920, 99, 114.74, 32
nid008353,2026/05/03 16:33:31.841, 2, GPU-338e4806-c72e-e37a-4798-dc47c2f2de03, NVIDIA A100-SXM4-80GB, 75019, 81920, 98, 114.61, 35
nid008353,2026/05/03 16:33:31.842, 3, GPU-fec40d98-ea80-e220-a49c-31ccab4741af, NVIDIA A100-SXM4-80GB, 75019, 81920, 85, 111.27, 32
nid008352,2026/05/03 16:33:34.720, 0, GPU-c8e590fe-c1df-fb38-7bf3-9ed4364cf576, NVIDIA A100-SXM4-80GB, 76665, 81920, 2, 111.54, 34
nid008352,2026/05/03 16:33:34.722, 1, GPU-5efb5c1d-1cd8-daca-bd51-2f30d62f6e1e, NVIDIA A100-SXM4-80GB, 75275, 81920, 100, 115.40, 31
nid008352,2026/05/03 16:33:34.729, 2, GPU-1d24ec01-d8bb-a3cf-73c2-7d6014d1dd4d, NVIDIA A100-SXM4-80GB, 75275, 81920, 100, 114.96, 34
nid008352,2026/05/03 16:33:34.731, 3, GPU-689a6e7c-a622-65fb-9f4d-887ba745f660, NVIDIA A100-SXM4-80GB, 75275, 81920, 100, 112.85, 32
nid008353,2026/05/03 16:33:35.602, 0, GPU-3ad85384-e7dd-8c9b-13da-56f54bf334d9, NVIDIA A100-SXM4-80GB, 75029, 81920, 60, 111.81, 34
nid008353,2026/05/03 16:33:35.605, 1, GPU-3d65dc3f-116a-1dd4-937c-6e4481a765b5, NVIDIA A100-SXM4-80GB, 75019, 81920, 90, 114.85, 32
nid008353,2026/05/03 16:33:35.609, 2, GPU-338e4806-c72e-e37a-4798-dc47c2f2de03, NVIDIA A100-SXM4-80GB, 75019, 81920, 50, 116.85, 35
nid008353,2026/05/03 16:33:35.610, 3, GPU-fec40d98-ea80-e220-a49c-31ccab4741af, NVIDIA A100-SXM4-80GB, 75019, 81920, 54, 111.55, 32
nid008352,2026/05/03 16:33:38.462, 0, GPU-c8e590fe-c1df-fb38-7bf3-9ed4364cf576, NVIDIA A100-SXM4-80GB, 76665, 81920, 3, 140.37, 34
nid008352,2026/05/03 16:33:38.469, 1, GPU-5efb5c1d-1cd8-daca-bd51-2f30d62f6e1e, NVIDIA A100-SXM4-80GB, 75275, 81920, 100, 139.59, 31
nid008352,2026/05/03 16:33:38.471, 2, GPU-1d24ec01-d8bb-a3cf-73c2-7d6014d1dd4d, NVIDIA A100-SXM4-80GB, 75275, 81920, 100, 118.65, 34
nid008352,2026/05/03 16:33:38.472, 3, GPU-689a6e7c-a622-65fb-9f4d-887ba745f660, NVIDIA A100-SXM4-80GB, 75275, 81920, 100, 117.08, 32
nid008353,2026/05/03 16:33:39.349, 0, GPU-3ad85384-e7dd-8c9b-13da-56f54bf334d9, NVIDIA A100-SXM4-80GB, 75029, 81920, 23, 111.66, 34
nid008353,2026/05/03 16:33:39.352, 1, GPU-3d65dc3f-116a-1dd4-937c-6e4481a765b5, NVIDIA A100-SXM4-80GB, 75019, 81920, 100, 114.61, 32
nid008353,2026/05/03 16:33:39.354, 2, GPU-338e4806-c72e-e37a-4798-dc47c2f2de03, NVIDIA A100-SXM4-80GB, 75019, 81920, 100, 114.98, 35
nid008353,2026/05/03 16:33:39.355, 3, GPU-fec40d98-ea80-e220-a49c-31ccab4741af, NVIDIA A100-SXM4-80GB, 75019, 81920, 77, 111.55, 32
nid008352,2026/05/03 16:33:42.387, 0, GPU-c8e590fe-c1df-fb38-7bf3-9ed4364cf576, NVIDIA A100-SXM4-80GB, 76665, 81920, 2, 111.26, 34
nid008352,2026/05/03 16:33:42.394, 1, GPU-5efb5c1d-1cd8-daca-bd51-2f30d62f6e1e, NVIDIA A100-SXM4-80GB, 75275, 81920, 100, 114.85, 31
nid008352,2026/05/03 16:33:42.399, 2, GPU-1d24ec01-d8bb-a3cf-73c2-7d6014d1dd4d, NVIDIA A100-SXM4-80GB, 75275, 81920, 100, 115.10, 34
nid008352,2026/05/03 16:33:42.404, 3, GPU-689a6e7c-a622-65fb-9f4d-887ba745f660, NVIDIA A100-SXM4-80GB, 75275, 81920, 100, 113.00, 32
nid008353,2026/05/03 16:33:43.277, 0, GPU-3ad85384-e7dd-8c9b-13da-56f54bf334d9, NVIDIA A100-SXM4-80GB, 75029, 81920, 4, 111.66, 34
nid008353,2026/05/03 16:33:43.282, 1, GPU-3d65dc3f-116a-1dd4-937c-6e4481a765b5, NVIDIA A100-SXM4-80GB, 75019, 81920, 90, 114.74, 32
nid008353,2026/05/03 16:33:43.283, 2, GPU-338e4806-c72e-e37a-4798-dc47c2f2de03, NVIDIA A100-SXM4-80GB, 75019, 81920, 100, 114.47, 35
nid008353,2026/05/03 16:33:43.285, 3, GPU-fec40d98-ea80-e220-a49c-31ccab4741af, NVIDIA A100-SXM4-80GB, 75019, 81920, 99, 110.06, 32
nid008352,2026/05/03 16:33:46.157, 0, GPU-c8e590fe-c1df-fb38-7bf3-9ed4364cf576, NVIDIA A100-SXM4-80GB, 76665, 81920, 2, 129.58, 34
nid008352,2026/05/03 16:33:46.160, 1, GPU-5efb5c1d-1cd8-daca-bd51-2f30d62f6e1e, NVIDIA A100-SXM4-80GB, 75275, 81920, 100, 125.30, 31
nid008352,2026/05/03 16:33:46.161, 2, GPU-1d24ec01-d8bb-a3cf-73c2-7d6014d1dd4d, NVIDIA A100-SXM4-80GB, 75275, 81920, 100, 119.46, 34
nid008352,2026/05/03 16:33:46.163, 3, GPU-689a6e7c-a622-65fb-9f4d-887ba745f660, NVIDIA A100-SXM4-80GB, 75275, 81920, 100, 117.37, 32
nid008353,2026/05/03 16:33:47.004, 0, GPU-3ad85384-e7dd-8c9b-13da-56f54bf334d9, NVIDIA A100-SXM4-80GB, 75029, 81920, 65, 111.53, 34
nid008353,2026/05/03 16:33:47.007, 1, GPU-3d65dc3f-116a-1dd4-937c-6e4481a765b5, NVIDIA A100-SXM4-80GB, 75019, 81920, 96, 114.47, 32
nid008353,2026/05/03 16:33:47.012, 2, GPU-338e4806-c72e-e37a-4798-dc47c2f2de03, NVIDIA A100-SXM4-80GB, 75019, 81920, 66, 114.71, 35
nid008353,2026/05/03 16:33:47.014, 3, GPU-fec40d98-ea80-e220-a49c-31ccab4741af, NVIDIA A100-SXM4-80GB, 75019, 81920, 66, 110.22, 32
nid008352,2026/05/03 16:33:49.894, 0, GPU-c8e590fe-c1df-fb38-7bf3-9ed4364cf576, NVIDIA A100-SXM4-80GB, 76665, 81920, 2, 111.68, 34
nid008352,2026/05/03 16:33:49.896, 1, GPU-5efb5c1d-1cd8-daca-bd51-2f30d62f6e1e, NVIDIA A100-SXM4-80GB, 75275, 81920, 100, 118.31, 31
nid008352,2026/05/03 16:33:49.898, 2, GPU-1d24ec01-d8bb-a3cf-73c2-7d6014d1dd4d, NVIDIA A100-SXM4-80GB, 75275, 81920, 100, 115.48, 34
nid008352,2026/05/03 16:33:49.900, 3, GPU-689a6e7c-a622-65fb-9f4d-887ba745f660, NVIDIA A100-SXM4-80GB, 75275, 81920, 100, 113.53, 32
nid008353,2026/05/03 16:33:50.751, 0, GPU-3ad85384-e7dd-8c9b-13da-56f54bf334d9, NVIDIA A100-SXM4-80GB, 75029, 81920, 76, 124.34, 34
nid008353,2026/05/03 16:33:50.754, 1, GPU-3d65dc3f-116a-1dd4-937c-6e4481a765b5, NVIDIA A100-SXM4-80GB, 75019, 81920, 80, 134.03, 32
nid008353,2026/05/03 16:33:50.755, 2, GPU-338e4806-c72e-e37a-4798-dc47c2f2de03, NVIDIA A100-SXM4-80GB, 75019, 81920, 91, 141.15, 35
nid008353,2026/05/03 16:33:50.757, 3, GPU-fec40d98-ea80-e220-a49c-31ccab4741af, NVIDIA A100-SXM4-80GB, 75019, 81920, 36, 141.60, 32
nid008352,2026/05/03 16:33:53.622, 0, GPU-c8e590fe-c1df-fb38-7bf3-9ed4364cf576, NVIDIA A100-SXM4-80GB, 76665, 81920, 2, 119.03, 34
nid008352,2026/05/03 16:33:53.625, 1, GPU-5efb5c1d-1cd8-daca-bd51-2f30d62f6e1e, NVIDIA A100-SXM4-80GB, 75275, 81920, 100, 125.96, 31
nid008352,2026/05/03 16:33:53.626, 2, GPU-1d24ec01-d8bb-a3cf-73c2-7d6014d1dd4d, NVIDIA A100-SXM4-80GB, 75275, 81920, 100, 116.81, 34
nid008352,2026/05/03 16:33:53.628, 3, GPU-689a6e7c-a622-65fb-9f4d-887ba745f660, NVIDIA A100-SXM4-80GB, 75275, 81920, 100, 116.85, 32
nid008353,2026/05/03 16:33:54.466, 0, GPU-3ad85384-e7dd-8c9b-13da-56f54bf334d9, NVIDIA A100-SXM4-80GB, 75029, 81920, 27, 111.53, 34
nid008353,2026/05/03 16:33:54.468, 1, GPU-3d65dc3f-116a-1dd4-937c-6e4481a765b5, NVIDIA A100-SXM4-80GB, 75019, 81920, 98, 114.32, 32
nid008353,2026/05/03 16:33:54.470, 2, GPU-338e4806-c72e-e37a-4798-dc47c2f2de03, NVIDIA A100-SXM4-80GB, 75019, 81920, 98, 114.74, 35
nid008353,2026/05/03 16:33:54.471, 3, GPU-fec40d98-ea80-e220-a49c-31ccab4741af, NVIDIA A100-SXM4-80GB, 75019, 81920, 18, 111.27, 32
nid008352,2026/05/03 16:33:57.334, 0, GPU-c8e590fe-c1df-fb38-7bf3-9ed4364cf576, NVIDIA A100-SXM4-80GB, 76665, 81920, 2, 110.74, 34
nid008352,2026/05/03 16:33:57.336, 1, GPU-5efb5c1d-1cd8-daca-bd51-2f30d62f6e1e, NVIDIA A100-SXM4-80GB, 75275, 81920, 100, 120.40, 31
nid008352,2026/05/03 16:33:57.338, 2, GPU-1d24ec01-d8bb-a3cf-73c2-7d6014d1dd4d, NVIDIA A100-SXM4-80GB, 75275, 81920, 100, 115.10, 34
nid008352,2026/05/03 16:33:57.340, 3, GPU-689a6e7c-a622-65fb-9f4d-887ba745f660, NVIDIA A100-SXM4-80GB, 75275, 81920, 100, 113.76, 32
nid008353,2026/05/03 16:33:58.180, 0, GPU-3ad85384-e7dd-8c9b-13da-56f54bf334d9, NVIDIA A100-SXM4-80GB, 75029, 81920, 40, 141.50, 34
nid008353,2026/05/03 16:33:58.182, 1, GPU-3d65dc3f-116a-1dd4-937c-6e4481a765b5, NVIDIA A100-SXM4-80GB, 75019, 81920, 63, 127.95, 32
nid008353,2026/05/03 16:33:58.184, 2, GPU-338e4806-c72e-e37a-4798-dc47c2f2de03, NVIDIA A100-SXM4-80GB, 75019, 81920, 93, 144.85, 35
nid008353,2026/05/03 16:33:58.185, 3, GPU-fec40d98-ea80-e220-a49c-31ccab4741af, NVIDIA A100-SXM4-80GB, 75019, 81920, 76, 145.26, 32
nid008352,2026/05/03 16:34:01.064, 0, GPU-c8e590fe-c1df-fb38-7bf3-9ed4364cf576, NVIDIA A100-SXM4-80GB, 76665, 81920, 2, 114.96, 34
nid008352,2026/05/03 16:34:01.067, 1, GPU-5efb5c1d-1cd8-daca-bd51-2f30d62f6e1e, NVIDIA A100-SXM4-80GB, 75275, 81920, 100, 114.74, 31
nid008352,2026/05/03 16:34:01.069, 2, GPU-1d24ec01-d8bb-a3cf-73c2-7d6014d1dd4d, NVIDIA A100-SXM4-80GB, 75275, 81920, 100, 116.04, 34
nid008352,2026/05/03 16:34:01.070, 3, GPU-689a6e7c-a622-65fb-9f4d-887ba745f660, NVIDIA A100-SXM4-80GB, 75275, 81920, 100, 115.37, 32
nid008353,2026/05/03 16:34:01.906, 0, GPU-3ad85384-e7dd-8c9b-13da-56f54bf334d9, NVIDIA A100-SXM4-80GB, 75029, 81920, 0, 121.07, 34
nid008353,2026/05/03 16:34:01.909, 1, GPU-3d65dc3f-116a-1dd4-937c-6e4481a765b5, NVIDIA A100-SXM4-80GB, 75019, 81920, 82, 146.88, 32
nid008353,2026/05/03 16:34:01.916, 2, GPU-338e4806-c72e-e37a-4798-dc47c2f2de03, NVIDIA A100-SXM4-80GB, 75019, 81920, 88, 135.08, 35
nid008353,2026/05/03 16:34:01.918, 3, GPU-fec40d98-ea80-e220-a49c-31ccab4741af, NVIDIA A100-SXM4-80GB, 75019, 81920, 91, 126.64, 32
nid008352,2026/05/03 16:34:04.817, 0, GPU-c8e590fe-c1df-fb38-7bf3-9ed4364cf576, NVIDIA A100-SXM4-80GB, 76665, 81920, 1, 110.50, 34
nid008352,2026/05/03 16:34:04.820, 1, GPU-5efb5c1d-1cd8-daca-bd51-2f30d62f6e1e, NVIDIA A100-SXM4-80GB, 75275, 81920, 100, 115.64, 31
nid008352,2026/05/03 16:34:04.821, 2, GPU-1d24ec01-d8bb-a3cf-73c2-7d6014d1dd4d, NVIDIA A100-SXM4-80GB, 75275, 81920, 100, 114.96, 34
nid008352,2026/05/03 16:34:04.828, 3, GPU-689a6e7c-a622-65fb-9f4d-887ba745f660, NVIDIA A100-SXM4-80GB, 75275, 81920, 100, 112.85, 32
nid008353,2026/05/03 16:34:05.681, 0, GPU-3ad85384-e7dd-8c9b-13da-56f54bf334d9, NVIDIA A100-SXM4-80GB, 75029, 81920, 23, 111.81, 34
nid008353,2026/05/03 16:34:05.684, 1, GPU-3d65dc3f-116a-1dd4-937c-6e4481a765b5, NVIDIA A100-SXM4-80GB, 75019, 81920, 100, 114.61, 32
nid008353,2026/05/03 16:34:05.686, 2, GPU-338e4806-c72e-e37a-4798-dc47c2f2de03, NVIDIA A100-SXM4-80GB, 75019, 81920, 97, 130.56, 35
nid008353,2026/05/03 16:34:05.692, 3, GPU-fec40d98-ea80-e220-a49c-31ccab4741af, NVIDIA A100-SXM4-80GB, 75019, 81920, 91, 111.27, 32
nid008352,2026/05/03 16:34:08.585, 0, GPU-c8e590fe-c1df-fb38-7bf3-9ed4364cf576, NVIDIA A100-SXM4-80GB, 76665, 81920, 2, 113.91, 34
nid008352,2026/05/03 16:34:08.588, 1, GPU-5efb5c1d-1cd8-daca-bd51-2f30d62f6e1e, NVIDIA A100-SXM4-80GB, 75275, 81920, 100, 127.82, 31
nid008352,2026/05/03 16:34:08.589, 2, GPU-1d24ec01-d8bb-a3cf-73c2-7d6014d1dd4d, NVIDIA A100-SXM4-80GB, 75275, 81920, 100, 116.04, 34
nid008352,2026/05/03 16:34:08.591, 3, GPU-689a6e7c-a622-65fb-9f4d-887ba745f660, NVIDIA A100-SXM4-80GB, 75275, 81920, 100, 116.04, 32
nid008353,2026/05/03 16:34:09.439, 0, GPU-3ad85384-e7dd-8c9b-13da-56f54bf334d9, NVIDIA A100-SXM4-80GB, 75029, 81920, 52, 118.93, 34
nid008353,2026/05/03 16:34:09.442, 1, GPU-3d65dc3f-116a-1dd4-937c-6e4481a765b5, NVIDIA A100-SXM4-80GB, 75019, 81920, 100, 129.96, 32
nid008353,2026/05/03 16:34:09.444, 2, GPU-338e4806-c72e-e37a-4798-dc47c2f2de03, NVIDIA A100-SXM4-80GB, 75019, 81920, 71, 114.85, 35
nid008353,2026/05/03 16:34:09.445, 3, GPU-fec40d98-ea80-e220-a49c-31ccab4741af, NVIDIA A100-SXM4-80GB, 75019, 81920, 98, 127.97, 32
nid008352,2026/05/03 16:34:12.353, 0, GPU-c8e590fe-c1df-fb38-7bf3-9ed4364cf576, NVIDIA A100-SXM4-80GB, 76665, 81920, 1, 110.50, 34
nid008352,2026/05/03 16:34:12.356, 1, GPU-5efb5c1d-1cd8-daca-bd51-2f30d62f6e1e, NVIDIA A100-SXM4-80GB, 75275, 81920, 100, 117.12, 31
nid008352,2026/05/03 16:34:12.358, 2, GPU-1d24ec01-d8bb-a3cf-73c2-7d6014d1dd4d, NVIDIA A100-SXM4-80GB, 75275, 81920, 100, 115.24, 34
nid008352,2026/05/03 16:34:12.359, 3, GPU-689a6e7c-a622-65fb-9f4d-887ba745f660, NVIDIA A100-SXM4-80GB, 75275, 81920, 100, 113.38, 32
nid008353,2026/05/03 16:34:13.205, 0, GPU-3ad85384-e7dd-8c9b-13da-56f54bf334d9, NVIDIA A100-SXM4-80GB, 75029, 81920, 16, 111.66, 34
nid008353,2026/05/03 16:34:13.207, 1, GPU-3d65dc3f-116a-1dd4-937c-6e4481a765b5, NVIDIA A100-SXM4-80GB, 75019, 81920, 97, 115.79, 32
nid008353,2026/05/03 16:34:13.209, 2, GPU-338e4806-c72e-e37a-4798-dc47c2f2de03, NVIDIA A100-SXM4-80GB, 75019, 81920, 90, 114.61, 35
nid008353,2026/05/03 16:34:13.210, 3, GPU-fec40d98-ea80-e220-a49c-31ccab4741af, NVIDIA A100-SXM4-80GB, 75019, 81920, 87, 111.40, 32
nid008352,2026/05/03 16:34:16.146, 0, GPU-c8e590fe-c1df-fb38-7bf3-9ed4364cf576, NVIDIA A100-SXM4-80GB, 76665, 81920, 2, 109.94, 34
nid008352,2026/05/03 16:34:16.149, 1, GPU-5efb5c1d-1cd8-daca-bd51-2f30d62f6e1e, NVIDIA A100-SXM4-80GB, 75275, 81920, 100, 118.17, 31
nid008352,2026/05/03 16:34:16.150, 2, GPU-1d24ec01-d8bb-a3cf-73c2-7d6014d1dd4d, NVIDIA A100-SXM4-80GB, 75275, 81920, 100, 115.24, 34
nid008352,2026/05/03 16:34:16.152, 3, GPU-689a6e7c-a622-65fb-9f4d-887ba745f660, NVIDIA A100-SXM4-80GB, 75275, 81920, 100, 113.25, 32
nid008353,2026/05/03 16:34:16.994, 0, GPU-3ad85384-e7dd-8c9b-13da-56f54bf334d9, NVIDIA A100-SXM4-80GB, 75029, 81920, 48, 112.62, 34
nid008353,2026/05/03 16:34:17.001, 1, GPU-3d65dc3f-116a-1dd4-937c-6e4481a765b5, NVIDIA A100-SXM4-80GB, 75019, 81920, 94, 134.43, 32
nid008353,2026/05/03 16:34:17.003, 2, GPU-338e4806-c72e-e37a-4798-dc47c2f2de03, NVIDIA A100-SXM4-80GB, 75019, 81920, 84, 123.31, 35
nid008353,2026/05/03 16:34:17.004, 3, GPU-fec40d98-ea80-e220-a49c-31ccab4741af, NVIDIA A100-SXM4-80GB, 75019, 81920, 66, 126.79, 32
nid008352,2026/05/03 16:34:19.856, 0, GPU-c8e590fe-c1df-fb38-7bf3-9ed4364cf576, NVIDIA A100-SXM4-80GB, 76665, 81920, 3, 112.07, 34
nid008352,2026/05/03 16:34:19.858, 1, GPU-5efb5c1d-1cd8-daca-bd51-2f30d62f6e1e, NVIDIA A100-SXM4-80GB, 75275, 81920, 100, 121.36, 31
nid008352,2026/05/03 16:34:19.860, 2, GPU-1d24ec01-d8bb-a3cf-73c2-7d6014d1dd4d, NVIDIA A100-SXM4-80GB, 75275, 81920, 100, 115.10, 34
nid008352,2026/05/03 16:34:19.861, 3, GPU-689a6e7c-a622-65fb-9f4d-887ba745f660, NVIDIA A100-SXM4-80GB, 75275, 81920, 100, 113.76, 32
nid008353,2026/05/03 16:34:20.685, 0, GPU-3ad85384-e7dd-8c9b-13da-56f54bf334d9, NVIDIA A100-SXM4-80GB, 75029, 81920, 54, 111.53, 34
nid008353,2026/05/03 16:34:20.688, 1, GPU-3d65dc3f-116a-1dd4-937c-6e4481a765b5, NVIDIA A100-SXM4-80GB, 75019, 81920, 95, 114.61, 32
nid008353,2026/05/03 16:34:20.690, 2, GPU-338e4806-c72e-e37a-4798-dc47c2f2de03, NVIDIA A100-SXM4-80GB, 75019, 81920, 77, 124.25, 35
nid008353,2026/05/03 16:34:20.694, 3, GPU-fec40d98-ea80-e220-a49c-31ccab4741af, NVIDIA A100-SXM4-80GB, 75019, 81920, 96, 111.27, 32
nid008352,2026/05/03 16:34:23.571, 0, GPU-c8e590fe-c1df-fb38-7bf3-9ed4364cf576, NVIDIA A100-SXM4-80GB, 76665, 81920, 3, 109.94, 34
nid008352,2026/05/03 16:34:23.574, 1, GPU-5efb5c1d-1cd8-daca-bd51-2f30d62f6e1e, NVIDIA A100-SXM4-80GB, 75275, 81920, 100, 126.25, 31
nid008352,2026/05/03 16:34:23.575, 2, GPU-1d24ec01-d8bb-a3cf-73c2-7d6014d1dd4d, NVIDIA A100-SXM4-80GB, 75275, 81920, 100, 114.96, 34
nid008352,2026/05/03 16:34:23.577, 3, GPU-689a6e7c-a622-65fb-9f4d-887ba745f660, NVIDIA A100-SXM4-80GB, 75275, 81920, 100, 113.00, 32
nid008353,2026/05/03 16:34:24.408, 0, GPU-3ad85384-e7dd-8c9b-13da-56f54bf334d9, NVIDIA A100-SXM4-80GB, 75029, 81920, 60, 111.53, 34
nid008353,2026/05/03 16:34:24.410, 1, GPU-3d65dc3f-116a-1dd4-937c-6e4481a765b5, NVIDIA A100-SXM4-80GB, 75019, 81920, 23, 114.61, 32
nid008353,2026/05/03 16:34:24.412, 2, GPU-338e4806-c72e-e37a-4798-dc47c2f2de03, NVIDIA A100-SXM4-80GB, 75019, 81920, 97, 114.61, 35
nid008353,2026/05/03 16:34:24.413, 3, GPU-fec40d98-ea80-e220-a49c-31ccab4741af, NVIDIA A100-SXM4-80GB, 75019, 81920, 54, 111.27, 32
nid008352,2026/05/03 16:34:27.282, 0, GPU-c8e590fe-c1df-fb38-7bf3-9ed4364cf576, NVIDIA A100-SXM4-80GB, 76665, 81920, 100, 110.50, 34
nid008352,2026/05/03 16:34:27.287, 1, GPU-5efb5c1d-1cd8-daca-bd51-2f30d62f6e1e, NVIDIA A100-SXM4-80GB, 75275, 81920, 100, 114.98, 32
nid008352,2026/05/03 16:34:27.293, 2, GPU-1d24ec01-d8bb-a3cf-73c2-7d6014d1dd4d, NVIDIA A100-SXM4-80GB, 75275, 81920, 100, 115.48, 34
nid008352,2026/05/03 16:34:27.298, 3, GPU-689a6e7c-a622-65fb-9f4d-887ba745f660, NVIDIA A100-SXM4-80GB, 75275, 81920, 100, 113.53, 32
nid008353,2026/05/03 16:34:28.160, 0, GPU-3ad85384-e7dd-8c9b-13da-56f54bf334d9, NVIDIA A100-SXM4-80GB, 75029, 81920, 89, 111.94, 34
nid008353,2026/05/03 16:34:28.163, 1, GPU-3d65dc3f-116a-1dd4-937c-6e4481a765b5, NVIDIA A100-SXM4-80GB, 75019, 81920, 68, 116.46, 32
nid008353,2026/05/03 16:34:28.165, 2, GPU-338e4806-c72e-e37a-4798-dc47c2f2de03, NVIDIA A100-SXM4-80GB, 75019, 81920, 100, 115.13, 35
nid008353,2026/05/03 16:34:28.166, 3, GPU-fec40d98-ea80-e220-a49c-31ccab4741af, NVIDIA A100-SXM4-80GB, 75019, 81920, 76, 113.26, 32
nid008352,2026/05/03 16:34:31.055, 0, GPU-c8e590fe-c1df-fb38-7bf3-9ed4364cf576, NVIDIA A100-SXM4-80GB, 76665, 81920, 100, 110.74, 35
nid008352,2026/05/03 16:34:31.057, 1, GPU-5efb5c1d-1cd8-daca-bd51-2f30d62f6e1e, NVIDIA A100-SXM4-80GB, 75275, 81920, 100, 116.18, 32
nid008352,2026/05/03 16:34:31.059, 2, GPU-1d24ec01-d8bb-a3cf-73c2-7d6014d1dd4d, NVIDIA A100-SXM4-80GB, 75275, 81920, 100, 115.48, 35
nid008352,2026/05/03 16:34:31.061, 3, GPU-689a6e7c-a622-65fb-9f4d-887ba745f660, NVIDIA A100-SXM4-80GB, 75275, 81920, 100, 113.38, 33
nid008353,2026/05/03 16:34:31.889, 0, GPU-3ad85384-e7dd-8c9b-13da-56f54bf334d9, NVIDIA A100-SXM4-80GB, 75029, 81920, 93, 112.47, 35
nid008353,2026/05/03 16:34:31.891, 1, GPU-3d65dc3f-116a-1dd4-937c-6e4481a765b5, NVIDIA A100-SXM4-80GB, 75019, 81920, 96, 115.13, 32
nid008353,2026/05/03 16:34:31.893, 2, GPU-338e4806-c72e-e37a-4798-dc47c2f2de03, NVIDIA A100-SXM4-80GB, 75019, 81920, 96, 119.98, 36
nid008353,2026/05/03 16:34:31.896, 3, GPU-fec40d98-ea80-e220-a49c-31ccab4741af, NVIDIA A100-SXM4-80GB, 75019, 81920, 97, 111.69, 33
nid008352,2026/05/03 16:34:34.778, 0, GPU-c8e590fe-c1df-fb38-7bf3-9ed4364cf576, NVIDIA A100-SXM4-80GB, 76665, 81920, 97, 124.19, 37
nid008352,2026/05/03 16:34:34.784, 1, GPU-5efb5c1d-1cd8-daca-bd51-2f30d62f6e1e, NVIDIA A100-SXM4-80GB, 75275, 81920, 94, 293.35, 34
nid008352,2026/05/03 16:34:34.786, 2, GPU-1d24ec01-d8bb-a3cf-73c2-7d6014d1dd4d, NVIDIA A100-SXM4-80GB, 75275, 81920, 76, 134.83, 37
nid008352,2026/05/03 16:34:34.788, 3, GPU-689a6e7c-a622-65fb-9f4d-887ba745f660, NVIDIA A100-SXM4-80GB, 75275, 81920, 95, 145.73, 35
nid008353,2026/05/03 16:34:35.676, 0, GPU-3ad85384-e7dd-8c9b-13da-56f54bf334d9, NVIDIA A100-SXM4-80GB, 75029, 81920, 95, 171.93, 39
nid008353,2026/05/03 16:34:35.678, 1, GPU-3d65dc3f-116a-1dd4-937c-6e4481a765b5, NVIDIA A100-SXM4-80GB, 75019, 81920, 84, 339.77, 37
nid008353,2026/05/03 16:34:35.680, 2, GPU-338e4806-c72e-e37a-4798-dc47c2f2de03, NVIDIA A100-SXM4-80GB, 75019, 81920, 96, 350.77, 42
nid008353,2026/05/03 16:34:35.682, 3, GPU-fec40d98-ea80-e220-a49c-31ccab4741af, NVIDIA A100-SXM4-80GB, 75019, 81920, 100, 257.14, 37
nid008352,2026/05/03 16:34:38.548, 0, GPU-c8e590fe-c1df-fb38-7bf3-9ed4364cf576, NVIDIA A100-SXM4-80GB, 76665, 81920, 69, 112.22, 35
nid008352,2026/05/03 16:34:38.550, 1, GPU-5efb5c1d-1cd8-daca-bd51-2f30d62f6e1e, NVIDIA A100-SXM4-80GB, 75275, 81920, 50, 115.50, 32
nid008352,2026/05/03 16:34:38.552, 2, GPU-1d24ec01-d8bb-a3cf-73c2-7d6014d1dd4d, NVIDIA A100-SXM4-80GB, 75275, 81920, 59, 120.50, 35
nid008352,2026/05/03 16:34:38.554, 3, GPU-689a6e7c-a622-65fb-9f4d-887ba745f660, NVIDIA A100-SXM4-80GB, 75275, 81920, 100, 115.62, 33
nid008353,2026/05/03 16:34:39.420, 0, GPU-3ad85384-e7dd-8c9b-13da-56f54bf334d9, NVIDIA A100-SXM4-80GB, 75029, 81920, 37, 112.47, 35
nid008353,2026/05/03 16:34:39.423, 1, GPU-3d65dc3f-116a-1dd4-937c-6e4481a765b5, NVIDIA A100-SXM4-80GB, 75019, 81920, 28, 135.08, 32
nid008353,2026/05/03 16:34:39.429, 2, GPU-338e4806-c72e-e37a-4798-dc47c2f2de03, NVIDIA A100-SXM4-80GB, 75019, 81920, 53, 114.85, 35
nid008353,2026/05/03 16:34:39.430, 3, GPU-fec40d98-ea80-e220-a49c-31ccab4741af, NVIDIA A100-SXM4-80GB, 75019, 81920, 19, 110.22, 32
nid008352,2026/05/03 16:34:42.295, 0, GPU-c8e590fe-c1df-fb38-7bf3-9ed4364cf576, NVIDIA A100-SXM4-80GB, 76665, 81920, 13, 112.20, 34
nid008352,2026/05/03 16:34:42.298, 1, GPU-5efb5c1d-1cd8-daca-bd51-2f30d62f6e1e, NVIDIA A100-SXM4-80GB, 75275, 81920, 100, 135.47, 32
nid008352,2026/05/03 16:34:42.300, 2, GPU-1d24ec01-d8bb-a3cf-73c2-7d6014d1dd4d, NVIDIA A100-SXM4-80GB, 75275, 81920, 100, 119.69, 34
nid008352,2026/05/03 16:34:42.301, 3, GPU-689a6e7c-a622-65fb-9f4d-887ba745f660, NVIDIA A100-SXM4-80GB, 75275, 81920, 75, 119.74, 32
nid008353,2026/05/03 16:34:43.135, 0, GPU-3ad85384-e7dd-8c9b-13da-56f54bf334d9, NVIDIA A100-SXM4-80GB, 75029, 81920, 80, 111.81, 34
nid008353,2026/05/03 16:34:43.137, 1, GPU-3d65dc3f-116a-1dd4-937c-6e4481a765b5, NVIDIA A100-SXM4-80GB, 75019, 81920, 40, 114.61, 32
nid008353,2026/05/03 16:34:43.139, 2, GPU-338e4806-c72e-e37a-4798-dc47c2f2de03, NVIDIA A100-SXM4-80GB, 75019, 81920, 60, 115.36, 35
nid008353,2026/05/03 16:34:43.141, 3, GPU-fec40d98-ea80-e220-a49c-31ccab4741af, NVIDIA A100-SXM4-80GB, 75019, 81920, 83, 111.27, 32
nid008352,2026/05/03 16:34:46.033, 0, GPU-c8e590fe-c1df-fb38-7bf3-9ed4364cf576, NVIDIA A100-SXM4-80GB, 76665, 81920, 17, 132.75, 34
nid008352,2026/05/03 16:34:46.036, 1, GPU-5efb5c1d-1cd8-daca-bd51-2f30d62f6e1e, NVIDIA A100-SXM4-80GB, 75275, 81920, 97, 114.74, 31
nid008352,2026/05/03 16:34:46.040, 2, GPU-1d24ec01-d8bb-a3cf-73c2-7d6014d1dd4d, NVIDIA A100-SXM4-80GB, 75275, 81920, 100, 138.35, 34
nid008352,2026/05/03 16:34:46.042, 3, GPU-689a6e7c-a622-65fb-9f4d-887ba745f660, NVIDIA A100-SXM4-80GB, 75275, 81920, 100, 131.45, 32
nid008353,2026/05/03 16:34:46.881, 0, GPU-3ad85384-e7dd-8c9b-13da-56f54bf334d9, NVIDIA A100-SXM4-80GB, 75029, 81920, 45, 115.51, 34
nid008353,2026/05/03 16:34:46.883, 1, GPU-3d65dc3f-116a-1dd4-937c-6e4481a765b5, NVIDIA A100-SXM4-80GB, 75019, 81920, 41, 114.47, 32
nid008353,2026/05/03 16:34:46.885, 2, GPU-338e4806-c72e-e37a-4798-dc47c2f2de03, NVIDIA A100-SXM4-80GB, 75019, 81920, 64, 114.71, 35
nid008353,2026/05/03 16:34:46.886, 3, GPU-fec40d98-ea80-e220-a49c-31ccab4741af, NVIDIA A100-SXM4-80GB, 75019, 81920, 77, 123.21, 32
nid008352,2026/05/03 16:34:49.813, 0, GPU-c8e590fe-c1df-fb38-7bf3-9ed4364cf576, NVIDIA A100-SXM4-80GB, 76665, 81920, 1, 114.44, 34
nid008352,2026/05/03 16:34:49.816, 1, GPU-5efb5c1d-1cd8-daca-bd51-2f30d62f6e1e, NVIDIA A100-SXM4-80GB, 75275, 81920, 100, 114.98, 32
nid008352,2026/05/03 16:34:49.817, 2, GPU-1d24ec01-d8bb-a3cf-73c2-7d6014d1dd4d, NVIDIA A100-SXM4-80GB, 75275, 81920, 100, 119.03, 34
nid008352,2026/05/03 16:34:49.819, 3, GPU-689a6e7c-a622-65fb-9f4d-887ba745f660, NVIDIA A100-SXM4-80GB, 75275, 81920, 100, 113.14, 32
nid008353,2026/05/03 16:34:50.674, 0, GPU-3ad85384-e7dd-8c9b-13da-56f54bf334d9, NVIDIA A100-SXM4-80GB, 75029, 81920, 0, 111.66, 34
nid008353,2026/05/03 16:34:50.677, 1, GPU-3d65dc3f-116a-1dd4-937c-6e4481a765b5, NVIDIA A100-SXM4-80GB, 75019, 81920, 39, 137.17, 32
nid008353,2026/05/03 16:34:50.679, 2, GPU-338e4806-c72e-e37a-4798-dc47c2f2de03, NVIDIA A100-SXM4-80GB, 75019, 81920, 82, 131.37, 35
nid008353,2026/05/03 16:34:50.681, 3, GPU-fec40d98-ea80-e220-a49c-31ccab4741af, NVIDIA A100-SXM4-80GB, 75019, 81920, 64, 111.40, 32
nid008352,2026/05/03 16:34:53.577, 0, GPU-c8e590fe-c1df-fb38-7bf3-9ed4364cf576, NVIDIA A100-SXM4-80GB, 76665, 81920, 4, 132.23, 34
nid008352,2026/05/03 16:34:53.580, 1, GPU-5efb5c1d-1cd8-daca-bd51-2f30d62f6e1e, NVIDIA A100-SXM4-80GB, 75275, 81920, 100, 114.74, 31
nid008352,2026/05/03 16:34:53.581, 2, GPU-1d24ec01-d8bb-a3cf-73c2-7d6014d1dd4d, NVIDIA A100-SXM4-80GB, 75275, 81920, 100, 114.96, 34
nid008352,2026/05/03 16:34:53.583, 3, GPU-689a6e7c-a622-65fb-9f4d-887ba745f660, NVIDIA A100-SXM4-80GB, 75275, 81920, 100, 112.72, 32
nid008353,2026/05/03 16:34:54.424, 0, GPU-3ad85384-e7dd-8c9b-13da-56f54bf334d9, NVIDIA A100-SXM4-80GB, 75029, 81920, 0, 115.51, 34
nid008353,2026/05/03 16:34:54.427, 1, GPU-3d65dc3f-116a-1dd4-937c-6e4481a765b5, NVIDIA A100-SXM4-80GB, 75019, 81920, 60, 114.98, 32
nid008353,2026/05/03 16:34:54.431, 2, GPU-338e4806-c72e-e37a-4798-dc47c2f2de03, NVIDIA A100-SXM4-80GB, 75019, 81920, 89, 114.85, 35
nid008353,2026/05/03 16:34:54.433, 3, GPU-fec40d98-ea80-e220-a49c-31ccab4741af, NVIDIA A100-SXM4-80GB, 75019, 81920, 94, 112.60, 32
nid008352,2026/05/03 16:34:57.294, 0, GPU-c8e590fe-c1df-fb38-7bf3-9ed4364cf576, NVIDIA A100-SXM4-80GB, 76665, 81920, 2, 111.26, 34
nid008352,2026/05/03 16:34:57.297, 1, GPU-5efb5c1d-1cd8-daca-bd51-2f30d62f6e1e, NVIDIA A100-SXM4-80GB, 75275, 81920, 100, 141.60, 31
nid008352,2026/05/03 16:34:57.298, 2, GPU-1d24ec01-d8bb-a3cf-73c2-7d6014d1dd4d, NVIDIA A100-SXM4-80GB, 75275, 81920, 100, 116.04, 34
nid008352,2026/05/03 16:34:57.300, 3, GPU-689a6e7c-a622-65fb-9f4d-887ba745f660, NVIDIA A100-SXM4-80GB, 75275, 81920, 100, 115.51, 32
nid008353,2026/05/03 16:34:58.127, 0, GPU-3ad85384-e7dd-8c9b-13da-56f54bf334d9, NVIDIA A100-SXM4-80GB, 75029, 81920, 10, 111.81, 34
nid008353,2026/05/03 16:34:58.135, 1, GPU-3d65dc3f-116a-1dd4-937c-6e4481a765b5, NVIDIA A100-SXM4-80GB, 75019, 81920, 98, 136.92, 32
nid008353,2026/05/03 16:34:58.139, 2, GPU-338e4806-c72e-e37a-4798-dc47c2f2de03, NVIDIA A100-SXM4-80GB, 75019, 81920, 95, 114.74, 35
nid008353,2026/05/03 16:34:58.145, 3, GPU-fec40d98-ea80-e220-a49c-31ccab4741af, NVIDIA A100-SXM4-80GB, 75019, 81920, 95, 126.11, 32
nid008352,2026/05/03 16:35:01.022, 0, GPU-c8e590fe-c1df-fb38-7bf3-9ed4364cf576, NVIDIA A100-SXM4-80GB, 76665, 81920, 24, 110.22, 34
nid008352,2026/05/03 16:35:01.024, 1, GPU-5efb5c1d-1cd8-daca-bd51-2f30d62f6e1e, NVIDIA A100-SXM4-80GB, 75275, 81920, 100, 125.83, 31
nid008352,2026/05/03 16:35:01.026, 2, GPU-1d24ec01-d8bb-a3cf-73c2-7d6014d1dd4d, NVIDIA A100-SXM4-80GB, 75275, 81920, 100, 115.37, 34
nid008352,2026/05/03 16:35:01.027, 3, GPU-689a6e7c-a622-65fb-9f4d-887ba745f660, NVIDIA A100-SXM4-80GB, 75275, 81920, 100, 113.76, 32
nid008353,2026/05/03 16:35:01.864, 0, GPU-3ad85384-e7dd-8c9b-13da-56f54bf334d9, NVIDIA A100-SXM4-80GB, 75029, 81920, 4, 111.53, 34
nid008353,2026/05/03 16:35:01.866, 1, GPU-3d65dc3f-116a-1dd4-937c-6e4481a765b5, NVIDIA A100-SXM4-80GB, 75019, 81920, 100, 114.85, 32
nid008353,2026/05/03 16:35:01.868, 2, GPU-338e4806-c72e-e37a-4798-dc47c2f2de03, NVIDIA A100-SXM4-80GB, 75019, 81920, 79, 114.85, 35
nid008353,2026/05/03 16:35:01.869, 3, GPU-fec40d98-ea80-e220-a49c-31ccab4741af, NVIDIA A100-SXM4-80GB, 75019, 81920, 92, 111.27, 32
nid008352,2026/05/03 16:35:04.725, 0, GPU-c8e590fe-c1df-fb38-7bf3-9ed4364cf576, NVIDIA A100-SXM4-80GB, 76665, 81920, 3, 118.13, 34
nid008352,2026/05/03 16:35:04.728, 1, GPU-5efb5c1d-1cd8-daca-bd51-2f30d62f6e1e, NVIDIA A100-SXM4-80GB, 75275, 81920, 100, 114.74, 31
nid008352,2026/05/03 16:35:04.730, 2, GPU-1d24ec01-d8bb-a3cf-73c2-7d6014d1dd4d, NVIDIA A100-SXM4-80GB, 75275, 81920, 100, 122.63, 34
nid008352,2026/05/03 16:35:04.732, 3, GPU-689a6e7c-a622-65fb-9f4d-887ba745f660, NVIDIA A100-SXM4-80GB, 75275, 81920, 100, 128.04, 32
nid008353,2026/05/03 16:35:05.612, 0, GPU-3ad85384-e7dd-8c9b-13da-56f54bf334d9, NVIDIA A100-SXM4-80GB, 75029, 81920, 6, 111.94, 34
nid008353,2026/05/03 16:35:05.614, 1, GPU-3d65dc3f-116a-1dd4-937c-6e4481a765b5, NVIDIA A100-SXM4-80GB, 75019, 81920, 53, 114.61, 32
nid008353,2026/05/03 16:35:05.616, 2, GPU-338e4806-c72e-e37a-4798-dc47c2f2de03, NVIDIA A100-SXM4-80GB, 75019, 81920, 88, 114.61, 35
nid008353,2026/05/03 16:35:05.618, 3, GPU-fec40d98-ea80-e220-a49c-31ccab4741af, NVIDIA A100-SXM4-80GB, 75019, 81920, 100, 111.40, 32
nid008352,2026/05/03 16:35:08.467, 0, GPU-c8e590fe-c1df-fb38-7bf3-9ed4364cf576, NVIDIA A100-SXM4-80GB, 76665, 81920, 3, 117.75, 34
nid008352,2026/05/03 16:35:08.470, 1, GPU-5efb5c1d-1cd8-daca-bd51-2f30d62f6e1e, NVIDIA A100-SXM4-80GB, 75275, 81920, 100, 114.45, 31
nid008352,2026/05/03 16:35:08.472, 2, GPU-1d24ec01-d8bb-a3cf-73c2-7d6014d1dd4d, NVIDIA A100-SXM4-80GB, 75275, 81920, 100, 123.81, 34
nid008352,2026/05/03 16:35:08.474, 3, GPU-689a6e7c-a622-65fb-9f4d-887ba745f660, NVIDIA A100-SXM4-80GB, 75275, 81920, 100, 112.85, 32
nid008353,2026/05/03 16:35:09.324, 0, GPU-3ad85384-e7dd-8c9b-13da-56f54bf334d9, NVIDIA A100-SXM4-80GB, 75029, 81920, 0, 111.66, 34
nid008353,2026/05/03 16:35:09.330, 1, GPU-3d65dc3f-116a-1dd4-937c-6e4481a765b5, NVIDIA A100-SXM4-80GB, 75019, 81920, 90, 114.61, 32
nid008353,2026/05/03 16:35:09.341, 2, GPU-338e4806-c72e-e37a-4798-dc47c2f2de03, NVIDIA A100-SXM4-80GB, 75019, 81920, 54, 114.61, 35
nid008353,2026/05/03 16:35:09.347, 3, GPU-fec40d98-ea80-e220-a49c-31ccab4741af, NVIDIA A100-SXM4-80GB, 75019, 81920, 100, 111.40, 32
nid008352,2026/05/03 16:35:12.225, 0, GPU-c8e590fe-c1df-fb38-7bf3-9ed4364cf576, NVIDIA A100-SXM4-80GB, 76665, 81920, 6, 109.94, 34
nid008352,2026/05/03 16:35:12.228, 1, GPU-5efb5c1d-1cd8-daca-bd51-2f30d62f6e1e, NVIDIA A100-SXM4-80GB, 75275, 81920, 100, 115.92, 31
nid008352,2026/05/03 16:35:12.229, 2, GPU-1d24ec01-d8bb-a3cf-73c2-7d6014d1dd4d, NVIDIA A100-SXM4-80GB, 75275, 81920, 100, 114.96, 34
nid008352,2026/05/03 16:35:12.231, 3, GPU-689a6e7c-a622-65fb-9f4d-887ba745f660, NVIDIA A100-SXM4-80GB, 75275, 81920, 100, 114.05, 32
nid008353,2026/05/03 16:35:13.072, 0, GPU-3ad85384-e7dd-8c9b-13da-56f54bf334d9, NVIDIA A100-SXM4-80GB, 75029, 81920, 8, 115.23, 34
nid008353,2026/05/03 16:35:13.075, 1, GPU-3d65dc3f-116a-1dd4-937c-6e4481a765b5, NVIDIA A100-SXM4-80GB, 75019, 81920, 94, 114.98, 32
nid008353,2026/05/03 16:35:13.077, 2, GPU-338e4806-c72e-e37a-4798-dc47c2f2de03, NVIDIA A100-SXM4-80GB, 75019, 81920, 72, 114.85, 35
nid008353,2026/05/03 16:35:13.078, 3, GPU-fec40d98-ea80-e220-a49c-31ccab4741af, NVIDIA A100-SXM4-80GB, 75019, 81920, 92, 112.07, 32
nid008352,2026/05/03 16:35:16.041, 0, GPU-c8e590fe-c1df-fb38-7bf3-9ed4364cf576, NVIDIA A100-SXM4-80GB, 76665, 81920, 4, 110.22, 34
nid008352,2026/05/03 16:35:16.048, 1, GPU-5efb5c1d-1cd8-daca-bd51-2f30d62f6e1e, NVIDIA A100-SXM4-80GB, 75275, 81920, 100, 126.25, 31
nid008352,2026/05/03 16:35:16.052, 2, GPU-1d24ec01-d8bb-a3cf-73c2-7d6014d1dd4d, NVIDIA A100-SXM4-80GB, 75275, 81920, 100, 115.37, 34
nid008352,2026/05/03 16:35:16.054, 3, GPU-689a6e7c-a622-65fb-9f4d-887ba745f660, NVIDIA A100-SXM4-80GB, 75275, 81920, 100, 113.66, 32
nid008353,2026/05/03 16:35:16.890, 0, GPU-3ad85384-e7dd-8c9b-13da-56f54bf334d9, NVIDIA A100-SXM4-80GB, 75029, 81920, 71, 133.59, 34
nid008353,2026/05/03 16:35:16.893, 1, GPU-3d65dc3f-116a-1dd4-937c-6e4481a765b5, NVIDIA A100-SXM4-80GB, 75019, 81920, 91, 115.89, 32
nid008353,2026/05/03 16:35:16.894, 2, GPU-338e4806-c72e-e37a-4798-dc47c2f2de03, NVIDIA A100-SXM4-80GB, 75019, 81920, 29, 145.66, 35
nid008353,2026/05/03 16:35:16.896, 3, GPU-fec40d98-ea80-e220-a49c-31ccab4741af, NVIDIA A100-SXM4-80GB, 75019, 81920, 99, 115.79, 32
nid008352,2026/05/03 16:35:19.773, 0, GPU-c8e590fe-c1df-fb38-7bf3-9ed4364cf576, NVIDIA A100-SXM4-80GB, 76665, 81920, 1, 125.52, 34
nid008352,2026/05/03 16:35:19.775, 1, GPU-5efb5c1d-1cd8-daca-bd51-2f30d62f6e1e, NVIDIA A100-SXM4-80GB, 75275, 81920, 100, 114.98, 31
nid008352,2026/05/03 16:35:19.777, 2, GPU-1d24ec01-d8bb-a3cf-73c2-7d6014d1dd4d, NVIDIA A100-SXM4-80GB, 75275, 81920, 100, 140.93, 34
nid008352,2026/05/03 16:35:19.778, 3, GPU-689a6e7c-a622-65fb-9f4d-887ba745f660, NVIDIA A100-SXM4-80GB, 75275, 81920, 100, 135.15, 32
nid008353,2026/05/03 16:35:20.606, 0, GPU-3ad85384-e7dd-8c9b-13da-56f54bf334d9, NVIDIA A100-SXM4-80GB, 75029, 81920, 25, 111.94, 34
nid008353,2026/05/03 16:35:20.609, 1, GPU-3d65dc3f-116a-1dd4-937c-6e4481a765b5, NVIDIA A100-SXM4-80GB, 75019, 81920, 94, 134.55, 32
nid008353,2026/05/03 16:35:20.611, 2, GPU-338e4806-c72e-e37a-4798-dc47c2f2de03, NVIDIA A100-SXM4-80GB, 75019, 81920, 94, 126.86, 35
nid008353,2026/05/03 16:35:20.612, 3, GPU-fec40d98-ea80-e220-a49c-31ccab4741af, NVIDIA A100-SXM4-80GB, 75019, 81920, 67, 132.49, 32
nid008352,2026/05/03 16:35:23.491, 0, GPU-c8e590fe-c1df-fb38-7bf3-9ed4364cf576, NVIDIA A100-SXM4-80GB, 76665, 81920, 2, 111.26, 34
nid008352,2026/05/03 16:35:23.501, 1, GPU-5efb5c1d-1cd8-daca-bd51-2f30d62f6e1e, NVIDIA A100-SXM4-80GB, 75275, 81920, 100, 116.31, 31
nid008352,2026/05/03 16:35:23.505, 2, GPU-1d24ec01-d8bb-a3cf-73c2-7d6014d1dd4d, NVIDIA A100-SXM4-80GB, 75275, 81920, 100, 114.82, 34
nid008352,2026/05/03 16:35:23.511, 3, GPU-689a6e7c-a622-65fb-9f4d-887ba745f660, NVIDIA A100-SXM4-80GB, 75275, 81920, 100, 112.72, 32
nid008353,2026/05/03 16:35:24.347, 0, GPU-3ad85384-e7dd-8c9b-13da-56f54bf334d9, NVIDIA A100-SXM4-80GB, 75029, 81920, 77, 111.53, 34
nid008353,2026/05/03 16:35:24.350, 1, GPU-3d65dc3f-116a-1dd4-937c-6e4481a765b5, NVIDIA A100-SXM4-80GB, 75019, 81920, 100, 114.61, 32
nid008353,2026/05/03 16:35:24.352, 2, GPU-338e4806-c72e-e37a-4798-dc47c2f2de03, NVIDIA A100-SXM4-80GB, 75019, 81920, 31, 114.61, 35
nid008353,2026/05/03 16:35:24.354, 3, GPU-fec40d98-ea80-e220-a49c-31ccab4741af, NVIDIA A100-SXM4-80GB, 75019, 81920, 99, 111.40, 32
nid008352,2026/05/03 16:35:27.244, 0, GPU-c8e590fe-c1df-fb38-7bf3-9ed4364cf576, NVIDIA A100-SXM4-80GB, 76665, 81920, 5, 111.68, 34
nid008352,2026/05/03 16:35:27.247, 1, GPU-5efb5c1d-1cd8-daca-bd51-2f30d62f6e1e, NVIDIA A100-SXM4-80GB, 75275, 81920, 100, 114.45, 31
nid008352,2026/05/03 16:35:27.248, 2, GPU-1d24ec01-d8bb-a3cf-73c2-7d6014d1dd4d, NVIDIA A100-SXM4-80GB, 75275, 81920, 100, 117.09, 34
nid008352,2026/05/03 16:35:27.250, 3, GPU-689a6e7c-a622-65fb-9f4d-887ba745f660, NVIDIA A100-SXM4-80GB, 75275, 81920, 100, 118.79, 32
nid008353,2026/05/03 16:35:28.085, 0, GPU-3ad85384-e7dd-8c9b-13da-56f54bf334d9, NVIDIA A100-SXM4-80GB, 75029, 81920, 0, 127.14, 35
nid008353,2026/05/03 16:35:28.088, 1, GPU-3d65dc3f-116a-1dd4-937c-6e4481a765b5, NVIDIA A100-SXM4-80GB, 75019, 81920, 91, 146.18, 32
nid008353,2026/05/03 16:35:28.090, 2, GPU-338e4806-c72e-e37a-4798-dc47c2f2de03, NVIDIA A100-SXM4-80GB, 75019, 81920, 93, 147.51, 35
nid008353,2026/05/03 16:35:28.091, 3, GPU-fec40d98-ea80-e220-a49c-31ccab4741af, NVIDIA A100-SXM4-80GB, 75019, 81920, 84, 112.07, 32
nid008352,2026/05/03 16:35:30.974, 0, GPU-c8e590fe-c1df-fb38-7bf3-9ed4364cf576, NVIDIA A100-SXM4-80GB, 76665, 81920, 5, 110.50, 34
nid008352,2026/05/03 16:35:30.976, 1, GPU-5efb5c1d-1cd8-daca-bd51-2f30d62f6e1e, NVIDIA A100-SXM4-80GB, 75275, 81920, 100, 141.60, 31
nid008352,2026/05/03 16:35:30.978, 2, GPU-1d24ec01-d8bb-a3cf-73c2-7d6014d1dd4d, NVIDIA A100-SXM4-80GB, 75275, 81920, 100, 115.76, 34
nid008352,2026/05/03 16:35:30.980, 3, GPU-689a6e7c-a622-65fb-9f4d-887ba745f660, NVIDIA A100-SXM4-80GB, 75275, 81920, 100, 114.47, 32
nid008353,2026/05/03 16:35:31.801, 0, GPU-3ad85384-e7dd-8c9b-13da-56f54bf334d9, NVIDIA A100-SXM4-80GB, 75029, 81920, 0, 111.53, 34
nid008353,2026/05/03 16:35:31.804, 1, GPU-3d65dc3f-116a-1dd4-937c-6e4481a765b5, NVIDIA A100-SXM4-80GB, 75019, 81920, 97, 114.61, 32
nid008353,2026/05/03 16:35:31.806, 2, GPU-338e4806-c72e-e37a-4798-dc47c2f2de03, NVIDIA A100-SXM4-80GB, 75019, 81920, 99, 118.32, 35
nid008353,2026/05/03 16:35:31.808, 3, GPU-fec40d98-ea80-e220-a49c-31ccab4741af, NVIDIA A100-SXM4-80GB, 75019, 81920, 87, 111.16, 32
nid008352,2026/05/03 16:35:34.689, 0, GPU-c8e590fe-c1df-fb38-7bf3-9ed4364cf576, NVIDIA A100-SXM4-80GB, 76665, 81920, 2, 117.32, 34
nid008352,2026/05/03 16:35:34.692, 1, GPU-5efb5c1d-1cd8-daca-bd51-2f30d62f6e1e, NVIDIA A100-SXM4-80GB, 75275, 81920, 100, 114.98, 31
nid008352,2026/05/03 16:35:34.693, 2, GPU-1d24ec01-d8bb-a3cf-73c2-7d6014d1dd4d, NVIDIA A100-SXM4-80GB, 75275, 81920, 100, 114.96, 34
nid008352,2026/05/03 16:35:34.695, 3, GPU-689a6e7c-a622-65fb-9f4d-887ba745f660, NVIDIA A100-SXM4-80GB, 75275, 81920, 100, 112.85, 32
nid008353,2026/05/03 16:35:35.525, 0, GPU-3ad85384-e7dd-8c9b-13da-56f54bf334d9, NVIDIA A100-SXM4-80GB, 75029, 81920, 61, 111.53, 34
nid008353,2026/05/03 16:35:35.528, 1, GPU-3d65dc3f-116a-1dd4-937c-6e4481a765b5, NVIDIA A100-SXM4-80GB, 75019, 81920, 85, 114.71, 32
nid008353,2026/05/03 16:35:35.533, 2, GPU-338e4806-c72e-e37a-4798-dc47c2f2de03, NVIDIA A100-SXM4-80GB, 75019, 81920, 80, 114.61, 35
nid008353,2026/05/03 16:35:35.540, 3, GPU-fec40d98-ea80-e220-a49c-31ccab4741af, NVIDIA A100-SXM4-80GB, 75019, 81920, 95, 110.22, 32
nid008352,2026/05/03 16:35:38.424, 0, GPU-c8e590fe-c1df-fb38-7bf3-9ed4364cf576, NVIDIA A100-SXM4-80GB, 76665, 81920, 3, 118.41, 34
nid008352,2026/05/03 16:35:38.429, 1, GPU-5efb5c1d-1cd8-daca-bd51-2f30d62f6e1e, NVIDIA A100-SXM4-80GB, 75275, 81920, 100, 114.61, 31
nid008352,2026/05/03 16:35:38.430, 2, GPU-1d24ec01-d8bb-a3cf-73c2-7d6014d1dd4d, NVIDIA A100-SXM4-80GB, 75275, 81920, 100, 129.86, 34
nid008352,2026/05/03 16:35:38.432, 3, GPU-689a6e7c-a622-65fb-9f4d-887ba745f660, NVIDIA A100-SXM4-80GB, 75275, 81920, 100, 112.72, 32
nid008353,2026/05/03 16:35:39.266, 0, GPU-3ad85384-e7dd-8c9b-13da-56f54bf334d9, NVIDIA A100-SXM4-80GB, 75029, 81920, 1, 140.27, 34
nid008353,2026/05/03 16:35:39.269, 1, GPU-3d65dc3f-116a-1dd4-937c-6e4481a765b5, NVIDIA A100-SXM4-80GB, 75019, 81920, 100, 136.28, 32
nid008353,2026/05/03 16:35:39.271, 2, GPU-338e4806-c72e-e37a-4798-dc47c2f2de03, NVIDIA A100-SXM4-80GB, 75019, 81920, 91, 135.88, 35
nid008353,2026/05/03 16:35:39.272, 3, GPU-fec40d98-ea80-e220-a49c-31ccab4741af, NVIDIA A100-SXM4-80GB, 75019, 81920, 85, 120.17, 32
nid008352,2026/05/03 16:35:42.143, 0, GPU-c8e590fe-c1df-fb38-7bf3-9ed4364cf576, NVIDIA A100-SXM4-80GB, 76665, 81920, 5, 137.24, 34
nid008352,2026/05/03 16:35:42.148, 1, GPU-5efb5c1d-1cd8-daca-bd51-2f30d62f6e1e, NVIDIA A100-SXM4-80GB, 75275, 81920, 100, 117.64, 31
nid008352,2026/05/03 16:35:42.154, 2, GPU-1d24ec01-d8bb-a3cf-73c2-7d6014d1dd4d, NVIDIA A100-SXM4-80GB, 75275, 81920, 100, 114.96, 34
nid008352,2026/05/03 16:35:42.160, 3, GPU-689a6e7c-a622-65fb-9f4d-887ba745f660, NVIDIA A100-SXM4-80GB, 75275, 81920, 100, 112.85, 32
nid008353,2026/05/03 16:35:43.022, 0, GPU-3ad85384-e7dd-8c9b-13da-56f54bf334d9, NVIDIA A100-SXM4-80GB, 75029, 81920, 10, 145.21, 34
nid008353,2026/05/03 16:35:43.029, 1, GPU-3d65dc3f-116a-1dd4-937c-6e4481a765b5, NVIDIA A100-SXM4-80GB, 75019, 81920, 100, 134.55, 32
nid008353,2026/05/03 16:35:43.034, 2, GPU-338e4806-c72e-e37a-4798-dc47c2f2de03, NVIDIA A100-SXM4-80GB, 75019, 81920, 86, 140.34, 35
nid008353,2026/05/03 16:35:43.038, 3, GPU-fec40d98-ea80-e220-a49c-31ccab4741af, NVIDIA A100-SXM4-80GB, 75019, 81920, 90, 138.30, 32
nid008352,2026/05/03 16:35:45.932, 0, GPU-c8e590fe-c1df-fb38-7bf3-9ed4364cf576, NVIDIA A100-SXM4-80GB, 76665, 81920, 6, 112.07, 34
nid008352,2026/05/03 16:35:45.937, 1, GPU-5efb5c1d-1cd8-daca-bd51-2f30d62f6e1e, NVIDIA A100-SXM4-80GB, 75275, 81920, 100, 114.85, 31
nid008352,2026/05/03 16:35:45.943, 2, GPU-1d24ec01-d8bb-a3cf-73c2-7d6014d1dd4d, NVIDIA A100-SXM4-80GB, 75275, 81920, 100, 131.95, 34
nid008352,2026/05/03 16:35:45.950, 3, GPU-689a6e7c-a622-65fb-9f4d-887ba745f660, NVIDIA A100-SXM4-80GB, 75275, 81920, 100, 134.63, 32
nid008353,2026/05/03 16:35:46.814, 0, GPU-3ad85384-e7dd-8c9b-13da-56f54bf334d9, NVIDIA A100-SXM4-80GB, 75029, 81920, 0, 122.92, 34
nid008353,2026/05/03 16:35:46.816, 1, GPU-3d65dc3f-116a-1dd4-937c-6e4481a765b5, NVIDIA A100-SXM4-80GB, 75019, 81920, 100, 114.74, 32
nid008353,2026/05/03 16:35:46.818, 2, GPU-338e4806-c72e-e37a-4798-dc47c2f2de03, NVIDIA A100-SXM4-80GB, 75019, 81920, 94, 136.28, 35
nid008353,2026/05/03 16:35:46.820, 3, GPU-fec40d98-ea80-e220-a49c-31ccab4741af, NVIDIA A100-SXM4-80GB, 75019, 81920, 89, 129.02, 32
nid008352,2026/05/03 16:35:49.739, 0, GPU-c8e590fe-c1df-fb38-7bf3-9ed4364cf576, NVIDIA A100-SXM4-80GB, 76665, 81920, 4, 110.74, 34
nid008352,2026/05/03 16:35:49.741, 1, GPU-5efb5c1d-1cd8-daca-bd51-2f30d62f6e1e, NVIDIA A100-SXM4-80GB, 75275, 81920, 100, 114.45, 31
nid008352,2026/05/03 16:35:49.743, 2, GPU-1d24ec01-d8bb-a3cf-73c2-7d6014d1dd4d, NVIDIA A100-SXM4-80GB, 75275, 81920, 100, 118.41, 34
nid008352,2026/05/03 16:35:49.745, 3, GPU-689a6e7c-a622-65fb-9f4d-887ba745f660, NVIDIA A100-SXM4-80GB, 75275, 81920, 100, 132.26, 32
nid008353,2026/05/03 16:35:50.660, 0, GPU-3ad85384-e7dd-8c9b-13da-56f54bf334d9, NVIDIA A100-SXM4-80GB, 75029, 81920, 1, 111.66, 34
nid008353,2026/05/03 16:35:50.663, 1, GPU-3d65dc3f-116a-1dd4-937c-6e4481a765b5, NVIDIA A100-SXM4-80GB, 75019, 81920, 94, 114.61, 32
nid008353,2026/05/03 16:35:50.664, 2, GPU-338e4806-c72e-e37a-4798-dc47c2f2de03, NVIDIA A100-SXM4-80GB, 75019, 81920, 100, 114.61, 35
nid008353,2026/05/03 16:35:50.666, 3, GPU-fec40d98-ea80-e220-a49c-31ccab4741af, NVIDIA A100-SXM4-80GB, 75019, 81920, 100, 111.40, 32
nid008352,2026/05/03 16:35:53.532, 0, GPU-c8e590fe-c1df-fb38-7bf3-9ed4364cf576, NVIDIA A100-SXM4-80GB, 76665, 81920, 2, 111.03, 34
nid008352,2026/05/03 16:35:53.535, 1, GPU-5efb5c1d-1cd8-daca-bd51-2f30d62f6e1e, NVIDIA A100-SXM4-80GB, 75275, 81920, 100, 114.45, 31
nid008352,2026/05/03 16:35:53.537, 2, GPU-1d24ec01-d8bb-a3cf-73c2-7d6014d1dd4d, NVIDIA A100-SXM4-80GB, 75275, 81920, 100, 120.78, 34
nid008352,2026/05/03 16:35:53.538, 3, GPU-689a6e7c-a622-65fb-9f4d-887ba745f660, NVIDIA A100-SXM4-80GB, 75275, 81920, 100, 112.72, 32
nid008353,2026/05/03 16:35:54.372, 0, GPU-3ad85384-e7dd-8c9b-13da-56f54bf334d9, NVIDIA A100-SXM4-80GB, 75029, 81920, 63, 119.22, 34
nid008353,2026/05/03 16:35:54.374, 1, GPU-3d65dc3f-116a-1dd4-937c-6e4481a765b5, NVIDIA A100-SXM4-80GB, 75019, 81920, 33, 114.85, 32
nid008353,2026/05/03 16:35:54.376, 2, GPU-338e4806-c72e-e37a-4798-dc47c2f2de03, NVIDIA A100-SXM4-80GB, 75019, 81920, 91, 114.85, 35
nid008353,2026/05/03 16:35:54.377, 3, GPU-fec40d98-ea80-e220-a49c-31ccab4741af, NVIDIA A100-SXM4-80GB, 75019, 81920, 93, 112.21, 32
nid008352,2026/05/03 16:35:57.248, 0, GPU-c8e590fe-c1df-fb38-7bf3-9ed4364cf576, NVIDIA A100-SXM4-80GB, 76665, 81920, 5, 110.07, 34
nid008352,2026/05/03 16:35:57.251, 1, GPU-5efb5c1d-1cd8-daca-bd51-2f30d62f6e1e, NVIDIA A100-SXM4-80GB, 75275, 81920, 100, 114.45, 31
nid008352,2026/05/03 16:35:57.255, 2, GPU-1d24ec01-d8bb-a3cf-73c2-7d6014d1dd4d, NVIDIA A100-SXM4-80GB, 75275, 81920, 100, 119.69, 34
nid008352,2026/05/03 16:35:57.258, 3, GPU-689a6e7c-a622-65fb-9f4d-887ba745f660, NVIDIA A100-SXM4-80GB, 75275, 81920, 100, 122.40, 32
nid008353,2026/05/03 16:35:58.100, 0, GPU-3ad85384-e7dd-8c9b-13da-56f54bf334d9, NVIDIA A100-SXM4-80GB, 75029, 81920, 33, 134.27, 34
nid008353,2026/05/03 16:35:58.103, 1, GPU-3d65dc3f-116a-1dd4-937c-6e4481a765b5, NVIDIA A100-SXM4-80GB, 75019, 81920, 77, 137.61, 32
nid008353,2026/05/03 16:35:58.104, 2, GPU-338e4806-c72e-e37a-4798-dc47c2f2de03, NVIDIA A100-SXM4-80GB, 75019, 81920, 96, 135.31, 35
nid008353,2026/05/03 16:35:58.107, 3, GPU-fec40d98-ea80-e220-a49c-31ccab4741af, NVIDIA A100-SXM4-80GB, 75019, 81920, 100, 137.61, 32
nid008352,2026/05/03 16:36:00.975, 0, GPU-c8e590fe-c1df-fb38-7bf3-9ed4364cf576, NVIDIA A100-SXM4-80GB, 76665, 81920, 2, 111.03, 34
nid008352,2026/05/03 16:36:00.978, 1, GPU-5efb5c1d-1cd8-daca-bd51-2f30d62f6e1e, NVIDIA A100-SXM4-80GB, 75275, 81920, 100, 114.74, 31
nid008352,2026/05/03 16:36:00.979, 2, GPU-1d24ec01-d8bb-a3cf-73c2-7d6014d1dd4d, NVIDIA A100-SXM4-80GB, 75275, 81920, 100, 119.17, 34
nid008352,2026/05/03 16:36:00.981, 3, GPU-689a6e7c-a622-65fb-9f4d-887ba745f660, NVIDIA A100-SXM4-80GB, 75275, 81920, 100, 125.01, 32
nid008353,2026/05/03 16:36:01.804, 0, GPU-3ad85384-e7dd-8c9b-13da-56f54bf334d9, NVIDIA A100-SXM4-80GB, 75029, 81920, 0, 111.53, 34
nid008353,2026/05/03 16:36:01.806, 1, GPU-3d65dc3f-116a-1dd4-937c-6e4481a765b5, NVIDIA A100-SXM4-80GB, 75019, 81920, 100, 114.61, 32
nid008353,2026/05/03 16:36:01.808, 2, GPU-338e4806-c72e-e37a-4798-dc47c2f2de03, NVIDIA A100-SXM4-80GB, 75019, 81920, 91, 114.61, 35
nid008353,2026/05/03 16:36:01.810, 3, GPU-fec40d98-ea80-e220-a49c-31ccab4741af, NVIDIA A100-SXM4-80GB, 75019, 81920, 72, 111.27, 32
nid008352,2026/05/03 16:36:04.682, 0, GPU-c8e590fe-c1df-fb38-7bf3-9ed4364cf576, NVIDIA A100-SXM4-80GB, 76665, 81920, 2, 121.02, 34
nid008352,2026/05/03 16:36:04.684, 1, GPU-5efb5c1d-1cd8-daca-bd51-2f30d62f6e1e, NVIDIA A100-SXM4-80GB, 75275, 81920, 100, 119.60, 31
nid008352,2026/05/03 16:36:04.687, 2, GPU-1d24ec01-d8bb-a3cf-73c2-7d6014d1dd4d, NVIDIA A100-SXM4-80GB, 75275, 81920, 100, 114.72, 34
nid008352,2026/05/03 16:36:04.688, 3, GPU-689a6e7c-a622-65fb-9f4d-887ba745f660, NVIDIA A100-SXM4-80GB, 75275, 81920, 100, 112.72, 32
nid008353,2026/05/03 16:36:05.501, 0, GPU-3ad85384-e7dd-8c9b-13da-56f54bf334d9, NVIDIA A100-SXM4-80GB, 75029, 81920, 25, 111.53, 34
nid008353,2026/05/03 16:36:05.504, 1, GPU-3d65dc3f-116a-1dd4-937c-6e4481a765b5, NVIDIA A100-SXM4-80GB, 75019, 81920, 75, 114.61, 32
nid008353,2026/05/03 16:36:05.505, 2, GPU-338e4806-c72e-e37a-4798-dc47c2f2de03, NVIDIA A100-SXM4-80GB, 75019, 81920, 50, 114.47, 35
nid008353,2026/05/03 16:36:05.508, 3, GPU-fec40d98-ea80-e220-a49c-31ccab4741af, NVIDIA A100-SXM4-80GB, 75019, 81920, 65, 111.27, 32
nid008352,2026/05/03 16:36:08.362, 0, GPU-c8e590fe-c1df-fb38-7bf3-9ed4364cf576, NVIDIA A100-SXM4-80GB, 76665, 81920, 2, 109.70, 34
nid008352,2026/05/03 16:36:08.365, 1, GPU-5efb5c1d-1cd8-daca-bd51-2f30d62f6e1e, NVIDIA A100-SXM4-80GB, 75275, 81920, 100, 129.30, 31
nid008352,2026/05/03 16:36:08.366, 2, GPU-1d24ec01-d8bb-a3cf-73c2-7d6014d1dd4d, NVIDIA A100-SXM4-80GB, 75275, 81920, 100, 114.96, 34
nid008352,2026/05/03 16:36:08.368, 3, GPU-689a6e7c-a622-65fb-9f4d-887ba745f660, NVIDIA A100-SXM4-80GB, 75275, 81920, 100, 113.66, 32
nid008353,2026/05/03 16:36:09.232, 0, GPU-3ad85384-e7dd-8c9b-13da-56f54bf334d9, NVIDIA A100-SXM4-80GB, 75029, 81920, 35, 111.66, 34
nid008353,2026/05/03 16:36:09.234, 1, GPU-3d65dc3f-116a-1dd4-937c-6e4481a765b5, NVIDIA A100-SXM4-80GB, 75019, 81920, 70, 136.64, 32
nid008353,2026/05/03 16:36:09.236, 2, GPU-338e4806-c72e-e37a-4798-dc47c2f2de03, NVIDIA A100-SXM4-80GB, 75019, 81920, 79, 114.85, 35
nid008353,2026/05/03 16:36:09.237, 3, GPU-fec40d98-ea80-e220-a49c-31ccab4741af, NVIDIA A100-SXM4-80GB, 75019, 81920, 97, 111.92, 32
nid008352,2026/05/03 16:36:12.114, 0, GPU-c8e590fe-c1df-fb38-7bf3-9ed4364cf576, NVIDIA A100-SXM4-80GB, 76665, 81920, 2, 110.22, 34
nid008352,2026/05/03 16:36:12.116, 1, GPU-5efb5c1d-1cd8-daca-bd51-2f30d62f6e1e, NVIDIA A100-SXM4-80GB, 75275, 81920, 100, 135.63, 31
nid008352,2026/05/03 16:36:12.118, 2, GPU-1d24ec01-d8bb-a3cf-73c2-7d6014d1dd4d, NVIDIA A100-SXM4-80GB, 75275, 81920, 100, 114.96, 34
nid008352,2026/05/03 16:36:12.119, 3, GPU-689a6e7c-a622-65fb-9f4d-887ba745f660, NVIDIA A100-SXM4-80GB, 75275, 81920, 100, 113.00, 32
nid008353,2026/05/03 16:36:12.946, 0, GPU-3ad85384-e7dd-8c9b-13da-56f54bf334d9, NVIDIA A100-SXM4-80GB, 75029, 81920, 0, 132.42, 34
nid008353,2026/05/03 16:36:12.949, 1, GPU-3d65dc3f-116a-1dd4-937c-6e4481a765b5, NVIDIA A100-SXM4-80GB, 75019, 81920, 87, 135.76, 32
nid008353,2026/05/03 16:36:12.952, 2, GPU-338e4806-c72e-e37a-4798-dc47c2f2de03, NVIDIA A100-SXM4-80GB, 75019, 81920, 86, 136.80, 35
nid008353,2026/05/03 16:36:12.954, 3, GPU-fec40d98-ea80-e220-a49c-31ccab4741af, NVIDIA A100-SXM4-80GB, 75019, 81920, 89, 133.94, 33
nid008352,2026/05/03 16:36:15.826, 0, GPU-c8e590fe-c1df-fb38-7bf3-9ed4364cf576, NVIDIA A100-SXM4-80GB, 76665, 81920, 2, 109.94, 34
nid008352,2026/05/03 16:36:15.829, 1, GPU-5efb5c1d-1cd8-daca-bd51-2f30d62f6e1e, NVIDIA A100-SXM4-80GB, 75275, 81920, 100, 114.74, 31
nid008352,2026/05/03 16:36:15.831, 2, GPU-1d24ec01-d8bb-a3cf-73c2-7d6014d1dd4d, NVIDIA A100-SXM4-80GB, 75275, 81920, 100, 115.24, 34
nid008352,2026/05/03 16:36:15.832, 3, GPU-689a6e7c-a622-65fb-9f4d-887ba745f660, NVIDIA A100-SXM4-80GB, 75275, 81920, 100, 113.66, 32
nid008353,2026/05/03 16:36:16.670, 0, GPU-3ad85384-e7dd-8c9b-13da-56f54bf334d9, NVIDIA A100-SXM4-80GB, 75029, 81920, 49, 111.53, 34
nid008353,2026/05/03 16:36:16.673, 1, GPU-3d65dc3f-116a-1dd4-937c-6e4481a765b5, NVIDIA A100-SXM4-80GB, 75019, 81920, 38, 114.61, 32
nid008353,2026/05/03 16:36:16.675, 2, GPU-338e4806-c72e-e37a-4798-dc47c2f2de03, NVIDIA A100-SXM4-80GB, 75019, 81920, 77, 114.61, 35
nid008353,2026/05/03 16:36:16.676, 3, GPU-fec40d98-ea80-e220-a49c-31ccab4741af, NVIDIA A100-SXM4-80GB, 75019, 81920, 100, 111.40, 32
nid008352,2026/05/03 16:36:19.540, 0, GPU-c8e590fe-c1df-fb38-7bf3-9ed4364cf576, NVIDIA A100-SXM4-80GB, 76665, 81920, 1, 123.24, 34
nid008352,2026/05/03 16:36:19.543, 1, GPU-5efb5c1d-1cd8-daca-bd51-2f30d62f6e1e, NVIDIA A100-SXM4-80GB, 75275, 81920, 100, 115.36, 31
nid008352,2026/05/03 16:36:19.545, 2, GPU-1d24ec01-d8bb-a3cf-73c2-7d6014d1dd4d, NVIDIA A100-SXM4-80GB, 75275, 81920, 100, 114.96, 34
nid008352,2026/05/03 16:36:19.546, 3, GPU-689a6e7c-a622-65fb-9f4d-887ba745f660, NVIDIA A100-SXM4-80GB, 75275, 81920, 100, 112.85, 32
nid008353,2026/05/03 16:36:20.379, 0, GPU-3ad85384-e7dd-8c9b-13da-56f54bf334d9, NVIDIA A100-SXM4-80GB, 75029, 81920, 56, 141.27, 34
nid008353,2026/05/03 16:36:20.381, 1, GPU-3d65dc3f-116a-1dd4-937c-6e4481a765b5, NVIDIA A100-SXM4-80GB, 75019, 81920, 94, 115.36, 32
nid008353,2026/05/03 16:36:20.383, 2, GPU-338e4806-c72e-e37a-4798-dc47c2f2de03, NVIDIA A100-SXM4-80GB, 75019, 81920, 100, 143.53, 35
nid008353,2026/05/03 16:36:20.385, 3, GPU-fec40d98-ea80-e220-a49c-31ccab4741af, NVIDIA A100-SXM4-80GB, 75019, 81920, 95, 113.93, 32
nid008352,2026/05/03 16:36:23.286, 0, GPU-c8e590fe-c1df-fb38-7bf3-9ed4364cf576, NVIDIA A100-SXM4-80GB, 76665, 81920, 9, 110.74, 34
nid008352,2026/05/03 16:36:23.288, 1, GPU-5efb5c1d-1cd8-daca-bd51-2f30d62f6e1e, NVIDIA A100-SXM4-80GB, 75275, 81920, 100, 114.74, 31
nid008352,2026/05/03 16:36:23.290, 2, GPU-1d24ec01-d8bb-a3cf-73c2-7d6014d1dd4d, NVIDIA A100-SXM4-80GB, 75275, 81920, 100, 118.94, 34
nid008352,2026/05/03 16:36:23.292, 3, GPU-689a6e7c-a622-65fb-9f4d-887ba745f660, NVIDIA A100-SXM4-80GB, 75275, 81920, 100, 126.71, 32
nid008353,2026/05/03 16:36:24.106, 0, GPU-3ad85384-e7dd-8c9b-13da-56f54bf334d9, NVIDIA A100-SXM4-80GB, 75029, 81920, 17, 111.81, 34
nid008353,2026/05/03 16:36:24.108, 1, GPU-3d65dc3f-116a-1dd4-937c-6e4481a765b5, NVIDIA A100-SXM4-80GB, 75019, 81920, 55, 124.40, 32
nid008353,2026/05/03 16:36:24.110, 2, GPU-338e4806-c72e-e37a-4798-dc47c2f2de03, NVIDIA A100-SXM4-80GB, 75019, 81920, 82, 120.55, 35
nid008353,2026/05/03 16:36:24.112, 3, GPU-fec40d98-ea80-e220-a49c-31ccab4741af, NVIDIA A100-SXM4-80GB, 75019, 81920, 100, 125.59, 32
nid008352,2026/05/03 16:36:27.014, 0, GPU-c8e590fe-c1df-fb38-7bf3-9ed4364cf576, NVIDIA A100-SXM4-80GB, 76665, 81920, 5, 111.68, 34
nid008352,2026/05/03 16:36:27.017, 1, GPU-5efb5c1d-1cd8-daca-bd51-2f30d62f6e1e, NVIDIA A100-SXM4-80GB, 75275, 81920, 100, 115.92, 31
nid008352,2026/05/03 16:36:27.018, 2, GPU-1d24ec01-d8bb-a3cf-73c2-7d6014d1dd4d, NVIDIA A100-SXM4-80GB, 75275, 81920, 100, 132.10, 34
nid008352,2026/05/03 16:36:27.020, 3, GPU-689a6e7c-a622-65fb-9f4d-887ba745f660, NVIDIA A100-SXM4-80GB, 75275, 81920, 100, 113.14, 32
nid008353,2026/05/03 16:36:27.868, 0, GPU-3ad85384-e7dd-8c9b-13da-56f54bf334d9, NVIDIA A100-SXM4-80GB, 75029, 81920, 22, 111.66, 34
nid008353,2026/05/03 16:36:27.871, 1, GPU-3d65dc3f-116a-1dd4-937c-6e4481a765b5, NVIDIA A100-SXM4-80GB, 75019, 81920, 61, 114.45, 32
nid008353,2026/05/03 16:36:27.872, 2, GPU-338e4806-c72e-e37a-4798-dc47c2f2de03, NVIDIA A100-SXM4-80GB, 75019, 81920, 99, 114.61, 35
nid008353,2026/05/03 16:36:27.874, 3, GPU-fec40d98-ea80-e220-a49c-31ccab4741af, NVIDIA A100-SXM4-80GB, 75019, 81920, 82, 111.16, 32
nid008352,2026/05/03 16:36:30.746, 0, GPU-c8e590fe-c1df-fb38-7bf3-9ed4364cf576, NVIDIA A100-SXM4-80GB, 76665, 81920, 1, 113.11, 34
nid008352,2026/05/03 16:36:30.749, 1, GPU-5efb5c1d-1cd8-daca-bd51-2f30d62f6e1e, NVIDIA A100-SXM4-80GB, 75275, 81920, 100, 115.92, 31
nid008352,2026/05/03 16:36:30.751, 2, GPU-1d24ec01-d8bb-a3cf-73c2-7d6014d1dd4d, NVIDIA A100-SXM4-80GB, 75275, 81920, 100, 133.79, 34
nid008352,2026/05/03 16:36:30.752, 3, GPU-689a6e7c-a622-65fb-9f4d-887ba745f660, NVIDIA A100-SXM4-80GB, 75275, 81920, 100, 112.85, 32
nid008353,2026/05/03 16:36:31.602, 0, GPU-3ad85384-e7dd-8c9b-13da-56f54bf334d9, NVIDIA A100-SXM4-80GB, 75029, 81920, 85, 111.66, 34
nid008353,2026/05/03 16:36:31.609, 1, GPU-3d65dc3f-116a-1dd4-937c-6e4481a765b5, NVIDIA A100-SXM4-80GB, 75019, 81920, 77, 116.18, 32
nid008353,2026/05/03 16:36:31.612, 2, GPU-338e4806-c72e-e37a-4798-dc47c2f2de03, NVIDIA A100-SXM4-80GB, 75019, 81920, 97, 114.61, 35
nid008353,2026/05/03 16:36:31.613, 3, GPU-fec40d98-ea80-e220-a49c-31ccab4741af, NVIDIA A100-SXM4-80GB, 75019, 81920, 49, 110.19, 32
nid008352,2026/05/03 16:36:34.483, 0, GPU-c8e590fe-c1df-fb38-7bf3-9ed4364cf576, NVIDIA A100-SXM4-80GB, 76665, 81920, 2, 130.54, 34
nid008352,2026/05/03 16:36:34.485, 1, GPU-5efb5c1d-1cd8-daca-bd51-2f30d62f6e1e, NVIDIA A100-SXM4-80GB, 75275, 81920, 100, 135.47, 31
nid008352,2026/05/03 16:36:34.487, 2, GPU-1d24ec01-d8bb-a3cf-73c2-7d6014d1dd4d, NVIDIA A100-SXM4-80GB, 75275, 81920, 100, 114.72, 34
nid008352,2026/05/03 16:36:34.488, 3, GPU-689a6e7c-a622-65fb-9f4d-887ba745f660, NVIDIA A100-SXM4-80GB, 75275, 81920, 100, 112.99, 32
nid008353,2026/05/03 16:36:35.310, 0, GPU-3ad85384-e7dd-8c9b-13da-56f54bf334d9, NVIDIA A100-SXM4-80GB, 75029, 81920, 45, 111.66, 34
nid008353,2026/05/03 16:36:35.317, 1, GPU-3d65dc3f-116a-1dd4-937c-6e4481a765b5, NVIDIA A100-SXM4-80GB, 75019, 81920, 57, 114.45, 32
nid008353,2026/05/03 16:36:35.322, 2, GPU-338e4806-c72e-e37a-4798-dc47c2f2de03, NVIDIA A100-SXM4-80GB, 75019, 81920, 12, 114.74, 35
nid008353,2026/05/03 16:36:35.327, 3, GPU-fec40d98-ea80-e220-a49c-31ccab4741af, NVIDIA A100-SXM4-80GB, 75019, 81920, 0, 110.06, 32
nid008352,2026/05/03 16:36:38.196, 0, GPU-c8e590fe-c1df-fb38-7bf3-9ed4364cf576, NVIDIA A100-SXM4-80GB, 76665, 81920, 78, 119.55, 36
nid008352,2026/05/03 16:36:38.199, 1, GPU-5efb5c1d-1cd8-daca-bd51-2f30d62f6e1e, NVIDIA A100-SXM4-80GB, 75275, 81920, 80, 117.50, 33
nid008352,2026/05/03 16:36:38.201, 2, GPU-1d24ec01-d8bb-a3cf-73c2-7d6014d1dd4d, NVIDIA A100-SXM4-80GB, 75275, 81920, 86, 117.32, 36
nid008352,2026/05/03 16:36:38.203, 3, GPU-689a6e7c-a622-65fb-9f4d-887ba745f660, NVIDIA A100-SXM4-80GB, 75275, 81920, 81, 113.90, 34
nid008353,2026/05/03 16:36:39.095, 0, GPU-3ad85384-e7dd-8c9b-13da-56f54bf334d9, NVIDIA A100-SXM4-80GB, 75029, 81920, 99, 113.38, 35
nid008353,2026/05/03 16:36:39.103, 1, GPU-3d65dc3f-116a-1dd4-937c-6e4481a765b5, NVIDIA A100-SXM4-80GB, 75019, 81920, 43, 115.36, 33
nid008353,2026/05/03 16:36:39.105, 2, GPU-338e4806-c72e-e37a-4798-dc47c2f2de03, NVIDIA A100-SXM4-80GB, 75019, 81920, 86, 124.92, 36
nid008353,2026/05/03 16:36:39.107, 3, GPU-fec40d98-ea80-e220-a49c-31ccab4741af, NVIDIA A100-SXM4-80GB, 75019, 81920, 89, 112.07, 33
nid008352,2026/05/03 16:36:41.985, 0, GPU-c8e590fe-c1df-fb38-7bf3-9ed4364cf576, NVIDIA A100-SXM4-80GB, 76665, 81920, 56, 126.32, 35
nid008352,2026/05/03 16:36:41.988, 1, GPU-5efb5c1d-1cd8-daca-bd51-2f30d62f6e1e, NVIDIA A100-SXM4-80GB, 75275, 81920, 97, 123.45, 32
nid008352,2026/05/03 16:36:41.990, 2, GPU-1d24ec01-d8bb-a3cf-73c2-7d6014d1dd4d, NVIDIA A100-SXM4-80GB, 75275, 81920, 71, 131.58, 34
nid008352,2026/05/03 16:36:41.991, 3, GPU-689a6e7c-a622-65fb-9f4d-887ba745f660, NVIDIA A100-SXM4-80GB, 75275, 81920, 76, 114.05, 33
nid008353,2026/05/03 16:36:42.811, 0, GPU-3ad85384-e7dd-8c9b-13da-56f54bf334d9, NVIDIA A100-SXM4-80GB, 75029, 81920, 4, 111.81, 34
nid008353,2026/05/03 16:36:42.814, 1, GPU-3d65dc3f-116a-1dd4-937c-6e4481a765b5, NVIDIA A100-SXM4-80GB, 75019, 81920, 18, 114.71, 32
nid008353,2026/05/03 16:36:42.815, 2, GPU-338e4806-c72e-e37a-4798-dc47c2f2de03, NVIDIA A100-SXM4-80GB, 75019, 81920, 16, 114.99, 35
nid008353,2026/05/03 16:36:42.817, 3, GPU-fec40d98-ea80-e220-a49c-31ccab4741af, NVIDIA A100-SXM4-80GB, 75019, 81920, 77, 111.69, 32
nid008352,2026/05/03 16:36:45.706, 0, GPU-c8e590fe-c1df-fb38-7bf3-9ed4364cf576, NVIDIA A100-SXM4-80GB, 76665, 81920, 22, 132.75, 34
nid008352,2026/05/03 16:36:45.708, 1, GPU-5efb5c1d-1cd8-daca-bd51-2f30d62f6e1e, NVIDIA A100-SXM4-80GB, 75275, 81920, 86, 123.88, 31
nid008352,2026/05/03 16:36:45.710, 2, GPU-1d24ec01-d8bb-a3cf-73c2-7d6014d1dd4d, NVIDIA A100-SXM4-80GB, 75275, 81920, 100, 114.96, 34
nid008352,2026/05/03 16:36:45.712, 3, GPU-689a6e7c-a622-65fb-9f4d-887ba745f660, NVIDIA A100-SXM4-80GB, 75275, 81920, 100, 112.72, 32
nid008353,2026/05/03 16:36:46.573, 0, GPU-3ad85384-e7dd-8c9b-13da-56f54bf334d9, NVIDIA A100-SXM4-80GB, 75029, 81920, 25, 112.33, 34
nid008353,2026/05/03 16:36:46.576, 1, GPU-3d65dc3f-116a-1dd4-937c-6e4481a765b5, NVIDIA A100-SXM4-80GB, 75019, 81920, 23, 121.21, 32
nid008353,2026/05/03 16:36:46.578, 2, GPU-338e4806-c72e-e37a-4798-dc47c2f2de03, NVIDIA A100-SXM4-80GB, 75019, 81920, 89, 126.62, 35
nid008353,2026/05/03 16:36:46.579, 3, GPU-fec40d98-ea80-e220-a49c-31ccab4741af, NVIDIA A100-SXM4-80GB, 75019, 81920, 84, 111.27, 32
nid008352,2026/05/03 16:36:49.435, 0, GPU-c8e590fe-c1df-fb38-7bf3-9ed4364cf576, NVIDIA A100-SXM4-80GB, 76665, 81920, 12, 111.03, 34
nid008352,2026/05/03 16:36:49.437, 1, GPU-5efb5c1d-1cd8-daca-bd51-2f30d62f6e1e, NVIDIA A100-SXM4-80GB, 75275, 81920, 100, 114.85, 31
nid008352,2026/05/03 16:36:49.439, 2, GPU-1d24ec01-d8bb-a3cf-73c2-7d6014d1dd4d, NVIDIA A100-SXM4-80GB, 75275, 81920, 100, 122.87, 34
nid008352,2026/05/03 16:36:49.440, 3, GPU-689a6e7c-a622-65fb-9f4d-887ba745f660, NVIDIA A100-SXM4-80GB, 75275, 81920, 100, 118.27, 32
nid008353,2026/05/03 16:36:50.280, 0, GPU-3ad85384-e7dd-8c9b-13da-56f54bf334d9, NVIDIA A100-SXM4-80GB, 75029, 81920, 3, 134.91, 34
nid008353,2026/05/03 16:36:50.282, 1, GPU-3d65dc3f-116a-1dd4-937c-6e4481a765b5, NVIDIA A100-SXM4-80GB, 75019, 81920, 80, 114.61, 32
nid008353,2026/05/03 16:36:50.284, 2, GPU-338e4806-c72e-e37a-4798-dc47c2f2de03, NVIDIA A100-SXM4-80GB, 75019, 81920, 41, 114.71, 35
nid008353,2026/05/03 16:36:50.286, 3, GPU-fec40d98-ea80-e220-a49c-31ccab4741af, NVIDIA A100-SXM4-80GB, 75019, 81920, 49, 132.49, 32
nid008352,2026/05/03 16:36:53.141, 0, GPU-c8e590fe-c1df-fb38-7bf3-9ed4364cf576, NVIDIA A100-SXM4-80GB, 76665, 81920, 5, 117.32, 34
nid008352,2026/05/03 16:36:53.143, 1, GPU-5efb5c1d-1cd8-daca-bd51-2f30d62f6e1e, NVIDIA A100-SXM4-80GB, 75275, 81920, 100, 118.55, 31
nid008352,2026/05/03 16:36:53.145, 2, GPU-1d24ec01-d8bb-a3cf-73c2-7d6014d1dd4d, NVIDIA A100-SXM4-80GB, 75275, 81920, 100, 141.97, 34
nid008352,2026/05/03 16:36:53.147, 3, GPU-689a6e7c-a622-65fb-9f4d-887ba745f660, NVIDIA A100-SXM4-80GB, 75275, 81920, 100, 112.85, 32
nid008353,2026/05/03 16:36:54.035, 0, GPU-3ad85384-e7dd-8c9b-13da-56f54bf334d9, NVIDIA A100-SXM4-80GB, 75029, 81920, 4, 130.04, 34
nid008353,2026/05/03 16:36:54.041, 1, GPU-3d65dc3f-116a-1dd4-937c-6e4481a765b5, NVIDIA A100-SXM4-80GB, 75019, 81920, 95, 138.66, 32
nid008353,2026/05/03 16:36:54.043, 2, GPU-338e4806-c72e-e37a-4798-dc47c2f2de03, NVIDIA A100-SXM4-80GB, 75019, 81920, 50, 114.85, 35
nid008353,2026/05/03 16:36:54.045, 3, GPU-fec40d98-ea80-e220-a49c-31ccab4741af, NVIDIA A100-SXM4-80GB, 75019, 81920, 89, 126.55, 32
nid008352,2026/05/03 16:36:56.965, 0, GPU-c8e590fe-c1df-fb38-7bf3-9ed4364cf576, NVIDIA A100-SXM4-80GB, 76665, 81920, 1, 131.71, 34
nid008352,2026/05/03 16:36:56.971, 1, GPU-5efb5c1d-1cd8-daca-bd51-2f30d62f6e1e, NVIDIA A100-SXM4-80GB, 75275, 81920, 100, 114.45, 31
nid008352,2026/05/03 16:36:56.977, 2, GPU-1d24ec01-d8bb-a3cf-73c2-7d6014d1dd4d, NVIDIA A100-SXM4-80GB, 75275, 81920, 100, 114.72, 34
nid008352,2026/05/03 16:36:56.983, 3, GPU-689a6e7c-a622-65fb-9f4d-887ba745f660, NVIDIA A100-SXM4-80GB, 75275, 81920, 100, 112.85, 32
nid008353,2026/05/03 16:36:57.914, 0, GPU-3ad85384-e7dd-8c9b-13da-56f54bf334d9, NVIDIA A100-SXM4-80GB, 75029, 81920, 96, 111.66, 34
nid008353,2026/05/03 16:36:57.918, 1, GPU-3d65dc3f-116a-1dd4-937c-6e4481a765b5, NVIDIA A100-SXM4-80GB, 75019, 81920, 45, 114.61, 32
nid008353,2026/05/03 16:36:57.923, 2, GPU-338e4806-c72e-e37a-4798-dc47c2f2de03, NVIDIA A100-SXM4-80GB, 75019, 81920, 67, 138.49, 35
nid008353,2026/05/03 16:36:57.929, 3, GPU-fec40d98-ea80-e220-a49c-31ccab4741af, NVIDIA A100-SXM4-80GB, 75019, 81920, 60, 111.69, 32
nid008352,2026/05/03 16:37:00.898, 0, GPU-c8e590fe-c1df-fb38-7bf3-9ed4364cf576, NVIDIA A100-SXM4-80GB, 76665, 81920, 4, 124.62, 34
nid008352,2026/05/03 16:37:00.901, 1, GPU-5efb5c1d-1cd8-daca-bd51-2f30d62f6e1e, NVIDIA A100-SXM4-80GB, 75275, 81920, 100, 123.60, 31
nid008352,2026/05/03 16:37:00.902, 2, GPU-1d24ec01-d8bb-a3cf-73c2-7d6014d1dd4d, NVIDIA A100-SXM4-80GB, 75275, 81920, 100, 114.57, 34
nid008352,2026/05/03 16:37:00.904, 3, GPU-689a6e7c-a622-65fb-9f4d-887ba745f660, NVIDIA A100-SXM4-80GB, 75275, 81920, 100, 112.75, 32
nid008353,2026/05/03 16:37:01.851, 0, GPU-3ad85384-e7dd-8c9b-13da-56f54bf334d9, NVIDIA A100-SXM4-80GB, 75029, 81920, 0, 127.29, 34
nid008353,2026/05/03 16:37:01.853, 1, GPU-3d65dc3f-116a-1dd4-937c-6e4481a765b5, NVIDIA A100-SXM4-80GB, 75019, 81920, 100, 142.65, 32
nid008353,2026/05/03 16:37:01.855, 2, GPU-338e4806-c72e-e37a-4798-dc47c2f2de03, NVIDIA A100-SXM4-80GB, 75019, 81920, 99, 141.32, 35
nid008353,2026/05/03 16:37:01.858, 3, GPU-fec40d98-ea80-e220-a49c-31ccab4741af, NVIDIA A100-SXM4-80GB, 75019, 81920, 89, 122.26, 32
nid008352,2026/05/03 16:37:04.889, 0, GPU-c8e590fe-c1df-fb38-7bf3-9ed4364cf576, NVIDIA A100-SXM4-80GB, 76665, 81920, 2, 109.96, 34
nid008352,2026/05/03 16:37:04.892, 1, GPU-5efb5c1d-1cd8-daca-bd51-2f30d62f6e1e, NVIDIA A100-SXM4-80GB, 75275, 81920, 100, 114.31, 31
nid008352,2026/05/03 16:37:04.894, 2, GPU-1d24ec01-d8bb-a3cf-73c2-7d6014d1dd4d, NVIDIA A100-SXM4-80GB, 75275, 81920, 100, 115.23, 34
nid008352,2026/05/03 16:37:04.895, 3, GPU-689a6e7c-a622-65fb-9f4d-887ba745f660, NVIDIA A100-SXM4-80GB, 75275, 81920, 100, 113.51, 32
nid008353,2026/05/03 16:37:05.946, 0, GPU-3ad85384-e7dd-8c9b-13da-56f54bf334d9, NVIDIA A100-SXM4-80GB, 75029, 81920, 21, 121.88, 34
nid008353,2026/05/03 16:37:05.948, 1, GPU-3d65dc3f-116a-1dd4-937c-6e4481a765b5, NVIDIA A100-SXM4-80GB, 75019, 81920, 94, 136.21, 32
nid008353,2026/05/03 16:37:05.950, 2, GPU-338e4806-c72e-e37a-4798-dc47c2f2de03, NVIDIA A100-SXM4-80GB, 75019, 81920, 85, 136.73, 35
nid008353,2026/05/03 16:37:05.952, 3, GPU-fec40d98-ea80-e220-a49c-31ccab4741af, NVIDIA A100-SXM4-80GB, 75019, 81920, 77, 122.17, 32
nid008352,2026/05/03 16:37:08.986, 0, GPU-c8e590fe-c1df-fb38-7bf3-9ed4364cf576, NVIDIA A100-SXM4-80GB, 76665, 81920, 1, 119.08, 34
nid008352,2026/05/03 16:37:08.989, 1, GPU-5efb5c1d-1cd8-daca-bd51-2f30d62f6e1e, NVIDIA A100-SXM4-80GB, 75275, 81920, 100, 125.21, 31
nid008352,2026/05/03 16:37:08.990, 2, GPU-1d24ec01-d8bb-a3cf-73c2-7d6014d1dd4d, NVIDIA A100-SXM4-80GB, 75275, 81920, 100, 114.86, 34
nid008352,2026/05/03 16:37:08.992, 3, GPU-689a6e7c-a622-65fb-9f4d-887ba745f660, NVIDIA A100-SXM4-80GB, 75275, 81920, 100, 112.75, 32
nid008353,2026/05/03 16:37:09.904, 0, GPU-3ad85384-e7dd-8c9b-13da-56f54bf334d9, NVIDIA A100-SXM4-80GB, 75029, 81920, 50, 111.79, 34
nid008353,2026/05/03 16:37:09.906, 1, GPU-3d65dc3f-116a-1dd4-937c-6e4481a765b5, NVIDIA A100-SXM4-80GB, 75019, 81920, 41, 114.74, 32
nid008353,2026/05/03 16:37:09.908, 2, GPU-338e4806-c72e-e37a-4798-dc47c2f2de03, NVIDIA A100-SXM4-80GB, 75019, 81920, 59, 114.74, 35
nid008353,2026/05/03 16:37:09.909, 3, GPU-fec40d98-ea80-e220-a49c-31ccab4741af, NVIDIA A100-SXM4-80GB, 75019, 81920, 97, 111.53, 32
nid008352,2026/05/03 16:37:12.902, 0, GPU-c8e590fe-c1df-fb38-7bf3-9ed4364cf576, NVIDIA A100-SXM4-80GB, 76665, 81920, 2, 110.88, 34
nid008352,2026/05/03 16:37:12.906, 1, GPU-5efb5c1d-1cd8-daca-bd51-2f30d62f6e1e, NVIDIA A100-SXM4-80GB, 75275, 81920, 100, 132.36, 31
nid008352,2026/05/03 16:37:12.911, 2, GPU-1d24ec01-d8bb-a3cf-73c2-7d6014d1dd4d, NVIDIA A100-SXM4-80GB, 75275, 81920, 100, 114.86, 34
nid008352,2026/05/03 16:37:12.916, 3, GPU-689a6e7c-a622-65fb-9f4d-887ba745f660, NVIDIA A100-SXM4-80GB, 75275, 81920, 100, 112.75, 32
nid008353,2026/05/03 16:37:13.976, 0, GPU-3ad85384-e7dd-8c9b-13da-56f54bf334d9, NVIDIA A100-SXM4-80GB, 75029, 81920, 30, 137.09, 34
nid008353,2026/05/03 16:37:13.979, 1, GPU-3d65dc3f-116a-1dd4-937c-6e4481a765b5, NVIDIA A100-SXM4-80GB, 75019, 81920, 76, 135.76, 32
nid008353,2026/05/03 16:37:13.981, 2, GPU-338e4806-c72e-e37a-4798-dc47c2f2de03, NVIDIA A100-SXM4-80GB, 75019, 81920, 100, 146.59, 35
nid008353,2026/05/03 16:37:13.983, 3, GPU-fec40d98-ea80-e220-a49c-31ccab4741af, NVIDIA A100-SXM4-80GB, 75019, 81920, 57, 122.41, 32
nid008352,2026/05/03 16:37:16.975, 0, GPU-c8e590fe-c1df-fb38-7bf3-9ed4364cf576, NVIDIA A100-SXM4-80GB, 76665, 81920, 4, 110.07, 34
nid008352,2026/05/03 16:37:16.978, 1, GPU-5efb5c1d-1cd8-daca-bd51-2f30d62f6e1e, NVIDIA A100-SXM4-80GB, 75275, 81920, 100, 115.64, 31
nid008352,2026/05/03 16:37:16.980, 2, GPU-1d24ec01-d8bb-a3cf-73c2-7d6014d1dd4d, NVIDIA A100-SXM4-80GB, 75275, 81920, 100, 122.49, 34
nid008352,2026/05/03 16:37:16.982, 3, GPU-689a6e7c-a622-65fb-9f4d-887ba745f660, NVIDIA A100-SXM4-80GB, 75275, 81920, 100, 135.88, 32
nid008353,2026/05/03 16:37:17.956, 0, GPU-3ad85384-e7dd-8c9b-13da-56f54bf334d9, NVIDIA A100-SXM4-80GB, 75029, 81920, 4, 113.12, 34
nid008353,2026/05/03 16:37:17.962, 1, GPU-3d65dc3f-116a-1dd4-937c-6e4481a765b5, NVIDIA A100-SXM4-80GB, 75019, 81920, 94, 138.59, 32
nid008353,2026/05/03 16:37:17.967, 2, GPU-338e4806-c72e-e37a-4798-dc47c2f2de03, NVIDIA A100-SXM4-80GB, 75019, 81920, 96, 114.74, 35
nid008353,2026/05/03 16:37:17.980, 3, GPU-fec40d98-ea80-e220-a49c-31ccab4741af, NVIDIA A100-SXM4-80GB, 75019, 81920, 100, 111.53, 32
nid008352,2026/05/03 16:37:20.932, 0, GPU-c8e590fe-c1df-fb38-7bf3-9ed4364cf576, NVIDIA A100-SXM4-80GB, 76665, 81920, 2, 109.96, 34
nid008352,2026/05/03 16:37:20.935, 1, GPU-5efb5c1d-1cd8-daca-bd51-2f30d62f6e1e, NVIDIA A100-SXM4-80GB, 75275, 81920, 100, 127.31, 31
nid008352,2026/05/03 16:37:20.937, 2, GPU-1d24ec01-d8bb-a3cf-73c2-7d6014d1dd4d, NVIDIA A100-SXM4-80GB, 75275, 81920, 100, 115.62, 34
nid008352,2026/05/03 16:37:20.938, 3, GPU-689a6e7c-a622-65fb-9f4d-887ba745f660, NVIDIA A100-SXM4-80GB, 75275, 81920, 100, 117.50, 32
nid008353,2026/05/03 16:37:21.845, 0, GPU-3ad85384-e7dd-8c9b-13da-56f54bf334d9, NVIDIA A100-SXM4-80GB, 75029, 81920, 4, 133.62, 34
nid008353,2026/05/03 16:37:21.848, 1, GPU-3d65dc3f-116a-1dd4-937c-6e4481a765b5, NVIDIA A100-SXM4-80GB, 75019, 81920, 99, 124.40, 32
nid008353,2026/05/03 16:37:21.850, 2, GPU-338e4806-c72e-e37a-4798-dc47c2f2de03, NVIDIA A100-SXM4-80GB, 75019, 81920, 88, 123.59, 35
nid008353,2026/05/03 16:37:21.852, 3, GPU-fec40d98-ea80-e220-a49c-31ccab4741af, NVIDIA A100-SXM4-80GB, 75019, 81920, 74, 111.53, 32
nid008352,2026/05/03 16:37:24.832, 0, GPU-c8e590fe-c1df-fb38-7bf3-9ed4364cf576, NVIDIA A100-SXM4-80GB, 76665, 81920, 29, 126.71, 34
nid008352,2026/05/03 16:37:24.839, 1, GPU-5efb5c1d-1cd8-daca-bd51-2f30d62f6e1e, NVIDIA A100-SXM4-80GB, 75275, 81920, 100, 115.54, 31
nid008352,2026/05/03 16:37:24.844, 2, GPU-1d24ec01-d8bb-a3cf-73c2-7d6014d1dd4d, NVIDIA A100-SXM4-80GB, 75275, 81920, 100, 118.79, 34
nid008352,2026/05/03 16:37:24.849, 3, GPU-689a6e7c-a622-65fb-9f4d-887ba745f660, NVIDIA A100-SXM4-80GB, 75275, 81920, 100, 112.75, 32
nid008353,2026/05/03 16:37:25.822, 0, GPU-3ad85384-e7dd-8c9b-13da-56f54bf334d9, NVIDIA A100-SXM4-80GB, 75029, 81920, 30, 111.94, 34
nid008353,2026/05/03 16:37:25.824, 1, GPU-3d65dc3f-116a-1dd4-937c-6e4481a765b5, NVIDIA A100-SXM4-80GB, 75019, 81920, 68, 114.74, 32
nid008353,2026/05/03 16:37:25.826, 2, GPU-338e4806-c72e-e37a-4798-dc47c2f2de03, NVIDIA A100-SXM4-80GB, 75019, 81920, 100, 114.74, 35
nid008353,2026/05/03 16:37:25.830, 3, GPU-fec40d98-ea80-e220-a49c-31ccab4741af, NVIDIA A100-SXM4-80GB, 75019, 81920, 56, 111.53, 32
nid008352,2026/05/03 16:37:28.898, 0, GPU-c8e590fe-c1df-fb38-7bf3-9ed4364cf576, NVIDIA A100-SXM4-80GB, 76665, 81920, 3, 109.70, 34
nid008352,2026/05/03 16:37:28.903, 1, GPU-5efb5c1d-1cd8-daca-bd51-2f30d62f6e1e, NVIDIA A100-SXM4-80GB, 75275, 81920, 100, 114.45, 31
nid008352,2026/05/03 16:37:28.909, 2, GPU-1d24ec01-d8bb-a3cf-73c2-7d6014d1dd4d, NVIDIA A100-SXM4-80GB, 75275, 81920, 100, 114.72, 34
nid008352,2026/05/03 16:37:28.914, 3, GPU-689a6e7c-a622-65fb-9f4d-887ba745f660, NVIDIA A100-SXM4-80GB, 75275, 81920, 100, 113.14, 32
nid008353,2026/05/03 16:37:29.976, 0, GPU-3ad85384-e7dd-8c9b-13da-56f54bf334d9, NVIDIA A100-SXM4-80GB, 75029, 81920, 9, 111.66, 34
nid008353,2026/05/03 16:37:29.979, 1, GPU-3d65dc3f-116a-1dd4-937c-6e4481a765b5, NVIDIA A100-SXM4-80GB, 75019, 81920, 100, 114.61, 32
nid008353,2026/05/03 16:37:29.981, 2, GPU-338e4806-c72e-e37a-4798-dc47c2f2de03, NVIDIA A100-SXM4-80GB, 75019, 81920, 96, 114.61, 35
nid008353,2026/05/03 16:37:29.982, 3, GPU-fec40d98-ea80-e220-a49c-31ccab4741af, NVIDIA A100-SXM4-80GB, 75019, 81920, 93, 111.40, 32
nid008352,2026/05/03 16:37:33.052, 0, GPU-c8e590fe-c1df-fb38-7bf3-9ed4364cf576, NVIDIA A100-SXM4-80GB, 76665, 81920, 3, 112.07, 34
nid008352,2026/05/03 16:37:33.059, 1, GPU-5efb5c1d-1cd8-daca-bd51-2f30d62f6e1e, NVIDIA A100-SXM4-80GB, 75275, 81920, 100, 117.88, 31
nid008352,2026/05/03 16:37:33.063, 2, GPU-1d24ec01-d8bb-a3cf-73c2-7d6014d1dd4d, NVIDIA A100-SXM4-80GB, 75275, 81920, 100, 125.24, 34
nid008352,2026/05/03 16:37:33.065, 3, GPU-689a6e7c-a622-65fb-9f4d-887ba745f660, NVIDIA A100-SXM4-80GB, 75275, 81920, 100, 112.72, 32
nid008353,2026/05/03 16:37:34.135, 0, GPU-3ad85384-e7dd-8c9b-13da-56f54bf334d9, NVIDIA A100-SXM4-80GB, 75029, 81920, 16, 111.66, 34
nid008353,2026/05/03 16:37:34.138, 1, GPU-3d65dc3f-116a-1dd4-937c-6e4481a765b5, NVIDIA A100-SXM4-80GB, 75019, 81920, 95, 114.85, 32
nid008353,2026/05/03 16:37:34.139, 2, GPU-338e4806-c72e-e37a-4798-dc47c2f2de03, NVIDIA A100-SXM4-80GB, 75019, 81920, 96, 114.61, 35
nid008353,2026/05/03 16:37:34.141, 3, GPU-fec40d98-ea80-e220-a49c-31ccab4741af, NVIDIA A100-SXM4-80GB, 75019, 81920, 74, 111.69, 32
nid008352,2026/05/03 16:37:37.264, 0, GPU-c8e590fe-c1df-fb38-7bf3-9ed4364cf576, NVIDIA A100-SXM4-80GB, 76665, 81920, 2, 114.20, 34
nid008352,2026/05/03 16:37:37.267, 1, GPU-5efb5c1d-1cd8-daca-bd51-2f30d62f6e1e, NVIDIA A100-SXM4-80GB, 75275, 81920, 100, 121.59, 31
nid008352,2026/05/03 16:37:37.268, 2, GPU-1d24ec01-d8bb-a3cf-73c2-7d6014d1dd4d, NVIDIA A100-SXM4-80GB, 75275, 81920, 100, 145.38, 34
nid008352,2026/05/03 16:37:37.270, 3, GPU-689a6e7c-a622-65fb-9f4d-887ba745f660, NVIDIA A100-SXM4-80GB, 75275, 81920, 100, 112.62, 32
nid008353,2026/05/03 16:37:38.269, 0, GPU-3ad85384-e7dd-8c9b-13da-56f54bf334d9, NVIDIA A100-SXM4-80GB, 75029, 81920, 2, 117.22, 34
nid008353,2026/05/03 16:37:38.272, 1, GPU-3d65dc3f-116a-1dd4-937c-6e4481a765b5, NVIDIA A100-SXM4-80GB, 75019, 81920, 99, 114.74, 32
nid008353,2026/05/03 16:37:38.277, 2, GPU-338e4806-c72e-e37a-4798-dc47c2f2de03, NVIDIA A100-SXM4-80GB, 75019, 81920, 92, 114.85, 35
nid008353,2026/05/03 16:37:38.278, 3, GPU-fec40d98-ea80-e220-a49c-31ccab4741af, NVIDIA A100-SXM4-80GB, 75019, 81920, 85, 111.69, 32
nid008352,2026/05/03 16:37:41.260, 0, GPU-c8e590fe-c1df-fb38-7bf3-9ed4364cf576, NVIDIA A100-SXM4-80GB, 76665, 81920, 2, 110.35, 34
nid008352,2026/05/03 16:37:41.263, 1, GPU-5efb5c1d-1cd8-daca-bd51-2f30d62f6e1e, NVIDIA A100-SXM4-80GB, 75275, 81920, 100, 114.88, 31
nid008352,2026/05/03 16:37:41.264, 2, GPU-1d24ec01-d8bb-a3cf-73c2-7d6014d1dd4d, NVIDIA A100-SXM4-80GB, 75275, 81920, 100, 116.42, 34
nid008352,2026/05/03 16:37:41.266, 3, GPU-689a6e7c-a622-65fb-9f4d-887ba745f660, NVIDIA A100-SXM4-80GB, 75275, 81920, 100, 125.38, 32
nid008353,2026/05/03 16:37:42.156, 0, GPU-3ad85384-e7dd-8c9b-13da-56f54bf334d9, NVIDIA A100-SXM4-80GB, 75029, 81920, 33, 111.66, 34
nid008353,2026/05/03 16:37:42.159, 1, GPU-3d65dc3f-116a-1dd4-937c-6e4481a765b5, NVIDIA A100-SXM4-80GB, 75019, 81920, 80, 114.61, 32
nid008353,2026/05/03 16:37:42.161, 2, GPU-338e4806-c72e-e37a-4798-dc47c2f2de03, NVIDIA A100-SXM4-80GB, 75019, 81920, 53, 114.61, 35
nid008353,2026/05/03 16:37:42.162, 3, GPU-fec40d98-ea80-e220-a49c-31ccab4741af, NVIDIA A100-SXM4-80GB, 75019, 81920, 90, 111.40, 32
nid008352,2026/05/03 16:37:45.163, 0, GPU-c8e590fe-c1df-fb38-7bf3-9ed4364cf576, NVIDIA A100-SXM4-80GB, 76665, 81920, 4, 111.03, 34
nid008352,2026/05/03 16:37:45.165, 1, GPU-5efb5c1d-1cd8-daca-bd51-2f30d62f6e1e, NVIDIA A100-SXM4-80GB, 75275, 81920, 100, 114.74, 31
nid008352,2026/05/03 16:37:45.167, 2, GPU-1d24ec01-d8bb-a3cf-73c2-7d6014d1dd4d, NVIDIA A100-SXM4-80GB, 75275, 81920, 100, 116.57, 34
nid008352,2026/05/03 16:37:45.168, 3, GPU-689a6e7c-a622-65fb-9f4d-887ba745f660, NVIDIA A100-SXM4-80GB, 75275, 81920, 100, 116.71, 32
nid008353,2026/05/03 16:37:46.107, 0, GPU-3ad85384-e7dd-8c9b-13da-56f54bf334d9, NVIDIA A100-SXM4-80GB, 75029, 81920, 0, 127.14, 34
nid008353,2026/05/03 16:37:46.113, 1, GPU-3d65dc3f-116a-1dd4-937c-6e4481a765b5, NVIDIA A100-SXM4-80GB, 75019, 81920, 99, 125.59, 32
nid008353,2026/05/03 16:37:46.115, 2, GPU-338e4806-c72e-e37a-4798-dc47c2f2de03, NVIDIA A100-SXM4-80GB, 75019, 81920, 96, 135.08, 35
nid008353,2026/05/03 16:37:46.116, 3, GPU-fec40d98-ea80-e220-a49c-31ccab4741af, NVIDIA A100-SXM4-80GB, 75019, 81920, 97, 126.40, 32
nid008352,2026/05/03 16:37:49.054, 0, GPU-c8e590fe-c1df-fb38-7bf3-9ed4364cf576, NVIDIA A100-SXM4-80GB, 76665, 81920, 4, 110.22, 34
nid008352,2026/05/03 16:37:49.057, 1, GPU-5efb5c1d-1cd8-daca-bd51-2f30d62f6e1e, NVIDIA A100-SXM4-80GB, 75275, 81920, 100, 114.98, 31
nid008352,2026/05/03 16:37:49.059, 2, GPU-1d24ec01-d8bb-a3cf-73c2-7d6014d1dd4d, NVIDIA A100-SXM4-80GB, 75275, 81920, 100, 116.04, 34
nid008352,2026/05/03 16:37:49.060, 3, GPU-689a6e7c-a622-65fb-9f4d-887ba745f660, NVIDIA A100-SXM4-80GB, 75275, 81920, 100, 136.24, 32
nid008353,2026/05/03 16:37:49.959, 0, GPU-3ad85384-e7dd-8c9b-13da-56f54bf334d9, NVIDIA A100-SXM4-80GB, 75029, 81920, 12, 128.47, 34
nid008353,2026/05/03 16:37:49.962, 1, GPU-3d65dc3f-116a-1dd4-937c-6e4481a765b5, NVIDIA A100-SXM4-80GB, 75019, 81920, 57, 131.09, 32
nid008353,2026/05/03 16:37:49.963, 2, GPU-338e4806-c72e-e37a-4798-dc47c2f2de03, NVIDIA A100-SXM4-80GB, 75019, 81920, 98, 129.24, 35
nid008353,2026/05/03 16:37:49.965, 3, GPU-fec40d98-ea80-e220-a49c-31ccab4741af, NVIDIA A100-SXM4-80GB, 75019, 81920, 100, 129.02, 32
nid008352,2026/05/03 16:37:52.918, 0, GPU-c8e590fe-c1df-fb38-7bf3-9ed4364cf576, NVIDIA A100-SXM4-80GB, 76665, 81920, 2, 109.83, 34
nid008352,2026/05/03 16:37:52.921, 1, GPU-5efb5c1d-1cd8-daca-bd51-2f30d62f6e1e, NVIDIA A100-SXM4-80GB, 75275, 81920, 100, 118.03, 31
nid008352,2026/05/03 16:37:52.922, 2, GPU-1d24ec01-d8bb-a3cf-73c2-7d6014d1dd4d, NVIDIA A100-SXM4-80GB, 75275, 81920, 100, 126.41, 34
nid008352,2026/05/03 16:37:52.924, 3, GPU-689a6e7c-a622-65fb-9f4d-887ba745f660, NVIDIA A100-SXM4-80GB, 75275, 81920, 100, 112.62, 32
nid008353,2026/05/03 16:37:53.857, 0, GPU-3ad85384-e7dd-8c9b-13da-56f54bf334d9, NVIDIA A100-SXM4-80GB, 75029, 81920, 16, 111.66, 34
nid008353,2026/05/03 16:37:53.864, 1, GPU-3d65dc3f-116a-1dd4-937c-6e4481a765b5, NVIDIA A100-SXM4-80GB, 75019, 81920, 97, 115.13, 32
nid008353,2026/05/03 16:37:53.870, 2, GPU-338e4806-c72e-e37a-4798-dc47c2f2de03, NVIDIA A100-SXM4-80GB, 75019, 81920, 81, 114.61, 35
nid008353,2026/05/03 16:37:53.874, 3, GPU-fec40d98-ea80-e220-a49c-31ccab4741af, NVIDIA A100-SXM4-80GB, 75019, 81920, 100, 111.40, 32
nid008352,2026/05/03 16:37:56.855, 0, GPU-c8e590fe-c1df-fb38-7bf3-9ed4364cf576, NVIDIA A100-SXM4-80GB, 76665, 81920, 4, 110.74, 34
nid008352,2026/05/03 16:37:56.861, 1, GPU-5efb5c1d-1cd8-daca-bd51-2f30d62f6e1e, NVIDIA A100-SXM4-80GB, 75275, 81920, 100, 114.45, 31
nid008352,2026/05/03 16:37:56.867, 2, GPU-1d24ec01-d8bb-a3cf-73c2-7d6014d1dd4d, NVIDIA A100-SXM4-80GB, 75275, 81920, 100, 114.72, 34
nid008352,2026/05/03 16:37:56.871, 3, GPU-689a6e7c-a622-65fb-9f4d-887ba745f660, NVIDIA A100-SXM4-80GB, 75275, 81920, 100, 114.86, 32
nid008353,2026/05/03 16:37:57.868, 0, GPU-3ad85384-e7dd-8c9b-13da-56f54bf334d9, NVIDIA A100-SXM4-80GB, 75029, 81920, 8, 131.89, 34
nid008353,2026/05/03 16:37:57.870, 1, GPU-3d65dc3f-116a-1dd4-937c-6e4481a765b5, NVIDIA A100-SXM4-80GB, 75019, 81920, 88, 125.68, 32
nid008353,2026/05/03 16:37:57.872, 2, GPU-338e4806-c72e-e37a-4798-dc47c2f2de03, NVIDIA A100-SXM4-80GB, 75019, 81920, 100, 123.16, 35
nid008353,2026/05/03 16:37:57.873, 3, GPU-fec40d98-ea80-e220-a49c-31ccab4741af, NVIDIA A100-SXM4-80GB, 75019, 81920, 100, 141.60, 32
nid008352,2026/05/03 16:38:00.799, 0, GPU-c8e590fe-c1df-fb38-7bf3-9ed4364cf576, NVIDIA A100-SXM4-80GB, 76665, 81920, 2, 110.07, 34
nid008352,2026/05/03 16:38:00.802, 1, GPU-5efb5c1d-1cd8-daca-bd51-2f30d62f6e1e, NVIDIA A100-SXM4-80GB, 75275, 81920, 100, 115.36, 31
nid008352,2026/05/03 16:38:00.803, 2, GPU-1d24ec01-d8bb-a3cf-73c2-7d6014d1dd4d, NVIDIA A100-SXM4-80GB, 75275, 81920, 100, 117.47, 34
nid008352,2026/05/03 16:38:00.805, 3, GPU-689a6e7c-a622-65fb-9f4d-887ba745f660, NVIDIA A100-SXM4-80GB, 75275, 81920, 100, 130.25, 32
nid008353,2026/05/03 16:38:01.715, 0, GPU-3ad85384-e7dd-8c9b-13da-56f54bf334d9, NVIDIA A100-SXM4-80GB, 75029, 81920, 0, 125.82, 34
nid008353,2026/05/03 16:38:01.721, 1, GPU-3d65dc3f-116a-1dd4-937c-6e4481a765b5, NVIDIA A100-SXM4-80GB, 75019, 81920, 82, 130.04, 32
nid008353,2026/05/03 16:38:01.726, 2, GPU-338e4806-c72e-e37a-4798-dc47c2f2de03, NVIDIA A100-SXM4-80GB, 75019, 81920, 88, 114.61, 35
nid008353,2026/05/03 16:38:01.731, 3, GPU-fec40d98-ea80-e220-a49c-31ccab4741af, NVIDIA A100-SXM4-80GB, 75019, 81920, 98, 121.59, 32
nid008352,2026/05/03 16:38:04.675, 0, GPU-c8e590fe-c1df-fb38-7bf3-9ed4364cf576, NVIDIA A100-SXM4-80GB, 76665, 81920, 2, 110.63, 34
nid008352,2026/05/03 16:38:04.682, 1, GPU-5efb5c1d-1cd8-daca-bd51-2f30d62f6e1e, NVIDIA A100-SXM4-80GB, 75275, 81920, 100, 114.74, 31
nid008352,2026/05/03 16:38:04.690, 2, GPU-1d24ec01-d8bb-a3cf-73c2-7d6014d1dd4d, NVIDIA A100-SXM4-80GB, 75275, 81920, 100, 117.32, 34
nid008352,2026/05/03 16:38:04.698, 3, GPU-689a6e7c-a622-65fb-9f4d-887ba745f660, NVIDIA A100-SXM4-80GB, 75275, 81920, 100, 118.55, 32
nid008353,2026/05/03 16:38:05.685, 0, GPU-3ad85384-e7dd-8c9b-13da-56f54bf334d9, NVIDIA A100-SXM4-80GB, 75029, 81920, 2, 111.66, 34
nid008353,2026/05/03 16:38:05.688, 1, GPU-3d65dc3f-116a-1dd4-937c-6e4481a765b5, NVIDIA A100-SXM4-80GB, 75019, 81920, 95, 114.32, 31
nid008353,2026/05/03 16:38:05.690, 2, GPU-338e4806-c72e-e37a-4798-dc47c2f2de03, NVIDIA A100-SXM4-80GB, 75019, 81920, 97, 114.61, 34
nid008353,2026/05/03 16:38:05.691, 3, GPU-fec40d98-ea80-e220-a49c-31ccab4741af, NVIDIA A100-SXM4-80GB, 75019, 81920, 90, 111.27, 32
nid008352,2026/05/03 16:38:08.610, 0, GPU-c8e590fe-c1df-fb38-7bf3-9ed4364cf576, NVIDIA A100-SXM4-80GB, 76665, 81920, 2, 131.86, 34
nid008352,2026/05/03 16:38:08.613, 1, GPU-5efb5c1d-1cd8-daca-bd51-2f30d62f6e1e, NVIDIA A100-SXM4-80GB, 75275, 81920, 100, 114.17, 31
nid008352,2026/05/03 16:38:08.615, 2, GPU-1d24ec01-d8bb-a3cf-73c2-7d6014d1dd4d, NVIDIA A100-SXM4-80GB, 75275, 81920, 100, 114.72, 34
nid008352,2026/05/03 16:38:08.616, 3, GPU-689a6e7c-a622-65fb-9f4d-887ba745f660, NVIDIA A100-SXM4-80GB, 75275, 81920, 100, 113.66, 32
nid008353,2026/05/03 16:38:09.555, 0, GPU-3ad85384-e7dd-8c9b-13da-56f54bf334d9, NVIDIA A100-SXM4-80GB, 75029, 81920, 73, 132.94, 34
nid008353,2026/05/03 16:38:09.571, 1, GPU-3d65dc3f-116a-1dd4-937c-6e4481a765b5, NVIDIA A100-SXM4-80GB, 75019, 81920, 100, 140.63, 32
nid008353,2026/05/03 16:38:09.575, 2, GPU-338e4806-c72e-e37a-4798-dc47c2f2de03, NVIDIA A100-SXM4-80GB, 75019, 81920, 73, 130.33, 35
nid008353,2026/05/03 16:38:09.584, 3, GPU-fec40d98-ea80-e220-a49c-31ccab4741af, NVIDIA A100-SXM4-80GB, 75019, 81920, 90, 114.88, 32
nid008352,2026/05/03 16:38:12.482, 0, GPU-c8e590fe-c1df-fb38-7bf3-9ed4364cf576, NVIDIA A100-SXM4-80GB, 76665, 81920, 3, 130.10, 34
nid008352,2026/05/03 16:38:12.491, 1, GPU-5efb5c1d-1cd8-daca-bd51-2f30d62f6e1e, NVIDIA A100-SXM4-80GB, 75275, 81920, 100, 114.45, 31
nid008352,2026/05/03 16:38:12.498, 2, GPU-1d24ec01-d8bb-a3cf-73c2-7d6014d1dd4d, NVIDIA A100-SXM4-80GB, 75275, 81920, 100, 114.72, 34
nid008352,2026/05/03 16:38:12.503, 3, GPU-689a6e7c-a622-65fb-9f4d-887ba745f660, NVIDIA A100-SXM4-80GB, 75275, 81920, 100, 114.18, 32
nid008353,2026/05/03 16:38:13.508, 0, GPU-3ad85384-e7dd-8c9b-13da-56f54bf334d9, NVIDIA A100-SXM4-80GB, 75029, 81920, 5, 111.53, 34
nid008353,2026/05/03 16:38:13.511, 1, GPU-3d65dc3f-116a-1dd4-937c-6e4481a765b5, NVIDIA A100-SXM4-80GB, 75019, 81920, 98, 114.85, 32
nid008353,2026/05/03 16:38:13.513, 2, GPU-338e4806-c72e-e37a-4798-dc47c2f2de03, NVIDIA A100-SXM4-80GB, 75019, 81920, 94, 114.85, 35
nid008353,2026/05/03 16:38:13.514, 3, GPU-fec40d98-ea80-e220-a49c-31ccab4741af, NVIDIA A100-SXM4-80GB, 75019, 81920, 90, 111.40, 32
nid008352,2026/05/03 16:38:16.518, 0, GPU-c8e590fe-c1df-fb38-7bf3-9ed4364cf576, NVIDIA A100-SXM4-80GB, 76665, 81920, 3, 119.46, 34
nid008352,2026/05/03 16:38:16.521, 1, GPU-5efb5c1d-1cd8-daca-bd51-2f30d62f6e1e, NVIDIA A100-SXM4-80GB, 75275, 81920, 100, 114.45, 31
nid008352,2026/05/03 16:38:16.522, 2, GPU-1d24ec01-d8bb-a3cf-73c2-7d6014d1dd4d, NVIDIA A100-SXM4-80GB, 75275, 81920, 100, 114.82, 34
nid008352,2026/05/03 16:38:16.523, 3, GPU-689a6e7c-a622-65fb-9f4d-887ba745f660, NVIDIA A100-SXM4-80GB, 75275, 81920, 100, 113.38, 32
nid008353,2026/05/03 16:38:17.447, 0, GPU-3ad85384-e7dd-8c9b-13da-56f54bf334d9, NVIDIA A100-SXM4-80GB, 75029, 81920, 20, 111.53, 34
nid008353,2026/05/03 16:38:17.449, 1, GPU-3d65dc3f-116a-1dd4-937c-6e4481a765b5, NVIDIA A100-SXM4-80GB, 75019, 81920, 86, 114.61, 31
nid008353,2026/05/03 16:38:17.451, 2, GPU-338e4806-c72e-e37a-4798-dc47c2f2de03, NVIDIA A100-SXM4-80GB, 75019, 81920, 100, 129.80, 35
nid008353,2026/05/03 16:38:17.452, 3, GPU-fec40d98-ea80-e220-a49c-31ccab4741af, NVIDIA A100-SXM4-80GB, 75019, 81920, 84, 111.27, 32
nid008352,2026/05/03 16:38:20.409, 0, GPU-c8e590fe-c1df-fb38-7bf3-9ed4364cf576, NVIDIA A100-SXM4-80GB, 76665, 81920, 2, 109.70, 34
nid008352,2026/05/03 16:38:20.412, 1, GPU-5efb5c1d-1cd8-daca-bd51-2f30d62f6e1e, NVIDIA A100-SXM4-80GB, 75275, 81920, 100, 131.68, 31
nid008352,2026/05/03 16:38:20.413, 2, GPU-1d24ec01-d8bb-a3cf-73c2-7d6014d1dd4d, NVIDIA A100-SXM4-80GB, 75275, 81920, 100, 114.96, 34
nid008352,2026/05/03 16:38:20.415, 3, GPU-689a6e7c-a622-65fb-9f4d-887ba745f660, NVIDIA A100-SXM4-80GB, 75275, 81920, 100, 121.59, 32
nid008353,2026/05/03 16:38:21.324, 0, GPU-3ad85384-e7dd-8c9b-13da-56f54bf334d9, NVIDIA A100-SXM4-80GB, 75029, 81920, 3, 123.16, 34
nid008353,2026/05/03 16:38:21.326, 1, GPU-3d65dc3f-116a-1dd4-937c-6e4481a765b5, NVIDIA A100-SXM4-80GB, 75019, 81920, 96, 130.48, 32
nid008353,2026/05/03 16:38:21.328, 2, GPU-338e4806-c72e-e37a-4798-dc47c2f2de03, NVIDIA A100-SXM4-80GB, 75019, 81920, 94, 127.01, 35
nid008353,2026/05/03 16:38:21.329, 3, GPU-fec40d98-ea80-e220-a49c-31ccab4741af, NVIDIA A100-SXM4-80GB, 75019, 81920, 98, 139.18, 32
nid008352,2026/05/03 16:38:24.261, 0, GPU-c8e590fe-c1df-fb38-7bf3-9ed4364cf576, NVIDIA A100-SXM4-80GB, 76665, 81920, 2, 109.54, 34
nid008352,2026/05/03 16:38:24.265, 1, GPU-5efb5c1d-1cd8-daca-bd51-2f30d62f6e1e, NVIDIA A100-SXM4-80GB, 75275, 81920, 100, 114.59, 31
nid008352,2026/05/03 16:38:24.266, 2, GPU-1d24ec01-d8bb-a3cf-73c2-7d6014d1dd4d, NVIDIA A100-SXM4-80GB, 75275, 81920, 100, 114.86, 34
nid008352,2026/05/03 16:38:24.268, 3, GPU-689a6e7c-a622-65fb-9f4d-887ba745f660, NVIDIA A100-SXM4-80GB, 75275, 81920, 100, 118.69, 32
nid008353,2026/05/03 16:38:25.116, 0, GPU-3ad85384-e7dd-8c9b-13da-56f54bf334d9, NVIDIA A100-SXM4-80GB, 75029, 81920, 0, 130.20, 34
nid008353,2026/05/03 16:38:25.118, 1, GPU-3d65dc3f-116a-1dd4-937c-6e4481a765b5, NVIDIA A100-SXM4-80GB, 75019, 81920, 100, 129.67, 32
nid008353,2026/05/03 16:38:25.120, 2, GPU-338e4806-c72e-e37a-4798-dc47c2f2de03, NVIDIA A100-SXM4-80GB, 75019, 81920, 90, 127.29, 35
nid008353,2026/05/03 16:38:25.122, 3, GPU-fec40d98-ea80-e220-a49c-31ccab4741af, NVIDIA A100-SXM4-80GB, 75019, 81920, 93, 134.95, 32
nid008352,2026/05/03 16:38:28.060, 0, GPU-c8e590fe-c1df-fb38-7bf3-9ed4364cf576, NVIDIA A100-SXM4-80GB, 76665, 81920, 1, 117.32, 34
nid008352,2026/05/03 16:38:28.064, 1, GPU-5efb5c1d-1cd8-daca-bd51-2f30d62f6e1e, NVIDIA A100-SXM4-80GB, 75275, 81920, 100, 126.25, 31
nid008352,2026/05/03 16:38:28.069, 2, GPU-1d24ec01-d8bb-a3cf-73c2-7d6014d1dd4d, NVIDIA A100-SXM4-80GB, 75275, 81920, 100, 124.71, 34
nid008352,2026/05/03 16:38:28.074, 3, GPU-689a6e7c-a622-65fb-9f4d-887ba745f660, NVIDIA A100-SXM4-80GB, 75275, 81920, 100, 112.62, 32
nid008353,2026/05/03 16:38:28.996, 0, GPU-3ad85384-e7dd-8c9b-13da-56f54bf334d9, NVIDIA A100-SXM4-80GB, 75029, 81920, 2, 111.53, 34
nid008353,2026/05/03 16:38:28.998, 1, GPU-3d65dc3f-116a-1dd4-937c-6e4481a765b5, NVIDIA A100-SXM4-80GB, 75019, 81920, 98, 114.74, 31
nid008353,2026/05/03 16:38:29.000, 2, GPU-338e4806-c72e-e37a-4798-dc47c2f2de03, NVIDIA A100-SXM4-80GB, 75019, 81920, 89, 114.61, 34
nid008353,2026/05/03 16:38:29.001, 3, GPU-fec40d98-ea80-e220-a49c-31ccab4741af, NVIDIA A100-SXM4-80GB, 75019, 81920, 100, 111.27, 32
nid008352,2026/05/03 16:38:31.994, 0, GPU-c8e590fe-c1df-fb38-7bf3-9ed4364cf576, NVIDIA A100-SXM4-80GB, 76665, 81920, 3, 138.52, 34
nid008352,2026/05/03 16:38:31.997, 1, GPU-5efb5c1d-1cd8-daca-bd51-2f30d62f6e1e, NVIDIA A100-SXM4-80GB, 75275, 81920, 100, 114.31, 31
nid008352,2026/05/03 16:38:32.002, 2, GPU-1d24ec01-d8bb-a3cf-73c2-7d6014d1dd4d, NVIDIA A100-SXM4-80GB, 75275, 81920, 100, 114.86, 34
nid008352,2026/05/03 16:38:32.003, 3, GPU-689a6e7c-a622-65fb-9f4d-887ba745f660, NVIDIA A100-SXM4-80GB, 75275, 81920, 100, 114.86, 32
nid008353,2026/05/03 16:38:32.843, 0, GPU-3ad85384-e7dd-8c9b-13da-56f54bf334d9, NVIDIA A100-SXM4-80GB, 75029, 81920, 0, 111.66, 34
nid008353,2026/05/03 16:38:32.846, 1, GPU-3d65dc3f-116a-1dd4-937c-6e4481a765b5, NVIDIA A100-SXM4-80GB, 75019, 81920, 100, 114.61, 32
nid008353,2026/05/03 16:38:32.847, 2, GPU-338e4806-c72e-e37a-4798-dc47c2f2de03, NVIDIA A100-SXM4-80GB, 75019, 81920, 92, 122.92, 35
nid008353,2026/05/03 16:38:32.850, 3, GPU-fec40d98-ea80-e220-a49c-31ccab4741af, NVIDIA A100-SXM4-80GB, 75019, 81920, 94, 124.64, 32
nid008352,2026/05/03 16:38:35.712, 0, GPU-c8e590fe-c1df-fb38-7bf3-9ed4364cf576, NVIDIA A100-SXM4-80GB, 76665, 81920, 1, 116.81, 34
nid008352,2026/05/03 16:38:35.715, 1, GPU-5efb5c1d-1cd8-daca-bd51-2f30d62f6e1e, NVIDIA A100-SXM4-80GB, 75275, 81920, 100, 114.17, 31
nid008352,2026/05/03 16:38:35.717, 2, GPU-1d24ec01-d8bb-a3cf-73c2-7d6014d1dd4d, NVIDIA A100-SXM4-80GB, 75275, 81920, 100, 114.72, 34
nid008352,2026/05/03 16:38:35.719, 3, GPU-689a6e7c-a622-65fb-9f4d-887ba745f660, NVIDIA A100-SXM4-80GB, 75275, 81920, 100, 113.53, 32
nid008353,2026/05/03 16:38:36.541, 0, GPU-3ad85384-e7dd-8c9b-13da-56f54bf334d9, NVIDIA A100-SXM4-80GB, 75029, 81920, 0, 111.53, 34
nid008353,2026/05/03 16:38:36.544, 1, GPU-3d65dc3f-116a-1dd4-937c-6e4481a765b5, NVIDIA A100-SXM4-80GB, 75019, 81920, 0, 114.61, 32
nid008353,2026/05/03 16:38:36.546, 2, GPU-338e4806-c72e-e37a-4798-dc47c2f2de03, NVIDIA A100-SXM4-80GB, 75019, 81920, 44, 136.80, 35
nid008353,2026/05/03 16:38:36.550, 3, GPU-fec40d98-ea80-e220-a49c-31ccab4741af, NVIDIA A100-SXM4-80GB, 75019, 81920, 0, 126.55, 32
nid008352,2026/05/03 16:38:39.512, 0, GPU-c8e590fe-c1df-fb38-7bf3-9ed4364cf576, NVIDIA A100-SXM4-80GB, 76665, 81920, 0, 109.70, 34
nid008352,2026/05/03 16:38:39.515, 1, GPU-5efb5c1d-1cd8-daca-bd51-2f30d62f6e1e, NVIDIA A100-SXM4-80GB, 75275, 81920, 0, 113.93, 31
nid008352,2026/05/03 16:38:39.516, 2, GPU-1d24ec01-d8bb-a3cf-73c2-7d6014d1dd4d, NVIDIA A100-SXM4-80GB, 75275, 81920, 0, 115.48, 33
nid008352,2026/05/03 16:38:39.518, 3, GPU-689a6e7c-a622-65fb-9f4d-887ba745f660, NVIDIA A100-SXM4-80GB, 75275, 81920, 0, 112.33, 32
nid008353,2026/05/03 16:38:40.464, 0, GPU-3ad85384-e7dd-8c9b-13da-56f54bf334d9, NVIDIA A100-SXM4-80GB, 75029, 81920, 0, 111.66, 33
nid008353,2026/05/03 16:38:40.469, 1, GPU-3d65dc3f-116a-1dd4-937c-6e4481a765b5, NVIDIA A100-SXM4-80GB, 75019, 81920, 0, 114.45, 31
nid008353,2026/05/03 16:38:40.470, 2, GPU-338e4806-c72e-e37a-4798-dc47c2f2de03, NVIDIA A100-SXM4-80GB, 75019, 81920, 0, 114.45, 34
nid008353,2026/05/03 16:38:40.472, 3, GPU-fec40d98-ea80-e220-a49c-31ccab4741af, NVIDIA A100-SXM4-80GB, 75019, 81920, 0, 111.03, 31
