host,timestamp,gpu_index,uuid,name,memory_used_mb,memory_total_mb,gpu_util_percent,power_watts,temp_c
nid008560,2026/05/03 17:03:30.754, 0, GPU-54819be7-1194-d7c8-6144-290abb9c31bd, NVIDIA A100-SXM4-80GB, 34769, 81920, 0, 94.32, 32
nid008560,2026/05/03 17:03:30.757, 1, GPU-8050c628-f086-6a63-afa4-011f4ba35042, NVIDIA A100-SXM4-80GB, 34769, 81920, 0, 95.26, 30
nid008560,2026/05/03 17:03:30.758, 2, GPU-4602a243-1af5-6ed0-97ea-b3aadf6a0de5, NVIDIA A100-SXM4-80GB, 72163, 81920, 0, 95.71, 32
nid008560,2026/05/03 17:03:30.760, 3, GPU-9c51f41c-c484-72dc-0f00-b52442c10eed, NVIDIA A100-SXM4-80GB, 4, 81920, 0, 61.73, 28
nid008561,2026/05/03 17:03:31.694, 0, GPU-046d6a3f-5ea7-4021-4d8b-05bb51db829c, NVIDIA A100-SXM4-80GB, 73685, 81920, 0, 93.10, 32
nid008561,2026/05/03 17:03:31.697, 1, GPU-d2377047-2a9b-0334-b802-a81ee53fa3e8, NVIDIA A100-SXM4-80GB, 73685, 81920, 0, 95.90, 30
nid008561,2026/05/03 17:03:31.699, 2, GPU-cc2df889-0529-caa2-4f60-b8f58554f0d5, NVIDIA A100-SXM4-80GB, 73685, 81920, 0, 91.14, 31
nid008561,2026/05/03 17:03:31.701, 3, GPU-c25d3ace-c6ec-45a5-d035-12b4951aa97c, NVIDIA A100-SXM4-80GB, 73685, 81920, 0, 94.32, 30
nid008560,2026/05/03 17:03:34.678, 0, GPU-54819be7-1194-d7c8-6144-290abb9c31bd, NVIDIA A100-SXM4-80GB, 34769, 81920, 0, 94.32, 32
nid008560,2026/05/03 17:03:34.680, 1, GPU-8050c628-f086-6a63-afa4-011f4ba35042, NVIDIA A100-SXM4-80GB, 34769, 81920, 0, 95.37, 30
nid008560,2026/05/03 17:03:34.682, 2, GPU-4602a243-1af5-6ed0-97ea-b3aadf6a0de5, NVIDIA A100-SXM4-80GB, 72163, 81920, 0, 95.88, 32
nid008560,2026/05/03 17:03:34.683, 3, GPU-9c51f41c-c484-72dc-0f00-b52442c10eed, NVIDIA A100-SXM4-80GB, 4, 81920, 0, 61.73, 28
nid008561,2026/05/03 17:03:35.635, 0, GPU-046d6a3f-5ea7-4021-4d8b-05bb51db829c, NVIDIA A100-SXM4-80GB, 73685, 81920, 0, 93.21, 32
nid008561,2026/05/03 17:03:35.638, 1, GPU-d2377047-2a9b-0334-b802-a81ee53fa3e8, NVIDIA A100-SXM4-80GB, 73685, 81920, 0, 95.78, 30
nid008561,2026/05/03 17:03:35.643, 2, GPU-cc2df889-0529-caa2-4f60-b8f58554f0d5, NVIDIA A100-SXM4-80GB, 73685, 81920, 0, 91.25, 31
nid008561,2026/05/03 17:03:35.646, 3, GPU-c25d3ace-c6ec-45a5-d035-12b4951aa97c, NVIDIA A100-SXM4-80GB, 73685, 81920, 0, 94.43, 30
nid008560,2026/05/03 17:03:38.694, 0, GPU-54819be7-1194-d7c8-6144-290abb9c31bd, NVIDIA A100-SXM4-80GB, 34769, 81920, 0, 94.32, 32
nid008560,2026/05/03 17:03:38.696, 1, GPU-8050c628-f086-6a63-afa4-011f4ba35042, NVIDIA A100-SXM4-80GB, 34769, 81920, 0, 95.37, 30
nid008560,2026/05/03 17:03:38.697, 2, GPU-4602a243-1af5-6ed0-97ea-b3aadf6a0de5, NVIDIA A100-SXM4-80GB, 72163, 81920, 0, 95.99, 32
nid008560,2026/05/03 17:03:38.699, 3, GPU-9c51f41c-c484-72dc-0f00-b52442c10eed, NVIDIA A100-SXM4-80GB, 4, 81920, 0, 61.73, 28
nid008561,2026/05/03 17:03:39.676, 0, GPU-046d6a3f-5ea7-4021-4d8b-05bb51db829c, NVIDIA A100-SXM4-80GB, 73685, 81920, 0, 93.10, 32
nid008561,2026/05/03 17:03:39.678, 1, GPU-d2377047-2a9b-0334-b802-a81ee53fa3e8, NVIDIA A100-SXM4-80GB, 73685, 81920, 0, 95.65, 30
nid008561,2026/05/03 17:03:39.680, 2, GPU-cc2df889-0529-caa2-4f60-b8f58554f0d5, NVIDIA A100-SXM4-80GB, 73685, 81920, 0, 91.25, 31
nid008561,2026/05/03 17:03:39.682, 3, GPU-c25d3ace-c6ec-45a5-d035-12b4951aa97c, NVIDIA A100-SXM4-80GB, 73685, 81920, 0, 94.32, 30
nid008560,2026/05/03 17:03:42.686, 0, GPU-54819be7-1194-d7c8-6144-290abb9c31bd, NVIDIA A100-SXM4-80GB, 34769, 81920, 0, 94.21, 32
nid008560,2026/05/03 17:03:42.688, 1, GPU-8050c628-f086-6a63-afa4-011f4ba35042, NVIDIA A100-SXM4-80GB, 34769, 81920, 0, 95.26, 30
nid008560,2026/05/03 17:03:42.690, 2, GPU-4602a243-1af5-6ed0-97ea-b3aadf6a0de5, NVIDIA A100-SXM4-80GB, 72163, 81920, 0, 95.99, 32
nid008560,2026/05/03 17:03:42.691, 3, GPU-9c51f41c-c484-72dc-0f00-b52442c10eed, NVIDIA A100-SXM4-80GB, 4, 81920, 0, 61.73, 28
nid008561,2026/05/03 17:03:43.653, 0, GPU-046d6a3f-5ea7-4021-4d8b-05bb51db829c, NVIDIA A100-SXM4-80GB, 73685, 81920, 0, 93.10, 32
nid008561,2026/05/03 17:03:43.656, 1, GPU-d2377047-2a9b-0334-b802-a81ee53fa3e8, NVIDIA A100-SXM4-80GB, 73685, 81920, 0, 95.67, 30
nid008561,2026/05/03 17:03:43.658, 2, GPU-cc2df889-0529-caa2-4f60-b8f58554f0d5, NVIDIA A100-SXM4-80GB, 73685, 81920, 0, 91.14, 31
nid008561,2026/05/03 17:03:43.660, 3, GPU-c25d3ace-c6ec-45a5-d035-12b4951aa97c, NVIDIA A100-SXM4-80GB, 73685, 81920, 0, 94.32, 30
nid008560,2026/05/03 17:03:46.725, 0, GPU-54819be7-1194-d7c8-6144-290abb9c31bd, NVIDIA A100-SXM4-80GB, 34769, 81920, 0, 95.26, 32
nid008560,2026/05/03 17:03:46.727, 1, GPU-8050c628-f086-6a63-afa4-011f4ba35042, NVIDIA A100-SXM4-80GB, 34769, 81920, 0, 95.37, 30
nid008560,2026/05/03 17:03:46.729, 2, GPU-4602a243-1af5-6ed0-97ea-b3aadf6a0de5, NVIDIA A100-SXM4-80GB, 72163, 81920, 0, 95.88, 32
nid008560,2026/05/03 17:03:46.730, 3, GPU-9c51f41c-c484-72dc-0f00-b52442c10eed, NVIDIA A100-SXM4-80GB, 4, 81920, 0, 61.73, 28
nid008561,2026/05/03 17:03:47.716, 0, GPU-046d6a3f-5ea7-4021-4d8b-05bb51db829c, NVIDIA A100-SXM4-80GB, 73685, 81920, 0, 93.10, 32
nid008561,2026/05/03 17:03:47.719, 1, GPU-d2377047-2a9b-0334-b802-a81ee53fa3e8, NVIDIA A100-SXM4-80GB, 73685, 81920, 0, 95.78, 30
nid008561,2026/05/03 17:03:47.721, 2, GPU-cc2df889-0529-caa2-4f60-b8f58554f0d5, NVIDIA A100-SXM4-80GB, 73685, 81920, 0, 91.14, 31
nid008561,2026/05/03 17:03:47.722, 3, GPU-c25d3ace-c6ec-45a5-d035-12b4951aa97c, NVIDIA A100-SXM4-80GB, 73685, 81920, 0, 94.43, 30
nid008560,2026/05/03 17:03:50.794, 0, GPU-54819be7-1194-d7c8-6144-290abb9c31bd, NVIDIA A100-SXM4-80GB, 34771, 81920, 0, 94.32, 32
nid008560,2026/05/03 17:03:50.797, 1, GPU-8050c628-f086-6a63-afa4-011f4ba35042, NVIDIA A100-SXM4-80GB, 34771, 81920, 0, 95.37, 30
nid008560,2026/05/03 17:03:50.798, 2, GPU-4602a243-1af5-6ed0-97ea-b3aadf6a0de5, NVIDIA A100-SXM4-80GB, 72163, 81920, 0, 95.99, 32
nid008560,2026/05/03 17:03:50.800, 3, GPU-9c51f41c-c484-72dc-0f00-b52442c10eed, NVIDIA A100-SXM4-80GB, 4, 81920, 0, 61.73, 28
nid008561,2026/05/03 17:03:51.746, 0, GPU-046d6a3f-5ea7-4021-4d8b-05bb51db829c, NVIDIA A100-SXM4-80GB, 73685, 81920, 0, 93.21, 32
nid008561,2026/05/03 17:03:51.749, 1, GPU-d2377047-2a9b-0334-b802-a81ee53fa3e8, NVIDIA A100-SXM4-80GB, 73685, 81920, 0, 95.78, 30
nid008561,2026/05/03 17:03:51.751, 2, GPU-cc2df889-0529-caa2-4f60-b8f58554f0d5, NVIDIA A100-SXM4-80GB, 73685, 81920, 0, 91.25, 31
nid008561,2026/05/03 17:03:51.752, 3, GPU-c25d3ace-c6ec-45a5-d035-12b4951aa97c, NVIDIA A100-SXM4-80GB, 73685, 81920, 0, 94.32, 30
nid008560,2026/05/03 17:03:54.790, 0, GPU-54819be7-1194-d7c8-6144-290abb9c31bd, NVIDIA A100-SXM4-80GB, 34771, 81920, 0, 95.65, 32
nid008560,2026/05/03 17:03:54.792, 1, GPU-8050c628-f086-6a63-afa4-011f4ba35042, NVIDIA A100-SXM4-80GB, 34771, 81920, 0, 95.65, 30
nid008560,2026/05/03 17:03:54.794, 2, GPU-4602a243-1af5-6ed0-97ea-b3aadf6a0de5, NVIDIA A100-SXM4-80GB, 72163, 81920, 0, 95.99, 32
nid008560,2026/05/03 17:03:54.796, 3, GPU-9c51f41c-c484-72dc-0f00-b52442c10eed, NVIDIA A100-SXM4-80GB, 4, 81920, 0, 61.73, 28
nid008561,2026/05/03 17:03:55.766, 0, GPU-046d6a3f-5ea7-4021-4d8b-05bb51db829c, NVIDIA A100-SXM4-80GB, 73685, 81920, 0, 93.10, 32
nid008561,2026/05/03 17:03:55.772, 1, GPU-d2377047-2a9b-0334-b802-a81ee53fa3e8, NVIDIA A100-SXM4-80GB, 73685, 81920, 0, 95.78, 30
nid008561,2026/05/03 17:03:55.778, 2, GPU-cc2df889-0529-caa2-4f60-b8f58554f0d5, NVIDIA A100-SXM4-80GB, 73685, 81920, 0, 91.14, 31
nid008561,2026/05/03 17:03:55.783, 3, GPU-c25d3ace-c6ec-45a5-d035-12b4951aa97c, NVIDIA A100-SXM4-80GB, 73685, 81920, 0, 94.32, 30
nid008560,2026/05/03 17:03:58.799, 0, GPU-54819be7-1194-d7c8-6144-290abb9c31bd, NVIDIA A100-SXM4-80GB, 34771, 81920, 0, 94.74, 32
nid008560,2026/05/03 17:03:58.804, 1, GPU-8050c628-f086-6a63-afa4-011f4ba35042, NVIDIA A100-SXM4-80GB, 34771, 81920, 0, 95.54, 30
nid008560,2026/05/03 17:03:58.810, 2, GPU-4602a243-1af5-6ed0-97ea-b3aadf6a0de5, NVIDIA A100-SXM4-80GB, 72165, 81920, 0, 96.24, 32
nid008560,2026/05/03 17:03:58.815, 3, GPU-9c51f41c-c484-72dc-0f00-b52442c10eed, NVIDIA A100-SXM4-80GB, 4, 81920, 0, 61.73, 28
nid008561,2026/05/03 17:03:59.747, 0, GPU-046d6a3f-5ea7-4021-4d8b-05bb51db829c, NVIDIA A100-SXM4-80GB, 73685, 81920, 0, 93.39, 32
nid008561,2026/05/03 17:03:59.750, 1, GPU-d2377047-2a9b-0334-b802-a81ee53fa3e8, NVIDIA A100-SXM4-80GB, 73685, 81920, 0, 95.78, 30
nid008561,2026/05/03 17:03:59.751, 2, GPU-cc2df889-0529-caa2-4f60-b8f58554f0d5, NVIDIA A100-SXM4-80GB, 73685, 81920, 0, 91.14, 31
nid008561,2026/05/03 17:03:59.753, 3, GPU-c25d3ace-c6ec-45a5-d035-12b4951aa97c, NVIDIA A100-SXM4-80GB, 73685, 81920, 0, 94.32, 30
nid008560,2026/05/03 17:04:02.730, 0, GPU-54819be7-1194-d7c8-6144-290abb9c31bd, NVIDIA A100-SXM4-80GB, 34771, 81920, 0, 94.74, 32
nid008560,2026/05/03 17:04:02.733, 1, GPU-8050c628-f086-6a63-afa4-011f4ba35042, NVIDIA A100-SXM4-80GB, 34771, 81920, 0, 95.54, 30
nid008560,2026/05/03 17:04:02.734, 2, GPU-4602a243-1af5-6ed0-97ea-b3aadf6a0de5, NVIDIA A100-SXM4-80GB, 72165, 81920, 0, 96.12, 32
nid008560,2026/05/03 17:04:02.736, 3, GPU-9c51f41c-c484-72dc-0f00-b52442c10eed, NVIDIA A100-SXM4-80GB, 4, 81920, 0, 61.73, 28
nid008561,2026/05/03 17:04:03.765, 0, GPU-046d6a3f-5ea7-4021-4d8b-05bb51db829c, NVIDIA A100-SXM4-80GB, 73689, 81920, 86, 178.14, 36
nid008561,2026/05/03 17:04:03.769, 1, GPU-d2377047-2a9b-0334-b802-a81ee53fa3e8, NVIDIA A100-SXM4-80GB, 73689, 81920, 100, 186.71, 35
nid008561,2026/05/03 17:04:03.771, 2, GPU-cc2df889-0529-caa2-4f60-b8f58554f0d5, NVIDIA A100-SXM4-80GB, 73689, 81920, 74, 180.58, 35
nid008561,2026/05/03 17:04:03.773, 3, GPU-c25d3ace-c6ec-45a5-d035-12b4951aa97c, NVIDIA A100-SXM4-80GB, 73689, 81920, 100, 187.98, 35
nid008560,2026/05/03 17:04:06.798, 0, GPU-54819be7-1194-d7c8-6144-290abb9c31bd, NVIDIA A100-SXM4-80GB, 34771, 81920, 0, 94.57, 32
nid008560,2026/05/03 17:04:06.800, 1, GPU-8050c628-f086-6a63-afa4-011f4ba35042, NVIDIA A100-SXM4-80GB, 34771, 81920, 0, 95.65, 30
nid008560,2026/05/03 17:04:06.801, 2, GPU-4602a243-1af5-6ed0-97ea-b3aadf6a0de5, NVIDIA A100-SXM4-80GB, 72165, 81920, 0, 96.24, 32
nid008560,2026/05/03 17:04:06.803, 3, GPU-9c51f41c-c484-72dc-0f00-b52442c10eed, NVIDIA A100-SXM4-80GB, 4, 81920, 0, 61.65, 28
nid008561,2026/05/03 17:04:07.800, 0, GPU-046d6a3f-5ea7-4021-4d8b-05bb51db829c, NVIDIA A100-SXM4-80GB, 73689, 81920, 100, 179.54, 37
nid008561,2026/05/03 17:04:07.803, 1, GPU-d2377047-2a9b-0334-b802-a81ee53fa3e8, NVIDIA A100-SXM4-80GB, 73689, 81920, 100, 184.07, 35
nid008561,2026/05/03 17:04:07.805, 2, GPU-cc2df889-0529-caa2-4f60-b8f58554f0d5, NVIDIA A100-SXM4-80GB, 73689, 81920, 32, 175.32, 36
nid008561,2026/05/03 17:04:07.807, 3, GPU-c25d3ace-c6ec-45a5-d035-12b4951aa97c, NVIDIA A100-SXM4-80GB, 73689, 81920, 100, 187.17, 36
nid008560,2026/05/03 17:04:10.803, 0, GPU-54819be7-1194-d7c8-6144-290abb9c31bd, NVIDIA A100-SXM4-80GB, 34771, 81920, 0, 94.74, 32
nid008560,2026/05/03 17:04:10.805, 1, GPU-8050c628-f086-6a63-afa4-011f4ba35042, NVIDIA A100-SXM4-80GB, 34771, 81920, 0, 95.54, 30
nid008560,2026/05/03 17:04:10.807, 2, GPU-4602a243-1af5-6ed0-97ea-b3aadf6a0de5, NVIDIA A100-SXM4-80GB, 72165, 81920, 0, 96.12, 32
nid008560,2026/05/03 17:04:10.808, 3, GPU-9c51f41c-c484-72dc-0f00-b52442c10eed, NVIDIA A100-SXM4-80GB, 4, 81920, 0, 61.73, 28
nid008561,2026/05/03 17:04:11.767, 0, GPU-046d6a3f-5ea7-4021-4d8b-05bb51db829c, NVIDIA A100-SXM4-80GB, 73689, 81920, 100, 181.08, 38
nid008561,2026/05/03 17:04:11.775, 1, GPU-d2377047-2a9b-0334-b802-a81ee53fa3e8, NVIDIA A100-SXM4-80GB, 73689, 81920, 100, 182.80, 36
nid008561,2026/05/03 17:04:11.781, 2, GPU-cc2df889-0529-caa2-4f60-b8f58554f0d5, NVIDIA A100-SXM4-80GB, 73689, 81920, 34, 148.79, 35
nid008561,2026/05/03 17:04:11.784, 3, GPU-c25d3ace-c6ec-45a5-d035-12b4951aa97c, NVIDIA A100-SXM4-80GB, 73689, 81920, 100, 188.26, 36
nid008560,2026/05/03 17:04:14.856, 0, GPU-54819be7-1194-d7c8-6144-290abb9c31bd, NVIDIA A100-SXM4-80GB, 34771, 81920, 0, 94.74, 32
nid008560,2026/05/03 17:04:14.858, 1, GPU-8050c628-f086-6a63-afa4-011f4ba35042, NVIDIA A100-SXM4-80GB, 34771, 81920, 0, 95.54, 30
nid008560,2026/05/03 17:04:14.859, 2, GPU-4602a243-1af5-6ed0-97ea-b3aadf6a0de5, NVIDIA A100-SXM4-80GB, 72165, 81920, 0, 96.12, 32
nid008560,2026/05/03 17:04:14.861, 3, GPU-9c51f41c-c484-72dc-0f00-b52442c10eed, NVIDIA A100-SXM4-80GB, 4, 81920, 0, 61.65, 28
nid008561,2026/05/03 17:04:15.835, 0, GPU-046d6a3f-5ea7-4021-4d8b-05bb51db829c, NVIDIA A100-SXM4-80GB, 73689, 81920, 100, 180.27, 38
nid008561,2026/05/03 17:04:15.838, 1, GPU-d2377047-2a9b-0334-b802-a81ee53fa3e8, NVIDIA A100-SXM4-80GB, 73689, 81920, 100, 185.39, 36
nid008561,2026/05/03 17:04:15.840, 2, GPU-cc2df889-0529-caa2-4f60-b8f58554f0d5, NVIDIA A100-SXM4-80GB, 73689, 81920, 37, 156.82, 35
nid008561,2026/05/03 17:04:15.842, 3, GPU-c25d3ace-c6ec-45a5-d035-12b4951aa97c, NVIDIA A100-SXM4-80GB, 73689, 81920, 100, 190.64, 36
nid008560,2026/05/03 17:04:18.891, 0, GPU-54819be7-1194-d7c8-6144-290abb9c31bd, NVIDIA A100-SXM4-80GB, 34771, 81920, 0, 94.85, 32
nid008560,2026/05/03 17:04:18.894, 1, GPU-8050c628-f086-6a63-afa4-011f4ba35042, NVIDIA A100-SXM4-80GB, 34771, 81920, 0, 95.65, 30
nid008560,2026/05/03 17:04:18.895, 2, GPU-4602a243-1af5-6ed0-97ea-b3aadf6a0de5, NVIDIA A100-SXM4-80GB, 72165, 81920, 0, 96.24, 32
nid008560,2026/05/03 17:04:18.896, 3, GPU-9c51f41c-c484-72dc-0f00-b52442c10eed, NVIDIA A100-SXM4-80GB, 4, 81920, 0, 61.73, 28
nid008561,2026/05/03 17:04:19.879, 0, GPU-046d6a3f-5ea7-4021-4d8b-05bb51db829c, NVIDIA A100-SXM4-80GB, 73689, 81920, 37, 154.63, 37
nid008561,2026/05/03 17:04:19.883, 1, GPU-d2377047-2a9b-0334-b802-a81ee53fa3e8, NVIDIA A100-SXM4-80GB, 73689, 81920, 100, 187.46, 36
nid008561,2026/05/03 17:04:19.885, 2, GPU-cc2df889-0529-caa2-4f60-b8f58554f0d5, NVIDIA A100-SXM4-80GB, 73689, 81920, 100, 182.93, 37
nid008561,2026/05/03 17:04:19.887, 3, GPU-c25d3ace-c6ec-45a5-d035-12b4951aa97c, NVIDIA A100-SXM4-80GB, 73689, 81920, 100, 191.96, 36
nid008560,2026/05/03 17:04:22.875, 0, GPU-54819be7-1194-d7c8-6144-290abb9c31bd, NVIDIA A100-SXM4-80GB, 34771, 81920, 0, 94.85, 32
nid008560,2026/05/03 17:04:22.878, 1, GPU-8050c628-f086-6a63-afa4-011f4ba35042, NVIDIA A100-SXM4-80GB, 34771, 81920, 0, 95.65, 30
nid008560,2026/05/03 17:04:22.879, 2, GPU-4602a243-1af5-6ed0-97ea-b3aadf6a0de5, NVIDIA A100-SXM4-80GB, 72165, 81920, 0, 96.24, 32
nid008560,2026/05/03 17:04:22.880, 3, GPU-9c51f41c-c484-72dc-0f00-b52442c10eed, NVIDIA A100-SXM4-80GB, 4, 81920, 0, 61.73, 28
nid008561,2026/05/03 17:04:23.884, 0, GPU-046d6a3f-5ea7-4021-4d8b-05bb51db829c, NVIDIA A100-SXM4-80GB, 73689, 81920, 100, 179.23, 38
nid008561,2026/05/03 17:04:23.887, 1, GPU-d2377047-2a9b-0334-b802-a81ee53fa3e8, NVIDIA A100-SXM4-80GB, 73689, 81920, 36, 189.54, 36
nid008561,2026/05/03 17:04:23.889, 2, GPU-cc2df889-0529-caa2-4f60-b8f58554f0d5, NVIDIA A100-SXM4-80GB, 73689, 81920, 100, 181.10, 37
nid008561,2026/05/03 17:04:23.891, 3, GPU-c25d3ace-c6ec-45a5-d035-12b4951aa97c, NVIDIA A100-SXM4-80GB, 73689, 81920, 100, 189.77, 36
nid008560,2026/05/03 17:04:26.986, 0, GPU-54819be7-1194-d7c8-6144-290abb9c31bd, NVIDIA A100-SXM4-80GB, 34771, 81920, 0, 94.85, 32
nid008560,2026/05/03 17:04:26.989, 1, GPU-8050c628-f086-6a63-afa4-011f4ba35042, NVIDIA A100-SXM4-80GB, 34771, 81920, 0, 95.90, 30
nid008560,2026/05/03 17:04:26.990, 2, GPU-4602a243-1af5-6ed0-97ea-b3aadf6a0de5, NVIDIA A100-SXM4-80GB, 72165, 81920, 0, 96.11, 32
nid008560,2026/05/03 17:04:26.992, 3, GPU-9c51f41c-c484-72dc-0f00-b52442c10eed, NVIDIA A100-SXM4-80GB, 4, 81920, 0, 61.73, 28
nid008561,2026/05/03 17:04:27.982, 0, GPU-046d6a3f-5ea7-4021-4d8b-05bb51db829c, NVIDIA A100-SXM4-80GB, 73689, 81920, 100, 183.68, 38
nid008561,2026/05/03 17:04:27.985, 1, GPU-d2377047-2a9b-0334-b802-a81ee53fa3e8, NVIDIA A100-SXM4-80GB, 73689, 81920, 37, 162.28, 34
nid008561,2026/05/03 17:04:27.987, 2, GPU-cc2df889-0529-caa2-4f60-b8f58554f0d5, NVIDIA A100-SXM4-80GB, 73689, 81920, 100, 181.53, 37
nid008561,2026/05/03 17:04:27.989, 3, GPU-c25d3ace-c6ec-45a5-d035-12b4951aa97c, NVIDIA A100-SXM4-80GB, 73689, 81920, 100, 189.53, 36
nid008560,2026/05/03 17:04:31.078, 0, GPU-54819be7-1194-d7c8-6144-290abb9c31bd, NVIDIA A100-SXM4-80GB, 34771, 81920, 0, 94.68, 32
nid008560,2026/05/03 17:04:31.080, 1, GPU-8050c628-f086-6a63-afa4-011f4ba35042, NVIDIA A100-SXM4-80GB, 34771, 81920, 0, 95.65, 30
nid008560,2026/05/03 17:04:31.082, 2, GPU-4602a243-1af5-6ed0-97ea-b3aadf6a0de5, NVIDIA A100-SXM4-80GB, 72165, 81920, 0, 96.24, 32
nid008560,2026/05/03 17:04:31.083, 3, GPU-9c51f41c-c484-72dc-0f00-b52442c10eed, NVIDIA A100-SXM4-80GB, 4, 81920, 0, 61.80, 28
nid008561,2026/05/03 17:04:32.090, 0, GPU-046d6a3f-5ea7-4021-4d8b-05bb51db829c, NVIDIA A100-SXM4-80GB, 73689, 81920, 100, 182.03, 38
nid008561,2026/05/03 17:04:32.093, 1, GPU-d2377047-2a9b-0334-b802-a81ee53fa3e8, NVIDIA A100-SXM4-80GB, 73689, 81920, 100, 184.04, 36
nid008561,2026/05/03 17:04:32.099, 2, GPU-cc2df889-0529-caa2-4f60-b8f58554f0d5, NVIDIA A100-SXM4-80GB, 73689, 81920, 34, 152.26, 36
nid008561,2026/05/03 17:04:32.101, 3, GPU-c25d3ace-c6ec-45a5-d035-12b4951aa97c, NVIDIA A100-SXM4-80GB, 73689, 81920, 100, 189.01, 36
nid008560,2026/05/03 17:04:35.156, 0, GPU-54819be7-1194-d7c8-6144-290abb9c31bd, NVIDIA A100-SXM4-80GB, 34771, 81920, 0, 94.57, 32
nid008560,2026/05/03 17:04:35.169, 1, GPU-8050c628-f086-6a63-afa4-011f4ba35042, NVIDIA A100-SXM4-80GB, 34771, 81920, 0, 95.65, 30
nid008560,2026/05/03 17:04:35.180, 2, GPU-4602a243-1af5-6ed0-97ea-b3aadf6a0de5, NVIDIA A100-SXM4-80GB, 72165, 81920, 0, 96.24, 32
nid008560,2026/05/03 17:04:35.186, 3, GPU-9c51f41c-c484-72dc-0f00-b52442c10eed, NVIDIA A100-SXM4-80GB, 4, 81920, 0, 61.73, 28
nid008561,2026/05/03 17:04:36.149, 0, GPU-046d6a3f-5ea7-4021-4d8b-05bb51db829c, NVIDIA A100-SXM4-80GB, 73689, 81920, 100, 179.46, 38
nid008561,2026/05/03 17:04:36.152, 1, GPU-d2377047-2a9b-0334-b802-a81ee53fa3e8, NVIDIA A100-SXM4-80GB, 73689, 81920, 100, 183.76, 36
nid008561,2026/05/03 17:04:36.154, 2, GPU-cc2df889-0529-caa2-4f60-b8f58554f0d5, NVIDIA A100-SXM4-80GB, 73689, 81920, 34, 149.88, 36
nid008561,2026/05/03 17:04:36.158, 3, GPU-c25d3ace-c6ec-45a5-d035-12b4951aa97c, NVIDIA A100-SXM4-80GB, 73689, 81920, 100, 185.89, 36
nid008560,2026/05/03 17:04:39.185, 0, GPU-54819be7-1194-d7c8-6144-290abb9c31bd, NVIDIA A100-SXM4-80GB, 34771, 81920, 0, 94.57, 32
nid008560,2026/05/03 17:04:39.188, 1, GPU-8050c628-f086-6a63-afa4-011f4ba35042, NVIDIA A100-SXM4-80GB, 34771, 81920, 0, 95.65, 30
nid008560,2026/05/03 17:04:39.189, 2, GPU-4602a243-1af5-6ed0-97ea-b3aadf6a0de5, NVIDIA A100-SXM4-80GB, 72165, 81920, 0, 96.24, 32
nid008560,2026/05/03 17:04:39.190, 3, GPU-9c51f41c-c484-72dc-0f00-b52442c10eed, NVIDIA A100-SXM4-80GB, 4, 81920, 0, 61.80, 28
nid008561,2026/05/03 17:04:40.132, 0, GPU-046d6a3f-5ea7-4021-4d8b-05bb51db829c, NVIDIA A100-SXM4-80GB, 73689, 81920, 100, 180.56, 39
nid008561,2026/05/03 17:04:40.135, 1, GPU-d2377047-2a9b-0334-b802-a81ee53fa3e8, NVIDIA A100-SXM4-80GB, 73689, 81920, 100, 181.98, 36
nid008561,2026/05/03 17:04:40.138, 2, GPU-cc2df889-0529-caa2-4f60-b8f58554f0d5, NVIDIA A100-SXM4-80GB, 73689, 81920, 34, 154.63, 36
nid008561,2026/05/03 17:04:40.140, 3, GPU-c25d3ace-c6ec-45a5-d035-12b4951aa97c, NVIDIA A100-SXM4-80GB, 73689, 81920, 100, 183.26, 36
nid008560,2026/05/03 17:04:43.178, 0, GPU-54819be7-1194-d7c8-6144-290abb9c31bd, NVIDIA A100-SXM4-80GB, 34771, 81920, 0, 94.57, 32
nid008560,2026/05/03 17:04:43.181, 1, GPU-8050c628-f086-6a63-afa4-011f4ba35042, NVIDIA A100-SXM4-80GB, 34771, 81920, 0, 95.65, 30
nid008560,2026/05/03 17:04:43.182, 2, GPU-4602a243-1af5-6ed0-97ea-b3aadf6a0de5, NVIDIA A100-SXM4-80GB, 72165, 81920, 0, 95.99, 32
nid008560,2026/05/03 17:04:43.183, 3, GPU-9c51f41c-c484-72dc-0f00-b52442c10eed, NVIDIA A100-SXM4-80GB, 4, 81920, 0, 61.73, 28
nid008561,2026/05/03 17:04:44.183, 0, GPU-046d6a3f-5ea7-4021-4d8b-05bb51db829c, NVIDIA A100-SXM4-80GB, 73689, 81920, 100, 181.01, 39
nid008561,2026/05/03 17:04:44.187, 1, GPU-d2377047-2a9b-0334-b802-a81ee53fa3e8, NVIDIA A100-SXM4-80GB, 73689, 81920, 100, 183.76, 36
nid008561,2026/05/03 17:04:44.188, 2, GPU-cc2df889-0529-caa2-4f60-b8f58554f0d5, NVIDIA A100-SXM4-80GB, 73689, 81920, 34, 149.88, 36
nid008561,2026/05/03 17:04:44.191, 3, GPU-c25d3ace-c6ec-45a5-d035-12b4951aa97c, NVIDIA A100-SXM4-80GB, 73689, 81920, 100, 184.04, 36
nid008560,2026/05/03 17:04:47.269, 0, GPU-54819be7-1194-d7c8-6144-290abb9c31bd, NVIDIA A100-SXM4-80GB, 34771, 81920, 0, 95.65, 32
nid008560,2026/05/03 17:04:47.271, 1, GPU-8050c628-f086-6a63-afa4-011f4ba35042, NVIDIA A100-SXM4-80GB, 34771, 81920, 0, 95.65, 30
nid008560,2026/05/03 17:04:47.273, 2, GPU-4602a243-1af5-6ed0-97ea-b3aadf6a0de5, NVIDIA A100-SXM4-80GB, 72165, 81920, 0, 96.24, 32
nid008560,2026/05/03 17:04:47.274, 3, GPU-9c51f41c-c484-72dc-0f00-b52442c10eed, NVIDIA A100-SXM4-80GB, 4, 81920, 0, 61.73, 28
nid008561,2026/05/03 17:04:48.286, 0, GPU-046d6a3f-5ea7-4021-4d8b-05bb51db829c, NVIDIA A100-SXM4-80GB, 73689, 81920, 100, 184.50, 39
nid008561,2026/05/03 17:04:48.289, 1, GPU-d2377047-2a9b-0334-b802-a81ee53fa3e8, NVIDIA A100-SXM4-80GB, 73689, 81920, 35, 187.52, 36
nid008561,2026/05/03 17:04:48.291, 2, GPU-cc2df889-0529-caa2-4f60-b8f58554f0d5, NVIDIA A100-SXM4-80GB, 73689, 81920, 100, 181.08, 37
nid008561,2026/05/03 17:04:48.293, 3, GPU-c25d3ace-c6ec-45a5-d035-12b4951aa97c, NVIDIA A100-SXM4-80GB, 73689, 81920, 100, 191.40, 37
nid008560,2026/05/03 17:04:51.420, 0, GPU-54819be7-1194-d7c8-6144-290abb9c31bd, NVIDIA A100-SXM4-80GB, 34771, 81920, 0, 94.57, 32
nid008560,2026/05/03 17:04:51.422, 1, GPU-8050c628-f086-6a63-afa4-011f4ba35042, NVIDIA A100-SXM4-80GB, 34771, 81920, 0, 95.54, 30
nid008560,2026/05/03 17:04:51.423, 2, GPU-4602a243-1af5-6ed0-97ea-b3aadf6a0de5, NVIDIA A100-SXM4-80GB, 72165, 81920, 0, 115.67, 34
nid008560,2026/05/03 17:04:51.425, 3, GPU-9c51f41c-c484-72dc-0f00-b52442c10eed, NVIDIA A100-SXM4-80GB, 4, 81920, 0, 61.73, 28
nid008561,2026/05/03 17:04:52.378, 0, GPU-046d6a3f-5ea7-4021-4d8b-05bb51db829c, NVIDIA A100-SXM4-80GB, 73689, 81920, 35, 183.17, 38
nid008561,2026/05/03 17:04:52.382, 1, GPU-d2377047-2a9b-0334-b802-a81ee53fa3e8, NVIDIA A100-SXM4-80GB, 73689, 81920, 100, 186.71, 35
nid008561,2026/05/03 17:04:52.384, 2, GPU-cc2df889-0529-caa2-4f60-b8f58554f0d5, NVIDIA A100-SXM4-80GB, 73689, 81920, 100, 180.34, 37
nid008561,2026/05/03 17:04:52.386, 3, GPU-c25d3ace-c6ec-45a5-d035-12b4951aa97c, NVIDIA A100-SXM4-80GB, 73689, 81920, 100, 187.98, 36
nid008560,2026/05/03 17:04:55.379, 0, GPU-54819be7-1194-d7c8-6144-290abb9c31bd, NVIDIA A100-SXM4-80GB, 34771, 81920, 0, 95.54, 32
nid008560,2026/05/03 17:04:55.381, 1, GPU-8050c628-f086-6a63-afa4-011f4ba35042, NVIDIA A100-SXM4-80GB, 34771, 81920, 0, 95.65, 30
nid008560,2026/05/03 17:04:55.382, 2, GPU-4602a243-1af5-6ed0-97ea-b3aadf6a0de5, NVIDIA A100-SXM4-80GB, 72165, 81920, 0, 97.98, 32
nid008560,2026/05/03 17:04:55.384, 3, GPU-9c51f41c-c484-72dc-0f00-b52442c10eed, NVIDIA A100-SXM4-80GB, 4, 81920, 0, 61.73, 28
nid008561,2026/05/03 17:04:56.394, 0, GPU-046d6a3f-5ea7-4021-4d8b-05bb51db829c, NVIDIA A100-SXM4-80GB, 73689, 81920, 37, 156.72, 37
nid008561,2026/05/03 17:04:56.397, 1, GPU-d2377047-2a9b-0334-b802-a81ee53fa3e8, NVIDIA A100-SXM4-80GB, 73689, 81920, 100, 189.60, 36
nid008561,2026/05/03 17:04:56.406, 2, GPU-cc2df889-0529-caa2-4f60-b8f58554f0d5, NVIDIA A100-SXM4-80GB, 73689, 81920, 100, 178.73, 37
nid008561,2026/05/03 17:04:56.408, 3, GPU-c25d3ace-c6ec-45a5-d035-12b4951aa97c, NVIDIA A100-SXM4-80GB, 73689, 81920, 100, 190.87, 37
nid008560,2026/05/03 17:04:59.429, 0, GPU-54819be7-1194-d7c8-6144-290abb9c31bd, NVIDIA A100-SXM4-80GB, 34771, 81920, 0, 94.74, 32
nid008560,2026/05/03 17:04:59.433, 1, GPU-8050c628-f086-6a63-afa4-011f4ba35042, NVIDIA A100-SXM4-80GB, 34771, 81920, 0, 95.54, 30
nid008560,2026/05/03 17:04:59.435, 2, GPU-4602a243-1af5-6ed0-97ea-b3aadf6a0de5, NVIDIA A100-SXM4-80GB, 72165, 81920, 0, 97.86, 32
nid008560,2026/05/03 17:04:59.436, 3, GPU-9c51f41c-c484-72dc-0f00-b52442c10eed, NVIDIA A100-SXM4-80GB, 4, 81920, 0, 61.65, 28
nid008561,2026/05/03 17:05:00.406, 0, GPU-046d6a3f-5ea7-4021-4d8b-05bb51db829c, NVIDIA A100-SXM4-80GB, 73689, 81920, 37, 158.24, 37
nid008561,2026/05/03 17:05:00.416, 1, GPU-d2377047-2a9b-0334-b802-a81ee53fa3e8, NVIDIA A100-SXM4-80GB, 73689, 81920, 100, 189.32, 36
nid008561,2026/05/03 17:05:00.418, 2, GPU-cc2df889-0529-caa2-4f60-b8f58554f0d5, NVIDIA A100-SXM4-80GB, 73689, 81920, 100, 184.26, 38
nid008561,2026/05/03 17:05:00.420, 3, GPU-c25d3ace-c6ec-45a5-d035-12b4951aa97c, NVIDIA A100-SXM4-80GB, 73689, 81920, 100, 195.66, 37
nid008560,2026/05/03 17:05:03.442, 0, GPU-54819be7-1194-d7c8-6144-290abb9c31bd, NVIDIA A100-SXM4-80GB, 34771, 81920, 0, 94.74, 32
nid008560,2026/05/03 17:05:03.452, 1, GPU-8050c628-f086-6a63-afa4-011f4ba35042, NVIDIA A100-SXM4-80GB, 34771, 81920, 0, 95.90, 30
nid008560,2026/05/03 17:05:03.453, 2, GPU-4602a243-1af5-6ed0-97ea-b3aadf6a0de5, NVIDIA A100-SXM4-80GB, 72165, 81920, 0, 97.74, 32
nid008560,2026/05/03 17:05:03.455, 3, GPU-9c51f41c-c484-72dc-0f00-b52442c10eed, NVIDIA A100-SXM4-80GB, 4, 81920, 0, 61.73, 28
nid008561,2026/05/03 17:05:04.452, 0, GPU-046d6a3f-5ea7-4021-4d8b-05bb51db829c, NVIDIA A100-SXM4-80GB, 73689, 81920, 37, 156.49, 37
nid008561,2026/05/03 17:05:04.456, 1, GPU-d2377047-2a9b-0334-b802-a81ee53fa3e8, NVIDIA A100-SXM4-80GB, 73689, 81920, 100, 189.54, 36
nid008561,2026/05/03 17:05:04.458, 2, GPU-cc2df889-0529-caa2-4f60-b8f58554f0d5, NVIDIA A100-SXM4-80GB, 73689, 81920, 100, 184.04, 38
nid008561,2026/05/03 17:05:04.460, 3, GPU-c25d3ace-c6ec-45a5-d035-12b4951aa97c, NVIDIA A100-SXM4-80GB, 73689, 81920, 100, 190.87, 37
nid008560,2026/05/03 17:05:07.497, 0, GPU-54819be7-1194-d7c8-6144-290abb9c31bd, NVIDIA A100-SXM4-80GB, 34771, 81920, 0, 94.74, 32
nid008560,2026/05/03 17:05:07.499, 1, GPU-8050c628-f086-6a63-afa4-011f4ba35042, NVIDIA A100-SXM4-80GB, 34771, 81920, 0, 95.54, 30
nid008560,2026/05/03 17:05:07.501, 2, GPU-4602a243-1af5-6ed0-97ea-b3aadf6a0de5, NVIDIA A100-SXM4-80GB, 72165, 81920, 0, 97.74, 32
nid008560,2026/05/03 17:05:07.502, 3, GPU-9c51f41c-c484-72dc-0f00-b52442c10eed, NVIDIA A100-SXM4-80GB, 4, 81920, 0, 61.65, 28
nid008561,2026/05/03 17:05:08.496, 0, GPU-046d6a3f-5ea7-4021-4d8b-05bb51db829c, NVIDIA A100-SXM4-80GB, 73689, 81920, 37, 157.82, 37
nid008561,2026/05/03 17:05:08.500, 1, GPU-d2377047-2a9b-0334-b802-a81ee53fa3e8, NVIDIA A100-SXM4-80GB, 73689, 81920, 100, 187.52, 37
nid008561,2026/05/03 17:05:08.507, 2, GPU-cc2df889-0529-caa2-4f60-b8f58554f0d5, NVIDIA A100-SXM4-80GB, 73689, 81920, 100, 183.48, 38
nid008561,2026/05/03 17:05:08.509, 3, GPU-c25d3ace-c6ec-45a5-d035-12b4951aa97c, NVIDIA A100-SXM4-80GB, 73689, 81920, 100, 190.87, 37
nid008560,2026/05/03 17:05:11.595, 0, GPU-54819be7-1194-d7c8-6144-290abb9c31bd, NVIDIA A100-SXM4-80GB, 34771, 81920, 0, 94.74, 32
nid008560,2026/05/03 17:05:11.597, 1, GPU-8050c628-f086-6a63-afa4-011f4ba35042, NVIDIA A100-SXM4-80GB, 34771, 81920, 0, 95.65, 30
nid008560,2026/05/03 17:05:11.599, 2, GPU-4602a243-1af5-6ed0-97ea-b3aadf6a0de5, NVIDIA A100-SXM4-80GB, 72165, 81920, 0, 97.74, 32
nid008560,2026/05/03 17:05:11.600, 3, GPU-9c51f41c-c484-72dc-0f00-b52442c10eed, NVIDIA A100-SXM4-80GB, 4, 81920, 0, 61.65, 28
nid008561,2026/05/03 17:05:12.604, 0, GPU-046d6a3f-5ea7-4021-4d8b-05bb51db829c, NVIDIA A100-SXM4-80GB, 73689, 81920, 100, 183.17, 39
nid008561,2026/05/03 17:05:12.607, 1, GPU-d2377047-2a9b-0334-b802-a81ee53fa3e8, NVIDIA A100-SXM4-80GB, 73689, 81920, 100, 186.43, 36
nid008561,2026/05/03 17:05:12.609, 2, GPU-cc2df889-0529-caa2-4f60-b8f58554f0d5, NVIDIA A100-SXM4-80GB, 73689, 81920, 35, 154.69, 36
nid008561,2026/05/03 17:05:12.611, 3, GPU-c25d3ace-c6ec-45a5-d035-12b4951aa97c, NVIDIA A100-SXM4-80GB, 73689, 81920, 100, 184.57, 37
nid008560,2026/05/03 17:05:15.654, 0, GPU-54819be7-1194-d7c8-6144-290abb9c31bd, NVIDIA A100-SXM4-80GB, 34771, 81920, 0, 94.57, 32
nid008560,2026/05/03 17:05:15.661, 1, GPU-8050c628-f086-6a63-afa4-011f4ba35042, NVIDIA A100-SXM4-80GB, 34771, 81920, 0, 95.65, 30
nid008560,2026/05/03 17:05:15.666, 2, GPU-4602a243-1af5-6ed0-97ea-b3aadf6a0de5, NVIDIA A100-SXM4-80GB, 72165, 81920, 0, 97.86, 32
nid008560,2026/05/03 17:05:15.673, 3, GPU-9c51f41c-c484-72dc-0f00-b52442c10eed, NVIDIA A100-SXM4-80GB, 4, 81920, 0, 61.73, 28
nid008561,2026/05/03 17:05:16.648, 0, GPU-046d6a3f-5ea7-4021-4d8b-05bb51db829c, NVIDIA A100-SXM4-80GB, 73689, 81920, 34, 156.49, 38
nid008561,2026/05/03 17:05:16.651, 1, GPU-d2377047-2a9b-0334-b802-a81ee53fa3e8, NVIDIA A100-SXM4-80GB, 73689, 81920, 100, 182.73, 36
nid008561,2026/05/03 17:05:16.653, 2, GPU-cc2df889-0529-caa2-4f60-b8f58554f0d5, NVIDIA A100-SXM4-80GB, 73689, 81920, 100, 176.04, 38
nid008561,2026/05/03 17:05:16.655, 3, GPU-c25d3ace-c6ec-45a5-d035-12b4951aa97c, NVIDIA A100-SXM4-80GB, 73689, 81920, 100, 184.80, 37
nid008560,2026/05/03 17:05:19.635, 0, GPU-54819be7-1194-d7c8-6144-290abb9c31bd, NVIDIA A100-SXM4-80GB, 34771, 81920, 0, 94.74, 32
nid008560,2026/05/03 17:05:19.642, 1, GPU-8050c628-f086-6a63-afa4-011f4ba35042, NVIDIA A100-SXM4-80GB, 34771, 81920, 0, 95.54, 30
nid008560,2026/05/03 17:05:19.648, 2, GPU-4602a243-1af5-6ed0-97ea-b3aadf6a0de5, NVIDIA A100-SXM4-80GB, 72165, 81920, 0, 97.86, 32
nid008560,2026/05/03 17:05:19.654, 3, GPU-9c51f41c-c484-72dc-0f00-b52442c10eed, NVIDIA A100-SXM4-80GB, 4, 81920, 0, 61.73, 28
nid008561,2026/05/03 17:05:20.606, 0, GPU-046d6a3f-5ea7-4021-4d8b-05bb51db829c, NVIDIA A100-SXM4-80GB, 73689, 81920, 37, 156.72, 38
nid008561,2026/05/03 17:05:20.620, 1, GPU-d2377047-2a9b-0334-b802-a81ee53fa3e8, NVIDIA A100-SXM4-80GB, 73689, 81920, 100, 191.17, 37
nid008561,2026/05/03 17:05:20.627, 2, GPU-cc2df889-0529-caa2-4f60-b8f58554f0d5, NVIDIA A100-SXM4-80GB, 73689, 81920, 100, 181.62, 38
nid008561,2026/05/03 17:05:20.634, 3, GPU-c25d3ace-c6ec-45a5-d035-12b4951aa97c, NVIDIA A100-SXM4-80GB, 73689, 81920, 100, 189.54, 37
nid008560,2026/05/03 17:05:23.692, 0, GPU-54819be7-1194-d7c8-6144-290abb9c31bd, NVIDIA A100-SXM4-80GB, 34771, 81920, 0, 94.57, 32
nid008560,2026/05/03 17:05:23.694, 1, GPU-8050c628-f086-6a63-afa4-011f4ba35042, NVIDIA A100-SXM4-80GB, 34771, 81920, 0, 95.65, 30
nid008560,2026/05/03 17:05:23.696, 2, GPU-4602a243-1af5-6ed0-97ea-b3aadf6a0de5, NVIDIA A100-SXM4-80GB, 72165, 81920, 0, 97.86, 32
nid008560,2026/05/03 17:05:23.697, 3, GPU-9c51f41c-c484-72dc-0f00-b52442c10eed, NVIDIA A100-SXM4-80GB, 4, 81920, 0, 61.73, 28
nid008561,2026/05/03 17:05:24.633, 0, GPU-046d6a3f-5ea7-4021-4d8b-05bb51db829c, NVIDIA A100-SXM4-80GB, 73689, 81920, 37, 157.30, 38
nid008561,2026/05/03 17:05:24.641, 1, GPU-d2377047-2a9b-0334-b802-a81ee53fa3e8, NVIDIA A100-SXM4-80GB, 73689, 81920, 100, 195.43, 37
nid008561,2026/05/03 17:05:24.647, 2, GPU-cc2df889-0529-caa2-4f60-b8f58554f0d5, NVIDIA A100-SXM4-80GB, 73689, 81920, 100, 182.41, 38
nid008561,2026/05/03 17:05:24.660, 3, GPU-c25d3ace-c6ec-45a5-d035-12b4951aa97c, NVIDIA A100-SXM4-80GB, 73689, 81920, 100, 186.13, 37
nid008560,2026/05/03 17:05:27.713, 0, GPU-54819be7-1194-d7c8-6144-290abb9c31bd, NVIDIA A100-SXM4-80GB, 34771, 81920, 0, 94.57, 32
nid008560,2026/05/03 17:05:27.715, 1, GPU-8050c628-f086-6a63-afa4-011f4ba35042, NVIDIA A100-SXM4-80GB, 34771, 81920, 0, 95.65, 30
nid008560,2026/05/03 17:05:27.717, 2, GPU-4602a243-1af5-6ed0-97ea-b3aadf6a0de5, NVIDIA A100-SXM4-80GB, 72165, 81920, 0, 97.86, 32
nid008560,2026/05/03 17:05:27.718, 3, GPU-9c51f41c-c484-72dc-0f00-b52442c10eed, NVIDIA A100-SXM4-80GB, 4, 81920, 0, 61.73, 28
nid008561,2026/05/03 17:05:28.711, 0, GPU-046d6a3f-5ea7-4021-4d8b-05bb51db829c, NVIDIA A100-SXM4-80GB, 73689, 81920, 100, 183.38, 39
nid008561,2026/05/03 17:05:28.714, 1, GPU-d2377047-2a9b-0334-b802-a81ee53fa3e8, NVIDIA A100-SXM4-80GB, 73689, 81920, 100, 186.95, 37
nid008561,2026/05/03 17:05:28.716, 2, GPU-cc2df889-0529-caa2-4f60-b8f58554f0d5, NVIDIA A100-SXM4-80GB, 73689, 81920, 37, 157.30, 36
nid008561,2026/05/03 17:05:28.718, 3, GPU-c25d3ace-c6ec-45a5-d035-12b4951aa97c, NVIDIA A100-SXM4-80GB, 73689, 81920, 100, 186.13, 37
nid008560,2026/05/03 17:05:31.711, 0, GPU-54819be7-1194-d7c8-6144-290abb9c31bd, NVIDIA A100-SXM4-80GB, 34771, 81920, 0, 94.74, 32
nid008560,2026/05/03 17:05:31.713, 1, GPU-8050c628-f086-6a63-afa4-011f4ba35042, NVIDIA A100-SXM4-80GB, 34771, 81920, 0, 95.65, 30
nid008560,2026/05/03 17:05:31.715, 2, GPU-4602a243-1af5-6ed0-97ea-b3aadf6a0de5, NVIDIA A100-SXM4-80GB, 72165, 81920, 0, 97.86, 32
nid008560,2026/05/03 17:05:31.716, 3, GPU-9c51f41c-c484-72dc-0f00-b52442c10eed, NVIDIA A100-SXM4-80GB, 4, 81920, 0, 61.73, 28
nid008561,2026/05/03 17:05:32.704, 0, GPU-046d6a3f-5ea7-4021-4d8b-05bb51db829c, NVIDIA A100-SXM4-80GB, 73689, 81920, 37, 159.38, 38
nid008561,2026/05/03 17:05:32.707, 1, GPU-d2377047-2a9b-0334-b802-a81ee53fa3e8, NVIDIA A100-SXM4-80GB, 73689, 81920, 100, 190.93, 37
nid008561,2026/05/03 17:05:32.714, 2, GPU-cc2df889-0529-caa2-4f60-b8f58554f0d5, NVIDIA A100-SXM4-80GB, 73689, 81920, 100, 181.62, 38
nid008561,2026/05/03 17:05:32.716, 3, GPU-c25d3ace-c6ec-45a5-d035-12b4951aa97c, NVIDIA A100-SXM4-80GB, 73689, 81920, 100, 189.83, 37
nid008560,2026/05/03 17:05:35.709, 0, GPU-54819be7-1194-d7c8-6144-290abb9c31bd, NVIDIA A100-SXM4-80GB, 34771, 81920, 0, 94.74, 32
nid008560,2026/05/03 17:05:35.711, 1, GPU-8050c628-f086-6a63-afa4-011f4ba35042, NVIDIA A100-SXM4-80GB, 34771, 81920, 0, 95.54, 30
nid008560,2026/05/03 17:05:35.712, 2, GPU-4602a243-1af5-6ed0-97ea-b3aadf6a0de5, NVIDIA A100-SXM4-80GB, 72165, 81920, 0, 97.86, 32
nid008560,2026/05/03 17:05:35.714, 3, GPU-9c51f41c-c484-72dc-0f00-b52442c10eed, NVIDIA A100-SXM4-80GB, 4, 81920, 0, 61.73, 28
nid008561,2026/05/03 17:05:36.675, 0, GPU-046d6a3f-5ea7-4021-4d8b-05bb51db829c, NVIDIA A100-SXM4-80GB, 73689, 81920, 91, 155.68, 38
nid008561,2026/05/03 17:05:36.679, 1, GPU-d2377047-2a9b-0334-b802-a81ee53fa3e8, NVIDIA A100-SXM4-80GB, 73689, 81920, 100, 179.04, 37
nid008561,2026/05/03 17:05:36.681, 2, GPU-cc2df889-0529-caa2-4f60-b8f58554f0d5, NVIDIA A100-SXM4-80GB, 73689, 81920, 87, 181.91, 38
nid008561,2026/05/03 17:05:36.683, 3, GPU-c25d3ace-c6ec-45a5-d035-12b4951aa97c, NVIDIA A100-SXM4-80GB, 73689, 81920, 100, 187.17, 37
nid008560,2026/05/03 17:05:39.712, 0, GPU-54819be7-1194-d7c8-6144-290abb9c31bd, NVIDIA A100-SXM4-80GB, 34771, 81920, 0, 94.85, 32
nid008560,2026/05/03 17:05:39.714, 1, GPU-8050c628-f086-6a63-afa4-011f4ba35042, NVIDIA A100-SXM4-80GB, 34771, 81920, 0, 95.65, 30
nid008560,2026/05/03 17:05:39.716, 2, GPU-4602a243-1af5-6ed0-97ea-b3aadf6a0de5, NVIDIA A100-SXM4-80GB, 72165, 81920, 0, 97.86, 32
nid008560,2026/05/03 17:05:39.717, 3, GPU-9c51f41c-c484-72dc-0f00-b52442c10eed, NVIDIA A100-SXM4-80GB, 4, 81920, 0, 61.73, 28
nid008561,2026/05/03 17:05:40.661, 0, GPU-046d6a3f-5ea7-4021-4d8b-05bb51db829c, NVIDIA A100-SXM4-80GB, 73689, 81920, 0, 111.79, 36
nid008561,2026/05/03 17:05:40.664, 1, GPU-d2377047-2a9b-0334-b802-a81ee53fa3e8, NVIDIA A100-SXM4-80GB, 73689, 81920, 0, 115.51, 33
nid008561,2026/05/03 17:05:40.666, 2, GPU-cc2df889-0529-caa2-4f60-b8f58554f0d5, NVIDIA A100-SXM4-80GB, 73689, 81920, 0, 91.14, 34
nid008561,2026/05/03 17:05:40.668, 3, GPU-c25d3ace-c6ec-45a5-d035-12b4951aa97c, NVIDIA A100-SXM4-80GB, 73689, 81920, 0, 114.61, 34
nid008560,2026/05/03 17:05:43.692, 0, GPU-54819be7-1194-d7c8-6144-290abb9c31bd, NVIDIA A100-SXM4-80GB, 34771, 81920, 0, 94.74, 32
nid008560,2026/05/03 17:05:43.703, 1, GPU-8050c628-f086-6a63-afa4-011f4ba35042, NVIDIA A100-SXM4-80GB, 34771, 81920, 0, 95.54, 30
nid008560,2026/05/03 17:05:43.706, 2, GPU-4602a243-1af5-6ed0-97ea-b3aadf6a0de5, NVIDIA A100-SXM4-80GB, 72165, 81920, 0, 96.12, 32
nid008560,2026/05/03 17:05:43.707, 3, GPU-9c51f41c-c484-72dc-0f00-b52442c10eed, NVIDIA A100-SXM4-80GB, 4, 81920, 0, 61.73, 28
nid008561,2026/05/03 17:05:44.693, 0, GPU-046d6a3f-5ea7-4021-4d8b-05bb51db829c, NVIDIA A100-SXM4-80GB, 73689, 81920, 34, 154.35, 37
nid008561,2026/05/03 17:05:44.696, 1, GPU-d2377047-2a9b-0334-b802-a81ee53fa3e8, NVIDIA A100-SXM4-80GB, 73689, 81920, 100, 187.76, 36
nid008561,2026/05/03 17:05:44.698, 2, GPU-cc2df889-0529-caa2-4f60-b8f58554f0d5, NVIDIA A100-SXM4-80GB, 73689, 81920, 100, 178.21, 38
nid008561,2026/05/03 17:05:44.700, 3, GPU-c25d3ace-c6ec-45a5-d035-12b4951aa97c, NVIDIA A100-SXM4-80GB, 73689, 81920, 100, 185.61, 37
nid008560,2026/05/03 17:05:47.707, 0, GPU-54819be7-1194-d7c8-6144-290abb9c31bd, NVIDIA A100-SXM4-80GB, 34771, 81920, 0, 94.57, 32
nid008560,2026/05/03 17:05:47.709, 1, GPU-8050c628-f086-6a63-afa4-011f4ba35042, NVIDIA A100-SXM4-80GB, 34771, 81920, 0, 95.65, 30
nid008560,2026/05/03 17:05:47.711, 2, GPU-4602a243-1af5-6ed0-97ea-b3aadf6a0de5, NVIDIA A100-SXM4-80GB, 72165, 81920, 0, 96.24, 32
nid008560,2026/05/03 17:05:47.712, 3, GPU-9c51f41c-c484-72dc-0f00-b52442c10eed, NVIDIA A100-SXM4-80GB, 4, 81920, 0, 61.73, 28
nid008561,2026/05/03 17:05:48.716, 0, GPU-046d6a3f-5ea7-4021-4d8b-05bb51db829c, NVIDIA A100-SXM4-80GB, 73689, 81920, 100, 182.13, 39
nid008561,2026/05/03 17:05:48.719, 1, GPU-d2377047-2a9b-0334-b802-a81ee53fa3e8, NVIDIA A100-SXM4-80GB, 73689, 81920, 100, 187.76, 36
nid008561,2026/05/03 17:05:48.721, 2, GPU-cc2df889-0529-caa2-4f60-b8f58554f0d5, NVIDIA A100-SXM4-80GB, 73689, 81920, 35, 154.88, 37
nid008561,2026/05/03 17:05:48.724, 3, GPU-c25d3ace-c6ec-45a5-d035-12b4951aa97c, NVIDIA A100-SXM4-80GB, 73689, 81920, 100, 182.95, 37
nid008560,2026/05/03 17:05:51.772, 0, GPU-54819be7-1194-d7c8-6144-290abb9c31bd, NVIDIA A100-SXM4-80GB, 34771, 81920, 0, 94.57, 32
nid008560,2026/05/03 17:05:51.774, 1, GPU-8050c628-f086-6a63-afa4-011f4ba35042, NVIDIA A100-SXM4-80GB, 34771, 81920, 0, 95.54, 30
nid008560,2026/05/03 17:05:51.775, 2, GPU-4602a243-1af5-6ed0-97ea-b3aadf6a0de5, NVIDIA A100-SXM4-80GB, 72165, 81920, 0, 96.24, 32
nid008560,2026/05/03 17:05:51.777, 3, GPU-9c51f41c-c484-72dc-0f00-b52442c10eed, NVIDIA A100-SXM4-80GB, 4, 81920, 0, 61.73, 28
nid008561,2026/05/03 17:05:52.726, 0, GPU-046d6a3f-5ea7-4021-4d8b-05bb51db829c, NVIDIA A100-SXM4-80GB, 73689, 81920, 100, 181.08, 39
nid008561,2026/05/03 17:05:52.730, 1, GPU-d2377047-2a9b-0334-b802-a81ee53fa3e8, NVIDIA A100-SXM4-80GB, 73689, 81920, 100, 189.60, 36
nid008561,2026/05/03 17:05:52.732, 2, GPU-cc2df889-0529-caa2-4f60-b8f58554f0d5, NVIDIA A100-SXM4-80GB, 73689, 81920, 35, 153.41, 36
nid008561,2026/05/03 17:05:52.734, 3, GPU-c25d3ace-c6ec-45a5-d035-12b4951aa97c, NVIDIA A100-SXM4-80GB, 73689, 81920, 100, 187.16, 37
nid008560,2026/05/03 17:05:55.730, 0, GPU-54819be7-1194-d7c8-6144-290abb9c31bd, NVIDIA A100-SXM4-80GB, 34771, 81920, 0, 94.57, 32
nid008560,2026/05/03 17:05:55.732, 1, GPU-8050c628-f086-6a63-afa4-011f4ba35042, NVIDIA A100-SXM4-80GB, 34771, 81920, 0, 95.54, 30
nid008560,2026/05/03 17:05:55.734, 2, GPU-4602a243-1af5-6ed0-97ea-b3aadf6a0de5, NVIDIA A100-SXM4-80GB, 72165, 81920, 0, 96.24, 32
nid008560,2026/05/03 17:05:55.735, 3, GPU-9c51f41c-c484-72dc-0f00-b52442c10eed, NVIDIA A100-SXM4-80GB, 4, 81920, 0, 61.73, 28
nid008561,2026/05/03 17:05:56.701, 0, GPU-046d6a3f-5ea7-4021-4d8b-05bb51db829c, NVIDIA A100-SXM4-80GB, 73689, 81920, 100, 183.17, 39
nid008561,2026/05/03 17:05:56.704, 1, GPU-d2377047-2a9b-0334-b802-a81ee53fa3e8, NVIDIA A100-SXM4-80GB, 73689, 81920, 100, 187.52, 37
nid008561,2026/05/03 17:05:56.706, 2, GPU-cc2df889-0529-caa2-4f60-b8f58554f0d5, NVIDIA A100-SXM4-80GB, 73689, 81920, 35, 153.93, 36
nid008561,2026/05/03 17:05:56.708, 3, GPU-c25d3ace-c6ec-45a5-d035-12b4951aa97c, NVIDIA A100-SXM4-80GB, 73689, 81920, 100, 185.61, 37
nid008560,2026/05/03 17:05:59.720, 0, GPU-54819be7-1194-d7c8-6144-290abb9c31bd, NVIDIA A100-SXM4-80GB, 34771, 81920, 0, 94.74, 32
nid008560,2026/05/03 17:05:59.722, 1, GPU-8050c628-f086-6a63-afa4-011f4ba35042, NVIDIA A100-SXM4-80GB, 34771, 81920, 0, 95.54, 30
nid008560,2026/05/03 17:05:59.723, 2, GPU-4602a243-1af5-6ed0-97ea-b3aadf6a0de5, NVIDIA A100-SXM4-80GB, 72165, 81920, 0, 96.24, 32
nid008560,2026/05/03 17:05:59.725, 3, GPU-9c51f41c-c484-72dc-0f00-b52442c10eed, NVIDIA A100-SXM4-80GB, 4, 81920, 0, 61.65, 28
nid008561,2026/05/03 17:06:00.698, 0, GPU-046d6a3f-5ea7-4021-4d8b-05bb51db829c, NVIDIA A100-SXM4-80GB, 73689, 81920, 100, 183.17, 39
nid008561,2026/05/03 17:06:00.706, 1, GPU-d2377047-2a9b-0334-b802-a81ee53fa3e8, NVIDIA A100-SXM4-80GB, 73689, 81920, 100, 185.97, 37
nid008561,2026/05/03 17:06:00.711, 2, GPU-cc2df889-0529-caa2-4f60-b8f58554f0d5, NVIDIA A100-SXM4-80GB, 73689, 81920, 35, 151.28, 36
nid008561,2026/05/03 17:06:00.713, 3, GPU-c25d3ace-c6ec-45a5-d035-12b4951aa97c, NVIDIA A100-SXM4-80GB, 73689, 81920, 100, 186.43, 37
nid008560,2026/05/03 17:06:03.780, 0, GPU-54819be7-1194-d7c8-6144-290abb9c31bd, NVIDIA A100-SXM4-80GB, 34771, 81920, 0, 94.57, 32
nid008560,2026/05/03 17:06:03.782, 1, GPU-8050c628-f086-6a63-afa4-011f4ba35042, NVIDIA A100-SXM4-80GB, 34771, 81920, 0, 95.65, 30
nid008560,2026/05/03 17:06:03.784, 2, GPU-4602a243-1af5-6ed0-97ea-b3aadf6a0de5, NVIDIA A100-SXM4-80GB, 72165, 81920, 0, 96.24, 32
nid008560,2026/05/03 17:06:03.785, 3, GPU-9c51f41c-c484-72dc-0f00-b52442c10eed, NVIDIA A100-SXM4-80GB, 4, 81920, 0, 61.73, 28
nid008561,2026/05/03 17:06:04.757, 0, GPU-046d6a3f-5ea7-4021-4d8b-05bb51db829c, NVIDIA A100-SXM4-80GB, 73689, 81920, 100, 181.30, 39
nid008561,2026/05/03 17:06:04.760, 1, GPU-d2377047-2a9b-0334-b802-a81ee53fa3e8, NVIDIA A100-SXM4-80GB, 73689, 81920, 100, 188.80, 37
nid008561,2026/05/03 17:06:04.762, 2, GPU-cc2df889-0529-caa2-4f60-b8f58554f0d5, NVIDIA A100-SXM4-80GB, 73689, 81920, 35, 153.93, 36
nid008561,2026/05/03 17:06:04.764, 3, GPU-c25d3ace-c6ec-45a5-d035-12b4951aa97c, NVIDIA A100-SXM4-80GB, 73689, 81920, 100, 189.31, 37
nid008560,2026/05/03 17:06:07.809, 0, GPU-54819be7-1194-d7c8-6144-290abb9c31bd, NVIDIA A100-SXM4-80GB, 34771, 81920, 0, 94.57, 32
nid008560,2026/05/03 17:06:07.811, 1, GPU-8050c628-f086-6a63-afa4-011f4ba35042, NVIDIA A100-SXM4-80GB, 34771, 81920, 0, 95.54, 30
nid008560,2026/05/03 17:06:07.813, 2, GPU-4602a243-1af5-6ed0-97ea-b3aadf6a0de5, NVIDIA A100-SXM4-80GB, 72165, 81920, 0, 96.24, 32
nid008560,2026/05/03 17:06:07.814, 3, GPU-9c51f41c-c484-72dc-0f00-b52442c10eed, NVIDIA A100-SXM4-80GB, 4, 81920, 0, 61.73, 28
nid008561,2026/05/03 17:06:08.815, 0, GPU-046d6a3f-5ea7-4021-4d8b-05bb51db829c, NVIDIA A100-SXM4-80GB, 73689, 81920, 100, 181.84, 39
nid008561,2026/05/03 17:06:08.818, 1, GPU-d2377047-2a9b-0334-b802-a81ee53fa3e8, NVIDIA A100-SXM4-80GB, 73689, 81920, 100, 187.76, 37
nid008561,2026/05/03 17:06:08.825, 2, GPU-cc2df889-0529-caa2-4f60-b8f58554f0d5, NVIDIA A100-SXM4-80GB, 73689, 81920, 35, 150.23, 36
nid008561,2026/05/03 17:06:08.827, 3, GPU-c25d3ace-c6ec-45a5-d035-12b4951aa97c, NVIDIA A100-SXM4-80GB, 73689, 81920, 100, 186.19, 37
nid008560,2026/05/03 17:06:11.814, 0, GPU-54819be7-1194-d7c8-6144-290abb9c31bd, NVIDIA A100-SXM4-80GB, 34771, 81920, 0, 94.45, 32
nid008560,2026/05/03 17:06:11.816, 1, GPU-8050c628-f086-6a63-afa4-011f4ba35042, NVIDIA A100-SXM4-80GB, 34771, 81920, 0, 95.54, 30
nid008560,2026/05/03 17:06:11.818, 2, GPU-4602a243-1af5-6ed0-97ea-b3aadf6a0de5, NVIDIA A100-SXM4-80GB, 72165, 81920, 0, 96.24, 32
nid008560,2026/05/03 17:06:11.819, 3, GPU-9c51f41c-c484-72dc-0f00-b52442c10eed, NVIDIA A100-SXM4-80GB, 4, 81920, 0, 61.73, 28
nid008561,2026/05/03 17:06:12.815, 0, GPU-046d6a3f-5ea7-4021-4d8b-05bb51db829c, NVIDIA A100-SXM4-80GB, 73689, 81920, 100, 182.93, 39
nid008561,2026/05/03 17:06:12.818, 1, GPU-d2377047-2a9b-0334-b802-a81ee53fa3e8, NVIDIA A100-SXM4-80GB, 73689, 81920, 100, 183.82, 37
nid008561,2026/05/03 17:06:12.826, 2, GPU-cc2df889-0529-caa2-4f60-b8f58554f0d5, NVIDIA A100-SXM4-80GB, 73689, 81920, 35, 154.11, 36
nid008561,2026/05/03 17:06:12.828, 3, GPU-c25d3ace-c6ec-45a5-d035-12b4951aa97c, NVIDIA A100-SXM4-80GB, 73689, 81920, 100, 183.48, 37
nid008560,2026/05/03 17:06:15.824, 0, GPU-54819be7-1194-d7c8-6144-290abb9c31bd, NVIDIA A100-SXM4-80GB, 34771, 81920, 0, 94.57, 32
nid008560,2026/05/03 17:06:15.827, 1, GPU-8050c628-f086-6a63-afa4-011f4ba35042, NVIDIA A100-SXM4-80GB, 34771, 81920, 0, 95.65, 30
nid008560,2026/05/03 17:06:15.828, 2, GPU-4602a243-1af5-6ed0-97ea-b3aadf6a0de5, NVIDIA A100-SXM4-80GB, 72165, 81920, 0, 96.24, 32
nid008560,2026/05/03 17:06:15.829, 3, GPU-9c51f41c-c484-72dc-0f00-b52442c10eed, NVIDIA A100-SXM4-80GB, 4, 81920, 0, 61.73, 28
nid008561,2026/05/03 17:06:16.828, 0, GPU-046d6a3f-5ea7-4021-4d8b-05bb51db829c, NVIDIA A100-SXM4-80GB, 73689, 81920, 34, 181.32, 39
nid008561,2026/05/03 17:06:16.837, 1, GPU-d2377047-2a9b-0334-b802-a81ee53fa3e8, NVIDIA A100-SXM4-80GB, 73689, 81920, 100, 186.95, 37
nid008561,2026/05/03 17:06:16.839, 2, GPU-cc2df889-0529-caa2-4f60-b8f58554f0d5, NVIDIA A100-SXM4-80GB, 73689, 81920, 100, 181.10, 38
nid008561,2026/05/03 17:06:16.840, 3, GPU-c25d3ace-c6ec-45a5-d035-12b4951aa97c, NVIDIA A100-SXM4-80GB, 73689, 81920, 100, 191.15, 37
nid008560,2026/05/03 17:06:19.819, 0, GPU-54819be7-1194-d7c8-6144-290abb9c31bd, NVIDIA A100-SXM4-80GB, 34771, 81920, 0, 94.85, 32
nid008560,2026/05/03 17:06:19.821, 1, GPU-8050c628-f086-6a63-afa4-011f4ba35042, NVIDIA A100-SXM4-80GB, 34771, 81920, 0, 95.90, 30
nid008560,2026/05/03 17:06:19.823, 2, GPU-4602a243-1af5-6ed0-97ea-b3aadf6a0de5, NVIDIA A100-SXM4-80GB, 72165, 81920, 0, 96.24, 32
nid008560,2026/05/03 17:06:19.824, 3, GPU-9c51f41c-c484-72dc-0f00-b52442c10eed, NVIDIA A100-SXM4-80GB, 4, 81920, 0, 61.80, 28
nid008561,2026/05/03 17:06:20.781, 0, GPU-046d6a3f-5ea7-4021-4d8b-05bb51db829c, NVIDIA A100-SXM4-80GB, 73689, 81920, 36, 159.67, 38
nid008561,2026/05/03 17:06:20.785, 1, GPU-d2377047-2a9b-0334-b802-a81ee53fa3e8, NVIDIA A100-SXM4-80GB, 73689, 81920, 100, 186.71, 37
nid008561,2026/05/03 17:06:20.787, 2, GPU-cc2df889-0529-caa2-4f60-b8f58554f0d5, NVIDIA A100-SXM4-80GB, 73689, 81920, 100, 184.79, 38
nid008561,2026/05/03 17:06:20.789, 3, GPU-c25d3ace-c6ec-45a5-d035-12b4951aa97c, NVIDIA A100-SXM4-80GB, 73689, 81920, 100, 190.64, 37
nid008560,2026/05/03 17:06:23.813, 0, GPU-54819be7-1194-d7c8-6144-290abb9c31bd, NVIDIA A100-SXM4-80GB, 34771, 81920, 0, 94.45, 32
nid008560,2026/05/03 17:06:23.815, 1, GPU-8050c628-f086-6a63-afa4-011f4ba35042, NVIDIA A100-SXM4-80GB, 34771, 81920, 0, 95.65, 30
nid008560,2026/05/03 17:06:23.817, 2, GPU-4602a243-1af5-6ed0-97ea-b3aadf6a0de5, NVIDIA A100-SXM4-80GB, 72165, 81920, 0, 96.24, 32
nid008560,2026/05/03 17:06:23.818, 3, GPU-9c51f41c-c484-72dc-0f00-b52442c10eed, NVIDIA A100-SXM4-80GB, 4, 81920, 0, 61.73, 28
nid008561,2026/05/03 17:06:24.772, 0, GPU-046d6a3f-5ea7-4021-4d8b-05bb51db829c, NVIDIA A100-SXM4-80GB, 73689, 81920, 100, 177.09, 39
nid008561,2026/05/03 17:06:24.775, 1, GPU-d2377047-2a9b-0334-b802-a81ee53fa3e8, NVIDIA A100-SXM4-80GB, 73689, 81920, 100, 189.08, 37
nid008561,2026/05/03 17:06:24.777, 2, GPU-cc2df889-0529-caa2-4f60-b8f58554f0d5, NVIDIA A100-SXM4-80GB, 73689, 81920, 100, 170.58, 38
nid008561,2026/05/03 17:06:24.779, 3, GPU-c25d3ace-c6ec-45a5-d035-12b4951aa97c, NVIDIA A100-SXM4-80GB, 73689, 81920, 33, 185.61, 37
nid008560,2026/05/03 17:06:27.801, 0, GPU-54819be7-1194-d7c8-6144-290abb9c31bd, NVIDIA A100-SXM4-80GB, 34771, 81920, 0, 94.57, 32
nid008560,2026/05/03 17:06:27.813, 1, GPU-8050c628-f086-6a63-afa4-011f4ba35042, NVIDIA A100-SXM4-80GB, 34771, 81920, 0, 95.65, 30
nid008560,2026/05/03 17:06:27.814, 2, GPU-4602a243-1af5-6ed0-97ea-b3aadf6a0de5, NVIDIA A100-SXM4-80GB, 72165, 81920, 0, 96.24, 32
nid008560,2026/05/03 17:06:27.815, 3, GPU-9c51f41c-c484-72dc-0f00-b52442c10eed, NVIDIA A100-SXM4-80GB, 4, 81920, 0, 61.73, 28
nid008561,2026/05/03 17:06:28.826, 0, GPU-046d6a3f-5ea7-4021-4d8b-05bb51db829c, NVIDIA A100-SXM4-80GB, 73689, 81920, 100, 183.91, 39
nid008561,2026/05/03 17:06:28.830, 1, GPU-d2377047-2a9b-0334-b802-a81ee53fa3e8, NVIDIA A100-SXM4-80GB, 73689, 81920, 100, 186.41, 37
nid008561,2026/05/03 17:06:28.832, 2, GPU-cc2df889-0529-caa2-4f60-b8f58554f0d5, NVIDIA A100-SXM4-80GB, 73689, 81920, 34, 180.58, 38
nid008561,2026/05/03 17:06:28.833, 3, GPU-c25d3ace-c6ec-45a5-d035-12b4951aa97c, NVIDIA A100-SXM4-80GB, 73689, 81920, 100, 180.34, 37
nid008560,2026/05/03 17:06:31.846, 0, GPU-54819be7-1194-d7c8-6144-290abb9c31bd, NVIDIA A100-SXM4-80GB, 34771, 81920, 0, 94.57, 32
nid008560,2026/05/03 17:06:31.853, 1, GPU-8050c628-f086-6a63-afa4-011f4ba35042, NVIDIA A100-SXM4-80GB, 34771, 81920, 0, 95.65, 30
nid008560,2026/05/03 17:06:31.855, 2, GPU-4602a243-1af5-6ed0-97ea-b3aadf6a0de5, NVIDIA A100-SXM4-80GB, 72165, 81920, 0, 115.39, 33
nid008560,2026/05/03 17:06:31.856, 3, GPU-9c51f41c-c484-72dc-0f00-b52442c10eed, NVIDIA A100-SXM4-80GB, 4, 81920, 0, 61.73, 28
nid008561,2026/05/03 17:06:32.862, 0, GPU-046d6a3f-5ea7-4021-4d8b-05bb51db829c, NVIDIA A100-SXM4-80GB, 73689, 81920, 36, 154.11, 38
nid008561,2026/05/03 17:06:32.865, 1, GPU-d2377047-2a9b-0334-b802-a81ee53fa3e8, NVIDIA A100-SXM4-80GB, 73689, 81920, 100, 179.04, 36
nid008561,2026/05/03 17:06:32.867, 2, GPU-cc2df889-0529-caa2-4f60-b8f58554f0d5, NVIDIA A100-SXM4-80GB, 73689, 81920, 100, 178.95, 37
nid008561,2026/05/03 17:06:32.869, 3, GPU-c25d3ace-c6ec-45a5-d035-12b4951aa97c, NVIDIA A100-SXM4-80GB, 73689, 81920, 100, 179.78, 37
nid008560,2026/05/03 17:06:35.887, 0, GPU-54819be7-1194-d7c8-6144-290abb9c31bd, NVIDIA A100-SXM4-80GB, 34771, 81920, 0, 94.85, 32
nid008560,2026/05/03 17:06:35.889, 1, GPU-8050c628-f086-6a63-afa4-011f4ba35042, NVIDIA A100-SXM4-80GB, 34771, 81920, 0, 95.65, 30
nid008560,2026/05/03 17:06:35.891, 2, GPU-4602a243-1af5-6ed0-97ea-b3aadf6a0de5, NVIDIA A100-SXM4-80GB, 72165, 81920, 0, 96.24, 32
nid008560,2026/05/03 17:06:35.892, 3, GPU-9c51f41c-c484-72dc-0f00-b52442c10eed, NVIDIA A100-SXM4-80GB, 4, 81920, 0, 61.73, 28
nid008561,2026/05/03 17:06:36.884, 0, GPU-046d6a3f-5ea7-4021-4d8b-05bb51db829c, NVIDIA A100-SXM4-80GB, 73689, 81920, 35, 156.72, 38
nid008561,2026/05/03 17:06:36.888, 1, GPU-d2377047-2a9b-0334-b802-a81ee53fa3e8, NVIDIA A100-SXM4-80GB, 73689, 81920, 100, 186.19, 37
nid008561,2026/05/03 17:06:36.890, 2, GPU-cc2df889-0529-caa2-4f60-b8f58554f0d5, NVIDIA A100-SXM4-80GB, 73689, 81920, 100, 181.62, 38
nid008561,2026/05/03 17:06:36.892, 3, GPU-c25d3ace-c6ec-45a5-d035-12b4951aa97c, NVIDIA A100-SXM4-80GB, 73689, 81920, 100, 186.94, 37
nid008560,2026/05/03 17:06:39.907, 0, GPU-54819be7-1194-d7c8-6144-290abb9c31bd, NVIDIA A100-SXM4-80GB, 34771, 81920, 0, 94.68, 32
nid008560,2026/05/03 17:06:39.909, 1, GPU-8050c628-f086-6a63-afa4-011f4ba35042, NVIDIA A100-SXM4-80GB, 34771, 81920, 0, 95.77, 30
nid008560,2026/05/03 17:06:39.910, 2, GPU-4602a243-1af5-6ed0-97ea-b3aadf6a0de5, NVIDIA A100-SXM4-80GB, 72165, 81920, 0, 96.11, 32
nid008560,2026/05/03 17:06:39.912, 3, GPU-9c51f41c-c484-72dc-0f00-b52442c10eed, NVIDIA A100-SXM4-80GB, 4, 81920, 0, 61.80, 28
nid008561,2026/05/03 17:06:40.848, 0, GPU-046d6a3f-5ea7-4021-4d8b-05bb51db829c, NVIDIA A100-SXM4-80GB, 73689, 81920, 33, 182.86, 39
nid008561,2026/05/03 17:06:40.851, 1, GPU-d2377047-2a9b-0334-b802-a81ee53fa3e8, NVIDIA A100-SXM4-80GB, 73689, 81920, 100, 185.61, 37
nid008561,2026/05/03 17:06:40.854, 2, GPU-cc2df889-0529-caa2-4f60-b8f58554f0d5, NVIDIA A100-SXM4-80GB, 73689, 81920, 100, 180.79, 38
nid008561,2026/05/03 17:06:40.856, 3, GPU-c25d3ace-c6ec-45a5-d035-12b4951aa97c, NVIDIA A100-SXM4-80GB, 73689, 81920, 100, 189.77, 37
nid008560,2026/05/03 17:06:43.825, 0, GPU-54819be7-1194-d7c8-6144-290abb9c31bd, NVIDIA A100-SXM4-80GB, 34771, 81920, 0, 94.68, 32
nid008560,2026/05/03 17:06:43.827, 1, GPU-8050c628-f086-6a63-afa4-011f4ba35042, NVIDIA A100-SXM4-80GB, 34771, 81920, 0, 95.77, 30
nid008560,2026/05/03 17:06:43.829, 2, GPU-4602a243-1af5-6ed0-97ea-b3aadf6a0de5, NVIDIA A100-SXM4-80GB, 72165, 81920, 0, 96.22, 32
nid008560,2026/05/03 17:06:43.830, 3, GPU-9c51f41c-c484-72dc-0f00-b52442c10eed, NVIDIA A100-SXM4-80GB, 4, 81920, 0, 61.87, 28
nid008561,2026/05/03 17:06:44.806, 0, GPU-046d6a3f-5ea7-4021-4d8b-05bb51db829c, NVIDIA A100-SXM4-80GB, 73689, 81920, 35, 157.67, 38
nid008561,2026/05/03 17:06:44.813, 1, GPU-d2377047-2a9b-0334-b802-a81ee53fa3e8, NVIDIA A100-SXM4-80GB, 73689, 81920, 100, 186.11, 37
nid008561,2026/05/03 17:06:44.819, 2, GPU-cc2df889-0529-caa2-4f60-b8f58554f0d5, NVIDIA A100-SXM4-80GB, 73689, 81920, 100, 179.97, 38
nid008561,2026/05/03 17:06:44.826, 3, GPU-c25d3ace-c6ec-45a5-d035-12b4951aa97c, NVIDIA A100-SXM4-80GB, 73689, 81920, 100, 185.52, 37
nid008560,2026/05/03 17:06:47.805, 0, GPU-54819be7-1194-d7c8-6144-290abb9c31bd, NVIDIA A100-SXM4-80GB, 34771, 81920, 0, 94.68, 32
nid008560,2026/05/03 17:06:47.807, 1, GPU-8050c628-f086-6a63-afa4-011f4ba35042, NVIDIA A100-SXM4-80GB, 34771, 81920, 0, 95.77, 30
nid008560,2026/05/03 17:06:47.809, 2, GPU-4602a243-1af5-6ed0-97ea-b3aadf6a0de5, NVIDIA A100-SXM4-80GB, 72165, 81920, 0, 96.11, 32
nid008560,2026/05/03 17:06:47.810, 3, GPU-9c51f41c-c484-72dc-0f00-b52442c10eed, NVIDIA A100-SXM4-80GB, 4, 81920, 0, 61.80, 28
nid008561,2026/05/03 17:06:48.790, 0, GPU-046d6a3f-5ea7-4021-4d8b-05bb51db829c, NVIDIA A100-SXM4-80GB, 73689, 81920, 36, 158.43, 38
nid008561,2026/05/03 17:06:48.793, 1, GPU-d2377047-2a9b-0334-b802-a81ee53fa3e8, NVIDIA A100-SXM4-80GB, 73689, 81920, 100, 191.38, 37
nid008561,2026/05/03 17:06:48.795, 2, GPU-cc2df889-0529-caa2-4f60-b8f58554f0d5, NVIDIA A100-SXM4-80GB, 73689, 81920, 100, 183.91, 38
nid008561,2026/05/03 17:06:48.797, 3, GPU-c25d3ace-c6ec-45a5-d035-12b4951aa97c, NVIDIA A100-SXM4-80GB, 73689, 81920, 100, 191.09, 37
nid008560,2026/05/03 17:06:51.779, 0, GPU-54819be7-1194-d7c8-6144-290abb9c31bd, NVIDIA A100-SXM4-80GB, 34771, 81920, 0, 94.68, 32
nid008560,2026/05/03 17:06:51.782, 1, GPU-8050c628-f086-6a63-afa4-011f4ba35042, NVIDIA A100-SXM4-80GB, 34771, 81920, 0, 95.77, 30
nid008560,2026/05/03 17:06:51.783, 2, GPU-4602a243-1af5-6ed0-97ea-b3aadf6a0de5, NVIDIA A100-SXM4-80GB, 72165, 81920, 0, 96.11, 32
nid008560,2026/05/03 17:06:51.784, 3, GPU-9c51f41c-c484-72dc-0f00-b52442c10eed, NVIDIA A100-SXM4-80GB, 4, 81920, 0, 61.80, 28
nid008561,2026/05/03 17:06:52.787, 0, GPU-046d6a3f-5ea7-4021-4d8b-05bb51db829c, NVIDIA A100-SXM4-80GB, 73689, 81920, 100, 182.27, 39
nid008561,2026/05/03 17:06:52.791, 1, GPU-d2377047-2a9b-0334-b802-a81ee53fa3e8, NVIDIA A100-SXM4-80GB, 73689, 81920, 100, 180.06, 37
nid008561,2026/05/03 17:06:52.792, 2, GPU-cc2df889-0529-caa2-4f60-b8f58554f0d5, NVIDIA A100-SXM4-80GB, 73689, 81920, 100, 182.86, 38
nid008561,2026/05/03 17:06:52.796, 3, GPU-c25d3ace-c6ec-45a5-d035-12b4951aa97c, NVIDIA A100-SXM4-80GB, 73689, 81920, 33, 186.57, 37
nid008560,2026/05/03 17:06:55.791, 0, GPU-54819be7-1194-d7c8-6144-290abb9c31bd, NVIDIA A100-SXM4-80GB, 34771, 81920, 0, 94.68, 32
nid008560,2026/05/03 17:06:55.793, 1, GPU-8050c628-f086-6a63-afa4-011f4ba35042, NVIDIA A100-SXM4-80GB, 34771, 81920, 0, 95.77, 30
nid008560,2026/05/03 17:06:55.794, 2, GPU-4602a243-1af5-6ed0-97ea-b3aadf6a0de5, NVIDIA A100-SXM4-80GB, 72165, 81920, 0, 96.11, 32
nid008560,2026/05/03 17:06:55.796, 3, GPU-9c51f41c-c484-72dc-0f00-b52442c10eed, NVIDIA A100-SXM4-80GB, 4, 81920, 0, 61.80, 28
nid008561,2026/05/03 17:06:56.793, 0, GPU-046d6a3f-5ea7-4021-4d8b-05bb51db829c, NVIDIA A100-SXM4-80GB, 73689, 81920, 100, 185.52, 40
nid008561,2026/05/03 17:06:56.797, 1, GPU-d2377047-2a9b-0334-b802-a81ee53fa3e8, NVIDIA A100-SXM4-80GB, 73689, 81920, 35, 190.64, 37
nid008561,2026/05/03 17:06:56.798, 2, GPU-cc2df889-0529-caa2-4f60-b8f58554f0d5, NVIDIA A100-SXM4-80GB, 73689, 81920, 100, 182.65, 38
nid008561,2026/05/03 17:06:56.800, 3, GPU-c25d3ace-c6ec-45a5-d035-12b4951aa97c, NVIDIA A100-SXM4-80GB, 73689, 81920, 100, 190.86, 37
nid008560,2026/05/03 17:06:59.847, 0, GPU-54819be7-1194-d7c8-6144-290abb9c31bd, NVIDIA A100-SXM4-80GB, 34771, 81920, 0, 94.68, 32
nid008560,2026/05/03 17:06:59.849, 1, GPU-8050c628-f086-6a63-afa4-011f4ba35042, NVIDIA A100-SXM4-80GB, 34771, 81920, 0, 95.77, 30
nid008560,2026/05/03 17:06:59.851, 2, GPU-4602a243-1af5-6ed0-97ea-b3aadf6a0de5, NVIDIA A100-SXM4-80GB, 72165, 81920, 0, 96.11, 32
nid008560,2026/05/03 17:06:59.856, 3, GPU-9c51f41c-c484-72dc-0f00-b52442c10eed, NVIDIA A100-SXM4-80GB, 4, 81920, 0, 61.80, 28
nid008561,2026/05/03 17:07:00.819, 0, GPU-046d6a3f-5ea7-4021-4d8b-05bb51db829c, NVIDIA A100-SXM4-80GB, 73689, 81920, 100, 180.99, 40
nid008561,2026/05/03 17:07:00.822, 1, GPU-d2377047-2a9b-0334-b802-a81ee53fa3e8, NVIDIA A100-SXM4-80GB, 73689, 81920, 100, 185.61, 37
nid008561,2026/05/03 17:07:00.824, 2, GPU-cc2df889-0529-caa2-4f60-b8f58554f0d5, NVIDIA A100-SXM4-80GB, 73689, 81920, 100, 179.97, 38
nid008561,2026/05/03 17:07:00.826, 3, GPU-c25d3ace-c6ec-45a5-d035-12b4951aa97c, NVIDIA A100-SXM4-80GB, 73689, 81920, 35, 159.33, 35
nid008560,2026/05/03 17:07:03.796, 0, GPU-54819be7-1194-d7c8-6144-290abb9c31bd, NVIDIA A100-SXM4-80GB, 34771, 81920, 0, 94.79, 32
nid008560,2026/05/03 17:07:03.799, 1, GPU-8050c628-f086-6a63-afa4-011f4ba35042, NVIDIA A100-SXM4-80GB, 34771, 81920, 0, 95.60, 30
nid008560,2026/05/03 17:07:03.800, 2, GPU-4602a243-1af5-6ed0-97ea-b3aadf6a0de5, NVIDIA A100-SXM4-80GB, 72165, 81920, 0, 96.22, 32
nid008560,2026/05/03 17:07:03.801, 3, GPU-9c51f41c-c484-72dc-0f00-b52442c10eed, NVIDIA A100-SXM4-80GB, 4, 81920, 0, 61.87, 28
nid008561,2026/05/03 17:07:04.722, 0, GPU-046d6a3f-5ea7-4021-4d8b-05bb51db829c, NVIDIA A100-SXM4-80GB, 73689, 81920, 100, 179.89, 40
nid008561,2026/05/03 17:07:04.725, 1, GPU-d2377047-2a9b-0334-b802-a81ee53fa3e8, NVIDIA A100-SXM4-80GB, 73689, 81920, 100, 188.49, 37
nid008561,2026/05/03 17:07:04.727, 2, GPU-cc2df889-0529-caa2-4f60-b8f58554f0d5, NVIDIA A100-SXM4-80GB, 73689, 81920, 100, 180.20, 38
nid008561,2026/05/03 17:07:04.729, 3, GPU-c25d3ace-c6ec-45a5-d035-12b4951aa97c, NVIDIA A100-SXM4-80GB, 73689, 81920, 35, 160.38, 35
nid008560,2026/05/03 17:07:07.721, 0, GPU-54819be7-1194-d7c8-6144-290abb9c31bd, NVIDIA A100-SXM4-80GB, 34771, 81920, 0, 94.79, 32
nid008560,2026/05/03 17:07:07.724, 1, GPU-8050c628-f086-6a63-afa4-011f4ba35042, NVIDIA A100-SXM4-80GB, 34771, 81920, 0, 95.48, 30
nid008560,2026/05/03 17:07:07.725, 2, GPU-4602a243-1af5-6ed0-97ea-b3aadf6a0de5, NVIDIA A100-SXM4-80GB, 72165, 81920, 0, 96.22, 32
nid008560,2026/05/03 17:07:07.726, 3, GPU-9c51f41c-c484-72dc-0f00-b52442c10eed, NVIDIA A100-SXM4-80GB, 4, 81920, 0, 61.87, 28
nid008561,2026/05/03 17:07:08.642, 0, GPU-046d6a3f-5ea7-4021-4d8b-05bb51db829c, NVIDIA A100-SXM4-80GB, 73689, 81920, 100, 178.84, 40
nid008561,2026/05/03 17:07:08.645, 1, GPU-d2377047-2a9b-0334-b802-a81ee53fa3e8, NVIDIA A100-SXM4-80GB, 73689, 81920, 100, 186.11, 37
nid008561,2026/05/03 17:07:08.647, 2, GPU-cc2df889-0529-caa2-4f60-b8f58554f0d5, NVIDIA A100-SXM4-80GB, 73689, 81920, 100, 183.15, 38
nid008561,2026/05/03 17:07:08.649, 3, GPU-c25d3ace-c6ec-45a5-d035-12b4951aa97c, NVIDIA A100-SXM4-80GB, 73689, 81920, 35, 159.33, 35
nid008560,2026/05/03 17:07:11.648, 0, GPU-54819be7-1194-d7c8-6144-290abb9c31bd, NVIDIA A100-SXM4-80GB, 34771, 81920, 0, 94.68, 32
nid008560,2026/05/03 17:07:11.650, 1, GPU-8050c628-f086-6a63-afa4-011f4ba35042, NVIDIA A100-SXM4-80GB, 34771, 81920, 0, 95.77, 30
nid008560,2026/05/03 17:07:11.652, 2, GPU-4602a243-1af5-6ed0-97ea-b3aadf6a0de5, NVIDIA A100-SXM4-80GB, 72165, 81920, 0, 96.11, 32
nid008560,2026/05/03 17:07:11.657, 3, GPU-9c51f41c-c484-72dc-0f00-b52442c10eed, NVIDIA A100-SXM4-80GB, 4, 81920, 0, 61.80, 28
nid008561,2026/05/03 17:07:12.579, 0, GPU-046d6a3f-5ea7-4021-4d8b-05bb51db829c, NVIDIA A100-SXM4-80GB, 73689, 81920, 100, 186.27, 40
nid008561,2026/05/03 17:07:12.582, 1, GPU-d2377047-2a9b-0334-b802-a81ee53fa3e8, NVIDIA A100-SXM4-80GB, 73689, 81920, 37, 163.93, 36
nid008561,2026/05/03 17:07:12.585, 2, GPU-cc2df889-0529-caa2-4f60-b8f58554f0d5, NVIDIA A100-SXM4-80GB, 73689, 81920, 100, 184.20, 38
nid008561,2026/05/03 17:07:12.586, 3, GPU-c25d3ace-c6ec-45a5-d035-12b4951aa97c, NVIDIA A100-SXM4-80GB, 73689, 81920, 100, 190.86, 37
nid008560,2026/05/03 17:07:15.570, 0, GPU-54819be7-1194-d7c8-6144-290abb9c31bd, NVIDIA A100-SXM4-80GB, 34771, 81920, 0, 94.68, 32
nid008560,2026/05/03 17:07:15.572, 1, GPU-8050c628-f086-6a63-afa4-011f4ba35042, NVIDIA A100-SXM4-80GB, 34771, 81920, 0, 95.77, 30
nid008560,2026/05/03 17:07:15.573, 2, GPU-4602a243-1af5-6ed0-97ea-b3aadf6a0de5, NVIDIA A100-SXM4-80GB, 72165, 81920, 0, 96.11, 32
nid008560,2026/05/03 17:07:15.575, 3, GPU-9c51f41c-c484-72dc-0f00-b52442c10eed, NVIDIA A100-SXM4-80GB, 4, 81920, 0, 61.87, 28
nid008561,2026/05/03 17:07:16.499, 0, GPU-046d6a3f-5ea7-4021-4d8b-05bb51db829c, NVIDIA A100-SXM4-80GB, 73689, 81920, 37, 160.57, 38
nid008561,2026/05/03 17:07:16.503, 1, GPU-d2377047-2a9b-0334-b802-a81ee53fa3e8, NVIDIA A100-SXM4-80GB, 73689, 81920, 100, 190.58, 37
nid008561,2026/05/03 17:07:16.505, 2, GPU-cc2df889-0529-caa2-4f60-b8f58554f0d5, NVIDIA A100-SXM4-80GB, 73689, 81920, 100, 182.63, 38
nid008561,2026/05/03 17:07:16.507, 3, GPU-c25d3ace-c6ec-45a5-d035-12b4951aa97c, NVIDIA A100-SXM4-80GB, 73689, 81920, 100, 193.47, 37
nid008560,2026/05/03 17:07:19.546, 0, GPU-54819be7-1194-d7c8-6144-290abb9c31bd, NVIDIA A100-SXM4-80GB, 34771, 81920, 0, 94.68, 32
nid008560,2026/05/03 17:07:19.548, 1, GPU-8050c628-f086-6a63-afa4-011f4ba35042, NVIDIA A100-SXM4-80GB, 34771, 81920, 0, 95.77, 30
nid008560,2026/05/03 17:07:19.549, 2, GPU-4602a243-1af5-6ed0-97ea-b3aadf6a0de5, NVIDIA A100-SXM4-80GB, 72165, 81920, 0, 96.11, 32
nid008560,2026/05/03 17:07:19.551, 3, GPU-9c51f41c-c484-72dc-0f00-b52442c10eed, NVIDIA A100-SXM4-80GB, 4, 81920, 0, 61.80, 28
nid008561,2026/05/03 17:07:20.485, 0, GPU-046d6a3f-5ea7-4021-4d8b-05bb51db829c, NVIDIA A100-SXM4-80GB, 73689, 81920, 16, 95.31, 36
nid008561,2026/05/03 17:07:20.488, 1, GPU-d2377047-2a9b-0334-b802-a81ee53fa3e8, NVIDIA A100-SXM4-80GB, 73689, 81920, 35, 116.60, 35
nid008561,2026/05/03 17:07:20.490, 2, GPU-cc2df889-0529-caa2-4f60-b8f58554f0d5, NVIDIA A100-SXM4-80GB, 73689, 81920, 100, 115.92, 37
nid008561,2026/05/03 17:07:20.492, 3, GPU-c25d3ace-c6ec-45a5-d035-12b4951aa97c, NVIDIA A100-SXM4-80GB, 73689, 81920, 100, 116.83, 35
nid008560,2026/05/03 17:07:23.489, 0, GPU-54819be7-1194-d7c8-6144-290abb9c31bd, NVIDIA A100-SXM4-80GB, 34771, 81920, 0, 94.74, 32
nid008560,2026/05/03 17:07:23.492, 1, GPU-8050c628-f086-6a63-afa4-011f4ba35042, NVIDIA A100-SXM4-80GB, 34771, 81920, 0, 95.65, 30
nid008560,2026/05/03 17:07:23.493, 2, GPU-4602a243-1af5-6ed0-97ea-b3aadf6a0de5, NVIDIA A100-SXM4-80GB, 72489, 81920, 0, 96.76, 33
nid008560,2026/05/03 17:07:23.495, 3, GPU-9c51f41c-c484-72dc-0f00-b52442c10eed, NVIDIA A100-SXM4-80GB, 4, 81920, 0, 61.73, 28
nid008561,2026/05/03 17:07:24.426, 0, GPU-046d6a3f-5ea7-4021-4d8b-05bb51db829c, NVIDIA A100-SXM4-80GB, 73689, 81920, 0, 93.10, 34
nid008561,2026/05/03 17:07:24.429, 1, GPU-d2377047-2a9b-0334-b802-a81ee53fa3e8, NVIDIA A100-SXM4-80GB, 73689, 81920, 0, 96.83, 32
nid008561,2026/05/03 17:07:24.431, 2, GPU-cc2df889-0529-caa2-4f60-b8f58554f0d5, NVIDIA A100-SXM4-80GB, 73689, 81920, 0, 90.85, 33
nid008561,2026/05/03 17:07:24.432, 3, GPU-c25d3ace-c6ec-45a5-d035-12b4951aa97c, NVIDIA A100-SXM4-80GB, 73689, 81920, 0, 95.37, 32
nid008560,2026/05/03 17:07:27.408, 0, GPU-54819be7-1194-d7c8-6144-290abb9c31bd, NVIDIA A100-SXM4-80GB, 34771, 81920, 0, 94.85, 32
nid008560,2026/05/03 17:07:27.410, 1, GPU-8050c628-f086-6a63-afa4-011f4ba35042, NVIDIA A100-SXM4-80GB, 34771, 81920, 0, 95.65, 30
nid008560,2026/05/03 17:07:27.411, 2, GPU-4602a243-1af5-6ed0-97ea-b3aadf6a0de5, NVIDIA A100-SXM4-80GB, 72489, 81920, 0, 98.10, 32
nid008560,2026/05/03 17:07:27.413, 3, GPU-9c51f41c-c484-72dc-0f00-b52442c10eed, NVIDIA A100-SXM4-80GB, 4, 81920, 0, 61.73, 28
nid008561,2026/05/03 17:07:28.343, 0, GPU-046d6a3f-5ea7-4021-4d8b-05bb51db829c, NVIDIA A100-SXM4-80GB, 73689, 81920, 37, 178.95, 39
nid008561,2026/05/03 17:07:28.346, 1, GPU-d2377047-2a9b-0334-b802-a81ee53fa3e8, NVIDIA A100-SXM4-80GB, 73689, 81920, 100, 185.91, 36
nid008561,2026/05/03 17:07:28.348, 2, GPU-cc2df889-0529-caa2-4f60-b8f58554f0d5, NVIDIA A100-SXM4-80GB, 73689, 81920, 100, 176.34, 37
nid008561,2026/05/03 17:07:28.351, 3, GPU-c25d3ace-c6ec-45a5-d035-12b4951aa97c, NVIDIA A100-SXM4-80GB, 73689, 81920, 100, 187.75, 36
nid008560,2026/05/03 17:07:31.357, 0, GPU-54819be7-1194-d7c8-6144-290abb9c31bd, NVIDIA A100-SXM4-80GB, 34771, 81920, 0, 94.85, 32
nid008560,2026/05/03 17:07:31.359, 1, GPU-8050c628-f086-6a63-afa4-011f4ba35042, NVIDIA A100-SXM4-80GB, 34771, 81920, 0, 95.65, 30
nid008560,2026/05/03 17:07:31.364, 2, GPU-4602a243-1af5-6ed0-97ea-b3aadf6a0de5, NVIDIA A100-SXM4-80GB, 72489, 81920, 0, 97.86, 32
nid008560,2026/05/03 17:07:31.365, 3, GPU-9c51f41c-c484-72dc-0f00-b52442c10eed, NVIDIA A100-SXM4-80GB, 4, 81920, 0, 61.73, 28
nid008561,2026/05/03 17:07:32.335, 0, GPU-046d6a3f-5ea7-4021-4d8b-05bb51db829c, NVIDIA A100-SXM4-80GB, 73689, 81920, 39, 157.72, 38
nid008561,2026/05/03 17:07:32.338, 1, GPU-d2377047-2a9b-0334-b802-a81ee53fa3e8, NVIDIA A100-SXM4-80GB, 73689, 81920, 100, 183.26, 36
nid008561,2026/05/03 17:07:32.340, 2, GPU-cc2df889-0529-caa2-4f60-b8f58554f0d5, NVIDIA A100-SXM4-80GB, 73689, 81920, 100, 179.54, 38
nid008561,2026/05/03 17:07:32.342, 3, GPU-c25d3ace-c6ec-45a5-d035-12b4951aa97c, NVIDIA A100-SXM4-80GB, 73689, 81920, 100, 187.75, 37
nid008560,2026/05/03 17:07:35.320, 0, GPU-54819be7-1194-d7c8-6144-290abb9c31bd, NVIDIA A100-SXM4-80GB, 34771, 81920, 0, 94.45, 32
nid008560,2026/05/03 17:07:35.322, 1, GPU-8050c628-f086-6a63-afa4-011f4ba35042, NVIDIA A100-SXM4-80GB, 34771, 81920, 0, 95.54, 30
nid008560,2026/05/03 17:07:35.324, 2, GPU-4602a243-1af5-6ed0-97ea-b3aadf6a0de5, NVIDIA A100-SXM4-80GB, 72489, 81920, 0, 97.74, 32
nid008560,2026/05/03 17:07:35.325, 3, GPU-9c51f41c-c484-72dc-0f00-b52442c10eed, NVIDIA A100-SXM4-80GB, 4, 81920, 0, 61.73, 28
nid008561,2026/05/03 17:07:36.275, 0, GPU-046d6a3f-5ea7-4021-4d8b-05bb51db829c, NVIDIA A100-SXM4-80GB, 73689, 81920, 39, 150.59, 38
nid008561,2026/05/03 17:07:36.279, 1, GPU-d2377047-2a9b-0334-b802-a81ee53fa3e8, NVIDIA A100-SXM4-80GB, 73689, 81920, 100, 187.52, 36
nid008561,2026/05/03 17:07:36.281, 2, GPU-cc2df889-0529-caa2-4f60-b8f58554f0d5, NVIDIA A100-SXM4-80GB, 73689, 81920, 100, 180.79, 38
nid008561,2026/05/03 17:07:36.283, 3, GPU-c25d3ace-c6ec-45a5-d035-12b4951aa97c, NVIDIA A100-SXM4-80GB, 73689, 81920, 100, 185.89, 37
nid008560,2026/05/03 17:07:39.253, 0, GPU-54819be7-1194-d7c8-6144-290abb9c31bd, NVIDIA A100-SXM4-80GB, 34771, 81920, 0, 94.74, 32
nid008560,2026/05/03 17:07:39.255, 1, GPU-8050c628-f086-6a63-afa4-011f4ba35042, NVIDIA A100-SXM4-80GB, 34771, 81920, 0, 95.54, 30
nid008560,2026/05/03 17:07:39.257, 2, GPU-4602a243-1af5-6ed0-97ea-b3aadf6a0de5, NVIDIA A100-SXM4-80GB, 72489, 81920, 0, 97.86, 32
nid008560,2026/05/03 17:07:39.258, 3, GPU-9c51f41c-c484-72dc-0f00-b52442c10eed, NVIDIA A100-SXM4-80GB, 4, 81920, 0, 61.73, 27
nid008561,2026/05/03 17:07:40.282, 0, GPU-046d6a3f-5ea7-4021-4d8b-05bb51db829c, NVIDIA A100-SXM4-80GB, 73689, 81920, 41, 161.24, 38
nid008561,2026/05/03 17:07:40.286, 1, GPU-d2377047-2a9b-0334-b802-a81ee53fa3e8, NVIDIA A100-SXM4-80GB, 73689, 81920, 100, 188.80, 37
nid008561,2026/05/03 17:07:40.288, 2, GPU-cc2df889-0529-caa2-4f60-b8f58554f0d5, NVIDIA A100-SXM4-80GB, 73689, 81920, 100, 183.69, 38
nid008561,2026/05/03 17:07:40.290, 3, GPU-c25d3ace-c6ec-45a5-d035-12b4951aa97c, NVIDIA A100-SXM4-80GB, 73689, 81920, 100, 191.40, 37
nid008560,2026/05/03 17:07:43.309, 0, GPU-54819be7-1194-d7c8-6144-290abb9c31bd, NVIDIA A100-SXM4-80GB, 34771, 81920, 0, 94.85, 32
nid008560,2026/05/03 17:07:43.321, 1, GPU-8050c628-f086-6a63-afa4-011f4ba35042, NVIDIA A100-SXM4-80GB, 34771, 81920, 0, 95.54, 30
nid008560,2026/05/03 17:07:43.334, 2, GPU-4602a243-1af5-6ed0-97ea-b3aadf6a0de5, NVIDIA A100-SXM4-80GB, 72489, 81920, 0, 97.74, 32
nid008560,2026/05/03 17:07:43.339, 3, GPU-9c51f41c-c484-72dc-0f00-b52442c10eed, NVIDIA A100-SXM4-80GB, 4, 81920, 0, 61.73, 27
nid008561,2026/05/03 17:07:44.320, 0, GPU-046d6a3f-5ea7-4021-4d8b-05bb51db829c, NVIDIA A100-SXM4-80GB, 73689, 81920, 100, 184.57, 39
nid008561,2026/05/03 17:07:44.327, 1, GPU-d2377047-2a9b-0334-b802-a81ee53fa3e8, NVIDIA A100-SXM4-80GB, 73689, 81920, 100, 187.76, 37
nid008561,2026/05/03 17:07:44.333, 2, GPU-cc2df889-0529-caa2-4f60-b8f58554f0d5, NVIDIA A100-SXM4-80GB, 73689, 81920, 40, 180.34, 38
nid008561,2026/05/03 17:07:44.340, 3, GPU-c25d3ace-c6ec-45a5-d035-12b4951aa97c, NVIDIA A100-SXM4-80GB, 73689, 81920, 100, 191.45, 37
nid008560,2026/05/03 17:07:47.393, 0, GPU-54819be7-1194-d7c8-6144-290abb9c31bd, NVIDIA A100-SXM4-80GB, 34771, 81920, 0, 94.74, 32
nid008560,2026/05/03 17:07:47.395, 1, GPU-8050c628-f086-6a63-afa4-011f4ba35042, NVIDIA A100-SXM4-80GB, 34771, 81920, 0, 95.54, 30
nid008560,2026/05/03 17:07:47.397, 2, GPU-4602a243-1af5-6ed0-97ea-b3aadf6a0de5, NVIDIA A100-SXM4-80GB, 72489, 81920, 0, 97.74, 32
nid008560,2026/05/03 17:07:47.398, 3, GPU-9c51f41c-c484-72dc-0f00-b52442c10eed, NVIDIA A100-SXM4-80GB, 4, 81920, 0, 61.73, 27
nid008561,2026/05/03 17:07:48.385, 0, GPU-046d6a3f-5ea7-4021-4d8b-05bb51db829c, NVIDIA A100-SXM4-80GB, 73689, 81920, 100, 180.56, 39
nid008561,2026/05/03 17:07:48.389, 1, GPU-d2377047-2a9b-0334-b802-a81ee53fa3e8, NVIDIA A100-SXM4-80GB, 73689, 81920, 100, 180.36, 37
nid008561,2026/05/03 17:07:48.391, 2, GPU-cc2df889-0529-caa2-4f60-b8f58554f0d5, NVIDIA A100-SXM4-80GB, 73689, 81920, 40, 174.83, 38
nid008561,2026/05/03 17:07:48.393, 3, GPU-c25d3ace-c6ec-45a5-d035-12b4951aa97c, NVIDIA A100-SXM4-80GB, 73689, 81920, 100, 188.28, 37
nid008560,2026/05/03 17:07:51.393, 0, GPU-54819be7-1194-d7c8-6144-290abb9c31bd, NVIDIA A100-SXM4-80GB, 34771, 81920, 0, 94.85, 32
nid008560,2026/05/03 17:07:51.395, 1, GPU-8050c628-f086-6a63-afa4-011f4ba35042, NVIDIA A100-SXM4-80GB, 34771, 81920, 0, 95.54, 30
nid008560,2026/05/03 17:07:51.396, 2, GPU-4602a243-1af5-6ed0-97ea-b3aadf6a0de5, NVIDIA A100-SXM4-80GB, 72489, 81920, 0, 97.86, 32
nid008560,2026/05/03 17:07:51.398, 3, GPU-9c51f41c-c484-72dc-0f00-b52442c10eed, NVIDIA A100-SXM4-80GB, 4, 81920, 0, 61.73, 27
nid008561,2026/05/03 17:07:52.342, 0, GPU-046d6a3f-5ea7-4021-4d8b-05bb51db829c, NVIDIA A100-SXM4-80GB, 73689, 81920, 38, 157.82, 38
nid008561,2026/05/03 17:07:52.346, 1, GPU-d2377047-2a9b-0334-b802-a81ee53fa3e8, NVIDIA A100-SXM4-80GB, 73689, 81920, 100, 188.28, 36
nid008561,2026/05/03 17:07:52.348, 2, GPU-cc2df889-0529-caa2-4f60-b8f58554f0d5, NVIDIA A100-SXM4-80GB, 73689, 81920, 100, 173.91, 38
nid008561,2026/05/03 17:07:52.350, 3, GPU-c25d3ace-c6ec-45a5-d035-12b4951aa97c, NVIDIA A100-SXM4-80GB, 73689, 81920, 100, 187.97, 37
nid008560,2026/05/03 17:07:55.360, 0, GPU-54819be7-1194-d7c8-6144-290abb9c31bd, NVIDIA A100-SXM4-80GB, 34771, 81920, 0, 94.85, 32
nid008560,2026/05/03 17:07:55.362, 1, GPU-8050c628-f086-6a63-afa4-011f4ba35042, NVIDIA A100-SXM4-80GB, 34771, 81920, 0, 95.65, 30
nid008560,2026/05/03 17:07:55.365, 2, GPU-4602a243-1af5-6ed0-97ea-b3aadf6a0de5, NVIDIA A100-SXM4-80GB, 72489, 81920, 0, 97.86, 32
nid008560,2026/05/03 17:07:55.366, 3, GPU-9c51f41c-c484-72dc-0f00-b52442c10eed, NVIDIA A100-SXM4-80GB, 4, 81920, 0, 61.80, 27
nid008561,2026/05/03 17:07:56.402, 0, GPU-046d6a3f-5ea7-4021-4d8b-05bb51db829c, NVIDIA A100-SXM4-80GB, 73689, 81920, 37, 172.03, 39
nid008561,2026/05/03 17:07:56.406, 1, GPU-d2377047-2a9b-0334-b802-a81ee53fa3e8, NVIDIA A100-SXM4-80GB, 73689, 81920, 100, 187.98, 36
nid008561,2026/05/03 17:07:56.408, 2, GPU-cc2df889-0529-caa2-4f60-b8f58554f0d5, NVIDIA A100-SXM4-80GB, 73689, 81920, 100, 179.23, 38
nid008561,2026/05/03 17:07:56.414, 3, GPU-c25d3ace-c6ec-45a5-d035-12b4951aa97c, NVIDIA A100-SXM4-80GB, 73689, 81920, 100, 188.78, 37
nid008560,2026/05/03 17:07:59.494, 0, GPU-54819be7-1194-d7c8-6144-290abb9c31bd, NVIDIA A100-SXM4-80GB, 34771, 81920, 0, 94.57, 32
nid008560,2026/05/03 17:07:59.496, 1, GPU-8050c628-f086-6a63-afa4-011f4ba35042, NVIDIA A100-SXM4-80GB, 34771, 81920, 0, 95.65, 30
nid008560,2026/05/03 17:07:59.498, 2, GPU-4602a243-1af5-6ed0-97ea-b3aadf6a0de5, NVIDIA A100-SXM4-80GB, 72489, 81920, 0, 97.86, 32
nid008560,2026/05/03 17:07:59.499, 3, GPU-9c51f41c-c484-72dc-0f00-b52442c10eed, NVIDIA A100-SXM4-80GB, 4, 81920, 0, 61.73, 27
nid008561,2026/05/03 17:08:00.438, 0, GPU-046d6a3f-5ea7-4021-4d8b-05bb51db829c, NVIDIA A100-SXM4-80GB, 73689, 81920, 100, 186.11, 39
nid008561,2026/05/03 17:08:00.441, 1, GPU-d2377047-2a9b-0334-b802-a81ee53fa3e8, NVIDIA A100-SXM4-80GB, 73689, 81920, 100, 190.93, 37
nid008561,2026/05/03 17:08:00.444, 2, GPU-cc2df889-0529-caa2-4f60-b8f58554f0d5, NVIDIA A100-SXM4-80GB, 73689, 81920, 37, 183.69, 38
nid008561,2026/05/03 17:08:00.446, 3, GPU-c25d3ace-c6ec-45a5-d035-12b4951aa97c, NVIDIA A100-SXM4-80GB, 73689, 81920, 100, 191.40, 37
nid008560,2026/05/03 17:08:03.413, 0, GPU-54819be7-1194-d7c8-6144-290abb9c31bd, NVIDIA A100-SXM4-80GB, 34771, 81920, 0, 94.57, 32
nid008560,2026/05/03 17:08:03.415, 1, GPU-8050c628-f086-6a63-afa4-011f4ba35042, NVIDIA A100-SXM4-80GB, 34771, 81920, 0, 95.65, 30
nid008560,2026/05/03 17:08:03.417, 2, GPU-4602a243-1af5-6ed0-97ea-b3aadf6a0de5, NVIDIA A100-SXM4-80GB, 72489, 81920, 0, 97.86, 32
nid008560,2026/05/03 17:08:03.418, 3, GPU-9c51f41c-c484-72dc-0f00-b52442c10eed, NVIDIA A100-SXM4-80GB, 4, 81920, 0, 61.73, 27
nid008561,2026/05/03 17:08:04.396, 0, GPU-046d6a3f-5ea7-4021-4d8b-05bb51db829c, NVIDIA A100-SXM4-80GB, 73689, 81920, 100, 182.41, 39
nid008561,2026/05/03 17:08:04.399, 1, GPU-d2377047-2a9b-0334-b802-a81ee53fa3e8, NVIDIA A100-SXM4-80GB, 73689, 81920, 100, 185.67, 37
nid008561,2026/05/03 17:08:04.401, 2, GPU-cc2df889-0529-caa2-4f60-b8f58554f0d5, NVIDIA A100-SXM4-80GB, 73689, 81920, 40, 182.95, 38
nid008561,2026/05/03 17:08:04.403, 3, GPU-c25d3ace-c6ec-45a5-d035-12b4951aa97c, NVIDIA A100-SXM4-80GB, 73689, 81920, 100, 187.17, 37
nid008560,2026/05/03 17:08:07.394, 0, GPU-54819be7-1194-d7c8-6144-290abb9c31bd, NVIDIA A100-SXM4-80GB, 34771, 81920, 0, 94.57, 32
nid008560,2026/05/03 17:08:07.396, 1, GPU-8050c628-f086-6a63-afa4-011f4ba35042, NVIDIA A100-SXM4-80GB, 34771, 81920, 0, 95.37, 30
nid008560,2026/05/03 17:08:07.397, 2, GPU-4602a243-1af5-6ed0-97ea-b3aadf6a0de5, NVIDIA A100-SXM4-80GB, 72489, 81920, 0, 97.97, 32
nid008560,2026/05/03 17:08:07.399, 3, GPU-9c51f41c-c484-72dc-0f00-b52442c10eed, NVIDIA A100-SXM4-80GB, 4, 81920, 0, 61.51, 27
nid008561,2026/05/03 17:08:08.354, 0, GPU-046d6a3f-5ea7-4021-4d8b-05bb51db829c, NVIDIA A100-SXM4-80GB, 73689, 81920, 100, 181.53, 39
nid008561,2026/05/03 17:08:08.358, 1, GPU-d2377047-2a9b-0334-b802-a81ee53fa3e8, NVIDIA A100-SXM4-80GB, 73689, 81920, 100, 186.71, 36
nid008561,2026/05/03 17:08:08.361, 2, GPU-cc2df889-0529-caa2-4f60-b8f58554f0d5, NVIDIA A100-SXM4-80GB, 73689, 81920, 40, 179.46, 38
nid008561,2026/05/03 17:08:08.363, 3, GPU-c25d3ace-c6ec-45a5-d035-12b4951aa97c, NVIDIA A100-SXM4-80GB, 73689, 81920, 100, 185.61, 37
nid008560,2026/05/03 17:08:11.385, 0, GPU-54819be7-1194-d7c8-6144-290abb9c31bd, NVIDIA A100-SXM4-80GB, 34771, 81920, 0, 94.57, 32
nid008560,2026/05/03 17:08:11.387, 1, GPU-8050c628-f086-6a63-afa4-011f4ba35042, NVIDIA A100-SXM4-80GB, 34771, 81920, 0, 95.65, 30
nid008560,2026/05/03 17:08:11.388, 2, GPU-4602a243-1af5-6ed0-97ea-b3aadf6a0de5, NVIDIA A100-SXM4-80GB, 72489, 81920, 0, 97.86, 32
nid008560,2026/05/03 17:08:11.390, 3, GPU-9c51f41c-c484-72dc-0f00-b52442c10eed, NVIDIA A100-SXM4-80GB, 4, 81920, 0, 61.44, 27
nid008561,2026/05/03 17:08:12.331, 0, GPU-046d6a3f-5ea7-4021-4d8b-05bb51db829c, NVIDIA A100-SXM4-80GB, 73689, 81920, 100, 183.17, 39
nid008561,2026/05/03 17:08:12.334, 1, GPU-d2377047-2a9b-0334-b802-a81ee53fa3e8, NVIDIA A100-SXM4-80GB, 73689, 81920, 100, 189.60, 37
nid008561,2026/05/03 17:08:12.336, 2, GPU-cc2df889-0529-caa2-4f60-b8f58554f0d5, NVIDIA A100-SXM4-80GB, 73689, 81920, 39, 158.05, 37
nid008561,2026/05/03 17:08:12.338, 3, GPU-c25d3ace-c6ec-45a5-d035-12b4951aa97c, NVIDIA A100-SXM4-80GB, 73689, 81920, 100, 189.77, 37
nid008560,2026/05/03 17:08:15.450, 0, GPU-54819be7-1194-d7c8-6144-290abb9c31bd, NVIDIA A100-SXM4-80GB, 34771, 81920, 0, 94.45, 32
nid008560,2026/05/03 17:08:15.456, 1, GPU-8050c628-f086-6a63-afa4-011f4ba35042, NVIDIA A100-SXM4-80GB, 34771, 81920, 0, 95.65, 30
nid008560,2026/05/03 17:08:15.461, 2, GPU-4602a243-1af5-6ed0-97ea-b3aadf6a0de5, NVIDIA A100-SXM4-80GB, 72489, 81920, 50, 119.40, 40
nid008560,2026/05/03 17:08:15.477, 3, GPU-9c51f41c-c484-72dc-0f00-b52442c10eed, NVIDIA A100-SXM4-80GB, 4, 81920, 0, 61.73, 27
nid008561,2026/05/03 17:08:16.507, 0, GPU-046d6a3f-5ea7-4021-4d8b-05bb51db829c, NVIDIA A100-SXM4-80GB, 73689, 81920, 0, 93.39, 35
nid008561,2026/05/03 17:08:16.519, 1, GPU-d2377047-2a9b-0334-b802-a81ee53fa3e8, NVIDIA A100-SXM4-80GB, 73689, 81920, 0, 97.11, 32
nid008561,2026/05/03 17:08:16.521, 2, GPU-cc2df889-0529-caa2-4f60-b8f58554f0d5, NVIDIA A100-SXM4-80GB, 73689, 81920, 0, 90.61, 34
nid008561,2026/05/03 17:08:16.523, 3, GPU-c25d3ace-c6ec-45a5-d035-12b4951aa97c, NVIDIA A100-SXM4-80GB, 73689, 81920, 0, 95.54, 32
nid008560,2026/05/03 17:08:19.491, 0, GPU-54819be7-1194-d7c8-6144-290abb9c31bd, NVIDIA A100-SXM4-80GB, 34771, 81920, 0, 94.45, 32
nid008560,2026/05/03 17:08:19.493, 1, GPU-8050c628-f086-6a63-afa4-011f4ba35042, NVIDIA A100-SXM4-80GB, 34771, 81920, 0, 95.54, 30
nid008560,2026/05/03 17:08:19.495, 2, GPU-4602a243-1af5-6ed0-97ea-b3aadf6a0de5, NVIDIA A100-SXM4-80GB, 72489, 81920, 0, 97.98, 32
nid008560,2026/05/03 17:08:19.496, 3, GPU-9c51f41c-c484-72dc-0f00-b52442c10eed, NVIDIA A100-SXM4-80GB, 4, 81920, 0, 61.73, 27
nid008561,2026/05/03 17:08:20.447, 0, GPU-046d6a3f-5ea7-4021-4d8b-05bb51db829c, NVIDIA A100-SXM4-80GB, 73689, 81920, 100, 181.32, 38
nid008561,2026/05/03 17:08:20.451, 1, GPU-d2377047-2a9b-0334-b802-a81ee53fa3e8, NVIDIA A100-SXM4-80GB, 73689, 81920, 100, 186.43, 36
nid008561,2026/05/03 17:08:20.453, 2, GPU-cc2df889-0529-caa2-4f60-b8f58554f0d5, NVIDIA A100-SXM4-80GB, 73689, 81920, 100, 177.62, 37
nid008561,2026/05/03 17:08:20.454, 3, GPU-c25d3ace-c6ec-45a5-d035-12b4951aa97c, NVIDIA A100-SXM4-80GB, 73689, 81920, 39, 185.83, 36
nid008560,2026/05/03 17:08:23.456, 0, GPU-54819be7-1194-d7c8-6144-290abb9c31bd, NVIDIA A100-SXM4-80GB, 34771, 81920, 0, 94.57, 32
nid008560,2026/05/03 17:08:23.458, 1, GPU-8050c628-f086-6a63-afa4-011f4ba35042, NVIDIA A100-SXM4-80GB, 34771, 81920, 0, 95.65, 30
nid008560,2026/05/03 17:08:23.460, 2, GPU-4602a243-1af5-6ed0-97ea-b3aadf6a0de5, NVIDIA A100-SXM4-80GB, 72489, 81920, 0, 97.86, 32
nid008560,2026/05/03 17:08:23.461, 3, GPU-9c51f41c-c484-72dc-0f00-b52442c10eed, NVIDIA A100-SXM4-80GB, 4, 81920, 0, 61.80, 27
nid008561,2026/05/03 17:08:24.411, 0, GPU-046d6a3f-5ea7-4021-4d8b-05bb51db829c, NVIDIA A100-SXM4-80GB, 73689, 81920, 100, 177.59, 39
nid008561,2026/05/03 17:08:24.414, 1, GPU-d2377047-2a9b-0334-b802-a81ee53fa3e8, NVIDIA A100-SXM4-80GB, 73689, 81920, 37, 154.45, 34
nid008561,2026/05/03 17:08:24.416, 2, GPU-cc2df889-0529-caa2-4f60-b8f58554f0d5, NVIDIA A100-SXM4-80GB, 73689, 81920, 100, 176.57, 37
nid008561,2026/05/03 17:08:24.422, 3, GPU-c25d3ace-c6ec-45a5-d035-12b4951aa97c, NVIDIA A100-SXM4-80GB, 73689, 81920, 100, 181.39, 36
nid008560,2026/05/03 17:08:27.415, 0, GPU-54819be7-1194-d7c8-6144-290abb9c31bd, NVIDIA A100-SXM4-80GB, 34771, 81920, 0, 94.45, 32
nid008560,2026/05/03 17:08:27.417, 1, GPU-8050c628-f086-6a63-afa4-011f4ba35042, NVIDIA A100-SXM4-80GB, 34771, 81920, 0, 95.54, 30
nid008560,2026/05/03 17:08:27.419, 2, GPU-4602a243-1af5-6ed0-97ea-b3aadf6a0de5, NVIDIA A100-SXM4-80GB, 72489, 81920, 0, 97.86, 32
nid008560,2026/05/03 17:08:27.420, 3, GPU-9c51f41c-c484-72dc-0f00-b52442c10eed, NVIDIA A100-SXM4-80GB, 4, 81920, 0, 61.73, 27
nid008561,2026/05/03 17:08:28.350, 0, GPU-046d6a3f-5ea7-4021-4d8b-05bb51db829c, NVIDIA A100-SXM4-80GB, 73689, 81920, 100, 179.76, 39
nid008561,2026/05/03 17:08:28.354, 1, GPU-d2377047-2a9b-0334-b802-a81ee53fa3e8, NVIDIA A100-SXM4-80GB, 73689, 81920, 38, 160.81, 34
nid008561,2026/05/03 17:08:28.356, 2, GPU-cc2df889-0529-caa2-4f60-b8f58554f0d5, NVIDIA A100-SXM4-80GB, 73689, 81920, 100, 182.20, 38
nid008561,2026/05/03 17:08:28.358, 3, GPU-c25d3ace-c6ec-45a5-d035-12b4951aa97c, NVIDIA A100-SXM4-80GB, 73689, 81920, 100, 188.26, 37
nid008560,2026/05/03 17:08:31.391, 0, GPU-54819be7-1194-d7c8-6144-290abb9c31bd, NVIDIA A100-SXM4-80GB, 34771, 81920, 0, 94.74, 32
nid008560,2026/05/03 17:08:31.393, 1, GPU-8050c628-f086-6a63-afa4-011f4ba35042, NVIDIA A100-SXM4-80GB, 34771, 81920, 0, 95.54, 30
nid008560,2026/05/03 17:08:31.394, 2, GPU-4602a243-1af5-6ed0-97ea-b3aadf6a0de5, NVIDIA A100-SXM4-80GB, 72489, 81920, 0, 97.74, 32
nid008560,2026/05/03 17:08:31.396, 3, GPU-9c51f41c-c484-72dc-0f00-b52442c10eed, NVIDIA A100-SXM4-80GB, 4, 81920, 0, 61.73, 27
nid008561,2026/05/03 17:08:32.336, 0, GPU-046d6a3f-5ea7-4021-4d8b-05bb51db829c, NVIDIA A100-SXM4-80GB, 73689, 81920, 100, 182.95, 39
nid008561,2026/05/03 17:08:32.339, 1, GPU-d2377047-2a9b-0334-b802-a81ee53fa3e8, NVIDIA A100-SXM4-80GB, 73689, 81920, 40, 179.35, 36
nid008561,2026/05/03 17:08:32.341, 2, GPU-cc2df889-0529-caa2-4f60-b8f58554f0d5, NVIDIA A100-SXM4-80GB, 73689, 81920, 100, 180.34, 38
nid008561,2026/05/03 17:08:32.343, 3, GPU-c25d3ace-c6ec-45a5-d035-12b4951aa97c, NVIDIA A100-SXM4-80GB, 73689, 81920, 100, 192.20, 37
nid008560,2026/05/03 17:08:35.391, 0, GPU-54819be7-1194-d7c8-6144-290abb9c31bd, NVIDIA A100-SXM4-80GB, 34771, 81920, 0, 94.45, 32
nid008560,2026/05/03 17:08:35.393, 1, GPU-8050c628-f086-6a63-afa4-011f4ba35042, NVIDIA A100-SXM4-80GB, 34771, 81920, 0, 95.65, 30
nid008560,2026/05/03 17:08:35.394, 2, GPU-4602a243-1af5-6ed0-97ea-b3aadf6a0de5, NVIDIA A100-SXM4-80GB, 72489, 81920, 0, 97.86, 32
nid008560,2026/05/03 17:08:35.396, 3, GPU-9c51f41c-c484-72dc-0f00-b52442c10eed, NVIDIA A100-SXM4-80GB, 4, 81920, 0, 61.73, 27
nid008561,2026/05/03 17:08:36.399, 0, GPU-046d6a3f-5ea7-4021-4d8b-05bb51db829c, NVIDIA A100-SXM4-80GB, 73689, 81920, 100, 174.72, 39
nid008561,2026/05/03 17:08:36.402, 1, GPU-d2377047-2a9b-0334-b802-a81ee53fa3e8, NVIDIA A100-SXM4-80GB, 73689, 81920, 100, 181.17, 36
nid008561,2026/05/03 17:08:36.404, 2, GPU-cc2df889-0529-caa2-4f60-b8f58554f0d5, NVIDIA A100-SXM4-80GB, 73689, 81920, 38, 156.02, 37
nid008561,2026/05/03 17:08:36.406, 3, GPU-c25d3ace-c6ec-45a5-d035-12b4951aa97c, NVIDIA A100-SXM4-80GB, 73689, 81920, 100, 182.43, 37
nid008560,2026/05/03 17:08:39.432, 0, GPU-54819be7-1194-d7c8-6144-290abb9c31bd, NVIDIA A100-SXM4-80GB, 34771, 81920, 0, 94.57, 32
nid008560,2026/05/03 17:08:39.444, 1, GPU-8050c628-f086-6a63-afa4-011f4ba35042, NVIDIA A100-SXM4-80GB, 34771, 81920, 0, 95.54, 30
nid008560,2026/05/03 17:08:39.451, 2, GPU-4602a243-1af5-6ed0-97ea-b3aadf6a0de5, NVIDIA A100-SXM4-80GB, 72489, 81920, 0, 97.74, 32
nid008560,2026/05/03 17:08:39.452, 3, GPU-9c51f41c-c484-72dc-0f00-b52442c10eed, NVIDIA A100-SXM4-80GB, 4, 81920, 0, 61.73, 27
nid008561,2026/05/03 17:08:40.371, 0, GPU-046d6a3f-5ea7-4021-4d8b-05bb51db829c, NVIDIA A100-SXM4-80GB, 73689, 81920, 100, 180.56, 39
nid008561,2026/05/03 17:08:40.376, 1, GPU-d2377047-2a9b-0334-b802-a81ee53fa3e8, NVIDIA A100-SXM4-80GB, 73689, 81920, 37, 185.10, 36
nid008561,2026/05/03 17:08:40.381, 2, GPU-cc2df889-0529-caa2-4f60-b8f58554f0d5, NVIDIA A100-SXM4-80GB, 73689, 81920, 100, 179.78, 38
nid008561,2026/05/03 17:08:40.388, 3, GPU-c25d3ace-c6ec-45a5-d035-12b4951aa97c, NVIDIA A100-SXM4-80GB, 73689, 81920, 100, 188.26, 37
nid008560,2026/05/03 17:08:43.388, 0, GPU-54819be7-1194-d7c8-6144-290abb9c31bd, NVIDIA A100-SXM4-80GB, 34771, 81920, 0, 94.85, 32
nid008560,2026/05/03 17:08:43.391, 1, GPU-8050c628-f086-6a63-afa4-011f4ba35042, NVIDIA A100-SXM4-80GB, 34771, 81920, 0, 95.65, 30
nid008560,2026/05/03 17:08:43.392, 2, GPU-4602a243-1af5-6ed0-97ea-b3aadf6a0de5, NVIDIA A100-SXM4-80GB, 72489, 81920, 0, 97.86, 32
nid008560,2026/05/03 17:08:43.393, 3, GPU-9c51f41c-c484-72dc-0f00-b52442c10eed, NVIDIA A100-SXM4-80GB, 4, 81920, 0, 61.73, 27
nid008561,2026/05/03 17:08:44.346, 0, GPU-046d6a3f-5ea7-4021-4d8b-05bb51db829c, NVIDIA A100-SXM4-80GB, 73689, 81920, 100, 182.41, 39
nid008561,2026/05/03 17:08:44.349, 1, GPU-d2377047-2a9b-0334-b802-a81ee53fa3e8, NVIDIA A100-SXM4-80GB, 73689, 81920, 47, 179.91, 36
nid008561,2026/05/03 17:08:44.351, 2, GPU-cc2df889-0529-caa2-4f60-b8f58554f0d5, NVIDIA A100-SXM4-80GB, 73689, 81920, 97, 178.29, 38
nid008561,2026/05/03 17:08:44.353, 3, GPU-c25d3ace-c6ec-45a5-d035-12b4951aa97c, NVIDIA A100-SXM4-80GB, 73689, 81920, 100, 189.54, 37
nid008560,2026/05/03 17:08:47.367, 0, GPU-54819be7-1194-d7c8-6144-290abb9c31bd, NVIDIA A100-SXM4-80GB, 34771, 81920, 0, 94.57, 32
nid008560,2026/05/03 17:08:47.369, 1, GPU-8050c628-f086-6a63-afa4-011f4ba35042, NVIDIA A100-SXM4-80GB, 34771, 81920, 0, 95.65, 30
nid008560,2026/05/03 17:08:47.371, 2, GPU-4602a243-1af5-6ed0-97ea-b3aadf6a0de5, NVIDIA A100-SXM4-80GB, 72489, 81920, 0, 97.74, 32
nid008560,2026/05/03 17:08:47.372, 3, GPU-9c51f41c-c484-72dc-0f00-b52442c10eed, NVIDIA A100-SXM4-80GB, 4, 81920, 0, 61.65, 27
nid008561,2026/05/03 17:08:48.421, 0, GPU-046d6a3f-5ea7-4021-4d8b-05bb51db829c, NVIDIA A100-SXM4-80GB, 73689, 81920, 100, 180.77, 39
nid008561,2026/05/03 17:08:48.425, 1, GPU-d2377047-2a9b-0334-b802-a81ee53fa3e8, NVIDIA A100-SXM4-80GB, 73689, 81920, 38, 162.09, 35
nid008561,2026/05/03 17:08:48.427, 2, GPU-cc2df889-0529-caa2-4f60-b8f58554f0d5, NVIDIA A100-SXM4-80GB, 73689, 81920, 100, 180.56, 38
nid008561,2026/05/03 17:08:48.429, 3, GPU-c25d3ace-c6ec-45a5-d035-12b4951aa97c, NVIDIA A100-SXM4-80GB, 73689, 81920, 100, 175.32, 37
nid008560,2026/05/03 17:08:51.443, 0, GPU-54819be7-1194-d7c8-6144-290abb9c31bd, NVIDIA A100-SXM4-80GB, 34771, 81920, 0, 94.45, 32
nid008560,2026/05/03 17:08:51.445, 1, GPU-8050c628-f086-6a63-afa4-011f4ba35042, NVIDIA A100-SXM4-80GB, 34771, 81920, 0, 95.54, 30
nid008560,2026/05/03 17:08:51.447, 2, GPU-4602a243-1af5-6ed0-97ea-b3aadf6a0de5, NVIDIA A100-SXM4-80GB, 72489, 81920, 0, 97.98, 32
nid008560,2026/05/03 17:08:51.448, 3, GPU-9c51f41c-c484-72dc-0f00-b52442c10eed, NVIDIA A100-SXM4-80GB, 4, 81920, 0, 61.65, 27
nid008561,2026/05/03 17:08:52.404, 0, GPU-046d6a3f-5ea7-4021-4d8b-05bb51db829c, NVIDIA A100-SXM4-80GB, 73689, 81920, 100, 175.76, 39
nid008561,2026/05/03 17:08:52.411, 1, GPU-d2377047-2a9b-0334-b802-a81ee53fa3e8, NVIDIA A100-SXM4-80GB, 73689, 81920, 38, 154.79, 35
nid008561,2026/05/03 17:08:52.417, 2, GPU-cc2df889-0529-caa2-4f60-b8f58554f0d5, NVIDIA A100-SXM4-80GB, 73689, 81920, 100, 172.14, 38
nid008561,2026/05/03 17:08:52.433, 3, GPU-c25d3ace-c6ec-45a5-d035-12b4951aa97c, NVIDIA A100-SXM4-80GB, 73689, 81920, 100, 185.32, 37
nid008560,2026/05/03 17:08:55.575, 0, GPU-54819be7-1194-d7c8-6144-290abb9c31bd, NVIDIA A100-SXM4-80GB, 34771, 81920, 0, 94.85, 32
nid008560,2026/05/03 17:08:55.586, 1, GPU-8050c628-f086-6a63-afa4-011f4ba35042, NVIDIA A100-SXM4-80GB, 34771, 81920, 0, 95.65, 30
nid008560,2026/05/03 17:08:55.592, 2, GPU-4602a243-1af5-6ed0-97ea-b3aadf6a0de5, NVIDIA A100-SXM4-80GB, 72489, 81920, 0, 97.74, 32
nid008560,2026/05/03 17:08:55.597, 3, GPU-9c51f41c-c484-72dc-0f00-b52442c10eed, NVIDIA A100-SXM4-80GB, 4, 81920, 0, 61.73, 27
nid008561,2026/05/03 17:08:56.557, 0, GPU-046d6a3f-5ea7-4021-4d8b-05bb51db829c, NVIDIA A100-SXM4-80GB, 73689, 81920, 100, 180.77, 39
nid008561,2026/05/03 17:08:56.560, 1, GPU-d2377047-2a9b-0334-b802-a81ee53fa3e8, NVIDIA A100-SXM4-80GB, 73689, 81920, 38, 161.56, 34
nid008561,2026/05/03 17:08:56.562, 2, GPU-cc2df889-0529-caa2-4f60-b8f58554f0d5, NVIDIA A100-SXM4-80GB, 73689, 81920, 100, 175.01, 38
nid008561,2026/05/03 17:08:56.564, 3, GPU-c25d3ace-c6ec-45a5-d035-12b4951aa97c, NVIDIA A100-SXM4-80GB, 73689, 81920, 100, 187.98, 37
nid008560,2026/05/03 17:08:59.555, 0, GPU-54819be7-1194-d7c8-6144-290abb9c31bd, NVIDIA A100-SXM4-80GB, 34771, 81920, 0, 94.74, 32
nid008560,2026/05/03 17:08:59.560, 1, GPU-8050c628-f086-6a63-afa4-011f4ba35042, NVIDIA A100-SXM4-80GB, 34771, 81920, 0, 95.54, 30
nid008560,2026/05/03 17:08:59.561, 2, GPU-4602a243-1af5-6ed0-97ea-b3aadf6a0de5, NVIDIA A100-SXM4-80GB, 72489, 81920, 0, 97.74, 32
nid008560,2026/05/03 17:08:59.562, 3, GPU-9c51f41c-c484-72dc-0f00-b52442c10eed, NVIDIA A100-SXM4-80GB, 4, 81920, 0, 61.73, 27
nid008561,2026/05/03 17:09:00.512, 0, GPU-046d6a3f-5ea7-4021-4d8b-05bb51db829c, NVIDIA A100-SXM4-80GB, 73689, 81920, 100, 178.21, 39
nid008561,2026/05/03 17:09:00.520, 1, GPU-d2377047-2a9b-0334-b802-a81ee53fa3e8, NVIDIA A100-SXM4-80GB, 73689, 81920, 38, 153.57, 34
nid008561,2026/05/03 17:09:00.527, 2, GPU-cc2df889-0529-caa2-4f60-b8f58554f0d5, NVIDIA A100-SXM4-80GB, 73689, 81920, 100, 179.76, 38
nid008561,2026/05/03 17:09:00.533, 3, GPU-c25d3ace-c6ec-45a5-d035-12b4951aa97c, NVIDIA A100-SXM4-80GB, 73689, 81920, 100, 187.17, 37
nid008560,2026/05/03 17:09:03.542, 0, GPU-54819be7-1194-d7c8-6144-290abb9c31bd, NVIDIA A100-SXM4-80GB, 34771, 81920, 0, 94.74, 32
nid008560,2026/05/03 17:09:03.555, 1, GPU-8050c628-f086-6a63-afa4-011f4ba35042, NVIDIA A100-SXM4-80GB, 34771, 81920, 0, 95.54, 30
nid008560,2026/05/03 17:09:03.561, 2, GPU-4602a243-1af5-6ed0-97ea-b3aadf6a0de5, NVIDIA A100-SXM4-80GB, 72489, 81920, 0, 97.86, 32
nid008560,2026/05/03 17:09:03.563, 3, GPU-9c51f41c-c484-72dc-0f00-b52442c10eed, NVIDIA A100-SXM4-80GB, 4, 81920, 0, 61.73, 27
nid008561,2026/05/03 17:09:04.530, 0, GPU-046d6a3f-5ea7-4021-4d8b-05bb51db829c, NVIDIA A100-SXM4-80GB, 73689, 81920, 100, 180.79, 39
nid008561,2026/05/03 17:09:04.533, 1, GPU-d2377047-2a9b-0334-b802-a81ee53fa3e8, NVIDIA A100-SXM4-80GB, 73689, 81920, 38, 159.00, 34
nid008561,2026/05/03 17:09:04.535, 2, GPU-cc2df889-0529-caa2-4f60-b8f58554f0d5, NVIDIA A100-SXM4-80GB, 73689, 81920, 100, 180.34, 38
nid008561,2026/05/03 17:09:04.537, 3, GPU-c25d3ace-c6ec-45a5-d035-12b4951aa97c, NVIDIA A100-SXM4-80GB, 73689, 81920, 100, 187.75, 37
nid008560,2026/05/03 17:09:07.565, 0, GPU-54819be7-1194-d7c8-6144-290abb9c31bd, NVIDIA A100-SXM4-80GB, 34771, 81920, 0, 94.57, 32
nid008560,2026/05/03 17:09:07.567, 1, GPU-8050c628-f086-6a63-afa4-011f4ba35042, NVIDIA A100-SXM4-80GB, 34771, 81920, 0, 95.65, 30
nid008560,2026/05/03 17:09:07.570, 2, GPU-4602a243-1af5-6ed0-97ea-b3aadf6a0de5, NVIDIA A100-SXM4-80GB, 72489, 81920, 0, 97.86, 32
nid008560,2026/05/03 17:09:07.572, 3, GPU-9c51f41c-c484-72dc-0f00-b52442c10eed, NVIDIA A100-SXM4-80GB, 4, 81920, 0, 61.73, 27
nid008561,2026/05/03 17:09:08.559, 0, GPU-046d6a3f-5ea7-4021-4d8b-05bb51db829c, NVIDIA A100-SXM4-80GB, 73689, 81920, 100, 181.53, 39
nid008561,2026/05/03 17:09:08.562, 1, GPU-d2377047-2a9b-0334-b802-a81ee53fa3e8, NVIDIA A100-SXM4-80GB, 73689, 81920, 38, 159.29, 34
nid008561,2026/05/03 17:09:08.564, 2, GPU-cc2df889-0529-caa2-4f60-b8f58554f0d5, NVIDIA A100-SXM4-80GB, 73689, 81920, 100, 178.73, 38
nid008561,2026/05/03 17:09:08.566, 3, GPU-c25d3ace-c6ec-45a5-d035-12b4951aa97c, NVIDIA A100-SXM4-80GB, 73689, 81920, 100, 185.89, 37
nid008560,2026/05/03 17:09:11.590, 0, GPU-54819be7-1194-d7c8-6144-290abb9c31bd, NVIDIA A100-SXM4-80GB, 34771, 81920, 0, 94.45, 32
nid008560,2026/05/03 17:09:11.593, 1, GPU-8050c628-f086-6a63-afa4-011f4ba35042, NVIDIA A100-SXM4-80GB, 34771, 81920, 0, 95.65, 30
nid008560,2026/05/03 17:09:11.594, 2, GPU-4602a243-1af5-6ed0-97ea-b3aadf6a0de5, NVIDIA A100-SXM4-80GB, 72489, 81920, 0, 116.44, 35
nid008560,2026/05/03 17:09:11.596, 3, GPU-9c51f41c-c484-72dc-0f00-b52442c10eed, NVIDIA A100-SXM4-80GB, 4, 81920, 0, 61.73, 27
nid008561,2026/05/03 17:09:12.534, 0, GPU-046d6a3f-5ea7-4021-4d8b-05bb51db829c, NVIDIA A100-SXM4-80GB, 73689, 81920, 0, 94.04, 35
nid008561,2026/05/03 17:09:12.537, 1, GPU-d2377047-2a9b-0334-b802-a81ee53fa3e8, NVIDIA A100-SXM4-80GB, 73689, 81920, 0, 96.47, 31
nid008561,2026/05/03 17:09:12.538, 2, GPU-cc2df889-0529-caa2-4f60-b8f58554f0d5, NVIDIA A100-SXM4-80GB, 73689, 81920, 0, 90.96, 34
nid008561,2026/05/03 17:09:12.540, 3, GPU-c25d3ace-c6ec-45a5-d035-12b4951aa97c, NVIDIA A100-SXM4-80GB, 73689, 81920, 0, 95.48, 32
nid008560,2026/05/03 17:09:15.590, 0, GPU-54819be7-1194-d7c8-6144-290abb9c31bd, NVIDIA A100-SXM4-80GB, 34771, 81920, 0, 94.57, 32
nid008560,2026/05/03 17:09:15.593, 1, GPU-8050c628-f086-6a63-afa4-011f4ba35042, NVIDIA A100-SXM4-80GB, 34771, 81920, 0, 95.65, 30
nid008560,2026/05/03 17:09:15.594, 2, GPU-4602a243-1af5-6ed0-97ea-b3aadf6a0de5, NVIDIA A100-SXM4-80GB, 72489, 81920, 0, 96.24, 32
nid008560,2026/05/03 17:09:15.596, 3, GPU-9c51f41c-c484-72dc-0f00-b52442c10eed, NVIDIA A100-SXM4-80GB, 4, 81920, 0, 61.73, 27
nid008561,2026/05/03 17:09:16.566, 0, GPU-046d6a3f-5ea7-4021-4d8b-05bb51db829c, NVIDIA A100-SXM4-80GB, 73689, 81920, 100, 175.97, 38
nid008561,2026/05/03 17:09:16.570, 1, GPU-d2377047-2a9b-0334-b802-a81ee53fa3e8, NVIDIA A100-SXM4-80GB, 73689, 81920, 38, 154.45, 34
nid008561,2026/05/03 17:09:16.572, 2, GPU-cc2df889-0529-caa2-4f60-b8f58554f0d5, NVIDIA A100-SXM4-80GB, 73689, 81920, 100, 183.98, 37
nid008561,2026/05/03 17:09:16.574, 3, GPU-c25d3ace-c6ec-45a5-d035-12b4951aa97c, NVIDIA A100-SXM4-80GB, 73689, 81920, 100, 173.18, 36
nid008560,2026/05/03 17:09:19.653, 0, GPU-54819be7-1194-d7c8-6144-290abb9c31bd, NVIDIA A100-SXM4-80GB, 34771, 81920, 0, 94.57, 32
nid008560,2026/05/03 17:09:19.655, 1, GPU-8050c628-f086-6a63-afa4-011f4ba35042, NVIDIA A100-SXM4-80GB, 34771, 81920, 0, 95.65, 30
nid008560,2026/05/03 17:09:19.657, 2, GPU-4602a243-1af5-6ed0-97ea-b3aadf6a0de5, NVIDIA A100-SXM4-80GB, 72489, 81920, 0, 96.24, 32
nid008560,2026/05/03 17:09:19.658, 3, GPU-9c51f41c-c484-72dc-0f00-b52442c10eed, NVIDIA A100-SXM4-80GB, 4, 81920, 0, 61.73, 27
nid008561,2026/05/03 17:09:20.642, 0, GPU-046d6a3f-5ea7-4021-4d8b-05bb51db829c, NVIDIA A100-SXM4-80GB, 73689, 81920, 100, 181.08, 39
nid008561,2026/05/03 17:09:20.645, 1, GPU-d2377047-2a9b-0334-b802-a81ee53fa3e8, NVIDIA A100-SXM4-80GB, 73689, 81920, 38, 153.23, 34
nid008561,2026/05/03 17:09:20.647, 2, GPU-cc2df889-0529-caa2-4f60-b8f58554f0d5, NVIDIA A100-SXM4-80GB, 73689, 81920, 100, 171.54, 38
nid008561,2026/05/03 17:09:20.649, 3, GPU-c25d3ace-c6ec-45a5-d035-12b4951aa97c, NVIDIA A100-SXM4-80GB, 73689, 81920, 100, 183.46, 37
nid008560,2026/05/03 17:09:23.705, 0, GPU-54819be7-1194-d7c8-6144-290abb9c31bd, NVIDIA A100-SXM4-80GB, 34771, 81920, 0, 94.57, 32
nid008560,2026/05/03 17:09:23.707, 1, GPU-8050c628-f086-6a63-afa4-011f4ba35042, NVIDIA A100-SXM4-80GB, 34771, 81920, 0, 95.54, 30
nid008560,2026/05/03 17:09:23.708, 2, GPU-4602a243-1af5-6ed0-97ea-b3aadf6a0de5, NVIDIA A100-SXM4-80GB, 72489, 81920, 0, 96.12, 32
nid008560,2026/05/03 17:09:23.710, 3, GPU-9c51f41c-c484-72dc-0f00-b52442c10eed, NVIDIA A100-SXM4-80GB, 4, 81920, 0, 61.65, 27
nid008561,2026/05/03 17:09:24.704, 0, GPU-046d6a3f-5ea7-4021-4d8b-05bb51db829c, NVIDIA A100-SXM4-80GB, 73689, 81920, 100, 181.84, 39
nid008561,2026/05/03 17:09:24.707, 1, GPU-d2377047-2a9b-0334-b802-a81ee53fa3e8, NVIDIA A100-SXM4-80GB, 73689, 81920, 100, 186.95, 36
nid008561,2026/05/03 17:09:24.709, 2, GPU-cc2df889-0529-caa2-4f60-b8f58554f0d5, NVIDIA A100-SXM4-80GB, 73689, 81920, 100, 177.17, 38
nid008561,2026/05/03 17:09:24.711, 3, GPU-c25d3ace-c6ec-45a5-d035-12b4951aa97c, NVIDIA A100-SXM4-80GB, 73689, 81920, 38, 186.43, 37
nid008560,2026/05/03 17:09:27.756, 0, GPU-54819be7-1194-d7c8-6144-290abb9c31bd, NVIDIA A100-SXM4-80GB, 34771, 81920, 0, 94.74, 32
nid008560,2026/05/03 17:09:27.759, 1, GPU-8050c628-f086-6a63-afa4-011f4ba35042, NVIDIA A100-SXM4-80GB, 34771, 81920, 0, 95.54, 30
nid008560,2026/05/03 17:09:27.760, 2, GPU-4602a243-1af5-6ed0-97ea-b3aadf6a0de5, NVIDIA A100-SXM4-80GB, 72489, 81920, 0, 96.12, 32
nid008560,2026/05/03 17:09:27.761, 3, GPU-9c51f41c-c484-72dc-0f00-b52442c10eed, NVIDIA A100-SXM4-80GB, 4, 81920, 0, 61.73, 27
nid008561,2026/05/03 17:09:28.709, 0, GPU-046d6a3f-5ea7-4021-4d8b-05bb51db829c, NVIDIA A100-SXM4-80GB, 73689, 81920, 41, 163.93, 38
nid008561,2026/05/03 17:09:28.712, 1, GPU-d2377047-2a9b-0334-b802-a81ee53fa3e8, NVIDIA A100-SXM4-80GB, 73689, 81920, 100, 189.08, 36
nid008561,2026/05/03 17:09:28.714, 2, GPU-cc2df889-0529-caa2-4f60-b8f58554f0d5, NVIDIA A100-SXM4-80GB, 73689, 81920, 100, 183.76, 38
nid008561,2026/05/03 17:09:28.716, 3, GPU-c25d3ace-c6ec-45a5-d035-12b4951aa97c, NVIDIA A100-SXM4-80GB, 73689, 81920, 100, 189.89, 37
nid008560,2026/05/03 17:09:31.790, 0, GPU-54819be7-1194-d7c8-6144-290abb9c31bd, NVIDIA A100-SXM4-80GB, 34771, 81920, 0, 94.74, 32
nid008560,2026/05/03 17:09:31.793, 1, GPU-8050c628-f086-6a63-afa4-011f4ba35042, NVIDIA A100-SXM4-80GB, 34771, 81920, 0, 95.65, 30
nid008560,2026/05/03 17:09:31.794, 2, GPU-4602a243-1af5-6ed0-97ea-b3aadf6a0de5, NVIDIA A100-SXM4-80GB, 72489, 81920, 0, 96.24, 32
nid008560,2026/05/03 17:09:31.796, 3, GPU-9c51f41c-c484-72dc-0f00-b52442c10eed, NVIDIA A100-SXM4-80GB, 4, 81920, 0, 61.65, 27
nid008561,2026/05/03 17:09:32.787, 0, GPU-046d6a3f-5ea7-4021-4d8b-05bb51db829c, NVIDIA A100-SXM4-80GB, 73689, 81920, 100, 180.87, 39
nid008561,2026/05/03 17:09:32.791, 1, GPU-d2377047-2a9b-0334-b802-a81ee53fa3e8, NVIDIA A100-SXM4-80GB, 73689, 81920, 100, 187.30, 36
nid008561,2026/05/03 17:09:32.793, 2, GPU-cc2df889-0529-caa2-4f60-b8f58554f0d5, NVIDIA A100-SXM4-80GB, 73689, 81920, 100, 184.04, 38
nid008561,2026/05/03 17:09:32.795, 3, GPU-c25d3ace-c6ec-45a5-d035-12b4951aa97c, NVIDIA A100-SXM4-80GB, 73689, 81920, 39, 170.58, 36
nid008560,2026/05/03 17:09:35.846, 0, GPU-54819be7-1194-d7c8-6144-290abb9c31bd, NVIDIA A100-SXM4-80GB, 34771, 81920, 0, 94.57, 32
nid008560,2026/05/03 17:09:35.848, 1, GPU-8050c628-f086-6a63-afa4-011f4ba35042, NVIDIA A100-SXM4-80GB, 34771, 81920, 0, 95.65, 30
nid008560,2026/05/03 17:09:35.850, 2, GPU-4602a243-1af5-6ed0-97ea-b3aadf6a0de5, NVIDIA A100-SXM4-80GB, 72489, 81920, 0, 96.24, 32
nid008560,2026/05/03 17:09:35.851, 3, GPU-9c51f41c-c484-72dc-0f00-b52442c10eed, NVIDIA A100-SXM4-80GB, 4, 81920, 0, 61.73, 27
nid008561,2026/05/03 17:09:36.821, 0, GPU-046d6a3f-5ea7-4021-4d8b-05bb51db829c, NVIDIA A100-SXM4-80GB, 73689, 81920, 100, 182.93, 39
nid008561,2026/05/03 17:09:36.832, 1, GPU-d2377047-2a9b-0334-b802-a81ee53fa3e8, NVIDIA A100-SXM4-80GB, 73689, 81920, 100, 186.19, 36
nid008561,2026/05/03 17:09:36.839, 2, GPU-cc2df889-0529-caa2-4f60-b8f58554f0d5, NVIDIA A100-SXM4-80GB, 73689, 81920, 100, 180.34, 38
nid008561,2026/05/03 17:09:36.846, 3, GPU-c25d3ace-c6ec-45a5-d035-12b4951aa97c, NVIDIA A100-SXM4-80GB, 73689, 81920, 40, 165.79, 36
nid008560,2026/05/03 17:09:39.843, 0, GPU-54819be7-1194-d7c8-6144-290abb9c31bd, NVIDIA A100-SXM4-80GB, 34771, 81920, 0, 94.57, 32
nid008560,2026/05/03 17:09:39.845, 1, GPU-8050c628-f086-6a63-afa4-011f4ba35042, NVIDIA A100-SXM4-80GB, 34771, 81920, 0, 95.65, 30
nid008560,2026/05/03 17:09:39.846, 2, GPU-4602a243-1af5-6ed0-97ea-b3aadf6a0de5, NVIDIA A100-SXM4-80GB, 72489, 81920, 0, 96.24, 32
nid008560,2026/05/03 17:09:39.848, 3, GPU-9c51f41c-c484-72dc-0f00-b52442c10eed, NVIDIA A100-SXM4-80GB, 4, 81920, 0, 61.80, 27
nid008561,2026/05/03 17:09:40.777, 0, GPU-046d6a3f-5ea7-4021-4d8b-05bb51db829c, NVIDIA A100-SXM4-80GB, 73689, 81920, 100, 180.79, 39
nid008561,2026/05/03 17:09:40.785, 1, GPU-d2377047-2a9b-0334-b802-a81ee53fa3e8, NVIDIA A100-SXM4-80GB, 73689, 81920, 100, 188.50, 37
nid008561,2026/05/03 17:09:40.787, 2, GPU-cc2df889-0529-caa2-4f60-b8f58554f0d5, NVIDIA A100-SXM4-80GB, 73689, 81920, 100, 183.46, 38
nid008561,2026/05/03 17:09:40.789, 3, GPU-c25d3ace-c6ec-45a5-d035-12b4951aa97c, NVIDIA A100-SXM4-80GB, 73689, 81920, 39, 182.65, 37
nid008560,2026/05/03 17:09:43.811, 0, GPU-54819be7-1194-d7c8-6144-290abb9c31bd, NVIDIA A100-SXM4-80GB, 34771, 81920, 0, 94.57, 32
nid008560,2026/05/03 17:09:43.818, 1, GPU-8050c628-f086-6a63-afa4-011f4ba35042, NVIDIA A100-SXM4-80GB, 34771, 81920, 0, 95.65, 30
nid008560,2026/05/03 17:09:43.823, 2, GPU-4602a243-1af5-6ed0-97ea-b3aadf6a0de5, NVIDIA A100-SXM4-80GB, 72489, 81920, 0, 96.24, 32
nid008560,2026/05/03 17:09:43.828, 3, GPU-9c51f41c-c484-72dc-0f00-b52442c10eed, NVIDIA A100-SXM4-80GB, 4, 81920, 0, 61.73, 27
nid008561,2026/05/03 17:09:44.769, 0, GPU-046d6a3f-5ea7-4021-4d8b-05bb51db829c, NVIDIA A100-SXM4-80GB, 73689, 81920, 100, 181.60, 39
nid008561,2026/05/03 17:09:44.772, 1, GPU-d2377047-2a9b-0334-b802-a81ee53fa3e8, NVIDIA A100-SXM4-80GB, 73689, 81920, 100, 186.95, 36
nid008561,2026/05/03 17:09:44.774, 2, GPU-cc2df889-0529-caa2-4f60-b8f58554f0d5, NVIDIA A100-SXM4-80GB, 73689, 81920, 100, 180.58, 38
nid008561,2026/05/03 17:09:44.776, 3, GPU-c25d3ace-c6ec-45a5-d035-12b4951aa97c, NVIDIA A100-SXM4-80GB, 73689, 81920, 38, 184.04, 37
nid008560,2026/05/03 17:09:47.781, 0, GPU-54819be7-1194-d7c8-6144-290abb9c31bd, NVIDIA A100-SXM4-80GB, 34771, 81920, 0, 94.74, 32
nid008560,2026/05/03 17:09:47.783, 1, GPU-8050c628-f086-6a63-afa4-011f4ba35042, NVIDIA A100-SXM4-80GB, 34771, 81920, 0, 95.54, 30
nid008560,2026/05/03 17:09:47.785, 2, GPU-4602a243-1af5-6ed0-97ea-b3aadf6a0de5, NVIDIA A100-SXM4-80GB, 72489, 81920, 0, 95.99, 32
nid008560,2026/05/03 17:09:47.786, 3, GPU-9c51f41c-c484-72dc-0f00-b52442c10eed, NVIDIA A100-SXM4-80GB, 4, 81920, 0, 61.73, 27
nid008561,2026/05/03 17:09:48.746, 0, GPU-046d6a3f-5ea7-4021-4d8b-05bb51db829c, NVIDIA A100-SXM4-80GB, 73689, 81920, 100, 181.84, 40
nid008561,2026/05/03 17:09:48.753, 1, GPU-d2377047-2a9b-0334-b802-a81ee53fa3e8, NVIDIA A100-SXM4-80GB, 73689, 81920, 100, 185.91, 37
nid008561,2026/05/03 17:09:48.760, 2, GPU-cc2df889-0529-caa2-4f60-b8f58554f0d5, NVIDIA A100-SXM4-80GB, 73689, 81920, 100, 182.13, 38
nid008561,2026/05/03 17:09:48.767, 3, GPU-c25d3ace-c6ec-45a5-d035-12b4951aa97c, NVIDIA A100-SXM4-80GB, 73689, 81920, 39, 176.13, 36
nid008560,2026/05/03 17:09:51.781, 0, GPU-54819be7-1194-d7c8-6144-290abb9c31bd, NVIDIA A100-SXM4-80GB, 34771, 81920, 0, 94.57, 32
nid008560,2026/05/03 17:09:51.783, 1, GPU-8050c628-f086-6a63-afa4-011f4ba35042, NVIDIA A100-SXM4-80GB, 34771, 81920, 0, 95.65, 30
nid008560,2026/05/03 17:09:51.784, 2, GPU-4602a243-1af5-6ed0-97ea-b3aadf6a0de5, NVIDIA A100-SXM4-80GB, 72489, 81920, 0, 96.24, 32
nid008560,2026/05/03 17:09:51.786, 3, GPU-9c51f41c-c484-72dc-0f00-b52442c10eed, NVIDIA A100-SXM4-80GB, 4, 81920, 0, 61.73, 27
nid008561,2026/05/03 17:09:52.748, 0, GPU-046d6a3f-5ea7-4021-4d8b-05bb51db829c, NVIDIA A100-SXM4-80GB, 73689, 81920, 100, 184.26, 40
nid008561,2026/05/03 17:09:52.756, 1, GPU-d2377047-2a9b-0334-b802-a81ee53fa3e8, NVIDIA A100-SXM4-80GB, 73689, 81920, 100, 187.23, 37
nid008561,2026/05/03 17:09:52.763, 2, GPU-cc2df889-0529-caa2-4f60-b8f58554f0d5, NVIDIA A100-SXM4-80GB, 73689, 81920, 38, 183.48, 38
nid008561,2026/05/03 17:09:52.765, 3, GPU-c25d3ace-c6ec-45a5-d035-12b4951aa97c, NVIDIA A100-SXM4-80GB, 73689, 81920, 100, 187.75, 37
nid008560,2026/05/03 17:09:55.801, 0, GPU-54819be7-1194-d7c8-6144-290abb9c31bd, NVIDIA A100-SXM4-80GB, 34771, 81920, 0, 94.57, 32
nid008560,2026/05/03 17:09:55.803, 1, GPU-8050c628-f086-6a63-afa4-011f4ba35042, NVIDIA A100-SXM4-80GB, 34771, 81920, 0, 95.65, 30
nid008560,2026/05/03 17:09:55.805, 2, GPU-4602a243-1af5-6ed0-97ea-b3aadf6a0de5, NVIDIA A100-SXM4-80GB, 72489, 81920, 0, 95.99, 32
nid008560,2026/05/03 17:09:55.806, 3, GPU-9c51f41c-c484-72dc-0f00-b52442c10eed, NVIDIA A100-SXM4-80GB, 4, 81920, 0, 61.73, 27
nid008561,2026/05/03 17:09:56.747, 0, GPU-046d6a3f-5ea7-4021-4d8b-05bb51db829c, NVIDIA A100-SXM4-80GB, 73689, 81920, 100, 181.82, 40
nid008561,2026/05/03 17:09:56.750, 1, GPU-d2377047-2a9b-0334-b802-a81ee53fa3e8, NVIDIA A100-SXM4-80GB, 73689, 81920, 100, 183.26, 37
nid008561,2026/05/03 17:09:56.753, 2, GPU-cc2df889-0529-caa2-4f60-b8f58554f0d5, NVIDIA A100-SXM4-80GB, 73689, 81920, 100, 183.24, 38
nid008561,2026/05/03 17:09:56.755, 3, GPU-c25d3ace-c6ec-45a5-d035-12b4951aa97c, NVIDIA A100-SXM4-80GB, 73689, 81920, 60, 195.90, 37
nid008560,2026/05/03 17:09:59.835, 0, GPU-54819be7-1194-d7c8-6144-290abb9c31bd, NVIDIA A100-SXM4-80GB, 34771, 81920, 0, 94.57, 32
nid008560,2026/05/03 17:09:59.838, 1, GPU-8050c628-f086-6a63-afa4-011f4ba35042, NVIDIA A100-SXM4-80GB, 34771, 81920, 0, 95.54, 30
nid008560,2026/05/03 17:09:59.839, 2, GPU-4602a243-1af5-6ed0-97ea-b3aadf6a0de5, NVIDIA A100-SXM4-80GB, 72489, 81920, 0, 95.99, 32
nid008560,2026/05/03 17:09:59.841, 3, GPU-9c51f41c-c484-72dc-0f00-b52442c10eed, NVIDIA A100-SXM4-80GB, 4, 81920, 0, 61.73, 27
nid008561,2026/05/03 17:10:00.802, 0, GPU-046d6a3f-5ea7-4021-4d8b-05bb51db829c, NVIDIA A100-SXM4-80GB, 73689, 81920, 100, 179.76, 40
nid008561,2026/05/03 17:10:00.806, 1, GPU-d2377047-2a9b-0334-b802-a81ee53fa3e8, NVIDIA A100-SXM4-80GB, 73689, 81920, 100, 184.58, 36
nid008561,2026/05/03 17:10:00.808, 2, GPU-cc2df889-0529-caa2-4f60-b8f58554f0d5, NVIDIA A100-SXM4-80GB, 73689, 81920, 100, 182.43, 38
nid008561,2026/05/03 17:10:00.810, 3, GPU-c25d3ace-c6ec-45a5-d035-12b4951aa97c, NVIDIA A100-SXM4-80GB, 73689, 81920, 39, 169.05, 36
nid008560,2026/05/03 17:10:03.827, 0, GPU-54819be7-1194-d7c8-6144-290abb9c31bd, NVIDIA A100-SXM4-80GB, 34771, 81920, 0, 94.62, 32
nid008560,2026/05/03 17:10:03.829, 1, GPU-8050c628-f086-6a63-afa4-011f4ba35042, NVIDIA A100-SXM4-80GB, 34771, 81920, 0, 95.43, 30
nid008560,2026/05/03 17:10:03.831, 2, GPU-4602a243-1af5-6ed0-97ea-b3aadf6a0de5, NVIDIA A100-SXM4-80GB, 72489, 81920, 100, 389.53, 47
nid008560,2026/05/03 17:10:03.833, 3, GPU-9c51f41c-c484-72dc-0f00-b52442c10eed, NVIDIA A100-SXM4-80GB, 4, 81920, 0, 61.65, 27
nid008561,2026/05/03 17:10:04.808, 0, GPU-046d6a3f-5ea7-4021-4d8b-05bb51db829c, NVIDIA A100-SXM4-80GB, 73689, 81920, 0, 111.79, 36
nid008561,2026/05/03 17:10:04.810, 1, GPU-d2377047-2a9b-0334-b802-a81ee53fa3e8, NVIDIA A100-SXM4-80GB, 73689, 81920, 0, 114.99, 33
nid008561,2026/05/03 17:10:04.812, 2, GPU-cc2df889-0529-caa2-4f60-b8f58554f0d5, NVIDIA A100-SXM4-80GB, 73689, 81920, 0, 108.47, 35
nid008561,2026/05/03 17:10:04.814, 3, GPU-c25d3ace-c6ec-45a5-d035-12b4951aa97c, NVIDIA A100-SXM4-80GB, 73689, 81920, 0, 95.54, 32
nid008560,2026/05/03 17:10:07.817, 0, GPU-54819be7-1194-d7c8-6144-290abb9c31bd, NVIDIA A100-SXM4-80GB, 34771, 81920, 0, 94.57, 32
nid008560,2026/05/03 17:10:07.824, 1, GPU-8050c628-f086-6a63-afa4-011f4ba35042, NVIDIA A100-SXM4-80GB, 34771, 81920, 0, 95.65, 30
nid008560,2026/05/03 17:10:07.830, 2, GPU-4602a243-1af5-6ed0-97ea-b3aadf6a0de5, NVIDIA A100-SXM4-80GB, 72489, 81920, 0, 98.10, 32
nid008560,2026/05/03 17:10:07.833, 3, GPU-9c51f41c-c484-72dc-0f00-b52442c10eed, NVIDIA A100-SXM4-80GB, 4, 81920, 0, 61.73, 27
nid008561,2026/05/03 17:10:08.785, 0, GPU-046d6a3f-5ea7-4021-4d8b-05bb51db829c, NVIDIA A100-SXM4-80GB, 73689, 81920, 39, 177.38, 38
nid008561,2026/05/03 17:10:08.790, 1, GPU-d2377047-2a9b-0334-b802-a81ee53fa3e8, NVIDIA A100-SXM4-80GB, 73689, 81920, 100, 185.67, 36
nid008561,2026/05/03 17:10:08.795, 2, GPU-cc2df889-0529-caa2-4f60-b8f58554f0d5, NVIDIA A100-SXM4-80GB, 73689, 81920, 100, 179.54, 37
nid008561,2026/05/03 17:10:08.797, 3, GPU-c25d3ace-c6ec-45a5-d035-12b4951aa97c, NVIDIA A100-SXM4-80GB, 73689, 81920, 100, 186.65, 36
nid008560,2026/05/03 17:10:11.771, 0, GPU-54819be7-1194-d7c8-6144-290abb9c31bd, NVIDIA A100-SXM4-80GB, 34771, 81920, 0, 94.45, 32
nid008560,2026/05/03 17:10:11.774, 1, GPU-8050c628-f086-6a63-afa4-011f4ba35042, NVIDIA A100-SXM4-80GB, 34771, 81920, 0, 95.54, 30
nid008560,2026/05/03 17:10:11.775, 2, GPU-4602a243-1af5-6ed0-97ea-b3aadf6a0de5, NVIDIA A100-SXM4-80GB, 72489, 81920, 0, 98.10, 32
nid008560,2026/05/03 17:10:11.777, 3, GPU-9c51f41c-c484-72dc-0f00-b52442c10eed, NVIDIA A100-SXM4-80GB, 4, 81920, 0, 61.73, 27
nid008561,2026/05/03 17:10:12.748, 0, GPU-046d6a3f-5ea7-4021-4d8b-05bb51db829c, NVIDIA A100-SXM4-80GB, 73689, 81920, 40, 176.04, 39
nid008561,2026/05/03 17:10:12.756, 1, GPU-d2377047-2a9b-0334-b802-a81ee53fa3e8, NVIDIA A100-SXM4-80GB, 73689, 81920, 100, 189.32, 36
nid008561,2026/05/03 17:10:12.762, 2, GPU-cc2df889-0529-caa2-4f60-b8f58554f0d5, NVIDIA A100-SXM4-80GB, 73689, 81920, 100, 176.88, 38
nid008561,2026/05/03 17:10:12.769, 3, GPU-c25d3ace-c6ec-45a5-d035-12b4951aa97c, NVIDIA A100-SXM4-80GB, 73689, 81920, 100, 190.64, 37
nid008560,2026/05/03 17:10:15.788, 0, GPU-54819be7-1194-d7c8-6144-290abb9c31bd, NVIDIA A100-SXM4-80GB, 34771, 81920, 0, 95.54, 32
nid008560,2026/05/03 17:10:15.790, 1, GPU-8050c628-f086-6a63-afa4-011f4ba35042, NVIDIA A100-SXM4-80GB, 34771, 81920, 0, 95.54, 30
nid008560,2026/05/03 17:10:15.791, 2, GPU-4602a243-1af5-6ed0-97ea-b3aadf6a0de5, NVIDIA A100-SXM4-80GB, 72489, 81920, 0, 97.86, 32
nid008560,2026/05/03 17:10:15.793, 3, GPU-9c51f41c-c484-72dc-0f00-b52442c10eed, NVIDIA A100-SXM4-80GB, 4, 81920, 0, 61.73, 27
nid008561,2026/05/03 17:10:16.727, 0, GPU-046d6a3f-5ea7-4021-4d8b-05bb51db829c, NVIDIA A100-SXM4-80GB, 73689, 81920, 40, 170.78, 39
nid008561,2026/05/03 17:10:16.730, 1, GPU-d2377047-2a9b-0334-b802-a81ee53fa3e8, NVIDIA A100-SXM4-80GB, 73689, 81920, 100, 189.54, 37
nid008561,2026/05/03 17:10:16.732, 2, GPU-cc2df889-0529-caa2-4f60-b8f58554f0d5, NVIDIA A100-SXM4-80GB, 73689, 81920, 100, 180.56, 38
nid008561,2026/05/03 17:10:16.734, 3, GPU-c25d3ace-c6ec-45a5-d035-12b4951aa97c, NVIDIA A100-SXM4-80GB, 73689, 81920, 100, 191.15, 37
nid008560,2026/05/03 17:10:19.870, 0, GPU-54819be7-1194-d7c8-6144-290abb9c31bd, NVIDIA A100-SXM4-80GB, 34771, 81920, 0, 94.45, 32
nid008560,2026/05/03 17:10:19.873, 1, GPU-8050c628-f086-6a63-afa4-011f4ba35042, NVIDIA A100-SXM4-80GB, 34771, 81920, 0, 95.54, 30
nid008560,2026/05/03 17:10:19.874, 2, GPU-4602a243-1af5-6ed0-97ea-b3aadf6a0de5, NVIDIA A100-SXM4-80GB, 72489, 81920, 0, 97.74, 32
nid008560,2026/05/03 17:10:19.876, 3, GPU-9c51f41c-c484-72dc-0f00-b52442c10eed, NVIDIA A100-SXM4-80GB, 4, 81920, 0, 61.73, 27
nid008561,2026/05/03 17:10:20.838, 0, GPU-046d6a3f-5ea7-4021-4d8b-05bb51db829c, NVIDIA A100-SXM4-80GB, 73689, 81920, 100, 184.50, 39
nid008561,2026/05/03 17:10:20.841, 1, GPU-d2377047-2a9b-0334-b802-a81ee53fa3e8, NVIDIA A100-SXM4-80GB, 73689, 81920, 100, 186.43, 37
nid008561,2026/05/03 17:10:20.843, 2, GPU-cc2df889-0529-caa2-4f60-b8f58554f0d5, NVIDIA A100-SXM4-80GB, 73689, 81920, 100, 179.02, 38
nid008561,2026/05/03 17:10:20.848, 3, GPU-c25d3ace-c6ec-45a5-d035-12b4951aa97c, NVIDIA A100-SXM4-80GB, 73689, 81920, 39, 187.46, 37
nid008560,2026/05/03 17:10:23.920, 0, GPU-54819be7-1194-d7c8-6144-290abb9c31bd, NVIDIA A100-SXM4-80GB, 34771, 81920, 0, 94.45, 32
nid008560,2026/05/03 17:10:23.922, 1, GPU-8050c628-f086-6a63-afa4-011f4ba35042, NVIDIA A100-SXM4-80GB, 34771, 81920, 0, 95.65, 30
nid008560,2026/05/03 17:10:23.923, 2, GPU-4602a243-1af5-6ed0-97ea-b3aadf6a0de5, NVIDIA A100-SXM4-80GB, 72489, 81920, 0, 97.86, 32
nid008560,2026/05/03 17:10:23.925, 3, GPU-9c51f41c-c484-72dc-0f00-b52442c10eed, NVIDIA A100-SXM4-80GB, 4, 81920, 0, 61.80, 27
nid008561,2026/05/03 17:10:24.956, 0, GPU-046d6a3f-5ea7-4021-4d8b-05bb51db829c, NVIDIA A100-SXM4-80GB, 73689, 81920, 100, 183.17, 39
nid008561,2026/05/03 17:10:24.959, 1, GPU-d2377047-2a9b-0334-b802-a81ee53fa3e8, NVIDIA A100-SXM4-80GB, 73689, 81920, 100, 182.50, 37
nid008561,2026/05/03 17:10:24.961, 2, GPU-cc2df889-0529-caa2-4f60-b8f58554f0d5, NVIDIA A100-SXM4-80GB, 73689, 81920, 100, 182.71, 38
nid008561,2026/05/03 17:10:24.963, 3, GPU-c25d3ace-c6ec-45a5-d035-12b4951aa97c, NVIDIA A100-SXM4-80GB, 73689, 81920, 39, 179.54, 36
nid008560,2026/05/03 17:10:28.013, 0, GPU-54819be7-1194-d7c8-6144-290abb9c31bd, NVIDIA A100-SXM4-80GB, 34771, 81920, 0, 94.57, 32
nid008560,2026/05/03 17:10:28.015, 1, GPU-8050c628-f086-6a63-afa4-011f4ba35042, NVIDIA A100-SXM4-80GB, 34771, 81920, 0, 95.65, 30
nid008560,2026/05/03 17:10:28.017, 2, GPU-4602a243-1af5-6ed0-97ea-b3aadf6a0de5, NVIDIA A100-SXM4-80GB, 72489, 81920, 0, 97.86, 32
nid008560,2026/05/03 17:10:28.018, 3, GPU-9c51f41c-c484-72dc-0f00-b52442c10eed, NVIDIA A100-SXM4-80GB, 4, 81920, 0, 61.73, 27
nid008561,2026/05/03 17:10:28.976, 0, GPU-046d6a3f-5ea7-4021-4d8b-05bb51db829c, NVIDIA A100-SXM4-80GB, 73689, 81920, 100, 184.79, 40
nid008561,2026/05/03 17:10:28.979, 1, GPU-d2377047-2a9b-0334-b802-a81ee53fa3e8, NVIDIA A100-SXM4-80GB, 73689, 81920, 100, 185.67, 37
nid008561,2026/05/03 17:10:28.981, 2, GPU-cc2df889-0529-caa2-4f60-b8f58554f0d5, NVIDIA A100-SXM4-80GB, 73689, 81920, 100, 180.06, 38
nid008561,2026/05/03 17:10:28.983, 3, GPU-c25d3ace-c6ec-45a5-d035-12b4951aa97c, NVIDIA A100-SXM4-80GB, 73689, 81920, 40, 174.48, 36
nid008560,2026/05/03 17:10:32.032, 0, GPU-54819be7-1194-d7c8-6144-290abb9c31bd, NVIDIA A100-SXM4-80GB, 34771, 81920, 0, 94.45, 32
nid008560,2026/05/03 17:10:32.035, 1, GPU-8050c628-f086-6a63-afa4-011f4ba35042, NVIDIA A100-SXM4-80GB, 34771, 81920, 0, 95.65, 30
nid008560,2026/05/03 17:10:32.036, 2, GPU-4602a243-1af5-6ed0-97ea-b3aadf6a0de5, NVIDIA A100-SXM4-80GB, 72489, 81920, 0, 97.86, 32
nid008560,2026/05/03 17:10:32.038, 3, GPU-9c51f41c-c484-72dc-0f00-b52442c10eed, NVIDIA A100-SXM4-80GB, 4, 81920, 0, 61.73, 27
nid008561,2026/05/03 17:10:32.998, 0, GPU-046d6a3f-5ea7-4021-4d8b-05bb51db829c, NVIDIA A100-SXM4-80GB, 73689, 81920, 100, 184.79, 40
nid008561,2026/05/03 17:10:33.002, 1, GPU-d2377047-2a9b-0334-b802-a81ee53fa3e8, NVIDIA A100-SXM4-80GB, 73689, 81920, 100, 188.26, 37
nid008561,2026/05/03 17:10:33.004, 2, GPU-cc2df889-0529-caa2-4f60-b8f58554f0d5, NVIDIA A100-SXM4-80GB, 73689, 81920, 100, 176.88, 38
nid008561,2026/05/03 17:10:33.006, 3, GPU-c25d3ace-c6ec-45a5-d035-12b4951aa97c, NVIDIA A100-SXM4-80GB, 73689, 81920, 39, 175.04, 36
nid008560,2026/05/03 17:10:35.985, 0, GPU-54819be7-1194-d7c8-6144-290abb9c31bd, NVIDIA A100-SXM4-80GB, 34771, 81920, 0, 94.57, 32
nid008560,2026/05/03 17:10:35.987, 1, GPU-8050c628-f086-6a63-afa4-011f4ba35042, NVIDIA A100-SXM4-80GB, 34771, 81920, 0, 95.65, 30
nid008560,2026/05/03 17:10:35.989, 2, GPU-4602a243-1af5-6ed0-97ea-b3aadf6a0de5, NVIDIA A100-SXM4-80GB, 72489, 81920, 0, 97.86, 32
nid008560,2026/05/03 17:10:35.990, 3, GPU-9c51f41c-c484-72dc-0f00-b52442c10eed, NVIDIA A100-SXM4-80GB, 4, 81920, 0, 61.73, 28
nid008561,2026/05/03 17:10:36.935, 0, GPU-046d6a3f-5ea7-4021-4d8b-05bb51db829c, NVIDIA A100-SXM4-80GB, 73689, 81920, 100, 183.46, 40
nid008561,2026/05/03 17:10:36.938, 1, GPU-d2377047-2a9b-0334-b802-a81ee53fa3e8, NVIDIA A100-SXM4-80GB, 73689, 81920, 100, 190.13, 37
nid008561,2026/05/03 17:10:36.940, 2, GPU-cc2df889-0529-caa2-4f60-b8f58554f0d5, NVIDIA A100-SXM4-80GB, 73689, 81920, 100, 183.69, 38
nid008561,2026/05/03 17:10:36.942, 3, GPU-c25d3ace-c6ec-45a5-d035-12b4951aa97c, NVIDIA A100-SXM4-80GB, 73689, 81920, 40, 177.93, 36
nid008560,2026/05/03 17:10:39.931, 0, GPU-54819be7-1194-d7c8-6144-290abb9c31bd, NVIDIA A100-SXM4-80GB, 34771, 81920, 0, 95.65, 32
nid008560,2026/05/03 17:10:39.936, 1, GPU-8050c628-f086-6a63-afa4-011f4ba35042, NVIDIA A100-SXM4-80GB, 34771, 81920, 0, 95.65, 30
nid008560,2026/05/03 17:10:39.942, 2, GPU-4602a243-1af5-6ed0-97ea-b3aadf6a0de5, NVIDIA A100-SXM4-80GB, 72489, 81920, 0, 97.86, 32
nid008560,2026/05/03 17:10:39.948, 3, GPU-9c51f41c-c484-72dc-0f00-b52442c10eed, NVIDIA A100-SXM4-80GB, 4, 81920, 0, 61.73, 27
nid008561,2026/05/03 17:10:40.898, 0, GPU-046d6a3f-5ea7-4021-4d8b-05bb51db829c, NVIDIA A100-SXM4-80GB, 73689, 81920, 100, 184.79, 40
nid008561,2026/05/03 17:10:40.902, 1, GPU-d2377047-2a9b-0334-b802-a81ee53fa3e8, NVIDIA A100-SXM4-80GB, 73689, 81920, 100, 189.60, 37
nid008561,2026/05/03 17:10:40.906, 2, GPU-cc2df889-0529-caa2-4f60-b8f58554f0d5, NVIDIA A100-SXM4-80GB, 73689, 81920, 100, 176.13, 38
nid008561,2026/05/03 17:10:40.908, 3, GPU-c25d3ace-c6ec-45a5-d035-12b4951aa97c, NVIDIA A100-SXM4-80GB, 73689, 81920, 39, 178.73, 36
nid008560,2026/05/03 17:10:43.922, 0, GPU-54819be7-1194-d7c8-6144-290abb9c31bd, NVIDIA A100-SXM4-80GB, 34771, 81920, 0, 94.45, 32
nid008560,2026/05/03 17:10:43.924, 1, GPU-8050c628-f086-6a63-afa4-011f4ba35042, NVIDIA A100-SXM4-80GB, 34771, 81920, 0, 95.65, 30
nid008560,2026/05/03 17:10:43.925, 2, GPU-4602a243-1af5-6ed0-97ea-b3aadf6a0de5, NVIDIA A100-SXM4-80GB, 72489, 81920, 0, 98.10, 32
nid008560,2026/05/03 17:10:43.927, 3, GPU-9c51f41c-c484-72dc-0f00-b52442c10eed, NVIDIA A100-SXM4-80GB, 4, 81920, 0, 61.73, 27
nid008561,2026/05/03 17:10:44.899, 0, GPU-046d6a3f-5ea7-4021-4d8b-05bb51db829c, NVIDIA A100-SXM4-80GB, 73689, 81920, 100, 182.93, 40
nid008561,2026/05/03 17:10:44.902, 1, GPU-d2377047-2a9b-0334-b802-a81ee53fa3e8, NVIDIA A100-SXM4-80GB, 73689, 81920, 100, 186.95, 37
nid008561,2026/05/03 17:10:44.906, 2, GPU-cc2df889-0529-caa2-4f60-b8f58554f0d5, NVIDIA A100-SXM4-80GB, 73689, 81920, 100, 181.08, 38
nid008561,2026/05/03 17:10:44.908, 3, GPU-c25d3ace-c6ec-45a5-d035-12b4951aa97c, NVIDIA A100-SXM4-80GB, 73689, 81920, 40, 177.17, 36
nid008560,2026/05/03 17:10:47.924, 0, GPU-54819be7-1194-d7c8-6144-290abb9c31bd, NVIDIA A100-SXM4-80GB, 34771, 81920, 0, 94.57, 32
nid008560,2026/05/03 17:10:47.926, 1, GPU-8050c628-f086-6a63-afa4-011f4ba35042, NVIDIA A100-SXM4-80GB, 34771, 81920, 0, 95.65, 30
nid008560,2026/05/03 17:10:47.928, 2, GPU-4602a243-1af5-6ed0-97ea-b3aadf6a0de5, NVIDIA A100-SXM4-80GB, 72489, 81920, 0, 97.86, 32
nid008560,2026/05/03 17:10:47.929, 3, GPU-9c51f41c-c484-72dc-0f00-b52442c10eed, NVIDIA A100-SXM4-80GB, 4, 81920, 0, 61.73, 27
nid008561,2026/05/03 17:10:48.906, 0, GPU-046d6a3f-5ea7-4021-4d8b-05bb51db829c, NVIDIA A100-SXM4-80GB, 73689, 81920, 100, 185.02, 40
nid008561,2026/05/03 17:10:48.909, 1, GPU-d2377047-2a9b-0334-b802-a81ee53fa3e8, NVIDIA A100-SXM4-80GB, 73689, 81920, 100, 188.56, 37
nid008561,2026/05/03 17:10:48.911, 2, GPU-cc2df889-0529-caa2-4f60-b8f58554f0d5, NVIDIA A100-SXM4-80GB, 73689, 81920, 100, 180.06, 38
nid008561,2026/05/03 17:10:48.913, 3, GPU-c25d3ace-c6ec-45a5-d035-12b4951aa97c, NVIDIA A100-SXM4-80GB, 73689, 81920, 40, 182.41, 36
nid008560,2026/05/03 17:10:51.923, 0, GPU-54819be7-1194-d7c8-6144-290abb9c31bd, NVIDIA A100-SXM4-80GB, 34771, 81920, 0, 94.57, 32
nid008560,2026/05/03 17:10:51.925, 1, GPU-8050c628-f086-6a63-afa4-011f4ba35042, NVIDIA A100-SXM4-80GB, 34771, 81920, 0, 95.54, 30
nid008560,2026/05/03 17:10:51.926, 2, GPU-4602a243-1af5-6ed0-97ea-b3aadf6a0de5, NVIDIA A100-SXM4-80GB, 72489, 81920, 0, 97.86, 32
nid008560,2026/05/03 17:10:51.928, 3, GPU-9c51f41c-c484-72dc-0f00-b52442c10eed, NVIDIA A100-SXM4-80GB, 4, 81920, 0, 61.73, 27
nid008561,2026/05/03 17:10:52.926, 0, GPU-046d6a3f-5ea7-4021-4d8b-05bb51db829c, NVIDIA A100-SXM4-80GB, 73689, 81920, 100, 181.53, 40
nid008561,2026/05/03 17:10:52.929, 1, GPU-d2377047-2a9b-0334-b802-a81ee53fa3e8, NVIDIA A100-SXM4-80GB, 73689, 81920, 100, 187.75, 37
nid008561,2026/05/03 17:10:52.931, 2, GPU-cc2df889-0529-caa2-4f60-b8f58554f0d5, NVIDIA A100-SXM4-80GB, 73689, 81920, 38, 165.46, 37
nid008561,2026/05/03 17:10:52.934, 3, GPU-c25d3ace-c6ec-45a5-d035-12b4951aa97c, NVIDIA A100-SXM4-80GB, 73689, 81920, 100, 190.64, 37
nid008560,2026/05/03 17:10:55.940, 0, GPU-54819be7-1194-d7c8-6144-290abb9c31bd, NVIDIA A100-SXM4-80GB, 34771, 81920, 0, 94.45, 32
nid008560,2026/05/03 17:10:55.943, 1, GPU-8050c628-f086-6a63-afa4-011f4ba35042, NVIDIA A100-SXM4-80GB, 34771, 81920, 0, 95.65, 30
nid008560,2026/05/03 17:10:55.944, 2, GPU-4602a243-1af5-6ed0-97ea-b3aadf6a0de5, NVIDIA A100-SXM4-80GB, 72489, 81920, 0, 97.86, 32
nid008560,2026/05/03 17:10:55.949, 3, GPU-9c51f41c-c484-72dc-0f00-b52442c10eed, NVIDIA A100-SXM4-80GB, 4, 81920, 0, 61.73, 27
nid008561,2026/05/03 17:10:56.901, 0, GPU-046d6a3f-5ea7-4021-4d8b-05bb51db829c, NVIDIA A100-SXM4-80GB, 73689, 81920, 0, 112.21, 37
nid008561,2026/05/03 17:10:56.904, 1, GPU-d2377047-2a9b-0334-b802-a81ee53fa3e8, NVIDIA A100-SXM4-80GB, 73689, 81920, 0, 115.23, 33
nid008561,2026/05/03 17:10:56.911, 2, GPU-cc2df889-0529-caa2-4f60-b8f58554f0d5, NVIDIA A100-SXM4-80GB, 73689, 81920, 0, 103.60, 35
nid008561,2026/05/03 17:10:56.913, 3, GPU-c25d3ace-c6ec-45a5-d035-12b4951aa97c, NVIDIA A100-SXM4-80GB, 73689, 81920, 0, 114.61, 34
nid008560,2026/05/03 17:10:59.903, 0, GPU-54819be7-1194-d7c8-6144-290abb9c31bd, NVIDIA A100-SXM4-80GB, 34771, 81920, 0, 94.57, 32
nid008560,2026/05/03 17:10:59.905, 1, GPU-8050c628-f086-6a63-afa4-011f4ba35042, NVIDIA A100-SXM4-80GB, 34771, 81920, 0, 95.54, 30
nid008560,2026/05/03 17:10:59.907, 2, GPU-4602a243-1af5-6ed0-97ea-b3aadf6a0de5, NVIDIA A100-SXM4-80GB, 72489, 81920, 0, 98.38, 33
nid008560,2026/05/03 17:10:59.909, 3, GPU-9c51f41c-c484-72dc-0f00-b52442c10eed, NVIDIA A100-SXM4-80GB, 4, 81920, 0, 61.73, 27
nid008561,2026/05/03 17:11:00.927, 0, GPU-046d6a3f-5ea7-4021-4d8b-05bb51db829c, NVIDIA A100-SXM4-80GB, 73689, 81920, 100, 181.32, 38
nid008561,2026/05/03 17:11:00.930, 1, GPU-d2377047-2a9b-0334-b802-a81ee53fa3e8, NVIDIA A100-SXM4-80GB, 73689, 81920, 100, 184.28, 35
nid008561,2026/05/03 17:11:00.932, 2, GPU-cc2df889-0529-caa2-4f60-b8f58554f0d5, NVIDIA A100-SXM4-80GB, 73689, 81920, 100, 177.09, 36
nid008561,2026/05/03 17:11:00.934, 3, GPU-c25d3ace-c6ec-45a5-d035-12b4951aa97c, NVIDIA A100-SXM4-80GB, 73689, 81920, 36, 179.54, 35
nid008560,2026/05/03 17:11:03.962, 0, GPU-54819be7-1194-d7c8-6144-290abb9c31bd, NVIDIA A100-SXM4-80GB, 34771, 81920, 0, 94.57, 32
nid008560,2026/05/03 17:11:03.964, 1, GPU-8050c628-f086-6a63-afa4-011f4ba35042, NVIDIA A100-SXM4-80GB, 34771, 81920, 0, 95.65, 30
nid008560,2026/05/03 17:11:03.965, 2, GPU-4602a243-1af5-6ed0-97ea-b3aadf6a0de5, NVIDIA A100-SXM4-80GB, 72489, 81920, 0, 97.86, 32
nid008560,2026/05/03 17:11:03.967, 3, GPU-9c51f41c-c484-72dc-0f00-b52442c10eed, NVIDIA A100-SXM4-80GB, 4, 81920, 0, 61.73, 27
nid008561,2026/05/03 17:11:04.933, 0, GPU-046d6a3f-5ea7-4021-4d8b-05bb51db829c, NVIDIA A100-SXM4-80GB, 73689, 81920, 100, 182.35, 39
nid008561,2026/05/03 17:11:04.936, 1, GPU-d2377047-2a9b-0334-b802-a81ee53fa3e8, NVIDIA A100-SXM4-80GB, 73689, 81920, 100, 185.67, 36
nid008561,2026/05/03 17:11:04.938, 2, GPU-cc2df889-0529-caa2-4f60-b8f58554f0d5, NVIDIA A100-SXM4-80GB, 73689, 81920, 100, 177.41, 37
nid008561,2026/05/03 17:11:04.941, 3, GPU-c25d3ace-c6ec-45a5-d035-12b4951aa97c, NVIDIA A100-SXM4-80GB, 73689, 81920, 38, 165.98, 35
nid008560,2026/05/03 17:11:08.064, 0, GPU-54819be7-1194-d7c8-6144-290abb9c31bd, NVIDIA A100-SXM4-80GB, 34771, 81920, 0, 94.57, 32
nid008560,2026/05/03 17:11:08.066, 1, GPU-8050c628-f086-6a63-afa4-011f4ba35042, NVIDIA A100-SXM4-80GB, 34771, 81920, 0, 95.65, 30
nid008560,2026/05/03 17:11:08.068, 2, GPU-4602a243-1af5-6ed0-97ea-b3aadf6a0de5, NVIDIA A100-SXM4-80GB, 72489, 81920, 0, 97.86, 32
nid008560,2026/05/03 17:11:08.069, 3, GPU-9c51f41c-c484-72dc-0f00-b52442c10eed, NVIDIA A100-SXM4-80GB, 4, 81920, 0, 61.73, 27
nid008561,2026/05/03 17:11:09.069, 0, GPU-046d6a3f-5ea7-4021-4d8b-05bb51db829c, NVIDIA A100-SXM4-80GB, 73689, 81920, 100, 178.95, 39
nid008561,2026/05/03 17:11:09.072, 1, GPU-d2377047-2a9b-0334-b802-a81ee53fa3e8, NVIDIA A100-SXM4-80GB, 73689, 81920, 100, 188.04, 36
nid008561,2026/05/03 17:11:09.074, 2, GPU-cc2df889-0529-caa2-4f60-b8f58554f0d5, NVIDIA A100-SXM4-80GB, 73689, 81920, 100, 180.06, 38
nid008561,2026/05/03 17:11:09.076, 3, GPU-c25d3ace-c6ec-45a5-d035-12b4951aa97c, NVIDIA A100-SXM4-80GB, 73689, 81920, 38, 161.85, 35
nid008560,2026/05/03 17:11:12.160, 0, GPU-54819be7-1194-d7c8-6144-290abb9c31bd, NVIDIA A100-SXM4-80GB, 34771, 81920, 0, 94.57, 32
nid008560,2026/05/03 17:11:12.162, 1, GPU-8050c628-f086-6a63-afa4-011f4ba35042, NVIDIA A100-SXM4-80GB, 34771, 81920, 0, 95.65, 30
nid008560,2026/05/03 17:11:12.163, 2, GPU-4602a243-1af5-6ed0-97ea-b3aadf6a0de5, NVIDIA A100-SXM4-80GB, 72489, 81920, 0, 97.86, 32
nid008560,2026/05/03 17:11:12.165, 3, GPU-9c51f41c-c484-72dc-0f00-b52442c10eed, NVIDIA A100-SXM4-80GB, 4, 81920, 0, 61.44, 27
nid008561,2026/05/03 17:11:13.108, 0, GPU-046d6a3f-5ea7-4021-4d8b-05bb51db829c, NVIDIA A100-SXM4-80GB, 73689, 81920, 100, 181.82, 39
nid008561,2026/05/03 17:11:13.111, 1, GPU-d2377047-2a9b-0334-b802-a81ee53fa3e8, NVIDIA A100-SXM4-80GB, 73689, 81920, 100, 186.94, 36
nid008561,2026/05/03 17:11:13.116, 2, GPU-cc2df889-0529-caa2-4f60-b8f58554f0d5, NVIDIA A100-SXM4-80GB, 73689, 81920, 100, 174.48, 38
nid008561,2026/05/03 17:11:13.118, 3, GPU-c25d3ace-c6ec-45a5-d035-12b4951aa97c, NVIDIA A100-SXM4-80GB, 73689, 81920, 38, 158.67, 35
nid008560,2026/05/03 17:11:16.112, 0, GPU-54819be7-1194-d7c8-6144-290abb9c31bd, NVIDIA A100-SXM4-80GB, 34771, 81920, 0, 95.65, 32
nid008560,2026/05/03 17:11:16.114, 1, GPU-8050c628-f086-6a63-afa4-011f4ba35042, NVIDIA A100-SXM4-80GB, 34771, 81920, 0, 95.65, 30
nid008560,2026/05/03 17:11:16.115, 2, GPU-4602a243-1af5-6ed0-97ea-b3aadf6a0de5, NVIDIA A100-SXM4-80GB, 72489, 81920, 0, 97.97, 32
nid008560,2026/05/03 17:11:16.117, 3, GPU-9c51f41c-c484-72dc-0f00-b52442c10eed, NVIDIA A100-SXM4-80GB, 4, 81920, 0, 61.73, 27
nid008561,2026/05/03 17:11:17.086, 0, GPU-046d6a3f-5ea7-4021-4d8b-05bb51db829c, NVIDIA A100-SXM4-80GB, 73689, 81920, 100, 183.38, 39
nid008561,2026/05/03 17:11:17.089, 1, GPU-d2377047-2a9b-0334-b802-a81ee53fa3e8, NVIDIA A100-SXM4-80GB, 73689, 81920, 100, 186.65, 36
nid008561,2026/05/03 17:11:17.091, 2, GPU-cc2df889-0529-caa2-4f60-b8f58554f0d5, NVIDIA A100-SXM4-80GB, 73689, 81920, 100, 172.66, 38
nid008561,2026/05/03 17:11:17.093, 3, GPU-c25d3ace-c6ec-45a5-d035-12b4951aa97c, NVIDIA A100-SXM4-80GB, 73689, 81920, 39, 159.15, 35
nid008560,2026/05/03 17:11:20.092, 0, GPU-54819be7-1194-d7c8-6144-290abb9c31bd, NVIDIA A100-SXM4-80GB, 34771, 81920, 0, 95.65, 32
nid008560,2026/05/03 17:11:20.106, 1, GPU-8050c628-f086-6a63-afa4-011f4ba35042, NVIDIA A100-SXM4-80GB, 34771, 81920, 0, 95.37, 30
nid008560,2026/05/03 17:11:20.117, 2, GPU-4602a243-1af5-6ed0-97ea-b3aadf6a0de5, NVIDIA A100-SXM4-80GB, 72489, 81920, 0, 97.86, 32
nid008560,2026/05/03 17:11:20.129, 3, GPU-9c51f41c-c484-72dc-0f00-b52442c10eed, NVIDIA A100-SXM4-80GB, 4, 81920, 0, 61.73, 28
nid008561,2026/05/03 17:11:21.122, 0, GPU-046d6a3f-5ea7-4021-4d8b-05bb51db829c, NVIDIA A100-SXM4-80GB, 73689, 81920, 100, 182.41, 39
nid008561,2026/05/03 17:11:21.125, 1, GPU-d2377047-2a9b-0334-b802-a81ee53fa3e8, NVIDIA A100-SXM4-80GB, 73689, 81920, 100, 185.10, 37
nid008561,2026/05/03 17:11:21.127, 2, GPU-cc2df889-0529-caa2-4f60-b8f58554f0d5, NVIDIA A100-SXM4-80GB, 73689, 81920, 100, 185.32, 38
nid008561,2026/05/03 17:11:21.129, 3, GPU-c25d3ace-c6ec-45a5-d035-12b4951aa97c, NVIDIA A100-SXM4-80GB, 73689, 81920, 38, 168.16, 36
nid008560,2026/05/03 17:11:24.129, 0, GPU-54819be7-1194-d7c8-6144-290abb9c31bd, NVIDIA A100-SXM4-80GB, 34771, 81920, 0, 95.90, 32
nid008560,2026/05/03 17:11:24.131, 1, GPU-8050c628-f086-6a63-afa4-011f4ba35042, NVIDIA A100-SXM4-80GB, 34771, 81920, 0, 95.65, 30
nid008560,2026/05/03 17:11:24.132, 2, GPU-4602a243-1af5-6ed0-97ea-b3aadf6a0de5, NVIDIA A100-SXM4-80GB, 72489, 81920, 0, 97.86, 32
nid008560,2026/05/03 17:11:24.134, 3, GPU-9c51f41c-c484-72dc-0f00-b52442c10eed, NVIDIA A100-SXM4-80GB, 4, 81920, 0, 61.73, 28
nid008561,2026/05/03 17:11:25.105, 0, GPU-046d6a3f-5ea7-4021-4d8b-05bb51db829c, NVIDIA A100-SXM4-80GB, 73689, 81920, 100, 184.50, 40
nid008561,2026/05/03 17:11:25.115, 1, GPU-d2377047-2a9b-0334-b802-a81ee53fa3e8, NVIDIA A100-SXM4-80GB, 73689, 81920, 100, 182.43, 37
nid008561,2026/05/03 17:11:25.123, 2, GPU-cc2df889-0529-caa2-4f60-b8f58554f0d5, NVIDIA A100-SXM4-80GB, 73689, 81920, 100, 183.76, 38
nid008561,2026/05/03 17:11:25.130, 3, GPU-c25d3ace-c6ec-45a5-d035-12b4951aa97c, NVIDIA A100-SXM4-80GB, 73689, 81920, 37, 170.49, 36
nid008560,2026/05/03 17:11:28.168, 0, GPU-54819be7-1194-d7c8-6144-290abb9c31bd, NVIDIA A100-SXM4-80GB, 34771, 81920, 0, 95.65, 32
nid008560,2026/05/03 17:11:28.171, 1, GPU-8050c628-f086-6a63-afa4-011f4ba35042, NVIDIA A100-SXM4-80GB, 34771, 81920, 0, 95.65, 30
nid008560,2026/05/03 17:11:28.172, 2, GPU-4602a243-1af5-6ed0-97ea-b3aadf6a0de5, NVIDIA A100-SXM4-80GB, 72489, 81920, 0, 97.86, 32
nid008560,2026/05/03 17:11:28.173, 3, GPU-9c51f41c-c484-72dc-0f00-b52442c10eed, NVIDIA A100-SXM4-80GB, 4, 81920, 0, 61.73, 28
nid008561,2026/05/03 17:11:29.136, 0, GPU-046d6a3f-5ea7-4021-4d8b-05bb51db829c, NVIDIA A100-SXM4-80GB, 73689, 81920, 37, 182.65, 40
nid008561,2026/05/03 17:11:29.139, 1, GPU-d2377047-2a9b-0334-b802-a81ee53fa3e8, NVIDIA A100-SXM4-80GB, 73689, 81920, 100, 184.07, 37
nid008561,2026/05/03 17:11:29.141, 2, GPU-cc2df889-0529-caa2-4f60-b8f58554f0d5, NVIDIA A100-SXM4-80GB, 73689, 81920, 100, 176.13, 38
nid008561,2026/05/03 17:11:29.143, 3, GPU-c25d3ace-c6ec-45a5-d035-12b4951aa97c, NVIDIA A100-SXM4-80GB, 73689, 81920, 100, 185.89, 37
nid008560,2026/05/03 17:11:32.153, 0, GPU-54819be7-1194-d7c8-6144-290abb9c31bd, NVIDIA A100-SXM4-80GB, 34771, 81920, 0, 94.57, 32
nid008560,2026/05/03 17:11:32.155, 1, GPU-8050c628-f086-6a63-afa4-011f4ba35042, NVIDIA A100-SXM4-80GB, 34771, 81920, 0, 95.65, 30
nid008560,2026/05/03 17:11:32.157, 2, GPU-4602a243-1af5-6ed0-97ea-b3aadf6a0de5, NVIDIA A100-SXM4-80GB, 72489, 81920, 0, 97.97, 32
nid008560,2026/05/03 17:11:32.158, 3, GPU-9c51f41c-c484-72dc-0f00-b52442c10eed, NVIDIA A100-SXM4-80GB, 4, 81920, 0, 61.80, 28
nid008561,2026/05/03 17:11:33.116, 0, GPU-046d6a3f-5ea7-4021-4d8b-05bb51db829c, NVIDIA A100-SXM4-80GB, 73689, 81920, 39, 157.19, 38
nid008561,2026/05/03 17:11:33.119, 1, GPU-d2377047-2a9b-0334-b802-a81ee53fa3e8, NVIDIA A100-SXM4-80GB, 73689, 81920, 100, 184.57, 37
nid008561,2026/05/03 17:11:33.121, 2, GPU-cc2df889-0529-caa2-4f60-b8f58554f0d5, NVIDIA A100-SXM4-80GB, 73689, 81920, 100, 178.71, 38
nid008561,2026/05/03 17:11:33.123, 3, GPU-c25d3ace-c6ec-45a5-d035-12b4951aa97c, NVIDIA A100-SXM4-80GB, 73689, 81920, 100, 184.80, 37
nid008560,2026/05/03 17:11:36.117, 0, GPU-54819be7-1194-d7c8-6144-290abb9c31bd, NVIDIA A100-SXM4-80GB, 34771, 81920, 0, 94.45, 32
nid008560,2026/05/03 17:11:36.119, 1, GPU-8050c628-f086-6a63-afa4-011f4ba35042, NVIDIA A100-SXM4-80GB, 34771, 81920, 0, 95.54, 30
nid008560,2026/05/03 17:11:36.121, 2, GPU-4602a243-1af5-6ed0-97ea-b3aadf6a0de5, NVIDIA A100-SXM4-80GB, 72489, 81920, 0, 97.86, 32
nid008560,2026/05/03 17:11:36.122, 3, GPU-9c51f41c-c484-72dc-0f00-b52442c10eed, NVIDIA A100-SXM4-80GB, 4, 81920, 0, 61.73, 28
nid008561,2026/05/03 17:11:37.211, 0, GPU-046d6a3f-5ea7-4021-4d8b-05bb51db829c, NVIDIA A100-SXM4-80GB, 73689, 81920, 39, 153.83, 38
nid008561,2026/05/03 17:11:37.215, 1, GPU-d2377047-2a9b-0334-b802-a81ee53fa3e8, NVIDIA A100-SXM4-80GB, 73689, 81920, 100, 186.13, 37
nid008561,2026/05/03 17:11:37.217, 2, GPU-cc2df889-0529-caa2-4f60-b8f58554f0d5, NVIDIA A100-SXM4-80GB, 73689, 81920, 100, 180.87, 38
nid008561,2026/05/03 17:11:37.219, 3, GPU-c25d3ace-c6ec-45a5-d035-12b4951aa97c, NVIDIA A100-SXM4-80GB, 73689, 81920, 100, 185.32, 37
nid008560,2026/05/03 17:11:40.240, 0, GPU-54819be7-1194-d7c8-6144-290abb9c31bd, NVIDIA A100-SXM4-80GB, 34771, 81920, 0, 95.65, 32
nid008560,2026/05/03 17:11:40.242, 1, GPU-8050c628-f086-6a63-afa4-011f4ba35042, NVIDIA A100-SXM4-80GB, 34771, 81920, 0, 95.54, 30
nid008560,2026/05/03 17:11:40.244, 2, GPU-4602a243-1af5-6ed0-97ea-b3aadf6a0de5, NVIDIA A100-SXM4-80GB, 72489, 81920, 0, 97.86, 32
nid008560,2026/05/03 17:11:40.245, 3, GPU-9c51f41c-c484-72dc-0f00-b52442c10eed, NVIDIA A100-SXM4-80GB, 4, 81920, 0, 61.73, 28
nid008561,2026/05/03 17:11:41.198, 0, GPU-046d6a3f-5ea7-4021-4d8b-05bb51db829c, NVIDIA A100-SXM4-80GB, 73689, 81920, 100, 181.84, 39
nid008561,2026/05/03 17:11:41.202, 1, GPU-d2377047-2a9b-0334-b802-a81ee53fa3e8, NVIDIA A100-SXM4-80GB, 73689, 81920, 37, 170.89, 36
nid008561,2026/05/03 17:11:41.204, 2, GPU-cc2df889-0529-caa2-4f60-b8f58554f0d5, NVIDIA A100-SXM4-80GB, 73689, 81920, 100, 181.08, 38
nid008561,2026/05/03 17:11:41.206, 3, GPU-c25d3ace-c6ec-45a5-d035-12b4951aa97c, NVIDIA A100-SXM4-80GB, 73689, 81920, 100, 188.50, 37
nid008560,2026/05/03 17:11:44.264, 0, GPU-54819be7-1194-d7c8-6144-290abb9c31bd, NVIDIA A100-SXM4-80GB, 34771, 81920, 0, 94.85, 32
nid008560,2026/05/03 17:11:44.266, 1, GPU-8050c628-f086-6a63-afa4-011f4ba35042, NVIDIA A100-SXM4-80GB, 34771, 81920, 0, 95.65, 30
nid008560,2026/05/03 17:11:44.267, 2, GPU-4602a243-1af5-6ed0-97ea-b3aadf6a0de5, NVIDIA A100-SXM4-80GB, 72489, 81920, 0, 97.97, 32
nid008560,2026/05/03 17:11:44.269, 3, GPU-9c51f41c-c484-72dc-0f00-b52442c10eed, NVIDIA A100-SXM4-80GB, 4, 81920, 0, 61.80, 28
nid008561,2026/05/03 17:11:45.264, 0, GPU-046d6a3f-5ea7-4021-4d8b-05bb51db829c, NVIDIA A100-SXM4-80GB, 73689, 81920, 100, 183.69, 39
nid008561,2026/05/03 17:11:45.268, 1, GPU-d2377047-2a9b-0334-b802-a81ee53fa3e8, NVIDIA A100-SXM4-80GB, 73689, 81920, 40, 174.59, 36
nid008561,2026/05/03 17:11:45.270, 2, GPU-cc2df889-0529-caa2-4f60-b8f58554f0d5, NVIDIA A100-SXM4-80GB, 73689, 81920, 100, 183.24, 38
nid008561,2026/05/03 17:11:45.273, 3, GPU-c25d3ace-c6ec-45a5-d035-12b4951aa97c, NVIDIA A100-SXM4-80GB, 73689, 81920, 100, 187.17, 37
nid008560,2026/05/03 17:11:48.359, 0, GPU-54819be7-1194-d7c8-6144-290abb9c31bd, NVIDIA A100-SXM4-80GB, 34771, 81920, 0, 95.78, 32
nid008560,2026/05/03 17:11:48.361, 1, GPU-8050c628-f086-6a63-afa4-011f4ba35042, NVIDIA A100-SXM4-80GB, 34771, 81920, 0, 95.54, 30
nid008560,2026/05/03 17:11:48.362, 2, GPU-4602a243-1af5-6ed0-97ea-b3aadf6a0de5, NVIDIA A100-SXM4-80GB, 72489, 81920, 0, 97.86, 32
nid008560,2026/05/03 17:11:48.364, 3, GPU-9c51f41c-c484-72dc-0f00-b52442c10eed, NVIDIA A100-SXM4-80GB, 4, 81920, 0, 61.73, 28
nid008561,2026/05/03 17:11:49.364, 0, GPU-046d6a3f-5ea7-4021-4d8b-05bb51db829c, NVIDIA A100-SXM4-80GB, 73689, 81920, 100, 185.02, 40
nid008561,2026/05/03 17:11:49.371, 1, GPU-d2377047-2a9b-0334-b802-a81ee53fa3e8, NVIDIA A100-SXM4-80GB, 73689, 81920, 40, 179.56, 36
nid008561,2026/05/03 17:11:49.378, 2, GPU-cc2df889-0529-caa2-4f60-b8f58554f0d5, NVIDIA A100-SXM4-80GB, 73689, 81920, 100, 179.99, 38
nid008561,2026/05/03 17:11:49.384, 3, GPU-c25d3ace-c6ec-45a5-d035-12b4951aa97c, NVIDIA A100-SXM4-80GB, 73689, 81920, 100, 187.98, 37
nid008560,2026/05/03 17:11:52.510, 0, GPU-54819be7-1194-d7c8-6144-290abb9c31bd, NVIDIA A100-SXM4-80GB, 34771, 81920, 0, 94.57, 32
nid008560,2026/05/03 17:11:52.512, 1, GPU-8050c628-f086-6a63-afa4-011f4ba35042, NVIDIA A100-SXM4-80GB, 34771, 81920, 0, 95.65, 30
nid008560,2026/05/03 17:11:52.514, 2, GPU-4602a243-1af5-6ed0-97ea-b3aadf6a0de5, NVIDIA A100-SXM4-80GB, 72489, 81920, 0, 116.20, 35
nid008560,2026/05/03 17:11:52.515, 3, GPU-9c51f41c-c484-72dc-0f00-b52442c10eed, NVIDIA A100-SXM4-80GB, 4, 81920, 0, 61.73, 28
nid008561,2026/05/03 17:11:53.495, 0, GPU-046d6a3f-5ea7-4021-4d8b-05bb51db829c, NVIDIA A100-SXM4-80GB, 73689, 81920, 0, 94.15, 35
nid008561,2026/05/03 17:11:53.498, 1, GPU-d2377047-2a9b-0334-b802-a81ee53fa3e8, NVIDIA A100-SXM4-80GB, 73689, 81920, 0, 96.83, 32
nid008561,2026/05/03 17:11:53.500, 2, GPU-cc2df889-0529-caa2-4f60-b8f58554f0d5, NVIDIA A100-SXM4-80GB, 73689, 81920, 0, 90.85, 34
nid008561,2026/05/03 17:11:53.501, 3, GPU-c25d3ace-c6ec-45a5-d035-12b4951aa97c, NVIDIA A100-SXM4-80GB, 73689, 81920, 0, 95.26, 32
nid008560,2026/05/03 17:11:56.532, 0, GPU-54819be7-1194-d7c8-6144-290abb9c31bd, NVIDIA A100-SXM4-80GB, 34771, 81920, 0, 94.57, 32
nid008560,2026/05/03 17:11:56.534, 1, GPU-8050c628-f086-6a63-afa4-011f4ba35042, NVIDIA A100-SXM4-80GB, 34771, 81920, 0, 95.54, 30
nid008560,2026/05/03 17:11:56.536, 2, GPU-4602a243-1af5-6ed0-97ea-b3aadf6a0de5, NVIDIA A100-SXM4-80GB, 72489, 81920, 0, 98.10, 32
nid008560,2026/05/03 17:11:56.537, 3, GPU-9c51f41c-c484-72dc-0f00-b52442c10eed, NVIDIA A100-SXM4-80GB, 4, 81920, 0, 61.73, 28
nid008561,2026/05/03 17:11:57.536, 0, GPU-046d6a3f-5ea7-4021-4d8b-05bb51db829c, NVIDIA A100-SXM4-80GB, 73689, 81920, 100, 175.97, 39
nid008561,2026/05/03 17:11:57.540, 1, GPU-d2377047-2a9b-0334-b802-a81ee53fa3e8, NVIDIA A100-SXM4-80GB, 73689, 81920, 36, 179.04, 36
nid008561,2026/05/03 17:11:57.542, 2, GPU-cc2df889-0529-caa2-4f60-b8f58554f0d5, NVIDIA A100-SXM4-80GB, 73689, 81920, 100, 178.14, 37
nid008561,2026/05/03 17:11:57.544, 3, GPU-c25d3ace-c6ec-45a5-d035-12b4951aa97c, NVIDIA A100-SXM4-80GB, 73689, 81920, 100, 187.75, 36
nid008560,2026/05/03 17:12:00.596, 0, GPU-54819be7-1194-d7c8-6144-290abb9c31bd, NVIDIA A100-SXM4-80GB, 34771, 81920, 0, 94.74, 32
nid008560,2026/05/03 17:12:00.598, 1, GPU-8050c628-f086-6a63-afa4-011f4ba35042, NVIDIA A100-SXM4-80GB, 34771, 81920, 0, 95.65, 30
nid008560,2026/05/03 17:12:00.600, 2, GPU-4602a243-1af5-6ed0-97ea-b3aadf6a0de5, NVIDIA A100-SXM4-80GB, 72489, 81920, 0, 97.98, 32
nid008560,2026/05/03 17:12:00.601, 3, GPU-9c51f41c-c484-72dc-0f00-b52442c10eed, NVIDIA A100-SXM4-80GB, 4, 81920, 0, 61.65, 28
nid008561,2026/05/03 17:12:01.587, 0, GPU-046d6a3f-5ea7-4021-4d8b-05bb51db829c, NVIDIA A100-SXM4-80GB, 73689, 81920, 100, 175.84, 39
nid008561,2026/05/03 17:12:01.590, 1, GPU-d2377047-2a9b-0334-b802-a81ee53fa3e8, NVIDIA A100-SXM4-80GB, 73689, 81920, 37, 162.46, 35
nid008561,2026/05/03 17:12:01.592, 2, GPU-cc2df889-0529-caa2-4f60-b8f58554f0d5, NVIDIA A100-SXM4-80GB, 73689, 81920, 100, 173.71, 38
nid008561,2026/05/03 17:12:01.594, 3, GPU-c25d3ace-c6ec-45a5-d035-12b4951aa97c, NVIDIA A100-SXM4-80GB, 73689, 81920, 100, 183.02, 37
nid008560,2026/05/03 17:12:04.626, 0, GPU-54819be7-1194-d7c8-6144-290abb9c31bd, NVIDIA A100-SXM4-80GB, 34771, 81920, 0, 94.74, 32
nid008560,2026/05/03 17:12:04.639, 1, GPU-8050c628-f086-6a63-afa4-011f4ba35042, NVIDIA A100-SXM4-80GB, 34771, 81920, 0, 95.54, 30
nid008560,2026/05/03 17:12:04.649, 2, GPU-4602a243-1af5-6ed0-97ea-b3aadf6a0de5, NVIDIA A100-SXM4-80GB, 72489, 81920, 0, 97.86, 32
nid008560,2026/05/03 17:12:04.655, 3, GPU-9c51f41c-c484-72dc-0f00-b52442c10eed, NVIDIA A100-SXM4-80GB, 4, 81920, 0, 61.73, 28
nid008561,2026/05/03 17:12:05.603, 0, GPU-046d6a3f-5ea7-4021-4d8b-05bb51db829c, NVIDIA A100-SXM4-80GB, 73689, 81920, 100, 181.60, 39
nid008561,2026/05/03 17:12:05.606, 1, GPU-d2377047-2a9b-0334-b802-a81ee53fa3e8, NVIDIA A100-SXM4-80GB, 73689, 81920, 36, 167.44, 35
nid008561,2026/05/03 17:12:05.608, 2, GPU-cc2df889-0529-caa2-4f60-b8f58554f0d5, NVIDIA A100-SXM4-80GB, 73689, 81920, 100, 181.08, 38
nid008561,2026/05/03 17:12:05.610, 3, GPU-c25d3ace-c6ec-45a5-d035-12b4951aa97c, NVIDIA A100-SXM4-80GB, 73689, 81920, 100, 187.46, 37
nid008560,2026/05/03 17:12:08.593, 0, GPU-54819be7-1194-d7c8-6144-290abb9c31bd, NVIDIA A100-SXM4-80GB, 34771, 81920, 0, 94.57, 32
nid008560,2026/05/03 17:12:08.610, 1, GPU-8050c628-f086-6a63-afa4-011f4ba35042, NVIDIA A100-SXM4-80GB, 34771, 81920, 0, 95.77, 30
nid008560,2026/05/03 17:12:08.616, 2, GPU-4602a243-1af5-6ed0-97ea-b3aadf6a0de5, NVIDIA A100-SXM4-80GB, 72489, 81920, 0, 97.86, 32
nid008560,2026/05/03 17:12:08.621, 3, GPU-9c51f41c-c484-72dc-0f00-b52442c10eed, NVIDIA A100-SXM4-80GB, 4, 81920, 0, 61.80, 28
nid008561,2026/05/03 17:12:09.608, 0, GPU-046d6a3f-5ea7-4021-4d8b-05bb51db829c, NVIDIA A100-SXM4-80GB, 73689, 81920, 100, 176.57, 39
nid008561,2026/05/03 17:12:09.611, 1, GPU-d2377047-2a9b-0334-b802-a81ee53fa3e8, NVIDIA A100-SXM4-80GB, 73689, 81920, 37, 169.25, 35
nid008561,2026/05/03 17:12:09.614, 2, GPU-cc2df889-0529-caa2-4f60-b8f58554f0d5, NVIDIA A100-SXM4-80GB, 73689, 81920, 100, 179.99, 38
nid008561,2026/05/03 17:12:09.616, 3, GPU-c25d3ace-c6ec-45a5-d035-12b4951aa97c, NVIDIA A100-SXM4-80GB, 73689, 81920, 100, 185.09, 37
nid008560,2026/05/03 17:12:12.655, 0, GPU-54819be7-1194-d7c8-6144-290abb9c31bd, NVIDIA A100-SXM4-80GB, 34771, 81920, 0, 95.78, 32
nid008560,2026/05/03 17:12:12.657, 1, GPU-8050c628-f086-6a63-afa4-011f4ba35042, NVIDIA A100-SXM4-80GB, 34771, 81920, 0, 95.54, 30
nid008560,2026/05/03 17:12:12.658, 2, GPU-4602a243-1af5-6ed0-97ea-b3aadf6a0de5, NVIDIA A100-SXM4-80GB, 72489, 81920, 0, 97.86, 32
nid008560,2026/05/03 17:12:12.660, 3, GPU-9c51f41c-c484-72dc-0f00-b52442c10eed, NVIDIA A100-SXM4-80GB, 4, 81920, 0, 61.73, 28
nid008561,2026/05/03 17:12:13.627, 0, GPU-046d6a3f-5ea7-4021-4d8b-05bb51db829c, NVIDIA A100-SXM4-80GB, 73689, 81920, 100, 183.17, 39
nid008561,2026/05/03 17:12:13.631, 1, GPU-d2377047-2a9b-0334-b802-a81ee53fa3e8, NVIDIA A100-SXM4-80GB, 73689, 81920, 40, 170.61, 36
nid008561,2026/05/03 17:12:13.634, 2, GPU-cc2df889-0529-caa2-4f60-b8f58554f0d5, NVIDIA A100-SXM4-80GB, 73689, 81920, 100, 181.10, 38
nid008561,2026/05/03 17:12:13.636, 3, GPU-c25d3ace-c6ec-45a5-d035-12b4951aa97c, NVIDIA A100-SXM4-80GB, 73689, 81920, 100, 189.83, 37
nid008560,2026/05/03 17:12:16.624, 0, GPU-54819be7-1194-d7c8-6144-290abb9c31bd, NVIDIA A100-SXM4-80GB, 34771, 81920, 0, 94.85, 32
nid008560,2026/05/03 17:12:16.626, 1, GPU-8050c628-f086-6a63-afa4-011f4ba35042, NVIDIA A100-SXM4-80GB, 34771, 81920, 0, 95.54, 30
nid008560,2026/05/03 17:12:16.627, 2, GPU-4602a243-1af5-6ed0-97ea-b3aadf6a0de5, NVIDIA A100-SXM4-80GB, 72489, 81920, 0, 98.10, 32
nid008560,2026/05/03 17:12:16.629, 3, GPU-9c51f41c-c484-72dc-0f00-b52442c10eed, NVIDIA A100-SXM4-80GB, 4, 81920, 0, 61.73, 28
nid008561,2026/05/03 17:12:17.580, 0, GPU-046d6a3f-5ea7-4021-4d8b-05bb51db829c, NVIDIA A100-SXM4-80GB, 73689, 81920, 100, 183.15, 39
nid008561,2026/05/03 17:12:17.583, 1, GPU-d2377047-2a9b-0334-b802-a81ee53fa3e8, NVIDIA A100-SXM4-80GB, 73689, 81920, 40, 176.67, 36
nid008561,2026/05/03 17:12:17.585, 2, GPU-cc2df889-0529-caa2-4f60-b8f58554f0d5, NVIDIA A100-SXM4-80GB, 73689, 81920, 100, 181.84, 38
nid008561,2026/05/03 17:12:17.587, 3, GPU-c25d3ace-c6ec-45a5-d035-12b4951aa97c, NVIDIA A100-SXM4-80GB, 73689, 81920, 100, 189.03, 37
nid008560,2026/05/03 17:12:20.666, 0, GPU-54819be7-1194-d7c8-6144-290abb9c31bd, NVIDIA A100-SXM4-80GB, 34771, 81920, 0, 94.85, 32
nid008560,2026/05/03 17:12:20.668, 1, GPU-8050c628-f086-6a63-afa4-011f4ba35042, NVIDIA A100-SXM4-80GB, 34771, 81920, 0, 95.65, 30
nid008560,2026/05/03 17:12:20.670, 2, GPU-4602a243-1af5-6ed0-97ea-b3aadf6a0de5, NVIDIA A100-SXM4-80GB, 72489, 81920, 0, 97.86, 32
nid008560,2026/05/03 17:12:20.671, 3, GPU-9c51f41c-c484-72dc-0f00-b52442c10eed, NVIDIA A100-SXM4-80GB, 4, 81920, 0, 61.73, 28
nid008561,2026/05/03 17:12:21.704, 0, GPU-046d6a3f-5ea7-4021-4d8b-05bb51db829c, NVIDIA A100-SXM4-80GB, 73689, 81920, 100, 183.17, 40
nid008561,2026/05/03 17:12:21.711, 1, GPU-d2377047-2a9b-0334-b802-a81ee53fa3e8, NVIDIA A100-SXM4-80GB, 73689, 81920, 40, 177.20, 36
nid008561,2026/05/03 17:12:21.720, 2, GPU-cc2df889-0529-caa2-4f60-b8f58554f0d5, NVIDIA A100-SXM4-80GB, 73689, 81920, 100, 182.71, 38
nid008561,2026/05/03 17:12:21.734, 3, GPU-c25d3ace-c6ec-45a5-d035-12b4951aa97c, NVIDIA A100-SXM4-80GB, 73689, 81920, 100, 189.03, 37
nid008560,2026/05/03 17:12:24.752, 0, GPU-54819be7-1194-d7c8-6144-290abb9c31bd, NVIDIA A100-SXM4-80GB, 34771, 81920, 0, 95.54, 32
nid008560,2026/05/03 17:12:24.754, 1, GPU-8050c628-f086-6a63-afa4-011f4ba35042, NVIDIA A100-SXM4-80GB, 34771, 81920, 0, 95.54, 30
nid008560,2026/05/03 17:12:24.755, 2, GPU-4602a243-1af5-6ed0-97ea-b3aadf6a0de5, NVIDIA A100-SXM4-80GB, 72489, 81920, 0, 97.86, 32
nid008560,2026/05/03 17:12:24.757, 3, GPU-9c51f41c-c484-72dc-0f00-b52442c10eed, NVIDIA A100-SXM4-80GB, 4, 81920, 0, 61.73, 28
nid008561,2026/05/03 17:12:25.729, 0, GPU-046d6a3f-5ea7-4021-4d8b-05bb51db829c, NVIDIA A100-SXM4-80GB, 73689, 81920, 100, 181.84, 40
nid008561,2026/05/03 17:12:25.732, 1, GPU-d2377047-2a9b-0334-b802-a81ee53fa3e8, NVIDIA A100-SXM4-80GB, 73689, 81920, 39, 177.48, 36
nid008561,2026/05/03 17:12:25.737, 2, GPU-cc2df889-0529-caa2-4f60-b8f58554f0d5, NVIDIA A100-SXM4-80GB, 73689, 81920, 100, 179.76, 38
nid008561,2026/05/03 17:12:25.739, 3, GPU-c25d3ace-c6ec-45a5-d035-12b4951aa97c, NVIDIA A100-SXM4-80GB, 73689, 81920, 100, 191.15, 37
nid008560,2026/05/03 17:12:28.788, 0, GPU-54819be7-1194-d7c8-6144-290abb9c31bd, NVIDIA A100-SXM4-80GB, 34771, 81920, 0, 94.74, 32
nid008560,2026/05/03 17:12:28.790, 1, GPU-8050c628-f086-6a63-afa4-011f4ba35042, NVIDIA A100-SXM4-80GB, 34771, 81920, 0, 95.65, 30
nid008560,2026/05/03 17:12:28.791, 2, GPU-4602a243-1af5-6ed0-97ea-b3aadf6a0de5, NVIDIA A100-SXM4-80GB, 72489, 81920, 0, 97.86, 32
nid008560,2026/05/03 17:12:28.793, 3, GPU-9c51f41c-c484-72dc-0f00-b52442c10eed, NVIDIA A100-SXM4-80GB, 4, 81920, 0, 61.73, 28
nid008561,2026/05/03 17:12:29.808, 0, GPU-046d6a3f-5ea7-4021-4d8b-05bb51db829c, NVIDIA A100-SXM4-80GB, 73689, 81920, 100, 183.17, 40
nid008561,2026/05/03 17:12:29.816, 1, GPU-d2377047-2a9b-0334-b802-a81ee53fa3e8, NVIDIA A100-SXM4-80GB, 73689, 81920, 40, 180.89, 36
nid008561,2026/05/03 17:12:29.822, 2, GPU-cc2df889-0529-caa2-4f60-b8f58554f0d5, NVIDIA A100-SXM4-80GB, 73689, 81920, 100, 180.56, 38
nid008561,2026/05/03 17:12:29.829, 3, GPU-c25d3ace-c6ec-45a5-d035-12b4951aa97c, NVIDIA A100-SXM4-80GB, 73689, 81920, 100, 191.40, 37
nid008560,2026/05/03 17:12:32.888, 0, GPU-54819be7-1194-d7c8-6144-290abb9c31bd, NVIDIA A100-SXM4-80GB, 34771, 81920, 0, 95.77, 32
nid008560,2026/05/03 17:12:32.891, 1, GPU-8050c628-f086-6a63-afa4-011f4ba35042, NVIDIA A100-SXM4-80GB, 34771, 81920, 0, 95.65, 30
nid008560,2026/05/03 17:12:32.892, 2, GPU-4602a243-1af5-6ed0-97ea-b3aadf6a0de5, NVIDIA A100-SXM4-80GB, 72489, 81920, 0, 97.86, 32
nid008560,2026/05/03 17:12:32.893, 3, GPU-9c51f41c-c484-72dc-0f00-b52442c10eed, NVIDIA A100-SXM4-80GB, 4, 81920, 0, 61.73, 28
nid008561,2026/05/03 17:12:33.895, 0, GPU-046d6a3f-5ea7-4021-4d8b-05bb51db829c, NVIDIA A100-SXM4-80GB, 73689, 81920, 100, 184.72, 40
nid008561,2026/05/03 17:12:33.898, 1, GPU-d2377047-2a9b-0334-b802-a81ee53fa3e8, NVIDIA A100-SXM4-80GB, 73689, 81920, 40, 180.89, 36
nid008561,2026/05/03 17:12:33.900, 2, GPU-cc2df889-0529-caa2-4f60-b8f58554f0d5, NVIDIA A100-SXM4-80GB, 73689, 81920, 100, 182.86, 38
nid008561,2026/05/03 17:12:33.902, 3, GPU-c25d3ace-c6ec-45a5-d035-12b4951aa97c, NVIDIA A100-SXM4-80GB, 73689, 81920, 100, 185.83, 37
nid008560,2026/05/03 17:12:36.921, 0, GPU-54819be7-1194-d7c8-6144-290abb9c31bd, NVIDIA A100-SXM4-80GB, 34771, 81920, 0, 94.85, 32
nid008560,2026/05/03 17:12:36.923, 1, GPU-8050c628-f086-6a63-afa4-011f4ba35042, NVIDIA A100-SXM4-80GB, 34771, 81920, 0, 95.65, 30
nid008560,2026/05/03 17:12:36.925, 2, GPU-4602a243-1af5-6ed0-97ea-b3aadf6a0de5, NVIDIA A100-SXM4-80GB, 72489, 81920, 0, 97.86, 32
nid008560,2026/05/03 17:12:36.926, 3, GPU-9c51f41c-c484-72dc-0f00-b52442c10eed, NVIDIA A100-SXM4-80GB, 4, 81920, 0, 61.73, 28
nid008561,2026/05/03 17:12:37.869, 0, GPU-046d6a3f-5ea7-4021-4d8b-05bb51db829c, NVIDIA A100-SXM4-80GB, 73689, 81920, 100, 180.20, 40
nid008561,2026/05/03 17:12:37.872, 1, GPU-d2377047-2a9b-0334-b802-a81ee53fa3e8, NVIDIA A100-SXM4-80GB, 73689, 81920, 39, 180.65, 36
nid008561,2026/05/03 17:12:37.874, 2, GPU-cc2df889-0529-caa2-4f60-b8f58554f0d5, NVIDIA A100-SXM4-80GB, 73689, 81920, 100, 182.65, 38
nid008561,2026/05/03 17:12:37.876, 3, GPU-c25d3ace-c6ec-45a5-d035-12b4951aa97c, NVIDIA A100-SXM4-80GB, 73689, 81920, 100, 189.83, 37
nid008560,2026/05/03 17:12:40.900, 0, GPU-54819be7-1194-d7c8-6144-290abb9c31bd, NVIDIA A100-SXM4-80GB, 34771, 81920, 0, 94.57, 32
nid008560,2026/05/03 17:12:40.915, 1, GPU-8050c628-f086-6a63-afa4-011f4ba35042, NVIDIA A100-SXM4-80GB, 34771, 81920, 0, 95.65, 30
nid008560,2026/05/03 17:12:40.920, 2, GPU-4602a243-1af5-6ed0-97ea-b3aadf6a0de5, NVIDIA A100-SXM4-80GB, 72489, 81920, 0, 97.86, 32
nid008560,2026/05/03 17:12:40.926, 3, GPU-9c51f41c-c484-72dc-0f00-b52442c10eed, NVIDIA A100-SXM4-80GB, 4, 81920, 0, 61.73, 28
nid008561,2026/05/03 17:12:41.934, 0, GPU-046d6a3f-5ea7-4021-4d8b-05bb51db829c, NVIDIA A100-SXM4-80GB, 73689, 81920, 100, 182.13, 40
nid008561,2026/05/03 17:12:41.938, 1, GPU-d2377047-2a9b-0334-b802-a81ee53fa3e8, NVIDIA A100-SXM4-80GB, 73689, 81920, 40, 181.17, 36
nid008561,2026/05/03 17:12:41.943, 2, GPU-cc2df889-0529-caa2-4f60-b8f58554f0d5, NVIDIA A100-SXM4-80GB, 73689, 81920, 100, 182.20, 38
nid008561,2026/05/03 17:12:41.945, 3, GPU-c25d3ace-c6ec-45a5-d035-12b4951aa97c, NVIDIA A100-SXM4-80GB, 73689, 81920, 100, 190.87, 37
nid008560,2026/05/03 17:12:45.044, 0, GPU-54819be7-1194-d7c8-6144-290abb9c31bd, NVIDIA A100-SXM4-80GB, 34771, 81920, 0, 94.51, 32
nid008560,2026/05/03 17:12:45.046, 1, GPU-8050c628-f086-6a63-afa4-011f4ba35042, NVIDIA A100-SXM4-80GB, 34771, 81920, 0, 95.56, 30
nid008560,2026/05/03 17:12:45.048, 2, GPU-4602a243-1af5-6ed0-97ea-b3aadf6a0de5, NVIDIA A100-SXM4-80GB, 72489, 81920, 100, 504.20, 48
nid008560,2026/05/03 17:12:45.049, 3, GPU-9c51f41c-c484-72dc-0f00-b52442c10eed, NVIDIA A100-SXM4-80GB, 4, 81920, 0, 61.73, 28
nid008561,2026/05/03 17:12:46.012, 0, GPU-046d6a3f-5ea7-4021-4d8b-05bb51db829c, NVIDIA A100-SXM4-80GB, 73689, 81920, 0, 94.68, 36
nid008561,2026/05/03 17:12:46.019, 1, GPU-d2377047-2a9b-0334-b802-a81ee53fa3e8, NVIDIA A100-SXM4-80GB, 73689, 81920, 0, 96.83, 32
nid008561,2026/05/03 17:12:46.024, 2, GPU-cc2df889-0529-caa2-4f60-b8f58554f0d5, NVIDIA A100-SXM4-80GB, 73689, 81920, 0, 91.94, 35
nid008561,2026/05/03 17:12:46.030, 3, GPU-c25d3ace-c6ec-45a5-d035-12b4951aa97c, NVIDIA A100-SXM4-80GB, 73689, 81920, 0, 100.41, 33
nid008560,2026/05/03 17:12:49.062, 0, GPU-54819be7-1194-d7c8-6144-290abb9c31bd, NVIDIA A100-SXM4-80GB, 34771, 81920, 0, 94.74, 32
nid008560,2026/05/03 17:12:49.064, 1, GPU-8050c628-f086-6a63-afa4-011f4ba35042, NVIDIA A100-SXM4-80GB, 34771, 81920, 0, 95.54, 30
nid008560,2026/05/03 17:12:49.065, 2, GPU-4602a243-1af5-6ed0-97ea-b3aadf6a0de5, NVIDIA A100-SXM4-80GB, 72489, 81920, 0, 98.38, 32
nid008560,2026/05/03 17:12:49.067, 3, GPU-9c51f41c-c484-72dc-0f00-b52442c10eed, NVIDIA A100-SXM4-80GB, 4, 81920, 0, 61.73, 28
nid008561,2026/05/03 17:12:50.045, 0, GPU-046d6a3f-5ea7-4021-4d8b-05bb51db829c, NVIDIA A100-SXM4-80GB, 73689, 81920, 100, 189.01, 39
nid008561,2026/05/03 17:12:50.048, 1, GPU-d2377047-2a9b-0334-b802-a81ee53fa3e8, NVIDIA A100-SXM4-80GB, 73689, 81920, 100, 189.08, 36
nid008561,2026/05/03 17:12:50.050, 2, GPU-cc2df889-0529-caa2-4f60-b8f58554f0d5, NVIDIA A100-SXM4-80GB, 73689, 81920, 40, 165.02, 36
nid008561,2026/05/03 17:12:50.052, 3, GPU-c25d3ace-c6ec-45a5-d035-12b4951aa97c, NVIDIA A100-SXM4-80GB, 73689, 81920, 100, 184.80, 37
nid008560,2026/05/03 17:12:53.077, 0, GPU-54819be7-1194-d7c8-6144-290abb9c31bd, NVIDIA A100-SXM4-80GB, 34771, 81920, 0, 94.85, 32
nid008560,2026/05/03 17:12:53.079, 1, GPU-8050c628-f086-6a63-afa4-011f4ba35042, NVIDIA A100-SXM4-80GB, 34771, 81920, 0, 95.65, 30
nid008560,2026/05/03 17:12:53.081, 2, GPU-4602a243-1af5-6ed0-97ea-b3aadf6a0de5, NVIDIA A100-SXM4-80GB, 72489, 81920, 0, 98.10, 32
nid008560,2026/05/03 17:12:53.082, 3, GPU-9c51f41c-c484-72dc-0f00-b52442c10eed, NVIDIA A100-SXM4-80GB, 4, 81920, 0, 61.73, 28
nid008561,2026/05/03 17:12:54.038, 0, GPU-046d6a3f-5ea7-4021-4d8b-05bb51db829c, NVIDIA A100-SXM4-80GB, 73689, 81920, 100, 182.86, 39
nid008561,2026/05/03 17:12:54.042, 1, GPU-d2377047-2a9b-0334-b802-a81ee53fa3e8, NVIDIA A100-SXM4-80GB, 73689, 81920, 100, 183.02, 36
nid008561,2026/05/03 17:12:54.044, 2, GPU-cc2df889-0529-caa2-4f60-b8f58554f0d5, NVIDIA A100-SXM4-80GB, 73689, 81920, 40, 163.89, 37
nid008561,2026/05/03 17:12:54.046, 3, GPU-c25d3ace-c6ec-45a5-d035-12b4951aa97c, NVIDIA A100-SXM4-80GB, 73689, 81920, 100, 189.03, 37
nid008560,2026/05/03 17:12:57.061, 0, GPU-54819be7-1194-d7c8-6144-290abb9c31bd, NVIDIA A100-SXM4-80GB, 34771, 81920, 0, 94.85, 32
nid008560,2026/05/03 17:12:57.063, 1, GPU-8050c628-f086-6a63-afa4-011f4ba35042, NVIDIA A100-SXM4-80GB, 34771, 81920, 0, 95.65, 30
nid008560,2026/05/03 17:12:57.064, 2, GPU-4602a243-1af5-6ed0-97ea-b3aadf6a0de5, NVIDIA A100-SXM4-80GB, 72489, 81920, 0, 97.86, 32
nid008560,2026/05/03 17:12:57.066, 3, GPU-9c51f41c-c484-72dc-0f00-b52442c10eed, NVIDIA A100-SXM4-80GB, 4, 81920, 0, 61.73, 28
nid008561,2026/05/03 17:12:58.070, 0, GPU-046d6a3f-5ea7-4021-4d8b-05bb51db829c, NVIDIA A100-SXM4-80GB, 73689, 81920, 100, 182.35, 40
nid008561,2026/05/03 17:12:58.074, 1, GPU-d2377047-2a9b-0334-b802-a81ee53fa3e8, NVIDIA A100-SXM4-80GB, 73689, 81920, 100, 189.31, 37
nid008561,2026/05/03 17:12:58.076, 2, GPU-cc2df889-0529-caa2-4f60-b8f58554f0d5, NVIDIA A100-SXM4-80GB, 73689, 81920, 40, 164.70, 37
nid008561,2026/05/03 17:12:58.078, 3, GPU-c25d3ace-c6ec-45a5-d035-12b4951aa97c, NVIDIA A100-SXM4-80GB, 73689, 81920, 100, 188.78, 37
nid008560,2026/05/03 17:13:01.083, 0, GPU-54819be7-1194-d7c8-6144-290abb9c31bd, NVIDIA A100-SXM4-80GB, 34771, 81920, 0, 94.74, 32
nid008560,2026/05/03 17:13:01.086, 1, GPU-8050c628-f086-6a63-afa4-011f4ba35042, NVIDIA A100-SXM4-80GB, 34771, 81920, 0, 95.54, 30
nid008560,2026/05/03 17:13:01.087, 2, GPU-4602a243-1af5-6ed0-97ea-b3aadf6a0de5, NVIDIA A100-SXM4-80GB, 72489, 81920, 0, 97.98, 32
nid008560,2026/05/03 17:13:01.089, 3, GPU-9c51f41c-c484-72dc-0f00-b52442c10eed, NVIDIA A100-SXM4-80GB, 4, 81920, 0, 61.73, 28
nid008561,2026/05/03 17:13:02.096, 0, GPU-046d6a3f-5ea7-4021-4d8b-05bb51db829c, NVIDIA A100-SXM4-80GB, 73689, 81920, 100, 178.11, 40
nid008561,2026/05/03 17:13:02.099, 1, GPU-d2377047-2a9b-0334-b802-a81ee53fa3e8, NVIDIA A100-SXM4-80GB, 73689, 81920, 38, 156.82, 35
nid008561,2026/05/03 17:13:02.101, 2, GPU-cc2df889-0529-caa2-4f60-b8f58554f0d5, NVIDIA A100-SXM4-80GB, 73689, 81920, 100, 181.60, 38
nid008561,2026/05/03 17:13:02.103, 3, GPU-c25d3ace-c6ec-45a5-d035-12b4951aa97c, NVIDIA A100-SXM4-80GB, 73689, 81920, 100, 187.98, 37
nid008560,2026/05/03 17:13:05.105, 0, GPU-54819be7-1194-d7c8-6144-290abb9c31bd, NVIDIA A100-SXM4-80GB, 34771, 81920, 0, 94.85, 32
nid008560,2026/05/03 17:13:05.107, 1, GPU-8050c628-f086-6a63-afa4-011f4ba35042, NVIDIA A100-SXM4-80GB, 34771, 81920, 0, 95.65, 30
nid008560,2026/05/03 17:13:05.109, 2, GPU-4602a243-1af5-6ed0-97ea-b3aadf6a0de5, NVIDIA A100-SXM4-80GB, 72489, 81920, 0, 97.86, 32
nid008560,2026/05/03 17:13:05.113, 3, GPU-9c51f41c-c484-72dc-0f00-b52442c10eed, NVIDIA A100-SXM4-80GB, 4, 81920, 0, 61.73, 28
nid008561,2026/05/03 17:13:06.199, 0, GPU-046d6a3f-5ea7-4021-4d8b-05bb51db829c, NVIDIA A100-SXM4-80GB, 73689, 81920, 100, 178.95, 39
nid008561,2026/05/03 17:13:06.202, 1, GPU-d2377047-2a9b-0334-b802-a81ee53fa3e8, NVIDIA A100-SXM4-80GB, 73689, 81920, 39, 159.29, 35
nid008561,2026/05/03 17:13:06.205, 2, GPU-cc2df889-0529-caa2-4f60-b8f58554f0d5, NVIDIA A100-SXM4-80GB, 73689, 81920, 100, 175.84, 38
nid008561,2026/05/03 17:13:06.207, 3, GPU-c25d3ace-c6ec-45a5-d035-12b4951aa97c, NVIDIA A100-SXM4-80GB, 73689, 81920, 100, 186.94, 37
nid008560,2026/05/03 17:13:09.200, 0, GPU-54819be7-1194-d7c8-6144-290abb9c31bd, NVIDIA A100-SXM4-80GB, 34771, 81920, 0, 94.85, 32
nid008560,2026/05/03 17:13:09.202, 1, GPU-8050c628-f086-6a63-afa4-011f4ba35042, NVIDIA A100-SXM4-80GB, 34771, 81920, 0, 95.65, 30
nid008560,2026/05/03 17:13:09.203, 2, GPU-4602a243-1af5-6ed0-97ea-b3aadf6a0de5, NVIDIA A100-SXM4-80GB, 72489, 81920, 0, 97.97, 32
nid008560,2026/05/03 17:13:09.205, 3, GPU-9c51f41c-c484-72dc-0f00-b52442c10eed, NVIDIA A100-SXM4-80GB, 4, 81920, 0, 61.73, 28
nid008561,2026/05/03 17:13:10.187, 0, GPU-046d6a3f-5ea7-4021-4d8b-05bb51db829c, NVIDIA A100-SXM4-80GB, 73689, 81920, 100, 182.13, 39
nid008561,2026/05/03 17:13:10.190, 1, GPU-d2377047-2a9b-0334-b802-a81ee53fa3e8, NVIDIA A100-SXM4-80GB, 73689, 81920, 39, 159.29, 35
nid008561,2026/05/03 17:13:10.192, 2, GPU-cc2df889-0529-caa2-4f60-b8f58554f0d5, NVIDIA A100-SXM4-80GB, 73689, 81920, 100, 171.82, 38
nid008561,2026/05/03 17:13:10.198, 3, GPU-c25d3ace-c6ec-45a5-d035-12b4951aa97c, NVIDIA A100-SXM4-80GB, 73689, 81920, 100, 189.31, 37
nid008560,2026/05/03 17:13:13.182, 0, GPU-54819be7-1194-d7c8-6144-290abb9c31bd, NVIDIA A100-SXM4-80GB, 34771, 81920, 0, 94.85, 32
nid008560,2026/05/03 17:13:13.184, 1, GPU-8050c628-f086-6a63-afa4-011f4ba35042, NVIDIA A100-SXM4-80GB, 34771, 81920, 0, 95.65, 30
nid008560,2026/05/03 17:13:13.185, 2, GPU-4602a243-1af5-6ed0-97ea-b3aadf6a0de5, NVIDIA A100-SXM4-80GB, 72489, 81920, 0, 97.74, 32
nid008560,2026/05/03 17:13:13.187, 3, GPU-9c51f41c-c484-72dc-0f00-b52442c10eed, NVIDIA A100-SXM4-80GB, 4, 81920, 0, 61.73, 28
nid008561,2026/05/03 17:13:14.134, 0, GPU-046d6a3f-5ea7-4021-4d8b-05bb51db829c, NVIDIA A100-SXM4-80GB, 73689, 81920, 100, 179.76, 39
nid008561,2026/05/03 17:13:14.137, 1, GPU-d2377047-2a9b-0334-b802-a81ee53fa3e8, NVIDIA A100-SXM4-80GB, 73689, 81920, 40, 165.07, 35
nid008561,2026/05/03 17:13:14.139, 2, GPU-cc2df889-0529-caa2-4f60-b8f58554f0d5, NVIDIA A100-SXM4-80GB, 73689, 81920, 100, 180.06, 38
nid008561,2026/05/03 17:13:14.141, 3, GPU-c25d3ace-c6ec-45a5-d035-12b4951aa97c, NVIDIA A100-SXM4-80GB, 73689, 81920, 100, 189.08, 37
nid008560,2026/05/03 17:13:17.156, 0, GPU-54819be7-1194-d7c8-6144-290abb9c31bd, NVIDIA A100-SXM4-80GB, 34771, 81920, 0, 94.85, 32
nid008560,2026/05/03 17:13:17.165, 1, GPU-8050c628-f086-6a63-afa4-011f4ba35042, NVIDIA A100-SXM4-80GB, 34771, 81920, 0, 95.65, 30
nid008560,2026/05/03 17:13:17.177, 2, GPU-4602a243-1af5-6ed0-97ea-b3aadf6a0de5, NVIDIA A100-SXM4-80GB, 72489, 81920, 0, 97.86, 32
nid008560,2026/05/03 17:13:17.188, 3, GPU-9c51f41c-c484-72dc-0f00-b52442c10eed, NVIDIA A100-SXM4-80GB, 4, 81920, 0, 61.73, 28
nid008561,2026/05/03 17:13:18.152, 0, GPU-046d6a3f-5ea7-4021-4d8b-05bb51db829c, NVIDIA A100-SXM4-80GB, 73689, 81920, 100, 184.79, 40
nid008561,2026/05/03 17:13:18.163, 1, GPU-d2377047-2a9b-0334-b802-a81ee53fa3e8, NVIDIA A100-SXM4-80GB, 73689, 81920, 39, 174.83, 36
nid008561,2026/05/03 17:13:18.169, 2, GPU-cc2df889-0529-caa2-4f60-b8f58554f0d5, NVIDIA A100-SXM4-80GB, 73689, 81920, 100, 180.87, 38
nid008561,2026/05/03 17:13:18.176, 3, GPU-c25d3ace-c6ec-45a5-d035-12b4951aa97c, NVIDIA A100-SXM4-80GB, 73689, 81920, 100, 184.80, 37
nid008560,2026/05/03 17:13:21.280, 0, GPU-54819be7-1194-d7c8-6144-290abb9c31bd, NVIDIA A100-SXM4-80GB, 34771, 81920, 0, 94.85, 32
nid008560,2026/05/03 17:13:21.282, 1, GPU-8050c628-f086-6a63-afa4-011f4ba35042, NVIDIA A100-SXM4-80GB, 34771, 81920, 0, 95.65, 30
nid008560,2026/05/03 17:13:21.283, 2, GPU-4602a243-1af5-6ed0-97ea-b3aadf6a0de5, NVIDIA A100-SXM4-80GB, 72489, 81920, 0, 97.86, 32
nid008560,2026/05/03 17:13:21.285, 3, GPU-9c51f41c-c484-72dc-0f00-b52442c10eed, NVIDIA A100-SXM4-80GB, 4, 81920, 0, 61.73, 28
nid008561,2026/05/03 17:13:22.259, 0, GPU-046d6a3f-5ea7-4021-4d8b-05bb51db829c, NVIDIA A100-SXM4-80GB, 73689, 81920, 100, 181.60, 39
nid008561,2026/05/03 17:13:22.263, 1, GPU-d2377047-2a9b-0334-b802-a81ee53fa3e8, NVIDIA A100-SXM4-80GB, 73689, 81920, 37, 173.18, 36
nid008561,2026/05/03 17:13:22.265, 2, GPU-cc2df889-0529-caa2-4f60-b8f58554f0d5, NVIDIA A100-SXM4-80GB, 73689, 81920, 100, 179.78, 38
nid008561,2026/05/03 17:13:22.267, 3, GPU-c25d3ace-c6ec-45a5-d035-12b4951aa97c, NVIDIA A100-SXM4-80GB, 73689, 81920, 100, 185.09, 37
nid008560,2026/05/03 17:13:25.329, 0, GPU-54819be7-1194-d7c8-6144-290abb9c31bd, NVIDIA A100-SXM4-80GB, 34771, 81920, 0, 94.85, 32
nid008560,2026/05/03 17:13:25.331, 1, GPU-8050c628-f086-6a63-afa4-011f4ba35042, NVIDIA A100-SXM4-80GB, 34771, 81920, 0, 95.65, 30
nid008560,2026/05/03 17:13:25.332, 2, GPU-4602a243-1af5-6ed0-97ea-b3aadf6a0de5, NVIDIA A100-SXM4-80GB, 72489, 81920, 0, 98.10, 32
nid008560,2026/05/03 17:13:25.334, 3, GPU-9c51f41c-c484-72dc-0f00-b52442c10eed, NVIDIA A100-SXM4-80GB, 4, 81920, 0, 61.73, 28
nid008561,2026/05/03 17:13:26.394, 0, GPU-046d6a3f-5ea7-4021-4d8b-05bb51db829c, NVIDIA A100-SXM4-80GB, 73689, 81920, 100, 181.08, 39
nid008561,2026/05/03 17:13:26.397, 1, GPU-d2377047-2a9b-0334-b802-a81ee53fa3e8, NVIDIA A100-SXM4-80GB, 73689, 81920, 38, 177.48, 36
nid008561,2026/05/03 17:13:26.399, 2, GPU-cc2df889-0529-caa2-4f60-b8f58554f0d5, NVIDIA A100-SXM4-80GB, 73689, 81920, 100, 177.17, 38
nid008561,2026/05/03 17:13:26.402, 3, GPU-c25d3ace-c6ec-45a5-d035-12b4951aa97c, NVIDIA A100-SXM4-80GB, 73689, 81920, 100, 188.26, 37
nid008560,2026/05/03 17:13:29.428, 0, GPU-54819be7-1194-d7c8-6144-290abb9c31bd, NVIDIA A100-SXM4-80GB, 34771, 81920, 0, 94.85, 32
nid008560,2026/05/03 17:13:29.431, 1, GPU-8050c628-f086-6a63-afa4-011f4ba35042, NVIDIA A100-SXM4-80GB, 34771, 81920, 0, 95.48, 30
nid008560,2026/05/03 17:13:29.432, 2, GPU-4602a243-1af5-6ed0-97ea-b3aadf6a0de5, NVIDIA A100-SXM4-80GB, 72489, 81920, 0, 97.86, 32
nid008560,2026/05/03 17:13:29.433, 3, GPU-9c51f41c-c484-72dc-0f00-b52442c10eed, NVIDIA A100-SXM4-80GB, 4, 81920, 0, 61.80, 28
nid008561,2026/05/03 17:13:30.387, 0, GPU-046d6a3f-5ea7-4021-4d8b-05bb51db829c, NVIDIA A100-SXM4-80GB, 73689, 81920, 100, 184.50, 40
nid008561,2026/05/03 17:13:30.395, 1, GPU-d2377047-2a9b-0334-b802-a81ee53fa3e8, NVIDIA A100-SXM4-80GB, 73689, 81920, 37, 184.28, 36
nid008561,2026/05/03 17:13:30.400, 2, GPU-cc2df889-0529-caa2-4f60-b8f58554f0d5, NVIDIA A100-SXM4-80GB, 73689, 81920, 100, 182.41, 38
nid008561,2026/05/03 17:13:30.406, 3, GPU-c25d3ace-c6ec-45a5-d035-12b4951aa97c, NVIDIA A100-SXM4-80GB, 73689, 81920, 100, 191.15, 37
nid008560,2026/05/03 17:13:33.406, 0, GPU-54819be7-1194-d7c8-6144-290abb9c31bd, NVIDIA A100-SXM4-80GB, 34771, 81920, 0, 94.85, 32
nid008560,2026/05/03 17:13:33.408, 1, GPU-8050c628-f086-6a63-afa4-011f4ba35042, NVIDIA A100-SXM4-80GB, 34771, 81920, 0, 95.54, 30
nid008560,2026/05/03 17:13:33.415, 2, GPU-4602a243-1af5-6ed0-97ea-b3aadf6a0de5, NVIDIA A100-SXM4-80GB, 72489, 81920, 0, 97.86, 32
nid008560,2026/05/03 17:13:33.416, 3, GPU-9c51f41c-c484-72dc-0f00-b52442c10eed, NVIDIA A100-SXM4-80GB, 4, 81920, 0, 61.73, 28
nid008561,2026/05/03 17:13:34.381, 0, GPU-046d6a3f-5ea7-4021-4d8b-05bb51db829c, NVIDIA A100-SXM4-80GB, 73689, 81920, 100, 183.98, 40
nid008561,2026/05/03 17:13:34.384, 1, GPU-d2377047-2a9b-0334-b802-a81ee53fa3e8, NVIDIA A100-SXM4-80GB, 73689, 81920, 40, 183.82, 36
nid008561,2026/05/03 17:13:34.386, 2, GPU-cc2df889-0529-caa2-4f60-b8f58554f0d5, NVIDIA A100-SXM4-80GB, 73689, 81920, 100, 182.71, 38
nid008561,2026/05/03 17:13:34.389, 3, GPU-c25d3ace-c6ec-45a5-d035-12b4951aa97c, NVIDIA A100-SXM4-80GB, 73689, 81920, 100, 188.26, 37
nid008560,2026/05/03 17:13:37.449, 0, GPU-54819be7-1194-d7c8-6144-290abb9c31bd, NVIDIA A100-SXM4-80GB, 34771, 81920, 0, 94.74, 32
nid008560,2026/05/03 17:13:37.455, 1, GPU-8050c628-f086-6a63-afa4-011f4ba35042, NVIDIA A100-SXM4-80GB, 34771, 81920, 0, 95.65, 30
nid008560,2026/05/03 17:13:37.461, 2, GPU-4602a243-1af5-6ed0-97ea-b3aadf6a0de5, NVIDIA A100-SXM4-80GB, 72489, 81920, 0, 97.86, 32
nid008560,2026/05/03 17:13:37.466, 3, GPU-9c51f41c-c484-72dc-0f00-b52442c10eed, NVIDIA A100-SXM4-80GB, 4, 81920, 0, 61.73, 28
nid008561,2026/05/03 17:13:38.466, 0, GPU-046d6a3f-5ea7-4021-4d8b-05bb51db829c, NVIDIA A100-SXM4-80GB, 73689, 81920, 52, 112.60, 38
nid008561,2026/05/03 17:13:38.469, 1, GPU-d2377047-2a9b-0334-b802-a81ee53fa3e8, NVIDIA A100-SXM4-80GB, 73689, 81920, 21, 112.85, 34
nid008561,2026/05/03 17:13:38.471, 2, GPU-cc2df889-0529-caa2-4f60-b8f58554f0d5, NVIDIA A100-SXM4-80GB, 73689, 81920, 100, 109.04, 37
nid008561,2026/05/03 17:13:38.473, 3, GPU-c25d3ace-c6ec-45a5-d035-12b4951aa97c, NVIDIA A100-SXM4-80GB, 73689, 81920, 41, 115.13, 35
nid008560,2026/05/03 17:13:41.582, 0, GPU-54819be7-1194-d7c8-6144-290abb9c31bd, NVIDIA A100-SXM4-80GB, 34771, 81920, 0, 94.85, 32
nid008560,2026/05/03 17:13:41.584, 1, GPU-8050c628-f086-6a63-afa4-011f4ba35042, NVIDIA A100-SXM4-80GB, 34771, 81920, 0, 95.65, 30
nid008560,2026/05/03 17:13:41.585, 2, GPU-4602a243-1af5-6ed0-97ea-b3aadf6a0de5, NVIDIA A100-SXM4-80GB, 72489, 81920, 0, 98.63, 33
nid008560,2026/05/03 17:13:41.587, 3, GPU-9c51f41c-c484-72dc-0f00-b52442c10eed, NVIDIA A100-SXM4-80GB, 4, 81920, 0, 61.73, 28
nid008561,2026/05/03 17:13:42.525, 0, GPU-046d6a3f-5ea7-4021-4d8b-05bb51db829c, NVIDIA A100-SXM4-80GB, 73689, 81920, 17, 153.49, 36
nid008561,2026/05/03 17:13:42.528, 1, GPU-d2377047-2a9b-0334-b802-a81ee53fa3e8, NVIDIA A100-SXM4-80GB, 73689, 81920, 51, 181.39, 34
nid008561,2026/05/03 17:13:42.530, 2, GPU-cc2df889-0529-caa2-4f60-b8f58554f0d5, NVIDIA A100-SXM4-80GB, 73689, 81920, 47, 178.63, 36
nid008561,2026/05/03 17:13:42.532, 3, GPU-c25d3ace-c6ec-45a5-d035-12b4951aa97c, NVIDIA A100-SXM4-80GB, 73689, 81920, 61, 185.54, 35
nid008560,2026/05/03 17:13:45.586, 0, GPU-54819be7-1194-d7c8-6144-290abb9c31bd, NVIDIA A100-SXM4-80GB, 34771, 81920, 0, 94.74, 32
nid008560,2026/05/03 17:13:45.588, 1, GPU-8050c628-f086-6a63-afa4-011f4ba35042, NVIDIA A100-SXM4-80GB, 34771, 81920, 0, 95.54, 30
nid008560,2026/05/03 17:13:45.590, 2, GPU-4602a243-1af5-6ed0-97ea-b3aadf6a0de5, NVIDIA A100-SXM4-80GB, 72489, 81920, 0, 97.98, 32
nid008560,2026/05/03 17:13:45.591, 3, GPU-9c51f41c-c484-72dc-0f00-b52442c10eed, NVIDIA A100-SXM4-80GB, 4, 81920, 0, 61.73, 28
nid008561,2026/05/03 17:13:46.553, 0, GPU-046d6a3f-5ea7-4021-4d8b-05bb51db829c, NVIDIA A100-SXM4-80GB, 73689, 81920, 100, 182.20, 39
nid008561,2026/05/03 17:13:46.557, 1, GPU-d2377047-2a9b-0334-b802-a81ee53fa3e8, NVIDIA A100-SXM4-80GB, 73689, 81920, 100, 188.05, 36
nid008561,2026/05/03 17:13:46.565, 2, GPU-cc2df889-0529-caa2-4f60-b8f58554f0d5, NVIDIA A100-SXM4-80GB, 73689, 81920, 38, 156.02, 36
nid008561,2026/05/03 17:13:46.567, 3, GPU-c25d3ace-c6ec-45a5-d035-12b4951aa97c, NVIDIA A100-SXM4-80GB, 73689, 81920, 100, 183.54, 37
nid008560,2026/05/03 17:13:49.606, 0, GPU-54819be7-1194-d7c8-6144-290abb9c31bd, NVIDIA A100-SXM4-80GB, 34771, 81920, 0, 94.74, 32
nid008560,2026/05/03 17:13:49.608, 1, GPU-8050c628-f086-6a63-afa4-011f4ba35042, NVIDIA A100-SXM4-80GB, 34771, 81920, 0, 95.65, 30
nid008560,2026/05/03 17:13:49.609, 2, GPU-4602a243-1af5-6ed0-97ea-b3aadf6a0de5, NVIDIA A100-SXM4-80GB, 72489, 81920, 0, 98.10, 32
nid008560,2026/05/03 17:13:49.611, 3, GPU-9c51f41c-c484-72dc-0f00-b52442c10eed, NVIDIA A100-SXM4-80GB, 4, 81920, 0, 61.73, 28
nid008561,2026/05/03 17:13:50.581, 0, GPU-046d6a3f-5ea7-4021-4d8b-05bb51db829c, NVIDIA A100-SXM4-80GB, 73689, 81920, 100, 179.25, 39
nid008561,2026/05/03 17:13:50.584, 1, GPU-d2377047-2a9b-0334-b802-a81ee53fa3e8, NVIDIA A100-SXM4-80GB, 73689, 81920, 100, 186.95, 37
nid008561,2026/05/03 17:13:50.586, 2, GPU-cc2df889-0529-caa2-4f60-b8f58554f0d5, NVIDIA A100-SXM4-80GB, 73689, 81920, 38, 150.75, 36
nid008561,2026/05/03 17:13:50.588, 3, GPU-c25d3ace-c6ec-45a5-d035-12b4951aa97c, NVIDIA A100-SXM4-80GB, 73689, 81920, 100, 192.49, 37
nid008560,2026/05/03 17:13:53.673, 0, GPU-54819be7-1194-d7c8-6144-290abb9c31bd, NVIDIA A100-SXM4-80GB, 34771, 81920, 0, 94.74, 32
nid008560,2026/05/03 17:13:53.686, 1, GPU-8050c628-f086-6a63-afa4-011f4ba35042, NVIDIA A100-SXM4-80GB, 34771, 81920, 0, 95.54, 30
nid008560,2026/05/03 17:13:53.696, 2, GPU-4602a243-1af5-6ed0-97ea-b3aadf6a0de5, NVIDIA A100-SXM4-80GB, 72489, 81920, 0, 98.10, 32
nid008560,2026/05/03 17:13:53.697, 3, GPU-9c51f41c-c484-72dc-0f00-b52442c10eed, NVIDIA A100-SXM4-80GB, 4, 81920, 0, 61.73, 28
nid008561,2026/05/03 17:13:54.700, 0, GPU-046d6a3f-5ea7-4021-4d8b-05bb51db829c, NVIDIA A100-SXM4-80GB, 73689, 81920, 100, 181.84, 40
nid008561,2026/05/03 17:13:54.703, 1, GPU-d2377047-2a9b-0334-b802-a81ee53fa3e8, NVIDIA A100-SXM4-80GB, 73689, 81920, 100, 183.26, 37
nid008561,2026/05/03 17:13:54.705, 2, GPU-cc2df889-0529-caa2-4f60-b8f58554f0d5, NVIDIA A100-SXM4-80GB, 73689, 81920, 40, 165.79, 37
nid008561,2026/05/03 17:13:54.712, 3, GPU-c25d3ace-c6ec-45a5-d035-12b4951aa97c, NVIDIA A100-SXM4-80GB, 73689, 81920, 100, 188.26, 37
nid008560,2026/05/03 17:13:57.702, 0, GPU-54819be7-1194-d7c8-6144-290abb9c31bd, NVIDIA A100-SXM4-80GB, 34771, 81920, 0, 94.85, 32
nid008560,2026/05/03 17:13:57.705, 1, GPU-8050c628-f086-6a63-afa4-011f4ba35042, NVIDIA A100-SXM4-80GB, 34771, 81920, 0, 95.65, 30
nid008560,2026/05/03 17:13:57.706, 2, GPU-4602a243-1af5-6ed0-97ea-b3aadf6a0de5, NVIDIA A100-SXM4-80GB, 72489, 81920, 0, 98.10, 32
nid008560,2026/05/03 17:13:57.707, 3, GPU-9c51f41c-c484-72dc-0f00-b52442c10eed, NVIDIA A100-SXM4-80GB, 4, 81920, 0, 61.73, 28
nid008561,2026/05/03 17:13:58.664, 0, GPU-046d6a3f-5ea7-4021-4d8b-05bb51db829c, NVIDIA A100-SXM4-80GB, 73689, 81920, 100, 178.42, 40
nid008561,2026/05/03 17:13:58.667, 1, GPU-d2377047-2a9b-0334-b802-a81ee53fa3e8, NVIDIA A100-SXM4-80GB, 73689, 81920, 100, 180.13, 37
nid008561,2026/05/03 17:13:58.669, 2, GPU-cc2df889-0529-caa2-4f60-b8f58554f0d5, NVIDIA A100-SXM4-80GB, 73689, 81920, 38, 165.02, 38
nid008561,2026/05/03 17:13:58.671, 3, GPU-c25d3ace-c6ec-45a5-d035-12b4951aa97c, NVIDIA A100-SXM4-80GB, 73689, 81920, 100, 184.80, 37
nid008560,2026/05/03 17:14:01.706, 0, GPU-54819be7-1194-d7c8-6144-290abb9c31bd, NVIDIA A100-SXM4-80GB, 34771, 81920, 0, 94.85, 32
nid008560,2026/05/03 17:14:01.708, 1, GPU-8050c628-f086-6a63-afa4-011f4ba35042, NVIDIA A100-SXM4-80GB, 34771, 81920, 0, 95.54, 30
nid008560,2026/05/03 17:14:01.710, 2, GPU-4602a243-1af5-6ed0-97ea-b3aadf6a0de5, NVIDIA A100-SXM4-80GB, 72489, 81920, 0, 97.98, 32
nid008560,2026/05/03 17:14:01.711, 3, GPU-9c51f41c-c484-72dc-0f00-b52442c10eed, NVIDIA A100-SXM4-80GB, 4, 81920, 0, 61.65, 28
nid008561,2026/05/03 17:14:02.681, 0, GPU-046d6a3f-5ea7-4021-4d8b-05bb51db829c, NVIDIA A100-SXM4-80GB, 73689, 81920, 100, 183.98, 40
nid008561,2026/05/03 17:14:02.684, 1, GPU-d2377047-2a9b-0334-b802-a81ee53fa3e8, NVIDIA A100-SXM4-80GB, 73689, 81920, 100, 189.08, 37
nid008561,2026/05/03 17:14:02.686, 2, GPU-cc2df889-0529-caa2-4f60-b8f58554f0d5, NVIDIA A100-SXM4-80GB, 73689, 81920, 40, 174.51, 38
nid008561,2026/05/03 17:14:02.689, 3, GPU-c25d3ace-c6ec-45a5-d035-12b4951aa97c, NVIDIA A100-SXM4-80GB, 73689, 81920, 100, 189.31, 37
nid008560,2026/05/03 17:14:05.781, 0, GPU-54819be7-1194-d7c8-6144-290abb9c31bd, NVIDIA A100-SXM4-80GB, 34771, 81920, 0, 94.57, 32
nid008560,2026/05/03 17:14:05.784, 1, GPU-8050c628-f086-6a63-afa4-011f4ba35042, NVIDIA A100-SXM4-80GB, 34771, 81920, 0, 95.65, 30
nid008560,2026/05/03 17:14:05.785, 2, GPU-4602a243-1af5-6ed0-97ea-b3aadf6a0de5, NVIDIA A100-SXM4-80GB, 72489, 81920, 0, 97.97, 32
nid008560,2026/05/03 17:14:05.786, 3, GPU-9c51f41c-c484-72dc-0f00-b52442c10eed, NVIDIA A100-SXM4-80GB, 4, 81920, 0, 61.73, 28
nid008561,2026/05/03 17:14:06.731, 0, GPU-046d6a3f-5ea7-4021-4d8b-05bb51db829c, NVIDIA A100-SXM4-80GB, 73689, 81920, 100, 182.41, 40
nid008561,2026/05/03 17:14:06.734, 1, GPU-d2377047-2a9b-0334-b802-a81ee53fa3e8, NVIDIA A100-SXM4-80GB, 73689, 81920, 38, 188.80, 37
nid008561,2026/05/03 17:14:06.736, 2, GPU-cc2df889-0529-caa2-4f60-b8f58554f0d5, NVIDIA A100-SXM4-80GB, 73689, 81920, 100, 175.76, 38
nid008561,2026/05/03 17:14:06.739, 3, GPU-c25d3ace-c6ec-45a5-d035-12b4951aa97c, NVIDIA A100-SXM4-80GB, 73689, 81920, 100, 186.41, 37
nid008560,2026/05/03 17:14:09.820, 0, GPU-54819be7-1194-d7c8-6144-290abb9c31bd, NVIDIA A100-SXM4-80GB, 34771, 81920, 0, 94.85, 32
nid008560,2026/05/03 17:14:09.827, 1, GPU-8050c628-f086-6a63-afa4-011f4ba35042, NVIDIA A100-SXM4-80GB, 34771, 81920, 0, 95.65, 30
nid008560,2026/05/03 17:14:09.828, 2, GPU-4602a243-1af5-6ed0-97ea-b3aadf6a0de5, NVIDIA A100-SXM4-80GB, 72489, 81920, 0, 97.97, 32
nid008560,2026/05/03 17:14:09.830, 3, GPU-9c51f41c-c484-72dc-0f00-b52442c10eed, NVIDIA A100-SXM4-80GB, 4, 81920, 0, 61.80, 28
nid008561,2026/05/03 17:14:10.788, 0, GPU-046d6a3f-5ea7-4021-4d8b-05bb51db829c, NVIDIA A100-SXM4-80GB, 73689, 81920, 100, 183.68, 40
nid008561,2026/05/03 17:14:10.791, 1, GPU-d2377047-2a9b-0334-b802-a81ee53fa3e8, NVIDIA A100-SXM4-80GB, 73689, 81920, 40, 176.15, 36
nid008561,2026/05/03 17:14:10.793, 2, GPU-cc2df889-0529-caa2-4f60-b8f58554f0d5, NVIDIA A100-SXM4-80GB, 73689, 81920, 100, 181.84, 38
nid008561,2026/05/03 17:14:10.795, 3, GPU-c25d3ace-c6ec-45a5-d035-12b4951aa97c, NVIDIA A100-SXM4-80GB, 73689, 81920, 100, 190.86, 37
nid008560,2026/05/03 17:14:13.871, 0, GPU-54819be7-1194-d7c8-6144-290abb9c31bd, NVIDIA A100-SXM4-80GB, 34771, 81920, 0, 94.79, 32
nid008560,2026/05/03 17:14:13.873, 1, GPU-8050c628-f086-6a63-afa4-011f4ba35042, NVIDIA A100-SXM4-80GB, 34771, 81920, 0, 95.48, 30
nid008560,2026/05/03 17:14:13.874, 2, GPU-4602a243-1af5-6ed0-97ea-b3aadf6a0de5, NVIDIA A100-SXM4-80GB, 72489, 81920, 0, 97.97, 32
nid008560,2026/05/03 17:14:13.876, 3, GPU-9c51f41c-c484-72dc-0f00-b52442c10eed, NVIDIA A100-SXM4-80GB, 4, 81920, 0, 61.80, 28
nid008561,2026/05/03 17:14:14.820, 0, GPU-046d6a3f-5ea7-4021-4d8b-05bb51db829c, NVIDIA A100-SXM4-80GB, 73689, 81920, 100, 183.60, 40
nid008561,2026/05/03 17:14:14.823, 1, GPU-d2377047-2a9b-0334-b802-a81ee53fa3e8, NVIDIA A100-SXM4-80GB, 73689, 81920, 39, 177.09, 36
nid008561,2026/05/03 17:14:14.829, 2, GPU-cc2df889-0529-caa2-4f60-b8f58554f0d5, NVIDIA A100-SXM4-80GB, 73689, 81920, 100, 179.99, 38
nid008561,2026/05/03 17:14:14.836, 3, GPU-c25d3ace-c6ec-45a5-d035-12b4951aa97c, NVIDIA A100-SXM4-80GB, 73689, 81920, 100, 186.88, 37
nid008560,2026/05/03 17:14:17.902, 0, GPU-54819be7-1194-d7c8-6144-290abb9c31bd, NVIDIA A100-SXM4-80GB, 34771, 81920, 0, 94.68, 32
nid008560,2026/05/03 17:14:17.904, 1, GPU-8050c628-f086-6a63-afa4-011f4ba35042, NVIDIA A100-SXM4-80GB, 34771, 81920, 0, 95.77, 30
nid008560,2026/05/03 17:14:17.905, 2, GPU-4602a243-1af5-6ed0-97ea-b3aadf6a0de5, NVIDIA A100-SXM4-80GB, 72489, 81920, 0, 97.97, 32
nid008560,2026/05/03 17:14:17.907, 3, GPU-9c51f41c-c484-72dc-0f00-b52442c10eed, NVIDIA A100-SXM4-80GB, 4, 81920, 0, 61.80, 28
nid008561,2026/05/03 17:14:19.158, 0, GPU-046d6a3f-5ea7-4021-4d8b-05bb51db829c, NVIDIA A100-SXM4-80GB, 73689, 81920, 100, 178.92, 40
nid008561,2026/05/03 17:14:19.166, 1, GPU-d2377047-2a9b-0334-b802-a81ee53fa3e8, NVIDIA A100-SXM4-80GB, 73689, 81920, 40, 177.93, 36
nid008561,2026/05/03 17:14:19.180, 2, GPU-cc2df889-0529-caa2-4f60-b8f58554f0d5, NVIDIA A100-SXM4-80GB, 73689, 81920, 100, 182.13, 38
nid008561,2026/05/03 17:14:19.185, 3, GPU-c25d3ace-c6ec-45a5-d035-12b4951aa97c, NVIDIA A100-SXM4-80GB, 73689, 81920, 100, 189.53, 37
nid008560,2026/05/03 17:14:22.244, 0, GPU-54819be7-1194-d7c8-6144-290abb9c31bd, NVIDIA A100-SXM4-80GB, 34771, 81920, 0, 94.68, 32
nid008560,2026/05/03 17:14:22.246, 1, GPU-8050c628-f086-6a63-afa4-011f4ba35042, NVIDIA A100-SXM4-80GB, 34771, 81920, 0, 95.65, 30
nid008560,2026/05/03 17:14:22.248, 2, GPU-4602a243-1af5-6ed0-97ea-b3aadf6a0de5, NVIDIA A100-SXM4-80GB, 72489, 81920, 0, 97.97, 32
nid008560,2026/05/03 17:14:22.249, 3, GPU-9c51f41c-c484-72dc-0f00-b52442c10eed, NVIDIA A100-SXM4-80GB, 4, 81920, 0, 61.80, 28
nid008561,2026/05/03 17:14:23.256, 0, GPU-046d6a3f-5ea7-4021-4d8b-05bb51db829c, NVIDIA A100-SXM4-80GB, 73689, 81920, 100, 184.48, 40
nid008561,2026/05/03 17:14:23.260, 1, GPU-d2377047-2a9b-0334-b802-a81ee53fa3e8, NVIDIA A100-SXM4-80GB, 73689, 81920, 40, 185.32, 36
nid008561,2026/05/03 17:14:23.262, 2, GPU-cc2df889-0529-caa2-4f60-b8f58554f0d5, NVIDIA A100-SXM4-80GB, 73689, 81920, 100, 182.93, 39
nid008561,2026/05/03 17:14:23.264, 3, GPU-c25d3ace-c6ec-45a5-d035-12b4951aa97c, NVIDIA A100-SXM4-80GB, 73689, 81920, 100, 185.54, 37
nid008560,2026/05/03 17:14:26.278, 0, GPU-54819be7-1194-d7c8-6144-290abb9c31bd, NVIDIA A100-SXM4-80GB, 34771, 81920, 0, 94.68, 32
nid008560,2026/05/03 17:14:26.280, 1, GPU-8050c628-f086-6a63-afa4-011f4ba35042, NVIDIA A100-SXM4-80GB, 34771, 81920, 0, 95.77, 30
nid008560,2026/05/03 17:14:26.281, 2, GPU-4602a243-1af5-6ed0-97ea-b3aadf6a0de5, NVIDIA A100-SXM4-80GB, 72489, 81920, 0, 97.97, 32
nid008560,2026/05/03 17:14:26.283, 3, GPU-9c51f41c-c484-72dc-0f00-b52442c10eed, NVIDIA A100-SXM4-80GB, 4, 81920, 0, 61.80, 28
nid008561,2026/05/03 17:14:27.215, 0, GPU-046d6a3f-5ea7-4021-4d8b-05bb51db829c, NVIDIA A100-SXM4-80GB, 73689, 81920, 100, 185.52, 40
nid008561,2026/05/03 17:14:27.218, 1, GPU-d2377047-2a9b-0334-b802-a81ee53fa3e8, NVIDIA A100-SXM4-80GB, 73689, 81920, 39, 187.98, 37
nid008561,2026/05/03 17:14:27.220, 2, GPU-cc2df889-0529-caa2-4f60-b8f58554f0d5, NVIDIA A100-SXM4-80GB, 73689, 81920, 41, 183.17, 39
nid008561,2026/05/03 17:14:27.222, 3, GPU-c25d3ace-c6ec-45a5-d035-12b4951aa97c, NVIDIA A100-SXM4-80GB, 73689, 81920, 100, 190.05, 37
nid008560,2026/05/03 17:14:30.207, 0, GPU-54819be7-1194-d7c8-6144-290abb9c31bd, NVIDIA A100-SXM4-80GB, 34771, 81920, 0, 94.68, 32
nid008560,2026/05/03 17:14:30.209, 1, GPU-8050c628-f086-6a63-afa4-011f4ba35042, NVIDIA A100-SXM4-80GB, 34771, 81920, 0, 95.65, 30
nid008560,2026/05/03 17:14:30.211, 2, GPU-4602a243-1af5-6ed0-97ea-b3aadf6a0de5, NVIDIA A100-SXM4-80GB, 72489, 81920, 0, 97.97, 32
nid008560,2026/05/03 17:14:30.212, 3, GPU-9c51f41c-c484-72dc-0f00-b52442c10eed, NVIDIA A100-SXM4-80GB, 4, 81920, 0, 61.80, 28
nid008561,2026/05/03 17:14:31.154, 0, GPU-046d6a3f-5ea7-4021-4d8b-05bb51db829c, NVIDIA A100-SXM4-80GB, 73689, 81920, 100, 186.05, 40
nid008561,2026/05/03 17:14:31.157, 1, GPU-d2377047-2a9b-0334-b802-a81ee53fa3e8, NVIDIA A100-SXM4-80GB, 73689, 81920, 100, 189.31, 37
nid008561,2026/05/03 17:14:31.162, 2, GPU-cc2df889-0529-caa2-4f60-b8f58554f0d5, NVIDIA A100-SXM4-80GB, 73689, 81920, 38, 162.28, 37
nid008561,2026/05/03 17:14:31.169, 3, GPU-c25d3ace-c6ec-45a5-d035-12b4951aa97c, NVIDIA A100-SXM4-80GB, 73689, 81920, 100, 192.72, 37
nid008560,2026/05/03 17:14:34.227, 0, GPU-54819be7-1194-d7c8-6144-290abb9c31bd, NVIDIA A100-SXM4-80GB, 34771, 81920, 0, 94.85, 32
nid008560,2026/05/03 17:14:34.233, 1, GPU-8050c628-f086-6a63-afa4-011f4ba35042, NVIDIA A100-SXM4-80GB, 34771, 81920, 0, 95.65, 30
nid008560,2026/05/03 17:14:34.234, 2, GPU-4602a243-1af5-6ed0-97ea-b3aadf6a0de5, NVIDIA A100-SXM4-80GB, 72489, 81920, 0, 116.20, 34
nid008560,2026/05/03 17:14:34.250, 3, GPU-9c51f41c-c484-72dc-0f00-b52442c10eed, NVIDIA A100-SXM4-80GB, 4, 81920, 0, 61.80, 28
nid008561,2026/05/03 17:14:35.233, 0, GPU-046d6a3f-5ea7-4021-4d8b-05bb51db829c, NVIDIA A100-SXM4-80GB, 73689, 81920, 0, 94.26, 35
nid008561,2026/05/03 17:14:35.237, 1, GPU-d2377047-2a9b-0334-b802-a81ee53fa3e8, NVIDIA A100-SXM4-80GB, 73689, 81920, 0, 96.94, 32
nid008561,2026/05/03 17:14:35.242, 2, GPU-cc2df889-0529-caa2-4f60-b8f58554f0d5, NVIDIA A100-SXM4-80GB, 73689, 81920, 0, 90.72, 34
nid008561,2026/05/03 17:14:35.247, 3, GPU-c25d3ace-c6ec-45a5-d035-12b4951aa97c, NVIDIA A100-SXM4-80GB, 73689, 81920, 0, 95.48, 32
nid008560,2026/05/03 17:14:38.335, 0, GPU-54819be7-1194-d7c8-6144-290abb9c31bd, NVIDIA A100-SXM4-80GB, 34771, 81920, 0, 94.85, 32
nid008560,2026/05/03 17:14:38.337, 1, GPU-8050c628-f086-6a63-afa4-011f4ba35042, NVIDIA A100-SXM4-80GB, 34771, 81920, 0, 95.65, 30
nid008560,2026/05/03 17:14:38.339, 2, GPU-4602a243-1af5-6ed0-97ea-b3aadf6a0de5, NVIDIA A100-SXM4-80GB, 72489, 81920, 0, 98.10, 32
nid008560,2026/05/03 17:14:38.340, 3, GPU-9c51f41c-c484-72dc-0f00-b52442c10eed, NVIDIA A100-SXM4-80GB, 4, 81920, 0, 61.73, 28
nid008561,2026/05/03 17:14:39.334, 0, GPU-046d6a3f-5ea7-4021-4d8b-05bb51db829c, NVIDIA A100-SXM4-80GB, 73689, 81920, 100, 182.65, 39
nid008561,2026/05/03 17:14:39.337, 1, GPU-d2377047-2a9b-0334-b802-a81ee53fa3e8, NVIDIA A100-SXM4-80GB, 73689, 81920, 39, 177.17, 36
nid008561,2026/05/03 17:14:39.339, 2, GPU-cc2df889-0529-caa2-4f60-b8f58554f0d5, NVIDIA A100-SXM4-80GB, 73689, 81920, 100, 179.54, 38
nid008561,2026/05/03 17:14:39.342, 3, GPU-c25d3ace-c6ec-45a5-d035-12b4951aa97c, NVIDIA A100-SXM4-80GB, 73689, 81920, 100, 187.75, 37
nid008560,2026/05/03 17:14:42.376, 0, GPU-54819be7-1194-d7c8-6144-290abb9c31bd, NVIDIA A100-SXM4-80GB, 34771, 81920, 0, 95.65, 32
nid008560,2026/05/03 17:14:42.378, 1, GPU-8050c628-f086-6a63-afa4-011f4ba35042, NVIDIA A100-SXM4-80GB, 34771, 81920, 0, 95.65, 30
nid008560,2026/05/03 17:14:42.380, 2, GPU-4602a243-1af5-6ed0-97ea-b3aadf6a0de5, NVIDIA A100-SXM4-80GB, 72489, 81920, 0, 98.10, 32
nid008560,2026/05/03 17:14:42.381, 3, GPU-9c51f41c-c484-72dc-0f00-b52442c10eed, NVIDIA A100-SXM4-80GB, 4, 81920, 0, 61.73, 28
nid008561,2026/05/03 17:14:43.343, 0, GPU-046d6a3f-5ea7-4021-4d8b-05bb51db829c, NVIDIA A100-SXM4-80GB, 73689, 81920, 100, 185.02, 39
nid008561,2026/05/03 17:14:43.346, 1, GPU-d2377047-2a9b-0334-b802-a81ee53fa3e8, NVIDIA A100-SXM4-80GB, 73689, 81920, 69, 184.58, 36
nid008561,2026/05/03 17:14:43.354, 2, GPU-cc2df889-0529-caa2-4f60-b8f58554f0d5, NVIDIA A100-SXM4-80GB, 73689, 81920, 100, 180.79, 38
nid008561,2026/05/03 17:14:43.364, 3, GPU-c25d3ace-c6ec-45a5-d035-12b4951aa97c, NVIDIA A100-SXM4-80GB, 73689, 81920, 100, 190.87, 37
nid008560,2026/05/03 17:14:46.369, 0, GPU-54819be7-1194-d7c8-6144-290abb9c31bd, NVIDIA A100-SXM4-80GB, 34771, 81920, 0, 94.74, 32
nid008560,2026/05/03 17:14:46.371, 1, GPU-8050c628-f086-6a63-afa4-011f4ba35042, NVIDIA A100-SXM4-80GB, 34771, 81920, 0, 95.54, 30
nid008560,2026/05/03 17:14:46.372, 2, GPU-4602a243-1af5-6ed0-97ea-b3aadf6a0de5, NVIDIA A100-SXM4-80GB, 72489, 81920, 0, 98.10, 32
nid008560,2026/05/03 17:14:46.374, 3, GPU-9c51f41c-c484-72dc-0f00-b52442c10eed, NVIDIA A100-SXM4-80GB, 4, 81920, 0, 61.73, 28
nid008561,2026/05/03 17:14:47.365, 0, GPU-046d6a3f-5ea7-4021-4d8b-05bb51db829c, NVIDIA A100-SXM4-80GB, 73689, 81920, 100, 179.46, 40
nid008561,2026/05/03 17:14:47.368, 1, GPU-d2377047-2a9b-0334-b802-a81ee53fa3e8, NVIDIA A100-SXM4-80GB, 73689, 81920, 39, 180.89, 36
nid008561,2026/05/03 17:14:47.371, 2, GPU-cc2df889-0529-caa2-4f60-b8f58554f0d5, NVIDIA A100-SXM4-80GB, 73689, 81920, 100, 178.73, 38
nid008561,2026/05/03 17:14:47.373, 3, GPU-c25d3ace-c6ec-45a5-d035-12b4951aa97c, NVIDIA A100-SXM4-80GB, 73689, 81920, 100, 187.46, 37
nid008560,2026/05/03 17:14:50.370, 0, GPU-54819be7-1194-d7c8-6144-290abb9c31bd, NVIDIA A100-SXM4-80GB, 34771, 81920, 0, 94.85, 32
nid008560,2026/05/03 17:14:50.372, 1, GPU-8050c628-f086-6a63-afa4-011f4ba35042, NVIDIA A100-SXM4-80GB, 34771, 81920, 0, 95.65, 30
nid008560,2026/05/03 17:14:50.373, 2, GPU-4602a243-1af5-6ed0-97ea-b3aadf6a0de5, NVIDIA A100-SXM4-80GB, 72489, 81920, 0, 97.86, 32
nid008560,2026/05/03 17:14:50.376, 3, GPU-9c51f41c-c484-72dc-0f00-b52442c10eed, NVIDIA A100-SXM4-80GB, 4, 81920, 0, 61.73, 28
nid008561,2026/05/03 17:14:51.325, 0, GPU-046d6a3f-5ea7-4021-4d8b-05bb51db829c, NVIDIA A100-SXM4-80GB, 73689, 81920, 100, 183.46, 40
nid008561,2026/05/03 17:14:51.328, 1, GPU-d2377047-2a9b-0334-b802-a81ee53fa3e8, NVIDIA A100-SXM4-80GB, 73689, 81920, 39, 177.20, 36
nid008561,2026/05/03 17:14:51.331, 2, GPU-cc2df889-0529-caa2-4f60-b8f58554f0d5, NVIDIA A100-SXM4-80GB, 73689, 81920, 100, 182.43, 38
nid008561,2026/05/03 17:14:51.333, 3, GPU-c25d3ace-c6ec-45a5-d035-12b4951aa97c, NVIDIA A100-SXM4-80GB, 73689, 81920, 100, 189.31, 37
nid008560,2026/05/03 17:14:54.333, 0, GPU-54819be7-1194-d7c8-6144-290abb9c31bd, NVIDIA A100-SXM4-80GB, 34771, 81920, 0, 94.85, 32
nid008560,2026/05/03 17:14:54.336, 1, GPU-8050c628-f086-6a63-afa4-011f4ba35042, NVIDIA A100-SXM4-80GB, 34771, 81920, 0, 95.54, 30
nid008560,2026/05/03 17:14:54.337, 2, GPU-4602a243-1af5-6ed0-97ea-b3aadf6a0de5, NVIDIA A100-SXM4-80GB, 72489, 81920, 0, 97.86, 32
nid008560,2026/05/03 17:14:54.339, 3, GPU-9c51f41c-c484-72dc-0f00-b52442c10eed, NVIDIA A100-SXM4-80GB, 4, 81920, 0, 61.65, 28
nid008561,2026/05/03 17:14:55.271, 0, GPU-046d6a3f-5ea7-4021-4d8b-05bb51db829c, NVIDIA A100-SXM4-80GB, 73689, 81920, 100, 180.87, 40
nid008561,2026/05/03 17:14:55.274, 1, GPU-d2377047-2a9b-0334-b802-a81ee53fa3e8, NVIDIA A100-SXM4-80GB, 73689, 81920, 40, 171.93, 36
nid008561,2026/05/03 17:14:55.276, 2, GPU-cc2df889-0529-caa2-4f60-b8f58554f0d5, NVIDIA A100-SXM4-80GB, 73689, 81920, 100, 179.02, 38
nid008561,2026/05/03 17:14:55.278, 3, GPU-c25d3ace-c6ec-45a5-d035-12b4951aa97c, NVIDIA A100-SXM4-80GB, 73689, 81920, 100, 190.64, 37
nid008560,2026/05/03 17:14:58.318, 0, GPU-54819be7-1194-d7c8-6144-290abb9c31bd, NVIDIA A100-SXM4-80GB, 34771, 81920, 0, 94.74, 32
nid008560,2026/05/03 17:14:58.320, 1, GPU-8050c628-f086-6a63-afa4-011f4ba35042, NVIDIA A100-SXM4-80GB, 34771, 81920, 0, 95.54, 30
nid008560,2026/05/03 17:14:58.321, 2, GPU-4602a243-1af5-6ed0-97ea-b3aadf6a0de5, NVIDIA A100-SXM4-80GB, 72489, 81920, 0, 97.86, 32
nid008560,2026/05/03 17:14:58.322, 3, GPU-9c51f41c-c484-72dc-0f00-b52442c10eed, NVIDIA A100-SXM4-80GB, 4, 81920, 0, 61.65, 28
nid008561,2026/05/03 17:14:59.318, 0, GPU-046d6a3f-5ea7-4021-4d8b-05bb51db829c, NVIDIA A100-SXM4-80GB, 73689, 81920, 37, 181.39, 40
nid008561,2026/05/03 17:14:59.322, 1, GPU-d2377047-2a9b-0334-b802-a81ee53fa3e8, NVIDIA A100-SXM4-80GB, 73689, 81920, 100, 187.01, 36
nid008561,2026/05/03 17:14:59.324, 2, GPU-cc2df889-0529-caa2-4f60-b8f58554f0d5, NVIDIA A100-SXM4-80GB, 73689, 81920, 100, 179.25, 38
nid008561,2026/05/03 17:14:59.332, 3, GPU-c25d3ace-c6ec-45a5-d035-12b4951aa97c, NVIDIA A100-SXM4-80GB, 73689, 81920, 100, 185.91, 37
nid008560,2026/05/03 17:15:02.353, 0, GPU-54819be7-1194-d7c8-6144-290abb9c31bd, NVIDIA A100-SXM4-80GB, 34771, 81920, 0, 94.74, 32
nid008560,2026/05/03 17:15:02.355, 1, GPU-8050c628-f086-6a63-afa4-011f4ba35042, NVIDIA A100-SXM4-80GB, 34771, 81920, 0, 95.65, 30
nid008560,2026/05/03 17:15:02.356, 2, GPU-4602a243-1af5-6ed0-97ea-b3aadf6a0de5, NVIDIA A100-SXM4-80GB, 72489, 81920, 0, 97.74, 32
nid008560,2026/05/03 17:15:02.358, 3, GPU-9c51f41c-c484-72dc-0f00-b52442c10eed, NVIDIA A100-SXM4-80GB, 4, 81920, 0, 61.73, 28
nid008561,2026/05/03 17:15:03.313, 0, GPU-046d6a3f-5ea7-4021-4d8b-05bb51db829c, NVIDIA A100-SXM4-80GB, 73689, 81920, 40, 184.26, 40
nid008561,2026/05/03 17:15:03.316, 1, GPU-d2377047-2a9b-0334-b802-a81ee53fa3e8, NVIDIA A100-SXM4-80GB, 73689, 81920, 100, 188.04, 37
nid008561,2026/05/03 17:15:03.318, 2, GPU-cc2df889-0529-caa2-4f60-b8f58554f0d5, NVIDIA A100-SXM4-80GB, 73689, 81920, 100, 181.62, 38
nid008561,2026/05/03 17:15:03.320, 3, GPU-c25d3ace-c6ec-45a5-d035-12b4951aa97c, NVIDIA A100-SXM4-80GB, 73689, 81920, 100, 191.96, 37
nid008560,2026/05/03 17:15:06.351, 0, GPU-54819be7-1194-d7c8-6144-290abb9c31bd, NVIDIA A100-SXM4-80GB, 34771, 81920, 0, 94.57, 32
nid008560,2026/05/03 17:15:06.353, 1, GPU-8050c628-f086-6a63-afa4-011f4ba35042, NVIDIA A100-SXM4-80GB, 34771, 81920, 0, 95.65, 30
nid008560,2026/05/03 17:15:06.354, 2, GPU-4602a243-1af5-6ed0-97ea-b3aadf6a0de5, NVIDIA A100-SXM4-80GB, 72489, 81920, 0, 97.86, 32
nid008560,2026/05/03 17:15:06.356, 3, GPU-9c51f41c-c484-72dc-0f00-b52442c10eed, NVIDIA A100-SXM4-80GB, 4, 81920, 0, 61.73, 28
nid008561,2026/05/03 17:15:07.389, 0, GPU-046d6a3f-5ea7-4021-4d8b-05bb51db829c, NVIDIA A100-SXM4-80GB, 73689, 81920, 100, 184.28, 40
nid008561,2026/05/03 17:15:07.393, 1, GPU-d2377047-2a9b-0334-b802-a81ee53fa3e8, NVIDIA A100-SXM4-80GB, 73689, 81920, 40, 180.15, 36
nid008561,2026/05/03 17:15:07.395, 2, GPU-cc2df889-0529-caa2-4f60-b8f58554f0d5, NVIDIA A100-SXM4-80GB, 73689, 81920, 100, 182.71, 38
nid008561,2026/05/03 17:15:07.397, 3, GPU-c25d3ace-c6ec-45a5-d035-12b4951aa97c, NVIDIA A100-SXM4-80GB, 73689, 81920, 100, 190.41, 37
nid008560,2026/05/03 17:15:10.393, 0, GPU-54819be7-1194-d7c8-6144-290abb9c31bd, NVIDIA A100-SXM4-80GB, 34771, 81920, 0, 94.74, 32
nid008560,2026/05/03 17:15:10.395, 1, GPU-8050c628-f086-6a63-afa4-011f4ba35042, NVIDIA A100-SXM4-80GB, 34771, 81920, 0, 95.65, 30
nid008560,2026/05/03 17:15:10.397, 2, GPU-4602a243-1af5-6ed0-97ea-b3aadf6a0de5, NVIDIA A100-SXM4-80GB, 72489, 81920, 0, 97.98, 32
nid008560,2026/05/03 17:15:10.398, 3, GPU-9c51f41c-c484-72dc-0f00-b52442c10eed, NVIDIA A100-SXM4-80GB, 4, 81920, 0, 61.73, 28
nid008561,2026/05/03 17:15:11.368, 0, GPU-046d6a3f-5ea7-4021-4d8b-05bb51db829c, NVIDIA A100-SXM4-80GB, 73689, 81920, 100, 183.24, 40
nid008561,2026/05/03 17:15:11.371, 1, GPU-d2377047-2a9b-0334-b802-a81ee53fa3e8, NVIDIA A100-SXM4-80GB, 73689, 81920, 40, 176.23, 36
nid008561,2026/05/03 17:15:11.373, 2, GPU-cc2df889-0529-caa2-4f60-b8f58554f0d5, NVIDIA A100-SXM4-80GB, 73689, 81920, 100, 182.20, 38
nid008561,2026/05/03 17:15:11.375, 3, GPU-c25d3ace-c6ec-45a5-d035-12b4951aa97c, NVIDIA A100-SXM4-80GB, 73689, 81920, 100, 191.68, 37
nid008560,2026/05/03 17:15:14.387, 0, GPU-54819be7-1194-d7c8-6144-290abb9c31bd, NVIDIA A100-SXM4-80GB, 34771, 81920, 0, 94.85, 32
nid008560,2026/05/03 17:15:14.399, 1, GPU-8050c628-f086-6a63-afa4-011f4ba35042, NVIDIA A100-SXM4-80GB, 34771, 81920, 0, 95.65, 30
nid008560,2026/05/03 17:15:14.410, 2, GPU-4602a243-1af5-6ed0-97ea-b3aadf6a0de5, NVIDIA A100-SXM4-80GB, 72489, 81920, 0, 97.86, 32
nid008560,2026/05/03 17:15:14.416, 3, GPU-9c51f41c-c484-72dc-0f00-b52442c10eed, NVIDIA A100-SXM4-80GB, 4, 81920, 0, 61.73, 28
nid008561,2026/05/03 17:15:15.420, 0, GPU-046d6a3f-5ea7-4021-4d8b-05bb51db829c, NVIDIA A100-SXM4-80GB, 73689, 81920, 100, 182.41, 40
nid008561,2026/05/03 17:15:15.423, 1, GPU-d2377047-2a9b-0334-b802-a81ee53fa3e8, NVIDIA A100-SXM4-80GB, 73689, 81920, 40, 176.23, 36
nid008561,2026/05/03 17:15:15.425, 2, GPU-cc2df889-0529-caa2-4f60-b8f58554f0d5, NVIDIA A100-SXM4-80GB, 73689, 81920, 100, 178.73, 38
nid008561,2026/05/03 17:15:15.427, 3, GPU-c25d3ace-c6ec-45a5-d035-12b4951aa97c, NVIDIA A100-SXM4-80GB, 73689, 81920, 100, 187.98, 37
nid008560,2026/05/03 17:15:18.534, 0, GPU-54819be7-1194-d7c8-6144-290abb9c31bd, NVIDIA A100-SXM4-80GB, 34771, 81920, 0, 94.74, 32
nid008560,2026/05/03 17:15:18.539, 1, GPU-8050c628-f086-6a63-afa4-011f4ba35042, NVIDIA A100-SXM4-80GB, 34771, 81920, 0, 95.54, 30
nid008560,2026/05/03 17:15:18.540, 2, GPU-4602a243-1af5-6ed0-97ea-b3aadf6a0de5, NVIDIA A100-SXM4-80GB, 72489, 81920, 0, 97.74, 32
nid008560,2026/05/03 17:15:18.542, 3, GPU-9c51f41c-c484-72dc-0f00-b52442c10eed, NVIDIA A100-SXM4-80GB, 4, 81920, 0, 61.65, 28
nid008561,2026/05/03 17:15:19.481, 0, GPU-046d6a3f-5ea7-4021-4d8b-05bb51db829c, NVIDIA A100-SXM4-80GB, 73689, 81920, 100, 183.98, 40
nid008561,2026/05/03 17:15:19.484, 1, GPU-d2377047-2a9b-0334-b802-a81ee53fa3e8, NVIDIA A100-SXM4-80GB, 73689, 81920, 40, 179.12, 36
nid008561,2026/05/03 17:15:19.491, 2, GPU-cc2df889-0529-caa2-4f60-b8f58554f0d5, NVIDIA A100-SXM4-80GB, 73689, 81920, 100, 182.71, 38
nid008561,2026/05/03 17:15:19.493, 3, GPU-c25d3ace-c6ec-45a5-d035-12b4951aa97c, NVIDIA A100-SXM4-80GB, 73689, 81920, 100, 188.04, 37
nid008560,2026/05/03 17:15:22.551, 0, GPU-54819be7-1194-d7c8-6144-290abb9c31bd, NVIDIA A100-SXM4-80GB, 34771, 81920, 0, 94.74, 32
nid008560,2026/05/03 17:15:22.553, 1, GPU-8050c628-f086-6a63-afa4-011f4ba35042, NVIDIA A100-SXM4-80GB, 34771, 81920, 0, 95.54, 30
nid008560,2026/05/03 17:15:22.555, 2, GPU-4602a243-1af5-6ed0-97ea-b3aadf6a0de5, NVIDIA A100-SXM4-80GB, 72489, 81920, 0, 97.86, 32
nid008560,2026/05/03 17:15:22.556, 3, GPU-9c51f41c-c484-72dc-0f00-b52442c10eed, NVIDIA A100-SXM4-80GB, 4, 81920, 0, 61.73, 28
nid008561,2026/05/03 17:15:23.516, 0, GPU-046d6a3f-5ea7-4021-4d8b-05bb51db829c, NVIDIA A100-SXM4-80GB, 73689, 81920, 100, 183.76, 40
nid008561,2026/05/03 17:15:23.520, 1, GPU-d2377047-2a9b-0334-b802-a81ee53fa3e8, NVIDIA A100-SXM4-80GB, 73689, 81920, 40, 182.80, 36
nid008561,2026/05/03 17:15:23.522, 2, GPU-cc2df889-0529-caa2-4f60-b8f58554f0d5, NVIDIA A100-SXM4-80GB, 73689, 81920, 100, 182.50, 38
nid008561,2026/05/03 17:15:23.524, 3, GPU-c25d3ace-c6ec-45a5-d035-12b4951aa97c, NVIDIA A100-SXM4-80GB, 73689, 81920, 100, 189.60, 37
nid008560,2026/05/03 17:15:26.639, 0, GPU-54819be7-1194-d7c8-6144-290abb9c31bd, NVIDIA A100-SXM4-80GB, 34771, 81920, 0, 94.74, 32
nid008560,2026/05/03 17:15:26.642, 1, GPU-8050c628-f086-6a63-afa4-011f4ba35042, NVIDIA A100-SXM4-80GB, 34771, 81920, 0, 95.54, 30
nid008560,2026/05/03 17:15:26.643, 2, GPU-4602a243-1af5-6ed0-97ea-b3aadf6a0de5, NVIDIA A100-SXM4-80GB, 72489, 81920, 0, 116.06, 35
nid008560,2026/05/03 17:15:26.645, 3, GPU-9c51f41c-c484-72dc-0f00-b52442c10eed, NVIDIA A100-SXM4-80GB, 4, 81920, 0, 61.65, 28
nid008561,2026/05/03 17:15:27.638, 0, GPU-046d6a3f-5ea7-4021-4d8b-05bb51db829c, NVIDIA A100-SXM4-80GB, 73689, 81920, 0, 94.15, 35
nid008561,2026/05/03 17:15:27.640, 1, GPU-d2377047-2a9b-0334-b802-a81ee53fa3e8, NVIDIA A100-SXM4-80GB, 73689, 81920, 0, 96.83, 32
nid008561,2026/05/03 17:15:27.642, 2, GPU-cc2df889-0529-caa2-4f60-b8f58554f0d5, NVIDIA A100-SXM4-80GB, 73689, 81920, 0, 90.85, 34
nid008561,2026/05/03 17:15:27.644, 3, GPU-c25d3ace-c6ec-45a5-d035-12b4951aa97c, NVIDIA A100-SXM4-80GB, 73689, 81920, 0, 95.37, 32
nid008560,2026/05/03 17:15:30.683, 0, GPU-54819be7-1194-d7c8-6144-290abb9c31bd, NVIDIA A100-SXM4-80GB, 34771, 81920, 0, 94.85, 32
nid008560,2026/05/03 17:15:30.686, 1, GPU-8050c628-f086-6a63-afa4-011f4ba35042, NVIDIA A100-SXM4-80GB, 34771, 81920, 0, 95.65, 30
nid008560,2026/05/03 17:15:30.687, 2, GPU-4602a243-1af5-6ed0-97ea-b3aadf6a0de5, NVIDIA A100-SXM4-80GB, 72489, 81920, 0, 96.52, 32
nid008560,2026/05/03 17:15:30.689, 3, GPU-9c51f41c-c484-72dc-0f00-b52442c10eed, NVIDIA A100-SXM4-80GB, 4, 81920, 0, 61.73, 28
nid008561,2026/05/03 17:15:31.637, 0, GPU-046d6a3f-5ea7-4021-4d8b-05bb51db829c, NVIDIA A100-SXM4-80GB, 73689, 81920, 100, 177.93, 39
nid008561,2026/05/03 17:15:31.645, 1, GPU-d2377047-2a9b-0334-b802-a81ee53fa3e8, NVIDIA A100-SXM4-80GB, 73689, 81920, 100, 183.60, 36
nid008561,2026/05/03 17:15:31.651, 2, GPU-cc2df889-0529-caa2-4f60-b8f58554f0d5, NVIDIA A100-SXM4-80GB, 73689, 81920, 38, 153.65, 36
nid008561,2026/05/03 17:15:31.657, 3, GPU-c25d3ace-c6ec-45a5-d035-12b4951aa97c, NVIDIA A100-SXM4-80GB, 73689, 81920, 100, 188.04, 36
nid008560,2026/05/03 17:15:34.687, 0, GPU-54819be7-1194-d7c8-6144-290abb9c31bd, NVIDIA A100-SXM4-80GB, 34771, 81920, 0, 94.74, 32
nid008560,2026/05/03 17:15:34.689, 1, GPU-8050c628-f086-6a63-afa4-011f4ba35042, NVIDIA A100-SXM4-80GB, 34771, 81920, 0, 95.65, 30
nid008560,2026/05/03 17:15:34.691, 2, GPU-4602a243-1af5-6ed0-97ea-b3aadf6a0de5, NVIDIA A100-SXM4-80GB, 72489, 81920, 0, 97.98, 32
nid008560,2026/05/03 17:15:34.692, 3, GPU-9c51f41c-c484-72dc-0f00-b52442c10eed, NVIDIA A100-SXM4-80GB, 4, 81920, 0, 61.73, 28
nid008561,2026/05/03 17:15:35.635, 0, GPU-046d6a3f-5ea7-4021-4d8b-05bb51db829c, NVIDIA A100-SXM4-80GB, 73689, 81920, 100, 184.04, 39
nid008561,2026/05/03 17:15:35.638, 1, GPU-d2377047-2a9b-0334-b802-a81ee53fa3e8, NVIDIA A100-SXM4-80GB, 73689, 81920, 100, 183.02, 36
nid008561,2026/05/03 17:15:35.640, 2, GPU-cc2df889-0529-caa2-4f60-b8f58554f0d5, NVIDIA A100-SXM4-80GB, 73689, 81920, 38, 152.32, 36
nid008561,2026/05/03 17:15:35.643, 3, GPU-c25d3ace-c6ec-45a5-d035-12b4951aa97c, NVIDIA A100-SXM4-80GB, 73689, 81920, 100, 189.08, 37
nid008560,2026/05/03 17:15:38.682, 0, GPU-54819be7-1194-d7c8-6144-290abb9c31bd, NVIDIA A100-SXM4-80GB, 34771, 81920, 0, 94.57, 32
nid008560,2026/05/03 17:15:38.684, 1, GPU-8050c628-f086-6a63-afa4-011f4ba35042, NVIDIA A100-SXM4-80GB, 34771, 81920, 0, 95.65, 30
nid008560,2026/05/03 17:15:38.685, 2, GPU-4602a243-1af5-6ed0-97ea-b3aadf6a0de5, NVIDIA A100-SXM4-80GB, 72489, 81920, 0, 97.86, 32
nid008560,2026/05/03 17:15:38.687, 3, GPU-9c51f41c-c484-72dc-0f00-b52442c10eed, NVIDIA A100-SXM4-80GB, 4, 81920, 0, 61.73, 28
nid008561,2026/05/03 17:15:39.702, 0, GPU-046d6a3f-5ea7-4021-4d8b-05bb51db829c, NVIDIA A100-SXM4-80GB, 73689, 81920, 84, 175.45, 39
nid008561,2026/05/03 17:15:39.706, 1, GPU-d2377047-2a9b-0334-b802-a81ee53fa3e8, NVIDIA A100-SXM4-80GB, 73689, 81920, 100, 182.71, 36
nid008561,2026/05/03 17:15:39.708, 2, GPU-cc2df889-0529-caa2-4f60-b8f58554f0d5, NVIDIA A100-SXM4-80GB, 73689, 81920, 41, 173.91, 37
nid008561,2026/05/03 17:15:39.710, 3, GPU-c25d3ace-c6ec-45a5-d035-12b4951aa97c, NVIDIA A100-SXM4-80GB, 73689, 81920, 100, 184.04, 37
nid008560,2026/05/03 17:15:42.732, 0, GPU-54819be7-1194-d7c8-6144-290abb9c31bd, NVIDIA A100-SXM4-80GB, 34771, 81920, 0, 95.65, 32
nid008560,2026/05/03 17:15:42.735, 1, GPU-8050c628-f086-6a63-afa4-011f4ba35042, NVIDIA A100-SXM4-80GB, 34771, 81920, 0, 95.65, 30
nid008560,2026/05/03 17:15:42.736, 2, GPU-4602a243-1af5-6ed0-97ea-b3aadf6a0de5, NVIDIA A100-SXM4-80GB, 72489, 81920, 0, 97.86, 32
nid008560,2026/05/03 17:15:42.739, 3, GPU-9c51f41c-c484-72dc-0f00-b52442c10eed, NVIDIA A100-SXM4-80GB, 4, 81920, 0, 61.73, 28
nid008561,2026/05/03 17:15:43.696, 0, GPU-046d6a3f-5ea7-4021-4d8b-05bb51db829c, NVIDIA A100-SXM4-80GB, 73689, 81920, 100, 176.57, 39
nid008561,2026/05/03 17:15:43.699, 1, GPU-d2377047-2a9b-0334-b802-a81ee53fa3e8, NVIDIA A100-SXM4-80GB, 73689, 81920, 100, 176.43, 36
nid008561,2026/05/03 17:15:43.702, 2, GPU-cc2df889-0529-caa2-4f60-b8f58554f0d5, NVIDIA A100-SXM4-80GB, 73689, 81920, 37, 146.71, 37
nid008561,2026/05/03 17:15:43.704, 3, GPU-c25d3ace-c6ec-45a5-d035-12b4951aa97c, NVIDIA A100-SXM4-80GB, 73689, 81920, 100, 187.40, 37
nid008560,2026/05/03 17:15:46.718, 0, GPU-54819be7-1194-d7c8-6144-290abb9c31bd, NVIDIA A100-SXM4-80GB, 34771, 81920, 0, 94.74, 32
nid008560,2026/05/03 17:15:46.720, 1, GPU-8050c628-f086-6a63-afa4-011f4ba35042, NVIDIA A100-SXM4-80GB, 34771, 81920, 0, 95.54, 30
nid008560,2026/05/03 17:15:46.721, 2, GPU-4602a243-1af5-6ed0-97ea-b3aadf6a0de5, NVIDIA A100-SXM4-80GB, 72489, 81920, 0, 97.98, 32
nid008560,2026/05/03 17:15:46.723, 3, GPU-9c51f41c-c484-72dc-0f00-b52442c10eed, NVIDIA A100-SXM4-80GB, 4, 81920, 0, 61.73, 28
nid008561,2026/05/03 17:15:47.682, 0, GPU-046d6a3f-5ea7-4021-4d8b-05bb51db829c, NVIDIA A100-SXM4-80GB, 73689, 81920, 100, 176.04, 40
nid008561,2026/05/03 17:15:47.686, 1, GPU-d2377047-2a9b-0334-b802-a81ee53fa3e8, NVIDIA A100-SXM4-80GB, 73689, 81920, 100, 187.46, 37
nid008561,2026/05/03 17:15:47.688, 2, GPU-cc2df889-0529-caa2-4f60-b8f58554f0d5, NVIDIA A100-SXM4-80GB, 73689, 81920, 38, 147.51, 36
nid008561,2026/05/03 17:15:47.690, 3, GPU-c25d3ace-c6ec-45a5-d035-12b4951aa97c, NVIDIA A100-SXM4-80GB, 73689, 81920, 100, 187.46, 37
nid008560,2026/05/03 17:15:50.718, 0, GPU-54819be7-1194-d7c8-6144-290abb9c31bd, NVIDIA A100-SXM4-80GB, 34771, 81920, 0, 94.74, 32
nid008560,2026/05/03 17:15:50.720, 1, GPU-8050c628-f086-6a63-afa4-011f4ba35042, NVIDIA A100-SXM4-80GB, 34771, 81920, 0, 95.54, 30
nid008560,2026/05/03 17:15:50.721, 2, GPU-4602a243-1af5-6ed0-97ea-b3aadf6a0de5, NVIDIA A100-SXM4-80GB, 72489, 81920, 0, 97.86, 32
nid008560,2026/05/03 17:15:50.723, 3, GPU-9c51f41c-c484-72dc-0f00-b52442c10eed, NVIDIA A100-SXM4-80GB, 4, 81920, 0, 61.73, 28
nid008561,2026/05/03 17:15:51.719, 0, GPU-046d6a3f-5ea7-4021-4d8b-05bb51db829c, NVIDIA A100-SXM4-80GB, 73689, 81920, 100, 181.08, 40
nid008561,2026/05/03 17:15:51.722, 1, GPU-d2377047-2a9b-0334-b802-a81ee53fa3e8, NVIDIA A100-SXM4-80GB, 73689, 81920, 100, 193.29, 37
nid008561,2026/05/03 17:15:51.724, 2, GPU-cc2df889-0529-caa2-4f60-b8f58554f0d5, NVIDIA A100-SXM4-80GB, 73689, 81920, 40, 168.44, 37
nid008561,2026/05/03 17:15:51.726, 3, GPU-c25d3ace-c6ec-45a5-d035-12b4951aa97c, NVIDIA A100-SXM4-80GB, 73689, 81920, 100, 188.26, 37
nid008560,2026/05/03 17:15:54.759, 0, GPU-54819be7-1194-d7c8-6144-290abb9c31bd, NVIDIA A100-SXM4-80GB, 34771, 81920, 0, 94.85, 32
nid008560,2026/05/03 17:15:54.761, 1, GPU-8050c628-f086-6a63-afa4-011f4ba35042, NVIDIA A100-SXM4-80GB, 34771, 81920, 0, 95.65, 30
nid008560,2026/05/03 17:15:54.763, 2, GPU-4602a243-1af5-6ed0-97ea-b3aadf6a0de5, NVIDIA A100-SXM4-80GB, 72489, 81920, 0, 97.86, 32
nid008560,2026/05/03 17:15:54.764, 3, GPU-9c51f41c-c484-72dc-0f00-b52442c10eed, NVIDIA A100-SXM4-80GB, 4, 81920, 0, 61.73, 28
nid008561,2026/05/03 17:15:55.745, 0, GPU-046d6a3f-5ea7-4021-4d8b-05bb51db829c, NVIDIA A100-SXM4-80GB, 73689, 81920, 100, 185.54, 40
nid008561,2026/05/03 17:15:55.752, 1, GPU-d2377047-2a9b-0334-b802-a81ee53fa3e8, NVIDIA A100-SXM4-80GB, 73689, 81920, 40, 189.08, 37
nid008561,2026/05/03 17:15:55.758, 2, GPU-cc2df889-0529-caa2-4f60-b8f58554f0d5, NVIDIA A100-SXM4-80GB, 73689, 81920, 100, 183.48, 38
nid008561,2026/05/03 17:15:55.765, 3, GPU-c25d3ace-c6ec-45a5-d035-12b4951aa97c, NVIDIA A100-SXM4-80GB, 73689, 81920, 100, 191.68, 37
nid008560,2026/05/03 17:15:58.836, 0, GPU-54819be7-1194-d7c8-6144-290abb9c31bd, NVIDIA A100-SXM4-80GB, 34771, 81920, 0, 94.85, 32
nid008560,2026/05/03 17:15:58.838, 1, GPU-8050c628-f086-6a63-afa4-011f4ba35042, NVIDIA A100-SXM4-80GB, 34771, 81920, 0, 95.54, 30
nid008560,2026/05/03 17:15:58.840, 2, GPU-4602a243-1af5-6ed0-97ea-b3aadf6a0de5, NVIDIA A100-SXM4-80GB, 72489, 81920, 0, 97.86, 32
nid008560,2026/05/03 17:15:58.843, 3, GPU-9c51f41c-c484-72dc-0f00-b52442c10eed, NVIDIA A100-SXM4-80GB, 4, 81920, 0, 61.73, 28
nid008561,2026/05/03 17:15:59.803, 0, GPU-046d6a3f-5ea7-4021-4d8b-05bb51db829c, NVIDIA A100-SXM4-80GB, 73689, 81920, 100, 183.24, 40
nid008561,2026/05/03 17:15:59.807, 1, GPU-d2377047-2a9b-0334-b802-a81ee53fa3e8, NVIDIA A100-SXM4-80GB, 73689, 81920, 38, 160.05, 35
nid008561,2026/05/03 17:15:59.809, 2, GPU-cc2df889-0529-caa2-4f60-b8f58554f0d5, NVIDIA A100-SXM4-80GB, 73689, 81920, 100, 184.80, 38
nid008561,2026/05/03 17:15:59.811, 3, GPU-c25d3ace-c6ec-45a5-d035-12b4951aa97c, NVIDIA A100-SXM4-80GB, 73689, 81920, 100, 188.56, 37
nid008560,2026/05/03 17:16:02.871, 0, GPU-54819be7-1194-d7c8-6144-290abb9c31bd, NVIDIA A100-SXM4-80GB, 34771, 81920, 0, 94.85, 32
nid008560,2026/05/03 17:16:02.873, 1, GPU-8050c628-f086-6a63-afa4-011f4ba35042, NVIDIA A100-SXM4-80GB, 34771, 81920, 0, 95.65, 30
nid008560,2026/05/03 17:16:02.875, 2, GPU-4602a243-1af5-6ed0-97ea-b3aadf6a0de5, NVIDIA A100-SXM4-80GB, 72489, 81920, 0, 98.10, 32
nid008560,2026/05/03 17:16:02.876, 3, GPU-9c51f41c-c484-72dc-0f00-b52442c10eed, NVIDIA A100-SXM4-80GB, 4, 81920, 0, 61.73, 28
nid008561,2026/05/03 17:16:03.890, 0, GPU-046d6a3f-5ea7-4021-4d8b-05bb51db829c, NVIDIA A100-SXM4-80GB, 73689, 81920, 100, 184.50, 40
nid008561,2026/05/03 17:16:03.893, 1, GPU-d2377047-2a9b-0334-b802-a81ee53fa3e8, NVIDIA A100-SXM4-80GB, 73689, 81920, 99, 188.80, 37
nid008561,2026/05/03 17:16:03.895, 2, GPU-cc2df889-0529-caa2-4f60-b8f58554f0d5, NVIDIA A100-SXM4-80GB, 73689, 81920, 39, 175.92, 38
nid008561,2026/05/03 17:16:03.897, 3, GPU-c25d3ace-c6ec-45a5-d035-12b4951aa97c, NVIDIA A100-SXM4-80GB, 73689, 81920, 100, 187.23, 37
nid008560,2026/05/03 17:16:06.933, 0, GPU-54819be7-1194-d7c8-6144-290abb9c31bd, NVIDIA A100-SXM4-80GB, 34771, 81920, 0, 94.85, 32
nid008560,2026/05/03 17:16:06.935, 1, GPU-8050c628-f086-6a63-afa4-011f4ba35042, NVIDIA A100-SXM4-80GB, 34771, 81920, 0, 95.54, 30
nid008560,2026/05/03 17:16:06.936, 2, GPU-4602a243-1af5-6ed0-97ea-b3aadf6a0de5, NVIDIA A100-SXM4-80GB, 72489, 81920, 0, 98.10, 32
nid008560,2026/05/03 17:16:06.938, 3, GPU-9c51f41c-c484-72dc-0f00-b52442c10eed, NVIDIA A100-SXM4-80GB, 4, 81920, 0, 61.73, 28
nid008561,2026/05/03 17:16:07.943, 0, GPU-046d6a3f-5ea7-4021-4d8b-05bb51db829c, NVIDIA A100-SXM4-80GB, 73689, 81920, 100, 183.46, 40
nid008561,2026/05/03 17:16:07.946, 1, GPU-d2377047-2a9b-0334-b802-a81ee53fa3e8, NVIDIA A100-SXM4-80GB, 73689, 81920, 100, 184.58, 37
nid008561,2026/05/03 17:16:07.948, 2, GPU-cc2df889-0529-caa2-4f60-b8f58554f0d5, NVIDIA A100-SXM4-80GB, 73689, 81920, 39, 172.63, 38
nid008561,2026/05/03 17:16:07.951, 3, GPU-c25d3ace-c6ec-45a5-d035-12b4951aa97c, NVIDIA A100-SXM4-80GB, 73689, 81920, 100, 188.50, 37
nid008560,2026/05/03 17:16:10.962, 0, GPU-54819be7-1194-d7c8-6144-290abb9c31bd, NVIDIA A100-SXM4-80GB, 34771, 81920, 0, 94.74, 32
nid008560,2026/05/03 17:16:10.964, 1, GPU-8050c628-f086-6a63-afa4-011f4ba35042, NVIDIA A100-SXM4-80GB, 34771, 81920, 0, 95.54, 30
nid008560,2026/05/03 17:16:10.965, 2, GPU-4602a243-1af5-6ed0-97ea-b3aadf6a0de5, NVIDIA A100-SXM4-80GB, 72489, 81920, 0, 98.10, 32
nid008560,2026/05/03 17:16:10.966, 3, GPU-9c51f41c-c484-72dc-0f00-b52442c10eed, NVIDIA A100-SXM4-80GB, 4, 81920, 0, 61.65, 28
nid008561,2026/05/03 17:16:11.963, 0, GPU-046d6a3f-5ea7-4021-4d8b-05bb51db829c, NVIDIA A100-SXM4-80GB, 73689, 81920, 37, 179.99, 40
nid008561,2026/05/03 17:16:11.966, 1, GPU-d2377047-2a9b-0334-b802-a81ee53fa3e8, NVIDIA A100-SXM4-80GB, 73689, 81920, 100, 179.04, 37
nid008561,2026/05/03 17:16:11.968, 2, GPU-cc2df889-0529-caa2-4f60-b8f58554f0d5, NVIDIA A100-SXM4-80GB, 73689, 81920, 100, 179.25, 38
nid008561,2026/05/03 17:16:11.970, 3, GPU-c25d3ace-c6ec-45a5-d035-12b4951aa97c, NVIDIA A100-SXM4-80GB, 73689, 81920, 100, 188.26, 37
nid008560,2026/05/03 17:16:14.970, 0, GPU-54819be7-1194-d7c8-6144-290abb9c31bd, NVIDIA A100-SXM4-80GB, 34771, 81920, 0, 94.74, 32
nid008560,2026/05/03 17:16:14.973, 1, GPU-8050c628-f086-6a63-afa4-011f4ba35042, NVIDIA A100-SXM4-80GB, 34771, 81920, 0, 95.54, 30
nid008560,2026/05/03 17:16:14.974, 2, GPU-4602a243-1af5-6ed0-97ea-b3aadf6a0de5, NVIDIA A100-SXM4-80GB, 72489, 81920, 0, 97.98, 32
nid008560,2026/05/03 17:16:14.975, 3, GPU-9c51f41c-c484-72dc-0f00-b52442c10eed, NVIDIA A100-SXM4-80GB, 4, 81920, 0, 61.65, 28
nid008561,2026/05/03 17:16:15.936, 0, GPU-046d6a3f-5ea7-4021-4d8b-05bb51db829c, NVIDIA A100-SXM4-80GB, 73689, 81920, 37, 181.84, 40
nid008561,2026/05/03 17:16:15.939, 1, GPU-d2377047-2a9b-0334-b802-a81ee53fa3e8, NVIDIA A100-SXM4-80GB, 73689, 81920, 100, 182.51, 37
nid008561,2026/05/03 17:16:15.941, 2, GPU-cc2df889-0529-caa2-4f60-b8f58554f0d5, NVIDIA A100-SXM4-80GB, 73689, 81920, 100, 182.21, 38
nid008561,2026/05/03 17:16:15.946, 3, GPU-c25d3ace-c6ec-45a5-d035-12b4951aa97c, NVIDIA A100-SXM4-80GB, 73689, 81920, 100, 184.35, 37
nid008560,2026/05/03 17:16:19.004, 0, GPU-54819be7-1194-d7c8-6144-290abb9c31bd, NVIDIA A100-SXM4-80GB, 34771, 81920, 0, 94.85, 32
nid008560,2026/05/03 17:16:19.006, 1, GPU-8050c628-f086-6a63-afa4-011f4ba35042, NVIDIA A100-SXM4-80GB, 34771, 81920, 0, 95.65, 30
nid008560,2026/05/03 17:16:19.007, 2, GPU-4602a243-1af5-6ed0-97ea-b3aadf6a0de5, NVIDIA A100-SXM4-80GB, 72489, 81920, 0, 97.86, 32
nid008560,2026/05/03 17:16:19.009, 3, GPU-9c51f41c-c484-72dc-0f00-b52442c10eed, NVIDIA A100-SXM4-80GB, 4, 81920, 0, 61.80, 28
nid008561,2026/05/03 17:16:20.033, 0, GPU-046d6a3f-5ea7-4021-4d8b-05bb51db829c, NVIDIA A100-SXM4-80GB, 73689, 81920, 0, 112.07, 37
nid008561,2026/05/03 17:16:20.040, 1, GPU-d2377047-2a9b-0334-b802-a81ee53fa3e8, NVIDIA A100-SXM4-80GB, 73689, 81920, 0, 115.51, 34
nid008561,2026/05/03 17:16:20.044, 2, GPU-cc2df889-0529-caa2-4f60-b8f58554f0d5, NVIDIA A100-SXM4-80GB, 73689, 81920, 0, 108.76, 36
nid008561,2026/05/03 17:16:20.054, 3, GPU-c25d3ace-c6ec-45a5-d035-12b4951aa97c, NVIDIA A100-SXM4-80GB, 73689, 81920, 0, 114.85, 34
nid008560,2026/05/03 17:16:23.040, 0, GPU-54819be7-1194-d7c8-6144-290abb9c31bd, NVIDIA A100-SXM4-80GB, 34771, 81920, 0, 94.85, 32
nid008560,2026/05/03 17:16:23.047, 1, GPU-8050c628-f086-6a63-afa4-011f4ba35042, NVIDIA A100-SXM4-80GB, 34771, 81920, 0, 95.65, 30
nid008560,2026/05/03 17:16:23.057, 2, GPU-4602a243-1af5-6ed0-97ea-b3aadf6a0de5, NVIDIA A100-SXM4-80GB, 72489, 81920, 0, 96.65, 33
nid008560,2026/05/03 17:16:23.066, 3, GPU-9c51f41c-c484-72dc-0f00-b52442c10eed, NVIDIA A100-SXM4-80GB, 4, 81920, 0, 61.73, 28
nid008561,2026/05/03 17:16:24.081, 0, GPU-046d6a3f-5ea7-4021-4d8b-05bb51db829c, NVIDIA A100-SXM4-80GB, 73689, 81920, 100, 176.85, 38
nid008561,2026/05/03 17:16:24.084, 1, GPU-d2377047-2a9b-0334-b802-a81ee53fa3e8, NVIDIA A100-SXM4-80GB, 73689, 81920, 37, 184.57, 36
nid008561,2026/05/03 17:16:24.086, 2, GPU-cc2df889-0529-caa2-4f60-b8f58554f0d5, NVIDIA A100-SXM4-80GB, 73689, 81920, 100, 175.84, 37
nid008561,2026/05/03 17:16:24.088, 3, GPU-c25d3ace-c6ec-45a5-d035-12b4951aa97c, NVIDIA A100-SXM4-80GB, 73689, 81920, 100, 187.46, 36
nid008560,2026/05/03 17:16:27.114, 0, GPU-54819be7-1194-d7c8-6144-290abb9c31bd, NVIDIA A100-SXM4-80GB, 34771, 81920, 0, 94.74, 32
nid008560,2026/05/03 17:16:27.116, 1, GPU-8050c628-f086-6a63-afa4-011f4ba35042, NVIDIA A100-SXM4-80GB, 34771, 81920, 0, 95.54, 30
nid008560,2026/05/03 17:16:27.117, 2, GPU-4602a243-1af5-6ed0-97ea-b3aadf6a0de5, NVIDIA A100-SXM4-80GB, 72489, 81920, 0, 96.52, 32
nid008560,2026/05/03 17:16:27.118, 3, GPU-9c51f41c-c484-72dc-0f00-b52442c10eed, NVIDIA A100-SXM4-80GB, 4, 81920, 0, 61.73, 28
nid008561,2026/05/03 17:16:28.100, 0, GPU-046d6a3f-5ea7-4021-4d8b-05bb51db829c, NVIDIA A100-SXM4-80GB, 73689, 81920, 100, 180.79, 39
nid008561,2026/05/03 17:16:28.109, 1, GPU-d2377047-2a9b-0334-b802-a81ee53fa3e8, NVIDIA A100-SXM4-80GB, 73689, 81920, 100, 182.21, 37
nid008561,2026/05/03 17:16:28.117, 2, GPU-cc2df889-0529-caa2-4f60-b8f58554f0d5, NVIDIA A100-SXM4-80GB, 73689, 81920, 100, 180.79, 38
nid008561,2026/05/03 17:16:28.119, 3, GPU-c25d3ace-c6ec-45a5-d035-12b4951aa97c, NVIDIA A100-SXM4-80GB, 73689, 81920, 38, 157.87, 36
nid008560,2026/05/03 17:16:31.108, 0, GPU-54819be7-1194-d7c8-6144-290abb9c31bd, NVIDIA A100-SXM4-80GB, 34771, 81920, 0, 94.74, 32
nid008560,2026/05/03 17:16:31.110, 1, GPU-8050c628-f086-6a63-afa4-011f4ba35042, NVIDIA A100-SXM4-80GB, 34771, 81920, 0, 95.78, 30
nid008560,2026/05/03 17:16:31.111, 2, GPU-4602a243-1af5-6ed0-97ea-b3aadf6a0de5, NVIDIA A100-SXM4-80GB, 72489, 81920, 0, 96.41, 32
nid008560,2026/05/03 17:16:31.113, 3, GPU-9c51f41c-c484-72dc-0f00-b52442c10eed, NVIDIA A100-SXM4-80GB, 4, 81920, 0, 61.73, 28
nid008561,2026/05/03 17:16:32.145, 0, GPU-046d6a3f-5ea7-4021-4d8b-05bb51db829c, NVIDIA A100-SXM4-80GB, 73689, 81920, 100, 178.50, 40
nid008561,2026/05/03 17:16:32.148, 1, GPU-d2377047-2a9b-0334-b802-a81ee53fa3e8, NVIDIA A100-SXM4-80GB, 73689, 81920, 100, 189.09, 37
nid008561,2026/05/03 17:16:32.150, 2, GPU-cc2df889-0529-caa2-4f60-b8f58554f0d5, NVIDIA A100-SXM4-80GB, 73689, 81920, 100, 181.70, 38
nid008561,2026/05/03 17:16:32.152, 3, GPU-c25d3ace-c6ec-45a5-d035-12b4951aa97c, NVIDIA A100-SXM4-80GB, 73689, 81920, 40, 187.76, 36
nid008560,2026/05/03 17:16:35.158, 0, GPU-54819be7-1194-d7c8-6144-290abb9c31bd, NVIDIA A100-SXM4-80GB, 34771, 81920, 0, 94.74, 32
nid008560,2026/05/03 17:16:35.164, 1, GPU-8050c628-f086-6a63-afa4-011f4ba35042, NVIDIA A100-SXM4-80GB, 34771, 81920, 0, 95.54, 30
nid008560,2026/05/03 17:16:35.169, 2, GPU-4602a243-1af5-6ed0-97ea-b3aadf6a0de5, NVIDIA A100-SXM4-80GB, 72489, 81920, 0, 96.12, 32
nid008560,2026/05/03 17:16:35.173, 3, GPU-9c51f41c-c484-72dc-0f00-b52442c10eed, NVIDIA A100-SXM4-80GB, 4, 81920, 0, 61.73, 28
nid008561,2026/05/03 17:16:36.130, 0, GPU-046d6a3f-5ea7-4021-4d8b-05bb51db829c, NVIDIA A100-SXM4-80GB, 73689, 81920, 100, 184.26, 40
nid008561,2026/05/03 17:16:36.133, 1, GPU-d2377047-2a9b-0334-b802-a81ee53fa3e8, NVIDIA A100-SXM4-80GB, 73689, 81920, 100, 189.89, 37
nid008561,2026/05/03 17:16:36.135, 2, GPU-cc2df889-0529-caa2-4f60-b8f58554f0d5, NVIDIA A100-SXM4-80GB, 73689, 81920, 39, 172.95, 38
nid008561,2026/05/03 17:16:36.137, 3, GPU-c25d3ace-c6ec-45a5-d035-12b4951aa97c, NVIDIA A100-SXM4-80GB, 73689, 81920, 100, 190.87, 37
nid008560,2026/05/03 17:16:39.116, 0, GPU-54819be7-1194-d7c8-6144-290abb9c31bd, NVIDIA A100-SXM4-80GB, 34771, 81920, 0, 94.85, 32
nid008560,2026/05/03 17:16:39.119, 1, GPU-8050c628-f086-6a63-afa4-011f4ba35042, NVIDIA A100-SXM4-80GB, 34771, 81920, 0, 95.65, 30
nid008560,2026/05/03 17:16:39.120, 2, GPU-4602a243-1af5-6ed0-97ea-b3aadf6a0de5, NVIDIA A100-SXM4-80GB, 72489, 81920, 0, 96.24, 32
nid008560,2026/05/03 17:16:39.121, 3, GPU-9c51f41c-c484-72dc-0f00-b52442c10eed, NVIDIA A100-SXM4-80GB, 4, 81920, 0, 61.73, 28
nid008561,2026/05/03 17:16:40.109, 0, GPU-046d6a3f-5ea7-4021-4d8b-05bb51db829c, NVIDIA A100-SXM4-80GB, 73689, 81920, 40, 179.44, 40
nid008561,2026/05/03 17:16:40.112, 1, GPU-d2377047-2a9b-0334-b802-a81ee53fa3e8, NVIDIA A100-SXM4-80GB, 73689, 81920, 100, 181.98, 37
nid008561,2026/05/03 17:16:40.115, 2, GPU-cc2df889-0529-caa2-4f60-b8f58554f0d5, NVIDIA A100-SXM4-80GB, 73689, 81920, 100, 174.20, 38
nid008561,2026/05/03 17:16:40.117, 3, GPU-c25d3ace-c6ec-45a5-d035-12b4951aa97c, NVIDIA A100-SXM4-80GB, 73689, 81920, 100, 187.16, 37
nid008560,2026/05/03 17:16:43.140, 0, GPU-54819be7-1194-d7c8-6144-290abb9c31bd, NVIDIA A100-SXM4-80GB, 34771, 81920, 0, 94.74, 32
nid008560,2026/05/03 17:16:43.142, 1, GPU-8050c628-f086-6a63-afa4-011f4ba35042, NVIDIA A100-SXM4-80GB, 34771, 81920, 0, 95.65, 30
nid008560,2026/05/03 17:16:43.144, 2, GPU-4602a243-1af5-6ed0-97ea-b3aadf6a0de5, NVIDIA A100-SXM4-80GB, 72489, 81920, 0, 96.12, 32
nid008560,2026/05/03 17:16:43.148, 3, GPU-9c51f41c-c484-72dc-0f00-b52442c10eed, NVIDIA A100-SXM4-80GB, 4, 81920, 0, 61.73, 28
nid008561,2026/05/03 17:16:44.164, 0, GPU-046d6a3f-5ea7-4021-4d8b-05bb51db829c, NVIDIA A100-SXM4-80GB, 73689, 81920, 100, 186.11, 40
nid008561,2026/05/03 17:16:44.168, 1, GPU-d2377047-2a9b-0334-b802-a81ee53fa3e8, NVIDIA A100-SXM4-80GB, 73689, 81920, 100, 190.65, 37
nid008561,2026/05/03 17:16:44.170, 2, GPU-cc2df889-0529-caa2-4f60-b8f58554f0d5, NVIDIA A100-SXM4-80GB, 73689, 81920, 85, 183.48, 39
nid008561,2026/05/03 17:16:44.172, 3, GPU-c25d3ace-c6ec-45a5-d035-12b4951aa97c, NVIDIA A100-SXM4-80GB, 73689, 81920, 40, 187.98, 37
nid008560,2026/05/03 17:16:47.205, 0, GPU-54819be7-1194-d7c8-6144-290abb9c31bd, NVIDIA A100-SXM4-80GB, 34771, 81920, 0, 94.85, 32
nid008560,2026/05/03 17:16:47.218, 1, GPU-8050c628-f086-6a63-afa4-011f4ba35042, NVIDIA A100-SXM4-80GB, 34771, 81920, 0, 95.90, 30
nid008560,2026/05/03 17:16:47.229, 2, GPU-4602a243-1af5-6ed0-97ea-b3aadf6a0de5, NVIDIA A100-SXM4-80GB, 72489, 81920, 0, 96.41, 32
nid008560,2026/05/03 17:16:47.234, 3, GPU-9c51f41c-c484-72dc-0f00-b52442c10eed, NVIDIA A100-SXM4-80GB, 4, 81920, 0, 61.73, 28
nid008561,2026/05/03 17:16:48.223, 0, GPU-046d6a3f-5ea7-4021-4d8b-05bb51db829c, NVIDIA A100-SXM4-80GB, 73689, 81920, 100, 183.48, 40
nid008561,2026/05/03 17:16:48.226, 1, GPU-d2377047-2a9b-0334-b802-a81ee53fa3e8, NVIDIA A100-SXM4-80GB, 73689, 81920, 100, 189.08, 37
nid008561,2026/05/03 17:16:48.228, 2, GPU-cc2df889-0529-caa2-4f60-b8f58554f0d5, NVIDIA A100-SXM4-80GB, 73689, 81920, 40, 172.95, 38
nid008561,2026/05/03 17:16:48.230, 3, GPU-c25d3ace-c6ec-45a5-d035-12b4951aa97c, NVIDIA A100-SXM4-80GB, 73689, 81920, 100, 190.65, 37
nid008560,2026/05/03 17:16:51.254, 0, GPU-54819be7-1194-d7c8-6144-290abb9c31bd, NVIDIA A100-SXM4-80GB, 34771, 81920, 0, 94.74, 32
nid008560,2026/05/03 17:16:51.256, 1, GPU-8050c628-f086-6a63-afa4-011f4ba35042, NVIDIA A100-SXM4-80GB, 34771, 81920, 0, 95.78, 31
nid008560,2026/05/03 17:16:51.258, 2, GPU-4602a243-1af5-6ed0-97ea-b3aadf6a0de5, NVIDIA A100-SXM4-80GB, 72489, 81920, 0, 96.41, 32
nid008560,2026/05/03 17:16:51.259, 3, GPU-9c51f41c-c484-72dc-0f00-b52442c10eed, NVIDIA A100-SXM4-80GB, 4, 81920, 0, 61.65, 28
nid008561,2026/05/03 17:16:52.225, 0, GPU-046d6a3f-5ea7-4021-4d8b-05bb51db829c, NVIDIA A100-SXM4-80GB, 73689, 81920, 100, 183.17, 40
nid008561,2026/05/03 17:16:52.228, 1, GPU-d2377047-2a9b-0334-b802-a81ee53fa3e8, NVIDIA A100-SXM4-80GB, 73689, 81920, 100, 188.50, 37
nid008561,2026/05/03 17:16:52.230, 2, GPU-cc2df889-0529-caa2-4f60-b8f58554f0d5, NVIDIA A100-SXM4-80GB, 73689, 81920, 100, 180.87, 39
nid008561,2026/05/03 17:16:52.232, 3, GPU-c25d3ace-c6ec-45a5-d035-12b4951aa97c, NVIDIA A100-SXM4-80GB, 73689, 81920, 40, 172.74, 37
nid008560,2026/05/03 17:16:55.340, 0, GPU-54819be7-1194-d7c8-6144-290abb9c31bd, NVIDIA A100-SXM4-80GB, 34771, 81920, 0, 94.74, 32
nid008560,2026/05/03 17:16:55.342, 1, GPU-8050c628-f086-6a63-afa4-011f4ba35042, NVIDIA A100-SXM4-80GB, 34771, 81920, 0, 95.54, 31
nid008560,2026/05/03 17:16:55.343, 2, GPU-4602a243-1af5-6ed0-97ea-b3aadf6a0de5, NVIDIA A100-SXM4-80GB, 72489, 81920, 0, 96.41, 32
nid008560,2026/05/03 17:16:55.345, 3, GPU-9c51f41c-c484-72dc-0f00-b52442c10eed, NVIDIA A100-SXM4-80GB, 4, 81920, 0, 61.65, 28
nid008561,2026/05/03 17:16:56.291, 0, GPU-046d6a3f-5ea7-4021-4d8b-05bb51db829c, NVIDIA A100-SXM4-80GB, 73689, 81920, 96, 185.83, 40
nid008561,2026/05/03 17:16:56.294, 1, GPU-d2377047-2a9b-0334-b802-a81ee53fa3e8, NVIDIA A100-SXM4-80GB, 73689, 81920, 100, 184.65, 37
nid008561,2026/05/03 17:16:56.296, 2, GPU-cc2df889-0529-caa2-4f60-b8f58554f0d5, NVIDIA A100-SXM4-80GB, 73689, 81920, 42, 179.78, 39
nid008561,2026/05/03 17:16:56.298, 3, GPU-c25d3ace-c6ec-45a5-d035-12b4951aa97c, NVIDIA A100-SXM4-80GB, 73689, 81920, 100, 189.60, 37
nid008560,2026/05/03 17:16:59.393, 0, GPU-54819be7-1194-d7c8-6144-290abb9c31bd, NVIDIA A100-SXM4-80GB, 34771, 81920, 0, 94.74, 32
nid008560,2026/05/03 17:16:59.395, 1, GPU-8050c628-f086-6a63-afa4-011f4ba35042, NVIDIA A100-SXM4-80GB, 34771, 81920, 0, 95.78, 31
nid008560,2026/05/03 17:16:59.397, 2, GPU-4602a243-1af5-6ed0-97ea-b3aadf6a0de5, NVIDIA A100-SXM4-80GB, 72489, 81920, 0, 96.12, 32
nid008560,2026/05/03 17:16:59.398, 3, GPU-9c51f41c-c484-72dc-0f00-b52442c10eed, NVIDIA A100-SXM4-80GB, 4, 81920, 0, 61.73, 28
nid008561,2026/05/03 17:17:00.427, 0, GPU-046d6a3f-5ea7-4021-4d8b-05bb51db829c, NVIDIA A100-SXM4-80GB, 73689, 81920, 100, 181.39, 40
nid008561,2026/05/03 17:17:00.435, 1, GPU-d2377047-2a9b-0334-b802-a81ee53fa3e8, NVIDIA A100-SXM4-80GB, 73689, 81920, 100, 181.62, 37
nid008561,2026/05/03 17:17:00.442, 2, GPU-cc2df889-0529-caa2-4f60-b8f58554f0d5, NVIDIA A100-SXM4-80GB, 73689, 81920, 39, 179.02, 38
nid008561,2026/05/03 17:17:00.448, 3, GPU-c25d3ace-c6ec-45a5-d035-12b4951aa97c, NVIDIA A100-SXM4-80GB, 73689, 81920, 100, 186.19, 37
nid008560,2026/05/03 17:17:03.482, 0, GPU-54819be7-1194-d7c8-6144-290abb9c31bd, NVIDIA A100-SXM4-80GB, 34771, 81920, 0, 94.85, 32
nid008560,2026/05/03 17:17:03.484, 1, GPU-8050c628-f086-6a63-afa4-011f4ba35042, NVIDIA A100-SXM4-80GB, 34771, 81920, 0, 95.65, 31
nid008560,2026/05/03 17:17:03.485, 2, GPU-4602a243-1af5-6ed0-97ea-b3aadf6a0de5, NVIDIA A100-SXM4-80GB, 72489, 81920, 0, 96.24, 32
nid008560,2026/05/03 17:17:03.487, 3, GPU-9c51f41c-c484-72dc-0f00-b52442c10eed, NVIDIA A100-SXM4-80GB, 4, 81920, 0, 61.73, 28
nid008561,2026/05/03 17:17:04.471, 0, GPU-046d6a3f-5ea7-4021-4d8b-05bb51db829c, NVIDIA A100-SXM4-80GB, 73689, 81920, 100, 184.50, 40
nid008561,2026/05/03 17:17:04.474, 1, GPU-d2377047-2a9b-0334-b802-a81ee53fa3e8, NVIDIA A100-SXM4-80GB, 73689, 81920, 100, 187.23, 37
nid008561,2026/05/03 17:17:04.476, 2, GPU-cc2df889-0529-caa2-4f60-b8f58554f0d5, NVIDIA A100-SXM4-80GB, 73689, 81920, 100, 181.10, 39
nid008561,2026/05/03 17:17:04.478, 3, GPU-c25d3ace-c6ec-45a5-d035-12b4951aa97c, NVIDIA A100-SXM4-80GB, 73689, 81920, 40, 184.57, 37
nid008560,2026/05/03 17:17:07.496, 0, GPU-54819be7-1194-d7c8-6144-290abb9c31bd, NVIDIA A100-SXM4-80GB, 34771, 81920, 0, 94.74, 32
nid008560,2026/05/03 17:17:07.498, 1, GPU-8050c628-f086-6a63-afa4-011f4ba35042, NVIDIA A100-SXM4-80GB, 34771, 81920, 0, 95.65, 31
nid008560,2026/05/03 17:17:07.500, 2, GPU-4602a243-1af5-6ed0-97ea-b3aadf6a0de5, NVIDIA A100-SXM4-80GB, 72489, 81920, 0, 96.24, 32
nid008560,2026/05/03 17:17:07.501, 3, GPU-9c51f41c-c484-72dc-0f00-b52442c10eed, NVIDIA A100-SXM4-80GB, 4, 81920, 0, 61.73, 28
nid008561,2026/05/03 17:17:08.460, 0, GPU-046d6a3f-5ea7-4021-4d8b-05bb51db829c, NVIDIA A100-SXM4-80GB, 73689, 81920, 100, 183.48, 40
nid008561,2026/05/03 17:17:08.463, 1, GPU-d2377047-2a9b-0334-b802-a81ee53fa3e8, NVIDIA A100-SXM4-80GB, 73689, 81920, 100, 188.04, 37
nid008561,2026/05/03 17:17:08.465, 2, GPU-cc2df889-0529-caa2-4f60-b8f58554f0d5, NVIDIA A100-SXM4-80GB, 73689, 81920, 39, 177.93, 38
nid008561,2026/05/03 17:17:08.469, 3, GPU-c25d3ace-c6ec-45a5-d035-12b4951aa97c, NVIDIA A100-SXM4-80GB, 73689, 81920, 100, 189.32, 37
nid008560,2026/05/03 17:17:11.515, 0, GPU-54819be7-1194-d7c8-6144-290abb9c31bd, NVIDIA A100-SXM4-80GB, 34771, 81920, 0, 94.85, 32
nid008560,2026/05/03 17:17:11.527, 1, GPU-8050c628-f086-6a63-afa4-011f4ba35042, NVIDIA A100-SXM4-80GB, 34771, 81920, 0, 95.78, 31
nid008560,2026/05/03 17:17:11.540, 2, GPU-4602a243-1af5-6ed0-97ea-b3aadf6a0de5, NVIDIA A100-SXM4-80GB, 72489, 81920, 0, 96.12, 32
nid008560,2026/05/03 17:17:11.546, 3, GPU-9c51f41c-c484-72dc-0f00-b52442c10eed, NVIDIA A100-SXM4-80GB, 4, 81920, 0, 61.65, 28
nid008561,2026/05/03 17:17:12.499, 0, GPU-046d6a3f-5ea7-4021-4d8b-05bb51db829c, NVIDIA A100-SXM4-80GB, 73689, 81920, 0, 112.60, 38
nid008561,2026/05/03 17:17:12.502, 1, GPU-d2377047-2a9b-0334-b802-a81ee53fa3e8, NVIDIA A100-SXM4-80GB, 73689, 81920, 0, 116.04, 34
nid008561,2026/05/03 17:17:12.503, 2, GPU-cc2df889-0529-caa2-4f60-b8f58554f0d5, NVIDIA A100-SXM4-80GB, 73689, 81920, 0, 91.31, 36
nid008561,2026/05/03 17:17:12.505, 3, GPU-c25d3ace-c6ec-45a5-d035-12b4951aa97c, NVIDIA A100-SXM4-80GB, 73689, 81920, 0, 114.99, 35
nid008560,2026/05/03 17:17:15.624, 0, GPU-54819be7-1194-d7c8-6144-290abb9c31bd, NVIDIA A100-SXM4-80GB, 34771, 81920, 0, 94.85, 32
nid008560,2026/05/03 17:17:15.626, 1, GPU-8050c628-f086-6a63-afa4-011f4ba35042, NVIDIA A100-SXM4-80GB, 34771, 81920, 0, 95.78, 31
nid008560,2026/05/03 17:17:15.627, 2, GPU-4602a243-1af5-6ed0-97ea-b3aadf6a0de5, NVIDIA A100-SXM4-80GB, 72489, 81920, 0, 96.76, 33
nid008560,2026/05/03 17:17:15.629, 3, GPU-9c51f41c-c484-72dc-0f00-b52442c10eed, NVIDIA A100-SXM4-80GB, 4, 81920, 0, 61.73, 28
nid008561,2026/05/03 17:17:16.616, 0, GPU-046d6a3f-5ea7-4021-4d8b-05bb51db829c, NVIDIA A100-SXM4-80GB, 73689, 81920, 100, 179.76, 38
nid008561,2026/05/03 17:17:16.619, 1, GPU-d2377047-2a9b-0334-b802-a81ee53fa3e8, NVIDIA A100-SXM4-80GB, 73689, 81920, 100, 188.56, 36
nid008561,2026/05/03 17:17:16.627, 2, GPU-cc2df889-0529-caa2-4f60-b8f58554f0d5, NVIDIA A100-SXM4-80GB, 73689, 81920, 40, 156.21, 36
nid008561,2026/05/03 17:17:16.629, 3, GPU-c25d3ace-c6ec-45a5-d035-12b4951aa97c, NVIDIA A100-SXM4-80GB, 73689, 81920, 100, 183.76, 36
nid008560,2026/05/03 17:17:19.659, 0, GPU-54819be7-1194-d7c8-6144-290abb9c31bd, NVIDIA A100-SXM4-80GB, 34771, 81920, 0, 94.85, 32
nid008560,2026/05/03 17:17:19.662, 1, GPU-8050c628-f086-6a63-afa4-011f4ba35042, NVIDIA A100-SXM4-80GB, 34771, 81920, 0, 95.65, 31
nid008560,2026/05/03 17:17:19.663, 2, GPU-4602a243-1af5-6ed0-97ea-b3aadf6a0de5, NVIDIA A100-SXM4-80GB, 72489, 81920, 0, 96.52, 32
nid008560,2026/05/03 17:17:19.665, 3, GPU-9c51f41c-c484-72dc-0f00-b52442c10eed, NVIDIA A100-SXM4-80GB, 4, 81920, 0, 61.73, 28
nid008561,2026/05/03 17:17:20.667, 0, GPU-046d6a3f-5ea7-4021-4d8b-05bb51db829c, NVIDIA A100-SXM4-80GB, 73689, 81920, 100, 177.38, 40
nid008561,2026/05/03 17:17:20.671, 1, GPU-d2377047-2a9b-0334-b802-a81ee53fa3e8, NVIDIA A100-SXM4-80GB, 73689, 81920, 100, 186.19, 37
nid008561,2026/05/03 17:17:20.673, 2, GPU-cc2df889-0529-caa2-4f60-b8f58554f0d5, NVIDIA A100-SXM4-80GB, 73689, 81920, 39, 165.79, 37
nid008561,2026/05/03 17:17:20.675, 3, GPU-c25d3ace-c6ec-45a5-d035-12b4951aa97c, NVIDIA A100-SXM4-80GB, 73689, 81920, 100, 183.24, 37
nid008560,2026/05/03 17:17:23.678, 0, GPU-54819be7-1194-d7c8-6144-290abb9c31bd, NVIDIA A100-SXM4-80GB, 34771, 81920, 0, 94.74, 32
nid008560,2026/05/03 17:17:23.680, 1, GPU-8050c628-f086-6a63-afa4-011f4ba35042, NVIDIA A100-SXM4-80GB, 34771, 81920, 0, 95.54, 31
nid008560,2026/05/03 17:17:23.681, 2, GPU-4602a243-1af5-6ed0-97ea-b3aadf6a0de5, NVIDIA A100-SXM4-80GB, 72489, 81920, 0, 96.41, 32
nid008560,2026/05/03 17:17:23.683, 3, GPU-9c51f41c-c484-72dc-0f00-b52442c10eed, NVIDIA A100-SXM4-80GB, 4, 81920, 0, 61.73, 28
nid008561,2026/05/03 17:17:24.650, 0, GPU-046d6a3f-5ea7-4021-4d8b-05bb51db829c, NVIDIA A100-SXM4-80GB, 73689, 81920, 100, 181.62, 40
nid008561,2026/05/03 17:17:24.653, 1, GPU-d2377047-2a9b-0334-b802-a81ee53fa3e8, NVIDIA A100-SXM4-80GB, 73689, 81920, 100, 184.88, 37
nid008561,2026/05/03 17:17:24.655, 2, GPU-cc2df889-0529-caa2-4f60-b8f58554f0d5, NVIDIA A100-SXM4-80GB, 73689, 81920, 40, 164.22, 37
nid008561,2026/05/03 17:17:24.657, 3, GPU-c25d3ace-c6ec-45a5-d035-12b4951aa97c, NVIDIA A100-SXM4-80GB, 73689, 81920, 100, 187.23, 37
nid008560,2026/05/03 17:17:27.657, 0, GPU-54819be7-1194-d7c8-6144-290abb9c31bd, NVIDIA A100-SXM4-80GB, 34771, 81920, 0, 94.74, 32
nid008560,2026/05/03 17:17:27.660, 1, GPU-8050c628-f086-6a63-afa4-011f4ba35042, NVIDIA A100-SXM4-80GB, 34771, 81920, 0, 95.78, 31
nid008560,2026/05/03 17:17:27.663, 2, GPU-4602a243-1af5-6ed0-97ea-b3aadf6a0de5, NVIDIA A100-SXM4-80GB, 72489, 81920, 0, 96.41, 32
nid008560,2026/05/03 17:17:27.670, 3, GPU-9c51f41c-c484-72dc-0f00-b52442c10eed, NVIDIA A100-SXM4-80GB, 4, 81920, 0, 61.65, 28
nid008561,2026/05/03 17:17:28.686, 0, GPU-046d6a3f-5ea7-4021-4d8b-05bb51db829c, NVIDIA A100-SXM4-80GB, 73689, 81920, 100, 182.41, 40
nid008561,2026/05/03 17:17:28.690, 1, GPU-d2377047-2a9b-0334-b802-a81ee53fa3e8, NVIDIA A100-SXM4-80GB, 73689, 81920, 100, 186.19, 37
nid008561,2026/05/03 17:17:28.692, 2, GPU-cc2df889-0529-caa2-4f60-b8f58554f0d5, NVIDIA A100-SXM4-80GB, 73689, 81920, 40, 163.93, 37
nid008561,2026/05/03 17:17:28.695, 3, GPU-c25d3ace-c6ec-45a5-d035-12b4951aa97c, NVIDIA A100-SXM4-80GB, 73689, 81920, 100, 187.23, 37
nid008560,2026/05/03 17:17:31.690, 0, GPU-54819be7-1194-d7c8-6144-290abb9c31bd, NVIDIA A100-SXM4-80GB, 34771, 81920, 0, 94.85, 32
nid008560,2026/05/03 17:17:31.696, 1, GPU-8050c628-f086-6a63-afa4-011f4ba35042, NVIDIA A100-SXM4-80GB, 34771, 81920, 0, 95.65, 31
nid008560,2026/05/03 17:17:31.702, 2, GPU-4602a243-1af5-6ed0-97ea-b3aadf6a0de5, NVIDIA A100-SXM4-80GB, 72489, 81920, 0, 96.35, 32
nid008560,2026/05/03 17:17:31.721, 3, GPU-9c51f41c-c484-72dc-0f00-b52442c10eed, NVIDIA A100-SXM4-80GB, 4, 81920, 0, 61.80, 28
nid008561,2026/05/03 17:17:32.698, 0, GPU-046d6a3f-5ea7-4021-4d8b-05bb51db829c, NVIDIA A100-SXM4-80GB, 73689, 81920, 100, 184.79, 40
nid008561,2026/05/03 17:17:32.711, 1, GPU-d2377047-2a9b-0334-b802-a81ee53fa3e8, NVIDIA A100-SXM4-80GB, 73689, 81920, 100, 189.08, 37
nid008561,2026/05/03 17:17:32.718, 2, GPU-cc2df889-0529-caa2-4f60-b8f58554f0d5, NVIDIA A100-SXM4-80GB, 73689, 81920, 40, 166.60, 37
nid008561,2026/05/03 17:17:32.721, 3, GPU-c25d3ace-c6ec-45a5-d035-12b4951aa97c, NVIDIA A100-SXM4-80GB, 73689, 81920, 100, 189.03, 37
nid008560,2026/05/03 17:17:35.757, 0, GPU-54819be7-1194-d7c8-6144-290abb9c31bd, NVIDIA A100-SXM4-80GB, 34771, 81920, 0, 94.85, 32
nid008560,2026/05/03 17:17:35.759, 1, GPU-8050c628-f086-6a63-afa4-011f4ba35042, NVIDIA A100-SXM4-80GB, 34771, 81920, 0, 95.65, 31
nid008560,2026/05/03 17:17:35.760, 2, GPU-4602a243-1af5-6ed0-97ea-b3aadf6a0de5, NVIDIA A100-SXM4-80GB, 72489, 81920, 0, 98.10, 32
nid008560,2026/05/03 17:17:35.762, 3, GPU-9c51f41c-c484-72dc-0f00-b52442c10eed, NVIDIA A100-SXM4-80GB, 4, 81920, 0, 61.73, 28
nid008561,2026/05/03 17:17:36.743, 0, GPU-046d6a3f-5ea7-4021-4d8b-05bb51db829c, NVIDIA A100-SXM4-80GB, 73689, 81920, 100, 183.69, 40
nid008561,2026/05/03 17:17:36.746, 1, GPU-d2377047-2a9b-0334-b802-a81ee53fa3e8, NVIDIA A100-SXM4-80GB, 73689, 81920, 100, 185.39, 37
nid008561,2026/05/03 17:17:36.748, 2, GPU-cc2df889-0529-caa2-4f60-b8f58554f0d5, NVIDIA A100-SXM4-80GB, 73689, 81920, 36, 162.09, 37
nid008561,2026/05/03 17:17:36.750, 3, GPU-c25d3ace-c6ec-45a5-d035-12b4951aa97c, NVIDIA A100-SXM4-80GB, 73689, 81920, 100, 190.12, 37
nid008560,2026/05/03 17:17:39.827, 0, GPU-54819be7-1194-d7c8-6144-290abb9c31bd, NVIDIA A100-SXM4-80GB, 34771, 81920, 0, 94.74, 32
nid008560,2026/05/03 17:17:39.829, 1, GPU-8050c628-f086-6a63-afa4-011f4ba35042, NVIDIA A100-SXM4-80GB, 34771, 81920, 0, 95.78, 31
nid008560,2026/05/03 17:17:39.830, 2, GPU-4602a243-1af5-6ed0-97ea-b3aadf6a0de5, NVIDIA A100-SXM4-80GB, 72489, 81920, 0, 97.98, 32
nid008560,2026/05/03 17:17:39.831, 3, GPU-9c51f41c-c484-72dc-0f00-b52442c10eed, NVIDIA A100-SXM4-80GB, 4, 81920, 0, 61.65, 28
nid008561,2026/05/03 17:17:40.771, 0, GPU-046d6a3f-5ea7-4021-4d8b-05bb51db829c, NVIDIA A100-SXM4-80GB, 73689, 81920, 100, 182.41, 40
nid008561,2026/05/03 17:17:40.779, 1, GPU-d2377047-2a9b-0334-b802-a81ee53fa3e8, NVIDIA A100-SXM4-80GB, 73689, 81920, 100, 186.71, 37
nid008561,2026/05/03 17:17:40.785, 2, GPU-cc2df889-0529-caa2-4f60-b8f58554f0d5, NVIDIA A100-SXM4-80GB, 73689, 81920, 40, 165.79, 38
nid008561,2026/05/03 17:17:40.792, 3, GPU-c25d3ace-c6ec-45a5-d035-12b4951aa97c, NVIDIA A100-SXM4-80GB, 73689, 81920, 100, 195.15, 37
nid008560,2026/05/03 17:17:43.815, 0, GPU-54819be7-1194-d7c8-6144-290abb9c31bd, NVIDIA A100-SXM4-80GB, 34771, 81920, 0, 94.85, 32
nid008560,2026/05/03 17:17:43.818, 1, GPU-8050c628-f086-6a63-afa4-011f4ba35042, NVIDIA A100-SXM4-80GB, 34771, 81920, 0, 95.90, 31
nid008560,2026/05/03 17:17:43.819, 2, GPU-4602a243-1af5-6ed0-97ea-b3aadf6a0de5, NVIDIA A100-SXM4-80GB, 72489, 81920, 0, 98.10, 32
nid008560,2026/05/03 17:17:43.821, 3, GPU-9c51f41c-c484-72dc-0f00-b52442c10eed, NVIDIA A100-SXM4-80GB, 4, 81920, 0, 61.73, 28
nid008561,2026/05/03 17:17:44.888, 0, GPU-046d6a3f-5ea7-4021-4d8b-05bb51db829c, NVIDIA A100-SXM4-80GB, 73689, 81920, 100, 183.98, 40
nid008561,2026/05/03 17:17:44.894, 1, GPU-d2377047-2a9b-0334-b802-a81ee53fa3e8, NVIDIA A100-SXM4-80GB, 73689, 81920, 100, 188.05, 37
nid008561,2026/05/03 17:17:44.896, 2, GPU-cc2df889-0529-caa2-4f60-b8f58554f0d5, NVIDIA A100-SXM4-80GB, 73689, 81920, 40, 167.64, 38
nid008561,2026/05/03 17:17:44.898, 3, GPU-c25d3ace-c6ec-45a5-d035-12b4951aa97c, NVIDIA A100-SXM4-80GB, 73689, 81920, 100, 189.54, 37
nid008560,2026/05/03 17:17:48.043, 0, GPU-54819be7-1194-d7c8-6144-290abb9c31bd, NVIDIA A100-SXM4-80GB, 34771, 81920, 0, 94.74, 32
nid008560,2026/05/03 17:17:48.045, 1, GPU-8050c628-f086-6a63-afa4-011f4ba35042, NVIDIA A100-SXM4-80GB, 34771, 81920, 0, 95.90, 31
nid008560,2026/05/03 17:17:48.047, 2, GPU-4602a243-1af5-6ed0-97ea-b3aadf6a0de5, NVIDIA A100-SXM4-80GB, 72489, 81920, 0, 97.98, 32
nid008560,2026/05/03 17:17:48.048, 3, GPU-9c51f41c-c484-72dc-0f00-b52442c10eed, NVIDIA A100-SXM4-80GB, 4, 81920, 0, 61.73, 28
nid008561,2026/05/03 17:17:49.032, 0, GPU-046d6a3f-5ea7-4021-4d8b-05bb51db829c, NVIDIA A100-SXM4-80GB, 73689, 81920, 100, 183.17, 40
nid008561,2026/05/03 17:17:49.035, 1, GPU-d2377047-2a9b-0334-b802-a81ee53fa3e8, NVIDIA A100-SXM4-80GB, 73689, 81920, 100, 188.58, 37
nid008561,2026/05/03 17:17:49.037, 2, GPU-cc2df889-0529-caa2-4f60-b8f58554f0d5, NVIDIA A100-SXM4-80GB, 73689, 81920, 40, 165.79, 38
nid008561,2026/05/03 17:17:49.039, 3, GPU-c25d3ace-c6ec-45a5-d035-12b4951aa97c, NVIDIA A100-SXM4-80GB, 73689, 81920, 100, 189.83, 38
nid008560,2026/05/03 17:17:52.068, 0, GPU-54819be7-1194-d7c8-6144-290abb9c31bd, NVIDIA A100-SXM4-80GB, 34771, 81920, 0, 94.74, 32
nid008560,2026/05/03 17:17:52.070, 1, GPU-8050c628-f086-6a63-afa4-011f4ba35042, NVIDIA A100-SXM4-80GB, 34771, 81920, 0, 95.65, 31
nid008560,2026/05/03 17:17:52.071, 2, GPU-4602a243-1af5-6ed0-97ea-b3aadf6a0de5, NVIDIA A100-SXM4-80GB, 72489, 81920, 0, 98.10, 32
nid008560,2026/05/03 17:17:52.075, 3, GPU-9c51f41c-c484-72dc-0f00-b52442c10eed, NVIDIA A100-SXM4-80GB, 4, 81920, 0, 61.73, 28
nid008561,2026/05/03 17:17:53.057, 0, GPU-046d6a3f-5ea7-4021-4d8b-05bb51db829c, NVIDIA A100-SXM4-80GB, 73689, 81920, 100, 189.01, 40
nid008561,2026/05/03 17:17:53.060, 1, GPU-d2377047-2a9b-0334-b802-a81ee53fa3e8, NVIDIA A100-SXM4-80GB, 73689, 81920, 100, 190.65, 37
nid008561,2026/05/03 17:17:53.062, 2, GPU-cc2df889-0529-caa2-4f60-b8f58554f0d5, NVIDIA A100-SXM4-80GB, 73689, 81920, 40, 166.30, 38
nid008561,2026/05/03 17:17:53.064, 3, GPU-c25d3ace-c6ec-45a5-d035-12b4951aa97c, NVIDIA A100-SXM4-80GB, 73689, 81920, 100, 190.12, 38
nid008560,2026/05/03 17:17:56.264, 0, GPU-54819be7-1194-d7c8-6144-290abb9c31bd, NVIDIA A100-SXM4-80GB, 34771, 81920, 0, 94.85, 32
nid008560,2026/05/03 17:17:56.266, 1, GPU-8050c628-f086-6a63-afa4-011f4ba35042, NVIDIA A100-SXM4-80GB, 34771, 81920, 0, 95.90, 31
nid008560,2026/05/03 17:17:56.267, 2, GPU-4602a243-1af5-6ed0-97ea-b3aadf6a0de5, NVIDIA A100-SXM4-80GB, 72489, 81920, 0, 98.27, 32
nid008560,2026/05/03 17:17:56.269, 3, GPU-9c51f41c-c484-72dc-0f00-b52442c10eed, NVIDIA A100-SXM4-80GB, 4, 81920, 0, 61.73, 28
nid008561,2026/05/03 17:17:57.231, 0, GPU-046d6a3f-5ea7-4021-4d8b-05bb51db829c, NVIDIA A100-SXM4-80GB, 73689, 81920, 100, 185.24, 40
nid008561,2026/05/03 17:17:57.234, 1, GPU-d2377047-2a9b-0334-b802-a81ee53fa3e8, NVIDIA A100-SXM4-80GB, 73689, 81920, 100, 187.52, 37
nid008561,2026/05/03 17:17:57.239, 2, GPU-cc2df889-0529-caa2-4f60-b8f58554f0d5, NVIDIA A100-SXM4-80GB, 73689, 81920, 40, 171.30, 38
nid008561,2026/05/03 17:17:57.243, 3, GPU-c25d3ace-c6ec-45a5-d035-12b4951aa97c, NVIDIA A100-SXM4-80GB, 73689, 81920, 100, 192.49, 38
nid008560,2026/05/03 17:18:00.257, 0, GPU-54819be7-1194-d7c8-6144-290abb9c31bd, NVIDIA A100-SXM4-80GB, 34771, 81920, 0, 94.74, 32
nid008560,2026/05/03 17:18:00.259, 1, GPU-8050c628-f086-6a63-afa4-011f4ba35042, NVIDIA A100-SXM4-80GB, 34771, 81920, 0, 95.78, 31
nid008560,2026/05/03 17:18:00.261, 2, GPU-4602a243-1af5-6ed0-97ea-b3aadf6a0de5, NVIDIA A100-SXM4-80GB, 72489, 81920, 0, 97.98, 32
nid008560,2026/05/03 17:18:00.262, 3, GPU-9c51f41c-c484-72dc-0f00-b52442c10eed, NVIDIA A100-SXM4-80GB, 4, 81920, 0, 61.65, 28
nid008561,2026/05/03 17:18:01.269, 0, GPU-046d6a3f-5ea7-4021-4d8b-05bb51db829c, NVIDIA A100-SXM4-80GB, 73689, 81920, 100, 185.89, 40
nid008561,2026/05/03 17:18:01.273, 1, GPU-d2377047-2a9b-0334-b802-a81ee53fa3e8, NVIDIA A100-SXM4-80GB, 73689, 81920, 100, 186.71, 37
nid008561,2026/05/03 17:18:01.275, 2, GPU-cc2df889-0529-caa2-4f60-b8f58554f0d5, NVIDIA A100-SXM4-80GB, 73689, 81920, 40, 176.67, 38
nid008561,2026/05/03 17:18:01.277, 3, GPU-c25d3ace-c6ec-45a5-d035-12b4951aa97c, NVIDIA A100-SXM4-80GB, 73689, 81920, 100, 190.64, 38
nid008560,2026/05/03 17:18:04.305, 0, GPU-54819be7-1194-d7c8-6144-290abb9c31bd, NVIDIA A100-SXM4-80GB, 34771, 81920, 0, 94.74, 32
nid008560,2026/05/03 17:18:04.307, 1, GPU-8050c628-f086-6a63-afa4-011f4ba35042, NVIDIA A100-SXM4-80GB, 34771, 81920, 0, 95.78, 31
nid008560,2026/05/03 17:18:04.308, 2, GPU-4602a243-1af5-6ed0-97ea-b3aadf6a0de5, NVIDIA A100-SXM4-80GB, 72489, 81920, 0, 98.10, 32
nid008560,2026/05/03 17:18:04.310, 3, GPU-9c51f41c-c484-72dc-0f00-b52442c10eed, NVIDIA A100-SXM4-80GB, 4, 81920, 0, 61.73, 28
nid008561,2026/05/03 17:18:05.264, 0, GPU-046d6a3f-5ea7-4021-4d8b-05bb51db829c, NVIDIA A100-SXM4-80GB, 73689, 81920, 0, 112.60, 38
nid008561,2026/05/03 17:18:05.268, 1, GPU-d2377047-2a9b-0334-b802-a81ee53fa3e8, NVIDIA A100-SXM4-80GB, 73689, 81920, 0, 115.75, 34
nid008561,2026/05/03 17:18:05.273, 2, GPU-cc2df889-0529-caa2-4f60-b8f58554f0d5, NVIDIA A100-SXM4-80GB, 73689, 81920, 0, 91.42, 35
nid008561,2026/05/03 17:18:05.279, 3, GPU-c25d3ace-c6ec-45a5-d035-12b4951aa97c, NVIDIA A100-SXM4-80GB, 73689, 81920, 0, 114.85, 35
nid008560,2026/05/03 17:18:08.310, 0, GPU-54819be7-1194-d7c8-6144-290abb9c31bd, NVIDIA A100-SXM4-80GB, 34771, 81920, 0, 94.85, 32
nid008560,2026/05/03 17:18:08.312, 1, GPU-8050c628-f086-6a63-afa4-011f4ba35042, NVIDIA A100-SXM4-80GB, 34771, 81920, 0, 95.90, 31
nid008560,2026/05/03 17:18:08.313, 2, GPU-4602a243-1af5-6ed0-97ea-b3aadf6a0de5, NVIDIA A100-SXM4-80GB, 72489, 81920, 0, 96.52, 32
nid008560,2026/05/03 17:18:08.315, 3, GPU-9c51f41c-c484-72dc-0f00-b52442c10eed, NVIDIA A100-SXM4-80GB, 4, 81920, 0, 61.73, 28
nid008561,2026/05/03 17:18:09.276, 0, GPU-046d6a3f-5ea7-4021-4d8b-05bb51db829c, NVIDIA A100-SXM4-80GB, 73689, 81920, 100, 178.71, 40
nid008561,2026/05/03 17:18:09.279, 1, GPU-d2377047-2a9b-0334-b802-a81ee53fa3e8, NVIDIA A100-SXM4-80GB, 73689, 81920, 100, 186.43, 37
nid008561,2026/05/03 17:18:09.281, 2, GPU-cc2df889-0529-caa2-4f60-b8f58554f0d5, NVIDIA A100-SXM4-80GB, 73689, 81920, 38, 169.48, 37
nid008561,2026/05/03 17:18:09.286, 3, GPU-c25d3ace-c6ec-45a5-d035-12b4951aa97c, NVIDIA A100-SXM4-80GB, 73689, 81920, 100, 188.28, 37
nid008560,2026/05/03 17:18:12.391, 0, GPU-54819be7-1194-d7c8-6144-290abb9c31bd, NVIDIA A100-SXM4-80GB, 34771, 81920, 0, 94.85, 32
nid008560,2026/05/03 17:18:12.393, 1, GPU-8050c628-f086-6a63-afa4-011f4ba35042, NVIDIA A100-SXM4-80GB, 34771, 81920, 0, 95.54, 31
nid008560,2026/05/03 17:18:12.395, 2, GPU-4602a243-1af5-6ed0-97ea-b3aadf6a0de5, NVIDIA A100-SXM4-80GB, 72489, 81920, 0, 96.52, 32
nid008560,2026/05/03 17:18:12.396, 3, GPU-9c51f41c-c484-72dc-0f00-b52442c10eed, NVIDIA A100-SXM4-80GB, 4, 81920, 0, 61.89, 28
nid008561,2026/05/03 17:18:13.349, 0, GPU-046d6a3f-5ea7-4021-4d8b-05bb51db829c, NVIDIA A100-SXM4-80GB, 73689, 81920, 100, 180.34, 40
nid008561,2026/05/03 17:18:13.352, 1, GPU-d2377047-2a9b-0334-b802-a81ee53fa3e8, NVIDIA A100-SXM4-80GB, 73689, 81920, 100, 181.98, 37
nid008561,2026/05/03 17:18:13.354, 2, GPU-cc2df889-0529-caa2-4f60-b8f58554f0d5, NVIDIA A100-SXM4-80GB, 73689, 81920, 100, 179.25, 38
nid008561,2026/05/03 17:18:13.356, 3, GPU-c25d3ace-c6ec-45a5-d035-12b4951aa97c, NVIDIA A100-SXM4-80GB, 73689, 81920, 36, 183.48, 37
nid008560,2026/05/03 17:18:16.422, 0, GPU-54819be7-1194-d7c8-6144-290abb9c31bd, NVIDIA A100-SXM4-80GB, 34771, 81920, 0, 94.74, 32
nid008560,2026/05/03 17:18:16.424, 1, GPU-8050c628-f086-6a63-afa4-011f4ba35042, NVIDIA A100-SXM4-80GB, 34771, 81920, 0, 95.78, 31
nid008560,2026/05/03 17:18:16.426, 2, GPU-4602a243-1af5-6ed0-97ea-b3aadf6a0de5, NVIDIA A100-SXM4-80GB, 72489, 81920, 0, 96.52, 32
nid008560,2026/05/03 17:18:16.427, 3, GPU-9c51f41c-c484-72dc-0f00-b52442c10eed, NVIDIA A100-SXM4-80GB, 4, 81920, 0, 61.73, 28
nid008561,2026/05/03 17:18:17.448, 0, GPU-046d6a3f-5ea7-4021-4d8b-05bb51db829c, NVIDIA A100-SXM4-80GB, 73689, 81920, 100, 180.77, 40
nid008561,2026/05/03 17:18:17.452, 1, GPU-d2377047-2a9b-0334-b802-a81ee53fa3e8, NVIDIA A100-SXM4-80GB, 73689, 81920, 100, 185.69, 37
nid008561,2026/05/03 17:18:17.454, 2, GPU-cc2df889-0529-caa2-4f60-b8f58554f0d5, NVIDIA A100-SXM4-80GB, 73689, 81920, 37, 180.06, 38
nid008561,2026/05/03 17:18:17.456, 3, GPU-c25d3ace-c6ec-45a5-d035-12b4951aa97c, NVIDIA A100-SXM4-80GB, 73689, 81920, 100, 189.83, 37
nid008560,2026/05/03 17:18:20.446, 0, GPU-54819be7-1194-d7c8-6144-290abb9c31bd, NVIDIA A100-SXM4-80GB, 34771, 81920, 0, 94.74, 33
nid008560,2026/05/03 17:18:20.448, 1, GPU-8050c628-f086-6a63-afa4-011f4ba35042, NVIDIA A100-SXM4-80GB, 34771, 81920, 0, 95.78, 31
nid008560,2026/05/03 17:18:20.451, 2, GPU-4602a243-1af5-6ed0-97ea-b3aadf6a0de5, NVIDIA A100-SXM4-80GB, 72489, 81920, 0, 96.41, 32
nid008560,2026/05/03 17:18:20.452, 3, GPU-9c51f41c-c484-72dc-0f00-b52442c10eed, NVIDIA A100-SXM4-80GB, 4, 81920, 0, 61.65, 28
nid008561,2026/05/03 17:18:21.430, 0, GPU-046d6a3f-5ea7-4021-4d8b-05bb51db829c, NVIDIA A100-SXM4-80GB, 73689, 81920, 100, 182.65, 40
nid008561,2026/05/03 17:18:21.438, 1, GPU-d2377047-2a9b-0334-b802-a81ee53fa3e8, NVIDIA A100-SXM4-80GB, 73689, 81920, 100, 185.17, 37
nid008561,2026/05/03 17:18:21.446, 2, GPU-cc2df889-0529-caa2-4f60-b8f58554f0d5, NVIDIA A100-SXM4-80GB, 73689, 81920, 39, 160.81, 37
nid008561,2026/05/03 17:18:21.451, 3, GPU-c25d3ace-c6ec-45a5-d035-12b4951aa97c, NVIDIA A100-SXM4-80GB, 73689, 81920, 100, 189.60, 37
nid008560,2026/05/03 17:18:24.451, 0, GPU-54819be7-1194-d7c8-6144-290abb9c31bd, NVIDIA A100-SXM4-80GB, 34771, 81920, 0, 94.85, 32
nid008560,2026/05/03 17:18:24.461, 1, GPU-8050c628-f086-6a63-afa4-011f4ba35042, NVIDIA A100-SXM4-80GB, 34771, 81920, 0, 95.78, 31
nid008560,2026/05/03 17:18:24.472, 2, GPU-4602a243-1af5-6ed0-97ea-b3aadf6a0de5, NVIDIA A100-SXM4-80GB, 72489, 81920, 0, 96.52, 32
nid008560,2026/05/03 17:18:24.484, 3, GPU-9c51f41c-c484-72dc-0f00-b52442c10eed, NVIDIA A100-SXM4-80GB, 4, 81920, 0, 61.73, 28
nid008561,2026/05/03 17:18:25.538, 0, GPU-046d6a3f-5ea7-4021-4d8b-05bb51db829c, NVIDIA A100-SXM4-80GB, 73689, 81920, 100, 181.08, 40
nid008561,2026/05/03 17:18:25.541, 1, GPU-d2377047-2a9b-0334-b802-a81ee53fa3e8, NVIDIA A100-SXM4-80GB, 73689, 81920, 100, 185.39, 37
nid008561,2026/05/03 17:18:25.547, 2, GPU-cc2df889-0529-caa2-4f60-b8f58554f0d5, NVIDIA A100-SXM4-80GB, 73689, 81920, 40, 158.05, 37
nid008561,2026/05/03 17:18:25.554, 3, GPU-c25d3ace-c6ec-45a5-d035-12b4951aa97c, NVIDIA A100-SXM4-80GB, 73689, 81920, 100, 187.75, 37
nid008560,2026/05/03 17:18:28.693, 0, GPU-54819be7-1194-d7c8-6144-290abb9c31bd, NVIDIA A100-SXM4-80GB, 34771, 81920, 0, 94.85, 32
nid008560,2026/05/03 17:18:28.695, 1, GPU-8050c628-f086-6a63-afa4-011f4ba35042, NVIDIA A100-SXM4-80GB, 34771, 81920, 0, 95.65, 31
nid008560,2026/05/03 17:18:28.697, 2, GPU-4602a243-1af5-6ed0-97ea-b3aadf6a0de5, NVIDIA A100-SXM4-80GB, 72489, 81920, 0, 96.41, 32
nid008560,2026/05/03 17:18:28.698, 3, GPU-9c51f41c-c484-72dc-0f00-b52442c10eed, NVIDIA A100-SXM4-80GB, 4, 81920, 0, 61.65, 28
nid008561,2026/05/03 17:18:29.726, 0, GPU-046d6a3f-5ea7-4021-4d8b-05bb51db829c, NVIDIA A100-SXM4-80GB, 73689, 81920, 100, 180.27, 40
nid008561,2026/05/03 17:18:29.730, 1, GPU-d2377047-2a9b-0334-b802-a81ee53fa3e8, NVIDIA A100-SXM4-80GB, 73689, 81920, 100, 181.19, 37
nid008561,2026/05/03 17:18:29.732, 2, GPU-cc2df889-0529-caa2-4f60-b8f58554f0d5, NVIDIA A100-SXM4-80GB, 73689, 81920, 39, 152.32, 37
nid008561,2026/05/03 17:18:29.734, 3, GPU-c25d3ace-c6ec-45a5-d035-12b4951aa97c, NVIDIA A100-SXM4-80GB, 73689, 81920, 100, 182.73, 37
nid008560,2026/05/03 17:18:32.771, 0, GPU-54819be7-1194-d7c8-6144-290abb9c31bd, NVIDIA A100-SXM4-80GB, 34771, 81920, 0, 94.97, 32
nid008560,2026/05/03 17:18:32.777, 1, GPU-8050c628-f086-6a63-afa4-011f4ba35042, NVIDIA A100-SXM4-80GB, 34771, 81920, 0, 95.78, 31
nid008560,2026/05/03 17:18:32.779, 2, GPU-4602a243-1af5-6ed0-97ea-b3aadf6a0de5, NVIDIA A100-SXM4-80GB, 72489, 81920, 0, 96.12, 32
nid008560,2026/05/03 17:18:32.781, 3, GPU-9c51f41c-c484-72dc-0f00-b52442c10eed, NVIDIA A100-SXM4-80GB, 4, 81920, 0, 61.96, 28
nid008561,2026/05/03 17:18:33.805, 0, GPU-046d6a3f-5ea7-4021-4d8b-05bb51db829c, NVIDIA A100-SXM4-80GB, 73689, 81920, 100, 183.24, 40
nid008561,2026/05/03 17:18:33.808, 1, GPU-d2377047-2a9b-0334-b802-a81ee53fa3e8, NVIDIA A100-SXM4-80GB, 73689, 81920, 100, 185.10, 37
nid008561,2026/05/03 17:18:33.810, 2, GPU-cc2df889-0529-caa2-4f60-b8f58554f0d5, NVIDIA A100-SXM4-80GB, 73689, 81920, 39, 159.72, 37
nid008561,2026/05/03 17:18:33.812, 3, GPU-c25d3ace-c6ec-45a5-d035-12b4951aa97c, NVIDIA A100-SXM4-80GB, 73689, 81920, 100, 189.32, 37
nid008560,2026/05/03 17:18:36.844, 0, GPU-54819be7-1194-d7c8-6144-290abb9c31bd, NVIDIA A100-SXM4-80GB, 34771, 81920, 0, 94.85, 33
nid008560,2026/05/03 17:18:36.846, 1, GPU-8050c628-f086-6a63-afa4-011f4ba35042, NVIDIA A100-SXM4-80GB, 34771, 81920, 0, 95.90, 31
nid008560,2026/05/03 17:18:36.852, 2, GPU-4602a243-1af5-6ed0-97ea-b3aadf6a0de5, NVIDIA A100-SXM4-80GB, 72489, 81920, 0, 96.24, 32
nid008560,2026/05/03 17:18:36.853, 3, GPU-9c51f41c-c484-72dc-0f00-b52442c10eed, NVIDIA A100-SXM4-80GB, 4, 81920, 0, 61.73, 28
nid008561,2026/05/03 17:18:37.866, 0, GPU-046d6a3f-5ea7-4021-4d8b-05bb51db829c, NVIDIA A100-SXM4-80GB, 73689, 81920, 100, 184.80, 40
nid008561,2026/05/03 17:18:37.870, 1, GPU-d2377047-2a9b-0334-b802-a81ee53fa3e8, NVIDIA A100-SXM4-80GB, 73689, 81920, 100, 183.02, 37
nid008561,2026/05/03 17:18:37.872, 2, GPU-cc2df889-0529-caa2-4f60-b8f58554f0d5, NVIDIA A100-SXM4-80GB, 73689, 81920, 100, 181.91, 39
nid008561,2026/05/03 17:18:37.874, 3, GPU-c25d3ace-c6ec-45a5-d035-12b4951aa97c, NVIDIA A100-SXM4-80GB, 73689, 81920, 39, 177.17, 37
nid008560,2026/05/03 17:18:40.893, 0, GPU-54819be7-1194-d7c8-6144-290abb9c31bd, NVIDIA A100-SXM4-80GB, 34771, 81920, 0, 94.85, 32
nid008560,2026/05/03 17:18:40.895, 1, GPU-8050c628-f086-6a63-afa4-011f4ba35042, NVIDIA A100-SXM4-80GB, 34771, 81920, 0, 95.78, 31
nid008560,2026/05/03 17:18:40.897, 2, GPU-4602a243-1af5-6ed0-97ea-b3aadf6a0de5, NVIDIA A100-SXM4-80GB, 72489, 81920, 0, 96.24, 32
nid008560,2026/05/03 17:18:40.898, 3, GPU-9c51f41c-c484-72dc-0f00-b52442c10eed, NVIDIA A100-SXM4-80GB, 4, 81920, 0, 61.73, 28
nid008561,2026/05/03 17:18:41.876, 0, GPU-046d6a3f-5ea7-4021-4d8b-05bb51db829c, NVIDIA A100-SXM4-80GB, 73689, 81920, 100, 178.14, 40
nid008561,2026/05/03 17:18:41.879, 1, GPU-d2377047-2a9b-0334-b802-a81ee53fa3e8, NVIDIA A100-SXM4-80GB, 73689, 81920, 100, 181.98, 37
nid008561,2026/05/03 17:18:41.881, 2, GPU-cc2df889-0529-caa2-4f60-b8f58554f0d5, NVIDIA A100-SXM4-80GB, 73689, 81920, 36, 176.65, 38
nid008561,2026/05/03 17:18:41.883, 3, GPU-c25d3ace-c6ec-45a5-d035-12b4951aa97c, NVIDIA A100-SXM4-80GB, 73689, 81920, 100, 187.98, 37
nid008560,2026/05/03 17:18:44.902, 0, GPU-54819be7-1194-d7c8-6144-290abb9c31bd, NVIDIA A100-SXM4-80GB, 34771, 81920, 0, 94.74, 33
nid008560,2026/05/03 17:18:44.904, 1, GPU-8050c628-f086-6a63-afa4-011f4ba35042, NVIDIA A100-SXM4-80GB, 34771, 81920, 0, 95.78, 31
nid008560,2026/05/03 17:18:44.905, 2, GPU-4602a243-1af5-6ed0-97ea-b3aadf6a0de5, NVIDIA A100-SXM4-80GB, 72489, 81920, 0, 96.41, 32
nid008560,2026/05/03 17:18:44.907, 3, GPU-9c51f41c-c484-72dc-0f00-b52442c10eed, NVIDIA A100-SXM4-80GB, 4, 81920, 0, 61.89, 28
nid008561,2026/05/03 17:18:45.849, 0, GPU-046d6a3f-5ea7-4021-4d8b-05bb51db829c, NVIDIA A100-SXM4-80GB, 73689, 81920, 100, 183.98, 40
nid008561,2026/05/03 17:18:45.852, 1, GPU-d2377047-2a9b-0334-b802-a81ee53fa3e8, NVIDIA A100-SXM4-80GB, 73689, 81920, 100, 188.80, 37
nid008561,2026/05/03 17:18:45.854, 2, GPU-cc2df889-0529-caa2-4f60-b8f58554f0d5, NVIDIA A100-SXM4-80GB, 73689, 81920, 40, 154.98, 37
nid008561,2026/05/03 17:18:45.856, 3, GPU-c25d3ace-c6ec-45a5-d035-12b4951aa97c, NVIDIA A100-SXM4-80GB, 73689, 81920, 100, 186.41, 37
nid008560,2026/05/03 17:18:48.854, 0, GPU-54819be7-1194-d7c8-6144-290abb9c31bd, NVIDIA A100-SXM4-80GB, 34771, 81920, 0, 94.85, 33
nid008560,2026/05/03 17:18:48.856, 1, GPU-8050c628-f086-6a63-afa4-011f4ba35042, NVIDIA A100-SXM4-80GB, 34771, 81920, 0, 95.65, 31
nid008560,2026/05/03 17:18:48.858, 2, GPU-4602a243-1af5-6ed0-97ea-b3aadf6a0de5, NVIDIA A100-SXM4-80GB, 72489, 81920, 0, 96.24, 32
nid008560,2026/05/03 17:18:48.859, 3, GPU-9c51f41c-c484-72dc-0f00-b52442c10eed, NVIDIA A100-SXM4-80GB, 4, 81920, 0, 61.73, 28
nid008561,2026/05/03 17:18:49.798, 0, GPU-046d6a3f-5ea7-4021-4d8b-05bb51db829c, NVIDIA A100-SXM4-80GB, 73689, 81920, 100, 178.73, 40
nid008561,2026/05/03 17:18:49.806, 1, GPU-d2377047-2a9b-0334-b802-a81ee53fa3e8, NVIDIA A100-SXM4-80GB, 73689, 81920, 100, 186.71, 37
nid008561,2026/05/03 17:18:49.808, 2, GPU-cc2df889-0529-caa2-4f60-b8f58554f0d5, NVIDIA A100-SXM4-80GB, 73689, 81920, 100, 177.41, 38
nid008561,2026/05/03 17:18:49.810, 3, GPU-c25d3ace-c6ec-45a5-d035-12b4951aa97c, NVIDIA A100-SXM4-80GB, 73689, 81920, 38, 162.37, 36
nid008560,2026/05/03 17:18:52.809, 0, GPU-54819be7-1194-d7c8-6144-290abb9c31bd, NVIDIA A100-SXM4-80GB, 34771, 81920, 0, 94.97, 33
nid008560,2026/05/03 17:18:52.811, 1, GPU-8050c628-f086-6a63-afa4-011f4ba35042, NVIDIA A100-SXM4-80GB, 34771, 81920, 0, 95.78, 31
nid008560,2026/05/03 17:18:52.813, 2, GPU-4602a243-1af5-6ed0-97ea-b3aadf6a0de5, NVIDIA A100-SXM4-80GB, 72489, 81920, 0, 96.52, 32
nid008560,2026/05/03 17:18:52.814, 3, GPU-9c51f41c-c484-72dc-0f00-b52442c10eed, NVIDIA A100-SXM4-80GB, 4, 81920, 0, 61.73, 28
nid008561,2026/05/03 17:18:53.831, 0, GPU-046d6a3f-5ea7-4021-4d8b-05bb51db829c, NVIDIA A100-SXM4-80GB, 73689, 81920, 100, 179.99, 40
nid008561,2026/05/03 17:18:53.834, 1, GPU-d2377047-2a9b-0334-b802-a81ee53fa3e8, NVIDIA A100-SXM4-80GB, 73689, 81920, 100, 179.85, 37
nid008561,2026/05/03 17:18:53.836, 2, GPU-cc2df889-0529-caa2-4f60-b8f58554f0d5, NVIDIA A100-SXM4-80GB, 73689, 81920, 100, 174.80, 38
nid008561,2026/05/03 17:18:53.838, 3, GPU-c25d3ace-c6ec-45a5-d035-12b4951aa97c, NVIDIA A100-SXM4-80GB, 73689, 81920, 39, 159.19, 36
nid008560,2026/05/03 17:18:56.878, 0, GPU-54819be7-1194-d7c8-6144-290abb9c31bd, NVIDIA A100-SXM4-80GB, 34771, 81920, 0, 94.85, 33
nid008560,2026/05/03 17:18:56.880, 1, GPU-8050c628-f086-6a63-afa4-011f4ba35042, NVIDIA A100-SXM4-80GB, 34771, 81920, 0, 95.78, 31
nid008560,2026/05/03 17:18:56.882, 2, GPU-4602a243-1af5-6ed0-97ea-b3aadf6a0de5, NVIDIA A100-SXM4-80GB, 72489, 81920, 0, 96.41, 32
nid008560,2026/05/03 17:18:56.887, 3, GPU-9c51f41c-c484-72dc-0f00-b52442c10eed, NVIDIA A100-SXM4-80GB, 4, 81920, 0, 61.65, 28
nid008561,2026/05/03 17:18:57.883, 0, GPU-046d6a3f-5ea7-4021-4d8b-05bb51db829c, NVIDIA A100-SXM4-80GB, 73689, 81920, 0, 112.31, 37
nid008561,2026/05/03 17:18:57.886, 1, GPU-d2377047-2a9b-0334-b802-a81ee53fa3e8, NVIDIA A100-SXM4-80GB, 73689, 81920, 0, 115.51, 33
nid008561,2026/05/03 17:18:57.888, 2, GPU-cc2df889-0529-caa2-4f60-b8f58554f0d5, NVIDIA A100-SXM4-80GB, 73689, 81920, 0, 108.76, 35
nid008561,2026/05/03 17:18:57.890, 3, GPU-c25d3ace-c6ec-45a5-d035-12b4951aa97c, NVIDIA A100-SXM4-80GB, 73689, 81920, 0, 95.78, 33
