host,timestamp,gpu_index,uuid,name,memory_used_mb,memory_total_mb,gpu_util_percent,power_watts,temp_c
nid001040,2026/05/03 03:40:22.863, 0, GPU-32e67c4f-7204-189f-8b65-2c274dd735a9, NVIDIA A100-SXM4-40GB, 34771, 40960, 0, 59.96, 31
nid001040,2026/05/03 03:40:22.865, 1, GPU-8861d14f-cf78-d18f-5009-dcf3f2d5ba6a, NVIDIA A100-SXM4-40GB, 34771, 40960, 0, 63.00, 29
nid001040,2026/05/03 03:40:22.867, 2, GPU-0c84e9ea-eb03-d0fd-94b6-c87fa7f2aa07, NVIDIA A100-SXM4-40GB, 0, 40960, 0, 50.11, 30
nid001040,2026/05/03 03:40:22.869, 3, GPU-324f8797-e49e-315a-bdaa-053d693f20df, NVIDIA A100-SXM4-40GB, 0, 40960, 0, 50.53, 29
nid001041,2026/05/03 03:40:23.769, 0, GPU-0ae16970-0c3a-bbe5-0e59-4168b3712b2a, NVIDIA A100-SXM4-40GB, 37289, 40960, 0, 55.49, 35
nid001041,2026/05/03 03:40:23.772, 1, GPU-41dedaa0-c8e2-c576-be36-87a6fa2949d6, NVIDIA A100-SXM4-40GB, 35975, 40960, 0, 55.49, 32
nid001041,2026/05/03 03:40:23.773, 2, GPU-84c053e0-dec1-a69a-0b40-fbf751d71b20, NVIDIA A100-SXM4-40GB, 35975, 40960, 0, 54.44, 31
nid001041,2026/05/03 03:40:23.775, 3, GPU-85487437-4cf7-3ceb-d2b0-5f2bed2d89cd, NVIDIA A100-SXM4-40GB, 37521, 40960, 0, 54.03, 30
nid001040,2026/05/03 03:40:26.789, 0, GPU-32e67c4f-7204-189f-8b65-2c274dd735a9, NVIDIA A100-SXM4-40GB, 34771, 40960, 0, 59.96, 31
nid001040,2026/05/03 03:40:26.791, 1, GPU-8861d14f-cf78-d18f-5009-dcf3f2d5ba6a, NVIDIA A100-SXM4-40GB, 34771, 40960, 0, 63.00, 29
nid001040,2026/05/03 03:40:26.793, 2, GPU-0c84e9ea-eb03-d0fd-94b6-c87fa7f2aa07, NVIDIA A100-SXM4-40GB, 0, 40960, 0, 50.11, 30
nid001040,2026/05/03 03:40:26.795, 3, GPU-324f8797-e49e-315a-bdaa-053d693f20df, NVIDIA A100-SXM4-40GB, 0, 40960, 0, 50.53, 29
nid001041,2026/05/03 03:40:27.706, 0, GPU-0ae16970-0c3a-bbe5-0e59-4168b3712b2a, NVIDIA A100-SXM4-40GB, 37289, 40960, 0, 55.49, 34
nid001041,2026/05/03 03:40:27.708, 1, GPU-41dedaa0-c8e2-c576-be36-87a6fa2949d6, NVIDIA A100-SXM4-40GB, 35975, 40960, 0, 56.49, 32
nid001041,2026/05/03 03:40:27.710, 2, GPU-84c053e0-dec1-a69a-0b40-fbf751d71b20, NVIDIA A100-SXM4-40GB, 35975, 40960, 0, 54.44, 31
nid001041,2026/05/03 03:40:27.712, 3, GPU-85487437-4cf7-3ceb-d2b0-5f2bed2d89cd, NVIDIA A100-SXM4-40GB, 37521, 40960, 0, 54.03, 30
nid001040,2026/05/03 03:40:30.794, 0, GPU-32e67c4f-7204-189f-8b65-2c274dd735a9, NVIDIA A100-SXM4-40GB, 34771, 40960, 0, 59.72, 31
nid001040,2026/05/03 03:40:30.796, 1, GPU-8861d14f-cf78-d18f-5009-dcf3f2d5ba6a, NVIDIA A100-SXM4-40GB, 34771, 40960, 0, 63.00, 29
nid001040,2026/05/03 03:40:30.798, 2, GPU-0c84e9ea-eb03-d0fd-94b6-c87fa7f2aa07, NVIDIA A100-SXM4-40GB, 0, 40960, 0, 50.11, 30
nid001040,2026/05/03 03:40:30.800, 3, GPU-324f8797-e49e-315a-bdaa-053d693f20df, NVIDIA A100-SXM4-40GB, 0, 40960, 0, 50.53, 29
nid001041,2026/05/03 03:40:31.771, 0, GPU-0ae16970-0c3a-bbe5-0e59-4168b3712b2a, NVIDIA A100-SXM4-40GB, 37289, 40960, 0, 55.25, 34
nid001041,2026/05/03 03:40:31.773, 1, GPU-41dedaa0-c8e2-c576-be36-87a6fa2949d6, NVIDIA A100-SXM4-40GB, 35975, 40960, 0, 56.01, 32
nid001041,2026/05/03 03:40:31.775, 2, GPU-84c053e0-dec1-a69a-0b40-fbf751d71b20, NVIDIA A100-SXM4-40GB, 35975, 40960, 0, 55.25, 31
nid001041,2026/05/03 03:40:31.777, 3, GPU-85487437-4cf7-3ceb-d2b0-5f2bed2d89cd, NVIDIA A100-SXM4-40GB, 37521, 40960, 0, 54.03, 30
nid001040,2026/05/03 03:40:34.761, 0, GPU-32e67c4f-7204-189f-8b65-2c274dd735a9, NVIDIA A100-SXM4-40GB, 34771, 40960, 0, 59.72, 31
nid001040,2026/05/03 03:40:34.763, 1, GPU-8861d14f-cf78-d18f-5009-dcf3f2d5ba6a, NVIDIA A100-SXM4-40GB, 34771, 40960, 0, 63.00, 29
nid001040,2026/05/03 03:40:34.764, 2, GPU-0c84e9ea-eb03-d0fd-94b6-c87fa7f2aa07, NVIDIA A100-SXM4-40GB, 0, 40960, 0, 50.35, 30
nid001040,2026/05/03 03:40:34.767, 3, GPU-324f8797-e49e-315a-bdaa-053d693f20df, NVIDIA A100-SXM4-40GB, 0, 40960, 0, 50.53, 29
nid001041,2026/05/03 03:40:35.732, 0, GPU-0ae16970-0c3a-bbe5-0e59-4168b3712b2a, NVIDIA A100-SXM4-40GB, 37289, 40960, 0, 55.25, 33
nid001041,2026/05/03 03:40:35.735, 1, GPU-41dedaa0-c8e2-c576-be36-87a6fa2949d6, NVIDIA A100-SXM4-40GB, 35975, 40960, 0, 56.01, 31
nid001041,2026/05/03 03:40:35.737, 2, GPU-84c053e0-dec1-a69a-0b40-fbf751d71b20, NVIDIA A100-SXM4-40GB, 35975, 40960, 0, 54.73, 31
nid001041,2026/05/03 03:40:35.738, 3, GPU-85487437-4cf7-3ceb-d2b0-5f2bed2d89cd, NVIDIA A100-SXM4-40GB, 37521, 40960, 0, 54.51, 30
nid001040,2026/05/03 03:40:38.925, 0, GPU-32e67c4f-7204-189f-8b65-2c274dd735a9, NVIDIA A100-SXM4-40GB, 34771, 40960, 0, 59.89, 31
nid001040,2026/05/03 03:40:38.929, 1, GPU-8861d14f-cf78-d18f-5009-dcf3f2d5ba6a, NVIDIA A100-SXM4-40GB, 34771, 40960, 0, 63.00, 29
nid001040,2026/05/03 03:40:38.930, 2, GPU-0c84e9ea-eb03-d0fd-94b6-c87fa7f2aa07, NVIDIA A100-SXM4-40GB, 0, 40960, 0, 50.11, 30
nid001040,2026/05/03 03:40:38.933, 3, GPU-324f8797-e49e-315a-bdaa-053d693f20df, NVIDIA A100-SXM4-40GB, 0, 40960, 0, 50.53, 29
nid001041,2026/05/03 03:40:39.909, 0, GPU-0ae16970-0c3a-bbe5-0e59-4168b3712b2a, NVIDIA A100-SXM4-40GB, 37289, 40960, 100, 103.36, 36
nid001041,2026/05/03 03:40:39.912, 1, GPU-41dedaa0-c8e2-c576-be36-87a6fa2949d6, NVIDIA A100-SXM4-40GB, 35975, 40960, 100, 191.68, 34
nid001041,2026/05/03 03:40:39.913, 2, GPU-84c053e0-dec1-a69a-0b40-fbf751d71b20, NVIDIA A100-SXM4-40GB, 35975, 40960, 100, 181.48, 33
nid001041,2026/05/03 03:40:39.915, 3, GPU-85487437-4cf7-3ceb-d2b0-5f2bed2d89cd, NVIDIA A100-SXM4-40GB, 37521, 40960, 100, 90.41, 33
nid001040,2026/05/03 03:40:43.013, 0, GPU-32e67c4f-7204-189f-8b65-2c274dd735a9, NVIDIA A100-SXM4-40GB, 34771, 40960, 0, 59.89, 31
nid001040,2026/05/03 03:40:43.015, 1, GPU-8861d14f-cf78-d18f-5009-dcf3f2d5ba6a, NVIDIA A100-SXM4-40GB, 34771, 40960, 0, 63.00, 29
nid001040,2026/05/03 03:40:43.017, 2, GPU-0c84e9ea-eb03-d0fd-94b6-c87fa7f2aa07, NVIDIA A100-SXM4-40GB, 0, 40960, 0, 50.35, 30
nid001040,2026/05/03 03:40:43.028, 3, GPU-324f8797-e49e-315a-bdaa-053d693f20df, NVIDIA A100-SXM4-40GB, 0, 40960, 0, 50.47, 29
nid001041,2026/05/03 03:40:43.957, 0, GPU-0ae16970-0c3a-bbe5-0e59-4168b3712b2a, NVIDIA A100-SXM4-40GB, 37289, 40960, 100, 192.66, 38
nid001041,2026/05/03 03:40:43.960, 1, GPU-41dedaa0-c8e2-c576-be36-87a6fa2949d6, NVIDIA A100-SXM4-40GB, 35975, 40960, 100, 108.07, 36
nid001041,2026/05/03 03:40:43.962, 2, GPU-84c053e0-dec1-a69a-0b40-fbf751d71b20, NVIDIA A100-SXM4-40GB, 35975, 40960, 100, 108.31, 35
nid001041,2026/05/03 03:40:43.964, 3, GPU-85487437-4cf7-3ceb-d2b0-5f2bed2d89cd, NVIDIA A100-SXM4-40GB, 37521, 40960, 100, 130.53, 34
nid001040,2026/05/03 03:40:46.999, 0, GPU-32e67c4f-7204-189f-8b65-2c274dd735a9, NVIDIA A100-SXM4-40GB, 34771, 40960, 0, 59.96, 31
nid001040,2026/05/03 03:40:47.001, 1, GPU-8861d14f-cf78-d18f-5009-dcf3f2d5ba6a, NVIDIA A100-SXM4-40GB, 34771, 40960, 0, 63.00, 29
nid001040,2026/05/03 03:40:47.003, 2, GPU-0c84e9ea-eb03-d0fd-94b6-c87fa7f2aa07, NVIDIA A100-SXM4-40GB, 0, 40960, 0, 50.35, 30
nid001040,2026/05/03 03:40:47.005, 3, GPU-324f8797-e49e-315a-bdaa-053d693f20df, NVIDIA A100-SXM4-40GB, 0, 40960, 0, 50.47, 29
nid001041,2026/05/03 03:40:48.000, 0, GPU-0ae16970-0c3a-bbe5-0e59-4168b3712b2a, NVIDIA A100-SXM4-40GB, 37289, 40960, 100, 102.08, 38
nid001041,2026/05/03 03:40:48.004, 1, GPU-41dedaa0-c8e2-c576-be36-87a6fa2949d6, NVIDIA A100-SXM4-40GB, 35975, 40960, 100, 178.69, 36
nid001041,2026/05/03 03:40:48.006, 2, GPU-84c053e0-dec1-a69a-0b40-fbf751d71b20, NVIDIA A100-SXM4-40GB, 35975, 40960, 100, 156.26, 35
nid001041,2026/05/03 03:40:48.007, 3, GPU-85487437-4cf7-3ceb-d2b0-5f2bed2d89cd, NVIDIA A100-SXM4-40GB, 37521, 40960, 100, 101.43, 34
nid001040,2026/05/03 03:40:51.001, 0, GPU-32e67c4f-7204-189f-8b65-2c274dd735a9, NVIDIA A100-SXM4-40GB, 34771, 40960, 0, 59.72, 31
nid001040,2026/05/03 03:40:51.003, 1, GPU-8861d14f-cf78-d18f-5009-dcf3f2d5ba6a, NVIDIA A100-SXM4-40GB, 34771, 40960, 0, 63.00, 30
nid001040,2026/05/03 03:40:51.005, 2, GPU-0c84e9ea-eb03-d0fd-94b6-c87fa7f2aa07, NVIDIA A100-SXM4-40GB, 0, 40960, 0, 50.35, 30
nid001040,2026/05/03 03:40:51.007, 3, GPU-324f8797-e49e-315a-bdaa-053d693f20df, NVIDIA A100-SXM4-40GB, 0, 40960, 0, 50.47, 29
nid001041,2026/05/03 03:40:51.929, 0, GPU-0ae16970-0c3a-bbe5-0e59-4168b3712b2a, NVIDIA A100-SXM4-40GB, 37289, 40960, 100, 207.95, 39
nid001041,2026/05/03 03:40:51.932, 1, GPU-41dedaa0-c8e2-c576-be36-87a6fa2949d6, NVIDIA A100-SXM4-40GB, 35975, 40960, 100, 104.47, 37
nid001041,2026/05/03 03:40:51.933, 2, GPU-84c053e0-dec1-a69a-0b40-fbf751d71b20, NVIDIA A100-SXM4-40GB, 35975, 40960, 100, 109.07, 35
nid001041,2026/05/03 03:40:51.936, 3, GPU-85487437-4cf7-3ceb-d2b0-5f2bed2d89cd, NVIDIA A100-SXM4-40GB, 37521, 40960, 100, 128.48, 34
nid001040,2026/05/03 03:40:54.948, 0, GPU-32e67c4f-7204-189f-8b65-2c274dd735a9, NVIDIA A100-SXM4-40GB, 34771, 40960, 0, 59.72, 31
nid001040,2026/05/03 03:40:54.951, 1, GPU-8861d14f-cf78-d18f-5009-dcf3f2d5ba6a, NVIDIA A100-SXM4-40GB, 34771, 40960, 0, 63.00, 29
nid001040,2026/05/03 03:40:54.954, 2, GPU-0c84e9ea-eb03-d0fd-94b6-c87fa7f2aa07, NVIDIA A100-SXM4-40GB, 0, 40960, 0, 50.35, 30
nid001040,2026/05/03 03:40:54.957, 3, GPU-324f8797-e49e-315a-bdaa-053d693f20df, NVIDIA A100-SXM4-40GB, 0, 40960, 0, 50.53, 29
nid001041,2026/05/03 03:40:55.943, 0, GPU-0ae16970-0c3a-bbe5-0e59-4168b3712b2a, NVIDIA A100-SXM4-40GB, 37289, 40960, 100, 96.72, 39
nid001041,2026/05/03 03:40:55.952, 1, GPU-41dedaa0-c8e2-c576-be36-87a6fa2949d6, NVIDIA A100-SXM4-40GB, 35975, 40960, 100, 200.07, 36
nid001041,2026/05/03 03:40:55.953, 2, GPU-84c053e0-dec1-a69a-0b40-fbf751d71b20, NVIDIA A100-SXM4-40GB, 35975, 40960, 100, 167.44, 36
nid001041,2026/05/03 03:40:55.955, 3, GPU-85487437-4cf7-3ceb-d2b0-5f2bed2d89cd, NVIDIA A100-SXM4-40GB, 37521, 40960, 100, 122.12, 34
nid001040,2026/05/03 03:40:59.029, 0, GPU-32e67c4f-7204-189f-8b65-2c274dd735a9, NVIDIA A100-SXM4-40GB, 34771, 40960, 0, 59.96, 31
nid001040,2026/05/03 03:40:59.032, 1, GPU-8861d14f-cf78-d18f-5009-dcf3f2d5ba6a, NVIDIA A100-SXM4-40GB, 34771, 40960, 0, 63.00, 29
nid001040,2026/05/03 03:40:59.034, 2, GPU-0c84e9ea-eb03-d0fd-94b6-c87fa7f2aa07, NVIDIA A100-SXM4-40GB, 0, 40960, 0, 50.11, 30
nid001040,2026/05/03 03:40:59.036, 3, GPU-324f8797-e49e-315a-bdaa-053d693f20df, NVIDIA A100-SXM4-40GB, 0, 40960, 0, 50.53, 29
nid001041,2026/05/03 03:40:59.979, 0, GPU-0ae16970-0c3a-bbe5-0e59-4168b3712b2a, NVIDIA A100-SXM4-40GB, 37289, 40960, 100, 197.27, 39
nid001041,2026/05/03 03:40:59.983, 1, GPU-41dedaa0-c8e2-c576-be36-87a6fa2949d6, NVIDIA A100-SXM4-40GB, 35975, 40960, 100, 121.59, 36
nid001041,2026/05/03 03:40:59.985, 2, GPU-84c053e0-dec1-a69a-0b40-fbf751d71b20, NVIDIA A100-SXM4-40GB, 35975, 40960, 100, 114.43, 35
nid001041,2026/05/03 03:40:59.986, 3, GPU-85487437-4cf7-3ceb-d2b0-5f2bed2d89cd, NVIDIA A100-SXM4-40GB, 37521, 40960, 100, 133.33, 34
nid001040,2026/05/03 03:41:02.974, 0, GPU-32e67c4f-7204-189f-8b65-2c274dd735a9, NVIDIA A100-SXM4-40GB, 34771, 40960, 0, 59.72, 31
nid001040,2026/05/03 03:41:02.976, 1, GPU-8861d14f-cf78-d18f-5009-dcf3f2d5ba6a, NVIDIA A100-SXM4-40GB, 34771, 40960, 0, 63.00, 29
nid001040,2026/05/03 03:41:02.977, 2, GPU-0c84e9ea-eb03-d0fd-94b6-c87fa7f2aa07, NVIDIA A100-SXM4-40GB, 0, 40960, 0, 50.35, 30
nid001040,2026/05/03 03:41:02.979, 3, GPU-324f8797-e49e-315a-bdaa-053d693f20df, NVIDIA A100-SXM4-40GB, 0, 40960, 0, 50.53, 29
nid001041,2026/05/03 03:41:04.034, 0, GPU-0ae16970-0c3a-bbe5-0e59-4168b3712b2a, NVIDIA A100-SXM4-40GB, 37289, 40960, 100, 104.59, 40
nid001041,2026/05/03 03:41:04.037, 1, GPU-41dedaa0-c8e2-c576-be36-87a6fa2949d6, NVIDIA A100-SXM4-40GB, 35975, 40960, 100, 104.36, 37
nid001041,2026/05/03 03:41:04.038, 2, GPU-84c053e0-dec1-a69a-0b40-fbf751d71b20, NVIDIA A100-SXM4-40GB, 35975, 40960, 100, 87.68, 35
nid001041,2026/05/03 03:41:04.040, 3, GPU-85487437-4cf7-3ceb-d2b0-5f2bed2d89cd, NVIDIA A100-SXM4-40GB, 37521, 40960, 100, 92.46, 35
nid001040,2026/05/03 03:41:07.004, 0, GPU-32e67c4f-7204-189f-8b65-2c274dd735a9, NVIDIA A100-SXM4-40GB, 34771, 40960, 0, 59.72, 31
nid001040,2026/05/03 03:41:07.006, 1, GPU-8861d14f-cf78-d18f-5009-dcf3f2d5ba6a, NVIDIA A100-SXM4-40GB, 34771, 40960, 0, 63.00, 29
nid001040,2026/05/03 03:41:07.008, 2, GPU-0c84e9ea-eb03-d0fd-94b6-c87fa7f2aa07, NVIDIA A100-SXM4-40GB, 0, 40960, 0, 50.11, 30
nid001040,2026/05/03 03:41:07.010, 3, GPU-324f8797-e49e-315a-bdaa-053d693f20df, NVIDIA A100-SXM4-40GB, 0, 40960, 0, 50.53, 29
nid001041,2026/05/03 03:41:07.922, 0, GPU-0ae16970-0c3a-bbe5-0e59-4168b3712b2a, NVIDIA A100-SXM4-40GB, 37289, 40960, 100, 196.52, 39
nid001041,2026/05/03 03:41:07.925, 1, GPU-41dedaa0-c8e2-c576-be36-87a6fa2949d6, NVIDIA A100-SXM4-40GB, 35975, 40960, 100, 132.94, 37
nid001041,2026/05/03 03:41:07.926, 2, GPU-84c053e0-dec1-a69a-0b40-fbf751d71b20, NVIDIA A100-SXM4-40GB, 35975, 40960, 100, 129.99, 35
nid001041,2026/05/03 03:41:07.936, 3, GPU-85487437-4cf7-3ceb-d2b0-5f2bed2d89cd, NVIDIA A100-SXM4-40GB, 37521, 40960, 100, 136.94, 34
nid001040,2026/05/03 03:41:10.901, 0, GPU-32e67c4f-7204-189f-8b65-2c274dd735a9, NVIDIA A100-SXM4-40GB, 34771, 40960, 0, 59.96, 31
nid001040,2026/05/03 03:41:10.903, 1, GPU-8861d14f-cf78-d18f-5009-dcf3f2d5ba6a, NVIDIA A100-SXM4-40GB, 34771, 40960, 0, 63.00, 29
nid001040,2026/05/03 03:41:10.905, 2, GPU-0c84e9ea-eb03-d0fd-94b6-c87fa7f2aa07, NVIDIA A100-SXM4-40GB, 0, 40960, 0, 50.35, 30
nid001040,2026/05/03 03:41:10.907, 3, GPU-324f8797-e49e-315a-bdaa-053d693f20df, NVIDIA A100-SXM4-40GB, 0, 40960, 0, 50.53, 29
nid001041,2026/05/03 03:41:11.822, 0, GPU-0ae16970-0c3a-bbe5-0e59-4168b3712b2a, NVIDIA A100-SXM4-40GB, 37289, 40960, 100, 104.12, 39
nid001041,2026/05/03 03:41:11.825, 1, GPU-41dedaa0-c8e2-c576-be36-87a6fa2949d6, NVIDIA A100-SXM4-40GB, 35975, 40960, 100, 91.58, 36
nid001041,2026/05/03 03:41:11.829, 2, GPU-84c053e0-dec1-a69a-0b40-fbf751d71b20, NVIDIA A100-SXM4-40GB, 35975, 40960, 100, 89.72, 36
nid001041,2026/05/03 03:41:11.831, 3, GPU-85487437-4cf7-3ceb-d2b0-5f2bed2d89cd, NVIDIA A100-SXM4-40GB, 37521, 40960, 100, 90.94, 34
nid001040,2026/05/03 03:41:14.834, 0, GPU-32e67c4f-7204-189f-8b65-2c274dd735a9, NVIDIA A100-SXM4-40GB, 34771, 40960, 0, 59.65, 31
nid001040,2026/05/03 03:41:14.838, 1, GPU-8861d14f-cf78-d18f-5009-dcf3f2d5ba6a, NVIDIA A100-SXM4-40GB, 34771, 40960, 0, 63.00, 29
nid001040,2026/05/03 03:41:14.840, 2, GPU-0c84e9ea-eb03-d0fd-94b6-c87fa7f2aa07, NVIDIA A100-SXM4-40GB, 0, 40960, 0, 50.35, 30
nid001040,2026/05/03 03:41:14.842, 3, GPU-324f8797-e49e-315a-bdaa-053d693f20df, NVIDIA A100-SXM4-40GB, 0, 40960, 0, 50.53, 29
nid001041,2026/05/03 03:41:15.784, 0, GPU-0ae16970-0c3a-bbe5-0e59-4168b3712b2a, NVIDIA A100-SXM4-40GB, 37289, 40960, 100, 107.68, 40
nid001041,2026/05/03 03:41:15.787, 1, GPU-41dedaa0-c8e2-c576-be36-87a6fa2949d6, NVIDIA A100-SXM4-40GB, 35975, 40960, 100, 181.48, 36
nid001041,2026/05/03 03:41:15.792, 2, GPU-84c053e0-dec1-a69a-0b40-fbf751d71b20, NVIDIA A100-SXM4-40GB, 35975, 40960, 100, 166.16, 36
nid001041,2026/05/03 03:41:15.794, 3, GPU-85487437-4cf7-3ceb-d2b0-5f2bed2d89cd, NVIDIA A100-SXM4-40GB, 37521, 40960, 100, 189.86, 34
nid001040,2026/05/03 03:41:18.774, 0, GPU-32e67c4f-7204-189f-8b65-2c274dd735a9, NVIDIA A100-SXM4-40GB, 34771, 40960, 0, 59.65, 31
nid001040,2026/05/03 03:41:18.776, 1, GPU-8861d14f-cf78-d18f-5009-dcf3f2d5ba6a, NVIDIA A100-SXM4-40GB, 34771, 40960, 0, 63.00, 29
nid001040,2026/05/03 03:41:18.777, 2, GPU-0c84e9ea-eb03-d0fd-94b6-c87fa7f2aa07, NVIDIA A100-SXM4-40GB, 0, 40960, 0, 50.35, 30
nid001040,2026/05/03 03:41:18.780, 3, GPU-324f8797-e49e-315a-bdaa-053d693f20df, NVIDIA A100-SXM4-40GB, 0, 40960, 0, 50.53, 29
nid001041,2026/05/03 03:41:19.728, 0, GPU-0ae16970-0c3a-bbe5-0e59-4168b3712b2a, NVIDIA A100-SXM4-40GB, 37289, 40960, 100, 133.17, 40
nid001041,2026/05/03 03:41:19.730, 1, GPU-41dedaa0-c8e2-c576-be36-87a6fa2949d6, NVIDIA A100-SXM4-40GB, 35975, 40960, 100, 103.84, 37
nid001041,2026/05/03 03:41:19.732, 2, GPU-84c053e0-dec1-a69a-0b40-fbf751d71b20, NVIDIA A100-SXM4-40GB, 35975, 40960, 100, 97.47, 36
nid001041,2026/05/03 03:41:19.734, 3, GPU-85487437-4cf7-3ceb-d2b0-5f2bed2d89cd, NVIDIA A100-SXM4-40GB, 37521, 40960, 100, 99.11, 34
nid001040,2026/05/03 03:41:22.717, 0, GPU-32e67c4f-7204-189f-8b65-2c274dd735a9, NVIDIA A100-SXM4-40GB, 34771, 40960, 0, 60.25, 31
nid001040,2026/05/03 03:41:22.719, 1, GPU-8861d14f-cf78-d18f-5009-dcf3f2d5ba6a, NVIDIA A100-SXM4-40GB, 34771, 40960, 0, 63.00, 29
nid001040,2026/05/03 03:41:22.721, 2, GPU-0c84e9ea-eb03-d0fd-94b6-c87fa7f2aa07, NVIDIA A100-SXM4-40GB, 0, 40960, 0, 50.11, 30
nid001040,2026/05/03 03:41:22.723, 3, GPU-324f8797-e49e-315a-bdaa-053d693f20df, NVIDIA A100-SXM4-40GB, 0, 40960, 0, 50.53, 29
nid001041,2026/05/03 03:41:23.638, 0, GPU-0ae16970-0c3a-bbe5-0e59-4168b3712b2a, NVIDIA A100-SXM4-40GB, 37289, 40960, 100, 92.63, 39
nid001041,2026/05/03 03:41:23.640, 1, GPU-41dedaa0-c8e2-c576-be36-87a6fa2949d6, NVIDIA A100-SXM4-40GB, 35975, 40960, 100, 105.40, 36
nid001041,2026/05/03 03:41:23.642, 2, GPU-84c053e0-dec1-a69a-0b40-fbf751d71b20, NVIDIA A100-SXM4-40GB, 35975, 40960, 100, 166.69, 35
nid001041,2026/05/03 03:41:23.644, 3, GPU-85487437-4cf7-3ceb-d2b0-5f2bed2d89cd, NVIDIA A100-SXM4-40GB, 37521, 40960, 100, 138.23, 34
nid001040,2026/05/03 03:41:26.678, 0, GPU-32e67c4f-7204-189f-8b65-2c274dd735a9, NVIDIA A100-SXM4-40GB, 34771, 40960, 0, 59.89, 31
nid001040,2026/05/03 03:41:26.680, 1, GPU-8861d14f-cf78-d18f-5009-dcf3f2d5ba6a, NVIDIA A100-SXM4-40GB, 34771, 40960, 0, 63.00, 29
nid001040,2026/05/03 03:41:26.682, 2, GPU-0c84e9ea-eb03-d0fd-94b6-c87fa7f2aa07, NVIDIA A100-SXM4-40GB, 0, 40960, 0, 50.35, 30
nid001040,2026/05/03 03:41:26.684, 3, GPU-324f8797-e49e-315a-bdaa-053d693f20df, NVIDIA A100-SXM4-40GB, 0, 40960, 0, 50.53, 29
nid001041,2026/05/03 03:41:27.600, 0, GPU-0ae16970-0c3a-bbe5-0e59-4168b3712b2a, NVIDIA A100-SXM4-40GB, 37289, 40960, 100, 174.09, 40
nid001041,2026/05/03 03:41:27.603, 1, GPU-41dedaa0-c8e2-c576-be36-87a6fa2949d6, NVIDIA A100-SXM4-40GB, 35975, 40960, 100, 165.41, 36
nid001041,2026/05/03 03:41:27.605, 2, GPU-84c053e0-dec1-a69a-0b40-fbf751d71b20, NVIDIA A100-SXM4-40GB, 35975, 40960, 100, 130.22, 35
nid001041,2026/05/03 03:41:27.607, 3, GPU-85487437-4cf7-3ceb-d2b0-5f2bed2d89cd, NVIDIA A100-SXM4-40GB, 37521, 40960, 100, 164.61, 34
nid001040,2026/05/03 03:41:30.571, 0, GPU-32e67c4f-7204-189f-8b65-2c274dd735a9, NVIDIA A100-SXM4-40GB, 34771, 40960, 0, 59.96, 31
nid001040,2026/05/03 03:41:30.573, 1, GPU-8861d14f-cf78-d18f-5009-dcf3f2d5ba6a, NVIDIA A100-SXM4-40GB, 34771, 40960, 0, 63.00, 30
nid001040,2026/05/03 03:41:30.574, 2, GPU-0c84e9ea-eb03-d0fd-94b6-c87fa7f2aa07, NVIDIA A100-SXM4-40GB, 0, 40960, 0, 50.35, 30
nid001040,2026/05/03 03:41:30.576, 3, GPU-324f8797-e49e-315a-bdaa-053d693f20df, NVIDIA A100-SXM4-40GB, 0, 40960, 0, 50.53, 29
nid001041,2026/05/03 03:41:31.602, 0, GPU-0ae16970-0c3a-bbe5-0e59-4168b3712b2a, NVIDIA A100-SXM4-40GB, 37289, 40960, 100, 128.10, 40
nid001041,2026/05/03 03:41:31.605, 1, GPU-41dedaa0-c8e2-c576-be36-87a6fa2949d6, NVIDIA A100-SXM4-40GB, 35975, 40960, 100, 107.32, 37
nid001041,2026/05/03 03:41:31.608, 2, GPU-84c053e0-dec1-a69a-0b40-fbf751d71b20, NVIDIA A100-SXM4-40GB, 35975, 40960, 100, 94.67, 36
nid001041,2026/05/03 03:41:31.609, 3, GPU-85487437-4cf7-3ceb-d2b0-5f2bed2d89cd, NVIDIA A100-SXM4-40GB, 37521, 40960, 100, 101.68, 34
nid001040,2026/05/03 03:41:34.671, 0, GPU-32e67c4f-7204-189f-8b65-2c274dd735a9, NVIDIA A100-SXM4-40GB, 34771, 40960, 0, 59.65, 31
nid001040,2026/05/03 03:41:34.673, 1, GPU-8861d14f-cf78-d18f-5009-dcf3f2d5ba6a, NVIDIA A100-SXM4-40GB, 34771, 40960, 0, 63.00, 30
nid001040,2026/05/03 03:41:34.675, 2, GPU-0c84e9ea-eb03-d0fd-94b6-c87fa7f2aa07, NVIDIA A100-SXM4-40GB, 0, 40960, 0, 50.11, 30
nid001040,2026/05/03 03:41:34.677, 3, GPU-324f8797-e49e-315a-bdaa-053d693f20df, NVIDIA A100-SXM4-40GB, 0, 40960, 0, 50.53, 29
nid001041,2026/05/03 03:41:35.594, 0, GPU-0ae16970-0c3a-bbe5-0e59-4168b3712b2a, NVIDIA A100-SXM4-40GB, 37289, 40960, 100, 156.44, 40
nid001041,2026/05/03 03:41:35.597, 1, GPU-41dedaa0-c8e2-c576-be36-87a6fa2949d6, NVIDIA A100-SXM4-40GB, 35975, 40960, 100, 124.54, 37
nid001041,2026/05/03 03:41:35.599, 2, GPU-84c053e0-dec1-a69a-0b40-fbf751d71b20, NVIDIA A100-SXM4-40GB, 35975, 40960, 100, 103.84, 35
nid001041,2026/05/03 03:41:35.602, 3, GPU-85487437-4cf7-3ceb-d2b0-5f2bed2d89cd, NVIDIA A100-SXM4-40GB, 37521, 40960, 100, 108.57, 34
nid001040,2026/05/03 03:41:38.578, 0, GPU-32e67c4f-7204-189f-8b65-2c274dd735a9, NVIDIA A100-SXM4-40GB, 34771, 40960, 0, 59.89, 31
nid001040,2026/05/03 03:41:38.580, 1, GPU-8861d14f-cf78-d18f-5009-dcf3f2d5ba6a, NVIDIA A100-SXM4-40GB, 34771, 40960, 0, 63.00, 30
nid001040,2026/05/03 03:41:38.582, 2, GPU-0c84e9ea-eb03-d0fd-94b6-c87fa7f2aa07, NVIDIA A100-SXM4-40GB, 0, 40960, 0, 50.35, 30
nid001040,2026/05/03 03:41:38.584, 3, GPU-324f8797-e49e-315a-bdaa-053d693f20df, NVIDIA A100-SXM4-40GB, 0, 40960, 0, 50.53, 29
nid001041,2026/05/03 03:41:39.597, 0, GPU-0ae16970-0c3a-bbe5-0e59-4168b3712b2a, NVIDIA A100-SXM4-40GB, 37289, 40960, 100, 92.35, 40
nid001041,2026/05/03 03:41:39.599, 1, GPU-41dedaa0-c8e2-c576-be36-87a6fa2949d6, NVIDIA A100-SXM4-40GB, 35975, 40960, 100, 115.95, 36
nid001041,2026/05/03 03:41:39.602, 2, GPU-84c053e0-dec1-a69a-0b40-fbf751d71b20, NVIDIA A100-SXM4-40GB, 35975, 40960, 100, 176.36, 36
nid001041,2026/05/03 03:41:39.604, 3, GPU-85487437-4cf7-3ceb-d2b0-5f2bed2d89cd, NVIDIA A100-SXM4-40GB, 37521, 40960, 100, 176.34, 34
nid001040,2026/05/03 03:41:42.586, 0, GPU-32e67c4f-7204-189f-8b65-2c274dd735a9, NVIDIA A100-SXM4-40GB, 34771, 40960, 0, 59.89, 31
nid001040,2026/05/03 03:41:42.588, 1, GPU-8861d14f-cf78-d18f-5009-dcf3f2d5ba6a, NVIDIA A100-SXM4-40GB, 34771, 40960, 0, 63.00, 30
nid001040,2026/05/03 03:41:42.589, 2, GPU-0c84e9ea-eb03-d0fd-94b6-c87fa7f2aa07, NVIDIA A100-SXM4-40GB, 0, 40960, 0, 50.11, 30
nid001040,2026/05/03 03:41:42.591, 3, GPU-324f8797-e49e-315a-bdaa-053d693f20df, NVIDIA A100-SXM4-40GB, 0, 40960, 0, 50.53, 29
nid001041,2026/05/03 03:41:43.532, 0, GPU-0ae16970-0c3a-bbe5-0e59-4168b3712b2a, NVIDIA A100-SXM4-40GB, 37289, 40960, 100, 136.26, 40
nid001041,2026/05/03 03:41:43.534, 1, GPU-41dedaa0-c8e2-c576-be36-87a6fa2949d6, NVIDIA A100-SXM4-40GB, 35975, 40960, 100, 121.59, 37
nid001041,2026/05/03 03:41:43.536, 2, GPU-84c053e0-dec1-a69a-0b40-fbf751d71b20, NVIDIA A100-SXM4-40GB, 35975, 40960, 100, 100.91, 35
nid001041,2026/05/03 03:41:43.542, 3, GPU-85487437-4cf7-3ceb-d2b0-5f2bed2d89cd, NVIDIA A100-SXM4-40GB, 37521, 40960, 100, 101.68, 34
nid001040,2026/05/03 03:41:46.537, 0, GPU-32e67c4f-7204-189f-8b65-2c274dd735a9, NVIDIA A100-SXM4-40GB, 34771, 40960, 0, 59.96, 31
nid001040,2026/05/03 03:41:46.543, 1, GPU-8861d14f-cf78-d18f-5009-dcf3f2d5ba6a, NVIDIA A100-SXM4-40GB, 34771, 40960, 0, 63.00, 30
nid001040,2026/05/03 03:41:46.544, 2, GPU-0c84e9ea-eb03-d0fd-94b6-c87fa7f2aa07, NVIDIA A100-SXM4-40GB, 0, 40960, 0, 50.35, 30
nid001040,2026/05/03 03:41:46.547, 3, GPU-324f8797-e49e-315a-bdaa-053d693f20df, NVIDIA A100-SXM4-40GB, 0, 40960, 0, 50.53, 29
nid001041,2026/05/03 03:41:47.491, 0, GPU-0ae16970-0c3a-bbe5-0e59-4168b3712b2a, NVIDIA A100-SXM4-40GB, 37289, 40960, 100, 89.83, 40
nid001041,2026/05/03 03:41:47.494, 1, GPU-41dedaa0-c8e2-c576-be36-87a6fa2949d6, NVIDIA A100-SXM4-40GB, 35975, 40960, 100, 107.15, 37
nid001041,2026/05/03 03:41:47.496, 2, GPU-84c053e0-dec1-a69a-0b40-fbf751d71b20, NVIDIA A100-SXM4-40GB, 35975, 40960, 100, 187.60, 35
nid001041,2026/05/03 03:41:47.497, 3, GPU-85487437-4cf7-3ceb-d2b0-5f2bed2d89cd, NVIDIA A100-SXM4-40GB, 37521, 40960, 100, 192.89, 34
nid001040,2026/05/03 03:41:50.476, 0, GPU-32e67c4f-7204-189f-8b65-2c274dd735a9, NVIDIA A100-SXM4-40GB, 34771, 40960, 0, 60.25, 31
nid001040,2026/05/03 03:41:50.478, 1, GPU-8861d14f-cf78-d18f-5009-dcf3f2d5ba6a, NVIDIA A100-SXM4-40GB, 34771, 40960, 0, 63.00, 29
nid001040,2026/05/03 03:41:50.480, 2, GPU-0c84e9ea-eb03-d0fd-94b6-c87fa7f2aa07, NVIDIA A100-SXM4-40GB, 0, 40960, 0, 50.11, 30
nid001040,2026/05/03 03:41:50.482, 3, GPU-324f8797-e49e-315a-bdaa-053d693f20df, NVIDIA A100-SXM4-40GB, 0, 40960, 0, 50.53, 29
nid001041,2026/05/03 03:41:51.429, 0, GPU-0ae16970-0c3a-bbe5-0e59-4168b3712b2a, NVIDIA A100-SXM4-40GB, 37289, 40960, 100, 144.19, 40
nid001041,2026/05/03 03:41:51.432, 1, GPU-41dedaa0-c8e2-c576-be36-87a6fa2949d6, NVIDIA A100-SXM4-40GB, 35975, 40960, 100, 119.55, 36
nid001041,2026/05/03 03:41:51.434, 2, GPU-84c053e0-dec1-a69a-0b40-fbf751d71b20, NVIDIA A100-SXM4-40GB, 35975, 40960, 100, 106.51, 35
nid001041,2026/05/03 03:41:51.441, 3, GPU-85487437-4cf7-3ceb-d2b0-5f2bed2d89cd, NVIDIA A100-SXM4-40GB, 37521, 40960, 100, 103.96, 34
nid001040,2026/05/03 03:41:54.404, 0, GPU-32e67c4f-7204-189f-8b65-2c274dd735a9, NVIDIA A100-SXM4-40GB, 34771, 40960, 0, 60.18, 31
nid001040,2026/05/03 03:41:54.406, 1, GPU-8861d14f-cf78-d18f-5009-dcf3f2d5ba6a, NVIDIA A100-SXM4-40GB, 34771, 40960, 0, 63.00, 29
nid001040,2026/05/03 03:41:54.407, 2, GPU-0c84e9ea-eb03-d0fd-94b6-c87fa7f2aa07, NVIDIA A100-SXM4-40GB, 0, 40960, 0, 50.35, 30
nid001040,2026/05/03 03:41:54.410, 3, GPU-324f8797-e49e-315a-bdaa-053d693f20df, NVIDIA A100-SXM4-40GB, 0, 40960, 0, 50.53, 29
nid001041,2026/05/03 03:41:55.318, 0, GPU-0ae16970-0c3a-bbe5-0e59-4168b3712b2a, NVIDIA A100-SXM4-40GB, 37289, 40960, 100, 89.83, 40
nid001041,2026/05/03 03:41:55.322, 1, GPU-41dedaa0-c8e2-c576-be36-87a6fa2949d6, NVIDIA A100-SXM4-40GB, 35975, 40960, 100, 97.36, 36
nid001041,2026/05/03 03:41:55.324, 2, GPU-84c053e0-dec1-a69a-0b40-fbf751d71b20, NVIDIA A100-SXM4-40GB, 35975, 40960, 100, 189.36, 36
nid001041,2026/05/03 03:41:55.325, 3, GPU-85487437-4cf7-3ceb-d2b0-5f2bed2d89cd, NVIDIA A100-SXM4-40GB, 37521, 40960, 100, 209.23, 34
nid001040,2026/05/03 03:41:58.287, 0, GPU-32e67c4f-7204-189f-8b65-2c274dd735a9, NVIDIA A100-SXM4-40GB, 34771, 40960, 0, 59.89, 31
nid001040,2026/05/03 03:41:58.289, 1, GPU-8861d14f-cf78-d18f-5009-dcf3f2d5ba6a, NVIDIA A100-SXM4-40GB, 34771, 40960, 0, 63.00, 30
nid001040,2026/05/03 03:41:58.291, 2, GPU-0c84e9ea-eb03-d0fd-94b6-c87fa7f2aa07, NVIDIA A100-SXM4-40GB, 0, 40960, 0, 50.11, 30
nid001040,2026/05/03 03:41:58.293, 3, GPU-324f8797-e49e-315a-bdaa-053d693f20df, NVIDIA A100-SXM4-40GB, 0, 40960, 0, 50.53, 29
nid001041,2026/05/03 03:41:59.342, 0, GPU-0ae16970-0c3a-bbe5-0e59-4168b3712b2a, NVIDIA A100-SXM4-40GB, 37289, 40960, 100, 151.55, 40
nid001041,2026/05/03 03:41:59.344, 1, GPU-41dedaa0-c8e2-c576-be36-87a6fa2949d6, NVIDIA A100-SXM4-40GB, 35975, 40960, 100, 143.21, 37
nid001041,2026/05/03 03:41:59.347, 2, GPU-84c053e0-dec1-a69a-0b40-fbf751d71b20, NVIDIA A100-SXM4-40GB, 35975, 40960, 100, 122.06, 36
nid001041,2026/05/03 03:41:59.349, 3, GPU-85487437-4cf7-3ceb-d2b0-5f2bed2d89cd, NVIDIA A100-SXM4-40GB, 37521, 40960, 100, 107.28, 34
nid001040,2026/05/03 03:42:02.338, 0, GPU-32e67c4f-7204-189f-8b65-2c274dd735a9, NVIDIA A100-SXM4-40GB, 34771, 40960, 0, 59.65, 31
nid001040,2026/05/03 03:42:02.340, 1, GPU-8861d14f-cf78-d18f-5009-dcf3f2d5ba6a, NVIDIA A100-SXM4-40GB, 34771, 40960, 0, 63.00, 30
nid001040,2026/05/03 03:42:02.342, 2, GPU-0c84e9ea-eb03-d0fd-94b6-c87fa7f2aa07, NVIDIA A100-SXM4-40GB, 0, 40960, 0, 50.35, 30
nid001040,2026/05/03 03:42:02.344, 3, GPU-324f8797-e49e-315a-bdaa-053d693f20df, NVIDIA A100-SXM4-40GB, 0, 40960, 0, 50.47, 29
nid001041,2026/05/03 03:42:03.276, 0, GPU-0ae16970-0c3a-bbe5-0e59-4168b3712b2a, NVIDIA A100-SXM4-40GB, 37289, 40960, 100, 95.95, 40
nid001041,2026/05/03 03:42:03.279, 1, GPU-41dedaa0-c8e2-c576-be36-87a6fa2949d6, NVIDIA A100-SXM4-40GB, 35975, 40960, 100, 90.58, 37
nid001041,2026/05/03 03:42:03.281, 2, GPU-84c053e0-dec1-a69a-0b40-fbf751d71b20, NVIDIA A100-SXM4-40GB, 35975, 40960, 100, 88.15, 36
nid001041,2026/05/03 03:42:03.282, 3, GPU-85487437-4cf7-3ceb-d2b0-5f2bed2d89cd, NVIDIA A100-SXM4-40GB, 37521, 40960, 100, 138.99, 34
nid001040,2026/05/03 03:42:06.278, 0, GPU-32e67c4f-7204-189f-8b65-2c274dd735a9, NVIDIA A100-SXM4-40GB, 34771, 40960, 0, 60.18, 31
nid001040,2026/05/03 03:42:06.281, 1, GPU-8861d14f-cf78-d18f-5009-dcf3f2d5ba6a, NVIDIA A100-SXM4-40GB, 34771, 40960, 0, 63.00, 30
nid001040,2026/05/03 03:42:06.282, 2, GPU-0c84e9ea-eb03-d0fd-94b6-c87fa7f2aa07, NVIDIA A100-SXM4-40GB, 0, 40960, 0, 50.35, 30
nid001040,2026/05/03 03:42:06.284, 3, GPU-324f8797-e49e-315a-bdaa-053d693f20df, NVIDIA A100-SXM4-40GB, 0, 40960, 0, 50.53, 29
nid001041,2026/05/03 03:42:07.262, 0, GPU-0ae16970-0c3a-bbe5-0e59-4168b3712b2a, NVIDIA A100-SXM4-40GB, 37289, 40960, 100, 203.91, 40
nid001041,2026/05/03 03:42:07.268, 1, GPU-41dedaa0-c8e2-c576-be36-87a6fa2949d6, NVIDIA A100-SXM4-40GB, 35975, 40960, 100, 199.55, 37
nid001041,2026/05/03 03:42:07.271, 2, GPU-84c053e0-dec1-a69a-0b40-fbf751d71b20, NVIDIA A100-SXM4-40GB, 35975, 40960, 100, 148.10, 36
nid001041,2026/05/03 03:42:07.272, 3, GPU-85487437-4cf7-3ceb-d2b0-5f2bed2d89cd, NVIDIA A100-SXM4-40GB, 37521, 40960, 100, 127.73, 34
nid001040,2026/05/03 03:42:10.450, 0, GPU-32e67c4f-7204-189f-8b65-2c274dd735a9, NVIDIA A100-SXM4-40GB, 34771, 40960, 0, 59.96, 31
nid001040,2026/05/03 03:42:10.452, 1, GPU-8861d14f-cf78-d18f-5009-dcf3f2d5ba6a, NVIDIA A100-SXM4-40GB, 34771, 40960, 0, 63.00, 30
nid001040,2026/05/03 03:42:10.453, 2, GPU-0c84e9ea-eb03-d0fd-94b6-c87fa7f2aa07, NVIDIA A100-SXM4-40GB, 0, 40960, 0, 50.35, 30
nid001040,2026/05/03 03:42:10.455, 3, GPU-324f8797-e49e-315a-bdaa-053d693f20df, NVIDIA A100-SXM4-40GB, 0, 40960, 0, 50.47, 29
nid001041,2026/05/03 03:42:11.395, 0, GPU-0ae16970-0c3a-bbe5-0e59-4168b3712b2a, NVIDIA A100-SXM4-40GB, 37289, 40960, 100, 114.57, 40
nid001041,2026/05/03 03:42:11.398, 1, GPU-41dedaa0-c8e2-c576-be36-87a6fa2949d6, NVIDIA A100-SXM4-40GB, 35975, 40960, 100, 130.98, 36
nid001041,2026/05/03 03:42:11.400, 2, GPU-84c053e0-dec1-a69a-0b40-fbf751d71b20, NVIDIA A100-SXM4-40GB, 35975, 40960, 100, 104.47, 36
nid001041,2026/05/03 03:42:11.403, 3, GPU-85487437-4cf7-3ceb-d2b0-5f2bed2d89cd, NVIDIA A100-SXM4-40GB, 37521, 40960, 100, 96.07, 34
nid001040,2026/05/03 03:42:14.390, 0, GPU-32e67c4f-7204-189f-8b65-2c274dd735a9, NVIDIA A100-SXM4-40GB, 34771, 40960, 0, 59.89, 31
nid001040,2026/05/03 03:42:14.392, 1, GPU-8861d14f-cf78-d18f-5009-dcf3f2d5ba6a, NVIDIA A100-SXM4-40GB, 34771, 40960, 0, 63.00, 30
nid001040,2026/05/03 03:42:14.394, 2, GPU-0c84e9ea-eb03-d0fd-94b6-c87fa7f2aa07, NVIDIA A100-SXM4-40GB, 0, 40960, 0, 50.35, 30
nid001040,2026/05/03 03:42:14.396, 3, GPU-324f8797-e49e-315a-bdaa-053d693f20df, NVIDIA A100-SXM4-40GB, 0, 40960, 0, 50.47, 29
nid001041,2026/05/03 03:42:15.420, 0, GPU-0ae16970-0c3a-bbe5-0e59-4168b3712b2a, NVIDIA A100-SXM4-40GB, 37289, 40960, 100, 88.79, 40
nid001041,2026/05/03 03:42:15.423, 1, GPU-41dedaa0-c8e2-c576-be36-87a6fa2949d6, NVIDIA A100-SXM4-40GB, 35975, 40960, 100, 92.52, 37
nid001041,2026/05/03 03:42:15.424, 2, GPU-84c053e0-dec1-a69a-0b40-fbf751d71b20, NVIDIA A100-SXM4-40GB, 35975, 40960, 100, 97.12, 36
nid001041,2026/05/03 03:42:15.427, 3, GPU-85487437-4cf7-3ceb-d2b0-5f2bed2d89cd, NVIDIA A100-SXM4-40GB, 37521, 40960, 100, 188.82, 35
nid001040,2026/05/03 03:42:18.452, 0, GPU-32e67c4f-7204-189f-8b65-2c274dd735a9, NVIDIA A100-SXM4-40GB, 34771, 40960, 0, 59.89, 31
nid001040,2026/05/03 03:42:18.454, 1, GPU-8861d14f-cf78-d18f-5009-dcf3f2d5ba6a, NVIDIA A100-SXM4-40GB, 34771, 40960, 0, 63.00, 30
nid001040,2026/05/03 03:42:18.456, 2, GPU-0c84e9ea-eb03-d0fd-94b6-c87fa7f2aa07, NVIDIA A100-SXM4-40GB, 0, 40960, 0, 50.35, 30
nid001040,2026/05/03 03:42:18.459, 3, GPU-324f8797-e49e-315a-bdaa-053d693f20df, NVIDIA A100-SXM4-40GB, 0, 40960, 0, 50.47, 29
nid001041,2026/05/03 03:42:19.373, 0, GPU-0ae16970-0c3a-bbe5-0e59-4168b3712b2a, NVIDIA A100-SXM4-40GB, 37289, 40960, 100, 163.33, 40
nid001041,2026/05/03 03:42:19.376, 1, GPU-41dedaa0-c8e2-c576-be36-87a6fa2949d6, NVIDIA A100-SXM4-40GB, 35975, 40960, 100, 202.40, 37
nid001041,2026/05/03 03:42:19.379, 2, GPU-84c053e0-dec1-a69a-0b40-fbf751d71b20, NVIDIA A100-SXM4-40GB, 35975, 40960, 100, 148.10, 36
nid001041,2026/05/03 03:42:19.380, 3, GPU-85487437-4cf7-3ceb-d2b0-5f2bed2d89cd, NVIDIA A100-SXM4-40GB, 37521, 40960, 100, 119.93, 34
nid001040,2026/05/03 03:42:22.399, 0, GPU-32e67c4f-7204-189f-8b65-2c274dd735a9, NVIDIA A100-SXM4-40GB, 34771, 40960, 0, 59.96, 31
nid001040,2026/05/03 03:42:22.401, 1, GPU-8861d14f-cf78-d18f-5009-dcf3f2d5ba6a, NVIDIA A100-SXM4-40GB, 34771, 40960, 0, 63.00, 30
nid001040,2026/05/03 03:42:22.403, 2, GPU-0c84e9ea-eb03-d0fd-94b6-c87fa7f2aa07, NVIDIA A100-SXM4-40GB, 0, 40960, 0, 50.35, 30
nid001040,2026/05/03 03:42:22.405, 3, GPU-324f8797-e49e-315a-bdaa-053d693f20df, NVIDIA A100-SXM4-40GB, 0, 40960, 0, 50.53, 29
nid001041,2026/05/03 03:42:23.585, 0, GPU-0ae16970-0c3a-bbe5-0e59-4168b3712b2a, NVIDIA A100-SXM4-40GB, 37289, 40960, 100, 127.86, 40
nid001041,2026/05/03 03:42:23.588, 1, GPU-41dedaa0-c8e2-c576-be36-87a6fa2949d6, NVIDIA A100-SXM4-40GB, 35975, 40960, 100, 152.07, 37
nid001041,2026/05/03 03:42:23.592, 2, GPU-84c053e0-dec1-a69a-0b40-fbf751d71b20, NVIDIA A100-SXM4-40GB, 35975, 40960, 100, 109.07, 36
nid001041,2026/05/03 03:42:23.594, 3, GPU-85487437-4cf7-3ceb-d2b0-5f2bed2d89cd, NVIDIA A100-SXM4-40GB, 37521, 40960, 100, 98.35, 35
nid001040,2026/05/03 03:42:26.626, 0, GPU-32e67c4f-7204-189f-8b65-2c274dd735a9, NVIDIA A100-SXM4-40GB, 34771, 40960, 0, 59.89, 31
nid001040,2026/05/03 03:42:26.628, 1, GPU-8861d14f-cf78-d18f-5009-dcf3f2d5ba6a, NVIDIA A100-SXM4-40GB, 34771, 40960, 0, 63.00, 30
nid001040,2026/05/03 03:42:26.630, 2, GPU-0c84e9ea-eb03-d0fd-94b6-c87fa7f2aa07, NVIDIA A100-SXM4-40GB, 0, 40960, 0, 50.35, 30
nid001040,2026/05/03 03:42:26.632, 3, GPU-324f8797-e49e-315a-bdaa-053d693f20df, NVIDIA A100-SXM4-40GB, 0, 40960, 0, 50.53, 29
nid001041,2026/05/03 03:42:27.565, 0, GPU-0ae16970-0c3a-bbe5-0e59-4168b3712b2a, NVIDIA A100-SXM4-40GB, 37289, 40960, 100, 152.07, 40
nid001041,2026/05/03 03:42:27.568, 1, GPU-41dedaa0-c8e2-c576-be36-87a6fa2949d6, NVIDIA A100-SXM4-40GB, 35975, 40960, 100, 180.73, 37
nid001041,2026/05/03 03:42:27.570, 2, GPU-84c053e0-dec1-a69a-0b40-fbf751d71b20, NVIDIA A100-SXM4-40GB, 35975, 40960, 100, 129.99, 36
nid001041,2026/05/03 03:42:27.571, 3, GPU-85487437-4cf7-3ceb-d2b0-5f2bed2d89cd, NVIDIA A100-SXM4-40GB, 37521, 40960, 100, 109.09, 34
nid001040,2026/05/03 03:42:30.550, 0, GPU-32e67c4f-7204-189f-8b65-2c274dd735a9, NVIDIA A100-SXM4-40GB, 34771, 40960, 0, 59.89, 31
nid001040,2026/05/03 03:42:30.553, 1, GPU-8861d14f-cf78-d18f-5009-dcf3f2d5ba6a, NVIDIA A100-SXM4-40GB, 34771, 40960, 0, 63.00, 30
nid001040,2026/05/03 03:42:30.554, 2, GPU-0c84e9ea-eb03-d0fd-94b6-c87fa7f2aa07, NVIDIA A100-SXM4-40GB, 0, 40960, 0, 50.35, 30
nid001040,2026/05/03 03:42:30.562, 3, GPU-324f8797-e49e-315a-bdaa-053d693f20df, NVIDIA A100-SXM4-40GB, 0, 40960, 0, 50.53, 29
nid001041,2026/05/03 03:42:31.621, 0, GPU-0ae16970-0c3a-bbe5-0e59-4168b3712b2a, NVIDIA A100-SXM4-40GB, 37289, 40960, 100, 91.06, 40
nid001041,2026/05/03 03:42:31.624, 1, GPU-41dedaa0-c8e2-c576-be36-87a6fa2949d6, NVIDIA A100-SXM4-40GB, 35975, 40960, 100, 97.71, 37
nid001041,2026/05/03 03:42:31.625, 2, GPU-84c053e0-dec1-a69a-0b40-fbf751d71b20, NVIDIA A100-SXM4-40GB, 35975, 40960, 100, 106.51, 35
nid001041,2026/05/03 03:42:31.627, 3, GPU-85487437-4cf7-3ceb-d2b0-5f2bed2d89cd, NVIDIA A100-SXM4-40GB, 37521, 40960, 100, 195.70, 34
nid001040,2026/05/03 03:42:34.681, 0, GPU-32e67c4f-7204-189f-8b65-2c274dd735a9, NVIDIA A100-SXM4-40GB, 34771, 40960, 0, 60.25, 31
nid001040,2026/05/03 03:42:34.682, 1, GPU-8861d14f-cf78-d18f-5009-dcf3f2d5ba6a, NVIDIA A100-SXM4-40GB, 34771, 40960, 0, 63.00, 30
nid001040,2026/05/03 03:42:34.684, 2, GPU-0c84e9ea-eb03-d0fd-94b6-c87fa7f2aa07, NVIDIA A100-SXM4-40GB, 0, 40960, 0, 50.35, 30
nid001040,2026/05/03 03:42:34.686, 3, GPU-324f8797-e49e-315a-bdaa-053d693f20df, NVIDIA A100-SXM4-40GB, 0, 40960, 0, 50.53, 29
nid001041,2026/05/03 03:42:35.618, 0, GPU-0ae16970-0c3a-bbe5-0e59-4168b3712b2a, NVIDIA A100-SXM4-40GB, 37289, 40960, 100, 159.81, 40
nid001041,2026/05/03 03:42:35.621, 1, GPU-41dedaa0-c8e2-c576-be36-87a6fa2949d6, NVIDIA A100-SXM4-40GB, 35975, 40960, 100, 199.55, 37
nid001041,2026/05/03 03:42:35.622, 2, GPU-84c053e0-dec1-a69a-0b40-fbf751d71b20, NVIDIA A100-SXM4-40GB, 35975, 40960, 100, 130.98, 36
nid001041,2026/05/03 03:42:35.625, 3, GPU-85487437-4cf7-3ceb-d2b0-5f2bed2d89cd, NVIDIA A100-SXM4-40GB, 37521, 40960, 100, 107.81, 34
nid001040,2026/05/03 03:42:38.593, 0, GPU-32e67c4f-7204-189f-8b65-2c274dd735a9, NVIDIA A100-SXM4-40GB, 34771, 40960, 0, 59.96, 31
nid001040,2026/05/03 03:42:38.595, 1, GPU-8861d14f-cf78-d18f-5009-dcf3f2d5ba6a, NVIDIA A100-SXM4-40GB, 34771, 40960, 0, 63.00, 30
nid001040,2026/05/03 03:42:38.597, 2, GPU-0c84e9ea-eb03-d0fd-94b6-c87fa7f2aa07, NVIDIA A100-SXM4-40GB, 0, 40960, 0, 50.11, 30
nid001040,2026/05/03 03:42:38.599, 3, GPU-324f8797-e49e-315a-bdaa-053d693f20df, NVIDIA A100-SXM4-40GB, 0, 40960, 0, 50.53, 29
nid001041,2026/05/03 03:42:39.542, 0, GPU-0ae16970-0c3a-bbe5-0e59-4168b3712b2a, NVIDIA A100-SXM4-40GB, 37289, 40960, 100, 91.58, 40
nid001041,2026/05/03 03:42:39.545, 1, GPU-41dedaa0-c8e2-c576-be36-87a6fa2949d6, NVIDIA A100-SXM4-40GB, 35975, 40960, 100, 96.19, 37
nid001041,2026/05/03 03:42:39.547, 2, GPU-84c053e0-dec1-a69a-0b40-fbf751d71b20, NVIDIA A100-SXM4-40GB, 35975, 40960, 100, 87.50, 36
nid001041,2026/05/03 03:42:39.549, 3, GPU-85487437-4cf7-3ceb-d2b0-5f2bed2d89cd, NVIDIA A100-SXM4-40GB, 37521, 40960, 100, 198.27, 34
nid001040,2026/05/03 03:42:42.679, 0, GPU-32e67c4f-7204-189f-8b65-2c274dd735a9, NVIDIA A100-SXM4-40GB, 34771, 40960, 0, 59.65, 31
nid001040,2026/05/03 03:42:42.681, 1, GPU-8861d14f-cf78-d18f-5009-dcf3f2d5ba6a, NVIDIA A100-SXM4-40GB, 34771, 40960, 0, 63.00, 30
nid001040,2026/05/03 03:42:42.682, 2, GPU-0c84e9ea-eb03-d0fd-94b6-c87fa7f2aa07, NVIDIA A100-SXM4-40GB, 0, 40960, 0, 50.35, 30
nid001040,2026/05/03 03:42:42.685, 3, GPU-324f8797-e49e-315a-bdaa-053d693f20df, NVIDIA A100-SXM4-40GB, 0, 40960, 0, 50.53, 29
nid001041,2026/05/03 03:42:43.605, 0, GPU-0ae16970-0c3a-bbe5-0e59-4168b3712b2a, NVIDIA A100-SXM4-40GB, 37289, 40960, 100, 161.28, 40
nid001041,2026/05/03 03:42:43.608, 1, GPU-41dedaa0-c8e2-c576-be36-87a6fa2949d6, NVIDIA A100-SXM4-40GB, 35975, 40960, 100, 197.28, 36
nid001041,2026/05/03 03:42:43.610, 2, GPU-84c053e0-dec1-a69a-0b40-fbf751d71b20, NVIDIA A100-SXM4-40GB, 35975, 40960, 100, 140.42, 36
nid001041,2026/05/03 03:42:43.611, 3, GPU-85487437-4cf7-3ceb-d2b0-5f2bed2d89cd, NVIDIA A100-SXM4-40GB, 37521, 40960, 100, 105.76, 34
nid001040,2026/05/03 03:42:46.584, 0, GPU-32e67c4f-7204-189f-8b65-2c274dd735a9, NVIDIA A100-SXM4-40GB, 34771, 40960, 0, 60.25, 31
nid001040,2026/05/03 03:42:46.586, 1, GPU-8861d14f-cf78-d18f-5009-dcf3f2d5ba6a, NVIDIA A100-SXM4-40GB, 34771, 40960, 0, 63.00, 30
nid001040,2026/05/03 03:42:46.587, 2, GPU-0c84e9ea-eb03-d0fd-94b6-c87fa7f2aa07, NVIDIA A100-SXM4-40GB, 0, 40960, 0, 50.35, 30
nid001040,2026/05/03 03:42:46.590, 3, GPU-324f8797-e49e-315a-bdaa-053d693f20df, NVIDIA A100-SXM4-40GB, 0, 40960, 0, 50.53, 29
nid001041,2026/05/03 03:42:47.726, 0, GPU-0ae16970-0c3a-bbe5-0e59-4168b3712b2a, NVIDIA A100-SXM4-40GB, 37289, 40960, 100, 98.99, 40
nid001041,2026/05/03 03:42:47.730, 1, GPU-41dedaa0-c8e2-c576-be36-87a6fa2949d6, NVIDIA A100-SXM4-40GB, 35975, 40960, 100, 112.76, 36
nid001041,2026/05/03 03:42:47.731, 2, GPU-84c053e0-dec1-a69a-0b40-fbf751d71b20, NVIDIA A100-SXM4-40GB, 35975, 40960, 100, 94.28, 36
nid001041,2026/05/03 03:42:47.733, 3, GPU-85487437-4cf7-3ceb-d2b0-5f2bed2d89cd, NVIDIA A100-SXM4-40GB, 37521, 40960, 100, 137.54, 34
nid001040,2026/05/03 03:42:50.748, 0, GPU-32e67c4f-7204-189f-8b65-2c274dd735a9, NVIDIA A100-SXM4-40GB, 34771, 40960, 0, 60.18, 31
nid001040,2026/05/03 03:42:50.751, 1, GPU-8861d14f-cf78-d18f-5009-dcf3f2d5ba6a, NVIDIA A100-SXM4-40GB, 34771, 40960, 0, 63.00, 30
nid001040,2026/05/03 03:42:50.752, 2, GPU-0c84e9ea-eb03-d0fd-94b6-c87fa7f2aa07, NVIDIA A100-SXM4-40GB, 0, 40960, 0, 50.35, 30
nid001040,2026/05/03 03:42:50.754, 3, GPU-324f8797-e49e-315a-bdaa-053d693f20df, NVIDIA A100-SXM4-40GB, 0, 40960, 0, 50.53, 29
nid001041,2026/05/03 03:42:51.730, 0, GPU-0ae16970-0c3a-bbe5-0e59-4168b3712b2a, NVIDIA A100-SXM4-40GB, 37289, 40960, 100, 188.58, 40
nid001041,2026/05/03 03:42:51.733, 1, GPU-41dedaa0-c8e2-c576-be36-87a6fa2949d6, NVIDIA A100-SXM4-40GB, 35975, 40960, 100, 138.54, 37
nid001041,2026/05/03 03:42:51.736, 2, GPU-84c053e0-dec1-a69a-0b40-fbf751d71b20, NVIDIA A100-SXM4-40GB, 35975, 40960, 100, 198.03, 36
nid001041,2026/05/03 03:42:51.738, 3, GPU-85487437-4cf7-3ceb-d2b0-5f2bed2d89cd, NVIDIA A100-SXM4-40GB, 37521, 40960, 100, 131.05, 35
nid001040,2026/05/03 03:42:54.754, 0, GPU-32e67c4f-7204-189f-8b65-2c274dd735a9, NVIDIA A100-SXM4-40GB, 34771, 40960, 0, 59.72, 31
nid001040,2026/05/03 03:42:54.756, 1, GPU-8861d14f-cf78-d18f-5009-dcf3f2d5ba6a, NVIDIA A100-SXM4-40GB, 34771, 40960, 0, 63.00, 30
nid001040,2026/05/03 03:42:54.758, 2, GPU-0c84e9ea-eb03-d0fd-94b6-c87fa7f2aa07, NVIDIA A100-SXM4-40GB, 0, 40960, 0, 50.35, 30
nid001040,2026/05/03 03:42:54.760, 3, GPU-324f8797-e49e-315a-bdaa-053d693f20df, NVIDIA A100-SXM4-40GB, 0, 40960, 0, 50.47, 29
nid001041,2026/05/03 03:42:55.771, 0, GPU-0ae16970-0c3a-bbe5-0e59-4168b3712b2a, NVIDIA A100-SXM4-40GB, 37289, 40960, 100, 106.40, 40
nid001041,2026/05/03 03:42:55.774, 1, GPU-41dedaa0-c8e2-c576-be36-87a6fa2949d6, NVIDIA A100-SXM4-40GB, 35975, 40960, 100, 128.94, 37
nid001041,2026/05/03 03:42:55.777, 2, GPU-84c053e0-dec1-a69a-0b40-fbf751d71b20, NVIDIA A100-SXM4-40GB, 35975, 40960, 100, 108.83, 36
nid001041,2026/05/03 03:42:55.779, 3, GPU-85487437-4cf7-3ceb-d2b0-5f2bed2d89cd, NVIDIA A100-SXM4-40GB, 37521, 40960, 100, 90.94, 34
nid001040,2026/05/03 03:42:58.777, 0, GPU-32e67c4f-7204-189f-8b65-2c274dd735a9, NVIDIA A100-SXM4-40GB, 34771, 40960, 0, 60.25, 31
nid001040,2026/05/03 03:42:58.779, 1, GPU-8861d14f-cf78-d18f-5009-dcf3f2d5ba6a, NVIDIA A100-SXM4-40GB, 34771, 40960, 0, 63.53, 30
nid001040,2026/05/03 03:42:58.781, 2, GPU-0c84e9ea-eb03-d0fd-94b6-c87fa7f2aa07, NVIDIA A100-SXM4-40GB, 0, 40960, 0, 50.11, 30
nid001040,2026/05/03 03:42:58.783, 3, GPU-324f8797-e49e-315a-bdaa-053d693f20df, NVIDIA A100-SXM4-40GB, 0, 40960, 0, 50.53, 29
nid001041,2026/05/03 03:42:59.776, 0, GPU-0ae16970-0c3a-bbe5-0e59-4168b3712b2a, NVIDIA A100-SXM4-40GB, 37289, 40960, 100, 93.11, 40
nid001041,2026/05/03 03:42:59.784, 1, GPU-41dedaa0-c8e2-c576-be36-87a6fa2949d6, NVIDIA A100-SXM4-40GB, 35975, 40960, 100, 92.35, 36
nid001041,2026/05/03 03:42:59.787, 2, GPU-84c053e0-dec1-a69a-0b40-fbf751d71b20, NVIDIA A100-SXM4-40GB, 35975, 40960, 100, 87.40, 36
nid001041,2026/05/03 03:42:59.788, 3, GPU-85487437-4cf7-3ceb-d2b0-5f2bed2d89cd, NVIDIA A100-SXM4-40GB, 37521, 40960, 100, 182.39, 34
nid001040,2026/05/03 03:43:02.840, 0, GPU-32e67c4f-7204-189f-8b65-2c274dd735a9, NVIDIA A100-SXM4-40GB, 34771, 40960, 0, 60.18, 31
nid001040,2026/05/03 03:43:02.841, 1, GPU-8861d14f-cf78-d18f-5009-dcf3f2d5ba6a, NVIDIA A100-SXM4-40GB, 34771, 40960, 0, 63.00, 30
nid001040,2026/05/03 03:43:02.843, 2, GPU-0c84e9ea-eb03-d0fd-94b6-c87fa7f2aa07, NVIDIA A100-SXM4-40GB, 0, 40960, 0, 50.11, 30
nid001040,2026/05/03 03:43:02.845, 3, GPU-324f8797-e49e-315a-bdaa-053d693f20df, NVIDIA A100-SXM4-40GB, 0, 40960, 0, 50.47, 29
nid001041,2026/05/03 03:43:03.757, 0, GPU-0ae16970-0c3a-bbe5-0e59-4168b3712b2a, NVIDIA A100-SXM4-40GB, 37289, 40960, 100, 149.04, 40
nid001041,2026/05/03 03:43:03.760, 1, GPU-41dedaa0-c8e2-c576-be36-87a6fa2949d6, NVIDIA A100-SXM4-40GB, 35975, 40960, 100, 188.60, 37
nid001041,2026/05/03 03:43:03.762, 2, GPU-84c053e0-dec1-a69a-0b40-fbf751d71b20, NVIDIA A100-SXM4-40GB, 35975, 40960, 100, 160.81, 36
nid001041,2026/05/03 03:43:03.770, 3, GPU-85487437-4cf7-3ceb-d2b0-5f2bed2d89cd, NVIDIA A100-SXM4-40GB, 37521, 40960, 100, 102.96, 34
nid001040,2026/05/03 03:43:06.753, 0, GPU-32e67c4f-7204-189f-8b65-2c274dd735a9, NVIDIA A100-SXM4-40GB, 34771, 40960, 0, 59.96, 31
nid001040,2026/05/03 03:43:06.754, 1, GPU-8861d14f-cf78-d18f-5009-dcf3f2d5ba6a, NVIDIA A100-SXM4-40GB, 34771, 40960, 0, 63.00, 30
nid001040,2026/05/03 03:43:06.756, 2, GPU-0c84e9ea-eb03-d0fd-94b6-c87fa7f2aa07, NVIDIA A100-SXM4-40GB, 0, 40960, 0, 50.35, 30
nid001040,2026/05/03 03:43:06.758, 3, GPU-324f8797-e49e-315a-bdaa-053d693f20df, NVIDIA A100-SXM4-40GB, 0, 40960, 0, 50.53, 29
nid001041,2026/05/03 03:43:07.676, 0, GPU-0ae16970-0c3a-bbe5-0e59-4168b3712b2a, NVIDIA A100-SXM4-40GB, 37289, 40960, 100, 92.86, 40
nid001041,2026/05/03 03:43:07.679, 1, GPU-41dedaa0-c8e2-c576-be36-87a6fa2949d6, NVIDIA A100-SXM4-40GB, 35975, 40960, 100, 105.64, 37
nid001041,2026/05/03 03:43:07.680, 2, GPU-84c053e0-dec1-a69a-0b40-fbf751d71b20, NVIDIA A100-SXM4-40GB, 35975, 40960, 100, 98.12, 36
nid001041,2026/05/03 03:43:07.683, 3, GPU-85487437-4cf7-3ceb-d2b0-5f2bed2d89cd, NVIDIA A100-SXM4-40GB, 37521, 40960, 100, 183.44, 34
nid001040,2026/05/03 03:43:10.734, 0, GPU-32e67c4f-7204-189f-8b65-2c274dd735a9, NVIDIA A100-SXM4-40GB, 34771, 40960, 0, 60.18, 31
nid001040,2026/05/03 03:43:10.737, 1, GPU-8861d14f-cf78-d18f-5009-dcf3f2d5ba6a, NVIDIA A100-SXM4-40GB, 34771, 40960, 0, 63.00, 29
nid001040,2026/05/03 03:43:10.738, 2, GPU-0c84e9ea-eb03-d0fd-94b6-c87fa7f2aa07, NVIDIA A100-SXM4-40GB, 0, 40960, 0, 50.35, 30
nid001040,2026/05/03 03:43:10.740, 3, GPU-324f8797-e49e-315a-bdaa-053d693f20df, NVIDIA A100-SXM4-40GB, 0, 40960, 0, 50.53, 29
nid001041,2026/05/03 03:43:11.743, 0, GPU-0ae16970-0c3a-bbe5-0e59-4168b3712b2a, NVIDIA A100-SXM4-40GB, 37289, 40960, 100, 160.33, 40
nid001041,2026/05/03 03:43:11.745, 1, GPU-41dedaa0-c8e2-c576-be36-87a6fa2949d6, NVIDIA A100-SXM4-40GB, 35975, 40960, 100, 90.58, 37
nid001041,2026/05/03 03:43:11.747, 2, GPU-84c053e0-dec1-a69a-0b40-fbf751d71b20, NVIDIA A100-SXM4-40GB, 35975, 40960, 100, 150.14, 36
nid001041,2026/05/03 03:43:11.750, 3, GPU-85487437-4cf7-3ceb-d2b0-5f2bed2d89cd, NVIDIA A100-SXM4-40GB, 37521, 40960, 100, 129.77, 34
nid001040,2026/05/03 03:43:14.810, 0, GPU-32e67c4f-7204-189f-8b65-2c274dd735a9, NVIDIA A100-SXM4-40GB, 34771, 40960, 0, 60.18, 31
nid001040,2026/05/03 03:43:14.812, 1, GPU-8861d14f-cf78-d18f-5009-dcf3f2d5ba6a, NVIDIA A100-SXM4-40GB, 34771, 40960, 0, 63.00, 29
nid001040,2026/05/03 03:43:14.814, 2, GPU-0c84e9ea-eb03-d0fd-94b6-c87fa7f2aa07, NVIDIA A100-SXM4-40GB, 0, 40960, 0, 50.11, 30
nid001040,2026/05/03 03:43:14.816, 3, GPU-324f8797-e49e-315a-bdaa-053d693f20df, NVIDIA A100-SXM4-40GB, 0, 40960, 0, 50.53, 29
nid001041,2026/05/03 03:43:15.781, 0, GPU-0ae16970-0c3a-bbe5-0e59-4168b3712b2a, NVIDIA A100-SXM4-40GB, 37289, 40960, 100, 135.22, 40
nid001041,2026/05/03 03:43:15.784, 1, GPU-41dedaa0-c8e2-c576-be36-87a6fa2949d6, NVIDIA A100-SXM4-40GB, 35975, 40960, 100, 157.02, 37
nid001041,2026/05/03 03:43:15.786, 2, GPU-84c053e0-dec1-a69a-0b40-fbf751d71b20, NVIDIA A100-SXM4-40GB, 35975, 40960, 100, 158.30, 36
nid001041,2026/05/03 03:43:15.787, 3, GPU-85487437-4cf7-3ceb-d2b0-5f2bed2d89cd, NVIDIA A100-SXM4-40GB, 37521, 40960, 100, 95.02, 34
nid001040,2026/05/03 03:43:18.762, 0, GPU-32e67c4f-7204-189f-8b65-2c274dd735a9, NVIDIA A100-SXM4-40GB, 34771, 40960, 0, 60.18, 31
nid001040,2026/05/03 03:43:18.764, 1, GPU-8861d14f-cf78-d18f-5009-dcf3f2d5ba6a, NVIDIA A100-SXM4-40GB, 34771, 40960, 0, 63.00, 30
nid001040,2026/05/03 03:43:18.771, 2, GPU-0c84e9ea-eb03-d0fd-94b6-c87fa7f2aa07, NVIDIA A100-SXM4-40GB, 0, 40960, 0, 50.35, 30
nid001040,2026/05/03 03:43:18.779, 3, GPU-324f8797-e49e-315a-bdaa-053d693f20df, NVIDIA A100-SXM4-40GB, 0, 40960, 0, 50.53, 29
nid001041,2026/05/03 03:43:19.851, 0, GPU-0ae16970-0c3a-bbe5-0e59-4168b3712b2a, NVIDIA A100-SXM4-40GB, 37289, 40960, 100, 167.12, 41
nid001041,2026/05/03 03:43:19.854, 1, GPU-41dedaa0-c8e2-c576-be36-87a6fa2949d6, NVIDIA A100-SXM4-40GB, 35975, 40960, 100, 161.56, 37
nid001041,2026/05/03 03:43:19.856, 2, GPU-84c053e0-dec1-a69a-0b40-fbf751d71b20, NVIDIA A100-SXM4-40GB, 35975, 40960, 100, 180.20, 36
nid001041,2026/05/03 03:43:19.859, 3, GPU-85487437-4cf7-3ceb-d2b0-5f2bed2d89cd, NVIDIA A100-SXM4-40GB, 37521, 40960, 100, 112.89, 34
nid001040,2026/05/03 03:43:22.839, 0, GPU-32e67c4f-7204-189f-8b65-2c274dd735a9, NVIDIA A100-SXM4-40GB, 34771, 40960, 0, 59.96, 31
nid001040,2026/05/03 03:43:22.841, 1, GPU-8861d14f-cf78-d18f-5009-dcf3f2d5ba6a, NVIDIA A100-SXM4-40GB, 34771, 40960, 0, 63.00, 30
nid001040,2026/05/03 03:43:22.843, 2, GPU-0c84e9ea-eb03-d0fd-94b6-c87fa7f2aa07, NVIDIA A100-SXM4-40GB, 0, 40960, 0, 50.11, 30
nid001040,2026/05/03 03:43:22.845, 3, GPU-324f8797-e49e-315a-bdaa-053d693f20df, NVIDIA A100-SXM4-40GB, 0, 40960, 0, 50.53, 29
nid001041,2026/05/03 03:43:23.769, 0, GPU-0ae16970-0c3a-bbe5-0e59-4168b3712b2a, NVIDIA A100-SXM4-40GB, 37289, 40960, 100, 89.83, 40
nid001041,2026/05/03 03:43:23.772, 1, GPU-41dedaa0-c8e2-c576-be36-87a6fa2949d6, NVIDIA A100-SXM4-40GB, 35975, 40960, 100, 104.59, 37
nid001041,2026/05/03 03:43:23.774, 2, GPU-84c053e0-dec1-a69a-0b40-fbf751d71b20, NVIDIA A100-SXM4-40GB, 35975, 40960, 100, 102.43, 36
nid001041,2026/05/03 03:43:23.776, 3, GPU-85487437-4cf7-3ceb-d2b0-5f2bed2d89cd, NVIDIA A100-SXM4-40GB, 37521, 40960, 100, 182.70, 35
nid001040,2026/05/03 03:43:26.742, 0, GPU-32e67c4f-7204-189f-8b65-2c274dd735a9, NVIDIA A100-SXM4-40GB, 34771, 40960, 0, 60.18, 31
nid001040,2026/05/03 03:43:26.744, 1, GPU-8861d14f-cf78-d18f-5009-dcf3f2d5ba6a, NVIDIA A100-SXM4-40GB, 34771, 40960, 0, 63.00, 30
nid001040,2026/05/03 03:43:26.746, 2, GPU-0c84e9ea-eb03-d0fd-94b6-c87fa7f2aa07, NVIDIA A100-SXM4-40GB, 0, 40960, 0, 50.35, 30
nid001040,2026/05/03 03:43:26.748, 3, GPU-324f8797-e49e-315a-bdaa-053d693f20df, NVIDIA A100-SXM4-40GB, 0, 40960, 0, 50.53, 29
nid001041,2026/05/03 03:43:27.723, 0, GPU-0ae16970-0c3a-bbe5-0e59-4168b3712b2a, NVIDIA A100-SXM4-40GB, 37289, 40960, 100, 149.51, 40
nid001041,2026/05/03 03:43:27.726, 1, GPU-41dedaa0-c8e2-c576-be36-87a6fa2949d6, NVIDIA A100-SXM4-40GB, 35975, 40960, 100, 191.68, 37
nid001041,2026/05/03 03:43:27.727, 2, GPU-84c053e0-dec1-a69a-0b40-fbf751d71b20, NVIDIA A100-SXM4-40GB, 35975, 40960, 100, 197.04, 36
nid001041,2026/05/03 03:43:27.730, 3, GPU-85487437-4cf7-3ceb-d2b0-5f2bed2d89cd, NVIDIA A100-SXM4-40GB, 37521, 40960, 100, 100.63, 34
nid001040,2026/05/03 03:43:30.897, 0, GPU-32e67c4f-7204-189f-8b65-2c274dd735a9, NVIDIA A100-SXM4-40GB, 34771, 40960, 0, 60.25, 31
nid001040,2026/05/03 03:43:30.900, 1, GPU-8861d14f-cf78-d18f-5009-dcf3f2d5ba6a, NVIDIA A100-SXM4-40GB, 34771, 40960, 0, 63.00, 30
nid001040,2026/05/03 03:43:30.901, 2, GPU-0c84e9ea-eb03-d0fd-94b6-c87fa7f2aa07, NVIDIA A100-SXM4-40GB, 0, 40960, 0, 50.11, 30
nid001040,2026/05/03 03:43:30.903, 3, GPU-324f8797-e49e-315a-bdaa-053d693f20df, NVIDIA A100-SXM4-40GB, 0, 40960, 0, 50.53, 29
nid001041,2026/05/03 03:43:31.867, 0, GPU-0ae16970-0c3a-bbe5-0e59-4168b3712b2a, NVIDIA A100-SXM4-40GB, 37289, 40960, 100, 91.87, 40
nid001041,2026/05/03 03:43:31.870, 1, GPU-41dedaa0-c8e2-c576-be36-87a6fa2949d6, NVIDIA A100-SXM4-40GB, 35975, 40960, 100, 109.72, 37
nid001041,2026/05/03 03:43:31.872, 2, GPU-84c053e0-dec1-a69a-0b40-fbf751d71b20, NVIDIA A100-SXM4-40GB, 35975, 40960, 100, 107.79, 36
nid001041,2026/05/03 03:43:31.874, 3, GPU-85487437-4cf7-3ceb-d2b0-5f2bed2d89cd, NVIDIA A100-SXM4-40GB, 37521, 40960, 100, 169.65, 34
nid001040,2026/05/03 03:43:34.902, 0, GPU-32e67c4f-7204-189f-8b65-2c274dd735a9, NVIDIA A100-SXM4-40GB, 34771, 40960, 0, 59.89, 31
nid001040,2026/05/03 03:43:34.904, 1, GPU-8861d14f-cf78-d18f-5009-dcf3f2d5ba6a, NVIDIA A100-SXM4-40GB, 34771, 40960, 0, 63.00, 30
nid001040,2026/05/03 03:43:34.905, 2, GPU-0c84e9ea-eb03-d0fd-94b6-c87fa7f2aa07, NVIDIA A100-SXM4-40GB, 0, 40960, 0, 50.35, 30
nid001040,2026/05/03 03:43:34.907, 3, GPU-324f8797-e49e-315a-bdaa-053d693f20df, NVIDIA A100-SXM4-40GB, 0, 40960, 0, 50.53, 29
nid001041,2026/05/03 03:43:35.926, 0, GPU-0ae16970-0c3a-bbe5-0e59-4168b3712b2a, NVIDIA A100-SXM4-40GB, 37289, 40960, 100, 174.81, 40
nid001041,2026/05/03 03:43:35.930, 1, GPU-41dedaa0-c8e2-c576-be36-87a6fa2949d6, NVIDIA A100-SXM4-40GB, 35975, 40960, 100, 120.55, 37
nid001041,2026/05/03 03:43:35.931, 2, GPU-84c053e0-dec1-a69a-0b40-fbf751d71b20, NVIDIA A100-SXM4-40GB, 35975, 40960, 100, 177.64, 36
nid001041,2026/05/03 03:43:35.933, 3, GPU-85487437-4cf7-3ceb-d2b0-5f2bed2d89cd, NVIDIA A100-SXM4-40GB, 37521, 40960, 100, 111.14, 34
nid001040,2026/05/03 03:43:39.104, 0, GPU-32e67c4f-7204-189f-8b65-2c274dd735a9, NVIDIA A100-SXM4-40GB, 34771, 40960, 0, 59.65, 31
nid001040,2026/05/03 03:43:39.106, 1, GPU-8861d14f-cf78-d18f-5009-dcf3f2d5ba6a, NVIDIA A100-SXM4-40GB, 34771, 40960, 0, 63.00, 30
nid001040,2026/05/03 03:43:39.108, 2, GPU-0c84e9ea-eb03-d0fd-94b6-c87fa7f2aa07, NVIDIA A100-SXM4-40GB, 0, 40960, 0, 50.11, 30
nid001040,2026/05/03 03:43:39.110, 3, GPU-324f8797-e49e-315a-bdaa-053d693f20df, NVIDIA A100-SXM4-40GB, 0, 40960, 0, 50.53, 29
nid001041,2026/05/03 03:43:40.017, 0, GPU-0ae16970-0c3a-bbe5-0e59-4168b3712b2a, NVIDIA A100-SXM4-40GB, 37289, 40960, 100, 100.28, 40
nid001041,2026/05/03 03:43:40.020, 1, GPU-41dedaa0-c8e2-c576-be36-87a6fa2949d6, NVIDIA A100-SXM4-40GB, 35975, 40960, 100, 133.30, 37
nid001041,2026/05/03 03:43:40.021, 2, GPU-84c053e0-dec1-a69a-0b40-fbf751d71b20, NVIDIA A100-SXM4-40GB, 35975, 40960, 100, 115.19, 35
nid001041,2026/05/03 03:43:40.023, 3, GPU-85487437-4cf7-3ceb-d2b0-5f2bed2d89cd, NVIDIA A100-SXM4-40GB, 37521, 40960, 100, 113.42, 34
nid001040,2026/05/03 03:43:43.005, 0, GPU-32e67c4f-7204-189f-8b65-2c274dd735a9, NVIDIA A100-SXM4-40GB, 34771, 40960, 0, 60.25, 31
nid001040,2026/05/03 03:43:43.007, 1, GPU-8861d14f-cf78-d18f-5009-dcf3f2d5ba6a, NVIDIA A100-SXM4-40GB, 34771, 40960, 0, 63.00, 30
nid001040,2026/05/03 03:43:43.009, 2, GPU-0c84e9ea-eb03-d0fd-94b6-c87fa7f2aa07, NVIDIA A100-SXM4-40GB, 0, 40960, 0, 50.35, 30
nid001040,2026/05/03 03:43:43.011, 3, GPU-324f8797-e49e-315a-bdaa-053d693f20df, NVIDIA A100-SXM4-40GB, 0, 40960, 0, 50.47, 29
nid001041,2026/05/03 03:43:44.043, 0, GPU-0ae16970-0c3a-bbe5-0e59-4168b3712b2a, NVIDIA A100-SXM4-40GB, 37289, 40960, 100, 195.99, 40
nid001041,2026/05/03 03:43:44.045, 1, GPU-41dedaa0-c8e2-c576-be36-87a6fa2949d6, NVIDIA A100-SXM4-40GB, 35975, 40960, 100, 92.75, 37
nid001041,2026/05/03 03:43:44.047, 2, GPU-84c053e0-dec1-a69a-0b40-fbf751d71b20, NVIDIA A100-SXM4-40GB, 35975, 40960, 100, 115.47, 35
nid001041,2026/05/03 03:43:44.049, 3, GPU-85487437-4cf7-3ceb-d2b0-5f2bed2d89cd, NVIDIA A100-SXM4-40GB, 37521, 40960, 100, 142.91, 34
nid001040,2026/05/03 03:43:47.080, 0, GPU-32e67c4f-7204-189f-8b65-2c274dd735a9, NVIDIA A100-SXM4-40GB, 34771, 40960, 0, 59.96, 31
nid001040,2026/05/03 03:43:47.082, 1, GPU-8861d14f-cf78-d18f-5009-dcf3f2d5ba6a, NVIDIA A100-SXM4-40GB, 34771, 40960, 0, 63.00, 30
nid001040,2026/05/03 03:43:47.083, 2, GPU-0c84e9ea-eb03-d0fd-94b6-c87fa7f2aa07, NVIDIA A100-SXM4-40GB, 0, 40960, 0, 50.35, 30
nid001040,2026/05/03 03:43:47.098, 3, GPU-324f8797-e49e-315a-bdaa-053d693f20df, NVIDIA A100-SXM4-40GB, 0, 40960, 0, 50.53, 29
nid001041,2026/05/03 03:43:48.040, 0, GPU-0ae16970-0c3a-bbe5-0e59-4168b3712b2a, NVIDIA A100-SXM4-40GB, 37289, 40960, 100, 110.72, 40
nid001041,2026/05/03 03:43:48.043, 1, GPU-41dedaa0-c8e2-c576-be36-87a6fa2949d6, NVIDIA A100-SXM4-40GB, 35975, 40960, 100, 187.08, 37
nid001041,2026/05/03 03:43:48.045, 2, GPU-84c053e0-dec1-a69a-0b40-fbf751d71b20, NVIDIA A100-SXM4-40GB, 35975, 40960, 100, 139.13, 36
nid001041,2026/05/03 03:43:48.047, 3, GPU-85487437-4cf7-3ceb-d2b0-5f2bed2d89cd, NVIDIA A100-SXM4-40GB, 37521, 40960, 100, 93.74, 34
nid001040,2026/05/03 03:43:51.067, 0, GPU-32e67c4f-7204-189f-8b65-2c274dd735a9, NVIDIA A100-SXM4-40GB, 34771, 40960, 0, 59.89, 31
nid001040,2026/05/03 03:43:51.069, 1, GPU-8861d14f-cf78-d18f-5009-dcf3f2d5ba6a, NVIDIA A100-SXM4-40GB, 34771, 40960, 0, 63.00, 30
nid001040,2026/05/03 03:43:51.073, 2, GPU-0c84e9ea-eb03-d0fd-94b6-c87fa7f2aa07, NVIDIA A100-SXM4-40GB, 0, 40960, 0, 50.35, 30
nid001040,2026/05/03 03:43:51.075, 3, GPU-324f8797-e49e-315a-bdaa-053d693f20df, NVIDIA A100-SXM4-40GB, 0, 40960, 0, 50.53, 29
nid001041,2026/05/03 03:43:52.122, 0, GPU-0ae16970-0c3a-bbe5-0e59-4168b3712b2a, NVIDIA A100-SXM4-40GB, 37289, 40960, 100, 89.02, 40
nid001041,2026/05/03 03:43:52.124, 1, GPU-41dedaa0-c8e2-c576-be36-87a6fa2949d6, NVIDIA A100-SXM4-40GB, 35975, 40960, 100, 105.51, 36
nid001041,2026/05/03 03:43:52.126, 2, GPU-84c053e0-dec1-a69a-0b40-fbf751d71b20, NVIDIA A100-SXM4-40GB, 35975, 40960, 100, 95.56, 36
nid001041,2026/05/03 03:43:52.128, 3, GPU-85487437-4cf7-3ceb-d2b0-5f2bed2d89cd, NVIDIA A100-SXM4-40GB, 37521, 40960, 100, 203.63, 34
nid001040,2026/05/03 03:43:55.281, 0, GPU-32e67c4f-7204-189f-8b65-2c274dd735a9, NVIDIA A100-SXM4-40GB, 34771, 40960, 0, 60.25, 31
nid001040,2026/05/03 03:43:55.283, 1, GPU-8861d14f-cf78-d18f-5009-dcf3f2d5ba6a, NVIDIA A100-SXM4-40GB, 34771, 40960, 0, 63.08, 30
nid001040,2026/05/03 03:43:55.285, 2, GPU-0c84e9ea-eb03-d0fd-94b6-c87fa7f2aa07, NVIDIA A100-SXM4-40GB, 0, 40960, 0, 50.41, 30
nid001040,2026/05/03 03:43:55.295, 3, GPU-324f8797-e49e-315a-bdaa-053d693f20df, NVIDIA A100-SXM4-40GB, 0, 40960, 0, 50.59, 29
nid001041,2026/05/03 03:43:56.261, 0, GPU-0ae16970-0c3a-bbe5-0e59-4168b3712b2a, NVIDIA A100-SXM4-40GB, 37289, 40960, 100, 156.44, 40
nid001041,2026/05/03 03:43:56.264, 1, GPU-41dedaa0-c8e2-c576-be36-87a6fa2949d6, NVIDIA A100-SXM4-40GB, 35975, 40960, 100, 88.92, 37
nid001041,2026/05/03 03:43:56.266, 2, GPU-84c053e0-dec1-a69a-0b40-fbf751d71b20, NVIDIA A100-SXM4-40GB, 35975, 40960, 100, 150.61, 36
nid001041,2026/05/03 03:43:56.268, 3, GPU-85487437-4cf7-3ceb-d2b0-5f2bed2d89cd, NVIDIA A100-SXM4-40GB, 37521, 40960, 100, 114.94, 34
nid001040,2026/05/03 03:43:59.256, 0, GPU-32e67c4f-7204-189f-8b65-2c274dd735a9, NVIDIA A100-SXM4-40GB, 34771, 40960, 0, 59.89, 31
nid001040,2026/05/03 03:43:59.258, 1, GPU-8861d14f-cf78-d18f-5009-dcf3f2d5ba6a, NVIDIA A100-SXM4-40GB, 34771, 40960, 0, 63.00, 30
nid001040,2026/05/03 03:43:59.260, 2, GPU-0c84e9ea-eb03-d0fd-94b6-c87fa7f2aa07, NVIDIA A100-SXM4-40GB, 0, 40960, 0, 50.35, 30
nid001040,2026/05/03 03:43:59.262, 3, GPU-324f8797-e49e-315a-bdaa-053d693f20df, NVIDIA A100-SXM4-40GB, 0, 40960, 0, 50.53, 29
nid001041,2026/05/03 03:44:00.192, 0, GPU-0ae16970-0c3a-bbe5-0e59-4168b3712b2a, NVIDIA A100-SXM4-40GB, 37289, 40960, 100, 98.47, 40
nid001041,2026/05/03 03:44:00.195, 1, GPU-41dedaa0-c8e2-c576-be36-87a6fa2949d6, NVIDIA A100-SXM4-40GB, 35975, 40960, 100, 151.14, 37
nid001041,2026/05/03 03:44:00.196, 2, GPU-84c053e0-dec1-a69a-0b40-fbf751d71b20, NVIDIA A100-SXM4-40GB, 35975, 40960, 100, 126.43, 36
nid001041,2026/05/03 03:44:00.198, 3, GPU-85487437-4cf7-3ceb-d2b0-5f2bed2d89cd, NVIDIA A100-SXM4-40GB, 37521, 40960, 100, 117.79, 35
nid001040,2026/05/03 03:44:03.164, 0, GPU-32e67c4f-7204-189f-8b65-2c274dd735a9, NVIDIA A100-SXM4-40GB, 34771, 40960, 0, 60.25, 31
nid001040,2026/05/03 03:44:03.166, 1, GPU-8861d14f-cf78-d18f-5009-dcf3f2d5ba6a, NVIDIA A100-SXM4-40GB, 34771, 40960, 0, 63.00, 30
nid001040,2026/05/03 03:44:03.168, 2, GPU-0c84e9ea-eb03-d0fd-94b6-c87fa7f2aa07, NVIDIA A100-SXM4-40GB, 0, 40960, 0, 50.11, 30
nid001040,2026/05/03 03:44:03.170, 3, GPU-324f8797-e49e-315a-bdaa-053d693f20df, NVIDIA A100-SXM4-40GB, 0, 40960, 0, 50.53, 29
nid001041,2026/05/03 03:44:04.184, 0, GPU-0ae16970-0c3a-bbe5-0e59-4168b3712b2a, NVIDIA A100-SXM4-40GB, 37289, 40960, 100, 156.44, 40
nid001041,2026/05/03 03:44:04.187, 1, GPU-41dedaa0-c8e2-c576-be36-87a6fa2949d6, NVIDIA A100-SXM4-40GB, 35975, 40960, 100, 98.23, 37
nid001041,2026/05/03 03:44:04.189, 2, GPU-84c053e0-dec1-a69a-0b40-fbf751d71b20, NVIDIA A100-SXM4-40GB, 35975, 40960, 100, 92.75, 36
nid001041,2026/05/03 03:44:04.190, 3, GPU-85487437-4cf7-3ceb-d2b0-5f2bed2d89cd, NVIDIA A100-SXM4-40GB, 37521, 40960, 100, 154.82, 34
nid001040,2026/05/03 03:44:07.342, 0, GPU-32e67c4f-7204-189f-8b65-2c274dd735a9, NVIDIA A100-SXM4-40GB, 34771, 40960, 0, 59.96, 31
nid001040,2026/05/03 03:44:07.345, 1, GPU-8861d14f-cf78-d18f-5009-dcf3f2d5ba6a, NVIDIA A100-SXM4-40GB, 34771, 40960, 0, 63.00, 30
nid001040,2026/05/03 03:44:07.346, 2, GPU-0c84e9ea-eb03-d0fd-94b6-c87fa7f2aa07, NVIDIA A100-SXM4-40GB, 0, 40960, 0, 50.35, 30
nid001040,2026/05/03 03:44:07.348, 3, GPU-324f8797-e49e-315a-bdaa-053d693f20df, NVIDIA A100-SXM4-40GB, 0, 40960, 0, 50.53, 29
nid001041,2026/05/03 03:44:08.249, 0, GPU-0ae16970-0c3a-bbe5-0e59-4168b3712b2a, NVIDIA A100-SXM4-40GB, 37289, 40960, 100, 142.62, 40
nid001041,2026/05/03 03:44:08.253, 1, GPU-41dedaa0-c8e2-c576-be36-87a6fa2949d6, NVIDIA A100-SXM4-40GB, 35975, 40960, 100, 107.44, 37
nid001041,2026/05/03 03:44:08.255, 2, GPU-84c053e0-dec1-a69a-0b40-fbf751d71b20, NVIDIA A100-SXM4-40GB, 35975, 40960, 100, 167.21, 36
nid001041,2026/05/03 03:44:08.256, 3, GPU-85487437-4cf7-3ceb-d2b0-5f2bed2d89cd, NVIDIA A100-SXM4-40GB, 37521, 40960, 100, 101.92, 34
nid001040,2026/05/03 03:44:11.234, 0, GPU-32e67c4f-7204-189f-8b65-2c274dd735a9, NVIDIA A100-SXM4-40GB, 34771, 40960, 0, 59.89, 31
nid001040,2026/05/03 03:44:11.236, 1, GPU-8861d14f-cf78-d18f-5009-dcf3f2d5ba6a, NVIDIA A100-SXM4-40GB, 34771, 40960, 0, 63.00, 30
nid001040,2026/05/03 03:44:11.238, 2, GPU-0c84e9ea-eb03-d0fd-94b6-c87fa7f2aa07, NVIDIA A100-SXM4-40GB, 0, 40960, 0, 50.11, 30
nid001040,2026/05/03 03:44:11.240, 3, GPU-324f8797-e49e-315a-bdaa-053d693f20df, NVIDIA A100-SXM4-40GB, 0, 40960, 0, 50.53, 29
nid001041,2026/05/03 03:44:12.285, 0, GPU-0ae16970-0c3a-bbe5-0e59-4168b3712b2a, NVIDIA A100-SXM4-40GB, 37613, 40960, 100, 107.92, 41
nid001041,2026/05/03 03:44:12.289, 1, GPU-41dedaa0-c8e2-c576-be36-87a6fa2949d6, NVIDIA A100-SXM4-40GB, 36191, 40960, 100, 189.64, 37
nid001041,2026/05/03 03:44:12.291, 2, GPU-84c053e0-dec1-a69a-0b40-fbf751d71b20, NVIDIA A100-SXM4-40GB, 36191, 40960, 100, 180.44, 37
nid001041,2026/05/03 03:44:12.293, 3, GPU-85487437-4cf7-3ceb-d2b0-5f2bed2d89cd, NVIDIA A100-SXM4-40GB, 37737, 40960, 100, 98.47, 36
nid001040,2026/05/03 03:44:15.371, 0, GPU-32e67c4f-7204-189f-8b65-2c274dd735a9, NVIDIA A100-SXM4-40GB, 34771, 40960, 0, 60.18, 31
nid001040,2026/05/03 03:44:15.373, 1, GPU-8861d14f-cf78-d18f-5009-dcf3f2d5ba6a, NVIDIA A100-SXM4-40GB, 34771, 40960, 0, 63.00, 30
nid001040,2026/05/03 03:44:15.376, 2, GPU-0c84e9ea-eb03-d0fd-94b6-c87fa7f2aa07, NVIDIA A100-SXM4-40GB, 0, 40960, 0, 50.35, 30
nid001040,2026/05/03 03:44:15.378, 3, GPU-324f8797-e49e-315a-bdaa-053d693f20df, NVIDIA A100-SXM4-40GB, 0, 40960, 0, 50.53, 29
nid001041,2026/05/03 03:44:16.411, 0, GPU-0ae16970-0c3a-bbe5-0e59-4168b3712b2a, NVIDIA A100-SXM4-40GB, 37613, 40960, 100, 138.31, 41
nid001041,2026/05/03 03:44:16.415, 1, GPU-41dedaa0-c8e2-c576-be36-87a6fa2949d6, NVIDIA A100-SXM4-40GB, 36191, 40960, 100, 104.23, 37
nid001041,2026/05/03 03:44:16.417, 2, GPU-84c053e0-dec1-a69a-0b40-fbf751d71b20, NVIDIA A100-SXM4-40GB, 36191, 40960, 100, 98.12, 36
nid001041,2026/05/03 03:44:16.420, 3, GPU-85487437-4cf7-3ceb-d2b0-5f2bed2d89cd, NVIDIA A100-SXM4-40GB, 37737, 40960, 100, 170.45, 34
nid001040,2026/05/03 03:44:19.384, 0, GPU-32e67c4f-7204-189f-8b65-2c274dd735a9, NVIDIA A100-SXM4-40GB, 34771, 40960, 0, 60.25, 31
nid001040,2026/05/03 03:44:19.386, 1, GPU-8861d14f-cf78-d18f-5009-dcf3f2d5ba6a, NVIDIA A100-SXM4-40GB, 34771, 40960, 0, 63.00, 30
nid001040,2026/05/03 03:44:19.388, 2, GPU-0c84e9ea-eb03-d0fd-94b6-c87fa7f2aa07, NVIDIA A100-SXM4-40GB, 0, 40960, 0, 50.11, 30
nid001040,2026/05/03 03:44:19.390, 3, GPU-324f8797-e49e-315a-bdaa-053d693f20df, NVIDIA A100-SXM4-40GB, 0, 40960, 0, 50.53, 29
nid001041,2026/05/03 03:44:20.302, 0, GPU-0ae16970-0c3a-bbe5-0e59-4168b3712b2a, NVIDIA A100-SXM4-40GB, 37613, 40960, 100, 98.00, 40
nid001041,2026/05/03 03:44:20.306, 1, GPU-41dedaa0-c8e2-c576-be36-87a6fa2949d6, NVIDIA A100-SXM4-40GB, 36191, 40960, 100, 184.52, 37
nid001041,2026/05/03 03:44:20.318, 2, GPU-84c053e0-dec1-a69a-0b40-fbf751d71b20, NVIDIA A100-SXM4-40GB, 36191, 40960, 100, 151.89, 36
nid001041,2026/05/03 03:44:20.320, 3, GPU-85487437-4cf7-3ceb-d2b0-5f2bed2d89cd, NVIDIA A100-SXM4-40GB, 37737, 40960, 100, 94.26, 34
nid001040,2026/05/03 03:44:23.283, 0, GPU-32e67c4f-7204-189f-8b65-2c274dd735a9, NVIDIA A100-SXM4-40GB, 34771, 40960, 0, 59.89, 31
nid001040,2026/05/03 03:44:23.285, 1, GPU-8861d14f-cf78-d18f-5009-dcf3f2d5ba6a, NVIDIA A100-SXM4-40GB, 34771, 40960, 0, 63.00, 30
nid001040,2026/05/03 03:44:23.287, 2, GPU-0c84e9ea-eb03-d0fd-94b6-c87fa7f2aa07, NVIDIA A100-SXM4-40GB, 0, 40960, 0, 50.35, 30
nid001040,2026/05/03 03:44:23.289, 3, GPU-324f8797-e49e-315a-bdaa-053d693f20df, NVIDIA A100-SXM4-40GB, 0, 40960, 0, 50.53, 29
nid001041,2026/05/03 03:44:24.203, 0, GPU-0ae16970-0c3a-bbe5-0e59-4168b3712b2a, NVIDIA A100-SXM4-40GB, 37613, 40960, 100, 201.87, 41
nid001041,2026/05/03 03:44:24.205, 1, GPU-41dedaa0-c8e2-c576-be36-87a6fa2949d6, NVIDIA A100-SXM4-40GB, 36191, 40960, 100, 106.16, 37
nid001041,2026/05/03 03:44:24.211, 2, GPU-84c053e0-dec1-a69a-0b40-fbf751d71b20, NVIDIA A100-SXM4-40GB, 36191, 40960, 100, 95.31, 36
nid001041,2026/05/03 03:44:24.212, 3, GPU-85487437-4cf7-3ceb-d2b0-5f2bed2d89cd, NVIDIA A100-SXM4-40GB, 37737, 40960, 100, 167.88, 35
nid001040,2026/05/03 03:44:27.173, 0, GPU-32e67c4f-7204-189f-8b65-2c274dd735a9, NVIDIA A100-SXM4-40GB, 34771, 40960, 0, 59.72, 31
nid001040,2026/05/03 03:44:27.175, 1, GPU-8861d14f-cf78-d18f-5009-dcf3f2d5ba6a, NVIDIA A100-SXM4-40GB, 34771, 40960, 0, 63.53, 30
nid001040,2026/05/03 03:44:27.177, 2, GPU-0c84e9ea-eb03-d0fd-94b6-c87fa7f2aa07, NVIDIA A100-SXM4-40GB, 0, 40960, 0, 50.11, 30
nid001040,2026/05/03 03:44:27.179, 3, GPU-324f8797-e49e-315a-bdaa-053d693f20df, NVIDIA A100-SXM4-40GB, 0, 40960, 0, 50.53, 29
nid001041,2026/05/03 03:44:28.085, 0, GPU-0ae16970-0c3a-bbe5-0e59-4168b3712b2a, NVIDIA A100-SXM4-40GB, 37613, 40960, 100, 107.44, 40
nid001041,2026/05/03 03:44:28.088, 1, GPU-41dedaa0-c8e2-c576-be36-87a6fa2949d6, NVIDIA A100-SXM4-40GB, 36191, 40960, 100, 193.20, 37
nid001041,2026/05/03 03:44:28.091, 2, GPU-84c053e0-dec1-a69a-0b40-fbf751d71b20, NVIDIA A100-SXM4-40GB, 36191, 40960, 100, 192.96, 36
nid001041,2026/05/03 03:44:28.093, 3, GPU-85487437-4cf7-3ceb-d2b0-5f2bed2d89cd, NVIDIA A100-SXM4-40GB, 37737, 40960, 100, 97.35, 34
nid001040,2026/05/03 03:44:31.082, 0, GPU-32e67c4f-7204-189f-8b65-2c274dd735a9, NVIDIA A100-SXM4-40GB, 34771, 40960, 0, 60.18, 31
nid001040,2026/05/03 03:44:31.084, 1, GPU-8861d14f-cf78-d18f-5009-dcf3f2d5ba6a, NVIDIA A100-SXM4-40GB, 34771, 40960, 0, 63.00, 30
nid001040,2026/05/03 03:44:31.086, 2, GPU-0c84e9ea-eb03-d0fd-94b6-c87fa7f2aa07, NVIDIA A100-SXM4-40GB, 0, 40960, 0, 50.35, 30
nid001040,2026/05/03 03:44:31.088, 3, GPU-324f8797-e49e-315a-bdaa-053d693f20df, NVIDIA A100-SXM4-40GB, 0, 40960, 0, 50.53, 29
nid001041,2026/05/03 03:44:31.990, 0, GPU-0ae16970-0c3a-bbe5-0e59-4168b3712b2a, NVIDIA A100-SXM4-40GB, 37613, 40960, 100, 129.90, 40
nid001041,2026/05/03 03:44:31.994, 1, GPU-41dedaa0-c8e2-c576-be36-87a6fa2949d6, NVIDIA A100-SXM4-40GB, 36191, 40960, 100, 121.83, 37
nid001041,2026/05/03 03:44:31.996, 2, GPU-84c053e0-dec1-a69a-0b40-fbf751d71b20, NVIDIA A100-SXM4-40GB, 36191, 40960, 100, 107.79, 36
nid001041,2026/05/03 03:44:31.998, 3, GPU-85487437-4cf7-3ceb-d2b0-5f2bed2d89cd, NVIDIA A100-SXM4-40GB, 37737, 40960, 100, 192.38, 34
nid001040,2026/05/03 03:44:34.953, 0, GPU-32e67c4f-7204-189f-8b65-2c274dd735a9, NVIDIA A100-SXM4-40GB, 34771, 40960, 0, 59.96, 31
nid001040,2026/05/03 03:44:34.961, 1, GPU-8861d14f-cf78-d18f-5009-dcf3f2d5ba6a, NVIDIA A100-SXM4-40GB, 34771, 40960, 0, 63.00, 30
nid001040,2026/05/03 03:44:34.963, 2, GPU-0c84e9ea-eb03-d0fd-94b6-c87fa7f2aa07, NVIDIA A100-SXM4-40GB, 0, 40960, 0, 50.35, 30
nid001040,2026/05/03 03:44:34.965, 3, GPU-324f8797-e49e-315a-bdaa-053d693f20df, NVIDIA A100-SXM4-40GB, 0, 40960, 0, 50.53, 29
nid001041,2026/05/03 03:44:35.893, 0, GPU-0ae16970-0c3a-bbe5-0e59-4168b3712b2a, NVIDIA A100-SXM4-40GB, 37613, 40960, 100, 189.35, 41
nid001041,2026/05/03 03:44:35.896, 1, GPU-41dedaa0-c8e2-c576-be36-87a6fa2949d6, NVIDIA A100-SXM4-40GB, 36191, 40960, 100, 95.95, 37
nid001041,2026/05/03 03:44:35.898, 2, GPU-84c053e0-dec1-a69a-0b40-fbf751d71b20, NVIDIA A100-SXM4-40GB, 36191, 40960, 100, 92.86, 36
nid001041,2026/05/03 03:44:35.899, 3, GPU-85487437-4cf7-3ceb-d2b0-5f2bed2d89cd, NVIDIA A100-SXM4-40GB, 37737, 40960, 100, 141.10, 35
nid001040,2026/05/03 03:44:38.895, 0, GPU-32e67c4f-7204-189f-8b65-2c274dd735a9, NVIDIA A100-SXM4-40GB, 34771, 40960, 0, 59.89, 31
nid001040,2026/05/03 03:44:38.897, 1, GPU-8861d14f-cf78-d18f-5009-dcf3f2d5ba6a, NVIDIA A100-SXM4-40GB, 34771, 40960, 0, 63.00, 30
nid001040,2026/05/03 03:44:38.898, 2, GPU-0c84e9ea-eb03-d0fd-94b6-c87fa7f2aa07, NVIDIA A100-SXM4-40GB, 0, 40960, 0, 50.11, 30
nid001040,2026/05/03 03:44:38.900, 3, GPU-324f8797-e49e-315a-bdaa-053d693f20df, NVIDIA A100-SXM4-40GB, 0, 40960, 0, 50.53, 29
nid001041,2026/05/03 03:44:39.840, 0, GPU-0ae16970-0c3a-bbe5-0e59-4168b3712b2a, NVIDIA A100-SXM4-40GB, 37613, 40960, 100, 157.02, 40
nid001041,2026/05/03 03:44:39.843, 1, GPU-41dedaa0-c8e2-c576-be36-87a6fa2949d6, NVIDIA A100-SXM4-40GB, 36191, 40960, 100, 91.87, 37
nid001041,2026/05/03 03:44:39.846, 2, GPU-84c053e0-dec1-a69a-0b40-fbf751d71b20, NVIDIA A100-SXM4-40GB, 36191, 40960, 100, 147.29, 36
nid001041,2026/05/03 03:44:39.848, 3, GPU-85487437-4cf7-3ceb-d2b0-5f2bed2d89cd, NVIDIA A100-SXM4-40GB, 37737, 40960, 100, 102.96, 34
nid001040,2026/05/03 03:44:42.862, 0, GPU-32e67c4f-7204-189f-8b65-2c274dd735a9, NVIDIA A100-SXM4-40GB, 34771, 40960, 0, 59.72, 31
nid001040,2026/05/03 03:44:42.864, 1, GPU-8861d14f-cf78-d18f-5009-dcf3f2d5ba6a, NVIDIA A100-SXM4-40GB, 34771, 40960, 0, 63.00, 30
nid001040,2026/05/03 03:44:42.866, 2, GPU-0c84e9ea-eb03-d0fd-94b6-c87fa7f2aa07, NVIDIA A100-SXM4-40GB, 0, 40960, 0, 50.35, 30
nid001040,2026/05/03 03:44:42.868, 3, GPU-324f8797-e49e-315a-bdaa-053d693f20df, NVIDIA A100-SXM4-40GB, 0, 40960, 0, 50.47, 29
nid001041,2026/05/03 03:44:43.791, 0, GPU-0ae16970-0c3a-bbe5-0e59-4168b3712b2a, NVIDIA A100-SXM4-40GB, 37613, 40960, 100, 113.81, 40
nid001041,2026/05/03 03:44:43.794, 1, GPU-41dedaa0-c8e2-c576-be36-87a6fa2949d6, NVIDIA A100-SXM4-40GB, 36191, 40960, 100, 142.22, 37
nid001041,2026/05/03 03:44:43.796, 2, GPU-84c053e0-dec1-a69a-0b40-fbf751d71b20, NVIDIA A100-SXM4-40GB, 36191, 40960, 100, 193.96, 36
nid001041,2026/05/03 03:44:43.798, 3, GPU-85487437-4cf7-3ceb-d2b0-5f2bed2d89cd, NVIDIA A100-SXM4-40GB, 37737, 40960, 100, 100.15, 34
nid001040,2026/05/03 03:44:46.750, 0, GPU-32e67c4f-7204-189f-8b65-2c274dd735a9, NVIDIA A100-SXM4-40GB, 34771, 40960, 0, 59.89, 31
nid001040,2026/05/03 03:44:46.752, 1, GPU-8861d14f-cf78-d18f-5009-dcf3f2d5ba6a, NVIDIA A100-SXM4-40GB, 34771, 40960, 0, 63.00, 30
nid001040,2026/05/03 03:44:46.754, 2, GPU-0c84e9ea-eb03-d0fd-94b6-c87fa7f2aa07, NVIDIA A100-SXM4-40GB, 0, 40960, 0, 50.35, 30
nid001040,2026/05/03 03:44:46.756, 3, GPU-324f8797-e49e-315a-bdaa-053d693f20df, NVIDIA A100-SXM4-40GB, 0, 40960, 0, 50.53, 29
nid001041,2026/05/03 03:44:47.705, 0, GPU-0ae16970-0c3a-bbe5-0e59-4168b3712b2a, NVIDIA A100-SXM4-40GB, 37613, 40960, 100, 118.13, 40
nid001041,2026/05/03 03:44:47.708, 1, GPU-41dedaa0-c8e2-c576-be36-87a6fa2949d6, NVIDIA A100-SXM4-40GB, 36191, 40960, 100, 90.96, 37
nid001041,2026/05/03 03:44:47.718, 2, GPU-84c053e0-dec1-a69a-0b40-fbf751d71b20, NVIDIA A100-SXM4-40GB, 36191, 40960, 100, 203.63, 36
nid001041,2026/05/03 03:44:47.721, 3, GPU-85487437-4cf7-3ceb-d2b0-5f2bed2d89cd, NVIDIA A100-SXM4-40GB, 37737, 40960, 100, 101.15, 34
nid001040,2026/05/03 03:44:50.696, 0, GPU-32e67c4f-7204-189f-8b65-2c274dd735a9, NVIDIA A100-SXM4-40GB, 34771, 40960, 0, 60.25, 31
nid001040,2026/05/03 03:44:50.698, 1, GPU-8861d14f-cf78-d18f-5009-dcf3f2d5ba6a, NVIDIA A100-SXM4-40GB, 34771, 40960, 0, 63.53, 30
nid001040,2026/05/03 03:44:50.700, 2, GPU-0c84e9ea-eb03-d0fd-94b6-c87fa7f2aa07, NVIDIA A100-SXM4-40GB, 0, 40960, 0, 50.35, 30
nid001040,2026/05/03 03:44:50.702, 3, GPU-324f8797-e49e-315a-bdaa-053d693f20df, NVIDIA A100-SXM4-40GB, 0, 40960, 0, 50.53, 29
nid001041,2026/05/03 03:44:51.630, 0, GPU-0ae16970-0c3a-bbe5-0e59-4168b3712b2a, NVIDIA A100-SXM4-40GB, 37613, 40960, 100, 168.40, 41
nid001041,2026/05/03 03:44:51.634, 1, GPU-41dedaa0-c8e2-c576-be36-87a6fa2949d6, NVIDIA A100-SXM4-40GB, 36191, 40960, 100, 91.47, 37
nid001041,2026/05/03 03:44:51.636, 2, GPU-84c053e0-dec1-a69a-0b40-fbf751d71b20, NVIDIA A100-SXM4-40GB, 36191, 40960, 100, 134.59, 36
nid001041,2026/05/03 03:44:51.637, 3, GPU-85487437-4cf7-3ceb-d2b0-5f2bed2d89cd, NVIDIA A100-SXM4-40GB, 37737, 40960, 100, 103.96, 35
nid001040,2026/05/03 03:44:54.630, 0, GPU-32e67c4f-7204-189f-8b65-2c274dd735a9, NVIDIA A100-SXM4-40GB, 34771, 40960, 0, 60.25, 31
nid001040,2026/05/03 03:44:54.632, 1, GPU-8861d14f-cf78-d18f-5009-dcf3f2d5ba6a, NVIDIA A100-SXM4-40GB, 34771, 40960, 0, 63.29, 30
nid001040,2026/05/03 03:44:54.633, 2, GPU-0c84e9ea-eb03-d0fd-94b6-c87fa7f2aa07, NVIDIA A100-SXM4-40GB, 0, 40960, 0, 50.35, 30
nid001040,2026/05/03 03:44:54.635, 3, GPU-324f8797-e49e-315a-bdaa-053d693f20df, NVIDIA A100-SXM4-40GB, 0, 40960, 0, 50.53, 29
nid001041,2026/05/03 03:44:55.569, 0, GPU-0ae16970-0c3a-bbe5-0e59-4168b3712b2a, NVIDIA A100-SXM4-40GB, 37613, 40960, 100, 211.79, 40
nid001041,2026/05/03 03:44:55.571, 1, GPU-41dedaa0-c8e2-c576-be36-87a6fa2949d6, NVIDIA A100-SXM4-40GB, 36191, 40960, 100, 100.39, 37
nid001041,2026/05/03 03:44:55.573, 2, GPU-84c053e0-dec1-a69a-0b40-fbf751d71b20, NVIDIA A100-SXM4-40GB, 36191, 40960, 100, 94.15, 36
nid001041,2026/05/03 03:44:55.575, 3, GPU-85487437-4cf7-3ceb-d2b0-5f2bed2d89cd, NVIDIA A100-SXM4-40GB, 37737, 40960, 100, 130.06, 35
nid001040,2026/05/03 03:44:58.539, 0, GPU-32e67c4f-7204-189f-8b65-2c274dd735a9, NVIDIA A100-SXM4-40GB, 34771, 40960, 0, 59.96, 31
nid001040,2026/05/03 03:44:58.541, 1, GPU-8861d14f-cf78-d18f-5009-dcf3f2d5ba6a, NVIDIA A100-SXM4-40GB, 34771, 40960, 0, 63.29, 30
nid001040,2026/05/03 03:44:58.543, 2, GPU-0c84e9ea-eb03-d0fd-94b6-c87fa7f2aa07, NVIDIA A100-SXM4-40GB, 0, 40960, 0, 50.35, 30
nid001040,2026/05/03 03:44:58.545, 3, GPU-324f8797-e49e-315a-bdaa-053d693f20df, NVIDIA A100-SXM4-40GB, 0, 40960, 0, 50.53, 29
nid001041,2026/05/03 03:44:59.454, 0, GPU-0ae16970-0c3a-bbe5-0e59-4168b3712b2a, NVIDIA A100-SXM4-40GB, 37613, 40960, 100, 88.55, 40
nid001041,2026/05/03 03:44:59.457, 1, GPU-41dedaa0-c8e2-c576-be36-87a6fa2949d6, NVIDIA A100-SXM4-40GB, 36191, 40960, 100, 145.01, 37
nid001041,2026/05/03 03:44:59.459, 2, GPU-84c053e0-dec1-a69a-0b40-fbf751d71b20, NVIDIA A100-SXM4-40GB, 36191, 40960, 100, 104.47, 36
nid001041,2026/05/03 03:44:59.461, 3, GPU-85487437-4cf7-3ceb-d2b0-5f2bed2d89cd, NVIDIA A100-SXM4-40GB, 37737, 40960, 100, 211.56, 34
nid001040,2026/05/03 03:45:02.435, 0, GPU-32e67c4f-7204-189f-8b65-2c274dd735a9, NVIDIA A100-SXM4-40GB, 34771, 40960, 0, 59.96, 31
nid001040,2026/05/03 03:45:02.437, 1, GPU-8861d14f-cf78-d18f-5009-dcf3f2d5ba6a, NVIDIA A100-SXM4-40GB, 34771, 40960, 0, 63.53, 30
nid001040,2026/05/03 03:45:02.438, 2, GPU-0c84e9ea-eb03-d0fd-94b6-c87fa7f2aa07, NVIDIA A100-SXM4-40GB, 0, 40960, 0, 50.35, 30
nid001040,2026/05/03 03:45:02.440, 3, GPU-324f8797-e49e-315a-bdaa-053d693f20df, NVIDIA A100-SXM4-40GB, 0, 40960, 0, 50.53, 29
nid001041,2026/05/03 03:45:03.382, 0, GPU-0ae16970-0c3a-bbe5-0e59-4168b3712b2a, NVIDIA A100-SXM4-40GB, 37613, 40960, 100, 109.20, 40
nid001041,2026/05/03 03:45:03.384, 1, GPU-41dedaa0-c8e2-c576-be36-87a6fa2949d6, NVIDIA A100-SXM4-40GB, 36191, 40960, 100, 181.72, 37
nid001041,2026/05/03 03:45:03.387, 2, GPU-84c053e0-dec1-a69a-0b40-fbf751d71b20, NVIDIA A100-SXM4-40GB, 36191, 40960, 100, 167.44, 36
nid001041,2026/05/03 03:45:03.389, 3, GPU-85487437-4cf7-3ceb-d2b0-5f2bed2d89cd, NVIDIA A100-SXM4-40GB, 37737, 40960, 100, 92.74, 35
nid001040,2026/05/03 03:45:06.373, 0, GPU-32e67c4f-7204-189f-8b65-2c274dd735a9, NVIDIA A100-SXM4-40GB, 34771, 40960, 0, 60.25, 31
nid001040,2026/05/03 03:45:06.375, 1, GPU-8861d14f-cf78-d18f-5009-dcf3f2d5ba6a, NVIDIA A100-SXM4-40GB, 34771, 40960, 0, 63.29, 30
nid001040,2026/05/03 03:45:06.379, 2, GPU-0c84e9ea-eb03-d0fd-94b6-c87fa7f2aa07, NVIDIA A100-SXM4-40GB, 0, 40960, 0, 50.11, 30
nid001040,2026/05/03 03:45:06.381, 3, GPU-324f8797-e49e-315a-bdaa-053d693f20df, NVIDIA A100-SXM4-40GB, 0, 40960, 0, 50.53, 29
nid001041,2026/05/03 03:45:07.318, 0, GPU-0ae16970-0c3a-bbe5-0e59-4168b3712b2a, NVIDIA A100-SXM4-40GB, 37613, 40960, 100, 190.10, 41
nid001041,2026/05/03 03:45:07.325, 1, GPU-41dedaa0-c8e2-c576-be36-87a6fa2949d6, NVIDIA A100-SXM4-40GB, 36191, 40960, 100, 112.29, 38
nid001041,2026/05/03 03:45:07.327, 2, GPU-84c053e0-dec1-a69a-0b40-fbf751d71b20, NVIDIA A100-SXM4-40GB, 36191, 40960, 100, 93.52, 37
nid001041,2026/05/03 03:45:07.331, 3, GPU-85487437-4cf7-3ceb-d2b0-5f2bed2d89cd, NVIDIA A100-SXM4-40GB, 37739, 40960, 100, 148.75, 35
nid001040,2026/05/03 03:45:10.295, 0, GPU-32e67c4f-7204-189f-8b65-2c274dd735a9, NVIDIA A100-SXM4-40GB, 34771, 40960, 0, 59.89, 31
nid001040,2026/05/03 03:45:10.297, 1, GPU-8861d14f-cf78-d18f-5009-dcf3f2d5ba6a, NVIDIA A100-SXM4-40GB, 34771, 40960, 0, 63.53, 30
nid001040,2026/05/03 03:45:10.298, 2, GPU-0c84e9ea-eb03-d0fd-94b6-c87fa7f2aa07, NVIDIA A100-SXM4-40GB, 0, 40960, 0, 50.35, 30
nid001040,2026/05/03 03:45:10.301, 3, GPU-324f8797-e49e-315a-bdaa-053d693f20df, NVIDIA A100-SXM4-40GB, 0, 40960, 0, 50.53, 29
nid001041,2026/05/03 03:45:11.224, 0, GPU-0ae16970-0c3a-bbe5-0e59-4168b3712b2a, NVIDIA A100-SXM4-40GB, 37613, 40960, 100, 96.72, 40
nid001041,2026/05/03 03:45:11.228, 1, GPU-41dedaa0-c8e2-c576-be36-87a6fa2949d6, NVIDIA A100-SXM4-40GB, 36191, 40960, 100, 207.99, 37
nid001041,2026/05/03 03:45:11.230, 2, GPU-84c053e0-dec1-a69a-0b40-fbf751d71b20, NVIDIA A100-SXM4-40GB, 36191, 40960, 100, 126.90, 36
nid001041,2026/05/03 03:45:11.231, 3, GPU-85487437-4cf7-3ceb-d2b0-5f2bed2d89cd, NVIDIA A100-SXM4-40GB, 37739, 40960, 100, 162.99, 34
nid001040,2026/05/03 03:45:14.197, 0, GPU-32e67c4f-7204-189f-8b65-2c274dd735a9, NVIDIA A100-SXM4-40GB, 34771, 40960, 0, 59.96, 31
nid001040,2026/05/03 03:45:14.199, 1, GPU-8861d14f-cf78-d18f-5009-dcf3f2d5ba6a, NVIDIA A100-SXM4-40GB, 34771, 40960, 0, 63.53, 30
nid001040,2026/05/03 03:45:14.200, 2, GPU-0c84e9ea-eb03-d0fd-94b6-c87fa7f2aa07, NVIDIA A100-SXM4-40GB, 0, 40960, 0, 50.35, 30
nid001040,2026/05/03 03:45:14.203, 3, GPU-324f8797-e49e-315a-bdaa-053d693f20df, NVIDIA A100-SXM4-40GB, 0, 40960, 0, 50.47, 29
nid001041,2026/05/03 03:45:15.107, 0, GPU-0ae16970-0c3a-bbe5-0e59-4168b3712b2a, NVIDIA A100-SXM4-40GB, 37613, 40960, 100, 151.32, 40
nid001041,2026/05/03 03:45:15.110, 1, GPU-41dedaa0-c8e2-c576-be36-87a6fa2949d6, NVIDIA A100-SXM4-40GB, 36191, 40960, 100, 96.19, 37
nid001041,2026/05/03 03:45:15.118, 2, GPU-84c053e0-dec1-a69a-0b40-fbf751d71b20, NVIDIA A100-SXM4-40GB, 36191, 40960, 100, 129.22, 36
nid001041,2026/05/03 03:45:15.122, 3, GPU-85487437-4cf7-3ceb-d2b0-5f2bed2d89cd, NVIDIA A100-SXM4-40GB, 37739, 40960, 100, 108.33, 34
nid001040,2026/05/03 03:45:18.081, 0, GPU-32e67c4f-7204-189f-8b65-2c274dd735a9, NVIDIA A100-SXM4-40GB, 34771, 40960, 0, 60.25, 31
nid001040,2026/05/03 03:45:18.083, 1, GPU-8861d14f-cf78-d18f-5009-dcf3f2d5ba6a, NVIDIA A100-SXM4-40GB, 34771, 40960, 0, 63.29, 30
nid001040,2026/05/03 03:45:18.085, 2, GPU-0c84e9ea-eb03-d0fd-94b6-c87fa7f2aa07, NVIDIA A100-SXM4-40GB, 0, 40960, 0, 50.35, 30
nid001040,2026/05/03 03:45:18.087, 3, GPU-324f8797-e49e-315a-bdaa-053d693f20df, NVIDIA A100-SXM4-40GB, 0, 40960, 0, 50.53, 29
nid001041,2026/05/03 03:45:19.006, 0, GPU-0ae16970-0c3a-bbe5-0e59-4168b3712b2a, NVIDIA A100-SXM4-40GB, 37613, 40960, 100, 89.30, 40
nid001041,2026/05/03 03:45:19.010, 1, GPU-41dedaa0-c8e2-c576-be36-87a6fa2949d6, NVIDIA A100-SXM4-40GB, 36191, 40960, 100, 184.80, 37
nid001041,2026/05/03 03:45:19.022, 2, GPU-84c053e0-dec1-a69a-0b40-fbf751d71b20, NVIDIA A100-SXM4-40GB, 36191, 40960, 100, 125.90, 36
nid001041,2026/05/03 03:45:19.025, 3, GPU-85487437-4cf7-3ceb-d2b0-5f2bed2d89cd, NVIDIA A100-SXM4-40GB, 37739, 40960, 100, 191.38, 35
nid001040,2026/05/03 03:45:21.990, 0, GPU-32e67c4f-7204-189f-8b65-2c274dd735a9, NVIDIA A100-SXM4-40GB, 34771, 40960, 0, 60.25, 31
nid001040,2026/05/03 03:45:21.992, 1, GPU-8861d14f-cf78-d18f-5009-dcf3f2d5ba6a, NVIDIA A100-SXM4-40GB, 34771, 40960, 0, 63.00, 30
nid001040,2026/05/03 03:45:21.994, 2, GPU-0c84e9ea-eb03-d0fd-94b6-c87fa7f2aa07, NVIDIA A100-SXM4-40GB, 0, 40960, 0, 50.35, 30
nid001040,2026/05/03 03:45:21.996, 3, GPU-324f8797-e49e-315a-bdaa-053d693f20df, NVIDIA A100-SXM4-40GB, 0, 40960, 0, 50.53, 29
nid001041,2026/05/03 03:45:22.917, 0, GPU-0ae16970-0c3a-bbe5-0e59-4168b3712b2a, NVIDIA A100-SXM4-40GB, 37613, 40960, 100, 177.62, 41
nid001041,2026/05/03 03:45:22.921, 1, GPU-41dedaa0-c8e2-c576-be36-87a6fa2949d6, NVIDIA A100-SXM4-40GB, 36191, 40960, 100, 103.84, 37
nid001041,2026/05/03 03:45:22.923, 2, GPU-84c053e0-dec1-a69a-0b40-fbf751d71b20, NVIDIA A100-SXM4-40GB, 36191, 40960, 100, 91.06, 36
nid001041,2026/05/03 03:45:22.925, 3, GPU-85487437-4cf7-3ceb-d2b0-5f2bed2d89cd, NVIDIA A100-SXM4-40GB, 37739, 40960, 100, 124.68, 35
nid001040,2026/05/03 03:45:25.907, 0, GPU-32e67c4f-7204-189f-8b65-2c274dd735a9, NVIDIA A100-SXM4-40GB, 34771, 40960, 0, 59.96, 31
nid001040,2026/05/03 03:45:25.909, 1, GPU-8861d14f-cf78-d18f-5009-dcf3f2d5ba6a, NVIDIA A100-SXM4-40GB, 34771, 40960, 0, 63.00, 30
nid001040,2026/05/03 03:45:25.910, 2, GPU-0c84e9ea-eb03-d0fd-94b6-c87fa7f2aa07, NVIDIA A100-SXM4-40GB, 0, 40960, 0, 50.35, 30
nid001040,2026/05/03 03:45:25.912, 3, GPU-324f8797-e49e-315a-bdaa-053d693f20df, NVIDIA A100-SXM4-40GB, 0, 40960, 0, 50.53, 29
nid001041,2026/05/03 03:45:26.833, 0, GPU-0ae16970-0c3a-bbe5-0e59-4168b3712b2a, NVIDIA A100-SXM4-40GB, 37613, 40960, 100, 114.80, 40
nid001041,2026/05/03 03:45:26.838, 1, GPU-41dedaa0-c8e2-c576-be36-87a6fa2949d6, NVIDIA A100-SXM4-40GB, 36191, 40960, 100, 140.70, 37
nid001041,2026/05/03 03:45:26.840, 2, GPU-84c053e0-dec1-a69a-0b40-fbf751d71b20, NVIDIA A100-SXM4-40GB, 36191, 40960, 100, 185.80, 36
nid001041,2026/05/03 03:45:26.841, 3, GPU-85487437-4cf7-3ceb-d2b0-5f2bed2d89cd, NVIDIA A100-SXM4-40GB, 37739, 40960, 100, 94.02, 35
nid001040,2026/05/03 03:45:29.813, 0, GPU-32e67c4f-7204-189f-8b65-2c274dd735a9, NVIDIA A100-SXM4-40GB, 34771, 40960, 0, 59.89, 31
nid001040,2026/05/03 03:45:29.815, 1, GPU-8861d14f-cf78-d18f-5009-dcf3f2d5ba6a, NVIDIA A100-SXM4-40GB, 34771, 40960, 0, 63.00, 30
nid001040,2026/05/03 03:45:29.816, 2, GPU-0c84e9ea-eb03-d0fd-94b6-c87fa7f2aa07, NVIDIA A100-SXM4-40GB, 0, 40960, 0, 50.35, 30
nid001040,2026/05/03 03:45:29.819, 3, GPU-324f8797-e49e-315a-bdaa-053d693f20df, NVIDIA A100-SXM4-40GB, 0, 40960, 0, 50.53, 29
nid001041,2026/05/03 03:45:30.766, 0, GPU-0ae16970-0c3a-bbe5-0e59-4168b3712b2a, NVIDIA A100-SXM4-40GB, 37613, 40960, 100, 90.58, 41
nid001041,2026/05/03 03:45:30.769, 1, GPU-41dedaa0-c8e2-c576-be36-87a6fa2949d6, NVIDIA A100-SXM4-40GB, 36191, 40960, 100, 161.56, 37
nid001041,2026/05/03 03:45:30.772, 2, GPU-84c053e0-dec1-a69a-0b40-fbf751d71b20, NVIDIA A100-SXM4-40GB, 36191, 40960, 100, 120.31, 36
nid001041,2026/05/03 03:45:30.774, 3, GPU-85487437-4cf7-3ceb-d2b0-5f2bed2d89cd, NVIDIA A100-SXM4-40GB, 37739, 40960, 100, 219.73, 35
nid001040,2026/05/03 03:45:33.711, 0, GPU-32e67c4f-7204-189f-8b65-2c274dd735a9, NVIDIA A100-SXM4-40GB, 34771, 40960, 0, 59.96, 31
nid001040,2026/05/03 03:45:33.713, 1, GPU-8861d14f-cf78-d18f-5009-dcf3f2d5ba6a, NVIDIA A100-SXM4-40GB, 34771, 40960, 0, 63.00, 30
nid001040,2026/05/03 03:45:33.714, 2, GPU-0c84e9ea-eb03-d0fd-94b6-c87fa7f2aa07, NVIDIA A100-SXM4-40GB, 0, 40960, 0, 50.35, 30
nid001040,2026/05/03 03:45:33.716, 3, GPU-324f8797-e49e-315a-bdaa-053d693f20df, NVIDIA A100-SXM4-40GB, 0, 40960, 0, 50.53, 29
nid001041,2026/05/03 03:45:34.645, 0, GPU-0ae16970-0c3a-bbe5-0e59-4168b3712b2a, NVIDIA A100-SXM4-40GB, 37613, 40960, 100, 138.06, 40
nid001041,2026/05/03 03:45:34.648, 1, GPU-41dedaa0-c8e2-c576-be36-87a6fa2949d6, NVIDIA A100-SXM4-40GB, 36191, 40960, 100, 122.59, 37
nid001041,2026/05/03 03:45:34.650, 2, GPU-84c053e0-dec1-a69a-0b40-fbf751d71b20, NVIDIA A100-SXM4-40GB, 36191, 40960, 100, 99.40, 36
nid001041,2026/05/03 03:45:34.652, 3, GPU-85487437-4cf7-3ceb-d2b0-5f2bed2d89cd, NVIDIA A100-SXM4-40GB, 37739, 40960, 100, 138.71, 35
nid001040,2026/05/03 03:45:37.619, 0, GPU-32e67c4f-7204-189f-8b65-2c274dd735a9, NVIDIA A100-SXM4-40GB, 34771, 40960, 0, 59.96, 31
nid001040,2026/05/03 03:45:37.621, 1, GPU-8861d14f-cf78-d18f-5009-dcf3f2d5ba6a, NVIDIA A100-SXM4-40GB, 34771, 40960, 0, 63.00, 30
nid001040,2026/05/03 03:45:37.622, 2, GPU-0c84e9ea-eb03-d0fd-94b6-c87fa7f2aa07, NVIDIA A100-SXM4-40GB, 0, 40960, 0, 50.35, 30
nid001040,2026/05/03 03:45:37.633, 3, GPU-324f8797-e49e-315a-bdaa-053d693f20df, NVIDIA A100-SXM4-40GB, 0, 40960, 0, 50.53, 29
nid001041,2026/05/03 03:45:38.573, 0, GPU-0ae16970-0c3a-bbe5-0e59-4168b3712b2a, NVIDIA A100-SXM4-40GB, 37613, 40960, 100, 203.39, 41
nid001041,2026/05/03 03:45:38.576, 1, GPU-41dedaa0-c8e2-c576-be36-87a6fa2949d6, NVIDIA A100-SXM4-40GB, 36191, 40960, 100, 100.68, 37
nid001041,2026/05/03 03:45:38.577, 2, GPU-84c053e0-dec1-a69a-0b40-fbf751d71b20, NVIDIA A100-SXM4-40GB, 36191, 40960, 100, 92.52, 36
nid001041,2026/05/03 03:45:38.580, 3, GPU-85487437-4cf7-3ceb-d2b0-5f2bed2d89cd, NVIDIA A100-SXM4-40GB, 37739, 40960, 100, 107.05, 35
nid001040,2026/05/03 03:45:41.529, 0, GPU-32e67c4f-7204-189f-8b65-2c274dd735a9, NVIDIA A100-SXM4-40GB, 34771, 40960, 0, 59.72, 31
nid001040,2026/05/03 03:45:41.531, 1, GPU-8861d14f-cf78-d18f-5009-dcf3f2d5ba6a, NVIDIA A100-SXM4-40GB, 34771, 40960, 0, 63.53, 30
nid001040,2026/05/03 03:45:41.533, 2, GPU-0c84e9ea-eb03-d0fd-94b6-c87fa7f2aa07, NVIDIA A100-SXM4-40GB, 0, 40960, 0, 50.35, 30
nid001040,2026/05/03 03:45:41.535, 3, GPU-324f8797-e49e-315a-bdaa-053d693f20df, NVIDIA A100-SXM4-40GB, 0, 40960, 0, 50.53, 29
nid001041,2026/05/03 03:45:42.469, 0, GPU-0ae16970-0c3a-bbe5-0e59-4168b3712b2a, NVIDIA A100-SXM4-40GB, 37613, 40960, 100, 198.56, 40
nid001041,2026/05/03 03:45:42.471, 1, GPU-41dedaa0-c8e2-c576-be36-87a6fa2949d6, NVIDIA A100-SXM4-40GB, 36191, 40960, 100, 104.75, 37
nid001041,2026/05/03 03:45:42.473, 2, GPU-84c053e0-dec1-a69a-0b40-fbf751d71b20, NVIDIA A100-SXM4-40GB, 36191, 40960, 100, 93.52, 36
nid001041,2026/05/03 03:45:42.475, 3, GPU-85487437-4cf7-3ceb-d2b0-5f2bed2d89cd, NVIDIA A100-SXM4-40GB, 37739, 40960, 100, 109.09, 35
nid001040,2026/05/03 03:45:45.448, 0, GPU-32e67c4f-7204-189f-8b65-2c274dd735a9, NVIDIA A100-SXM4-40GB, 34771, 40960, 0, 59.96, 31
nid001040,2026/05/03 03:45:45.450, 1, GPU-8861d14f-cf78-d18f-5009-dcf3f2d5ba6a, NVIDIA A100-SXM4-40GB, 34771, 40960, 0, 63.00, 30
nid001040,2026/05/03 03:45:45.451, 2, GPU-0c84e9ea-eb03-d0fd-94b6-c87fa7f2aa07, NVIDIA A100-SXM4-40GB, 0, 40960, 0, 50.35, 30
nid001040,2026/05/03 03:45:45.453, 3, GPU-324f8797-e49e-315a-bdaa-053d693f20df, NVIDIA A100-SXM4-40GB, 0, 40960, 0, 50.53, 29
nid001041,2026/05/03 03:45:46.485, 0, GPU-0ae16970-0c3a-bbe5-0e59-4168b3712b2a, NVIDIA A100-SXM4-40GB, 37613, 40960, 100, 109.48, 40
nid001041,2026/05/03 03:45:46.489, 1, GPU-41dedaa0-c8e2-c576-be36-87a6fa2949d6, NVIDIA A100-SXM4-40GB, 36191, 40960, 100, 138.90, 37
nid001041,2026/05/03 03:45:46.491, 2, GPU-84c053e0-dec1-a69a-0b40-fbf751d71b20, NVIDIA A100-SXM4-40GB, 36191, 40960, 100, 100.91, 36
nid001041,2026/05/03 03:45:46.493, 3, GPU-85487437-4cf7-3ceb-d2b0-5f2bed2d89cd, NVIDIA A100-SXM4-40GB, 37739, 40960, 100, 127.20, 35
nid001040,2026/05/03 03:45:49.466, 0, GPU-32e67c4f-7204-189f-8b65-2c274dd735a9, NVIDIA A100-SXM4-40GB, 34771, 40960, 0, 60.18, 31
nid001040,2026/05/03 03:45:49.468, 1, GPU-8861d14f-cf78-d18f-5009-dcf3f2d5ba6a, NVIDIA A100-SXM4-40GB, 34771, 40960, 0, 63.53, 30
nid001040,2026/05/03 03:45:49.470, 2, GPU-0c84e9ea-eb03-d0fd-94b6-c87fa7f2aa07, NVIDIA A100-SXM4-40GB, 0, 40960, 0, 50.35, 30
nid001040,2026/05/03 03:45:49.472, 3, GPU-324f8797-e49e-315a-bdaa-053d693f20df, NVIDIA A100-SXM4-40GB, 0, 40960, 0, 50.53, 29
nid001041,2026/05/03 03:45:50.390, 0, GPU-0ae16970-0c3a-bbe5-0e59-4168b3712b2a, NVIDIA A100-SXM4-40GB, 37613, 40960, 100, 94.15, 41
nid001041,2026/05/03 03:45:50.392, 1, GPU-41dedaa0-c8e2-c576-be36-87a6fa2949d6, NVIDIA A100-SXM4-40GB, 36191, 40960, 100, 172.57, 37
nid001041,2026/05/03 03:45:50.395, 2, GPU-84c053e0-dec1-a69a-0b40-fbf751d71b20, NVIDIA A100-SXM4-40GB, 36191, 40960, 100, 117.99, 36
nid001041,2026/05/03 03:45:50.398, 3, GPU-85487437-4cf7-3ceb-d2b0-5f2bed2d89cd, NVIDIA A100-SXM4-40GB, 37739, 40960, 100, 146.12, 35
nid001040,2026/05/03 03:45:53.379, 0, GPU-32e67c4f-7204-189f-8b65-2c274dd735a9, NVIDIA A100-SXM4-40GB, 34771, 40960, 0, 59.96, 31
nid001040,2026/05/03 03:45:53.381, 1, GPU-8861d14f-cf78-d18f-5009-dcf3f2d5ba6a, NVIDIA A100-SXM4-40GB, 34771, 40960, 0, 63.00, 30
nid001040,2026/05/03 03:45:53.383, 2, GPU-0c84e9ea-eb03-d0fd-94b6-c87fa7f2aa07, NVIDIA A100-SXM4-40GB, 0, 40960, 0, 50.35, 30
nid001040,2026/05/03 03:45:53.385, 3, GPU-324f8797-e49e-315a-bdaa-053d693f20df, NVIDIA A100-SXM4-40GB, 0, 40960, 0, 50.53, 29
nid001041,2026/05/03 03:45:54.313, 0, GPU-0ae16970-0c3a-bbe5-0e59-4168b3712b2a, NVIDIA A100-SXM4-40GB, 37613, 40960, 100, 107.44, 40
nid001041,2026/05/03 03:45:54.316, 1, GPU-41dedaa0-c8e2-c576-be36-87a6fa2949d6, NVIDIA A100-SXM4-40GB, 36191, 40960, 100, 93.11, 37
nid001041,2026/05/03 03:45:54.320, 2, GPU-84c053e0-dec1-a69a-0b40-fbf751d71b20, NVIDIA A100-SXM4-40GB, 36191, 40960, 100, 192.68, 36
nid001041,2026/05/03 03:45:54.322, 3, GPU-85487437-4cf7-3ceb-d2b0-5f2bed2d89cd, NVIDIA A100-SXM4-40GB, 37739, 40960, 100, 126.44, 35
nid001040,2026/05/03 03:45:57.281, 0, GPU-32e67c4f-7204-189f-8b65-2c274dd735a9, NVIDIA A100-SXM4-40GB, 34771, 40960, 0, 59.72, 31
nid001040,2026/05/03 03:45:57.283, 1, GPU-8861d14f-cf78-d18f-5009-dcf3f2d5ba6a, NVIDIA A100-SXM4-40GB, 34771, 40960, 0, 63.00, 30
nid001040,2026/05/03 03:45:57.287, 2, GPU-0c84e9ea-eb03-d0fd-94b6-c87fa7f2aa07, NVIDIA A100-SXM4-40GB, 0, 40960, 0, 50.35, 30
nid001040,2026/05/03 03:45:57.289, 3, GPU-324f8797-e49e-315a-bdaa-053d693f20df, NVIDIA A100-SXM4-40GB, 0, 40960, 0, 50.53, 29
nid001041,2026/05/03 03:45:58.220, 0, GPU-0ae16970-0c3a-bbe5-0e59-4168b3712b2a, NVIDIA A100-SXM4-40GB, 37613, 40960, 100, 192.66, 40
nid001041,2026/05/03 03:45:58.225, 1, GPU-41dedaa0-c8e2-c576-be36-87a6fa2949d6, NVIDIA A100-SXM4-40GB, 36191, 40960, 100, 115.61, 37
nid001041,2026/05/03 03:45:58.226, 2, GPU-84c053e0-dec1-a69a-0b40-fbf751d71b20, NVIDIA A100-SXM4-40GB, 36191, 40960, 100, 90.07, 36
nid001041,2026/05/03 03:45:58.228, 3, GPU-85487437-4cf7-3ceb-d2b0-5f2bed2d89cd, NVIDIA A100-SXM4-40GB, 37739, 40960, 100, 107.57, 35
nid001040,2026/05/03 03:46:01.201, 0, GPU-32e67c4f-7204-189f-8b65-2c274dd735a9, NVIDIA A100-SXM4-40GB, 34771, 40960, 0, 59.96, 31
nid001040,2026/05/03 03:46:01.203, 1, GPU-8861d14f-cf78-d18f-5009-dcf3f2d5ba6a, NVIDIA A100-SXM4-40GB, 34771, 40960, 0, 63.00, 30
nid001040,2026/05/03 03:46:01.204, 2, GPU-0c84e9ea-eb03-d0fd-94b6-c87fa7f2aa07, NVIDIA A100-SXM4-40GB, 0, 40960, 0, 50.35, 30
nid001040,2026/05/03 03:46:01.206, 3, GPU-324f8797-e49e-315a-bdaa-053d693f20df, NVIDIA A100-SXM4-40GB, 0, 40960, 0, 50.53, 29
nid001041,2026/05/03 03:46:02.129, 0, GPU-0ae16970-0c3a-bbe5-0e59-4168b3712b2a, NVIDIA A100-SXM4-40GB, 37613, 40960, 100, 113.04, 40
nid001041,2026/05/03 03:46:02.132, 1, GPU-41dedaa0-c8e2-c576-be36-87a6fa2949d6, NVIDIA A100-SXM4-40GB, 36191, 40960, 100, 92.24, 38
nid001041,2026/05/03 03:46:02.133, 2, GPU-84c053e0-dec1-a69a-0b40-fbf751d71b20, NVIDIA A100-SXM4-40GB, 36191, 40960, 100, 201.35, 36
nid001041,2026/05/03 03:46:02.135, 3, GPU-85487437-4cf7-3ceb-d2b0-5f2bed2d89cd, NVIDIA A100-SXM4-40GB, 37739, 40960, 100, 126.96, 35
nid001040,2026/05/03 03:46:05.219, 0, GPU-32e67c4f-7204-189f-8b65-2c274dd735a9, NVIDIA A100-SXM4-40GB, 34771, 40960, 0, 60.25, 31
nid001040,2026/05/03 03:46:05.221, 1, GPU-8861d14f-cf78-d18f-5009-dcf3f2d5ba6a, NVIDIA A100-SXM4-40GB, 34771, 40960, 0, 63.00, 30
nid001040,2026/05/03 03:46:05.222, 2, GPU-0c84e9ea-eb03-d0fd-94b6-c87fa7f2aa07, NVIDIA A100-SXM4-40GB, 0, 40960, 0, 50.35, 30
nid001040,2026/05/03 03:46:05.224, 3, GPU-324f8797-e49e-315a-bdaa-053d693f20df, NVIDIA A100-SXM4-40GB, 0, 40960, 0, 50.53, 29
nid001041,2026/05/03 03:46:06.146, 0, GPU-0ae16970-0c3a-bbe5-0e59-4168b3712b2a, NVIDIA A100-SXM4-40GB, 37613, 40960, 100, 175.05, 40
nid001041,2026/05/03 03:46:06.150, 1, GPU-41dedaa0-c8e2-c576-be36-87a6fa2949d6, NVIDIA A100-SXM4-40GB, 36191, 40960, 100, 130.22, 37
nid001041,2026/05/03 03:46:06.152, 2, GPU-84c053e0-dec1-a69a-0b40-fbf751d71b20, NVIDIA A100-SXM4-40GB, 36191, 40960, 100, 97.12, 36
nid001041,2026/05/03 03:46:06.153, 3, GPU-85487437-4cf7-3ceb-d2b0-5f2bed2d89cd, NVIDIA A100-SXM4-40GB, 37739, 40960, 100, 119.83, 35
nid001040,2026/05/03 03:46:09.138, 0, GPU-32e67c4f-7204-189f-8b65-2c274dd735a9, NVIDIA A100-SXM4-40GB, 34771, 40960, 0, 59.96, 31
nid001040,2026/05/03 03:46:09.140, 1, GPU-8861d14f-cf78-d18f-5009-dcf3f2d5ba6a, NVIDIA A100-SXM4-40GB, 34771, 40960, 0, 63.08, 30
nid001040,2026/05/03 03:46:09.142, 2, GPU-0c84e9ea-eb03-d0fd-94b6-c87fa7f2aa07, NVIDIA A100-SXM4-40GB, 0, 40960, 0, 50.35, 30
nid001040,2026/05/03 03:46:09.147, 3, GPU-324f8797-e49e-315a-bdaa-053d693f20df, NVIDIA A100-SXM4-40GB, 0, 40960, 0, 50.53, 29
nid001041,2026/05/03 03:46:10.066, 0, GPU-0ae16970-0c3a-bbe5-0e59-4168b3712b2a, NVIDIA A100-SXM4-40GB, 37613, 40960, 100, 104.88, 40
nid001041,2026/05/03 03:46:10.069, 1, GPU-41dedaa0-c8e2-c576-be36-87a6fa2949d6, NVIDIA A100-SXM4-40GB, 36191, 40960, 100, 99.51, 37
nid001041,2026/05/03 03:46:10.071, 2, GPU-84c053e0-dec1-a69a-0b40-fbf751d71b20, NVIDIA A100-SXM4-40GB, 36191, 40960, 100, 154.45, 36
nid001041,2026/05/03 03:46:10.073, 3, GPU-85487437-4cf7-3ceb-d2b0-5f2bed2d89cd, NVIDIA A100-SXM4-40GB, 37739, 40960, 100, 196.51, 35
nid001040,2026/05/03 03:46:13.016, 0, GPU-32e67c4f-7204-189f-8b65-2c274dd735a9, NVIDIA A100-SXM4-40GB, 34771, 40960, 0, 59.96, 31
nid001040,2026/05/03 03:46:13.018, 1, GPU-8861d14f-cf78-d18f-5009-dcf3f2d5ba6a, NVIDIA A100-SXM4-40GB, 34771, 40960, 0, 63.00, 30
nid001040,2026/05/03 03:46:13.020, 2, GPU-0c84e9ea-eb03-d0fd-94b6-c87fa7f2aa07, NVIDIA A100-SXM4-40GB, 0, 40960, 0, 50.35, 30
nid001040,2026/05/03 03:46:13.022, 3, GPU-324f8797-e49e-315a-bdaa-053d693f20df, NVIDIA A100-SXM4-40GB, 0, 40960, 0, 50.53, 29
nid001041,2026/05/03 03:46:13.938, 0, GPU-0ae16970-0c3a-bbe5-0e59-4168b3712b2a, NVIDIA A100-SXM4-40GB, 37613, 40960, 100, 196.99, 41
nid001041,2026/05/03 03:46:13.941, 1, GPU-41dedaa0-c8e2-c576-be36-87a6fa2949d6, NVIDIA A100-SXM4-40GB, 36191, 40960, 100, 122.21, 37
nid001041,2026/05/03 03:46:13.943, 2, GPU-84c053e0-dec1-a69a-0b40-fbf751d71b20, NVIDIA A100-SXM4-40GB, 36191, 40960, 100, 95.03, 36
nid001041,2026/05/03 03:46:13.946, 3, GPU-85487437-4cf7-3ceb-d2b0-5f2bed2d89cd, NVIDIA A100-SXM4-40GB, 37739, 40960, 100, 109.48, 35
nid001040,2026/05/03 03:46:16.910, 0, GPU-32e67c4f-7204-189f-8b65-2c274dd735a9, NVIDIA A100-SXM4-40GB, 34771, 40960, 0, 60.25, 31
nid001040,2026/05/03 03:46:16.912, 1, GPU-8861d14f-cf78-d18f-5009-dcf3f2d5ba6a, NVIDIA A100-SXM4-40GB, 34771, 40960, 0, 63.00, 30
nid001040,2026/05/03 03:46:16.913, 2, GPU-0c84e9ea-eb03-d0fd-94b6-c87fa7f2aa07, NVIDIA A100-SXM4-40GB, 0, 40960, 0, 50.35, 30
nid001040,2026/05/03 03:46:16.915, 3, GPU-324f8797-e49e-315a-bdaa-053d693f20df, NVIDIA A100-SXM4-40GB, 0, 40960, 0, 50.53, 29
nid001041,2026/05/03 03:46:17.833, 0, GPU-0ae16970-0c3a-bbe5-0e59-4168b3712b2a, NVIDIA A100-SXM4-40GB, 37613, 40960, 100, 106.16, 40
nid001041,2026/05/03 03:46:17.837, 1, GPU-41dedaa0-c8e2-c576-be36-87a6fa2949d6, NVIDIA A100-SXM4-40GB, 36191, 40960, 100, 92.35, 37
nid001041,2026/05/03 03:46:17.840, 2, GPU-84c053e0-dec1-a69a-0b40-fbf751d71b20, NVIDIA A100-SXM4-40GB, 36191, 40960, 100, 204.15, 36
nid001041,2026/05/03 03:46:17.841, 3, GPU-85487437-4cf7-3ceb-d2b0-5f2bed2d89cd, NVIDIA A100-SXM4-40GB, 37739, 40960, 100, 160.95, 35
nid001040,2026/05/03 03:46:20.820, 0, GPU-32e67c4f-7204-189f-8b65-2c274dd735a9, NVIDIA A100-SXM4-40GB, 34771, 40960, 0, 59.96, 31
nid001040,2026/05/03 03:46:20.822, 1, GPU-8861d14f-cf78-d18f-5009-dcf3f2d5ba6a, NVIDIA A100-SXM4-40GB, 34771, 40960, 0, 63.00, 30
nid001040,2026/05/03 03:46:20.823, 2, GPU-0c84e9ea-eb03-d0fd-94b6-c87fa7f2aa07, NVIDIA A100-SXM4-40GB, 0, 40960, 0, 50.35, 30
nid001040,2026/05/03 03:46:20.825, 3, GPU-324f8797-e49e-315a-bdaa-053d693f20df, NVIDIA A100-SXM4-40GB, 0, 40960, 0, 50.53, 29
nid001041,2026/05/03 03:46:21.736, 0, GPU-0ae16970-0c3a-bbe5-0e59-4168b3712b2a, NVIDIA A100-SXM4-40GB, 37613, 40960, 100, 88.02, 40
nid001041,2026/05/03 03:46:21.739, 1, GPU-41dedaa0-c8e2-c576-be36-87a6fa2949d6, NVIDIA A100-SXM4-40GB, 36191, 40960, 100, 193.96, 37
nid001041,2026/05/03 03:46:21.740, 2, GPU-84c053e0-dec1-a69a-0b40-fbf751d71b20, NVIDIA A100-SXM4-40GB, 36191, 40960, 100, 110.35, 36
nid001041,2026/05/03 03:46:21.742, 3, GPU-85487437-4cf7-3ceb-d2b0-5f2bed2d89cd, NVIDIA A100-SXM4-40GB, 37739, 40960, 100, 145.88, 35
nid001040,2026/05/03 03:46:24.725, 0, GPU-32e67c4f-7204-189f-8b65-2c274dd735a9, NVIDIA A100-SXM4-40GB, 34771, 40960, 0, 59.72, 31
nid001040,2026/05/03 03:46:24.727, 1, GPU-8861d14f-cf78-d18f-5009-dcf3f2d5ba6a, NVIDIA A100-SXM4-40GB, 34771, 40960, 0, 63.00, 30
nid001040,2026/05/03 03:46:24.728, 2, GPU-0c84e9ea-eb03-d0fd-94b6-c87fa7f2aa07, NVIDIA A100-SXM4-40GB, 0, 40960, 0, 50.35, 30
nid001040,2026/05/03 03:46:24.730, 3, GPU-324f8797-e49e-315a-bdaa-053d693f20df, NVIDIA A100-SXM4-40GB, 0, 40960, 0, 50.53, 29
nid001041,2026/05/03 03:46:25.655, 0, GPU-0ae16970-0c3a-bbe5-0e59-4168b3712b2a, NVIDIA A100-SXM4-40GB, 37613, 40960, 100, 188.88, 40
nid001041,2026/05/03 03:46:25.658, 1, GPU-41dedaa0-c8e2-c576-be36-87a6fa2949d6, NVIDIA A100-SXM4-40GB, 36191, 40960, 100, 117.65, 37
nid001041,2026/05/03 03:46:25.659, 2, GPU-84c053e0-dec1-a69a-0b40-fbf751d71b20, NVIDIA A100-SXM4-40GB, 36191, 40960, 100, 94.80, 36
nid001041,2026/05/03 03:46:25.661, 3, GPU-85487437-4cf7-3ceb-d2b0-5f2bed2d89cd, NVIDIA A100-SXM4-40GB, 37739, 40960, 100, 101.68, 35
nid001040,2026/05/03 03:46:28.626, 0, GPU-32e67c4f-7204-189f-8b65-2c274dd735a9, NVIDIA A100-SXM4-40GB, 34771, 40960, 0, 60.18, 31
nid001040,2026/05/03 03:46:28.628, 1, GPU-8861d14f-cf78-d18f-5009-dcf3f2d5ba6a, NVIDIA A100-SXM4-40GB, 34771, 40960, 0, 63.00, 30
nid001040,2026/05/03 03:46:28.630, 2, GPU-0c84e9ea-eb03-d0fd-94b6-c87fa7f2aa07, NVIDIA A100-SXM4-40GB, 0, 40960, 0, 50.35, 30
nid001040,2026/05/03 03:46:28.632, 3, GPU-324f8797-e49e-315a-bdaa-053d693f20df, NVIDIA A100-SXM4-40GB, 0, 40960, 0, 50.53, 29
nid001041,2026/05/03 03:46:29.540, 0, GPU-0ae16970-0c3a-bbe5-0e59-4168b3712b2a, NVIDIA A100-SXM4-40GB, 37613, 40960, 100, 122.49, 40
nid001041,2026/05/03 03:46:29.545, 1, GPU-41dedaa0-c8e2-c576-be36-87a6fa2949d6, NVIDIA A100-SXM4-40GB, 36191, 40960, 100, 99.28, 37
nid001041,2026/05/03 03:46:29.547, 2, GPU-84c053e0-dec1-a69a-0b40-fbf751d71b20, NVIDIA A100-SXM4-40GB, 36191, 40960, 100, 110.88, 36
nid001041,2026/05/03 03:46:29.549, 3, GPU-85487437-4cf7-3ceb-d2b0-5f2bed2d89cd, NVIDIA A100-SXM4-40GB, 37739, 40960, 100, 102.96, 35
nid001040,2026/05/03 03:46:32.508, 0, GPU-32e67c4f-7204-189f-8b65-2c274dd735a9, NVIDIA A100-SXM4-40GB, 34771, 40960, 0, 59.96, 31
nid001040,2026/05/03 03:46:32.510, 1, GPU-8861d14f-cf78-d18f-5009-dcf3f2d5ba6a, NVIDIA A100-SXM4-40GB, 34771, 40960, 0, 63.00, 30
nid001040,2026/05/03 03:46:32.512, 2, GPU-0c84e9ea-eb03-d0fd-94b6-c87fa7f2aa07, NVIDIA A100-SXM4-40GB, 0, 40960, 0, 50.35, 30
nid001040,2026/05/03 03:46:32.514, 3, GPU-324f8797-e49e-315a-bdaa-053d693f20df, NVIDIA A100-SXM4-40GB, 0, 40960, 0, 50.53, 29
nid001041,2026/05/03 03:46:33.431, 0, GPU-0ae16970-0c3a-bbe5-0e59-4168b3712b2a, NVIDIA A100-SXM4-40GB, 37613, 40960, 100, 105.87, 40
nid001041,2026/05/03 03:46:33.434, 1, GPU-41dedaa0-c8e2-c576-be36-87a6fa2949d6, NVIDIA A100-SXM4-40GB, 36191, 40960, 100, 94.91, 37
nid001041,2026/05/03 03:46:33.435, 2, GPU-84c053e0-dec1-a69a-0b40-fbf751d71b20, NVIDIA A100-SXM4-40GB, 36191, 40960, 100, 204.15, 36
nid001041,2026/05/03 03:46:33.438, 3, GPU-85487437-4cf7-3ceb-d2b0-5f2bed2d89cd, NVIDIA A100-SXM4-40GB, 37739, 40960, 100, 161.95, 35
nid001040,2026/05/03 03:46:36.397, 0, GPU-32e67c4f-7204-189f-8b65-2c274dd735a9, NVIDIA A100-SXM4-40GB, 34771, 40960, 0, 59.96, 31
nid001040,2026/05/03 03:46:36.399, 1, GPU-8861d14f-cf78-d18f-5009-dcf3f2d5ba6a, NVIDIA A100-SXM4-40GB, 34771, 40960, 0, 63.00, 30
nid001040,2026/05/03 03:46:36.400, 2, GPU-0c84e9ea-eb03-d0fd-94b6-c87fa7f2aa07, NVIDIA A100-SXM4-40GB, 0, 40960, 0, 50.35, 30
nid001040,2026/05/03 03:46:36.402, 3, GPU-324f8797-e49e-315a-bdaa-053d693f20df, NVIDIA A100-SXM4-40GB, 0, 40960, 0, 50.53, 29
nid001041,2026/05/03 03:46:37.298, 0, GPU-0ae16970-0c3a-bbe5-0e59-4168b3712b2a, NVIDIA A100-SXM4-40GB, 37613, 40960, 100, 103.07, 40
nid001041,2026/05/03 03:46:37.302, 1, GPU-41dedaa0-c8e2-c576-be36-87a6fa2949d6, NVIDIA A100-SXM4-40GB, 36191, 40960, 100, 92.35, 37
nid001041,2026/05/03 03:46:37.304, 2, GPU-84c053e0-dec1-a69a-0b40-fbf751d71b20, NVIDIA A100-SXM4-40GB, 36191, 40960, 100, 193.43, 36
nid001041,2026/05/03 03:46:37.305, 3, GPU-85487437-4cf7-3ceb-d2b0-5f2bed2d89cd, NVIDIA A100-SXM4-40GB, 37739, 40960, 100, 215.65, 35
nid001040,2026/05/03 03:46:40.236, 0, GPU-32e67c4f-7204-189f-8b65-2c274dd735a9, NVIDIA A100-SXM4-40GB, 34771, 40960, 0, 59.72, 31
nid001040,2026/05/03 03:46:40.238, 1, GPU-8861d14f-cf78-d18f-5009-dcf3f2d5ba6a, NVIDIA A100-SXM4-40GB, 34771, 40960, 0, 63.29, 30
nid001040,2026/05/03 03:46:40.240, 2, GPU-0c84e9ea-eb03-d0fd-94b6-c87fa7f2aa07, NVIDIA A100-SXM4-40GB, 0, 40960, 0, 50.11, 30
nid001040,2026/05/03 03:46:40.242, 3, GPU-324f8797-e49e-315a-bdaa-053d693f20df, NVIDIA A100-SXM4-40GB, 0, 40960, 0, 50.53, 29
nid001041,2026/05/03 03:46:41.140, 0, GPU-0ae16970-0c3a-bbe5-0e59-4168b3712b2a, NVIDIA A100-SXM4-40GB, 37613, 40960, 100, 101.32, 41
nid001041,2026/05/03 03:46:41.145, 1, GPU-41dedaa0-c8e2-c576-be36-87a6fa2949d6, NVIDIA A100-SXM4-40GB, 36191, 40960, 100, 98.00, 37
nid001041,2026/05/03 03:46:41.148, 2, GPU-84c053e0-dec1-a69a-0b40-fbf751d71b20, NVIDIA A100-SXM4-40GB, 36191, 40960, 100, 157.25, 36
nid001041,2026/05/03 03:46:41.150, 3, GPU-85487437-4cf7-3ceb-d2b0-5f2bed2d89cd, NVIDIA A100-SXM4-40GB, 37739, 40960, 100, 163.52, 34
nid001040,2026/05/03 03:46:44.122, 0, GPU-32e67c4f-7204-189f-8b65-2c274dd735a9, NVIDIA A100-SXM4-40GB, 34771, 40960, 0, 59.72, 31
nid001040,2026/05/03 03:46:44.124, 1, GPU-8861d14f-cf78-d18f-5009-dcf3f2d5ba6a, NVIDIA A100-SXM4-40GB, 34771, 40960, 0, 63.00, 30
nid001040,2026/05/03 03:46:44.125, 2, GPU-0c84e9ea-eb03-d0fd-94b6-c87fa7f2aa07, NVIDIA A100-SXM4-40GB, 0, 40960, 0, 50.35, 30
nid001040,2026/05/03 03:46:44.127, 3, GPU-324f8797-e49e-315a-bdaa-053d693f20df, NVIDIA A100-SXM4-40GB, 0, 40960, 0, 50.53, 29
nid001041,2026/05/03 03:46:45.056, 0, GPU-0ae16970-0c3a-bbe5-0e59-4168b3712b2a, NVIDIA A100-SXM4-40GB, 37613, 40960, 100, 133.98, 40
nid001041,2026/05/03 03:46:45.060, 1, GPU-41dedaa0-c8e2-c576-be36-87a6fa2949d6, NVIDIA A100-SXM4-40GB, 36191, 40960, 100, 118.51, 37
nid001041,2026/05/03 03:46:45.062, 2, GPU-84c053e0-dec1-a69a-0b40-fbf751d71b20, NVIDIA A100-SXM4-40GB, 36191, 40960, 100, 90.72, 36
nid001041,2026/05/03 03:46:45.064, 3, GPU-85487437-4cf7-3ceb-d2b0-5f2bed2d89cd, NVIDIA A100-SXM4-40GB, 37739, 40960, 100, 96.07, 35
nid001040,2026/05/03 03:46:48.035, 0, GPU-32e67c4f-7204-189f-8b65-2c274dd735a9, NVIDIA A100-SXM4-40GB, 34771, 40960, 0, 60.25, 31
nid001040,2026/05/03 03:46:48.037, 1, GPU-8861d14f-cf78-d18f-5009-dcf3f2d5ba6a, NVIDIA A100-SXM4-40GB, 34771, 40960, 0, 63.29, 30
nid001040,2026/05/03 03:46:48.038, 2, GPU-0c84e9ea-eb03-d0fd-94b6-c87fa7f2aa07, NVIDIA A100-SXM4-40GB, 0, 40960, 0, 50.35, 30
nid001040,2026/05/03 03:46:48.040, 3, GPU-324f8797-e49e-315a-bdaa-053d693f20df, NVIDIA A100-SXM4-40GB, 0, 40960, 0, 50.53, 29
nid001041,2026/05/03 03:46:48.953, 0, GPU-0ae16970-0c3a-bbe5-0e59-4168b3712b2a, NVIDIA A100-SXM4-40GB, 37613, 40960, 100, 207.99, 40
nid001041,2026/05/03 03:46:48.960, 1, GPU-41dedaa0-c8e2-c576-be36-87a6fa2949d6, NVIDIA A100-SXM4-40GB, 36191, 40960, 100, 161.33, 37
nid001041,2026/05/03 03:46:48.961, 2, GPU-84c053e0-dec1-a69a-0b40-fbf751d71b20, NVIDIA A100-SXM4-40GB, 36191, 40960, 100, 101.67, 36
nid001041,2026/05/03 03:46:48.963, 3, GPU-85487437-4cf7-3ceb-d2b0-5f2bed2d89cd, NVIDIA A100-SXM4-40GB, 37739, 40960, 100, 106.00, 35
nid001040,2026/05/03 03:46:51.914, 0, GPU-32e67c4f-7204-189f-8b65-2c274dd735a9, NVIDIA A100-SXM4-40GB, 34771, 40960, 0, 59.96, 31
nid001040,2026/05/03 03:46:51.916, 1, GPU-8861d14f-cf78-d18f-5009-dcf3f2d5ba6a, NVIDIA A100-SXM4-40GB, 34771, 40960, 0, 63.00, 30
nid001040,2026/05/03 03:46:51.917, 2, GPU-0c84e9ea-eb03-d0fd-94b6-c87fa7f2aa07, NVIDIA A100-SXM4-40GB, 0, 40960, 0, 50.35, 30
nid001040,2026/05/03 03:46:51.919, 3, GPU-324f8797-e49e-315a-bdaa-053d693f20df, NVIDIA A100-SXM4-40GB, 0, 40960, 0, 50.53, 29
nid001041,2026/05/03 03:46:52.850, 0, GPU-0ae16970-0c3a-bbe5-0e59-4168b3712b2a, NVIDIA A100-SXM4-40GB, 37613, 40960, 100, 89.55, 40
nid001041,2026/05/03 03:46:52.853, 1, GPU-41dedaa0-c8e2-c576-be36-87a6fa2949d6, NVIDIA A100-SXM4-40GB, 36191, 40960, 100, 100.51, 37
nid001041,2026/05/03 03:46:52.855, 2, GPU-84c053e0-dec1-a69a-0b40-fbf751d71b20, NVIDIA A100-SXM4-40GB, 36191, 40960, 100, 138.14, 36
nid001041,2026/05/03 03:46:52.856, 3, GPU-85487437-4cf7-3ceb-d2b0-5f2bed2d89cd, NVIDIA A100-SXM4-40GB, 37739, 40960, 100, 163.56, 35
nid001040,2026/05/03 03:46:55.818, 0, GPU-32e67c4f-7204-189f-8b65-2c274dd735a9, NVIDIA A100-SXM4-40GB, 34771, 40960, 0, 60.18, 31
nid001040,2026/05/03 03:46:55.820, 1, GPU-8861d14f-cf78-d18f-5009-dcf3f2d5ba6a, NVIDIA A100-SXM4-40GB, 34771, 40960, 0, 63.00, 30
nid001040,2026/05/03 03:46:55.822, 2, GPU-0c84e9ea-eb03-d0fd-94b6-c87fa7f2aa07, NVIDIA A100-SXM4-40GB, 0, 40960, 0, 50.35, 30
nid001040,2026/05/03 03:46:55.824, 3, GPU-324f8797-e49e-315a-bdaa-053d693f20df, NVIDIA A100-SXM4-40GB, 0, 40960, 0, 50.53, 29
nid001041,2026/05/03 03:46:56.714, 0, GPU-0ae16970-0c3a-bbe5-0e59-4168b3712b2a, NVIDIA A100-SXM4-40GB, 37613, 40960, 100, 161.76, 41
nid001041,2026/05/03 03:46:56.717, 1, GPU-41dedaa0-c8e2-c576-be36-87a6fa2949d6, NVIDIA A100-SXM4-40GB, 36191, 40960, 100, 142.91, 37
nid001041,2026/05/03 03:46:56.718, 2, GPU-84c053e0-dec1-a69a-0b40-fbf751d71b20, NVIDIA A100-SXM4-40GB, 36191, 40960, 100, 93.91, 37
nid001041,2026/05/03 03:46:56.720, 3, GPU-85487437-4cf7-3ceb-d2b0-5f2bed2d89cd, NVIDIA A100-SXM4-40GB, 37739, 40960, 100, 98.35, 35
nid001040,2026/05/03 03:46:59.683, 0, GPU-32e67c4f-7204-189f-8b65-2c274dd735a9, NVIDIA A100-SXM4-40GB, 34771, 40960, 0, 60.18, 31
nid001040,2026/05/03 03:46:59.685, 1, GPU-8861d14f-cf78-d18f-5009-dcf3f2d5ba6a, NVIDIA A100-SXM4-40GB, 34771, 40960, 0, 63.00, 30
nid001040,2026/05/03 03:46:59.687, 2, GPU-0c84e9ea-eb03-d0fd-94b6-c87fa7f2aa07, NVIDIA A100-SXM4-40GB, 0, 40960, 0, 50.35, 30
nid001040,2026/05/03 03:46:59.689, 3, GPU-324f8797-e49e-315a-bdaa-053d693f20df, NVIDIA A100-SXM4-40GB, 0, 40960, 0, 50.53, 29
nid001041,2026/05/03 03:47:00.597, 0, GPU-0ae16970-0c3a-bbe5-0e59-4168b3712b2a, NVIDIA A100-SXM4-40GB, 37613, 40960, 100, 88.79, 40
nid001041,2026/05/03 03:47:00.600, 1, GPU-41dedaa0-c8e2-c576-be36-87a6fa2949d6, NVIDIA A100-SXM4-40GB, 36191, 40960, 100, 172.04, 37
nid001041,2026/05/03 03:47:00.603, 2, GPU-84c053e0-dec1-a69a-0b40-fbf751d71b20, NVIDIA A100-SXM4-40GB, 36191, 40960, 100, 122.06, 36
nid001041,2026/05/03 03:47:00.604, 3, GPU-85487437-4cf7-3ceb-d2b0-5f2bed2d89cd, NVIDIA A100-SXM4-40GB, 37739, 40960, 100, 123.40, 34
nid001040,2026/05/03 03:47:03.545, 0, GPU-32e67c4f-7204-189f-8b65-2c274dd735a9, NVIDIA A100-SXM4-40GB, 34771, 40960, 0, 60.18, 31
nid001040,2026/05/03 03:47:03.547, 1, GPU-8861d14f-cf78-d18f-5009-dcf3f2d5ba6a, NVIDIA A100-SXM4-40GB, 34771, 40960, 0, 63.00, 30
nid001040,2026/05/03 03:47:03.549, 2, GPU-0c84e9ea-eb03-d0fd-94b6-c87fa7f2aa07, NVIDIA A100-SXM4-40GB, 0, 40960, 0, 50.35, 30
nid001040,2026/05/03 03:47:03.551, 3, GPU-324f8797-e49e-315a-bdaa-053d693f20df, NVIDIA A100-SXM4-40GB, 0, 40960, 0, 50.53, 29
nid001041,2026/05/03 03:47:04.478, 0, GPU-0ae16970-0c3a-bbe5-0e59-4168b3712b2a, NVIDIA A100-SXM4-40GB, 37613, 40960, 100, 117.37, 40
nid001041,2026/05/03 03:47:04.481, 1, GPU-41dedaa0-c8e2-c576-be36-87a6fa2949d6, NVIDIA A100-SXM4-40GB, 36191, 40960, 100, 106.64, 37
nid001041,2026/05/03 03:47:04.483, 2, GPU-84c053e0-dec1-a69a-0b40-fbf751d71b20, NVIDIA A100-SXM4-40GB, 36191, 40960, 100, 129.75, 36
nid001041,2026/05/03 03:47:04.485, 3, GPU-85487437-4cf7-3ceb-d2b0-5f2bed2d89cd, NVIDIA A100-SXM4-40GB, 37739, 40960, 100, 147.75, 34
nid001040,2026/05/03 03:47:07.417, 0, GPU-32e67c4f-7204-189f-8b65-2c274dd735a9, NVIDIA A100-SXM4-40GB, 34771, 40960, 0, 60.18, 31
nid001040,2026/05/03 03:47:07.419, 1, GPU-8861d14f-cf78-d18f-5009-dcf3f2d5ba6a, NVIDIA A100-SXM4-40GB, 34771, 40960, 0, 63.29, 30
nid001040,2026/05/03 03:47:07.421, 2, GPU-0c84e9ea-eb03-d0fd-94b6-c87fa7f2aa07, NVIDIA A100-SXM4-40GB, 0, 40960, 0, 50.35, 30
nid001040,2026/05/03 03:47:07.423, 3, GPU-324f8797-e49e-315a-bdaa-053d693f20df, NVIDIA A100-SXM4-40GB, 0, 40960, 0, 50.53, 29
nid001041,2026/05/03 03:47:08.340, 0, GPU-0ae16970-0c3a-bbe5-0e59-4168b3712b2a, NVIDIA A100-SXM4-40GB, 37613, 40960, 100, 138.06, 40
nid001041,2026/05/03 03:47:08.343, 1, GPU-41dedaa0-c8e2-c576-be36-87a6fa2949d6, NVIDIA A100-SXM4-40GB, 36191, 40960, 100, 164.88, 37
nid001041,2026/05/03 03:47:08.345, 2, GPU-84c053e0-dec1-a69a-0b40-fbf751d71b20, NVIDIA A100-SXM4-40GB, 36191, 40960, 100, 113.67, 36
nid001041,2026/05/03 03:47:08.346, 3, GPU-85487437-4cf7-3ceb-d2b0-5f2bed2d89cd, NVIDIA A100-SXM4-40GB, 37739, 40960, 100, 122.88, 34
nid001040,2026/05/03 03:47:11.320, 0, GPU-32e67c4f-7204-189f-8b65-2c274dd735a9, NVIDIA A100-SXM4-40GB, 34771, 40960, 0, 60.25, 31
nid001040,2026/05/03 03:47:11.322, 1, GPU-8861d14f-cf78-d18f-5009-dcf3f2d5ba6a, NVIDIA A100-SXM4-40GB, 34771, 40960, 0, 63.00, 30
nid001040,2026/05/03 03:47:11.324, 2, GPU-0c84e9ea-eb03-d0fd-94b6-c87fa7f2aa07, NVIDIA A100-SXM4-40GB, 0, 40960, 0, 50.35, 30
nid001040,2026/05/03 03:47:11.326, 3, GPU-324f8797-e49e-315a-bdaa-053d693f20df, NVIDIA A100-SXM4-40GB, 0, 40960, 0, 50.53, 29
nid001041,2026/05/03 03:47:12.283, 0, GPU-0ae16970-0c3a-bbe5-0e59-4168b3712b2a, NVIDIA A100-SXM4-40GB, 37613, 40960, 100, 138.06, 40
nid001041,2026/05/03 03:47:12.286, 1, GPU-41dedaa0-c8e2-c576-be36-87a6fa2949d6, NVIDIA A100-SXM4-40GB, 36191, 40960, 100, 121.30, 37
nid001041,2026/05/03 03:47:12.287, 2, GPU-84c053e0-dec1-a69a-0b40-fbf751d71b20, NVIDIA A100-SXM4-40GB, 36191, 40960, 100, 91.76, 36
nid001041,2026/05/03 03:47:12.290, 3, GPU-85487437-4cf7-3ceb-d2b0-5f2bed2d89cd, NVIDIA A100-SXM4-40GB, 37739, 40960, 100, 116.99, 35
nid001040,2026/05/03 03:47:15.249, 0, GPU-32e67c4f-7204-189f-8b65-2c274dd735a9, NVIDIA A100-SXM4-40GB, 34771, 40960, 0, 59.72, 31
nid001040,2026/05/03 03:47:15.251, 1, GPU-8861d14f-cf78-d18f-5009-dcf3f2d5ba6a, NVIDIA A100-SXM4-40GB, 34771, 40960, 0, 63.00, 30
nid001040,2026/05/03 03:47:15.252, 2, GPU-0c84e9ea-eb03-d0fd-94b6-c87fa7f2aa07, NVIDIA A100-SXM4-40GB, 0, 40960, 0, 50.35, 30
nid001040,2026/05/03 03:47:15.254, 3, GPU-324f8797-e49e-315a-bdaa-053d693f20df, NVIDIA A100-SXM4-40GB, 0, 40960, 0, 50.53, 29
nid001041,2026/05/03 03:47:16.180, 0, GPU-0ae16970-0c3a-bbe5-0e59-4168b3712b2a, NVIDIA A100-SXM4-40GB, 37613, 40960, 100, 92.86, 40
nid001041,2026/05/03 03:47:16.184, 1, GPU-41dedaa0-c8e2-c576-be36-87a6fa2949d6, NVIDIA A100-SXM4-40GB, 36191, 40960, 100, 94.80, 37
nid001041,2026/05/03 03:47:16.185, 2, GPU-84c053e0-dec1-a69a-0b40-fbf751d71b20, NVIDIA A100-SXM4-40GB, 36191, 40960, 100, 201.87, 36
nid001041,2026/05/03 03:47:16.187, 3, GPU-85487437-4cf7-3ceb-d2b0-5f2bed2d89cd, NVIDIA A100-SXM4-40GB, 37739, 40960, 100, 185.26, 35
nid001040,2026/05/03 03:47:19.143, 0, GPU-32e67c4f-7204-189f-8b65-2c274dd735a9, NVIDIA A100-SXM4-40GB, 34771, 40960, 0, 59.72, 31
nid001040,2026/05/03 03:47:19.145, 1, GPU-8861d14f-cf78-d18f-5009-dcf3f2d5ba6a, NVIDIA A100-SXM4-40GB, 34771, 40960, 0, 63.00, 30
nid001040,2026/05/03 03:47:19.146, 2, GPU-0c84e9ea-eb03-d0fd-94b6-c87fa7f2aa07, NVIDIA A100-SXM4-40GB, 0, 40960, 0, 50.35, 30
nid001040,2026/05/03 03:47:19.149, 3, GPU-324f8797-e49e-315a-bdaa-053d693f20df, NVIDIA A100-SXM4-40GB, 0, 40960, 0, 50.53, 29
nid001041,2026/05/03 03:47:20.079, 0, GPU-0ae16970-0c3a-bbe5-0e59-4168b3712b2a, NVIDIA A100-SXM4-40GB, 37613, 40960, 100, 153.60, 40
nid001041,2026/05/03 03:47:20.082, 1, GPU-41dedaa0-c8e2-c576-be36-87a6fa2949d6, NVIDIA A100-SXM4-40GB, 36191, 40960, 100, 165.65, 37
nid001041,2026/05/03 03:47:20.083, 2, GPU-84c053e0-dec1-a69a-0b40-fbf751d71b20, NVIDIA A100-SXM4-40GB, 36191, 40960, 100, 113.43, 36
nid001041,2026/05/03 03:47:20.085, 3, GPU-85487437-4cf7-3ceb-d2b0-5f2bed2d89cd, NVIDIA A100-SXM4-40GB, 37739, 40960, 100, 114.57, 34
nid001040,2026/05/03 03:47:23.078, 0, GPU-32e67c4f-7204-189f-8b65-2c274dd735a9, NVIDIA A100-SXM4-40GB, 34771, 40960, 0, 59.89, 31
nid001040,2026/05/03 03:47:23.080, 1, GPU-8861d14f-cf78-d18f-5009-dcf3f2d5ba6a, NVIDIA A100-SXM4-40GB, 34771, 40960, 0, 63.00, 30
nid001040,2026/05/03 03:47:23.082, 2, GPU-0c84e9ea-eb03-d0fd-94b6-c87fa7f2aa07, NVIDIA A100-SXM4-40GB, 0, 40960, 0, 50.35, 30
nid001040,2026/05/03 03:47:23.084, 3, GPU-324f8797-e49e-315a-bdaa-053d693f20df, NVIDIA A100-SXM4-40GB, 0, 40960, 0, 50.53, 29
nid001041,2026/05/03 03:47:24.026, 0, GPU-0ae16970-0c3a-bbe5-0e59-4168b3712b2a, NVIDIA A100-SXM4-40GB, 37613, 40960, 100, 175.84, 40
nid001041,2026/05/03 03:47:24.030, 1, GPU-41dedaa0-c8e2-c576-be36-87a6fa2949d6, NVIDIA A100-SXM4-40GB, 36191, 40960, 100, 178.16, 37
nid001041,2026/05/03 03:47:24.032, 2, GPU-84c053e0-dec1-a69a-0b40-fbf751d71b20, NVIDIA A100-SXM4-40GB, 36191, 40960, 100, 101.03, 36
nid001041,2026/05/03 03:47:24.034, 3, GPU-85487437-4cf7-3ceb-d2b0-5f2bed2d89cd, NVIDIA A100-SXM4-40GB, 37739, 40960, 100, 97.35, 34
nid001040,2026/05/03 03:47:26.999, 0, GPU-32e67c4f-7204-189f-8b65-2c274dd735a9, NVIDIA A100-SXM4-40GB, 34771, 40960, 0, 60.25, 31
nid001040,2026/05/03 03:47:27.001, 1, GPU-8861d14f-cf78-d18f-5009-dcf3f2d5ba6a, NVIDIA A100-SXM4-40GB, 34771, 40960, 0, 63.00, 30
nid001040,2026/05/03 03:47:27.005, 2, GPU-0c84e9ea-eb03-d0fd-94b6-c87fa7f2aa07, NVIDIA A100-SXM4-40GB, 0, 40960, 0, 50.35, 30
nid001040,2026/05/03 03:47:27.007, 3, GPU-324f8797-e49e-315a-bdaa-053d693f20df, NVIDIA A100-SXM4-40GB, 0, 40960, 0, 50.53, 29
nid001041,2026/05/03 03:47:27.913, 0, GPU-0ae16970-0c3a-bbe5-0e59-4168b3712b2a, NVIDIA A100-SXM4-40GB, 37613, 40960, 100, 138.82, 40
nid001041,2026/05/03 03:47:27.916, 1, GPU-41dedaa0-c8e2-c576-be36-87a6fa2949d6, NVIDIA A100-SXM4-40GB, 36191, 40960, 100, 126.29, 37
nid001041,2026/05/03 03:47:27.919, 2, GPU-84c053e0-dec1-a69a-0b40-fbf751d71b20, NVIDIA A100-SXM4-40GB, 36191, 40960, 100, 94.04, 36
nid001041,2026/05/03 03:47:27.921, 3, GPU-85487437-4cf7-3ceb-d2b0-5f2bed2d89cd, NVIDIA A100-SXM4-40GB, 37739, 40960, 100, 139.99, 34
nid001040,2026/05/03 03:47:30.884, 0, GPU-32e67c4f-7204-189f-8b65-2c274dd735a9, NVIDIA A100-SXM4-40GB, 34771, 40960, 0, 59.72, 31
nid001040,2026/05/03 03:47:30.885, 1, GPU-8861d14f-cf78-d18f-5009-dcf3f2d5ba6a, NVIDIA A100-SXM4-40GB, 34771, 40960, 0, 63.00, 30
nid001040,2026/05/03 03:47:30.887, 2, GPU-0c84e9ea-eb03-d0fd-94b6-c87fa7f2aa07, NVIDIA A100-SXM4-40GB, 0, 40960, 0, 50.35, 30
nid001040,2026/05/03 03:47:30.889, 3, GPU-324f8797-e49e-315a-bdaa-053d693f20df, NVIDIA A100-SXM4-40GB, 0, 40960, 0, 50.53, 29
nid001041,2026/05/03 03:47:31.797, 0, GPU-0ae16970-0c3a-bbe5-0e59-4168b3712b2a, NVIDIA A100-SXM4-40GB, 37613, 40960, 100, 125.82, 40
nid001041,2026/05/03 03:47:31.800, 1, GPU-41dedaa0-c8e2-c576-be36-87a6fa2949d6, NVIDIA A100-SXM4-40GB, 36191, 40960, 100, 128.71, 37
nid001041,2026/05/03 03:47:31.803, 2, GPU-84c053e0-dec1-a69a-0b40-fbf751d71b20, NVIDIA A100-SXM4-40GB, 36191, 40960, 100, 92.52, 36
nid001041,2026/05/03 03:47:31.804, 3, GPU-85487437-4cf7-3ceb-d2b0-5f2bed2d89cd, NVIDIA A100-SXM4-40GB, 37739, 40960, 100, 132.58, 35
nid001040,2026/05/03 03:47:34.757, 0, GPU-32e67c4f-7204-189f-8b65-2c274dd735a9, NVIDIA A100-SXM4-40GB, 34771, 40960, 0, 60.25, 31
nid001040,2026/05/03 03:47:34.759, 1, GPU-8861d14f-cf78-d18f-5009-dcf3f2d5ba6a, NVIDIA A100-SXM4-40GB, 34771, 40960, 0, 63.00, 30
nid001040,2026/05/03 03:47:34.760, 2, GPU-0c84e9ea-eb03-d0fd-94b6-c87fa7f2aa07, NVIDIA A100-SXM4-40GB, 0, 40960, 0, 50.35, 30
nid001040,2026/05/03 03:47:34.762, 3, GPU-324f8797-e49e-315a-bdaa-053d693f20df, NVIDIA A100-SXM4-40GB, 0, 40960, 0, 50.47, 29
nid001041,2026/05/03 03:47:35.684, 0, GPU-0ae16970-0c3a-bbe5-0e59-4168b3712b2a, NVIDIA A100-SXM4-40GB, 37613, 40960, 100, 154.63, 40
nid001041,2026/05/03 03:47:35.687, 1, GPU-41dedaa0-c8e2-c576-be36-87a6fa2949d6, NVIDIA A100-SXM4-40GB, 36191, 40960, 100, 133.02, 37
nid001041,2026/05/03 03:47:35.690, 2, GPU-84c053e0-dec1-a69a-0b40-fbf751d71b20, NVIDIA A100-SXM4-40GB, 36191, 40960, 100, 99.28, 36
nid001041,2026/05/03 03:47:35.691, 3, GPU-85487437-4cf7-3ceb-d2b0-5f2bed2d89cd, NVIDIA A100-SXM4-40GB, 37739, 40960, 100, 94.02, 35
nid001040,2026/05/03 03:47:38.658, 0, GPU-32e67c4f-7204-189f-8b65-2c274dd735a9, NVIDIA A100-SXM4-40GB, 34771, 40960, 0, 59.89, 31
nid001040,2026/05/03 03:47:38.660, 1, GPU-8861d14f-cf78-d18f-5009-dcf3f2d5ba6a, NVIDIA A100-SXM4-40GB, 34771, 40960, 0, 63.00, 30
nid001040,2026/05/03 03:47:38.662, 2, GPU-0c84e9ea-eb03-d0fd-94b6-c87fa7f2aa07, NVIDIA A100-SXM4-40GB, 0, 40960, 0, 50.35, 30
nid001040,2026/05/03 03:47:38.671, 3, GPU-324f8797-e49e-315a-bdaa-053d693f20df, NVIDIA A100-SXM4-40GB, 0, 40960, 0, 50.53, 29
nid001041,2026/05/03 03:47:39.589, 0, GPU-0ae16970-0c3a-bbe5-0e59-4168b3712b2a, NVIDIA A100-SXM4-40GB, 37613, 40960, 100, 201.36, 40
nid001041,2026/05/03 03:47:39.592, 1, GPU-41dedaa0-c8e2-c576-be36-87a6fa2949d6, NVIDIA A100-SXM4-40GB, 36191, 40960, 100, 185.04, 37
nid001041,2026/05/03 03:47:39.594, 2, GPU-84c053e0-dec1-a69a-0b40-fbf751d71b20, NVIDIA A100-SXM4-40GB, 36191, 40960, 100, 119.03, 36
nid001041,2026/05/03 03:47:39.597, 3, GPU-85487437-4cf7-3ceb-d2b0-5f2bed2d89cd, NVIDIA A100-SXM4-40GB, 37739, 40960, 100, 100.63, 35
nid001040,2026/05/03 03:47:42.562, 0, GPU-32e67c4f-7204-189f-8b65-2c274dd735a9, NVIDIA A100-SXM4-40GB, 34771, 40960, 0, 60.25, 31
nid001040,2026/05/03 03:47:42.564, 1, GPU-8861d14f-cf78-d18f-5009-dcf3f2d5ba6a, NVIDIA A100-SXM4-40GB, 34771, 40960, 0, 63.00, 30
nid001040,2026/05/03 03:47:42.566, 2, GPU-0c84e9ea-eb03-d0fd-94b6-c87fa7f2aa07, NVIDIA A100-SXM4-40GB, 0, 40960, 0, 50.35, 30
nid001040,2026/05/03 03:47:42.584, 3, GPU-324f8797-e49e-315a-bdaa-053d693f20df, NVIDIA A100-SXM4-40GB, 0, 40960, 0, 50.53, 29
nid001041,2026/05/03 03:47:43.506, 0, GPU-0ae16970-0c3a-bbe5-0e59-4168b3712b2a, NVIDIA A100-SXM4-40GB, 37613, 40960, 100, 105.40, 41
nid001041,2026/05/03 03:47:43.510, 1, GPU-41dedaa0-c8e2-c576-be36-87a6fa2949d6, NVIDIA A100-SXM4-40GB, 36191, 40960, 100, 100.51, 37
nid001041,2026/05/03 03:47:43.511, 2, GPU-84c053e0-dec1-a69a-0b40-fbf751d71b20, NVIDIA A100-SXM4-40GB, 36191, 40960, 100, 188.08, 36
nid001041,2026/05/03 03:47:43.513, 3, GPU-85487437-4cf7-3ceb-d2b0-5f2bed2d89cd, NVIDIA A100-SXM4-40GB, 37739, 40960, 100, 129.25, 34
nid001040,2026/05/03 03:47:46.454, 0, GPU-32e67c4f-7204-189f-8b65-2c274dd735a9, NVIDIA A100-SXM4-40GB, 34771, 40960, 0, 59.65, 31
nid001040,2026/05/03 03:47:46.456, 1, GPU-8861d14f-cf78-d18f-5009-dcf3f2d5ba6a, NVIDIA A100-SXM4-40GB, 34771, 40960, 0, 63.00, 30
nid001040,2026/05/03 03:47:46.458, 2, GPU-0c84e9ea-eb03-d0fd-94b6-c87fa7f2aa07, NVIDIA A100-SXM4-40GB, 0, 40960, 0, 50.35, 30
nid001040,2026/05/03 03:47:46.460, 3, GPU-324f8797-e49e-315a-bdaa-053d693f20df, NVIDIA A100-SXM4-40GB, 0, 40960, 0, 50.53, 29
nid001041,2026/05/03 03:47:47.366, 0, GPU-0ae16970-0c3a-bbe5-0e59-4168b3712b2a, NVIDIA A100-SXM4-40GB, 37613, 40960, 100, 94.91, 40
nid001041,2026/05/03 03:47:47.368, 1, GPU-41dedaa0-c8e2-c576-be36-87a6fa2949d6, NVIDIA A100-SXM4-40GB, 36191, 40960, 100, 98.99, 37
nid001041,2026/05/03 03:47:47.372, 2, GPU-84c053e0-dec1-a69a-0b40-fbf751d71b20, NVIDIA A100-SXM4-40GB, 36191, 40960, 100, 128.94, 36
nid001041,2026/05/03 03:47:47.373, 3, GPU-85487437-4cf7-3ceb-d2b0-5f2bed2d89cd, NVIDIA A100-SXM4-40GB, 37739, 40960, 100, 185.71, 34
nid001040,2026/05/03 03:47:50.345, 0, GPU-32e67c4f-7204-189f-8b65-2c274dd735a9, NVIDIA A100-SXM4-40GB, 34771, 40960, 0, 60.25, 31
nid001040,2026/05/03 03:47:50.348, 1, GPU-8861d14f-cf78-d18f-5009-dcf3f2d5ba6a, NVIDIA A100-SXM4-40GB, 34771, 40960, 0, 63.00, 30
nid001040,2026/05/03 03:47:50.349, 2, GPU-0c84e9ea-eb03-d0fd-94b6-c87fa7f2aa07, NVIDIA A100-SXM4-40GB, 0, 40960, 0, 50.35, 30
nid001040,2026/05/03 03:47:50.351, 3, GPU-324f8797-e49e-315a-bdaa-053d693f20df, NVIDIA A100-SXM4-40GB, 0, 40960, 0, 50.53, 29
nid001041,2026/05/03 03:47:51.324, 0, GPU-0ae16970-0c3a-bbe5-0e59-4168b3712b2a, NVIDIA A100-SXM4-40GB, 37613, 40960, 100, 178.37, 41
nid001041,2026/05/03 03:47:51.327, 1, GPU-41dedaa0-c8e2-c576-be36-87a6fa2949d6, NVIDIA A100-SXM4-40GB, 36191, 40960, 100, 112.00, 37
nid001041,2026/05/03 03:47:51.332, 2, GPU-84c053e0-dec1-a69a-0b40-fbf751d71b20, NVIDIA A100-SXM4-40GB, 36191, 40960, 100, 181.96, 36
nid001041,2026/05/03 03:47:51.334, 3, GPU-85487437-4cf7-3ceb-d2b0-5f2bed2d89cd, NVIDIA A100-SXM4-40GB, 37739, 40960, 100, 111.14, 35
nid001040,2026/05/03 03:47:54.285, 0, GPU-32e67c4f-7204-189f-8b65-2c274dd735a9, NVIDIA A100-SXM4-40GB, 34771, 40960, 0, 59.96, 31
nid001040,2026/05/03 03:47:54.287, 1, GPU-8861d14f-cf78-d18f-5009-dcf3f2d5ba6a, NVIDIA A100-SXM4-40GB, 34771, 40960, 0, 63.00, 30
nid001040,2026/05/03 03:47:54.288, 2, GPU-0c84e9ea-eb03-d0fd-94b6-c87fa7f2aa07, NVIDIA A100-SXM4-40GB, 0, 40960, 0, 50.35, 30
nid001040,2026/05/03 03:47:54.290, 3, GPU-324f8797-e49e-315a-bdaa-053d693f20df, NVIDIA A100-SXM4-40GB, 0, 40960, 0, 50.53, 29
nid001041,2026/05/03 03:47:55.240, 0, GPU-0ae16970-0c3a-bbe5-0e59-4168b3712b2a, NVIDIA A100-SXM4-40GB, 37613, 40960, 100, 95.67, 40
nid001041,2026/05/03 03:47:55.243, 1, GPU-41dedaa0-c8e2-c576-be36-87a6fa2949d6, NVIDIA A100-SXM4-40GB, 36191, 40960, 100, 108.31, 37
nid001041,2026/05/03 03:47:55.246, 2, GPU-84c053e0-dec1-a69a-0b40-fbf751d71b20, NVIDIA A100-SXM4-40GB, 36191, 40960, 100, 94.04, 36
nid001041,2026/05/03 03:47:55.254, 3, GPU-85487437-4cf7-3ceb-d2b0-5f2bed2d89cd, NVIDIA A100-SXM4-40GB, 37739, 40960, 100, 216.12, 35
nid001040,2026/05/03 03:47:58.200, 0, GPU-32e67c4f-7204-189f-8b65-2c274dd735a9, NVIDIA A100-SXM4-40GB, 34771, 40960, 0, 60.25, 31
nid001040,2026/05/03 03:47:58.202, 1, GPU-8861d14f-cf78-d18f-5009-dcf3f2d5ba6a, NVIDIA A100-SXM4-40GB, 34771, 40960, 0, 63.00, 30
nid001040,2026/05/03 03:47:58.204, 2, GPU-0c84e9ea-eb03-d0fd-94b6-c87fa7f2aa07, NVIDIA A100-SXM4-40GB, 0, 40960, 0, 50.35, 30
nid001040,2026/05/03 03:47:58.206, 3, GPU-324f8797-e49e-315a-bdaa-053d693f20df, NVIDIA A100-SXM4-40GB, 0, 40960, 0, 50.53, 29
nid001041,2026/05/03 03:47:59.116, 0, GPU-0ae16970-0c3a-bbe5-0e59-4168b3712b2a, NVIDIA A100-SXM4-40GB, 37613, 40960, 100, 184.21, 40
nid001041,2026/05/03 03:47:59.119, 1, GPU-41dedaa0-c8e2-c576-be36-87a6fa2949d6, NVIDIA A100-SXM4-40GB, 36191, 40960, 100, 182.76, 37
nid001041,2026/05/03 03:47:59.120, 2, GPU-84c053e0-dec1-a69a-0b40-fbf751d71b20, NVIDIA A100-SXM4-40GB, 36191, 40960, 100, 120.02, 36
nid001041,2026/05/03 03:47:59.122, 3, GPU-85487437-4cf7-3ceb-d2b0-5f2bed2d89cd, NVIDIA A100-SXM4-40GB, 37739, 40960, 100, 93.22, 34
nid001040,2026/05/03 03:48:02.108, 0, GPU-32e67c4f-7204-189f-8b65-2c274dd735a9, NVIDIA A100-SXM4-40GB, 34771, 40960, 0, 59.72, 31
nid001040,2026/05/03 03:48:02.110, 1, GPU-8861d14f-cf78-d18f-5009-dcf3f2d5ba6a, NVIDIA A100-SXM4-40GB, 34771, 40960, 0, 63.00, 30
nid001040,2026/05/03 03:48:02.112, 2, GPU-0c84e9ea-eb03-d0fd-94b6-c87fa7f2aa07, NVIDIA A100-SXM4-40GB, 0, 40960, 0, 50.35, 30
nid001040,2026/05/03 03:48:02.114, 3, GPU-324f8797-e49e-315a-bdaa-053d693f20df, NVIDIA A100-SXM4-40GB, 0, 40960, 0, 50.53, 29
nid001041,2026/05/03 03:48:03.045, 0, GPU-0ae16970-0c3a-bbe5-0e59-4168b3712b2a, NVIDIA A100-SXM4-40GB, 37613, 40960, 100, 93.91, 40
nid001041,2026/05/03 03:48:03.049, 1, GPU-41dedaa0-c8e2-c576-be36-87a6fa2949d6, NVIDIA A100-SXM4-40GB, 36191, 40960, 100, 102.31, 37
nid001041,2026/05/03 03:48:03.051, 2, GPU-84c053e0-dec1-a69a-0b40-fbf751d71b20, NVIDIA A100-SXM4-40GB, 36191, 40960, 100, 92.00, 36
nid001041,2026/05/03 03:48:03.055, 3, GPU-85487437-4cf7-3ceb-d2b0-5f2bed2d89cd, NVIDIA A100-SXM4-40GB, 37739, 40960, 100, 167.32, 35
nid001040,2026/05/03 03:48:06.013, 0, GPU-32e67c4f-7204-189f-8b65-2c274dd735a9, NVIDIA A100-SXM4-40GB, 34771, 40960, 0, 59.96, 31
nid001040,2026/05/03 03:48:06.016, 1, GPU-8861d14f-cf78-d18f-5009-dcf3f2d5ba6a, NVIDIA A100-SXM4-40GB, 34771, 40960, 0, 63.00, 30
nid001040,2026/05/03 03:48:06.019, 2, GPU-0c84e9ea-eb03-d0fd-94b6-c87fa7f2aa07, NVIDIA A100-SXM4-40GB, 0, 40960, 0, 50.35, 30
nid001040,2026/05/03 03:48:06.021, 3, GPU-324f8797-e49e-315a-bdaa-053d693f20df, NVIDIA A100-SXM4-40GB, 0, 40960, 0, 50.53, 29
nid001041,2026/05/03 03:48:06.944, 0, GPU-0ae16970-0c3a-bbe5-0e59-4168b3712b2a, NVIDIA A100-SXM4-40GB, 37613, 40960, 100, 207.20, 41
nid001041,2026/05/03 03:48:06.947, 1, GPU-41dedaa0-c8e2-c576-be36-87a6fa2949d6, NVIDIA A100-SXM4-40GB, 36191, 40960, 100, 141.98, 37
nid001041,2026/05/03 03:48:06.948, 2, GPU-84c053e0-dec1-a69a-0b40-fbf751d71b20, NVIDIA A100-SXM4-40GB, 36191, 40960, 100, 182.24, 36
nid001041,2026/05/03 03:48:06.955, 3, GPU-85487437-4cf7-3ceb-d2b0-5f2bed2d89cd, NVIDIA A100-SXM4-40GB, 37739, 40960, 100, 102.67, 34
nid001040,2026/05/03 03:48:09.888, 0, GPU-32e67c4f-7204-189f-8b65-2c274dd735a9, NVIDIA A100-SXM4-40GB, 34771, 40960, 0, 59.96, 31
nid001040,2026/05/03 03:48:09.890, 1, GPU-8861d14f-cf78-d18f-5009-dcf3f2d5ba6a, NVIDIA A100-SXM4-40GB, 34771, 40960, 0, 63.00, 30
nid001040,2026/05/03 03:48:09.891, 2, GPU-0c84e9ea-eb03-d0fd-94b6-c87fa7f2aa07, NVIDIA A100-SXM4-40GB, 0, 40960, 0, 50.11, 30
nid001040,2026/05/03 03:48:09.893, 3, GPU-324f8797-e49e-315a-bdaa-053d693f20df, NVIDIA A100-SXM4-40GB, 0, 40960, 0, 50.53, 29
nid001041,2026/05/03 03:48:10.821, 0, GPU-0ae16970-0c3a-bbe5-0e59-4168b3712b2a, NVIDIA A100-SXM4-40GB, 37613, 40960, 100, 118.13, 40
nid001041,2026/05/03 03:48:10.825, 1, GPU-41dedaa0-c8e2-c576-be36-87a6fa2949d6, NVIDIA A100-SXM4-40GB, 36191, 40960, 100, 121.30, 37
nid001041,2026/05/03 03:48:10.827, 2, GPU-84c053e0-dec1-a69a-0b40-fbf751d71b20, NVIDIA A100-SXM4-40GB, 36191, 40960, 100, 101.79, 36
nid001041,2026/05/03 03:48:10.828, 3, GPU-85487437-4cf7-3ceb-d2b0-5f2bed2d89cd, NVIDIA A100-SXM4-40GB, 37739, 40960, 100, 208.24, 34
nid001040,2026/05/03 03:48:13.804, 0, GPU-32e67c4f-7204-189f-8b65-2c274dd735a9, NVIDIA A100-SXM4-40GB, 34771, 40960, 0, 59.96, 31
nid001040,2026/05/03 03:48:13.806, 1, GPU-8861d14f-cf78-d18f-5009-dcf3f2d5ba6a, NVIDIA A100-SXM4-40GB, 34771, 40960, 0, 63.00, 30
nid001040,2026/05/03 03:48:13.807, 2, GPU-0c84e9ea-eb03-d0fd-94b6-c87fa7f2aa07, NVIDIA A100-SXM4-40GB, 0, 40960, 0, 50.35, 30
nid001040,2026/05/03 03:48:13.809, 3, GPU-324f8797-e49e-315a-bdaa-053d693f20df, NVIDIA A100-SXM4-40GB, 0, 40960, 0, 50.53, 29
nid001041,2026/05/03 03:48:14.729, 0, GPU-0ae16970-0c3a-bbe5-0e59-4168b3712b2a, NVIDIA A100-SXM4-40GB, 37613, 40960, 100, 92.86, 40
nid001041,2026/05/03 03:48:14.732, 1, GPU-41dedaa0-c8e2-c576-be36-87a6fa2949d6, NVIDIA A100-SXM4-40GB, 36191, 40960, 100, 95.67, 37
nid001041,2026/05/03 03:48:14.734, 2, GPU-84c053e0-dec1-a69a-0b40-fbf751d71b20, NVIDIA A100-SXM4-40GB, 36191, 40960, 100, 91.87, 36
nid001041,2026/05/03 03:48:14.736, 3, GPU-85487437-4cf7-3ceb-d2b0-5f2bed2d89cd, NVIDIA A100-SXM4-40GB, 37739, 40960, 100, 137.94, 34
nid001040,2026/05/03 03:48:17.732, 0, GPU-32e67c4f-7204-189f-8b65-2c274dd735a9, NVIDIA A100-SXM4-40GB, 34771, 40960, 0, 59.96, 31
nid001040,2026/05/03 03:48:17.734, 1, GPU-8861d14f-cf78-d18f-5009-dcf3f2d5ba6a, NVIDIA A100-SXM4-40GB, 34771, 40960, 0, 63.00, 30
nid001040,2026/05/03 03:48:17.736, 2, GPU-0c84e9ea-eb03-d0fd-94b6-c87fa7f2aa07, NVIDIA A100-SXM4-40GB, 0, 40960, 0, 50.35, 30
nid001040,2026/05/03 03:48:17.738, 3, GPU-324f8797-e49e-315a-bdaa-053d693f20df, NVIDIA A100-SXM4-40GB, 0, 40960, 0, 50.53, 29
nid001041,2026/05/03 03:48:18.653, 0, GPU-0ae16970-0c3a-bbe5-0e59-4168b3712b2a, NVIDIA A100-SXM4-40GB, 37613, 40960, 100, 139.30, 40
nid001041,2026/05/03 03:48:18.655, 1, GPU-41dedaa0-c8e2-c576-be36-87a6fa2949d6, NVIDIA A100-SXM4-40GB, 36191, 40960, 100, 92.86, 37
nid001041,2026/05/03 03:48:18.657, 2, GPU-84c053e0-dec1-a69a-0b40-fbf751d71b20, NVIDIA A100-SXM4-40GB, 36191, 40960, 100, 129.75, 36
nid001041,2026/05/03 03:48:18.659, 3, GPU-85487437-4cf7-3ceb-d2b0-5f2bed2d89cd, NVIDIA A100-SXM4-40GB, 37739, 40960, 100, 118.79, 34
nid001040,2026/05/03 03:48:21.644, 0, GPU-32e67c4f-7204-189f-8b65-2c274dd735a9, NVIDIA A100-SXM4-40GB, 34771, 40960, 0, 59.89, 31
nid001040,2026/05/03 03:48:21.646, 1, GPU-8861d14f-cf78-d18f-5009-dcf3f2d5ba6a, NVIDIA A100-SXM4-40GB, 34771, 40960, 0, 63.00, 30
nid001040,2026/05/03 03:48:21.647, 2, GPU-0c84e9ea-eb03-d0fd-94b6-c87fa7f2aa07, NVIDIA A100-SXM4-40GB, 0, 40960, 0, 50.35, 30
nid001040,2026/05/03 03:48:21.650, 3, GPU-324f8797-e49e-315a-bdaa-053d693f20df, NVIDIA A100-SXM4-40GB, 0, 40960, 0, 50.53, 29
nid001041,2026/05/03 03:48:22.561, 0, GPU-0ae16970-0c3a-bbe5-0e59-4168b3712b2a, NVIDIA A100-SXM4-40GB, 37613, 40960, 100, 197.51, 40
nid001041,2026/05/03 03:48:22.564, 1, GPU-41dedaa0-c8e2-c576-be36-87a6fa2949d6, NVIDIA A100-SXM4-40GB, 36191, 40960, 100, 180.44, 37
nid001041,2026/05/03 03:48:22.567, 2, GPU-84c053e0-dec1-a69a-0b40-fbf751d71b20, NVIDIA A100-SXM4-40GB, 36191, 40960, 100, 196.28, 36
nid001041,2026/05/03 03:48:22.569, 3, GPU-85487437-4cf7-3ceb-d2b0-5f2bed2d89cd, NVIDIA A100-SXM4-40GB, 37739, 40960, 100, 99.11, 35
nid001040,2026/05/03 03:48:25.520, 0, GPU-32e67c4f-7204-189f-8b65-2c274dd735a9, NVIDIA A100-SXM4-40GB, 34771, 40960, 0, 59.96, 31
nid001040,2026/05/03 03:48:25.522, 1, GPU-8861d14f-cf78-d18f-5009-dcf3f2d5ba6a, NVIDIA A100-SXM4-40GB, 34771, 40960, 0, 63.00, 30
nid001040,2026/05/03 03:48:25.526, 2, GPU-0c84e9ea-eb03-d0fd-94b6-c87fa7f2aa07, NVIDIA A100-SXM4-40GB, 0, 40960, 0, 50.35, 30
nid001040,2026/05/03 03:48:25.529, 3, GPU-324f8797-e49e-315a-bdaa-053d693f20df, NVIDIA A100-SXM4-40GB, 0, 40960, 0, 50.53, 29
nid001041,2026/05/03 03:48:26.430, 0, GPU-0ae16970-0c3a-bbe5-0e59-4168b3712b2a, NVIDIA A100-SXM4-40GB, 37613, 40960, 100, 207.71, 40
nid001041,2026/05/03 03:48:26.434, 1, GPU-41dedaa0-c8e2-c576-be36-87a6fa2949d6, NVIDIA A100-SXM4-40GB, 36191, 40960, 100, 203.63, 37
nid001041,2026/05/03 03:48:26.437, 2, GPU-84c053e0-dec1-a69a-0b40-fbf751d71b20, NVIDIA A100-SXM4-40GB, 36191, 40960, 100, 167.21, 36
nid001041,2026/05/03 03:48:26.438, 3, GPU-85487437-4cf7-3ceb-d2b0-5f2bed2d89cd, NVIDIA A100-SXM4-40GB, 37739, 40960, 100, 95.78, 34
nid001040,2026/05/03 03:48:29.405, 0, GPU-32e67c4f-7204-189f-8b65-2c274dd735a9, NVIDIA A100-SXM4-40GB, 34771, 40960, 0, 60.25, 31
nid001040,2026/05/03 03:48:29.407, 1, GPU-8861d14f-cf78-d18f-5009-dcf3f2d5ba6a, NVIDIA A100-SXM4-40GB, 34771, 40960, 0, 63.00, 30
nid001040,2026/05/03 03:48:29.409, 2, GPU-0c84e9ea-eb03-d0fd-94b6-c87fa7f2aa07, NVIDIA A100-SXM4-40GB, 0, 40960, 0, 50.35, 30
nid001040,2026/05/03 03:48:29.411, 3, GPU-324f8797-e49e-315a-bdaa-053d693f20df, NVIDIA A100-SXM4-40GB, 0, 40960, 0, 50.53, 29
nid001041,2026/05/03 03:48:30.331, 0, GPU-0ae16970-0c3a-bbe5-0e59-4168b3712b2a, NVIDIA A100-SXM4-40GB, 37613, 40960, 100, 181.93, 40
nid001041,2026/05/03 03:48:30.334, 1, GPU-41dedaa0-c8e2-c576-be36-87a6fa2949d6, NVIDIA A100-SXM4-40GB, 36191, 40960, 100, 157.25, 37
nid001041,2026/05/03 03:48:30.337, 2, GPU-84c053e0-dec1-a69a-0b40-fbf751d71b20, NVIDIA A100-SXM4-40GB, 36191, 40960, 100, 188.08, 36
nid001041,2026/05/03 03:48:30.340, 3, GPU-85487437-4cf7-3ceb-d2b0-5f2bed2d89cd, NVIDIA A100-SXM4-40GB, 37739, 40960, 100, 104.12, 35
nid001040,2026/05/03 03:48:33.307, 0, GPU-32e67c4f-7204-189f-8b65-2c274dd735a9, NVIDIA A100-SXM4-40GB, 34771, 40960, 0, 59.96, 31
nid001040,2026/05/03 03:48:33.309, 1, GPU-8861d14f-cf78-d18f-5009-dcf3f2d5ba6a, NVIDIA A100-SXM4-40GB, 34771, 40960, 0, 63.00, 30
nid001040,2026/05/03 03:48:33.311, 2, GPU-0c84e9ea-eb03-d0fd-94b6-c87fa7f2aa07, NVIDIA A100-SXM4-40GB, 0, 40960, 0, 50.35, 30
nid001040,2026/05/03 03:48:33.313, 3, GPU-324f8797-e49e-315a-bdaa-053d693f20df, NVIDIA A100-SXM4-40GB, 0, 40960, 0, 50.53, 29
nid001041,2026/05/03 03:48:34.254, 0, GPU-0ae16970-0c3a-bbe5-0e59-4168b3712b2a, NVIDIA A100-SXM4-40GB, 37613, 40960, 100, 95.67, 41
nid001041,2026/05/03 03:48:34.258, 1, GPU-41dedaa0-c8e2-c576-be36-87a6fa2949d6, NVIDIA A100-SXM4-40GB, 36191, 40960, 100, 93.52, 37
nid001041,2026/05/03 03:48:34.259, 2, GPU-84c053e0-dec1-a69a-0b40-fbf751d71b20, NVIDIA A100-SXM4-40GB, 36191, 40960, 100, 90.48, 36
nid001041,2026/05/03 03:48:34.264, 3, GPU-85487437-4cf7-3ceb-d2b0-5f2bed2d89cd, NVIDIA A100-SXM4-40GB, 37739, 40960, 100, 128.86, 34
nid001040,2026/05/03 03:48:37.213, 0, GPU-32e67c4f-7204-189f-8b65-2c274dd735a9, NVIDIA A100-SXM4-40GB, 34771, 40960, 0, 60.25, 31
nid001040,2026/05/03 03:48:37.215, 1, GPU-8861d14f-cf78-d18f-5009-dcf3f2d5ba6a, NVIDIA A100-SXM4-40GB, 34771, 40960, 0, 63.00, 30
nid001040,2026/05/03 03:48:37.216, 2, GPU-0c84e9ea-eb03-d0fd-94b6-c87fa7f2aa07, NVIDIA A100-SXM4-40GB, 0, 40960, 0, 50.11, 30
nid001040,2026/05/03 03:48:37.218, 3, GPU-324f8797-e49e-315a-bdaa-053d693f20df, NVIDIA A100-SXM4-40GB, 0, 40960, 0, 50.53, 29
nid001041,2026/05/03 03:48:38.124, 0, GPU-0ae16970-0c3a-bbe5-0e59-4168b3712b2a, NVIDIA A100-SXM4-40GB, 37613, 40960, 100, 101.03, 40
nid001041,2026/05/03 03:48:38.127, 1, GPU-41dedaa0-c8e2-c576-be36-87a6fa2949d6, NVIDIA A100-SXM4-40GB, 36191, 40960, 100, 101.56, 37
nid001041,2026/05/03 03:48:38.128, 2, GPU-84c053e0-dec1-a69a-0b40-fbf751d71b20, NVIDIA A100-SXM4-40GB, 36191, 40960, 100, 98.35, 36
nid001041,2026/05/03 03:48:38.131, 3, GPU-85487437-4cf7-3ceb-d2b0-5f2bed2d89cd, NVIDIA A100-SXM4-40GB, 37739, 40960, 100, 181.16, 35
nid001040,2026/05/03 03:48:41.097, 0, GPU-32e67c4f-7204-189f-8b65-2c274dd735a9, NVIDIA A100-SXM4-40GB, 34771, 40960, 0, 60.25, 31
nid001040,2026/05/03 03:48:41.099, 1, GPU-8861d14f-cf78-d18f-5009-dcf3f2d5ba6a, NVIDIA A100-SXM4-40GB, 34771, 40960, 0, 63.00, 30
nid001040,2026/05/03 03:48:41.100, 2, GPU-0c84e9ea-eb03-d0fd-94b6-c87fa7f2aa07, NVIDIA A100-SXM4-40GB, 0, 40960, 0, 50.11, 30
nid001040,2026/05/03 03:48:41.103, 3, GPU-324f8797-e49e-315a-bdaa-053d693f20df, NVIDIA A100-SXM4-40GB, 0, 40960, 0, 50.53, 29
nid001041,2026/05/03 03:48:42.060, 0, GPU-0ae16970-0c3a-bbe5-0e59-4168b3712b2a, NVIDIA A100-SXM4-40GB, 37613, 40960, 100, 130.66, 40
nid001041,2026/05/03 03:48:42.063, 1, GPU-41dedaa0-c8e2-c576-be36-87a6fa2949d6, NVIDIA A100-SXM4-40GB, 36191, 40960, 100, 175.08, 37
nid001041,2026/05/03 03:48:42.067, 2, GPU-84c053e0-dec1-a69a-0b40-fbf751d71b20, NVIDIA A100-SXM4-40GB, 36191, 40960, 100, 166.16, 36
nid001041,2026/05/03 03:48:42.068, 3, GPU-85487437-4cf7-3ceb-d2b0-5f2bed2d89cd, NVIDIA A100-SXM4-40GB, 37739, 40960, 100, 93.50, 35
nid001040,2026/05/03 03:48:45.047, 0, GPU-32e67c4f-7204-189f-8b65-2c274dd735a9, NVIDIA A100-SXM4-40GB, 34771, 40960, 0, 59.96, 31
nid001040,2026/05/03 03:48:45.049, 1, GPU-8861d14f-cf78-d18f-5009-dcf3f2d5ba6a, NVIDIA A100-SXM4-40GB, 34771, 40960, 0, 63.00, 30
nid001040,2026/05/03 03:48:45.050, 2, GPU-0c84e9ea-eb03-d0fd-94b6-c87fa7f2aa07, NVIDIA A100-SXM4-40GB, 0, 40960, 0, 50.11, 30
nid001040,2026/05/03 03:48:45.052, 3, GPU-324f8797-e49e-315a-bdaa-053d693f20df, NVIDIA A100-SXM4-40GB, 0, 40960, 0, 50.53, 29
nid001041,2026/05/03 03:48:46.084, 0, GPU-0ae16970-0c3a-bbe5-0e59-4168b3712b2a, NVIDIA A100-SXM4-40GB, 37613, 40960, 100, 95.67, 41
nid001041,2026/05/03 03:48:46.088, 1, GPU-41dedaa0-c8e2-c576-be36-87a6fa2949d6, NVIDIA A100-SXM4-40GB, 36191, 40960, 100, 108.68, 37
nid001041,2026/05/03 03:48:46.090, 2, GPU-84c053e0-dec1-a69a-0b40-fbf751d71b20, NVIDIA A100-SXM4-40GB, 36191, 40960, 100, 106.04, 36
nid001041,2026/05/03 03:48:46.091, 3, GPU-85487437-4cf7-3ceb-d2b0-5f2bed2d89cd, NVIDIA A100-SXM4-40GB, 37739, 40960, 100, 211.53, 35
nid001040,2026/05/03 03:48:49.097, 0, GPU-32e67c4f-7204-189f-8b65-2c274dd735a9, NVIDIA A100-SXM4-40GB, 34771, 40960, 0, 60.25, 31
nid001040,2026/05/03 03:48:49.099, 1, GPU-8861d14f-cf78-d18f-5009-dcf3f2d5ba6a, NVIDIA A100-SXM4-40GB, 34771, 40960, 0, 63.08, 30
nid001040,2026/05/03 03:48:49.100, 2, GPU-0c84e9ea-eb03-d0fd-94b6-c87fa7f2aa07, NVIDIA A100-SXM4-40GB, 0, 40960, 0, 50.35, 30
nid001040,2026/05/03 03:48:49.102, 3, GPU-324f8797-e49e-315a-bdaa-053d693f20df, NVIDIA A100-SXM4-40GB, 0, 40960, 0, 50.53, 29
nid001041,2026/05/03 03:48:50.023, 0, GPU-0ae16970-0c3a-bbe5-0e59-4168b3712b2a, NVIDIA A100-SXM4-40GB, 37613, 40960, 100, 141.87, 40
nid001041,2026/05/03 03:48:50.025, 1, GPU-41dedaa0-c8e2-c576-be36-87a6fa2949d6, NVIDIA A100-SXM4-40GB, 36191, 40960, 100, 199.55, 37
nid001041,2026/05/03 03:48:50.027, 2, GPU-84c053e0-dec1-a69a-0b40-fbf751d71b20, NVIDIA A100-SXM4-40GB, 36191, 40960, 100, 200.83, 36
nid001041,2026/05/03 03:48:50.030, 3, GPU-85487437-4cf7-3ceb-d2b0-5f2bed2d89cd, NVIDIA A100-SXM4-40GB, 37739, 40960, 100, 97.59, 34
nid001040,2026/05/03 03:48:53.008, 0, GPU-32e67c4f-7204-189f-8b65-2c274dd735a9, NVIDIA A100-SXM4-40GB, 34771, 40960, 0, 59.96, 31
nid001040,2026/05/03 03:48:53.010, 1, GPU-8861d14f-cf78-d18f-5009-dcf3f2d5ba6a, NVIDIA A100-SXM4-40GB, 34771, 40960, 0, 63.29, 30
nid001040,2026/05/03 03:48:53.012, 2, GPU-0c84e9ea-eb03-d0fd-94b6-c87fa7f2aa07, NVIDIA A100-SXM4-40GB, 0, 40960, 0, 50.35, 30
nid001040,2026/05/03 03:48:53.014, 3, GPU-324f8797-e49e-315a-bdaa-053d693f20df, NVIDIA A100-SXM4-40GB, 0, 40960, 0, 50.53, 29
nid001041,2026/05/03 03:48:53.926, 0, GPU-0ae16970-0c3a-bbe5-0e59-4168b3712b2a, NVIDIA A100-SXM4-40GB, 37613, 40960, 100, 88.79, 40
nid001041,2026/05/03 03:48:53.929, 1, GPU-41dedaa0-c8e2-c576-be36-87a6fa2949d6, NVIDIA A100-SXM4-40GB, 36191, 40960, 100, 101.03, 37
nid001041,2026/05/03 03:48:53.931, 2, GPU-84c053e0-dec1-a69a-0b40-fbf751d71b20, NVIDIA A100-SXM4-40GB, 36191, 40960, 100, 96.84, 36
nid001041,2026/05/03 03:48:53.933, 3, GPU-85487437-4cf7-3ceb-d2b0-5f2bed2d89cd, NVIDIA A100-SXM4-40GB, 37739, 40960, 100, 153.30, 34
nid001040,2026/05/03 03:48:56.917, 0, GPU-32e67c4f-7204-189f-8b65-2c274dd735a9, NVIDIA A100-SXM4-40GB, 34771, 40960, 0, 59.72, 31
nid001040,2026/05/03 03:48:56.919, 1, GPU-8861d14f-cf78-d18f-5009-dcf3f2d5ba6a, NVIDIA A100-SXM4-40GB, 34771, 40960, 0, 63.00, 30
nid001040,2026/05/03 03:48:56.920, 2, GPU-0c84e9ea-eb03-d0fd-94b6-c87fa7f2aa07, NVIDIA A100-SXM4-40GB, 0, 40960, 0, 50.35, 30
nid001040,2026/05/03 03:48:56.922, 3, GPU-324f8797-e49e-315a-bdaa-053d693f20df, NVIDIA A100-SXM4-40GB, 0, 40960, 0, 50.53, 29
nid001041,2026/05/03 03:48:57.843, 0, GPU-0ae16970-0c3a-bbe5-0e59-4168b3712b2a, NVIDIA A100-SXM4-40GB, 37613, 40960, 100, 150.03, 40
nid001041,2026/05/03 03:48:57.845, 1, GPU-41dedaa0-c8e2-c576-be36-87a6fa2949d6, NVIDIA A100-SXM4-40GB, 36191, 40960, 100, 201.87, 37
nid001041,2026/05/03 03:48:57.847, 2, GPU-84c053e0-dec1-a69a-0b40-fbf751d71b20, NVIDIA A100-SXM4-40GB, 36191, 40960, 100, 173.32, 36
nid001041,2026/05/03 03:48:57.849, 3, GPU-85487437-4cf7-3ceb-d2b0-5f2bed2d89cd, NVIDIA A100-SXM4-40GB, 37739, 40960, 100, 94.50, 35
nid001040,2026/05/03 03:49:00.803, 0, GPU-32e67c4f-7204-189f-8b65-2c274dd735a9, NVIDIA A100-SXM4-40GB, 34771, 40960, 0, 60.25, 31
nid001040,2026/05/03 03:49:00.805, 1, GPU-8861d14f-cf78-d18f-5009-dcf3f2d5ba6a, NVIDIA A100-SXM4-40GB, 34771, 40960, 0, 63.00, 30
nid001040,2026/05/03 03:49:00.806, 2, GPU-0c84e9ea-eb03-d0fd-94b6-c87fa7f2aa07, NVIDIA A100-SXM4-40GB, 0, 40960, 0, 50.35, 30
nid001040,2026/05/03 03:49:00.809, 3, GPU-324f8797-e49e-315a-bdaa-053d693f20df, NVIDIA A100-SXM4-40GB, 0, 40960, 0, 50.53, 29
nid001041,2026/05/03 03:49:01.728, 0, GPU-0ae16970-0c3a-bbe5-0e59-4168b3712b2a, NVIDIA A100-SXM4-40GB, 37613, 40960, 100, 94.67, 40
nid001041,2026/05/03 03:49:01.731, 1, GPU-41dedaa0-c8e2-c576-be36-87a6fa2949d6, NVIDIA A100-SXM4-40GB, 36191, 40960, 100, 111.76, 37
nid001041,2026/05/03 03:49:01.733, 2, GPU-84c053e0-dec1-a69a-0b40-fbf751d71b20, NVIDIA A100-SXM4-40GB, 36191, 40960, 100, 100.91, 36
nid001041,2026/05/03 03:49:01.738, 3, GPU-85487437-4cf7-3ceb-d2b0-5f2bed2d89cd, NVIDIA A100-SXM4-40GB, 37739, 40960, 100, 178.62, 35
nid001040,2026/05/03 03:49:04.738, 0, GPU-32e67c4f-7204-189f-8b65-2c274dd735a9, NVIDIA A100-SXM4-40GB, 34771, 40960, 0, 59.72, 31
nid001040,2026/05/03 03:49:04.740, 1, GPU-8861d14f-cf78-d18f-5009-dcf3f2d5ba6a, NVIDIA A100-SXM4-40GB, 34771, 40960, 0, 63.00, 30
nid001040,2026/05/03 03:49:04.742, 2, GPU-0c84e9ea-eb03-d0fd-94b6-c87fa7f2aa07, NVIDIA A100-SXM4-40GB, 0, 40960, 0, 50.35, 30
nid001040,2026/05/03 03:49:04.744, 3, GPU-324f8797-e49e-315a-bdaa-053d693f20df, NVIDIA A100-SXM4-40GB, 0, 40960, 0, 50.53, 29
nid001041,2026/05/03 03:49:05.670, 0, GPU-0ae16970-0c3a-bbe5-0e59-4168b3712b2a, NVIDIA A100-SXM4-40GB, 37613, 40960, 100, 180.65, 40
nid001041,2026/05/03 03:49:05.673, 1, GPU-41dedaa0-c8e2-c576-be36-87a6fa2949d6, NVIDIA A100-SXM4-40GB, 36191, 40960, 100, 94.15, 37
nid001041,2026/05/03 03:49:05.675, 2, GPU-84c053e0-dec1-a69a-0b40-fbf751d71b20, NVIDIA A100-SXM4-40GB, 36191, 40960, 100, 90.48, 36
nid001041,2026/05/03 03:49:05.676, 3, GPU-85487437-4cf7-3ceb-d2b0-5f2bed2d89cd, NVIDIA A100-SXM4-40GB, 37739, 40960, 100, 117.50, 34
nid001040,2026/05/03 03:49:08.673, 0, GPU-32e67c4f-7204-189f-8b65-2c274dd735a9, NVIDIA A100-SXM4-40GB, 34771, 40960, 0, 59.96, 31
nid001040,2026/05/03 03:49:08.675, 1, GPU-8861d14f-cf78-d18f-5009-dcf3f2d5ba6a, NVIDIA A100-SXM4-40GB, 34771, 40960, 0, 63.00, 30
nid001040,2026/05/03 03:49:08.677, 2, GPU-0c84e9ea-eb03-d0fd-94b6-c87fa7f2aa07, NVIDIA A100-SXM4-40GB, 0, 40960, 0, 50.35, 30
nid001040,2026/05/03 03:49:08.679, 3, GPU-324f8797-e49e-315a-bdaa-053d693f20df, NVIDIA A100-SXM4-40GB, 0, 40960, 0, 50.53, 29
nid001041,2026/05/03 03:49:09.610, 0, GPU-0ae16970-0c3a-bbe5-0e59-4168b3712b2a, NVIDIA A100-SXM4-40GB, 37613, 40960, 100, 162.28, 40
nid001041,2026/05/03 03:49:09.613, 1, GPU-41dedaa0-c8e2-c576-be36-87a6fa2949d6, NVIDIA A100-SXM4-40GB, 36191, 40960, 100, 207.71, 37
nid001041,2026/05/03 03:49:09.616, 2, GPU-84c053e0-dec1-a69a-0b40-fbf751d71b20, NVIDIA A100-SXM4-40GB, 36191, 40960, 100, 182.48, 36
nid001041,2026/05/03 03:49:09.618, 3, GPU-85487437-4cf7-3ceb-d2b0-5f2bed2d89cd, NVIDIA A100-SXM4-40GB, 37739, 40960, 100, 94.26, 35
nid001040,2026/05/03 03:49:12.618, 0, GPU-32e67c4f-7204-189f-8b65-2c274dd735a9, NVIDIA A100-SXM4-40GB, 34771, 40960, 0, 60.18, 31
nid001040,2026/05/03 03:49:12.622, 1, GPU-8861d14f-cf78-d18f-5009-dcf3f2d5ba6a, NVIDIA A100-SXM4-40GB, 34771, 40960, 0, 63.00, 30
nid001040,2026/05/03 03:49:12.623, 2, GPU-0c84e9ea-eb03-d0fd-94b6-c87fa7f2aa07, NVIDIA A100-SXM4-40GB, 0, 40960, 0, 50.35, 30
nid001040,2026/05/03 03:49:12.625, 3, GPU-324f8797-e49e-315a-bdaa-053d693f20df, NVIDIA A100-SXM4-40GB, 0, 40960, 0, 50.53, 29
nid001041,2026/05/03 03:49:13.545, 0, GPU-0ae16970-0c3a-bbe5-0e59-4168b3712b2a, NVIDIA A100-SXM4-40GB, 37613, 40960, 100, 115.85, 40
nid001041,2026/05/03 03:49:13.548, 1, GPU-41dedaa0-c8e2-c576-be36-87a6fa2949d6, NVIDIA A100-SXM4-40GB, 36191, 40960, 100, 155.21, 37
nid001041,2026/05/03 03:49:13.550, 2, GPU-84c053e0-dec1-a69a-0b40-fbf751d71b20, NVIDIA A100-SXM4-40GB, 36191, 40960, 100, 121.83, 36
nid001041,2026/05/03 03:49:13.553, 3, GPU-85487437-4cf7-3ceb-d2b0-5f2bed2d89cd, NVIDIA A100-SXM4-40GB, 37739, 40960, 100, 171.20, 34
nid001040,2026/05/03 03:49:16.526, 0, GPU-32e67c4f-7204-189f-8b65-2c274dd735a9, NVIDIA A100-SXM4-40GB, 34771, 40960, 0, 59.89, 31
nid001040,2026/05/03 03:49:16.528, 1, GPU-8861d14f-cf78-d18f-5009-dcf3f2d5ba6a, NVIDIA A100-SXM4-40GB, 34771, 40960, 0, 63.00, 30
nid001040,2026/05/03 03:49:16.530, 2, GPU-0c84e9ea-eb03-d0fd-94b6-c87fa7f2aa07, NVIDIA A100-SXM4-40GB, 0, 40960, 0, 50.35, 30
nid001040,2026/05/03 03:49:16.532, 3, GPU-324f8797-e49e-315a-bdaa-053d693f20df, NVIDIA A100-SXM4-40GB, 0, 40960, 0, 50.53, 29
nid001041,2026/05/03 03:49:17.448, 0, GPU-0ae16970-0c3a-bbe5-0e59-4168b3712b2a, NVIDIA A100-SXM4-40GB, 37613, 40960, 100, 98.75, 40
nid001041,2026/05/03 03:49:17.453, 1, GPU-41dedaa0-c8e2-c576-be36-87a6fa2949d6, NVIDIA A100-SXM4-40GB, 36191, 40960, 100, 126.81, 37
nid001041,2026/05/03 03:49:17.454, 2, GPU-84c053e0-dec1-a69a-0b40-fbf751d71b20, NVIDIA A100-SXM4-40GB, 36191, 40960, 100, 111.11, 36
nid001041,2026/05/03 03:49:17.456, 3, GPU-85487437-4cf7-3ceb-d2b0-5f2bed2d89cd, NVIDIA A100-SXM4-40GB, 37739, 40960, 100, 204.68, 35
nid001040,2026/05/03 03:49:20.436, 0, GPU-32e67c4f-7204-189f-8b65-2c274dd735a9, NVIDIA A100-SXM4-40GB, 34771, 40960, 0, 59.72, 31
nid001040,2026/05/03 03:49:20.438, 1, GPU-8861d14f-cf78-d18f-5009-dcf3f2d5ba6a, NVIDIA A100-SXM4-40GB, 34771, 40960, 0, 63.00, 30
nid001040,2026/05/03 03:49:20.440, 2, GPU-0c84e9ea-eb03-d0fd-94b6-c87fa7f2aa07, NVIDIA A100-SXM4-40GB, 0, 40960, 0, 50.35, 30
nid001040,2026/05/03 03:49:20.442, 3, GPU-324f8797-e49e-315a-bdaa-053d693f20df, NVIDIA A100-SXM4-40GB, 0, 40960, 0, 50.53, 29
nid001041,2026/05/03 03:49:21.359, 0, GPU-0ae16970-0c3a-bbe5-0e59-4168b3712b2a, NVIDIA A100-SXM4-40GB, 37613, 40960, 100, 100.80, 41
nid001041,2026/05/03 03:49:21.362, 1, GPU-41dedaa0-c8e2-c576-be36-87a6fa2949d6, NVIDIA A100-SXM4-40GB, 36191, 40960, 100, 132.94, 37
nid001041,2026/05/03 03:49:21.363, 2, GPU-84c053e0-dec1-a69a-0b40-fbf751d71b20, NVIDIA A100-SXM4-40GB, 36191, 40960, 100, 105.75, 36
nid001041,2026/05/03 03:49:21.366, 3, GPU-85487437-4cf7-3ceb-d2b0-5f2bed2d89cd, NVIDIA A100-SXM4-40GB, 37739, 40960, 100, 195.70, 35
nid001040,2026/05/03 03:49:24.327, 0, GPU-32e67c4f-7204-189f-8b65-2c274dd735a9, NVIDIA A100-SXM4-40GB, 34771, 40960, 0, 59.72, 31
nid001040,2026/05/03 03:49:24.329, 1, GPU-8861d14f-cf78-d18f-5009-dcf3f2d5ba6a, NVIDIA A100-SXM4-40GB, 34771, 40960, 0, 63.00, 30
nid001040,2026/05/03 03:49:24.330, 2, GPU-0c84e9ea-eb03-d0fd-94b6-c87fa7f2aa07, NVIDIA A100-SXM4-40GB, 0, 40960, 0, 50.35, 30
nid001040,2026/05/03 03:49:24.332, 3, GPU-324f8797-e49e-315a-bdaa-053d693f20df, NVIDIA A100-SXM4-40GB, 0, 40960, 0, 50.53, 29
nid001041,2026/05/03 03:49:25.318, 0, GPU-0ae16970-0c3a-bbe5-0e59-4168b3712b2a, NVIDIA A100-SXM4-40GB, 37613, 40960, 100, 129.90, 41
nid001041,2026/05/03 03:49:25.321, 1, GPU-41dedaa0-c8e2-c576-be36-87a6fa2949d6, NVIDIA A100-SXM4-40GB, 36191, 40960, 100, 168.97, 37
nid001041,2026/05/03 03:49:25.323, 2, GPU-84c053e0-dec1-a69a-0b40-fbf751d71b20, NVIDIA A100-SXM4-40GB, 36191, 40960, 100, 145.54, 36
nid001041,2026/05/03 03:49:25.324, 3, GPU-85487437-4cf7-3ceb-d2b0-5f2bed2d89cd, NVIDIA A100-SXM4-40GB, 37739, 40960, 100, 118.55, 35
nid001040,2026/05/03 03:49:28.304, 0, GPU-32e67c4f-7204-189f-8b65-2c274dd735a9, NVIDIA A100-SXM4-40GB, 34771, 40960, 0, 59.72, 31
nid001040,2026/05/03 03:49:28.306, 1, GPU-8861d14f-cf78-d18f-5009-dcf3f2d5ba6a, NVIDIA A100-SXM4-40GB, 34771, 40960, 0, 63.00, 30
nid001040,2026/05/03 03:49:28.307, 2, GPU-0c84e9ea-eb03-d0fd-94b6-c87fa7f2aa07, NVIDIA A100-SXM4-40GB, 0, 40960, 0, 50.35, 30
nid001040,2026/05/03 03:49:28.310, 3, GPU-324f8797-e49e-315a-bdaa-053d693f20df, NVIDIA A100-SXM4-40GB, 0, 40960, 0, 50.53, 29
nid001041,2026/05/03 03:49:29.218, 0, GPU-0ae16970-0c3a-bbe5-0e59-4168b3712b2a, NVIDIA A100-SXM4-40GB, 37613, 40960, 100, 161.56, 40
nid001041,2026/05/03 03:49:29.222, 1, GPU-41dedaa0-c8e2-c576-be36-87a6fa2949d6, NVIDIA A100-SXM4-40GB, 36191, 40960, 100, 172.57, 37
nid001041,2026/05/03 03:49:29.224, 2, GPU-84c053e0-dec1-a69a-0b40-fbf751d71b20, NVIDIA A100-SXM4-40GB, 36191, 40960, 100, 198.56, 36
nid001041,2026/05/03 03:49:29.226, 3, GPU-85487437-4cf7-3ceb-d2b0-5f2bed2d89cd, NVIDIA A100-SXM4-40GB, 37739, 40960, 100, 101.43, 35
nid001040,2026/05/03 03:49:32.186, 0, GPU-32e67c4f-7204-189f-8b65-2c274dd735a9, NVIDIA A100-SXM4-40GB, 34771, 40960, 0, 60.18, 31
nid001040,2026/05/03 03:49:32.189, 1, GPU-8861d14f-cf78-d18f-5009-dcf3f2d5ba6a, NVIDIA A100-SXM4-40GB, 34771, 40960, 0, 63.00, 30
nid001040,2026/05/03 03:49:32.190, 2, GPU-0c84e9ea-eb03-d0fd-94b6-c87fa7f2aa07, NVIDIA A100-SXM4-40GB, 0, 40960, 0, 50.11, 30
nid001040,2026/05/03 03:49:32.199, 3, GPU-324f8797-e49e-315a-bdaa-053d693f20df, NVIDIA A100-SXM4-40GB, 0, 40960, 0, 50.53, 29
nid001041,2026/05/03 03:49:33.141, 0, GPU-0ae16970-0c3a-bbe5-0e59-4168b3712b2a, NVIDIA A100-SXM4-40GB, 37613, 40960, 100, 136.78, 40
nid001041,2026/05/03 03:49:33.144, 1, GPU-41dedaa0-c8e2-c576-be36-87a6fa2949d6, NVIDIA A100-SXM4-40GB, 36191, 40960, 100, 92.35, 37
nid001041,2026/05/03 03:49:33.146, 2, GPU-84c053e0-dec1-a69a-0b40-fbf751d71b20, NVIDIA A100-SXM4-40GB, 36191, 40960, 100, 103.60, 36
nid001041,2026/05/03 03:49:33.149, 3, GPU-85487437-4cf7-3ceb-d2b0-5f2bed2d89cd, NVIDIA A100-SXM4-40GB, 37739, 40960, 100, 135.50, 35
nid001040,2026/05/03 03:49:36.117, 0, GPU-32e67c4f-7204-189f-8b65-2c274dd735a9, NVIDIA A100-SXM4-40GB, 34771, 40960, 0, 59.72, 31
nid001040,2026/05/03 03:49:36.119, 1, GPU-8861d14f-cf78-d18f-5009-dcf3f2d5ba6a, NVIDIA A100-SXM4-40GB, 34771, 40960, 0, 63.29, 30
nid001040,2026/05/03 03:49:36.120, 2, GPU-0c84e9ea-eb03-d0fd-94b6-c87fa7f2aa07, NVIDIA A100-SXM4-40GB, 0, 40960, 0, 50.35, 30
nid001040,2026/05/03 03:49:36.122, 3, GPU-324f8797-e49e-315a-bdaa-053d693f20df, NVIDIA A100-SXM4-40GB, 0, 40960, 0, 50.53, 29
nid001041,2026/05/03 03:49:37.038, 0, GPU-0ae16970-0c3a-bbe5-0e59-4168b3712b2a, NVIDIA A100-SXM4-40GB, 37613, 40960, 100, 98.75, 40
nid001041,2026/05/03 03:49:37.041, 1, GPU-41dedaa0-c8e2-c576-be36-87a6fa2949d6, NVIDIA A100-SXM4-40GB, 36191, 40960, 100, 110.72, 37
nid001041,2026/05/03 03:49:37.043, 2, GPU-84c053e0-dec1-a69a-0b40-fbf751d71b20, NVIDIA A100-SXM4-40GB, 36191, 40960, 100, 104.99, 36
nid001041,2026/05/03 03:49:37.046, 3, GPU-85487437-4cf7-3ceb-d2b0-5f2bed2d89cd, NVIDIA A100-SXM4-40GB, 37739, 40960, 100, 223.53, 35
nid001040,2026/05/03 03:49:40.031, 0, GPU-32e67c4f-7204-189f-8b65-2c274dd735a9, NVIDIA A100-SXM4-40GB, 34771, 40960, 0, 59.72, 31
nid001040,2026/05/03 03:49:40.033, 1, GPU-8861d14f-cf78-d18f-5009-dcf3f2d5ba6a, NVIDIA A100-SXM4-40GB, 34771, 40960, 0, 63.00, 30
nid001040,2026/05/03 03:49:40.035, 2, GPU-0c84e9ea-eb03-d0fd-94b6-c87fa7f2aa07, NVIDIA A100-SXM4-40GB, 0, 40960, 0, 50.35, 30
nid001040,2026/05/03 03:49:40.037, 3, GPU-324f8797-e49e-315a-bdaa-053d693f20df, NVIDIA A100-SXM4-40GB, 0, 40960, 0, 50.53, 29
nid001041,2026/05/03 03:49:40.971, 0, GPU-0ae16970-0c3a-bbe5-0e59-4168b3712b2a, NVIDIA A100-SXM4-40GB, 37613, 40960, 100, 198.79, 41
nid001041,2026/05/03 03:49:40.974, 1, GPU-41dedaa0-c8e2-c576-be36-87a6fa2949d6, NVIDIA A100-SXM4-40GB, 36191, 40960, 100, 93.63, 37
nid001041,2026/05/03 03:49:40.976, 2, GPU-84c053e0-dec1-a69a-0b40-fbf751d71b20, NVIDIA A100-SXM4-40GB, 36191, 40960, 100, 156.49, 36
nid001041,2026/05/03 03:49:40.977, 3, GPU-85487437-4cf7-3ceb-d2b0-5f2bed2d89cd, NVIDIA A100-SXM4-40GB, 37739, 40960, 100, 119.83, 35
nid001040,2026/05/03 03:49:43.948, 0, GPU-32e67c4f-7204-189f-8b65-2c274dd735a9, NVIDIA A100-SXM4-40GB, 34771, 40960, 0, 60.25, 31
nid001040,2026/05/03 03:49:43.950, 1, GPU-8861d14f-cf78-d18f-5009-dcf3f2d5ba6a, NVIDIA A100-SXM4-40GB, 34771, 40960, 0, 63.00, 30
nid001040,2026/05/03 03:49:43.952, 2, GPU-0c84e9ea-eb03-d0fd-94b6-c87fa7f2aa07, NVIDIA A100-SXM4-40GB, 0, 40960, 0, 50.35, 30
nid001040,2026/05/03 03:49:43.954, 3, GPU-324f8797-e49e-315a-bdaa-053d693f20df, NVIDIA A100-SXM4-40GB, 0, 40960, 0, 50.53, 29
nid001041,2026/05/03 03:49:44.863, 0, GPU-0ae16970-0c3a-bbe5-0e59-4168b3712b2a, NVIDIA A100-SXM4-40GB, 37613, 40960, 100, 91.06, 40
nid001041,2026/05/03 03:49:44.866, 1, GPU-41dedaa0-c8e2-c576-be36-87a6fa2949d6, NVIDIA A100-SXM4-40GB, 36191, 40960, 100, 115.85, 37
nid001041,2026/05/03 03:49:44.874, 2, GPU-84c053e0-dec1-a69a-0b40-fbf751d71b20, NVIDIA A100-SXM4-40GB, 36191, 40960, 100, 97.59, 36
nid001041,2026/05/03 03:49:44.876, 3, GPU-85487437-4cf7-3ceb-d2b0-5f2bed2d89cd, NVIDIA A100-SXM4-40GB, 37739, 40960, 100, 213.32, 35
nid001040,2026/05/03 03:49:47.878, 0, GPU-32e67c4f-7204-189f-8b65-2c274dd735a9, NVIDIA A100-SXM4-40GB, 34771, 40960, 0, 60.25, 31
nid001040,2026/05/03 03:49:47.880, 1, GPU-8861d14f-cf78-d18f-5009-dcf3f2d5ba6a, NVIDIA A100-SXM4-40GB, 34771, 40960, 0, 63.00, 30
nid001040,2026/05/03 03:49:47.881, 2, GPU-0c84e9ea-eb03-d0fd-94b6-c87fa7f2aa07, NVIDIA A100-SXM4-40GB, 0, 40960, 0, 50.35, 30
nid001040,2026/05/03 03:49:47.884, 3, GPU-324f8797-e49e-315a-bdaa-053d693f20df, NVIDIA A100-SXM4-40GB, 0, 40960, 0, 50.53, 29
nid001041,2026/05/03 03:49:48.830, 0, GPU-0ae16970-0c3a-bbe5-0e59-4168b3712b2a, NVIDIA A100-SXM4-40GB, 37613, 40960, 100, 145.95, 41
nid001041,2026/05/03 03:49:48.833, 1, GPU-41dedaa0-c8e2-c576-be36-87a6fa2949d6, NVIDIA A100-SXM4-40GB, 36191, 40960, 100, 150.79, 37
nid001041,2026/05/03 03:49:48.835, 2, GPU-84c053e0-dec1-a69a-0b40-fbf751d71b20, NVIDIA A100-SXM4-40GB, 36191, 40960, 100, 203.16, 36
nid001041,2026/05/03 03:49:48.836, 3, GPU-85487437-4cf7-3ceb-d2b0-5f2bed2d89cd, NVIDIA A100-SXM4-40GB, 37739, 40960, 100, 105.53, 35
nid001040,2026/05/03 03:49:51.826, 0, GPU-32e67c4f-7204-189f-8b65-2c274dd735a9, NVIDIA A100-SXM4-40GB, 34771, 40960, 0, 59.96, 31
nid001040,2026/05/03 03:49:51.828, 1, GPU-8861d14f-cf78-d18f-5009-dcf3f2d5ba6a, NVIDIA A100-SXM4-40GB, 34771, 40960, 0, 63.00, 30
nid001040,2026/05/03 03:49:51.830, 2, GPU-0c84e9ea-eb03-d0fd-94b6-c87fa7f2aa07, NVIDIA A100-SXM4-40GB, 0, 40960, 0, 50.35, 30
nid001040,2026/05/03 03:49:51.832, 3, GPU-324f8797-e49e-315a-bdaa-053d693f20df, NVIDIA A100-SXM4-40GB, 0, 40960, 0, 50.53, 29
nid001041,2026/05/03 03:49:52.735, 0, GPU-0ae16970-0c3a-bbe5-0e59-4168b3712b2a, NVIDIA A100-SXM4-40GB, 37613, 40960, 100, 92.35, 40
nid001041,2026/05/03 03:49:52.738, 1, GPU-41dedaa0-c8e2-c576-be36-87a6fa2949d6, NVIDIA A100-SXM4-40GB, 36191, 40960, 100, 116.08, 37
nid001041,2026/05/03 03:49:52.739, 2, GPU-84c053e0-dec1-a69a-0b40-fbf751d71b20, NVIDIA A100-SXM4-40GB, 36191, 40960, 100, 104.75, 36
nid001041,2026/05/03 03:49:52.741, 3, GPU-85487437-4cf7-3ceb-d2b0-5f2bed2d89cd, NVIDIA A100-SXM4-40GB, 37739, 40960, 100, 207.20, 35
nid001040,2026/05/03 03:49:55.723, 0, GPU-32e67c4f-7204-189f-8b65-2c274dd735a9, NVIDIA A100-SXM4-40GB, 34771, 40960, 0, 59.96, 31
nid001040,2026/05/03 03:49:55.725, 1, GPU-8861d14f-cf78-d18f-5009-dcf3f2d5ba6a, NVIDIA A100-SXM4-40GB, 34771, 40960, 0, 63.00, 30
nid001040,2026/05/03 03:49:55.727, 2, GPU-0c84e9ea-eb03-d0fd-94b6-c87fa7f2aa07, NVIDIA A100-SXM4-40GB, 0, 40960, 0, 50.35, 30
nid001040,2026/05/03 03:49:55.729, 3, GPU-324f8797-e49e-315a-bdaa-053d693f20df, NVIDIA A100-SXM4-40GB, 0, 40960, 0, 50.53, 29
nid001041,2026/05/03 03:49:56.658, 0, GPU-0ae16970-0c3a-bbe5-0e59-4168b3712b2a, NVIDIA A100-SXM4-40GB, 37613, 40960, 100, 211.02, 40
nid001041,2026/05/03 03:49:56.661, 1, GPU-41dedaa0-c8e2-c576-be36-87a6fa2949d6, NVIDIA A100-SXM4-40GB, 36191, 40960, 100, 122.97, 37
nid001041,2026/05/03 03:49:56.662, 2, GPU-84c053e0-dec1-a69a-0b40-fbf751d71b20, NVIDIA A100-SXM4-40GB, 36191, 40960, 100, 165.41, 36
nid001041,2026/05/03 03:49:56.664, 3, GPU-85487437-4cf7-3ceb-d2b0-5f2bed2d89cd, NVIDIA A100-SXM4-40GB, 37739, 40960, 100, 118.27, 35
nid001040,2026/05/03 03:49:59.622, 0, GPU-32e67c4f-7204-189f-8b65-2c274dd735a9, NVIDIA A100-SXM4-40GB, 34771, 40960, 0, 60.25, 31
nid001040,2026/05/03 03:49:59.624, 1, GPU-8861d14f-cf78-d18f-5009-dcf3f2d5ba6a, NVIDIA A100-SXM4-40GB, 34771, 40960, 0, 63.00, 30
nid001040,2026/05/03 03:49:59.625, 2, GPU-0c84e9ea-eb03-d0fd-94b6-c87fa7f2aa07, NVIDIA A100-SXM4-40GB, 0, 40960, 0, 50.35, 30
nid001040,2026/05/03 03:49:59.628, 3, GPU-324f8797-e49e-315a-bdaa-053d693f20df, NVIDIA A100-SXM4-40GB, 0, 40960, 0, 50.53, 29
nid001041,2026/05/03 03:50:00.558, 0, GPU-0ae16970-0c3a-bbe5-0e59-4168b3712b2a, NVIDIA A100-SXM4-40GB, 37613, 40960, 100, 115.09, 40
nid001041,2026/05/03 03:50:00.561, 1, GPU-41dedaa0-c8e2-c576-be36-87a6fa2949d6, NVIDIA A100-SXM4-40GB, 36191, 40960, 100, 167.97, 37
nid001041,2026/05/03 03:50:00.562, 2, GPU-84c053e0-dec1-a69a-0b40-fbf751d71b20, NVIDIA A100-SXM4-40GB, 36191, 40960, 100, 137.10, 36
nid001041,2026/05/03 03:50:00.565, 3, GPU-85487437-4cf7-3ceb-d2b0-5f2bed2d89cd, NVIDIA A100-SXM4-40GB, 37739, 40960, 100, 115.74, 35
nid001040,2026/05/03 03:50:03.522, 0, GPU-32e67c4f-7204-189f-8b65-2c274dd735a9, NVIDIA A100-SXM4-40GB, 34771, 40960, 0, 59.96, 31
nid001040,2026/05/03 03:50:03.524, 1, GPU-8861d14f-cf78-d18f-5009-dcf3f2d5ba6a, NVIDIA A100-SXM4-40GB, 34771, 40960, 0, 63.00, 30
nid001040,2026/05/03 03:50:03.525, 2, GPU-0c84e9ea-eb03-d0fd-94b6-c87fa7f2aa07, NVIDIA A100-SXM4-40GB, 0, 40960, 0, 50.35, 30
nid001040,2026/05/03 03:50:03.527, 3, GPU-324f8797-e49e-315a-bdaa-053d693f20df, NVIDIA A100-SXM4-40GB, 0, 40960, 0, 50.53, 29
nid001041,2026/05/03 03:50:04.472, 0, GPU-0ae16970-0c3a-bbe5-0e59-4168b3712b2a, NVIDIA A100-SXM4-40GB, 37613, 40960, 100, 91.35, 40
nid001041,2026/05/03 03:50:04.475, 1, GPU-41dedaa0-c8e2-c576-be36-87a6fa2949d6, NVIDIA A100-SXM4-40GB, 36191, 40960, 100, 123.87, 37
nid001041,2026/05/03 03:50:04.480, 2, GPU-84c053e0-dec1-a69a-0b40-fbf751d71b20, NVIDIA A100-SXM4-40GB, 36191, 40960, 100, 104.23, 36
nid001041,2026/05/03 03:50:04.483, 3, GPU-85487437-4cf7-3ceb-d2b0-5f2bed2d89cd, NVIDIA A100-SXM4-40GB, 37739, 40960, 100, 219.97, 35
nid001040,2026/05/03 03:50:07.452, 0, GPU-32e67c4f-7204-189f-8b65-2c274dd735a9, NVIDIA A100-SXM4-40GB, 34771, 40960, 0, 59.96, 31
nid001040,2026/05/03 03:50:07.454, 1, GPU-8861d14f-cf78-d18f-5009-dcf3f2d5ba6a, NVIDIA A100-SXM4-40GB, 34771, 40960, 0, 63.00, 30
nid001040,2026/05/03 03:50:07.455, 2, GPU-0c84e9ea-eb03-d0fd-94b6-c87fa7f2aa07, NVIDIA A100-SXM4-40GB, 0, 40960, 0, 50.35, 30
nid001040,2026/05/03 03:50:07.458, 3, GPU-324f8797-e49e-315a-bdaa-053d693f20df, NVIDIA A100-SXM4-40GB, 0, 40960, 0, 50.53, 29
nid001041,2026/05/03 03:50:08.372, 0, GPU-0ae16970-0c3a-bbe5-0e59-4168b3712b2a, NVIDIA A100-SXM4-40GB, 37613, 40960, 100, 137.78, 40
nid001041,2026/05/03 03:50:08.375, 1, GPU-41dedaa0-c8e2-c576-be36-87a6fa2949d6, NVIDIA A100-SXM4-40GB, 36191, 40960, 100, 96.19, 37
nid001041,2026/05/03 03:50:08.379, 2, GPU-84c053e0-dec1-a69a-0b40-fbf751d71b20, NVIDIA A100-SXM4-40GB, 36191, 40960, 100, 94.15, 36
nid001041,2026/05/03 03:50:08.381, 3, GPU-85487437-4cf7-3ceb-d2b0-5f2bed2d89cd, NVIDIA A100-SXM4-40GB, 37739, 40960, 100, 154.06, 35
nid001040,2026/05/03 03:50:11.346, 0, GPU-32e67c4f-7204-189f-8b65-2c274dd735a9, NVIDIA A100-SXM4-40GB, 34771, 40960, 0, 59.96, 31
nid001040,2026/05/03 03:50:11.348, 1, GPU-8861d14f-cf78-d18f-5009-dcf3f2d5ba6a, NVIDIA A100-SXM4-40GB, 34771, 40960, 0, 63.00, 30
nid001040,2026/05/03 03:50:11.357, 2, GPU-0c84e9ea-eb03-d0fd-94b6-c87fa7f2aa07, NVIDIA A100-SXM4-40GB, 0, 40960, 0, 50.35, 30
nid001040,2026/05/03 03:50:11.359, 3, GPU-324f8797-e49e-315a-bdaa-053d693f20df, NVIDIA A100-SXM4-40GB, 0, 40960, 0, 50.53, 29
nid001041,2026/05/03 03:50:12.277, 0, GPU-0ae16970-0c3a-bbe5-0e59-4168b3712b2a, NVIDIA A100-SXM4-40GB, 37613, 40960, 100, 195.47, 40
nid001041,2026/05/03 03:50:12.280, 1, GPU-41dedaa0-c8e2-c576-be36-87a6fa2949d6, NVIDIA A100-SXM4-40GB, 36191, 40960, 100, 93.39, 37
nid001041,2026/05/03 03:50:12.281, 2, GPU-84c053e0-dec1-a69a-0b40-fbf751d71b20, NVIDIA A100-SXM4-40GB, 36191, 40960, 100, 110.72, 36
nid001041,2026/05/03 03:50:12.284, 3, GPU-85487437-4cf7-3ceb-d2b0-5f2bed2d89cd, NVIDIA A100-SXM4-40GB, 37739, 40960, 100, 115.46, 35
nid001040,2026/05/03 03:50:15.248, 0, GPU-32e67c4f-7204-189f-8b65-2c274dd735a9, NVIDIA A100-SXM4-40GB, 34771, 40960, 0, 60.25, 31
nid001040,2026/05/03 03:50:15.249, 1, GPU-8861d14f-cf78-d18f-5009-dcf3f2d5ba6a, NVIDIA A100-SXM4-40GB, 34771, 40960, 0, 63.00, 30
nid001040,2026/05/03 03:50:15.254, 2, GPU-0c84e9ea-eb03-d0fd-94b6-c87fa7f2aa07, NVIDIA A100-SXM4-40GB, 0, 40960, 0, 50.35, 30
nid001040,2026/05/03 03:50:15.256, 3, GPU-324f8797-e49e-315a-bdaa-053d693f20df, NVIDIA A100-SXM4-40GB, 0, 40960, 0, 50.53, 29
nid001041,2026/05/03 03:50:16.225, 0, GPU-0ae16970-0c3a-bbe5-0e59-4168b3712b2a, NVIDIA A100-SXM4-40GB, 37613, 40960, 100, 167.41, 41
nid001041,2026/05/03 03:50:16.228, 1, GPU-41dedaa0-c8e2-c576-be36-87a6fa2949d6, NVIDIA A100-SXM4-40GB, 36191, 40960, 100, 94.67, 37
nid001041,2026/05/03 03:50:16.230, 2, GPU-84c053e0-dec1-a69a-0b40-fbf751d71b20, NVIDIA A100-SXM4-40GB, 36191, 40960, 100, 93.00, 36
nid001041,2026/05/03 03:50:16.231, 3, GPU-85487437-4cf7-3ceb-d2b0-5f2bed2d89cd, NVIDIA A100-SXM4-40GB, 37739, 40960, 100, 135.90, 35
nid001040,2026/05/03 03:50:19.180, 0, GPU-32e67c4f-7204-189f-8b65-2c274dd735a9, NVIDIA A100-SXM4-40GB, 34771, 40960, 0, 60.25, 31
nid001040,2026/05/03 03:50:19.182, 1, GPU-8861d14f-cf78-d18f-5009-dcf3f2d5ba6a, NVIDIA A100-SXM4-40GB, 34771, 40960, 0, 63.00, 30
nid001040,2026/05/03 03:50:19.183, 2, GPU-0c84e9ea-eb03-d0fd-94b6-c87fa7f2aa07, NVIDIA A100-SXM4-40GB, 0, 40960, 0, 50.11, 30
nid001040,2026/05/03 03:50:19.185, 3, GPU-324f8797-e49e-315a-bdaa-053d693f20df, NVIDIA A100-SXM4-40GB, 0, 40960, 0, 50.53, 29
nid001041,2026/05/03 03:50:20.116, 0, GPU-0ae16970-0c3a-bbe5-0e59-4168b3712b2a, NVIDIA A100-SXM4-40GB, 37613, 40960, 100, 119.17, 40
nid001041,2026/05/03 03:50:20.119, 1, GPU-41dedaa0-c8e2-c576-be36-87a6fa2949d6, NVIDIA A100-SXM4-40GB, 36191, 40960, 100, 98.99, 37
nid001041,2026/05/03 03:50:20.120, 2, GPU-84c053e0-dec1-a69a-0b40-fbf751d71b20, NVIDIA A100-SXM4-40GB, 36191, 40960, 100, 100.80, 36
nid001041,2026/05/03 03:50:20.122, 3, GPU-85487437-4cf7-3ceb-d2b0-5f2bed2d89cd, NVIDIA A100-SXM4-40GB, 37739, 40960, 100, 173.45, 35
nid001040,2026/05/03 03:50:23.090, 0, GPU-32e67c4f-7204-189f-8b65-2c274dd735a9, NVIDIA A100-SXM4-40GB, 34771, 40960, 0, 60.25, 31
nid001040,2026/05/03 03:50:23.092, 1, GPU-8861d14f-cf78-d18f-5009-dcf3f2d5ba6a, NVIDIA A100-SXM4-40GB, 34771, 40960, 0, 63.00, 30
nid001040,2026/05/03 03:50:23.094, 2, GPU-0c84e9ea-eb03-d0fd-94b6-c87fa7f2aa07, NVIDIA A100-SXM4-40GB, 0, 40960, 0, 50.35, 30
nid001040,2026/05/03 03:50:23.102, 3, GPU-324f8797-e49e-315a-bdaa-053d693f20df, NVIDIA A100-SXM4-40GB, 0, 40960, 0, 50.53, 29
nid001041,2026/05/03 03:50:24.006, 0, GPU-0ae16970-0c3a-bbe5-0e59-4168b3712b2a, NVIDIA A100-SXM4-40GB, 37613, 40960, 100, 94.15, 40
nid001041,2026/05/03 03:50:24.009, 1, GPU-41dedaa0-c8e2-c576-be36-87a6fa2949d6, NVIDIA A100-SXM4-40GB, 36191, 40960, 100, 112.52, 37
nid001041,2026/05/03 03:50:24.010, 2, GPU-84c053e0-dec1-a69a-0b40-fbf751d71b20, NVIDIA A100-SXM4-40GB, 36191, 40960, 100, 118.27, 36
nid001041,2026/05/03 03:50:24.012, 3, GPU-85487437-4cf7-3ceb-d2b0-5f2bed2d89cd, NVIDIA A100-SXM4-40GB, 37739, 40960, 100, 204.68, 35
nid001040,2026/05/03 03:50:26.992, 0, GPU-32e67c4f-7204-189f-8b65-2c274dd735a9, NVIDIA A100-SXM4-40GB, 34771, 40960, 0, 59.96, 31
nid001040,2026/05/03 03:50:26.994, 1, GPU-8861d14f-cf78-d18f-5009-dcf3f2d5ba6a, NVIDIA A100-SXM4-40GB, 34771, 40960, 0, 63.00, 30
nid001040,2026/05/03 03:50:26.996, 2, GPU-0c84e9ea-eb03-d0fd-94b6-c87fa7f2aa07, NVIDIA A100-SXM4-40GB, 0, 40960, 0, 50.35, 30
nid001040,2026/05/03 03:50:27.002, 3, GPU-324f8797-e49e-315a-bdaa-053d693f20df, NVIDIA A100-SXM4-40GB, 0, 40960, 0, 50.53, 29
nid001041,2026/05/03 03:50:27.912, 0, GPU-0ae16970-0c3a-bbe5-0e59-4168b3712b2a, NVIDIA A100-SXM4-40GB, 37613, 40960, 100, 111.76, 40
nid001041,2026/05/03 03:50:27.915, 1, GPU-41dedaa0-c8e2-c576-be36-87a6fa2949d6, NVIDIA A100-SXM4-40GB, 36191, 40960, 100, 182.48, 37
nid001041,2026/05/03 03:50:27.917, 2, GPU-84c053e0-dec1-a69a-0b40-fbf751d71b20, NVIDIA A100-SXM4-40GB, 36191, 40960, 100, 199.31, 36
nid001041,2026/05/03 03:50:27.918, 3, GPU-85487437-4cf7-3ceb-d2b0-5f2bed2d89cd, NVIDIA A100-SXM4-40GB, 37739, 40960, 100, 98.35, 35
nid001040,2026/05/03 03:50:30.878, 0, GPU-32e67c4f-7204-189f-8b65-2c274dd735a9, NVIDIA A100-SXM4-40GB, 34771, 40960, 0, 60.25, 31
nid001040,2026/05/03 03:50:30.880, 1, GPU-8861d14f-cf78-d18f-5009-dcf3f2d5ba6a, NVIDIA A100-SXM4-40GB, 34771, 40960, 0, 63.00, 30
nid001040,2026/05/03 03:50:30.881, 2, GPU-0c84e9ea-eb03-d0fd-94b6-c87fa7f2aa07, NVIDIA A100-SXM4-40GB, 0, 40960, 0, 50.35, 30
nid001040,2026/05/03 03:50:30.883, 3, GPU-324f8797-e49e-315a-bdaa-053d693f20df, NVIDIA A100-SXM4-40GB, 0, 40960, 0, 50.53, 29
nid001041,2026/05/03 03:50:31.808, 0, GPU-0ae16970-0c3a-bbe5-0e59-4168b3712b2a, NVIDIA A100-SXM4-40GB, 37613, 40960, 100, 201.07, 40
nid001041,2026/05/03 03:50:31.810, 1, GPU-41dedaa0-c8e2-c576-be36-87a6fa2949d6, NVIDIA A100-SXM4-40GB, 36191, 40960, 100, 92.11, 37
nid001041,2026/05/03 03:50:31.812, 2, GPU-84c053e0-dec1-a69a-0b40-fbf751d71b20, NVIDIA A100-SXM4-40GB, 36191, 40960, 100, 92.35, 36
nid001041,2026/05/03 03:50:31.814, 3, GPU-85487437-4cf7-3ceb-d2b0-5f2bed2d89cd, NVIDIA A100-SXM4-40GB, 37739, 40960, 100, 132.86, 35
nid001040,2026/05/03 03:50:34.787, 0, GPU-32e67c4f-7204-189f-8b65-2c274dd735a9, NVIDIA A100-SXM4-40GB, 34771, 40960, 0, 59.96, 31
nid001040,2026/05/03 03:50:34.789, 1, GPU-8861d14f-cf78-d18f-5009-dcf3f2d5ba6a, NVIDIA A100-SXM4-40GB, 34771, 40960, 0, 63.00, 30
nid001040,2026/05/03 03:50:34.790, 2, GPU-0c84e9ea-eb03-d0fd-94b6-c87fa7f2aa07, NVIDIA A100-SXM4-40GB, 0, 40960, 0, 50.11, 30
nid001040,2026/05/03 03:50:34.792, 3, GPU-324f8797-e49e-315a-bdaa-053d693f20df, NVIDIA A100-SXM4-40GB, 0, 40960, 0, 50.47, 29
nid001041,2026/05/03 03:50:35.731, 0, GPU-0ae16970-0c3a-bbe5-0e59-4168b3712b2a, NVIDIA A100-SXM4-40GB, 37613, 40960, 100, 102.31, 40
nid001041,2026/05/03 03:50:35.744, 1, GPU-41dedaa0-c8e2-c576-be36-87a6fa2949d6, NVIDIA A100-SXM4-40GB, 36191, 40960, 100, 135.50, 37
nid001041,2026/05/03 03:50:35.747, 2, GPU-84c053e0-dec1-a69a-0b40-fbf751d71b20, NVIDIA A100-SXM4-40GB, 36191, 40960, 100, 140.94, 36
nid001041,2026/05/03 03:50:35.749, 3, GPU-85487437-4cf7-3ceb-d2b0-5f2bed2d89cd, NVIDIA A100-SXM4-40GB, 37739, 40960, 100, 171.49, 35
nid001040,2026/05/03 03:50:38.702, 0, GPU-32e67c4f-7204-189f-8b65-2c274dd735a9, NVIDIA A100-SXM4-40GB, 34771, 40960, 0, 60.25, 31
nid001040,2026/05/03 03:50:38.705, 1, GPU-8861d14f-cf78-d18f-5009-dcf3f2d5ba6a, NVIDIA A100-SXM4-40GB, 34771, 40960, 0, 63.00, 30
nid001040,2026/05/03 03:50:38.706, 2, GPU-0c84e9ea-eb03-d0fd-94b6-c87fa7f2aa07, NVIDIA A100-SXM4-40GB, 0, 40960, 0, 50.35, 30
nid001040,2026/05/03 03:50:38.708, 3, GPU-324f8797-e49e-315a-bdaa-053d693f20df, NVIDIA A100-SXM4-40GB, 0, 40960, 0, 50.53, 29
nid001041,2026/05/03 03:50:39.627, 0, GPU-0ae16970-0c3a-bbe5-0e59-4168b3712b2a, NVIDIA A100-SXM4-40GB, 37613, 40960, 100, 142.39, 41
nid001041,2026/05/03 03:50:39.630, 1, GPU-41dedaa0-c8e2-c576-be36-87a6fa2949d6, NVIDIA A100-SXM4-40GB, 36191, 40960, 100, 155.45, 37
nid001041,2026/05/03 03:50:39.632, 2, GPU-84c053e0-dec1-a69a-0b40-fbf751d71b20, NVIDIA A100-SXM4-40GB, 36191, 40960, 100, 90.48, 36
nid001041,2026/05/03 03:50:39.633, 3, GPU-85487437-4cf7-3ceb-d2b0-5f2bed2d89cd, NVIDIA A100-SXM4-40GB, 37739, 40960, 100, 105.00, 35
nid001040,2026/05/03 03:50:42.600, 0, GPU-32e67c4f-7204-189f-8b65-2c274dd735a9, NVIDIA A100-SXM4-40GB, 34771, 40960, 0, 60.25, 31
nid001040,2026/05/03 03:50:42.602, 1, GPU-8861d14f-cf78-d18f-5009-dcf3f2d5ba6a, NVIDIA A100-SXM4-40GB, 34771, 40960, 0, 63.00, 30
nid001040,2026/05/03 03:50:42.603, 2, GPU-0c84e9ea-eb03-d0fd-94b6-c87fa7f2aa07, NVIDIA A100-SXM4-40GB, 0, 40960, 0, 50.35, 30
nid001040,2026/05/03 03:50:42.605, 3, GPU-324f8797-e49e-315a-bdaa-053d693f20df, NVIDIA A100-SXM4-40GB, 0, 40960, 0, 50.53, 29
nid001041,2026/05/03 03:50:43.541, 0, GPU-0ae16970-0c3a-bbe5-0e59-4168b3712b2a, NVIDIA A100-SXM4-40GB, 37613, 40960, 100, 91.58, 40
nid001041,2026/05/03 03:50:43.545, 1, GPU-41dedaa0-c8e2-c576-be36-87a6fa2949d6, NVIDIA A100-SXM4-40GB, 36191, 40960, 100, 111.76, 37
nid001041,2026/05/03 03:50:43.547, 2, GPU-84c053e0-dec1-a69a-0b40-fbf751d71b20, NVIDIA A100-SXM4-40GB, 36191, 40960, 100, 121.83, 36
nid001041,2026/05/03 03:50:43.548, 3, GPU-85487437-4cf7-3ceb-d2b0-5f2bed2d89cd, NVIDIA A100-SXM4-40GB, 37739, 40960, 100, 213.08, 35
nid001040,2026/05/03 03:50:46.509, 0, GPU-32e67c4f-7204-189f-8b65-2c274dd735a9, NVIDIA A100-SXM4-40GB, 34771, 40960, 0, 59.72, 31
nid001040,2026/05/03 03:50:46.512, 1, GPU-8861d14f-cf78-d18f-5009-dcf3f2d5ba6a, NVIDIA A100-SXM4-40GB, 34771, 40960, 0, 63.00, 30
nid001040,2026/05/03 03:50:46.513, 2, GPU-0c84e9ea-eb03-d0fd-94b6-c87fa7f2aa07, NVIDIA A100-SXM4-40GB, 0, 40960, 0, 50.35, 30
nid001040,2026/05/03 03:50:46.515, 3, GPU-324f8797-e49e-315a-bdaa-053d693f20df, NVIDIA A100-SXM4-40GB, 0, 40960, 0, 50.53, 29
nid001041,2026/05/03 03:50:47.460, 0, GPU-0ae16970-0c3a-bbe5-0e59-4168b3712b2a, NVIDIA A100-SXM4-40GB, 37613, 40960, 100, 175.37, 40
nid001041,2026/05/03 03:50:47.464, 1, GPU-41dedaa0-c8e2-c576-be36-87a6fa2949d6, NVIDIA A100-SXM4-40GB, 36191, 40960, 100, 164.41, 37
nid001041,2026/05/03 03:50:47.467, 2, GPU-84c053e0-dec1-a69a-0b40-fbf751d71b20, NVIDIA A100-SXM4-40GB, 36191, 40960, 100, 114.19, 36
nid001041,2026/05/03 03:50:47.468, 3, GPU-85487437-4cf7-3ceb-d2b0-5f2bed2d89cd, NVIDIA A100-SXM4-40GB, 37739, 40960, 100, 100.63, 34
nid001040,2026/05/03 03:50:50.438, 0, GPU-32e67c4f-7204-189f-8b65-2c274dd735a9, NVIDIA A100-SXM4-40GB, 34771, 40960, 0, 60.25, 31
nid001040,2026/05/03 03:50:50.440, 1, GPU-8861d14f-cf78-d18f-5009-dcf3f2d5ba6a, NVIDIA A100-SXM4-40GB, 34771, 40960, 0, 63.00, 30
nid001040,2026/05/03 03:50:50.442, 2, GPU-0c84e9ea-eb03-d0fd-94b6-c87fa7f2aa07, NVIDIA A100-SXM4-40GB, 0, 40960, 0, 50.35, 30
nid001040,2026/05/03 03:50:50.444, 3, GPU-324f8797-e49e-315a-bdaa-053d693f20df, NVIDIA A100-SXM4-40GB, 0, 40960, 0, 50.53, 29
nid001041,2026/05/03 03:50:51.381, 0, GPU-0ae16970-0c3a-bbe5-0e59-4168b3712b2a, NVIDIA A100-SXM4-40GB, 37613, 40960, 100, 96.72, 41
nid001041,2026/05/03 03:50:51.384, 1, GPU-41dedaa0-c8e2-c576-be36-87a6fa2949d6, NVIDIA A100-SXM4-40GB, 36191, 40960, 100, 131.78, 37
nid001041,2026/05/03 03:50:51.387, 2, GPU-84c053e0-dec1-a69a-0b40-fbf751d71b20, NVIDIA A100-SXM4-40GB, 36191, 40960, 100, 154.69, 36
nid001041,2026/05/03 03:50:51.388, 3, GPU-85487437-4cf7-3ceb-d2b0-5f2bed2d89cd, NVIDIA A100-SXM4-40GB, 37739, 40960, 100, 182.98, 34
nid001040,2026/05/03 03:50:54.353, 0, GPU-32e67c4f-7204-189f-8b65-2c274dd735a9, NVIDIA A100-SXM4-40GB, 34771, 40960, 0, 59.96, 31
nid001040,2026/05/03 03:50:54.355, 1, GPU-8861d14f-cf78-d18f-5009-dcf3f2d5ba6a, NVIDIA A100-SXM4-40GB, 34771, 40960, 0, 63.00, 30
nid001040,2026/05/03 03:50:54.359, 2, GPU-0c84e9ea-eb03-d0fd-94b6-c87fa7f2aa07, NVIDIA A100-SXM4-40GB, 0, 40960, 0, 50.35, 30
nid001040,2026/05/03 03:50:54.361, 3, GPU-324f8797-e49e-315a-bdaa-053d693f20df, NVIDIA A100-SXM4-40GB, 0, 40960, 0, 50.53, 29
nid001041,2026/05/03 03:50:55.274, 0, GPU-0ae16970-0c3a-bbe5-0e59-4168b3712b2a, NVIDIA A100-SXM4-40GB, 37613, 40960, 100, 137.54, 40
nid001041,2026/05/03 03:50:55.276, 1, GPU-41dedaa0-c8e2-c576-be36-87a6fa2949d6, NVIDIA A100-SXM4-40GB, 36191, 40960, 100, 96.95, 37
nid001041,2026/05/03 03:50:55.278, 2, GPU-84c053e0-dec1-a69a-0b40-fbf751d71b20, NVIDIA A100-SXM4-40GB, 36191, 40960, 100, 104.23, 36
nid001041,2026/05/03 03:50:55.280, 3, GPU-85487437-4cf7-3ceb-d2b0-5f2bed2d89cd, NVIDIA A100-SXM4-40GB, 37739, 40960, 100, 134.62, 35
nid001040,2026/05/03 03:50:58.231, 0, GPU-32e67c4f-7204-189f-8b65-2c274dd735a9, NVIDIA A100-SXM4-40GB, 34771, 40960, 0, 59.96, 31
nid001040,2026/05/03 03:50:58.233, 1, GPU-8861d14f-cf78-d18f-5009-dcf3f2d5ba6a, NVIDIA A100-SXM4-40GB, 34771, 40960, 0, 63.00, 30
nid001040,2026/05/03 03:50:58.235, 2, GPU-0c84e9ea-eb03-d0fd-94b6-c87fa7f2aa07, NVIDIA A100-SXM4-40GB, 0, 40960, 0, 50.35, 30
nid001040,2026/05/03 03:50:58.237, 3, GPU-324f8797-e49e-315a-bdaa-053d693f20df, NVIDIA A100-SXM4-40GB, 0, 40960, 0, 50.53, 29
nid001041,2026/05/03 03:50:59.166, 0, GPU-0ae16970-0c3a-bbe5-0e59-4168b3712b2a, NVIDIA A100-SXM4-40GB, 37613, 40960, 100, 179.90, 40
nid001041,2026/05/03 03:50:59.169, 1, GPU-41dedaa0-c8e2-c576-be36-87a6fa2949d6, NVIDIA A100-SXM4-40GB, 36191, 40960, 100, 180.20, 37
nid001041,2026/05/03 03:50:59.172, 2, GPU-84c053e0-dec1-a69a-0b40-fbf751d71b20, NVIDIA A100-SXM4-40GB, 36191, 40960, 100, 90.83, 36
nid001041,2026/05/03 03:50:59.173, 3, GPU-85487437-4cf7-3ceb-d2b0-5f2bed2d89cd, NVIDIA A100-SXM4-40GB, 37739, 40960, 100, 98.59, 34
nid001040,2026/05/03 03:51:02.146, 0, GPU-32e67c4f-7204-189f-8b65-2c274dd735a9, NVIDIA A100-SXM4-40GB, 34771, 40960, 0, 59.96, 31
nid001040,2026/05/03 03:51:02.148, 1, GPU-8861d14f-cf78-d18f-5009-dcf3f2d5ba6a, NVIDIA A100-SXM4-40GB, 34771, 40960, 0, 63.00, 30
nid001040,2026/05/03 03:51:02.150, 2, GPU-0c84e9ea-eb03-d0fd-94b6-c87fa7f2aa07, NVIDIA A100-SXM4-40GB, 0, 40960, 0, 50.35, 30
nid001040,2026/05/03 03:51:02.152, 3, GPU-324f8797-e49e-315a-bdaa-053d693f20df, NVIDIA A100-SXM4-40GB, 0, 40960, 0, 50.53, 29
nid001041,2026/05/03 03:51:03.089, 0, GPU-0ae16970-0c3a-bbe5-0e59-4168b3712b2a, NVIDIA A100-SXM4-40GB, 37613, 40960, 100, 116.37, 40
nid001041,2026/05/03 03:51:03.091, 1, GPU-41dedaa0-c8e2-c576-be36-87a6fa2949d6, NVIDIA A100-SXM4-40GB, 36191, 40960, 100, 198.03, 37
nid001041,2026/05/03 03:51:03.102, 2, GPU-84c053e0-dec1-a69a-0b40-fbf751d71b20, NVIDIA A100-SXM4-40GB, 36191, 40960, 100, 149.10, 36
nid001041,2026/05/03 03:51:03.105, 3, GPU-85487437-4cf7-3ceb-d2b0-5f2bed2d89cd, NVIDIA A100-SXM4-40GB, 37739, 40960, 100, 91.98, 35
nid001040,2026/05/03 03:51:06.070, 0, GPU-32e67c4f-7204-189f-8b65-2c274dd735a9, NVIDIA A100-SXM4-40GB, 34771, 40960, 0, 59.96, 31
nid001040,2026/05/03 03:51:06.072, 1, GPU-8861d14f-cf78-d18f-5009-dcf3f2d5ba6a, NVIDIA A100-SXM4-40GB, 34771, 40960, 0, 63.00, 30
nid001040,2026/05/03 03:51:06.073, 2, GPU-0c84e9ea-eb03-d0fd-94b6-c87fa7f2aa07, NVIDIA A100-SXM4-40GB, 0, 40960, 0, 50.35, 30
nid001040,2026/05/03 03:51:06.076, 3, GPU-324f8797-e49e-315a-bdaa-053d693f20df, NVIDIA A100-SXM4-40GB, 0, 40960, 0, 50.53, 29
nid001041,2026/05/03 03:51:06.986, 0, GPU-0ae16970-0c3a-bbe5-0e59-4168b3712b2a, NVIDIA A100-SXM4-40GB, 37613, 40960, 100, 103.07, 40
nid001041,2026/05/03 03:51:06.989, 1, GPU-41dedaa0-c8e2-c576-be36-87a6fa2949d6, NVIDIA A100-SXM4-40GB, 36191, 40960, 100, 164.13, 37
nid001041,2026/05/03 03:51:06.990, 2, GPU-84c053e0-dec1-a69a-0b40-fbf751d71b20, NVIDIA A100-SXM4-40GB, 36191, 40960, 100, 183.99, 36
nid001041,2026/05/03 03:51:06.992, 3, GPU-85487437-4cf7-3ceb-d2b0-5f2bed2d89cd, NVIDIA A100-SXM4-40GB, 37739, 40960, 100, 141.27, 34
nid001040,2026/05/03 03:51:09.946, 0, GPU-32e67c4f-7204-189f-8b65-2c274dd735a9, NVIDIA A100-SXM4-40GB, 34771, 40960, 0, 60.25, 31
nid001040,2026/05/03 03:51:09.948, 1, GPU-8861d14f-cf78-d18f-5009-dcf3f2d5ba6a, NVIDIA A100-SXM4-40GB, 34771, 40960, 0, 63.00, 30
nid001040,2026/05/03 03:51:09.950, 2, GPU-0c84e9ea-eb03-d0fd-94b6-c87fa7f2aa07, NVIDIA A100-SXM4-40GB, 0, 40960, 0, 50.35, 30
nid001040,2026/05/03 03:51:09.952, 3, GPU-324f8797-e49e-315a-bdaa-053d693f20df, NVIDIA A100-SXM4-40GB, 0, 40960, 0, 50.53, 29
nid001041,2026/05/03 03:51:10.877, 0, GPU-0ae16970-0c3a-bbe5-0e59-4168b3712b2a, NVIDIA A100-SXM4-40GB, 37613, 40960, 100, 106.16, 40
nid001041,2026/05/03 03:51:10.880, 1, GPU-41dedaa0-c8e2-c576-be36-87a6fa2949d6, NVIDIA A100-SXM4-40GB, 36191, 40960, 100, 150.89, 37
nid001041,2026/05/03 03:51:10.881, 2, GPU-84c053e0-dec1-a69a-0b40-fbf751d71b20, NVIDIA A100-SXM4-40GB, 36191, 40960, 100, 138.66, 36
nid001041,2026/05/03 03:51:10.883, 3, GPU-85487437-4cf7-3ceb-d2b0-5f2bed2d89cd, NVIDIA A100-SXM4-40GB, 37739, 40960, 100, 163.76, 35
nid001040,2026/05/03 03:51:13.854, 0, GPU-32e67c4f-7204-189f-8b65-2c274dd735a9, NVIDIA A100-SXM4-40GB, 34771, 40960, 0, 59.96, 31
nid001040,2026/05/03 03:51:13.856, 1, GPU-8861d14f-cf78-d18f-5009-dcf3f2d5ba6a, NVIDIA A100-SXM4-40GB, 34771, 40960, 0, 63.00, 30
nid001040,2026/05/03 03:51:13.862, 2, GPU-0c84e9ea-eb03-d0fd-94b6-c87fa7f2aa07, NVIDIA A100-SXM4-40GB, 0, 40960, 0, 50.35, 30
nid001040,2026/05/03 03:51:13.864, 3, GPU-324f8797-e49e-315a-bdaa-053d693f20df, NVIDIA A100-SXM4-40GB, 0, 40960, 0, 50.53, 29
nid001041,2026/05/03 03:51:14.783, 0, GPU-0ae16970-0c3a-bbe5-0e59-4168b3712b2a, NVIDIA A100-SXM4-40GB, 37613, 40960, 100, 111.53, 40
nid001041,2026/05/03 03:51:14.787, 1, GPU-41dedaa0-c8e2-c576-be36-87a6fa2949d6, NVIDIA A100-SXM4-40GB, 36191, 40960, 100, 212.07, 37
nid001041,2026/05/03 03:51:14.790, 2, GPU-84c053e0-dec1-a69a-0b40-fbf751d71b20, NVIDIA A100-SXM4-40GB, 36191, 40960, 100, 90.48, 36
nid001041,2026/05/03 03:51:14.792, 3, GPU-85487437-4cf7-3ceb-d2b0-5f2bed2d89cd, NVIDIA A100-SXM4-40GB, 37739, 40960, 100, 92.46, 34
nid001040,2026/05/03 03:51:17.754, 0, GPU-32e67c4f-7204-189f-8b65-2c274dd735a9, NVIDIA A100-SXM4-40GB, 34771, 40960, 0, 60.25, 31
nid001040,2026/05/03 03:51:17.756, 1, GPU-8861d14f-cf78-d18f-5009-dcf3f2d5ba6a, NVIDIA A100-SXM4-40GB, 34771, 40960, 0, 63.00, 30
nid001040,2026/05/03 03:51:17.764, 2, GPU-0c84e9ea-eb03-d0fd-94b6-c87fa7f2aa07, NVIDIA A100-SXM4-40GB, 0, 40960, 0, 50.35, 30
nid001040,2026/05/03 03:51:17.766, 3, GPU-324f8797-e49e-315a-bdaa-053d693f20df, NVIDIA A100-SXM4-40GB, 0, 40960, 0, 50.53, 29
nid001041,2026/05/03 03:51:18.696, 0, GPU-0ae16970-0c3a-bbe5-0e59-4168b3712b2a, NVIDIA A100-SXM4-40GB, 37613, 40960, 100, 159.24, 41
nid001041,2026/05/03 03:51:18.699, 1, GPU-41dedaa0-c8e2-c576-be36-87a6fa2949d6, NVIDIA A100-SXM4-40GB, 36191, 40960, 100, 92.63, 37
nid001041,2026/05/03 03:51:18.703, 2, GPU-84c053e0-dec1-a69a-0b40-fbf751d71b20, NVIDIA A100-SXM4-40GB, 36191, 40960, 100, 98.64, 36
nid001041,2026/05/03 03:51:18.706, 3, GPU-85487437-4cf7-3ceb-d2b0-5f2bed2d89cd, NVIDIA A100-SXM4-40GB, 37739, 40960, 100, 101.92, 35
nid001040,2026/05/03 03:51:21.672, 0, GPU-32e67c4f-7204-189f-8b65-2c274dd735a9, NVIDIA A100-SXM4-40GB, 34771, 40960, 0, 60.25, 31
nid001040,2026/05/03 03:51:21.674, 1, GPU-8861d14f-cf78-d18f-5009-dcf3f2d5ba6a, NVIDIA A100-SXM4-40GB, 34771, 40960, 0, 63.00, 30
nid001040,2026/05/03 03:51:21.676, 2, GPU-0c84e9ea-eb03-d0fd-94b6-c87fa7f2aa07, NVIDIA A100-SXM4-40GB, 0, 40960, 0, 50.35, 30
nid001040,2026/05/03 03:51:21.678, 3, GPU-324f8797-e49e-315a-bdaa-053d693f20df, NVIDIA A100-SXM4-40GB, 0, 40960, 0, 50.53, 29
nid001041,2026/05/03 03:51:22.598, 0, GPU-0ae16970-0c3a-bbe5-0e59-4168b3712b2a, NVIDIA A100-SXM4-40GB, 37613, 40960, 100, 129.09, 41
nid001041,2026/05/03 03:51:22.601, 1, GPU-41dedaa0-c8e2-c576-be36-87a6fa2949d6, NVIDIA A100-SXM4-40GB, 36191, 40960, 100, 100.03, 37
nid001041,2026/05/03 03:51:22.605, 2, GPU-84c053e0-dec1-a69a-0b40-fbf751d71b20, NVIDIA A100-SXM4-40GB, 36191, 40960, 100, 125.15, 36
nid001041,2026/05/03 03:51:22.606, 3, GPU-85487437-4cf7-3ceb-d2b0-5f2bed2d89cd, NVIDIA A100-SXM4-40GB, 37739, 40960, 100, 115.74, 35
nid001040,2026/05/03 03:51:25.553, 0, GPU-32e67c4f-7204-189f-8b65-2c274dd735a9, NVIDIA A100-SXM4-40GB, 34771, 40960, 0, 60.25, 31
nid001040,2026/05/03 03:51:25.555, 1, GPU-8861d14f-cf78-d18f-5009-dcf3f2d5ba6a, NVIDIA A100-SXM4-40GB, 34771, 40960, 0, 63.00, 30
nid001040,2026/05/03 03:51:25.556, 2, GPU-0c84e9ea-eb03-d0fd-94b6-c87fa7f2aa07, NVIDIA A100-SXM4-40GB, 0, 40960, 0, 50.35, 30
nid001040,2026/05/03 03:51:25.558, 3, GPU-324f8797-e49e-315a-bdaa-053d693f20df, NVIDIA A100-SXM4-40GB, 0, 40960, 0, 50.53, 29
nid001041,2026/05/03 03:51:26.489, 0, GPU-0ae16970-0c3a-bbe5-0e59-4168b3712b2a, NVIDIA A100-SXM4-40GB, 37613, 40960, 100, 94.91, 41
nid001041,2026/05/03 03:51:26.492, 1, GPU-41dedaa0-c8e2-c576-be36-87a6fa2949d6, NVIDIA A100-SXM4-40GB, 36191, 40960, 100, 131.66, 37
nid001041,2026/05/03 03:51:26.494, 2, GPU-84c053e0-dec1-a69a-0b40-fbf751d71b20, NVIDIA A100-SXM4-40GB, 36191, 40960, 100, 193.43, 36
nid001041,2026/05/03 03:51:26.497, 3, GPU-85487437-4cf7-3ceb-d2b0-5f2bed2d89cd, NVIDIA A100-SXM4-40GB, 37739, 40960, 100, 205.44, 35
nid001040,2026/05/03 03:51:29.435, 0, GPU-32e67c4f-7204-189f-8b65-2c274dd735a9, NVIDIA A100-SXM4-40GB, 34771, 40960, 0, 60.18, 31
nid001040,2026/05/03 03:51:29.437, 1, GPU-8861d14f-cf78-d18f-5009-dcf3f2d5ba6a, NVIDIA A100-SXM4-40GB, 34771, 40960, 0, 63.53, 30
nid001040,2026/05/03 03:51:29.439, 2, GPU-0c84e9ea-eb03-d0fd-94b6-c87fa7f2aa07, NVIDIA A100-SXM4-40GB, 0, 40960, 0, 50.35, 30
nid001040,2026/05/03 03:51:29.441, 3, GPU-324f8797-e49e-315a-bdaa-053d693f20df, NVIDIA A100-SXM4-40GB, 0, 40960, 0, 50.53, 29
nid001041,2026/05/03 03:51:30.360, 0, GPU-0ae16970-0c3a-bbe5-0e59-4168b3712b2a, NVIDIA A100-SXM4-40GB, 37613, 40960, 100, 163.80, 40
nid001041,2026/05/03 03:51:30.362, 1, GPU-41dedaa0-c8e2-c576-be36-87a6fa2949d6, NVIDIA A100-SXM4-40GB, 36191, 40960, 100, 96.43, 37
nid001041,2026/05/03 03:51:30.364, 2, GPU-84c053e0-dec1-a69a-0b40-fbf751d71b20, NVIDIA A100-SXM4-40GB, 36191, 40960, 100, 102.19, 36
nid001041,2026/05/03 03:51:30.366, 3, GPU-85487437-4cf7-3ceb-d2b0-5f2bed2d89cd, NVIDIA A100-SXM4-40GB, 37739, 40960, 100, 108.33, 35
nid001040,2026/05/03 03:51:33.313, 0, GPU-32e67c4f-7204-189f-8b65-2c274dd735a9, NVIDIA A100-SXM4-40GB, 34771, 40960, 0, 60.18, 31
nid001040,2026/05/03 03:51:33.315, 1, GPU-8861d14f-cf78-d18f-5009-dcf3f2d5ba6a, NVIDIA A100-SXM4-40GB, 34771, 40960, 0, 63.00, 30
nid001040,2026/05/03 03:51:33.316, 2, GPU-0c84e9ea-eb03-d0fd-94b6-c87fa7f2aa07, NVIDIA A100-SXM4-40GB, 0, 40960, 0, 50.11, 30
nid001040,2026/05/03 03:51:33.320, 3, GPU-324f8797-e49e-315a-bdaa-053d693f20df, NVIDIA A100-SXM4-40GB, 0, 40960, 0, 50.53, 29
nid001041,2026/05/03 03:51:34.245, 0, GPU-0ae16970-0c3a-bbe5-0e59-4168b3712b2a, NVIDIA A100-SXM4-40GB, 37613, 40960, 100, 101.56, 40
nid001041,2026/05/03 03:51:34.248, 1, GPU-41dedaa0-c8e2-c576-be36-87a6fa2949d6, NVIDIA A100-SXM4-40GB, 36191, 40960, 100, 146.47, 37
nid001041,2026/05/03 03:51:34.251, 2, GPU-84c053e0-dec1-a69a-0b40-fbf751d71b20, NVIDIA A100-SXM4-40GB, 36191, 40960, 100, 184.80, 36
nid001041,2026/05/03 03:51:34.252, 3, GPU-85487437-4cf7-3ceb-d2b0-5f2bed2d89cd, NVIDIA A100-SXM4-40GB, 37739, 40960, 100, 167.32, 34
nid001040,2026/05/03 03:51:37.217, 0, GPU-32e67c4f-7204-189f-8b65-2c274dd735a9, NVIDIA A100-SXM4-40GB, 34771, 40960, 0, 60.25, 31
nid001040,2026/05/03 03:51:37.219, 1, GPU-8861d14f-cf78-d18f-5009-dcf3f2d5ba6a, NVIDIA A100-SXM4-40GB, 34771, 40960, 0, 63.00, 30
nid001040,2026/05/03 03:51:37.220, 2, GPU-0c84e9ea-eb03-d0fd-94b6-c87fa7f2aa07, NVIDIA A100-SXM4-40GB, 0, 40960, 0, 50.35, 30
nid001040,2026/05/03 03:51:37.224, 3, GPU-324f8797-e49e-315a-bdaa-053d693f20df, NVIDIA A100-SXM4-40GB, 0, 40960, 0, 50.53, 29
nid001041,2026/05/03 03:51:38.130, 0, GPU-0ae16970-0c3a-bbe5-0e59-4168b3712b2a, NVIDIA A100-SXM4-40GB, 37613, 40960, 100, 163.56, 40
nid001041,2026/05/03 03:51:38.133, 1, GPU-41dedaa0-c8e2-c576-be36-87a6fa2949d6, NVIDIA A100-SXM4-40GB, 36191, 40960, 100, 92.11, 37
nid001041,2026/05/03 03:51:38.135, 2, GPU-84c053e0-dec1-a69a-0b40-fbf751d71b20, NVIDIA A100-SXM4-40GB, 36191, 40960, 100, 95.03, 36
nid001041,2026/05/03 03:51:38.136, 3, GPU-85487437-4cf7-3ceb-d2b0-5f2bed2d89cd, NVIDIA A100-SXM4-40GB, 37739, 40960, 100, 97.82, 35
nid001040,2026/05/03 03:51:41.120, 0, GPU-32e67c4f-7204-189f-8b65-2c274dd735a9, NVIDIA A100-SXM4-40GB, 34771, 40960, 0, 59.96, 31
nid001040,2026/05/03 03:51:41.126, 1, GPU-8861d14f-cf78-d18f-5009-dcf3f2d5ba6a, NVIDIA A100-SXM4-40GB, 34771, 40960, 0, 63.00, 30
nid001040,2026/05/03 03:51:41.127, 2, GPU-0c84e9ea-eb03-d0fd-94b6-c87fa7f2aa07, NVIDIA A100-SXM4-40GB, 0, 40960, 0, 50.35, 30
nid001040,2026/05/03 03:51:41.129, 3, GPU-324f8797-e49e-315a-bdaa-053d693f20df, NVIDIA A100-SXM4-40GB, 0, 40960, 0, 50.53, 29
nid001041,2026/05/03 03:51:42.050, 0, GPU-0ae16970-0c3a-bbe5-0e59-4168b3712b2a, NVIDIA A100-SXM4-40GB, 37613, 40960, 100, 101.56, 40
nid001041,2026/05/03 03:51:42.054, 1, GPU-41dedaa0-c8e2-c576-be36-87a6fa2949d6, NVIDIA A100-SXM4-40GB, 36191, 40960, 100, 152.60, 37
nid001041,2026/05/03 03:51:42.056, 2, GPU-84c053e0-dec1-a69a-0b40-fbf751d71b20, NVIDIA A100-SXM4-40GB, 36191, 40960, 100, 200.59, 36
nid001041,2026/05/03 03:51:42.058, 3, GPU-85487437-4cf7-3ceb-d2b0-5f2bed2d89cd, NVIDIA A100-SXM4-40GB, 37739, 40960, 100, 184.43, 35
nid001040,2026/05/03 03:51:45.018, 0, GPU-32e67c4f-7204-189f-8b65-2c274dd735a9, NVIDIA A100-SXM4-40GB, 34771, 40960, 0, 59.96, 31
nid001040,2026/05/03 03:51:45.024, 1, GPU-8861d14f-cf78-d18f-5009-dcf3f2d5ba6a, NVIDIA A100-SXM4-40GB, 34771, 40960, 0, 63.00, 30
nid001040,2026/05/03 03:51:45.025, 2, GPU-0c84e9ea-eb03-d0fd-94b6-c87fa7f2aa07, NVIDIA A100-SXM4-40GB, 0, 40960, 0, 50.35, 30
nid001040,2026/05/03 03:51:45.028, 3, GPU-324f8797-e49e-315a-bdaa-053d693f20df, NVIDIA A100-SXM4-40GB, 0, 40960, 0, 50.53, 29
nid001041,2026/05/03 03:51:45.949, 0, GPU-0ae16970-0c3a-bbe5-0e59-4168b3712b2a, NVIDIA A100-SXM4-40GB, 37613, 40960, 100, 137.54, 41
nid001041,2026/05/03 03:51:45.952, 1, GPU-41dedaa0-c8e2-c576-be36-87a6fa2949d6, NVIDIA A100-SXM4-40GB, 36191, 40960, 100, 98.47, 37
nid001041,2026/05/03 03:51:45.954, 2, GPU-84c053e0-dec1-a69a-0b40-fbf751d71b20, NVIDIA A100-SXM4-40GB, 36191, 40960, 100, 116.37, 36
nid001041,2026/05/03 03:51:45.956, 3, GPU-85487437-4cf7-3ceb-d2b0-5f2bed2d89cd, NVIDIA A100-SXM4-40GB, 37739, 40960, 100, 104.48, 35
nid001040,2026/05/03 03:51:48.923, 0, GPU-32e67c4f-7204-189f-8b65-2c274dd735a9, NVIDIA A100-SXM4-40GB, 34771, 40960, 0, 59.96, 31
nid001040,2026/05/03 03:51:48.926, 1, GPU-8861d14f-cf78-d18f-5009-dcf3f2d5ba6a, NVIDIA A100-SXM4-40GB, 34771, 40960, 0, 63.00, 30
nid001040,2026/05/03 03:51:48.927, 2, GPU-0c84e9ea-eb03-d0fd-94b6-c87fa7f2aa07, NVIDIA A100-SXM4-40GB, 0, 40960, 0, 50.35, 30
nid001040,2026/05/03 03:51:48.930, 3, GPU-324f8797-e49e-315a-bdaa-053d693f20df, NVIDIA A100-SXM4-40GB, 0, 40960, 0, 50.53, 29
nid001041,2026/05/03 03:51:49.873, 0, GPU-0ae16970-0c3a-bbe5-0e59-4168b3712b2a, NVIDIA A100-SXM4-40GB, 37613, 40960, 100, 130.89, 40
nid001041,2026/05/03 03:51:49.876, 1, GPU-41dedaa0-c8e2-c576-be36-87a6fa2949d6, NVIDIA A100-SXM4-40GB, 36191, 40960, 100, 165.93, 37
nid001041,2026/05/03 03:51:49.878, 2, GPU-84c053e0-dec1-a69a-0b40-fbf751d71b20, NVIDIA A100-SXM4-40GB, 36191, 40960, 100, 91.76, 36
nid001041,2026/05/03 03:51:49.879, 3, GPU-85487437-4cf7-3ceb-d2b0-5f2bed2d89cd, NVIDIA A100-SXM4-40GB, 37739, 40960, 100, 157.10, 35
nid001040,2026/05/03 03:51:52.841, 0, GPU-32e67c4f-7204-189f-8b65-2c274dd735a9, NVIDIA A100-SXM4-40GB, 34771, 40960, 0, 59.96, 31
nid001040,2026/05/03 03:51:52.843, 1, GPU-8861d14f-cf78-d18f-5009-dcf3f2d5ba6a, NVIDIA A100-SXM4-40GB, 34771, 40960, 0, 63.00, 30
nid001040,2026/05/03 03:51:52.844, 2, GPU-0c84e9ea-eb03-d0fd-94b6-c87fa7f2aa07, NVIDIA A100-SXM4-40GB, 0, 40960, 0, 50.35, 30
nid001040,2026/05/03 03:51:52.846, 3, GPU-324f8797-e49e-315a-bdaa-053d693f20df, NVIDIA A100-SXM4-40GB, 0, 40960, 0, 50.53, 29
nid001041,2026/05/03 03:51:53.759, 0, GPU-0ae16970-0c3a-bbe5-0e59-4168b3712b2a, NVIDIA A100-SXM4-40GB, 37613, 40960, 100, 103.60, 40
nid001041,2026/05/03 03:51:53.762, 1, GPU-41dedaa0-c8e2-c576-be36-87a6fa2949d6, NVIDIA A100-SXM4-40GB, 36191, 40960, 100, 174.60, 37
nid001041,2026/05/03 03:51:53.765, 2, GPU-84c053e0-dec1-a69a-0b40-fbf751d71b20, NVIDIA A100-SXM4-40GB, 36191, 40960, 100, 168.72, 36
nid001041,2026/05/03 03:51:53.766, 3, GPU-85487437-4cf7-3ceb-d2b0-5f2bed2d89cd, NVIDIA A100-SXM4-40GB, 37739, 40960, 100, 184.72, 35
nid001040,2026/05/03 03:51:56.719, 0, GPU-32e67c4f-7204-189f-8b65-2c274dd735a9, NVIDIA A100-SXM4-40GB, 34771, 40960, 0, 59.96, 31
nid001040,2026/05/03 03:51:56.721, 1, GPU-8861d14f-cf78-d18f-5009-dcf3f2d5ba6a, NVIDIA A100-SXM4-40GB, 34771, 40960, 0, 63.00, 30
nid001040,2026/05/03 03:51:56.722, 2, GPU-0c84e9ea-eb03-d0fd-94b6-c87fa7f2aa07, NVIDIA A100-SXM4-40GB, 0, 40960, 0, 50.35, 30
nid001040,2026/05/03 03:51:56.729, 3, GPU-324f8797-e49e-315a-bdaa-053d693f20df, NVIDIA A100-SXM4-40GB, 0, 40960, 0, 50.53, 29
nid001041,2026/05/03 03:51:57.652, 0, GPU-0ae16970-0c3a-bbe5-0e59-4168b3712b2a, NVIDIA A100-SXM4-40GB, 37613, 40960, 100, 91.58, 41
nid001041,2026/05/03 03:51:57.655, 1, GPU-41dedaa0-c8e2-c576-be36-87a6fa2949d6, NVIDIA A100-SXM4-40GB, 36191, 40960, 100, 132.42, 37
nid001041,2026/05/03 03:51:57.657, 2, GPU-84c053e0-dec1-a69a-0b40-fbf751d71b20, NVIDIA A100-SXM4-40GB, 36191, 40960, 100, 195.76, 36
nid001041,2026/05/03 03:51:57.659, 3, GPU-85487437-4cf7-3ceb-d2b0-5f2bed2d89cd, NVIDIA A100-SXM4-40GB, 37739, 40960, 100, 122.88, 35
nid001040,2026/05/03 03:52:00.617, 0, GPU-32e67c4f-7204-189f-8b65-2c274dd735a9, NVIDIA A100-SXM4-40GB, 34771, 40960, 0, 59.96, 31
nid001040,2026/05/03 03:52:00.619, 1, GPU-8861d14f-cf78-d18f-5009-dcf3f2d5ba6a, NVIDIA A100-SXM4-40GB, 34771, 40960, 0, 63.00, 30
nid001040,2026/05/03 03:52:00.620, 2, GPU-0c84e9ea-eb03-d0fd-94b6-c87fa7f2aa07, NVIDIA A100-SXM4-40GB, 0, 40960, 0, 50.35, 30
nid001040,2026/05/03 03:52:00.630, 3, GPU-324f8797-e49e-315a-bdaa-053d693f20df, NVIDIA A100-SXM4-40GB, 0, 40960, 0, 50.53, 29
nid001041,2026/05/03 03:52:01.558, 0, GPU-0ae16970-0c3a-bbe5-0e59-4168b3712b2a, NVIDIA A100-SXM4-40GB, 37613, 40960, 100, 88.26, 40
nid001041,2026/05/03 03:52:01.561, 1, GPU-41dedaa0-c8e2-c576-be36-87a6fa2949d6, NVIDIA A100-SXM4-40GB, 36191, 40960, 100, 105.87, 37
nid001041,2026/05/03 03:52:01.564, 2, GPU-84c053e0-dec1-a69a-0b40-fbf751d71b20, NVIDIA A100-SXM4-40GB, 36191, 40960, 100, 127.71, 36
nid001041,2026/05/03 03:52:01.566, 3, GPU-85487437-4cf7-3ceb-d2b0-5f2bed2d89cd, NVIDIA A100-SXM4-40GB, 37739, 40960, 100, 111.37, 35
nid001040,2026/05/03 03:52:04.550, 0, GPU-32e67c4f-7204-189f-8b65-2c274dd735a9, NVIDIA A100-SXM4-40GB, 34771, 40960, 0, 60.25, 31
nid001040,2026/05/03 03:52:04.559, 1, GPU-8861d14f-cf78-d18f-5009-dcf3f2d5ba6a, NVIDIA A100-SXM4-40GB, 34771, 40960, 0, 63.00, 30
nid001040,2026/05/03 03:52:04.574, 2, GPU-0c84e9ea-eb03-d0fd-94b6-c87fa7f2aa07, NVIDIA A100-SXM4-40GB, 0, 40960, 0, 50.35, 30
nid001040,2026/05/03 03:52:04.582, 3, GPU-324f8797-e49e-315a-bdaa-053d693f20df, NVIDIA A100-SXM4-40GB, 0, 40960, 0, 50.53, 29
nid001041,2026/05/03 03:52:05.552, 0, GPU-0ae16970-0c3a-bbe5-0e59-4168b3712b2a, NVIDIA A100-SXM4-40GB, 37613, 40960, 100, 90.07, 41
nid001041,2026/05/03 03:52:05.559, 1, GPU-41dedaa0-c8e2-c576-be36-87a6fa2949d6, NVIDIA A100-SXM4-40GB, 36191, 40960, 100, 121.97, 37
nid001041,2026/05/03 03:52:05.562, 2, GPU-84c053e0-dec1-a69a-0b40-fbf751d71b20, NVIDIA A100-SXM4-40GB, 36191, 40960, 100, 175.60, 36
nid001041,2026/05/03 03:52:05.564, 3, GPU-85487437-4cf7-3ceb-d2b0-5f2bed2d89cd, NVIDIA A100-SXM4-40GB, 37739, 40960, 100, 125.01, 35
nid001040,2026/05/03 03:52:08.527, 0, GPU-32e67c4f-7204-189f-8b65-2c274dd735a9, NVIDIA A100-SXM4-40GB, 34771, 40960, 0, 60.25, 31
nid001040,2026/05/03 03:52:08.532, 1, GPU-8861d14f-cf78-d18f-5009-dcf3f2d5ba6a, NVIDIA A100-SXM4-40GB, 34771, 40960, 0, 63.00, 30
nid001040,2026/05/03 03:52:08.533, 2, GPU-0c84e9ea-eb03-d0fd-94b6-c87fa7f2aa07, NVIDIA A100-SXM4-40GB, 0, 40960, 0, 50.35, 30
nid001040,2026/05/03 03:52:08.535, 3, GPU-324f8797-e49e-315a-bdaa-053d693f20df, NVIDIA A100-SXM4-40GB, 0, 40960, 0, 50.53, 29
nid001041,2026/05/03 03:52:09.460, 0, GPU-0ae16970-0c3a-bbe5-0e59-4168b3712b2a, NVIDIA A100-SXM4-40GB, 37613, 40960, 100, 97.71, 40
nid001041,2026/05/03 03:52:09.463, 1, GPU-41dedaa0-c8e2-c576-be36-87a6fa2949d6, NVIDIA A100-SXM4-40GB, 36191, 40960, 100, 150.32, 37
nid001041,2026/05/03 03:52:09.465, 2, GPU-84c053e0-dec1-a69a-0b40-fbf751d71b20, NVIDIA A100-SXM4-40GB, 36191, 40960, 100, 172.57, 36
nid001041,2026/05/03 03:52:09.466, 3, GPU-85487437-4cf7-3ceb-d2b0-5f2bed2d89cd, NVIDIA A100-SXM4-40GB, 37739, 40960, 100, 132.10, 35
nid001040,2026/05/03 03:52:12.497, 0, GPU-32e67c4f-7204-189f-8b65-2c274dd735a9, NVIDIA A100-SXM4-40GB, 34771, 40960, 0, 60.25, 31
nid001040,2026/05/03 03:52:12.499, 1, GPU-8861d14f-cf78-d18f-5009-dcf3f2d5ba6a, NVIDIA A100-SXM4-40GB, 34771, 40960, 0, 63.00, 30
nid001040,2026/05/03 03:52:12.500, 2, GPU-0c84e9ea-eb03-d0fd-94b6-c87fa7f2aa07, NVIDIA A100-SXM4-40GB, 0, 40960, 0, 50.35, 30
nid001040,2026/05/03 03:52:12.502, 3, GPU-324f8797-e49e-315a-bdaa-053d693f20df, NVIDIA A100-SXM4-40GB, 0, 40960, 0, 50.53, 29
nid001041,2026/05/03 03:52:13.433, 0, GPU-0ae16970-0c3a-bbe5-0e59-4168b3712b2a, NVIDIA A100-SXM4-40GB, 37613, 40960, 100, 118.65, 40
nid001041,2026/05/03 03:52:13.436, 1, GPU-41dedaa0-c8e2-c576-be36-87a6fa2949d6, NVIDIA A100-SXM4-40GB, 36191, 40960, 100, 183.76, 37
nid001041,2026/05/03 03:52:13.439, 2, GPU-84c053e0-dec1-a69a-0b40-fbf751d71b20, NVIDIA A100-SXM4-40GB, 36191, 40960, 100, 91.47, 36
nid001041,2026/05/03 03:52:13.441, 3, GPU-85487437-4cf7-3ceb-d2b0-5f2bed2d89cd, NVIDIA A100-SXM4-40GB, 37739, 40960, 100, 221.25, 35
nid001040,2026/05/03 03:52:16.411, 0, GPU-32e67c4f-7204-189f-8b65-2c274dd735a9, NVIDIA A100-SXM4-40GB, 34771, 40960, 0, 60.25, 31
nid001040,2026/05/03 03:52:16.413, 1, GPU-8861d14f-cf78-d18f-5009-dcf3f2d5ba6a, NVIDIA A100-SXM4-40GB, 34771, 40960, 0, 63.00, 30
nid001040,2026/05/03 03:52:16.414, 2, GPU-0c84e9ea-eb03-d0fd-94b6-c87fa7f2aa07, NVIDIA A100-SXM4-40GB, 0, 40960, 0, 50.41, 30
nid001040,2026/05/03 03:52:16.416, 3, GPU-324f8797-e49e-315a-bdaa-053d693f20df, NVIDIA A100-SXM4-40GB, 0, 40960, 0, 50.53, 29
nid001041,2026/05/03 03:52:17.344, 0, GPU-0ae16970-0c3a-bbe5-0e59-4168b3712b2a, NVIDIA A100-SXM4-40GB, 37613, 40960, 100, 153.35, 40
nid001041,2026/05/03 03:52:17.347, 1, GPU-41dedaa0-c8e2-c576-be36-87a6fa2949d6, NVIDIA A100-SXM4-40GB, 36191, 40960, 100, 94.15, 37
nid001041,2026/05/03 03:52:17.349, 2, GPU-84c053e0-dec1-a69a-0b40-fbf751d71b20, NVIDIA A100-SXM4-40GB, 36191, 40960, 100, 108.20, 36
nid001041,2026/05/03 03:52:17.352, 3, GPU-85487437-4cf7-3ceb-d2b0-5f2bed2d89cd, NVIDIA A100-SXM4-40GB, 37739, 40960, 100, 95.78, 35
nid001040,2026/05/03 03:52:20.325, 0, GPU-32e67c4f-7204-189f-8b65-2c274dd735a9, NVIDIA A100-SXM4-40GB, 34771, 40960, 0, 59.96, 31
nid001040,2026/05/03 03:52:20.327, 1, GPU-8861d14f-cf78-d18f-5009-dcf3f2d5ba6a, NVIDIA A100-SXM4-40GB, 34771, 40960, 0, 63.00, 30
nid001040,2026/05/03 03:52:20.329, 2, GPU-0c84e9ea-eb03-d0fd-94b6-c87fa7f2aa07, NVIDIA A100-SXM4-40GB, 0, 40960, 0, 50.35, 30
nid001040,2026/05/03 03:52:20.334, 3, GPU-324f8797-e49e-315a-bdaa-053d693f20df, NVIDIA A100-SXM4-40GB, 0, 40960, 0, 50.53, 29
nid001041,2026/05/03 03:52:21.254, 0, GPU-0ae16970-0c3a-bbe5-0e59-4168b3712b2a, NVIDIA A100-SXM4-40GB, 37613, 40960, 100, 88.79, 41
nid001041,2026/05/03 03:52:21.261, 1, GPU-41dedaa0-c8e2-c576-be36-87a6fa2949d6, NVIDIA A100-SXM4-40GB, 36191, 40960, 100, 126.66, 37
nid001041,2026/05/03 03:52:21.262, 2, GPU-84c053e0-dec1-a69a-0b40-fbf751d71b20, NVIDIA A100-SXM4-40GB, 36191, 40960, 100, 183.00, 36
nid001041,2026/05/03 03:52:21.264, 3, GPU-85487437-4cf7-3ceb-d2b0-5f2bed2d89cd, NVIDIA A100-SXM4-40GB, 37739, 40960, 100, 107.28, 35
nid001040,2026/05/03 03:52:24.229, 0, GPU-32e67c4f-7204-189f-8b65-2c274dd735a9, NVIDIA A100-SXM4-40GB, 34771, 40960, 0, 60.25, 31
nid001040,2026/05/03 03:52:24.232, 1, GPU-8861d14f-cf78-d18f-5009-dcf3f2d5ba6a, NVIDIA A100-SXM4-40GB, 34771, 40960, 0, 63.00, 30
nid001040,2026/05/03 03:52:24.234, 2, GPU-0c84e9ea-eb03-d0fd-94b6-c87fa7f2aa07, NVIDIA A100-SXM4-40GB, 0, 40960, 0, 50.35, 30
nid001040,2026/05/03 03:52:24.238, 3, GPU-324f8797-e49e-315a-bdaa-053d693f20df, NVIDIA A100-SXM4-40GB, 0, 40960, 0, 50.53, 29
nid001041,2026/05/03 03:52:25.190, 0, GPU-0ae16970-0c3a-bbe5-0e59-4168b3712b2a, NVIDIA A100-SXM4-40GB, 37613, 40960, 100, 137.78, 41
nid001041,2026/05/03 03:52:25.194, 1, GPU-41dedaa0-c8e2-c576-be36-87a6fa2949d6, NVIDIA A100-SXM4-40GB, 36191, 40960, 100, 92.63, 37
nid001041,2026/05/03 03:52:25.196, 2, GPU-84c053e0-dec1-a69a-0b40-fbf751d71b20, NVIDIA A100-SXM4-40GB, 36191, 40960, 100, 100.39, 36
nid001041,2026/05/03 03:52:25.198, 3, GPU-85487437-4cf7-3ceb-d2b0-5f2bed2d89cd, NVIDIA A100-SXM4-40GB, 37739, 40960, 100, 210.28, 35
nid001040,2026/05/03 03:52:28.164, 0, GPU-32e67c4f-7204-189f-8b65-2c274dd735a9, NVIDIA A100-SXM4-40GB, 34771, 40960, 0, 59.96, 31
nid001040,2026/05/03 03:52:28.165, 1, GPU-8861d14f-cf78-d18f-5009-dcf3f2d5ba6a, NVIDIA A100-SXM4-40GB, 34771, 40960, 0, 63.00, 30
nid001040,2026/05/03 03:52:28.172, 2, GPU-0c84e9ea-eb03-d0fd-94b6-c87fa7f2aa07, NVIDIA A100-SXM4-40GB, 0, 40960, 0, 50.35, 30
nid001040,2026/05/03 03:52:28.174, 3, GPU-324f8797-e49e-315a-bdaa-053d693f20df, NVIDIA A100-SXM4-40GB, 0, 40960, 0, 50.53, 29
nid001041,2026/05/03 03:52:29.101, 0, GPU-0ae16970-0c3a-bbe5-0e59-4168b3712b2a, NVIDIA A100-SXM4-40GB, 37613, 40960, 100, 147.99, 40
nid001041,2026/05/03 03:52:29.104, 1, GPU-41dedaa0-c8e2-c576-be36-87a6fa2949d6, NVIDIA A100-SXM4-40GB, 36191, 40960, 100, 115.85, 37
nid001041,2026/05/03 03:52:29.107, 2, GPU-84c053e0-dec1-a69a-0b40-fbf751d71b20, NVIDIA A100-SXM4-40GB, 36191, 40960, 100, 166.45, 36
nid001041,2026/05/03 03:52:29.109, 3, GPU-85487437-4cf7-3ceb-d2b0-5f2bed2d89cd, NVIDIA A100-SXM4-40GB, 37739, 40960, 100, 100.63, 35
nid001040,2026/05/03 03:52:32.066, 0, GPU-32e67c4f-7204-189f-8b65-2c274dd735a9, NVIDIA A100-SXM4-40GB, 34771, 40960, 0, 60.25, 31
nid001040,2026/05/03 03:52:32.068, 1, GPU-8861d14f-cf78-d18f-5009-dcf3f2d5ba6a, NVIDIA A100-SXM4-40GB, 34771, 40960, 0, 63.00, 30
nid001040,2026/05/03 03:52:32.071, 2, GPU-0c84e9ea-eb03-d0fd-94b6-c87fa7f2aa07, NVIDIA A100-SXM4-40GB, 0, 40960, 0, 50.35, 30
nid001040,2026/05/03 03:52:32.073, 3, GPU-324f8797-e49e-315a-bdaa-053d693f20df, NVIDIA A100-SXM4-40GB, 0, 40960, 0, 50.53, 29
nid001041,2026/05/03 03:52:32.997, 0, GPU-0ae16970-0c3a-bbe5-0e59-4168b3712b2a, NVIDIA A100-SXM4-40GB, 37613, 40960, 100, 115.85, 40
nid001041,2026/05/03 03:52:33.001, 1, GPU-41dedaa0-c8e2-c576-be36-87a6fa2949d6, NVIDIA A100-SXM4-40GB, 36191, 40960, 100, 141.10, 37
nid001041,2026/05/03 03:52:33.002, 2, GPU-84c053e0-dec1-a69a-0b40-fbf751d71b20, NVIDIA A100-SXM4-40GB, 36191, 40960, 100, 93.91, 36
nid001041,2026/05/03 03:52:33.004, 3, GPU-85487437-4cf7-3ceb-d2b0-5f2bed2d89cd, NVIDIA A100-SXM4-40GB, 37739, 40960, 100, 149.04, 34
nid001040,2026/05/03 03:52:35.989, 0, GPU-32e67c4f-7204-189f-8b65-2c274dd735a9, NVIDIA A100-SXM4-40GB, 34771, 40960, 0, 60.25, 31
nid001040,2026/05/03 03:52:35.991, 1, GPU-8861d14f-cf78-d18f-5009-dcf3f2d5ba6a, NVIDIA A100-SXM4-40GB, 34771, 40960, 0, 63.00, 30
nid001040,2026/05/03 03:52:35.993, 2, GPU-0c84e9ea-eb03-d0fd-94b6-c87fa7f2aa07, NVIDIA A100-SXM4-40GB, 0, 40960, 0, 50.35, 30
nid001040,2026/05/03 03:52:35.995, 3, GPU-324f8797-e49e-315a-bdaa-053d693f20df, NVIDIA A100-SXM4-40GB, 0, 40960, 0, 50.53, 29
nid001041,2026/05/03 03:52:36.903, 0, GPU-0ae16970-0c3a-bbe5-0e59-4168b3712b2a, NVIDIA A100-SXM4-40GB, 37613, 40960, 100, 112.76, 40
nid001041,2026/05/03 03:52:36.906, 1, GPU-41dedaa0-c8e2-c576-be36-87a6fa2949d6, NVIDIA A100-SXM4-40GB, 36191, 40960, 100, 118.65, 37
nid001041,2026/05/03 03:52:36.908, 2, GPU-84c053e0-dec1-a69a-0b40-fbf751d71b20, NVIDIA A100-SXM4-40GB, 36191, 40960, 100, 138.14, 36
nid001041,2026/05/03 03:52:36.910, 3, GPU-85487437-4cf7-3ceb-d2b0-5f2bed2d89cd, NVIDIA A100-SXM4-40GB, 37739, 40960, 100, 99.87, 35
nid001040,2026/05/03 03:52:39.875, 0, GPU-32e67c4f-7204-189f-8b65-2c274dd735a9, NVIDIA A100-SXM4-40GB, 34771, 40960, 0, 59.96, 31
nid001040,2026/05/03 03:52:39.877, 1, GPU-8861d14f-cf78-d18f-5009-dcf3f2d5ba6a, NVIDIA A100-SXM4-40GB, 34771, 40960, 0, 63.00, 30
nid001040,2026/05/03 03:52:39.878, 2, GPU-0c84e9ea-eb03-d0fd-94b6-c87fa7f2aa07, NVIDIA A100-SXM4-40GB, 0, 40960, 0, 50.41, 30
nid001040,2026/05/03 03:52:39.880, 3, GPU-324f8797-e49e-315a-bdaa-053d693f20df, NVIDIA A100-SXM4-40GB, 0, 40960, 0, 50.53, 29
nid001041,2026/05/03 03:52:40.805, 0, GPU-0ae16970-0c3a-bbe5-0e59-4168b3712b2a, NVIDIA A100-SXM4-40GB, 37613, 40960, 100, 127.33, 40
nid001041,2026/05/03 03:52:40.807, 1, GPU-41dedaa0-c8e2-c576-be36-87a6fa2949d6, NVIDIA A100-SXM4-40GB, 36191, 40960, 100, 93.39, 37
nid001041,2026/05/03 03:52:40.809, 2, GPU-84c053e0-dec1-a69a-0b40-fbf751d71b20, NVIDIA A100-SXM4-40GB, 36191, 40960, 100, 95.31, 36
nid001041,2026/05/03 03:52:40.811, 3, GPU-85487437-4cf7-3ceb-d2b0-5f2bed2d89cd, NVIDIA A100-SXM4-40GB, 37739, 40960, 100, 214.37, 35
nid001040,2026/05/03 03:52:43.772, 0, GPU-32e67c4f-7204-189f-8b65-2c274dd735a9, NVIDIA A100-SXM4-40GB, 34771, 40960, 0, 59.96, 31
nid001040,2026/05/03 03:52:43.774, 1, GPU-8861d14f-cf78-d18f-5009-dcf3f2d5ba6a, NVIDIA A100-SXM4-40GB, 34771, 40960, 0, 63.00, 30
nid001040,2026/05/03 03:52:43.776, 2, GPU-0c84e9ea-eb03-d0fd-94b6-c87fa7f2aa07, NVIDIA A100-SXM4-40GB, 0, 40960, 0, 50.35, 30
nid001040,2026/05/03 03:52:43.778, 3, GPU-324f8797-e49e-315a-bdaa-053d693f20df, NVIDIA A100-SXM4-40GB, 0, 40960, 0, 50.53, 29
nid001041,2026/05/03 03:52:44.702, 0, GPU-0ae16970-0c3a-bbe5-0e59-4168b3712b2a, NVIDIA A100-SXM4-40GB, 37613, 40960, 100, 96.72, 40
nid001041,2026/05/03 03:52:44.705, 1, GPU-41dedaa0-c8e2-c576-be36-87a6fa2949d6, NVIDIA A100-SXM4-40GB, 36191, 40960, 100, 205.43, 37
nid001041,2026/05/03 03:52:44.707, 2, GPU-84c053e0-dec1-a69a-0b40-fbf751d71b20, NVIDIA A100-SXM4-40GB, 36191, 40960, 100, 170.01, 36
nid001041,2026/05/03 03:52:44.709, 3, GPU-85487437-4cf7-3ceb-d2b0-5f2bed2d89cd, NVIDIA A100-SXM4-40GB, 37739, 40960, 100, 115.99, 35
nid001040,2026/05/03 03:52:47.706, 0, GPU-32e67c4f-7204-189f-8b65-2c274dd735a9, NVIDIA A100-SXM4-40GB, 34771, 40960, 0, 60.25, 31
nid001040,2026/05/03 03:52:47.708, 1, GPU-8861d14f-cf78-d18f-5009-dcf3f2d5ba6a, NVIDIA A100-SXM4-40GB, 34771, 40960, 0, 63.00, 30
nid001040,2026/05/03 03:52:47.709, 2, GPU-0c84e9ea-eb03-d0fd-94b6-c87fa7f2aa07, NVIDIA A100-SXM4-40GB, 0, 40960, 0, 50.35, 30
nid001040,2026/05/03 03:52:47.711, 3, GPU-324f8797-e49e-315a-bdaa-053d693f20df, NVIDIA A100-SXM4-40GB, 0, 40960, 0, 50.53, 29
nid001041,2026/05/03 03:52:48.641, 0, GPU-0ae16970-0c3a-bbe5-0e59-4168b3712b2a, NVIDIA A100-SXM4-40GB, 37613, 40960, 100, 106.64, 40
nid001041,2026/05/03 03:52:48.643, 1, GPU-41dedaa0-c8e2-c576-be36-87a6fa2949d6, NVIDIA A100-SXM4-40GB, 36191, 40960, 100, 132.94, 37
nid001041,2026/05/03 03:52:48.645, 2, GPU-84c053e0-dec1-a69a-0b40-fbf751d71b20, NVIDIA A100-SXM4-40GB, 36191, 40960, 100, 150.61, 36
nid001041,2026/05/03 03:52:48.651, 3, GPU-85487437-4cf7-3ceb-d2b0-5f2bed2d89cd, NVIDIA A100-SXM4-40GB, 37739, 40960, 100, 102.43, 35
nid001040,2026/05/03 03:52:51.614, 0, GPU-32e67c4f-7204-189f-8b65-2c274dd735a9, NVIDIA A100-SXM4-40GB, 34771, 40960, 0, 59.96, 31
nid001040,2026/05/03 03:52:51.616, 1, GPU-8861d14f-cf78-d18f-5009-dcf3f2d5ba6a, NVIDIA A100-SXM4-40GB, 34771, 40960, 0, 63.00, 30
nid001040,2026/05/03 03:52:51.617, 2, GPU-0c84e9ea-eb03-d0fd-94b6-c87fa7f2aa07, NVIDIA A100-SXM4-40GB, 0, 40960, 0, 50.35, 30
nid001040,2026/05/03 03:52:51.619, 3, GPU-324f8797-e49e-315a-bdaa-053d693f20df, NVIDIA A100-SXM4-40GB, 0, 40960, 0, 50.53, 29
nid001041,2026/05/03 03:52:52.537, 0, GPU-0ae16970-0c3a-bbe5-0e59-4168b3712b2a, NVIDIA A100-SXM4-40GB, 37613, 40960, 100, 192.90, 41
nid001041,2026/05/03 03:52:52.541, 1, GPU-41dedaa0-c8e2-c576-be36-87a6fa2949d6, NVIDIA A100-SXM4-40GB, 36191, 40960, 100, 110.72, 37
nid001041,2026/05/03 03:52:52.544, 2, GPU-84c053e0-dec1-a69a-0b40-fbf751d71b20, NVIDIA A100-SXM4-40GB, 36191, 40960, 100, 110.88, 36
nid001041,2026/05/03 03:52:52.546, 3, GPU-85487437-4cf7-3ceb-d2b0-5f2bed2d89cd, NVIDIA A100-SXM4-40GB, 37739, 40960, 100, 94.79, 35
nid001040,2026/05/03 03:52:55.497, 0, GPU-32e67c4f-7204-189f-8b65-2c274dd735a9, NVIDIA A100-SXM4-40GB, 34771, 40960, 0, 59.96, 31
nid001040,2026/05/03 03:52:55.499, 1, GPU-8861d14f-cf78-d18f-5009-dcf3f2d5ba6a, NVIDIA A100-SXM4-40GB, 34771, 40960, 0, 63.00, 30
nid001040,2026/05/03 03:52:55.500, 2, GPU-0c84e9ea-eb03-d0fd-94b6-c87fa7f2aa07, NVIDIA A100-SXM4-40GB, 0, 40960, 0, 50.11, 30
nid001040,2026/05/03 03:52:55.502, 3, GPU-324f8797-e49e-315a-bdaa-053d693f20df, NVIDIA A100-SXM4-40GB, 0, 40960, 0, 50.53, 29
nid001041,2026/05/03 03:52:56.427, 0, GPU-0ae16970-0c3a-bbe5-0e59-4168b3712b2a, NVIDIA A100-SXM4-40GB, 37613, 40960, 100, 159.48, 40
nid001041,2026/05/03 03:52:56.429, 1, GPU-41dedaa0-c8e2-c576-be36-87a6fa2949d6, NVIDIA A100-SXM4-40GB, 36191, 40960, 100, 98.47, 37
nid001041,2026/05/03 03:52:56.435, 2, GPU-84c053e0-dec1-a69a-0b40-fbf751d71b20, NVIDIA A100-SXM4-40GB, 36191, 40960, 100, 102.43, 36
nid001041,2026/05/03 03:52:56.438, 3, GPU-85487437-4cf7-3ceb-d2b0-5f2bed2d89cd, NVIDIA A100-SXM4-40GB, 37739, 40960, 100, 218.45, 35
nid001040,2026/05/03 03:52:59.407, 0, GPU-32e67c4f-7204-189f-8b65-2c274dd735a9, NVIDIA A100-SXM4-40GB, 34771, 40960, 0, 59.96, 31
nid001040,2026/05/03 03:52:59.409, 1, GPU-8861d14f-cf78-d18f-5009-dcf3f2d5ba6a, NVIDIA A100-SXM4-40GB, 34771, 40960, 0, 63.53, 30
nid001040,2026/05/03 03:52:59.410, 2, GPU-0c84e9ea-eb03-d0fd-94b6-c87fa7f2aa07, NVIDIA A100-SXM4-40GB, 0, 40960, 0, 50.35, 30
nid001040,2026/05/03 03:52:59.413, 3, GPU-324f8797-e49e-315a-bdaa-053d693f20df, NVIDIA A100-SXM4-40GB, 0, 40960, 0, 50.53, 29
nid001041,2026/05/03 03:53:00.385, 0, GPU-0ae16970-0c3a-bbe5-0e59-4168b3712b2a, NVIDIA A100-SXM4-40GB, 37613, 40960, 100, 210.28, 41
nid001041,2026/05/03 03:53:00.388, 1, GPU-41dedaa0-c8e2-c576-be36-87a6fa2949d6, NVIDIA A100-SXM4-40GB, 36191, 40960, 100, 97.24, 37
nid001041,2026/05/03 03:53:00.389, 2, GPU-84c053e0-dec1-a69a-0b40-fbf751d71b20, NVIDIA A100-SXM4-40GB, 36191, 40960, 100, 116.23, 36
nid001041,2026/05/03 03:53:00.391, 3, GPU-85487437-4cf7-3ceb-d2b0-5f2bed2d89cd, NVIDIA A100-SXM4-40GB, 37739, 40960, 100, 169.65, 35
nid001040,2026/05/03 03:53:03.377, 0, GPU-32e67c4f-7204-189f-8b65-2c274dd735a9, NVIDIA A100-SXM4-40GB, 34771, 40960, 0, 59.96, 31
nid001040,2026/05/03 03:53:03.379, 1, GPU-8861d14f-cf78-d18f-5009-dcf3f2d5ba6a, NVIDIA A100-SXM4-40GB, 34771, 40960, 0, 63.00, 30
nid001040,2026/05/03 03:53:03.381, 2, GPU-0c84e9ea-eb03-d0fd-94b6-c87fa7f2aa07, NVIDIA A100-SXM4-40GB, 0, 40960, 0, 50.11, 30
nid001040,2026/05/03 03:53:03.383, 3, GPU-324f8797-e49e-315a-bdaa-053d693f20df, NVIDIA A100-SXM4-40GB, 0, 40960, 0, 50.53, 29
nid001041,2026/05/03 03:53:04.303, 0, GPU-0ae16970-0c3a-bbe5-0e59-4168b3712b2a, NVIDIA A100-SXM4-40GB, 37613, 40960, 100, 190.34, 40
nid001041,2026/05/03 03:53:04.305, 1, GPU-41dedaa0-c8e2-c576-be36-87a6fa2949d6, NVIDIA A100-SXM4-40GB, 36191, 40960, 100, 112.39, 37
nid001041,2026/05/03 03:53:04.308, 2, GPU-84c053e0-dec1-a69a-0b40-fbf751d71b20, NVIDIA A100-SXM4-40GB, 36191, 40960, 100, 124.86, 36
nid001041,2026/05/03 03:53:04.311, 3, GPU-85487437-4cf7-3ceb-d2b0-5f2bed2d89cd, NVIDIA A100-SXM4-40GB, 37739, 40960, 100, 94.79, 35
nid001040,2026/05/03 03:53:07.273, 0, GPU-32e67c4f-7204-189f-8b65-2c274dd735a9, NVIDIA A100-SXM4-40GB, 34771, 40960, 0, 60.25, 31
nid001040,2026/05/03 03:53:07.275, 1, GPU-8861d14f-cf78-d18f-5009-dcf3f2d5ba6a, NVIDIA A100-SXM4-40GB, 34771, 40960, 0, 63.00, 30
nid001040,2026/05/03 03:53:07.277, 2, GPU-0c84e9ea-eb03-d0fd-94b6-c87fa7f2aa07, NVIDIA A100-SXM4-40GB, 0, 40960, 0, 50.11, 30
nid001040,2026/05/03 03:53:07.279, 3, GPU-324f8797-e49e-315a-bdaa-053d693f20df, NVIDIA A100-SXM4-40GB, 0, 40960, 0, 50.53, 29
nid001041,2026/05/03 03:53:08.227, 0, GPU-0ae16970-0c3a-bbe5-0e59-4168b3712b2a, NVIDIA A100-SXM4-40GB, 37613, 40960, 100, 88.79, 40
nid001041,2026/05/03 03:53:08.230, 1, GPU-41dedaa0-c8e2-c576-be36-87a6fa2949d6, NVIDIA A100-SXM4-40GB, 36191, 40960, 100, 154.63, 37
nid001041,2026/05/03 03:53:08.232, 2, GPU-84c053e0-dec1-a69a-0b40-fbf751d71b20, NVIDIA A100-SXM4-40GB, 36191, 40960, 100, 183.24, 36
nid001041,2026/05/03 03:53:08.234, 3, GPU-85487437-4cf7-3ceb-d2b0-5f2bed2d89cd, NVIDIA A100-SXM4-40GB, 37739, 40960, 100, 98.35, 35
nid001040,2026/05/03 03:53:11.197, 0, GPU-32e67c4f-7204-189f-8b65-2c274dd735a9, NVIDIA A100-SXM4-40GB, 34771, 40960, 0, 59.96, 31
nid001040,2026/05/03 03:53:11.200, 1, GPU-8861d14f-cf78-d18f-5009-dcf3f2d5ba6a, NVIDIA A100-SXM4-40GB, 34771, 40960, 0, 63.00, 30
nid001040,2026/05/03 03:53:11.201, 2, GPU-0c84e9ea-eb03-d0fd-94b6-c87fa7f2aa07, NVIDIA A100-SXM4-40GB, 0, 40960, 0, 50.35, 30
nid001040,2026/05/03 03:53:11.203, 3, GPU-324f8797-e49e-315a-bdaa-053d693f20df, NVIDIA A100-SXM4-40GB, 0, 40960, 0, 50.53, 29
nid001041,2026/05/03 03:53:12.125, 0, GPU-0ae16970-0c3a-bbe5-0e59-4168b3712b2a, NVIDIA A100-SXM4-40GB, 37613, 40960, 100, 103.84, 40
nid001041,2026/05/03 03:53:12.129, 1, GPU-41dedaa0-c8e2-c576-be36-87a6fa2949d6, NVIDIA A100-SXM4-40GB, 36191, 40960, 100, 203.91, 37
nid001041,2026/05/03 03:53:12.130, 2, GPU-84c053e0-dec1-a69a-0b40-fbf751d71b20, NVIDIA A100-SXM4-40GB, 36191, 40960, 100, 95.84, 36
nid001041,2026/05/03 03:53:12.132, 3, GPU-85487437-4cf7-3ceb-d2b0-5f2bed2d89cd, NVIDIA A100-SXM4-40GB, 37739, 40960, 100, 121.07, 35
nid001040,2026/05/03 03:53:15.123, 0, GPU-32e67c4f-7204-189f-8b65-2c274dd735a9, NVIDIA A100-SXM4-40GB, 34771, 40960, 0, 59.96, 31
nid001040,2026/05/03 03:53:15.125, 1, GPU-8861d14f-cf78-d18f-5009-dcf3f2d5ba6a, NVIDIA A100-SXM4-40GB, 34771, 40960, 0, 63.00, 30
nid001040,2026/05/03 03:53:15.127, 2, GPU-0c84e9ea-eb03-d0fd-94b6-c87fa7f2aa07, NVIDIA A100-SXM4-40GB, 0, 40960, 0, 50.11, 30
nid001040,2026/05/03 03:53:15.129, 3, GPU-324f8797-e49e-315a-bdaa-053d693f20df, NVIDIA A100-SXM4-40GB, 0, 40960, 0, 50.53, 29
nid001041,2026/05/03 03:53:16.030, 0, GPU-0ae16970-0c3a-bbe5-0e59-4168b3712b2a, NVIDIA A100-SXM4-40GB, 37613, 40960, 100, 136.50, 40
nid001041,2026/05/03 03:53:16.034, 1, GPU-41dedaa0-c8e2-c576-be36-87a6fa2949d6, NVIDIA A100-SXM4-40GB, 36191, 40960, 100, 94.91, 37
nid001041,2026/05/03 03:53:16.036, 2, GPU-84c053e0-dec1-a69a-0b40-fbf751d71b20, NVIDIA A100-SXM4-40GB, 36191, 40960, 100, 98.99, 36
nid001041,2026/05/03 03:53:16.037, 3, GPU-85487437-4cf7-3ceb-d2b0-5f2bed2d89cd, NVIDIA A100-SXM4-40GB, 37739, 40960, 100, 224.29, 35
nid001040,2026/05/03 03:53:18.995, 0, GPU-32e67c4f-7204-189f-8b65-2c274dd735a9, NVIDIA A100-SXM4-40GB, 34771, 40960, 0, 60.25, 31
nid001040,2026/05/03 03:53:18.997, 1, GPU-8861d14f-cf78-d18f-5009-dcf3f2d5ba6a, NVIDIA A100-SXM4-40GB, 34771, 40960, 0, 63.00, 30
nid001040,2026/05/03 03:53:18.999, 2, GPU-0c84e9ea-eb03-d0fd-94b6-c87fa7f2aa07, NVIDIA A100-SXM4-40GB, 0, 40960, 0, 50.35, 30
nid001040,2026/05/03 03:53:19.001, 3, GPU-324f8797-e49e-315a-bdaa-053d693f20df, NVIDIA A100-SXM4-40GB, 0, 40960, 0, 50.53, 29
nid001041,2026/05/03 03:53:19.938, 0, GPU-0ae16970-0c3a-bbe5-0e59-4168b3712b2a, NVIDIA A100-SXM4-40GB, 37613, 40960, 100, 87.79, 41
nid001041,2026/05/03 03:53:19.942, 1, GPU-41dedaa0-c8e2-c576-be36-87a6fa2949d6, NVIDIA A100-SXM4-40GB, 36191, 40960, 100, 202.63, 37
nid001041,2026/05/03 03:53:19.944, 2, GPU-84c053e0-dec1-a69a-0b40-fbf751d71b20, NVIDIA A100-SXM4-40GB, 36191, 40960, 100, 192.68, 36
nid001041,2026/05/03 03:53:19.946, 3, GPU-85487437-4cf7-3ceb-d2b0-5f2bed2d89cd, NVIDIA A100-SXM4-40GB, 37739, 40960, 100, 98.59, 35
nid001040,2026/05/03 03:53:22.906, 0, GPU-32e67c4f-7204-189f-8b65-2c274dd735a9, NVIDIA A100-SXM4-40GB, 34771, 40960, 0, 59.96, 31
nid001040,2026/05/03 03:53:22.908, 1, GPU-8861d14f-cf78-d18f-5009-dcf3f2d5ba6a, NVIDIA A100-SXM4-40GB, 34771, 40960, 0, 63.00, 29
nid001040,2026/05/03 03:53:22.909, 2, GPU-0c84e9ea-eb03-d0fd-94b6-c87fa7f2aa07, NVIDIA A100-SXM4-40GB, 0, 40960, 0, 50.11, 30
nid001040,2026/05/03 03:53:22.911, 3, GPU-324f8797-e49e-315a-bdaa-053d693f20df, NVIDIA A100-SXM4-40GB, 0, 40960, 0, 50.53, 29
nid001041,2026/05/03 03:53:23.824, 0, GPU-0ae16970-0c3a-bbe5-0e59-4168b3712b2a, NVIDIA A100-SXM4-40GB, 37613, 40960, 100, 109.72, 40
nid001041,2026/05/03 03:53:23.826, 1, GPU-41dedaa0-c8e2-c576-be36-87a6fa2949d6, NVIDIA A100-SXM4-40GB, 36191, 40960, 100, 92.11, 37
nid001041,2026/05/03 03:53:23.828, 2, GPU-84c053e0-dec1-a69a-0b40-fbf751d71b20, NVIDIA A100-SXM4-40GB, 36191, 40960, 100, 95.03, 36
nid001041,2026/05/03 03:53:23.830, 3, GPU-85487437-4cf7-3ceb-d2b0-5f2bed2d89cd, NVIDIA A100-SXM4-40GB, 37739, 40960, 100, 148.69, 35
nid001040,2026/05/03 03:53:26.806, 0, GPU-32e67c4f-7204-189f-8b65-2c274dd735a9, NVIDIA A100-SXM4-40GB, 34771, 40960, 0, 59.89, 31
nid001040,2026/05/03 03:53:26.808, 1, GPU-8861d14f-cf78-d18f-5009-dcf3f2d5ba6a, NVIDIA A100-SXM4-40GB, 34771, 40960, 0, 63.00, 30
nid001040,2026/05/03 03:53:26.810, 2, GPU-0c84e9ea-eb03-d0fd-94b6-c87fa7f2aa07, NVIDIA A100-SXM4-40GB, 0, 40960, 0, 50.35, 30
nid001040,2026/05/03 03:53:26.812, 3, GPU-324f8797-e49e-315a-bdaa-053d693f20df, NVIDIA A100-SXM4-40GB, 0, 40960, 0, 50.53, 29
nid001041,2026/05/03 03:53:27.745, 0, GPU-0ae16970-0c3a-bbe5-0e59-4168b3712b2a, NVIDIA A100-SXM4-40GB, 37613, 40960, 100, 202.11, 41
nid001041,2026/05/03 03:53:27.749, 1, GPU-41dedaa0-c8e2-c576-be36-87a6fa2949d6, NVIDIA A100-SXM4-40GB, 36191, 40960, 100, 160.00, 37
nid001041,2026/05/03 03:53:27.750, 2, GPU-84c053e0-dec1-a69a-0b40-fbf751d71b20, NVIDIA A100-SXM4-40GB, 36191, 40960, 100, 144.49, 36
nid001041,2026/05/03 03:53:27.752, 3, GPU-85487437-4cf7-3ceb-d2b0-5f2bed2d89cd, NVIDIA A100-SXM4-40GB, 37739, 40960, 100, 94.50, 35
nid001040,2026/05/03 03:53:30.725, 0, GPU-32e67c4f-7204-189f-8b65-2c274dd735a9, NVIDIA A100-SXM4-40GB, 34771, 40960, 0, 59.96, 31
nid001040,2026/05/03 03:53:30.727, 1, GPU-8861d14f-cf78-d18f-5009-dcf3f2d5ba6a, NVIDIA A100-SXM4-40GB, 34771, 40960, 0, 63.00, 30
nid001040,2026/05/03 03:53:30.728, 2, GPU-0c84e9ea-eb03-d0fd-94b6-c87fa7f2aa07, NVIDIA A100-SXM4-40GB, 0, 40960, 0, 50.35, 30
nid001040,2026/05/03 03:53:30.730, 3, GPU-324f8797-e49e-315a-bdaa-053d693f20df, NVIDIA A100-SXM4-40GB, 0, 40960, 0, 50.53, 29
nid001041,2026/05/03 03:53:31.636, 0, GPU-0ae16970-0c3a-bbe5-0e59-4168b3712b2a, NVIDIA A100-SXM4-40GB, 37613, 40960, 100, 103.36, 40
nid001041,2026/05/03 03:53:31.640, 1, GPU-41dedaa0-c8e2-c576-be36-87a6fa2949d6, NVIDIA A100-SXM4-40GB, 36191, 40960, 100, 98.35, 37
nid001041,2026/05/03 03:53:31.647, 2, GPU-84c053e0-dec1-a69a-0b40-fbf751d71b20, NVIDIA A100-SXM4-40GB, 36191, 40960, 100, 93.28, 36
nid001041,2026/05/03 03:53:31.648, 3, GPU-85487437-4cf7-3ceb-d2b0-5f2bed2d89cd, NVIDIA A100-SXM4-40GB, 37739, 40960, 100, 141.87, 35
nid001040,2026/05/03 03:53:34.684, 0, GPU-32e67c4f-7204-189f-8b65-2c274dd735a9, NVIDIA A100-SXM4-40GB, 34771, 40960, 0, 59.96, 31
nid001040,2026/05/03 03:53:34.686, 1, GPU-8861d14f-cf78-d18f-5009-dcf3f2d5ba6a, NVIDIA A100-SXM4-40GB, 34771, 40960, 0, 63.00, 30
nid001040,2026/05/03 03:53:34.687, 2, GPU-0c84e9ea-eb03-d0fd-94b6-c87fa7f2aa07, NVIDIA A100-SXM4-40GB, 0, 40960, 0, 50.11, 30
nid001040,2026/05/03 03:53:34.689, 3, GPU-324f8797-e49e-315a-bdaa-053d693f20df, NVIDIA A100-SXM4-40GB, 0, 40960, 0, 50.53, 29
nid001041,2026/05/03 03:53:35.609, 0, GPU-0ae16970-0c3a-bbe5-0e59-4168b3712b2a, NVIDIA A100-SXM4-40GB, 37613, 40960, 100, 89.02, 41
nid001041,2026/05/03 03:53:35.612, 1, GPU-41dedaa0-c8e2-c576-be36-87a6fa2949d6, NVIDIA A100-SXM4-40GB, 36191, 40960, 100, 156.44, 37
nid001041,2026/05/03 03:53:35.614, 2, GPU-84c053e0-dec1-a69a-0b40-fbf751d71b20, NVIDIA A100-SXM4-40GB, 36191, 40960, 100, 188.08, 36
nid001041,2026/05/03 03:53:35.615, 3, GPU-85487437-4cf7-3ceb-d2b0-5f2bed2d89cd, NVIDIA A100-SXM4-40GB, 37739, 40960, 100, 101.92, 35
nid001040,2026/05/03 03:53:38.701, 0, GPU-32e67c4f-7204-189f-8b65-2c274dd735a9, NVIDIA A100-SXM4-40GB, 34771, 40960, 0, 60.18, 31
nid001040,2026/05/03 03:53:38.703, 1, GPU-8861d14f-cf78-d18f-5009-dcf3f2d5ba6a, NVIDIA A100-SXM4-40GB, 34771, 40960, 0, 63.00, 30
nid001040,2026/05/03 03:53:38.704, 2, GPU-0c84e9ea-eb03-d0fd-94b6-c87fa7f2aa07, NVIDIA A100-SXM4-40GB, 0, 40960, 0, 50.35, 30
nid001040,2026/05/03 03:53:38.706, 3, GPU-324f8797-e49e-315a-bdaa-053d693f20df, NVIDIA A100-SXM4-40GB, 0, 40960, 0, 50.53, 29
nid001041,2026/05/03 03:53:39.613, 0, GPU-0ae16970-0c3a-bbe5-0e59-4168b3712b2a, NVIDIA A100-SXM4-40GB, 37613, 40960, 100, 198.79, 40
nid001041,2026/05/03 03:53:39.616, 1, GPU-41dedaa0-c8e2-c576-be36-87a6fa2949d6, NVIDIA A100-SXM4-40GB, 36191, 40960, 100, 144.67, 37
nid001041,2026/05/03 03:53:39.618, 2, GPU-84c053e0-dec1-a69a-0b40-fbf751d71b20, NVIDIA A100-SXM4-40GB, 36191, 40960, 100, 120.31, 36
nid001041,2026/05/03 03:53:39.621, 3, GPU-85487437-4cf7-3ceb-d2b0-5f2bed2d89cd, NVIDIA A100-SXM4-40GB, 37739, 40960, 100, 157.44, 35
nid001040,2026/05/03 03:53:42.597, 0, GPU-32e67c4f-7204-189f-8b65-2c274dd735a9, NVIDIA A100-SXM4-40GB, 34771, 40960, 0, 59.96, 31
nid001040,2026/05/03 03:53:42.599, 1, GPU-8861d14f-cf78-d18f-5009-dcf3f2d5ba6a, NVIDIA A100-SXM4-40GB, 34771, 40960, 0, 63.00, 29
nid001040,2026/05/03 03:53:42.601, 2, GPU-0c84e9ea-eb03-d0fd-94b6-c87fa7f2aa07, NVIDIA A100-SXM4-40GB, 0, 40960, 0, 50.35, 30
nid001040,2026/05/03 03:53:42.603, 3, GPU-324f8797-e49e-315a-bdaa-053d693f20df, NVIDIA A100-SXM4-40GB, 0, 40960, 0, 50.53, 29
nid001041,2026/05/03 03:53:43.540, 0, GPU-0ae16970-0c3a-bbe5-0e59-4168b3712b2a, NVIDIA A100-SXM4-40GB, 37613, 40960, 100, 135.50, 40
nid001041,2026/05/03 03:53:43.542, 1, GPU-41dedaa0-c8e2-c576-be36-87a6fa2949d6, NVIDIA A100-SXM4-40GB, 36191, 40960, 100, 117.65, 37
nid001041,2026/05/03 03:53:43.547, 2, GPU-84c053e0-dec1-a69a-0b40-fbf751d71b20, NVIDIA A100-SXM4-40GB, 36191, 40960, 100, 95.84, 36
nid001041,2026/05/03 03:53:43.550, 3, GPU-85487437-4cf7-3ceb-d2b0-5f2bed2d89cd, NVIDIA A100-SXM4-40GB, 37739, 40960, 100, 164.28, 35
nid001040,2026/05/03 03:53:46.514, 0, GPU-32e67c4f-7204-189f-8b65-2c274dd735a9, NVIDIA A100-SXM4-40GB, 34771, 40960, 0, 59.72, 31
nid001040,2026/05/03 03:53:46.516, 1, GPU-8861d14f-cf78-d18f-5009-dcf3f2d5ba6a, NVIDIA A100-SXM4-40GB, 34771, 40960, 0, 63.00, 29
nid001040,2026/05/03 03:53:46.517, 2, GPU-0c84e9ea-eb03-d0fd-94b6-c87fa7f2aa07, NVIDIA A100-SXM4-40GB, 0, 40960, 0, 50.35, 30
nid001040,2026/05/03 03:53:46.519, 3, GPU-324f8797-e49e-315a-bdaa-053d693f20df, NVIDIA A100-SXM4-40GB, 0, 40960, 0, 50.53, 29
nid001041,2026/05/03 03:53:47.449, 0, GPU-0ae16970-0c3a-bbe5-0e59-4168b3712b2a, NVIDIA A100-SXM4-40GB, 37613, 40960, 100, 111.76, 40
nid001041,2026/05/03 03:53:47.452, 1, GPU-41dedaa0-c8e2-c576-be36-87a6fa2949d6, NVIDIA A100-SXM4-40GB, 36191, 40960, 100, 98.99, 37
nid001041,2026/05/03 03:53:47.456, 2, GPU-84c053e0-dec1-a69a-0b40-fbf751d71b20, NVIDIA A100-SXM4-40GB, 36191, 40960, 100, 109.83, 36
nid001041,2026/05/03 03:53:47.457, 3, GPU-85487437-4cf7-3ceb-d2b0-5f2bed2d89cd, NVIDIA A100-SXM4-40GB, 37739, 40960, 100, 142.04, 35
nid001040,2026/05/03 03:53:50.443, 0, GPU-32e67c4f-7204-189f-8b65-2c274dd735a9, NVIDIA A100-SXM4-40GB, 34771, 40960, 0, 59.72, 31
nid001040,2026/05/03 03:53:50.445, 1, GPU-8861d14f-cf78-d18f-5009-dcf3f2d5ba6a, NVIDIA A100-SXM4-40GB, 34771, 40960, 0, 63.00, 29
nid001040,2026/05/03 03:53:50.446, 2, GPU-0c84e9ea-eb03-d0fd-94b6-c87fa7f2aa07, NVIDIA A100-SXM4-40GB, 0, 40960, 0, 50.35, 30
nid001040,2026/05/03 03:53:50.449, 3, GPU-324f8797-e49e-315a-bdaa-053d693f20df, NVIDIA A100-SXM4-40GB, 0, 40960, 0, 50.53, 29
nid001041,2026/05/03 03:53:51.378, 0, GPU-0ae16970-0c3a-bbe5-0e59-4168b3712b2a, NVIDIA A100-SXM4-40GB, 37613, 40960, 100, 94.15, 40
nid001041,2026/05/03 03:53:51.381, 1, GPU-41dedaa0-c8e2-c576-be36-87a6fa2949d6, NVIDIA A100-SXM4-40GB, 36191, 40960, 100, 93.39, 37
nid001041,2026/05/03 03:53:51.384, 2, GPU-84c053e0-dec1-a69a-0b40-fbf751d71b20, NVIDIA A100-SXM4-40GB, 36191, 40960, 100, 161.09, 36
nid001041,2026/05/03 03:53:51.386, 3, GPU-85487437-4cf7-3ceb-d2b0-5f2bed2d89cd, NVIDIA A100-SXM4-40GB, 37739, 40960, 100, 120.31, 34
nid001040,2026/05/03 03:53:54.342, 0, GPU-32e67c4f-7204-189f-8b65-2c274dd735a9, NVIDIA A100-SXM4-40GB, 34771, 40960, 0, 60.25, 31
nid001040,2026/05/03 03:53:54.344, 1, GPU-8861d14f-cf78-d18f-5009-dcf3f2d5ba6a, NVIDIA A100-SXM4-40GB, 34771, 40960, 0, 63.00, 29
nid001040,2026/05/03 03:53:54.345, 2, GPU-0c84e9ea-eb03-d0fd-94b6-c87fa7f2aa07, NVIDIA A100-SXM4-40GB, 0, 40960, 0, 50.11, 30
nid001040,2026/05/03 03:53:54.348, 3, GPU-324f8797-e49e-315a-bdaa-053d693f20df, NVIDIA A100-SXM4-40GB, 0, 40960, 0, 50.53, 29
nid001041,2026/05/03 03:53:55.270, 0, GPU-0ae16970-0c3a-bbe5-0e59-4168b3712b2a, NVIDIA A100-SXM4-40GB, 37613, 40960, 100, 98.23, 40
nid001041,2026/05/03 03:53:55.273, 1, GPU-41dedaa0-c8e2-c576-be36-87a6fa2949d6, NVIDIA A100-SXM4-40GB, 36191, 40960, 100, 95.56, 37
nid001041,2026/05/03 03:53:55.276, 2, GPU-84c053e0-dec1-a69a-0b40-fbf751d71b20, NVIDIA A100-SXM4-40GB, 36191, 40960, 100, 114.57, 36
nid001041,2026/05/03 03:53:55.278, 3, GPU-85487437-4cf7-3ceb-d2b0-5f2bed2d89cd, NVIDIA A100-SXM4-40GB, 37739, 40960, 100, 116.37, 35
nid001040,2026/05/03 03:53:58.236, 0, GPU-32e67c4f-7204-189f-8b65-2c274dd735a9, NVIDIA A100-SXM4-40GB, 34771, 40960, 0, 59.96, 31
nid001040,2026/05/03 03:53:58.238, 1, GPU-8861d14f-cf78-d18f-5009-dcf3f2d5ba6a, NVIDIA A100-SXM4-40GB, 34771, 40960, 0, 63.00, 29
nid001040,2026/05/03 03:53:58.240, 2, GPU-0c84e9ea-eb03-d0fd-94b6-c87fa7f2aa07, NVIDIA A100-SXM4-40GB, 0, 40960, 0, 50.35, 30
nid001040,2026/05/03 03:53:58.254, 3, GPU-324f8797-e49e-315a-bdaa-053d693f20df, NVIDIA A100-SXM4-40GB, 0, 40960, 0, 50.53, 29
nid001041,2026/05/03 03:53:59.181, 0, GPU-0ae16970-0c3a-bbe5-0e59-4168b3712b2a, NVIDIA A100-SXM4-40GB, 37613, 40960, 100, 112.29, 40
nid001041,2026/05/03 03:53:59.184, 1, GPU-41dedaa0-c8e2-c576-be36-87a6fa2949d6, NVIDIA A100-SXM4-40GB, 36191, 40960, 100, 105.87, 37
nid001041,2026/05/03 03:53:59.185, 2, GPU-84c053e0-dec1-a69a-0b40-fbf751d71b20, NVIDIA A100-SXM4-40GB, 36191, 40960, 100, 93.39, 36
nid001041,2026/05/03 03:53:59.187, 3, GPU-85487437-4cf7-3ceb-d2b0-5f2bed2d89cd, NVIDIA A100-SXM4-40GB, 37739, 40960, 100, 143.08, 35
nid001040,2026/05/03 03:54:02.150, 0, GPU-32e67c4f-7204-189f-8b65-2c274dd735a9, NVIDIA A100-SXM4-40GB, 34771, 40960, 0, 59.96, 31
nid001040,2026/05/03 03:54:02.152, 1, GPU-8861d14f-cf78-d18f-5009-dcf3f2d5ba6a, NVIDIA A100-SXM4-40GB, 34771, 40960, 0, 63.00, 29
nid001040,2026/05/03 03:54:02.154, 2, GPU-0c84e9ea-eb03-d0fd-94b6-c87fa7f2aa07, NVIDIA A100-SXM4-40GB, 0, 40960, 0, 50.35, 30
nid001040,2026/05/03 03:54:02.156, 3, GPU-324f8797-e49e-315a-bdaa-053d693f20df, NVIDIA A100-SXM4-40GB, 0, 40960, 0, 50.53, 29
nid001041,2026/05/03 03:54:03.078, 0, GPU-0ae16970-0c3a-bbe5-0e59-4168b3712b2a, NVIDIA A100-SXM4-40GB, 37613, 40960, 100, 139.30, 40
nid001041,2026/05/03 03:54:03.081, 1, GPU-41dedaa0-c8e2-c576-be36-87a6fa2949d6, NVIDIA A100-SXM4-40GB, 36191, 40960, 100, 125.38, 36
nid001041,2026/05/03 03:54:03.082, 2, GPU-84c053e0-dec1-a69a-0b40-fbf751d71b20, NVIDIA A100-SXM4-40GB, 36191, 40960, 100, 100.03, 36
nid001041,2026/05/03 03:54:03.084, 3, GPU-85487437-4cf7-3ceb-d2b0-5f2bed2d89cd, NVIDIA A100-SXM4-40GB, 37739, 40960, 100, 220.21, 35
nid001040,2026/05/03 03:54:06.074, 0, GPU-32e67c4f-7204-189f-8b65-2c274dd735a9, NVIDIA A100-SXM4-40GB, 34771, 40960, 0, 59.96, 31
nid001040,2026/05/03 03:54:06.076, 1, GPU-8861d14f-cf78-d18f-5009-dcf3f2d5ba6a, NVIDIA A100-SXM4-40GB, 34771, 40960, 0, 63.00, 29
nid001040,2026/05/03 03:54:06.080, 2, GPU-0c84e9ea-eb03-d0fd-94b6-c87fa7f2aa07, NVIDIA A100-SXM4-40GB, 0, 40960, 0, 50.11, 30
nid001040,2026/05/03 03:54:06.082, 3, GPU-324f8797-e49e-315a-bdaa-053d693f20df, NVIDIA A100-SXM4-40GB, 0, 40960, 0, 50.53, 29
nid001041,2026/05/03 03:54:06.995, 0, GPU-0ae16970-0c3a-bbe5-0e59-4168b3712b2a, NVIDIA A100-SXM4-40GB, 37613, 40960, 100, 156.16, 40
nid001041,2026/05/03 03:54:06.998, 1, GPU-41dedaa0-c8e2-c576-be36-87a6fa2949d6, NVIDIA A100-SXM4-40GB, 36191, 40960, 100, 197.80, 37
nid001041,2026/05/03 03:54:07.001, 2, GPU-84c053e0-dec1-a69a-0b40-fbf751d71b20, NVIDIA A100-SXM4-40GB, 36191, 40960, 100, 137.62, 36
nid001041,2026/05/03 03:54:07.003, 3, GPU-85487437-4cf7-3ceb-d2b0-5f2bed2d89cd, NVIDIA A100-SXM4-40GB, 37739, 40960, 100, 147.23, 35
nid001040,2026/05/03 03:54:09.982, 0, GPU-32e67c4f-7204-189f-8b65-2c274dd735a9, NVIDIA A100-SXM4-40GB, 34771, 40960, 0, 59.96, 31
nid001040,2026/05/03 03:54:09.984, 1, GPU-8861d14f-cf78-d18f-5009-dcf3f2d5ba6a, NVIDIA A100-SXM4-40GB, 34771, 40960, 0, 63.00, 29
nid001040,2026/05/03 03:54:09.985, 2, GPU-0c84e9ea-eb03-d0fd-94b6-c87fa7f2aa07, NVIDIA A100-SXM4-40GB, 0, 40960, 0, 50.35, 30
nid001040,2026/05/03 03:54:09.987, 3, GPU-324f8797-e49e-315a-bdaa-053d693f20df, NVIDIA A100-SXM4-40GB, 0, 40960, 0, 50.53, 29
nid001041,2026/05/03 03:54:10.898, 0, GPU-0ae16970-0c3a-bbe5-0e59-4168b3712b2a, NVIDIA A100-SXM4-40GB, 37613, 40960, 100, 97.24, 40
nid001041,2026/05/03 03:54:10.901, 1, GPU-41dedaa0-c8e2-c576-be36-87a6fa2949d6, NVIDIA A100-SXM4-40GB, 36191, 40960, 100, 93.39, 37
nid001041,2026/05/03 03:54:10.904, 2, GPU-84c053e0-dec1-a69a-0b40-fbf751d71b20, NVIDIA A100-SXM4-40GB, 36191, 40960, 100, 149.86, 36
nid001041,2026/05/03 03:54:10.905, 3, GPU-85487437-4cf7-3ceb-d2b0-5f2bed2d89cd, NVIDIA A100-SXM4-40GB, 37739, 40960, 100, 105.76, 35
nid001040,2026/05/03 03:54:13.877, 0, GPU-32e67c4f-7204-189f-8b65-2c274dd735a9, NVIDIA A100-SXM4-40GB, 34771, 40960, 0, 59.89, 31
nid001040,2026/05/03 03:54:13.879, 1, GPU-8861d14f-cf78-d18f-5009-dcf3f2d5ba6a, NVIDIA A100-SXM4-40GB, 34771, 40960, 0, 63.00, 29
nid001040,2026/05/03 03:54:13.883, 2, GPU-0c84e9ea-eb03-d0fd-94b6-c87fa7f2aa07, NVIDIA A100-SXM4-40GB, 0, 40960, 0, 50.11, 30
nid001040,2026/05/03 03:54:13.885, 3, GPU-324f8797-e49e-315a-bdaa-053d693f20df, NVIDIA A100-SXM4-40GB, 0, 40960, 0, 50.53, 29
nid001041,2026/05/03 03:54:14.794, 0, GPU-0ae16970-0c3a-bbe5-0e59-4168b3712b2a, NVIDIA A100-SXM4-40GB, 37613, 40960, 100, 168.40, 40
nid001041,2026/05/03 03:54:14.801, 1, GPU-41dedaa0-c8e2-c576-be36-87a6fa2949d6, NVIDIA A100-SXM4-40GB, 36191, 40960, 100, 140.11, 37
nid001041,2026/05/03 03:54:14.802, 2, GPU-84c053e0-dec1-a69a-0b40-fbf751d71b20, NVIDIA A100-SXM4-40GB, 36191, 40960, 100, 105.12, 36
nid001041,2026/05/03 03:54:14.804, 3, GPU-85487437-4cf7-3ceb-d2b0-5f2bed2d89cd, NVIDIA A100-SXM4-40GB, 37739, 40960, 100, 190.57, 35
nid001040,2026/05/03 03:54:17.743, 0, GPU-32e67c4f-7204-189f-8b65-2c274dd735a9, NVIDIA A100-SXM4-40GB, 34771, 40960, 0, 59.96, 31
nid001040,2026/05/03 03:54:17.745, 1, GPU-8861d14f-cf78-d18f-5009-dcf3f2d5ba6a, NVIDIA A100-SXM4-40GB, 34771, 40960, 0, 63.00, 29
nid001040,2026/05/03 03:54:17.746, 2, GPU-0c84e9ea-eb03-d0fd-94b6-c87fa7f2aa07, NVIDIA A100-SXM4-40GB, 0, 40960, 0, 50.11, 30
nid001040,2026/05/03 03:54:17.754, 3, GPU-324f8797-e49e-315a-bdaa-053d693f20df, NVIDIA A100-SXM4-40GB, 0, 40960, 0, 50.53, 29
nid001041,2026/05/03 03:54:18.664, 0, GPU-0ae16970-0c3a-bbe5-0e59-4168b3712b2a, NVIDIA A100-SXM4-40GB, 37613, 40960, 100, 108.96, 40
nid001041,2026/05/03 03:54:18.666, 1, GPU-41dedaa0-c8e2-c576-be36-87a6fa2949d6, NVIDIA A100-SXM4-40GB, 36191, 40960, 100, 137.90, 37
nid001041,2026/05/03 03:54:18.669, 2, GPU-84c053e0-dec1-a69a-0b40-fbf751d71b20, NVIDIA A100-SXM4-40GB, 36191, 40960, 100, 167.44, 36
nid001041,2026/05/03 03:54:18.672, 3, GPU-85487437-4cf7-3ceb-d2b0-5f2bed2d89cd, NVIDIA A100-SXM4-40GB, 37739, 40960, 100, 113.18, 35
nid001040,2026/05/03 03:54:21.800, 0, GPU-32e67c4f-7204-189f-8b65-2c274dd735a9, NVIDIA A100-SXM4-40GB, 34771, 40960, 0, 59.96, 31
nid001040,2026/05/03 03:54:21.802, 1, GPU-8861d14f-cf78-d18f-5009-dcf3f2d5ba6a, NVIDIA A100-SXM4-40GB, 34771, 40960, 0, 63.00, 29
nid001040,2026/05/03 03:54:21.803, 2, GPU-0c84e9ea-eb03-d0fd-94b6-c87fa7f2aa07, NVIDIA A100-SXM4-40GB, 0, 40960, 0, 50.11, 30
nid001040,2026/05/03 03:54:21.805, 3, GPU-324f8797-e49e-315a-bdaa-053d693f20df, NVIDIA A100-SXM4-40GB, 0, 40960, 0, 50.53, 29
nid001041,2026/05/03 03:54:22.709, 0, GPU-0ae16970-0c3a-bbe5-0e59-4168b3712b2a, NVIDIA A100-SXM4-40GB, 37613, 40960, 100, 145.95, 40
nid001041,2026/05/03 03:54:22.713, 1, GPU-41dedaa0-c8e2-c576-be36-87a6fa2949d6, NVIDIA A100-SXM4-40GB, 36191, 40960, 100, 121.74, 37
nid001041,2026/05/03 03:54:22.714, 2, GPU-84c053e0-dec1-a69a-0b40-fbf751d71b20, NVIDIA A100-SXM4-40GB, 36191, 40960, 100, 100.80, 36
nid001041,2026/05/03 03:54:22.716, 3, GPU-85487437-4cf7-3ceb-d2b0-5f2bed2d89cd, NVIDIA A100-SXM4-40GB, 37739, 40960, 100, 141.79, 35
nid001040,2026/05/03 03:54:25.678, 0, GPU-32e67c4f-7204-189f-8b65-2c274dd735a9, NVIDIA A100-SXM4-40GB, 34771, 40960, 0, 59.72, 31
nid001040,2026/05/03 03:54:25.681, 1, GPU-8861d14f-cf78-d18f-5009-dcf3f2d5ba6a, NVIDIA A100-SXM4-40GB, 34771, 40960, 0, 63.00, 29
nid001040,2026/05/03 03:54:25.683, 2, GPU-0c84e9ea-eb03-d0fd-94b6-c87fa7f2aa07, NVIDIA A100-SXM4-40GB, 0, 40960, 0, 50.11, 30
nid001040,2026/05/03 03:54:25.685, 3, GPU-324f8797-e49e-315a-bdaa-053d693f20df, NVIDIA A100-SXM4-40GB, 0, 40960, 0, 50.53, 29
nid001041,2026/05/03 03:54:26.628, 0, GPU-0ae16970-0c3a-bbe5-0e59-4168b3712b2a, NVIDIA A100-SXM4-40GB, 37613, 40960, 100, 89.02, 41
nid001041,2026/05/03 03:54:26.631, 1, GPU-41dedaa0-c8e2-c576-be36-87a6fa2949d6, NVIDIA A100-SXM4-40GB, 36191, 40960, 100, 94.39, 37
nid001041,2026/05/03 03:54:26.634, 2, GPU-84c053e0-dec1-a69a-0b40-fbf751d71b20, NVIDIA A100-SXM4-40GB, 36191, 40960, 100, 195.99, 36
nid001041,2026/05/03 03:54:26.635, 3, GPU-85487437-4cf7-3ceb-d2b0-5f2bed2d89cd, NVIDIA A100-SXM4-40GB, 37739, 40960, 100, 97.35, 35
nid001040,2026/05/03 03:54:29.817, 0, GPU-32e67c4f-7204-189f-8b65-2c274dd735a9, NVIDIA A100-SXM4-40GB, 34771, 40960, 0, 59.96, 31
nid001040,2026/05/03 03:54:29.819, 1, GPU-8861d14f-cf78-d18f-5009-dcf3f2d5ba6a, NVIDIA A100-SXM4-40GB, 34771, 40960, 0, 63.00, 29
nid001040,2026/05/03 03:54:29.820, 2, GPU-0c84e9ea-eb03-d0fd-94b6-c87fa7f2aa07, NVIDIA A100-SXM4-40GB, 0, 40960, 0, 50.35, 30
nid001040,2026/05/03 03:54:29.822, 3, GPU-324f8797-e49e-315a-bdaa-053d693f20df, NVIDIA A100-SXM4-40GB, 0, 40960, 0, 50.53, 29
nid001041,2026/05/03 03:54:30.754, 0, GPU-0ae16970-0c3a-bbe5-0e59-4168b3712b2a, NVIDIA A100-SXM4-40GB, 37613, 40960, 100, 198.79, 40
nid001041,2026/05/03 03:54:30.757, 1, GPU-41dedaa0-c8e2-c576-be36-87a6fa2949d6, NVIDIA A100-SXM4-40GB, 36191, 40960, 100, 196.52, 37
nid001041,2026/05/03 03:54:30.760, 2, GPU-84c053e0-dec1-a69a-0b40-fbf751d71b20, NVIDIA A100-SXM4-40GB, 36191, 40960, 100, 122.35, 36
nid001041,2026/05/03 03:54:30.761, 3, GPU-85487437-4cf7-3ceb-d2b0-5f2bed2d89cd, NVIDIA A100-SXM4-40GB, 37739, 40960, 100, 214.60, 35
nid001040,2026/05/03 03:54:33.756, 0, GPU-32e67c4f-7204-189f-8b65-2c274dd735a9, NVIDIA A100-SXM4-40GB, 34771, 40960, 0, 59.96, 31
nid001040,2026/05/03 03:54:33.758, 1, GPU-8861d14f-cf78-d18f-5009-dcf3f2d5ba6a, NVIDIA A100-SXM4-40GB, 34771, 40960, 0, 63.00, 29
nid001040,2026/05/03 03:54:33.759, 2, GPU-0c84e9ea-eb03-d0fd-94b6-c87fa7f2aa07, NVIDIA A100-SXM4-40GB, 0, 40960, 0, 50.35, 30
nid001040,2026/05/03 03:54:33.761, 3, GPU-324f8797-e49e-315a-bdaa-053d693f20df, NVIDIA A100-SXM4-40GB, 0, 40960, 0, 50.53, 29
nid001041,2026/05/03 03:54:34.783, 0, GPU-0ae16970-0c3a-bbe5-0e59-4168b3712b2a, NVIDIA A100-SXM4-40GB, 37613, 40960, 100, 130.66, 40
nid001041,2026/05/03 03:54:34.786, 1, GPU-41dedaa0-c8e2-c576-be36-87a6fa2949d6, NVIDIA A100-SXM4-40GB, 36191, 40960, 100, 153.93, 37
nid001041,2026/05/03 03:54:34.788, 2, GPU-84c053e0-dec1-a69a-0b40-fbf751d71b20, NVIDIA A100-SXM4-40GB, 36191, 40960, 100, 103.71, 36
nid001041,2026/05/03 03:54:34.791, 3, GPU-85487437-4cf7-3ceb-d2b0-5f2bed2d89cd, NVIDIA A100-SXM4-40GB, 37739, 40960, 100, 162.28, 35
nid001040,2026/05/03 03:54:37.837, 0, GPU-32e67c4f-7204-189f-8b65-2c274dd735a9, NVIDIA A100-SXM4-40GB, 34771, 40960, 0, 59.96, 31
nid001040,2026/05/03 03:54:37.839, 1, GPU-8861d14f-cf78-d18f-5009-dcf3f2d5ba6a, NVIDIA A100-SXM4-40GB, 34771, 40960, 0, 63.00, 29
nid001040,2026/05/03 03:54:37.841, 2, GPU-0c84e9ea-eb03-d0fd-94b6-c87fa7f2aa07, NVIDIA A100-SXM4-40GB, 0, 40960, 0, 50.35, 30
nid001040,2026/05/03 03:54:37.843, 3, GPU-324f8797-e49e-315a-bdaa-053d693f20df, NVIDIA A100-SXM4-40GB, 0, 40960, 0, 50.53, 29
nid001041,2026/05/03 03:54:38.831, 0, GPU-0ae16970-0c3a-bbe5-0e59-4168b3712b2a, NVIDIA A100-SXM4-40GB, 37613, 40960, 100, 104.88, 40
nid001041,2026/05/03 03:54:38.834, 1, GPU-41dedaa0-c8e2-c576-be36-87a6fa2949d6, NVIDIA A100-SXM4-40GB, 36191, 40960, 100, 113.57, 37
nid001041,2026/05/03 03:54:38.835, 2, GPU-84c053e0-dec1-a69a-0b40-fbf751d71b20, NVIDIA A100-SXM4-40GB, 36191, 40960, 100, 92.35, 36
nid001041,2026/05/03 03:54:38.837, 3, GPU-85487437-4cf7-3ceb-d2b0-5f2bed2d89cd, NVIDIA A100-SXM4-40GB, 37739, 40960, 100, 124.92, 34
nid001040,2026/05/03 03:54:41.802, 0, GPU-32e67c4f-7204-189f-8b65-2c274dd735a9, NVIDIA A100-SXM4-40GB, 34771, 40960, 0, 59.72, 31
nid001040,2026/05/03 03:54:41.804, 1, GPU-8861d14f-cf78-d18f-5009-dcf3f2d5ba6a, NVIDIA A100-SXM4-40GB, 34771, 40960, 0, 63.00, 30
nid001040,2026/05/03 03:54:41.806, 2, GPU-0c84e9ea-eb03-d0fd-94b6-c87fa7f2aa07, NVIDIA A100-SXM4-40GB, 0, 40960, 0, 50.35, 30
nid001040,2026/05/03 03:54:41.808, 3, GPU-324f8797-e49e-315a-bdaa-053d693f20df, NVIDIA A100-SXM4-40GB, 0, 40960, 0, 50.53, 29
nid001041,2026/05/03 03:54:42.712, 0, GPU-0ae16970-0c3a-bbe5-0e59-4168b3712b2a, NVIDIA A100-SXM4-40GB, 37613, 40960, 100, 95.14, 40
nid001041,2026/05/03 03:54:42.715, 1, GPU-41dedaa0-c8e2-c576-be36-87a6fa2949d6, NVIDIA A100-SXM4-40GB, 36191, 40960, 100, 101.79, 37
nid001041,2026/05/03 03:54:42.717, 2, GPU-84c053e0-dec1-a69a-0b40-fbf751d71b20, NVIDIA A100-SXM4-40GB, 36191, 40960, 100, 144.78, 36
nid001041,2026/05/03 03:54:42.719, 3, GPU-85487437-4cf7-3ceb-d2b0-5f2bed2d89cd, NVIDIA A100-SXM4-40GB, 37739, 40960, 100, 101.92, 35
nid001040,2026/05/03 03:54:45.732, 0, GPU-32e67c4f-7204-189f-8b65-2c274dd735a9, NVIDIA A100-SXM4-40GB, 34771, 40960, 0, 59.72, 31
nid001040,2026/05/03 03:54:45.734, 1, GPU-8861d14f-cf78-d18f-5009-dcf3f2d5ba6a, NVIDIA A100-SXM4-40GB, 34771, 40960, 0, 63.00, 29
nid001040,2026/05/03 03:54:45.736, 2, GPU-0c84e9ea-eb03-d0fd-94b6-c87fa7f2aa07, NVIDIA A100-SXM4-40GB, 0, 40960, 0, 50.35, 30
nid001040,2026/05/03 03:54:45.738, 3, GPU-324f8797-e49e-315a-bdaa-053d693f20df, NVIDIA A100-SXM4-40GB, 0, 40960, 0, 50.53, 29
nid001041,2026/05/03 03:54:46.753, 0, GPU-0ae16970-0c3a-bbe5-0e59-4168b3712b2a, NVIDIA A100-SXM4-40GB, 37613, 40960, 100, 94.39, 40
nid001041,2026/05/03 03:54:46.757, 1, GPU-41dedaa0-c8e2-c576-be36-87a6fa2949d6, NVIDIA A100-SXM4-40GB, 36191, 40960, 100, 100.51, 37
nid001041,2026/05/03 03:54:46.758, 2, GPU-84c053e0-dec1-a69a-0b40-fbf751d71b20, NVIDIA A100-SXM4-40GB, 36191, 40960, 100, 166.45, 36
nid001041,2026/05/03 03:54:46.760, 3, GPU-85487437-4cf7-3ceb-d2b0-5f2bed2d89cd, NVIDIA A100-SXM4-40GB, 37739, 40960, 100, 99.63, 35
nid001040,2026/05/03 03:54:49.842, 0, GPU-32e67c4f-7204-189f-8b65-2c274dd735a9, NVIDIA A100-SXM4-40GB, 34771, 40960, 0, 59.96, 31
nid001040,2026/05/03 03:54:49.844, 1, GPU-8861d14f-cf78-d18f-5009-dcf3f2d5ba6a, NVIDIA A100-SXM4-40GB, 34771, 40960, 0, 63.00, 30
nid001040,2026/05/03 03:54:49.845, 2, GPU-0c84e9ea-eb03-d0fd-94b6-c87fa7f2aa07, NVIDIA A100-SXM4-40GB, 0, 40960, 0, 50.11, 30
nid001040,2026/05/03 03:54:49.847, 3, GPU-324f8797-e49e-315a-bdaa-053d693f20df, NVIDIA A100-SXM4-40GB, 0, 40960, 0, 50.53, 29
nid001041,2026/05/03 03:54:50.768, 0, GPU-0ae16970-0c3a-bbe5-0e59-4168b3712b2a, NVIDIA A100-SXM4-40GB, 37613, 40960, 100, 99.75, 41
nid001041,2026/05/03 03:54:50.770, 1, GPU-41dedaa0-c8e2-c576-be36-87a6fa2949d6, NVIDIA A100-SXM4-40GB, 36191, 40960, 100, 122.06, 37
nid001041,2026/05/03 03:54:50.772, 2, GPU-84c053e0-dec1-a69a-0b40-fbf751d71b20, NVIDIA A100-SXM4-40GB, 36191, 40960, 100, 164.13, 36
nid001041,2026/05/03 03:54:50.775, 3, GPU-85487437-4cf7-3ceb-d2b0-5f2bed2d89cd, NVIDIA A100-SXM4-40GB, 37739, 40960, 100, 113.94, 35
nid001040,2026/05/03 03:54:53.816, 0, GPU-32e67c4f-7204-189f-8b65-2c274dd735a9, NVIDIA A100-SXM4-40GB, 34771, 40960, 0, 59.96, 31
nid001040,2026/05/03 03:54:53.818, 1, GPU-8861d14f-cf78-d18f-5009-dcf3f2d5ba6a, NVIDIA A100-SXM4-40GB, 34771, 40960, 0, 63.00, 30
nid001040,2026/05/03 03:54:53.820, 2, GPU-0c84e9ea-eb03-d0fd-94b6-c87fa7f2aa07, NVIDIA A100-SXM4-40GB, 0, 40960, 0, 50.35, 30
nid001040,2026/05/03 03:54:53.822, 3, GPU-324f8797-e49e-315a-bdaa-053d693f20df, NVIDIA A100-SXM4-40GB, 0, 40960, 0, 50.53, 29
nid001041,2026/05/03 03:54:54.838, 0, GPU-0ae16970-0c3a-bbe5-0e59-4168b3712b2a, NVIDIA A100-SXM4-40GB, 37613, 40960, 100, 159.24, 40
nid001041,2026/05/03 03:54:54.842, 1, GPU-41dedaa0-c8e2-c576-be36-87a6fa2949d6, NVIDIA A100-SXM4-40GB, 36191, 40960, 100, 204.91, 37
nid001041,2026/05/03 03:54:54.843, 2, GPU-84c053e0-dec1-a69a-0b40-fbf751d71b20, NVIDIA A100-SXM4-40GB, 36191, 40960, 100, 100.39, 36
nid001041,2026/05/03 03:54:54.845, 3, GPU-85487437-4cf7-3ceb-d2b0-5f2bed2d89cd, NVIDIA A100-SXM4-40GB, 37739, 40960, 100, 154.58, 34
nid001040,2026/05/03 03:54:57.839, 0, GPU-32e67c4f-7204-189f-8b65-2c274dd735a9, NVIDIA A100-SXM4-40GB, 34771, 40960, 0, 59.89, 31
nid001040,2026/05/03 03:54:57.841, 1, GPU-8861d14f-cf78-d18f-5009-dcf3f2d5ba6a, NVIDIA A100-SXM4-40GB, 34771, 40960, 0, 63.00, 30
nid001040,2026/05/03 03:54:57.842, 2, GPU-0c84e9ea-eb03-d0fd-94b6-c87fa7f2aa07, NVIDIA A100-SXM4-40GB, 0, 40960, 0, 50.35, 30
nid001040,2026/05/03 03:54:57.844, 3, GPU-324f8797-e49e-315a-bdaa-053d693f20df, NVIDIA A100-SXM4-40GB, 0, 40960, 0, 50.53, 29
nid001041,2026/05/03 03:54:58.762, 0, GPU-0ae16970-0c3a-bbe5-0e59-4168b3712b2a, NVIDIA A100-SXM4-40GB, 37613, 40960, 100, 179.37, 40
nid001041,2026/05/03 03:54:58.765, 1, GPU-41dedaa0-c8e2-c576-be36-87a6fa2949d6, NVIDIA A100-SXM4-40GB, 36191, 40960, 100, 107.55, 37
nid001041,2026/05/03 03:54:58.767, 2, GPU-84c053e0-dec1-a69a-0b40-fbf751d71b20, NVIDIA A100-SXM4-40GB, 36191, 40960, 100, 128.94, 36
nid001041,2026/05/03 03:54:58.770, 3, GPU-85487437-4cf7-3ceb-d2b0-5f2bed2d89cd, NVIDIA A100-SXM4-40GB, 37739, 40960, 100, 199.55, 34
nid001040,2026/05/03 03:55:01.717, 0, GPU-32e67c4f-7204-189f-8b65-2c274dd735a9, NVIDIA A100-SXM4-40GB, 34771, 40960, 0, 59.96, 31
nid001040,2026/05/03 03:55:01.719, 1, GPU-8861d14f-cf78-d18f-5009-dcf3f2d5ba6a, NVIDIA A100-SXM4-40GB, 34771, 40960, 0, 63.00, 30
nid001040,2026/05/03 03:55:01.721, 2, GPU-0c84e9ea-eb03-d0fd-94b6-c87fa7f2aa07, NVIDIA A100-SXM4-40GB, 0, 40960, 0, 50.11, 30
nid001040,2026/05/03 03:55:01.723, 3, GPU-324f8797-e49e-315a-bdaa-053d693f20df, NVIDIA A100-SXM4-40GB, 0, 40960, 0, 50.53, 29
nid001041,2026/05/03 03:55:02.744, 0, GPU-0ae16970-0c3a-bbe5-0e59-4168b3712b2a, NVIDIA A100-SXM4-40GB, 37613, 40960, 100, 91.87, 41
nid001041,2026/05/03 03:55:02.748, 1, GPU-41dedaa0-c8e2-c576-be36-87a6fa2949d6, NVIDIA A100-SXM4-40GB, 36191, 40960, 100, 99.28, 37
nid001041,2026/05/03 03:55:02.751, 2, GPU-84c053e0-dec1-a69a-0b40-fbf751d71b20, NVIDIA A100-SXM4-40GB, 36191, 40960, 100, 196.52, 36
nid001041,2026/05/03 03:55:02.753, 3, GPU-85487437-4cf7-3ceb-d2b0-5f2bed2d89cd, NVIDIA A100-SXM4-40GB, 37739, 40960, 100, 101.68, 35
nid001040,2026/05/03 03:55:05.722, 0, GPU-32e67c4f-7204-189f-8b65-2c274dd735a9, NVIDIA A100-SXM4-40GB, 34771, 40960, 0, 59.96, 31
nid001040,2026/05/03 03:55:05.724, 1, GPU-8861d14f-cf78-d18f-5009-dcf3f2d5ba6a, NVIDIA A100-SXM4-40GB, 34771, 40960, 0, 63.00, 30
nid001040,2026/05/03 03:55:05.726, 2, GPU-0c84e9ea-eb03-d0fd-94b6-c87fa7f2aa07, NVIDIA A100-SXM4-40GB, 0, 40960, 0, 50.35, 30
nid001040,2026/05/03 03:55:05.728, 3, GPU-324f8797-e49e-315a-bdaa-053d693f20df, NVIDIA A100-SXM4-40GB, 0, 40960, 0, 50.53, 29
nid001041,2026/05/03 03:55:06.656, 0, GPU-0ae16970-0c3a-bbe5-0e59-4168b3712b2a, NVIDIA A100-SXM4-40GB, 37613, 40960, 100, 131.66, 41
nid001041,2026/05/03 03:55:06.659, 1, GPU-41dedaa0-c8e2-c576-be36-87a6fa2949d6, NVIDIA A100-SXM4-40GB, 36191, 40960, 100, 165.17, 37
nid001041,2026/05/03 03:55:06.662, 2, GPU-84c053e0-dec1-a69a-0b40-fbf751d71b20, NVIDIA A100-SXM4-40GB, 36191, 40960, 100, 95.31, 36
nid001041,2026/05/03 03:55:06.665, 3, GPU-85487437-4cf7-3ceb-d2b0-5f2bed2d89cd, NVIDIA A100-SXM4-40GB, 37739, 40960, 100, 128.01, 35
nid001040,2026/05/03 03:55:09.622, 0, GPU-32e67c4f-7204-189f-8b65-2c274dd735a9, NVIDIA A100-SXM4-40GB, 34771, 40960, 0, 59.72, 31
nid001040,2026/05/03 03:55:09.624, 1, GPU-8861d14f-cf78-d18f-5009-dcf3f2d5ba6a, NVIDIA A100-SXM4-40GB, 34771, 40960, 0, 63.00, 30
nid001040,2026/05/03 03:55:09.626, 2, GPU-0c84e9ea-eb03-d0fd-94b6-c87fa7f2aa07, NVIDIA A100-SXM4-40GB, 0, 40960, 0, 50.11, 30
nid001040,2026/05/03 03:55:09.628, 3, GPU-324f8797-e49e-315a-bdaa-053d693f20df, NVIDIA A100-SXM4-40GB, 0, 40960, 0, 50.53, 29
nid001041,2026/05/03 03:55:10.640, 0, GPU-0ae16970-0c3a-bbe5-0e59-4168b3712b2a, NVIDIA A100-SXM4-40GB, 37613, 40960, 100, 147.99, 41
nid001041,2026/05/03 03:55:10.642, 1, GPU-41dedaa0-c8e2-c576-be36-87a6fa2949d6, NVIDIA A100-SXM4-40GB, 36191, 40960, 100, 199.55, 37
nid001041,2026/05/03 03:55:10.645, 2, GPU-84c053e0-dec1-a69a-0b40-fbf751d71b20, NVIDIA A100-SXM4-40GB, 36191, 40960, 100, 99.40, 36
nid001041,2026/05/03 03:55:10.647, 3, GPU-85487437-4cf7-3ceb-d2b0-5f2bed2d89cd, NVIDIA A100-SXM4-40GB, 37739, 40960, 100, 142.79, 35
nid001040,2026/05/03 03:55:13.652, 0, GPU-32e67c4f-7204-189f-8b65-2c274dd735a9, NVIDIA A100-SXM4-40GB, 34771, 40960, 0, 59.72, 31
nid001040,2026/05/03 03:55:13.654, 1, GPU-8861d14f-cf78-d18f-5009-dcf3f2d5ba6a, NVIDIA A100-SXM4-40GB, 34771, 40960, 0, 63.00, 30
nid001040,2026/05/03 03:55:13.656, 2, GPU-0c84e9ea-eb03-d0fd-94b6-c87fa7f2aa07, NVIDIA A100-SXM4-40GB, 0, 40960, 0, 50.35, 30
nid001040,2026/05/03 03:55:13.663, 3, GPU-324f8797-e49e-315a-bdaa-053d693f20df, NVIDIA A100-SXM4-40GB, 0, 40960, 0, 50.53, 29
nid001041,2026/05/03 03:55:14.592, 0, GPU-0ae16970-0c3a-bbe5-0e59-4168b3712b2a, NVIDIA A100-SXM4-40GB, 37613, 40960, 100, 155.91, 40
nid001041,2026/05/03 03:55:14.596, 1, GPU-41dedaa0-c8e2-c576-be36-87a6fa2949d6, NVIDIA A100-SXM4-40GB, 36191, 40960, 100, 92.63, 37
nid001041,2026/05/03 03:55:14.599, 2, GPU-84c053e0-dec1-a69a-0b40-fbf751d71b20, NVIDIA A100-SXM4-40GB, 36191, 40960, 100, 148.57, 36
nid001041,2026/05/03 03:55:14.602, 3, GPU-85487437-4cf7-3ceb-d2b0-5f2bed2d89cd, NVIDIA A100-SXM4-40GB, 37739, 40960, 100, 153.01, 35
nid001040,2026/05/03 03:55:17.564, 0, GPU-32e67c4f-7204-189f-8b65-2c274dd735a9, NVIDIA A100-SXM4-40GB, 34771, 40960, 0, 59.96, 31
nid001040,2026/05/03 03:55:17.566, 1, GPU-8861d14f-cf78-d18f-5009-dcf3f2d5ba6a, NVIDIA A100-SXM4-40GB, 34771, 40960, 0, 63.00, 30
nid001040,2026/05/03 03:55:17.568, 2, GPU-0c84e9ea-eb03-d0fd-94b6-c87fa7f2aa07, NVIDIA A100-SXM4-40GB, 0, 40960, 0, 50.11, 30
nid001040,2026/05/03 03:55:17.570, 3, GPU-324f8797-e49e-315a-bdaa-053d693f20df, NVIDIA A100-SXM4-40GB, 0, 40960, 0, 50.53, 29
nid001041,2026/05/03 03:55:18.472, 0, GPU-0ae16970-0c3a-bbe5-0e59-4168b3712b2a, NVIDIA A100-SXM4-40GB, 37613, 40960, 100, 103.07, 41
nid001041,2026/05/03 03:55:18.475, 1, GPU-41dedaa0-c8e2-c576-be36-87a6fa2949d6, NVIDIA A100-SXM4-40GB, 36191, 40960, 100, 135.34, 37
nid001041,2026/05/03 03:55:18.481, 2, GPU-84c053e0-dec1-a69a-0b40-fbf751d71b20, NVIDIA A100-SXM4-40GB, 36191, 40960, 100, 97.36, 36
nid001041,2026/05/03 03:55:18.483, 3, GPU-85487437-4cf7-3ceb-d2b0-5f2bed2d89cd, NVIDIA A100-SXM4-40GB, 37739, 40960, 100, 102.96, 35
nid001040,2026/05/03 03:55:21.675, 0, GPU-32e67c4f-7204-189f-8b65-2c274dd735a9, NVIDIA A100-SXM4-40GB, 34771, 40960, 0, 59.72, 31
nid001040,2026/05/03 03:55:21.677, 1, GPU-8861d14f-cf78-d18f-5009-dcf3f2d5ba6a, NVIDIA A100-SXM4-40GB, 34771, 40960, 0, 63.29, 30
nid001040,2026/05/03 03:55:21.678, 2, GPU-0c84e9ea-eb03-d0fd-94b6-c87fa7f2aa07, NVIDIA A100-SXM4-40GB, 0, 40960, 0, 50.35, 30
nid001040,2026/05/03 03:55:21.680, 3, GPU-324f8797-e49e-315a-bdaa-053d693f20df, NVIDIA A100-SXM4-40GB, 0, 40960, 0, 50.53, 29
nid001041,2026/05/03 03:55:22.600, 0, GPU-0ae16970-0c3a-bbe5-0e59-4168b3712b2a, NVIDIA A100-SXM4-40GB, 37613, 40960, 100, 185.49, 40
nid001041,2026/05/03 03:55:22.603, 1, GPU-41dedaa0-c8e2-c576-be36-87a6fa2949d6, NVIDIA A100-SXM4-40GB, 36191, 40960, 100, 91.35, 37
nid001041,2026/05/03 03:55:22.605, 2, GPU-84c053e0-dec1-a69a-0b40-fbf751d71b20, NVIDIA A100-SXM4-40GB, 36191, 40960, 100, 139.42, 36
nid001041,2026/05/03 03:55:22.607, 3, GPU-85487437-4cf7-3ceb-d2b0-5f2bed2d89cd, NVIDIA A100-SXM4-40GB, 37739, 40960, 100, 204.15, 34
nid001040,2026/05/03 03:55:25.721, 0, GPU-32e67c4f-7204-189f-8b65-2c274dd735a9, NVIDIA A100-SXM4-40GB, 34771, 40960, 0, 59.72, 31
nid001040,2026/05/03 03:55:25.723, 1, GPU-8861d14f-cf78-d18f-5009-dcf3f2d5ba6a, NVIDIA A100-SXM4-40GB, 34771, 40960, 0, 63.00, 29
nid001040,2026/05/03 03:55:25.725, 2, GPU-0c84e9ea-eb03-d0fd-94b6-c87fa7f2aa07, NVIDIA A100-SXM4-40GB, 0, 40960, 0, 50.11, 30
nid001040,2026/05/03 03:55:25.727, 3, GPU-324f8797-e49e-315a-bdaa-053d693f20df, NVIDIA A100-SXM4-40GB, 0, 40960, 0, 50.53, 29
nid001041,2026/05/03 03:55:26.677, 0, GPU-0ae16970-0c3a-bbe5-0e59-4168b3712b2a, NVIDIA A100-SXM4-40GB, 37613, 40960, 100, 104.59, 40
nid001041,2026/05/03 03:55:26.680, 1, GPU-41dedaa0-c8e2-c576-be36-87a6fa2949d6, NVIDIA A100-SXM4-40GB, 36191, 40960, 100, 144.78, 36
nid001041,2026/05/03 03:55:26.684, 2, GPU-84c053e0-dec1-a69a-0b40-fbf751d71b20, NVIDIA A100-SXM4-40GB, 36191, 40960, 100, 90.19, 36
nid001041,2026/05/03 03:55:26.687, 3, GPU-85487437-4cf7-3ceb-d2b0-5f2bed2d89cd, NVIDIA A100-SXM4-40GB, 37739, 40960, 100, 112.13, 34
nid001040,2026/05/03 03:55:29.753, 0, GPU-32e67c4f-7204-189f-8b65-2c274dd735a9, NVIDIA A100-SXM4-40GB, 34771, 40960, 0, 60.25, 31
nid001040,2026/05/03 03:55:29.755, 1, GPU-8861d14f-cf78-d18f-5009-dcf3f2d5ba6a, NVIDIA A100-SXM4-40GB, 34771, 40960, 0, 63.00, 30
nid001040,2026/05/03 03:55:29.757, 2, GPU-0c84e9ea-eb03-d0fd-94b6-c87fa7f2aa07, NVIDIA A100-SXM4-40GB, 0, 40960, 0, 50.11, 30
nid001040,2026/05/03 03:55:29.764, 3, GPU-324f8797-e49e-315a-bdaa-053d693f20df, NVIDIA A100-SXM4-40GB, 0, 40960, 0, 50.53, 29
nid001041,2026/05/03 03:55:30.704, 0, GPU-0ae16970-0c3a-bbe5-0e59-4168b3712b2a, NVIDIA A100-SXM4-40GB, 37613, 40960, 100, 153.35, 40
nid001041,2026/05/03 03:55:30.706, 1, GPU-41dedaa0-c8e2-c576-be36-87a6fa2949d6, NVIDIA A100-SXM4-40GB, 36191, 40960, 100, 95.43, 36
nid001041,2026/05/03 03:55:30.708, 2, GPU-84c053e0-dec1-a69a-0b40-fbf751d71b20, NVIDIA A100-SXM4-40GB, 36191, 40960, 100, 172.28, 36
nid001041,2026/05/03 03:55:30.710, 3, GPU-85487437-4cf7-3ceb-d2b0-5f2bed2d89cd, NVIDIA A100-SXM4-40GB, 37739, 40960, 100, 167.32, 35
nid001040,2026/05/03 03:55:33.724, 0, GPU-32e67c4f-7204-189f-8b65-2c274dd735a9, NVIDIA A100-SXM4-40GB, 34771, 40960, 0, 59.72, 31
nid001040,2026/05/03 03:55:33.726, 1, GPU-8861d14f-cf78-d18f-5009-dcf3f2d5ba6a, NVIDIA A100-SXM4-40GB, 34771, 40960, 0, 63.00, 30
nid001040,2026/05/03 03:55:33.727, 2, GPU-0c84e9ea-eb03-d0fd-94b6-c87fa7f2aa07, NVIDIA A100-SXM4-40GB, 0, 40960, 0, 50.35, 30
nid001040,2026/05/03 03:55:33.729, 3, GPU-324f8797-e49e-315a-bdaa-053d693f20df, NVIDIA A100-SXM4-40GB, 0, 40960, 0, 50.53, 29
nid001041,2026/05/03 03:55:34.651, 0, GPU-0ae16970-0c3a-bbe5-0e59-4168b3712b2a, NVIDIA A100-SXM4-40GB, 37613, 40960, 100, 132.94, 41
nid001041,2026/05/03 03:55:34.654, 1, GPU-41dedaa0-c8e2-c576-be36-87a6fa2949d6, NVIDIA A100-SXM4-40GB, 36191, 40960, 100, 181.20, 37
nid001041,2026/05/03 03:55:34.656, 2, GPU-84c053e0-dec1-a69a-0b40-fbf751d71b20, NVIDIA A100-SXM4-40GB, 36191, 40960, 100, 101.19, 36
nid001041,2026/05/03 03:55:34.659, 3, GPU-85487437-4cf7-3ceb-d2b0-5f2bed2d89cd, NVIDIA A100-SXM4-40GB, 37739, 40960, 100, 130.29, 35
nid001040,2026/05/03 03:55:37.716, 0, GPU-32e67c4f-7204-189f-8b65-2c274dd735a9, NVIDIA A100-SXM4-40GB, 34771, 40960, 0, 59.89, 31
nid001040,2026/05/03 03:55:37.718, 1, GPU-8861d14f-cf78-d18f-5009-dcf3f2d5ba6a, NVIDIA A100-SXM4-40GB, 34771, 40960, 0, 63.00, 29
nid001040,2026/05/03 03:55:37.720, 2, GPU-0c84e9ea-eb03-d0fd-94b6-c87fa7f2aa07, NVIDIA A100-SXM4-40GB, 0, 40960, 0, 50.11, 30
nid001040,2026/05/03 03:55:37.722, 3, GPU-324f8797-e49e-315a-bdaa-053d693f20df, NVIDIA A100-SXM4-40GB, 0, 40960, 0, 50.53, 29
nid001041,2026/05/03 03:55:38.782, 0, GPU-0ae16970-0c3a-bbe5-0e59-4168b3712b2a, NVIDIA A100-SXM4-40GB, 37613, 40960, 100, 97.24, 40
nid001041,2026/05/03 03:55:38.785, 1, GPU-41dedaa0-c8e2-c576-be36-87a6fa2949d6, NVIDIA A100-SXM4-40GB, 36191, 40960, 100, 136.50, 37
nid001041,2026/05/03 03:55:38.788, 2, GPU-84c053e0-dec1-a69a-0b40-fbf751d71b20, NVIDIA A100-SXM4-40GB, 36191, 40960, 100, 122.59, 36
nid001041,2026/05/03 03:55:38.789, 3, GPU-85487437-4cf7-3ceb-d2b0-5f2bed2d89cd, NVIDIA A100-SXM4-40GB, 37739, 40960, 100, 101.92, 34
nid001040,2026/05/03 03:55:41.774, 0, GPU-32e67c4f-7204-189f-8b65-2c274dd735a9, NVIDIA A100-SXM4-40GB, 34771, 40960, 0, 59.96, 31
nid001040,2026/05/03 03:55:41.776, 1, GPU-8861d14f-cf78-d18f-5009-dcf3f2d5ba6a, NVIDIA A100-SXM4-40GB, 34771, 40960, 0, 63.00, 30
nid001040,2026/05/03 03:55:41.777, 2, GPU-0c84e9ea-eb03-d0fd-94b6-c87fa7f2aa07, NVIDIA A100-SXM4-40GB, 0, 40960, 0, 50.11, 30
nid001040,2026/05/03 03:55:41.780, 3, GPU-324f8797-e49e-315a-bdaa-053d693f20df, NVIDIA A100-SXM4-40GB, 0, 40960, 0, 50.53, 29
nid001041,2026/05/03 03:55:42.718, 0, GPU-0ae16970-0c3a-bbe5-0e59-4168b3712b2a, NVIDIA A100-SXM4-40GB, 37613, 40960, 100, 88.26, 40
nid001041,2026/05/03 03:55:42.721, 1, GPU-41dedaa0-c8e2-c576-be36-87a6fa2949d6, NVIDIA A100-SXM4-40GB, 36191, 40960, 100, 106.27, 36
nid001041,2026/05/03 03:55:42.723, 2, GPU-84c053e0-dec1-a69a-0b40-fbf751d71b20, NVIDIA A100-SXM4-40GB, 36191, 40960, 100, 200.59, 36
nid001041,2026/05/03 03:55:42.724, 3, GPU-85487437-4cf7-3ceb-d2b0-5f2bed2d89cd, NVIDIA A100-SXM4-40GB, 37739, 40960, 100, 161.76, 35
nid001040,2026/05/03 03:55:45.747, 0, GPU-32e67c4f-7204-189f-8b65-2c274dd735a9, NVIDIA A100-SXM4-40GB, 34771, 40960, 0, 59.72, 31
nid001040,2026/05/03 03:55:45.749, 1, GPU-8861d14f-cf78-d18f-5009-dcf3f2d5ba6a, NVIDIA A100-SXM4-40GB, 34771, 40960, 0, 63.00, 29
nid001040,2026/05/03 03:55:45.750, 2, GPU-0c84e9ea-eb03-d0fd-94b6-c87fa7f2aa07, NVIDIA A100-SXM4-40GB, 0, 40960, 0, 50.35, 30
nid001040,2026/05/03 03:55:45.752, 3, GPU-324f8797-e49e-315a-bdaa-053d693f20df, NVIDIA A100-SXM4-40GB, 0, 40960, 0, 50.53, 29
nid001041,2026/05/03 03:55:46.687, 0, GPU-0ae16970-0c3a-bbe5-0e59-4168b3712b2a, NVIDIA A100-SXM4-40GB, 37613, 40960, 100, 178.90, 40
nid001041,2026/05/03 03:55:46.690, 1, GPU-41dedaa0-c8e2-c576-be36-87a6fa2949d6, NVIDIA A100-SXM4-40GB, 36191, 40960, 100, 98.99, 37
nid001041,2026/05/03 03:55:46.692, 2, GPU-84c053e0-dec1-a69a-0b40-fbf751d71b20, NVIDIA A100-SXM4-40GB, 36191, 40960, 100, 146.30, 36
nid001041,2026/05/03 03:55:46.694, 3, GPU-85487437-4cf7-3ceb-d2b0-5f2bed2d89cd, NVIDIA A100-SXM4-40GB, 37739, 40960, 100, 200.83, 35
nid001040,2026/05/03 03:55:49.741, 0, GPU-32e67c4f-7204-189f-8b65-2c274dd735a9, NVIDIA A100-SXM4-40GB, 34771, 40960, 0, 59.96, 31
nid001040,2026/05/03 03:55:49.743, 1, GPU-8861d14f-cf78-d18f-5009-dcf3f2d5ba6a, NVIDIA A100-SXM4-40GB, 34771, 40960, 0, 63.00, 29
nid001040,2026/05/03 03:55:49.745, 2, GPU-0c84e9ea-eb03-d0fd-94b6-c87fa7f2aa07, NVIDIA A100-SXM4-40GB, 0, 40960, 0, 50.11, 30
nid001040,2026/05/03 03:55:49.747, 3, GPU-324f8797-e49e-315a-bdaa-053d693f20df, NVIDIA A100-SXM4-40GB, 0, 40960, 0, 50.53, 29
nid001041,2026/05/03 03:55:50.677, 0, GPU-0ae16970-0c3a-bbe5-0e59-4168b3712b2a, NVIDIA A100-SXM4-40GB, 37613, 40960, 100, 200.07, 40
nid001041,2026/05/03 03:55:50.680, 1, GPU-41dedaa0-c8e2-c576-be36-87a6fa2949d6, NVIDIA A100-SXM4-40GB, 36191, 40960, 100, 93.39, 37
nid001041,2026/05/03 03:55:50.682, 2, GPU-84c053e0-dec1-a69a-0b40-fbf751d71b20, NVIDIA A100-SXM4-40GB, 36191, 40960, 100, 121.07, 36
nid001041,2026/05/03 03:55:50.683, 3, GPU-85487437-4cf7-3ceb-d2b0-5f2bed2d89cd, NVIDIA A100-SXM4-40GB, 37739, 40960, 100, 181.18, 34
nid001040,2026/05/03 03:55:53.645, 0, GPU-32e67c4f-7204-189f-8b65-2c274dd735a9, NVIDIA A100-SXM4-40GB, 34771, 40960, 0, 59.96, 31
nid001040,2026/05/03 03:55:53.647, 1, GPU-8861d14f-cf78-d18f-5009-dcf3f2d5ba6a, NVIDIA A100-SXM4-40GB, 34771, 40960, 0, 63.00, 29
nid001040,2026/05/03 03:55:53.648, 2, GPU-0c84e9ea-eb03-d0fd-94b6-c87fa7f2aa07, NVIDIA A100-SXM4-40GB, 0, 40960, 0, 50.11, 30
nid001040,2026/05/03 03:55:53.651, 3, GPU-324f8797-e49e-315a-bdaa-053d693f20df, NVIDIA A100-SXM4-40GB, 0, 40960, 0, 50.53, 29
nid001041,2026/05/03 03:55:54.563, 0, GPU-0ae16970-0c3a-bbe5-0e59-4168b3712b2a, NVIDIA A100-SXM4-40GB, 37613, 40960, 100, 176.57, 40
nid001041,2026/05/03 03:55:54.567, 1, GPU-41dedaa0-c8e2-c576-be36-87a6fa2949d6, NVIDIA A100-SXM4-40GB, 36191, 40960, 100, 90.30, 36
nid001041,2026/05/03 03:55:54.569, 2, GPU-84c053e0-dec1-a69a-0b40-fbf751d71b20, NVIDIA A100-SXM4-40GB, 36191, 40960, 100, 106.04, 36
nid001041,2026/05/03 03:55:54.570, 3, GPU-85487437-4cf7-3ceb-d2b0-5f2bed2d89cd, NVIDIA A100-SXM4-40GB, 37739, 40960, 100, 133.33, 34
nid001040,2026/05/03 03:55:57.643, 0, GPU-32e67c4f-7204-189f-8b65-2c274dd735a9, NVIDIA A100-SXM4-40GB, 34771, 40960, 0, 59.96, 31
nid001040,2026/05/03 03:55:57.645, 1, GPU-8861d14f-cf78-d18f-5009-dcf3f2d5ba6a, NVIDIA A100-SXM4-40GB, 34771, 40960, 0, 63.00, 29
nid001040,2026/05/03 03:55:57.647, 2, GPU-0c84e9ea-eb03-d0fd-94b6-c87fa7f2aa07, NVIDIA A100-SXM4-40GB, 0, 40960, 0, 50.11, 30
nid001040,2026/05/03 03:55:57.649, 3, GPU-324f8797-e49e-315a-bdaa-053d693f20df, NVIDIA A100-SXM4-40GB, 0, 40960, 0, 50.53, 29
nid001041,2026/05/03 03:55:58.589, 0, GPU-0ae16970-0c3a-bbe5-0e59-4168b3712b2a, NVIDIA A100-SXM4-40GB, 37613, 40960, 100, 172.77, 41
nid001041,2026/05/03 03:55:58.591, 1, GPU-41dedaa0-c8e2-c576-be36-87a6fa2949d6, NVIDIA A100-SXM4-40GB, 36191, 40960, 100, 91.58, 37
nid001041,2026/05/03 03:55:58.593, 2, GPU-84c053e0-dec1-a69a-0b40-fbf751d71b20, NVIDIA A100-SXM4-40GB, 36191, 40960, 100, 95.84, 36
nid001041,2026/05/03 03:55:58.595, 3, GPU-85487437-4cf7-3ceb-d2b0-5f2bed2d89cd, NVIDIA A100-SXM4-40GB, 37739, 40960, 100, 139.99, 35
nid001040,2026/05/03 03:56:01.565, 0, GPU-32e67c4f-7204-189f-8b65-2c274dd735a9, NVIDIA A100-SXM4-40GB, 34771, 40960, 0, 60.25, 31
nid001040,2026/05/03 03:56:01.567, 1, GPU-8861d14f-cf78-d18f-5009-dcf3f2d5ba6a, NVIDIA A100-SXM4-40GB, 34771, 40960, 0, 63.08, 29
nid001040,2026/05/03 03:56:01.568, 2, GPU-0c84e9ea-eb03-d0fd-94b6-c87fa7f2aa07, NVIDIA A100-SXM4-40GB, 0, 40960, 0, 50.35, 30
nid001040,2026/05/03 03:56:01.571, 3, GPU-324f8797-e49e-315a-bdaa-053d693f20df, NVIDIA A100-SXM4-40GB, 0, 40960, 0, 50.53, 29
nid001041,2026/05/03 03:56:02.485, 0, GPU-0ae16970-0c3a-bbe5-0e59-4168b3712b2a, NVIDIA A100-SXM4-40GB, 37613, 40960, 0, 56.01, 36
nid001041,2026/05/03 03:56:02.488, 1, GPU-41dedaa0-c8e2-c576-be36-87a6fa2949d6, NVIDIA A100-SXM4-40GB, 36191, 40960, 0, 56.01, 33
nid001041,2026/05/03 03:56:02.495, 2, GPU-84c053e0-dec1-a69a-0b40-fbf751d71b20, NVIDIA A100-SXM4-40GB, 36191, 40960, 0, 54.97, 33
nid001041,2026/05/03 03:56:02.503, 3, GPU-85487437-4cf7-3ceb-d2b0-5f2bed2d89cd, NVIDIA A100-SXM4-40GB, 37739, 40960, 0, 54.86, 31
