host,timestamp,gpu_index,uuid,name,memory_used_mb,memory_total_mb,gpu_util_percent,power_watts,temp_c
nid008349,2026/05/03 23:38:18.296, 0, GPU-ae1f7b10-d1d8-51cf-b45d-1bd138261533, NVIDIA A100-SXM4-80GB, 34769, 81920, 0, 78.15, 30
nid008349,2026/05/03 23:38:18.298, 1, GPU-3ee15680-aa06-d217-b636-d2f47b6d9c4b, NVIDIA A100-SXM4-80GB, 34769, 81920, 0, 77.19, 28
nid008349,2026/05/03 23:38:18.299, 2, GPU-d442761e-aa01-dc19-4933-441ddf340c0f, NVIDIA A100-SXM4-80GB, 72001, 81920, 0, 77.15, 29
nid008349,2026/05/03 23:38:18.301, 3, GPU-e9b789ef-d802-47c8-e889-2432e34ac6a1, NVIDIA A100-SXM4-80GB, 72493, 81920, 0, 76.11, 28
nid008352,2026/05/03 23:38:19.248, 0, GPU-c8e590fe-c1df-fb38-7bf3-9ed4364cf576, NVIDIA A100-SXM4-80GB, 72467, 81920, 0, 82.47, 31
nid008352,2026/05/03 23:38:19.250, 1, GPU-5efb5c1d-1cd8-daca-bd51-2f30d62f6e1e, NVIDIA A100-SXM4-80GB, 72467, 81920, 0, 81.72, 28
nid008352,2026/05/03 23:38:19.252, 2, GPU-1d24ec01-d8bb-a3cf-73c2-7d6014d1dd4d, NVIDIA A100-SXM4-80GB, 73087, 81920, 0, 94.86, 31
nid008352,2026/05/03 23:38:19.253, 3, GPU-689a6e7c-a622-65fb-9f4d-887ba745f660, NVIDIA A100-SXM4-80GB, 73087, 81920, 0, 92.60, 30
nid008349,2026/05/03 23:38:22.223, 0, GPU-ae1f7b10-d1d8-51cf-b45d-1bd138261533, NVIDIA A100-SXM4-80GB, 34769, 81920, 0, 77.52, 30
nid008349,2026/05/03 23:38:22.225, 1, GPU-3ee15680-aa06-d217-b636-d2f47b6d9c4b, NVIDIA A100-SXM4-80GB, 34769, 81920, 0, 77.19, 28
nid008349,2026/05/03 23:38:22.227, 2, GPU-d442761e-aa01-dc19-4933-441ddf340c0f, NVIDIA A100-SXM4-80GB, 72001, 81920, 0, 77.15, 29
nid008349,2026/05/03 23:38:22.228, 3, GPU-e9b789ef-d802-47c8-e889-2432e34ac6a1, NVIDIA A100-SXM4-80GB, 72493, 81920, 0, 76.20, 28
nid008352,2026/05/03 23:38:23.240, 0, GPU-c8e590fe-c1df-fb38-7bf3-9ed4364cf576, NVIDIA A100-SXM4-80GB, 72467, 81920, 0, 82.47, 31
nid008352,2026/05/03 23:38:23.243, 1, GPU-5efb5c1d-1cd8-daca-bd51-2f30d62f6e1e, NVIDIA A100-SXM4-80GB, 72467, 81920, 0, 81.72, 28
nid008352,2026/05/03 23:38:23.245, 2, GPU-1d24ec01-d8bb-a3cf-73c2-7d6014d1dd4d, NVIDIA A100-SXM4-80GB, 73087, 81920, 0, 94.75, 31
nid008352,2026/05/03 23:38:23.246, 3, GPU-689a6e7c-a622-65fb-9f4d-887ba745f660, NVIDIA A100-SXM4-80GB, 73087, 81920, 0, 92.60, 30
nid008349,2026/05/03 23:38:26.223, 0, GPU-ae1f7b10-d1d8-51cf-b45d-1bd138261533, NVIDIA A100-SXM4-80GB, 34769, 81920, 0, 77.52, 30
nid008349,2026/05/03 23:38:26.225, 1, GPU-3ee15680-aa06-d217-b636-d2f47b6d9c4b, NVIDIA A100-SXM4-80GB, 34769, 81920, 0, 77.28, 28
nid008349,2026/05/03 23:38:26.228, 2, GPU-d442761e-aa01-dc19-4933-441ddf340c0f, NVIDIA A100-SXM4-80GB, 72001, 81920, 0, 77.15, 29
nid008349,2026/05/03 23:38:26.229, 3, GPU-e9b789ef-d802-47c8-e889-2432e34ac6a1, NVIDIA A100-SXM4-80GB, 72493, 81920, 0, 76.29, 28
nid008352,2026/05/03 23:38:27.235, 0, GPU-c8e590fe-c1df-fb38-7bf3-9ed4364cf576, NVIDIA A100-SXM4-80GB, 72467, 81920, 0, 82.38, 31
nid008352,2026/05/03 23:38:27.237, 1, GPU-5efb5c1d-1cd8-daca-bd51-2f30d62f6e1e, NVIDIA A100-SXM4-80GB, 72467, 81920, 0, 81.62, 28
nid008352,2026/05/03 23:38:27.239, 2, GPU-1d24ec01-d8bb-a3cf-73c2-7d6014d1dd4d, NVIDIA A100-SXM4-80GB, 73087, 81920, 0, 95.03, 31
nid008352,2026/05/03 23:38:27.240, 3, GPU-689a6e7c-a622-65fb-9f4d-887ba745f660, NVIDIA A100-SXM4-80GB, 73087, 81920, 0, 92.60, 30
nid008349,2026/05/03 23:38:30.286, 0, GPU-ae1f7b10-d1d8-51cf-b45d-1bd138261533, NVIDIA A100-SXM4-80GB, 34769, 81920, 0, 77.71, 30
nid008349,2026/05/03 23:38:30.288, 1, GPU-3ee15680-aa06-d217-b636-d2f47b6d9c4b, NVIDIA A100-SXM4-80GB, 34769, 81920, 0, 77.19, 28
nid008349,2026/05/03 23:38:30.290, 2, GPU-d442761e-aa01-dc19-4933-441ddf340c0f, NVIDIA A100-SXM4-80GB, 72001, 81920, 0, 77.06, 29
nid008349,2026/05/03 23:38:30.291, 3, GPU-e9b789ef-d802-47c8-e889-2432e34ac6a1, NVIDIA A100-SXM4-80GB, 72493, 81920, 0, 76.20, 28
nid008352,2026/05/03 23:38:31.208, 0, GPU-c8e590fe-c1df-fb38-7bf3-9ed4364cf576, NVIDIA A100-SXM4-80GB, 72467, 81920, 0, 82.28, 30
nid008352,2026/05/03 23:38:31.210, 1, GPU-5efb5c1d-1cd8-daca-bd51-2f30d62f6e1e, NVIDIA A100-SXM4-80GB, 72467, 81920, 0, 81.72, 28
nid008352,2026/05/03 23:38:31.212, 2, GPU-1d24ec01-d8bb-a3cf-73c2-7d6014d1dd4d, NVIDIA A100-SXM4-80GB, 73087, 81920, 0, 95.03, 31
nid008352,2026/05/03 23:38:31.213, 3, GPU-689a6e7c-a622-65fb-9f4d-887ba745f660, NVIDIA A100-SXM4-80GB, 73087, 81920, 0, 92.49, 30
nid008349,2026/05/03 23:38:34.222, 0, GPU-ae1f7b10-d1d8-51cf-b45d-1bd138261533, NVIDIA A100-SXM4-80GB, 34769, 81920, 0, 77.62, 30
nid008349,2026/05/03 23:38:34.224, 1, GPU-3ee15680-aa06-d217-b636-d2f47b6d9c4b, NVIDIA A100-SXM4-80GB, 34769, 81920, 0, 77.28, 28
nid008349,2026/05/03 23:38:34.226, 2, GPU-d442761e-aa01-dc19-4933-441ddf340c0f, NVIDIA A100-SXM4-80GB, 72001, 81920, 0, 76.82, 29
nid008349,2026/05/03 23:38:34.227, 3, GPU-e9b789ef-d802-47c8-e889-2432e34ac6a1, NVIDIA A100-SXM4-80GB, 72493, 81920, 0, 76.20, 28
nid008352,2026/05/03 23:38:35.162, 0, GPU-c8e590fe-c1df-fb38-7bf3-9ed4364cf576, NVIDIA A100-SXM4-80GB, 72467, 81920, 0, 82.38, 30
nid008352,2026/05/03 23:38:35.164, 1, GPU-5efb5c1d-1cd8-daca-bd51-2f30d62f6e1e, NVIDIA A100-SXM4-80GB, 72467, 81920, 0, 81.95, 28
nid008352,2026/05/03 23:38:35.166, 2, GPU-1d24ec01-d8bb-a3cf-73c2-7d6014d1dd4d, NVIDIA A100-SXM4-80GB, 73087, 81920, 0, 95.03, 31
nid008352,2026/05/03 23:38:35.167, 3, GPU-689a6e7c-a622-65fb-9f4d-887ba745f660, NVIDIA A100-SXM4-80GB, 73087, 81920, 0, 92.60, 30
nid008349,2026/05/03 23:38:38.133, 0, GPU-ae1f7b10-d1d8-51cf-b45d-1bd138261533, NVIDIA A100-SXM4-80GB, 34769, 81920, 0, 77.43, 30
nid008349,2026/05/03 23:38:38.139, 1, GPU-3ee15680-aa06-d217-b636-d2f47b6d9c4b, NVIDIA A100-SXM4-80GB, 34769, 81920, 0, 77.19, 28
nid008349,2026/05/03 23:38:38.141, 2, GPU-d442761e-aa01-dc19-4933-441ddf340c0f, NVIDIA A100-SXM4-80GB, 72001, 81920, 0, 77.24, 29
nid008349,2026/05/03 23:38:38.143, 3, GPU-e9b789ef-d802-47c8-e889-2432e34ac6a1, NVIDIA A100-SXM4-80GB, 72493, 81920, 0, 76.11, 28
nid008352,2026/05/03 23:38:39.082, 0, GPU-c8e590fe-c1df-fb38-7bf3-9ed4364cf576, NVIDIA A100-SXM4-80GB, 72467, 81920, 0, 82.47, 31
nid008352,2026/05/03 23:38:39.086, 1, GPU-5efb5c1d-1cd8-daca-bd51-2f30d62f6e1e, NVIDIA A100-SXM4-80GB, 72467, 81920, 0, 81.72, 28
nid008352,2026/05/03 23:38:39.088, 2, GPU-1d24ec01-d8bb-a3cf-73c2-7d6014d1dd4d, NVIDIA A100-SXM4-80GB, 73087, 81920, 0, 95.14, 31
nid008352,2026/05/03 23:38:39.089, 3, GPU-689a6e7c-a622-65fb-9f4d-887ba745f660, NVIDIA A100-SXM4-80GB, 73087, 81920, 0, 92.49, 30
nid008349,2026/05/03 23:38:42.124, 0, GPU-ae1f7b10-d1d8-51cf-b45d-1bd138261533, NVIDIA A100-SXM4-80GB, 34769, 81920, 0, 78.15, 30
nid008349,2026/05/03 23:38:42.127, 1, GPU-3ee15680-aa06-d217-b636-d2f47b6d9c4b, NVIDIA A100-SXM4-80GB, 34769, 81920, 0, 77.19, 28
nid008349,2026/05/03 23:38:42.128, 2, GPU-d442761e-aa01-dc19-4933-441ddf340c0f, NVIDIA A100-SXM4-80GB, 72001, 81920, 0, 77.15, 29
nid008349,2026/05/03 23:38:42.130, 3, GPU-e9b789ef-d802-47c8-e889-2432e34ac6a1, NVIDIA A100-SXM4-80GB, 72493, 81920, 0, 76.20, 28
nid008352,2026/05/03 23:38:43.120, 0, GPU-c8e590fe-c1df-fb38-7bf3-9ed4364cf576, NVIDIA A100-SXM4-80GB, 72467, 81920, 0, 82.38, 31
nid008352,2026/05/03 23:38:43.123, 1, GPU-5efb5c1d-1cd8-daca-bd51-2f30d62f6e1e, NVIDIA A100-SXM4-80GB, 72467, 81920, 0, 81.62, 28
nid008352,2026/05/03 23:38:43.124, 2, GPU-1d24ec01-d8bb-a3cf-73c2-7d6014d1dd4d, NVIDIA A100-SXM4-80GB, 73087, 81920, 0, 95.03, 31
nid008352,2026/05/03 23:38:43.126, 3, GPU-689a6e7c-a622-65fb-9f4d-887ba745f660, NVIDIA A100-SXM4-80GB, 73087, 81920, 0, 92.60, 30
nid008349,2026/05/03 23:38:46.129, 0, GPU-ae1f7b10-d1d8-51cf-b45d-1bd138261533, NVIDIA A100-SXM4-80GB, 34769, 81920, 0, 78.24, 30
nid008349,2026/05/03 23:38:46.132, 1, GPU-3ee15680-aa06-d217-b636-d2f47b6d9c4b, NVIDIA A100-SXM4-80GB, 34769, 81920, 0, 77.19, 28
nid008349,2026/05/03 23:38:46.133, 2, GPU-d442761e-aa01-dc19-4933-441ddf340c0f, NVIDIA A100-SXM4-80GB, 72001, 81920, 0, 77.15, 29
nid008349,2026/05/03 23:38:46.135, 3, GPU-e9b789ef-d802-47c8-e889-2432e34ac6a1, NVIDIA A100-SXM4-80GB, 72493, 81920, 0, 76.20, 28
nid008352,2026/05/03 23:38:47.061, 0, GPU-c8e590fe-c1df-fb38-7bf3-9ed4364cf576, NVIDIA A100-SXM4-80GB, 72467, 81920, 0, 82.18, 31
nid008352,2026/05/03 23:38:47.068, 1, GPU-5efb5c1d-1cd8-daca-bd51-2f30d62f6e1e, NVIDIA A100-SXM4-80GB, 72467, 81920, 0, 81.72, 28
nid008352,2026/05/03 23:38:47.074, 2, GPU-1d24ec01-d8bb-a3cf-73c2-7d6014d1dd4d, NVIDIA A100-SXM4-80GB, 73087, 81920, 0, 94.86, 31
nid008352,2026/05/03 23:38:47.078, 3, GPU-689a6e7c-a622-65fb-9f4d-887ba745f660, NVIDIA A100-SXM4-80GB, 73087, 81920, 0, 92.60, 30
nid008349,2026/05/03 23:38:50.060, 0, GPU-ae1f7b10-d1d8-51cf-b45d-1bd138261533, NVIDIA A100-SXM4-80GB, 34769, 81920, 0, 78.24, 30
nid008349,2026/05/03 23:38:50.062, 1, GPU-3ee15680-aa06-d217-b636-d2f47b6d9c4b, NVIDIA A100-SXM4-80GB, 34769, 81920, 0, 77.19, 28
nid008349,2026/05/03 23:38:50.064, 2, GPU-d442761e-aa01-dc19-4933-441ddf340c0f, NVIDIA A100-SXM4-80GB, 72001, 81920, 0, 77.15, 29
nid008349,2026/05/03 23:38:50.065, 3, GPU-e9b789ef-d802-47c8-e889-2432e34ac6a1, NVIDIA A100-SXM4-80GB, 72493, 81920, 0, 76.20, 28
nid008352,2026/05/03 23:38:50.995, 0, GPU-c8e590fe-c1df-fb38-7bf3-9ed4364cf576, NVIDIA A100-SXM4-80GB, 72467, 81920, 0, 82.38, 31
nid008352,2026/05/03 23:38:50.998, 1, GPU-5efb5c1d-1cd8-daca-bd51-2f30d62f6e1e, NVIDIA A100-SXM4-80GB, 72467, 81920, 0, 81.95, 28
nid008352,2026/05/03 23:38:50.999, 2, GPU-1d24ec01-d8bb-a3cf-73c2-7d6014d1dd4d, NVIDIA A100-SXM4-80GB, 73087, 81920, 0, 95.03, 31
nid008352,2026/05/03 23:38:51.001, 3, GPU-689a6e7c-a622-65fb-9f4d-887ba745f660, NVIDIA A100-SXM4-80GB, 73087, 81920, 0, 92.60, 30
nid008349,2026/05/03 23:38:53.977, 0, GPU-ae1f7b10-d1d8-51cf-b45d-1bd138261533, NVIDIA A100-SXM4-80GB, 34769, 81920, 0, 77.43, 30
nid008349,2026/05/03 23:38:53.980, 1, GPU-3ee15680-aa06-d217-b636-d2f47b6d9c4b, NVIDIA A100-SXM4-80GB, 34769, 81920, 0, 77.28, 28
nid008349,2026/05/03 23:38:53.981, 2, GPU-d442761e-aa01-dc19-4933-441ddf340c0f, NVIDIA A100-SXM4-80GB, 72001, 81920, 0, 77.15, 29
nid008349,2026/05/03 23:38:53.983, 3, GPU-e9b789ef-d802-47c8-e889-2432e34ac6a1, NVIDIA A100-SXM4-80GB, 72493, 81920, 0, 76.29, 28
nid008352,2026/05/03 23:38:54.950, 0, GPU-c8e590fe-c1df-fb38-7bf3-9ed4364cf576, NVIDIA A100-SXM4-80GB, 72467, 81920, 0, 82.38, 31
nid008352,2026/05/03 23:38:54.952, 1, GPU-5efb5c1d-1cd8-daca-bd51-2f30d62f6e1e, NVIDIA A100-SXM4-80GB, 72467, 81920, 0, 81.72, 28
nid008352,2026/05/03 23:38:54.954, 2, GPU-1d24ec01-d8bb-a3cf-73c2-7d6014d1dd4d, NVIDIA A100-SXM4-80GB, 73087, 81920, 0, 95.03, 31
nid008352,2026/05/03 23:38:54.955, 3, GPU-689a6e7c-a622-65fb-9f4d-887ba745f660, NVIDIA A100-SXM4-80GB, 73087, 81920, 0, 92.60, 30
nid008349,2026/05/03 23:38:57.928, 0, GPU-ae1f7b10-d1d8-51cf-b45d-1bd138261533, NVIDIA A100-SXM4-80GB, 34769, 81920, 0, 77.71, 30
nid008349,2026/05/03 23:38:57.931, 1, GPU-3ee15680-aa06-d217-b636-d2f47b6d9c4b, NVIDIA A100-SXM4-80GB, 34769, 81920, 0, 77.19, 28
nid008349,2026/05/03 23:38:57.932, 2, GPU-d442761e-aa01-dc19-4933-441ddf340c0f, NVIDIA A100-SXM4-80GB, 72001, 81920, 0, 77.01, 29
nid008349,2026/05/03 23:38:57.933, 3, GPU-e9b789ef-d802-47c8-e889-2432e34ac6a1, NVIDIA A100-SXM4-80GB, 72493, 81920, 0, 76.20, 28
nid008352,2026/05/03 23:38:58.898, 0, GPU-c8e590fe-c1df-fb38-7bf3-9ed4364cf576, NVIDIA A100-SXM4-80GB, 72467, 81920, 0, 82.38, 31
nid008352,2026/05/03 23:38:58.901, 1, GPU-5efb5c1d-1cd8-daca-bd51-2f30d62f6e1e, NVIDIA A100-SXM4-80GB, 72467, 81920, 0, 81.81, 28
nid008352,2026/05/03 23:38:58.903, 2, GPU-1d24ec01-d8bb-a3cf-73c2-7d6014d1dd4d, NVIDIA A100-SXM4-80GB, 73087, 81920, 0, 94.75, 31
nid008352,2026/05/03 23:38:58.904, 3, GPU-689a6e7c-a622-65fb-9f4d-887ba745f660, NVIDIA A100-SXM4-80GB, 73087, 81920, 0, 92.49, 30
nid008349,2026/05/03 23:39:01.898, 0, GPU-ae1f7b10-d1d8-51cf-b45d-1bd138261533, NVIDIA A100-SXM4-80GB, 34769, 81920, 0, 77.71, 30
nid008349,2026/05/03 23:39:01.901, 1, GPU-3ee15680-aa06-d217-b636-d2f47b6d9c4b, NVIDIA A100-SXM4-80GB, 34769, 81920, 0, 77.19, 28
nid008349,2026/05/03 23:39:01.902, 2, GPU-d442761e-aa01-dc19-4933-441ddf340c0f, NVIDIA A100-SXM4-80GB, 72001, 81920, 0, 77.15, 29
nid008349,2026/05/03 23:39:01.904, 3, GPU-e9b789ef-d802-47c8-e889-2432e34ac6a1, NVIDIA A100-SXM4-80GB, 72493, 81920, 0, 76.20, 28
nid008352,2026/05/03 23:39:02.930, 0, GPU-c8e590fe-c1df-fb38-7bf3-9ed4364cf576, NVIDIA A100-SXM4-80GB, 72467, 81920, 0, 82.38, 31
nid008352,2026/05/03 23:39:02.932, 1, GPU-5efb5c1d-1cd8-daca-bd51-2f30d62f6e1e, NVIDIA A100-SXM4-80GB, 72467, 81920, 0, 81.72, 28
nid008352,2026/05/03 23:39:02.937, 2, GPU-1d24ec01-d8bb-a3cf-73c2-7d6014d1dd4d, NVIDIA A100-SXM4-80GB, 73087, 81920, 0, 95.03, 31
nid008352,2026/05/03 23:39:02.939, 3, GPU-689a6e7c-a622-65fb-9f4d-887ba745f660, NVIDIA A100-SXM4-80GB, 73087, 81920, 0, 92.60, 30
nid008349,2026/05/03 23:39:05.930, 0, GPU-ae1f7b10-d1d8-51cf-b45d-1bd138261533, NVIDIA A100-SXM4-80GB, 34769, 81920, 0, 77.71, 30
nid008349,2026/05/03 23:39:05.932, 1, GPU-3ee15680-aa06-d217-b636-d2f47b6d9c4b, NVIDIA A100-SXM4-80GB, 34769, 81920, 0, 77.19, 28
nid008349,2026/05/03 23:39:05.934, 2, GPU-d442761e-aa01-dc19-4933-441ddf340c0f, NVIDIA A100-SXM4-80GB, 72001, 81920, 0, 77.01, 29
nid008349,2026/05/03 23:39:05.935, 3, GPU-e9b789ef-d802-47c8-e889-2432e34ac6a1, NVIDIA A100-SXM4-80GB, 72493, 81920, 0, 76.20, 28
nid008352,2026/05/03 23:39:06.876, 0, GPU-c8e590fe-c1df-fb38-7bf3-9ed4364cf576, NVIDIA A100-SXM4-80GB, 72467, 81920, 0, 82.47, 31
nid008352,2026/05/03 23:39:06.879, 1, GPU-5efb5c1d-1cd8-daca-bd51-2f30d62f6e1e, NVIDIA A100-SXM4-80GB, 72467, 81920, 0, 81.81, 28
nid008352,2026/05/03 23:39:06.880, 2, GPU-1d24ec01-d8bb-a3cf-73c2-7d6014d1dd4d, NVIDIA A100-SXM4-80GB, 73087, 81920, 0, 94.75, 31
nid008352,2026/05/03 23:39:06.882, 3, GPU-689a6e7c-a622-65fb-9f4d-887ba745f660, NVIDIA A100-SXM4-80GB, 73087, 81920, 0, 92.60, 30
nid008349,2026/05/03 23:39:09.876, 0, GPU-ae1f7b10-d1d8-51cf-b45d-1bd138261533, NVIDIA A100-SXM4-80GB, 34769, 81920, 0, 77.71, 30
nid008349,2026/05/03 23:39:09.878, 1, GPU-3ee15680-aa06-d217-b636-d2f47b6d9c4b, NVIDIA A100-SXM4-80GB, 34769, 81920, 0, 77.19, 28
nid008349,2026/05/03 23:39:09.880, 2, GPU-d442761e-aa01-dc19-4933-441ddf340c0f, NVIDIA A100-SXM4-80GB, 72001, 81920, 0, 77.15, 29
nid008349,2026/05/03 23:39:09.882, 3, GPU-e9b789ef-d802-47c8-e889-2432e34ac6a1, NVIDIA A100-SXM4-80GB, 72493, 81920, 0, 76.20, 28
nid008352,2026/05/03 23:39:10.872, 0, GPU-c8e590fe-c1df-fb38-7bf3-9ed4364cf576, NVIDIA A100-SXM4-80GB, 72467, 81920, 0, 82.38, 31
nid008352,2026/05/03 23:39:10.874, 1, GPU-5efb5c1d-1cd8-daca-bd51-2f30d62f6e1e, NVIDIA A100-SXM4-80GB, 72467, 81920, 0, 81.95, 28
nid008352,2026/05/03 23:39:10.876, 2, GPU-1d24ec01-d8bb-a3cf-73c2-7d6014d1dd4d, NVIDIA A100-SXM4-80GB, 73087, 81920, 0, 95.03, 31
nid008352,2026/05/03 23:39:10.877, 3, GPU-689a6e7c-a622-65fb-9f4d-887ba745f660, NVIDIA A100-SXM4-80GB, 73087, 81920, 0, 92.60, 30
nid008349,2026/05/03 23:39:13.859, 0, GPU-ae1f7b10-d1d8-51cf-b45d-1bd138261533, NVIDIA A100-SXM4-80GB, 34769, 81920, 0, 77.71, 30
nid008349,2026/05/03 23:39:13.861, 1, GPU-3ee15680-aa06-d217-b636-d2f47b6d9c4b, NVIDIA A100-SXM4-80GB, 34769, 81920, 0, 77.19, 28
nid008349,2026/05/03 23:39:13.863, 2, GPU-d442761e-aa01-dc19-4933-441ddf340c0f, NVIDIA A100-SXM4-80GB, 72001, 81920, 0, 77.01, 29
nid008349,2026/05/03 23:39:13.866, 3, GPU-e9b789ef-d802-47c8-e889-2432e34ac6a1, NVIDIA A100-SXM4-80GB, 72493, 81920, 0, 76.20, 28
nid008352,2026/05/03 23:39:14.848, 0, GPU-c8e590fe-c1df-fb38-7bf3-9ed4364cf576, NVIDIA A100-SXM4-80GB, 72467, 81920, 0, 82.47, 31
nid008352,2026/05/03 23:39:14.850, 1, GPU-5efb5c1d-1cd8-daca-bd51-2f30d62f6e1e, NVIDIA A100-SXM4-80GB, 72467, 81920, 0, 81.81, 28
nid008352,2026/05/03 23:39:14.852, 2, GPU-1d24ec01-d8bb-a3cf-73c2-7d6014d1dd4d, NVIDIA A100-SXM4-80GB, 73087, 81920, 0, 94.92, 31
nid008352,2026/05/03 23:39:14.854, 3, GPU-689a6e7c-a622-65fb-9f4d-887ba745f660, NVIDIA A100-SXM4-80GB, 73087, 81920, 0, 92.60, 30
nid008349,2026/05/03 23:39:17.832, 0, GPU-ae1f7b10-d1d8-51cf-b45d-1bd138261533, NVIDIA A100-SXM4-80GB, 34769, 81920, 0, 77.43, 30
nid008349,2026/05/03 23:39:17.834, 1, GPU-3ee15680-aa06-d217-b636-d2f47b6d9c4b, NVIDIA A100-SXM4-80GB, 34769, 81920, 0, 77.19, 28
nid008349,2026/05/03 23:39:17.835, 2, GPU-d442761e-aa01-dc19-4933-441ddf340c0f, NVIDIA A100-SXM4-80GB, 72001, 81920, 0, 77.15, 29
nid008349,2026/05/03 23:39:17.837, 3, GPU-e9b789ef-d802-47c8-e889-2432e34ac6a1, NVIDIA A100-SXM4-80GB, 72493, 81920, 0, 76.20, 28
nid008352,2026/05/03 23:39:18.838, 0, GPU-c8e590fe-c1df-fb38-7bf3-9ed4364cf576, NVIDIA A100-SXM4-80GB, 72467, 81920, 0, 82.38, 31
nid008352,2026/05/03 23:39:18.841, 1, GPU-5efb5c1d-1cd8-daca-bd51-2f30d62f6e1e, NVIDIA A100-SXM4-80GB, 72467, 81920, 0, 81.72, 28
nid008352,2026/05/03 23:39:18.842, 2, GPU-1d24ec01-d8bb-a3cf-73c2-7d6014d1dd4d, NVIDIA A100-SXM4-80GB, 73087, 81920, 0, 95.03, 31
nid008352,2026/05/03 23:39:18.844, 3, GPU-689a6e7c-a622-65fb-9f4d-887ba745f660, NVIDIA A100-SXM4-80GB, 73087, 81920, 0, 92.60, 30
nid008349,2026/05/03 23:39:21.826, 0, GPU-ae1f7b10-d1d8-51cf-b45d-1bd138261533, NVIDIA A100-SXM4-80GB, 34769, 81920, 0, 77.52, 30
nid008349,2026/05/03 23:39:21.828, 1, GPU-3ee15680-aa06-d217-b636-d2f47b6d9c4b, NVIDIA A100-SXM4-80GB, 34769, 81920, 0, 77.19, 28
nid008349,2026/05/03 23:39:21.830, 2, GPU-d442761e-aa01-dc19-4933-441ddf340c0f, NVIDIA A100-SXM4-80GB, 72001, 81920, 0, 77.15, 29
nid008349,2026/05/03 23:39:21.831, 3, GPU-e9b789ef-d802-47c8-e889-2432e34ac6a1, NVIDIA A100-SXM4-80GB, 72493, 81920, 0, 76.11, 28
nid008352,2026/05/03 23:39:22.761, 0, GPU-c8e590fe-c1df-fb38-7bf3-9ed4364cf576, NVIDIA A100-SXM4-80GB, 72467, 81920, 0, 82.47, 31
nid008352,2026/05/03 23:39:22.763, 1, GPU-5efb5c1d-1cd8-daca-bd51-2f30d62f6e1e, NVIDIA A100-SXM4-80GB, 72467, 81920, 0, 81.95, 28
nid008352,2026/05/03 23:39:22.765, 2, GPU-1d24ec01-d8bb-a3cf-73c2-7d6014d1dd4d, NVIDIA A100-SXM4-80GB, 73087, 81920, 0, 94.86, 31
nid008352,2026/05/03 23:39:22.766, 3, GPU-689a6e7c-a622-65fb-9f4d-887ba745f660, NVIDIA A100-SXM4-80GB, 73087, 81920, 0, 92.60, 30
nid008349,2026/05/03 23:39:25.748, 0, GPU-ae1f7b10-d1d8-51cf-b45d-1bd138261533, NVIDIA A100-SXM4-80GB, 34769, 81920, 0, 77.52, 30
nid008349,2026/05/03 23:39:25.754, 1, GPU-3ee15680-aa06-d217-b636-d2f47b6d9c4b, NVIDIA A100-SXM4-80GB, 34769, 81920, 0, 77.28, 28
nid008349,2026/05/03 23:39:25.756, 2, GPU-d442761e-aa01-dc19-4933-441ddf340c0f, NVIDIA A100-SXM4-80GB, 72001, 81920, 0, 77.01, 29
nid008349,2026/05/03 23:39:25.757, 3, GPU-e9b789ef-d802-47c8-e889-2432e34ac6a1, NVIDIA A100-SXM4-80GB, 72493, 81920, 0, 76.20, 28
nid008352,2026/05/03 23:39:26.683, 0, GPU-c8e590fe-c1df-fb38-7bf3-9ed4364cf576, NVIDIA A100-SXM4-80GB, 72467, 81920, 0, 82.38, 31
nid008352,2026/05/03 23:39:26.685, 1, GPU-5efb5c1d-1cd8-daca-bd51-2f30d62f6e1e, NVIDIA A100-SXM4-80GB, 72467, 81920, 0, 81.72, 28
nid008352,2026/05/03 23:39:26.686, 2, GPU-1d24ec01-d8bb-a3cf-73c2-7d6014d1dd4d, NVIDIA A100-SXM4-80GB, 73087, 81920, 0, 94.75, 31
nid008352,2026/05/03 23:39:26.688, 3, GPU-689a6e7c-a622-65fb-9f4d-887ba745f660, NVIDIA A100-SXM4-80GB, 73087, 81920, 0, 92.49, 30
nid008349,2026/05/03 23:39:29.683, 0, GPU-ae1f7b10-d1d8-51cf-b45d-1bd138261533, NVIDIA A100-SXM4-80GB, 34769, 81920, 0, 78.24, 30
nid008349,2026/05/03 23:39:29.685, 1, GPU-3ee15680-aa06-d217-b636-d2f47b6d9c4b, NVIDIA A100-SXM4-80GB, 34769, 81920, 0, 77.28, 28
nid008349,2026/05/03 23:39:29.687, 2, GPU-d442761e-aa01-dc19-4933-441ddf340c0f, NVIDIA A100-SXM4-80GB, 72001, 81920, 0, 77.15, 29
nid008349,2026/05/03 23:39:29.689, 3, GPU-e9b789ef-d802-47c8-e889-2432e34ac6a1, NVIDIA A100-SXM4-80GB, 72493, 81920, 0, 76.29, 28
nid008352,2026/05/03 23:39:30.682, 0, GPU-c8e590fe-c1df-fb38-7bf3-9ed4364cf576, NVIDIA A100-SXM4-80GB, 72467, 81920, 0, 82.38, 31
nid008352,2026/05/03 23:39:30.684, 1, GPU-5efb5c1d-1cd8-daca-bd51-2f30d62f6e1e, NVIDIA A100-SXM4-80GB, 72467, 81920, 0, 81.95, 28
nid008352,2026/05/03 23:39:30.686, 2, GPU-1d24ec01-d8bb-a3cf-73c2-7d6014d1dd4d, NVIDIA A100-SXM4-80GB, 73087, 81920, 0, 95.14, 31
nid008352,2026/05/03 23:39:30.687, 3, GPU-689a6e7c-a622-65fb-9f4d-887ba745f660, NVIDIA A100-SXM4-80GB, 73087, 81920, 0, 92.60, 30
nid008349,2026/05/03 23:39:33.674, 0, GPU-ae1f7b10-d1d8-51cf-b45d-1bd138261533, NVIDIA A100-SXM4-80GB, 34769, 81920, 0, 77.52, 30
nid008349,2026/05/03 23:39:33.677, 1, GPU-3ee15680-aa06-d217-b636-d2f47b6d9c4b, NVIDIA A100-SXM4-80GB, 34769, 81920, 0, 77.19, 28
nid008349,2026/05/03 23:39:33.678, 2, GPU-d442761e-aa01-dc19-4933-441ddf340c0f, NVIDIA A100-SXM4-80GB, 72001, 81920, 0, 77.15, 29
nid008349,2026/05/03 23:39:33.680, 3, GPU-e9b789ef-d802-47c8-e889-2432e34ac6a1, NVIDIA A100-SXM4-80GB, 72493, 81920, 0, 76.20, 28
nid008352,2026/05/03 23:39:34.627, 0, GPU-c8e590fe-c1df-fb38-7bf3-9ed4364cf576, NVIDIA A100-SXM4-80GB, 72467, 81920, 0, 82.38, 31
nid008352,2026/05/03 23:39:34.630, 1, GPU-5efb5c1d-1cd8-daca-bd51-2f30d62f6e1e, NVIDIA A100-SXM4-80GB, 72467, 81920, 0, 81.95, 28
nid008352,2026/05/03 23:39:34.632, 2, GPU-1d24ec01-d8bb-a3cf-73c2-7d6014d1dd4d, NVIDIA A100-SXM4-80GB, 73087, 81920, 0, 95.03, 31
nid008352,2026/05/03 23:39:34.633, 3, GPU-689a6e7c-a622-65fb-9f4d-887ba745f660, NVIDIA A100-SXM4-80GB, 73087, 81920, 0, 92.49, 30
nid008349,2026/05/03 23:39:37.617, 0, GPU-ae1f7b10-d1d8-51cf-b45d-1bd138261533, NVIDIA A100-SXM4-80GB, 34769, 81920, 0, 77.71, 30
nid008349,2026/05/03 23:39:37.619, 1, GPU-3ee15680-aa06-d217-b636-d2f47b6d9c4b, NVIDIA A100-SXM4-80GB, 34769, 81920, 0, 77.28, 28
nid008349,2026/05/03 23:39:37.621, 2, GPU-d442761e-aa01-dc19-4933-441ddf340c0f, NVIDIA A100-SXM4-80GB, 72001, 81920, 0, 76.92, 29
nid008349,2026/05/03 23:39:37.622, 3, GPU-e9b789ef-d802-47c8-e889-2432e34ac6a1, NVIDIA A100-SXM4-80GB, 72493, 81920, 0, 76.20, 28
nid008352,2026/05/03 23:39:38.588, 0, GPU-c8e590fe-c1df-fb38-7bf3-9ed4364cf576, NVIDIA A100-SXM4-80GB, 72467, 81920, 0, 82.38, 31
nid008352,2026/05/03 23:39:38.591, 1, GPU-5efb5c1d-1cd8-daca-bd51-2f30d62f6e1e, NVIDIA A100-SXM4-80GB, 72467, 81920, 0, 81.81, 28
nid008352,2026/05/03 23:39:38.592, 2, GPU-1d24ec01-d8bb-a3cf-73c2-7d6014d1dd4d, NVIDIA A100-SXM4-80GB, 73087, 81920, 0, 95.03, 31
nid008352,2026/05/03 23:39:38.594, 3, GPU-689a6e7c-a622-65fb-9f4d-887ba745f660, NVIDIA A100-SXM4-80GB, 73087, 81920, 0, 92.60, 30
nid008349,2026/05/03 23:39:41.575, 0, GPU-ae1f7b10-d1d8-51cf-b45d-1bd138261533, NVIDIA A100-SXM4-80GB, 34769, 81920, 0, 77.71, 30
nid008349,2026/05/03 23:39:41.577, 1, GPU-3ee15680-aa06-d217-b636-d2f47b6d9c4b, NVIDIA A100-SXM4-80GB, 34769, 81920, 0, 77.19, 28
nid008349,2026/05/03 23:39:41.578, 2, GPU-d442761e-aa01-dc19-4933-441ddf340c0f, NVIDIA A100-SXM4-80GB, 72001, 81920, 0, 77.01, 29
nid008349,2026/05/03 23:39:41.580, 3, GPU-e9b789ef-d802-47c8-e889-2432e34ac6a1, NVIDIA A100-SXM4-80GB, 72493, 81920, 0, 76.20, 28
nid008352,2026/05/03 23:39:42.599, 0, GPU-c8e590fe-c1df-fb38-7bf3-9ed4364cf576, NVIDIA A100-SXM4-80GB, 72467, 81920, 0, 82.38, 31
nid008352,2026/05/03 23:39:42.608, 1, GPU-5efb5c1d-1cd8-daca-bd51-2f30d62f6e1e, NVIDIA A100-SXM4-80GB, 72467, 81920, 0, 81.95, 28
nid008352,2026/05/03 23:39:42.609, 2, GPU-1d24ec01-d8bb-a3cf-73c2-7d6014d1dd4d, NVIDIA A100-SXM4-80GB, 73087, 81920, 0, 95.03, 31
nid008352,2026/05/03 23:39:42.611, 3, GPU-689a6e7c-a622-65fb-9f4d-887ba745f660, NVIDIA A100-SXM4-80GB, 73087, 81920, 0, 92.60, 30
nid008349,2026/05/03 23:39:45.588, 0, GPU-ae1f7b10-d1d8-51cf-b45d-1bd138261533, NVIDIA A100-SXM4-80GB, 34769, 81920, 0, 77.71, 30
nid008349,2026/05/03 23:39:45.591, 1, GPU-3ee15680-aa06-d217-b636-d2f47b6d9c4b, NVIDIA A100-SXM4-80GB, 34769, 81920, 0, 77.28, 28
nid008349,2026/05/03 23:39:45.592, 2, GPU-d442761e-aa01-dc19-4933-441ddf340c0f, NVIDIA A100-SXM4-80GB, 72001, 81920, 0, 77.15, 29
nid008349,2026/05/03 23:39:45.594, 3, GPU-e9b789ef-d802-47c8-e889-2432e34ac6a1, NVIDIA A100-SXM4-80GB, 72493, 81920, 0, 76.20, 28
nid008352,2026/05/03 23:39:46.549, 0, GPU-c8e590fe-c1df-fb38-7bf3-9ed4364cf576, NVIDIA A100-SXM4-80GB, 72467, 81920, 0, 82.38, 31
nid008352,2026/05/03 23:39:46.552, 1, GPU-5efb5c1d-1cd8-daca-bd51-2f30d62f6e1e, NVIDIA A100-SXM4-80GB, 72467, 81920, 0, 81.72, 28
nid008352,2026/05/03 23:39:46.553, 2, GPU-1d24ec01-d8bb-a3cf-73c2-7d6014d1dd4d, NVIDIA A100-SXM4-80GB, 73087, 81920, 0, 95.03, 31
nid008352,2026/05/03 23:39:46.555, 3, GPU-689a6e7c-a622-65fb-9f4d-887ba745f660, NVIDIA A100-SXM4-80GB, 73087, 81920, 0, 92.77, 30
nid008349,2026/05/03 23:39:49.553, 0, GPU-ae1f7b10-d1d8-51cf-b45d-1bd138261533, NVIDIA A100-SXM4-80GB, 34769, 81920, 0, 77.52, 30
nid008349,2026/05/03 23:39:49.560, 1, GPU-3ee15680-aa06-d217-b636-d2f47b6d9c4b, NVIDIA A100-SXM4-80GB, 34769, 81920, 0, 77.37, 28
nid008349,2026/05/03 23:39:49.561, 2, GPU-d442761e-aa01-dc19-4933-441ddf340c0f, NVIDIA A100-SXM4-80GB, 72001, 81920, 0, 77.01, 29
nid008349,2026/05/03 23:39:49.563, 3, GPU-e9b789ef-d802-47c8-e889-2432e34ac6a1, NVIDIA A100-SXM4-80GB, 72493, 81920, 0, 76.29, 28
nid008352,2026/05/03 23:39:50.533, 0, GPU-c8e590fe-c1df-fb38-7bf3-9ed4364cf576, NVIDIA A100-SXM4-80GB, 72467, 81920, 0, 82.47, 31
nid008352,2026/05/03 23:39:50.535, 1, GPU-5efb5c1d-1cd8-daca-bd51-2f30d62f6e1e, NVIDIA A100-SXM4-80GB, 72467, 81920, 0, 81.91, 28
nid008352,2026/05/03 23:39:50.537, 2, GPU-1d24ec01-d8bb-a3cf-73c2-7d6014d1dd4d, NVIDIA A100-SXM4-80GB, 73087, 81920, 0, 94.86, 31
nid008352,2026/05/03 23:39:50.538, 3, GPU-689a6e7c-a622-65fb-9f4d-887ba745f660, NVIDIA A100-SXM4-80GB, 73087, 81920, 0, 92.71, 30
nid008349,2026/05/03 23:39:53.524, 0, GPU-ae1f7b10-d1d8-51cf-b45d-1bd138261533, NVIDIA A100-SXM4-80GB, 34769, 81920, 0, 77.52, 30
nid008349,2026/05/03 23:39:53.526, 1, GPU-3ee15680-aa06-d217-b636-d2f47b6d9c4b, NVIDIA A100-SXM4-80GB, 34769, 81920, 0, 77.28, 28
nid008349,2026/05/03 23:39:53.528, 2, GPU-d442761e-aa01-dc19-4933-441ddf340c0f, NVIDIA A100-SXM4-80GB, 72001, 81920, 0, 77.01, 29
nid008349,2026/05/03 23:39:53.529, 3, GPU-e9b789ef-d802-47c8-e889-2432e34ac6a1, NVIDIA A100-SXM4-80GB, 72493, 81920, 0, 76.29, 28
nid008352,2026/05/03 23:39:54.490, 0, GPU-c8e590fe-c1df-fb38-7bf3-9ed4364cf576, NVIDIA A100-SXM4-80GB, 72467, 81920, 0, 82.57, 31
nid008352,2026/05/03 23:39:54.493, 1, GPU-5efb5c1d-1cd8-daca-bd51-2f30d62f6e1e, NVIDIA A100-SXM4-80GB, 72467, 81920, 0, 81.81, 28
nid008352,2026/05/03 23:39:54.494, 2, GPU-1d24ec01-d8bb-a3cf-73c2-7d6014d1dd4d, NVIDIA A100-SXM4-80GB, 73087, 81920, 0, 94.97, 31
nid008352,2026/05/03 23:39:54.496, 3, GPU-689a6e7c-a622-65fb-9f4d-887ba745f660, NVIDIA A100-SXM4-80GB, 73087, 81920, 0, 92.71, 30
nid008349,2026/05/03 23:39:57.509, 0, GPU-ae1f7b10-d1d8-51cf-b45d-1bd138261533, NVIDIA A100-SXM4-80GB, 35209, 81920, 0, 77.80, 30
nid008349,2026/05/03 23:39:57.511, 1, GPU-3ee15680-aa06-d217-b636-d2f47b6d9c4b, NVIDIA A100-SXM4-80GB, 35209, 81920, 0, 77.37, 29
nid008349,2026/05/03 23:39:57.513, 2, GPU-d442761e-aa01-dc19-4933-441ddf340c0f, NVIDIA A100-SXM4-80GB, 72001, 81920, 0, 77.01, 29
nid008349,2026/05/03 23:39:57.514, 3, GPU-e9b789ef-d802-47c8-e889-2432e34ac6a1, NVIDIA A100-SXM4-80GB, 72493, 81920, 0, 76.29, 28
nid008352,2026/05/03 23:39:58.465, 0, GPU-c8e590fe-c1df-fb38-7bf3-9ed4364cf576, NVIDIA A100-SXM4-80GB, 72467, 81920, 0, 82.28, 31
nid008352,2026/05/03 23:39:58.467, 1, GPU-5efb5c1d-1cd8-daca-bd51-2f30d62f6e1e, NVIDIA A100-SXM4-80GB, 72467, 81920, 0, 81.81, 28
nid008352,2026/05/03 23:39:58.469, 2, GPU-1d24ec01-d8bb-a3cf-73c2-7d6014d1dd4d, NVIDIA A100-SXM4-80GB, 73087, 81920, 0, 94.86, 31
nid008352,2026/05/03 23:39:58.471, 3, GPU-689a6e7c-a622-65fb-9f4d-887ba745f660, NVIDIA A100-SXM4-80GB, 73087, 81920, 0, 92.71, 30
nid008349,2026/05/03 23:40:01.445, 0, GPU-ae1f7b10-d1d8-51cf-b45d-1bd138261533, NVIDIA A100-SXM4-80GB, 35209, 81920, 0, 77.80, 30
nid008349,2026/05/03 23:40:01.448, 1, GPU-3ee15680-aa06-d217-b636-d2f47b6d9c4b, NVIDIA A100-SXM4-80GB, 35209, 81920, 0, 77.37, 28
nid008349,2026/05/03 23:40:01.449, 2, GPU-d442761e-aa01-dc19-4933-441ddf340c0f, NVIDIA A100-SXM4-80GB, 72001, 81920, 0, 77.01, 29
nid008349,2026/05/03 23:40:01.451, 3, GPU-e9b789ef-d802-47c8-e889-2432e34ac6a1, NVIDIA A100-SXM4-80GB, 72493, 81920, 0, 76.29, 28
nid008352,2026/05/03 23:40:02.414, 0, GPU-c8e590fe-c1df-fb38-7bf3-9ed4364cf576, NVIDIA A100-SXM4-80GB, 72467, 81920, 0, 82.57, 31
nid008352,2026/05/03 23:40:02.416, 1, GPU-5efb5c1d-1cd8-daca-bd51-2f30d62f6e1e, NVIDIA A100-SXM4-80GB, 72467, 81920, 0, 81.81, 28
nid008352,2026/05/03 23:40:02.418, 2, GPU-1d24ec01-d8bb-a3cf-73c2-7d6014d1dd4d, NVIDIA A100-SXM4-80GB, 73087, 81920, 0, 94.86, 31
nid008352,2026/05/03 23:40:02.422, 3, GPU-689a6e7c-a622-65fb-9f4d-887ba745f660, NVIDIA A100-SXM4-80GB, 73087, 81920, 0, 92.71, 30
nid008349,2026/05/03 23:40:05.431, 0, GPU-ae1f7b10-d1d8-51cf-b45d-1bd138261533, NVIDIA A100-SXM4-80GB, 35209, 81920, 0, 77.52, 30
nid008349,2026/05/03 23:40:05.433, 1, GPU-3ee15680-aa06-d217-b636-d2f47b6d9c4b, NVIDIA A100-SXM4-80GB, 35209, 81920, 0, 77.28, 28
nid008349,2026/05/03 23:40:05.435, 2, GPU-d442761e-aa01-dc19-4933-441ddf340c0f, NVIDIA A100-SXM4-80GB, 72829, 81920, 0, 87.32, 31
nid008349,2026/05/03 23:40:05.436, 3, GPU-e9b789ef-d802-47c8-e889-2432e34ac6a1, NVIDIA A100-SXM4-80GB, 73015, 81920, 0, 89.00, 30
nid008352,2026/05/03 23:40:06.420, 0, GPU-c8e590fe-c1df-fb38-7bf3-9ed4364cf576, NVIDIA A100-SXM4-80GB, 72467, 81920, 0, 82.57, 31
nid008352,2026/05/03 23:40:06.422, 1, GPU-5efb5c1d-1cd8-daca-bd51-2f30d62f6e1e, NVIDIA A100-SXM4-80GB, 72467, 81920, 0, 81.81, 28
nid008352,2026/05/03 23:40:06.424, 2, GPU-1d24ec01-d8bb-a3cf-73c2-7d6014d1dd4d, NVIDIA A100-SXM4-80GB, 73087, 81920, 0, 94.86, 31
nid008352,2026/05/03 23:40:06.425, 3, GPU-689a6e7c-a622-65fb-9f4d-887ba745f660, NVIDIA A100-SXM4-80GB, 73087, 81920, 0, 92.71, 30
nid008349,2026/05/03 23:40:09.389, 0, GPU-ae1f7b10-d1d8-51cf-b45d-1bd138261533, NVIDIA A100-SXM4-80GB, 35209, 81920, 0, 77.52, 30
nid008349,2026/05/03 23:40:09.391, 1, GPU-3ee15680-aa06-d217-b636-d2f47b6d9c4b, NVIDIA A100-SXM4-80GB, 35209, 81920, 0, 77.37, 28
nid008349,2026/05/03 23:40:09.393, 2, GPU-d442761e-aa01-dc19-4933-441ddf340c0f, NVIDIA A100-SXM4-80GB, 72829, 81920, 0, 77.24, 29
nid008349,2026/05/03 23:40:09.394, 3, GPU-e9b789ef-d802-47c8-e889-2432e34ac6a1, NVIDIA A100-SXM4-80GB, 73015, 81920, 0, 76.57, 28
nid008352,2026/05/03 23:40:10.335, 0, GPU-c8e590fe-c1df-fb38-7bf3-9ed4364cf576, NVIDIA A100-SXM4-80GB, 72467, 81920, 0, 82.47, 31
nid008352,2026/05/03 23:40:10.342, 1, GPU-5efb5c1d-1cd8-daca-bd51-2f30d62f6e1e, NVIDIA A100-SXM4-80GB, 72467, 81920, 0, 81.81, 28
nid008352,2026/05/03 23:40:10.346, 2, GPU-1d24ec01-d8bb-a3cf-73c2-7d6014d1dd4d, NVIDIA A100-SXM4-80GB, 73087, 81920, 0, 94.86, 31
nid008352,2026/05/03 23:40:10.352, 3, GPU-689a6e7c-a622-65fb-9f4d-887ba745f660, NVIDIA A100-SXM4-80GB, 73087, 81920, 0, 92.71, 30
nid008349,2026/05/03 23:40:13.352, 0, GPU-ae1f7b10-d1d8-51cf-b45d-1bd138261533, NVIDIA A100-SXM4-80GB, 35209, 81920, 0, 77.61, 30
nid008349,2026/05/03 23:40:13.354, 1, GPU-3ee15680-aa06-d217-b636-d2f47b6d9c4b, NVIDIA A100-SXM4-80GB, 35209, 81920, 0, 77.37, 28
nid008349,2026/05/03 23:40:13.356, 2, GPU-d442761e-aa01-dc19-4933-441ddf340c0f, NVIDIA A100-SXM4-80GB, 72829, 81920, 0, 77.33, 29
nid008349,2026/05/03 23:40:13.357, 3, GPU-e9b789ef-d802-47c8-e889-2432e34ac6a1, NVIDIA A100-SXM4-80GB, 73015, 81920, 0, 76.29, 28
nid008352,2026/05/03 23:40:14.388, 0, GPU-c8e590fe-c1df-fb38-7bf3-9ed4364cf576, NVIDIA A100-SXM4-80GB, 72467, 81920, 0, 82.47, 31
nid008352,2026/05/03 23:40:14.390, 1, GPU-5efb5c1d-1cd8-daca-bd51-2f30d62f6e1e, NVIDIA A100-SXM4-80GB, 72467, 81920, 0, 81.91, 28
nid008352,2026/05/03 23:40:14.392, 2, GPU-1d24ec01-d8bb-a3cf-73c2-7d6014d1dd4d, NVIDIA A100-SXM4-80GB, 73087, 81920, 0, 94.97, 31
nid008352,2026/05/03 23:40:14.393, 3, GPU-689a6e7c-a622-65fb-9f4d-887ba745f660, NVIDIA A100-SXM4-80GB, 73087, 81920, 0, 92.99, 30
nid008349,2026/05/03 23:40:17.353, 0, GPU-ae1f7b10-d1d8-51cf-b45d-1bd138261533, NVIDIA A100-SXM4-80GB, 35209, 81920, 0, 77.61, 30
nid008349,2026/05/03 23:40:17.355, 1, GPU-3ee15680-aa06-d217-b636-d2f47b6d9c4b, NVIDIA A100-SXM4-80GB, 35209, 81920, 0, 77.37, 28
nid008349,2026/05/03 23:40:17.357, 2, GPU-d442761e-aa01-dc19-4933-441ddf340c0f, NVIDIA A100-SXM4-80GB, 72829, 81920, 0, 77.10, 29
nid008349,2026/05/03 23:40:17.358, 3, GPU-e9b789ef-d802-47c8-e889-2432e34ac6a1, NVIDIA A100-SXM4-80GB, 73015, 81920, 0, 76.38, 28
nid008352,2026/05/03 23:40:18.349, 0, GPU-c8e590fe-c1df-fb38-7bf3-9ed4364cf576, NVIDIA A100-SXM4-80GB, 72467, 81920, 0, 82.47, 31
nid008352,2026/05/03 23:40:18.362, 1, GPU-5efb5c1d-1cd8-daca-bd51-2f30d62f6e1e, NVIDIA A100-SXM4-80GB, 72467, 81920, 0, 81.81, 28
nid008352,2026/05/03 23:40:18.367, 2, GPU-1d24ec01-d8bb-a3cf-73c2-7d6014d1dd4d, NVIDIA A100-SXM4-80GB, 73087, 81920, 0, 95.14, 31
nid008352,2026/05/03 23:40:18.371, 3, GPU-689a6e7c-a622-65fb-9f4d-887ba745f660, NVIDIA A100-SXM4-80GB, 73087, 81920, 0, 92.60, 30
nid008349,2026/05/03 23:40:21.355, 0, GPU-ae1f7b10-d1d8-51cf-b45d-1bd138261533, NVIDIA A100-SXM4-80GB, 35209, 81920, 0, 77.71, 30
nid008349,2026/05/03 23:40:21.357, 1, GPU-3ee15680-aa06-d217-b636-d2f47b6d9c4b, NVIDIA A100-SXM4-80GB, 35209, 81920, 0, 77.19, 28
nid008349,2026/05/03 23:40:21.359, 2, GPU-d442761e-aa01-dc19-4933-441ddf340c0f, NVIDIA A100-SXM4-80GB, 72829, 81920, 0, 77.15, 29
nid008349,2026/05/03 23:40:21.360, 3, GPU-e9b789ef-d802-47c8-e889-2432e34ac6a1, NVIDIA A100-SXM4-80GB, 73015, 81920, 0, 76.29, 28
nid008352,2026/05/03 23:40:22.326, 0, GPU-c8e590fe-c1df-fb38-7bf3-9ed4364cf576, NVIDIA A100-SXM4-80GB, 72771, 81920, 100, 220.22, 37
nid008352,2026/05/03 23:40:22.329, 1, GPU-5efb5c1d-1cd8-daca-bd51-2f30d62f6e1e, NVIDIA A100-SXM4-80GB, 72771, 81920, 100, 172.14, 34
nid008352,2026/05/03 23:40:22.330, 2, GPU-1d24ec01-d8bb-a3cf-73c2-7d6014d1dd4d, NVIDIA A100-SXM4-80GB, 73391, 81920, 100, 205.73, 38
nid008352,2026/05/03 23:40:22.333, 3, GPU-689a6e7c-a622-65fb-9f4d-887ba745f660, NVIDIA A100-SXM4-80GB, 73391, 81920, 100, 202.57, 36
nid008349,2026/05/03 23:40:25.328, 0, GPU-ae1f7b10-d1d8-51cf-b45d-1bd138261533, NVIDIA A100-SXM4-80GB, 35209, 81920, 0, 77.52, 30
nid008349,2026/05/03 23:40:25.330, 1, GPU-3ee15680-aa06-d217-b636-d2f47b6d9c4b, NVIDIA A100-SXM4-80GB, 35209, 81920, 0, 77.19, 28
nid008349,2026/05/03 23:40:25.332, 2, GPU-d442761e-aa01-dc19-4933-441ddf340c0f, NVIDIA A100-SXM4-80GB, 73359, 81920, 0, 87.61, 31
nid008349,2026/05/03 23:40:25.333, 3, GPU-e9b789ef-d802-47c8-e889-2432e34ac6a1, NVIDIA A100-SXM4-80GB, 73015, 81920, 0, 88.89, 30
nid008352,2026/05/03 23:40:26.329, 0, GPU-c8e590fe-c1df-fb38-7bf3-9ed4364cf576, NVIDIA A100-SXM4-80GB, 72771, 81920, 0, 82.47, 32
nid008352,2026/05/03 23:40:26.332, 1, GPU-5efb5c1d-1cd8-daca-bd51-2f30d62f6e1e, NVIDIA A100-SXM4-80GB, 72771, 81920, 0, 81.72, 29
nid008352,2026/05/03 23:40:26.334, 2, GPU-1d24ec01-d8bb-a3cf-73c2-7d6014d1dd4d, NVIDIA A100-SXM4-80GB, 73391, 81920, 0, 95.56, 32
nid008352,2026/05/03 23:40:26.335, 3, GPU-689a6e7c-a622-65fb-9f4d-887ba745f660, NVIDIA A100-SXM4-80GB, 73391, 81920, 0, 92.88, 30
nid008349,2026/05/03 23:40:29.322, 0, GPU-ae1f7b10-d1d8-51cf-b45d-1bd138261533, NVIDIA A100-SXM4-80GB, 35209, 81920, 0, 77.71, 30
nid008349,2026/05/03 23:40:29.325, 1, GPU-3ee15680-aa06-d217-b636-d2f47b6d9c4b, NVIDIA A100-SXM4-80GB, 35209, 81920, 0, 77.19, 28
nid008349,2026/05/03 23:40:29.326, 2, GPU-d442761e-aa01-dc19-4933-441ddf340c0f, NVIDIA A100-SXM4-80GB, 73359, 81920, 0, 77.43, 29
nid008349,2026/05/03 23:40:29.328, 3, GPU-e9b789ef-d802-47c8-e889-2432e34ac6a1, NVIDIA A100-SXM4-80GB, 73015, 81920, 0, 76.48, 28
nid008352,2026/05/03 23:40:30.318, 0, GPU-c8e590fe-c1df-fb38-7bf3-9ed4364cf576, NVIDIA A100-SXM4-80GB, 72771, 81920, 100, 136.44, 34
nid008352,2026/05/03 23:40:30.321, 1, GPU-5efb5c1d-1cd8-daca-bd51-2f30d62f6e1e, NVIDIA A100-SXM4-80GB, 72771, 81920, 57, 168.36, 32
nid008352,2026/05/03 23:40:30.322, 2, GPU-1d24ec01-d8bb-a3cf-73c2-7d6014d1dd4d, NVIDIA A100-SXM4-80GB, 73391, 81920, 50, 229.38, 35
nid008352,2026/05/03 23:40:30.328, 3, GPU-689a6e7c-a622-65fb-9f4d-887ba745f660, NVIDIA A100-SXM4-80GB, 73391, 81920, 27, 185.97, 32
nid008349,2026/05/03 23:40:33.313, 0, GPU-ae1f7b10-d1d8-51cf-b45d-1bd138261533, NVIDIA A100-SXM4-80GB, 35209, 81920, 0, 77.52, 30
nid008349,2026/05/03 23:40:33.315, 1, GPU-3ee15680-aa06-d217-b636-d2f47b6d9c4b, NVIDIA A100-SXM4-80GB, 35209, 81920, 0, 77.19, 28
nid008349,2026/05/03 23:40:33.317, 2, GPU-d442761e-aa01-dc19-4933-441ddf340c0f, NVIDIA A100-SXM4-80GB, 73359, 81920, 0, 77.24, 29
nid008349,2026/05/03 23:40:33.319, 3, GPU-e9b789ef-d802-47c8-e889-2432e34ac6a1, NVIDIA A100-SXM4-80GB, 73015, 81920, 0, 76.20, 28
nid008352,2026/05/03 23:40:34.263, 0, GPU-c8e590fe-c1df-fb38-7bf3-9ed4364cf576, NVIDIA A100-SXM4-80GB, 72771, 81920, 0, 113.11, 34
nid008352,2026/05/03 23:40:34.265, 1, GPU-5efb5c1d-1cd8-daca-bd51-2f30d62f6e1e, NVIDIA A100-SXM4-80GB, 72771, 81920, 0, 114.17, 31
nid008352,2026/05/03 23:40:34.266, 2, GPU-1d24ec01-d8bb-a3cf-73c2-7d6014d1dd4d, NVIDIA A100-SXM4-80GB, 73391, 81920, 0, 115.24, 35
nid008352,2026/05/03 23:40:34.268, 3, GPU-689a6e7c-a622-65fb-9f4d-887ba745f660, NVIDIA A100-SXM4-80GB, 73391, 81920, 0, 112.85, 32
nid008349,2026/05/03 23:40:37.263, 0, GPU-ae1f7b10-d1d8-51cf-b45d-1bd138261533, NVIDIA A100-SXM4-80GB, 35209, 81920, 0, 77.71, 30
nid008349,2026/05/03 23:40:37.265, 1, GPU-3ee15680-aa06-d217-b636-d2f47b6d9c4b, NVIDIA A100-SXM4-80GB, 35209, 81920, 0, 77.28, 28
nid008349,2026/05/03 23:40:37.267, 2, GPU-d442761e-aa01-dc19-4933-441ddf340c0f, NVIDIA A100-SXM4-80GB, 73359, 81920, 0, 89.35, 31
nid008349,2026/05/03 23:40:37.268, 3, GPU-e9b789ef-d802-47c8-e889-2432e34ac6a1, NVIDIA A100-SXM4-80GB, 73015, 81920, 0, 89.00, 29
nid008352,2026/05/03 23:40:38.271, 0, GPU-c8e590fe-c1df-fb38-7bf3-9ed4364cf576, NVIDIA A100-SXM4-80GB, 72771, 81920, 0, 82.38, 32
nid008352,2026/05/03 23:40:38.273, 1, GPU-5efb5c1d-1cd8-daca-bd51-2f30d62f6e1e, NVIDIA A100-SXM4-80GB, 72771, 81920, 0, 81.72, 29
nid008352,2026/05/03 23:40:38.275, 2, GPU-1d24ec01-d8bb-a3cf-73c2-7d6014d1dd4d, NVIDIA A100-SXM4-80GB, 73391, 81920, 0, 95.56, 32
nid008352,2026/05/03 23:40:38.277, 3, GPU-689a6e7c-a622-65fb-9f4d-887ba745f660, NVIDIA A100-SXM4-80GB, 73391, 81920, 0, 92.88, 30
nid008349,2026/05/03 23:40:41.276, 0, GPU-ae1f7b10-d1d8-51cf-b45d-1bd138261533, NVIDIA A100-SXM4-80GB, 35209, 81920, 0, 77.43, 30
nid008349,2026/05/03 23:40:41.278, 1, GPU-3ee15680-aa06-d217-b636-d2f47b6d9c4b, NVIDIA A100-SXM4-80GB, 35209, 81920, 0, 77.19, 28
nid008349,2026/05/03 23:40:41.280, 2, GPU-d442761e-aa01-dc19-4933-441ddf340c0f, NVIDIA A100-SXM4-80GB, 73359, 81920, 0, 77.15, 29
nid008349,2026/05/03 23:40:41.281, 3, GPU-e9b789ef-d802-47c8-e889-2432e34ac6a1, NVIDIA A100-SXM4-80GB, 73015, 81920, 0, 76.20, 28
nid008352,2026/05/03 23:40:42.273, 0, GPU-c8e590fe-c1df-fb38-7bf3-9ed4364cf576, NVIDIA A100-SXM4-80GB, 72771, 81920, 100, 220.22, 36
nid008352,2026/05/03 23:40:42.276, 1, GPU-5efb5c1d-1cd8-daca-bd51-2f30d62f6e1e, NVIDIA A100-SXM4-80GB, 72771, 81920, 100, 190.64, 34
nid008352,2026/05/03 23:40:42.278, 2, GPU-1d24ec01-d8bb-a3cf-73c2-7d6014d1dd4d, NVIDIA A100-SXM4-80GB, 73391, 81920, 100, 248.06, 37
nid008352,2026/05/03 23:40:42.280, 3, GPU-689a6e7c-a622-65fb-9f4d-887ba745f660, NVIDIA A100-SXM4-80GB, 73391, 81920, 100, 246.29, 35
nid008349,2026/05/03 23:40:45.283, 0, GPU-ae1f7b10-d1d8-51cf-b45d-1bd138261533, NVIDIA A100-SXM4-80GB, 35351, 81920, 0, 90.20, 31
nid008349,2026/05/03 23:40:45.286, 1, GPU-3ee15680-aa06-d217-b636-d2f47b6d9c4b, NVIDIA A100-SXM4-80GB, 35351, 81920, 12, 89.39, 30
nid008349,2026/05/03 23:40:45.287, 2, GPU-d442761e-aa01-dc19-4933-441ddf340c0f, NVIDIA A100-SXM4-80GB, 73359, 81920, 0, 77.15, 29
nid008349,2026/05/03 23:40:45.289, 3, GPU-e9b789ef-d802-47c8-e889-2432e34ac6a1, NVIDIA A100-SXM4-80GB, 73015, 81920, 0, 76.20, 28
nid008352,2026/05/03 23:40:46.287, 0, GPU-c8e590fe-c1df-fb38-7bf3-9ed4364cf576, NVIDIA A100-SXM4-80GB, 72771, 81920, 0, 82.89, 33
nid008352,2026/05/03 23:40:46.290, 1, GPU-5efb5c1d-1cd8-daca-bd51-2f30d62f6e1e, NVIDIA A100-SXM4-80GB, 72771, 81920, 0, 88.57, 30
nid008352,2026/05/03 23:40:46.291, 2, GPU-1d24ec01-d8bb-a3cf-73c2-7d6014d1dd4d, NVIDIA A100-SXM4-80GB, 73391, 81920, 0, 101.10, 34
nid008352,2026/05/03 23:40:46.293, 3, GPU-689a6e7c-a622-65fb-9f4d-887ba745f660, NVIDIA A100-SXM4-80GB, 73391, 81920, 0, 93.41, 31
nid008349,2026/05/03 23:40:49.293, 0, GPU-ae1f7b10-d1d8-51cf-b45d-1bd138261533, NVIDIA A100-SXM4-80GB, 35351, 81920, 0, 77.52, 30
nid008349,2026/05/03 23:40:49.295, 1, GPU-3ee15680-aa06-d217-b636-d2f47b6d9c4b, NVIDIA A100-SXM4-80GB, 35351, 81920, 0, 77.19, 28
nid008349,2026/05/03 23:40:49.297, 2, GPU-d442761e-aa01-dc19-4933-441ddf340c0f, NVIDIA A100-SXM4-80GB, 73359, 81920, 0, 77.82, 30
nid008349,2026/05/03 23:40:49.303, 3, GPU-e9b789ef-d802-47c8-e889-2432e34ac6a1, NVIDIA A100-SXM4-80GB, 73015, 81920, 0, 76.57, 29
nid008352,2026/05/03 23:40:50.266, 0, GPU-c8e590fe-c1df-fb38-7bf3-9ed4364cf576, NVIDIA A100-SXM4-80GB, 72771, 81920, 0, 82.38, 31
nid008352,2026/05/03 23:40:50.268, 1, GPU-5efb5c1d-1cd8-daca-bd51-2f30d62f6e1e, NVIDIA A100-SXM4-80GB, 72771, 81920, 0, 81.72, 29
nid008352,2026/05/03 23:40:50.270, 2, GPU-1d24ec01-d8bb-a3cf-73c2-7d6014d1dd4d, NVIDIA A100-SXM4-80GB, 73391, 81920, 0, 95.56, 32
nid008352,2026/05/03 23:40:50.272, 3, GPU-689a6e7c-a622-65fb-9f4d-887ba745f660, NVIDIA A100-SXM4-80GB, 73391, 81920, 0, 92.88, 30
nid008349,2026/05/03 23:40:53.260, 0, GPU-ae1f7b10-d1d8-51cf-b45d-1bd138261533, NVIDIA A100-SXM4-80GB, 35351, 81920, 0, 77.43, 30
nid008349,2026/05/03 23:40:53.262, 1, GPU-3ee15680-aa06-d217-b636-d2f47b6d9c4b, NVIDIA A100-SXM4-80GB, 35351, 81920, 0, 77.19, 28
nid008349,2026/05/03 23:40:53.264, 2, GPU-d442761e-aa01-dc19-4933-441ddf340c0f, NVIDIA A100-SXM4-80GB, 73359, 81920, 0, 77.24, 29
nid008349,2026/05/03 23:40:53.265, 3, GPU-e9b789ef-d802-47c8-e889-2432e34ac6a1, NVIDIA A100-SXM4-80GB, 73015, 81920, 0, 76.20, 28
nid008352,2026/05/03 23:40:54.217, 0, GPU-c8e590fe-c1df-fb38-7bf3-9ed4364cf576, NVIDIA A100-SXM4-80GB, 72771, 81920, 100, 250.94, 36
nid008352,2026/05/03 23:40:54.219, 1, GPU-5efb5c1d-1cd8-daca-bd51-2f30d62f6e1e, NVIDIA A100-SXM4-80GB, 72771, 81920, 100, 196.94, 34
nid008352,2026/05/03 23:40:54.221, 2, GPU-1d24ec01-d8bb-a3cf-73c2-7d6014d1dd4d, NVIDIA A100-SXM4-80GB, 73391, 81920, 100, 230.42, 37
nid008352,2026/05/03 23:40:54.228, 3, GPU-689a6e7c-a622-65fb-9f4d-887ba745f660, NVIDIA A100-SXM4-80GB, 73391, 81920, 99, 180.74, 36
nid008349,2026/05/03 23:40:57.233, 0, GPU-ae1f7b10-d1d8-51cf-b45d-1bd138261533, NVIDIA A100-SXM4-80GB, 35351, 81920, 0, 310.89, 39
nid008349,2026/05/03 23:40:57.235, 1, GPU-3ee15680-aa06-d217-b636-d2f47b6d9c4b, NVIDIA A100-SXM4-80GB, 35351, 81920, 4, 329.53, 38
nid008349,2026/05/03 23:40:57.237, 2, GPU-d442761e-aa01-dc19-4933-441ddf340c0f, NVIDIA A100-SXM4-80GB, 73359, 81920, 0, 77.16, 29
nid008349,2026/05/03 23:40:57.238, 3, GPU-e9b789ef-d802-47c8-e889-2432e34ac6a1, NVIDIA A100-SXM4-80GB, 73015, 81920, 0, 76.21, 28
nid008352,2026/05/03 23:40:58.198, 0, GPU-c8e590fe-c1df-fb38-7bf3-9ed4364cf576, NVIDIA A100-SXM4-80GB, 72771, 81920, 0, 82.89, 33
nid008352,2026/05/03 23:40:58.201, 1, GPU-5efb5c1d-1cd8-daca-bd51-2f30d62f6e1e, NVIDIA A100-SXM4-80GB, 72771, 81920, 0, 81.95, 30
nid008352,2026/05/03 23:40:58.202, 2, GPU-1d24ec01-d8bb-a3cf-73c2-7d6014d1dd4d, NVIDIA A100-SXM4-80GB, 73391, 81920, 0, 96.08, 33
nid008352,2026/05/03 23:40:58.204, 3, GPU-689a6e7c-a622-65fb-9f4d-887ba745f660, NVIDIA A100-SXM4-80GB, 73391, 81920, 0, 93.41, 31
nid008349,2026/05/03 23:41:01.223, 0, GPU-ae1f7b10-d1d8-51cf-b45d-1bd138261533, NVIDIA A100-SXM4-80GB, 35351, 81920, 0, 77.72, 30
nid008349,2026/05/03 23:41:01.225, 1, GPU-3ee15680-aa06-d217-b636-d2f47b6d9c4b, NVIDIA A100-SXM4-80GB, 35351, 81920, 0, 77.15, 28
nid008349,2026/05/03 23:41:01.227, 2, GPU-d442761e-aa01-dc19-4933-441ddf340c0f, NVIDIA A100-SXM4-80GB, 73467, 81920, 100, 497.22, 48
nid008349,2026/05/03 23:41:01.229, 3, GPU-e9b789ef-d802-47c8-e889-2432e34ac6a1, NVIDIA A100-SXM4-80GB, 73015, 81920, 100, 91.22, 35
nid008352,2026/05/03 23:41:02.205, 0, GPU-c8e590fe-c1df-fb38-7bf3-9ed4364cf576, NVIDIA A100-SXM4-80GB, 72771, 81920, 0, 82.38, 32
nid008352,2026/05/03 23:41:02.207, 1, GPU-5efb5c1d-1cd8-daca-bd51-2f30d62f6e1e, NVIDIA A100-SXM4-80GB, 72771, 81920, 0, 81.72, 29
nid008352,2026/05/03 23:41:02.209, 2, GPU-1d24ec01-d8bb-a3cf-73c2-7d6014d1dd4d, NVIDIA A100-SXM4-80GB, 73391, 81920, 0, 95.56, 32
nid008352,2026/05/03 23:41:02.211, 3, GPU-689a6e7c-a622-65fb-9f4d-887ba745f660, NVIDIA A100-SXM4-80GB, 73391, 81920, 0, 93.05, 30
nid008349,2026/05/03 23:41:05.187, 0, GPU-ae1f7b10-d1d8-51cf-b45d-1bd138261533, NVIDIA A100-SXM4-80GB, 35351, 81920, 0, 77.52, 30
nid008349,2026/05/03 23:41:05.190, 1, GPU-3ee15680-aa06-d217-b636-d2f47b6d9c4b, NVIDIA A100-SXM4-80GB, 35351, 81920, 0, 77.19, 28
nid008349,2026/05/03 23:41:05.192, 2, GPU-d442761e-aa01-dc19-4933-441ddf340c0f, NVIDIA A100-SXM4-80GB, 73467, 81920, 0, 88.26, 33
nid008349,2026/05/03 23:41:05.193, 3, GPU-e9b789ef-d802-47c8-e889-2432e34ac6a1, NVIDIA A100-SXM4-80GB, 73015, 81920, 0, 89.35, 31
nid008352,2026/05/03 23:41:06.168, 0, GPU-c8e590fe-c1df-fb38-7bf3-9ed4364cf576, NVIDIA A100-SXM4-80GB, 72771, 81920, 0, 82.38, 31
nid008352,2026/05/03 23:41:06.170, 1, GPU-5efb5c1d-1cd8-daca-bd51-2f30d62f6e1e, NVIDIA A100-SXM4-80GB, 72771, 81920, 0, 81.72, 29
nid008352,2026/05/03 23:41:06.172, 2, GPU-1d24ec01-d8bb-a3cf-73c2-7d6014d1dd4d, NVIDIA A100-SXM4-80GB, 73391, 81920, 0, 95.31, 31
nid008352,2026/05/03 23:41:06.173, 3, GPU-689a6e7c-a622-65fb-9f4d-887ba745f660, NVIDIA A100-SXM4-80GB, 73391, 81920, 0, 92.88, 30
nid008349,2026/05/03 23:41:09.167, 0, GPU-ae1f7b10-d1d8-51cf-b45d-1bd138261533, NVIDIA A100-SXM4-80GB, 35351, 81920, 0, 77.71, 30
nid008349,2026/05/03 23:41:09.170, 1, GPU-3ee15680-aa06-d217-b636-d2f47b6d9c4b, NVIDIA A100-SXM4-80GB, 35351, 81920, 0, 77.28, 28
nid008349,2026/05/03 23:41:09.171, 2, GPU-d442761e-aa01-dc19-4933-441ddf340c0f, NVIDIA A100-SXM4-80GB, 73467, 81920, 0, 77.72, 30
nid008349,2026/05/03 23:41:09.173, 3, GPU-e9b789ef-d802-47c8-e889-2432e34ac6a1, NVIDIA A100-SXM4-80GB, 73015, 81920, 0, 76.72, 28
nid008352,2026/05/03 23:41:10.141, 0, GPU-c8e590fe-c1df-fb38-7bf3-9ed4364cf576, NVIDIA A100-SXM4-80GB, 72771, 81920, 0, 82.38, 31
nid008352,2026/05/03 23:41:10.144, 1, GPU-5efb5c1d-1cd8-daca-bd51-2f30d62f6e1e, NVIDIA A100-SXM4-80GB, 72771, 81920, 0, 81.72, 28
nid008352,2026/05/03 23:41:10.146, 2, GPU-1d24ec01-d8bb-a3cf-73c2-7d6014d1dd4d, NVIDIA A100-SXM4-80GB, 73391, 81920, 0, 95.31, 31
nid008352,2026/05/03 23:41:10.148, 3, GPU-689a6e7c-a622-65fb-9f4d-887ba745f660, NVIDIA A100-SXM4-80GB, 73391, 81920, 0, 92.88, 30
nid008349,2026/05/03 23:41:13.122, 0, GPU-ae1f7b10-d1d8-51cf-b45d-1bd138261533, NVIDIA A100-SXM4-80GB, 35351, 81920, 0, 77.43, 30
nid008349,2026/05/03 23:41:13.124, 1, GPU-3ee15680-aa06-d217-b636-d2f47b6d9c4b, NVIDIA A100-SXM4-80GB, 35351, 81920, 0, 77.19, 28
nid008349,2026/05/03 23:41:13.126, 2, GPU-d442761e-aa01-dc19-4933-441ddf340c0f, NVIDIA A100-SXM4-80GB, 73467, 81920, 0, 77.43, 29
nid008349,2026/05/03 23:41:13.127, 3, GPU-e9b789ef-d802-47c8-e889-2432e34ac6a1, NVIDIA A100-SXM4-80GB, 73015, 81920, 0, 76.48, 28
nid008352,2026/05/03 23:41:14.106, 0, GPU-c8e590fe-c1df-fb38-7bf3-9ed4364cf576, NVIDIA A100-SXM4-80GB, 72771, 81920, 0, 82.08, 31
nid008352,2026/05/03 23:41:14.109, 1, GPU-5efb5c1d-1cd8-daca-bd51-2f30d62f6e1e, NVIDIA A100-SXM4-80GB, 72771, 81920, 0, 81.62, 28
nid008352,2026/05/03 23:41:14.111, 2, GPU-1d24ec01-d8bb-a3cf-73c2-7d6014d1dd4d, NVIDIA A100-SXM4-80GB, 73391, 81920, 0, 95.20, 31
nid008352,2026/05/03 23:41:14.112, 3, GPU-689a6e7c-a622-65fb-9f4d-887ba745f660, NVIDIA A100-SXM4-80GB, 73391, 81920, 0, 92.77, 30
nid008349,2026/05/03 23:41:17.086, 0, GPU-ae1f7b10-d1d8-51cf-b45d-1bd138261533, NVIDIA A100-SXM4-80GB, 35351, 81920, 0, 77.52, 30
nid008349,2026/05/03 23:41:17.089, 1, GPU-3ee15680-aa06-d217-b636-d2f47b6d9c4b, NVIDIA A100-SXM4-80GB, 35351, 81920, 0, 77.19, 28
nid008349,2026/05/03 23:41:17.090, 2, GPU-d442761e-aa01-dc19-4933-441ddf340c0f, NVIDIA A100-SXM4-80GB, 73467, 81920, 0, 77.43, 29
nid008349,2026/05/03 23:41:17.092, 3, GPU-e9b789ef-d802-47c8-e889-2432e34ac6a1, NVIDIA A100-SXM4-80GB, 73015, 81920, 0, 76.57, 28
nid008352,2026/05/03 23:41:18.075, 0, GPU-c8e590fe-c1df-fb38-7bf3-9ed4364cf576, NVIDIA A100-SXM4-80GB, 72771, 81920, 0, 82.38, 31
nid008352,2026/05/03 23:41:18.077, 1, GPU-5efb5c1d-1cd8-daca-bd51-2f30d62f6e1e, NVIDIA A100-SXM4-80GB, 72771, 81920, 0, 81.72, 28
nid008352,2026/05/03 23:41:18.079, 2, GPU-1d24ec01-d8bb-a3cf-73c2-7d6014d1dd4d, NVIDIA A100-SXM4-80GB, 73391, 81920, 0, 95.31, 31
nid008352,2026/05/03 23:41:18.081, 3, GPU-689a6e7c-a622-65fb-9f4d-887ba745f660, NVIDIA A100-SXM4-80GB, 73391, 81920, 0, 92.88, 30
nid008349,2026/05/03 23:41:21.040, 0, GPU-ae1f7b10-d1d8-51cf-b45d-1bd138261533, NVIDIA A100-SXM4-80GB, 35351, 81920, 0, 77.43, 30
nid008349,2026/05/03 23:41:21.042, 1, GPU-3ee15680-aa06-d217-b636-d2f47b6d9c4b, NVIDIA A100-SXM4-80GB, 35351, 81920, 0, 77.19, 28
nid008349,2026/05/03 23:41:21.044, 2, GPU-d442761e-aa01-dc19-4933-441ddf340c0f, NVIDIA A100-SXM4-80GB, 73467, 81920, 0, 77.15, 29
nid008349,2026/05/03 23:41:21.045, 3, GPU-e9b789ef-d802-47c8-e889-2432e34ac6a1, NVIDIA A100-SXM4-80GB, 73015, 81920, 0, 76.20, 28
nid008352,2026/05/03 23:41:22.089, 0, GPU-c8e590fe-c1df-fb38-7bf3-9ed4364cf576, NVIDIA A100-SXM4-80GB, 72771, 81920, 100, 167.64, 36
nid008352,2026/05/03 23:41:22.092, 1, GPU-5efb5c1d-1cd8-daca-bd51-2f30d62f6e1e, NVIDIA A100-SXM4-80GB, 72771, 81920, 100, 201.21, 34
nid008352,2026/05/03 23:41:22.095, 2, GPU-1d24ec01-d8bb-a3cf-73c2-7d6014d1dd4d, NVIDIA A100-SXM4-80GB, 73391, 81920, 100, 240.42, 37
nid008352,2026/05/03 23:41:22.096, 3, GPU-689a6e7c-a622-65fb-9f4d-887ba745f660, NVIDIA A100-SXM4-80GB, 73391, 81920, 100, 237.59, 36
nid008349,2026/05/03 23:41:25.088, 0, GPU-ae1f7b10-d1d8-51cf-b45d-1bd138261533, NVIDIA A100-SXM4-80GB, 35351, 81920, 0, 77.53, 30
nid008349,2026/05/03 23:41:25.090, 1, GPU-3ee15680-aa06-d217-b636-d2f47b6d9c4b, NVIDIA A100-SXM4-80GB, 35351, 81920, 0, 77.01, 28
nid008349,2026/05/03 23:41:25.092, 2, GPU-d442761e-aa01-dc19-4933-441ddf340c0f, NVIDIA A100-SXM4-80GB, 73467, 81920, 75, 478.58, 41
nid008349,2026/05/03 23:41:25.093, 3, GPU-e9b789ef-d802-47c8-e889-2432e34ac6a1, NVIDIA A100-SXM4-80GB, 73015, 81920, 53, 87.01, 30
nid008352,2026/05/03 23:41:26.125, 0, GPU-c8e590fe-c1df-fb38-7bf3-9ed4364cf576, NVIDIA A100-SXM4-80GB, 72771, 81920, 0, 90.82, 33
nid008352,2026/05/03 23:41:26.127, 1, GPU-5efb5c1d-1cd8-daca-bd51-2f30d62f6e1e, NVIDIA A100-SXM4-80GB, 72771, 81920, 0, 86.48, 30
nid008352,2026/05/03 23:41:26.129, 2, GPU-1d24ec01-d8bb-a3cf-73c2-7d6014d1dd4d, NVIDIA A100-SXM4-80GB, 73391, 81920, 0, 96.08, 33
nid008352,2026/05/03 23:41:26.132, 3, GPU-689a6e7c-a622-65fb-9f4d-887ba745f660, NVIDIA A100-SXM4-80GB, 73391, 81920, 0, 93.41, 31
nid008349,2026/05/03 23:41:29.264, 0, GPU-ae1f7b10-d1d8-51cf-b45d-1bd138261533, NVIDIA A100-SXM4-80GB, 35351, 81920, 0, 77.43, 30
nid008349,2026/05/03 23:41:29.266, 1, GPU-3ee15680-aa06-d217-b636-d2f47b6d9c4b, NVIDIA A100-SXM4-80GB, 35351, 81920, 0, 77.15, 28
nid008349,2026/05/03 23:41:29.268, 2, GPU-d442761e-aa01-dc19-4933-441ddf340c0f, NVIDIA A100-SXM4-80GB, 73467, 81920, 100, 499.58, 52
nid008349,2026/05/03 23:41:29.274, 3, GPU-e9b789ef-d802-47c8-e889-2432e34ac6a1, NVIDIA A100-SXM4-80GB, 73015, 81920, 100, 91.51, 36
nid008352,2026/05/03 23:41:30.241, 0, GPU-c8e590fe-c1df-fb38-7bf3-9ed4364cf576, NVIDIA A100-SXM4-80GB, 72771, 81920, 0, 82.38, 31
nid008352,2026/05/03 23:41:30.244, 1, GPU-5efb5c1d-1cd8-daca-bd51-2f30d62f6e1e, NVIDIA A100-SXM4-80GB, 72771, 81920, 0, 81.72, 29
nid008352,2026/05/03 23:41:30.246, 2, GPU-1d24ec01-d8bb-a3cf-73c2-7d6014d1dd4d, NVIDIA A100-SXM4-80GB, 73391, 81920, 0, 95.31, 32
nid008352,2026/05/03 23:41:30.247, 3, GPU-689a6e7c-a622-65fb-9f4d-887ba745f660, NVIDIA A100-SXM4-80GB, 73391, 81920, 0, 92.77, 30
nid008349,2026/05/03 23:41:33.232, 0, GPU-ae1f7b10-d1d8-51cf-b45d-1bd138261533, NVIDIA A100-SXM4-80GB, 35351, 81920, 0, 77.71, 30
nid008349,2026/05/03 23:41:33.235, 1, GPU-3ee15680-aa06-d217-b636-d2f47b6d9c4b, NVIDIA A100-SXM4-80GB, 35351, 81920, 0, 77.19, 28
nid008349,2026/05/03 23:41:33.236, 2, GPU-d442761e-aa01-dc19-4933-441ddf340c0f, NVIDIA A100-SXM4-80GB, 73467, 81920, 0, 78.48, 32
nid008349,2026/05/03 23:41:33.238, 3, GPU-e9b789ef-d802-47c8-e889-2432e34ac6a1, NVIDIA A100-SXM4-80GB, 73015, 81920, 0, 77.10, 30
nid008352,2026/05/03 23:41:34.247, 0, GPU-c8e590fe-c1df-fb38-7bf3-9ed4364cf576, NVIDIA A100-SXM4-80GB, 72771, 81920, 0, 82.38, 31
nid008352,2026/05/03 23:41:34.250, 1, GPU-5efb5c1d-1cd8-daca-bd51-2f30d62f6e1e, NVIDIA A100-SXM4-80GB, 72771, 81920, 0, 81.72, 29
nid008352,2026/05/03 23:41:34.252, 2, GPU-1d24ec01-d8bb-a3cf-73c2-7d6014d1dd4d, NVIDIA A100-SXM4-80GB, 73391, 81920, 0, 95.31, 32
nid008352,2026/05/03 23:41:34.254, 3, GPU-689a6e7c-a622-65fb-9f4d-887ba745f660, NVIDIA A100-SXM4-80GB, 73391, 81920, 0, 92.60, 30
nid008349,2026/05/03 23:41:37.218, 0, GPU-ae1f7b10-d1d8-51cf-b45d-1bd138261533, NVIDIA A100-SXM4-80GB, 35351, 81920, 0, 77.71, 30
nid008349,2026/05/03 23:41:37.221, 1, GPU-3ee15680-aa06-d217-b636-d2f47b6d9c4b, NVIDIA A100-SXM4-80GB, 35351, 81920, 0, 77.19, 28
nid008349,2026/05/03 23:41:37.222, 2, GPU-d442761e-aa01-dc19-4933-441ddf340c0f, NVIDIA A100-SXM4-80GB, 73467, 81920, 0, 77.72, 30
nid008349,2026/05/03 23:41:37.224, 3, GPU-e9b789ef-d802-47c8-e889-2432e34ac6a1, NVIDIA A100-SXM4-80GB, 73015, 81920, 0, 76.48, 28
nid008352,2026/05/03 23:41:38.212, 0, GPU-c8e590fe-c1df-fb38-7bf3-9ed4364cf576, NVIDIA A100-SXM4-80GB, 72771, 81920, 0, 82.38, 31
nid008352,2026/05/03 23:41:38.215, 1, GPU-5efb5c1d-1cd8-daca-bd51-2f30d62f6e1e, NVIDIA A100-SXM4-80GB, 72771, 81920, 0, 81.72, 29
nid008352,2026/05/03 23:41:38.216, 2, GPU-1d24ec01-d8bb-a3cf-73c2-7d6014d1dd4d, NVIDIA A100-SXM4-80GB, 73391, 81920, 0, 95.31, 31
nid008352,2026/05/03 23:41:38.218, 3, GPU-689a6e7c-a622-65fb-9f4d-887ba745f660, NVIDIA A100-SXM4-80GB, 73391, 81920, 0, 92.88, 30
nid008349,2026/05/03 23:41:41.215, 0, GPU-ae1f7b10-d1d8-51cf-b45d-1bd138261533, NVIDIA A100-SXM4-80GB, 35351, 81920, 0, 77.52, 30
nid008349,2026/05/03 23:41:41.218, 1, GPU-3ee15680-aa06-d217-b636-d2f47b6d9c4b, NVIDIA A100-SXM4-80GB, 35351, 81920, 0, 77.19, 28
nid008349,2026/05/03 23:41:41.219, 2, GPU-d442761e-aa01-dc19-4933-441ddf340c0f, NVIDIA A100-SXM4-80GB, 73467, 81920, 0, 77.43, 30
nid008349,2026/05/03 23:41:41.221, 3, GPU-e9b789ef-d802-47c8-e889-2432e34ac6a1, NVIDIA A100-SXM4-80GB, 73015, 81920, 0, 76.48, 28
nid008352,2026/05/03 23:41:42.243, 0, GPU-c8e590fe-c1df-fb38-7bf3-9ed4364cf576, NVIDIA A100-SXM4-80GB, 72771, 81920, 0, 82.28, 31
nid008352,2026/05/03 23:41:42.245, 1, GPU-5efb5c1d-1cd8-daca-bd51-2f30d62f6e1e, NVIDIA A100-SXM4-80GB, 72771, 81920, 0, 81.72, 29
nid008352,2026/05/03 23:41:42.247, 2, GPU-1d24ec01-d8bb-a3cf-73c2-7d6014d1dd4d, NVIDIA A100-SXM4-80GB, 73391, 81920, 0, 95.31, 31
nid008352,2026/05/03 23:41:42.249, 3, GPU-689a6e7c-a622-65fb-9f4d-887ba745f660, NVIDIA A100-SXM4-80GB, 73391, 81920, 0, 92.49, 30
nid008349,2026/05/03 23:41:45.218, 0, GPU-ae1f7b10-d1d8-51cf-b45d-1bd138261533, NVIDIA A100-SXM4-80GB, 35351, 81920, 0, 77.43, 30
nid008349,2026/05/03 23:41:45.221, 1, GPU-3ee15680-aa06-d217-b636-d2f47b6d9c4b, NVIDIA A100-SXM4-80GB, 35351, 81920, 0, 77.19, 28
nid008349,2026/05/03 23:41:45.222, 2, GPU-d442761e-aa01-dc19-4933-441ddf340c0f, NVIDIA A100-SXM4-80GB, 73467, 81920, 0, 77.53, 29
nid008349,2026/05/03 23:41:45.224, 3, GPU-e9b789ef-d802-47c8-e889-2432e34ac6a1, NVIDIA A100-SXM4-80GB, 73015, 81920, 0, 76.48, 28
nid008352,2026/05/03 23:41:46.222, 0, GPU-c8e590fe-c1df-fb38-7bf3-9ed4364cf576, NVIDIA A100-SXM4-80GB, 72771, 81920, 0, 82.38, 31
nid008352,2026/05/03 23:41:46.225, 1, GPU-5efb5c1d-1cd8-daca-bd51-2f30d62f6e1e, NVIDIA A100-SXM4-80GB, 72771, 81920, 0, 81.72, 28
nid008352,2026/05/03 23:41:46.226, 2, GPU-1d24ec01-d8bb-a3cf-73c2-7d6014d1dd4d, NVIDIA A100-SXM4-80GB, 73391, 81920, 0, 95.20, 31
nid008352,2026/05/03 23:41:46.228, 3, GPU-689a6e7c-a622-65fb-9f4d-887ba745f660, NVIDIA A100-SXM4-80GB, 73391, 81920, 0, 92.77, 30
nid008349,2026/05/03 23:41:49.197, 0, GPU-ae1f7b10-d1d8-51cf-b45d-1bd138261533, NVIDIA A100-SXM4-80GB, 35351, 81920, 0, 77.71, 30
nid008349,2026/05/03 23:41:49.199, 1, GPU-3ee15680-aa06-d217-b636-d2f47b6d9c4b, NVIDIA A100-SXM4-80GB, 35351, 81920, 0, 77.19, 28
nid008349,2026/05/03 23:41:49.201, 2, GPU-d442761e-aa01-dc19-4933-441ddf340c0f, NVIDIA A100-SXM4-80GB, 73467, 81920, 0, 77.43, 29
nid008349,2026/05/03 23:41:49.202, 3, GPU-e9b789ef-d802-47c8-e889-2432e34ac6a1, NVIDIA A100-SXM4-80GB, 73015, 81920, 0, 76.48, 28
nid008352,2026/05/03 23:41:50.209, 0, GPU-c8e590fe-c1df-fb38-7bf3-9ed4364cf576, NVIDIA A100-SXM4-80GB, 72771, 81920, 100, 193.36, 36
nid008352,2026/05/03 23:41:50.212, 1, GPU-5efb5c1d-1cd8-daca-bd51-2f30d62f6e1e, NVIDIA A100-SXM4-80GB, 72771, 81920, 100, 253.75, 34
nid008352,2026/05/03 23:41:50.214, 2, GPU-1d24ec01-d8bb-a3cf-73c2-7d6014d1dd4d, NVIDIA A100-SXM4-80GB, 73391, 81920, 100, 211.82, 37
nid008352,2026/05/03 23:41:50.216, 3, GPU-689a6e7c-a622-65fb-9f4d-887ba745f660, NVIDIA A100-SXM4-80GB, 73391, 81920, 100, 260.98, 36
nid008349,2026/05/03 23:41:53.211, 0, GPU-ae1f7b10-d1d8-51cf-b45d-1bd138261533, NVIDIA A100-SXM4-80GB, 35351, 81920, 0, 77.43, 30
nid008349,2026/05/03 23:41:53.213, 1, GPU-3ee15680-aa06-d217-b636-d2f47b6d9c4b, NVIDIA A100-SXM4-80GB, 35351, 81920, 0, 77.15, 28
nid008349,2026/05/03 23:41:53.219, 2, GPU-d442761e-aa01-dc19-4933-441ddf340c0f, NVIDIA A100-SXM4-80GB, 73467, 81920, 100, 89.03, 35
nid008349,2026/05/03 23:41:53.221, 3, GPU-e9b789ef-d802-47c8-e889-2432e34ac6a1, NVIDIA A100-SXM4-80GB, 73015, 81920, 100, 502.17, 38
nid008352,2026/05/03 23:41:54.199, 0, GPU-c8e590fe-c1df-fb38-7bf3-9ed4364cf576, NVIDIA A100-SXM4-80GB, 72771, 81920, 0, 82.79, 33
nid008352,2026/05/03 23:41:54.202, 1, GPU-5efb5c1d-1cd8-daca-bd51-2f30d62f6e1e, NVIDIA A100-SXM4-80GB, 72771, 81920, 0, 81.86, 30
nid008352,2026/05/03 23:41:54.203, 2, GPU-1d24ec01-d8bb-a3cf-73c2-7d6014d1dd4d, NVIDIA A100-SXM4-80GB, 73391, 81920, 0, 95.96, 33
nid008352,2026/05/03 23:41:54.205, 3, GPU-689a6e7c-a622-65fb-9f4d-887ba745f660, NVIDIA A100-SXM4-80GB, 73391, 81920, 0, 93.30, 31
nid008349,2026/05/03 23:41:57.265, 0, GPU-ae1f7b10-d1d8-51cf-b45d-1bd138261533, NVIDIA A100-SXM4-80GB, 35351, 81920, 0, 77.72, 30
nid008349,2026/05/03 23:41:57.268, 1, GPU-3ee15680-aa06-d217-b636-d2f47b6d9c4b, NVIDIA A100-SXM4-80GB, 35351, 81920, 0, 77.15, 28
nid008349,2026/05/03 23:41:57.269, 2, GPU-d442761e-aa01-dc19-4933-441ddf340c0f, NVIDIA A100-SXM4-80GB, 73467, 81920, 100, 494.57, 46
nid008349,2026/05/03 23:41:57.271, 3, GPU-e9b789ef-d802-47c8-e889-2432e34ac6a1, NVIDIA A100-SXM4-80GB, 73015, 81920, 100, 88.86, 39
nid008352,2026/05/03 23:41:58.281, 0, GPU-c8e590fe-c1df-fb38-7bf3-9ed4364cf576, NVIDIA A100-SXM4-80GB, 72771, 81920, 0, 82.28, 32
nid008352,2026/05/03 23:41:58.284, 1, GPU-5efb5c1d-1cd8-daca-bd51-2f30d62f6e1e, NVIDIA A100-SXM4-80GB, 72771, 81920, 0, 81.72, 29
nid008352,2026/05/03 23:41:58.288, 2, GPU-1d24ec01-d8bb-a3cf-73c2-7d6014d1dd4d, NVIDIA A100-SXM4-80GB, 73391, 81920, 0, 95.31, 32
nid008352,2026/05/03 23:41:58.289, 3, GPU-689a6e7c-a622-65fb-9f4d-887ba745f660, NVIDIA A100-SXM4-80GB, 73391, 81920, 0, 93.05, 30
nid008349,2026/05/03 23:42:01.298, 0, GPU-ae1f7b10-d1d8-51cf-b45d-1bd138261533, NVIDIA A100-SXM4-80GB, 35351, 81920, 0, 77.62, 30
nid008349,2026/05/03 23:42:01.300, 1, GPU-3ee15680-aa06-d217-b636-d2f47b6d9c4b, NVIDIA A100-SXM4-80GB, 35351, 81920, 0, 77.19, 28
nid008349,2026/05/03 23:42:01.302, 2, GPU-d442761e-aa01-dc19-4933-441ddf340c0f, NVIDIA A100-SXM4-80GB, 73467, 81920, 0, 77.34, 32
nid008349,2026/05/03 23:42:01.303, 3, GPU-e9b789ef-d802-47c8-e889-2432e34ac6a1, NVIDIA A100-SXM4-80GB, 73015, 81920, 0, 77.01, 30
nid008352,2026/05/03 23:42:02.335, 0, GPU-c8e590fe-c1df-fb38-7bf3-9ed4364cf576, NVIDIA A100-SXM4-80GB, 72771, 81920, 0, 82.38, 31
nid008352,2026/05/03 23:42:02.338, 1, GPU-5efb5c1d-1cd8-daca-bd51-2f30d62f6e1e, NVIDIA A100-SXM4-80GB, 72771, 81920, 0, 81.86, 29
nid008352,2026/05/03 23:42:02.340, 2, GPU-1d24ec01-d8bb-a3cf-73c2-7d6014d1dd4d, NVIDIA A100-SXM4-80GB, 73391, 81920, 0, 95.20, 32
nid008352,2026/05/03 23:42:02.341, 3, GPU-689a6e7c-a622-65fb-9f4d-887ba745f660, NVIDIA A100-SXM4-80GB, 73391, 81920, 0, 92.77, 30
nid008349,2026/05/03 23:42:05.346, 0, GPU-ae1f7b10-d1d8-51cf-b45d-1bd138261533, NVIDIA A100-SXM4-80GB, 35351, 81920, 0, 77.62, 30
nid008349,2026/05/03 23:42:05.349, 1, GPU-3ee15680-aa06-d217-b636-d2f47b6d9c4b, NVIDIA A100-SXM4-80GB, 35351, 81920, 0, 77.19, 28
nid008349,2026/05/03 23:42:05.350, 2, GPU-d442761e-aa01-dc19-4933-441ddf340c0f, NVIDIA A100-SXM4-80GB, 73467, 81920, 0, 77.63, 30
nid008349,2026/05/03 23:42:05.352, 3, GPU-e9b789ef-d802-47c8-e889-2432e34ac6a1, NVIDIA A100-SXM4-80GB, 73015, 81920, 0, 76.63, 29
nid008352,2026/05/03 23:42:06.358, 0, GPU-c8e590fe-c1df-fb38-7bf3-9ed4364cf576, NVIDIA A100-SXM4-80GB, 72771, 81920, 0, 82.28, 31
nid008352,2026/05/03 23:42:06.360, 1, GPU-5efb5c1d-1cd8-daca-bd51-2f30d62f6e1e, NVIDIA A100-SXM4-80GB, 72771, 81920, 0, 81.72, 29
nid008352,2026/05/03 23:42:06.362, 2, GPU-1d24ec01-d8bb-a3cf-73c2-7d6014d1dd4d, NVIDIA A100-SXM4-80GB, 73391, 81920, 0, 95.20, 31
nid008352,2026/05/03 23:42:06.364, 3, GPU-689a6e7c-a622-65fb-9f4d-887ba745f660, NVIDIA A100-SXM4-80GB, 73391, 81920, 0, 92.66, 30
nid008349,2026/05/03 23:42:09.348, 0, GPU-ae1f7b10-d1d8-51cf-b45d-1bd138261533, NVIDIA A100-SXM4-80GB, 35351, 81920, 0, 77.71, 30
nid008349,2026/05/03 23:42:09.350, 1, GPU-3ee15680-aa06-d217-b636-d2f47b6d9c4b, NVIDIA A100-SXM4-80GB, 35351, 81920, 0, 77.19, 28
nid008349,2026/05/03 23:42:09.352, 2, GPU-d442761e-aa01-dc19-4933-441ddf340c0f, NVIDIA A100-SXM4-80GB, 73467, 81920, 0, 77.43, 30
nid008349,2026/05/03 23:42:09.353, 3, GPU-e9b789ef-d802-47c8-e889-2432e34ac6a1, NVIDIA A100-SXM4-80GB, 73015, 81920, 0, 76.48, 28
nid008352,2026/05/03 23:42:10.325, 0, GPU-c8e590fe-c1df-fb38-7bf3-9ed4364cf576, NVIDIA A100-SXM4-80GB, 72771, 81920, 0, 82.38, 31
nid008352,2026/05/03 23:42:10.328, 1, GPU-5efb5c1d-1cd8-daca-bd51-2f30d62f6e1e, NVIDIA A100-SXM4-80GB, 72771, 81920, 0, 81.62, 29
nid008352,2026/05/03 23:42:10.330, 2, GPU-1d24ec01-d8bb-a3cf-73c2-7d6014d1dd4d, NVIDIA A100-SXM4-80GB, 73391, 81920, 0, 95.20, 31
nid008352,2026/05/03 23:42:10.335, 3, GPU-689a6e7c-a622-65fb-9f4d-887ba745f660, NVIDIA A100-SXM4-80GB, 73391, 81920, 0, 92.77, 30
nid008349,2026/05/03 23:42:13.384, 0, GPU-ae1f7b10-d1d8-51cf-b45d-1bd138261533, NVIDIA A100-SXM4-80GB, 35351, 81920, 0, 77.62, 30
nid008349,2026/05/03 23:42:13.386, 1, GPU-3ee15680-aa06-d217-b636-d2f47b6d9c4b, NVIDIA A100-SXM4-80GB, 35351, 81920, 0, 77.19, 28
nid008349,2026/05/03 23:42:13.388, 2, GPU-d442761e-aa01-dc19-4933-441ddf340c0f, NVIDIA A100-SXM4-80GB, 73467, 81920, 0, 77.43, 29
nid008349,2026/05/03 23:42:13.390, 3, GPU-e9b789ef-d802-47c8-e889-2432e34ac6a1, NVIDIA A100-SXM4-80GB, 73015, 81920, 0, 76.63, 28
nid008352,2026/05/03 23:42:14.421, 0, GPU-c8e590fe-c1df-fb38-7bf3-9ed4364cf576, NVIDIA A100-SXM4-80GB, 72771, 81920, 0, 82.38, 31
nid008352,2026/05/03 23:42:14.424, 1, GPU-5efb5c1d-1cd8-daca-bd51-2f30d62f6e1e, NVIDIA A100-SXM4-80GB, 72771, 81920, 0, 81.72, 29
nid008352,2026/05/03 23:42:14.426, 2, GPU-1d24ec01-d8bb-a3cf-73c2-7d6014d1dd4d, NVIDIA A100-SXM4-80GB, 73391, 81920, 0, 95.31, 31
nid008352,2026/05/03 23:42:14.427, 3, GPU-689a6e7c-a622-65fb-9f4d-887ba745f660, NVIDIA A100-SXM4-80GB, 73391, 81920, 0, 92.77, 30
nid008349,2026/05/03 23:42:17.431, 0, GPU-ae1f7b10-d1d8-51cf-b45d-1bd138261533, NVIDIA A100-SXM4-80GB, 35351, 81920, 0, 77.62, 30
nid008349,2026/05/03 23:42:17.434, 1, GPU-3ee15680-aa06-d217-b636-d2f47b6d9c4b, NVIDIA A100-SXM4-80GB, 35351, 81920, 0, 77.19, 28
nid008349,2026/05/03 23:42:17.435, 2, GPU-d442761e-aa01-dc19-4933-441ddf340c0f, NVIDIA A100-SXM4-80GB, 73467, 81920, 0, 77.43, 29
nid008349,2026/05/03 23:42:17.437, 3, GPU-e9b789ef-d802-47c8-e889-2432e34ac6a1, NVIDIA A100-SXM4-80GB, 73015, 81920, 0, 76.48, 28
nid008352,2026/05/03 23:42:18.464, 0, GPU-c8e590fe-c1df-fb38-7bf3-9ed4364cf576, NVIDIA A100-SXM4-80GB, 72771, 81920, 100, 238.57, 37
nid008352,2026/05/03 23:42:18.467, 1, GPU-5efb5c1d-1cd8-daca-bd51-2f30d62f6e1e, NVIDIA A100-SXM4-80GB, 72771, 81920, 100, 184.04, 34
nid008352,2026/05/03 23:42:18.469, 2, GPU-1d24ec01-d8bb-a3cf-73c2-7d6014d1dd4d, NVIDIA A100-SXM4-80GB, 73391, 81920, 100, 202.09, 38
nid008352,2026/05/03 23:42:18.471, 3, GPU-689a6e7c-a622-65fb-9f4d-887ba745f660, NVIDIA A100-SXM4-80GB, 73391, 81920, 100, 243.40, 36
nid008349,2026/05/03 23:42:21.466, 0, GPU-ae1f7b10-d1d8-51cf-b45d-1bd138261533, NVIDIA A100-SXM4-80GB, 35351, 81920, 0, 77.34, 30
nid008349,2026/05/03 23:42:21.468, 1, GPU-3ee15680-aa06-d217-b636-d2f47b6d9c4b, NVIDIA A100-SXM4-80GB, 35351, 81920, 0, 77.15, 28
nid008349,2026/05/03 23:42:21.470, 2, GPU-d442761e-aa01-dc19-4933-441ddf340c0f, NVIDIA A100-SXM4-80GB, 73467, 81920, 100, 508.07, 49
nid008349,2026/05/03 23:42:21.471, 3, GPU-e9b789ef-d802-47c8-e889-2432e34ac6a1, NVIDIA A100-SXM4-80GB, 73015, 81920, 100, 89.03, 33
nid008352,2026/05/03 23:42:22.445, 0, GPU-c8e590fe-c1df-fb38-7bf3-9ed4364cf576, NVIDIA A100-SXM4-80GB, 72771, 81920, 0, 82.89, 32
nid008352,2026/05/03 23:42:22.448, 1, GPU-5efb5c1d-1cd8-daca-bd51-2f30d62f6e1e, NVIDIA A100-SXM4-80GB, 72771, 81920, 0, 81.86, 29
nid008352,2026/05/03 23:42:22.450, 2, GPU-1d24ec01-d8bb-a3cf-73c2-7d6014d1dd4d, NVIDIA A100-SXM4-80GB, 73391, 81920, 0, 95.73, 33
nid008352,2026/05/03 23:42:22.451, 3, GPU-689a6e7c-a622-65fb-9f4d-887ba745f660, NVIDIA A100-SXM4-80GB, 73391, 81920, 0, 93.05, 31
nid008349,2026/05/03 23:42:25.477, 0, GPU-ae1f7b10-d1d8-51cf-b45d-1bd138261533, NVIDIA A100-SXM4-80GB, 35351, 81920, 0, 77.43, 30
nid008349,2026/05/03 23:42:25.480, 1, GPU-3ee15680-aa06-d217-b636-d2f47b6d9c4b, NVIDIA A100-SXM4-80GB, 35351, 81920, 0, 77.15, 28
nid008349,2026/05/03 23:42:25.481, 2, GPU-d442761e-aa01-dc19-4933-441ddf340c0f, NVIDIA A100-SXM4-80GB, 73467, 81920, 100, 478.81, 49
nid008349,2026/05/03 23:42:25.483, 3, GPU-e9b789ef-d802-47c8-e889-2432e34ac6a1, NVIDIA A100-SXM4-80GB, 73015, 81920, 100, 116.57, 43
nid008352,2026/05/03 23:42:26.465, 0, GPU-c8e590fe-c1df-fb38-7bf3-9ed4364cf576, NVIDIA A100-SXM4-80GB, 72771, 81920, 0, 82.61, 32
nid008352,2026/05/03 23:42:26.467, 1, GPU-5efb5c1d-1cd8-daca-bd51-2f30d62f6e1e, NVIDIA A100-SXM4-80GB, 72771, 81920, 0, 81.86, 29
nid008352,2026/05/03 23:42:26.469, 2, GPU-1d24ec01-d8bb-a3cf-73c2-7d6014d1dd4d, NVIDIA A100-SXM4-80GB, 73391, 81920, 0, 95.44, 32
nid008352,2026/05/03 23:42:26.470, 3, GPU-689a6e7c-a622-65fb-9f4d-887ba745f660, NVIDIA A100-SXM4-80GB, 73391, 81920, 0, 92.77, 30
nid008349,2026/05/03 23:42:29.456, 0, GPU-ae1f7b10-d1d8-51cf-b45d-1bd138261533, NVIDIA A100-SXM4-80GB, 35351, 81920, 0, 77.62, 30
nid008349,2026/05/03 23:42:29.458, 1, GPU-3ee15680-aa06-d217-b636-d2f47b6d9c4b, NVIDIA A100-SXM4-80GB, 35351, 81920, 0, 77.19, 28
nid008349,2026/05/03 23:42:29.460, 2, GPU-d442761e-aa01-dc19-4933-441ddf340c0f, NVIDIA A100-SXM4-80GB, 73467, 81920, 0, 78.24, 31
nid008349,2026/05/03 23:42:29.461, 3, GPU-e9b789ef-d802-47c8-e889-2432e34ac6a1, NVIDIA A100-SXM4-80GB, 73015, 81920, 0, 77.01, 29
nid008352,2026/05/03 23:42:30.418, 0, GPU-c8e590fe-c1df-fb38-7bf3-9ed4364cf576, NVIDIA A100-SXM4-80GB, 72771, 81920, 0, 82.28, 31
nid008352,2026/05/03 23:42:30.421, 1, GPU-5efb5c1d-1cd8-daca-bd51-2f30d62f6e1e, NVIDIA A100-SXM4-80GB, 72771, 81920, 0, 81.72, 29
nid008352,2026/05/03 23:42:30.422, 2, GPU-1d24ec01-d8bb-a3cf-73c2-7d6014d1dd4d, NVIDIA A100-SXM4-80GB, 73391, 81920, 0, 95.31, 32
nid008352,2026/05/03 23:42:30.424, 3, GPU-689a6e7c-a622-65fb-9f4d-887ba745f660, NVIDIA A100-SXM4-80GB, 73391, 81920, 0, 92.77, 30
nid008349,2026/05/03 23:42:33.414, 0, GPU-ae1f7b10-d1d8-51cf-b45d-1bd138261533, NVIDIA A100-SXM4-80GB, 35351, 81920, 0, 77.71, 30
nid008349,2026/05/03 23:42:33.417, 1, GPU-3ee15680-aa06-d217-b636-d2f47b6d9c4b, NVIDIA A100-SXM4-80GB, 35351, 81920, 0, 77.19, 28
nid008349,2026/05/03 23:42:33.422, 2, GPU-d442761e-aa01-dc19-4933-441ddf340c0f, NVIDIA A100-SXM4-80GB, 73467, 81920, 0, 77.82, 30
nid008349,2026/05/03 23:42:33.424, 3, GPU-e9b789ef-d802-47c8-e889-2432e34ac6a1, NVIDIA A100-SXM4-80GB, 73015, 81920, 0, 76.57, 29
nid008352,2026/05/03 23:42:34.377, 0, GPU-c8e590fe-c1df-fb38-7bf3-9ed4364cf576, NVIDIA A100-SXM4-80GB, 72771, 81920, 0, 82.38, 31
nid008352,2026/05/03 23:42:34.380, 1, GPU-5efb5c1d-1cd8-daca-bd51-2f30d62f6e1e, NVIDIA A100-SXM4-80GB, 72771, 81920, 0, 81.62, 29
nid008352,2026/05/03 23:42:34.382, 2, GPU-1d24ec01-d8bb-a3cf-73c2-7d6014d1dd4d, NVIDIA A100-SXM4-80GB, 73391, 81920, 0, 95.20, 32
nid008352,2026/05/03 23:42:34.383, 3, GPU-689a6e7c-a622-65fb-9f4d-887ba745f660, NVIDIA A100-SXM4-80GB, 73391, 81920, 0, 92.77, 30
nid008349,2026/05/03 23:42:37.397, 0, GPU-ae1f7b10-d1d8-51cf-b45d-1bd138261533, NVIDIA A100-SXM4-80GB, 35351, 81920, 0, 77.71, 30
nid008349,2026/05/03 23:42:37.400, 1, GPU-3ee15680-aa06-d217-b636-d2f47b6d9c4b, NVIDIA A100-SXM4-80GB, 35351, 81920, 0, 77.19, 28
nid008349,2026/05/03 23:42:37.401, 2, GPU-d442761e-aa01-dc19-4933-441ddf340c0f, NVIDIA A100-SXM4-80GB, 73467, 81920, 0, 77.43, 30
nid008349,2026/05/03 23:42:37.403, 3, GPU-e9b789ef-d802-47c8-e889-2432e34ac6a1, NVIDIA A100-SXM4-80GB, 73015, 81920, 0, 76.48, 28
nid008352,2026/05/03 23:42:38.352, 0, GPU-c8e590fe-c1df-fb38-7bf3-9ed4364cf576, NVIDIA A100-SXM4-80GB, 72771, 81920, 0, 82.38, 31
nid008352,2026/05/03 23:42:38.357, 1, GPU-5efb5c1d-1cd8-daca-bd51-2f30d62f6e1e, NVIDIA A100-SXM4-80GB, 72771, 81920, 0, 81.62, 29
nid008352,2026/05/03 23:42:38.359, 2, GPU-1d24ec01-d8bb-a3cf-73c2-7d6014d1dd4d, NVIDIA A100-SXM4-80GB, 73391, 81920, 0, 95.20, 31
nid008352,2026/05/03 23:42:38.360, 3, GPU-689a6e7c-a622-65fb-9f4d-887ba745f660, NVIDIA A100-SXM4-80GB, 73391, 81920, 0, 92.77, 30
nid008349,2026/05/03 23:42:41.360, 0, GPU-ae1f7b10-d1d8-51cf-b45d-1bd138261533, NVIDIA A100-SXM4-80GB, 35351, 81920, 0, 77.71, 30
nid008349,2026/05/03 23:42:41.363, 1, GPU-3ee15680-aa06-d217-b636-d2f47b6d9c4b, NVIDIA A100-SXM4-80GB, 35351, 81920, 0, 77.19, 28
nid008349,2026/05/03 23:42:41.364, 2, GPU-d442761e-aa01-dc19-4933-441ddf340c0f, NVIDIA A100-SXM4-80GB, 73467, 81920, 0, 77.34, 29
nid008349,2026/05/03 23:42:41.366, 3, GPU-e9b789ef-d802-47c8-e889-2432e34ac6a1, NVIDIA A100-SXM4-80GB, 73015, 81920, 0, 76.48, 28
nid008352,2026/05/03 23:42:42.330, 0, GPU-c8e590fe-c1df-fb38-7bf3-9ed4364cf576, NVIDIA A100-SXM4-80GB, 72771, 81920, 0, 82.51, 31
nid008352,2026/05/03 23:42:42.333, 1, GPU-5efb5c1d-1cd8-daca-bd51-2f30d62f6e1e, NVIDIA A100-SXM4-80GB, 72771, 81920, 0, 81.72, 29
nid008352,2026/05/03 23:42:42.334, 2, GPU-1d24ec01-d8bb-a3cf-73c2-7d6014d1dd4d, NVIDIA A100-SXM4-80GB, 73391, 81920, 0, 95.31, 31
nid008352,2026/05/03 23:42:42.340, 3, GPU-689a6e7c-a622-65fb-9f4d-887ba745f660, NVIDIA A100-SXM4-80GB, 73391, 81920, 0, 92.66, 30
nid008349,2026/05/03 23:42:45.315, 0, GPU-ae1f7b10-d1d8-51cf-b45d-1bd138261533, NVIDIA A100-SXM4-80GB, 35351, 81920, 0, 77.62, 30
nid008349,2026/05/03 23:42:45.318, 1, GPU-3ee15680-aa06-d217-b636-d2f47b6d9c4b, NVIDIA A100-SXM4-80GB, 35351, 81920, 0, 77.10, 28
nid008349,2026/05/03 23:42:45.324, 2, GPU-d442761e-aa01-dc19-4933-441ddf340c0f, NVIDIA A100-SXM4-80GB, 73467, 81920, 0, 77.43, 29
nid008349,2026/05/03 23:42:45.325, 3, GPU-e9b789ef-d802-47c8-e889-2432e34ac6a1, NVIDIA A100-SXM4-80GB, 73015, 81920, 0, 76.48, 28
nid008352,2026/05/03 23:42:46.288, 0, GPU-c8e590fe-c1df-fb38-7bf3-9ed4364cf576, NVIDIA A100-SXM4-80GB, 72771, 81920, 100, 218.90, 37
nid008352,2026/05/03 23:42:46.290, 1, GPU-5efb5c1d-1cd8-daca-bd51-2f30d62f6e1e, NVIDIA A100-SXM4-80GB, 72771, 81920, 100, 195.95, 35
nid008352,2026/05/03 23:42:46.292, 2, GPU-1d24ec01-d8bb-a3cf-73c2-7d6014d1dd4d, NVIDIA A100-SXM4-80GB, 73391, 81920, 100, 186.87, 38
nid008352,2026/05/03 23:42:46.294, 3, GPU-689a6e7c-a622-65fb-9f4d-887ba745f660, NVIDIA A100-SXM4-80GB, 73391, 81920, 100, 235.22, 36
nid008349,2026/05/03 23:42:49.286, 0, GPU-ae1f7b10-d1d8-51cf-b45d-1bd138261533, NVIDIA A100-SXM4-80GB, 35351, 81920, 0, 77.63, 30
nid008349,2026/05/03 23:42:49.288, 1, GPU-3ee15680-aa06-d217-b636-d2f47b6d9c4b, NVIDIA A100-SXM4-80GB, 35351, 81920, 0, 77.15, 28
nid008349,2026/05/03 23:42:49.290, 2, GPU-d442761e-aa01-dc19-4933-441ddf340c0f, NVIDIA A100-SXM4-80GB, 73467, 81920, 100, 493.01, 47
nid008349,2026/05/03 23:42:49.292, 3, GPU-e9b789ef-d802-47c8-e889-2432e34ac6a1, NVIDIA A100-SXM4-80GB, 73015, 81920, 100, 90.42, 34
nid008352,2026/05/03 23:42:50.226, 0, GPU-c8e590fe-c1df-fb38-7bf3-9ed4364cf576, NVIDIA A100-SXM4-80GB, 72771, 81920, 0, 82.79, 32
nid008352,2026/05/03 23:42:50.228, 1, GPU-5efb5c1d-1cd8-daca-bd51-2f30d62f6e1e, NVIDIA A100-SXM4-80GB, 72771, 81920, 0, 82.24, 29
nid008352,2026/05/03 23:42:50.230, 2, GPU-1d24ec01-d8bb-a3cf-73c2-7d6014d1dd4d, NVIDIA A100-SXM4-80GB, 73391, 81920, 0, 95.73, 33
nid008352,2026/05/03 23:42:50.232, 3, GPU-689a6e7c-a622-65fb-9f4d-887ba745f660, NVIDIA A100-SXM4-80GB, 73391, 81920, 0, 93.16, 31
nid008349,2026/05/03 23:42:53.287, 0, GPU-ae1f7b10-d1d8-51cf-b45d-1bd138261533, NVIDIA A100-SXM4-80GB, 35351, 81920, 0, 77.43, 30
nid008349,2026/05/03 23:42:53.290, 1, GPU-3ee15680-aa06-d217-b636-d2f47b6d9c4b, NVIDIA A100-SXM4-80GB, 35351, 81920, 0, 77.15, 28
nid008349,2026/05/03 23:42:53.292, 2, GPU-d442761e-aa01-dc19-4933-441ddf340c0f, NVIDIA A100-SXM4-80GB, 73467, 81920, 100, 93.76, 38
nid008349,2026/05/03 23:42:53.293, 3, GPU-e9b789ef-d802-47c8-e889-2432e34ac6a1, NVIDIA A100-SXM4-80GB, 73015, 81920, 100, 489.63, 50
nid008352,2026/05/03 23:42:54.273, 0, GPU-c8e590fe-c1df-fb38-7bf3-9ed4364cf576, NVIDIA A100-SXM4-80GB, 72771, 81920, 0, 82.51, 32
nid008352,2026/05/03 23:42:54.276, 1, GPU-5efb5c1d-1cd8-daca-bd51-2f30d62f6e1e, NVIDIA A100-SXM4-80GB, 72771, 81920, 0, 81.72, 29
nid008352,2026/05/03 23:42:54.278, 2, GPU-1d24ec01-d8bb-a3cf-73c2-7d6014d1dd4d, NVIDIA A100-SXM4-80GB, 73391, 81920, 0, 95.44, 32
nid008352,2026/05/03 23:42:54.280, 3, GPU-689a6e7c-a622-65fb-9f4d-887ba745f660, NVIDIA A100-SXM4-80GB, 73391, 81920, 0, 93.05, 30
nid008349,2026/05/03 23:42:57.262, 0, GPU-ae1f7b10-d1d8-51cf-b45d-1bd138261533, NVIDIA A100-SXM4-80GB, 35351, 81920, 0, 77.62, 30
nid008349,2026/05/03 23:42:57.265, 1, GPU-3ee15680-aa06-d217-b636-d2f47b6d9c4b, NVIDIA A100-SXM4-80GB, 35351, 81920, 0, 77.33, 29
nid008349,2026/05/03 23:42:57.266, 2, GPU-d442761e-aa01-dc19-4933-441ddf340c0f, NVIDIA A100-SXM4-80GB, 73467, 81920, 0, 78.15, 32
nid008349,2026/05/03 23:42:57.268, 3, GPU-e9b789ef-d802-47c8-e889-2432e34ac6a1, NVIDIA A100-SXM4-80GB, 73015, 81920, 0, 77.15, 30
nid008352,2026/05/03 23:42:58.289, 0, GPU-c8e590fe-c1df-fb38-7bf3-9ed4364cf576, NVIDIA A100-SXM4-80GB, 72771, 81920, 0, 82.38, 31
nid008352,2026/05/03 23:42:58.292, 1, GPU-5efb5c1d-1cd8-daca-bd51-2f30d62f6e1e, NVIDIA A100-SXM4-80GB, 72771, 81920, 0, 81.86, 29
nid008352,2026/05/03 23:42:58.293, 2, GPU-1d24ec01-d8bb-a3cf-73c2-7d6014d1dd4d, NVIDIA A100-SXM4-80GB, 73391, 81920, 0, 95.31, 32
nid008352,2026/05/03 23:42:58.295, 3, GPU-689a6e7c-a622-65fb-9f4d-887ba745f660, NVIDIA A100-SXM4-80GB, 73391, 81920, 0, 92.77, 30
nid008349,2026/05/03 23:43:01.307, 0, GPU-ae1f7b10-d1d8-51cf-b45d-1bd138261533, NVIDIA A100-SXM4-80GB, 35351, 81920, 0, 77.71, 30
nid008349,2026/05/03 23:43:01.309, 1, GPU-3ee15680-aa06-d217-b636-d2f47b6d9c4b, NVIDIA A100-SXM4-80GB, 35351, 81920, 0, 77.19, 29
nid008349,2026/05/03 23:43:01.311, 2, GPU-d442761e-aa01-dc19-4933-441ddf340c0f, NVIDIA A100-SXM4-80GB, 73467, 81920, 0, 77.63, 30
nid008349,2026/05/03 23:43:01.312, 3, GPU-e9b789ef-d802-47c8-e889-2432e34ac6a1, NVIDIA A100-SXM4-80GB, 73015, 81920, 0, 76.72, 29
nid008352,2026/05/03 23:43:02.359, 0, GPU-c8e590fe-c1df-fb38-7bf3-9ed4364cf576, NVIDIA A100-SXM4-80GB, 72771, 81920, 0, 82.51, 31
nid008352,2026/05/03 23:43:02.365, 1, GPU-5efb5c1d-1cd8-daca-bd51-2f30d62f6e1e, NVIDIA A100-SXM4-80GB, 72771, 81920, 0, 81.72, 29
nid008352,2026/05/03 23:43:02.372, 2, GPU-1d24ec01-d8bb-a3cf-73c2-7d6014d1dd4d, NVIDIA A100-SXM4-80GB, 73391, 81920, 0, 95.31, 32
nid008352,2026/05/03 23:43:02.379, 3, GPU-689a6e7c-a622-65fb-9f4d-887ba745f660, NVIDIA A100-SXM4-80GB, 73391, 81920, 0, 92.77, 30
nid008349,2026/05/03 23:43:05.362, 0, GPU-ae1f7b10-d1d8-51cf-b45d-1bd138261533, NVIDIA A100-SXM4-80GB, 35351, 81920, 0, 77.62, 30
nid008349,2026/05/03 23:43:05.365, 1, GPU-3ee15680-aa06-d217-b636-d2f47b6d9c4b, NVIDIA A100-SXM4-80GB, 35351, 81920, 0, 77.19, 29
nid008349,2026/05/03 23:43:05.366, 2, GPU-d442761e-aa01-dc19-4933-441ddf340c0f, NVIDIA A100-SXM4-80GB, 73467, 81920, 0, 77.63, 30
nid008349,2026/05/03 23:43:05.368, 3, GPU-e9b789ef-d802-47c8-e889-2432e34ac6a1, NVIDIA A100-SXM4-80GB, 73015, 81920, 0, 76.63, 29
nid008352,2026/05/03 23:43:06.322, 0, GPU-c8e590fe-c1df-fb38-7bf3-9ed4364cf576, NVIDIA A100-SXM4-80GB, 72771, 81920, 0, 82.28, 31
nid008352,2026/05/03 23:43:06.324, 1, GPU-5efb5c1d-1cd8-daca-bd51-2f30d62f6e1e, NVIDIA A100-SXM4-80GB, 72771, 81920, 0, 81.86, 29
nid008352,2026/05/03 23:43:06.326, 2, GPU-1d24ec01-d8bb-a3cf-73c2-7d6014d1dd4d, NVIDIA A100-SXM4-80GB, 73391, 81920, 0, 95.44, 32
nid008352,2026/05/03 23:43:06.328, 3, GPU-689a6e7c-a622-65fb-9f4d-887ba745f660, NVIDIA A100-SXM4-80GB, 73391, 81920, 0, 92.77, 30
nid008349,2026/05/03 23:43:09.388, 0, GPU-ae1f7b10-d1d8-51cf-b45d-1bd138261533, NVIDIA A100-SXM4-80GB, 35351, 81920, 0, 77.71, 30
nid008349,2026/05/03 23:43:09.391, 1, GPU-3ee15680-aa06-d217-b636-d2f47b6d9c4b, NVIDIA A100-SXM4-80GB, 35351, 81920, 0, 77.19, 29
nid008349,2026/05/03 23:43:09.392, 2, GPU-d442761e-aa01-dc19-4933-441ddf340c0f, NVIDIA A100-SXM4-80GB, 73467, 81920, 0, 77.43, 30
nid008349,2026/05/03 23:43:09.394, 3, GPU-e9b789ef-d802-47c8-e889-2432e34ac6a1, NVIDIA A100-SXM4-80GB, 73015, 81920, 0, 76.72, 28
nid008352,2026/05/03 23:43:10.391, 0, GPU-c8e590fe-c1df-fb38-7bf3-9ed4364cf576, NVIDIA A100-SXM4-80GB, 72771, 81920, 0, 82.38, 31
nid008352,2026/05/03 23:43:10.393, 1, GPU-5efb5c1d-1cd8-daca-bd51-2f30d62f6e1e, NVIDIA A100-SXM4-80GB, 72771, 81920, 0, 81.95, 29
nid008352,2026/05/03 23:43:10.395, 2, GPU-1d24ec01-d8bb-a3cf-73c2-7d6014d1dd4d, NVIDIA A100-SXM4-80GB, 73391, 81920, 0, 95.31, 32
nid008352,2026/05/03 23:43:10.397, 3, GPU-689a6e7c-a622-65fb-9f4d-887ba745f660, NVIDIA A100-SXM4-80GB, 73391, 81920, 0, 92.77, 30
nid008349,2026/05/03 23:43:13.402, 0, GPU-ae1f7b10-d1d8-51cf-b45d-1bd138261533, NVIDIA A100-SXM4-80GB, 35351, 81920, 0, 77.62, 30
nid008349,2026/05/03 23:43:13.404, 1, GPU-3ee15680-aa06-d217-b636-d2f47b6d9c4b, NVIDIA A100-SXM4-80GB, 35351, 81920, 0, 77.43, 29
nid008349,2026/05/03 23:43:13.406, 2, GPU-d442761e-aa01-dc19-4933-441ddf340c0f, NVIDIA A100-SXM4-80GB, 73467, 81920, 0, 77.72, 30
nid008349,2026/05/03 23:43:13.408, 3, GPU-e9b789ef-d802-47c8-e889-2432e34ac6a1, NVIDIA A100-SXM4-80GB, 73015, 81920, 0, 76.39, 28
nid008352,2026/05/03 23:43:14.401, 0, GPU-c8e590fe-c1df-fb38-7bf3-9ed4364cf576, NVIDIA A100-SXM4-80GB, 72771, 81920, 100, 218.64, 37
nid008352,2026/05/03 23:43:14.404, 1, GPU-5efb5c1d-1cd8-daca-bd51-2f30d62f6e1e, NVIDIA A100-SXM4-80GB, 72771, 81920, 100, 206.75, 35
nid008352,2026/05/03 23:43:14.415, 2, GPU-1d24ec01-d8bb-a3cf-73c2-7d6014d1dd4d, NVIDIA A100-SXM4-80GB, 73391, 81920, 100, 261.67, 39
nid008352,2026/05/03 23:43:14.417, 3, GPU-689a6e7c-a622-65fb-9f4d-887ba745f660, NVIDIA A100-SXM4-80GB, 73391, 81920, 100, 238.11, 37
nid008349,2026/05/03 23:43:17.451, 0, GPU-ae1f7b10-d1d8-51cf-b45d-1bd138261533, NVIDIA A100-SXM4-80GB, 35351, 81920, 0, 77.63, 30
nid008349,2026/05/03 23:43:17.453, 1, GPU-3ee15680-aa06-d217-b636-d2f47b6d9c4b, NVIDIA A100-SXM4-80GB, 35351, 81920, 0, 77.15, 29
nid008349,2026/05/03 23:43:17.455, 2, GPU-d442761e-aa01-dc19-4933-441ddf340c0f, NVIDIA A100-SXM4-80GB, 73467, 81920, 100, 164.35, 43
nid008349,2026/05/03 23:43:17.457, 3, GPU-e9b789ef-d802-47c8-e889-2432e34ac6a1, NVIDIA A100-SXM4-80GB, 73015, 81920, 100, 464.15, 42
nid008352,2026/05/03 23:43:18.399, 0, GPU-c8e590fe-c1df-fb38-7bf3-9ed4364cf576, NVIDIA A100-SXM4-80GB, 72771, 81920, 0, 82.89, 32
nid008352,2026/05/03 23:43:18.402, 1, GPU-5efb5c1d-1cd8-daca-bd51-2f30d62f6e1e, NVIDIA A100-SXM4-80GB, 72771, 81920, 0, 81.86, 29
nid008352,2026/05/03 23:43:18.403, 2, GPU-1d24ec01-d8bb-a3cf-73c2-7d6014d1dd4d, NVIDIA A100-SXM4-80GB, 73391, 81920, 0, 95.73, 33
nid008352,2026/05/03 23:43:18.405, 3, GPU-689a6e7c-a622-65fb-9f4d-887ba745f660, NVIDIA A100-SXM4-80GB, 73391, 81920, 0, 93.05, 31
nid008349,2026/05/03 23:43:21.461, 0, GPU-ae1f7b10-d1d8-51cf-b45d-1bd138261533, NVIDIA A100-SXM4-80GB, 35351, 81920, 0, 77.71, 30
nid008349,2026/05/03 23:43:21.463, 1, GPU-3ee15680-aa06-d217-b636-d2f47b6d9c4b, NVIDIA A100-SXM4-80GB, 35351, 81920, 0, 77.43, 29
nid008349,2026/05/03 23:43:21.465, 2, GPU-d442761e-aa01-dc19-4933-441ddf340c0f, NVIDIA A100-SXM4-80GB, 73467, 81920, 0, 90.82, 37
nid008349,2026/05/03 23:43:21.466, 3, GPU-e9b789ef-d802-47c8-e889-2432e34ac6a1, NVIDIA A100-SXM4-80GB, 73015, 81920, 94, 90.40, 38
nid008352,2026/05/03 23:43:22.414, 0, GPU-c8e590fe-c1df-fb38-7bf3-9ed4364cf576, NVIDIA A100-SXM4-80GB, 72771, 81920, 0, 82.61, 32
nid008352,2026/05/03 23:43:22.417, 1, GPU-5efb5c1d-1cd8-daca-bd51-2f30d62f6e1e, NVIDIA A100-SXM4-80GB, 72771, 81920, 0, 81.81, 29
nid008352,2026/05/03 23:43:22.418, 2, GPU-1d24ec01-d8bb-a3cf-73c2-7d6014d1dd4d, NVIDIA A100-SXM4-80GB, 73391, 81920, 0, 95.56, 32
nid008352,2026/05/03 23:43:22.420, 3, GPU-689a6e7c-a622-65fb-9f4d-887ba745f660, NVIDIA A100-SXM4-80GB, 73391, 81920, 0, 93.05, 30
nid008349,2026/05/03 23:43:25.436, 0, GPU-ae1f7b10-d1d8-51cf-b45d-1bd138261533, NVIDIA A100-SXM4-80GB, 35351, 81920, 0, 77.71, 30
nid008349,2026/05/03 23:43:25.439, 1, GPU-3ee15680-aa06-d217-b636-d2f47b6d9c4b, NVIDIA A100-SXM4-80GB, 35351, 81920, 0, 77.33, 29
nid008349,2026/05/03 23:43:25.440, 2, GPU-d442761e-aa01-dc19-4933-441ddf340c0f, NVIDIA A100-SXM4-80GB, 73467, 81920, 0, 78.15, 31
nid008349,2026/05/03 23:43:25.442, 3, GPU-e9b789ef-d802-47c8-e889-2432e34ac6a1, NVIDIA A100-SXM4-80GB, 73015, 81920, 0, 76.92, 29
nid008352,2026/05/03 23:43:26.402, 0, GPU-c8e590fe-c1df-fb38-7bf3-9ed4364cf576, NVIDIA A100-SXM4-80GB, 72771, 81920, 0, 82.61, 32
nid008352,2026/05/03 23:43:26.405, 1, GPU-5efb5c1d-1cd8-daca-bd51-2f30d62f6e1e, NVIDIA A100-SXM4-80GB, 72771, 81920, 0, 81.86, 29
nid008352,2026/05/03 23:43:26.407, 2, GPU-1d24ec01-d8bb-a3cf-73c2-7d6014d1dd4d, NVIDIA A100-SXM4-80GB, 73391, 81920, 0, 95.44, 32
nid008352,2026/05/03 23:43:26.408, 3, GPU-689a6e7c-a622-65fb-9f4d-887ba745f660, NVIDIA A100-SXM4-80GB, 73391, 81920, 0, 92.77, 30
nid008349,2026/05/03 23:43:29.388, 0, GPU-ae1f7b10-d1d8-51cf-b45d-1bd138261533, NVIDIA A100-SXM4-80GB, 35351, 81920, 0, 78.24, 30
nid008349,2026/05/03 23:43:29.391, 1, GPU-3ee15680-aa06-d217-b636-d2f47b6d9c4b, NVIDIA A100-SXM4-80GB, 35351, 81920, 0, 77.43, 29
nid008349,2026/05/03 23:43:29.392, 2, GPU-d442761e-aa01-dc19-4933-441ddf340c0f, NVIDIA A100-SXM4-80GB, 73467, 81920, 0, 77.72, 30
nid008349,2026/05/03 23:43:29.394, 3, GPU-e9b789ef-d802-47c8-e889-2432e34ac6a1, NVIDIA A100-SXM4-80GB, 73015, 81920, 0, 76.72, 29
nid008352,2026/05/03 23:43:30.339, 0, GPU-c8e590fe-c1df-fb38-7bf3-9ed4364cf576, NVIDIA A100-SXM4-80GB, 72771, 81920, 0, 82.38, 31
nid008352,2026/05/03 23:43:30.342, 1, GPU-5efb5c1d-1cd8-daca-bd51-2f30d62f6e1e, NVIDIA A100-SXM4-80GB, 72771, 81920, 0, 81.95, 29
nid008352,2026/05/03 23:43:30.344, 2, GPU-1d24ec01-d8bb-a3cf-73c2-7d6014d1dd4d, NVIDIA A100-SXM4-80GB, 73391, 81920, 0, 95.31, 32
nid008352,2026/05/03 23:43:30.349, 3, GPU-689a6e7c-a622-65fb-9f4d-887ba745f660, NVIDIA A100-SXM4-80GB, 73391, 81920, 0, 92.77, 30
nid008349,2026/05/03 23:43:33.325, 0, GPU-ae1f7b10-d1d8-51cf-b45d-1bd138261533, NVIDIA A100-SXM4-80GB, 35351, 81920, 0, 77.62, 30
nid008349,2026/05/03 23:43:33.328, 1, GPU-3ee15680-aa06-d217-b636-d2f47b6d9c4b, NVIDIA A100-SXM4-80GB, 35351, 81920, 0, 77.43, 29
nid008349,2026/05/03 23:43:33.332, 2, GPU-d442761e-aa01-dc19-4933-441ddf340c0f, NVIDIA A100-SXM4-80GB, 73467, 81920, 0, 77.63, 30
nid008349,2026/05/03 23:43:33.333, 3, GPU-e9b789ef-d802-47c8-e889-2432e34ac6a1, NVIDIA A100-SXM4-80GB, 73015, 81920, 0, 76.63, 29
nid008352,2026/05/03 23:43:34.333, 0, GPU-c8e590fe-c1df-fb38-7bf3-9ed4364cf576, NVIDIA A100-SXM4-80GB, 72771, 81920, 0, 82.38, 31
nid008352,2026/05/03 23:43:34.340, 1, GPU-5efb5c1d-1cd8-daca-bd51-2f30d62f6e1e, NVIDIA A100-SXM4-80GB, 72771, 81920, 0, 81.86, 29
nid008352,2026/05/03 23:43:34.342, 2, GPU-1d24ec01-d8bb-a3cf-73c2-7d6014d1dd4d, NVIDIA A100-SXM4-80GB, 73391, 81920, 0, 95.44, 32
nid008352,2026/05/03 23:43:34.343, 3, GPU-689a6e7c-a622-65fb-9f4d-887ba745f660, NVIDIA A100-SXM4-80GB, 73391, 81920, 0, 93.05, 30
nid008349,2026/05/03 23:43:37.354, 0, GPU-ae1f7b10-d1d8-51cf-b45d-1bd138261533, NVIDIA A100-SXM4-80GB, 35351, 81920, 0, 77.71, 30
nid008349,2026/05/03 23:43:37.357, 1, GPU-3ee15680-aa06-d217-b636-d2f47b6d9c4b, NVIDIA A100-SXM4-80GB, 35351, 81920, 0, 77.43, 29
nid008349,2026/05/03 23:43:37.358, 2, GPU-d442761e-aa01-dc19-4933-441ddf340c0f, NVIDIA A100-SXM4-80GB, 73467, 81920, 0, 77.72, 30
nid008349,2026/05/03 23:43:37.360, 3, GPU-e9b789ef-d802-47c8-e889-2432e34ac6a1, NVIDIA A100-SXM4-80GB, 73015, 81920, 0, 76.72, 29
nid008352,2026/05/03 23:43:38.349, 0, GPU-c8e590fe-c1df-fb38-7bf3-9ed4364cf576, NVIDIA A100-SXM4-80GB, 72771, 81920, 0, 82.38, 31
nid008352,2026/05/03 23:43:38.351, 1, GPU-5efb5c1d-1cd8-daca-bd51-2f30d62f6e1e, NVIDIA A100-SXM4-80GB, 72771, 81920, 0, 81.95, 29
nid008352,2026/05/03 23:43:38.353, 2, GPU-1d24ec01-d8bb-a3cf-73c2-7d6014d1dd4d, NVIDIA A100-SXM4-80GB, 73391, 81920, 0, 95.20, 32
nid008352,2026/05/03 23:43:38.355, 3, GPU-689a6e7c-a622-65fb-9f4d-887ba745f660, NVIDIA A100-SXM4-80GB, 73391, 81920, 0, 93.05, 30
nid008349,2026/05/03 23:43:41.327, 0, GPU-ae1f7b10-d1d8-51cf-b45d-1bd138261533, NVIDIA A100-SXM4-80GB, 35351, 81920, 0, 77.62, 30
nid008349,2026/05/03 23:43:41.329, 1, GPU-3ee15680-aa06-d217-b636-d2f47b6d9c4b, NVIDIA A100-SXM4-80GB, 35351, 81920, 0, 77.43, 29
nid008349,2026/05/03 23:43:41.335, 2, GPU-d442761e-aa01-dc19-4933-441ddf340c0f, NVIDIA A100-SXM4-80GB, 73467, 81920, 0, 77.72, 30
nid008349,2026/05/03 23:43:41.337, 3, GPU-e9b789ef-d802-47c8-e889-2432e34ac6a1, NVIDIA A100-SXM4-80GB, 73015, 81920, 0, 76.48, 29
nid008352,2026/05/03 23:43:42.273, 0, GPU-c8e590fe-c1df-fb38-7bf3-9ed4364cf576, NVIDIA A100-SXM4-80GB, 72771, 81920, 100, 249.39, 38
nid008352,2026/05/03 23:43:42.278, 1, GPU-5efb5c1d-1cd8-daca-bd51-2f30d62f6e1e, NVIDIA A100-SXM4-80GB, 72771, 81920, 100, 206.47, 35
nid008352,2026/05/03 23:43:42.280, 2, GPU-1d24ec01-d8bb-a3cf-73c2-7d6014d1dd4d, NVIDIA A100-SXM4-80GB, 73391, 81920, 100, 270.06, 39
nid008352,2026/05/03 23:43:42.282, 3, GPU-689a6e7c-a622-65fb-9f4d-887ba745f660, NVIDIA A100-SXM4-80GB, 73391, 81920, 100, 176.46, 37
nid008349,2026/05/03 23:43:45.365, 0, GPU-ae1f7b10-d1d8-51cf-b45d-1bd138261533, NVIDIA A100-SXM4-80GB, 35351, 81920, 0, 77.72, 30
nid008349,2026/05/03 23:43:45.367, 1, GPU-3ee15680-aa06-d217-b636-d2f47b6d9c4b, NVIDIA A100-SXM4-80GB, 35351, 81920, 0, 77.15, 29
nid008349,2026/05/03 23:43:45.369, 2, GPU-d442761e-aa01-dc19-4933-441ddf340c0f, NVIDIA A100-SXM4-80GB, 73467, 81920, 100, 93.48, 38
nid008349,2026/05/03 23:43:45.370, 3, GPU-e9b789ef-d802-47c8-e889-2432e34ac6a1, NVIDIA A100-SXM4-80GB, 73015, 81920, 98, 509.10, 44
nid008352,2026/05/03 23:43:46.366, 0, GPU-c8e590fe-c1df-fb38-7bf3-9ed4364cf576, NVIDIA A100-SXM4-80GB, 72771, 81920, 0, 82.71, 33
nid008352,2026/05/03 23:43:46.368, 1, GPU-5efb5c1d-1cd8-daca-bd51-2f30d62f6e1e, NVIDIA A100-SXM4-80GB, 72771, 81920, 0, 81.95, 30
nid008352,2026/05/03 23:43:46.370, 2, GPU-1d24ec01-d8bb-a3cf-73c2-7d6014d1dd4d, NVIDIA A100-SXM4-80GB, 73391, 81920, 0, 95.84, 33
nid008352,2026/05/03 23:43:46.372, 3, GPU-689a6e7c-a622-65fb-9f4d-887ba745f660, NVIDIA A100-SXM4-80GB, 73391, 81920, 0, 93.16, 31
nid008349,2026/05/03 23:43:49.375, 0, GPU-ae1f7b10-d1d8-51cf-b45d-1bd138261533, NVIDIA A100-SXM4-80GB, 35351, 81920, 0, 77.72, 30
nid008349,2026/05/03 23:43:49.377, 1, GPU-3ee15680-aa06-d217-b636-d2f47b6d9c4b, NVIDIA A100-SXM4-80GB, 35351, 81920, 0, 77.24, 29
nid008349,2026/05/03 23:43:49.378, 2, GPU-d442761e-aa01-dc19-4933-441ddf340c0f, NVIDIA A100-SXM4-80GB, 73467, 81920, 100, 465.92, 48
nid008349,2026/05/03 23:43:49.380, 3, GPU-e9b789ef-d802-47c8-e889-2432e34ac6a1, NVIDIA A100-SXM4-80GB, 73015, 81920, 100, 106.29, 41
nid008352,2026/05/03 23:43:50.348, 0, GPU-c8e590fe-c1df-fb38-7bf3-9ed4364cf576, NVIDIA A100-SXM4-80GB, 72771, 81920, 0, 82.61, 32
nid008352,2026/05/03 23:43:50.351, 1, GPU-5efb5c1d-1cd8-daca-bd51-2f30d62f6e1e, NVIDIA A100-SXM4-80GB, 72771, 81920, 0, 81.86, 29
nid008352,2026/05/03 23:43:50.352, 2, GPU-1d24ec01-d8bb-a3cf-73c2-7d6014d1dd4d, NVIDIA A100-SXM4-80GB, 73391, 81920, 0, 95.56, 32
nid008352,2026/05/03 23:43:50.354, 3, GPU-689a6e7c-a622-65fb-9f4d-887ba745f660, NVIDIA A100-SXM4-80GB, 73391, 81920, 0, 93.16, 31
nid008349,2026/05/03 23:43:53.340, 0, GPU-ae1f7b10-d1d8-51cf-b45d-1bd138261533, NVIDIA A100-SXM4-80GB, 35351, 81920, 0, 77.71, 30
nid008349,2026/05/03 23:43:53.343, 1, GPU-3ee15680-aa06-d217-b636-d2f47b6d9c4b, NVIDIA A100-SXM4-80GB, 35351, 81920, 0, 77.43, 29
nid008349,2026/05/03 23:43:53.344, 2, GPU-d442761e-aa01-dc19-4933-441ddf340c0f, NVIDIA A100-SXM4-80GB, 73467, 81920, 0, 77.15, 31
nid008349,2026/05/03 23:43:53.346, 3, GPU-e9b789ef-d802-47c8-e889-2432e34ac6a1, NVIDIA A100-SXM4-80GB, 73015, 81920, 0, 77.01, 30
nid008352,2026/05/03 23:43:54.345, 0, GPU-c8e590fe-c1df-fb38-7bf3-9ed4364cf576, NVIDIA A100-SXM4-80GB, 72771, 81920, 0, 82.61, 32
nid008352,2026/05/03 23:43:54.347, 1, GPU-5efb5c1d-1cd8-daca-bd51-2f30d62f6e1e, NVIDIA A100-SXM4-80GB, 72771, 81920, 0, 81.95, 29
nid008352,2026/05/03 23:43:54.349, 2, GPU-1d24ec01-d8bb-a3cf-73c2-7d6014d1dd4d, NVIDIA A100-SXM4-80GB, 73391, 81920, 0, 95.31, 32
nid008352,2026/05/03 23:43:54.353, 3, GPU-689a6e7c-a622-65fb-9f4d-887ba745f660, NVIDIA A100-SXM4-80GB, 73391, 81920, 0, 92.88, 30
nid008349,2026/05/03 23:43:57.333, 0, GPU-ae1f7b10-d1d8-51cf-b45d-1bd138261533, NVIDIA A100-SXM4-80GB, 35351, 81920, 0, 77.71, 30
nid008349,2026/05/03 23:43:57.335, 1, GPU-3ee15680-aa06-d217-b636-d2f47b6d9c4b, NVIDIA A100-SXM4-80GB, 35351, 81920, 0, 77.43, 29
nid008349,2026/05/03 23:43:57.338, 2, GPU-d442761e-aa01-dc19-4933-441ddf340c0f, NVIDIA A100-SXM4-80GB, 73467, 81920, 0, 77.96, 30
nid008349,2026/05/03 23:43:57.340, 3, GPU-e9b789ef-d802-47c8-e889-2432e34ac6a1, NVIDIA A100-SXM4-80GB, 73015, 81920, 0, 77.01, 29
nid008352,2026/05/03 23:43:58.267, 0, GPU-c8e590fe-c1df-fb38-7bf3-9ed4364cf576, NVIDIA A100-SXM4-80GB, 72771, 81920, 0, 82.47, 32
nid008352,2026/05/03 23:43:58.273, 1, GPU-5efb5c1d-1cd8-daca-bd51-2f30d62f6e1e, NVIDIA A100-SXM4-80GB, 72771, 81920, 0, 81.72, 29
nid008352,2026/05/03 23:43:58.278, 2, GPU-1d24ec01-d8bb-a3cf-73c2-7d6014d1dd4d, NVIDIA A100-SXM4-80GB, 73391, 81920, 0, 95.44, 32
nid008352,2026/05/03 23:43:58.284, 3, GPU-689a6e7c-a622-65fb-9f4d-887ba745f660, NVIDIA A100-SXM4-80GB, 73391, 81920, 0, 92.77, 30
nid008349,2026/05/03 23:44:01.285, 0, GPU-ae1f7b10-d1d8-51cf-b45d-1bd138261533, NVIDIA A100-SXM4-80GB, 35351, 81920, 0, 77.62, 30
nid008349,2026/05/03 23:44:01.288, 1, GPU-3ee15680-aa06-d217-b636-d2f47b6d9c4b, NVIDIA A100-SXM4-80GB, 35351, 81920, 0, 77.52, 29
nid008349,2026/05/03 23:44:01.290, 2, GPU-d442761e-aa01-dc19-4933-441ddf340c0f, NVIDIA A100-SXM4-80GB, 73467, 81920, 0, 77.72, 30
nid008349,2026/05/03 23:44:01.293, 3, GPU-e9b789ef-d802-47c8-e889-2432e34ac6a1, NVIDIA A100-SXM4-80GB, 73015, 81920, 0, 76.72, 29
nid008352,2026/05/03 23:44:02.276, 0, GPU-c8e590fe-c1df-fb38-7bf3-9ed4364cf576, NVIDIA A100-SXM4-80GB, 72771, 81920, 0, 82.38, 31
nid008352,2026/05/03 23:44:02.281, 1, GPU-5efb5c1d-1cd8-daca-bd51-2f30d62f6e1e, NVIDIA A100-SXM4-80GB, 72771, 81920, 0, 81.86, 29
nid008352,2026/05/03 23:44:02.282, 2, GPU-1d24ec01-d8bb-a3cf-73c2-7d6014d1dd4d, NVIDIA A100-SXM4-80GB, 73391, 81920, 0, 95.44, 32
nid008352,2026/05/03 23:44:02.284, 3, GPU-689a6e7c-a622-65fb-9f4d-887ba745f660, NVIDIA A100-SXM4-80GB, 73391, 81920, 0, 93.05, 30
nid008349,2026/05/03 23:44:05.313, 0, GPU-ae1f7b10-d1d8-51cf-b45d-1bd138261533, NVIDIA A100-SXM4-80GB, 35351, 81920, 0, 77.71, 30
nid008349,2026/05/03 23:44:05.316, 1, GPU-3ee15680-aa06-d217-b636-d2f47b6d9c4b, NVIDIA A100-SXM4-80GB, 35351, 81920, 0, 77.43, 29
nid008349,2026/05/03 23:44:05.317, 2, GPU-d442761e-aa01-dc19-4933-441ddf340c0f, NVIDIA A100-SXM4-80GB, 73467, 81920, 0, 77.72, 30
nid008349,2026/05/03 23:44:05.319, 3, GPU-e9b789ef-d802-47c8-e889-2432e34ac6a1, NVIDIA A100-SXM4-80GB, 73015, 81920, 0, 76.63, 29
nid008352,2026/05/03 23:44:06.332, 0, GPU-c8e590fe-c1df-fb38-7bf3-9ed4364cf576, NVIDIA A100-SXM4-80GB, 72771, 81920, 0, 82.61, 31
nid008352,2026/05/03 23:44:06.335, 1, GPU-5efb5c1d-1cd8-daca-bd51-2f30d62f6e1e, NVIDIA A100-SXM4-80GB, 72771, 81920, 0, 81.81, 29
nid008352,2026/05/03 23:44:06.336, 2, GPU-1d24ec01-d8bb-a3cf-73c2-7d6014d1dd4d, NVIDIA A100-SXM4-80GB, 73391, 81920, 0, 95.43, 32
nid008352,2026/05/03 23:44:06.338, 3, GPU-689a6e7c-a622-65fb-9f4d-887ba745f660, NVIDIA A100-SXM4-80GB, 73391, 81920, 0, 93.05, 30
nid008349,2026/05/03 23:44:09.369, 0, GPU-ae1f7b10-d1d8-51cf-b45d-1bd138261533, NVIDIA A100-SXM4-80GB, 35351, 81920, 0, 77.71, 30
nid008349,2026/05/03 23:44:09.372, 1, GPU-3ee15680-aa06-d217-b636-d2f47b6d9c4b, NVIDIA A100-SXM4-80GB, 35351, 81920, 0, 77.52, 29
nid008349,2026/05/03 23:44:09.373, 2, GPU-d442761e-aa01-dc19-4933-441ddf340c0f, NVIDIA A100-SXM4-80GB, 73467, 81920, 0, 77.72, 30
nid008349,2026/05/03 23:44:09.375, 3, GPU-e9b789ef-d802-47c8-e889-2432e34ac6a1, NVIDIA A100-SXM4-80GB, 73015, 81920, 0, 76.72, 29
nid008352,2026/05/03 23:44:10.357, 0, GPU-c8e590fe-c1df-fb38-7bf3-9ed4364cf576, NVIDIA A100-SXM4-80GB, 72771, 81920, 39, 113.91, 36
nid008352,2026/05/03 23:44:10.360, 1, GPU-5efb5c1d-1cd8-daca-bd51-2f30d62f6e1e, NVIDIA A100-SXM4-80GB, 72771, 81920, 33, 114.98, 33
nid008352,2026/05/03 23:44:10.361, 2, GPU-1d24ec01-d8bb-a3cf-73c2-7d6014d1dd4d, NVIDIA A100-SXM4-80GB, 73391, 81920, 0, 115.76, 36
nid008352,2026/05/03 23:44:10.363, 3, GPU-689a6e7c-a622-65fb-9f4d-887ba745f660, NVIDIA A100-SXM4-80GB, 73391, 81920, 52, 113.66, 34
nid008349,2026/05/03 23:44:13.461, 0, GPU-ae1f7b10-d1d8-51cf-b45d-1bd138261533, NVIDIA A100-SXM4-80GB, 35351, 81920, 0, 77.82, 30
nid008349,2026/05/03 23:44:13.463, 1, GPU-3ee15680-aa06-d217-b636-d2f47b6d9c4b, NVIDIA A100-SXM4-80GB, 35351, 81920, 0, 77.43, 29
nid008349,2026/05/03 23:44:13.465, 2, GPU-d442761e-aa01-dc19-4933-441ddf340c0f, NVIDIA A100-SXM4-80GB, 73467, 81920, 100, 497.66, 51
nid008349,2026/05/03 23:44:13.466, 3, GPU-e9b789ef-d802-47c8-e889-2432e34ac6a1, NVIDIA A100-SXM4-80GB, 73015, 81920, 100, 92.03, 36
nid008352,2026/05/03 23:44:14.418, 0, GPU-c8e590fe-c1df-fb38-7bf3-9ed4364cf576, NVIDIA A100-SXM4-80GB, 72771, 81920, 0, 82.79, 32
nid008352,2026/05/03 23:44:14.420, 1, GPU-5efb5c1d-1cd8-daca-bd51-2f30d62f6e1e, NVIDIA A100-SXM4-80GB, 72771, 81920, 0, 81.95, 30
nid008352,2026/05/03 23:44:14.427, 2, GPU-1d24ec01-d8bb-a3cf-73c2-7d6014d1dd4d, NVIDIA A100-SXM4-80GB, 73391, 81920, 0, 95.73, 33
nid008352,2026/05/03 23:44:14.429, 3, GPU-689a6e7c-a622-65fb-9f4d-887ba745f660, NVIDIA A100-SXM4-80GB, 73391, 81920, 0, 93.30, 31
nid008349,2026/05/03 23:44:17.447, 0, GPU-ae1f7b10-d1d8-51cf-b45d-1bd138261533, NVIDIA A100-SXM4-80GB, 35351, 81920, 0, 77.62, 30
nid008349,2026/05/03 23:44:17.449, 1, GPU-3ee15680-aa06-d217-b636-d2f47b6d9c4b, NVIDIA A100-SXM4-80GB, 35351, 81920, 0, 77.43, 29
nid008349,2026/05/03 23:44:17.451, 2, GPU-d442761e-aa01-dc19-4933-441ddf340c0f, NVIDIA A100-SXM4-80GB, 73467, 81920, 0, 90.29, 35
nid008349,2026/05/03 23:44:17.452, 3, GPU-e9b789ef-d802-47c8-e889-2432e34ac6a1, NVIDIA A100-SXM4-80GB, 73015, 81920, 0, 88.55, 33
nid008352,2026/05/03 23:44:18.411, 0, GPU-c8e590fe-c1df-fb38-7bf3-9ed4364cf576, NVIDIA A100-SXM4-80GB, 72771, 81920, 0, 82.51, 32
nid008352,2026/05/03 23:44:18.413, 1, GPU-5efb5c1d-1cd8-daca-bd51-2f30d62f6e1e, NVIDIA A100-SXM4-80GB, 72771, 81920, 0, 81.86, 29
nid008352,2026/05/03 23:44:18.415, 2, GPU-1d24ec01-d8bb-a3cf-73c2-7d6014d1dd4d, NVIDIA A100-SXM4-80GB, 73391, 81920, 0, 95.73, 32
nid008352,2026/05/03 23:44:18.417, 3, GPU-689a6e7c-a622-65fb-9f4d-887ba745f660, NVIDIA A100-SXM4-80GB, 73391, 81920, 0, 93.05, 31
nid008349,2026/05/03 23:44:21.427, 0, GPU-ae1f7b10-d1d8-51cf-b45d-1bd138261533, NVIDIA A100-SXM4-80GB, 35351, 81920, 0, 77.71, 30
nid008349,2026/05/03 23:44:21.429, 1, GPU-3ee15680-aa06-d217-b636-d2f47b6d9c4b, NVIDIA A100-SXM4-80GB, 35351, 81920, 0, 77.43, 29
nid008349,2026/05/03 23:44:21.430, 2, GPU-d442761e-aa01-dc19-4933-441ddf340c0f, NVIDIA A100-SXM4-80GB, 73467, 81920, 0, 78.34, 31
nid008349,2026/05/03 23:44:21.432, 3, GPU-e9b789ef-d802-47c8-e889-2432e34ac6a1, NVIDIA A100-SXM4-80GB, 73015, 81920, 0, 77.01, 30
nid008352,2026/05/03 23:44:22.375, 0, GPU-c8e590fe-c1df-fb38-7bf3-9ed4364cf576, NVIDIA A100-SXM4-80GB, 72771, 81920, 0, 82.47, 32
nid008352,2026/05/03 23:44:22.378, 1, GPU-5efb5c1d-1cd8-daca-bd51-2f30d62f6e1e, NVIDIA A100-SXM4-80GB, 72771, 81920, 0, 81.95, 29
nid008352,2026/05/03 23:44:22.380, 2, GPU-1d24ec01-d8bb-a3cf-73c2-7d6014d1dd4d, NVIDIA A100-SXM4-80GB, 73391, 81920, 0, 95.56, 32
nid008352,2026/05/03 23:44:22.382, 3, GPU-689a6e7c-a622-65fb-9f4d-887ba745f660, NVIDIA A100-SXM4-80GB, 73391, 81920, 0, 93.05, 30
nid008349,2026/05/03 23:44:25.371, 0, GPU-ae1f7b10-d1d8-51cf-b45d-1bd138261533, NVIDIA A100-SXM4-80GB, 35351, 81920, 0, 77.71, 30
nid008349,2026/05/03 23:44:25.374, 1, GPU-3ee15680-aa06-d217-b636-d2f47b6d9c4b, NVIDIA A100-SXM4-80GB, 35351, 81920, 0, 77.52, 29
nid008349,2026/05/03 23:44:25.375, 2, GPU-d442761e-aa01-dc19-4933-441ddf340c0f, NVIDIA A100-SXM4-80GB, 73467, 81920, 0, 77.96, 30
nid008349,2026/05/03 23:44:25.377, 3, GPU-e9b789ef-d802-47c8-e889-2432e34ac6a1, NVIDIA A100-SXM4-80GB, 73015, 81920, 0, 76.72, 29
nid008352,2026/05/03 23:44:26.375, 0, GPU-c8e590fe-c1df-fb38-7bf3-9ed4364cf576, NVIDIA A100-SXM4-80GB, 72771, 81920, 0, 82.61, 32
nid008352,2026/05/03 23:44:26.381, 1, GPU-5efb5c1d-1cd8-daca-bd51-2f30d62f6e1e, NVIDIA A100-SXM4-80GB, 72771, 81920, 0, 81.95, 29
nid008352,2026/05/03 23:44:26.387, 2, GPU-1d24ec01-d8bb-a3cf-73c2-7d6014d1dd4d, NVIDIA A100-SXM4-80GB, 73391, 81920, 0, 95.56, 32
nid008352,2026/05/03 23:44:26.393, 3, GPU-689a6e7c-a622-65fb-9f4d-887ba745f660, NVIDIA A100-SXM4-80GB, 73391, 81920, 0, 93.05, 30
nid008349,2026/05/03 23:44:29.392, 0, GPU-ae1f7b10-d1d8-51cf-b45d-1bd138261533, NVIDIA A100-SXM4-80GB, 35351, 81920, 0, 77.71, 30
nid008349,2026/05/03 23:44:29.395, 1, GPU-3ee15680-aa06-d217-b636-d2f47b6d9c4b, NVIDIA A100-SXM4-80GB, 35351, 81920, 0, 77.43, 29
nid008349,2026/05/03 23:44:29.396, 2, GPU-d442761e-aa01-dc19-4933-441ddf340c0f, NVIDIA A100-SXM4-80GB, 73467, 81920, 0, 77.72, 30
nid008349,2026/05/03 23:44:29.398, 3, GPU-e9b789ef-d802-47c8-e889-2432e34ac6a1, NVIDIA A100-SXM4-80GB, 73015, 81920, 0, 76.63, 29
nid008352,2026/05/03 23:44:30.393, 0, GPU-c8e590fe-c1df-fb38-7bf3-9ed4364cf576, NVIDIA A100-SXM4-80GB, 72771, 81920, 0, 82.47, 32
nid008352,2026/05/03 23:44:30.395, 1, GPU-5efb5c1d-1cd8-daca-bd51-2f30d62f6e1e, NVIDIA A100-SXM4-80GB, 72771, 81920, 0, 81.95, 29
nid008352,2026/05/03 23:44:30.397, 2, GPU-1d24ec01-d8bb-a3cf-73c2-7d6014d1dd4d, NVIDIA A100-SXM4-80GB, 73391, 81920, 0, 95.67, 32
nid008352,2026/05/03 23:44:30.399, 3, GPU-689a6e7c-a622-65fb-9f4d-887ba745f660, NVIDIA A100-SXM4-80GB, 73391, 81920, 0, 93.05, 30
nid008349,2026/05/03 23:44:33.400, 0, GPU-ae1f7b10-d1d8-51cf-b45d-1bd138261533, NVIDIA A100-SXM4-80GB, 35351, 81920, 0, 77.80, 30
nid008349,2026/05/03 23:44:33.402, 1, GPU-3ee15680-aa06-d217-b636-d2f47b6d9c4b, NVIDIA A100-SXM4-80GB, 35351, 81920, 0, 77.43, 29
nid008349,2026/05/03 23:44:33.404, 2, GPU-d442761e-aa01-dc19-4933-441ddf340c0f, NVIDIA A100-SXM4-80GB, 73467, 81920, 0, 77.63, 30
nid008349,2026/05/03 23:44:33.405, 3, GPU-e9b789ef-d802-47c8-e889-2432e34ac6a1, NVIDIA A100-SXM4-80GB, 73015, 81920, 0, 76.72, 29
nid008352,2026/05/03 23:44:34.419, 0, GPU-c8e590fe-c1df-fb38-7bf3-9ed4364cf576, NVIDIA A100-SXM4-80GB, 72771, 81920, 100, 171.61, 36
nid008352,2026/05/03 23:44:34.422, 1, GPU-5efb5c1d-1cd8-daca-bd51-2f30d62f6e1e, NVIDIA A100-SXM4-80GB, 72771, 81920, 100, 181.70, 33
nid008352,2026/05/03 23:44:34.424, 2, GPU-1d24ec01-d8bb-a3cf-73c2-7d6014d1dd4d, NVIDIA A100-SXM4-80GB, 73391, 81920, 100, 210.21, 37
nid008352,2026/05/03 23:44:34.426, 3, GPU-689a6e7c-a622-65fb-9f4d-887ba745f660, NVIDIA A100-SXM4-80GB, 73391, 81920, 100, 174.41, 35
nid008349,2026/05/03 23:44:37.416, 0, GPU-ae1f7b10-d1d8-51cf-b45d-1bd138261533, NVIDIA A100-SXM4-80GB, 35351, 81920, 0, 78.00, 30
nid008349,2026/05/03 23:44:37.419, 1, GPU-3ee15680-aa06-d217-b636-d2f47b6d9c4b, NVIDIA A100-SXM4-80GB, 35351, 81920, 0, 77.43, 29
nid008349,2026/05/03 23:44:37.420, 2, GPU-d442761e-aa01-dc19-4933-441ddf340c0f, NVIDIA A100-SXM4-80GB, 73467, 81920, 0, 77.63, 30
nid008349,2026/05/03 23:44:37.422, 3, GPU-e9b789ef-d802-47c8-e889-2432e34ac6a1, NVIDIA A100-SXM4-80GB, 73015, 81920, 0, 76.63, 29
nid008352,2026/05/03 23:44:38.362, 0, GPU-c8e590fe-c1df-fb38-7bf3-9ed4364cf576, NVIDIA A100-SXM4-80GB, 72771, 81920, 0, 113.63, 35
nid008352,2026/05/03 23:44:38.365, 1, GPU-5efb5c1d-1cd8-daca-bd51-2f30d62f6e1e, NVIDIA A100-SXM4-80GB, 72771, 81920, 0, 114.74, 32
nid008352,2026/05/03 23:44:38.366, 2, GPU-1d24ec01-d8bb-a3cf-73c2-7d6014d1dd4d, NVIDIA A100-SXM4-80GB, 73391, 81920, 0, 115.37, 35
nid008352,2026/05/03 23:44:38.368, 3, GPU-689a6e7c-a622-65fb-9f4d-887ba745f660, NVIDIA A100-SXM4-80GB, 73391, 81920, 0, 113.38, 33
nid008349,2026/05/03 23:44:41.592, 0, GPU-ae1f7b10-d1d8-51cf-b45d-1bd138261533, NVIDIA A100-SXM4-80GB, 35351, 81920, 0, 77.72, 30
nid008349,2026/05/03 23:44:41.594, 1, GPU-3ee15680-aa06-d217-b636-d2f47b6d9c4b, NVIDIA A100-SXM4-80GB, 35351, 81920, 0, 77.43, 29
nid008349,2026/05/03 23:44:41.595, 2, GPU-d442761e-aa01-dc19-4933-441ddf340c0f, NVIDIA A100-SXM4-80GB, 73467, 81920, 100, 92.16, 38
nid008349,2026/05/03 23:44:41.597, 3, GPU-e9b789ef-d802-47c8-e889-2432e34ac6a1, NVIDIA A100-SXM4-80GB, 73015, 81920, 100, 508.30, 49
nid008352,2026/05/03 23:44:42.551, 0, GPU-c8e590fe-c1df-fb38-7bf3-9ed4364cf576, NVIDIA A100-SXM4-80GB, 72771, 81920, 0, 82.89, 32
nid008352,2026/05/03 23:44:42.553, 1, GPU-5efb5c1d-1cd8-daca-bd51-2f30d62f6e1e, NVIDIA A100-SXM4-80GB, 72771, 81920, 0, 82.14, 30
nid008352,2026/05/03 23:44:42.555, 2, GPU-1d24ec01-d8bb-a3cf-73c2-7d6014d1dd4d, NVIDIA A100-SXM4-80GB, 73391, 81920, 0, 95.73, 33
nid008352,2026/05/03 23:44:42.563, 3, GPU-689a6e7c-a622-65fb-9f4d-887ba745f660, NVIDIA A100-SXM4-80GB, 73391, 81920, 0, 93.05, 31
nid008349,2026/05/03 23:44:45.609, 0, GPU-ae1f7b10-d1d8-51cf-b45d-1bd138261533, NVIDIA A100-SXM4-80GB, 35351, 81920, 0, 77.71, 30
nid008349,2026/05/03 23:44:45.612, 1, GPU-3ee15680-aa06-d217-b636-d2f47b6d9c4b, NVIDIA A100-SXM4-80GB, 35351, 81920, 0, 77.43, 29
nid008349,2026/05/03 23:44:45.613, 2, GPU-d442761e-aa01-dc19-4933-441ddf340c0f, NVIDIA A100-SXM4-80GB, 73467, 81920, 0, 88.68, 34
nid008349,2026/05/03 23:44:45.615, 3, GPU-e9b789ef-d802-47c8-e889-2432e34ac6a1, NVIDIA A100-SXM4-80GB, 73015, 81920, 0, 89.98, 32
nid008352,2026/05/03 23:44:46.592, 0, GPU-c8e590fe-c1df-fb38-7bf3-9ed4364cf576, NVIDIA A100-SXM4-80GB, 72771, 81920, 0, 82.71, 32
nid008352,2026/05/03 23:44:46.595, 1, GPU-5efb5c1d-1cd8-daca-bd51-2f30d62f6e1e, NVIDIA A100-SXM4-80GB, 72771, 81920, 0, 82.05, 29
nid008352,2026/05/03 23:44:46.597, 2, GPU-1d24ec01-d8bb-a3cf-73c2-7d6014d1dd4d, NVIDIA A100-SXM4-80GB, 73391, 81920, 0, 95.56, 32
nid008352,2026/05/03 23:44:46.598, 3, GPU-689a6e7c-a622-65fb-9f4d-887ba745f660, NVIDIA A100-SXM4-80GB, 73391, 81920, 0, 93.05, 31
nid008349,2026/05/03 23:44:49.574, 0, GPU-ae1f7b10-d1d8-51cf-b45d-1bd138261533, NVIDIA A100-SXM4-80GB, 35351, 81920, 0, 77.71, 30
nid008349,2026/05/03 23:44:49.576, 1, GPU-3ee15680-aa06-d217-b636-d2f47b6d9c4b, NVIDIA A100-SXM4-80GB, 35351, 81920, 0, 77.52, 29
nid008349,2026/05/03 23:44:49.578, 2, GPU-d442761e-aa01-dc19-4933-441ddf340c0f, NVIDIA A100-SXM4-80GB, 73467, 81920, 0, 76.92, 31
nid008349,2026/05/03 23:44:49.582, 3, GPU-e9b789ef-d802-47c8-e889-2432e34ac6a1, NVIDIA A100-SXM4-80GB, 73015, 81920, 0, 77.01, 29
nid008352,2026/05/03 23:44:50.584, 0, GPU-c8e590fe-c1df-fb38-7bf3-9ed4364cf576, NVIDIA A100-SXM4-80GB, 72771, 81920, 0, 82.61, 32
nid008352,2026/05/03 23:44:50.587, 1, GPU-5efb5c1d-1cd8-daca-bd51-2f30d62f6e1e, NVIDIA A100-SXM4-80GB, 72771, 81920, 0, 81.95, 29
nid008352,2026/05/03 23:44:50.589, 2, GPU-1d24ec01-d8bb-a3cf-73c2-7d6014d1dd4d, NVIDIA A100-SXM4-80GB, 73391, 81920, 0, 95.56, 32
nid008352,2026/05/03 23:44:50.590, 3, GPU-689a6e7c-a622-65fb-9f4d-887ba745f660, NVIDIA A100-SXM4-80GB, 73391, 81920, 0, 93.05, 31
nid008349,2026/05/03 23:44:53.663, 0, GPU-ae1f7b10-d1d8-51cf-b45d-1bd138261533, NVIDIA A100-SXM4-80GB, 35351, 81920, 0, 77.71, 30
nid008349,2026/05/03 23:44:53.665, 1, GPU-3ee15680-aa06-d217-b636-d2f47b6d9c4b, NVIDIA A100-SXM4-80GB, 35351, 81920, 0, 77.43, 29
nid008349,2026/05/03 23:44:53.667, 2, GPU-d442761e-aa01-dc19-4933-441ddf340c0f, NVIDIA A100-SXM4-80GB, 73467, 81920, 0, 76.92, 30
nid008349,2026/05/03 23:44:53.668, 3, GPU-e9b789ef-d802-47c8-e889-2432e34ac6a1, NVIDIA A100-SXM4-80GB, 73015, 81920, 0, 76.72, 29
nid008352,2026/05/03 23:44:54.635, 0, GPU-c8e590fe-c1df-fb38-7bf3-9ed4364cf576, NVIDIA A100-SXM4-80GB, 72771, 81920, 0, 82.47, 32
nid008352,2026/05/03 23:44:54.642, 1, GPU-5efb5c1d-1cd8-daca-bd51-2f30d62f6e1e, NVIDIA A100-SXM4-80GB, 72771, 81920, 0, 82.05, 29
nid008352,2026/05/03 23:44:54.647, 2, GPU-1d24ec01-d8bb-a3cf-73c2-7d6014d1dd4d, NVIDIA A100-SXM4-80GB, 73391, 81920, 0, 95.56, 32
nid008352,2026/05/03 23:44:54.652, 3, GPU-689a6e7c-a622-65fb-9f4d-887ba745f660, NVIDIA A100-SXM4-80GB, 73391, 81920, 0, 93.05, 30
nid008349,2026/05/03 23:44:57.657, 0, GPU-ae1f7b10-d1d8-51cf-b45d-1bd138261533, NVIDIA A100-SXM4-80GB, 35351, 81920, 0, 77.80, 30
nid008349,2026/05/03 23:44:57.659, 1, GPU-3ee15680-aa06-d217-b636-d2f47b6d9c4b, NVIDIA A100-SXM4-80GB, 35351, 81920, 0, 77.43, 29
nid008349,2026/05/03 23:44:57.661, 2, GPU-d442761e-aa01-dc19-4933-441ddf340c0f, NVIDIA A100-SXM4-80GB, 73467, 81920, 0, 76.63, 30
nid008349,2026/05/03 23:44:57.662, 3, GPU-e9b789ef-d802-47c8-e889-2432e34ac6a1, NVIDIA A100-SXM4-80GB, 73015, 81920, 0, 76.63, 29
nid008352,2026/05/03 23:44:58.628, 0, GPU-c8e590fe-c1df-fb38-7bf3-9ed4364cf576, NVIDIA A100-SXM4-80GB, 72771, 81920, 0, 82.61, 32
nid008352,2026/05/03 23:44:58.630, 1, GPU-5efb5c1d-1cd8-daca-bd51-2f30d62f6e1e, NVIDIA A100-SXM4-80GB, 72771, 81920, 0, 81.95, 29
nid008352,2026/05/03 23:44:58.632, 2, GPU-1d24ec01-d8bb-a3cf-73c2-7d6014d1dd4d, NVIDIA A100-SXM4-80GB, 73391, 81920, 0, 95.56, 32
nid008352,2026/05/03 23:44:58.634, 3, GPU-689a6e7c-a622-65fb-9f4d-887ba745f660, NVIDIA A100-SXM4-80GB, 73391, 81920, 0, 93.16, 30
nid008349,2026/05/03 23:45:01.608, 0, GPU-ae1f7b10-d1d8-51cf-b45d-1bd138261533, NVIDIA A100-SXM4-80GB, 35351, 81920, 0, 77.71, 30
nid008349,2026/05/03 23:45:01.611, 1, GPU-3ee15680-aa06-d217-b636-d2f47b6d9c4b, NVIDIA A100-SXM4-80GB, 35351, 81920, 0, 77.43, 29
nid008349,2026/05/03 23:45:01.612, 2, GPU-d442761e-aa01-dc19-4933-441ddf340c0f, NVIDIA A100-SXM4-80GB, 73467, 81920, 0, 77.82, 30
nid008349,2026/05/03 23:45:01.614, 3, GPU-e9b789ef-d802-47c8-e889-2432e34ac6a1, NVIDIA A100-SXM4-80GB, 73015, 81920, 0, 76.72, 29
nid008352,2026/05/03 23:45:02.651, 0, GPU-c8e590fe-c1df-fb38-7bf3-9ed4364cf576, NVIDIA A100-SXM4-80GB, 72771, 81920, 100, 207.82, 37
nid008352,2026/05/03 23:45:02.654, 1, GPU-5efb5c1d-1cd8-daca-bd51-2f30d62f6e1e, NVIDIA A100-SXM4-80GB, 72771, 81920, 100, 177.17, 35
nid008352,2026/05/03 23:45:02.655, 2, GPU-1d24ec01-d8bb-a3cf-73c2-7d6014d1dd4d, NVIDIA A100-SXM4-80GB, 73391, 81920, 100, 210.23, 38
nid008352,2026/05/03 23:45:02.657, 3, GPU-689a6e7c-a622-65fb-9f4d-887ba745f660, NVIDIA A100-SXM4-80GB, 73391, 81920, 100, 215.19, 36
nid008349,2026/05/03 23:45:05.653, 0, GPU-ae1f7b10-d1d8-51cf-b45d-1bd138261533, NVIDIA A100-SXM4-80GB, 35351, 81920, 0, 77.91, 30
nid008349,2026/05/03 23:45:05.655, 1, GPU-3ee15680-aa06-d217-b636-d2f47b6d9c4b, NVIDIA A100-SXM4-80GB, 35351, 81920, 0, 77.24, 29
nid008349,2026/05/03 23:45:05.658, 2, GPU-d442761e-aa01-dc19-4933-441ddf340c0f, NVIDIA A100-SXM4-80GB, 73467, 81920, 34, 381.47, 38
nid008349,2026/05/03 23:45:05.660, 3, GPU-e9b789ef-d802-47c8-e889-2432e34ac6a1, NVIDIA A100-SXM4-80GB, 73015, 81920, 0, 76.82, 29
nid008352,2026/05/03 23:45:06.619, 0, GPU-c8e590fe-c1df-fb38-7bf3-9ed4364cf576, NVIDIA A100-SXM4-80GB, 72771, 81920, 0, 83.41, 34
nid008352,2026/05/03 23:45:06.622, 1, GPU-5efb5c1d-1cd8-daca-bd51-2f30d62f6e1e, NVIDIA A100-SXM4-80GB, 72771, 81920, 0, 83.29, 31
nid008352,2026/05/03 23:45:06.624, 2, GPU-1d24ec01-d8bb-a3cf-73c2-7d6014d1dd4d, NVIDIA A100-SXM4-80GB, 73391, 81920, 0, 97.57, 34
nid008352,2026/05/03 23:45:06.625, 3, GPU-689a6e7c-a622-65fb-9f4d-887ba745f660, NVIDIA A100-SXM4-80GB, 73391, 81920, 0, 93.58, 32
nid008349,2026/05/03 23:45:09.777, 0, GPU-ae1f7b10-d1d8-51cf-b45d-1bd138261533, NVIDIA A100-SXM4-80GB, 35351, 81920, 0, 77.72, 30
nid008349,2026/05/03 23:45:09.779, 1, GPU-3ee15680-aa06-d217-b636-d2f47b6d9c4b, NVIDIA A100-SXM4-80GB, 35351, 81920, 0, 77.43, 29
nid008349,2026/05/03 23:45:09.781, 2, GPU-d442761e-aa01-dc19-4933-441ddf340c0f, NVIDIA A100-SXM4-80GB, 73467, 81920, 100, 334.53, 47
nid008349,2026/05/03 23:45:09.786, 3, GPU-e9b789ef-d802-47c8-e889-2432e34ac6a1, NVIDIA A100-SXM4-80GB, 73015, 81920, 100, 488.08, 50
nid008352,2026/05/03 23:45:10.879, 0, GPU-c8e590fe-c1df-fb38-7bf3-9ed4364cf576, NVIDIA A100-SXM4-80GB, 72771, 81920, 0, 82.61, 32
nid008352,2026/05/03 23:45:10.882, 1, GPU-5efb5c1d-1cd8-daca-bd51-2f30d62f6e1e, NVIDIA A100-SXM4-80GB, 72771, 81920, 0, 81.95, 29
nid008352,2026/05/03 23:45:10.884, 2, GPU-1d24ec01-d8bb-a3cf-73c2-7d6014d1dd4d, NVIDIA A100-SXM4-80GB, 73391, 81920, 0, 95.84, 33
nid008352,2026/05/03 23:45:10.886, 3, GPU-689a6e7c-a622-65fb-9f4d-887ba745f660, NVIDIA A100-SXM4-80GB, 73391, 81920, 0, 93.05, 31
nid008349,2026/05/03 23:45:13.877, 0, GPU-ae1f7b10-d1d8-51cf-b45d-1bd138261533, NVIDIA A100-SXM4-80GB, 35351, 81920, 0, 78.00, 30
nid008349,2026/05/03 23:45:13.879, 1, GPU-3ee15680-aa06-d217-b636-d2f47b6d9c4b, NVIDIA A100-SXM4-80GB, 35351, 81920, 0, 77.52, 29
nid008349,2026/05/03 23:45:13.881, 2, GPU-d442761e-aa01-dc19-4933-441ddf340c0f, NVIDIA A100-SXM4-80GB, 73467, 81920, 0, 77.72, 33
nid008349,2026/05/03 23:45:13.883, 3, GPU-e9b789ef-d802-47c8-e889-2432e34ac6a1, NVIDIA A100-SXM4-80GB, 73015, 81920, 0, 77.53, 31
nid008352,2026/05/03 23:45:14.882, 0, GPU-c8e590fe-c1df-fb38-7bf3-9ed4364cf576, NVIDIA A100-SXM4-80GB, 72771, 81920, 0, 82.61, 32
nid008352,2026/05/03 23:45:14.884, 1, GPU-5efb5c1d-1cd8-daca-bd51-2f30d62f6e1e, NVIDIA A100-SXM4-80GB, 72771, 81920, 0, 81.95, 29
nid008352,2026/05/03 23:45:14.886, 2, GPU-1d24ec01-d8bb-a3cf-73c2-7d6014d1dd4d, NVIDIA A100-SXM4-80GB, 73391, 81920, 0, 95.67, 32
nid008352,2026/05/03 23:45:14.888, 3, GPU-689a6e7c-a622-65fb-9f4d-887ba745f660, NVIDIA A100-SXM4-80GB, 73391, 81920, 0, 93.16, 31
nid008349,2026/05/03 23:45:17.857, 0, GPU-ae1f7b10-d1d8-51cf-b45d-1bd138261533, NVIDIA A100-SXM4-80GB, 35351, 81920, 0, 77.71, 30
nid008349,2026/05/03 23:45:17.860, 1, GPU-3ee15680-aa06-d217-b636-d2f47b6d9c4b, NVIDIA A100-SXM4-80GB, 35351, 81920, 0, 77.43, 29
nid008349,2026/05/03 23:45:17.861, 2, GPU-d442761e-aa01-dc19-4933-441ddf340c0f, NVIDIA A100-SXM4-80GB, 73467, 81920, 0, 76.92, 31
nid008349,2026/05/03 23:45:17.863, 3, GPU-e9b789ef-d802-47c8-e889-2432e34ac6a1, NVIDIA A100-SXM4-80GB, 73015, 81920, 0, 76.72, 29
nid008352,2026/05/03 23:45:18.881, 0, GPU-c8e590fe-c1df-fb38-7bf3-9ed4364cf576, NVIDIA A100-SXM4-80GB, 72771, 81920, 0, 82.61, 32
nid008352,2026/05/03 23:45:18.883, 1, GPU-5efb5c1d-1cd8-daca-bd51-2f30d62f6e1e, NVIDIA A100-SXM4-80GB, 72771, 81920, 0, 81.95, 29
nid008352,2026/05/03 23:45:18.885, 2, GPU-1d24ec01-d8bb-a3cf-73c2-7d6014d1dd4d, NVIDIA A100-SXM4-80GB, 73391, 81920, 0, 95.56, 32
nid008352,2026/05/03 23:45:18.887, 3, GPU-689a6e7c-a622-65fb-9f4d-887ba745f660, NVIDIA A100-SXM4-80GB, 73391, 81920, 0, 93.16, 31
nid008349,2026/05/03 23:45:21.878, 0, GPU-ae1f7b10-d1d8-51cf-b45d-1bd138261533, NVIDIA A100-SXM4-80GB, 35351, 81920, 0, 78.00, 30
nid008349,2026/05/03 23:45:21.880, 1, GPU-3ee15680-aa06-d217-b636-d2f47b6d9c4b, NVIDIA A100-SXM4-80GB, 35351, 81920, 0, 77.43, 29
nid008349,2026/05/03 23:45:21.882, 2, GPU-d442761e-aa01-dc19-4933-441ddf340c0f, NVIDIA A100-SXM4-80GB, 73467, 81920, 0, 76.92, 30
nid008349,2026/05/03 23:45:21.884, 3, GPU-e9b789ef-d802-47c8-e889-2432e34ac6a1, NVIDIA A100-SXM4-80GB, 73015, 81920, 0, 76.81, 29
nid008352,2026/05/03 23:45:22.829, 0, GPU-c8e590fe-c1df-fb38-7bf3-9ed4364cf576, NVIDIA A100-SXM4-80GB, 72771, 81920, 0, 82.61, 32
nid008352,2026/05/03 23:45:22.831, 1, GPU-5efb5c1d-1cd8-daca-bd51-2f30d62f6e1e, NVIDIA A100-SXM4-80GB, 72771, 81920, 0, 81.95, 29
nid008352,2026/05/03 23:45:22.833, 2, GPU-1d24ec01-d8bb-a3cf-73c2-7d6014d1dd4d, NVIDIA A100-SXM4-80GB, 73391, 81920, 0, 95.56, 32
nid008352,2026/05/03 23:45:22.835, 3, GPU-689a6e7c-a622-65fb-9f4d-887ba745f660, NVIDIA A100-SXM4-80GB, 73391, 81920, 0, 93.05, 31
nid008349,2026/05/03 23:45:25.811, 0, GPU-ae1f7b10-d1d8-51cf-b45d-1bd138261533, NVIDIA A100-SXM4-80GB, 35351, 81920, 0, 77.80, 30
nid008349,2026/05/03 23:45:25.814, 1, GPU-3ee15680-aa06-d217-b636-d2f47b6d9c4b, NVIDIA A100-SXM4-80GB, 35351, 81920, 0, 77.43, 29
nid008349,2026/05/03 23:45:25.815, 2, GPU-d442761e-aa01-dc19-4933-441ddf340c0f, NVIDIA A100-SXM4-80GB, 73467, 81920, 0, 76.72, 30
nid008349,2026/05/03 23:45:25.817, 3, GPU-e9b789ef-d802-47c8-e889-2432e34ac6a1, NVIDIA A100-SXM4-80GB, 73015, 81920, 0, 76.72, 29
nid008352,2026/05/03 23:45:26.756, 0, GPU-c8e590fe-c1df-fb38-7bf3-9ed4364cf576, NVIDIA A100-SXM4-80GB, 72771, 81920, 0, 82.61, 32
nid008352,2026/05/03 23:45:26.758, 1, GPU-5efb5c1d-1cd8-daca-bd51-2f30d62f6e1e, NVIDIA A100-SXM4-80GB, 72771, 81920, 0, 81.95, 29
nid008352,2026/05/03 23:45:26.760, 2, GPU-1d24ec01-d8bb-a3cf-73c2-7d6014d1dd4d, NVIDIA A100-SXM4-80GB, 73391, 81920, 0, 95.56, 32
nid008352,2026/05/03 23:45:26.762, 3, GPU-689a6e7c-a622-65fb-9f4d-887ba745f660, NVIDIA A100-SXM4-80GB, 73391, 81920, 0, 93.05, 30
nid008349,2026/05/03 23:45:29.744, 0, GPU-ae1f7b10-d1d8-51cf-b45d-1bd138261533, NVIDIA A100-SXM4-80GB, 35351, 81920, 0, 78.00, 30
nid008349,2026/05/03 23:45:29.747, 1, GPU-3ee15680-aa06-d217-b636-d2f47b6d9c4b, NVIDIA A100-SXM4-80GB, 35351, 81920, 0, 77.71, 29
nid008349,2026/05/03 23:45:29.748, 2, GPU-d442761e-aa01-dc19-4933-441ddf340c0f, NVIDIA A100-SXM4-80GB, 73467, 81920, 0, 76.63, 30
nid008349,2026/05/03 23:45:29.750, 3, GPU-e9b789ef-d802-47c8-e889-2432e34ac6a1, NVIDIA A100-SXM4-80GB, 73015, 81920, 0, 76.72, 29
nid008352,2026/05/03 23:45:30.793, 0, GPU-c8e590fe-c1df-fb38-7bf3-9ed4364cf576, NVIDIA A100-SXM4-80GB, 72771, 81920, 100, 249.90, 37
nid008352,2026/05/03 23:45:30.795, 1, GPU-5efb5c1d-1cd8-daca-bd51-2f30d62f6e1e, NVIDIA A100-SXM4-80GB, 72771, 81920, 100, 182.71, 35
nid008352,2026/05/03 23:45:30.797, 2, GPU-1d24ec01-d8bb-a3cf-73c2-7d6014d1dd4d, NVIDIA A100-SXM4-80GB, 73391, 81920, 100, 177.88, 38
nid008352,2026/05/03 23:45:30.799, 3, GPU-689a6e7c-a622-65fb-9f4d-887ba745f660, NVIDIA A100-SXM4-80GB, 73391, 81920, 100, 207.82, 37
nid008349,2026/05/03 23:45:33.807, 0, GPU-ae1f7b10-d1d8-51cf-b45d-1bd138261533, NVIDIA A100-SXM4-80GB, 35351, 81920, 0, 77.72, 30
nid008349,2026/05/03 23:45:33.809, 1, GPU-3ee15680-aa06-d217-b636-d2f47b6d9c4b, NVIDIA A100-SXM4-80GB, 35351, 81920, 0, 77.24, 29
nid008349,2026/05/03 23:45:33.811, 2, GPU-d442761e-aa01-dc19-4933-441ddf340c0f, NVIDIA A100-SXM4-80GB, 73467, 81920, 100, 286.84, 47
nid008349,2026/05/03 23:45:33.824, 3, GPU-e9b789ef-d802-47c8-e889-2432e34ac6a1, NVIDIA A100-SXM4-80GB, 73015, 81920, 100, 479.61, 40
nid008352,2026/05/03 23:45:34.810, 0, GPU-c8e590fe-c1df-fb38-7bf3-9ed4364cf576, NVIDIA A100-SXM4-80GB, 72771, 81920, 0, 83.13, 34
nid008352,2026/05/03 23:45:34.822, 1, GPU-5efb5c1d-1cd8-daca-bd51-2f30d62f6e1e, NVIDIA A100-SXM4-80GB, 72771, 81920, 0, 82.24, 30
nid008352,2026/05/03 23:45:34.828, 2, GPU-1d24ec01-d8bb-a3cf-73c2-7d6014d1dd4d, NVIDIA A100-SXM4-80GB, 73391, 81920, 0, 96.24, 34
nid008352,2026/05/03 23:45:34.832, 3, GPU-689a6e7c-a622-65fb-9f4d-887ba745f660, NVIDIA A100-SXM4-80GB, 73391, 81920, 0, 93.41, 32
nid008349,2026/05/03 23:45:37.914, 0, GPU-ae1f7b10-d1d8-51cf-b45d-1bd138261533, NVIDIA A100-SXM4-80GB, 35351, 81920, 0, 77.72, 30
nid008349,2026/05/03 23:45:37.916, 1, GPU-3ee15680-aa06-d217-b636-d2f47b6d9c4b, NVIDIA A100-SXM4-80GB, 35351, 81920, 0, 77.43, 29
nid008349,2026/05/03 23:45:37.918, 2, GPU-d442761e-aa01-dc19-4933-441ddf340c0f, NVIDIA A100-SXM4-80GB, 73467, 81920, 100, 495.61, 50
nid008349,2026/05/03 23:45:37.925, 3, GPU-e9b789ef-d802-47c8-e889-2432e34ac6a1, NVIDIA A100-SXM4-80GB, 73015, 81920, 100, 91.75, 39
nid008352,2026/05/03 23:45:38.875, 0, GPU-c8e590fe-c1df-fb38-7bf3-9ed4364cf576, NVIDIA A100-SXM4-80GB, 72771, 81920, 0, 82.61, 32
nid008352,2026/05/03 23:45:38.878, 1, GPU-5efb5c1d-1cd8-daca-bd51-2f30d62f6e1e, NVIDIA A100-SXM4-80GB, 72771, 81920, 0, 81.95, 30
nid008352,2026/05/03 23:45:38.880, 2, GPU-1d24ec01-d8bb-a3cf-73c2-7d6014d1dd4d, NVIDIA A100-SXM4-80GB, 73391, 81920, 0, 95.84, 33
nid008352,2026/05/03 23:45:38.881, 3, GPU-689a6e7c-a622-65fb-9f4d-887ba745f660, NVIDIA A100-SXM4-80GB, 73391, 81920, 0, 93.30, 31
nid008349,2026/05/03 23:45:41.893, 0, GPU-ae1f7b10-d1d8-51cf-b45d-1bd138261533, NVIDIA A100-SXM4-80GB, 35351, 81920, 0, 78.00, 31
nid008349,2026/05/03 23:45:41.895, 1, GPU-3ee15680-aa06-d217-b636-d2f47b6d9c4b, NVIDIA A100-SXM4-80GB, 35351, 81920, 0, 77.43, 29
nid008349,2026/05/03 23:45:41.897, 2, GPU-d442761e-aa01-dc19-4933-441ddf340c0f, NVIDIA A100-SXM4-80GB, 73467, 81920, 0, 78.76, 32
nid008349,2026/05/03 23:45:41.898, 3, GPU-e9b789ef-d802-47c8-e889-2432e34ac6a1, NVIDIA A100-SXM4-80GB, 73015, 81920, 0, 77.24, 30
nid008352,2026/05/03 23:45:42.876, 0, GPU-c8e590fe-c1df-fb38-7bf3-9ed4364cf576, NVIDIA A100-SXM4-80GB, 72771, 81920, 0, 82.61, 32
nid008352,2026/05/03 23:45:42.878, 1, GPU-5efb5c1d-1cd8-daca-bd51-2f30d62f6e1e, NVIDIA A100-SXM4-80GB, 72771, 81920, 0, 81.95, 29
nid008352,2026/05/03 23:45:42.880, 2, GPU-1d24ec01-d8bb-a3cf-73c2-7d6014d1dd4d, NVIDIA A100-SXM4-80GB, 73391, 81920, 0, 95.56, 32
nid008352,2026/05/03 23:45:42.882, 3, GPU-689a6e7c-a622-65fb-9f4d-887ba745f660, NVIDIA A100-SXM4-80GB, 73391, 81920, 0, 93.05, 31
nid008349,2026/05/03 23:45:45.972, 0, GPU-ae1f7b10-d1d8-51cf-b45d-1bd138261533, NVIDIA A100-SXM4-80GB, 35351, 81920, 0, 78.09, 30
nid008349,2026/05/03 23:45:45.975, 1, GPU-3ee15680-aa06-d217-b636-d2f47b6d9c4b, NVIDIA A100-SXM4-80GB, 35351, 81920, 0, 77.52, 29
nid008349,2026/05/03 23:45:45.976, 2, GPU-d442761e-aa01-dc19-4933-441ddf340c0f, NVIDIA A100-SXM4-80GB, 73467, 81920, 0, 77.96, 31
nid008349,2026/05/03 23:45:45.978, 3, GPU-e9b789ef-d802-47c8-e889-2432e34ac6a1, NVIDIA A100-SXM4-80GB, 73015, 81920, 0, 77.01, 29
nid008352,2026/05/03 23:45:46.950, 0, GPU-c8e590fe-c1df-fb38-7bf3-9ed4364cf576, NVIDIA A100-SXM4-80GB, 72771, 81920, 0, 82.61, 32
nid008352,2026/05/03 23:45:46.953, 1, GPU-5efb5c1d-1cd8-daca-bd51-2f30d62f6e1e, NVIDIA A100-SXM4-80GB, 72771, 81920, 0, 81.95, 29
nid008352,2026/05/03 23:45:46.955, 2, GPU-1d24ec01-d8bb-a3cf-73c2-7d6014d1dd4d, NVIDIA A100-SXM4-80GB, 73391, 81920, 0, 95.56, 32
nid008352,2026/05/03 23:45:46.956, 3, GPU-689a6e7c-a622-65fb-9f4d-887ba745f660, NVIDIA A100-SXM4-80GB, 73391, 81920, 0, 93.16, 31
nid008349,2026/05/03 23:45:49.962, 0, GPU-ae1f7b10-d1d8-51cf-b45d-1bd138261533, NVIDIA A100-SXM4-80GB, 35351, 81920, 0, 78.00, 30
nid008349,2026/05/03 23:45:49.965, 1, GPU-3ee15680-aa06-d217-b636-d2f47b6d9c4b, NVIDIA A100-SXM4-80GB, 35351, 81920, 0, 77.43, 29
nid008349,2026/05/03 23:45:49.966, 2, GPU-d442761e-aa01-dc19-4933-441ddf340c0f, NVIDIA A100-SXM4-80GB, 73467, 81920, 0, 77.72, 30
nid008349,2026/05/03 23:45:49.968, 3, GPU-e9b789ef-d802-47c8-e889-2432e34ac6a1, NVIDIA A100-SXM4-80GB, 73015, 81920, 0, 76.72, 29
nid008352,2026/05/03 23:45:50.972, 0, GPU-c8e590fe-c1df-fb38-7bf3-9ed4364cf576, NVIDIA A100-SXM4-80GB, 72771, 81920, 0, 82.61, 32
nid008352,2026/05/03 23:45:50.975, 1, GPU-5efb5c1d-1cd8-daca-bd51-2f30d62f6e1e, NVIDIA A100-SXM4-80GB, 72771, 81920, 0, 81.86, 29
nid008352,2026/05/03 23:45:50.977, 2, GPU-1d24ec01-d8bb-a3cf-73c2-7d6014d1dd4d, NVIDIA A100-SXM4-80GB, 73391, 81920, 0, 95.44, 32
nid008352,2026/05/03 23:45:50.978, 3, GPU-689a6e7c-a622-65fb-9f4d-887ba745f660, NVIDIA A100-SXM4-80GB, 73391, 81920, 0, 93.05, 31
nid008349,2026/05/03 23:45:53.990, 0, GPU-ae1f7b10-d1d8-51cf-b45d-1bd138261533, NVIDIA A100-SXM4-80GB, 35351, 81920, 0, 78.00, 30
nid008349,2026/05/03 23:45:53.993, 1, GPU-3ee15680-aa06-d217-b636-d2f47b6d9c4b, NVIDIA A100-SXM4-80GB, 35351, 81920, 0, 77.52, 29
nid008349,2026/05/03 23:45:53.994, 2, GPU-d442761e-aa01-dc19-4933-441ddf340c0f, NVIDIA A100-SXM4-80GB, 73467, 81920, 0, 77.72, 30
nid008349,2026/05/03 23:45:53.996, 3, GPU-e9b789ef-d802-47c8-e889-2432e34ac6a1, NVIDIA A100-SXM4-80GB, 73015, 81920, 0, 76.63, 29
nid008352,2026/05/03 23:45:55.013, 0, GPU-c8e590fe-c1df-fb38-7bf3-9ed4364cf576, NVIDIA A100-SXM4-80GB, 72771, 81920, 0, 82.61, 32
nid008352,2026/05/03 23:45:55.025, 1, GPU-5efb5c1d-1cd8-daca-bd51-2f30d62f6e1e, NVIDIA A100-SXM4-80GB, 72771, 81920, 0, 81.95, 29
nid008352,2026/05/03 23:45:55.026, 2, GPU-1d24ec01-d8bb-a3cf-73c2-7d6014d1dd4d, NVIDIA A100-SXM4-80GB, 73391, 81920, 0, 95.56, 32
nid008352,2026/05/03 23:45:55.028, 3, GPU-689a6e7c-a622-65fb-9f4d-887ba745f660, NVIDIA A100-SXM4-80GB, 73391, 81920, 0, 93.05, 30
nid008349,2026/05/03 23:45:58.030, 0, GPU-ae1f7b10-d1d8-51cf-b45d-1bd138261533, NVIDIA A100-SXM4-80GB, 35351, 81920, 0, 78.00, 30
nid008349,2026/05/03 23:45:58.033, 1, GPU-3ee15680-aa06-d217-b636-d2f47b6d9c4b, NVIDIA A100-SXM4-80GB, 35351, 81920, 0, 77.43, 29
nid008349,2026/05/03 23:45:58.034, 2, GPU-d442761e-aa01-dc19-4933-441ddf340c0f, NVIDIA A100-SXM4-80GB, 73467, 81920, 0, 77.82, 30
nid008349,2026/05/03 23:45:58.036, 3, GPU-e9b789ef-d802-47c8-e889-2432e34ac6a1, NVIDIA A100-SXM4-80GB, 73015, 81920, 0, 76.72, 29
nid008352,2026/05/03 23:45:59.110, 0, GPU-c8e590fe-c1df-fb38-7bf3-9ed4364cf576, NVIDIA A100-SXM4-80GB, 72771, 81920, 100, 188.42, 38
nid008352,2026/05/03 23:45:59.118, 1, GPU-5efb5c1d-1cd8-daca-bd51-2f30d62f6e1e, NVIDIA A100-SXM4-80GB, 72771, 81920, 100, 192.49, 35
nid008352,2026/05/03 23:45:59.120, 2, GPU-1d24ec01-d8bb-a3cf-73c2-7d6014d1dd4d, NVIDIA A100-SXM4-80GB, 73391, 81920, 100, 259.11, 39
nid008352,2026/05/03 23:45:59.122, 3, GPU-689a6e7c-a622-65fb-9f4d-887ba745f660, NVIDIA A100-SXM4-80GB, 73391, 81920, 100, 175.42, 37
nid008349,2026/05/03 23:46:02.121, 0, GPU-ae1f7b10-d1d8-51cf-b45d-1bd138261533, NVIDIA A100-SXM4-80GB, 35351, 81920, 0, 77.96, 30
nid008349,2026/05/03 23:46:02.124, 1, GPU-3ee15680-aa06-d217-b636-d2f47b6d9c4b, NVIDIA A100-SXM4-80GB, 35351, 81920, 0, 77.43, 29
nid008349,2026/05/03 23:46:02.125, 2, GPU-d442761e-aa01-dc19-4933-441ddf340c0f, NVIDIA A100-SXM4-80GB, 73467, 81920, 100, 145.90, 42
nid008349,2026/05/03 23:46:02.127, 3, GPU-e9b789ef-d802-47c8-e889-2432e34ac6a1, NVIDIA A100-SXM4-80GB, 73015, 81920, 100, 505.70, 47
nid008352,2026/05/03 23:46:03.106, 0, GPU-c8e590fe-c1df-fb38-7bf3-9ed4364cf576, NVIDIA A100-SXM4-80GB, 72771, 81920, 0, 82.89, 33
nid008352,2026/05/03 23:46:03.112, 1, GPU-5efb5c1d-1cd8-daca-bd51-2f30d62f6e1e, NVIDIA A100-SXM4-80GB, 72771, 81920, 0, 82.24, 30
nid008352,2026/05/03 23:46:03.114, 2, GPU-1d24ec01-d8bb-a3cf-73c2-7d6014d1dd4d, NVIDIA A100-SXM4-80GB, 73391, 81920, 0, 96.08, 33
nid008352,2026/05/03 23:46:03.116, 3, GPU-689a6e7c-a622-65fb-9f4d-887ba745f660, NVIDIA A100-SXM4-80GB, 73391, 81920, 0, 93.41, 31
nid008349,2026/05/03 23:46:06.153, 0, GPU-ae1f7b10-d1d8-51cf-b45d-1bd138261533, NVIDIA A100-SXM4-80GB, 35351, 81920, 0, 77.96, 31
nid008349,2026/05/03 23:46:06.155, 1, GPU-3ee15680-aa06-d217-b636-d2f47b6d9c4b, NVIDIA A100-SXM4-80GB, 35351, 81920, 0, 77.43, 29
nid008349,2026/05/03 23:46:06.157, 2, GPU-d442761e-aa01-dc19-4933-441ddf340c0f, NVIDIA A100-SXM4-80GB, 73467, 81920, 99, 509.30, 51
nid008349,2026/05/03 23:46:06.159, 3, GPU-e9b789ef-d802-47c8-e889-2432e34ac6a1, NVIDIA A100-SXM4-80GB, 73015, 81920, 89, 92.16, 38
nid008352,2026/05/03 23:46:07.169, 0, GPU-c8e590fe-c1df-fb38-7bf3-9ed4364cf576, NVIDIA A100-SXM4-80GB, 72771, 81920, 0, 82.71, 32
nid008352,2026/05/03 23:46:07.172, 1, GPU-5efb5c1d-1cd8-daca-bd51-2f30d62f6e1e, NVIDIA A100-SXM4-80GB, 72771, 81920, 0, 81.95, 29
nid008352,2026/05/03 23:46:07.174, 2, GPU-1d24ec01-d8bb-a3cf-73c2-7d6014d1dd4d, NVIDIA A100-SXM4-80GB, 73391, 81920, 0, 95.73, 33
nid008352,2026/05/03 23:46:07.177, 3, GPU-689a6e7c-a622-65fb-9f4d-887ba745f660, NVIDIA A100-SXM4-80GB, 73391, 81920, 0, 93.30, 31
nid008349,2026/05/03 23:46:10.385, 0, GPU-ae1f7b10-d1d8-51cf-b45d-1bd138261533, NVIDIA A100-SXM4-80GB, 35351, 81920, 0, 77.96, 31
nid008349,2026/05/03 23:46:10.387, 1, GPU-3ee15680-aa06-d217-b636-d2f47b6d9c4b, NVIDIA A100-SXM4-80GB, 35351, 81920, 0, 77.43, 29
nid008349,2026/05/03 23:46:10.389, 2, GPU-d442761e-aa01-dc19-4933-441ddf340c0f, NVIDIA A100-SXM4-80GB, 73467, 81920, 100, 503.26, 46
nid008349,2026/05/03 23:46:10.390, 3, GPU-e9b789ef-d802-47c8-e889-2432e34ac6a1, NVIDIA A100-SXM4-80GB, 73015, 81920, 100, 447.29, 44
nid008352,2026/05/03 23:46:11.376, 0, GPU-c8e590fe-c1df-fb38-7bf3-9ed4364cf576, NVIDIA A100-SXM4-80GB, 72771, 81920, 0, 82.51, 32
nid008352,2026/05/03 23:46:11.379, 1, GPU-5efb5c1d-1cd8-daca-bd51-2f30d62f6e1e, NVIDIA A100-SXM4-80GB, 72771, 81920, 0, 82.05, 29
nid008352,2026/05/03 23:46:11.380, 2, GPU-1d24ec01-d8bb-a3cf-73c2-7d6014d1dd4d, NVIDIA A100-SXM4-80GB, 73391, 81920, 0, 95.67, 32
nid008352,2026/05/03 23:46:11.382, 3, GPU-689a6e7c-a622-65fb-9f4d-887ba745f660, NVIDIA A100-SXM4-80GB, 73391, 81920, 0, 93.05, 31
nid008349,2026/05/03 23:46:14.413, 0, GPU-ae1f7b10-d1d8-51cf-b45d-1bd138261533, NVIDIA A100-SXM4-80GB, 35351, 81920, 0, 77.96, 31
nid008349,2026/05/03 23:46:14.415, 1, GPU-3ee15680-aa06-d217-b636-d2f47b6d9c4b, NVIDIA A100-SXM4-80GB, 35351, 81920, 0, 77.43, 29
nid008349,2026/05/03 23:46:14.416, 2, GPU-d442761e-aa01-dc19-4933-441ddf340c0f, NVIDIA A100-SXM4-80GB, 73467, 81920, 100, 501.21, 54
nid008349,2026/05/03 23:46:14.418, 3, GPU-e9b789ef-d802-47c8-e889-2432e34ac6a1, NVIDIA A100-SXM4-80GB, 73015, 81920, 100, 92.83, 40
nid008352,2026/05/03 23:46:15.414, 0, GPU-c8e590fe-c1df-fb38-7bf3-9ed4364cf576, NVIDIA A100-SXM4-80GB, 72771, 81920, 0, 82.51, 32
nid008352,2026/05/03 23:46:15.418, 1, GPU-5efb5c1d-1cd8-daca-bd51-2f30d62f6e1e, NVIDIA A100-SXM4-80GB, 72771, 81920, 0, 81.86, 29
nid008352,2026/05/03 23:46:15.419, 2, GPU-1d24ec01-d8bb-a3cf-73c2-7d6014d1dd4d, NVIDIA A100-SXM4-80GB, 73391, 81920, 0, 95.56, 32
nid008352,2026/05/03 23:46:15.421, 3, GPU-689a6e7c-a622-65fb-9f4d-887ba745f660, NVIDIA A100-SXM4-80GB, 73391, 81920, 0, 93.05, 31
nid008349,2026/05/03 23:46:18.515, 0, GPU-ae1f7b10-d1d8-51cf-b45d-1bd138261533, NVIDIA A100-SXM4-80GB, 35351, 81920, 0, 77.96, 31
nid008349,2026/05/03 23:46:18.518, 1, GPU-3ee15680-aa06-d217-b636-d2f47b6d9c4b, NVIDIA A100-SXM4-80GB, 35351, 81920, 0, 77.43, 29
nid008349,2026/05/03 23:46:18.519, 2, GPU-d442761e-aa01-dc19-4933-441ddf340c0f, NVIDIA A100-SXM4-80GB, 73467, 81920, 99, 502.73, 53
nid008349,2026/05/03 23:46:18.524, 3, GPU-e9b789ef-d802-47c8-e889-2432e34ac6a1, NVIDIA A100-SXM4-80GB, 73015, 81920, 100, 92.03, 39
nid008352,2026/05/03 23:46:19.574, 0, GPU-c8e590fe-c1df-fb38-7bf3-9ed4364cf576, NVIDIA A100-SXM4-80GB, 72771, 81920, 100, 204.17, 37
nid008352,2026/05/03 23:46:19.577, 1, GPU-5efb5c1d-1cd8-daca-bd51-2f30d62f6e1e, NVIDIA A100-SXM4-80GB, 72771, 81920, 100, 191.40, 35
nid008352,2026/05/03 23:46:19.579, 2, GPU-1d24ec01-d8bb-a3cf-73c2-7d6014d1dd4d, NVIDIA A100-SXM4-80GB, 73391, 81920, 100, 248.01, 38
nid008352,2026/05/03 23:46:19.582, 3, GPU-689a6e7c-a622-65fb-9f4d-887ba745f660, NVIDIA A100-SXM4-80GB, 73391, 81920, 100, 183.63, 37
nid008349,2026/05/03 23:46:22.576, 0, GPU-ae1f7b10-d1d8-51cf-b45d-1bd138261533, NVIDIA A100-SXM4-80GB, 35351, 81920, 0, 77.96, 31
nid008349,2026/05/03 23:46:22.578, 1, GPU-3ee15680-aa06-d217-b636-d2f47b6d9c4b, NVIDIA A100-SXM4-80GB, 35351, 81920, 0, 77.43, 29
nid008349,2026/05/03 23:46:22.581, 2, GPU-d442761e-aa01-dc19-4933-441ddf340c0f, NVIDIA A100-SXM4-80GB, 73467, 81920, 100, 94.01, 48
nid008349,2026/05/03 23:46:22.583, 3, GPU-e9b789ef-d802-47c8-e889-2432e34ac6a1, NVIDIA A100-SXM4-80GB, 73015, 81920, 95, 106.13, 43
nid008352,2026/05/03 23:46:23.568, 0, GPU-c8e590fe-c1df-fb38-7bf3-9ed4364cf576, NVIDIA A100-SXM4-80GB, 72771, 81920, 0, 83.13, 34
nid008352,2026/05/03 23:46:23.578, 1, GPU-5efb5c1d-1cd8-daca-bd51-2f30d62f6e1e, NVIDIA A100-SXM4-80GB, 72771, 81920, 0, 82.14, 31
nid008352,2026/05/03 23:46:23.585, 2, GPU-1d24ec01-d8bb-a3cf-73c2-7d6014d1dd4d, NVIDIA A100-SXM4-80GB, 73391, 81920, 0, 96.36, 34
nid008352,2026/05/03 23:46:23.589, 3, GPU-689a6e7c-a622-65fb-9f4d-887ba745f660, NVIDIA A100-SXM4-80GB, 73391, 81920, 0, 93.58, 32
nid008349,2026/05/03 23:46:26.618, 0, GPU-ae1f7b10-d1d8-51cf-b45d-1bd138261533, NVIDIA A100-SXM4-80GB, 35351, 81920, 0, 77.72, 31
nid008349,2026/05/03 23:46:26.621, 1, GPU-3ee15680-aa06-d217-b636-d2f47b6d9c4b, NVIDIA A100-SXM4-80GB, 35351, 81920, 0, 77.43, 29
nid008349,2026/05/03 23:46:26.622, 2, GPU-d442761e-aa01-dc19-4933-441ddf340c0f, NVIDIA A100-SXM4-80GB, 73467, 81920, 100, 94.81, 42
nid008349,2026/05/03 23:46:26.624, 3, GPU-e9b789ef-d802-47c8-e889-2432e34ac6a1, NVIDIA A100-SXM4-80GB, 73015, 81920, 100, 501.49, 52
nid008352,2026/05/03 23:46:27.620, 0, GPU-c8e590fe-c1df-fb38-7bf3-9ed4364cf576, NVIDIA A100-SXM4-80GB, 72771, 81920, 0, 82.51, 32
nid008352,2026/05/03 23:46:27.628, 1, GPU-5efb5c1d-1cd8-daca-bd51-2f30d62f6e1e, NVIDIA A100-SXM4-80GB, 72771, 81920, 0, 81.86, 30
nid008352,2026/05/03 23:46:27.632, 2, GPU-1d24ec01-d8bb-a3cf-73c2-7d6014d1dd4d, NVIDIA A100-SXM4-80GB, 73391, 81920, 0, 95.84, 33
nid008352,2026/05/03 23:46:27.638, 3, GPU-689a6e7c-a622-65fb-9f4d-887ba745f660, NVIDIA A100-SXM4-80GB, 73391, 81920, 0, 93.30, 31
nid008349,2026/05/03 23:46:30.648, 0, GPU-ae1f7b10-d1d8-51cf-b45d-1bd138261533, NVIDIA A100-SXM4-80GB, 35351, 81920, 0, 77.96, 31
nid008349,2026/05/03 23:46:30.651, 1, GPU-3ee15680-aa06-d217-b636-d2f47b6d9c4b, NVIDIA A100-SXM4-80GB, 35351, 81920, 0, 77.43, 29
nid008349,2026/05/03 23:46:30.652, 2, GPU-d442761e-aa01-dc19-4933-441ddf340c0f, NVIDIA A100-SXM4-80GB, 73467, 81920, 100, 97.34, 44
nid008349,2026/05/03 23:46:30.654, 3, GPU-e9b789ef-d802-47c8-e889-2432e34ac6a1, NVIDIA A100-SXM4-80GB, 73015, 81920, 100, 506.94, 47
nid008352,2026/05/03 23:46:31.668, 0, GPU-c8e590fe-c1df-fb38-7bf3-9ed4364cf576, NVIDIA A100-SXM4-80GB, 72771, 81920, 0, 82.61, 32
nid008352,2026/05/03 23:46:31.670, 1, GPU-5efb5c1d-1cd8-daca-bd51-2f30d62f6e1e, NVIDIA A100-SXM4-80GB, 72771, 81920, 0, 81.95, 29
nid008352,2026/05/03 23:46:31.672, 2, GPU-1d24ec01-d8bb-a3cf-73c2-7d6014d1dd4d, NVIDIA A100-SXM4-80GB, 73391, 81920, 0, 95.96, 32
nid008352,2026/05/03 23:46:31.673, 3, GPU-689a6e7c-a622-65fb-9f4d-887ba745f660, NVIDIA A100-SXM4-80GB, 73391, 81920, 0, 93.05, 31
nid008349,2026/05/03 23:46:34.743, 0, GPU-ae1f7b10-d1d8-51cf-b45d-1bd138261533, NVIDIA A100-SXM4-80GB, 35351, 81920, 0, 77.87, 31
nid008349,2026/05/03 23:46:34.745, 1, GPU-3ee15680-aa06-d217-b636-d2f47b6d9c4b, NVIDIA A100-SXM4-80GB, 35351, 81920, 0, 77.34, 29
nid008349,2026/05/03 23:46:34.747, 2, GPU-d442761e-aa01-dc19-4933-441ddf340c0f, NVIDIA A100-SXM4-80GB, 73467, 81920, 100, 96.65, 48
nid008349,2026/05/03 23:46:34.752, 3, GPU-e9b789ef-d802-47c8-e889-2432e34ac6a1, NVIDIA A100-SXM4-80GB, 73015, 81920, 100, 91.12, 45
nid008352,2026/05/03 23:46:35.716, 0, GPU-c8e590fe-c1df-fb38-7bf3-9ed4364cf576, NVIDIA A100-SXM4-80GB, 72771, 81920, 0, 82.61, 32
nid008352,2026/05/03 23:46:35.725, 1, GPU-5efb5c1d-1cd8-daca-bd51-2f30d62f6e1e, NVIDIA A100-SXM4-80GB, 72771, 81920, 0, 82.05, 29
nid008352,2026/05/03 23:46:35.727, 2, GPU-1d24ec01-d8bb-a3cf-73c2-7d6014d1dd4d, NVIDIA A100-SXM4-80GB, 73391, 81920, 0, 95.56, 32
nid008352,2026/05/03 23:46:35.729, 3, GPU-689a6e7c-a622-65fb-9f4d-887ba745f660, NVIDIA A100-SXM4-80GB, 73391, 81920, 0, 93.30, 31
nid008349,2026/05/03 23:46:38.739, 0, GPU-ae1f7b10-d1d8-51cf-b45d-1bd138261533, NVIDIA A100-SXM4-80GB, 35351, 81920, 0, 77.87, 31
nid008349,2026/05/03 23:46:38.741, 1, GPU-3ee15680-aa06-d217-b636-d2f47b6d9c4b, NVIDIA A100-SXM4-80GB, 35351, 81920, 0, 77.43, 29
nid008349,2026/05/03 23:46:38.743, 2, GPU-d442761e-aa01-dc19-4933-441ddf340c0f, NVIDIA A100-SXM4-80GB, 73467, 81920, 100, 500.81, 55
nid008349,2026/05/03 23:46:38.744, 3, GPU-e9b789ef-d802-47c8-e889-2432e34ac6a1, NVIDIA A100-SXM4-80GB, 73015, 81920, 100, 93.36, 39
nid008352,2026/05/03 23:46:39.736, 0, GPU-c8e590fe-c1df-fb38-7bf3-9ed4364cf576, NVIDIA A100-SXM4-80GB, 72771, 81920, 0, 82.61, 32
nid008352,2026/05/03 23:46:39.738, 1, GPU-5efb5c1d-1cd8-daca-bd51-2f30d62f6e1e, NVIDIA A100-SXM4-80GB, 72771, 81920, 0, 81.95, 29
nid008352,2026/05/03 23:46:39.740, 2, GPU-1d24ec01-d8bb-a3cf-73c2-7d6014d1dd4d, NVIDIA A100-SXM4-80GB, 73391, 81920, 0, 95.56, 32
nid008352,2026/05/03 23:46:39.742, 3, GPU-689a6e7c-a622-65fb-9f4d-887ba745f660, NVIDIA A100-SXM4-80GB, 73391, 81920, 0, 93.05, 31
nid008349,2026/05/03 23:46:42.747, 0, GPU-ae1f7b10-d1d8-51cf-b45d-1bd138261533, NVIDIA A100-SXM4-80GB, 35351, 81920, 0, 78.48, 31
nid008349,2026/05/03 23:46:42.750, 1, GPU-3ee15680-aa06-d217-b636-d2f47b6d9c4b, NVIDIA A100-SXM4-80GB, 35351, 81920, 0, 77.43, 29
nid008349,2026/05/03 23:46:42.751, 2, GPU-d442761e-aa01-dc19-4933-441ddf340c0f, NVIDIA A100-SXM4-80GB, 73467, 81920, 100, 287.29, 45
nid008349,2026/05/03 23:46:42.753, 3, GPU-e9b789ef-d802-47c8-e889-2432e34ac6a1, NVIDIA A100-SXM4-80GB, 73015, 81920, 100, 93.25, 41
nid008352,2026/05/03 23:46:43.691, 0, GPU-c8e590fe-c1df-fb38-7bf3-9ed4364cf576, NVIDIA A100-SXM4-80GB, 72771, 81920, 0, 82.61, 32
nid008352,2026/05/03 23:46:43.694, 1, GPU-5efb5c1d-1cd8-daca-bd51-2f30d62f6e1e, NVIDIA A100-SXM4-80GB, 72771, 81920, 0, 81.95, 29
nid008352,2026/05/03 23:46:43.696, 2, GPU-1d24ec01-d8bb-a3cf-73c2-7d6014d1dd4d, NVIDIA A100-SXM4-80GB, 73391, 81920, 0, 95.56, 32
nid008352,2026/05/03 23:46:43.697, 3, GPU-689a6e7c-a622-65fb-9f4d-887ba745f660, NVIDIA A100-SXM4-80GB, 73391, 81920, 0, 93.05, 31
nid008349,2026/05/03 23:46:46.858, 0, GPU-ae1f7b10-d1d8-51cf-b45d-1bd138261533, NVIDIA A100-SXM4-80GB, 35351, 81920, 0, 77.87, 31
nid008349,2026/05/03 23:46:46.860, 1, GPU-3ee15680-aa06-d217-b636-d2f47b6d9c4b, NVIDIA A100-SXM4-80GB, 35351, 81920, 0, 77.34, 29
nid008349,2026/05/03 23:46:46.862, 2, GPU-d442761e-aa01-dc19-4933-441ddf340c0f, NVIDIA A100-SXM4-80GB, 73467, 81920, 100, 470.08, 49
nid008349,2026/05/03 23:46:46.864, 3, GPU-e9b789ef-d802-47c8-e889-2432e34ac6a1, NVIDIA A100-SXM4-80GB, 73015, 81920, 100, 499.05, 43
nid008352,2026/05/03 23:46:47.805, 0, GPU-c8e590fe-c1df-fb38-7bf3-9ed4364cf576, NVIDIA A100-SXM4-80GB, 72771, 81920, 0, 82.61, 32
nid008352,2026/05/03 23:46:47.808, 1, GPU-5efb5c1d-1cd8-daca-bd51-2f30d62f6e1e, NVIDIA A100-SXM4-80GB, 72771, 81920, 0, 81.95, 29
nid008352,2026/05/03 23:46:47.810, 2, GPU-1d24ec01-d8bb-a3cf-73c2-7d6014d1dd4d, NVIDIA A100-SXM4-80GB, 73391, 81920, 0, 95.56, 32
nid008352,2026/05/03 23:46:47.811, 3, GPU-689a6e7c-a622-65fb-9f4d-887ba745f660, NVIDIA A100-SXM4-80GB, 73391, 81920, 0, 93.05, 31
nid008349,2026/05/03 23:46:50.832, 0, GPU-ae1f7b10-d1d8-51cf-b45d-1bd138261533, NVIDIA A100-SXM4-80GB, 35351, 81920, 0, 77.96, 31
nid008349,2026/05/03 23:46:50.834, 1, GPU-3ee15680-aa06-d217-b636-d2f47b6d9c4b, NVIDIA A100-SXM4-80GB, 35351, 81920, 0, 77.43, 29
nid008349,2026/05/03 23:46:50.836, 2, GPU-d442761e-aa01-dc19-4933-441ddf340c0f, NVIDIA A100-SXM4-80GB, 73467, 81920, 100, 96.26, 45
nid008349,2026/05/03 23:46:50.837, 3, GPU-e9b789ef-d802-47c8-e889-2432e34ac6a1, NVIDIA A100-SXM4-80GB, 73015, 81920, 89, 503.33, 48
nid008352,2026/05/03 23:46:51.827, 0, GPU-c8e590fe-c1df-fb38-7bf3-9ed4364cf576, NVIDIA A100-SXM4-80GB, 72771, 81920, 0, 82.61, 32
nid008352,2026/05/03 23:46:51.830, 1, GPU-5efb5c1d-1cd8-daca-bd51-2f30d62f6e1e, NVIDIA A100-SXM4-80GB, 72771, 81920, 0, 81.95, 29
nid008352,2026/05/03 23:46:51.831, 2, GPU-1d24ec01-d8bb-a3cf-73c2-7d6014d1dd4d, NVIDIA A100-SXM4-80GB, 73391, 81920, 0, 95.56, 32
nid008352,2026/05/03 23:46:51.833, 3, GPU-689a6e7c-a622-65fb-9f4d-887ba745f660, NVIDIA A100-SXM4-80GB, 73391, 81920, 0, 93.05, 31
nid008349,2026/05/03 23:46:54.821, 0, GPU-ae1f7b10-d1d8-51cf-b45d-1bd138261533, NVIDIA A100-SXM4-80GB, 35351, 81920, 0, 77.96, 31
nid008349,2026/05/03 23:46:54.824, 1, GPU-3ee15680-aa06-d217-b636-d2f47b6d9c4b, NVIDIA A100-SXM4-80GB, 35351, 81920, 0, 77.43, 29
nid008349,2026/05/03 23:46:54.825, 2, GPU-d442761e-aa01-dc19-4933-441ddf340c0f, NVIDIA A100-SXM4-80GB, 73467, 81920, 100, 501.41, 55
nid008349,2026/05/03 23:46:54.827, 3, GPU-e9b789ef-d802-47c8-e889-2432e34ac6a1, NVIDIA A100-SXM4-80GB, 73015, 81920, 99, 92.03, 38
nid008352,2026/05/03 23:46:55.772, 0, GPU-c8e590fe-c1df-fb38-7bf3-9ed4364cf576, NVIDIA A100-SXM4-80GB, 72771, 81920, 0, 82.61, 32
nid008352,2026/05/03 23:46:55.775, 1, GPU-5efb5c1d-1cd8-daca-bd51-2f30d62f6e1e, NVIDIA A100-SXM4-80GB, 72771, 81920, 0, 81.86, 29
nid008352,2026/05/03 23:46:55.776, 2, GPU-1d24ec01-d8bb-a3cf-73c2-7d6014d1dd4d, NVIDIA A100-SXM4-80GB, 73391, 81920, 0, 95.44, 32
nid008352,2026/05/03 23:46:55.778, 3, GPU-689a6e7c-a622-65fb-9f4d-887ba745f660, NVIDIA A100-SXM4-80GB, 73391, 81920, 0, 93.16, 31
nid008349,2026/05/03 23:46:58.782, 0, GPU-ae1f7b10-d1d8-51cf-b45d-1bd138261533, NVIDIA A100-SXM4-80GB, 35351, 81920, 0, 77.72, 31
nid008349,2026/05/03 23:46:58.785, 1, GPU-3ee15680-aa06-d217-b636-d2f47b6d9c4b, NVIDIA A100-SXM4-80GB, 35351, 81920, 0, 77.43, 29
nid008349,2026/05/03 23:46:58.790, 2, GPU-d442761e-aa01-dc19-4933-441ddf340c0f, NVIDIA A100-SXM4-80GB, 73467, 81920, 100, 93.89, 43
nid008349,2026/05/03 23:46:58.792, 3, GPU-e9b789ef-d802-47c8-e889-2432e34ac6a1, NVIDIA A100-SXM4-80GB, 73015, 81920, 100, 97.81, 42
nid008352,2026/05/03 23:46:59.795, 0, GPU-c8e590fe-c1df-fb38-7bf3-9ed4364cf576, NVIDIA A100-SXM4-80GB, 72771, 81920, 0, 82.61, 32
nid008352,2026/05/03 23:46:59.797, 1, GPU-5efb5c1d-1cd8-daca-bd51-2f30d62f6e1e, NVIDIA A100-SXM4-80GB, 72771, 81920, 0, 81.95, 29
nid008352,2026/05/03 23:46:59.799, 2, GPU-1d24ec01-d8bb-a3cf-73c2-7d6014d1dd4d, NVIDIA A100-SXM4-80GB, 73391, 81920, 0, 95.56, 32
nid008352,2026/05/03 23:46:59.801, 3, GPU-689a6e7c-a622-65fb-9f4d-887ba745f660, NVIDIA A100-SXM4-80GB, 73391, 81920, 0, 93.16, 31
nid008349,2026/05/03 23:47:02.889, 0, GPU-ae1f7b10-d1d8-51cf-b45d-1bd138261533, NVIDIA A100-SXM4-80GB, 35351, 81920, 0, 78.24, 31
nid008349,2026/05/03 23:47:02.892, 1, GPU-3ee15680-aa06-d217-b636-d2f47b6d9c4b, NVIDIA A100-SXM4-80GB, 35351, 81920, 0, 77.43, 29
nid008349,2026/05/03 23:47:02.893, 2, GPU-d442761e-aa01-dc19-4933-441ddf340c0f, NVIDIA A100-SXM4-80GB, 73467, 81920, 100, 338.33, 50
nid008349,2026/05/03 23:47:02.900, 3, GPU-e9b789ef-d802-47c8-e889-2432e34ac6a1, NVIDIA A100-SXM4-80GB, 73015, 81920, 100, 495.37, 52
nid008352,2026/05/03 23:47:03.927, 0, GPU-c8e590fe-c1df-fb38-7bf3-9ed4364cf576, NVIDIA A100-SXM4-80GB, 72771, 81920, 0, 82.61, 32
nid008352,2026/05/03 23:47:03.932, 1, GPU-5efb5c1d-1cd8-daca-bd51-2f30d62f6e1e, NVIDIA A100-SXM4-80GB, 72771, 81920, 0, 81.86, 29
nid008352,2026/05/03 23:47:03.933, 2, GPU-1d24ec01-d8bb-a3cf-73c2-7d6014d1dd4d, NVIDIA A100-SXM4-80GB, 73391, 81920, 0, 95.56, 32
nid008352,2026/05/03 23:47:03.935, 3, GPU-689a6e7c-a622-65fb-9f4d-887ba745f660, NVIDIA A100-SXM4-80GB, 73391, 81920, 0, 93.05, 31
nid008349,2026/05/03 23:47:06.965, 0, GPU-ae1f7b10-d1d8-51cf-b45d-1bd138261533, NVIDIA A100-SXM4-80GB, 35351, 81920, 0, 77.72, 31
nid008349,2026/05/03 23:47:06.968, 1, GPU-3ee15680-aa06-d217-b636-d2f47b6d9c4b, NVIDIA A100-SXM4-80GB, 35351, 81920, 0, 77.43, 29
nid008349,2026/05/03 23:47:06.969, 2, GPU-d442761e-aa01-dc19-4933-441ddf340c0f, NVIDIA A100-SXM4-80GB, 73467, 81920, 100, 96.01, 43
nid008349,2026/05/03 23:47:06.971, 3, GPU-e9b789ef-d802-47c8-e889-2432e34ac6a1, NVIDIA A100-SXM4-80GB, 73015, 81920, 100, 504.01, 52
nid008352,2026/05/03 23:47:07.970, 0, GPU-c8e590fe-c1df-fb38-7bf3-9ed4364cf576, NVIDIA A100-SXM4-80GB, 72771, 81920, 0, 82.61, 32
nid008352,2026/05/03 23:47:07.972, 1, GPU-5efb5c1d-1cd8-daca-bd51-2f30d62f6e1e, NVIDIA A100-SXM4-80GB, 72771, 81920, 0, 81.95, 29
nid008352,2026/05/03 23:47:07.976, 2, GPU-1d24ec01-d8bb-a3cf-73c2-7d6014d1dd4d, NVIDIA A100-SXM4-80GB, 73391, 81920, 0, 95.56, 32
nid008352,2026/05/03 23:47:07.978, 3, GPU-689a6e7c-a622-65fb-9f4d-887ba745f660, NVIDIA A100-SXM4-80GB, 73391, 81920, 0, 93.05, 30
nid008349,2026/05/03 23:47:11.041, 0, GPU-ae1f7b10-d1d8-51cf-b45d-1bd138261533, NVIDIA A100-SXM4-80GB, 35351, 81920, 0, 77.87, 31
nid008349,2026/05/03 23:47:11.043, 1, GPU-3ee15680-aa06-d217-b636-d2f47b6d9c4b, NVIDIA A100-SXM4-80GB, 35351, 81920, 0, 77.34, 29
nid008349,2026/05/03 23:47:11.045, 2, GPU-d442761e-aa01-dc19-4933-441ddf340c0f, NVIDIA A100-SXM4-80GB, 73467, 81920, 100, 96.37, 43
nid008349,2026/05/03 23:47:11.046, 3, GPU-e9b789ef-d802-47c8-e889-2432e34ac6a1, NVIDIA A100-SXM4-80GB, 73015, 81920, 100, 499.37, 51
nid008352,2026/05/03 23:47:12.021, 0, GPU-c8e590fe-c1df-fb38-7bf3-9ed4364cf576, NVIDIA A100-SXM4-80GB, 72771, 81920, 0, 82.38, 32
nid008352,2026/05/03 23:47:12.024, 1, GPU-5efb5c1d-1cd8-daca-bd51-2f30d62f6e1e, NVIDIA A100-SXM4-80GB, 72771, 81920, 0, 81.86, 29
nid008352,2026/05/03 23:47:12.025, 2, GPU-1d24ec01-d8bb-a3cf-73c2-7d6014d1dd4d, NVIDIA A100-SXM4-80GB, 73391, 81920, 0, 95.56, 32
nid008352,2026/05/03 23:47:12.027, 3, GPU-689a6e7c-a622-65fb-9f4d-887ba745f660, NVIDIA A100-SXM4-80GB, 73391, 81920, 0, 93.05, 30
nid008349,2026/05/03 23:47:15.044, 0, GPU-ae1f7b10-d1d8-51cf-b45d-1bd138261533, NVIDIA A100-SXM4-80GB, 35351, 81920, 0, 77.82, 31
nid008349,2026/05/03 23:47:15.047, 1, GPU-3ee15680-aa06-d217-b636-d2f47b6d9c4b, NVIDIA A100-SXM4-80GB, 35351, 81920, 0, 77.24, 29
nid008349,2026/05/03 23:47:15.048, 2, GPU-d442761e-aa01-dc19-4933-441ddf340c0f, NVIDIA A100-SXM4-80GB, 73467, 81920, 100, 153.05, 49
nid008349,2026/05/03 23:47:15.050, 3, GPU-e9b789ef-d802-47c8-e889-2432e34ac6a1, NVIDIA A100-SXM4-80GB, 73015, 81920, 100, 92.03, 40
nid008352,2026/05/03 23:47:16.006, 0, GPU-c8e590fe-c1df-fb38-7bf3-9ed4364cf576, NVIDIA A100-SXM4-80GB, 72771, 81920, 0, 82.47, 32
nid008352,2026/05/03 23:47:16.009, 1, GPU-5efb5c1d-1cd8-daca-bd51-2f30d62f6e1e, NVIDIA A100-SXM4-80GB, 72771, 81920, 0, 81.81, 29
nid008352,2026/05/03 23:47:16.010, 2, GPU-1d24ec01-d8bb-a3cf-73c2-7d6014d1dd4d, NVIDIA A100-SXM4-80GB, 73391, 81920, 0, 95.43, 32
nid008352,2026/05/03 23:47:16.012, 3, GPU-689a6e7c-a622-65fb-9f4d-887ba745f660, NVIDIA A100-SXM4-80GB, 73391, 81920, 0, 92.99, 30
nid008349,2026/05/03 23:47:18.996, 0, GPU-ae1f7b10-d1d8-51cf-b45d-1bd138261533, NVIDIA A100-SXM4-80GB, 35351, 81920, 0, 77.82, 31
nid008349,2026/05/03 23:47:18.999, 1, GPU-3ee15680-aa06-d217-b636-d2f47b6d9c4b, NVIDIA A100-SXM4-80GB, 35351, 81920, 0, 77.53, 29
nid008349,2026/05/03 23:47:19.000, 2, GPU-d442761e-aa01-dc19-4933-441ddf340c0f, NVIDIA A100-SXM4-80GB, 73467, 81920, 100, 507.26, 53
nid008349,2026/05/03 23:47:19.002, 3, GPU-e9b789ef-d802-47c8-e889-2432e34ac6a1, NVIDIA A100-SXM4-80GB, 73015, 81920, 100, 97.93, 44
nid008352,2026/05/03 23:47:19.936, 0, GPU-c8e590fe-c1df-fb38-7bf3-9ed4364cf576, NVIDIA A100-SXM4-80GB, 72771, 81920, 0, 82.47, 31
nid008352,2026/05/03 23:47:19.939, 1, GPU-5efb5c1d-1cd8-daca-bd51-2f30d62f6e1e, NVIDIA A100-SXM4-80GB, 72771, 81920, 0, 81.81, 29
nid008352,2026/05/03 23:47:19.941, 2, GPU-1d24ec01-d8bb-a3cf-73c2-7d6014d1dd4d, NVIDIA A100-SXM4-80GB, 73391, 81920, 0, 95.43, 32
nid008352,2026/05/03 23:47:19.942, 3, GPU-689a6e7c-a622-65fb-9f4d-887ba745f660, NVIDIA A100-SXM4-80GB, 73391, 81920, 0, 93.27, 30
nid008349,2026/05/03 23:47:23.200, 0, GPU-ae1f7b10-d1d8-51cf-b45d-1bd138261533, NVIDIA A100-SXM4-80GB, 35351, 81920, 0, 78.43, 31
nid008349,2026/05/03 23:47:23.203, 1, GPU-3ee15680-aa06-d217-b636-d2f47b6d9c4b, NVIDIA A100-SXM4-80GB, 35351, 81920, 0, 77.62, 29
nid008349,2026/05/03 23:47:23.204, 2, GPU-d442761e-aa01-dc19-4933-441ddf340c0f, NVIDIA A100-SXM4-80GB, 73467, 81920, 100, 505.94, 55
nid008349,2026/05/03 23:47:23.206, 3, GPU-e9b789ef-d802-47c8-e889-2432e34ac6a1, NVIDIA A100-SXM4-80GB, 73015, 81920, 100, 92.94, 39
nid008352,2026/05/03 23:47:24.161, 0, GPU-c8e590fe-c1df-fb38-7bf3-9ed4364cf576, NVIDIA A100-SXM4-80GB, 72771, 81920, 0, 82.47, 31
nid008352,2026/05/03 23:47:24.164, 1, GPU-5efb5c1d-1cd8-daca-bd51-2f30d62f6e1e, NVIDIA A100-SXM4-80GB, 72771, 81920, 0, 82.05, 29
nid008352,2026/05/03 23:47:24.165, 2, GPU-1d24ec01-d8bb-a3cf-73c2-7d6014d1dd4d, NVIDIA A100-SXM4-80GB, 73391, 81920, 0, 95.67, 32
nid008352,2026/05/03 23:47:24.167, 3, GPU-689a6e7c-a622-65fb-9f4d-887ba745f660, NVIDIA A100-SXM4-80GB, 73391, 81920, 0, 93.16, 30
nid008349,2026/05/03 23:47:27.184, 0, GPU-ae1f7b10-d1d8-51cf-b45d-1bd138261533, NVIDIA A100-SXM4-80GB, 35351, 81920, 0, 78.57, 31
nid008349,2026/05/03 23:47:27.187, 1, GPU-3ee15680-aa06-d217-b636-d2f47b6d9c4b, NVIDIA A100-SXM4-80GB, 35351, 81920, 0, 77.53, 29
nid008349,2026/05/03 23:47:27.192, 2, GPU-d442761e-aa01-dc19-4933-441ddf340c0f, NVIDIA A100-SXM4-80GB, 73467, 81920, 100, 488.08, 51
nid008349,2026/05/03 23:47:27.202, 3, GPU-e9b789ef-d802-47c8-e889-2432e34ac6a1, NVIDIA A100-SXM4-80GB, 73015, 81920, 100, 495.23, 52
nid008352,2026/05/03 23:47:28.214, 0, GPU-c8e590fe-c1df-fb38-7bf3-9ed4364cf576, NVIDIA A100-SXM4-80GB, 72771, 81920, 0, 82.47, 31
nid008352,2026/05/03 23:47:28.216, 1, GPU-5efb5c1d-1cd8-daca-bd51-2f30d62f6e1e, NVIDIA A100-SXM4-80GB, 72771, 81920, 0, 81.81, 29
nid008352,2026/05/03 23:47:28.218, 2, GPU-1d24ec01-d8bb-a3cf-73c2-7d6014d1dd4d, NVIDIA A100-SXM4-80GB, 73391, 81920, 0, 95.67, 32
nid008352,2026/05/03 23:47:28.220, 3, GPU-689a6e7c-a622-65fb-9f4d-887ba745f660, NVIDIA A100-SXM4-80GB, 73391, 81920, 0, 93.27, 30
nid008349,2026/05/03 23:47:31.317, 0, GPU-ae1f7b10-d1d8-51cf-b45d-1bd138261533, NVIDIA A100-SXM4-80GB, 35351, 81920, 0, 77.82, 31
nid008349,2026/05/03 23:47:31.319, 1, GPU-3ee15680-aa06-d217-b636-d2f47b6d9c4b, NVIDIA A100-SXM4-80GB, 35351, 81920, 0, 77.53, 29
nid008349,2026/05/03 23:47:31.321, 2, GPU-d442761e-aa01-dc19-4933-441ddf340c0f, NVIDIA A100-SXM4-80GB, 73467, 81920, 100, 95.44, 43
nid008349,2026/05/03 23:47:31.322, 3, GPU-e9b789ef-d802-47c8-e889-2432e34ac6a1, NVIDIA A100-SXM4-80GB, 73015, 81920, 100, 262.92, 46
nid008352,2026/05/03 23:47:32.280, 0, GPU-c8e590fe-c1df-fb38-7bf3-9ed4364cf576, NVIDIA A100-SXM4-80GB, 72771, 81920, 0, 82.57, 31
nid008352,2026/05/03 23:47:32.282, 1, GPU-5efb5c1d-1cd8-daca-bd51-2f30d62f6e1e, NVIDIA A100-SXM4-80GB, 72771, 81920, 0, 82.05, 29
nid008352,2026/05/03 23:47:32.287, 2, GPU-1d24ec01-d8bb-a3cf-73c2-7d6014d1dd4d, NVIDIA A100-SXM4-80GB, 73391, 81920, 0, 95.67, 32
nid008352,2026/05/03 23:47:32.288, 3, GPU-689a6e7c-a622-65fb-9f4d-887ba745f660, NVIDIA A100-SXM4-80GB, 73391, 81920, 0, 92.99, 30
nid008349,2026/05/03 23:47:35.292, 0, GPU-ae1f7b10-d1d8-51cf-b45d-1bd138261533, NVIDIA A100-SXM4-80GB, 35351, 81920, 0, 77.82, 31
nid008349,2026/05/03 23:47:35.294, 1, GPU-3ee15680-aa06-d217-b636-d2f47b6d9c4b, NVIDIA A100-SXM4-80GB, 35351, 81920, 0, 77.24, 29
nid008349,2026/05/03 23:47:35.296, 2, GPU-d442761e-aa01-dc19-4933-441ddf340c0f, NVIDIA A100-SXM4-80GB, 73467, 81920, 99, 142.50, 49
nid008349,2026/05/03 23:47:35.312, 3, GPU-e9b789ef-d802-47c8-e889-2432e34ac6a1, NVIDIA A100-SXM4-80GB, 73015, 81920, 89, 92.83, 45
nid008352,2026/05/03 23:47:36.351, 0, GPU-c8e590fe-c1df-fb38-7bf3-9ed4364cf576, NVIDIA A100-SXM4-80GB, 72771, 81920, 0, 82.38, 31
nid008352,2026/05/03 23:47:36.354, 1, GPU-5efb5c1d-1cd8-daca-bd51-2f30d62f6e1e, NVIDIA A100-SXM4-80GB, 72771, 81920, 0, 81.72, 29
nid008352,2026/05/03 23:47:36.356, 2, GPU-1d24ec01-d8bb-a3cf-73c2-7d6014d1dd4d, NVIDIA A100-SXM4-80GB, 73391, 81920, 0, 95.56, 32
nid008352,2026/05/03 23:47:36.357, 3, GPU-689a6e7c-a622-65fb-9f4d-887ba745f660, NVIDIA A100-SXM4-80GB, 73391, 81920, 0, 93.05, 30
nid008349,2026/05/03 23:47:39.402, 0, GPU-ae1f7b10-d1d8-51cf-b45d-1bd138261533, NVIDIA A100-SXM4-80GB, 35351, 81920, 0, 77.72, 31
nid008349,2026/05/03 23:47:39.405, 1, GPU-3ee15680-aa06-d217-b636-d2f47b6d9c4b, NVIDIA A100-SXM4-80GB, 35351, 81920, 0, 77.43, 29
nid008349,2026/05/03 23:47:39.406, 2, GPU-d442761e-aa01-dc19-4933-441ddf340c0f, NVIDIA A100-SXM4-80GB, 73467, 81920, 99, 106.68, 48
nid008349,2026/05/03 23:47:39.408, 3, GPU-e9b789ef-d802-47c8-e889-2432e34ac6a1, NVIDIA A100-SXM4-80GB, 73015, 81920, 90, 90.60, 42
nid008352,2026/05/03 23:47:40.359, 0, GPU-c8e590fe-c1df-fb38-7bf3-9ed4364cf576, NVIDIA A100-SXM4-80GB, 72771, 81920, 0, 82.61, 31
nid008352,2026/05/03 23:47:40.361, 1, GPU-5efb5c1d-1cd8-daca-bd51-2f30d62f6e1e, NVIDIA A100-SXM4-80GB, 72771, 81920, 0, 81.86, 29
nid008352,2026/05/03 23:47:40.363, 2, GPU-1d24ec01-d8bb-a3cf-73c2-7d6014d1dd4d, NVIDIA A100-SXM4-80GB, 73391, 81920, 0, 95.56, 32
nid008352,2026/05/03 23:47:40.364, 3, GPU-689a6e7c-a622-65fb-9f4d-887ba745f660, NVIDIA A100-SXM4-80GB, 73391, 81920, 0, 92.88, 30
nid008349,2026/05/03 23:47:43.453, 0, GPU-ae1f7b10-d1d8-51cf-b45d-1bd138261533, NVIDIA A100-SXM4-80GB, 35351, 81920, 0, 77.82, 31
nid008349,2026/05/03 23:47:43.455, 1, GPU-3ee15680-aa06-d217-b636-d2f47b6d9c4b, NVIDIA A100-SXM4-80GB, 35351, 81920, 0, 77.43, 29
nid008349,2026/05/03 23:47:43.457, 2, GPU-d442761e-aa01-dc19-4933-441ddf340c0f, NVIDIA A100-SXM4-80GB, 73467, 81920, 100, 501.93, 56
nid008349,2026/05/03 23:47:43.458, 3, GPU-e9b789ef-d802-47c8-e889-2432e34ac6a1, NVIDIA A100-SXM4-80GB, 73015, 81920, 96, 276.76, 42
nid008352,2026/05/03 23:47:44.455, 0, GPU-c8e590fe-c1df-fb38-7bf3-9ed4364cf576, NVIDIA A100-SXM4-80GB, 72771, 81920, 0, 82.38, 31
nid008352,2026/05/03 23:47:44.458, 1, GPU-5efb5c1d-1cd8-daca-bd51-2f30d62f6e1e, NVIDIA A100-SXM4-80GB, 72771, 81920, 0, 82.05, 29
nid008352,2026/05/03 23:47:44.459, 2, GPU-1d24ec01-d8bb-a3cf-73c2-7d6014d1dd4d, NVIDIA A100-SXM4-80GB, 73391, 81920, 0, 95.31, 32
nid008352,2026/05/03 23:47:44.461, 3, GPU-689a6e7c-a622-65fb-9f4d-887ba745f660, NVIDIA A100-SXM4-80GB, 73391, 81920, 0, 93.05, 30
nid008349,2026/05/03 23:47:47.452, 0, GPU-ae1f7b10-d1d8-51cf-b45d-1bd138261533, NVIDIA A100-SXM4-80GB, 35351, 81920, 0, 77.96, 30
nid008349,2026/05/03 23:47:47.454, 1, GPU-3ee15680-aa06-d217-b636-d2f47b6d9c4b, NVIDIA A100-SXM4-80GB, 35351, 81920, 0, 77.43, 29
nid008349,2026/05/03 23:47:47.455, 2, GPU-d442761e-aa01-dc19-4933-441ddf340c0f, NVIDIA A100-SXM4-80GB, 73467, 81920, 100, 466.21, 48
nid008349,2026/05/03 23:47:47.457, 3, GPU-e9b789ef-d802-47c8-e889-2432e34ac6a1, NVIDIA A100-SXM4-80GB, 73015, 81920, 100, 97.05, 44
nid008352,2026/05/03 23:47:48.408, 0, GPU-c8e590fe-c1df-fb38-7bf3-9ed4364cf576, NVIDIA A100-SXM4-80GB, 72771, 81920, 0, 82.51, 31
nid008352,2026/05/03 23:47:48.411, 1, GPU-5efb5c1d-1cd8-daca-bd51-2f30d62f6e1e, NVIDIA A100-SXM4-80GB, 72771, 81920, 0, 81.95, 29
nid008352,2026/05/03 23:47:48.413, 2, GPU-1d24ec01-d8bb-a3cf-73c2-7d6014d1dd4d, NVIDIA A100-SXM4-80GB, 73391, 81920, 0, 95.56, 32
nid008352,2026/05/03 23:47:48.415, 3, GPU-689a6e7c-a622-65fb-9f4d-887ba745f660, NVIDIA A100-SXM4-80GB, 73391, 81920, 0, 93.05, 30
nid008349,2026/05/03 23:47:51.380, 0, GPU-ae1f7b10-d1d8-51cf-b45d-1bd138261533, NVIDIA A100-SXM4-80GB, 35351, 81920, 0, 77.96, 30
nid008349,2026/05/03 23:47:51.383, 1, GPU-3ee15680-aa06-d217-b636-d2f47b6d9c4b, NVIDIA A100-SXM4-80GB, 35351, 81920, 0, 77.53, 29
nid008349,2026/05/03 23:47:51.384, 2, GPU-d442761e-aa01-dc19-4933-441ddf340c0f, NVIDIA A100-SXM4-80GB, 73467, 81920, 100, 96.37, 45
nid008349,2026/05/03 23:47:51.386, 3, GPU-e9b789ef-d802-47c8-e889-2432e34ac6a1, NVIDIA A100-SXM4-80GB, 73015, 81920, 100, 502.25, 50
nid008352,2026/05/03 23:47:52.392, 0, GPU-c8e590fe-c1df-fb38-7bf3-9ed4364cf576, NVIDIA A100-SXM4-80GB, 72771, 81920, 0, 82.38, 31
nid008352,2026/05/03 23:47:52.395, 1, GPU-5efb5c1d-1cd8-daca-bd51-2f30d62f6e1e, NVIDIA A100-SXM4-80GB, 72771, 81920, 0, 81.95, 29
nid008352,2026/05/03 23:47:52.396, 2, GPU-1d24ec01-d8bb-a3cf-73c2-7d6014d1dd4d, NVIDIA A100-SXM4-80GB, 73391, 81920, 0, 95.44, 32
nid008352,2026/05/03 23:47:52.400, 3, GPU-689a6e7c-a622-65fb-9f4d-887ba745f660, NVIDIA A100-SXM4-80GB, 73391, 81920, 0, 93.05, 30
nid008349,2026/05/03 23:47:55.428, 0, GPU-ae1f7b10-d1d8-51cf-b45d-1bd138261533, NVIDIA A100-SXM4-80GB, 35351, 81920, 0, 77.63, 30
nid008349,2026/05/03 23:47:55.430, 1, GPU-3ee15680-aa06-d217-b636-d2f47b6d9c4b, NVIDIA A100-SXM4-80GB, 35351, 81920, 0, 77.43, 29
nid008349,2026/05/03 23:47:55.432, 2, GPU-d442761e-aa01-dc19-4933-441ddf340c0f, NVIDIA A100-SXM4-80GB, 73467, 81920, 100, 118.37, 51
nid008349,2026/05/03 23:47:55.433, 3, GPU-e9b789ef-d802-47c8-e889-2432e34ac6a1, NVIDIA A100-SXM4-80GB, 73015, 81920, 100, 507.26, 48
nid008352,2026/05/03 23:47:56.417, 0, GPU-c8e590fe-c1df-fb38-7bf3-9ed4364cf576, NVIDIA A100-SXM4-80GB, 72771, 81920, 0, 82.38, 31
nid008352,2026/05/03 23:47:56.424, 1, GPU-5efb5c1d-1cd8-daca-bd51-2f30d62f6e1e, NVIDIA A100-SXM4-80GB, 72771, 81920, 0, 81.72, 29
nid008352,2026/05/03 23:47:56.430, 2, GPU-1d24ec01-d8bb-a3cf-73c2-7d6014d1dd4d, NVIDIA A100-SXM4-80GB, 73391, 81920, 0, 95.31, 32
nid008352,2026/05/03 23:47:56.440, 3, GPU-689a6e7c-a622-65fb-9f4d-887ba745f660, NVIDIA A100-SXM4-80GB, 73391, 81920, 0, 93.16, 30
nid008349,2026/05/03 23:47:59.433, 0, GPU-ae1f7b10-d1d8-51cf-b45d-1bd138261533, NVIDIA A100-SXM4-80GB, 35351, 81920, 0, 77.72, 30
nid008349,2026/05/03 23:47:59.435, 1, GPU-3ee15680-aa06-d217-b636-d2f47b6d9c4b, NVIDIA A100-SXM4-80GB, 35351, 81920, 0, 77.53, 29
nid008349,2026/05/03 23:47:59.437, 2, GPU-d442761e-aa01-dc19-4933-441ddf340c0f, NVIDIA A100-SXM4-80GB, 73467, 81920, 100, 500.53, 54
nid008349,2026/05/03 23:47:59.449, 3, GPU-e9b789ef-d802-47c8-e889-2432e34ac6a1, NVIDIA A100-SXM4-80GB, 73015, 81920, 100, 93.07, 40
nid008352,2026/05/03 23:48:00.438, 0, GPU-c8e590fe-c1df-fb38-7bf3-9ed4364cf576, NVIDIA A100-SXM4-80GB, 72771, 81920, 0, 82.38, 31
nid008352,2026/05/03 23:48:00.441, 1, GPU-5efb5c1d-1cd8-daca-bd51-2f30d62f6e1e, NVIDIA A100-SXM4-80GB, 72771, 81920, 0, 81.72, 29
nid008352,2026/05/03 23:48:00.442, 2, GPU-1d24ec01-d8bb-a3cf-73c2-7d6014d1dd4d, NVIDIA A100-SXM4-80GB, 73391, 81920, 0, 95.44, 32
nid008352,2026/05/03 23:48:00.444, 3, GPU-689a6e7c-a622-65fb-9f4d-887ba745f660, NVIDIA A100-SXM4-80GB, 73391, 81920, 0, 93.05, 30
nid008349,2026/05/03 23:48:03.479, 0, GPU-ae1f7b10-d1d8-51cf-b45d-1bd138261533, NVIDIA A100-SXM4-80GB, 35351, 81920, 0, 77.63, 30
nid008349,2026/05/03 23:48:03.481, 1, GPU-3ee15680-aa06-d217-b636-d2f47b6d9c4b, NVIDIA A100-SXM4-80GB, 35351, 81920, 0, 77.43, 29
nid008349,2026/05/03 23:48:03.483, 2, GPU-d442761e-aa01-dc19-4933-441ddf340c0f, NVIDIA A100-SXM4-80GB, 73467, 81920, 100, 498.26, 54
nid008349,2026/05/03 23:48:03.502, 3, GPU-e9b789ef-d802-47c8-e889-2432e34ac6a1, NVIDIA A100-SXM4-80GB, 73015, 81920, 100, 96.24, 43
nid008352,2026/05/03 23:48:04.461, 0, GPU-c8e590fe-c1df-fb38-7bf3-9ed4364cf576, NVIDIA A100-SXM4-80GB, 72771, 81920, 0, 82.28, 31
nid008352,2026/05/03 23:48:04.464, 1, GPU-5efb5c1d-1cd8-daca-bd51-2f30d62f6e1e, NVIDIA A100-SXM4-80GB, 72771, 81920, 0, 81.72, 29
nid008352,2026/05/03 23:48:04.465, 2, GPU-1d24ec01-d8bb-a3cf-73c2-7d6014d1dd4d, NVIDIA A100-SXM4-80GB, 73391, 81920, 0, 95.20, 32
nid008352,2026/05/03 23:48:04.467, 3, GPU-689a6e7c-a622-65fb-9f4d-887ba745f660, NVIDIA A100-SXM4-80GB, 73391, 81920, 0, 93.16, 30
nid008349,2026/05/03 23:48:07.607, 0, GPU-ae1f7b10-d1d8-51cf-b45d-1bd138261533, NVIDIA A100-SXM4-80GB, 35351, 81920, 0, 78.24, 30
nid008349,2026/05/03 23:48:07.609, 1, GPU-3ee15680-aa06-d217-b636-d2f47b6d9c4b, NVIDIA A100-SXM4-80GB, 35351, 81920, 0, 77.43, 29
nid008349,2026/05/03 23:48:07.611, 2, GPU-d442761e-aa01-dc19-4933-441ddf340c0f, NVIDIA A100-SXM4-80GB, 73467, 81920, 100, 96.01, 43
nid008349,2026/05/03 23:48:07.612, 3, GPU-e9b789ef-d802-47c8-e889-2432e34ac6a1, NVIDIA A100-SXM4-80GB, 73015, 81920, 100, 468.05, 48
nid008352,2026/05/03 23:48:08.586, 0, GPU-c8e590fe-c1df-fb38-7bf3-9ed4364cf576, NVIDIA A100-SXM4-80GB, 72771, 81920, 0, 82.38, 31
nid008352,2026/05/03 23:48:08.588, 1, GPU-5efb5c1d-1cd8-daca-bd51-2f30d62f6e1e, NVIDIA A100-SXM4-80GB, 72771, 81920, 0, 81.95, 29
nid008352,2026/05/03 23:48:08.590, 2, GPU-1d24ec01-d8bb-a3cf-73c2-7d6014d1dd4d, NVIDIA A100-SXM4-80GB, 73391, 81920, 0, 95.20, 32
nid008352,2026/05/03 23:48:08.591, 3, GPU-689a6e7c-a622-65fb-9f4d-887ba745f660, NVIDIA A100-SXM4-80GB, 73391, 81920, 0, 93.05, 30
nid008349,2026/05/03 23:48:11.599, 0, GPU-ae1f7b10-d1d8-51cf-b45d-1bd138261533, NVIDIA A100-SXM4-80GB, 35351, 81920, 0, 77.63, 30
nid008349,2026/05/03 23:48:11.601, 1, GPU-3ee15680-aa06-d217-b636-d2f47b6d9c4b, NVIDIA A100-SXM4-80GB, 35351, 81920, 0, 77.43, 29
nid008349,2026/05/03 23:48:11.602, 2, GPU-d442761e-aa01-dc19-4933-441ddf340c0f, NVIDIA A100-SXM4-80GB, 73467, 81920, 100, 97.69, 51
nid008349,2026/05/03 23:48:11.619, 3, GPU-e9b789ef-d802-47c8-e889-2432e34ac6a1, NVIDIA A100-SXM4-80GB, 73015, 81920, 100, 504.30, 48
nid008352,2026/05/03 23:48:12.567, 0, GPU-c8e590fe-c1df-fb38-7bf3-9ed4364cf576, NVIDIA A100-SXM4-80GB, 72771, 81920, 100, 198.13, 36
nid008352,2026/05/03 23:48:12.569, 1, GPU-5efb5c1d-1cd8-daca-bd51-2f30d62f6e1e, NVIDIA A100-SXM4-80GB, 72771, 81920, 100, 243.13, 34
nid008352,2026/05/03 23:48:12.571, 2, GPU-1d24ec01-d8bb-a3cf-73c2-7d6014d1dd4d, NVIDIA A100-SXM4-80GB, 73391, 81920, 100, 199.92, 37
nid008352,2026/05/03 23:48:12.573, 3, GPU-689a6e7c-a622-65fb-9f4d-887ba745f660, NVIDIA A100-SXM4-80GB, 73391, 81920, 100, 202.01, 36
nid008349,2026/05/03 23:48:15.635, 0, GPU-ae1f7b10-d1d8-51cf-b45d-1bd138261533, NVIDIA A100-SXM4-80GB, 35351, 81920, 0, 77.82, 30
nid008349,2026/05/03 23:48:15.637, 1, GPU-3ee15680-aa06-d217-b636-d2f47b6d9c4b, NVIDIA A100-SXM4-80GB, 35351, 81920, 0, 77.15, 29
nid008349,2026/05/03 23:48:15.639, 2, GPU-d442761e-aa01-dc19-4933-441ddf340c0f, NVIDIA A100-SXM4-80GB, 73467, 81920, 100, 505.70, 57
nid008349,2026/05/03 23:48:15.640, 3, GPU-e9b789ef-d802-47c8-e889-2432e34ac6a1, NVIDIA A100-SXM4-80GB, 73015, 81920, 100, 248.65, 38
nid008352,2026/05/03 23:48:16.598, 0, GPU-c8e590fe-c1df-fb38-7bf3-9ed4364cf576, NVIDIA A100-SXM4-80GB, 72771, 81920, 0, 82.89, 33
nid008352,2026/05/03 23:48:16.600, 1, GPU-5efb5c1d-1cd8-daca-bd51-2f30d62f6e1e, NVIDIA A100-SXM4-80GB, 72771, 81920, 0, 81.95, 30
nid008352,2026/05/03 23:48:16.602, 2, GPU-1d24ec01-d8bb-a3cf-73c2-7d6014d1dd4d, NVIDIA A100-SXM4-80GB, 73391, 81920, 0, 95.96, 33
nid008352,2026/05/03 23:48:16.608, 3, GPU-689a6e7c-a622-65fb-9f4d-887ba745f660, NVIDIA A100-SXM4-80GB, 73391, 81920, 0, 93.30, 31
nid008349,2026/05/03 23:48:19.702, 0, GPU-ae1f7b10-d1d8-51cf-b45d-1bd138261533, NVIDIA A100-SXM4-80GB, 35351, 81920, 0, 77.72, 30
nid008349,2026/05/03 23:48:19.704, 1, GPU-3ee15680-aa06-d217-b636-d2f47b6d9c4b, NVIDIA A100-SXM4-80GB, 35351, 81920, 0, 77.24, 29
nid008349,2026/05/03 23:48:19.706, 2, GPU-d442761e-aa01-dc19-4933-441ddf340c0f, NVIDIA A100-SXM4-80GB, 73467, 81920, 100, 508.92, 55
nid008349,2026/05/03 23:48:19.708, 3, GPU-e9b789ef-d802-47c8-e889-2432e34ac6a1, NVIDIA A100-SXM4-80GB, 73015, 81920, 100, 91.75, 39
nid008352,2026/05/03 23:48:20.715, 0, GPU-c8e590fe-c1df-fb38-7bf3-9ed4364cf576, NVIDIA A100-SXM4-80GB, 72771, 81920, 0, 82.38, 32
nid008352,2026/05/03 23:48:20.717, 1, GPU-5efb5c1d-1cd8-daca-bd51-2f30d62f6e1e, NVIDIA A100-SXM4-80GB, 72771, 81920, 0, 81.72, 29
nid008352,2026/05/03 23:48:20.719, 2, GPU-1d24ec01-d8bb-a3cf-73c2-7d6014d1dd4d, NVIDIA A100-SXM4-80GB, 73391, 81920, 0, 95.56, 32
nid008352,2026/05/03 23:48:20.720, 3, GPU-689a6e7c-a622-65fb-9f4d-887ba745f660, NVIDIA A100-SXM4-80GB, 73391, 81920, 0, 93.05, 30
nid008349,2026/05/03 23:48:23.737, 0, GPU-ae1f7b10-d1d8-51cf-b45d-1bd138261533, NVIDIA A100-SXM4-80GB, 35351, 81920, 0, 77.72, 30
nid008349,2026/05/03 23:48:23.739, 1, GPU-3ee15680-aa06-d217-b636-d2f47b6d9c4b, NVIDIA A100-SXM4-80GB, 35351, 81920, 0, 77.15, 29
nid008349,2026/05/03 23:48:23.740, 2, GPU-d442761e-aa01-dc19-4933-441ddf340c0f, NVIDIA A100-SXM4-80GB, 73467, 81920, 100, 501.41, 55
nid008349,2026/05/03 23:48:23.793, 3, GPU-e9b789ef-d802-47c8-e889-2432e34ac6a1, NVIDIA A100-SXM4-80GB, 73015, 81920, 100, 93.07, 41
nid008352,2026/05/03 23:48:24.772, 0, GPU-c8e590fe-c1df-fb38-7bf3-9ed4364cf576, NVIDIA A100-SXM4-80GB, 72771, 81920, 0, 82.38, 31
nid008352,2026/05/03 23:48:24.775, 1, GPU-5efb5c1d-1cd8-daca-bd51-2f30d62f6e1e, NVIDIA A100-SXM4-80GB, 72771, 81920, 0, 81.72, 29
nid008352,2026/05/03 23:48:24.776, 2, GPU-1d24ec01-d8bb-a3cf-73c2-7d6014d1dd4d, NVIDIA A100-SXM4-80GB, 73391, 81920, 0, 95.56, 32
nid008352,2026/05/03 23:48:24.778, 3, GPU-689a6e7c-a622-65fb-9f4d-887ba745f660, NVIDIA A100-SXM4-80GB, 73391, 81920, 0, 93.05, 30
nid008349,2026/05/03 23:48:27.827, 0, GPU-ae1f7b10-d1d8-51cf-b45d-1bd138261533, NVIDIA A100-SXM4-80GB, 35351, 81920, 0, 77.63, 30
nid008349,2026/05/03 23:48:27.829, 1, GPU-3ee15680-aa06-d217-b636-d2f47b6d9c4b, NVIDIA A100-SXM4-80GB, 35351, 81920, 0, 77.15, 29
nid008349,2026/05/03 23:48:27.831, 2, GPU-d442761e-aa01-dc19-4933-441ddf340c0f, NVIDIA A100-SXM4-80GB, 73467, 81920, 100, 96.26, 43
nid008349,2026/05/03 23:48:27.837, 3, GPU-e9b789ef-d802-47c8-e889-2432e34ac6a1, NVIDIA A100-SXM4-80GB, 73015, 81920, 100, 489.33, 52
nid008352,2026/05/03 23:48:28.849, 0, GPU-c8e590fe-c1df-fb38-7bf3-9ed4364cf576, NVIDIA A100-SXM4-80GB, 72771, 81920, 0, 82.38, 31
nid008352,2026/05/03 23:48:28.851, 1, GPU-5efb5c1d-1cd8-daca-bd51-2f30d62f6e1e, NVIDIA A100-SXM4-80GB, 72771, 81920, 0, 81.72, 29
nid008352,2026/05/03 23:48:28.853, 2, GPU-1d24ec01-d8bb-a3cf-73c2-7d6014d1dd4d, NVIDIA A100-SXM4-80GB, 73391, 81920, 0, 95.44, 32
nid008352,2026/05/03 23:48:28.855, 3, GPU-689a6e7c-a622-65fb-9f4d-887ba745f660, NVIDIA A100-SXM4-80GB, 73391, 81920, 0, 93.05, 30
nid008349,2026/05/03 23:48:31.857, 0, GPU-ae1f7b10-d1d8-51cf-b45d-1bd138261533, NVIDIA A100-SXM4-80GB, 35351, 81920, 0, 77.72, 30
nid008349,2026/05/03 23:48:31.860, 1, GPU-3ee15680-aa06-d217-b636-d2f47b6d9c4b, NVIDIA A100-SXM4-80GB, 35351, 81920, 0, 77.43, 29
nid008349,2026/05/03 23:48:31.861, 2, GPU-d442761e-aa01-dc19-4933-441ddf340c0f, NVIDIA A100-SXM4-80GB, 73467, 81920, 100, 96.82, 45
nid008349,2026/05/03 23:48:31.863, 3, GPU-e9b789ef-d802-47c8-e889-2432e34ac6a1, NVIDIA A100-SXM4-80GB, 73015, 81920, 100, 490.67, 50
nid008352,2026/05/03 23:48:32.852, 0, GPU-c8e590fe-c1df-fb38-7bf3-9ed4364cf576, NVIDIA A100-SXM4-80GB, 72771, 81920, 100, 173.37, 36
nid008352,2026/05/03 23:48:32.859, 1, GPU-5efb5c1d-1cd8-daca-bd51-2f30d62f6e1e, NVIDIA A100-SXM4-80GB, 72771, 81920, 100, 250.82, 33
nid008352,2026/05/03 23:48:32.861, 2, GPU-1d24ec01-d8bb-a3cf-73c2-7d6014d1dd4d, NVIDIA A100-SXM4-80GB, 73391, 81920, 100, 200.25, 37
nid008352,2026/05/03 23:48:32.863, 3, GPU-689a6e7c-a622-65fb-9f4d-887ba745f660, NVIDIA A100-SXM4-80GB, 73391, 81920, 100, 178.52, 35
nid008349,2026/05/03 23:48:35.880, 0, GPU-ae1f7b10-d1d8-51cf-b45d-1bd138261533, NVIDIA A100-SXM4-80GB, 35351, 81920, 0, 77.72, 30
nid008349,2026/05/03 23:48:35.883, 1, GPU-3ee15680-aa06-d217-b636-d2f47b6d9c4b, NVIDIA A100-SXM4-80GB, 35351, 81920, 0, 77.15, 29
nid008349,2026/05/03 23:48:35.884, 2, GPU-d442761e-aa01-dc19-4933-441ddf340c0f, NVIDIA A100-SXM4-80GB, 73467, 81920, 100, 134.07, 50
nid008349,2026/05/03 23:48:35.886, 3, GPU-e9b789ef-d802-47c8-e889-2432e34ac6a1, NVIDIA A100-SXM4-80GB, 73015, 81920, 100, 91.92, 43
nid008352,2026/05/03 23:48:36.851, 0, GPU-c8e590fe-c1df-fb38-7bf3-9ed4364cf576, NVIDIA A100-SXM4-80GB, 72771, 81920, 0, 114.44, 35
nid008352,2026/05/03 23:48:36.854, 1, GPU-5efb5c1d-1cd8-daca-bd51-2f30d62f6e1e, NVIDIA A100-SXM4-80GB, 72771, 81920, 0, 114.31, 31
nid008352,2026/05/03 23:48:36.855, 2, GPU-1d24ec01-d8bb-a3cf-73c2-7d6014d1dd4d, NVIDIA A100-SXM4-80GB, 73391, 81920, 0, 115.24, 35
nid008352,2026/05/03 23:48:36.857, 3, GPU-689a6e7c-a622-65fb-9f4d-887ba745f660, NVIDIA A100-SXM4-80GB, 73391, 81920, 0, 113.14, 32
nid008349,2026/05/03 23:48:39.841, 0, GPU-ae1f7b10-d1d8-51cf-b45d-1bd138261533, NVIDIA A100-SXM4-80GB, 35351, 81920, 0, 77.62, 30
nid008349,2026/05/03 23:48:39.844, 1, GPU-3ee15680-aa06-d217-b636-d2f47b6d9c4b, NVIDIA A100-SXM4-80GB, 35351, 81920, 0, 77.43, 29
nid008349,2026/05/03 23:48:39.845, 2, GPU-d442761e-aa01-dc19-4933-441ddf340c0f, NVIDIA A100-SXM4-80GB, 73467, 81920, 0, 79.29, 36
nid008349,2026/05/03 23:48:39.847, 3, GPU-e9b789ef-d802-47c8-e889-2432e34ac6a1, NVIDIA A100-SXM4-80GB, 73015, 81920, 0, 78.86, 32
nid008352,2026/05/03 23:48:40.820, 0, GPU-c8e590fe-c1df-fb38-7bf3-9ed4364cf576, NVIDIA A100-SXM4-80GB, 72771, 81920, 0, 82.61, 32
nid008352,2026/05/03 23:48:40.823, 1, GPU-5efb5c1d-1cd8-daca-bd51-2f30d62f6e1e, NVIDIA A100-SXM4-80GB, 72771, 81920, 0, 81.95, 29
nid008352,2026/05/03 23:48:40.825, 2, GPU-1d24ec01-d8bb-a3cf-73c2-7d6014d1dd4d, NVIDIA A100-SXM4-80GB, 73391, 81920, 0, 95.84, 32
nid008352,2026/05/03 23:48:40.826, 3, GPU-689a6e7c-a622-65fb-9f4d-887ba745f660, NVIDIA A100-SXM4-80GB, 73391, 81920, 0, 93.16, 30
nid008349,2026/05/03 23:48:43.847, 0, GPU-ae1f7b10-d1d8-51cf-b45d-1bd138261533, NVIDIA A100-SXM4-80GB, 35351, 81920, 0, 77.71, 30
nid008349,2026/05/03 23:48:43.849, 1, GPU-3ee15680-aa06-d217-b636-d2f47b6d9c4b, NVIDIA A100-SXM4-80GB, 35351, 81920, 0, 77.43, 29
nid008349,2026/05/03 23:48:43.851, 2, GPU-d442761e-aa01-dc19-4933-441ddf340c0f, NVIDIA A100-SXM4-80GB, 73467, 81920, 0, 79.01, 33
nid008349,2026/05/03 23:48:43.852, 3, GPU-e9b789ef-d802-47c8-e889-2432e34ac6a1, NVIDIA A100-SXM4-80GB, 73015, 81920, 0, 77.24, 30
nid008352,2026/05/03 23:48:44.789, 0, GPU-c8e590fe-c1df-fb38-7bf3-9ed4364cf576, NVIDIA A100-SXM4-80GB, 72771, 81920, 100, 189.96, 37
nid008352,2026/05/03 23:48:44.792, 1, GPU-5efb5c1d-1cd8-daca-bd51-2f30d62f6e1e, NVIDIA A100-SXM4-80GB, 72771, 81920, 100, 222.32, 34
nid008352,2026/05/03 23:48:44.794, 2, GPU-1d24ec01-d8bb-a3cf-73c2-7d6014d1dd4d, NVIDIA A100-SXM4-80GB, 73391, 81920, 100, 193.94, 38
nid008352,2026/05/03 23:48:44.796, 3, GPU-689a6e7c-a622-65fb-9f4d-887ba745f660, NVIDIA A100-SXM4-80GB, 73391, 81920, 100, 258.61, 36
nid008349,2026/05/03 23:48:47.798, 0, GPU-ae1f7b10-d1d8-51cf-b45d-1bd138261533, NVIDIA A100-SXM4-80GB, 35351, 81920, 0, 77.71, 30
nid008349,2026/05/03 23:48:47.800, 1, GPU-3ee15680-aa06-d217-b636-d2f47b6d9c4b, NVIDIA A100-SXM4-80GB, 35351, 81920, 0, 77.52, 29
nid008349,2026/05/03 23:48:47.801, 2, GPU-d442761e-aa01-dc19-4933-441ddf340c0f, NVIDIA A100-SXM4-80GB, 73467, 81920, 0, 78.76, 32
nid008349,2026/05/03 23:48:47.803, 3, GPU-e9b789ef-d802-47c8-e889-2432e34ac6a1, NVIDIA A100-SXM4-80GB, 73015, 81920, 0, 77.15, 30
nid008352,2026/05/03 23:48:48.797, 0, GPU-c8e590fe-c1df-fb38-7bf3-9ed4364cf576, NVIDIA A100-SXM4-80GB, 72771, 81920, 0, 83.13, 33
nid008352,2026/05/03 23:48:48.801, 1, GPU-5efb5c1d-1cd8-daca-bd51-2f30d62f6e1e, NVIDIA A100-SXM4-80GB, 72771, 81920, 0, 82.24, 30
nid008352,2026/05/03 23:48:48.803, 2, GPU-1d24ec01-d8bb-a3cf-73c2-7d6014d1dd4d, NVIDIA A100-SXM4-80GB, 73391, 81920, 0, 96.36, 34
nid008352,2026/05/03 23:48:48.804, 3, GPU-689a6e7c-a622-65fb-9f4d-887ba745f660, NVIDIA A100-SXM4-80GB, 73391, 81920, 0, 93.69, 31
