host,timestamp,gpu_index,uuid,name,memory_used_mb,memory_total_mb,gpu_util_percent,power_watts,temp_c
nid001145,2026/05/03 01:57:24.785, 0, GPU-8ea6fdc3-f283-452d-c89c-4e954e5e073c, NVIDIA A100-SXM4-40GB, 34769, 40960, 0, 57.15, 29
nid001145,2026/05/03 01:57:24.787, 1, GPU-64cdb16d-faee-8107-c27d-7e92ffec99a0, NVIDIA A100-SXM4-40GB, 34769, 40960, 0, 56.25, 27
nid001145,2026/05/03 01:57:24.788, 2, GPU-ff858cba-dabb-2e65-f117-e5837cc177a1, NVIDIA A100-SXM4-40GB, 0, 40960, 0, 49.00, 28
nid001145,2026/05/03 01:57:24.790, 3, GPU-f730a11d-647c-a1fa-7b7a-c285f32e3d57, NVIDIA A100-SXM4-40GB, 0, 40960, 0, 49.47, 27
nid001148,2026/05/03 01:57:25.745, 0, GPU-a7c8774f-988d-67a1-6fc7-b550e6084318, NVIDIA A100-SXM4-40GB, 36401, 40960, 0, 71.86, 33
nid001148,2026/05/03 01:57:25.747, 1, GPU-577e60db-d1c2-90d3-5b3f-7c7b324afca4, NVIDIA A100-SXM4-40GB, 35235, 40960, 0, 69.30, 31
nid001148,2026/05/03 01:57:25.749, 2, GPU-f9525f1a-f229-68e0-6d66-e6a80841779c, NVIDIA A100-SXM4-40GB, 35235, 40960, 0, 70.22, 33
nid001148,2026/05/03 01:57:25.750, 3, GPU-8a5d8169-14f6-54ff-6976-dc38563295f4, NVIDIA A100-SXM4-40GB, 36881, 40960, 0, 70.59, 30
nid001145,2026/05/03 01:57:28.747, 0, GPU-8ea6fdc3-f283-452d-c89c-4e954e5e073c, NVIDIA A100-SXM4-40GB, 34769, 40960, 0, 56.91, 29
nid001145,2026/05/03 01:57:28.749, 1, GPU-64cdb16d-faee-8107-c27d-7e92ffec99a0, NVIDIA A100-SXM4-40GB, 34769, 40960, 0, 55.73, 27
nid001145,2026/05/03 01:57:28.750, 2, GPU-ff858cba-dabb-2e65-f117-e5837cc177a1, NVIDIA A100-SXM4-40GB, 0, 40960, 0, 49.29, 28
nid001145,2026/05/03 01:57:28.752, 3, GPU-f730a11d-647c-a1fa-7b7a-c285f32e3d57, NVIDIA A100-SXM4-40GB, 0, 40960, 0, 49.47, 27
nid001148,2026/05/03 01:57:29.734, 0, GPU-a7c8774f-988d-67a1-6fc7-b550e6084318, NVIDIA A100-SXM4-40GB, 36401, 40960, 0, 71.86, 32
nid001148,2026/05/03 01:57:29.736, 1, GPU-577e60db-d1c2-90d3-5b3f-7c7b324afca4, NVIDIA A100-SXM4-40GB, 35235, 40960, 0, 69.01, 31
nid001148,2026/05/03 01:57:29.738, 2, GPU-f9525f1a-f229-68e0-6d66-e6a80841779c, NVIDIA A100-SXM4-40GB, 35235, 40960, 0, 70.22, 33
nid001148,2026/05/03 01:57:29.743, 3, GPU-8a5d8169-14f6-54ff-6976-dc38563295f4, NVIDIA A100-SXM4-40GB, 36881, 40960, 0, 70.59, 30
nid001145,2026/05/03 01:57:32.689, 0, GPU-8ea6fdc3-f283-452d-c89c-4e954e5e073c, NVIDIA A100-SXM4-40GB, 34769, 40960, 0, 56.91, 29
nid001145,2026/05/03 01:57:32.691, 1, GPU-64cdb16d-faee-8107-c27d-7e92ffec99a0, NVIDIA A100-SXM4-40GB, 34769, 40960, 0, 55.79, 27
nid001145,2026/05/03 01:57:32.693, 2, GPU-ff858cba-dabb-2e65-f117-e5837cc177a1, NVIDIA A100-SXM4-40GB, 0, 40960, 0, 49.06, 28
nid001145,2026/05/03 01:57:32.695, 3, GPU-f730a11d-647c-a1fa-7b7a-c285f32e3d57, NVIDIA A100-SXM4-40GB, 0, 40960, 0, 49.47, 27
nid001148,2026/05/03 01:57:33.611, 0, GPU-a7c8774f-988d-67a1-6fc7-b550e6084318, NVIDIA A100-SXM4-40GB, 36401, 40960, 0, 71.86, 32
nid001148,2026/05/03 01:57:33.613, 1, GPU-577e60db-d1c2-90d3-5b3f-7c7b324afca4, NVIDIA A100-SXM4-40GB, 35235, 40960, 0, 69.01, 31
nid001148,2026/05/03 01:57:33.615, 2, GPU-f9525f1a-f229-68e0-6d66-e6a80841779c, NVIDIA A100-SXM4-40GB, 35235, 40960, 0, 70.22, 33
nid001148,2026/05/03 01:57:33.617, 3, GPU-8a5d8169-14f6-54ff-6976-dc38563295f4, NVIDIA A100-SXM4-40GB, 36881, 40960, 0, 70.59, 30
nid001145,2026/05/03 01:57:36.557, 0, GPU-8ea6fdc3-f283-452d-c89c-4e954e5e073c, NVIDIA A100-SXM4-40GB, 34769, 40960, 0, 56.91, 29
nid001145,2026/05/03 01:57:36.559, 1, GPU-64cdb16d-faee-8107-c27d-7e92ffec99a0, NVIDIA A100-SXM4-40GB, 34769, 40960, 0, 56.25, 27
nid001145,2026/05/03 01:57:36.560, 2, GPU-ff858cba-dabb-2e65-f117-e5837cc177a1, NVIDIA A100-SXM4-40GB, 0, 40960, 0, 49.00, 28
nid001145,2026/05/03 01:57:36.562, 3, GPU-f730a11d-647c-a1fa-7b7a-c285f32e3d57, NVIDIA A100-SXM4-40GB, 0, 40960, 0, 49.47, 27
nid001148,2026/05/03 01:57:37.524, 0, GPU-a7c8774f-988d-67a1-6fc7-b550e6084318, NVIDIA A100-SXM4-40GB, 36401, 40960, 0, 71.86, 32
nid001148,2026/05/03 01:57:37.530, 1, GPU-577e60db-d1c2-90d3-5b3f-7c7b324afca4, NVIDIA A100-SXM4-40GB, 35235, 40960, 0, 69.30, 31
nid001148,2026/05/03 01:57:37.536, 2, GPU-f9525f1a-f229-68e0-6d66-e6a80841779c, NVIDIA A100-SXM4-40GB, 35235, 40960, 0, 70.22, 33
nid001148,2026/05/03 01:57:37.549, 3, GPU-8a5d8169-14f6-54ff-6976-dc38563295f4, NVIDIA A100-SXM4-40GB, 36881, 40960, 0, 70.59, 30
nid001145,2026/05/03 01:57:40.516, 0, GPU-8ea6fdc3-f283-452d-c89c-4e954e5e073c, NVIDIA A100-SXM4-40GB, 34769, 40960, 0, 56.91, 29
nid001145,2026/05/03 01:57:40.528, 1, GPU-64cdb16d-faee-8107-c27d-7e92ffec99a0, NVIDIA A100-SXM4-40GB, 34769, 40960, 0, 55.73, 27
nid001145,2026/05/03 01:57:40.529, 2, GPU-ff858cba-dabb-2e65-f117-e5837cc177a1, NVIDIA A100-SXM4-40GB, 0, 40960, 0, 49.06, 28
nid001145,2026/05/03 01:57:40.531, 3, GPU-f730a11d-647c-a1fa-7b7a-c285f32e3d57, NVIDIA A100-SXM4-40GB, 0, 40960, 0, 49.47, 27
nid001148,2026/05/03 01:57:41.504, 0, GPU-a7c8774f-988d-67a1-6fc7-b550e6084318, NVIDIA A100-SXM4-40GB, 36401, 40960, 0, 72.10, 32
nid001148,2026/05/03 01:57:41.507, 1, GPU-577e60db-d1c2-90d3-5b3f-7c7b324afca4, NVIDIA A100-SXM4-40GB, 35235, 40960, 0, 69.30, 31
nid001148,2026/05/03 01:57:41.509, 2, GPU-f9525f1a-f229-68e0-6d66-e6a80841779c, NVIDIA A100-SXM4-40GB, 35235, 40960, 0, 70.22, 33
nid001148,2026/05/03 01:57:41.510, 3, GPU-8a5d8169-14f6-54ff-6976-dc38563295f4, NVIDIA A100-SXM4-40GB, 36881, 40960, 0, 70.59, 30
nid001145,2026/05/03 01:57:44.438, 0, GPU-8ea6fdc3-f283-452d-c89c-4e954e5e073c, NVIDIA A100-SXM4-40GB, 34769, 40960, 0, 56.91, 29
nid001145,2026/05/03 01:57:44.440, 1, GPU-64cdb16d-faee-8107-c27d-7e92ffec99a0, NVIDIA A100-SXM4-40GB, 34769, 40960, 0, 55.73, 27
nid001145,2026/05/03 01:57:44.441, 2, GPU-ff858cba-dabb-2e65-f117-e5837cc177a1, NVIDIA A100-SXM4-40GB, 0, 40960, 0, 49.34, 28
nid001145,2026/05/03 01:57:44.443, 3, GPU-f730a11d-647c-a1fa-7b7a-c285f32e3d57, NVIDIA A100-SXM4-40GB, 0, 40960, 0, 49.47, 27
nid001148,2026/05/03 01:57:45.373, 0, GPU-a7c8774f-988d-67a1-6fc7-b550e6084318, NVIDIA A100-SXM4-40GB, 36401, 40960, 0, 71.86, 32
nid001148,2026/05/03 01:57:45.376, 1, GPU-577e60db-d1c2-90d3-5b3f-7c7b324afca4, NVIDIA A100-SXM4-40GB, 35235, 40960, 0, 69.01, 31
nid001148,2026/05/03 01:57:45.381, 2, GPU-f9525f1a-f229-68e0-6d66-e6a80841779c, NVIDIA A100-SXM4-40GB, 35235, 40960, 0, 70.50, 33
nid001148,2026/05/03 01:57:45.382, 3, GPU-8a5d8169-14f6-54ff-6976-dc38563295f4, NVIDIA A100-SXM4-40GB, 36881, 40960, 0, 70.59, 30
nid001145,2026/05/03 01:57:48.337, 0, GPU-8ea6fdc3-f283-452d-c89c-4e954e5e073c, NVIDIA A100-SXM4-40GB, 34769, 40960, 0, 56.91, 29
nid001145,2026/05/03 01:57:48.339, 1, GPU-64cdb16d-faee-8107-c27d-7e92ffec99a0, NVIDIA A100-SXM4-40GB, 34769, 40960, 0, 56.25, 27
nid001145,2026/05/03 01:57:48.340, 2, GPU-ff858cba-dabb-2e65-f117-e5837cc177a1, NVIDIA A100-SXM4-40GB, 0, 40960, 0, 49.29, 28
nid001145,2026/05/03 01:57:48.342, 3, GPU-f730a11d-647c-a1fa-7b7a-c285f32e3d57, NVIDIA A100-SXM4-40GB, 0, 40960, 0, 49.47, 27
nid001148,2026/05/03 01:57:49.297, 0, GPU-a7c8774f-988d-67a1-6fc7-b550e6084318, NVIDIA A100-SXM4-40GB, 36401, 40960, 0, 71.86, 32
nid001148,2026/05/03 01:57:49.299, 1, GPU-577e60db-d1c2-90d3-5b3f-7c7b324afca4, NVIDIA A100-SXM4-40GB, 35235, 40960, 0, 69.01, 31
nid001148,2026/05/03 01:57:49.301, 2, GPU-f9525f1a-f229-68e0-6d66-e6a80841779c, NVIDIA A100-SXM4-40GB, 35235, 40960, 0, 70.22, 33
nid001148,2026/05/03 01:57:49.303, 3, GPU-8a5d8169-14f6-54ff-6976-dc38563295f4, NVIDIA A100-SXM4-40GB, 36881, 40960, 0, 70.59, 30
nid001145,2026/05/03 01:57:52.256, 0, GPU-8ea6fdc3-f283-452d-c89c-4e954e5e073c, NVIDIA A100-SXM4-40GB, 34769, 40960, 0, 56.91, 29
nid001145,2026/05/03 01:57:52.258, 1, GPU-64cdb16d-faee-8107-c27d-7e92ffec99a0, NVIDIA A100-SXM4-40GB, 34769, 40960, 0, 56.01, 27
nid001145,2026/05/03 01:57:52.260, 2, GPU-ff858cba-dabb-2e65-f117-e5837cc177a1, NVIDIA A100-SXM4-40GB, 0, 40960, 0, 49.29, 28
nid001145,2026/05/03 01:57:52.262, 3, GPU-f730a11d-647c-a1fa-7b7a-c285f32e3d57, NVIDIA A100-SXM4-40GB, 0, 40960, 0, 49.47, 27
nid001148,2026/05/03 01:57:53.188, 0, GPU-a7c8774f-988d-67a1-6fc7-b550e6084318, NVIDIA A100-SXM4-40GB, 36401, 40960, 0, 71.86, 32
nid001148,2026/05/03 01:57:53.192, 1, GPU-577e60db-d1c2-90d3-5b3f-7c7b324afca4, NVIDIA A100-SXM4-40GB, 35235, 40960, 0, 69.01, 31
nid001148,2026/05/03 01:57:53.194, 2, GPU-f9525f1a-f229-68e0-6d66-e6a80841779c, NVIDIA A100-SXM4-40GB, 35235, 40960, 0, 70.22, 33
nid001148,2026/05/03 01:57:53.195, 3, GPU-8a5d8169-14f6-54ff-6976-dc38563295f4, NVIDIA A100-SXM4-40GB, 36881, 40960, 0, 70.59, 30
nid001145,2026/05/03 01:57:56.143, 0, GPU-8ea6fdc3-f283-452d-c89c-4e954e5e073c, NVIDIA A100-SXM4-40GB, 34769, 40960, 0, 56.91, 29
nid001145,2026/05/03 01:57:56.145, 1, GPU-64cdb16d-faee-8107-c27d-7e92ffec99a0, NVIDIA A100-SXM4-40GB, 34769, 40960, 0, 55.73, 27
nid001145,2026/05/03 01:57:56.147, 2, GPU-ff858cba-dabb-2e65-f117-e5837cc177a1, NVIDIA A100-SXM4-40GB, 0, 40960, 0, 49.29, 28
nid001145,2026/05/03 01:57:56.156, 3, GPU-f730a11d-647c-a1fa-7b7a-c285f32e3d57, NVIDIA A100-SXM4-40GB, 0, 40960, 0, 49.47, 27
nid001148,2026/05/03 01:57:57.128, 0, GPU-a7c8774f-988d-67a1-6fc7-b550e6084318, NVIDIA A100-SXM4-40GB, 36401, 40960, 0, 71.62, 32
nid001148,2026/05/03 01:57:57.130, 1, GPU-577e60db-d1c2-90d3-5b3f-7c7b324afca4, NVIDIA A100-SXM4-40GB, 35235, 40960, 0, 69.01, 31
nid001148,2026/05/03 01:57:57.132, 2, GPU-f9525f1a-f229-68e0-6d66-e6a80841779c, NVIDIA A100-SXM4-40GB, 35235, 40960, 0, 70.22, 33
nid001148,2026/05/03 01:57:57.133, 3, GPU-8a5d8169-14f6-54ff-6976-dc38563295f4, NVIDIA A100-SXM4-40GB, 36881, 40960, 0, 70.59, 30
nid001145,2026/05/03 01:58:00.104, 0, GPU-8ea6fdc3-f283-452d-c89c-4e954e5e073c, NVIDIA A100-SXM4-40GB, 34771, 40960, 0, 56.91, 29
nid001145,2026/05/03 01:58:00.107, 1, GPU-64cdb16d-faee-8107-c27d-7e92ffec99a0, NVIDIA A100-SXM4-40GB, 34771, 40960, 0, 56.01, 27
nid001145,2026/05/03 01:58:00.108, 2, GPU-ff858cba-dabb-2e65-f117-e5837cc177a1, NVIDIA A100-SXM4-40GB, 0, 40960, 0, 49.29, 28
nid001145,2026/05/03 01:58:00.110, 3, GPU-f730a11d-647c-a1fa-7b7a-c285f32e3d57, NVIDIA A100-SXM4-40GB, 0, 40960, 0, 49.47, 27
nid001148,2026/05/03 01:58:01.048, 0, GPU-a7c8774f-988d-67a1-6fc7-b550e6084318, NVIDIA A100-SXM4-40GB, 36401, 40960, 0, 71.62, 32
nid001148,2026/05/03 01:58:01.055, 1, GPU-577e60db-d1c2-90d3-5b3f-7c7b324afca4, NVIDIA A100-SXM4-40GB, 35235, 40960, 0, 69.30, 31
nid001148,2026/05/03 01:58:01.061, 2, GPU-f9525f1a-f229-68e0-6d66-e6a80841779c, NVIDIA A100-SXM4-40GB, 35235, 40960, 0, 70.22, 32
nid001148,2026/05/03 01:58:01.067, 3, GPU-8a5d8169-14f6-54ff-6976-dc38563295f4, NVIDIA A100-SXM4-40GB, 36881, 40960, 0, 70.59, 30
nid001145,2026/05/03 01:58:04.021, 0, GPU-8ea6fdc3-f283-452d-c89c-4e954e5e073c, NVIDIA A100-SXM4-40GB, 34771, 40960, 0, 56.91, 29
nid001145,2026/05/03 01:58:04.023, 1, GPU-64cdb16d-faee-8107-c27d-7e92ffec99a0, NVIDIA A100-SXM4-40GB, 34771, 40960, 0, 56.01, 27
nid001145,2026/05/03 01:58:04.025, 2, GPU-ff858cba-dabb-2e65-f117-e5837cc177a1, NVIDIA A100-SXM4-40GB, 0, 40960, 0, 49.29, 28
nid001145,2026/05/03 01:58:04.027, 3, GPU-f730a11d-647c-a1fa-7b7a-c285f32e3d57, NVIDIA A100-SXM4-40GB, 0, 40960, 0, 49.47, 27
nid001148,2026/05/03 01:58:04.968, 0, GPU-a7c8774f-988d-67a1-6fc7-b550e6084318, NVIDIA A100-SXM4-40GB, 37495, 40960, 100, 116.23, 37
nid001148,2026/05/03 01:58:04.972, 1, GPU-577e60db-d1c2-90d3-5b3f-7c7b324afca4, NVIDIA A100-SXM4-40GB, 36181, 40960, 100, 222.53, 35
nid001148,2026/05/03 01:58:04.974, 2, GPU-f9525f1a-f229-68e0-6d66-e6a80841779c, NVIDIA A100-SXM4-40GB, 36181, 40960, 100, 116.12, 38
nid001148,2026/05/03 01:58:04.976, 3, GPU-8a5d8169-14f6-54ff-6976-dc38563295f4, NVIDIA A100-SXM4-40GB, 37727, 40960, 100, 117.12, 35
nid001145,2026/05/03 01:58:07.969, 0, GPU-8ea6fdc3-f283-452d-c89c-4e954e5e073c, NVIDIA A100-SXM4-40GB, 34771, 40960, 0, 57.15, 29
nid001145,2026/05/03 01:58:07.971, 1, GPU-64cdb16d-faee-8107-c27d-7e92ffec99a0, NVIDIA A100-SXM4-40GB, 34771, 40960, 0, 56.01, 27
nid001145,2026/05/03 01:58:07.973, 2, GPU-ff858cba-dabb-2e65-f117-e5837cc177a1, NVIDIA A100-SXM4-40GB, 0, 40960, 0, 49.29, 28
nid001145,2026/05/03 01:58:07.975, 3, GPU-f730a11d-647c-a1fa-7b7a-c285f32e3d57, NVIDIA A100-SXM4-40GB, 0, 40960, 0, 49.47, 27
nid001148,2026/05/03 01:58:08.940, 0, GPU-a7c8774f-988d-67a1-6fc7-b550e6084318, NVIDIA A100-SXM4-40GB, 37495, 40960, 100, 209.75, 39
nid001148,2026/05/03 01:58:08.943, 1, GPU-577e60db-d1c2-90d3-5b3f-7c7b324afca4, NVIDIA A100-SXM4-40GB, 36181, 40960, 100, 133.25, 35
nid001148,2026/05/03 01:58:08.945, 2, GPU-f9525f1a-f229-68e0-6d66-e6a80841779c, NVIDIA A100-SXM4-40GB, 36181, 40960, 100, 183.96, 38
nid001148,2026/05/03 01:58:08.952, 3, GPU-8a5d8169-14f6-54ff-6976-dc38563295f4, NVIDIA A100-SXM4-40GB, 37727, 40960, 100, 242.00, 36
nid001145,2026/05/03 01:58:11.895, 0, GPU-8ea6fdc3-f283-452d-c89c-4e954e5e073c, NVIDIA A100-SXM4-40GB, 34771, 40960, 0, 56.91, 29
nid001145,2026/05/03 01:58:11.897, 1, GPU-64cdb16d-faee-8107-c27d-7e92ffec99a0, NVIDIA A100-SXM4-40GB, 34771, 40960, 0, 55.73, 27
nid001145,2026/05/03 01:58:11.898, 2, GPU-ff858cba-dabb-2e65-f117-e5837cc177a1, NVIDIA A100-SXM4-40GB, 0, 40960, 0, 49.34, 28
nid001145,2026/05/03 01:58:11.901, 3, GPU-f730a11d-647c-a1fa-7b7a-c285f32e3d57, NVIDIA A100-SXM4-40GB, 0, 40960, 0, 49.47, 27
nid001148,2026/05/03 01:58:12.829, 0, GPU-a7c8774f-988d-67a1-6fc7-b550e6084318, NVIDIA A100-SXM4-40GB, 37495, 40960, 100, 120.69, 38
nid001148,2026/05/03 01:58:12.832, 1, GPU-577e60db-d1c2-90d3-5b3f-7c7b324afca4, NVIDIA A100-SXM4-40GB, 36181, 40960, 100, 185.16, 35
nid001148,2026/05/03 01:58:12.833, 2, GPU-f9525f1a-f229-68e0-6d66-e6a80841779c, NVIDIA A100-SXM4-40GB, 36181, 40960, 100, 121.50, 39
nid001148,2026/05/03 01:58:12.835, 3, GPU-8a5d8169-14f6-54ff-6976-dc38563295f4, NVIDIA A100-SXM4-40GB, 37727, 40960, 100, 113.16, 36
nid001145,2026/05/03 01:58:15.790, 0, GPU-8ea6fdc3-f283-452d-c89c-4e954e5e073c, NVIDIA A100-SXM4-40GB, 34771, 40960, 0, 57.15, 29
nid001145,2026/05/03 01:58:15.792, 1, GPU-64cdb16d-faee-8107-c27d-7e92ffec99a0, NVIDIA A100-SXM4-40GB, 34771, 40960, 0, 55.73, 27
nid001145,2026/05/03 01:58:15.793, 2, GPU-ff858cba-dabb-2e65-f117-e5837cc177a1, NVIDIA A100-SXM4-40GB, 0, 40960, 0, 49.34, 28
nid001145,2026/05/03 01:58:15.795, 3, GPU-f730a11d-647c-a1fa-7b7a-c285f32e3d57, NVIDIA A100-SXM4-40GB, 0, 40960, 0, 49.47, 27
nid001148,2026/05/03 01:58:16.768, 0, GPU-a7c8774f-988d-67a1-6fc7-b550e6084318, NVIDIA A100-SXM4-40GB, 37495, 40960, 100, 106.00, 38
nid001148,2026/05/03 01:58:16.771, 1, GPU-577e60db-d1c2-90d3-5b3f-7c7b324afca4, NVIDIA A100-SXM4-40GB, 36181, 40960, 92, 101.27, 35
nid001148,2026/05/03 01:58:16.772, 2, GPU-f9525f1a-f229-68e0-6d66-e6a80841779c, NVIDIA A100-SXM4-40GB, 36181, 40960, 65, 103.21, 38
nid001148,2026/05/03 01:58:16.774, 3, GPU-8a5d8169-14f6-54ff-6976-dc38563295f4, NVIDIA A100-SXM4-40GB, 37727, 40960, 80, 102.04, 35
nid001145,2026/05/03 01:58:19.751, 0, GPU-8ea6fdc3-f283-452d-c89c-4e954e5e073c, NVIDIA A100-SXM4-40GB, 34771, 40960, 0, 57.15, 29
nid001145,2026/05/03 01:58:19.753, 1, GPU-64cdb16d-faee-8107-c27d-7e92ffec99a0, NVIDIA A100-SXM4-40GB, 34771, 40960, 0, 55.73, 27
nid001145,2026/05/03 01:58:19.754, 2, GPU-ff858cba-dabb-2e65-f117-e5837cc177a1, NVIDIA A100-SXM4-40GB, 0, 40960, 0, 49.00, 28
nid001145,2026/05/03 01:58:19.761, 3, GPU-f730a11d-647c-a1fa-7b7a-c285f32e3d57, NVIDIA A100-SXM4-40GB, 0, 40960, 0, 49.23, 27
nid001148,2026/05/03 01:58:20.663, 0, GPU-a7c8774f-988d-67a1-6fc7-b550e6084318, NVIDIA A100-SXM4-40GB, 37599, 40960, 100, 109.20, 39
nid001148,2026/05/03 01:58:20.666, 1, GPU-577e60db-d1c2-90d3-5b3f-7c7b324afca4, NVIDIA A100-SXM4-40GB, 36181, 40960, 100, 201.07, 36
nid001148,2026/05/03 01:58:20.669, 2, GPU-f9525f1a-f229-68e0-6d66-e6a80841779c, NVIDIA A100-SXM4-40GB, 36181, 40960, 100, 113.03, 40
nid001148,2026/05/03 01:58:20.670, 3, GPU-8a5d8169-14f6-54ff-6976-dc38563295f4, NVIDIA A100-SXM4-40GB, 37727, 40960, 100, 112.26, 36
nid001145,2026/05/03 01:58:23.615, 0, GPU-8ea6fdc3-f283-452d-c89c-4e954e5e073c, NVIDIA A100-SXM4-40GB, 34771, 40960, 0, 57.15, 29
nid001145,2026/05/03 01:58:23.617, 1, GPU-64cdb16d-faee-8107-c27d-7e92ffec99a0, NVIDIA A100-SXM4-40GB, 34771, 40960, 0, 55.73, 27
nid001145,2026/05/03 01:58:23.619, 2, GPU-ff858cba-dabb-2e65-f117-e5837cc177a1, NVIDIA A100-SXM4-40GB, 0, 40960, 0, 49.29, 28
nid001145,2026/05/03 01:58:23.621, 3, GPU-f730a11d-647c-a1fa-7b7a-c285f32e3d57, NVIDIA A100-SXM4-40GB, 0, 40960, 0, 49.47, 27
nid001148,2026/05/03 01:58:24.602, 0, GPU-a7c8774f-988d-67a1-6fc7-b550e6084318, NVIDIA A100-SXM4-40GB, 37599, 40960, 85, 102.95, 39
nid001148,2026/05/03 01:58:24.605, 1, GPU-577e60db-d1c2-90d3-5b3f-7c7b324afca4, NVIDIA A100-SXM4-40GB, 36181, 40960, 100, 405.76, 38
nid001148,2026/05/03 01:58:24.606, 2, GPU-f9525f1a-f229-68e0-6d66-e6a80841779c, NVIDIA A100-SXM4-40GB, 36181, 40960, 100, 103.48, 44
nid001148,2026/05/03 01:58:24.609, 3, GPU-8a5d8169-14f6-54ff-6976-dc38563295f4, NVIDIA A100-SXM4-40GB, 37727, 40960, 13, 102.32, 34
nid001145,2026/05/03 01:58:27.547, 0, GPU-8ea6fdc3-f283-452d-c89c-4e954e5e073c, NVIDIA A100-SXM4-40GB, 34771, 40960, 0, 57.43, 29
nid001145,2026/05/03 01:58:27.549, 1, GPU-64cdb16d-faee-8107-c27d-7e92ffec99a0, NVIDIA A100-SXM4-40GB, 34771, 40960, 0, 55.73, 27
nid001145,2026/05/03 01:58:27.551, 2, GPU-ff858cba-dabb-2e65-f117-e5837cc177a1, NVIDIA A100-SXM4-40GB, 0, 40960, 0, 49.00, 28
nid001145,2026/05/03 01:58:27.553, 3, GPU-f730a11d-647c-a1fa-7b7a-c285f32e3d57, NVIDIA A100-SXM4-40GB, 0, 40960, 0, 49.47, 27
nid001148,2026/05/03 01:58:28.546, 0, GPU-a7c8774f-988d-67a1-6fc7-b550e6084318, NVIDIA A100-SXM4-40GB, 37599, 40960, 100, 111.76, 39
nid001148,2026/05/03 01:58:28.549, 1, GPU-577e60db-d1c2-90d3-5b3f-7c7b324afca4, NVIDIA A100-SXM4-40GB, 36181, 40960, 100, 127.64, 36
nid001148,2026/05/03 01:58:28.551, 2, GPU-f9525f1a-f229-68e0-6d66-e6a80841779c, NVIDIA A100-SXM4-40GB, 36181, 40960, 100, 119.69, 40
nid001148,2026/05/03 01:58:28.563, 3, GPU-8a5d8169-14f6-54ff-6976-dc38563295f4, NVIDIA A100-SXM4-40GB, 37727, 40960, 100, 116.12, 36
nid001145,2026/05/03 01:58:31.499, 0, GPU-8ea6fdc3-f283-452d-c89c-4e954e5e073c, NVIDIA A100-SXM4-40GB, 34771, 40960, 0, 57.15, 29
nid001145,2026/05/03 01:58:31.501, 1, GPU-64cdb16d-faee-8107-c27d-7e92ffec99a0, NVIDIA A100-SXM4-40GB, 34771, 40960, 0, 55.73, 27
nid001145,2026/05/03 01:58:31.503, 2, GPU-ff858cba-dabb-2e65-f117-e5837cc177a1, NVIDIA A100-SXM4-40GB, 0, 40960, 0, 49.29, 28
nid001145,2026/05/03 01:58:31.505, 3, GPU-f730a11d-647c-a1fa-7b7a-c285f32e3d57, NVIDIA A100-SXM4-40GB, 0, 40960, 0, 49.47, 27
nid001148,2026/05/03 01:58:32.458, 0, GPU-a7c8774f-988d-67a1-6fc7-b550e6084318, NVIDIA A100-SXM4-40GB, 37599, 40960, 100, 191.40, 39
nid001148,2026/05/03 01:58:32.461, 1, GPU-577e60db-d1c2-90d3-5b3f-7c7b324afca4, NVIDIA A100-SXM4-40GB, 36181, 40960, 100, 143.66, 36
nid001148,2026/05/03 01:58:32.464, 2, GPU-f9525f1a-f229-68e0-6d66-e6a80841779c, NVIDIA A100-SXM4-40GB, 36181, 40960, 100, 218.94, 40
nid001148,2026/05/03 01:58:32.466, 3, GPU-8a5d8169-14f6-54ff-6976-dc38563295f4, NVIDIA A100-SXM4-40GB, 37727, 40960, 100, 193.65, 37
nid001145,2026/05/03 01:58:35.391, 0, GPU-8ea6fdc3-f283-452d-c89c-4e954e5e073c, NVIDIA A100-SXM4-40GB, 34771, 40960, 0, 57.15, 29
nid001145,2026/05/03 01:58:35.393, 1, GPU-64cdb16d-faee-8107-c27d-7e92ffec99a0, NVIDIA A100-SXM4-40GB, 34771, 40960, 0, 56.01, 27
nid001145,2026/05/03 01:58:35.394, 2, GPU-ff858cba-dabb-2e65-f117-e5837cc177a1, NVIDIA A100-SXM4-40GB, 0, 40960, 0, 49.29, 28
nid001145,2026/05/03 01:58:35.396, 3, GPU-f730a11d-647c-a1fa-7b7a-c285f32e3d57, NVIDIA A100-SXM4-40GB, 0, 40960, 0, 49.47, 27
nid001148,2026/05/03 01:58:36.346, 0, GPU-a7c8774f-988d-67a1-6fc7-b550e6084318, NVIDIA A100-SXM4-40GB, 37599, 40960, 100, 122.59, 39
nid001148,2026/05/03 01:58:36.349, 1, GPU-577e60db-d1c2-90d3-5b3f-7c7b324afca4, NVIDIA A100-SXM4-40GB, 36181, 40960, 100, 109.59, 36
nid001148,2026/05/03 01:58:36.350, 2, GPU-f9525f1a-f229-68e0-6d66-e6a80841779c, NVIDIA A100-SXM4-40GB, 36181, 40960, 100, 133.25, 40
nid001148,2026/05/03 01:58:36.352, 3, GPU-8a5d8169-14f6-54ff-6976-dc38563295f4, NVIDIA A100-SXM4-40GB, 37727, 40960, 100, 117.64, 36
nid001145,2026/05/03 01:58:39.315, 0, GPU-8ea6fdc3-f283-452d-c89c-4e954e5e073c, NVIDIA A100-SXM4-40GB, 34771, 40960, 0, 56.91, 29
nid001145,2026/05/03 01:58:39.316, 1, GPU-64cdb16d-faee-8107-c27d-7e92ffec99a0, NVIDIA A100-SXM4-40GB, 34771, 40960, 0, 55.73, 27
nid001145,2026/05/03 01:58:39.321, 2, GPU-ff858cba-dabb-2e65-f117-e5837cc177a1, NVIDIA A100-SXM4-40GB, 0, 40960, 0, 49.00, 28
nid001145,2026/05/03 01:58:39.323, 3, GPU-f730a11d-647c-a1fa-7b7a-c285f32e3d57, NVIDIA A100-SXM4-40GB, 0, 40960, 0, 49.47, 27
nid001148,2026/05/03 01:58:40.295, 0, GPU-a7c8774f-988d-67a1-6fc7-b550e6084318, NVIDIA A100-SXM4-40GB, 37599, 40960, 100, 132.70, 39
nid001148,2026/05/03 01:58:40.299, 1, GPU-577e60db-d1c2-90d3-5b3f-7c7b324afca4, NVIDIA A100-SXM4-40GB, 36181, 40960, 100, 123.17, 36
nid001148,2026/05/03 01:58:40.301, 2, GPU-f9525f1a-f229-68e0-6d66-e6a80841779c, NVIDIA A100-SXM4-40GB, 36181, 40960, 100, 146.82, 40
nid001148,2026/05/03 01:58:40.302, 3, GPU-8a5d8169-14f6-54ff-6976-dc38563295f4, NVIDIA A100-SXM4-40GB, 37727, 40960, 100, 135.82, 36
nid001145,2026/05/03 01:58:43.293, 0, GPU-8ea6fdc3-f283-452d-c89c-4e954e5e073c, NVIDIA A100-SXM4-40GB, 34771, 40960, 0, 56.91, 29
nid001145,2026/05/03 01:58:43.295, 1, GPU-64cdb16d-faee-8107-c27d-7e92ffec99a0, NVIDIA A100-SXM4-40GB, 34771, 40960, 0, 55.73, 27
nid001145,2026/05/03 01:58:43.297, 2, GPU-ff858cba-dabb-2e65-f117-e5837cc177a1, NVIDIA A100-SXM4-40GB, 0, 40960, 0, 49.00, 28
nid001145,2026/05/03 01:58:43.299, 3, GPU-f730a11d-647c-a1fa-7b7a-c285f32e3d57, NVIDIA A100-SXM4-40GB, 0, 40960, 0, 49.47, 27
nid001148,2026/05/03 01:58:44.318, 0, GPU-a7c8774f-988d-67a1-6fc7-b550e6084318, NVIDIA A100-SXM4-40GB, 37599, 40960, 100, 112.52, 40
nid001148,2026/05/03 01:58:44.322, 1, GPU-577e60db-d1c2-90d3-5b3f-7c7b324afca4, NVIDIA A100-SXM4-40GB, 36181, 40960, 100, 127.11, 36
nid001148,2026/05/03 01:58:44.324, 2, GPU-f9525f1a-f229-68e0-6d66-e6a80841779c, NVIDIA A100-SXM4-40GB, 36181, 40960, 100, 119.55, 40
nid001148,2026/05/03 01:58:44.325, 3, GPU-8a5d8169-14f6-54ff-6976-dc38563295f4, NVIDIA A100-SXM4-40GB, 37727, 40960, 100, 113.03, 36
nid001145,2026/05/03 01:58:47.270, 0, GPU-8ea6fdc3-f283-452d-c89c-4e954e5e073c, NVIDIA A100-SXM4-40GB, 34771, 40960, 0, 56.91, 29
nid001145,2026/05/03 01:58:47.272, 1, GPU-64cdb16d-faee-8107-c27d-7e92ffec99a0, NVIDIA A100-SXM4-40GB, 34771, 40960, 0, 55.73, 27
nid001145,2026/05/03 01:58:47.273, 2, GPU-ff858cba-dabb-2e65-f117-e5837cc177a1, NVIDIA A100-SXM4-40GB, 0, 40960, 0, 49.29, 28
nid001145,2026/05/03 01:58:47.276, 3, GPU-f730a11d-647c-a1fa-7b7a-c285f32e3d57, NVIDIA A100-SXM4-40GB, 0, 40960, 0, 49.47, 27
nid001148,2026/05/03 01:58:48.274, 0, GPU-a7c8774f-988d-67a1-6fc7-b550e6084318, NVIDIA A100-SXM4-40GB, 37599, 40960, 100, 112.29, 39
nid001148,2026/05/03 01:58:48.280, 1, GPU-577e60db-d1c2-90d3-5b3f-7c7b324afca4, NVIDIA A100-SXM4-40GB, 36181, 40960, 100, 191.08, 36
nid001148,2026/05/03 01:58:48.286, 2, GPU-f9525f1a-f229-68e0-6d66-e6a80841779c, NVIDIA A100-SXM4-40GB, 36181, 40960, 100, 119.17, 41
nid001148,2026/05/03 01:58:48.294, 3, GPU-8a5d8169-14f6-54ff-6976-dc38563295f4, NVIDIA A100-SXM4-40GB, 37727, 40960, 100, 150.39, 37
nid001145,2026/05/03 01:58:51.248, 0, GPU-8ea6fdc3-f283-452d-c89c-4e954e5e073c, NVIDIA A100-SXM4-40GB, 34771, 40960, 0, 56.91, 29
nid001145,2026/05/03 01:58:51.250, 1, GPU-64cdb16d-faee-8107-c27d-7e92ffec99a0, NVIDIA A100-SXM4-40GB, 34771, 40960, 0, 56.01, 27
nid001145,2026/05/03 01:58:51.251, 2, GPU-ff858cba-dabb-2e65-f117-e5837cc177a1, NVIDIA A100-SXM4-40GB, 0, 40960, 0, 49.29, 28
nid001145,2026/05/03 01:58:51.253, 3, GPU-f730a11d-647c-a1fa-7b7a-c285f32e3d57, NVIDIA A100-SXM4-40GB, 0, 40960, 0, 49.47, 27
nid001148,2026/05/03 01:58:52.197, 0, GPU-a7c8774f-988d-67a1-6fc7-b550e6084318, NVIDIA A100-SXM4-40GB, 37599, 40960, 100, 201.87, 40
nid001148,2026/05/03 01:58:52.201, 1, GPU-577e60db-d1c2-90d3-5b3f-7c7b324afca4, NVIDIA A100-SXM4-40GB, 36181, 40960, 100, 149.86, 36
nid001148,2026/05/03 01:58:52.202, 2, GPU-f9525f1a-f229-68e0-6d66-e6a80841779c, NVIDIA A100-SXM4-40GB, 36181, 40960, 100, 183.20, 40
nid001148,2026/05/03 01:58:52.204, 3, GPU-8a5d8169-14f6-54ff-6976-dc38563295f4, NVIDIA A100-SXM4-40GB, 37727, 40960, 100, 172.37, 36
nid001145,2026/05/03 01:58:55.155, 0, GPU-8ea6fdc3-f283-452d-c89c-4e954e5e073c, NVIDIA A100-SXM4-40GB, 34771, 40960, 0, 56.91, 29
nid001145,2026/05/03 01:58:55.157, 1, GPU-64cdb16d-faee-8107-c27d-7e92ffec99a0, NVIDIA A100-SXM4-40GB, 34771, 40960, 0, 56.01, 27
nid001145,2026/05/03 01:58:55.158, 2, GPU-ff858cba-dabb-2e65-f117-e5837cc177a1, NVIDIA A100-SXM4-40GB, 0, 40960, 0, 49.29, 28
nid001145,2026/05/03 01:58:55.160, 3, GPU-f730a11d-647c-a1fa-7b7a-c285f32e3d57, NVIDIA A100-SXM4-40GB, 0, 40960, 0, 49.47, 27
nid001148,2026/05/03 01:58:56.126, 0, GPU-a7c8774f-988d-67a1-6fc7-b550e6084318, NVIDIA A100-SXM4-40GB, 37599, 40960, 100, 209.75, 40
nid001148,2026/05/03 01:58:56.129, 1, GPU-577e60db-d1c2-90d3-5b3f-7c7b324afca4, NVIDIA A100-SXM4-40GB, 36181, 40960, 100, 178.27, 36
nid001148,2026/05/03 01:58:56.130, 2, GPU-f9525f1a-f229-68e0-6d66-e6a80841779c, NVIDIA A100-SXM4-40GB, 36181, 40960, 100, 151.91, 41
nid001148,2026/05/03 01:58:56.133, 3, GPU-8a5d8169-14f6-54ff-6976-dc38563295f4, NVIDIA A100-SXM4-40GB, 37727, 40960, 100, 203.88, 36
nid001145,2026/05/03 01:58:59.076, 0, GPU-8ea6fdc3-f283-452d-c89c-4e954e5e073c, NVIDIA A100-SXM4-40GB, 34771, 40960, 0, 56.91, 29
nid001145,2026/05/03 01:58:59.078, 1, GPU-64cdb16d-faee-8107-c27d-7e92ffec99a0, NVIDIA A100-SXM4-40GB, 34771, 40960, 0, 56.01, 27
nid001145,2026/05/03 01:58:59.080, 2, GPU-ff858cba-dabb-2e65-f117-e5837cc177a1, NVIDIA A100-SXM4-40GB, 0, 40960, 0, 49.29, 28
nid001145,2026/05/03 01:58:59.082, 3, GPU-f730a11d-647c-a1fa-7b7a-c285f32e3d57, NVIDIA A100-SXM4-40GB, 0, 40960, 0, 49.47, 27
nid001148,2026/05/03 01:59:00.096, 0, GPU-a7c8774f-988d-67a1-6fc7-b550e6084318, NVIDIA A100-SXM4-40GB, 37599, 40960, 100, 134.82, 40
nid001148,2026/05/03 01:59:00.098, 1, GPU-577e60db-d1c2-90d3-5b3f-7c7b324afca4, NVIDIA A100-SXM4-40GB, 36181, 40960, 100, 120.45, 36
nid001148,2026/05/03 01:59:00.100, 2, GPU-f9525f1a-f229-68e0-6d66-e6a80841779c, NVIDIA A100-SXM4-40GB, 36181, 40960, 100, 179.35, 41
nid001148,2026/05/03 01:59:00.103, 3, GPU-8a5d8169-14f6-54ff-6976-dc38563295f4, NVIDIA A100-SXM4-40GB, 37727, 40960, 100, 125.30, 37
nid001145,2026/05/03 01:59:03.091, 0, GPU-8ea6fdc3-f283-452d-c89c-4e954e5e073c, NVIDIA A100-SXM4-40GB, 34771, 40960, 0, 56.91, 29
nid001145,2026/05/03 01:59:03.093, 1, GPU-64cdb16d-faee-8107-c27d-7e92ffec99a0, NVIDIA A100-SXM4-40GB, 34771, 40960, 0, 55.73, 27
nid001145,2026/05/03 01:59:03.095, 2, GPU-ff858cba-dabb-2e65-f117-e5837cc177a1, NVIDIA A100-SXM4-40GB, 0, 40960, 0, 49.00, 28
nid001145,2026/05/03 01:59:03.097, 3, GPU-f730a11d-647c-a1fa-7b7a-c285f32e3d57, NVIDIA A100-SXM4-40GB, 0, 40960, 0, 49.47, 27
nid001148,2026/05/03 01:59:04.057, 0, GPU-a7c8774f-988d-67a1-6fc7-b550e6084318, NVIDIA A100-SXM4-40GB, 37599, 40960, 100, 110.48, 40
nid001148,2026/05/03 01:59:04.060, 1, GPU-577e60db-d1c2-90d3-5b3f-7c7b324afca4, NVIDIA A100-SXM4-40GB, 36181, 40960, 100, 156.28, 36
nid001148,2026/05/03 01:59:04.063, 2, GPU-f9525f1a-f229-68e0-6d66-e6a80841779c, NVIDIA A100-SXM4-40GB, 36181, 40960, 100, 122.50, 40
nid001148,2026/05/03 01:59:04.072, 3, GPU-8a5d8169-14f6-54ff-6976-dc38563295f4, NVIDIA A100-SXM4-40GB, 37727, 40960, 100, 134.54, 36
nid001145,2026/05/03 01:59:07.034, 0, GPU-8ea6fdc3-f283-452d-c89c-4e954e5e073c, NVIDIA A100-SXM4-40GB, 34771, 40960, 0, 56.91, 29
nid001145,2026/05/03 01:59:07.036, 1, GPU-64cdb16d-faee-8107-c27d-7e92ffec99a0, NVIDIA A100-SXM4-40GB, 34771, 40960, 0, 56.25, 27
nid001145,2026/05/03 01:59:07.038, 2, GPU-ff858cba-dabb-2e65-f117-e5837cc177a1, NVIDIA A100-SXM4-40GB, 0, 40960, 0, 49.29, 28
nid001145,2026/05/03 01:59:07.040, 3, GPU-f730a11d-647c-a1fa-7b7a-c285f32e3d57, NVIDIA A100-SXM4-40GB, 0, 40960, 0, 49.47, 27
nid001148,2026/05/03 01:59:08.142, 0, GPU-a7c8774f-988d-67a1-6fc7-b550e6084318, NVIDIA A100-SXM4-40GB, 37599, 40960, 100, 112.00, 40
nid001148,2026/05/03 01:59:08.149, 1, GPU-577e60db-d1c2-90d3-5b3f-7c7b324afca4, NVIDIA A100-SXM4-40GB, 36181, 40960, 100, 206.40, 37
nid001148,2026/05/03 01:59:08.151, 2, GPU-f9525f1a-f229-68e0-6d66-e6a80841779c, NVIDIA A100-SXM4-40GB, 36181, 40960, 100, 117.79, 41
nid001148,2026/05/03 01:59:08.153, 3, GPU-8a5d8169-14f6-54ff-6976-dc38563295f4, NVIDIA A100-SXM4-40GB, 37727, 40960, 100, 221.53, 38
nid001145,2026/05/03 01:59:11.106, 0, GPU-8ea6fdc3-f283-452d-c89c-4e954e5e073c, NVIDIA A100-SXM4-40GB, 34771, 40960, 0, 56.91, 29
nid001145,2026/05/03 01:59:11.108, 1, GPU-64cdb16d-faee-8107-c27d-7e92ffec99a0, NVIDIA A100-SXM4-40GB, 34771, 40960, 0, 56.01, 27
nid001145,2026/05/03 01:59:11.109, 2, GPU-ff858cba-dabb-2e65-f117-e5837cc177a1, NVIDIA A100-SXM4-40GB, 0, 40960, 0, 49.00, 28
nid001145,2026/05/03 01:59:11.111, 3, GPU-f730a11d-647c-a1fa-7b7a-c285f32e3d57, NVIDIA A100-SXM4-40GB, 0, 40960, 0, 49.47, 27
nid001148,2026/05/03 01:59:12.076, 0, GPU-a7c8774f-988d-67a1-6fc7-b550e6084318, NVIDIA A100-SXM4-40GB, 37599, 40960, 100, 175.37, 40
nid001148,2026/05/03 01:59:12.079, 1, GPU-577e60db-d1c2-90d3-5b3f-7c7b324afca4, NVIDIA A100-SXM4-40GB, 36181, 40960, 100, 133.78, 36
nid001148,2026/05/03 01:59:12.081, 2, GPU-f9525f1a-f229-68e0-6d66-e6a80841779c, NVIDIA A100-SXM4-40GB, 36181, 40960, 100, 215.38, 40
nid001148,2026/05/03 01:59:12.083, 3, GPU-8a5d8169-14f6-54ff-6976-dc38563295f4, NVIDIA A100-SXM4-40GB, 37727, 40960, 100, 146.29, 36
nid001145,2026/05/03 01:59:15.051, 0, GPU-8ea6fdc3-f283-452d-c89c-4e954e5e073c, NVIDIA A100-SXM4-40GB, 34771, 40960, 0, 57.15, 29
nid001145,2026/05/03 01:59:15.053, 1, GPU-64cdb16d-faee-8107-c27d-7e92ffec99a0, NVIDIA A100-SXM4-40GB, 34771, 40960, 0, 56.01, 27
nid001145,2026/05/03 01:59:15.054, 2, GPU-ff858cba-dabb-2e65-f117-e5837cc177a1, NVIDIA A100-SXM4-40GB, 0, 40960, 0, 49.29, 28
nid001145,2026/05/03 01:59:15.056, 3, GPU-f730a11d-647c-a1fa-7b7a-c285f32e3d57, NVIDIA A100-SXM4-40GB, 0, 40960, 0, 49.47, 27
nid001148,2026/05/03 01:59:15.983, 0, GPU-a7c8774f-988d-67a1-6fc7-b550e6084318, NVIDIA A100-SXM4-40GB, 37599, 40960, 100, 131.50, 40
nid001148,2026/05/03 01:59:15.986, 1, GPU-577e60db-d1c2-90d3-5b3f-7c7b324afca4, NVIDIA A100-SXM4-40GB, 36181, 40960, 100, 123.93, 36
nid001148,2026/05/03 01:59:15.989, 2, GPU-f9525f1a-f229-68e0-6d66-e6a80841779c, NVIDIA A100-SXM4-40GB, 36181, 40960, 100, 174.21, 41
nid001148,2026/05/03 01:59:15.991, 3, GPU-8a5d8169-14f6-54ff-6976-dc38563295f4, NVIDIA A100-SXM4-40GB, 37727, 40960, 100, 129.92, 37
nid001145,2026/05/03 01:59:18.951, 0, GPU-8ea6fdc3-f283-452d-c89c-4e954e5e073c, NVIDIA A100-SXM4-40GB, 34771, 40960, 0, 57.15, 29
nid001145,2026/05/03 01:59:18.953, 1, GPU-64cdb16d-faee-8107-c27d-7e92ffec99a0, NVIDIA A100-SXM4-40GB, 34771, 40960, 0, 55.73, 27
nid001145,2026/05/03 01:59:18.954, 2, GPU-ff858cba-dabb-2e65-f117-e5837cc177a1, NVIDIA A100-SXM4-40GB, 0, 40960, 0, 49.29, 28
nid001145,2026/05/03 01:59:18.957, 3, GPU-f730a11d-647c-a1fa-7b7a-c285f32e3d57, NVIDIA A100-SXM4-40GB, 0, 40960, 0, 49.47, 27
nid001148,2026/05/03 01:59:19.882, 0, GPU-a7c8774f-988d-67a1-6fc7-b550e6084318, NVIDIA A100-SXM4-40GB, 37599, 40960, 100, 128.62, 40
nid001148,2026/05/03 01:59:19.886, 1, GPU-577e60db-d1c2-90d3-5b3f-7c7b324afca4, NVIDIA A100-SXM4-40GB, 36181, 40960, 100, 139.63, 37
nid001148,2026/05/03 01:59:19.888, 2, GPU-f9525f1a-f229-68e0-6d66-e6a80841779c, NVIDIA A100-SXM4-40GB, 36181, 40960, 100, 123.26, 41
nid001148,2026/05/03 01:59:19.890, 3, GPU-8a5d8169-14f6-54ff-6976-dc38563295f4, NVIDIA A100-SXM4-40GB, 37727, 40960, 100, 186.70, 36
nid001145,2026/05/03 01:59:22.879, 0, GPU-8ea6fdc3-f283-452d-c89c-4e954e5e073c, NVIDIA A100-SXM4-40GB, 34771, 40960, 0, 57.15, 29
nid001145,2026/05/03 01:59:22.881, 1, GPU-64cdb16d-faee-8107-c27d-7e92ffec99a0, NVIDIA A100-SXM4-40GB, 34771, 40960, 0, 55.73, 27
nid001145,2026/05/03 01:59:22.882, 2, GPU-ff858cba-dabb-2e65-f117-e5837cc177a1, NVIDIA A100-SXM4-40GB, 0, 40960, 0, 49.29, 28
nid001145,2026/05/03 01:59:22.885, 3, GPU-f730a11d-647c-a1fa-7b7a-c285f32e3d57, NVIDIA A100-SXM4-40GB, 0, 40960, 0, 49.47, 27
nid001148,2026/05/03 01:59:23.829, 0, GPU-a7c8774f-988d-67a1-6fc7-b550e6084318, NVIDIA A100-SXM4-40GB, 37599, 40960, 100, 164.41, 40
nid001148,2026/05/03 01:59:23.832, 1, GPU-577e60db-d1c2-90d3-5b3f-7c7b324afca4, NVIDIA A100-SXM4-40GB, 36181, 40960, 100, 212.06, 37
nid001148,2026/05/03 01:59:23.835, 2, GPU-f9525f1a-f229-68e0-6d66-e6a80841779c, NVIDIA A100-SXM4-40GB, 36181, 40960, 100, 119.17, 41
nid001148,2026/05/03 01:59:23.837, 3, GPU-8a5d8169-14f6-54ff-6976-dc38563295f4, NVIDIA A100-SXM4-40GB, 37727, 40960, 100, 226.10, 37
nid001145,2026/05/03 01:59:26.790, 0, GPU-8ea6fdc3-f283-452d-c89c-4e954e5e073c, NVIDIA A100-SXM4-40GB, 34771, 40960, 0, 56.91, 29
nid001145,2026/05/03 01:59:26.792, 1, GPU-64cdb16d-faee-8107-c27d-7e92ffec99a0, NVIDIA A100-SXM4-40GB, 34771, 40960, 0, 55.73, 27
nid001145,2026/05/03 01:59:26.793, 2, GPU-ff858cba-dabb-2e65-f117-e5837cc177a1, NVIDIA A100-SXM4-40GB, 0, 40960, 0, 49.29, 28
nid001145,2026/05/03 01:59:26.795, 3, GPU-f730a11d-647c-a1fa-7b7a-c285f32e3d57, NVIDIA A100-SXM4-40GB, 0, 40960, 0, 49.47, 27
nid001148,2026/05/03 01:59:27.760, 0, GPU-a7c8774f-988d-67a1-6fc7-b550e6084318, NVIDIA A100-SXM4-40GB, 37599, 40960, 100, 155.40, 40
nid001148,2026/05/03 01:59:27.763, 1, GPU-577e60db-d1c2-90d3-5b3f-7c7b324afca4, NVIDIA A100-SXM4-40GB, 36181, 40960, 100, 140.60, 36
nid001148,2026/05/03 01:59:27.764, 2, GPU-f9525f1a-f229-68e0-6d66-e6a80841779c, NVIDIA A100-SXM4-40GB, 36181, 40960, 100, 207.21, 41
nid001148,2026/05/03 01:59:27.766, 3, GPU-8a5d8169-14f6-54ff-6976-dc38563295f4, NVIDIA A100-SXM4-40GB, 37727, 40960, 100, 137.59, 37
nid001145,2026/05/03 01:59:30.754, 0, GPU-8ea6fdc3-f283-452d-c89c-4e954e5e073c, NVIDIA A100-SXM4-40GB, 34771, 40960, 0, 57.15, 29
nid001145,2026/05/03 01:59:30.756, 1, GPU-64cdb16d-faee-8107-c27d-7e92ffec99a0, NVIDIA A100-SXM4-40GB, 34771, 40960, 0, 56.01, 27
nid001145,2026/05/03 01:59:30.757, 2, GPU-ff858cba-dabb-2e65-f117-e5837cc177a1, NVIDIA A100-SXM4-40GB, 0, 40960, 0, 49.29, 28
nid001145,2026/05/03 01:59:30.759, 3, GPU-f730a11d-647c-a1fa-7b7a-c285f32e3d57, NVIDIA A100-SXM4-40GB, 0, 40960, 0, 49.47, 27
nid001148,2026/05/03 01:59:31.702, 0, GPU-a7c8774f-988d-67a1-6fc7-b550e6084318, NVIDIA A100-SXM4-40GB, 37599, 40960, 100, 134.22, 40
nid001148,2026/05/03 01:59:31.705, 1, GPU-577e60db-d1c2-90d3-5b3f-7c7b324afca4, NVIDIA A100-SXM4-40GB, 36181, 40960, 100, 130.07, 37
nid001148,2026/05/03 01:59:31.707, 2, GPU-f9525f1a-f229-68e0-6d66-e6a80841779c, NVIDIA A100-SXM4-40GB, 36181, 40960, 100, 216.38, 41
nid001148,2026/05/03 01:59:31.708, 3, GPU-8a5d8169-14f6-54ff-6976-dc38563295f4, NVIDIA A100-SXM4-40GB, 37727, 40960, 100, 127.64, 37
nid001145,2026/05/03 01:59:34.744, 0, GPU-8ea6fdc3-f283-452d-c89c-4e954e5e073c, NVIDIA A100-SXM4-40GB, 34771, 40960, 0, 57.15, 29
nid001145,2026/05/03 01:59:34.745, 1, GPU-64cdb16d-faee-8107-c27d-7e92ffec99a0, NVIDIA A100-SXM4-40GB, 34771, 40960, 0, 55.73, 27
nid001145,2026/05/03 01:59:34.747, 2, GPU-ff858cba-dabb-2e65-f117-e5837cc177a1, NVIDIA A100-SXM4-40GB, 0, 40960, 0, 49.00, 28
nid001145,2026/05/03 01:59:34.749, 3, GPU-f730a11d-647c-a1fa-7b7a-c285f32e3d57, NVIDIA A100-SXM4-40GB, 0, 40960, 0, 49.47, 27
nid001148,2026/05/03 01:59:35.872, 0, GPU-a7c8774f-988d-67a1-6fc7-b550e6084318, NVIDIA A100-SXM4-40GB, 37599, 40960, 100, 111.76, 40
nid001148,2026/05/03 01:59:35.874, 1, GPU-577e60db-d1c2-90d3-5b3f-7c7b324afca4, NVIDIA A100-SXM4-40GB, 36181, 40960, 100, 112.16, 36
nid001148,2026/05/03 01:59:35.876, 2, GPU-f9525f1a-f229-68e0-6d66-e6a80841779c, NVIDIA A100-SXM4-40GB, 36181, 40960, 100, 156.34, 41
nid001148,2026/05/03 01:59:35.878, 3, GPU-8a5d8169-14f6-54ff-6976-dc38563295f4, NVIDIA A100-SXM4-40GB, 37727, 40960, 100, 114.84, 36
nid001145,2026/05/03 01:59:38.814, 0, GPU-8ea6fdc3-f283-452d-c89c-4e954e5e073c, NVIDIA A100-SXM4-40GB, 34771, 40960, 0, 57.43, 29
nid001145,2026/05/03 01:59:38.816, 1, GPU-64cdb16d-faee-8107-c27d-7e92ffec99a0, NVIDIA A100-SXM4-40GB, 34771, 40960, 0, 55.73, 27
nid001145,2026/05/03 01:59:38.817, 2, GPU-ff858cba-dabb-2e65-f117-e5837cc177a1, NVIDIA A100-SXM4-40GB, 0, 40960, 0, 49.29, 28
nid001145,2026/05/03 01:59:38.820, 3, GPU-f730a11d-647c-a1fa-7b7a-c285f32e3d57, NVIDIA A100-SXM4-40GB, 0, 40960, 0, 49.47, 27
nid001148,2026/05/03 01:59:39.789, 0, GPU-a7c8774f-988d-67a1-6fc7-b550e6084318, NVIDIA A100-SXM4-40GB, 37599, 40960, 100, 178.92, 40
nid001148,2026/05/03 01:59:39.792, 1, GPU-577e60db-d1c2-90d3-5b3f-7c7b324afca4, NVIDIA A100-SXM4-40GB, 36181, 40960, 100, 165.24, 37
nid001148,2026/05/03 01:59:39.794, 2, GPU-f9525f1a-f229-68e0-6d66-e6a80841779c, NVIDIA A100-SXM4-40GB, 36181, 40960, 100, 139.15, 41
nid001148,2026/05/03 01:59:39.796, 3, GPU-8a5d8169-14f6-54ff-6976-dc38563295f4, NVIDIA A100-SXM4-40GB, 37727, 40960, 100, 177.27, 37
nid001145,2026/05/03 01:59:42.775, 0, GPU-8ea6fdc3-f283-452d-c89c-4e954e5e073c, NVIDIA A100-SXM4-40GB, 34771, 40960, 0, 57.15, 29
nid001145,2026/05/03 01:59:42.777, 1, GPU-64cdb16d-faee-8107-c27d-7e92ffec99a0, NVIDIA A100-SXM4-40GB, 34771, 40960, 0, 56.01, 27
nid001145,2026/05/03 01:59:42.778, 2, GPU-ff858cba-dabb-2e65-f117-e5837cc177a1, NVIDIA A100-SXM4-40GB, 0, 40960, 0, 49.29, 28
nid001145,2026/05/03 01:59:42.780, 3, GPU-f730a11d-647c-a1fa-7b7a-c285f32e3d57, NVIDIA A100-SXM4-40GB, 0, 40960, 0, 49.47, 27
nid001148,2026/05/03 01:59:43.732, 0, GPU-a7c8774f-988d-67a1-6fc7-b550e6084318, NVIDIA A100-SXM4-40GB, 37599, 40960, 100, 103.11, 40
nid001148,2026/05/03 01:59:43.735, 1, GPU-577e60db-d1c2-90d3-5b3f-7c7b324afca4, NVIDIA A100-SXM4-40GB, 36181, 40960, 100, 100.27, 37
nid001148,2026/05/03 01:59:43.736, 2, GPU-f9525f1a-f229-68e0-6d66-e6a80841779c, NVIDIA A100-SXM4-40GB, 36181, 40960, 85, 401.67, 46
nid001148,2026/05/03 01:59:43.738, 3, GPU-8a5d8169-14f6-54ff-6976-dc38563295f4, NVIDIA A100-SXM4-40GB, 37727, 40960, 100, 103.48, 35
nid001145,2026/05/03 01:59:46.676, 0, GPU-8ea6fdc3-f283-452d-c89c-4e954e5e073c, NVIDIA A100-SXM4-40GB, 34771, 40960, 0, 56.91, 29
nid001145,2026/05/03 01:59:46.678, 1, GPU-64cdb16d-faee-8107-c27d-7e92ffec99a0, NVIDIA A100-SXM4-40GB, 34771, 40960, 0, 55.73, 27
nid001145,2026/05/03 01:59:46.679, 2, GPU-ff858cba-dabb-2e65-f117-e5837cc177a1, NVIDIA A100-SXM4-40GB, 0, 40960, 0, 49.00, 28
nid001145,2026/05/03 01:59:46.681, 3, GPU-f730a11d-647c-a1fa-7b7a-c285f32e3d57, NVIDIA A100-SXM4-40GB, 0, 40960, 0, 49.47, 27
nid001148,2026/05/03 01:59:47.628, 0, GPU-a7c8774f-988d-67a1-6fc7-b550e6084318, NVIDIA A100-SXM4-40GB, 37599, 40960, 100, 130.22, 41
nid001148,2026/05/03 01:59:47.631, 1, GPU-577e60db-d1c2-90d3-5b3f-7c7b324afca4, NVIDIA A100-SXM4-40GB, 36181, 40960, 100, 141.20, 37
nid001148,2026/05/03 01:59:47.632, 2, GPU-f9525f1a-f229-68e0-6d66-e6a80841779c, NVIDIA A100-SXM4-40GB, 36181, 40960, 100, 161.71, 41
nid001148,2026/05/03 01:59:47.635, 3, GPU-8a5d8169-14f6-54ff-6976-dc38563295f4, NVIDIA A100-SXM4-40GB, 37727, 40960, 100, 130.45, 37
nid001145,2026/05/03 01:59:50.577, 0, GPU-8ea6fdc3-f283-452d-c89c-4e954e5e073c, NVIDIA A100-SXM4-40GB, 34771, 40960, 0, 57.15, 29
nid001145,2026/05/03 01:59:50.580, 1, GPU-64cdb16d-faee-8107-c27d-7e92ffec99a0, NVIDIA A100-SXM4-40GB, 34771, 40960, 0, 55.73, 27
nid001145,2026/05/03 01:59:50.581, 2, GPU-ff858cba-dabb-2e65-f117-e5837cc177a1, NVIDIA A100-SXM4-40GB, 0, 40960, 0, 49.00, 28
nid001145,2026/05/03 01:59:50.583, 3, GPU-f730a11d-647c-a1fa-7b7a-c285f32e3d57, NVIDIA A100-SXM4-40GB, 0, 40960, 0, 49.47, 27
nid001148,2026/05/03 01:59:51.591, 0, GPU-a7c8774f-988d-67a1-6fc7-b550e6084318, NVIDIA A100-SXM4-40GB, 37599, 40960, 100, 120.02, 40
nid001148,2026/05/03 01:59:51.595, 1, GPU-577e60db-d1c2-90d3-5b3f-7c7b324afca4, NVIDIA A100-SXM4-40GB, 36181, 40960, 100, 132.49, 37
nid001148,2026/05/03 01:59:51.597, 2, GPU-f9525f1a-f229-68e0-6d66-e6a80841779c, NVIDIA A100-SXM4-40GB, 36181, 40960, 100, 220.75, 42
nid001148,2026/05/03 01:59:51.599, 3, GPU-8a5d8169-14f6-54ff-6976-dc38563295f4, NVIDIA A100-SXM4-40GB, 37727, 40960, 100, 126.11, 37
nid001145,2026/05/03 01:59:54.555, 0, GPU-8ea6fdc3-f283-452d-c89c-4e954e5e073c, NVIDIA A100-SXM4-40GB, 34771, 40960, 0, 56.91, 29
nid001145,2026/05/03 01:59:54.560, 1, GPU-64cdb16d-faee-8107-c27d-7e92ffec99a0, NVIDIA A100-SXM4-40GB, 34771, 40960, 0, 56.01, 27
nid001145,2026/05/03 01:59:54.561, 2, GPU-ff858cba-dabb-2e65-f117-e5837cc177a1, NVIDIA A100-SXM4-40GB, 0, 40960, 0, 49.00, 28
nid001145,2026/05/03 01:59:54.563, 3, GPU-f730a11d-647c-a1fa-7b7a-c285f32e3d57, NVIDIA A100-SXM4-40GB, 0, 40960, 0, 49.47, 27
nid001148,2026/05/03 01:59:55.536, 0, GPU-a7c8774f-988d-67a1-6fc7-b550e6084318, NVIDIA A100-SXM4-40GB, 37599, 40960, 100, 164.13, 41
nid001148,2026/05/03 01:59:55.539, 1, GPU-577e60db-d1c2-90d3-5b3f-7c7b324afca4, NVIDIA A100-SXM4-40GB, 36181, 40960, 100, 110.51, 36
nid001148,2026/05/03 01:59:55.541, 2, GPU-f9525f1a-f229-68e0-6d66-e6a80841779c, NVIDIA A100-SXM4-40GB, 36181, 40960, 100, 140.75, 41
nid001148,2026/05/03 01:59:55.543, 3, GPU-8a5d8169-14f6-54ff-6976-dc38563295f4, NVIDIA A100-SXM4-40GB, 37727, 40960, 100, 207.45, 36
nid001145,2026/05/03 01:59:58.488, 0, GPU-8ea6fdc3-f283-452d-c89c-4e954e5e073c, NVIDIA A100-SXM4-40GB, 34771, 40960, 0, 56.91, 29
nid001145,2026/05/03 01:59:58.490, 1, GPU-64cdb16d-faee-8107-c27d-7e92ffec99a0, NVIDIA A100-SXM4-40GB, 34771, 40960, 0, 55.73, 27
nid001145,2026/05/03 01:59:58.492, 2, GPU-ff858cba-dabb-2e65-f117-e5837cc177a1, NVIDIA A100-SXM4-40GB, 0, 40960, 0, 49.29, 28
nid001145,2026/05/03 01:59:58.499, 3, GPU-f730a11d-647c-a1fa-7b7a-c285f32e3d57, NVIDIA A100-SXM4-40GB, 0, 40960, 0, 49.47, 27
nid001148,2026/05/03 01:59:59.420, 0, GPU-a7c8774f-988d-67a1-6fc7-b550e6084318, NVIDIA A100-SXM4-40GB, 37599, 40960, 100, 180.20, 40
nid001148,2026/05/03 01:59:59.423, 1, GPU-577e60db-d1c2-90d3-5b3f-7c7b324afca4, NVIDIA A100-SXM4-40GB, 36181, 40960, 100, 221.01, 37
nid001148,2026/05/03 01:59:59.424, 2, GPU-f9525f1a-f229-68e0-6d66-e6a80841779c, NVIDIA A100-SXM4-40GB, 36181, 40960, 100, 118.41, 41
nid001148,2026/05/03 01:59:59.426, 3, GPU-8a5d8169-14f6-54ff-6976-dc38563295f4, NVIDIA A100-SXM4-40GB, 37727, 40960, 100, 183.66, 37
nid001145,2026/05/03 02:00:02.408, 0, GPU-8ea6fdc3-f283-452d-c89c-4e954e5e073c, NVIDIA A100-SXM4-40GB, 34771, 40960, 0, 57.15, 29
nid001145,2026/05/03 02:00:02.410, 1, GPU-64cdb16d-faee-8107-c27d-7e92ffec99a0, NVIDIA A100-SXM4-40GB, 34771, 40960, 0, 55.73, 27
nid001145,2026/05/03 02:00:02.412, 2, GPU-ff858cba-dabb-2e65-f117-e5837cc177a1, NVIDIA A100-SXM4-40GB, 0, 40960, 0, 49.34, 28
nid001145,2026/05/03 02:00:02.414, 3, GPU-f730a11d-647c-a1fa-7b7a-c285f32e3d57, NVIDIA A100-SXM4-40GB, 0, 40960, 0, 49.71, 27
nid001148,2026/05/03 02:00:03.384, 0, GPU-a7c8774f-988d-67a1-6fc7-b550e6084318, NVIDIA A100-SXM4-40GB, 37599, 40960, 100, 122.35, 40
nid001148,2026/05/03 02:00:03.387, 1, GPU-577e60db-d1c2-90d3-5b3f-7c7b324afca4, NVIDIA A100-SXM4-40GB, 36181, 40960, 100, 132.25, 36
nid001148,2026/05/03 02:00:03.389, 2, GPU-f9525f1a-f229-68e0-6d66-e6a80841779c, NVIDIA A100-SXM4-40GB, 36181, 40960, 100, 194.70, 41
nid001148,2026/05/03 02:00:03.390, 3, GPU-8a5d8169-14f6-54ff-6976-dc38563295f4, NVIDIA A100-SXM4-40GB, 37727, 40960, 100, 124.07, 36
nid001145,2026/05/03 02:00:06.371, 0, GPU-8ea6fdc3-f283-452d-c89c-4e954e5e073c, NVIDIA A100-SXM4-40GB, 34771, 40960, 0, 56.91, 29
nid001145,2026/05/03 02:00:06.373, 1, GPU-64cdb16d-faee-8107-c27d-7e92ffec99a0, NVIDIA A100-SXM4-40GB, 34771, 40960, 0, 56.01, 27
nid001145,2026/05/03 02:00:06.374, 2, GPU-ff858cba-dabb-2e65-f117-e5837cc177a1, NVIDIA A100-SXM4-40GB, 0, 40960, 0, 49.29, 28
nid001145,2026/05/03 02:00:06.377, 3, GPU-f730a11d-647c-a1fa-7b7a-c285f32e3d57, NVIDIA A100-SXM4-40GB, 0, 40960, 0, 49.47, 27
nid001148,2026/05/03 02:00:07.321, 0, GPU-a7c8774f-988d-67a1-6fc7-b550e6084318, NVIDIA A100-SXM4-40GB, 37599, 40960, 100, 114.57, 40
nid001148,2026/05/03 02:00:07.324, 1, GPU-577e60db-d1c2-90d3-5b3f-7c7b324afca4, NVIDIA A100-SXM4-40GB, 36181, 40960, 100, 127.88, 37
nid001148,2026/05/03 02:00:07.326, 2, GPU-f9525f1a-f229-68e0-6d66-e6a80841779c, NVIDIA A100-SXM4-40GB, 36181, 40960, 100, 221.75, 41
nid001148,2026/05/03 02:00:07.328, 3, GPU-8a5d8169-14f6-54ff-6976-dc38563295f4, NVIDIA A100-SXM4-40GB, 37727, 40960, 100, 116.88, 37
nid001145,2026/05/03 02:00:10.300, 0, GPU-8ea6fdc3-f283-452d-c89c-4e954e5e073c, NVIDIA A100-SXM4-40GB, 34771, 40960, 0, 56.91, 29
nid001145,2026/05/03 02:00:10.302, 1, GPU-64cdb16d-faee-8107-c27d-7e92ffec99a0, NVIDIA A100-SXM4-40GB, 34771, 40960, 0, 56.01, 27
nid001145,2026/05/03 02:00:10.304, 2, GPU-ff858cba-dabb-2e65-f117-e5837cc177a1, NVIDIA A100-SXM4-40GB, 0, 40960, 0, 49.00, 28
nid001145,2026/05/03 02:00:10.306, 3, GPU-f730a11d-647c-a1fa-7b7a-c285f32e3d57, NVIDIA A100-SXM4-40GB, 0, 40960, 0, 49.47, 27
nid001148,2026/05/03 02:00:11.281, 0, GPU-a7c8774f-988d-67a1-6fc7-b550e6084318, NVIDIA A100-SXM4-40GB, 37599, 40960, 100, 214.63, 40
nid001148,2026/05/03 02:00:11.283, 1, GPU-577e60db-d1c2-90d3-5b3f-7c7b324afca4, NVIDIA A100-SXM4-40GB, 36181, 40960, 100, 148.86, 36
nid001148,2026/05/03 02:00:11.285, 2, GPU-f9525f1a-f229-68e0-6d66-e6a80841779c, NVIDIA A100-SXM4-40GB, 36181, 40960, 100, 136.66, 41
nid001148,2026/05/03 02:00:11.291, 3, GPU-8a5d8169-14f6-54ff-6976-dc38563295f4, NVIDIA A100-SXM4-40GB, 37727, 40960, 100, 232.00, 37
nid001145,2026/05/03 02:00:14.283, 0, GPU-8ea6fdc3-f283-452d-c89c-4e954e5e073c, NVIDIA A100-SXM4-40GB, 34771, 40960, 0, 57.15, 29
nid001145,2026/05/03 02:00:14.285, 1, GPU-64cdb16d-faee-8107-c27d-7e92ffec99a0, NVIDIA A100-SXM4-40GB, 34771, 40960, 0, 56.01, 27
nid001145,2026/05/03 02:00:14.287, 2, GPU-ff858cba-dabb-2e65-f117-e5837cc177a1, NVIDIA A100-SXM4-40GB, 0, 40960, 0, 49.29, 28
nid001145,2026/05/03 02:00:14.289, 3, GPU-f730a11d-647c-a1fa-7b7a-c285f32e3d57, NVIDIA A100-SXM4-40GB, 0, 40960, 0, 49.47, 27
nid001148,2026/05/03 02:00:15.229, 0, GPU-a7c8774f-988d-67a1-6fc7-b550e6084318, NVIDIA A100-SXM4-40GB, 37599, 40960, 100, 124.01, 41
nid001148,2026/05/03 02:00:15.236, 1, GPU-577e60db-d1c2-90d3-5b3f-7c7b324afca4, NVIDIA A100-SXM4-40GB, 36181, 40960, 100, 136.22, 36
nid001148,2026/05/03 02:00:15.238, 2, GPU-f9525f1a-f229-68e0-6d66-e6a80841779c, NVIDIA A100-SXM4-40GB, 36181, 40960, 100, 171.70, 42
nid001148,2026/05/03 02:00:15.240, 3, GPU-8a5d8169-14f6-54ff-6976-dc38563295f4, NVIDIA A100-SXM4-40GB, 37727, 40960, 100, 115.07, 37
nid001145,2026/05/03 02:00:18.196, 0, GPU-8ea6fdc3-f283-452d-c89c-4e954e5e073c, NVIDIA A100-SXM4-40GB, 34771, 40960, 0, 56.91, 29
nid001145,2026/05/03 02:00:18.198, 1, GPU-64cdb16d-faee-8107-c27d-7e92ffec99a0, NVIDIA A100-SXM4-40GB, 34771, 40960, 0, 56.01, 27
nid001145,2026/05/03 02:00:18.200, 2, GPU-ff858cba-dabb-2e65-f117-e5837cc177a1, NVIDIA A100-SXM4-40GB, 0, 40960, 0, 49.29, 28
nid001145,2026/05/03 02:00:18.204, 3, GPU-f730a11d-647c-a1fa-7b7a-c285f32e3d57, NVIDIA A100-SXM4-40GB, 0, 40960, 0, 49.47, 27
nid001148,2026/05/03 02:00:19.177, 0, GPU-a7c8774f-988d-67a1-6fc7-b550e6084318, NVIDIA A100-SXM4-40GB, 37599, 40960, 100, 165.41, 41
nid001148,2026/05/03 02:00:19.180, 1, GPU-577e60db-d1c2-90d3-5b3f-7c7b324afca4, NVIDIA A100-SXM4-40GB, 36181, 40960, 100, 109.99, 36
nid001148,2026/05/03 02:00:19.182, 2, GPU-f9525f1a-f229-68e0-6d66-e6a80841779c, NVIDIA A100-SXM4-40GB, 36181, 40960, 100, 178.58, 41
nid001148,2026/05/03 02:00:19.184, 3, GPU-8a5d8169-14f6-54ff-6976-dc38563295f4, NVIDIA A100-SXM4-40GB, 37727, 40960, 100, 226.39, 36
nid001145,2026/05/03 02:00:22.122, 0, GPU-8ea6fdc3-f283-452d-c89c-4e954e5e073c, NVIDIA A100-SXM4-40GB, 34771, 40960, 0, 56.91, 29
nid001145,2026/05/03 02:00:22.124, 1, GPU-64cdb16d-faee-8107-c27d-7e92ffec99a0, NVIDIA A100-SXM4-40GB, 34771, 40960, 0, 56.01, 27
nid001145,2026/05/03 02:00:22.125, 2, GPU-ff858cba-dabb-2e65-f117-e5837cc177a1, NVIDIA A100-SXM4-40GB, 0, 40960, 0, 49.34, 28
nid001145,2026/05/03 02:00:22.127, 3, GPU-f730a11d-647c-a1fa-7b7a-c285f32e3d57, NVIDIA A100-SXM4-40GB, 0, 40960, 0, 49.47, 27
nid001148,2026/05/03 02:00:23.127, 0, GPU-a7c8774f-988d-67a1-6fc7-b550e6084318, NVIDIA A100-SXM4-40GB, 37599, 40960, 100, 176.36, 40
nid001148,2026/05/03 02:00:23.130, 1, GPU-577e60db-d1c2-90d3-5b3f-7c7b324afca4, NVIDIA A100-SXM4-40GB, 36181, 40960, 100, 116.02, 36
nid001148,2026/05/03 02:00:23.132, 2, GPU-f9525f1a-f229-68e0-6d66-e6a80841779c, NVIDIA A100-SXM4-40GB, 36181, 40960, 100, 149.97, 41
nid001148,2026/05/03 02:00:23.134, 3, GPU-8a5d8169-14f6-54ff-6976-dc38563295f4, NVIDIA A100-SXM4-40GB, 37727, 40960, 100, 190.79, 37
nid001145,2026/05/03 02:00:26.095, 0, GPU-8ea6fdc3-f283-452d-c89c-4e954e5e073c, NVIDIA A100-SXM4-40GB, 34771, 40960, 0, 57.15, 29
nid001145,2026/05/03 02:00:26.096, 1, GPU-64cdb16d-faee-8107-c27d-7e92ffec99a0, NVIDIA A100-SXM4-40GB, 34771, 40960, 0, 55.73, 27
nid001145,2026/05/03 02:00:26.098, 2, GPU-ff858cba-dabb-2e65-f117-e5837cc177a1, NVIDIA A100-SXM4-40GB, 0, 40960, 0, 49.29, 28
nid001145,2026/05/03 02:00:26.104, 3, GPU-f730a11d-647c-a1fa-7b7a-c285f32e3d57, NVIDIA A100-SXM4-40GB, 0, 40960, 0, 49.47, 27
nid001148,2026/05/03 02:00:27.080, 0, GPU-a7c8774f-988d-67a1-6fc7-b550e6084318, NVIDIA A100-SXM4-40GB, 37599, 40960, 100, 173.04, 40
nid001148,2026/05/03 02:00:27.084, 1, GPU-577e60db-d1c2-90d3-5b3f-7c7b324afca4, NVIDIA A100-SXM4-40GB, 36181, 40960, 100, 109.35, 37
nid001148,2026/05/03 02:00:27.086, 2, GPU-f9525f1a-f229-68e0-6d66-e6a80841779c, NVIDIA A100-SXM4-40GB, 36181, 40960, 100, 149.63, 42
nid001148,2026/05/03 02:00:27.087, 3, GPU-8a5d8169-14f6-54ff-6976-dc38563295f4, NVIDIA A100-SXM4-40GB, 37727, 40960, 100, 217.16, 38
nid001145,2026/05/03 02:00:30.047, 0, GPU-8ea6fdc3-f283-452d-c89c-4e954e5e073c, NVIDIA A100-SXM4-40GB, 34771, 40960, 0, 56.91, 29
nid001145,2026/05/03 02:00:30.049, 1, GPU-64cdb16d-faee-8107-c27d-7e92ffec99a0, NVIDIA A100-SXM4-40GB, 34771, 40960, 0, 55.73, 27
nid001145,2026/05/03 02:00:30.053, 2, GPU-ff858cba-dabb-2e65-f117-e5837cc177a1, NVIDIA A100-SXM4-40GB, 0, 40960, 0, 49.29, 28
nid001145,2026/05/03 02:00:30.055, 3, GPU-f730a11d-647c-a1fa-7b7a-c285f32e3d57, NVIDIA A100-SXM4-40GB, 0, 40960, 0, 49.47, 27
nid001148,2026/05/03 02:00:31.007, 0, GPU-a7c8774f-988d-67a1-6fc7-b550e6084318, NVIDIA A100-SXM4-40GB, 37599, 40960, 100, 117.23, 41
nid001148,2026/05/03 02:00:31.010, 1, GPU-577e60db-d1c2-90d3-5b3f-7c7b324afca4, NVIDIA A100-SXM4-40GB, 36181, 40960, 100, 179.32, 36
nid001148,2026/05/03 02:00:31.013, 2, GPU-f9525f1a-f229-68e0-6d66-e6a80841779c, NVIDIA A100-SXM4-40GB, 36181, 40960, 100, 114.94, 41
nid001148,2026/05/03 02:00:31.015, 3, GPU-8a5d8169-14f6-54ff-6976-dc38563295f4, NVIDIA A100-SXM4-40GB, 37727, 40960, 100, 123.26, 36
nid001145,2026/05/03 02:00:33.974, 0, GPU-8ea6fdc3-f283-452d-c89c-4e954e5e073c, NVIDIA A100-SXM4-40GB, 34771, 40960, 0, 57.43, 29
nid001145,2026/05/03 02:00:33.976, 1, GPU-64cdb16d-faee-8107-c27d-7e92ffec99a0, NVIDIA A100-SXM4-40GB, 34771, 40960, 0, 55.73, 27
nid001145,2026/05/03 02:00:33.977, 2, GPU-ff858cba-dabb-2e65-f117-e5837cc177a1, NVIDIA A100-SXM4-40GB, 0, 40960, 0, 49.00, 28
nid001145,2026/05/03 02:00:33.979, 3, GPU-f730a11d-647c-a1fa-7b7a-c285f32e3d57, NVIDIA A100-SXM4-40GB, 0, 40960, 0, 49.47, 27
nid001148,2026/05/03 02:00:34.970, 0, GPU-a7c8774f-988d-67a1-6fc7-b550e6084318, NVIDIA A100-SXM4-40GB, 37599, 40960, 100, 200.59, 40
nid001148,2026/05/03 02:00:34.973, 1, GPU-577e60db-d1c2-90d3-5b3f-7c7b324afca4, NVIDIA A100-SXM4-40GB, 36181, 40960, 100, 111.40, 37
nid001148,2026/05/03 02:00:34.976, 2, GPU-f9525f1a-f229-68e0-6d66-e6a80841779c, NVIDIA A100-SXM4-40GB, 36181, 40960, 100, 163.23, 42
nid001148,2026/05/03 02:00:34.978, 3, GPU-8a5d8169-14f6-54ff-6976-dc38563295f4, NVIDIA A100-SXM4-40GB, 37727, 40960, 100, 219.49, 37
nid001145,2026/05/03 02:00:37.928, 0, GPU-8ea6fdc3-f283-452d-c89c-4e954e5e073c, NVIDIA A100-SXM4-40GB, 34771, 40960, 0, 57.15, 29
nid001145,2026/05/03 02:00:37.930, 1, GPU-64cdb16d-faee-8107-c27d-7e92ffec99a0, NVIDIA A100-SXM4-40GB, 34771, 40960, 0, 55.73, 27
nid001145,2026/05/03 02:00:37.931, 2, GPU-ff858cba-dabb-2e65-f117-e5837cc177a1, NVIDIA A100-SXM4-40GB, 0, 40960, 0, 49.29, 28
nid001145,2026/05/03 02:00:37.934, 3, GPU-f730a11d-647c-a1fa-7b7a-c285f32e3d57, NVIDIA A100-SXM4-40GB, 0, 40960, 0, 49.47, 27
nid001148,2026/05/03 02:00:38.911, 0, GPU-a7c8774f-988d-67a1-6fc7-b550e6084318, NVIDIA A100-SXM4-40GB, 37599, 40960, 100, 122.59, 41
nid001148,2026/05/03 02:00:38.914, 1, GPU-577e60db-d1c2-90d3-5b3f-7c7b324afca4, NVIDIA A100-SXM4-40GB, 36181, 40960, 100, 209.49, 36
nid001148,2026/05/03 02:00:38.916, 2, GPU-f9525f1a-f229-68e0-6d66-e6a80841779c, NVIDIA A100-SXM4-40GB, 36181, 40960, 100, 124.07, 41
nid001148,2026/05/03 02:00:38.924, 3, GPU-8a5d8169-14f6-54ff-6976-dc38563295f4, NVIDIA A100-SXM4-40GB, 37727, 40960, 100, 127.35, 37
nid001145,2026/05/03 02:00:41.881, 0, GPU-8ea6fdc3-f283-452d-c89c-4e954e5e073c, NVIDIA A100-SXM4-40GB, 34771, 40960, 0, 57.15, 29
nid001145,2026/05/03 02:00:41.883, 1, GPU-64cdb16d-faee-8107-c27d-7e92ffec99a0, NVIDIA A100-SXM4-40GB, 34771, 40960, 0, 55.73, 27
nid001145,2026/05/03 02:00:41.884, 2, GPU-ff858cba-dabb-2e65-f117-e5837cc177a1, NVIDIA A100-SXM4-40GB, 0, 40960, 0, 49.00, 28
nid001145,2026/05/03 02:00:41.887, 3, GPU-f730a11d-647c-a1fa-7b7a-c285f32e3d57, NVIDIA A100-SXM4-40GB, 0, 40960, 0, 49.47, 27
nid001148,2026/05/03 02:00:42.869, 0, GPU-a7c8774f-988d-67a1-6fc7-b550e6084318, NVIDIA A100-SXM4-40GB, 37599, 40960, 100, 180.44, 40
nid001148,2026/05/03 02:00:42.872, 1, GPU-577e60db-d1c2-90d3-5b3f-7c7b324afca4, NVIDIA A100-SXM4-40GB, 36181, 40960, 100, 116.12, 37
nid001148,2026/05/03 02:00:42.873, 2, GPU-f9525f1a-f229-68e0-6d66-e6a80841779c, NVIDIA A100-SXM4-40GB, 36181, 40960, 100, 228.93, 41
nid001148,2026/05/03 02:00:42.875, 3, GPU-8a5d8169-14f6-54ff-6976-dc38563295f4, NVIDIA A100-SXM4-40GB, 37727, 40960, 100, 229.20, 37
nid001145,2026/05/03 02:00:45.847, 0, GPU-8ea6fdc3-f283-452d-c89c-4e954e5e073c, NVIDIA A100-SXM4-40GB, 34771, 40960, 0, 57.15, 29
nid001145,2026/05/03 02:00:45.849, 1, GPU-64cdb16d-faee-8107-c27d-7e92ffec99a0, NVIDIA A100-SXM4-40GB, 34771, 40960, 0, 55.73, 27
nid001145,2026/05/03 02:00:45.851, 2, GPU-ff858cba-dabb-2e65-f117-e5837cc177a1, NVIDIA A100-SXM4-40GB, 0, 40960, 0, 49.29, 28
nid001145,2026/05/03 02:00:45.853, 3, GPU-f730a11d-647c-a1fa-7b7a-c285f32e3d57, NVIDIA A100-SXM4-40GB, 0, 40960, 0, 49.47, 27
nid001148,2026/05/03 02:00:46.823, 0, GPU-a7c8774f-988d-67a1-6fc7-b550e6084318, NVIDIA A100-SXM4-40GB, 37599, 40960, 100, 122.35, 40
nid001148,2026/05/03 02:00:46.825, 1, GPU-577e60db-d1c2-90d3-5b3f-7c7b324afca4, NVIDIA A100-SXM4-40GB, 36181, 40960, 100, 217.68, 37
nid001148,2026/05/03 02:00:46.827, 2, GPU-f9525f1a-f229-68e0-6d66-e6a80841779c, NVIDIA A100-SXM4-40GB, 36181, 40960, 100, 139.46, 41
nid001148,2026/05/03 02:00:46.830, 3, GPU-8a5d8169-14f6-54ff-6976-dc38563295f4, NVIDIA A100-SXM4-40GB, 37727, 40960, 100, 144.01, 36
nid001145,2026/05/03 02:00:49.787, 0, GPU-8ea6fdc3-f283-452d-c89c-4e954e5e073c, NVIDIA A100-SXM4-40GB, 34771, 40960, 0, 57.15, 29
nid001145,2026/05/03 02:00:49.789, 1, GPU-64cdb16d-faee-8107-c27d-7e92ffec99a0, NVIDIA A100-SXM4-40GB, 34771, 40960, 0, 56.01, 27
nid001145,2026/05/03 02:00:49.790, 2, GPU-ff858cba-dabb-2e65-f117-e5837cc177a1, NVIDIA A100-SXM4-40GB, 0, 40960, 0, 49.00, 28
nid001145,2026/05/03 02:00:49.792, 3, GPU-f730a11d-647c-a1fa-7b7a-c285f32e3d57, NVIDIA A100-SXM4-40GB, 0, 40960, 0, 49.47, 27
nid001148,2026/05/03 02:00:50.766, 0, GPU-a7c8774f-988d-67a1-6fc7-b550e6084318, NVIDIA A100-SXM4-40GB, 37599, 40960, 100, 114.67, 41
nid001148,2026/05/03 02:00:50.769, 1, GPU-577e60db-d1c2-90d3-5b3f-7c7b324afca4, NVIDIA A100-SXM4-40GB, 36181, 40960, 100, 191.08, 36
nid001148,2026/05/03 02:00:50.771, 2, GPU-f9525f1a-f229-68e0-6d66-e6a80841779c, NVIDIA A100-SXM4-40GB, 36181, 40960, 100, 131.05, 41
nid001148,2026/05/03 02:00:50.773, 3, GPU-8a5d8169-14f6-54ff-6976-dc38563295f4, NVIDIA A100-SXM4-40GB, 37727, 40960, 100, 125.30, 37
nid001145,2026/05/03 02:00:53.730, 0, GPU-8ea6fdc3-f283-452d-c89c-4e954e5e073c, NVIDIA A100-SXM4-40GB, 34771, 40960, 0, 56.91, 29
nid001145,2026/05/03 02:00:53.732, 1, GPU-64cdb16d-faee-8107-c27d-7e92ffec99a0, NVIDIA A100-SXM4-40GB, 34771, 40960, 0, 55.73, 27
nid001145,2026/05/03 02:00:53.734, 2, GPU-ff858cba-dabb-2e65-f117-e5837cc177a1, NVIDIA A100-SXM4-40GB, 0, 40960, 0, 49.29, 28
nid001145,2026/05/03 02:00:53.736, 3, GPU-f730a11d-647c-a1fa-7b7a-c285f32e3d57, NVIDIA A100-SXM4-40GB, 0, 40960, 0, 49.47, 27
nid001148,2026/05/03 02:00:54.672, 0, GPU-a7c8774f-988d-67a1-6fc7-b550e6084318, NVIDIA A100-SXM4-40GB, 37599, 40960, 100, 215.39, 40
nid001148,2026/05/03 02:00:54.675, 1, GPU-577e60db-d1c2-90d3-5b3f-7c7b324afca4, NVIDIA A100-SXM4-40GB, 36181, 40960, 100, 123.26, 37
nid001148,2026/05/03 02:00:54.677, 2, GPU-f9525f1a-f229-68e0-6d66-e6a80841779c, NVIDIA A100-SXM4-40GB, 36181, 40960, 100, 113.31, 42
nid001148,2026/05/03 02:00:54.678, 3, GPU-8a5d8169-14f6-54ff-6976-dc38563295f4, NVIDIA A100-SXM4-40GB, 37727, 40960, 100, 186.70, 37
nid001145,2026/05/03 02:00:57.623, 0, GPU-8ea6fdc3-f283-452d-c89c-4e954e5e073c, NVIDIA A100-SXM4-40GB, 34771, 40960, 0, 56.91, 29
nid001145,2026/05/03 02:00:57.625, 1, GPU-64cdb16d-faee-8107-c27d-7e92ffec99a0, NVIDIA A100-SXM4-40GB, 34771, 40960, 0, 55.73, 27
nid001145,2026/05/03 02:00:57.627, 2, GPU-ff858cba-dabb-2e65-f117-e5837cc177a1, NVIDIA A100-SXM4-40GB, 0, 40960, 0, 49.00, 28
nid001145,2026/05/03 02:00:57.629, 3, GPU-f730a11d-647c-a1fa-7b7a-c285f32e3d57, NVIDIA A100-SXM4-40GB, 0, 40960, 0, 49.47, 27
nid001148,2026/05/03 02:00:58.558, 0, GPU-a7c8774f-988d-67a1-6fc7-b550e6084318, NVIDIA A100-SXM4-40GB, 37599, 40960, 100, 160.57, 41
nid001148,2026/05/03 02:00:58.561, 1, GPU-577e60db-d1c2-90d3-5b3f-7c7b324afca4, NVIDIA A100-SXM4-40GB, 36181, 40960, 100, 110.98, 37
nid001148,2026/05/03 02:00:58.562, 2, GPU-f9525f1a-f229-68e0-6d66-e6a80841779c, NVIDIA A100-SXM4-40GB, 36181, 40960, 100, 188.04, 41
nid001148,2026/05/03 02:00:58.564, 3, GPU-8a5d8169-14f6-54ff-6976-dc38563295f4, NVIDIA A100-SXM4-40GB, 37727, 40960, 100, 194.18, 37
nid001145,2026/05/03 02:01:01.487, 0, GPU-8ea6fdc3-f283-452d-c89c-4e954e5e073c, NVIDIA A100-SXM4-40GB, 34771, 40960, 0, 56.91, 29
nid001145,2026/05/03 02:01:01.489, 1, GPU-64cdb16d-faee-8107-c27d-7e92ffec99a0, NVIDIA A100-SXM4-40GB, 34771, 40960, 0, 56.01, 27
nid001145,2026/05/03 02:01:01.490, 2, GPU-ff858cba-dabb-2e65-f117-e5837cc177a1, NVIDIA A100-SXM4-40GB, 0, 40960, 0, 49.00, 28
nid001145,2026/05/03 02:01:01.492, 3, GPU-f730a11d-647c-a1fa-7b7a-c285f32e3d57, NVIDIA A100-SXM4-40GB, 0, 40960, 0, 49.47, 27
nid001148,2026/05/03 02:01:02.464, 0, GPU-a7c8774f-988d-67a1-6fc7-b550e6084318, NVIDIA A100-SXM4-40GB, 37599, 40960, 100, 377.31, 48
nid001148,2026/05/03 02:01:02.513, 1, GPU-577e60db-d1c2-90d3-5b3f-7c7b324afca4, NVIDIA A100-SXM4-40GB, 36181, 40960, 100, 101.27, 38
nid001148,2026/05/03 02:01:02.515, 2, GPU-f9525f1a-f229-68e0-6d66-e6a80841779c, NVIDIA A100-SXM4-40GB, 36181, 40960, 93, 104.48, 40
nid001148,2026/05/03 02:01:02.516, 3, GPU-8a5d8169-14f6-54ff-6976-dc38563295f4, NVIDIA A100-SXM4-40GB, 37727, 40960, 78, 104.08, 36
nid001145,2026/05/03 02:01:05.492, 0, GPU-8ea6fdc3-f283-452d-c89c-4e954e5e073c, NVIDIA A100-SXM4-40GB, 34771, 40960, 0, 56.91, 29
nid001145,2026/05/03 02:01:05.494, 1, GPU-64cdb16d-faee-8107-c27d-7e92ffec99a0, NVIDIA A100-SXM4-40GB, 34771, 40960, 0, 56.01, 27
nid001145,2026/05/03 02:01:05.496, 2, GPU-ff858cba-dabb-2e65-f117-e5837cc177a1, NVIDIA A100-SXM4-40GB, 0, 40960, 0, 49.06, 28
nid001145,2026/05/03 02:01:05.498, 3, GPU-f730a11d-647c-a1fa-7b7a-c285f32e3d57, NVIDIA A100-SXM4-40GB, 0, 40960, 0, 49.47, 27
nid001148,2026/05/03 02:01:06.448, 0, GPU-a7c8774f-988d-67a1-6fc7-b550e6084318, NVIDIA A100-SXM4-40GB, 37599, 40960, 100, 116.37, 41
nid001148,2026/05/03 02:01:06.451, 1, GPU-577e60db-d1c2-90d3-5b3f-7c7b324afca4, NVIDIA A100-SXM4-40GB, 36181, 40960, 100, 185.18, 36
nid001148,2026/05/03 02:01:06.453, 2, GPU-f9525f1a-f229-68e0-6d66-e6a80841779c, NVIDIA A100-SXM4-40GB, 36181, 40960, 100, 139.92, 41
nid001148,2026/05/03 02:01:06.454, 3, GPU-8a5d8169-14f6-54ff-6976-dc38563295f4, NVIDIA A100-SXM4-40GB, 37727, 40960, 100, 118.41, 37
nid001145,2026/05/03 02:01:09.386, 0, GPU-8ea6fdc3-f283-452d-c89c-4e954e5e073c, NVIDIA A100-SXM4-40GB, 34771, 40960, 0, 57.15, 29
nid001145,2026/05/03 02:01:09.388, 1, GPU-64cdb16d-faee-8107-c27d-7e92ffec99a0, NVIDIA A100-SXM4-40GB, 34771, 40960, 0, 55.73, 27
nid001145,2026/05/03 02:01:09.390, 2, GPU-ff858cba-dabb-2e65-f117-e5837cc177a1, NVIDIA A100-SXM4-40GB, 0, 40960, 0, 49.00, 28
nid001145,2026/05/03 02:01:09.392, 3, GPU-f730a11d-647c-a1fa-7b7a-c285f32e3d57, NVIDIA A100-SXM4-40GB, 0, 40960, 0, 49.47, 27
nid001148,2026/05/03 02:01:10.441, 0, GPU-a7c8774f-988d-67a1-6fc7-b550e6084318, NVIDIA A100-SXM4-40GB, 37599, 40960, 100, 109.20, 41
nid001148,2026/05/03 02:01:10.444, 1, GPU-577e60db-d1c2-90d3-5b3f-7c7b324afca4, NVIDIA A100-SXM4-40GB, 36181, 40960, 100, 183.87, 37
nid001148,2026/05/03 02:01:10.445, 2, GPU-f9525f1a-f229-68e0-6d66-e6a80841779c, NVIDIA A100-SXM4-40GB, 36181, 40960, 100, 144.24, 42
nid001148,2026/05/03 02:01:10.447, 3, GPU-8a5d8169-14f6-54ff-6976-dc38563295f4, NVIDIA A100-SXM4-40GB, 37727, 40960, 100, 117.41, 37
nid001145,2026/05/03 02:01:13.390, 0, GPU-8ea6fdc3-f283-452d-c89c-4e954e5e073c, NVIDIA A100-SXM4-40GB, 34771, 40960, 0, 56.98, 29
nid001145,2026/05/03 02:01:13.392, 1, GPU-64cdb16d-faee-8107-c27d-7e92ffec99a0, NVIDIA A100-SXM4-40GB, 34771, 40960, 0, 56.32, 27
nid001145,2026/05/03 02:01:13.393, 2, GPU-ff858cba-dabb-2e65-f117-e5837cc177a1, NVIDIA A100-SXM4-40GB, 0, 40960, 0, 49.06, 28
nid001145,2026/05/03 02:01:13.395, 3, GPU-f730a11d-647c-a1fa-7b7a-c285f32e3d57, NVIDIA A100-SXM4-40GB, 0, 40960, 0, 49.47, 27
nid001148,2026/05/03 02:01:14.346, 0, GPU-a7c8774f-988d-67a1-6fc7-b550e6084318, NVIDIA A100-SXM4-40GB, 37599, 40960, 100, 190.12, 41
nid001148,2026/05/03 02:01:14.351, 1, GPU-577e60db-d1c2-90d3-5b3f-7c7b324afca4, NVIDIA A100-SXM4-40GB, 36181, 40960, 100, 118.31, 36
nid001148,2026/05/03 02:01:14.353, 2, GPU-f9525f1a-f229-68e0-6d66-e6a80841779c, NVIDIA A100-SXM4-40GB, 36181, 40960, 100, 114.60, 41
nid001148,2026/05/03 02:01:14.354, 3, GPU-8a5d8169-14f6-54ff-6976-dc38563295f4, NVIDIA A100-SXM4-40GB, 37727, 40960, 100, 205.92, 37
nid001145,2026/05/03 02:01:17.289, 0, GPU-8ea6fdc3-f283-452d-c89c-4e954e5e073c, NVIDIA A100-SXM4-40GB, 34771, 40960, 0, 56.91, 29
nid001145,2026/05/03 02:01:17.291, 1, GPU-64cdb16d-faee-8107-c27d-7e92ffec99a0, NVIDIA A100-SXM4-40GB, 34771, 40960, 0, 56.01, 27
nid001145,2026/05/03 02:01:17.292, 2, GPU-ff858cba-dabb-2e65-f117-e5837cc177a1, NVIDIA A100-SXM4-40GB, 0, 40960, 0, 49.06, 28
nid001145,2026/05/03 02:01:17.294, 3, GPU-f730a11d-647c-a1fa-7b7a-c285f32e3d57, NVIDIA A100-SXM4-40GB, 0, 40960, 0, 49.47, 27
nid001148,2026/05/03 02:01:18.272, 0, GPU-a7c8774f-988d-67a1-6fc7-b550e6084318, NVIDIA A100-SXM4-40GB, 37599, 40960, 100, 112.76, 41
nid001148,2026/05/03 02:01:18.276, 1, GPU-577e60db-d1c2-90d3-5b3f-7c7b324afca4, NVIDIA A100-SXM4-40GB, 36181, 40960, 100, 182.37, 37
nid001148,2026/05/03 02:01:18.277, 2, GPU-f9525f1a-f229-68e0-6d66-e6a80841779c, NVIDIA A100-SXM4-40GB, 36181, 40960, 100, 161.19, 41
nid001148,2026/05/03 02:01:18.279, 3, GPU-8a5d8169-14f6-54ff-6976-dc38563295f4, NVIDIA A100-SXM4-40GB, 37727, 40960, 100, 124.07, 37
nid001145,2026/05/03 02:01:21.227, 0, GPU-8ea6fdc3-f283-452d-c89c-4e954e5e073c, NVIDIA A100-SXM4-40GB, 34771, 40960, 0, 56.91, 29
nid001145,2026/05/03 02:01:21.229, 1, GPU-64cdb16d-faee-8107-c27d-7e92ffec99a0, NVIDIA A100-SXM4-40GB, 34771, 40960, 0, 56.25, 27
nid001145,2026/05/03 02:01:21.230, 2, GPU-ff858cba-dabb-2e65-f117-e5837cc177a1, NVIDIA A100-SXM4-40GB, 0, 40960, 0, 49.29, 28
nid001145,2026/05/03 02:01:21.232, 3, GPU-f730a11d-647c-a1fa-7b7a-c285f32e3d57, NVIDIA A100-SXM4-40GB, 0, 40960, 0, 49.47, 27
nid001148,2026/05/03 02:01:22.189, 0, GPU-a7c8774f-988d-67a1-6fc7-b550e6084318, NVIDIA A100-SXM4-40GB, 37599, 40960, 100, 205.19, 41
nid001148,2026/05/03 02:01:22.193, 1, GPU-577e60db-d1c2-90d3-5b3f-7c7b324afca4, NVIDIA A100-SXM4-40GB, 36181, 40960, 100, 122.03, 37
nid001148,2026/05/03 02:01:22.195, 2, GPU-f9525f1a-f229-68e0-6d66-e6a80841779c, NVIDIA A100-SXM4-40GB, 36181, 40960, 100, 118.69, 41
nid001148,2026/05/03 02:01:22.196, 3, GPU-8a5d8169-14f6-54ff-6976-dc38563295f4, NVIDIA A100-SXM4-40GB, 37727, 40960, 100, 185.46, 37
nid001145,2026/05/03 02:01:25.206, 0, GPU-8ea6fdc3-f283-452d-c89c-4e954e5e073c, NVIDIA A100-SXM4-40GB, 34771, 40960, 0, 56.91, 29
nid001145,2026/05/03 02:01:25.208, 1, GPU-64cdb16d-faee-8107-c27d-7e92ffec99a0, NVIDIA A100-SXM4-40GB, 34771, 40960, 0, 56.01, 27
nid001145,2026/05/03 02:01:25.210, 2, GPU-ff858cba-dabb-2e65-f117-e5837cc177a1, NVIDIA A100-SXM4-40GB, 0, 40960, 0, 49.29, 28
nid001145,2026/05/03 02:01:25.212, 3, GPU-f730a11d-647c-a1fa-7b7a-c285f32e3d57, NVIDIA A100-SXM4-40GB, 0, 40960, 0, 49.47, 27
nid001148,2026/05/03 02:01:26.131, 0, GPU-a7c8774f-988d-67a1-6fc7-b550e6084318, NVIDIA A100-SXM4-40GB, 37599, 40960, 100, 153.70, 41
nid001148,2026/05/03 02:01:26.133, 1, GPU-577e60db-d1c2-90d3-5b3f-7c7b324afca4, NVIDIA A100-SXM4-40GB, 36181, 40960, 100, 110.74, 37
nid001148,2026/05/03 02:01:26.136, 2, GPU-f9525f1a-f229-68e0-6d66-e6a80841779c, NVIDIA A100-SXM4-40GB, 36181, 40960, 100, 114.18, 42
nid001148,2026/05/03 02:01:26.138, 3, GPU-8a5d8169-14f6-54ff-6976-dc38563295f4, NVIDIA A100-SXM4-40GB, 37727, 40960, 100, 233.54, 37
nid001145,2026/05/03 02:01:29.087, 0, GPU-8ea6fdc3-f283-452d-c89c-4e954e5e073c, NVIDIA A100-SXM4-40GB, 34771, 40960, 0, 56.91, 29
nid001145,2026/05/03 02:01:29.091, 1, GPU-64cdb16d-faee-8107-c27d-7e92ffec99a0, NVIDIA A100-SXM4-40GB, 34771, 40960, 0, 56.01, 27
nid001145,2026/05/03 02:01:29.092, 2, GPU-ff858cba-dabb-2e65-f117-e5837cc177a1, NVIDIA A100-SXM4-40GB, 0, 40960, 0, 49.29, 28
nid001145,2026/05/03 02:01:29.095, 3, GPU-f730a11d-647c-a1fa-7b7a-c285f32e3d57, NVIDIA A100-SXM4-40GB, 0, 40960, 0, 49.47, 27
nid001148,2026/05/03 02:01:30.090, 0, GPU-a7c8774f-988d-67a1-6fc7-b550e6084318, NVIDIA A100-SXM4-40GB, 37599, 40960, 100, 113.43, 41
nid001148,2026/05/03 02:01:30.094, 1, GPU-577e60db-d1c2-90d3-5b3f-7c7b324afca4, NVIDIA A100-SXM4-40GB, 36181, 40960, 100, 206.69, 36
nid001148,2026/05/03 02:01:30.097, 2, GPU-f9525f1a-f229-68e0-6d66-e6a80841779c, NVIDIA A100-SXM4-40GB, 36181, 40960, 100, 207.96, 41
nid001148,2026/05/03 02:01:30.098, 3, GPU-8a5d8169-14f6-54ff-6976-dc38563295f4, NVIDIA A100-SXM4-40GB, 37727, 40960, 100, 144.24, 37
nid001145,2026/05/03 02:01:33.056, 0, GPU-8ea6fdc3-f283-452d-c89c-4e954e5e073c, NVIDIA A100-SXM4-40GB, 34771, 40960, 0, 57.43, 29
nid001145,2026/05/03 02:01:33.059, 1, GPU-64cdb16d-faee-8107-c27d-7e92ffec99a0, NVIDIA A100-SXM4-40GB, 34771, 40960, 0, 55.73, 27
nid001145,2026/05/03 02:01:33.060, 2, GPU-ff858cba-dabb-2e65-f117-e5837cc177a1, NVIDIA A100-SXM4-40GB, 0, 40960, 0, 49.29, 28
nid001145,2026/05/03 02:01:33.062, 3, GPU-f730a11d-647c-a1fa-7b7a-c285f32e3d57, NVIDIA A100-SXM4-40GB, 0, 40960, 0, 49.47, 27
nid001148,2026/05/03 02:01:34.010, 0, GPU-a7c8774f-988d-67a1-6fc7-b550e6084318, NVIDIA A100-SXM4-40GB, 37599, 40960, 100, 126.43, 41
nid001148,2026/05/03 02:01:34.014, 1, GPU-577e60db-d1c2-90d3-5b3f-7c7b324afca4, NVIDIA A100-SXM4-40GB, 36181, 40960, 100, 162.95, 37
nid001148,2026/05/03 02:01:34.016, 2, GPU-f9525f1a-f229-68e0-6d66-e6a80841779c, NVIDIA A100-SXM4-40GB, 36181, 40960, 100, 198.50, 41
nid001148,2026/05/03 02:01:34.017, 3, GPU-8a5d8169-14f6-54ff-6976-dc38563295f4, NVIDIA A100-SXM4-40GB, 37727, 40960, 100, 126.35, 37
nid001145,2026/05/03 02:01:36.947, 0, GPU-8ea6fdc3-f283-452d-c89c-4e954e5e073c, NVIDIA A100-SXM4-40GB, 34771, 40960, 0, 57.15, 29
nid001145,2026/05/03 02:01:36.949, 1, GPU-64cdb16d-faee-8107-c27d-7e92ffec99a0, NVIDIA A100-SXM4-40GB, 34771, 40960, 0, 55.73, 27
nid001145,2026/05/03 02:01:36.950, 2, GPU-ff858cba-dabb-2e65-f117-e5837cc177a1, NVIDIA A100-SXM4-40GB, 0, 40960, 0, 49.29, 28
nid001145,2026/05/03 02:01:36.953, 3, GPU-f730a11d-647c-a1fa-7b7a-c285f32e3d57, NVIDIA A100-SXM4-40GB, 0, 40960, 0, 49.47, 27
nid001148,2026/05/03 02:01:37.939, 0, GPU-a7c8774f-988d-67a1-6fc7-b550e6084318, NVIDIA A100-SXM4-40GB, 37599, 40960, 100, 167.97, 41
nid001148,2026/05/03 02:01:37.941, 1, GPU-577e60db-d1c2-90d3-5b3f-7c7b324afca4, NVIDIA A100-SXM4-40GB, 36181, 40960, 100, 119.45, 37
nid001148,2026/05/03 02:01:37.951, 2, GPU-f9525f1a-f229-68e0-6d66-e6a80841779c, NVIDIA A100-SXM4-40GB, 36181, 40960, 100, 125.59, 41
nid001148,2026/05/03 02:01:37.953, 3, GPU-8a5d8169-14f6-54ff-6976-dc38563295f4, NVIDIA A100-SXM4-40GB, 37727, 40960, 100, 211.81, 37
nid001145,2026/05/03 02:01:40.898, 0, GPU-8ea6fdc3-f283-452d-c89c-4e954e5e073c, NVIDIA A100-SXM4-40GB, 34771, 40960, 0, 57.15, 29
nid001145,2026/05/03 02:01:40.900, 1, GPU-64cdb16d-faee-8107-c27d-7e92ffec99a0, NVIDIA A100-SXM4-40GB, 34771, 40960, 0, 55.73, 27
nid001145,2026/05/03 02:01:40.901, 2, GPU-ff858cba-dabb-2e65-f117-e5837cc177a1, NVIDIA A100-SXM4-40GB, 0, 40960, 0, 49.29, 28
nid001145,2026/05/03 02:01:40.903, 3, GPU-f730a11d-647c-a1fa-7b7a-c285f32e3d57, NVIDIA A100-SXM4-40GB, 0, 40960, 0, 49.47, 27
nid001148,2026/05/03 02:01:41.830, 0, GPU-a7c8774f-988d-67a1-6fc7-b550e6084318, NVIDIA A100-SXM4-40GB, 37599, 40960, 100, 128.46, 40
nid001148,2026/05/03 02:01:41.833, 1, GPU-577e60db-d1c2-90d3-5b3f-7c7b324afca4, NVIDIA A100-SXM4-40GB, 36181, 40960, 100, 164.47, 37
nid001148,2026/05/03 02:01:41.835, 2, GPU-f9525f1a-f229-68e0-6d66-e6a80841779c, NVIDIA A100-SXM4-40GB, 36181, 40960, 100, 113.84, 42
nid001148,2026/05/03 02:01:41.838, 3, GPU-8a5d8169-14f6-54ff-6976-dc38563295f4, NVIDIA A100-SXM4-40GB, 37727, 40960, 100, 194.41, 37
nid001145,2026/05/03 02:01:44.780, 0, GPU-8ea6fdc3-f283-452d-c89c-4e954e5e073c, NVIDIA A100-SXM4-40GB, 34771, 40960, 0, 57.43, 29
nid001145,2026/05/03 02:01:44.782, 1, GPU-64cdb16d-faee-8107-c27d-7e92ffec99a0, NVIDIA A100-SXM4-40GB, 34771, 40960, 0, 56.01, 27
nid001145,2026/05/03 02:01:44.784, 2, GPU-ff858cba-dabb-2e65-f117-e5837cc177a1, NVIDIA A100-SXM4-40GB, 0, 40960, 0, 49.29, 28
nid001145,2026/05/03 02:01:44.786, 3, GPU-f730a11d-647c-a1fa-7b7a-c285f32e3d57, NVIDIA A100-SXM4-40GB, 0, 40960, 0, 49.47, 27
nid001148,2026/05/03 02:01:45.741, 0, GPU-a7c8774f-988d-67a1-6fc7-b550e6084318, NVIDIA A100-SXM4-40GB, 37599, 40960, 80, 102.72, 42
nid001148,2026/05/03 02:01:45.744, 1, GPU-577e60db-d1c2-90d3-5b3f-7c7b324afca4, NVIDIA A100-SXM4-40GB, 36181, 40960, 76, 96.07, 39
nid001148,2026/05/03 02:01:45.746, 2, GPU-f9525f1a-f229-68e0-6d66-e6a80841779c, NVIDIA A100-SXM4-40GB, 36181, 40960, 70, 463.40, 47
nid001148,2026/05/03 02:01:45.748, 3, GPU-8a5d8169-14f6-54ff-6976-dc38563295f4, NVIDIA A100-SXM4-40GB, 37727, 40960, 100, 103.72, 35
nid001145,2026/05/03 02:01:48.762, 0, GPU-8ea6fdc3-f283-452d-c89c-4e954e5e073c, NVIDIA A100-SXM4-40GB, 34771, 40960, 0, 57.15, 29
nid001145,2026/05/03 02:01:48.764, 1, GPU-64cdb16d-faee-8107-c27d-7e92ffec99a0, NVIDIA A100-SXM4-40GB, 34771, 40960, 0, 55.73, 27
nid001145,2026/05/03 02:01:48.765, 2, GPU-ff858cba-dabb-2e65-f117-e5837cc177a1, NVIDIA A100-SXM4-40GB, 0, 40960, 0, 49.00, 28
nid001145,2026/05/03 02:01:48.767, 3, GPU-f730a11d-647c-a1fa-7b7a-c285f32e3d57, NVIDIA A100-SXM4-40GB, 0, 40960, 0, 49.47, 27
nid001148,2026/05/03 02:01:49.699, 0, GPU-a7c8774f-988d-67a1-6fc7-b550e6084318, NVIDIA A100-SXM4-40GB, 37599, 40960, 100, 131.26, 41
nid001148,2026/05/03 02:01:49.702, 1, GPU-577e60db-d1c2-90d3-5b3f-7c7b324afca4, NVIDIA A100-SXM4-40GB, 36181, 40960, 100, 138.87, 37
nid001148,2026/05/03 02:01:49.703, 2, GPU-f9525f1a-f229-68e0-6d66-e6a80841779c, NVIDIA A100-SXM4-40GB, 36181, 40960, 100, 115.07, 41
nid001148,2026/05/03 02:01:49.706, 3, GPU-8a5d8169-14f6-54ff-6976-dc38563295f4, NVIDIA A100-SXM4-40GB, 37727, 40960, 100, 167.05, 37
nid001145,2026/05/03 02:01:52.655, 0, GPU-8ea6fdc3-f283-452d-c89c-4e954e5e073c, NVIDIA A100-SXM4-40GB, 34771, 40960, 0, 57.15, 29
nid001145,2026/05/03 02:01:52.657, 1, GPU-64cdb16d-faee-8107-c27d-7e92ffec99a0, NVIDIA A100-SXM4-40GB, 34771, 40960, 0, 55.73, 27
nid001145,2026/05/03 02:01:52.658, 2, GPU-ff858cba-dabb-2e65-f117-e5837cc177a1, NVIDIA A100-SXM4-40GB, 0, 40960, 0, 49.29, 28
nid001145,2026/05/03 02:01:52.660, 3, GPU-f730a11d-647c-a1fa-7b7a-c285f32e3d57, NVIDIA A100-SXM4-40GB, 0, 40960, 0, 49.47, 27
nid001148,2026/05/03 02:01:53.659, 0, GPU-a7c8774f-988d-67a1-6fc7-b550e6084318, NVIDIA A100-SXM4-40GB, 37599, 40960, 100, 117.23, 40
nid001148,2026/05/03 02:01:53.666, 1, GPU-577e60db-d1c2-90d3-5b3f-7c7b324afca4, NVIDIA A100-SXM4-40GB, 36181, 40960, 100, 196.17, 37
nid001148,2026/05/03 02:01:53.668, 2, GPU-f9525f1a-f229-68e0-6d66-e6a80841779c, NVIDIA A100-SXM4-40GB, 36181, 40960, 100, 122.88, 42
nid001148,2026/05/03 02:01:53.670, 3, GPU-8a5d8169-14f6-54ff-6976-dc38563295f4, NVIDIA A100-SXM4-40GB, 37727, 40960, 100, 145.53, 37
nid001145,2026/05/03 02:01:56.612, 0, GPU-8ea6fdc3-f283-452d-c89c-4e954e5e073c, NVIDIA A100-SXM4-40GB, 34771, 40960, 0, 57.43, 29
nid001145,2026/05/03 02:01:56.614, 1, GPU-64cdb16d-faee-8107-c27d-7e92ffec99a0, NVIDIA A100-SXM4-40GB, 34771, 40960, 0, 55.73, 27
nid001145,2026/05/03 02:01:56.616, 2, GPU-ff858cba-dabb-2e65-f117-e5837cc177a1, NVIDIA A100-SXM4-40GB, 0, 40960, 0, 49.00, 28
nid001145,2026/05/03 02:01:56.618, 3, GPU-f730a11d-647c-a1fa-7b7a-c285f32e3d57, NVIDIA A100-SXM4-40GB, 0, 40960, 0, 49.47, 27
nid001148,2026/05/03 02:01:57.553, 0, GPU-a7c8774f-988d-67a1-6fc7-b550e6084318, NVIDIA A100-SXM4-40GB, 37599, 40960, 100, 207.47, 41
nid001148,2026/05/03 02:01:57.556, 1, GPU-577e60db-d1c2-90d3-5b3f-7c7b324afca4, NVIDIA A100-SXM4-40GB, 36181, 40960, 100, 141.20, 37
nid001148,2026/05/03 02:01:57.557, 2, GPU-f9525f1a-f229-68e0-6d66-e6a80841779c, NVIDIA A100-SXM4-40GB, 36181, 40960, 100, 176.25, 42
nid001148,2026/05/03 02:01:57.559, 3, GPU-8a5d8169-14f6-54ff-6976-dc38563295f4, NVIDIA A100-SXM4-40GB, 37727, 40960, 100, 114.07, 37
nid001145,2026/05/03 02:02:00.508, 0, GPU-8ea6fdc3-f283-452d-c89c-4e954e5e073c, NVIDIA A100-SXM4-40GB, 34771, 40960, 0, 56.91, 29
nid001145,2026/05/03 02:02:00.510, 1, GPU-64cdb16d-faee-8107-c27d-7e92ffec99a0, NVIDIA A100-SXM4-40GB, 34771, 40960, 0, 55.73, 27
nid001145,2026/05/03 02:02:00.512, 2, GPU-ff858cba-dabb-2e65-f117-e5837cc177a1, NVIDIA A100-SXM4-40GB, 0, 40960, 0, 49.29, 28
nid001145,2026/05/03 02:02:00.514, 3, GPU-f730a11d-647c-a1fa-7b7a-c285f32e3d57, NVIDIA A100-SXM4-40GB, 0, 40960, 0, 49.47, 27
nid001148,2026/05/03 02:02:01.458, 0, GPU-a7c8774f-988d-67a1-6fc7-b550e6084318, NVIDIA A100-SXM4-40GB, 37599, 40960, 100, 221.74, 41
nid001148,2026/05/03 02:02:01.464, 1, GPU-577e60db-d1c2-90d3-5b3f-7c7b324afca4, NVIDIA A100-SXM4-40GB, 36181, 40960, 100, 123.78, 37
nid001148,2026/05/03 02:02:01.467, 2, GPU-f9525f1a-f229-68e0-6d66-e6a80841779c, NVIDIA A100-SXM4-40GB, 36181, 40960, 100, 140.51, 41
nid001148,2026/05/03 02:02:01.469, 3, GPU-8a5d8169-14f6-54ff-6976-dc38563295f4, NVIDIA A100-SXM4-40GB, 37727, 40960, 100, 206.16, 37
nid001145,2026/05/03 02:02:04.453, 0, GPU-8ea6fdc3-f283-452d-c89c-4e954e5e073c, NVIDIA A100-SXM4-40GB, 34771, 40960, 0, 56.91, 29
nid001145,2026/05/03 02:02:04.456, 1, GPU-64cdb16d-faee-8107-c27d-7e92ffec99a0, NVIDIA A100-SXM4-40GB, 34771, 40960, 0, 56.01, 27
nid001145,2026/05/03 02:02:04.457, 2, GPU-ff858cba-dabb-2e65-f117-e5837cc177a1, NVIDIA A100-SXM4-40GB, 0, 40960, 0, 49.29, 28
nid001145,2026/05/03 02:02:04.459, 3, GPU-f730a11d-647c-a1fa-7b7a-c285f32e3d57, NVIDIA A100-SXM4-40GB, 0, 40960, 0, 49.47, 27
nid001148,2026/05/03 02:02:05.423, 0, GPU-a7c8774f-988d-67a1-6fc7-b550e6084318, NVIDIA A100-SXM4-40GB, 37599, 40960, 100, 126.90, 40
nid001148,2026/05/03 02:02:05.426, 1, GPU-577e60db-d1c2-90d3-5b3f-7c7b324afca4, NVIDIA A100-SXM4-40GB, 36181, 40960, 100, 166.76, 37
nid001148,2026/05/03 02:02:05.429, 2, GPU-f9525f1a-f229-68e0-6d66-e6a80841779c, NVIDIA A100-SXM4-40GB, 36181, 40960, 100, 116.74, 42
nid001148,2026/05/03 02:02:05.430, 3, GPU-8a5d8169-14f6-54ff-6976-dc38563295f4, NVIDIA A100-SXM4-40GB, 37727, 40960, 100, 155.00, 37
nid001145,2026/05/03 02:02:08.373, 0, GPU-8ea6fdc3-f283-452d-c89c-4e954e5e073c, NVIDIA A100-SXM4-40GB, 34771, 40960, 0, 56.91, 29
nid001145,2026/05/03 02:02:08.375, 1, GPU-64cdb16d-faee-8107-c27d-7e92ffec99a0, NVIDIA A100-SXM4-40GB, 34771, 40960, 0, 56.01, 27
nid001145,2026/05/03 02:02:08.380, 2, GPU-ff858cba-dabb-2e65-f117-e5837cc177a1, NVIDIA A100-SXM4-40GB, 0, 40960, 0, 49.00, 28
nid001145,2026/05/03 02:02:08.382, 3, GPU-f730a11d-647c-a1fa-7b7a-c285f32e3d57, NVIDIA A100-SXM4-40GB, 0, 40960, 0, 49.47, 27
nid001148,2026/05/03 02:02:09.281, 0, GPU-a7c8774f-988d-67a1-6fc7-b550e6084318, NVIDIA A100-SXM4-40GB, 37599, 40960, 100, 112.63, 41
nid001148,2026/05/03 02:02:09.284, 1, GPU-577e60db-d1c2-90d3-5b3f-7c7b324afca4, NVIDIA A100-SXM4-40GB, 36181, 40960, 100, 223.30, 37
nid001148,2026/05/03 02:02:09.285, 2, GPU-f9525f1a-f229-68e0-6d66-e6a80841779c, NVIDIA A100-SXM4-40GB, 36181, 40960, 100, 189.33, 41
nid001148,2026/05/03 02:02:09.287, 3, GPU-8a5d8169-14f6-54ff-6976-dc38563295f4, NVIDIA A100-SXM4-40GB, 37727, 40960, 100, 122.50, 37
nid001145,2026/05/03 02:02:12.241, 0, GPU-8ea6fdc3-f283-452d-c89c-4e954e5e073c, NVIDIA A100-SXM4-40GB, 34771, 40960, 0, 56.91, 29
nid001145,2026/05/03 02:02:12.243, 1, GPU-64cdb16d-faee-8107-c27d-7e92ffec99a0, NVIDIA A100-SXM4-40GB, 34771, 40960, 0, 55.73, 27
nid001145,2026/05/03 02:02:12.244, 2, GPU-ff858cba-dabb-2e65-f117-e5837cc177a1, NVIDIA A100-SXM4-40GB, 0, 40960, 0, 49.29, 28
nid001145,2026/05/03 02:02:12.247, 3, GPU-f730a11d-647c-a1fa-7b7a-c285f32e3d57, NVIDIA A100-SXM4-40GB, 0, 40960, 0, 49.47, 27
nid001148,2026/05/03 02:02:13.223, 0, GPU-a7c8774f-988d-67a1-6fc7-b550e6084318, NVIDIA A100-SXM4-40GB, 37599, 40960, 100, 188.08, 40
nid001148,2026/05/03 02:02:13.226, 1, GPU-577e60db-d1c2-90d3-5b3f-7c7b324afca4, NVIDIA A100-SXM4-40GB, 36181, 40960, 100, 125.07, 37
nid001148,2026/05/03 02:02:13.228, 2, GPU-f9525f1a-f229-68e0-6d66-e6a80841779c, NVIDIA A100-SXM4-40GB, 36181, 40960, 100, 153.01, 42
nid001148,2026/05/03 02:02:13.231, 3, GPU-8a5d8169-14f6-54ff-6976-dc38563295f4, NVIDIA A100-SXM4-40GB, 37727, 40960, 100, 185.70, 37
nid001145,2026/05/03 02:02:16.182, 0, GPU-8ea6fdc3-f283-452d-c89c-4e954e5e073c, NVIDIA A100-SXM4-40GB, 34771, 40960, 0, 56.91, 29
nid001145,2026/05/03 02:02:16.184, 1, GPU-64cdb16d-faee-8107-c27d-7e92ffec99a0, NVIDIA A100-SXM4-40GB, 34771, 40960, 0, 56.01, 27
nid001145,2026/05/03 02:02:16.186, 2, GPU-ff858cba-dabb-2e65-f117-e5837cc177a1, NVIDIA A100-SXM4-40GB, 0, 40960, 0, 49.29, 28
nid001145,2026/05/03 02:02:16.188, 3, GPU-f730a11d-647c-a1fa-7b7a-c285f32e3d57, NVIDIA A100-SXM4-40GB, 0, 40960, 0, 49.47, 27
nid001148,2026/05/03 02:02:17.162, 0, GPU-a7c8774f-988d-67a1-6fc7-b550e6084318, NVIDIA A100-SXM4-40GB, 37599, 40960, 100, 158.30, 41
nid001148,2026/05/03 02:02:17.169, 1, GPU-577e60db-d1c2-90d3-5b3f-7c7b324afca4, NVIDIA A100-SXM4-40GB, 36181, 40960, 100, 111.27, 37
nid001148,2026/05/03 02:02:17.170, 2, GPU-f9525f1a-f229-68e0-6d66-e6a80841779c, NVIDIA A100-SXM4-40GB, 36181, 40960, 100, 127.20, 41
nid001148,2026/05/03 02:02:17.172, 3, GPU-8a5d8169-14f6-54ff-6976-dc38563295f4, NVIDIA A100-SXM4-40GB, 37727, 40960, 100, 233.54, 37
nid001145,2026/05/03 02:02:20.136, 0, GPU-8ea6fdc3-f283-452d-c89c-4e954e5e073c, NVIDIA A100-SXM4-40GB, 34771, 40960, 0, 57.15, 29
nid001145,2026/05/03 02:02:20.138, 1, GPU-64cdb16d-faee-8107-c27d-7e92ffec99a0, NVIDIA A100-SXM4-40GB, 34771, 40960, 0, 56.01, 27
nid001145,2026/05/03 02:02:20.140, 2, GPU-ff858cba-dabb-2e65-f117-e5837cc177a1, NVIDIA A100-SXM4-40GB, 0, 40960, 0, 49.00, 28
nid001145,2026/05/03 02:02:20.142, 3, GPU-f730a11d-647c-a1fa-7b7a-c285f32e3d57, NVIDIA A100-SXM4-40GB, 0, 40960, 0, 49.47, 27
nid001148,2026/05/03 02:02:21.103, 0, GPU-a7c8774f-988d-67a1-6fc7-b550e6084318, NVIDIA A100-SXM4-40GB, 37599, 40960, 100, 115.71, 40
nid001148,2026/05/03 02:02:21.107, 1, GPU-577e60db-d1c2-90d3-5b3f-7c7b324afca4, NVIDIA A100-SXM4-40GB, 36181, 40960, 100, 207.45, 37
nid001148,2026/05/03 02:02:21.110, 2, GPU-f9525f1a-f229-68e0-6d66-e6a80841779c, NVIDIA A100-SXM4-40GB, 36181, 40960, 100, 153.53, 41
nid001148,2026/05/03 02:02:21.112, 3, GPU-8a5d8169-14f6-54ff-6976-dc38563295f4, NVIDIA A100-SXM4-40GB, 37727, 40960, 100, 129.68, 37
nid001145,2026/05/03 02:02:24.076, 0, GPU-8ea6fdc3-f283-452d-c89c-4e954e5e073c, NVIDIA A100-SXM4-40GB, 34771, 40960, 0, 56.91, 29
nid001145,2026/05/03 02:02:24.078, 1, GPU-64cdb16d-faee-8107-c27d-7e92ffec99a0, NVIDIA A100-SXM4-40GB, 34771, 40960, 0, 56.01, 27
nid001145,2026/05/03 02:02:24.079, 2, GPU-ff858cba-dabb-2e65-f117-e5837cc177a1, NVIDIA A100-SXM4-40GB, 0, 40960, 0, 49.00, 28
nid001145,2026/05/03 02:02:24.082, 3, GPU-f730a11d-647c-a1fa-7b7a-c285f32e3d57, NVIDIA A100-SXM4-40GB, 0, 40960, 0, 49.47, 27
nid001148,2026/05/03 02:02:25.026, 0, GPU-a7c8774f-988d-67a1-6fc7-b550e6084318, NVIDIA A100-SXM4-40GB, 37599, 40960, 100, 195.76, 41
nid001148,2026/05/03 02:02:25.030, 1, GPU-577e60db-d1c2-90d3-5b3f-7c7b324afca4, NVIDIA A100-SXM4-40GB, 36181, 40960, 100, 136.59, 37
nid001148,2026/05/03 02:02:25.031, 2, GPU-f9525f1a-f229-68e0-6d66-e6a80841779c, NVIDIA A100-SXM4-40GB, 36181, 40960, 100, 230.45, 42
nid001148,2026/05/03 02:02:25.033, 3, GPU-8a5d8169-14f6-54ff-6976-dc38563295f4, NVIDIA A100-SXM4-40GB, 37727, 40960, 100, 118.41, 37
nid001145,2026/05/03 02:02:27.977, 0, GPU-8ea6fdc3-f283-452d-c89c-4e954e5e073c, NVIDIA A100-SXM4-40GB, 34771, 40960, 0, 56.91, 29
nid001145,2026/05/03 02:02:27.978, 1, GPU-64cdb16d-faee-8107-c27d-7e92ffec99a0, NVIDIA A100-SXM4-40GB, 34771, 40960, 0, 56.01, 27
nid001145,2026/05/03 02:02:27.980, 2, GPU-ff858cba-dabb-2e65-f117-e5837cc177a1, NVIDIA A100-SXM4-40GB, 0, 40960, 0, 49.29, 28
nid001145,2026/05/03 02:02:27.982, 3, GPU-f730a11d-647c-a1fa-7b7a-c285f32e3d57, NVIDIA A100-SXM4-40GB, 0, 40960, 0, 49.47, 27
nid001148,2026/05/03 02:02:28.929, 0, GPU-a7c8774f-988d-67a1-6fc7-b550e6084318, NVIDIA A100-SXM4-40GB, 37599, 40960, 91, 102.95, 41
nid001148,2026/05/03 02:02:28.932, 1, GPU-577e60db-d1c2-90d3-5b3f-7c7b324afca4, NVIDIA A100-SXM4-40GB, 36181, 40960, 90, 99.75, 38
nid001148,2026/05/03 02:02:28.933, 2, GPU-f9525f1a-f229-68e0-6d66-e6a80841779c, NVIDIA A100-SXM4-40GB, 36181, 40960, 88, 90.17, 43
nid001148,2026/05/03 02:02:28.935, 3, GPU-8a5d8169-14f6-54ff-6976-dc38563295f4, NVIDIA A100-SXM4-40GB, 37727, 40960, 100, 437.13, 44
nid001145,2026/05/03 02:02:31.881, 0, GPU-8ea6fdc3-f283-452d-c89c-4e954e5e073c, NVIDIA A100-SXM4-40GB, 34771, 40960, 0, 57.15, 29
nid001145,2026/05/03 02:02:31.883, 1, GPU-64cdb16d-faee-8107-c27d-7e92ffec99a0, NVIDIA A100-SXM4-40GB, 34771, 40960, 0, 56.25, 27
nid001145,2026/05/03 02:02:31.892, 2, GPU-ff858cba-dabb-2e65-f117-e5837cc177a1, NVIDIA A100-SXM4-40GB, 0, 40960, 0, 49.29, 28
nid001145,2026/05/03 02:02:31.894, 3, GPU-f730a11d-647c-a1fa-7b7a-c285f32e3d57, NVIDIA A100-SXM4-40GB, 0, 40960, 0, 49.47, 27
nid001148,2026/05/03 02:02:32.823, 0, GPU-a7c8774f-988d-67a1-6fc7-b550e6084318, NVIDIA A100-SXM4-40GB, 37599, 40960, 100, 139.94, 41
nid001148,2026/05/03 02:02:32.827, 1, GPU-577e60db-d1c2-90d3-5b3f-7c7b324afca4, NVIDIA A100-SXM4-40GB, 36181, 40960, 100, 111.79, 37
nid001148,2026/05/03 02:02:32.828, 2, GPU-f9525f1a-f229-68e0-6d66-e6a80841779c, NVIDIA A100-SXM4-40GB, 36181, 40960, 100, 134.77, 41
nid001148,2026/05/03 02:02:32.831, 3, GPU-8a5d8169-14f6-54ff-6976-dc38563295f4, NVIDIA A100-SXM4-40GB, 37727, 40960, 100, 205.92, 37
nid001145,2026/05/03 02:02:35.780, 0, GPU-8ea6fdc3-f283-452d-c89c-4e954e5e073c, NVIDIA A100-SXM4-40GB, 34771, 40960, 0, 57.15, 29
nid001145,2026/05/03 02:02:35.782, 1, GPU-64cdb16d-faee-8107-c27d-7e92ffec99a0, NVIDIA A100-SXM4-40GB, 34771, 40960, 0, 56.01, 27
nid001145,2026/05/03 02:02:35.783, 2, GPU-ff858cba-dabb-2e65-f117-e5837cc177a1, NVIDIA A100-SXM4-40GB, 0, 40960, 0, 49.29, 28
nid001145,2026/05/03 02:02:35.785, 3, GPU-f730a11d-647c-a1fa-7b7a-c285f32e3d57, NVIDIA A100-SXM4-40GB, 0, 40960, 0, 49.47, 27
nid001148,2026/05/03 02:02:36.769, 0, GPU-a7c8774f-988d-67a1-6fc7-b550e6084318, NVIDIA A100-SXM4-40GB, 37599, 40960, 100, 119.17, 41
nid001148,2026/05/03 02:02:36.774, 1, GPU-577e60db-d1c2-90d3-5b3f-7c7b324afca4, NVIDIA A100-SXM4-40GB, 36181, 40960, 100, 139.15, 37
nid001148,2026/05/03 02:02:36.775, 2, GPU-f9525f1a-f229-68e0-6d66-e6a80841779c, NVIDIA A100-SXM4-40GB, 36181, 40960, 100, 122.12, 42
nid001148,2026/05/03 02:02:36.778, 3, GPU-8a5d8169-14f6-54ff-6976-dc38563295f4, NVIDIA A100-SXM4-40GB, 37727, 40960, 100, 156.00, 38
nid001145,2026/05/03 02:02:39.708, 0, GPU-8ea6fdc3-f283-452d-c89c-4e954e5e073c, NVIDIA A100-SXM4-40GB, 34771, 40960, 0, 57.15, 29
nid001145,2026/05/03 02:02:39.711, 1, GPU-64cdb16d-faee-8107-c27d-7e92ffec99a0, NVIDIA A100-SXM4-40GB, 34771, 40960, 0, 55.49, 27
nid001145,2026/05/03 02:02:39.713, 2, GPU-ff858cba-dabb-2e65-f117-e5837cc177a1, NVIDIA A100-SXM4-40GB, 0, 40960, 0, 49.29, 28
nid001145,2026/05/03 02:02:39.715, 3, GPU-f730a11d-647c-a1fa-7b7a-c285f32e3d57, NVIDIA A100-SXM4-40GB, 0, 40960, 0, 49.47, 27
nid001148,2026/05/03 02:02:40.678, 0, GPU-a7c8774f-988d-67a1-6fc7-b550e6084318, NVIDIA A100-SXM4-40GB, 37599, 40960, 100, 191.68, 40
nid001148,2026/05/03 02:02:40.681, 1, GPU-577e60db-d1c2-90d3-5b3f-7c7b324afca4, NVIDIA A100-SXM4-40GB, 36181, 40960, 100, 170.09, 37
nid001148,2026/05/03 02:02:40.684, 2, GPU-f9525f1a-f229-68e0-6d66-e6a80841779c, NVIDIA A100-SXM4-40GB, 36181, 40960, 100, 188.04, 41
nid001148,2026/05/03 02:02:40.687, 3, GPU-8a5d8169-14f6-54ff-6976-dc38563295f4, NVIDIA A100-SXM4-40GB, 37727, 40960, 100, 116.12, 37
nid001145,2026/05/03 02:02:43.620, 0, GPU-8ea6fdc3-f283-452d-c89c-4e954e5e073c, NVIDIA A100-SXM4-40GB, 34771, 40960, 0, 57.15, 29
nid001145,2026/05/03 02:02:43.622, 1, GPU-64cdb16d-faee-8107-c27d-7e92ffec99a0, NVIDIA A100-SXM4-40GB, 34771, 40960, 0, 56.01, 27
nid001145,2026/05/03 02:02:43.623, 2, GPU-ff858cba-dabb-2e65-f117-e5837cc177a1, NVIDIA A100-SXM4-40GB, 0, 40960, 0, 49.29, 28
nid001145,2026/05/03 02:02:43.625, 3, GPU-f730a11d-647c-a1fa-7b7a-c285f32e3d57, NVIDIA A100-SXM4-40GB, 0, 40960, 0, 49.47, 27
nid001148,2026/05/03 02:02:44.564, 0, GPU-a7c8774f-988d-67a1-6fc7-b550e6084318, NVIDIA A100-SXM4-40GB, 37599, 40960, 100, 193.72, 41
nid001148,2026/05/03 02:02:44.570, 1, GPU-577e60db-d1c2-90d3-5b3f-7c7b324afca4, NVIDIA A100-SXM4-40GB, 36181, 40960, 100, 163.42, 37
nid001148,2026/05/03 02:02:44.575, 2, GPU-f9525f1a-f229-68e0-6d66-e6a80841779c, NVIDIA A100-SXM4-40GB, 36181, 40960, 100, 214.85, 42
nid001148,2026/05/03 02:02:44.582, 3, GPU-8a5d8169-14f6-54ff-6976-dc38563295f4, NVIDIA A100-SXM4-40GB, 37727, 40960, 100, 124.07, 37
nid001145,2026/05/03 02:02:47.542, 0, GPU-8ea6fdc3-f283-452d-c89c-4e954e5e073c, NVIDIA A100-SXM4-40GB, 34771, 40960, 0, 56.91, 29
nid001145,2026/05/03 02:02:47.544, 1, GPU-64cdb16d-faee-8107-c27d-7e92ffec99a0, NVIDIA A100-SXM4-40GB, 34771, 40960, 0, 55.73, 27
nid001145,2026/05/03 02:02:47.545, 2, GPU-ff858cba-dabb-2e65-f117-e5837cc177a1, NVIDIA A100-SXM4-40GB, 0, 40960, 0, 49.29, 28
nid001145,2026/05/03 02:02:47.547, 3, GPU-f730a11d-647c-a1fa-7b7a-c285f32e3d57, NVIDIA A100-SXM4-40GB, 0, 40960, 0, 49.47, 27
nid001148,2026/05/03 02:02:48.537, 0, GPU-a7c8774f-988d-67a1-6fc7-b550e6084318, NVIDIA A100-SXM4-40GB, 37599, 40960, 100, 124.62, 41
nid001148,2026/05/03 02:02:48.540, 1, GPU-577e60db-d1c2-90d3-5b3f-7c7b324afca4, NVIDIA A100-SXM4-40GB, 36181, 40960, 100, 115.88, 37
nid001148,2026/05/03 02:02:48.542, 2, GPU-f9525f1a-f229-68e0-6d66-e6a80841779c, NVIDIA A100-SXM4-40GB, 36181, 40960, 100, 142.55, 41
nid001148,2026/05/03 02:02:48.544, 3, GPU-8a5d8169-14f6-54ff-6976-dc38563295f4, NVIDIA A100-SXM4-40GB, 37727, 40960, 100, 200.02, 37
nid001145,2026/05/03 02:02:51.564, 0, GPU-8ea6fdc3-f283-452d-c89c-4e954e5e073c, NVIDIA A100-SXM4-40GB, 34771, 40960, 0, 57.15, 29
nid001145,2026/05/03 02:02:51.566, 1, GPU-64cdb16d-faee-8107-c27d-7e92ffec99a0, NVIDIA A100-SXM4-40GB, 34771, 40960, 0, 55.73, 27
nid001145,2026/05/03 02:02:51.568, 2, GPU-ff858cba-dabb-2e65-f117-e5837cc177a1, NVIDIA A100-SXM4-40GB, 0, 40960, 0, 49.29, 28
nid001145,2026/05/03 02:02:51.570, 3, GPU-f730a11d-647c-a1fa-7b7a-c285f32e3d57, NVIDIA A100-SXM4-40GB, 0, 40960, 0, 49.47, 27
nid001148,2026/05/03 02:02:52.541, 0, GPU-a7c8774f-988d-67a1-6fc7-b550e6084318, NVIDIA A100-SXM4-40GB, 37599, 40960, 100, 112.39, 41
nid001148,2026/05/03 02:02:52.545, 1, GPU-577e60db-d1c2-90d3-5b3f-7c7b324afca4, NVIDIA A100-SXM4-40GB, 36181, 40960, 100, 141.44, 37
nid001148,2026/05/03 02:02:52.549, 2, GPU-f9525f1a-f229-68e0-6d66-e6a80841779c, NVIDIA A100-SXM4-40GB, 36181, 40960, 100, 126.60, 42
nid001148,2026/05/03 02:02:52.551, 3, GPU-8a5d8169-14f6-54ff-6976-dc38563295f4, NVIDIA A100-SXM4-40GB, 37727, 40960, 100, 144.24, 37
nid001145,2026/05/03 02:02:55.514, 0, GPU-8ea6fdc3-f283-452d-c89c-4e954e5e073c, NVIDIA A100-SXM4-40GB, 34771, 40960, 0, 57.15, 29
nid001145,2026/05/03 02:02:55.516, 1, GPU-64cdb16d-faee-8107-c27d-7e92ffec99a0, NVIDIA A100-SXM4-40GB, 34771, 40960, 0, 56.01, 27
nid001145,2026/05/03 02:02:55.517, 2, GPU-ff858cba-dabb-2e65-f117-e5837cc177a1, NVIDIA A100-SXM4-40GB, 0, 40960, 0, 49.29, 28
nid001145,2026/05/03 02:02:55.519, 3, GPU-f730a11d-647c-a1fa-7b7a-c285f32e3d57, NVIDIA A100-SXM4-40GB, 0, 40960, 0, 49.47, 27
nid001148,2026/05/03 02:02:56.462, 0, GPU-a7c8774f-988d-67a1-6fc7-b550e6084318, NVIDIA A100-SXM4-40GB, 37599, 40960, 100, 206.95, 41
nid001148,2026/05/03 02:02:56.465, 1, GPU-577e60db-d1c2-90d3-5b3f-7c7b324afca4, NVIDIA A100-SXM4-40GB, 36181, 40960, 100, 173.42, 37
nid001148,2026/05/03 02:02:56.471, 2, GPU-f9525f1a-f229-68e0-6d66-e6a80841779c, NVIDIA A100-SXM4-40GB, 36181, 40960, 100, 151.73, 42
nid001148,2026/05/03 02:02:56.472, 3, GPU-8a5d8169-14f6-54ff-6976-dc38563295f4, NVIDIA A100-SXM4-40GB, 37727, 40960, 100, 122.78, 37
nid001145,2026/05/03 02:02:59.424, 0, GPU-8ea6fdc3-f283-452d-c89c-4e954e5e073c, NVIDIA A100-SXM4-40GB, 34771, 40960, 0, 57.15, 29
nid001145,2026/05/03 02:02:59.426, 1, GPU-64cdb16d-faee-8107-c27d-7e92ffec99a0, NVIDIA A100-SXM4-40GB, 34771, 40960, 0, 55.73, 27
nid001145,2026/05/03 02:02:59.427, 2, GPU-ff858cba-dabb-2e65-f117-e5837cc177a1, NVIDIA A100-SXM4-40GB, 0, 40960, 0, 49.29, 28
nid001145,2026/05/03 02:02:59.430, 3, GPU-f730a11d-647c-a1fa-7b7a-c285f32e3d57, NVIDIA A100-SXM4-40GB, 0, 40960, 0, 49.47, 27
nid001148,2026/05/03 02:03:00.420, 0, GPU-a7c8774f-988d-67a1-6fc7-b550e6084318, NVIDIA A100-SXM4-40GB, 37599, 40960, 100, 141.98, 41
nid001148,2026/05/03 02:03:00.423, 1, GPU-577e60db-d1c2-90d3-5b3f-7c7b324afca4, NVIDIA A100-SXM4-40GB, 36181, 40960, 100, 143.72, 37
nid001148,2026/05/03 02:03:00.425, 2, GPU-f9525f1a-f229-68e0-6d66-e6a80841779c, NVIDIA A100-SXM4-40GB, 36181, 40960, 100, 220.99, 42
nid001148,2026/05/03 02:03:00.427, 3, GPU-8a5d8169-14f6-54ff-6976-dc38563295f4, NVIDIA A100-SXM4-40GB, 37727, 40960, 100, 169.85, 37
nid001145,2026/05/03 02:03:03.379, 0, GPU-8ea6fdc3-f283-452d-c89c-4e954e5e073c, NVIDIA A100-SXM4-40GB, 34771, 40960, 0, 57.15, 29
nid001145,2026/05/03 02:03:03.381, 1, GPU-64cdb16d-faee-8107-c27d-7e92ffec99a0, NVIDIA A100-SXM4-40GB, 34771, 40960, 0, 55.73, 27
nid001145,2026/05/03 02:03:03.382, 2, GPU-ff858cba-dabb-2e65-f117-e5837cc177a1, NVIDIA A100-SXM4-40GB, 0, 40960, 0, 49.29, 28
nid001145,2026/05/03 02:03:03.385, 3, GPU-f730a11d-647c-a1fa-7b7a-c285f32e3d57, NVIDIA A100-SXM4-40GB, 0, 40960, 0, 49.47, 27
nid001148,2026/05/03 02:03:04.336, 0, GPU-a7c8774f-988d-67a1-6fc7-b550e6084318, NVIDIA A100-SXM4-40GB, 37599, 40960, 100, 113.91, 41
nid001148,2026/05/03 02:03:04.343, 1, GPU-577e60db-d1c2-90d3-5b3f-7c7b324afca4, NVIDIA A100-SXM4-40GB, 36181, 40960, 100, 112.03, 37
nid001148,2026/05/03 02:03:04.347, 2, GPU-f9525f1a-f229-68e0-6d66-e6a80841779c, NVIDIA A100-SXM4-40GB, 36181, 40960, 100, 145.88, 41
nid001148,2026/05/03 02:03:04.352, 3, GPU-8a5d8169-14f6-54ff-6976-dc38563295f4, NVIDIA A100-SXM4-40GB, 37727, 40960, 100, 164.47, 37
nid001145,2026/05/03 02:03:07.299, 0, GPU-8ea6fdc3-f283-452d-c89c-4e954e5e073c, NVIDIA A100-SXM4-40GB, 34771, 40960, 0, 56.91, 29
nid001145,2026/05/03 02:03:07.301, 1, GPU-64cdb16d-faee-8107-c27d-7e92ffec99a0, NVIDIA A100-SXM4-40GB, 34771, 40960, 0, 55.73, 27
nid001145,2026/05/03 02:03:07.303, 2, GPU-ff858cba-dabb-2e65-f117-e5837cc177a1, NVIDIA A100-SXM4-40GB, 0, 40960, 0, 49.29, 28
nid001145,2026/05/03 02:03:07.305, 3, GPU-f730a11d-647c-a1fa-7b7a-c285f32e3d57, NVIDIA A100-SXM4-40GB, 0, 40960, 0, 49.47, 27
nid001148,2026/05/03 02:03:08.272, 0, GPU-a7c8774f-988d-67a1-6fc7-b550e6084318, NVIDIA A100-SXM4-40GB, 37599, 40960, 100, 129.46, 41
nid001148,2026/05/03 02:03:08.276, 1, GPU-577e60db-d1c2-90d3-5b3f-7c7b324afca4, NVIDIA A100-SXM4-40GB, 36181, 40960, 100, 166.52, 37
nid001148,2026/05/03 02:03:08.278, 2, GPU-f9525f1a-f229-68e0-6d66-e6a80841779c, NVIDIA A100-SXM4-40GB, 36181, 40960, 100, 123.03, 42
nid001148,2026/05/03 02:03:08.280, 3, GPU-8a5d8169-14f6-54ff-6976-dc38563295f4, NVIDIA A100-SXM4-40GB, 37727, 40960, 100, 127.88, 37
nid001145,2026/05/03 02:03:11.219, 0, GPU-8ea6fdc3-f283-452d-c89c-4e954e5e073c, NVIDIA A100-SXM4-40GB, 34771, 40960, 0, 56.91, 29
nid001145,2026/05/03 02:03:11.221, 1, GPU-64cdb16d-faee-8107-c27d-7e92ffec99a0, NVIDIA A100-SXM4-40GB, 34771, 40960, 0, 55.73, 27
nid001145,2026/05/03 02:03:11.222, 2, GPU-ff858cba-dabb-2e65-f117-e5837cc177a1, NVIDIA A100-SXM4-40GB, 0, 40960, 0, 49.29, 28
nid001145,2026/05/03 02:03:11.224, 3, GPU-f730a11d-647c-a1fa-7b7a-c285f32e3d57, NVIDIA A100-SXM4-40GB, 0, 40960, 0, 49.47, 27
nid001148,2026/05/03 02:03:12.215, 0, GPU-a7c8774f-988d-67a1-6fc7-b550e6084318, NVIDIA A100-SXM4-40GB, 37599, 40960, 100, 189.12, 41
nid001148,2026/05/03 02:03:12.217, 1, GPU-577e60db-d1c2-90d3-5b3f-7c7b324afca4, NVIDIA A100-SXM4-40GB, 36181, 40960, 100, 194.35, 37
nid001148,2026/05/03 02:03:12.220, 2, GPU-f9525f1a-f229-68e0-6d66-e6a80841779c, NVIDIA A100-SXM4-40GB, 36181, 40960, 100, 113.55, 42
nid001148,2026/05/03 02:03:12.222, 3, GPU-8a5d8169-14f6-54ff-6976-dc38563295f4, NVIDIA A100-SXM4-40GB, 37727, 40960, 100, 125.30, 38
nid001145,2026/05/03 02:03:15.201, 0, GPU-8ea6fdc3-f283-452d-c89c-4e954e5e073c, NVIDIA A100-SXM4-40GB, 34771, 40960, 0, 57.15, 29
nid001145,2026/05/03 02:03:15.203, 1, GPU-64cdb16d-faee-8107-c27d-7e92ffec99a0, NVIDIA A100-SXM4-40GB, 34771, 40960, 0, 55.79, 27
nid001145,2026/05/03 02:03:15.205, 2, GPU-ff858cba-dabb-2e65-f117-e5837cc177a1, NVIDIA A100-SXM4-40GB, 0, 40960, 0, 49.34, 28
nid001145,2026/05/03 02:03:15.207, 3, GPU-f730a11d-647c-a1fa-7b7a-c285f32e3d57, NVIDIA A100-SXM4-40GB, 0, 40960, 0, 49.47, 27
nid001148,2026/05/03 02:03:16.171, 0, GPU-a7c8774f-988d-67a1-6fc7-b550e6084318, NVIDIA A100-SXM4-40GB, 37599, 40960, 100, 142.45, 41
nid001148,2026/05/03 02:03:16.175, 1, GPU-577e60db-d1c2-90d3-5b3f-7c7b324afca4, NVIDIA A100-SXM4-40GB, 36181, 40960, 100, 153.20, 37
nid001148,2026/05/03 02:03:16.176, 2, GPU-f9525f1a-f229-68e0-6d66-e6a80841779c, NVIDIA A100-SXM4-40GB, 36181, 40960, 100, 223.32, 41
nid001148,2026/05/03 02:03:16.178, 3, GPU-8a5d8169-14f6-54ff-6976-dc38563295f4, NVIDIA A100-SXM4-40GB, 37727, 40960, 100, 192.84, 37
nid001145,2026/05/03 02:03:19.164, 0, GPU-8ea6fdc3-f283-452d-c89c-4e954e5e073c, NVIDIA A100-SXM4-40GB, 34771, 40960, 0, 56.91, 29
nid001145,2026/05/03 02:03:19.167, 1, GPU-64cdb16d-faee-8107-c27d-7e92ffec99a0, NVIDIA A100-SXM4-40GB, 34771, 40960, 0, 56.25, 27
nid001145,2026/05/03 02:03:19.168, 2, GPU-ff858cba-dabb-2e65-f117-e5837cc177a1, NVIDIA A100-SXM4-40GB, 0, 40960, 0, 49.00, 28
nid001145,2026/05/03 02:03:19.172, 3, GPU-f730a11d-647c-a1fa-7b7a-c285f32e3d57, NVIDIA A100-SXM4-40GB, 0, 40960, 0, 49.47, 27
nid001148,2026/05/03 02:03:20.178, 0, GPU-a7c8774f-988d-67a1-6fc7-b550e6084318, NVIDIA A100-SXM4-40GB, 37599, 40960, 100, 127.18, 41
nid001148,2026/05/03 02:03:20.190, 1, GPU-577e60db-d1c2-90d3-5b3f-7c7b324afca4, NVIDIA A100-SXM4-40GB, 36181, 40960, 100, 116.64, 37
nid001148,2026/05/03 02:03:20.193, 2, GPU-f9525f1a-f229-68e0-6d66-e6a80841779c, NVIDIA A100-SXM4-40GB, 36181, 40960, 100, 120.21, 42
nid001148,2026/05/03 02:03:20.195, 3, GPU-8a5d8169-14f6-54ff-6976-dc38563295f4, NVIDIA A100-SXM4-40GB, 37727, 40960, 100, 126.88, 37
nid001145,2026/05/03 02:03:23.127, 0, GPU-8ea6fdc3-f283-452d-c89c-4e954e5e073c, NVIDIA A100-SXM4-40GB, 34771, 40960, 0, 56.91, 29
nid001145,2026/05/03 02:03:23.129, 1, GPU-64cdb16d-faee-8107-c27d-7e92ffec99a0, NVIDIA A100-SXM4-40GB, 34771, 40960, 0, 56.01, 27
nid001145,2026/05/03 02:03:23.130, 2, GPU-ff858cba-dabb-2e65-f117-e5837cc177a1, NVIDIA A100-SXM4-40GB, 0, 40960, 0, 49.29, 28
nid001145,2026/05/03 02:03:23.133, 3, GPU-f730a11d-647c-a1fa-7b7a-c285f32e3d57, NVIDIA A100-SXM4-40GB, 0, 40960, 0, 49.47, 27
nid001148,2026/05/03 02:03:24.113, 0, GPU-a7c8774f-988d-67a1-6fc7-b550e6084318, NVIDIA A100-SXM4-40GB, 37599, 40960, 100, 160.57, 41
nid001148,2026/05/03 02:03:24.116, 1, GPU-577e60db-d1c2-90d3-5b3f-7c7b324afca4, NVIDIA A100-SXM4-40GB, 36181, 40960, 100, 179.56, 37
nid001148,2026/05/03 02:03:24.118, 2, GPU-f9525f1a-f229-68e0-6d66-e6a80841779c, NVIDIA A100-SXM4-40GB, 36181, 40960, 100, 219.23, 42
nid001148,2026/05/03 02:03:24.121, 3, GPU-8a5d8169-14f6-54ff-6976-dc38563295f4, NVIDIA A100-SXM4-40GB, 37727, 40960, 100, 178.27, 37
nid001145,2026/05/03 02:03:27.084, 0, GPU-8ea6fdc3-f283-452d-c89c-4e954e5e073c, NVIDIA A100-SXM4-40GB, 34771, 40960, 0, 57.43, 29
nid001145,2026/05/03 02:03:27.086, 1, GPU-64cdb16d-faee-8107-c27d-7e92ffec99a0, NVIDIA A100-SXM4-40GB, 34771, 40960, 0, 55.73, 27
nid001145,2026/05/03 02:03:27.088, 2, GPU-ff858cba-dabb-2e65-f117-e5837cc177a1, NVIDIA A100-SXM4-40GB, 0, 40960, 0, 49.29, 28
nid001145,2026/05/03 02:03:27.090, 3, GPU-f730a11d-647c-a1fa-7b7a-c285f32e3d57, NVIDIA A100-SXM4-40GB, 0, 40960, 0, 49.47, 27
nid001148,2026/05/03 02:03:28.035, 0, GPU-a7c8774f-988d-67a1-6fc7-b550e6084318, NVIDIA A100-SXM4-40GB, 37599, 40960, 100, 128.18, 41
nid001148,2026/05/03 02:03:28.038, 1, GPU-577e60db-d1c2-90d3-5b3f-7c7b324afca4, NVIDIA A100-SXM4-40GB, 36181, 40960, 100, 136.59, 37
nid001148,2026/05/03 02:03:28.041, 2, GPU-f9525f1a-f229-68e0-6d66-e6a80841779c, NVIDIA A100-SXM4-40GB, 36181, 40960, 100, 228.40, 42
nid001148,2026/05/03 02:03:28.043, 3, GPU-8a5d8169-14f6-54ff-6976-dc38563295f4, NVIDIA A100-SXM4-40GB, 37727, 40960, 100, 231.49, 37
nid001145,2026/05/03 02:03:30.989, 0, GPU-8ea6fdc3-f283-452d-c89c-4e954e5e073c, NVIDIA A100-SXM4-40GB, 34771, 40960, 0, 56.91, 29
nid001145,2026/05/03 02:03:30.991, 1, GPU-64cdb16d-faee-8107-c27d-7e92ffec99a0, NVIDIA A100-SXM4-40GB, 34771, 40960, 0, 56.01, 27
nid001145,2026/05/03 02:03:30.992, 2, GPU-ff858cba-dabb-2e65-f117-e5837cc177a1, NVIDIA A100-SXM4-40GB, 0, 40960, 0, 49.29, 28
nid001145,2026/05/03 02:03:30.994, 3, GPU-f730a11d-647c-a1fa-7b7a-c285f32e3d57, NVIDIA A100-SXM4-40GB, 0, 40960, 0, 49.47, 27
nid001148,2026/05/03 02:03:31.958, 0, GPU-a7c8774f-988d-67a1-6fc7-b550e6084318, NVIDIA A100-SXM4-40GB, 37599, 40960, 100, 157.77, 41
nid001148,2026/05/03 02:03:31.961, 1, GPU-577e60db-d1c2-90d3-5b3f-7c7b324afca4, NVIDIA A100-SXM4-40GB, 36181, 40960, 100, 111.27, 37
nid001148,2026/05/03 02:03:31.963, 2, GPU-f9525f1a-f229-68e0-6d66-e6a80841779c, NVIDIA A100-SXM4-40GB, 36181, 40960, 100, 140.51, 42
nid001148,2026/05/03 02:03:31.965, 3, GPU-8a5d8169-14f6-54ff-6976-dc38563295f4, NVIDIA A100-SXM4-40GB, 37727, 40960, 100, 132.33, 37
nid001145,2026/05/03 02:03:34.948, 0, GPU-8ea6fdc3-f283-452d-c89c-4e954e5e073c, NVIDIA A100-SXM4-40GB, 34771, 40960, 0, 56.91, 29
nid001145,2026/05/03 02:03:34.950, 1, GPU-64cdb16d-faee-8107-c27d-7e92ffec99a0, NVIDIA A100-SXM4-40GB, 34771, 40960, 0, 56.01, 27
nid001145,2026/05/03 02:03:34.952, 2, GPU-ff858cba-dabb-2e65-f117-e5837cc177a1, NVIDIA A100-SXM4-40GB, 0, 40960, 0, 49.29, 28
nid001145,2026/05/03 02:03:34.954, 3, GPU-f730a11d-647c-a1fa-7b7a-c285f32e3d57, NVIDIA A100-SXM4-40GB, 0, 40960, 0, 49.47, 27
nid001148,2026/05/03 02:03:35.949, 0, GPU-a7c8774f-988d-67a1-6fc7-b550e6084318, NVIDIA A100-SXM4-40GB, 37599, 40960, 100, 213.35, 41
nid001148,2026/05/03 02:03:35.951, 1, GPU-577e60db-d1c2-90d3-5b3f-7c7b324afca4, NVIDIA A100-SXM4-40GB, 36181, 40960, 100, 148.86, 37
nid001148,2026/05/03 02:03:35.953, 2, GPU-f9525f1a-f229-68e0-6d66-e6a80841779c, NVIDIA A100-SXM4-40GB, 36181, 40960, 100, 120.31, 42
nid001148,2026/05/03 02:03:35.956, 3, GPU-8a5d8169-14f6-54ff-6976-dc38563295f4, NVIDIA A100-SXM4-40GB, 37727, 40960, 100, 119.17, 37
nid001145,2026/05/03 02:03:38.909, 0, GPU-8ea6fdc3-f283-452d-c89c-4e954e5e073c, NVIDIA A100-SXM4-40GB, 34771, 40960, 0, 57.15, 29
nid001145,2026/05/03 02:03:38.911, 1, GPU-64cdb16d-faee-8107-c27d-7e92ffec99a0, NVIDIA A100-SXM4-40GB, 34771, 40960, 0, 56.25, 27
nid001145,2026/05/03 02:03:38.913, 2, GPU-ff858cba-dabb-2e65-f117-e5837cc177a1, NVIDIA A100-SXM4-40GB, 0, 40960, 0, 49.29, 28
nid001145,2026/05/03 02:03:38.915, 3, GPU-f730a11d-647c-a1fa-7b7a-c285f32e3d57, NVIDIA A100-SXM4-40GB, 0, 40960, 0, 49.47, 27
nid001148,2026/05/03 02:03:39.891, 0, GPU-a7c8774f-988d-67a1-6fc7-b550e6084318, NVIDIA A100-SXM4-40GB, 37599, 40960, 100, 135.57, 41
nid001148,2026/05/03 02:03:39.895, 1, GPU-577e60db-d1c2-90d3-5b3f-7c7b324afca4, NVIDIA A100-SXM4-40GB, 36181, 40960, 100, 166.52, 37
nid001148,2026/05/03 02:03:39.897, 2, GPU-f9525f1a-f229-68e0-6d66-e6a80841779c, NVIDIA A100-SXM4-40GB, 36181, 40960, 100, 206.96, 41
nid001148,2026/05/03 02:03:39.899, 3, GPU-8a5d8169-14f6-54ff-6976-dc38563295f4, NVIDIA A100-SXM4-40GB, 37727, 40960, 100, 219.99, 37
nid001145,2026/05/03 02:03:42.864, 0, GPU-8ea6fdc3-f283-452d-c89c-4e954e5e073c, NVIDIA A100-SXM4-40GB, 34771, 40960, 0, 56.91, 29
nid001145,2026/05/03 02:03:42.866, 1, GPU-64cdb16d-faee-8107-c27d-7e92ffec99a0, NVIDIA A100-SXM4-40GB, 34771, 40960, 0, 56.49, 27
nid001145,2026/05/03 02:03:42.868, 2, GPU-ff858cba-dabb-2e65-f117-e5837cc177a1, NVIDIA A100-SXM4-40GB, 0, 40960, 0, 49.29, 28
nid001145,2026/05/03 02:03:42.870, 3, GPU-f730a11d-647c-a1fa-7b7a-c285f32e3d57, NVIDIA A100-SXM4-40GB, 0, 40960, 0, 49.47, 27
nid001148,2026/05/03 02:03:43.782, 0, GPU-a7c8774f-988d-67a1-6fc7-b550e6084318, NVIDIA A100-SXM4-40GB, 37599, 40960, 100, 114.19, 41
nid001148,2026/05/03 02:03:43.791, 1, GPU-577e60db-d1c2-90d3-5b3f-7c7b324afca4, NVIDIA A100-SXM4-40GB, 36181, 40960, 100, 129.92, 37
nid001148,2026/05/03 02:03:43.798, 2, GPU-f9525f1a-f229-68e0-6d66-e6a80841779c, NVIDIA A100-SXM4-40GB, 36181, 40960, 100, 220.99, 42
nid001148,2026/05/03 02:03:43.803, 3, GPU-8a5d8169-14f6-54ff-6976-dc38563295f4, NVIDIA A100-SXM4-40GB, 37727, 40960, 100, 158.86, 37
nid001145,2026/05/03 02:03:46.780, 0, GPU-8ea6fdc3-f283-452d-c89c-4e954e5e073c, NVIDIA A100-SXM4-40GB, 34771, 40960, 0, 57.15, 29
nid001145,2026/05/03 02:03:46.782, 1, GPU-64cdb16d-faee-8107-c27d-7e92ffec99a0, NVIDIA A100-SXM4-40GB, 34771, 40960, 0, 55.73, 27
nid001145,2026/05/03 02:03:46.783, 2, GPU-ff858cba-dabb-2e65-f117-e5837cc177a1, NVIDIA A100-SXM4-40GB, 0, 40960, 0, 49.29, 28
nid001145,2026/05/03 02:03:46.785, 3, GPU-f730a11d-647c-a1fa-7b7a-c285f32e3d57, NVIDIA A100-SXM4-40GB, 0, 40960, 0, 49.47, 27
nid001148,2026/05/03 02:03:47.901, 0, GPU-a7c8774f-988d-67a1-6fc7-b550e6084318, NVIDIA A100-SXM4-40GB, 37599, 40960, 100, 103.59, 40
nid001148,2026/05/03 02:03:47.906, 1, GPU-577e60db-d1c2-90d3-5b3f-7c7b324afca4, NVIDIA A100-SXM4-40GB, 36181, 40960, 100, 100.15, 37
nid001148,2026/05/03 02:03:47.909, 2, GPU-f9525f1a-f229-68e0-6d66-e6a80841779c, NVIDIA A100-SXM4-40GB, 36181, 40960, 100, 192.66, 43
nid001148,2026/05/03 02:03:47.910, 3, GPU-8a5d8169-14f6-54ff-6976-dc38563295f4, NVIDIA A100-SXM4-40GB, 37727, 40960, 91, 475.35, 44
nid001145,2026/05/03 02:03:50.871, 0, GPU-8ea6fdc3-f283-452d-c89c-4e954e5e073c, NVIDIA A100-SXM4-40GB, 34771, 40960, 0, 57.15, 29
nid001145,2026/05/03 02:03:50.873, 1, GPU-64cdb16d-faee-8107-c27d-7e92ffec99a0, NVIDIA A100-SXM4-40GB, 34771, 40960, 0, 55.73, 27
nid001145,2026/05/03 02:03:50.875, 2, GPU-ff858cba-dabb-2e65-f117-e5837cc177a1, NVIDIA A100-SXM4-40GB, 0, 40960, 0, 49.29, 28
nid001145,2026/05/03 02:03:50.881, 3, GPU-f730a11d-647c-a1fa-7b7a-c285f32e3d57, NVIDIA A100-SXM4-40GB, 0, 40960, 0, 49.47, 27
nid001148,2026/05/03 02:03:51.829, 0, GPU-a7c8774f-988d-67a1-6fc7-b550e6084318, NVIDIA A100-SXM4-40GB, 37599, 40960, 100, 193.96, 41
nid001148,2026/05/03 02:03:51.832, 1, GPU-577e60db-d1c2-90d3-5b3f-7c7b324afca4, NVIDIA A100-SXM4-40GB, 36181, 40960, 100, 109.99, 37
nid001148,2026/05/03 02:03:51.834, 2, GPU-f9525f1a-f229-68e0-6d66-e6a80841779c, NVIDIA A100-SXM4-40GB, 36181, 40960, 100, 131.05, 42
nid001148,2026/05/03 02:03:51.837, 3, GPU-8a5d8169-14f6-54ff-6976-dc38563295f4, NVIDIA A100-SXM4-40GB, 37727, 40960, 100, 119.17, 37
nid001145,2026/05/03 02:03:54.811, 0, GPU-8ea6fdc3-f283-452d-c89c-4e954e5e073c, NVIDIA A100-SXM4-40GB, 34771, 40960, 0, 57.15, 29
nid001145,2026/05/03 02:03:54.813, 1, GPU-64cdb16d-faee-8107-c27d-7e92ffec99a0, NVIDIA A100-SXM4-40GB, 34771, 40960, 0, 55.73, 27
nid001145,2026/05/03 02:03:54.814, 2, GPU-ff858cba-dabb-2e65-f117-e5837cc177a1, NVIDIA A100-SXM4-40GB, 0, 40960, 0, 49.29, 28
nid001145,2026/05/03 02:03:54.816, 3, GPU-f730a11d-647c-a1fa-7b7a-c285f32e3d57, NVIDIA A100-SXM4-40GB, 0, 40960, 0, 49.47, 27
nid001148,2026/05/03 02:03:55.785, 0, GPU-a7c8774f-988d-67a1-6fc7-b550e6084318, NVIDIA A100-SXM4-40GB, 37599, 40960, 100, 148.33, 41
nid001148,2026/05/03 02:03:55.789, 1, GPU-577e60db-d1c2-90d3-5b3f-7c7b324afca4, NVIDIA A100-SXM4-40GB, 36181, 40960, 100, 194.93, 37
nid001148,2026/05/03 02:03:55.792, 2, GPU-f9525f1a-f229-68e0-6d66-e6a80841779c, NVIDIA A100-SXM4-40GB, 36181, 40960, 100, 122.12, 42
nid001148,2026/05/03 02:03:55.794, 3, GPU-8a5d8169-14f6-54ff-6976-dc38563295f4, NVIDIA A100-SXM4-40GB, 37727, 40960, 100, 171.41, 37
nid001145,2026/05/03 02:03:58.765, 0, GPU-8ea6fdc3-f283-452d-c89c-4e954e5e073c, NVIDIA A100-SXM4-40GB, 34771, 40960, 0, 57.15, 29
nid001145,2026/05/03 02:03:58.768, 1, GPU-64cdb16d-faee-8107-c27d-7e92ffec99a0, NVIDIA A100-SXM4-40GB, 34771, 40960, 0, 55.73, 27
nid001145,2026/05/03 02:03:58.769, 2, GPU-ff858cba-dabb-2e65-f117-e5837cc177a1, NVIDIA A100-SXM4-40GB, 0, 40960, 0, 49.29, 29
nid001145,2026/05/03 02:03:58.771, 3, GPU-f730a11d-647c-a1fa-7b7a-c285f32e3d57, NVIDIA A100-SXM4-40GB, 0, 40960, 0, 49.47, 27
nid001148,2026/05/03 02:03:59.790, 0, GPU-a7c8774f-988d-67a1-6fc7-b550e6084318, NVIDIA A100-SXM4-40GB, 37599, 40960, 100, 115.95, 41
nid001148,2026/05/03 02:03:59.793, 1, GPU-577e60db-d1c2-90d3-5b3f-7c7b324afca4, NVIDIA A100-SXM4-40GB, 36181, 40960, 100, 143.72, 37
nid001148,2026/05/03 02:03:59.795, 2, GPU-f9525f1a-f229-68e0-6d66-e6a80841779c, NVIDIA A100-SXM4-40GB, 36181, 40960, 100, 196.22, 42
nid001148,2026/05/03 02:03:59.797, 3, GPU-8a5d8169-14f6-54ff-6976-dc38563295f4, NVIDIA A100-SXM4-40GB, 37727, 40960, 100, 170.62, 37
nid001145,2026/05/03 02:04:02.747, 0, GPU-8ea6fdc3-f283-452d-c89c-4e954e5e073c, NVIDIA A100-SXM4-40GB, 34771, 40960, 0, 57.15, 29
nid001145,2026/05/03 02:04:02.749, 1, GPU-64cdb16d-faee-8107-c27d-7e92ffec99a0, NVIDIA A100-SXM4-40GB, 34771, 40960, 0, 55.73, 27
nid001145,2026/05/03 02:04:02.751, 2, GPU-ff858cba-dabb-2e65-f117-e5837cc177a1, NVIDIA A100-SXM4-40GB, 0, 40960, 0, 49.29, 29
nid001145,2026/05/03 02:04:02.753, 3, GPU-f730a11d-647c-a1fa-7b7a-c285f32e3d57, NVIDIA A100-SXM4-40GB, 0, 40960, 0, 49.47, 27
nid001148,2026/05/03 02:04:03.729, 0, GPU-a7c8774f-988d-67a1-6fc7-b550e6084318, NVIDIA A100-SXM4-40GB, 37599, 40960, 100, 125.15, 41
nid001148,2026/05/03 02:04:03.733, 1, GPU-577e60db-d1c2-90d3-5b3f-7c7b324afca4, NVIDIA A100-SXM4-40GB, 36181, 40960, 100, 126.60, 37
nid001148,2026/05/03 02:04:03.735, 2, GPU-f9525f1a-f229-68e0-6d66-e6a80841779c, NVIDIA A100-SXM4-40GB, 36181, 40960, 100, 226.60, 42
nid001148,2026/05/03 02:04:03.736, 3, GPU-8a5d8169-14f6-54ff-6976-dc38563295f4, NVIDIA A100-SXM4-40GB, 37727, 40960, 100, 137.59, 37
nid001145,2026/05/03 02:04:06.720, 0, GPU-8ea6fdc3-f283-452d-c89c-4e954e5e073c, NVIDIA A100-SXM4-40GB, 34771, 40960, 0, 57.15, 29
nid001145,2026/05/03 02:04:06.722, 1, GPU-64cdb16d-faee-8107-c27d-7e92ffec99a0, NVIDIA A100-SXM4-40GB, 34771, 40960, 0, 56.01, 27
nid001145,2026/05/03 02:04:06.723, 2, GPU-ff858cba-dabb-2e65-f117-e5837cc177a1, NVIDIA A100-SXM4-40GB, 0, 40960, 0, 49.29, 29
nid001145,2026/05/03 02:04:06.726, 3, GPU-f730a11d-647c-a1fa-7b7a-c285f32e3d57, NVIDIA A100-SXM4-40GB, 0, 40960, 0, 49.47, 27
nid001148,2026/05/03 02:04:07.655, 0, GPU-a7c8774f-988d-67a1-6fc7-b550e6084318, NVIDIA A100-SXM4-40GB, 37599, 40960, 100, 158.53, 41
nid001148,2026/05/03 02:04:07.659, 1, GPU-577e60db-d1c2-90d3-5b3f-7c7b324afca4, NVIDIA A100-SXM4-40GB, 36181, 40960, 100, 127.35, 37
nid001148,2026/05/03 02:04:07.661, 2, GPU-f9525f1a-f229-68e0-6d66-e6a80841779c, NVIDIA A100-SXM4-40GB, 36181, 40960, 100, 149.21, 42
nid001148,2026/05/03 02:04:07.663, 3, GPU-8a5d8169-14f6-54ff-6976-dc38563295f4, NVIDIA A100-SXM4-40GB, 37727, 40960, 100, 115.07, 37
nid001145,2026/05/03 02:04:10.628, 0, GPU-8ea6fdc3-f283-452d-c89c-4e954e5e073c, NVIDIA A100-SXM4-40GB, 34771, 40960, 0, 57.15, 29
nid001145,2026/05/03 02:04:10.630, 1, GPU-64cdb16d-faee-8107-c27d-7e92ffec99a0, NVIDIA A100-SXM4-40GB, 34771, 40960, 0, 55.73, 27
nid001145,2026/05/03 02:04:10.631, 2, GPU-ff858cba-dabb-2e65-f117-e5837cc177a1, NVIDIA A100-SXM4-40GB, 0, 40960, 0, 49.34, 29
nid001145,2026/05/03 02:04:10.633, 3, GPU-f730a11d-647c-a1fa-7b7a-c285f32e3d57, NVIDIA A100-SXM4-40GB, 0, 40960, 0, 49.47, 27
nid001148,2026/05/03 02:04:11.636, 0, GPU-a7c8774f-988d-67a1-6fc7-b550e6084318, NVIDIA A100-SXM4-40GB, 37599, 40960, 100, 144.19, 41
nid001148,2026/05/03 02:04:11.639, 1, GPU-577e60db-d1c2-90d3-5b3f-7c7b324afca4, NVIDIA A100-SXM4-40GB, 36181, 40960, 100, 218.96, 37
nid001148,2026/05/03 02:04:11.642, 2, GPU-f9525f1a-f229-68e0-6d66-e6a80841779c, NVIDIA A100-SXM4-40GB, 36181, 40960, 100, 121.73, 42
nid001148,2026/05/03 02:04:11.644, 3, GPU-8a5d8169-14f6-54ff-6976-dc38563295f4, NVIDIA A100-SXM4-40GB, 37727, 40960, 100, 174.71, 37
nid001145,2026/05/03 02:04:14.609, 0, GPU-8ea6fdc3-f283-452d-c89c-4e954e5e073c, NVIDIA A100-SXM4-40GB, 34771, 40960, 0, 56.91, 29
nid001145,2026/05/03 02:04:14.611, 1, GPU-64cdb16d-faee-8107-c27d-7e92ffec99a0, NVIDIA A100-SXM4-40GB, 34771, 40960, 0, 55.73, 27
nid001145,2026/05/03 02:04:14.612, 2, GPU-ff858cba-dabb-2e65-f117-e5837cc177a1, NVIDIA A100-SXM4-40GB, 0, 40960, 0, 49.29, 29
nid001145,2026/05/03 02:04:14.614, 3, GPU-f730a11d-647c-a1fa-7b7a-c285f32e3d57, NVIDIA A100-SXM4-40GB, 0, 40960, 0, 49.47, 27
nid001148,2026/05/03 02:04:15.578, 0, GPU-a7c8774f-988d-67a1-6fc7-b550e6084318, NVIDIA A100-SXM4-40GB, 37599, 40960, 100, 111.86, 41
nid001148,2026/05/03 02:04:15.581, 1, GPU-577e60db-d1c2-90d3-5b3f-7c7b324afca4, NVIDIA A100-SXM4-40GB, 36181, 40960, 100, 131.97, 37
nid001148,2026/05/03 02:04:15.583, 2, GPU-f9525f1a-f229-68e0-6d66-e6a80841779c, NVIDIA A100-SXM4-40GB, 36181, 40960, 100, 141.04, 42
nid001148,2026/05/03 02:04:15.585, 3, GPU-8a5d8169-14f6-54ff-6976-dc38563295f4, NVIDIA A100-SXM4-40GB, 37727, 40960, 100, 151.67, 37
nid001145,2026/05/03 02:04:18.538, 0, GPU-8ea6fdc3-f283-452d-c89c-4e954e5e073c, NVIDIA A100-SXM4-40GB, 34771, 40960, 0, 56.91, 29
nid001145,2026/05/03 02:04:18.541, 1, GPU-64cdb16d-faee-8107-c27d-7e92ffec99a0, NVIDIA A100-SXM4-40GB, 34771, 40960, 0, 55.73, 27
nid001145,2026/05/03 02:04:18.543, 2, GPU-ff858cba-dabb-2e65-f117-e5837cc177a1, NVIDIA A100-SXM4-40GB, 0, 40960, 0, 49.29, 29
nid001145,2026/05/03 02:04:18.545, 3, GPU-f730a11d-647c-a1fa-7b7a-c285f32e3d57, NVIDIA A100-SXM4-40GB, 0, 40960, 0, 49.47, 27
nid001148,2026/05/03 02:04:19.487, 0, GPU-a7c8774f-988d-67a1-6fc7-b550e6084318, NVIDIA A100-SXM4-40GB, 37599, 40960, 100, 164.65, 41
nid001148,2026/05/03 02:04:19.490, 1, GPU-577e60db-d1c2-90d3-5b3f-7c7b324afca4, NVIDIA A100-SXM4-40GB, 36181, 40960, 100, 126.11, 37
nid001148,2026/05/03 02:04:19.495, 2, GPU-f9525f1a-f229-68e0-6d66-e6a80841779c, NVIDIA A100-SXM4-40GB, 36181, 40960, 100, 140.27, 41
nid001148,2026/05/03 02:04:19.497, 3, GPU-8a5d8169-14f6-54ff-6976-dc38563295f4, NVIDIA A100-SXM4-40GB, 37727, 40960, 100, 138.11, 38
nid001145,2026/05/03 02:04:22.447, 0, GPU-8ea6fdc3-f283-452d-c89c-4e954e5e073c, NVIDIA A100-SXM4-40GB, 34771, 40960, 0, 57.15, 29
nid001145,2026/05/03 02:04:22.449, 1, GPU-64cdb16d-faee-8107-c27d-7e92ffec99a0, NVIDIA A100-SXM4-40GB, 34771, 40960, 0, 56.01, 27
nid001145,2026/05/03 02:04:22.450, 2, GPU-ff858cba-dabb-2e65-f117-e5837cc177a1, NVIDIA A100-SXM4-40GB, 0, 40960, 0, 49.29, 29
nid001145,2026/05/03 02:04:22.453, 3, GPU-f730a11d-647c-a1fa-7b7a-c285f32e3d57, NVIDIA A100-SXM4-40GB, 0, 40960, 0, 49.47, 27
nid001148,2026/05/03 02:04:23.396, 0, GPU-a7c8774f-988d-67a1-6fc7-b550e6084318, NVIDIA A100-SXM4-40GB, 37599, 40960, 100, 297.36, 48
nid001148,2026/05/03 02:04:23.398, 1, GPU-577e60db-d1c2-90d3-5b3f-7c7b324afca4, NVIDIA A100-SXM4-40GB, 36181, 40960, 100, 101.56, 36
nid001148,2026/05/03 02:04:23.402, 2, GPU-f9525f1a-f229-68e0-6d66-e6a80841779c, NVIDIA A100-SXM4-40GB, 36181, 40960, 100, 105.87, 41
nid001148,2026/05/03 02:04:23.404, 3, GPU-8a5d8169-14f6-54ff-6976-dc38563295f4, NVIDIA A100-SXM4-40GB, 37727, 40960, 78, 104.24, 36
nid001145,2026/05/03 02:04:26.376, 0, GPU-8ea6fdc3-f283-452d-c89c-4e954e5e073c, NVIDIA A100-SXM4-40GB, 34771, 40960, 0, 56.91, 29
nid001145,2026/05/03 02:04:26.378, 1, GPU-64cdb16d-faee-8107-c27d-7e92ffec99a0, NVIDIA A100-SXM4-40GB, 34771, 40960, 0, 56.01, 27
nid001145,2026/05/03 02:04:26.379, 2, GPU-ff858cba-dabb-2e65-f117-e5837cc177a1, NVIDIA A100-SXM4-40GB, 0, 40960, 0, 49.29, 29
nid001145,2026/05/03 02:04:26.381, 3, GPU-f730a11d-647c-a1fa-7b7a-c285f32e3d57, NVIDIA A100-SXM4-40GB, 0, 40960, 0, 49.47, 27
nid001148,2026/05/03 02:04:27.359, 0, GPU-a7c8774f-988d-67a1-6fc7-b550e6084318, NVIDIA A100-SXM4-40GB, 37599, 40960, 100, 154.21, 41
nid001148,2026/05/03 02:04:27.362, 1, GPU-577e60db-d1c2-90d3-5b3f-7c7b324afca4, NVIDIA A100-SXM4-40GB, 36181, 40960, 100, 182.37, 37
nid001148,2026/05/03 02:04:27.363, 2, GPU-f9525f1a-f229-68e0-6d66-e6a80841779c, NVIDIA A100-SXM4-40GB, 36181, 40960, 100, 154.58, 42
nid001148,2026/05/03 02:04:27.368, 3, GPU-8a5d8169-14f6-54ff-6976-dc38563295f4, NVIDIA A100-SXM4-40GB, 37727, 40960, 100, 219.73, 37
nid001145,2026/05/03 02:04:30.324, 0, GPU-8ea6fdc3-f283-452d-c89c-4e954e5e073c, NVIDIA A100-SXM4-40GB, 34771, 40960, 0, 56.91, 29
nid001145,2026/05/03 02:04:30.326, 1, GPU-64cdb16d-faee-8107-c27d-7e92ffec99a0, NVIDIA A100-SXM4-40GB, 34771, 40960, 0, 56.01, 27
nid001145,2026/05/03 02:04:30.328, 2, GPU-ff858cba-dabb-2e65-f117-e5837cc177a1, NVIDIA A100-SXM4-40GB, 0, 40960, 0, 49.29, 29
nid001145,2026/05/03 02:04:30.330, 3, GPU-f730a11d-647c-a1fa-7b7a-c285f32e3d57, NVIDIA A100-SXM4-40GB, 0, 40960, 0, 49.47, 27
nid001148,2026/05/03 02:04:31.285, 0, GPU-a7c8774f-988d-67a1-6fc7-b550e6084318, NVIDIA A100-SXM4-40GB, 37599, 40960, 0, 102.67, 39
nid001148,2026/05/03 02:04:31.288, 1, GPU-577e60db-d1c2-90d3-5b3f-7c7b324afca4, NVIDIA A100-SXM4-40GB, 36181, 40960, 0, 100.75, 35
nid001148,2026/05/03 02:04:31.290, 2, GPU-f9525f1a-f229-68e0-6d66-e6a80841779c, NVIDIA A100-SXM4-40GB, 36181, 40960, 0, 103.96, 40
nid001148,2026/05/03 02:04:31.291, 3, GPU-8a5d8169-14f6-54ff-6976-dc38563295f4, NVIDIA A100-SXM4-40GB, 37727, 40960, 0, 103.56, 35
