host,timestamp,gpu_index,uuid,name,memory_used_mb,memory_total_mb,gpu_util_percent,power_watts,temp_c
nid008352,2026/05/03 15:42:11.997, 0, GPU-c8e590fe-c1df-fb38-7bf3-9ed4364cf576, NVIDIA A100-SXM4-80GB, 73933, 81920, 0, 114.07, 33
nid008352,2026/05/03 15:42:12.000, 1, GPU-5efb5c1d-1cd8-daca-bd51-2f30d62f6e1e, NVIDIA A100-SXM4-80GB, 73911, 81920, 0, 113.27, 31
nid008352,2026/05/03 15:42:12.002, 2, GPU-1d24ec01-d8bb-a3cf-73c2-7d6014d1dd4d, NVIDIA A100-SXM4-80GB, 73911, 81920, 0, 116.81, 33
nid008352,2026/05/03 15:42:12.004, 3, GPU-689a6e7c-a622-65fb-9f4d-887ba745f660, NVIDIA A100-SXM4-80GB, 73911, 81920, 0, 111.39, 32
nid008353,2026/05/03 15:42:12.858, 0, GPU-3ad85384-e7dd-8c9b-13da-56f54bf334d9, NVIDIA A100-SXM4-80GB, 74693, 81920, 0, 111.01, 33
nid008353,2026/05/03 15:42:12.864, 1, GPU-3d65dc3f-116a-1dd4-937c-6e4481a765b5, NVIDIA A100-SXM4-80GB, 74683, 81920, 0, 112.89, 31
nid008353,2026/05/03 15:42:12.865, 2, GPU-338e4806-c72e-e37a-4798-dc47c2f2de03, NVIDIA A100-SXM4-80GB, 74683, 81920, 0, 115.13, 34
nid008353,2026/05/03 15:42:12.867, 3, GPU-fec40d98-ea80-e220-a49c-31ccab4741af, NVIDIA A100-SXM4-80GB, 74683, 81920, 0, 110.74, 31
nid008352,2026/05/03 15:42:15.784, 0, GPU-c8e590fe-c1df-fb38-7bf3-9ed4364cf576, NVIDIA A100-SXM4-80GB, 73933, 81920, 0, 114.34, 34
nid008352,2026/05/03 15:42:15.787, 1, GPU-5efb5c1d-1cd8-daca-bd51-2f30d62f6e1e, NVIDIA A100-SXM4-80GB, 73911, 81920, 0, 113.12, 31
nid008352,2026/05/03 15:42:15.789, 2, GPU-1d24ec01-d8bb-a3cf-73c2-7d6014d1dd4d, NVIDIA A100-SXM4-80GB, 73911, 81920, 0, 116.81, 33
nid008352,2026/05/03 15:42:15.790, 3, GPU-689a6e7c-a622-65fb-9f4d-887ba745f660, NVIDIA A100-SXM4-80GB, 73911, 81920, 0, 111.53, 32
nid008353,2026/05/03 15:42:16.629, 0, GPU-3ad85384-e7dd-8c9b-13da-56f54bf334d9, NVIDIA A100-SXM4-80GB, 74693, 81920, 0, 111.14, 33
nid008353,2026/05/03 15:42:16.632, 1, GPU-3d65dc3f-116a-1dd4-937c-6e4481a765b5, NVIDIA A100-SXM4-80GB, 74683, 81920, 0, 112.75, 31
nid008353,2026/05/03 15:42:16.633, 2, GPU-338e4806-c72e-e37a-4798-dc47c2f2de03, NVIDIA A100-SXM4-80GB, 74683, 81920, 0, 114.98, 34
nid008353,2026/05/03 15:42:16.635, 3, GPU-fec40d98-ea80-e220-a49c-31ccab4741af, NVIDIA A100-SXM4-80GB, 74683, 81920, 0, 110.87, 31
nid008352,2026/05/03 15:42:19.500, 0, GPU-c8e590fe-c1df-fb38-7bf3-9ed4364cf576, NVIDIA A100-SXM4-80GB, 73933, 81920, 0, 114.34, 34
nid008352,2026/05/03 15:42:19.507, 1, GPU-5efb5c1d-1cd8-daca-bd51-2f30d62f6e1e, NVIDIA A100-SXM4-80GB, 73911, 81920, 0, 113.41, 31
nid008352,2026/05/03 15:42:19.511, 2, GPU-1d24ec01-d8bb-a3cf-73c2-7d6014d1dd4d, NVIDIA A100-SXM4-80GB, 73911, 81920, 0, 116.57, 33
nid008352,2026/05/03 15:42:19.517, 3, GPU-689a6e7c-a622-65fb-9f4d-887ba745f660, NVIDIA A100-SXM4-80GB, 73911, 81920, 0, 111.53, 32
nid008353,2026/05/03 15:42:20.362, 0, GPU-3ad85384-e7dd-8c9b-13da-56f54bf334d9, NVIDIA A100-SXM4-80GB, 74693, 81920, 0, 111.14, 33
nid008353,2026/05/03 15:42:20.365, 1, GPU-3d65dc3f-116a-1dd4-937c-6e4481a765b5, NVIDIA A100-SXM4-80GB, 74683, 81920, 0, 112.75, 31
nid008353,2026/05/03 15:42:20.367, 2, GPU-338e4806-c72e-e37a-4798-dc47c2f2de03, NVIDIA A100-SXM4-80GB, 74683, 81920, 0, 114.85, 34
nid008353,2026/05/03 15:42:20.368, 3, GPU-fec40d98-ea80-e220-a49c-31ccab4741af, NVIDIA A100-SXM4-80GB, 74683, 81920, 0, 110.87, 32
nid008352,2026/05/03 15:42:23.234, 0, GPU-c8e590fe-c1df-fb38-7bf3-9ed4364cf576, NVIDIA A100-SXM4-80GB, 73933, 81920, 0, 113.00, 34
nid008352,2026/05/03 15:42:23.236, 1, GPU-5efb5c1d-1cd8-daca-bd51-2f30d62f6e1e, NVIDIA A100-SXM4-80GB, 73911, 81920, 0, 113.12, 31
nid008352,2026/05/03 15:42:23.238, 2, GPU-1d24ec01-d8bb-a3cf-73c2-7d6014d1dd4d, NVIDIA A100-SXM4-80GB, 73911, 81920, 0, 116.94, 33
nid008352,2026/05/03 15:42:23.239, 3, GPU-689a6e7c-a622-65fb-9f4d-887ba745f660, NVIDIA A100-SXM4-80GB, 73911, 81920, 0, 111.66, 32
nid008353,2026/05/03 15:42:24.060, 0, GPU-3ad85384-e7dd-8c9b-13da-56f54bf334d9, NVIDIA A100-SXM4-80GB, 74693, 81920, 0, 111.14, 33
nid008353,2026/05/03 15:42:24.065, 1, GPU-3d65dc3f-116a-1dd4-937c-6e4481a765b5, NVIDIA A100-SXM4-80GB, 74683, 81920, 0, 112.99, 31
nid008353,2026/05/03 15:42:24.067, 2, GPU-338e4806-c72e-e37a-4798-dc47c2f2de03, NVIDIA A100-SXM4-80GB, 74683, 81920, 0, 115.13, 34
nid008353,2026/05/03 15:42:24.068, 3, GPU-fec40d98-ea80-e220-a49c-31ccab4741af, NVIDIA A100-SXM4-80GB, 74683, 81920, 0, 110.74, 32
nid008352,2026/05/03 15:42:26.963, 0, GPU-c8e590fe-c1df-fb38-7bf3-9ed4364cf576, NVIDIA A100-SXM4-80GB, 73933, 81920, 0, 114.20, 34
nid008352,2026/05/03 15:42:26.969, 1, GPU-5efb5c1d-1cd8-daca-bd51-2f30d62f6e1e, NVIDIA A100-SXM4-80GB, 73911, 81920, 0, 113.26, 31
nid008352,2026/05/03 15:42:26.973, 2, GPU-1d24ec01-d8bb-a3cf-73c2-7d6014d1dd4d, NVIDIA A100-SXM4-80GB, 73911, 81920, 0, 116.81, 33
nid008352,2026/05/03 15:42:26.979, 3, GPU-689a6e7c-a622-65fb-9f4d-887ba745f660, NVIDIA A100-SXM4-80GB, 73911, 81920, 0, 111.39, 32
nid008353,2026/05/03 15:42:27.844, 0, GPU-3ad85384-e7dd-8c9b-13da-56f54bf334d9, NVIDIA A100-SXM4-80GB, 74693, 81920, 0, 111.27, 33
nid008353,2026/05/03 15:42:27.846, 1, GPU-3d65dc3f-116a-1dd4-937c-6e4481a765b5, NVIDIA A100-SXM4-80GB, 74683, 81920, 0, 112.89, 31
nid008353,2026/05/03 15:42:27.848, 2, GPU-338e4806-c72e-e37a-4798-dc47c2f2de03, NVIDIA A100-SXM4-80GB, 74683, 81920, 0, 115.13, 34
nid008353,2026/05/03 15:42:27.850, 3, GPU-fec40d98-ea80-e220-a49c-31ccab4741af, NVIDIA A100-SXM4-80GB, 74683, 81920, 0, 110.87, 32
nid008352,2026/05/03 15:42:30.698, 0, GPU-c8e590fe-c1df-fb38-7bf3-9ed4364cf576, NVIDIA A100-SXM4-80GB, 73933, 81920, 0, 113.11, 34
nid008352,2026/05/03 15:42:30.701, 1, GPU-5efb5c1d-1cd8-daca-bd51-2f30d62f6e1e, NVIDIA A100-SXM4-80GB, 73911, 81920, 0, 113.12, 31
nid008352,2026/05/03 15:42:30.702, 2, GPU-1d24ec01-d8bb-a3cf-73c2-7d6014d1dd4d, NVIDIA A100-SXM4-80GB, 73911, 81920, 0, 116.81, 33
nid008352,2026/05/03 15:42:30.703, 3, GPU-689a6e7c-a622-65fb-9f4d-887ba745f660, NVIDIA A100-SXM4-80GB, 73911, 81920, 0, 111.53, 32
nid008353,2026/05/03 15:42:31.521, 0, GPU-3ad85384-e7dd-8c9b-13da-56f54bf334d9, NVIDIA A100-SXM4-80GB, 74693, 81920, 0, 111.14, 33
nid008353,2026/05/03 15:42:31.524, 1, GPU-3d65dc3f-116a-1dd4-937c-6e4481a765b5, NVIDIA A100-SXM4-80GB, 74683, 81920, 0, 112.89, 31
nid008353,2026/05/03 15:42:31.525, 2, GPU-338e4806-c72e-e37a-4798-dc47c2f2de03, NVIDIA A100-SXM4-80GB, 74683, 81920, 0, 115.13, 34
nid008353,2026/05/03 15:42:31.527, 3, GPU-fec40d98-ea80-e220-a49c-31ccab4741af, NVIDIA A100-SXM4-80GB, 74683, 81920, 0, 110.87, 32
nid008352,2026/05/03 15:42:34.401, 0, GPU-c8e590fe-c1df-fb38-7bf3-9ed4364cf576, NVIDIA A100-SXM4-80GB, 74039, 81920, 0, 115.76, 34
nid008352,2026/05/03 15:42:34.404, 1, GPU-5efb5c1d-1cd8-daca-bd51-2f30d62f6e1e, NVIDIA A100-SXM4-80GB, 73963, 81920, 58, 114.61, 31
nid008352,2026/05/03 15:42:34.405, 2, GPU-1d24ec01-d8bb-a3cf-73c2-7d6014d1dd4d, NVIDIA A100-SXM4-80GB, 73963, 81920, 0, 116.67, 33
nid008352,2026/05/03 15:42:34.407, 3, GPU-689a6e7c-a622-65fb-9f4d-887ba745f660, NVIDIA A100-SXM4-80GB, 73963, 81920, 0, 111.53, 32
nid008353,2026/05/03 15:42:35.244, 0, GPU-3ad85384-e7dd-8c9b-13da-56f54bf334d9, NVIDIA A100-SXM4-80GB, 74709, 81920, 0, 111.01, 33
nid008353,2026/05/03 15:42:35.247, 1, GPU-3d65dc3f-116a-1dd4-937c-6e4481a765b5, NVIDIA A100-SXM4-80GB, 74699, 81920, 0, 112.89, 31
nid008353,2026/05/03 15:42:35.248, 2, GPU-338e4806-c72e-e37a-4798-dc47c2f2de03, NVIDIA A100-SXM4-80GB, 74699, 81920, 0, 115.13, 34
nid008353,2026/05/03 15:42:35.250, 3, GPU-fec40d98-ea80-e220-a49c-31ccab4741af, NVIDIA A100-SXM4-80GB, 74699, 81920, 0, 110.74, 32
nid008352,2026/05/03 15:42:38.153, 0, GPU-c8e590fe-c1df-fb38-7bf3-9ed4364cf576, NVIDIA A100-SXM4-80GB, 74039, 81920, 0, 114.20, 34
nid008352,2026/05/03 15:42:38.156, 1, GPU-5efb5c1d-1cd8-daca-bd51-2f30d62f6e1e, NVIDIA A100-SXM4-80GB, 73963, 81920, 0, 113.12, 31
nid008352,2026/05/03 15:42:38.158, 2, GPU-1d24ec01-d8bb-a3cf-73c2-7d6014d1dd4d, NVIDIA A100-SXM4-80GB, 73963, 81920, 0, 116.67, 33
nid008352,2026/05/03 15:42:38.159, 3, GPU-689a6e7c-a622-65fb-9f4d-887ba745f660, NVIDIA A100-SXM4-80GB, 73963, 81920, 0, 111.68, 32
nid008353,2026/05/03 15:42:39.016, 0, GPU-3ad85384-e7dd-8c9b-13da-56f54bf334d9, NVIDIA A100-SXM4-80GB, 74709, 81920, 0, 111.14, 33
nid008353,2026/05/03 15:42:39.023, 1, GPU-3d65dc3f-116a-1dd4-937c-6e4481a765b5, NVIDIA A100-SXM4-80GB, 74699, 81920, 0, 112.75, 31
nid008353,2026/05/03 15:42:39.028, 2, GPU-338e4806-c72e-e37a-4798-dc47c2f2de03, NVIDIA A100-SXM4-80GB, 74699, 81920, 0, 115.13, 34
nid008353,2026/05/03 15:42:39.032, 3, GPU-fec40d98-ea80-e220-a49c-31ccab4741af, NVIDIA A100-SXM4-80GB, 74699, 81920, 0, 110.87, 32
nid008352,2026/05/03 15:42:41.902, 0, GPU-c8e590fe-c1df-fb38-7bf3-9ed4364cf576, NVIDIA A100-SXM4-80GB, 74039, 81920, 0, 114.20, 34
nid008352,2026/05/03 15:42:41.905, 1, GPU-5efb5c1d-1cd8-daca-bd51-2f30d62f6e1e, NVIDIA A100-SXM4-80GB, 73963, 81920, 0, 113.12, 31
nid008352,2026/05/03 15:42:41.906, 2, GPU-1d24ec01-d8bb-a3cf-73c2-7d6014d1dd4d, NVIDIA A100-SXM4-80GB, 73963, 81920, 0, 116.81, 33
nid008352,2026/05/03 15:42:41.908, 3, GPU-689a6e7c-a622-65fb-9f4d-887ba745f660, NVIDIA A100-SXM4-80GB, 73963, 81920, 0, 111.53, 32
nid008353,2026/05/03 15:42:42.766, 0, GPU-3ad85384-e7dd-8c9b-13da-56f54bf334d9, NVIDIA A100-SXM4-80GB, 74709, 81920, 0, 111.14, 33
nid008353,2026/05/03 15:42:42.768, 1, GPU-3d65dc3f-116a-1dd4-937c-6e4481a765b5, NVIDIA A100-SXM4-80GB, 74699, 81920, 0, 112.99, 31
nid008353,2026/05/03 15:42:42.770, 2, GPU-338e4806-c72e-e37a-4798-dc47c2f2de03, NVIDIA A100-SXM4-80GB, 74699, 81920, 0, 114.98, 34
nid008353,2026/05/03 15:42:42.771, 3, GPU-fec40d98-ea80-e220-a49c-31ccab4741af, NVIDIA A100-SXM4-80GB, 74699, 81920, 0, 110.74, 32
nid008352,2026/05/03 15:42:45.655, 0, GPU-c8e590fe-c1df-fb38-7bf3-9ed4364cf576, NVIDIA A100-SXM4-80GB, 74039, 81920, 0, 114.20, 34
nid008352,2026/05/03 15:42:45.658, 1, GPU-5efb5c1d-1cd8-daca-bd51-2f30d62f6e1e, NVIDIA A100-SXM4-80GB, 73963, 81920, 0, 113.27, 31
nid008352,2026/05/03 15:42:45.660, 2, GPU-1d24ec01-d8bb-a3cf-73c2-7d6014d1dd4d, NVIDIA A100-SXM4-80GB, 73963, 81920, 0, 116.81, 34
nid008352,2026/05/03 15:42:45.662, 3, GPU-689a6e7c-a622-65fb-9f4d-887ba745f660, NVIDIA A100-SXM4-80GB, 73963, 81920, 0, 111.53, 32
nid008353,2026/05/03 15:42:46.537, 0, GPU-3ad85384-e7dd-8c9b-13da-56f54bf334d9, NVIDIA A100-SXM4-80GB, 74709, 81920, 0, 111.14, 33
nid008353,2026/05/03 15:42:46.540, 1, GPU-3d65dc3f-116a-1dd4-937c-6e4481a765b5, NVIDIA A100-SXM4-80GB, 74699, 81920, 0, 112.89, 31
nid008353,2026/05/03 15:42:46.542, 2, GPU-338e4806-c72e-e37a-4798-dc47c2f2de03, NVIDIA A100-SXM4-80GB, 74699, 81920, 0, 115.13, 34
nid008353,2026/05/03 15:42:46.543, 3, GPU-fec40d98-ea80-e220-a49c-31ccab4741af, NVIDIA A100-SXM4-80GB, 74699, 81920, 0, 110.87, 32
nid008352,2026/05/03 15:42:49.426, 0, GPU-c8e590fe-c1df-fb38-7bf3-9ed4364cf576, NVIDIA A100-SXM4-80GB, 74039, 81920, 0, 114.20, 34
nid008352,2026/05/03 15:42:49.433, 1, GPU-5efb5c1d-1cd8-daca-bd51-2f30d62f6e1e, NVIDIA A100-SXM4-80GB, 73963, 81920, 0, 113.12, 31
nid008352,2026/05/03 15:42:49.441, 2, GPU-1d24ec01-d8bb-a3cf-73c2-7d6014d1dd4d, NVIDIA A100-SXM4-80GB, 73963, 81920, 0, 116.81, 34
nid008352,2026/05/03 15:42:49.447, 3, GPU-689a6e7c-a622-65fb-9f4d-887ba745f660, NVIDIA A100-SXM4-80GB, 73963, 81920, 0, 111.39, 32
nid008353,2026/05/03 15:42:50.293, 0, GPU-3ad85384-e7dd-8c9b-13da-56f54bf334d9, NVIDIA A100-SXM4-80GB, 74709, 81920, 0, 111.29, 33
nid008353,2026/05/03 15:42:50.295, 1, GPU-3d65dc3f-116a-1dd4-937c-6e4481a765b5, NVIDIA A100-SXM4-80GB, 74699, 81920, 0, 112.75, 31
nid008353,2026/05/03 15:42:50.300, 2, GPU-338e4806-c72e-e37a-4798-dc47c2f2de03, NVIDIA A100-SXM4-80GB, 74699, 81920, 0, 115.13, 34
nid008353,2026/05/03 15:42:50.302, 3, GPU-fec40d98-ea80-e220-a49c-31ccab4741af, NVIDIA A100-SXM4-80GB, 74699, 81920, 0, 110.87, 32
nid008352,2026/05/03 15:42:53.165, 0, GPU-c8e590fe-c1df-fb38-7bf3-9ed4364cf576, NVIDIA A100-SXM4-80GB, 74039, 81920, 0, 114.20, 34
nid008352,2026/05/03 15:42:53.171, 1, GPU-5efb5c1d-1cd8-daca-bd51-2f30d62f6e1e, NVIDIA A100-SXM4-80GB, 74019, 81920, 100, 114.98, 31
nid008352,2026/05/03 15:42:53.176, 2, GPU-1d24ec01-d8bb-a3cf-73c2-7d6014d1dd4d, NVIDIA A100-SXM4-80GB, 74019, 81920, 45, 118.41, 34
nid008352,2026/05/03 15:42:53.180, 3, GPU-689a6e7c-a622-65fb-9f4d-887ba745f660, NVIDIA A100-SXM4-80GB, 73963, 81920, 0, 111.39, 32
nid008353,2026/05/03 15:42:54.035, 0, GPU-3ad85384-e7dd-8c9b-13da-56f54bf334d9, NVIDIA A100-SXM4-80GB, 74709, 81920, 0, 111.14, 33
nid008353,2026/05/03 15:42:54.041, 1, GPU-3d65dc3f-116a-1dd4-937c-6e4481a765b5, NVIDIA A100-SXM4-80GB, 74699, 81920, 0, 112.75, 31
nid008353,2026/05/03 15:42:54.045, 2, GPU-338e4806-c72e-e37a-4798-dc47c2f2de03, NVIDIA A100-SXM4-80GB, 74699, 81920, 0, 115.13, 34
nid008353,2026/05/03 15:42:54.051, 3, GPU-fec40d98-ea80-e220-a49c-31ccab4741af, NVIDIA A100-SXM4-80GB, 74699, 81920, 0, 110.87, 32
nid008352,2026/05/03 15:42:56.947, 0, GPU-c8e590fe-c1df-fb38-7bf3-9ed4364cf576, NVIDIA A100-SXM4-80GB, 74197, 81920, 66, 114.05, 34
nid008352,2026/05/03 15:42:56.949, 1, GPU-5efb5c1d-1cd8-daca-bd51-2f30d62f6e1e, NVIDIA A100-SXM4-80GB, 74129, 81920, 56, 112.89, 31
nid008352,2026/05/03 15:42:56.951, 2, GPU-1d24ec01-d8bb-a3cf-73c2-7d6014d1dd4d, NVIDIA A100-SXM4-80GB, 74129, 81920, 0, 116.28, 34
nid008352,2026/05/03 15:42:56.953, 3, GPU-689a6e7c-a622-65fb-9f4d-887ba745f660, NVIDIA A100-SXM4-80GB, 74129, 81920, 71, 111.29, 32
nid008353,2026/05/03 15:42:57.918, 0, GPU-3ad85384-e7dd-8c9b-13da-56f54bf334d9, NVIDIA A100-SXM4-80GB, 74901, 81920, 79, 111.66, 34
nid008353,2026/05/03 15:42:57.920, 1, GPU-3d65dc3f-116a-1dd4-937c-6e4481a765b5, NVIDIA A100-SXM4-80GB, 74891, 81920, 4, 113.41, 32
nid008353,2026/05/03 15:42:57.922, 2, GPU-338e4806-c72e-e37a-4798-dc47c2f2de03, NVIDIA A100-SXM4-80GB, 74891, 81920, 96, 115.51, 34
nid008353,2026/05/03 15:42:57.927, 3, GPU-fec40d98-ea80-e220-a49c-31ccab4741af, NVIDIA A100-SXM4-80GB, 74891, 81920, 58, 111.40, 32
nid008352,2026/05/03 15:43:00.821, 0, GPU-c8e590fe-c1df-fb38-7bf3-9ed4364cf576, NVIDIA A100-SXM4-80GB, 74197, 81920, 28, 116.28, 34
nid008352,2026/05/03 15:43:00.824, 1, GPU-5efb5c1d-1cd8-daca-bd51-2f30d62f6e1e, NVIDIA A100-SXM4-80GB, 74129, 81920, 9, 116.31, 31
nid008352,2026/05/03 15:43:00.826, 2, GPU-1d24ec01-d8bb-a3cf-73c2-7d6014d1dd4d, NVIDIA A100-SXM4-80GB, 74129, 81920, 0, 116.81, 34
nid008352,2026/05/03 15:43:00.827, 3, GPU-689a6e7c-a622-65fb-9f4d-887ba745f660, NVIDIA A100-SXM4-80GB, 74129, 81920, 0, 111.39, 32
nid008353,2026/05/03 15:43:01.661, 0, GPU-3ad85384-e7dd-8c9b-13da-56f54bf334d9, NVIDIA A100-SXM4-80GB, 74901, 81920, 52, 111.66, 34
nid008353,2026/05/03 15:43:01.669, 1, GPU-3d65dc3f-116a-1dd4-937c-6e4481a765b5, NVIDIA A100-SXM4-80GB, 74891, 81920, 0, 113.41, 32
nid008353,2026/05/03 15:43:01.670, 2, GPU-338e4806-c72e-e37a-4798-dc47c2f2de03, NVIDIA A100-SXM4-80GB, 74891, 81920, 4, 115.65, 34
nid008353,2026/05/03 15:43:01.672, 3, GPU-fec40d98-ea80-e220-a49c-31ccab4741af, NVIDIA A100-SXM4-80GB, 74891, 81920, 31, 111.40, 32
nid008352,2026/05/03 15:43:04.545, 0, GPU-c8e590fe-c1df-fb38-7bf3-9ed4364cf576, NVIDIA A100-SXM4-80GB, 74197, 81920, 32, 113.91, 34
nid008352,2026/05/03 15:43:04.548, 1, GPU-5efb5c1d-1cd8-daca-bd51-2f30d62f6e1e, NVIDIA A100-SXM4-80GB, 74129, 81920, 56, 112.99, 31
nid008352,2026/05/03 15:43:04.552, 2, GPU-1d24ec01-d8bb-a3cf-73c2-7d6014d1dd4d, NVIDIA A100-SXM4-80GB, 74129, 81920, 21, 116.57, 34
nid008352,2026/05/03 15:43:04.553, 3, GPU-689a6e7c-a622-65fb-9f4d-887ba745f660, NVIDIA A100-SXM4-80GB, 74129, 81920, 0, 111.16, 32
nid008353,2026/05/03 15:43:05.382, 0, GPU-3ad85384-e7dd-8c9b-13da-56f54bf334d9, NVIDIA A100-SXM4-80GB, 74901, 81920, 68, 111.53, 34
nid008353,2026/05/03 15:43:05.385, 1, GPU-3d65dc3f-116a-1dd4-937c-6e4481a765b5, NVIDIA A100-SXM4-80GB, 74891, 81920, 38, 113.80, 32
nid008353,2026/05/03 15:43:05.386, 2, GPU-338e4806-c72e-e37a-4798-dc47c2f2de03, NVIDIA A100-SXM4-80GB, 74891, 81920, 10, 117.22, 35
nid008353,2026/05/03 15:43:05.388, 3, GPU-fec40d98-ea80-e220-a49c-31ccab4741af, NVIDIA A100-SXM4-80GB, 74891, 81920, 81, 111.92, 32
nid008352,2026/05/03 15:43:08.302, 0, GPU-c8e590fe-c1df-fb38-7bf3-9ed4364cf576, NVIDIA A100-SXM4-80GB, 74197, 81920, 73, 113.39, 34
nid008352,2026/05/03 15:43:08.304, 1, GPU-5efb5c1d-1cd8-daca-bd51-2f30d62f6e1e, NVIDIA A100-SXM4-80GB, 74129, 81920, 83, 116.83, 31
nid008352,2026/05/03 15:43:08.306, 2, GPU-1d24ec01-d8bb-a3cf-73c2-7d6014d1dd4d, NVIDIA A100-SXM4-80GB, 74129, 81920, 82, 117.09, 34
nid008352,2026/05/03 15:43:08.307, 3, GPU-689a6e7c-a622-65fb-9f4d-887ba745f660, NVIDIA A100-SXM4-80GB, 74129, 81920, 33, 111.81, 32
nid008353,2026/05/03 15:43:09.175, 0, GPU-3ad85384-e7dd-8c9b-13da-56f54bf334d9, NVIDIA A100-SXM4-80GB, 74901, 81920, 93, 113.38, 34
nid008353,2026/05/03 15:43:09.177, 1, GPU-3d65dc3f-116a-1dd4-937c-6e4481a765b5, NVIDIA A100-SXM4-80GB, 74891, 81920, 47, 115.13, 32
nid008353,2026/05/03 15:43:09.179, 2, GPU-338e4806-c72e-e37a-4798-dc47c2f2de03, NVIDIA A100-SXM4-80GB, 74891, 81920, 3, 121.74, 35
nid008353,2026/05/03 15:43:09.180, 3, GPU-fec40d98-ea80-e220-a49c-31ccab4741af, NVIDIA A100-SXM4-80GB, 74891, 81920, 71, 113.12, 32
nid008352,2026/05/03 15:43:12.055, 0, GPU-c8e590fe-c1df-fb38-7bf3-9ed4364cf576, NVIDIA A100-SXM4-80GB, 74197, 81920, 32, 132.39, 34
nid008352,2026/05/03 15:43:12.058, 1, GPU-5efb5c1d-1cd8-daca-bd51-2f30d62f6e1e, NVIDIA A100-SXM4-80GB, 74129, 81920, 46, 117.12, 31
nid008352,2026/05/03 15:43:12.059, 2, GPU-1d24ec01-d8bb-a3cf-73c2-7d6014d1dd4d, NVIDIA A100-SXM4-80GB, 74129, 81920, 34, 127.65, 34
nid008352,2026/05/03 15:43:12.061, 3, GPU-689a6e7c-a622-65fb-9f4d-887ba745f660, NVIDIA A100-SXM4-80GB, 74129, 81920, 76, 116.85, 32
nid008353,2026/05/03 15:43:12.914, 0, GPU-3ad85384-e7dd-8c9b-13da-56f54bf334d9, NVIDIA A100-SXM4-80GB, 74901, 81920, 43, 111.53, 34
nid008353,2026/05/03 15:43:12.916, 1, GPU-3d65dc3f-116a-1dd4-937c-6e4481a765b5, NVIDIA A100-SXM4-80GB, 74891, 81920, 29, 134.55, 32
nid008353,2026/05/03 15:43:12.918, 2, GPU-338e4806-c72e-e37a-4798-dc47c2f2de03, NVIDIA A100-SXM4-80GB, 74891, 81920, 0, 115.65, 35
nid008353,2026/05/03 15:43:12.920, 3, GPU-fec40d98-ea80-e220-a49c-31ccab4741af, NVIDIA A100-SXM4-80GB, 74891, 81920, 0, 111.27, 32
nid008352,2026/05/03 15:43:15.792, 0, GPU-c8e590fe-c1df-fb38-7bf3-9ed4364cf576, NVIDIA A100-SXM4-80GB, 74197, 81920, 48, 119.69, 34
nid008352,2026/05/03 15:43:15.795, 1, GPU-5efb5c1d-1cd8-daca-bd51-2f30d62f6e1e, NVIDIA A100-SXM4-80GB, 74129, 81920, 0, 116.46, 31
nid008352,2026/05/03 15:43:15.797, 2, GPU-1d24ec01-d8bb-a3cf-73c2-7d6014d1dd4d, NVIDIA A100-SXM4-80GB, 74129, 81920, 24, 116.71, 34
nid008352,2026/05/03 15:43:15.798, 3, GPU-689a6e7c-a622-65fb-9f4d-887ba745f660, NVIDIA A100-SXM4-80GB, 74129, 81920, 30, 111.53, 32
nid008353,2026/05/03 15:43:16.643, 0, GPU-3ad85384-e7dd-8c9b-13da-56f54bf334d9, NVIDIA A100-SXM4-80GB, 74901, 81920, 3, 111.66, 34
nid008353,2026/05/03 15:43:16.645, 1, GPU-3d65dc3f-116a-1dd4-937c-6e4481a765b5, NVIDIA A100-SXM4-80GB, 74891, 81920, 0, 113.27, 32
nid008353,2026/05/03 15:43:16.647, 2, GPU-338e4806-c72e-e37a-4798-dc47c2f2de03, NVIDIA A100-SXM4-80GB, 74891, 81920, 0, 115.65, 35
nid008353,2026/05/03 15:43:16.648, 3, GPU-fec40d98-ea80-e220-a49c-31ccab4741af, NVIDIA A100-SXM4-80GB, 74891, 81920, 22, 111.40, 32
nid008352,2026/05/03 15:43:19.545, 0, GPU-c8e590fe-c1df-fb38-7bf3-9ed4364cf576, NVIDIA A100-SXM4-80GB, 74197, 81920, 14, 136.68, 34
nid008352,2026/05/03 15:43:19.551, 1, GPU-5efb5c1d-1cd8-daca-bd51-2f30d62f6e1e, NVIDIA A100-SXM4-80GB, 74129, 81920, 74, 118.02, 31
nid008352,2026/05/03 15:43:19.554, 2, GPU-1d24ec01-d8bb-a3cf-73c2-7d6014d1dd4d, NVIDIA A100-SXM4-80GB, 74129, 81920, 7, 118.94, 34
nid008352,2026/05/03 15:43:19.555, 3, GPU-689a6e7c-a622-65fb-9f4d-887ba745f660, NVIDIA A100-SXM4-80GB, 74129, 81920, 1, 114.57, 32
nid008353,2026/05/03 15:43:20.398, 0, GPU-3ad85384-e7dd-8c9b-13da-56f54bf334d9, NVIDIA A100-SXM4-80GB, 74901, 81920, 0, 111.66, 34
nid008353,2026/05/03 15:43:20.401, 1, GPU-3d65dc3f-116a-1dd4-937c-6e4481a765b5, NVIDIA A100-SXM4-80GB, 74891, 81920, 0, 113.41, 32
nid008353,2026/05/03 15:43:20.404, 2, GPU-338e4806-c72e-e37a-4798-dc47c2f2de03, NVIDIA A100-SXM4-80GB, 74891, 81920, 0, 115.75, 35
nid008353,2026/05/03 15:43:20.409, 3, GPU-fec40d98-ea80-e220-a49c-31ccab4741af, NVIDIA A100-SXM4-80GB, 74891, 81920, 0, 111.40, 32
nid008352,2026/05/03 15:43:23.289, 0, GPU-c8e590fe-c1df-fb38-7bf3-9ed4364cf576, NVIDIA A100-SXM4-80GB, 74197, 81920, 4, 113.91, 34
nid008352,2026/05/03 15:43:23.292, 1, GPU-5efb5c1d-1cd8-daca-bd51-2f30d62f6e1e, NVIDIA A100-SXM4-80GB, 74129, 81920, 0, 113.26, 31
nid008352,2026/05/03 15:43:23.293, 2, GPU-1d24ec01-d8bb-a3cf-73c2-7d6014d1dd4d, NVIDIA A100-SXM4-80GB, 74129, 81920, 61, 135.80, 34
nid008352,2026/05/03 15:43:23.295, 3, GPU-689a6e7c-a622-65fb-9f4d-887ba745f660, NVIDIA A100-SXM4-80GB, 74129, 81920, 64, 116.56, 32
nid008353,2026/05/03 15:43:24.108, 0, GPU-3ad85384-e7dd-8c9b-13da-56f54bf334d9, NVIDIA A100-SXM4-80GB, 74901, 81920, 0, 111.53, 34
nid008353,2026/05/03 15:43:24.111, 1, GPU-3d65dc3f-116a-1dd4-937c-6e4481a765b5, NVIDIA A100-SXM4-80GB, 74891, 81920, 2, 113.27, 32
nid008353,2026/05/03 15:43:24.113, 2, GPU-338e4806-c72e-e37a-4798-dc47c2f2de03, NVIDIA A100-SXM4-80GB, 74891, 81920, 41, 115.51, 35
nid008353,2026/05/03 15:43:24.114, 3, GPU-fec40d98-ea80-e220-a49c-31ccab4741af, NVIDIA A100-SXM4-80GB, 74891, 81920, 74, 111.40, 32
nid008352,2026/05/03 15:43:26.999, 0, GPU-c8e590fe-c1df-fb38-7bf3-9ed4364cf576, NVIDIA A100-SXM4-80GB, 74197, 81920, 100, 114.20, 34
nid008352,2026/05/03 15:43:27.005, 1, GPU-5efb5c1d-1cd8-daca-bd51-2f30d62f6e1e, NVIDIA A100-SXM4-80GB, 74129, 81920, 14, 113.12, 31
nid008352,2026/05/03 15:43:27.009, 2, GPU-1d24ec01-d8bb-a3cf-73c2-7d6014d1dd4d, NVIDIA A100-SXM4-80GB, 74129, 81920, 59, 116.81, 34
nid008352,2026/05/03 15:43:27.011, 3, GPU-689a6e7c-a622-65fb-9f4d-887ba745f660, NVIDIA A100-SXM4-80GB, 74129, 81920, 65, 111.29, 32
nid008353,2026/05/03 15:43:27.887, 0, GPU-3ad85384-e7dd-8c9b-13da-56f54bf334d9, NVIDIA A100-SXM4-80GB, 74901, 81920, 92, 111.66, 34
nid008353,2026/05/03 15:43:27.894, 1, GPU-3d65dc3f-116a-1dd4-937c-6e4481a765b5, NVIDIA A100-SXM4-80GB, 74891, 81920, 57, 129.67, 32
nid008353,2026/05/03 15:43:27.899, 2, GPU-338e4806-c72e-e37a-4798-dc47c2f2de03, NVIDIA A100-SXM4-80GB, 74891, 81920, 31, 124.11, 35
nid008353,2026/05/03 15:43:27.903, 3, GPU-fec40d98-ea80-e220-a49c-31ccab4741af, NVIDIA A100-SXM4-80GB, 74891, 81920, 66, 132.36, 32
nid008352,2026/05/03 15:43:30.772, 0, GPU-c8e590fe-c1df-fb38-7bf3-9ed4364cf576, NVIDIA A100-SXM4-80GB, 74197, 81920, 54, 116.81, 34
nid008352,2026/05/03 15:43:30.775, 1, GPU-5efb5c1d-1cd8-daca-bd51-2f30d62f6e1e, NVIDIA A100-SXM4-80GB, 74129, 81920, 49, 117.36, 31
nid008352,2026/05/03 15:43:30.777, 2, GPU-1d24ec01-d8bb-a3cf-73c2-7d6014d1dd4d, NVIDIA A100-SXM4-80GB, 74129, 81920, 75, 117.61, 34
nid008352,2026/05/03 15:43:30.778, 3, GPU-689a6e7c-a622-65fb-9f4d-887ba745f660, NVIDIA A100-SXM4-80GB, 74129, 81920, 94, 113.38, 32
nid008353,2026/05/03 15:43:31.603, 0, GPU-3ad85384-e7dd-8c9b-13da-56f54bf334d9, NVIDIA A100-SXM4-80GB, 74901, 81920, 19, 139.59, 34
nid008353,2026/05/03 15:43:31.614, 1, GPU-3d65dc3f-116a-1dd4-937c-6e4481a765b5, NVIDIA A100-SXM4-80GB, 74891, 81920, 77, 113.51, 32
nid008353,2026/05/03 15:43:31.619, 2, GPU-338e4806-c72e-e37a-4798-dc47c2f2de03, NVIDIA A100-SXM4-80GB, 74891, 81920, 26, 129.39, 35
nid008353,2026/05/03 15:43:31.624, 3, GPU-fec40d98-ea80-e220-a49c-31ccab4741af, NVIDIA A100-SXM4-80GB, 74891, 81920, 82, 135.63, 32
nid008352,2026/05/03 15:43:34.529, 0, GPU-c8e590fe-c1df-fb38-7bf3-9ed4364cf576, NVIDIA A100-SXM4-80GB, 74197, 81920, 0, 117.89, 34
nid008352,2026/05/03 15:43:34.532, 1, GPU-5efb5c1d-1cd8-daca-bd51-2f30d62f6e1e, NVIDIA A100-SXM4-80GB, 74129, 81920, 37, 133.54, 31
nid008352,2026/05/03 15:43:34.534, 2, GPU-1d24ec01-d8bb-a3cf-73c2-7d6014d1dd4d, NVIDIA A100-SXM4-80GB, 74129, 81920, 0, 131.86, 34
nid008352,2026/05/03 15:43:34.535, 3, GPU-689a6e7c-a622-65fb-9f4d-887ba745f660, NVIDIA A100-SXM4-80GB, 74129, 81920, 6, 111.68, 32
nid008353,2026/05/03 15:43:35.439, 0, GPU-3ad85384-e7dd-8c9b-13da-56f54bf334d9, NVIDIA A100-SXM4-80GB, 74901, 81920, 0, 119.60, 34
nid008353,2026/05/03 15:43:35.442, 1, GPU-3d65dc3f-116a-1dd4-937c-6e4481a765b5, NVIDIA A100-SXM4-80GB, 74891, 81920, 83, 143.41, 32
nid008353,2026/05/03 15:43:35.444, 2, GPU-338e4806-c72e-e37a-4798-dc47c2f2de03, NVIDIA A100-SXM4-80GB, 74891, 81920, 78, 132.58, 35
nid008353,2026/05/03 15:43:35.445, 3, GPU-fec40d98-ea80-e220-a49c-31ccab4741af, NVIDIA A100-SXM4-80GB, 74891, 81920, 55, 132.21, 32
nid008352,2026/05/03 15:43:38.337, 0, GPU-c8e590fe-c1df-fb38-7bf3-9ed4364cf576, NVIDIA A100-SXM4-80GB, 74197, 81920, 97, 145.66, 36
nid008352,2026/05/03 15:43:38.339, 1, GPU-5efb5c1d-1cd8-daca-bd51-2f30d62f6e1e, NVIDIA A100-SXM4-80GB, 74129, 81920, 0, 136.05, 32
nid008352,2026/05/03 15:43:38.341, 2, GPU-1d24ec01-d8bb-a3cf-73c2-7d6014d1dd4d, NVIDIA A100-SXM4-80GB, 74129, 81920, 26, 142.21, 35
nid008352,2026/05/03 15:43:38.348, 3, GPU-689a6e7c-a622-65fb-9f4d-887ba745f660, NVIDIA A100-SXM4-80GB, 74129, 81920, 74, 236.79, 34
nid008353,2026/05/03 15:43:39.297, 0, GPU-3ad85384-e7dd-8c9b-13da-56f54bf334d9, NVIDIA A100-SXM4-80GB, 74921, 81920, 86, 129.52, 34
nid008353,2026/05/03 15:43:39.300, 1, GPU-3d65dc3f-116a-1dd4-937c-6e4481a765b5, NVIDIA A100-SXM4-80GB, 74911, 81920, 0, 128.63, 32
nid008353,2026/05/03 15:43:39.301, 2, GPU-338e4806-c72e-e37a-4798-dc47c2f2de03, NVIDIA A100-SXM4-80GB, 74911, 81920, 64, 128.72, 35
nid008353,2026/05/03 15:43:39.303, 3, GPU-fec40d98-ea80-e220-a49c-31ccab4741af, NVIDIA A100-SXM4-80GB, 74911, 81920, 0, 119.21, 33
nid008352,2026/05/03 15:43:42.158, 0, GPU-c8e590fe-c1df-fb38-7bf3-9ed4364cf576, NVIDIA A100-SXM4-80GB, 74197, 81920, 92, 128.02, 34
nid008352,2026/05/03 15:43:42.161, 1, GPU-5efb5c1d-1cd8-daca-bd51-2f30d62f6e1e, NVIDIA A100-SXM4-80GB, 74129, 81920, 61, 113.41, 31
nid008352,2026/05/03 15:43:42.162, 2, GPU-1d24ec01-d8bb-a3cf-73c2-7d6014d1dd4d, NVIDIA A100-SXM4-80GB, 74129, 81920, 100, 116.28, 34
nid008352,2026/05/03 15:43:42.164, 3, GPU-689a6e7c-a622-65fb-9f4d-887ba745f660, NVIDIA A100-SXM4-80GB, 74129, 81920, 32, 116.32, 32
nid008353,2026/05/03 15:43:42.983, 0, GPU-3ad85384-e7dd-8c9b-13da-56f54bf334d9, NVIDIA A100-SXM4-80GB, 74921, 81920, 31, 120.69, 34
nid008353,2026/05/03 15:43:42.985, 1, GPU-3d65dc3f-116a-1dd4-937c-6e4481a765b5, NVIDIA A100-SXM4-80GB, 74911, 81920, 0, 113.51, 32
nid008353,2026/05/03 15:43:42.987, 2, GPU-338e4806-c72e-e37a-4798-dc47c2f2de03, NVIDIA A100-SXM4-80GB, 74911, 81920, 0, 145.09, 35
nid008353,2026/05/03 15:43:42.989, 3, GPU-fec40d98-ea80-e220-a49c-31ccab4741af, NVIDIA A100-SXM4-80GB, 74911, 81920, 0, 139.34, 33
nid008352,2026/05/03 15:43:45.940, 0, GPU-c8e590fe-c1df-fb38-7bf3-9ed4364cf576, NVIDIA A100-SXM4-80GB, 74197, 81920, 72, 129.21, 34
nid008352,2026/05/03 15:43:45.942, 1, GPU-5efb5c1d-1cd8-daca-bd51-2f30d62f6e1e, NVIDIA A100-SXM4-80GB, 74129, 81920, 14, 124.11, 32
nid008352,2026/05/03 15:43:45.944, 2, GPU-1d24ec01-d8bb-a3cf-73c2-7d6014d1dd4d, NVIDIA A100-SXM4-80GB, 74129, 81920, 100, 132.90, 34
nid008352,2026/05/03 15:43:45.948, 3, GPU-689a6e7c-a622-65fb-9f4d-887ba745f660, NVIDIA A100-SXM4-80GB, 74129, 81920, 10, 114.05, 32
nid008353,2026/05/03 15:43:46.793, 0, GPU-3ad85384-e7dd-8c9b-13da-56f54bf334d9, NVIDIA A100-SXM4-80GB, 74921, 81920, 0, 114.85, 34
nid008353,2026/05/03 15:43:46.796, 1, GPU-3d65dc3f-116a-1dd4-937c-6e4481a765b5, NVIDIA A100-SXM4-80GB, 74911, 81920, 0, 136.80, 32
nid008353,2026/05/03 15:43:46.797, 2, GPU-338e4806-c72e-e37a-4798-dc47c2f2de03, NVIDIA A100-SXM4-80GB, 74911, 81920, 0, 133.91, 35
nid008353,2026/05/03 15:43:46.799, 3, GPU-fec40d98-ea80-e220-a49c-31ccab4741af, NVIDIA A100-SXM4-80GB, 74911, 81920, 85, 120.17, 33
nid008352,2026/05/03 15:43:49.660, 0, GPU-c8e590fe-c1df-fb38-7bf3-9ed4364cf576, NVIDIA A100-SXM4-80GB, 74197, 81920, 59, 118.27, 34
nid008352,2026/05/03 15:43:49.663, 1, GPU-5efb5c1d-1cd8-daca-bd51-2f30d62f6e1e, NVIDIA A100-SXM4-80GB, 74129, 81920, 100, 113.78, 31
nid008352,2026/05/03 15:43:49.665, 2, GPU-1d24ec01-d8bb-a3cf-73c2-7d6014d1dd4d, NVIDIA A100-SXM4-80GB, 74129, 81920, 52, 119.83, 34
nid008352,2026/05/03 15:43:49.666, 3, GPU-689a6e7c-a622-65fb-9f4d-887ba745f660, NVIDIA A100-SXM4-80GB, 74129, 81920, 41, 109.43, 32
nid008353,2026/05/03 15:43:50.504, 0, GPU-3ad85384-e7dd-8c9b-13da-56f54bf334d9, NVIDIA A100-SXM4-80GB, 74921, 81920, 86, 129.00, 34
nid008353,2026/05/03 15:43:50.506, 1, GPU-3d65dc3f-116a-1dd4-937c-6e4481a765b5, NVIDIA A100-SXM4-80GB, 74911, 81920, 78, 134.95, 32
nid008353,2026/05/03 15:43:50.508, 2, GPU-338e4806-c72e-e37a-4798-dc47c2f2de03, NVIDIA A100-SXM4-80GB, 74911, 81920, 8, 127.38, 35
nid008353,2026/05/03 15:43:50.509, 3, GPU-fec40d98-ea80-e220-a49c-31ccab4741af, NVIDIA A100-SXM4-80GB, 74911, 81920, 46, 124.69, 32
nid008352,2026/05/03 15:43:53.374, 0, GPU-c8e590fe-c1df-fb38-7bf3-9ed4364cf576, NVIDIA A100-SXM4-80GB, 74197, 81920, 27, 127.08, 35
nid008352,2026/05/03 15:43:53.376, 1, GPU-5efb5c1d-1cd8-daca-bd51-2f30d62f6e1e, NVIDIA A100-SXM4-80GB, 74129, 81920, 62, 119.21, 32
nid008352,2026/05/03 15:43:53.378, 2, GPU-1d24ec01-d8bb-a3cf-73c2-7d6014d1dd4d, NVIDIA A100-SXM4-80GB, 74129, 81920, 79, 121.54, 34
nid008352,2026/05/03 15:43:53.380, 3, GPU-689a6e7c-a622-65fb-9f4d-887ba745f660, NVIDIA A100-SXM4-80GB, 74129, 81920, 73, 119.60, 32
nid008353,2026/05/03 15:43:54.209, 0, GPU-3ad85384-e7dd-8c9b-13da-56f54bf334d9, NVIDIA A100-SXM4-80GB, 74921, 81920, 97, 123.82, 34
nid008353,2026/05/03 15:43:54.212, 1, GPU-3d65dc3f-116a-1dd4-937c-6e4481a765b5, NVIDIA A100-SXM4-80GB, 74911, 81920, 0, 127.53, 32
nid008353,2026/05/03 15:43:54.220, 2, GPU-338e4806-c72e-e37a-4798-dc47c2f2de03, NVIDIA A100-SXM4-80GB, 74911, 81920, 0, 130.04, 35
nid008353,2026/05/03 15:43:54.221, 3, GPU-fec40d98-ea80-e220-a49c-31ccab4741af, NVIDIA A100-SXM4-80GB, 74911, 81920, 1, 133.91, 32
nid008352,2026/05/03 15:43:57.098, 0, GPU-c8e590fe-c1df-fb38-7bf3-9ed4364cf576, NVIDIA A100-SXM4-80GB, 74197, 81920, 36, 122.20, 34
nid008352,2026/05/03 15:43:57.101, 1, GPU-5efb5c1d-1cd8-daca-bd51-2f30d62f6e1e, NVIDIA A100-SXM4-80GB, 74129, 81920, 32, 119.60, 31
nid008352,2026/05/03 15:43:57.102, 2, GPU-1d24ec01-d8bb-a3cf-73c2-7d6014d1dd4d, NVIDIA A100-SXM4-80GB, 74129, 81920, 94, 114.44, 34
nid008352,2026/05/03 15:43:57.104, 3, GPU-689a6e7c-a622-65fb-9f4d-887ba745f660, NVIDIA A100-SXM4-80GB, 74129, 81920, 0, 109.43, 32
nid008353,2026/05/03 15:43:57.937, 0, GPU-3ad85384-e7dd-8c9b-13da-56f54bf334d9, NVIDIA A100-SXM4-80GB, 74921, 81920, 0, 111.53, 34
nid008353,2026/05/03 15:43:57.940, 1, GPU-3d65dc3f-116a-1dd4-937c-6e4481a765b5, NVIDIA A100-SXM4-80GB, 74911, 81920, 0, 113.27, 32
nid008353,2026/05/03 15:43:57.941, 2, GPU-338e4806-c72e-e37a-4798-dc47c2f2de03, NVIDIA A100-SXM4-80GB, 74911, 81920, 0, 115.65, 35
nid008353,2026/05/03 15:43:57.943, 3, GPU-fec40d98-ea80-e220-a49c-31ccab4741af, NVIDIA A100-SXM4-80GB, 74911, 81920, 24, 111.27, 32
nid008352,2026/05/03 15:44:00.794, 0, GPU-c8e590fe-c1df-fb38-7bf3-9ed4364cf576, NVIDIA A100-SXM4-80GB, 74197, 81920, 100, 113.11, 34
nid008352,2026/05/03 15:44:00.796, 1, GPU-5efb5c1d-1cd8-daca-bd51-2f30d62f6e1e, NVIDIA A100-SXM4-80GB, 74129, 81920, 1, 113.12, 31
nid008352,2026/05/03 15:44:00.798, 2, GPU-1d24ec01-d8bb-a3cf-73c2-7d6014d1dd4d, NVIDIA A100-SXM4-80GB, 74129, 81920, 42, 114.44, 34
nid008352,2026/05/03 15:44:00.800, 3, GPU-689a6e7c-a622-65fb-9f4d-887ba745f660, NVIDIA A100-SXM4-80GB, 74129, 81920, 0, 109.31, 32
nid008353,2026/05/03 15:44:01.626, 0, GPU-3ad85384-e7dd-8c9b-13da-56f54bf334d9, NVIDIA A100-SXM4-80GB, 74921, 81920, 17, 111.53, 34
nid008353,2026/05/03 15:44:01.629, 1, GPU-3d65dc3f-116a-1dd4-937c-6e4481a765b5, NVIDIA A100-SXM4-80GB, 74911, 81920, 0, 113.51, 32
nid008353,2026/05/03 15:44:01.630, 2, GPU-338e4806-c72e-e37a-4798-dc47c2f2de03, NVIDIA A100-SXM4-80GB, 74911, 81920, 4, 115.65, 35
nid008353,2026/05/03 15:44:01.633, 3, GPU-fec40d98-ea80-e220-a49c-31ccab4741af, NVIDIA A100-SXM4-80GB, 74911, 81920, 7, 111.40, 32
nid008352,2026/05/03 15:44:04.498, 0, GPU-c8e590fe-c1df-fb38-7bf3-9ed4364cf576, NVIDIA A100-SXM4-80GB, 74197, 81920, 0, 112.87, 34
nid008352,2026/05/03 15:44:04.504, 1, GPU-5efb5c1d-1cd8-daca-bd51-2f30d62f6e1e, NVIDIA A100-SXM4-80GB, 74129, 81920, 0, 113.12, 31
nid008352,2026/05/03 15:44:04.509, 2, GPU-1d24ec01-d8bb-a3cf-73c2-7d6014d1dd4d, NVIDIA A100-SXM4-80GB, 74129, 81920, 44, 114.96, 34
nid008352,2026/05/03 15:44:04.513, 3, GPU-689a6e7c-a622-65fb-9f4d-887ba745f660, NVIDIA A100-SXM4-80GB, 74129, 81920, 3, 110.20, 32
nid008353,2026/05/03 15:44:05.387, 0, GPU-3ad85384-e7dd-8c9b-13da-56f54bf334d9, NVIDIA A100-SXM4-80GB, 74921, 81920, 0, 118.18, 34
nid008353,2026/05/03 15:44:05.391, 1, GPU-3d65dc3f-116a-1dd4-937c-6e4481a765b5, NVIDIA A100-SXM4-80GB, 74911, 81920, 0, 113.27, 32
nid008353,2026/05/03 15:44:05.392, 2, GPU-338e4806-c72e-e37a-4798-dc47c2f2de03, NVIDIA A100-SXM4-80GB, 74911, 81920, 0, 115.65, 35
nid008353,2026/05/03 15:44:05.394, 3, GPU-fec40d98-ea80-e220-a49c-31ccab4741af, NVIDIA A100-SXM4-80GB, 74911, 81920, 0, 111.40, 32
nid008352,2026/05/03 15:44:08.245, 0, GPU-c8e590fe-c1df-fb38-7bf3-9ed4364cf576, NVIDIA A100-SXM4-80GB, 74197, 81920, 21, 113.63, 34
nid008352,2026/05/03 15:44:08.248, 1, GPU-5efb5c1d-1cd8-daca-bd51-2f30d62f6e1e, NVIDIA A100-SXM4-80GB, 74129, 81920, 54, 131.16, 31
nid008352,2026/05/03 15:44:08.249, 2, GPU-1d24ec01-d8bb-a3cf-73c2-7d6014d1dd4d, NVIDIA A100-SXM4-80GB, 74129, 81920, 0, 116.42, 34
nid008352,2026/05/03 15:44:08.251, 3, GPU-689a6e7c-a622-65fb-9f4d-887ba745f660, NVIDIA A100-SXM4-80GB, 74129, 81920, 0, 115.75, 32
nid008353,2026/05/03 15:44:09.111, 0, GPU-3ad85384-e7dd-8c9b-13da-56f54bf334d9, NVIDIA A100-SXM4-80GB, 74921, 81920, 0, 136.40, 34
nid008353,2026/05/03 15:44:09.114, 1, GPU-3d65dc3f-116a-1dd4-937c-6e4481a765b5, NVIDIA A100-SXM4-80GB, 74911, 81920, 80, 113.27, 32
nid008353,2026/05/03 15:44:09.115, 2, GPU-338e4806-c72e-e37a-4798-dc47c2f2de03, NVIDIA A100-SXM4-80GB, 74911, 81920, 40, 115.89, 35
nid008353,2026/05/03 15:44:09.117, 3, GPU-fec40d98-ea80-e220-a49c-31ccab4741af, NVIDIA A100-SXM4-80GB, 74911, 81920, 0, 128.12, 33
nid008352,2026/05/03 15:44:11.992, 0, GPU-c8e590fe-c1df-fb38-7bf3-9ed4364cf576, NVIDIA A100-SXM4-80GB, 74197, 81920, 42, 132.75, 34
nid008352,2026/05/03 15:44:11.994, 1, GPU-5efb5c1d-1cd8-daca-bd51-2f30d62f6e1e, NVIDIA A100-SXM4-80GB, 74129, 81920, 44, 123.82, 32
nid008352,2026/05/03 15:44:11.996, 2, GPU-1d24ec01-d8bb-a3cf-73c2-7d6014d1dd4d, NVIDIA A100-SXM4-80GB, 74129, 81920, 1, 124.47, 34
nid008352,2026/05/03 15:44:11.997, 3, GPU-689a6e7c-a622-65fb-9f4d-887ba745f660, NVIDIA A100-SXM4-80GB, 74129, 81920, 1, 117.46, 32
nid008353,2026/05/03 15:44:12.844, 0, GPU-3ad85384-e7dd-8c9b-13da-56f54bf334d9, NVIDIA A100-SXM4-80GB, 74921, 81920, 8, 111.66, 34
nid008353,2026/05/03 15:44:12.847, 1, GPU-3d65dc3f-116a-1dd4-937c-6e4481a765b5, NVIDIA A100-SXM4-80GB, 74911, 81920, 0, 113.41, 32
nid008353,2026/05/03 15:44:12.848, 2, GPU-338e4806-c72e-e37a-4798-dc47c2f2de03, NVIDIA A100-SXM4-80GB, 74911, 81920, 0, 115.65, 35
nid008353,2026/05/03 15:44:12.850, 3, GPU-fec40d98-ea80-e220-a49c-31ccab4741af, NVIDIA A100-SXM4-80GB, 74911, 81920, 0, 111.40, 32
nid008352,2026/05/03 15:44:15.733, 0, GPU-c8e590fe-c1df-fb38-7bf3-9ed4364cf576, NVIDIA A100-SXM4-80GB, 74197, 81920, 1, 124.47, 34
nid008352,2026/05/03 15:44:15.736, 1, GPU-5efb5c1d-1cd8-daca-bd51-2f30d62f6e1e, NVIDIA A100-SXM4-80GB, 74129, 81920, 77, 113.12, 32
nid008352,2026/05/03 15:44:15.737, 2, GPU-1d24ec01-d8bb-a3cf-73c2-7d6014d1dd4d, NVIDIA A100-SXM4-80GB, 74129, 81920, 95, 114.44, 34
nid008352,2026/05/03 15:44:15.739, 3, GPU-689a6e7c-a622-65fb-9f4d-887ba745f660, NVIDIA A100-SXM4-80GB, 74129, 81920, 100, 109.31, 32
nid008353,2026/05/03 15:44:16.570, 0, GPU-3ad85384-e7dd-8c9b-13da-56f54bf334d9, NVIDIA A100-SXM4-80GB, 74921, 81920, 0, 111.66, 34
nid008353,2026/05/03 15:44:16.573, 1, GPU-3d65dc3f-116a-1dd4-937c-6e4481a765b5, NVIDIA A100-SXM4-80GB, 74911, 81920, 23, 113.51, 32
nid008353,2026/05/03 15:44:16.574, 2, GPU-338e4806-c72e-e37a-4798-dc47c2f2de03, NVIDIA A100-SXM4-80GB, 74911, 81920, 0, 116.04, 35
nid008353,2026/05/03 15:44:16.576, 3, GPU-fec40d98-ea80-e220-a49c-31ccab4741af, NVIDIA A100-SXM4-80GB, 74911, 81920, 25, 111.27, 32
nid008352,2026/05/03 15:44:19.498, 0, GPU-c8e590fe-c1df-fb38-7bf3-9ed4364cf576, NVIDIA A100-SXM4-80GB, 74217, 81920, 96, 127.73, 35
nid008352,2026/05/03 15:44:19.500, 1, GPU-5efb5c1d-1cd8-daca-bd51-2f30d62f6e1e, NVIDIA A100-SXM4-80GB, 74149, 81920, 0, 123.59, 32
nid008352,2026/05/03 15:44:19.502, 2, GPU-1d24ec01-d8bb-a3cf-73c2-7d6014d1dd4d, NVIDIA A100-SXM4-80GB, 74149, 81920, 30, 126.04, 34
nid008352,2026/05/03 15:44:19.504, 3, GPU-689a6e7c-a622-65fb-9f4d-887ba745f660, NVIDIA A100-SXM4-80GB, 74149, 81920, 36, 132.78, 33
nid008353,2026/05/03 15:44:20.329, 0, GPU-3ad85384-e7dd-8c9b-13da-56f54bf334d9, NVIDIA A100-SXM4-80GB, 74921, 81920, 24, 137.00, 34
nid008353,2026/05/03 15:44:20.332, 1, GPU-3d65dc3f-116a-1dd4-937c-6e4481a765b5, NVIDIA A100-SXM4-80GB, 74911, 81920, 0, 143.24, 32
nid008353,2026/05/03 15:44:20.334, 2, GPU-338e4806-c72e-e37a-4798-dc47c2f2de03, NVIDIA A100-SXM4-80GB, 74911, 81920, 57, 137.17, 36
nid008353,2026/05/03 15:44:20.335, 3, GPU-fec40d98-ea80-e220-a49c-31ccab4741af, NVIDIA A100-SXM4-80GB, 74911, 81920, 10, 133.25, 33
nid008352,2026/05/03 15:44:23.239, 0, GPU-c8e590fe-c1df-fb38-7bf3-9ed4364cf576, NVIDIA A100-SXM4-80GB, 74217, 81920, 96, 122.34, 34
nid008352,2026/05/03 15:44:23.241, 1, GPU-5efb5c1d-1cd8-daca-bd51-2f30d62f6e1e, NVIDIA A100-SXM4-80GB, 74149, 81920, 6, 126.93, 32
nid008352,2026/05/03 15:44:23.243, 2, GPU-1d24ec01-d8bb-a3cf-73c2-7d6014d1dd4d, NVIDIA A100-SXM4-80GB, 74149, 81920, 7, 126.69, 34
nid008352,2026/05/03 15:44:23.244, 3, GPU-689a6e7c-a622-65fb-9f4d-887ba745f660, NVIDIA A100-SXM4-80GB, 74149, 81920, 25, 120.12, 32
nid008353,2026/05/03 15:44:24.082, 0, GPU-3ad85384-e7dd-8c9b-13da-56f54bf334d9, NVIDIA A100-SXM4-80GB, 74921, 81920, 46, 139.30, 35
nid008353,2026/05/03 15:44:24.087, 1, GPU-3d65dc3f-116a-1dd4-937c-6e4481a765b5, NVIDIA A100-SXM4-80GB, 74911, 81920, 0, 113.51, 32
nid008353,2026/05/03 15:44:24.089, 2, GPU-338e4806-c72e-e37a-4798-dc47c2f2de03, NVIDIA A100-SXM4-80GB, 74911, 81920, 0, 143.53, 35
nid008353,2026/05/03 15:44:24.091, 3, GPU-fec40d98-ea80-e220-a49c-31ccab4741af, NVIDIA A100-SXM4-80GB, 74911, 81920, 0, 137.61, 33
nid008352,2026/05/03 15:44:26.927, 0, GPU-c8e590fe-c1df-fb38-7bf3-9ed4364cf576, NVIDIA A100-SXM4-80GB, 74217, 81920, 100, 116.04, 34
nid008352,2026/05/03 15:44:26.932, 1, GPU-5efb5c1d-1cd8-daca-bd51-2f30d62f6e1e, NVIDIA A100-SXM4-80GB, 74149, 81920, 35, 117.12, 32
nid008352,2026/05/03 15:44:26.934, 2, GPU-1d24ec01-d8bb-a3cf-73c2-7d6014d1dd4d, NVIDIA A100-SXM4-80GB, 74149, 81920, 74, 126.69, 34
nid008352,2026/05/03 15:44:26.935, 3, GPU-689a6e7c-a622-65fb-9f4d-887ba745f660, NVIDIA A100-SXM4-80GB, 74149, 81920, 34, 128.32, 32
nid008353,2026/05/03 15:44:27.778, 0, GPU-3ad85384-e7dd-8c9b-13da-56f54bf334d9, NVIDIA A100-SXM4-80GB, 74921, 81920, 76, 111.81, 34
nid008353,2026/05/03 15:44:27.781, 1, GPU-3d65dc3f-116a-1dd4-937c-6e4481a765b5, NVIDIA A100-SXM4-80GB, 74911, 81920, 75, 113.27, 32
nid008353,2026/05/03 15:44:27.782, 2, GPU-338e4806-c72e-e37a-4798-dc47c2f2de03, NVIDIA A100-SXM4-80GB, 74911, 81920, 55, 115.89, 35
nid008353,2026/05/03 15:44:27.784, 3, GPU-fec40d98-ea80-e220-a49c-31ccab4741af, NVIDIA A100-SXM4-80GB, 74911, 81920, 3, 111.40, 32
nid008352,2026/05/03 15:44:30.636, 0, GPU-c8e590fe-c1df-fb38-7bf3-9ed4364cf576, NVIDIA A100-SXM4-80GB, 74217, 81920, 0, 112.87, 34
nid008352,2026/05/03 15:44:30.639, 1, GPU-5efb5c1d-1cd8-daca-bd51-2f30d62f6e1e, NVIDIA A100-SXM4-80GB, 74149, 81920, 1, 113.12, 31
nid008352,2026/05/03 15:44:30.641, 2, GPU-1d24ec01-d8bb-a3cf-73c2-7d6014d1dd4d, NVIDIA A100-SXM4-80GB, 74149, 81920, 0, 114.44, 34
nid008352,2026/05/03 15:44:30.642, 3, GPU-689a6e7c-a622-65fb-9f4d-887ba745f660, NVIDIA A100-SXM4-80GB, 74149, 81920, 0, 109.43, 32
nid008353,2026/05/03 15:44:31.461, 0, GPU-3ad85384-e7dd-8c9b-13da-56f54bf334d9, NVIDIA A100-SXM4-80GB, 74921, 81920, 63, 111.81, 34
nid008353,2026/05/03 15:44:31.463, 1, GPU-3d65dc3f-116a-1dd4-937c-6e4481a765b5, NVIDIA A100-SXM4-80GB, 74911, 81920, 30, 113.27, 32
nid008353,2026/05/03 15:44:31.465, 2, GPU-338e4806-c72e-e37a-4798-dc47c2f2de03, NVIDIA A100-SXM4-80GB, 74911, 81920, 44, 115.89, 35
nid008353,2026/05/03 15:44:31.466, 3, GPU-fec40d98-ea80-e220-a49c-31ccab4741af, NVIDIA A100-SXM4-80GB, 74911, 81920, 99, 111.40, 32
nid008352,2026/05/03 15:44:34.317, 0, GPU-c8e590fe-c1df-fb38-7bf3-9ed4364cf576, NVIDIA A100-SXM4-80GB, 74217, 81920, 28, 113.25, 34
nid008352,2026/05/03 15:44:34.320, 1, GPU-5efb5c1d-1cd8-daca-bd51-2f30d62f6e1e, NVIDIA A100-SXM4-80GB, 74149, 81920, 18, 132.21, 32
nid008352,2026/05/03 15:44:34.321, 2, GPU-1d24ec01-d8bb-a3cf-73c2-7d6014d1dd4d, NVIDIA A100-SXM4-80GB, 74149, 81920, 61, 115.09, 34
nid008352,2026/05/03 15:44:34.323, 3, GPU-689a6e7c-a622-65fb-9f4d-887ba745f660, NVIDIA A100-SXM4-80GB, 74149, 81920, 31, 109.96, 32
nid008353,2026/05/03 15:44:35.156, 0, GPU-3ad85384-e7dd-8c9b-13da-56f54bf334d9, NVIDIA A100-SXM4-80GB, 74921, 81920, 43, 111.81, 34
nid008353,2026/05/03 15:44:35.158, 1, GPU-3d65dc3f-116a-1dd4-937c-6e4481a765b5, NVIDIA A100-SXM4-80GB, 74911, 81920, 0, 113.51, 32
nid008353,2026/05/03 15:44:35.160, 2, GPU-338e4806-c72e-e37a-4798-dc47c2f2de03, NVIDIA A100-SXM4-80GB, 74911, 81920, 0, 115.65, 35
nid008353,2026/05/03 15:44:35.162, 3, GPU-fec40d98-ea80-e220-a49c-31ccab4741af, NVIDIA A100-SXM4-80GB, 74911, 81920, 0, 111.40, 32
nid008352,2026/05/03 15:44:38.020, 0, GPU-c8e590fe-c1df-fb38-7bf3-9ed4364cf576, NVIDIA A100-SXM4-80GB, 74217, 81920, 76, 113.00, 34
nid008352,2026/05/03 15:44:38.022, 1, GPU-5efb5c1d-1cd8-daca-bd51-2f30d62f6e1e, NVIDIA A100-SXM4-80GB, 74149, 81920, 1, 113.12, 31
nid008352,2026/05/03 15:44:38.024, 2, GPU-1d24ec01-d8bb-a3cf-73c2-7d6014d1dd4d, NVIDIA A100-SXM4-80GB, 74149, 81920, 0, 114.44, 34
nid008352,2026/05/03 15:44:38.025, 3, GPU-689a6e7c-a622-65fb-9f4d-887ba745f660, NVIDIA A100-SXM4-80GB, 74149, 81920, 0, 109.43, 32
nid008353,2026/05/03 15:44:38.848, 0, GPU-3ad85384-e7dd-8c9b-13da-56f54bf334d9, NVIDIA A100-SXM4-80GB, 74921, 81920, 0, 126.25, 34
nid008353,2026/05/03 15:44:38.850, 1, GPU-3d65dc3f-116a-1dd4-937c-6e4481a765b5, NVIDIA A100-SXM4-80GB, 74911, 81920, 6, 133.54, 32
nid008353,2026/05/03 15:44:38.852, 2, GPU-338e4806-c72e-e37a-4798-dc47c2f2de03, NVIDIA A100-SXM4-80GB, 74911, 81920, 0, 124.40, 35
nid008353,2026/05/03 15:44:38.858, 3, GPU-fec40d98-ea80-e220-a49c-31ccab4741af, NVIDIA A100-SXM4-80GB, 74911, 81920, 82, 111.27, 32
nid008352,2026/05/03 15:44:41.729, 0, GPU-c8e590fe-c1df-fb38-7bf3-9ed4364cf576, NVIDIA A100-SXM4-80GB, 74217, 81920, 0, 121.82, 35
nid008352,2026/05/03 15:44:41.735, 1, GPU-5efb5c1d-1cd8-daca-bd51-2f30d62f6e1e, NVIDIA A100-SXM4-80GB, 74149, 81920, 0, 117.78, 31
nid008352,2026/05/03 15:44:41.737, 2, GPU-1d24ec01-d8bb-a3cf-73c2-7d6014d1dd4d, NVIDIA A100-SXM4-80GB, 74149, 81920, 1, 129.21, 34
nid008352,2026/05/03 15:44:41.738, 3, GPU-689a6e7c-a622-65fb-9f4d-887ba745f660, NVIDIA A100-SXM4-80GB, 74149, 81920, 0, 111.29, 32
nid008353,2026/05/03 15:44:42.569, 0, GPU-3ad85384-e7dd-8c9b-13da-56f54bf334d9, NVIDIA A100-SXM4-80GB, 74921, 81920, 0, 111.66, 34
nid008353,2026/05/03 15:44:42.572, 1, GPU-3d65dc3f-116a-1dd4-937c-6e4481a765b5, NVIDIA A100-SXM4-80GB, 74911, 81920, 0, 113.65, 32
nid008353,2026/05/03 15:44:42.573, 2, GPU-338e4806-c72e-e37a-4798-dc47c2f2de03, NVIDIA A100-SXM4-80GB, 74911, 81920, 0, 115.89, 35
nid008353,2026/05/03 15:44:42.575, 3, GPU-fec40d98-ea80-e220-a49c-31ccab4741af, NVIDIA A100-SXM4-80GB, 74911, 81920, 0, 111.40, 32
nid008352,2026/05/03 15:44:45.451, 0, GPU-c8e590fe-c1df-fb38-7bf3-9ed4364cf576, NVIDIA A100-SXM4-80GB, 74217, 81920, 66, 120.26, 34
nid008352,2026/05/03 15:44:45.454, 1, GPU-5efb5c1d-1cd8-daca-bd51-2f30d62f6e1e, NVIDIA A100-SXM4-80GB, 74149, 81920, 54, 116.18, 32
nid008352,2026/05/03 15:44:45.456, 2, GPU-1d24ec01-d8bb-a3cf-73c2-7d6014d1dd4d, NVIDIA A100-SXM4-80GB, 74149, 81920, 22, 123.81, 34
nid008352,2026/05/03 15:44:45.461, 3, GPU-689a6e7c-a622-65fb-9f4d-887ba745f660, NVIDIA A100-SXM4-80GB, 74149, 81920, 100, 112.85, 32
nid008353,2026/05/03 15:44:46.287, 0, GPU-3ad85384-e7dd-8c9b-13da-56f54bf334d9, NVIDIA A100-SXM4-80GB, 74921, 81920, 17, 111.81, 34
nid008353,2026/05/03 15:44:46.292, 1, GPU-3d65dc3f-116a-1dd4-937c-6e4481a765b5, NVIDIA A100-SXM4-80GB, 74911, 81920, 44, 116.99, 32
nid008353,2026/05/03 15:44:46.293, 2, GPU-338e4806-c72e-e37a-4798-dc47c2f2de03, NVIDIA A100-SXM4-80GB, 74911, 81920, 44, 115.89, 35
nid008353,2026/05/03 15:44:46.295, 3, GPU-fec40d98-ea80-e220-a49c-31ccab4741af, NVIDIA A100-SXM4-80GB, 74911, 81920, 84, 111.40, 32
nid008352,2026/05/03 15:44:49.165, 0, GPU-c8e590fe-c1df-fb38-7bf3-9ed4364cf576, NVIDIA A100-SXM4-80GB, 74217, 81920, 0, 113.11, 34
nid008352,2026/05/03 15:44:49.168, 1, GPU-5efb5c1d-1cd8-daca-bd51-2f30d62f6e1e, NVIDIA A100-SXM4-80GB, 74149, 81920, 12, 113.12, 31
nid008352,2026/05/03 15:44:49.169, 2, GPU-1d24ec01-d8bb-a3cf-73c2-7d6014d1dd4d, NVIDIA A100-SXM4-80GB, 74149, 81920, 0, 114.44, 34
nid008352,2026/05/03 15:44:49.171, 3, GPU-689a6e7c-a622-65fb-9f4d-887ba745f660, NVIDIA A100-SXM4-80GB, 74149, 81920, 0, 122.40, 32
nid008353,2026/05/03 15:44:50.003, 0, GPU-3ad85384-e7dd-8c9b-13da-56f54bf334d9, NVIDIA A100-SXM4-80GB, 74921, 81920, 0, 111.53, 34
nid008353,2026/05/03 15:44:50.006, 1, GPU-3d65dc3f-116a-1dd4-937c-6e4481a765b5, NVIDIA A100-SXM4-80GB, 74911, 81920, 13, 113.27, 32
nid008353,2026/05/03 15:44:50.007, 2, GPU-338e4806-c72e-e37a-4798-dc47c2f2de03, NVIDIA A100-SXM4-80GB, 74911, 81920, 31, 115.79, 35
nid008353,2026/05/03 15:44:50.009, 3, GPU-fec40d98-ea80-e220-a49c-31ccab4741af, NVIDIA A100-SXM4-80GB, 74911, 81920, 0, 111.40, 32
nid008352,2026/05/03 15:44:52.861, 0, GPU-c8e590fe-c1df-fb38-7bf3-9ed4364cf576, NVIDIA A100-SXM4-80GB, 74217, 81920, 9, 114.86, 34
nid008352,2026/05/03 15:44:52.864, 1, GPU-5efb5c1d-1cd8-daca-bd51-2f30d62f6e1e, NVIDIA A100-SXM4-80GB, 74149, 81920, 99, 114.07, 31
nid008352,2026/05/03 15:44:52.866, 2, GPU-1d24ec01-d8bb-a3cf-73c2-7d6014d1dd4d, NVIDIA A100-SXM4-80GB, 74149, 81920, 32, 119.46, 34
nid008352,2026/05/03 15:44:52.867, 3, GPU-689a6e7c-a622-65fb-9f4d-887ba745f660, NVIDIA A100-SXM4-80GB, 74149, 81920, 27, 119.60, 32
nid008353,2026/05/03 15:44:53.702, 0, GPU-3ad85384-e7dd-8c9b-13da-56f54bf334d9, NVIDIA A100-SXM4-80GB, 74921, 81920, 0, 111.94, 34
nid008353,2026/05/03 15:44:53.705, 1, GPU-3d65dc3f-116a-1dd4-937c-6e4481a765b5, NVIDIA A100-SXM4-80GB, 74911, 81920, 21, 113.41, 32
nid008353,2026/05/03 15:44:53.707, 2, GPU-338e4806-c72e-e37a-4798-dc47c2f2de03, NVIDIA A100-SXM4-80GB, 74911, 81920, 2, 115.65, 35
nid008353,2026/05/03 15:44:53.708, 3, GPU-fec40d98-ea80-e220-a49c-31ccab4741af, NVIDIA A100-SXM4-80GB, 74911, 81920, 7, 132.49, 33
nid008352,2026/05/03 15:44:56.581, 0, GPU-c8e590fe-c1df-fb38-7bf3-9ed4364cf576, NVIDIA A100-SXM4-80GB, 74217, 81920, 96, 129.49, 35
nid008352,2026/05/03 15:44:56.587, 1, GPU-5efb5c1d-1cd8-daca-bd51-2f30d62f6e1e, NVIDIA A100-SXM4-80GB, 74149, 81920, 51, 120.02, 31
nid008352,2026/05/03 15:44:56.592, 2, GPU-1d24ec01-d8bb-a3cf-73c2-7d6014d1dd4d, NVIDIA A100-SXM4-80GB, 74149, 81920, 100, 122.87, 34
nid008352,2026/05/03 15:44:56.597, 3, GPU-689a6e7c-a622-65fb-9f4d-887ba745f660, NVIDIA A100-SXM4-80GB, 74149, 81920, 35, 125.30, 32
nid008353,2026/05/03 15:44:57.438, 0, GPU-3ad85384-e7dd-8c9b-13da-56f54bf334d9, NVIDIA A100-SXM4-80GB, 74921, 81920, 0, 130.04, 34
nid008353,2026/05/03 15:44:57.441, 1, GPU-3d65dc3f-116a-1dd4-937c-6e4481a765b5, NVIDIA A100-SXM4-80GB, 74911, 81920, 93, 113.51, 32
nid008353,2026/05/03 15:44:57.442, 2, GPU-338e4806-c72e-e37a-4798-dc47c2f2de03, NVIDIA A100-SXM4-80GB, 74911, 81920, 29, 135.31, 35
nid008353,2026/05/03 15:44:57.444, 3, GPU-fec40d98-ea80-e220-a49c-31ccab4741af, NVIDIA A100-SXM4-80GB, 74911, 81920, 52, 127.16, 32
nid008352,2026/05/03 15:45:00.321, 0, GPU-c8e590fe-c1df-fb38-7bf3-9ed4364cf576, NVIDIA A100-SXM4-80GB, 74217, 81920, 2, 143.53, 35
nid008352,2026/05/03 15:45:00.324, 1, GPU-5efb5c1d-1cd8-daca-bd51-2f30d62f6e1e, NVIDIA A100-SXM4-80GB, 74149, 81920, 0, 132.86, 32
nid008352,2026/05/03 15:45:00.326, 2, GPU-1d24ec01-d8bb-a3cf-73c2-7d6014d1dd4d, NVIDIA A100-SXM4-80GB, 74149, 81920, 0, 205.21, 35
nid008352,2026/05/03 15:45:00.327, 3, GPU-689a6e7c-a622-65fb-9f4d-887ba745f660, NVIDIA A100-SXM4-80GB, 74149, 81920, 0, 130.85, 33
nid008353,2026/05/03 15:45:01.184, 0, GPU-3ad85384-e7dd-8c9b-13da-56f54bf334d9, NVIDIA A100-SXM4-80GB, 74921, 81920, 29, 147.34, 35
nid008353,2026/05/03 15:45:01.186, 1, GPU-3d65dc3f-116a-1dd4-937c-6e4481a765b5, NVIDIA A100-SXM4-80GB, 74911, 81920, 65, 113.51, 32
nid008353,2026/05/03 15:45:01.188, 2, GPU-338e4806-c72e-e37a-4798-dc47c2f2de03, NVIDIA A100-SXM4-80GB, 74911, 81920, 93, 116.18, 35
nid008353,2026/05/03 15:45:01.189, 3, GPU-fec40d98-ea80-e220-a49c-31ccab4741af, NVIDIA A100-SXM4-80GB, 74911, 81920, 36, 111.69, 32
nid008352,2026/05/03 15:45:04.082, 0, GPU-c8e590fe-c1df-fb38-7bf3-9ed4364cf576, NVIDIA A100-SXM4-80GB, 74217, 81920, 52, 113.53, 34
nid008352,2026/05/03 15:45:04.084, 1, GPU-5efb5c1d-1cd8-daca-bd51-2f30d62f6e1e, NVIDIA A100-SXM4-80GB, 74149, 81920, 46, 113.02, 31
nid008352,2026/05/03 15:45:04.086, 2, GPU-1d24ec01-d8bb-a3cf-73c2-7d6014d1dd4d, NVIDIA A100-SXM4-80GB, 74149, 81920, 16, 114.47, 34
nid008352,2026/05/03 15:45:04.087, 3, GPU-689a6e7c-a622-65fb-9f4d-887ba745f660, NVIDIA A100-SXM4-80GB, 74149, 81920, 100, 109.28, 32
nid008353,2026/05/03 15:45:04.911, 0, GPU-3ad85384-e7dd-8c9b-13da-56f54bf334d9, NVIDIA A100-SXM4-80GB, 74921, 81920, 73, 134.71, 34
nid008353,2026/05/03 15:45:04.913, 1, GPU-3d65dc3f-116a-1dd4-937c-6e4481a765b5, NVIDIA A100-SXM4-80GB, 74911, 81920, 0, 131.40, 32
nid008353,2026/05/03 15:45:04.915, 2, GPU-338e4806-c72e-e37a-4798-dc47c2f2de03, NVIDIA A100-SXM4-80GB, 74911, 81920, 77, 127.01, 35
nid008353,2026/05/03 15:45:04.917, 3, GPU-fec40d98-ea80-e220-a49c-31ccab4741af, NVIDIA A100-SXM4-80GB, 74911, 81920, 40, 133.94, 32
nid008352,2026/05/03 15:45:07.800, 0, GPU-c8e590fe-c1df-fb38-7bf3-9ed4364cf576, NVIDIA A100-SXM4-80GB, 74217, 81920, 97, 125.67, 35
nid008352,2026/05/03 15:45:07.803, 1, GPU-5efb5c1d-1cd8-daca-bd51-2f30d62f6e1e, NVIDIA A100-SXM4-80GB, 74149, 81920, 81, 136.21, 31
nid008352,2026/05/03 15:45:07.805, 2, GPU-1d24ec01-d8bb-a3cf-73c2-7d6014d1dd4d, NVIDIA A100-SXM4-80GB, 74149, 81920, 38, 118.55, 34
nid008352,2026/05/03 15:45:07.807, 3, GPU-689a6e7c-a622-65fb-9f4d-887ba745f660, NVIDIA A100-SXM4-80GB, 74149, 81920, 76, 122.92, 32
nid008353,2026/05/03 15:45:08.652, 0, GPU-3ad85384-e7dd-8c9b-13da-56f54bf334d9, NVIDIA A100-SXM4-80GB, 74921, 81920, 0, 128.11, 34
nid008353,2026/05/03 15:45:08.655, 1, GPU-3d65dc3f-116a-1dd4-937c-6e4481a765b5, NVIDIA A100-SXM4-80GB, 74911, 81920, 81, 125.30, 32
nid008353,2026/05/03 15:45:08.656, 2, GPU-338e4806-c72e-e37a-4798-dc47c2f2de03, NVIDIA A100-SXM4-80GB, 74911, 81920, 0, 130.48, 35
nid008353,2026/05/03 15:45:08.658, 3, GPU-fec40d98-ea80-e220-a49c-31ccab4741af, NVIDIA A100-SXM4-80GB, 74911, 81920, 0, 123.07, 32
nid008352,2026/05/03 15:45:11.584, 0, GPU-c8e590fe-c1df-fb38-7bf3-9ed4364cf576, NVIDIA A100-SXM4-80GB, 74217, 81920, 33, 127.52, 35
nid008352,2026/05/03 15:45:11.587, 1, GPU-5efb5c1d-1cd8-daca-bd51-2f30d62f6e1e, NVIDIA A100-SXM4-80GB, 74149, 81920, 56, 130.51, 31
nid008352,2026/05/03 15:45:11.588, 2, GPU-1d24ec01-d8bb-a3cf-73c2-7d6014d1dd4d, NVIDIA A100-SXM4-80GB, 74149, 81920, 97, 117.23, 34
nid008352,2026/05/03 15:45:11.590, 3, GPU-689a6e7c-a622-65fb-9f4d-887ba745f660, NVIDIA A100-SXM4-80GB, 74149, 81920, 75, 109.80, 32
nid008353,2026/05/03 15:45:12.476, 0, GPU-3ad85384-e7dd-8c9b-13da-56f54bf334d9, NVIDIA A100-SXM4-80GB, 74921, 81920, 13, 111.79, 34
nid008353,2026/05/03 15:45:12.478, 1, GPU-3d65dc3f-116a-1dd4-937c-6e4481a765b5, NVIDIA A100-SXM4-80GB, 74911, 81920, 64, 113.54, 32
nid008353,2026/05/03 15:45:12.480, 2, GPU-338e4806-c72e-e37a-4798-dc47c2f2de03, NVIDIA A100-SXM4-80GB, 74911, 81920, 26, 116.03, 35
nid008353,2026/05/03 15:45:12.481, 3, GPU-fec40d98-ea80-e220-a49c-31ccab4741af, NVIDIA A100-SXM4-80GB, 74911, 81920, 9, 111.29, 32
nid008352,2026/05/03 15:45:15.372, 0, GPU-c8e590fe-c1df-fb38-7bf3-9ed4364cf576, NVIDIA A100-SXM4-80GB, 74217, 81920, 3, 116.04, 34
nid008352,2026/05/03 15:45:15.378, 1, GPU-5efb5c1d-1cd8-daca-bd51-2f30d62f6e1e, NVIDIA A100-SXM4-80GB, 74149, 81920, 6, 124.69, 31
nid008352,2026/05/03 15:45:15.381, 2, GPU-1d24ec01-d8bb-a3cf-73c2-7d6014d1dd4d, NVIDIA A100-SXM4-80GB, 74149, 81920, 54, 124.34, 34
nid008352,2026/05/03 15:45:15.386, 3, GPU-689a6e7c-a622-65fb-9f4d-887ba745f660, NVIDIA A100-SXM4-80GB, 74149, 81920, 56, 112.99, 32
nid008353,2026/05/03 15:45:16.225, 0, GPU-3ad85384-e7dd-8c9b-13da-56f54bf334d9, NVIDIA A100-SXM4-80GB, 74921, 81920, 0, 111.79, 34
nid008353,2026/05/03 15:45:16.227, 1, GPU-3d65dc3f-116a-1dd4-937c-6e4481a765b5, NVIDIA A100-SXM4-80GB, 74911, 81920, 10, 113.41, 32
nid008353,2026/05/03 15:45:16.231, 2, GPU-338e4806-c72e-e37a-4798-dc47c2f2de03, NVIDIA A100-SXM4-80GB, 74911, 81920, 22, 115.79, 35
nid008353,2026/05/03 15:45:16.236, 3, GPU-fec40d98-ea80-e220-a49c-31ccab4741af, NVIDIA A100-SXM4-80GB, 74911, 81920, 0, 111.29, 32
nid008352,2026/05/03 15:45:19.119, 0, GPU-c8e590fe-c1df-fb38-7bf3-9ed4364cf576, NVIDIA A100-SXM4-80GB, 74217, 81920, 27, 115.62, 34
nid008352,2026/05/03 15:45:19.122, 1, GPU-5efb5c1d-1cd8-daca-bd51-2f30d62f6e1e, NVIDIA A100-SXM4-80GB, 74149, 81920, 35, 114.31, 31
nid008352,2026/05/03 15:45:19.124, 2, GPU-1d24ec01-d8bb-a3cf-73c2-7d6014d1dd4d, NVIDIA A100-SXM4-80GB, 74149, 81920, 50, 126.99, 34
nid008352,2026/05/03 15:45:19.125, 3, GPU-689a6e7c-a622-65fb-9f4d-887ba745f660, NVIDIA A100-SXM4-80GB, 74149, 81920, 44, 115.75, 32
nid008353,2026/05/03 15:45:19.943, 0, GPU-3ad85384-e7dd-8c9b-13da-56f54bf334d9, NVIDIA A100-SXM4-80GB, 74921, 81920, 3, 111.55, 34
nid008353,2026/05/03 15:45:19.945, 1, GPU-3d65dc3f-116a-1dd4-937c-6e4481a765b5, NVIDIA A100-SXM4-80GB, 74911, 81920, 8, 139.46, 32
nid008353,2026/05/03 15:45:19.947, 2, GPU-338e4806-c72e-e37a-4798-dc47c2f2de03, NVIDIA A100-SXM4-80GB, 74911, 81920, 0, 115.64, 35
nid008353,2026/05/03 15:45:19.949, 3, GPU-fec40d98-ea80-e220-a49c-31ccab4741af, NVIDIA A100-SXM4-80GB, 74911, 81920, 0, 111.53, 32
nid008352,2026/05/03 15:45:22.882, 0, GPU-c8e590fe-c1df-fb38-7bf3-9ed4364cf576, NVIDIA A100-SXM4-80GB, 74217, 81920, 15, 113.76, 35
nid008352,2026/05/03 15:45:22.885, 1, GPU-5efb5c1d-1cd8-daca-bd51-2f30d62f6e1e, NVIDIA A100-SXM4-80GB, 74149, 81920, 13, 130.87, 32
nid008352,2026/05/03 15:45:22.886, 2, GPU-1d24ec01-d8bb-a3cf-73c2-7d6014d1dd4d, NVIDIA A100-SXM4-80GB, 74149, 81920, 33, 123.01, 34
nid008352,2026/05/03 15:45:22.888, 3, GPU-689a6e7c-a622-65fb-9f4d-887ba745f660, NVIDIA A100-SXM4-80GB, 74149, 81920, 51, 125.44, 32
nid008353,2026/05/03 15:45:23.740, 0, GPU-3ad85384-e7dd-8c9b-13da-56f54bf334d9, NVIDIA A100-SXM4-80GB, 74921, 81920, 2, 111.79, 34
nid008353,2026/05/03 15:45:23.743, 1, GPU-3d65dc3f-116a-1dd4-937c-6e4481a765b5, NVIDIA A100-SXM4-80GB, 74911, 81920, 0, 113.54, 32
nid008353,2026/05/03 15:45:23.745, 2, GPU-338e4806-c72e-e37a-4798-dc47c2f2de03, NVIDIA A100-SXM4-80GB, 74911, 81920, 96, 115.50, 35
nid008353,2026/05/03 15:45:23.746, 3, GPU-fec40d98-ea80-e220-a49c-31ccab4741af, NVIDIA A100-SXM4-80GB, 74911, 81920, 0, 111.29, 32
nid008352,2026/05/03 15:45:26.624, 0, GPU-c8e590fe-c1df-fb38-7bf3-9ed4364cf576, NVIDIA A100-SXM4-80GB, 74217, 81920, 49, 114.18, 34
nid008352,2026/05/03 15:45:26.626, 1, GPU-5efb5c1d-1cd8-daca-bd51-2f30d62f6e1e, NVIDIA A100-SXM4-80GB, 74149, 81920, 18, 113.02, 31
nid008352,2026/05/03 15:45:26.628, 2, GPU-1d24ec01-d8bb-a3cf-73c2-7d6014d1dd4d, NVIDIA A100-SXM4-80GB, 74149, 81920, 34, 116.42, 34
nid008352,2026/05/03 15:45:26.630, 3, GPU-689a6e7c-a622-65fb-9f4d-887ba745f660, NVIDIA A100-SXM4-80GB, 74149, 81920, 30, 112.75, 32
nid008353,2026/05/03 15:45:27.484, 0, GPU-3ad85384-e7dd-8c9b-13da-56f54bf334d9, NVIDIA A100-SXM4-80GB, 74921, 81920, 60, 111.79, 34
nid008353,2026/05/03 15:45:27.487, 1, GPU-3d65dc3f-116a-1dd4-937c-6e4481a765b5, NVIDIA A100-SXM4-80GB, 74911, 81920, 5, 113.41, 32
nid008353,2026/05/03 15:45:27.489, 2, GPU-338e4806-c72e-e37a-4798-dc47c2f2de03, NVIDIA A100-SXM4-80GB, 74911, 81920, 5, 134.43, 35
nid008353,2026/05/03 15:45:27.491, 3, GPU-fec40d98-ea80-e220-a49c-31ccab4741af, NVIDIA A100-SXM4-80GB, 74911, 81920, 0, 142.99, 32
nid008352,2026/05/03 15:45:30.366, 0, GPU-c8e590fe-c1df-fb38-7bf3-9ed4364cf576, NVIDIA A100-SXM4-80GB, 74217, 81920, 11, 114.34, 34
nid008352,2026/05/03 15:45:30.369, 1, GPU-5efb5c1d-1cd8-daca-bd51-2f30d62f6e1e, NVIDIA A100-SXM4-80GB, 74149, 81920, 57, 113.26, 31
nid008352,2026/05/03 15:45:30.374, 2, GPU-1d24ec01-d8bb-a3cf-73c2-7d6014d1dd4d, NVIDIA A100-SXM4-80GB, 74149, 81920, 30, 122.78, 34
nid008352,2026/05/03 15:45:30.376, 3, GPU-689a6e7c-a622-65fb-9f4d-887ba745f660, NVIDIA A100-SXM4-80GB, 74149, 81920, 95, 123.97, 32
nid008353,2026/05/03 15:45:31.207, 0, GPU-3ad85384-e7dd-8c9b-13da-56f54bf334d9, NVIDIA A100-SXM4-80GB, 74921, 81920, 0, 111.79, 34
nid008353,2026/05/03 15:45:31.210, 1, GPU-3d65dc3f-116a-1dd4-937c-6e4481a765b5, NVIDIA A100-SXM4-80GB, 74911, 81920, 28, 113.41, 32
nid008353,2026/05/03 15:45:31.211, 2, GPU-338e4806-c72e-e37a-4798-dc47c2f2de03, NVIDIA A100-SXM4-80GB, 74911, 81920, 17, 115.79, 35
nid008353,2026/05/03 15:45:31.213, 3, GPU-fec40d98-ea80-e220-a49c-31ccab4741af, NVIDIA A100-SXM4-80GB, 74911, 81920, 0, 111.53, 32
nid008352,2026/05/03 15:45:34.102, 0, GPU-c8e590fe-c1df-fb38-7bf3-9ed4364cf576, NVIDIA A100-SXM4-80GB, 74217, 81920, 53, 114.18, 34
nid008352,2026/05/03 15:45:34.109, 1, GPU-5efb5c1d-1cd8-daca-bd51-2f30d62f6e1e, NVIDIA A100-SXM4-80GB, 74149, 81920, 59, 113.02, 31
nid008352,2026/05/03 15:45:34.114, 2, GPU-1d24ec01-d8bb-a3cf-73c2-7d6014d1dd4d, NVIDIA A100-SXM4-80GB, 74149, 81920, 100, 114.34, 34
nid008352,2026/05/03 15:45:34.119, 3, GPU-689a6e7c-a622-65fb-9f4d-887ba745f660, NVIDIA A100-SXM4-80GB, 74149, 81920, 2, 109.28, 32
nid008353,2026/05/03 15:45:34.997, 0, GPU-3ad85384-e7dd-8c9b-13da-56f54bf334d9, NVIDIA A100-SXM4-80GB, 74921, 81920, 25, 111.53, 34
nid008353,2026/05/03 15:45:34.999, 1, GPU-3d65dc3f-116a-1dd4-937c-6e4481a765b5, NVIDIA A100-SXM4-80GB, 74911, 81920, 60, 113.27, 32
nid008353,2026/05/03 15:45:35.001, 2, GPU-338e4806-c72e-e37a-4798-dc47c2f2de03, NVIDIA A100-SXM4-80GB, 74911, 81920, 72, 115.89, 35
nid008353,2026/05/03 15:45:35.003, 3, GPU-fec40d98-ea80-e220-a49c-31ccab4741af, NVIDIA A100-SXM4-80GB, 74911, 81920, 2, 111.40, 32
nid008352,2026/05/03 15:45:37.878, 0, GPU-c8e590fe-c1df-fb38-7bf3-9ed4364cf576, NVIDIA A100-SXM4-80GB, 74217, 81920, 82, 122.87, 34
nid008352,2026/05/03 15:45:37.881, 1, GPU-5efb5c1d-1cd8-daca-bd51-2f30d62f6e1e, NVIDIA A100-SXM4-80GB, 74149, 81920, 34, 124.78, 31
nid008352,2026/05/03 15:45:37.883, 2, GPU-1d24ec01-d8bb-a3cf-73c2-7d6014d1dd4d, NVIDIA A100-SXM4-80GB, 74149, 81920, 46, 124.71, 34
nid008352,2026/05/03 15:45:37.884, 3, GPU-689a6e7c-a622-65fb-9f4d-887ba745f660, NVIDIA A100-SXM4-80GB, 74149, 81920, 77, 130.17, 32
nid008353,2026/05/03 15:45:38.776, 0, GPU-3ad85384-e7dd-8c9b-13da-56f54bf334d9, NVIDIA A100-SXM4-80GB, 74921, 81920, 0, 134.63, 34
nid008353,2026/05/03 15:45:38.778, 1, GPU-3d65dc3f-116a-1dd4-937c-6e4481a765b5, NVIDIA A100-SXM4-80GB, 74911, 81920, 0, 121.97, 32
nid008353,2026/05/03 15:45:38.780, 2, GPU-338e4806-c72e-e37a-4798-dc47c2f2de03, NVIDIA A100-SXM4-80GB, 74911, 81920, 69, 134.55, 35
nid008353,2026/05/03 15:45:38.782, 3, GPU-fec40d98-ea80-e220-a49c-31ccab4741af, NVIDIA A100-SXM4-80GB, 74911, 81920, 0, 127.97, 32
nid008352,2026/05/03 15:45:41.645, 0, GPU-c8e590fe-c1df-fb38-7bf3-9ed4364cf576, NVIDIA A100-SXM4-80GB, 74237, 81920, 63, 177.06, 35
nid008352,2026/05/03 15:45:41.648, 1, GPU-5efb5c1d-1cd8-daca-bd51-2f30d62f6e1e, NVIDIA A100-SXM4-80GB, 74169, 81920, 100, 259.51, 34
nid008352,2026/05/03 15:45:41.650, 2, GPU-1d24ec01-d8bb-a3cf-73c2-7d6014d1dd4d, NVIDIA A100-SXM4-80GB, 74169, 81920, 100, 179.63, 36
nid008352,2026/05/03 15:45:41.652, 3, GPU-689a6e7c-a622-65fb-9f4d-887ba745f660, NVIDIA A100-SXM4-80GB, 74169, 81920, 100, 254.93, 34
nid008353,2026/05/03 15:45:42.534, 0, GPU-3ad85384-e7dd-8c9b-13da-56f54bf334d9, NVIDIA A100-SXM4-80GB, 75011, 81920, 6, 111.94, 34
nid008353,2026/05/03 15:45:42.537, 1, GPU-3d65dc3f-116a-1dd4-937c-6e4481a765b5, NVIDIA A100-SXM4-80GB, 74911, 81920, 76, 113.65, 32
nid008353,2026/05/03 15:45:42.539, 2, GPU-338e4806-c72e-e37a-4798-dc47c2f2de03, NVIDIA A100-SXM4-80GB, 74911, 81920, 100, 116.31, 35
nid008353,2026/05/03 15:45:42.541, 3, GPU-fec40d98-ea80-e220-a49c-31ccab4741af, NVIDIA A100-SXM4-80GB, 74911, 81920, 68, 111.92, 32
nid008352,2026/05/03 15:45:45.409, 0, GPU-c8e590fe-c1df-fb38-7bf3-9ed4364cf576, NVIDIA A100-SXM4-80GB, 74325, 81920, 85, 113.63, 35
nid008352,2026/05/03 15:45:45.412, 1, GPU-5efb5c1d-1cd8-daca-bd51-2f30d62f6e1e, NVIDIA A100-SXM4-80GB, 74257, 81920, 100, 127.16, 31
nid008352,2026/05/03 15:45:45.414, 2, GPU-1d24ec01-d8bb-a3cf-73c2-7d6014d1dd4d, NVIDIA A100-SXM4-80GB, 74257, 81920, 100, 117.18, 34
nid008352,2026/05/03 15:45:45.415, 3, GPU-689a6e7c-a622-65fb-9f4d-887ba745f660, NVIDIA A100-SXM4-80GB, 74257, 81920, 16, 117.46, 32
nid008353,2026/05/03 15:45:46.285, 0, GPU-3ad85384-e7dd-8c9b-13da-56f54bf334d9, NVIDIA A100-SXM4-80GB, 75011, 81920, 4, 111.66, 34
nid008353,2026/05/03 15:45:46.288, 1, GPU-3d65dc3f-116a-1dd4-937c-6e4481a765b5, NVIDIA A100-SXM4-80GB, 75001, 81920, 95, 113.41, 32
nid008353,2026/05/03 15:45:46.289, 2, GPU-338e4806-c72e-e37a-4798-dc47c2f2de03, NVIDIA A100-SXM4-80GB, 75001, 81920, 97, 131.09, 35
nid008353,2026/05/03 15:45:46.291, 3, GPU-fec40d98-ea80-e220-a49c-31ccab4741af, NVIDIA A100-SXM4-80GB, 75001, 81920, 24, 136.80, 32
nid008352,2026/05/03 15:45:49.181, 0, GPU-c8e590fe-c1df-fb38-7bf3-9ed4364cf576, NVIDIA A100-SXM4-80GB, 74325, 81920, 2, 117.61, 34
nid008352,2026/05/03 15:45:49.184, 1, GPU-5efb5c1d-1cd8-daca-bd51-2f30d62f6e1e, NVIDIA A100-SXM4-80GB, 74257, 81920, 100, 120.54, 31
nid008352,2026/05/03 15:45:49.185, 2, GPU-1d24ec01-d8bb-a3cf-73c2-7d6014d1dd4d, NVIDIA A100-SXM4-80GB, 74257, 81920, 100, 134.83, 34
nid008352,2026/05/03 15:45:49.187, 3, GPU-689a6e7c-a622-65fb-9f4d-887ba745f660, NVIDIA A100-SXM4-80GB, 74257, 81920, 68, 109.67, 32
nid008353,2026/05/03 15:45:50.042, 0, GPU-3ad85384-e7dd-8c9b-13da-56f54bf334d9, NVIDIA A100-SXM4-80GB, 75011, 81920, 73, 111.53, 34
nid008353,2026/05/03 15:45:50.045, 1, GPU-3d65dc3f-116a-1dd4-937c-6e4481a765b5, NVIDIA A100-SXM4-80GB, 75001, 81920, 96, 113.27, 32
nid008353,2026/05/03 15:45:50.048, 2, GPU-338e4806-c72e-e37a-4798-dc47c2f2de03, NVIDIA A100-SXM4-80GB, 75001, 81920, 93, 115.51, 35
nid008353,2026/05/03 15:45:50.049, 3, GPU-fec40d98-ea80-e220-a49c-31ccab4741af, NVIDIA A100-SXM4-80GB, 75001, 81920, 29, 109.93, 32
nid008352,2026/05/03 15:45:52.916, 0, GPU-c8e590fe-c1df-fb38-7bf3-9ed4364cf576, NVIDIA A100-SXM4-80GB, 74325, 81920, 76, 122.34, 34
nid008352,2026/05/03 15:45:52.919, 1, GPU-5efb5c1d-1cd8-daca-bd51-2f30d62f6e1e, NVIDIA A100-SXM4-80GB, 74257, 81920, 100, 129.83, 31
nid008352,2026/05/03 15:45:52.921, 2, GPU-1d24ec01-d8bb-a3cf-73c2-7d6014d1dd4d, NVIDIA A100-SXM4-80GB, 74257, 81920, 100, 114.96, 34
nid008352,2026/05/03 15:45:52.922, 3, GPU-689a6e7c-a622-65fb-9f4d-887ba745f660, NVIDIA A100-SXM4-80GB, 74257, 81920, 35, 109.28, 32
nid008353,2026/05/03 15:45:53.760, 0, GPU-3ad85384-e7dd-8c9b-13da-56f54bf334d9, NVIDIA A100-SXM4-80GB, 75011, 81920, 74, 111.53, 34
nid008353,2026/05/03 15:45:53.763, 1, GPU-3d65dc3f-116a-1dd4-937c-6e4481a765b5, NVIDIA A100-SXM4-80GB, 75001, 81920, 100, 113.27, 31
nid008353,2026/05/03 15:45:53.764, 2, GPU-338e4806-c72e-e37a-4798-dc47c2f2de03, NVIDIA A100-SXM4-80GB, 75001, 81920, 87, 116.69, 35
nid008353,2026/05/03 15:45:53.766, 3, GPU-fec40d98-ea80-e220-a49c-31ccab4741af, NVIDIA A100-SXM4-80GB, 75001, 81920, 50, 111.03, 32
nid008352,2026/05/03 15:45:56.660, 0, GPU-c8e590fe-c1df-fb38-7bf3-9ed4364cf576, NVIDIA A100-SXM4-80GB, 74325, 81920, 78, 113.39, 34
nid008352,2026/05/03 15:45:56.663, 1, GPU-5efb5c1d-1cd8-daca-bd51-2f30d62f6e1e, NVIDIA A100-SXM4-80GB, 74257, 81920, 100, 114.98, 31
nid008352,2026/05/03 15:45:56.664, 2, GPU-1d24ec01-d8bb-a3cf-73c2-7d6014d1dd4d, NVIDIA A100-SXM4-80GB, 74257, 81920, 100, 119.17, 34
nid008352,2026/05/03 15:45:56.666, 3, GPU-689a6e7c-a622-65fb-9f4d-887ba745f660, NVIDIA A100-SXM4-80GB, 74257, 81920, 22, 122.78, 32
nid008353,2026/05/03 15:45:57.488, 0, GPU-3ad85384-e7dd-8c9b-13da-56f54bf334d9, NVIDIA A100-SXM4-80GB, 75011, 81920, 37, 117.89, 34
nid008353,2026/05/03 15:45:57.491, 1, GPU-3d65dc3f-116a-1dd4-937c-6e4481a765b5, NVIDIA A100-SXM4-80GB, 75001, 81920, 93, 113.27, 31
nid008353,2026/05/03 15:45:57.492, 2, GPU-338e4806-c72e-e37a-4798-dc47c2f2de03, NVIDIA A100-SXM4-80GB, 75001, 81920, 100, 115.65, 35
nid008353,2026/05/03 15:45:57.494, 3, GPU-fec40d98-ea80-e220-a49c-31ccab4741af, NVIDIA A100-SXM4-80GB, 75001, 81920, 50, 110.06, 32
nid008352,2026/05/03 15:46:00.355, 0, GPU-c8e590fe-c1df-fb38-7bf3-9ed4364cf576, NVIDIA A100-SXM4-80GB, 74325, 81920, 100, 113.63, 34
nid008352,2026/05/03 15:46:00.357, 1, GPU-5efb5c1d-1cd8-daca-bd51-2f30d62f6e1e, NVIDIA A100-SXM4-80GB, 74257, 81920, 100, 115.50, 31
nid008352,2026/05/03 15:46:00.359, 2, GPU-1d24ec01-d8bb-a3cf-73c2-7d6014d1dd4d, NVIDIA A100-SXM4-80GB, 74257, 81920, 100, 122.63, 34
nid008352,2026/05/03 15:46:00.360, 3, GPU-689a6e7c-a622-65fb-9f4d-887ba745f660, NVIDIA A100-SXM4-80GB, 74257, 81920, 2, 119.08, 31
nid008353,2026/05/03 15:46:01.288, 0, GPU-3ad85384-e7dd-8c9b-13da-56f54bf334d9, NVIDIA A100-SXM4-80GB, 75011, 81920, 63, 111.42, 34
nid008353,2026/05/03 15:46:01.291, 1, GPU-3d65dc3f-116a-1dd4-937c-6e4481a765b5, NVIDIA A100-SXM4-80GB, 75001, 81920, 99, 134.43, 31
nid008353,2026/05/03 15:46:01.295, 2, GPU-338e4806-c72e-e37a-4798-dc47c2f2de03, NVIDIA A100-SXM4-80GB, 75001, 81920, 92, 120.40, 35
nid008353,2026/05/03 15:46:01.301, 3, GPU-fec40d98-ea80-e220-a49c-31ccab4741af, NVIDIA A100-SXM4-80GB, 75001, 81920, 0, 127.53, 32
nid008352,2026/05/03 15:46:04.197, 0, GPU-c8e590fe-c1df-fb38-7bf3-9ed4364cf576, NVIDIA A100-SXM4-80GB, 74325, 81920, 100, 127.89, 34
nid008352,2026/05/03 15:46:04.200, 1, GPU-5efb5c1d-1cd8-daca-bd51-2f30d62f6e1e, NVIDIA A100-SXM4-80GB, 74257, 81920, 100, 115.65, 31
nid008352,2026/05/03 15:46:04.201, 2, GPU-1d24ec01-d8bb-a3cf-73c2-7d6014d1dd4d, NVIDIA A100-SXM4-80GB, 74257, 81920, 100, 114.96, 34
nid008352,2026/05/03 15:46:04.203, 3, GPU-689a6e7c-a622-65fb-9f4d-887ba745f660, NVIDIA A100-SXM4-80GB, 74257, 81920, 1, 109.67, 31
nid008353,2026/05/03 15:46:05.076, 0, GPU-3ad85384-e7dd-8c9b-13da-56f54bf334d9, NVIDIA A100-SXM4-80GB, 75011, 81920, 49, 111.53, 33
nid008353,2026/05/03 15:46:05.085, 1, GPU-3d65dc3f-116a-1dd4-937c-6e4481a765b5, NVIDIA A100-SXM4-80GB, 75001, 81920, 100, 113.27, 31
nid008353,2026/05/03 15:46:05.090, 2, GPU-338e4806-c72e-e37a-4798-dc47c2f2de03, NVIDIA A100-SXM4-80GB, 75001, 81920, 72, 115.51, 34
nid008353,2026/05/03 15:46:05.095, 3, GPU-fec40d98-ea80-e220-a49c-31ccab4741af, NVIDIA A100-SXM4-80GB, 75001, 81920, 40, 111.03, 31
nid008352,2026/05/03 15:46:08.007, 0, GPU-c8e590fe-c1df-fb38-7bf3-9ed4364cf576, NVIDIA A100-SXM4-80GB, 74325, 81920, 25, 120.12, 34
nid008352,2026/05/03 15:46:08.012, 1, GPU-5efb5c1d-1cd8-daca-bd51-2f30d62f6e1e, NVIDIA A100-SXM4-80GB, 74257, 81920, 69, 130.72, 31
nid008352,2026/05/03 15:46:08.020, 2, GPU-1d24ec01-d8bb-a3cf-73c2-7d6014d1dd4d, NVIDIA A100-SXM4-80GB, 74257, 81920, 100, 124.85, 34
nid008352,2026/05/03 15:46:08.026, 3, GPU-689a6e7c-a622-65fb-9f4d-887ba745f660, NVIDIA A100-SXM4-80GB, 74257, 81920, 100, 114.86, 32
nid008353,2026/05/03 15:46:08.862, 0, GPU-3ad85384-e7dd-8c9b-13da-56f54bf334d9, NVIDIA A100-SXM4-80GB, 75011, 81920, 59, 126.10, 34
nid008353,2026/05/03 15:46:08.864, 1, GPU-3d65dc3f-116a-1dd4-937c-6e4481a765b5, NVIDIA A100-SXM4-80GB, 75001, 81920, 24, 120.40, 31
nid008353,2026/05/03 15:46:08.866, 2, GPU-338e4806-c72e-e37a-4798-dc47c2f2de03, NVIDIA A100-SXM4-80GB, 75001, 81920, 87, 129.00, 35
nid008353,2026/05/03 15:46:08.868, 3, GPU-fec40d98-ea80-e220-a49c-31ccab4741af, NVIDIA A100-SXM4-80GB, 75001, 81920, 83, 119.74, 32
nid008352,2026/05/03 15:46:11.725, 0, GPU-c8e590fe-c1df-fb38-7bf3-9ed4364cf576, NVIDIA A100-SXM4-80GB, 74325, 81920, 90, 116.43, 34
nid008352,2026/05/03 15:46:11.728, 1, GPU-5efb5c1d-1cd8-daca-bd51-2f30d62f6e1e, NVIDIA A100-SXM4-80GB, 74257, 81920, 61, 125.30, 31
nid008352,2026/05/03 15:46:11.730, 2, GPU-1d24ec01-d8bb-a3cf-73c2-7d6014d1dd4d, NVIDIA A100-SXM4-80GB, 74257, 81920, 48, 127.08, 34
nid008352,2026/05/03 15:46:11.731, 3, GPU-689a6e7c-a622-65fb-9f4d-887ba745f660, NVIDIA A100-SXM4-80GB, 74257, 81920, 74, 123.16, 32
nid008353,2026/05/03 15:46:12.580, 0, GPU-3ad85384-e7dd-8c9b-13da-56f54bf334d9, NVIDIA A100-SXM4-80GB, 75011, 81920, 56, 115.89, 34
nid008353,2026/05/03 15:46:12.582, 1, GPU-3d65dc3f-116a-1dd4-937c-6e4481a765b5, NVIDIA A100-SXM4-80GB, 75001, 81920, 27, 146.59, 32
nid008353,2026/05/03 15:46:12.584, 2, GPU-338e4806-c72e-e37a-4798-dc47c2f2de03, NVIDIA A100-SXM4-80GB, 75001, 81920, 7, 116.46, 35
nid008353,2026/05/03 15:46:12.586, 3, GPU-fec40d98-ea80-e220-a49c-31ccab4741af, NVIDIA A100-SXM4-80GB, 75001, 81920, 7, 114.31, 32
nid008352,2026/05/03 15:46:15.525, 0, GPU-c8e590fe-c1df-fb38-7bf3-9ed4364cf576, NVIDIA A100-SXM4-80GB, 74325, 81920, 37, 131.06, 34
nid008352,2026/05/03 15:46:15.528, 1, GPU-5efb5c1d-1cd8-daca-bd51-2f30d62f6e1e, NVIDIA A100-SXM4-80GB, 74257, 81920, 100, 116.69, 31
nid008352,2026/05/03 15:46:15.529, 2, GPU-1d24ec01-d8bb-a3cf-73c2-7d6014d1dd4d, NVIDIA A100-SXM4-80GB, 74257, 81920, 100, 138.68, 34
nid008352,2026/05/03 15:46:15.531, 3, GPU-689a6e7c-a622-65fb-9f4d-887ba745f660, NVIDIA A100-SXM4-80GB, 74257, 81920, 57, 115.48, 32
nid008353,2026/05/03 15:46:16.415, 0, GPU-3ad85384-e7dd-8c9b-13da-56f54bf334d9, NVIDIA A100-SXM4-80GB, 75011, 81920, 6, 111.42, 34
nid008353,2026/05/03 15:46:16.418, 1, GPU-3d65dc3f-116a-1dd4-937c-6e4481a765b5, NVIDIA A100-SXM4-80GB, 75001, 81920, 95, 114.85, 31
nid008353,2026/05/03 15:46:16.420, 2, GPU-338e4806-c72e-e37a-4798-dc47c2f2de03, NVIDIA A100-SXM4-80GB, 75001, 81920, 71, 118.83, 35
nid008353,2026/05/03 15:46:16.421, 3, GPU-fec40d98-ea80-e220-a49c-31ccab4741af, NVIDIA A100-SXM4-80GB, 75001, 81920, 74, 111.16, 32
nid008352,2026/05/03 15:46:19.301, 0, GPU-c8e590fe-c1df-fb38-7bf3-9ed4364cf576, NVIDIA A100-SXM4-80GB, 74325, 81920, 2, 115.76, 34
nid008352,2026/05/03 15:46:19.304, 1, GPU-5efb5c1d-1cd8-daca-bd51-2f30d62f6e1e, NVIDIA A100-SXM4-80GB, 74257, 81920, 100, 115.64, 31
nid008352,2026/05/03 15:46:19.306, 2, GPU-1d24ec01-d8bb-a3cf-73c2-7d6014d1dd4d, NVIDIA A100-SXM4-80GB, 74257, 81920, 100, 123.96, 33
nid008352,2026/05/03 15:46:19.307, 3, GPU-689a6e7c-a622-65fb-9f4d-887ba745f660, NVIDIA A100-SXM4-80GB, 74257, 81920, 100, 142.03, 31
nid008353,2026/05/03 15:46:20.121, 0, GPU-3ad85384-e7dd-8c9b-13da-56f54bf334d9, NVIDIA A100-SXM4-80GB, 75011, 81920, 12, 124.49, 34
nid008353,2026/05/03 15:46:20.124, 1, GPU-3d65dc3f-116a-1dd4-937c-6e4481a765b5, NVIDIA A100-SXM4-80GB, 75001, 81920, 92, 121.21, 31
nid008353,2026/05/03 15:46:20.126, 2, GPU-338e4806-c72e-e37a-4798-dc47c2f2de03, NVIDIA A100-SXM4-80GB, 75001, 81920, 91, 129.67, 35
nid008353,2026/05/03 15:46:20.128, 3, GPU-fec40d98-ea80-e220-a49c-31ccab4741af, NVIDIA A100-SXM4-80GB, 75001, 81920, 81, 111.27, 32
nid008352,2026/05/03 15:46:23.013, 0, GPU-c8e590fe-c1df-fb38-7bf3-9ed4364cf576, NVIDIA A100-SXM4-80GB, 74325, 81920, 2, 113.11, 34
nid008352,2026/05/03 15:46:23.022, 1, GPU-5efb5c1d-1cd8-daca-bd51-2f30d62f6e1e, NVIDIA A100-SXM4-80GB, 74257, 81920, 100, 114.45, 31
nid008352,2026/05/03 15:46:23.028, 2, GPU-1d24ec01-d8bb-a3cf-73c2-7d6014d1dd4d, NVIDIA A100-SXM4-80GB, 74257, 81920, 100, 116.81, 33
nid008352,2026/05/03 15:46:23.032, 3, GPU-689a6e7c-a622-65fb-9f4d-887ba745f660, NVIDIA A100-SXM4-80GB, 74257, 81920, 100, 112.62, 31
nid008353,2026/05/03 15:46:23.861, 0, GPU-3ad85384-e7dd-8c9b-13da-56f54bf334d9, NVIDIA A100-SXM4-80GB, 75011, 81920, 63, 111.66, 34
nid008353,2026/05/03 15:46:23.864, 1, GPU-3d65dc3f-116a-1dd4-937c-6e4481a765b5, NVIDIA A100-SXM4-80GB, 75001, 81920, 71, 119.60, 32
nid008353,2026/05/03 15:46:23.866, 2, GPU-338e4806-c72e-e37a-4798-dc47c2f2de03, NVIDIA A100-SXM4-80GB, 75001, 81920, 4, 115.65, 35
nid008353,2026/05/03 15:46:23.867, 3, GPU-fec40d98-ea80-e220-a49c-31ccab4741af, NVIDIA A100-SXM4-80GB, 75001, 81920, 91, 110.06, 32
nid008352,2026/05/03 15:46:26.724, 0, GPU-c8e590fe-c1df-fb38-7bf3-9ed4364cf576, NVIDIA A100-SXM4-80GB, 74325, 81920, 100, 128.93, 34
nid008352,2026/05/03 15:46:26.726, 1, GPU-5efb5c1d-1cd8-daca-bd51-2f30d62f6e1e, NVIDIA A100-SXM4-80GB, 74257, 81920, 48, 125.07, 31
nid008352,2026/05/03 15:46:26.728, 2, GPU-1d24ec01-d8bb-a3cf-73c2-7d6014d1dd4d, NVIDIA A100-SXM4-80GB, 74257, 81920, 52, 116.04, 34
nid008352,2026/05/03 15:46:26.729, 3, GPU-689a6e7c-a622-65fb-9f4d-887ba745f660, NVIDIA A100-SXM4-80GB, 74257, 81920, 80, 110.48, 32
nid008353,2026/05/03 15:46:27.578, 0, GPU-3ad85384-e7dd-8c9b-13da-56f54bf334d9, NVIDIA A100-SXM4-80GB, 75011, 81920, 84, 131.45, 34
nid008353,2026/05/03 15:46:27.581, 1, GPU-3d65dc3f-116a-1dd4-937c-6e4481a765b5, NVIDIA A100-SXM4-80GB, 75001, 81920, 38, 125.82, 32
nid008353,2026/05/03 15:46:27.582, 2, GPU-338e4806-c72e-e37a-4798-dc47c2f2de03, NVIDIA A100-SXM4-80GB, 75001, 81920, 99, 128.47, 35
nid008353,2026/05/03 15:46:27.585, 3, GPU-fec40d98-ea80-e220-a49c-31ccab4741af, NVIDIA A100-SXM4-80GB, 75001, 81920, 0, 122.69, 32
nid008352,2026/05/03 15:46:30.458, 0, GPU-c8e590fe-c1df-fb38-7bf3-9ed4364cf576, NVIDIA A100-SXM4-80GB, 74325, 81920, 100, 125.89, 34
nid008352,2026/05/03 15:46:30.461, 1, GPU-5efb5c1d-1cd8-daca-bd51-2f30d62f6e1e, NVIDIA A100-SXM4-80GB, 74257, 81920, 2, 113.93, 31
nid008352,2026/05/03 15:46:30.462, 2, GPU-1d24ec01-d8bb-a3cf-73c2-7d6014d1dd4d, NVIDIA A100-SXM4-80GB, 74257, 81920, 100, 114.96, 33
nid008352,2026/05/03 15:46:30.464, 3, GPU-689a6e7c-a622-65fb-9f4d-887ba745f660, NVIDIA A100-SXM4-80GB, 74257, 81920, 100, 110.63, 31
nid008353,2026/05/03 15:46:31.302, 0, GPU-3ad85384-e7dd-8c9b-13da-56f54bf334d9, NVIDIA A100-SXM4-80GB, 75011, 81920, 98, 111.53, 33
nid008353,2026/05/03 15:46:31.305, 1, GPU-3d65dc3f-116a-1dd4-937c-6e4481a765b5, NVIDIA A100-SXM4-80GB, 75001, 81920, 39, 113.27, 31
nid008353,2026/05/03 15:46:31.307, 2, GPU-338e4806-c72e-e37a-4798-dc47c2f2de03, NVIDIA A100-SXM4-80GB, 75001, 81920, 12, 115.65, 34
nid008353,2026/05/03 15:46:31.309, 3, GPU-fec40d98-ea80-e220-a49c-31ccab4741af, NVIDIA A100-SXM4-80GB, 75001, 81920, 7, 111.03, 31
nid008352,2026/05/03 15:46:34.175, 0, GPU-c8e590fe-c1df-fb38-7bf3-9ed4364cf576, NVIDIA A100-SXM4-80GB, 74325, 81920, 100, 113.39, 34
nid008352,2026/05/03 15:46:34.178, 1, GPU-5efb5c1d-1cd8-daca-bd51-2f30d62f6e1e, NVIDIA A100-SXM4-80GB, 74257, 81920, 4, 114.98, 31
nid008352,2026/05/03 15:46:34.180, 2, GPU-1d24ec01-d8bb-a3cf-73c2-7d6014d1dd4d, NVIDIA A100-SXM4-80GB, 74257, 81920, 100, 121.02, 33
nid008352,2026/05/03 15:46:34.181, 3, GPU-689a6e7c-a622-65fb-9f4d-887ba745f660, NVIDIA A100-SXM4-80GB, 74257, 81920, 80, 113.66, 32
nid008353,2026/05/03 15:46:35.022, 0, GPU-3ad85384-e7dd-8c9b-13da-56f54bf334d9, NVIDIA A100-SXM4-80GB, 75011, 81920, 94, 111.53, 33
nid008353,2026/05/03 15:46:35.024, 1, GPU-3d65dc3f-116a-1dd4-937c-6e4481a765b5, NVIDIA A100-SXM4-80GB, 75001, 81920, 3, 122.92, 31
nid008353,2026/05/03 15:46:35.026, 2, GPU-338e4806-c72e-e37a-4798-dc47c2f2de03, NVIDIA A100-SXM4-80GB, 75001, 81920, 100, 128.87, 34
nid008353,2026/05/03 15:46:35.027, 3, GPU-fec40d98-ea80-e220-a49c-31ccab4741af, NVIDIA A100-SXM4-80GB, 75001, 81920, 52, 111.16, 32
nid008352,2026/05/03 15:46:37.906, 0, GPU-c8e590fe-c1df-fb38-7bf3-9ed4364cf576, NVIDIA A100-SXM4-80GB, 74343, 81920, 69, 115.48, 35
nid008352,2026/05/03 15:46:37.909, 1, GPU-5efb5c1d-1cd8-daca-bd51-2f30d62f6e1e, NVIDIA A100-SXM4-80GB, 74275, 81920, 63, 122.92, 31
nid008352,2026/05/03 15:46:37.911, 2, GPU-1d24ec01-d8bb-a3cf-73c2-7d6014d1dd4d, NVIDIA A100-SXM4-80GB, 74275, 81920, 67, 124.85, 34
nid008352,2026/05/03 15:46:37.912, 3, GPU-689a6e7c-a622-65fb-9f4d-887ba745f660, NVIDIA A100-SXM4-80GB, 74275, 81920, 41, 121.16, 32
nid008353,2026/05/03 15:46:38.736, 0, GPU-3ad85384-e7dd-8c9b-13da-56f54bf334d9, NVIDIA A100-SXM4-80GB, 75011, 81920, 73, 123.16, 34
nid008353,2026/05/03 15:46:38.739, 1, GPU-3d65dc3f-116a-1dd4-937c-6e4481a765b5, NVIDIA A100-SXM4-80GB, 75001, 81920, 72, 117.50, 32
nid008353,2026/05/03 15:46:38.740, 2, GPU-338e4806-c72e-e37a-4798-dc47c2f2de03, NVIDIA A100-SXM4-80GB, 75001, 81920, 28, 128.47, 35
nid008353,2026/05/03 15:46:38.742, 3, GPU-fec40d98-ea80-e220-a49c-31ccab4741af, NVIDIA A100-SXM4-80GB, 75001, 81920, 46, 116.45, 32
nid008352,2026/05/03 15:46:41.609, 0, GPU-c8e590fe-c1df-fb38-7bf3-9ed4364cf576, NVIDIA A100-SXM4-80GB, 74343, 81920, 100, 113.11, 34
nid008352,2026/05/03 15:46:41.612, 1, GPU-5efb5c1d-1cd8-daca-bd51-2f30d62f6e1e, NVIDIA A100-SXM4-80GB, 74275, 81920, 100, 133.91, 31
nid008352,2026/05/03 15:46:41.614, 2, GPU-1d24ec01-d8bb-a3cf-73c2-7d6014d1dd4d, NVIDIA A100-SXM4-80GB, 74275, 81920, 15, 135.56, 34
nid008352,2026/05/03 15:46:41.616, 3, GPU-689a6e7c-a622-65fb-9f4d-887ba745f660, NVIDIA A100-SXM4-80GB, 74275, 81920, 66, 119.08, 32
nid008353,2026/05/03 15:46:42.446, 0, GPU-3ad85384-e7dd-8c9b-13da-56f54bf334d9, NVIDIA A100-SXM4-80GB, 75011, 81920, 83, 124.49, 34
nid008353,2026/05/03 15:46:42.449, 1, GPU-3d65dc3f-116a-1dd4-937c-6e4481a765b5, NVIDIA A100-SXM4-80GB, 75001, 81920, 88, 131.37, 32
nid008353,2026/05/03 15:46:42.450, 2, GPU-338e4806-c72e-e37a-4798-dc47c2f2de03, NVIDIA A100-SXM4-80GB, 75001, 81920, 0, 124.64, 35
nid008353,2026/05/03 15:46:42.452, 3, GPU-fec40d98-ea80-e220-a49c-31ccab4741af, NVIDIA A100-SXM4-80GB, 75001, 81920, 97, 114.59, 32
nid008352,2026/05/03 15:46:45.310, 0, GPU-c8e590fe-c1df-fb38-7bf3-9ed4364cf576, NVIDIA A100-SXM4-80GB, 74343, 81920, 100, 117.09, 34
nid008352,2026/05/03 15:46:45.313, 1, GPU-5efb5c1d-1cd8-daca-bd51-2f30d62f6e1e, NVIDIA A100-SXM4-80GB, 74275, 81920, 100, 114.98, 31
nid008352,2026/05/03 15:46:45.314, 2, GPU-1d24ec01-d8bb-a3cf-73c2-7d6014d1dd4d, NVIDIA A100-SXM4-80GB, 74275, 81920, 39, 119.46, 33
nid008352,2026/05/03 15:46:45.316, 3, GPU-689a6e7c-a622-65fb-9f4d-887ba745f660, NVIDIA A100-SXM4-80GB, 74275, 81920, 64, 127.52, 31
nid008353,2026/05/03 15:46:46.209, 0, GPU-3ad85384-e7dd-8c9b-13da-56f54bf334d9, NVIDIA A100-SXM4-80GB, 75011, 81920, 92, 121.21, 34
nid008353,2026/05/03 15:46:46.212, 1, GPU-3d65dc3f-116a-1dd4-937c-6e4481a765b5, NVIDIA A100-SXM4-80GB, 75001, 81920, 99, 116.46, 31
nid008353,2026/05/03 15:46:46.213, 2, GPU-338e4806-c72e-e37a-4798-dc47c2f2de03, NVIDIA A100-SXM4-80GB, 75001, 81920, 7, 115.65, 34
nid008353,2026/05/03 15:46:46.215, 3, GPU-fec40d98-ea80-e220-a49c-31ccab4741af, NVIDIA A100-SXM4-80GB, 75001, 81920, 74, 111.16, 31
nid008352,2026/05/03 15:46:49.093, 0, GPU-c8e590fe-c1df-fb38-7bf3-9ed4364cf576, NVIDIA A100-SXM4-80GB, 74343, 81920, 100, 116.57, 34
nid008352,2026/05/03 15:46:49.096, 1, GPU-5efb5c1d-1cd8-daca-bd51-2f30d62f6e1e, NVIDIA A100-SXM4-80GB, 74275, 81920, 100, 134.06, 31
nid008352,2026/05/03 15:46:49.098, 2, GPU-1d24ec01-d8bb-a3cf-73c2-7d6014d1dd4d, NVIDIA A100-SXM4-80GB, 74275, 81920, 53, 125.37, 34
nid008352,2026/05/03 15:46:49.100, 3, GPU-689a6e7c-a622-65fb-9f4d-887ba745f660, NVIDIA A100-SXM4-80GB, 74275, 81920, 53, 109.83, 32
nid008353,2026/05/03 15:46:49.986, 0, GPU-3ad85384-e7dd-8c9b-13da-56f54bf334d9, NVIDIA A100-SXM4-80GB, 75011, 81920, 84, 118.69, 34
nid008353,2026/05/03 15:46:49.989, 1, GPU-3d65dc3f-116a-1dd4-937c-6e4481a765b5, NVIDIA A100-SXM4-80GB, 75001, 81920, 93, 115.50, 31
nid008353,2026/05/03 15:46:49.991, 2, GPU-338e4806-c72e-e37a-4798-dc47c2f2de03, NVIDIA A100-SXM4-80GB, 75001, 81920, 59, 115.36, 34
nid008353,2026/05/03 15:46:49.992, 3, GPU-fec40d98-ea80-e220-a49c-31ccab4741af, NVIDIA A100-SXM4-80GB, 75001, 81920, 18, 127.53, 32
nid008352,2026/05/03 15:46:52.868, 0, GPU-c8e590fe-c1df-fb38-7bf3-9ed4364cf576, NVIDIA A100-SXM4-80GB, 74343, 81920, 100, 118.41, 34
nid008352,2026/05/03 15:46:52.871, 1, GPU-5efb5c1d-1cd8-daca-bd51-2f30d62f6e1e, NVIDIA A100-SXM4-80GB, 74275, 81920, 100, 114.74, 31
nid008352,2026/05/03 15:46:52.873, 2, GPU-1d24ec01-d8bb-a3cf-73c2-7d6014d1dd4d, NVIDIA A100-SXM4-80GB, 74275, 81920, 35, 117.61, 34
nid008352,2026/05/03 15:46:52.874, 3, GPU-689a6e7c-a622-65fb-9f4d-887ba745f660, NVIDIA A100-SXM4-80GB, 74275, 81920, 64, 119.83, 32
nid008353,2026/05/03 15:46:53.719, 0, GPU-3ad85384-e7dd-8c9b-13da-56f54bf334d9, NVIDIA A100-SXM4-80GB, 75011, 81920, 86, 111.94, 34
nid008353,2026/05/03 15:46:53.727, 1, GPU-3d65dc3f-116a-1dd4-937c-6e4481a765b5, NVIDIA A100-SXM4-80GB, 75001, 81920, 83, 133.91, 32
nid008353,2026/05/03 15:46:53.729, 2, GPU-338e4806-c72e-e37a-4798-dc47c2f2de03, NVIDIA A100-SXM4-80GB, 75001, 81920, 82, 126.34, 35
nid008353,2026/05/03 15:46:53.730, 3, GPU-fec40d98-ea80-e220-a49c-31ccab4741af, NVIDIA A100-SXM4-80GB, 75001, 81920, 5, 111.40, 32
nid008352,2026/05/03 15:46:56.601, 0, GPU-c8e590fe-c1df-fb38-7bf3-9ed4364cf576, NVIDIA A100-SXM4-80GB, 74343, 81920, 100, 120.26, 34
nid008352,2026/05/03 15:46:56.604, 1, GPU-5efb5c1d-1cd8-daca-bd51-2f30d62f6e1e, NVIDIA A100-SXM4-80GB, 74275, 81920, 100, 117.36, 31
nid008352,2026/05/03 15:46:56.606, 2, GPU-1d24ec01-d8bb-a3cf-73c2-7d6014d1dd4d, NVIDIA A100-SXM4-80GB, 74275, 81920, 40, 131.14, 33
nid008352,2026/05/03 15:46:56.607, 3, GPU-689a6e7c-a622-65fb-9f4d-887ba745f660, NVIDIA A100-SXM4-80GB, 74275, 81920, 63, 110.61, 31
nid008353,2026/05/03 15:46:57.429, 0, GPU-3ad85384-e7dd-8c9b-13da-56f54bf334d9, NVIDIA A100-SXM4-80GB, 75011, 81920, 92, 112.33, 34
nid008353,2026/05/03 15:46:57.432, 1, GPU-3d65dc3f-116a-1dd4-937c-6e4481a765b5, NVIDIA A100-SXM4-80GB, 75001, 81920, 85, 134.95, 32
nid008353,2026/05/03 15:46:57.434, 2, GPU-338e4806-c72e-e37a-4798-dc47c2f2de03, NVIDIA A100-SXM4-80GB, 75001, 81920, 15, 138.66, 35
nid008353,2026/05/03 15:46:57.435, 3, GPU-fec40d98-ea80-e220-a49c-31ccab4741af, NVIDIA A100-SXM4-80GB, 75001, 81920, 59, 112.31, 32
nid008352,2026/05/03 15:47:00.314, 0, GPU-c8e590fe-c1df-fb38-7bf3-9ed4364cf576, NVIDIA A100-SXM4-80GB, 74343, 81920, 100, 117.89, 34
nid008352,2026/05/03 15:47:00.317, 1, GPU-5efb5c1d-1cd8-daca-bd51-2f30d62f6e1e, NVIDIA A100-SXM4-80GB, 74275, 81920, 100, 130.20, 31
nid008352,2026/05/03 15:47:00.318, 2, GPU-1d24ec01-d8bb-a3cf-73c2-7d6014d1dd4d, NVIDIA A100-SXM4-80GB, 74275, 81920, 2, 114.44, 34
nid008352,2026/05/03 15:47:00.320, 3, GPU-689a6e7c-a622-65fb-9f4d-887ba745f660, NVIDIA A100-SXM4-80GB, 74275, 81920, 100, 110.20, 31
nid008353,2026/05/03 15:47:01.153, 0, GPU-3ad85384-e7dd-8c9b-13da-56f54bf334d9, NVIDIA A100-SXM4-80GB, 75011, 81920, 59, 128.19, 34
nid008353,2026/05/03 15:47:01.155, 1, GPU-3d65dc3f-116a-1dd4-937c-6e4481a765b5, NVIDIA A100-SXM4-80GB, 75001, 81920, 48, 129.80, 32
nid008353,2026/05/03 15:47:01.157, 2, GPU-338e4806-c72e-e37a-4798-dc47c2f2de03, NVIDIA A100-SXM4-80GB, 75001, 81920, 18, 128.19, 35
nid008353,2026/05/03 15:47:01.159, 3, GPU-fec40d98-ea80-e220-a49c-31ccab4741af, NVIDIA A100-SXM4-80GB, 75001, 81920, 46, 143.35, 32
nid008352,2026/05/03 15:47:04.029, 0, GPU-c8e590fe-c1df-fb38-7bf3-9ed4364cf576, NVIDIA A100-SXM4-80GB, 74343, 81920, 100, 113.63, 34
nid008352,2026/05/03 15:47:04.032, 1, GPU-5efb5c1d-1cd8-daca-bd51-2f30d62f6e1e, NVIDIA A100-SXM4-80GB, 74275, 81920, 100, 139.34, 31
nid008352,2026/05/03 15:47:04.033, 2, GPU-1d24ec01-d8bb-a3cf-73c2-7d6014d1dd4d, NVIDIA A100-SXM4-80GB, 74275, 81920, 2, 114.34, 33
nid008352,2026/05/03 15:47:04.035, 3, GPU-689a6e7c-a622-65fb-9f4d-887ba745f660, NVIDIA A100-SXM4-80GB, 74275, 81920, 100, 109.31, 32
nid008353,2026/05/03 15:47:04.855, 0, GPU-3ad85384-e7dd-8c9b-13da-56f54bf334d9, NVIDIA A100-SXM4-80GB, 75011, 81920, 95, 111.66, 33
nid008353,2026/05/03 15:47:04.858, 1, GPU-3d65dc3f-116a-1dd4-937c-6e4481a765b5, NVIDIA A100-SXM4-80GB, 75001, 81920, 100, 113.27, 31
nid008353,2026/05/03 15:47:04.860, 2, GPU-338e4806-c72e-e37a-4798-dc47c2f2de03, NVIDIA A100-SXM4-80GB, 75001, 81920, 3, 115.65, 34
nid008353,2026/05/03 15:47:04.861, 3, GPU-fec40d98-ea80-e220-a49c-31ccab4741af, NVIDIA A100-SXM4-80GB, 75001, 81920, 88, 110.06, 31
nid008352,2026/05/03 15:47:07.726, 0, GPU-c8e590fe-c1df-fb38-7bf3-9ed4364cf576, NVIDIA A100-SXM4-80GB, 74343, 81920, 100, 116.28, 34
nid008352,2026/05/03 15:47:07.729, 1, GPU-5efb5c1d-1cd8-daca-bd51-2f30d62f6e1e, NVIDIA A100-SXM4-80GB, 74275, 81920, 100, 117.26, 31
nid008352,2026/05/03 15:47:07.730, 2, GPU-1d24ec01-d8bb-a3cf-73c2-7d6014d1dd4d, NVIDIA A100-SXM4-80GB, 74275, 81920, 3, 121.97, 33
nid008352,2026/05/03 15:47:07.732, 3, GPU-689a6e7c-a622-65fb-9f4d-887ba745f660, NVIDIA A100-SXM4-80GB, 74275, 81920, 100, 109.54, 31
nid008353,2026/05/03 15:47:08.607, 0, GPU-3ad85384-e7dd-8c9b-13da-56f54bf334d9, NVIDIA A100-SXM4-80GB, 75011, 81920, 92, 131.89, 34
nid008353,2026/05/03 15:47:08.610, 1, GPU-3d65dc3f-116a-1dd4-937c-6e4481a765b5, NVIDIA A100-SXM4-80GB, 75001, 81920, 93, 119.88, 31
nid008353,2026/05/03 15:47:08.611, 2, GPU-338e4806-c72e-e37a-4798-dc47c2f2de03, NVIDIA A100-SXM4-80GB, 75001, 81920, 39, 115.36, 34
nid008353,2026/05/03 15:47:08.613, 3, GPU-fec40d98-ea80-e220-a49c-31ccab4741af, NVIDIA A100-SXM4-80GB, 75001, 81920, 96, 126.40, 32
nid008352,2026/05/03 15:47:11.488, 0, GPU-c8e590fe-c1df-fb38-7bf3-9ed4364cf576, NVIDIA A100-SXM4-80GB, 74343, 81920, 100, 131.86, 34
nid008352,2026/05/03 15:47:11.491, 1, GPU-5efb5c1d-1cd8-daca-bd51-2f30d62f6e1e, NVIDIA A100-SXM4-80GB, 74275, 81920, 100, 114.45, 31
nid008352,2026/05/03 15:47:11.492, 2, GPU-1d24ec01-d8bb-a3cf-73c2-7d6014d1dd4d, NVIDIA A100-SXM4-80GB, 74275, 81920, 12, 114.44, 33
nid008352,2026/05/03 15:47:11.494, 3, GPU-689a6e7c-a622-65fb-9f4d-887ba745f660, NVIDIA A100-SXM4-80GB, 74275, 81920, 92, 121.69, 31
nid008353,2026/05/03 15:47:12.344, 0, GPU-3ad85384-e7dd-8c9b-13da-56f54bf334d9, NVIDIA A100-SXM4-80GB, 75011, 81920, 64, 117.89, 34
nid008353,2026/05/03 15:47:12.347, 1, GPU-3d65dc3f-116a-1dd4-937c-6e4481a765b5, NVIDIA A100-SXM4-80GB, 75001, 81920, 91, 135.11, 32
nid008353,2026/05/03 15:47:12.348, 2, GPU-338e4806-c72e-e37a-4798-dc47c2f2de03, NVIDIA A100-SXM4-80GB, 75001, 81920, 0, 122.26, 35
nid008353,2026/05/03 15:47:12.350, 3, GPU-fec40d98-ea80-e220-a49c-31ccab4741af, NVIDIA A100-SXM4-80GB, 75001, 81920, 96, 117.88, 32
nid008352,2026/05/03 15:47:15.219, 0, GPU-c8e590fe-c1df-fb38-7bf3-9ed4364cf576, NVIDIA A100-SXM4-80GB, 74343, 81920, 100, 115.37, 34
nid008352,2026/05/03 15:47:15.225, 1, GPU-5efb5c1d-1cd8-daca-bd51-2f30d62f6e1e, NVIDIA A100-SXM4-80GB, 74275, 81920, 100, 127.53, 31
nid008352,2026/05/03 15:47:15.228, 2, GPU-1d24ec01-d8bb-a3cf-73c2-7d6014d1dd4d, NVIDIA A100-SXM4-80GB, 74275, 81920, 2, 114.44, 33
nid008352,2026/05/03 15:47:15.234, 3, GPU-689a6e7c-a622-65fb-9f4d-887ba745f660, NVIDIA A100-SXM4-80GB, 74275, 81920, 100, 109.96, 31
nid008353,2026/05/03 15:47:16.077, 0, GPU-3ad85384-e7dd-8c9b-13da-56f54bf334d9, NVIDIA A100-SXM4-80GB, 75011, 81920, 46, 111.81, 33
nid008353,2026/05/03 15:47:16.080, 1, GPU-3d65dc3f-116a-1dd4-937c-6e4481a765b5, NVIDIA A100-SXM4-80GB, 75001, 81920, 39, 118.03, 32
nid008353,2026/05/03 15:47:16.082, 2, GPU-338e4806-c72e-e37a-4798-dc47c2f2de03, NVIDIA A100-SXM4-80GB, 75001, 81920, 73, 115.65, 34
nid008353,2026/05/03 15:47:16.084, 3, GPU-fec40d98-ea80-e220-a49c-31ccab4741af, NVIDIA A100-SXM4-80GB, 75001, 81920, 39, 111.16, 31
nid008352,2026/05/03 15:47:18.943, 0, GPU-c8e590fe-c1df-fb38-7bf3-9ed4364cf576, NVIDIA A100-SXM4-80GB, 74343, 81920, 100, 121.54, 34
nid008352,2026/05/03 15:47:18.947, 1, GPU-5efb5c1d-1cd8-daca-bd51-2f30d62f6e1e, NVIDIA A100-SXM4-80GB, 74275, 81920, 100, 114.45, 31
nid008352,2026/05/03 15:47:18.949, 2, GPU-1d24ec01-d8bb-a3cf-73c2-7d6014d1dd4d, NVIDIA A100-SXM4-80GB, 74275, 81920, 1, 114.20, 33
nid008352,2026/05/03 15:47:18.951, 3, GPU-689a6e7c-a622-65fb-9f4d-887ba745f660, NVIDIA A100-SXM4-80GB, 74275, 81920, 100, 110.76, 31
nid008353,2026/05/03 15:47:19.827, 0, GPU-3ad85384-e7dd-8c9b-13da-56f54bf334d9, NVIDIA A100-SXM4-80GB, 75011, 81920, 53, 111.53, 34
nid008353,2026/05/03 15:47:19.835, 1, GPU-3d65dc3f-116a-1dd4-937c-6e4481a765b5, NVIDIA A100-SXM4-80GB, 75001, 81920, 61, 112.99, 31
nid008353,2026/05/03 15:47:19.836, 2, GPU-338e4806-c72e-e37a-4798-dc47c2f2de03, NVIDIA A100-SXM4-80GB, 75001, 81920, 7, 115.36, 34
nid008353,2026/05/03 15:47:19.838, 3, GPU-fec40d98-ea80-e220-a49c-31ccab4741af, NVIDIA A100-SXM4-80GB, 75001, 81920, 71, 111.03, 31
nid008352,2026/05/03 15:47:22.730, 0, GPU-c8e590fe-c1df-fb38-7bf3-9ed4364cf576, NVIDIA A100-SXM4-80GB, 74343, 81920, 100, 114.72, 34
nid008352,2026/05/03 15:47:22.733, 1, GPU-5efb5c1d-1cd8-daca-bd51-2f30d62f6e1e, NVIDIA A100-SXM4-80GB, 74275, 81920, 100, 122.40, 31
nid008352,2026/05/03 15:47:22.734, 2, GPU-1d24ec01-d8bb-a3cf-73c2-7d6014d1dd4d, NVIDIA A100-SXM4-80GB, 74275, 81920, 2, 133.15, 33
nid008352,2026/05/03 15:47:22.736, 3, GPU-689a6e7c-a622-65fb-9f4d-887ba745f660, NVIDIA A100-SXM4-80GB, 74275, 81920, 100, 109.67, 31
nid008353,2026/05/03 15:47:23.560, 0, GPU-3ad85384-e7dd-8c9b-13da-56f54bf334d9, NVIDIA A100-SXM4-80GB, 75011, 81920, 72, 111.94, 33
nid008353,2026/05/03 15:47:23.562, 1, GPU-3d65dc3f-116a-1dd4-937c-6e4481a765b5, NVIDIA A100-SXM4-80GB, 75001, 81920, 28, 113.27, 31
nid008353,2026/05/03 15:47:23.564, 2, GPU-338e4806-c72e-e37a-4798-dc47c2f2de03, NVIDIA A100-SXM4-80GB, 75001, 81920, 72, 115.65, 34
nid008353,2026/05/03 15:47:23.565, 3, GPU-fec40d98-ea80-e220-a49c-31ccab4741af, NVIDIA A100-SXM4-80GB, 75001, 81920, 94, 110.35, 31
nid008352,2026/05/03 15:47:26.436, 0, GPU-c8e590fe-c1df-fb38-7bf3-9ed4364cf576, NVIDIA A100-SXM4-80GB, 74343, 81920, 100, 113.39, 34
nid008352,2026/05/03 15:47:26.439, 1, GPU-5efb5c1d-1cd8-daca-bd51-2f30d62f6e1e, NVIDIA A100-SXM4-80GB, 74275, 81920, 100, 115.26, 31
nid008352,2026/05/03 15:47:26.440, 2, GPU-1d24ec01-d8bb-a3cf-73c2-7d6014d1dd4d, NVIDIA A100-SXM4-80GB, 74275, 81920, 2, 116.57, 33
nid008352,2026/05/03 15:47:26.442, 3, GPU-689a6e7c-a622-65fb-9f4d-887ba745f660, NVIDIA A100-SXM4-80GB, 74275, 81920, 100, 113.00, 31
nid008353,2026/05/03 15:47:27.297, 0, GPU-3ad85384-e7dd-8c9b-13da-56f54bf334d9, NVIDIA A100-SXM4-80GB, 75011, 81920, 70, 111.66, 33
nid008353,2026/05/03 15:47:27.300, 1, GPU-3d65dc3f-116a-1dd4-937c-6e4481a765b5, NVIDIA A100-SXM4-80GB, 75001, 81920, 100, 113.41, 31
nid008353,2026/05/03 15:47:27.301, 2, GPU-338e4806-c72e-e37a-4798-dc47c2f2de03, NVIDIA A100-SXM4-80GB, 75001, 81920, 0, 115.65, 34
nid008353,2026/05/03 15:47:27.304, 3, GPU-fec40d98-ea80-e220-a49c-31ccab4741af, NVIDIA A100-SXM4-80GB, 75001, 81920, 99, 111.16, 31
nid008352,2026/05/03 15:47:30.186, 0, GPU-c8e590fe-c1df-fb38-7bf3-9ed4364cf576, NVIDIA A100-SXM4-80GB, 74343, 81920, 100, 113.39, 34
nid008352,2026/05/03 15:47:30.188, 1, GPU-5efb5c1d-1cd8-daca-bd51-2f30d62f6e1e, NVIDIA A100-SXM4-80GB, 74275, 81920, 100, 116.97, 31
nid008352,2026/05/03 15:47:30.190, 2, GPU-1d24ec01-d8bb-a3cf-73c2-7d6014d1dd4d, NVIDIA A100-SXM4-80GB, 74275, 81920, 2, 141.97, 33
nid008352,2026/05/03 15:47:30.192, 3, GPU-689a6e7c-a622-65fb-9f4d-887ba745f660, NVIDIA A100-SXM4-80GB, 74275, 81920, 100, 109.02, 31
nid008353,2026/05/03 15:47:31.029, 0, GPU-3ad85384-e7dd-8c9b-13da-56f54bf334d9, NVIDIA A100-SXM4-80GB, 75011, 81920, 99, 111.29, 34
nid008353,2026/05/03 15:47:31.035, 1, GPU-3d65dc3f-116a-1dd4-937c-6e4481a765b5, NVIDIA A100-SXM4-80GB, 75001, 81920, 90, 133.22, 31
nid008353,2026/05/03 15:47:31.036, 2, GPU-338e4806-c72e-e37a-4798-dc47c2f2de03, NVIDIA A100-SXM4-80GB, 75001, 81920, 2, 138.78, 34
nid008353,2026/05/03 15:47:31.038, 3, GPU-fec40d98-ea80-e220-a49c-31ccab4741af, NVIDIA A100-SXM4-80GB, 75001, 81920, 87, 109.93, 31
nid008352,2026/05/03 15:47:33.889, 0, GPU-c8e590fe-c1df-fb38-7bf3-9ed4364cf576, NVIDIA A100-SXM4-80GB, 74343, 81920, 37, 113.53, 34
nid008352,2026/05/03 15:47:33.892, 1, GPU-5efb5c1d-1cd8-daca-bd51-2f30d62f6e1e, NVIDIA A100-SXM4-80GB, 74275, 81920, 97, 121.88, 31
nid008352,2026/05/03 15:47:33.893, 2, GPU-1d24ec01-d8bb-a3cf-73c2-7d6014d1dd4d, NVIDIA A100-SXM4-80GB, 74275, 81920, 64, 131.95, 34
nid008352,2026/05/03 15:47:33.895, 3, GPU-689a6e7c-a622-65fb-9f4d-887ba745f660, NVIDIA A100-SXM4-80GB, 74275, 81920, 79, 126.19, 32
nid008353,2026/05/03 15:47:34.742, 0, GPU-3ad85384-e7dd-8c9b-13da-56f54bf334d9, NVIDIA A100-SXM4-80GB, 75011, 81920, 47, 111.53, 34
nid008353,2026/05/03 15:47:34.745, 1, GPU-3d65dc3f-116a-1dd4-937c-6e4481a765b5, NVIDIA A100-SXM4-80GB, 75001, 81920, 12, 114.32, 32
nid008353,2026/05/03 15:47:34.746, 2, GPU-338e4806-c72e-e37a-4798-dc47c2f2de03, NVIDIA A100-SXM4-80GB, 75001, 81920, 70, 118.03, 35
nid008353,2026/05/03 15:47:34.748, 3, GPU-fec40d98-ea80-e220-a49c-31ccab4741af, NVIDIA A100-SXM4-80GB, 75001, 81920, 94, 109.93, 32
nid008352,2026/05/03 15:47:37.605, 0, GPU-c8e590fe-c1df-fb38-7bf3-9ed4364cf576, NVIDIA A100-SXM4-80GB, 74343, 81920, 2, 116.57, 34
nid008352,2026/05/03 15:47:37.608, 1, GPU-5efb5c1d-1cd8-daca-bd51-2f30d62f6e1e, NVIDIA A100-SXM4-80GB, 74275, 81920, 83, 127.29, 31
nid008352,2026/05/03 15:47:37.610, 2, GPU-1d24ec01-d8bb-a3cf-73c2-7d6014d1dd4d, NVIDIA A100-SXM4-80GB, 74275, 81920, 100, 121.02, 33
nid008352,2026/05/03 15:47:37.611, 3, GPU-689a6e7c-a622-65fb-9f4d-887ba745f660, NVIDIA A100-SXM4-80GB, 74275, 81920, 100, 131.74, 32
nid008353,2026/05/03 15:47:38.475, 0, GPU-3ad85384-e7dd-8c9b-13da-56f54bf334d9, NVIDIA A100-SXM4-80GB, 75011, 81920, 23, 136.40, 34
nid008353,2026/05/03 15:47:38.478, 1, GPU-3d65dc3f-116a-1dd4-937c-6e4481a765b5, NVIDIA A100-SXM4-80GB, 75001, 81920, 28, 156.82, 32
nid008353,2026/05/03 15:47:38.482, 2, GPU-338e4806-c72e-e37a-4798-dc47c2f2de03, NVIDIA A100-SXM4-80GB, 75001, 81920, 99, 115.36, 34
nid008353,2026/05/03 15:47:38.486, 3, GPU-fec40d98-ea80-e220-a49c-31ccab4741af, NVIDIA A100-SXM4-80GB, 75001, 81920, 88, 111.03, 31
nid008352,2026/05/03 15:47:41.400, 0, GPU-c8e590fe-c1df-fb38-7bf3-9ed4364cf576, NVIDIA A100-SXM4-80GB, 74343, 81920, 4, 113.11, 34
nid008352,2026/05/03 15:47:41.403, 1, GPU-5efb5c1d-1cd8-daca-bd51-2f30d62f6e1e, NVIDIA A100-SXM4-80GB, 74275, 81920, 100, 125.30, 31
nid008352,2026/05/03 15:47:41.409, 2, GPU-1d24ec01-d8bb-a3cf-73c2-7d6014d1dd4d, NVIDIA A100-SXM4-80GB, 74275, 81920, 100, 135.27, 33
nid008352,2026/05/03 15:47:41.411, 3, GPU-689a6e7c-a622-65fb-9f4d-887ba745f660, NVIDIA A100-SXM4-80GB, 74275, 81920, 100, 109.67, 31
nid008353,2026/05/03 15:47:42.248, 0, GPU-3ad85384-e7dd-8c9b-13da-56f54bf334d9, NVIDIA A100-SXM4-80GB, 75011, 81920, 83, 117.37, 34
nid008353,2026/05/03 15:47:42.253, 1, GPU-3d65dc3f-116a-1dd4-937c-6e4481a765b5, NVIDIA A100-SXM4-80GB, 75001, 81920, 24, 114.32, 32
nid008353,2026/05/03 15:47:42.259, 2, GPU-338e4806-c72e-e37a-4798-dc47c2f2de03, NVIDIA A100-SXM4-80GB, 75001, 81920, 58, 119.60, 35
nid008353,2026/05/03 15:47:42.264, 3, GPU-fec40d98-ea80-e220-a49c-31ccab4741af, NVIDIA A100-SXM4-80GB, 75001, 81920, 95, 119.64, 32
nid008352,2026/05/03 15:47:45.145, 0, GPU-c8e590fe-c1df-fb38-7bf3-9ed4364cf576, NVIDIA A100-SXM4-80GB, 74343, 81920, 1, 112.87, 34
nid008352,2026/05/03 15:47:45.148, 1, GPU-5efb5c1d-1cd8-daca-bd51-2f30d62f6e1e, NVIDIA A100-SXM4-80GB, 74275, 81920, 100, 116.83, 31
nid008352,2026/05/03 15:47:45.149, 2, GPU-1d24ec01-d8bb-a3cf-73c2-7d6014d1dd4d, NVIDIA A100-SXM4-80GB, 74275, 81920, 100, 118.65, 33
nid008352,2026/05/03 15:47:45.151, 3, GPU-689a6e7c-a622-65fb-9f4d-887ba745f660, NVIDIA A100-SXM4-80GB, 74275, 81920, 100, 109.54, 31
nid008353,2026/05/03 15:47:45.979, 0, GPU-3ad85384-e7dd-8c9b-13da-56f54bf334d9, NVIDIA A100-SXM4-80GB, 75011, 81920, 38, 111.42, 33
nid008353,2026/05/03 15:47:45.989, 1, GPU-3d65dc3f-116a-1dd4-937c-6e4481a765b5, NVIDIA A100-SXM4-80GB, 75001, 81920, 97, 113.41, 31
nid008353,2026/05/03 15:47:45.994, 2, GPU-338e4806-c72e-e37a-4798-dc47c2f2de03, NVIDIA A100-SXM4-80GB, 75001, 81920, 73, 115.79, 34
nid008353,2026/05/03 15:47:45.999, 3, GPU-fec40d98-ea80-e220-a49c-31ccab4741af, NVIDIA A100-SXM4-80GB, 75001, 81920, 81, 111.16, 31
nid008352,2026/05/03 15:47:48.889, 0, GPU-c8e590fe-c1df-fb38-7bf3-9ed4364cf576, NVIDIA A100-SXM4-80GB, 74343, 81920, 2, 114.44, 34
nid008352,2026/05/03 15:47:48.892, 1, GPU-5efb5c1d-1cd8-daca-bd51-2f30d62f6e1e, NVIDIA A100-SXM4-80GB, 74275, 81920, 100, 114.04, 31
nid008352,2026/05/03 15:47:48.894, 2, GPU-1d24ec01-d8bb-a3cf-73c2-7d6014d1dd4d, NVIDIA A100-SXM4-80GB, 74275, 81920, 100, 114.30, 33
nid008352,2026/05/03 15:47:48.896, 3, GPU-689a6e7c-a622-65fb-9f4d-887ba745f660, NVIDIA A100-SXM4-80GB, 74275, 81920, 100, 110.20, 31
nid008353,2026/05/03 15:47:49.737, 0, GPU-3ad85384-e7dd-8c9b-13da-56f54bf334d9, NVIDIA A100-SXM4-80GB, 75011, 81920, 27, 116.56, 34
nid008353,2026/05/03 15:47:49.743, 1, GPU-3d65dc3f-116a-1dd4-937c-6e4481a765b5, NVIDIA A100-SXM4-80GB, 75001, 81920, 99, 137.09, 32
nid008353,2026/05/03 15:47:49.744, 2, GPU-338e4806-c72e-e37a-4798-dc47c2f2de03, NVIDIA A100-SXM4-80GB, 75001, 81920, 33, 117.37, 35
nid008353,2026/05/03 15:47:49.746, 3, GPU-fec40d98-ea80-e220-a49c-31ccab4741af, NVIDIA A100-SXM4-80GB, 75001, 81920, 78, 118.17, 32
nid008352,2026/05/03 15:47:52.608, 0, GPU-c8e590fe-c1df-fb38-7bf3-9ed4364cf576, NVIDIA A100-SXM4-80GB, 74343, 81920, 2, 113.25, 34
nid008352,2026/05/03 15:47:52.611, 1, GPU-5efb5c1d-1cd8-daca-bd51-2f30d62f6e1e, NVIDIA A100-SXM4-80GB, 74275, 81920, 100, 126.40, 31
nid008352,2026/05/03 15:47:52.613, 2, GPU-1d24ec01-d8bb-a3cf-73c2-7d6014d1dd4d, NVIDIA A100-SXM4-80GB, 74275, 81920, 100, 130.62, 33
nid008352,2026/05/03 15:47:52.614, 3, GPU-689a6e7c-a622-65fb-9f4d-887ba745f660, NVIDIA A100-SXM4-80GB, 74275, 81920, 100, 109.67, 31
nid008353,2026/05/03 15:47:53.466, 0, GPU-3ad85384-e7dd-8c9b-13da-56f54bf334d9, NVIDIA A100-SXM4-80GB, 75011, 81920, 56, 119.98, 34
nid008353,2026/05/03 15:47:53.469, 1, GPU-3d65dc3f-116a-1dd4-937c-6e4481a765b5, NVIDIA A100-SXM4-80GB, 75001, 81920, 99, 112.85, 31
nid008353,2026/05/03 15:47:53.470, 2, GPU-338e4806-c72e-e37a-4798-dc47c2f2de03, NVIDIA A100-SXM4-80GB, 75001, 81920, 95, 115.23, 34
nid008353,2026/05/03 15:47:53.472, 3, GPU-fec40d98-ea80-e220-a49c-31ccab4741af, NVIDIA A100-SXM4-80GB, 75001, 81920, 97, 123.97, 32
nid008352,2026/05/03 15:47:56.382, 0, GPU-c8e590fe-c1df-fb38-7bf3-9ed4364cf576, NVIDIA A100-SXM4-80GB, 74343, 81920, 2, 113.11, 34
nid008352,2026/05/03 15:47:56.384, 1, GPU-5efb5c1d-1cd8-daca-bd51-2f30d62f6e1e, NVIDIA A100-SXM4-80GB, 74275, 81920, 100, 114.74, 31
nid008352,2026/05/03 15:47:56.386, 2, GPU-1d24ec01-d8bb-a3cf-73c2-7d6014d1dd4d, NVIDIA A100-SXM4-80GB, 74275, 81920, 100, 114.96, 33
nid008352,2026/05/03 15:47:56.387, 3, GPU-689a6e7c-a622-65fb-9f4d-887ba745f660, NVIDIA A100-SXM4-80GB, 74275, 81920, 100, 109.43, 31
nid008353,2026/05/03 15:47:57.282, 0, GPU-3ad85384-e7dd-8c9b-13da-56f54bf334d9, NVIDIA A100-SXM4-80GB, 75011, 81920, 46, 111.42, 33
nid008353,2026/05/03 15:47:57.285, 1, GPU-3d65dc3f-116a-1dd4-937c-6e4481a765b5, NVIDIA A100-SXM4-80GB, 75001, 81920, 99, 113.27, 31
nid008353,2026/05/03 15:47:57.287, 2, GPU-338e4806-c72e-e37a-4798-dc47c2f2de03, NVIDIA A100-SXM4-80GB, 75001, 81920, 89, 116.56, 34
nid008353,2026/05/03 15:47:57.288, 3, GPU-fec40d98-ea80-e220-a49c-31ccab4741af, NVIDIA A100-SXM4-80GB, 75001, 81920, 94, 110.06, 31
nid008352,2026/05/03 15:48:00.184, 0, GPU-c8e590fe-c1df-fb38-7bf3-9ed4364cf576, NVIDIA A100-SXM4-80GB, 74343, 81920, 5, 114.20, 34
nid008352,2026/05/03 15:48:00.187, 1, GPU-5efb5c1d-1cd8-daca-bd51-2f30d62f6e1e, NVIDIA A100-SXM4-80GB, 74275, 81920, 100, 118.17, 31
nid008352,2026/05/03 15:48:00.189, 2, GPU-1d24ec01-d8bb-a3cf-73c2-7d6014d1dd4d, NVIDIA A100-SXM4-80GB, 74275, 81920, 100, 114.72, 33
nid008352,2026/05/03 15:48:00.191, 3, GPU-689a6e7c-a622-65fb-9f4d-887ba745f660, NVIDIA A100-SXM4-80GB, 74275, 81920, 100, 109.83, 31
nid008353,2026/05/03 15:48:01.005, 0, GPU-3ad85384-e7dd-8c9b-13da-56f54bf334d9, NVIDIA A100-SXM4-80GB, 75011, 81920, 11, 127.53, 34
nid008353,2026/05/03 15:48:01.008, 1, GPU-3d65dc3f-116a-1dd4-937c-6e4481a765b5, NVIDIA A100-SXM4-80GB, 75001, 81920, 97, 145.66, 32
nid008353,2026/05/03 15:48:01.010, 2, GPU-338e4806-c72e-e37a-4798-dc47c2f2de03, NVIDIA A100-SXM4-80GB, 75001, 81920, 98, 132.05, 35
nid008353,2026/05/03 15:48:01.012, 3, GPU-fec40d98-ea80-e220-a49c-31ccab4741af, NVIDIA A100-SXM4-80GB, 75001, 81920, 7, 128.93, 32
nid008352,2026/05/03 15:48:03.889, 0, GPU-c8e590fe-c1df-fb38-7bf3-9ed4364cf576, NVIDIA A100-SXM4-80GB, 74343, 81920, 2, 114.72, 34
nid008352,2026/05/03 15:48:03.892, 1, GPU-5efb5c1d-1cd8-daca-bd51-2f30d62f6e1e, NVIDIA A100-SXM4-80GB, 74275, 81920, 100, 114.31, 31
nid008352,2026/05/03 15:48:03.893, 2, GPU-1d24ec01-d8bb-a3cf-73c2-7d6014d1dd4d, NVIDIA A100-SXM4-80GB, 74275, 81920, 100, 114.44, 33
nid008352,2026/05/03 15:48:03.895, 3, GPU-689a6e7c-a622-65fb-9f4d-887ba745f660, NVIDIA A100-SXM4-80GB, 74275, 81920, 100, 109.31, 31
nid008353,2026/05/03 15:48:04.724, 0, GPU-3ad85384-e7dd-8c9b-13da-56f54bf334d9, NVIDIA A100-SXM4-80GB, 75011, 81920, 34, 111.42, 33
nid008353,2026/05/03 15:48:04.726, 1, GPU-3d65dc3f-116a-1dd4-937c-6e4481a765b5, NVIDIA A100-SXM4-80GB, 75001, 81920, 99, 113.27, 31
nid008353,2026/05/03 15:48:04.728, 2, GPU-338e4806-c72e-e37a-4798-dc47c2f2de03, NVIDIA A100-SXM4-80GB, 75001, 81920, 93, 115.36, 34
nid008353,2026/05/03 15:48:04.729, 3, GPU-fec40d98-ea80-e220-a49c-31ccab4741af, NVIDIA A100-SXM4-80GB, 75001, 81920, 70, 111.03, 31
nid008352,2026/05/03 15:48:07.615, 0, GPU-c8e590fe-c1df-fb38-7bf3-9ed4364cf576, NVIDIA A100-SXM4-80GB, 74343, 81920, 5, 126.84, 34
nid008352,2026/05/03 15:48:07.618, 1, GPU-5efb5c1d-1cd8-daca-bd51-2f30d62f6e1e, NVIDIA A100-SXM4-80GB, 74275, 81920, 100, 114.61, 31
nid008352,2026/05/03 15:48:07.620, 2, GPU-1d24ec01-d8bb-a3cf-73c2-7d6014d1dd4d, NVIDIA A100-SXM4-80GB, 74275, 81920, 100, 115.10, 33
nid008352,2026/05/03 15:48:07.622, 3, GPU-689a6e7c-a622-65fb-9f4d-887ba745f660, NVIDIA A100-SXM4-80GB, 74275, 81920, 100, 119.60, 31
nid008353,2026/05/03 15:48:08.475, 0, GPU-3ad85384-e7dd-8c9b-13da-56f54bf334d9, NVIDIA A100-SXM4-80GB, 75011, 81920, 48, 115.51, 34
nid008353,2026/05/03 15:48:08.478, 1, GPU-3d65dc3f-116a-1dd4-937c-6e4481a765b5, NVIDIA A100-SXM4-80GB, 75001, 81920, 74, 127.82, 32
nid008353,2026/05/03 15:48:08.480, 2, GPU-338e4806-c72e-e37a-4798-dc47c2f2de03, NVIDIA A100-SXM4-80GB, 75001, 81920, 88, 117.74, 35
nid008353,2026/05/03 15:48:08.481, 3, GPU-fec40d98-ea80-e220-a49c-31ccab4741af, NVIDIA A100-SXM4-80GB, 75001, 81920, 95, 114.17, 32
nid008352,2026/05/03 15:48:11.363, 0, GPU-c8e590fe-c1df-fb38-7bf3-9ed4364cf576, NVIDIA A100-SXM4-80GB, 74343, 81920, 34, 120.26, 34
nid008352,2026/05/03 15:48:11.365, 1, GPU-5efb5c1d-1cd8-daca-bd51-2f30d62f6e1e, NVIDIA A100-SXM4-80GB, 74275, 81920, 100, 125.15, 31
nid008352,2026/05/03 15:48:11.367, 2, GPU-1d24ec01-d8bb-a3cf-73c2-7d6014d1dd4d, NVIDIA A100-SXM4-80GB, 74275, 81920, 100, 123.00, 33
nid008352,2026/05/03 15:48:11.368, 3, GPU-689a6e7c-a622-65fb-9f4d-887ba745f660, NVIDIA A100-SXM4-80GB, 74275, 81920, 67, 110.20, 31
nid008353,2026/05/03 15:48:12.183, 0, GPU-3ad85384-e7dd-8c9b-13da-56f54bf334d9, NVIDIA A100-SXM4-80GB, 75011, 81920, 69, 111.42, 33
nid008353,2026/05/03 15:48:12.186, 1, GPU-3d65dc3f-116a-1dd4-937c-6e4481a765b5, NVIDIA A100-SXM4-80GB, 75001, 81920, 8, 112.99, 31
nid008353,2026/05/03 15:48:12.190, 2, GPU-338e4806-c72e-e37a-4798-dc47c2f2de03, NVIDIA A100-SXM4-80GB, 75001, 81920, 93, 143.53, 34
nid008353,2026/05/03 15:48:12.192, 3, GPU-fec40d98-ea80-e220-a49c-31ccab4741af, NVIDIA A100-SXM4-80GB, 75001, 81920, 81, 111.16, 31
nid008352,2026/05/03 15:48:15.069, 0, GPU-c8e590fe-c1df-fb38-7bf3-9ed4364cf576, NVIDIA A100-SXM4-80GB, 74343, 81920, 100, 115.62, 34
nid008352,2026/05/03 15:48:15.072, 1, GPU-5efb5c1d-1cd8-daca-bd51-2f30d62f6e1e, NVIDIA A100-SXM4-80GB, 74275, 81920, 17, 144.39, 31
nid008352,2026/05/03 15:48:15.073, 2, GPU-1d24ec01-d8bb-a3cf-73c2-7d6014d1dd4d, NVIDIA A100-SXM4-80GB, 74275, 81920, 100, 138.97, 33
nid008352,2026/05/03 15:48:15.075, 3, GPU-689a6e7c-a622-65fb-9f4d-887ba745f660, NVIDIA A100-SXM4-80GB, 74275, 81920, 86, 110.76, 31
nid008353,2026/05/03 15:48:15.890, 0, GPU-3ad85384-e7dd-8c9b-13da-56f54bf334d9, NVIDIA A100-SXM4-80GB, 75011, 81920, 83, 111.66, 33
nid008353,2026/05/03 15:48:15.892, 1, GPU-3d65dc3f-116a-1dd4-937c-6e4481a765b5, NVIDIA A100-SXM4-80GB, 75001, 81920, 19, 113.27, 32
nid008353,2026/05/03 15:48:15.894, 2, GPU-338e4806-c72e-e37a-4798-dc47c2f2de03, NVIDIA A100-SXM4-80GB, 75001, 81920, 90, 115.89, 34
nid008353,2026/05/03 15:48:15.896, 3, GPU-fec40d98-ea80-e220-a49c-31ccab4741af, NVIDIA A100-SXM4-80GB, 75001, 81920, 38, 111.40, 31
nid008352,2026/05/03 15:48:18.778, 0, GPU-c8e590fe-c1df-fb38-7bf3-9ed4364cf576, NVIDIA A100-SXM4-80GB, 74343, 81920, 100, 113.63, 34
nid008352,2026/05/03 15:48:18.781, 1, GPU-5efb5c1d-1cd8-daca-bd51-2f30d62f6e1e, NVIDIA A100-SXM4-80GB, 74275, 81920, 47, 114.74, 31
nid008352,2026/05/03 15:48:18.782, 2, GPU-1d24ec01-d8bb-a3cf-73c2-7d6014d1dd4d, NVIDIA A100-SXM4-80GB, 74275, 81920, 77, 115.24, 33
nid008352,2026/05/03 15:48:18.784, 3, GPU-689a6e7c-a622-65fb-9f4d-887ba745f660, NVIDIA A100-SXM4-80GB, 74275, 81920, 100, 110.07, 31
nid008353,2026/05/03 15:48:19.647, 0, GPU-3ad85384-e7dd-8c9b-13da-56f54bf334d9, NVIDIA A100-SXM4-80GB, 75011, 81920, 97, 130.85, 34
nid008353,2026/05/03 15:48:19.652, 1, GPU-3d65dc3f-116a-1dd4-937c-6e4481a765b5, NVIDIA A100-SXM4-80GB, 75001, 81920, 29, 112.99, 31
nid008353,2026/05/03 15:48:19.654, 2, GPU-338e4806-c72e-e37a-4798-dc47c2f2de03, NVIDIA A100-SXM4-80GB, 75001, 81920, 74, 115.36, 34
nid008353,2026/05/03 15:48:19.656, 3, GPU-fec40d98-ea80-e220-a49c-31ccab4741af, NVIDIA A100-SXM4-80GB, 75001, 81920, 37, 111.16, 32
nid008352,2026/05/03 15:48:22.554, 0, GPU-c8e590fe-c1df-fb38-7bf3-9ed4364cf576, NVIDIA A100-SXM4-80GB, 74343, 81920, 100, 113.39, 34
nid008352,2026/05/03 15:48:22.557, 1, GPU-5efb5c1d-1cd8-daca-bd51-2f30d62f6e1e, NVIDIA A100-SXM4-80GB, 74275, 81920, 2, 120.17, 31
nid008352,2026/05/03 15:48:22.558, 2, GPU-1d24ec01-d8bb-a3cf-73c2-7d6014d1dd4d, NVIDIA A100-SXM4-80GB, 74275, 81920, 100, 122.87, 33
nid008352,2026/05/03 15:48:22.560, 3, GPU-689a6e7c-a622-65fb-9f4d-887ba745f660, NVIDIA A100-SXM4-80GB, 74275, 81920, 100, 109.67, 31
nid008353,2026/05/03 15:48:23.429, 0, GPU-3ad85384-e7dd-8c9b-13da-56f54bf334d9, NVIDIA A100-SXM4-80GB, 75011, 81920, 96, 111.53, 33
nid008353,2026/05/03 15:48:23.432, 1, GPU-3d65dc3f-116a-1dd4-937c-6e4481a765b5, NVIDIA A100-SXM4-80GB, 75001, 81920, 4, 112.99, 31
nid008353,2026/05/03 15:48:23.434, 2, GPU-338e4806-c72e-e37a-4798-dc47c2f2de03, NVIDIA A100-SXM4-80GB, 75001, 81920, 60, 123.82, 35
nid008353,2026/05/03 15:48:23.435, 3, GPU-fec40d98-ea80-e220-a49c-31ccab4741af, NVIDIA A100-SXM4-80GB, 75001, 81920, 56, 122.40, 32
nid008352,2026/05/03 15:48:26.420, 0, GPU-c8e590fe-c1df-fb38-7bf3-9ed4364cf576, NVIDIA A100-SXM4-80GB, 74343, 81920, 100, 117.89, 34
nid008352,2026/05/03 15:48:26.423, 1, GPU-5efb5c1d-1cd8-daca-bd51-2f30d62f6e1e, NVIDIA A100-SXM4-80GB, 74275, 81920, 17, 117.64, 31
nid008352,2026/05/03 15:48:26.424, 2, GPU-1d24ec01-d8bb-a3cf-73c2-7d6014d1dd4d, NVIDIA A100-SXM4-80GB, 74275, 81920, 68, 119.46, 33
nid008352,2026/05/03 15:48:26.426, 3, GPU-689a6e7c-a622-65fb-9f4d-887ba745f660, NVIDIA A100-SXM4-80GB, 74275, 81920, 100, 127.80, 31
nid008353,2026/05/03 15:48:27.299, 0, GPU-3ad85384-e7dd-8c9b-13da-56f54bf334d9, NVIDIA A100-SXM4-80GB, 75011, 81920, 91, 111.53, 33
nid008353,2026/05/03 15:48:27.306, 1, GPU-3d65dc3f-116a-1dd4-937c-6e4481a765b5, NVIDIA A100-SXM4-80GB, 75001, 81920, 41, 113.27, 31
nid008353,2026/05/03 15:48:27.312, 2, GPU-338e4806-c72e-e37a-4798-dc47c2f2de03, NVIDIA A100-SXM4-80GB, 75001, 81920, 0, 115.65, 34
nid008353,2026/05/03 15:48:27.320, 3, GPU-fec40d98-ea80-e220-a49c-31ccab4741af, NVIDIA A100-SXM4-80GB, 75001, 81920, 100, 111.27, 31
nid008352,2026/05/03 15:48:30.312, 0, GPU-c8e590fe-c1df-fb38-7bf3-9ed4364cf576, NVIDIA A100-SXM4-80GB, 74343, 81920, 100, 114.58, 34
nid008352,2026/05/03 15:48:30.315, 1, GPU-5efb5c1d-1cd8-daca-bd51-2f30d62f6e1e, NVIDIA A100-SXM4-80GB, 74275, 81920, 0, 114.17, 31
nid008352,2026/05/03 15:48:30.321, 2, GPU-1d24ec01-d8bb-a3cf-73c2-7d6014d1dd4d, NVIDIA A100-SXM4-80GB, 74275, 81920, 0, 114.44, 33
nid008352,2026/05/03 15:48:30.323, 3, GPU-689a6e7c-a622-65fb-9f4d-887ba745f660, NVIDIA A100-SXM4-80GB, 74275, 81920, 100, 110.88, 31
nid008353,2026/05/03 15:48:31.154, 0, GPU-3ad85384-e7dd-8c9b-13da-56f54bf334d9, NVIDIA A100-SXM4-80GB, 75011, 81920, 0, 111.42, 33
nid008353,2026/05/03 15:48:31.157, 1, GPU-3d65dc3f-116a-1dd4-937c-6e4481a765b5, NVIDIA A100-SXM4-80GB, 75001, 81920, 0, 113.12, 31
nid008353,2026/05/03 15:48:31.158, 2, GPU-338e4806-c72e-e37a-4798-dc47c2f2de03, NVIDIA A100-SXM4-80GB, 75001, 81920, 0, 115.50, 34
nid008353,2026/05/03 15:48:31.160, 3, GPU-fec40d98-ea80-e220-a49c-31ccab4741af, NVIDIA A100-SXM4-80GB, 75001, 81920, 0, 109.95, 31
nid008352,2026/05/03 15:48:34.237, 0, GPU-c8e590fe-c1df-fb38-7bf3-9ed4364cf576, NVIDIA A100-SXM4-80GB, 74343, 81920, 100, 114.72, 34
nid008352,2026/05/03 15:48:34.244, 1, GPU-5efb5c1d-1cd8-daca-bd51-2f30d62f6e1e, NVIDIA A100-SXM4-80GB, 74275, 81920, 0, 114.32, 31
nid008352,2026/05/03 15:48:34.249, 2, GPU-1d24ec01-d8bb-a3cf-73c2-7d6014d1dd4d, NVIDIA A100-SXM4-80GB, 74275, 81920, 0, 114.30, 33
nid008352,2026/05/03 15:48:34.256, 3, GPU-689a6e7c-a622-65fb-9f4d-887ba745f660, NVIDIA A100-SXM4-80GB, 74275, 81920, 100, 110.76, 31
nid008353,2026/05/03 15:48:35.113, 0, GPU-3ad85384-e7dd-8c9b-13da-56f54bf334d9, NVIDIA A100-SXM4-80GB, 75011, 81920, 0, 111.29, 33
nid008353,2026/05/03 15:48:35.115, 1, GPU-3d65dc3f-116a-1dd4-937c-6e4481a765b5, NVIDIA A100-SXM4-80GB, 75001, 81920, 0, 112.85, 31
nid008353,2026/05/03 15:48:35.117, 2, GPU-338e4806-c72e-e37a-4798-dc47c2f2de03, NVIDIA A100-SXM4-80GB, 75001, 81920, 0, 115.36, 34
nid008353,2026/05/03 15:48:35.120, 3, GPU-fec40d98-ea80-e220-a49c-31ccab4741af, NVIDIA A100-SXM4-80GB, 75001, 81920, 0, 111.03, 31
nid008352,2026/05/03 15:48:38.119, 0, GPU-c8e590fe-c1df-fb38-7bf3-9ed4364cf576, NVIDIA A100-SXM4-80GB, 74343, 81920, 100, 114.72, 34
nid008352,2026/05/03 15:48:38.122, 1, GPU-5efb5c1d-1cd8-daca-bd51-2f30d62f6e1e, NVIDIA A100-SXM4-80GB, 74275, 81920, 0, 114.45, 31
nid008352,2026/05/03 15:48:38.124, 2, GPU-1d24ec01-d8bb-a3cf-73c2-7d6014d1dd4d, NVIDIA A100-SXM4-80GB, 74275, 81920, 0, 114.44, 33
nid008352,2026/05/03 15:48:38.126, 3, GPU-689a6e7c-a622-65fb-9f4d-887ba745f660, NVIDIA A100-SXM4-80GB, 74275, 81920, 100, 110.88, 31
nid008353,2026/05/03 15:48:38.973, 0, GPU-3ad85384-e7dd-8c9b-13da-56f54bf334d9, NVIDIA A100-SXM4-80GB, 75011, 81920, 0, 111.42, 33
nid008353,2026/05/03 15:48:38.976, 1, GPU-3d65dc3f-116a-1dd4-937c-6e4481a765b5, NVIDIA A100-SXM4-80GB, 75001, 81920, 0, 112.99, 31
nid008353,2026/05/03 15:48:38.978, 2, GPU-338e4806-c72e-e37a-4798-dc47c2f2de03, NVIDIA A100-SXM4-80GB, 75001, 81920, 0, 115.36, 34
nid008353,2026/05/03 15:48:38.979, 3, GPU-fec40d98-ea80-e220-a49c-31ccab4741af, NVIDIA A100-SXM4-80GB, 75001, 81920, 0, 111.27, 31
nid008352,2026/05/03 15:48:41.914, 0, GPU-c8e590fe-c1df-fb38-7bf3-9ed4364cf576, NVIDIA A100-SXM4-80GB, 74343, 81920, 9, 114.44, 34
nid008352,2026/05/03 15:48:41.916, 1, GPU-5efb5c1d-1cd8-daca-bd51-2f30d62f6e1e, NVIDIA A100-SXM4-80GB, 74275, 81920, 100, 114.59, 31
nid008352,2026/05/03 15:48:41.924, 2, GPU-1d24ec01-d8bb-a3cf-73c2-7d6014d1dd4d, NVIDIA A100-SXM4-80GB, 74275, 81920, 100, 114.72, 33
nid008352,2026/05/03 15:48:41.926, 3, GPU-689a6e7c-a622-65fb-9f4d-887ba745f660, NVIDIA A100-SXM4-80GB, 74275, 81920, 100, 111.91, 31
nid008353,2026/05/03 15:48:42.777, 0, GPU-3ad85384-e7dd-8c9b-13da-56f54bf334d9, NVIDIA A100-SXM4-80GB, 75011, 81920, 2, 117.08, 33
nid008353,2026/05/03 15:48:42.780, 1, GPU-3d65dc3f-116a-1dd4-937c-6e4481a765b5, NVIDIA A100-SXM4-80GB, 75001, 81920, 73, 125.96, 31
nid008353,2026/05/03 15:48:42.781, 2, GPU-338e4806-c72e-e37a-4798-dc47c2f2de03, NVIDIA A100-SXM4-80GB, 75001, 81920, 20, 115.50, 34
nid008353,2026/05/03 15:48:42.783, 3, GPU-fec40d98-ea80-e220-a49c-31ccab4741af, NVIDIA A100-SXM4-80GB, 75001, 81920, 97, 111.16, 32
nid008352,2026/05/03 15:48:45.650, 0, GPU-c8e590fe-c1df-fb38-7bf3-9ed4364cf576, NVIDIA A100-SXM4-80GB, 74343, 81920, 48, 119.46, 34
nid008352,2026/05/03 15:48:45.653, 1, GPU-5efb5c1d-1cd8-daca-bd51-2f30d62f6e1e, NVIDIA A100-SXM4-80GB, 74275, 81920, 100, 114.74, 31
nid008352,2026/05/03 15:48:45.654, 2, GPU-1d24ec01-d8bb-a3cf-73c2-7d6014d1dd4d, NVIDIA A100-SXM4-80GB, 74275, 81920, 100, 115.24, 33
nid008352,2026/05/03 15:48:45.656, 3, GPU-689a6e7c-a622-65fb-9f4d-887ba745f660, NVIDIA A100-SXM4-80GB, 74275, 81920, 100, 124.86, 31
nid008353,2026/05/03 15:48:46.490, 0, GPU-3ad85384-e7dd-8c9b-13da-56f54bf334d9, NVIDIA A100-SXM4-80GB, 75011, 81920, 34, 113.66, 33
nid008353,2026/05/03 15:48:46.492, 1, GPU-3d65dc3f-116a-1dd4-937c-6e4481a765b5, NVIDIA A100-SXM4-80GB, 75001, 81920, 96, 113.41, 31
nid008353,2026/05/03 15:48:46.499, 2, GPU-338e4806-c72e-e37a-4798-dc47c2f2de03, NVIDIA A100-SXM4-80GB, 75001, 81920, 90, 116.04, 34
nid008353,2026/05/03 15:48:46.500, 3, GPU-fec40d98-ea80-e220-a49c-31ccab4741af, NVIDIA A100-SXM4-80GB, 75001, 81920, 39, 111.79, 31
nid008352,2026/05/03 15:48:49.384, 0, GPU-c8e590fe-c1df-fb38-7bf3-9ed4364cf576, NVIDIA A100-SXM4-80GB, 74343, 81920, 2, 121.54, 34
nid008352,2026/05/03 15:48:49.387, 1, GPU-5efb5c1d-1cd8-daca-bd51-2f30d62f6e1e, NVIDIA A100-SXM4-80GB, 74275, 81920, 100, 129.67, 31
nid008352,2026/05/03 15:48:49.389, 2, GPU-1d24ec01-d8bb-a3cf-73c2-7d6014d1dd4d, NVIDIA A100-SXM4-80GB, 74275, 81920, 100, 115.76, 33
nid008352,2026/05/03 15:48:49.390, 3, GPU-689a6e7c-a622-65fb-9f4d-887ba745f660, NVIDIA A100-SXM4-80GB, 74275, 81920, 100, 112.85, 31
nid008353,2026/05/03 15:48:50.214, 0, GPU-3ad85384-e7dd-8c9b-13da-56f54bf334d9, NVIDIA A100-SXM4-80GB, 75011, 81920, 45, 111.53, 33
nid008353,2026/05/03 15:48:50.217, 1, GPU-3d65dc3f-116a-1dd4-937c-6e4481a765b5, NVIDIA A100-SXM4-80GB, 75001, 81920, 69, 113.27, 31
nid008353,2026/05/03 15:48:50.219, 2, GPU-338e4806-c72e-e37a-4798-dc47c2f2de03, NVIDIA A100-SXM4-80GB, 75001, 81920, 38, 115.51, 34
nid008353,2026/05/03 15:48:50.221, 3, GPU-fec40d98-ea80-e220-a49c-31ccab4741af, NVIDIA A100-SXM4-80GB, 75001, 81920, 78, 111.27, 31
nid008352,2026/05/03 15:48:53.109, 0, GPU-c8e590fe-c1df-fb38-7bf3-9ed4364cf576, NVIDIA A100-SXM4-80GB, 74343, 81920, 2, 115.62, 34
nid008352,2026/05/03 15:48:53.112, 1, GPU-5efb5c1d-1cd8-daca-bd51-2f30d62f6e1e, NVIDIA A100-SXM4-80GB, 74275, 81920, 100, 114.45, 31
nid008352,2026/05/03 15:48:53.113, 2, GPU-1d24ec01-d8bb-a3cf-73c2-7d6014d1dd4d, NVIDIA A100-SXM4-80GB, 74275, 81920, 100, 114.72, 33
nid008352,2026/05/03 15:48:53.115, 3, GPU-689a6e7c-a622-65fb-9f4d-887ba745f660, NVIDIA A100-SXM4-80GB, 74275, 81920, 100, 115.51, 31
nid008353,2026/05/03 15:48:53.942, 0, GPU-3ad85384-e7dd-8c9b-13da-56f54bf334d9, NVIDIA A100-SXM4-80GB, 75011, 81920, 2, 135.60, 34
nid008353,2026/05/03 15:48:53.945, 1, GPU-3d65dc3f-116a-1dd4-937c-6e4481a765b5, NVIDIA A100-SXM4-80GB, 75001, 81920, 99, 140.87, 32
nid008353,2026/05/03 15:48:53.946, 2, GPU-338e4806-c72e-e37a-4798-dc47c2f2de03, NVIDIA A100-SXM4-80GB, 75001, 81920, 35, 139.82, 34
nid008353,2026/05/03 15:48:53.948, 3, GPU-fec40d98-ea80-e220-a49c-31ccab4741af, NVIDIA A100-SXM4-80GB, 75001, 81920, 85, 109.93, 31
nid008352,2026/05/03 15:48:56.815, 0, GPU-c8e590fe-c1df-fb38-7bf3-9ed4364cf576, NVIDIA A100-SXM4-80GB, 74343, 81920, 4, 113.11, 34
nid008352,2026/05/03 15:48:56.817, 1, GPU-5efb5c1d-1cd8-daca-bd51-2f30d62f6e1e, NVIDIA A100-SXM4-80GB, 74275, 81920, 100, 127.01, 31
nid008352,2026/05/03 15:48:56.819, 2, GPU-1d24ec01-d8bb-a3cf-73c2-7d6014d1dd4d, NVIDIA A100-SXM4-80GB, 74275, 81920, 100, 134.83, 33
nid008352,2026/05/03 15:48:56.821, 3, GPU-689a6e7c-a622-65fb-9f4d-887ba745f660, NVIDIA A100-SXM4-80GB, 74275, 81920, 100, 109.67, 31
nid008353,2026/05/03 15:48:57.650, 0, GPU-3ad85384-e7dd-8c9b-13da-56f54bf334d9, NVIDIA A100-SXM4-80GB, 75011, 81920, 13, 133.22, 34
nid008353,2026/05/03 15:48:57.652, 1, GPU-3d65dc3f-116a-1dd4-937c-6e4481a765b5, NVIDIA A100-SXM4-80GB, 75001, 81920, 91, 122.54, 32
nid008353,2026/05/03 15:48:57.654, 2, GPU-338e4806-c72e-e37a-4798-dc47c2f2de03, NVIDIA A100-SXM4-80GB, 75001, 81920, 93, 136.40, 35
nid008353,2026/05/03 15:48:57.655, 3, GPU-fec40d98-ea80-e220-a49c-31ccab4741af, NVIDIA A100-SXM4-80GB, 75001, 81920, 90, 110.87, 32
nid008352,2026/05/03 15:49:00.523, 0, GPU-c8e590fe-c1df-fb38-7bf3-9ed4364cf576, NVIDIA A100-SXM4-80GB, 74343, 81920, 100, 114.20, 34
nid008352,2026/05/03 15:49:00.526, 1, GPU-5efb5c1d-1cd8-daca-bd51-2f30d62f6e1e, NVIDIA A100-SXM4-80GB, 74275, 81920, 4, 129.30, 31
nid008352,2026/05/03 15:49:00.531, 2, GPU-1d24ec01-d8bb-a3cf-73c2-7d6014d1dd4d, NVIDIA A100-SXM4-80GB, 74275, 81920, 100, 128.93, 33
nid008352,2026/05/03 15:49:00.533, 3, GPU-689a6e7c-a622-65fb-9f4d-887ba745f660, NVIDIA A100-SXM4-80GB, 74275, 81920, 100, 111.68, 31
nid008353,2026/05/03 15:49:01.362, 0, GPU-3ad85384-e7dd-8c9b-13da-56f54bf334d9, NVIDIA A100-SXM4-80GB, 75011, 81920, 86, 112.04, 33
nid008353,2026/05/03 15:49:01.366, 1, GPU-3d65dc3f-116a-1dd4-937c-6e4481a765b5, NVIDIA A100-SXM4-80GB, 75001, 81920, 60, 129.80, 32
nid008353,2026/05/03 15:49:01.367, 2, GPU-338e4806-c72e-e37a-4798-dc47c2f2de03, NVIDIA A100-SXM4-80GB, 75001, 81920, 76, 135.88, 35
nid008353,2026/05/03 15:49:01.369, 3, GPU-fec40d98-ea80-e220-a49c-31ccab4741af, NVIDIA A100-SXM4-80GB, 75001, 81920, 73, 128.26, 32
nid008352,2026/05/03 15:49:04.250, 0, GPU-c8e590fe-c1df-fb38-7bf3-9ed4364cf576, NVIDIA A100-SXM4-80GB, 74343, 81920, 29, 117.61, 34
nid008352,2026/05/03 15:49:04.253, 1, GPU-5efb5c1d-1cd8-daca-bd51-2f30d62f6e1e, NVIDIA A100-SXM4-80GB, 74275, 81920, 100, 134.59, 31
nid008352,2026/05/03 15:49:04.254, 2, GPU-1d24ec01-d8bb-a3cf-73c2-7d6014d1dd4d, NVIDIA A100-SXM4-80GB, 74275, 81920, 80, 128.41, 33
nid008352,2026/05/03 15:49:04.256, 3, GPU-689a6e7c-a622-65fb-9f4d-887ba745f660, NVIDIA A100-SXM4-80GB, 74275, 81920, 100, 119.08, 32
nid008353,2026/05/03 15:49:05.098, 0, GPU-3ad85384-e7dd-8c9b-13da-56f54bf334d9, NVIDIA A100-SXM4-80GB, 75011, 81920, 32, 127.23, 34
nid008353,2026/05/03 15:49:05.103, 1, GPU-3d65dc3f-116a-1dd4-937c-6e4481a765b5, NVIDIA A100-SXM4-80GB, 75001, 81920, 100, 132.42, 32
nid008353,2026/05/03 15:49:05.107, 2, GPU-338e4806-c72e-e37a-4798-dc47c2f2de03, NVIDIA A100-SXM4-80GB, 75001, 81920, 1, 128.11, 35
nid008353,2026/05/03 15:49:05.108, 3, GPU-fec40d98-ea80-e220-a49c-31ccab4741af, NVIDIA A100-SXM4-80GB, 75001, 81920, 76, 125.07, 32
nid008352,2026/05/03 15:49:07.979, 0, GPU-c8e590fe-c1df-fb38-7bf3-9ed4364cf576, NVIDIA A100-SXM4-80GB, 74343, 81920, 95, 122.63, 34
nid008352,2026/05/03 15:49:07.981, 1, GPU-5efb5c1d-1cd8-daca-bd51-2f30d62f6e1e, NVIDIA A100-SXM4-80GB, 74275, 81920, 100, 114.32, 31
nid008352,2026/05/03 15:49:07.983, 2, GPU-1d24ec01-d8bb-a3cf-73c2-7d6014d1dd4d, NVIDIA A100-SXM4-80GB, 74275, 81920, 100, 114.82, 33
nid008352,2026/05/03 15:49:07.985, 3, GPU-689a6e7c-a622-65fb-9f4d-887ba745f660, NVIDIA A100-SXM4-80GB, 74275, 81920, 87, 120.93, 32
nid008353,2026/05/03 15:49:08.821, 0, GPU-3ad85384-e7dd-8c9b-13da-56f54bf334d9, NVIDIA A100-SXM4-80GB, 75011, 81920, 87, 111.53, 33
nid008353,2026/05/03 15:49:08.824, 1, GPU-3d65dc3f-116a-1dd4-937c-6e4481a765b5, NVIDIA A100-SXM4-80GB, 75001, 81920, 55, 113.12, 32
nid008353,2026/05/03 15:49:08.825, 2, GPU-338e4806-c72e-e37a-4798-dc47c2f2de03, NVIDIA A100-SXM4-80GB, 75001, 81920, 91, 144.57, 35
nid008353,2026/05/03 15:49:08.832, 3, GPU-fec40d98-ea80-e220-a49c-31ccab4741af, NVIDIA A100-SXM4-80GB, 75001, 81920, 45, 111.03, 31
nid008352,2026/05/03 15:49:11.707, 0, GPU-c8e590fe-c1df-fb38-7bf3-9ed4364cf576, NVIDIA A100-SXM4-80GB, 74343, 81920, 100, 135.40, 34
nid008352,2026/05/03 15:49:11.710, 1, GPU-5efb5c1d-1cd8-daca-bd51-2f30d62f6e1e, NVIDIA A100-SXM4-80GB, 74275, 81920, 100, 114.45, 31
nid008352,2026/05/03 15:49:11.712, 2, GPU-1d24ec01-d8bb-a3cf-73c2-7d6014d1dd4d, NVIDIA A100-SXM4-80GB, 74275, 81920, 100, 114.96, 33
nid008352,2026/05/03 15:49:11.713, 3, GPU-689a6e7c-a622-65fb-9f4d-887ba745f660, NVIDIA A100-SXM4-80GB, 74275, 81920, 39, 135.56, 31
nid008353,2026/05/03 15:49:12.538, 0, GPU-3ad85384-e7dd-8c9b-13da-56f54bf334d9, NVIDIA A100-SXM4-80GB, 75011, 81920, 98, 136.64, 33
nid008353,2026/05/03 15:49:12.541, 1, GPU-3d65dc3f-116a-1dd4-937c-6e4481a765b5, NVIDIA A100-SXM4-80GB, 75001, 81920, 95, 113.65, 31
nid008353,2026/05/03 15:49:12.543, 2, GPU-338e4806-c72e-e37a-4798-dc47c2f2de03, NVIDIA A100-SXM4-80GB, 75001, 81920, 69, 115.65, 34
nid008353,2026/05/03 15:49:12.544, 3, GPU-fec40d98-ea80-e220-a49c-31ccab4741af, NVIDIA A100-SXM4-80GB, 75001, 81920, 13, 115.26, 32
nid008352,2026/05/03 15:49:15.409, 0, GPU-c8e590fe-c1df-fb38-7bf3-9ed4364cf576, NVIDIA A100-SXM4-80GB, 74343, 81920, 100, 128.77, 34
nid008352,2026/05/03 15:49:15.412, 1, GPU-5efb5c1d-1cd8-daca-bd51-2f30d62f6e1e, NVIDIA A100-SXM4-80GB, 74275, 81920, 100, 118.17, 31
nid008352,2026/05/03 15:49:15.413, 2, GPU-1d24ec01-d8bb-a3cf-73c2-7d6014d1dd4d, NVIDIA A100-SXM4-80GB, 74275, 81920, 2, 117.89, 34
nid008352,2026/05/03 15:49:15.415, 3, GPU-689a6e7c-a622-65fb-9f4d-887ba745f660, NVIDIA A100-SXM4-80GB, 74275, 81920, 82, 119.83, 32
nid008353,2026/05/03 15:49:16.251, 0, GPU-3ad85384-e7dd-8c9b-13da-56f54bf334d9, NVIDIA A100-SXM4-80GB, 75011, 81920, 18, 134.79, 34
nid008353,2026/05/03 15:49:16.254, 1, GPU-3d65dc3f-116a-1dd4-937c-6e4481a765b5, NVIDIA A100-SXM4-80GB, 75001, 81920, 0, 120.40, 31
nid008353,2026/05/03 15:49:16.255, 2, GPU-338e4806-c72e-e37a-4798-dc47c2f2de03, NVIDIA A100-SXM4-80GB, 75001, 81920, 24, 128.72, 34
nid008353,2026/05/03 15:49:16.257, 3, GPU-fec40d98-ea80-e220-a49c-31ccab4741af, NVIDIA A100-SXM4-80GB, 75001, 81920, 51, 109.82, 31
nid008352,2026/05/03 15:49:19.112, 0, GPU-c8e590fe-c1df-fb38-7bf3-9ed4364cf576, NVIDIA A100-SXM4-80GB, 74343, 81920, 100, 116.57, 34
nid008352,2026/05/03 15:49:19.115, 1, GPU-5efb5c1d-1cd8-daca-bd51-2f30d62f6e1e, NVIDIA A100-SXM4-80GB, 74275, 81920, 72, 115.79, 31
nid008352,2026/05/03 15:49:19.117, 2, GPU-1d24ec01-d8bb-a3cf-73c2-7d6014d1dd4d, NVIDIA A100-SXM4-80GB, 74275, 81920, 69, 115.34, 33
nid008352,2026/05/03 15:49:19.118, 3, GPU-689a6e7c-a622-65fb-9f4d-887ba745f660, NVIDIA A100-SXM4-80GB, 74275, 81920, 100, 121.59, 31
nid008353,2026/05/03 15:49:19.939, 0, GPU-3ad85384-e7dd-8c9b-13da-56f54bf334d9, NVIDIA A100-SXM4-80GB, 75011, 81920, 9, 115.65, 33
nid008353,2026/05/03 15:49:19.941, 1, GPU-3d65dc3f-116a-1dd4-937c-6e4481a765b5, NVIDIA A100-SXM4-80GB, 75001, 81920, 69, 112.99, 31
nid008353,2026/05/03 15:49:19.943, 2, GPU-338e4806-c72e-e37a-4798-dc47c2f2de03, NVIDIA A100-SXM4-80GB, 75001, 81920, 16, 115.89, 34
nid008353,2026/05/03 15:49:19.945, 3, GPU-fec40d98-ea80-e220-a49c-31ccab4741af, NVIDIA A100-SXM4-80GB, 75001, 81920, 87, 130.87, 32
nid008352,2026/05/03 15:49:22.838, 0, GPU-c8e590fe-c1df-fb38-7bf3-9ed4364cf576, NVIDIA A100-SXM4-80GB, 74343, 81920, 100, 126.84, 34
nid008352,2026/05/03 15:49:22.841, 1, GPU-5efb5c1d-1cd8-daca-bd51-2f30d62f6e1e, NVIDIA A100-SXM4-80GB, 74275, 81920, 49, 122.69, 31
nid008352,2026/05/03 15:49:22.842, 2, GPU-1d24ec01-d8bb-a3cf-73c2-7d6014d1dd4d, NVIDIA A100-SXM4-80GB, 74275, 81920, 69, 127.73, 33
nid008352,2026/05/03 15:49:22.844, 3, GPU-689a6e7c-a622-65fb-9f4d-887ba745f660, NVIDIA A100-SXM4-80GB, 74275, 81920, 90, 112.20, 32
nid008353,2026/05/03 15:49:23.709, 0, GPU-3ad85384-e7dd-8c9b-13da-56f54bf334d9, NVIDIA A100-SXM4-80GB, 75011, 81920, 84, 111.66, 33
nid008353,2026/05/03 15:49:23.712, 1, GPU-3d65dc3f-116a-1dd4-937c-6e4481a765b5, NVIDIA A100-SXM4-80GB, 75001, 81920, 20, 112.99, 31
nid008353,2026/05/03 15:49:23.713, 2, GPU-338e4806-c72e-e37a-4798-dc47c2f2de03, NVIDIA A100-SXM4-80GB, 75001, 81920, 68, 115.36, 34
nid008353,2026/05/03 15:49:23.715, 3, GPU-fec40d98-ea80-e220-a49c-31ccab4741af, NVIDIA A100-SXM4-80GB, 75001, 81920, 6, 109.69, 31
nid008352,2026/05/03 15:49:26.595, 0, GPU-c8e590fe-c1df-fb38-7bf3-9ed4364cf576, NVIDIA A100-SXM4-80GB, 74343, 81920, 100, 139.09, 34
nid008352,2026/05/03 15:49:26.598, 1, GPU-5efb5c1d-1cd8-daca-bd51-2f30d62f6e1e, NVIDIA A100-SXM4-80GB, 74275, 81920, 35, 123.74, 31
nid008352,2026/05/03 15:49:26.599, 2, GPU-1d24ec01-d8bb-a3cf-73c2-7d6014d1dd4d, NVIDIA A100-SXM4-80GB, 74275, 81920, 66, 126.04, 33
nid008352,2026/05/03 15:49:26.601, 3, GPU-689a6e7c-a622-65fb-9f4d-887ba745f660, NVIDIA A100-SXM4-80GB, 74275, 81920, 79, 113.25, 32
nid008353,2026/05/03 15:49:27.454, 0, GPU-3ad85384-e7dd-8c9b-13da-56f54bf334d9, NVIDIA A100-SXM4-80GB, 75011, 81920, 99, 111.53, 33
nid008353,2026/05/03 15:49:27.456, 1, GPU-3d65dc3f-116a-1dd4-937c-6e4481a765b5, NVIDIA A100-SXM4-80GB, 75001, 81920, 2, 113.27, 31
nid008353,2026/05/03 15:49:27.458, 2, GPU-338e4806-c72e-e37a-4798-dc47c2f2de03, NVIDIA A100-SXM4-80GB, 75001, 81920, 85, 129.39, 35
nid008353,2026/05/03 15:49:27.460, 3, GPU-fec40d98-ea80-e220-a49c-31ccab4741af, NVIDIA A100-SXM4-80GB, 75001, 81920, 48, 126.55, 32
nid008352,2026/05/03 15:49:30.355, 0, GPU-c8e590fe-c1df-fb38-7bf3-9ed4364cf576, NVIDIA A100-SXM4-80GB, 74343, 81920, 91, 116.81, 35
nid008352,2026/05/03 15:49:30.358, 1, GPU-5efb5c1d-1cd8-daca-bd51-2f30d62f6e1e, NVIDIA A100-SXM4-80GB, 74275, 81920, 15, 195.66, 33
nid008352,2026/05/03 15:49:30.360, 2, GPU-1d24ec01-d8bb-a3cf-73c2-7d6014d1dd4d, NVIDIA A100-SXM4-80GB, 74275, 81920, 64, 197.85, 35
nid008352,2026/05/03 15:49:30.362, 3, GPU-689a6e7c-a622-65fb-9f4d-887ba745f660, NVIDIA A100-SXM4-80GB, 74275, 81920, 100, 113.38, 33
nid008353,2026/05/03 15:49:31.234, 0, GPU-3ad85384-e7dd-8c9b-13da-56f54bf334d9, NVIDIA A100-SXM4-80GB, 75011, 81920, 97, 113.14, 34
nid008353,2026/05/03 15:49:31.236, 1, GPU-3d65dc3f-116a-1dd4-937c-6e4481a765b5, NVIDIA A100-SXM4-80GB, 75001, 81920, 100, 113.51, 31
nid008353,2026/05/03 15:49:31.238, 2, GPU-338e4806-c72e-e37a-4798-dc47c2f2de03, NVIDIA A100-SXM4-80GB, 75001, 81920, 98, 115.75, 35
nid008353,2026/05/03 15:49:31.240, 3, GPU-fec40d98-ea80-e220-a49c-31ccab4741af, NVIDIA A100-SXM4-80GB, 75001, 81920, 33, 111.69, 32
nid008352,2026/05/03 15:49:34.104, 0, GPU-c8e590fe-c1df-fb38-7bf3-9ed4364cf576, NVIDIA A100-SXM4-80GB, 74343, 81920, 100, 120.78, 34
nid008352,2026/05/03 15:49:34.107, 1, GPU-5efb5c1d-1cd8-daca-bd51-2f30d62f6e1e, NVIDIA A100-SXM4-80GB, 74275, 81920, 100, 114.32, 31
nid008352,2026/05/03 15:49:34.108, 2, GPU-1d24ec01-d8bb-a3cf-73c2-7d6014d1dd4d, NVIDIA A100-SXM4-80GB, 74275, 81920, 100, 114.72, 33
nid008352,2026/05/03 15:49:34.110, 3, GPU-689a6e7c-a622-65fb-9f4d-887ba745f660, NVIDIA A100-SXM4-80GB, 74275, 81920, 1, 127.80, 31
nid008353,2026/05/03 15:49:34.935, 0, GPU-3ad85384-e7dd-8c9b-13da-56f54bf334d9, NVIDIA A100-SXM4-80GB, 75011, 81920, 92, 111.53, 33
nid008353,2026/05/03 15:49:34.938, 1, GPU-3d65dc3f-116a-1dd4-937c-6e4481a765b5, NVIDIA A100-SXM4-80GB, 75001, 81920, 83, 112.99, 32
nid008353,2026/05/03 15:49:34.939, 2, GPU-338e4806-c72e-e37a-4798-dc47c2f2de03, NVIDIA A100-SXM4-80GB, 75001, 81920, 88, 115.51, 35
nid008353,2026/05/03 15:49:34.941, 3, GPU-fec40d98-ea80-e220-a49c-31ccab4741af, NVIDIA A100-SXM4-80GB, 75001, 81920, 6, 109.69, 31
nid008352,2026/05/03 15:49:37.804, 0, GPU-c8e590fe-c1df-fb38-7bf3-9ed4364cf576, NVIDIA A100-SXM4-80GB, 74343, 81920, 100, 113.39, 34
nid008352,2026/05/03 15:49:37.807, 1, GPU-5efb5c1d-1cd8-daca-bd51-2f30d62f6e1e, NVIDIA A100-SXM4-80GB, 74275, 81920, 100, 122.78, 31
nid008352,2026/05/03 15:49:37.809, 2, GPU-1d24ec01-d8bb-a3cf-73c2-7d6014d1dd4d, NVIDIA A100-SXM4-80GB, 74275, 81920, 100, 117.89, 33
nid008352,2026/05/03 15:49:37.810, 3, GPU-689a6e7c-a622-65fb-9f4d-887ba745f660, NVIDIA A100-SXM4-80GB, 74275, 81920, 37, 109.15, 31
nid008353,2026/05/03 15:49:38.643, 0, GPU-3ad85384-e7dd-8c9b-13da-56f54bf334d9, NVIDIA A100-SXM4-80GB, 75011, 81920, 90, 140.18, 34
nid008353,2026/05/03 15:49:38.646, 1, GPU-3d65dc3f-116a-1dd4-937c-6e4481a765b5, NVIDIA A100-SXM4-80GB, 75001, 81920, 97, 117.89, 32
nid008353,2026/05/03 15:49:38.648, 2, GPU-338e4806-c72e-e37a-4798-dc47c2f2de03, NVIDIA A100-SXM4-80GB, 75001, 81920, 89, 133.22, 35
nid008353,2026/05/03 15:49:38.650, 3, GPU-fec40d98-ea80-e220-a49c-31ccab4741af, NVIDIA A100-SXM4-80GB, 75001, 81920, 0, 138.13, 32
nid008352,2026/05/03 15:49:41.526, 0, GPU-c8e590fe-c1df-fb38-7bf3-9ed4364cf576, NVIDIA A100-SXM4-80GB, 74343, 81920, 100, 113.25, 34
nid008352,2026/05/03 15:49:41.529, 1, GPU-5efb5c1d-1cd8-daca-bd51-2f30d62f6e1e, NVIDIA A100-SXM4-80GB, 74275, 81920, 75, 130.20, 31
nid008352,2026/05/03 15:49:41.530, 2, GPU-1d24ec01-d8bb-a3cf-73c2-7d6014d1dd4d, NVIDIA A100-SXM4-80GB, 74275, 81920, 100, 122.49, 33
nid008352,2026/05/03 15:49:41.532, 3, GPU-689a6e7c-a622-65fb-9f4d-887ba745f660, NVIDIA A100-SXM4-80GB, 74275, 81920, 25, 109.15, 31
nid008353,2026/05/03 15:49:42.358, 0, GPU-3ad85384-e7dd-8c9b-13da-56f54bf334d9, NVIDIA A100-SXM4-80GB, 75011, 81920, 72, 111.42, 33
nid008353,2026/05/03 15:49:42.361, 1, GPU-3d65dc3f-116a-1dd4-937c-6e4481a765b5, NVIDIA A100-SXM4-80GB, 75001, 81920, 43, 112.99, 31
nid008353,2026/05/03 15:49:42.362, 2, GPU-338e4806-c72e-e37a-4798-dc47c2f2de03, NVIDIA A100-SXM4-80GB, 75001, 81920, 74, 115.36, 34
nid008353,2026/05/03 15:49:42.364, 3, GPU-fec40d98-ea80-e220-a49c-31ccab4741af, NVIDIA A100-SXM4-80GB, 75001, 81920, 42, 109.82, 31
nid008352,2026/05/03 15:49:45.242, 0, GPU-c8e590fe-c1df-fb38-7bf3-9ed4364cf576, NVIDIA A100-SXM4-80GB, 74343, 81920, 100, 113.53, 34
nid008352,2026/05/03 15:49:45.244, 1, GPU-5efb5c1d-1cd8-daca-bd51-2f30d62f6e1e, NVIDIA A100-SXM4-80GB, 74275, 81920, 81, 134.06, 31
nid008352,2026/05/03 15:49:45.246, 2, GPU-1d24ec01-d8bb-a3cf-73c2-7d6014d1dd4d, NVIDIA A100-SXM4-80GB, 74275, 81920, 100, 123.15, 33
nid008352,2026/05/03 15:49:45.248, 3, GPU-689a6e7c-a622-65fb-9f4d-887ba745f660, NVIDIA A100-SXM4-80GB, 74275, 81920, 25, 109.43, 31
nid008353,2026/05/03 15:49:46.091, 0, GPU-3ad85384-e7dd-8c9b-13da-56f54bf334d9, NVIDIA A100-SXM4-80GB, 75011, 81920, 54, 111.66, 33
nid008353,2026/05/03 15:49:46.094, 1, GPU-3d65dc3f-116a-1dd4-937c-6e4481a765b5, NVIDIA A100-SXM4-80GB, 75001, 81920, 54, 113.27, 31
nid008353,2026/05/03 15:49:46.096, 2, GPU-338e4806-c72e-e37a-4798-dc47c2f2de03, NVIDIA A100-SXM4-80GB, 75001, 81920, 73, 115.65, 34
nid008353,2026/05/03 15:49:46.098, 3, GPU-fec40d98-ea80-e220-a49c-31ccab4741af, NVIDIA A100-SXM4-80GB, 75001, 81920, 1, 109.82, 31
nid008352,2026/05/03 15:49:48.975, 0, GPU-c8e590fe-c1df-fb38-7bf3-9ed4364cf576, NVIDIA A100-SXM4-80GB, 74343, 81920, 100, 117.47, 34
nid008352,2026/05/03 15:49:48.977, 1, GPU-5efb5c1d-1cd8-daca-bd51-2f30d62f6e1e, NVIDIA A100-SXM4-80GB, 74275, 81920, 100, 118.17, 31
nid008352,2026/05/03 15:49:48.979, 2, GPU-1d24ec01-d8bb-a3cf-73c2-7d6014d1dd4d, NVIDIA A100-SXM4-80GB, 74275, 81920, 100, 116.28, 33
nid008352,2026/05/03 15:49:48.980, 3, GPU-689a6e7c-a622-65fb-9f4d-887ba745f660, NVIDIA A100-SXM4-80GB, 74275, 81920, 26, 109.02, 31
nid008353,2026/05/03 15:49:49.825, 0, GPU-3ad85384-e7dd-8c9b-13da-56f54bf334d9, NVIDIA A100-SXM4-80GB, 75011, 81920, 68, 144.68, 33
nid008353,2026/05/03 15:49:49.828, 1, GPU-3d65dc3f-116a-1dd4-937c-6e4481a765b5, NVIDIA A100-SXM4-80GB, 75001, 81920, 76, 113.27, 31
nid008353,2026/05/03 15:49:49.829, 2, GPU-338e4806-c72e-e37a-4798-dc47c2f2de03, NVIDIA A100-SXM4-80GB, 75001, 81920, 63, 117.50, 35
nid008353,2026/05/03 15:49:49.831, 3, GPU-fec40d98-ea80-e220-a49c-31ccab4741af, NVIDIA A100-SXM4-80GB, 75001, 81920, 59, 112.21, 32
nid008352,2026/05/03 15:49:52.691, 0, GPU-c8e590fe-c1df-fb38-7bf3-9ed4364cf576, NVIDIA A100-SXM4-80GB, 74343, 81920, 100, 115.34, 34
nid008352,2026/05/03 15:49:52.694, 1, GPU-5efb5c1d-1cd8-daca-bd51-2f30d62f6e1e, NVIDIA A100-SXM4-80GB, 74275, 81920, 100, 114.45, 31
nid008352,2026/05/03 15:49:52.696, 2, GPU-1d24ec01-d8bb-a3cf-73c2-7d6014d1dd4d, NVIDIA A100-SXM4-80GB, 74275, 81920, 100, 114.72, 33
nid008352,2026/05/03 15:49:52.697, 3, GPU-689a6e7c-a622-65fb-9f4d-887ba745f660, NVIDIA A100-SXM4-80GB, 74275, 81920, 4, 113.25, 31
nid008353,2026/05/03 15:49:53.552, 0, GPU-3ad85384-e7dd-8c9b-13da-56f54bf334d9, NVIDIA A100-SXM4-80GB, 75011, 81920, 58, 123.16, 34
nid008353,2026/05/03 15:49:53.555, 1, GPU-3d65dc3f-116a-1dd4-937c-6e4481a765b5, NVIDIA A100-SXM4-80GB, 75001, 81920, 76, 136.28, 31
nid008353,2026/05/03 15:49:53.557, 2, GPU-338e4806-c72e-e37a-4798-dc47c2f2de03, NVIDIA A100-SXM4-80GB, 75001, 81920, 11, 115.65, 34
nid008353,2026/05/03 15:49:53.559, 3, GPU-fec40d98-ea80-e220-a49c-31ccab4741af, NVIDIA A100-SXM4-80GB, 75001, 81920, 90, 111.16, 31
nid008352,2026/05/03 15:49:56.442, 0, GPU-c8e590fe-c1df-fb38-7bf3-9ed4364cf576, NVIDIA A100-SXM4-80GB, 74343, 81920, 100, 113.39, 34
nid008352,2026/05/03 15:49:56.445, 1, GPU-5efb5c1d-1cd8-daca-bd51-2f30d62f6e1e, NVIDIA A100-SXM4-80GB, 74275, 81920, 100, 114.17, 31
nid008352,2026/05/03 15:49:56.447, 2, GPU-1d24ec01-d8bb-a3cf-73c2-7d6014d1dd4d, NVIDIA A100-SXM4-80GB, 74275, 81920, 100, 134.60, 33
nid008352,2026/05/03 15:49:56.449, 3, GPU-689a6e7c-a622-65fb-9f4d-887ba745f660, NVIDIA A100-SXM4-80GB, 74275, 81920, 2, 109.83, 31
nid008353,2026/05/03 15:49:57.279, 0, GPU-3ad85384-e7dd-8c9b-13da-56f54bf334d9, NVIDIA A100-SXM4-80GB, 75011, 81920, 22, 138.49, 34
nid008353,2026/05/03 15:49:57.282, 1, GPU-3d65dc3f-116a-1dd4-937c-6e4481a765b5, NVIDIA A100-SXM4-80GB, 75001, 81920, 89, 129.67, 32
nid008353,2026/05/03 15:49:57.283, 2, GPU-338e4806-c72e-e37a-4798-dc47c2f2de03, NVIDIA A100-SXM4-80GB, 75001, 81920, 91, 140.34, 35
nid008353,2026/05/03 15:49:57.285, 3, GPU-fec40d98-ea80-e220-a49c-31ccab4741af, NVIDIA A100-SXM4-80GB, 75001, 81920, 54, 111.69, 32
nid008352,2026/05/03 15:50:00.219, 0, GPU-c8e590fe-c1df-fb38-7bf3-9ed4364cf576, NVIDIA A100-SXM4-80GB, 74343, 81920, 100, 118.65, 34
nid008352,2026/05/03 15:50:00.226, 1, GPU-5efb5c1d-1cd8-daca-bd51-2f30d62f6e1e, NVIDIA A100-SXM4-80GB, 74275, 81920, 93, 114.74, 31
nid008352,2026/05/03 15:50:00.232, 2, GPU-1d24ec01-d8bb-a3cf-73c2-7d6014d1dd4d, NVIDIA A100-SXM4-80GB, 74275, 81920, 81, 114.72, 33
nid008352,2026/05/03 15:50:00.236, 3, GPU-689a6e7c-a622-65fb-9f4d-887ba745f660, NVIDIA A100-SXM4-80GB, 74275, 81920, 16, 123.01, 31
nid008353,2026/05/03 15:50:01.092, 0, GPU-3ad85384-e7dd-8c9b-13da-56f54bf334d9, NVIDIA A100-SXM4-80GB, 75011, 81920, 92, 111.53, 33
nid008353,2026/05/03 15:50:01.099, 1, GPU-3d65dc3f-116a-1dd4-937c-6e4481a765b5, NVIDIA A100-SXM4-80GB, 75001, 81920, 97, 113.27, 31
nid008353,2026/05/03 15:50:01.104, 2, GPU-338e4806-c72e-e37a-4798-dc47c2f2de03, NVIDIA A100-SXM4-80GB, 75001, 81920, 2, 115.36, 34
nid008353,2026/05/03 15:50:01.108, 3, GPU-fec40d98-ea80-e220-a49c-31ccab4741af, NVIDIA A100-SXM4-80GB, 75001, 81920, 58, 109.93, 31
nid008352,2026/05/03 15:50:04.042, 0, GPU-c8e590fe-c1df-fb38-7bf3-9ed4364cf576, NVIDIA A100-SXM4-80GB, 74343, 81920, 53, 126.32, 34
nid008352,2026/05/03 15:50:04.045, 1, GPU-5efb5c1d-1cd8-daca-bd51-2f30d62f6e1e, NVIDIA A100-SXM4-80GB, 74275, 81920, 100, 116.03, 31
nid008352,2026/05/03 15:50:04.047, 2, GPU-1d24ec01-d8bb-a3cf-73c2-7d6014d1dd4d, NVIDIA A100-SXM4-80GB, 74275, 81920, 76, 114.86, 33
nid008352,2026/05/03 15:50:04.051, 3, GPU-689a6e7c-a622-65fb-9f4d-887ba745f660, NVIDIA A100-SXM4-80GB, 74275, 81920, 100, 123.82, 31
nid008353,2026/05/03 15:50:04.915, 0, GPU-3ad85384-e7dd-8c9b-13da-56f54bf334d9, NVIDIA A100-SXM4-80GB, 75011, 81920, 36, 133.22, 34
nid008353,2026/05/03 15:50:04.918, 1, GPU-3d65dc3f-116a-1dd4-937c-6e4481a765b5, NVIDIA A100-SXM4-80GB, 75001, 81920, 99, 128.63, 32
nid008353,2026/05/03 15:50:04.922, 2, GPU-338e4806-c72e-e37a-4798-dc47c2f2de03, NVIDIA A100-SXM4-80GB, 75001, 81920, 12, 136.40, 35
nid008353,2026/05/03 15:50:04.923, 3, GPU-fec40d98-ea80-e220-a49c-31ccab4741af, NVIDIA A100-SXM4-80GB, 75001, 81920, 44, 140.44, 32
nid008352,2026/05/03 15:50:07.784, 0, GPU-c8e590fe-c1df-fb38-7bf3-9ed4364cf576, NVIDIA A100-SXM4-80GB, 74343, 81920, 2, 114.72, 34
nid008352,2026/05/03 15:50:07.787, 1, GPU-5efb5c1d-1cd8-daca-bd51-2f30d62f6e1e, NVIDIA A100-SXM4-80GB, 74275, 81920, 100, 114.74, 31
nid008352,2026/05/03 15:50:07.789, 2, GPU-1d24ec01-d8bb-a3cf-73c2-7d6014d1dd4d, NVIDIA A100-SXM4-80GB, 74275, 81920, 100, 114.58, 33
nid008352,2026/05/03 15:50:07.790, 3, GPU-689a6e7c-a622-65fb-9f4d-887ba745f660, NVIDIA A100-SXM4-80GB, 74275, 81920, 100, 114.34, 31
nid008353,2026/05/03 15:50:08.621, 0, GPU-3ad85384-e7dd-8c9b-13da-56f54bf334d9, NVIDIA A100-SXM4-80GB, 75011, 81920, 55, 111.53, 33
nid008353,2026/05/03 15:50:08.624, 1, GPU-3d65dc3f-116a-1dd4-937c-6e4481a765b5, NVIDIA A100-SXM4-80GB, 75001, 81920, 23, 113.41, 31
nid008353,2026/05/03 15:50:08.626, 2, GPU-338e4806-c72e-e37a-4798-dc47c2f2de03, NVIDIA A100-SXM4-80GB, 75001, 81920, 80, 115.65, 34
nid008353,2026/05/03 15:50:08.628, 3, GPU-fec40d98-ea80-e220-a49c-31ccab4741af, NVIDIA A100-SXM4-80GB, 75001, 81920, 66, 111.16, 31
nid008352,2026/05/03 15:50:11.536, 0, GPU-c8e590fe-c1df-fb38-7bf3-9ed4364cf576, NVIDIA A100-SXM4-80GB, 74343, 81920, 47, 131.06, 34
nid008352,2026/05/03 15:50:11.539, 1, GPU-5efb5c1d-1cd8-daca-bd51-2f30d62f6e1e, NVIDIA A100-SXM4-80GB, 74275, 81920, 100, 124.78, 31
nid008352,2026/05/03 15:50:11.541, 2, GPU-1d24ec01-d8bb-a3cf-73c2-7d6014d1dd4d, NVIDIA A100-SXM4-80GB, 74275, 81920, 100, 117.09, 33
nid008352,2026/05/03 15:50:11.542, 3, GPU-689a6e7c-a622-65fb-9f4d-887ba745f660, NVIDIA A100-SXM4-80GB, 74275, 81920, 44, 112.62, 31
nid008353,2026/05/03 15:50:12.445, 0, GPU-3ad85384-e7dd-8c9b-13da-56f54bf334d9, NVIDIA A100-SXM4-80GB, 75011, 81920, 2, 127.01, 34
nid008353,2026/05/03 15:50:12.448, 1, GPU-3d65dc3f-116a-1dd4-937c-6e4481a765b5, NVIDIA A100-SXM4-80GB, 75001, 81920, 84, 145.09, 31
nid008353,2026/05/03 15:50:12.450, 2, GPU-338e4806-c72e-e37a-4798-dc47c2f2de03, NVIDIA A100-SXM4-80GB, 75001, 81920, 99, 137.45, 35
nid008353,2026/05/03 15:50:12.452, 3, GPU-fec40d98-ea80-e220-a49c-31ccab4741af, NVIDIA A100-SXM4-80GB, 75001, 81920, 3, 125.07, 32
nid008352,2026/05/03 15:50:15.336, 0, GPU-c8e590fe-c1df-fb38-7bf3-9ed4364cf576, NVIDIA A100-SXM4-80GB, 74343, 81920, 51, 113.91, 34
nid008352,2026/05/03 15:50:15.339, 1, GPU-5efb5c1d-1cd8-daca-bd51-2f30d62f6e1e, NVIDIA A100-SXM4-80GB, 74275, 81920, 100, 121.21, 31
nid008352,2026/05/03 15:50:15.340, 2, GPU-1d24ec01-d8bb-a3cf-73c2-7d6014d1dd4d, NVIDIA A100-SXM4-80GB, 74275, 81920, 100, 119.55, 33
nid008352,2026/05/03 15:50:15.342, 3, GPU-689a6e7c-a622-65fb-9f4d-887ba745f660, NVIDIA A100-SXM4-80GB, 74275, 81920, 53, 114.05, 31
nid008353,2026/05/03 15:50:16.200, 0, GPU-3ad85384-e7dd-8c9b-13da-56f54bf334d9, NVIDIA A100-SXM4-80GB, 75011, 81920, 21, 132.78, 34
nid008353,2026/05/03 15:50:16.202, 1, GPU-3d65dc3f-116a-1dd4-937c-6e4481a765b5, NVIDIA A100-SXM4-80GB, 75001, 81920, 67, 139.59, 32
nid008353,2026/05/03 15:50:16.204, 2, GPU-338e4806-c72e-e37a-4798-dc47c2f2de03, NVIDIA A100-SXM4-80GB, 75001, 81920, 94, 146.88, 35
nid008353,2026/05/03 15:50:16.205, 3, GPU-fec40d98-ea80-e220-a49c-31ccab4741af, NVIDIA A100-SXM4-80GB, 75001, 81920, 3, 133.54, 32
nid008352,2026/05/03 15:50:19.063, 0, GPU-c8e590fe-c1df-fb38-7bf3-9ed4364cf576, NVIDIA A100-SXM4-80GB, 74343, 81920, 49, 113.11, 34
nid008352,2026/05/03 15:50:19.066, 1, GPU-5efb5c1d-1cd8-daca-bd51-2f30d62f6e1e, NVIDIA A100-SXM4-80GB, 74275, 81920, 100, 125.07, 31
nid008352,2026/05/03 15:50:19.067, 2, GPU-1d24ec01-d8bb-a3cf-73c2-7d6014d1dd4d, NVIDIA A100-SXM4-80GB, 74275, 81920, 100, 119.60, 33
nid008352,2026/05/03 15:50:19.069, 3, GPU-689a6e7c-a622-65fb-9f4d-887ba745f660, NVIDIA A100-SXM4-80GB, 74275, 81920, 51, 118.04, 32
nid008353,2026/05/03 15:50:19.911, 0, GPU-3ad85384-e7dd-8c9b-13da-56f54bf334d9, NVIDIA A100-SXM4-80GB, 75011, 81920, 4, 114.71, 34
nid008353,2026/05/03 15:50:19.914, 1, GPU-3d65dc3f-116a-1dd4-937c-6e4481a765b5, NVIDIA A100-SXM4-80GB, 75001, 81920, 73, 112.99, 31
nid008353,2026/05/03 15:50:19.916, 2, GPU-338e4806-c72e-e37a-4798-dc47c2f2de03, NVIDIA A100-SXM4-80GB, 75001, 81920, 99, 115.36, 34
nid008353,2026/05/03 15:50:19.917, 3, GPU-fec40d98-ea80-e220-a49c-31ccab4741af, NVIDIA A100-SXM4-80GB, 75001, 81920, 28, 109.82, 32
nid008352,2026/05/03 15:50:22.802, 0, GPU-c8e590fe-c1df-fb38-7bf3-9ed4364cf576, NVIDIA A100-SXM4-80GB, 74343, 81920, 49, 115.37, 34
nid008352,2026/05/03 15:50:22.805, 1, GPU-5efb5c1d-1cd8-daca-bd51-2f30d62f6e1e, NVIDIA A100-SXM4-80GB, 74275, 81920, 100, 130.11, 31
nid008352,2026/05/03 15:50:22.812, 2, GPU-1d24ec01-d8bb-a3cf-73c2-7d6014d1dd4d, NVIDIA A100-SXM4-80GB, 74275, 81920, 100, 117.61, 33
nid008352,2026/05/03 15:50:22.819, 3, GPU-689a6e7c-a622-65fb-9f4d-887ba745f660, NVIDIA A100-SXM4-80GB, 74275, 81920, 66, 118.27, 31
nid008353,2026/05/03 15:50:23.666, 0, GPU-3ad85384-e7dd-8c9b-13da-56f54bf334d9, NVIDIA A100-SXM4-80GB, 75011, 81920, 4, 122.63, 33
nid008353,2026/05/03 15:50:23.669, 1, GPU-3d65dc3f-116a-1dd4-937c-6e4481a765b5, NVIDIA A100-SXM4-80GB, 75001, 81920, 60, 140.27, 32
nid008353,2026/05/03 15:50:23.671, 2, GPU-338e4806-c72e-e37a-4798-dc47c2f2de03, NVIDIA A100-SXM4-80GB, 75001, 81920, 70, 132.42, 35
nid008353,2026/05/03 15:50:23.672, 3, GPU-fec40d98-ea80-e220-a49c-31ccab4741af, NVIDIA A100-SXM4-80GB, 75001, 81920, 66, 133.62, 32
nid008352,2026/05/03 15:50:26.579, 0, GPU-c8e590fe-c1df-fb38-7bf3-9ed4364cf576, NVIDIA A100-SXM4-80GB, 74343, 81920, 100, 113.53, 34
nid008352,2026/05/03 15:50:26.582, 1, GPU-5efb5c1d-1cd8-daca-bd51-2f30d62f6e1e, NVIDIA A100-SXM4-80GB, 74275, 81920, 100, 114.74, 31
nid008352,2026/05/03 15:50:26.583, 2, GPU-1d24ec01-d8bb-a3cf-73c2-7d6014d1dd4d, NVIDIA A100-SXM4-80GB, 74275, 81920, 100, 115.24, 34
nid008352,2026/05/03 15:50:26.585, 3, GPU-689a6e7c-a622-65fb-9f4d-887ba745f660, NVIDIA A100-SXM4-80GB, 74275, 81920, 100, 109.54, 32
nid008353,2026/05/03 15:50:27.449, 0, GPU-3ad85384-e7dd-8c9b-13da-56f54bf334d9, NVIDIA A100-SXM4-80GB, 75011, 81920, 39, 140.47, 34
nid008353,2026/05/03 15:50:27.452, 1, GPU-3d65dc3f-116a-1dd4-937c-6e4481a765b5, NVIDIA A100-SXM4-80GB, 75001, 81920, 34, 114.17, 32
nid008353,2026/05/03 15:50:27.455, 2, GPU-338e4806-c72e-e37a-4798-dc47c2f2de03, NVIDIA A100-SXM4-80GB, 75001, 81920, 15, 120.69, 35
nid008353,2026/05/03 15:50:27.457, 3, GPU-fec40d98-ea80-e220-a49c-31ccab4741af, NVIDIA A100-SXM4-80GB, 75001, 81920, 1, 125.30, 32
nid008352,2026/05/03 15:50:30.322, 0, GPU-c8e590fe-c1df-fb38-7bf3-9ed4364cf576, NVIDIA A100-SXM4-80GB, 74343, 81920, 21, 125.00, 34
nid008352,2026/05/03 15:50:30.324, 1, GPU-5efb5c1d-1cd8-daca-bd51-2f30d62f6e1e, NVIDIA A100-SXM4-80GB, 74275, 81920, 100, 117.12, 31
nid008352,2026/05/03 15:50:30.326, 2, GPU-1d24ec01-d8bb-a3cf-73c2-7d6014d1dd4d, NVIDIA A100-SXM4-80GB, 74275, 81920, 86, 114.86, 33
nid008352,2026/05/03 15:50:30.328, 3, GPU-689a6e7c-a622-65fb-9f4d-887ba745f660, NVIDIA A100-SXM4-80GB, 74275, 81920, 94, 124.25, 31
nid008353,2026/05/03 15:50:31.183, 0, GPU-3ad85384-e7dd-8c9b-13da-56f54bf334d9, NVIDIA A100-SXM4-80GB, 75011, 81920, 67, 126.62, 34
nid008353,2026/05/03 15:50:31.186, 1, GPU-3d65dc3f-116a-1dd4-937c-6e4481a765b5, NVIDIA A100-SXM4-80GB, 75001, 81920, 59, 112.99, 31
nid008353,2026/05/03 15:50:31.188, 2, GPU-338e4806-c72e-e37a-4798-dc47c2f2de03, NVIDIA A100-SXM4-80GB, 75001, 81920, 72, 147.58, 35
nid008353,2026/05/03 15:50:31.189, 3, GPU-fec40d98-ea80-e220-a49c-31ccab4741af, NVIDIA A100-SXM4-80GB, 75001, 81920, 1, 120.26, 32
nid008352,2026/05/03 15:50:34.083, 0, GPU-c8e590fe-c1df-fb38-7bf3-9ed4364cf576, NVIDIA A100-SXM4-80GB, 74343, 81920, 2, 113.11, 34
nid008352,2026/05/03 15:50:34.090, 1, GPU-5efb5c1d-1cd8-daca-bd51-2f30d62f6e1e, NVIDIA A100-SXM4-80GB, 74275, 81920, 100, 114.45, 31
nid008352,2026/05/03 15:50:34.095, 2, GPU-1d24ec01-d8bb-a3cf-73c2-7d6014d1dd4d, NVIDIA A100-SXM4-80GB, 74275, 81920, 100, 128.69, 33
nid008352,2026/05/03 15:50:34.100, 3, GPU-689a6e7c-a622-65fb-9f4d-887ba745f660, NVIDIA A100-SXM4-80GB, 74275, 81920, 100, 110.20, 31
nid008353,2026/05/03 15:50:34.972, 0, GPU-3ad85384-e7dd-8c9b-13da-56f54bf334d9, NVIDIA A100-SXM4-80GB, 75011, 81920, 44, 112.18, 33
nid008353,2026/05/03 15:50:34.980, 1, GPU-3d65dc3f-116a-1dd4-937c-6e4481a765b5, NVIDIA A100-SXM4-80GB, 75001, 81920, 66, 114.32, 31
nid008353,2026/05/03 15:50:34.985, 2, GPU-338e4806-c72e-e37a-4798-dc47c2f2de03, NVIDIA A100-SXM4-80GB, 75001, 81920, 80, 115.75, 34
nid008353,2026/05/03 15:50:34.988, 3, GPU-fec40d98-ea80-e220-a49c-31ccab4741af, NVIDIA A100-SXM4-80GB, 75001, 81920, 83, 111.03, 31
nid008352,2026/05/03 15:50:37.861, 0, GPU-c8e590fe-c1df-fb38-7bf3-9ed4364cf576, NVIDIA A100-SXM4-80GB, 74343, 81920, 1, 113.00, 34
nid008352,2026/05/03 15:50:37.864, 1, GPU-5efb5c1d-1cd8-daca-bd51-2f30d62f6e1e, NVIDIA A100-SXM4-80GB, 74275, 81920, 100, 122.92, 31
nid008352,2026/05/03 15:50:37.865, 2, GPU-1d24ec01-d8bb-a3cf-73c2-7d6014d1dd4d, NVIDIA A100-SXM4-80GB, 74275, 81920, 100, 117.89, 33
nid008352,2026/05/03 15:50:37.867, 3, GPU-689a6e7c-a622-65fb-9f4d-887ba745f660, NVIDIA A100-SXM4-80GB, 74275, 81920, 100, 121.16, 31
nid008353,2026/05/03 15:50:38.719, 0, GPU-3ad85384-e7dd-8c9b-13da-56f54bf334d9, NVIDIA A100-SXM4-80GB, 75011, 81920, 40, 138.61, 34
nid008353,2026/05/03 15:50:38.721, 1, GPU-3d65dc3f-116a-1dd4-937c-6e4481a765b5, NVIDIA A100-SXM4-80GB, 75001, 81920, 92, 136.40, 32
nid008353,2026/05/03 15:50:38.723, 2, GPU-338e4806-c72e-e37a-4798-dc47c2f2de03, NVIDIA A100-SXM4-80GB, 75001, 81920, 83, 115.65, 35
nid008353,2026/05/03 15:50:38.724, 3, GPU-fec40d98-ea80-e220-a49c-31ccab4741af, NVIDIA A100-SXM4-80GB, 75001, 81920, 83, 129.96, 32
nid008352,2026/05/03 15:50:41.646, 0, GPU-c8e590fe-c1df-fb38-7bf3-9ed4364cf576, NVIDIA A100-SXM4-80GB, 74343, 81920, 3, 113.26, 34
nid008352,2026/05/03 15:50:41.649, 1, GPU-5efb5c1d-1cd8-daca-bd51-2f30d62f6e1e, NVIDIA A100-SXM4-80GB, 74275, 81920, 100, 114.74, 31
nid008352,2026/05/03 15:50:41.650, 2, GPU-1d24ec01-d8bb-a3cf-73c2-7d6014d1dd4d, NVIDIA A100-SXM4-80GB, 74275, 81920, 100, 138.80, 33
nid008352,2026/05/03 15:50:41.652, 3, GPU-689a6e7c-a622-65fb-9f4d-887ba745f660, NVIDIA A100-SXM4-80GB, 74275, 81920, 100, 110.88, 31
nid008353,2026/05/03 15:50:42.482, 0, GPU-3ad85384-e7dd-8c9b-13da-56f54bf334d9, NVIDIA A100-SXM4-80GB, 75011, 81920, 4, 111.53, 33
nid008353,2026/05/03 15:50:42.484, 1, GPU-3d65dc3f-116a-1dd4-937c-6e4481a765b5, NVIDIA A100-SXM4-80GB, 75001, 81920, 29, 113.27, 31
nid008353,2026/05/03 15:50:42.486, 2, GPU-338e4806-c72e-e37a-4798-dc47c2f2de03, NVIDIA A100-SXM4-80GB, 75001, 81920, 99, 120.79, 34
nid008353,2026/05/03 15:50:42.487, 3, GPU-fec40d98-ea80-e220-a49c-31ccab4741af, NVIDIA A100-SXM4-80GB, 75001, 81920, 83, 112.74, 31
nid008352,2026/05/03 15:50:45.377, 0, GPU-c8e590fe-c1df-fb38-7bf3-9ed4364cf576, NVIDIA A100-SXM4-80GB, 74343, 81920, 2, 113.63, 34
nid008352,2026/05/03 15:50:45.380, 1, GPU-5efb5c1d-1cd8-daca-bd51-2f30d62f6e1e, NVIDIA A100-SXM4-80GB, 74275, 81920, 100, 114.45, 31
nid008352,2026/05/03 15:50:45.382, 2, GPU-1d24ec01-d8bb-a3cf-73c2-7d6014d1dd4d, NVIDIA A100-SXM4-80GB, 74275, 81920, 100, 114.44, 33
nid008352,2026/05/03 15:50:45.383, 3, GPU-689a6e7c-a622-65fb-9f4d-887ba745f660, NVIDIA A100-SXM4-80GB, 74275, 81920, 100, 119.32, 31
nid008353,2026/05/03 15:50:46.207, 0, GPU-3ad85384-e7dd-8c9b-13da-56f54bf334d9, NVIDIA A100-SXM4-80GB, 75011, 81920, 27, 111.29, 33
nid008353,2026/05/03 15:50:46.210, 1, GPU-3d65dc3f-116a-1dd4-937c-6e4481a765b5, NVIDIA A100-SXM4-80GB, 75001, 81920, 77, 113.27, 31
nid008353,2026/05/03 15:50:46.211, 2, GPU-338e4806-c72e-e37a-4798-dc47c2f2de03, NVIDIA A100-SXM4-80GB, 75001, 81920, 100, 115.36, 34
nid008353,2026/05/03 15:50:46.213, 3, GPU-fec40d98-ea80-e220-a49c-31ccab4741af, NVIDIA A100-SXM4-80GB, 75001, 81920, 63, 111.03, 31
nid008352,2026/05/03 15:50:49.064, 0, GPU-c8e590fe-c1df-fb38-7bf3-9ed4364cf576, NVIDIA A100-SXM4-80GB, 74343, 81920, 2, 113.63, 34
nid008352,2026/05/03 15:50:49.067, 1, GPU-5efb5c1d-1cd8-daca-bd51-2f30d62f6e1e, NVIDIA A100-SXM4-80GB, 74275, 81920, 100, 138.94, 31
nid008352,2026/05/03 15:50:49.068, 2, GPU-1d24ec01-d8bb-a3cf-73c2-7d6014d1dd4d, NVIDIA A100-SXM4-80GB, 74275, 81920, 100, 117.61, 33
nid008352,2026/05/03 15:50:49.070, 3, GPU-689a6e7c-a622-65fb-9f4d-887ba745f660, NVIDIA A100-SXM4-80GB, 74275, 81920, 100, 113.76, 31
nid008353,2026/05/03 15:50:49.914, 0, GPU-3ad85384-e7dd-8c9b-13da-56f54bf334d9, NVIDIA A100-SXM4-80GB, 75011, 81920, 5, 111.55, 33
nid008353,2026/05/03 15:50:49.917, 1, GPU-3d65dc3f-116a-1dd4-937c-6e4481a765b5, NVIDIA A100-SXM4-80GB, 75001, 81920, 98, 114.74, 31
nid008353,2026/05/03 15:50:49.918, 2, GPU-338e4806-c72e-e37a-4798-dc47c2f2de03, NVIDIA A100-SXM4-80GB, 75001, 81920, 44, 115.65, 34
nid008353,2026/05/03 15:50:49.920, 3, GPU-fec40d98-ea80-e220-a49c-31ccab4741af, NVIDIA A100-SXM4-80GB, 75001, 81920, 95, 111.03, 31
nid008352,2026/05/03 15:50:52.772, 0, GPU-c8e590fe-c1df-fb38-7bf3-9ed4364cf576, NVIDIA A100-SXM4-80GB, 74343, 81920, 2, 112.98, 34
nid008352,2026/05/03 15:50:52.775, 1, GPU-5efb5c1d-1cd8-daca-bd51-2f30d62f6e1e, NVIDIA A100-SXM4-80GB, 74275, 81920, 100, 113.93, 31
nid008352,2026/05/03 15:50:52.777, 2, GPU-1d24ec01-d8bb-a3cf-73c2-7d6014d1dd4d, NVIDIA A100-SXM4-80GB, 74275, 81920, 100, 120.64, 33
nid008352,2026/05/03 15:50:52.778, 3, GPU-689a6e7c-a622-65fb-9f4d-887ba745f660, NVIDIA A100-SXM4-80GB, 74275, 81920, 100, 109.43, 31
nid008353,2026/05/03 15:50:53.621, 0, GPU-3ad85384-e7dd-8c9b-13da-56f54bf334d9, NVIDIA A100-SXM4-80GB, 75011, 81920, 0, 111.42, 33
nid008353,2026/05/03 15:50:53.624, 1, GPU-3d65dc3f-116a-1dd4-937c-6e4481a765b5, NVIDIA A100-SXM4-80GB, 75001, 81920, 100, 113.27, 31
nid008353,2026/05/03 15:50:53.625, 2, GPU-338e4806-c72e-e37a-4798-dc47c2f2de03, NVIDIA A100-SXM4-80GB, 75001, 81920, 53, 115.51, 34
nid008353,2026/05/03 15:50:53.627, 3, GPU-fec40d98-ea80-e220-a49c-31ccab4741af, NVIDIA A100-SXM4-80GB, 75001, 81920, 35, 111.27, 31
nid008352,2026/05/03 15:50:56.468, 0, GPU-c8e590fe-c1df-fb38-7bf3-9ed4364cf576, NVIDIA A100-SXM4-80GB, 74343, 81920, 5, 117.09, 34
nid008352,2026/05/03 15:50:56.471, 1, GPU-5efb5c1d-1cd8-daca-bd51-2f30d62f6e1e, NVIDIA A100-SXM4-80GB, 74275, 81920, 100, 117.88, 31
nid008352,2026/05/03 15:50:56.472, 2, GPU-1d24ec01-d8bb-a3cf-73c2-7d6014d1dd4d, NVIDIA A100-SXM4-80GB, 74275, 81920, 100, 114.44, 33
nid008352,2026/05/03 15:50:56.474, 3, GPU-689a6e7c-a622-65fb-9f4d-887ba745f660, NVIDIA A100-SXM4-80GB, 74275, 81920, 100, 116.32, 31
nid008353,2026/05/03 15:50:57.325, 0, GPU-3ad85384-e7dd-8c9b-13da-56f54bf334d9, NVIDIA A100-SXM4-80GB, 75011, 81920, 0, 130.93, 34
nid008353,2026/05/03 15:50:57.332, 1, GPU-3d65dc3f-116a-1dd4-937c-6e4481a765b5, NVIDIA A100-SXM4-80GB, 75001, 81920, 96, 126.34, 32
nid008353,2026/05/03 15:50:57.336, 2, GPU-338e4806-c72e-e37a-4798-dc47c2f2de03, NVIDIA A100-SXM4-80GB, 75001, 81920, 100, 122.92, 35
nid008353,2026/05/03 15:50:57.337, 3, GPU-fec40d98-ea80-e220-a49c-31ccab4741af, NVIDIA A100-SXM4-80GB, 75001, 81920, 69, 112.31, 32
nid008352,2026/05/03 15:51:00.185, 0, GPU-c8e590fe-c1df-fb38-7bf3-9ed4364cf576, NVIDIA A100-SXM4-80GB, 74343, 81920, 21, 116.42, 34
nid008352,2026/05/03 15:51:00.188, 1, GPU-5efb5c1d-1cd8-daca-bd51-2f30d62f6e1e, NVIDIA A100-SXM4-80GB, 74275, 81920, 100, 116.60, 31
nid008352,2026/05/03 15:51:00.190, 2, GPU-1d24ec01-d8bb-a3cf-73c2-7d6014d1dd4d, NVIDIA A100-SXM4-80GB, 74275, 81920, 100, 127.89, 33
nid008352,2026/05/03 15:51:00.192, 3, GPU-689a6e7c-a622-65fb-9f4d-887ba745f660, NVIDIA A100-SXM4-80GB, 74275, 81920, 73, 110.35, 31
nid008353,2026/05/03 15:51:01.066, 0, GPU-3ad85384-e7dd-8c9b-13da-56f54bf334d9, NVIDIA A100-SXM4-80GB, 75011, 81920, 3, 111.42, 33
nid008353,2026/05/03 15:51:01.072, 1, GPU-3d65dc3f-116a-1dd4-937c-6e4481a765b5, NVIDIA A100-SXM4-80GB, 75001, 81920, 94, 133.46, 31
nid008353,2026/05/03 15:51:01.085, 2, GPU-338e4806-c72e-e37a-4798-dc47c2f2de03, NVIDIA A100-SXM4-80GB, 75001, 81920, 94, 133.91, 35
nid008353,2026/05/03 15:51:01.091, 3, GPU-fec40d98-ea80-e220-a49c-31ccab4741af, NVIDIA A100-SXM4-80GB, 75001, 81920, 9, 140.80, 32
nid008352,2026/05/03 15:51:03.964, 0, GPU-c8e590fe-c1df-fb38-7bf3-9ed4364cf576, NVIDIA A100-SXM4-80GB, 74343, 81920, 23, 125.80, 34
nid008352,2026/05/03 15:51:03.967, 1, GPU-5efb5c1d-1cd8-daca-bd51-2f30d62f6e1e, NVIDIA A100-SXM4-80GB, 74275, 81920, 100, 129.30, 31
nid008352,2026/05/03 15:51:03.969, 2, GPU-1d24ec01-d8bb-a3cf-73c2-7d6014d1dd4d, NVIDIA A100-SXM4-80GB, 74275, 81920, 100, 118.94, 33
nid008352,2026/05/03 15:51:03.971, 3, GPU-689a6e7c-a622-65fb-9f4d-887ba745f660, NVIDIA A100-SXM4-80GB, 74275, 81920, 80, 119.08, 31
nid008353,2026/05/03 15:51:04.797, 0, GPU-3ad85384-e7dd-8c9b-13da-56f54bf334d9, NVIDIA A100-SXM4-80GB, 75011, 81920, 5, 111.53, 33
nid008353,2026/05/03 15:51:04.800, 1, GPU-3d65dc3f-116a-1dd4-937c-6e4481a765b5, NVIDIA A100-SXM4-80GB, 75001, 81920, 100, 113.27, 31
nid008353,2026/05/03 15:51:04.801, 2, GPU-338e4806-c72e-e37a-4798-dc47c2f2de03, NVIDIA A100-SXM4-80GB, 75001, 81920, 94, 115.65, 34
nid008353,2026/05/03 15:51:04.804, 3, GPU-fec40d98-ea80-e220-a49c-31ccab4741af, NVIDIA A100-SXM4-80GB, 75001, 81920, 5, 111.16, 31
nid008352,2026/05/03 15:51:07.669, 0, GPU-c8e590fe-c1df-fb38-7bf3-9ed4364cf576, NVIDIA A100-SXM4-80GB, 74343, 81920, 100, 116.81, 34
nid008352,2026/05/03 15:51:07.672, 1, GPU-5efb5c1d-1cd8-daca-bd51-2f30d62f6e1e, NVIDIA A100-SXM4-80GB, 74275, 81920, 100, 117.64, 31
nid008352,2026/05/03 15:51:07.674, 2, GPU-1d24ec01-d8bb-a3cf-73c2-7d6014d1dd4d, NVIDIA A100-SXM4-80GB, 74275, 81920, 5, 114.20, 33
nid008352,2026/05/03 15:51:07.677, 3, GPU-689a6e7c-a622-65fb-9f4d-887ba745f660, NVIDIA A100-SXM4-80GB, 74275, 81920, 73, 114.57, 31
nid008353,2026/05/03 15:51:08.544, 0, GPU-3ad85384-e7dd-8c9b-13da-56f54bf334d9, NVIDIA A100-SXM4-80GB, 75011, 81920, 96, 124.25, 34
nid008353,2026/05/03 15:51:08.546, 1, GPU-3d65dc3f-116a-1dd4-937c-6e4481a765b5, NVIDIA A100-SXM4-80GB, 75001, 81920, 64, 126.25, 32
nid008353,2026/05/03 15:51:08.548, 2, GPU-338e4806-c72e-e37a-4798-dc47c2f2de03, NVIDIA A100-SXM4-80GB, 75001, 81920, 0, 117.50, 35
nid008353,2026/05/03 15:51:08.549, 3, GPU-fec40d98-ea80-e220-a49c-31ccab4741af, NVIDIA A100-SXM4-80GB, 75001, 81920, 90, 121.88, 32
nid008352,2026/05/03 15:51:11.460, 0, GPU-c8e590fe-c1df-fb38-7bf3-9ed4364cf576, NVIDIA A100-SXM4-80GB, 74343, 81920, 100, 118.94, 34
nid008352,2026/05/03 15:51:11.463, 1, GPU-5efb5c1d-1cd8-daca-bd51-2f30d62f6e1e, NVIDIA A100-SXM4-80GB, 74275, 81920, 100, 118.83, 31
nid008352,2026/05/03 15:51:11.465, 2, GPU-1d24ec01-d8bb-a3cf-73c2-7d6014d1dd4d, NVIDIA A100-SXM4-80GB, 74275, 81920, 100, 114.96, 33
nid008352,2026/05/03 15:51:11.468, 3, GPU-689a6e7c-a622-65fb-9f4d-887ba745f660, NVIDIA A100-SXM4-80GB, 74275, 81920, 2, 128.85, 31
nid008353,2026/05/03 15:51:12.317, 0, GPU-3ad85384-e7dd-8c9b-13da-56f54bf334d9, NVIDIA A100-SXM4-80GB, 75011, 81920, 95, 133.91, 33
nid008353,2026/05/03 15:51:12.320, 1, GPU-3d65dc3f-116a-1dd4-937c-6e4481a765b5, NVIDIA A100-SXM4-80GB, 75001, 81920, 96, 137.09, 31
nid008353,2026/05/03 15:51:12.322, 2, GPU-338e4806-c72e-e37a-4798-dc47c2f2de03, NVIDIA A100-SXM4-80GB, 75001, 81920, 61, 117.22, 34
nid008353,2026/05/03 15:51:12.323, 3, GPU-fec40d98-ea80-e220-a49c-31ccab4741af, NVIDIA A100-SXM4-80GB, 75001, 81920, 70, 110.22, 31
nid008352,2026/05/03 15:51:15.197, 0, GPU-c8e590fe-c1df-fb38-7bf3-9ed4364cf576, NVIDIA A100-SXM4-80GB, 74343, 81920, 100, 113.11, 34
nid008352,2026/05/03 15:51:15.200, 1, GPU-5efb5c1d-1cd8-daca-bd51-2f30d62f6e1e, NVIDIA A100-SXM4-80GB, 74275, 81920, 100, 114.31, 31
nid008352,2026/05/03 15:51:15.202, 2, GPU-1d24ec01-d8bb-a3cf-73c2-7d6014d1dd4d, NVIDIA A100-SXM4-80GB, 74275, 81920, 100, 131.58, 33
nid008352,2026/05/03 15:51:15.203, 3, GPU-689a6e7c-a622-65fb-9f4d-887ba745f660, NVIDIA A100-SXM4-80GB, 74275, 81920, 2, 109.83, 31
nid008353,2026/05/03 15:51:16.075, 0, GPU-3ad85384-e7dd-8c9b-13da-56f54bf334d9, NVIDIA A100-SXM4-80GB, 75011, 81920, 96, 111.53, 34
nid008353,2026/05/03 15:51:16.082, 1, GPU-3d65dc3f-116a-1dd4-937c-6e4481a765b5, NVIDIA A100-SXM4-80GB, 75001, 81920, 92, 113.51, 31
nid008353,2026/05/03 15:51:16.084, 2, GPU-338e4806-c72e-e37a-4798-dc47c2f2de03, NVIDIA A100-SXM4-80GB, 75001, 81920, 8, 125.15, 35
nid008353,2026/05/03 15:51:16.085, 3, GPU-fec40d98-ea80-e220-a49c-31ccab4741af, NVIDIA A100-SXM4-80GB, 75001, 81920, 48, 120.54, 32
nid008352,2026/05/03 15:51:18.939, 0, GPU-c8e590fe-c1df-fb38-7bf3-9ed4364cf576, NVIDIA A100-SXM4-80GB, 74343, 81920, 100, 114.20, 34
nid008352,2026/05/03 15:51:18.942, 1, GPU-5efb5c1d-1cd8-daca-bd51-2f30d62f6e1e, NVIDIA A100-SXM4-80GB, 74275, 81920, 100, 115.26, 31
nid008352,2026/05/03 15:51:18.943, 2, GPU-1d24ec01-d8bb-a3cf-73c2-7d6014d1dd4d, NVIDIA A100-SXM4-80GB, 74275, 81920, 100, 114.44, 33
nid008352,2026/05/03 15:51:18.945, 3, GPU-689a6e7c-a622-65fb-9f4d-887ba745f660, NVIDIA A100-SXM4-80GB, 74275, 81920, 8, 117.75, 31
nid008353,2026/05/03 15:51:19.771, 0, GPU-3ad85384-e7dd-8c9b-13da-56f54bf334d9, NVIDIA A100-SXM4-80GB, 75011, 81920, 52, 111.53, 33
nid008353,2026/05/03 15:51:19.773, 1, GPU-3d65dc3f-116a-1dd4-937c-6e4481a765b5, NVIDIA A100-SXM4-80GB, 75001, 81920, 88, 132.18, 32
nid008353,2026/05/03 15:51:19.775, 2, GPU-338e4806-c72e-e37a-4798-dc47c2f2de03, NVIDIA A100-SXM4-80GB, 75001, 81920, 67, 115.65, 35
nid008353,2026/05/03 15:51:19.777, 3, GPU-fec40d98-ea80-e220-a49c-31ccab4741af, NVIDIA A100-SXM4-80GB, 75001, 81920, 5, 111.16, 31
nid008352,2026/05/03 15:51:22.698, 0, GPU-c8e590fe-c1df-fb38-7bf3-9ed4364cf576, NVIDIA A100-SXM4-80GB, 74343, 81920, 15, 127.50, 34
nid008352,2026/05/03 15:51:22.701, 1, GPU-5efb5c1d-1cd8-daca-bd51-2f30d62f6e1e, NVIDIA A100-SXM4-80GB, 74275, 81920, 75, 130.72, 31
nid008352,2026/05/03 15:51:22.703, 2, GPU-1d24ec01-d8bb-a3cf-73c2-7d6014d1dd4d, NVIDIA A100-SXM4-80GB, 74275, 81920, 69, 130.54, 34
nid008352,2026/05/03 15:51:22.704, 3, GPU-689a6e7c-a622-65fb-9f4d-887ba745f660, NVIDIA A100-SXM4-80GB, 74275, 81920, 48, 123.82, 32
nid008353,2026/05/03 15:51:23.590, 0, GPU-3ad85384-e7dd-8c9b-13da-56f54bf334d9, NVIDIA A100-SXM4-80GB, 75011, 81920, 79, 111.53, 34
nid008353,2026/05/03 15:51:23.593, 1, GPU-3d65dc3f-116a-1dd4-937c-6e4481a765b5, NVIDIA A100-SXM4-80GB, 75001, 81920, 89, 113.27, 31
nid008353,2026/05/03 15:51:23.594, 2, GPU-338e4806-c72e-e37a-4798-dc47c2f2de03, NVIDIA A100-SXM4-80GB, 75001, 81920, 27, 115.75, 35
nid008353,2026/05/03 15:51:23.596, 3, GPU-fec40d98-ea80-e220-a49c-31ccab4741af, NVIDIA A100-SXM4-80GB, 75001, 81920, 20, 111.16, 32
nid008352,2026/05/03 15:51:26.468, 0, GPU-c8e590fe-c1df-fb38-7bf3-9ed4364cf576, NVIDIA A100-SXM4-80GB, 74343, 81920, 93, 123.53, 34
nid008352,2026/05/03 15:51:26.471, 1, GPU-5efb5c1d-1cd8-daca-bd51-2f30d62f6e1e, NVIDIA A100-SXM4-80GB, 74275, 81920, 100, 133.25, 31
nid008352,2026/05/03 15:51:26.473, 2, GPU-1d24ec01-d8bb-a3cf-73c2-7d6014d1dd4d, NVIDIA A100-SXM4-80GB, 74275, 81920, 69, 129.34, 33
nid008352,2026/05/03 15:51:26.475, 3, GPU-689a6e7c-a622-65fb-9f4d-887ba745f660, NVIDIA A100-SXM4-80GB, 74275, 81920, 90, 109.54, 31
nid008353,2026/05/03 15:51:27.310, 0, GPU-3ad85384-e7dd-8c9b-13da-56f54bf334d9, NVIDIA A100-SXM4-80GB, 75011, 81920, 93, 111.42, 33
nid008353,2026/05/03 15:51:27.313, 1, GPU-3d65dc3f-116a-1dd4-937c-6e4481a765b5, NVIDIA A100-SXM4-80GB, 75001, 81920, 90, 113.12, 31
nid008353,2026/05/03 15:51:27.315, 2, GPU-338e4806-c72e-e37a-4798-dc47c2f2de03, NVIDIA A100-SXM4-80GB, 75001, 81920, 8, 115.36, 34
nid008353,2026/05/03 15:51:27.316, 3, GPU-fec40d98-ea80-e220-a49c-31ccab4741af, NVIDIA A100-SXM4-80GB, 75001, 81920, 84, 111.16, 31
nid008352,2026/05/03 15:51:30.169, 0, GPU-c8e590fe-c1df-fb38-7bf3-9ed4364cf576, NVIDIA A100-SXM4-80GB, 74343, 81920, 100, 113.39, 34
nid008352,2026/05/03 15:51:30.172, 1, GPU-5efb5c1d-1cd8-daca-bd51-2f30d62f6e1e, NVIDIA A100-SXM4-80GB, 74275, 81920, 100, 114.74, 31
nid008352,2026/05/03 15:51:30.174, 2, GPU-1d24ec01-d8bb-a3cf-73c2-7d6014d1dd4d, NVIDIA A100-SXM4-80GB, 74275, 81920, 73, 117.89, 33
nid008352,2026/05/03 15:51:30.175, 3, GPU-689a6e7c-a622-65fb-9f4d-887ba745f660, NVIDIA A100-SXM4-80GB, 74275, 81920, 45, 109.43, 31
nid008353,2026/05/03 15:51:31.007, 0, GPU-3ad85384-e7dd-8c9b-13da-56f54bf334d9, NVIDIA A100-SXM4-80GB, 75011, 81920, 85, 111.66, 33
nid008353,2026/05/03 15:51:31.010, 1, GPU-3d65dc3f-116a-1dd4-937c-6e4481a765b5, NVIDIA A100-SXM4-80GB, 75001, 81920, 58, 113.41, 31
nid008353,2026/05/03 15:51:31.012, 2, GPU-338e4806-c72e-e37a-4798-dc47c2f2de03, NVIDIA A100-SXM4-80GB, 75001, 81920, 87, 115.65, 34
nid008353,2026/05/03 15:51:31.013, 3, GPU-fec40d98-ea80-e220-a49c-31ccab4741af, NVIDIA A100-SXM4-80GB, 75001, 81920, 50, 111.03, 31
nid008352,2026/05/03 15:51:33.877, 0, GPU-c8e590fe-c1df-fb38-7bf3-9ed4364cf576, NVIDIA A100-SXM4-80GB, 74343, 81920, 100, 117.09, 34
nid008352,2026/05/03 15:51:33.880, 1, GPU-5efb5c1d-1cd8-daca-bd51-2f30d62f6e1e, NVIDIA A100-SXM4-80GB, 74275, 81920, 88, 124.26, 31
nid008352,2026/05/03 15:51:33.882, 2, GPU-1d24ec01-d8bb-a3cf-73c2-7d6014d1dd4d, NVIDIA A100-SXM4-80GB, 74275, 81920, 56, 116.57, 33
nid008352,2026/05/03 15:51:33.884, 3, GPU-689a6e7c-a622-65fb-9f4d-887ba745f660, NVIDIA A100-SXM4-80GB, 74275, 81920, 44, 113.25, 31
nid008353,2026/05/03 15:51:34.718, 0, GPU-3ad85384-e7dd-8c9b-13da-56f54bf334d9, NVIDIA A100-SXM4-80GB, 75011, 81920, 75, 120.12, 34
nid008353,2026/05/03 15:51:34.721, 1, GPU-3d65dc3f-116a-1dd4-937c-6e4481a765b5, NVIDIA A100-SXM4-80GB, 75001, 81920, 3, 125.82, 32
nid008353,2026/05/03 15:51:34.723, 2, GPU-338e4806-c72e-e37a-4798-dc47c2f2de03, NVIDIA A100-SXM4-80GB, 75001, 81920, 73, 137.45, 35
nid008353,2026/05/03 15:51:34.724, 3, GPU-fec40d98-ea80-e220-a49c-31ccab4741af, NVIDIA A100-SXM4-80GB, 75001, 81920, 10, 122.69, 32
nid008352,2026/05/03 15:51:37.597, 0, GPU-c8e590fe-c1df-fb38-7bf3-9ed4364cf576, NVIDIA A100-SXM4-80GB, 74343, 81920, 100, 113.25, 34
nid008352,2026/05/03 15:51:37.600, 1, GPU-5efb5c1d-1cd8-daca-bd51-2f30d62f6e1e, NVIDIA A100-SXM4-80GB, 74275, 81920, 62, 123.21, 31
nid008352,2026/05/03 15:51:37.601, 2, GPU-1d24ec01-d8bb-a3cf-73c2-7d6014d1dd4d, NVIDIA A100-SXM4-80GB, 74275, 81920, 14, 122.11, 33
nid008352,2026/05/03 15:51:37.603, 3, GPU-689a6e7c-a622-65fb-9f4d-887ba745f660, NVIDIA A100-SXM4-80GB, 74275, 81920, 100, 110.07, 32
nid008353,2026/05/03 15:51:38.420, 0, GPU-3ad85384-e7dd-8c9b-13da-56f54bf334d9, NVIDIA A100-SXM4-80GB, 75011, 81920, 35, 126.86, 34
nid008353,2026/05/03 15:51:38.422, 1, GPU-3d65dc3f-116a-1dd4-937c-6e4481a765b5, NVIDIA A100-SXM4-80GB, 75001, 81920, 71, 128.63, 32
nid008353,2026/05/03 15:51:38.424, 2, GPU-338e4806-c72e-e37a-4798-dc47c2f2de03, NVIDIA A100-SXM4-80GB, 75001, 81920, 32, 117.22, 35
nid008353,2026/05/03 15:51:38.425, 3, GPU-fec40d98-ea80-e220-a49c-31ccab4741af, NVIDIA A100-SXM4-80GB, 75001, 81920, 12, 111.27, 32
nid008352,2026/05/03 15:51:41.293, 0, GPU-c8e590fe-c1df-fb38-7bf3-9ed4364cf576, NVIDIA A100-SXM4-80GB, 74343, 81920, 100, 116.57, 34
nid008352,2026/05/03 15:51:41.296, 1, GPU-5efb5c1d-1cd8-daca-bd51-2f30d62f6e1e, NVIDIA A100-SXM4-80GB, 74275, 81920, 1, 129.02, 31
nid008352,2026/05/03 15:51:41.297, 2, GPU-1d24ec01-d8bb-a3cf-73c2-7d6014d1dd4d, NVIDIA A100-SXM4-80GB, 74275, 81920, 100, 114.96, 33
nid008352,2026/05/03 15:51:41.299, 3, GPU-689a6e7c-a622-65fb-9f4d-887ba745f660, NVIDIA A100-SXM4-80GB, 74275, 81920, 100, 109.43, 31
nid008353,2026/05/03 15:51:42.140, 0, GPU-3ad85384-e7dd-8c9b-13da-56f54bf334d9, NVIDIA A100-SXM4-80GB, 75011, 81920, 19, 111.29, 33
nid008353,2026/05/03 15:51:42.143, 1, GPU-3d65dc3f-116a-1dd4-937c-6e4481a765b5, NVIDIA A100-SXM4-80GB, 75001, 81920, 75, 112.99, 31
nid008353,2026/05/03 15:51:42.145, 2, GPU-338e4806-c72e-e37a-4798-dc47c2f2de03, NVIDIA A100-SXM4-80GB, 75001, 81920, 94, 115.36, 34
nid008353,2026/05/03 15:51:42.146, 3, GPU-fec40d98-ea80-e220-a49c-31ccab4741af, NVIDIA A100-SXM4-80GB, 75001, 81920, 99, 111.03, 31
nid008352,2026/05/03 15:51:45.048, 0, GPU-c8e590fe-c1df-fb38-7bf3-9ed4364cf576, NVIDIA A100-SXM4-80GB, 74343, 81920, 100, 113.39, 34
nid008352,2026/05/03 15:51:45.050, 1, GPU-5efb5c1d-1cd8-daca-bd51-2f30d62f6e1e, NVIDIA A100-SXM4-80GB, 74275, 81920, 4, 123.07, 31
nid008352,2026/05/03 15:51:45.052, 2, GPU-1d24ec01-d8bb-a3cf-73c2-7d6014d1dd4d, NVIDIA A100-SXM4-80GB, 74275, 81920, 100, 116.28, 33
nid008352,2026/05/03 15:51:45.054, 3, GPU-689a6e7c-a622-65fb-9f4d-887ba745f660, NVIDIA A100-SXM4-80GB, 74275, 81920, 100, 109.54, 31
nid008353,2026/05/03 15:51:45.930, 0, GPU-3ad85384-e7dd-8c9b-13da-56f54bf334d9, NVIDIA A100-SXM4-80GB, 75011, 81920, 35, 111.53, 33
nid008353,2026/05/03 15:51:45.937, 1, GPU-3d65dc3f-116a-1dd4-937c-6e4481a765b5, NVIDIA A100-SXM4-80GB, 75001, 81920, 70, 112.99, 31
nid008353,2026/05/03 15:51:45.941, 2, GPU-338e4806-c72e-e37a-4798-dc47c2f2de03, NVIDIA A100-SXM4-80GB, 75001, 81920, 98, 115.65, 34
nid008353,2026/05/03 15:51:45.943, 3, GPU-fec40d98-ea80-e220-a49c-31ccab4741af, NVIDIA A100-SXM4-80GB, 75001, 81920, 70, 111.16, 31
nid008352,2026/05/03 15:51:48.807, 0, GPU-c8e590fe-c1df-fb38-7bf3-9ed4364cf576, NVIDIA A100-SXM4-80GB, 74343, 81920, 100, 113.39, 34
nid008352,2026/05/03 15:51:48.809, 1, GPU-5efb5c1d-1cd8-daca-bd51-2f30d62f6e1e, NVIDIA A100-SXM4-80GB, 74275, 81920, 100, 114.98, 31
nid008352,2026/05/03 15:51:48.811, 2, GPU-1d24ec01-d8bb-a3cf-73c2-7d6014d1dd4d, NVIDIA A100-SXM4-80GB, 74275, 81920, 4, 118.13, 33
nid008352,2026/05/03 15:51:48.812, 3, GPU-689a6e7c-a622-65fb-9f4d-887ba745f660, NVIDIA A100-SXM4-80GB, 74275, 81920, 100, 115.23, 31
nid008353,2026/05/03 15:51:49.661, 0, GPU-3ad85384-e7dd-8c9b-13da-56f54bf334d9, NVIDIA A100-SXM4-80GB, 75011, 81920, 19, 113.27, 34
nid008353,2026/05/03 15:51:49.664, 1, GPU-3d65dc3f-116a-1dd4-937c-6e4481a765b5, NVIDIA A100-SXM4-80GB, 75001, 81920, 90, 114.45, 31
nid008353,2026/05/03 15:51:49.668, 2, GPU-338e4806-c72e-e37a-4798-dc47c2f2de03, NVIDIA A100-SXM4-80GB, 75001, 81920, 79, 115.23, 34
nid008353,2026/05/03 15:51:49.669, 3, GPU-fec40d98-ea80-e220-a49c-31ccab4741af, NVIDIA A100-SXM4-80GB, 75001, 81920, 96, 125.15, 31
nid008352,2026/05/03 15:51:52.552, 0, GPU-c8e590fe-c1df-fb38-7bf3-9ed4364cf576, NVIDIA A100-SXM4-80GB, 74343, 81920, 100, 118.65, 34
nid008352,2026/05/03 15:51:52.555, 1, GPU-5efb5c1d-1cd8-daca-bd51-2f30d62f6e1e, NVIDIA A100-SXM4-80GB, 74275, 81920, 100, 115.50, 31
nid008352,2026/05/03 15:51:52.556, 2, GPU-1d24ec01-d8bb-a3cf-73c2-7d6014d1dd4d, NVIDIA A100-SXM4-80GB, 74275, 81920, 4, 115.91, 33
nid008352,2026/05/03 15:51:52.558, 3, GPU-689a6e7c-a622-65fb-9f4d-887ba745f660, NVIDIA A100-SXM4-80GB, 74275, 81920, 100, 114.47, 31
nid008353,2026/05/03 15:51:53.410, 0, GPU-3ad85384-e7dd-8c9b-13da-56f54bf334d9, NVIDIA A100-SXM4-80GB, 75011, 81920, 92, 133.59, 33
nid008353,2026/05/03 15:51:53.413, 1, GPU-3d65dc3f-116a-1dd4-937c-6e4481a765b5, NVIDIA A100-SXM4-80GB, 75001, 81920, 54, 132.94, 31
nid008353,2026/05/03 15:51:53.414, 2, GPU-338e4806-c72e-e37a-4798-dc47c2f2de03, NVIDIA A100-SXM4-80GB, 75001, 81920, 54, 117.22, 35
nid008353,2026/05/03 15:51:53.416, 3, GPU-fec40d98-ea80-e220-a49c-31ccab4741af, NVIDIA A100-SXM4-80GB, 75001, 81920, 68, 111.69, 32
nid008352,2026/05/03 15:51:56.355, 0, GPU-c8e590fe-c1df-fb38-7bf3-9ed4364cf576, NVIDIA A100-SXM4-80GB, 74343, 81920, 100, 129.21, 34
nid008352,2026/05/03 15:51:56.357, 1, GPU-5efb5c1d-1cd8-daca-bd51-2f30d62f6e1e, NVIDIA A100-SXM4-80GB, 74275, 81920, 100, 124.78, 31
nid008352,2026/05/03 15:51:56.359, 2, GPU-1d24ec01-d8bb-a3cf-73c2-7d6014d1dd4d, NVIDIA A100-SXM4-80GB, 74275, 81920, 2, 114.30, 33
nid008352,2026/05/03 15:51:56.361, 3, GPU-689a6e7c-a622-65fb-9f4d-887ba745f660, NVIDIA A100-SXM4-80GB, 74275, 81920, 100, 109.31, 31
nid008353,2026/05/03 15:51:57.187, 0, GPU-3ad85384-e7dd-8c9b-13da-56f54bf334d9, NVIDIA A100-SXM4-80GB, 75011, 81920, 86, 111.53, 34
nid008353,2026/05/03 15:51:57.190, 1, GPU-3d65dc3f-116a-1dd4-937c-6e4481a765b5, NVIDIA A100-SXM4-80GB, 75001, 81920, 93, 113.51, 31
nid008353,2026/05/03 15:51:57.192, 2, GPU-338e4806-c72e-e37a-4798-dc47c2f2de03, NVIDIA A100-SXM4-80GB, 75001, 81920, 32, 115.36, 34
nid008353,2026/05/03 15:51:57.193, 3, GPU-fec40d98-ea80-e220-a49c-31ccab4741af, NVIDIA A100-SXM4-80GB, 75001, 81920, 65, 111.27, 32
nid008352,2026/05/03 15:52:00.084, 0, GPU-c8e590fe-c1df-fb38-7bf3-9ed4364cf576, NVIDIA A100-SXM4-80GB, 74343, 81920, 100, 113.39, 34
nid008352,2026/05/03 15:52:00.087, 1, GPU-5efb5c1d-1cd8-daca-bd51-2f30d62f6e1e, NVIDIA A100-SXM4-80GB, 74275, 81920, 100, 116.83, 31
nid008352,2026/05/03 15:52:00.088, 2, GPU-1d24ec01-d8bb-a3cf-73c2-7d6014d1dd4d, NVIDIA A100-SXM4-80GB, 74275, 81920, 2, 114.20, 33
nid008352,2026/05/03 15:52:00.090, 3, GPU-689a6e7c-a622-65fb-9f4d-887ba745f660, NVIDIA A100-SXM4-80GB, 74275, 81920, 100, 122.78, 31
nid008353,2026/05/03 15:52:00.919, 0, GPU-3ad85384-e7dd-8c9b-13da-56f54bf334d9, NVIDIA A100-SXM4-80GB, 75011, 81920, 98, 134.27, 34
nid008353,2026/05/03 15:52:00.921, 1, GPU-3d65dc3f-116a-1dd4-937c-6e4481a765b5, NVIDIA A100-SXM4-80GB, 75001, 81920, 95, 134.27, 32
nid008353,2026/05/03 15:52:00.923, 2, GPU-338e4806-c72e-e37a-4798-dc47c2f2de03, NVIDIA A100-SXM4-80GB, 75001, 81920, 56, 134.71, 35
nid008353,2026/05/03 15:52:00.925, 3, GPU-fec40d98-ea80-e220-a49c-31ccab4741af, NVIDIA A100-SXM4-80GB, 75001, 81920, 96, 111.40, 32
nid008352,2026/05/03 15:52:03.794, 0, GPU-c8e590fe-c1df-fb38-7bf3-9ed4364cf576, NVIDIA A100-SXM4-80GB, 74343, 81920, 100, 112.87, 34
nid008352,2026/05/03 15:52:03.797, 1, GPU-5efb5c1d-1cd8-daca-bd51-2f30d62f6e1e, NVIDIA A100-SXM4-80GB, 74275, 81920, 100, 114.98, 31
nid008352,2026/05/03 15:52:03.799, 2, GPU-1d24ec01-d8bb-a3cf-73c2-7d6014d1dd4d, NVIDIA A100-SXM4-80GB, 74275, 81920, 2, 141.46, 33
nid008352,2026/05/03 15:52:03.800, 3, GPU-689a6e7c-a622-65fb-9f4d-887ba745f660, NVIDIA A100-SXM4-80GB, 74275, 81920, 100, 113.25, 31
nid008353,2026/05/03 15:52:04.631, 0, GPU-3ad85384-e7dd-8c9b-13da-56f54bf334d9, NVIDIA A100-SXM4-80GB, 75011, 81920, 71, 111.42, 33
nid008353,2026/05/03 15:52:04.637, 1, GPU-3d65dc3f-116a-1dd4-937c-6e4481a765b5, NVIDIA A100-SXM4-80GB, 75001, 81920, 84, 112.99, 31
nid008353,2026/05/03 15:52:04.642, 2, GPU-338e4806-c72e-e37a-4798-dc47c2f2de03, NVIDIA A100-SXM4-80GB, 75001, 81920, 1, 115.36, 34
nid008353,2026/05/03 15:52:04.647, 3, GPU-fec40d98-ea80-e220-a49c-31ccab4741af, NVIDIA A100-SXM4-80GB, 75001, 81920, 89, 111.29, 31
nid008352,2026/05/03 15:52:07.545, 0, GPU-c8e590fe-c1df-fb38-7bf3-9ed4364cf576, NVIDIA A100-SXM4-80GB, 74343, 81920, 100, 117.32, 34
nid008352,2026/05/03 15:52:07.548, 1, GPU-5efb5c1d-1cd8-daca-bd51-2f30d62f6e1e, NVIDIA A100-SXM4-80GB, 74275, 81920, 100, 115.50, 31
nid008352,2026/05/03 15:52:07.549, 2, GPU-1d24ec01-d8bb-a3cf-73c2-7d6014d1dd4d, NVIDIA A100-SXM4-80GB, 74275, 81920, 2, 114.44, 33
nid008352,2026/05/03 15:52:07.551, 3, GPU-689a6e7c-a622-65fb-9f4d-887ba745f660, NVIDIA A100-SXM4-80GB, 74275, 81920, 100, 112.33, 31
nid008353,2026/05/03 15:52:08.410, 0, GPU-3ad85384-e7dd-8c9b-13da-56f54bf334d9, NVIDIA A100-SXM4-80GB, 75011, 81920, 88, 111.94, 33
nid008353,2026/05/03 15:52:08.413, 1, GPU-3d65dc3f-116a-1dd4-937c-6e4481a765b5, NVIDIA A100-SXM4-80GB, 75001, 81920, 6, 113.41, 31
nid008353,2026/05/03 15:52:08.414, 2, GPU-338e4806-c72e-e37a-4798-dc47c2f2de03, NVIDIA A100-SXM4-80GB, 75001, 81920, 33, 115.65, 34
nid008353,2026/05/03 15:52:08.416, 3, GPU-fec40d98-ea80-e220-a49c-31ccab4741af, NVIDIA A100-SXM4-80GB, 75001, 81920, 91, 111.27, 31
nid008352,2026/05/03 15:52:11.284, 0, GPU-c8e590fe-c1df-fb38-7bf3-9ed4364cf576, NVIDIA A100-SXM4-80GB, 74343, 81920, 67, 118.13, 34
nid008352,2026/05/03 15:52:11.287, 1, GPU-5efb5c1d-1cd8-daca-bd51-2f30d62f6e1e, NVIDIA A100-SXM4-80GB, 74275, 81920, 100, 124.92, 31
nid008352,2026/05/03 15:52:11.289, 2, GPU-1d24ec01-d8bb-a3cf-73c2-7d6014d1dd4d, NVIDIA A100-SXM4-80GB, 74275, 81920, 23, 114.58, 33
nid008352,2026/05/03 15:52:11.291, 3, GPU-689a6e7c-a622-65fb-9f4d-887ba745f660, NVIDIA A100-SXM4-80GB, 74275, 81920, 100, 124.25, 31
nid008353,2026/05/03 15:52:12.119, 0, GPU-3ad85384-e7dd-8c9b-13da-56f54bf334d9, NVIDIA A100-SXM4-80GB, 75011, 81920, 52, 130.04, 34
nid008353,2026/05/03 15:52:12.122, 1, GPU-3d65dc3f-116a-1dd4-937c-6e4481a765b5, NVIDIA A100-SXM4-80GB, 75001, 81920, 27, 113.12, 31
nid008353,2026/05/03 15:52:12.124, 2, GPU-338e4806-c72e-e37a-4798-dc47c2f2de03, NVIDIA A100-SXM4-80GB, 75001, 81920, 72, 115.36, 34
nid008353,2026/05/03 15:52:12.125, 3, GPU-fec40d98-ea80-e220-a49c-31ccab4741af, NVIDIA A100-SXM4-80GB, 75001, 81920, 50, 111.03, 32
nid008352,2026/05/03 15:52:15.002, 0, GPU-c8e590fe-c1df-fb38-7bf3-9ed4364cf576, NVIDIA A100-SXM4-80GB, 74343, 81920, 2, 113.00, 34
nid008352,2026/05/03 15:52:15.005, 1, GPU-5efb5c1d-1cd8-daca-bd51-2f30d62f6e1e, NVIDIA A100-SXM4-80GB, 74275, 81920, 100, 114.59, 31
nid008352,2026/05/03 15:52:15.007, 2, GPU-1d24ec01-d8bb-a3cf-73c2-7d6014d1dd4d, NVIDIA A100-SXM4-80GB, 74275, 81920, 100, 126.18, 34
nid008352,2026/05/03 15:52:15.008, 3, GPU-689a6e7c-a622-65fb-9f4d-887ba745f660, NVIDIA A100-SXM4-80GB, 74275, 81920, 100, 110.48, 32
nid008353,2026/05/03 15:52:15.855, 0, GPU-3ad85384-e7dd-8c9b-13da-56f54bf334d9, NVIDIA A100-SXM4-80GB, 75011, 81920, 46, 111.53, 33
nid008353,2026/05/03 15:52:15.858, 1, GPU-3d65dc3f-116a-1dd4-937c-6e4481a765b5, NVIDIA A100-SXM4-80GB, 75001, 81920, 100, 113.27, 31
nid008353,2026/05/03 15:52:15.859, 2, GPU-338e4806-c72e-e37a-4798-dc47c2f2de03, NVIDIA A100-SXM4-80GB, 75001, 81920, 100, 203.58, 35
nid008353,2026/05/03 15:52:15.864, 3, GPU-fec40d98-ea80-e220-a49c-31ccab4741af, NVIDIA A100-SXM4-80GB, 75001, 81920, 100, 111.40, 31
nid008352,2026/05/03 15:52:18.743, 0, GPU-c8e590fe-c1df-fb38-7bf3-9ed4364cf576, NVIDIA A100-SXM4-80GB, 74343, 81920, 58, 122.87, 34
nid008352,2026/05/03 15:52:18.748, 1, GPU-5efb5c1d-1cd8-daca-bd51-2f30d62f6e1e, NVIDIA A100-SXM4-80GB, 74275, 81920, 93, 124.26, 31
nid008352,2026/05/03 15:52:18.749, 2, GPU-1d24ec01-d8bb-a3cf-73c2-7d6014d1dd4d, NVIDIA A100-SXM4-80GB, 74275, 81920, 100, 116.95, 34
nid008352,2026/05/03 15:52:18.751, 3, GPU-689a6e7c-a622-65fb-9f4d-887ba745f660, NVIDIA A100-SXM4-80GB, 74275, 81920, 62, 113.76, 32
nid008353,2026/05/03 15:52:19.630, 0, GPU-3ad85384-e7dd-8c9b-13da-56f54bf334d9, NVIDIA A100-SXM4-80GB, 75011, 81920, 9, 139.13, 34
nid008353,2026/05/03 15:52:19.632, 1, GPU-3d65dc3f-116a-1dd4-937c-6e4481a765b5, NVIDIA A100-SXM4-80GB, 75001, 81920, 77, 142.20, 32
nid008353,2026/05/03 15:52:19.634, 2, GPU-338e4806-c72e-e37a-4798-dc47c2f2de03, NVIDIA A100-SXM4-80GB, 75001, 81920, 18, 136.64, 35
nid008353,2026/05/03 15:52:19.636, 3, GPU-fec40d98-ea80-e220-a49c-31ccab4741af, NVIDIA A100-SXM4-80GB, 75001, 81920, 8, 125.59, 32
nid008352,2026/05/03 15:52:22.480, 0, GPU-c8e590fe-c1df-fb38-7bf3-9ed4364cf576, NVIDIA A100-SXM4-80GB, 74343, 81920, 15, 115.90, 34
nid008352,2026/05/03 15:52:22.483, 1, GPU-5efb5c1d-1cd8-daca-bd51-2f30d62f6e1e, NVIDIA A100-SXM4-80GB, 74275, 81920, 100, 119.50, 31
nid008352,2026/05/03 15:52:22.487, 2, GPU-1d24ec01-d8bb-a3cf-73c2-7d6014d1dd4d, NVIDIA A100-SXM4-80GB, 74275, 81920, 100, 119.31, 34
nid008352,2026/05/03 15:52:22.490, 3, GPU-689a6e7c-a622-65fb-9f4d-887ba745f660, NVIDIA A100-SXM4-80GB, 74275, 81920, 81, 132.62, 31
nid008353,2026/05/03 15:52:23.358, 0, GPU-3ad85384-e7dd-8c9b-13da-56f54bf334d9, NVIDIA A100-SXM4-80GB, 75011, 81920, 54, 111.94, 34
nid008353,2026/05/03 15:52:23.361, 1, GPU-3d65dc3f-116a-1dd4-937c-6e4481a765b5, NVIDIA A100-SXM4-80GB, 75001, 81920, 56, 113.51, 31
nid008353,2026/05/03 15:52:23.363, 2, GPU-338e4806-c72e-e37a-4798-dc47c2f2de03, NVIDIA A100-SXM4-80GB, 75001, 81920, 20, 115.65, 34
nid008353,2026/05/03 15:52:23.367, 3, GPU-fec40d98-ea80-e220-a49c-31ccab4741af, NVIDIA A100-SXM4-80GB, 75001, 81920, 74, 114.74, 32
nid008352,2026/05/03 15:52:26.352, 0, GPU-c8e590fe-c1df-fb38-7bf3-9ed4364cf576, NVIDIA A100-SXM4-80GB, 74343, 81920, 3, 115.76, 34
nid008352,2026/05/03 15:52:26.355, 1, GPU-5efb5c1d-1cd8-daca-bd51-2f30d62f6e1e, NVIDIA A100-SXM4-80GB, 74275, 81920, 100, 114.17, 31
nid008352,2026/05/03 15:52:26.357, 2, GPU-1d24ec01-d8bb-a3cf-73c2-7d6014d1dd4d, NVIDIA A100-SXM4-80GB, 74275, 81920, 100, 116.04, 33
nid008352,2026/05/03 15:52:26.359, 3, GPU-689a6e7c-a622-65fb-9f4d-887ba745f660, NVIDIA A100-SXM4-80GB, 74275, 81920, 100, 133.71, 32
nid008353,2026/05/03 15:52:27.203, 0, GPU-3ad85384-e7dd-8c9b-13da-56f54bf334d9, NVIDIA A100-SXM4-80GB, 75011, 81920, 19, 111.29, 33
nid008353,2026/05/03 15:52:27.206, 1, GPU-3d65dc3f-116a-1dd4-937c-6e4481a765b5, NVIDIA A100-SXM4-80GB, 75001, 81920, 99, 112.99, 31
nid008353,2026/05/03 15:52:27.207, 2, GPU-338e4806-c72e-e37a-4798-dc47c2f2de03, NVIDIA A100-SXM4-80GB, 75001, 81920, 13, 115.23, 34
nid008353,2026/05/03 15:52:27.209, 3, GPU-fec40d98-ea80-e220-a49c-31ccab4741af, NVIDIA A100-SXM4-80GB, 75001, 81920, 61, 111.16, 31
nid008352,2026/05/03 15:52:30.112, 0, GPU-c8e590fe-c1df-fb38-7bf3-9ed4364cf576, NVIDIA A100-SXM4-80GB, 74343, 81920, 2, 113.25, 34
nid008352,2026/05/03 15:52:30.115, 1, GPU-5efb5c1d-1cd8-daca-bd51-2f30d62f6e1e, NVIDIA A100-SXM4-80GB, 74275, 81920, 100, 114.88, 31
nid008352,2026/05/03 15:52:30.116, 2, GPU-1d24ec01-d8bb-a3cf-73c2-7d6014d1dd4d, NVIDIA A100-SXM4-80GB, 74275, 81920, 100, 138.33, 33
nid008352,2026/05/03 15:52:30.118, 3, GPU-689a6e7c-a622-65fb-9f4d-887ba745f660, NVIDIA A100-SXM4-80GB, 74275, 81920, 100, 113.66, 31
nid008353,2026/05/03 15:52:30.978, 0, GPU-3ad85384-e7dd-8c9b-13da-56f54bf334d9, NVIDIA A100-SXM4-80GB, 75011, 81920, 37, 111.79, 34
nid008353,2026/05/03 15:52:30.985, 1, GPU-3d65dc3f-116a-1dd4-937c-6e4481a765b5, NVIDIA A100-SXM4-80GB, 75001, 81920, 87, 113.54, 31
nid008353,2026/05/03 15:52:30.991, 2, GPU-338e4806-c72e-e37a-4798-dc47c2f2de03, NVIDIA A100-SXM4-80GB, 75001, 81920, 52, 115.79, 34
nid008353,2026/05/03 15:52:30.995, 3, GPU-fec40d98-ea80-e220-a49c-31ccab4741af, NVIDIA A100-SXM4-80GB, 75001, 81920, 89, 112.58, 31
nid008352,2026/05/03 15:52:33.861, 0, GPU-c8e590fe-c1df-fb38-7bf3-9ed4364cf576, NVIDIA A100-SXM4-80GB, 74343, 81920, 2, 113.53, 34
nid008352,2026/05/03 15:52:33.864, 1, GPU-5efb5c1d-1cd8-daca-bd51-2f30d62f6e1e, NVIDIA A100-SXM4-80GB, 74275, 81920, 100, 115.40, 31
nid008352,2026/05/03 15:52:33.866, 2, GPU-1d24ec01-d8bb-a3cf-73c2-7d6014d1dd4d, NVIDIA A100-SXM4-80GB, 74275, 81920, 100, 134.76, 33
nid008352,2026/05/03 15:52:33.867, 3, GPU-689a6e7c-a622-65fb-9f4d-887ba745f660, NVIDIA A100-SXM4-80GB, 74275, 81920, 100, 113.51, 31
nid008353,2026/05/03 15:52:34.715, 0, GPU-3ad85384-e7dd-8c9b-13da-56f54bf334d9, NVIDIA A100-SXM4-80GB, 75011, 81920, 89, 111.42, 33
nid008353,2026/05/03 15:52:34.721, 1, GPU-3d65dc3f-116a-1dd4-937c-6e4481a765b5, NVIDIA A100-SXM4-80GB, 75001, 81920, 77, 113.12, 31
nid008353,2026/05/03 15:52:34.723, 2, GPU-338e4806-c72e-e37a-4798-dc47c2f2de03, NVIDIA A100-SXM4-80GB, 75001, 81920, 40, 115.50, 34
nid008353,2026/05/03 15:52:34.724, 3, GPU-fec40d98-ea80-e220-a49c-31ccab4741af, NVIDIA A100-SXM4-80GB, 75001, 81920, 39, 111.00, 31
nid008352,2026/05/03 15:52:37.581, 0, GPU-c8e590fe-c1df-fb38-7bf3-9ed4364cf576, NVIDIA A100-SXM4-80GB, 74343, 81920, 29, 113.38, 34
nid008352,2026/05/03 15:52:37.584, 1, GPU-5efb5c1d-1cd8-daca-bd51-2f30d62f6e1e, NVIDIA A100-SXM4-80GB, 74275, 81920, 100, 115.40, 31
nid008352,2026/05/03 15:52:37.587, 2, GPU-1d24ec01-d8bb-a3cf-73c2-7d6014d1dd4d, NVIDIA A100-SXM4-80GB, 74275, 81920, 100, 128.85, 33
nid008352,2026/05/03 15:52:37.593, 3, GPU-689a6e7c-a622-65fb-9f4d-887ba745f660, NVIDIA A100-SXM4-80GB, 74275, 81920, 100, 111.14, 32
nid008353,2026/05/03 15:52:38.431, 0, GPU-3ad85384-e7dd-8c9b-13da-56f54bf334d9, NVIDIA A100-SXM4-80GB, 75011, 81920, 29, 111.55, 34
nid008353,2026/05/03 15:52:38.437, 1, GPU-3d65dc3f-116a-1dd4-937c-6e4481a765b5, NVIDIA A100-SXM4-80GB, 75001, 81920, 87, 113.12, 31
nid008353,2026/05/03 15:52:38.443, 2, GPU-338e4806-c72e-e37a-4798-dc47c2f2de03, NVIDIA A100-SXM4-80GB, 75001, 81920, 87, 121.88, 34
nid008353,2026/05/03 15:52:38.448, 3, GPU-fec40d98-ea80-e220-a49c-31ccab4741af, NVIDIA A100-SXM4-80GB, 75001, 81920, 100, 134.51, 32
nid008352,2026/05/03 15:52:41.317, 0, GPU-c8e590fe-c1df-fb38-7bf3-9ed4364cf576, NVIDIA A100-SXM4-80GB, 74343, 81920, 2, 113.00, 34
nid008352,2026/05/03 15:52:41.320, 1, GPU-5efb5c1d-1cd8-daca-bd51-2f30d62f6e1e, NVIDIA A100-SXM4-80GB, 74275, 81920, 100, 114.59, 31
nid008352,2026/05/03 15:52:41.321, 2, GPU-1d24ec01-d8bb-a3cf-73c2-7d6014d1dd4d, NVIDIA A100-SXM4-80GB, 74275, 81920, 100, 120.93, 33
nid008352,2026/05/03 15:52:41.323, 3, GPU-689a6e7c-a622-65fb-9f4d-887ba745f660, NVIDIA A100-SXM4-80GB, 74275, 81920, 100, 110.33, 31
nid008353,2026/05/03 15:52:42.155, 0, GPU-3ad85384-e7dd-8c9b-13da-56f54bf334d9, NVIDIA A100-SXM4-80GB, 75011, 81920, 11, 136.57, 34
nid008353,2026/05/03 15:52:42.160, 1, GPU-3d65dc3f-116a-1dd4-937c-6e4481a765b5, NVIDIA A100-SXM4-80GB, 75001, 81920, 70, 137.09, 32
nid008353,2026/05/03 15:52:42.165, 2, GPU-338e4806-c72e-e37a-4798-dc47c2f2de03, NVIDIA A100-SXM4-80GB, 75001, 81920, 88, 138.42, 35
nid008353,2026/05/03 15:52:42.177, 3, GPU-fec40d98-ea80-e220-a49c-31ccab4741af, NVIDIA A100-SXM4-80GB, 75001, 81920, 11, 128.93, 32
nid008352,2026/05/03 15:52:45.047, 0, GPU-c8e590fe-c1df-fb38-7bf3-9ed4364cf576, NVIDIA A100-SXM4-80GB, 74343, 81920, 2, 114.05, 34
nid008352,2026/05/03 15:52:45.051, 1, GPU-5efb5c1d-1cd8-daca-bd51-2f30d62f6e1e, NVIDIA A100-SXM4-80GB, 74275, 81920, 100, 133.41, 31
nid008352,2026/05/03 15:52:45.058, 2, GPU-1d24ec01-d8bb-a3cf-73c2-7d6014d1dd4d, NVIDIA A100-SXM4-80GB, 74275, 81920, 100, 114.34, 33
nid008352,2026/05/03 15:52:45.064, 3, GPU-689a6e7c-a622-65fb-9f4d-887ba745f660, NVIDIA A100-SXM4-80GB, 74275, 81920, 95, 109.28, 31
nid008353,2026/05/03 15:52:45.951, 0, GPU-3ad85384-e7dd-8c9b-13da-56f54bf334d9, NVIDIA A100-SXM4-80GB, 75011, 81920, 42, 126.49, 34
nid008353,2026/05/03 15:52:45.954, 1, GPU-3d65dc3f-116a-1dd4-937c-6e4481a765b5, NVIDIA A100-SXM4-80GB, 75001, 81920, 66, 134.19, 31
nid008353,2026/05/03 15:52:45.956, 2, GPU-338e4806-c72e-e37a-4798-dc47c2f2de03, NVIDIA A100-SXM4-80GB, 75001, 81920, 96, 115.50, 34
nid008353,2026/05/03 15:52:45.957, 3, GPU-fec40d98-ea80-e220-a49c-31ccab4741af, NVIDIA A100-SXM4-80GB, 75001, 81920, 89, 111.00, 32
nid008352,2026/05/03 15:52:48.817, 0, GPU-c8e590fe-c1df-fb38-7bf3-9ed4364cf576, NVIDIA A100-SXM4-80GB, 74343, 81920, 15, 114.57, 34
nid008352,2026/05/03 15:52:48.822, 1, GPU-5efb5c1d-1cd8-daca-bd51-2f30d62f6e1e, NVIDIA A100-SXM4-80GB, 74275, 81920, 100, 118.83, 31
nid008352,2026/05/03 15:52:48.827, 2, GPU-1d24ec01-d8bb-a3cf-73c2-7d6014d1dd4d, NVIDIA A100-SXM4-80GB, 74275, 81920, 100, 114.86, 33
nid008352,2026/05/03 15:52:48.833, 3, GPU-689a6e7c-a622-65fb-9f4d-887ba745f660, NVIDIA A100-SXM4-80GB, 74275, 81920, 87, 128.72, 31
nid008353,2026/05/03 15:52:49.661, 0, GPU-3ad85384-e7dd-8c9b-13da-56f54bf334d9, NVIDIA A100-SXM4-80GB, 75011, 81920, 34, 111.55, 33
nid008353,2026/05/03 15:52:49.664, 1, GPU-3d65dc3f-116a-1dd4-937c-6e4481a765b5, NVIDIA A100-SXM4-80GB, 75001, 81920, 84, 113.12, 31
nid008353,2026/05/03 15:52:49.665, 2, GPU-338e4806-c72e-e37a-4798-dc47c2f2de03, NVIDIA A100-SXM4-80GB, 75001, 81920, 54, 115.79, 34
nid008353,2026/05/03 15:52:49.669, 3, GPU-fec40d98-ea80-e220-a49c-31ccab4741af, NVIDIA A100-SXM4-80GB, 75001, 81920, 86, 111.00, 31
nid008352,2026/05/03 15:52:52.535, 0, GPU-c8e590fe-c1df-fb38-7bf3-9ed4364cf576, NVIDIA A100-SXM4-80GB, 74343, 81920, 2, 125.38, 34
nid008352,2026/05/03 15:52:52.537, 1, GPU-5efb5c1d-1cd8-daca-bd51-2f30d62f6e1e, NVIDIA A100-SXM4-80GB, 74275, 81920, 100, 114.59, 31
nid008352,2026/05/03 15:52:52.539, 2, GPU-1d24ec01-d8bb-a3cf-73c2-7d6014d1dd4d, NVIDIA A100-SXM4-80GB, 74275, 81920, 100, 115.37, 33
nid008352,2026/05/03 15:52:52.541, 3, GPU-689a6e7c-a622-65fb-9f4d-887ba745f660, NVIDIA A100-SXM4-80GB, 74275, 81920, 100, 109.28, 31
nid008353,2026/05/03 15:52:53.390, 0, GPU-3ad85384-e7dd-8c9b-13da-56f54bf334d9, NVIDIA A100-SXM4-80GB, 75011, 81920, 1, 113.65, 34
nid008353,2026/05/03 15:52:53.393, 1, GPU-3d65dc3f-116a-1dd4-937c-6e4481a765b5, NVIDIA A100-SXM4-80GB, 75001, 81920, 84, 113.78, 32
nid008353,2026/05/03 15:52:53.396, 2, GPU-338e4806-c72e-e37a-4798-dc47c2f2de03, NVIDIA A100-SXM4-80GB, 75001, 81920, 82, 139.92, 35
nid008353,2026/05/03 15:52:53.397, 3, GPU-fec40d98-ea80-e220-a49c-31ccab4741af, NVIDIA A100-SXM4-80GB, 75001, 81920, 99, 111.29, 31
nid008352,2026/05/03 15:52:56.393, 0, GPU-c8e590fe-c1df-fb38-7bf3-9ed4364cf576, NVIDIA A100-SXM4-80GB, 74343, 81920, 6, 112.72, 34
nid008352,2026/05/03 15:52:56.395, 1, GPU-5efb5c1d-1cd8-daca-bd51-2f30d62f6e1e, NVIDIA A100-SXM4-80GB, 74275, 81920, 100, 114.07, 31
nid008352,2026/05/03 15:52:56.397, 2, GPU-1d24ec01-d8bb-a3cf-73c2-7d6014d1dd4d, NVIDIA A100-SXM4-80GB, 74275, 81920, 100, 118.79, 33
nid008352,2026/05/03 15:52:56.399, 3, GPU-689a6e7c-a622-65fb-9f4d-887ba745f660, NVIDIA A100-SXM4-80GB, 74275, 81920, 100, 109.28, 31
nid008353,2026/05/03 15:52:57.228, 0, GPU-3ad85384-e7dd-8c9b-13da-56f54bf334d9, NVIDIA A100-SXM4-80GB, 75011, 81920, 9, 129.15, 33
nid008353,2026/05/03 15:52:57.230, 1, GPU-3d65dc3f-116a-1dd4-937c-6e4481a765b5, NVIDIA A100-SXM4-80GB, 75001, 81920, 86, 138.42, 31
nid008353,2026/05/03 15:52:57.232, 2, GPU-338e4806-c72e-e37a-4798-dc47c2f2de03, NVIDIA A100-SXM4-80GB, 75001, 81920, 98, 116.03, 35
nid008353,2026/05/03 15:52:57.233, 3, GPU-fec40d98-ea80-e220-a49c-31ccab4741af, NVIDIA A100-SXM4-80GB, 75001, 81920, 98, 111.29, 32
nid008352,2026/05/03 15:53:00.111, 0, GPU-c8e590fe-c1df-fb38-7bf3-9ed4364cf576, NVIDIA A100-SXM4-80GB, 74343, 81920, 7, 113.11, 34
nid008352,2026/05/03 15:53:00.113, 1, GPU-5efb5c1d-1cd8-daca-bd51-2f30d62f6e1e, NVIDIA A100-SXM4-80GB, 74275, 81920, 100, 115.40, 31
nid008352,2026/05/03 15:53:00.115, 2, GPU-1d24ec01-d8bb-a3cf-73c2-7d6014d1dd4d, NVIDIA A100-SXM4-80GB, 74275, 81920, 100, 133.27, 33
nid008352,2026/05/03 15:53:00.117, 3, GPU-689a6e7c-a622-65fb-9f4d-887ba745f660, NVIDIA A100-SXM4-80GB, 74275, 81920, 100, 112.33, 31
nid008353,2026/05/03 15:53:00.966, 0, GPU-3ad85384-e7dd-8c9b-13da-56f54bf334d9, NVIDIA A100-SXM4-80GB, 75011, 81920, 73, 112.47, 33
nid008353,2026/05/03 15:53:00.969, 1, GPU-3d65dc3f-116a-1dd4-937c-6e4481a765b5, NVIDIA A100-SXM4-80GB, 75001, 81920, 99, 113.27, 31
nid008353,2026/05/03 15:53:00.975, 2, GPU-338e4806-c72e-e37a-4798-dc47c2f2de03, NVIDIA A100-SXM4-80GB, 75001, 81920, 76, 115.65, 34
nid008353,2026/05/03 15:53:00.977, 3, GPU-fec40d98-ea80-e220-a49c-31ccab4741af, NVIDIA A100-SXM4-80GB, 75001, 81920, 28, 111.03, 31
nid008352,2026/05/03 15:53:03.849, 0, GPU-c8e590fe-c1df-fb38-7bf3-9ed4364cf576, NVIDIA A100-SXM4-80GB, 74343, 81920, 4, 112.87, 34
nid008352,2026/05/03 15:53:03.851, 1, GPU-5efb5c1d-1cd8-daca-bd51-2f30d62f6e1e, NVIDIA A100-SXM4-80GB, 74275, 81920, 100, 114.31, 31
nid008352,2026/05/03 15:53:03.853, 2, GPU-1d24ec01-d8bb-a3cf-73c2-7d6014d1dd4d, NVIDIA A100-SXM4-80GB, 74275, 81920, 100, 117.89, 33
nid008352,2026/05/03 15:53:03.855, 3, GPU-689a6e7c-a622-65fb-9f4d-887ba745f660, NVIDIA A100-SXM4-80GB, 74275, 81920, 100, 109.83, 31
nid008353,2026/05/03 15:53:04.691, 0, GPU-3ad85384-e7dd-8c9b-13da-56f54bf334d9, NVIDIA A100-SXM4-80GB, 75011, 81920, 6, 112.33, 33
nid008353,2026/05/03 15:53:04.696, 1, GPU-3d65dc3f-116a-1dd4-937c-6e4481a765b5, NVIDIA A100-SXM4-80GB, 75001, 81920, 91, 114.18, 31
nid008353,2026/05/03 15:53:04.698, 2, GPU-338e4806-c72e-e37a-4798-dc47c2f2de03, NVIDIA A100-SXM4-80GB, 75001, 81920, 82, 146.24, 34
nid008353,2026/05/03 15:53:04.699, 3, GPU-fec40d98-ea80-e220-a49c-31ccab4741af, NVIDIA A100-SXM4-80GB, 75001, 81920, 74, 124.92, 32
nid008352,2026/05/03 15:53:07.550, 0, GPU-c8e590fe-c1df-fb38-7bf3-9ed4364cf576, NVIDIA A100-SXM4-80GB, 74343, 81920, 2, 113.00, 34
nid008352,2026/05/03 15:53:07.553, 1, GPU-5efb5c1d-1cd8-daca-bd51-2f30d62f6e1e, NVIDIA A100-SXM4-80GB, 74275, 81920, 100, 119.50, 31
nid008352,2026/05/03 15:53:07.555, 2, GPU-1d24ec01-d8bb-a3cf-73c2-7d6014d1dd4d, NVIDIA A100-SXM4-80GB, 74275, 81920, 100, 122.11, 33
nid008352,2026/05/03 15:53:07.556, 3, GPU-689a6e7c-a622-65fb-9f4d-887ba745f660, NVIDIA A100-SXM4-80GB, 74275, 81920, 100, 110.07, 31
nid008353,2026/05/03 15:53:08.371, 0, GPU-3ad85384-e7dd-8c9b-13da-56f54bf334d9, NVIDIA A100-SXM4-80GB, 75011, 81920, 58, 111.29, 33
nid008353,2026/05/03 15:53:08.374, 1, GPU-3d65dc3f-116a-1dd4-937c-6e4481a765b5, NVIDIA A100-SXM4-80GB, 75001, 81920, 100, 113.27, 31
nid008353,2026/05/03 15:53:08.377, 2, GPU-338e4806-c72e-e37a-4798-dc47c2f2de03, NVIDIA A100-SXM4-80GB, 75001, 81920, 74, 115.50, 34
nid008353,2026/05/03 15:53:08.378, 3, GPU-fec40d98-ea80-e220-a49c-31ccab4741af, NVIDIA A100-SXM4-80GB, 75001, 81920, 39, 111.03, 31
nid008352,2026/05/03 15:53:11.256, 0, GPU-c8e590fe-c1df-fb38-7bf3-9ed4364cf576, NVIDIA A100-SXM4-80GB, 74343, 81920, 46, 114.72, 34
nid008352,2026/05/03 15:53:11.263, 1, GPU-5efb5c1d-1cd8-daca-bd51-2f30d62f6e1e, NVIDIA A100-SXM4-80GB, 74275, 81920, 100, 114.98, 31
nid008352,2026/05/03 15:53:11.265, 2, GPU-1d24ec01-d8bb-a3cf-73c2-7d6014d1dd4d, NVIDIA A100-SXM4-80GB, 74275, 81920, 100, 114.96, 34
nid008352,2026/05/03 15:53:11.267, 3, GPU-689a6e7c-a622-65fb-9f4d-887ba745f660, NVIDIA A100-SXM4-80GB, 74275, 81920, 100, 109.67, 32
nid008353,2026/05/03 15:53:12.120, 0, GPU-3ad85384-e7dd-8c9b-13da-56f54bf334d9, NVIDIA A100-SXM4-80GB, 75011, 81920, 88, 163.18, 35
nid008353,2026/05/03 15:53:12.123, 1, GPU-3d65dc3f-116a-1dd4-937c-6e4481a765b5, NVIDIA A100-SXM4-80GB, 75001, 81920, 95, 202.77, 34
nid008353,2026/05/03 15:53:12.125, 2, GPU-338e4806-c72e-e37a-4798-dc47c2f2de03, NVIDIA A100-SXM4-80GB, 75001, 81920, 92, 188.26, 37
nid008353,2026/05/03 15:53:12.126, 3, GPU-fec40d98-ea80-e220-a49c-31ccab4741af, NVIDIA A100-SXM4-80GB, 75001, 81920, 31, 134.59, 33
nid008352,2026/05/03 15:53:15.000, 0, GPU-c8e590fe-c1df-fb38-7bf3-9ed4364cf576, NVIDIA A100-SXM4-80GB, 74343, 81920, 93, 126.56, 34
nid008352,2026/05/03 15:53:15.002, 1, GPU-5efb5c1d-1cd8-daca-bd51-2f30d62f6e1e, NVIDIA A100-SXM4-80GB, 74275, 81920, 58, 115.26, 31
nid008352,2026/05/03 15:53:15.005, 2, GPU-1d24ec01-d8bb-a3cf-73c2-7d6014d1dd4d, NVIDIA A100-SXM4-80GB, 74275, 81920, 74, 120.93, 34
nid008352,2026/05/03 15:53:15.006, 3, GPU-689a6e7c-a622-65fb-9f4d-887ba745f660, NVIDIA A100-SXM4-80GB, 74275, 81920, 48, 111.16, 32
nid008353,2026/05/03 15:53:15.834, 0, GPU-3ad85384-e7dd-8c9b-13da-56f54bf334d9, NVIDIA A100-SXM4-80GB, 75011, 81920, 9, 111.53, 34
nid008353,2026/05/03 15:53:15.837, 1, GPU-3d65dc3f-116a-1dd4-937c-6e4481a765b5, NVIDIA A100-SXM4-80GB, 75001, 81920, 46, 113.27, 31
nid008353,2026/05/03 15:53:15.838, 2, GPU-338e4806-c72e-e37a-4798-dc47c2f2de03, NVIDIA A100-SXM4-80GB, 75001, 81920, 58, 130.56, 35
nid008353,2026/05/03 15:53:15.840, 3, GPU-fec40d98-ea80-e220-a49c-31ccab4741af, NVIDIA A100-SXM4-80GB, 75001, 81920, 43, 129.83, 32
nid008352,2026/05/03 15:53:18.716, 0, GPU-c8e590fe-c1df-fb38-7bf3-9ed4364cf576, NVIDIA A100-SXM4-80GB, 74343, 81920, 96, 113.63, 34
nid008352,2026/05/03 15:53:18.719, 1, GPU-5efb5c1d-1cd8-daca-bd51-2f30d62f6e1e, NVIDIA A100-SXM4-80GB, 74275, 81920, 100, 116.31, 31
nid008352,2026/05/03 15:53:18.721, 2, GPU-1d24ec01-d8bb-a3cf-73c2-7d6014d1dd4d, NVIDIA A100-SXM4-80GB, 74275, 81920, 100, 130.91, 33
nid008352,2026/05/03 15:53:18.722, 3, GPU-689a6e7c-a622-65fb-9f4d-887ba745f660, NVIDIA A100-SXM4-80GB, 74275, 81920, 31, 113.53, 31
nid008353,2026/05/03 15:53:19.535, 0, GPU-3ad85384-e7dd-8c9b-13da-56f54bf334d9, NVIDIA A100-SXM4-80GB, 75011, 81920, 13, 111.66, 34
nid008353,2026/05/03 15:53:19.538, 1, GPU-3d65dc3f-116a-1dd4-937c-6e4481a765b5, NVIDIA A100-SXM4-80GB, 75001, 81920, 17, 112.99, 31
nid008353,2026/05/03 15:53:19.540, 2, GPU-338e4806-c72e-e37a-4798-dc47c2f2de03, NVIDIA A100-SXM4-80GB, 75001, 81920, 44, 127.95, 34
nid008353,2026/05/03 15:53:19.541, 3, GPU-fec40d98-ea80-e220-a49c-31ccab4741af, NVIDIA A100-SXM4-80GB, 75001, 81920, 19, 127.08, 32
nid008352,2026/05/03 15:53:22.396, 0, GPU-c8e590fe-c1df-fb38-7bf3-9ed4364cf576, NVIDIA A100-SXM4-80GB, 74343, 81920, 56, 113.91, 34
nid008352,2026/05/03 15:53:22.399, 1, GPU-5efb5c1d-1cd8-daca-bd51-2f30d62f6e1e, NVIDIA A100-SXM4-80GB, 74275, 81920, 100, 116.03, 31
nid008352,2026/05/03 15:53:22.401, 2, GPU-1d24ec01-d8bb-a3cf-73c2-7d6014d1dd4d, NVIDIA A100-SXM4-80GB, 74275, 81920, 100, 117.47, 33
nid008352,2026/05/03 15:53:22.406, 3, GPU-689a6e7c-a622-65fb-9f4d-887ba745f660, NVIDIA A100-SXM4-80GB, 74275, 81920, 84, 118.27, 31
nid008353,2026/05/03 15:53:23.239, 0, GPU-3ad85384-e7dd-8c9b-13da-56f54bf334d9, NVIDIA A100-SXM4-80GB, 75011, 81920, 63, 138.78, 34
nid008353,2026/05/03 15:53:23.242, 1, GPU-3d65dc3f-116a-1dd4-937c-6e4481a765b5, NVIDIA A100-SXM4-80GB, 75001, 81920, 49, 128.87, 31
nid008353,2026/05/03 15:53:23.243, 2, GPU-338e4806-c72e-e37a-4798-dc47c2f2de03, NVIDIA A100-SXM4-80GB, 75001, 81920, 85, 115.75, 35
nid008353,2026/05/03 15:53:23.245, 3, GPU-fec40d98-ea80-e220-a49c-31ccab4741af, NVIDIA A100-SXM4-80GB, 75001, 81920, 5, 123.21, 32
nid008352,2026/05/03 15:53:26.129, 0, GPU-c8e590fe-c1df-fb38-7bf3-9ed4364cf576, NVIDIA A100-SXM4-80GB, 74343, 81920, 13, 113.11, 34
nid008352,2026/05/03 15:53:26.131, 1, GPU-5efb5c1d-1cd8-daca-bd51-2f30d62f6e1e, NVIDIA A100-SXM4-80GB, 74275, 81920, 100, 117.36, 31
nid008352,2026/05/03 15:53:26.133, 2, GPU-1d24ec01-d8bb-a3cf-73c2-7d6014d1dd4d, NVIDIA A100-SXM4-80GB, 74275, 81920, 94, 122.63, 33
nid008352,2026/05/03 15:53:26.135, 3, GPU-689a6e7c-a622-65fb-9f4d-887ba745f660, NVIDIA A100-SXM4-80GB, 74275, 81920, 34, 115.62, 31
nid008353,2026/05/03 15:53:26.984, 0, GPU-3ad85384-e7dd-8c9b-13da-56f54bf334d9, NVIDIA A100-SXM4-80GB, 75011, 81920, 1, 138.10, 34
nid008353,2026/05/03 15:53:26.987, 1, GPU-3d65dc3f-116a-1dd4-937c-6e4481a765b5, NVIDIA A100-SXM4-80GB, 75001, 81920, 91, 134.03, 32
nid008353,2026/05/03 15:53:26.988, 2, GPU-338e4806-c72e-e37a-4798-dc47c2f2de03, NVIDIA A100-SXM4-80GB, 75001, 81920, 79, 132.70, 35
nid008353,2026/05/03 15:53:26.990, 3, GPU-fec40d98-ea80-e220-a49c-31ccab4741af, NVIDIA A100-SXM4-80GB, 75001, 81920, 40, 110.87, 32
nid008352,2026/05/03 15:53:29.860, 0, GPU-c8e590fe-c1df-fb38-7bf3-9ed4364cf576, NVIDIA A100-SXM4-80GB, 74343, 81920, 43, 118.27, 34
nid008352,2026/05/03 15:53:29.867, 1, GPU-5efb5c1d-1cd8-daca-bd51-2f30d62f6e1e, NVIDIA A100-SXM4-80GB, 74275, 81920, 100, 114.17, 31
nid008352,2026/05/03 15:53:29.869, 2, GPU-1d24ec01-d8bb-a3cf-73c2-7d6014d1dd4d, NVIDIA A100-SXM4-80GB, 74275, 81920, 100, 119.31, 33
nid008352,2026/05/03 15:53:29.870, 3, GPU-689a6e7c-a622-65fb-9f4d-887ba745f660, NVIDIA A100-SXM4-80GB, 74275, 81920, 52, 109.43, 31
nid008353,2026/05/03 15:53:30.731, 0, GPU-3ad85384-e7dd-8c9b-13da-56f54bf334d9, NVIDIA A100-SXM4-80GB, 75011, 81920, 51, 134.27, 34
nid008353,2026/05/03 15:53:30.733, 1, GPU-3d65dc3f-116a-1dd4-937c-6e4481a765b5, NVIDIA A100-SXM4-80GB, 75001, 81920, 74, 141.04, 32
nid008353,2026/05/03 15:53:30.735, 2, GPU-338e4806-c72e-e37a-4798-dc47c2f2de03, NVIDIA A100-SXM4-80GB, 75001, 81920, 80, 124.26, 35
nid008353,2026/05/03 15:53:30.737, 3, GPU-fec40d98-ea80-e220-a49c-31ccab4741af, NVIDIA A100-SXM4-80GB, 75001, 81920, 8, 129.54, 32
nid008352,2026/05/03 15:53:33.672, 0, GPU-c8e590fe-c1df-fb38-7bf3-9ed4364cf576, NVIDIA A100-SXM4-80GB, 74343, 81920, 25, 125.80, 34
nid008352,2026/05/03 15:53:33.675, 1, GPU-5efb5c1d-1cd8-daca-bd51-2f30d62f6e1e, NVIDIA A100-SXM4-80GB, 74275, 81920, 100, 115.26, 31
nid008352,2026/05/03 15:53:33.677, 2, GPU-1d24ec01-d8bb-a3cf-73c2-7d6014d1dd4d, NVIDIA A100-SXM4-80GB, 74275, 81920, 100, 124.19, 33
nid008352,2026/05/03 15:53:33.678, 3, GPU-689a6e7c-a622-65fb-9f4d-887ba745f660, NVIDIA A100-SXM4-80GB, 74275, 81920, 92, 120.41, 31
nid008353,2026/05/03 15:53:34.555, 0, GPU-3ad85384-e7dd-8c9b-13da-56f54bf334d9, NVIDIA A100-SXM4-80GB, 75011, 81920, 13, 127.38, 33
nid008353,2026/05/03 15:53:34.557, 1, GPU-3d65dc3f-116a-1dd4-937c-6e4481a765b5, NVIDIA A100-SXM4-80GB, 75001, 81920, 75, 133.62, 31
nid008353,2026/05/03 15:53:34.559, 2, GPU-338e4806-c72e-e37a-4798-dc47c2f2de03, NVIDIA A100-SXM4-80GB, 75001, 81920, 69, 121.59, 35
nid008353,2026/05/03 15:53:34.560, 3, GPU-fec40d98-ea80-e220-a49c-31ccab4741af, NVIDIA A100-SXM4-80GB, 75001, 81920, 23, 113.41, 31
nid008352,2026/05/03 15:53:37.470, 0, GPU-c8e590fe-c1df-fb38-7bf3-9ed4364cf576, NVIDIA A100-SXM4-80GB, 74343, 81920, 85, 113.25, 34
nid008352,2026/05/03 15:53:37.473, 1, GPU-5efb5c1d-1cd8-daca-bd51-2f30d62f6e1e, NVIDIA A100-SXM4-80GB, 74275, 81920, 100, 114.59, 31
nid008352,2026/05/03 15:53:37.475, 2, GPU-1d24ec01-d8bb-a3cf-73c2-7d6014d1dd4d, NVIDIA A100-SXM4-80GB, 74275, 81920, 100, 123.67, 33
nid008352,2026/05/03 15:53:37.476, 3, GPU-689a6e7c-a622-65fb-9f4d-887ba745f660, NVIDIA A100-SXM4-80GB, 74275, 81920, 16, 110.07, 31
nid008353,2026/05/03 15:53:38.309, 0, GPU-3ad85384-e7dd-8c9b-13da-56f54bf334d9, NVIDIA A100-SXM4-80GB, 75011, 81920, 58, 133.06, 34
nid008353,2026/05/03 15:53:38.312, 1, GPU-3d65dc3f-116a-1dd4-937c-6e4481a765b5, NVIDIA A100-SXM4-80GB, 75001, 81920, 100, 137.73, 32
nid008353,2026/05/03 15:53:38.314, 2, GPU-338e4806-c72e-e37a-4798-dc47c2f2de03, NVIDIA A100-SXM4-80GB, 75001, 81920, 71, 141.67, 35
nid008353,2026/05/03 15:53:38.315, 3, GPU-fec40d98-ea80-e220-a49c-31ccab4741af, NVIDIA A100-SXM4-80GB, 75001, 81920, 46, 133.25, 32
nid008352,2026/05/03 15:53:41.171, 0, GPU-c8e590fe-c1df-fb38-7bf3-9ed4364cf576, NVIDIA A100-SXM4-80GB, 74343, 81920, 100, 113.91, 34
nid008352,2026/05/03 15:53:41.174, 1, GPU-5efb5c1d-1cd8-daca-bd51-2f30d62f6e1e, NVIDIA A100-SXM4-80GB, 74275, 81920, 100, 114.45, 31
nid008352,2026/05/03 15:53:41.176, 2, GPU-1d24ec01-d8bb-a3cf-73c2-7d6014d1dd4d, NVIDIA A100-SXM4-80GB, 74275, 81920, 100, 123.96, 33
nid008352,2026/05/03 15:53:41.177, 3, GPU-689a6e7c-a622-65fb-9f4d-887ba745f660, NVIDIA A100-SXM4-80GB, 74275, 81920, 2, 110.35, 31
nid008353,2026/05/03 15:53:42.008, 0, GPU-3ad85384-e7dd-8c9b-13da-56f54bf334d9, NVIDIA A100-SXM4-80GB, 75011, 81920, 82, 111.53, 33
nid008353,2026/05/03 15:53:42.010, 1, GPU-3d65dc3f-116a-1dd4-937c-6e4481a765b5, NVIDIA A100-SXM4-80GB, 75001, 81920, 99, 112.99, 31
nid008353,2026/05/03 15:53:42.012, 2, GPU-338e4806-c72e-e37a-4798-dc47c2f2de03, NVIDIA A100-SXM4-80GB, 75001, 81920, 85, 115.36, 34
nid008353,2026/05/03 15:53:42.014, 3, GPU-fec40d98-ea80-e220-a49c-31ccab4741af, NVIDIA A100-SXM4-80GB, 75001, 81920, 6, 110.87, 31
nid008352,2026/05/03 15:53:44.897, 0, GPU-c8e590fe-c1df-fb38-7bf3-9ed4364cf576, NVIDIA A100-SXM4-80GB, 74343, 81920, 100, 119.55, 34
nid008352,2026/05/03 15:53:44.900, 1, GPU-5efb5c1d-1cd8-daca-bd51-2f30d62f6e1e, NVIDIA A100-SXM4-80GB, 74275, 81920, 100, 133.91, 31
nid008352,2026/05/03 15:53:44.901, 2, GPU-1d24ec01-d8bb-a3cf-73c2-7d6014d1dd4d, NVIDIA A100-SXM4-80GB, 74275, 81920, 100, 114.96, 33
nid008352,2026/05/03 15:53:44.903, 3, GPU-689a6e7c-a622-65fb-9f4d-887ba745f660, NVIDIA A100-SXM4-80GB, 74275, 81920, 2, 109.43, 31
nid008353,2026/05/03 15:53:45.760, 0, GPU-3ad85384-e7dd-8c9b-13da-56f54bf334d9, NVIDIA A100-SXM4-80GB, 75011, 81920, 95, 137.73, 34
nid008353,2026/05/03 15:53:45.766, 1, GPU-3d65dc3f-116a-1dd4-937c-6e4481a765b5, NVIDIA A100-SXM4-80GB, 75001, 81920, 99, 132.94, 32
nid008353,2026/05/03 15:53:45.770, 2, GPU-338e4806-c72e-e37a-4798-dc47c2f2de03, NVIDIA A100-SXM4-80GB, 75001, 81920, 94, 118.18, 34
nid008353,2026/05/03 15:53:45.781, 3, GPU-fec40d98-ea80-e220-a49c-31ccab4741af, NVIDIA A100-SXM4-80GB, 75001, 81920, 45, 111.55, 31
nid008352,2026/05/03 15:53:48.679, 0, GPU-c8e590fe-c1df-fb38-7bf3-9ed4364cf576, NVIDIA A100-SXM4-80GB, 74343, 81920, 100, 120.78, 34
nid008352,2026/05/03 15:53:48.682, 1, GPU-5efb5c1d-1cd8-daca-bd51-2f30d62f6e1e, NVIDIA A100-SXM4-80GB, 74275, 81920, 100, 138.94, 31
nid008352,2026/05/03 15:53:48.683, 2, GPU-1d24ec01-d8bb-a3cf-73c2-7d6014d1dd4d, NVIDIA A100-SXM4-80GB, 74275, 81920, 100, 128.41, 33
nid008352,2026/05/03 15:53:48.685, 3, GPU-689a6e7c-a622-65fb-9f4d-887ba745f660, NVIDIA A100-SXM4-80GB, 74275, 81920, 3, 124.34, 31
nid008353,2026/05/03 15:53:49.543, 0, GPU-3ad85384-e7dd-8c9b-13da-56f54bf334d9, NVIDIA A100-SXM4-80GB, 75011, 81920, 80, 132.94, 34
nid008353,2026/05/03 15:53:49.546, 1, GPU-3d65dc3f-116a-1dd4-937c-6e4481a765b5, NVIDIA A100-SXM4-80GB, 75001, 81920, 99, 131.92, 32
nid008353,2026/05/03 15:53:49.548, 2, GPU-338e4806-c72e-e37a-4798-dc47c2f2de03, NVIDIA A100-SXM4-80GB, 75001, 81920, 97, 115.36, 34
nid008353,2026/05/03 15:53:49.550, 3, GPU-fec40d98-ea80-e220-a49c-31ccab4741af, NVIDIA A100-SXM4-80GB, 75001, 81920, 1, 111.27, 32
nid008352,2026/05/03 15:53:52.404, 0, GPU-c8e590fe-c1df-fb38-7bf3-9ed4364cf576, NVIDIA A100-SXM4-80GB, 74343, 81920, 65, 117.61, 34
nid008352,2026/05/03 15:53:52.407, 1, GPU-5efb5c1d-1cd8-daca-bd51-2f30d62f6e1e, NVIDIA A100-SXM4-80GB, 74275, 81920, 70, 124.55, 31
nid008352,2026/05/03 15:53:52.410, 2, GPU-1d24ec01-d8bb-a3cf-73c2-7d6014d1dd4d, NVIDIA A100-SXM4-80GB, 74275, 81920, 100, 123.67, 34
nid008352,2026/05/03 15:53:52.414, 3, GPU-689a6e7c-a622-65fb-9f4d-887ba745f660, NVIDIA A100-SXM4-80GB, 74275, 81920, 100, 109.67, 31
nid008353,2026/05/03 15:53:53.273, 0, GPU-3ad85384-e7dd-8c9b-13da-56f54bf334d9, NVIDIA A100-SXM4-80GB, 75011, 81920, 91, 135.60, 34
nid008353,2026/05/03 15:53:53.276, 1, GPU-3d65dc3f-116a-1dd4-937c-6e4481a765b5, NVIDIA A100-SXM4-80GB, 75001, 81920, 64, 145.66, 31
nid008353,2026/05/03 15:53:53.280, 2, GPU-338e4806-c72e-e37a-4798-dc47c2f2de03, NVIDIA A100-SXM4-80GB, 75001, 81920, 66, 116.18, 34
nid008353,2026/05/03 15:53:53.282, 3, GPU-fec40d98-ea80-e220-a49c-31ccab4741af, NVIDIA A100-SXM4-80GB, 75001, 81920, 100, 127.97, 32
nid008352,2026/05/03 15:53:56.157, 0, GPU-c8e590fe-c1df-fb38-7bf3-9ed4364cf576, NVIDIA A100-SXM4-80GB, 74343, 81920, 45, 120.41, 34
nid008352,2026/05/03 15:53:56.159, 1, GPU-5efb5c1d-1cd8-daca-bd51-2f30d62f6e1e, NVIDIA A100-SXM4-80GB, 74275, 81920, 100, 130.35, 31
nid008352,2026/05/03 15:53:56.161, 2, GPU-1d24ec01-d8bb-a3cf-73c2-7d6014d1dd4d, NVIDIA A100-SXM4-80GB, 74275, 81920, 100, 114.72, 33
nid008352,2026/05/03 15:53:56.163, 3, GPU-689a6e7c-a622-65fb-9f4d-887ba745f660, NVIDIA A100-SXM4-80GB, 74275, 81920, 100, 109.02, 31
nid008353,2026/05/03 15:53:56.990, 0, GPU-3ad85384-e7dd-8c9b-13da-56f54bf334d9, NVIDIA A100-SXM4-80GB, 75011, 81920, 10, 133.06, 34
nid008353,2026/05/03 15:53:56.992, 1, GPU-3d65dc3f-116a-1dd4-937c-6e4481a765b5, NVIDIA A100-SXM4-80GB, 75001, 81920, 91, 113.80, 31
nid008353,2026/05/03 15:53:56.994, 2, GPU-338e4806-c72e-e37a-4798-dc47c2f2de03, NVIDIA A100-SXM4-80GB, 75001, 81920, 72, 115.36, 34
nid008353,2026/05/03 15:53:56.996, 3, GPU-fec40d98-ea80-e220-a49c-31ccab4741af, NVIDIA A100-SXM4-80GB, 75001, 81920, 98, 118.69, 32
nid008352,2026/05/03 15:53:59.842, 0, GPU-c8e590fe-c1df-fb38-7bf3-9ed4364cf576, NVIDIA A100-SXM4-80GB, 74343, 81920, 100, 119.55, 34
nid008352,2026/05/03 15:53:59.845, 1, GPU-5efb5c1d-1cd8-daca-bd51-2f30d62f6e1e, NVIDIA A100-SXM4-80GB, 74275, 81920, 100, 114.45, 31
nid008352,2026/05/03 15:53:59.846, 2, GPU-1d24ec01-d8bb-a3cf-73c2-7d6014d1dd4d, NVIDIA A100-SXM4-80GB, 74275, 81920, 100, 118.13, 33
nid008352,2026/05/03 15:53:59.848, 3, GPU-689a6e7c-a622-65fb-9f4d-887ba745f660, NVIDIA A100-SXM4-80GB, 74275, 81920, 21, 109.43, 32
nid008353,2026/05/03 15:54:00.690, 0, GPU-3ad85384-e7dd-8c9b-13da-56f54bf334d9, NVIDIA A100-SXM4-80GB, 75011, 81920, 99, 112.04, 33
nid008353,2026/05/03 15:54:00.693, 1, GPU-3d65dc3f-116a-1dd4-937c-6e4481a765b5, NVIDIA A100-SXM4-80GB, 75001, 81920, 97, 125.82, 31
nid008353,2026/05/03 15:54:00.695, 2, GPU-338e4806-c72e-e37a-4798-dc47c2f2de03, NVIDIA A100-SXM4-80GB, 75001, 81920, 87, 115.79, 34
nid008353,2026/05/03 15:54:00.697, 3, GPU-fec40d98-ea80-e220-a49c-31ccab4741af, NVIDIA A100-SXM4-80GB, 75001, 81920, 2, 111.16, 31
nid008352,2026/05/03 15:54:03.602, 0, GPU-c8e590fe-c1df-fb38-7bf3-9ed4364cf576, NVIDIA A100-SXM4-80GB, 74343, 81920, 100, 115.76, 34
nid008352,2026/05/03 15:54:03.604, 1, GPU-5efb5c1d-1cd8-daca-bd51-2f30d62f6e1e, NVIDIA A100-SXM4-80GB, 74275, 81920, 12, 132.70, 31
nid008352,2026/05/03 15:54:03.606, 2, GPU-1d24ec01-d8bb-a3cf-73c2-7d6014d1dd4d, NVIDIA A100-SXM4-80GB, 74275, 81920, 90, 114.86, 33
nid008352,2026/05/03 15:54:03.608, 3, GPU-689a6e7c-a622-65fb-9f4d-887ba745f660, NVIDIA A100-SXM4-80GB, 74275, 81920, 100, 113.00, 31
nid008353,2026/05/03 15:54:04.465, 0, GPU-3ad85384-e7dd-8c9b-13da-56f54bf334d9, NVIDIA A100-SXM4-80GB, 75011, 81920, 57, 111.66, 33
nid008353,2026/05/03 15:54:04.469, 1, GPU-3d65dc3f-116a-1dd4-937c-6e4481a765b5, NVIDIA A100-SXM4-80GB, 75001, 81920, 87, 112.99, 31
nid008353,2026/05/03 15:54:04.475, 2, GPU-338e4806-c72e-e37a-4798-dc47c2f2de03, NVIDIA A100-SXM4-80GB, 75001, 81920, 46, 115.65, 34
nid008353,2026/05/03 15:54:04.480, 3, GPU-fec40d98-ea80-e220-a49c-31ccab4741af, NVIDIA A100-SXM4-80GB, 75001, 81920, 4, 111.16, 31
nid008352,2026/05/03 15:54:07.417, 0, GPU-c8e590fe-c1df-fb38-7bf3-9ed4364cf576, NVIDIA A100-SXM4-80GB, 74343, 81920, 67, 130.38, 34
nid008352,2026/05/03 15:54:07.420, 1, GPU-5efb5c1d-1cd8-daca-bd51-2f30d62f6e1e, NVIDIA A100-SXM4-80GB, 74275, 81920, 75, 129.83, 31
nid008352,2026/05/03 15:54:07.421, 2, GPU-1d24ec01-d8bb-a3cf-73c2-7d6014d1dd4d, NVIDIA A100-SXM4-80GB, 74275, 81920, 74, 128.02, 34
nid008352,2026/05/03 15:54:07.423, 3, GPU-689a6e7c-a622-65fb-9f4d-887ba745f660, NVIDIA A100-SXM4-80GB, 74275, 81920, 73, 126.47, 32
nid008353,2026/05/03 15:54:08.279, 0, GPU-3ad85384-e7dd-8c9b-13da-56f54bf334d9, NVIDIA A100-SXM4-80GB, 75011, 81920, 98, 128.19, 34
nid008353,2026/05/03 15:54:08.282, 1, GPU-3d65dc3f-116a-1dd4-937c-6e4481a765b5, NVIDIA A100-SXM4-80GB, 75001, 81920, 22, 114.32, 32
nid008353,2026/05/03 15:54:08.283, 2, GPU-338e4806-c72e-e37a-4798-dc47c2f2de03, NVIDIA A100-SXM4-80GB, 75001, 81920, 90, 130.85, 35
nid008353,2026/05/03 15:54:08.285, 3, GPU-fec40d98-ea80-e220-a49c-31ccab4741af, NVIDIA A100-SXM4-80GB, 75001, 81920, 9, 124.78, 32
nid008352,2026/05/03 15:54:11.136, 0, GPU-c8e590fe-c1df-fb38-7bf3-9ed4364cf576, NVIDIA A100-SXM4-80GB, 74343, 81920, 100, 113.76, 34
nid008352,2026/05/03 15:54:11.139, 1, GPU-5efb5c1d-1cd8-daca-bd51-2f30d62f6e1e, NVIDIA A100-SXM4-80GB, 74275, 81920, 17, 114.32, 31
nid008352,2026/05/03 15:54:11.141, 2, GPU-1d24ec01-d8bb-a3cf-73c2-7d6014d1dd4d, NVIDIA A100-SXM4-80GB, 74275, 81920, 100, 125.52, 33
nid008352,2026/05/03 15:54:11.143, 3, GPU-689a6e7c-a622-65fb-9f4d-887ba745f660, NVIDIA A100-SXM4-80GB, 74275, 81920, 83, 110.35, 31
nid008353,2026/05/03 15:54:11.968, 0, GPU-3ad85384-e7dd-8c9b-13da-56f54bf334d9, NVIDIA A100-SXM4-80GB, 75011, 81920, 98, 134.11, 34
nid008353,2026/05/03 15:54:11.971, 1, GPU-3d65dc3f-116a-1dd4-937c-6e4481a765b5, NVIDIA A100-SXM4-80GB, 75001, 81920, 21, 127.82, 31
nid008353,2026/05/03 15:54:11.972, 2, GPU-338e4806-c72e-e37a-4798-dc47c2f2de03, NVIDIA A100-SXM4-80GB, 75001, 81920, 100, 115.65, 34
nid008353,2026/05/03 15:54:11.974, 3, GPU-fec40d98-ea80-e220-a49c-31ccab4741af, NVIDIA A100-SXM4-80GB, 75001, 81920, 89, 111.27, 32
nid008352,2026/05/03 15:54:14.879, 0, GPU-c8e590fe-c1df-fb38-7bf3-9ed4364cf576, NVIDIA A100-SXM4-80GB, 74343, 81920, 100, 114.20, 34
nid008352,2026/05/03 15:54:14.882, 1, GPU-5efb5c1d-1cd8-daca-bd51-2f30d62f6e1e, NVIDIA A100-SXM4-80GB, 74275, 81920, 100, 115.89, 31
nid008352,2026/05/03 15:54:14.883, 2, GPU-1d24ec01-d8bb-a3cf-73c2-7d6014d1dd4d, NVIDIA A100-SXM4-80GB, 74275, 81920, 100, 114.44, 34
nid008352,2026/05/03 15:54:14.885, 3, GPU-689a6e7c-a622-65fb-9f4d-887ba745f660, NVIDIA A100-SXM4-80GB, 74275, 81920, 14, 119.83, 31
nid008353,2026/05/03 15:54:15.752, 0, GPU-3ad85384-e7dd-8c9b-13da-56f54bf334d9, NVIDIA A100-SXM4-80GB, 75011, 81920, 17, 111.81, 34
nid008353,2026/05/03 15:54:15.755, 1, GPU-3d65dc3f-116a-1dd4-937c-6e4481a765b5, NVIDIA A100-SXM4-80GB, 75001, 81920, 1, 113.51, 32
nid008353,2026/05/03 15:54:15.757, 2, GPU-338e4806-c72e-e37a-4798-dc47c2f2de03, NVIDIA A100-SXM4-80GB, 75001, 81920, 35, 154.63, 35
nid008353,2026/05/03 15:54:15.758, 3, GPU-fec40d98-ea80-e220-a49c-31ccab4741af, NVIDIA A100-SXM4-80GB, 75001, 81920, 8, 146.36, 32
nid008352,2026/05/03 15:54:18.645, 0, GPU-c8e590fe-c1df-fb38-7bf3-9ed4364cf576, NVIDIA A100-SXM4-80GB, 74343, 81920, 95, 123.67, 34
nid008352,2026/05/03 15:54:18.648, 1, GPU-5efb5c1d-1cd8-daca-bd51-2f30d62f6e1e, NVIDIA A100-SXM4-80GB, 74275, 81920, 24, 118.17, 31
nid008352,2026/05/03 15:54:18.649, 2, GPU-1d24ec01-d8bb-a3cf-73c2-7d6014d1dd4d, NVIDIA A100-SXM4-80GB, 74275, 81920, 79, 115.48, 34
nid008352,2026/05/03 15:54:18.651, 3, GPU-689a6e7c-a622-65fb-9f4d-887ba745f660, NVIDIA A100-SXM4-80GB, 74275, 81920, 88, 124.10, 32
nid008353,2026/05/03 15:54:19.502, 0, GPU-3ad85384-e7dd-8c9b-13da-56f54bf334d9, NVIDIA A100-SXM4-80GB, 75011, 81920, 30, 111.53, 33
nid008353,2026/05/03 15:54:19.505, 1, GPU-3d65dc3f-116a-1dd4-937c-6e4481a765b5, NVIDIA A100-SXM4-80GB, 75001, 81920, 80, 113.27, 31
nid008353,2026/05/03 15:54:19.507, 2, GPU-338e4806-c72e-e37a-4798-dc47c2f2de03, NVIDIA A100-SXM4-80GB, 75001, 81920, 96, 115.65, 34
nid008353,2026/05/03 15:54:19.508, 3, GPU-fec40d98-ea80-e220-a49c-31ccab4741af, NVIDIA A100-SXM4-80GB, 75001, 81920, 17, 111.16, 32
nid008352,2026/05/03 15:54:22.357, 0, GPU-c8e590fe-c1df-fb38-7bf3-9ed4364cf576, NVIDIA A100-SXM4-80GB, 74343, 81920, 100, 138.80, 34
nid008352,2026/05/03 15:54:22.360, 1, GPU-5efb5c1d-1cd8-daca-bd51-2f30d62f6e1e, NVIDIA A100-SXM4-80GB, 74275, 81920, 100, 118.69, 31
nid008352,2026/05/03 15:54:22.361, 2, GPU-1d24ec01-d8bb-a3cf-73c2-7d6014d1dd4d, NVIDIA A100-SXM4-80GB, 74275, 81920, 100, 115.76, 33
nid008352,2026/05/03 15:54:22.363, 3, GPU-689a6e7c-a622-65fb-9f4d-887ba745f660, NVIDIA A100-SXM4-80GB, 74275, 81920, 4, 109.96, 31
nid008353,2026/05/03 15:54:23.199, 0, GPU-3ad85384-e7dd-8c9b-13da-56f54bf334d9, NVIDIA A100-SXM4-80GB, 75011, 81920, 78, 111.66, 34
nid008353,2026/05/03 15:54:23.205, 1, GPU-3d65dc3f-116a-1dd4-937c-6e4481a765b5, NVIDIA A100-SXM4-80GB, 75001, 81920, 100, 113.12, 32
nid008353,2026/05/03 15:54:23.207, 2, GPU-338e4806-c72e-e37a-4798-dc47c2f2de03, NVIDIA A100-SXM4-80GB, 75001, 81920, 93, 115.51, 35
nid008353,2026/05/03 15:54:23.208, 3, GPU-fec40d98-ea80-e220-a49c-31ccab4741af, NVIDIA A100-SXM4-80GB, 75001, 81920, 25, 111.03, 31
nid008352,2026/05/03 15:54:26.074, 0, GPU-c8e590fe-c1df-fb38-7bf3-9ed4364cf576, NVIDIA A100-SXM4-80GB, 74343, 81920, 40, 112.87, 34
nid008352,2026/05/03 15:54:26.077, 1, GPU-5efb5c1d-1cd8-daca-bd51-2f30d62f6e1e, NVIDIA A100-SXM4-80GB, 74275, 81920, 100, 114.74, 31
nid008352,2026/05/03 15:54:26.078, 2, GPU-1d24ec01-d8bb-a3cf-73c2-7d6014d1dd4d, NVIDIA A100-SXM4-80GB, 74275, 81920, 86, 136.32, 33
nid008352,2026/05/03 15:54:26.080, 3, GPU-689a6e7c-a622-65fb-9f4d-887ba745f660, NVIDIA A100-SXM4-80GB, 74275, 81920, 42, 110.89, 32
nid008353,2026/05/03 15:54:26.916, 0, GPU-3ad85384-e7dd-8c9b-13da-56f54bf334d9, NVIDIA A100-SXM4-80GB, 75011, 81920, 13, 135.60, 34
nid008353,2026/05/03 15:54:26.919, 1, GPU-3d65dc3f-116a-1dd4-937c-6e4481a765b5, NVIDIA A100-SXM4-80GB, 75001, 81920, 51, 140.87, 32
nid008353,2026/05/03 15:54:26.920, 2, GPU-338e4806-c72e-e37a-4798-dc47c2f2de03, NVIDIA A100-SXM4-80GB, 75001, 81920, 47, 151.74, 35
nid008353,2026/05/03 15:54:26.922, 3, GPU-fec40d98-ea80-e220-a49c-31ccab4741af, NVIDIA A100-SXM4-80GB, 75001, 81920, 12, 142.65, 32
nid008352,2026/05/03 15:54:29.783, 0, GPU-c8e590fe-c1df-fb38-7bf3-9ed4364cf576, NVIDIA A100-SXM4-80GB, 74343, 81920, 51, 114.86, 34
nid008352,2026/05/03 15:54:29.787, 1, GPU-5efb5c1d-1cd8-daca-bd51-2f30d62f6e1e, NVIDIA A100-SXM4-80GB, 74275, 81920, 100, 117.64, 31
nid008352,2026/05/03 15:54:29.789, 2, GPU-1d24ec01-d8bb-a3cf-73c2-7d6014d1dd4d, NVIDIA A100-SXM4-80GB, 74275, 81920, 54, 118.41, 33
nid008352,2026/05/03 15:54:29.790, 3, GPU-689a6e7c-a622-65fb-9f4d-887ba745f660, NVIDIA A100-SXM4-80GB, 74275, 81920, 100, 119.83, 32
nid008353,2026/05/03 15:54:30.626, 0, GPU-3ad85384-e7dd-8c9b-13da-56f54bf334d9, NVIDIA A100-SXM4-80GB, 75011, 81920, 57, 118.41, 34
nid008353,2026/05/03 15:54:30.629, 1, GPU-3d65dc3f-116a-1dd4-937c-6e4481a765b5, NVIDIA A100-SXM4-80GB, 75001, 81920, 88, 129.24, 32
nid008353,2026/05/03 15:54:30.631, 2, GPU-338e4806-c72e-e37a-4798-dc47c2f2de03, NVIDIA A100-SXM4-80GB, 75001, 81920, 33, 147.51, 35
nid008353,2026/05/03 15:54:30.632, 3, GPU-fec40d98-ea80-e220-a49c-31ccab4741af, NVIDIA A100-SXM4-80GB, 75001, 81920, 33, 138.94, 32
nid008352,2026/05/03 15:54:33.496, 0, GPU-c8e590fe-c1df-fb38-7bf3-9ed4364cf576, NVIDIA A100-SXM4-80GB, 74343, 81920, 49, 118.13, 34
nid008352,2026/05/03 15:54:33.499, 1, GPU-5efb5c1d-1cd8-daca-bd51-2f30d62f6e1e, NVIDIA A100-SXM4-80GB, 74275, 81920, 100, 123.31, 31
nid008352,2026/05/03 15:54:33.501, 2, GPU-1d24ec01-d8bb-a3cf-73c2-7d6014d1dd4d, NVIDIA A100-SXM4-80GB, 74275, 81920, 48, 122.63, 33
nid008352,2026/05/03 15:54:33.502, 3, GPU-689a6e7c-a622-65fb-9f4d-887ba745f660, NVIDIA A100-SXM4-80GB, 74275, 81920, 100, 109.83, 32
nid008353,2026/05/03 15:54:34.333, 0, GPU-3ad85384-e7dd-8c9b-13da-56f54bf334d9, NVIDIA A100-SXM4-80GB, 75011, 81920, 47, 135.72, 34
nid008353,2026/05/03 15:54:34.339, 1, GPU-3d65dc3f-116a-1dd4-937c-6e4481a765b5, NVIDIA A100-SXM4-80GB, 75001, 81920, 92, 132.18, 32
nid008353,2026/05/03 15:54:34.343, 2, GPU-338e4806-c72e-e37a-4798-dc47c2f2de03, NVIDIA A100-SXM4-80GB, 75001, 81920, 0, 130.48, 35
nid008353,2026/05/03 15:54:34.348, 3, GPU-fec40d98-ea80-e220-a49c-31ccab4741af, NVIDIA A100-SXM4-80GB, 75001, 81920, 89, 115.92, 32
nid008352,2026/05/03 15:54:37.219, 0, GPU-c8e590fe-c1df-fb38-7bf3-9ed4364cf576, NVIDIA A100-SXM4-80GB, 74343, 81920, 90, 113.39, 34
nid008352,2026/05/03 15:54:37.222, 1, GPU-5efb5c1d-1cd8-daca-bd51-2f30d62f6e1e, NVIDIA A100-SXM4-80GB, 74275, 81920, 100, 114.74, 31
nid008352,2026/05/03 15:54:37.223, 2, GPU-1d24ec01-d8bb-a3cf-73c2-7d6014d1dd4d, NVIDIA A100-SXM4-80GB, 74275, 81920, 2, 137.64, 33
nid008352,2026/05/03 15:54:37.229, 3, GPU-689a6e7c-a622-65fb-9f4d-887ba745f660, NVIDIA A100-SXM4-80GB, 74275, 81920, 100, 110.20, 31
nid008353,2026/05/03 15:54:38.102, 0, GPU-3ad85384-e7dd-8c9b-13da-56f54bf334d9, NVIDIA A100-SXM4-80GB, 75011, 81920, 88, 126.10, 34
nid008353,2026/05/03 15:54:38.106, 1, GPU-3d65dc3f-116a-1dd4-937c-6e4481a765b5, NVIDIA A100-SXM4-80GB, 75001, 81920, 98, 122.26, 32
nid008353,2026/05/03 15:54:38.108, 2, GPU-338e4806-c72e-e37a-4798-dc47c2f2de03, NVIDIA A100-SXM4-80GB, 75001, 81920, 50, 146.18, 35
nid008353,2026/05/03 15:54:38.109, 3, GPU-fec40d98-ea80-e220-a49c-31ccab4741af, NVIDIA A100-SXM4-80GB, 75001, 81920, 62, 111.16, 32
nid008352,2026/05/03 15:54:40.969, 0, GPU-c8e590fe-c1df-fb38-7bf3-9ed4364cf576, NVIDIA A100-SXM4-80GB, 74343, 81920, 100, 117.46, 34
nid008352,2026/05/03 15:54:40.972, 1, GPU-5efb5c1d-1cd8-daca-bd51-2f30d62f6e1e, NVIDIA A100-SXM4-80GB, 74275, 81920, 100, 119.74, 31
nid008352,2026/05/03 15:54:40.973, 2, GPU-1d24ec01-d8bb-a3cf-73c2-7d6014d1dd4d, NVIDIA A100-SXM4-80GB, 74275, 81920, 4, 114.44, 34
nid008352,2026/05/03 15:54:40.975, 3, GPU-689a6e7c-a622-65fb-9f4d-887ba745f660, NVIDIA A100-SXM4-80GB, 74275, 81920, 100, 129.37, 31
nid008353,2026/05/03 15:54:41.796, 0, GPU-3ad85384-e7dd-8c9b-13da-56f54bf334d9, NVIDIA A100-SXM4-80GB, 75011, 81920, 100, 120.26, 34
nid008353,2026/05/03 15:54:41.798, 1, GPU-3d65dc3f-116a-1dd4-937c-6e4481a765b5, NVIDIA A100-SXM4-80GB, 75001, 81920, 100, 120.12, 32
nid008353,2026/05/03 15:54:41.800, 2, GPU-338e4806-c72e-e37a-4798-dc47c2f2de03, NVIDIA A100-SXM4-80GB, 75001, 81920, 6, 128.19, 35
nid008353,2026/05/03 15:54:41.802, 3, GPU-fec40d98-ea80-e220-a49c-31ccab4741af, NVIDIA A100-SXM4-80GB, 75001, 81920, 93, 114.45, 32
nid008352,2026/05/03 15:54:44.685, 0, GPU-c8e590fe-c1df-fb38-7bf3-9ed4364cf576, NVIDIA A100-SXM4-80GB, 74343, 81920, 100, 114.57, 34
nid008352,2026/05/03 15:54:44.689, 1, GPU-5efb5c1d-1cd8-daca-bd51-2f30d62f6e1e, NVIDIA A100-SXM4-80GB, 74275, 81920, 2, 114.45, 31
nid008352,2026/05/03 15:54:44.691, 2, GPU-1d24ec01-d8bb-a3cf-73c2-7d6014d1dd4d, NVIDIA A100-SXM4-80GB, 74275, 81920, 100, 114.44, 33
nid008352,2026/05/03 15:54:44.692, 3, GPU-689a6e7c-a622-65fb-9f4d-887ba745f660, NVIDIA A100-SXM4-80GB, 74275, 81920, 100, 111.14, 31
nid008353,2026/05/03 15:54:45.550, 0, GPU-3ad85384-e7dd-8c9b-13da-56f54bf334d9, NVIDIA A100-SXM4-80GB, 75011, 81920, 94, 111.79, 33
nid008353,2026/05/03 15:54:45.553, 1, GPU-3d65dc3f-116a-1dd4-937c-6e4481a765b5, NVIDIA A100-SXM4-80GB, 75001, 81920, 2, 113.12, 31
nid008353,2026/05/03 15:54:45.555, 2, GPU-338e4806-c72e-e37a-4798-dc47c2f2de03, NVIDIA A100-SXM4-80GB, 75001, 81920, 100, 115.36, 34
nid008353,2026/05/03 15:54:45.556, 3, GPU-fec40d98-ea80-e220-a49c-31ccab4741af, NVIDIA A100-SXM4-80GB, 75001, 81920, 80, 111.16, 31
nid008352,2026/05/03 15:54:48.420, 0, GPU-c8e590fe-c1df-fb38-7bf3-9ed4364cf576, NVIDIA A100-SXM4-80GB, 74343, 81920, 58, 134.99, 34
nid008352,2026/05/03 15:54:48.423, 1, GPU-5efb5c1d-1cd8-daca-bd51-2f30d62f6e1e, NVIDIA A100-SXM4-80GB, 74275, 81920, 17, 114.98, 31
nid008352,2026/05/03 15:54:48.424, 2, GPU-1d24ec01-d8bb-a3cf-73c2-7d6014d1dd4d, NVIDIA A100-SXM4-80GB, 74275, 81920, 100, 122.11, 34
nid008352,2026/05/03 15:54:48.426, 3, GPU-689a6e7c-a622-65fb-9f4d-887ba745f660, NVIDIA A100-SXM4-80GB, 74275, 81920, 100, 110.63, 32
nid008353,2026/05/03 15:54:49.264, 0, GPU-3ad85384-e7dd-8c9b-13da-56f54bf334d9, NVIDIA A100-SXM4-80GB, 75011, 81920, 10, 111.53, 34
nid008353,2026/05/03 15:54:49.266, 1, GPU-3d65dc3f-116a-1dd4-937c-6e4481a765b5, NVIDIA A100-SXM4-80GB, 75001, 81920, 92, 113.51, 31
nid008353,2026/05/03 15:54:49.268, 2, GPU-338e4806-c72e-e37a-4798-dc47c2f2de03, NVIDIA A100-SXM4-80GB, 75001, 81920, 52, 116.99, 35
nid008353,2026/05/03 15:54:49.269, 3, GPU-fec40d98-ea80-e220-a49c-31ccab4741af, NVIDIA A100-SXM4-80GB, 75001, 81920, 96, 109.93, 32
nid008352,2026/05/03 15:54:52.130, 0, GPU-c8e590fe-c1df-fb38-7bf3-9ed4364cf576, NVIDIA A100-SXM4-80GB, 74343, 81920, 1, 120.78, 34
nid008352,2026/05/03 15:54:52.133, 1, GPU-5efb5c1d-1cd8-daca-bd51-2f30d62f6e1e, NVIDIA A100-SXM4-80GB, 74275, 81920, 100, 118.03, 31
nid008352,2026/05/03 15:54:52.134, 2, GPU-1d24ec01-d8bb-a3cf-73c2-7d6014d1dd4d, NVIDIA A100-SXM4-80GB, 74275, 81920, 100, 114.72, 33
nid008352,2026/05/03 15:54:52.136, 3, GPU-689a6e7c-a622-65fb-9f4d-887ba745f660, NVIDIA A100-SXM4-80GB, 74275, 81920, 100, 109.43, 31
nid008353,2026/05/03 15:54:52.973, 0, GPU-3ad85384-e7dd-8c9b-13da-56f54bf334d9, NVIDIA A100-SXM4-80GB, 75011, 81920, 7, 111.53, 33
nid008353,2026/05/03 15:54:52.976, 1, GPU-3d65dc3f-116a-1dd4-937c-6e4481a765b5, NVIDIA A100-SXM4-80GB, 75001, 81920, 94, 113.51, 31
nid008353,2026/05/03 15:54:52.977, 2, GPU-338e4806-c72e-e37a-4798-dc47c2f2de03, NVIDIA A100-SXM4-80GB, 75001, 81920, 89, 115.65, 34
nid008353,2026/05/03 15:54:52.979, 3, GPU-fec40d98-ea80-e220-a49c-31ccab4741af, NVIDIA A100-SXM4-80GB, 75001, 81920, 88, 110.06, 32
nid008352,2026/05/03 15:54:55.857, 0, GPU-c8e590fe-c1df-fb38-7bf3-9ed4364cf576, NVIDIA A100-SXM4-80GB, 74343, 81920, 2, 115.24, 34
nid008352,2026/05/03 15:54:55.860, 1, GPU-5efb5c1d-1cd8-daca-bd51-2f30d62f6e1e, NVIDIA A100-SXM4-80GB, 74275, 81920, 100, 116.83, 31
nid008352,2026/05/03 15:54:55.861, 2, GPU-1d24ec01-d8bb-a3cf-73c2-7d6014d1dd4d, NVIDIA A100-SXM4-80GB, 74275, 81920, 100, 114.44, 34
nid008352,2026/05/03 15:54:55.863, 3, GPU-689a6e7c-a622-65fb-9f4d-887ba745f660, NVIDIA A100-SXM4-80GB, 74275, 81920, 100, 126.10, 31
nid008353,2026/05/03 15:54:56.723, 0, GPU-3ad85384-e7dd-8c9b-13da-56f54bf334d9, NVIDIA A100-SXM4-80GB, 75011, 81920, 5, 122.92, 34
nid008353,2026/05/03 15:54:56.725, 1, GPU-3d65dc3f-116a-1dd4-937c-6e4481a765b5, NVIDIA A100-SXM4-80GB, 75001, 81920, 81, 141.15, 31
nid008353,2026/05/03 15:54:56.727, 2, GPU-338e4806-c72e-e37a-4798-dc47c2f2de03, NVIDIA A100-SXM4-80GB, 75001, 81920, 81, 115.51, 35
nid008353,2026/05/03 15:54:56.728, 3, GPU-fec40d98-ea80-e220-a49c-31ccab4741af, NVIDIA A100-SXM4-80GB, 75001, 81920, 95, 134.06, 32
nid008352,2026/05/03 15:54:59.620, 0, GPU-c8e590fe-c1df-fb38-7bf3-9ed4364cf576, NVIDIA A100-SXM4-80GB, 74343, 81920, 32, 113.63, 34
nid008352,2026/05/03 15:54:59.623, 1, GPU-5efb5c1d-1cd8-daca-bd51-2f30d62f6e1e, NVIDIA A100-SXM4-80GB, 74275, 81920, 100, 114.98, 31
nid008352,2026/05/03 15:54:59.628, 2, GPU-1d24ec01-d8bb-a3cf-73c2-7d6014d1dd4d, NVIDIA A100-SXM4-80GB, 74275, 81920, 100, 115.24, 34
nid008352,2026/05/03 15:54:59.629, 3, GPU-689a6e7c-a622-65fb-9f4d-887ba745f660, NVIDIA A100-SXM4-80GB, 74275, 81920, 100, 109.67, 32
nid008353,2026/05/03 15:55:00.456, 0, GPU-3ad85384-e7dd-8c9b-13da-56f54bf334d9, NVIDIA A100-SXM4-80GB, 75011, 81920, 81, 213.88, 35
nid008353,2026/05/03 15:55:00.459, 1, GPU-3d65dc3f-116a-1dd4-937c-6e4481a765b5, NVIDIA A100-SXM4-80GB, 75001, 81920, 98, 192.49, 33
nid008353,2026/05/03 15:55:00.461, 2, GPU-338e4806-c72e-e37a-4798-dc47c2f2de03, NVIDIA A100-SXM4-80GB, 75001, 81920, 77, 115.75, 36
nid008353,2026/05/03 15:55:00.462, 3, GPU-fec40d98-ea80-e220-a49c-31ccab4741af, NVIDIA A100-SXM4-80GB, 75001, 81920, 89, 195.61, 34
nid008352,2026/05/03 15:55:03.371, 0, GPU-c8e590fe-c1df-fb38-7bf3-9ed4364cf576, NVIDIA A100-SXM4-80GB, 74343, 81920, 91, 133.15, 34
nid008352,2026/05/03 15:55:03.374, 1, GPU-5efb5c1d-1cd8-daca-bd51-2f30d62f6e1e, NVIDIA A100-SXM4-80GB, 74275, 81920, 38, 127.16, 31
nid008352,2026/05/03 15:55:03.376, 2, GPU-1d24ec01-d8bb-a3cf-73c2-7d6014d1dd4d, NVIDIA A100-SXM4-80GB, 74275, 81920, 71, 121.82, 34
nid008352,2026/05/03 15:55:03.378, 3, GPU-689a6e7c-a622-65fb-9f4d-887ba745f660, NVIDIA A100-SXM4-80GB, 74275, 81920, 97, 110.35, 32
nid008353,2026/05/03 15:55:04.252, 0, GPU-3ad85384-e7dd-8c9b-13da-56f54bf334d9, NVIDIA A100-SXM4-80GB, 75011, 81920, 46, 111.53, 34
nid008353,2026/05/03 15:55:04.254, 1, GPU-3d65dc3f-116a-1dd4-937c-6e4481a765b5, NVIDIA A100-SXM4-80GB, 75001, 81920, 19, 113.27, 31
nid008353,2026/05/03 15:55:04.256, 2, GPU-338e4806-c72e-e37a-4798-dc47c2f2de03, NVIDIA A100-SXM4-80GB, 75001, 81920, 69, 115.51, 35
nid008353,2026/05/03 15:55:04.257, 3, GPU-fec40d98-ea80-e220-a49c-31ccab4741af, NVIDIA A100-SXM4-80GB, 75001, 81920, 50, 110.35, 32
nid008352,2026/05/03 15:55:07.146, 0, GPU-c8e590fe-c1df-fb38-7bf3-9ed4364cf576, NVIDIA A100-SXM4-80GB, 74343, 81920, 73, 130.38, 34
nid008352,2026/05/03 15:55:07.153, 1, GPU-5efb5c1d-1cd8-daca-bd51-2f30d62f6e1e, NVIDIA A100-SXM4-80GB, 74275, 81920, 95, 126.25, 31
nid008352,2026/05/03 15:55:07.159, 2, GPU-1d24ec01-d8bb-a3cf-73c2-7d6014d1dd4d, NVIDIA A100-SXM4-80GB, 74275, 81920, 69, 120.50, 34
nid008352,2026/05/03 15:55:07.163, 3, GPU-689a6e7c-a622-65fb-9f4d-887ba745f660, NVIDIA A100-SXM4-80GB, 74275, 81920, 52, 119.08, 32
nid008353,2026/05/03 15:55:08.073, 0, GPU-3ad85384-e7dd-8c9b-13da-56f54bf334d9, NVIDIA A100-SXM4-80GB, 75011, 81920, 42, 143.07, 34
nid008353,2026/05/03 15:55:08.075, 1, GPU-3d65dc3f-116a-1dd4-937c-6e4481a765b5, NVIDIA A100-SXM4-80GB, 75001, 81920, 63, 143.53, 32
nid008353,2026/05/03 15:55:08.077, 2, GPU-338e4806-c72e-e37a-4798-dc47c2f2de03, NVIDIA A100-SXM4-80GB, 75001, 81920, 9, 149.54, 35
nid008353,2026/05/03 15:55:08.078, 3, GPU-fec40d98-ea80-e220-a49c-31ccab4741af, NVIDIA A100-SXM4-80GB, 75001, 81920, 23, 111.27, 32
nid008352,2026/05/03 15:55:11.053, 0, GPU-c8e590fe-c1df-fb38-7bf3-9ed4364cf576, NVIDIA A100-SXM4-80GB, 74343, 81920, 2, 112.87, 34
nid008352,2026/05/03 15:55:11.056, 1, GPU-5efb5c1d-1cd8-daca-bd51-2f30d62f6e1e, NVIDIA A100-SXM4-80GB, 74275, 81920, 100, 124.55, 31
nid008352,2026/05/03 15:55:11.057, 2, GPU-1d24ec01-d8bb-a3cf-73c2-7d6014d1dd4d, NVIDIA A100-SXM4-80GB, 74275, 81920, 100, 119.03, 34
nid008352,2026/05/03 15:55:11.059, 3, GPU-689a6e7c-a622-65fb-9f4d-887ba745f660, NVIDIA A100-SXM4-80GB, 74275, 81920, 100, 109.67, 32
nid008353,2026/05/03 15:55:11.942, 0, GPU-3ad85384-e7dd-8c9b-13da-56f54bf334d9, NVIDIA A100-SXM4-80GB, 75011, 81920, 89, 111.42, 33
nid008353,2026/05/03 15:55:11.945, 1, GPU-3d65dc3f-116a-1dd4-937c-6e4481a765b5, NVIDIA A100-SXM4-80GB, 75001, 81920, 97, 113.41, 31
nid008353,2026/05/03 15:55:11.946, 2, GPU-338e4806-c72e-e37a-4798-dc47c2f2de03, NVIDIA A100-SXM4-80GB, 75001, 81920, 29, 115.23, 34
nid008353,2026/05/03 15:55:11.948, 3, GPU-fec40d98-ea80-e220-a49c-31ccab4741af, NVIDIA A100-SXM4-80GB, 75001, 81920, 88, 111.16, 32
nid008352,2026/05/03 15:55:15.118, 0, GPU-c8e590fe-c1df-fb38-7bf3-9ed4364cf576, NVIDIA A100-SXM4-80GB, 74343, 81920, 78, 113.11, 34
nid008352,2026/05/03 15:55:15.121, 1, GPU-5efb5c1d-1cd8-daca-bd51-2f30d62f6e1e, NVIDIA A100-SXM4-80GB, 74275, 81920, 100, 114.45, 31
nid008352,2026/05/03 15:55:15.123, 2, GPU-1d24ec01-d8bb-a3cf-73c2-7d6014d1dd4d, NVIDIA A100-SXM4-80GB, 74275, 81920, 2, 119.46, 33
nid008352,2026/05/03 15:55:15.124, 3, GPU-689a6e7c-a622-65fb-9f4d-887ba745f660, NVIDIA A100-SXM4-80GB, 74275, 81920, 100, 109.83, 31
nid008353,2026/05/03 15:55:16.159, 0, GPU-3ad85384-e7dd-8c9b-13da-56f54bf334d9, NVIDIA A100-SXM4-80GB, 75011, 81920, 26, 111.29, 33
nid008353,2026/05/03 15:55:16.161, 1, GPU-3d65dc3f-116a-1dd4-937c-6e4481a765b5, NVIDIA A100-SXM4-80GB, 75001, 81920, 79, 112.99, 31
nid008353,2026/05/03 15:55:16.163, 2, GPU-338e4806-c72e-e37a-4798-dc47c2f2de03, NVIDIA A100-SXM4-80GB, 75001, 81920, 89, 115.36, 34
nid008353,2026/05/03 15:55:16.165, 3, GPU-fec40d98-ea80-e220-a49c-31ccab4741af, NVIDIA A100-SXM4-80GB, 75001, 81920, 57, 111.03, 32
nid008352,2026/05/03 15:55:19.189, 0, GPU-c8e590fe-c1df-fb38-7bf3-9ed4364cf576, NVIDIA A100-SXM4-80GB, 74343, 81920, 100, 113.25, 34
nid008352,2026/05/03 15:55:19.192, 1, GPU-5efb5c1d-1cd8-daca-bd51-2f30d62f6e1e, NVIDIA A100-SXM4-80GB, 74275, 81920, 100, 114.88, 31
nid008352,2026/05/03 15:55:19.193, 2, GPU-1d24ec01-d8bb-a3cf-73c2-7d6014d1dd4d, NVIDIA A100-SXM4-80GB, 74275, 81920, 2, 117.89, 33
nid008352,2026/05/03 15:55:19.195, 3, GPU-689a6e7c-a622-65fb-9f4d-887ba745f660, NVIDIA A100-SXM4-80GB, 74275, 81920, 100, 109.54, 31
nid008353,2026/05/03 15:55:20.218, 0, GPU-3ad85384-e7dd-8c9b-13da-56f54bf334d9, NVIDIA A100-SXM4-80GB, 75011, 81920, 68, 112.18, 34
nid008353,2026/05/03 15:55:20.221, 1, GPU-3d65dc3f-116a-1dd4-937c-6e4481a765b5, NVIDIA A100-SXM4-80GB, 75001, 81920, 98, 114.04, 31
nid008353,2026/05/03 15:55:20.223, 2, GPU-338e4806-c72e-e37a-4798-dc47c2f2de03, NVIDIA A100-SXM4-80GB, 75001, 81920, 82, 136.64, 35
nid008353,2026/05/03 15:55:20.224, 3, GPU-fec40d98-ea80-e220-a49c-31ccab4741af, NVIDIA A100-SXM4-80GB, 75001, 81920, 38, 124.26, 32
nid008352,2026/05/03 15:55:23.181, 0, GPU-c8e590fe-c1df-fb38-7bf3-9ed4364cf576, NVIDIA A100-SXM4-80GB, 74343, 81920, 86, 113.39, 34
nid008352,2026/05/03 15:55:23.187, 1, GPU-5efb5c1d-1cd8-daca-bd51-2f30d62f6e1e, NVIDIA A100-SXM4-80GB, 74275, 81920, 100, 114.74, 31
nid008352,2026/05/03 15:55:23.192, 2, GPU-1d24ec01-d8bb-a3cf-73c2-7d6014d1dd4d, NVIDIA A100-SXM4-80GB, 74275, 81920, 3, 127.08, 33
nid008352,2026/05/03 15:55:23.194, 3, GPU-689a6e7c-a622-65fb-9f4d-887ba745f660, NVIDIA A100-SXM4-80GB, 74275, 81920, 100, 111.14, 32
nid008353,2026/05/03 15:55:24.232, 0, GPU-3ad85384-e7dd-8c9b-13da-56f54bf334d9, NVIDIA A100-SXM4-80GB, 75011, 81920, 59, 111.66, 33
nid008353,2026/05/03 15:55:24.235, 1, GPU-3d65dc3f-116a-1dd4-937c-6e4481a765b5, NVIDIA A100-SXM4-80GB, 75001, 81920, 71, 113.27, 31
nid008353,2026/05/03 15:55:24.237, 2, GPU-338e4806-c72e-e37a-4798-dc47c2f2de03, NVIDIA A100-SXM4-80GB, 75001, 81920, 0, 115.65, 34
nid008353,2026/05/03 15:55:24.238, 3, GPU-fec40d98-ea80-e220-a49c-31ccab4741af, NVIDIA A100-SXM4-80GB, 75001, 81920, 41, 111.16, 32
nid008352,2026/05/03 15:55:27.161, 0, GPU-c8e590fe-c1df-fb38-7bf3-9ed4364cf576, NVIDIA A100-SXM4-80GB, 74343, 81920, 100, 128.17, 34
nid008352,2026/05/03 15:55:27.164, 1, GPU-5efb5c1d-1cd8-daca-bd51-2f30d62f6e1e, NVIDIA A100-SXM4-80GB, 74275, 81920, 98, 137.09, 31
nid008352,2026/05/03 15:55:27.166, 2, GPU-1d24ec01-d8bb-a3cf-73c2-7d6014d1dd4d, NVIDIA A100-SXM4-80GB, 74275, 81920, 25, 120.50, 34
nid008352,2026/05/03 15:55:27.167, 3, GPU-689a6e7c-a622-65fb-9f4d-887ba745f660, NVIDIA A100-SXM4-80GB, 74275, 81920, 70, 113.25, 32
nid008353,2026/05/03 15:55:28.109, 0, GPU-3ad85384-e7dd-8c9b-13da-56f54bf334d9, NVIDIA A100-SXM4-80GB, 75011, 81920, 100, 111.94, 34
nid008353,2026/05/03 15:55:28.112, 1, GPU-3d65dc3f-116a-1dd4-937c-6e4481a765b5, NVIDIA A100-SXM4-80GB, 75001, 81920, 91, 113.80, 32
nid008353,2026/05/03 15:55:28.113, 2, GPU-338e4806-c72e-e37a-4798-dc47c2f2de03, NVIDIA A100-SXM4-80GB, 75001, 81920, 53, 121.21, 35
nid008353,2026/05/03 15:55:28.115, 3, GPU-fec40d98-ea80-e220-a49c-31ccab4741af, NVIDIA A100-SXM4-80GB, 75001, 81920, 76, 130.87, 32
nid008352,2026/05/03 15:55:31.098, 0, GPU-c8e590fe-c1df-fb38-7bf3-9ed4364cf576, NVIDIA A100-SXM4-80GB, 74343, 81920, 100, 115.48, 34
nid008352,2026/05/03 15:55:31.103, 1, GPU-5efb5c1d-1cd8-daca-bd51-2f30d62f6e1e, NVIDIA A100-SXM4-80GB, 74275, 81920, 100, 118.83, 31
nid008352,2026/05/03 15:55:31.105, 2, GPU-1d24ec01-d8bb-a3cf-73c2-7d6014d1dd4d, NVIDIA A100-SXM4-80GB, 74275, 81920, 4, 114.57, 34
nid008352,2026/05/03 15:55:31.107, 3, GPU-689a6e7c-a622-65fb-9f4d-887ba745f660, NVIDIA A100-SXM4-80GB, 74275, 81920, 70, 136.24, 31
nid008353,2026/05/03 15:55:32.044, 0, GPU-3ad85384-e7dd-8c9b-13da-56f54bf334d9, NVIDIA A100-SXM4-80GB, 75011, 81920, 39, 111.42, 34
nid008353,2026/05/03 15:55:32.047, 1, GPU-3d65dc3f-116a-1dd4-937c-6e4481a765b5, NVIDIA A100-SXM4-80GB, 75001, 81920, 89, 113.27, 31
nid008353,2026/05/03 15:55:32.049, 2, GPU-338e4806-c72e-e37a-4798-dc47c2f2de03, NVIDIA A100-SXM4-80GB, 75001, 81920, 0, 115.36, 34
nid008353,2026/05/03 15:55:32.051, 3, GPU-fec40d98-ea80-e220-a49c-31ccab4741af, NVIDIA A100-SXM4-80GB, 75001, 81920, 4, 117.26, 32
nid008352,2026/05/03 15:55:35.010, 0, GPU-c8e590fe-c1df-fb38-7bf3-9ed4364cf576, NVIDIA A100-SXM4-80GB, 74343, 81920, 100, 113.76, 34
nid008352,2026/05/03 15:55:35.013, 1, GPU-5efb5c1d-1cd8-daca-bd51-2f30d62f6e1e, NVIDIA A100-SXM4-80GB, 74275, 81920, 100, 115.40, 31
nid008352,2026/05/03 15:55:35.015, 2, GPU-1d24ec01-d8bb-a3cf-73c2-7d6014d1dd4d, NVIDIA A100-SXM4-80GB, 74275, 81920, 2, 135.64, 33
nid008352,2026/05/03 15:55:35.016, 3, GPU-689a6e7c-a622-65fb-9f4d-887ba745f660, NVIDIA A100-SXM4-80GB, 74275, 81920, 90, 114.34, 31
nid008353,2026/05/03 15:55:35.926, 0, GPU-3ad85384-e7dd-8c9b-13da-56f54bf334d9, NVIDIA A100-SXM4-80GB, 75011, 81920, 13, 112.18, 34
nid008353,2026/05/03 15:55:35.929, 1, GPU-3d65dc3f-116a-1dd4-937c-6e4481a765b5, NVIDIA A100-SXM4-80GB, 75001, 81920, 85, 113.27, 31
nid008353,2026/05/03 15:55:35.931, 2, GPU-338e4806-c72e-e37a-4798-dc47c2f2de03, NVIDIA A100-SXM4-80GB, 75001, 81920, 77, 115.65, 34
nid008353,2026/05/03 15:55:35.933, 3, GPU-fec40d98-ea80-e220-a49c-31ccab4741af, NVIDIA A100-SXM4-80GB, 75001, 81920, 37, 111.16, 32
nid008352,2026/05/03 15:55:38.868, 0, GPU-c8e590fe-c1df-fb38-7bf3-9ed4364cf576, NVIDIA A100-SXM4-80GB, 74343, 81920, 100, 113.63, 34
nid008352,2026/05/03 15:55:38.871, 1, GPU-5efb5c1d-1cd8-daca-bd51-2f30d62f6e1e, NVIDIA A100-SXM4-80GB, 74275, 81920, 100, 115.50, 31
nid008352,2026/05/03 15:55:38.873, 2, GPU-1d24ec01-d8bb-a3cf-73c2-7d6014d1dd4d, NVIDIA A100-SXM4-80GB, 74275, 81920, 16, 122.87, 34
nid008352,2026/05/03 15:55:38.874, 3, GPU-689a6e7c-a622-65fb-9f4d-887ba745f660, NVIDIA A100-SXM4-80GB, 74275, 81920, 85, 118.55, 31
nid008353,2026/05/03 15:55:39.745, 0, GPU-3ad85384-e7dd-8c9b-13da-56f54bf334d9, NVIDIA A100-SXM4-80GB, 75011, 81920, 91, 111.53, 33
nid008353,2026/05/03 15:55:39.748, 1, GPU-3d65dc3f-116a-1dd4-937c-6e4481a765b5, NVIDIA A100-SXM4-80GB, 75001, 81920, 19, 112.99, 31
nid008353,2026/05/03 15:55:39.749, 2, GPU-338e4806-c72e-e37a-4798-dc47c2f2de03, NVIDIA A100-SXM4-80GB, 75001, 81920, 90, 115.36, 34
nid008353,2026/05/03 15:55:39.751, 3, GPU-fec40d98-ea80-e220-a49c-31ccab4741af, NVIDIA A100-SXM4-80GB, 75001, 81920, 46, 110.87, 32
nid008352,2026/05/03 15:55:42.811, 0, GPU-c8e590fe-c1df-fb38-7bf3-9ed4364cf576, NVIDIA A100-SXM4-80GB, 74343, 81920, 100, 125.52, 34
nid008352,2026/05/03 15:55:42.814, 1, GPU-5efb5c1d-1cd8-daca-bd51-2f30d62f6e1e, NVIDIA A100-SXM4-80GB, 74275, 81920, 100, 122.78, 31
nid008352,2026/05/03 15:55:42.815, 2, GPU-1d24ec01-d8bb-a3cf-73c2-7d6014d1dd4d, NVIDIA A100-SXM4-80GB, 74275, 81920, 100, 114.58, 33
nid008352,2026/05/03 15:55:42.817, 3, GPU-689a6e7c-a622-65fb-9f4d-887ba745f660, NVIDIA A100-SXM4-80GB, 74275, 81920, 5, 109.15, 31
nid008353,2026/05/03 15:55:43.772, 0, GPU-3ad85384-e7dd-8c9b-13da-56f54bf334d9, NVIDIA A100-SXM4-80GB, 75011, 81920, 72, 111.42, 34
nid008353,2026/05/03 15:55:43.775, 1, GPU-3d65dc3f-116a-1dd4-937c-6e4481a765b5, NVIDIA A100-SXM4-80GB, 75001, 81920, 65, 113.12, 31
nid008353,2026/05/03 15:55:43.776, 2, GPU-338e4806-c72e-e37a-4798-dc47c2f2de03, NVIDIA A100-SXM4-80GB, 75001, 81920, 93, 118.18, 34
nid008353,2026/05/03 15:55:43.778, 3, GPU-fec40d98-ea80-e220-a49c-31ccab4741af, NVIDIA A100-SXM4-80GB, 75001, 81920, 15, 111.16, 32
nid008352,2026/05/03 15:55:46.823, 0, GPU-c8e590fe-c1df-fb38-7bf3-9ed4364cf576, NVIDIA A100-SXM4-80GB, 74343, 81920, 100, 115.10, 34
nid008352,2026/05/03 15:55:46.825, 1, GPU-5efb5c1d-1cd8-daca-bd51-2f30d62f6e1e, NVIDIA A100-SXM4-80GB, 74275, 81920, 100, 116.60, 31
nid008352,2026/05/03 15:55:46.827, 2, GPU-1d24ec01-d8bb-a3cf-73c2-7d6014d1dd4d, NVIDIA A100-SXM4-80GB, 74275, 81920, 89, 114.96, 33
nid008352,2026/05/03 15:55:46.828, 3, GPU-689a6e7c-a622-65fb-9f4d-887ba745f660, NVIDIA A100-SXM4-80GB, 74275, 81920, 2, 123.82, 31
nid008353,2026/05/03 15:55:47.779, 0, GPU-3ad85384-e7dd-8c9b-13da-56f54bf334d9, NVIDIA A100-SXM4-80GB, 75011, 81920, 36, 111.81, 34
nid008353,2026/05/03 15:55:47.785, 1, GPU-3d65dc3f-116a-1dd4-937c-6e4481a765b5, NVIDIA A100-SXM4-80GB, 75001, 81920, 94, 134.27, 32
nid008353,2026/05/03 15:55:47.793, 2, GPU-338e4806-c72e-e37a-4798-dc47c2f2de03, NVIDIA A100-SXM4-80GB, 75001, 81920, 38, 146.18, 35
nid008353,2026/05/03 15:55:47.799, 3, GPU-fec40d98-ea80-e220-a49c-31ccab4741af, NVIDIA A100-SXM4-80GB, 75001, 81920, 0, 141.49, 32
nid008352,2026/05/03 15:55:50.744, 0, GPU-c8e590fe-c1df-fb38-7bf3-9ed4364cf576, NVIDIA A100-SXM4-80GB, 74343, 81920, 72, 128.93, 34
nid008352,2026/05/03 15:55:50.747, 1, GPU-5efb5c1d-1cd8-daca-bd51-2f30d62f6e1e, NVIDIA A100-SXM4-80GB, 74275, 81920, 13, 124.11, 31
nid008352,2026/05/03 15:55:50.749, 2, GPU-1d24ec01-d8bb-a3cf-73c2-7d6014d1dd4d, NVIDIA A100-SXM4-80GB, 74275, 81920, 100, 129.21, 34
nid008352,2026/05/03 15:55:50.751, 3, GPU-689a6e7c-a622-65fb-9f4d-887ba745f660, NVIDIA A100-SXM4-80GB, 74275, 81920, 82, 113.76, 32
nid008353,2026/05/03 15:55:51.672, 0, GPU-3ad85384-e7dd-8c9b-13da-56f54bf334d9, NVIDIA A100-SXM4-80GB, 75011, 81920, 20, 111.66, 33
nid008353,2026/05/03 15:55:51.675, 1, GPU-3d65dc3f-116a-1dd4-937c-6e4481a765b5, NVIDIA A100-SXM4-80GB, 75001, 81920, 0, 113.27, 31
nid008353,2026/05/03 15:55:51.676, 2, GPU-338e4806-c72e-e37a-4798-dc47c2f2de03, NVIDIA A100-SXM4-80GB, 75001, 81920, 98, 115.75, 34
nid008353,2026/05/03 15:55:51.678, 3, GPU-fec40d98-ea80-e220-a49c-31ccab4741af, NVIDIA A100-SXM4-80GB, 75001, 81920, 78, 111.27, 32
nid008352,2026/05/03 15:55:54.640, 0, GPU-c8e590fe-c1df-fb38-7bf3-9ed4364cf576, NVIDIA A100-SXM4-80GB, 74343, 81920, 100, 115.37, 35
nid008352,2026/05/03 15:55:54.642, 1, GPU-5efb5c1d-1cd8-daca-bd51-2f30d62f6e1e, NVIDIA A100-SXM4-80GB, 74275, 81920, 64, 114.98, 32
nid008352,2026/05/03 15:55:54.644, 2, GPU-1d24ec01-d8bb-a3cf-73c2-7d6014d1dd4d, NVIDIA A100-SXM4-80GB, 74275, 81920, 100, 139.84, 36
nid008352,2026/05/03 15:55:54.646, 3, GPU-689a6e7c-a622-65fb-9f4d-887ba745f660, NVIDIA A100-SXM4-80GB, 74275, 81920, 100, 115.90, 33
nid008353,2026/05/03 15:55:55.586, 0, GPU-3ad85384-e7dd-8c9b-13da-56f54bf334d9, NVIDIA A100-SXM4-80GB, 75011, 81920, 99, 111.94, 34
nid008353,2026/05/03 15:55:55.589, 1, GPU-3d65dc3f-116a-1dd4-937c-6e4481a765b5, NVIDIA A100-SXM4-80GB, 75001, 81920, 100, 113.51, 32
nid008353,2026/05/03 15:55:55.592, 2, GPU-338e4806-c72e-e37a-4798-dc47c2f2de03, NVIDIA A100-SXM4-80GB, 75001, 81920, 62, 117.22, 35
nid008353,2026/05/03 15:55:55.594, 3, GPU-fec40d98-ea80-e220-a49c-31ccab4741af, NVIDIA A100-SXM4-80GB, 75001, 81920, 100, 111.69, 32
nid008352,2026/05/03 15:55:58.540, 0, GPU-c8e590fe-c1df-fb38-7bf3-9ed4364cf576, NVIDIA A100-SXM4-80GB, 74343, 81920, 100, 129.49, 34
nid008352,2026/05/03 15:55:58.545, 1, GPU-5efb5c1d-1cd8-daca-bd51-2f30d62f6e1e, NVIDIA A100-SXM4-80GB, 74275, 81920, 100, 132.86, 31
nid008352,2026/05/03 15:55:58.550, 2, GPU-1d24ec01-d8bb-a3cf-73c2-7d6014d1dd4d, NVIDIA A100-SXM4-80GB, 74275, 81920, 2, 129.21, 34
nid008352,2026/05/03 15:55:58.556, 3, GPU-689a6e7c-a622-65fb-9f4d-887ba745f660, NVIDIA A100-SXM4-80GB, 74275, 81920, 98, 115.23, 32
nid008353,2026/05/03 15:55:59.454, 0, GPU-3ad85384-e7dd-8c9b-13da-56f54bf334d9, NVIDIA A100-SXM4-80GB, 75011, 81920, 84, 111.94, 34
nid008353,2026/05/03 15:55:59.457, 1, GPU-3d65dc3f-116a-1dd4-937c-6e4481a765b5, NVIDIA A100-SXM4-80GB, 75001, 81920, 70, 113.51, 32
nid008353,2026/05/03 15:55:59.459, 2, GPU-338e4806-c72e-e37a-4798-dc47c2f2de03, NVIDIA A100-SXM4-80GB, 75001, 81920, 6, 115.89, 35
nid008353,2026/05/03 15:55:59.460, 3, GPU-fec40d98-ea80-e220-a49c-31ccab4741af, NVIDIA A100-SXM4-80GB, 75001, 81920, 90, 131.68, 32
nid008352,2026/05/03 15:56:02.467, 0, GPU-c8e590fe-c1df-fb38-7bf3-9ed4364cf576, NVIDIA A100-SXM4-80GB, 74343, 81920, 44, 128.93, 34
nid008352,2026/05/03 15:56:02.470, 1, GPU-5efb5c1d-1cd8-daca-bd51-2f30d62f6e1e, NVIDIA A100-SXM4-80GB, 74275, 81920, 73, 134.87, 31
nid008352,2026/05/03 15:56:02.471, 2, GPU-1d24ec01-d8bb-a3cf-73c2-7d6014d1dd4d, NVIDIA A100-SXM4-80GB, 74275, 81920, 100, 114.96, 34
nid008352,2026/05/03 15:56:02.473, 3, GPU-689a6e7c-a622-65fb-9f4d-887ba745f660, NVIDIA A100-SXM4-80GB, 74275, 81920, 100, 115.37, 32
nid008353,2026/05/03 15:56:03.429, 0, GPU-3ad85384-e7dd-8c9b-13da-56f54bf334d9, NVIDIA A100-SXM4-80GB, 75011, 81920, 48, 111.53, 34
nid008353,2026/05/03 15:56:03.432, 1, GPU-3d65dc3f-116a-1dd4-937c-6e4481a765b5, NVIDIA A100-SXM4-80GB, 75001, 81920, 16, 113.27, 31
nid008353,2026/05/03 15:56:03.433, 2, GPU-338e4806-c72e-e37a-4798-dc47c2f2de03, NVIDIA A100-SXM4-80GB, 75001, 81920, 88, 118.69, 35
nid008353,2026/05/03 15:56:03.435, 3, GPU-fec40d98-ea80-e220-a49c-31ccab4741af, NVIDIA A100-SXM4-80GB, 75001, 81920, 96, 119.64, 32
nid008352,2026/05/03 15:56:06.410, 0, GPU-c8e590fe-c1df-fb38-7bf3-9ed4364cf576, NVIDIA A100-SXM4-80GB, 74343, 81920, 2, 114.96, 34
nid008352,2026/05/03 15:56:06.413, 1, GPU-5efb5c1d-1cd8-daca-bd51-2f30d62f6e1e, NVIDIA A100-SXM4-80GB, 74275, 81920, 100, 115.79, 31
nid008352,2026/05/03 15:56:06.414, 2, GPU-1d24ec01-d8bb-a3cf-73c2-7d6014d1dd4d, NVIDIA A100-SXM4-80GB, 74275, 81920, 95, 121.82, 34
nid008352,2026/05/03 15:56:06.416, 3, GPU-689a6e7c-a622-65fb-9f4d-887ba745f660, NVIDIA A100-SXM4-80GB, 74275, 81920, 100, 122.63, 32
nid008353,2026/05/03 15:56:07.486, 0, GPU-3ad85384-e7dd-8c9b-13da-56f54bf334d9, NVIDIA A100-SXM4-80GB, 75011, 81920, 12, 127.38, 34
nid008353,2026/05/03 15:56:07.489, 1, GPU-3d65dc3f-116a-1dd4-937c-6e4481a765b5, NVIDIA A100-SXM4-80GB, 75001, 81920, 99, 126.40, 32
nid008353,2026/05/03 15:56:07.492, 2, GPU-338e4806-c72e-e37a-4798-dc47c2f2de03, NVIDIA A100-SXM4-80GB, 75001, 81920, 96, 126.86, 35
nid008353,2026/05/03 15:56:07.494, 3, GPU-fec40d98-ea80-e220-a49c-31ccab4741af, NVIDIA A100-SXM4-80GB, 75001, 81920, 16, 122.40, 32
nid008352,2026/05/03 15:56:10.553, 0, GPU-c8e590fe-c1df-fb38-7bf3-9ed4364cf576, NVIDIA A100-SXM4-80GB, 74343, 81920, 95, 115.34, 34
nid008352,2026/05/03 15:56:10.556, 1, GPU-5efb5c1d-1cd8-daca-bd51-2f30d62f6e1e, NVIDIA A100-SXM4-80GB, 74275, 81920, 100, 118.32, 31
nid008352,2026/05/03 15:56:10.557, 2, GPU-1d24ec01-d8bb-a3cf-73c2-7d6014d1dd4d, NVIDIA A100-SXM4-80GB, 74275, 81920, 3, 114.44, 34
nid008352,2026/05/03 15:56:10.559, 3, GPU-689a6e7c-a622-65fb-9f4d-887ba745f660, NVIDIA A100-SXM4-80GB, 74275, 81920, 100, 123.82, 31
nid008353,2026/05/03 15:56:11.503, 0, GPU-3ad85384-e7dd-8c9b-13da-56f54bf334d9, NVIDIA A100-SXM4-80GB, 75011, 81920, 78, 113.90, 34
nid008353,2026/05/03 15:56:11.506, 1, GPU-3d65dc3f-116a-1dd4-937c-6e4481a765b5, NVIDIA A100-SXM4-80GB, 75001, 81920, 85, 114.61, 31
nid008353,2026/05/03 15:56:11.507, 2, GPU-338e4806-c72e-e37a-4798-dc47c2f2de03, NVIDIA A100-SXM4-80GB, 75001, 81920, 85, 115.50, 35
nid008353,2026/05/03 15:56:11.509, 3, GPU-fec40d98-ea80-e220-a49c-31ccab4741af, NVIDIA A100-SXM4-80GB, 75001, 81920, 55, 111.40, 32
nid008352,2026/05/03 15:56:14.444, 0, GPU-c8e590fe-c1df-fb38-7bf3-9ed4364cf576, NVIDIA A100-SXM4-80GB, 74343, 81920, 100, 113.11, 34
nid008352,2026/05/03 15:56:14.447, 1, GPU-5efb5c1d-1cd8-daca-bd51-2f30d62f6e1e, NVIDIA A100-SXM4-80GB, 74275, 81920, 100, 131.16, 31
nid008352,2026/05/03 15:56:14.450, 2, GPU-1d24ec01-d8bb-a3cf-73c2-7d6014d1dd4d, NVIDIA A100-SXM4-80GB, 74275, 81920, 100, 114.96, 34
nid008352,2026/05/03 15:56:14.452, 3, GPU-689a6e7c-a622-65fb-9f4d-887ba745f660, NVIDIA A100-SXM4-80GB, 74275, 81920, 1, 109.15, 32
nid008353,2026/05/03 15:56:15.428, 0, GPU-3ad85384-e7dd-8c9b-13da-56f54bf334d9, NVIDIA A100-SXM4-80GB, 75011, 81920, 28, 126.25, 34
nid008353,2026/05/03 15:56:15.431, 1, GPU-3d65dc3f-116a-1dd4-937c-6e4481a765b5, NVIDIA A100-SXM4-80GB, 75001, 81920, 96, 132.33, 32
nid008353,2026/05/03 15:56:15.433, 2, GPU-338e4806-c72e-e37a-4798-dc47c2f2de03, NVIDIA A100-SXM4-80GB, 75001, 81920, 69, 125.44, 35
nid008353,2026/05/03 15:56:15.434, 3, GPU-fec40d98-ea80-e220-a49c-31ccab4741af, NVIDIA A100-SXM4-80GB, 75001, 81920, 6, 113.41, 32
nid008352,2026/05/03 15:56:18.451, 0, GPU-c8e590fe-c1df-fb38-7bf3-9ed4364cf576, NVIDIA A100-SXM4-80GB, 74343, 81920, 65, 132.23, 34
nid008352,2026/05/03 15:56:18.454, 1, GPU-5efb5c1d-1cd8-daca-bd51-2f30d62f6e1e, NVIDIA A100-SXM4-80GB, 74275, 81920, 100, 119.74, 31
nid008352,2026/05/03 15:56:18.456, 2, GPU-1d24ec01-d8bb-a3cf-73c2-7d6014d1dd4d, NVIDIA A100-SXM4-80GB, 74275, 81920, 2, 115.24, 34
nid008352,2026/05/03 15:56:18.458, 3, GPU-689a6e7c-a622-65fb-9f4d-887ba745f660, NVIDIA A100-SXM4-80GB, 74275, 81920, 100, 109.54, 32
nid008353,2026/05/03 15:56:19.393, 0, GPU-3ad85384-e7dd-8c9b-13da-56f54bf334d9, NVIDIA A100-SXM4-80GB, 75011, 81920, 47, 128.72, 34
nid008353,2026/05/03 15:56:19.395, 1, GPU-3d65dc3f-116a-1dd4-937c-6e4481a765b5, NVIDIA A100-SXM4-80GB, 75001, 81920, 61, 113.27, 31
nid008353,2026/05/03 15:56:19.397, 2, GPU-338e4806-c72e-e37a-4798-dc47c2f2de03, NVIDIA A100-SXM4-80GB, 75001, 81920, 75, 115.89, 34
nid008353,2026/05/03 15:56:19.399, 3, GPU-fec40d98-ea80-e220-a49c-31ccab4741af, NVIDIA A100-SXM4-80GB, 75001, 81920, 64, 111.92, 32
nid008352,2026/05/03 15:56:22.301, 0, GPU-c8e590fe-c1df-fb38-7bf3-9ed4364cf576, NVIDIA A100-SXM4-80GB, 74343, 81920, 44, 114.96, 34
nid008352,2026/05/03 15:56:22.303, 1, GPU-5efb5c1d-1cd8-daca-bd51-2f30d62f6e1e, NVIDIA A100-SXM4-80GB, 74275, 81920, 100, 116.60, 31
nid008352,2026/05/03 15:56:22.305, 2, GPU-1d24ec01-d8bb-a3cf-73c2-7d6014d1dd4d, NVIDIA A100-SXM4-80GB, 74275, 81920, 100, 123.24, 34
nid008352,2026/05/03 15:56:22.307, 3, GPU-689a6e7c-a622-65fb-9f4d-887ba745f660, NVIDIA A100-SXM4-80GB, 74275, 81920, 50, 117.60, 32
nid008353,2026/05/03 15:56:23.197, 0, GPU-3ad85384-e7dd-8c9b-13da-56f54bf334d9, NVIDIA A100-SXM4-80GB, 75011, 81920, 41, 111.94, 34
nid008353,2026/05/03 15:56:23.200, 1, GPU-3d65dc3f-116a-1dd4-937c-6e4481a765b5, NVIDIA A100-SXM4-80GB, 75001, 81920, 50, 124.11, 32
nid008353,2026/05/03 15:56:23.201, 2, GPU-338e4806-c72e-e37a-4798-dc47c2f2de03, NVIDIA A100-SXM4-80GB, 75001, 81920, 75, 142.20, 35
nid008353,2026/05/03 15:56:23.203, 3, GPU-fec40d98-ea80-e220-a49c-31ccab4741af, NVIDIA A100-SXM4-80GB, 75001, 81920, 67, 126.64, 32
nid008352,2026/05/03 15:56:26.145, 0, GPU-c8e590fe-c1df-fb38-7bf3-9ed4364cf576, NVIDIA A100-SXM4-80GB, 74343, 81920, 100, 125.24, 34
nid008352,2026/05/03 15:56:26.153, 1, GPU-5efb5c1d-1cd8-daca-bd51-2f30d62f6e1e, NVIDIA A100-SXM4-80GB, 74275, 81920, 89, 115.50, 31
nid008352,2026/05/03 15:56:26.158, 2, GPU-1d24ec01-d8bb-a3cf-73c2-7d6014d1dd4d, NVIDIA A100-SXM4-80GB, 74275, 81920, 17, 115.24, 34
nid008352,2026/05/03 15:56:26.163, 3, GPU-689a6e7c-a622-65fb-9f4d-887ba745f660, NVIDIA A100-SXM4-80GB, 74275, 81920, 100, 124.19, 32
nid008353,2026/05/03 15:56:27.038, 0, GPU-3ad85384-e7dd-8c9b-13da-56f54bf334d9, NVIDIA A100-SXM4-80GB, 75011, 81920, 67, 111.66, 34
nid008353,2026/05/03 15:56:27.042, 1, GPU-3d65dc3f-116a-1dd4-937c-6e4481a765b5, NVIDIA A100-SXM4-80GB, 75001, 81920, 68, 113.41, 31
nid008353,2026/05/03 15:56:27.043, 2, GPU-338e4806-c72e-e37a-4798-dc47c2f2de03, NVIDIA A100-SXM4-80GB, 75001, 81920, 30, 115.36, 35
nid008353,2026/05/03 15:56:27.045, 3, GPU-fec40d98-ea80-e220-a49c-31ccab4741af, NVIDIA A100-SXM4-80GB, 75001, 81920, 89, 111.16, 32
nid008352,2026/05/03 15:56:29.988, 0, GPU-c8e590fe-c1df-fb38-7bf3-9ed4364cf576, NVIDIA A100-SXM4-80GB, 74343, 81920, 100, 126.18, 34
nid008352,2026/05/03 15:56:29.991, 1, GPU-5efb5c1d-1cd8-daca-bd51-2f30d62f6e1e, NVIDIA A100-SXM4-80GB, 74275, 81920, 100, 133.62, 31
nid008352,2026/05/03 15:56:29.992, 2, GPU-1d24ec01-d8bb-a3cf-73c2-7d6014d1dd4d, NVIDIA A100-SXM4-80GB, 74275, 81920, 100, 116.43, 34
nid008352,2026/05/03 15:56:29.994, 3, GPU-689a6e7c-a622-65fb-9f4d-887ba745f660, NVIDIA A100-SXM4-80GB, 74275, 81920, 5, 116.18, 32
nid008353,2026/05/03 15:56:30.926, 0, GPU-3ad85384-e7dd-8c9b-13da-56f54bf334d9, NVIDIA A100-SXM4-80GB, 75011, 81920, 91, 111.53, 34
nid008353,2026/05/03 15:56:30.929, 1, GPU-3d65dc3f-116a-1dd4-937c-6e4481a765b5, NVIDIA A100-SXM4-80GB, 75001, 81920, 67, 113.27, 31
nid008353,2026/05/03 15:56:30.930, 2, GPU-338e4806-c72e-e37a-4798-dc47c2f2de03, NVIDIA A100-SXM4-80GB, 75001, 81920, 52, 115.65, 34
nid008353,2026/05/03 15:56:30.932, 3, GPU-fec40d98-ea80-e220-a49c-31ccab4741af, NVIDIA A100-SXM4-80GB, 75001, 81920, 22, 111.16, 32
nid008352,2026/05/03 15:56:33.793, 0, GPU-c8e590fe-c1df-fb38-7bf3-9ed4364cf576, NVIDIA A100-SXM4-80GB, 74343, 81920, 51, 112.87, 34
nid008352,2026/05/03 15:56:33.796, 1, GPU-5efb5c1d-1cd8-daca-bd51-2f30d62f6e1e, NVIDIA A100-SXM4-80GB, 74275, 81920, 100, 114.45, 31
nid008352,2026/05/03 15:56:33.797, 2, GPU-1d24ec01-d8bb-a3cf-73c2-7d6014d1dd4d, NVIDIA A100-SXM4-80GB, 74275, 81920, 86, 117.46, 34
nid008352,2026/05/03 15:56:33.799, 3, GPU-689a6e7c-a622-65fb-9f4d-887ba745f660, NVIDIA A100-SXM4-80GB, 74275, 81920, 100, 110.20, 32
nid008353,2026/05/03 15:56:34.623, 0, GPU-3ad85384-e7dd-8c9b-13da-56f54bf334d9, NVIDIA A100-SXM4-80GB, 75011, 81920, 94, 127.14, 34
nid008353,2026/05/03 15:56:34.626, 1, GPU-3d65dc3f-116a-1dd4-937c-6e4481a765b5, NVIDIA A100-SXM4-80GB, 75001, 81920, 23, 129.80, 32
nid008353,2026/05/03 15:56:34.627, 2, GPU-338e4806-c72e-e37a-4798-dc47c2f2de03, NVIDIA A100-SXM4-80GB, 75001, 81920, 59, 131.76, 35
nid008353,2026/05/03 15:56:34.629, 3, GPU-fec40d98-ea80-e220-a49c-31ccab4741af, NVIDIA A100-SXM4-80GB, 75001, 81920, 9, 111.69, 32
nid008352,2026/05/03 15:56:37.581, 0, GPU-c8e590fe-c1df-fb38-7bf3-9ed4364cf576, NVIDIA A100-SXM4-80GB, 74343, 81920, 100, 113.76, 34
nid008352,2026/05/03 15:56:37.584, 1, GPU-5efb5c1d-1cd8-daca-bd51-2f30d62f6e1e, NVIDIA A100-SXM4-80GB, 74275, 81920, 100, 115.50, 31
nid008352,2026/05/03 15:56:37.586, 2, GPU-1d24ec01-d8bb-a3cf-73c2-7d6014d1dd4d, NVIDIA A100-SXM4-80GB, 74275, 81920, 100, 123.96, 34
nid008352,2026/05/03 15:56:37.587, 3, GPU-689a6e7c-a622-65fb-9f4d-887ba745f660, NVIDIA A100-SXM4-80GB, 74275, 81920, 2, 117.08, 32
nid008353,2026/05/03 15:56:38.535, 0, GPU-3ad85384-e7dd-8c9b-13da-56f54bf334d9, NVIDIA A100-SXM4-80GB, 75011, 81920, 65, 111.79, 34
nid008353,2026/05/03 15:56:38.541, 1, GPU-3d65dc3f-116a-1dd4-937c-6e4481a765b5, NVIDIA A100-SXM4-80GB, 75001, 81920, 40, 113.41, 31
nid008353,2026/05/03 15:56:38.543, 2, GPU-338e4806-c72e-e37a-4798-dc47c2f2de03, NVIDIA A100-SXM4-80GB, 75001, 81920, 60, 115.65, 35
nid008353,2026/05/03 15:56:38.545, 3, GPU-fec40d98-ea80-e220-a49c-31ccab4741af, NVIDIA A100-SXM4-80GB, 75001, 81920, 4, 111.16, 32
nid008352,2026/05/03 15:56:41.513, 0, GPU-c8e590fe-c1df-fb38-7bf3-9ed4364cf576, NVIDIA A100-SXM4-80GB, 74343, 81920, 100, 113.39, 34
nid008352,2026/05/03 15:56:41.515, 1, GPU-5efb5c1d-1cd8-daca-bd51-2f30d62f6e1e, NVIDIA A100-SXM4-80GB, 74275, 81920, 100, 114.74, 31
nid008352,2026/05/03 15:56:41.517, 2, GPU-1d24ec01-d8bb-a3cf-73c2-7d6014d1dd4d, NVIDIA A100-SXM4-80GB, 74275, 81920, 100, 114.44, 34
nid008352,2026/05/03 15:56:41.518, 3, GPU-689a6e7c-a622-65fb-9f4d-887ba745f660, NVIDIA A100-SXM4-80GB, 74275, 81920, 2, 125.95, 32
nid008353,2026/05/03 15:56:42.359, 0, GPU-3ad85384-e7dd-8c9b-13da-56f54bf334d9, NVIDIA A100-SXM4-80GB, 75011, 81920, 75, 111.94, 34
nid008353,2026/05/03 15:56:42.362, 1, GPU-3d65dc3f-116a-1dd4-937c-6e4481a765b5, NVIDIA A100-SXM4-80GB, 75001, 81920, 53, 113.27, 31
nid008353,2026/05/03 15:56:42.363, 2, GPU-338e4806-c72e-e37a-4798-dc47c2f2de03, NVIDIA A100-SXM4-80GB, 75001, 81920, 28, 115.65, 34
nid008353,2026/05/03 15:56:42.365, 3, GPU-fec40d98-ea80-e220-a49c-31ccab4741af, NVIDIA A100-SXM4-80GB, 75001, 81920, 11, 111.16, 32
nid008352,2026/05/03 15:56:45.298, 0, GPU-c8e590fe-c1df-fb38-7bf3-9ed4364cf576, NVIDIA A100-SXM4-80GB, 74343, 81920, 100, 130.25, 34
nid008352,2026/05/03 15:56:45.301, 1, GPU-5efb5c1d-1cd8-daca-bd51-2f30d62f6e1e, NVIDIA A100-SXM4-80GB, 74275, 81920, 100, 138.13, 31
nid008352,2026/05/03 15:56:45.302, 2, GPU-1d24ec01-d8bb-a3cf-73c2-7d6014d1dd4d, NVIDIA A100-SXM4-80GB, 74275, 81920, 100, 114.96, 34
nid008352,2026/05/03 15:56:45.304, 3, GPU-689a6e7c-a622-65fb-9f4d-887ba745f660, NVIDIA A100-SXM4-80GB, 74275, 81920, 32, 109.15, 32
nid008353,2026/05/03 15:56:46.241, 0, GPU-3ad85384-e7dd-8c9b-13da-56f54bf334d9, NVIDIA A100-SXM4-80GB, 75011, 81920, 88, 116.04, 34
nid008353,2026/05/03 15:56:46.243, 1, GPU-3d65dc3f-116a-1dd4-937c-6e4481a765b5, NVIDIA A100-SXM4-80GB, 75001, 81920, 66, 116.99, 32
nid008353,2026/05/03 15:56:46.245, 2, GPU-338e4806-c72e-e37a-4798-dc47c2f2de03, NVIDIA A100-SXM4-80GB, 75001, 81920, 99, 125.30, 35
nid008353,2026/05/03 15:56:46.247, 3, GPU-fec40d98-ea80-e220-a49c-31ccab4741af, NVIDIA A100-SXM4-80GB, 75001, 81920, 5, 126.93, 32
nid008352,2026/05/03 15:56:49.223, 0, GPU-c8e590fe-c1df-fb38-7bf3-9ed4364cf576, NVIDIA A100-SXM4-80GB, 74343, 81920, 100, 113.11, 34
nid008352,2026/05/03 15:56:49.225, 1, GPU-5efb5c1d-1cd8-daca-bd51-2f30d62f6e1e, NVIDIA A100-SXM4-80GB, 74275, 81920, 12, 131.92, 31
nid008352,2026/05/03 15:56:49.227, 2, GPU-1d24ec01-d8bb-a3cf-73c2-7d6014d1dd4d, NVIDIA A100-SXM4-80GB, 74275, 81920, 100, 121.31, 34
nid008352,2026/05/03 15:56:49.229, 3, GPU-689a6e7c-a622-65fb-9f4d-887ba745f660, NVIDIA A100-SXM4-80GB, 74275, 81920, 100, 122.78, 32
nid008353,2026/05/03 15:56:50.089, 0, GPU-3ad85384-e7dd-8c9b-13da-56f54bf334d9, NVIDIA A100-SXM4-80GB, 75011, 81920, 70, 112.18, 34
nid008353,2026/05/03 15:56:50.091, 1, GPU-3d65dc3f-116a-1dd4-937c-6e4481a765b5, NVIDIA A100-SXM4-80GB, 75001, 81920, 72, 113.93, 31
nid008353,2026/05/03 15:56:50.096, 2, GPU-338e4806-c72e-e37a-4798-dc47c2f2de03, NVIDIA A100-SXM4-80GB, 75001, 81920, 93, 115.89, 35
nid008353,2026/05/03 15:56:50.101, 3, GPU-fec40d98-ea80-e220-a49c-31ccab4741af, NVIDIA A100-SXM4-80GB, 75001, 81920, 66, 111.40, 32
nid008352,2026/05/03 15:56:53.008, 0, GPU-c8e590fe-c1df-fb38-7bf3-9ed4364cf576, NVIDIA A100-SXM4-80GB, 74343, 81920, 92, 113.11, 34
nid008352,2026/05/03 15:56:53.011, 1, GPU-5efb5c1d-1cd8-daca-bd51-2f30d62f6e1e, NVIDIA A100-SXM4-80GB, 74275, 81920, 100, 117.36, 31
nid008352,2026/05/03 15:56:53.013, 2, GPU-1d24ec01-d8bb-a3cf-73c2-7d6014d1dd4d, NVIDIA A100-SXM4-80GB, 74275, 81920, 100, 119.17, 34
nid008352,2026/05/03 15:56:53.014, 3, GPU-689a6e7c-a622-65fb-9f4d-887ba745f660, NVIDIA A100-SXM4-80GB, 74275, 81920, 1, 122.78, 32
nid008353,2026/05/03 15:56:53.914, 0, GPU-3ad85384-e7dd-8c9b-13da-56f54bf334d9, NVIDIA A100-SXM4-80GB, 75011, 81920, 95, 111.94, 34
nid008353,2026/05/03 15:56:53.919, 1, GPU-3d65dc3f-116a-1dd4-937c-6e4481a765b5, NVIDIA A100-SXM4-80GB, 75001, 81920, 86, 113.41, 31
nid008353,2026/05/03 15:56:53.921, 2, GPU-338e4806-c72e-e37a-4798-dc47c2f2de03, NVIDIA A100-SXM4-80GB, 75001, 81920, 87, 115.65, 35
nid008353,2026/05/03 15:56:53.922, 3, GPU-fec40d98-ea80-e220-a49c-31ccab4741af, NVIDIA A100-SXM4-80GB, 75001, 81920, 6, 110.59, 32
nid008352,2026/05/03 15:56:56.798, 0, GPU-c8e590fe-c1df-fb38-7bf3-9ed4364cf576, NVIDIA A100-SXM4-80GB, 74343, 81920, 100, 113.63, 34
nid008352,2026/05/03 15:56:56.801, 1, GPU-5efb5c1d-1cd8-daca-bd51-2f30d62f6e1e, NVIDIA A100-SXM4-80GB, 74275, 81920, 100, 143.41, 31
nid008352,2026/05/03 15:56:56.802, 2, GPU-1d24ec01-d8bb-a3cf-73c2-7d6014d1dd4d, NVIDIA A100-SXM4-80GB, 74275, 81920, 58, 122.72, 34
nid008352,2026/05/03 15:56:56.804, 3, GPU-689a6e7c-a622-65fb-9f4d-887ba745f660, NVIDIA A100-SXM4-80GB, 74275, 81920, 11, 112.62, 32
nid008353,2026/05/03 15:56:57.785, 0, GPU-3ad85384-e7dd-8c9b-13da-56f54bf334d9, NVIDIA A100-SXM4-80GB, 75011, 81920, 88, 130.04, 34
nid008353,2026/05/03 15:56:57.788, 1, GPU-3d65dc3f-116a-1dd4-937c-6e4481a765b5, NVIDIA A100-SXM4-80GB, 75001, 81920, 81, 128.11, 32
nid008353,2026/05/03 15:56:57.790, 2, GPU-338e4806-c72e-e37a-4798-dc47c2f2de03, NVIDIA A100-SXM4-80GB, 75001, 81920, 38, 128.72, 35
nid008353,2026/05/03 15:56:57.791, 3, GPU-fec40d98-ea80-e220-a49c-31ccab4741af, NVIDIA A100-SXM4-80GB, 75001, 81920, 37, 115.26, 32
nid008352,2026/05/03 15:57:00.703, 0, GPU-c8e590fe-c1df-fb38-7bf3-9ed4364cf576, NVIDIA A100-SXM4-80GB, 74343, 81920, 88, 113.25, 34
nid008352,2026/05/03 15:57:00.706, 1, GPU-5efb5c1d-1cd8-daca-bd51-2f30d62f6e1e, NVIDIA A100-SXM4-80GB, 74275, 81920, 100, 114.74, 31
nid008352,2026/05/03 15:57:00.707, 2, GPU-1d24ec01-d8bb-a3cf-73c2-7d6014d1dd4d, NVIDIA A100-SXM4-80GB, 74275, 81920, 100, 121.02, 34
nid008352,2026/05/03 15:57:00.709, 3, GPU-689a6e7c-a622-65fb-9f4d-887ba745f660, NVIDIA A100-SXM4-80GB, 74275, 81920, 5, 111.91, 32
nid008353,2026/05/03 15:57:01.615, 0, GPU-3ad85384-e7dd-8c9b-13da-56f54bf334d9, NVIDIA A100-SXM4-80GB, 75011, 81920, 88, 111.53, 34
nid008353,2026/05/03 15:57:01.621, 1, GPU-3d65dc3f-116a-1dd4-937c-6e4481a765b5, NVIDIA A100-SXM4-80GB, 75001, 81920, 99, 125.53, 31
nid008353,2026/05/03 15:57:01.623, 2, GPU-338e4806-c72e-e37a-4798-dc47c2f2de03, NVIDIA A100-SXM4-80GB, 75001, 81920, 91, 115.65, 35
nid008353,2026/05/03 15:57:01.625, 3, GPU-fec40d98-ea80-e220-a49c-31ccab4741af, NVIDIA A100-SXM4-80GB, 75001, 81920, 26, 111.40, 32
nid008352,2026/05/03 15:57:04.554, 0, GPU-c8e590fe-c1df-fb38-7bf3-9ed4364cf576, NVIDIA A100-SXM4-80GB, 74343, 81920, 100, 113.11, 34
nid008352,2026/05/03 15:57:04.557, 1, GPU-5efb5c1d-1cd8-daca-bd51-2f30d62f6e1e, NVIDIA A100-SXM4-80GB, 74275, 81920, 100, 114.45, 31
nid008352,2026/05/03 15:57:04.559, 2, GPU-1d24ec01-d8bb-a3cf-73c2-7d6014d1dd4d, NVIDIA A100-SXM4-80GB, 74275, 81920, 4, 115.09, 34
nid008352,2026/05/03 15:57:04.560, 3, GPU-689a6e7c-a622-65fb-9f4d-887ba745f660, NVIDIA A100-SXM4-80GB, 74275, 81920, 100, 109.43, 32
nid008353,2026/05/03 15:57:05.639, 0, GPU-3ad85384-e7dd-8c9b-13da-56f54bf334d9, NVIDIA A100-SXM4-80GB, 75011, 81920, 95, 139.59, 34
nid008353,2026/05/03 15:57:05.642, 1, GPU-3d65dc3f-116a-1dd4-937c-6e4481a765b5, NVIDIA A100-SXM4-80GB, 75001, 81920, 56, 137.73, 32
nid008353,2026/05/03 15:57:05.643, 2, GPU-338e4806-c72e-e37a-4798-dc47c2f2de03, NVIDIA A100-SXM4-80GB, 75001, 81920, 0, 128.72, 35
nid008353,2026/05/03 15:57:05.645, 3, GPU-fec40d98-ea80-e220-a49c-31ccab4741af, NVIDIA A100-SXM4-80GB, 75001, 81920, 94, 118.83, 32
nid008352,2026/05/03 15:57:08.556, 0, GPU-c8e590fe-c1df-fb38-7bf3-9ed4364cf576, NVIDIA A100-SXM4-80GB, 74343, 81920, 100, 115.48, 34
nid008352,2026/05/03 15:57:08.559, 1, GPU-5efb5c1d-1cd8-daca-bd51-2f30d62f6e1e, NVIDIA A100-SXM4-80GB, 74275, 81920, 100, 118.55, 31
nid008352,2026/05/03 15:57:08.566, 2, GPU-1d24ec01-d8bb-a3cf-73c2-7d6014d1dd4d, NVIDIA A100-SXM4-80GB, 74275, 81920, 2, 114.44, 34
nid008352,2026/05/03 15:57:08.572, 3, GPU-689a6e7c-a622-65fb-9f4d-887ba745f660, NVIDIA A100-SXM4-80GB, 74275, 81920, 100, 132.26, 32
nid008353,2026/05/03 15:57:09.471, 0, GPU-3ad85384-e7dd-8c9b-13da-56f54bf334d9, NVIDIA A100-SXM4-80GB, 75011, 81920, 59, 111.53, 34
nid008353,2026/05/03 15:57:09.474, 1, GPU-3d65dc3f-116a-1dd4-937c-6e4481a765b5, NVIDIA A100-SXM4-80GB, 75001, 81920, 3, 113.41, 31
nid008353,2026/05/03 15:57:09.475, 2, GPU-338e4806-c72e-e37a-4798-dc47c2f2de03, NVIDIA A100-SXM4-80GB, 75001, 81920, 74, 115.89, 35
nid008353,2026/05/03 15:57:09.477, 3, GPU-fec40d98-ea80-e220-a49c-31ccab4741af, NVIDIA A100-SXM4-80GB, 75001, 81920, 91, 111.40, 32
nid008352,2026/05/03 15:57:12.368, 0, GPU-c8e590fe-c1df-fb38-7bf3-9ed4364cf576, NVIDIA A100-SXM4-80GB, 74343, 81920, 89, 118.13, 34
nid008352,2026/05/03 15:57:12.371, 1, GPU-5efb5c1d-1cd8-daca-bd51-2f30d62f6e1e, NVIDIA A100-SXM4-80GB, 74275, 81920, 31, 136.28, 31
nid008352,2026/05/03 15:57:12.373, 2, GPU-1d24ec01-d8bb-a3cf-73c2-7d6014d1dd4d, NVIDIA A100-SXM4-80GB, 74275, 81920, 57, 116.28, 34
nid008352,2026/05/03 15:57:12.375, 3, GPU-689a6e7c-a622-65fb-9f4d-887ba745f660, NVIDIA A100-SXM4-80GB, 74275, 81920, 100, 109.83, 32
nid008353,2026/05/03 15:57:13.260, 0, GPU-3ad85384-e7dd-8c9b-13da-56f54bf334d9, NVIDIA A100-SXM4-80GB, 75011, 81920, 83, 123.68, 34
nid008353,2026/05/03 15:57:13.263, 1, GPU-3d65dc3f-116a-1dd4-937c-6e4481a765b5, NVIDIA A100-SXM4-80GB, 75001, 81920, 76, 121.59, 32
nid008353,2026/05/03 15:57:13.265, 2, GPU-338e4806-c72e-e37a-4798-dc47c2f2de03, NVIDIA A100-SXM4-80GB, 75001, 81920, 4, 115.89, 35
nid008353,2026/05/03 15:57:13.266, 3, GPU-fec40d98-ea80-e220-a49c-31ccab4741af, NVIDIA A100-SXM4-80GB, 75001, 81920, 85, 110.59, 32
nid008352,2026/05/03 15:57:16.188, 0, GPU-c8e590fe-c1df-fb38-7bf3-9ed4364cf576, NVIDIA A100-SXM4-80GB, 74343, 81920, 100, 113.39, 34
nid008352,2026/05/03 15:57:16.191, 1, GPU-5efb5c1d-1cd8-daca-bd51-2f30d62f6e1e, NVIDIA A100-SXM4-80GB, 74275, 81920, 23, 120.26, 31
nid008352,2026/05/03 15:57:16.193, 2, GPU-1d24ec01-d8bb-a3cf-73c2-7d6014d1dd4d, NVIDIA A100-SXM4-80GB, 74275, 81920, 49, 116.28, 34
nid008352,2026/05/03 15:57:16.195, 3, GPU-689a6e7c-a622-65fb-9f4d-887ba745f660, NVIDIA A100-SXM4-80GB, 74275, 81920, 100, 116.56, 32
nid008353,2026/05/03 15:57:17.087, 0, GPU-3ad85384-e7dd-8c9b-13da-56f54bf334d9, NVIDIA A100-SXM4-80GB, 75011, 81920, 72, 134.55, 34
nid008353,2026/05/03 15:57:17.094, 1, GPU-3d65dc3f-116a-1dd4-937c-6e4481a765b5, NVIDIA A100-SXM4-80GB, 75001, 81920, 67, 113.27, 32
nid008353,2026/05/03 15:57:17.099, 2, GPU-338e4806-c72e-e37a-4798-dc47c2f2de03, NVIDIA A100-SXM4-80GB, 75001, 81920, 60, 116.99, 35
nid008353,2026/05/03 15:57:17.100, 3, GPU-fec40d98-ea80-e220-a49c-31ccab4741af, NVIDIA A100-SXM4-80GB, 75001, 81920, 34, 114.17, 32
nid008352,2026/05/03 15:57:20.142, 0, GPU-c8e590fe-c1df-fb38-7bf3-9ed4364cf576, NVIDIA A100-SXM4-80GB, 74343, 81920, 2, 116.57, 34
nid008352,2026/05/03 15:57:20.145, 1, GPU-5efb5c1d-1cd8-daca-bd51-2f30d62f6e1e, NVIDIA A100-SXM4-80GB, 74275, 81920, 100, 120.40, 31
nid008352,2026/05/03 15:57:20.147, 2, GPU-1d24ec01-d8bb-a3cf-73c2-7d6014d1dd4d, NVIDIA A100-SXM4-80GB, 74275, 81920, 100, 116.81, 34
nid008352,2026/05/03 15:57:20.149, 3, GPU-689a6e7c-a622-65fb-9f4d-887ba745f660, NVIDIA A100-SXM4-80GB, 74275, 81920, 63, 110.20, 32
nid008353,2026/05/03 15:57:21.080, 0, GPU-3ad85384-e7dd-8c9b-13da-56f54bf334d9, NVIDIA A100-SXM4-80GB, 75011, 81920, 70, 112.33, 34
nid008353,2026/05/03 15:57:21.085, 1, GPU-3d65dc3f-116a-1dd4-937c-6e4481a765b5, NVIDIA A100-SXM4-80GB, 75001, 81920, 37, 113.80, 32
nid008353,2026/05/03 15:57:21.090, 2, GPU-338e4806-c72e-e37a-4798-dc47c2f2de03, NVIDIA A100-SXM4-80GB, 75001, 81920, 76, 124.40, 35
nid008353,2026/05/03 15:57:21.100, 3, GPU-fec40d98-ea80-e220-a49c-31ccab4741af, NVIDIA A100-SXM4-80GB, 75001, 81920, 19, 111.40, 32
nid008352,2026/05/03 15:57:24.003, 0, GPU-c8e590fe-c1df-fb38-7bf3-9ed4364cf576, NVIDIA A100-SXM4-80GB, 74343, 81920, 58, 116.71, 34
nid008352,2026/05/03 15:57:24.006, 1, GPU-5efb5c1d-1cd8-daca-bd51-2f30d62f6e1e, NVIDIA A100-SXM4-80GB, 74275, 81920, 100, 121.88, 31
nid008352,2026/05/03 15:57:24.007, 2, GPU-1d24ec01-d8bb-a3cf-73c2-7d6014d1dd4d, NVIDIA A100-SXM4-80GB, 74275, 81920, 100, 114.86, 34
nid008352,2026/05/03 15:57:24.009, 3, GPU-689a6e7c-a622-65fb-9f4d-887ba745f660, NVIDIA A100-SXM4-80GB, 74275, 81920, 2, 109.15, 32
nid008353,2026/05/03 15:57:24.894, 0, GPU-3ad85384-e7dd-8c9b-13da-56f54bf334d9, NVIDIA A100-SXM4-80GB, 75011, 81920, 30, 135.60, 34
nid008353,2026/05/03 15:57:24.897, 1, GPU-3d65dc3f-116a-1dd4-937c-6e4481a765b5, NVIDIA A100-SXM4-80GB, 75001, 81920, 83, 118.03, 32
nid008353,2026/05/03 15:57:24.899, 2, GPU-338e4806-c72e-e37a-4798-dc47c2f2de03, NVIDIA A100-SXM4-80GB, 75001, 81920, 41, 121.21, 35
nid008353,2026/05/03 15:57:24.900, 3, GPU-fec40d98-ea80-e220-a49c-31ccab4741af, NVIDIA A100-SXM4-80GB, 75001, 81920, 46, 124.11, 32
nid008352,2026/05/03 15:57:27.836, 0, GPU-c8e590fe-c1df-fb38-7bf3-9ed4364cf576, NVIDIA A100-SXM4-80GB, 74343, 81920, 32, 122.49, 34
nid008352,2026/05/03 15:57:27.839, 1, GPU-5efb5c1d-1cd8-daca-bd51-2f30d62f6e1e, NVIDIA A100-SXM4-80GB, 74275, 81920, 100, 127.68, 31
nid008352,2026/05/03 15:57:27.840, 2, GPU-1d24ec01-d8bb-a3cf-73c2-7d6014d1dd4d, NVIDIA A100-SXM4-80GB, 74275, 81920, 100, 114.72, 34
nid008352,2026/05/03 15:57:27.842, 3, GPU-689a6e7c-a622-65fb-9f4d-887ba745f660, NVIDIA A100-SXM4-80GB, 74275, 81920, 70, 129.08, 32
nid008353,2026/05/03 15:57:28.707, 0, GPU-3ad85384-e7dd-8c9b-13da-56f54bf334d9, NVIDIA A100-SXM4-80GB, 75011, 81920, 52, 111.81, 34
nid008353,2026/05/03 15:57:28.710, 1, GPU-3d65dc3f-116a-1dd4-937c-6e4481a765b5, NVIDIA A100-SXM4-80GB, 75001, 81920, 73, 113.51, 32
nid008353,2026/05/03 15:57:28.711, 2, GPU-338e4806-c72e-e37a-4798-dc47c2f2de03, NVIDIA A100-SXM4-80GB, 75001, 81920, 63, 116.32, 35
nid008353,2026/05/03 15:57:28.713, 3, GPU-fec40d98-ea80-e220-a49c-31ccab4741af, NVIDIA A100-SXM4-80GB, 75001, 81920, 94, 110.22, 32
nid008352,2026/05/03 15:57:31.677, 0, GPU-c8e590fe-c1df-fb38-7bf3-9ed4364cf576, NVIDIA A100-SXM4-80GB, 74343, 81920, 94, 115.76, 34
nid008352,2026/05/03 15:57:31.680, 1, GPU-5efb5c1d-1cd8-daca-bd51-2f30d62f6e1e, NVIDIA A100-SXM4-80GB, 74275, 81920, 100, 114.61, 31
nid008352,2026/05/03 15:57:31.682, 2, GPU-1d24ec01-d8bb-a3cf-73c2-7d6014d1dd4d, NVIDIA A100-SXM4-80GB, 74275, 81920, 100, 117.61, 34
nid008352,2026/05/03 15:57:31.683, 3, GPU-689a6e7c-a622-65fb-9f4d-887ba745f660, NVIDIA A100-SXM4-80GB, 74275, 81920, 4, 110.20, 32
nid008353,2026/05/03 15:57:32.595, 0, GPU-3ad85384-e7dd-8c9b-13da-56f54bf334d9, NVIDIA A100-SXM4-80GB, 75011, 81920, 49, 128.85, 34
nid008353,2026/05/03 15:57:32.598, 1, GPU-3d65dc3f-116a-1dd4-937c-6e4481a765b5, NVIDIA A100-SXM4-80GB, 75001, 81920, 73, 125.82, 32
nid008353,2026/05/03 15:57:32.601, 2, GPU-338e4806-c72e-e37a-4798-dc47c2f2de03, NVIDIA A100-SXM4-80GB, 75001, 81920, 73, 138.78, 35
nid008353,2026/05/03 15:57:32.603, 3, GPU-fec40d98-ea80-e220-a49c-31ccab4741af, NVIDIA A100-SXM4-80GB, 75001, 81920, 53, 114.04, 32
nid008352,2026/05/03 15:57:35.712, 0, GPU-c8e590fe-c1df-fb38-7bf3-9ed4364cf576, NVIDIA A100-SXM4-80GB, 74343, 81920, 0, 112.87, 34
nid008352,2026/05/03 15:57:35.715, 1, GPU-5efb5c1d-1cd8-daca-bd51-2f30d62f6e1e, NVIDIA A100-SXM4-80GB, 74275, 81920, 0, 114.17, 31
nid008352,2026/05/03 15:57:35.716, 2, GPU-1d24ec01-d8bb-a3cf-73c2-7d6014d1dd4d, NVIDIA A100-SXM4-80GB, 74275, 81920, 0, 114.57, 34
nid008352,2026/05/03 15:57:35.718, 3, GPU-689a6e7c-a622-65fb-9f4d-887ba745f660, NVIDIA A100-SXM4-80GB, 74275, 81920, 0, 109.28, 32
nid008353,2026/05/03 15:57:36.577, 0, GPU-3ad85384-e7dd-8c9b-13da-56f54bf334d9, NVIDIA A100-SXM4-80GB, 75011, 81920, 0, 111.66, 34
nid008353,2026/05/03 15:57:36.580, 1, GPU-3d65dc3f-116a-1dd4-937c-6e4481a765b5, NVIDIA A100-SXM4-80GB, 75001, 81920, 0, 113.27, 32
nid008353,2026/05/03 15:57:36.581, 2, GPU-338e4806-c72e-e37a-4798-dc47c2f2de03, NVIDIA A100-SXM4-80GB, 75001, 81920, 0, 115.65, 35
nid008353,2026/05/03 15:57:36.583, 3, GPU-fec40d98-ea80-e220-a49c-31ccab4741af, NVIDIA A100-SXM4-80GB, 75001, 81920, 0, 111.27, 32
