host,timestamp,gpu_index,uuid,name,memory_used_mb,memory_total_mb,gpu_util_percent,power_watts,temp_c
nid001132,2026/05/03 14:39:35.417, 0, GPU-1ee6ac61-44ab-b161-9de0-16bbb44716e7, NVIDIA A100-SXM4-40GB, 36817, 40960, 0, 105.53, 38
nid001132,2026/05/03 14:39:35.419, 1, GPU-afa7121e-c5d0-2eb5-4e9a-8b001ff7a220, NVIDIA A100-SXM4-40GB, 36749, 40960, 0, 100.80, 34
nid001132,2026/05/03 14:39:35.421, 2, GPU-4dea0284-873a-fa20-cc19-10ca82324573, NVIDIA A100-SXM4-40GB, 36749, 40960, 0, 103.47, 35
nid001132,2026/05/03 14:39:35.422, 3, GPU-cba17786-ea73-0caf-0d43-c838fbb66bcd, NVIDIA A100-SXM4-40GB, 36749, 40960, 0, 105.00, 33
nid001133,2026/05/03 14:39:36.249, 0, GPU-43cac420-244c-9975-fbd1-604f88cdd44c, NVIDIA A100-SXM4-40GB, 37481, 40960, 0, 103.72, 35
nid001133,2026/05/03 14:39:36.252, 1, GPU-73838956-9ad1-3484-0ba2-7d8b02c7a72a, NVIDIA A100-SXM4-40GB, 37471, 40960, 0, 101.80, 33
nid001133,2026/05/03 14:39:36.253, 2, GPU-aee03275-201a-58e4-7b5a-f08a6e4c1e50, NVIDIA A100-SXM4-40GB, 37471, 40960, 0, 102.20, 36
nid001133,2026/05/03 14:39:36.255, 3, GPU-e0003d1b-186b-2e66-9474-0b7af5c50af4, NVIDIA A100-SXM4-40GB, 37471, 40960, 0, 99.11, 35
nid001132,2026/05/03 14:39:39.145, 0, GPU-1ee6ac61-44ab-b161-9de0-16bbb44716e7, NVIDIA A100-SXM4-40GB, 36817, 40960, 0, 105.65, 38
nid001132,2026/05/03 14:39:39.147, 1, GPU-afa7121e-c5d0-2eb5-4e9a-8b001ff7a220, NVIDIA A100-SXM4-40GB, 36749, 40960, 0, 99.99, 34
nid001132,2026/05/03 14:39:39.149, 2, GPU-4dea0284-873a-fa20-cc19-10ca82324573, NVIDIA A100-SXM4-40GB, 36749, 40960, 0, 103.72, 35
nid001132,2026/05/03 14:39:39.150, 3, GPU-cba17786-ea73-0caf-0d43-c838fbb66bcd, NVIDIA A100-SXM4-40GB, 36749, 40960, 0, 104.96, 33
nid001133,2026/05/03 14:39:39.984, 0, GPU-43cac420-244c-9975-fbd1-604f88cdd44c, NVIDIA A100-SXM4-40GB, 37481, 40960, 0, 103.84, 35
nid001133,2026/05/03 14:39:39.986, 1, GPU-73838956-9ad1-3484-0ba2-7d8b02c7a72a, NVIDIA A100-SXM4-40GB, 37471, 40960, 0, 101.92, 33
nid001133,2026/05/03 14:39:39.988, 2, GPU-aee03275-201a-58e4-7b5a-f08a6e4c1e50, NVIDIA A100-SXM4-40GB, 37471, 40960, 0, 102.32, 36
nid001133,2026/05/03 14:39:39.989, 3, GPU-e0003d1b-186b-2e66-9474-0b7af5c50af4, NVIDIA A100-SXM4-40GB, 37471, 40960, 0, 99.22, 35
nid001132,2026/05/03 14:39:42.914, 0, GPU-1ee6ac61-44ab-b161-9de0-16bbb44716e7, NVIDIA A100-SXM4-40GB, 36817, 40960, 0, 105.37, 38
nid001132,2026/05/03 14:39:42.917, 1, GPU-afa7121e-c5d0-2eb5-4e9a-8b001ff7a220, NVIDIA A100-SXM4-40GB, 36749, 40960, 0, 101.27, 34
nid001132,2026/05/03 14:39:42.918, 2, GPU-4dea0284-873a-fa20-cc19-10ca82324573, NVIDIA A100-SXM4-40GB, 36749, 40960, 0, 103.48, 35
nid001132,2026/05/03 14:39:42.922, 3, GPU-cba17786-ea73-0caf-0d43-c838fbb66bcd, NVIDIA A100-SXM4-40GB, 36749, 40960, 0, 104.96, 33
nid001133,2026/05/03 14:39:43.771, 0, GPU-43cac420-244c-9975-fbd1-604f88cdd44c, NVIDIA A100-SXM4-40GB, 37481, 40960, 0, 103.84, 35
nid001133,2026/05/03 14:39:43.781, 1, GPU-73838956-9ad1-3484-0ba2-7d8b02c7a72a, NVIDIA A100-SXM4-40GB, 37471, 40960, 0, 101.92, 33
nid001133,2026/05/03 14:39:43.786, 2, GPU-aee03275-201a-58e4-7b5a-f08a6e4c1e50, NVIDIA A100-SXM4-40GB, 37471, 40960, 0, 102.32, 36
nid001133,2026/05/03 14:39:43.792, 3, GPU-e0003d1b-186b-2e66-9474-0b7af5c50af4, NVIDIA A100-SXM4-40GB, 37471, 40960, 0, 99.34, 35
nid001132,2026/05/03 14:39:46.660, 0, GPU-1ee6ac61-44ab-b161-9de0-16bbb44716e7, NVIDIA A100-SXM4-40GB, 36817, 40960, 0, 105.37, 38
nid001132,2026/05/03 14:39:46.663, 1, GPU-afa7121e-c5d0-2eb5-4e9a-8b001ff7a220, NVIDIA A100-SXM4-40GB, 36749, 40960, 0, 101.04, 34
nid001132,2026/05/03 14:39:46.664, 2, GPU-4dea0284-873a-fa20-cc19-10ca82324573, NVIDIA A100-SXM4-40GB, 36749, 40960, 0, 103.72, 35
nid001132,2026/05/03 14:39:46.666, 3, GPU-cba17786-ea73-0caf-0d43-c838fbb66bcd, NVIDIA A100-SXM4-40GB, 36749, 40960, 0, 104.96, 33
nid001133,2026/05/03 14:39:47.516, 0, GPU-43cac420-244c-9975-fbd1-604f88cdd44c, NVIDIA A100-SXM4-40GB, 37481, 40960, 0, 103.96, 35
nid001133,2026/05/03 14:39:47.519, 1, GPU-73838956-9ad1-3484-0ba2-7d8b02c7a72a, NVIDIA A100-SXM4-40GB, 37471, 40960, 0, 101.80, 33
nid001133,2026/05/03 14:39:47.520, 2, GPU-aee03275-201a-58e4-7b5a-f08a6e4c1e50, NVIDIA A100-SXM4-40GB, 37471, 40960, 0, 102.32, 36
nid001133,2026/05/03 14:39:47.522, 3, GPU-e0003d1b-186b-2e66-9474-0b7af5c50af4, NVIDIA A100-SXM4-40GB, 37471, 40960, 0, 99.22, 35
nid001132,2026/05/03 14:39:50.403, 0, GPU-1ee6ac61-44ab-b161-9de0-16bbb44716e7, NVIDIA A100-SXM4-40GB, 36817, 40960, 0, 105.37, 38
nid001132,2026/05/03 14:39:50.408, 1, GPU-afa7121e-c5d0-2eb5-4e9a-8b001ff7a220, NVIDIA A100-SXM4-40GB, 36749, 40960, 0, 101.04, 34
nid001132,2026/05/03 14:39:50.409, 2, GPU-4dea0284-873a-fa20-cc19-10ca82324573, NVIDIA A100-SXM4-40GB, 36749, 40960, 0, 103.48, 35
nid001132,2026/05/03 14:39:50.411, 3, GPU-cba17786-ea73-0caf-0d43-c838fbb66bcd, NVIDIA A100-SXM4-40GB, 36749, 40960, 0, 104.96, 33
nid001133,2026/05/03 14:39:51.226, 0, GPU-43cac420-244c-9975-fbd1-604f88cdd44c, NVIDIA A100-SXM4-40GB, 37481, 40960, 0, 103.84, 35
nid001133,2026/05/03 14:39:51.228, 1, GPU-73838956-9ad1-3484-0ba2-7d8b02c7a72a, NVIDIA A100-SXM4-40GB, 37471, 40960, 0, 102.91, 33
nid001133,2026/05/03 14:39:51.230, 2, GPU-aee03275-201a-58e4-7b5a-f08a6e4c1e50, NVIDIA A100-SXM4-40GB, 37471, 40960, 0, 102.32, 36
nid001133,2026/05/03 14:39:51.231, 3, GPU-e0003d1b-186b-2e66-9474-0b7af5c50af4, NVIDIA A100-SXM4-40GB, 37471, 40960, 0, 99.22, 35
nid001132,2026/05/03 14:39:54.103, 0, GPU-1ee6ac61-44ab-b161-9de0-16bbb44716e7, NVIDIA A100-SXM4-40GB, 36817, 40960, 61, 116.88, 38
nid001132,2026/05/03 14:39:54.111, 1, GPU-afa7121e-c5d0-2eb5-4e9a-8b001ff7a220, NVIDIA A100-SXM4-40GB, 36749, 40960, 0, 101.27, 35
nid001132,2026/05/03 14:39:54.113, 2, GPU-4dea0284-873a-fa20-cc19-10ca82324573, NVIDIA A100-SXM4-40GB, 36749, 40960, 15, 110.38, 36
nid001132,2026/05/03 14:39:54.114, 3, GPU-cba17786-ea73-0caf-0d43-c838fbb66bcd, NVIDIA A100-SXM4-40GB, 36749, 40960, 0, 105.25, 33
nid001133,2026/05/03 14:39:54.969, 0, GPU-43cac420-244c-9975-fbd1-604f88cdd44c, NVIDIA A100-SXM4-40GB, 37481, 40960, 23, 104.08, 35
nid001133,2026/05/03 14:39:54.972, 1, GPU-73838956-9ad1-3484-0ba2-7d8b02c7a72a, NVIDIA A100-SXM4-40GB, 37471, 40960, 2, 102.16, 34
nid001133,2026/05/03 14:39:54.977, 2, GPU-aee03275-201a-58e4-7b5a-f08a6e4c1e50, NVIDIA A100-SXM4-40GB, 37471, 40960, 0, 102.56, 36
nid001133,2026/05/03 14:39:54.979, 3, GPU-e0003d1b-186b-2e66-9474-0b7af5c50af4, NVIDIA A100-SXM4-40GB, 37471, 40960, 41, 99.34, 35
nid001132,2026/05/03 14:39:57.872, 0, GPU-1ee6ac61-44ab-b161-9de0-16bbb44716e7, NVIDIA A100-SXM4-40GB, 36817, 40960, 50, 121.21, 38
nid001132,2026/05/03 14:39:57.874, 1, GPU-afa7121e-c5d0-2eb5-4e9a-8b001ff7a220, NVIDIA A100-SXM4-40GB, 36749, 40960, 76, 116.99, 35
nid001132,2026/05/03 14:39:57.876, 2, GPU-4dea0284-873a-fa20-cc19-10ca82324573, NVIDIA A100-SXM4-40GB, 36749, 40960, 69, 113.04, 36
nid001132,2026/05/03 14:39:57.877, 3, GPU-cba17786-ea73-0caf-0d43-c838fbb66bcd, NVIDIA A100-SXM4-40GB, 36749, 40960, 77, 116.12, 33
nid001133,2026/05/03 14:39:58.740, 0, GPU-43cac420-244c-9975-fbd1-604f88cdd44c, NVIDIA A100-SXM4-40GB, 37481, 40960, 26, 104.08, 35
nid001133,2026/05/03 14:39:58.750, 1, GPU-73838956-9ad1-3484-0ba2-7d8b02c7a72a, NVIDIA A100-SXM4-40GB, 37471, 40960, 38, 108.07, 34
nid001133,2026/05/03 14:39:58.751, 2, GPU-aee03275-201a-58e4-7b5a-f08a6e4c1e50, NVIDIA A100-SXM4-40GB, 37471, 40960, 35, 113.84, 37
nid001133,2026/05/03 14:39:58.753, 3, GPU-e0003d1b-186b-2e66-9474-0b7af5c50af4, NVIDIA A100-SXM4-40GB, 37471, 40960, 4, 99.22, 35
nid001132,2026/05/03 14:40:01.647, 0, GPU-1ee6ac61-44ab-b161-9de0-16bbb44716e7, NVIDIA A100-SXM4-40GB, 36817, 40960, 0, 112.26, 38
nid001132,2026/05/03 14:40:01.650, 1, GPU-afa7121e-c5d0-2eb5-4e9a-8b001ff7a220, NVIDIA A100-SXM4-40GB, 36749, 40960, 2, 101.56, 35
nid001132,2026/05/03 14:40:01.651, 2, GPU-4dea0284-873a-fa20-cc19-10ca82324573, NVIDIA A100-SXM4-40GB, 36749, 40960, 13, 118.13, 36
nid001132,2026/05/03 14:40:01.653, 3, GPU-cba17786-ea73-0caf-0d43-c838fbb66bcd, NVIDIA A100-SXM4-40GB, 36749, 40960, 8, 105.49, 33
nid001133,2026/05/03 14:40:02.468, 0, GPU-43cac420-244c-9975-fbd1-604f88cdd44c, NVIDIA A100-SXM4-40GB, 37481, 40960, 0, 104.08, 35
nid001133,2026/05/03 14:40:02.471, 1, GPU-73838956-9ad1-3484-0ba2-7d8b02c7a72a, NVIDIA A100-SXM4-40GB, 37471, 40960, 67, 102.68, 34
nid001133,2026/05/03 14:40:02.473, 2, GPU-aee03275-201a-58e4-7b5a-f08a6e4c1e50, NVIDIA A100-SXM4-40GB, 37471, 40960, 0, 102.32, 36
nid001133,2026/05/03 14:40:02.475, 3, GPU-e0003d1b-186b-2e66-9474-0b7af5c50af4, NVIDIA A100-SXM4-40GB, 37471, 40960, 0, 99.34, 35
nid001132,2026/05/03 14:40:05.407, 0, GPU-1ee6ac61-44ab-b161-9de0-16bbb44716e7, NVIDIA A100-SXM4-40GB, 36817, 40960, 0, 119.17, 38
nid001132,2026/05/03 14:40:05.414, 1, GPU-afa7121e-c5d0-2eb5-4e9a-8b001ff7a220, NVIDIA A100-SXM4-40GB, 36749, 40960, 0, 112.66, 35
nid001132,2026/05/03 14:40:05.415, 2, GPU-4dea0284-873a-fa20-cc19-10ca82324573, NVIDIA A100-SXM4-40GB, 36749, 40960, 0, 104.72, 36
nid001132,2026/05/03 14:40:05.417, 3, GPU-cba17786-ea73-0caf-0d43-c838fbb66bcd, NVIDIA A100-SXM4-40GB, 36749, 40960, 0, 110.87, 33
nid001133,2026/05/03 14:40:06.272, 0, GPU-43cac420-244c-9975-fbd1-604f88cdd44c, NVIDIA A100-SXM4-40GB, 37481, 40960, 0, 131.66, 35
nid001133,2026/05/03 14:40:06.276, 1, GPU-73838956-9ad1-3484-0ba2-7d8b02c7a72a, NVIDIA A100-SXM4-40GB, 37471, 40960, 93, 112.55, 34
nid001133,2026/05/03 14:40:06.281, 2, GPU-aee03275-201a-58e4-7b5a-f08a6e4c1e50, NVIDIA A100-SXM4-40GB, 37471, 40960, 0, 102.32, 36
nid001133,2026/05/03 14:40:06.282, 3, GPU-e0003d1b-186b-2e66-9474-0b7af5c50af4, NVIDIA A100-SXM4-40GB, 37471, 40960, 0, 99.51, 35
nid001132,2026/05/03 14:40:09.139, 0, GPU-1ee6ac61-44ab-b161-9de0-16bbb44716e7, NVIDIA A100-SXM4-40GB, 36817, 40960, 4, 105.65, 38
nid001132,2026/05/03 14:40:09.142, 1, GPU-afa7121e-c5d0-2eb5-4e9a-8b001ff7a220, NVIDIA A100-SXM4-40GB, 36749, 40960, 75, 100.15, 34
nid001132,2026/05/03 14:40:09.144, 2, GPU-4dea0284-873a-fa20-cc19-10ca82324573, NVIDIA A100-SXM4-40GB, 36749, 40960, 19, 103.72, 36
nid001132,2026/05/03 14:40:09.145, 3, GPU-cba17786-ea73-0caf-0d43-c838fbb66bcd, NVIDIA A100-SXM4-40GB, 36749, 40960, 9, 105.25, 33
nid001133,2026/05/03 14:40:09.963, 0, GPU-43cac420-244c-9975-fbd1-604f88cdd44c, NVIDIA A100-SXM4-40GB, 37481, 40960, 0, 103.96, 35
nid001133,2026/05/03 14:40:09.965, 1, GPU-73838956-9ad1-3484-0ba2-7d8b02c7a72a, NVIDIA A100-SXM4-40GB, 37471, 40960, 74, 101.80, 34
nid001133,2026/05/03 14:40:09.967, 2, GPU-aee03275-201a-58e4-7b5a-f08a6e4c1e50, NVIDIA A100-SXM4-40GB, 37471, 40960, 36, 102.56, 36
nid001133,2026/05/03 14:40:09.968, 3, GPU-e0003d1b-186b-2e66-9474-0b7af5c50af4, NVIDIA A100-SXM4-40GB, 37471, 40960, 3, 99.22, 35
nid001132,2026/05/03 14:40:12.838, 0, GPU-1ee6ac61-44ab-b161-9de0-16bbb44716e7, NVIDIA A100-SXM4-40GB, 36817, 40960, 0, 121.73, 38
nid001132,2026/05/03 14:40:12.841, 1, GPU-afa7121e-c5d0-2eb5-4e9a-8b001ff7a220, NVIDIA A100-SXM4-40GB, 36749, 40960, 0, 111.37, 35
nid001132,2026/05/03 14:40:12.843, 2, GPU-4dea0284-873a-fa20-cc19-10ca82324573, NVIDIA A100-SXM4-40GB, 36749, 40960, 0, 120.93, 36
nid001132,2026/05/03 14:40:12.844, 3, GPU-cba17786-ea73-0caf-0d43-c838fbb66bcd, NVIDIA A100-SXM4-40GB, 36749, 40960, 0, 112.16, 33
nid001133,2026/05/03 14:40:13.695, 0, GPU-43cac420-244c-9975-fbd1-604f88cdd44c, NVIDIA A100-SXM4-40GB, 37481, 40960, 52, 103.96, 35
nid001133,2026/05/03 14:40:13.697, 1, GPU-73838956-9ad1-3484-0ba2-7d8b02c7a72a, NVIDIA A100-SXM4-40GB, 37471, 40960, 0, 101.92, 34
nid001133,2026/05/03 14:40:13.699, 2, GPU-aee03275-201a-58e4-7b5a-f08a6e4c1e50, NVIDIA A100-SXM4-40GB, 37471, 40960, 0, 102.32, 36
nid001133,2026/05/03 14:40:13.700, 3, GPU-e0003d1b-186b-2e66-9474-0b7af5c50af4, NVIDIA A100-SXM4-40GB, 37471, 40960, 0, 99.22, 35
nid001132,2026/05/03 14:40:16.600, 0, GPU-1ee6ac61-44ab-b161-9de0-16bbb44716e7, NVIDIA A100-SXM4-40GB, 36817, 40960, 31, 106.29, 38
nid001132,2026/05/03 14:40:16.602, 1, GPU-afa7121e-c5d0-2eb5-4e9a-8b001ff7a220, NVIDIA A100-SXM4-40GB, 36749, 40960, 79, 104.48, 35
nid001132,2026/05/03 14:40:16.604, 2, GPU-4dea0284-873a-fa20-cc19-10ca82324573, NVIDIA A100-SXM4-40GB, 36749, 40960, 64, 104.12, 36
nid001132,2026/05/03 14:40:16.606, 3, GPU-cba17786-ea73-0caf-0d43-c838fbb66bcd, NVIDIA A100-SXM4-40GB, 36749, 40960, 24, 106.65, 33
nid001133,2026/05/03 14:40:17.434, 0, GPU-43cac420-244c-9975-fbd1-604f88cdd44c, NVIDIA A100-SXM4-40GB, 37481, 40960, 78, 121.59, 36
nid001133,2026/05/03 14:40:17.438, 1, GPU-73838956-9ad1-3484-0ba2-7d8b02c7a72a, NVIDIA A100-SXM4-40GB, 37471, 40960, 22, 103.84, 34
nid001133,2026/05/03 14:40:17.439, 2, GPU-aee03275-201a-58e4-7b5a-f08a6e4c1e50, NVIDIA A100-SXM4-40GB, 37471, 40960, 80, 109.09, 37
nid001133,2026/05/03 14:40:17.441, 3, GPU-e0003d1b-186b-2e66-9474-0b7af5c50af4, NVIDIA A100-SXM4-40GB, 37471, 40960, 32, 100.15, 35
nid001132,2026/05/03 14:40:20.405, 0, GPU-1ee6ac61-44ab-b161-9de0-16bbb44716e7, NVIDIA A100-SXM4-40GB, 36817, 40960, 0, 105.53, 38
nid001132,2026/05/03 14:40:20.407, 1, GPU-afa7121e-c5d0-2eb5-4e9a-8b001ff7a220, NVIDIA A100-SXM4-40GB, 36749, 40960, 34, 101.43, 35
nid001132,2026/05/03 14:40:20.409, 2, GPU-4dea0284-873a-fa20-cc19-10ca82324573, NVIDIA A100-SXM4-40GB, 36749, 40960, 0, 103.60, 36
nid001132,2026/05/03 14:40:20.410, 3, GPU-cba17786-ea73-0caf-0d43-c838fbb66bcd, NVIDIA A100-SXM4-40GB, 36749, 40960, 0, 129.68, 33
nid001133,2026/05/03 14:40:21.251, 0, GPU-43cac420-244c-9975-fbd1-604f88cdd44c, NVIDIA A100-SXM4-40GB, 37481, 40960, 0, 103.96, 35
nid001133,2026/05/03 14:40:21.254, 1, GPU-73838956-9ad1-3484-0ba2-7d8b02c7a72a, NVIDIA A100-SXM4-40GB, 37471, 40960, 0, 101.80, 34
nid001133,2026/05/03 14:40:21.256, 2, GPU-aee03275-201a-58e4-7b5a-f08a6e4c1e50, NVIDIA A100-SXM4-40GB, 37471, 40960, 0, 102.43, 36
nid001133,2026/05/03 14:40:21.257, 3, GPU-e0003d1b-186b-2e66-9474-0b7af5c50af4, NVIDIA A100-SXM4-40GB, 37471, 40960, 0, 99.51, 35
nid001132,2026/05/03 14:40:24.221, 0, GPU-1ee6ac61-44ab-b161-9de0-16bbb44716e7, NVIDIA A100-SXM4-40GB, 36817, 40960, 34, 109.46, 38
nid001132,2026/05/03 14:40:24.228, 1, GPU-afa7121e-c5d0-2eb5-4e9a-8b001ff7a220, NVIDIA A100-SXM4-40GB, 36749, 40960, 22, 108.33, 35
nid001132,2026/05/03 14:40:24.229, 2, GPU-4dea0284-873a-fa20-cc19-10ca82324573, NVIDIA A100-SXM4-40GB, 36749, 40960, 48, 108.33, 36
nid001132,2026/05/03 14:40:24.231, 3, GPU-cba17786-ea73-0caf-0d43-c838fbb66bcd, NVIDIA A100-SXM4-40GB, 36749, 40960, 27, 107.83, 33
nid001133,2026/05/03 14:40:25.146, 0, GPU-43cac420-244c-9975-fbd1-604f88cdd44c, NVIDIA A100-SXM4-40GB, 37481, 40960, 0, 114.94, 36
nid001133,2026/05/03 14:40:25.152, 1, GPU-73838956-9ad1-3484-0ba2-7d8b02c7a72a, NVIDIA A100-SXM4-40GB, 37471, 40960, 2, 102.16, 34
nid001133,2026/05/03 14:40:25.154, 2, GPU-aee03275-201a-58e4-7b5a-f08a6e4c1e50, NVIDIA A100-SXM4-40GB, 37471, 40960, 1, 102.56, 37
nid001133,2026/05/03 14:40:25.156, 3, GPU-e0003d1b-186b-2e66-9474-0b7af5c50af4, NVIDIA A100-SXM4-40GB, 37471, 40960, 0, 99.22, 35
nid001132,2026/05/03 14:40:28.041, 0, GPU-1ee6ac61-44ab-b161-9de0-16bbb44716e7, NVIDIA A100-SXM4-40GB, 36817, 40960, 65, 105.65, 38
nid001132,2026/05/03 14:40:28.044, 1, GPU-afa7121e-c5d0-2eb5-4e9a-8b001ff7a220, NVIDIA A100-SXM4-40GB, 36749, 40960, 60, 105.00, 35
nid001132,2026/05/03 14:40:28.045, 2, GPU-4dea0284-873a-fa20-cc19-10ca82324573, NVIDIA A100-SXM4-40GB, 36749, 40960, 98, 103.60, 36
nid001132,2026/05/03 14:40:28.047, 3, GPU-cba17786-ea73-0caf-0d43-c838fbb66bcd, NVIDIA A100-SXM4-40GB, 36749, 40960, 59, 105.89, 33
nid001133,2026/05/03 14:40:28.983, 0, GPU-43cac420-244c-9975-fbd1-604f88cdd44c, NVIDIA A100-SXM4-40GB, 37481, 40960, 8, 103.96, 35
nid001133,2026/05/03 14:40:28.989, 1, GPU-73838956-9ad1-3484-0ba2-7d8b02c7a72a, NVIDIA A100-SXM4-40GB, 37471, 40960, 0, 101.80, 34
nid001133,2026/05/03 14:40:28.993, 2, GPU-aee03275-201a-58e4-7b5a-f08a6e4c1e50, NVIDIA A100-SXM4-40GB, 37471, 40960, 34, 102.43, 36
nid001133,2026/05/03 14:40:29.005, 3, GPU-e0003d1b-186b-2e66-9474-0b7af5c50af4, NVIDIA A100-SXM4-40GB, 37471, 40960, 99, 99.22, 35
nid001132,2026/05/03 14:40:31.903, 0, GPU-1ee6ac61-44ab-b161-9de0-16bbb44716e7, NVIDIA A100-SXM4-40GB, 36817, 40960, 34, 105.76, 38
nid001132,2026/05/03 14:40:31.906, 1, GPU-afa7121e-c5d0-2eb5-4e9a-8b001ff7a220, NVIDIA A100-SXM4-40GB, 36749, 40960, 46, 118.41, 35
nid001132,2026/05/03 14:40:31.908, 2, GPU-4dea0284-873a-fa20-cc19-10ca82324573, NVIDIA A100-SXM4-40GB, 36749, 40960, 85, 105.40, 36
nid001132,2026/05/03 14:40:31.909, 3, GPU-cba17786-ea73-0caf-0d43-c838fbb66bcd, NVIDIA A100-SXM4-40GB, 36749, 40960, 100, 110.22, 33
nid001133,2026/05/03 14:40:32.765, 0, GPU-43cac420-244c-9975-fbd1-604f88cdd44c, NVIDIA A100-SXM4-40GB, 37481, 40960, 0, 130.66, 35
nid001133,2026/05/03 14:40:32.771, 1, GPU-73838956-9ad1-3484-0ba2-7d8b02c7a72a, NVIDIA A100-SXM4-40GB, 37471, 40960, 0, 102.79, 34
nid001133,2026/05/03 14:40:32.775, 2, GPU-aee03275-201a-58e4-7b5a-f08a6e4c1e50, NVIDIA A100-SXM4-40GB, 37471, 40960, 0, 121.35, 37
nid001133,2026/05/03 14:40:32.781, 3, GPU-e0003d1b-186b-2e66-9474-0b7af5c50af4, NVIDIA A100-SXM4-40GB, 37471, 40960, 20, 113.55, 35
nid001132,2026/05/03 14:40:35.651, 0, GPU-1ee6ac61-44ab-b161-9de0-16bbb44716e7, NVIDIA A100-SXM4-40GB, 36817, 40960, 2, 111.37, 38
nid001132,2026/05/03 14:40:35.654, 1, GPU-afa7121e-c5d0-2eb5-4e9a-8b001ff7a220, NVIDIA A100-SXM4-40GB, 36749, 40960, 100, 123.49, 35
nid001132,2026/05/03 14:40:35.655, 2, GPU-4dea0284-873a-fa20-cc19-10ca82324573, NVIDIA A100-SXM4-40GB, 36749, 40960, 100, 107.15, 36
nid001132,2026/05/03 14:40:35.657, 3, GPU-cba17786-ea73-0caf-0d43-c838fbb66bcd, NVIDIA A100-SXM4-40GB, 36749, 40960, 100, 113.55, 33
nid001133,2026/05/03 14:40:36.468, 0, GPU-43cac420-244c-9975-fbd1-604f88cdd44c, NVIDIA A100-SXM4-40GB, 37481, 40960, 80, 117.27, 35
nid001133,2026/05/03 14:40:36.471, 1, GPU-73838956-9ad1-3484-0ba2-7d8b02c7a72a, NVIDIA A100-SXM4-40GB, 37471, 40960, 84, 107.41, 34
nid001133,2026/05/03 14:40:36.472, 2, GPU-aee03275-201a-58e4-7b5a-f08a6e4c1e50, NVIDIA A100-SXM4-40GB, 37471, 40960, 47, 102.43, 37
nid001133,2026/05/03 14:40:36.474, 3, GPU-e0003d1b-186b-2e66-9474-0b7af5c50af4, NVIDIA A100-SXM4-40GB, 37471, 40960, 27, 112.13, 35
nid001132,2026/05/03 14:40:39.323, 0, GPU-1ee6ac61-44ab-b161-9de0-16bbb44716e7, NVIDIA A100-SXM4-40GB, 36817, 40960, 0, 105.65, 38
nid001132,2026/05/03 14:40:39.326, 1, GPU-afa7121e-c5d0-2eb5-4e9a-8b001ff7a220, NVIDIA A100-SXM4-40GB, 36749, 40960, 34, 101.27, 34
nid001132,2026/05/03 14:40:39.327, 2, GPU-4dea0284-873a-fa20-cc19-10ca82324573, NVIDIA A100-SXM4-40GB, 36749, 40960, 24, 103.72, 36
nid001132,2026/05/03 14:40:39.329, 3, GPU-cba17786-ea73-0caf-0d43-c838fbb66bcd, NVIDIA A100-SXM4-40GB, 36749, 40960, 34, 105.25, 33
nid001133,2026/05/03 14:40:40.144, 0, GPU-43cac420-244c-9975-fbd1-604f88cdd44c, NVIDIA A100-SXM4-40GB, 37481, 40960, 20, 104.08, 35
nid001133,2026/05/03 14:40:40.147, 1, GPU-73838956-9ad1-3484-0ba2-7d8b02c7a72a, NVIDIA A100-SXM4-40GB, 37471, 40960, 55, 101.92, 34
nid001133,2026/05/03 14:40:40.149, 2, GPU-aee03275-201a-58e4-7b5a-f08a6e4c1e50, NVIDIA A100-SXM4-40GB, 37471, 40960, 22, 102.32, 36
nid001133,2026/05/03 14:40:40.150, 3, GPU-e0003d1b-186b-2e66-9474-0b7af5c50af4, NVIDIA A100-SXM4-40GB, 37471, 40960, 40, 99.22, 35
nid001132,2026/05/03 14:40:43.055, 0, GPU-1ee6ac61-44ab-b161-9de0-16bbb44716e7, NVIDIA A100-SXM4-40GB, 36817, 40960, 0, 105.65, 38
nid001132,2026/05/03 14:40:43.058, 1, GPU-afa7121e-c5d0-2eb5-4e9a-8b001ff7a220, NVIDIA A100-SXM4-40GB, 36749, 40960, 0, 101.15, 34
nid001132,2026/05/03 14:40:43.062, 2, GPU-4dea0284-873a-fa20-cc19-10ca82324573, NVIDIA A100-SXM4-40GB, 36749, 40960, 0, 103.72, 36
nid001132,2026/05/03 14:40:43.063, 3, GPU-cba17786-ea73-0caf-0d43-c838fbb66bcd, NVIDIA A100-SXM4-40GB, 36749, 40960, 17, 105.25, 33
nid001133,2026/05/03 14:40:43.899, 0, GPU-43cac420-244c-9975-fbd1-604f88cdd44c, NVIDIA A100-SXM4-40GB, 37481, 40960, 82, 103.96, 35
nid001133,2026/05/03 14:40:43.901, 1, GPU-73838956-9ad1-3484-0ba2-7d8b02c7a72a, NVIDIA A100-SXM4-40GB, 37471, 40960, 21, 101.80, 34
nid001133,2026/05/03 14:40:43.903, 2, GPU-aee03275-201a-58e4-7b5a-f08a6e4c1e50, NVIDIA A100-SXM4-40GB, 37471, 40960, 28, 102.43, 36
nid001133,2026/05/03 14:40:43.905, 3, GPU-e0003d1b-186b-2e66-9474-0b7af5c50af4, NVIDIA A100-SXM4-40GB, 37471, 40960, 8, 99.51, 35
nid001132,2026/05/03 14:40:46.780, 0, GPU-1ee6ac61-44ab-b161-9de0-16bbb44716e7, NVIDIA A100-SXM4-40GB, 36817, 40960, 88, 121.88, 38
nid001132,2026/05/03 14:40:46.783, 1, GPU-afa7121e-c5d0-2eb5-4e9a-8b001ff7a220, NVIDIA A100-SXM4-40GB, 36749, 40960, 87, 107.28, 35
nid001132,2026/05/03 14:40:46.784, 2, GPU-4dea0284-873a-fa20-cc19-10ca82324573, NVIDIA A100-SXM4-40GB, 36749, 40960, 74, 118.41, 36
nid001132,2026/05/03 14:40:46.786, 3, GPU-cba17786-ea73-0caf-0d43-c838fbb66bcd, NVIDIA A100-SXM4-40GB, 36749, 40960, 31, 118.17, 33
nid001133,2026/05/03 14:40:47.627, 0, GPU-43cac420-244c-9975-fbd1-604f88cdd44c, NVIDIA A100-SXM4-40GB, 37481, 40960, 0, 113.57, 36
nid001133,2026/05/03 14:40:47.629, 1, GPU-73838956-9ad1-3484-0ba2-7d8b02c7a72a, NVIDIA A100-SXM4-40GB, 37471, 40960, 94, 124.16, 34
nid001133,2026/05/03 14:40:47.631, 2, GPU-aee03275-201a-58e4-7b5a-f08a6e4c1e50, NVIDIA A100-SXM4-40GB, 37471, 40960, 12, 115.74, 37
nid001133,2026/05/03 14:40:47.632, 3, GPU-e0003d1b-186b-2e66-9474-0b7af5c50af4, NVIDIA A100-SXM4-40GB, 37471, 40960, 0, 101.04, 35
nid001132,2026/05/03 14:40:50.531, 0, GPU-1ee6ac61-44ab-b161-9de0-16bbb44716e7, NVIDIA A100-SXM4-40GB, 36817, 40960, 0, 107.05, 38
nid001132,2026/05/03 14:40:50.534, 1, GPU-afa7121e-c5d0-2eb5-4e9a-8b001ff7a220, NVIDIA A100-SXM4-40GB, 36749, 40960, 0, 109.72, 35
nid001132,2026/05/03 14:40:50.535, 2, GPU-4dea0284-873a-fa20-cc19-10ca82324573, NVIDIA A100-SXM4-40GB, 36749, 40960, 0, 107.68, 36
nid001132,2026/05/03 14:40:50.539, 3, GPU-cba17786-ea73-0caf-0d43-c838fbb66bcd, NVIDIA A100-SXM4-40GB, 36749, 40960, 0, 106.65, 33
nid001133,2026/05/03 14:40:51.383, 0, GPU-43cac420-244c-9975-fbd1-604f88cdd44c, NVIDIA A100-SXM4-40GB, 37481, 40960, 5, 103.72, 35
nid001133,2026/05/03 14:40:51.386, 1, GPU-73838956-9ad1-3484-0ba2-7d8b02c7a72a, NVIDIA A100-SXM4-40GB, 37471, 40960, 16, 102.04, 34
nid001133,2026/05/03 14:40:51.388, 2, GPU-aee03275-201a-58e4-7b5a-f08a6e4c1e50, NVIDIA A100-SXM4-40GB, 37471, 40960, 70, 102.43, 36
nid001133,2026/05/03 14:40:51.389, 3, GPU-e0003d1b-186b-2e66-9474-0b7af5c50af4, NVIDIA A100-SXM4-40GB, 37471, 40960, 56, 99.51, 35
nid001132,2026/05/03 14:40:54.255, 0, GPU-1ee6ac61-44ab-b161-9de0-16bbb44716e7, NVIDIA A100-SXM4-40GB, 36817, 40960, 100, 105.89, 38
nid001132,2026/05/03 14:40:54.258, 1, GPU-afa7121e-c5d0-2eb5-4e9a-8b001ff7a220, NVIDIA A100-SXM4-40GB, 36749, 40960, 41, 101.43, 34
nid001132,2026/05/03 14:40:54.264, 2, GPU-4dea0284-873a-fa20-cc19-10ca82324573, NVIDIA A100-SXM4-40GB, 36749, 40960, 48, 103.60, 36
nid001132,2026/05/03 14:40:54.265, 3, GPU-cba17786-ea73-0caf-0d43-c838fbb66bcd, NVIDIA A100-SXM4-40GB, 36749, 40960, 100, 108.46, 33
nid001133,2026/05/03 14:40:55.110, 0, GPU-43cac420-244c-9975-fbd1-604f88cdd44c, NVIDIA A100-SXM4-40GB, 37481, 40960, 3, 126.29, 35
nid001133,2026/05/03 14:40:55.112, 1, GPU-73838956-9ad1-3484-0ba2-7d8b02c7a72a, NVIDIA A100-SXM4-40GB, 37471, 40960, 30, 122.03, 34
nid001133,2026/05/03 14:40:55.114, 2, GPU-aee03275-201a-58e4-7b5a-f08a6e4c1e50, NVIDIA A100-SXM4-40GB, 37471, 40960, 0, 119.55, 37
nid001133,2026/05/03 14:40:55.116, 3, GPU-e0003d1b-186b-2e66-9474-0b7af5c50af4, NVIDIA A100-SXM4-40GB, 37471, 40960, 0, 106.42, 35
nid001132,2026/05/03 14:40:58.004, 0, GPU-1ee6ac61-44ab-b161-9de0-16bbb44716e7, NVIDIA A100-SXM4-40GB, 36817, 40960, 43, 110.74, 38
nid001132,2026/05/03 14:40:58.007, 1, GPU-afa7121e-c5d0-2eb5-4e9a-8b001ff7a220, NVIDIA A100-SXM4-40GB, 36749, 40960, 49, 105.76, 35
nid001132,2026/05/03 14:40:58.008, 2, GPU-4dea0284-873a-fa20-cc19-10ca82324573, NVIDIA A100-SXM4-40GB, 36749, 40960, 35, 107.15, 36
nid001132,2026/05/03 14:40:58.010, 3, GPU-cba17786-ea73-0caf-0d43-c838fbb66bcd, NVIDIA A100-SXM4-40GB, 36749, 40960, 22, 112.79, 33
nid001133,2026/05/03 14:40:59.023, 0, GPU-43cac420-244c-9975-fbd1-604f88cdd44c, NVIDIA A100-SXM4-40GB, 37481, 40960, 1, 131.94, 36
nid001133,2026/05/03 14:40:59.025, 1, GPU-73838956-9ad1-3484-0ba2-7d8b02c7a72a, NVIDIA A100-SXM4-40GB, 37471, 40960, 4, 114.84, 34
nid001133,2026/05/03 14:40:59.027, 2, GPU-aee03275-201a-58e4-7b5a-f08a6e4c1e50, NVIDIA A100-SXM4-40GB, 37471, 40960, 75, 103.08, 37
nid001133,2026/05/03 14:40:59.028, 3, GPU-e0003d1b-186b-2e66-9474-0b7af5c50af4, NVIDIA A100-SXM4-40GB, 37471, 40960, 0, 112.66, 35
nid001132,2026/05/03 14:41:01.962, 0, GPU-1ee6ac61-44ab-b161-9de0-16bbb44716e7, NVIDIA A100-SXM4-40GB, 36817, 40960, 10, 105.65, 38
nid001132,2026/05/03 14:41:01.965, 1, GPU-afa7121e-c5d0-2eb5-4e9a-8b001ff7a220, NVIDIA A100-SXM4-40GB, 36749, 40960, 19, 100.39, 34
nid001132,2026/05/03 14:41:01.966, 2, GPU-4dea0284-873a-fa20-cc19-10ca82324573, NVIDIA A100-SXM4-40GB, 36749, 40960, 4, 103.60, 36
nid001132,2026/05/03 14:41:01.968, 3, GPU-cba17786-ea73-0caf-0d43-c838fbb66bcd, NVIDIA A100-SXM4-40GB, 36749, 40960, 1, 105.12, 33
nid001133,2026/05/03 14:41:02.844, 0, GPU-43cac420-244c-9975-fbd1-604f88cdd44c, NVIDIA A100-SXM4-40GB, 37481, 40960, 46, 116.85, 35
nid001133,2026/05/03 14:41:02.847, 1, GPU-73838956-9ad1-3484-0ba2-7d8b02c7a72a, NVIDIA A100-SXM4-40GB, 37471, 40960, 88, 102.56, 34
nid001133,2026/05/03 14:41:02.849, 2, GPU-aee03275-201a-58e4-7b5a-f08a6e4c1e50, NVIDIA A100-SXM4-40GB, 37471, 40960, 61, 104.24, 36
nid001133,2026/05/03 14:41:02.850, 3, GPU-e0003d1b-186b-2e66-9474-0b7af5c50af4, NVIDIA A100-SXM4-40GB, 37471, 40960, 17, 99.75, 35
nid001132,2026/05/03 14:41:05.745, 0, GPU-1ee6ac61-44ab-b161-9de0-16bbb44716e7, NVIDIA A100-SXM4-40GB, 36817, 40960, 14, 105.65, 38
nid001132,2026/05/03 14:41:05.748, 1, GPU-afa7121e-c5d0-2eb5-4e9a-8b001ff7a220, NVIDIA A100-SXM4-40GB, 36749, 40960, 87, 101.27, 34
nid001132,2026/05/03 14:41:05.749, 2, GPU-4dea0284-873a-fa20-cc19-10ca82324573, NVIDIA A100-SXM4-40GB, 36749, 40960, 8, 103.72, 36
nid001132,2026/05/03 14:41:05.751, 3, GPU-cba17786-ea73-0caf-0d43-c838fbb66bcd, NVIDIA A100-SXM4-40GB, 36749, 40960, 34, 105.25, 33
nid001133,2026/05/03 14:41:06.622, 0, GPU-43cac420-244c-9975-fbd1-604f88cdd44c, NVIDIA A100-SXM4-40GB, 37481, 40960, 10, 103.84, 35
nid001133,2026/05/03 14:41:06.625, 1, GPU-73838956-9ad1-3484-0ba2-7d8b02c7a72a, NVIDIA A100-SXM4-40GB, 37471, 40960, 8, 101.92, 34
nid001133,2026/05/03 14:41:06.626, 2, GPU-aee03275-201a-58e4-7b5a-f08a6e4c1e50, NVIDIA A100-SXM4-40GB, 37471, 40960, 0, 102.56, 36
nid001133,2026/05/03 14:41:06.628, 3, GPU-e0003d1b-186b-2e66-9474-0b7af5c50af4, NVIDIA A100-SXM4-40GB, 37471, 40960, 49, 99.34, 35
nid001132,2026/05/03 14:41:09.493, 0, GPU-1ee6ac61-44ab-b161-9de0-16bbb44716e7, NVIDIA A100-SXM4-40GB, 36817, 40960, 43, 106.42, 38
nid001132,2026/05/03 14:41:09.496, 1, GPU-afa7121e-c5d0-2eb5-4e9a-8b001ff7a220, NVIDIA A100-SXM4-40GB, 36749, 40960, 43, 124.92, 35
nid001132,2026/05/03 14:41:09.497, 2, GPU-4dea0284-873a-fa20-cc19-10ca82324573, NVIDIA A100-SXM4-40GB, 36749, 40960, 39, 106.92, 36
nid001132,2026/05/03 14:41:09.499, 3, GPU-cba17786-ea73-0caf-0d43-c838fbb66bcd, NVIDIA A100-SXM4-40GB, 36749, 40960, 50, 108.69, 33
nid001133,2026/05/03 14:41:10.358, 0, GPU-43cac420-244c-9975-fbd1-604f88cdd44c, NVIDIA A100-SXM4-40GB, 37481, 40960, 0, 103.96, 35
nid001133,2026/05/03 14:41:10.361, 1, GPU-73838956-9ad1-3484-0ba2-7d8b02c7a72a, NVIDIA A100-SXM4-40GB, 37471, 40960, 0, 102.04, 34
nid001133,2026/05/03 14:41:10.362, 2, GPU-aee03275-201a-58e4-7b5a-f08a6e4c1e50, NVIDIA A100-SXM4-40GB, 37471, 40960, 0, 102.56, 36
nid001133,2026/05/03 14:41:10.364, 3, GPU-e0003d1b-186b-2e66-9474-0b7af5c50af4, NVIDIA A100-SXM4-40GB, 37471, 40960, 0, 99.51, 35
nid001132,2026/05/03 14:41:13.225, 0, GPU-1ee6ac61-44ab-b161-9de0-16bbb44716e7, NVIDIA A100-SXM4-40GB, 36817, 40960, 59, 110.85, 38
nid001132,2026/05/03 14:41:13.227, 1, GPU-afa7121e-c5d0-2eb5-4e9a-8b001ff7a220, NVIDIA A100-SXM4-40GB, 36749, 40960, 63, 119.93, 35
nid001132,2026/05/03 14:41:13.229, 2, GPU-4dea0284-873a-fa20-cc19-10ca82324573, NVIDIA A100-SXM4-40GB, 36749, 40960, 32, 113.04, 36
nid001132,2026/05/03 14:41:13.230, 3, GPU-cba17786-ea73-0caf-0d43-c838fbb66bcd, NVIDIA A100-SXM4-40GB, 36749, 40960, 75, 108.94, 33
nid001133,2026/05/03 14:41:14.091, 0, GPU-43cac420-244c-9975-fbd1-604f88cdd44c, NVIDIA A100-SXM4-40GB, 37481, 40960, 7, 124.01, 35
nid001133,2026/05/03 14:41:14.094, 1, GPU-73838956-9ad1-3484-0ba2-7d8b02c7a72a, NVIDIA A100-SXM4-40GB, 37471, 40960, 30, 104.84, 34
nid001133,2026/05/03 14:41:14.099, 2, GPU-aee03275-201a-58e4-7b5a-f08a6e4c1e50, NVIDIA A100-SXM4-40GB, 37471, 40960, 0, 127.49, 37
nid001133,2026/05/03 14:41:14.101, 3, GPU-e0003d1b-186b-2e66-9474-0b7af5c50af4, NVIDIA A100-SXM4-40GB, 37471, 40960, 91, 122.35, 35
nid001132,2026/05/03 14:41:16.945, 0, GPU-1ee6ac61-44ab-b161-9de0-16bbb44716e7, NVIDIA A100-SXM4-40GB, 36817, 40960, 0, 109.61, 38
nid001132,2026/05/03 14:41:16.948, 1, GPU-afa7121e-c5d0-2eb5-4e9a-8b001ff7a220, NVIDIA A100-SXM4-40GB, 36749, 40960, 26, 101.15, 35
nid001132,2026/05/03 14:41:16.949, 2, GPU-4dea0284-873a-fa20-cc19-10ca82324573, NVIDIA A100-SXM4-40GB, 36749, 40960, 5, 106.64, 36
nid001132,2026/05/03 14:41:16.951, 3, GPU-cba17786-ea73-0caf-0d43-c838fbb66bcd, NVIDIA A100-SXM4-40GB, 36749, 40960, 0, 105.25, 33
nid001133,2026/05/03 14:41:17.791, 0, GPU-43cac420-244c-9975-fbd1-604f88cdd44c, NVIDIA A100-SXM4-40GB, 37481, 40960, 12, 103.96, 35
nid001133,2026/05/03 14:41:17.793, 1, GPU-73838956-9ad1-3484-0ba2-7d8b02c7a72a, NVIDIA A100-SXM4-40GB, 37471, 40960, 0, 102.79, 34
nid001133,2026/05/03 14:41:17.801, 2, GPU-aee03275-201a-58e4-7b5a-f08a6e4c1e50, NVIDIA A100-SXM4-40GB, 37471, 40960, 55, 102.43, 36
nid001133,2026/05/03 14:41:17.802, 3, GPU-e0003d1b-186b-2e66-9474-0b7af5c50af4, NVIDIA A100-SXM4-40GB, 37471, 40960, 35, 99.51, 35
nid001132,2026/05/03 14:41:20.659, 0, GPU-1ee6ac61-44ab-b161-9de0-16bbb44716e7, NVIDIA A100-SXM4-40GB, 36817, 40960, 0, 112.55, 38
nid001132,2026/05/03 14:41:20.662, 1, GPU-afa7121e-c5d0-2eb5-4e9a-8b001ff7a220, NVIDIA A100-SXM4-40GB, 36749, 40960, 0, 132.33, 35
nid001132,2026/05/03 14:41:20.668, 2, GPU-4dea0284-873a-fa20-cc19-10ca82324573, NVIDIA A100-SXM4-40GB, 36749, 40960, 0, 116.74, 36
nid001132,2026/05/03 14:41:20.669, 3, GPU-cba17786-ea73-0caf-0d43-c838fbb66bcd, NVIDIA A100-SXM4-40GB, 36749, 40960, 0, 109.07, 33
nid001133,2026/05/03 14:41:21.541, 0, GPU-43cac420-244c-9975-fbd1-604f88cdd44c, NVIDIA A100-SXM4-40GB, 37481, 40960, 2, 129.61, 35
nid001133,2026/05/03 14:41:21.544, 1, GPU-73838956-9ad1-3484-0ba2-7d8b02c7a72a, NVIDIA A100-SXM4-40GB, 37471, 40960, 0, 111.27, 34
nid001133,2026/05/03 14:41:21.546, 2, GPU-aee03275-201a-58e4-7b5a-f08a6e4c1e50, NVIDIA A100-SXM4-40GB, 37471, 40960, 22, 119.83, 37
nid001133,2026/05/03 14:41:21.547, 3, GPU-e0003d1b-186b-2e66-9474-0b7af5c50af4, NVIDIA A100-SXM4-40GB, 37471, 40960, 0, 124.16, 35
nid001132,2026/05/03 14:41:24.412, 0, GPU-1ee6ac61-44ab-b161-9de0-16bbb44716e7, NVIDIA A100-SXM4-40GB, 36817, 40960, 5, 106.65, 38
nid001132,2026/05/03 14:41:24.415, 1, GPU-afa7121e-c5d0-2eb5-4e9a-8b001ff7a220, NVIDIA A100-SXM4-40GB, 36749, 40960, 8, 109.86, 35
nid001132,2026/05/03 14:41:24.416, 2, GPU-4dea0284-873a-fa20-cc19-10ca82324573, NVIDIA A100-SXM4-40GB, 36749, 40960, 18, 112.00, 36
nid001132,2026/05/03 14:41:24.418, 3, GPU-cba17786-ea73-0caf-0d43-c838fbb66bcd, NVIDIA A100-SXM4-40GB, 36749, 40960, 18, 105.89, 33
nid001133,2026/05/03 14:41:25.256, 0, GPU-43cac420-244c-9975-fbd1-604f88cdd44c, NVIDIA A100-SXM4-40GB, 37481, 40960, 14, 103.96, 35
nid001133,2026/05/03 14:41:25.259, 1, GPU-73838956-9ad1-3484-0ba2-7d8b02c7a72a, NVIDIA A100-SXM4-40GB, 37471, 40960, 0, 102.04, 34
nid001133,2026/05/03 14:41:25.260, 2, GPU-aee03275-201a-58e4-7b5a-f08a6e4c1e50, NVIDIA A100-SXM4-40GB, 37471, 40960, 0, 102.43, 36
nid001133,2026/05/03 14:41:25.262, 3, GPU-e0003d1b-186b-2e66-9474-0b7af5c50af4, NVIDIA A100-SXM4-40GB, 37471, 40960, 0, 99.51, 35
nid001132,2026/05/03 14:41:28.346, 0, GPU-1ee6ac61-44ab-b161-9de0-16bbb44716e7, NVIDIA A100-SXM4-40GB, 36817, 40960, 41, 111.14, 38
nid001132,2026/05/03 14:41:28.348, 1, GPU-afa7121e-c5d0-2eb5-4e9a-8b001ff7a220, NVIDIA A100-SXM4-40GB, 36749, 40960, 0, 121.45, 35
nid001132,2026/05/03 14:41:28.350, 2, GPU-4dea0284-873a-fa20-cc19-10ca82324573, NVIDIA A100-SXM4-40GB, 36749, 40960, 31, 107.15, 36
nid001132,2026/05/03 14:41:28.351, 3, GPU-cba17786-ea73-0caf-0d43-c838fbb66bcd, NVIDIA A100-SXM4-40GB, 36749, 40960, 0, 105.12, 33
nid001133,2026/05/03 14:41:29.220, 0, GPU-43cac420-244c-9975-fbd1-604f88cdd44c, NVIDIA A100-SXM4-40GB, 37481, 40960, 0, 103.96, 35
nid001133,2026/05/03 14:41:29.223, 1, GPU-73838956-9ad1-3484-0ba2-7d8b02c7a72a, NVIDIA A100-SXM4-40GB, 37471, 40960, 0, 102.79, 34
nid001133,2026/05/03 14:41:29.224, 2, GPU-aee03275-201a-58e4-7b5a-f08a6e4c1e50, NVIDIA A100-SXM4-40GB, 37471, 40960, 0, 102.43, 36
nid001133,2026/05/03 14:41:29.226, 3, GPU-e0003d1b-186b-2e66-9474-0b7af5c50af4, NVIDIA A100-SXM4-40GB, 37471, 40960, 8, 99.51, 35
nid001132,2026/05/03 14:41:32.149, 0, GPU-1ee6ac61-44ab-b161-9de0-16bbb44716e7, NVIDIA A100-SXM4-40GB, 36817, 40960, 18, 110.74, 38
nid001132,2026/05/03 14:41:32.152, 1, GPU-afa7121e-c5d0-2eb5-4e9a-8b001ff7a220, NVIDIA A100-SXM4-40GB, 36749, 40960, 98, 101.27, 34
nid001132,2026/05/03 14:41:32.154, 2, GPU-4dea0284-873a-fa20-cc19-10ca82324573, NVIDIA A100-SXM4-40GB, 36749, 40960, 18, 107.05, 36
nid001132,2026/05/03 14:41:32.156, 3, GPU-cba17786-ea73-0caf-0d43-c838fbb66bcd, NVIDIA A100-SXM4-40GB, 36749, 40960, 85, 105.25, 33
nid001133,2026/05/03 14:41:33.077, 0, GPU-43cac420-244c-9975-fbd1-604f88cdd44c, NVIDIA A100-SXM4-40GB, 37481, 40960, 0, 104.08, 35
nid001133,2026/05/03 14:41:33.080, 1, GPU-73838956-9ad1-3484-0ba2-7d8b02c7a72a, NVIDIA A100-SXM4-40GB, 37471, 40960, 0, 101.92, 34
nid001133,2026/05/03 14:41:33.082, 2, GPU-aee03275-201a-58e4-7b5a-f08a6e4c1e50, NVIDIA A100-SXM4-40GB, 37471, 40960, 0, 102.32, 36
nid001133,2026/05/03 14:41:33.083, 3, GPU-e0003d1b-186b-2e66-9474-0b7af5c50af4, NVIDIA A100-SXM4-40GB, 37471, 40960, 0, 99.34, 35
nid001132,2026/05/03 14:41:35.932, 0, GPU-1ee6ac61-44ab-b161-9de0-16bbb44716e7, NVIDIA A100-SXM4-40GB, 36817, 40960, 50, 105.53, 38
nid001132,2026/05/03 14:41:35.935, 1, GPU-afa7121e-c5d0-2eb5-4e9a-8b001ff7a220, NVIDIA A100-SXM4-40GB, 36749, 40960, 100, 101.43, 35
nid001132,2026/05/03 14:41:35.936, 2, GPU-4dea0284-873a-fa20-cc19-10ca82324573, NVIDIA A100-SXM4-40GB, 36749, 40960, 61, 113.29, 36
nid001132,2026/05/03 14:41:35.937, 3, GPU-cba17786-ea73-0caf-0d43-c838fbb66bcd, NVIDIA A100-SXM4-40GB, 36749, 40960, 68, 105.12, 33
nid001133,2026/05/03 14:41:36.862, 0, GPU-43cac420-244c-9975-fbd1-604f88cdd44c, NVIDIA A100-SXM4-40GB, 37481, 40960, 53, 103.72, 35
nid001133,2026/05/03 14:41:36.864, 1, GPU-73838956-9ad1-3484-0ba2-7d8b02c7a72a, NVIDIA A100-SXM4-40GB, 37471, 40960, 0, 102.79, 34
nid001133,2026/05/03 14:41:36.866, 2, GPU-aee03275-201a-58e4-7b5a-f08a6e4c1e50, NVIDIA A100-SXM4-40GB, 37471, 40960, 0, 102.32, 36
nid001133,2026/05/03 14:41:36.867, 3, GPU-e0003d1b-186b-2e66-9474-0b7af5c50af4, NVIDIA A100-SXM4-40GB, 37471, 40960, 0, 99.51, 35
nid001132,2026/05/03 14:41:39.867, 0, GPU-1ee6ac61-44ab-b161-9de0-16bbb44716e7, NVIDIA A100-SXM4-40GB, 36817, 40960, 2, 105.89, 38
nid001132,2026/05/03 14:41:39.870, 1, GPU-afa7121e-c5d0-2eb5-4e9a-8b001ff7a220, NVIDIA A100-SXM4-40GB, 36749, 40960, 0, 101.15, 34
nid001132,2026/05/03 14:41:39.871, 2, GPU-4dea0284-873a-fa20-cc19-10ca82324573, NVIDIA A100-SXM4-40GB, 36749, 40960, 75, 103.60, 36
nid001132,2026/05/03 14:41:39.873, 3, GPU-cba17786-ea73-0caf-0d43-c838fbb66bcd, NVIDIA A100-SXM4-40GB, 36749, 40960, 74, 105.12, 33
nid001133,2026/05/03 14:41:40.785, 0, GPU-43cac420-244c-9975-fbd1-604f88cdd44c, NVIDIA A100-SXM4-40GB, 37481, 40960, 0, 103.96, 35
nid001133,2026/05/03 14:41:40.788, 1, GPU-73838956-9ad1-3484-0ba2-7d8b02c7a72a, NVIDIA A100-SXM4-40GB, 37471, 40960, 0, 103.08, 34
nid001133,2026/05/03 14:41:40.790, 2, GPU-aee03275-201a-58e4-7b5a-f08a6e4c1e50, NVIDIA A100-SXM4-40GB, 37471, 40960, 38, 102.43, 36
nid001133,2026/05/03 14:41:40.792, 3, GPU-e0003d1b-186b-2e66-9474-0b7af5c50af4, NVIDIA A100-SXM4-40GB, 37471, 40960, 16, 99.51, 35
nid001132,2026/05/03 14:41:43.676, 0, GPU-1ee6ac61-44ab-b161-9de0-16bbb44716e7, NVIDIA A100-SXM4-40GB, 36817, 40960, 66, 105.65, 38
nid001132,2026/05/03 14:41:43.679, 1, GPU-afa7121e-c5d0-2eb5-4e9a-8b001ff7a220, NVIDIA A100-SXM4-40GB, 36749, 40960, 99, 101.15, 34
nid001132,2026/05/03 14:41:43.681, 2, GPU-4dea0284-873a-fa20-cc19-10ca82324573, NVIDIA A100-SXM4-40GB, 36749, 40960, 42, 103.60, 36
nid001132,2026/05/03 14:41:43.682, 3, GPU-cba17786-ea73-0caf-0d43-c838fbb66bcd, NVIDIA A100-SXM4-40GB, 36749, 40960, 86, 105.12, 33
nid001133,2026/05/03 14:41:44.488, 0, GPU-43cac420-244c-9975-fbd1-604f88cdd44c, NVIDIA A100-SXM4-40GB, 37481, 40960, 2, 103.96, 35
nid001133,2026/05/03 14:41:44.491, 1, GPU-73838956-9ad1-3484-0ba2-7d8b02c7a72a, NVIDIA A100-SXM4-40GB, 37471, 40960, 96, 103.08, 34
nid001133,2026/05/03 14:41:44.493, 2, GPU-aee03275-201a-58e4-7b5a-f08a6e4c1e50, NVIDIA A100-SXM4-40GB, 37471, 40960, 67, 102.43, 36
nid001133,2026/05/03 14:41:44.494, 3, GPU-e0003d1b-186b-2e66-9474-0b7af5c50af4, NVIDIA A100-SXM4-40GB, 37471, 40960, 46, 99.51, 35
nid001132,2026/05/03 14:41:47.370, 0, GPU-1ee6ac61-44ab-b161-9de0-16bbb44716e7, NVIDIA A100-SXM4-40GB, 36817, 40960, 63, 105.65, 38
nid001132,2026/05/03 14:41:47.373, 1, GPU-afa7121e-c5d0-2eb5-4e9a-8b001ff7a220, NVIDIA A100-SXM4-40GB, 36749, 40960, 67, 101.04, 34
nid001132,2026/05/03 14:41:47.374, 2, GPU-4dea0284-873a-fa20-cc19-10ca82324573, NVIDIA A100-SXM4-40GB, 36749, 40960, 2, 103.72, 36
nid001132,2026/05/03 14:41:47.376, 3, GPU-cba17786-ea73-0caf-0d43-c838fbb66bcd, NVIDIA A100-SXM4-40GB, 36749, 40960, 55, 105.25, 33
nid001133,2026/05/03 14:41:48.236, 0, GPU-43cac420-244c-9975-fbd1-604f88cdd44c, NVIDIA A100-SXM4-40GB, 37481, 40960, 80, 104.24, 35
nid001133,2026/05/03 14:41:48.238, 1, GPU-73838956-9ad1-3484-0ba2-7d8b02c7a72a, NVIDIA A100-SXM4-40GB, 37471, 40960, 92, 103.08, 34
nid001133,2026/05/03 14:41:48.240, 2, GPU-aee03275-201a-58e4-7b5a-f08a6e4c1e50, NVIDIA A100-SXM4-40GB, 37471, 40960, 4, 102.56, 36
nid001133,2026/05/03 14:41:48.241, 3, GPU-e0003d1b-186b-2e66-9474-0b7af5c50af4, NVIDIA A100-SXM4-40GB, 37471, 40960, 48, 99.51, 35
nid001132,2026/05/03 14:41:51.158, 0, GPU-1ee6ac61-44ab-b161-9de0-16bbb44716e7, NVIDIA A100-SXM4-40GB, 36817, 40960, 100, 107.17, 38
nid001132,2026/05/03 14:41:51.161, 1, GPU-afa7121e-c5d0-2eb5-4e9a-8b001ff7a220, NVIDIA A100-SXM4-40GB, 36749, 40960, 71, 107.28, 35
nid001132,2026/05/03 14:41:51.162, 2, GPU-4dea0284-873a-fa20-cc19-10ca82324573, NVIDIA A100-SXM4-40GB, 36749, 40960, 47, 104.59, 36
nid001132,2026/05/03 14:41:51.164, 3, GPU-cba17786-ea73-0caf-0d43-c838fbb66bcd, NVIDIA A100-SXM4-40GB, 36749, 40960, 100, 106.01, 33
nid001133,2026/05/03 14:41:52.025, 0, GPU-43cac420-244c-9975-fbd1-604f88cdd44c, NVIDIA A100-SXM4-40GB, 37481, 40960, 80, 103.96, 35
nid001133,2026/05/03 14:41:52.028, 1, GPU-73838956-9ad1-3484-0ba2-7d8b02c7a72a, NVIDIA A100-SXM4-40GB, 37471, 40960, 59, 102.56, 34
nid001133,2026/05/03 14:41:52.029, 2, GPU-aee03275-201a-58e4-7b5a-f08a6e4c1e50, NVIDIA A100-SXM4-40GB, 37471, 40960, 3, 102.56, 36
nid001133,2026/05/03 14:41:52.031, 3, GPU-e0003d1b-186b-2e66-9474-0b7af5c50af4, NVIDIA A100-SXM4-40GB, 37471, 40960, 88, 99.75, 35
nid001132,2026/05/03 14:41:54.917, 0, GPU-1ee6ac61-44ab-b161-9de0-16bbb44716e7, NVIDIA A100-SXM4-40GB, 36817, 40960, 0, 113.94, 38
nid001132,2026/05/03 14:41:54.920, 1, GPU-afa7121e-c5d0-2eb5-4e9a-8b001ff7a220, NVIDIA A100-SXM4-40GB, 36749, 40960, 0, 115.99, 35
nid001132,2026/05/03 14:41:54.921, 2, GPU-4dea0284-873a-fa20-cc19-10ca82324573, NVIDIA A100-SXM4-40GB, 36749, 40960, 3, 109.48, 36
nid001132,2026/05/03 14:41:54.923, 3, GPU-cba17786-ea73-0caf-0d43-c838fbb66bcd, NVIDIA A100-SXM4-40GB, 36749, 40960, 0, 107.94, 33
nid001133,2026/05/03 14:41:55.790, 0, GPU-43cac420-244c-9975-fbd1-604f88cdd44c, NVIDIA A100-SXM4-40GB, 37481, 40960, 0, 103.72, 35
nid001133,2026/05/03 14:41:55.793, 1, GPU-73838956-9ad1-3484-0ba2-7d8b02c7a72a, NVIDIA A100-SXM4-40GB, 37471, 40960, 0, 102.04, 34
nid001133,2026/05/03 14:41:55.794, 2, GPU-aee03275-201a-58e4-7b5a-f08a6e4c1e50, NVIDIA A100-SXM4-40GB, 37471, 40960, 0, 102.43, 36
nid001133,2026/05/03 14:41:55.796, 3, GPU-e0003d1b-186b-2e66-9474-0b7af5c50af4, NVIDIA A100-SXM4-40GB, 37471, 40960, 0, 99.51, 35
nid001132,2026/05/03 14:41:58.667, 0, GPU-1ee6ac61-44ab-b161-9de0-16bbb44716e7, NVIDIA A100-SXM4-40GB, 36817, 40960, 0, 105.76, 38
nid001132,2026/05/03 14:41:58.670, 1, GPU-afa7121e-c5d0-2eb5-4e9a-8b001ff7a220, NVIDIA A100-SXM4-40GB, 36749, 40960, 0, 110.38, 35
nid001132,2026/05/03 14:41:58.671, 2, GPU-4dea0284-873a-fa20-cc19-10ca82324573, NVIDIA A100-SXM4-40GB, 36749, 40960, 0, 118.65, 36
nid001132,2026/05/03 14:41:58.673, 3, GPU-cba17786-ea73-0caf-0d43-c838fbb66bcd, NVIDIA A100-SXM4-40GB, 36749, 40960, 0, 105.12, 33
nid001133,2026/05/03 14:41:59.481, 0, GPU-43cac420-244c-9975-fbd1-604f88cdd44c, NVIDIA A100-SXM4-40GB, 37481, 40960, 13, 104.08, 35
nid001133,2026/05/03 14:41:59.484, 1, GPU-73838956-9ad1-3484-0ba2-7d8b02c7a72a, NVIDIA A100-SXM4-40GB, 37471, 40960, 0, 101.92, 34
nid001133,2026/05/03 14:41:59.486, 2, GPU-aee03275-201a-58e4-7b5a-f08a6e4c1e50, NVIDIA A100-SXM4-40GB, 37471, 40960, 0, 102.56, 36
nid001133,2026/05/03 14:41:59.487, 3, GPU-e0003d1b-186b-2e66-9474-0b7af5c50af4, NVIDIA A100-SXM4-40GB, 37471, 40960, 0, 99.34, 35
nid001132,2026/05/03 14:42:02.351, 0, GPU-1ee6ac61-44ab-b161-9de0-16bbb44716e7, NVIDIA A100-SXM4-40GB, 36817, 40960, 0, 105.65, 38
nid001132,2026/05/03 14:42:02.354, 1, GPU-afa7121e-c5d0-2eb5-4e9a-8b001ff7a220, NVIDIA A100-SXM4-40GB, 36749, 40960, 0, 101.15, 34
nid001132,2026/05/03 14:42:02.355, 2, GPU-4dea0284-873a-fa20-cc19-10ca82324573, NVIDIA A100-SXM4-40GB, 36749, 40960, 0, 103.96, 36
nid001132,2026/05/03 14:42:02.361, 3, GPU-cba17786-ea73-0caf-0d43-c838fbb66bcd, NVIDIA A100-SXM4-40GB, 36749, 40960, 0, 106.54, 33
nid001133,2026/05/03 14:42:03.189, 0, GPU-43cac420-244c-9975-fbd1-604f88cdd44c, NVIDIA A100-SXM4-40GB, 37481, 40960, 62, 103.96, 35
nid001133,2026/05/03 14:42:03.191, 1, GPU-73838956-9ad1-3484-0ba2-7d8b02c7a72a, NVIDIA A100-SXM4-40GB, 37471, 40960, 40, 101.80, 34
nid001133,2026/05/03 14:42:03.193, 2, GPU-aee03275-201a-58e4-7b5a-f08a6e4c1e50, NVIDIA A100-SXM4-40GB, 37471, 40960, 100, 102.43, 36
nid001133,2026/05/03 14:42:03.194, 3, GPU-e0003d1b-186b-2e66-9474-0b7af5c50af4, NVIDIA A100-SXM4-40GB, 37471, 40960, 5, 99.22, 35
nid001132,2026/05/03 14:42:06.043, 0, GPU-1ee6ac61-44ab-b161-9de0-16bbb44716e7, NVIDIA A100-SXM4-40GB, 36817, 40960, 74, 105.65, 38
nid001132,2026/05/03 14:42:06.045, 1, GPU-afa7121e-c5d0-2eb5-4e9a-8b001ff7a220, NVIDIA A100-SXM4-40GB, 36749, 40960, 97, 106.40, 35
nid001132,2026/05/03 14:42:06.047, 2, GPU-4dea0284-873a-fa20-cc19-10ca82324573, NVIDIA A100-SXM4-40GB, 36749, 40960, 37, 105.12, 36
nid001132,2026/05/03 14:42:06.048, 3, GPU-cba17786-ea73-0caf-0d43-c838fbb66bcd, NVIDIA A100-SXM4-40GB, 36749, 40960, 100, 116.12, 33
nid001133,2026/05/03 14:42:06.874, 0, GPU-43cac420-244c-9975-fbd1-604f88cdd44c, NVIDIA A100-SXM4-40GB, 37481, 40960, 36, 103.96, 35
nid001133,2026/05/03 14:42:06.879, 1, GPU-73838956-9ad1-3484-0ba2-7d8b02c7a72a, NVIDIA A100-SXM4-40GB, 37471, 40960, 39, 102.04, 34
nid001133,2026/05/03 14:42:06.881, 2, GPU-aee03275-201a-58e4-7b5a-f08a6e4c1e50, NVIDIA A100-SXM4-40GB, 37471, 40960, 36, 103.96, 36
nid001133,2026/05/03 14:42:06.883, 3, GPU-e0003d1b-186b-2e66-9474-0b7af5c50af4, NVIDIA A100-SXM4-40GB, 37471, 40960, 84, 99.63, 35
nid001132,2026/05/03 14:42:09.765, 0, GPU-1ee6ac61-44ab-b161-9de0-16bbb44716e7, NVIDIA A100-SXM4-40GB, 36817, 40960, 2, 105.65, 38
nid001132,2026/05/03 14:42:09.768, 1, GPU-afa7121e-c5d0-2eb5-4e9a-8b001ff7a220, NVIDIA A100-SXM4-40GB, 36749, 40960, 64, 101.15, 34
nid001132,2026/05/03 14:42:09.773, 2, GPU-4dea0284-873a-fa20-cc19-10ca82324573, NVIDIA A100-SXM4-40GB, 36749, 40960, 9, 103.60, 36
nid001132,2026/05/03 14:42:09.775, 3, GPU-cba17786-ea73-0caf-0d43-c838fbb66bcd, NVIDIA A100-SXM4-40GB, 36749, 40960, 6, 105.12, 33
nid001133,2026/05/03 14:42:10.606, 0, GPU-43cac420-244c-9975-fbd1-604f88cdd44c, NVIDIA A100-SXM4-40GB, 37481, 40960, 53, 103.96, 35
nid001133,2026/05/03 14:42:10.609, 1, GPU-73838956-9ad1-3484-0ba2-7d8b02c7a72a, NVIDIA A100-SXM4-40GB, 37471, 40960, 0, 102.04, 34
nid001133,2026/05/03 14:42:10.614, 2, GPU-aee03275-201a-58e4-7b5a-f08a6e4c1e50, NVIDIA A100-SXM4-40GB, 37471, 40960, 4, 102.96, 37
nid001133,2026/05/03 14:42:10.616, 3, GPU-e0003d1b-186b-2e66-9474-0b7af5c50af4, NVIDIA A100-SXM4-40GB, 37471, 40960, 49, 99.51, 35
nid001132,2026/05/03 14:42:13.477, 0, GPU-1ee6ac61-44ab-b161-9de0-16bbb44716e7, NVIDIA A100-SXM4-40GB, 36817, 40960, 48, 105.65, 38
nid001132,2026/05/03 14:42:13.479, 1, GPU-afa7121e-c5d0-2eb5-4e9a-8b001ff7a220, NVIDIA A100-SXM4-40GB, 36749, 40960, 63, 101.27, 34
nid001132,2026/05/03 14:42:13.481, 2, GPU-4dea0284-873a-fa20-cc19-10ca82324573, NVIDIA A100-SXM4-40GB, 36749, 40960, 31, 103.72, 36
nid001132,2026/05/03 14:42:13.482, 3, GPU-cba17786-ea73-0caf-0d43-c838fbb66bcd, NVIDIA A100-SXM4-40GB, 36749, 40960, 49, 104.96, 33
nid001133,2026/05/03 14:42:14.313, 0, GPU-43cac420-244c-9975-fbd1-604f88cdd44c, NVIDIA A100-SXM4-40GB, 37481, 40960, 0, 103.84, 35
nid001133,2026/05/03 14:42:14.316, 1, GPU-73838956-9ad1-3484-0ba2-7d8b02c7a72a, NVIDIA A100-SXM4-40GB, 37471, 40960, 54, 101.92, 34
nid001133,2026/05/03 14:42:14.317, 2, GPU-aee03275-201a-58e4-7b5a-f08a6e4c1e50, NVIDIA A100-SXM4-40GB, 37471, 40960, 21, 102.32, 36
nid001133,2026/05/03 14:42:14.319, 3, GPU-e0003d1b-186b-2e66-9474-0b7af5c50af4, NVIDIA A100-SXM4-40GB, 37471, 40960, 19, 99.51, 35
nid001132,2026/05/03 14:42:17.251, 0, GPU-1ee6ac61-44ab-b161-9de0-16bbb44716e7, NVIDIA A100-SXM4-40GB, 36817, 40960, 1, 105.65, 38
nid001132,2026/05/03 14:42:17.254, 1, GPU-afa7121e-c5d0-2eb5-4e9a-8b001ff7a220, NVIDIA A100-SXM4-40GB, 36749, 40960, 44, 101.15, 34
nid001132,2026/05/03 14:42:17.255, 2, GPU-4dea0284-873a-fa20-cc19-10ca82324573, NVIDIA A100-SXM4-40GB, 36749, 40960, 34, 103.60, 36
nid001132,2026/05/03 14:42:17.261, 3, GPU-cba17786-ea73-0caf-0d43-c838fbb66bcd, NVIDIA A100-SXM4-40GB, 36749, 40960, 28, 105.12, 33
nid001133,2026/05/03 14:42:18.082, 0, GPU-43cac420-244c-9975-fbd1-604f88cdd44c, NVIDIA A100-SXM4-40GB, 37481, 40960, 0, 103.96, 35
nid001133,2026/05/03 14:42:18.084, 1, GPU-73838956-9ad1-3484-0ba2-7d8b02c7a72a, NVIDIA A100-SXM4-40GB, 37471, 40960, 33, 102.04, 34
nid001133,2026/05/03 14:42:18.086, 2, GPU-aee03275-201a-58e4-7b5a-f08a6e4c1e50, NVIDIA A100-SXM4-40GB, 37471, 40960, 4, 102.43, 36
nid001133,2026/05/03 14:42:18.087, 3, GPU-e0003d1b-186b-2e66-9474-0b7af5c50af4, NVIDIA A100-SXM4-40GB, 37471, 40960, 0, 99.51, 35
nid001132,2026/05/03 14:42:20.955, 0, GPU-1ee6ac61-44ab-b161-9de0-16bbb44716e7, NVIDIA A100-SXM4-40GB, 36817, 40960, 71, 105.76, 38
nid001132,2026/05/03 14:42:20.958, 1, GPU-afa7121e-c5d0-2eb5-4e9a-8b001ff7a220, NVIDIA A100-SXM4-40GB, 36749, 40960, 63, 103.72, 35
nid001132,2026/05/03 14:42:20.959, 2, GPU-4dea0284-873a-fa20-cc19-10ca82324573, NVIDIA A100-SXM4-40GB, 36749, 40960, 52, 103.84, 36
nid001132,2026/05/03 14:42:20.965, 3, GPU-cba17786-ea73-0caf-0d43-c838fbb66bcd, NVIDIA A100-SXM4-40GB, 36749, 40960, 67, 110.74, 33
nid001133,2026/05/03 14:42:21.823, 0, GPU-43cac420-244c-9975-fbd1-604f88cdd44c, NVIDIA A100-SXM4-40GB, 37481, 40960, 94, 111.53, 35
nid001133,2026/05/03 14:42:21.825, 1, GPU-73838956-9ad1-3484-0ba2-7d8b02c7a72a, NVIDIA A100-SXM4-40GB, 37471, 40960, 66, 113.42, 34
nid001133,2026/05/03 14:42:21.827, 2, GPU-aee03275-201a-58e4-7b5a-f08a6e4c1e50, NVIDIA A100-SXM4-40GB, 37471, 40960, 56, 124.77, 37
nid001133,2026/05/03 14:42:21.828, 3, GPU-e0003d1b-186b-2e66-9474-0b7af5c50af4, NVIDIA A100-SXM4-40GB, 37471, 40960, 1, 123.12, 35
nid001132,2026/05/03 14:42:24.686, 0, GPU-1ee6ac61-44ab-b161-9de0-16bbb44716e7, NVIDIA A100-SXM4-40GB, 36817, 40960, 0, 118.27, 38
nid001132,2026/05/03 14:42:24.688, 1, GPU-afa7121e-c5d0-2eb5-4e9a-8b001ff7a220, NVIDIA A100-SXM4-40GB, 36749, 40960, 50, 109.86, 35
nid001132,2026/05/03 14:42:24.690, 2, GPU-4dea0284-873a-fa20-cc19-10ca82324573, NVIDIA A100-SXM4-40GB, 36749, 40960, 29, 109.96, 36
nid001132,2026/05/03 14:42:24.691, 3, GPU-cba17786-ea73-0caf-0d43-c838fbb66bcd, NVIDIA A100-SXM4-40GB, 36749, 40960, 0, 131.21, 33
nid001133,2026/05/03 14:42:25.523, 0, GPU-43cac420-244c-9975-fbd1-604f88cdd44c, NVIDIA A100-SXM4-40GB, 37481, 40960, 0, 103.96, 35
nid001133,2026/05/03 14:42:25.525, 1, GPU-73838956-9ad1-3484-0ba2-7d8b02c7a72a, NVIDIA A100-SXM4-40GB, 37471, 40960, 0, 102.79, 34
nid001133,2026/05/03 14:42:25.527, 2, GPU-aee03275-201a-58e4-7b5a-f08a6e4c1e50, NVIDIA A100-SXM4-40GB, 37471, 40960, 0, 102.20, 36
nid001133,2026/05/03 14:42:25.528, 3, GPU-e0003d1b-186b-2e66-9474-0b7af5c50af4, NVIDIA A100-SXM4-40GB, 37471, 40960, 0, 99.51, 35
nid001132,2026/05/03 14:42:28.377, 0, GPU-1ee6ac61-44ab-b161-9de0-16bbb44716e7, NVIDIA A100-SXM4-40GB, 36817, 40960, 100, 105.65, 38
nid001132,2026/05/03 14:42:28.380, 1, GPU-afa7121e-c5d0-2eb5-4e9a-8b001ff7a220, NVIDIA A100-SXM4-40GB, 36749, 40960, 0, 101.15, 34
nid001132,2026/05/03 14:42:28.381, 2, GPU-4dea0284-873a-fa20-cc19-10ca82324573, NVIDIA A100-SXM4-40GB, 36749, 40960, 53, 103.60, 36
nid001132,2026/05/03 14:42:28.383, 3, GPU-cba17786-ea73-0caf-0d43-c838fbb66bcd, NVIDIA A100-SXM4-40GB, 36749, 40960, 91, 105.25, 33
nid001133,2026/05/03 14:42:29.214, 0, GPU-43cac420-244c-9975-fbd1-604f88cdd44c, NVIDIA A100-SXM4-40GB, 37481, 40960, 65, 103.72, 35
nid001133,2026/05/03 14:42:29.217, 1, GPU-73838956-9ad1-3484-0ba2-7d8b02c7a72a, NVIDIA A100-SXM4-40GB, 37471, 40960, 88, 102.56, 34
nid001133,2026/05/03 14:42:29.222, 2, GPU-aee03275-201a-58e4-7b5a-f08a6e4c1e50, NVIDIA A100-SXM4-40GB, 37471, 40960, 69, 103.84, 36
nid001133,2026/05/03 14:42:29.224, 3, GPU-e0003d1b-186b-2e66-9474-0b7af5c50af4, NVIDIA A100-SXM4-40GB, 37471, 40960, 6, 99.75, 35
nid001132,2026/05/03 14:42:32.075, 0, GPU-1ee6ac61-44ab-b161-9de0-16bbb44716e7, NVIDIA A100-SXM4-40GB, 36817, 40960, 30, 115.74, 38
nid001132,2026/05/03 14:42:32.078, 1, GPU-afa7121e-c5d0-2eb5-4e9a-8b001ff7a220, NVIDIA A100-SXM4-40GB, 36749, 40960, 31, 118.79, 35
nid001132,2026/05/03 14:42:32.079, 2, GPU-4dea0284-873a-fa20-cc19-10ca82324573, NVIDIA A100-SXM4-40GB, 36749, 40960, 36, 111.76, 36
nid001132,2026/05/03 14:42:32.081, 3, GPU-cba17786-ea73-0caf-0d43-c838fbb66bcd, NVIDIA A100-SXM4-40GB, 36749, 40960, 54, 105.25, 33
nid001133,2026/05/03 14:42:32.902, 0, GPU-43cac420-244c-9975-fbd1-604f88cdd44c, NVIDIA A100-SXM4-40GB, 37481, 40960, 0, 112.42, 35
nid001133,2026/05/03 14:42:32.905, 1, GPU-73838956-9ad1-3484-0ba2-7d8b02c7a72a, NVIDIA A100-SXM4-40GB, 37471, 40960, 0, 102.04, 33
nid001133,2026/05/03 14:42:32.906, 2, GPU-aee03275-201a-58e4-7b5a-f08a6e4c1e50, NVIDIA A100-SXM4-40GB, 37471, 40960, 0, 102.56, 36
nid001133,2026/05/03 14:42:32.908, 3, GPU-e0003d1b-186b-2e66-9474-0b7af5c50af4, NVIDIA A100-SXM4-40GB, 37471, 40960, 0, 99.51, 35
nid001132,2026/05/03 14:42:35.766, 0, GPU-1ee6ac61-44ab-b161-9de0-16bbb44716e7, NVIDIA A100-SXM4-40GB, 36817, 40960, 55, 118.79, 38
nid001132,2026/05/03 14:42:35.768, 1, GPU-afa7121e-c5d0-2eb5-4e9a-8b001ff7a220, NVIDIA A100-SXM4-40GB, 36749, 40960, 13, 111.14, 35
nid001132,2026/05/03 14:42:35.770, 2, GPU-4dea0284-873a-fa20-cc19-10ca82324573, NVIDIA A100-SXM4-40GB, 36749, 40960, 37, 106.92, 36
nid001132,2026/05/03 14:42:35.771, 3, GPU-cba17786-ea73-0caf-0d43-c838fbb66bcd, NVIDIA A100-SXM4-40GB, 36749, 40960, 73, 119.69, 34
nid001133,2026/05/03 14:42:36.648, 0, GPU-43cac420-244c-9975-fbd1-604f88cdd44c, NVIDIA A100-SXM4-40GB, 37481, 40960, 43, 104.48, 35
nid001133,2026/05/03 14:42:36.651, 1, GPU-73838956-9ad1-3484-0ba2-7d8b02c7a72a, NVIDIA A100-SXM4-40GB, 37471, 40960, 43, 102.04, 34
nid001133,2026/05/03 14:42:36.653, 2, GPU-aee03275-201a-58e4-7b5a-f08a6e4c1e50, NVIDIA A100-SXM4-40GB, 37471, 40960, 71, 102.32, 36
nid001133,2026/05/03 14:42:36.654, 3, GPU-e0003d1b-186b-2e66-9474-0b7af5c50af4, NVIDIA A100-SXM4-40GB, 37471, 40960, 25, 99.51, 35
nid001132,2026/05/03 14:42:39.594, 0, GPU-1ee6ac61-44ab-b161-9de0-16bbb44716e7, NVIDIA A100-SXM4-40GB, 36925, 40960, 100, 106.89, 39
nid001132,2026/05/03 14:42:39.597, 1, GPU-afa7121e-c5d0-2eb5-4e9a-8b001ff7a220, NVIDIA A100-SXM4-40GB, 36857, 40960, 100, 102.04, 35
nid001132,2026/05/03 14:42:39.598, 2, GPU-4dea0284-873a-fa20-cc19-10ca82324573, NVIDIA A100-SXM4-40GB, 36857, 40960, 100, 104.72, 36
nid001132,2026/05/03 14:42:39.600, 3, GPU-cba17786-ea73-0caf-0d43-c838fbb66bcd, NVIDIA A100-SXM4-40GB, 36857, 40960, 100, 107.30, 33
nid001133,2026/05/03 14:42:40.475, 0, GPU-43cac420-244c-9975-fbd1-604f88cdd44c, NVIDIA A100-SXM4-40GB, 37591, 40960, 78, 104.60, 36
nid001133,2026/05/03 14:42:40.478, 1, GPU-73838956-9ad1-3484-0ba2-7d8b02c7a72a, NVIDIA A100-SXM4-40GB, 37581, 40960, 66, 103.44, 35
nid001133,2026/05/03 14:42:40.480, 2, GPU-aee03275-201a-58e4-7b5a-f08a6e4c1e50, NVIDIA A100-SXM4-40GB, 37581, 40960, 13, 102.79, 37
nid001133,2026/05/03 14:42:40.481, 3, GPU-e0003d1b-186b-2e66-9474-0b7af5c50af4, NVIDIA A100-SXM4-40GB, 37581, 40960, 30, 99.87, 36
nid001132,2026/05/03 14:42:43.456, 0, GPU-1ee6ac61-44ab-b161-9de0-16bbb44716e7, NVIDIA A100-SXM4-40GB, 36925, 40960, 3, 106.12, 38
nid001132,2026/05/03 14:42:43.459, 1, GPU-afa7121e-c5d0-2eb5-4e9a-8b001ff7a220, NVIDIA A100-SXM4-40GB, 36857, 40960, 100, 102.67, 35
nid001132,2026/05/03 14:42:43.460, 2, GPU-4dea0284-873a-fa20-cc19-10ca82324573, NVIDIA A100-SXM4-40GB, 36857, 40960, 100, 104.48, 36
nid001132,2026/05/03 14:42:43.462, 3, GPU-cba17786-ea73-0caf-0d43-c838fbb66bcd, NVIDIA A100-SXM4-40GB, 36857, 40960, 100, 105.49, 33
nid001133,2026/05/03 14:42:44.333, 0, GPU-43cac420-244c-9975-fbd1-604f88cdd44c, NVIDIA A100-SXM4-40GB, 37591, 40960, 8, 103.96, 35
nid001133,2026/05/03 14:42:44.346, 1, GPU-73838956-9ad1-3484-0ba2-7d8b02c7a72a, NVIDIA A100-SXM4-40GB, 37581, 40960, 100, 124.92, 34
nid001133,2026/05/03 14:42:44.350, 2, GPU-aee03275-201a-58e4-7b5a-f08a6e4c1e50, NVIDIA A100-SXM4-40GB, 37581, 40960, 42, 102.79, 37
nid001133,2026/05/03 14:42:44.356, 3, GPU-e0003d1b-186b-2e66-9474-0b7af5c50af4, NVIDIA A100-SXM4-40GB, 37581, 40960, 65, 99.51, 35
nid001132,2026/05/03 14:42:47.280, 0, GPU-1ee6ac61-44ab-b161-9de0-16bbb44716e7, NVIDIA A100-SXM4-40GB, 36925, 40960, 3, 106.12, 38
nid001132,2026/05/03 14:42:47.283, 1, GPU-afa7121e-c5d0-2eb5-4e9a-8b001ff7a220, NVIDIA A100-SXM4-40GB, 36857, 40960, 100, 102.67, 35
nid001132,2026/05/03 14:42:47.284, 2, GPU-4dea0284-873a-fa20-cc19-10ca82324573, NVIDIA A100-SXM4-40GB, 36857, 40960, 76, 104.36, 36
nid001132,2026/05/03 14:42:47.286, 3, GPU-cba17786-ea73-0caf-0d43-c838fbb66bcd, NVIDIA A100-SXM4-40GB, 36857, 40960, 100, 105.78, 33
nid001133,2026/05/03 14:42:48.135, 0, GPU-43cac420-244c-9975-fbd1-604f88cdd44c, NVIDIA A100-SXM4-40GB, 37591, 40960, 24, 103.96, 36
nid001133,2026/05/03 14:42:48.138, 1, GPU-73838956-9ad1-3484-0ba2-7d8b02c7a72a, NVIDIA A100-SXM4-40GB, 37581, 40960, 48, 122.64, 34
nid001133,2026/05/03 14:42:48.140, 2, GPU-aee03275-201a-58e4-7b5a-f08a6e4c1e50, NVIDIA A100-SXM4-40GB, 37581, 40960, 23, 130.06, 37
nid001133,2026/05/03 14:42:48.142, 3, GPU-e0003d1b-186b-2e66-9474-0b7af5c50af4, NVIDIA A100-SXM4-40GB, 37581, 40960, 94, 99.75, 35
nid001132,2026/05/03 14:42:51.054, 0, GPU-1ee6ac61-44ab-b161-9de0-16bbb44716e7, NVIDIA A100-SXM4-40GB, 36925, 40960, 16, 126.44, 38
nid001132,2026/05/03 14:42:51.057, 1, GPU-afa7121e-c5d0-2eb5-4e9a-8b001ff7a220, NVIDIA A100-SXM4-40GB, 36857, 40960, 100, 100.92, 35
nid001132,2026/05/03 14:42:51.059, 2, GPU-4dea0284-873a-fa20-cc19-10ca82324573, NVIDIA A100-SXM4-40GB, 36857, 40960, 96, 122.82, 36
nid001132,2026/05/03 14:42:51.060, 3, GPU-cba17786-ea73-0caf-0d43-c838fbb66bcd, NVIDIA A100-SXM4-40GB, 36857, 40960, 100, 109.22, 33
nid001133,2026/05/03 14:42:51.958, 0, GPU-43cac420-244c-9975-fbd1-604f88cdd44c, NVIDIA A100-SXM4-40GB, 37591, 40960, 63, 111.14, 35
nid001133,2026/05/03 14:42:51.961, 1, GPU-73838956-9ad1-3484-0ba2-7d8b02c7a72a, NVIDIA A100-SXM4-40GB, 37581, 40960, 79, 102.96, 34
nid001133,2026/05/03 14:42:51.963, 2, GPU-aee03275-201a-58e4-7b5a-f08a6e4c1e50, NVIDIA A100-SXM4-40GB, 37581, 40960, 90, 102.67, 37
nid001133,2026/05/03 14:42:51.964, 3, GPU-e0003d1b-186b-2e66-9474-0b7af5c50af4, NVIDIA A100-SXM4-40GB, 37581, 40960, 71, 100.15, 35
nid001132,2026/05/03 14:42:54.824, 0, GPU-1ee6ac61-44ab-b161-9de0-16bbb44716e7, NVIDIA A100-SXM4-40GB, 36925, 40960, 100, 106.12, 38
nid001132,2026/05/03 14:42:54.830, 1, GPU-afa7121e-c5d0-2eb5-4e9a-8b001ff7a220, NVIDIA A100-SXM4-40GB, 36857, 40960, 100, 111.79, 34
nid001132,2026/05/03 14:42:54.832, 2, GPU-4dea0284-873a-fa20-cc19-10ca82324573, NVIDIA A100-SXM4-40GB, 36857, 40960, 100, 129.61, 36
nid001132,2026/05/03 14:42:54.833, 3, GPU-cba17786-ea73-0caf-0d43-c838fbb66bcd, NVIDIA A100-SXM4-40GB, 36857, 40960, 2, 108.30, 33
nid001133,2026/05/03 14:42:55.695, 0, GPU-43cac420-244c-9975-fbd1-604f88cdd44c, NVIDIA A100-SXM4-40GB, 37591, 40960, 97, 121.59, 35
nid001133,2026/05/03 14:42:55.697, 1, GPU-73838956-9ad1-3484-0ba2-7d8b02c7a72a, NVIDIA A100-SXM4-40GB, 37581, 40960, 80, 105.49, 34
nid001133,2026/05/03 14:42:55.699, 2, GPU-aee03275-201a-58e4-7b5a-f08a6e4c1e50, NVIDIA A100-SXM4-40GB, 37581, 40960, 41, 102.32, 37
nid001133,2026/05/03 14:42:55.700, 3, GPU-e0003d1b-186b-2e66-9474-0b7af5c50af4, NVIDIA A100-SXM4-40GB, 37581, 40960, 0, 99.34, 35
nid001132,2026/05/03 14:42:58.558, 0, GPU-1ee6ac61-44ab-b161-9de0-16bbb44716e7, NVIDIA A100-SXM4-40GB, 36925, 40960, 77, 107.17, 38
nid001132,2026/05/03 14:42:58.561, 1, GPU-afa7121e-c5d0-2eb5-4e9a-8b001ff7a220, NVIDIA A100-SXM4-40GB, 36857, 40960, 100, 101.43, 34
nid001132,2026/05/03 14:42:58.563, 2, GPU-4dea0284-873a-fa20-cc19-10ca82324573, NVIDIA A100-SXM4-40GB, 36857, 40960, 100, 104.24, 36
nid001132,2026/05/03 14:42:58.565, 3, GPU-cba17786-ea73-0caf-0d43-c838fbb66bcd, NVIDIA A100-SXM4-40GB, 36857, 40960, 3, 105.25, 33
nid001133,2026/05/03 14:42:59.435, 0, GPU-43cac420-244c-9975-fbd1-604f88cdd44c, NVIDIA A100-SXM4-40GB, 37591, 40960, 40, 104.24, 35
nid001133,2026/05/03 14:42:59.438, 1, GPU-73838956-9ad1-3484-0ba2-7d8b02c7a72a, NVIDIA A100-SXM4-40GB, 37581, 40960, 99, 122.64, 34
nid001133,2026/05/03 14:42:59.440, 2, GPU-aee03275-201a-58e4-7b5a-f08a6e4c1e50, NVIDIA A100-SXM4-40GB, 37581, 40960, 79, 133.17, 37
nid001133,2026/05/03 14:42:59.446, 3, GPU-e0003d1b-186b-2e66-9474-0b7af5c50af4, NVIDIA A100-SXM4-40GB, 37581, 40960, 56, 109.74, 35
nid001132,2026/05/03 14:43:02.314, 0, GPU-1ee6ac61-44ab-b161-9de0-16bbb44716e7, NVIDIA A100-SXM4-40GB, 36925, 40960, 100, 106.42, 38
nid001132,2026/05/03 14:43:02.320, 1, GPU-afa7121e-c5d0-2eb5-4e9a-8b001ff7a220, NVIDIA A100-SXM4-40GB, 36857, 40960, 100, 102.43, 34
nid001132,2026/05/03 14:43:02.325, 2, GPU-4dea0284-873a-fa20-cc19-10ca82324573, NVIDIA A100-SXM4-40GB, 36857, 40960, 100, 104.72, 36
nid001132,2026/05/03 14:43:02.330, 3, GPU-cba17786-ea73-0caf-0d43-c838fbb66bcd, NVIDIA A100-SXM4-40GB, 36857, 40960, 2, 120.21, 33
nid001133,2026/05/03 14:43:03.160, 0, GPU-43cac420-244c-9975-fbd1-604f88cdd44c, NVIDIA A100-SXM4-40GB, 37591, 40960, 47, 103.96, 35
nid001133,2026/05/03 14:43:03.163, 1, GPU-73838956-9ad1-3484-0ba2-7d8b02c7a72a, NVIDIA A100-SXM4-40GB, 37581, 40960, 71, 102.79, 34
nid001133,2026/05/03 14:43:03.164, 2, GPU-aee03275-201a-58e4-7b5a-f08a6e4c1e50, NVIDIA A100-SXM4-40GB, 37581, 40960, 92, 102.43, 36
nid001133,2026/05/03 14:43:03.166, 3, GPU-e0003d1b-186b-2e66-9474-0b7af5c50af4, NVIDIA A100-SXM4-40GB, 37581, 40960, 74, 99.51, 35
nid001132,2026/05/03 14:43:06.039, 0, GPU-1ee6ac61-44ab-b161-9de0-16bbb44716e7, NVIDIA A100-SXM4-40GB, 36925, 40960, 100, 106.42, 38
nid001132,2026/05/03 14:43:06.041, 1, GPU-afa7121e-c5d0-2eb5-4e9a-8b001ff7a220, NVIDIA A100-SXM4-40GB, 36857, 40960, 100, 102.20, 35
nid001132,2026/05/03 14:43:06.043, 2, GPU-4dea0284-873a-fa20-cc19-10ca82324573, NVIDIA A100-SXM4-40GB, 36857, 40960, 1, 103.60, 36
nid001132,2026/05/03 14:43:06.045, 3, GPU-cba17786-ea73-0caf-0d43-c838fbb66bcd, NVIDIA A100-SXM4-40GB, 36857, 40960, 100, 123.26, 33
nid001133,2026/05/03 14:43:06.882, 0, GPU-43cac420-244c-9975-fbd1-604f88cdd44c, NVIDIA A100-SXM4-40GB, 37591, 40960, 58, 103.96, 35
nid001133,2026/05/03 14:43:06.884, 1, GPU-73838956-9ad1-3484-0ba2-7d8b02c7a72a, NVIDIA A100-SXM4-40GB, 37581, 40960, 60, 102.79, 34
nid001133,2026/05/03 14:43:06.886, 2, GPU-aee03275-201a-58e4-7b5a-f08a6e4c1e50, NVIDIA A100-SXM4-40GB, 37581, 40960, 0, 102.43, 36
nid001133,2026/05/03 14:43:06.888, 3, GPU-e0003d1b-186b-2e66-9474-0b7af5c50af4, NVIDIA A100-SXM4-40GB, 37581, 40960, 98, 99.51, 35
nid001132,2026/05/03 14:43:09.734, 0, GPU-1ee6ac61-44ab-b161-9de0-16bbb44716e7, NVIDIA A100-SXM4-40GB, 36925, 40960, 100, 106.12, 38
nid001132,2026/05/03 14:43:09.736, 1, GPU-afa7121e-c5d0-2eb5-4e9a-8b001ff7a220, NVIDIA A100-SXM4-40GB, 36857, 40960, 100, 100.75, 34
nid001132,2026/05/03 14:43:09.738, 2, GPU-4dea0284-873a-fa20-cc19-10ca82324573, NVIDIA A100-SXM4-40GB, 36857, 40960, 5, 103.96, 36
nid001132,2026/05/03 14:43:09.740, 3, GPU-cba17786-ea73-0caf-0d43-c838fbb66bcd, NVIDIA A100-SXM4-40GB, 36857, 40960, 100, 109.87, 33
nid001133,2026/05/03 14:43:10.682, 0, GPU-43cac420-244c-9975-fbd1-604f88cdd44c, NVIDIA A100-SXM4-40GB, 37591, 40960, 98, 104.24, 35
nid001133,2026/05/03 14:43:10.685, 1, GPU-73838956-9ad1-3484-0ba2-7d8b02c7a72a, NVIDIA A100-SXM4-40GB, 37581, 40960, 92, 102.04, 34
nid001133,2026/05/03 14:43:10.686, 2, GPU-aee03275-201a-58e4-7b5a-f08a6e4c1e50, NVIDIA A100-SXM4-40GB, 37581, 40960, 20, 102.43, 36
nid001133,2026/05/03 14:43:10.688, 3, GPU-e0003d1b-186b-2e66-9474-0b7af5c50af4, NVIDIA A100-SXM4-40GB, 37581, 40960, 85, 99.40, 35
nid001132,2026/05/03 14:43:13.550, 0, GPU-1ee6ac61-44ab-b161-9de0-16bbb44716e7, NVIDIA A100-SXM4-40GB, 36925, 40960, 100, 107.57, 38
nid001132,2026/05/03 14:43:13.552, 1, GPU-afa7121e-c5d0-2eb5-4e9a-8b001ff7a220, NVIDIA A100-SXM4-40GB, 36857, 40960, 100, 103.48, 34
nid001132,2026/05/03 14:43:13.554, 2, GPU-4dea0284-873a-fa20-cc19-10ca82324573, NVIDIA A100-SXM4-40GB, 36857, 40960, 2, 105.64, 36
nid001132,2026/05/03 14:43:13.555, 3, GPU-cba17786-ea73-0caf-0d43-c838fbb66bcd, NVIDIA A100-SXM4-40GB, 36857, 40960, 100, 105.37, 33
nid001133,2026/05/03 14:43:14.384, 0, GPU-43cac420-244c-9975-fbd1-604f88cdd44c, NVIDIA A100-SXM4-40GB, 37591, 40960, 64, 122.49, 35
nid001133,2026/05/03 14:43:14.387, 1, GPU-73838956-9ad1-3484-0ba2-7d8b02c7a72a, NVIDIA A100-SXM4-40GB, 37581, 40960, 32, 103.32, 34
nid001133,2026/05/03 14:43:14.388, 2, GPU-aee03275-201a-58e4-7b5a-f08a6e4c1e50, NVIDIA A100-SXM4-40GB, 37581, 40960, 51, 102.20, 37
nid001133,2026/05/03 14:43:14.390, 3, GPU-e0003d1b-186b-2e66-9474-0b7af5c50af4, NVIDIA A100-SXM4-40GB, 37581, 40960, 77, 99.22, 35
nid001132,2026/05/03 14:43:17.253, 0, GPU-1ee6ac61-44ab-b161-9de0-16bbb44716e7, NVIDIA A100-SXM4-40GB, 36925, 40960, 100, 111.89, 38
nid001132,2026/05/03 14:43:17.259, 1, GPU-afa7121e-c5d0-2eb5-4e9a-8b001ff7a220, NVIDIA A100-SXM4-40GB, 36857, 40960, 100, 110.09, 35
nid001132,2026/05/03 14:43:17.264, 2, GPU-4dea0284-873a-fa20-cc19-10ca82324573, NVIDIA A100-SXM4-40GB, 36857, 40960, 100, 112.00, 36
nid001132,2026/05/03 14:43:17.270, 3, GPU-cba17786-ea73-0caf-0d43-c838fbb66bcd, NVIDIA A100-SXM4-40GB, 36857, 40960, 4, 105.78, 33
nid001133,2026/05/03 14:43:18.125, 0, GPU-43cac420-244c-9975-fbd1-604f88cdd44c, NVIDIA A100-SXM4-40GB, 37591, 40960, 95, 105.00, 35
nid001133,2026/05/03 14:43:18.128, 1, GPU-73838956-9ad1-3484-0ba2-7d8b02c7a72a, NVIDIA A100-SXM4-40GB, 37581, 40960, 99, 133.33, 34
nid001133,2026/05/03 14:43:18.130, 2, GPU-aee03275-201a-58e4-7b5a-f08a6e4c1e50, NVIDIA A100-SXM4-40GB, 37581, 40960, 24, 104.72, 37
nid001133,2026/05/03 14:43:18.131, 3, GPU-e0003d1b-186b-2e66-9474-0b7af5c50af4, NVIDIA A100-SXM4-40GB, 37581, 40960, 11, 125.53, 35
nid001132,2026/05/03 14:43:21.062, 0, GPU-1ee6ac61-44ab-b161-9de0-16bbb44716e7, NVIDIA A100-SXM4-40GB, 36925, 40960, 100, 119.02, 38
nid001132,2026/05/03 14:43:21.068, 1, GPU-afa7121e-c5d0-2eb5-4e9a-8b001ff7a220, NVIDIA A100-SXM4-40GB, 36857, 40960, 100, 121.74, 34
nid001132,2026/05/03 14:43:21.070, 2, GPU-4dea0284-873a-fa20-cc19-10ca82324573, NVIDIA A100-SXM4-40GB, 36857, 40960, 100, 118.13, 36
nid001132,2026/05/03 14:43:21.071, 3, GPU-cba17786-ea73-0caf-0d43-c838fbb66bcd, NVIDIA A100-SXM4-40GB, 36857, 40960, 5, 105.65, 33
nid001133,2026/05/03 14:43:21.926, 0, GPU-43cac420-244c-9975-fbd1-604f88cdd44c, NVIDIA A100-SXM4-40GB, 37591, 40960, 85, 120.07, 36
nid001133,2026/05/03 14:43:21.928, 1, GPU-73838956-9ad1-3484-0ba2-7d8b02c7a72a, NVIDIA A100-SXM4-40GB, 37581, 40960, 65, 129.40, 34
nid001133,2026/05/03 14:43:21.930, 2, GPU-aee03275-201a-58e4-7b5a-f08a6e4c1e50, NVIDIA A100-SXM4-40GB, 37581, 40960, 100, 102.56, 37
nid001133,2026/05/03 14:43:21.932, 3, GPU-e0003d1b-186b-2e66-9474-0b7af5c50af4, NVIDIA A100-SXM4-40GB, 37581, 40960, 0, 111.27, 35
nid001132,2026/05/03 14:43:24.866, 0, GPU-1ee6ac61-44ab-b161-9de0-16bbb44716e7, NVIDIA A100-SXM4-40GB, 36925, 40960, 81, 124.16, 38
nid001132,2026/05/03 14:43:24.869, 1, GPU-afa7121e-c5d0-2eb5-4e9a-8b001ff7a220, NVIDIA A100-SXM4-40GB, 36857, 40960, 100, 101.43, 35
nid001132,2026/05/03 14:43:24.870, 2, GPU-4dea0284-873a-fa20-cc19-10ca82324573, NVIDIA A100-SXM4-40GB, 36857, 40960, 87, 104.59, 36
nid001132,2026/05/03 14:43:24.872, 3, GPU-cba17786-ea73-0caf-0d43-c838fbb66bcd, NVIDIA A100-SXM4-40GB, 36857, 40960, 22, 110.22, 33
nid001133,2026/05/03 14:43:25.796, 0, GPU-43cac420-244c-9975-fbd1-604f88cdd44c, NVIDIA A100-SXM4-40GB, 37591, 40960, 0, 132.42, 36
nid001133,2026/05/03 14:43:25.804, 1, GPU-73838956-9ad1-3484-0ba2-7d8b02c7a72a, NVIDIA A100-SXM4-40GB, 37581, 40960, 6, 123.64, 34
nid001133,2026/05/03 14:43:25.805, 2, GPU-aee03275-201a-58e4-7b5a-f08a6e4c1e50, NVIDIA A100-SXM4-40GB, 37581, 40960, 45, 117.50, 37
nid001133,2026/05/03 14:43:25.807, 3, GPU-e0003d1b-186b-2e66-9474-0b7af5c50af4, NVIDIA A100-SXM4-40GB, 37581, 40960, 20, 108.46, 35
nid001132,2026/05/03 14:43:28.666, 0, GPU-1ee6ac61-44ab-b161-9de0-16bbb44716e7, NVIDIA A100-SXM4-40GB, 36925, 40960, 61, 106.65, 38
nid001132,2026/05/03 14:43:28.668, 1, GPU-afa7121e-c5d0-2eb5-4e9a-8b001ff7a220, NVIDIA A100-SXM4-40GB, 36857, 40960, 100, 102.43, 35
nid001132,2026/05/03 14:43:28.670, 2, GPU-4dea0284-873a-fa20-cc19-10ca82324573, NVIDIA A100-SXM4-40GB, 36857, 40960, 100, 105.12, 36
nid001132,2026/05/03 14:43:28.672, 3, GPU-cba17786-ea73-0caf-0d43-c838fbb66bcd, NVIDIA A100-SXM4-40GB, 36857, 40960, 40, 109.22, 33
nid001133,2026/05/03 14:43:29.529, 0, GPU-43cac420-244c-9975-fbd1-604f88cdd44c, NVIDIA A100-SXM4-40GB, 37591, 40960, 87, 109.33, 35
nid001133,2026/05/03 14:43:29.531, 1, GPU-73838956-9ad1-3484-0ba2-7d8b02c7a72a, NVIDIA A100-SXM4-40GB, 37581, 40960, 49, 129.77, 34
nid001133,2026/05/03 14:43:29.533, 2, GPU-aee03275-201a-58e4-7b5a-f08a6e4c1e50, NVIDIA A100-SXM4-40GB, 37581, 40960, 75, 119.31, 37
nid001133,2026/05/03 14:43:29.534, 3, GPU-e0003d1b-186b-2e66-9474-0b7af5c50af4, NVIDIA A100-SXM4-40GB, 37581, 40960, 47, 100.27, 35
nid001132,2026/05/03 14:43:32.427, 0, GPU-1ee6ac61-44ab-b161-9de0-16bbb44716e7, NVIDIA A100-SXM4-40GB, 36925, 40960, 0, 106.65, 38
nid001132,2026/05/03 14:43:32.430, 1, GPU-afa7121e-c5d0-2eb5-4e9a-8b001ff7a220, NVIDIA A100-SXM4-40GB, 36857, 40960, 0, 101.43, 35
nid001132,2026/05/03 14:43:32.431, 2, GPU-4dea0284-873a-fa20-cc19-10ca82324573, NVIDIA A100-SXM4-40GB, 36857, 40960, 0, 104.12, 36
nid001132,2026/05/03 14:43:32.433, 3, GPU-cba17786-ea73-0caf-0d43-c838fbb66bcd, NVIDIA A100-SXM4-40GB, 36857, 40960, 7, 123.12, 34
nid001133,2026/05/03 14:43:33.278, 0, GPU-43cac420-244c-9975-fbd1-604f88cdd44c, NVIDIA A100-SXM4-40GB, 37591, 40960, 97, 103.96, 35
nid001133,2026/05/03 14:43:33.281, 1, GPU-73838956-9ad1-3484-0ba2-7d8b02c7a72a, NVIDIA A100-SXM4-40GB, 37581, 40960, 89, 103.08, 34
nid001133,2026/05/03 14:43:33.283, 2, GPU-aee03275-201a-58e4-7b5a-f08a6e4c1e50, NVIDIA A100-SXM4-40GB, 37581, 40960, 92, 102.43, 36
nid001133,2026/05/03 14:43:33.284, 3, GPU-e0003d1b-186b-2e66-9474-0b7af5c50af4, NVIDIA A100-SXM4-40GB, 37581, 40960, 86, 99.75, 35
nid001132,2026/05/03 14:43:36.150, 0, GPU-1ee6ac61-44ab-b161-9de0-16bbb44716e7, NVIDIA A100-SXM4-40GB, 36925, 40960, 96, 109.99, 38
nid001132,2026/05/03 14:43:36.152, 1, GPU-afa7121e-c5d0-2eb5-4e9a-8b001ff7a220, NVIDIA A100-SXM4-40GB, 36857, 40960, 74, 104.37, 35
nid001132,2026/05/03 14:43:36.154, 2, GPU-4dea0284-873a-fa20-cc19-10ca82324573, NVIDIA A100-SXM4-40GB, 36857, 40960, 27, 107.05, 36
nid001132,2026/05/03 14:43:36.156, 3, GPU-cba17786-ea73-0caf-0d43-c838fbb66bcd, NVIDIA A100-SXM4-40GB, 36857, 40960, 100, 105.49, 33
nid001133,2026/05/03 14:43:36.991, 0, GPU-43cac420-244c-9975-fbd1-604f88cdd44c, NVIDIA A100-SXM4-40GB, 37591, 40960, 91, 104.08, 35
nid001133,2026/05/03 14:43:36.994, 1, GPU-73838956-9ad1-3484-0ba2-7d8b02c7a72a, NVIDIA A100-SXM4-40GB, 37581, 40960, 43, 102.16, 34
nid001133,2026/05/03 14:43:36.995, 2, GPU-aee03275-201a-58e4-7b5a-f08a6e4c1e50, NVIDIA A100-SXM4-40GB, 37581, 40960, 59, 102.32, 37
nid001133,2026/05/03 14:43:36.997, 3, GPU-e0003d1b-186b-2e66-9474-0b7af5c50af4, NVIDIA A100-SXM4-40GB, 37581, 40960, 15, 99.22, 35
nid001132,2026/05/03 14:43:39.859, 0, GPU-1ee6ac61-44ab-b161-9de0-16bbb44716e7, NVIDIA A100-SXM4-40GB, 36925, 40960, 67, 117.50, 38
nid001132,2026/05/03 14:43:39.861, 1, GPU-afa7121e-c5d0-2eb5-4e9a-8b001ff7a220, NVIDIA A100-SXM4-40GB, 36857, 40960, 69, 101.92, 35
nid001132,2026/05/03 14:43:39.863, 2, GPU-4dea0284-873a-fa20-cc19-10ca82324573, NVIDIA A100-SXM4-40GB, 36857, 40960, 33, 107.44, 36
nid001132,2026/05/03 14:43:39.864, 3, GPU-cba17786-ea73-0caf-0d43-c838fbb66bcd, NVIDIA A100-SXM4-40GB, 36857, 40960, 85, 115.60, 33
nid001133,2026/05/03 14:43:40.699, 0, GPU-43cac420-244c-9975-fbd1-604f88cdd44c, NVIDIA A100-SXM4-40GB, 37591, 40960, 12, 104.24, 35
nid001133,2026/05/03 14:43:40.707, 1, GPU-73838956-9ad1-3484-0ba2-7d8b02c7a72a, NVIDIA A100-SXM4-40GB, 37581, 40960, 69, 103.32, 34
nid001133,2026/05/03 14:43:40.709, 2, GPU-aee03275-201a-58e4-7b5a-f08a6e4c1e50, NVIDIA A100-SXM4-40GB, 37581, 40960, 53, 102.56, 37
nid001133,2026/05/03 14:43:40.710, 3, GPU-e0003d1b-186b-2e66-9474-0b7af5c50af4, NVIDIA A100-SXM4-40GB, 37581, 40960, 100, 99.51, 35
nid001132,2026/05/03 14:43:43.572, 0, GPU-1ee6ac61-44ab-b161-9de0-16bbb44716e7, NVIDIA A100-SXM4-40GB, 36925, 40960, 20, 114.46, 38
nid001132,2026/05/03 14:43:43.574, 1, GPU-afa7121e-c5d0-2eb5-4e9a-8b001ff7a220, NVIDIA A100-SXM4-40GB, 36857, 40960, 80, 110.38, 35
nid001132,2026/05/03 14:43:43.576, 2, GPU-4dea0284-873a-fa20-cc19-10ca82324573, NVIDIA A100-SXM4-40GB, 36857, 40960, 100, 116.60, 36
nid001132,2026/05/03 14:43:43.577, 3, GPU-cba17786-ea73-0caf-0d43-c838fbb66bcd, NVIDIA A100-SXM4-40GB, 36857, 40960, 100, 105.89, 33
nid001133,2026/05/03 14:43:44.386, 0, GPU-43cac420-244c-9975-fbd1-604f88cdd44c, NVIDIA A100-SXM4-40GB, 37591, 40960, 11, 117.37, 35
nid001133,2026/05/03 14:43:44.390, 1, GPU-73838956-9ad1-3484-0ba2-7d8b02c7a72a, NVIDIA A100-SXM4-40GB, 37581, 40960, 14, 118.27, 34
nid001133,2026/05/03 14:43:44.396, 2, GPU-aee03275-201a-58e4-7b5a-f08a6e4c1e50, NVIDIA A100-SXM4-40GB, 37581, 40960, 89, 115.09, 37
nid001133,2026/05/03 14:43:44.403, 3, GPU-e0003d1b-186b-2e66-9474-0b7af5c50af4, NVIDIA A100-SXM4-40GB, 37581, 40960, 99, 126.58, 35
nid001132,2026/05/03 14:43:47.270, 0, GPU-1ee6ac61-44ab-b161-9de0-16bbb44716e7, NVIDIA A100-SXM4-40GB, 36925, 40960, 2, 106.42, 38
nid001132,2026/05/03 14:43:47.272, 1, GPU-afa7121e-c5d0-2eb5-4e9a-8b001ff7a220, NVIDIA A100-SXM4-40GB, 36857, 40960, 100, 100.92, 35
nid001132,2026/05/03 14:43:47.274, 2, GPU-4dea0284-873a-fa20-cc19-10ca82324573, NVIDIA A100-SXM4-40GB, 36857, 40960, 100, 104.12, 36
nid001132,2026/05/03 14:43:47.275, 3, GPU-cba17786-ea73-0caf-0d43-c838fbb66bcd, NVIDIA A100-SXM4-40GB, 36857, 40960, 100, 119.17, 33
nid001133,2026/05/03 14:43:48.092, 0, GPU-43cac420-244c-9975-fbd1-604f88cdd44c, NVIDIA A100-SXM4-40GB, 37591, 40960, 55, 103.84, 35
nid001133,2026/05/03 14:43:48.094, 1, GPU-73838956-9ad1-3484-0ba2-7d8b02c7a72a, NVIDIA A100-SXM4-40GB, 37581, 40960, 81, 102.16, 34
nid001133,2026/05/03 14:43:48.096, 2, GPU-aee03275-201a-58e4-7b5a-f08a6e4c1e50, NVIDIA A100-SXM4-40GB, 37581, 40960, 82, 102.32, 36
nid001133,2026/05/03 14:43:48.097, 3, GPU-e0003d1b-186b-2e66-9474-0b7af5c50af4, NVIDIA A100-SXM4-40GB, 37581, 40960, 49, 99.34, 35
nid001132,2026/05/03 14:43:50.953, 0, GPU-1ee6ac61-44ab-b161-9de0-16bbb44716e7, NVIDIA A100-SXM4-40GB, 36925, 40960, 48, 107.70, 38
nid001132,2026/05/03 14:43:50.956, 1, GPU-afa7121e-c5d0-2eb5-4e9a-8b001ff7a220, NVIDIA A100-SXM4-40GB, 36857, 40960, 100, 102.96, 34
nid001132,2026/05/03 14:43:50.957, 2, GPU-4dea0284-873a-fa20-cc19-10ca82324573, NVIDIA A100-SXM4-40GB, 36857, 40960, 100, 107.44, 36
nid001132,2026/05/03 14:43:50.959, 3, GPU-cba17786-ea73-0caf-0d43-c838fbb66bcd, NVIDIA A100-SXM4-40GB, 36857, 40960, 100, 109.22, 33
nid001133,2026/05/03 14:43:51.821, 0, GPU-43cac420-244c-9975-fbd1-604f88cdd44c, NVIDIA A100-SXM4-40GB, 37591, 40960, 4, 108.57, 36
nid001133,2026/05/03 14:43:51.824, 1, GPU-73838956-9ad1-3484-0ba2-7d8b02c7a72a, NVIDIA A100-SXM4-40GB, 37581, 40960, 40, 101.80, 34
nid001133,2026/05/03 14:43:51.825, 2, GPU-aee03275-201a-58e4-7b5a-f08a6e4c1e50, NVIDIA A100-SXM4-40GB, 37581, 40960, 96, 102.32, 37
nid001133,2026/05/03 14:43:51.827, 3, GPU-e0003d1b-186b-2e66-9474-0b7af5c50af4, NVIDIA A100-SXM4-40GB, 37581, 40960, 74, 118.03, 35
nid001132,2026/05/03 14:43:54.702, 0, GPU-1ee6ac61-44ab-b161-9de0-16bbb44716e7, NVIDIA A100-SXM4-40GB, 36925, 40960, 4, 105.89, 38
nid001132,2026/05/03 14:43:54.705, 1, GPU-afa7121e-c5d0-2eb5-4e9a-8b001ff7a220, NVIDIA A100-SXM4-40GB, 36857, 40960, 100, 100.92, 34
nid001132,2026/05/03 14:43:54.708, 2, GPU-4dea0284-873a-fa20-cc19-10ca82324573, NVIDIA A100-SXM4-40GB, 36857, 40960, 100, 105.00, 36
nid001132,2026/05/03 14:43:54.709, 3, GPU-cba17786-ea73-0caf-0d43-c838fbb66bcd, NVIDIA A100-SXM4-40GB, 36857, 40960, 100, 119.69, 33
nid001133,2026/05/03 14:43:55.578, 0, GPU-43cac420-244c-9975-fbd1-604f88cdd44c, NVIDIA A100-SXM4-40GB, 37591, 40960, 94, 116.74, 35
nid001133,2026/05/03 14:43:55.581, 1, GPU-73838956-9ad1-3484-0ba2-7d8b02c7a72a, NVIDIA A100-SXM4-40GB, 37581, 40960, 94, 103.08, 34
nid001133,2026/05/03 14:43:55.582, 2, GPU-aee03275-201a-58e4-7b5a-f08a6e4c1e50, NVIDIA A100-SXM4-40GB, 37581, 40960, 72, 102.79, 37
nid001133,2026/05/03 14:43:55.584, 3, GPU-e0003d1b-186b-2e66-9474-0b7af5c50af4, NVIDIA A100-SXM4-40GB, 37581, 40960, 79, 100.51, 35
nid001132,2026/05/03 14:43:58.455, 0, GPU-1ee6ac61-44ab-b161-9de0-16bbb44716e7, NVIDIA A100-SXM4-40GB, 36925, 40960, 2, 107.17, 38
nid001132,2026/05/03 14:43:58.457, 1, GPU-afa7121e-c5d0-2eb5-4e9a-8b001ff7a220, NVIDIA A100-SXM4-40GB, 36857, 40960, 100, 103.20, 35
nid001132,2026/05/03 14:43:58.459, 2, GPU-4dea0284-873a-fa20-cc19-10ca82324573, NVIDIA A100-SXM4-40GB, 36857, 40960, 100, 109.48, 36
nid001132,2026/05/03 14:43:58.460, 3, GPU-cba17786-ea73-0caf-0d43-c838fbb66bcd, NVIDIA A100-SXM4-40GB, 36857, 40960, 100, 105.78, 33
nid001133,2026/05/03 14:43:59.307, 0, GPU-43cac420-244c-9975-fbd1-604f88cdd44c, NVIDIA A100-SXM4-40GB, 37591, 40960, 5, 103.96, 35
nid001133,2026/05/03 14:43:59.315, 1, GPU-73838956-9ad1-3484-0ba2-7d8b02c7a72a, NVIDIA A100-SXM4-40GB, 37581, 40960, 92, 102.79, 34
nid001133,2026/05/03 14:43:59.317, 2, GPU-aee03275-201a-58e4-7b5a-f08a6e4c1e50, NVIDIA A100-SXM4-40GB, 37581, 40960, 86, 102.56, 36
nid001133,2026/05/03 14:43:59.318, 3, GPU-e0003d1b-186b-2e66-9474-0b7af5c50af4, NVIDIA A100-SXM4-40GB, 37581, 40960, 100, 99.51, 35
nid001132,2026/05/03 14:44:02.184, 0, GPU-1ee6ac61-44ab-b161-9de0-16bbb44716e7, NVIDIA A100-SXM4-40GB, 36925, 40960, 5, 106.12, 38
nid001132,2026/05/03 14:44:02.186, 1, GPU-afa7121e-c5d0-2eb5-4e9a-8b001ff7a220, NVIDIA A100-SXM4-40GB, 36857, 40960, 100, 100.75, 34
nid001132,2026/05/03 14:44:02.188, 2, GPU-4dea0284-873a-fa20-cc19-10ca82324573, NVIDIA A100-SXM4-40GB, 36857, 40960, 100, 105.24, 36
nid001132,2026/05/03 14:44:02.192, 3, GPU-cba17786-ea73-0caf-0d43-c838fbb66bcd, NVIDIA A100-SXM4-40GB, 36857, 40960, 100, 129.16, 33
nid001133,2026/05/03 14:44:03.058, 0, GPU-43cac420-244c-9975-fbd1-604f88cdd44c, NVIDIA A100-SXM4-40GB, 37591, 40960, 25, 103.96, 35
nid001133,2026/05/03 14:44:03.061, 1, GPU-73838956-9ad1-3484-0ba2-7d8b02c7a72a, NVIDIA A100-SXM4-40GB, 37581, 40960, 83, 130.97, 34
nid001133,2026/05/03 14:44:03.062, 2, GPU-aee03275-201a-58e4-7b5a-f08a6e4c1e50, NVIDIA A100-SXM4-40GB, 37581, 40960, 94, 121.88, 37
nid001133,2026/05/03 14:44:03.064, 3, GPU-e0003d1b-186b-2e66-9474-0b7af5c50af4, NVIDIA A100-SXM4-40GB, 37581, 40960, 99, 99.51, 35
nid001132,2026/05/03 14:44:05.932, 0, GPU-1ee6ac61-44ab-b161-9de0-16bbb44716e7, NVIDIA A100-SXM4-40GB, 36925, 40960, 100, 122.26, 38
nid001132,2026/05/03 14:44:05.940, 1, GPU-afa7121e-c5d0-2eb5-4e9a-8b001ff7a220, NVIDIA A100-SXM4-40GB, 36857, 40960, 100, 108.81, 35
nid001132,2026/05/03 14:44:05.942, 2, GPU-4dea0284-873a-fa20-cc19-10ca82324573, NVIDIA A100-SXM4-40GB, 36857, 40960, 100, 120.17, 36
nid001132,2026/05/03 14:44:05.943, 3, GPU-cba17786-ea73-0caf-0d43-c838fbb66bcd, NVIDIA A100-SXM4-40GB, 36857, 40960, 2, 110.74, 33
nid001133,2026/05/03 14:44:06.805, 0, GPU-43cac420-244c-9975-fbd1-604f88cdd44c, NVIDIA A100-SXM4-40GB, 37591, 40960, 51, 127.86, 36
nid001133,2026/05/03 14:44:06.807, 1, GPU-73838956-9ad1-3484-0ba2-7d8b02c7a72a, NVIDIA A100-SXM4-40GB, 37581, 40960, 19, 119.45, 34
nid001133,2026/05/03 14:44:06.809, 2, GPU-aee03275-201a-58e4-7b5a-f08a6e4c1e50, NVIDIA A100-SXM4-40GB, 37581, 40960, 44, 128.01, 37
nid001133,2026/05/03 14:44:06.810, 3, GPU-e0003d1b-186b-2e66-9474-0b7af5c50af4, NVIDIA A100-SXM4-40GB, 37581, 40960, 46, 116.99, 35
nid001132,2026/05/03 14:44:09.696, 0, GPU-1ee6ac61-44ab-b161-9de0-16bbb44716e7, NVIDIA A100-SXM4-40GB, 36925, 40960, 100, 119.45, 38
nid001132,2026/05/03 14:44:09.699, 1, GPU-afa7121e-c5d0-2eb5-4e9a-8b001ff7a220, NVIDIA A100-SXM4-40GB, 36857, 40960, 79, 105.24, 35
nid001132,2026/05/03 14:44:09.700, 2, GPU-4dea0284-873a-fa20-cc19-10ca82324573, NVIDIA A100-SXM4-40GB, 36857, 40960, 21, 105.00, 36
nid001132,2026/05/03 14:44:09.702, 3, GPU-cba17786-ea73-0caf-0d43-c838fbb66bcd, NVIDIA A100-SXM4-40GB, 36857, 40960, 100, 123.03, 33
nid001133,2026/05/03 14:44:10.524, 0, GPU-43cac420-244c-9975-fbd1-604f88cdd44c, NVIDIA A100-SXM4-40GB, 37591, 40960, 54, 107.28, 35
nid001133,2026/05/03 14:44:10.527, 1, GPU-73838956-9ad1-3484-0ba2-7d8b02c7a72a, NVIDIA A100-SXM4-40GB, 37581, 40960, 0, 102.56, 34
nid001133,2026/05/03 14:44:10.528, 2, GPU-aee03275-201a-58e4-7b5a-f08a6e4c1e50, NVIDIA A100-SXM4-40GB, 37581, 40960, 46, 102.56, 37
nid001133,2026/05/03 14:44:10.530, 3, GPU-e0003d1b-186b-2e66-9474-0b7af5c50af4, NVIDIA A100-SXM4-40GB, 37581, 40960, 82, 99.51, 35
nid001132,2026/05/03 14:44:13.396, 0, GPU-1ee6ac61-44ab-b161-9de0-16bbb44716e7, NVIDIA A100-SXM4-40GB, 36925, 40960, 100, 106.42, 38
nid001132,2026/05/03 14:44:13.398, 1, GPU-afa7121e-c5d0-2eb5-4e9a-8b001ff7a220, NVIDIA A100-SXM4-40GB, 36857, 40960, 3, 124.54, 35
nid001132,2026/05/03 14:44:13.400, 2, GPU-4dea0284-873a-fa20-cc19-10ca82324573, NVIDIA A100-SXM4-40GB, 36857, 40960, 100, 104.12, 36
nid001132,2026/05/03 14:44:13.401, 3, GPU-cba17786-ea73-0caf-0d43-c838fbb66bcd, NVIDIA A100-SXM4-40GB, 36857, 40960, 100, 105.89, 33
nid001133,2026/05/03 14:44:14.240, 0, GPU-43cac420-244c-9975-fbd1-604f88cdd44c, NVIDIA A100-SXM4-40GB, 37591, 40960, 82, 120.46, 35
nid001133,2026/05/03 14:44:14.243, 1, GPU-73838956-9ad1-3484-0ba2-7d8b02c7a72a, NVIDIA A100-SXM4-40GB, 37581, 40960, 0, 138.47, 34
nid001133,2026/05/03 14:44:14.244, 2, GPU-aee03275-201a-58e4-7b5a-f08a6e4c1e50, NVIDIA A100-SXM4-40GB, 37581, 40960, 100, 106.76, 37
nid001133,2026/05/03 14:44:14.246, 3, GPU-e0003d1b-186b-2e66-9474-0b7af5c50af4, NVIDIA A100-SXM4-40GB, 37581, 40960, 94, 112.13, 35
nid001132,2026/05/03 14:44:17.099, 0, GPU-1ee6ac61-44ab-b161-9de0-16bbb44716e7, NVIDIA A100-SXM4-40GB, 36925, 40960, 100, 114.07, 38
nid001132,2026/05/03 14:44:17.106, 1, GPU-afa7121e-c5d0-2eb5-4e9a-8b001ff7a220, NVIDIA A100-SXM4-40GB, 36857, 40960, 2, 111.14, 35
nid001132,2026/05/03 14:44:17.111, 2, GPU-4dea0284-873a-fa20-cc19-10ca82324573, NVIDIA A100-SXM4-40GB, 36857, 40960, 100, 111.66, 36
nid001132,2026/05/03 14:44:17.115, 3, GPU-cba17786-ea73-0caf-0d43-c838fbb66bcd, NVIDIA A100-SXM4-40GB, 36857, 40960, 100, 105.78, 33
nid001133,2026/05/03 14:44:17.960, 0, GPU-43cac420-244c-9975-fbd1-604f88cdd44c, NVIDIA A100-SXM4-40GB, 37591, 40960, 81, 105.53, 35
nid001133,2026/05/03 14:44:17.963, 1, GPU-73838956-9ad1-3484-0ba2-7d8b02c7a72a, NVIDIA A100-SXM4-40GB, 37581, 40960, 3, 102.04, 34
nid001133,2026/05/03 14:44:17.965, 2, GPU-aee03275-201a-58e4-7b5a-f08a6e4c1e50, NVIDIA A100-SXM4-40GB, 37581, 40960, 76, 102.32, 37
nid001133,2026/05/03 14:44:17.966, 3, GPU-e0003d1b-186b-2e66-9474-0b7af5c50af4, NVIDIA A100-SXM4-40GB, 37581, 40960, 80, 99.51, 35
nid001132,2026/05/03 14:44:20.825, 0, GPU-1ee6ac61-44ab-b161-9de0-16bbb44716e7, NVIDIA A100-SXM4-40GB, 36925, 40960, 100, 106.89, 38
nid001132,2026/05/03 14:44:20.828, 1, GPU-afa7121e-c5d0-2eb5-4e9a-8b001ff7a220, NVIDIA A100-SXM4-40GB, 36857, 40960, 3, 100.63, 35
nid001132,2026/05/03 14:44:20.829, 2, GPU-4dea0284-873a-fa20-cc19-10ca82324573, NVIDIA A100-SXM4-40GB, 36857, 40960, 100, 106.00, 36
nid001132,2026/05/03 14:44:20.831, 3, GPU-cba17786-ea73-0caf-0d43-c838fbb66bcd, NVIDIA A100-SXM4-40GB, 36857, 40960, 100, 109.07, 33
nid001133,2026/05/03 14:44:21.665, 0, GPU-43cac420-244c-9975-fbd1-604f88cdd44c, NVIDIA A100-SXM4-40GB, 37591, 40960, 55, 109.09, 35
nid001133,2026/05/03 14:44:21.668, 1, GPU-73838956-9ad1-3484-0ba2-7d8b02c7a72a, NVIDIA A100-SXM4-40GB, 37581, 40960, 83, 103.08, 34
nid001133,2026/05/03 14:44:21.669, 2, GPU-aee03275-201a-58e4-7b5a-f08a6e4c1e50, NVIDIA A100-SXM4-40GB, 37581, 40960, 14, 102.56, 37
nid001133,2026/05/03 14:44:21.671, 3, GPU-e0003d1b-186b-2e66-9474-0b7af5c50af4, NVIDIA A100-SXM4-40GB, 37581, 40960, 77, 132.33, 35
nid001132,2026/05/03 14:44:24.573, 0, GPU-1ee6ac61-44ab-b161-9de0-16bbb44716e7, NVIDIA A100-SXM4-40GB, 36925, 40960, 100, 116.74, 38
nid001132,2026/05/03 14:44:24.575, 1, GPU-afa7121e-c5d0-2eb5-4e9a-8b001ff7a220, NVIDIA A100-SXM4-40GB, 36857, 40960, 41, 108.33, 35
nid001132,2026/05/03 14:44:24.577, 2, GPU-4dea0284-873a-fa20-cc19-10ca82324573, NVIDIA A100-SXM4-40GB, 36857, 40960, 92, 121.21, 36
nid001132,2026/05/03 14:44:24.579, 3, GPU-cba17786-ea73-0caf-0d43-c838fbb66bcd, NVIDIA A100-SXM4-40GB, 36857, 40960, 33, 108.17, 33
nid001133,2026/05/03 14:44:25.413, 0, GPU-43cac420-244c-9975-fbd1-604f88cdd44c, NVIDIA A100-SXM4-40GB, 37591, 40960, 37, 111.66, 36
nid001133,2026/05/03 14:44:25.418, 1, GPU-73838956-9ad1-3484-0ba2-7d8b02c7a72a, NVIDIA A100-SXM4-40GB, 37581, 40960, 80, 102.79, 34
nid001133,2026/05/03 14:44:25.419, 2, GPU-aee03275-201a-58e4-7b5a-f08a6e4c1e50, NVIDIA A100-SXM4-40GB, 37581, 40960, 97, 102.67, 37
nid001133,2026/05/03 14:44:25.421, 3, GPU-e0003d1b-186b-2e66-9474-0b7af5c50af4, NVIDIA A100-SXM4-40GB, 37581, 40960, 5, 99.22, 35
nid001132,2026/05/03 14:44:28.416, 0, GPU-1ee6ac61-44ab-b161-9de0-16bbb44716e7, NVIDIA A100-SXM4-40GB, 36925, 40960, 75, 116.64, 39
nid001132,2026/05/03 14:44:28.418, 1, GPU-afa7121e-c5d0-2eb5-4e9a-8b001ff7a220, NVIDIA A100-SXM4-40GB, 36857, 40960, 91, 102.79, 35
nid001132,2026/05/03 14:44:28.420, 2, GPU-4dea0284-873a-fa20-cc19-10ca82324573, NVIDIA A100-SXM4-40GB, 36857, 40960, 63, 119.31, 36
nid001132,2026/05/03 14:44:28.422, 3, GPU-cba17786-ea73-0caf-0d43-c838fbb66bcd, NVIDIA A100-SXM4-40GB, 36857, 40960, 71, 109.35, 33
nid001133,2026/05/03 14:44:29.280, 0, GPU-43cac420-244c-9975-fbd1-604f88cdd44c, NVIDIA A100-SXM4-40GB, 37591, 40960, 38, 117.50, 36
nid001133,2026/05/03 14:44:29.283, 1, GPU-73838956-9ad1-3484-0ba2-7d8b02c7a72a, NVIDIA A100-SXM4-40GB, 37581, 40960, 85, 106.01, 34
nid001133,2026/05/03 14:44:29.285, 2, GPU-aee03275-201a-58e4-7b5a-f08a6e4c1e50, NVIDIA A100-SXM4-40GB, 37581, 40960, 81, 103.08, 37
nid001133,2026/05/03 14:44:29.286, 3, GPU-e0003d1b-186b-2e66-9474-0b7af5c50af4, NVIDIA A100-SXM4-40GB, 37581, 40960, 6, 115.88, 36
nid001132,2026/05/03 14:44:32.153, 0, GPU-1ee6ac61-44ab-b161-9de0-16bbb44716e7, NVIDIA A100-SXM4-40GB, 36925, 40960, 59, 108.46, 38
nid001132,2026/05/03 14:44:32.156, 1, GPU-afa7121e-c5d0-2eb5-4e9a-8b001ff7a220, NVIDIA A100-SXM4-40GB, 36857, 40960, 100, 111.89, 35
nid001132,2026/05/03 14:44:32.158, 2, GPU-4dea0284-873a-fa20-cc19-10ca82324573, NVIDIA A100-SXM4-40GB, 36857, 40960, 100, 107.57, 36
nid001132,2026/05/03 14:44:32.159, 3, GPU-cba17786-ea73-0caf-0d43-c838fbb66bcd, NVIDIA A100-SXM4-40GB, 36857, 40960, 50, 121.73, 33
nid001133,2026/05/03 14:44:32.994, 0, GPU-43cac420-244c-9975-fbd1-604f88cdd44c, NVIDIA A100-SXM4-40GB, 37591, 40960, 37, 117.27, 35
nid001133,2026/05/03 14:44:32.996, 1, GPU-73838956-9ad1-3484-0ba2-7d8b02c7a72a, NVIDIA A100-SXM4-40GB, 37581, 40960, 58, 102.44, 34
nid001133,2026/05/03 14:44:32.998, 2, GPU-aee03275-201a-58e4-7b5a-f08a6e4c1e50, NVIDIA A100-SXM4-40GB, 37581, 40960, 26, 102.79, 37
nid001133,2026/05/03 14:44:32.999, 3, GPU-e0003d1b-186b-2e66-9474-0b7af5c50af4, NVIDIA A100-SXM4-40GB, 37581, 40960, 24, 100.51, 35
nid001132,2026/05/03 14:44:35.837, 0, GPU-1ee6ac61-44ab-b161-9de0-16bbb44716e7, NVIDIA A100-SXM4-40GB, 36925, 40960, 93, 121.07, 38
nid001132,2026/05/03 14:44:35.841, 1, GPU-afa7121e-c5d0-2eb5-4e9a-8b001ff7a220, NVIDIA A100-SXM4-40GB, 36857, 40960, 100, 103.20, 35
nid001132,2026/05/03 14:44:35.843, 2, GPU-4dea0284-873a-fa20-cc19-10ca82324573, NVIDIA A100-SXM4-40GB, 36857, 40960, 100, 121.21, 36
nid001132,2026/05/03 14:44:35.844, 3, GPU-cba17786-ea73-0caf-0d43-c838fbb66bcd, NVIDIA A100-SXM4-40GB, 36857, 40960, 4, 124.55, 33
nid001133,2026/05/03 14:44:36.690, 0, GPU-43cac420-244c-9975-fbd1-604f88cdd44c, NVIDIA A100-SXM4-40GB, 37591, 40960, 21, 104.24, 35
nid001133,2026/05/03 14:44:36.698, 1, GPU-73838956-9ad1-3484-0ba2-7d8b02c7a72a, NVIDIA A100-SXM4-40GB, 37581, 40960, 99, 115.60, 34
nid001133,2026/05/03 14:44:36.703, 2, GPU-aee03275-201a-58e4-7b5a-f08a6e4c1e50, NVIDIA A100-SXM4-40GB, 37581, 40960, 14, 104.08, 37
nid001133,2026/05/03 14:44:36.708, 3, GPU-e0003d1b-186b-2e66-9474-0b7af5c50af4, NVIDIA A100-SXM4-40GB, 37581, 40960, 77, 99.22, 35
nid001132,2026/05/03 14:44:39.640, 0, GPU-1ee6ac61-44ab-b161-9de0-16bbb44716e7, NVIDIA A100-SXM4-40GB, 36925, 40960, 100, 106.42, 38
nid001132,2026/05/03 14:44:39.643, 1, GPU-afa7121e-c5d0-2eb5-4e9a-8b001ff7a220, NVIDIA A100-SXM4-40GB, 36857, 40960, 100, 115.22, 35
nid001132,2026/05/03 14:44:39.645, 2, GPU-4dea0284-873a-fa20-cc19-10ca82324573, NVIDIA A100-SXM4-40GB, 36857, 40960, 100, 109.48, 36
nid001132,2026/05/03 14:44:39.647, 3, GPU-cba17786-ea73-0caf-0d43-c838fbb66bcd, NVIDIA A100-SXM4-40GB, 36857, 40960, 8, 105.65, 33
nid001133,2026/05/03 14:44:40.498, 0, GPU-43cac420-244c-9975-fbd1-604f88cdd44c, NVIDIA A100-SXM4-40GB, 37591, 40960, 50, 104.24, 35
nid001133,2026/05/03 14:44:40.500, 1, GPU-73838956-9ad1-3484-0ba2-7d8b02c7a72a, NVIDIA A100-SXM4-40GB, 37581, 40960, 87, 103.21, 34
nid001133,2026/05/03 14:44:40.502, 2, GPU-aee03275-201a-58e4-7b5a-f08a6e4c1e50, NVIDIA A100-SXM4-40GB, 37581, 40960, 82, 102.43, 37
nid001133,2026/05/03 14:44:40.504, 3, GPU-e0003d1b-186b-2e66-9474-0b7af5c50af4, NVIDIA A100-SXM4-40GB, 37581, 40960, 48, 99.51, 35
nid001132,2026/05/03 14:44:43.397, 0, GPU-1ee6ac61-44ab-b161-9de0-16bbb44716e7, NVIDIA A100-SXM4-40GB, 36925, 40960, 100, 124.07, 38
nid001132,2026/05/03 14:44:43.400, 1, GPU-afa7121e-c5d0-2eb5-4e9a-8b001ff7a220, NVIDIA A100-SXM4-40GB, 36857, 40960, 74, 102.04, 35
nid001132,2026/05/03 14:44:43.401, 2, GPU-4dea0284-873a-fa20-cc19-10ca82324573, NVIDIA A100-SXM4-40GB, 36857, 40960, 100, 109.09, 36
nid001132,2026/05/03 14:44:43.404, 3, GPU-cba17786-ea73-0caf-0d43-c838fbb66bcd, NVIDIA A100-SXM4-40GB, 36857, 40960, 16, 125.98, 33
nid001133,2026/05/03 14:44:44.227, 0, GPU-43cac420-244c-9975-fbd1-604f88cdd44c, NVIDIA A100-SXM4-40GB, 37591, 40960, 64, 103.96, 35
nid001133,2026/05/03 14:44:44.229, 1, GPU-73838956-9ad1-3484-0ba2-7d8b02c7a72a, NVIDIA A100-SXM4-40GB, 37581, 40960, 61, 102.79, 34
nid001133,2026/05/03 14:44:44.231, 2, GPU-aee03275-201a-58e4-7b5a-f08a6e4c1e50, NVIDIA A100-SXM4-40GB, 37581, 40960, 56, 102.32, 37
nid001133,2026/05/03 14:44:44.233, 3, GPU-e0003d1b-186b-2e66-9474-0b7af5c50af4, NVIDIA A100-SXM4-40GB, 37581, 40960, 70, 99.22, 35
nid001132,2026/05/03 14:44:47.119, 0, GPU-1ee6ac61-44ab-b161-9de0-16bbb44716e7, NVIDIA A100-SXM4-40GB, 36925, 40960, 92, 106.42, 38
nid001132,2026/05/03 14:44:47.122, 1, GPU-afa7121e-c5d0-2eb5-4e9a-8b001ff7a220, NVIDIA A100-SXM4-40GB, 36857, 40960, 100, 101.68, 35
nid001132,2026/05/03 14:44:47.123, 2, GPU-4dea0284-873a-fa20-cc19-10ca82324573, NVIDIA A100-SXM4-40GB, 36857, 40960, 100, 105.24, 36
nid001132,2026/05/03 14:44:47.125, 3, GPU-cba17786-ea73-0caf-0d43-c838fbb66bcd, NVIDIA A100-SXM4-40GB, 36857, 40960, 3, 105.78, 33
nid001133,2026/05/03 14:44:48.058, 0, GPU-43cac420-244c-9975-fbd1-604f88cdd44c, NVIDIA A100-SXM4-40GB, 37591, 40960, 1, 115.74, 35
nid001133,2026/05/03 14:44:48.060, 1, GPU-73838956-9ad1-3484-0ba2-7d8b02c7a72a, NVIDIA A100-SXM4-40GB, 37581, 40960, 64, 127.73, 34
nid001133,2026/05/03 14:44:48.062, 2, GPU-aee03275-201a-58e4-7b5a-f08a6e4c1e50, NVIDIA A100-SXM4-40GB, 37581, 40960, 100, 117.79, 37
nid001133,2026/05/03 14:44:48.064, 3, GPU-e0003d1b-186b-2e66-9474-0b7af5c50af4, NVIDIA A100-SXM4-40GB, 37581, 40960, 14, 117.27, 35
nid001132,2026/05/03 14:44:50.955, 0, GPU-1ee6ac61-44ab-b161-9de0-16bbb44716e7, NVIDIA A100-SXM4-40GB, 36925, 40960, 73, 124.92, 38
nid001132,2026/05/03 14:44:50.958, 1, GPU-afa7121e-c5d0-2eb5-4e9a-8b001ff7a220, NVIDIA A100-SXM4-40GB, 36857, 40960, 100, 111.14, 35
nid001132,2026/05/03 14:44:50.960, 2, GPU-4dea0284-873a-fa20-cc19-10ca82324573, NVIDIA A100-SXM4-40GB, 36857, 40960, 100, 105.64, 36
nid001132,2026/05/03 14:44:50.961, 3, GPU-cba17786-ea73-0caf-0d43-c838fbb66bcd, NVIDIA A100-SXM4-40GB, 36857, 40960, 27, 109.46, 33
nid001133,2026/05/03 14:44:51.815, 0, GPU-43cac420-244c-9975-fbd1-604f88cdd44c, NVIDIA A100-SXM4-40GB, 37591, 40960, 6, 121.21, 36
nid001133,2026/05/03 14:44:51.826, 1, GPU-73838956-9ad1-3484-0ba2-7d8b02c7a72a, NVIDIA A100-SXM4-40GB, 37581, 40960, 20, 103.08, 34
nid001133,2026/05/03 14:44:51.831, 2, GPU-aee03275-201a-58e4-7b5a-f08a6e4c1e50, NVIDIA A100-SXM4-40GB, 37581, 40960, 47, 116.99, 37
nid001133,2026/05/03 14:44:51.832, 3, GPU-e0003d1b-186b-2e66-9474-0b7af5c50af4, NVIDIA A100-SXM4-40GB, 37581, 40960, 32, 116.99, 35
nid001132,2026/05/03 14:44:54.698, 0, GPU-1ee6ac61-44ab-b161-9de0-16bbb44716e7, NVIDIA A100-SXM4-40GB, 36925, 40960, 12, 120.07, 38
nid001132,2026/05/03 14:44:54.701, 1, GPU-afa7121e-c5d0-2eb5-4e9a-8b001ff7a220, NVIDIA A100-SXM4-40GB, 36857, 40960, 100, 121.21, 35
nid001132,2026/05/03 14:44:54.702, 2, GPU-4dea0284-873a-fa20-cc19-10ca82324573, NVIDIA A100-SXM4-40GB, 36857, 40960, 91, 104.24, 36
nid001132,2026/05/03 14:44:54.708, 3, GPU-cba17786-ea73-0caf-0d43-c838fbb66bcd, NVIDIA A100-SXM4-40GB, 36857, 40960, 100, 106.01, 33
nid001133,2026/05/03 14:44:55.519, 0, GPU-43cac420-244c-9975-fbd1-604f88cdd44c, NVIDIA A100-SXM4-40GB, 37591, 40960, 65, 122.88, 36
nid001133,2026/05/03 14:44:55.528, 1, GPU-73838956-9ad1-3484-0ba2-7d8b02c7a72a, NVIDIA A100-SXM4-40GB, 37581, 40960, 64, 115.50, 34
nid001133,2026/05/03 14:44:55.533, 2, GPU-aee03275-201a-58e4-7b5a-f08a6e4c1e50, NVIDIA A100-SXM4-40GB, 37581, 40960, 68, 109.74, 37
nid001133,2026/05/03 14:44:55.538, 3, GPU-e0003d1b-186b-2e66-9474-0b7af5c50af4, NVIDIA A100-SXM4-40GB, 37581, 40960, 72, 118.93, 35
nid001132,2026/05/03 14:44:58.428, 0, GPU-1ee6ac61-44ab-b161-9de0-16bbb44716e7, NVIDIA A100-SXM4-40GB, 36925, 40960, 100, 127.35, 38
nid001132,2026/05/03 14:44:58.435, 1, GPU-afa7121e-c5d0-2eb5-4e9a-8b001ff7a220, NVIDIA A100-SXM4-40GB, 36857, 40960, 100, 105.12, 35
nid001132,2026/05/03 14:44:58.440, 2, GPU-4dea0284-873a-fa20-cc19-10ca82324573, NVIDIA A100-SXM4-40GB, 36857, 40960, 100, 116.08, 36
nid001132,2026/05/03 14:44:58.441, 3, GPU-cba17786-ea73-0caf-0d43-c838fbb66bcd, NVIDIA A100-SXM4-40GB, 36857, 40960, 3, 105.49, 33
nid001133,2026/05/03 14:44:59.264, 0, GPU-43cac420-244c-9975-fbd1-604f88cdd44c, NVIDIA A100-SXM4-40GB, 37591, 40960, 4, 106.89, 35
nid001133,2026/05/03 14:44:59.271, 1, GPU-73838956-9ad1-3484-0ba2-7d8b02c7a72a, NVIDIA A100-SXM4-40GB, 37581, 40960, 98, 101.92, 34
nid001133,2026/05/03 14:44:59.277, 2, GPU-aee03275-201a-58e4-7b5a-f08a6e4c1e50, NVIDIA A100-SXM4-40GB, 37581, 40960, 96, 124.40, 37
nid001133,2026/05/03 14:44:59.283, 3, GPU-e0003d1b-186b-2e66-9474-0b7af5c50af4, NVIDIA A100-SXM4-40GB, 37581, 40960, 90, 99.63, 35
nid001132,2026/05/03 14:45:02.185, 0, GPU-1ee6ac61-44ab-b161-9de0-16bbb44716e7, NVIDIA A100-SXM4-40GB, 36925, 40960, 100, 116.36, 38
nid001132,2026/05/03 14:45:02.188, 1, GPU-afa7121e-c5d0-2eb5-4e9a-8b001ff7a220, NVIDIA A100-SXM4-40GB, 36857, 40960, 100, 102.67, 35
nid001132,2026/05/03 14:45:02.190, 2, GPU-4dea0284-873a-fa20-cc19-10ca82324573, NVIDIA A100-SXM4-40GB, 36857, 40960, 100, 104.24, 36
nid001132,2026/05/03 14:45:02.191, 3, GPU-cba17786-ea73-0caf-0d43-c838fbb66bcd, NVIDIA A100-SXM4-40GB, 36857, 40960, 2, 105.25, 33
nid001133,2026/05/03 14:45:03.057, 0, GPU-43cac420-244c-9975-fbd1-604f88cdd44c, NVIDIA A100-SXM4-40GB, 37591, 40960, 54, 107.28, 35
nid001133,2026/05/03 14:45:03.060, 1, GPU-73838956-9ad1-3484-0ba2-7d8b02c7a72a, NVIDIA A100-SXM4-40GB, 37581, 40960, 88, 102.32, 34
nid001133,2026/05/03 14:45:03.065, 2, GPU-aee03275-201a-58e4-7b5a-f08a6e4c1e50, NVIDIA A100-SXM4-40GB, 37581, 40960, 77, 102.56, 37
nid001133,2026/05/03 14:45:03.066, 3, GPU-e0003d1b-186b-2e66-9474-0b7af5c50af4, NVIDIA A100-SXM4-40GB, 37581, 40960, 28, 99.51, 35
nid001132,2026/05/03 14:45:05.914, 0, GPU-1ee6ac61-44ab-b161-9de0-16bbb44716e7, NVIDIA A100-SXM4-40GB, 36925, 40960, 10, 130.29, 38
nid001132,2026/05/03 14:45:05.917, 1, GPU-afa7121e-c5d0-2eb5-4e9a-8b001ff7a220, NVIDIA A100-SXM4-40GB, 36857, 40960, 100, 103.20, 35
nid001132,2026/05/03 14:45:05.919, 2, GPU-4dea0284-873a-fa20-cc19-10ca82324573, NVIDIA A100-SXM4-40GB, 36857, 40960, 100, 117.65, 36
nid001132,2026/05/03 14:45:05.920, 3, GPU-cba17786-ea73-0caf-0d43-c838fbb66bcd, NVIDIA A100-SXM4-40GB, 36857, 40960, 84, 105.37, 33
nid001133,2026/05/03 14:45:06.801, 0, GPU-43cac420-244c-9975-fbd1-604f88cdd44c, NVIDIA A100-SXM4-40GB, 37591, 40960, 74, 104.24, 35
nid001133,2026/05/03 14:45:06.803, 1, GPU-73838956-9ad1-3484-0ba2-7d8b02c7a72a, NVIDIA A100-SXM4-40GB, 37581, 40960, 96, 102.04, 34
nid001133,2026/05/03 14:45:06.805, 2, GPU-aee03275-201a-58e4-7b5a-f08a6e4c1e50, NVIDIA A100-SXM4-40GB, 37581, 40960, 80, 102.56, 37
nid001133,2026/05/03 14:45:06.807, 3, GPU-e0003d1b-186b-2e66-9474-0b7af5c50af4, NVIDIA A100-SXM4-40GB, 37581, 40960, 47, 99.22, 35
nid001132,2026/05/03 14:45:09.685, 0, GPU-1ee6ac61-44ab-b161-9de0-16bbb44716e7, NVIDIA A100-SXM4-40GB, 36925, 40960, 2, 106.29, 38
nid001132,2026/05/03 14:45:09.687, 1, GPU-afa7121e-c5d0-2eb5-4e9a-8b001ff7a220, NVIDIA A100-SXM4-40GB, 36857, 40960, 100, 100.63, 34
nid001132,2026/05/03 14:45:09.689, 2, GPU-4dea0284-873a-fa20-cc19-10ca82324573, NVIDIA A100-SXM4-40GB, 36857, 40960, 100, 105.64, 36
nid001132,2026/05/03 14:45:09.690, 3, GPU-cba17786-ea73-0caf-0d43-c838fbb66bcd, NVIDIA A100-SXM4-40GB, 36857, 40960, 100, 107.70, 33
nid001133,2026/05/03 14:45:10.520, 0, GPU-43cac420-244c-9975-fbd1-604f88cdd44c, NVIDIA A100-SXM4-40GB, 37591, 40960, 43, 130.29, 35
nid001133,2026/05/03 14:45:10.523, 1, GPU-73838956-9ad1-3484-0ba2-7d8b02c7a72a, NVIDIA A100-SXM4-40GB, 37581, 40960, 56, 120.21, 34
nid001133,2026/05/03 14:45:10.525, 2, GPU-aee03275-201a-58e4-7b5a-f08a6e4c1e50, NVIDIA A100-SXM4-40GB, 37581, 40960, 73, 114.31, 37
nid001133,2026/05/03 14:45:10.526, 3, GPU-e0003d1b-186b-2e66-9474-0b7af5c50af4, NVIDIA A100-SXM4-40GB, 37581, 40960, 51, 102.56, 35
nid001132,2026/05/03 14:45:13.438, 0, GPU-1ee6ac61-44ab-b161-9de0-16bbb44716e7, NVIDIA A100-SXM4-40GB, 36925, 40960, 5, 105.65, 38
nid001132,2026/05/03 14:45:13.444, 1, GPU-afa7121e-c5d0-2eb5-4e9a-8b001ff7a220, NVIDIA A100-SXM4-40GB, 36857, 40960, 100, 117.79, 35
nid001132,2026/05/03 14:45:13.446, 2, GPU-4dea0284-873a-fa20-cc19-10ca82324573, NVIDIA A100-SXM4-40GB, 36857, 40960, 94, 104.24, 36
nid001132,2026/05/03 14:45:13.447, 3, GPU-cba17786-ea73-0caf-0d43-c838fbb66bcd, NVIDIA A100-SXM4-40GB, 36857, 40960, 100, 105.78, 33
nid001133,2026/05/03 14:45:14.270, 0, GPU-43cac420-244c-9975-fbd1-604f88cdd44c, NVIDIA A100-SXM4-40GB, 37591, 40960, 30, 116.51, 35
nid001133,2026/05/03 14:45:14.273, 1, GPU-73838956-9ad1-3484-0ba2-7d8b02c7a72a, NVIDIA A100-SXM4-40GB, 37581, 40960, 87, 116.88, 34
nid001133,2026/05/03 14:45:14.274, 2, GPU-aee03275-201a-58e4-7b5a-f08a6e4c1e50, NVIDIA A100-SXM4-40GB, 37581, 40960, 43, 126.96, 37
nid001133,2026/05/03 14:45:14.276, 3, GPU-e0003d1b-186b-2e66-9474-0b7af5c50af4, NVIDIA A100-SXM4-40GB, 37581, 40960, 97, 118.17, 35
nid001132,2026/05/03 14:45:17.142, 0, GPU-1ee6ac61-44ab-b161-9de0-16bbb44716e7, NVIDIA A100-SXM4-40GB, 36925, 40960, 28, 115.07, 38
nid001132,2026/05/03 14:45:17.146, 1, GPU-afa7121e-c5d0-2eb5-4e9a-8b001ff7a220, NVIDIA A100-SXM4-40GB, 36857, 40960, 100, 105.00, 35
nid001132,2026/05/03 14:45:17.148, 2, GPU-4dea0284-873a-fa20-cc19-10ca82324573, NVIDIA A100-SXM4-40GB, 36857, 40960, 87, 116.60, 36
nid001132,2026/05/03 14:45:17.150, 3, GPU-cba17786-ea73-0caf-0d43-c838fbb66bcd, NVIDIA A100-SXM4-40GB, 36857, 40960, 100, 130.45, 33
nid001133,2026/05/03 14:45:17.984, 0, GPU-43cac420-244c-9975-fbd1-604f88cdd44c, NVIDIA A100-SXM4-40GB, 37591, 40960, 35, 103.72, 35
nid001133,2026/05/03 14:45:17.987, 1, GPU-73838956-9ad1-3484-0ba2-7d8b02c7a72a, NVIDIA A100-SXM4-40GB, 37581, 40960, 81, 111.27, 34
nid001133,2026/05/03 14:45:17.989, 2, GPU-aee03275-201a-58e4-7b5a-f08a6e4c1e50, NVIDIA A100-SXM4-40GB, 37581, 40960, 51, 124.92, 37
nid001133,2026/05/03 14:45:17.991, 3, GPU-e0003d1b-186b-2e66-9474-0b7af5c50af4, NVIDIA A100-SXM4-40GB, 37581, 40960, 93, 99.22, 35
nid001132,2026/05/03 14:45:20.887, 0, GPU-1ee6ac61-44ab-b161-9de0-16bbb44716e7, NVIDIA A100-SXM4-40GB, 36925, 40960, 0, 106.12, 38
nid001132,2026/05/03 14:45:20.890, 1, GPU-afa7121e-c5d0-2eb5-4e9a-8b001ff7a220, NVIDIA A100-SXM4-40GB, 36857, 40960, 0, 100.63, 35
nid001132,2026/05/03 14:45:20.892, 2, GPU-4dea0284-873a-fa20-cc19-10ca82324573, NVIDIA A100-SXM4-40GB, 36857, 40960, 0, 104.12, 36
nid001132,2026/05/03 14:45:20.893, 3, GPU-cba17786-ea73-0caf-0d43-c838fbb66bcd, NVIDIA A100-SXM4-40GB, 36857, 40960, 52, 105.37, 33
nid001133,2026/05/03 14:45:21.758, 0, GPU-43cac420-244c-9975-fbd1-604f88cdd44c, NVIDIA A100-SXM4-40GB, 37591, 40960, 0, 103.96, 35
nid001133,2026/05/03 14:45:21.760, 1, GPU-73838956-9ad1-3484-0ba2-7d8b02c7a72a, NVIDIA A100-SXM4-40GB, 37581, 40960, 0, 102.04, 34
nid001133,2026/05/03 14:45:21.762, 2, GPU-aee03275-201a-58e4-7b5a-f08a6e4c1e50, NVIDIA A100-SXM4-40GB, 37581, 40960, 95, 102.43, 37
nid001133,2026/05/03 14:45:21.763, 3, GPU-e0003d1b-186b-2e66-9474-0b7af5c50af4, NVIDIA A100-SXM4-40GB, 37581, 40960, 0, 99.22, 35
nid001132,2026/05/03 14:45:24.638, 0, GPU-1ee6ac61-44ab-b161-9de0-16bbb44716e7, NVIDIA A100-SXM4-40GB, 36925, 40960, 9, 105.89, 38
nid001132,2026/05/03 14:45:24.640, 1, GPU-afa7121e-c5d0-2eb5-4e9a-8b001ff7a220, NVIDIA A100-SXM4-40GB, 36857, 40960, 0, 100.51, 34
nid001132,2026/05/03 14:45:24.642, 2, GPU-4dea0284-873a-fa20-cc19-10ca82324573, NVIDIA A100-SXM4-40GB, 36857, 40960, 0, 103.96, 36
nid001132,2026/05/03 14:45:24.643, 3, GPU-cba17786-ea73-0caf-0d43-c838fbb66bcd, NVIDIA A100-SXM4-40GB, 36857, 40960, 18, 105.49, 33
nid001133,2026/05/03 14:45:25.474, 0, GPU-43cac420-244c-9975-fbd1-604f88cdd44c, NVIDIA A100-SXM4-40GB, 37591, 40960, 72, 103.84, 35
nid001133,2026/05/03 14:45:25.477, 1, GPU-73838956-9ad1-3484-0ba2-7d8b02c7a72a, NVIDIA A100-SXM4-40GB, 37581, 40960, 0, 102.91, 34
nid001133,2026/05/03 14:45:25.479, 2, GPU-aee03275-201a-58e4-7b5a-f08a6e4c1e50, NVIDIA A100-SXM4-40GB, 37581, 40960, 87, 103.08, 37
nid001133,2026/05/03 14:45:25.480, 3, GPU-e0003d1b-186b-2e66-9474-0b7af5c50af4, NVIDIA A100-SXM4-40GB, 37581, 40960, 42, 99.34, 35
nid001132,2026/05/03 14:45:28.345, 0, GPU-1ee6ac61-44ab-b161-9de0-16bbb44716e7, NVIDIA A100-SXM4-40GB, 36925, 40960, 0, 105.89, 38
nid001132,2026/05/03 14:45:28.348, 1, GPU-afa7121e-c5d0-2eb5-4e9a-8b001ff7a220, NVIDIA A100-SXM4-40GB, 36857, 40960, 52, 100.39, 34
nid001132,2026/05/03 14:45:28.349, 2, GPU-4dea0284-873a-fa20-cc19-10ca82324573, NVIDIA A100-SXM4-40GB, 36857, 40960, 0, 103.96, 36
nid001132,2026/05/03 14:45:28.351, 3, GPU-cba17786-ea73-0caf-0d43-c838fbb66bcd, NVIDIA A100-SXM4-40GB, 36857, 40960, 0, 105.49, 33
nid001133,2026/05/03 14:45:29.189, 0, GPU-43cac420-244c-9975-fbd1-604f88cdd44c, NVIDIA A100-SXM4-40GB, 37591, 40960, 76, 103.96, 35
nid001133,2026/05/03 14:45:29.192, 1, GPU-73838956-9ad1-3484-0ba2-7d8b02c7a72a, NVIDIA A100-SXM4-40GB, 37581, 40960, 19, 101.80, 34
nid001133,2026/05/03 14:45:29.193, 2, GPU-aee03275-201a-58e4-7b5a-f08a6e4c1e50, NVIDIA A100-SXM4-40GB, 37581, 40960, 39, 102.32, 36
nid001133,2026/05/03 14:45:29.195, 3, GPU-e0003d1b-186b-2e66-9474-0b7af5c50af4, NVIDIA A100-SXM4-40GB, 37581, 40960, 54, 99.22, 35
nid001132,2026/05/03 14:45:32.089, 0, GPU-1ee6ac61-44ab-b161-9de0-16bbb44716e7, NVIDIA A100-SXM4-40GB, 36925, 40960, 81, 106.12, 38
nid001132,2026/05/03 14:45:32.091, 1, GPU-afa7121e-c5d0-2eb5-4e9a-8b001ff7a220, NVIDIA A100-SXM4-40GB, 36857, 40960, 88, 117.27, 35
nid001132,2026/05/03 14:45:32.093, 2, GPU-4dea0284-873a-fa20-cc19-10ca82324573, NVIDIA A100-SXM4-40GB, 36857, 40960, 74, 110.48, 36
nid001132,2026/05/03 14:45:32.094, 3, GPU-cba17786-ea73-0caf-0d43-c838fbb66bcd, NVIDIA A100-SXM4-40GB, 36857, 40960, 79, 105.65, 33
nid001133,2026/05/03 14:45:32.982, 0, GPU-43cac420-244c-9975-fbd1-604f88cdd44c, NVIDIA A100-SXM4-40GB, 37591, 40960, 73, 103.96, 35
nid001133,2026/05/03 14:45:32.989, 1, GPU-73838956-9ad1-3484-0ba2-7d8b02c7a72a, NVIDIA A100-SXM4-40GB, 37581, 40960, 18, 101.80, 34
nid001133,2026/05/03 14:45:32.994, 2, GPU-aee03275-201a-58e4-7b5a-f08a6e4c1e50, NVIDIA A100-SXM4-40GB, 37581, 40960, 42, 102.32, 36
nid001133,2026/05/03 14:45:32.999, 3, GPU-e0003d1b-186b-2e66-9474-0b7af5c50af4, NVIDIA A100-SXM4-40GB, 37581, 40960, 80, 99.22, 35
nid001132,2026/05/03 14:45:35.884, 0, GPU-1ee6ac61-44ab-b161-9de0-16bbb44716e7, NVIDIA A100-SXM4-40GB, 36925, 40960, 64, 105.89, 38
nid001132,2026/05/03 14:45:35.886, 1, GPU-afa7121e-c5d0-2eb5-4e9a-8b001ff7a220, NVIDIA A100-SXM4-40GB, 36857, 40960, 33, 101.43, 34
nid001132,2026/05/03 14:45:35.888, 2, GPU-4dea0284-873a-fa20-cc19-10ca82324573, NVIDIA A100-SXM4-40GB, 36857, 40960, 53, 103.84, 36
nid001132,2026/05/03 14:45:35.890, 3, GPU-cba17786-ea73-0caf-0d43-c838fbb66bcd, NVIDIA A100-SXM4-40GB, 36857, 40960, 35, 105.37, 33
nid001133,2026/05/03 14:45:36.728, 0, GPU-43cac420-244c-9975-fbd1-604f88cdd44c, NVIDIA A100-SXM4-40GB, 37591, 40960, 71, 103.72, 35
nid001133,2026/05/03 14:45:36.731, 1, GPU-73838956-9ad1-3484-0ba2-7d8b02c7a72a, NVIDIA A100-SXM4-40GB, 37581, 40960, 18, 101.80, 34
nid001133,2026/05/03 14:45:36.733, 2, GPU-aee03275-201a-58e4-7b5a-f08a6e4c1e50, NVIDIA A100-SXM4-40GB, 37581, 40960, 77, 102.20, 36
nid001133,2026/05/03 14:45:36.734, 3, GPU-e0003d1b-186b-2e66-9474-0b7af5c50af4, NVIDIA A100-SXM4-40GB, 37581, 40960, 45, 99.22, 35
nid001132,2026/05/03 14:45:39.587, 0, GPU-1ee6ac61-44ab-b161-9de0-16bbb44716e7, NVIDIA A100-SXM4-40GB, 36925, 40960, 67, 111.40, 38
nid001132,2026/05/03 14:45:39.590, 1, GPU-afa7121e-c5d0-2eb5-4e9a-8b001ff7a220, NVIDIA A100-SXM4-40GB, 36857, 40960, 5, 113.70, 35
nid001132,2026/05/03 14:45:39.591, 2, GPU-4dea0284-873a-fa20-cc19-10ca82324573, NVIDIA A100-SXM4-40GB, 36857, 40960, 29, 113.18, 36
nid001132,2026/05/03 14:45:39.593, 3, GPU-cba17786-ea73-0caf-0d43-c838fbb66bcd, NVIDIA A100-SXM4-40GB, 36857, 40960, 34, 115.50, 33
nid001133,2026/05/03 14:45:40.430, 0, GPU-43cac420-244c-9975-fbd1-604f88cdd44c, NVIDIA A100-SXM4-40GB, 37591, 40960, 0, 121.35, 35
nid001133,2026/05/03 14:45:40.440, 1, GPU-73838956-9ad1-3484-0ba2-7d8b02c7a72a, NVIDIA A100-SXM4-40GB, 37581, 40960, 0, 101.80, 34
nid001133,2026/05/03 14:45:40.446, 2, GPU-aee03275-201a-58e4-7b5a-f08a6e4c1e50, NVIDIA A100-SXM4-40GB, 37581, 40960, 0, 102.32, 36
nid001133,2026/05/03 14:45:40.452, 3, GPU-e0003d1b-186b-2e66-9474-0b7af5c50af4, NVIDIA A100-SXM4-40GB, 37581, 40960, 0, 99.22, 35
nid001132,2026/05/03 14:45:43.374, 0, GPU-1ee6ac61-44ab-b161-9de0-16bbb44716e7, NVIDIA A100-SXM4-40GB, 36925, 40960, 12, 105.89, 38
nid001132,2026/05/03 14:45:43.377, 1, GPU-afa7121e-c5d0-2eb5-4e9a-8b001ff7a220, NVIDIA A100-SXM4-40GB, 36857, 40960, 93, 100.63, 34
nid001132,2026/05/03 14:45:43.378, 2, GPU-4dea0284-873a-fa20-cc19-10ca82324573, NVIDIA A100-SXM4-40GB, 36857, 40960, 88, 104.24, 36
nid001132,2026/05/03 14:45:43.380, 3, GPU-cba17786-ea73-0caf-0d43-c838fbb66bcd, NVIDIA A100-SXM4-40GB, 36857, 40960, 84, 105.49, 33
nid001133,2026/05/03 14:45:44.231, 0, GPU-43cac420-244c-9975-fbd1-604f88cdd44c, NVIDIA A100-SXM4-40GB, 37591, 40960, 77, 113.70, 35
nid001133,2026/05/03 14:45:44.234, 1, GPU-73838956-9ad1-3484-0ba2-7d8b02c7a72a, NVIDIA A100-SXM4-40GB, 37581, 40960, 17, 118.17, 34
nid001133,2026/05/03 14:45:44.235, 2, GPU-aee03275-201a-58e4-7b5a-f08a6e4c1e50, NVIDIA A100-SXM4-40GB, 37581, 40960, 5, 114.46, 37
nid001133,2026/05/03 14:45:44.237, 3, GPU-e0003d1b-186b-2e66-9474-0b7af5c50af4, NVIDIA A100-SXM4-40GB, 37581, 40960, 95, 108.17, 35
nid001132,2026/05/03 14:45:47.126, 0, GPU-1ee6ac61-44ab-b161-9de0-16bbb44716e7, NVIDIA A100-SXM4-40GB, 36925, 40960, 21, 109.61, 38
nid001132,2026/05/03 14:45:47.129, 1, GPU-afa7121e-c5d0-2eb5-4e9a-8b001ff7a220, NVIDIA A100-SXM4-40GB, 36857, 40960, 32, 104.24, 35
nid001132,2026/05/03 14:45:47.130, 2, GPU-4dea0284-873a-fa20-cc19-10ca82324573, NVIDIA A100-SXM4-40GB, 36857, 40960, 18, 109.72, 36
nid001132,2026/05/03 14:45:47.132, 3, GPU-cba17786-ea73-0caf-0d43-c838fbb66bcd, NVIDIA A100-SXM4-40GB, 36857, 40960, 0, 113.84, 33
nid001133,2026/05/03 14:45:47.980, 0, GPU-43cac420-244c-9975-fbd1-604f88cdd44c, NVIDIA A100-SXM4-40GB, 37591, 40960, 0, 103.48, 35
nid001133,2026/05/03 14:45:47.983, 1, GPU-73838956-9ad1-3484-0ba2-7d8b02c7a72a, NVIDIA A100-SXM4-40GB, 37581, 40960, 0, 101.56, 34
nid001133,2026/05/03 14:45:47.985, 2, GPU-aee03275-201a-58e4-7b5a-f08a6e4c1e50, NVIDIA A100-SXM4-40GB, 37581, 40960, 0, 102.32, 36
nid001133,2026/05/03 14:45:47.986, 3, GPU-e0003d1b-186b-2e66-9474-0b7af5c50af4, NVIDIA A100-SXM4-40GB, 37581, 40960, 34, 99.22, 35
nid001132,2026/05/03 14:45:50.850, 0, GPU-1ee6ac61-44ab-b161-9de0-16bbb44716e7, NVIDIA A100-SXM4-40GB, 36925, 40960, 79, 130.53, 38
nid001132,2026/05/03 14:45:50.852, 1, GPU-afa7121e-c5d0-2eb5-4e9a-8b001ff7a220, NVIDIA A100-SXM4-40GB, 36857, 40960, 42, 106.53, 35
nid001132,2026/05/03 14:45:50.854, 2, GPU-4dea0284-873a-fa20-cc19-10ca82324573, NVIDIA A100-SXM4-40GB, 36857, 40960, 100, 112.29, 36
nid001132,2026/05/03 14:45:50.855, 3, GPU-cba17786-ea73-0caf-0d43-c838fbb66bcd, NVIDIA A100-SXM4-40GB, 36857, 40960, 30, 118.69, 33
nid001133,2026/05/03 14:45:51.710, 0, GPU-43cac420-244c-9975-fbd1-604f88cdd44c, NVIDIA A100-SXM4-40GB, 37591, 40960, 0, 104.08, 35
nid001133,2026/05/03 14:45:51.713, 1, GPU-73838956-9ad1-3484-0ba2-7d8b02c7a72a, NVIDIA A100-SXM4-40GB, 37581, 40960, 36, 101.92, 34
nid001133,2026/05/03 14:45:51.715, 2, GPU-aee03275-201a-58e4-7b5a-f08a6e4c1e50, NVIDIA A100-SXM4-40GB, 37581, 40960, 16, 102.32, 37
nid001133,2026/05/03 14:45:51.716, 3, GPU-e0003d1b-186b-2e66-9474-0b7af5c50af4, NVIDIA A100-SXM4-40GB, 37581, 40960, 0, 99.10, 35
nid001132,2026/05/03 14:45:54.589, 0, GPU-1ee6ac61-44ab-b161-9de0-16bbb44716e7, NVIDIA A100-SXM4-40GB, 36925, 40960, 55, 105.89, 38
nid001132,2026/05/03 14:45:54.592, 1, GPU-afa7121e-c5d0-2eb5-4e9a-8b001ff7a220, NVIDIA A100-SXM4-40GB, 36857, 40960, 90, 100.39, 34
nid001132,2026/05/03 14:45:54.594, 2, GPU-4dea0284-873a-fa20-cc19-10ca82324573, NVIDIA A100-SXM4-40GB, 36857, 40960, 73, 103.96, 36
nid001132,2026/05/03 14:45:54.596, 3, GPU-cba17786-ea73-0caf-0d43-c838fbb66bcd, NVIDIA A100-SXM4-40GB, 36857, 40960, 43, 105.49, 33
nid001133,2026/05/03 14:45:55.437, 0, GPU-43cac420-244c-9975-fbd1-604f88cdd44c, NVIDIA A100-SXM4-40GB, 37591, 40960, 86, 103.72, 35
nid001133,2026/05/03 14:45:55.442, 1, GPU-73838956-9ad1-3484-0ba2-7d8b02c7a72a, NVIDIA A100-SXM4-40GB, 37581, 40960, 17, 102.68, 34
nid001133,2026/05/03 14:45:55.444, 2, GPU-aee03275-201a-58e4-7b5a-f08a6e4c1e50, NVIDIA A100-SXM4-40GB, 37581, 40960, 53, 102.32, 36
nid001133,2026/05/03 14:45:55.445, 3, GPU-e0003d1b-186b-2e66-9474-0b7af5c50af4, NVIDIA A100-SXM4-40GB, 37581, 40960, 51, 99.22, 35
nid001132,2026/05/03 14:45:58.301, 0, GPU-1ee6ac61-44ab-b161-9de0-16bbb44716e7, NVIDIA A100-SXM4-40GB, 36925, 40960, 95, 105.89, 38
nid001132,2026/05/03 14:45:58.304, 1, GPU-afa7121e-c5d0-2eb5-4e9a-8b001ff7a220, NVIDIA A100-SXM4-40GB, 36857, 40960, 72, 110.38, 34
nid001132,2026/05/03 14:45:58.306, 2, GPU-4dea0284-873a-fa20-cc19-10ca82324573, NVIDIA A100-SXM4-40GB, 36857, 40960, 0, 103.96, 36
nid001132,2026/05/03 14:45:58.307, 3, GPU-cba17786-ea73-0caf-0d43-c838fbb66bcd, NVIDIA A100-SXM4-40GB, 36857, 40960, 22, 105.49, 33
nid001133,2026/05/03 14:45:59.145, 0, GPU-43cac420-244c-9975-fbd1-604f88cdd44c, NVIDIA A100-SXM4-40GB, 37591, 40960, 2, 103.72, 35
nid001133,2026/05/03 14:45:59.148, 1, GPU-73838956-9ad1-3484-0ba2-7d8b02c7a72a, NVIDIA A100-SXM4-40GB, 37581, 40960, 36, 101.56, 34
nid001133,2026/05/03 14:45:59.149, 2, GPU-aee03275-201a-58e4-7b5a-f08a6e4c1e50, NVIDIA A100-SXM4-40GB, 37581, 40960, 67, 102.32, 36
nid001133,2026/05/03 14:45:59.151, 3, GPU-e0003d1b-186b-2e66-9474-0b7af5c50af4, NVIDIA A100-SXM4-40GB, 37581, 40960, 35, 99.22, 35
nid001132,2026/05/03 14:46:02.020, 0, GPU-1ee6ac61-44ab-b161-9de0-16bbb44716e7, NVIDIA A100-SXM4-40GB, 36925, 40960, 18, 107.70, 38
nid001132,2026/05/03 14:46:02.022, 1, GPU-afa7121e-c5d0-2eb5-4e9a-8b001ff7a220, NVIDIA A100-SXM4-40GB, 36857, 40960, 41, 104.24, 35
nid001132,2026/05/03 14:46:02.024, 2, GPU-4dea0284-873a-fa20-cc19-10ca82324573, NVIDIA A100-SXM4-40GB, 36857, 40960, 24, 106.40, 36
nid001132,2026/05/03 14:46:02.029, 3, GPU-cba17786-ea73-0caf-0d43-c838fbb66bcd, NVIDIA A100-SXM4-40GB, 36857, 40960, 30, 107.17, 33
nid001133,2026/05/03 14:46:02.863, 0, GPU-43cac420-244c-9975-fbd1-604f88cdd44c, NVIDIA A100-SXM4-40GB, 37591, 40960, 0, 103.96, 35
nid001133,2026/05/03 14:46:02.870, 1, GPU-73838956-9ad1-3484-0ba2-7d8b02c7a72a, NVIDIA A100-SXM4-40GB, 37581, 40960, 7, 101.56, 34
nid001133,2026/05/03 14:46:02.876, 2, GPU-aee03275-201a-58e4-7b5a-f08a6e4c1e50, NVIDIA A100-SXM4-40GB, 37581, 40960, 12, 102.32, 36
nid001133,2026/05/03 14:46:02.881, 3, GPU-e0003d1b-186b-2e66-9474-0b7af5c50af4, NVIDIA A100-SXM4-40GB, 37581, 40960, 0, 99.22, 35
nid001132,2026/05/03 14:46:05.782, 0, GPU-1ee6ac61-44ab-b161-9de0-16bbb44716e7, NVIDIA A100-SXM4-40GB, 36925, 40960, 0, 105.89, 38
nid001132,2026/05/03 14:46:05.785, 1, GPU-afa7121e-c5d0-2eb5-4e9a-8b001ff7a220, NVIDIA A100-SXM4-40GB, 36857, 40960, 29, 101.27, 34
nid001132,2026/05/03 14:46:05.786, 2, GPU-4dea0284-873a-fa20-cc19-10ca82324573, NVIDIA A100-SXM4-40GB, 36857, 40960, 66, 103.96, 36
nid001132,2026/05/03 14:46:05.788, 3, GPU-cba17786-ea73-0caf-0d43-c838fbb66bcd, NVIDIA A100-SXM4-40GB, 36857, 40960, 9, 105.25, 33
nid001133,2026/05/03 14:46:06.624, 0, GPU-43cac420-244c-9975-fbd1-604f88cdd44c, NVIDIA A100-SXM4-40GB, 37591, 40960, 62, 110.22, 36
nid001133,2026/05/03 14:46:06.630, 1, GPU-73838956-9ad1-3484-0ba2-7d8b02c7a72a, NVIDIA A100-SXM4-40GB, 37581, 40960, 78, 122.50, 35
nid001133,2026/05/03 14:46:06.635, 2, GPU-aee03275-201a-58e4-7b5a-f08a6e4c1e50, NVIDIA A100-SXM4-40GB, 37581, 40960, 98, 135.38, 38
nid001133,2026/05/03 14:46:06.640, 3, GPU-e0003d1b-186b-2e66-9474-0b7af5c50af4, NVIDIA A100-SXM4-40GB, 37581, 40960, 60, 100.87, 36
nid001132,2026/05/03 14:46:09.495, 0, GPU-1ee6ac61-44ab-b161-9de0-16bbb44716e7, NVIDIA A100-SXM4-40GB, 36925, 40960, 0, 106.12, 38
nid001132,2026/05/03 14:46:09.498, 1, GPU-afa7121e-c5d0-2eb5-4e9a-8b001ff7a220, NVIDIA A100-SXM4-40GB, 36857, 40960, 0, 100.51, 35
nid001132,2026/05/03 14:46:09.500, 2, GPU-4dea0284-873a-fa20-cc19-10ca82324573, NVIDIA A100-SXM4-40GB, 36857, 40960, 0, 103.96, 36
nid001132,2026/05/03 14:46:09.501, 3, GPU-cba17786-ea73-0caf-0d43-c838fbb66bcd, NVIDIA A100-SXM4-40GB, 36857, 40960, 1, 105.78, 33
nid001133,2026/05/03 14:46:10.346, 0, GPU-43cac420-244c-9975-fbd1-604f88cdd44c, NVIDIA A100-SXM4-40GB, 37591, 40960, 5, 103.84, 35
nid001133,2026/05/03 14:46:10.349, 1, GPU-73838956-9ad1-3484-0ba2-7d8b02c7a72a, NVIDIA A100-SXM4-40GB, 37581, 40960, 0, 101.92, 34
nid001133,2026/05/03 14:46:10.350, 2, GPU-aee03275-201a-58e4-7b5a-f08a6e4c1e50, NVIDIA A100-SXM4-40GB, 37581, 40960, 0, 102.32, 37
nid001133,2026/05/03 14:46:10.352, 3, GPU-e0003d1b-186b-2e66-9474-0b7af5c50af4, NVIDIA A100-SXM4-40GB, 37581, 40960, 0, 99.34, 35
nid001132,2026/05/03 14:46:13.220, 0, GPU-1ee6ac61-44ab-b161-9de0-16bbb44716e7, NVIDIA A100-SXM4-40GB, 36925, 40960, 97, 107.94, 38
nid001132,2026/05/03 14:46:13.223, 1, GPU-afa7121e-c5d0-2eb5-4e9a-8b001ff7a220, NVIDIA A100-SXM4-40GB, 36857, 40960, 47, 115.99, 35
nid001132,2026/05/03 14:46:13.224, 2, GPU-4dea0284-873a-fa20-cc19-10ca82324573, NVIDIA A100-SXM4-40GB, 36857, 40960, 32, 105.12, 36
nid001132,2026/05/03 14:46:13.230, 3, GPU-cba17786-ea73-0caf-0d43-c838fbb66bcd, NVIDIA A100-SXM4-40GB, 36857, 40960, 100, 107.41, 33
nid001133,2026/05/03 14:46:14.056, 0, GPU-43cac420-244c-9975-fbd1-604f88cdd44c, NVIDIA A100-SXM4-40GB, 37591, 40960, 37, 103.72, 35
nid001133,2026/05/03 14:46:14.059, 1, GPU-73838956-9ad1-3484-0ba2-7d8b02c7a72a, NVIDIA A100-SXM4-40GB, 37581, 40960, 99, 124.68, 34
nid001133,2026/05/03 14:46:14.061, 2, GPU-aee03275-201a-58e4-7b5a-f08a6e4c1e50, NVIDIA A100-SXM4-40GB, 37581, 40960, 89, 102.32, 37
nid001133,2026/05/03 14:46:14.062, 3, GPU-e0003d1b-186b-2e66-9474-0b7af5c50af4, NVIDIA A100-SXM4-40GB, 37581, 40960, 7, 99.22, 35
nid001132,2026/05/03 14:46:16.961, 0, GPU-1ee6ac61-44ab-b161-9de0-16bbb44716e7, NVIDIA A100-SXM4-40GB, 36925, 40960, 14, 123.03, 38
nid001132,2026/05/03 14:46:16.963, 1, GPU-afa7121e-c5d0-2eb5-4e9a-8b001ff7a220, NVIDIA A100-SXM4-40GB, 36857, 40960, 0, 118.27, 35
nid001132,2026/05/03 14:46:16.965, 2, GPU-4dea0284-873a-fa20-cc19-10ca82324573, NVIDIA A100-SXM4-40GB, 36857, 40960, 28, 105.00, 36
nid001132,2026/05/03 14:46:16.967, 3, GPU-cba17786-ea73-0caf-0d43-c838fbb66bcd, NVIDIA A100-SXM4-40GB, 36857, 40960, 45, 121.64, 33
nid001133,2026/05/03 14:46:17.807, 0, GPU-43cac420-244c-9975-fbd1-604f88cdd44c, NVIDIA A100-SXM4-40GB, 37591, 40960, 0, 103.60, 35
nid001133,2026/05/03 14:46:17.809, 1, GPU-73838956-9ad1-3484-0ba2-7d8b02c7a72a, NVIDIA A100-SXM4-40GB, 37581, 40960, 0, 101.68, 34
nid001133,2026/05/03 14:46:17.811, 2, GPU-aee03275-201a-58e4-7b5a-f08a6e4c1e50, NVIDIA A100-SXM4-40GB, 37581, 40960, 0, 102.32, 36
nid001133,2026/05/03 14:46:17.813, 3, GPU-e0003d1b-186b-2e66-9474-0b7af5c50af4, NVIDIA A100-SXM4-40GB, 37581, 40960, 0, 99.10, 35
nid001132,2026/05/03 14:46:20.676, 0, GPU-1ee6ac61-44ab-b161-9de0-16bbb44716e7, NVIDIA A100-SXM4-40GB, 36925, 40960, 67, 106.01, 38
nid001132,2026/05/03 14:46:20.679, 1, GPU-afa7121e-c5d0-2eb5-4e9a-8b001ff7a220, NVIDIA A100-SXM4-40GB, 36857, 40960, 34, 101.56, 34
nid001132,2026/05/03 14:46:20.680, 2, GPU-4dea0284-873a-fa20-cc19-10ca82324573, NVIDIA A100-SXM4-40GB, 36857, 40960, 0, 103.96, 36
nid001132,2026/05/03 14:46:20.682, 3, GPU-cba17786-ea73-0caf-0d43-c838fbb66bcd, NVIDIA A100-SXM4-40GB, 36857, 40960, 34, 105.25, 33
nid001133,2026/05/03 14:46:21.534, 0, GPU-43cac420-244c-9975-fbd1-604f88cdd44c, NVIDIA A100-SXM4-40GB, 37591, 40960, 73, 103.84, 35
nid001133,2026/05/03 14:46:21.541, 1, GPU-73838956-9ad1-3484-0ba2-7d8b02c7a72a, NVIDIA A100-SXM4-40GB, 37581, 40960, 35, 101.92, 34
nid001133,2026/05/03 14:46:21.545, 2, GPU-aee03275-201a-58e4-7b5a-f08a6e4c1e50, NVIDIA A100-SXM4-40GB, 37581, 40960, 1, 102.04, 36
nid001133,2026/05/03 14:46:21.551, 3, GPU-e0003d1b-186b-2e66-9474-0b7af5c50af4, NVIDIA A100-SXM4-40GB, 37581, 40960, 20, 99.22, 35
nid001132,2026/05/03 14:46:24.406, 0, GPU-1ee6ac61-44ab-b161-9de0-16bbb44716e7, NVIDIA A100-SXM4-40GB, 36925, 40960, 31, 105.89, 38
nid001132,2026/05/03 14:46:24.408, 1, GPU-afa7121e-c5d0-2eb5-4e9a-8b001ff7a220, NVIDIA A100-SXM4-40GB, 36857, 40960, 1, 101.43, 34
nid001132,2026/05/03 14:46:24.410, 2, GPU-4dea0284-873a-fa20-cc19-10ca82324573, NVIDIA A100-SXM4-40GB, 36857, 40960, 31, 103.96, 36
nid001132,2026/05/03 14:46:24.411, 3, GPU-cba17786-ea73-0caf-0d43-c838fbb66bcd, NVIDIA A100-SXM4-40GB, 36857, 40960, 0, 105.49, 33
nid001133,2026/05/03 14:46:25.254, 0, GPU-43cac420-244c-9975-fbd1-604f88cdd44c, NVIDIA A100-SXM4-40GB, 37591, 40960, 78, 103.60, 35
nid001133,2026/05/03 14:46:25.257, 1, GPU-73838956-9ad1-3484-0ba2-7d8b02c7a72a, NVIDIA A100-SXM4-40GB, 37581, 40960, 13, 102.04, 34
nid001133,2026/05/03 14:46:25.258, 2, GPU-aee03275-201a-58e4-7b5a-f08a6e4c1e50, NVIDIA A100-SXM4-40GB, 37581, 40960, 53, 102.32, 36
nid001133,2026/05/03 14:46:25.260, 3, GPU-e0003d1b-186b-2e66-9474-0b7af5c50af4, NVIDIA A100-SXM4-40GB, 37581, 40960, 63, 99.22, 35
nid001132,2026/05/03 14:46:28.117, 0, GPU-1ee6ac61-44ab-b161-9de0-16bbb44716e7, NVIDIA A100-SXM4-40GB, 36925, 40960, 75, 118.55, 38
nid001132,2026/05/03 14:46:28.120, 1, GPU-afa7121e-c5d0-2eb5-4e9a-8b001ff7a220, NVIDIA A100-SXM4-40GB, 36857, 40960, 58, 104.48, 35
nid001132,2026/05/03 14:46:28.121, 2, GPU-4dea0284-873a-fa20-cc19-10ca82324573, NVIDIA A100-SXM4-40GB, 36857, 40960, 55, 104.48, 36
nid001132,2026/05/03 14:46:28.123, 3, GPU-cba17786-ea73-0caf-0d43-c838fbb66bcd, NVIDIA A100-SXM4-40GB, 36857, 40960, 31, 120.45, 33
nid001133,2026/05/03 14:46:28.961, 0, GPU-43cac420-244c-9975-fbd1-604f88cdd44c, NVIDIA A100-SXM4-40GB, 37591, 40960, 78, 104.72, 35
nid001133,2026/05/03 14:46:28.964, 1, GPU-73838956-9ad1-3484-0ba2-7d8b02c7a72a, NVIDIA A100-SXM4-40GB, 37581, 40960, 23, 131.58, 34
nid001133,2026/05/03 14:46:28.965, 2, GPU-aee03275-201a-58e4-7b5a-f08a6e4c1e50, NVIDIA A100-SXM4-40GB, 37581, 40960, 0, 115.74, 37
nid001133,2026/05/03 14:46:28.967, 3, GPU-e0003d1b-186b-2e66-9474-0b7af5c50af4, NVIDIA A100-SXM4-40GB, 37581, 40960, 36, 118.41, 35
nid001132,2026/05/03 14:46:31.921, 0, GPU-1ee6ac61-44ab-b161-9de0-16bbb44716e7, NVIDIA A100-SXM4-40GB, 36925, 40960, 95, 106.25, 38
nid001132,2026/05/03 14:46:31.924, 1, GPU-afa7121e-c5d0-2eb5-4e9a-8b001ff7a220, NVIDIA A100-SXM4-40GB, 36857, 40960, 100, 100.75, 34
nid001132,2026/05/03 14:46:31.925, 2, GPU-4dea0284-873a-fa20-cc19-10ca82324573, NVIDIA A100-SXM4-40GB, 36857, 40960, 90, 104.48, 36
nid001132,2026/05/03 14:46:31.927, 3, GPU-cba17786-ea73-0caf-0d43-c838fbb66bcd, NVIDIA A100-SXM4-40GB, 36857, 40960, 9, 105.49, 33
nid001133,2026/05/03 14:46:32.762, 0, GPU-43cac420-244c-9975-fbd1-604f88cdd44c, NVIDIA A100-SXM4-40GB, 37591, 40960, 41, 114.60, 35
nid001133,2026/05/03 14:46:32.765, 1, GPU-73838956-9ad1-3484-0ba2-7d8b02c7a72a, NVIDIA A100-SXM4-40GB, 37581, 40960, 0, 102.44, 34
nid001133,2026/05/03 14:46:32.766, 2, GPU-aee03275-201a-58e4-7b5a-f08a6e4c1e50, NVIDIA A100-SXM4-40GB, 37581, 40960, 0, 102.04, 37
nid001133,2026/05/03 14:46:32.768, 3, GPU-e0003d1b-186b-2e66-9474-0b7af5c50af4, NVIDIA A100-SXM4-40GB, 37581, 40960, 79, 113.84, 35
nid001132,2026/05/03 14:46:35.626, 0, GPU-1ee6ac61-44ab-b161-9de0-16bbb44716e7, NVIDIA A100-SXM4-40GB, 36925, 40960, 84, 112.26, 38
nid001132,2026/05/03 14:46:35.629, 1, GPU-afa7121e-c5d0-2eb5-4e9a-8b001ff7a220, NVIDIA A100-SXM4-40GB, 36857, 40960, 100, 102.04, 34
nid001132,2026/05/03 14:46:35.631, 2, GPU-4dea0284-873a-fa20-cc19-10ca82324573, NVIDIA A100-SXM4-40GB, 36857, 40960, 19, 120.31, 36
nid001132,2026/05/03 14:46:35.637, 3, GPU-cba17786-ea73-0caf-0d43-c838fbb66bcd, NVIDIA A100-SXM4-40GB, 36857, 40960, 10, 109.07, 33
nid001133,2026/05/03 14:46:36.494, 0, GPU-43cac420-244c-9975-fbd1-604f88cdd44c, NVIDIA A100-SXM4-40GB, 37591, 40960, 0, 103.48, 35
nid001133,2026/05/03 14:46:36.496, 1, GPU-73838956-9ad1-3484-0ba2-7d8b02c7a72a, NVIDIA A100-SXM4-40GB, 37581, 40960, 10, 101.80, 33
nid001133,2026/05/03 14:46:36.498, 2, GPU-aee03275-201a-58e4-7b5a-f08a6e4c1e50, NVIDIA A100-SXM4-40GB, 37581, 40960, 0, 102.32, 36
nid001133,2026/05/03 14:46:36.499, 3, GPU-e0003d1b-186b-2e66-9474-0b7af5c50af4, NVIDIA A100-SXM4-40GB, 37581, 40960, 0, 99.22, 35
nid001132,2026/05/03 14:46:39.403, 0, GPU-1ee6ac61-44ab-b161-9de0-16bbb44716e7, NVIDIA A100-SXM4-40GB, 36925, 40960, 72, 118.27, 38
nid001132,2026/05/03 14:46:39.406, 1, GPU-afa7121e-c5d0-2eb5-4e9a-8b001ff7a220, NVIDIA A100-SXM4-40GB, 36857, 40960, 72, 101.68, 34
nid001132,2026/05/03 14:46:39.411, 2, GPU-4dea0284-873a-fa20-cc19-10ca82324573, NVIDIA A100-SXM4-40GB, 36857, 40960, 33, 123.77, 36
nid001132,2026/05/03 14:46:39.413, 3, GPU-cba17786-ea73-0caf-0d43-c838fbb66bcd, NVIDIA A100-SXM4-40GB, 36857, 40960, 100, 112.26, 33
nid001133,2026/05/03 14:46:40.309, 0, GPU-43cac420-244c-9975-fbd1-604f88cdd44c, NVIDIA A100-SXM4-40GB, 37591, 40960, 66, 103.72, 35
nid001133,2026/05/03 14:46:40.311, 1, GPU-73838956-9ad1-3484-0ba2-7d8b02c7a72a, NVIDIA A100-SXM4-40GB, 37581, 40960, 27, 101.80, 34
nid001133,2026/05/03 14:46:40.313, 2, GPU-aee03275-201a-58e4-7b5a-f08a6e4c1e50, NVIDIA A100-SXM4-40GB, 37581, 40960, 38, 102.32, 36
nid001133,2026/05/03 14:46:40.314, 3, GPU-e0003d1b-186b-2e66-9474-0b7af5c50af4, NVIDIA A100-SXM4-40GB, 37581, 40960, 22, 99.22, 35
nid001132,2026/05/03 14:46:43.217, 0, GPU-1ee6ac61-44ab-b161-9de0-16bbb44716e7, NVIDIA A100-SXM4-40GB, 36925, 40960, 47, 109.22, 38
nid001132,2026/05/03 14:46:43.219, 1, GPU-afa7121e-c5d0-2eb5-4e9a-8b001ff7a220, NVIDIA A100-SXM4-40GB, 36857, 40960, 60, 109.86, 35
nid001132,2026/05/03 14:46:43.221, 2, GPU-4dea0284-873a-fa20-cc19-10ca82324573, NVIDIA A100-SXM4-40GB, 36857, 40960, 100, 109.72, 36
nid001132,2026/05/03 14:46:43.223, 3, GPU-cba17786-ea73-0caf-0d43-c838fbb66bcd, NVIDIA A100-SXM4-40GB, 36857, 40960, 100, 118.41, 33
nid001133,2026/05/03 14:46:44.085, 0, GPU-43cac420-244c-9975-fbd1-604f88cdd44c, NVIDIA A100-SXM4-40GB, 37591, 40960, 0, 120.83, 35
nid001133,2026/05/03 14:46:44.088, 1, GPU-73838956-9ad1-3484-0ba2-7d8b02c7a72a, NVIDIA A100-SXM4-40GB, 37581, 40960, 0, 124.68, 34
nid001133,2026/05/03 14:46:44.094, 2, GPU-aee03275-201a-58e4-7b5a-f08a6e4c1e50, NVIDIA A100-SXM4-40GB, 37581, 40960, 24, 102.20, 37
nid001133,2026/05/03 14:46:44.095, 3, GPU-e0003d1b-186b-2e66-9474-0b7af5c50af4, NVIDIA A100-SXM4-40GB, 37581, 40960, 0, 114.18, 35
nid001132,2026/05/03 14:46:46.973, 0, GPU-1ee6ac61-44ab-b161-9de0-16bbb44716e7, NVIDIA A100-SXM4-40GB, 36925, 40960, 30, 115.99, 38
nid001132,2026/05/03 14:46:46.975, 1, GPU-afa7121e-c5d0-2eb5-4e9a-8b001ff7a220, NVIDIA A100-SXM4-40GB, 36857, 40960, 4, 125.30, 35
nid001132,2026/05/03 14:46:46.977, 2, GPU-4dea0284-873a-fa20-cc19-10ca82324573, NVIDIA A100-SXM4-40GB, 36857, 40960, 63, 105.40, 36
nid001132,2026/05/03 14:46:46.979, 3, GPU-cba17786-ea73-0caf-0d43-c838fbb66bcd, NVIDIA A100-SXM4-40GB, 36857, 40960, 83, 112.55, 33
nid001133,2026/05/03 14:46:47.820, 0, GPU-43cac420-244c-9975-fbd1-604f88cdd44c, NVIDIA A100-SXM4-40GB, 37591, 40960, 0, 103.60, 35
nid001133,2026/05/03 14:46:47.823, 1, GPU-73838956-9ad1-3484-0ba2-7d8b02c7a72a, NVIDIA A100-SXM4-40GB, 37581, 40960, 0, 101.68, 33
nid001133,2026/05/03 14:46:47.825, 2, GPU-aee03275-201a-58e4-7b5a-f08a6e4c1e50, NVIDIA A100-SXM4-40GB, 37581, 40960, 0, 102.04, 36
nid001133,2026/05/03 14:46:47.826, 3, GPU-e0003d1b-186b-2e66-9474-0b7af5c50af4, NVIDIA A100-SXM4-40GB, 37581, 40960, 0, 99.34, 35
nid001132,2026/05/03 14:46:50.701, 0, GPU-1ee6ac61-44ab-b161-9de0-16bbb44716e7, NVIDIA A100-SXM4-40GB, 36925, 40960, 51, 106.42, 38
nid001132,2026/05/03 14:46:50.704, 1, GPU-afa7121e-c5d0-2eb5-4e9a-8b001ff7a220, NVIDIA A100-SXM4-40GB, 36857, 40960, 100, 102.20, 35
nid001132,2026/05/03 14:46:50.705, 2, GPU-4dea0284-873a-fa20-cc19-10ca82324573, NVIDIA A100-SXM4-40GB, 36857, 40960, 40, 104.48, 36
nid001132,2026/05/03 14:46:50.707, 3, GPU-cba17786-ea73-0caf-0d43-c838fbb66bcd, NVIDIA A100-SXM4-40GB, 36857, 40960, 58, 105.78, 33
nid001133,2026/05/03 14:46:51.524, 0, GPU-43cac420-244c-9975-fbd1-604f88cdd44c, NVIDIA A100-SXM4-40GB, 37591, 40960, 0, 103.72, 35
nid001133,2026/05/03 14:46:51.527, 1, GPU-73838956-9ad1-3484-0ba2-7d8b02c7a72a, NVIDIA A100-SXM4-40GB, 37581, 40960, 0, 101.80, 34
nid001133,2026/05/03 14:46:51.528, 2, GPU-aee03275-201a-58e4-7b5a-f08a6e4c1e50, NVIDIA A100-SXM4-40GB, 37581, 40960, 0, 102.32, 36
nid001133,2026/05/03 14:46:51.530, 3, GPU-e0003d1b-186b-2e66-9474-0b7af5c50af4, NVIDIA A100-SXM4-40GB, 37581, 40960, 0, 99.22, 35
nid001132,2026/05/03 14:46:54.400, 0, GPU-1ee6ac61-44ab-b161-9de0-16bbb44716e7, NVIDIA A100-SXM4-40GB, 36925, 40960, 36, 106.12, 38
nid001132,2026/05/03 14:46:54.403, 1, GPU-afa7121e-c5d0-2eb5-4e9a-8b001ff7a220, NVIDIA A100-SXM4-40GB, 36857, 40960, 67, 101.43, 35
nid001132,2026/05/03 14:46:54.404, 2, GPU-4dea0284-873a-fa20-cc19-10ca82324573, NVIDIA A100-SXM4-40GB, 36857, 40960, 86, 103.96, 36
nid001132,2026/05/03 14:46:54.406, 3, GPU-cba17786-ea73-0caf-0d43-c838fbb66bcd, NVIDIA A100-SXM4-40GB, 36857, 40960, 39, 105.49, 33
nid001133,2026/05/03 14:46:55.264, 0, GPU-43cac420-244c-9975-fbd1-604f88cdd44c, NVIDIA A100-SXM4-40GB, 37591, 40960, 33, 103.72, 35
nid001133,2026/05/03 14:46:55.267, 1, GPU-73838956-9ad1-3484-0ba2-7d8b02c7a72a, NVIDIA A100-SXM4-40GB, 37581, 40960, 89, 101.80, 34
nid001133,2026/05/03 14:46:55.268, 2, GPU-aee03275-201a-58e4-7b5a-f08a6e4c1e50, NVIDIA A100-SXM4-40GB, 37581, 40960, 94, 102.43, 37
nid001133,2026/05/03 14:46:55.269, 3, GPU-e0003d1b-186b-2e66-9474-0b7af5c50af4, NVIDIA A100-SXM4-40GB, 37581, 40960, 5, 99.22, 35
nid001132,2026/05/03 14:46:58.156, 0, GPU-1ee6ac61-44ab-b161-9de0-16bbb44716e7, NVIDIA A100-SXM4-40GB, 36925, 40960, 92, 111.37, 38
nid001132,2026/05/03 14:46:58.159, 1, GPU-afa7121e-c5d0-2eb5-4e9a-8b001ff7a220, NVIDIA A100-SXM4-40GB, 36857, 40960, 44, 104.59, 35
nid001132,2026/05/03 14:46:58.161, 2, GPU-4dea0284-873a-fa20-cc19-10ca82324573, NVIDIA A100-SXM4-40GB, 36857, 40960, 16, 112.91, 36
nid001132,2026/05/03 14:46:58.163, 3, GPU-cba17786-ea73-0caf-0d43-c838fbb66bcd, NVIDIA A100-SXM4-40GB, 36857, 40960, 29, 107.41, 33
nid001133,2026/05/03 14:46:58.991, 0, GPU-43cac420-244c-9975-fbd1-604f88cdd44c, NVIDIA A100-SXM4-40GB, 37591, 40960, 57, 116.51, 35
nid001133,2026/05/03 14:46:58.994, 1, GPU-73838956-9ad1-3484-0ba2-7d8b02c7a72a, NVIDIA A100-SXM4-40GB, 37581, 40960, 66, 128.01, 34
nid001133,2026/05/03 14:46:58.996, 2, GPU-aee03275-201a-58e4-7b5a-f08a6e4c1e50, NVIDIA A100-SXM4-40GB, 37581, 40960, 0, 102.20, 36
nid001133,2026/05/03 14:46:58.998, 3, GPU-e0003d1b-186b-2e66-9474-0b7af5c50af4, NVIDIA A100-SXM4-40GB, 37581, 40960, 11, 105.12, 35
nid001132,2026/05/03 14:47:01.891, 0, GPU-1ee6ac61-44ab-b161-9de0-16bbb44716e7, NVIDIA A100-SXM4-40GB, 36925, 40960, 67, 124.07, 38
nid001132,2026/05/03 14:47:01.894, 1, GPU-afa7121e-c5d0-2eb5-4e9a-8b001ff7a220, NVIDIA A100-SXM4-40GB, 36857, 40960, 57, 102.79, 35
nid001132,2026/05/03 14:47:01.895, 2, GPU-4dea0284-873a-fa20-cc19-10ca82324573, NVIDIA A100-SXM4-40GB, 36857, 40960, 20, 128.86, 36
nid001132,2026/05/03 14:47:01.897, 3, GPU-cba17786-ea73-0caf-0d43-c838fbb66bcd, NVIDIA A100-SXM4-40GB, 36857, 40960, 22, 112.16, 33
nid001133,2026/05/03 14:47:02.752, 0, GPU-43cac420-244c-9975-fbd1-604f88cdd44c, NVIDIA A100-SXM4-40GB, 37591, 40960, 1, 103.84, 35
nid001133,2026/05/03 14:47:02.755, 1, GPU-73838956-9ad1-3484-0ba2-7d8b02c7a72a, NVIDIA A100-SXM4-40GB, 37581, 40960, 3, 102.16, 34
nid001133,2026/05/03 14:47:02.757, 2, GPU-aee03275-201a-58e4-7b5a-f08a6e4c1e50, NVIDIA A100-SXM4-40GB, 37581, 40960, 0, 102.32, 36
nid001133,2026/05/03 14:47:02.758, 3, GPU-e0003d1b-186b-2e66-9474-0b7af5c50af4, NVIDIA A100-SXM4-40GB, 37581, 40960, 34, 106.12, 35
nid001132,2026/05/03 14:47:05.705, 0, GPU-1ee6ac61-44ab-b161-9de0-16bbb44716e7, NVIDIA A100-SXM4-40GB, 36925, 40960, 48, 112.26, 38
nid001132,2026/05/03 14:47:05.708, 1, GPU-afa7121e-c5d0-2eb5-4e9a-8b001ff7a220, NVIDIA A100-SXM4-40GB, 36857, 40960, 55, 101.92, 35
nid001132,2026/05/03 14:47:05.710, 2, GPU-4dea0284-873a-fa20-cc19-10ca82324573, NVIDIA A100-SXM4-40GB, 36857, 40960, 18, 112.29, 36
nid001132,2026/05/03 14:47:05.711, 3, GPU-cba17786-ea73-0caf-0d43-c838fbb66bcd, NVIDIA A100-SXM4-40GB, 36857, 40960, 7, 113.55, 33
nid001133,2026/05/03 14:47:06.534, 0, GPU-43cac420-244c-9975-fbd1-604f88cdd44c, NVIDIA A100-SXM4-40GB, 37591, 40960, 5, 123.25, 35
nid001133,2026/05/03 14:47:06.537, 1, GPU-73838956-9ad1-3484-0ba2-7d8b02c7a72a, NVIDIA A100-SXM4-40GB, 37581, 40960, 44, 116.74, 34
nid001133,2026/05/03 14:47:06.539, 2, GPU-aee03275-201a-58e4-7b5a-f08a6e4c1e50, NVIDIA A100-SXM4-40GB, 37581, 40960, 41, 124.54, 37
nid001133,2026/05/03 14:47:06.540, 3, GPU-e0003d1b-186b-2e66-9474-0b7af5c50af4, NVIDIA A100-SXM4-40GB, 37581, 40960, 0, 119.55, 35
nid001132,2026/05/03 14:47:09.425, 0, GPU-1ee6ac61-44ab-b161-9de0-16bbb44716e7, NVIDIA A100-SXM4-40GB, 36925, 40960, 36, 105.76, 38
nid001132,2026/05/03 14:47:09.428, 1, GPU-afa7121e-c5d0-2eb5-4e9a-8b001ff7a220, NVIDIA A100-SXM4-40GB, 36857, 40960, 26, 113.57, 35
nid001132,2026/05/03 14:47:09.429, 2, GPU-4dea0284-873a-fa20-cc19-10ca82324573, NVIDIA A100-SXM4-40GB, 36857, 40960, 35, 103.84, 36
nid001132,2026/05/03 14:47:09.431, 3, GPU-cba17786-ea73-0caf-0d43-c838fbb66bcd, NVIDIA A100-SXM4-40GB, 36857, 40960, 0, 114.60, 33
nid001133,2026/05/03 14:47:10.289, 0, GPU-43cac420-244c-9975-fbd1-604f88cdd44c, NVIDIA A100-SXM4-40GB, 37591, 40960, 6, 103.72, 35
nid001133,2026/05/03 14:47:10.291, 1, GPU-73838956-9ad1-3484-0ba2-7d8b02c7a72a, NVIDIA A100-SXM4-40GB, 37581, 40960, 49, 101.80, 34
nid001133,2026/05/03 14:47:10.293, 2, GPU-aee03275-201a-58e4-7b5a-f08a6e4c1e50, NVIDIA A100-SXM4-40GB, 37581, 40960, 0, 102.20, 36
nid001133,2026/05/03 14:47:10.295, 3, GPU-e0003d1b-186b-2e66-9474-0b7af5c50af4, NVIDIA A100-SXM4-40GB, 37581, 40960, 18, 99.22, 35
nid001132,2026/05/03 14:47:13.205, 0, GPU-1ee6ac61-44ab-b161-9de0-16bbb44716e7, NVIDIA A100-SXM4-40GB, 36925, 40960, 61, 105.89, 38
nid001132,2026/05/03 14:47:13.208, 1, GPU-afa7121e-c5d0-2eb5-4e9a-8b001ff7a220, NVIDIA A100-SXM4-40GB, 36857, 40960, 79, 101.43, 34
nid001132,2026/05/03 14:47:13.209, 2, GPU-4dea0284-873a-fa20-cc19-10ca82324573, NVIDIA A100-SXM4-40GB, 36857, 40960, 29, 104.12, 36
nid001132,2026/05/03 14:47:13.211, 3, GPU-cba17786-ea73-0caf-0d43-c838fbb66bcd, NVIDIA A100-SXM4-40GB, 36857, 40960, 2, 105.37, 33
nid001133,2026/05/03 14:47:14.059, 0, GPU-43cac420-244c-9975-fbd1-604f88cdd44c, NVIDIA A100-SXM4-40GB, 37591, 40960, 6, 103.48, 35
nid001133,2026/05/03 14:47:14.065, 1, GPU-73838956-9ad1-3484-0ba2-7d8b02c7a72a, NVIDIA A100-SXM4-40GB, 37581, 40960, 81, 102.91, 34
nid001133,2026/05/03 14:47:14.066, 2, GPU-aee03275-201a-58e4-7b5a-f08a6e4c1e50, NVIDIA A100-SXM4-40GB, 37581, 40960, 75, 102.32, 36
nid001133,2026/05/03 14:47:14.068, 3, GPU-e0003d1b-186b-2e66-9474-0b7af5c50af4, NVIDIA A100-SXM4-40GB, 37581, 40960, 70, 99.22, 35
nid001132,2026/05/03 14:47:16.948, 0, GPU-1ee6ac61-44ab-b161-9de0-16bbb44716e7, NVIDIA A100-SXM4-40GB, 36925, 40960, 74, 119.83, 38
nid001132,2026/05/03 14:47:16.951, 1, GPU-afa7121e-c5d0-2eb5-4e9a-8b001ff7a220, NVIDIA A100-SXM4-40GB, 36857, 40960, 32, 101.92, 35
nid001132,2026/05/03 14:47:16.953, 2, GPU-4dea0284-873a-fa20-cc19-10ca82324573, NVIDIA A100-SXM4-40GB, 36857, 40960, 91, 104.12, 36
nid001132,2026/05/03 14:47:16.954, 3, GPU-cba17786-ea73-0caf-0d43-c838fbb66bcd, NVIDIA A100-SXM4-40GB, 36857, 40960, 81, 110.98, 33
nid001133,2026/05/03 14:47:17.771, 0, GPU-43cac420-244c-9975-fbd1-604f88cdd44c, NVIDIA A100-SXM4-40GB, 37591, 40960, 50, 103.72, 35
nid001133,2026/05/03 14:47:17.774, 1, GPU-73838956-9ad1-3484-0ba2-7d8b02c7a72a, NVIDIA A100-SXM4-40GB, 37581, 40960, 61, 108.94, 34
nid001133,2026/05/03 14:47:17.775, 2, GPU-aee03275-201a-58e4-7b5a-f08a6e4c1e50, NVIDIA A100-SXM4-40GB, 37581, 40960, 85, 102.20, 36
nid001133,2026/05/03 14:47:17.777, 3, GPU-e0003d1b-186b-2e66-9474-0b7af5c50af4, NVIDIA A100-SXM4-40GB, 37581, 40960, 19, 99.11, 35
nid001132,2026/05/03 14:47:20.633, 0, GPU-1ee6ac61-44ab-b161-9de0-16bbb44716e7, NVIDIA A100-SXM4-40GB, 36925, 40960, 54, 131.42, 38
nid001132,2026/05/03 14:47:20.636, 1, GPU-afa7121e-c5d0-2eb5-4e9a-8b001ff7a220, NVIDIA A100-SXM4-40GB, 36857, 40960, 55, 107.44, 35
nid001132,2026/05/03 14:47:20.637, 2, GPU-4dea0284-873a-fa20-cc19-10ca82324573, NVIDIA A100-SXM4-40GB, 36857, 40960, 0, 115.71, 36
nid001132,2026/05/03 14:47:20.639, 3, GPU-cba17786-ea73-0caf-0d43-c838fbb66bcd, NVIDIA A100-SXM4-40GB, 36857, 40960, 12, 112.26, 33
nid001133,2026/05/03 14:47:21.455, 0, GPU-43cac420-244c-9975-fbd1-604f88cdd44c, NVIDIA A100-SXM4-40GB, 37591, 40960, 0, 103.72, 35
nid001133,2026/05/03 14:47:21.457, 1, GPU-73838956-9ad1-3484-0ba2-7d8b02c7a72a, NVIDIA A100-SXM4-40GB, 37581, 40960, 0, 101.56, 33
nid001133,2026/05/03 14:47:21.459, 2, GPU-aee03275-201a-58e4-7b5a-f08a6e4c1e50, NVIDIA A100-SXM4-40GB, 37581, 40960, 0, 102.20, 37
nid001133,2026/05/03 14:47:21.461, 3, GPU-e0003d1b-186b-2e66-9474-0b7af5c50af4, NVIDIA A100-SXM4-40GB, 37581, 40960, 0, 99.22, 35
nid001132,2026/05/03 14:47:24.316, 0, GPU-1ee6ac61-44ab-b161-9de0-16bbb44716e7, NVIDIA A100-SXM4-40GB, 36925, 40960, 37, 122.35, 38
nid001132,2026/05/03 14:47:24.319, 1, GPU-afa7121e-c5d0-2eb5-4e9a-8b001ff7a220, NVIDIA A100-SXM4-40GB, 36857, 40960, 22, 109.61, 35
nid001132,2026/05/03 14:47:24.321, 2, GPU-4dea0284-873a-fa20-cc19-10ca82324573, NVIDIA A100-SXM4-40GB, 36857, 40960, 49, 132.02, 36
nid001132,2026/05/03 14:47:24.323, 3, GPU-cba17786-ea73-0caf-0d43-c838fbb66bcd, NVIDIA A100-SXM4-40GB, 36857, 40960, 22, 106.65, 33
nid001133,2026/05/03 14:47:25.132, 0, GPU-43cac420-244c-9975-fbd1-604f88cdd44c, NVIDIA A100-SXM4-40GB, 37591, 40960, 0, 103.72, 35
nid001133,2026/05/03 14:47:25.135, 1, GPU-73838956-9ad1-3484-0ba2-7d8b02c7a72a, NVIDIA A100-SXM4-40GB, 37581, 40960, 0, 101.80, 34
nid001133,2026/05/03 14:47:25.136, 2, GPU-aee03275-201a-58e4-7b5a-f08a6e4c1e50, NVIDIA A100-SXM4-40GB, 37581, 40960, 0, 102.20, 36
nid001133,2026/05/03 14:47:25.138, 3, GPU-e0003d1b-186b-2e66-9474-0b7af5c50af4, NVIDIA A100-SXM4-40GB, 37581, 40960, 0, 99.11, 35
nid001132,2026/05/03 14:47:28.021, 0, GPU-1ee6ac61-44ab-b161-9de0-16bbb44716e7, NVIDIA A100-SXM4-40GB, 36925, 40960, 10, 105.89, 38
nid001132,2026/05/03 14:47:28.024, 1, GPU-afa7121e-c5d0-2eb5-4e9a-8b001ff7a220, NVIDIA A100-SXM4-40GB, 36857, 40960, 47, 110.61, 35
nid001132,2026/05/03 14:47:28.025, 2, GPU-4dea0284-873a-fa20-cc19-10ca82324573, NVIDIA A100-SXM4-40GB, 36857, 40960, 35, 103.96, 36
nid001132,2026/05/03 14:47:28.027, 3, GPU-cba17786-ea73-0caf-0d43-c838fbb66bcd, NVIDIA A100-SXM4-40GB, 36857, 40960, 0, 105.49, 33
nid001133,2026/05/03 14:47:28.864, 0, GPU-43cac420-244c-9975-fbd1-604f88cdd44c, NVIDIA A100-SXM4-40GB, 37591, 40960, 19, 103.72, 35
nid001133,2026/05/03 14:47:28.872, 1, GPU-73838956-9ad1-3484-0ba2-7d8b02c7a72a, NVIDIA A100-SXM4-40GB, 37581, 40960, 13, 101.80, 34
nid001133,2026/05/03 14:47:28.873, 2, GPU-aee03275-201a-58e4-7b5a-f08a6e4c1e50, NVIDIA A100-SXM4-40GB, 37581, 40960, 25, 102.32, 36
nid001133,2026/05/03 14:47:28.875, 3, GPU-e0003d1b-186b-2e66-9474-0b7af5c50af4, NVIDIA A100-SXM4-40GB, 37581, 40960, 0, 98.99, 35
nid001132,2026/05/03 14:47:31.722, 0, GPU-1ee6ac61-44ab-b161-9de0-16bbb44716e7, NVIDIA A100-SXM4-40GB, 36925, 40960, 0, 105.76, 38
nid001132,2026/05/03 14:47:31.725, 1, GPU-afa7121e-c5d0-2eb5-4e9a-8b001ff7a220, NVIDIA A100-SXM4-40GB, 36857, 40960, 59, 107.68, 35
nid001132,2026/05/03 14:47:31.727, 2, GPU-4dea0284-873a-fa20-cc19-10ca82324573, NVIDIA A100-SXM4-40GB, 36857, 40960, 0, 103.84, 36
nid001132,2026/05/03 14:47:31.728, 3, GPU-cba17786-ea73-0caf-0d43-c838fbb66bcd, NVIDIA A100-SXM4-40GB, 36857, 40960, 35, 105.37, 33
nid001133,2026/05/03 14:47:32.594, 0, GPU-43cac420-244c-9975-fbd1-604f88cdd44c, NVIDIA A100-SXM4-40GB, 37591, 40960, 10, 103.48, 35
nid001133,2026/05/03 14:47:32.596, 1, GPU-73838956-9ad1-3484-0ba2-7d8b02c7a72a, NVIDIA A100-SXM4-40GB, 37581, 40960, 60, 101.80, 34
nid001133,2026/05/03 14:47:32.598, 2, GPU-aee03275-201a-58e4-7b5a-f08a6e4c1e50, NVIDIA A100-SXM4-40GB, 37581, 40960, 0, 102.20, 36
nid001133,2026/05/03 14:47:32.600, 3, GPU-e0003d1b-186b-2e66-9474-0b7af5c50af4, NVIDIA A100-SXM4-40GB, 37581, 40960, 0, 99.22, 35
nid001132,2026/05/03 14:47:35.545, 0, GPU-1ee6ac61-44ab-b161-9de0-16bbb44716e7, NVIDIA A100-SXM4-40GB, 36925, 40960, 100, 106.65, 38
nid001132,2026/05/03 14:47:35.547, 1, GPU-afa7121e-c5d0-2eb5-4e9a-8b001ff7a220, NVIDIA A100-SXM4-40GB, 36857, 40960, 100, 101.68, 35
nid001132,2026/05/03 14:47:35.549, 2, GPU-4dea0284-873a-fa20-cc19-10ca82324573, NVIDIA A100-SXM4-40GB, 36857, 40960, 100, 168.29, 37
nid001132,2026/05/03 14:47:35.551, 3, GPU-cba17786-ea73-0caf-0d43-c838fbb66bcd, NVIDIA A100-SXM4-40GB, 36857, 40960, 100, 105.89, 33
nid001133,2026/05/03 14:47:36.387, 0, GPU-43cac420-244c-9975-fbd1-604f88cdd44c, NVIDIA A100-SXM4-40GB, 37591, 40960, 36, 104.48, 35
nid001133,2026/05/03 14:47:36.390, 1, GPU-73838956-9ad1-3484-0ba2-7d8b02c7a72a, NVIDIA A100-SXM4-40GB, 37581, 40960, 42, 103.32, 34
nid001133,2026/05/03 14:47:36.392, 2, GPU-aee03275-201a-58e4-7b5a-f08a6e4c1e50, NVIDIA A100-SXM4-40GB, 37581, 40960, 42, 102.96, 37
nid001133,2026/05/03 14:47:36.393, 3, GPU-e0003d1b-186b-2e66-9474-0b7af5c50af4, NVIDIA A100-SXM4-40GB, 37581, 40960, 76, 99.63, 35
nid001132,2026/05/03 14:47:39.275, 0, GPU-1ee6ac61-44ab-b161-9de0-16bbb44716e7, NVIDIA A100-SXM4-40GB, 36925, 40960, 100, 107.05, 38
nid001132,2026/05/03 14:47:39.277, 1, GPU-afa7121e-c5d0-2eb5-4e9a-8b001ff7a220, NVIDIA A100-SXM4-40GB, 36857, 40960, 55, 110.38, 35
nid001132,2026/05/03 14:47:39.279, 2, GPU-4dea0284-873a-fa20-cc19-10ca82324573, NVIDIA A100-SXM4-40GB, 36857, 40960, 71, 105.64, 36
nid001132,2026/05/03 14:47:39.281, 3, GPU-cba17786-ea73-0caf-0d43-c838fbb66bcd, NVIDIA A100-SXM4-40GB, 36857, 40960, 100, 105.89, 33
nid001133,2026/05/03 14:47:40.117, 0, GPU-43cac420-244c-9975-fbd1-604f88cdd44c, NVIDIA A100-SXM4-40GB, 37591, 40960, 80, 103.84, 35
nid001133,2026/05/03 14:47:40.120, 1, GPU-73838956-9ad1-3484-0ba2-7d8b02c7a72a, NVIDIA A100-SXM4-40GB, 37581, 40960, 51, 102.20, 34
nid001133,2026/05/03 14:47:40.121, 2, GPU-aee03275-201a-58e4-7b5a-f08a6e4c1e50, NVIDIA A100-SXM4-40GB, 37581, 40960, 89, 115.85, 37
nid001133,2026/05/03 14:47:40.129, 3, GPU-e0003d1b-186b-2e66-9474-0b7af5c50af4, NVIDIA A100-SXM4-40GB, 37581, 40960, 27, 99.63, 35
nid001132,2026/05/03 14:47:43.185, 0, GPU-1ee6ac61-44ab-b161-9de0-16bbb44716e7, NVIDIA A100-SXM4-40GB, 36925, 40960, 16, 108.46, 38
nid001132,2026/05/03 14:47:43.187, 1, GPU-afa7121e-c5d0-2eb5-4e9a-8b001ff7a220, NVIDIA A100-SXM4-40GB, 36857, 40960, 27, 113.18, 35
nid001132,2026/05/03 14:47:43.189, 2, GPU-4dea0284-873a-fa20-cc19-10ca82324573, NVIDIA A100-SXM4-40GB, 36857, 40960, 100, 108.44, 36
nid001132,2026/05/03 14:47:43.191, 3, GPU-cba17786-ea73-0caf-0d43-c838fbb66bcd, NVIDIA A100-SXM4-40GB, 36857, 40960, 100, 105.89, 33
nid001133,2026/05/03 14:47:44.039, 0, GPU-43cac420-244c-9975-fbd1-604f88cdd44c, NVIDIA A100-SXM4-40GB, 37591, 40960, 12, 123.25, 36
nid001133,2026/05/03 14:47:44.042, 1, GPU-73838956-9ad1-3484-0ba2-7d8b02c7a72a, NVIDIA A100-SXM4-40GB, 37581, 40960, 86, 114.46, 34
nid001133,2026/05/03 14:47:44.043, 2, GPU-aee03275-201a-58e4-7b5a-f08a6e4c1e50, NVIDIA A100-SXM4-40GB, 37581, 40960, 59, 110.09, 37
nid001133,2026/05/03 14:47:44.045, 3, GPU-e0003d1b-186b-2e66-9474-0b7af5c50af4, NVIDIA A100-SXM4-40GB, 37581, 40960, 76, 99.63, 35
nid001132,2026/05/03 14:47:47.003, 0, GPU-1ee6ac61-44ab-b161-9de0-16bbb44716e7, NVIDIA A100-SXM4-40GB, 36925, 40960, 100, 106.89, 38
nid001132,2026/05/03 14:47:47.006, 1, GPU-afa7121e-c5d0-2eb5-4e9a-8b001ff7a220, NVIDIA A100-SXM4-40GB, 36857, 40960, 79, 116.22, 35
nid001132,2026/05/03 14:47:47.007, 2, GPU-4dea0284-873a-fa20-cc19-10ca82324573, NVIDIA A100-SXM4-40GB, 36857, 40960, 100, 106.16, 36
nid001132,2026/05/03 14:47:47.009, 3, GPU-cba17786-ea73-0caf-0d43-c838fbb66bcd, NVIDIA A100-SXM4-40GB, 36857, 40960, 56, 105.37, 33
nid001133,2026/05/03 14:47:47.852, 0, GPU-43cac420-244c-9975-fbd1-604f88cdd44c, NVIDIA A100-SXM4-40GB, 37591, 40960, 4, 105.53, 35
nid001133,2026/05/03 14:47:47.855, 1, GPU-73838956-9ad1-3484-0ba2-7d8b02c7a72a, NVIDIA A100-SXM4-40GB, 37581, 40960, 74, 102.79, 34
nid001133,2026/05/03 14:47:47.856, 2, GPU-aee03275-201a-58e4-7b5a-f08a6e4c1e50, NVIDIA A100-SXM4-40GB, 37581, 40960, 97, 102.43, 37
nid001133,2026/05/03 14:47:47.858, 3, GPU-e0003d1b-186b-2e66-9474-0b7af5c50af4, NVIDIA A100-SXM4-40GB, 37581, 40960, 96, 99.51, 35
nid001132,2026/05/03 14:47:50.742, 0, GPU-1ee6ac61-44ab-b161-9de0-16bbb44716e7, NVIDIA A100-SXM4-40GB, 36925, 40960, 100, 123.92, 38
nid001132,2026/05/03 14:47:50.745, 1, GPU-afa7121e-c5d0-2eb5-4e9a-8b001ff7a220, NVIDIA A100-SXM4-40GB, 36857, 40960, 2, 110.09, 35
nid001132,2026/05/03 14:47:50.746, 2, GPU-4dea0284-873a-fa20-cc19-10ca82324573, NVIDIA A100-SXM4-40GB, 36857, 40960, 100, 107.68, 36
nid001132,2026/05/03 14:47:50.748, 3, GPU-cba17786-ea73-0caf-0d43-c838fbb66bcd, NVIDIA A100-SXM4-40GB, 36857, 40960, 100, 108.17, 33
nid001133,2026/05/03 14:47:51.628, 0, GPU-43cac420-244c-9975-fbd1-604f88cdd44c, NVIDIA A100-SXM4-40GB, 37591, 40960, 80, 120.78, 35
nid001133,2026/05/03 14:47:51.631, 1, GPU-73838956-9ad1-3484-0ba2-7d8b02c7a72a, NVIDIA A100-SXM4-40GB, 37581, 40960, 74, 128.10, 34
nid001133,2026/05/03 14:47:51.632, 2, GPU-aee03275-201a-58e4-7b5a-f08a6e4c1e50, NVIDIA A100-SXM4-40GB, 37581, 40960, 51, 103.96, 37
nid001133,2026/05/03 14:47:51.634, 3, GPU-e0003d1b-186b-2e66-9474-0b7af5c50af4, NVIDIA A100-SXM4-40GB, 37581, 40960, 89, 124.68, 35
nid001132,2026/05/03 14:47:54.511, 0, GPU-1ee6ac61-44ab-b161-9de0-16bbb44716e7, NVIDIA A100-SXM4-40GB, 36925, 40960, 100, 106.65, 38
nid001132,2026/05/03 14:47:54.513, 1, GPU-afa7121e-c5d0-2eb5-4e9a-8b001ff7a220, NVIDIA A100-SXM4-40GB, 36857, 40960, 2, 107.17, 35
nid001132,2026/05/03 14:47:54.515, 2, GPU-4dea0284-873a-fa20-cc19-10ca82324573, NVIDIA A100-SXM4-40GB, 36857, 40960, 100, 105.24, 36
nid001132,2026/05/03 14:47:54.517, 3, GPU-cba17786-ea73-0caf-0d43-c838fbb66bcd, NVIDIA A100-SXM4-40GB, 36857, 40960, 100, 105.78, 33
nid001133,2026/05/03 14:47:55.364, 0, GPU-43cac420-244c-9975-fbd1-604f88cdd44c, NVIDIA A100-SXM4-40GB, 37591, 40960, 99, 103.96, 35
nid001133,2026/05/03 14:47:55.367, 1, GPU-73838956-9ad1-3484-0ba2-7d8b02c7a72a, NVIDIA A100-SXM4-40GB, 37581, 40960, 5, 102.32, 34
nid001133,2026/05/03 14:47:55.369, 2, GPU-aee03275-201a-58e4-7b5a-f08a6e4c1e50, NVIDIA A100-SXM4-40GB, 37581, 40960, 88, 102.96, 37
nid001133,2026/05/03 14:47:55.370, 3, GPU-e0003d1b-186b-2e66-9474-0b7af5c50af4, NVIDIA A100-SXM4-40GB, 37581, 40960, 84, 99.51, 35
nid001132,2026/05/03 14:47:58.213, 0, GPU-1ee6ac61-44ab-b161-9de0-16bbb44716e7, NVIDIA A100-SXM4-40GB, 36925, 40960, 100, 114.46, 38
nid001132,2026/05/03 14:47:58.215, 1, GPU-afa7121e-c5d0-2eb5-4e9a-8b001ff7a220, NVIDIA A100-SXM4-40GB, 36857, 40960, 3, 101.15, 35
nid001132,2026/05/03 14:47:58.217, 2, GPU-4dea0284-873a-fa20-cc19-10ca82324573, NVIDIA A100-SXM4-40GB, 36857, 40960, 100, 119.41, 36
nid001132,2026/05/03 14:47:58.218, 3, GPU-cba17786-ea73-0caf-0d43-c838fbb66bcd, NVIDIA A100-SXM4-40GB, 36857, 40960, 100, 106.42, 33
nid001133,2026/05/03 14:47:59.063, 0, GPU-43cac420-244c-9975-fbd1-604f88cdd44c, NVIDIA A100-SXM4-40GB, 37591, 40960, 97, 128.10, 36
nid001133,2026/05/03 14:47:59.070, 1, GPU-73838956-9ad1-3484-0ba2-7d8b02c7a72a, NVIDIA A100-SXM4-40GB, 37581, 40960, 0, 107.94, 34
nid001133,2026/05/03 14:47:59.076, 2, GPU-aee03275-201a-58e4-7b5a-f08a6e4c1e50, NVIDIA A100-SXM4-40GB, 37581, 40960, 72, 127.73, 37
nid001133,2026/05/03 14:47:59.079, 3, GPU-e0003d1b-186b-2e66-9474-0b7af5c50af4, NVIDIA A100-SXM4-40GB, 37581, 40960, 75, 101.04, 35
nid001132,2026/05/03 14:48:01.962, 0, GPU-1ee6ac61-44ab-b161-9de0-16bbb44716e7, NVIDIA A100-SXM4-40GB, 36925, 40960, 100, 106.00, 38
nid001132,2026/05/03 14:48:01.965, 1, GPU-afa7121e-c5d0-2eb5-4e9a-8b001ff7a220, NVIDIA A100-SXM4-40GB, 36857, 40960, 2, 113.42, 35
nid001132,2026/05/03 14:48:01.967, 2, GPU-4dea0284-873a-fa20-cc19-10ca82324573, NVIDIA A100-SXM4-40GB, 36857, 40960, 100, 104.36, 36
nid001132,2026/05/03 14:48:01.969, 3, GPU-cba17786-ea73-0caf-0d43-c838fbb66bcd, NVIDIA A100-SXM4-40GB, 36857, 40960, 100, 113.84, 33
nid001133,2026/05/03 14:48:02.957, 0, GPU-43cac420-244c-9975-fbd1-604f88cdd44c, NVIDIA A100-SXM4-40GB, 37591, 40960, 99, 103.72, 36
nid001133,2026/05/03 14:48:02.960, 1, GPU-73838956-9ad1-3484-0ba2-7d8b02c7a72a, NVIDIA A100-SXM4-40GB, 37581, 40960, 26, 129.77, 34
nid001133,2026/05/03 14:48:02.962, 2, GPU-aee03275-201a-58e4-7b5a-f08a6e4c1e50, NVIDIA A100-SXM4-40GB, 37581, 40960, 99, 126.58, 37
nid001133,2026/05/03 14:48:02.963, 3, GPU-e0003d1b-186b-2e66-9474-0b7af5c50af4, NVIDIA A100-SXM4-40GB, 37581, 40960, 95, 120.60, 35
nid001132,2026/05/03 14:48:05.887, 0, GPU-1ee6ac61-44ab-b161-9de0-16bbb44716e7, NVIDIA A100-SXM4-40GB, 36925, 40960, 100, 115.85, 38
nid001132,2026/05/03 14:48:05.890, 1, GPU-afa7121e-c5d0-2eb5-4e9a-8b001ff7a220, NVIDIA A100-SXM4-40GB, 36857, 40960, 11, 109.48, 35
nid001132,2026/05/03 14:48:05.892, 2, GPU-4dea0284-873a-fa20-cc19-10ca82324573, NVIDIA A100-SXM4-40GB, 36857, 40960, 80, 117.75, 36
nid001132,2026/05/03 14:48:05.893, 3, GPU-cba17786-ea73-0caf-0d43-c838fbb66bcd, NVIDIA A100-SXM4-40GB, 36857, 40960, 100, 106.53, 33
nid001133,2026/05/03 14:48:06.738, 0, GPU-43cac420-244c-9975-fbd1-604f88cdd44c, NVIDIA A100-SXM4-40GB, 37591, 40960, 33, 105.64, 36
nid001133,2026/05/03 14:48:06.740, 1, GPU-73838956-9ad1-3484-0ba2-7d8b02c7a72a, NVIDIA A100-SXM4-40GB, 37581, 40960, 59, 106.65, 34
nid001133,2026/05/03 14:48:06.742, 2, GPU-aee03275-201a-58e4-7b5a-f08a6e4c1e50, NVIDIA A100-SXM4-40GB, 37581, 40960, 26, 113.94, 37
nid001133,2026/05/03 14:48:06.744, 3, GPU-e0003d1b-186b-2e66-9474-0b7af5c50af4, NVIDIA A100-SXM4-40GB, 37581, 40960, 99, 116.74, 35
nid001132,2026/05/03 14:48:09.609, 0, GPU-1ee6ac61-44ab-b161-9de0-16bbb44716e7, NVIDIA A100-SXM4-40GB, 36925, 40960, 100, 106.65, 38
nid001132,2026/05/03 14:48:09.612, 1, GPU-afa7121e-c5d0-2eb5-4e9a-8b001ff7a220, NVIDIA A100-SXM4-40GB, 36857, 40960, 66, 102.96, 35
nid001132,2026/05/03 14:48:09.614, 2, GPU-4dea0284-873a-fa20-cc19-10ca82324573, NVIDIA A100-SXM4-40GB, 36857, 40960, 96, 104.59, 36
nid001132,2026/05/03 14:48:09.615, 3, GPU-cba17786-ea73-0caf-0d43-c838fbb66bcd, NVIDIA A100-SXM4-40GB, 36857, 40960, 100, 123.03, 33
nid001133,2026/05/03 14:48:10.430, 0, GPU-43cac420-244c-9975-fbd1-604f88cdd44c, NVIDIA A100-SXM4-40GB, 37591, 40960, 93, 126.05, 36
nid001133,2026/05/03 14:48:10.433, 1, GPU-73838956-9ad1-3484-0ba2-7d8b02c7a72a, NVIDIA A100-SXM4-40GB, 37581, 40960, 2, 133.10, 34
nid001133,2026/05/03 14:48:10.434, 2, GPU-aee03275-201a-58e4-7b5a-f08a6e4c1e50, NVIDIA A100-SXM4-40GB, 37581, 40960, 63, 102.67, 37
nid001133,2026/05/03 14:48:10.436, 3, GPU-e0003d1b-186b-2e66-9474-0b7af5c50af4, NVIDIA A100-SXM4-40GB, 37581, 40960, 97, 119.02, 35
nid001132,2026/05/03 14:48:13.303, 0, GPU-1ee6ac61-44ab-b161-9de0-16bbb44716e7, NVIDIA A100-SXM4-40GB, 36925, 40960, 100, 108.69, 38
nid001132,2026/05/03 14:48:13.305, 1, GPU-afa7121e-c5d0-2eb5-4e9a-8b001ff7a220, NVIDIA A100-SXM4-40GB, 36857, 40960, 2, 118.88, 35
nid001132,2026/05/03 14:48:13.307, 2, GPU-4dea0284-873a-fa20-cc19-10ca82324573, NVIDIA A100-SXM4-40GB, 36857, 40960, 100, 109.20, 36
nid001132,2026/05/03 14:48:13.309, 3, GPU-cba17786-ea73-0caf-0d43-c838fbb66bcd, NVIDIA A100-SXM4-40GB, 36857, 40960, 100, 105.65, 33
nid001133,2026/05/03 14:48:14.160, 0, GPU-43cac420-244c-9975-fbd1-604f88cdd44c, NVIDIA A100-SXM4-40GB, 37591, 40960, 76, 104.12, 35
nid001133,2026/05/03 14:48:14.163, 1, GPU-73838956-9ad1-3484-0ba2-7d8b02c7a72a, NVIDIA A100-SXM4-40GB, 37581, 40960, 3, 119.55, 34
nid001133,2026/05/03 14:48:14.165, 2, GPU-aee03275-201a-58e4-7b5a-f08a6e4c1e50, NVIDIA A100-SXM4-40GB, 37581, 40960, 0, 102.43, 37
nid001133,2026/05/03 14:48:14.166, 3, GPU-e0003d1b-186b-2e66-9474-0b7af5c50af4, NVIDIA A100-SXM4-40GB, 37581, 40960, 93, 116.85, 35
nid001132,2026/05/03 14:48:17.027, 0, GPU-1ee6ac61-44ab-b161-9de0-16bbb44716e7, NVIDIA A100-SXM4-40GB, 36925, 40960, 70, 111.37, 38
nid001132,2026/05/03 14:48:17.030, 1, GPU-afa7121e-c5d0-2eb5-4e9a-8b001ff7a220, NVIDIA A100-SXM4-40GB, 36857, 40960, 56, 106.40, 35
nid001132,2026/05/03 14:48:17.032, 2, GPU-4dea0284-873a-fa20-cc19-10ca82324573, NVIDIA A100-SXM4-40GB, 36857, 40960, 53, 113.29, 36
nid001132,2026/05/03 14:48:17.034, 3, GPU-cba17786-ea73-0caf-0d43-c838fbb66bcd, NVIDIA A100-SXM4-40GB, 36857, 40960, 100, 109.22, 33
nid001133,2026/05/03 14:48:17.868, 0, GPU-43cac420-244c-9975-fbd1-604f88cdd44c, NVIDIA A100-SXM4-40GB, 37591, 40960, 38, 125.67, 36
nid001133,2026/05/03 14:48:17.871, 1, GPU-73838956-9ad1-3484-0ba2-7d8b02c7a72a, NVIDIA A100-SXM4-40GB, 37581, 40960, 23, 123.12, 34
nid001133,2026/05/03 14:48:17.872, 2, GPU-aee03275-201a-58e4-7b5a-f08a6e4c1e50, NVIDIA A100-SXM4-40GB, 37581, 40960, 19, 115.46, 37
nid001133,2026/05/03 14:48:17.874, 3, GPU-e0003d1b-186b-2e66-9474-0b7af5c50af4, NVIDIA A100-SXM4-40GB, 37581, 40960, 36, 111.66, 35
nid001132,2026/05/03 14:48:20.859, 0, GPU-1ee6ac61-44ab-b161-9de0-16bbb44716e7, NVIDIA A100-SXM4-40GB, 36925, 40960, 100, 106.65, 38
nid001132,2026/05/03 14:48:20.864, 1, GPU-afa7121e-c5d0-2eb5-4e9a-8b001ff7a220, NVIDIA A100-SXM4-40GB, 36857, 40960, 100, 104.24, 35
nid001132,2026/05/03 14:48:20.866, 2, GPU-4dea0284-873a-fa20-cc19-10ca82324573, NVIDIA A100-SXM4-40GB, 36857, 40960, 4, 104.72, 36
nid001132,2026/05/03 14:48:20.868, 3, GPU-cba17786-ea73-0caf-0d43-c838fbb66bcd, NVIDIA A100-SXM4-40GB, 36857, 40960, 100, 105.49, 33
nid001133,2026/05/03 14:48:21.814, 0, GPU-43cac420-244c-9975-fbd1-604f88cdd44c, NVIDIA A100-SXM4-40GB, 37591, 40960, 55, 103.84, 35
nid001133,2026/05/03 14:48:21.817, 1, GPU-73838956-9ad1-3484-0ba2-7d8b02c7a72a, NVIDIA A100-SXM4-40GB, 37581, 40960, 87, 102.44, 34
nid001133,2026/05/03 14:48:21.818, 2, GPU-aee03275-201a-58e4-7b5a-f08a6e4c1e50, NVIDIA A100-SXM4-40GB, 37581, 40960, 5, 102.32, 37
nid001133,2026/05/03 14:48:21.820, 3, GPU-e0003d1b-186b-2e66-9474-0b7af5c50af4, NVIDIA A100-SXM4-40GB, 37581, 40960, 12, 99.22, 35
nid001132,2026/05/03 14:48:24.808, 0, GPU-1ee6ac61-44ab-b161-9de0-16bbb44716e7, NVIDIA A100-SXM4-40GB, 36925, 40960, 1, 108.81, 38
nid001132,2026/05/03 14:48:24.810, 1, GPU-afa7121e-c5d0-2eb5-4e9a-8b001ff7a220, NVIDIA A100-SXM4-40GB, 36857, 40960, 89, 114.46, 35
nid001132,2026/05/03 14:48:24.812, 2, GPU-4dea0284-873a-fa20-cc19-10ca82324573, NVIDIA A100-SXM4-40GB, 36857, 40960, 100, 111.01, 36
nid001132,2026/05/03 14:48:24.814, 3, GPU-cba17786-ea73-0caf-0d43-c838fbb66bcd, NVIDIA A100-SXM4-40GB, 36857, 40960, 100, 105.65, 33
nid001133,2026/05/03 14:48:25.752, 0, GPU-43cac420-244c-9975-fbd1-604f88cdd44c, NVIDIA A100-SXM4-40GB, 37591, 40960, 0, 122.97, 36
nid001133,2026/05/03 14:48:25.755, 1, GPU-73838956-9ad1-3484-0ba2-7d8b02c7a72a, NVIDIA A100-SXM4-40GB, 37581, 40960, 44, 110.09, 34
nid001133,2026/05/03 14:48:25.757, 2, GPU-aee03275-201a-58e4-7b5a-f08a6e4c1e50, NVIDIA A100-SXM4-40GB, 37581, 40960, 53, 124.25, 37
nid001133,2026/05/03 14:48:25.758, 3, GPU-e0003d1b-186b-2e66-9474-0b7af5c50af4, NVIDIA A100-SXM4-40GB, 37581, 40960, 31, 119.55, 35
nid001132,2026/05/03 14:48:28.636, 0, GPU-1ee6ac61-44ab-b161-9de0-16bbb44716e7, NVIDIA A100-SXM4-40GB, 36925, 40960, 0, 106.00, 38
nid001132,2026/05/03 14:48:28.643, 1, GPU-afa7121e-c5d0-2eb5-4e9a-8b001ff7a220, NVIDIA A100-SXM4-40GB, 36857, 40960, 0, 101.43, 35
nid001132,2026/05/03 14:48:28.650, 2, GPU-4dea0284-873a-fa20-cc19-10ca82324573, NVIDIA A100-SXM4-40GB, 36857, 40960, 0, 104.12, 36
nid001132,2026/05/03 14:48:28.654, 3, GPU-cba17786-ea73-0caf-0d43-c838fbb66bcd, NVIDIA A100-SXM4-40GB, 36857, 40960, 0, 105.37, 33
nid001133,2026/05/03 14:48:29.516, 0, GPU-43cac420-244c-9975-fbd1-604f88cdd44c, NVIDIA A100-SXM4-40GB, 37591, 40960, 90, 221.71, 38
nid001133,2026/05/03 14:48:29.519, 1, GPU-73838956-9ad1-3484-0ba2-7d8b02c7a72a, NVIDIA A100-SXM4-40GB, 37581, 40960, 94, 177.33, 37
nid001133,2026/05/03 14:48:29.521, 2, GPU-aee03275-201a-58e4-7b5a-f08a6e4c1e50, NVIDIA A100-SXM4-40GB, 37581, 40960, 98, 105.76, 38
nid001133,2026/05/03 14:48:29.523, 3, GPU-e0003d1b-186b-2e66-9474-0b7af5c50af4, NVIDIA A100-SXM4-40GB, 37581, 40960, 70, 251.73, 38
nid001132,2026/05/03 14:48:32.407, 0, GPU-1ee6ac61-44ab-b161-9de0-16bbb44716e7, NVIDIA A100-SXM4-40GB, 36925, 40960, 79, 106.00, 38
nid001132,2026/05/03 14:48:32.413, 1, GPU-afa7121e-c5d0-2eb5-4e9a-8b001ff7a220, NVIDIA A100-SXM4-40GB, 36857, 40960, 100, 101.43, 35
nid001132,2026/05/03 14:48:32.415, 2, GPU-4dea0284-873a-fa20-cc19-10ca82324573, NVIDIA A100-SXM4-40GB, 36857, 40960, 11, 104.12, 36
nid001132,2026/05/03 14:48:32.417, 3, GPU-cba17786-ea73-0caf-0d43-c838fbb66bcd, NVIDIA A100-SXM4-40GB, 36857, 40960, 91, 105.37, 33
nid001133,2026/05/03 14:48:33.282, 0, GPU-43cac420-244c-9975-fbd1-604f88cdd44c, NVIDIA A100-SXM4-40GB, 37591, 40960, 53, 103.72, 35
nid001133,2026/05/03 14:48:33.286, 1, GPU-73838956-9ad1-3484-0ba2-7d8b02c7a72a, NVIDIA A100-SXM4-40GB, 37581, 40960, 89, 102.04, 34
nid001133,2026/05/03 14:48:33.287, 2, GPU-aee03275-201a-58e4-7b5a-f08a6e4c1e50, NVIDIA A100-SXM4-40GB, 37581, 40960, 74, 102.20, 37
nid001133,2026/05/03 14:48:33.289, 3, GPU-e0003d1b-186b-2e66-9474-0b7af5c50af4, NVIDIA A100-SXM4-40GB, 37581, 40960, 8, 99.11, 35
nid001132,2026/05/03 14:48:36.166, 0, GPU-1ee6ac61-44ab-b161-9de0-16bbb44716e7, NVIDIA A100-SXM4-40GB, 36925, 40960, 46, 106.00, 38
nid001132,2026/05/03 14:48:36.168, 1, GPU-afa7121e-c5d0-2eb5-4e9a-8b001ff7a220, NVIDIA A100-SXM4-40GB, 36857, 40960, 82, 101.68, 35
nid001132,2026/05/03 14:48:36.170, 2, GPU-4dea0284-873a-fa20-cc19-10ca82324573, NVIDIA A100-SXM4-40GB, 36857, 40960, 48, 104.12, 36
nid001132,2026/05/03 14:48:36.171, 3, GPU-cba17786-ea73-0caf-0d43-c838fbb66bcd, NVIDIA A100-SXM4-40GB, 36857, 40960, 66, 105.37, 33
nid001133,2026/05/03 14:48:36.974, 0, GPU-43cac420-244c-9975-fbd1-604f88cdd44c, NVIDIA A100-SXM4-40GB, 37591, 40960, 31, 103.72, 35
nid001133,2026/05/03 14:48:36.977, 1, GPU-73838956-9ad1-3484-0ba2-7d8b02c7a72a, NVIDIA A100-SXM4-40GB, 37581, 40960, 42, 111.51, 34
nid001133,2026/05/03 14:48:36.978, 2, GPU-aee03275-201a-58e4-7b5a-f08a6e4c1e50, NVIDIA A100-SXM4-40GB, 37581, 40960, 4, 110.85, 37
nid001133,2026/05/03 14:48:36.980, 3, GPU-e0003d1b-186b-2e66-9474-0b7af5c50af4, NVIDIA A100-SXM4-40GB, 37581, 40960, 56, 108.81, 35
nid001132,2026/05/03 14:48:39.862, 0, GPU-1ee6ac61-44ab-b161-9de0-16bbb44716e7, NVIDIA A100-SXM4-40GB, 36925, 40960, 43, 108.81, 38
nid001132,2026/05/03 14:48:39.866, 1, GPU-afa7121e-c5d0-2eb5-4e9a-8b001ff7a220, NVIDIA A100-SXM4-40GB, 36857, 40960, 7, 101.43, 35
nid001132,2026/05/03 14:48:39.868, 2, GPU-4dea0284-873a-fa20-cc19-10ca82324573, NVIDIA A100-SXM4-40GB, 36857, 40960, 36, 109.72, 36
nid001132,2026/05/03 14:48:39.872, 3, GPU-cba17786-ea73-0caf-0d43-c838fbb66bcd, NVIDIA A100-SXM4-40GB, 36857, 40960, 45, 105.37, 33
nid001133,2026/05/03 14:48:40.713, 0, GPU-43cac420-244c-9975-fbd1-604f88cdd44c, NVIDIA A100-SXM4-40GB, 37591, 40960, 5, 103.72, 35
nid001133,2026/05/03 14:48:40.716, 1, GPU-73838956-9ad1-3484-0ba2-7d8b02c7a72a, NVIDIA A100-SXM4-40GB, 37581, 40960, 50, 102.79, 34
nid001133,2026/05/03 14:48:40.721, 2, GPU-aee03275-201a-58e4-7b5a-f08a6e4c1e50, NVIDIA A100-SXM4-40GB, 37581, 40960, 79, 102.20, 36
nid001133,2026/05/03 14:48:40.723, 3, GPU-e0003d1b-186b-2e66-9474-0b7af5c50af4, NVIDIA A100-SXM4-40GB, 37581, 40960, 4, 99.22, 35
nid001132,2026/05/03 14:48:43.610, 0, GPU-1ee6ac61-44ab-b161-9de0-16bbb44716e7, NVIDIA A100-SXM4-40GB, 36925, 40960, 82, 119.31, 38
nid001132,2026/05/03 14:48:43.613, 1, GPU-afa7121e-c5d0-2eb5-4e9a-8b001ff7a220, NVIDIA A100-SXM4-40GB, 36857, 40960, 66, 101.92, 35
nid001132,2026/05/03 14:48:43.614, 2, GPU-4dea0284-873a-fa20-cc19-10ca82324573, NVIDIA A100-SXM4-40GB, 36857, 40960, 57, 116.08, 36
nid001132,2026/05/03 14:48:43.616, 3, GPU-cba17786-ea73-0caf-0d43-c838fbb66bcd, NVIDIA A100-SXM4-40GB, 36857, 40960, 75, 118.79, 33
nid001133,2026/05/03 14:48:44.496, 0, GPU-43cac420-244c-9975-fbd1-604f88cdd44c, NVIDIA A100-SXM4-40GB, 37591, 40960, 0, 119.17, 36
nid001133,2026/05/03 14:48:44.499, 1, GPU-73838956-9ad1-3484-0ba2-7d8b02c7a72a, NVIDIA A100-SXM4-40GB, 37581, 40960, 75, 132.33, 34
nid001133,2026/05/03 14:48:44.501, 2, GPU-aee03275-201a-58e4-7b5a-f08a6e4c1e50, NVIDIA A100-SXM4-40GB, 37581, 40960, 0, 127.33, 37
nid001133,2026/05/03 14:48:44.503, 3, GPU-e0003d1b-186b-2e66-9474-0b7af5c50af4, NVIDIA A100-SXM4-40GB, 37581, 40960, 30, 125.30, 35
nid001132,2026/05/03 14:48:47.384, 0, GPU-1ee6ac61-44ab-b161-9de0-16bbb44716e7, NVIDIA A100-SXM4-40GB, 36925, 40960, 17, 121.35, 38
nid001132,2026/05/03 14:48:47.387, 1, GPU-afa7121e-c5d0-2eb5-4e9a-8b001ff7a220, NVIDIA A100-SXM4-40GB, 36857, 40960, 47, 110.85, 35
nid001132,2026/05/03 14:48:47.388, 2, GPU-4dea0284-873a-fa20-cc19-10ca82324573, NVIDIA A100-SXM4-40GB, 36857, 40960, 19, 107.92, 36
nid001132,2026/05/03 14:48:47.390, 3, GPU-cba17786-ea73-0caf-0d43-c838fbb66bcd, NVIDIA A100-SXM4-40GB, 36857, 40960, 38, 107.41, 33
nid001133,2026/05/03 14:48:48.319, 0, GPU-43cac420-244c-9975-fbd1-604f88cdd44c, NVIDIA A100-SXM4-40GB, 37591, 40960, 0, 103.72, 35
nid001133,2026/05/03 14:48:48.322, 1, GPU-73838956-9ad1-3484-0ba2-7d8b02c7a72a, NVIDIA A100-SXM4-40GB, 37581, 40960, 34, 117.79, 34
nid001133,2026/05/03 14:48:48.325, 2, GPU-aee03275-201a-58e4-7b5a-f08a6e4c1e50, NVIDIA A100-SXM4-40GB, 37581, 40960, 0, 102.43, 36
nid001133,2026/05/03 14:48:48.326, 3, GPU-e0003d1b-186b-2e66-9474-0b7af5c50af4, NVIDIA A100-SXM4-40GB, 37581, 40960, 0, 98.99, 35
nid001132,2026/05/03 14:48:51.211, 0, GPU-1ee6ac61-44ab-b161-9de0-16bbb44716e7, NVIDIA A100-SXM4-40GB, 36925, 40960, 57, 105.89, 38
nid001132,2026/05/03 14:48:51.214, 1, GPU-afa7121e-c5d0-2eb5-4e9a-8b001ff7a220, NVIDIA A100-SXM4-40GB, 36857, 40960, 97, 103.72, 35
nid001132,2026/05/03 14:48:51.215, 2, GPU-4dea0284-873a-fa20-cc19-10ca82324573, NVIDIA A100-SXM4-40GB, 36857, 40960, 39, 103.96, 36
nid001132,2026/05/03 14:48:51.217, 3, GPU-cba17786-ea73-0caf-0d43-c838fbb66bcd, NVIDIA A100-SXM4-40GB, 36857, 40960, 39, 105.49, 33
nid001133,2026/05/03 14:48:52.087, 0, GPU-43cac420-244c-9975-fbd1-604f88cdd44c, NVIDIA A100-SXM4-40GB, 37591, 40960, 94, 103.72, 35
nid001133,2026/05/03 14:48:52.094, 1, GPU-73838956-9ad1-3484-0ba2-7d8b02c7a72a, NVIDIA A100-SXM4-40GB, 37581, 40960, 62, 115.22, 34
nid001133,2026/05/03 14:48:52.098, 2, GPU-aee03275-201a-58e4-7b5a-f08a6e4c1e50, NVIDIA A100-SXM4-40GB, 37581, 40960, 60, 104.24, 37
nid001133,2026/05/03 14:48:52.104, 3, GPU-e0003d1b-186b-2e66-9474-0b7af5c50af4, NVIDIA A100-SXM4-40GB, 37581, 40960, 21, 99.22, 35
nid001132,2026/05/03 14:48:55.025, 0, GPU-1ee6ac61-44ab-b161-9de0-16bbb44716e7, NVIDIA A100-SXM4-40GB, 36925, 40960, 84, 113.94, 38
nid001132,2026/05/03 14:48:55.027, 1, GPU-afa7121e-c5d0-2eb5-4e9a-8b001ff7a220, NVIDIA A100-SXM4-40GB, 36857, 40960, 78, 124.01, 35
nid001132,2026/05/03 14:48:55.030, 2, GPU-4dea0284-873a-fa20-cc19-10ca82324573, NVIDIA A100-SXM4-40GB, 36857, 40960, 59, 118.88, 36
nid001132,2026/05/03 14:48:55.032, 3, GPU-cba17786-ea73-0caf-0d43-c838fbb66bcd, NVIDIA A100-SXM4-40GB, 36857, 40960, 58, 113.84, 33
nid001133,2026/05/03 14:48:55.880, 0, GPU-43cac420-244c-9975-fbd1-604f88cdd44c, NVIDIA A100-SXM4-40GB, 37591, 40960, 78, 119.93, 36
nid001133,2026/05/03 14:48:55.892, 1, GPU-73838956-9ad1-3484-0ba2-7d8b02c7a72a, NVIDIA A100-SXM4-40GB, 37581, 40960, 0, 120.83, 34
nid001133,2026/05/03 14:48:55.897, 2, GPU-aee03275-201a-58e4-7b5a-f08a6e4c1e50, NVIDIA A100-SXM4-40GB, 37581, 40960, 8, 112.89, 37
nid001133,2026/05/03 14:48:55.903, 3, GPU-e0003d1b-186b-2e66-9474-0b7af5c50af4, NVIDIA A100-SXM4-40GB, 37581, 40960, 0, 114.18, 35
nid001132,2026/05/03 14:48:58.793, 0, GPU-1ee6ac61-44ab-b161-9de0-16bbb44716e7, NVIDIA A100-SXM4-40GB, 36925, 40960, 45, 106.00, 38
nid001132,2026/05/03 14:48:58.795, 1, GPU-afa7121e-c5d0-2eb5-4e9a-8b001ff7a220, NVIDIA A100-SXM4-40GB, 36857, 40960, 100, 101.32, 35
nid001132,2026/05/03 14:48:58.797, 2, GPU-4dea0284-873a-fa20-cc19-10ca82324573, NVIDIA A100-SXM4-40GB, 36857, 40960, 64, 104.12, 36
nid001132,2026/05/03 14:48:58.799, 3, GPU-cba17786-ea73-0caf-0d43-c838fbb66bcd, NVIDIA A100-SXM4-40GB, 36857, 40960, 71, 105.37, 33
nid001133,2026/05/03 14:48:59.621, 0, GPU-43cac420-244c-9975-fbd1-604f88cdd44c, NVIDIA A100-SXM4-40GB, 37591, 40960, 22, 103.72, 35
nid001133,2026/05/03 14:48:59.630, 1, GPU-73838956-9ad1-3484-0ba2-7d8b02c7a72a, NVIDIA A100-SXM4-40GB, 37581, 40960, 71, 102.79, 34
nid001133,2026/05/03 14:48:59.636, 2, GPU-aee03275-201a-58e4-7b5a-f08a6e4c1e50, NVIDIA A100-SXM4-40GB, 37581, 40960, 89, 102.20, 37
nid001133,2026/05/03 14:48:59.643, 3, GPU-e0003d1b-186b-2e66-9474-0b7af5c50af4, NVIDIA A100-SXM4-40GB, 37581, 40960, 48, 99.51, 35
nid001132,2026/05/03 14:49:02.545, 0, GPU-1ee6ac61-44ab-b161-9de0-16bbb44716e7, NVIDIA A100-SXM4-40GB, 36925, 40960, 68, 109.99, 38
nid001132,2026/05/03 14:49:02.548, 1, GPU-afa7121e-c5d0-2eb5-4e9a-8b001ff7a220, NVIDIA A100-SXM4-40GB, 36857, 40960, 63, 101.43, 35
nid001132,2026/05/03 14:49:02.549, 2, GPU-4dea0284-873a-fa20-cc19-10ca82324573, NVIDIA A100-SXM4-40GB, 36857, 40960, 77, 109.48, 36
nid001132,2026/05/03 14:49:02.551, 3, GPU-cba17786-ea73-0caf-0d43-c838fbb66bcd, NVIDIA A100-SXM4-40GB, 36857, 40960, 69, 110.22, 33
nid001133,2026/05/03 14:49:03.403, 0, GPU-43cac420-244c-9975-fbd1-604f88cdd44c, NVIDIA A100-SXM4-40GB, 37591, 40960, 68, 116.22, 35
nid001133,2026/05/03 14:49:03.405, 1, GPU-73838956-9ad1-3484-0ba2-7d8b02c7a72a, NVIDIA A100-SXM4-40GB, 37581, 40960, 21, 119.17, 34
nid001133,2026/05/03 14:49:03.407, 2, GPU-aee03275-201a-58e4-7b5a-f08a6e4c1e50, NVIDIA A100-SXM4-40GB, 37581, 40960, 67, 111.89, 37
nid001133,2026/05/03 14:49:03.408, 3, GPU-e0003d1b-186b-2e66-9474-0b7af5c50af4, NVIDIA A100-SXM4-40GB, 37581, 40960, 68, 104.60, 35
nid001132,2026/05/03 14:49:06.310, 0, GPU-1ee6ac61-44ab-b161-9de0-16bbb44716e7, NVIDIA A100-SXM4-40GB, 36925, 40960, 0, 122.64, 38
nid001132,2026/05/03 14:49:06.312, 1, GPU-afa7121e-c5d0-2eb5-4e9a-8b001ff7a220, NVIDIA A100-SXM4-40GB, 36857, 40960, 11, 101.43, 35
nid001132,2026/05/03 14:49:06.314, 2, GPU-4dea0284-873a-fa20-cc19-10ca82324573, NVIDIA A100-SXM4-40GB, 36857, 40960, 0, 117.89, 36
nid001132,2026/05/03 14:49:06.315, 3, GPU-cba17786-ea73-0caf-0d43-c838fbb66bcd, NVIDIA A100-SXM4-40GB, 36857, 40960, 0, 106.42, 33
nid001133,2026/05/03 14:49:07.166, 0, GPU-43cac420-244c-9975-fbd1-604f88cdd44c, NVIDIA A100-SXM4-40GB, 37591, 40960, 87, 103.72, 35
nid001133,2026/05/03 14:49:07.169, 1, GPU-73838956-9ad1-3484-0ba2-7d8b02c7a72a, NVIDIA A100-SXM4-40GB, 37581, 40960, 0, 101.80, 34
nid001133,2026/05/03 14:49:07.170, 2, GPU-aee03275-201a-58e4-7b5a-f08a6e4c1e50, NVIDIA A100-SXM4-40GB, 37581, 40960, 0, 102.20, 36
nid001133,2026/05/03 14:49:07.172, 3, GPU-e0003d1b-186b-2e66-9474-0b7af5c50af4, NVIDIA A100-SXM4-40GB, 37581, 40960, 28, 99.11, 35
nid001132,2026/05/03 14:49:10.089, 0, GPU-1ee6ac61-44ab-b161-9de0-16bbb44716e7, NVIDIA A100-SXM4-40GB, 36925, 40960, 95, 119.02, 38
nid001132,2026/05/03 14:49:10.092, 1, GPU-afa7121e-c5d0-2eb5-4e9a-8b001ff7a220, NVIDIA A100-SXM4-40GB, 36857, 40960, 64, 102.96, 35
nid001132,2026/05/03 14:49:10.093, 2, GPU-4dea0284-873a-fa20-cc19-10ca82324573, NVIDIA A100-SXM4-40GB, 36857, 40960, 36, 111.76, 36
nid001132,2026/05/03 14:49:10.095, 3, GPU-cba17786-ea73-0caf-0d43-c838fbb66bcd, NVIDIA A100-SXM4-40GB, 36857, 40960, 77, 115.07, 33
nid001133,2026/05/03 14:49:10.947, 0, GPU-43cac420-244c-9975-fbd1-604f88cdd44c, NVIDIA A100-SXM4-40GB, 37591, 40960, 8, 135.50, 36
nid001133,2026/05/03 14:49:10.949, 1, GPU-73838956-9ad1-3484-0ba2-7d8b02c7a72a, NVIDIA A100-SXM4-40GB, 37581, 40960, 0, 117.50, 34
nid001133,2026/05/03 14:49:10.951, 2, GPU-aee03275-201a-58e4-7b5a-f08a6e4c1e50, NVIDIA A100-SXM4-40GB, 37581, 40960, 68, 103.96, 37
nid001133,2026/05/03 14:49:10.952, 3, GPU-e0003d1b-186b-2e66-9474-0b7af5c50af4, NVIDIA A100-SXM4-40GB, 37581, 40960, 4, 112.42, 35
nid001132,2026/05/03 14:49:13.928, 0, GPU-1ee6ac61-44ab-b161-9de0-16bbb44716e7, NVIDIA A100-SXM4-40GB, 36925, 40960, 29, 140.11, 40
nid001132,2026/05/03 14:49:13.930, 1, GPU-afa7121e-c5d0-2eb5-4e9a-8b001ff7a220, NVIDIA A100-SXM4-40GB, 36857, 40960, 89, 102.20, 36
nid001132,2026/05/03 14:49:13.932, 2, GPU-4dea0284-873a-fa20-cc19-10ca82324573, NVIDIA A100-SXM4-40GB, 36857, 40960, 100, 153.51, 38
nid001132,2026/05/03 14:49:13.934, 3, GPU-cba17786-ea73-0caf-0d43-c838fbb66bcd, NVIDIA A100-SXM4-40GB, 36857, 40960, 90, 200.12, 35
nid001133,2026/05/03 14:49:14.769, 0, GPU-43cac420-244c-9975-fbd1-604f88cdd44c, NVIDIA A100-SXM4-40GB, 37591, 40960, 76, 161.56, 37
nid001133,2026/05/03 14:49:14.772, 1, GPU-73838956-9ad1-3484-0ba2-7d8b02c7a72a, NVIDIA A100-SXM4-40GB, 37581, 40960, 94, 103.84, 35
nid001133,2026/05/03 14:49:14.773, 2, GPU-aee03275-201a-58e4-7b5a-f08a6e4c1e50, NVIDIA A100-SXM4-40GB, 37581, 40960, 44, 133.98, 38
nid001133,2026/05/03 14:49:14.775, 3, GPU-e0003d1b-186b-2e66-9474-0b7af5c50af4, NVIDIA A100-SXM4-40GB, 37581, 40960, 100, 99.63, 36
nid001132,2026/05/03 14:49:17.647, 0, GPU-1ee6ac61-44ab-b161-9de0-16bbb44716e7, NVIDIA A100-SXM4-40GB, 36925, 40960, 44, 106.89, 38
nid001132,2026/05/03 14:49:17.650, 1, GPU-afa7121e-c5d0-2eb5-4e9a-8b001ff7a220, NVIDIA A100-SXM4-40GB, 36857, 40960, 100, 103.96, 35
nid001132,2026/05/03 14:49:17.652, 2, GPU-4dea0284-873a-fa20-cc19-10ca82324573, NVIDIA A100-SXM4-40GB, 36857, 40960, 82, 105.40, 36
nid001132,2026/05/03 14:49:17.654, 3, GPU-cba17786-ea73-0caf-0d43-c838fbb66bcd, NVIDIA A100-SXM4-40GB, 36857, 40960, 47, 109.74, 33
nid001133,2026/05/03 14:49:18.467, 0, GPU-43cac420-244c-9975-fbd1-604f88cdd44c, NVIDIA A100-SXM4-40GB, 37591, 40960, 15, 104.48, 35
nid001133,2026/05/03 14:49:18.470, 1, GPU-73838956-9ad1-3484-0ba2-7d8b02c7a72a, NVIDIA A100-SXM4-40GB, 37581, 40960, 51, 103.32, 34
nid001133,2026/05/03 14:49:18.471, 2, GPU-aee03275-201a-58e4-7b5a-f08a6e4c1e50, NVIDIA A100-SXM4-40GB, 37581, 40960, 2, 102.67, 37
nid001133,2026/05/03 14:49:18.473, 3, GPU-e0003d1b-186b-2e66-9474-0b7af5c50af4, NVIDIA A100-SXM4-40GB, 37581, 40960, 4, 99.51, 35
nid001132,2026/05/03 14:49:21.336, 0, GPU-1ee6ac61-44ab-b161-9de0-16bbb44716e7, NVIDIA A100-SXM4-40GB, 36925, 40960, 39, 105.89, 38
nid001132,2026/05/03 14:49:21.339, 1, GPU-afa7121e-c5d0-2eb5-4e9a-8b001ff7a220, NVIDIA A100-SXM4-40GB, 36857, 40960, 57, 114.32, 35
nid001132,2026/05/03 14:49:21.341, 2, GPU-4dea0284-873a-fa20-cc19-10ca82324573, NVIDIA A100-SXM4-40GB, 36857, 40960, 100, 104.12, 36
nid001132,2026/05/03 14:49:21.343, 3, GPU-cba17786-ea73-0caf-0d43-c838fbb66bcd, NVIDIA A100-SXM4-40GB, 36857, 40960, 100, 106.65, 33
nid001133,2026/05/03 14:49:22.206, 0, GPU-43cac420-244c-9975-fbd1-604f88cdd44c, NVIDIA A100-SXM4-40GB, 37591, 40960, 46, 112.89, 35
nid001133,2026/05/03 14:49:22.209, 1, GPU-73838956-9ad1-3484-0ba2-7d8b02c7a72a, NVIDIA A100-SXM4-40GB, 37581, 40960, 49, 103.08, 34
nid001133,2026/05/03 14:49:22.210, 2, GPU-aee03275-201a-58e4-7b5a-f08a6e4c1e50, NVIDIA A100-SXM4-40GB, 37581, 40960, 89, 102.43, 37
nid001133,2026/05/03 14:49:22.212, 3, GPU-e0003d1b-186b-2e66-9474-0b7af5c50af4, NVIDIA A100-SXM4-40GB, 37581, 40960, 99, 99.51, 35
nid001132,2026/05/03 14:49:25.097, 0, GPU-1ee6ac61-44ab-b161-9de0-16bbb44716e7, NVIDIA A100-SXM4-40GB, 36925, 40960, 2, 105.76, 38
nid001132,2026/05/03 14:49:25.099, 1, GPU-afa7121e-c5d0-2eb5-4e9a-8b001ff7a220, NVIDIA A100-SXM4-40GB, 36857, 40960, 100, 101.68, 35
nid001132,2026/05/03 14:49:25.101, 2, GPU-4dea0284-873a-fa20-cc19-10ca82324573, NVIDIA A100-SXM4-40GB, 36857, 40960, 100, 104.36, 36
nid001132,2026/05/03 14:49:25.103, 3, GPU-cba17786-ea73-0caf-0d43-c838fbb66bcd, NVIDIA A100-SXM4-40GB, 36857, 40960, 100, 105.89, 33
nid001133,2026/05/03 14:49:25.930, 0, GPU-43cac420-244c-9975-fbd1-604f88cdd44c, NVIDIA A100-SXM4-40GB, 37591, 40960, 66, 104.24, 35
nid001133,2026/05/03 14:49:25.932, 1, GPU-73838956-9ad1-3484-0ba2-7d8b02c7a72a, NVIDIA A100-SXM4-40GB, 37581, 40960, 73, 112.13, 34
nid001133,2026/05/03 14:49:25.934, 2, GPU-aee03275-201a-58e4-7b5a-f08a6e4c1e50, NVIDIA A100-SXM4-40GB, 37581, 40960, 93, 102.43, 37
nid001133,2026/05/03 14:49:25.936, 3, GPU-e0003d1b-186b-2e66-9474-0b7af5c50af4, NVIDIA A100-SXM4-40GB, 37581, 40960, 6, 99.75, 35
nid001132,2026/05/03 14:49:28.830, 0, GPU-1ee6ac61-44ab-b161-9de0-16bbb44716e7, NVIDIA A100-SXM4-40GB, 36925, 40960, 7, 107.81, 38
nid001132,2026/05/03 14:49:28.833, 1, GPU-afa7121e-c5d0-2eb5-4e9a-8b001ff7a220, NVIDIA A100-SXM4-40GB, 36857, 40960, 100, 109.20, 35
nid001132,2026/05/03 14:49:28.835, 2, GPU-4dea0284-873a-fa20-cc19-10ca82324573, NVIDIA A100-SXM4-40GB, 36857, 40960, 95, 109.96, 36
nid001132,2026/05/03 14:49:28.836, 3, GPU-cba17786-ea73-0caf-0d43-c838fbb66bcd, NVIDIA A100-SXM4-40GB, 36857, 40960, 100, 133.10, 33
nid001133,2026/05/03 14:49:29.683, 0, GPU-43cac420-244c-9975-fbd1-604f88cdd44c, NVIDIA A100-SXM4-40GB, 37591, 40960, 59, 108.57, 35
nid001133,2026/05/03 14:49:29.685, 1, GPU-73838956-9ad1-3484-0ba2-7d8b02c7a72a, NVIDIA A100-SXM4-40GB, 37581, 40960, 91, 103.60, 34
nid001133,2026/05/03 14:49:29.687, 2, GPU-aee03275-201a-58e4-7b5a-f08a6e4c1e50, NVIDIA A100-SXM4-40GB, 37581, 40960, 42, 102.56, 37
nid001133,2026/05/03 14:49:29.688, 3, GPU-e0003d1b-186b-2e66-9474-0b7af5c50af4, NVIDIA A100-SXM4-40GB, 37581, 40960, 20, 99.51, 35
nid001132,2026/05/03 14:49:32.594, 0, GPU-1ee6ac61-44ab-b161-9de0-16bbb44716e7, NVIDIA A100-SXM4-40GB, 36925, 40960, 3, 113.42, 38
nid001132,2026/05/03 14:49:32.597, 1, GPU-afa7121e-c5d0-2eb5-4e9a-8b001ff7a220, NVIDIA A100-SXM4-40GB, 36857, 40960, 100, 126.05, 35
nid001132,2026/05/03 14:49:32.598, 2, GPU-4dea0284-873a-fa20-cc19-10ca82324573, NVIDIA A100-SXM4-40GB, 36857, 40960, 100, 123.87, 36
nid001132,2026/05/03 14:49:32.600, 3, GPU-cba17786-ea73-0caf-0d43-c838fbb66bcd, NVIDIA A100-SXM4-40GB, 36857, 40960, 100, 105.89, 33
nid001133,2026/05/03 14:49:33.442, 0, GPU-43cac420-244c-9975-fbd1-604f88cdd44c, NVIDIA A100-SXM4-40GB, 37591, 40960, 53, 104.24, 35
nid001133,2026/05/03 14:49:33.445, 1, GPU-73838956-9ad1-3484-0ba2-7d8b02c7a72a, NVIDIA A100-SXM4-40GB, 37581, 40960, 71, 102.32, 34
nid001133,2026/05/03 14:49:33.446, 2, GPU-aee03275-201a-58e4-7b5a-f08a6e4c1e50, NVIDIA A100-SXM4-40GB, 37581, 40960, 99, 108.05, 37
nid001133,2026/05/03 14:49:33.448, 3, GPU-e0003d1b-186b-2e66-9474-0b7af5c50af4, NVIDIA A100-SXM4-40GB, 37581, 40960, 42, 99.75, 35
nid001132,2026/05/03 14:49:36.290, 0, GPU-1ee6ac61-44ab-b161-9de0-16bbb44716e7, NVIDIA A100-SXM4-40GB, 36925, 40960, 44, 107.05, 38
nid001132,2026/05/03 14:49:36.292, 1, GPU-afa7121e-c5d0-2eb5-4e9a-8b001ff7a220, NVIDIA A100-SXM4-40GB, 36857, 40960, 100, 105.76, 35
nid001132,2026/05/03 14:49:36.294, 2, GPU-4dea0284-873a-fa20-cc19-10ca82324573, NVIDIA A100-SXM4-40GB, 36857, 40960, 66, 106.16, 36
nid001132,2026/05/03 14:49:36.295, 3, GPU-cba17786-ea73-0caf-0d43-c838fbb66bcd, NVIDIA A100-SXM4-40GB, 36857, 40960, 90, 108.17, 33
nid001133,2026/05/03 14:49:37.108, 0, GPU-43cac420-244c-9975-fbd1-604f88cdd44c, NVIDIA A100-SXM4-40GB, 37591, 40960, 94, 103.72, 35
nid001133,2026/05/03 14:49:37.110, 1, GPU-73838956-9ad1-3484-0ba2-7d8b02c7a72a, NVIDIA A100-SXM4-40GB, 37581, 40960, 41, 102.04, 34
nid001133,2026/05/03 14:49:37.112, 2, GPU-aee03275-201a-58e4-7b5a-f08a6e4c1e50, NVIDIA A100-SXM4-40GB, 37581, 40960, 18, 102.43, 37
nid001133,2026/05/03 14:49:37.114, 3, GPU-e0003d1b-186b-2e66-9474-0b7af5c50af4, NVIDIA A100-SXM4-40GB, 37581, 40960, 56, 99.51, 35
nid001132,2026/05/03 14:49:39.971, 0, GPU-1ee6ac61-44ab-b161-9de0-16bbb44716e7, NVIDIA A100-SXM4-40GB, 36925, 40960, 6, 129.09, 38
nid001132,2026/05/03 14:49:39.980, 1, GPU-afa7121e-c5d0-2eb5-4e9a-8b001ff7a220, NVIDIA A100-SXM4-40GB, 36857, 40960, 100, 101.92, 35
nid001132,2026/05/03 14:49:39.981, 2, GPU-4dea0284-873a-fa20-cc19-10ca82324573, NVIDIA A100-SXM4-40GB, 36857, 40960, 100, 112.00, 36
nid001132,2026/05/03 14:49:39.987, 3, GPU-cba17786-ea73-0caf-0d43-c838fbb66bcd, NVIDIA A100-SXM4-40GB, 36857, 40960, 100, 106.42, 33
nid001133,2026/05/03 14:49:40.802, 0, GPU-43cac420-244c-9975-fbd1-604f88cdd44c, NVIDIA A100-SXM4-40GB, 37591, 40960, 6, 105.12, 35
nid001133,2026/05/03 14:49:40.808, 1, GPU-73838956-9ad1-3484-0ba2-7d8b02c7a72a, NVIDIA A100-SXM4-40GB, 37581, 40960, 51, 105.89, 34
nid001133,2026/05/03 14:49:40.810, 2, GPU-aee03275-201a-58e4-7b5a-f08a6e4c1e50, NVIDIA A100-SXM4-40GB, 37581, 40960, 95, 105.76, 37
nid001133,2026/05/03 14:49:40.812, 3, GPU-e0003d1b-186b-2e66-9474-0b7af5c50af4, NVIDIA A100-SXM4-40GB, 37581, 40960, 98, 103.48, 35
nid001132,2026/05/03 14:49:43.701, 0, GPU-1ee6ac61-44ab-b161-9de0-16bbb44716e7, NVIDIA A100-SXM4-40GB, 36925, 40960, 29, 110.51, 38
nid001132,2026/05/03 14:49:43.703, 1, GPU-afa7121e-c5d0-2eb5-4e9a-8b001ff7a220, NVIDIA A100-SXM4-40GB, 36857, 40960, 77, 121.07, 35
nid001132,2026/05/03 14:49:43.705, 2, GPU-4dea0284-873a-fa20-cc19-10ca82324573, NVIDIA A100-SXM4-40GB, 36857, 40960, 84, 115.09, 36
nid001132,2026/05/03 14:49:43.707, 3, GPU-cba17786-ea73-0caf-0d43-c838fbb66bcd, NVIDIA A100-SXM4-40GB, 36857, 40960, 100, 108.59, 33
nid001133,2026/05/03 14:49:44.547, 0, GPU-43cac420-244c-9975-fbd1-604f88cdd44c, NVIDIA A100-SXM4-40GB, 37591, 40960, 46, 103.96, 35
nid001133,2026/05/03 14:49:44.549, 1, GPU-73838956-9ad1-3484-0ba2-7d8b02c7a72a, NVIDIA A100-SXM4-40GB, 37581, 40960, 20, 103.21, 34
nid001133,2026/05/03 14:49:44.551, 2, GPU-aee03275-201a-58e4-7b5a-f08a6e4c1e50, NVIDIA A100-SXM4-40GB, 37581, 40960, 34, 102.56, 37
nid001133,2026/05/03 14:49:44.553, 3, GPU-e0003d1b-186b-2e66-9474-0b7af5c50af4, NVIDIA A100-SXM4-40GB, 37581, 40960, 79, 99.51, 35
nid001132,2026/05/03 14:49:47.424, 0, GPU-1ee6ac61-44ab-b161-9de0-16bbb44716e7, NVIDIA A100-SXM4-40GB, 36925, 40960, 49, 106.89, 39
nid001132,2026/05/03 14:49:47.426, 1, GPU-afa7121e-c5d0-2eb5-4e9a-8b001ff7a220, NVIDIA A100-SXM4-40GB, 36857, 40960, 77, 103.72, 35
nid001132,2026/05/03 14:49:47.428, 2, GPU-4dea0284-873a-fa20-cc19-10ca82324573, NVIDIA A100-SXM4-40GB, 36857, 40960, 37, 105.64, 36
nid001132,2026/05/03 14:49:47.429, 3, GPU-cba17786-ea73-0caf-0d43-c838fbb66bcd, NVIDIA A100-SXM4-40GB, 36857, 40960, 100, 118.17, 34
nid001133,2026/05/03 14:49:48.290, 0, GPU-43cac420-244c-9975-fbd1-604f88cdd44c, NVIDIA A100-SXM4-40GB, 37591, 40960, 0, 111.66, 35
nid001133,2026/05/03 14:49:48.298, 1, GPU-73838956-9ad1-3484-0ba2-7d8b02c7a72a, NVIDIA A100-SXM4-40GB, 37581, 40960, 28, 110.74, 34
nid001133,2026/05/03 14:49:48.300, 2, GPU-aee03275-201a-58e4-7b5a-f08a6e4c1e50, NVIDIA A100-SXM4-40GB, 37581, 40960, 53, 109.61, 37
nid001133,2026/05/03 14:49:48.302, 3, GPU-e0003d1b-186b-2e66-9474-0b7af5c50af4, NVIDIA A100-SXM4-40GB, 37581, 40960, 48, 121.07, 35
nid001132,2026/05/03 14:49:51.201, 0, GPU-1ee6ac61-44ab-b161-9de0-16bbb44716e7, NVIDIA A100-SXM4-40GB, 36925, 40960, 99, 123.12, 38
nid001132,2026/05/03 14:49:51.204, 1, GPU-afa7121e-c5d0-2eb5-4e9a-8b001ff7a220, NVIDIA A100-SXM4-40GB, 36857, 40960, 95, 109.09, 35
nid001132,2026/05/03 14:49:51.205, 2, GPU-4dea0284-873a-fa20-cc19-10ca82324573, NVIDIA A100-SXM4-40GB, 36857, 40960, 30, 116.60, 36
nid001132,2026/05/03 14:49:51.207, 3, GPU-cba17786-ea73-0caf-0d43-c838fbb66bcd, NVIDIA A100-SXM4-40GB, 36857, 40960, 83, 109.22, 33
nid001133,2026/05/03 14:49:52.060, 0, GPU-43cac420-244c-9975-fbd1-604f88cdd44c, NVIDIA A100-SXM4-40GB, 37591, 40960, 90, 119.93, 36
nid001133,2026/05/03 14:49:52.063, 1, GPU-73838956-9ad1-3484-0ba2-7d8b02c7a72a, NVIDIA A100-SXM4-40GB, 37581, 40960, 52, 126.58, 34
nid001133,2026/05/03 14:49:52.064, 2, GPU-aee03275-201a-58e4-7b5a-f08a6e4c1e50, NVIDIA A100-SXM4-40GB, 37581, 40960, 18, 102.67, 37
nid001133,2026/05/03 14:49:52.066, 3, GPU-e0003d1b-186b-2e66-9474-0b7af5c50af4, NVIDIA A100-SXM4-40GB, 37581, 40960, 17, 119.02, 35
nid001132,2026/05/03 14:49:54.934, 0, GPU-1ee6ac61-44ab-b161-9de0-16bbb44716e7, NVIDIA A100-SXM4-40GB, 36925, 40960, 43, 106.89, 38
nid001132,2026/05/03 14:49:54.937, 1, GPU-afa7121e-c5d0-2eb5-4e9a-8b001ff7a220, NVIDIA A100-SXM4-40GB, 36857, 40960, 100, 103.96, 35
nid001132,2026/05/03 14:49:54.939, 2, GPU-4dea0284-873a-fa20-cc19-10ca82324573, NVIDIA A100-SXM4-40GB, 36857, 40960, 28, 106.29, 36
nid001132,2026/05/03 14:49:54.941, 3, GPU-cba17786-ea73-0caf-0d43-c838fbb66bcd, NVIDIA A100-SXM4-40GB, 36857, 40960, 100, 129.40, 33
nid001133,2026/05/03 14:49:55.767, 0, GPU-43cac420-244c-9975-fbd1-604f88cdd44c, NVIDIA A100-SXM4-40GB, 37591, 40960, 9, 125.01, 36
nid001133,2026/05/03 14:49:55.769, 1, GPU-73838956-9ad1-3484-0ba2-7d8b02c7a72a, NVIDIA A100-SXM4-40GB, 37581, 40960, 72, 117.27, 34
nid001133,2026/05/03 14:49:55.771, 2, GPU-aee03275-201a-58e4-7b5a-f08a6e4c1e50, NVIDIA A100-SXM4-40GB, 37581, 40960, 57, 116.22, 37
nid001133,2026/05/03 14:49:55.773, 3, GPU-e0003d1b-186b-2e66-9474-0b7af5c50af4, NVIDIA A100-SXM4-40GB, 37581, 40960, 67, 113.94, 36
nid001132,2026/05/03 14:49:58.677, 0, GPU-1ee6ac61-44ab-b161-9de0-16bbb44716e7, NVIDIA A100-SXM4-40GB, 36925, 40960, 69, 109.99, 38
nid001132,2026/05/03 14:49:58.684, 1, GPU-afa7121e-c5d0-2eb5-4e9a-8b001ff7a220, NVIDIA A100-SXM4-40GB, 36857, 40960, 100, 115.46, 35
nid001132,2026/05/03 14:49:58.686, 2, GPU-4dea0284-873a-fa20-cc19-10ca82324573, NVIDIA A100-SXM4-40GB, 36857, 40960, 25, 111.24, 36
nid001132,2026/05/03 14:49:58.694, 3, GPU-cba17786-ea73-0caf-0d43-c838fbb66bcd, NVIDIA A100-SXM4-40GB, 36857, 40960, 100, 109.07, 33
nid001133,2026/05/03 14:49:59.535, 0, GPU-43cac420-244c-9975-fbd1-604f88cdd44c, NVIDIA A100-SXM4-40GB, 37591, 40960, 38, 104.24, 35
nid001133,2026/05/03 14:49:59.537, 1, GPU-73838956-9ad1-3484-0ba2-7d8b02c7a72a, NVIDIA A100-SXM4-40GB, 37581, 40960, 49, 117.12, 34
nid001133,2026/05/03 14:49:59.539, 2, GPU-aee03275-201a-58e4-7b5a-f08a6e4c1e50, NVIDIA A100-SXM4-40GB, 37581, 40960, 7, 114.94, 37
nid001133,2026/05/03 14:49:59.540, 3, GPU-e0003d1b-186b-2e66-9474-0b7af5c50af4, NVIDIA A100-SXM4-40GB, 37581, 40960, 92, 115.74, 35
nid001132,2026/05/03 14:50:02.430, 0, GPU-1ee6ac61-44ab-b161-9de0-16bbb44716e7, NVIDIA A100-SXM4-40GB, 36925, 40960, 20, 106.29, 38
nid001132,2026/05/03 14:50:02.432, 1, GPU-afa7121e-c5d0-2eb5-4e9a-8b001ff7a220, NVIDIA A100-SXM4-40GB, 36857, 40960, 100, 103.20, 35
nid001132,2026/05/03 14:50:02.434, 2, GPU-4dea0284-873a-fa20-cc19-10ca82324573, NVIDIA A100-SXM4-40GB, 36857, 40960, 86, 105.40, 36
nid001132,2026/05/03 14:50:02.436, 3, GPU-cba17786-ea73-0caf-0d43-c838fbb66bcd, NVIDIA A100-SXM4-40GB, 36857, 40960, 100, 116.99, 33
nid001133,2026/05/03 14:50:03.275, 0, GPU-43cac420-244c-9975-fbd1-604f88cdd44c, NVIDIA A100-SXM4-40GB, 37591, 40960, 21, 122.97, 36
nid001133,2026/05/03 14:50:03.278, 1, GPU-73838956-9ad1-3484-0ba2-7d8b02c7a72a, NVIDIA A100-SXM4-40GB, 37581, 40960, 75, 128.01, 34
nid001133,2026/05/03 14:50:03.280, 2, GPU-aee03275-201a-58e4-7b5a-f08a6e4c1e50, NVIDIA A100-SXM4-40GB, 37581, 40960, 42, 103.20, 37
nid001133,2026/05/03 14:50:03.281, 3, GPU-e0003d1b-186b-2e66-9474-0b7af5c50af4, NVIDIA A100-SXM4-40GB, 37581, 40960, 90, 121.88, 35
nid001132,2026/05/03 14:50:06.214, 0, GPU-1ee6ac61-44ab-b161-9de0-16bbb44716e7, NVIDIA A100-SXM4-40GB, 36925, 40960, 1, 106.00, 38
nid001132,2026/05/03 14:50:06.217, 1, GPU-afa7121e-c5d0-2eb5-4e9a-8b001ff7a220, NVIDIA A100-SXM4-40GB, 36857, 40960, 100, 102.20, 35
nid001132,2026/05/03 14:50:06.219, 2, GPU-4dea0284-873a-fa20-cc19-10ca82324573, NVIDIA A100-SXM4-40GB, 36857, 40960, 100, 104.59, 36
nid001132,2026/05/03 14:50:06.220, 3, GPU-cba17786-ea73-0caf-0d43-c838fbb66bcd, NVIDIA A100-SXM4-40GB, 36857, 40960, 100, 108.17, 33
nid001133,2026/05/03 14:50:07.083, 0, GPU-43cac420-244c-9975-fbd1-604f88cdd44c, NVIDIA A100-SXM4-40GB, 37591, 40960, 0, 103.96, 35
nid001133,2026/05/03 14:50:07.086, 1, GPU-73838956-9ad1-3484-0ba2-7d8b02c7a72a, NVIDIA A100-SXM4-40GB, 37581, 40960, 93, 102.79, 34
nid001133,2026/05/03 14:50:07.087, 2, GPU-aee03275-201a-58e4-7b5a-f08a6e4c1e50, NVIDIA A100-SXM4-40GB, 37581, 40960, 100, 108.57, 37
nid001133,2026/05/03 14:50:07.089, 3, GPU-e0003d1b-186b-2e66-9474-0b7af5c50af4, NVIDIA A100-SXM4-40GB, 37581, 40960, 97, 99.22, 35
nid001132,2026/05/03 14:50:10.011, 0, GPU-1ee6ac61-44ab-b161-9de0-16bbb44716e7, NVIDIA A100-SXM4-40GB, 36925, 40960, 72, 109.74, 39
nid001132,2026/05/03 14:50:10.013, 1, GPU-afa7121e-c5d0-2eb5-4e9a-8b001ff7a220, NVIDIA A100-SXM4-40GB, 36857, 40960, 63, 111.89, 35
nid001132,2026/05/03 14:50:10.015, 2, GPU-4dea0284-873a-fa20-cc19-10ca82324573, NVIDIA A100-SXM4-40GB, 36857, 40960, 61, 114.04, 37
nid001132,2026/05/03 14:50:10.016, 3, GPU-cba17786-ea73-0caf-0d43-c838fbb66bcd, NVIDIA A100-SXM4-40GB, 36857, 40960, 73, 116.78, 34
nid001133,2026/05/03 14:50:10.833, 0, GPU-43cac420-244c-9975-fbd1-604f88cdd44c, NVIDIA A100-SXM4-40GB, 37591, 40960, 3, 131.05, 36
nid001133,2026/05/03 14:50:10.836, 1, GPU-73838956-9ad1-3484-0ba2-7d8b02c7a72a, NVIDIA A100-SXM4-40GB, 37581, 40960, 55, 125.59, 35
nid001133,2026/05/03 14:50:10.837, 2, GPU-aee03275-201a-58e4-7b5a-f08a6e4c1e50, NVIDIA A100-SXM4-40GB, 37581, 40960, 68, 124.92, 38
nid001133,2026/05/03 14:50:10.839, 3, GPU-e0003d1b-186b-2e66-9474-0b7af5c50af4, NVIDIA A100-SXM4-40GB, 37581, 40960, 11, 110.51, 36
nid001132,2026/05/03 14:50:13.725, 0, GPU-1ee6ac61-44ab-b161-9de0-16bbb44716e7, NVIDIA A100-SXM4-40GB, 36925, 40960, 94, 124.40, 39
nid001132,2026/05/03 14:50:13.728, 1, GPU-afa7121e-c5d0-2eb5-4e9a-8b001ff7a220, NVIDIA A100-SXM4-40GB, 36857, 40960, 24, 101.43, 35
nid001132,2026/05/03 14:50:13.729, 2, GPU-4dea0284-873a-fa20-cc19-10ca82324573, NVIDIA A100-SXM4-40GB, 36857, 40960, 100, 107.44, 36
nid001132,2026/05/03 14:50:13.731, 3, GPU-cba17786-ea73-0caf-0d43-c838fbb66bcd, NVIDIA A100-SXM4-40GB, 36857, 40960, 100, 107.70, 33
nid001133,2026/05/03 14:50:14.580, 0, GPU-43cac420-244c-9975-fbd1-604f88cdd44c, NVIDIA A100-SXM4-40GB, 37591, 40960, 37, 105.00, 36
nid001133,2026/05/03 14:50:14.582, 1, GPU-73838956-9ad1-3484-0ba2-7d8b02c7a72a, NVIDIA A100-SXM4-40GB, 37581, 40960, 50, 119.55, 34
nid001133,2026/05/03 14:50:14.584, 2, GPU-aee03275-201a-58e4-7b5a-f08a6e4c1e50, NVIDIA A100-SXM4-40GB, 37581, 40960, 81, 102.67, 37
nid001133,2026/05/03 14:50:14.585, 3, GPU-e0003d1b-186b-2e66-9474-0b7af5c50af4, NVIDIA A100-SXM4-40GB, 37581, 40960, 33, 109.09, 35
nid001132,2026/05/03 14:50:17.478, 0, GPU-1ee6ac61-44ab-b161-9de0-16bbb44716e7, NVIDIA A100-SXM4-40GB, 36925, 40960, 68, 110.74, 39
nid001132,2026/05/03 14:50:17.481, 1, GPU-afa7121e-c5d0-2eb5-4e9a-8b001ff7a220, NVIDIA A100-SXM4-40GB, 36857, 40960, 91, 111.66, 35
nid001132,2026/05/03 14:50:17.483, 2, GPU-4dea0284-873a-fa20-cc19-10ca82324573, NVIDIA A100-SXM4-40GB, 36857, 40960, 80, 112.76, 37
nid001132,2026/05/03 14:50:17.484, 3, GPU-cba17786-ea73-0caf-0d43-c838fbb66bcd, NVIDIA A100-SXM4-40GB, 36857, 40960, 79, 106.78, 33
nid001133,2026/05/03 14:50:18.358, 0, GPU-43cac420-244c-9975-fbd1-604f88cdd44c, NVIDIA A100-SXM4-40GB, 37591, 40960, 0, 103.96, 36
nid001133,2026/05/03 14:50:18.361, 1, GPU-73838956-9ad1-3484-0ba2-7d8b02c7a72a, NVIDIA A100-SXM4-40GB, 37581, 40960, 92, 103.08, 34
nid001133,2026/05/03 14:50:18.362, 2, GPU-aee03275-201a-58e4-7b5a-f08a6e4c1e50, NVIDIA A100-SXM4-40GB, 37581, 40960, 5, 102.67, 37
nid001133,2026/05/03 14:50:18.370, 3, GPU-e0003d1b-186b-2e66-9474-0b7af5c50af4, NVIDIA A100-SXM4-40GB, 37581, 40960, 14, 99.51, 35
nid001132,2026/05/03 14:50:21.235, 0, GPU-1ee6ac61-44ab-b161-9de0-16bbb44716e7, NVIDIA A100-SXM4-40GB, 36925, 40960, 2, 112.13, 38
nid001132,2026/05/03 14:50:21.238, 1, GPU-afa7121e-c5d0-2eb5-4e9a-8b001ff7a220, NVIDIA A100-SXM4-40GB, 36857, 40960, 100, 114.57, 35
nid001132,2026/05/03 14:50:21.239, 2, GPU-4dea0284-873a-fa20-cc19-10ca82324573, NVIDIA A100-SXM4-40GB, 36857, 40960, 100, 105.40, 36
nid001132,2026/05/03 14:50:21.241, 3, GPU-cba17786-ea73-0caf-0d43-c838fbb66bcd, NVIDIA A100-SXM4-40GB, 36857, 40960, 100, 115.36, 33
nid001133,2026/05/03 14:50:22.133, 0, GPU-43cac420-244c-9975-fbd1-604f88cdd44c, NVIDIA A100-SXM4-40GB, 37591, 40960, 31, 104.12, 35
nid001133,2026/05/03 14:50:22.136, 1, GPU-73838956-9ad1-3484-0ba2-7d8b02c7a72a, NVIDIA A100-SXM4-40GB, 37581, 40960, 99, 103.20, 34
nid001133,2026/05/03 14:50:22.138, 2, GPU-aee03275-201a-58e4-7b5a-f08a6e4c1e50, NVIDIA A100-SXM4-40GB, 37581, 40960, 68, 102.67, 37
nid001133,2026/05/03 14:50:22.139, 3, GPU-e0003d1b-186b-2e66-9474-0b7af5c50af4, NVIDIA A100-SXM4-40GB, 37581, 40960, 97, 99.40, 35
nid001132,2026/05/03 14:50:24.998, 0, GPU-1ee6ac61-44ab-b161-9de0-16bbb44716e7, NVIDIA A100-SXM4-40GB, 36925, 40960, 96, 114.31, 38
nid001132,2026/05/03 14:50:25.001, 1, GPU-afa7121e-c5d0-2eb5-4e9a-8b001ff7a220, NVIDIA A100-SXM4-40GB, 36857, 40960, 100, 114.46, 35
nid001132,2026/05/03 14:50:25.002, 2, GPU-4dea0284-873a-fa20-cc19-10ca82324573, NVIDIA A100-SXM4-40GB, 36857, 40960, 100, 117.89, 36
nid001132,2026/05/03 14:50:25.004, 3, GPU-cba17786-ea73-0caf-0d43-c838fbb66bcd, NVIDIA A100-SXM4-40GB, 36857, 40960, 7, 107.30, 33
nid001133,2026/05/03 14:50:25.827, 0, GPU-43cac420-244c-9975-fbd1-604f88cdd44c, NVIDIA A100-SXM4-40GB, 37591, 40960, 65, 108.57, 35
nid001133,2026/05/03 14:50:25.830, 1, GPU-73838956-9ad1-3484-0ba2-7d8b02c7a72a, NVIDIA A100-SXM4-40GB, 37581, 40960, 98, 103.60, 34
nid001133,2026/05/03 14:50:25.831, 2, GPU-aee03275-201a-58e4-7b5a-f08a6e4c1e50, NVIDIA A100-SXM4-40GB, 37581, 40960, 92, 103.20, 37
nid001133,2026/05/03 14:50:25.833, 3, GPU-e0003d1b-186b-2e66-9474-0b7af5c50af4, NVIDIA A100-SXM4-40GB, 37581, 40960, 26, 101.15, 35
nid001132,2026/05/03 14:50:28.709, 0, GPU-1ee6ac61-44ab-b161-9de0-16bbb44716e7, NVIDIA A100-SXM4-40GB, 36925, 40960, 100, 111.66, 38
nid001132,2026/05/03 14:50:28.716, 1, GPU-afa7121e-c5d0-2eb5-4e9a-8b001ff7a220, NVIDIA A100-SXM4-40GB, 36857, 40960, 100, 110.61, 35
nid001132,2026/05/03 14:50:28.722, 2, GPU-4dea0284-873a-fa20-cc19-10ca82324573, NVIDIA A100-SXM4-40GB, 36857, 40960, 100, 113.57, 36
nid001132,2026/05/03 14:50:28.726, 3, GPU-cba17786-ea73-0caf-0d43-c838fbb66bcd, NVIDIA A100-SXM4-40GB, 36857, 40960, 2, 105.89, 33
nid001133,2026/05/03 14:50:29.594, 0, GPU-43cac420-244c-9975-fbd1-604f88cdd44c, NVIDIA A100-SXM4-40GB, 37591, 40960, 60, 121.97, 36
nid001133,2026/05/03 14:50:29.597, 1, GPU-73838956-9ad1-3484-0ba2-7d8b02c7a72a, NVIDIA A100-SXM4-40GB, 37581, 40960, 84, 122.35, 34
nid001133,2026/05/03 14:50:29.598, 2, GPU-aee03275-201a-58e4-7b5a-f08a6e4c1e50, NVIDIA A100-SXM4-40GB, 37581, 40960, 58, 129.25, 38
nid001133,2026/05/03 14:50:29.600, 3, GPU-e0003d1b-186b-2e66-9474-0b7af5c50af4, NVIDIA A100-SXM4-40GB, 37581, 40960, 1, 125.96, 36
nid001132,2026/05/03 14:50:32.506, 0, GPU-1ee6ac61-44ab-b161-9de0-16bbb44716e7, NVIDIA A100-SXM4-40GB, 36925, 40960, 55, 110.61, 38
nid001132,2026/05/03 14:50:32.512, 1, GPU-afa7121e-c5d0-2eb5-4e9a-8b001ff7a220, NVIDIA A100-SXM4-40GB, 36857, 40960, 100, 106.00, 35
nid001132,2026/05/03 14:50:32.518, 2, GPU-4dea0284-873a-fa20-cc19-10ca82324573, NVIDIA A100-SXM4-40GB, 36857, 40960, 100, 111.24, 36
nid001132,2026/05/03 14:50:32.523, 3, GPU-cba17786-ea73-0caf-0d43-c838fbb66bcd, NVIDIA A100-SXM4-40GB, 36857, 40960, 100, 120.21, 33
nid001133,2026/05/03 14:50:33.386, 0, GPU-43cac420-244c-9975-fbd1-604f88cdd44c, NVIDIA A100-SXM4-40GB, 37591, 40960, 94, 104.24, 35
nid001133,2026/05/03 14:50:33.389, 1, GPU-73838956-9ad1-3484-0ba2-7d8b02c7a72a, NVIDIA A100-SXM4-40GB, 37581, 40960, 100, 103.32, 34
nid001133,2026/05/03 14:50:33.391, 2, GPU-aee03275-201a-58e4-7b5a-f08a6e4c1e50, NVIDIA A100-SXM4-40GB, 37581, 40960, 1, 102.43, 37
nid001133,2026/05/03 14:50:33.392, 3, GPU-e0003d1b-186b-2e66-9474-0b7af5c50af4, NVIDIA A100-SXM4-40GB, 37581, 40960, 92, 99.63, 35
nid001132,2026/05/03 14:50:36.316, 0, GPU-1ee6ac61-44ab-b161-9de0-16bbb44716e7, NVIDIA A100-SXM4-40GB, 36925, 40960, 100, 117.93, 39
nid001132,2026/05/03 14:50:36.319, 1, GPU-afa7121e-c5d0-2eb5-4e9a-8b001ff7a220, NVIDIA A100-SXM4-40GB, 36857, 40960, 100, 101.80, 35
nid001132,2026/05/03 14:50:36.320, 2, GPU-4dea0284-873a-fa20-cc19-10ca82324573, NVIDIA A100-SXM4-40GB, 36857, 40960, 2, 103.96, 36
nid001132,2026/05/03 14:50:36.322, 3, GPU-cba17786-ea73-0caf-0d43-c838fbb66bcd, NVIDIA A100-SXM4-40GB, 36857, 40960, 100, 118.93, 33
nid001133,2026/05/03 14:50:37.163, 0, GPU-43cac420-244c-9975-fbd1-604f88cdd44c, NVIDIA A100-SXM4-40GB, 37591, 40960, 100, 104.24, 36
nid001133,2026/05/03 14:50:37.166, 1, GPU-73838956-9ad1-3484-0ba2-7d8b02c7a72a, NVIDIA A100-SXM4-40GB, 37581, 40960, 56, 118.93, 34
nid001133,2026/05/03 14:50:37.168, 2, GPU-aee03275-201a-58e4-7b5a-f08a6e4c1e50, NVIDIA A100-SXM4-40GB, 37581, 40960, 96, 106.12, 37
nid001133,2026/05/03 14:50:37.175, 3, GPU-e0003d1b-186b-2e66-9474-0b7af5c50af4, NVIDIA A100-SXM4-40GB, 37581, 40960, 97, 99.75, 35
nid001132,2026/05/03 14:50:40.076, 0, GPU-1ee6ac61-44ab-b161-9de0-16bbb44716e7, NVIDIA A100-SXM4-40GB, 36925, 40960, 2, 122.64, 39
nid001132,2026/05/03 14:50:40.079, 1, GPU-afa7121e-c5d0-2eb5-4e9a-8b001ff7a220, NVIDIA A100-SXM4-40GB, 36857, 40960, 100, 112.89, 35
nid001132,2026/05/03 14:50:40.081, 2, GPU-4dea0284-873a-fa20-cc19-10ca82324573, NVIDIA A100-SXM4-40GB, 36857, 40960, 100, 123.63, 36
nid001132,2026/05/03 14:50:40.083, 3, GPU-cba17786-ea73-0caf-0d43-c838fbb66bcd, NVIDIA A100-SXM4-40GB, 36857, 40960, 100, 107.17, 33
nid001133,2026/05/03 14:50:40.950, 0, GPU-43cac420-244c-9975-fbd1-604f88cdd44c, NVIDIA A100-SXM4-40GB, 37591, 40960, 77, 104.24, 35
nid001133,2026/05/03 14:50:40.956, 1, GPU-73838956-9ad1-3484-0ba2-7d8b02c7a72a, NVIDIA A100-SXM4-40GB, 37581, 40960, 26, 103.08, 34
nid001133,2026/05/03 14:50:40.962, 2, GPU-aee03275-201a-58e4-7b5a-f08a6e4c1e50, NVIDIA A100-SXM4-40GB, 37581, 40960, 94, 102.67, 37
nid001133,2026/05/03 14:50:40.967, 3, GPU-e0003d1b-186b-2e66-9474-0b7af5c50af4, NVIDIA A100-SXM4-40GB, 37581, 40960, 72, 99.51, 35
nid001132,2026/05/03 14:50:43.883, 0, GPU-1ee6ac61-44ab-b161-9de0-16bbb44716e7, NVIDIA A100-SXM4-40GB, 36925, 40960, 100, 119.83, 39
nid001132,2026/05/03 14:50:43.885, 1, GPU-afa7121e-c5d0-2eb5-4e9a-8b001ff7a220, NVIDIA A100-SXM4-40GB, 36857, 40960, 100, 111.76, 35
nid001132,2026/05/03 14:50:43.887, 2, GPU-4dea0284-873a-fa20-cc19-10ca82324573, NVIDIA A100-SXM4-40GB, 36857, 40960, 100, 116.08, 36
nid001132,2026/05/03 14:50:43.888, 3, GPU-cba17786-ea73-0caf-0d43-c838fbb66bcd, NVIDIA A100-SXM4-40GB, 36857, 40960, 2, 124.40, 34
nid001133,2026/05/03 14:50:44.725, 0, GPU-43cac420-244c-9975-fbd1-604f88cdd44c, NVIDIA A100-SXM4-40GB, 37591, 40960, 46, 104.12, 35
nid001133,2026/05/03 14:50:44.728, 1, GPU-73838956-9ad1-3484-0ba2-7d8b02c7a72a, NVIDIA A100-SXM4-40GB, 37581, 40960, 5, 103.20, 34
nid001133,2026/05/03 14:50:44.730, 2, GPU-aee03275-201a-58e4-7b5a-f08a6e4c1e50, NVIDIA A100-SXM4-40GB, 37581, 40960, 84, 102.67, 37
nid001133,2026/05/03 14:50:44.732, 3, GPU-e0003d1b-186b-2e66-9474-0b7af5c50af4, NVIDIA A100-SXM4-40GB, 37581, 40960, 89, 99.63, 35
nid001132,2026/05/03 14:50:47.606, 0, GPU-1ee6ac61-44ab-b161-9de0-16bbb44716e7, NVIDIA A100-SXM4-40GB, 36925, 40960, 100, 119.83, 38
nid001132,2026/05/03 14:50:47.608, 1, GPU-afa7121e-c5d0-2eb5-4e9a-8b001ff7a220, NVIDIA A100-SXM4-40GB, 36857, 40960, 100, 108.81, 35
nid001132,2026/05/03 14:50:47.610, 2, GPU-4dea0284-873a-fa20-cc19-10ca82324573, NVIDIA A100-SXM4-40GB, 36857, 40960, 100, 111.24, 36
nid001132,2026/05/03 14:50:47.611, 3, GPU-cba17786-ea73-0caf-0d43-c838fbb66bcd, NVIDIA A100-SXM4-40GB, 36857, 40960, 2, 105.65, 33
nid001133,2026/05/03 14:50:48.486, 0, GPU-43cac420-244c-9975-fbd1-604f88cdd44c, NVIDIA A100-SXM4-40GB, 37591, 40960, 57, 104.12, 35
nid001133,2026/05/03 14:50:48.489, 1, GPU-73838956-9ad1-3484-0ba2-7d8b02c7a72a, NVIDIA A100-SXM4-40GB, 37581, 40960, 92, 102.79, 34
nid001133,2026/05/03 14:50:48.491, 2, GPU-aee03275-201a-58e4-7b5a-f08a6e4c1e50, NVIDIA A100-SXM4-40GB, 37581, 40960, 96, 102.67, 37
nid001133,2026/05/03 14:50:48.493, 3, GPU-e0003d1b-186b-2e66-9474-0b7af5c50af4, NVIDIA A100-SXM4-40GB, 37581, 40960, 3, 99.63, 35
nid001132,2026/05/03 14:50:51.381, 0, GPU-1ee6ac61-44ab-b161-9de0-16bbb44716e7, NVIDIA A100-SXM4-40GB, 36925, 40960, 100, 106.42, 38
nid001132,2026/05/03 14:50:51.384, 1, GPU-afa7121e-c5d0-2eb5-4e9a-8b001ff7a220, NVIDIA A100-SXM4-40GB, 36857, 40960, 100, 101.68, 35
nid001132,2026/05/03 14:50:51.385, 2, GPU-4dea0284-873a-fa20-cc19-10ca82324573, NVIDIA A100-SXM4-40GB, 36857, 40960, 100, 104.72, 36
nid001132,2026/05/03 14:50:51.387, 3, GPU-cba17786-ea73-0caf-0d43-c838fbb66bcd, NVIDIA A100-SXM4-40GB, 36857, 40960, 2, 106.78, 33
nid001133,2026/05/03 14:50:52.315, 0, GPU-43cac420-244c-9975-fbd1-604f88cdd44c, NVIDIA A100-SXM4-40GB, 37591, 40960, 74, 103.96, 35
nid001133,2026/05/03 14:50:52.318, 1, GPU-73838956-9ad1-3484-0ba2-7d8b02c7a72a, NVIDIA A100-SXM4-40GB, 37581, 40960, 83, 103.08, 34
nid001133,2026/05/03 14:50:52.320, 2, GPU-aee03275-201a-58e4-7b5a-f08a6e4c1e50, NVIDIA A100-SXM4-40GB, 37581, 40960, 81, 102.43, 37
nid001133,2026/05/03 14:50:52.321, 3, GPU-e0003d1b-186b-2e66-9474-0b7af5c50af4, NVIDIA A100-SXM4-40GB, 37581, 40960, 27, 99.51, 35
nid001132,2026/05/03 14:50:55.216, 0, GPU-1ee6ac61-44ab-b161-9de0-16bbb44716e7, NVIDIA A100-SXM4-40GB, 36925, 40960, 2, 106.65, 39
nid001132,2026/05/03 14:50:55.221, 1, GPU-afa7121e-c5d0-2eb5-4e9a-8b001ff7a220, NVIDIA A100-SXM4-40GB, 36857, 40960, 100, 101.92, 35
nid001132,2026/05/03 14:50:55.223, 2, GPU-4dea0284-873a-fa20-cc19-10ca82324573, NVIDIA A100-SXM4-40GB, 36857, 40960, 100, 105.64, 36
nid001132,2026/05/03 14:50:55.224, 3, GPU-cba17786-ea73-0caf-0d43-c838fbb66bcd, NVIDIA A100-SXM4-40GB, 36857, 40960, 100, 110.22, 33
nid001133,2026/05/03 14:50:56.059, 0, GPU-43cac420-244c-9975-fbd1-604f88cdd44c, NVIDIA A100-SXM4-40GB, 37591, 40960, 67, 104.24, 36
nid001133,2026/05/03 14:50:56.061, 1, GPU-73838956-9ad1-3484-0ba2-7d8b02c7a72a, NVIDIA A100-SXM4-40GB, 37581, 40960, 18, 103.32, 34
nid001133,2026/05/03 14:50:56.063, 2, GPU-aee03275-201a-58e4-7b5a-f08a6e4c1e50, NVIDIA A100-SXM4-40GB, 37581, 40960, 26, 102.67, 37
nid001133,2026/05/03 14:50:56.065, 3, GPU-e0003d1b-186b-2e66-9474-0b7af5c50af4, NVIDIA A100-SXM4-40GB, 37581, 40960, 99, 99.75, 35
nid001132,2026/05/03 14:50:58.936, 0, GPU-1ee6ac61-44ab-b161-9de0-16bbb44716e7, NVIDIA A100-SXM4-40GB, 36925, 40960, 0, 110.38, 39
nid001132,2026/05/03 14:50:58.939, 1, GPU-afa7121e-c5d0-2eb5-4e9a-8b001ff7a220, NVIDIA A100-SXM4-40GB, 36857, 40960, 0, 101.68, 36
nid001132,2026/05/03 14:50:58.940, 2, GPU-4dea0284-873a-fa20-cc19-10ca82324573, NVIDIA A100-SXM4-40GB, 36857, 40960, 14, 110.72, 37
nid001132,2026/05/03 14:50:58.942, 3, GPU-cba17786-ea73-0caf-0d43-c838fbb66bcd, NVIDIA A100-SXM4-40GB, 36857, 40960, 30, 122.26, 34
nid001133,2026/05/03 14:50:59.811, 0, GPU-43cac420-244c-9975-fbd1-604f88cdd44c, NVIDIA A100-SXM4-40GB, 37591, 40960, 100, 104.24, 35
nid001133,2026/05/03 14:50:59.814, 1, GPU-73838956-9ad1-3484-0ba2-7d8b02c7a72a, NVIDIA A100-SXM4-40GB, 37581, 40960, 99, 103.08, 34
nid001133,2026/05/03 14:50:59.816, 2, GPU-aee03275-201a-58e4-7b5a-f08a6e4c1e50, NVIDIA A100-SXM4-40GB, 37581, 40960, 77, 104.24, 39
nid001133,2026/05/03 14:50:59.818, 3, GPU-e0003d1b-186b-2e66-9474-0b7af5c50af4, NVIDIA A100-SXM4-40GB, 37581, 40960, 86, 132.42, 37
nid001132,2026/05/03 14:51:02.730, 0, GPU-1ee6ac61-44ab-b161-9de0-16bbb44716e7, NVIDIA A100-SXM4-40GB, 36925, 40960, 100, 106.89, 39
nid001132,2026/05/03 14:51:02.733, 1, GPU-afa7121e-c5d0-2eb5-4e9a-8b001ff7a220, NVIDIA A100-SXM4-40GB, 36857, 40960, 100, 102.79, 35
nid001132,2026/05/03 14:51:02.735, 2, GPU-4dea0284-873a-fa20-cc19-10ca82324573, NVIDIA A100-SXM4-40GB, 36857, 40960, 3, 105.24, 36
nid001132,2026/05/03 14:51:02.736, 3, GPU-cba17786-ea73-0caf-0d43-c838fbb66bcd, NVIDIA A100-SXM4-40GB, 36857, 40960, 100, 108.07, 33
nid001133,2026/05/03 14:51:03.762, 0, GPU-43cac420-244c-9975-fbd1-604f88cdd44c, NVIDIA A100-SXM4-40GB, 37591, 40960, 75, 104.24, 36
nid001133,2026/05/03 14:51:03.765, 1, GPU-73838956-9ad1-3484-0ba2-7d8b02c7a72a, NVIDIA A100-SXM4-40GB, 37581, 40960, 40, 102.68, 34
nid001133,2026/05/03 14:51:03.767, 2, GPU-aee03275-201a-58e4-7b5a-f08a6e4c1e50, NVIDIA A100-SXM4-40GB, 37581, 40960, 96, 103.84, 37
nid001133,2026/05/03 14:51:03.768, 3, GPU-e0003d1b-186b-2e66-9474-0b7af5c50af4, NVIDIA A100-SXM4-40GB, 37581, 40960, 99, 101.80, 35
nid001132,2026/05/03 14:51:06.859, 0, GPU-1ee6ac61-44ab-b161-9de0-16bbb44716e7, NVIDIA A100-SXM4-40GB, 36925, 40960, 100, 125.44, 39
nid001132,2026/05/03 14:51:06.862, 1, GPU-afa7121e-c5d0-2eb5-4e9a-8b001ff7a220, NVIDIA A100-SXM4-40GB, 36857, 40960, 100, 119.55, 35
nid001132,2026/05/03 14:51:06.863, 2, GPU-4dea0284-873a-fa20-cc19-10ca82324573, NVIDIA A100-SXM4-40GB, 36857, 40960, 100, 106.53, 36
nid001132,2026/05/03 14:51:06.865, 3, GPU-cba17786-ea73-0caf-0d43-c838fbb66bcd, NVIDIA A100-SXM4-40GB, 36857, 40960, 10, 109.07, 33
nid001133,2026/05/03 14:51:07.898, 0, GPU-43cac420-244c-9975-fbd1-604f88cdd44c, NVIDIA A100-SXM4-40GB, 37591, 40960, 100, 104.24, 35
nid001133,2026/05/03 14:51:07.900, 1, GPU-73838956-9ad1-3484-0ba2-7d8b02c7a72a, NVIDIA A100-SXM4-40GB, 37581, 40960, 48, 102.04, 34
nid001133,2026/05/03 14:51:07.902, 2, GPU-aee03275-201a-58e4-7b5a-f08a6e4c1e50, NVIDIA A100-SXM4-40GB, 37581, 40960, 30, 105.53, 37
nid001133,2026/05/03 14:51:07.904, 3, GPU-e0003d1b-186b-2e66-9474-0b7af5c50af4, NVIDIA A100-SXM4-40GB, 37581, 40960, 39, 99.51, 35
nid001132,2026/05/03 14:51:10.787, 0, GPU-1ee6ac61-44ab-b161-9de0-16bbb44716e7, NVIDIA A100-SXM4-40GB, 36925, 40960, 100, 122.88, 39
nid001132,2026/05/03 14:51:10.790, 1, GPU-afa7121e-c5d0-2eb5-4e9a-8b001ff7a220, NVIDIA A100-SXM4-40GB, 36857, 40960, 81, 112.52, 35
nid001132,2026/05/03 14:51:10.792, 2, GPU-4dea0284-873a-fa20-cc19-10ca82324573, NVIDIA A100-SXM4-40GB, 36857, 40960, 35, 114.57, 36
nid001132,2026/05/03 14:51:10.793, 3, GPU-cba17786-ea73-0caf-0d43-c838fbb66bcd, NVIDIA A100-SXM4-40GB, 36857, 40960, 100, 108.69, 33
nid001133,2026/05/03 14:51:11.681, 0, GPU-43cac420-244c-9975-fbd1-604f88cdd44c, NVIDIA A100-SXM4-40GB, 37591, 40960, 96, 122.73, 36
nid001133,2026/05/03 14:51:11.684, 1, GPU-73838956-9ad1-3484-0ba2-7d8b02c7a72a, NVIDIA A100-SXM4-40GB, 37581, 40960, 3, 112.79, 34
nid001133,2026/05/03 14:51:11.686, 2, GPU-aee03275-201a-58e4-7b5a-f08a6e4c1e50, NVIDIA A100-SXM4-40GB, 37581, 40960, 27, 111.89, 37
nid001133,2026/05/03 14:51:11.687, 3, GPU-e0003d1b-186b-2e66-9474-0b7af5c50af4, NVIDIA A100-SXM4-40GB, 37581, 40960, 92, 113.42, 35
nid001132,2026/05/03 14:51:14.615, 0, GPU-1ee6ac61-44ab-b161-9de0-16bbb44716e7, NVIDIA A100-SXM4-40GB, 36925, 40960, 100, 119.83, 39
nid001132,2026/05/03 14:51:14.618, 1, GPU-afa7121e-c5d0-2eb5-4e9a-8b001ff7a220, NVIDIA A100-SXM4-40GB, 36857, 40960, 100, 119.69, 35
nid001132,2026/05/03 14:51:14.620, 2, GPU-4dea0284-873a-fa20-cc19-10ca82324573, NVIDIA A100-SXM4-40GB, 36857, 40960, 40, 119.27, 36
nid001132,2026/05/03 14:51:14.622, 3, GPU-cba17786-ea73-0caf-0d43-c838fbb66bcd, NVIDIA A100-SXM4-40GB, 36857, 40960, 55, 106.42, 33
nid001133,2026/05/03 14:51:15.506, 0, GPU-43cac420-244c-9975-fbd1-604f88cdd44c, NVIDIA A100-SXM4-40GB, 37591, 40960, 65, 104.12, 35
nid001133,2026/05/03 14:51:15.509, 1, GPU-73838956-9ad1-3484-0ba2-7d8b02c7a72a, NVIDIA A100-SXM4-40GB, 37581, 40960, 75, 102.04, 34
nid001133,2026/05/03 14:51:15.511, 2, GPU-aee03275-201a-58e4-7b5a-f08a6e4c1e50, NVIDIA A100-SXM4-40GB, 37581, 40960, 67, 102.43, 37
nid001133,2026/05/03 14:51:15.512, 3, GPU-e0003d1b-186b-2e66-9474-0b7af5c50af4, NVIDIA A100-SXM4-40GB, 37581, 40960, 46, 99.40, 35
nid001132,2026/05/03 14:51:18.418, 0, GPU-1ee6ac61-44ab-b161-9de0-16bbb44716e7, NVIDIA A100-SXM4-40GB, 36925, 40960, 100, 106.12, 38
nid001132,2026/05/03 14:51:18.421, 1, GPU-afa7121e-c5d0-2eb5-4e9a-8b001ff7a220, NVIDIA A100-SXM4-40GB, 36857, 40960, 3, 101.15, 35
nid001132,2026/05/03 14:51:18.423, 2, GPU-4dea0284-873a-fa20-cc19-10ca82324573, NVIDIA A100-SXM4-40GB, 36857, 40960, 93, 104.12, 36
nid001132,2026/05/03 14:51:18.425, 3, GPU-cba17786-ea73-0caf-0d43-c838fbb66bcd, NVIDIA A100-SXM4-40GB, 36857, 40960, 100, 105.65, 33
nid001133,2026/05/03 14:51:19.246, 0, GPU-43cac420-244c-9975-fbd1-604f88cdd44c, NVIDIA A100-SXM4-40GB, 37591, 40960, 100, 132.18, 36
nid001133,2026/05/03 14:51:19.249, 1, GPU-73838956-9ad1-3484-0ba2-7d8b02c7a72a, NVIDIA A100-SXM4-40GB, 37581, 40960, 42, 127.49, 34
nid001133,2026/05/03 14:51:19.251, 2, GPU-aee03275-201a-58e4-7b5a-f08a6e4c1e50, NVIDIA A100-SXM4-40GB, 37581, 40960, 94, 102.56, 37
nid001133,2026/05/03 14:51:19.252, 3, GPU-e0003d1b-186b-2e66-9474-0b7af5c50af4, NVIDIA A100-SXM4-40GB, 37581, 40960, 90, 99.51, 35
nid001132,2026/05/03 14:51:22.156, 0, GPU-1ee6ac61-44ab-b161-9de0-16bbb44716e7, NVIDIA A100-SXM4-40GB, 36925, 40960, 100, 134.38, 39
nid001132,2026/05/03 14:51:22.159, 1, GPU-afa7121e-c5d0-2eb5-4e9a-8b001ff7a220, NVIDIA A100-SXM4-40GB, 36857, 40960, 4, 121.21, 35
nid001132,2026/05/03 14:51:22.165, 2, GPU-4dea0284-873a-fa20-cc19-10ca82324573, NVIDIA A100-SXM4-40GB, 36857, 40960, 93, 109.72, 36
nid001132,2026/05/03 14:51:22.167, 3, GPU-cba17786-ea73-0caf-0d43-c838fbb66bcd, NVIDIA A100-SXM4-40GB, 36857, 40960, 100, 108.69, 33
nid001133,2026/05/03 14:51:22.983, 0, GPU-43cac420-244c-9975-fbd1-604f88cdd44c, NVIDIA A100-SXM4-40GB, 37591, 40960, 71, 125.01, 36
nid001133,2026/05/03 14:51:22.986, 1, GPU-73838956-9ad1-3484-0ba2-7d8b02c7a72a, NVIDIA A100-SXM4-40GB, 37581, 40960, 23, 115.07, 34
nid001133,2026/05/03 14:51:22.987, 2, GPU-aee03275-201a-58e4-7b5a-f08a6e4c1e50, NVIDIA A100-SXM4-40GB, 37581, 40960, 68, 128.10, 37
nid001133,2026/05/03 14:51:22.991, 3, GPU-e0003d1b-186b-2e66-9474-0b7af5c50af4, NVIDIA A100-SXM4-40GB, 37581, 40960, 69, 110.38, 35
nid001132,2026/05/03 14:51:25.881, 0, GPU-1ee6ac61-44ab-b161-9de0-16bbb44716e7, NVIDIA A100-SXM4-40GB, 36925, 40960, 100, 106.42, 38
nid001132,2026/05/03 14:51:25.883, 1, GPU-afa7121e-c5d0-2eb5-4e9a-8b001ff7a220, NVIDIA A100-SXM4-40GB, 36857, 40960, 100, 101.68, 35
nid001132,2026/05/03 14:51:25.885, 2, GPU-4dea0284-873a-fa20-cc19-10ca82324573, NVIDIA A100-SXM4-40GB, 36857, 40960, 4, 104.36, 36
nid001132,2026/05/03 14:51:25.887, 3, GPU-cba17786-ea73-0caf-0d43-c838fbb66bcd, NVIDIA A100-SXM4-40GB, 36857, 40960, 100, 106.01, 33
nid001133,2026/05/03 14:51:26.710, 0, GPU-43cac420-244c-9975-fbd1-604f88cdd44c, NVIDIA A100-SXM4-40GB, 37591, 40960, 90, 122.35, 36
nid001133,2026/05/03 14:51:26.713, 1, GPU-73838956-9ad1-3484-0ba2-7d8b02c7a72a, NVIDIA A100-SXM4-40GB, 37581, 40960, 45, 106.53, 34
nid001133,2026/05/03 14:51:26.715, 2, GPU-aee03275-201a-58e4-7b5a-f08a6e4c1e50, NVIDIA A100-SXM4-40GB, 37581, 40960, 36, 119.41, 37
nid001133,2026/05/03 14:51:26.717, 3, GPU-e0003d1b-186b-2e66-9474-0b7af5c50af4, NVIDIA A100-SXM4-40GB, 37581, 40960, 100, 119.41, 35
nid001132,2026/05/03 14:51:29.629, 0, GPU-1ee6ac61-44ab-b161-9de0-16bbb44716e7, NVIDIA A100-SXM4-40GB, 36925, 40960, 100, 106.53, 38
nid001132,2026/05/03 14:51:29.631, 1, GPU-afa7121e-c5d0-2eb5-4e9a-8b001ff7a220, NVIDIA A100-SXM4-40GB, 36857, 40960, 100, 101.79, 35
nid001132,2026/05/03 14:51:29.633, 2, GPU-4dea0284-873a-fa20-cc19-10ca82324573, NVIDIA A100-SXM4-40GB, 36857, 40960, 5, 104.12, 36
nid001132,2026/05/03 14:51:29.634, 3, GPU-cba17786-ea73-0caf-0d43-c838fbb66bcd, NVIDIA A100-SXM4-40GB, 36857, 40960, 100, 105.89, 33
nid001133,2026/05/03 14:51:30.450, 0, GPU-43cac420-244c-9975-fbd1-604f88cdd44c, NVIDIA A100-SXM4-40GB, 37591, 40960, 48, 126.05, 36
nid001133,2026/05/03 14:51:30.453, 1, GPU-73838956-9ad1-3484-0ba2-7d8b02c7a72a, NVIDIA A100-SXM4-40GB, 37581, 40960, 70, 128.25, 34
nid001133,2026/05/03 14:51:30.457, 2, GPU-aee03275-201a-58e4-7b5a-f08a6e4c1e50, NVIDIA A100-SXM4-40GB, 37581, 40960, 41, 126.96, 38
nid001133,2026/05/03 14:51:30.459, 3, GPU-e0003d1b-186b-2e66-9474-0b7af5c50af4, NVIDIA A100-SXM4-40GB, 37581, 40960, 97, 122.64, 35
nid001132,2026/05/03 14:51:33.360, 0, GPU-1ee6ac61-44ab-b161-9de0-16bbb44716e7, NVIDIA A100-SXM4-40GB, 36925, 40960, 100, 111.79, 38
nid001132,2026/05/03 14:51:33.363, 1, GPU-afa7121e-c5d0-2eb5-4e9a-8b001ff7a220, NVIDIA A100-SXM4-40GB, 36857, 40960, 100, 107.81, 35
nid001132,2026/05/03 14:51:33.370, 2, GPU-4dea0284-873a-fa20-cc19-10ca82324573, NVIDIA A100-SXM4-40GB, 36857, 40960, 2, 116.08, 36
nid001132,2026/05/03 14:51:33.371, 3, GPU-cba17786-ea73-0caf-0d43-c838fbb66bcd, NVIDIA A100-SXM4-40GB, 36857, 40960, 100, 121.50, 33
nid001133,2026/05/03 14:51:34.200, 0, GPU-43cac420-244c-9975-fbd1-604f88cdd44c, NVIDIA A100-SXM4-40GB, 37591, 40960, 47, 104.48, 35
nid001133,2026/05/03 14:51:34.203, 1, GPU-73838956-9ad1-3484-0ba2-7d8b02c7a72a, NVIDIA A100-SXM4-40GB, 37581, 40960, 71, 102.32, 34
nid001133,2026/05/03 14:51:34.204, 2, GPU-aee03275-201a-58e4-7b5a-f08a6e4c1e50, NVIDIA A100-SXM4-40GB, 37581, 40960, 73, 102.79, 37
nid001133,2026/05/03 14:51:34.206, 3, GPU-e0003d1b-186b-2e66-9474-0b7af5c50af4, NVIDIA A100-SXM4-40GB, 37581, 40960, 88, 99.75, 35
nid001132,2026/05/03 14:51:37.094, 0, GPU-1ee6ac61-44ab-b161-9de0-16bbb44716e7, NVIDIA A100-SXM4-40GB, 36925, 40960, 100, 108.05, 38
nid001132,2026/05/03 14:51:37.097, 1, GPU-afa7121e-c5d0-2eb5-4e9a-8b001ff7a220, NVIDIA A100-SXM4-40GB, 36857, 40960, 100, 102.43, 35
nid001132,2026/05/03 14:51:37.099, 2, GPU-4dea0284-873a-fa20-cc19-10ca82324573, NVIDIA A100-SXM4-40GB, 36857, 40960, 25, 107.92, 36
nid001132,2026/05/03 14:51:37.100, 3, GPU-cba17786-ea73-0caf-0d43-c838fbb66bcd, NVIDIA A100-SXM4-40GB, 36857, 40960, 100, 109.46, 33
nid001133,2026/05/03 14:51:37.934, 0, GPU-43cac420-244c-9975-fbd1-604f88cdd44c, NVIDIA A100-SXM4-40GB, 37591, 40960, 26, 103.96, 35
nid001133,2026/05/03 14:51:37.936, 1, GPU-73838956-9ad1-3484-0ba2-7d8b02c7a72a, NVIDIA A100-SXM4-40GB, 37581, 40960, 64, 102.32, 34
nid001133,2026/05/03 14:51:37.938, 2, GPU-aee03275-201a-58e4-7b5a-f08a6e4c1e50, NVIDIA A100-SXM4-40GB, 37581, 40960, 47, 102.43, 37
nid001133,2026/05/03 14:51:37.940, 3, GPU-e0003d1b-186b-2e66-9474-0b7af5c50af4, NVIDIA A100-SXM4-40GB, 37581, 40960, 50, 99.51, 35
nid001132,2026/05/03 14:51:40.947, 0, GPU-1ee6ac61-44ab-b161-9de0-16bbb44716e7, NVIDIA A100-SXM4-40GB, 36925, 40960, 69, 106.89, 38
nid001132,2026/05/03 14:51:40.949, 1, GPU-afa7121e-c5d0-2eb5-4e9a-8b001ff7a220, NVIDIA A100-SXM4-40GB, 36857, 40960, 63, 101.92, 35
nid001132,2026/05/03 14:51:40.951, 2, GPU-4dea0284-873a-fa20-cc19-10ca82324573, NVIDIA A100-SXM4-40GB, 36857, 40960, 65, 106.16, 36
nid001132,2026/05/03 14:51:40.952, 3, GPU-cba17786-ea73-0caf-0d43-c838fbb66bcd, NVIDIA A100-SXM4-40GB, 36857, 40960, 100, 107.41, 33
nid001133,2026/05/03 14:51:41.804, 0, GPU-43cac420-244c-9975-fbd1-604f88cdd44c, NVIDIA A100-SXM4-40GB, 37591, 40960, 1, 122.21, 36
nid001133,2026/05/03 14:51:41.806, 1, GPU-73838956-9ad1-3484-0ba2-7d8b02c7a72a, NVIDIA A100-SXM4-40GB, 37581, 40960, 44, 116.51, 34
nid001133,2026/05/03 14:51:41.808, 2, GPU-aee03275-201a-58e4-7b5a-f08a6e4c1e50, NVIDIA A100-SXM4-40GB, 37581, 40960, 98, 111.66, 37
nid001133,2026/05/03 14:51:41.810, 3, GPU-e0003d1b-186b-2e66-9474-0b7af5c50af4, NVIDIA A100-SXM4-40GB, 37581, 40960, 80, 111.66, 35
nid001132,2026/05/03 14:51:44.724, 0, GPU-1ee6ac61-44ab-b161-9de0-16bbb44716e7, NVIDIA A100-SXM4-40GB, 36925, 40960, 100, 107.41, 38
nid001132,2026/05/03 14:51:44.727, 1, GPU-afa7121e-c5d0-2eb5-4e9a-8b001ff7a220, NVIDIA A100-SXM4-40GB, 36857, 40960, 100, 102.79, 35
nid001132,2026/05/03 14:51:44.730, 2, GPU-4dea0284-873a-fa20-cc19-10ca82324573, NVIDIA A100-SXM4-40GB, 36857, 40960, 2, 106.53, 36
nid001132,2026/05/03 14:51:44.731, 3, GPU-cba17786-ea73-0caf-0d43-c838fbb66bcd, NVIDIA A100-SXM4-40GB, 36857, 40960, 100, 107.54, 33
nid001133,2026/05/03 14:51:45.558, 0, GPU-43cac420-244c-9975-fbd1-604f88cdd44c, NVIDIA A100-SXM4-40GB, 37591, 40960, 97, 104.24, 35
nid001133,2026/05/03 14:51:45.561, 1, GPU-73838956-9ad1-3484-0ba2-7d8b02c7a72a, NVIDIA A100-SXM4-40GB, 37581, 40960, 38, 102.44, 34
nid001133,2026/05/03 14:51:45.562, 2, GPU-aee03275-201a-58e4-7b5a-f08a6e4c1e50, NVIDIA A100-SXM4-40GB, 37581, 40960, 72, 102.56, 37
nid001133,2026/05/03 14:51:45.564, 3, GPU-e0003d1b-186b-2e66-9474-0b7af5c50af4, NVIDIA A100-SXM4-40GB, 37581, 40960, 4, 99.51, 35
nid001132,2026/05/03 14:51:48.454, 0, GPU-1ee6ac61-44ab-b161-9de0-16bbb44716e7, NVIDIA A100-SXM4-40GB, 36925, 40960, 100, 109.86, 38
nid001132,2026/05/03 14:51:48.457, 1, GPU-afa7121e-c5d0-2eb5-4e9a-8b001ff7a220, NVIDIA A100-SXM4-40GB, 36857, 40960, 81, 101.68, 35
nid001132,2026/05/03 14:51:48.458, 2, GPU-4dea0284-873a-fa20-cc19-10ca82324573, NVIDIA A100-SXM4-40GB, 36857, 40960, 12, 110.24, 36
nid001132,2026/05/03 14:51:48.460, 3, GPU-cba17786-ea73-0caf-0d43-c838fbb66bcd, NVIDIA A100-SXM4-40GB, 36857, 40960, 92, 105.65, 33
nid001133,2026/05/03 14:51:49.319, 0, GPU-43cac420-244c-9975-fbd1-604f88cdd44c, NVIDIA A100-SXM4-40GB, 37591, 40960, 67, 103.96, 35
nid001133,2026/05/03 14:51:49.321, 1, GPU-73838956-9ad1-3484-0ba2-7d8b02c7a72a, NVIDIA A100-SXM4-40GB, 37581, 40960, 72, 101.80, 34
nid001133,2026/05/03 14:51:49.323, 2, GPU-aee03275-201a-58e4-7b5a-f08a6e4c1e50, NVIDIA A100-SXM4-40GB, 37581, 40960, 14, 102.43, 37
nid001133,2026/05/03 14:51:49.324, 3, GPU-e0003d1b-186b-2e66-9474-0b7af5c50af4, NVIDIA A100-SXM4-40GB, 37581, 40960, 88, 99.51, 35
nid001132,2026/05/03 14:51:52.215, 0, GPU-1ee6ac61-44ab-b161-9de0-16bbb44716e7, NVIDIA A100-SXM4-40GB, 36925, 40960, 78, 107.41, 39
nid001132,2026/05/03 14:51:52.218, 1, GPU-afa7121e-c5d0-2eb5-4e9a-8b001ff7a220, NVIDIA A100-SXM4-40GB, 36857, 40960, 84, 102.20, 36
nid001132,2026/05/03 14:51:52.220, 2, GPU-4dea0284-873a-fa20-cc19-10ca82324573, NVIDIA A100-SXM4-40GB, 36857, 40960, 81, 131.94, 38
nid001132,2026/05/03 14:51:52.221, 3, GPU-cba17786-ea73-0caf-0d43-c838fbb66bcd, NVIDIA A100-SXM4-40GB, 36857, 40960, 89, 106.42, 34
nid001133,2026/05/03 14:51:53.114, 0, GPU-43cac420-244c-9975-fbd1-604f88cdd44c, NVIDIA A100-SXM4-40GB, 37591, 40960, 81, 136.10, 37
nid001133,2026/05/03 14:51:53.117, 1, GPU-73838956-9ad1-3484-0ba2-7d8b02c7a72a, NVIDIA A100-SXM4-40GB, 37581, 40960, 83, 103.84, 36
nid001133,2026/05/03 14:51:53.118, 2, GPU-aee03275-201a-58e4-7b5a-f08a6e4c1e50, NVIDIA A100-SXM4-40GB, 37581, 40960, 30, 213.32, 40
nid001133,2026/05/03 14:51:53.120, 3, GPU-e0003d1b-186b-2e66-9474-0b7af5c50af4, NVIDIA A100-SXM4-40GB, 37581, 40960, 100, 102.96, 36
nid001132,2026/05/03 14:51:55.997, 0, GPU-1ee6ac61-44ab-b161-9de0-16bbb44716e7, NVIDIA A100-SXM4-40GB, 36925, 40960, 22, 119.55, 39
nid001132,2026/05/03 14:51:56.000, 1, GPU-afa7121e-c5d0-2eb5-4e9a-8b001ff7a220, NVIDIA A100-SXM4-40GB, 36857, 40960, 100, 116.37, 35
nid001132,2026/05/03 14:51:56.002, 2, GPU-4dea0284-873a-fa20-cc19-10ca82324573, NVIDIA A100-SXM4-40GB, 36857, 40960, 67, 119.79, 37
nid001132,2026/05/03 14:51:56.003, 3, GPU-cba17786-ea73-0caf-0d43-c838fbb66bcd, NVIDIA A100-SXM4-40GB, 36857, 40960, 73, 120.98, 34
nid001133,2026/05/03 14:51:56.827, 0, GPU-43cac420-244c-9975-fbd1-604f88cdd44c, NVIDIA A100-SXM4-40GB, 37591, 40960, 0, 104.36, 36
nid001133,2026/05/03 14:51:56.830, 1, GPU-73838956-9ad1-3484-0ba2-7d8b02c7a72a, NVIDIA A100-SXM4-40GB, 37581, 40960, 65, 119.31, 34
nid001133,2026/05/03 14:51:56.832, 2, GPU-aee03275-201a-58e4-7b5a-f08a6e4c1e50, NVIDIA A100-SXM4-40GB, 37581, 40960, 0, 121.07, 37
nid001133,2026/05/03 14:51:56.834, 3, GPU-e0003d1b-186b-2e66-9474-0b7af5c50af4, NVIDIA A100-SXM4-40GB, 37581, 40960, 91, 110.74, 36
nid001132,2026/05/03 14:51:59.720, 0, GPU-1ee6ac61-44ab-b161-9de0-16bbb44716e7, NVIDIA A100-SXM4-40GB, 36925, 40960, 60, 126.81, 39
nid001132,2026/05/03 14:51:59.723, 1, GPU-afa7121e-c5d0-2eb5-4e9a-8b001ff7a220, NVIDIA A100-SXM4-40GB, 36857, 40960, 83, 111.37, 35
nid001132,2026/05/03 14:51:59.727, 2, GPU-4dea0284-873a-fa20-cc19-10ca82324573, NVIDIA A100-SXM4-40GB, 36857, 40960, 64, 113.67, 36
nid001132,2026/05/03 14:51:59.733, 3, GPU-cba17786-ea73-0caf-0d43-c838fbb66bcd, NVIDIA A100-SXM4-40GB, 36857, 40960, 100, 113.31, 34
nid001133,2026/05/03 14:52:00.555, 0, GPU-43cac420-244c-9975-fbd1-604f88cdd44c, NVIDIA A100-SXM4-40GB, 37591, 40960, 8, 115.32, 36
nid001133,2026/05/03 14:52:00.558, 1, GPU-73838956-9ad1-3484-0ba2-7d8b02c7a72a, NVIDIA A100-SXM4-40GB, 37581, 40960, 73, 104.60, 34
nid001133,2026/05/03 14:52:00.561, 2, GPU-aee03275-201a-58e4-7b5a-f08a6e4c1e50, NVIDIA A100-SXM4-40GB, 37581, 40960, 7, 112.13, 37
nid001133,2026/05/03 14:52:00.563, 3, GPU-e0003d1b-186b-2e66-9474-0b7af5c50af4, NVIDIA A100-SXM4-40GB, 37581, 40960, 28, 115.22, 36
nid001132,2026/05/03 14:52:03.442, 0, GPU-1ee6ac61-44ab-b161-9de0-16bbb44716e7, NVIDIA A100-SXM4-40GB, 36925, 40960, 87, 111.14, 39
nid001132,2026/05/03 14:52:03.444, 1, GPU-afa7121e-c5d0-2eb5-4e9a-8b001ff7a220, NVIDIA A100-SXM4-40GB, 36857, 40960, 36, 101.68, 35
nid001132,2026/05/03 14:52:03.446, 2, GPU-4dea0284-873a-fa20-cc19-10ca82324573, NVIDIA A100-SXM4-40GB, 36857, 40960, 83, 104.36, 36
nid001132,2026/05/03 14:52:03.447, 3, GPU-cba17786-ea73-0caf-0d43-c838fbb66bcd, NVIDIA A100-SXM4-40GB, 36857, 40960, 100, 115.88, 34
nid001133,2026/05/03 14:52:04.287, 0, GPU-43cac420-244c-9975-fbd1-604f88cdd44c, NVIDIA A100-SXM4-40GB, 37591, 40960, 51, 104.24, 35
nid001133,2026/05/03 14:52:04.290, 1, GPU-73838956-9ad1-3484-0ba2-7d8b02c7a72a, NVIDIA A100-SXM4-40GB, 37581, 40960, 49, 101.80, 34
nid001133,2026/05/03 14:52:04.291, 2, GPU-aee03275-201a-58e4-7b5a-f08a6e4c1e50, NVIDIA A100-SXM4-40GB, 37581, 40960, 84, 102.43, 37
nid001133,2026/05/03 14:52:04.293, 3, GPU-e0003d1b-186b-2e66-9474-0b7af5c50af4, NVIDIA A100-SXM4-40GB, 37581, 40960, 41, 99.51, 35
nid001132,2026/05/03 14:52:07.189, 0, GPU-1ee6ac61-44ab-b161-9de0-16bbb44716e7, NVIDIA A100-SXM4-40GB, 36925, 40960, 72, 106.53, 39
nid001132,2026/05/03 14:52:07.192, 1, GPU-afa7121e-c5d0-2eb5-4e9a-8b001ff7a220, NVIDIA A100-SXM4-40GB, 36857, 40960, 15, 103.20, 35
nid001132,2026/05/03 14:52:07.193, 2, GPU-4dea0284-873a-fa20-cc19-10ca82324573, NVIDIA A100-SXM4-40GB, 36857, 40960, 99, 104.59, 36
nid001132,2026/05/03 14:52:07.195, 3, GPU-cba17786-ea73-0caf-0d43-c838fbb66bcd, NVIDIA A100-SXM4-40GB, 36857, 40960, 100, 105.89, 33
nid001133,2026/05/03 14:52:08.041, 0, GPU-43cac420-244c-9975-fbd1-604f88cdd44c, NVIDIA A100-SXM4-40GB, 37591, 40960, 23, 104.24, 35
nid001133,2026/05/03 14:52:08.044, 1, GPU-73838956-9ad1-3484-0ba2-7d8b02c7a72a, NVIDIA A100-SXM4-40GB, 37581, 40960, 73, 102.79, 34
nid001133,2026/05/03 14:52:08.046, 2, GPU-aee03275-201a-58e4-7b5a-f08a6e4c1e50, NVIDIA A100-SXM4-40GB, 37581, 40960, 28, 102.43, 37
nid001133,2026/05/03 14:52:08.047, 3, GPU-e0003d1b-186b-2e66-9474-0b7af5c50af4, NVIDIA A100-SXM4-40GB, 37581, 40960, 27, 99.63, 35
nid001132,2026/05/03 14:52:10.906, 0, GPU-1ee6ac61-44ab-b161-9de0-16bbb44716e7, NVIDIA A100-SXM4-40GB, 36925, 40960, 2, 106.89, 38
nid001132,2026/05/03 14:52:10.909, 1, GPU-afa7121e-c5d0-2eb5-4e9a-8b001ff7a220, NVIDIA A100-SXM4-40GB, 36857, 40960, 100, 102.67, 35
nid001132,2026/05/03 14:52:10.910, 2, GPU-4dea0284-873a-fa20-cc19-10ca82324573, NVIDIA A100-SXM4-40GB, 36857, 40960, 100, 107.28, 36
nid001132,2026/05/03 14:52:10.912, 3, GPU-cba17786-ea73-0caf-0d43-c838fbb66bcd, NVIDIA A100-SXM4-40GB, 36857, 40960, 100, 106.54, 33
nid001133,2026/05/03 14:52:11.745, 0, GPU-43cac420-244c-9975-fbd1-604f88cdd44c, NVIDIA A100-SXM4-40GB, 37591, 40960, 25, 130.66, 36
nid001133,2026/05/03 14:52:11.748, 1, GPU-73838956-9ad1-3484-0ba2-7d8b02c7a72a, NVIDIA A100-SXM4-40GB, 37581, 40960, 35, 106.12, 34
nid001133,2026/05/03 14:52:11.749, 2, GPU-aee03275-201a-58e4-7b5a-f08a6e4c1e50, NVIDIA A100-SXM4-40GB, 37581, 40960, 96, 130.29, 37
nid001133,2026/05/03 14:52:11.750, 3, GPU-e0003d1b-186b-2e66-9474-0b7af5c50af4, NVIDIA A100-SXM4-40GB, 37581, 40960, 100, 100.27, 35
nid001132,2026/05/03 14:52:14.612, 0, GPU-1ee6ac61-44ab-b161-9de0-16bbb44716e7, NVIDIA A100-SXM4-40GB, 36925, 40960, 5, 106.42, 39
nid001132,2026/05/03 14:52:14.621, 1, GPU-afa7121e-c5d0-2eb5-4e9a-8b001ff7a220, NVIDIA A100-SXM4-40GB, 36857, 40960, 100, 102.20, 35
nid001132,2026/05/03 14:52:14.622, 2, GPU-4dea0284-873a-fa20-cc19-10ca82324573, NVIDIA A100-SXM4-40GB, 36857, 40960, 100, 105.40, 36
nid001132,2026/05/03 14:52:14.624, 3, GPU-cba17786-ea73-0caf-0d43-c838fbb66bcd, NVIDIA A100-SXM4-40GB, 36857, 40960, 100, 105.89, 33
nid001133,2026/05/03 14:52:15.503, 0, GPU-43cac420-244c-9975-fbd1-604f88cdd44c, NVIDIA A100-SXM4-40GB, 37591, 40960, 0, 103.96, 35
nid001133,2026/05/03 14:52:15.506, 1, GPU-73838956-9ad1-3484-0ba2-7d8b02c7a72a, NVIDIA A100-SXM4-40GB, 37581, 40960, 44, 103.08, 34
nid001133,2026/05/03 14:52:15.508, 2, GPU-aee03275-201a-58e4-7b5a-f08a6e4c1e50, NVIDIA A100-SXM4-40GB, 37581, 40960, 90, 102.43, 37
nid001133,2026/05/03 14:52:15.510, 3, GPU-e0003d1b-186b-2e66-9474-0b7af5c50af4, NVIDIA A100-SXM4-40GB, 37581, 40960, 65, 99.51, 35
nid001132,2026/05/03 14:52:18.376, 0, GPU-1ee6ac61-44ab-b161-9de0-16bbb44716e7, NVIDIA A100-SXM4-40GB, 36925, 40960, 6, 111.66, 38
nid001132,2026/05/03 14:52:18.379, 1, GPU-afa7121e-c5d0-2eb5-4e9a-8b001ff7a220, NVIDIA A100-SXM4-40GB, 36857, 40960, 100, 121.97, 35
nid001132,2026/05/03 14:52:18.381, 2, GPU-4dea0284-873a-fa20-cc19-10ca82324573, NVIDIA A100-SXM4-40GB, 36857, 40960, 100, 120.46, 36
nid001132,2026/05/03 14:52:18.383, 3, GPU-cba17786-ea73-0caf-0d43-c838fbb66bcd, NVIDIA A100-SXM4-40GB, 36857, 40960, 100, 109.99, 33
nid001133,2026/05/03 14:52:19.242, 0, GPU-43cac420-244c-9975-fbd1-604f88cdd44c, NVIDIA A100-SXM4-40GB, 37591, 40960, 85, 103.96, 35
nid001133,2026/05/03 14:52:19.245, 1, GPU-73838956-9ad1-3484-0ba2-7d8b02c7a72a, NVIDIA A100-SXM4-40GB, 37581, 40960, 74, 103.32, 34
nid001133,2026/05/03 14:52:19.247, 2, GPU-aee03275-201a-58e4-7b5a-f08a6e4c1e50, NVIDIA A100-SXM4-40GB, 37581, 40960, 50, 102.67, 37
nid001133,2026/05/03 14:52:19.248, 3, GPU-e0003d1b-186b-2e66-9474-0b7af5c50af4, NVIDIA A100-SXM4-40GB, 37581, 40960, 99, 99.75, 35
nid001132,2026/05/03 14:52:22.110, 0, GPU-1ee6ac61-44ab-b161-9de0-16bbb44716e7, NVIDIA A100-SXM4-40GB, 36925, 40960, 4, 113.84, 38
nid001132,2026/05/03 14:52:22.113, 1, GPU-afa7121e-c5d0-2eb5-4e9a-8b001ff7a220, NVIDIA A100-SXM4-40GB, 36857, 40960, 100, 111.14, 35
nid001132,2026/05/03 14:52:22.115, 2, GPU-4dea0284-873a-fa20-cc19-10ca82324573, NVIDIA A100-SXM4-40GB, 36857, 40960, 100, 130.89, 36
nid001132,2026/05/03 14:52:22.116, 3, GPU-cba17786-ea73-0caf-0d43-c838fbb66bcd, NVIDIA A100-SXM4-40GB, 36857, 40960, 100, 110.22, 33
nid001133,2026/05/03 14:52:22.960, 0, GPU-43cac420-244c-9975-fbd1-604f88cdd44c, NVIDIA A100-SXM4-40GB, 37591, 40960, 2, 103.96, 36
nid001133,2026/05/03 14:52:22.963, 1, GPU-73838956-9ad1-3484-0ba2-7d8b02c7a72a, NVIDIA A100-SXM4-40GB, 37581, 40960, 39, 118.17, 34
nid001133,2026/05/03 14:52:22.965, 2, GPU-aee03275-201a-58e4-7b5a-f08a6e4c1e50, NVIDIA A100-SXM4-40GB, 37581, 40960, 52, 102.56, 37
nid001133,2026/05/03 14:52:22.966, 3, GPU-e0003d1b-186b-2e66-9474-0b7af5c50af4, NVIDIA A100-SXM4-40GB, 37581, 40960, 100, 111.79, 35
nid001132,2026/05/03 14:52:25.866, 0, GPU-1ee6ac61-44ab-b161-9de0-16bbb44716e7, NVIDIA A100-SXM4-40GB, 36925, 40960, 4, 105.89, 38
nid001132,2026/05/03 14:52:25.869, 1, GPU-afa7121e-c5d0-2eb5-4e9a-8b001ff7a220, NVIDIA A100-SXM4-40GB, 36857, 40960, 96, 101.80, 35
nid001132,2026/05/03 14:52:25.870, 2, GPU-4dea0284-873a-fa20-cc19-10ca82324573, NVIDIA A100-SXM4-40GB, 36857, 40960, 98, 107.57, 36
nid001132,2026/05/03 14:52:25.872, 3, GPU-cba17786-ea73-0caf-0d43-c838fbb66bcd, NVIDIA A100-SXM4-40GB, 36857, 40960, 100, 105.49, 33
nid001133,2026/05/03 14:52:26.717, 0, GPU-43cac420-244c-9975-fbd1-604f88cdd44c, NVIDIA A100-SXM4-40GB, 37591, 40960, 36, 120.83, 36
nid001133,2026/05/03 14:52:26.720, 1, GPU-73838956-9ad1-3484-0ba2-7d8b02c7a72a, NVIDIA A100-SXM4-40GB, 37581, 40960, 91, 116.36, 34
nid001133,2026/05/03 14:52:26.722, 2, GPU-aee03275-201a-58e4-7b5a-f08a6e4c1e50, NVIDIA A100-SXM4-40GB, 37581, 40960, 35, 118.27, 37
nid001133,2026/05/03 14:52:26.724, 3, GPU-e0003d1b-186b-2e66-9474-0b7af5c50af4, NVIDIA A100-SXM4-40GB, 37581, 40960, 63, 99.51, 35
nid001132,2026/05/03 14:52:29.595, 0, GPU-1ee6ac61-44ab-b161-9de0-16bbb44716e7, NVIDIA A100-SXM4-40GB, 36925, 40960, 14, 105.89, 38
nid001132,2026/05/03 14:52:29.602, 1, GPU-afa7121e-c5d0-2eb5-4e9a-8b001ff7a220, NVIDIA A100-SXM4-40GB, 36857, 40960, 100, 101.68, 35
nid001132,2026/05/03 14:52:29.607, 2, GPU-4dea0284-873a-fa20-cc19-10ca82324573, NVIDIA A100-SXM4-40GB, 36857, 40960, 88, 104.88, 36
nid001132,2026/05/03 14:52:29.611, 3, GPU-cba17786-ea73-0caf-0d43-c838fbb66bcd, NVIDIA A100-SXM4-40GB, 36857, 40960, 100, 105.65, 33
nid001133,2026/05/03 14:52:30.460, 0, GPU-43cac420-244c-9975-fbd1-604f88cdd44c, NVIDIA A100-SXM4-40GB, 37591, 40960, 99, 118.88, 35
nid001133,2026/05/03 14:52:30.463, 1, GPU-73838956-9ad1-3484-0ba2-7d8b02c7a72a, NVIDIA A100-SXM4-40GB, 37581, 40960, 2, 120.07, 34
nid001133,2026/05/03 14:52:30.465, 2, GPU-aee03275-201a-58e4-7b5a-f08a6e4c1e50, NVIDIA A100-SXM4-40GB, 37581, 40960, 5, 119.41, 37
nid001133,2026/05/03 14:52:30.467, 3, GPU-e0003d1b-186b-2e66-9474-0b7af5c50af4, NVIDIA A100-SXM4-40GB, 37581, 40960, 92, 112.66, 36
nid001132,2026/05/03 14:52:33.325, 0, GPU-1ee6ac61-44ab-b161-9de0-16bbb44716e7, NVIDIA A100-SXM4-40GB, 36925, 40960, 100, 109.61, 38
nid001132,2026/05/03 14:52:33.328, 1, GPU-afa7121e-c5d0-2eb5-4e9a-8b001ff7a220, NVIDIA A100-SXM4-40GB, 36857, 40960, 100, 106.29, 35
nid001132,2026/05/03 14:52:33.329, 2, GPU-4dea0284-873a-fa20-cc19-10ca82324573, NVIDIA A100-SXM4-40GB, 36857, 40960, 2, 105.12, 36
nid001132,2026/05/03 14:52:33.331, 3, GPU-cba17786-ea73-0caf-0d43-c838fbb66bcd, NVIDIA A100-SXM4-40GB, 36857, 40960, 100, 107.70, 33
nid001133,2026/05/03 14:52:34.251, 0, GPU-43cac420-244c-9975-fbd1-604f88cdd44c, NVIDIA A100-SXM4-40GB, 37591, 40960, 88, 117.13, 35
nid001133,2026/05/03 14:52:34.253, 1, GPU-73838956-9ad1-3484-0ba2-7d8b02c7a72a, NVIDIA A100-SXM4-40GB, 37581, 40960, 100, 104.37, 34
nid001133,2026/05/03 14:52:34.255, 2, GPU-aee03275-201a-58e4-7b5a-f08a6e4c1e50, NVIDIA A100-SXM4-40GB, 37581, 40960, 11, 102.43, 37
nid001133,2026/05/03 14:52:34.256, 3, GPU-e0003d1b-186b-2e66-9474-0b7af5c50af4, NVIDIA A100-SXM4-40GB, 37581, 40960, 93, 99.51, 35
nid001132,2026/05/03 14:52:37.131, 0, GPU-1ee6ac61-44ab-b161-9de0-16bbb44716e7, NVIDIA A100-SXM4-40GB, 36925, 40960, 100, 127.20, 38
nid001132,2026/05/03 14:52:37.133, 1, GPU-afa7121e-c5d0-2eb5-4e9a-8b001ff7a220, NVIDIA A100-SXM4-40GB, 36857, 40960, 100, 129.53, 35
nid001132,2026/05/03 14:52:37.135, 2, GPU-4dea0284-873a-fa20-cc19-10ca82324573, NVIDIA A100-SXM4-40GB, 36857, 40960, 3, 103.96, 36
nid001132,2026/05/03 14:52:37.136, 3, GPU-cba17786-ea73-0caf-0d43-c838fbb66bcd, NVIDIA A100-SXM4-40GB, 36857, 40960, 100, 118.17, 33
nid001133,2026/05/03 14:52:37.998, 0, GPU-43cac420-244c-9975-fbd1-604f88cdd44c, NVIDIA A100-SXM4-40GB, 37591, 40960, 99, 124.16, 36
nid001133,2026/05/03 14:52:38.000, 1, GPU-73838956-9ad1-3484-0ba2-7d8b02c7a72a, NVIDIA A100-SXM4-40GB, 37581, 40960, 76, 128.16, 34
nid001133,2026/05/03 14:52:38.002, 2, GPU-aee03275-201a-58e4-7b5a-f08a6e4c1e50, NVIDIA A100-SXM4-40GB, 37581, 40960, 2, 102.79, 37
nid001133,2026/05/03 14:52:38.004, 3, GPU-e0003d1b-186b-2e66-9474-0b7af5c50af4, NVIDIA A100-SXM4-40GB, 37581, 40960, 91, 121.07, 35
nid001132,2026/05/03 14:52:40.850, 0, GPU-1ee6ac61-44ab-b161-9de0-16bbb44716e7, NVIDIA A100-SXM4-40GB, 36925, 40960, 100, 106.65, 38
nid001132,2026/05/03 14:52:40.853, 1, GPU-afa7121e-c5d0-2eb5-4e9a-8b001ff7a220, NVIDIA A100-SXM4-40GB, 36857, 40960, 100, 101.92, 35
nid001132,2026/05/03 14:52:40.855, 2, GPU-4dea0284-873a-fa20-cc19-10ca82324573, NVIDIA A100-SXM4-40GB, 36857, 40960, 2, 104.88, 36
nid001132,2026/05/03 14:52:40.856, 3, GPU-cba17786-ea73-0caf-0d43-c838fbb66bcd, NVIDIA A100-SXM4-40GB, 36857, 40960, 100, 105.65, 33
nid001133,2026/05/03 14:52:41.686, 0, GPU-43cac420-244c-9975-fbd1-604f88cdd44c, NVIDIA A100-SXM4-40GB, 37591, 40960, 59, 104.24, 35
nid001133,2026/05/03 14:52:41.689, 1, GPU-73838956-9ad1-3484-0ba2-7d8b02c7a72a, NVIDIA A100-SXM4-40GB, 37581, 40960, 85, 102.44, 34
nid001133,2026/05/03 14:52:41.691, 2, GPU-aee03275-201a-58e4-7b5a-f08a6e4c1e50, NVIDIA A100-SXM4-40GB, 37581, 40960, 2, 102.56, 37
nid001133,2026/05/03 14:52:41.692, 3, GPU-e0003d1b-186b-2e66-9474-0b7af5c50af4, NVIDIA A100-SXM4-40GB, 37581, 40960, 87, 99.75, 35
nid001132,2026/05/03 14:52:44.563, 0, GPU-1ee6ac61-44ab-b161-9de0-16bbb44716e7, NVIDIA A100-SXM4-40GB, 36925, 40960, 100, 106.12, 38
nid001132,2026/05/03 14:52:44.565, 1, GPU-afa7121e-c5d0-2eb5-4e9a-8b001ff7a220, NVIDIA A100-SXM4-40GB, 36857, 40960, 100, 101.43, 35
nid001132,2026/05/03 14:52:44.567, 2, GPU-4dea0284-873a-fa20-cc19-10ca82324573, NVIDIA A100-SXM4-40GB, 36857, 40960, 5, 103.84, 36
nid001132,2026/05/03 14:52:44.568, 3, GPU-cba17786-ea73-0caf-0d43-c838fbb66bcd, NVIDIA A100-SXM4-40GB, 36857, 40960, 100, 105.37, 33
nid001133,2026/05/03 14:52:45.415, 0, GPU-43cac420-244c-9975-fbd1-604f88cdd44c, NVIDIA A100-SXM4-40GB, 37591, 40960, 90, 136.26, 36
nid001133,2026/05/03 14:52:45.417, 1, GPU-73838956-9ad1-3484-0ba2-7d8b02c7a72a, NVIDIA A100-SXM4-40GB, 37581, 40960, 84, 108.46, 34
nid001133,2026/05/03 14:52:45.419, 2, GPU-aee03275-201a-58e4-7b5a-f08a6e4c1e50, NVIDIA A100-SXM4-40GB, 37581, 40960, 7, 102.43, 37
nid001133,2026/05/03 14:52:45.421, 3, GPU-e0003d1b-186b-2e66-9474-0b7af5c50af4, NVIDIA A100-SXM4-40GB, 37581, 40960, 81, 134.62, 35
nid001132,2026/05/03 14:52:48.299, 0, GPU-1ee6ac61-44ab-b161-9de0-16bbb44716e7, NVIDIA A100-SXM4-40GB, 36925, 40960, 92, 106.00, 38
nid001132,2026/05/03 14:52:48.301, 1, GPU-afa7121e-c5d0-2eb5-4e9a-8b001ff7a220, NVIDIA A100-SXM4-40GB, 36857, 40960, 29, 101.43, 35
nid001132,2026/05/03 14:52:48.303, 2, GPU-4dea0284-873a-fa20-cc19-10ca82324573, NVIDIA A100-SXM4-40GB, 36857, 40960, 58, 103.84, 36
nid001132,2026/05/03 14:52:48.304, 3, GPU-cba17786-ea73-0caf-0d43-c838fbb66bcd, NVIDIA A100-SXM4-40GB, 36857, 40960, 79, 105.37, 33
nid001133,2026/05/03 14:52:49.160, 0, GPU-43cac420-244c-9975-fbd1-604f88cdd44c, NVIDIA A100-SXM4-40GB, 37591, 40960, 45, 104.24, 35
nid001133,2026/05/03 14:52:49.163, 1, GPU-73838956-9ad1-3484-0ba2-7d8b02c7a72a, NVIDIA A100-SXM4-40GB, 37581, 40960, 0, 102.04, 34
nid001133,2026/05/03 14:52:49.166, 2, GPU-aee03275-201a-58e4-7b5a-f08a6e4c1e50, NVIDIA A100-SXM4-40GB, 37581, 40960, 38, 102.67, 37
nid001133,2026/05/03 14:52:49.167, 3, GPU-e0003d1b-186b-2e66-9474-0b7af5c50af4, NVIDIA A100-SXM4-40GB, 37581, 40960, 40, 99.40, 35
nid001132,2026/05/03 14:52:52.135, 0, GPU-1ee6ac61-44ab-b161-9de0-16bbb44716e7, NVIDIA A100-SXM4-40GB, 36925, 40960, 18, 106.00, 38
nid001132,2026/05/03 14:52:52.138, 1, GPU-afa7121e-c5d0-2eb5-4e9a-8b001ff7a220, NVIDIA A100-SXM4-40GB, 36857, 40960, 0, 101.43, 35
nid001132,2026/05/03 14:52:52.140, 2, GPU-4dea0284-873a-fa20-cc19-10ca82324573, NVIDIA A100-SXM4-40GB, 36857, 40960, 5, 103.84, 36
nid001132,2026/05/03 14:52:52.142, 3, GPU-cba17786-ea73-0caf-0d43-c838fbb66bcd, NVIDIA A100-SXM4-40GB, 36857, 40960, 11, 105.37, 33
nid001133,2026/05/03 14:52:52.982, 0, GPU-43cac420-244c-9975-fbd1-604f88cdd44c, NVIDIA A100-SXM4-40GB, 37591, 40960, 0, 103.96, 35
nid001133,2026/05/03 14:52:52.985, 1, GPU-73838956-9ad1-3484-0ba2-7d8b02c7a72a, NVIDIA A100-SXM4-40GB, 37581, 40960, 1, 102.79, 34
nid001133,2026/05/03 14:52:52.987, 2, GPU-aee03275-201a-58e4-7b5a-f08a6e4c1e50, NVIDIA A100-SXM4-40GB, 37581, 40960, 57, 102.67, 37
nid001133,2026/05/03 14:52:52.988, 3, GPU-e0003d1b-186b-2e66-9474-0b7af5c50af4, NVIDIA A100-SXM4-40GB, 37581, 40960, 19, 99.40, 35
nid001132,2026/05/03 14:52:55.862, 0, GPU-1ee6ac61-44ab-b161-9de0-16bbb44716e7, NVIDIA A100-SXM4-40GB, 36925, 40960, 12, 111.89, 38
nid001132,2026/05/03 14:52:55.864, 1, GPU-afa7121e-c5d0-2eb5-4e9a-8b001ff7a220, NVIDIA A100-SXM4-40GB, 36857, 40960, 0, 108.81, 35
nid001132,2026/05/03 14:52:55.866, 2, GPU-4dea0284-873a-fa20-cc19-10ca82324573, NVIDIA A100-SXM4-40GB, 36857, 40960, 47, 121.74, 36
nid001132,2026/05/03 14:52:55.867, 3, GPU-cba17786-ea73-0caf-0d43-c838fbb66bcd, NVIDIA A100-SXM4-40GB, 36857, 40960, 27, 107.41, 33
nid001133,2026/05/03 14:52:56.722, 0, GPU-43cac420-244c-9975-fbd1-604f88cdd44c, NVIDIA A100-SXM4-40GB, 37591, 40960, 0, 103.96, 35
nid001133,2026/05/03 14:52:56.725, 1, GPU-73838956-9ad1-3484-0ba2-7d8b02c7a72a, NVIDIA A100-SXM4-40GB, 37581, 40960, 34, 103.08, 34
nid001133,2026/05/03 14:52:56.726, 2, GPU-aee03275-201a-58e4-7b5a-f08a6e4c1e50, NVIDIA A100-SXM4-40GB, 37581, 40960, 7, 102.43, 37
nid001133,2026/05/03 14:52:56.728, 3, GPU-e0003d1b-186b-2e66-9474-0b7af5c50af4, NVIDIA A100-SXM4-40GB, 37581, 40960, 0, 99.51, 35
nid001132,2026/05/03 14:52:59.591, 0, GPU-1ee6ac61-44ab-b161-9de0-16bbb44716e7, NVIDIA A100-SXM4-40GB, 36925, 40960, 74, 106.12, 38
nid001132,2026/05/03 14:52:59.593, 1, GPU-afa7121e-c5d0-2eb5-4e9a-8b001ff7a220, NVIDIA A100-SXM4-40GB, 36857, 40960, 56, 101.43, 35
nid001132,2026/05/03 14:52:59.597, 2, GPU-4dea0284-873a-fa20-cc19-10ca82324573, NVIDIA A100-SXM4-40GB, 36857, 40960, 100, 104.12, 36
nid001132,2026/05/03 14:52:59.599, 3, GPU-cba17786-ea73-0caf-0d43-c838fbb66bcd, NVIDIA A100-SXM4-40GB, 36857, 40960, 21, 119.98, 33
nid001133,2026/05/03 14:53:00.481, 0, GPU-43cac420-244c-9975-fbd1-604f88cdd44c, NVIDIA A100-SXM4-40GB, 37591, 40960, 4, 103.96, 35
nid001133,2026/05/03 14:53:00.488, 1, GPU-73838956-9ad1-3484-0ba2-7d8b02c7a72a, NVIDIA A100-SXM4-40GB, 37581, 40960, 17, 102.04, 34
nid001133,2026/05/03 14:53:00.489, 2, GPU-aee03275-201a-58e4-7b5a-f08a6e4c1e50, NVIDIA A100-SXM4-40GB, 37581, 40960, 72, 102.43, 37
nid001133,2026/05/03 14:53:00.491, 3, GPU-e0003d1b-186b-2e66-9474-0b7af5c50af4, NVIDIA A100-SXM4-40GB, 37581, 40960, 18, 99.51, 35
nid001132,2026/05/03 14:53:03.337, 0, GPU-1ee6ac61-44ab-b161-9de0-16bbb44716e7, NVIDIA A100-SXM4-40GB, 36925, 40960, 0, 113.70, 38
nid001132,2026/05/03 14:53:03.340, 1, GPU-afa7121e-c5d0-2eb5-4e9a-8b001ff7a220, NVIDIA A100-SXM4-40GB, 36857, 40960, 0, 101.15, 35
nid001132,2026/05/03 14:53:03.342, 2, GPU-4dea0284-873a-fa20-cc19-10ca82324573, NVIDIA A100-SXM4-40GB, 36857, 40960, 0, 103.84, 36
nid001132,2026/05/03 14:53:03.343, 3, GPU-cba17786-ea73-0caf-0d43-c838fbb66bcd, NVIDIA A100-SXM4-40GB, 36857, 40960, 0, 105.37, 33
nid001133,2026/05/03 14:53:04.230, 0, GPU-43cac420-244c-9975-fbd1-604f88cdd44c, NVIDIA A100-SXM4-40GB, 37591, 40960, 19, 103.84, 35
nid001133,2026/05/03 14:53:04.233, 1, GPU-73838956-9ad1-3484-0ba2-7d8b02c7a72a, NVIDIA A100-SXM4-40GB, 37581, 40960, 0, 101.92, 34
nid001133,2026/05/03 14:53:04.234, 2, GPU-aee03275-201a-58e4-7b5a-f08a6e4c1e50, NVIDIA A100-SXM4-40GB, 37581, 40960, 0, 102.43, 37
nid001133,2026/05/03 14:53:04.236, 3, GPU-e0003d1b-186b-2e66-9474-0b7af5c50af4, NVIDIA A100-SXM4-40GB, 37581, 40960, 65, 99.40, 35
nid001132,2026/05/03 14:53:07.207, 0, GPU-1ee6ac61-44ab-b161-9de0-16bbb44716e7, NVIDIA A100-SXM4-40GB, 36925, 40960, 100, 105.89, 38
nid001132,2026/05/03 14:53:07.210, 1, GPU-afa7121e-c5d0-2eb5-4e9a-8b001ff7a220, NVIDIA A100-SXM4-40GB, 36857, 40960, 79, 101.56, 35
nid001132,2026/05/03 14:53:07.212, 2, GPU-4dea0284-873a-fa20-cc19-10ca82324573, NVIDIA A100-SXM4-40GB, 36857, 40960, 19, 103.96, 36
nid001132,2026/05/03 14:53:07.213, 3, GPU-cba17786-ea73-0caf-0d43-c838fbb66bcd, NVIDIA A100-SXM4-40GB, 36857, 40960, 7, 117.02, 33
nid001133,2026/05/03 14:53:08.031, 0, GPU-43cac420-244c-9975-fbd1-604f88cdd44c, NVIDIA A100-SXM4-40GB, 37591, 40960, 33, 103.96, 35
nid001133,2026/05/03 14:53:08.034, 1, GPU-73838956-9ad1-3484-0ba2-7d8b02c7a72a, NVIDIA A100-SXM4-40GB, 37581, 40960, 0, 101.92, 34
nid001133,2026/05/03 14:53:08.035, 2, GPU-aee03275-201a-58e4-7b5a-f08a6e4c1e50, NVIDIA A100-SXM4-40GB, 37581, 40960, 0, 102.56, 37
nid001133,2026/05/03 14:53:08.037, 3, GPU-e0003d1b-186b-2e66-9474-0b7af5c50af4, NVIDIA A100-SXM4-40GB, 37581, 40960, 33, 99.51, 35
nid001132,2026/05/03 14:53:10.923, 0, GPU-1ee6ac61-44ab-b161-9de0-16bbb44716e7, NVIDIA A100-SXM4-40GB, 36925, 40960, 50, 108.33, 38
nid001132,2026/05/03 14:53:10.925, 1, GPU-afa7121e-c5d0-2eb5-4e9a-8b001ff7a220, NVIDIA A100-SXM4-40GB, 36857, 40960, 82, 101.68, 35
nid001132,2026/05/03 14:53:10.927, 2, GPU-4dea0284-873a-fa20-cc19-10ca82324573, NVIDIA A100-SXM4-40GB, 36857, 40960, 51, 109.72, 36
nid001132,2026/05/03 14:53:10.928, 3, GPU-cba17786-ea73-0caf-0d43-c838fbb66bcd, NVIDIA A100-SXM4-40GB, 36857, 40960, 43, 124.83, 33
nid001133,2026/05/03 14:53:11.757, 0, GPU-43cac420-244c-9975-fbd1-604f88cdd44c, NVIDIA A100-SXM4-40GB, 37591, 40960, 46, 103.96, 35
nid001133,2026/05/03 14:53:11.760, 1, GPU-73838956-9ad1-3484-0ba2-7d8b02c7a72a, NVIDIA A100-SXM4-40GB, 37581, 40960, 0, 119.55, 34
nid001133,2026/05/03 14:53:11.769, 2, GPU-aee03275-201a-58e4-7b5a-f08a6e4c1e50, NVIDIA A100-SXM4-40GB, 37581, 40960, 0, 113.42, 37
nid001133,2026/05/03 14:53:11.774, 3, GPU-e0003d1b-186b-2e66-9474-0b7af5c50af4, NVIDIA A100-SXM4-40GB, 37581, 40960, 0, 115.46, 35
nid001132,2026/05/03 14:53:14.680, 0, GPU-1ee6ac61-44ab-b161-9de0-16bbb44716e7, NVIDIA A100-SXM4-40GB, 36925, 40960, 0, 109.33, 38
nid001132,2026/05/03 14:53:14.682, 1, GPU-afa7121e-c5d0-2eb5-4e9a-8b001ff7a220, NVIDIA A100-SXM4-40GB, 36857, 40960, 0, 101.43, 35
nid001132,2026/05/03 14:53:14.684, 2, GPU-4dea0284-873a-fa20-cc19-10ca82324573, NVIDIA A100-SXM4-40GB, 36857, 40960, 0, 108.68, 36
nid001132,2026/05/03 14:53:14.686, 3, GPU-cba17786-ea73-0caf-0d43-c838fbb66bcd, NVIDIA A100-SXM4-40GB, 36857, 40960, 0, 105.49, 33
nid001133,2026/05/03 14:53:15.516, 0, GPU-43cac420-244c-9975-fbd1-604f88cdd44c, NVIDIA A100-SXM4-40GB, 37591, 40960, 0, 103.84, 35
nid001133,2026/05/03 14:53:15.519, 1, GPU-73838956-9ad1-3484-0ba2-7d8b02c7a72a, NVIDIA A100-SXM4-40GB, 37581, 40960, 92, 102.67, 34
nid001133,2026/05/03 14:53:15.522, 2, GPU-aee03275-201a-58e4-7b5a-f08a6e4c1e50, NVIDIA A100-SXM4-40GB, 37581, 40960, 66, 102.43, 37
nid001133,2026/05/03 14:53:15.527, 3, GPU-e0003d1b-186b-2e66-9474-0b7af5c50af4, NVIDIA A100-SXM4-40GB, 37581, 40960, 1, 99.40, 35
nid001132,2026/05/03 14:53:18.423, 0, GPU-1ee6ac61-44ab-b161-9de0-16bbb44716e7, NVIDIA A100-SXM4-40GB, 36925, 40960, 100, 106.76, 38
nid001132,2026/05/03 14:53:18.426, 1, GPU-afa7121e-c5d0-2eb5-4e9a-8b001ff7a220, NVIDIA A100-SXM4-40GB, 36857, 40960, 78, 101.43, 35
nid001132,2026/05/03 14:53:18.427, 2, GPU-4dea0284-873a-fa20-cc19-10ca82324573, NVIDIA A100-SXM4-40GB, 36857, 40960, 1, 104.12, 36
nid001132,2026/05/03 14:53:18.429, 3, GPU-cba17786-ea73-0caf-0d43-c838fbb66bcd, NVIDIA A100-SXM4-40GB, 36857, 40960, 20, 105.37, 33
nid001133,2026/05/03 14:53:19.236, 0, GPU-43cac420-244c-9975-fbd1-604f88cdd44c, NVIDIA A100-SXM4-40GB, 37591, 40960, 4, 103.84, 35
nid001133,2026/05/03 14:53:19.239, 1, GPU-73838956-9ad1-3484-0ba2-7d8b02c7a72a, NVIDIA A100-SXM4-40GB, 37581, 40960, 81, 102.04, 34
nid001133,2026/05/03 14:53:19.240, 2, GPU-aee03275-201a-58e4-7b5a-f08a6e4c1e50, NVIDIA A100-SXM4-40GB, 37581, 40960, 69, 102.43, 37
nid001133,2026/05/03 14:53:19.242, 3, GPU-e0003d1b-186b-2e66-9474-0b7af5c50af4, NVIDIA A100-SXM4-40GB, 37581, 40960, 81, 99.40, 35
nid001132,2026/05/03 14:53:22.161, 0, GPU-1ee6ac61-44ab-b161-9de0-16bbb44716e7, NVIDIA A100-SXM4-40GB, 36925, 40960, 70, 105.89, 38
nid001132,2026/05/03 14:53:22.164, 1, GPU-afa7121e-c5d0-2eb5-4e9a-8b001ff7a220, NVIDIA A100-SXM4-40GB, 36857, 40960, 43, 101.56, 35
nid001132,2026/05/03 14:53:22.166, 2, GPU-4dea0284-873a-fa20-cc19-10ca82324573, NVIDIA A100-SXM4-40GB, 36857, 40960, 85, 103.96, 36
nid001132,2026/05/03 14:53:22.167, 3, GPU-cba17786-ea73-0caf-0d43-c838fbb66bcd, NVIDIA A100-SXM4-40GB, 36857, 40960, 44, 105.49, 33
nid001133,2026/05/03 14:53:23.069, 0, GPU-43cac420-244c-9975-fbd1-604f88cdd44c, NVIDIA A100-SXM4-40GB, 37591, 40960, 32, 104.24, 35
nid001133,2026/05/03 14:53:23.072, 1, GPU-73838956-9ad1-3484-0ba2-7d8b02c7a72a, NVIDIA A100-SXM4-40GB, 37581, 40960, 93, 102.04, 34
nid001133,2026/05/03 14:53:23.073, 2, GPU-aee03275-201a-58e4-7b5a-f08a6e4c1e50, NVIDIA A100-SXM4-40GB, 37581, 40960, 75, 102.43, 37
nid001133,2026/05/03 14:53:23.075, 3, GPU-e0003d1b-186b-2e66-9474-0b7af5c50af4, NVIDIA A100-SXM4-40GB, 37581, 40960, 1, 99.51, 35
nid001132,2026/05/03 14:53:25.984, 0, GPU-1ee6ac61-44ab-b161-9de0-16bbb44716e7, NVIDIA A100-SXM4-40GB, 36925, 40960, 34, 107.57, 38
nid001132,2026/05/03 14:53:25.987, 1, GPU-afa7121e-c5d0-2eb5-4e9a-8b001ff7a220, NVIDIA A100-SXM4-40GB, 36857, 40960, 0, 108.96, 35
nid001132,2026/05/03 14:53:25.989, 2, GPU-4dea0284-873a-fa20-cc19-10ca82324573, NVIDIA A100-SXM4-40GB, 36857, 40960, 24, 107.92, 36
nid001132,2026/05/03 14:53:25.990, 3, GPU-cba17786-ea73-0caf-0d43-c838fbb66bcd, NVIDIA A100-SXM4-40GB, 36857, 40960, 7, 125.68, 33
nid001133,2026/05/03 14:53:26.896, 0, GPU-43cac420-244c-9975-fbd1-604f88cdd44c, NVIDIA A100-SXM4-40GB, 37591, 40960, 0, 117.37, 36
nid001133,2026/05/03 14:53:26.899, 1, GPU-73838956-9ad1-3484-0ba2-7d8b02c7a72a, NVIDIA A100-SXM4-40GB, 37581, 40960, 0, 102.04, 34
nid001133,2026/05/03 14:53:26.901, 2, GPU-aee03275-201a-58e4-7b5a-f08a6e4c1e50, NVIDIA A100-SXM4-40GB, 37581, 40960, 0, 102.43, 37
nid001133,2026/05/03 14:53:26.902, 3, GPU-e0003d1b-186b-2e66-9474-0b7af5c50af4, NVIDIA A100-SXM4-40GB, 37581, 40960, 0, 108.05, 35
nid001132,2026/05/03 14:53:29.822, 0, GPU-1ee6ac61-44ab-b161-9de0-16bbb44716e7, NVIDIA A100-SXM4-40GB, 36925, 40960, 0, 105.76, 38
nid001132,2026/05/03 14:53:29.826, 1, GPU-afa7121e-c5d0-2eb5-4e9a-8b001ff7a220, NVIDIA A100-SXM4-40GB, 36857, 40960, 0, 101.15, 35
nid001132,2026/05/03 14:53:29.828, 2, GPU-4dea0284-873a-fa20-cc19-10ca82324573, NVIDIA A100-SXM4-40GB, 36857, 40960, 0, 103.84, 36
nid001132,2026/05/03 14:53:29.829, 3, GPU-cba17786-ea73-0caf-0d43-c838fbb66bcd, NVIDIA A100-SXM4-40GB, 36857, 40960, 0, 105.12, 33
nid001133,2026/05/03 14:53:30.636, 0, GPU-43cac420-244c-9975-fbd1-604f88cdd44c, NVIDIA A100-SXM4-40GB, 37591, 40960, 0, 103.84, 35
nid001133,2026/05/03 14:53:30.639, 1, GPU-73838956-9ad1-3484-0ba2-7d8b02c7a72a, NVIDIA A100-SXM4-40GB, 37581, 40960, 0, 102.04, 34
nid001133,2026/05/03 14:53:30.640, 2, GPU-aee03275-201a-58e4-7b5a-f08a6e4c1e50, NVIDIA A100-SXM4-40GB, 37581, 40960, 0, 102.43, 36
nid001133,2026/05/03 14:53:30.642, 3, GPU-e0003d1b-186b-2e66-9474-0b7af5c50af4, NVIDIA A100-SXM4-40GB, 37581, 40960, 0, 99.51, 35
