02:17:54.942 INFO     Starting AIPerf System (cli_runner.py:75)
02:17:55.158 INFO     Registered Worker Manager (id: 'worker_manager') (system_controller.py:340)
02:17:55.188 INFO     GPU telemetry export enabled: artifacts/p4/vision_medium_1img_1024/Qwen_Qwen2.5-VL-32B-Instruct-e-pd-native-vllm_concurrency4_20260502_021517/gpu_telemetry_export.jsonl (jsonl_writer.py:53)
02:17:55.199 INFO     Record metrics export enabled: artifacts/p4/vision_medium_1img_1024/Qwen_Qwen2.5-VL-32B-Instruct-e-pd-native-vllm_concurrency4_20260502_021517/profile_export.jsonl (record_export_results_processor.py:53)
02:17:55.209 INFO     Server Metrics: Discovered 1 endpoints: ['http://localhost:8000/metrics'] (manager.py:70)
02:17:55.222 INFO     Registered Dataset Manager (id: 'dataset_manager') (system_controller.py:340)
02:17:55.225 INFO     Registered Timing Manager (id: 'timing_manager') (system_controller.py:340)
02:17:55.243 INFO     Registered Record Processor (id: 'record_processor_1e29fdbf') (system_controller.py:340)
02:17:55.261 INFO     Registered Gpu Telemetry Manager (id: 'gpu_telemetry_manager') (system_controller.py:340)
02:17:55.266 INFO     Registered Server Metrics Manager (id: 'server_metrics_manager') (system_controller.py:340)
02:17:55.288 INFO     Registered Worker (id: 'worker_4403b2b4') (system_controller.py:340)
02:17:55.294 INFO     Registered Worker (id: 'worker_5cfeb9b4') (system_controller.py:340)
02:17:55.310 INFO     Registered Records Manager (id: 'records_manager') (system_controller.py:340)
02:17:55.313 INFO     Registered Worker (id: 'worker_265f5c41') (system_controller.py:340)
02:17:55.330 INFO     Registered Worker (id: 'worker_8e466436') (system_controller.py:340)
02:17:55.633 INFO     AIPerf System is CONFIGURING (system_controller.py:228)
02:17:55.633 INFO     Configuring all services to start profiling (system_controller.py:241)
02:17:55.635 INFO     Waiting for dataset to be configured before configuring timing (manager.py:96)
02:17:55.635 INFO     Tokenization is disabled for this endpoint, skipping tokenizer configuration (inference_result_parser.py:66)
02:17:55.635 INFO     Configuring tokenizer(s) for dataset manager (dataset_manager.py:105)
02:17:55.642 INFO     Server metrics disabled - no Prometheus endpoints reachable (system_controller.py:453)
02:17:55.676 INFO     GPU telemetry enabled - 1/1 endpoint(s) reachable (system_controller.py:431)
02:18:01.956 INFO     Tokenizer(s) configured in 6.31 seconds (dataset_manager.py:109)
02:18:01.957 INFO     Configuring dataset for dataset_manager (dataset_manager.py:111)
02:18:02.370 INFO     Using preferred sampling strategy for single_turn: sequential (custom.py:165)
02:18:10.088 INFO     Memory-mapped backing store initialized (streaming to /tmp/aiperf_mmap_23cdcd1b-b177-41d1-b649-61f7f171c048/dataset.dat) (memory_map_utils.py:87)
02:18:10.137 INFO     Data file finalized: 12 conversations, 29.66 MB (memory_map_utils.py:144)
02:18:10.138 INFO     Index file created: /tmp/aiperf_mmap_23cdcd1b-b177-41d1-b649-61f7f171c048/index.dat (memory_map_utils.py:157)
02:18:10.139 INFO     Backing store finalized: client_type=DatasetClientStoreType.MEMORY_MAP data_file_path=PosixPath('/tmp/aiperf_mmap_23cdcd1b-b177-41d1-b649-61f7f171c048/dataset.dat') index_file_path=PosixPath('/tmp/aiperf_mmap_23cdcd1b-b177-41d1-b649-61f7f171c048/index.dat') conversation_count=12 total_size_bytes=31103990 (dataset_manager.py:319)
02:18:10.140 INFO     sampling strategy: sequential, unique conversations: 12, unique turn count: 12 (dataset_manager.py:325)
02:18:10.150 INFO     Generating inputs.json file at /global/u2/k/krajeshk/PRISM/artifacts/p4/vision_medium_1img_1024/Qwen_Qwen2.5-VL-32B-Instruct-e-pd-native-vllm_concurrency4_20260502_021517/inputs.json (dataset_manager.py:211)
02:18:10.161 INFO     Initialized 2 phase(s): ['Warmup', 'Profiling'] (phase_orchestrator.py:154)
02:18:10.377 INFO     inputs.json file generated in 0.23 seconds (dataset_manager.py:229)
02:18:10.694 INFO     Dataset client initialized and freed 12 conversations from memory (dataset_manager.py:139)
02:18:10.695 INFO     Dataset configured in 8.74 seconds (dataset_manager.py:118)
02:18:10.696 INFO     All services configured in 15.06 seconds (system_controller.py:253)
02:18:10.697 INFO     AIPerf System is CONFIGURED (system_controller.py:230)
02:18:10.701 INFO     Creating interval generator: pattern=concurrency_burst, rate=None, smoothness=None (request_rate.py:111)
02:18:10.702 NOTICE   Phase warmup started | target: 10 requests (runner.py:236)
02:18:10.703 INFO     Credit phase start: warmup (records_manager.py:369)
02:18:10.728 INFO     PyNVML initialized with 4 GPU(s) (0 with GPM support) (pynvml_collector.py:188)
02:18:10.729 INFO     All services started profiling successfully (system_controller.py:275)
02:18:10.729 INFO     AIPerf System is PROFILING (system_controller.py:232)
02:18:15.412 ERROR    Failed to process telemetry record: KeyError('sm_utilization') (records_manager.py:336)
NoneType: None
02:18:15.413 ERROR    Failed to process telemetry record: KeyError('sm_utilization') (records_manager.py:336)
NoneType: None
02:18:15.769 ERROR    Failed to process telemetry record: KeyError('sm_utilization') (records_manager.py:336)
NoneType: None
02:18:15.769 ERROR    Failed to process telemetry record: KeyError('sm_utilization') (records_manager.py:336)
NoneType: None
02:18:16.125 ERROR    Failed to process telemetry record: KeyError('sm_utilization') (records_manager.py:336)
NoneType: None
02:18:16.125 ERROR    Failed to process telemetry record: KeyError('sm_utilization') (records_manager.py:336)
NoneType: None
02:18:16.484 ERROR    Failed to process telemetry record: KeyError('sm_utilization') (records_manager.py:336)
NoneType: None
02:18:16.485 ERROR    Failed to process telemetry record: KeyError('sm_utilization') (records_manager.py:336)
NoneType: None
02:18:16.845 ERROR    Failed to process telemetry record: KeyError('sm_utilization') (records_manager.py:336)
NoneType: None
02:18:16.865 ERROR    Failed to process telemetry record: KeyError('sm_utilization') (records_manager.py:336)
NoneType: None
02:18:17.203 ERROR    Failed to process telemetry record: KeyError('sm_utilization') (records_manager.py:336)
NoneType: None
02:18:17.203 ERROR    Failed to process telemetry record: KeyError('sm_utilization') (records_manager.py:336)
NoneType: None
02:18:17.559 ERROR    Failed to process telemetry record: KeyError('sm_utilization') (records_manager.py:336)
NoneType: None
02:18:17.560 ERROR    Failed to process telemetry record: KeyError('sm_utilization') (records_manager.py:336)
NoneType: None
02:18:17.915 ERROR    Failed to process telemetry record: KeyError('sm_utilization') (records_manager.py:336)
NoneType: None
02:18:17.915 ERROR    Failed to process telemetry record: KeyError('sm_utilization') (records_manager.py:336)
NoneType: None
02:18:18.272 ERROR    Failed to process telemetry record: KeyError('sm_utilization') (records_manager.py:336)
NoneType: None
02:18:18.273 ERROR    Failed to process telemetry record: KeyError('sm_utilization') (records_manager.py:336)
NoneType: None
02:18:18.635 ERROR    Failed to process telemetry record: KeyError('sm_utilization') (records_manager.py:336)
NoneType: None
02:18:18.636 ERROR    Failed to process telemetry record: KeyError('sm_utilization') (records_manager.py:336)
NoneType: None
02:18:18.996 ERROR    Failed to process telemetry record: KeyError('sm_utilization') (records_manager.py:336)
NoneType: None
02:18:18.997 ERROR    Failed to process telemetry record: KeyError('sm_utilization') (records_manager.py:336)
NoneType: None
02:18:19.356 ERROR    Failed to process telemetry record: KeyError('sm_utilization') (records_manager.py:336)
NoneType: None
02:18:19.357 ERROR    Failed to process telemetry record: KeyError('sm_utilization') (records_manager.py:336)
NoneType: None
02:18:19.713 ERROR    Failed to process telemetry record: KeyError('sm_utilization') (records_manager.py:336)
NoneType: None
02:18:19.713 ERROR    Failed to process telemetry record: KeyError('sm_utilization') (records_manager.py:336)
NoneType: None
02:18:20.072 ERROR    Failed to process telemetry record: KeyError('sm_utilization') (records_manager.py:336)
NoneType: None
02:18:20.073 ERROR    Failed to process telemetry record: KeyError('sm_utilization') (records_manager.py:336)
NoneType: None
02:18:20.428 ERROR    Failed to process telemetry record: KeyError('sm_utilization') (records_manager.py:336)
NoneType: None
02:18:20.429 ERROR    Failed to process telemetry record: KeyError('sm_utilization') (records_manager.py:336)
NoneType: None
02:18:20.785 ERROR    Failed to process telemetry record: KeyError('sm_utilization') (records_manager.py:336)
NoneType: None
02:18:20.785 ERROR    Failed to process telemetry record: KeyError('sm_utilization') (records_manager.py:336)
NoneType: None
02:18:21.144 ERROR    Failed to process telemetry record: KeyError('sm_utilization') (records_manager.py:336)
NoneType: None
02:18:21.144 ERROR    Failed to process telemetry record: KeyError('sm_utilization') (records_manager.py:336)
NoneType: None
02:18:21.505 ERROR    Failed to process telemetry record: KeyError('sm_utilization') (records_manager.py:336)
NoneType: None
02:18:21.505 ERROR    Failed to process telemetry record: KeyError('sm_utilization') (records_manager.py:336)
NoneType: None
02:18:21.863 ERROR    Failed to process telemetry record: KeyError('sm_utilization') (records_manager.py:336)
NoneType: None
02:18:21.864 ERROR    Failed to process telemetry record: KeyError('sm_utilization') (records_manager.py:336)
NoneType: None
02:18:22.223 ERROR    Failed to process telemetry record: KeyError('sm_utilization') (records_manager.py:336)
NoneType: None
02:18:22.224 ERROR    Failed to process telemetry record: KeyError('sm_utilization') (records_manager.py:336)
NoneType: None
02:18:22.582 ERROR    Failed to process telemetry record: KeyError('sm_utilization') (records_manager.py:336)
NoneType: None
02:18:22.583 ERROR    Failed to process telemetry record: KeyError('sm_utilization') (records_manager.py:336)
NoneType: None
02:18:22.948 ERROR    Failed to process telemetry record: KeyError('sm_utilization') (records_manager.py:336)
NoneType: None
02:18:22.949 ERROR    Failed to process telemetry record: KeyError('sm_utilization') (records_manager.py:336)
NoneType: None
02:18:23.306 ERROR    Failed to process telemetry record: KeyError('sm_utilization') (records_manager.py:336)
NoneType: None
02:18:23.307 ERROR    Failed to process telemetry record: KeyError('sm_utilization') (records_manager.py:336)
NoneType: None
02:18:23.668 ERROR    Failed to process telemetry record: KeyError('sm_utilization') (records_manager.py:336)
NoneType: None
02:18:23.668 ERROR    Failed to process telemetry record: KeyError('sm_utilization') (records_manager.py:336)
NoneType: None
02:18:24.029 ERROR    Failed to process telemetry record: KeyError('sm_utilization') (records_manager.py:336)
NoneType: None
02:18:24.029 ERROR    Failed to process telemetry record: KeyError('sm_utilization') (records_manager.py:336)
NoneType: None
02:18:24.388 ERROR    Failed to process telemetry record: KeyError('sm_utilization') (records_manager.py:336)
NoneType: None
02:18:24.389 ERROR    Failed to process telemetry record: KeyError('sm_utilization') (records_manager.py:336)
NoneType: None
02:18:24.745 ERROR    Failed to process telemetry record: KeyError('sm_utilization') (records_manager.py:336)
NoneType: None
02:18:24.745 ERROR    Failed to process telemetry record: KeyError('sm_utilization') (records_manager.py:336)
NoneType: None
02:18:25.108 ERROR    Failed to process telemetry record: KeyError('sm_utilization') (records_manager.py:336)
NoneType: None
02:18:25.109 ERROR    Failed to process telemetry record: KeyError('sm_utilization') (records_manager.py:336)
NoneType: None
02:18:25.464 ERROR    Failed to process telemetry record: KeyError('sm_utilization') (records_manager.py:336)
NoneType: None
02:18:25.465 ERROR    Failed to process telemetry record: KeyError('sm_utilization') (records_manager.py:336)
NoneType: None
02:18:25.820 ERROR    Failed to process telemetry record: KeyError('sm_utilization') (records_manager.py:336)
NoneType: None
02:18:25.821 ERROR    Failed to process telemetry record: KeyError('sm_utilization') (records_manager.py:336)
NoneType: None
02:18:26.178 ERROR    Failed to process telemetry record: KeyError('sm_utilization') (records_manager.py:336)
NoneType: None
02:18:26.179 ERROR    Failed to process telemetry record: KeyError('sm_utilization') (records_manager.py:336)
NoneType: None
02:18:26.542 ERROR    Failed to process telemetry record: KeyError('sm_utilization') (records_manager.py:336)
NoneType: None
02:18:26.543 ERROR    Failed to process telemetry record: KeyError('sm_utilization') (records_manager.py:336)
NoneType: None
02:18:26.905 ERROR    Failed to process telemetry record: KeyError('sm_utilization') (records_manager.py:336)
NoneType: None
02:18:26.905 ERROR    Failed to process telemetry record: KeyError('sm_utilization') (records_manager.py:336)
NoneType: None
02:18:27.271 ERROR    Failed to process telemetry record: KeyError('sm_utilization') (records_manager.py:336)
NoneType: None
02:18:27.271 ERROR    Failed to process telemetry record: KeyError('sm_utilization') (records_manager.py:336)
NoneType: None
02:18:27.630 ERROR    Failed to process telemetry record: KeyError('sm_utilization') (records_manager.py:336)
NoneType: None
02:18:27.631 ERROR    Failed to process telemetry record: KeyError('sm_utilization') (records_manager.py:336)
NoneType: None
02:18:27.987 ERROR    Failed to process telemetry record: KeyError('sm_utilization') (records_manager.py:336)
NoneType: None
02:18:27.988 ERROR    Failed to process telemetry record: KeyError('sm_utilization') (records_manager.py:336)
NoneType: None
02:18:28.350 ERROR    Failed to process telemetry record: KeyError('sm_utilization') (records_manager.py:336)
NoneType: None
02:18:28.351 ERROR    Failed to process telemetry record: KeyError('sm_utilization') (records_manager.py:336)
NoneType: None
02:18:28.710 ERROR    Failed to process telemetry record: KeyError('sm_utilization') (records_manager.py:336)
NoneType: None
02:18:28.711 ERROR    Failed to process telemetry record: KeyError('sm_utilization') (records_manager.py:336)
NoneType: None
02:18:29.066 ERROR    Failed to process telemetry record: KeyError('sm_utilization') (records_manager.py:336)
NoneType: None
02:18:29.067 ERROR    Failed to process telemetry record: KeyError('sm_utilization') (records_manager.py:336)
NoneType: None
02:18:29.423 ERROR    Failed to process telemetry record: KeyError('sm_utilization') (records_manager.py:336)
NoneType: None
02:18:29.423 ERROR    Failed to process telemetry record: KeyError('sm_utilization') (records_manager.py:336)
NoneType: None
02:18:29.780 ERROR    Failed to process telemetry record: KeyError('sm_utilization') (records_manager.py:336)
NoneType: None
02:18:29.781 ERROR    Failed to process telemetry record: KeyError('sm_utilization') (records_manager.py:336)
NoneType: None
02:18:30.142 ERROR    Failed to process telemetry record: KeyError('sm_utilization') (records_manager.py:336)
NoneType: None
02:18:30.143 ERROR    Failed to process telemetry record: KeyError('sm_utilization') (records_manager.py:336)
NoneType: None
02:18:30.504 ERROR    Failed to process telemetry record: KeyError('sm_utilization') (records_manager.py:336)
NoneType: None
02:18:30.505 ERROR    Failed to process telemetry record: KeyError('sm_utilization') (records_manager.py:336)
NoneType: None
02:18:30.866 ERROR    Failed to process telemetry record: KeyError('sm_utilization') (records_manager.py:336)
NoneType: None
02:18:30.867 ERROR    Failed to process telemetry record: KeyError('sm_utilization') (records_manager.py:336)
NoneType: None
02:18:31.223 ERROR    Failed to process telemetry record: KeyError('sm_utilization') (records_manager.py:336)
NoneType: None
02:18:31.224 ERROR    Failed to process telemetry record: KeyError('sm_utilization') (records_manager.py:336)
NoneType: None
02:18:31.581 ERROR    Failed to process telemetry record: KeyError('sm_utilization') (records_manager.py:336)
NoneType: None
02:18:31.594 ERROR    Failed to process telemetry record: KeyError('sm_utilization') (records_manager.py:336)
NoneType: None
02:18:31.941 ERROR    Failed to process telemetry record: KeyError('sm_utilization') (records_manager.py:336)
NoneType: None
02:18:31.941 ERROR    Failed to process telemetry record: KeyError('sm_utilization') (records_manager.py:336)
NoneType: None
02:18:32.299 ERROR    Failed to process telemetry record: KeyError('sm_utilization') (records_manager.py:336)
NoneType: None
02:18:32.300 ERROR    Failed to process telemetry record: KeyError('sm_utilization') (records_manager.py:336)
NoneType: None
02:18:32.663 ERROR    Failed to process telemetry record: KeyError('sm_utilization') (records_manager.py:336)
NoneType: None
02:18:32.664 ERROR    Failed to process telemetry record: KeyError('sm_utilization') (records_manager.py:336)
NoneType: None
02:18:33.031 ERROR    Failed to process telemetry record: KeyError('sm_utilization') (records_manager.py:336)
NoneType: None
02:18:33.032 ERROR    Failed to process telemetry record: KeyError('sm_utilization') (records_manager.py:336)
NoneType: None
02:18:33.388 ERROR    Failed to process telemetry record: KeyError('sm_utilization') (records_manager.py:336)
NoneType: None
02:18:33.389 ERROR    Failed to process telemetry record: KeyError('sm_utilization') (records_manager.py:336)
NoneType: None
02:18:33.744 ERROR    Failed to process telemetry record: KeyError('sm_utilization') (records_manager.py:336)
NoneType: None
02:18:33.745 ERROR    Failed to process telemetry record: KeyError('sm_utilization') (records_manager.py:336)
NoneType: None
02:18:34.101 ERROR    Failed to process telemetry record: KeyError('sm_utilization') (records_manager.py:336)
NoneType: None
02:18:34.102 ERROR    Failed to process telemetry record: KeyError('sm_utilization') (records_manager.py:336)
NoneType: None
02:18:34.463 ERROR    Failed to process telemetry record: KeyError('sm_utilization') (records_manager.py:336)
NoneType: None
02:18:34.464 ERROR    Failed to process telemetry record: KeyError('sm_utilization') (records_manager.py:336)
NoneType: None
02:18:34.823 ERROR    Failed to process telemetry record: KeyError('sm_utilization') (records_manager.py:336)
NoneType: None
02:18:34.824 ERROR    Failed to process telemetry record: KeyError('sm_utilization') (records_manager.py:336)
NoneType: None
02:18:35.180 ERROR    Failed to process telemetry record: KeyError('sm_utilization') (records_manager.py:336)
NoneType: None
02:18:35.181 ERROR    Failed to process telemetry record: KeyError('sm_utilization') (records_manager.py:336)
NoneType: None
02:18:35.540 ERROR    Failed to process telemetry record: KeyError('sm_utilization') (records_manager.py:336)
NoneType: None
02:18:35.541 ERROR    Failed to process telemetry record: KeyError('sm_utilization') (records_manager.py:336)
NoneType: None
02:18:35.906 ERROR    Failed to process telemetry record: KeyError('sm_utilization') (records_manager.py:336)
NoneType: None
02:18:35.907 ERROR    Failed to process telemetry record: KeyError('sm_utilization') (records_manager.py:336)
NoneType: None
02:18:36.266 ERROR    Failed to process telemetry record: KeyError('sm_utilization') (records_manager.py:336)
NoneType: None
02:18:36.267 ERROR    Failed to process telemetry record: KeyError('sm_utilization') (records_manager.py:336)
NoneType: None
02:18:36.623 ERROR    Failed to process telemetry record: KeyError('sm_utilization') (records_manager.py:336)
NoneType: None
02:18:36.623 ERROR    Failed to process telemetry record: KeyError('sm_utilization') (records_manager.py:336)
NoneType: None
02:18:36.982 ERROR    Failed to process telemetry record: KeyError('sm_utilization') (records_manager.py:336)
NoneType: None
02:18:36.982 ERROR    Failed to process telemetry record: KeyError('sm_utilization') (records_manager.py:336)
NoneType: None
02:18:37.347 ERROR    Failed to process telemetry record: KeyError('sm_utilization') (records_manager.py:336)
NoneType: None
02:18:37.350 ERROR    Failed to process telemetry record: KeyError('sm_utilization') (records_manager.py:336)
NoneType: None
02:18:37.708 ERROR    Failed to process telemetry record: KeyError('sm_utilization') (records_manager.py:336)
NoneType: None
02:18:37.709 ERROR    Failed to process telemetry record: KeyError('sm_utilization') (records_manager.py:336)
NoneType: None
02:18:38.064 ERROR    Failed to process telemetry record: KeyError('sm_utilization') (records_manager.py:336)
NoneType: None
02:18:38.065 ERROR    Failed to process telemetry record: KeyError('sm_utilization') (records_manager.py:336)
NoneType: None
02:18:38.423 ERROR    Failed to process telemetry record: KeyError('sm_utilization') (records_manager.py:336)
NoneType: None
02:18:38.424 ERROR    Failed to process telemetry record: KeyError('sm_utilization') (records_manager.py:336)
NoneType: None
02:18:38.784 ERROR    Failed to process telemetry record: KeyError('sm_utilization') (records_manager.py:336)
NoneType: None
02:18:38.785 ERROR    Failed to process telemetry record: KeyError('sm_utilization') (records_manager.py:336)
NoneType: None
02:18:39.144 ERROR    Failed to process telemetry record: KeyError('sm_utilization') (records_manager.py:336)
NoneType: None
02:18:39.145 ERROR    Failed to process telemetry record: KeyError('sm_utilization') (records_manager.py:336)
NoneType: None
02:18:39.501 ERROR    Failed to process telemetry record: KeyError('sm_utilization') (records_manager.py:336)
NoneType: None
02:18:39.502 ERROR    Failed to process telemetry record: KeyError('sm_utilization') (records_manager.py:336)
NoneType: None
02:18:39.866 ERROR    Failed to process telemetry record: KeyError('sm_utilization') (records_manager.py:336)
NoneType: None
02:18:39.866 ERROR    Failed to process telemetry record: KeyError('sm_utilization') (records_manager.py:336)
NoneType: None
02:18:40.224 ERROR    Failed to process telemetry record: KeyError('sm_utilization') (records_manager.py:336)
NoneType: None
02:18:40.224 ERROR    Failed to process telemetry record: KeyError('sm_utilization') (records_manager.py:336)
NoneType: None
02:18:40.582 ERROR    Failed to process telemetry record: KeyError('sm_utilization') (records_manager.py:336)
NoneType: None
02:18:40.583 ERROR    Failed to process telemetry record: KeyError('sm_utilization') (records_manager.py:336)
NoneType: None
02:18:40.942 ERROR    Failed to process telemetry record: KeyError('sm_utilization') (records_manager.py:336)
NoneType: None
02:18:40.943 ERROR    Failed to process telemetry record: KeyError('sm_utilization') (records_manager.py:336)
NoneType: None
02:18:41.302 ERROR    Failed to process telemetry record: KeyError('sm_utilization') (records_manager.py:336)
NoneType: None
02:18:41.303 ERROR    Failed to process telemetry record: KeyError('sm_utilization') (records_manager.py:336)
NoneType: None
02:18:41.662 ERROR    Failed to process telemetry record: KeyError('sm_utilization') (records_manager.py:336)
NoneType: None
02:18:41.664 ERROR    Failed to process telemetry record: KeyError('sm_utilization') (records_manager.py:336)
NoneType: None
02:18:42.024 ERROR    Failed to process telemetry record: KeyError('sm_utilization') (records_manager.py:336)
NoneType: None
02:18:42.024 ERROR    Failed to process telemetry record: KeyError('sm_utilization') (records_manager.py:336)
NoneType: None
02:18:42.390 ERROR    Failed to process telemetry record: KeyError('sm_utilization') (records_manager.py:336)
NoneType: None
02:18:42.390 ERROR    Failed to process telemetry record: KeyError('sm_utilization') (records_manager.py:336)
NoneType: None
02:18:42.753 ERROR    Failed to process telemetry record: KeyError('sm_utilization') (records_manager.py:336)
NoneType: None
02:18:42.753 ERROR    Failed to process telemetry record: KeyError('sm_utilization') (records_manager.py:336)
NoneType: None
02:18:43.115 ERROR    Failed to process telemetry record: KeyError('sm_utilization') (records_manager.py:336)
NoneType: None
02:18:43.117 ERROR    Failed to process telemetry record: KeyError('sm_utilization') (records_manager.py:336)
NoneType: None
02:18:43.475 ERROR    Failed to process telemetry record: KeyError('sm_utilization') (records_manager.py:336)
NoneType: None
02:18:43.475 ERROR    Failed to process telemetry record: KeyError('sm_utilization') (records_manager.py:336)
NoneType: None
02:18:43.830 ERROR    Failed to process telemetry record: KeyError('sm_utilization') (records_manager.py:336)
NoneType: None
02:18:43.831 ERROR    Failed to process telemetry record: KeyError('sm_utilization') (records_manager.py:336)
NoneType: None
02:18:44.191 ERROR    Failed to process telemetry record: KeyError('sm_utilization') (records_manager.py:336)
NoneType: None
02:18:44.192 ERROR    Failed to process telemetry record: KeyError('sm_utilization') (records_manager.py:336)
NoneType: None
02:18:44.551 ERROR    Failed to process telemetry record: KeyError('sm_utilization') (records_manager.py:336)
NoneType: None
02:18:44.552 ERROR    Failed to process telemetry record: KeyError('sm_utilization') (records_manager.py:336)
NoneType: None
02:18:44.910 ERROR    Failed to process telemetry record: KeyError('sm_utilization') (records_manager.py:336)
NoneType: None
02:18:44.911 ERROR    Failed to process telemetry record: KeyError('sm_utilization') (records_manager.py:336)
NoneType: None
02:18:45.266 ERROR    Failed to process telemetry record: KeyError('sm_utilization') (records_manager.py:336)
NoneType: None
02:18:45.267 ERROR    Failed to process telemetry record: KeyError('sm_utilization') (records_manager.py:336)
NoneType: None
02:18:45.625 ERROR    Failed to process telemetry record: KeyError('sm_utilization') (records_manager.py:336)
NoneType: None
02:18:45.626 ERROR    Failed to process telemetry record: KeyError('sm_utilization') (records_manager.py:336)
NoneType: None
02:18:45.985 ERROR    Failed to process telemetry record: KeyError('sm_utilization') (records_manager.py:336)
NoneType: None
02:18:45.987 ERROR    Failed to process telemetry record: KeyError('sm_utilization') (records_manager.py:336)
NoneType: None
02:18:46.344 ERROR    Failed to process telemetry record: KeyError('sm_utilization') (records_manager.py:336)
NoneType: None
02:18:46.344 ERROR    Failed to process telemetry record: KeyError('sm_utilization') (records_manager.py:336)
NoneType: None
02:18:46.705 ERROR    Failed to process telemetry record: KeyError('sm_utilization') (records_manager.py:336)
NoneType: None
02:18:46.711 ERROR    Failed to process telemetry record: KeyError('sm_utilization') (records_manager.py:336)
NoneType: None
02:18:47.070 ERROR    Failed to process telemetry record: KeyError('sm_utilization') (records_manager.py:336)
NoneType: None
02:18:47.072 ERROR    Failed to process telemetry record: KeyError('sm_utilization') (records_manager.py:336)
NoneType: None
02:18:47.429 ERROR    Failed to process telemetry record: KeyError('sm_utilization') (records_manager.py:336)
NoneType: None
02:18:47.430 ERROR    Failed to process telemetry record: KeyError('sm_utilization') (records_manager.py:336)
NoneType: None
02:18:47.787 ERROR    Failed to process telemetry record: KeyError('sm_utilization') (records_manager.py:336)
NoneType: None
02:18:47.787 ERROR    Failed to process telemetry record: KeyError('sm_utilization') (records_manager.py:336)
NoneType: None
02:18:48.143 ERROR    Failed to process telemetry record: KeyError('sm_utilization') (records_manager.py:336)
NoneType: None
02:18:48.144 ERROR    Failed to process telemetry record: KeyError('sm_utilization') (records_manager.py:336)
NoneType: None
02:18:48.503 ERROR    Failed to process telemetry record: KeyError('sm_utilization') (records_manager.py:336)
NoneType: None
02:18:48.504 ERROR    Failed to process telemetry record: KeyError('sm_utilization') (records_manager.py:336)
NoneType: None
02:18:48.864 ERROR    Failed to process telemetry record: KeyError('sm_utilization') (records_manager.py:336)
NoneType: None
02:18:48.865 ERROR    Failed to process telemetry record: KeyError('sm_utilization') (records_manager.py:336)
NoneType: None
02:18:49.221 ERROR    Failed to process telemetry record: KeyError('sm_utilization') (records_manager.py:336)
NoneType: None
02:18:49.222 ERROR    Failed to process telemetry record: KeyError('sm_utilization') (records_manager.py:336)
NoneType: None
02:18:49.582 ERROR    Failed to process telemetry record: KeyError('sm_utilization') (records_manager.py:336)
NoneType: None
02:18:49.583 ERROR    Failed to process telemetry record: KeyError('sm_utilization') (records_manager.py:336)
NoneType: None
02:18:49.939 ERROR    Failed to process telemetry record: KeyError('sm_utilization') (records_manager.py:336)
NoneType: None
02:18:49.940 ERROR    Failed to process telemetry record: KeyError('sm_utilization') (records_manager.py:336)
NoneType: None
02:18:50.294 ERROR    Failed to process telemetry record: KeyError('sm_utilization') (records_manager.py:336)
NoneType: None
02:18:50.295 ERROR    Failed to process telemetry record: KeyError('sm_utilization') (records_manager.py:336)
NoneType: None
02:18:50.659 ERROR    Failed to process telemetry record: KeyError('sm_utilization') (records_manager.py:336)
NoneType: None
02:18:50.659 ERROR    Failed to process telemetry record: KeyError('sm_utilization') (records_manager.py:336)
NoneType: None
02:18:51.021 ERROR    Failed to process telemetry record: KeyError('sm_utilization') (records_manager.py:336)
NoneType: None
02:18:51.022 ERROR    Failed to process telemetry record: KeyError('sm_utilization') (records_manager.py:336)
NoneType: None
02:18:51.377 ERROR    Failed to process telemetry record: KeyError('sm_utilization') (records_manager.py:336)
NoneType: None
02:18:51.378 ERROR    Failed to process telemetry record: KeyError('sm_utilization') (records_manager.py:336)
NoneType: None
02:18:51.738 ERROR    Failed to process telemetry record: KeyError('sm_utilization') (records_manager.py:336)
NoneType: None
02:18:51.738 ERROR    Failed to process telemetry record: KeyError('sm_utilization') (records_manager.py:336)
NoneType: None
02:18:52.108 ERROR    Failed to process telemetry record: KeyError('sm_utilization') (records_manager.py:336)
NoneType: None
02:18:52.108 ERROR    Failed to process telemetry record: KeyError('sm_utilization') (records_manager.py:336)
NoneType: None
02:18:52.466 ERROR    Failed to process telemetry record: KeyError('sm_utilization') (records_manager.py:336)
NoneType: None
02:18:52.467 ERROR    Failed to process telemetry record: KeyError('sm_utilization') (records_manager.py:336)
NoneType: None
02:18:52.825 ERROR    Failed to process telemetry record: KeyError('sm_utilization') (records_manager.py:336)
NoneType: None
02:18:52.826 ERROR    Failed to process telemetry record: KeyError('sm_utilization') (records_manager.py:336)
NoneType: None
02:18:53.185 ERROR    Failed to process telemetry record: KeyError('sm_utilization') (records_manager.py:336)
NoneType: None
02:18:53.186 ERROR    Failed to process telemetry record: KeyError('sm_utilization') (records_manager.py:336)
NoneType: None
02:18:53.543 ERROR    Failed to process telemetry record: KeyError('sm_utilization') (records_manager.py:336)
NoneType: None
02:18:53.548 ERROR    Failed to process telemetry record: KeyError('sm_utilization') (records_manager.py:336)
NoneType: None
02:18:53.903 ERROR    Failed to process telemetry record: KeyError('sm_utilization') (records_manager.py:336)
NoneType: None
02:18:53.903 ERROR    Failed to process telemetry record: KeyError('sm_utilization') (records_manager.py:336)
NoneType: None
02:18:54.265 ERROR    Failed to process telemetry record: KeyError('sm_utilization') (records_manager.py:336)
NoneType: None
02:18:54.266 ERROR    Failed to process telemetry record: KeyError('sm_utilization') (records_manager.py:336)
NoneType: None
02:18:54.624 ERROR    Failed to process telemetry record: KeyError('sm_utilization') (records_manager.py:336)
NoneType: None
02:18:54.625 ERROR    Failed to process telemetry record: KeyError('sm_utilization') (records_manager.py:336)
NoneType: None
02:18:54.981 ERROR    Failed to process telemetry record: KeyError('sm_utilization') (records_manager.py:336)
NoneType: None
02:18:54.986 ERROR    Failed to process telemetry record: KeyError('sm_utilization') (records_manager.py:336)
NoneType: None
02:18:55.339 ERROR    Failed to process telemetry record: KeyError('sm_utilization') (records_manager.py:336)
NoneType: None
02:18:55.339 ERROR    Failed to process telemetry record: KeyError('sm_utilization') (records_manager.py:336)
NoneType: None
02:18:55.695 ERROR    Failed to process telemetry record: KeyError('sm_utilization') (records_manager.py:336)
NoneType: None
02:18:55.696 ERROR    Failed to process telemetry record: KeyError('sm_utilization') (records_manager.py:336)
NoneType: None
02:18:56.065 ERROR    Failed to process telemetry record: KeyError('sm_utilization') (records_manager.py:336)
NoneType: None
02:18:56.067 ERROR    Failed to process telemetry record: KeyError('sm_utilization') (records_manager.py:336)
NoneType: None
02:18:56.428 ERROR    Failed to process telemetry record: KeyError('sm_utilization') (records_manager.py:336)
NoneType: None
02:18:56.430 ERROR    Failed to process telemetry record: KeyError('sm_utilization') (records_manager.py:336)
NoneType: None
02:18:56.795 ERROR    Failed to process telemetry record: KeyError('sm_utilization') (records_manager.py:336)
NoneType: None
02:18:56.796 ERROR    Failed to process telemetry record: KeyError('sm_utilization') (records_manager.py:336)
NoneType: None
02:18:57.159 ERROR    Failed to process telemetry record: KeyError('sm_utilization') (records_manager.py:336)
NoneType: None
02:18:57.160 ERROR    Failed to process telemetry record: KeyError('sm_utilization') (records_manager.py:336)
NoneType: None
02:18:57.521 ERROR    Failed to process telemetry record: KeyError('sm_utilization') (records_manager.py:336)
NoneType: None
02:18:57.521 ERROR    Failed to process telemetry record: KeyError('sm_utilization') (records_manager.py:336)
NoneType: None
02:18:57.877 ERROR    Failed to process telemetry record: KeyError('sm_utilization') (records_manager.py:336)
NoneType: None
02:18:57.878 ERROR    Failed to process telemetry record: KeyError('sm_utilization') (records_manager.py:336)
NoneType: None
02:18:58.235 ERROR    Failed to process telemetry record: KeyError('sm_utilization') (records_manager.py:336)
NoneType: None
02:18:58.236 ERROR    Failed to process telemetry record: KeyError('sm_utilization') (records_manager.py:336)
NoneType: None
02:18:58.590 ERROR    Failed to process telemetry record: KeyError('sm_utilization') (records_manager.py:336)
NoneType: None
02:18:58.591 ERROR    Failed to process telemetry record: KeyError('sm_utilization') (records_manager.py:336)
NoneType: None
02:18:58.953 ERROR    Failed to process telemetry record: KeyError('sm_utilization') (records_manager.py:336)
NoneType: None
02:18:58.954 ERROR    Failed to process telemetry record: KeyError('sm_utilization') (records_manager.py:336)
NoneType: None
02:18:59.312 ERROR    Failed to process telemetry record: KeyError('sm_utilization') (records_manager.py:336)
NoneType: None
02:18:59.312 ERROR    Failed to process telemetry record: KeyError('sm_utilization') (records_manager.py:336)
NoneType: None
02:18:59.672 ERROR    Failed to process telemetry record: KeyError('sm_utilization') (records_manager.py:336)
NoneType: None
02:18:59.673 ERROR    Failed to process telemetry record: KeyError('sm_utilization') (records_manager.py:336)
NoneType: None
02:19:00.033 ERROR    Failed to process telemetry record: KeyError('sm_utilization') (records_manager.py:336)
NoneType: None
02:19:00.034 ERROR    Failed to process telemetry record: KeyError('sm_utilization') (records_manager.py:336)
NoneType: None
02:19:00.389 ERROR    Failed to process telemetry record: KeyError('sm_utilization') (records_manager.py:336)
NoneType: None
02:19:00.390 ERROR    Failed to process telemetry record: KeyError('sm_utilization') (records_manager.py:336)
NoneType: None
02:19:00.745 ERROR    Failed to process telemetry record: KeyError('sm_utilization') (records_manager.py:336)
NoneType: None
02:19:00.746 ERROR    Failed to process telemetry record: KeyError('sm_utilization') (records_manager.py:336)
NoneType: None
02:19:01.113 ERROR    Failed to process telemetry record: KeyError('sm_utilization') (records_manager.py:336)
NoneType: None
02:19:01.113 ERROR    Failed to process telemetry record: KeyError('sm_utilization') (records_manager.py:336)
NoneType: None
02:19:01.469 ERROR    Failed to process telemetry record: KeyError('sm_utilization') (records_manager.py:336)
NoneType: None
02:19:01.470 ERROR    Failed to process telemetry record: KeyError('sm_utilization') (records_manager.py:336)
NoneType: None
02:19:01.827 ERROR    Failed to process telemetry record: KeyError('sm_utilization') (records_manager.py:336)
NoneType: None
02:19:01.828 ERROR    Failed to process telemetry record: KeyError('sm_utilization') (records_manager.py:336)
NoneType: None
02:19:02.183 ERROR    Failed to process telemetry record: KeyError('sm_utilization') (records_manager.py:336)
NoneType: None
02:19:02.184 ERROR    Failed to process telemetry record: KeyError('sm_utilization') (records_manager.py:336)
NoneType: None
02:19:02.542 ERROR    Failed to process telemetry record: KeyError('sm_utilization') (records_manager.py:336)
NoneType: None
02:19:02.543 ERROR    Failed to process telemetry record: KeyError('sm_utilization') (records_manager.py:336)
NoneType: None
02:19:02.933 ERROR    Failed to process telemetry record: KeyError('sm_utilization') (records_manager.py:336)
NoneType: None
02:19:02.933 ERROR    Failed to process telemetry record: KeyError('sm_utilization') (records_manager.py:336)
NoneType: None
02:19:03.296 ERROR    Failed to process telemetry record: KeyError('sm_utilization') (records_manager.py:336)
NoneType: None
02:19:03.296 ERROR    Failed to process telemetry record: KeyError('sm_utilization') (records_manager.py:336)
NoneType: None
02:19:03.657 ERROR    Failed to process telemetry record: KeyError('sm_utilization') (records_manager.py:336)
NoneType: None
02:19:03.658 ERROR    Failed to process telemetry record: KeyError('sm_utilization') (records_manager.py:336)
NoneType: None
02:19:04.018 ERROR    Failed to process telemetry record: KeyError('sm_utilization') (records_manager.py:336)
NoneType: None
02:19:04.019 ERROR    Failed to process telemetry record: KeyError('sm_utilization') (records_manager.py:336)
NoneType: None
02:19:04.378 ERROR    Failed to process telemetry record: KeyError('sm_utilization') (records_manager.py:336)
NoneType: None
02:19:04.379 ERROR    Failed to process telemetry record: KeyError('sm_utilization') (records_manager.py:336)
NoneType: None
02:19:04.739 ERROR    Failed to process telemetry record: KeyError('sm_utilization') (records_manager.py:336)
NoneType: None
02:19:04.740 ERROR    Failed to process telemetry record: KeyError('sm_utilization') (records_manager.py:336)
NoneType: None
02:19:05.096 ERROR    Failed to process telemetry record: KeyError('sm_utilization') (records_manager.py:336)
NoneType: None
02:19:05.096 ERROR    Failed to process telemetry record: KeyError('sm_utilization') (records_manager.py:336)
NoneType: None
02:19:05.453 ERROR    Failed to process telemetry record: KeyError('sm_utilization') (records_manager.py:336)
NoneType: None
02:19:05.454 ERROR    Failed to process telemetry record: KeyError('sm_utilization') (records_manager.py:336)
NoneType: None
02:19:05.816 ERROR    Failed to process telemetry record: KeyError('sm_utilization') (records_manager.py:336)
NoneType: None
02:19:05.817 ERROR    Failed to process telemetry record: KeyError('sm_utilization') (records_manager.py:336)
NoneType: None
02:19:06.173 ERROR    Failed to process telemetry record: KeyError('sm_utilization') (records_manager.py:336)
NoneType: None
02:19:06.174 ERROR    Failed to process telemetry record: KeyError('sm_utilization') (records_manager.py:336)
NoneType: None
02:19:06.540 ERROR    Failed to process telemetry record: KeyError('sm_utilization') (records_manager.py:336)
NoneType: None
02:19:06.540 ERROR    Failed to process telemetry record: KeyError('sm_utilization') (records_manager.py:336)
NoneType: None
02:19:06.901 ERROR    Failed to process telemetry record: KeyError('sm_utilization') (records_manager.py:336)
NoneType: None
02:19:06.901 ERROR    Failed to process telemetry record: KeyError('sm_utilization') (records_manager.py:336)
NoneType: None
02:19:07.261 ERROR    Failed to process telemetry record: KeyError('sm_utilization') (records_manager.py:336)
NoneType: None
02:19:07.262 ERROR    Failed to process telemetry record: KeyError('sm_utilization') (records_manager.py:336)
NoneType: None
02:19:07.624 ERROR    Failed to process telemetry record: KeyError('sm_utilization') (records_manager.py:336)
NoneType: None
02:19:07.625 ERROR    Failed to process telemetry record: KeyError('sm_utilization') (records_manager.py:336)
NoneType: None
02:19:07.984 ERROR    Failed to process telemetry record: KeyError('sm_utilization') (records_manager.py:336)
NoneType: None
02:19:07.984 ERROR    Failed to process telemetry record: KeyError('sm_utilization') (records_manager.py:336)
NoneType: None
02:19:08.340 ERROR    Failed to process telemetry record: KeyError('sm_utilization') (records_manager.py:336)
NoneType: None
02:19:08.341 ERROR    Failed to process telemetry record: KeyError('sm_utilization') (records_manager.py:336)
NoneType: None
02:19:08.697 ERROR    Failed to process telemetry record: KeyError('sm_utilization') (records_manager.py:336)
NoneType: None
02:19:08.698 ERROR    Failed to process telemetry record: KeyError('sm_utilization') (records_manager.py:336)
NoneType: None
02:19:09.054 ERROR    Failed to process telemetry record: KeyError('sm_utilization') (records_manager.py:336)
NoneType: None
02:19:09.058 ERROR    Failed to process telemetry record: KeyError('sm_utilization') (records_manager.py:336)
NoneType: None
02:19:09.417 ERROR    Failed to process telemetry record: KeyError('sm_utilization') (records_manager.py:336)
NoneType: None
02:19:09.418 ERROR    Failed to process telemetry record: KeyError('sm_utilization') (records_manager.py:336)
NoneType: None
02:19:09.773 ERROR    Failed to process telemetry record: KeyError('sm_utilization') (records_manager.py:336)
NoneType: None
02:19:09.774 ERROR    Failed to process telemetry record: KeyError('sm_utilization') (records_manager.py:336)
NoneType: None
02:19:10.135 ERROR    Failed to process telemetry record: KeyError('sm_utilization') (records_manager.py:336)
NoneType: None
02:19:10.135 ERROR    Failed to process telemetry record: KeyError('sm_utilization') (records_manager.py:336)
NoneType: None
02:19:10.495 ERROR    Failed to process telemetry record: KeyError('sm_utilization') (records_manager.py:336)
NoneType: None
02:19:10.513 ERROR    Failed to process telemetry record: KeyError('sm_utilization') (records_manager.py:336)
NoneType: None
02:19:10.859 ERROR    Failed to process telemetry record: KeyError('sm_utilization') (records_manager.py:336)
NoneType: None
02:19:10.860 ERROR    Failed to process telemetry record: KeyError('sm_utilization') (records_manager.py:336)
NoneType: None
02:19:11.230 ERROR    Failed to process telemetry record: KeyError('sm_utilization') (records_manager.py:336)
NoneType: None
02:19:11.231 ERROR    Failed to process telemetry record: KeyError('sm_utilization') (records_manager.py:336)
NoneType: None
02:19:11.591 ERROR    Failed to process telemetry record: KeyError('sm_utilization') (records_manager.py:336)
NoneType: None
02:19:11.592 ERROR    Failed to process telemetry record: KeyError('sm_utilization') (records_manager.py:336)
NoneType: None
/pscratch/sd/k/krajeshk/PRISM_env/venvs/vllm-env/lib/python3.12/site-packages/pydantic/main.py:475: UserWarning: Pydantic serializer warnings:
  PydanticSerializationUnexpectedValue(Expected `enum` - serialized value may not be as expected [field_name='transport', input_value='http', input_type=str])
  return self.__pydantic_serializer__.to_python(
02:19:11.949 ERROR    Failed to process telemetry record: KeyError('sm_utilization') (records_manager.py:336)
NoneType: None
02:19:11.950 ERROR    Failed to process telemetry record: KeyError('sm_utilization') (records_manager.py:336)
NoneType: None
02:19:12.313 ERROR    Failed to process telemetry record: KeyError('sm_utilization') (records_manager.py:336)
NoneType: None
02:19:12.314 ERROR    Failed to process telemetry record: KeyError('sm_utilization') (records_manager.py:336)
NoneType: None
02:19:12.673 ERROR    Failed to process telemetry record: KeyError('sm_utilization') (records_manager.py:336)
NoneType: None
02:19:12.673 ERROR    Failed to process telemetry record: KeyError('sm_utilization') (records_manager.py:336)
NoneType: None
02:19:13.030 ERROR    Failed to process telemetry record: KeyError('sm_utilization') (records_manager.py:336)
NoneType: None
02:19:13.031 ERROR    Failed to process telemetry record: KeyError('sm_utilization') (records_manager.py:336)
NoneType: None
02:19:13.387 ERROR    Failed to process telemetry record: KeyError('sm_utilization') (records_manager.py:336)
NoneType: None
02:19:13.388 ERROR    Failed to process telemetry record: KeyError('sm_utilization') (records_manager.py:336)
NoneType: None
02:19:13.747 ERROR    Failed to process telemetry record: KeyError('sm_utilization') (records_manager.py:336)
NoneType: None
02:19:13.748 ERROR    Failed to process telemetry record: KeyError('sm_utilization') (records_manager.py:336)
NoneType: None
02:19:14.107 ERROR    Failed to process telemetry record: KeyError('sm_utilization') (records_manager.py:336)
NoneType: None
02:19:14.108 ERROR    Failed to process telemetry record: KeyError('sm_utilization') (records_manager.py:336)
NoneType: None
02:19:14.471 ERROR    Failed to process telemetry record: KeyError('sm_utilization') (records_manager.py:336)
NoneType: None
02:19:14.471 ERROR    Failed to process telemetry record: KeyError('sm_utilization') (records_manager.py:336)
NoneType: None
02:19:14.828 ERROR    Failed to process telemetry record: KeyError('sm_utilization') (records_manager.py:336)
NoneType: None
02:19:14.829 ERROR    Failed to process telemetry record: KeyError('sm_utilization') (records_manager.py:336)
NoneType: None
02:19:15.190 ERROR    Failed to process telemetry record: KeyError('sm_utilization') (records_manager.py:336)
NoneType: None
02:19:15.191 ERROR    Failed to process telemetry record: KeyError('sm_utilization') (records_manager.py:336)
NoneType: None
02:19:15.549 ERROR    Failed to process telemetry record: KeyError('sm_utilization') (records_manager.py:336)
NoneType: None
02:19:15.552 ERROR    Failed to process telemetry record: KeyError('sm_utilization') (records_manager.py:336)
NoneType: None
02:19:15.907 ERROR    Failed to process telemetry record: KeyError('sm_utilization') (records_manager.py:336)
NoneType: None
02:19:15.907 ERROR    Failed to process telemetry record: KeyError('sm_utilization') (records_manager.py:336)
NoneType: None
02:19:16.268 ERROR    Failed to process telemetry record: KeyError('sm_utilization') (records_manager.py:336)
NoneType: None
02:19:16.292 ERROR    Failed to process telemetry record: KeyError('sm_utilization') (records_manager.py:336)
NoneType: None
02:19:16.626 ERROR    Failed to process telemetry record: KeyError('sm_utilization') (records_manager.py:336)
NoneType: None
02:19:16.628 ERROR    Failed to process telemetry record: KeyError('sm_utilization') (records_manager.py:336)
NoneType: None
02:19:16.982 ERROR    Failed to process telemetry record: KeyError('sm_utilization') (records_manager.py:336)
NoneType: None
02:19:16.983 ERROR    Failed to process telemetry record: KeyError('sm_utilization') (records_manager.py:336)
NoneType: None
02:19:17.339 ERROR    Failed to process telemetry record: KeyError('sm_utilization') (records_manager.py:336)
NoneType: None
02:19:17.340 ERROR    Failed to process telemetry record: KeyError('sm_utilization') (records_manager.py:336)
NoneType: None
02:19:17.695 ERROR    Failed to process telemetry record: KeyError('sm_utilization') (records_manager.py:336)
NoneType: None
02:19:17.701 ERROR    Failed to process telemetry record: KeyError('sm_utilization') (records_manager.py:336)
NoneType: None
02:19:18.053 ERROR    Failed to process telemetry record: KeyError('sm_utilization') (records_manager.py:336)
NoneType: None
02:19:18.054 ERROR    Failed to process telemetry record: KeyError('sm_utilization') (records_manager.py:336)
NoneType: None
02:19:18.416 ERROR    Failed to process telemetry record: KeyError('sm_utilization') (records_manager.py:336)
NoneType: None
02:19:18.416 ERROR    Failed to process telemetry record: KeyError('sm_utilization') (records_manager.py:336)
NoneType: None
02:19:18.781 ERROR    Failed to process telemetry record: KeyError('sm_utilization') (records_manager.py:336)
NoneType: None
02:19:18.789 ERROR    Failed to process telemetry record: KeyError('sm_utilization') (records_manager.py:336)
NoneType: None
02:19:19.145 ERROR    Failed to process telemetry record: KeyError('sm_utilization') (records_manager.py:336)
NoneType: None
02:19:19.146 ERROR    Failed to process telemetry record: KeyError('sm_utilization') (records_manager.py:336)
NoneType: None
02:19:19.504 ERROR    Failed to process telemetry record: KeyError('sm_utilization') (records_manager.py:336)
NoneType: None
02:19:19.504 ERROR    Failed to process telemetry record: KeyError('sm_utilization') (records_manager.py:336)
NoneType: None
02:19:19.868 ERROR    Failed to process telemetry record: KeyError('sm_utilization') (records_manager.py:336)
NoneType: None
02:19:19.873 ERROR    Failed to process telemetry record: KeyError('sm_utilization') (records_manager.py:336)
NoneType: None
02:19:20.229 ERROR    Failed to process telemetry record: KeyError('sm_utilization') (records_manager.py:336)
NoneType: None
02:19:20.232 ERROR    Failed to process telemetry record: KeyError('sm_utilization') (records_manager.py:336)
NoneType: None
02:19:20.585 ERROR    Failed to process telemetry record: KeyError('sm_utilization') (records_manager.py:336)
NoneType: None
02:19:20.587 ERROR    Failed to process telemetry record: KeyError('sm_utilization') (records_manager.py:336)
NoneType: None
02:19:20.944 ERROR    Failed to process telemetry record: KeyError('sm_utilization') (records_manager.py:336)
NoneType: None
02:19:20.945 ERROR    Failed to process telemetry record: KeyError('sm_utilization') (records_manager.py:336)
NoneType: None
02:19:21.301 ERROR    Failed to process telemetry record: KeyError('sm_utilization') (records_manager.py:336)
NoneType: None
02:19:21.302 ERROR    Failed to process telemetry record: KeyError('sm_utilization') (records_manager.py:336)
NoneType: None
02:19:21.658 ERROR    Failed to process telemetry record: KeyError('sm_utilization') (records_manager.py:336)
NoneType: None
02:19:21.659 ERROR    Failed to process telemetry record: KeyError('sm_utilization') (records_manager.py:336)
NoneType: None
02:19:22.027 ERROR    Failed to process telemetry record: KeyError('sm_utilization') (records_manager.py:336)
NoneType: None
02:19:22.028 ERROR    Failed to process telemetry record: KeyError('sm_utilization') (records_manager.py:336)
NoneType: None
02:19:22.385 ERROR    Failed to process telemetry record: KeyError('sm_utilization') (records_manager.py:336)
NoneType: None
02:19:22.386 ERROR    Failed to process telemetry record: KeyError('sm_utilization') (records_manager.py:336)
NoneType: None
02:19:22.741 ERROR    Failed to process telemetry record: KeyError('sm_utilization') (records_manager.py:336)
NoneType: None
02:19:22.742 ERROR    Failed to process telemetry record: KeyError('sm_utilization') (records_manager.py:336)
NoneType: None
02:19:23.103 ERROR    Failed to process telemetry record: KeyError('sm_utilization') (records_manager.py:336)
NoneType: None
02:19:23.104 ERROR    Failed to process telemetry record: KeyError('sm_utilization') (records_manager.py:336)
NoneType: None
02:19:23.471 ERROR    Failed to process telemetry record: KeyError('sm_utilization') (records_manager.py:336)
NoneType: None
02:19:23.471 ERROR    Failed to process telemetry record: KeyError('sm_utilization') (records_manager.py:336)
NoneType: None
02:19:23.830 ERROR    Failed to process telemetry record: KeyError('sm_utilization') (records_manager.py:336)
NoneType: None
02:19:23.831 ERROR    Failed to process telemetry record: KeyError('sm_utilization') (records_manager.py:336)
NoneType: None
02:19:24.188 ERROR    Failed to process telemetry record: KeyError('sm_utilization') (records_manager.py:336)
NoneType: None
02:19:24.188 ERROR    Failed to process telemetry record: KeyError('sm_utilization') (records_manager.py:336)
NoneType: None
02:19:24.545 ERROR    Failed to process telemetry record: KeyError('sm_utilization') (records_manager.py:336)
NoneType: None
02:19:24.545 ERROR    Failed to process telemetry record: KeyError('sm_utilization') (records_manager.py:336)
NoneType: None
02:19:24.902 ERROR    Failed to process telemetry record: KeyError('sm_utilization') (records_manager.py:336)
NoneType: None
02:19:24.903 ERROR    Failed to process telemetry record: KeyError('sm_utilization') (records_manager.py:336)
NoneType: None
02:19:25.259 ERROR    Failed to process telemetry record: KeyError('sm_utilization') (records_manager.py:336)
NoneType: None
02:19:25.260 ERROR    Failed to process telemetry record: KeyError('sm_utilization') (records_manager.py:336)
NoneType: None
02:19:25.619 ERROR    Failed to process telemetry record: KeyError('sm_utilization') (records_manager.py:336)
NoneType: None
02:19:25.620 ERROR    Failed to process telemetry record: KeyError('sm_utilization') (records_manager.py:336)
NoneType: None
02:19:25.976 ERROR    Failed to process telemetry record: KeyError('sm_utilization') (records_manager.py:336)
NoneType: None
02:19:25.977 ERROR    Failed to process telemetry record: KeyError('sm_utilization') (records_manager.py:336)
NoneType: None
02:19:26.339 ERROR    Failed to process telemetry record: KeyError('sm_utilization') (records_manager.py:336)
NoneType: None
02:19:26.339 ERROR    Failed to process telemetry record: KeyError('sm_utilization') (records_manager.py:336)
NoneType: None
02:19:26.701 ERROR    Failed to process telemetry record: KeyError('sm_utilization') (records_manager.py:336)
NoneType: None
02:19:26.702 ERROR    Failed to process telemetry record: KeyError('sm_utilization') (records_manager.py:336)
NoneType: None
02:19:27.066 ERROR    Failed to process telemetry record: KeyError('sm_utilization') (records_manager.py:336)
NoneType: None
02:19:27.067 ERROR    Failed to process telemetry record: KeyError('sm_utilization') (records_manager.py:336)
NoneType: None
02:19:27.428 ERROR    Failed to process telemetry record: KeyError('sm_utilization') (records_manager.py:336)
NoneType: None
02:19:27.429 ERROR    Failed to process telemetry record: KeyError('sm_utilization') (records_manager.py:336)
NoneType: None
02:19:27.789 ERROR    Failed to process telemetry record: KeyError('sm_utilization') (records_manager.py:336)
NoneType: None
02:19:27.790 ERROR    Failed to process telemetry record: KeyError('sm_utilization') (records_manager.py:336)
NoneType: None
02:19:28.146 ERROR    Failed to process telemetry record: KeyError('sm_utilization') (records_manager.py:336)
NoneType: None
02:19:28.147 ERROR    Failed to process telemetry record: KeyError('sm_utilization') (records_manager.py:336)
NoneType: None
02:19:28.504 ERROR    Failed to process telemetry record: KeyError('sm_utilization') (records_manager.py:336)
NoneType: None
02:19:28.505 ERROR    Failed to process telemetry record: KeyError('sm_utilization') (records_manager.py:336)
NoneType: None
02:19:28.861 ERROR    Failed to process telemetry record: KeyError('sm_utilization') (records_manager.py:336)
NoneType: None
02:19:28.862 ERROR    Failed to process telemetry record: KeyError('sm_utilization') (records_manager.py:336)
NoneType: None
02:19:29.220 ERROR    Failed to process telemetry record: KeyError('sm_utilization') (records_manager.py:336)
NoneType: None
02:19:29.220 ERROR    Failed to process telemetry record: KeyError('sm_utilization') (records_manager.py:336)
NoneType: None
02:19:29.577 ERROR    Failed to process telemetry record: KeyError('sm_utilization') (records_manager.py:336)
NoneType: None
02:19:29.578 ERROR    Failed to process telemetry record: KeyError('sm_utilization') (records_manager.py:336)
NoneType: None
02:19:29.934 ERROR    Failed to process telemetry record: KeyError('sm_utilization') (records_manager.py:336)
NoneType: None
02:19:29.934 ERROR    Failed to process telemetry record: KeyError('sm_utilization') (records_manager.py:336)
NoneType: None
02:19:30.297 ERROR    Failed to process telemetry record: KeyError('sm_utilization') (records_manager.py:336)
NoneType: None
02:19:30.298 ERROR    Failed to process telemetry record: KeyError('sm_utilization') (records_manager.py:336)
NoneType: None
02:19:30.659 ERROR    Failed to process telemetry record: KeyError('sm_utilization') (records_manager.py:336)
NoneType: None
02:19:30.659 ERROR    Failed to process telemetry record: KeyError('sm_utilization') (records_manager.py:336)
NoneType: None
02:19:31.032 ERROR    Failed to process telemetry record: KeyError('sm_utilization') (records_manager.py:336)
NoneType: None
02:19:31.033 ERROR    Failed to process telemetry record: KeyError('sm_utilization') (records_manager.py:336)
NoneType: None
02:19:31.395 ERROR    Failed to process telemetry record: KeyError('sm_utilization') (records_manager.py:336)
NoneType: None
02:19:31.396 ERROR    Failed to process telemetry record: KeyError('sm_utilization') (records_manager.py:336)
NoneType: None
02:19:31.757 ERROR    Failed to process telemetry record: KeyError('sm_utilization') (records_manager.py:336)
NoneType: None
02:19:31.758 ERROR    Failed to process telemetry record: KeyError('sm_utilization') (records_manager.py:336)
NoneType: None
02:19:32.120 ERROR    Failed to process telemetry record: KeyError('sm_utilization') (records_manager.py:336)
NoneType: None
02:19:32.121 ERROR    Failed to process telemetry record: KeyError('sm_utilization') (records_manager.py:336)
NoneType: None
02:19:32.483 ERROR    Failed to process telemetry record: KeyError('sm_utilization') (records_manager.py:336)
NoneType: None
02:19:32.484 ERROR    Failed to process telemetry record: KeyError('sm_utilization') (records_manager.py:336)
NoneType: None
02:19:32.846 ERROR    Failed to process telemetry record: KeyError('sm_utilization') (records_manager.py:336)
NoneType: None
02:19:32.847 ERROR    Failed to process telemetry record: KeyError('sm_utilization') (records_manager.py:336)
NoneType: None
02:19:33.204 ERROR    Failed to process telemetry record: KeyError('sm_utilization') (records_manager.py:336)
NoneType: None
02:19:33.205 ERROR    Failed to process telemetry record: KeyError('sm_utilization') (records_manager.py:336)
NoneType: None
02:19:33.560 ERROR    Failed to process telemetry record: KeyError('sm_utilization') (records_manager.py:336)
NoneType: None
02:19:33.561 ERROR    Failed to process telemetry record: KeyError('sm_utilization') (records_manager.py:336)
NoneType: None
02:19:33.920 ERROR    Failed to process telemetry record: KeyError('sm_utilization') (records_manager.py:336)
NoneType: None
02:19:33.921 ERROR    Failed to process telemetry record: KeyError('sm_utilization') (records_manager.py:336)
NoneType: None
02:19:34.278 ERROR    Failed to process telemetry record: KeyError('sm_utilization') (records_manager.py:336)
NoneType: None
02:19:34.279 ERROR    Failed to process telemetry record: KeyError('sm_utilization') (records_manager.py:336)
NoneType: None
02:19:34.659 ERROR    Failed to process telemetry record: KeyError('sm_utilization') (records_manager.py:336)
NoneType: None
02:19:34.660 ERROR    Failed to process telemetry record: KeyError('sm_utilization') (records_manager.py:336)
NoneType: None
02:19:35.021 ERROR    Failed to process telemetry record: KeyError('sm_utilization') (records_manager.py:336)
NoneType: None
02:19:35.024 ERROR    Failed to process telemetry record: KeyError('sm_utilization') (records_manager.py:336)
NoneType: None
02:19:35.378 ERROR    Failed to process telemetry record: KeyError('sm_utilization') (records_manager.py:336)
NoneType: None
02:19:35.378 ERROR    Failed to process telemetry record: KeyError('sm_utilization') (records_manager.py:336)
NoneType: None
02:19:35.735 ERROR    Failed to process telemetry record: KeyError('sm_utilization') (records_manager.py:336)
NoneType: None
02:19:35.736 ERROR    Failed to process telemetry record: KeyError('sm_utilization') (records_manager.py:336)
NoneType: None
02:19:36.093 ERROR    Failed to process telemetry record: KeyError('sm_utilization') (records_manager.py:336)
NoneType: None
02:19:36.093 ERROR    Failed to process telemetry record: KeyError('sm_utilization') (records_manager.py:336)
NoneType: None
02:19:36.454 ERROR    Failed to process telemetry record: KeyError('sm_utilization') (records_manager.py:336)
NoneType: None
02:19:36.455 ERROR    Failed to process telemetry record: KeyError('sm_utilization') (records_manager.py:336)
NoneType: None
02:19:36.812 ERROR    Failed to process telemetry record: KeyError('sm_utilization') (records_manager.py:336)
NoneType: None
02:19:36.815 ERROR    Failed to process telemetry record: KeyError('sm_utilization') (records_manager.py:336)
NoneType: None
02:19:37.176 ERROR    Failed to process telemetry record: KeyError('sm_utilization') (records_manager.py:336)
NoneType: None
02:19:37.177 ERROR    Failed to process telemetry record: KeyError('sm_utilization') (records_manager.py:336)
NoneType: None
02:19:37.533 ERROR    Failed to process telemetry record: KeyError('sm_utilization') (records_manager.py:336)
NoneType: None
02:19:37.534 ERROR    Failed to process telemetry record: KeyError('sm_utilization') (records_manager.py:336)
NoneType: None
02:19:37.893 ERROR    Failed to process telemetry record: KeyError('sm_utilization') (records_manager.py:336)
NoneType: None
02:19:37.895 ERROR    Failed to process telemetry record: KeyError('sm_utilization') (records_manager.py:336)
NoneType: None
02:19:38.262 ERROR    Failed to process telemetry record: KeyError('sm_utilization') (records_manager.py:336)
NoneType: None
02:19:38.263 ERROR    Failed to process telemetry record: KeyError('sm_utilization') (records_manager.py:336)
NoneType: None
02:19:38.624 ERROR    Failed to process telemetry record: KeyError('sm_utilization') (records_manager.py:336)
NoneType: None
02:19:38.625 ERROR    Failed to process telemetry record: KeyError('sm_utilization') (records_manager.py:336)
NoneType: None
02:19:38.980 ERROR    Failed to process telemetry record: KeyError('sm_utilization') (records_manager.py:336)
NoneType: None
02:19:38.981 ERROR    Failed to process telemetry record: KeyError('sm_utilization') (records_manager.py:336)
NoneType: None
02:19:39.337 ERROR    Failed to process telemetry record: KeyError('sm_utilization') (records_manager.py:336)
NoneType: None
02:19:39.338 ERROR    Failed to process telemetry record: KeyError('sm_utilization') (records_manager.py:336)
NoneType: None
02:19:39.696 ERROR    Failed to process telemetry record: KeyError('sm_utilization') (records_manager.py:336)
NoneType: None
02:19:39.696 ERROR    Failed to process telemetry record: KeyError('sm_utilization') (records_manager.py:336)
NoneType: None
02:19:40.055 ERROR    Failed to process telemetry record: KeyError('sm_utilization') (records_manager.py:336)
NoneType: None
02:19:40.056 ERROR    Failed to process telemetry record: KeyError('sm_utilization') (records_manager.py:336)
NoneType: None
02:19:40.415 ERROR    Failed to process telemetry record: KeyError('sm_utilization') (records_manager.py:336)
NoneType: None
02:19:40.415 ERROR    Failed to process telemetry record: KeyError('sm_utilization') (records_manager.py:336)
NoneType: None
02:19:40.778 ERROR    Failed to process telemetry record: KeyError('sm_utilization') (records_manager.py:336)
NoneType: None
02:19:40.784 ERROR    Failed to process telemetry record: KeyError('sm_utilization') (records_manager.py:336)
NoneType: None
02:19:41.135 ERROR    Failed to process telemetry record: KeyError('sm_utilization') (records_manager.py:336)
NoneType: None
02:19:41.140 ERROR    Failed to process telemetry record: KeyError('sm_utilization') (records_manager.py:336)
NoneType: None
02:19:41.491 ERROR    Failed to process telemetry record: KeyError('sm_utilization') (records_manager.py:336)
NoneType: None
02:19:41.492 ERROR    Failed to process telemetry record: KeyError('sm_utilization') (records_manager.py:336)
NoneType: None
02:19:41.848 ERROR    Failed to process telemetry record: KeyError('sm_utilization') (records_manager.py:336)
NoneType: None
02:19:41.849 ERROR    Failed to process telemetry record: KeyError('sm_utilization') (records_manager.py:336)
NoneType: None
02:19:42.204 ERROR    Failed to process telemetry record: KeyError('sm_utilization') (records_manager.py:336)
NoneType: None
02:19:42.211 ERROR    Failed to process telemetry record: KeyError('sm_utilization') (records_manager.py:336)
NoneType: None
02:19:42.567 ERROR    Failed to process telemetry record: KeyError('sm_utilization') (records_manager.py:336)
NoneType: None
02:19:42.567 ERROR    Failed to process telemetry record: KeyError('sm_utilization') (records_manager.py:336)
NoneType: None
02:19:42.950 ERROR    Failed to process telemetry record: KeyError('sm_utilization') (records_manager.py:336)
NoneType: None
02:19:42.951 ERROR    Failed to process telemetry record: KeyError('sm_utilization') (records_manager.py:336)
NoneType: None
02:19:43.307 ERROR    Failed to process telemetry record: KeyError('sm_utilization') (records_manager.py:336)
NoneType: None
02:19:43.308 ERROR    Failed to process telemetry record: KeyError('sm_utilization') (records_manager.py:336)
NoneType: None
02:19:43.665 ERROR    Failed to process telemetry record: KeyError('sm_utilization') (records_manager.py:336)
NoneType: None
02:19:43.666 ERROR    Failed to process telemetry record: KeyError('sm_utilization') (records_manager.py:336)
NoneType: None
02:19:44.027 ERROR    Failed to process telemetry record: KeyError('sm_utilization') (records_manager.py:336)
NoneType: None
02:19:44.028 ERROR    Failed to process telemetry record: KeyError('sm_utilization') (records_manager.py:336)
NoneType: None
02:19:44.385 ERROR    Failed to process telemetry record: KeyError('sm_utilization') (records_manager.py:336)
NoneType: None
02:19:44.386 ERROR    Failed to process telemetry record: KeyError('sm_utilization') (records_manager.py:336)
NoneType: None
02:19:44.742 ERROR    Failed to process telemetry record: KeyError('sm_utilization') (records_manager.py:336)
NoneType: None
02:19:44.743 ERROR    Failed to process telemetry record: KeyError('sm_utilization') (records_manager.py:336)
NoneType: None
02:19:45.098 ERROR    Failed to process telemetry record: KeyError('sm_utilization') (records_manager.py:336)
NoneType: None
02:19:45.099 ERROR    Failed to process telemetry record: KeyError('sm_utilization') (records_manager.py:336)
NoneType: None
02:19:45.453 ERROR    Failed to process telemetry record: KeyError('sm_utilization') (records_manager.py:336)
NoneType: None
02:19:45.454 ERROR    Failed to process telemetry record: KeyError('sm_utilization') (records_manager.py:336)
NoneType: None
02:19:45.812 ERROR    Failed to process telemetry record: KeyError('sm_utilization') (records_manager.py:336)
NoneType: None
02:19:45.812 ERROR    Failed to process telemetry record: KeyError('sm_utilization') (records_manager.py:336)
NoneType: None
02:19:46.170 ERROR    Failed to process telemetry record: KeyError('sm_utilization') (records_manager.py:336)
NoneType: None
02:19:46.171 ERROR    Failed to process telemetry record: KeyError('sm_utilization') (records_manager.py:336)
NoneType: None
02:19:46.534 ERROR    Failed to process telemetry record: KeyError('sm_utilization') (records_manager.py:336)
NoneType: None
02:19:46.535 ERROR    Failed to process telemetry record: KeyError('sm_utilization') (records_manager.py:336)
NoneType: None
02:19:46.891 ERROR    Failed to process telemetry record: KeyError('sm_utilization') (records_manager.py:336)
NoneType: None
02:19:46.892 ERROR    Failed to process telemetry record: KeyError('sm_utilization') (records_manager.py:336)
NoneType: None
02:19:47.268 ERROR    Failed to process telemetry record: KeyError('sm_utilization') (records_manager.py:336)
NoneType: None
02:19:47.269 ERROR    Failed to process telemetry record: KeyError('sm_utilization') (records_manager.py:336)
NoneType: None
02:19:47.626 ERROR    Failed to process telemetry record: KeyError('sm_utilization') (records_manager.py:336)
NoneType: None
02:19:47.626 ERROR    Failed to process telemetry record: KeyError('sm_utilization') (records_manager.py:336)
NoneType: None
02:19:47.981 ERROR    Failed to process telemetry record: KeyError('sm_utilization') (records_manager.py:336)
NoneType: None
02:19:47.982 ERROR    Failed to process telemetry record: KeyError('sm_utilization') (records_manager.py:336)
NoneType: None
02:19:48.338 ERROR    Failed to process telemetry record: KeyError('sm_utilization') (records_manager.py:336)
NoneType: None
02:19:48.339 ERROR    Failed to process telemetry record: KeyError('sm_utilization') (records_manager.py:336)
NoneType: None
02:19:48.696 ERROR    Failed to process telemetry record: KeyError('sm_utilization') (records_manager.py:336)
NoneType: None
02:19:48.697 ERROR    Failed to process telemetry record: KeyError('sm_utilization') (records_manager.py:336)
NoneType: None
02:19:49.053 ERROR    Failed to process telemetry record: KeyError('sm_utilization') (records_manager.py:336)
NoneType: None
02:19:49.054 ERROR    Failed to process telemetry record: KeyError('sm_utilization') (records_manager.py:336)
NoneType: None
02:19:49.411 ERROR    Failed to process telemetry record: KeyError('sm_utilization') (records_manager.py:336)
NoneType: None
02:19:49.417 ERROR    Failed to process telemetry record: KeyError('sm_utilization') (records_manager.py:336)
NoneType: None
02:19:49.771 ERROR    Failed to process telemetry record: KeyError('sm_utilization') (records_manager.py:336)
NoneType: None
02:19:49.772 ERROR    Failed to process telemetry record: KeyError('sm_utilization') (records_manager.py:336)
NoneType: None
02:19:50.131 ERROR    Failed to process telemetry record: KeyError('sm_utilization') (records_manager.py:336)
NoneType: None
02:19:50.132 ERROR    Failed to process telemetry record: KeyError('sm_utilization') (records_manager.py:336)
NoneType: None
02:19:50.496 ERROR    Failed to process telemetry record: KeyError('sm_utilization') (records_manager.py:336)
NoneType: None
02:19:50.497 ERROR    Failed to process telemetry record: KeyError('sm_utilization') (records_manager.py:336)
NoneType: None
02:19:50.856 ERROR    Failed to process telemetry record: KeyError('sm_utilization') (records_manager.py:336)
NoneType: None
02:19:50.857 ERROR    Failed to process telemetry record: KeyError('sm_utilization') (records_manager.py:336)
NoneType: None
02:19:51.212 ERROR    Failed to process telemetry record: KeyError('sm_utilization') (records_manager.py:336)
NoneType: None
02:19:51.213 ERROR    Failed to process telemetry record: KeyError('sm_utilization') (records_manager.py:336)
NoneType: None
02:19:51.568 ERROR    Failed to process telemetry record: KeyError('sm_utilization') (records_manager.py:336)
NoneType: None
02:19:51.569 ERROR    Failed to process telemetry record: KeyError('sm_utilization') (records_manager.py:336)
NoneType: None
02:19:51.927 ERROR    Failed to process telemetry record: KeyError('sm_utilization') (records_manager.py:336)
NoneType: None
02:19:51.927 ERROR    Failed to process telemetry record: KeyError('sm_utilization') (records_manager.py:336)
NoneType: None
02:19:52.285 ERROR    Failed to process telemetry record: KeyError('sm_utilization') (records_manager.py:336)
NoneType: None
02:19:52.285 ERROR    Failed to process telemetry record: KeyError('sm_utilization') (records_manager.py:336)
NoneType: None
02:19:52.644 ERROR    Failed to process telemetry record: KeyError('sm_utilization') (records_manager.py:336)
NoneType: None
02:19:52.644 ERROR    Failed to process telemetry record: KeyError('sm_utilization') (records_manager.py:336)
NoneType: None
02:19:53.003 ERROR    Failed to process telemetry record: KeyError('sm_utilization') (records_manager.py:336)
NoneType: None
02:19:53.004 ERROR    Failed to process telemetry record: KeyError('sm_utilization') (records_manager.py:336)
NoneType: None
02:19:53.361 ERROR    Failed to process telemetry record: KeyError('sm_utilization') (records_manager.py:336)
NoneType: None
02:19:53.362 ERROR    Failed to process telemetry record: KeyError('sm_utilization') (records_manager.py:336)
NoneType: None
02:19:53.721 ERROR    Failed to process telemetry record: KeyError('sm_utilization') (records_manager.py:336)
NoneType: None
02:19:53.721 ERROR    Failed to process telemetry record: KeyError('sm_utilization') (records_manager.py:336)
NoneType: None
02:19:54.085 ERROR    Failed to process telemetry record: KeyError('sm_utilization') (records_manager.py:336)
NoneType: None
02:19:54.086 ERROR    Failed to process telemetry record: KeyError('sm_utilization') (records_manager.py:336)
NoneType: None
02:19:54.443 ERROR    Failed to process telemetry record: KeyError('sm_utilization') (records_manager.py:336)
NoneType: None
02:19:54.444 ERROR    Failed to process telemetry record: KeyError('sm_utilization') (records_manager.py:336)
NoneType: None
02:19:54.801 ERROR    Failed to process telemetry record: KeyError('sm_utilization') (records_manager.py:336)
NoneType: None
02:19:54.802 ERROR    Failed to process telemetry record: KeyError('sm_utilization') (records_manager.py:336)
NoneType: None
02:19:55.159 ERROR    Failed to process telemetry record: KeyError('sm_utilization') (records_manager.py:336)
NoneType: None
02:19:55.159 ERROR    Failed to process telemetry record: KeyError('sm_utilization') (records_manager.py:336)
NoneType: None
02:19:55.532 ERROR    Failed to process telemetry record: KeyError('sm_utilization') (records_manager.py:336)
NoneType: None
02:19:55.532 ERROR    Failed to process telemetry record: KeyError('sm_utilization') (records_manager.py:336)
NoneType: None
02:19:55.888 ERROR    Failed to process telemetry record: KeyError('sm_utilization') (records_manager.py:336)
NoneType: None
02:19:55.889 ERROR    Failed to process telemetry record: KeyError('sm_utilization') (records_manager.py:336)
NoneType: None
02:19:56.246 ERROR    Failed to process telemetry record: KeyError('sm_utilization') (records_manager.py:336)
NoneType: None
02:19:56.247 ERROR    Failed to process telemetry record: KeyError('sm_utilization') (records_manager.py:336)
NoneType: None
02:19:56.606 ERROR    Failed to process telemetry record: KeyError('sm_utilization') (records_manager.py:336)
NoneType: None
02:19:56.607 ERROR    Failed to process telemetry record: KeyError('sm_utilization') (records_manager.py:336)
NoneType: None
02:19:56.963 ERROR    Failed to process telemetry record: KeyError('sm_utilization') (records_manager.py:336)
NoneType: None
02:19:56.964 ERROR    Failed to process telemetry record: KeyError('sm_utilization') (records_manager.py:336)
NoneType: None
02:19:57.321 ERROR    Failed to process telemetry record: KeyError('sm_utilization') (records_manager.py:336)
NoneType: None
02:19:57.322 ERROR    Failed to process telemetry record: KeyError('sm_utilization') (records_manager.py:336)
NoneType: None
02:19:57.687 ERROR    Failed to process telemetry record: KeyError('sm_utilization') (records_manager.py:336)
NoneType: None
02:19:57.688 ERROR    Failed to process telemetry record: KeyError('sm_utilization') (records_manager.py:336)
NoneType: None
02:19:58.044 ERROR    Failed to process telemetry record: KeyError('sm_utilization') (records_manager.py:336)
NoneType: None
02:19:58.045 ERROR    Failed to process telemetry record: KeyError('sm_utilization') (records_manager.py:336)
NoneType: None
02:19:58.401 ERROR    Failed to process telemetry record: KeyError('sm_utilization') (records_manager.py:336)
NoneType: None
02:19:58.401 ERROR    Failed to process telemetry record: KeyError('sm_utilization') (records_manager.py:336)
NoneType: None
02:19:58.757 ERROR    Failed to process telemetry record: KeyError('sm_utilization') (records_manager.py:336)
NoneType: None
02:19:58.758 ERROR    Failed to process telemetry record: KeyError('sm_utilization') (records_manager.py:336)
NoneType: None
02:19:59.118 ERROR    Failed to process telemetry record: KeyError('sm_utilization') (records_manager.py:336)
NoneType: None
02:19:59.119 ERROR    Failed to process telemetry record: KeyError('sm_utilization') (records_manager.py:336)
NoneType: None
02:19:59.486 ERROR    Failed to process telemetry record: KeyError('sm_utilization') (records_manager.py:336)
NoneType: None
02:19:59.487 ERROR    Failed to process telemetry record: KeyError('sm_utilization') (records_manager.py:336)
NoneType: None
02:19:59.845 ERROR    Failed to process telemetry record: KeyError('sm_utilization') (records_manager.py:336)
NoneType: None
02:19:59.846 ERROR    Failed to process telemetry record: KeyError('sm_utilization') (records_manager.py:336)
NoneType: None
02:20:00.203 ERROR    Failed to process telemetry record: KeyError('sm_utilization') (records_manager.py:336)
NoneType: None
02:20:00.204 ERROR    Failed to process telemetry record: KeyError('sm_utilization') (records_manager.py:336)
NoneType: None
02:20:00.560 ERROR    Failed to process telemetry record: KeyError('sm_utilization') (records_manager.py:336)
NoneType: None
02:20:00.561 ERROR    Failed to process telemetry record: KeyError('sm_utilization') (records_manager.py:336)
NoneType: None
02:20:00.920 ERROR    Failed to process telemetry record: KeyError('sm_utilization') (records_manager.py:336)
NoneType: None
02:20:00.921 ERROR    Failed to process telemetry record: KeyError('sm_utilization') (records_manager.py:336)
NoneType: None
02:20:01.278 ERROR    Failed to process telemetry record: KeyError('sm_utilization') (records_manager.py:336)
NoneType: None
02:20:01.278 ERROR    Failed to process telemetry record: KeyError('sm_utilization') (records_manager.py:336)
NoneType: None
/pscratch/sd/k/krajeshk/PRISM_env/venvs/vllm-env/lib/python3.12/site-packages/pydantic/main.py:475: UserWarning: Pydantic serializer warnings:
  PydanticSerializationUnexpectedValue(Expected `enum` - serialized value may not be as expected [field_name='transport', input_value='http', input_type=str])
  return self.__pydantic_serializer__.to_python(
02:20:01.643 ERROR    Failed to process telemetry record: KeyError('sm_utilization') (records_manager.py:336)
NoneType: None
02:20:01.644 ERROR    Failed to process telemetry record: KeyError('sm_utilization') (records_manager.py:336)
NoneType: None
02:20:02.002 ERROR    Failed to process telemetry record: KeyError('sm_utilization') (records_manager.py:336)
NoneType: None
02:20:02.002 ERROR    Failed to process telemetry record: KeyError('sm_utilization') (records_manager.py:336)
NoneType: None
02:20:02.362 ERROR    Failed to process telemetry record: KeyError('sm_utilization') (records_manager.py:336)
NoneType: None
02:20:02.363 ERROR    Failed to process telemetry record: KeyError('sm_utilization') (records_manager.py:336)
NoneType: None
02:20:02.727 ERROR    Failed to process telemetry record: KeyError('sm_utilization') (records_manager.py:336)
NoneType: None
02:20:02.728 ERROR    Failed to process telemetry record: KeyError('sm_utilization') (records_manager.py:336)
NoneType: None
02:20:03.086 ERROR    Failed to process telemetry record: KeyError('sm_utilization') (records_manager.py:336)
NoneType: None
02:20:03.087 ERROR    Failed to process telemetry record: KeyError('sm_utilization') (records_manager.py:336)
NoneType: None
02:20:03.441 ERROR    Failed to process telemetry record: KeyError('sm_utilization') (records_manager.py:336)
NoneType: None
02:20:03.442 ERROR    Failed to process telemetry record: KeyError('sm_utilization') (records_manager.py:336)
NoneType: None
02:20:03.796 ERROR    Failed to process telemetry record: KeyError('sm_utilization') (records_manager.py:336)
NoneType: None
02:20:03.797 ERROR    Failed to process telemetry record: KeyError('sm_utilization') (records_manager.py:336)
NoneType: None
02:20:04.151 ERROR    Failed to process telemetry record: KeyError('sm_utilization') (records_manager.py:336)
NoneType: None
02:20:04.152 ERROR    Failed to process telemetry record: KeyError('sm_utilization') (records_manager.py:336)
NoneType: None
02:20:04.508 ERROR    Failed to process telemetry record: KeyError('sm_utilization') (records_manager.py:336)
NoneType: None
02:20:04.509 ERROR    Failed to process telemetry record: KeyError('sm_utilization') (records_manager.py:336)
NoneType: None
02:20:04.865 ERROR    Failed to process telemetry record: KeyError('sm_utilization') (records_manager.py:336)
NoneType: None
02:20:04.865 ERROR    Failed to process telemetry record: KeyError('sm_utilization') (records_manager.py:336)
NoneType: None
02:20:05.225 ERROR    Failed to process telemetry record: KeyError('sm_utilization') (records_manager.py:336)
NoneType: None
02:20:05.226 ERROR    Failed to process telemetry record: KeyError('sm_utilization') (records_manager.py:336)
NoneType: None
02:20:05.590 ERROR    Failed to process telemetry record: KeyError('sm_utilization') (records_manager.py:336)
NoneType: None
02:20:05.592 ERROR    Failed to process telemetry record: KeyError('sm_utilization') (records_manager.py:336)
NoneType: None
02:20:05.966 ERROR    Failed to process telemetry record: KeyError('sm_utilization') (records_manager.py:336)
NoneType: None
02:20:05.967 ERROR    Failed to process telemetry record: KeyError('sm_utilization') (records_manager.py:336)
NoneType: None
02:20:06.330 ERROR    Failed to process telemetry record: KeyError('sm_utilization') (records_manager.py:336)
NoneType: None
02:20:06.331 ERROR    Failed to process telemetry record: KeyError('sm_utilization') (records_manager.py:336)
NoneType: None
02:20:06.693 ERROR    Failed to process telemetry record: KeyError('sm_utilization') (records_manager.py:336)
NoneType: None
02:20:06.694 ERROR    Failed to process telemetry record: KeyError('sm_utilization') (records_manager.py:336)
NoneType: None
02:20:07.051 ERROR    Failed to process telemetry record: KeyError('sm_utilization') (records_manager.py:336)
NoneType: None
02:20:07.051 ERROR    Failed to process telemetry record: KeyError('sm_utilization') (records_manager.py:336)
NoneType: None
02:20:07.413 ERROR    Failed to process telemetry record: KeyError('sm_utilization') (records_manager.py:336)
NoneType: None
02:20:07.413 ERROR    Failed to process telemetry record: KeyError('sm_utilization') (records_manager.py:336)
NoneType: None
02:20:07.771 ERROR    Failed to process telemetry record: KeyError('sm_utilization') (records_manager.py:336)
NoneType: None
02:20:07.772 ERROR    Failed to process telemetry record: KeyError('sm_utilization') (records_manager.py:336)
NoneType: None
02:20:08.132 ERROR    Failed to process telemetry record: KeyError('sm_utilization') (records_manager.py:336)
NoneType: None
02:20:08.132 ERROR    Failed to process telemetry record: KeyError('sm_utilization') (records_manager.py:336)
NoneType: None
02:20:08.492 ERROR    Failed to process telemetry record: KeyError('sm_utilization') (records_manager.py:336)
NoneType: None
02:20:08.493 ERROR    Failed to process telemetry record: KeyError('sm_utilization') (records_manager.py:336)
NoneType: None
02:20:08.852 ERROR    Failed to process telemetry record: KeyError('sm_utilization') (records_manager.py:336)
NoneType: None
02:20:08.853 ERROR    Failed to process telemetry record: KeyError('sm_utilization') (records_manager.py:336)
NoneType: None
02:20:09.208 ERROR    Failed to process telemetry record: KeyError('sm_utilization') (records_manager.py:336)
NoneType: None
02:20:09.208 ERROR    Failed to process telemetry record: KeyError('sm_utilization') (records_manager.py:336)
NoneType: None
02:20:09.569 ERROR    Failed to process telemetry record: KeyError('sm_utilization') (records_manager.py:336)
NoneType: None
02:20:09.569 ERROR    Failed to process telemetry record: KeyError('sm_utilization') (records_manager.py:336)
NoneType: None
02:20:09.930 ERROR    Failed to process telemetry record: KeyError('sm_utilization') (records_manager.py:336)
NoneType: None
02:20:09.931 ERROR    Failed to process telemetry record: KeyError('sm_utilization') (records_manager.py:336)
NoneType: None
02:20:10.292 ERROR    Failed to process telemetry record: KeyError('sm_utilization') (records_manager.py:336)
NoneType: None
02:20:10.292 ERROR    Failed to process telemetry record: KeyError('sm_utilization') (records_manager.py:336)
NoneType: None
02:20:10.648 ERROR    Failed to process telemetry record: KeyError('sm_utilization') (records_manager.py:336)
NoneType: None
02:20:10.649 ERROR    Failed to process telemetry record: KeyError('sm_utilization') (records_manager.py:336)
NoneType: None
02:20:11.006 ERROR    Failed to process telemetry record: KeyError('sm_utilization') (records_manager.py:336)
NoneType: None
02:20:11.007 ERROR    Failed to process telemetry record: KeyError('sm_utilization') (records_manager.py:336)
NoneType: None
02:20:11.368 ERROR    Failed to process telemetry record: KeyError('sm_utilization') (records_manager.py:336)
NoneType: None
02:20:11.369 ERROR    Failed to process telemetry record: KeyError('sm_utilization') (records_manager.py:336)
NoneType: None
02:20:11.729 ERROR    Failed to process telemetry record: KeyError('sm_utilization') (records_manager.py:336)
NoneType: None
02:20:11.729 ERROR    Failed to process telemetry record: KeyError('sm_utilization') (records_manager.py:336)
NoneType: None
02:20:12.093 ERROR    Failed to process telemetry record: KeyError('sm_utilization') (records_manager.py:336)
NoneType: None
02:20:12.094 ERROR    Failed to process telemetry record: KeyError('sm_utilization') (records_manager.py:336)
NoneType: None
02:20:12.458 ERROR    Failed to process telemetry record: KeyError('sm_utilization') (records_manager.py:336)
NoneType: None
02:20:12.459 ERROR    Failed to process telemetry record: KeyError('sm_utilization') (records_manager.py:336)
NoneType: None
02:20:12.817 ERROR    Failed to process telemetry record: KeyError('sm_utilization') (records_manager.py:336)
NoneType: None
02:20:12.817 ERROR    Failed to process telemetry record: KeyError('sm_utilization') (records_manager.py:336)
NoneType: None
02:20:13.174 ERROR    Failed to process telemetry record: KeyError('sm_utilization') (records_manager.py:336)
NoneType: None
02:20:13.175 ERROR    Failed to process telemetry record: KeyError('sm_utilization') (records_manager.py:336)
NoneType: None
02:20:13.535 ERROR    Failed to process telemetry record: KeyError('sm_utilization') (records_manager.py:336)
NoneType: None
02:20:13.536 ERROR    Failed to process telemetry record: KeyError('sm_utilization') (records_manager.py:336)
NoneType: None
02:20:13.894 ERROR    Failed to process telemetry record: KeyError('sm_utilization') (records_manager.py:336)
NoneType: None
02:20:13.895 ERROR    Failed to process telemetry record: KeyError('sm_utilization') (records_manager.py:336)
NoneType: None
02:20:14.251 ERROR    Failed to process telemetry record: KeyError('sm_utilization') (records_manager.py:336)
NoneType: None
02:20:14.252 ERROR    Failed to process telemetry record: KeyError('sm_utilization') (records_manager.py:336)
NoneType: None
02:20:14.614 ERROR    Failed to process telemetry record: KeyError('sm_utilization') (records_manager.py:336)
NoneType: None
02:20:14.615 ERROR    Failed to process telemetry record: KeyError('sm_utilization') (records_manager.py:336)
NoneType: None
02:20:14.976 ERROR    Failed to process telemetry record: KeyError('sm_utilization') (records_manager.py:336)
NoneType: None
02:20:14.977 ERROR    Failed to process telemetry record: KeyError('sm_utilization') (records_manager.py:336)
NoneType: None
02:20:15.335 ERROR    Failed to process telemetry record: KeyError('sm_utilization') (records_manager.py:336)
NoneType: None
02:20:15.336 ERROR    Failed to process telemetry record: KeyError('sm_utilization') (records_manager.py:336)
NoneType: None
02:20:15.698 ERROR    Failed to process telemetry record: KeyError('sm_utilization') (records_manager.py:336)
NoneType: None
02:20:15.699 ERROR    Failed to process telemetry record: KeyError('sm_utilization') (records_manager.py:336)
NoneType: None
02:20:16.055 ERROR    Failed to process telemetry record: KeyError('sm_utilization') (records_manager.py:336)
NoneType: None
02:20:16.056 ERROR    Failed to process telemetry record: KeyError('sm_utilization') (records_manager.py:336)
NoneType: None
02:20:16.415 ERROR    Failed to process telemetry record: KeyError('sm_utilization') (records_manager.py:336)
NoneType: None
02:20:16.416 ERROR    Failed to process telemetry record: KeyError('sm_utilization') (records_manager.py:336)
NoneType: None
02:20:16.772 ERROR    Failed to process telemetry record: KeyError('sm_utilization') (records_manager.py:336)
NoneType: None
02:20:16.773 ERROR    Failed to process telemetry record: KeyError('sm_utilization') (records_manager.py:336)
NoneType: None
02:20:17.130 ERROR    Failed to process telemetry record: KeyError('sm_utilization') (records_manager.py:336)
NoneType: None
02:20:17.131 ERROR    Failed to process telemetry record: KeyError('sm_utilization') (records_manager.py:336)
NoneType: None
02:20:17.493 ERROR    Failed to process telemetry record: KeyError('sm_utilization') (records_manager.py:336)
NoneType: None
02:20:17.493 ERROR    Failed to process telemetry record: KeyError('sm_utilization') (records_manager.py:336)
NoneType: None
02:20:17.848 ERROR    Failed to process telemetry record: KeyError('sm_utilization') (records_manager.py:336)
NoneType: None
02:20:17.849 ERROR    Failed to process telemetry record: KeyError('sm_utilization') (records_manager.py:336)
NoneType: None
02:20:18.207 ERROR    Failed to process telemetry record: KeyError('sm_utilization') (records_manager.py:336)
NoneType: None
02:20:18.208 ERROR    Failed to process telemetry record: KeyError('sm_utilization') (records_manager.py:336)
NoneType: None
02:20:18.564 ERROR    Failed to process telemetry record: KeyError('sm_utilization') (records_manager.py:336)
NoneType: None
02:20:18.565 ERROR    Failed to process telemetry record: KeyError('sm_utilization') (records_manager.py:336)
NoneType: None
02:20:18.920 ERROR    Failed to process telemetry record: KeyError('sm_utilization') (records_manager.py:336)
NoneType: None
02:20:18.921 ERROR    Failed to process telemetry record: KeyError('sm_utilization') (records_manager.py:336)
NoneType: None
02:20:19.288 ERROR    Failed to process telemetry record: KeyError('sm_utilization') (records_manager.py:336)
NoneType: None
02:20:19.289 ERROR    Failed to process telemetry record: KeyError('sm_utilization') (records_manager.py:336)
NoneType: None
02:20:19.647 ERROR    Failed to process telemetry record: KeyError('sm_utilization') (records_manager.py:336)
NoneType: None
02:20:19.648 ERROR    Failed to process telemetry record: KeyError('sm_utilization') (records_manager.py:336)
NoneType: None
02:20:20.007 ERROR    Failed to process telemetry record: KeyError('sm_utilization') (records_manager.py:336)
NoneType: None
02:20:20.008 ERROR    Failed to process telemetry record: KeyError('sm_utilization') (records_manager.py:336)
NoneType: None
02:20:20.366 ERROR    Failed to process telemetry record: KeyError('sm_utilization') (records_manager.py:336)
NoneType: None
02:20:20.367 ERROR    Failed to process telemetry record: KeyError('sm_utilization') (records_manager.py:336)
NoneType: None
02:20:20.729 ERROR    Failed to process telemetry record: KeyError('sm_utilization') (records_manager.py:336)
NoneType: None
02:20:20.730 ERROR    Failed to process telemetry record: KeyError('sm_utilization') (records_manager.py:336)
NoneType: None
02:20:21.089 ERROR    Failed to process telemetry record: KeyError('sm_utilization') (records_manager.py:336)
NoneType: None
02:20:21.090 ERROR    Failed to process telemetry record: KeyError('sm_utilization') (records_manager.py:336)
NoneType: None
02:20:21.447 ERROR    Failed to process telemetry record: KeyError('sm_utilization') (records_manager.py:336)
NoneType: None
02:20:21.448 ERROR    Failed to process telemetry record: KeyError('sm_utilization') (records_manager.py:336)
NoneType: None
02:20:21.805 ERROR    Failed to process telemetry record: KeyError('sm_utilization') (records_manager.py:336)
NoneType: None
02:20:21.805 ERROR    Failed to process telemetry record: KeyError('sm_utilization') (records_manager.py:336)
NoneType: None
02:20:22.161 ERROR    Failed to process telemetry record: KeyError('sm_utilization') (records_manager.py:336)
NoneType: None
02:20:22.161 ERROR    Failed to process telemetry record: KeyError('sm_utilization') (records_manager.py:336)
NoneType: None
02:20:22.519 ERROR    Failed to process telemetry record: KeyError('sm_utilization') (records_manager.py:336)
NoneType: None
02:20:22.520 ERROR    Failed to process telemetry record: KeyError('sm_utilization') (records_manager.py:336)
NoneType: None
02:20:22.876 ERROR    Failed to process telemetry record: KeyError('sm_utilization') (records_manager.py:336)
NoneType: None
02:20:22.877 ERROR    Failed to process telemetry record: KeyError('sm_utilization') (records_manager.py:336)
NoneType: None
02:20:23.238 ERROR    Failed to process telemetry record: KeyError('sm_utilization') (records_manager.py:336)
NoneType: None
02:20:23.239 ERROR    Failed to process telemetry record: KeyError('sm_utilization') (records_manager.py:336)
NoneType: None
02:20:23.604 ERROR    Failed to process telemetry record: KeyError('sm_utilization') (records_manager.py:336)
NoneType: None
02:20:23.605 ERROR    Failed to process telemetry record: KeyError('sm_utilization') (records_manager.py:336)
NoneType: None
02:20:23.965 ERROR    Failed to process telemetry record: KeyError('sm_utilization') (records_manager.py:336)
NoneType: None
02:20:23.966 ERROR    Failed to process telemetry record: KeyError('sm_utilization') (records_manager.py:336)
NoneType: None
02:20:24.323 ERROR    Failed to process telemetry record: KeyError('sm_utilization') (records_manager.py:336)
NoneType: None
02:20:24.325 ERROR    Failed to process telemetry record: KeyError('sm_utilization') (records_manager.py:336)
NoneType: None
02:20:24.679 ERROR    Failed to process telemetry record: KeyError('sm_utilization') (records_manager.py:336)
NoneType: None
02:20:24.679 ERROR    Failed to process telemetry record: KeyError('sm_utilization') (records_manager.py:336)
NoneType: None
02:20:25.042 ERROR    Failed to process telemetry record: KeyError('sm_utilization') (records_manager.py:336)
NoneType: None
02:20:25.042 ERROR    Failed to process telemetry record: KeyError('sm_utilization') (records_manager.py:336)
NoneType: None
02:20:25.401 ERROR    Failed to process telemetry record: KeyError('sm_utilization') (records_manager.py:336)
NoneType: None
02:20:25.402 ERROR    Failed to process telemetry record: KeyError('sm_utilization') (records_manager.py:336)
NoneType: None
02:20:25.762 ERROR    Failed to process telemetry record: KeyError('sm_utilization') (records_manager.py:336)
NoneType: None
02:20:25.763 ERROR    Failed to process telemetry record: KeyError('sm_utilization') (records_manager.py:336)
NoneType: None
02:20:26.128 ERROR    Failed to process telemetry record: KeyError('sm_utilization') (records_manager.py:336)
NoneType: None
02:20:26.129 ERROR    Failed to process telemetry record: KeyError('sm_utilization') (records_manager.py:336)
NoneType: None
02:20:26.485 ERROR    Failed to process telemetry record: KeyError('sm_utilization') (records_manager.py:336)
NoneType: None
02:20:26.485 ERROR    Failed to process telemetry record: KeyError('sm_utilization') (records_manager.py:336)
NoneType: None
02:20:26.846 ERROR    Failed to process telemetry record: KeyError('sm_utilization') (records_manager.py:336)
NoneType: None
02:20:26.847 ERROR    Failed to process telemetry record: KeyError('sm_utilization') (records_manager.py:336)
NoneType: None
02:20:27.204 ERROR    Failed to process telemetry record: KeyError('sm_utilization') (records_manager.py:336)
NoneType: None
02:20:27.205 ERROR    Failed to process telemetry record: KeyError('sm_utilization') (records_manager.py:336)
NoneType: None
02:20:27.565 ERROR    Failed to process telemetry record: KeyError('sm_utilization') (records_manager.py:336)
NoneType: None
02:20:27.566 ERROR    Failed to process telemetry record: KeyError('sm_utilization') (records_manager.py:336)
NoneType: None
02:20:27.924 ERROR    Failed to process telemetry record: KeyError('sm_utilization') (records_manager.py:336)
NoneType: None
02:20:27.925 ERROR    Failed to process telemetry record: KeyError('sm_utilization') (records_manager.py:336)
NoneType: None
02:20:28.281 ERROR    Failed to process telemetry record: KeyError('sm_utilization') (records_manager.py:336)
NoneType: None
02:20:28.282 ERROR    Failed to process telemetry record: KeyError('sm_utilization') (records_manager.py:336)
NoneType: None
02:20:28.642 ERROR    Failed to process telemetry record: KeyError('sm_utilization') (records_manager.py:336)
NoneType: None
02:20:28.643 ERROR    Failed to process telemetry record: KeyError('sm_utilization') (records_manager.py:336)
NoneType: None
02:20:28.999 ERROR    Failed to process telemetry record: KeyError('sm_utilization') (records_manager.py:336)
NoneType: None
02:20:29.000 ERROR    Failed to process telemetry record: KeyError('sm_utilization') (records_manager.py:336)
NoneType: None
02:20:29.357 ERROR    Failed to process telemetry record: KeyError('sm_utilization') (records_manager.py:336)
NoneType: None
02:20:29.357 ERROR    Failed to process telemetry record: KeyError('sm_utilization') (records_manager.py:336)
NoneType: None
02:20:29.719 ERROR    Failed to process telemetry record: KeyError('sm_utilization') (records_manager.py:336)
NoneType: None
02:20:29.720 ERROR    Failed to process telemetry record: KeyError('sm_utilization') (records_manager.py:336)
NoneType: None
02:20:30.081 ERROR    Failed to process telemetry record: KeyError('sm_utilization') (records_manager.py:336)
NoneType: None
02:20:30.082 ERROR    Failed to process telemetry record: KeyError('sm_utilization') (records_manager.py:336)
NoneType: None
02:20:30.440 ERROR    Failed to process telemetry record: KeyError('sm_utilization') (records_manager.py:336)
NoneType: None
02:20:30.441 ERROR    Failed to process telemetry record: KeyError('sm_utilization') (records_manager.py:336)
NoneType: None
02:20:30.802 ERROR    Failed to process telemetry record: KeyError('sm_utilization') (records_manager.py:336)
NoneType: None
02:20:30.803 ERROR    Failed to process telemetry record: KeyError('sm_utilization') (records_manager.py:336)
NoneType: None
02:20:31.161 ERROR    Failed to process telemetry record: KeyError('sm_utilization') (records_manager.py:336)
NoneType: None
02:20:31.162 ERROR    Failed to process telemetry record: KeyError('sm_utilization') (records_manager.py:336)
NoneType: None
02:20:31.522 ERROR    Failed to process telemetry record: KeyError('sm_utilization') (records_manager.py:336)
NoneType: None
02:20:31.523 ERROR    Failed to process telemetry record: KeyError('sm_utilization') (records_manager.py:336)
NoneType: None
02:20:31.878 ERROR    Failed to process telemetry record: KeyError('sm_utilization') (records_manager.py:336)
NoneType: None
02:20:31.879 ERROR    Failed to process telemetry record: KeyError('sm_utilization') (records_manager.py:336)
NoneType: None
02:20:32.235 ERROR    Failed to process telemetry record: KeyError('sm_utilization') (records_manager.py:336)
NoneType: None
02:20:32.236 ERROR    Failed to process telemetry record: KeyError('sm_utilization') (records_manager.py:336)
NoneType: None
02:20:32.594 ERROR    Failed to process telemetry record: KeyError('sm_utilization') (records_manager.py:336)
NoneType: None
02:20:32.595 ERROR    Failed to process telemetry record: KeyError('sm_utilization') (records_manager.py:336)
NoneType: None
02:20:32.959 ERROR    Failed to process telemetry record: KeyError('sm_utilization') (records_manager.py:336)
NoneType: None
02:20:32.960 ERROR    Failed to process telemetry record: KeyError('sm_utilization') (records_manager.py:336)
NoneType: None
02:20:33.323 ERROR    Failed to process telemetry record: KeyError('sm_utilization') (records_manager.py:336)
NoneType: None
02:20:33.323 ERROR    Failed to process telemetry record: KeyError('sm_utilization') (records_manager.py:336)
NoneType: None
02:20:33.679 ERROR    Failed to process telemetry record: KeyError('sm_utilization') (records_manager.py:336)
NoneType: None
02:20:33.680 ERROR    Failed to process telemetry record: KeyError('sm_utilization') (records_manager.py:336)
NoneType: None
02:20:34.036 ERROR    Failed to process telemetry record: KeyError('sm_utilization') (records_manager.py:336)
NoneType: None
02:20:34.037 ERROR    Failed to process telemetry record: KeyError('sm_utilization') (records_manager.py:336)
NoneType: None
02:20:34.406 ERROR    Failed to process telemetry record: KeyError('sm_utilization') (records_manager.py:336)
NoneType: None
02:20:34.407 ERROR    Failed to process telemetry record: KeyError('sm_utilization') (records_manager.py:336)
NoneType: None
02:20:34.770 ERROR    Failed to process telemetry record: KeyError('sm_utilization') (records_manager.py:336)
NoneType: None
02:20:34.770 ERROR    Failed to process telemetry record: KeyError('sm_utilization') (records_manager.py:336)
NoneType: None
02:20:35.130 ERROR    Failed to process telemetry record: KeyError('sm_utilization') (records_manager.py:336)
NoneType: None
02:20:35.130 ERROR    Failed to process telemetry record: KeyError('sm_utilization') (records_manager.py:336)
NoneType: None
02:20:35.488 ERROR    Failed to process telemetry record: KeyError('sm_utilization') (records_manager.py:336)
NoneType: None
02:20:35.489 ERROR    Failed to process telemetry record: KeyError('sm_utilization') (records_manager.py:336)
NoneType: None
02:20:35.854 ERROR    Failed to process telemetry record: KeyError('sm_utilization') (records_manager.py:336)
NoneType: None
02:20:35.859 ERROR    Failed to process telemetry record: KeyError('sm_utilization') (records_manager.py:336)
NoneType: None
02:20:36.210 ERROR    Failed to process telemetry record: KeyError('sm_utilization') (records_manager.py:336)
NoneType: None
02:20:36.210 ERROR    Failed to process telemetry record: KeyError('sm_utilization') (records_manager.py:336)
NoneType: None
02:20:36.568 ERROR    Failed to process telemetry record: KeyError('sm_utilization') (records_manager.py:336)
NoneType: None
02:20:36.569 ERROR    Failed to process telemetry record: KeyError('sm_utilization') (records_manager.py:336)
NoneType: None
02:20:36.925 ERROR    Failed to process telemetry record: KeyError('sm_utilization') (records_manager.py:336)
NoneType: None
02:20:36.926 ERROR    Failed to process telemetry record: KeyError('sm_utilization') (records_manager.py:336)
NoneType: None
02:20:37.281 ERROR    Failed to process telemetry record: KeyError('sm_utilization') (records_manager.py:336)
NoneType: None
02:20:37.282 ERROR    Failed to process telemetry record: KeyError('sm_utilization') (records_manager.py:336)
NoneType: None
02:20:37.639 ERROR    Failed to process telemetry record: KeyError('sm_utilization') (records_manager.py:336)
NoneType: None
02:20:37.639 ERROR    Failed to process telemetry record: KeyError('sm_utilization') (records_manager.py:336)
NoneType: None
02:20:38.009 ERROR    Failed to process telemetry record: KeyError('sm_utilization') (records_manager.py:336)
NoneType: None
02:20:38.010 ERROR    Failed to process telemetry record: KeyError('sm_utilization') (records_manager.py:336)
NoneType: None
02:20:38.370 ERROR    Failed to process telemetry record: KeyError('sm_utilization') (records_manager.py:336)
NoneType: None
02:20:38.371 ERROR    Failed to process telemetry record: KeyError('sm_utilization') (records_manager.py:336)
NoneType: None
02:20:38.732 ERROR    Failed to process telemetry record: KeyError('sm_utilization') (records_manager.py:336)
NoneType: None
02:20:38.733 ERROR    Failed to process telemetry record: KeyError('sm_utilization') (records_manager.py:336)
NoneType: None
02:20:39.089 ERROR    Failed to process telemetry record: KeyError('sm_utilization') (records_manager.py:336)
NoneType: None
02:20:39.094 ERROR    Failed to process telemetry record: KeyError('sm_utilization') (records_manager.py:336)
NoneType: None
02:20:39.451 ERROR    Failed to process telemetry record: KeyError('sm_utilization') (records_manager.py:336)
NoneType: None
02:20:39.451 ERROR    Failed to process telemetry record: KeyError('sm_utilization') (records_manager.py:336)
NoneType: None
02:20:39.808 ERROR    Failed to process telemetry record: KeyError('sm_utilization') (records_manager.py:336)
NoneType: None
02:20:39.809 ERROR    Failed to process telemetry record: KeyError('sm_utilization') (records_manager.py:336)
NoneType: None
02:20:40.165 ERROR    Failed to process telemetry record: KeyError('sm_utilization') (records_manager.py:336)
NoneType: None
02:20:40.166 ERROR    Failed to process telemetry record: KeyError('sm_utilization') (records_manager.py:336)
NoneType: None
02:20:40.521 ERROR    Failed to process telemetry record: KeyError('sm_utilization') (records_manager.py:336)
NoneType: None
02:20:40.521 ERROR    Failed to process telemetry record: KeyError('sm_utilization') (records_manager.py:336)
NoneType: None
02:20:40.879 ERROR    Failed to process telemetry record: KeyError('sm_utilization') (records_manager.py:336)
NoneType: None
02:20:40.880 ERROR    Failed to process telemetry record: KeyError('sm_utilization') (records_manager.py:336)
NoneType: None
02:20:41.237 ERROR    Failed to process telemetry record: KeyError('sm_utilization') (records_manager.py:336)
NoneType: None
02:20:41.238 ERROR    Failed to process telemetry record: KeyError('sm_utilization') (records_manager.py:336)
NoneType: None
02:20:41.607 ERROR    Failed to process telemetry record: KeyError('sm_utilization') (records_manager.py:336)
NoneType: None
02:20:41.608 ERROR    Failed to process telemetry record: KeyError('sm_utilization') (records_manager.py:336)
NoneType: None
02:20:41.967 ERROR    Failed to process telemetry record: KeyError('sm_utilization') (records_manager.py:336)
NoneType: None
02:20:41.967 ERROR    Failed to process telemetry record: KeyError('sm_utilization') (records_manager.py:336)
NoneType: None
02:20:42.330 ERROR    Failed to process telemetry record: KeyError('sm_utilization') (records_manager.py:336)
NoneType: None
02:20:42.331 ERROR    Failed to process telemetry record: KeyError('sm_utilization') (records_manager.py:336)
NoneType: None
02:20:42.692 ERROR    Failed to process telemetry record: KeyError('sm_utilization') (records_manager.py:336)
NoneType: None
02:20:42.692 ERROR    Failed to process telemetry record: KeyError('sm_utilization') (records_manager.py:336)
NoneType: None
02:20:43.052 ERROR    Failed to process telemetry record: KeyError('sm_utilization') (records_manager.py:336)
NoneType: None
02:20:43.052 ERROR    Failed to process telemetry record: KeyError('sm_utilization') (records_manager.py:336)
NoneType: None
02:20:43.409 ERROR    Failed to process telemetry record: KeyError('sm_utilization') (records_manager.py:336)
NoneType: None
02:20:43.409 ERROR    Failed to process telemetry record: KeyError('sm_utilization') (records_manager.py:336)
NoneType: None
02:20:43.766 ERROR    Failed to process telemetry record: KeyError('sm_utilization') (records_manager.py:336)
NoneType: None
02:20:43.767 ERROR    Failed to process telemetry record: KeyError('sm_utilization') (records_manager.py:336)
NoneType: None
02:20:44.122 ERROR    Failed to process telemetry record: KeyError('sm_utilization') (records_manager.py:336)
NoneType: None
02:20:44.123 ERROR    Failed to process telemetry record: KeyError('sm_utilization') (records_manager.py:336)
NoneType: None
02:20:44.479 ERROR    Failed to process telemetry record: KeyError('sm_utilization') (records_manager.py:336)
NoneType: None
02:20:44.480 ERROR    Failed to process telemetry record: KeyError('sm_utilization') (records_manager.py:336)
NoneType: None
02:20:44.840 ERROR    Failed to process telemetry record: KeyError('sm_utilization') (records_manager.py:336)
NoneType: None
02:20:44.841 ERROR    Failed to process telemetry record: KeyError('sm_utilization') (records_manager.py:336)
NoneType: None
02:20:45.202 ERROR    Failed to process telemetry record: KeyError('sm_utilization') (records_manager.py:336)
NoneType: None
02:20:45.203 ERROR    Failed to process telemetry record: KeyError('sm_utilization') (records_manager.py:336)
NoneType: None
02:20:45.560 ERROR    Failed to process telemetry record: KeyError('sm_utilization') (records_manager.py:336)
NoneType: None
02:20:45.561 ERROR    Failed to process telemetry record: KeyError('sm_utilization') (records_manager.py:336)
NoneType: None
02:20:45.924 ERROR    Failed to process telemetry record: KeyError('sm_utilization') (records_manager.py:336)
NoneType: None
02:20:45.925 ERROR    Failed to process telemetry record: KeyError('sm_utilization') (records_manager.py:336)
NoneType: None
02:20:46.285 ERROR    Failed to process telemetry record: KeyError('sm_utilization') (records_manager.py:336)
NoneType: None
02:20:46.286 ERROR    Failed to process telemetry record: KeyError('sm_utilization') (records_manager.py:336)
NoneType: None
02:20:46.651 ERROR    Failed to process telemetry record: KeyError('sm_utilization') (records_manager.py:336)
NoneType: None
02:20:46.652 ERROR    Failed to process telemetry record: KeyError('sm_utilization') (records_manager.py:336)
NoneType: None
02:20:47.009 ERROR    Failed to process telemetry record: KeyError('sm_utilization') (records_manager.py:336)
NoneType: None
02:20:47.009 ERROR    Failed to process telemetry record: KeyError('sm_utilization') (records_manager.py:336)
NoneType: None
02:20:47.365 ERROR    Failed to process telemetry record: KeyError('sm_utilization') (records_manager.py:336)
NoneType: None
02:20:47.366 ERROR    Failed to process telemetry record: KeyError('sm_utilization') (records_manager.py:336)
NoneType: None
02:20:47.723 ERROR    Failed to process telemetry record: KeyError('sm_utilization') (records_manager.py:336)
NoneType: None
02:20:47.724 ERROR    Failed to process telemetry record: KeyError('sm_utilization') (records_manager.py:336)
NoneType: None
02:20:48.084 ERROR    Failed to process telemetry record: KeyError('sm_utilization') (records_manager.py:336)
NoneType: None
02:20:48.085 ERROR    Failed to process telemetry record: KeyError('sm_utilization') (records_manager.py:336)
NoneType: None
02:20:48.440 ERROR    Failed to process telemetry record: KeyError('sm_utilization') (records_manager.py:336)
NoneType: None
02:20:48.441 ERROR    Failed to process telemetry record: KeyError('sm_utilization') (records_manager.py:336)
NoneType: None
/pscratch/sd/k/krajeshk/PRISM_env/venvs/vllm-env/lib/python3.12/site-packages/pydantic/main.py:475: UserWarning: Pydantic serializer warnings:
  PydanticSerializationUnexpectedValue(Expected `enum` - serialized value may not be as expected [field_name='transport', input_value='http', input_type=str])
  return self.__pydantic_serializer__.to_python(
02:20:48.797 ERROR    Failed to process telemetry record: KeyError('sm_utilization') (records_manager.py:336)
NoneType: None
02:20:48.804 ERROR    Failed to process telemetry record: KeyError('sm_utilization') (records_manager.py:336)
NoneType: None
02:20:49.155 ERROR    Failed to process telemetry record: KeyError('sm_utilization') (records_manager.py:336)
NoneType: None
02:20:49.156 ERROR    Failed to process telemetry record: KeyError('sm_utilization') (records_manager.py:336)
NoneType: None
02:20:49.517 ERROR    Failed to process telemetry record: KeyError('sm_utilization') (records_manager.py:336)
NoneType: None
02:20:49.518 ERROR    Failed to process telemetry record: KeyError('sm_utilization') (records_manager.py:336)
NoneType: None
02:20:49.873 ERROR    Failed to process telemetry record: KeyError('sm_utilization') (records_manager.py:336)
NoneType: None
02:20:49.874 ERROR    Failed to process telemetry record: KeyError('sm_utilization') (records_manager.py:336)
NoneType: None
02:20:50.227 ERROR    Failed to process telemetry record: KeyError('sm_utilization') (records_manager.py:336)
NoneType: None
02:20:50.228 ERROR    Failed to process telemetry record: KeyError('sm_utilization') (records_manager.py:336)
NoneType: None
02:20:50.593 ERROR    Failed to process telemetry record: KeyError('sm_utilization') (records_manager.py:336)
NoneType: None
02:20:50.594 ERROR    Failed to process telemetry record: KeyError('sm_utilization') (records_manager.py:336)
NoneType: None
02:20:50.958 ERROR    Failed to process telemetry record: KeyError('sm_utilization') (records_manager.py:336)
NoneType: None
02:20:50.958 ERROR    Failed to process telemetry record: KeyError('sm_utilization') (records_manager.py:336)
NoneType: None
02:20:51.322 ERROR    Failed to process telemetry record: KeyError('sm_utilization') (records_manager.py:336)
NoneType: None
02:20:51.326 ERROR    Failed to process telemetry record: KeyError('sm_utilization') (records_manager.py:336)
NoneType: None
02:20:51.687 ERROR    Failed to process telemetry record: KeyError('sm_utilization') (records_manager.py:336)
NoneType: None
02:20:51.689 ERROR    Failed to process telemetry record: KeyError('sm_utilization') (records_manager.py:336)
NoneType: None
02:20:52.047 ERROR    Failed to process telemetry record: KeyError('sm_utilization') (records_manager.py:336)
NoneType: None
02:20:52.048 ERROR    Failed to process telemetry record: KeyError('sm_utilization') (records_manager.py:336)
NoneType: None
02:20:52.414 ERROR    Failed to process telemetry record: KeyError('sm_utilization') (records_manager.py:336)
NoneType: None
02:20:52.414 ERROR    Failed to process telemetry record: KeyError('sm_utilization') (records_manager.py:336)
NoneType: None
02:20:52.775 ERROR    Failed to process telemetry record: KeyError('sm_utilization') (records_manager.py:336)
NoneType: None
02:20:52.776 ERROR    Failed to process telemetry record: KeyError('sm_utilization') (records_manager.py:336)
NoneType: None
02:20:53.134 ERROR    Failed to process telemetry record: KeyError('sm_utilization') (records_manager.py:336)
NoneType: None
02:20:53.135 ERROR    Failed to process telemetry record: KeyError('sm_utilization') (records_manager.py:336)
NoneType: None
02:20:53.491 ERROR    Failed to process telemetry record: KeyError('sm_utilization') (records_manager.py:336)
NoneType: None
02:20:53.491 ERROR    Failed to process telemetry record: KeyError('sm_utilization') (records_manager.py:336)
NoneType: None
02:20:53.853 ERROR    Failed to process telemetry record: KeyError('sm_utilization') (records_manager.py:336)
NoneType: None
02:20:53.854 ERROR    Failed to process telemetry record: KeyError('sm_utilization') (records_manager.py:336)
NoneType: None
02:20:54.218 ERROR    Failed to process telemetry record: KeyError('sm_utilization') (records_manager.py:336)
NoneType: None
02:20:54.218 ERROR    Failed to process telemetry record: KeyError('sm_utilization') (records_manager.py:336)
NoneType: None
02:20:54.574 ERROR    Failed to process telemetry record: KeyError('sm_utilization') (records_manager.py:336)
NoneType: None
02:20:54.575 ERROR    Failed to process telemetry record: KeyError('sm_utilization') (records_manager.py:336)
NoneType: None
02:20:54.932 ERROR    Failed to process telemetry record: KeyError('sm_utilization') (records_manager.py:336)
NoneType: None
02:20:54.933 ERROR    Failed to process telemetry record: KeyError('sm_utilization') (records_manager.py:336)
NoneType: None
02:20:55.293 ERROR    Failed to process telemetry record: KeyError('sm_utilization') (records_manager.py:336)
NoneType: None
02:20:55.294 ERROR    Failed to process telemetry record: KeyError('sm_utilization') (records_manager.py:336)
NoneType: None
02:20:55.657 ERROR    Failed to process telemetry record: KeyError('sm_utilization') (records_manager.py:336)
NoneType: None
02:20:55.658 ERROR    Failed to process telemetry record: KeyError('sm_utilization') (records_manager.py:336)
NoneType: None
02:20:56.017 ERROR    Failed to process telemetry record: KeyError('sm_utilization') (records_manager.py:336)
NoneType: None
02:20:56.017 ERROR    Failed to process telemetry record: KeyError('sm_utilization') (records_manager.py:336)
NoneType: None
02:20:56.373 ERROR    Failed to process telemetry record: KeyError('sm_utilization') (records_manager.py:336)
NoneType: None
02:20:56.374 ERROR    Failed to process telemetry record: KeyError('sm_utilization') (records_manager.py:336)
NoneType: None
02:20:56.732 ERROR    Failed to process telemetry record: KeyError('sm_utilization') (records_manager.py:336)
NoneType: None
02:20:56.733 ERROR    Failed to process telemetry record: KeyError('sm_utilization') (records_manager.py:336)
NoneType: None
02:20:57.093 ERROR    Failed to process telemetry record: KeyError('sm_utilization') (records_manager.py:336)
NoneType: None
02:20:57.096 ERROR    Failed to process telemetry record: KeyError('sm_utilization') (records_manager.py:336)
NoneType: None
02:20:57.460 ERROR    Failed to process telemetry record: KeyError('sm_utilization') (records_manager.py:336)
NoneType: None
02:20:57.461 ERROR    Failed to process telemetry record: KeyError('sm_utilization') (records_manager.py:336)
NoneType: None
02:20:57.819 ERROR    Failed to process telemetry record: KeyError('sm_utilization') (records_manager.py:336)
NoneType: None
02:20:57.820 ERROR    Failed to process telemetry record: KeyError('sm_utilization') (records_manager.py:336)
NoneType: None
02:20:58.180 ERROR    Failed to process telemetry record: KeyError('sm_utilization') (records_manager.py:336)
NoneType: None
02:20:58.183 ERROR    Failed to process telemetry record: KeyError('sm_utilization') (records_manager.py:336)
NoneType: None
02:20:58.543 ERROR    Failed to process telemetry record: KeyError('sm_utilization') (records_manager.py:336)
NoneType: None
02:20:58.544 ERROR    Failed to process telemetry record: KeyError('sm_utilization') (records_manager.py:336)
NoneType: None
02:20:58.912 ERROR    Failed to process telemetry record: KeyError('sm_utilization') (records_manager.py:336)
NoneType: None
02:20:58.912 ERROR    Failed to process telemetry record: KeyError('sm_utilization') (records_manager.py:336)
NoneType: None
02:20:59.273 ERROR    Failed to process telemetry record: KeyError('sm_utilization') (records_manager.py:336)
NoneType: None
02:20:59.276 ERROR    Failed to process telemetry record: KeyError('sm_utilization') (records_manager.py:336)
NoneType: None
02:20:59.630 ERROR    Failed to process telemetry record: KeyError('sm_utilization') (records_manager.py:336)
NoneType: None
02:20:59.633 ERROR    Failed to process telemetry record: KeyError('sm_utilization') (records_manager.py:336)
NoneType: None
02:20:59.987 ERROR    Failed to process telemetry record: KeyError('sm_utilization') (records_manager.py:336)
NoneType: None
02:20:59.988 ERROR    Failed to process telemetry record: KeyError('sm_utilization') (records_manager.py:336)
NoneType: None
02:21:00.344 ERROR    Failed to process telemetry record: KeyError('sm_utilization') (records_manager.py:336)
NoneType: None
02:21:00.345 ERROR    Failed to process telemetry record: KeyError('sm_utilization') (records_manager.py:336)
NoneType: None
02:21:00.703 ERROR    Failed to process telemetry record: KeyError('sm_utilization') (records_manager.py:336)
NoneType: None
02:21:00.704 ERROR    Failed to process telemetry record: KeyError('sm_utilization') (records_manager.py:336)
NoneType: None
02:21:01.061 ERROR    Failed to process telemetry record: KeyError('sm_utilization') (records_manager.py:336)
NoneType: None
02:21:01.061 ERROR    Failed to process telemetry record: KeyError('sm_utilization') (records_manager.py:336)
NoneType: None
02:21:01.418 ERROR    Failed to process telemetry record: KeyError('sm_utilization') (records_manager.py:336)
NoneType: None
02:21:01.418 ERROR    Failed to process telemetry record: KeyError('sm_utilization') (records_manager.py:336)
NoneType: None
02:21:01.778 ERROR    Failed to process telemetry record: KeyError('sm_utilization') (records_manager.py:336)
NoneType: None
02:21:01.779 ERROR    Failed to process telemetry record: KeyError('sm_utilization') (records_manager.py:336)
NoneType: None
02:21:02.141 ERROR    Failed to process telemetry record: KeyError('sm_utilization') (records_manager.py:336)
NoneType: None
02:21:02.141 ERROR    Failed to process telemetry record: KeyError('sm_utilization') (records_manager.py:336)
NoneType: None
02:21:02.503 ERROR    Failed to process telemetry record: KeyError('sm_utilization') (records_manager.py:336)
NoneType: None
02:21:02.504 ERROR    Failed to process telemetry record: KeyError('sm_utilization') (records_manager.py:336)
NoneType: None
02:21:02.871 ERROR    Failed to process telemetry record: KeyError('sm_utilization') (records_manager.py:336)
NoneType: None
02:21:02.872 ERROR    Failed to process telemetry record: KeyError('sm_utilization') (records_manager.py:336)
NoneType: None
02:21:03.237 ERROR    Failed to process telemetry record: KeyError('sm_utilization') (records_manager.py:336)
NoneType: None
02:21:03.238 ERROR    Failed to process telemetry record: KeyError('sm_utilization') (records_manager.py:336)
NoneType: None
02:21:03.601 ERROR    Failed to process telemetry record: KeyError('sm_utilization') (records_manager.py:336)
NoneType: None
02:21:03.602 ERROR    Failed to process telemetry record: KeyError('sm_utilization') (records_manager.py:336)
NoneType: None
02:21:03.962 ERROR    Failed to process telemetry record: KeyError('sm_utilization') (records_manager.py:336)
NoneType: None
02:21:03.963 ERROR    Failed to process telemetry record: KeyError('sm_utilization') (records_manager.py:336)
NoneType: None
02:21:04.319 ERROR    Failed to process telemetry record: KeyError('sm_utilization') (records_manager.py:336)
NoneType: None
02:21:04.320 ERROR    Failed to process telemetry record: KeyError('sm_utilization') (records_manager.py:336)
NoneType: None
02:21:04.677 ERROR    Failed to process telemetry record: KeyError('sm_utilization') (records_manager.py:336)
NoneType: None
02:21:04.678 ERROR    Failed to process telemetry record: KeyError('sm_utilization') (records_manager.py:336)
NoneType: None
02:21:05.034 ERROR    Failed to process telemetry record: KeyError('sm_utilization') (records_manager.py:336)
NoneType: None
02:21:05.034 ERROR    Failed to process telemetry record: KeyError('sm_utilization') (records_manager.py:336)
NoneType: None
02:21:05.392 ERROR    Failed to process telemetry record: KeyError('sm_utilization') (records_manager.py:336)
NoneType: None
02:21:05.392 ERROR    Failed to process telemetry record: KeyError('sm_utilization') (records_manager.py:336)
NoneType: None
02:21:05.753 ERROR    Failed to process telemetry record: KeyError('sm_utilization') (records_manager.py:336)
NoneType: None
02:21:05.754 ERROR    Failed to process telemetry record: KeyError('sm_utilization') (records_manager.py:336)
NoneType: None
02:21:06.115 ERROR    Failed to process telemetry record: KeyError('sm_utilization') (records_manager.py:336)
NoneType: None
02:21:06.116 ERROR    Failed to process telemetry record: KeyError('sm_utilization') (records_manager.py:336)
NoneType: None
02:21:06.471 ERROR    Failed to process telemetry record: KeyError('sm_utilization') (records_manager.py:336)
NoneType: None
02:21:06.472 ERROR    Failed to process telemetry record: KeyError('sm_utilization') (records_manager.py:336)
NoneType: None
02:21:06.854 ERROR    Failed to process telemetry record: KeyError('sm_utilization') (records_manager.py:336)
NoneType: None
02:21:06.855 ERROR    Failed to process telemetry record: KeyError('sm_utilization') (records_manager.py:336)
NoneType: None
02:21:07.219 ERROR    Failed to process telemetry record: KeyError('sm_utilization') (records_manager.py:336)
NoneType: None
02:21:07.223 ERROR    Failed to process telemetry record: KeyError('sm_utilization') (records_manager.py:336)
NoneType: None
02:21:07.575 ERROR    Failed to process telemetry record: KeyError('sm_utilization') (records_manager.py:336)
NoneType: None
02:21:07.575 ERROR    Failed to process telemetry record: KeyError('sm_utilization') (records_manager.py:336)
NoneType: None
02:21:07.933 ERROR    Failed to process telemetry record: KeyError('sm_utilization') (records_manager.py:336)
NoneType: None
02:21:07.934 ERROR    Failed to process telemetry record: KeyError('sm_utilization') (records_manager.py:336)
NoneType: None
02:21:08.293 ERROR    Failed to process telemetry record: KeyError('sm_utilization') (records_manager.py:336)
NoneType: None
02:21:08.294 ERROR    Failed to process telemetry record: KeyError('sm_utilization') (records_manager.py:336)
NoneType: None
02:21:08.656 ERROR    Failed to process telemetry record: KeyError('sm_utilization') (records_manager.py:336)
NoneType: None
02:21:08.657 ERROR    Failed to process telemetry record: KeyError('sm_utilization') (records_manager.py:336)
NoneType: None
02:21:09.017 ERROR    Failed to process telemetry record: KeyError('sm_utilization') (records_manager.py:336)
NoneType: None
02:21:09.017 ERROR    Failed to process telemetry record: KeyError('sm_utilization') (records_manager.py:336)
NoneType: None
02:21:09.373 ERROR    Failed to process telemetry record: KeyError('sm_utilization') (records_manager.py:336)
NoneType: None
02:21:09.379 ERROR    Failed to process telemetry record: KeyError('sm_utilization') (records_manager.py:336)
NoneType: None
02:21:09.730 ERROR    Failed to process telemetry record: KeyError('sm_utilization') (records_manager.py:336)
NoneType: None
02:21:09.731 ERROR    Failed to process telemetry record: KeyError('sm_utilization') (records_manager.py:336)
NoneType: None
02:21:10.087 ERROR    Failed to process telemetry record: KeyError('sm_utilization') (records_manager.py:336)
NoneType: None
02:21:10.088 ERROR    Failed to process telemetry record: KeyError('sm_utilization') (records_manager.py:336)
NoneType: None
02:21:10.443 ERROR    Failed to process telemetry record: KeyError('sm_utilization') (records_manager.py:336)
NoneType: None
02:21:10.444 ERROR    Failed to process telemetry record: KeyError('sm_utilization') (records_manager.py:336)
NoneType: None
02:21:10.804 ERROR    Failed to process telemetry record: KeyError('sm_utilization') (records_manager.py:336)
NoneType: None
02:21:10.805 ERROR    Failed to process telemetry record: KeyError('sm_utilization') (records_manager.py:336)
NoneType: None
02:21:11.166 ERROR    Failed to process telemetry record: KeyError('sm_utilization') (records_manager.py:336)
NoneType: None
02:21:11.167 ERROR    Failed to process telemetry record: KeyError('sm_utilization') (records_manager.py:336)
NoneType: None
02:21:11.527 ERROR    Failed to process telemetry record: KeyError('sm_utilization') (records_manager.py:336)
NoneType: None
02:21:11.528 ERROR    Failed to process telemetry record: KeyError('sm_utilization') (records_manager.py:336)
NoneType: None
02:21:11.886 ERROR    Failed to process telemetry record: KeyError('sm_utilization') (records_manager.py:336)
NoneType: None
02:21:11.890 ERROR    Failed to process telemetry record: KeyError('sm_utilization') (records_manager.py:336)
NoneType: None
02:21:12.246 ERROR    Failed to process telemetry record: KeyError('sm_utilization') (records_manager.py:336)
NoneType: None
02:21:12.248 ERROR    Failed to process telemetry record: KeyError('sm_utilization') (records_manager.py:336)
NoneType: None
02:21:12.603 ERROR    Failed to process telemetry record: KeyError('sm_utilization') (records_manager.py:336)
NoneType: None
02:21:12.604 ERROR    Failed to process telemetry record: KeyError('sm_utilization') (records_manager.py:336)
NoneType: None
02:21:12.961 ERROR    Failed to process telemetry record: KeyError('sm_utilization') (records_manager.py:336)
NoneType: None
02:21:12.962 ERROR    Failed to process telemetry record: KeyError('sm_utilization') (records_manager.py:336)
NoneType: None
02:21:13.324 ERROR    Failed to process telemetry record: KeyError('sm_utilization') (records_manager.py:336)
NoneType: None
02:21:13.324 ERROR    Failed to process telemetry record: KeyError('sm_utilization') (records_manager.py:336)
NoneType: None
02:21:13.680 ERROR    Failed to process telemetry record: KeyError('sm_utilization') (records_manager.py:336)
NoneType: None
02:21:13.681 ERROR    Failed to process telemetry record: KeyError('sm_utilization') (records_manager.py:336)
NoneType: None
02:21:14.036 ERROR    Failed to process telemetry record: KeyError('sm_utilization') (records_manager.py:336)
NoneType: None
02:21:14.037 ERROR    Failed to process telemetry record: KeyError('sm_utilization') (records_manager.py:336)
NoneType: None
02:21:14.398 ERROR    Failed to process telemetry record: KeyError('sm_utilization') (records_manager.py:336)
NoneType: None
02:21:14.400 ERROR    Failed to process telemetry record: KeyError('sm_utilization') (records_manager.py:336)
NoneType: None
02:21:14.763 ERROR    Failed to process telemetry record: KeyError('sm_utilization') (records_manager.py:336)
NoneType: None
02:21:14.763 ERROR    Failed to process telemetry record: KeyError('sm_utilization') (records_manager.py:336)
NoneType: None
02:21:15.124 ERROR    Failed to process telemetry record: KeyError('sm_utilization') (records_manager.py:336)
NoneType: None
02:21:15.125 ERROR    Failed to process telemetry record: KeyError('sm_utilization') (records_manager.py:336)
NoneType: None
02:21:15.484 ERROR    Failed to process telemetry record: KeyError('sm_utilization') (records_manager.py:336)
NoneType: None
02:21:15.485 ERROR    Failed to process telemetry record: KeyError('sm_utilization') (records_manager.py:336)
NoneType: None
02:21:15.844 ERROR    Failed to process telemetry record: KeyError('sm_utilization') (records_manager.py:336)
NoneType: None
02:21:15.845 ERROR    Failed to process telemetry record: KeyError('sm_utilization') (records_manager.py:336)
NoneType: None
02:21:16.201 ERROR    Failed to process telemetry record: KeyError('sm_utilization') (records_manager.py:336)
NoneType: None
02:21:16.202 ERROR    Failed to process telemetry record: KeyError('sm_utilization') (records_manager.py:336)
NoneType: None
02:21:16.563 ERROR    Failed to process telemetry record: KeyError('sm_utilization') (records_manager.py:336)
NoneType: None
02:21:16.564 ERROR    Failed to process telemetry record: KeyError('sm_utilization') (records_manager.py:336)
NoneType: None
02:21:16.926 ERROR    Failed to process telemetry record: KeyError('sm_utilization') (records_manager.py:336)
NoneType: None
02:21:16.926 ERROR    Failed to process telemetry record: KeyError('sm_utilization') (records_manager.py:336)
NoneType: None
02:21:17.284 ERROR    Failed to process telemetry record: KeyError('sm_utilization') (records_manager.py:336)
NoneType: None
02:21:17.285 ERROR    Failed to process telemetry record: KeyError('sm_utilization') (records_manager.py:336)
NoneType: None
02:21:17.645 ERROR    Failed to process telemetry record: KeyError('sm_utilization') (records_manager.py:336)
NoneType: None
02:21:17.645 ERROR    Failed to process telemetry record: KeyError('sm_utilization') (records_manager.py:336)
NoneType: None
02:21:18.005 ERROR    Failed to process telemetry record: KeyError('sm_utilization') (records_manager.py:336)
NoneType: None
02:21:18.006 ERROR    Failed to process telemetry record: KeyError('sm_utilization') (records_manager.py:336)
NoneType: None
02:21:18.365 ERROR    Failed to process telemetry record: KeyError('sm_utilization') (records_manager.py:336)
NoneType: None
02:21:18.366 ERROR    Failed to process telemetry record: KeyError('sm_utilization') (records_manager.py:336)
NoneType: None
02:21:18.721 ERROR    Failed to process telemetry record: KeyError('sm_utilization') (records_manager.py:336)
NoneType: None
02:21:18.722 ERROR    Failed to process telemetry record: KeyError('sm_utilization') (records_manager.py:336)
NoneType: None
02:21:19.080 ERROR    Failed to process telemetry record: KeyError('sm_utilization') (records_manager.py:336)
NoneType: None
02:21:19.080 ERROR    Failed to process telemetry record: KeyError('sm_utilization') (records_manager.py:336)
NoneType: None
02:21:19.446 ERROR    Failed to process telemetry record: KeyError('sm_utilization') (records_manager.py:336)
NoneType: None
02:21:19.446 ERROR    Failed to process telemetry record: KeyError('sm_utilization') (records_manager.py:336)
NoneType: None
02:21:19.807 ERROR    Failed to process telemetry record: KeyError('sm_utilization') (records_manager.py:336)
NoneType: None
02:21:19.807 ERROR    Failed to process telemetry record: KeyError('sm_utilization') (records_manager.py:336)
NoneType: None
02:21:20.170 ERROR    Failed to process telemetry record: KeyError('sm_utilization') (records_manager.py:336)
NoneType: None
02:21:20.170 ERROR    Failed to process telemetry record: KeyError('sm_utilization') (records_manager.py:336)
NoneType: None
02:21:20.528 ERROR    Failed to process telemetry record: KeyError('sm_utilization') (records_manager.py:336)
NoneType: None
02:21:20.529 ERROR    Failed to process telemetry record: KeyError('sm_utilization') (records_manager.py:336)
NoneType: None
02:21:20.885 ERROR    Failed to process telemetry record: KeyError('sm_utilization') (records_manager.py:336)
NoneType: None
02:21:20.886 ERROR    Failed to process telemetry record: KeyError('sm_utilization') (records_manager.py:336)
NoneType: None
02:21:21.241 ERROR    Failed to process telemetry record: KeyError('sm_utilization') (records_manager.py:336)
NoneType: None
02:21:21.242 ERROR    Failed to process telemetry record: KeyError('sm_utilization') (records_manager.py:336)
NoneType: None
02:21:21.609 ERROR    Failed to process telemetry record: KeyError('sm_utilization') (records_manager.py:336)
NoneType: None
02:21:21.609 ERROR    Failed to process telemetry record: KeyError('sm_utilization') (records_manager.py:336)
NoneType: None
02:21:21.972 ERROR    Failed to process telemetry record: KeyError('sm_utilization') (records_manager.py:336)
NoneType: None
02:21:21.972 ERROR    Failed to process telemetry record: KeyError('sm_utilization') (records_manager.py:336)
NoneType: None
02:21:22.332 ERROR    Failed to process telemetry record: KeyError('sm_utilization') (records_manager.py:336)
NoneType: None
02:21:22.333 ERROR    Failed to process telemetry record: KeyError('sm_utilization') (records_manager.py:336)
NoneType: None
02:21:22.688 ERROR    Failed to process telemetry record: KeyError('sm_utilization') (records_manager.py:336)
NoneType: None
02:21:22.689 ERROR    Failed to process telemetry record: KeyError('sm_utilization') (records_manager.py:336)
NoneType: None
02:21:23.046 ERROR    Failed to process telemetry record: KeyError('sm_utilization') (records_manager.py:336)
NoneType: None
02:21:23.047 ERROR    Failed to process telemetry record: KeyError('sm_utilization') (records_manager.py:336)
NoneType: None
02:21:23.407 ERROR    Failed to process telemetry record: KeyError('sm_utilization') (records_manager.py:336)
NoneType: None
02:21:23.408 ERROR    Failed to process telemetry record: KeyError('sm_utilization') (records_manager.py:336)
NoneType: None
02:21:23.779 ERROR    Failed to process telemetry record: KeyError('sm_utilization') (records_manager.py:336)
NoneType: None
02:21:23.780 ERROR    Failed to process telemetry record: KeyError('sm_utilization') (records_manager.py:336)
NoneType: None
02:21:24.142 ERROR    Failed to process telemetry record: KeyError('sm_utilization') (records_manager.py:336)
NoneType: None
02:21:24.143 ERROR    Failed to process telemetry record: KeyError('sm_utilization') (records_manager.py:336)
NoneType: None
02:21:24.500 ERROR    Failed to process telemetry record: KeyError('sm_utilization') (records_manager.py:336)
NoneType: None
02:21:24.501 ERROR    Failed to process telemetry record: KeyError('sm_utilization') (records_manager.py:336)
NoneType: None
02:21:24.861 ERROR    Failed to process telemetry record: KeyError('sm_utilization') (records_manager.py:336)
NoneType: None
02:21:24.862 ERROR    Failed to process telemetry record: KeyError('sm_utilization') (records_manager.py:336)
NoneType: None
02:21:25.225 ERROR    Failed to process telemetry record: KeyError('sm_utilization') (records_manager.py:336)
NoneType: None
02:21:25.225 ERROR    Failed to process telemetry record: KeyError('sm_utilization') (records_manager.py:336)
NoneType: None
02:21:25.582 ERROR    Failed to process telemetry record: KeyError('sm_utilization') (records_manager.py:336)
NoneType: None
02:21:25.583 ERROR    Failed to process telemetry record: KeyError('sm_utilization') (records_manager.py:336)
NoneType: None
02:21:25.940 ERROR    Failed to process telemetry record: KeyError('sm_utilization') (records_manager.py:336)
NoneType: None
02:21:25.940 ERROR    Failed to process telemetry record: KeyError('sm_utilization') (records_manager.py:336)
NoneType: None
02:21:26.296 ERROR    Failed to process telemetry record: KeyError('sm_utilization') (records_manager.py:336)
NoneType: None
02:21:26.297 ERROR    Failed to process telemetry record: KeyError('sm_utilization') (records_manager.py:336)
NoneType: None
02:21:26.654 ERROR    Failed to process telemetry record: KeyError('sm_utilization') (records_manager.py:336)
NoneType: None
02:21:26.655 ERROR    Failed to process telemetry record: KeyError('sm_utilization') (records_manager.py:336)
NoneType: None
02:21:27.020 ERROR    Failed to process telemetry record: KeyError('sm_utilization') (records_manager.py:336)
NoneType: None
02:21:27.021 ERROR    Failed to process telemetry record: KeyError('sm_utilization') (records_manager.py:336)
NoneType: None
02:21:27.381 ERROR    Failed to process telemetry record: KeyError('sm_utilization') (records_manager.py:336)
NoneType: None
02:21:27.381 ERROR    Failed to process telemetry record: KeyError('sm_utilization') (records_manager.py:336)
NoneType: None
02:21:27.743 ERROR    Failed to process telemetry record: KeyError('sm_utilization') (records_manager.py:336)
NoneType: None
02:21:27.744 ERROR    Failed to process telemetry record: KeyError('sm_utilization') (records_manager.py:336)
NoneType: None
02:21:28.099 ERROR    Failed to process telemetry record: KeyError('sm_utilization') (records_manager.py:336)
NoneType: None
02:21:28.100 ERROR    Failed to process telemetry record: KeyError('sm_utilization') (records_manager.py:336)
NoneType: None
02:21:28.458 ERROR    Failed to process telemetry record: KeyError('sm_utilization') (records_manager.py:336)
NoneType: None
02:21:28.459 ERROR    Failed to process telemetry record: KeyError('sm_utilization') (records_manager.py:336)
NoneType: None
02:21:28.821 ERROR    Failed to process telemetry record: KeyError('sm_utilization') (records_manager.py:336)
NoneType: None
02:21:28.822 ERROR    Failed to process telemetry record: KeyError('sm_utilization') (records_manager.py:336)
NoneType: None
02:21:29.182 ERROR    Failed to process telemetry record: KeyError('sm_utilization') (records_manager.py:336)
NoneType: None
02:21:29.183 ERROR    Failed to process telemetry record: KeyError('sm_utilization') (records_manager.py:336)
NoneType: None
02:21:29.541 ERROR    Failed to process telemetry record: KeyError('sm_utilization') (records_manager.py:336)
NoneType: None
02:21:29.541 ERROR    Failed to process telemetry record: KeyError('sm_utilization') (records_manager.py:336)
NoneType: None
02:21:29.898 ERROR    Failed to process telemetry record: KeyError('sm_utilization') (records_manager.py:336)
NoneType: None
02:21:29.899 ERROR    Failed to process telemetry record: KeyError('sm_utilization') (records_manager.py:336)
NoneType: None
02:21:30.260 ERROR    Failed to process telemetry record: KeyError('sm_utilization') (records_manager.py:336)
NoneType: None
02:21:30.260 ERROR    Failed to process telemetry record: KeyError('sm_utilization') (records_manager.py:336)
NoneType: None
02:21:30.622 ERROR    Failed to process telemetry record: KeyError('sm_utilization') (records_manager.py:336)
NoneType: None
02:21:30.623 ERROR    Failed to process telemetry record: KeyError('sm_utilization') (records_manager.py:336)
NoneType: None
02:21:30.979 ERROR    Failed to process telemetry record: KeyError('sm_utilization') (records_manager.py:336)
NoneType: None
02:21:30.980 ERROR    Failed to process telemetry record: KeyError('sm_utilization') (records_manager.py:336)
NoneType: None
02:21:31.340 ERROR    Failed to process telemetry record: KeyError('sm_utilization') (records_manager.py:336)
NoneType: None
02:21:31.341 ERROR    Failed to process telemetry record: KeyError('sm_utilization') (records_manager.py:336)
NoneType: None
02:21:31.696 ERROR    Failed to process telemetry record: KeyError('sm_utilization') (records_manager.py:336)
NoneType: None
02:21:31.697 ERROR    Failed to process telemetry record: KeyError('sm_utilization') (records_manager.py:336)
NoneType: None
02:21:32.074 ERROR    Failed to process telemetry record: KeyError('sm_utilization') (records_manager.py:336)
NoneType: None
02:21:32.075 ERROR    Failed to process telemetry record: KeyError('sm_utilization') (records_manager.py:336)
NoneType: None
02:21:32.440 ERROR    Failed to process telemetry record: KeyError('sm_utilization') (records_manager.py:336)
NoneType: None
02:21:32.441 ERROR    Failed to process telemetry record: KeyError('sm_utilization') (records_manager.py:336)
NoneType: None
02:21:32.797 ERROR    Failed to process telemetry record: KeyError('sm_utilization') (records_manager.py:336)
NoneType: None
02:21:32.797 ERROR    Failed to process telemetry record: KeyError('sm_utilization') (records_manager.py:336)
NoneType: None
02:21:33.153 ERROR    Failed to process telemetry record: KeyError('sm_utilization') (records_manager.py:336)
NoneType: None
02:21:33.153 ERROR    Failed to process telemetry record: KeyError('sm_utilization') (records_manager.py:336)
NoneType: None
02:21:33.509 ERROR    Failed to process telemetry record: KeyError('sm_utilization') (records_manager.py:336)
NoneType: None
02:21:33.510 ERROR    Failed to process telemetry record: KeyError('sm_utilization') (records_manager.py:336)
NoneType: None
02:21:33.868 ERROR    Failed to process telemetry record: KeyError('sm_utilization') (records_manager.py:336)
NoneType: None
02:21:33.869 ERROR    Failed to process telemetry record: KeyError('sm_utilization') (records_manager.py:336)
NoneType: None
02:21:34.227 ERROR    Failed to process telemetry record: KeyError('sm_utilization') (records_manager.py:336)
NoneType: None
02:21:34.228 ERROR    Failed to process telemetry record: KeyError('sm_utilization') (records_manager.py:336)
NoneType: None
02:21:34.587 ERROR    Failed to process telemetry record: KeyError('sm_utilization') (records_manager.py:336)
NoneType: None
02:21:34.588 ERROR    Failed to process telemetry record: KeyError('sm_utilization') (records_manager.py:336)
NoneType: None
02:21:34.952 ERROR    Failed to process telemetry record: KeyError('sm_utilization') (records_manager.py:336)
NoneType: None
02:21:34.952 ERROR    Failed to process telemetry record: KeyError('sm_utilization') (records_manager.py:336)
NoneType: None
02:21:35.313 ERROR    Failed to process telemetry record: KeyError('sm_utilization') (records_manager.py:336)
NoneType: None
02:21:35.314 ERROR    Failed to process telemetry record: KeyError('sm_utilization') (records_manager.py:336)
NoneType: None
02:21:35.669 ERROR    Failed to process telemetry record: KeyError('sm_utilization') (records_manager.py:336)
NoneType: None
02:21:35.670 ERROR    Failed to process telemetry record: KeyError('sm_utilization') (records_manager.py:336)
NoneType: None
02:21:36.026 ERROR    Failed to process telemetry record: KeyError('sm_utilization') (records_manager.py:336)
NoneType: None
02:21:36.027 ERROR    Failed to process telemetry record: KeyError('sm_utilization') (records_manager.py:336)
NoneType: None
02:21:36.388 ERROR    Failed to process telemetry record: KeyError('sm_utilization') (records_manager.py:336)
NoneType: None
02:21:36.388 ERROR    Failed to process telemetry record: KeyError('sm_utilization') (records_manager.py:336)
NoneType: None
02:21:36.745 ERROR    Failed to process telemetry record: KeyError('sm_utilization') (records_manager.py:336)
NoneType: None
02:21:36.745 ERROR    Failed to process telemetry record: KeyError('sm_utilization') (records_manager.py:336)
NoneType: None
02:21:37.101 ERROR    Failed to process telemetry record: KeyError('sm_utilization') (records_manager.py:336)
NoneType: None
02:21:37.102 ERROR    Failed to process telemetry record: KeyError('sm_utilization') (records_manager.py:336)
NoneType: None
02:21:37.464 ERROR    Failed to process telemetry record: KeyError('sm_utilization') (records_manager.py:336)
NoneType: None
02:21:37.465 ERROR    Failed to process telemetry record: KeyError('sm_utilization') (records_manager.py:336)
NoneType: None
02:21:37.828 ERROR    Failed to process telemetry record: KeyError('sm_utilization') (records_manager.py:336)
NoneType: None
02:21:37.829 ERROR    Failed to process telemetry record: KeyError('sm_utilization') (records_manager.py:336)
NoneType: None
02:21:38.188 ERROR    Failed to process telemetry record: KeyError('sm_utilization') (records_manager.py:336)
NoneType: None
02:21:38.189 ERROR    Failed to process telemetry record: KeyError('sm_utilization') (records_manager.py:336)
NoneType: None
02:21:38.554 ERROR    Failed to process telemetry record: KeyError('sm_utilization') (records_manager.py:336)
NoneType: None
02:21:38.554 ERROR    Failed to process telemetry record: KeyError('sm_utilization') (records_manager.py:336)
NoneType: None
02:21:38.917 ERROR    Failed to process telemetry record: KeyError('sm_utilization') (records_manager.py:336)
NoneType: None
02:21:38.917 ERROR    Failed to process telemetry record: KeyError('sm_utilization') (records_manager.py:336)
NoneType: None
02:21:39.277 ERROR    Failed to process telemetry record: KeyError('sm_utilization') (records_manager.py:336)
NoneType: None
02:21:39.278 ERROR    Failed to process telemetry record: KeyError('sm_utilization') (records_manager.py:336)
NoneType: None
02:21:39.634 ERROR    Failed to process telemetry record: KeyError('sm_utilization') (records_manager.py:336)
NoneType: None
02:21:39.649 ERROR    Failed to process telemetry record: KeyError('sm_utilization') (records_manager.py:336)
NoneType: None
02:21:39.991 ERROR    Failed to process telemetry record: KeyError('sm_utilization') (records_manager.py:336)
NoneType: None
02:21:39.992 ERROR    Failed to process telemetry record: KeyError('sm_utilization') (records_manager.py:336)
NoneType: None
02:21:40.347 ERROR    Failed to process telemetry record: KeyError('sm_utilization') (records_manager.py:336)
NoneType: None
02:21:40.348 ERROR    Failed to process telemetry record: KeyError('sm_utilization') (records_manager.py:336)
NoneType: None
02:21:40.705 ERROR    Failed to process telemetry record: KeyError('sm_utilization') (records_manager.py:336)
NoneType: None
02:21:40.710 ERROR    Failed to process telemetry record: KeyError('sm_utilization') (records_manager.py:336)
NoneType: None
02:21:41.068 ERROR    Failed to process telemetry record: KeyError('sm_utilization') (records_manager.py:336)
NoneType: None
02:21:41.068 ERROR    Failed to process telemetry record: KeyError('sm_utilization') (records_manager.py:336)
NoneType: None
02:21:41.426 ERROR    Failed to process telemetry record: KeyError('sm_utilization') (records_manager.py:336)
NoneType: None
02:21:41.426 ERROR    Failed to process telemetry record: KeyError('sm_utilization') (records_manager.py:336)
NoneType: None
02:21:41.782 ERROR    Failed to process telemetry record: KeyError('sm_utilization') (records_manager.py:336)
NoneType: None
02:21:41.794 ERROR    Failed to process telemetry record: KeyError('sm_utilization') (records_manager.py:336)
NoneType: None
02:21:42.142 ERROR    Failed to process telemetry record: KeyError('sm_utilization') (records_manager.py:336)
NoneType: None
02:21:42.148 ERROR    Failed to process telemetry record: KeyError('sm_utilization') (records_manager.py:336)
NoneType: None
02:21:42.505 ERROR    Failed to process telemetry record: KeyError('sm_utilization') (records_manager.py:336)
NoneType: None
02:21:42.505 ERROR    Failed to process telemetry record: KeyError('sm_utilization') (records_manager.py:336)
NoneType: None
02:21:42.870 ERROR    Failed to process telemetry record: KeyError('sm_utilization') (records_manager.py:336)
NoneType: None
02:21:42.872 ERROR    Failed to process telemetry record: KeyError('sm_utilization') (records_manager.py:336)
NoneType: None
02:21:43.227 ERROR    Failed to process telemetry record: KeyError('sm_utilization') (records_manager.py:336)
NoneType: None
02:21:43.227 ERROR    Failed to process telemetry record: KeyError('sm_utilization') (records_manager.py:336)
NoneType: None
02:21:43.584 ERROR    Failed to process telemetry record: KeyError('sm_utilization') (records_manager.py:336)
NoneType: None
02:21:43.585 ERROR    Failed to process telemetry record: KeyError('sm_utilization') (records_manager.py:336)
NoneType: None
/pscratch/sd/k/krajeshk/PRISM_env/venvs/vllm-env/lib/python3.12/site-packages/pydantic/main.py:475: UserWarning: Pydantic serializer warnings:
  PydanticSerializationUnexpectedValue(Expected `enum` - serialized value may not be as expected [field_name='transport', input_value='http', input_type=str])
  return self.__pydantic_serializer__.to_python(
02:21:43.945 ERROR    Failed to process telemetry record: KeyError('sm_utilization') (records_manager.py:336)
NoneType: None
02:21:43.946 ERROR    Failed to process telemetry record: KeyError('sm_utilization') (records_manager.py:336)
NoneType: None
02:21:44.303 ERROR    Failed to process telemetry record: KeyError('sm_utilization') (records_manager.py:336)
NoneType: None
02:21:44.303 ERROR    Failed to process telemetry record: KeyError('sm_utilization') (records_manager.py:336)
NoneType: None
02:21:44.667 ERROR    Failed to process telemetry record: KeyError('sm_utilization') (records_manager.py:336)
NoneType: None
02:21:44.669 ERROR    Failed to process telemetry record: KeyError('sm_utilization') (records_manager.py:336)
NoneType: None
02:21:45.026 ERROR    Failed to process telemetry record: KeyError('sm_utilization') (records_manager.py:336)
NoneType: None
02:21:45.030 ERROR    Failed to process telemetry record: KeyError('sm_utilization') (records_manager.py:336)
NoneType: None
02:21:45.382 ERROR    Failed to process telemetry record: KeyError('sm_utilization') (records_manager.py:336)
NoneType: None
02:21:45.382 ERROR    Failed to process telemetry record: KeyError('sm_utilization') (records_manager.py:336)
NoneType: None
02:21:45.740 ERROR    Failed to process telemetry record: KeyError('sm_utilization') (records_manager.py:336)
NoneType: None
02:21:45.749 ERROR    Failed to process telemetry record: KeyError('sm_utilization') (records_manager.py:336)
NoneType: None
02:21:46.098 ERROR    Failed to process telemetry record: KeyError('sm_utilization') (records_manager.py:336)
NoneType: None
02:21:46.113 ERROR    Failed to process telemetry record: KeyError('sm_utilization') (records_manager.py:336)
NoneType: None
02:21:46.453 ERROR    Failed to process telemetry record: KeyError('sm_utilization') (records_manager.py:336)
NoneType: None
02:21:46.459 ERROR    Failed to process telemetry record: KeyError('sm_utilization') (records_manager.py:336)
NoneType: None
02:21:46.810 ERROR    Failed to process telemetry record: KeyError('sm_utilization') (records_manager.py:336)
NoneType: None
02:21:46.811 ERROR    Failed to process telemetry record: KeyError('sm_utilization') (records_manager.py:336)
NoneType: None
02:21:47.172 ERROR    Failed to process telemetry record: KeyError('sm_utilization') (records_manager.py:336)
NoneType: None
02:21:47.173 ERROR    Failed to process telemetry record: KeyError('sm_utilization') (records_manager.py:336)
NoneType: None
02:21:47.544 ERROR    Failed to process telemetry record: KeyError('sm_utilization') (records_manager.py:336)
NoneType: None
02:21:47.569 ERROR    Failed to process telemetry record: KeyError('sm_utilization') (records_manager.py:336)
NoneType: None
02:21:47.905 ERROR    Failed to process telemetry record: KeyError('sm_utilization') (records_manager.py:336)
NoneType: None
02:21:47.910 ERROR    Failed to process telemetry record: KeyError('sm_utilization') (records_manager.py:336)
NoneType: None
02:21:48.267 ERROR    Failed to process telemetry record: KeyError('sm_utilization') (records_manager.py:336)
NoneType: None
02:21:48.267 ERROR    Failed to process telemetry record: KeyError('sm_utilization') (records_manager.py:336)
NoneType: None
02:21:48.625 ERROR    Failed to process telemetry record: KeyError('sm_utilization') (records_manager.py:336)
NoneType: None
02:21:48.626 ERROR    Failed to process telemetry record: KeyError('sm_utilization') (records_manager.py:336)
NoneType: None
02:21:48.982 ERROR    Failed to process telemetry record: KeyError('sm_utilization') (records_manager.py:336)
NoneType: None
02:21:48.990 ERROR    Failed to process telemetry record: KeyError('sm_utilization') (records_manager.py:336)
NoneType: None
02:21:49.343 ERROR    Failed to process telemetry record: KeyError('sm_utilization') (records_manager.py:336)
NoneType: None
02:21:49.347 ERROR    Failed to process telemetry record: KeyError('sm_utilization') (records_manager.py:336)
NoneType: None
02:21:49.703 ERROR    Failed to process telemetry record: KeyError('sm_utilization') (records_manager.py:336)
NoneType: None
02:21:49.703 ERROR    Failed to process telemetry record: KeyError('sm_utilization') (records_manager.py:336)
NoneType: None
02:21:50.060 ERROR    Failed to process telemetry record: KeyError('sm_utilization') (records_manager.py:336)
NoneType: None
02:21:50.061 ERROR    Failed to process telemetry record: KeyError('sm_utilization') (records_manager.py:336)
NoneType: None
02:21:50.417 ERROR    Failed to process telemetry record: KeyError('sm_utilization') (records_manager.py:336)
NoneType: None
02:21:50.417 ERROR    Failed to process telemetry record: KeyError('sm_utilization') (records_manager.py:336)
NoneType: None
02:21:50.775 ERROR    Failed to process telemetry record: KeyError('sm_utilization') (records_manager.py:336)
NoneType: None
02:21:50.775 ERROR    Failed to process telemetry record: KeyError('sm_utilization') (records_manager.py:336)
NoneType: None
02:21:51.139 ERROR    Failed to process telemetry record: KeyError('sm_utilization') (records_manager.py:336)
NoneType: None
02:21:51.139 ERROR    Failed to process telemetry record: KeyError('sm_utilization') (records_manager.py:336)
NoneType: None
02:21:51.495 ERROR    Failed to process telemetry record: KeyError('sm_utilization') (records_manager.py:336)
NoneType: None
02:21:51.508 ERROR    Failed to process telemetry record: KeyError('sm_utilization') (records_manager.py:336)
NoneType: None
02:21:51.856 ERROR    Failed to process telemetry record: KeyError('sm_utilization') (records_manager.py:336)
NoneType: None
02:21:51.876 ERROR    Failed to process telemetry record: KeyError('sm_utilization') (records_manager.py:336)
NoneType: None
02:21:52.213 ERROR    Failed to process telemetry record: KeyError('sm_utilization') (records_manager.py:336)
NoneType: None
02:21:52.213 ERROR    Failed to process telemetry record: KeyError('sm_utilization') (records_manager.py:336)
NoneType: None
02:21:52.575 ERROR    Failed to process telemetry record: KeyError('sm_utilization') (records_manager.py:336)
NoneType: None
02:21:52.576 ERROR    Failed to process telemetry record: KeyError('sm_utilization') (records_manager.py:336)
NoneType: None
02:21:52.961 ERROR    Failed to process telemetry record: KeyError('sm_utilization') (records_manager.py:336)
NoneType: None
02:21:52.962 ERROR    Failed to process telemetry record: KeyError('sm_utilization') (records_manager.py:336)
NoneType: None
02:21:53.318 ERROR    Failed to process telemetry record: KeyError('sm_utilization') (records_manager.py:336)
NoneType: None
02:21:53.319 ERROR    Failed to process telemetry record: KeyError('sm_utilization') (records_manager.py:336)
NoneType: None
02:21:53.677 ERROR    Failed to process telemetry record: KeyError('sm_utilization') (records_manager.py:336)
NoneType: None
02:21:53.679 ERROR    Failed to process telemetry record: KeyError('sm_utilization') (records_manager.py:336)
NoneType: None
02:21:54.033 ERROR    Failed to process telemetry record: KeyError('sm_utilization') (records_manager.py:336)
NoneType: None
02:21:54.042 ERROR    Failed to process telemetry record: KeyError('sm_utilization') (records_manager.py:336)
NoneType: None
02:21:54.393 ERROR    Failed to process telemetry record: KeyError('sm_utilization') (records_manager.py:336)
NoneType: None
02:21:54.394 ERROR    Failed to process telemetry record: KeyError('sm_utilization') (records_manager.py:336)
NoneType: None
02:21:54.756 ERROR    Failed to process telemetry record: KeyError('sm_utilization') (records_manager.py:336)
NoneType: None
02:21:54.759 ERROR    Failed to process telemetry record: KeyError('sm_utilization') (records_manager.py:336)
NoneType: None
02:21:55.115 ERROR    Failed to process telemetry record: KeyError('sm_utilization') (records_manager.py:336)
NoneType: None
02:21:55.118 ERROR    Failed to process telemetry record: KeyError('sm_utilization') (records_manager.py:336)
NoneType: None
02:21:55.474 ERROR    Failed to process telemetry record: KeyError('sm_utilization') (records_manager.py:336)
NoneType: None
02:21:55.487 ERROR    Failed to process telemetry record: KeyError('sm_utilization') (records_manager.py:336)
NoneType: None
02:21:55.831 ERROR    Failed to process telemetry record: KeyError('sm_utilization') (records_manager.py:336)
NoneType: None
02:21:55.832 ERROR    Failed to process telemetry record: KeyError('sm_utilization') (records_manager.py:336)
NoneType: None
02:21:56.192 ERROR    Failed to process telemetry record: KeyError('sm_utilization') (records_manager.py:336)
NoneType: None
02:21:56.193 ERROR    Failed to process telemetry record: KeyError('sm_utilization') (records_manager.py:336)
NoneType: None
02:21:56.552 ERROR    Failed to process telemetry record: KeyError('sm_utilization') (records_manager.py:336)
NoneType: None
02:21:56.553 ERROR    Failed to process telemetry record: KeyError('sm_utilization') (records_manager.py:336)
NoneType: None
02:21:56.908 ERROR    Failed to process telemetry record: KeyError('sm_utilization') (records_manager.py:336)
NoneType: None
02:21:56.909 ERROR    Failed to process telemetry record: KeyError('sm_utilization') (records_manager.py:336)
NoneType: None
02:21:57.274 ERROR    Failed to process telemetry record: KeyError('sm_utilization') (records_manager.py:336)
NoneType: None
02:21:57.274 ERROR    Failed to process telemetry record: KeyError('sm_utilization') (records_manager.py:336)
NoneType: None
02:21:57.631 ERROR    Failed to process telemetry record: KeyError('sm_utilization') (records_manager.py:336)
NoneType: None
02:21:57.632 ERROR    Failed to process telemetry record: KeyError('sm_utilization') (records_manager.py:336)
NoneType: None
02:21:57.990 ERROR    Failed to process telemetry record: KeyError('sm_utilization') (records_manager.py:336)
NoneType: None
02:21:57.990 ERROR    Failed to process telemetry record: KeyError('sm_utilization') (records_manager.py:336)
NoneType: None
02:21:58.351 ERROR    Failed to process telemetry record: KeyError('sm_utilization') (records_manager.py:336)
NoneType: None
02:21:58.361 ERROR    Failed to process telemetry record: KeyError('sm_utilization') (records_manager.py:336)
NoneType: None
02:21:58.713 ERROR    Failed to process telemetry record: KeyError('sm_utilization') (records_manager.py:336)
NoneType: None
02:21:58.717 ERROR    Failed to process telemetry record: KeyError('sm_utilization') (records_manager.py:336)
NoneType: None
02:21:59.077 ERROR    Failed to process telemetry record: KeyError('sm_utilization') (records_manager.py:336)
NoneType: None
02:21:59.078 ERROR    Failed to process telemetry record: KeyError('sm_utilization') (records_manager.py:336)
NoneType: None
02:21:59.433 ERROR    Failed to process telemetry record: KeyError('sm_utilization') (records_manager.py:336)
NoneType: None
02:21:59.434 ERROR    Failed to process telemetry record: KeyError('sm_utilization') (records_manager.py:336)
NoneType: None
02:21:59.793 ERROR    Failed to process telemetry record: KeyError('sm_utilization') (records_manager.py:336)
NoneType: None
02:21:59.793 ERROR    Failed to process telemetry record: KeyError('sm_utilization') (records_manager.py:336)
NoneType: None
02:22:00.157 ERROR    Failed to process telemetry record: KeyError('sm_utilization') (records_manager.py:336)
NoneType: None
02:22:00.158 ERROR    Failed to process telemetry record: KeyError('sm_utilization') (records_manager.py:336)
NoneType: None
02:22:00.514 ERROR    Failed to process telemetry record: KeyError('sm_utilization') (records_manager.py:336)
NoneType: None
02:22:00.515 ERROR    Failed to process telemetry record: KeyError('sm_utilization') (records_manager.py:336)
NoneType: None
02:22:00.873 ERROR    Failed to process telemetry record: KeyError('sm_utilization') (records_manager.py:336)
NoneType: None
02:22:00.874 ERROR    Failed to process telemetry record: KeyError('sm_utilization') (records_manager.py:336)
NoneType: None
02:22:01.231 ERROR    Failed to process telemetry record: KeyError('sm_utilization') (records_manager.py:336)
NoneType: None
02:22:01.237 ERROR    Failed to process telemetry record: KeyError('sm_utilization') (records_manager.py:336)
NoneType: None
02:22:01.589 ERROR    Failed to process telemetry record: KeyError('sm_utilization') (records_manager.py:336)
NoneType: None
02:22:01.597 ERROR    Failed to process telemetry record: KeyError('sm_utilization') (records_manager.py:336)
NoneType: None
02:22:01.948 ERROR    Failed to process telemetry record: KeyError('sm_utilization') (records_manager.py:336)
NoneType: None
02:22:01.949 ERROR    Failed to process telemetry record: KeyError('sm_utilization') (records_manager.py:336)
NoneType: None
02:22:02.309 ERROR    Failed to process telemetry record: KeyError('sm_utilization') (records_manager.py:336)
NoneType: None
02:22:02.310 ERROR    Failed to process telemetry record: KeyError('sm_utilization') (records_manager.py:336)
NoneType: None
02:22:02.666 ERROR    Failed to process telemetry record: KeyError('sm_utilization') (records_manager.py:336)
NoneType: None
02:22:02.668 ERROR    Failed to process telemetry record: KeyError('sm_utilization') (records_manager.py:336)
NoneType: None
02:22:03.046 ERROR    Failed to process telemetry record: KeyError('sm_utilization') (records_manager.py:336)
NoneType: None
02:22:03.054 ERROR    Failed to process telemetry record: KeyError('sm_utilization') (records_manager.py:336)
NoneType: None
02:22:03.411 ERROR    Failed to process telemetry record: KeyError('sm_utilization') (records_manager.py:336)
NoneType: None
02:22:03.411 ERROR    Failed to process telemetry record: KeyError('sm_utilization') (records_manager.py:336)
NoneType: None
02:22:03.774 ERROR    Failed to process telemetry record: KeyError('sm_utilization') (records_manager.py:336)
NoneType: None
02:22:03.774 ERROR    Failed to process telemetry record: KeyError('sm_utilization') (records_manager.py:336)
NoneType: None
02:22:04.132 ERROR    Failed to process telemetry record: KeyError('sm_utilization') (records_manager.py:336)
NoneType: None
02:22:04.153 ERROR    Failed to process telemetry record: KeyError('sm_utilization') (records_manager.py:336)
NoneType: None
02:22:04.489 ERROR    Failed to process telemetry record: KeyError('sm_utilization') (records_manager.py:336)
NoneType: None
02:22:04.492 ERROR    Failed to process telemetry record: KeyError('sm_utilization') (records_manager.py:336)
NoneType: None
02:22:04.846 ERROR    Failed to process telemetry record: KeyError('sm_utilization') (records_manager.py:336)
NoneType: None
02:22:04.846 ERROR    Failed to process telemetry record: KeyError('sm_utilization') (records_manager.py:336)
NoneType: None
02:22:05.203 ERROR    Failed to process telemetry record: KeyError('sm_utilization') (records_manager.py:336)
NoneType: None
02:22:05.203 ERROR    Failed to process telemetry record: KeyError('sm_utilization') (records_manager.py:336)
NoneType: None
02:22:05.566 ERROR    Failed to process telemetry record: KeyError('sm_utilization') (records_manager.py:336)
NoneType: None
02:22:05.571 ERROR    Failed to process telemetry record: KeyError('sm_utilization') (records_manager.py:336)
NoneType: None
02:22:05.930 ERROR    Failed to process telemetry record: KeyError('sm_utilization') (records_manager.py:336)
NoneType: None
02:22:05.930 ERROR    Failed to process telemetry record: KeyError('sm_utilization') (records_manager.py:336)
NoneType: None
02:22:06.292 ERROR    Failed to process telemetry record: KeyError('sm_utilization') (records_manager.py:336)
NoneType: None
02:22:06.292 ERROR    Failed to process telemetry record: KeyError('sm_utilization') (records_manager.py:336)
NoneType: None
02:22:06.662 ERROR    Failed to process telemetry record: KeyError('sm_utilization') (records_manager.py:336)
NoneType: None
02:22:06.663 ERROR    Failed to process telemetry record: KeyError('sm_utilization') (records_manager.py:336)
NoneType: None
02:22:07.021 ERROR    Failed to process telemetry record: KeyError('sm_utilization') (records_manager.py:336)
NoneType: None
02:22:07.022 ERROR    Failed to process telemetry record: KeyError('sm_utilization') (records_manager.py:336)
NoneType: None
02:22:07.380 ERROR    Failed to process telemetry record: KeyError('sm_utilization') (records_manager.py:336)
NoneType: None
02:22:07.381 ERROR    Failed to process telemetry record: KeyError('sm_utilization') (records_manager.py:336)
NoneType: None
02:22:07.742 ERROR    Failed to process telemetry record: KeyError('sm_utilization') (records_manager.py:336)
NoneType: None
02:22:07.754 ERROR    Failed to process telemetry record: KeyError('sm_utilization') (records_manager.py:336)
NoneType: None
02:22:08.100 ERROR    Failed to process telemetry record: KeyError('sm_utilization') (records_manager.py:336)
NoneType: None
02:22:08.113 ERROR    Failed to process telemetry record: KeyError('sm_utilization') (records_manager.py:336)
NoneType: None
02:22:08.458 ERROR    Failed to process telemetry record: KeyError('sm_utilization') (records_manager.py:336)
NoneType: None
02:22:08.459 ERROR    Failed to process telemetry record: KeyError('sm_utilization') (records_manager.py:336)
NoneType: None
02:22:08.815 ERROR    Failed to process telemetry record: KeyError('sm_utilization') (records_manager.py:336)
NoneType: None
02:22:08.816 ERROR    Failed to process telemetry record: KeyError('sm_utilization') (records_manager.py:336)
NoneType: None
02:22:09.175 ERROR    Failed to process telemetry record: KeyError('sm_utilization') (records_manager.py:336)
NoneType: None
02:22:09.184 ERROR    Failed to process telemetry record: KeyError('sm_utilization') (records_manager.py:336)
NoneType: None
02:22:09.535 ERROR    Failed to process telemetry record: KeyError('sm_utilization') (records_manager.py:336)
NoneType: None
02:22:09.535 ERROR    Failed to process telemetry record: KeyError('sm_utilization') (records_manager.py:336)
NoneType: None
02:22:09.895 ERROR    Failed to process telemetry record: KeyError('sm_utilization') (records_manager.py:336)
NoneType: None
02:22:09.895 ERROR    Failed to process telemetry record: KeyError('sm_utilization') (records_manager.py:336)
NoneType: None
02:22:10.256 ERROR    Failed to process telemetry record: KeyError('sm_utilization') (records_manager.py:336)
NoneType: None
02:22:10.256 ERROR    Failed to process telemetry record: KeyError('sm_utilization') (records_manager.py:336)
NoneType: None
02:22:10.620 ERROR    Failed to process telemetry record: KeyError('sm_utilization') (records_manager.py:336)
NoneType: None
02:22:10.621 ERROR    Failed to process telemetry record: KeyError('sm_utilization') (records_manager.py:336)
NoneType: None
02:22:10.982 ERROR    Failed to process telemetry record: KeyError('sm_utilization') (records_manager.py:336)
NoneType: None
02:22:10.982 ERROR    Failed to process telemetry record: KeyError('sm_utilization') (records_manager.py:336)
NoneType: None
02:22:11.341 ERROR    Failed to process telemetry record: KeyError('sm_utilization') (records_manager.py:336)
NoneType: None
02:22:11.342 ERROR    Failed to process telemetry record: KeyError('sm_utilization') (records_manager.py:336)
NoneType: None
02:22:11.701 ERROR    Failed to process telemetry record: KeyError('sm_utilization') (records_manager.py:336)
NoneType: None
02:22:11.702 ERROR    Failed to process telemetry record: KeyError('sm_utilization') (records_manager.py:336)
NoneType: None
02:22:12.059 ERROR    Failed to process telemetry record: KeyError('sm_utilization') (records_manager.py:336)
NoneType: None
02:22:12.061 ERROR    Failed to process telemetry record: KeyError('sm_utilization') (records_manager.py:336)
NoneType: None
02:22:12.416 ERROR    Failed to process telemetry record: KeyError('sm_utilization') (records_manager.py:336)
NoneType: None
02:22:12.416 ERROR    Failed to process telemetry record: KeyError('sm_utilization') (records_manager.py:336)
NoneType: None
02:22:12.773 ERROR    Failed to process telemetry record: KeyError('sm_utilization') (records_manager.py:336)
NoneType: None
02:22:12.777 ERROR    Failed to process telemetry record: KeyError('sm_utilization') (records_manager.py:336)
NoneType: None
02:22:13.134 ERROR    Failed to process telemetry record: KeyError('sm_utilization') (records_manager.py:336)
NoneType: None
02:22:13.135 ERROR    Failed to process telemetry record: KeyError('sm_utilization') (records_manager.py:336)
NoneType: None
02:22:13.493 ERROR    Failed to process telemetry record: KeyError('sm_utilization') (records_manager.py:336)
NoneType: None
02:22:13.499 ERROR    Failed to process telemetry record: KeyError('sm_utilization') (records_manager.py:336)
NoneType: None
02:22:13.856 ERROR    Failed to process telemetry record: KeyError('sm_utilization') (records_manager.py:336)
NoneType: None
02:22:13.871 ERROR    Failed to process telemetry record: KeyError('sm_utilization') (records_manager.py:336)
NoneType: None
02:22:14.220 ERROR    Failed to process telemetry record: KeyError('sm_utilization') (records_manager.py:336)
NoneType: None
02:22:14.221 ERROR    Failed to process telemetry record: KeyError('sm_utilization') (records_manager.py:336)
NoneType: None
02:22:14.584 ERROR    Failed to process telemetry record: KeyError('sm_utilization') (records_manager.py:336)
NoneType: None
02:22:14.585 ERROR    Failed to process telemetry record: KeyError('sm_utilization') (records_manager.py:336)
NoneType: None
02:22:14.945 ERROR    Failed to process telemetry record: KeyError('sm_utilization') (records_manager.py:336)
NoneType: None
02:22:14.945 ERROR    Failed to process telemetry record: KeyError('sm_utilization') (records_manager.py:336)
NoneType: None
02:22:15.304 ERROR    Failed to process telemetry record: KeyError('sm_utilization') (records_manager.py:336)
NoneType: None
02:22:15.305 ERROR    Failed to process telemetry record: KeyError('sm_utilization') (records_manager.py:336)
NoneType: None
02:22:15.660 ERROR    Failed to process telemetry record: KeyError('sm_utilization') (records_manager.py:336)
NoneType: None
02:22:15.661 ERROR    Failed to process telemetry record: KeyError('sm_utilization') (records_manager.py:336)
NoneType: None
02:22:16.017 ERROR    Failed to process telemetry record: KeyError('sm_utilization') (records_manager.py:336)
NoneType: None
02:22:16.029 ERROR    Failed to process telemetry record: KeyError('sm_utilization') (records_manager.py:336)
NoneType: None
02:22:16.375 ERROR    Failed to process telemetry record: KeyError('sm_utilization') (records_manager.py:336)
NoneType: None
02:22:16.385 ERROR    Failed to process telemetry record: KeyError('sm_utilization') (records_manager.py:336)
NoneType: None
02:22:16.734 ERROR    Failed to process telemetry record: KeyError('sm_utilization') (records_manager.py:336)
NoneType: None
02:22:16.735 ERROR    Failed to process telemetry record: KeyError('sm_utilization') (records_manager.py:336)
NoneType: None
02:22:17.093 ERROR    Failed to process telemetry record: KeyError('sm_utilization') (records_manager.py:336)
NoneType: None
02:22:17.094 ERROR    Failed to process telemetry record: KeyError('sm_utilization') (records_manager.py:336)
NoneType: None
02:22:17.449 ERROR    Failed to process telemetry record: KeyError('sm_utilization') (records_manager.py:336)
NoneType: None
02:22:17.450 ERROR    Failed to process telemetry record: KeyError('sm_utilization') (records_manager.py:336)
NoneType: None
02:22:17.810 ERROR    Failed to process telemetry record: KeyError('sm_utilization') (records_manager.py:336)
NoneType: None
02:22:17.818 ERROR    Failed to process telemetry record: KeyError('sm_utilization') (records_manager.py:336)
NoneType: None
02:22:18.169 ERROR    Failed to process telemetry record: KeyError('sm_utilization') (records_manager.py:336)
NoneType: None
02:22:18.169 ERROR    Failed to process telemetry record: KeyError('sm_utilization') (records_manager.py:336)
NoneType: None
02:22:18.553 ERROR    Failed to process telemetry record: KeyError('sm_utilization') (records_manager.py:336)
NoneType: None
02:22:18.554 ERROR    Failed to process telemetry record: KeyError('sm_utilization') (records_manager.py:336)
NoneType: None
02:22:18.917 ERROR    Failed to process telemetry record: KeyError('sm_utilization') (records_manager.py:336)
NoneType: None
02:22:18.931 ERROR    Failed to process telemetry record: KeyError('sm_utilization') (records_manager.py:336)
NoneType: None
02:22:19.277 ERROR    Failed to process telemetry record: KeyError('sm_utilization') (records_manager.py:336)
NoneType: None
02:22:19.278 ERROR    Failed to process telemetry record: KeyError('sm_utilization') (records_manager.py:336)
NoneType: None
02:22:19.642 ERROR    Failed to process telemetry record: KeyError('sm_utilization') (records_manager.py:336)
NoneType: None
02:22:19.643 ERROR    Failed to process telemetry record: KeyError('sm_utilization') (records_manager.py:336)
NoneType: None
02:22:20.003 ERROR    Failed to process telemetry record: KeyError('sm_utilization') (records_manager.py:336)
NoneType: None
02:22:20.004 ERROR    Failed to process telemetry record: KeyError('sm_utilization') (records_manager.py:336)
NoneType: None
02:22:20.362 ERROR    Failed to process telemetry record: KeyError('sm_utilization') (records_manager.py:336)
NoneType: None
02:22:20.362 ERROR    Failed to process telemetry record: KeyError('sm_utilization') (records_manager.py:336)
NoneType: None
02:22:20.720 ERROR    Failed to process telemetry record: KeyError('sm_utilization') (records_manager.py:336)
NoneType: None
02:22:20.720 ERROR    Failed to process telemetry record: KeyError('sm_utilization') (records_manager.py:336)
NoneType: None
02:22:21.081 ERROR    Failed to process telemetry record: KeyError('sm_utilization') (records_manager.py:336)
NoneType: None
02:22:21.081 ERROR    Failed to process telemetry record: KeyError('sm_utilization') (records_manager.py:336)
NoneType: None
02:22:21.440 ERROR    Failed to process telemetry record: KeyError('sm_utilization') (records_manager.py:336)
NoneType: None
02:22:21.441 ERROR    Failed to process telemetry record: KeyError('sm_utilization') (records_manager.py:336)
NoneType: None
02:22:21.798 ERROR    Failed to process telemetry record: KeyError('sm_utilization') (records_manager.py:336)
NoneType: None
02:22:21.798 ERROR    Failed to process telemetry record: KeyError('sm_utilization') (records_manager.py:336)
NoneType: None
02:22:22.158 ERROR    Failed to process telemetry record: KeyError('sm_utilization') (records_manager.py:336)
NoneType: None
02:22:22.158 ERROR    Failed to process telemetry record: KeyError('sm_utilization') (records_manager.py:336)
NoneType: None
02:22:22.515 ERROR    Failed to process telemetry record: KeyError('sm_utilization') (records_manager.py:336)
NoneType: None
02:22:22.515 ERROR    Failed to process telemetry record: KeyError('sm_utilization') (records_manager.py:336)
NoneType: None
02:22:22.894 ERROR    Failed to process telemetry record: KeyError('sm_utilization') (records_manager.py:336)
NoneType: None
02:22:22.897 ERROR    Failed to process telemetry record: KeyError('sm_utilization') (records_manager.py:336)
NoneType: None
02:22:23.256 ERROR    Failed to process telemetry record: KeyError('sm_utilization') (records_manager.py:336)
NoneType: None
02:22:23.256 ERROR    Failed to process telemetry record: KeyError('sm_utilization') (records_manager.py:336)
NoneType: None
02:22:23.613 ERROR    Failed to process telemetry record: KeyError('sm_utilization') (records_manager.py:336)
NoneType: None
02:22:23.614 ERROR    Failed to process telemetry record: KeyError('sm_utilization') (records_manager.py:336)
NoneType: None
02:22:23.973 ERROR    Failed to process telemetry record: KeyError('sm_utilization') (records_manager.py:336)
NoneType: None
02:22:23.974 ERROR    Failed to process telemetry record: KeyError('sm_utilization') (records_manager.py:336)
NoneType: None
02:22:24.331 ERROR    Failed to process telemetry record: KeyError('sm_utilization') (records_manager.py:336)
NoneType: None
02:22:24.331 ERROR    Failed to process telemetry record: KeyError('sm_utilization') (records_manager.py:336)
NoneType: None
02:22:24.690 ERROR    Failed to process telemetry record: KeyError('sm_utilization') (records_manager.py:336)
NoneType: None
02:22:24.690 ERROR    Failed to process telemetry record: KeyError('sm_utilization') (records_manager.py:336)
NoneType: None
02:22:25.047 ERROR    Failed to process telemetry record: KeyError('sm_utilization') (records_manager.py:336)
NoneType: None
02:22:25.047 ERROR    Failed to process telemetry record: KeyError('sm_utilization') (records_manager.py:336)
NoneType: None
02:22:25.402 ERROR    Failed to process telemetry record: KeyError('sm_utilization') (records_manager.py:336)
NoneType: None
02:22:25.403 ERROR    Failed to process telemetry record: KeyError('sm_utilization') (records_manager.py:336)
NoneType: None
02:22:25.765 ERROR    Failed to process telemetry record: KeyError('sm_utilization') (records_manager.py:336)
NoneType: None
02:22:25.765 ERROR    Failed to process telemetry record: KeyError('sm_utilization') (records_manager.py:336)
NoneType: None
02:22:26.121 ERROR    Failed to process telemetry record: KeyError('sm_utilization') (records_manager.py:336)
NoneType: None
02:22:26.122 ERROR    Failed to process telemetry record: KeyError('sm_utilization') (records_manager.py:336)
NoneType: None
02:22:26.482 ERROR    Failed to process telemetry record: KeyError('sm_utilization') (records_manager.py:336)
NoneType: None
02:22:26.483 ERROR    Failed to process telemetry record: KeyError('sm_utilization') (records_manager.py:336)
NoneType: None
02:22:26.842 ERROR    Failed to process telemetry record: KeyError('sm_utilization') (records_manager.py:336)
NoneType: None
02:22:26.842 ERROR    Failed to process telemetry record: KeyError('sm_utilization') (records_manager.py:336)
NoneType: None
02:22:27.202 ERROR    Failed to process telemetry record: KeyError('sm_utilization') (records_manager.py:336)
NoneType: None
02:22:27.207 ERROR    Failed to process telemetry record: KeyError('sm_utilization') (records_manager.py:336)
NoneType: None
02:22:27.565 ERROR    Failed to process telemetry record: KeyError('sm_utilization') (records_manager.py:336)
NoneType: None
02:22:27.565 ERROR    Failed to process telemetry record: KeyError('sm_utilization') (records_manager.py:336)
NoneType: None
02:22:27.922 ERROR    Failed to process telemetry record: KeyError('sm_utilization') (records_manager.py:336)
NoneType: None
02:22:27.925 ERROR    Failed to process telemetry record: KeyError('sm_utilization') (records_manager.py:336)
NoneType: None
02:22:28.277 ERROR    Failed to process telemetry record: KeyError('sm_utilization') (records_manager.py:336)
NoneType: None
02:22:28.281 ERROR    Failed to process telemetry record: KeyError('sm_utilization') (records_manager.py:336)
NoneType: None
02:22:28.633 ERROR    Failed to process telemetry record: KeyError('sm_utilization') (records_manager.py:336)
NoneType: None
02:22:28.638 ERROR    Failed to process telemetry record: KeyError('sm_utilization') (records_manager.py:336)
NoneType: None
02:22:28.993 ERROR    Failed to process telemetry record: KeyError('sm_utilization') (records_manager.py:336)
NoneType: None
02:22:28.994 ERROR    Failed to process telemetry record: KeyError('sm_utilization') (records_manager.py:336)
NoneType: None
02:22:29.354 ERROR    Failed to process telemetry record: KeyError('sm_utilization') (records_manager.py:336)
NoneType: None
02:22:29.355 ERROR    Failed to process telemetry record: KeyError('sm_utilization') (records_manager.py:336)
NoneType: None
02:22:29.711 ERROR    Failed to process telemetry record: KeyError('sm_utilization') (records_manager.py:336)
NoneType: None
02:22:29.712 ERROR    Failed to process telemetry record: KeyError('sm_utilization') (records_manager.py:336)
NoneType: None
02:22:30.068 ERROR    Failed to process telemetry record: KeyError('sm_utilization') (records_manager.py:336)
NoneType: None
02:22:30.069 ERROR    Failed to process telemetry record: KeyError('sm_utilization') (records_manager.py:336)
NoneType: None
02:22:30.429 ERROR    Failed to process telemetry record: KeyError('sm_utilization') (records_manager.py:336)
NoneType: None
02:22:30.434 ERROR    Failed to process telemetry record: KeyError('sm_utilization') (records_manager.py:336)
NoneType: None
02:22:30.789 ERROR    Failed to process telemetry record: KeyError('sm_utilization') (records_manager.py:336)
NoneType: None
02:22:30.790 ERROR    Failed to process telemetry record: KeyError('sm_utilization') (records_manager.py:336)
NoneType: None
02:22:31.152 ERROR    Failed to process telemetry record: KeyError('sm_utilization') (records_manager.py:336)
NoneType: None
02:22:31.152 ERROR    Failed to process telemetry record: KeyError('sm_utilization') (records_manager.py:336)
NoneType: None
02:22:31.512 ERROR    Failed to process telemetry record: KeyError('sm_utilization') (records_manager.py:336)
NoneType: None
02:22:31.513 ERROR    Failed to process telemetry record: KeyError('sm_utilization') (records_manager.py:336)
NoneType: None
02:22:31.870 ERROR    Failed to process telemetry record: KeyError('sm_utilization') (records_manager.py:336)
NoneType: None
02:22:31.871 ERROR    Failed to process telemetry record: KeyError('sm_utilization') (records_manager.py:336)
NoneType: None
02:22:32.231 ERROR    Failed to process telemetry record: KeyError('sm_utilization') (records_manager.py:336)
NoneType: None
02:22:32.232 ERROR    Failed to process telemetry record: KeyError('sm_utilization') (records_manager.py:336)
NoneType: None
02:22:32.594 ERROR    Failed to process telemetry record: KeyError('sm_utilization') (records_manager.py:336)
NoneType: None
02:22:32.594 ERROR    Failed to process telemetry record: KeyError('sm_utilization') (records_manager.py:336)
NoneType: None
02:22:32.963 ERROR    Failed to process telemetry record: KeyError('sm_utilization') (records_manager.py:336)
NoneType: None
02:22:32.964 ERROR    Failed to process telemetry record: KeyError('sm_utilization') (records_manager.py:336)
NoneType: None
02:22:33.319 ERROR    Failed to process telemetry record: KeyError('sm_utilization') (records_manager.py:336)
NoneType: None
02:22:33.320 ERROR    Failed to process telemetry record: KeyError('sm_utilization') (records_manager.py:336)
NoneType: None
02:22:33.677 ERROR    Failed to process telemetry record: KeyError('sm_utilization') (records_manager.py:336)
NoneType: None
02:22:33.677 ERROR    Failed to process telemetry record: KeyError('sm_utilization') (records_manager.py:336)
NoneType: None
02:22:34.033 ERROR    Failed to process telemetry record: KeyError('sm_utilization') (records_manager.py:336)
NoneType: None
02:22:34.034 ERROR    Failed to process telemetry record: KeyError('sm_utilization') (records_manager.py:336)
NoneType: None
02:22:34.392 ERROR    Failed to process telemetry record: KeyError('sm_utilization') (records_manager.py:336)
NoneType: None
02:22:34.393 ERROR    Failed to process telemetry record: KeyError('sm_utilization') (records_manager.py:336)
NoneType: None
02:22:34.758 ERROR    Failed to process telemetry record: KeyError('sm_utilization') (records_manager.py:336)
NoneType: None
02:22:34.759 ERROR    Failed to process telemetry record: KeyError('sm_utilization') (records_manager.py:336)
NoneType: None
02:22:35.121 ERROR    Failed to process telemetry record: KeyError('sm_utilization') (records_manager.py:336)
NoneType: None
02:22:35.121 ERROR    Failed to process telemetry record: KeyError('sm_utilization') (records_manager.py:336)
NoneType: None
02:22:35.482 ERROR    Failed to process telemetry record: KeyError('sm_utilization') (records_manager.py:336)
NoneType: None
02:22:35.483 ERROR    Failed to process telemetry record: KeyError('sm_utilization') (records_manager.py:336)
NoneType: None
02:22:35.844 ERROR    Failed to process telemetry record: KeyError('sm_utilization') (records_manager.py:336)
NoneType: None
02:22:35.844 ERROR    Failed to process telemetry record: KeyError('sm_utilization') (records_manager.py:336)
NoneType: None
02:22:36.200 ERROR    Failed to process telemetry record: KeyError('sm_utilization') (records_manager.py:336)
NoneType: None
02:22:36.200 ERROR    Failed to process telemetry record: KeyError('sm_utilization') (records_manager.py:336)
NoneType: None
02:22:36.555 ERROR    Failed to process telemetry record: KeyError('sm_utilization') (records_manager.py:336)
NoneType: None
02:22:36.556 ERROR    Failed to process telemetry record: KeyError('sm_utilization') (records_manager.py:336)
NoneType: None
02:22:36.916 ERROR    Failed to process telemetry record: KeyError('sm_utilization') (records_manager.py:336)
NoneType: None
02:22:36.917 ERROR    Failed to process telemetry record: KeyError('sm_utilization') (records_manager.py:336)
NoneType: None
02:22:37.277 ERROR    Failed to process telemetry record: KeyError('sm_utilization') (records_manager.py:336)
NoneType: None
02:22:37.277 ERROR    Failed to process telemetry record: KeyError('sm_utilization') (records_manager.py:336)
NoneType: None
02:22:37.637 ERROR    Failed to process telemetry record: KeyError('sm_utilization') (records_manager.py:336)
NoneType: None
02:22:37.638 ERROR    Failed to process telemetry record: KeyError('sm_utilization') (records_manager.py:336)
NoneType: None
02:22:38.001 ERROR    Failed to process telemetry record: KeyError('sm_utilization') (records_manager.py:336)
NoneType: None
02:22:38.002 ERROR    Failed to process telemetry record: KeyError('sm_utilization') (records_manager.py:336)
NoneType: None
02:22:38.370 ERROR    Failed to process telemetry record: KeyError('sm_utilization') (records_manager.py:336)
NoneType: None
02:22:38.371 ERROR    Failed to process telemetry record: KeyError('sm_utilization') (records_manager.py:336)
NoneType: None
02:22:38.734 ERROR    Failed to process telemetry record: KeyError('sm_utilization') (records_manager.py:336)
NoneType: None
02:22:38.735 ERROR    Failed to process telemetry record: KeyError('sm_utilization') (records_manager.py:336)
NoneType: None
02:22:39.097 ERROR    Failed to process telemetry record: KeyError('sm_utilization') (records_manager.py:336)
NoneType: None
02:22:39.103 ERROR    Failed to process telemetry record: KeyError('sm_utilization') (records_manager.py:336)
NoneType: None
02:22:39.460 ERROR    Failed to process telemetry record: KeyError('sm_utilization') (records_manager.py:336)
NoneType: None
02:22:39.463 ERROR    Failed to process telemetry record: KeyError('sm_utilization') (records_manager.py:336)
NoneType: None
02:22:39.818 ERROR    Failed to process telemetry record: KeyError('sm_utilization') (records_manager.py:336)
NoneType: None
02:22:39.818 ERROR    Failed to process telemetry record: KeyError('sm_utilization') (records_manager.py:336)
NoneType: None
02:22:40.174 ERROR    Failed to process telemetry record: KeyError('sm_utilization') (records_manager.py:336)
NoneType: None
02:22:40.175 ERROR    Failed to process telemetry record: KeyError('sm_utilization') (records_manager.py:336)
NoneType: None
02:22:40.531 ERROR    Failed to process telemetry record: KeyError('sm_utilization') (records_manager.py:336)
NoneType: None
02:22:40.535 ERROR    Failed to process telemetry record: KeyError('sm_utilization') (records_manager.py:336)
NoneType: None
02:22:40.892 ERROR    Failed to process telemetry record: KeyError('sm_utilization') (records_manager.py:336)
NoneType: None
02:22:40.892 ERROR    Failed to process telemetry record: KeyError('sm_utilization') (records_manager.py:336)
NoneType: None
02:22:41.250 ERROR    Failed to process telemetry record: KeyError('sm_utilization') (records_manager.py:336)
NoneType: None
02:22:41.250 ERROR    Failed to process telemetry record: KeyError('sm_utilization') (records_manager.py:336)
NoneType: None
02:22:41.606 ERROR    Failed to process telemetry record: KeyError('sm_utilization') (records_manager.py:336)
NoneType: None
02:22:41.606 ERROR    Failed to process telemetry record: KeyError('sm_utilization') (records_manager.py:336)
NoneType: None
02:22:41.962 ERROR    Failed to process telemetry record: KeyError('sm_utilization') (records_manager.py:336)
NoneType: None
02:22:41.963 ERROR    Failed to process telemetry record: KeyError('sm_utilization') (records_manager.py:336)
NoneType: None
02:22:42.320 ERROR    Failed to process telemetry record: KeyError('sm_utilization') (records_manager.py:336)
NoneType: None
02:22:42.321 ERROR    Failed to process telemetry record: KeyError('sm_utilization') (records_manager.py:336)
NoneType: None
02:22:42.680 ERROR    Failed to process telemetry record: KeyError('sm_utilization') (records_manager.py:336)
NoneType: None
02:22:42.682 ERROR    Failed to process telemetry record: KeyError('sm_utilization') (records_manager.py:336)
NoneType: None
02:22:43.050 ERROR    Failed to process telemetry record: KeyError('sm_utilization') (records_manager.py:336)
NoneType: None
02:22:43.051 ERROR    Failed to process telemetry record: KeyError('sm_utilization') (records_manager.py:336)
NoneType: None
02:22:43.413 ERROR    Failed to process telemetry record: KeyError('sm_utilization') (records_manager.py:336)
NoneType: None
02:22:43.414 ERROR    Failed to process telemetry record: KeyError('sm_utilization') (records_manager.py:336)
NoneType: None
02:22:43.781 ERROR    Failed to process telemetry record: KeyError('sm_utilization') (records_manager.py:336)
NoneType: None
02:22:43.782 ERROR    Failed to process telemetry record: KeyError('sm_utilization') (records_manager.py:336)
NoneType: None
02:22:44.141 ERROR    Failed to process telemetry record: KeyError('sm_utilization') (records_manager.py:336)
NoneType: None
02:22:44.141 ERROR    Failed to process telemetry record: KeyError('sm_utilization') (records_manager.py:336)
NoneType: None
02:22:44.504 ERROR    Failed to process telemetry record: KeyError('sm_utilization') (records_manager.py:336)
NoneType: None
02:22:44.505 ERROR    Failed to process telemetry record: KeyError('sm_utilization') (records_manager.py:336)
NoneType: None
02:22:44.865 ERROR    Failed to process telemetry record: KeyError('sm_utilization') (records_manager.py:336)
NoneType: None
02:22:44.866 ERROR    Failed to process telemetry record: KeyError('sm_utilization') (records_manager.py:336)
NoneType: None
02:22:45.223 ERROR    Failed to process telemetry record: KeyError('sm_utilization') (records_manager.py:336)
NoneType: None
02:22:45.226 ERROR    Failed to process telemetry record: KeyError('sm_utilization') (records_manager.py:336)
NoneType: None
02:22:45.580 ERROR    Failed to process telemetry record: KeyError('sm_utilization') (records_manager.py:336)
NoneType: None
02:22:45.581 ERROR    Failed to process telemetry record: KeyError('sm_utilization') (records_manager.py:336)
NoneType: None
02:22:45.936 ERROR    Failed to process telemetry record: KeyError('sm_utilization') (records_manager.py:336)
NoneType: None
02:22:45.939 ERROR    Failed to process telemetry record: KeyError('sm_utilization') (records_manager.py:336)
NoneType: None
02:22:46.299 ERROR    Failed to process telemetry record: KeyError('sm_utilization') (records_manager.py:336)
NoneType: None
02:22:46.300 ERROR    Failed to process telemetry record: KeyError('sm_utilization') (records_manager.py:336)
NoneType: None
02:22:46.654 ERROR    Failed to process telemetry record: KeyError('sm_utilization') (records_manager.py:336)
NoneType: None
02:22:46.655 ERROR    Failed to process telemetry record: KeyError('sm_utilization') (records_manager.py:336)
NoneType: None
02:22:47.013 ERROR    Failed to process telemetry record: KeyError('sm_utilization') (records_manager.py:336)
NoneType: None
02:22:47.014 ERROR    Failed to process telemetry record: KeyError('sm_utilization') (records_manager.py:336)
NoneType: None
02:22:47.380 ERROR    Failed to process telemetry record: KeyError('sm_utilization') (records_manager.py:336)
NoneType: None
02:22:47.387 ERROR    Failed to process telemetry record: KeyError('sm_utilization') (records_manager.py:336)
NoneType: None
02:22:47.737 ERROR    Failed to process telemetry record: KeyError('sm_utilization') (records_manager.py:336)
NoneType: None
02:22:47.737 ERROR    Failed to process telemetry record: KeyError('sm_utilization') (records_manager.py:336)
NoneType: None
02:22:48.105 ERROR    Failed to process telemetry record: KeyError('sm_utilization') (records_manager.py:336)
NoneType: None
02:22:48.106 ERROR    Failed to process telemetry record: KeyError('sm_utilization') (records_manager.py:336)
NoneType: None
02:22:48.461 ERROR    Failed to process telemetry record: KeyError('sm_utilization') (records_manager.py:336)
NoneType: None
02:22:48.462 ERROR    Failed to process telemetry record: KeyError('sm_utilization') (records_manager.py:336)
NoneType: None
02:22:48.821 ERROR    Failed to process telemetry record: KeyError('sm_utilization') (records_manager.py:336)
NoneType: None
02:22:48.821 ERROR    Failed to process telemetry record: KeyError('sm_utilization') (records_manager.py:336)
NoneType: None
02:22:49.182 ERROR    Failed to process telemetry record: KeyError('sm_utilization') (records_manager.py:336)
NoneType: None
02:22:49.183 ERROR    Failed to process telemetry record: KeyError('sm_utilization') (records_manager.py:336)
NoneType: None
02:22:49.543 ERROR    Failed to process telemetry record: KeyError('sm_utilization') (records_manager.py:336)
NoneType: None
02:22:49.544 ERROR    Failed to process telemetry record: KeyError('sm_utilization') (records_manager.py:336)
NoneType: None
02:22:49.902 ERROR    Failed to process telemetry record: KeyError('sm_utilization') (records_manager.py:336)
NoneType: None
02:22:49.903 ERROR    Failed to process telemetry record: KeyError('sm_utilization') (records_manager.py:336)
NoneType: None
02:22:50.258 ERROR    Failed to process telemetry record: KeyError('sm_utilization') (records_manager.py:336)
NoneType: None
02:22:50.259 ERROR    Failed to process telemetry record: KeyError('sm_utilization') (records_manager.py:336)
NoneType: None
02:22:50.615 ERROR    Failed to process telemetry record: KeyError('sm_utilization') (records_manager.py:336)
NoneType: None
02:22:50.621 ERROR    Failed to process telemetry record: KeyError('sm_utilization') (records_manager.py:336)
NoneType: None
02:22:50.978 ERROR    Failed to process telemetry record: KeyError('sm_utilization') (records_manager.py:336)
NoneType: None
02:22:50.979 ERROR    Failed to process telemetry record: KeyError('sm_utilization') (records_manager.py:336)
NoneType: None
02:22:51.337 ERROR    Failed to process telemetry record: KeyError('sm_utilization') (records_manager.py:336)
NoneType: None
02:22:51.338 ERROR    Failed to process telemetry record: KeyError('sm_utilization') (records_manager.py:336)
NoneType: None
02:22:51.712 ERROR    Failed to process telemetry record: KeyError('sm_utilization') (records_manager.py:336)
NoneType: None
02:22:51.713 ERROR    Failed to process telemetry record: KeyError('sm_utilization') (records_manager.py:336)
NoneType: None
02:22:52.078 ERROR    Failed to process telemetry record: KeyError('sm_utilization') (records_manager.py:336)
NoneType: None
02:22:52.078 ERROR    Failed to process telemetry record: KeyError('sm_utilization') (records_manager.py:336)
NoneType: None
02:22:52.451 ERROR    Failed to process telemetry record: KeyError('sm_utilization') (records_manager.py:336)
NoneType: None
02:22:52.452 ERROR    Failed to process telemetry record: KeyError('sm_utilization') (records_manager.py:336)
NoneType: None
02:22:52.807 ERROR    Failed to process telemetry record: KeyError('sm_utilization') (records_manager.py:336)
NoneType: None
02:22:52.814 ERROR    Failed to process telemetry record: KeyError('sm_utilization') (records_manager.py:336)
NoneType: None
02:22:53.166 ERROR    Failed to process telemetry record: KeyError('sm_utilization') (records_manager.py:336)
NoneType: None
02:22:53.167 ERROR    Failed to process telemetry record: KeyError('sm_utilization') (records_manager.py:336)
NoneType: None
02:22:53.523 ERROR    Failed to process telemetry record: KeyError('sm_utilization') (records_manager.py:336)
NoneType: None
02:22:53.523 ERROR    Failed to process telemetry record: KeyError('sm_utilization') (records_manager.py:336)
NoneType: None
02:22:53.879 ERROR    Failed to process telemetry record: KeyError('sm_utilization') (records_manager.py:336)
NoneType: None
02:22:53.886 ERROR    Failed to process telemetry record: KeyError('sm_utilization') (records_manager.py:336)
NoneType: None
02:22:54.239 ERROR    Failed to process telemetry record: KeyError('sm_utilization') (records_manager.py:336)
NoneType: None
02:22:54.239 ERROR    Failed to process telemetry record: KeyError('sm_utilization') (records_manager.py:336)
NoneType: None
02:22:54.599 ERROR    Failed to process telemetry record: KeyError('sm_utilization') (records_manager.py:336)
NoneType: None
02:22:54.688 ERROR    Failed to process telemetry record: KeyError('sm_utilization') (records_manager.py:336)
NoneType: None
02:22:54.959 ERROR    Failed to process telemetry record: KeyError('sm_utilization') (records_manager.py:336)
NoneType: None
02:22:54.959 ERROR    Failed to process telemetry record: KeyError('sm_utilization') (records_manager.py:336)
NoneType: None
02:22:55.315 ERROR    Failed to process telemetry record: KeyError('sm_utilization') (records_manager.py:336)
NoneType: None
02:22:55.316 ERROR    Failed to process telemetry record: KeyError('sm_utilization') (records_manager.py:336)
NoneType: None
02:22:55.678 ERROR    Failed to process telemetry record: KeyError('sm_utilization') (records_manager.py:336)
NoneType: None
02:22:55.679 ERROR    Failed to process telemetry record: KeyError('sm_utilization') (records_manager.py:336)
NoneType: None
02:22:56.038 ERROR    Failed to process telemetry record: KeyError('sm_utilization') (records_manager.py:336)
NoneType: None
02:22:56.042 ERROR    Failed to process telemetry record: KeyError('sm_utilization') (records_manager.py:336)
NoneType: None
02:22:56.394 ERROR    Failed to process telemetry record: KeyError('sm_utilization') (records_manager.py:336)
NoneType: None
02:22:56.394 ERROR    Failed to process telemetry record: KeyError('sm_utilization') (records_manager.py:336)
NoneType: None
02:22:56.753 ERROR    Failed to process telemetry record: KeyError('sm_utilization') (records_manager.py:336)
NoneType: None
02:22:56.754 ERROR    Failed to process telemetry record: KeyError('sm_utilization') (records_manager.py:336)
NoneType: None
02:22:57.110 ERROR    Failed to process telemetry record: KeyError('sm_utilization') (records_manager.py:336)
NoneType: None
02:22:57.113 ERROR    Failed to process telemetry record: KeyError('sm_utilization') (records_manager.py:336)
NoneType: None
02:22:57.473 ERROR    Failed to process telemetry record: KeyError('sm_utilization') (records_manager.py:336)
NoneType: None
02:22:57.474 ERROR    Failed to process telemetry record: KeyError('sm_utilization') (records_manager.py:336)
NoneType: None
02:22:57.832 ERROR    Failed to process telemetry record: KeyError('sm_utilization') (records_manager.py:336)
NoneType: None
02:22:57.835 ERROR    Failed to process telemetry record: KeyError('sm_utilization') (records_manager.py:336)
NoneType: None
02:22:58.194 ERROR    Failed to process telemetry record: KeyError('sm_utilization') (records_manager.py:336)
NoneType: None
02:22:58.195 ERROR    Failed to process telemetry record: KeyError('sm_utilization') (records_manager.py:336)
NoneType: None
02:22:58.557 ERROR    Failed to process telemetry record: KeyError('sm_utilization') (records_manager.py:336)
NoneType: None
02:22:58.558 ERROR    Failed to process telemetry record: KeyError('sm_utilization') (records_manager.py:336)
NoneType: None
02:22:58.917 ERROR    Failed to process telemetry record: KeyError('sm_utilization') (records_manager.py:336)
NoneType: None
02:22:58.918 ERROR    Failed to process telemetry record: KeyError('sm_utilization') (records_manager.py:336)
NoneType: None
02:22:59.278 ERROR    Failed to process telemetry record: KeyError('sm_utilization') (records_manager.py:336)
NoneType: None
02:22:59.279 ERROR    Failed to process telemetry record: KeyError('sm_utilization') (records_manager.py:336)
NoneType: None
02:22:59.640 ERROR    Failed to process telemetry record: KeyError('sm_utilization') (records_manager.py:336)
NoneType: None
02:22:59.641 ERROR    Failed to process telemetry record: KeyError('sm_utilization') (records_manager.py:336)
NoneType: None
02:23:00.003 ERROR    Failed to process telemetry record: KeyError('sm_utilization') (records_manager.py:336)
NoneType: None
02:23:00.005 ERROR    Failed to process telemetry record: KeyError('sm_utilization') (records_manager.py:336)
NoneType: None
02:23:00.362 ERROR    Failed to process telemetry record: KeyError('sm_utilization') (records_manager.py:336)
NoneType: None
02:23:00.368 ERROR    Failed to process telemetry record: KeyError('sm_utilization') (records_manager.py:336)
NoneType: None
02:23:00.719 ERROR    Failed to process telemetry record: KeyError('sm_utilization') (records_manager.py:336)
NoneType: None
02:23:00.720 ERROR    Failed to process telemetry record: KeyError('sm_utilization') (records_manager.py:336)
NoneType: None
02:23:01.078 ERROR    Failed to process telemetry record: KeyError('sm_utilization') (records_manager.py:336)
NoneType: None
02:23:01.079 ERROR    Failed to process telemetry record: KeyError('sm_utilization') (records_manager.py:336)
NoneType: None
02:23:01.435 ERROR    Failed to process telemetry record: KeyError('sm_utilization') (records_manager.py:336)
NoneType: None
02:23:01.435 ERROR    Failed to process telemetry record: KeyError('sm_utilization') (records_manager.py:336)
NoneType: None
02:23:01.794 ERROR    Failed to process telemetry record: KeyError('sm_utilization') (records_manager.py:336)
NoneType: None
02:23:01.795 ERROR    Failed to process telemetry record: KeyError('sm_utilization') (records_manager.py:336)
NoneType: None
02:23:02.154 ERROR    Failed to process telemetry record: KeyError('sm_utilization') (records_manager.py:336)
NoneType: None
02:23:02.155 ERROR    Failed to process telemetry record: KeyError('sm_utilization') (records_manager.py:336)
NoneType: None
02:23:02.513 ERROR    Failed to process telemetry record: KeyError('sm_utilization') (records_manager.py:336)
NoneType: None
02:23:02.514 ERROR    Failed to process telemetry record: KeyError('sm_utilization') (records_manager.py:336)
NoneType: None
02:23:02.891 ERROR    Failed to process telemetry record: KeyError('sm_utilization') (records_manager.py:336)
NoneType: None
02:23:02.892 ERROR    Failed to process telemetry record: KeyError('sm_utilization') (records_manager.py:336)
NoneType: None
02:23:03.251 ERROR    Failed to process telemetry record: KeyError('sm_utilization') (records_manager.py:336)
NoneType: None
02:23:03.252 ERROR    Failed to process telemetry record: KeyError('sm_utilization') (records_manager.py:336)
NoneType: None
02:23:03.610 ERROR    Failed to process telemetry record: KeyError('sm_utilization') (records_manager.py:336)
NoneType: None
02:23:03.618 ERROR    Failed to process telemetry record: KeyError('sm_utilization') (records_manager.py:336)
NoneType: None
02:23:03.966 ERROR    Failed to process telemetry record: KeyError('sm_utilization') (records_manager.py:336)
NoneType: None
02:23:03.972 ERROR    Failed to process telemetry record: KeyError('sm_utilization') (records_manager.py:336)
NoneType: None
02:23:04.326 ERROR    Failed to process telemetry record: KeyError('sm_utilization') (records_manager.py:336)
NoneType: None
02:23:04.327 ERROR    Failed to process telemetry record: KeyError('sm_utilization') (records_manager.py:336)
NoneType: None
02:23:04.692 ERROR    Failed to process telemetry record: KeyError('sm_utilization') (records_manager.py:336)
NoneType: None
02:23:04.706 ERROR    Failed to process telemetry record: KeyError('sm_utilization') (records_manager.py:336)
NoneType: None
02:23:05.050 ERROR    Failed to process telemetry record: KeyError('sm_utilization') (records_manager.py:336)
NoneType: None
02:23:05.050 ERROR    Failed to process telemetry record: KeyError('sm_utilization') (records_manager.py:336)
NoneType: None
02:23:05.409 ERROR    Failed to process telemetry record: KeyError('sm_utilization') (records_manager.py:336)
NoneType: None
02:23:05.409 ERROR    Failed to process telemetry record: KeyError('sm_utilization') (records_manager.py:336)
NoneType: None
02:23:05.766 ERROR    Failed to process telemetry record: KeyError('sm_utilization') (records_manager.py:336)
NoneType: None
02:23:05.767 ERROR    Failed to process telemetry record: KeyError('sm_utilization') (records_manager.py:336)
NoneType: None
02:23:06.122 ERROR    Failed to process telemetry record: KeyError('sm_utilization') (records_manager.py:336)
NoneType: None
02:23:06.123 ERROR    Failed to process telemetry record: KeyError('sm_utilization') (records_manager.py:336)
NoneType: None
02:23:06.483 ERROR    Failed to process telemetry record: KeyError('sm_utilization') (records_manager.py:336)
NoneType: None
02:23:06.484 ERROR    Failed to process telemetry record: KeyError('sm_utilization') (records_manager.py:336)
NoneType: None
02:23:06.842 ERROR    Failed to process telemetry record: KeyError('sm_utilization') (records_manager.py:336)
NoneType: None
02:23:06.847 ERROR    Failed to process telemetry record: KeyError('sm_utilization') (records_manager.py:336)
NoneType: None
02:23:07.198 ERROR    Failed to process telemetry record: KeyError('sm_utilization') (records_manager.py:336)
NoneType: None
02:23:07.199 ERROR    Failed to process telemetry record: KeyError('sm_utilization') (records_manager.py:336)
NoneType: None
02:23:07.563 ERROR    Failed to process telemetry record: KeyError('sm_utilization') (records_manager.py:336)
NoneType: None
02:23:07.564 ERROR    Failed to process telemetry record: KeyError('sm_utilization') (records_manager.py:336)
NoneType: None
02:23:07.921 ERROR    Failed to process telemetry record: KeyError('sm_utilization') (records_manager.py:336)
NoneType: None
02:23:07.928 ERROR    Failed to process telemetry record: KeyError('sm_utilization') (records_manager.py:336)
NoneType: None
02:23:08.280 ERROR    Failed to process telemetry record: KeyError('sm_utilization') (records_manager.py:336)
NoneType: None
02:23:08.281 ERROR    Failed to process telemetry record: KeyError('sm_utilization') (records_manager.py:336)
NoneType: None
02:23:08.637 ERROR    Failed to process telemetry record: KeyError('sm_utilization') (records_manager.py:336)
NoneType: None
02:23:08.638 ERROR    Failed to process telemetry record: KeyError('sm_utilization') (records_manager.py:336)
NoneType: None
02:23:08.995 ERROR    Failed to process telemetry record: KeyError('sm_utilization') (records_manager.py:336)
NoneType: None
02:23:08.996 ERROR    Failed to process telemetry record: KeyError('sm_utilization') (records_manager.py:336)
NoneType: None
02:23:09.353 ERROR    Failed to process telemetry record: KeyError('sm_utilization') (records_manager.py:336)
NoneType: None
02:23:09.353 ERROR    Failed to process telemetry record: KeyError('sm_utilization') (records_manager.py:336)
NoneType: None
02:23:09.714 ERROR    Failed to process telemetry record: KeyError('sm_utilization') (records_manager.py:336)
NoneType: None
02:23:09.715 ERROR    Failed to process telemetry record: KeyError('sm_utilization') (records_manager.py:336)
NoneType: None
02:23:10.073 ERROR    Failed to process telemetry record: KeyError('sm_utilization') (records_manager.py:336)
NoneType: None
02:23:10.073 ERROR    Failed to process telemetry record: KeyError('sm_utilization') (records_manager.py:336)
NoneType: None
02:23:10.428 ERROR    Failed to process telemetry record: KeyError('sm_utilization') (records_manager.py:336)
NoneType: None
02:23:10.428 ERROR    Failed to process telemetry record: KeyError('sm_utilization') (records_manager.py:336)
NoneType: None
02:23:10.793 ERROR    Failed to process telemetry record: KeyError('sm_utilization') (records_manager.py:336)
NoneType: None
02:23:10.794 ERROR    Failed to process telemetry record: KeyError('sm_utilization') (records_manager.py:336)
NoneType: None
02:23:11.152 ERROR    Failed to process telemetry record: KeyError('sm_utilization') (records_manager.py:336)
NoneType: None
02:23:11.160 ERROR    Failed to process telemetry record: KeyError('sm_utilization') (records_manager.py:336)
NoneType: None
02:23:11.511 ERROR    Failed to process telemetry record: KeyError('sm_utilization') (records_manager.py:336)
NoneType: None
02:23:11.512 ERROR    Failed to process telemetry record: KeyError('sm_utilization') (records_manager.py:336)
NoneType: None
02:23:11.869 ERROR    Failed to process telemetry record: KeyError('sm_utilization') (records_manager.py:336)
NoneType: None
02:23:11.870 ERROR    Failed to process telemetry record: KeyError('sm_utilization') (records_manager.py:336)
NoneType: None
02:23:12.225 ERROR    Failed to process telemetry record: KeyError('sm_utilization') (records_manager.py:336)
NoneType: None
02:23:12.226 ERROR    Failed to process telemetry record: KeyError('sm_utilization') (records_manager.py:336)
NoneType: None
02:23:12.586 ERROR    Failed to process telemetry record: KeyError('sm_utilization') (records_manager.py:336)
NoneType: None
02:23:12.587 ERROR    Failed to process telemetry record: KeyError('sm_utilization') (records_manager.py:336)
NoneType: None
02:23:12.948 ERROR    Failed to process telemetry record: KeyError('sm_utilization') (records_manager.py:336)
NoneType: None
02:23:12.949 ERROR    Failed to process telemetry record: KeyError('sm_utilization') (records_manager.py:336)
NoneType: None
02:23:13.307 ERROR    Failed to process telemetry record: KeyError('sm_utilization') (records_manager.py:336)
NoneType: None
02:23:13.311 ERROR    Failed to process telemetry record: KeyError('sm_utilization') (records_manager.py:336)
NoneType: None
02:23:13.669 ERROR    Failed to process telemetry record: KeyError('sm_utilization') (records_manager.py:336)
NoneType: None
02:23:13.670 ERROR    Failed to process telemetry record: KeyError('sm_utilization') (records_manager.py:336)
NoneType: None
02:23:14.026 ERROR    Failed to process telemetry record: KeyError('sm_utilization') (records_manager.py:336)
NoneType: None
02:23:14.027 ERROR    Failed to process telemetry record: KeyError('sm_utilization') (records_manager.py:336)
NoneType: None
02:23:14.383 ERROR    Failed to process telemetry record: KeyError('sm_utilization') (records_manager.py:336)
NoneType: None
02:23:14.395 ERROR    Failed to process telemetry record: KeyError('sm_utilization') (records_manager.py:336)
NoneType: None
02:23:14.744 ERROR    Failed to process telemetry record: KeyError('sm_utilization') (records_manager.py:336)
NoneType: None
02:23:14.745 ERROR    Failed to process telemetry record: KeyError('sm_utilization') (records_manager.py:336)
NoneType: None
02:23:15.107 ERROR    Failed to process telemetry record: KeyError('sm_utilization') (records_manager.py:336)
NoneType: None
02:23:15.107 ERROR    Failed to process telemetry record: KeyError('sm_utilization') (records_manager.py:336)
NoneType: None
02:23:15.467 ERROR    Failed to process telemetry record: KeyError('sm_utilization') (records_manager.py:336)
NoneType: None
02:23:15.479 ERROR    Failed to process telemetry record: KeyError('sm_utilization') (records_manager.py:336)
NoneType: None
02:23:15.826 ERROR    Failed to process telemetry record: KeyError('sm_utilization') (records_manager.py:336)
NoneType: None
02:23:15.826 ERROR    Failed to process telemetry record: KeyError('sm_utilization') (records_manager.py:336)
NoneType: None
02:23:16.188 ERROR    Failed to process telemetry record: KeyError('sm_utilization') (records_manager.py:336)
NoneType: None
02:23:16.189 ERROR    Failed to process telemetry record: KeyError('sm_utilization') (records_manager.py:336)
NoneType: None
02:23:16.547 ERROR    Failed to process telemetry record: KeyError('sm_utilization') (records_manager.py:336)
NoneType: None
02:23:16.548 ERROR    Failed to process telemetry record: KeyError('sm_utilization') (records_manager.py:336)
NoneType: None
02:23:16.905 ERROR    Failed to process telemetry record: KeyError('sm_utilization') (records_manager.py:336)
NoneType: None
02:23:16.906 ERROR    Failed to process telemetry record: KeyError('sm_utilization') (records_manager.py:336)
NoneType: None
02:23:17.269 ERROR    Failed to process telemetry record: KeyError('sm_utilization') (records_manager.py:336)
NoneType: None
02:23:17.270 ERROR    Failed to process telemetry record: KeyError('sm_utilization') (records_manager.py:336)
NoneType: None
02:23:17.626 ERROR    Failed to process telemetry record: KeyError('sm_utilization') (records_manager.py:336)
NoneType: None
02:23:17.631 ERROR    Failed to process telemetry record: KeyError('sm_utilization') (records_manager.py:336)
NoneType: None
02:23:17.984 ERROR    Failed to process telemetry record: KeyError('sm_utilization') (records_manager.py:336)
NoneType: None
02:23:17.984 ERROR    Failed to process telemetry record: KeyError('sm_utilization') (records_manager.py:336)
NoneType: None
02:23:18.340 ERROR    Failed to process telemetry record: KeyError('sm_utilization') (records_manager.py:336)
NoneType: None
02:23:18.340 ERROR    Failed to process telemetry record: KeyError('sm_utilization') (records_manager.py:336)
NoneType: None
02:23:18.700 ERROR    Failed to process telemetry record: KeyError('sm_utilization') (records_manager.py:336)
NoneType: None
02:23:18.710 ERROR    Failed to process telemetry record: KeyError('sm_utilization') (records_manager.py:336)
NoneType: None
02:23:19.068 ERROR    Failed to process telemetry record: KeyError('sm_utilization') (records_manager.py:336)
NoneType: None
02:23:19.069 ERROR    Failed to process telemetry record: KeyError('sm_utilization') (records_manager.py:336)
NoneType: None
02:23:19.430 ERROR    Failed to process telemetry record: KeyError('sm_utilization') (records_manager.py:336)
NoneType: None
02:23:19.431 ERROR    Failed to process telemetry record: KeyError('sm_utilization') (records_manager.py:336)
NoneType: None
02:23:19.790 ERROR    Failed to process telemetry record: KeyError('sm_utilization') (records_manager.py:336)
NoneType: None
02:23:19.798 ERROR    Failed to process telemetry record: KeyError('sm_utilization') (records_manager.py:336)
NoneType: None
02:23:20.149 ERROR    Failed to process telemetry record: KeyError('sm_utilization') (records_manager.py:336)
NoneType: None
02:23:20.150 ERROR    Failed to process telemetry record: KeyError('sm_utilization') (records_manager.py:336)
NoneType: None
02:23:20.508 ERROR    Failed to process telemetry record: KeyError('sm_utilization') (records_manager.py:336)
NoneType: None
02:23:20.508 ERROR    Failed to process telemetry record: KeyError('sm_utilization') (records_manager.py:336)
NoneType: None
02:23:20.864 ERROR    Failed to process telemetry record: KeyError('sm_utilization') (records_manager.py:336)
NoneType: None
02:23:20.876 ERROR    Failed to process telemetry record: KeyError('sm_utilization') (records_manager.py:336)
NoneType: None
02:23:21.220 ERROR    Failed to process telemetry record: KeyError('sm_utilization') (records_manager.py:336)
NoneType: None
02:23:21.221 ERROR    Failed to process telemetry record: KeyError('sm_utilization') (records_manager.py:336)
NoneType: None
02:23:21.584 ERROR    Failed to process telemetry record: KeyError('sm_utilization') (records_manager.py:336)
NoneType: None
02:23:21.585 ERROR    Failed to process telemetry record: KeyError('sm_utilization') (records_manager.py:336)
NoneType: None
02:23:21.940 ERROR    Failed to process telemetry record: KeyError('sm_utilization') (records_manager.py:336)
NoneType: None
02:23:21.940 ERROR    Failed to process telemetry record: KeyError('sm_utilization') (records_manager.py:336)
NoneType: None
02:23:22.296 ERROR    Failed to process telemetry record: KeyError('sm_utilization') (records_manager.py:336)
NoneType: None
02:23:22.297 ERROR    Failed to process telemetry record: KeyError('sm_utilization') (records_manager.py:336)
NoneType: None
02:23:22.654 ERROR    Failed to process telemetry record: KeyError('sm_utilization') (records_manager.py:336)
NoneType: None
02:23:22.655 ERROR    Failed to process telemetry record: KeyError('sm_utilization') (records_manager.py:336)
NoneType: None
02:23:23.015 ERROR    Failed to process telemetry record: KeyError('sm_utilization') (records_manager.py:336)
NoneType: None
02:23:23.016 ERROR    Failed to process telemetry record: KeyError('sm_utilization') (records_manager.py:336)
NoneType: None
02:23:23.374 ERROR    Failed to process telemetry record: KeyError('sm_utilization') (records_manager.py:336)
NoneType: None
02:23:23.375 ERROR    Failed to process telemetry record: KeyError('sm_utilization') (records_manager.py:336)
NoneType: None
02:23:23.732 ERROR    Failed to process telemetry record: KeyError('sm_utilization') (records_manager.py:336)
NoneType: None
02:23:23.733 ERROR    Failed to process telemetry record: KeyError('sm_utilization') (records_manager.py:336)
NoneType: None
02:23:24.098 ERROR    Failed to process telemetry record: KeyError('sm_utilization') (records_manager.py:336)
NoneType: None
02:23:24.099 ERROR    Failed to process telemetry record: KeyError('sm_utilization') (records_manager.py:336)
NoneType: None
02:23:24.461 ERROR    Failed to process telemetry record: KeyError('sm_utilization') (records_manager.py:336)
NoneType: None
02:23:24.462 ERROR    Failed to process telemetry record: KeyError('sm_utilization') (records_manager.py:336)
NoneType: None
02:23:24.820 ERROR    Failed to process telemetry record: KeyError('sm_utilization') (records_manager.py:336)
NoneType: None
02:23:24.821 ERROR    Failed to process telemetry record: KeyError('sm_utilization') (records_manager.py:336)
NoneType: None
02:23:25.183 ERROR    Failed to process telemetry record: KeyError('sm_utilization') (records_manager.py:336)
NoneType: None
02:23:25.184 ERROR    Failed to process telemetry record: KeyError('sm_utilization') (records_manager.py:336)
NoneType: None
02:23:25.541 ERROR    Failed to process telemetry record: KeyError('sm_utilization') (records_manager.py:336)
NoneType: None
02:23:25.542 ERROR    Failed to process telemetry record: KeyError('sm_utilization') (records_manager.py:336)
NoneType: None
02:23:25.898 ERROR    Failed to process telemetry record: KeyError('sm_utilization') (records_manager.py:336)
NoneType: None
02:23:25.899 ERROR    Failed to process telemetry record: KeyError('sm_utilization') (records_manager.py:336)
NoneType: None
02:23:26.254 ERROR    Failed to process telemetry record: KeyError('sm_utilization') (records_manager.py:336)
NoneType: None
02:23:26.255 ERROR    Failed to process telemetry record: KeyError('sm_utilization') (records_manager.py:336)
NoneType: None
02:23:26.618 ERROR    Failed to process telemetry record: KeyError('sm_utilization') (records_manager.py:336)
NoneType: None
02:23:26.619 ERROR    Failed to process telemetry record: KeyError('sm_utilization') (records_manager.py:336)
NoneType: None
02:23:26.988 ERROR    Failed to process telemetry record: KeyError('sm_utilization') (records_manager.py:336)
NoneType: None
02:23:26.989 ERROR    Failed to process telemetry record: KeyError('sm_utilization') (records_manager.py:336)
NoneType: None
02:23:27.348 ERROR    Failed to process telemetry record: KeyError('sm_utilization') (records_manager.py:336)
NoneType: None
02:23:27.349 ERROR    Failed to process telemetry record: KeyError('sm_utilization') (records_manager.py:336)
NoneType: None
02:23:27.707 ERROR    Failed to process telemetry record: KeyError('sm_utilization') (records_manager.py:336)
NoneType: None
02:23:27.707 ERROR    Failed to process telemetry record: KeyError('sm_utilization') (records_manager.py:336)
NoneType: None
02:23:28.063 ERROR    Failed to process telemetry record: KeyError('sm_utilization') (records_manager.py:336)
NoneType: None
02:23:28.064 ERROR    Failed to process telemetry record: KeyError('sm_utilization') (records_manager.py:336)
NoneType: None
02:23:28.420 ERROR    Failed to process telemetry record: KeyError('sm_utilization') (records_manager.py:336)
NoneType: None
02:23:28.432 ERROR    Failed to process telemetry record: KeyError('sm_utilization') (records_manager.py:336)
NoneType: None
02:23:28.780 ERROR    Failed to process telemetry record: KeyError('sm_utilization') (records_manager.py:336)
NoneType: None
02:23:28.781 ERROR    Failed to process telemetry record: KeyError('sm_utilization') (records_manager.py:336)
NoneType: None
02:23:29.140 ERROR    Failed to process telemetry record: KeyError('sm_utilization') (records_manager.py:336)
NoneType: None
02:23:29.141 ERROR    Failed to process telemetry record: KeyError('sm_utilization') (records_manager.py:336)
NoneType: None
02:23:29.505 ERROR    Failed to process telemetry record: KeyError('sm_utilization') (records_manager.py:336)
NoneType: None
02:23:29.509 ERROR    Failed to process telemetry record: KeyError('sm_utilization') (records_manager.py:336)
NoneType: None
02:23:29.875 ERROR    Failed to process telemetry record: KeyError('sm_utilization') (records_manager.py:336)
NoneType: None
02:23:29.876 ERROR    Failed to process telemetry record: KeyError('sm_utilization') (records_manager.py:336)
NoneType: None
02:23:30.234 ERROR    Failed to process telemetry record: KeyError('sm_utilization') (records_manager.py:336)
NoneType: None
02:23:30.235 ERROR    Failed to process telemetry record: KeyError('sm_utilization') (records_manager.py:336)
NoneType: None
02:23:30.601 ERROR    Failed to process telemetry record: KeyError('sm_utilization') (records_manager.py:336)
NoneType: None
02:23:30.602 ERROR    Failed to process telemetry record: KeyError('sm_utilization') (records_manager.py:336)
NoneType: None
02:23:30.964 ERROR    Failed to process telemetry record: KeyError('sm_utilization') (records_manager.py:336)
NoneType: None
02:23:30.964 ERROR    Failed to process telemetry record: KeyError('sm_utilization') (records_manager.py:336)
NoneType: None
02:23:31.325 ERROR    Failed to process telemetry record: KeyError('sm_utilization') (records_manager.py:336)
NoneType: None
02:23:31.326 ERROR    Failed to process telemetry record: KeyError('sm_utilization') (records_manager.py:336)
NoneType: None
02:23:31.686 ERROR    Failed to process telemetry record: KeyError('sm_utilization') (records_manager.py:336)
NoneType: None
02:23:31.692 ERROR    Failed to process telemetry record: KeyError('sm_utilization') (records_manager.py:336)
NoneType: None
02:23:32.046 ERROR    Failed to process telemetry record: KeyError('sm_utilization') (records_manager.py:336)
NoneType: None
02:23:32.047 ERROR    Failed to process telemetry record: KeyError('sm_utilization') (records_manager.py:336)
NoneType: None
02:23:32.404 ERROR    Failed to process telemetry record: KeyError('sm_utilization') (records_manager.py:336)
NoneType: None
02:23:32.405 ERROR    Failed to process telemetry record: KeyError('sm_utilization') (records_manager.py:336)
NoneType: None
02:23:32.760 ERROR    Failed to process telemetry record: KeyError('sm_utilization') (records_manager.py:336)
NoneType: None
02:23:32.761 ERROR    Failed to process telemetry record: KeyError('sm_utilization') (records_manager.py:336)
NoneType: None
02:23:33.119 ERROR    Failed to process telemetry record: KeyError('sm_utilization') (records_manager.py:336)
NoneType: None
02:23:33.120 ERROR    Failed to process telemetry record: KeyError('sm_utilization') (records_manager.py:336)
NoneType: None
02:23:33.478 ERROR    Failed to process telemetry record: KeyError('sm_utilization') (records_manager.py:336)
NoneType: None
02:23:33.478 ERROR    Failed to process telemetry record: KeyError('sm_utilization') (records_manager.py:336)
NoneType: None
02:23:33.840 ERROR    Failed to process telemetry record: KeyError('sm_utilization') (records_manager.py:336)
NoneType: None
02:23:33.841 ERROR    Failed to process telemetry record: KeyError('sm_utilization') (records_manager.py:336)
NoneType: None
02:23:34.205 ERROR    Failed to process telemetry record: KeyError('sm_utilization') (records_manager.py:336)
NoneType: None
02:23:34.205 ERROR    Failed to process telemetry record: KeyError('sm_utilization') (records_manager.py:336)
NoneType: None
02:23:34.565 ERROR    Failed to process telemetry record: KeyError('sm_utilization') (records_manager.py:336)
NoneType: None
02:23:34.566 ERROR    Failed to process telemetry record: KeyError('sm_utilization') (records_manager.py:336)
NoneType: None
02:23:34.923 ERROR    Failed to process telemetry record: KeyError('sm_utilization') (records_manager.py:336)
NoneType: None
02:23:34.924 ERROR    Failed to process telemetry record: KeyError('sm_utilization') (records_manager.py:336)
NoneType: None
02:23:35.283 ERROR    Failed to process telemetry record: KeyError('sm_utilization') (records_manager.py:336)
NoneType: None
02:23:35.283 ERROR    Failed to process telemetry record: KeyError('sm_utilization') (records_manager.py:336)
NoneType: None
02:23:35.640 ERROR    Failed to process telemetry record: KeyError('sm_utilization') (records_manager.py:336)
NoneType: None
02:23:35.641 ERROR    Failed to process telemetry record: KeyError('sm_utilization') (records_manager.py:336)
NoneType: None
02:23:36.001 ERROR    Failed to process telemetry record: KeyError('sm_utilization') (records_manager.py:336)
NoneType: None
02:23:36.002 ERROR    Failed to process telemetry record: KeyError('sm_utilization') (records_manager.py:336)
NoneType: None
02:23:36.357 ERROR    Failed to process telemetry record: KeyError('sm_utilization') (records_manager.py:336)
NoneType: None
02:23:36.358 ERROR    Failed to process telemetry record: KeyError('sm_utilization') (records_manager.py:336)
NoneType: None
02:23:36.716 ERROR    Failed to process telemetry record: KeyError('sm_utilization') (records_manager.py:336)
NoneType: None
02:23:36.717 ERROR    Failed to process telemetry record: KeyError('sm_utilization') (records_manager.py:336)
NoneType: None
02:23:37.072 ERROR    Failed to process telemetry record: KeyError('sm_utilization') (records_manager.py:336)
NoneType: None
02:23:37.073 ERROR    Failed to process telemetry record: KeyError('sm_utilization') (records_manager.py:336)
NoneType: None
02:23:37.432 ERROR    Failed to process telemetry record: KeyError('sm_utilization') (records_manager.py:336)
NoneType: None
02:23:37.432 ERROR    Failed to process telemetry record: KeyError('sm_utilization') (records_manager.py:336)
NoneType: None
02:23:37.793 ERROR    Failed to process telemetry record: KeyError('sm_utilization') (records_manager.py:336)
NoneType: None
02:23:37.794 ERROR    Failed to process telemetry record: KeyError('sm_utilization') (records_manager.py:336)
NoneType: None
02:23:38.153 ERROR    Failed to process telemetry record: KeyError('sm_utilization') (records_manager.py:336)
NoneType: None
02:23:38.154 ERROR    Failed to process telemetry record: KeyError('sm_utilization') (records_manager.py:336)
NoneType: None
02:23:38.513 ERROR    Failed to process telemetry record: KeyError('sm_utilization') (records_manager.py:336)
NoneType: None
02:23:38.514 ERROR    Failed to process telemetry record: KeyError('sm_utilization') (records_manager.py:336)
NoneType: None
02:23:38.876 ERROR    Failed to process telemetry record: KeyError('sm_utilization') (records_manager.py:336)
NoneType: None
02:23:38.886 ERROR    Failed to process telemetry record: KeyError('sm_utilization') (records_manager.py:336)
NoneType: None
02:23:39.237 ERROR    Failed to process telemetry record: KeyError('sm_utilization') (records_manager.py:336)
NoneType: None
02:23:39.238 ERROR    Failed to process telemetry record: KeyError('sm_utilization') (records_manager.py:336)
NoneType: None
02:23:39.594 ERROR    Failed to process telemetry record: KeyError('sm_utilization') (records_manager.py:336)
NoneType: None
02:23:39.595 ERROR    Failed to process telemetry record: KeyError('sm_utilization') (records_manager.py:336)
NoneType: None
02:23:39.951 ERROR    Failed to process telemetry record: KeyError('sm_utilization') (records_manager.py:336)
NoneType: None
02:23:39.952 ERROR    Failed to process telemetry record: KeyError('sm_utilization') (records_manager.py:336)
NoneType: None
02:23:40.311 ERROR    Failed to process telemetry record: KeyError('sm_utilization') (records_manager.py:336)
NoneType: None
02:23:40.312 ERROR    Failed to process telemetry record: KeyError('sm_utilization') (records_manager.py:336)
NoneType: None
02:23:40.673 ERROR    Failed to process telemetry record: KeyError('sm_utilization') (records_manager.py:336)
NoneType: None
02:23:40.673 ERROR    Failed to process telemetry record: KeyError('sm_utilization') (records_manager.py:336)
NoneType: None
02:23:41.031 ERROR    Failed to process telemetry record: KeyError('sm_utilization') (records_manager.py:336)
NoneType: None
02:23:41.032 ERROR    Failed to process telemetry record: KeyError('sm_utilization') (records_manager.py:336)
NoneType: None
02:23:41.393 ERROR    Failed to process telemetry record: KeyError('sm_utilization') (records_manager.py:336)
NoneType: None
02:23:41.393 ERROR    Failed to process telemetry record: KeyError('sm_utilization') (records_manager.py:336)
NoneType: None
02:23:41.748 ERROR    Failed to process telemetry record: KeyError('sm_utilization') (records_manager.py:336)
NoneType: None
02:23:41.749 ERROR    Failed to process telemetry record: KeyError('sm_utilization') (records_manager.py:336)
NoneType: None
02:23:42.106 ERROR    Failed to process telemetry record: KeyError('sm_utilization') (records_manager.py:336)
NoneType: None
02:23:42.107 ERROR    Failed to process telemetry record: KeyError('sm_utilization') (records_manager.py:336)
NoneType: None
02:23:42.475 ERROR    Failed to process telemetry record: KeyError('sm_utilization') (records_manager.py:336)
NoneType: None
02:23:42.476 ERROR    Failed to process telemetry record: KeyError('sm_utilization') (records_manager.py:336)
NoneType: None
02:23:42.835 ERROR    Failed to process telemetry record: KeyError('sm_utilization') (records_manager.py:336)
NoneType: None
02:23:42.836 ERROR    Failed to process telemetry record: KeyError('sm_utilization') (records_manager.py:336)
NoneType: None
02:23:43.199 ERROR    Failed to process telemetry record: KeyError('sm_utilization') (records_manager.py:336)
NoneType: None
02:23:43.199 ERROR    Failed to process telemetry record: KeyError('sm_utilization') (records_manager.py:336)
NoneType: None
02:23:43.557 ERROR    Failed to process telemetry record: KeyError('sm_utilization') (records_manager.py:336)
NoneType: None
02:23:43.558 ERROR    Failed to process telemetry record: KeyError('sm_utilization') (records_manager.py:336)
NoneType: None
02:23:43.915 ERROR    Failed to process telemetry record: KeyError('sm_utilization') (records_manager.py:336)
NoneType: None
02:23:43.916 ERROR    Failed to process telemetry record: KeyError('sm_utilization') (records_manager.py:336)
NoneType: None
02:23:44.271 ERROR    Failed to process telemetry record: KeyError('sm_utilization') (records_manager.py:336)
NoneType: None
02:23:44.272 ERROR    Failed to process telemetry record: KeyError('sm_utilization') (records_manager.py:336)
NoneType: None
02:23:44.631 ERROR    Failed to process telemetry record: KeyError('sm_utilization') (records_manager.py:336)
NoneType: None
02:23:44.632 ERROR    Failed to process telemetry record: KeyError('sm_utilization') (records_manager.py:336)
NoneType: None
02:23:44.995 ERROR    Failed to process telemetry record: KeyError('sm_utilization') (records_manager.py:336)
NoneType: None
02:23:44.996 ERROR    Failed to process telemetry record: KeyError('sm_utilization') (records_manager.py:336)
NoneType: None
02:23:45.353 ERROR    Failed to process telemetry record: KeyError('sm_utilization') (records_manager.py:336)
NoneType: None
02:23:45.353 ERROR    Failed to process telemetry record: KeyError('sm_utilization') (records_manager.py:336)
NoneType: None
02:23:45.712 ERROR    Failed to process telemetry record: KeyError('sm_utilization') (records_manager.py:336)
NoneType: None
02:23:45.713 ERROR    Failed to process telemetry record: KeyError('sm_utilization') (records_manager.py:336)
NoneType: None
02:23:46.069 ERROR    Failed to process telemetry record: KeyError('sm_utilization') (records_manager.py:336)
NoneType: None
02:23:46.070 ERROR    Failed to process telemetry record: KeyError('sm_utilization') (records_manager.py:336)
NoneType: None
02:23:46.430 ERROR    Failed to process telemetry record: KeyError('sm_utilization') (records_manager.py:336)
NoneType: None
02:23:46.430 ERROR    Failed to process telemetry record: KeyError('sm_utilization') (records_manager.py:336)
NoneType: None
02:23:46.793 ERROR    Failed to process telemetry record: KeyError('sm_utilization') (records_manager.py:336)
NoneType: None
02:23:46.794 ERROR    Failed to process telemetry record: KeyError('sm_utilization') (records_manager.py:336)
NoneType: None
02:23:47.152 ERROR    Failed to process telemetry record: KeyError('sm_utilization') (records_manager.py:336)
NoneType: None
02:23:47.158 ERROR    Failed to process telemetry record: KeyError('sm_utilization') (records_manager.py:336)
NoneType: None
02:23:47.509 ERROR    Failed to process telemetry record: KeyError('sm_utilization') (records_manager.py:336)
NoneType: None
02:23:47.514 ERROR    Failed to process telemetry record: KeyError('sm_utilization') (records_manager.py:336)
NoneType: None
02:23:47.865 ERROR    Failed to process telemetry record: KeyError('sm_utilization') (records_manager.py:336)
NoneType: None
02:23:47.866 ERROR    Failed to process telemetry record: KeyError('sm_utilization') (records_manager.py:336)
NoneType: None
02:23:48.226 ERROR    Failed to process telemetry record: KeyError('sm_utilization') (records_manager.py:336)
NoneType: None
02:23:48.227 ERROR    Failed to process telemetry record: KeyError('sm_utilization') (records_manager.py:336)
NoneType: None
02:23:48.586 ERROR    Failed to process telemetry record: KeyError('sm_utilization') (records_manager.py:336)
NoneType: None
02:23:48.587 ERROR    Failed to process telemetry record: KeyError('sm_utilization') (records_manager.py:336)
NoneType: None
02:23:48.943 ERROR    Failed to process telemetry record: KeyError('sm_utilization') (records_manager.py:336)
NoneType: None
02:23:48.944 ERROR    Failed to process telemetry record: KeyError('sm_utilization') (records_manager.py:336)
NoneType: None
02:23:49.310 ERROR    Failed to process telemetry record: KeyError('sm_utilization') (records_manager.py:336)
NoneType: None
02:23:49.311 ERROR    Failed to process telemetry record: KeyError('sm_utilization') (records_manager.py:336)
NoneType: None
02:23:49.672 ERROR    Failed to process telemetry record: KeyError('sm_utilization') (records_manager.py:336)
NoneType: None
02:23:49.673 ERROR    Failed to process telemetry record: KeyError('sm_utilization') (records_manager.py:336)
NoneType: None
02:23:50.029 ERROR    Failed to process telemetry record: KeyError('sm_utilization') (records_manager.py:336)
NoneType: None
02:23:50.030 ERROR    Failed to process telemetry record: KeyError('sm_utilization') (records_manager.py:336)
NoneType: None
02:23:50.389 ERROR    Failed to process telemetry record: KeyError('sm_utilization') (records_manager.py:336)
NoneType: None
02:23:50.389 ERROR    Failed to process telemetry record: KeyError('sm_utilization') (records_manager.py:336)
NoneType: None
02:23:50.754 ERROR    Failed to process telemetry record: KeyError('sm_utilization') (records_manager.py:336)
NoneType: None
02:23:50.754 ERROR    Failed to process telemetry record: KeyError('sm_utilization') (records_manager.py:336)
NoneType: None
02:23:51.110 ERROR    Failed to process telemetry record: KeyError('sm_utilization') (records_manager.py:336)
NoneType: None
02:23:51.110 ERROR    Failed to process telemetry record: KeyError('sm_utilization') (records_manager.py:336)
NoneType: None
02:23:51.467 ERROR    Failed to process telemetry record: KeyError('sm_utilization') (records_manager.py:336)
NoneType: None
02:23:51.468 ERROR    Failed to process telemetry record: KeyError('sm_utilization') (records_manager.py:336)
NoneType: None
02:23:51.826 ERROR    Failed to process telemetry record: KeyError('sm_utilization') (records_manager.py:336)
NoneType: None
02:23:51.827 ERROR    Failed to process telemetry record: KeyError('sm_utilization') (records_manager.py:336)
NoneType: None
02:23:52.187 ERROR    Failed to process telemetry record: KeyError('sm_utilization') (records_manager.py:336)
NoneType: None
02:23:52.190 ERROR    Failed to process telemetry record: KeyError('sm_utilization') (records_manager.py:336)
NoneType: None
02:23:52.543 ERROR    Failed to process telemetry record: KeyError('sm_utilization') (records_manager.py:336)
NoneType: None
02:23:52.544 ERROR    Failed to process telemetry record: KeyError('sm_utilization') (records_manager.py:336)
NoneType: None
02:23:52.902 ERROR    Failed to process telemetry record: KeyError('sm_utilization') (records_manager.py:336)
NoneType: None
02:23:52.903 ERROR    Failed to process telemetry record: KeyError('sm_utilization') (records_manager.py:336)
NoneType: None
02:23:53.261 ERROR    Failed to process telemetry record: KeyError('sm_utilization') (records_manager.py:336)
NoneType: None
02:23:53.262 ERROR    Failed to process telemetry record: KeyError('sm_utilization') (records_manager.py:336)
NoneType: None
02:23:53.621 ERROR    Failed to process telemetry record: KeyError('sm_utilization') (records_manager.py:336)
NoneType: None
02:23:53.622 ERROR    Failed to process telemetry record: KeyError('sm_utilization') (records_manager.py:336)
NoneType: None
02:23:53.990 ERROR    Failed to process telemetry record: KeyError('sm_utilization') (records_manager.py:336)
NoneType: None
02:23:53.990 ERROR    Failed to process telemetry record: KeyError('sm_utilization') (records_manager.py:336)
NoneType: None
02:23:54.353 ERROR    Failed to process telemetry record: KeyError('sm_utilization') (records_manager.py:336)
NoneType: None
02:23:54.354 ERROR    Failed to process telemetry record: KeyError('sm_utilization') (records_manager.py:336)
NoneType: None
02:23:54.710 ERROR    Failed to process telemetry record: KeyError('sm_utilization') (records_manager.py:336)
NoneType: None
02:23:54.711 ERROR    Failed to process telemetry record: KeyError('sm_utilization') (records_manager.py:336)
NoneType: None
02:23:55.071 ERROR    Failed to process telemetry record: KeyError('sm_utilization') (records_manager.py:336)
NoneType: None
02:23:55.072 ERROR    Failed to process telemetry record: KeyError('sm_utilization') (records_manager.py:336)
NoneType: None
02:23:55.429 ERROR    Failed to process telemetry record: KeyError('sm_utilization') (records_manager.py:336)
NoneType: None
02:23:55.430 ERROR    Failed to process telemetry record: KeyError('sm_utilization') (records_manager.py:336)
NoneType: None
02:23:55.788 ERROR    Failed to process telemetry record: KeyError('sm_utilization') (records_manager.py:336)
NoneType: None
02:23:55.789 ERROR    Failed to process telemetry record: KeyError('sm_utilization') (records_manager.py:336)
NoneType: None
02:23:56.146 ERROR    Failed to process telemetry record: KeyError('sm_utilization') (records_manager.py:336)
NoneType: None
02:23:56.147 ERROR    Failed to process telemetry record: KeyError('sm_utilization') (records_manager.py:336)
NoneType: None
02:23:56.505 ERROR    Failed to process telemetry record: KeyError('sm_utilization') (records_manager.py:336)
NoneType: None
02:23:56.506 ERROR    Failed to process telemetry record: KeyError('sm_utilization') (records_manager.py:336)
NoneType: None
02:23:56.864 ERROR    Failed to process telemetry record: KeyError('sm_utilization') (records_manager.py:336)
NoneType: None
02:23:56.864 ERROR    Failed to process telemetry record: KeyError('sm_utilization') (records_manager.py:336)
NoneType: None
02:23:57.225 ERROR    Failed to process telemetry record: KeyError('sm_utilization') (records_manager.py:336)
NoneType: None
02:23:57.226 ERROR    Failed to process telemetry record: KeyError('sm_utilization') (records_manager.py:336)
NoneType: None
02:23:57.593 ERROR    Failed to process telemetry record: KeyError('sm_utilization') (records_manager.py:336)
NoneType: None
02:23:57.594 ERROR    Failed to process telemetry record: KeyError('sm_utilization') (records_manager.py:336)
NoneType: None
02:23:57.954 ERROR    Failed to process telemetry record: KeyError('sm_utilization') (records_manager.py:336)
NoneType: None
02:23:57.955 ERROR    Failed to process telemetry record: KeyError('sm_utilization') (records_manager.py:336)
NoneType: None
02:23:58.312 ERROR    Failed to process telemetry record: KeyError('sm_utilization') (records_manager.py:336)
NoneType: None
02:23:58.312 ERROR    Failed to process telemetry record: KeyError('sm_utilization') (records_manager.py:336)
NoneType: None
02:23:58.673 ERROR    Failed to process telemetry record: KeyError('sm_utilization') (records_manager.py:336)
NoneType: None
02:23:58.674 ERROR    Failed to process telemetry record: KeyError('sm_utilization') (records_manager.py:336)
NoneType: None
02:23:59.033 ERROR    Failed to process telemetry record: KeyError('sm_utilization') (records_manager.py:336)
NoneType: None
02:23:59.034 ERROR    Failed to process telemetry record: KeyError('sm_utilization') (records_manager.py:336)
NoneType: None
02:23:59.391 ERROR    Failed to process telemetry record: KeyError('sm_utilization') (records_manager.py:336)
NoneType: None
02:23:59.391 ERROR    Failed to process telemetry record: KeyError('sm_utilization') (records_manager.py:336)
NoneType: None
02:23:59.747 ERROR    Failed to process telemetry record: KeyError('sm_utilization') (records_manager.py:336)
NoneType: None
02:23:59.748 ERROR    Failed to process telemetry record: KeyError('sm_utilization') (records_manager.py:336)
NoneType: None
02:24:00.104 ERROR    Failed to process telemetry record: KeyError('sm_utilization') (records_manager.py:336)
NoneType: None
02:24:00.105 ERROR    Failed to process telemetry record: KeyError('sm_utilization') (records_manager.py:336)
NoneType: None
02:24:00.463 ERROR    Failed to process telemetry record: KeyError('sm_utilization') (records_manager.py:336)
NoneType: None
02:24:00.463 ERROR    Failed to process telemetry record: KeyError('sm_utilization') (records_manager.py:336)
NoneType: None
02:24:00.825 ERROR    Failed to process telemetry record: KeyError('sm_utilization') (records_manager.py:336)
NoneType: None
02:24:00.825 ERROR    Failed to process telemetry record: KeyError('sm_utilization') (records_manager.py:336)
NoneType: None
02:24:01.181 ERROR    Failed to process telemetry record: KeyError('sm_utilization') (records_manager.py:336)
NoneType: None
02:24:01.182 ERROR    Failed to process telemetry record: KeyError('sm_utilization') (records_manager.py:336)
NoneType: None
02:24:01.539 ERROR    Failed to process telemetry record: KeyError('sm_utilization') (records_manager.py:336)
NoneType: None
02:24:01.540 ERROR    Failed to process telemetry record: KeyError('sm_utilization') (records_manager.py:336)
NoneType: None
02:24:01.898 ERROR    Failed to process telemetry record: KeyError('sm_utilization') (records_manager.py:336)
NoneType: None
02:24:01.899 ERROR    Failed to process telemetry record: KeyError('sm_utilization') (records_manager.py:336)
NoneType: None
02:24:02.256 ERROR    Failed to process telemetry record: KeyError('sm_utilization') (records_manager.py:336)
NoneType: None
02:24:02.257 ERROR    Failed to process telemetry record: KeyError('sm_utilization') (records_manager.py:336)
NoneType: None
02:24:02.614 ERROR    Failed to process telemetry record: KeyError('sm_utilization') (records_manager.py:336)
NoneType: None
02:24:02.615 ERROR    Failed to process telemetry record: KeyError('sm_utilization') (records_manager.py:336)
NoneType: None
02:24:02.980 ERROR    Failed to process telemetry record: KeyError('sm_utilization') (records_manager.py:336)
NoneType: None
02:24:02.981 ERROR    Failed to process telemetry record: KeyError('sm_utilization') (records_manager.py:336)
NoneType: None
02:24:03.355 ERROR    Failed to process telemetry record: KeyError('sm_utilization') (records_manager.py:336)
NoneType: None
02:24:03.366 ERROR    Failed to process telemetry record: KeyError('sm_utilization') (records_manager.py:336)
NoneType: None
02:24:03.713 ERROR    Failed to process telemetry record: KeyError('sm_utilization') (records_manager.py:336)
NoneType: None
02:24:03.714 ERROR    Failed to process telemetry record: KeyError('sm_utilization') (records_manager.py:336)
NoneType: None
02:24:04.073 ERROR    Failed to process telemetry record: KeyError('sm_utilization') (records_manager.py:336)
NoneType: None
02:24:04.074 ERROR    Failed to process telemetry record: KeyError('sm_utilization') (records_manager.py:336)
NoneType: None
02:24:04.432 ERROR    Failed to process telemetry record: KeyError('sm_utilization') (records_manager.py:336)
NoneType: None
02:24:04.433 ERROR    Failed to process telemetry record: KeyError('sm_utilization') (records_manager.py:336)
NoneType: None
02:24:04.794 ERROR    Failed to process telemetry record: KeyError('sm_utilization') (records_manager.py:336)
NoneType: None
02:24:04.795 ERROR    Failed to process telemetry record: KeyError('sm_utilization') (records_manager.py:336)
NoneType: None
02:24:05.153 ERROR    Failed to process telemetry record: KeyError('sm_utilization') (records_manager.py:336)
NoneType: None
02:24:05.154 ERROR    Failed to process telemetry record: KeyError('sm_utilization') (records_manager.py:336)
NoneType: None
02:24:05.512 ERROR    Failed to process telemetry record: KeyError('sm_utilization') (records_manager.py:336)
NoneType: None
02:24:05.512 ERROR    Failed to process telemetry record: KeyError('sm_utilization') (records_manager.py:336)
NoneType: None
02:24:05.873 ERROR    Failed to process telemetry record: KeyError('sm_utilization') (records_manager.py:336)
NoneType: None
02:24:05.874 ERROR    Failed to process telemetry record: KeyError('sm_utilization') (records_manager.py:336)
NoneType: None
02:24:06.232 ERROR    Failed to process telemetry record: KeyError('sm_utilization') (records_manager.py:336)
NoneType: None
02:24:06.233 ERROR    Failed to process telemetry record: KeyError('sm_utilization') (records_manager.py:336)
NoneType: None
02:24:06.593 ERROR    Failed to process telemetry record: KeyError('sm_utilization') (records_manager.py:336)
NoneType: None
02:24:06.594 ERROR    Failed to process telemetry record: KeyError('sm_utilization') (records_manager.py:336)
NoneType: None
02:24:06.950 ERROR    Failed to process telemetry record: KeyError('sm_utilization') (records_manager.py:336)
NoneType: None
02:24:06.951 ERROR    Failed to process telemetry record: KeyError('sm_utilization') (records_manager.py:336)
NoneType: None
02:24:07.314 ERROR    Failed to process telemetry record: KeyError('sm_utilization') (records_manager.py:336)
NoneType: None
02:24:07.315 ERROR    Failed to process telemetry record: KeyError('sm_utilization') (records_manager.py:336)
NoneType: None
02:24:07.694 ERROR    Failed to process telemetry record: KeyError('sm_utilization') (records_manager.py:336)
NoneType: None
02:24:07.695 ERROR    Failed to process telemetry record: KeyError('sm_utilization') (records_manager.py:336)
NoneType: None
02:24:08.050 ERROR    Failed to process telemetry record: KeyError('sm_utilization') (records_manager.py:336)
NoneType: None
02:24:08.051 ERROR    Failed to process telemetry record: KeyError('sm_utilization') (records_manager.py:336)
NoneType: None
02:24:08.411 ERROR    Failed to process telemetry record: KeyError('sm_utilization') (records_manager.py:336)
NoneType: None
02:24:08.412 ERROR    Failed to process telemetry record: KeyError('sm_utilization') (records_manager.py:336)
NoneType: None
02:24:08.772 ERROR    Failed to process telemetry record: KeyError('sm_utilization') (records_manager.py:336)
NoneType: None
02:24:08.773 ERROR    Failed to process telemetry record: KeyError('sm_utilization') (records_manager.py:336)
NoneType: None
02:24:09.130 ERROR    Failed to process telemetry record: KeyError('sm_utilization') (records_manager.py:336)
NoneType: None
02:24:09.131 ERROR    Failed to process telemetry record: KeyError('sm_utilization') (records_manager.py:336)
NoneType: None
02:24:09.488 ERROR    Failed to process telemetry record: KeyError('sm_utilization') (records_manager.py:336)
NoneType: None
02:24:09.489 ERROR    Failed to process telemetry record: KeyError('sm_utilization') (records_manager.py:336)
NoneType: None
02:24:09.843 ERROR    Failed to process telemetry record: KeyError('sm_utilization') (records_manager.py:336)
NoneType: None
02:24:09.843 ERROR    Failed to process telemetry record: KeyError('sm_utilization') (records_manager.py:336)
NoneType: None
02:24:10.204 ERROR    Failed to process telemetry record: KeyError('sm_utilization') (records_manager.py:336)
NoneType: None
02:24:10.204 ERROR    Failed to process telemetry record: KeyError('sm_utilization') (records_manager.py:336)
NoneType: None
02:24:10.558 ERROR    Failed to process telemetry record: KeyError('sm_utilization') (records_manager.py:336)
NoneType: None
02:24:10.559 ERROR    Failed to process telemetry record: KeyError('sm_utilization') (records_manager.py:336)
NoneType: None
02:24:10.915 ERROR    Failed to process telemetry record: KeyError('sm_utilization') (records_manager.py:336)
NoneType: None
02:24:10.916 ERROR    Failed to process telemetry record: KeyError('sm_utilization') (records_manager.py:336)
NoneType: None
02:24:11.271 ERROR    Failed to process telemetry record: KeyError('sm_utilization') (records_manager.py:336)
NoneType: None
02:24:11.272 ERROR    Failed to process telemetry record: KeyError('sm_utilization') (records_manager.py:336)
NoneType: None
02:24:11.639 ERROR    Failed to process telemetry record: KeyError('sm_utilization') (records_manager.py:336)
NoneType: None
02:24:11.640 ERROR    Failed to process telemetry record: KeyError('sm_utilization') (records_manager.py:336)
NoneType: None
02:24:12.009 ERROR    Failed to process telemetry record: KeyError('sm_utilization') (records_manager.py:336)
NoneType: None
02:24:12.010 ERROR    Failed to process telemetry record: KeyError('sm_utilization') (records_manager.py:336)
NoneType: None
02:24:12.370 ERROR    Failed to process telemetry record: KeyError('sm_utilization') (records_manager.py:336)
NoneType: None
02:24:12.371 ERROR    Failed to process telemetry record: KeyError('sm_utilization') (records_manager.py:336)
NoneType: None
02:24:12.730 ERROR    Failed to process telemetry record: KeyError('sm_utilization') (records_manager.py:336)
NoneType: None
02:24:12.730 ERROR    Failed to process telemetry record: KeyError('sm_utilization') (records_manager.py:336)
NoneType: None
02:24:13.089 ERROR    Failed to process telemetry record: KeyError('sm_utilization') (records_manager.py:336)
NoneType: None
02:24:13.090 ERROR    Failed to process telemetry record: KeyError('sm_utilization') (records_manager.py:336)
NoneType: None
02:24:13.449 ERROR    Failed to process telemetry record: KeyError('sm_utilization') (records_manager.py:336)
NoneType: None
02:24:13.450 ERROR    Failed to process telemetry record: KeyError('sm_utilization') (records_manager.py:336)
NoneType: None
02:24:13.811 ERROR    Failed to process telemetry record: KeyError('sm_utilization') (records_manager.py:336)
NoneType: None
02:24:13.812 ERROR    Failed to process telemetry record: KeyError('sm_utilization') (records_manager.py:336)
NoneType: None
02:24:14.171 ERROR    Failed to process telemetry record: KeyError('sm_utilization') (records_manager.py:336)
NoneType: None
02:24:14.171 ERROR    Failed to process telemetry record: KeyError('sm_utilization') (records_manager.py:336)
NoneType: None
02:24:14.529 ERROR    Failed to process telemetry record: KeyError('sm_utilization') (records_manager.py:336)
NoneType: None
02:24:14.530 ERROR    Failed to process telemetry record: KeyError('sm_utilization') (records_manager.py:336)
NoneType: None
02:24:14.887 ERROR    Failed to process telemetry record: KeyError('sm_utilization') (records_manager.py:336)
NoneType: None
02:24:14.888 ERROR    Failed to process telemetry record: KeyError('sm_utilization') (records_manager.py:336)
NoneType: None
02:24:15.244 ERROR    Failed to process telemetry record: KeyError('sm_utilization') (records_manager.py:336)
NoneType: None
02:24:15.244 ERROR    Failed to process telemetry record: KeyError('sm_utilization') (records_manager.py:336)
NoneType: None
02:24:15.604 ERROR    Failed to process telemetry record: KeyError('sm_utilization') (records_manager.py:336)
NoneType: None
02:24:15.605 ERROR    Failed to process telemetry record: KeyError('sm_utilization') (records_manager.py:336)
NoneType: None
02:24:15.975 ERROR    Failed to process telemetry record: KeyError('sm_utilization') (records_manager.py:336)
NoneType: None
02:24:15.976 ERROR    Failed to process telemetry record: KeyError('sm_utilization') (records_manager.py:336)
NoneType: None
02:24:16.333 ERROR    Failed to process telemetry record: KeyError('sm_utilization') (records_manager.py:336)
NoneType: None
02:24:16.334 ERROR    Failed to process telemetry record: KeyError('sm_utilization') (records_manager.py:336)
NoneType: None
02:24:16.690 ERROR    Failed to process telemetry record: KeyError('sm_utilization') (records_manager.py:336)
NoneType: None
02:24:16.691 ERROR    Failed to process telemetry record: KeyError('sm_utilization') (records_manager.py:336)
NoneType: None
02:24:17.051 ERROR    Failed to process telemetry record: KeyError('sm_utilization') (records_manager.py:336)
NoneType: None
02:24:17.052 ERROR    Failed to process telemetry record: KeyError('sm_utilization') (records_manager.py:336)
NoneType: None
02:24:17.413 ERROR    Failed to process telemetry record: KeyError('sm_utilization') (records_manager.py:336)
NoneType: None
02:24:17.414 ERROR    Failed to process telemetry record: KeyError('sm_utilization') (records_manager.py:336)
NoneType: None
02:24:17.769 ERROR    Failed to process telemetry record: KeyError('sm_utilization') (records_manager.py:336)
NoneType: None
02:24:17.770 ERROR    Failed to process telemetry record: KeyError('sm_utilization') (records_manager.py:336)
NoneType: None
02:24:18.128 ERROR    Failed to process telemetry record: KeyError('sm_utilization') (records_manager.py:336)
NoneType: None
02:24:18.129 ERROR    Failed to process telemetry record: KeyError('sm_utilization') (records_manager.py:336)
NoneType: None
02:24:18.485 ERROR    Failed to process telemetry record: KeyError('sm_utilization') (records_manager.py:336)
NoneType: None
02:24:18.485 ERROR    Failed to process telemetry record: KeyError('sm_utilization') (records_manager.py:336)
NoneType: None
02:24:18.848 ERROR    Failed to process telemetry record: KeyError('sm_utilization') (records_manager.py:336)
NoneType: None
02:24:18.848 ERROR    Failed to process telemetry record: KeyError('sm_utilization') (records_manager.py:336)
NoneType: None
02:24:19.208 ERROR    Failed to process telemetry record: KeyError('sm_utilization') (records_manager.py:336)
NoneType: None
02:24:19.208 ERROR    Failed to process telemetry record: KeyError('sm_utilization') (records_manager.py:336)
NoneType: None
02:24:19.564 ERROR    Failed to process telemetry record: KeyError('sm_utilization') (records_manager.py:336)
NoneType: None
02:24:19.564 ERROR    Failed to process telemetry record: KeyError('sm_utilization') (records_manager.py:336)
NoneType: None
02:24:19.925 ERROR    Failed to process telemetry record: KeyError('sm_utilization') (records_manager.py:336)
NoneType: None
02:24:19.926 ERROR    Failed to process telemetry record: KeyError('sm_utilization') (records_manager.py:336)
NoneType: None
02:24:20.286 ERROR    Failed to process telemetry record: KeyError('sm_utilization') (records_manager.py:336)
NoneType: None
02:24:20.287 ERROR    Failed to process telemetry record: KeyError('sm_utilization') (records_manager.py:336)
NoneType: None
02:24:20.646 ERROR    Failed to process telemetry record: KeyError('sm_utilization') (records_manager.py:336)
NoneType: None
02:24:20.647 ERROR    Failed to process telemetry record: KeyError('sm_utilization') (records_manager.py:336)
NoneType: None
02:24:21.008 ERROR    Failed to process telemetry record: KeyError('sm_utilization') (records_manager.py:336)
NoneType: None
02:24:21.008 ERROR    Failed to process telemetry record: KeyError('sm_utilization') (records_manager.py:336)
NoneType: None
02:24:21.370 ERROR    Failed to process telemetry record: KeyError('sm_utilization') (records_manager.py:336)
NoneType: None
02:24:21.371 ERROR    Failed to process telemetry record: KeyError('sm_utilization') (records_manager.py:336)
NoneType: None
02:24:21.737 ERROR    Failed to process telemetry record: KeyError('sm_utilization') (records_manager.py:336)
NoneType: None
02:24:21.738 ERROR    Failed to process telemetry record: KeyError('sm_utilization') (records_manager.py:336)
NoneType: None
02:24:22.101 ERROR    Failed to process telemetry record: KeyError('sm_utilization') (records_manager.py:336)
NoneType: None
02:24:22.102 ERROR    Failed to process telemetry record: KeyError('sm_utilization') (records_manager.py:336)
NoneType: None
02:24:22.460 ERROR    Failed to process telemetry record: KeyError('sm_utilization') (records_manager.py:336)
NoneType: None
02:24:22.461 ERROR    Failed to process telemetry record: KeyError('sm_utilization') (records_manager.py:336)
NoneType: None
02:24:22.820 ERROR    Failed to process telemetry record: KeyError('sm_utilization') (records_manager.py:336)
NoneType: None
02:24:22.821 ERROR    Failed to process telemetry record: KeyError('sm_utilization') (records_manager.py:336)
NoneType: None
02:24:23.177 ERROR    Failed to process telemetry record: KeyError('sm_utilization') (records_manager.py:336)
NoneType: None
02:24:23.178 ERROR    Failed to process telemetry record: KeyError('sm_utilization') (records_manager.py:336)
NoneType: None
02:24:23.536 ERROR    Failed to process telemetry record: KeyError('sm_utilization') (records_manager.py:336)
NoneType: None
02:24:23.536 ERROR    Failed to process telemetry record: KeyError('sm_utilization') (records_manager.py:336)
NoneType: None
02:24:23.892 ERROR    Failed to process telemetry record: KeyError('sm_utilization') (records_manager.py:336)
NoneType: None
02:24:23.893 ERROR    Failed to process telemetry record: KeyError('sm_utilization') (records_manager.py:336)
NoneType: None
02:24:24.270 ERROR    Failed to process telemetry record: KeyError('sm_utilization') (records_manager.py:336)
NoneType: None
02:24:24.271 ERROR    Failed to process telemetry record: KeyError('sm_utilization') (records_manager.py:336)
NoneType: None
02:24:24.637 ERROR    Failed to process telemetry record: KeyError('sm_utilization') (records_manager.py:336)
NoneType: None
02:24:24.638 ERROR    Failed to process telemetry record: KeyError('sm_utilization') (records_manager.py:336)
NoneType: None
02:24:24.995 ERROR    Failed to process telemetry record: KeyError('sm_utilization') (records_manager.py:336)
NoneType: None
02:24:24.996 ERROR    Failed to process telemetry record: KeyError('sm_utilization') (records_manager.py:336)
NoneType: None
02:24:25.352 ERROR    Failed to process telemetry record: KeyError('sm_utilization') (records_manager.py:336)
NoneType: None
02:24:25.353 ERROR    Failed to process telemetry record: KeyError('sm_utilization') (records_manager.py:336)
NoneType: None
02:24:25.713 ERROR    Failed to process telemetry record: KeyError('sm_utilization') (records_manager.py:336)
NoneType: None
02:24:25.714 ERROR    Failed to process telemetry record: KeyError('sm_utilization') (records_manager.py:336)
NoneType: None
02:24:26.071 ERROR    Failed to process telemetry record: KeyError('sm_utilization') (records_manager.py:336)
NoneType: None
02:24:26.071 ERROR    Failed to process telemetry record: KeyError('sm_utilization') (records_manager.py:336)
NoneType: None
02:24:26.431 ERROR    Failed to process telemetry record: KeyError('sm_utilization') (records_manager.py:336)
NoneType: None
02:24:26.432 ERROR    Failed to process telemetry record: KeyError('sm_utilization') (records_manager.py:336)
NoneType: None
02:24:26.791 ERROR    Failed to process telemetry record: KeyError('sm_utilization') (records_manager.py:336)
NoneType: None
02:24:26.792 ERROR    Failed to process telemetry record: KeyError('sm_utilization') (records_manager.py:336)
NoneType: None
02:24:27.149 ERROR    Failed to process telemetry record: KeyError('sm_utilization') (records_manager.py:336)
NoneType: None
02:24:27.149 ERROR    Failed to process telemetry record: KeyError('sm_utilization') (records_manager.py:336)
NoneType: None
02:24:27.509 ERROR    Failed to process telemetry record: KeyError('sm_utilization') (records_manager.py:336)
NoneType: None
02:24:27.509 ERROR    Failed to process telemetry record: KeyError('sm_utilization') (records_manager.py:336)
NoneType: None
02:24:27.865 ERROR    Failed to process telemetry record: KeyError('sm_utilization') (records_manager.py:336)
NoneType: None
02:24:27.866 ERROR    Failed to process telemetry record: KeyError('sm_utilization') (records_manager.py:336)
NoneType: None
02:24:28.221 ERROR    Failed to process telemetry record: KeyError('sm_utilization') (records_manager.py:336)
NoneType: None
02:24:28.222 ERROR    Failed to process telemetry record: KeyError('sm_utilization') (records_manager.py:336)
NoneType: None
02:24:28.580 ERROR    Failed to process telemetry record: KeyError('sm_utilization') (records_manager.py:336)
NoneType: None
02:24:28.581 ERROR    Failed to process telemetry record: KeyError('sm_utilization') (records_manager.py:336)
NoneType: None
02:24:28.942 ERROR    Failed to process telemetry record: KeyError('sm_utilization') (records_manager.py:336)
NoneType: None
02:24:28.943 ERROR    Failed to process telemetry record: KeyError('sm_utilization') (records_manager.py:336)
NoneType: None
02:24:29.307 ERROR    Failed to process telemetry record: KeyError('sm_utilization') (records_manager.py:336)
NoneType: None
02:24:29.307 ERROR    Failed to process telemetry record: KeyError('sm_utilization') (records_manager.py:336)
NoneType: None
02:24:29.663 ERROR    Failed to process telemetry record: KeyError('sm_utilization') (records_manager.py:336)
NoneType: None
02:24:29.664 ERROR    Failed to process telemetry record: KeyError('sm_utilization') (records_manager.py:336)
NoneType: None
02:24:30.022 ERROR    Failed to process telemetry record: KeyError('sm_utilization') (records_manager.py:336)
NoneType: None
02:24:30.023 ERROR    Failed to process telemetry record: KeyError('sm_utilization') (records_manager.py:336)
NoneType: None
02:24:30.382 ERROR    Failed to process telemetry record: KeyError('sm_utilization') (records_manager.py:336)
NoneType: None
02:24:30.383 ERROR    Failed to process telemetry record: KeyError('sm_utilization') (records_manager.py:336)
NoneType: None
02:24:30.738 ERROR    Failed to process telemetry record: KeyError('sm_utilization') (records_manager.py:336)
NoneType: None
02:24:30.739 ERROR    Failed to process telemetry record: KeyError('sm_utilization') (records_manager.py:336)
NoneType: None
02:24:31.096 ERROR    Failed to process telemetry record: KeyError('sm_utilization') (records_manager.py:336)
NoneType: None
02:24:31.097 ERROR    Failed to process telemetry record: KeyError('sm_utilization') (records_manager.py:336)
NoneType: None
02:24:31.452 ERROR    Failed to process telemetry record: KeyError('sm_utilization') (records_manager.py:336)
NoneType: None
02:24:31.453 ERROR    Failed to process telemetry record: KeyError('sm_utilization') (records_manager.py:336)
NoneType: None
02:24:31.811 ERROR    Failed to process telemetry record: KeyError('sm_utilization') (records_manager.py:336)
NoneType: None
02:24:31.812 ERROR    Failed to process telemetry record: KeyError('sm_utilization') (records_manager.py:336)
NoneType: None
02:24:32.167 ERROR    Failed to process telemetry record: KeyError('sm_utilization') (records_manager.py:336)
NoneType: None
02:24:32.168 ERROR    Failed to process telemetry record: KeyError('sm_utilization') (records_manager.py:336)
NoneType: None
02:24:32.528 ERROR    Failed to process telemetry record: KeyError('sm_utilization') (records_manager.py:336)
NoneType: None
02:24:32.528 ERROR    Failed to process telemetry record: KeyError('sm_utilization') (records_manager.py:336)
NoneType: None
02:24:32.900 ERROR    Failed to process telemetry record: KeyError('sm_utilization') (records_manager.py:336)
NoneType: None
02:24:32.901 ERROR    Failed to process telemetry record: KeyError('sm_utilization') (records_manager.py:336)
NoneType: None
02:24:33.257 ERROR    Failed to process telemetry record: KeyError('sm_utilization') (records_manager.py:336)
NoneType: None
02:24:33.257 ERROR    Failed to process telemetry record: KeyError('sm_utilization') (records_manager.py:336)
NoneType: None
02:24:33.620 ERROR    Failed to process telemetry record: KeyError('sm_utilization') (records_manager.py:336)
NoneType: None
02:24:33.621 ERROR    Failed to process telemetry record: KeyError('sm_utilization') (records_manager.py:336)
NoneType: None
02:24:33.981 ERROR    Failed to process telemetry record: KeyError('sm_utilization') (records_manager.py:336)
NoneType: None
02:24:33.982 ERROR    Failed to process telemetry record: KeyError('sm_utilization') (records_manager.py:336)
NoneType: None
02:24:34.340 ERROR    Failed to process telemetry record: KeyError('sm_utilization') (records_manager.py:336)
NoneType: None
02:24:34.341 ERROR    Failed to process telemetry record: KeyError('sm_utilization') (records_manager.py:336)
NoneType: None
02:24:34.697 ERROR    Failed to process telemetry record: KeyError('sm_utilization') (records_manager.py:336)
NoneType: None
02:24:34.697 ERROR    Failed to process telemetry record: KeyError('sm_utilization') (records_manager.py:336)
NoneType: None
02:24:35.054 ERROR    Failed to process telemetry record: KeyError('sm_utilization') (records_manager.py:336)
NoneType: None
02:24:35.055 ERROR    Failed to process telemetry record: KeyError('sm_utilization') (records_manager.py:336)
NoneType: None
02:24:35.416 ERROR    Failed to process telemetry record: KeyError('sm_utilization') (records_manager.py:336)
NoneType: None
02:24:35.417 ERROR    Failed to process telemetry record: KeyError('sm_utilization') (records_manager.py:336)
NoneType: None
02:24:35.774 ERROR    Failed to process telemetry record: KeyError('sm_utilization') (records_manager.py:336)
NoneType: None
02:24:35.774 ERROR    Failed to process telemetry record: KeyError('sm_utilization') (records_manager.py:336)
NoneType: None
02:24:36.135 ERROR    Failed to process telemetry record: KeyError('sm_utilization') (records_manager.py:336)
NoneType: None
02:24:36.135 ERROR    Failed to process telemetry record: KeyError('sm_utilization') (records_manager.py:336)
NoneType: None
02:24:36.491 ERROR    Failed to process telemetry record: KeyError('sm_utilization') (records_manager.py:336)
NoneType: None
02:24:36.492 ERROR    Failed to process telemetry record: KeyError('sm_utilization') (records_manager.py:336)
NoneType: None
02:24:36.865 ERROR    Failed to process telemetry record: KeyError('sm_utilization') (records_manager.py:336)
NoneType: None
02:24:36.865 ERROR    Failed to process telemetry record: KeyError('sm_utilization') (records_manager.py:336)
NoneType: None
02:24:37.223 ERROR    Failed to process telemetry record: KeyError('sm_utilization') (records_manager.py:336)
NoneType: None
02:24:37.224 ERROR    Failed to process telemetry record: KeyError('sm_utilization') (records_manager.py:336)
NoneType: None
02:24:37.580 ERROR    Failed to process telemetry record: KeyError('sm_utilization') (records_manager.py:336)
NoneType: None
02:24:37.581 ERROR    Failed to process telemetry record: KeyError('sm_utilization') (records_manager.py:336)
NoneType: None
02:24:37.942 ERROR    Failed to process telemetry record: KeyError('sm_utilization') (records_manager.py:336)
NoneType: None
02:24:37.943 ERROR    Failed to process telemetry record: KeyError('sm_utilization') (records_manager.py:336)
NoneType: None
02:24:38.300 ERROR    Failed to process telemetry record: KeyError('sm_utilization') (records_manager.py:336)
NoneType: None
02:24:38.301 ERROR    Failed to process telemetry record: KeyError('sm_utilization') (records_manager.py:336)
NoneType: None
02:24:38.657 ERROR    Failed to process telemetry record: KeyError('sm_utilization') (records_manager.py:336)
NoneType: None
02:24:38.658 ERROR    Failed to process telemetry record: KeyError('sm_utilization') (records_manager.py:336)
NoneType: None
02:24:39.018 ERROR    Failed to process telemetry record: KeyError('sm_utilization') (records_manager.py:336)
NoneType: None
02:24:39.018 ERROR    Failed to process telemetry record: KeyError('sm_utilization') (records_manager.py:336)
NoneType: None
02:24:39.374 ERROR    Failed to process telemetry record: KeyError('sm_utilization') (records_manager.py:336)
NoneType: None
02:24:39.374 ERROR    Failed to process telemetry record: KeyError('sm_utilization') (records_manager.py:336)
NoneType: None
02:24:39.731 ERROR    Failed to process telemetry record: KeyError('sm_utilization') (records_manager.py:336)
NoneType: None
02:24:39.734 ERROR    Failed to process telemetry record: KeyError('sm_utilization') (records_manager.py:336)
NoneType: None
02:24:40.089 ERROR    Failed to process telemetry record: KeyError('sm_utilization') (records_manager.py:336)
NoneType: None
02:24:40.089 ERROR    Failed to process telemetry record: KeyError('sm_utilization') (records_manager.py:336)
NoneType: None
02:24:40.449 ERROR    Failed to process telemetry record: KeyError('sm_utilization') (records_manager.py:336)
NoneType: None
02:24:40.450 ERROR    Failed to process telemetry record: KeyError('sm_utilization') (records_manager.py:336)
NoneType: None
02:24:40.817 ERROR    Failed to process telemetry record: KeyError('sm_utilization') (records_manager.py:336)
NoneType: None
02:24:40.817 ERROR    Failed to process telemetry record: KeyError('sm_utilization') (records_manager.py:336)
NoneType: None
02:24:41.175 ERROR    Failed to process telemetry record: KeyError('sm_utilization') (records_manager.py:336)
NoneType: None
02:24:41.176 ERROR    Failed to process telemetry record: KeyError('sm_utilization') (records_manager.py:336)
NoneType: None
02:24:41.537 ERROR    Failed to process telemetry record: KeyError('sm_utilization') (records_manager.py:336)
NoneType: None
02:24:41.538 ERROR    Failed to process telemetry record: KeyError('sm_utilization') (records_manager.py:336)
NoneType: None
02:24:41.895 ERROR    Failed to process telemetry record: KeyError('sm_utilization') (records_manager.py:336)
NoneType: None
02:24:41.895 ERROR    Failed to process telemetry record: KeyError('sm_utilization') (records_manager.py:336)
NoneType: None
02:24:42.252 ERROR    Failed to process telemetry record: KeyError('sm_utilization') (records_manager.py:336)
NoneType: None
02:24:42.253 ERROR    Failed to process telemetry record: KeyError('sm_utilization') (records_manager.py:336)
NoneType: None
02:24:42.611 ERROR    Failed to process telemetry record: KeyError('sm_utilization') (records_manager.py:336)
NoneType: None
02:24:42.612 ERROR    Failed to process telemetry record: KeyError('sm_utilization') (records_manager.py:336)
NoneType: None
02:24:42.968 ERROR    Failed to process telemetry record: KeyError('sm_utilization') (records_manager.py:336)
NoneType: None
02:24:42.969 ERROR    Failed to process telemetry record: KeyError('sm_utilization') (records_manager.py:336)
NoneType: None
02:24:43.326 ERROR    Failed to process telemetry record: KeyError('sm_utilization') (records_manager.py:336)
NoneType: None
02:24:43.327 ERROR    Failed to process telemetry record: KeyError('sm_utilization') (records_manager.py:336)
NoneType: None
02:24:43.684 ERROR    Failed to process telemetry record: KeyError('sm_utilization') (records_manager.py:336)
NoneType: None
02:24:43.685 ERROR    Failed to process telemetry record: KeyError('sm_utilization') (records_manager.py:336)
NoneType: None
02:24:44.047 ERROR    Failed to process telemetry record: KeyError('sm_utilization') (records_manager.py:336)
NoneType: None
02:24:44.048 ERROR    Failed to process telemetry record: KeyError('sm_utilization') (records_manager.py:336)
NoneType: None
02:24:44.410 ERROR    Failed to process telemetry record: KeyError('sm_utilization') (records_manager.py:336)
NoneType: None
02:24:44.420 ERROR    Failed to process telemetry record: KeyError('sm_utilization') (records_manager.py:336)
NoneType: None
02:24:44.766 ERROR    Failed to process telemetry record: KeyError('sm_utilization') (records_manager.py:336)
NoneType: None
02:24:44.767 ERROR    Failed to process telemetry record: KeyError('sm_utilization') (records_manager.py:336)
NoneType: None
02:24:45.129 ERROR    Failed to process telemetry record: KeyError('sm_utilization') (records_manager.py:336)
NoneType: None
02:24:45.130 ERROR    Failed to process telemetry record: KeyError('sm_utilization') (records_manager.py:336)
NoneType: None
02:24:45.486 ERROR    Failed to process telemetry record: KeyError('sm_utilization') (records_manager.py:336)
NoneType: None
02:24:45.487 ERROR    Failed to process telemetry record: KeyError('sm_utilization') (records_manager.py:336)
NoneType: None
02:24:45.851 ERROR    Failed to process telemetry record: KeyError('sm_utilization') (records_manager.py:336)
NoneType: None
02:24:45.851 ERROR    Failed to process telemetry record: KeyError('sm_utilization') (records_manager.py:336)
NoneType: None
02:24:46.215 ERROR    Failed to process telemetry record: KeyError('sm_utilization') (records_manager.py:336)
NoneType: None
02:24:46.216 ERROR    Failed to process telemetry record: KeyError('sm_utilization') (records_manager.py:336)
NoneType: None
02:24:46.578 ERROR    Failed to process telemetry record: KeyError('sm_utilization') (records_manager.py:336)
NoneType: None
02:24:46.579 ERROR    Failed to process telemetry record: KeyError('sm_utilization') (records_manager.py:336)
NoneType: None
02:24:46.942 ERROR    Failed to process telemetry record: KeyError('sm_utilization') (records_manager.py:336)
NoneType: None
02:24:46.943 ERROR    Failed to process telemetry record: KeyError('sm_utilization') (records_manager.py:336)
NoneType: None
02:24:47.299 ERROR    Failed to process telemetry record: KeyError('sm_utilization') (records_manager.py:336)
NoneType: None
02:24:47.299 ERROR    Failed to process telemetry record: KeyError('sm_utilization') (records_manager.py:336)
NoneType: None
02:24:47.655 ERROR    Failed to process telemetry record: KeyError('sm_utilization') (records_manager.py:336)
NoneType: None
02:24:47.656 ERROR    Failed to process telemetry record: KeyError('sm_utilization') (records_manager.py:336)
NoneType: None
02:24:48.019 ERROR    Failed to process telemetry record: KeyError('sm_utilization') (records_manager.py:336)
NoneType: None
02:24:48.020 ERROR    Failed to process telemetry record: KeyError('sm_utilization') (records_manager.py:336)
NoneType: None
02:24:48.380 ERROR    Failed to process telemetry record: KeyError('sm_utilization') (records_manager.py:336)
NoneType: None
02:24:48.381 ERROR    Failed to process telemetry record: KeyError('sm_utilization') (records_manager.py:336)
NoneType: None
02:24:48.741 ERROR    Failed to process telemetry record: KeyError('sm_utilization') (records_manager.py:336)
NoneType: None
02:24:48.742 ERROR    Failed to process telemetry record: KeyError('sm_utilization') (records_manager.py:336)
NoneType: None
02:24:49.099 ERROR    Failed to process telemetry record: KeyError('sm_utilization') (records_manager.py:336)
NoneType: None
02:24:49.099 ERROR    Failed to process telemetry record: KeyError('sm_utilization') (records_manager.py:336)
NoneType: None
02:24:49.456 ERROR    Failed to process telemetry record: KeyError('sm_utilization') (records_manager.py:336)
NoneType: None
02:24:49.457 ERROR    Failed to process telemetry record: KeyError('sm_utilization') (records_manager.py:336)
NoneType: None
02:24:49.821 ERROR    Failed to process telemetry record: KeyError('sm_utilization') (records_manager.py:336)
NoneType: None
02:24:49.822 ERROR    Failed to process telemetry record: KeyError('sm_utilization') (records_manager.py:336)
NoneType: None
02:24:50.181 ERROR    Failed to process telemetry record: KeyError('sm_utilization') (records_manager.py:336)
NoneType: None
02:24:50.182 ERROR    Failed to process telemetry record: KeyError('sm_utilization') (records_manager.py:336)
NoneType: None
02:24:50.541 ERROR    Failed to process telemetry record: KeyError('sm_utilization') (records_manager.py:336)
NoneType: None
02:24:50.542 ERROR    Failed to process telemetry record: KeyError('sm_utilization') (records_manager.py:336)
NoneType: None
02:24:50.899 ERROR    Failed to process telemetry record: KeyError('sm_utilization') (records_manager.py:336)
NoneType: None
02:24:50.901 ERROR    Failed to process telemetry record: KeyError('sm_utilization') (records_manager.py:336)
NoneType: None
02:24:51.257 ERROR    Failed to process telemetry record: KeyError('sm_utilization') (records_manager.py:336)
NoneType: None
02:24:51.258 ERROR    Failed to process telemetry record: KeyError('sm_utilization') (records_manager.py:336)
NoneType: None
02:24:51.622 ERROR    Failed to process telemetry record: KeyError('sm_utilization') (records_manager.py:336)
NoneType: None
02:24:51.626 ERROR    Failed to process telemetry record: KeyError('sm_utilization') (records_manager.py:336)
NoneType: None
02:24:51.982 ERROR    Failed to process telemetry record: KeyError('sm_utilization') (records_manager.py:336)
NoneType: None
02:24:51.983 ERROR    Failed to process telemetry record: KeyError('sm_utilization') (records_manager.py:336)
NoneType: None
02:24:52.338 ERROR    Failed to process telemetry record: KeyError('sm_utilization') (records_manager.py:336)
NoneType: None
02:24:52.339 ERROR    Failed to process telemetry record: KeyError('sm_utilization') (records_manager.py:336)
NoneType: None
02:24:52.694 ERROR    Failed to process telemetry record: KeyError('sm_utilization') (records_manager.py:336)
NoneType: None
02:24:52.695 ERROR    Failed to process telemetry record: KeyError('sm_utilization') (records_manager.py:336)
NoneType: None
02:24:53.050 ERROR    Failed to process telemetry record: KeyError('sm_utilization') (records_manager.py:336)
NoneType: None
02:24:53.051 ERROR    Failed to process telemetry record: KeyError('sm_utilization') (records_manager.py:336)
NoneType: None
02:24:53.406 ERROR    Failed to process telemetry record: KeyError('sm_utilization') (records_manager.py:336)
NoneType: None
02:24:53.407 ERROR    Failed to process telemetry record: KeyError('sm_utilization') (records_manager.py:336)
NoneType: None
02:24:53.763 ERROR    Failed to process telemetry record: KeyError('sm_utilization') (records_manager.py:336)
NoneType: None
02:24:53.764 ERROR    Failed to process telemetry record: KeyError('sm_utilization') (records_manager.py:336)
NoneType: None
02:24:54.145 ERROR    Failed to process telemetry record: KeyError('sm_utilization') (records_manager.py:336)
NoneType: None
02:24:54.146 ERROR    Failed to process telemetry record: KeyError('sm_utilization') (records_manager.py:336)
NoneType: None
02:24:54.506 ERROR    Failed to process telemetry record: KeyError('sm_utilization') (records_manager.py:336)
NoneType: None
02:24:54.506 ERROR    Failed to process telemetry record: KeyError('sm_utilization') (records_manager.py:336)
NoneType: None
02:24:54.863 ERROR    Failed to process telemetry record: KeyError('sm_utilization') (records_manager.py:336)
NoneType: None
02:24:54.864 ERROR    Failed to process telemetry record: KeyError('sm_utilization') (records_manager.py:336)
NoneType: None
02:24:55.225 ERROR    Failed to process telemetry record: KeyError('sm_utilization') (records_manager.py:336)
NoneType: None
02:24:55.225 ERROR    Failed to process telemetry record: KeyError('sm_utilization') (records_manager.py:336)
NoneType: None
02:24:55.583 ERROR    Failed to process telemetry record: KeyError('sm_utilization') (records_manager.py:336)
NoneType: None
02:24:55.584 ERROR    Failed to process telemetry record: KeyError('sm_utilization') (records_manager.py:336)
NoneType: None
02:24:55.940 ERROR    Failed to process telemetry record: KeyError('sm_utilization') (records_manager.py:336)
NoneType: None
02:24:55.941 ERROR    Failed to process telemetry record: KeyError('sm_utilization') (records_manager.py:336)
NoneType: None
02:24:56.296 ERROR    Failed to process telemetry record: KeyError('sm_utilization') (records_manager.py:336)
NoneType: None
02:24:56.297 ERROR    Failed to process telemetry record: KeyError('sm_utilization') (records_manager.py:336)
NoneType: None
02:24:56.652 ERROR    Failed to process telemetry record: KeyError('sm_utilization') (records_manager.py:336)
NoneType: None
02:24:56.652 ERROR    Failed to process telemetry record: KeyError('sm_utilization') (records_manager.py:336)
NoneType: None
02:24:57.015 ERROR    Failed to process telemetry record: KeyError('sm_utilization') (records_manager.py:336)
NoneType: None
02:24:57.017 ERROR    Failed to process telemetry record: KeyError('sm_utilization') (records_manager.py:336)
NoneType: None
02:24:57.372 ERROR    Failed to process telemetry record: KeyError('sm_utilization') (records_manager.py:336)
NoneType: None
02:24:57.373 ERROR    Failed to process telemetry record: KeyError('sm_utilization') (records_manager.py:336)
NoneType: None
02:24:57.754 ERROR    Failed to process telemetry record: KeyError('sm_utilization') (records_manager.py:336)
NoneType: None
02:24:57.755 ERROR    Failed to process telemetry record: KeyError('sm_utilization') (records_manager.py:336)
NoneType: None
02:24:58.112 ERROR    Failed to process telemetry record: KeyError('sm_utilization') (records_manager.py:336)
NoneType: None
02:24:58.113 ERROR    Failed to process telemetry record: KeyError('sm_utilization') (records_manager.py:336)
NoneType: None
02:24:58.470 ERROR    Failed to process telemetry record: KeyError('sm_utilization') (records_manager.py:336)
NoneType: None
02:24:58.471 ERROR    Failed to process telemetry record: KeyError('sm_utilization') (records_manager.py:336)
NoneType: None
02:24:58.836 ERROR    Failed to process telemetry record: KeyError('sm_utilization') (records_manager.py:336)
NoneType: None
02:24:58.836 ERROR    Failed to process telemetry record: KeyError('sm_utilization') (records_manager.py:336)
NoneType: None
02:24:59.194 ERROR    Failed to process telemetry record: KeyError('sm_utilization') (records_manager.py:336)
NoneType: None
02:24:59.194 ERROR    Failed to process telemetry record: KeyError('sm_utilization') (records_manager.py:336)
NoneType: None
02:24:59.553 ERROR    Failed to process telemetry record: KeyError('sm_utilization') (records_manager.py:336)
NoneType: None
02:24:59.554 ERROR    Failed to process telemetry record: KeyError('sm_utilization') (records_manager.py:336)
NoneType: None
02:24:59.909 ERROR    Failed to process telemetry record: KeyError('sm_utilization') (records_manager.py:336)
NoneType: None
02:24:59.910 ERROR    Failed to process telemetry record: KeyError('sm_utilization') (records_manager.py:336)
NoneType: None
02:25:00.266 ERROR    Failed to process telemetry record: KeyError('sm_utilization') (records_manager.py:336)
NoneType: None
02:25:00.266 ERROR    Failed to process telemetry record: KeyError('sm_utilization') (records_manager.py:336)
NoneType: None
02:25:00.625 ERROR    Failed to process telemetry record: KeyError('sm_utilization') (records_manager.py:336)
NoneType: None
02:25:00.626 ERROR    Failed to process telemetry record: KeyError('sm_utilization') (records_manager.py:336)
NoneType: None
02:25:00.983 ERROR    Failed to process telemetry record: KeyError('sm_utilization') (records_manager.py:336)
NoneType: None
02:25:00.984 ERROR    Failed to process telemetry record: KeyError('sm_utilization') (records_manager.py:336)
NoneType: None
02:25:01.344 ERROR    Failed to process telemetry record: KeyError('sm_utilization') (records_manager.py:336)
NoneType: None
02:25:01.345 ERROR    Failed to process telemetry record: KeyError('sm_utilization') (records_manager.py:336)
NoneType: None
02:25:01.704 ERROR    Failed to process telemetry record: KeyError('sm_utilization') (records_manager.py:336)
NoneType: None
02:25:01.704 ERROR    Failed to process telemetry record: KeyError('sm_utilization') (records_manager.py:336)
NoneType: None
02:25:02.061 ERROR    Failed to process telemetry record: KeyError('sm_utilization') (records_manager.py:336)
NoneType: None
02:25:02.062 ERROR    Failed to process telemetry record: KeyError('sm_utilization') (records_manager.py:336)
NoneType: None
02:25:02.427 ERROR    Failed to process telemetry record: KeyError('sm_utilization') (records_manager.py:336)
NoneType: None
02:25:02.427 ERROR    Failed to process telemetry record: KeyError('sm_utilization') (records_manager.py:336)
NoneType: None
02:25:02.786 ERROR    Failed to process telemetry record: KeyError('sm_utilization') (records_manager.py:336)
NoneType: None
02:25:02.787 ERROR    Failed to process telemetry record: KeyError('sm_utilization') (records_manager.py:336)
NoneType: None
02:25:03.143 ERROR    Failed to process telemetry record: KeyError('sm_utilization') (records_manager.py:336)
NoneType: None
02:25:03.144 ERROR    Failed to process telemetry record: KeyError('sm_utilization') (records_manager.py:336)
NoneType: None
02:25:03.498 ERROR    Failed to process telemetry record: KeyError('sm_utilization') (records_manager.py:336)
NoneType: None
02:25:03.498 ERROR    Failed to process telemetry record: KeyError('sm_utilization') (records_manager.py:336)
NoneType: None
02:25:03.852 ERROR    Failed to process telemetry record: KeyError('sm_utilization') (records_manager.py:336)
NoneType: None
02:25:03.853 ERROR    Failed to process telemetry record: KeyError('sm_utilization') (records_manager.py:336)
NoneType: None
02:25:04.207 ERROR    Failed to process telemetry record: KeyError('sm_utilization') (records_manager.py:336)
NoneType: None
02:25:04.210 ERROR    Failed to process telemetry record: KeyError('sm_utilization') (records_manager.py:336)
NoneType: None
02:25:04.562 ERROR    Failed to process telemetry record: KeyError('sm_utilization') (records_manager.py:336)
NoneType: None
02:25:04.563 ERROR    Failed to process telemetry record: KeyError('sm_utilization') (records_manager.py:336)
NoneType: None
02:25:04.920 ERROR    Failed to process telemetry record: KeyError('sm_utilization') (records_manager.py:336)
NoneType: None
02:25:04.921 ERROR    Failed to process telemetry record: KeyError('sm_utilization') (records_manager.py:336)
NoneType: None
02:25:05.278 ERROR    Failed to process telemetry record: KeyError('sm_utilization') (records_manager.py:336)
NoneType: None
02:25:05.279 ERROR    Failed to process telemetry record: KeyError('sm_utilization') (records_manager.py:336)
NoneType: None
02:25:05.645 ERROR    Failed to process telemetry record: KeyError('sm_utilization') (records_manager.py:336)
NoneType: None
02:25:05.645 ERROR    Failed to process telemetry record: KeyError('sm_utilization') (records_manager.py:336)
NoneType: None
02:25:06.005 ERROR    Failed to process telemetry record: KeyError('sm_utilization') (records_manager.py:336)
NoneType: None
02:25:06.006 ERROR    Failed to process telemetry record: KeyError('sm_utilization') (records_manager.py:336)
NoneType: None
02:25:06.363 ERROR    Failed to process telemetry record: KeyError('sm_utilization') (records_manager.py:336)
NoneType: None
02:25:06.364 ERROR    Failed to process telemetry record: KeyError('sm_utilization') (records_manager.py:336)
NoneType: None
02:25:06.729 ERROR    Failed to process telemetry record: KeyError('sm_utilization') (records_manager.py:336)
NoneType: None
02:25:06.730 ERROR    Failed to process telemetry record: KeyError('sm_utilization') (records_manager.py:336)
NoneType: None
02:25:07.089 ERROR    Failed to process telemetry record: KeyError('sm_utilization') (records_manager.py:336)
NoneType: None
02:25:07.089 ERROR    Failed to process telemetry record: KeyError('sm_utilization') (records_manager.py:336)
NoneType: None
02:25:07.450 ERROR    Failed to process telemetry record: KeyError('sm_utilization') (records_manager.py:336)
NoneType: None
02:25:07.451 ERROR    Failed to process telemetry record: KeyError('sm_utilization') (records_manager.py:336)
NoneType: None
02:25:07.808 ERROR    Failed to process telemetry record: KeyError('sm_utilization') (records_manager.py:336)
NoneType: None
02:25:07.809 ERROR    Failed to process telemetry record: KeyError('sm_utilization') (records_manager.py:336)
NoneType: None
02:25:08.165 ERROR    Failed to process telemetry record: KeyError('sm_utilization') (records_manager.py:336)
NoneType: None
02:25:08.166 ERROR    Failed to process telemetry record: KeyError('sm_utilization') (records_manager.py:336)
NoneType: None
02:25:08.524 ERROR    Failed to process telemetry record: KeyError('sm_utilization') (records_manager.py:336)
NoneType: None
02:25:08.525 ERROR    Failed to process telemetry record: KeyError('sm_utilization') (records_manager.py:336)
NoneType: None
02:25:08.881 ERROR    Failed to process telemetry record: KeyError('sm_utilization') (records_manager.py:336)
NoneType: None
02:25:08.882 ERROR    Failed to process telemetry record: KeyError('sm_utilization') (records_manager.py:336)
NoneType: None
02:25:09.240 ERROR    Failed to process telemetry record: KeyError('sm_utilization') (records_manager.py:336)
NoneType: None
02:25:09.240 ERROR    Failed to process telemetry record: KeyError('sm_utilization') (records_manager.py:336)
NoneType: None
02:25:09.596 ERROR    Failed to process telemetry record: KeyError('sm_utilization') (records_manager.py:336)
NoneType: None
02:25:09.597 ERROR    Failed to process telemetry record: KeyError('sm_utilization') (records_manager.py:336)
NoneType: None
02:25:09.957 ERROR    Failed to process telemetry record: KeyError('sm_utilization') (records_manager.py:336)
NoneType: None
02:25:09.958 ERROR    Failed to process telemetry record: KeyError('sm_utilization') (records_manager.py:336)
NoneType: None
02:25:10.337 ERROR    Failed to process telemetry record: KeyError('sm_utilization') (records_manager.py:336)
NoneType: None
02:25:10.338 ERROR    Failed to process telemetry record: KeyError('sm_utilization') (records_manager.py:336)
NoneType: None
02:25:10.694 ERROR    Failed to process telemetry record: KeyError('sm_utilization') (records_manager.py:336)
NoneType: None
02:25:10.695 ERROR    Failed to process telemetry record: KeyError('sm_utilization') (records_manager.py:336)
NoneType: None
02:25:11.057 ERROR    Failed to process telemetry record: KeyError('sm_utilization') (records_manager.py:336)
NoneType: None
02:25:11.058 ERROR    Failed to process telemetry record: KeyError('sm_utilization') (records_manager.py:336)
NoneType: None
02:25:11.415 ERROR    Failed to process telemetry record: KeyError('sm_utilization') (records_manager.py:336)
NoneType: None
02:25:11.416 ERROR    Failed to process telemetry record: KeyError('sm_utilization') (records_manager.py:336)
NoneType: None
02:25:11.775 ERROR    Failed to process telemetry record: KeyError('sm_utilization') (records_manager.py:336)
NoneType: None
02:25:11.776 ERROR    Failed to process telemetry record: KeyError('sm_utilization') (records_manager.py:336)
NoneType: None
02:25:12.136 ERROR    Failed to process telemetry record: KeyError('sm_utilization') (records_manager.py:336)
NoneType: None
02:25:12.137 ERROR    Failed to process telemetry record: KeyError('sm_utilization') (records_manager.py:336)
NoneType: None
02:25:12.499 ERROR    Failed to process telemetry record: KeyError('sm_utilization') (records_manager.py:336)
NoneType: None
02:25:12.500 ERROR    Failed to process telemetry record: KeyError('sm_utilization') (records_manager.py:336)
NoneType: None
02:25:12.855 ERROR    Failed to process telemetry record: KeyError('sm_utilization') (records_manager.py:336)
NoneType: None
02:25:12.856 ERROR    Failed to process telemetry record: KeyError('sm_utilization') (records_manager.py:336)
NoneType: None
02:25:13.214 ERROR    Failed to process telemetry record: KeyError('sm_utilization') (records_manager.py:336)
NoneType: None
02:25:13.214 ERROR    Failed to process telemetry record: KeyError('sm_utilization') (records_manager.py:336)
NoneType: None
02:25:13.572 ERROR    Failed to process telemetry record: KeyError('sm_utilization') (records_manager.py:336)
NoneType: None
02:25:13.573 ERROR    Failed to process telemetry record: KeyError('sm_utilization') (records_manager.py:336)
NoneType: None
02:25:13.934 ERROR    Failed to process telemetry record: KeyError('sm_utilization') (records_manager.py:336)
NoneType: None
02:25:13.935 ERROR    Failed to process telemetry record: KeyError('sm_utilization') (records_manager.py:336)
NoneType: None
02:25:14.291 ERROR    Failed to process telemetry record: KeyError('sm_utilization') (records_manager.py:336)
NoneType: None
02:25:14.292 ERROR    Failed to process telemetry record: KeyError('sm_utilization') (records_manager.py:336)
NoneType: None
02:25:14.659 ERROR    Failed to process telemetry record: KeyError('sm_utilization') (records_manager.py:336)
NoneType: None
02:25:14.660 ERROR    Failed to process telemetry record: KeyError('sm_utilization') (records_manager.py:336)
NoneType: None
02:25:15.017 ERROR    Failed to process telemetry record: KeyError('sm_utilization') (records_manager.py:336)
NoneType: None
02:25:15.018 ERROR    Failed to process telemetry record: KeyError('sm_utilization') (records_manager.py:336)
NoneType: None
02:25:15.374 ERROR    Failed to process telemetry record: KeyError('sm_utilization') (records_manager.py:336)
NoneType: None
02:25:15.375 ERROR    Failed to process telemetry record: KeyError('sm_utilization') (records_manager.py:336)
NoneType: None
02:25:15.739 ERROR    Failed to process telemetry record: KeyError('sm_utilization') (records_manager.py:336)
NoneType: None
02:25:15.740 ERROR    Failed to process telemetry record: KeyError('sm_utilization') (records_manager.py:336)
NoneType: None
02:25:16.101 ERROR    Failed to process telemetry record: KeyError('sm_utilization') (records_manager.py:336)
NoneType: None
02:25:16.102 ERROR    Failed to process telemetry record: KeyError('sm_utilization') (records_manager.py:336)
NoneType: None
02:25:16.460 ERROR    Failed to process telemetry record: KeyError('sm_utilization') (records_manager.py:336)
NoneType: None
02:25:16.460 ERROR    Failed to process telemetry record: KeyError('sm_utilization') (records_manager.py:336)
NoneType: None
02:25:16.817 ERROR    Failed to process telemetry record: KeyError('sm_utilization') (records_manager.py:336)
NoneType: None
02:25:16.818 ERROR    Failed to process telemetry record: KeyError('sm_utilization') (records_manager.py:336)
NoneType: None
02:25:17.174 ERROR    Failed to process telemetry record: KeyError('sm_utilization') (records_manager.py:336)
NoneType: None
02:25:17.175 ERROR    Failed to process telemetry record: KeyError('sm_utilization') (records_manager.py:336)
NoneType: None
02:25:17.535 ERROR    Failed to process telemetry record: KeyError('sm_utilization') (records_manager.py:336)
NoneType: None
02:25:17.535 ERROR    Failed to process telemetry record: KeyError('sm_utilization') (records_manager.py:336)
NoneType: None
02:25:17.892 ERROR    Failed to process telemetry record: KeyError('sm_utilization') (records_manager.py:336)
NoneType: None
02:25:17.892 ERROR    Failed to process telemetry record: KeyError('sm_utilization') (records_manager.py:336)
NoneType: None
02:25:18.249 ERROR    Failed to process telemetry record: KeyError('sm_utilization') (records_manager.py:336)
NoneType: None
02:25:18.250 ERROR    Failed to process telemetry record: KeyError('sm_utilization') (records_manager.py:336)
NoneType: None
02:25:18.605 ERROR    Failed to process telemetry record: KeyError('sm_utilization') (records_manager.py:336)
NoneType: None
02:25:18.606 ERROR    Failed to process telemetry record: KeyError('sm_utilization') (records_manager.py:336)
NoneType: None
02:25:18.968 ERROR    Failed to process telemetry record: KeyError('sm_utilization') (records_manager.py:336)
NoneType: None
02:25:18.969 ERROR    Failed to process telemetry record: KeyError('sm_utilization') (records_manager.py:336)
NoneType: None
02:25:19.345 ERROR    Failed to process telemetry record: KeyError('sm_utilization') (records_manager.py:336)
NoneType: None
02:25:19.345 ERROR    Failed to process telemetry record: KeyError('sm_utilization') (records_manager.py:336)
NoneType: None
02:25:19.704 ERROR    Failed to process telemetry record: KeyError('sm_utilization') (records_manager.py:336)
NoneType: None
02:25:19.705 ERROR    Failed to process telemetry record: KeyError('sm_utilization') (records_manager.py:336)
NoneType: None
02:25:20.064 ERROR    Failed to process telemetry record: KeyError('sm_utilization') (records_manager.py:336)
NoneType: None
02:25:20.064 ERROR    Failed to process telemetry record: KeyError('sm_utilization') (records_manager.py:336)
NoneType: None
02:25:20.427 ERROR    Failed to process telemetry record: KeyError('sm_utilization') (records_manager.py:336)
NoneType: None
02:25:20.428 ERROR    Failed to process telemetry record: KeyError('sm_utilization') (records_manager.py:336)
NoneType: None
02:25:20.785 ERROR    Failed to process telemetry record: KeyError('sm_utilization') (records_manager.py:336)
NoneType: None
02:25:20.786 ERROR    Failed to process telemetry record: KeyError('sm_utilization') (records_manager.py:336)
NoneType: None
02:25:21.141 ERROR    Failed to process telemetry record: KeyError('sm_utilization') (records_manager.py:336)
NoneType: None
02:25:21.142 ERROR    Failed to process telemetry record: KeyError('sm_utilization') (records_manager.py:336)
NoneType: None
02:25:21.497 ERROR    Failed to process telemetry record: KeyError('sm_utilization') (records_manager.py:336)
NoneType: None
02:25:21.498 ERROR    Failed to process telemetry record: KeyError('sm_utilization') (records_manager.py:336)
NoneType: None
02:25:21.856 ERROR    Failed to process telemetry record: KeyError('sm_utilization') (records_manager.py:336)
NoneType: None
02:25:21.857 ERROR    Failed to process telemetry record: KeyError('sm_utilization') (records_manager.py:336)
NoneType: None
02:25:22.213 ERROR    Failed to process telemetry record: KeyError('sm_utilization') (records_manager.py:336)
NoneType: None
02:25:22.213 ERROR    Failed to process telemetry record: KeyError('sm_utilization') (records_manager.py:336)
NoneType: None
02:25:22.570 ERROR    Failed to process telemetry record: KeyError('sm_utilization') (records_manager.py:336)
NoneType: None
02:25:22.571 ERROR    Failed to process telemetry record: KeyError('sm_utilization') (records_manager.py:336)
NoneType: None
02:25:22.949 ERROR    Failed to process telemetry record: KeyError('sm_utilization') (records_manager.py:336)
NoneType: None
02:25:22.950 ERROR    Failed to process telemetry record: KeyError('sm_utilization') (records_manager.py:336)
NoneType: None
02:25:23.311 ERROR    Failed to process telemetry record: KeyError('sm_utilization') (records_manager.py:336)
NoneType: None
02:25:23.312 ERROR    Failed to process telemetry record: KeyError('sm_utilization') (records_manager.py:336)
NoneType: None
02:25:23.668 ERROR    Failed to process telemetry record: KeyError('sm_utilization') (records_manager.py:336)
NoneType: None
02:25:23.668 ERROR    Failed to process telemetry record: KeyError('sm_utilization') (records_manager.py:336)
NoneType: None
02:25:24.028 ERROR    Failed to process telemetry record: KeyError('sm_utilization') (records_manager.py:336)
NoneType: None
02:25:24.029 ERROR    Failed to process telemetry record: KeyError('sm_utilization') (records_manager.py:336)
NoneType: None
02:25:24.388 ERROR    Failed to process telemetry record: KeyError('sm_utilization') (records_manager.py:336)
NoneType: None
02:25:24.389 ERROR    Failed to process telemetry record: KeyError('sm_utilization') (records_manager.py:336)
NoneType: None
02:25:24.747 ERROR    Failed to process telemetry record: KeyError('sm_utilization') (records_manager.py:336)
NoneType: None
02:25:24.748 ERROR    Failed to process telemetry record: KeyError('sm_utilization') (records_manager.py:336)
NoneType: None
02:25:25.105 ERROR    Failed to process telemetry record: KeyError('sm_utilization') (records_manager.py:336)
NoneType: None
02:25:25.106 ERROR    Failed to process telemetry record: KeyError('sm_utilization') (records_manager.py:336)
NoneType: None
02:25:25.462 ERROR    Failed to process telemetry record: KeyError('sm_utilization') (records_manager.py:336)
NoneType: None
02:25:25.462 ERROR    Failed to process telemetry record: KeyError('sm_utilization') (records_manager.py:336)
NoneType: None
02:25:25.820 ERROR    Failed to process telemetry record: KeyError('sm_utilization') (records_manager.py:336)
NoneType: None
02:25:25.820 ERROR    Failed to process telemetry record: KeyError('sm_utilization') (records_manager.py:336)
NoneType: None
02:25:26.176 ERROR    Failed to process telemetry record: KeyError('sm_utilization') (records_manager.py:336)
NoneType: None
02:25:26.177 ERROR    Failed to process telemetry record: KeyError('sm_utilization') (records_manager.py:336)
NoneType: None
02:25:26.536 ERROR    Failed to process telemetry record: KeyError('sm_utilization') (records_manager.py:336)
NoneType: None
02:25:26.537 ERROR    Failed to process telemetry record: KeyError('sm_utilization') (records_manager.py:336)
NoneType: None
02:25:26.895 ERROR    Failed to process telemetry record: KeyError('sm_utilization') (records_manager.py:336)
NoneType: None
02:25:26.895 ERROR    Failed to process telemetry record: KeyError('sm_utilization') (records_manager.py:336)
NoneType: None
02:25:27.257 ERROR    Failed to process telemetry record: KeyError('sm_utilization') (records_manager.py:336)
NoneType: None
02:25:27.258 ERROR    Failed to process telemetry record: KeyError('sm_utilization') (records_manager.py:336)
NoneType: None
02:25:27.621 ERROR    Failed to process telemetry record: KeyError('sm_utilization') (records_manager.py:336)
NoneType: None
02:25:27.622 ERROR    Failed to process telemetry record: KeyError('sm_utilization') (records_manager.py:336)
NoneType: None
02:25:27.985 ERROR    Failed to process telemetry record: KeyError('sm_utilization') (records_manager.py:336)
NoneType: None
02:25:27.986 ERROR    Failed to process telemetry record: KeyError('sm_utilization') (records_manager.py:336)
NoneType: None
02:25:28.342 ERROR    Failed to process telemetry record: KeyError('sm_utilization') (records_manager.py:336)
NoneType: None
02:25:28.342 ERROR    Failed to process telemetry record: KeyError('sm_utilization') (records_manager.py:336)
NoneType: None
02:25:28.700 ERROR    Failed to process telemetry record: KeyError('sm_utilization') (records_manager.py:336)
NoneType: None
02:25:28.701 ERROR    Failed to process telemetry record: KeyError('sm_utilization') (records_manager.py:336)
NoneType: None
02:25:29.060 ERROR    Failed to process telemetry record: KeyError('sm_utilization') (records_manager.py:336)
NoneType: None
02:25:29.060 ERROR    Failed to process telemetry record: KeyError('sm_utilization') (records_manager.py:336)
NoneType: None
02:25:29.416 ERROR    Failed to process telemetry record: KeyError('sm_utilization') (records_manager.py:336)
NoneType: None
02:25:29.417 ERROR    Failed to process telemetry record: KeyError('sm_utilization') (records_manager.py:336)
NoneType: None
02:25:29.773 ERROR    Failed to process telemetry record: KeyError('sm_utilization') (records_manager.py:336)
NoneType: None
02:25:29.773 ERROR    Failed to process telemetry record: KeyError('sm_utilization') (records_manager.py:336)
NoneType: None
02:25:30.132 ERROR    Failed to process telemetry record: KeyError('sm_utilization') (records_manager.py:336)
NoneType: None
02:25:30.133 ERROR    Failed to process telemetry record: KeyError('sm_utilization') (records_manager.py:336)
NoneType: None
02:25:30.491 ERROR    Failed to process telemetry record: KeyError('sm_utilization') (records_manager.py:336)
NoneType: None
02:25:30.491 ERROR    Failed to process telemetry record: KeyError('sm_utilization') (records_manager.py:336)
NoneType: None
02:25:30.850 ERROR    Failed to process telemetry record: KeyError('sm_utilization') (records_manager.py:336)
NoneType: None
02:25:30.851 ERROR    Failed to process telemetry record: KeyError('sm_utilization') (records_manager.py:336)
NoneType: None
02:25:31.222 ERROR    Failed to process telemetry record: KeyError('sm_utilization') (records_manager.py:336)
NoneType: None
02:25:31.223 ERROR    Failed to process telemetry record: KeyError('sm_utilization') (records_manager.py:336)
NoneType: None
02:25:31.583 ERROR    Failed to process telemetry record: KeyError('sm_utilization') (records_manager.py:336)
NoneType: None
02:25:31.584 ERROR    Failed to process telemetry record: KeyError('sm_utilization') (records_manager.py:336)
NoneType: None
02:25:31.945 ERROR    Failed to process telemetry record: KeyError('sm_utilization') (records_manager.py:336)
NoneType: None
02:25:31.945 ERROR    Failed to process telemetry record: KeyError('sm_utilization') (records_manager.py:336)
NoneType: None
02:25:32.301 ERROR    Failed to process telemetry record: KeyError('sm_utilization') (records_manager.py:336)
NoneType: None
02:25:32.302 ERROR    Failed to process telemetry record: KeyError('sm_utilization') (records_manager.py:336)
NoneType: None
02:25:32.666 ERROR    Failed to process telemetry record: KeyError('sm_utilization') (records_manager.py:336)
NoneType: None
02:25:32.666 ERROR    Failed to process telemetry record: KeyError('sm_utilization') (records_manager.py:336)
NoneType: None
02:25:33.021 ERROR    Failed to process telemetry record: KeyError('sm_utilization') (records_manager.py:336)
NoneType: None
02:25:33.022 ERROR    Failed to process telemetry record: KeyError('sm_utilization') (records_manager.py:336)
NoneType: None
02:25:33.379 ERROR    Failed to process telemetry record: KeyError('sm_utilization') (records_manager.py:336)
NoneType: None
02:25:33.380 ERROR    Failed to process telemetry record: KeyError('sm_utilization') (records_manager.py:336)
NoneType: None
02:25:33.743 ERROR    Failed to process telemetry record: KeyError('sm_utilization') (records_manager.py:336)
NoneType: None
02:25:33.743 ERROR    Failed to process telemetry record: KeyError('sm_utilization') (records_manager.py:336)
NoneType: None
02:25:34.101 ERROR    Failed to process telemetry record: KeyError('sm_utilization') (records_manager.py:336)
NoneType: None
02:25:34.102 ERROR    Failed to process telemetry record: KeyError('sm_utilization') (records_manager.py:336)
NoneType: None
02:25:34.461 ERROR    Failed to process telemetry record: KeyError('sm_utilization') (records_manager.py:336)
NoneType: None
02:25:34.462 ERROR    Failed to process telemetry record: KeyError('sm_utilization') (records_manager.py:336)
NoneType: None
02:25:34.822 ERROR    Failed to process telemetry record: KeyError('sm_utilization') (records_manager.py:336)
NoneType: None
02:25:34.823 ERROR    Failed to process telemetry record: KeyError('sm_utilization') (records_manager.py:336)
NoneType: None
02:25:35.180 ERROR    Failed to process telemetry record: KeyError('sm_utilization') (records_manager.py:336)
NoneType: None
02:25:35.181 ERROR    Failed to process telemetry record: KeyError('sm_utilization') (records_manager.py:336)
NoneType: None
02:25:35.557 ERROR    Failed to process telemetry record: KeyError('sm_utilization') (records_manager.py:336)
NoneType: None
02:25:35.557 ERROR    Failed to process telemetry record: KeyError('sm_utilization') (records_manager.py:336)
NoneType: None
02:25:35.940 ERROR    Failed to process telemetry record: KeyError('sm_utilization') (records_manager.py:336)
NoneType: None
02:25:35.940 ERROR    Failed to process telemetry record: KeyError('sm_utilization') (records_manager.py:336)
NoneType: None
02:25:36.296 ERROR    Failed to process telemetry record: KeyError('sm_utilization') (records_manager.py:336)
NoneType: None
02:25:36.297 ERROR    Failed to process telemetry record: KeyError('sm_utilization') (records_manager.py:336)
NoneType: None
02:25:36.660 ERROR    Failed to process telemetry record: KeyError('sm_utilization') (records_manager.py:336)
NoneType: None
02:25:36.661 ERROR    Failed to process telemetry record: KeyError('sm_utilization') (records_manager.py:336)
NoneType: None
02:25:37.021 ERROR    Failed to process telemetry record: KeyError('sm_utilization') (records_manager.py:336)
NoneType: None
02:25:37.022 ERROR    Failed to process telemetry record: KeyError('sm_utilization') (records_manager.py:336)
NoneType: None
02:25:37.381 ERROR    Failed to process telemetry record: KeyError('sm_utilization') (records_manager.py:336)
NoneType: None
02:25:37.381 ERROR    Failed to process telemetry record: KeyError('sm_utilization') (records_manager.py:336)
NoneType: None
02:25:37.741 ERROR    Failed to process telemetry record: KeyError('sm_utilization') (records_manager.py:336)
NoneType: None
02:25:37.741 ERROR    Failed to process telemetry record: KeyError('sm_utilization') (records_manager.py:336)
NoneType: None
02:25:38.100 ERROR    Failed to process telemetry record: KeyError('sm_utilization') (records_manager.py:336)
NoneType: None
02:25:38.100 ERROR    Failed to process telemetry record: KeyError('sm_utilization') (records_manager.py:336)
NoneType: None
02:25:38.456 ERROR    Failed to process telemetry record: KeyError('sm_utilization') (records_manager.py:336)
NoneType: None
02:25:38.457 ERROR    Failed to process telemetry record: KeyError('sm_utilization') (records_manager.py:336)
NoneType: None
02:25:38.813 ERROR    Failed to process telemetry record: KeyError('sm_utilization') (records_manager.py:336)
NoneType: None
02:25:38.814 ERROR    Failed to process telemetry record: KeyError('sm_utilization') (records_manager.py:336)
NoneType: None
02:25:39.173 ERROR    Failed to process telemetry record: KeyError('sm_utilization') (records_manager.py:336)
NoneType: None
02:25:39.173 ERROR    Failed to process telemetry record: KeyError('sm_utilization') (records_manager.py:336)
NoneType: None
02:25:39.533 ERROR    Failed to process telemetry record: KeyError('sm_utilization') (records_manager.py:336)
NoneType: None
02:25:39.534 ERROR    Failed to process telemetry record: KeyError('sm_utilization') (records_manager.py:336)
NoneType: None
02:25:39.893 ERROR    Failed to process telemetry record: KeyError('sm_utilization') (records_manager.py:336)
NoneType: None
02:25:39.893 ERROR    Failed to process telemetry record: KeyError('sm_utilization') (records_manager.py:336)
NoneType: None
02:25:40.258 ERROR    Failed to process telemetry record: KeyError('sm_utilization') (records_manager.py:336)
NoneType: None
02:25:40.259 ERROR    Failed to process telemetry record: KeyError('sm_utilization') (records_manager.py:336)
NoneType: None
02:25:40.618 ERROR    Failed to process telemetry record: KeyError('sm_utilization') (records_manager.py:336)
NoneType: None
02:25:40.619 ERROR    Failed to process telemetry record: KeyError('sm_utilization') (records_manager.py:336)
NoneType: None
02:25:40.974 ERROR    Failed to process telemetry record: KeyError('sm_utilization') (records_manager.py:336)
NoneType: None
02:25:40.975 ERROR    Failed to process telemetry record: KeyError('sm_utilization') (records_manager.py:336)
NoneType: None
02:25:41.331 ERROR    Failed to process telemetry record: KeyError('sm_utilization') (records_manager.py:336)
NoneType: None
02:25:41.332 ERROR    Failed to process telemetry record: KeyError('sm_utilization') (records_manager.py:336)
NoneType: None
02:25:41.687 ERROR    Failed to process telemetry record: KeyError('sm_utilization') (records_manager.py:336)
NoneType: None
02:25:41.688 ERROR    Failed to process telemetry record: KeyError('sm_utilization') (records_manager.py:336)
NoneType: None
02:25:42.049 ERROR    Failed to process telemetry record: KeyError('sm_utilization') (records_manager.py:336)
NoneType: None
02:25:42.050 ERROR    Failed to process telemetry record: KeyError('sm_utilization') (records_manager.py:336)
NoneType: None
02:25:42.408 ERROR    Failed to process telemetry record: KeyError('sm_utilization') (records_manager.py:336)
NoneType: None
02:25:42.409 ERROR    Failed to process telemetry record: KeyError('sm_utilization') (records_manager.py:336)
NoneType: None
02:25:42.768 ERROR    Failed to process telemetry record: KeyError('sm_utilization') (records_manager.py:336)
NoneType: None
02:25:42.768 ERROR    Failed to process telemetry record: KeyError('sm_utilization') (records_manager.py:336)
NoneType: None
02:25:43.129 ERROR    Failed to process telemetry record: KeyError('sm_utilization') (records_manager.py:336)
NoneType: None
02:25:43.130 ERROR    Failed to process telemetry record: KeyError('sm_utilization') (records_manager.py:336)
NoneType: None
02:25:43.486 ERROR    Failed to process telemetry record: KeyError('sm_utilization') (records_manager.py:336)
NoneType: None
02:25:43.487 ERROR    Failed to process telemetry record: KeyError('sm_utilization') (records_manager.py:336)
NoneType: None
02:25:43.855 ERROR    Failed to process telemetry record: KeyError('sm_utilization') (records_manager.py:336)
NoneType: None
02:25:43.856 ERROR    Failed to process telemetry record: KeyError('sm_utilization') (records_manager.py:336)
NoneType: None
02:25:44.212 ERROR    Failed to process telemetry record: KeyError('sm_utilization') (records_manager.py:336)
NoneType: None
02:25:44.213 ERROR    Failed to process telemetry record: KeyError('sm_utilization') (records_manager.py:336)
NoneType: None
02:25:44.569 ERROR    Failed to process telemetry record: KeyError('sm_utilization') (records_manager.py:336)
NoneType: None
02:25:44.570 ERROR    Failed to process telemetry record: KeyError('sm_utilization') (records_manager.py:336)
NoneType: None
02:25:44.929 ERROR    Failed to process telemetry record: KeyError('sm_utilization') (records_manager.py:336)
NoneType: None
02:25:44.930 ERROR    Failed to process telemetry record: KeyError('sm_utilization') (records_manager.py:336)
NoneType: None
02:25:45.290 ERROR    Failed to process telemetry record: KeyError('sm_utilization') (records_manager.py:336)
NoneType: None
02:25:45.291 ERROR    Failed to process telemetry record: KeyError('sm_utilization') (records_manager.py:336)
NoneType: None
02:25:45.649 ERROR    Failed to process telemetry record: KeyError('sm_utilization') (records_manager.py:336)
NoneType: None
02:25:45.650 ERROR    Failed to process telemetry record: KeyError('sm_utilization') (records_manager.py:336)
NoneType: None
02:25:46.008 ERROR    Failed to process telemetry record: KeyError('sm_utilization') (records_manager.py:336)
NoneType: None
02:25:46.009 ERROR    Failed to process telemetry record: KeyError('sm_utilization') (records_manager.py:336)
NoneType: None
02:25:46.369 ERROR    Failed to process telemetry record: KeyError('sm_utilization') (records_manager.py:336)
NoneType: None
02:25:46.370 ERROR    Failed to process telemetry record: KeyError('sm_utilization') (records_manager.py:336)
NoneType: None
02:25:46.729 ERROR    Failed to process telemetry record: KeyError('sm_utilization') (records_manager.py:336)
NoneType: None
02:25:46.730 ERROR    Failed to process telemetry record: KeyError('sm_utilization') (records_manager.py:336)
NoneType: None
02:25:47.085 ERROR    Failed to process telemetry record: KeyError('sm_utilization') (records_manager.py:336)
NoneType: None
02:25:47.086 ERROR    Failed to process telemetry record: KeyError('sm_utilization') (records_manager.py:336)
NoneType: None
02:25:47.446 ERROR    Failed to process telemetry record: KeyError('sm_utilization') (records_manager.py:336)
NoneType: None
02:25:47.446 ERROR    Failed to process telemetry record: KeyError('sm_utilization') (records_manager.py:336)
NoneType: None
02:25:47.802 ERROR    Failed to process telemetry record: KeyError('sm_utilization') (records_manager.py:336)
NoneType: None
02:25:47.819 ERROR    Failed to process telemetry record: KeyError('sm_utilization') (records_manager.py:336)
NoneType: None
02:25:48.159 ERROR    Failed to process telemetry record: KeyError('sm_utilization') (records_manager.py:336)
NoneType: None
02:25:48.160 ERROR    Failed to process telemetry record: KeyError('sm_utilization') (records_manager.py:336)
NoneType: None
02:25:48.517 ERROR    Failed to process telemetry record: KeyError('sm_utilization') (records_manager.py:336)
NoneType: None
02:25:48.518 ERROR    Failed to process telemetry record: KeyError('sm_utilization') (records_manager.py:336)
NoneType: None
02:25:48.877 ERROR    Failed to process telemetry record: KeyError('sm_utilization') (records_manager.py:336)
NoneType: None
02:25:48.877 ERROR    Failed to process telemetry record: KeyError('sm_utilization') (records_manager.py:336)
NoneType: None
02:25:49.003 NOTICE   Phase warmup sending complete | sent=10, completed=9, in_flight=1 | sessions: sent=10, completed=9 (runner.py:466)
02:25:49.235 ERROR    Failed to process telemetry record: KeyError('sm_utilization') (records_manager.py:336)
NoneType: None
02:25:49.236 ERROR    Failed to process telemetry record: KeyError('sm_utilization') (records_manager.py:336)
NoneType: None
02:25:49.592 ERROR    Failed to process telemetry record: KeyError('sm_utilization') (records_manager.py:336)
NoneType: None
02:25:49.599 ERROR    Failed to process telemetry record: KeyError('sm_utilization') (records_manager.py:336)
NoneType: None
02:25:49.950 ERROR    Failed to process telemetry record: KeyError('sm_utilization') (records_manager.py:336)
NoneType: None
02:25:49.966 ERROR    Failed to process telemetry record: KeyError('sm_utilization') (records_manager.py:336)
NoneType: None
02:25:50.306 ERROR    Failed to process telemetry record: KeyError('sm_utilization') (records_manager.py:336)
NoneType: None
02:25:50.307 ERROR    Failed to process telemetry record: KeyError('sm_utilization') (records_manager.py:336)
NoneType: None
02:25:50.667 ERROR    Failed to process telemetry record: KeyError('sm_utilization') (records_manager.py:336)
NoneType: None
02:25:50.668 ERROR    Failed to process telemetry record: KeyError('sm_utilization') (records_manager.py:336)
NoneType: None
02:25:51.024 ERROR    Failed to process telemetry record: KeyError('sm_utilization') (records_manager.py:336)
NoneType: None
02:25:51.024 ERROR    Failed to process telemetry record: KeyError('sm_utilization') (records_manager.py:336)
NoneType: None
02:25:51.378 ERROR    Failed to process telemetry record: KeyError('sm_utilization') (records_manager.py:336)
NoneType: None
02:25:51.379 ERROR    Failed to process telemetry record: KeyError('sm_utilization') (records_manager.py:336)
NoneType: None
02:25:51.734 ERROR    Failed to process telemetry record: KeyError('sm_utilization') (records_manager.py:336)
NoneType: None
02:25:51.735 ERROR    Failed to process telemetry record: KeyError('sm_utilization') (records_manager.py:336)
NoneType: None
02:25:52.091 ERROR    Failed to process telemetry record: KeyError('sm_utilization') (records_manager.py:336)
NoneType: None
02:25:52.092 ERROR    Failed to process telemetry record: KeyError('sm_utilization') (records_manager.py:336)
NoneType: None
02:25:52.451 ERROR    Failed to process telemetry record: KeyError('sm_utilization') (records_manager.py:336)
NoneType: None
02:25:52.452 ERROR    Failed to process telemetry record: KeyError('sm_utilization') (records_manager.py:336)
NoneType: None
02:25:52.812 ERROR    Failed to process telemetry record: KeyError('sm_utilization') (records_manager.py:336)
NoneType: None
02:25:52.813 ERROR    Failed to process telemetry record: KeyError('sm_utilization') (records_manager.py:336)
NoneType: None
02:25:53.173 ERROR    Failed to process telemetry record: KeyError('sm_utilization') (records_manager.py:336)
NoneType: None
02:25:53.173 ERROR    Failed to process telemetry record: KeyError('sm_utilization') (records_manager.py:336)
NoneType: None
02:25:53.539 ERROR    Failed to process telemetry record: KeyError('sm_utilization') (records_manager.py:336)
NoneType: None
02:25:53.540 ERROR    Failed to process telemetry record: KeyError('sm_utilization') (records_manager.py:336)
NoneType: None
02:25:53.896 ERROR    Failed to process telemetry record: KeyError('sm_utilization') (records_manager.py:336)
NoneType: None
02:25:53.896 ERROR    Failed to process telemetry record: KeyError('sm_utilization') (records_manager.py:336)
NoneType: None
02:25:54.256 ERROR    Failed to process telemetry record: KeyError('sm_utilization') (records_manager.py:336)
NoneType: None
02:25:54.257 ERROR    Failed to process telemetry record: KeyError('sm_utilization') (records_manager.py:336)
NoneType: None
02:25:54.612 ERROR    Failed to process telemetry record: KeyError('sm_utilization') (records_manager.py:336)
NoneType: None
02:25:54.613 ERROR    Failed to process telemetry record: KeyError('sm_utilization') (records_manager.py:336)
NoneType: None
02:25:54.970 ERROR    Failed to process telemetry record: KeyError('sm_utilization') (records_manager.py:336)
NoneType: None
02:25:54.972 ERROR    Failed to process telemetry record: KeyError('sm_utilization') (records_manager.py:336)
NoneType: None
02:25:55.327 ERROR    Failed to process telemetry record: KeyError('sm_utilization') (records_manager.py:336)
NoneType: None
02:25:55.328 ERROR    Failed to process telemetry record: KeyError('sm_utilization') (records_manager.py:336)
NoneType: None
02:25:55.687 ERROR    Failed to process telemetry record: KeyError('sm_utilization') (records_manager.py:336)
NoneType: None
02:25:55.688 ERROR    Failed to process telemetry record: KeyError('sm_utilization') (records_manager.py:336)
NoneType: None
02:25:56.048 ERROR    Failed to process telemetry record: KeyError('sm_utilization') (records_manager.py:336)
NoneType: None
02:25:56.049 ERROR    Failed to process telemetry record: KeyError('sm_utilization') (records_manager.py:336)
NoneType: None
02:25:56.407 ERROR    Failed to process telemetry record: KeyError('sm_utilization') (records_manager.py:336)
NoneType: None
02:25:56.407 ERROR    Failed to process telemetry record: KeyError('sm_utilization') (records_manager.py:336)
NoneType: None
02:25:56.783 ERROR    Failed to process telemetry record: KeyError('sm_utilization') (records_manager.py:336)
NoneType: None
02:25:56.784 ERROR    Failed to process telemetry record: KeyError('sm_utilization') (records_manager.py:336)
NoneType: None
02:25:57.149 ERROR    Failed to process telemetry record: KeyError('sm_utilization') (records_manager.py:336)
NoneType: None
02:25:57.150 ERROR    Failed to process telemetry record: KeyError('sm_utilization') (records_manager.py:336)
NoneType: None
02:25:57.506 ERROR    Failed to process telemetry record: KeyError('sm_utilization') (records_manager.py:336)
NoneType: None
02:25:57.507 ERROR    Failed to process telemetry record: KeyError('sm_utilization') (records_manager.py:336)
NoneType: None
02:25:57.868 ERROR    Failed to process telemetry record: KeyError('sm_utilization') (records_manager.py:336)
NoneType: None
02:25:57.869 ERROR    Failed to process telemetry record: KeyError('sm_utilization') (records_manager.py:336)
NoneType: None
02:25:58.228 ERROR    Failed to process telemetry record: KeyError('sm_utilization') (records_manager.py:336)
NoneType: None
02:25:58.228 ERROR    Failed to process telemetry record: KeyError('sm_utilization') (records_manager.py:336)
NoneType: None
02:25:58.586 ERROR    Failed to process telemetry record: KeyError('sm_utilization') (records_manager.py:336)
NoneType: None
02:25:58.587 ERROR    Failed to process telemetry record: KeyError('sm_utilization') (records_manager.py:336)
NoneType: None
02:25:58.948 ERROR    Failed to process telemetry record: KeyError('sm_utilization') (records_manager.py:336)
NoneType: None
02:25:58.948 ERROR    Failed to process telemetry record: KeyError('sm_utilization') (records_manager.py:336)
NoneType: None
02:25:59.306 ERROR    Failed to process telemetry record: KeyError('sm_utilization') (records_manager.py:336)
NoneType: None
02:25:59.306 ERROR    Failed to process telemetry record: KeyError('sm_utilization') (records_manager.py:336)
NoneType: None
02:25:59.664 ERROR    Failed to process telemetry record: KeyError('sm_utilization') (records_manager.py:336)
NoneType: None
02:25:59.665 ERROR    Failed to process telemetry record: KeyError('sm_utilization') (records_manager.py:336)
NoneType: None
02:26:00.021 ERROR    Failed to process telemetry record: KeyError('sm_utilization') (records_manager.py:336)
NoneType: None
02:26:00.022 ERROR    Failed to process telemetry record: KeyError('sm_utilization') (records_manager.py:336)
NoneType: None
02:26:00.378 ERROR    Failed to process telemetry record: KeyError('sm_utilization') (records_manager.py:336)
NoneType: None
02:26:00.379 ERROR    Failed to process telemetry record: KeyError('sm_utilization') (records_manager.py:336)
NoneType: None
02:26:00.735 ERROR    Failed to process telemetry record: KeyError('sm_utilization') (records_manager.py:336)
NoneType: None
02:26:00.735 ERROR    Failed to process telemetry record: KeyError('sm_utilization') (records_manager.py:336)
NoneType: None
02:26:01.097 ERROR    Failed to process telemetry record: KeyError('sm_utilization') (records_manager.py:336)
NoneType: None
02:26:01.098 ERROR    Failed to process telemetry record: KeyError('sm_utilization') (records_manager.py:336)
NoneType: None
02:26:01.459 ERROR    Failed to process telemetry record: KeyError('sm_utilization') (records_manager.py:336)
NoneType: None
02:26:01.460 ERROR    Failed to process telemetry record: KeyError('sm_utilization') (records_manager.py:336)
NoneType: None
02:26:01.821 ERROR    Failed to process telemetry record: KeyError('sm_utilization') (records_manager.py:336)
NoneType: None
02:26:01.821 ERROR    Failed to process telemetry record: KeyError('sm_utilization') (records_manager.py:336)
NoneType: None
02:26:02.179 ERROR    Failed to process telemetry record: KeyError('sm_utilization') (records_manager.py:336)
NoneType: None
02:26:02.180 ERROR    Failed to process telemetry record: KeyError('sm_utilization') (records_manager.py:336)
NoneType: None
02:26:02.536 ERROR    Failed to process telemetry record: KeyError('sm_utilization') (records_manager.py:336)
NoneType: None
02:26:02.537 ERROR    Failed to process telemetry record: KeyError('sm_utilization') (records_manager.py:336)
NoneType: None
02:26:02.896 ERROR    Failed to process telemetry record: KeyError('sm_utilization') (records_manager.py:336)
NoneType: None
02:26:02.897 ERROR    Failed to process telemetry record: KeyError('sm_utilization') (records_manager.py:336)
NoneType: None
02:26:03.252 ERROR    Failed to process telemetry record: KeyError('sm_utilization') (records_manager.py:336)
NoneType: None
02:26:03.253 ERROR    Failed to process telemetry record: KeyError('sm_utilization') (records_manager.py:336)
NoneType: None
02:26:03.609 ERROR    Failed to process telemetry record: KeyError('sm_utilization') (records_manager.py:336)
NoneType: None
02:26:03.610 ERROR    Failed to process telemetry record: KeyError('sm_utilization') (records_manager.py:336)
NoneType: None
02:26:03.970 ERROR    Failed to process telemetry record: KeyError('sm_utilization') (records_manager.py:336)
NoneType: None
02:26:03.971 ERROR    Failed to process telemetry record: KeyError('sm_utilization') (records_manager.py:336)
NoneType: None
02:26:04.327 ERROR    Failed to process telemetry record: KeyError('sm_utilization') (records_manager.py:336)
NoneType: None
02:26:04.328 ERROR    Failed to process telemetry record: KeyError('sm_utilization') (records_manager.py:336)
NoneType: None
02:26:04.684 ERROR    Failed to process telemetry record: KeyError('sm_utilization') (records_manager.py:336)
NoneType: None
02:26:04.685 ERROR    Failed to process telemetry record: KeyError('sm_utilization') (records_manager.py:336)
NoneType: None
02:26:05.047 ERROR    Failed to process telemetry record: KeyError('sm_utilization') (records_manager.py:336)
NoneType: None
02:26:05.048 ERROR    Failed to process telemetry record: KeyError('sm_utilization') (records_manager.py:336)
NoneType: None
02:26:05.408 ERROR    Failed to process telemetry record: KeyError('sm_utilization') (records_manager.py:336)
NoneType: None
02:26:05.409 ERROR    Failed to process telemetry record: KeyError('sm_utilization') (records_manager.py:336)
NoneType: None
02:26:05.774 ERROR    Failed to process telemetry record: KeyError('sm_utilization') (records_manager.py:336)
NoneType: None
02:26:05.779 ERROR    Failed to process telemetry record: KeyError('sm_utilization') (records_manager.py:336)
NoneType: None
02:26:06.133 ERROR    Failed to process telemetry record: KeyError('sm_utilization') (records_manager.py:336)
NoneType: None
02:26:06.134 ERROR    Failed to process telemetry record: KeyError('sm_utilization') (records_manager.py:336)
NoneType: None
02:26:06.492 ERROR    Failed to process telemetry record: KeyError('sm_utilization') (records_manager.py:336)
NoneType: None
02:26:06.493 ERROR    Failed to process telemetry record: KeyError('sm_utilization') (records_manager.py:336)
NoneType: None
02:26:06.854 ERROR    Failed to process telemetry record: KeyError('sm_utilization') (records_manager.py:336)
NoneType: None
02:26:06.855 ERROR    Failed to process telemetry record: KeyError('sm_utilization') (records_manager.py:336)
NoneType: None
02:26:07.211 ERROR    Failed to process telemetry record: KeyError('sm_utilization') (records_manager.py:336)
NoneType: None
02:26:07.220 ERROR    Failed to process telemetry record: KeyError('sm_utilization') (records_manager.py:336)
NoneType: None
02:26:07.570 ERROR    Failed to process telemetry record: KeyError('sm_utilization') (records_manager.py:336)
NoneType: None
02:26:07.573 ERROR    Failed to process telemetry record: KeyError('sm_utilization') (records_manager.py:336)
NoneType: None
02:26:07.926 ERROR    Failed to process telemetry record: KeyError('sm_utilization') (records_manager.py:336)
NoneType: None
02:26:07.928 ERROR    Failed to process telemetry record: KeyError('sm_utilization') (records_manager.py:336)
NoneType: None
02:26:08.284 ERROR    Failed to process telemetry record: KeyError('sm_utilization') (records_manager.py:336)
NoneType: None
02:26:08.295 ERROR    Failed to process telemetry record: KeyError('sm_utilization') (records_manager.py:336)
NoneType: None
02:26:08.640 ERROR    Failed to process telemetry record: KeyError('sm_utilization') (records_manager.py:336)
NoneType: None
02:26:08.647 ERROR    Failed to process telemetry record: KeyError('sm_utilization') (records_manager.py:336)
NoneType: None
02:26:09.000 ERROR    Failed to process telemetry record: KeyError('sm_utilization') (records_manager.py:336)
NoneType: None
02:26:09.003 ERROR    Failed to process telemetry record: KeyError('sm_utilization') (records_manager.py:336)
NoneType: None
02:26:09.371 ERROR    Failed to process telemetry record: KeyError('sm_utilization') (records_manager.py:336)
NoneType: None
02:26:09.372 ERROR    Failed to process telemetry record: KeyError('sm_utilization') (records_manager.py:336)
NoneType: None
02:26:09.731 ERROR    Failed to process telemetry record: KeyError('sm_utilization') (records_manager.py:336)
NoneType: None
02:26:09.733 ERROR    Failed to process telemetry record: KeyError('sm_utilization') (records_manager.py:336)
NoneType: None
02:26:10.091 ERROR    Failed to process telemetry record: KeyError('sm_utilization') (records_manager.py:336)
NoneType: None
02:26:10.097 ERROR    Failed to process telemetry record: KeyError('sm_utilization') (records_manager.py:336)
NoneType: None
02:26:10.460 ERROR    Failed to process telemetry record: KeyError('sm_utilization') (records_manager.py:336)
NoneType: None
02:26:10.461 ERROR    Failed to process telemetry record: KeyError('sm_utilization') (records_manager.py:336)
NoneType: None
02:26:10.819 ERROR    Failed to process telemetry record: KeyError('sm_utilization') (records_manager.py:336)
NoneType: None
02:26:10.819 ERROR    Failed to process telemetry record: KeyError('sm_utilization') (records_manager.py:336)
NoneType: None
02:26:11.178 ERROR    Failed to process telemetry record: KeyError('sm_utilization') (records_manager.py:336)
NoneType: None
02:26:11.179 ERROR    Failed to process telemetry record: KeyError('sm_utilization') (records_manager.py:336)
NoneType: None
02:26:11.536 ERROR    Failed to process telemetry record: KeyError('sm_utilization') (records_manager.py:336)
NoneType: None
02:26:11.536 ERROR    Failed to process telemetry record: KeyError('sm_utilization') (records_manager.py:336)
NoneType: None
02:26:11.893 ERROR    Failed to process telemetry record: KeyError('sm_utilization') (records_manager.py:336)
NoneType: None
02:26:11.894 ERROR    Failed to process telemetry record: KeyError('sm_utilization') (records_manager.py:336)
NoneType: None
02:26:12.254 ERROR    Failed to process telemetry record: KeyError('sm_utilization') (records_manager.py:336)
NoneType: None
02:26:12.255 ERROR    Failed to process telemetry record: KeyError('sm_utilization') (records_manager.py:336)
NoneType: None
02:26:12.611 ERROR    Failed to process telemetry record: KeyError('sm_utilization') (records_manager.py:336)
NoneType: None
02:26:12.612 ERROR    Failed to process telemetry record: KeyError('sm_utilization') (records_manager.py:336)
NoneType: None
02:26:12.969 ERROR    Failed to process telemetry record: KeyError('sm_utilization') (records_manager.py:336)
NoneType: None
02:26:12.969 ERROR    Failed to process telemetry record: KeyError('sm_utilization') (records_manager.py:336)
NoneType: None
02:26:13.329 ERROR    Failed to process telemetry record: KeyError('sm_utilization') (records_manager.py:336)
NoneType: None
02:26:13.330 ERROR    Failed to process telemetry record: KeyError('sm_utilization') (records_manager.py:336)
NoneType: None
02:26:13.689 ERROR    Failed to process telemetry record: KeyError('sm_utilization') (records_manager.py:336)
NoneType: None
02:26:13.691 ERROR    Failed to process telemetry record: KeyError('sm_utilization') (records_manager.py:336)
NoneType: None
02:26:14.051 ERROR    Failed to process telemetry record: KeyError('sm_utilization') (records_manager.py:336)
NoneType: None
02:26:14.051 ERROR    Failed to process telemetry record: KeyError('sm_utilization') (records_manager.py:336)
NoneType: None
02:26:14.412 ERROR    Failed to process telemetry record: KeyError('sm_utilization') (records_manager.py:336)
NoneType: None
02:26:14.413 ERROR    Failed to process telemetry record: KeyError('sm_utilization') (records_manager.py:336)
NoneType: None
02:26:14.772 ERROR    Failed to process telemetry record: KeyError('sm_utilization') (records_manager.py:336)
NoneType: None
02:26:14.773 ERROR    Failed to process telemetry record: KeyError('sm_utilization') (records_manager.py:336)
NoneType: None
02:26:15.130 ERROR    Failed to process telemetry record: KeyError('sm_utilization') (records_manager.py:336)
NoneType: None
02:26:15.132 ERROR    Failed to process telemetry record: KeyError('sm_utilization') (records_manager.py:336)
NoneType: None
02:26:15.486 ERROR    Failed to process telemetry record: KeyError('sm_utilization') (records_manager.py:336)
NoneType: None
02:26:15.487 ERROR    Failed to process telemetry record: KeyError('sm_utilization') (records_manager.py:336)
NoneType: None
02:26:15.842 ERROR    Failed to process telemetry record: KeyError('sm_utilization') (records_manager.py:336)
NoneType: None
02:26:15.843 ERROR    Failed to process telemetry record: KeyError('sm_utilization') (records_manager.py:336)
NoneType: None
02:26:16.201 ERROR    Failed to process telemetry record: KeyError('sm_utilization') (records_manager.py:336)
NoneType: None
02:26:16.201 ERROR    Failed to process telemetry record: KeyError('sm_utilization') (records_manager.py:336)
NoneType: None
02:26:16.561 ERROR    Failed to process telemetry record: KeyError('sm_utilization') (records_manager.py:336)
NoneType: None
02:26:16.562 ERROR    Failed to process telemetry record: KeyError('sm_utilization') (records_manager.py:336)
NoneType: None
02:26:16.920 ERROR    Failed to process telemetry record: KeyError('sm_utilization') (records_manager.py:336)
NoneType: None
02:26:16.921 ERROR    Failed to process telemetry record: KeyError('sm_utilization') (records_manager.py:336)
NoneType: None
02:26:17.281 ERROR    Failed to process telemetry record: KeyError('sm_utilization') (records_manager.py:336)
NoneType: None
02:26:17.281 ERROR    Failed to process telemetry record: KeyError('sm_utilization') (records_manager.py:336)
NoneType: None
02:26:17.642 ERROR    Failed to process telemetry record: KeyError('sm_utilization') (records_manager.py:336)
NoneType: None
02:26:17.643 ERROR    Failed to process telemetry record: KeyError('sm_utilization') (records_manager.py:336)
NoneType: None
02:26:18.001 ERROR    Failed to process telemetry record: KeyError('sm_utilization') (records_manager.py:336)
NoneType: None
02:26:18.002 ERROR    Failed to process telemetry record: KeyError('sm_utilization') (records_manager.py:336)
NoneType: None
02:26:18.366 ERROR    Failed to process telemetry record: KeyError('sm_utilization') (records_manager.py:336)
NoneType: None
02:26:18.367 ERROR    Failed to process telemetry record: KeyError('sm_utilization') (records_manager.py:336)
NoneType: None
02:26:18.727 ERROR    Failed to process telemetry record: KeyError('sm_utilization') (records_manager.py:336)
NoneType: None
02:26:18.728 ERROR    Failed to process telemetry record: KeyError('sm_utilization') (records_manager.py:336)
NoneType: None
02:26:19.083 ERROR    Failed to process telemetry record: KeyError('sm_utilization') (records_manager.py:336)
NoneType: None
02:26:19.084 ERROR    Failed to process telemetry record: KeyError('sm_utilization') (records_manager.py:336)
NoneType: None
02:26:19.440 ERROR    Failed to process telemetry record: KeyError('sm_utilization') (records_manager.py:336)
NoneType: None
02:26:19.440 ERROR    Failed to process telemetry record: KeyError('sm_utilization') (records_manager.py:336)
NoneType: None
02:26:19.799 ERROR    Failed to process telemetry record: KeyError('sm_utilization') (records_manager.py:336)
NoneType: None
02:26:19.800 ERROR    Failed to process telemetry record: KeyError('sm_utilization') (records_manager.py:336)
NoneType: None
02:26:20.162 ERROR    Failed to process telemetry record: KeyError('sm_utilization') (records_manager.py:336)
NoneType: None
02:26:20.163 ERROR    Failed to process telemetry record: KeyError('sm_utilization') (records_manager.py:336)
NoneType: None
02:26:20.523 ERROR    Failed to process telemetry record: KeyError('sm_utilization') (records_manager.py:336)
NoneType: None
02:26:20.523 ERROR    Failed to process telemetry record: KeyError('sm_utilization') (records_manager.py:336)
NoneType: None
02:26:20.880 ERROR    Failed to process telemetry record: KeyError('sm_utilization') (records_manager.py:336)
NoneType: None
02:26:20.881 ERROR    Failed to process telemetry record: KeyError('sm_utilization') (records_manager.py:336)
NoneType: None
02:26:21.236 ERROR    Failed to process telemetry record: KeyError('sm_utilization') (records_manager.py:336)
NoneType: None
02:26:21.237 ERROR    Failed to process telemetry record: KeyError('sm_utilization') (records_manager.py:336)
NoneType: None
02:26:21.597 ERROR    Failed to process telemetry record: KeyError('sm_utilization') (records_manager.py:336)
NoneType: None
02:26:21.598 ERROR    Failed to process telemetry record: KeyError('sm_utilization') (records_manager.py:336)
NoneType: None
02:26:21.969 ERROR    Failed to process telemetry record: KeyError('sm_utilization') (records_manager.py:336)
NoneType: None
02:26:21.977 ERROR    Failed to process telemetry record: KeyError('sm_utilization') (records_manager.py:336)
NoneType: None
02:26:22.326 ERROR    Failed to process telemetry record: KeyError('sm_utilization') (records_manager.py:336)
NoneType: None
02:26:22.343 ERROR    Failed to process telemetry record: KeyError('sm_utilization') (records_manager.py:336)
NoneType: None
02:26:22.687 ERROR    Failed to process telemetry record: KeyError('sm_utilization') (records_manager.py:336)
NoneType: None
02:26:22.687 ERROR    Failed to process telemetry record: KeyError('sm_utilization') (records_manager.py:336)
NoneType: None
02:26:23.043 ERROR    Failed to process telemetry record: KeyError('sm_utilization') (records_manager.py:336)
NoneType: None
02:26:23.045 ERROR    Failed to process telemetry record: KeyError('sm_utilization') (records_manager.py:336)
NoneType: None
02:26:23.400 ERROR    Failed to process telemetry record: KeyError('sm_utilization') (records_manager.py:336)
NoneType: None
02:26:23.415 ERROR    Failed to process telemetry record: KeyError('sm_utilization') (records_manager.py:336)
NoneType: None
02:26:23.764 ERROR    Failed to process telemetry record: KeyError('sm_utilization') (records_manager.py:336)
NoneType: None
02:26:23.765 ERROR    Failed to process telemetry record: KeyError('sm_utilization') (records_manager.py:336)
NoneType: None
02:26:24.125 ERROR    Failed to process telemetry record: KeyError('sm_utilization') (records_manager.py:336)
NoneType: None
02:26:24.126 ERROR    Failed to process telemetry record: KeyError('sm_utilization') (records_manager.py:336)
NoneType: None
02:26:24.484 ERROR    Failed to process telemetry record: KeyError('sm_utilization') (records_manager.py:336)
NoneType: None
02:26:24.489 ERROR    Failed to process telemetry record: KeyError('sm_utilization') (records_manager.py:336)
NoneType: None
02:26:24.840 ERROR    Failed to process telemetry record: KeyError('sm_utilization') (records_manager.py:336)
NoneType: None
02:26:24.865 ERROR    Failed to process telemetry record: KeyError('sm_utilization') (records_manager.py:336)
NoneType: None
02:26:25.197 ERROR    Failed to process telemetry record: KeyError('sm_utilization') (records_manager.py:336)
NoneType: None
02:26:25.198 ERROR    Failed to process telemetry record: KeyError('sm_utilization') (records_manager.py:336)
NoneType: None
02:26:25.558 ERROR    Failed to process telemetry record: KeyError('sm_utilization') (records_manager.py:336)
NoneType: None
02:26:25.559 ERROR    Failed to process telemetry record: KeyError('sm_utilization') (records_manager.py:336)
NoneType: None
02:26:25.917 ERROR    Failed to process telemetry record: KeyError('sm_utilization') (records_manager.py:336)
NoneType: None
02:26:25.918 ERROR    Failed to process telemetry record: KeyError('sm_utilization') (records_manager.py:336)
NoneType: None
02:26:26.281 ERROR    Failed to process telemetry record: KeyError('sm_utilization') (records_manager.py:336)
NoneType: None
02:26:26.282 ERROR    Failed to process telemetry record: KeyError('sm_utilization') (records_manager.py:336)
NoneType: None
02:26:26.644 ERROR    Failed to process telemetry record: KeyError('sm_utilization') (records_manager.py:336)
NoneType: None
02:26:26.645 ERROR    Failed to process telemetry record: KeyError('sm_utilization') (records_manager.py:336)
NoneType: None
02:26:27.004 ERROR    Failed to process telemetry record: KeyError('sm_utilization') (records_manager.py:336)
NoneType: None
02:26:27.005 ERROR    Failed to process telemetry record: KeyError('sm_utilization') (records_manager.py:336)
NoneType: None
02:26:27.369 ERROR    Failed to process telemetry record: KeyError('sm_utilization') (records_manager.py:336)
NoneType: None
02:26:27.370 ERROR    Failed to process telemetry record: KeyError('sm_utilization') (records_manager.py:336)
NoneType: None
02:26:27.729 ERROR    Failed to process telemetry record: KeyError('sm_utilization') (records_manager.py:336)
NoneType: None
02:26:27.729 ERROR    Failed to process telemetry record: KeyError('sm_utilization') (records_manager.py:336)
NoneType: None
02:26:28.087 ERROR    Failed to process telemetry record: KeyError('sm_utilization') (records_manager.py:336)
NoneType: None
02:26:28.088 ERROR    Failed to process telemetry record: KeyError('sm_utilization') (records_manager.py:336)
NoneType: None
02:26:28.447 ERROR    Failed to process telemetry record: KeyError('sm_utilization') (records_manager.py:336)
NoneType: None
02:26:28.448 ERROR    Failed to process telemetry record: KeyError('sm_utilization') (records_manager.py:336)
NoneType: None
02:26:28.804 ERROR    Failed to process telemetry record: KeyError('sm_utilization') (records_manager.py:336)
NoneType: None
02:26:28.805 ERROR    Failed to process telemetry record: KeyError('sm_utilization') (records_manager.py:336)
NoneType: None
02:26:29.160 ERROR    Failed to process telemetry record: KeyError('sm_utilization') (records_manager.py:336)
NoneType: None
02:26:29.161 ERROR    Failed to process telemetry record: KeyError('sm_utilization') (records_manager.py:336)
NoneType: None
02:26:29.517 ERROR    Failed to process telemetry record: KeyError('sm_utilization') (records_manager.py:336)
NoneType: None
02:26:29.518 ERROR    Failed to process telemetry record: KeyError('sm_utilization') (records_manager.py:336)
NoneType: None
02:26:29.875 ERROR    Failed to process telemetry record: KeyError('sm_utilization') (records_manager.py:336)
NoneType: None
02:26:29.876 ERROR    Failed to process telemetry record: KeyError('sm_utilization') (records_manager.py:336)
NoneType: None
02:26:30.232 ERROR    Failed to process telemetry record: KeyError('sm_utilization') (records_manager.py:336)
NoneType: None
02:26:30.233 ERROR    Failed to process telemetry record: KeyError('sm_utilization') (records_manager.py:336)
NoneType: None
02:26:30.610 ERROR    Failed to process telemetry record: KeyError('sm_utilization') (records_manager.py:336)
NoneType: None
02:26:30.611 ERROR    Failed to process telemetry record: KeyError('sm_utilization') (records_manager.py:336)
NoneType: None
02:26:30.971 ERROR    Failed to process telemetry record: KeyError('sm_utilization') (records_manager.py:336)
NoneType: None
02:26:30.971 ERROR    Failed to process telemetry record: KeyError('sm_utilization') (records_manager.py:336)
NoneType: None
02:26:31.331 ERROR    Failed to process telemetry record: KeyError('sm_utilization') (records_manager.py:336)
NoneType: None
02:26:31.331 ERROR    Failed to process telemetry record: KeyError('sm_utilization') (records_manager.py:336)
NoneType: None
02:26:31.692 ERROR    Failed to process telemetry record: KeyError('sm_utilization') (records_manager.py:336)
NoneType: None
02:26:31.692 ERROR    Failed to process telemetry record: KeyError('sm_utilization') (records_manager.py:336)
NoneType: None
02:26:32.048 ERROR    Failed to process telemetry record: KeyError('sm_utilization') (records_manager.py:336)
NoneType: None
02:26:32.049 ERROR    Failed to process telemetry record: KeyError('sm_utilization') (records_manager.py:336)
NoneType: None
02:26:32.406 ERROR    Failed to process telemetry record: KeyError('sm_utilization') (records_manager.py:336)
NoneType: None
02:26:32.407 ERROR    Failed to process telemetry record: KeyError('sm_utilization') (records_manager.py:336)
NoneType: None
02:26:32.763 ERROR    Failed to process telemetry record: KeyError('sm_utilization') (records_manager.py:336)
NoneType: None
02:26:32.763 ERROR    Failed to process telemetry record: KeyError('sm_utilization') (records_manager.py:336)
NoneType: None
02:26:33.119 ERROR    Failed to process telemetry record: KeyError('sm_utilization') (records_manager.py:336)
NoneType: None
02:26:33.120 ERROR    Failed to process telemetry record: KeyError('sm_utilization') (records_manager.py:336)
NoneType: None
02:26:33.477 ERROR    Failed to process telemetry record: KeyError('sm_utilization') (records_manager.py:336)
NoneType: None
02:26:33.477 ERROR    Failed to process telemetry record: KeyError('sm_utilization') (records_manager.py:336)
NoneType: None
02:26:33.836 ERROR    Failed to process telemetry record: KeyError('sm_utilization') (records_manager.py:336)
NoneType: None
02:26:33.838 ERROR    Failed to process telemetry record: KeyError('sm_utilization') (records_manager.py:336)
NoneType: None
02:26:34.197 ERROR    Failed to process telemetry record: KeyError('sm_utilization') (records_manager.py:336)
NoneType: None
02:26:34.198 ERROR    Failed to process telemetry record: KeyError('sm_utilization') (records_manager.py:336)
NoneType: None
02:26:34.568 ERROR    Failed to process telemetry record: KeyError('sm_utilization') (records_manager.py:336)
NoneType: None
02:26:34.569 ERROR    Failed to process telemetry record: KeyError('sm_utilization') (records_manager.py:336)
NoneType: None
02:26:34.925 ERROR    Failed to process telemetry record: KeyError('sm_utilization') (records_manager.py:336)
NoneType: None
02:26:34.925 ERROR    Failed to process telemetry record: KeyError('sm_utilization') (records_manager.py:336)
NoneType: None
02:26:35.128 NOTICE   Phase warmup complete | completed=10, cancelled=0, errors=0 | sessions: completed=10, cancelled=0 | elapsed=504.43s (runner.py:543)
02:26:35.130 INFO     Creating interval generator: pattern=concurrency_burst, rate=None, smoothness=None (request_rate.py:111)
02:26:35.131 NOTICE   Phase profiling started | target: 12 requests (runner.py:236)
02:26:35.133 INFO     Credit phase start: profiling (records_manager.py:369)
02:26:35.286 ERROR    Failed to process telemetry record: KeyError('sm_utilization') (records_manager.py:336)
NoneType: None
02:26:35.287 ERROR    Failed to process telemetry record: KeyError('sm_utilization') (records_manager.py:336)
NoneType: None
02:26:35.645 ERROR    Failed to process telemetry record: KeyError('sm_utilization') (records_manager.py:336)
NoneType: None
02:26:35.646 ERROR    Failed to process telemetry record: KeyError('sm_utilization') (records_manager.py:336)
NoneType: None
02:26:36.001 ERROR    Failed to process telemetry record: KeyError('sm_utilization') (records_manager.py:336)
NoneType: None
02:26:36.002 ERROR    Failed to process telemetry record: KeyError('sm_utilization') (records_manager.py:336)
NoneType: None
02:26:36.365 ERROR    Failed to process telemetry record: KeyError('sm_utilization') (records_manager.py:336)
NoneType: None
02:26:36.366 ERROR    Failed to process telemetry record: KeyError('sm_utilization') (records_manager.py:336)
NoneType: None
02:26:36.723 ERROR    Failed to process telemetry record: KeyError('sm_utilization') (records_manager.py:336)
NoneType: None
02:26:36.724 ERROR    Failed to process telemetry record: KeyError('sm_utilization') (records_manager.py:336)
NoneType: None
02:26:37.080 ERROR    Failed to process telemetry record: KeyError('sm_utilization') (records_manager.py:336)
NoneType: None
02:26:37.081 ERROR    Failed to process telemetry record: KeyError('sm_utilization') (records_manager.py:336)
NoneType: None
02:26:37.437 ERROR    Failed to process telemetry record: KeyError('sm_utilization') (records_manager.py:336)
NoneType: None
02:26:37.438 ERROR    Failed to process telemetry record: KeyError('sm_utilization') (records_manager.py:336)
NoneType: None
02:26:37.796 ERROR    Failed to process telemetry record: KeyError('sm_utilization') (records_manager.py:336)
NoneType: None
02:26:37.796 ERROR    Failed to process telemetry record: KeyError('sm_utilization') (records_manager.py:336)
NoneType: None
02:26:38.154 ERROR    Failed to process telemetry record: KeyError('sm_utilization') (records_manager.py:336)
NoneType: None
02:26:38.155 ERROR    Failed to process telemetry record: KeyError('sm_utilization') (records_manager.py:336)
NoneType: None
02:26:38.510 ERROR    Failed to process telemetry record: KeyError('sm_utilization') (records_manager.py:336)
NoneType: None
02:26:38.511 ERROR    Failed to process telemetry record: KeyError('sm_utilization') (records_manager.py:336)
NoneType: None
02:26:38.867 ERROR    Failed to process telemetry record: KeyError('sm_utilization') (records_manager.py:336)
NoneType: None
02:26:38.868 ERROR    Failed to process telemetry record: KeyError('sm_utilization') (records_manager.py:336)
NoneType: None
02:26:39.222 ERROR    Failed to process telemetry record: KeyError('sm_utilization') (records_manager.py:336)
NoneType: None
02:26:39.223 ERROR    Failed to process telemetry record: KeyError('sm_utilization') (records_manager.py:336)
NoneType: None
02:26:39.587 ERROR    Failed to process telemetry record: KeyError('sm_utilization') (records_manager.py:336)
NoneType: None
02:26:39.588 ERROR    Failed to process telemetry record: KeyError('sm_utilization') (records_manager.py:336)
NoneType: None
02:26:39.954 ERROR    Failed to process telemetry record: KeyError('sm_utilization') (records_manager.py:336)
NoneType: None
02:26:39.954 ERROR    Failed to process telemetry record: KeyError('sm_utilization') (records_manager.py:336)
NoneType: None
02:26:40.318 ERROR    Failed to process telemetry record: KeyError('sm_utilization') (records_manager.py:336)
NoneType: None
02:26:40.319 ERROR    Failed to process telemetry record: KeyError('sm_utilization') (records_manager.py:336)
NoneType: None
02:26:40.679 ERROR    Failed to process telemetry record: KeyError('sm_utilization') (records_manager.py:336)
NoneType: None
02:26:40.680 ERROR    Failed to process telemetry record: KeyError('sm_utilization') (records_manager.py:336)
NoneType: None
02:26:41.034 ERROR    Failed to process telemetry record: KeyError('sm_utilization') (records_manager.py:336)
NoneType: None
02:26:41.034 ERROR    Failed to process telemetry record: KeyError('sm_utilization') (records_manager.py:336)
NoneType: None
02:26:41.390 ERROR    Failed to process telemetry record: KeyError('sm_utilization') (records_manager.py:336)
NoneType: None
02:26:41.395 ERROR    Failed to process telemetry record: KeyError('sm_utilization') (records_manager.py:336)
NoneType: None
02:26:41.746 ERROR    Failed to process telemetry record: KeyError('sm_utilization') (records_manager.py:336)
NoneType: None
02:26:41.746 ERROR    Failed to process telemetry record: KeyError('sm_utilization') (records_manager.py:336)
NoneType: None
02:26:42.104 ERROR    Failed to process telemetry record: KeyError('sm_utilization') (records_manager.py:336)
NoneType: None
02:26:42.104 ERROR    Failed to process telemetry record: KeyError('sm_utilization') (records_manager.py:336)
NoneType: None
02:26:42.469 ERROR    Failed to process telemetry record: KeyError('sm_utilization') (records_manager.py:336)
NoneType: None
02:26:42.470 ERROR    Failed to process telemetry record: KeyError('sm_utilization') (records_manager.py:336)
NoneType: None
02:26:42.826 ERROR    Failed to process telemetry record: KeyError('sm_utilization') (records_manager.py:336)
NoneType: None
02:26:42.827 ERROR    Failed to process telemetry record: KeyError('sm_utilization') (records_manager.py:336)
NoneType: None
02:26:43.180 ERROR    Failed to process telemetry record: KeyError('sm_utilization') (records_manager.py:336)
NoneType: None
02:26:43.181 ERROR    Failed to process telemetry record: KeyError('sm_utilization') (records_manager.py:336)
NoneType: None
02:26:43.594 ERROR    Failed to process telemetry record: KeyError('sm_utilization') (records_manager.py:336)
NoneType: None
02:26:43.594 ERROR    Failed to process telemetry record: KeyError('sm_utilization') (records_manager.py:336)
NoneType: None
02:26:43.953 ERROR    Failed to process telemetry record: KeyError('sm_utilization') (records_manager.py:336)
NoneType: None
02:26:43.954 ERROR    Failed to process telemetry record: KeyError('sm_utilization') (records_manager.py:336)
NoneType: None
02:26:44.309 ERROR    Failed to process telemetry record: KeyError('sm_utilization') (records_manager.py:336)
NoneType: None
02:26:44.310 ERROR    Failed to process telemetry record: KeyError('sm_utilization') (records_manager.py:336)
NoneType: None
02:26:44.667 ERROR    Failed to process telemetry record: KeyError('sm_utilization') (records_manager.py:336)
NoneType: None
02:26:44.667 ERROR    Failed to process telemetry record: KeyError('sm_utilization') (records_manager.py:336)
NoneType: None
02:26:45.022 ERROR    Failed to process telemetry record: KeyError('sm_utilization') (records_manager.py:336)
NoneType: None
02:26:45.023 ERROR    Failed to process telemetry record: KeyError('sm_utilization') (records_manager.py:336)
NoneType: None
02:26:45.381 ERROR    Failed to process telemetry record: KeyError('sm_utilization') (records_manager.py:336)
NoneType: None
02:26:45.382 ERROR    Failed to process telemetry record: KeyError('sm_utilization') (records_manager.py:336)
NoneType: None
02:26:45.741 ERROR    Failed to process telemetry record: KeyError('sm_utilization') (records_manager.py:336)
NoneType: None
02:26:45.741 ERROR    Failed to process telemetry record: KeyError('sm_utilization') (records_manager.py:336)
NoneType: None
02:26:46.100 ERROR    Failed to process telemetry record: KeyError('sm_utilization') (records_manager.py:336)
NoneType: None
02:26:46.101 ERROR    Failed to process telemetry record: KeyError('sm_utilization') (records_manager.py:336)
NoneType: None
02:26:46.454 ERROR    Failed to process telemetry record: KeyError('sm_utilization') (records_manager.py:336)
NoneType: None
02:26:46.459 ERROR    Failed to process telemetry record: KeyError('sm_utilization') (records_manager.py:336)
NoneType: None
02:26:46.814 ERROR    Failed to process telemetry record: KeyError('sm_utilization') (records_manager.py:336)
NoneType: None
02:26:46.814 ERROR    Failed to process telemetry record: KeyError('sm_utilization') (records_manager.py:336)
NoneType: None
02:26:47.177 ERROR    Failed to process telemetry record: KeyError('sm_utilization') (records_manager.py:336)
NoneType: None
02:26:47.178 ERROR    Failed to process telemetry record: KeyError('sm_utilization') (records_manager.py:336)
NoneType: None
02:26:47.537 ERROR    Failed to process telemetry record: KeyError('sm_utilization') (records_manager.py:336)
NoneType: None
02:26:47.538 ERROR    Failed to process telemetry record: KeyError('sm_utilization') (records_manager.py:336)
NoneType: None
02:26:47.897 ERROR    Failed to process telemetry record: KeyError('sm_utilization') (records_manager.py:336)
NoneType: None
02:26:47.904 ERROR    Failed to process telemetry record: KeyError('sm_utilization') (records_manager.py:336)
NoneType: None
02:26:48.261 ERROR    Failed to process telemetry record: KeyError('sm_utilization') (records_manager.py:336)
NoneType: None
02:26:48.270 ERROR    Failed to process telemetry record: KeyError('sm_utilization') (records_manager.py:336)
NoneType: None
02:26:48.616 ERROR    Failed to process telemetry record: KeyError('sm_utilization') (records_manager.py:336)
NoneType: None
02:26:48.617 ERROR    Failed to process telemetry record: KeyError('sm_utilization') (records_manager.py:336)
NoneType: None
02:26:48.976 ERROR    Failed to process telemetry record: KeyError('sm_utilization') (records_manager.py:336)
NoneType: None
02:26:48.977 ERROR    Failed to process telemetry record: KeyError('sm_utilization') (records_manager.py:336)
NoneType: None
02:26:49.336 ERROR    Failed to process telemetry record: KeyError('sm_utilization') (records_manager.py:336)
NoneType: None
02:26:49.337 ERROR    Failed to process telemetry record: KeyError('sm_utilization') (records_manager.py:336)
NoneType: None
02:26:49.693 ERROR    Failed to process telemetry record: KeyError('sm_utilization') (records_manager.py:336)
NoneType: None
02:26:49.696 ERROR    Failed to process telemetry record: KeyError('sm_utilization') (records_manager.py:336)
NoneType: None
02:26:50.048 ERROR    Failed to process telemetry record: KeyError('sm_utilization') (records_manager.py:336)
NoneType: None
02:26:50.049 ERROR    Failed to process telemetry record: KeyError('sm_utilization') (records_manager.py:336)
NoneType: None
02:26:50.407 ERROR    Failed to process telemetry record: KeyError('sm_utilization') (records_manager.py:336)
NoneType: None
02:26:50.408 ERROR    Failed to process telemetry record: KeyError('sm_utilization') (records_manager.py:336)
NoneType: None
02:26:50.767 ERROR    Failed to process telemetry record: KeyError('sm_utilization') (records_manager.py:336)
NoneType: None
02:26:50.768 ERROR    Failed to process telemetry record: KeyError('sm_utilization') (records_manager.py:336)
NoneType: None
02:26:51.128 ERROR    Failed to process telemetry record: KeyError('sm_utilization') (records_manager.py:336)
NoneType: None
02:26:51.129 ERROR    Failed to process telemetry record: KeyError('sm_utilization') (records_manager.py:336)
NoneType: None
02:26:51.496 ERROR    Failed to process telemetry record: KeyError('sm_utilization') (records_manager.py:336)
NoneType: None
02:26:51.497 ERROR    Failed to process telemetry record: KeyError('sm_utilization') (records_manager.py:336)
NoneType: None
02:26:51.851 ERROR    Failed to process telemetry record: KeyError('sm_utilization') (records_manager.py:336)
NoneType: None
02:26:51.852 ERROR    Failed to process telemetry record: KeyError('sm_utilization') (records_manager.py:336)
NoneType: None
02:26:52.206 ERROR    Failed to process telemetry record: KeyError('sm_utilization') (records_manager.py:336)
NoneType: None
02:26:52.207 ERROR    Failed to process telemetry record: KeyError('sm_utilization') (records_manager.py:336)
NoneType: None
02:26:52.564 ERROR    Failed to process telemetry record: KeyError('sm_utilization') (records_manager.py:336)
NoneType: None
02:26:52.565 ERROR    Failed to process telemetry record: KeyError('sm_utilization') (records_manager.py:336)
NoneType: None
02:26:52.923 ERROR    Failed to process telemetry record: KeyError('sm_utilization') (records_manager.py:336)
NoneType: None
02:26:52.924 ERROR    Failed to process telemetry record: KeyError('sm_utilization') (records_manager.py:336)
NoneType: None
02:26:53.278 ERROR    Failed to process telemetry record: KeyError('sm_utilization') (records_manager.py:336)
NoneType: None
02:26:53.279 ERROR    Failed to process telemetry record: KeyError('sm_utilization') (records_manager.py:336)
NoneType: None
02:26:53.634 ERROR    Failed to process telemetry record: KeyError('sm_utilization') (records_manager.py:336)
NoneType: None
02:26:53.635 ERROR    Failed to process telemetry record: KeyError('sm_utilization') (records_manager.py:336)
NoneType: None
02:26:53.992 ERROR    Failed to process telemetry record: KeyError('sm_utilization') (records_manager.py:336)
NoneType: None
02:26:53.993 ERROR    Failed to process telemetry record: KeyError('sm_utilization') (records_manager.py:336)
NoneType: None
02:26:54.350 ERROR    Failed to process telemetry record: KeyError('sm_utilization') (records_manager.py:336)
NoneType: None
02:26:54.350 ERROR    Failed to process telemetry record: KeyError('sm_utilization') (records_manager.py:336)
NoneType: None
02:26:54.710 ERROR    Failed to process telemetry record: KeyError('sm_utilization') (records_manager.py:336)
NoneType: None
02:26:54.711 ERROR    Failed to process telemetry record: KeyError('sm_utilization') (records_manager.py:336)
NoneType: None
02:26:55.075 ERROR    Failed to process telemetry record: KeyError('sm_utilization') (records_manager.py:336)
NoneType: None
02:26:55.076 ERROR    Failed to process telemetry record: KeyError('sm_utilization') (records_manager.py:336)
NoneType: None
02:26:55.430 ERROR    Failed to process telemetry record: KeyError('sm_utilization') (records_manager.py:336)
NoneType: None
02:26:55.431 ERROR    Failed to process telemetry record: KeyError('sm_utilization') (records_manager.py:336)
NoneType: None
02:26:55.787 ERROR    Failed to process telemetry record: KeyError('sm_utilization') (records_manager.py:336)
NoneType: None
02:26:55.787 ERROR    Failed to process telemetry record: KeyError('sm_utilization') (records_manager.py:336)
NoneType: None
02:26:56.146 ERROR    Failed to process telemetry record: KeyError('sm_utilization') (records_manager.py:336)
NoneType: None
02:26:56.146 ERROR    Failed to process telemetry record: KeyError('sm_utilization') (records_manager.py:336)
NoneType: None
02:26:56.503 ERROR    Failed to process telemetry record: KeyError('sm_utilization') (records_manager.py:336)
NoneType: None
02:26:56.504 ERROR    Failed to process telemetry record: KeyError('sm_utilization') (records_manager.py:336)
NoneType: None
02:26:56.858 ERROR    Failed to process telemetry record: KeyError('sm_utilization') (records_manager.py:336)
NoneType: None
02:26:56.859 ERROR    Failed to process telemetry record: KeyError('sm_utilization') (records_manager.py:336)
NoneType: None
02:26:57.216 ERROR    Failed to process telemetry record: KeyError('sm_utilization') (records_manager.py:336)
NoneType: None
02:26:57.216 ERROR    Failed to process telemetry record: KeyError('sm_utilization') (records_manager.py:336)
NoneType: None
02:26:57.575 ERROR    Failed to process telemetry record: KeyError('sm_utilization') (records_manager.py:336)
NoneType: None
02:26:57.576 ERROR    Failed to process telemetry record: KeyError('sm_utilization') (records_manager.py:336)
NoneType: None
02:26:57.930 ERROR    Failed to process telemetry record: KeyError('sm_utilization') (records_manager.py:336)
NoneType: None
02:26:57.931 ERROR    Failed to process telemetry record: KeyError('sm_utilization') (records_manager.py:336)
NoneType: None
02:26:58.286 ERROR    Failed to process telemetry record: KeyError('sm_utilization') (records_manager.py:336)
NoneType: None
02:26:58.287 ERROR    Failed to process telemetry record: KeyError('sm_utilization') (records_manager.py:336)
NoneType: None
02:26:58.643 ERROR    Failed to process telemetry record: KeyError('sm_utilization') (records_manager.py:336)
NoneType: None
02:26:58.644 ERROR    Failed to process telemetry record: KeyError('sm_utilization') (records_manager.py:336)
NoneType: None
02:26:59.004 ERROR    Failed to process telemetry record: KeyError('sm_utilization') (records_manager.py:336)
NoneType: None
02:26:59.005 ERROR    Failed to process telemetry record: KeyError('sm_utilization') (records_manager.py:336)
NoneType: None
02:26:59.359 ERROR    Failed to process telemetry record: KeyError('sm_utilization') (records_manager.py:336)
NoneType: None
02:26:59.360 ERROR    Failed to process telemetry record: KeyError('sm_utilization') (records_manager.py:336)
NoneType: None
02:26:59.716 ERROR    Failed to process telemetry record: KeyError('sm_utilization') (records_manager.py:336)
NoneType: None
02:26:59.717 ERROR    Failed to process telemetry record: KeyError('sm_utilization') (records_manager.py:336)
NoneType: None
02:27:00.083 ERROR    Failed to process telemetry record: KeyError('sm_utilization') (records_manager.py:336)
NoneType: None
02:27:00.084 ERROR    Failed to process telemetry record: KeyError('sm_utilization') (records_manager.py:336)
NoneType: None
02:27:00.444 ERROR    Failed to process telemetry record: KeyError('sm_utilization') (records_manager.py:336)
NoneType: None
02:27:00.445 ERROR    Failed to process telemetry record: KeyError('sm_utilization') (records_manager.py:336)
NoneType: None
02:27:00.804 ERROR    Failed to process telemetry record: KeyError('sm_utilization') (records_manager.py:336)
NoneType: None
02:27:00.805 ERROR    Failed to process telemetry record: KeyError('sm_utilization') (records_manager.py:336)
NoneType: None
02:27:01.160 ERROR    Failed to process telemetry record: KeyError('sm_utilization') (records_manager.py:336)
NoneType: None
02:27:01.162 ERROR    Failed to process telemetry record: KeyError('sm_utilization') (records_manager.py:336)
NoneType: None
02:27:01.515 ERROR    Failed to process telemetry record: KeyError('sm_utilization') (records_manager.py:336)
NoneType: None
02:27:01.516 ERROR    Failed to process telemetry record: KeyError('sm_utilization') (records_manager.py:336)
NoneType: None
02:27:01.877 ERROR    Failed to process telemetry record: KeyError('sm_utilization') (records_manager.py:336)
NoneType: None
02:27:01.878 ERROR    Failed to process telemetry record: KeyError('sm_utilization') (records_manager.py:336)
NoneType: None
02:27:02.238 ERROR    Failed to process telemetry record: KeyError('sm_utilization') (records_manager.py:336)
NoneType: None
02:27:02.239 ERROR    Failed to process telemetry record: KeyError('sm_utilization') (records_manager.py:336)
NoneType: None
02:27:02.597 ERROR    Failed to process telemetry record: KeyError('sm_utilization') (records_manager.py:336)
NoneType: None
02:27:02.598 ERROR    Failed to process telemetry record: KeyError('sm_utilization') (records_manager.py:336)
NoneType: None
02:27:02.955 ERROR    Failed to process telemetry record: KeyError('sm_utilization') (records_manager.py:336)
NoneType: None
02:27:02.956 ERROR    Failed to process telemetry record: KeyError('sm_utilization') (records_manager.py:336)
NoneType: None
02:27:03.313 ERROR    Failed to process telemetry record: KeyError('sm_utilization') (records_manager.py:336)
NoneType: None
02:27:03.314 ERROR    Failed to process telemetry record: KeyError('sm_utilization') (records_manager.py:336)
NoneType: None
02:27:03.680 ERROR    Failed to process telemetry record: KeyError('sm_utilization') (records_manager.py:336)
NoneType: None
02:27:03.686 ERROR    Failed to process telemetry record: KeyError('sm_utilization') (records_manager.py:336)
NoneType: None
02:27:04.046 ERROR    Failed to process telemetry record: KeyError('sm_utilization') (records_manager.py:336)
NoneType: None
02:27:04.047 ERROR    Failed to process telemetry record: KeyError('sm_utilization') (records_manager.py:336)
NoneType: None
02:27:04.401 ERROR    Failed to process telemetry record: KeyError('sm_utilization') (records_manager.py:336)
NoneType: None
02:27:04.402 ERROR    Failed to process telemetry record: KeyError('sm_utilization') (records_manager.py:336)
NoneType: None
02:27:04.762 ERROR    Failed to process telemetry record: KeyError('sm_utilization') (records_manager.py:336)
NoneType: None
02:27:04.763 ERROR    Failed to process telemetry record: KeyError('sm_utilization') (records_manager.py:336)
NoneType: None
02:27:05.123 ERROR    Failed to process telemetry record: KeyError('sm_utilization') (records_manager.py:336)
NoneType: None
02:27:05.123 ERROR    Failed to process telemetry record: KeyError('sm_utilization') (records_manager.py:336)
NoneType: None
02:27:05.486 ERROR    Failed to process telemetry record: KeyError('sm_utilization') (records_manager.py:336)
NoneType: None
02:27:05.487 ERROR    Failed to process telemetry record: KeyError('sm_utilization') (records_manager.py:336)
NoneType: None
02:27:05.850 ERROR    Failed to process telemetry record: KeyError('sm_utilization') (records_manager.py:336)
NoneType: None
02:27:05.851 ERROR    Failed to process telemetry record: KeyError('sm_utilization') (records_manager.py:336)
NoneType: None
02:27:06.210 ERROR    Failed to process telemetry record: KeyError('sm_utilization') (records_manager.py:336)
NoneType: None
02:27:06.211 ERROR    Failed to process telemetry record: KeyError('sm_utilization') (records_manager.py:336)
NoneType: None
02:27:06.571 ERROR    Failed to process telemetry record: KeyError('sm_utilization') (records_manager.py:336)
NoneType: None
02:27:06.573 ERROR    Failed to process telemetry record: KeyError('sm_utilization') (records_manager.py:336)
NoneType: None
02:27:06.927 ERROR    Failed to process telemetry record: KeyError('sm_utilization') (records_manager.py:336)
NoneType: None
02:27:06.928 ERROR    Failed to process telemetry record: KeyError('sm_utilization') (records_manager.py:336)
NoneType: None
02:27:07.289 ERROR    Failed to process telemetry record: KeyError('sm_utilization') (records_manager.py:336)
NoneType: None
02:27:07.290 ERROR    Failed to process telemetry record: KeyError('sm_utilization') (records_manager.py:336)
NoneType: None
02:27:07.646 ERROR    Failed to process telemetry record: KeyError('sm_utilization') (records_manager.py:336)
NoneType: None
02:27:07.646 ERROR    Failed to process telemetry record: KeyError('sm_utilization') (records_manager.py:336)
NoneType: None
02:27:08.003 ERROR    Failed to process telemetry record: KeyError('sm_utilization') (records_manager.py:336)
NoneType: None
02:27:08.004 ERROR    Failed to process telemetry record: KeyError('sm_utilization') (records_manager.py:336)
NoneType: None
02:27:08.361 ERROR    Failed to process telemetry record: KeyError('sm_utilization') (records_manager.py:336)
NoneType: None
02:27:08.362 ERROR    Failed to process telemetry record: KeyError('sm_utilization') (records_manager.py:336)
NoneType: None
02:27:08.719 ERROR    Failed to process telemetry record: KeyError('sm_utilization') (records_manager.py:336)
NoneType: None
02:27:08.720 ERROR    Failed to process telemetry record: KeyError('sm_utilization') (records_manager.py:336)
NoneType: None
02:27:09.076 ERROR    Failed to process telemetry record: KeyError('sm_utilization') (records_manager.py:336)
NoneType: None
02:27:09.076 ERROR    Failed to process telemetry record: KeyError('sm_utilization') (records_manager.py:336)
NoneType: None
02:27:09.430 ERROR    Failed to process telemetry record: KeyError('sm_utilization') (records_manager.py:336)
NoneType: None
02:27:09.431 ERROR    Failed to process telemetry record: KeyError('sm_utilization') (records_manager.py:336)
NoneType: None
02:27:09.794 ERROR    Failed to process telemetry record: KeyError('sm_utilization') (records_manager.py:336)
NoneType: None
02:27:09.794 ERROR    Failed to process telemetry record: KeyError('sm_utilization') (records_manager.py:336)
NoneType: None
02:27:10.161 ERROR    Failed to process telemetry record: KeyError('sm_utilization') (records_manager.py:336)
NoneType: None
02:27:10.161 ERROR    Failed to process telemetry record: KeyError('sm_utilization') (records_manager.py:336)
NoneType: None
02:27:10.514 ERROR    Failed to process telemetry record: KeyError('sm_utilization') (records_manager.py:336)
NoneType: None
02:27:10.515 ERROR    Failed to process telemetry record: KeyError('sm_utilization') (records_manager.py:336)
NoneType: None
02:27:10.873 ERROR    Failed to process telemetry record: KeyError('sm_utilization') (records_manager.py:336)
NoneType: None
02:27:10.874 ERROR    Failed to process telemetry record: KeyError('sm_utilization') (records_manager.py:336)
NoneType: None
02:27:11.232 ERROR    Failed to process telemetry record: KeyError('sm_utilization') (records_manager.py:336)
NoneType: None
02:27:11.233 ERROR    Failed to process telemetry record: KeyError('sm_utilization') (records_manager.py:336)
NoneType: None
02:27:11.592 ERROR    Failed to process telemetry record: KeyError('sm_utilization') (records_manager.py:336)
NoneType: None
02:27:11.593 ERROR    Failed to process telemetry record: KeyError('sm_utilization') (records_manager.py:336)
NoneType: None
02:27:11.948 ERROR    Failed to process telemetry record: KeyError('sm_utilization') (records_manager.py:336)
NoneType: None
02:27:11.948 ERROR    Failed to process telemetry record: KeyError('sm_utilization') (records_manager.py:336)
NoneType: None
02:27:12.312 ERROR    Failed to process telemetry record: KeyError('sm_utilization') (records_manager.py:336)
NoneType: None
02:27:12.313 ERROR    Failed to process telemetry record: KeyError('sm_utilization') (records_manager.py:336)
NoneType: None
02:27:12.673 ERROR    Failed to process telemetry record: KeyError('sm_utilization') (records_manager.py:336)
NoneType: None
02:27:12.674 ERROR    Failed to process telemetry record: KeyError('sm_utilization') (records_manager.py:336)
NoneType: None
02:27:13.034 ERROR    Failed to process telemetry record: KeyError('sm_utilization') (records_manager.py:336)
NoneType: None
02:27:13.035 ERROR    Failed to process telemetry record: KeyError('sm_utilization') (records_manager.py:336)
NoneType: None
02:27:13.389 ERROR    Failed to process telemetry record: KeyError('sm_utilization') (records_manager.py:336)
NoneType: None
02:27:13.390 ERROR    Failed to process telemetry record: KeyError('sm_utilization') (records_manager.py:336)
NoneType: None
02:27:13.744 ERROR    Failed to process telemetry record: KeyError('sm_utilization') (records_manager.py:336)
NoneType: None
02:27:13.745 ERROR    Failed to process telemetry record: KeyError('sm_utilization') (records_manager.py:336)
NoneType: None
02:27:14.107 ERROR    Failed to process telemetry record: KeyError('sm_utilization') (records_manager.py:336)
NoneType: None
02:27:14.108 ERROR    Failed to process telemetry record: KeyError('sm_utilization') (records_manager.py:336)
NoneType: None
02:27:14.463 ERROR    Failed to process telemetry record: KeyError('sm_utilization') (records_manager.py:336)
NoneType: None
02:27:14.464 ERROR    Failed to process telemetry record: KeyError('sm_utilization') (records_manager.py:336)
NoneType: None
02:27:14.818 ERROR    Failed to process telemetry record: KeyError('sm_utilization') (records_manager.py:336)
NoneType: None
02:27:14.819 ERROR    Failed to process telemetry record: KeyError('sm_utilization') (records_manager.py:336)
NoneType: None
02:27:15.175 ERROR    Failed to process telemetry record: KeyError('sm_utilization') (records_manager.py:336)
NoneType: None
02:27:15.176 ERROR    Failed to process telemetry record: KeyError('sm_utilization') (records_manager.py:336)
NoneType: None
02:27:15.536 ERROR    Failed to process telemetry record: KeyError('sm_utilization') (records_manager.py:336)
NoneType: None
02:27:15.536 ERROR    Failed to process telemetry record: KeyError('sm_utilization') (records_manager.py:336)
NoneType: None
02:27:15.890 ERROR    Failed to process telemetry record: KeyError('sm_utilization') (records_manager.py:336)
NoneType: None
02:27:15.893 ERROR    Failed to process telemetry record: KeyError('sm_utilization') (records_manager.py:336)
NoneType: None
02:27:16.312 ERROR    Failed to process telemetry record: KeyError('sm_utilization') (records_manager.py:336)
NoneType: None
02:27:16.312 ERROR    Failed to process telemetry record: KeyError('sm_utilization') (records_manager.py:336)
NoneType: None
02:27:16.674 ERROR    Failed to process telemetry record: KeyError('sm_utilization') (records_manager.py:336)
NoneType: None
02:27:16.675 ERROR    Failed to process telemetry record: KeyError('sm_utilization') (records_manager.py:336)
NoneType: None
02:27:17.042 ERROR    Failed to process telemetry record: KeyError('sm_utilization') (records_manager.py:336)
NoneType: None
02:27:17.043 ERROR    Failed to process telemetry record: KeyError('sm_utilization') (records_manager.py:336)
NoneType: None
02:27:17.416 ERROR    Failed to process telemetry record: KeyError('sm_utilization') (records_manager.py:336)
NoneType: None
02:27:17.416 ERROR    Failed to process telemetry record: KeyError('sm_utilization') (records_manager.py:336)
NoneType: None
02:27:17.771 ERROR    Failed to process telemetry record: KeyError('sm_utilization') (records_manager.py:336)
NoneType: None
02:27:17.772 ERROR    Failed to process telemetry record: KeyError('sm_utilization') (records_manager.py:336)
NoneType: None
02:27:18.126 ERROR    Failed to process telemetry record: KeyError('sm_utilization') (records_manager.py:336)
NoneType: None
02:27:18.126 ERROR    Failed to process telemetry record: KeyError('sm_utilization') (records_manager.py:336)
NoneType: None
02:27:18.487 ERROR    Failed to process telemetry record: KeyError('sm_utilization') (records_manager.py:336)
NoneType: None
02:27:18.488 ERROR    Failed to process telemetry record: KeyError('sm_utilization') (records_manager.py:336)
NoneType: None
02:27:18.845 ERROR    Failed to process telemetry record: KeyError('sm_utilization') (records_manager.py:336)
NoneType: None
02:27:18.846 ERROR    Failed to process telemetry record: KeyError('sm_utilization') (records_manager.py:336)
NoneType: None
02:27:19.204 ERROR    Failed to process telemetry record: KeyError('sm_utilization') (records_manager.py:336)
NoneType: None
02:27:19.205 ERROR    Failed to process telemetry record: KeyError('sm_utilization') (records_manager.py:336)
NoneType: None
02:27:19.561 ERROR    Failed to process telemetry record: KeyError('sm_utilization') (records_manager.py:336)
NoneType: None
02:27:19.562 ERROR    Failed to process telemetry record: KeyError('sm_utilization') (records_manager.py:336)
NoneType: None
02:27:19.928 ERROR    Failed to process telemetry record: KeyError('sm_utilization') (records_manager.py:336)
NoneType: None
02:27:19.928 ERROR    Failed to process telemetry record: KeyError('sm_utilization') (records_manager.py:336)
NoneType: None
02:27:20.291 ERROR    Failed to process telemetry record: KeyError('sm_utilization') (records_manager.py:336)
NoneType: None
02:27:20.292 ERROR    Failed to process telemetry record: KeyError('sm_utilization') (records_manager.py:336)
NoneType: None
02:27:20.651 ERROR    Failed to process telemetry record: KeyError('sm_utilization') (records_manager.py:336)
NoneType: None
02:27:20.652 ERROR    Failed to process telemetry record: KeyError('sm_utilization') (records_manager.py:336)
NoneType: None
02:27:21.014 ERROR    Failed to process telemetry record: KeyError('sm_utilization') (records_manager.py:336)
NoneType: None
02:27:21.015 ERROR    Failed to process telemetry record: KeyError('sm_utilization') (records_manager.py:336)
NoneType: None
02:27:21.372 ERROR    Failed to process telemetry record: KeyError('sm_utilization') (records_manager.py:336)
NoneType: None
02:27:21.373 ERROR    Failed to process telemetry record: KeyError('sm_utilization') (records_manager.py:336)
NoneType: None
02:27:21.729 ERROR    Failed to process telemetry record: KeyError('sm_utilization') (records_manager.py:336)
NoneType: None
02:27:21.730 ERROR    Failed to process telemetry record: KeyError('sm_utilization') (records_manager.py:336)
NoneType: None
02:27:22.088 ERROR    Failed to process telemetry record: KeyError('sm_utilization') (records_manager.py:336)
NoneType: None
02:27:22.088 ERROR    Failed to process telemetry record: KeyError('sm_utilization') (records_manager.py:336)
NoneType: None
02:27:22.448 ERROR    Failed to process telemetry record: KeyError('sm_utilization') (records_manager.py:336)
NoneType: None
02:27:22.449 ERROR    Failed to process telemetry record: KeyError('sm_utilization') (records_manager.py:336)
NoneType: None
02:27:22.814 ERROR    Failed to process telemetry record: KeyError('sm_utilization') (records_manager.py:336)
NoneType: None
02:27:22.815 ERROR    Failed to process telemetry record: KeyError('sm_utilization') (records_manager.py:336)
NoneType: None
02:27:23.171 ERROR    Failed to process telemetry record: KeyError('sm_utilization') (records_manager.py:336)
NoneType: None
02:27:23.172 ERROR    Failed to process telemetry record: KeyError('sm_utilization') (records_manager.py:336)
NoneType: None
02:27:23.532 ERROR    Failed to process telemetry record: KeyError('sm_utilization') (records_manager.py:336)
NoneType: None
02:27:23.533 ERROR    Failed to process telemetry record: KeyError('sm_utilization') (records_manager.py:336)
NoneType: None
02:27:23.900 ERROR    Failed to process telemetry record: KeyError('sm_utilization') (records_manager.py:336)
NoneType: None
02:27:23.901 ERROR    Failed to process telemetry record: KeyError('sm_utilization') (records_manager.py:336)
NoneType: None
02:27:24.260 ERROR    Failed to process telemetry record: KeyError('sm_utilization') (records_manager.py:336)
NoneType: None
02:27:24.265 ERROR    Failed to process telemetry record: KeyError('sm_utilization') (records_manager.py:336)
NoneType: None
02:27:24.626 ERROR    Failed to process telemetry record: KeyError('sm_utilization') (records_manager.py:336)
NoneType: None
02:27:24.627 ERROR    Failed to process telemetry record: KeyError('sm_utilization') (records_manager.py:336)
NoneType: None
02:27:24.985 ERROR    Failed to process telemetry record: KeyError('sm_utilization') (records_manager.py:336)
NoneType: None
02:27:24.986 ERROR    Failed to process telemetry record: KeyError('sm_utilization') (records_manager.py:336)
NoneType: None
02:27:25.339 ERROR    Failed to process telemetry record: KeyError('sm_utilization') (records_manager.py:336)
NoneType: None
02:27:25.340 ERROR    Failed to process telemetry record: KeyError('sm_utilization') (records_manager.py:336)
NoneType: None
02:27:25.694 ERROR    Failed to process telemetry record: KeyError('sm_utilization') (records_manager.py:336)
NoneType: None
02:27:25.695 ERROR    Failed to process telemetry record: KeyError('sm_utilization') (records_manager.py:336)
NoneType: None
02:27:26.051 ERROR    Failed to process telemetry record: KeyError('sm_utilization') (records_manager.py:336)
NoneType: None
02:27:26.052 ERROR    Failed to process telemetry record: KeyError('sm_utilization') (records_manager.py:336)
NoneType: None
02:27:26.413 ERROR    Failed to process telemetry record: KeyError('sm_utilization') (records_manager.py:336)
NoneType: None
02:27:26.414 ERROR    Failed to process telemetry record: KeyError('sm_utilization') (records_manager.py:336)
NoneType: None
02:27:26.770 ERROR    Failed to process telemetry record: KeyError('sm_utilization') (records_manager.py:336)
NoneType: None
02:27:26.771 ERROR    Failed to process telemetry record: KeyError('sm_utilization') (records_manager.py:336)
NoneType: None
02:27:27.127 ERROR    Failed to process telemetry record: KeyError('sm_utilization') (records_manager.py:336)
NoneType: None
02:27:27.128 ERROR    Failed to process telemetry record: KeyError('sm_utilization') (records_manager.py:336)
NoneType: None
02:27:27.482 ERROR    Failed to process telemetry record: KeyError('sm_utilization') (records_manager.py:336)
NoneType: None
02:27:27.483 ERROR    Failed to process telemetry record: KeyError('sm_utilization') (records_manager.py:336)
NoneType: None
02:27:27.839 ERROR    Failed to process telemetry record: KeyError('sm_utilization') (records_manager.py:336)
NoneType: None
02:27:27.840 ERROR    Failed to process telemetry record: KeyError('sm_utilization') (records_manager.py:336)
NoneType: None
02:27:28.198 ERROR    Failed to process telemetry record: KeyError('sm_utilization') (records_manager.py:336)
NoneType: None
02:27:28.198 ERROR    Failed to process telemetry record: KeyError('sm_utilization') (records_manager.py:336)
NoneType: None
02:27:28.556 ERROR    Failed to process telemetry record: KeyError('sm_utilization') (records_manager.py:336)
NoneType: None
02:27:28.556 ERROR    Failed to process telemetry record: KeyError('sm_utilization') (records_manager.py:336)
NoneType: None
02:27:28.923 ERROR    Failed to process telemetry record: KeyError('sm_utilization') (records_manager.py:336)
NoneType: None
02:27:28.927 ERROR    Failed to process telemetry record: KeyError('sm_utilization') (records_manager.py:336)
NoneType: None
02:27:29.278 ERROR    Failed to process telemetry record: KeyError('sm_utilization') (records_manager.py:336)
NoneType: None
02:27:29.280 ERROR    Failed to process telemetry record: KeyError('sm_utilization') (records_manager.py:336)
NoneType: None
02:27:29.641 ERROR    Failed to process telemetry record: KeyError('sm_utilization') (records_manager.py:336)
NoneType: None
02:27:29.641 ERROR    Failed to process telemetry record: KeyError('sm_utilization') (records_manager.py:336)
NoneType: None
02:27:30.001 ERROR    Failed to process telemetry record: KeyError('sm_utilization') (records_manager.py:336)
NoneType: None
02:27:30.004 ERROR    Failed to process telemetry record: KeyError('sm_utilization') (records_manager.py:336)
NoneType: None
02:27:30.359 ERROR    Failed to process telemetry record: KeyError('sm_utilization') (records_manager.py:336)
NoneType: None
02:27:30.360 ERROR    Failed to process telemetry record: KeyError('sm_utilization') (records_manager.py:336)
NoneType: None
02:27:30.722 ERROR    Failed to process telemetry record: KeyError('sm_utilization') (records_manager.py:336)
NoneType: None
02:27:30.723 ERROR    Failed to process telemetry record: KeyError('sm_utilization') (records_manager.py:336)
NoneType: None
02:27:31.078 ERROR    Failed to process telemetry record: KeyError('sm_utilization') (records_manager.py:336)
NoneType: None
02:27:31.079 ERROR    Failed to process telemetry record: KeyError('sm_utilization') (records_manager.py:336)
NoneType: None
02:27:31.434 ERROR    Failed to process telemetry record: KeyError('sm_utilization') (records_manager.py:336)
NoneType: None
02:27:31.435 ERROR    Failed to process telemetry record: KeyError('sm_utilization') (records_manager.py:336)
NoneType: None
02:27:31.793 ERROR    Failed to process telemetry record: KeyError('sm_utilization') (records_manager.py:336)
NoneType: None
02:27:31.796 ERROR    Failed to process telemetry record: KeyError('sm_utilization') (records_manager.py:336)
NoneType: None
02:27:32.151 ERROR    Failed to process telemetry record: KeyError('sm_utilization') (records_manager.py:336)
NoneType: None
02:27:32.151 ERROR    Failed to process telemetry record: KeyError('sm_utilization') (records_manager.py:336)
NoneType: None
02:27:32.511 ERROR    Failed to process telemetry record: KeyError('sm_utilization') (records_manager.py:336)
NoneType: None
02:27:32.512 ERROR    Failed to process telemetry record: KeyError('sm_utilization') (records_manager.py:336)
NoneType: None
02:27:32.871 ERROR    Failed to process telemetry record: KeyError('sm_utilization') (records_manager.py:336)
NoneType: None
02:27:32.872 ERROR    Failed to process telemetry record: KeyError('sm_utilization') (records_manager.py:336)
NoneType: None
02:27:33.228 ERROR    Failed to process telemetry record: KeyError('sm_utilization') (records_manager.py:336)
NoneType: None
02:27:33.229 ERROR    Failed to process telemetry record: KeyError('sm_utilization') (records_manager.py:336)
NoneType: None
02:27:33.584 ERROR    Failed to process telemetry record: KeyError('sm_utilization') (records_manager.py:336)
NoneType: None
02:27:33.584 ERROR    Failed to process telemetry record: KeyError('sm_utilization') (records_manager.py:336)
NoneType: None
02:27:33.942 ERROR    Failed to process telemetry record: KeyError('sm_utilization') (records_manager.py:336)
NoneType: None
02:27:33.943 ERROR    Failed to process telemetry record: KeyError('sm_utilization') (records_manager.py:336)
NoneType: None
02:27:34.300 ERROR    Failed to process telemetry record: KeyError('sm_utilization') (records_manager.py:336)
NoneType: None
02:27:34.314 ERROR    Failed to process telemetry record: KeyError('sm_utilization') (records_manager.py:336)
NoneType: None
02:27:34.656 ERROR    Failed to process telemetry record: KeyError('sm_utilization') (records_manager.py:336)
NoneType: None
02:27:34.657 ERROR    Failed to process telemetry record: KeyError('sm_utilization') (records_manager.py:336)
NoneType: None
02:27:35.018 ERROR    Failed to process telemetry record: KeyError('sm_utilization') (records_manager.py:336)
NoneType: None
02:27:35.018 ERROR    Failed to process telemetry record: KeyError('sm_utilization') (records_manager.py:336)
NoneType: None
02:27:35.378 ERROR    Failed to process telemetry record: KeyError('sm_utilization') (records_manager.py:336)
NoneType: None
02:27:35.379 ERROR    Failed to process telemetry record: KeyError('sm_utilization') (records_manager.py:336)
NoneType: None
02:27:35.740 ERROR    Failed to process telemetry record: KeyError('sm_utilization') (records_manager.py:336)
NoneType: None
02:27:35.741 ERROR    Failed to process telemetry record: KeyError('sm_utilization') (records_manager.py:336)
NoneType: None
02:27:36.100 ERROR    Failed to process telemetry record: KeyError('sm_utilization') (records_manager.py:336)
NoneType: None
02:27:36.101 ERROR    Failed to process telemetry record: KeyError('sm_utilization') (records_manager.py:336)
NoneType: None
02:27:36.454 ERROR    Failed to process telemetry record: KeyError('sm_utilization') (records_manager.py:336)
NoneType: None
02:27:36.455 ERROR    Failed to process telemetry record: KeyError('sm_utilization') (records_manager.py:336)
NoneType: None
02:27:36.811 ERROR    Failed to process telemetry record: KeyError('sm_utilization') (records_manager.py:336)
NoneType: None
02:27:36.811 ERROR    Failed to process telemetry record: KeyError('sm_utilization') (records_manager.py:336)
NoneType: None
02:27:37.168 ERROR    Failed to process telemetry record: KeyError('sm_utilization') (records_manager.py:336)
NoneType: None
02:27:37.169 ERROR    Failed to process telemetry record: KeyError('sm_utilization') (records_manager.py:336)
NoneType: None
02:27:37.537 ERROR    Failed to process telemetry record: KeyError('sm_utilization') (records_manager.py:336)
NoneType: None
02:27:37.538 ERROR    Failed to process telemetry record: KeyError('sm_utilization') (records_manager.py:336)
NoneType: None
02:27:37.899 ERROR    Failed to process telemetry record: KeyError('sm_utilization') (records_manager.py:336)
NoneType: None
02:27:37.900 ERROR    Failed to process telemetry record: KeyError('sm_utilization') (records_manager.py:336)
NoneType: None
02:27:38.254 ERROR    Failed to process telemetry record: KeyError('sm_utilization') (records_manager.py:336)
NoneType: None
02:27:38.255 ERROR    Failed to process telemetry record: KeyError('sm_utilization') (records_manager.py:336)
NoneType: None
02:27:38.610 ERROR    Failed to process telemetry record: KeyError('sm_utilization') (records_manager.py:336)
NoneType: None
02:27:38.611 ERROR    Failed to process telemetry record: KeyError('sm_utilization') (records_manager.py:336)
NoneType: None
02:27:38.970 ERROR    Failed to process telemetry record: KeyError('sm_utilization') (records_manager.py:336)
NoneType: None
02:27:38.971 ERROR    Failed to process telemetry record: KeyError('sm_utilization') (records_manager.py:336)
NoneType: None
02:27:39.338 ERROR    Failed to process telemetry record: KeyError('sm_utilization') (records_manager.py:336)
NoneType: None
02:27:39.338 ERROR    Failed to process telemetry record: KeyError('sm_utilization') (records_manager.py:336)
NoneType: None
02:27:39.699 ERROR    Failed to process telemetry record: KeyError('sm_utilization') (records_manager.py:336)
NoneType: None
02:27:39.700 ERROR    Failed to process telemetry record: KeyError('sm_utilization') (records_manager.py:336)
NoneType: None
02:27:40.056 ERROR    Failed to process telemetry record: KeyError('sm_utilization') (records_manager.py:336)
NoneType: None
02:27:40.057 ERROR    Failed to process telemetry record: KeyError('sm_utilization') (records_manager.py:336)
NoneType: None
02:27:40.412 ERROR    Failed to process telemetry record: KeyError('sm_utilization') (records_manager.py:336)
NoneType: None
02:27:40.413 ERROR    Failed to process telemetry record: KeyError('sm_utilization') (records_manager.py:336)
NoneType: None
02:27:40.775 ERROR    Failed to process telemetry record: KeyError('sm_utilization') (records_manager.py:336)
NoneType: None
02:27:40.776 ERROR    Failed to process telemetry record: KeyError('sm_utilization') (records_manager.py:336)
NoneType: None
02:27:41.143 ERROR    Failed to process telemetry record: KeyError('sm_utilization') (records_manager.py:336)
NoneType: None
02:27:41.144 ERROR    Failed to process telemetry record: KeyError('sm_utilization') (records_manager.py:336)
NoneType: None
02:27:41.508 ERROR    Failed to process telemetry record: KeyError('sm_utilization') (records_manager.py:336)
NoneType: None
02:27:41.508 ERROR    Failed to process telemetry record: KeyError('sm_utilization') (records_manager.py:336)
NoneType: None
02:27:41.867 ERROR    Failed to process telemetry record: KeyError('sm_utilization') (records_manager.py:336)
NoneType: None
02:27:41.868 ERROR    Failed to process telemetry record: KeyError('sm_utilization') (records_manager.py:336)
NoneType: None
02:27:42.227 ERROR    Failed to process telemetry record: KeyError('sm_utilization') (records_manager.py:336)
NoneType: None
02:27:42.227 ERROR    Failed to process telemetry record: KeyError('sm_utilization') (records_manager.py:336)
NoneType: None
02:27:42.583 ERROR    Failed to process telemetry record: KeyError('sm_utilization') (records_manager.py:336)
NoneType: None
02:27:42.584 ERROR    Failed to process telemetry record: KeyError('sm_utilization') (records_manager.py:336)
NoneType: None
02:27:42.939 ERROR    Failed to process telemetry record: KeyError('sm_utilization') (records_manager.py:336)
NoneType: None
02:27:42.939 ERROR    Failed to process telemetry record: KeyError('sm_utilization') (records_manager.py:336)
NoneType: None
02:27:43.301 ERROR    Failed to process telemetry record: KeyError('sm_utilization') (records_manager.py:336)
NoneType: None
02:27:43.302 ERROR    Failed to process telemetry record: KeyError('sm_utilization') (records_manager.py:336)
NoneType: None
02:27:43.656 ERROR    Failed to process telemetry record: KeyError('sm_utilization') (records_manager.py:336)
NoneType: None
02:27:43.657 ERROR    Failed to process telemetry record: KeyError('sm_utilization') (records_manager.py:336)
NoneType: None
02:27:44.011 ERROR    Failed to process telemetry record: KeyError('sm_utilization') (records_manager.py:336)
NoneType: None
02:27:44.012 ERROR    Failed to process telemetry record: KeyError('sm_utilization') (records_manager.py:336)
NoneType: None
02:27:44.368 ERROR    Failed to process telemetry record: KeyError('sm_utilization') (records_manager.py:336)
NoneType: None
02:27:44.369 ERROR    Failed to process telemetry record: KeyError('sm_utilization') (records_manager.py:336)
NoneType: None
02:27:44.738 ERROR    Failed to process telemetry record: KeyError('sm_utilization') (records_manager.py:336)
NoneType: None
02:27:44.739 ERROR    Failed to process telemetry record: KeyError('sm_utilization') (records_manager.py:336)
NoneType: None
02:27:45.102 ERROR    Failed to process telemetry record: KeyError('sm_utilization') (records_manager.py:336)
NoneType: None
02:27:45.103 ERROR    Failed to process telemetry record: KeyError('sm_utilization') (records_manager.py:336)
NoneType: None
02:27:45.456 ERROR    Failed to process telemetry record: KeyError('sm_utilization') (records_manager.py:336)
NoneType: None
02:27:45.457 ERROR    Failed to process telemetry record: KeyError('sm_utilization') (records_manager.py:336)
NoneType: None
02:27:45.816 ERROR    Failed to process telemetry record: KeyError('sm_utilization') (records_manager.py:336)
NoneType: None
02:27:45.817 ERROR    Failed to process telemetry record: KeyError('sm_utilization') (records_manager.py:336)
NoneType: None
02:27:46.173 ERROR    Failed to process telemetry record: KeyError('sm_utilization') (records_manager.py:336)
NoneType: None
02:27:46.173 ERROR    Failed to process telemetry record: KeyError('sm_utilization') (records_manager.py:336)
NoneType: None
02:27:46.543 ERROR    Failed to process telemetry record: KeyError('sm_utilization') (records_manager.py:336)
NoneType: None
02:27:46.543 ERROR    Failed to process telemetry record: KeyError('sm_utilization') (records_manager.py:336)
NoneType: None
02:27:46.909 ERROR    Failed to process telemetry record: KeyError('sm_utilization') (records_manager.py:336)
NoneType: None
02:27:46.909 ERROR    Failed to process telemetry record: KeyError('sm_utilization') (records_manager.py:336)
NoneType: None
02:27:47.266 ERROR    Failed to process telemetry record: KeyError('sm_utilization') (records_manager.py:336)
NoneType: None
02:27:47.267 ERROR    Failed to process telemetry record: KeyError('sm_utilization') (records_manager.py:336)
NoneType: None
02:27:47.632 ERROR    Failed to process telemetry record: KeyError('sm_utilization') (records_manager.py:336)
NoneType: None
02:27:47.633 ERROR    Failed to process telemetry record: KeyError('sm_utilization') (records_manager.py:336)
NoneType: None
02:27:47.989 ERROR    Failed to process telemetry record: KeyError('sm_utilization') (records_manager.py:336)
NoneType: None
02:27:47.990 ERROR    Failed to process telemetry record: KeyError('sm_utilization') (records_manager.py:336)
NoneType: None
02:27:48.350 ERROR    Failed to process telemetry record: KeyError('sm_utilization') (records_manager.py:336)
NoneType: None
02:27:48.351 ERROR    Failed to process telemetry record: KeyError('sm_utilization') (records_manager.py:336)
NoneType: None
02:27:48.710 ERROR    Failed to process telemetry record: KeyError('sm_utilization') (records_manager.py:336)
NoneType: None
02:27:48.711 ERROR    Failed to process telemetry record: KeyError('sm_utilization') (records_manager.py:336)
NoneType: None
02:27:49.064 ERROR    Failed to process telemetry record: KeyError('sm_utilization') (records_manager.py:336)
NoneType: None
02:27:49.065 ERROR    Failed to process telemetry record: KeyError('sm_utilization') (records_manager.py:336)
NoneType: None
02:27:49.425 ERROR    Failed to process telemetry record: KeyError('sm_utilization') (records_manager.py:336)
NoneType: None
02:27:49.426 ERROR    Failed to process telemetry record: KeyError('sm_utilization') (records_manager.py:336)
NoneType: None
02:27:49.782 ERROR    Failed to process telemetry record: KeyError('sm_utilization') (records_manager.py:336)
NoneType: None
02:27:49.782 ERROR    Failed to process telemetry record: KeyError('sm_utilization') (records_manager.py:336)
NoneType: None
02:27:50.141 ERROR    Failed to process telemetry record: KeyError('sm_utilization') (records_manager.py:336)
NoneType: None
02:27:50.141 ERROR    Failed to process telemetry record: KeyError('sm_utilization') (records_manager.py:336)
NoneType: None
02:27:50.500 ERROR    Failed to process telemetry record: KeyError('sm_utilization') (records_manager.py:336)
NoneType: None
02:27:50.500 ERROR    Failed to process telemetry record: KeyError('sm_utilization') (records_manager.py:336)
NoneType: None
02:27:50.859 ERROR    Failed to process telemetry record: KeyError('sm_utilization') (records_manager.py:336)
NoneType: None
02:27:50.859 ERROR    Failed to process telemetry record: KeyError('sm_utilization') (records_manager.py:336)
NoneType: None
02:27:51.215 ERROR    Failed to process telemetry record: KeyError('sm_utilization') (records_manager.py:336)
NoneType: None
02:27:51.216 ERROR    Failed to process telemetry record: KeyError('sm_utilization') (records_manager.py:336)
NoneType: None
02:27:51.573 ERROR    Failed to process telemetry record: KeyError('sm_utilization') (records_manager.py:336)
NoneType: None
02:27:51.574 ERROR    Failed to process telemetry record: KeyError('sm_utilization') (records_manager.py:336)
NoneType: None
02:27:51.933 ERROR    Failed to process telemetry record: KeyError('sm_utilization') (records_manager.py:336)
NoneType: None
02:27:51.933 ERROR    Failed to process telemetry record: KeyError('sm_utilization') (records_manager.py:336)
NoneType: None
02:27:52.288 ERROR    Failed to process telemetry record: KeyError('sm_utilization') (records_manager.py:336)
NoneType: None
02:27:52.288 ERROR    Failed to process telemetry record: KeyError('sm_utilization') (records_manager.py:336)
NoneType: None
02:27:52.644 ERROR    Failed to process telemetry record: KeyError('sm_utilization') (records_manager.py:336)
NoneType: None
02:27:52.644 ERROR    Failed to process telemetry record: KeyError('sm_utilization') (records_manager.py:336)
NoneType: None
02:27:53.004 ERROR    Failed to process telemetry record: KeyError('sm_utilization') (records_manager.py:336)
NoneType: None
02:27:53.004 ERROR    Failed to process telemetry record: KeyError('sm_utilization') (records_manager.py:336)
NoneType: None
02:27:53.359 ERROR    Failed to process telemetry record: KeyError('sm_utilization') (records_manager.py:336)
NoneType: None
02:27:53.360 ERROR    Failed to process telemetry record: KeyError('sm_utilization') (records_manager.py:336)
NoneType: None
02:27:53.713 ERROR    Failed to process telemetry record: KeyError('sm_utilization') (records_manager.py:336)
NoneType: None
02:27:53.714 ERROR    Failed to process telemetry record: KeyError('sm_utilization') (records_manager.py:336)
NoneType: None
02:27:54.071 ERROR    Failed to process telemetry record: KeyError('sm_utilization') (records_manager.py:336)
NoneType: None
02:27:54.071 ERROR    Failed to process telemetry record: KeyError('sm_utilization') (records_manager.py:336)
NoneType: None
02:27:54.436 ERROR    Failed to process telemetry record: KeyError('sm_utilization') (records_manager.py:336)
NoneType: None
02:27:54.436 ERROR    Failed to process telemetry record: KeyError('sm_utilization') (records_manager.py:336)
NoneType: None
02:27:54.795 ERROR    Failed to process telemetry record: KeyError('sm_utilization') (records_manager.py:336)
NoneType: None
02:27:54.798 ERROR    Failed to process telemetry record: KeyError('sm_utilization') (records_manager.py:336)
NoneType: None
02:27:55.151 ERROR    Failed to process telemetry record: KeyError('sm_utilization') (records_manager.py:336)
NoneType: None
02:27:55.152 ERROR    Failed to process telemetry record: KeyError('sm_utilization') (records_manager.py:336)
NoneType: None
02:27:55.509 ERROR    Failed to process telemetry record: KeyError('sm_utilization') (records_manager.py:336)
NoneType: None
02:27:55.510 ERROR    Failed to process telemetry record: KeyError('sm_utilization') (records_manager.py:336)
NoneType: None
02:27:55.868 ERROR    Failed to process telemetry record: KeyError('sm_utilization') (records_manager.py:336)
NoneType: None
02:27:55.869 ERROR    Failed to process telemetry record: KeyError('sm_utilization') (records_manager.py:336)
NoneType: None
02:27:56.228 ERROR    Failed to process telemetry record: KeyError('sm_utilization') (records_manager.py:336)
NoneType: None
02:27:56.229 ERROR    Failed to process telemetry record: KeyError('sm_utilization') (records_manager.py:336)
NoneType: None
02:27:56.587 ERROR    Failed to process telemetry record: KeyError('sm_utilization') (records_manager.py:336)
NoneType: None
02:27:56.587 ERROR    Failed to process telemetry record: KeyError('sm_utilization') (records_manager.py:336)
NoneType: None
02:27:56.947 ERROR    Failed to process telemetry record: KeyError('sm_utilization') (records_manager.py:336)
NoneType: None
02:27:56.948 ERROR    Failed to process telemetry record: KeyError('sm_utilization') (records_manager.py:336)
NoneType: None
02:27:57.306 ERROR    Failed to process telemetry record: KeyError('sm_utilization') (records_manager.py:336)
NoneType: None
02:27:57.307 ERROR    Failed to process telemetry record: KeyError('sm_utilization') (records_manager.py:336)
NoneType: None
02:27:57.660 ERROR    Failed to process telemetry record: KeyError('sm_utilization') (records_manager.py:336)
NoneType: None
02:27:57.662 ERROR    Failed to process telemetry record: KeyError('sm_utilization') (records_manager.py:336)
NoneType: None
02:27:58.016 ERROR    Failed to process telemetry record: KeyError('sm_utilization') (records_manager.py:336)
NoneType: None
02:27:58.017 ERROR    Failed to process telemetry record: KeyError('sm_utilization') (records_manager.py:336)
NoneType: None
02:27:58.379 ERROR    Failed to process telemetry record: KeyError('sm_utilization') (records_manager.py:336)
NoneType: None
02:27:58.379 ERROR    Failed to process telemetry record: KeyError('sm_utilization') (records_manager.py:336)
NoneType: None
02:27:58.743 ERROR    Failed to process telemetry record: KeyError('sm_utilization') (records_manager.py:336)
NoneType: None
02:27:58.744 ERROR    Failed to process telemetry record: KeyError('sm_utilization') (records_manager.py:336)
NoneType: None
02:27:59.100 ERROR    Failed to process telemetry record: KeyError('sm_utilization') (records_manager.py:336)
NoneType: None
02:27:59.101 ERROR    Failed to process telemetry record: KeyError('sm_utilization') (records_manager.py:336)
NoneType: None
02:27:59.457 ERROR    Failed to process telemetry record: KeyError('sm_utilization') (records_manager.py:336)
NoneType: None
02:27:59.458 ERROR    Failed to process telemetry record: KeyError('sm_utilization') (records_manager.py:336)
NoneType: None
02:27:59.815 ERROR    Failed to process telemetry record: KeyError('sm_utilization') (records_manager.py:336)
NoneType: None
02:27:59.816 ERROR    Failed to process telemetry record: KeyError('sm_utilization') (records_manager.py:336)
NoneType: None
02:28:00.172 ERROR    Failed to process telemetry record: KeyError('sm_utilization') (records_manager.py:336)
NoneType: None
02:28:00.172 ERROR    Failed to process telemetry record: KeyError('sm_utilization') (records_manager.py:336)
NoneType: None
02:28:00.530 ERROR    Failed to process telemetry record: KeyError('sm_utilization') (records_manager.py:336)
NoneType: None
02:28:00.531 ERROR    Failed to process telemetry record: KeyError('sm_utilization') (records_manager.py:336)
NoneType: None
02:28:00.885 ERROR    Failed to process telemetry record: KeyError('sm_utilization') (records_manager.py:336)
NoneType: None
02:28:00.886 ERROR    Failed to process telemetry record: KeyError('sm_utilization') (records_manager.py:336)
NoneType: None
02:28:01.244 ERROR    Failed to process telemetry record: KeyError('sm_utilization') (records_manager.py:336)
NoneType: None
02:28:01.244 ERROR    Failed to process telemetry record: KeyError('sm_utilization') (records_manager.py:336)
NoneType: None
02:28:01.603 ERROR    Failed to process telemetry record: KeyError('sm_utilization') (records_manager.py:336)
NoneType: None
02:28:01.604 ERROR    Failed to process telemetry record: KeyError('sm_utilization') (records_manager.py:336)
NoneType: None
02:28:01.964 ERROR    Failed to process telemetry record: KeyError('sm_utilization') (records_manager.py:336)
NoneType: None
02:28:01.964 ERROR    Failed to process telemetry record: KeyError('sm_utilization') (records_manager.py:336)
NoneType: None
02:28:02.323 ERROR    Failed to process telemetry record: KeyError('sm_utilization') (records_manager.py:336)
NoneType: None
02:28:02.323 ERROR    Failed to process telemetry record: KeyError('sm_utilization') (records_manager.py:336)
NoneType: None
02:28:02.689 ERROR    Failed to process telemetry record: KeyError('sm_utilization') (records_manager.py:336)
NoneType: None
02:28:02.690 ERROR    Failed to process telemetry record: KeyError('sm_utilization') (records_manager.py:336)
NoneType: None
02:28:03.054 ERROR    Failed to process telemetry record: KeyError('sm_utilization') (records_manager.py:336)
NoneType: None
02:28:03.054 ERROR    Failed to process telemetry record: KeyError('sm_utilization') (records_manager.py:336)
NoneType: None
02:28:03.412 ERROR    Failed to process telemetry record: KeyError('sm_utilization') (records_manager.py:336)
NoneType: None
02:28:03.413 ERROR    Failed to process telemetry record: KeyError('sm_utilization') (records_manager.py:336)
NoneType: None
02:28:03.767 ERROR    Failed to process telemetry record: KeyError('sm_utilization') (records_manager.py:336)
NoneType: None
02:28:03.767 ERROR    Failed to process telemetry record: KeyError('sm_utilization') (records_manager.py:336)
NoneType: None
02:28:04.128 ERROR    Failed to process telemetry record: KeyError('sm_utilization') (records_manager.py:336)
NoneType: None
02:28:04.129 ERROR    Failed to process telemetry record: KeyError('sm_utilization') (records_manager.py:336)
NoneType: None
02:28:04.483 ERROR    Failed to process telemetry record: KeyError('sm_utilization') (records_manager.py:336)
NoneType: None
02:28:04.486 ERROR    Failed to process telemetry record: KeyError('sm_utilization') (records_manager.py:336)
NoneType: None
02:28:04.840 ERROR    Failed to process telemetry record: KeyError('sm_utilization') (records_manager.py:336)
NoneType: None
02:28:04.841 ERROR    Failed to process telemetry record: KeyError('sm_utilization') (records_manager.py:336)
NoneType: None
02:28:05.200 ERROR    Failed to process telemetry record: KeyError('sm_utilization') (records_manager.py:336)
NoneType: None
02:28:05.200 ERROR    Failed to process telemetry record: KeyError('sm_utilization') (records_manager.py:336)
NoneType: None
02:28:05.557 ERROR    Failed to process telemetry record: KeyError('sm_utilization') (records_manager.py:336)
NoneType: None
02:28:05.561 ERROR    Failed to process telemetry record: KeyError('sm_utilization') (records_manager.py:336)
NoneType: None
02:28:05.918 ERROR    Failed to process telemetry record: KeyError('sm_utilization') (records_manager.py:336)
NoneType: None
02:28:05.919 ERROR    Failed to process telemetry record: KeyError('sm_utilization') (records_manager.py:336)
NoneType: None
02:28:06.273 ERROR    Failed to process telemetry record: KeyError('sm_utilization') (records_manager.py:336)
NoneType: None
02:28:06.273 ERROR    Failed to process telemetry record: KeyError('sm_utilization') (records_manager.py:336)
NoneType: None
02:28:06.641 ERROR    Failed to process telemetry record: KeyError('sm_utilization') (records_manager.py:336)
NoneType: None
02:28:06.642 ERROR    Failed to process telemetry record: KeyError('sm_utilization') (records_manager.py:336)
NoneType: None
02:28:07.004 ERROR    Failed to process telemetry record: KeyError('sm_utilization') (records_manager.py:336)
NoneType: None
02:28:07.005 ERROR    Failed to process telemetry record: KeyError('sm_utilization') (records_manager.py:336)
NoneType: None
02:28:07.359 ERROR    Failed to process telemetry record: KeyError('sm_utilization') (records_manager.py:336)
NoneType: None
02:28:07.359 ERROR    Failed to process telemetry record: KeyError('sm_utilization') (records_manager.py:336)
NoneType: None
02:28:07.716 ERROR    Failed to process telemetry record: KeyError('sm_utilization') (records_manager.py:336)
NoneType: None
02:28:07.717 ERROR    Failed to process telemetry record: KeyError('sm_utilization') (records_manager.py:336)
NoneType: None
02:28:08.077 ERROR    Failed to process telemetry record: KeyError('sm_utilization') (records_manager.py:336)
NoneType: None
02:28:08.078 ERROR    Failed to process telemetry record: KeyError('sm_utilization') (records_manager.py:336)
NoneType: None
02:28:08.450 ERROR    Failed to process telemetry record: KeyError('sm_utilization') (records_manager.py:336)
NoneType: None
02:28:08.451 ERROR    Failed to process telemetry record: KeyError('sm_utilization') (records_manager.py:336)
NoneType: None
02:28:08.811 ERROR    Failed to process telemetry record: KeyError('sm_utilization') (records_manager.py:336)
NoneType: None
02:28:08.812 ERROR    Failed to process telemetry record: KeyError('sm_utilization') (records_manager.py:336)
NoneType: None
02:28:09.170 ERROR    Failed to process telemetry record: KeyError('sm_utilization') (records_manager.py:336)
NoneType: None
02:28:09.171 ERROR    Failed to process telemetry record: KeyError('sm_utilization') (records_manager.py:336)
NoneType: None
02:28:09.530 ERROR    Failed to process telemetry record: KeyError('sm_utilization') (records_manager.py:336)
NoneType: None
02:28:09.530 ERROR    Failed to process telemetry record: KeyError('sm_utilization') (records_manager.py:336)
NoneType: None
02:28:09.888 ERROR    Failed to process telemetry record: KeyError('sm_utilization') (records_manager.py:336)
NoneType: None
02:28:09.889 ERROR    Failed to process telemetry record: KeyError('sm_utilization') (records_manager.py:336)
NoneType: None
02:28:10.246 ERROR    Failed to process telemetry record: KeyError('sm_utilization') (records_manager.py:336)
NoneType: None
02:28:10.247 ERROR    Failed to process telemetry record: KeyError('sm_utilization') (records_manager.py:336)
NoneType: None
02:28:10.603 ERROR    Failed to process telemetry record: KeyError('sm_utilization') (records_manager.py:336)
NoneType: None
02:28:10.604 ERROR    Failed to process telemetry record: KeyError('sm_utilization') (records_manager.py:336)
NoneType: None
02:28:10.964 ERROR    Failed to process telemetry record: KeyError('sm_utilization') (records_manager.py:336)
NoneType: None
02:28:10.964 ERROR    Failed to process telemetry record: KeyError('sm_utilization') (records_manager.py:336)
NoneType: None
02:28:11.319 ERROR    Failed to process telemetry record: KeyError('sm_utilization') (records_manager.py:336)
NoneType: None
02:28:11.320 ERROR    Failed to process telemetry record: KeyError('sm_utilization') (records_manager.py:336)
NoneType: None
02:28:11.680 ERROR    Failed to process telemetry record: KeyError('sm_utilization') (records_manager.py:336)
NoneType: None
02:28:11.681 ERROR    Failed to process telemetry record: KeyError('sm_utilization') (records_manager.py:336)
NoneType: None
02:28:12.041 ERROR    Failed to process telemetry record: KeyError('sm_utilization') (records_manager.py:336)
NoneType: None
02:28:12.042 ERROR    Failed to process telemetry record: KeyError('sm_utilization') (records_manager.py:336)
NoneType: None
02:28:12.402 ERROR    Failed to process telemetry record: KeyError('sm_utilization') (records_manager.py:336)
NoneType: None
02:28:12.402 ERROR    Failed to process telemetry record: KeyError('sm_utilization') (records_manager.py:336)
NoneType: None
02:28:12.764 ERROR    Failed to process telemetry record: KeyError('sm_utilization') (records_manager.py:336)
NoneType: None
02:28:12.765 ERROR    Failed to process telemetry record: KeyError('sm_utilization') (records_manager.py:336)
NoneType: None
02:28:13.123 ERROR    Failed to process telemetry record: KeyError('sm_utilization') (records_manager.py:336)
NoneType: None
02:28:13.123 ERROR    Failed to process telemetry record: KeyError('sm_utilization') (records_manager.py:336)
NoneType: None
02:28:13.483 ERROR    Failed to process telemetry record: KeyError('sm_utilization') (records_manager.py:336)
NoneType: None
02:28:13.483 ERROR    Failed to process telemetry record: KeyError('sm_utilization') (records_manager.py:336)
NoneType: None
02:28:13.851 ERROR    Failed to process telemetry record: KeyError('sm_utilization') (records_manager.py:336)
NoneType: None
02:28:13.852 ERROR    Failed to process telemetry record: KeyError('sm_utilization') (records_manager.py:336)
NoneType: None
02:28:14.212 ERROR    Failed to process telemetry record: KeyError('sm_utilization') (records_manager.py:336)
NoneType: None
02:28:14.214 ERROR    Failed to process telemetry record: KeyError('sm_utilization') (records_manager.py:336)
NoneType: None
02:28:14.572 ERROR    Failed to process telemetry record: KeyError('sm_utilization') (records_manager.py:336)
NoneType: None
02:28:14.573 ERROR    Failed to process telemetry record: KeyError('sm_utilization') (records_manager.py:336)
NoneType: None
02:28:14.938 ERROR    Failed to process telemetry record: KeyError('sm_utilization') (records_manager.py:336)
NoneType: None
02:28:14.938 ERROR    Failed to process telemetry record: KeyError('sm_utilization') (records_manager.py:336)
NoneType: None
02:28:15.298 ERROR    Failed to process telemetry record: KeyError('sm_utilization') (records_manager.py:336)
NoneType: None
02:28:15.299 ERROR    Failed to process telemetry record: KeyError('sm_utilization') (records_manager.py:336)
NoneType: None
02:28:15.655 ERROR    Failed to process telemetry record: KeyError('sm_utilization') (records_manager.py:336)
NoneType: None
02:28:15.656 ERROR    Failed to process telemetry record: KeyError('sm_utilization') (records_manager.py:336)
NoneType: None
02:28:15.849 NOTICE   Phase profiling sending complete | sent=12, completed=8, in_flight=4 | sessions: sent=12, completed=8 (runner.py:466)
02:28:15.851 INFO     Sent 12 requests. Waiting for all to complete... (records_manager.py:377)
02:28:16.010 ERROR    Failed to process telemetry record: KeyError('sm_utilization') (records_manager.py:336)
NoneType: None
02:28:16.014 ERROR    Failed to process telemetry record: KeyError('sm_utilization') (records_manager.py:336)
NoneType: None
02:28:16.364 ERROR    Failed to process telemetry record: KeyError('sm_utilization') (records_manager.py:336)
NoneType: None
02:28:16.365 ERROR    Failed to process telemetry record: KeyError('sm_utilization') (records_manager.py:336)
NoneType: None
02:28:16.719 ERROR    Failed to process telemetry record: KeyError('sm_utilization') (records_manager.py:336)
NoneType: None
02:28:16.720 ERROR    Failed to process telemetry record: KeyError('sm_utilization') (records_manager.py:336)
NoneType: None
02:28:17.075 ERROR    Failed to process telemetry record: KeyError('sm_utilization') (records_manager.py:336)
NoneType: None
02:28:17.077 ERROR    Failed to process telemetry record: KeyError('sm_utilization') (records_manager.py:336)
NoneType: None
02:28:17.436 ERROR    Failed to process telemetry record: KeyError('sm_utilization') (records_manager.py:336)
NoneType: None
02:28:17.437 ERROR    Failed to process telemetry record: KeyError('sm_utilization') (records_manager.py:336)
NoneType: None
02:28:17.796 ERROR    Failed to process telemetry record: KeyError('sm_utilization') (records_manager.py:336)
NoneType: None
02:28:17.797 ERROR    Failed to process telemetry record: KeyError('sm_utilization') (records_manager.py:336)
NoneType: None
02:28:18.153 ERROR    Failed to process telemetry record: KeyError('sm_utilization') (records_manager.py:336)
NoneType: None
02:28:18.154 ERROR    Failed to process telemetry record: KeyError('sm_utilization') (records_manager.py:336)
NoneType: None
02:28:18.509 ERROR    Failed to process telemetry record: KeyError('sm_utilization') (records_manager.py:336)
NoneType: None
02:28:18.510 ERROR    Failed to process telemetry record: KeyError('sm_utilization') (records_manager.py:336)
NoneType: None
02:28:18.863 ERROR    Failed to process telemetry record: KeyError('sm_utilization') (records_manager.py:336)
NoneType: None
02:28:18.864 ERROR    Failed to process telemetry record: KeyError('sm_utilization') (records_manager.py:336)
NoneType: None
02:28:19.225 ERROR    Failed to process telemetry record: KeyError('sm_utilization') (records_manager.py:336)
NoneType: None
02:28:19.226 ERROR    Failed to process telemetry record: KeyError('sm_utilization') (records_manager.py:336)
NoneType: None
02:28:19.586 ERROR    Failed to process telemetry record: KeyError('sm_utilization') (records_manager.py:336)
NoneType: None
02:28:19.587 ERROR    Failed to process telemetry record: KeyError('sm_utilization') (records_manager.py:336)
NoneType: None
02:28:19.950 ERROR    Failed to process telemetry record: KeyError('sm_utilization') (records_manager.py:336)
NoneType: None
02:28:19.951 ERROR    Failed to process telemetry record: KeyError('sm_utilization') (records_manager.py:336)
NoneType: None
02:28:20.305 ERROR    Failed to process telemetry record: KeyError('sm_utilization') (records_manager.py:336)
NoneType: None
02:28:20.306 ERROR    Failed to process telemetry record: KeyError('sm_utilization') (records_manager.py:336)
NoneType: None
02:28:20.660 ERROR    Failed to process telemetry record: KeyError('sm_utilization') (records_manager.py:336)
NoneType: None
02:28:20.661 ERROR    Failed to process telemetry record: KeyError('sm_utilization') (records_manager.py:336)
NoneType: None
02:28:21.018 ERROR    Failed to process telemetry record: KeyError('sm_utilization') (records_manager.py:336)
NoneType: None
02:28:21.019 ERROR    Failed to process telemetry record: KeyError('sm_utilization') (records_manager.py:336)
NoneType: None
02:28:21.378 ERROR    Failed to process telemetry record: KeyError('sm_utilization') (records_manager.py:336)
NoneType: None
02:28:21.379 ERROR    Failed to process telemetry record: KeyError('sm_utilization') (records_manager.py:336)
NoneType: None
02:28:21.736 ERROR    Failed to process telemetry record: KeyError('sm_utilization') (records_manager.py:336)
NoneType: None
02:28:21.737 ERROR    Failed to process telemetry record: KeyError('sm_utilization') (records_manager.py:336)
NoneType: None
02:28:22.093 ERROR    Failed to process telemetry record: KeyError('sm_utilization') (records_manager.py:336)
NoneType: None
02:28:22.094 ERROR    Failed to process telemetry record: KeyError('sm_utilization') (records_manager.py:336)
NoneType: None
02:28:22.449 ERROR    Failed to process telemetry record: KeyError('sm_utilization') (records_manager.py:336)
NoneType: None
02:28:22.450 ERROR    Failed to process telemetry record: KeyError('sm_utilization') (records_manager.py:336)
NoneType: None
02:28:22.808 ERROR    Failed to process telemetry record: KeyError('sm_utilization') (records_manager.py:336)
NoneType: None
02:28:22.809 ERROR    Failed to process telemetry record: KeyError('sm_utilization') (records_manager.py:336)
NoneType: None
02:28:23.171 ERROR    Failed to process telemetry record: KeyError('sm_utilization') (records_manager.py:336)
NoneType: None
02:28:23.172 ERROR    Failed to process telemetry record: KeyError('sm_utilization') (records_manager.py:336)
NoneType: None
02:28:23.527 ERROR    Failed to process telemetry record: KeyError('sm_utilization') (records_manager.py:336)
NoneType: None
02:28:23.531 ERROR    Failed to process telemetry record: KeyError('sm_utilization') (records_manager.py:336)
NoneType: None
02:28:23.885 ERROR    Failed to process telemetry record: KeyError('sm_utilization') (records_manager.py:336)
NoneType: None
02:28:23.888 ERROR    Failed to process telemetry record: KeyError('sm_utilization') (records_manager.py:336)
NoneType: None
02:28:24.249 ERROR    Failed to process telemetry record: KeyError('sm_utilization') (records_manager.py:336)
NoneType: None
02:28:24.250 ERROR    Failed to process telemetry record: KeyError('sm_utilization') (records_manager.py:336)
NoneType: None
02:28:24.607 ERROR    Failed to process telemetry record: KeyError('sm_utilization') (records_manager.py:336)
NoneType: None
02:28:24.608 ERROR    Failed to process telemetry record: KeyError('sm_utilization') (records_manager.py:336)
NoneType: None
02:28:24.967 ERROR    Failed to process telemetry record: KeyError('sm_utilization') (records_manager.py:336)
NoneType: None
02:28:24.967 ERROR    Failed to process telemetry record: KeyError('sm_utilization') (records_manager.py:336)
NoneType: None
02:28:25.321 ERROR    Failed to process telemetry record: KeyError('sm_utilization') (records_manager.py:336)
NoneType: None
02:28:25.322 ERROR    Failed to process telemetry record: KeyError('sm_utilization') (records_manager.py:336)
NoneType: None
02:28:25.680 ERROR    Failed to process telemetry record: KeyError('sm_utilization') (records_manager.py:336)
NoneType: None
02:28:25.681 ERROR    Failed to process telemetry record: KeyError('sm_utilization') (records_manager.py:336)
NoneType: None
02:28:26.039 ERROR    Failed to process telemetry record: KeyError('sm_utilization') (records_manager.py:336)
NoneType: None
02:28:26.040 ERROR    Failed to process telemetry record: KeyError('sm_utilization') (records_manager.py:336)
NoneType: None
02:28:26.400 ERROR    Failed to process telemetry record: KeyError('sm_utilization') (records_manager.py:336)
NoneType: None
02:28:26.400 ERROR    Failed to process telemetry record: KeyError('sm_utilization') (records_manager.py:336)
NoneType: None
02:28:26.755 ERROR    Failed to process telemetry record: KeyError('sm_utilization') (records_manager.py:336)
NoneType: None
02:28:26.756 ERROR    Failed to process telemetry record: KeyError('sm_utilization') (records_manager.py:336)
NoneType: None
02:28:27.110 ERROR    Failed to process telemetry record: KeyError('sm_utilization') (records_manager.py:336)
NoneType: None
02:28:27.111 ERROR    Failed to process telemetry record: KeyError('sm_utilization') (records_manager.py:336)
NoneType: None
02:28:27.467 ERROR    Failed to process telemetry record: KeyError('sm_utilization') (records_manager.py:336)
NoneType: None
02:28:27.468 ERROR    Failed to process telemetry record: KeyError('sm_utilization') (records_manager.py:336)
NoneType: None
02:28:27.826 ERROR    Failed to process telemetry record: KeyError('sm_utilization') (records_manager.py:336)
NoneType: None
02:28:27.826 ERROR    Failed to process telemetry record: KeyError('sm_utilization') (records_manager.py:336)
NoneType: None
02:28:28.182 ERROR    Failed to process telemetry record: KeyError('sm_utilization') (records_manager.py:336)
NoneType: None
02:28:28.182 ERROR    Failed to process telemetry record: KeyError('sm_utilization') (records_manager.py:336)
NoneType: None
02:28:28.544 ERROR    Failed to process telemetry record: KeyError('sm_utilization') (records_manager.py:336)
NoneType: None
02:28:28.545 ERROR    Failed to process telemetry record: KeyError('sm_utilization') (records_manager.py:336)
NoneType: None
02:28:28.903 ERROR    Failed to process telemetry record: KeyError('sm_utilization') (records_manager.py:336)
NoneType: None
02:28:28.904 ERROR    Failed to process telemetry record: KeyError('sm_utilization') (records_manager.py:336)
NoneType: None
02:28:29.260 ERROR    Failed to process telemetry record: KeyError('sm_utilization') (records_manager.py:336)
NoneType: None
02:28:29.260 ERROR    Failed to process telemetry record: KeyError('sm_utilization') (records_manager.py:336)
NoneType: None
02:28:29.618 ERROR    Failed to process telemetry record: KeyError('sm_utilization') (records_manager.py:336)
NoneType: None
02:28:29.619 ERROR    Failed to process telemetry record: KeyError('sm_utilization') (records_manager.py:336)
NoneType: None
02:28:29.972 ERROR    Failed to process telemetry record: KeyError('sm_utilization') (records_manager.py:336)
NoneType: None
02:28:29.973 ERROR    Failed to process telemetry record: KeyError('sm_utilization') (records_manager.py:336)
NoneType: None
02:28:30.335 ERROR    Failed to process telemetry record: KeyError('sm_utilization') (records_manager.py:336)
NoneType: None
02:28:30.335 ERROR    Failed to process telemetry record: KeyError('sm_utilization') (records_manager.py:336)
NoneType: None
02:28:30.696 ERROR    Failed to process telemetry record: KeyError('sm_utilization') (records_manager.py:336)
NoneType: None
02:28:30.696 ERROR    Failed to process telemetry record: KeyError('sm_utilization') (records_manager.py:336)
NoneType: None
02:28:31.055 ERROR    Failed to process telemetry record: KeyError('sm_utilization') (records_manager.py:336)
NoneType: None
02:28:31.056 ERROR    Failed to process telemetry record: KeyError('sm_utilization') (records_manager.py:336)
NoneType: None
02:28:31.415 ERROR    Failed to process telemetry record: KeyError('sm_utilization') (records_manager.py:336)
NoneType: None
02:28:31.415 ERROR    Failed to process telemetry record: KeyError('sm_utilization') (records_manager.py:336)
NoneType: None
02:28:31.769 ERROR    Failed to process telemetry record: KeyError('sm_utilization') (records_manager.py:336)
NoneType: None
02:28:31.769 ERROR    Failed to process telemetry record: KeyError('sm_utilization') (records_manager.py:336)
NoneType: None
02:28:32.125 ERROR    Failed to process telemetry record: KeyError('sm_utilization') (records_manager.py:336)
NoneType: None
02:28:32.126 ERROR    Failed to process telemetry record: KeyError('sm_utilization') (records_manager.py:336)
NoneType: None
02:28:32.483 ERROR    Failed to process telemetry record: KeyError('sm_utilization') (records_manager.py:336)
NoneType: None
02:28:32.484 ERROR    Failed to process telemetry record: KeyError('sm_utilization') (records_manager.py:336)
NoneType: None
02:28:32.858 ERROR    Failed to process telemetry record: KeyError('sm_utilization') (records_manager.py:336)
NoneType: None
02:28:32.859 ERROR    Failed to process telemetry record: KeyError('sm_utilization') (records_manager.py:336)
NoneType: None
02:28:33.218 ERROR    Failed to process telemetry record: KeyError('sm_utilization') (records_manager.py:336)
NoneType: None
02:28:33.218 ERROR    Failed to process telemetry record: KeyError('sm_utilization') (records_manager.py:336)
NoneType: None
02:28:33.572 ERROR    Failed to process telemetry record: KeyError('sm_utilization') (records_manager.py:336)
NoneType: None
02:28:33.572 ERROR    Failed to process telemetry record: KeyError('sm_utilization') (records_manager.py:336)
NoneType: None
02:28:33.927 ERROR    Failed to process telemetry record: KeyError('sm_utilization') (records_manager.py:336)
NoneType: None
02:28:33.928 ERROR    Failed to process telemetry record: KeyError('sm_utilization') (records_manager.py:336)
NoneType: None
02:28:34.288 ERROR    Failed to process telemetry record: KeyError('sm_utilization') (records_manager.py:336)
NoneType: None
02:28:34.289 ERROR    Failed to process telemetry record: KeyError('sm_utilization') (records_manager.py:336)
NoneType: None
02:28:34.658 ERROR    Failed to process telemetry record: KeyError('sm_utilization') (records_manager.py:336)
NoneType: None
02:28:34.659 ERROR    Failed to process telemetry record: KeyError('sm_utilization') (records_manager.py:336)
NoneType: None
02:28:35.018 ERROR    Failed to process telemetry record: KeyError('sm_utilization') (records_manager.py:336)
NoneType: None
02:28:35.019 ERROR    Failed to process telemetry record: KeyError('sm_utilization') (records_manager.py:336)
NoneType: None
02:28:35.373 ERROR    Failed to process telemetry record: KeyError('sm_utilization') (records_manager.py:336)
NoneType: None
02:28:35.373 ERROR    Failed to process telemetry record: KeyError('sm_utilization') (records_manager.py:336)
NoneType: None
02:28:35.733 ERROR    Failed to process telemetry record: KeyError('sm_utilization') (records_manager.py:336)
NoneType: None
02:28:35.733 ERROR    Failed to process telemetry record: KeyError('sm_utilization') (records_manager.py:336)
NoneType: None
02:28:36.089 ERROR    Failed to process telemetry record: KeyError('sm_utilization') (records_manager.py:336)
NoneType: None
02:28:36.090 ERROR    Failed to process telemetry record: KeyError('sm_utilization') (records_manager.py:336)
NoneType: None
02:28:36.458 ERROR    Failed to process telemetry record: KeyError('sm_utilization') (records_manager.py:336)
NoneType: None
02:28:36.458 ERROR    Failed to process telemetry record: KeyError('sm_utilization') (records_manager.py:336)
NoneType: None
02:28:36.817 ERROR    Failed to process telemetry record: KeyError('sm_utilization') (records_manager.py:336)
NoneType: None
02:28:36.818 ERROR    Failed to process telemetry record: KeyError('sm_utilization') (records_manager.py:336)
NoneType: None
02:28:37.174 ERROR    Failed to process telemetry record: KeyError('sm_utilization') (records_manager.py:336)
NoneType: None
02:28:37.175 ERROR    Failed to process telemetry record: KeyError('sm_utilization') (records_manager.py:336)
NoneType: None
02:28:37.530 ERROR    Failed to process telemetry record: KeyError('sm_utilization') (records_manager.py:336)
NoneType: None
02:28:37.531 ERROR    Failed to process telemetry record: KeyError('sm_utilization') (records_manager.py:336)
NoneType: None
02:28:37.887 ERROR    Failed to process telemetry record: KeyError('sm_utilization') (records_manager.py:336)
NoneType: None
02:28:37.893 ERROR    Failed to process telemetry record: KeyError('sm_utilization') (records_manager.py:336)
NoneType: None
02:28:38.261 ERROR    Failed to process telemetry record: KeyError('sm_utilization') (records_manager.py:336)
NoneType: None
02:28:38.262 ERROR    Failed to process telemetry record: KeyError('sm_utilization') (records_manager.py:336)
NoneType: None
02:28:38.622 ERROR    Failed to process telemetry record: KeyError('sm_utilization') (records_manager.py:336)
NoneType: None
02:28:38.623 ERROR    Failed to process telemetry record: KeyError('sm_utilization') (records_manager.py:336)
NoneType: None
02:28:38.978 ERROR    Failed to process telemetry record: KeyError('sm_utilization') (records_manager.py:336)
NoneType: None
02:28:38.979 ERROR    Failed to process telemetry record: KeyError('sm_utilization') (records_manager.py:336)
NoneType: None
02:28:39.335 ERROR    Failed to process telemetry record: KeyError('sm_utilization') (records_manager.py:336)
NoneType: None
02:28:39.335 ERROR    Failed to process telemetry record: KeyError('sm_utilization') (records_manager.py:336)
NoneType: None
02:28:39.694 ERROR    Failed to process telemetry record: KeyError('sm_utilization') (records_manager.py:336)
NoneType: None
02:28:39.695 ERROR    Failed to process telemetry record: KeyError('sm_utilization') (records_manager.py:336)
NoneType: None
02:28:40.052 ERROR    Failed to process telemetry record: KeyError('sm_utilization') (records_manager.py:336)
NoneType: None
02:28:40.053 ERROR    Failed to process telemetry record: KeyError('sm_utilization') (records_manager.py:336)
NoneType: None
02:28:40.410 ERROR    Failed to process telemetry record: KeyError('sm_utilization') (records_manager.py:336)
NoneType: None
02:28:40.410 ERROR    Failed to process telemetry record: KeyError('sm_utilization') (records_manager.py:336)
NoneType: None
02:28:40.768 ERROR    Failed to process telemetry record: KeyError('sm_utilization') (records_manager.py:336)
NoneType: None
02:28:40.769 ERROR    Failed to process telemetry record: KeyError('sm_utilization') (records_manager.py:336)
NoneType: None
02:28:41.127 ERROR    Failed to process telemetry record: KeyError('sm_utilization') (records_manager.py:336)
NoneType: None
02:28:41.128 ERROR    Failed to process telemetry record: KeyError('sm_utilization') (records_manager.py:336)
NoneType: None
02:28:41.482 ERROR    Failed to process telemetry record: KeyError('sm_utilization') (records_manager.py:336)
NoneType: None
02:28:41.483 ERROR    Failed to process telemetry record: KeyError('sm_utilization') (records_manager.py:336)
NoneType: None
02:28:41.851 ERROR    Failed to process telemetry record: KeyError('sm_utilization') (records_manager.py:336)
NoneType: None
02:28:41.852 ERROR    Failed to process telemetry record: KeyError('sm_utilization') (records_manager.py:336)
NoneType: None
02:28:42.209 ERROR    Failed to process telemetry record: KeyError('sm_utilization') (records_manager.py:336)
NoneType: None
02:28:42.210 ERROR    Failed to process telemetry record: KeyError('sm_utilization') (records_manager.py:336)
NoneType: None
02:28:42.570 ERROR    Failed to process telemetry record: KeyError('sm_utilization') (records_manager.py:336)
NoneType: None
02:28:42.570 ERROR    Failed to process telemetry record: KeyError('sm_utilization') (records_manager.py:336)
NoneType: None
02:28:42.924 ERROR    Failed to process telemetry record: KeyError('sm_utilization') (records_manager.py:336)
NoneType: None
02:28:42.929 ERROR    Failed to process telemetry record: KeyError('sm_utilization') (records_manager.py:336)
NoneType: None
02:28:43.279 ERROR    Failed to process telemetry record: KeyError('sm_utilization') (records_manager.py:336)
NoneType: None
02:28:43.280 ERROR    Failed to process telemetry record: KeyError('sm_utilization') (records_manager.py:336)
NoneType: None
02:28:43.643 ERROR    Failed to process telemetry record: KeyError('sm_utilization') (records_manager.py:336)
NoneType: None
02:28:43.644 ERROR    Failed to process telemetry record: KeyError('sm_utilization') (records_manager.py:336)
NoneType: None
02:28:44.009 ERROR    Failed to process telemetry record: KeyError('sm_utilization') (records_manager.py:336)
NoneType: None
02:28:44.010 ERROR    Failed to process telemetry record: KeyError('sm_utilization') (records_manager.py:336)
NoneType: None
02:28:44.370 ERROR    Failed to process telemetry record: KeyError('sm_utilization') (records_manager.py:336)
NoneType: None
02:28:44.370 ERROR    Failed to process telemetry record: KeyError('sm_utilization') (records_manager.py:336)
NoneType: None
02:28:44.729 ERROR    Failed to process telemetry record: KeyError('sm_utilization') (records_manager.py:336)
NoneType: None
02:28:44.730 ERROR    Failed to process telemetry record: KeyError('sm_utilization') (records_manager.py:336)
NoneType: None
02:28:45.084 ERROR    Failed to process telemetry record: KeyError('sm_utilization') (records_manager.py:336)
NoneType: None
02:28:45.084 ERROR    Failed to process telemetry record: KeyError('sm_utilization') (records_manager.py:336)
NoneType: None
02:28:45.443 ERROR    Failed to process telemetry record: KeyError('sm_utilization') (records_manager.py:336)
NoneType: None
02:28:45.443 ERROR    Failed to process telemetry record: KeyError('sm_utilization') (records_manager.py:336)
NoneType: None
02:28:45.799 ERROR    Failed to process telemetry record: KeyError('sm_utilization') (records_manager.py:336)
NoneType: None
02:28:45.800 ERROR    Failed to process telemetry record: KeyError('sm_utilization') (records_manager.py:336)
NoneType: None
02:28:46.156 ERROR    Failed to process telemetry record: KeyError('sm_utilization') (records_manager.py:336)
NoneType: None
02:28:46.156 ERROR    Failed to process telemetry record: KeyError('sm_utilization') (records_manager.py:336)
NoneType: None
02:28:46.514 ERROR    Failed to process telemetry record: KeyError('sm_utilization') (records_manager.py:336)
NoneType: None
02:28:46.515 ERROR    Failed to process telemetry record: KeyError('sm_utilization') (records_manager.py:336)
NoneType: None
02:28:46.873 ERROR    Failed to process telemetry record: KeyError('sm_utilization') (records_manager.py:336)
NoneType: None
02:28:46.874 ERROR    Failed to process telemetry record: KeyError('sm_utilization') (records_manager.py:336)
NoneType: None
02:28:47.229 ERROR    Failed to process telemetry record: KeyError('sm_utilization') (records_manager.py:336)
NoneType: None
02:28:47.230 ERROR    Failed to process telemetry record: KeyError('sm_utilization') (records_manager.py:336)
NoneType: None
02:28:47.584 ERROR    Failed to process telemetry record: KeyError('sm_utilization') (records_manager.py:336)
NoneType: None
02:28:47.585 ERROR    Failed to process telemetry record: KeyError('sm_utilization') (records_manager.py:336)
NoneType: None
02:28:47.942 ERROR    Failed to process telemetry record: KeyError('sm_utilization') (records_manager.py:336)
NoneType: None
02:28:47.942 ERROR    Failed to process telemetry record: KeyError('sm_utilization') (records_manager.py:336)
NoneType: None
02:28:48.329 ERROR    Failed to process telemetry record: KeyError('sm_utilization') (records_manager.py:336)
NoneType: None
02:28:48.329 ERROR    Failed to process telemetry record: KeyError('sm_utilization') (records_manager.py:336)
NoneType: None
02:28:48.688 ERROR    Failed to process telemetry record: KeyError('sm_utilization') (records_manager.py:336)
NoneType: None
02:28:48.688 ERROR    Failed to process telemetry record: KeyError('sm_utilization') (records_manager.py:336)
NoneType: None
02:28:49.048 ERROR    Failed to process telemetry record: KeyError('sm_utilization') (records_manager.py:336)
NoneType: None
02:28:49.049 ERROR    Failed to process telemetry record: KeyError('sm_utilization') (records_manager.py:336)
NoneType: None
02:28:49.403 ERROR    Failed to process telemetry record: KeyError('sm_utilization') (records_manager.py:336)
NoneType: None
02:28:49.404 ERROR    Failed to process telemetry record: KeyError('sm_utilization') (records_manager.py:336)
NoneType: None
02:28:49.764 ERROR    Failed to process telemetry record: KeyError('sm_utilization') (records_manager.py:336)
NoneType: None
02:28:49.765 ERROR    Failed to process telemetry record: KeyError('sm_utilization') (records_manager.py:336)
NoneType: None
02:28:50.121 ERROR    Failed to process telemetry record: KeyError('sm_utilization') (records_manager.py:336)
NoneType: None
02:28:50.122 ERROR    Failed to process telemetry record: KeyError('sm_utilization') (records_manager.py:336)
NoneType: None
02:28:50.476 ERROR    Failed to process telemetry record: KeyError('sm_utilization') (records_manager.py:336)
NoneType: None
02:28:50.479 ERROR    Failed to process telemetry record: KeyError('sm_utilization') (records_manager.py:336)
NoneType: None
02:28:50.833 ERROR    Failed to process telemetry record: KeyError('sm_utilization') (records_manager.py:336)
NoneType: None
02:28:50.834 ERROR    Failed to process telemetry record: KeyError('sm_utilization') (records_manager.py:336)
NoneType: None
02:28:51.192 ERROR    Failed to process telemetry record: KeyError('sm_utilization') (records_manager.py:336)
NoneType: None
02:28:51.192 ERROR    Failed to process telemetry record: KeyError('sm_utilization') (records_manager.py:336)
NoneType: None
02:28:51.556 ERROR    Failed to process telemetry record: KeyError('sm_utilization') (records_manager.py:336)
NoneType: None
02:28:51.557 ERROR    Failed to process telemetry record: KeyError('sm_utilization') (records_manager.py:336)
NoneType: None
02:28:51.916 ERROR    Failed to process telemetry record: KeyError('sm_utilization') (records_manager.py:336)
NoneType: None
02:28:51.916 ERROR    Failed to process telemetry record: KeyError('sm_utilization') (records_manager.py:336)
NoneType: None
02:28:52.272 ERROR    Failed to process telemetry record: KeyError('sm_utilization') (records_manager.py:336)
NoneType: None
02:28:52.273 ERROR    Failed to process telemetry record: KeyError('sm_utilization') (records_manager.py:336)
NoneType: None
02:28:52.632 ERROR    Failed to process telemetry record: KeyError('sm_utilization') (records_manager.py:336)
NoneType: None
02:28:52.633 ERROR    Failed to process telemetry record: KeyError('sm_utilization') (records_manager.py:336)
NoneType: None
02:28:52.988 ERROR    Failed to process telemetry record: KeyError('sm_utilization') (records_manager.py:336)
NoneType: None
02:28:52.988 ERROR    Failed to process telemetry record: KeyError('sm_utilization') (records_manager.py:336)
NoneType: None
02:28:53.345 ERROR    Failed to process telemetry record: KeyError('sm_utilization') (records_manager.py:336)
NoneType: None
02:28:53.346 ERROR    Failed to process telemetry record: KeyError('sm_utilization') (records_manager.py:336)
NoneType: None
02:28:53.705 ERROR    Failed to process telemetry record: KeyError('sm_utilization') (records_manager.py:336)
NoneType: None
02:28:53.707 ERROR    Failed to process telemetry record: KeyError('sm_utilization') (records_manager.py:336)
NoneType: None
02:28:54.060 ERROR    Failed to process telemetry record: KeyError('sm_utilization') (records_manager.py:336)
NoneType: None
02:28:54.061 ERROR    Failed to process telemetry record: KeyError('sm_utilization') (records_manager.py:336)
NoneType: None
02:28:54.415 ERROR    Failed to process telemetry record: KeyError('sm_utilization') (records_manager.py:336)
NoneType: None
02:28:54.416 ERROR    Failed to process telemetry record: KeyError('sm_utilization') (records_manager.py:336)
NoneType: None
02:28:54.773 ERROR    Failed to process telemetry record: KeyError('sm_utilization') (records_manager.py:336)
NoneType: None
02:28:54.774 ERROR    Failed to process telemetry record: KeyError('sm_utilization') (records_manager.py:336)
NoneType: None
02:28:55.137 ERROR    Failed to process telemetry record: KeyError('sm_utilization') (records_manager.py:336)
NoneType: None
02:28:55.137 ERROR    Failed to process telemetry record: KeyError('sm_utilization') (records_manager.py:336)
NoneType: None
02:28:55.492 ERROR    Failed to process telemetry record: KeyError('sm_utilization') (records_manager.py:336)
NoneType: None
02:28:55.493 ERROR    Failed to process telemetry record: KeyError('sm_utilization') (records_manager.py:336)
NoneType: None
02:28:55.854 ERROR    Failed to process telemetry record: KeyError('sm_utilization') (records_manager.py:336)
NoneType: None
02:28:55.855 ERROR    Failed to process telemetry record: KeyError('sm_utilization') (records_manager.py:336)
NoneType: None
02:28:56.214 ERROR    Failed to process telemetry record: KeyError('sm_utilization') (records_manager.py:336)
NoneType: None
02:28:56.215 ERROR    Failed to process telemetry record: KeyError('sm_utilization') (records_manager.py:336)
NoneType: None
02:28:56.579 ERROR    Failed to process telemetry record: KeyError('sm_utilization') (records_manager.py:336)
NoneType: None
02:28:56.580 ERROR    Failed to process telemetry record: KeyError('sm_utilization') (records_manager.py:336)
NoneType: None
02:28:56.937 ERROR    Failed to process telemetry record: KeyError('sm_utilization') (records_manager.py:336)
NoneType: None
02:28:56.938 ERROR    Failed to process telemetry record: KeyError('sm_utilization') (records_manager.py:336)
NoneType: None
02:28:57.293 ERROR    Failed to process telemetry record: KeyError('sm_utilization') (records_manager.py:336)
NoneType: None
02:28:57.294 ERROR    Failed to process telemetry record: KeyError('sm_utilization') (records_manager.py:336)
NoneType: None
02:28:57.658 ERROR    Failed to process telemetry record: KeyError('sm_utilization') (records_manager.py:336)
NoneType: None
02:28:57.658 ERROR    Failed to process telemetry record: KeyError('sm_utilization') (records_manager.py:336)
NoneType: None
02:28:58.020 ERROR    Failed to process telemetry record: KeyError('sm_utilization') (records_manager.py:336)
NoneType: None
02:28:58.021 ERROR    Failed to process telemetry record: KeyError('sm_utilization') (records_manager.py:336)
NoneType: None
02:28:58.374 ERROR    Failed to process telemetry record: KeyError('sm_utilization') (records_manager.py:336)
NoneType: None
02:28:58.375 ERROR    Failed to process telemetry record: KeyError('sm_utilization') (records_manager.py:336)
NoneType: None
02:28:58.730 ERROR    Failed to process telemetry record: KeyError('sm_utilization') (records_manager.py:336)
NoneType: None
02:28:58.731 ERROR    Failed to process telemetry record: KeyError('sm_utilization') (records_manager.py:336)
NoneType: None
02:28:59.091 ERROR    Failed to process telemetry record: KeyError('sm_utilization') (records_manager.py:336)
NoneType: None
02:28:59.096 ERROR    Failed to process telemetry record: KeyError('sm_utilization') (records_manager.py:336)
NoneType: None
02:28:59.447 ERROR    Failed to process telemetry record: KeyError('sm_utilization') (records_manager.py:336)
NoneType: None
02:28:59.448 ERROR    Failed to process telemetry record: KeyError('sm_utilization') (records_manager.py:336)
NoneType: None
02:28:59.806 ERROR    Failed to process telemetry record: KeyError('sm_utilization') (records_manager.py:336)
NoneType: None
02:28:59.807 ERROR    Failed to process telemetry record: KeyError('sm_utilization') (records_manager.py:336)
NoneType: None
02:29:00.165 ERROR    Failed to process telemetry record: KeyError('sm_utilization') (records_manager.py:336)
NoneType: None
02:29:00.166 ERROR    Failed to process telemetry record: KeyError('sm_utilization') (records_manager.py:336)
NoneType: None
02:29:00.524 ERROR    Failed to process telemetry record: KeyError('sm_utilization') (records_manager.py:336)
NoneType: None
02:29:00.524 ERROR    Failed to process telemetry record: KeyError('sm_utilization') (records_manager.py:336)
NoneType: None
02:29:00.890 ERROR    Failed to process telemetry record: KeyError('sm_utilization') (records_manager.py:336)
NoneType: None
02:29:00.891 ERROR    Failed to process telemetry record: KeyError('sm_utilization') (records_manager.py:336)
NoneType: None
02:29:01.256 ERROR    Failed to process telemetry record: KeyError('sm_utilization') (records_manager.py:336)
NoneType: None
02:29:01.257 ERROR    Failed to process telemetry record: KeyError('sm_utilization') (records_manager.py:336)
NoneType: None
02:29:01.614 ERROR    Failed to process telemetry record: KeyError('sm_utilization') (records_manager.py:336)
NoneType: None
02:29:01.615 ERROR    Failed to process telemetry record: KeyError('sm_utilization') (records_manager.py:336)
NoneType: None
02:29:01.970 ERROR    Failed to process telemetry record: KeyError('sm_utilization') (records_manager.py:336)
NoneType: None
02:29:01.971 ERROR    Failed to process telemetry record: KeyError('sm_utilization') (records_manager.py:336)
NoneType: None
02:29:02.327 ERROR    Failed to process telemetry record: KeyError('sm_utilization') (records_manager.py:336)
NoneType: None
02:29:02.328 ERROR    Failed to process telemetry record: KeyError('sm_utilization') (records_manager.py:336)
NoneType: None
02:29:02.686 ERROR    Failed to process telemetry record: KeyError('sm_utilization') (records_manager.py:336)
NoneType: None
02:29:02.687 ERROR    Failed to process telemetry record: KeyError('sm_utilization') (records_manager.py:336)
NoneType: None
02:29:03.052 ERROR    Failed to process telemetry record: KeyError('sm_utilization') (records_manager.py:336)
NoneType: None
02:29:03.053 ERROR    Failed to process telemetry record: KeyError('sm_utilization') (records_manager.py:336)
NoneType: None
02:29:03.411 ERROR    Failed to process telemetry record: KeyError('sm_utilization') (records_manager.py:336)
NoneType: None
02:29:03.412 ERROR    Failed to process telemetry record: KeyError('sm_utilization') (records_manager.py:336)
NoneType: None
02:29:03.778 ERROR    Failed to process telemetry record: KeyError('sm_utilization') (records_manager.py:336)
NoneType: None
02:29:03.778 ERROR    Failed to process telemetry record: KeyError('sm_utilization') (records_manager.py:336)
NoneType: None
02:29:04.138 ERROR    Failed to process telemetry record: KeyError('sm_utilization') (records_manager.py:336)
NoneType: None
02:29:04.139 ERROR    Failed to process telemetry record: KeyError('sm_utilization') (records_manager.py:336)
NoneType: None
02:29:04.494 ERROR    Failed to process telemetry record: KeyError('sm_utilization') (records_manager.py:336)
NoneType: None
02:29:04.495 ERROR    Failed to process telemetry record: KeyError('sm_utilization') (records_manager.py:336)
NoneType: None
02:29:04.641 NOTICE   Phase profiling complete | completed=12, cancelled=0, errors=0 | sessions: completed=12, cancelled=0 | elapsed=149.51s (runner.py:543)
02:29:04.642 NOTICE   All credits completed (phase_orchestrator.py:169)
02:29:04.643 INFO     Received CREDIT_PHASE_COMPLETE message, Phase complete: PhaseRecordsStats(phase=CreditPhase.PROFILING, start_ns=1777713995131020895, sent_end_ns=1777714095849307214, requests_end_ns=1777714144641567071, total_expected_requests=12, expected_duration_sec=None, expected_num_sessions=None, expected_grace_period_sec=None, final_requests_sent=None, final_requests_completed=12, final_requests_cancelled=0, final_request_errors=0, final_sent_sessions=None, final_completed_sessions=None, final_cancelled_sessions=None, timeout_triggered=False, grace_period_timeout_triggered=False, was_cancelled=False, records_end_ns=None, success_records=11, error_records=0) (records_manager.py:393)
02:29:04.643 INFO     Received credits complete from 'timing_manager' (system_controller.py:375)
02:29:04.643 NOTICE   All requests have completed, please wait for the results to be processed (currently 11 of 12 records processed)... (records_manager.py:396)
02:29:04.644 INFO     All credits complete, please wait for the results to be processed... (records_manager.py:411)
02:29:04.645 INFO     Processed 12 valid requests and 0 errors (12 total). (records_manager.py:244)
02:29:04.646 INFO     Received all records, processing now... (records_manager.py:248)
02:29:04.648 INFO     Waiting 2.0s for server metrics flush period... (records_manager.py:298)
02:29:04.648 INFO     GPU Telemetry: Profiling complete, capturing final metrics... (manager.py:368)
02:29:04.649 WARNING  GPU Telemetry: Failed to capture final state from pynvml://localhost: 'PyNVMLTelemetryCollector' object has no attribute 'collect_and_process_metrics' (manager.py:375)
02:29:06.642 INFO     Processing records results... (records_manager.py:558)
02:29:06.649 INFO     Waiting for telemetry results... (system_controller.py:671)
02:29:06.652 INFO     _finalize_and_process_results completed (records_manager.py:305)
02:29:06.653 INFO     All results received, initiating shutdown (system_controller.py:668)
02:29:07.258 INFO     Exporting all records (exporter_manager.py:60)
02:29:07.355 INFO     Exporting console data (exporter_manager.py:116)


                                                NVIDIA AIPerf | LLM Metrics                                                
┏━━━━━━━━━━━━━━━━━━━━━━━━━━━━━━━━━━━━━━┳━━━━━━━━━━━┳━━━━━━━━━━━┳━━━━━━━━━━━┳━━━━━━━━━━━┳━━━━━━━━━━━┳━━━━━━━━━━━┳━━━━━━━━━━┓
┃                               Metric ┃       avg ┃       min ┃       max ┃       p99 ┃       p90 ┃       p50 ┃      std ┃
┡━━━━━━━━━━━━━━━━━━━━━━━━━━━━━━━━━━━━━━╇━━━━━━━━━━━╇━━━━━━━━━━━╇━━━━━━━━━━━╇━━━━━━━━━━━╇━━━━━━━━━━━╇━━━━━━━━━━━╇━━━━━━━━━━┩
│                 Request Latency (ms) │ 48,686.95 │ 45,665.24 │ 55,041.66 │ 54,488.14 │ 49,975.82 │ 48,676.98 │ 2,373.94 │
│      Output Sequence Length (tokens) │    774.67 │    717.00 │    884.00 │    875.09 │    802.20 │    778.50 │    42.32 │
│       Input Sequence Length (tokens) │  1,427.17 │  1,427.00 │  1,428.00 │  1,428.00 │  1,427.90 │  1,427.00 │     0.37 │
│ Output Token Throughput (tokens/sec) │     62.18 │       N/A │       N/A │       N/A │       N/A │       N/A │      N/A │
│        Image Throughput (images/sec) │      0.02 │      0.02 │      0.02 │      0.02 │      0.02 │      0.02 │     0.00 │
│             Image Latency (ms/image) │ 48,686.95 │ 45,665.24 │ 55,041.66 │ 54,488.14 │ 49,975.82 │ 48,676.98 │ 2,373.94 │
│    Request Throughput (requests/sec) │      0.08 │       N/A │       N/A │       N/A │       N/A │       N/A │      N/A │
│             Request Count (requests) │     12.00 │       N/A │       N/A │       N/A │       N/A │       N/A │      N/A │
└──────────────────────────────────────┴───────────┴───────────┴───────────┴───────────┴───────────┴───────────┴──────────┘


       NVIDIA AIPerf | GPU Telemetry Summary        
            1/1 DCGM endpoints reachable            
                   • localhost ✔                    
                                                    
     localhost | GPU 0 | NVIDIA A100-SXM4-40GB      
┏━━━━━━━━┳━━━━━┳━━━━━┳━━━━━┳━━━━━┳━━━━━┳━━━━━┳━━━━━┓
┃ Metric ┃ avg ┃ min ┃ max ┃ p99 ┃ p90 ┃ p50 ┃ std ┃
┡━━━━━━━━╇━━━━━╇━━━━━╇━━━━━╇━━━━━╇━━━━━╇━━━━━╇━━━━━┩
└────────┴─────┴─────┴─────┴─────┴─────┴─────┴─────┘

     localhost | GPU 1 | NVIDIA A100-SXM4-40GB      
┏━━━━━━━━┳━━━━━┳━━━━━┳━━━━━┳━━━━━┳━━━━━┳━━━━━┳━━━━━┓
┃ Metric ┃ avg ┃ min ┃ max ┃ p99 ┃ p90 ┃ p50 ┃ std ┃
┡━━━━━━━━╇━━━━━╇━━━━━╇━━━━━╇━━━━━╇━━━━━╇━━━━━╇━━━━━┩
└────────┴─────┴─────┴─────┴─────┴─────┴─────┴─────┘

                       localhost | GPU 2 | NVIDIA A100-SXM4-40GB                        
┏━━━━━━━━━━━━━━━━━━━━━━━━━┳━━━━━━━━┳━━━━━━━┳━━━━━━━━┳━━━━━━━━┳━━━━━━━━┳━━━━━━━━┳━━━━━━━┓
┃                  Metric ┃    avg ┃   min ┃    max ┃    p99 ┃    p90 ┃    p50 ┃   std ┃
┡━━━━━━━━━━━━━━━━━━━━━━━━━╇━━━━━━━━╇━━━━━━━╇━━━━━━━━╇━━━━━━━━╇━━━━━━━━╇━━━━━━━━╇━━━━━━━┩
│     GPU Power Usage (W) │ 153.28 │ 70.14 │ 248.55 │ 241.83 │ 216.00 │ 142.14 │ 43.53 │
│ Energy Consumption (MJ) │   0.02 │   N/A │    N/A │    N/A │    N/A │    N/A │   N/A │
│     GPU Utilization (%) │  40.94 │  0.00 │  87.00 │  61.70 │  45.00 │  41.00 │  6.69 │
│    GPU Memory Used (GB) │  39.38 │ 39.15 │  39.38 │  39.38 │  39.38 │  39.38 │  0.02 │
│    GPU Temperature (°C) │  39.33 │ 33.00 │  41.00 │  41.00 │  40.00 │  40.00 │  1.19 │
│  Memory Utilization (%) │  27.95 │  0.00 │  48.00 │  44.00 │  33.00 │  27.00 │  5.36 │
│      SM Utilization (%) │  39.67 │ 26.00 │  45.00 │  45.00 │  42.00 │  40.00 │  3.08 │
│ Decoder Utilization (%) │   0.00 │  0.00 │   0.00 │   0.00 │   0.00 │   0.00 │  0.00 │
│ Encoder Utilization (%) │   0.00 │  0.00 │   0.00 │   0.00 │   0.00 │   0.00 │  0.00 │
│    JPEG Utilization (%) │   0.00 │  0.00 │   0.00 │   0.00 │   0.00 │   0.00 │  0.00 │
│    Power Violation (us) │   0.00 │   N/A │    N/A │    N/A │    N/A │    N/A │   N/A │
└─────────────────────────┴────────┴───────┴────────┴────────┴────────┴────────┴───────┘

                       localhost | GPU 3 | NVIDIA A100-SXM4-40GB                        
┏━━━━━━━━━━━━━━━━━━━━━━━━━┳━━━━━━━━┳━━━━━━━┳━━━━━━━━┳━━━━━━━━┳━━━━━━━━┳━━━━━━━━┳━━━━━━━┓
┃                  Metric ┃    avg ┃   min ┃    max ┃    p99 ┃    p90 ┃    p50 ┃   std ┃
┡━━━━━━━━━━━━━━━━━━━━━━━━━╇━━━━━━━━╇━━━━━━━╇━━━━━━━━╇━━━━━━━━╇━━━━━━━━╇━━━━━━━━╇━━━━━━━┩
│     GPU Power Usage (W) │ 158.86 │ 71.77 │ 254.21 │ 246.99 │ 226.60 │ 147.72 │ 44.49 │
│ Energy Consumption (MJ) │   0.02 │   N/A │    N/A │    N/A │    N/A │    N/A │   N/A │
│     GPU Utilization (%) │  43.11 │  0.00 │  91.00 │  74.85 │  47.00 │  43.00 │  7.77 │
│    GPU Memory Used (GB) │  37.90 │ 37.67 │  37.90 │  37.90 │  37.90 │  37.90 │  0.02 │
│    GPU Temperature (°C) │  36.56 │ 31.00 │  39.00 │  38.00 │  37.00 │  37.00 │  1.05 │
│  Memory Utilization (%) │  29.56 │  0.00 │  51.00 │  46.00 │  34.00 │  29.00 │  5.64 │
│      SM Utilization (%) │  41.88 │ 27.00 │  49.00 │  49.00 │  45.00 │  42.00 │  3.73 │
│ Decoder Utilization (%) │   0.00 │  0.00 │   0.00 │   0.00 │   0.00 │   0.00 │  0.00 │
│ Encoder Utilization (%) │   0.00 │  0.00 │   0.00 │   0.00 │   0.00 │   0.00 │  0.00 │
│    JPEG Utilization (%) │   0.00 │  0.00 │   0.00 │   0.00 │   0.00 │   0.00 │  0.00 │
│    Power Violation (us) │   0.00 │   N/A │    N/A │    N/A │    N/A │    N/A │   N/A │
└─────────────────────────┴────────┴───────┴────────┴────────┴────────┴────────┴───────┘

CLI Command: aiperf profile --model 'Qwen/Qwen2.5-VL-32B-Instruct' --url 'http://localhost:8000' --endpoint-type 'chat' --input-file 
'artifacts/p4/vision_medium_1img_1024/Qwen_Qwen2.5-VL-32B-Instruct-e-pd-native-vllm_concurrency4_20260502_021517/inputs.jsonl' 
--custom-dataset-type 'single_turn' --concurrency 4 --request-count 12 --warmup-request-count 10 --warmup-concurrency 1 
--use-server-token-count --gpu-telemetry 'pynvml' --server-metrics 'http://localhost:8000/metrics' --output-artifact-dir 
'artifacts/p4/vision_medium_1img_1024/Qwen_Qwen2.5-VL-32B-Instruct-e-pd-native-vllm_concurrency4_20260502_021517'
Benchmark Duration: 149.50 sec
CSV Export: 
/global/u2/k/krajeshk/PRISM/artifacts/p4/vision_medium_1img_1024/Qwen_Qwen2.5-VL-32B-Instruct-e-pd-native-vllm_concurrency4_20260502_021517/pro
file_export_aiperf.csv
JSON Export: 
/global/u2/k/krajeshk/PRISM/artifacts/p4/vision_medium_1img_1024/Qwen_Qwen2.5-VL-32B-Instruct-e-pd-native-vllm_concurrency4_20260502_021517/pro
file_export_aiperf.json
Log File: 
/global/u2/k/krajeshk/PRISM/artifacts/p4/vision_medium_1img_1024/Qwen_Qwen2.5-VL-32B-Instruct-e-pd-native-vllm_concurrency4_20260502_021517/log
s/aiperf.log

